dataset,system_id,system_formula_label,family_1,family_2,family_pair,data_points
Binary,smiles:FCC(F)(F)F || smiles:FCF,C2H2F4 / CH2F2,halogenated,halogenated,halogenated + halogenated,209
Binary,smiles:CCF || smiles:FCF,C2H5F / CH2F2,halogenated,halogenated,halogenated + halogenated,151
Binary,smiles:CCO || smiles:O,C2H6O / H2O,alcohol,water,alcohol + water,149
Binary,smiles:CC(F)F || smiles:CCCC,C2H4F2 / C4H10,halogenated,hydrocarbon,halogenated + hydrocarbon,147
Binary,smiles:O=C=O || smiles:[C-]#[O+],CO2 / CO,other,other,other + other,139
Binary,smiles:CCC || smiles:O=C=O,C3H8 / CO2,hydrocarbon,other,hydrocarbon + other,138
Binary,smiles:CCCCCCC || smiles:N#N,C7H16 / N2,hydrocarbon,other,hydrocarbon + other,136
Binary,smiles:O=C=O || smiles:[Ar],CO2 / Ar,other,other,other + other,133
Binary,smiles:CCCC || smiles:CCO,C4H10 / C2H6O,alcohol,hydrocarbon,alcohol + hydrocarbon,122
Binary,smiles:CCCCCCCCCCCO || smiles:O=C=O,C11H24O / CO2,alcohol,other,alcohol + other,120
Binary,smiles:CCC(C)Cl || smiles:CCCCCCC,C4H9Cl / C7H16,halogenated,hydrocarbon,halogenated + hydrocarbon,119
Binary,smiles:F/C=C/C(F)(F)F || smiles:FCF,C3H2F4 / CH2F2,halogenated,halogenated,halogenated + halogenated,116
Binary,smiles:C=C(F)C(F)(F)F || smiles:CCF,C3H2F4 / C2H5F,halogenated,halogenated,halogenated + halogenated,115
Binary,smiles:CC(C)O || smiles:O,C3H8O / H2O,alcohol,water,alcohol + water,115
Binary,smiles:CO || smiles:COC(=O)OC,CH4O / C3H6O3,alcohol,ester,alcohol + ester,114
Binary,smiles:CCCCCCC || smiles:CCCCCl,C7H16 / C4H9Cl,halogenated,hydrocarbon,halogenated + hydrocarbon,112
Binary,smiles:C1CCCCC1 || smiles:CCO,C6H12 / C2H6O,alcohol,hydrocarbon,alcohol + hydrocarbon,111
Binary,smiles:CCC || smiles:FC(F)F,C3H8 / CHF3,halogenated,hydrocarbon,halogenated + hydrocarbon,111
Binary,smiles:CC(C)CC(C)(C)C || smiles:CC(C)O,C8H18 / C3H8O,alcohol,hydrocarbon,alcohol + hydrocarbon,110
Binary,smiles:CC(C)=O || smiles:CO,C3H6O / CH4O,alcohol,ketone,alcohol + ketone,106
Binary,smiles:CCCCO || smiles:CCCOC(C)=O,C4H10O / C5H10O2,alcohol,ester,alcohol + ester,106
Binary,smiles:C=C(F)C(F)(F)F || smiles:FC(F)F,C3H2F4 / CHF3,halogenated,halogenated,halogenated + halogenated,100
Binary,smiles:C#CCCCC || smiles:CCCOC(C)=O,C6H10 / C5H10O2,ester,hydrocarbon,ester + hydrocarbon,99
Binary,smiles:CCCO || smiles:O,C3H8O / H2O,alcohol,water,alcohol + water,92
Binary,smiles:COC || smiles:FC(F)(F)C(F)(F)C(F)(F)C(F)(F)F,C2H6O / C4F10,ether,halogenated,ether + halogenated,92
Binary,smiles:C=CC || smiles:CCC,C3H6 / C3H8,hydrocarbon,hydrocarbon,hydrocarbon + hydrocarbon,90
Binary,smiles:CCC#CCC || smiles:CCCOC(C)=O,C6H10 / C5H10O2,ester,hydrocarbon,ester + hydrocarbon,88
Binary,smiles:CCCC || smiles:CO,C4H10 / CH4O,alcohol,hydrocarbon,alcohol + hydrocarbon,87
Binary,smiles:CC(C)=C(C)C || smiles:CO,C6H12 / CH4O,alcohol,hydrocarbon,alcohol + hydrocarbon,85
Binary,smiles:FC(F)(F)C(F)(F)C(F)(F)C(F)(F)C(F)(F)C(F)(F)F || smiles:O=C=O,C6F14 / CO2,halogenated,other,halogenated + other,84
Binary,smiles:FC(F)(F)C(F)(F)F || smiles:FCC(F)(F)F,C2F6 / C2H2F4,halogenated,halogenated,halogenated + halogenated,81
Binary,smiles:C=C || smiles:FC(F)Cl,C2H4 / CHClF2,halogenated,hydrocarbon,halogenated + hydrocarbon,79
Binary,smiles:C1C[C@@H]2[C@@H]3CC[C@@H](C3)[C@@H]2C1 || smiles:C1C[C@@H]2[C@H]3CC[C@H](C3)[C@@H]2C1,C10H16 / C10H16,hydrocarbon,hydrocarbon,hydrocarbon + hydrocarbon,78
Binary,smiles:CC#CCCC || smiles:CCCOC(C)=O,C6H10 / C5H10O2,ester,hydrocarbon,ester + hydrocarbon,77
Binary,smiles:CCCCCCC || smiles:Cc1cnccn1,C7H16 / C5H6N2,aromatic,hydrocarbon,aromatic + hydrocarbon,77
Binary,smiles:CCO || smiles:CCOC(C)=O,C2H6O / C4H8O2,alcohol,ester,alcohol + ester,76
Binary,smiles:CC(F)(F)CC(F)(F)F || smiles:FC(F)(F)C(F)(F)C(F)(F)C(F)(F)F,C4H5F5 / C4F10,halogenated,halogenated,halogenated + halogenated,75
Binary,smiles:CCC(C)O || smiles:CCCOC(C)=O,C4H10O / C5H10O2,alcohol,ester,alcohol + ester,75
Binary,smiles:COC || smiles:FC(F)C(F)(F)F,C2H6O / C2HF5,ether,halogenated,ether + halogenated,75
Binary,smiles:CC(=O)O || smiles:O,C2H4O2 / H2O,acid,water,acid + water,74
Binary,smiles:FC(F)(F)C(F)(F)F || smiles:O=C=O,C2F6 / CO2,halogenated,other,halogenated + other,74
Binary,smiles:CCCO || smiles:CCOC(=O)C(C)C,C3H8O / C6H12O2,alcohol,ester,alcohol + ester,72
Binary,smiles:O=C=O || smiles:O=O,CO2 / O2,other,other,other + other,72
Binary,fallback:ddfbc2db9f602e7d || smiles:FC(F)C(F)F,C3H2F4 / C2H2F4,halogenated,unresolved,halogenated + unresolved,71
Binary,smiles:CCCCC || smiles:N#N,C5H12 / N2,hydrocarbon,other,hydrocarbon + other,71
Binary,smiles:CCOC(=O)C(C)C || smiles:CO,C6H12O2 / CH4O,alcohol,ester,alcohol + ester,70
Binary,fallback:ddfbc2db9f602e7d || smiles:CC(C)C,C3H2F4 / C4H10,hydrocarbon,unresolved,hydrocarbon + unresolved,69
Binary,smiles:C=C(C)[C@H]1CC=C(C)CC1 || smiles:CCCCCO,C10H16 / C5H12O,alcohol,hydrocarbon,alcohol + hydrocarbon,69
Binary,fallback:ddfbc2db9f602e7d || smiles:CCC,C3H2F4 / C3H8,hydrocarbon,unresolved,hydrocarbon + unresolved,68
Binary,smiles:CCO || smiles:N,C2H6O / H3N,alcohol,amine,alcohol + amine,68
Binary,smiles:Cc1ccccc1 || smiles:Cc1cnccn1,C7H8 / C5H6N2,aromatic,aromatic,aromatic + aromatic,66
Binary,smiles:C=C(C)C || smiles:CC(F)(F)F,C4H8 / C2H3F3,halogenated,hydrocarbon,halogenated + hydrocarbon,65
Binary,smiles:CCCCCOC=O || smiles:O=C=O,C6H12O2 / CO2,ester,other,ester + other,65
Binary,smiles:CC(F)(F)F || smiles:COC,C2H3F3 / C2H6O,ether,halogenated,ether + halogenated,64
Binary,smiles:FC(F)=C(F)C(F)(F)F || smiles:O=C=O,C3F6 / CO2,halogenated,other,halogenated + other,64
Binary,smiles:C1=CCCCC1 || smiles:C1CCCCC1,C6H10 / C6H12,hydrocarbon,hydrocarbon,hydrocarbon + hydrocarbon,63
Binary,smiles:C1CCOCC1 || smiles:CCCCCC,C5H10O / C6H14,ether,hydrocarbon,ether + hydrocarbon,63
Binary,smiles:C1CN=C2CCCN2C1 || smiles:O,C7H12N2 / H2O,amine,water,amine + water,63
Binary,smiles:C=CCCCC || smiles:CCCCCC,C6H12 / C6H14,hydrocarbon,hydrocarbon,hydrocarbon + hydrocarbon,63
Binary,smiles:CCCO || smiles:CCOC(C)(C)C,C3H8O / C6H14O,alcohol,ether,alcohol + ether,63
Binary,smiles:N#N || smiles:O=C=O,N2 / CO2,other,other,other + other,63
Binary,fallback:81afe1f2d822fd5d || smiles:O=C=O,C5H10O2 / CO2,other,unresolved,other + unresolved,62
Binary,smiles:C1CCOCC1 || smiles:CCC(C)O,C5H10O / C4H10O,alcohol,ether,alcohol + ether,62
Binary,smiles:CCCCCl || smiles:Cc1ccccc1,C4H9Cl / C7H8,aromatic,halogenated,aromatic + halogenated,61
Binary,smiles:C=C(F)C(F)(F)F || smiles:CC(C)C,C3H2F4 / C4H10,halogenated,hydrocarbon,halogenated + hydrocarbon,60
Binary,smiles:C=C(F)C(F)(F)F || smiles:CC(F)F,C3H2F4 / C2H4F2,halogenated,halogenated,halogenated + halogenated,60
Binary,smiles:CC(C)(C)Cl || smiles:CCCCCCC,C4H9Cl / C7H16,halogenated,hydrocarbon,halogenated + hydrocarbon,60
Binary,smiles:CCC(C)Cl || smiles:Cc1ccccc1,C4H9Cl / C7H8,aromatic,halogenated,aromatic + halogenated,60
Binary,smiles:COC(=O)CCCC(=O)OC || smiles:COC(=O)CCCCC(=O)OC,C7H12O4 / C8H14O4,ester,ester,ester + ester,60
Binary,smiles:O || smiles:OCCOCCOCCO,H2O / C6H14O4,alcohol,water,alcohol + water,60
Binary,smiles:CC(C)O || smiles:O=C=O,C3H8O / CO2,alcohol,other,alcohol + other,59
Binary,smiles:CCCCCCO || smiles:O=C=O,C6H14O / CO2,alcohol,other,alcohol + other,59
Binary,smiles:CCCCOC=O || smiles:O=C=O,C5H10O2 / CO2,ester,other,ester + other,59
Binary,smiles:C=C(C)C(C)C || smiles:Cc1ccsc1,C6H12 / C5H6S,hydrocarbon,sulfur-containing,hydrocarbon + sulfur-containing,58
Binary,smiles:C=C(F)C(F)(F)F || smiles:N,C3H2F4 / H3N,amine,halogenated,amine + halogenated,58
Binary,smiles:C=CC || smiles:FC(F)(F)C1(F)OC1(F)F,C3H6 / C3F6O,ether,hydrocarbon,ether + hydrocarbon,58
Binary,smiles:CC(C)OC(C)C || smiles:Cc1ccc(C)o1,C6H14O / C6H8O,aromatic,ether,aromatic + ether,58
Binary,smiles:C1CCCCC1 || smiles:CCC(C)Cl,C6H12 / C4H9Cl,halogenated,hydrocarbon,halogenated + hydrocarbon,57
Binary,smiles:C=C || smiles:FC(F)(F)C(F)(F)C(F)(F)C(F)(F)C(F)(F)C(F)(F)C(F)(F)C(F)(F)C(F)(F)F,C2H4 / C9F20,halogenated,hydrocarbon,halogenated + hydrocarbon,57
Binary,smiles:CCF || smiles:FC(C(F)(F)F)C(F)(F)F,C2H5F / C3HF7,halogenated,halogenated,halogenated + halogenated,57
Binary,smiles:FC(F)(F)C1(F)OC1(F)F || smiles:O=C=O,C3F6O / CO2,ether,other,ether + other,57
Binary,smiles:C1CCCCC1 || smiles:Cc1cncc(C)c1,C6H12 / C7H9N,aromatic,hydrocarbon,aromatic + hydrocarbon,56
Binary,smiles:C1CCCCC1 || smiles:Cc1cnccn1,C6H12 / C5H6N2,aromatic,hydrocarbon,aromatic + hydrocarbon,56
Binary,smiles:C=C || smiles:FC(F)(F)C(F)(F)C(F)(F)C(F)(F)C(F)(F)C(F)(F)C(F)(F)C(F)(F)F,C2H4 / C8F18,halogenated,hydrocarbon,halogenated + hydrocarbon,56
Binary,smiles:C=C || smiles:FC(F)(F)C(F)(F)C(F)(F)C(F)(F)F,C2H4 / C4F10,halogenated,hydrocarbon,halogenated + hydrocarbon,56
Binary,smiles:CCC || smiles:FC(F)C(F)(F)F,C3H8 / C2HF5,halogenated,hydrocarbon,halogenated + hydrocarbon,56
Binary,smiles:CCCCl || smiles:O=C=O,C3H7Cl / CO2,halogenated,other,halogenated + other,56
Binary,smiles:CCOCCO || smiles:CO,C4H10O2 / CH4O,alcohol,alcohol,alcohol + alcohol,56
Binary,smiles:COCC(C)O || smiles:COCC(C)OC(C)=O,C4H10O2 / C6H12O3,alcohol,ester,alcohol + ester,56
Binary,smiles:C=C(F)C(F)(F)F || smiles:FCF,C3H2F4 / CH2F2,halogenated,halogenated,halogenated + halogenated,55
Binary,smiles:CC(C)C || smiles:FC(F)CC(F)(F)F,C4H10 / C3H3F5,halogenated,hydrocarbon,halogenated + hydrocarbon,55
Binary,smiles:CCF || smiles:F/C=C/C(F)(F)F,C2H5F / C3H2F4,halogenated,halogenated,halogenated + halogenated,55
Binary,smiles:CO || smiles:O=C=O,CH4O / CO2,alcohol,other,alcohol + other,55
Binary,smiles:F/C=C/C(F)(F)F || smiles:FC(F)(F)I,C3H2F4 / CF3I,halogenated,halogenated,halogenated + halogenated,55
Binary,smiles:CCCCCCC || smiles:FC(F)F,C7H16 / CHF3,halogenated,hydrocarbon,halogenated + hydrocarbon,54
Binary,smiles:CCCCCCCCC || smiles:FC(F)F,C9H20 / CHF3,halogenated,hydrocarbon,halogenated + hydrocarbon,54
Binary,smiles:ClC(Cl)C(Cl)Cl || smiles:O=C1CCCC1,C2H2Cl4 / C5H8O,halogenated,ketone,halogenated + ketone,54
Binary,smiles:CC || smiles:FC(F)(F)C(F)(F)C(F)(F)C(F)(F)C(F)(F)C(F)(F)C(F)(F)C(F)(F)F,C2H6 / C8F18,halogenated,hydrocarbon,halogenated + hydrocarbon,53
Binary,smiles:CC(=O)C(C)C || smiles:CC(C)C(C)C,C5H10O / C6H14,hydrocarbon,ketone,hydrocarbon + ketone,53
Binary,smiles:CC(F)(F)F || smiles:CCC,C2H3F3 / C3H8,halogenated,hydrocarbon,halogenated + hydrocarbon,53
Binary,smiles:CC12CCC(CC1)C(C)(C)O2 || smiles:CCO,C10H18O / C2H6O,alcohol,ether,alcohol + ether,53
Binary,smiles:CCCCCCC || smiles:c1ccsc1,C7H16 / C4H4S,hydrocarbon,sulfur-containing,hydrocarbon + sulfur-containing,53
Binary,smiles:Cc1ccccc1 || smiles:O=C=O,C7H8 / CO2,aromatic,other,aromatic + other,53
Binary,smiles:CC(C)=O || smiles:CCC(C)O,C3H6O / C4H10O,alcohol,ketone,alcohol + ketone,52
Binary,smiles:CC(C)OC(C)C || smiles:CCO,C6H14O / C2H6O,alcohol,ether,alcohol + ether,52
Binary,smiles:CCCC(=O)OCC1CO1 || smiles:ClCC1CO1,C7H12O3 / C3H5ClO,ester,ether,ester + ether,52
Binary,smiles:CCCCCCCO || smiles:O=C=O,C7H16O / CO2,alcohol,other,alcohol + other,52
Binary,smiles:C1CCCCC1 || smiles:CCCCCl,C6H12 / C4H9Cl,halogenated,hydrocarbon,halogenated + hydrocarbon,51
Binary,smiles:CC(C)CCl || smiles:CCCCCCC,C4H9Cl / C7H16,halogenated,hydrocarbon,halogenated + hydrocarbon,51
Binary,smiles:CC1CCCCC1 || smiles:COCCO,C7H14 / C3H8O2,alcohol,hydrocarbon,alcohol + hydrocarbon,51
Binary,smiles:CCC(C)O || smiles:CCCC(=O)O,C4H10O / C4H8O2,acid,alcohol,acid + alcohol,51
Binary,smiles:CCCC || smiles:FC(F)CC(F)(F)F,C4H10 / C3H3F5,halogenated,hydrocarbon,halogenated + hydrocarbon,51
Binary,smiles:CCCCCC || smiles:FC(F)F,C6H14 / CHF3,halogenated,hydrocarbon,halogenated + hydrocarbon,51
Binary,smiles:C=C(F)C(F)(F)F || smiles:FC(C(F)(F)F)C(F)(F)F,C3H2F4 / C3HF7,halogenated,halogenated,halogenated + halogenated,50
Binary,smiles:CC(C)O || smiles:CCCC(=O)O,C3H8O / C4H8O2,acid,alcohol,acid + alcohol,50
Binary,smiles:CCC(=O)O || smiles:CCCCCO,C3H6O2 / C5H12O,acid,alcohol,acid + alcohol,50
Binary,smiles:CCCO || smiles:O=C=O,C3H8O / CO2,alcohol,other,alcohol + other,50
Binary,smiles:FC(C(F)(F)F)C(F)(F)F || smiles:FCC(F)(F)F,C3HF7 / C2H2F4,halogenated,halogenated,halogenated + halogenated,50
Binary,smiles:FCC(F)(F)F || smiles:N,C2H2F4 / H3N,amine,halogenated,amine + halogenated,50
Binary,smiles:C=C || smiles:FC(F)(F)C1(F)OC1(F)F,C2H4 / C3F6O,ether,hydrocarbon,ether + hydrocarbon,49
Binary,smiles:CC(C)(C)O || smiles:O,C4H10O / H2O,alcohol,water,alcohol + water,49
Binary,smiles:CC(C)=O || smiles:CCC(=O)O,C3H6O / C3H6O2,acid,ketone,acid + ketone,49
Binary,smiles:CC(C)CO || smiles:CCCC(=O)O,C4H10O / C4H8O2,acid,alcohol,acid + alcohol,49
Binary,smiles:N#N || smiles:O=S=O,N2 / O2S,other,sulfur-containing,other + sulfur-containing,49
Binary,smiles:C1CCCCC1 || smiles:Cc1cccc(C)n1,C6H12 / C7H9N,aromatic,hydrocarbon,aromatic + hydrocarbon,48
Binary,smiles:CC(=O)C(C)(C)C || smiles:COC(C)(C)C,C6H12O / C5H12O,ether,ketone,ether + ketone,48
Binary,smiles:CC(=O)CC(C)C || smiles:CC(C)CC(C)(C)C,C6H12O / C8H18,hydrocarbon,ketone,hydrocarbon + ketone,48
Binary,smiles:CC(=O)CC(C)C || smiles:CC(C)CO,C6H12O / C4H10O,alcohol,ketone,alcohol + ketone,48
Binary,smiles:CC(C)OC(C)C || smiles:CO,C6H14O / CH4O,alcohol,ether,alcohol + ether,48
Binary,smiles:CCC || smiles:FC(F)C(F)F,C3H8 / C2H2F4,halogenated,hydrocarbon,halogenated + hydrocarbon,48
Binary,smiles:CCC(=O)O || smiles:O,C3H6O2 / H2O,acid,water,acid + water,48
Binary,smiles:CCCO || smiles:CCCOC(C)=O,C3H8O / C5H10O2,alcohol,ester,alcohol + ester,48
Binary,smiles:COC || smiles:FCC(F)(F)F,C2H6O / C2H2F4,ether,halogenated,ether + halogenated,48
Binary,smiles:C=CC || smiles:FC(F)=C(F)C(F)(F)F,C3H6 / C3F6,halogenated,hydrocarbon,halogenated + hydrocarbon,47
Binary,smiles:CC(=O)CC(C)C || smiles:CC(C)O,C6H12O / C3H8O,alcohol,ketone,alcohol + ketone,47
Binary,smiles:CCCCCCCCCCCCO || smiles:O=C=O,C12H26O / CO2,alcohol,other,alcohol + other,47
Binary,smiles:COC || smiles:FCF,C2H6O / CH2F2,ether,halogenated,ether + halogenated,47
Binary,smiles:C=C || smiles:FC(F)=C(F)C(F)(F)F,C2H4 / C3F6,halogenated,hydrocarbon,halogenated + hydrocarbon,46
Binary,smiles:FC(C(F)(F)F)C(F)(F)F || smiles:FC(F)C(F)(F)F,C3HF7 / C2HF5,halogenated,halogenated,halogenated + halogenated,46
Binary,smiles:C1COCCO1 || smiles:CC(C)CO,C4H8O2 / C4H10O,alcohol,ether,alcohol + ether,45
Binary,smiles:C=C(F)C(F)(F)F || smiles:CC(F)(F)F,C3H2F4 / C2H3F3,halogenated,halogenated,halogenated + halogenated,45
Binary,smiles:CCC(=O)OC || smiles:[C-]#[O+],C4H8O2 / CO,ester,other,ester + other,45
Binary,smiles:CCOC(=O)CC || smiles:[C-]#[O+],C5H10O2 / CO,ester,other,ester + other,45
Binary,smiles:CC[N+](=O)[O-] || smiles:ClCCCCCl,C2H5NO2 / C4H8Cl2,amine,halogenated,amine + halogenated,45
Binary,smiles:COC(=O)CCC(=O)OC || smiles:COC(=O)CCCC(=O)OC,C6H10O4 / C7H12O4,ester,ester,ester + ester,45
Binary,smiles:COC(=O)CCC(=O)OC || smiles:COC(=O)CCCCC(=O)OC,C6H10O4 / C8H14O4,ester,ester,ester + ester,45
Binary,smiles:C[N+](=O)[O-] || smiles:ClCCCCCl,CH3NO2 / C4H8Cl2,amine,halogenated,amine + halogenated,45
Binary,smiles:O=[N+]([O-])c1ccc(Cl)c(Cl)c1 || smiles:O=[N+]([O-])c1cccc(Cl)c1Cl,C6H3Cl2NO2 / C6H3Cl2NO2,amine,amine,amine + amine,45
Binary,fallback:5e3bddfb41e40d29 || smiles:FCC(F)(F)F,C3H3F3 / C2H2F4,halogenated,unresolved,halogenated + unresolved,44
Binary,smiles:C=C(F)C(F)(F)F || smiles:CC(F)(F)C(F)(F)F,C3H2F4 / C3H3F5,halogenated,halogenated,halogenated + halogenated,44
Binary,smiles:CCN(CC)CCCO || smiles:O,C7H17NO / H2O,alcohol,water,alcohol + water,44
Binary,smiles:CC[N+](=O)[O-] || smiles:ClCCCl,C2H5NO2 / C2H4Cl2,amine,halogenated,amine + halogenated,44
Binary,smiles:O=C1OC(=O)c2cc(Cl)ccc21 || smiles:O=C1OC(=O)c2cc(F)ccc21,C8H3ClO3 / C8H3FO3,ester,ester,ester + ester,44
Binary,smiles:CC#N || smiles:CO,C2H3N / CH4O,alcohol,other,alcohol + other,43
Binary,smiles:CCCC || smiles:FC(F)F,C4H10 / CHF3,halogenated,hydrocarbon,halogenated + hydrocarbon,43
Binary,smiles:CCCCCC || smiles:O=C=O,C6H14 / CO2,hydrocarbon,other,hydrocarbon + other,43
Binary,smiles:CCCO || smiles:CCO,C3H8O / C2H6O,alcohol,alcohol,alcohol + alcohol,43
Binary,smiles:CN(C)CCCO || smiles:O,C5H13NO / H2O,alcohol,water,alcohol + water,43
Binary,fallback:d9df4fd9b4b52f0e || smiles:O=Cc1ccccc1,C9H8O / C7H6O,aromatic,unresolved,aromatic + unresolved,42
Binary,fallback:f5d528f59fc9b38a || smiles:O,C9H16N2 / H2O,unresolved,water,unresolved + water,42
Binary,smiles:C1CCOC1 || smiles:CCCCCCl,C4H8O / C5H11Cl,ether,halogenated,ether + halogenated,42
Binary,smiles:C1COCCO1 || smiles:CCC(C)O,C4H8O2 / C4H10O,alcohol,ether,alcohol + ether,42
Binary,smiles:C1COCCO1 || smiles:CCCCCCl,C4H8O2 / C5H11Cl,ether,halogenated,ether + halogenated,42
Binary,smiles:C1COCO1 || smiles:CCCCCCl,C3H6O2 / C5H11Cl,ether,halogenated,ether + halogenated,42
Binary,smiles:CC(C)C(=O)C(C)C || smiles:CC(C)CC(C)(C)C,C7H14O / C8H18,hydrocarbon,ketone,hydrocarbon + ketone,42
Binary,smiles:CC(C)CC(C)(C)C || smiles:CCO,C8H18 / C2H6O,alcohol,hydrocarbon,alcohol + hydrocarbon,42
Binary,smiles:CC(Cl)(Cl)Cl || smiles:O=C1CCCCC1,C2H3Cl3 / C6H10O,halogenated,ketone,halogenated + ketone,42
Binary,smiles:CC1CCCCC1 || smiles:CCOCCO,C7H14 / C4H10O2,alcohol,hydrocarbon,alcohol + hydrocarbon,42
Binary,smiles:CCC(=O)O || smiles:CCC(=O)OCCC(C)C,C3H6O2 / C8H16O2,acid,ester,acid + ester,42
Binary,smiles:CCCCCCCCCCC || smiles:O=C=O,C11H24 / CO2,hydrocarbon,other,hydrocarbon + other,42
Binary,smiles:CCCCCCl || smiles:C[N+](=O)[O-],C5H11Cl / CH3NO2,amine,halogenated,amine + halogenated,42
Binary,smiles:CCCCCl || smiles:CC[N+](=O)[O-],C4H9Cl / C2H5NO2,amine,halogenated,amine + halogenated,42
Binary,smiles:CCCCO || smiles:CCCCOCCCC,C4H10O / C8H18O,alcohol,ether,alcohol + ether,42
Binary,smiles:CCCO || smiles:CCCOCCC,C3H8O / C6H14O,alcohol,ether,alcohol + ether,42
Binary,smiles:CC || smiles:FC(F)F,C2H6 / CHF3,halogenated,hydrocarbon,halogenated + hydrocarbon,41
Binary,smiles:CC(C)C(C)C || smiles:CC(C)OC(C)C,C6H14 / C6H14O,ether,hydrocarbon,ether + hydrocarbon,41
Binary,smiles:CC(C)O || smiles:CC(C)OC(C)C,C3H8O / C6H14O,alcohol,ether,alcohol + ether,41
Binary,smiles:CC(C)OCCO || smiles:O=C=O,C5H12O2 / CO2,alcohol,other,alcohol + other,41
Binary,smiles:COCC(C)O || smiles:O,C4H10O2 / H2O,alcohol,water,alcohol + water,41
Binary,smiles:C1CC1 || smiles:FC(F)C(F)(F)F,C3H6 / C2HF5,halogenated,hydrocarbon,halogenated + hydrocarbon,40
Binary,smiles:C1CCCCC1 || smiles:OC1CCCCC1,C6H12 / C6H12O,alcohol,hydrocarbon,alcohol + hydrocarbon,40
Binary,smiles:CCC(C)=O || smiles:CCO,C4H8O / C2H6O,alcohol,ketone,alcohol + ketone,40
Binary,smiles:CCCC || smiles:CCSCC,C4H10 / C4H10S,hydrocarbon,sulfur-containing,hydrocarbon + sulfur-containing,40
Binary,smiles:CCCC || smiles:FC(F)=C(F)C(F)(F)F,C4H10 / C3F6,halogenated,hydrocarbon,halogenated + hydrocarbon,40
Binary,smiles:CCCCCCCC || smiles:CCCOCCO,C8H18 / C5H12O2,alcohol,hydrocarbon,alcohol + hydrocarbon,40
Binary,smiles:Cc1ccccc1 || smiles:c1ccccc1,C7H8 / C6H6,aromatic,aromatic,aromatic + aromatic,40
Binary,smiles:Cl[SiH2]Cl || smiles:Cl[SiH](Cl)Cl,Cl2H2Si / Cl3HSi,halogenated,halogenated,halogenated + halogenated,40
Binary,smiles:F/C=C/C(F)(F)F || smiles:FC(F)C(F)F,C3H2F4 / C2H2F4,halogenated,halogenated,halogenated + halogenated,40
Binary,smiles:F/C=C/C(F)(F)F || smiles:FCC(F)(F)F,C3H2F4 / C2H2F4,halogenated,halogenated,halogenated + halogenated,40
Binary,smiles:C1CCOCC1 || smiles:CCCCCCl,C5H10O / C5H11Cl,ether,halogenated,ether + halogenated,39
Binary,smiles:C=CCCCC || smiles:FC(F)(F)C(F)(F)F,C6H12 / C2F6,halogenated,hydrocarbon,halogenated + hydrocarbon,39
Binary,smiles:CC(=O)C(C)C || smiles:CC(C)OC(C)C,C5H10O / C6H14O,ether,ketone,ether + ketone,39
Binary,smiles:CC(C)=C(C)C || smiles:c1ccsc1,C6H12 / C4H4S,hydrocarbon,sulfur-containing,hydrocarbon + sulfur-containing,39
Binary,smiles:CC(C)CC(C)(C)C || smiles:CC(C)CO,C8H18 / C4H10O,alcohol,hydrocarbon,alcohol + hydrocarbon,39
Binary,smiles:CCCCC || smiles:COC=O,C5H12 / C2H4O2,ester,hydrocarbon,ester + hydrocarbon,39
Binary,smiles:CCCCCCCC(=O)OC || smiles:CCCCCCCCCC(=O)OC,C9H18O2 / C11H22O2,ester,ester,ester + ester,39
Binary,smiles:CCCCCCCCCC(=O)OC || smiles:CCCCCCCCCCCC(=O)OC,C11H22O2 / C13H26O2,ester,ester,ester + ester,39
Binary,smiles:CCCCCCl || smiles:CC[N+](=O)[O-],C5H11Cl / C2H5NO2,amine,halogenated,amine + halogenated,39
Binary,smiles:CCCCCl || smiles:CCCCOCC,C4H9Cl / C6H14O,ether,halogenated,ether + halogenated,39
Binary,smiles:CCCCCl || smiles:O=C1CCCCC1,C4H9Cl / C6H10O,halogenated,ketone,halogenated + ketone,39
Binary,smiles:Cl[SiH](Cl)Cl || smiles:Cl[Si](Cl)(Cl)Cl,Cl3HSi / Cl4Si,halogenated,halogenated,halogenated + halogenated,39
Binary,smiles:C1CC1 || smiles:FCC(F)(F)F,C3H6 / C2H2F4,halogenated,hydrocarbon,halogenated + hydrocarbon,38
Binary,smiles:C=CC(C)(O)CCC=C(C)C || smiles:CCO,C10H18O / C2H6O,alcohol,alcohol,alcohol + alcohol,38
Binary,smiles:C=CCC || smiles:FC(F)(F)C(F)(F)C(F)(F)C(F)(F)F,C4H8 / C4F10,halogenated,hydrocarbon,halogenated + hydrocarbon,38
Binary,smiles:CC(=O)C(C)C || smiles:CC(C)O,C5H10O / C3H8O,alcohol,ketone,alcohol + ketone,38
Binary,smiles:CC(C)=O || smiles:CCOC(=O)OCC,C3H6O / C5H10O3,ester,ketone,ester + ketone,38
Binary,smiles:CC(C)C || smiles:CCO,C4H10 / C2H6O,alcohol,hydrocarbon,alcohol + hydrocarbon,38
Binary,smiles:CC(C)C(=O)C(C)C || smiles:CC(C)O,C7H14O / C3H8O,alcohol,ketone,alcohol + ketone,38
Binary,smiles:CCC(C)CC || smiles:FC(F)F,C6H14 / CHF3,halogenated,hydrocarbon,halogenated + hydrocarbon,38
Binary,smiles:CCCCCCC || smiles:CCCOCCO,C7H16 / C5H12O2,alcohol,hydrocarbon,alcohol + hydrocarbon,38
Binary,smiles:CCCCCCCCC || smiles:O=C=O,C9H20 / CO2,hydrocarbon,other,hydrocarbon + other,38
Binary,smiles:CCCCCCCCCCCCCC(=O)OC || smiles:CCCCCCCCCCCCCCCC(=O)OC,C15H30O2 / C17H34O2,ester,ester,ester + ester,38
Binary,smiles:C1CCCC1 || smiles:O=C=O,C5H10 / CO2,hydrocarbon,other,hydrocarbon + other,37
Binary,smiles:C=CCCCC || smiles:FC(F)F,C6H12 / CHF3,halogenated,hydrocarbon,halogenated + hydrocarbon,37
Binary,smiles:CC(C)CC(C)(C)C || smiles:c1ccsc1,C8H18 / C4H4S,hydrocarbon,sulfur-containing,hydrocarbon + sulfur-containing,37
Binary,smiles:CCC || smiles:FC(F)(F)C(F)(F)C(F)(F)C(F)(F)F,C3H8 / C4F10,halogenated,hydrocarbon,halogenated + hydrocarbon,37
Binary,smiles:CCC(C)CC || smiles:FC(F)(F)C(F)(F)F,C6H14 / C2F6,halogenated,hydrocarbon,halogenated + hydrocarbon,37
Binary,smiles:CCCCCCC || smiles:FC(F)(F)C(F)(F)F,C7H16 / C2F6,halogenated,hydrocarbon,halogenated + hydrocarbon,37
Binary,smiles:O=C=O || smiles:c1ccsc1,CO2 / C4H4S,other,sulfur-containing,other + sulfur-containing,37
Binary,smiles:C=CCC || smiles:FCF,C4H8 / CH2F2,halogenated,hydrocarbon,halogenated + hydrocarbon,36
Binary,smiles:CC(=O)C(C)C || smiles:CC(C)CC(C)(C)C,C5H10O / C8H18,hydrocarbon,ketone,hydrocarbon + ketone,36
Binary,smiles:CC(C)C || smiles:FC(F)(F)I,C4H10 / CF3I,halogenated,hydrocarbon,halogenated + hydrocarbon,36
Binary,smiles:CC(C)C || smiles:FC(F)C(F)F,C4H10 / C2H2F4,halogenated,hydrocarbon,halogenated + hydrocarbon,36
Binary,smiles:CC(C)OC(C)C || smiles:CCC(C)Cl,C6H14O / C4H9Cl,ether,halogenated,ether + halogenated,36
Binary,smiles:CC(F)F || smiles:FC(F)(F)I,C2H4F2 / CF3I,halogenated,halogenated,halogenated + halogenated,36
Binary,smiles:CC(F)F || smiles:FC(F)C(F)F,C2H4F2 / C2H2F4,halogenated,halogenated,halogenated + halogenated,36
Binary,smiles:CCC || smiles:FC(F)=C(F)C(F)(F)F,C3H8 / C3F6,halogenated,hydrocarbon,halogenated + hydrocarbon,36
Binary,smiles:CCO || smiles:CCOC(=O)[C@H](C)O,C2H6O / C5H10O3,alcohol,ester,alcohol + ester,36
Binary,smiles:O || smiles:OCCN1CCCC1,H2O / C6H13NO,alcohol,water,alcohol + water,36
Binary,smiles:C1CCOCC1 || smiles:CCCCl,C5H10O / C3H7Cl,ether,halogenated,ether + halogenated,35
Binary,smiles:CC || smiles:FC(F)(F)C(F)(F)F,C2H6 / C2F6,halogenated,hydrocarbon,halogenated + hydrocarbon,35
Binary,smiles:CC(C)C || smiles:FCF,C4H10 / CH2F2,halogenated,hydrocarbon,halogenated + hydrocarbon,35
Binary,smiles:CCCC(C)=O || smiles:CCOC(=O)OCC,C5H10O / C5H10O3,ester,ketone,ester + ketone,35
Binary,smiles:CCCCCCC || smiles:S,C7H16 / H2S,hydrocarbon,sulfur-containing,hydrocarbon + sulfur-containing,35
Binary,smiles:CCOC(C)(C)C || smiles:c1ccsc1,C6H14O / C4H4S,ether,sulfur-containing,ether + sulfur-containing,35
Binary,fallback:d8cb57b6c8e8471d || smiles:CC(C)O,C6H12O3 / C3H8O,alcohol,unresolved,alcohol + unresolved,34
Binary,smiles:C=C(F)C(F)(F)F || smiles:FC(F)(F)F,C3H2F4 / CF4,halogenated,halogenated,halogenated + halogenated,34
Binary,smiles:C=CCC || smiles:FC(F)=C(F)C(F)(F)F,C4H8 / C3F6,halogenated,hydrocarbon,halogenated + hydrocarbon,34
Binary,smiles:CC(C)CO || smiles:O=C=O,C4H10O / CO2,alcohol,other,alcohol + other,34
Binary,smiles:CCCCO || smiles:CCCO,C4H10O / C3H8O,alcohol,alcohol,alcohol + alcohol,34
Binary,smiles:CO || smiles:COC(C)=O,CH4O / C3H6O2,alcohol,ester,alcohol + ester,34
Binary,fallback:b63ac75aa69de5ee || smiles:O=C(O)CCl,C14H30O3 / C2H3ClO2,acid,unresolved,acid + unresolved,33
Binary,smiles:C1CCCCC1 || smiles:CCCCCC(=O)O,C6H12 / C6H12O2,acid,hydrocarbon,acid + hydrocarbon,33
Binary,smiles:C=CCC || smiles:FC(F)(F)C1(F)OC1(F)F,C4H8 / C3F6O,ether,hydrocarbon,ether + hydrocarbon,33
Binary,smiles:CC(C)(C)Cl || smiles:CC(C)OC(C)C,C4H9Cl / C6H14O,ether,halogenated,ether + halogenated,33
Binary,smiles:CC(C)(C)Cl || smiles:CCCCOCC,C4H9Cl / C6H14O,ether,halogenated,ether + halogenated,33
Binary,smiles:CC(C)CCl || smiles:CCCCOCC,C4H9Cl / C6H14O,ether,halogenated,ether + halogenated,33
Binary,smiles:CC(C)OC(C)C || smiles:CCCCCl,C6H14O / C4H9Cl,ether,halogenated,ether + halogenated,33
Binary,smiles:CCC(C)Cl || smiles:CCCCOCC,C4H9Cl / C6H14O,ether,halogenated,ether + halogenated,33
Binary,smiles:O=C(O)C(Cl)Cl || smiles:O=C(O)CCl,C2H2Cl2O2 / C2H3ClO2,acid,acid,acid + acid,33
Binary,smiles:C=C || smiles:FC(F)(F)C(F)(F)C(F)(F)C(F)(F)C(F)(F)C(F)(F)C(F)(F)F,C2H4 / C7F16,halogenated,hydrocarbon,halogenated + hydrocarbon,32
Binary,smiles:CC(C)CCl || smiles:CC(C)OC(C)C,C4H9Cl / C6H14O,ether,halogenated,ether + halogenated,32
Binary,smiles:CC(C)O || smiles:COC(=O)OC,C3H8O / C3H6O3,alcohol,ester,alcohol + ester,32
Binary,smiles:CCC || smiles:FC(F)(F)I,C3H8 / CF3I,halogenated,hydrocarbon,halogenated + hydrocarbon,32
Binary,smiles:CCC(C)O || smiles:COC(=O)OC,C4H10O / C3H6O3,alcohol,ester,alcohol + ester,32
Binary,smiles:CCCCCCC || smiles:CCCCOC=O,C7H16 / C5H10O2,ester,hydrocarbon,ester + hydrocarbon,32
Binary,smiles:CCO || smiles:CCOC(=O)C(F)(F)F,C2H6O / C4H5F3O2,alcohol,ester,alcohol + ester,32
Binary,smiles:COCCOC || smiles:O=C=O,C4H10O2 / CO2,ether,other,ether + other,32
Binary,smiles:FC(F)(F)I || smiles:FC(F)C(F)F,CF3I / C2H2F4,halogenated,halogenated,halogenated + halogenated,32
Binary,smiles:FC(F)(F)I || smiles:O=C=O,CF3I / CO2,halogenated,other,halogenated + other,32
Binary,smiles:O=C=O || smiles:[N]=O,CO2 / NO,other,other,other + other,32
Binary,smiles:C1CCOC1 || smiles:CO,C4H8O / CH4O,alcohol,ether,alcohol + ether,31
Binary,smiles:C1COCO1 || smiles:CCCCCCCl,C3H6O2 / C6H13Cl,ether,halogenated,ether + halogenated,31
Binary,smiles:CCCCCCC || smiles:CCOC=O,C7H16 / C3H6O2,ester,hydrocarbon,ester + hydrocarbon,31
Binary,smiles:CCCCCCCC || smiles:COC=O,C8H18 / C2H4O2,ester,hydrocarbon,ester + hydrocarbon,31
Binary,smiles:CCCCCCCCC || smiles:CCCCOC=O,C9H20 / C5H10O2,ester,hydrocarbon,ester + hydrocarbon,31
Binary,smiles:CCCCCO || smiles:O=C=O,C5H12O / CO2,alcohol,other,alcohol + other,31
Binary,smiles:CN(C)C=O || smiles:CS(C)=O,C3H7NO / C2H6OS,amide,sulfur-containing,amide + sulfur-containing,31
Binary,smiles:ClC(Cl)C(Cl)Cl || smiles:O=C1CCCCC1,C2H2Cl4 / C6H10O,halogenated,ketone,halogenated + ketone,31
Binary,smiles:O || smiles:O=C(O)C(F)(F)F,H2O / C2HF3O2,acid,water,acid + water,31
Binary,fallback:4501d0d6bfddcc6a || smiles:CC(C)O,C5H10O2 / C3H8O,alcohol,unresolved,alcohol + unresolved,30
Binary,smiles:C1CCCCC1 || smiles:CCSCC,C6H12 / C4H10S,hydrocarbon,sulfur-containing,hydrocarbon + sulfur-containing,30
Binary,smiles:C=C(Cl)C(F)(F)F || smiles:C=C(F)C(F)(F)F,C3H2ClF3 / C3H2F4,halogenated,halogenated,halogenated + halogenated,30
Binary,smiles:C=C(Cl)C(F)(F)F || smiles:CC(F)(Cl)C(F)(F)F,C3H2ClF3 / C3H3ClF4,halogenated,halogenated,halogenated + halogenated,30
Binary,smiles:CC(C)(C)CO || smiles:COC(C)(C)C,C5H12O / C5H12O,alcohol,ether,alcohol + ether,30
Binary,smiles:CC(C)O || smiles:OCc1ccco1,C3H8O / C5H6O2,alcohol,alcohol,alcohol + alcohol,30
Binary,smiles:CC(CC(C)(C)C)CP(=O)([O-])CC(C)CC(C)(C)C.CCCCCCCCCCCCCC[P+](CCCCCC)(CCCCCC)CCCCCC || smiles:CC(F)(F)F,C48H102O2P2 / C2H3F3,halogenated,other,halogenated + other,30
Binary,smiles:CC(CC(C)(C)C)CP(=O)([O-])CC(C)CC(C)(C)C.CCCCCCCCCCCCCC[P+](CCCCCC)(CCCCCC)CCCCCC || smiles:CC(F)F,C48H102O2P2 / C2H4F2,halogenated,other,halogenated + other,30
Binary,smiles:CC(CC(C)(C)C)CP(=O)([O-])CC(C)CC(C)(C)C.CCCCCCCCCCCCCC[P+](CCCCCC)(CCCCCC)CCCCCC || smiles:CCF,C48H102O2P2 / C2H5F,halogenated,other,halogenated + other,30
Binary,smiles:CC(CC(C)(C)C)CP(=O)([O-])CC(C)CC(C)(C)C.CCCCCCCCCCCCCC[P+](CCCCCC)(CCCCCC)CCCCCC || smiles:FCC(F)(F)F,C48H102O2P2 / C2H2F4,halogenated,other,halogenated + other,30
Binary,smiles:CCC(C)=O || smiles:COCCO,C4H8O / C3H8O2,alcohol,ketone,alcohol + ketone,30
Binary,smiles:CCCCCCCCC || smiles:CCOC=O,C9H20 / C3H6O2,ester,hydrocarbon,ester + hydrocarbon,30
Binary,smiles:CCO || smiles:CCOC(C)(C)CC,C2H6O / C7H16O,alcohol,ether,alcohol + ether,30
Binary,smiles:Cc1ccco1 || smiles:OCc1ccco1,C5H6O / C5H6O2,alcohol,aromatic,alcohol + aromatic,30
Binary,smiles:O=Cc1ccco1 || smiles:c1ccoc1,C5H4O2 / C4H4O,aromatic,aromatic,aromatic + aromatic,30
Binary,smiles:C1CCOC1 || smiles:CCCCCCCl,C4H8O / C6H13Cl,ether,halogenated,ether + halogenated,29
Binary,smiles:C1CCOCC1 || smiles:CCCCCCCl,C5H10O / C6H13Cl,ether,halogenated,ether + halogenated,29
Binary,smiles:CC(=O)C(C)(C)C || smiles:CC(C)(C)CO,C6H12O / C5H12O,alcohol,ketone,alcohol + ketone,29
Binary,smiles:CC(=O)N(C)C || smiles:CCC(C)O,C4H9NO / C4H10O,alcohol,amide,alcohol + amide,29
Binary,smiles:CC(=O)O || smiles:CNC(C)=O,C2H4O2 / C3H7NO,acid,amide,acid + amide,29
Binary,smiles:CC(C)=O || smiles:CON=C(C)C,C3H6O / C4H9NO,ketone,other,ketone + other,29
Binary,smiles:CC(C)CCO || smiles:O=C=O,C5H12O / CO2,alcohol,other,alcohol + other,29
Binary,smiles:CCC(C)=O || smiles:CCOC(=O)OCC,C4H8O / C5H10O3,ester,ketone,ester + ketone,29
Binary,smiles:CCC(C)OC(C)=O || smiles:CS(C)=O,C6H12O2 / C2H6OS,ester,sulfur-containing,ester + sulfur-containing,29
Binary,smiles:CCCCCCC || smiles:CCCOC=O,C7H16 / C4H8O2,ester,hydrocarbon,ester + hydrocarbon,29
Binary,smiles:CCCCCCCC || smiles:CCCOC=O,C8H18 / C4H8O2,ester,hydrocarbon,ester + hydrocarbon,29
Binary,smiles:CCCCO || smiles:O=C=O,C4H10O / CO2,alcohol,other,alcohol + other,29
Binary,smiles:CCCCOC(C)(C)C || smiles:CO,C8H18O / CH4O,alcohol,ether,alcohol + ether,29
Binary,smiles:CCCO || smiles:CCOC(C)=O,C3H8O / C4H8O2,alcohol,ester,alcohol + ester,29
Binary,smiles:CCCOC(C)=O || smiles:CCO,C5H10O2 / C2H6O,alcohol,ester,alcohol + ester,29
Binary,smiles:CCO || smiles:CCSCC,C2H6O / C4H10S,alcohol,sulfur-containing,alcohol + sulfur-containing,29
Binary,fallback:aa4d3d71d5f43049 || smiles:CCCO,C6H14O2 / C3H8O,alcohol,unresolved,alcohol + unresolved,28
Binary,smiles:C1COCCO1 || smiles:CCCCCCCl,C4H8O2 / C6H13Cl,ether,halogenated,ether + halogenated,28
Binary,smiles:CC(C)C || smiles:O=C=O,C4H10 / CO2,hydrocarbon,other,hydrocarbon + other,28
Binary,smiles:CCC(C)OC(C)=O || smiles:Cc1ccc(C)cc1,C6H12O2 / C8H10,aromatic,ester,aromatic + ester,28
Binary,smiles:CCCCC || smiles:CCCCOC=O,C5H12 / C5H10O2,ester,hydrocarbon,ester + hydrocarbon,28
Binary,smiles:CCCCCCCCC || smiles:CCCOC=O,C9H20 / C4H8O2,ester,hydrocarbon,ester + hydrocarbon,28
Binary,smiles:CCCCCCCCCC || smiles:CCCCOC=O,C10H22 / C5H10O2,ester,hydrocarbon,ester + hydrocarbon,28
Binary,smiles:CCCCCCCCO || smiles:c1ccoc1,C8H18O / C4H4O,alcohol,aromatic,alcohol + aromatic,28
Binary,smiles:CCCO || smiles:CCCOCOC,C3H8O / C5H12O2,alcohol,ether,alcohol + ether,28
Binary,smiles:CCCOCOC || smiles:CO,C5H12O2 / CH4O,alcohol,ether,alcohol + ether,28
Binary,smiles:CCOC(=O)OCC || smiles:O,C5H10O3 / H2O,ester,water,ester + water,28
Binary,smiles:CCOC(=O)OCC || smiles:O=C=O,C5H10O3 / CO2,ester,other,ester + other,28
Binary,smiles:CCOC(C)(C)C || smiles:CCSCC,C6H14O / C4H10S,ether,sulfur-containing,ether + sulfur-containing,28
Binary,smiles:O=O || smiles:O=S=O,O2 / O2S,other,sulfur-containing,other + sulfur-containing,28
Binary,fallback:b63ac75aa69de5ee || smiles:O=C(O)C(Cl)Cl,C14H30O3 / C2H2Cl2O2,acid,unresolved,acid + unresolved,27
Binary,smiles:CC(=O)CC(C)C || smiles:CC(C)OC(C)C,C6H12O / C6H14O,ether,ketone,ether + ketone,27
Binary,smiles:CC(C)(C)O || smiles:CCCC,C4H10O / C4H10,alcohol,hydrocarbon,alcohol + hydrocarbon,27
Binary,smiles:CC(C)(N)CO || smiles:O,C4H11NO / H2O,alcohol,water,alcohol + water,27
Binary,smiles:CC(C)CC(C)(C)C || smiles:CCOC(C)=O,C8H18 / C4H8O2,ester,hydrocarbon,ester + hydrocarbon,27
Binary,smiles:CC(C)O || smiles:CCCC,C3H8O / C4H10,alcohol,hydrocarbon,alcohol + hydrocarbon,27
Binary,smiles:CC(C)O || smiles:N#N,C3H8O / N2,alcohol,other,alcohol + other,27
Binary,smiles:CCC(C)(C)OC || smiles:CCO,C6H14O / C2H6O,alcohol,ether,alcohol + ether,27
Binary,smiles:CCC(C)O || smiles:CCCC,C4H10O / C4H10,alcohol,hydrocarbon,alcohol + hydrocarbon,27
Binary,smiles:CCC(C)O || smiles:N#N,C4H10O / N2,alcohol,other,alcohol + other,27
Binary,smiles:CCCC || smiles:CCCCO,C4H10 / C4H10O,alcohol,hydrocarbon,alcohol + hydrocarbon,27
Binary,smiles:CCCC(C)O || smiles:N#N,C5H12O / N2,alcohol,other,alcohol + other,27
Binary,smiles:CCCC(C)O || smiles:O=C=O,C5H12O / CO2,alcohol,other,alcohol + other,27
Binary,smiles:CCCCCCCC || smiles:CCCCOC=O,C8H18 / C5H10O2,ester,hydrocarbon,ester + hydrocarbon,27
Binary,smiles:CCCCCCCCCC || smiles:CCCOC=O,C10H22 / C4H8O2,ester,hydrocarbon,ester + hydrocarbon,27
Binary,smiles:CCCCO || smiles:COCOCOC,C4H10O / C4H10O3,alcohol,ether,alcohol + ether,27
Binary,smiles:ClCC1CO1 || smiles:O,C3H5ClO / H2O,ether,water,ether + water,27
Binary,smiles:FC(F)(F)C(F)(F)C(F)(F)C(F)(F)C(F)(F)C(F)(F)C(F)(F)C(F)(F)F || smiles:FC(F)(F)F,C8F18 / CF4,halogenated,halogenated,halogenated + halogenated,27
Binary,fallback:4501d0d6bfddcc6a || smiles:O=C=O,C5H10O2 / CO2,other,unresolved,other + unresolved,26
Binary,smiles:C/C=C\C || smiles:CCSCC,C4H8 / C4H10S,hydrocarbon,sulfur-containing,hydrocarbon + sulfur-containing,26
Binary,smiles:C1CCCCC1 || smiles:CCCC(C)O,C6H12 / C5H12O,alcohol,hydrocarbon,alcohol + hydrocarbon,26
Binary,smiles:C1CCCCC1 || smiles:CCCCCO,C6H12 / C5H12O,alcohol,hydrocarbon,alcohol + hydrocarbon,26
Binary,smiles:C1CCOC1 || smiles:CCCCl,C4H8O / C3H7Cl,ether,halogenated,ether + halogenated,26
Binary,smiles:C1CCSC1 || smiles:C=C(C)CC(C)(C)C,C4H8S / C8H16,hydrocarbon,sulfur-containing,hydrocarbon + sulfur-containing,26
Binary,smiles:C1COCO1 || smiles:CC(C)(C)O,C3H6O2 / C4H10O,alcohol,ether,alcohol + ether,26
Binary,smiles:C=C(C)C || smiles:CCC#N,C4H8 / C3H5N,hydrocarbon,other,hydrocarbon + other,26
Binary,smiles:C=C(C)C || smiles:CCSCC,C4H8 / C4H10S,hydrocarbon,sulfur-containing,hydrocarbon + sulfur-containing,26
Binary,smiles:C=CCC || smiles:CCC#N,C4H8 / C3H5N,hydrocarbon,other,hydrocarbon + other,26
Binary,smiles:C=CCC || smiles:CCSCC,C4H8 / C4H10S,hydrocarbon,sulfur-containing,hydrocarbon + sulfur-containing,26
Binary,smiles:C=CCCCC || smiles:CCCC(C)O,C6H12 / C5H12O,alcohol,hydrocarbon,alcohol + hydrocarbon,26
Binary,smiles:C=CCCCC || smiles:CCCCCO,C6H12 / C5H12O,alcohol,hydrocarbon,alcohol + hydrocarbon,26
Binary,smiles:CC(=O)N(C)C || smiles:CCC(C)OC(C)=O,C4H9NO / C6H12O2,amide,ester,amide + ester,26
Binary,smiles:CC(=O)O || smiles:CCOC(C)=O,C2H4O2 / C4H8O2,acid,ester,acid + ester,26
Binary,smiles:CC(C)C || smiles:CCC#N,C4H10 / C3H5N,hydrocarbon,other,hydrocarbon + other,26
Binary,smiles:CC(C)CC(C)(C)C || smiles:CCCC(C)O,C8H18 / C5H12O,alcohol,hydrocarbon,alcohol + hydrocarbon,26
Binary,smiles:CC(C)CC(C)(C)C || smiles:CCCCCO,C8H18 / C5H12O,alcohol,hydrocarbon,alcohol + hydrocarbon,26
Binary,smiles:CC(C)CC(C)(C)C || smiles:CCCCO,C8H18 / C4H10O,alcohol,hydrocarbon,alcohol + hydrocarbon,26
Binary,smiles:CC(C)CO || smiles:COCOCC(C)C,C4H10O / C6H14O2,alcohol,ether,alcohol + ether,26
Binary,smiles:CC(C)O || smiles:CCCCCO,C3H8O / C5H12O,alcohol,alcohol,alcohol + alcohol,26
Binary,smiles:CC1CCCCC1 || smiles:CCOC(=O)OCC,C7H14 / C5H10O3,ester,hydrocarbon,ester + hydrocarbon,26
Binary,smiles:CCC(O)CC || smiles:O=C=O,C5H12O / CO2,alcohol,other,alcohol + other,26
Binary,smiles:CCCC || smiles:FC(F)C(F)(F)F,C4H10 / C2HF5,halogenated,hydrocarbon,halogenated + hydrocarbon,26
Binary,smiles:CCCC(C)O || smiles:CCCCCCC,C5H12O / C7H16,alcohol,hydrocarbon,alcohol + hydrocarbon,26
Binary,smiles:CCCC(C)O || smiles:Cc1ccc(C)c(C)c1,C5H12O / C9H12,alcohol,aromatic,alcohol + aromatic,26
Binary,smiles:CCCC(C)O || smiles:Cc1ccccc1,C5H12O / C7H8,alcohol,aromatic,alcohol + aromatic,26
Binary,smiles:CCCCC || smiles:CCOC=O,C5H12 / C3H6O2,ester,hydrocarbon,ester + hydrocarbon,26
Binary,smiles:CCCCCCC || smiles:COC=O,C7H16 / C2H4O2,ester,hydrocarbon,ester + hydrocarbon,26
Binary,smiles:CCCCCCCC || smiles:NC1CCCCC1,C8H18 / C6H13N,amine,hydrocarbon,amine + hydrocarbon,26
Binary,smiles:CCCCCCCCC || smiles:COC=O,C9H20 / C2H4O2,ester,hydrocarbon,ester + hydrocarbon,26
Binary,smiles:CCCCCO || smiles:Cc1ccc(C)c(C)c1,C5H12O / C9H12,alcohol,aromatic,alcohol + aromatic,26
Binary,smiles:CCCCCO || smiles:Cc1ccccc1,C5H12O / C7H8,alcohol,aromatic,alcohol + aromatic,26
Binary,smiles:CCCCO || smiles:CCCCOC(=O)C(C)O,C4H10O / C7H14O3,alcohol,ester,alcohol + ester,26
Binary,smiles:CCCOC(C)=O || smiles:CCOC(C)=O,C5H10O2 / C4H8O2,ester,ester,ester + ester,26
Binary,smiles:CCO || smiles:CCOC(=O)OCC,C2H6O / C5H10O3,alcohol,ester,alcohol + ester,26
Binary,smiles:CCO || smiles:CSC,C2H6O / C2H6S,alcohol,sulfur-containing,alcohol + sulfur-containing,26
Binary,smiles:COC || smiles:CSC,C2H6O / C2H6S,ether,sulfur-containing,ether + sulfur-containing,26
Binary,smiles:COC(C)=O || smiles:CSC,C3H6O2 / C2H6S,ester,sulfur-containing,ester + sulfur-containing,26
Binary,smiles:Cc1ccccc1 || smiles:c1ccoc1,C7H8 / C4H4O,aromatic,aromatic,aromatic + aromatic,26
Binary,smiles:O=C(C(F)(F)C(F)(F)F)C(F)(C(F)(F)F)C(F)(F)F || smiles:O=C=O,C6F12O / CO2,ketone,other,ketone + other,26
Binary,smiles:C/C=C/C || smiles:CCSCC,C4H8 / C4H10S,hydrocarbon,sulfur-containing,hydrocarbon + sulfur-containing,25
Binary,smiles:C1=CCCCC1 || smiles:C1COCCN1,C6H10 / C4H9NO,amine,hydrocarbon,amine + hydrocarbon,25
Binary,smiles:C1CCSC1 || smiles:Cc1ccccc1C,C4H8S / C8H10,aromatic,sulfur-containing,aromatic + sulfur-containing,25
Binary,smiles:CC(=O)N(C)C || smiles:CS(C)=O,C4H9NO / C2H6OS,amide,sulfur-containing,amide + sulfur-containing,25
Binary,smiles:CC(C)C || smiles:CCSCC,C4H10 / C4H10S,hydrocarbon,sulfur-containing,hydrocarbon + sulfur-containing,25
Binary,smiles:CC(C)OC(C)C || smiles:O=C=O,C6H14O / CO2,ether,other,ether + other,25
Binary,smiles:CC(CC(C)(C)C)CP(=O)([O-])CC(C)CC(C)(C)C.CCCCCCCCCCCCCC[P+](CCCCCC)(CCCCCC)CCCCCC || smiles:FC(F)C(F)(F)F,C48H102O2P2 / C2HF5,halogenated,other,halogenated + other,25
Binary,smiles:CCC || smiles:CCCO,C3H8 / C3H8O,alcohol,hydrocarbon,alcohol + hydrocarbon,25
Binary,smiles:CCC#N || smiles:CCCC,C3H5N / C4H10,hydrocarbon,other,hydrocarbon + other,25
Binary,smiles:CCCCOC(C)(C)C || smiles:CCO,C8H18O / C2H6O,alcohol,ether,alcohol + ether,25
Binary,smiles:CCCO || smiles:CCCOCOCC,C3H8O / C6H14O2,alcohol,ether,alcohol + ether,25
Binary,smiles:CCO || smiles:O=C=O,C2H6O / CO2,alcohol,other,alcohol + other,25
Binary,smiles:CO || smiles:c1ccccc1,CH4O / C6H6,alcohol,aromatic,alcohol + aromatic,25
Binary,fallback:aa4d3d71d5f43049 || smiles:CCCCO,C6H14O2 / C4H10O,alcohol,unresolved,alcohol + unresolved,24
Binary,smiles:C1CCCCC1 || smiles:C1COCCN1,C6H12 / C4H9NO,amine,hydrocarbon,amine + hydrocarbon,24
Binary,smiles:C1CCOCC1 || smiles:CCCCCl,C5H10O / C4H9Cl,ether,halogenated,ether + halogenated,24
Binary,smiles:CC(C)C(C)O || smiles:O=C=O,C5H12O / CO2,alcohol,other,alcohol + other,24
Binary,smiles:CC(C)CCO || smiles:CCC(=O)OCCC(C)C,C5H12O / C8H16O2,alcohol,ester,alcohol + ester,24
Binary,smiles:CC(C)CO || smiles:CCCCCCO,C4H10O / C6H14O,alcohol,alcohol,alcohol + alcohol,24
Binary,smiles:CCCCC || smiles:CCCOC=O,C5H12 / C4H8O2,ester,hydrocarbon,ester + hydrocarbon,24
Binary,smiles:CCCCCCC || smiles:CCCCCO,C7H16 / C5H12O,alcohol,hydrocarbon,alcohol + hydrocarbon,24
Binary,smiles:CCCCCCCC || smiles:CCOC=O,C8H18 / C3H6O2,ester,hydrocarbon,ester + hydrocarbon,24
Binary,smiles:CCCOCOCC || smiles:CCO,C6H14O2 / C2H6O,alcohol,ether,alcohol + ether,24
Binary,smiles:COCC(C)O || smiles:COCCO,C4H10O2 / C3H8O2,alcohol,alcohol,alcohol + alcohol,24
Binary,smiles:COCCO || smiles:O,C3H8O2 / H2O,alcohol,water,alcohol + water,24
Binary,smiles:FC(F)(F)C(F)(F)C(F)(F)C(F)(F)C(F)(F)C(F)(F)F || smiles:FC(F)(F)F,C6F14 / CF4,halogenated,halogenated,halogenated + halogenated,24
Binary,smiles:O=C=O || smiles:O=S=O,CO2 / O2S,other,sulfur-containing,other + sulfur-containing,24
Binary,smiles:CC#N || smiles:O,C2H3N / H2O,other,water,other + water,23
Binary,smiles:CC(=O)O || smiles:CCC(C)=O,C2H4O2 / C4H8O,acid,ketone,acid + ketone,23
Binary,smiles:CC(C)OC(C)C || smiles:COCCO,C6H14O / C3H8O2,alcohol,ether,alcohol + ether,23
Binary,smiles:CC1=CCC2CC1C2(C)C || smiles:CC1=CC[C@@H]2[C@H](C1)C2(C)C,C10H16 / C10H16,hydrocarbon,hydrocarbon,hydrocarbon + hydrocarbon,23
Binary,smiles:CCCC(=O)OCC || smiles:O=C=O,C6H12O2 / CO2,ester,other,ester + other,23
Binary,smiles:CCCCCCCCCC || smiles:CCOC=O,C10H22 / C3H6O2,ester,hydrocarbon,ester + hydrocarbon,23
Binary,smiles:CCOC(=O)OCC || smiles:CCOC(C)=O,C5H10O3 / C4H8O2,ester,ester,ester + ester,23
Binary,smiles:NC1CCCCC1 || smiles:O,C6H13N / H2O,amine,water,amine + water,23
Binary,smiles:C1CCOCC1 || smiles:CCC(C)Cl,C5H10O / C4H9Cl,ether,halogenated,ether + halogenated,22
Binary,smiles:C=C1C2CCC(C2)C1(C)C || smiles:Cc1ccc(C(C)C)cc1,C10H16 / C10H14,aromatic,hydrocarbon,aromatic + hydrocarbon,22
Binary,smiles:C=CCO || smiles:OCCO,C3H6O / C2H6O2,alcohol,alcohol,alcohol + alcohol,22
Binary,smiles:CC(C)=O || smiles:CC(C)N(C)C,C3H6O / C5H13N,amine,ketone,amine + ketone,22
Binary,smiles:CC(C)O || smiles:CCCCO,C3H8O / C4H10O,alcohol,alcohol,alcohol + alcohol,22
Binary,smiles:CCC(C)O || smiles:CO,C4H10O / CH4O,alcohol,alcohol,alcohol + alcohol,22
Binary,smiles:CCC(C)O || smiles:CS(C)=O,C4H10O / C2H6OS,alcohol,sulfur-containing,alcohol + sulfur-containing,22
Binary,smiles:CCCCCC || smiles:CCOC(=O)CC,C6H14 / C5H10O2,ester,hydrocarbon,ester + hydrocarbon,22
Binary,smiles:CCCCCCCC || smiles:CCOC(=O)CC,C8H18 / C5H10O2,ester,hydrocarbon,ester + hydrocarbon,22
Binary,smiles:CCCCCCCCCCCC(=O)OCC || smiles:CCO,C14H28O2 / C2H6O,alcohol,ester,alcohol + ester,22
Binary,smiles:CCCCCO || smiles:CCCOCCC,C5H12O / C6H14O,alcohol,ether,alcohol + ether,22
Binary,smiles:CCCCOC(C)=O || smiles:COc1ccccc1,C6H12O2 / C7H8O,ester,ether,ester + ether,22
Binary,smiles:CCOC(C)(C)CC || smiles:CO,C7H16O / CH4O,alcohol,ether,alcohol + ether,22
Binary,smiles:CO || smiles:COC(=O)Oc1ccccc1,CH4O / C8H8O3,alcohol,ester,alcohol + ester,22
Binary,smiles:COC(=O)OC || smiles:COC(=O)Oc1ccccc1,C3H6O3 / C8H8O3,ester,ester,ester + ester,22
Binary,smiles:FC(Cl)C(F)(F)F || smiles:O=C=O,C2HClF4 / CO2,halogenated,other,halogenated + other,22
Binary,smiles:FC(F)C(F)(F)F || smiles:O=C=O,C2HF5 / CO2,halogenated,other,halogenated + other,22
Binary,smiles:C1CCCCC1 || smiles:CCOC(=O)CC,C6H12 / C5H10O2,ester,hydrocarbon,ester + hydrocarbon,21
Binary,smiles:C1CCCCC1 || smiles:Nc1ccccc1,C6H12 / C6H7N,amine,hydrocarbon,amine + hydrocarbon,21
Binary,smiles:C1CCOCC1 || smiles:CC(C)CC(C)(C)C,C5H10O / C8H18,ether,hydrocarbon,ether + hydrocarbon,21
Binary,smiles:C1CCOCC1 || smiles:CC(C)CCl,C5H10O / C4H9Cl,ether,halogenated,ether + halogenated,21
Binary,smiles:C1CCOCC1 || smiles:CC(C)O,C5H10O / C3H8O,alcohol,ether,alcohol + ether,21
Binary,smiles:C=C(F)C(F)(F)F || smiles:[Ar],C3H2F4 / Ar,halogenated,other,halogenated + other,21
Binary,smiles:C=C1C2CCC(C2)C1(C)C || smiles:CC1=CCC2CC1C2(C)C,C10H16 / C10H16,hydrocarbon,hydrocarbon,hydrocarbon + hydrocarbon,21
Binary,smiles:C=CCO || smiles:O,C3H6O / H2O,alcohol,water,alcohol + water,21
Binary,smiles:CC(=O)N(C)C || smiles:CC(C)N(C)C,C4H9NO / C5H13N,amide,amine,amide + amine,21
Binary,smiles:CC(=O)O || smiles:CN1CCCC1=O,C2H4O2 / C5H9NO,acid,amide,acid + amide,21
Binary,smiles:CC(=O)OCC(C)C || smiles:CCCCCCO,C6H12O2 / C6H14O,alcohol,ester,alcohol + ester,21
Binary,smiles:CC(=O)OCC(C)C || smiles:CCCCOC(=O)CC,C6H12O2 / C7H14O2,ester,ester,ester + ester,21
Binary,smiles:CC(=O)OCC(C)C || smiles:CN(C)C=O,C6H12O2 / C3H7NO,amide,ester,amide + ester,21
Binary,smiles:CC(C)=O || smiles:CC(C)CC(C)(C)C,C3H6O / C8H18,hydrocarbon,ketone,hydrocarbon + ketone,21
Binary,smiles:CC(C)=O || smiles:CCO,C3H6O / C2H6O,alcohol,ketone,alcohol + ketone,21
Binary,smiles:CC(C)CC(C)(C)C || smiles:CCC(C)=O,C8H18 / C4H8O,hydrocarbon,ketone,hydrocarbon + ketone,21
Binary,smiles:CC(C)CCO || smiles:CCCCCCO,C5H12O / C6H14O,alcohol,alcohol,alcohol + alcohol,21
Binary,smiles:CC(C)CO || smiles:CCCCOC(=O)CC,C4H10O / C7H14O2,alcohol,ester,alcohol + ester,21
Binary,smiles:CCC(C)=O || smiles:CO,C4H8O / CH4O,alcohol,ketone,alcohol + ketone,21
Binary,smiles:CCC(C)O || smiles:CN(C)C=O,C4H10O / C3H7NO,alcohol,amide,alcohol + amide,21
Binary,smiles:CCCCC1CCCCC1 || smiles:O=C=O,C10H20 / CO2,hydrocarbon,other,hydrocarbon + other,21
Binary,smiles:CCCCCCCC || smiles:CCO,C8H18 / C2H6O,alcohol,hydrocarbon,alcohol + hydrocarbon,21
Binary,smiles:CCCCCCCC/C=C\CCCCCCCC(=O)OCC(COC(=O)CCCCCCC/C=C\CCCCCCCC)OC(=O)CCCCCCC/C=C\CCCCCCCC || smiles:CO,C57H104O6 / CH4O,alcohol,ester,alcohol + ester,21
Binary,smiles:CCCCCCO || smiles:CCCCOC(C)=O,C6H14O / C6H12O2,alcohol,ester,alcohol + ester,21
Binary,smiles:CCCCCO || smiles:CCCCO,C5H12O / C4H10O,alcohol,alcohol,alcohol + alcohol,21
Binary,smiles:CCCCCO || smiles:CCCO,C5H12O / C3H8O,alcohol,alcohol,alcohol + alcohol,21
Binary,smiles:CCCCO || smiles:COCOCC(C)C,C4H10O / C6H14O2,alcohol,ether,alcohol + ether,21
Binary,smiles:CCCO || smiles:CCOCCO,C3H8O / C4H10O2,alcohol,alcohol,alcohol + alcohol,21
Binary,smiles:CCCOCCC || smiles:CCOCCO,C6H14O / C4H10O2,alcohol,ether,alcohol + ether,21
Binary,smiles:CCO || smiles:CCOC(=O)CC,C2H6O / C5H10O2,alcohol,ester,alcohol + ester,21
Binary,smiles:CCO || smiles:c1ccccc1,C2H6O / C6H6,alcohol,aromatic,alcohol + aromatic,21
Binary,smiles:CCc1cccs1 || smiles:Cc1cc(C)cc(C)c1,C6H8S / C9H12,aromatic,sulfur-containing,aromatic + sulfur-containing,21
Binary,smiles:CO || smiles:O,CH4O / H2O,alcohol,water,alcohol + water,21
Binary,fallback:2435468cddae75fa || smiles:CC1=CCC2C(C1)C2(C)C,C15H24 / C10H16,hydrocarbon,unresolved,hydrocarbon + unresolved,20
Binary,fallback:2435468cddae75fa || smiles:CC1=CCC2CC1C2(C)C,C15H24 / C10H16,hydrocarbon,unresolved,hydrocarbon + unresolved,20
Binary,smiles:C=C(F)C(F)(F)F || smiles:FC(F)(F)C(F)(F)C(F)(F)F,C3H2F4 / C3F8,halogenated,halogenated,halogenated + halogenated,20
Binary,smiles:C=CCO || smiles:CNC=O,C3H6O / C2H5NO,alcohol,amide,alcohol + amide,20
Binary,smiles:CC(=O)N(C)C || smiles:CC(=O)O,C4H9NO / C2H4O2,acid,amide,acid + amide,20
Binary,smiles:CC(=O)N(C)C || smiles:CN(C)C=O,C4H9NO / C3H7NO,amide,amide,amide + amide,20
Binary,smiles:CC(C)CC(C)(C)C || smiles:COC(C)(C)C,C8H18 / C5H12O,ether,hydrocarbon,ether + hydrocarbon,20
Binary,smiles:CC(C)CCO || smiles:CCCCOC(C)=O,C5H12O / C6H12O2,alcohol,ester,alcohol + ester,20
Binary,smiles:CC(C)CO || smiles:CN(C)C=O,C4H10O / C3H7NO,alcohol,amide,alcohol + amide,20
Binary,smiles:CC(C)O || smiles:CCC(=O)OC(C)C,C3H8O / C6H12O2,alcohol,ester,alcohol + ester,20
Binary,smiles:CC(C)O || smiles:COCCO,C3H8O / C3H8O2,alcohol,alcohol,alcohol + alcohol,20
Binary,smiles:CC(C)O || smiles:OCCCO,C3H8O / C3H8O2,alcohol,alcohol,alcohol + alcohol,20
Binary,smiles:CC1=CCC2CC1C2(C)C || smiles:Cc1ccc(C(C)C)cc1,C10H16 / C10H14,aromatic,hydrocarbon,aromatic + hydrocarbon,20
Binary,smiles:CCC(C)C || smiles:c1ccsc1,C5H12 / C4H4S,hydrocarbon,sulfur-containing,hydrocarbon + sulfur-containing,20
Binary,smiles:CCCCCCCCCCCC(=O)OC || smiles:CO,C13H26O2 / CH4O,alcohol,ester,alcohol + ester,20
Binary,smiles:CCCCO || smiles:COCOCOCOC,C4H10O / C5H12O4,alcohol,ether,alcohol + ether,20
Binary,smiles:CCCCc1ccccc1 || smiles:O=CN1CCOCC1,C10H14 / C5H9NO2,amide,aromatic,amide + aromatic,20
Binary,smiles:CO || smiles:OCC(F)(F)C(F)(F)C(F)(F)C(F)F,CH4O / C5H4F8O,alcohol,alcohol,alcohol + alcohol,20
Binary,smiles:NC1CCCCC1 || smiles:Nc1ccccc1,C6H13N / C6H7N,amine,amine,amine + amine,20
Binary,fallback:2435468cddae75fa || smiles:C=C1C2CCC(C2)C1(C)C,C15H24 / C10H16,hydrocarbon,unresolved,hydrocarbon + unresolved,19
Binary,fallback:2435468cddae75fa || smiles:Cc1ccc(C(C)C)cc1,C15H24 / C10H14,aromatic,unresolved,aromatic + unresolved,19
Binary,fallback:4501d0d6bfddcc6a || smiles:CCC(C)=O,C5H10O2 / C4H8O,ketone,unresolved,ketone + unresolved,19
Binary,fallback:4501d0d6bfddcc6a || smiles:COC(C)=O,C5H10O2 / C3H6O2,ester,unresolved,ester + unresolved,19
Binary,smiles:C1CCCCC1 || smiles:O=C=O,C6H12 / CO2,hydrocarbon,other,hydrocarbon + other,19
Binary,smiles:C=C(F)C(F)(F)F || smiles:N#N,C3H2F4 / N2,halogenated,other,halogenated + other,19
Binary,smiles:CC#N || smiles:CCCO,C2H3N / C3H8O,alcohol,other,alcohol + other,19
Binary,smiles:CC#N || smiles:OCCO,C2H3N / C2H6O2,alcohol,other,alcohol + other,19
Binary,smiles:CC(C)=O || smiles:O=Cc1ccco1,C3H6O / C5H4O2,aromatic,ketone,aromatic + ketone,19
Binary,smiles:CC(C)CC(C)(C)C || smiles:CCCCOCCCC,C8H18 / C8H18O,ether,hydrocarbon,ether + hydrocarbon,19
Binary,smiles:CC(C)CCO || smiles:CCCCO,C5H12O / C4H10O,alcohol,alcohol,alcohol + alcohol,19
Binary,smiles:CC(C)O || smiles:CCOCC(C)O,C3H8O / C5H12O2,alcohol,alcohol,alcohol + alcohol,19
Binary,smiles:CC(C)OC(C)C || smiles:CCCCO,C6H14O / C4H10O,alcohol,ether,alcohol + ether,19
Binary,smiles:CC1=CCC2C(C1)C2(C)C || smiles:Cc1ccc(C(C)C)cc1,C10H16 / C10H14,aromatic,hydrocarbon,aromatic + hydrocarbon,19
Binary,smiles:CCC(C)OC(C)=O || smiles:CN(C)C=O,C6H12O2 / C3H7NO,amide,ester,amide + ester,19
Binary,smiles:CCCCCC || smiles:CCO,C6H14 / C2H6O,alcohol,hydrocarbon,alcohol + hydrocarbon,19
Binary,smiles:CCCCCCCCCC || smiles:CCc1cccs1,C10H22 / C6H8S,hydrocarbon,sulfur-containing,hydrocarbon + sulfur-containing,19
Binary,smiles:CCCCCCCCCCCCCC(=O)OC || smiles:CO,C15H30O2 / CH4O,alcohol,ester,alcohol + ester,19
Binary,smiles:CCCCCCCCCCCCCC(=O)OCC || smiles:CCO,C16H32O2 / C2H6O,alcohol,ester,alcohol + ester,19
Binary,smiles:CCCCCCO || smiles:CCCCO,C6H14O / C4H10O,alcohol,alcohol,alcohol + alcohol,19
Binary,smiles:CCCCCO || smiles:CCCCCS,C5H12O / C5H12S,alcohol,sulfur-containing,alcohol + sulfur-containing,19
Binary,smiles:CCCCOC(C)=O || smiles:COc1ccccc1O,C6H12O2 / C7H8O2,alcohol,ester,alcohol + ester,19
Binary,smiles:CCCO || smiles:CCOCC(C)O,C3H8O / C5H12O2,alcohol,alcohol,alcohol + alcohol,19
Binary,smiles:CCCO || smiles:OCCO,C3H8O / C2H6O2,alcohol,alcohol,alcohol + alcohol,19
Binary,smiles:CCO || smiles:COC(=O)OC,C2H6O / C3H6O3,alcohol,ester,alcohol + ester,19
Binary,smiles:CCOC(=O)C(C)CC || smiles:O=C=O,C7H14O2 / CO2,ester,other,ester + other,19
Binary,smiles:Cc1ccc(C)cc1 || smiles:OCC(F)(F)C(F)F,C8H10 / C3H4F4O,alcohol,aromatic,alcohol + aromatic,19
Binary,smiles:Cc1ccccc1C || smiles:c1ccccc1,C8H10 / C6H6,aromatic,aromatic,aromatic + aromatic,19
Binary,smiles:ClC(Cl)(Cl)Br || smiles:ClCBr,CBrCl3 / CH2BrCl,halogenated,halogenated,halogenated + halogenated,19
Binary,smiles:ClC(Cl)Cl || smiles:OCC(F)(F)C(F)F,CHCl3 / C3H4F4O,alcohol,halogenated,alcohol + halogenated,19
Binary,smiles:FC(F)Cl || smiles:O=C=O,CHClF2 / CO2,halogenated,other,halogenated + other,19
Binary,smiles:BrCBr || smiles:ClCBr,CH2Br2 / CH2BrCl,halogenated,halogenated,halogenated + halogenated,18
Binary,smiles:BrCCBr || smiles:ClC(Cl)Cl,C2H4Br2 / CHCl3,halogenated,halogenated,halogenated + halogenated,18
Binary,smiles:C/C=C/CC#N || smiles:C=CC1CC=CCC1,C5H7N / C8H12,hydrocarbon,other,hydrocarbon + other,18
Binary,smiles:C=C || smiles:Cc1ccccc1,C2H4 / C7H8,aromatic,hydrocarbon,aromatic + hydrocarbon,18
Binary,smiles:CC(C)CC(C)(C)C || smiles:CC(C)OC(C)C,C8H18 / C6H14O,ether,hydrocarbon,ether + hydrocarbon,18
Binary,smiles:CC(C)N(C)C || smiles:O=Cc1ccco1,C5H13N / C5H4O2,amine,aromatic,amine + aromatic,18
Binary,smiles:CC(C)OC(C)C || smiles:CCOCC(C)O,C6H14O / C5H12O2,alcohol,ether,alcohol + ether,18
Binary,smiles:CCCO || smiles:ClCCBr,C3H8O / C2H4BrCl,alcohol,halogenated,alcohol + halogenated,18
Binary,smiles:CCCOC(C)=O || smiles:CS(C)=O,C5H10O2 / C2H6OS,ester,sulfur-containing,ester + sulfur-containing,18
Binary,smiles:CCO || smiles:OCCCO,C2H6O / C3H8O2,alcohol,alcohol,alcohol + alcohol,18
Binary,smiles:CCOC(C)=O || smiles:CS(C)=O,C4H8O2 / C2H6OS,ester,sulfur-containing,ester + sulfur-containing,18
Binary,smiles:CN1CCCC1=O || smiles:OCC(F)(F)C(F)F,C5H9NO / C3H4F4O,alcohol,amide,alcohol + amide,18
Binary,smiles:CO || smiles:CS(C)=O,CH4O / C2H6OS,alcohol,sulfur-containing,alcohol + sulfur-containing,18
Binary,smiles:Cl[SiH2]Cl || smiles:Cl[Si](Cl)(Cl)Cl,Cl2H2Si / Cl4Si,halogenated,halogenated,halogenated + halogenated,18
Binary,smiles:FC(F)(F)C(Cl)Cl || smiles:O=C=O,C2HCl2F3 / CO2,halogenated,other,halogenated + other,18
Binary,fallback:e1591e1a11bbc209 || smiles:C=CC(C)CCCC(C)(C)O,C10H18 / C10H20O,alcohol,unresolved,alcohol + unresolved,17
Binary,smiles:BrCBr || smiles:ClC(Cl)(Cl)Br,CH2Br2 / CBrCl3,halogenated,halogenated,halogenated + halogenated,17
Binary,smiles:BrCCBr || smiles:ClC(Cl)C(Cl)Cl,C2H4Br2 / C2H2Cl4,halogenated,halogenated,halogenated + halogenated,17
Binary,smiles:C1COCCO1 || smiles:CCCCO,C4H8O2 / C4H10O,alcohol,ether,alcohol + ether,17
Binary,smiles:C=C(C)C(C)C || smiles:c1ccsc1,C6H12 / C4H4S,hydrocarbon,sulfur-containing,hydrocarbon + sulfur-containing,17
Binary,smiles:C=CCO || smiles:CN1CCCC1=O,C3H6O / C5H9NO,alcohol,amide,alcohol + amide,17
Binary,smiles:CC(=O)O || smiles:ClCCCl,C2H4O2 / C2H4Cl2,acid,halogenated,acid + halogenated,17
Binary,smiles:CC(C)CC(C)(C)C || smiles:CCCCS,C8H18 / C4H10S,hydrocarbon,sulfur-containing,hydrocarbon + sulfur-containing,17
Binary,smiles:CC(O)C(C)O || smiles:CCCCO,C4H10O2 / C4H10O,alcohol,alcohol,alcohol + alcohol,17
Binary,smiles:CC(O)C(C)O || smiles:CCCCOC(C)=O,C4H10O2 / C6H12O2,alcohol,ester,alcohol + ester,17
Binary,smiles:CCC(=O)O || smiles:CCI,C3H6O2 / C2H5I,acid,halogenated,acid + halogenated,17
Binary,smiles:CCCCCC || smiles:c1ccoc1,C6H14 / C4H4O,aromatic,hydrocarbon,aromatic + hydrocarbon,17
Binary,smiles:CCCCCCCCC || smiles:c1ccccc1,C9H20 / C6H6,aromatic,hydrocarbon,aromatic + hydrocarbon,17
Binary,smiles:CCCCCCCCCC || smiles:Cc1ccc(C)s1,C10H22 / C6H8S,hydrocarbon,sulfur-containing,hydrocarbon + sulfur-containing,17
Binary,smiles:CCI || smiles:CCO,C2H5I / C2H6O,alcohol,halogenated,alcohol + halogenated,17
Binary,smiles:COC(C)=O || smiles:CS(C)=O,C3H6O2 / C2H6OS,ester,sulfur-containing,ester + sulfur-containing,17
Binary,smiles:Cc1ccc(C)c(C)c1 || smiles:O=CN1CCOCC1,C9H12 / C5H9NO2,amide,aromatic,amide + aromatic,17
Binary,smiles:Cc1ccccc1 || smiles:Cc1ccccc1C,C7H8 / C8H10,aromatic,aromatic,aromatic + aromatic,17
Binary,smiles:O || smiles:OCCCO,H2O / C3H8O2,alcohol,water,alcohol + water,17
Binary,smiles:BrCBr || smiles:CCCCCCC,CH2Br2 / C7H16,halogenated,hydrocarbon,halogenated + hydrocarbon,16
Binary,smiles:BrCCBr || smiles:ClCCCl,C2H4Br2 / C2H4Cl2,halogenated,halogenated,halogenated + halogenated,16
Binary,smiles:CC(=O)CC(C)C || smiles:ClC(Cl)Cl,C6H12O / CHCl3,halogenated,ketone,halogenated + ketone,16
Binary,smiles:CC(C)(C)O || smiles:CCCCC(CC)CO,C4H10O / C8H18O,alcohol,alcohol,alcohol + alcohol,16
Binary,smiles:CC(C)O || smiles:CCCOC(C)=O,C3H8O / C5H10O2,alcohol,ester,alcohol + ester,16
Binary,smiles:CCC(=O)O || smiles:CCC(=O)OC(C)C,C3H6O2 / C6H12O2,acid,ester,acid + ester,16
Binary,smiles:CCCCCC=O || smiles:O=C=O,C6H12O / CO2,other,other,other + other,16
Binary,smiles:CCCCCCC || smiles:CCCCCCCCC,C7H16 / C9H20,hydrocarbon,hydrocarbon,hydrocarbon + hydrocarbon,16
Binary,smiles:CCCCCCCC || smiles:CCc1cccs1,C8H18 / C6H8S,hydrocarbon,sulfur-containing,hydrocarbon + sulfur-containing,16
Binary,smiles:CCCCCCCC || smiles:Cc1ccc(C)cc1,C8H18 / C8H10,aromatic,hydrocarbon,aromatic + hydrocarbon,16
Binary,smiles:CCCCCCO || smiles:CN(C)C=O,C6H14O / C3H7NO,alcohol,amide,alcohol + amide,16
Binary,smiles:CCCCCCO || smiles:Cc1ccccc1C,C6H14O / C8H10,alcohol,aromatic,alcohol + aromatic,16
Binary,smiles:CCCCCCO || smiles:Clc1ccccc1,C6H14O / C6H5Cl,alcohol,halogenated,alcohol + halogenated,16
Binary,smiles:CCCCCCO || smiles:O=[N+]([O-])c1ccccc1,C6H14O / C6H5NO2,alcohol,amine,alcohol + amine,16
Binary,smiles:CCCCOC(=O)CC || smiles:COC(=O)OC,C7H14O2 / C3H6O3,ester,ester,ester + ester,16
Binary,smiles:CCc1cccc(C)c1 || smiles:Cc1ccc(C)c(C)c1,C9H12 / C9H12,aromatic,aromatic,aromatic + aromatic,16
Binary,smiles:CN(C)C=O || smiles:OCC(F)(F)C(F)F,C3H7NO / C3H4F4O,alcohol,amide,alcohol + amide,16
Binary,smiles:CNC=O || smiles:OCC(F)(F)C(F)F,C2H5NO / C3H4F4O,alcohol,amide,alcohol + amide,16
Binary,smiles:COC(=O)OC || smiles:COC=O,C3H6O3 / C2H4O2,ester,ester,ester + ester,16
Binary,smiles:COC(=O)OC || smiles:COCOC,C3H6O3 / C3H8O2,ester,ether,ester + ether,16
Binary,smiles:COC(=O)OC || smiles:Cc1ccc(C)cc1,C3H6O3 / C8H10,aromatic,ester,aromatic + ester,16
Binary,smiles:COC=O || smiles:COCOC,C2H4O2 / C3H8O2,ester,ether,ester + ether,16
Binary,smiles:CS(C)=O || smiles:O,C2H6OS / H2O,sulfur-containing,water,sulfur-containing + water,16
Binary,smiles:O || smiles:OCC(F)(F)C(F)F,H2O / C3H4F4O,alcohol,water,alcohol + water,16
Binary,smiles:OCC(F)(F)C(F)(F)C(F)(F)C(F)F || smiles:OCC(F)(F)C(F)F,C5H4F8O / C3H4F4O,alcohol,alcohol,alcohol + alcohol,16
Binary,smiles:C || smiles:CSC,CH4 / C2H6S,hydrocarbon,sulfur-containing,hydrocarbon + sulfur-containing,15
Binary,smiles:C=CC#N || smiles:CCCCCCO,C3H3N / C6H14O,alcohol,other,alcohol + other,15
Binary,smiles:CC#N || smiles:CC(C)O,C2H3N / C3H8O,alcohol,other,alcohol + other,15
Binary,smiles:CC#N || smiles:CCCCCCO,C2H3N / C6H14O,alcohol,other,alcohol + other,15
Binary,smiles:CC#N || smiles:CCO,C2H3N / C2H6O,alcohol,other,alcohol + other,15
Binary,smiles:CC(=O)O || smiles:CN(C)C=O,C2H4O2 / C3H7NO,acid,amide,acid + amide,15
Binary,smiles:CC(=O)O || smiles:CS(C)=O,C2H4O2 / C2H6OS,acid,sulfur-containing,acid + sulfur-containing,15
Binary,smiles:CC(=O)OCC(C)C || smiles:CCO,C6H12O2 / C2H6O,alcohol,ester,alcohol + ester,15
Binary,smiles:CC(=O)OCC(C)C || smiles:COC(=O)OC,C6H12O2 / C3H6O3,ester,ester,ester + ester,15
Binary,smiles:CC(C)O || smiles:CCOC(C)=O,C3H8O / C4H8O2,alcohol,ester,alcohol + ester,15
Binary,smiles:CC(O)C(C)O || smiles:CCOC(C)=O,C4H10O2 / C4H8O2,alcohol,ester,alcohol + ester,15
Binary,smiles:CCC(C)(C)O || smiles:O=Cc1ccco1,C5H12O / C5H4O2,alcohol,aromatic,alcohol + aromatic,15
Binary,smiles:CCCCCCC || smiles:ClC(Cl)(Cl)Br,C7H16 / CBrCl3,halogenated,hydrocarbon,halogenated + hydrocarbon,15
Binary,smiles:CCCCCCCC || smiles:Cc1cccc(C)c1,C8H18 / C8H10,aromatic,hydrocarbon,aromatic + hydrocarbon,15
Binary,smiles:CCCCCCCCC || smiles:Cc1ccccc1,C9H20 / C7H8,aromatic,hydrocarbon,aromatic + hydrocarbon,15
Binary,smiles:CCCCCCCCCCC || smiles:Cc1cccc(C)c1,C11H24 / C8H10,aromatic,hydrocarbon,aromatic + hydrocarbon,15
Binary,smiles:CCCCCCCCCCC || smiles:Cc1ccccc1C,C11H24 / C8H10,aromatic,hydrocarbon,aromatic + hydrocarbon,15
Binary,smiles:CCCCCCO || smiles:Nc1ccccc1,C6H14O / C6H7N,alcohol,amine,alcohol + amine,15
Binary,smiles:CCCCOCCO || smiles:CN1CCCC1=O,C6H14O2 / C5H9NO,alcohol,amide,alcohol + amide,15
Binary,smiles:CCCO || smiles:ClCBr,C3H8O / CH2BrCl,alcohol,halogenated,alcohol + halogenated,15
Binary,smiles:CCI || smiles:CCOC(=O)CC,C2H5I / C5H10O2,ester,halogenated,ester + halogenated,15
Binary,smiles:CCOCCO || smiles:CN1CCCC1=O,C4H10O2 / C5H9NO,alcohol,amide,alcohol + amide,15
Binary,smiles:CCc1ccc(C)cc1 || smiles:Cc1ccc(C)c(C)c1,C9H12 / C9H12,aromatic,aromatic,aromatic + aromatic,15
Binary,smiles:CCc1ccccc1 || smiles:O=CN1CCOCC1,C8H10 / C5H9NO2,amide,aromatic,amide + aromatic,15
Binary,smiles:CN1CCCC1=O || smiles:COCCO,C5H9NO / C3H8O2,alcohol,amide,alcohol + amide,15
Binary,smiles:COCCO || smiles:Cc1ccccc1,C3H8O2 / C7H8,alcohol,aromatic,alcohol + aromatic,15
Binary,smiles:Cc1ccc(O)cc1 || smiles:OCCNCCO,C7H8O / C4H11NO2,alcohol,alcohol,alcohol + alcohol,15
Binary,smiles:Cc1cccc(O)c1 || smiles:OCCNCCO,C7H8O / C4H11NO2,alcohol,alcohol,alcohol + alcohol,15
Binary,fallback:2471c64d7f43614f || smiles:O=C=O,C16H27F6N3O4S2 / CO2,other,unresolved,other + unresolved,14
Binary,smiles:BrCBr || smiles:CCCO,CH2Br2 / C3H8O,alcohol,halogenated,alcohol + halogenated,14
Binary,smiles:Brc1ccccc1 || smiles:CCCCCCC,C6H5Br / C7H16,halogenated,hydrocarbon,halogenated + hydrocarbon,14
Binary,smiles:C1CCCCC1 || smiles:CCCCCCCCC,C6H12 / C9H20,hydrocarbon,hydrocarbon,hydrocarbon + hydrocarbon,14
Binary,smiles:CC#N || smiles:CCCCCC,C2H3N / C6H14,hydrocarbon,other,hydrocarbon + other,14
Binary,smiles:CC(=O)CC(C)C || smiles:O=Cc1ccco1,C6H12O / C5H4O2,aromatic,ketone,aromatic + ketone,14
Binary,smiles:CCC(C)O || smiles:O=Cc1ccco1,C4H10O / C5H4O2,alcohol,aromatic,alcohol + aromatic,14
Binary,smiles:CCCCCC || smiles:CCCCCCCCO,C6H14 / C8H18O,alcohol,hydrocarbon,alcohol + hydrocarbon,14
Binary,smiles:CCCCCCCC || smiles:Cc1ccccc1C,C8H18 / C8H10,aromatic,hydrocarbon,aromatic + hydrocarbon,14
Binary,smiles:CCCCCCCCC || smiles:Cc1cccc(C)c1,C9H20 / C8H10,aromatic,hydrocarbon,aromatic + hydrocarbon,14
Binary,smiles:CCCCCCCCCC || smiles:Cc1cccc(C)c1,C10H22 / C8H10,aromatic,hydrocarbon,aromatic + hydrocarbon,14
Binary,smiles:CCCCCCCCCCC || smiles:Cc1ccc(C)cc1,C11H24 / C8H10,aromatic,hydrocarbon,aromatic + hydrocarbon,14
Binary,smiles:CCCCCCCCCCCCCCCC || smiles:c1ccc2c(c1)CCCC2,C16H34 / C10H12,aromatic,hydrocarbon,aromatic + hydrocarbon,14
Binary,smiles:CCCCc1ccccc1 || smiles:COc1ccccc1,C10H14 / C7H8O,aromatic,ether,aromatic + ether,14
Binary,smiles:CCO || smiles:FC(F)(F)c1ccccc1,C2H6O / C7H5F3,alcohol,halogenated,alcohol + halogenated,14
Binary,smiles:CCO || smiles:c1ccoc1,C2H6O / C4H4O,alcohol,aromatic,alcohol + aromatic,14
Binary,smiles:CN(C)C=O || smiles:ClC(Cl)Cl,C3H7NO / CHCl3,amide,halogenated,amide + halogenated,14
Binary,smiles:CSSC || smiles:Cc1ccccc1,C2H6S2 / C7H8,aromatic,sulfur-containing,aromatic + sulfur-containing,14
Binary,smiles:Cc1ccccc1 || smiles:ClCCCl,C7H8 / C2H4Cl2,aromatic,halogenated,aromatic + halogenated,14
Binary,smiles:ClC(Cl)Cl || smiles:FC(F)(F)c1ccccc1,CHCl3 / C7H5F3,halogenated,halogenated,halogenated + halogenated,14
Binary,fallback:e1591e1a11bbc209 || smiles:C=CC(C)CCC=C(C)C,C10H18 / C10H18,hydrocarbon,unresolved,hydrocarbon + unresolved,13
Binary,smiles:C1CCOCC1 || smiles:CC(C)(C)Cl,C5H10O / C4H9Cl,ether,halogenated,ether + halogenated,13
Binary,smiles:C=CC(C)CCC=C(C)C || smiles:C=CC(C)CCCC(C)(C)O,C10H18 / C10H20O,alcohol,hydrocarbon,alcohol + hydrocarbon,13
Binary,smiles:CC(C)c1ccccc1 || smiles:O=CN1CCOCC1,C9H12 / C5H9NO2,amide,aromatic,amide + aromatic,13
Binary,smiles:CCC(=O)OC || smiles:CO,C4H8O2 / CH4O,alcohol,ester,alcohol + ester,13
Binary,smiles:CCC=C(C)C || smiles:CCO,C6H12 / C2H6O,alcohol,hydrocarbon,alcohol + hydrocarbon,13
Binary,smiles:CCCCCC || smiles:CCCCl,C6H14 / C3H7Cl,halogenated,hydrocarbon,halogenated + hydrocarbon,13
Binary,smiles:CCCCCCC || smiles:CCCCl,C7H16 / C3H7Cl,halogenated,hydrocarbon,halogenated + hydrocarbon,13
Binary,smiles:CCCCCCCCC || smiles:Cc1ccc(C)cc1,C9H20 / C8H10,aromatic,hydrocarbon,aromatic + hydrocarbon,13
Binary,smiles:CCCCCCCCCC || smiles:Cc1ccc(C)cc1,C10H22 / C8H10,aromatic,hydrocarbon,aromatic + hydrocarbon,13
Binary,smiles:CCCCCCCCCC || smiles:Cc1ccccc1C,C10H22 / C8H10,aromatic,hydrocarbon,aromatic + hydrocarbon,13
Binary,smiles:CCCCCCCCCCCCCC || smiles:CCCCCCCCCCCCCC(=O)OC,C14H30 / C15H30O2,ester,hydrocarbon,ester + hydrocarbon,13
Binary,smiles:CCCO || smiles:CCSCC,C3H8O / C4H10S,alcohol,sulfur-containing,alcohol + sulfur-containing,13
Binary,smiles:CCCO || smiles:ClCCCl,C3H8O / C2H4Cl2,alcohol,halogenated,alcohol + halogenated,13
Binary,smiles:CCOC(C)=O || smiles:COC(C)(C)C,C4H8O2 / C5H12O,ester,ether,ester + ether,13
Binary,smiles:COCCO || smiles:CS(C)=O,C3H8O2 / C2H6OS,alcohol,sulfur-containing,alcohol + sulfur-containing,13
Binary,smiles:COc1ccccc1 || smiles:Cc1ccccc1,C7H8O / C7H8,aromatic,ether,aromatic + ether,13
Binary,smiles:CS(C)=O || smiles:Cc1ccccc1,C2H6OS / C7H8,aromatic,sulfur-containing,aromatic + sulfur-containing,13
Binary,smiles:FC(F)(F)c1ccccc1 || smiles:c1ccccc1,C7H5F3 / C6H6,aromatic,halogenated,aromatic + halogenated,13
Binary,smiles:C1CCCCC1 || smiles:CCCCCCC,C6H12 / C7H16,hydrocarbon,hydrocarbon,hydrocarbon + hydrocarbon,12
Binary,smiles:CC#N || smiles:CCOC(C)=O,C2H3N / C4H8O2,ester,other,ester + other,12
Binary,smiles:CC(C)c1ccccc1 || smiles:O=S1(=O)CCCC1,C9H12 / C4H8O2S,aromatic,sulfur-containing,aromatic + sulfur-containing,12
Binary,smiles:CC1CCCC1 || smiles:Cc1ccsc1,C6H12 / C5H6S,hydrocarbon,sulfur-containing,hydrocarbon + sulfur-containing,12
Binary,smiles:CC1CCCCC1 || smiles:Cc1ccsc1,C7H14 / C5H6S,hydrocarbon,sulfur-containing,hydrocarbon + sulfur-containing,12
Binary,smiles:CCCCC(CC)CO || smiles:CCCCO,C8H18O / C4H10O,alcohol,alcohol,alcohol + alcohol,12
Binary,smiles:CCCCCC || smiles:Cc1ccsc1,C6H14 / C5H6S,hydrocarbon,sulfur-containing,hydrocarbon + sulfur-containing,12
Binary,smiles:CCCCCCC || smiles:CCc1ccccc1,C7H16 / C8H10,aromatic,hydrocarbon,aromatic + hydrocarbon,12
Binary,smiles:CCCCCCC || smiles:Cc1ccc(C)cc1,C7H16 / C8H10,aromatic,hydrocarbon,aromatic + hydrocarbon,12
Binary,smiles:CCCCCCC || smiles:Cc1ccccc1,C7H16 / C7H8,aromatic,hydrocarbon,aromatic + hydrocarbon,12
Binary,smiles:CCCCCCC || smiles:Clc1ccccc1,C7H16 / C6H5Cl,halogenated,hydrocarbon,halogenated + hydrocarbon,12
Binary,smiles:CCCCCCC || smiles:Fc1ccccc1,C7H16 / C6H5F,halogenated,hydrocarbon,halogenated + hydrocarbon,12
Binary,smiles:CCCCCCC || smiles:c1ccccc1,C7H16 / C6H6,aromatic,hydrocarbon,aromatic + hydrocarbon,12
Binary,smiles:CCCCCCCCCCCCCC(=O)OC || smiles:CCCCCCCCCCCCCCCC,C15H30O2 / C16H34,ester,hydrocarbon,ester + hydrocarbon,12
Binary,smiles:CCc1ccccc1 || smiles:O=S1(=O)CCCC1,C8H10 / C4H8O2S,aromatic,sulfur-containing,aromatic + sulfur-containing,12
Binary,smiles:Cc1ccccc1 || smiles:Cc1ccsc1,C7H8 / C5H6S,aromatic,sulfur-containing,aromatic + sulfur-containing,12
Binary,smiles:C=C(C)CC(C)(C)C || smiles:CSSC,C8H16 / C2H6S2,hydrocarbon,sulfur-containing,hydrocarbon + sulfur-containing,11
Binary,smiles:CC(C)CC(C)(C)C || smiles:CSSC,C8H18 / C2H6S2,hydrocarbon,sulfur-containing,hydrocarbon + sulfur-containing,11
Binary,smiles:CC1CCCC1 || smiles:CCCCS,C6H12 / C4H10S,hydrocarbon,sulfur-containing,hydrocarbon + sulfur-containing,11
Binary,smiles:CCCC(C)C || smiles:Cc1ccsc1,C6H14 / C5H6S,hydrocarbon,sulfur-containing,hydrocarbon + sulfur-containing,11
Binary,smiles:CCCCCCCCCC || smiles:O=C=O,C10H22 / CO2,hydrocarbon,other,hydrocarbon + other,11
Binary,smiles:CCCCCCCCCCCCCC(=O)O || smiles:CCCCCCCCCCCCCCCC(=O)O,C14H28O2 / C16H32O2,acid,acid,acid + acid,11
Binary,smiles:CCCCCCCCCCCCCC(=O)O || smiles:CCCCCCCCCCCCCCCCCC(=O)O,C14H28O2 / C18H36O2,acid,acid,acid + acid,11
Binary,smiles:CCCCCCCCCCCCCC(=O)OC || smiles:CCCCCCCCCCCCCCC,C15H30O2 / C15H32,ester,hydrocarbon,ester + hydrocarbon,11
Binary,smiles:CCCCCl || smiles:CN1CCCC1=O,C4H9Cl / C5H9NO,amide,halogenated,amide + halogenated,11
Binary,smiles:CCCOC(C)=O || smiles:CCSCC,C5H10O2 / C4H10S,ester,sulfur-containing,ester + sulfur-containing,11
Binary,smiles:COc1ccccc1 || smiles:COc1ccccc1O,C7H8O / C7H8O2,alcohol,ether,alcohol + ether,11
Binary,smiles:Cc1ccc(C)c(C)c1 || smiles:Cc1ccsc1,C9H12 / C5H6S,aromatic,sulfur-containing,aromatic + sulfur-containing,11
Binary,smiles:Cc1cccc(C)c1O || smiles:Cc1cccc(O)c1,C8H10O / C7H8O,alcohol,alcohol,alcohol + alcohol,11
Binary,smiles:Cc1cccc(C)c1O || smiles:Cc1ccccc1O,C8H10O / C7H8O,alcohol,alcohol,alcohol + alcohol,11
Binary,smiles:Cc1cccc(O)c1 || smiles:Cc1ccccc1O,C7H8O / C7H8O,alcohol,alcohol,alcohol + alcohol,11
Binary,smiles:Cc1ccccc1C || smiles:Cc1ccsc1,C8H10 / C5H6S,aromatic,sulfur-containing,aromatic + sulfur-containing,11
Binary,smiles:c1ccccc1 || smiles:c1ccsc1,C6H6 / C4H4S,aromatic,sulfur-containing,aromatic + sulfur-containing,11
Binary,smiles:C1CCCC1 || smiles:[Xe],C5H10 / Xe,hydrocarbon,other,hydrocarbon + other,10
Binary,smiles:C1CCOC1 || smiles:CCO,C4H8O / C2H6O,alcohol,ether,alcohol + ether,10
Binary,smiles:CC(C)CC(C)(C)C || smiles:CCSSCC,C8H18 / C4H10S2,hydrocarbon,sulfur-containing,hydrocarbon + sulfur-containing,10
Binary,smiles:CC(C)O || smiles:ClC(Cl)Cl,C3H8O / CHCl3,alcohol,halogenated,alcohol + halogenated,10
Binary,smiles:CCCCCCCCCCCC || smiles:c1ccc2sccc2c1,C12H26 / C8H6S,hydrocarbon,sulfur-containing,hydrocarbon + sulfur-containing,10
Binary,smiles:CCCCCCCCCCCCCCCC(=O)O || smiles:CCCCCCCCCCCCCCCCCC(=O)O,C16H32O2 / C18H36O2,acid,acid,acid + acid,10
Binary,smiles:CCO || smiles:ClC(Cl)Cl,C2H6O / CHCl3,alcohol,halogenated,alcohol + halogenated,10
Binary,smiles:CN1CCCC1=O || smiles:ClCCCl,C5H9NO / C2H4Cl2,amide,halogenated,amide + halogenated,10
Binary,smiles:C1CCCCC1 || smiles:CCCCCCCCO,C6H12 / C8H18O,alcohol,hydrocarbon,alcohol + hydrocarbon,9
Binary,smiles:C=CCCCCCCCCCC || smiles:c1ccc2sccc2c1,C12H24 / C8H6S,hydrocarbon,sulfur-containing,hydrocarbon + sulfur-containing,9
Binary,smiles:CCCCCCCC/C=C\CCCCCCCC(=O)OC || smiles:CO,C19H36O2 / CH4O,alcohol,ester,alcohol + ester,9
Binary,smiles:CO || smiles:COCOC,CH4O / C3H8O2,alcohol,ether,alcohol + ether,9
Binary,smiles:Cc1ccccc1 || smiles:O=S1(=O)CCCC1,C7H8 / C4H8O2S,aromatic,sulfur-containing,aromatic + sulfur-containing,9
Binary,smiles:[Bi] || smiles:[Cu],Bi / Cu,other,other,other + other,9
Binary,fallback:4d0058e9bed0652d || smiles:CCOC(=O)OCC,C8H8O2 / C5H10O3,ester,unresolved,ester + unresolved,8
Binary,smiles:CCCCCCCCO || smiles:c1ccc2sccc2c1,C8H18O / C8H6S,alcohol,sulfur-containing,alcohol + sulfur-containing,8
Binary,fallback:4d0058e9bed0652d || smiles:CCOC(C)=O,C8H8O2 / C4H8O2,ester,unresolved,ester + unresolved,7
Binary,smiles:C || smiles:CCCCC,CH4 / C5H12,hydrocarbon,hydrocarbon,hydrocarbon + hydrocarbon,7
Binary,smiles:C=CC(=C)CCC=C(C)C || smiles:O=C=O,C10H16 / CO2,hydrocarbon,other,hydrocarbon + other,6
Binary,smiles:CCO || smiles:N#N,C2H6O / N2,alcohol,other,alcohol + other,6
Binary,smiles:CCO || smiles:O=O,C2H6O / O2,alcohol,other,alcohol + other,6
Binary,smiles:CN1CCC[C@H]1c1cccnc1 || smiles:O=C=O,C10H14N2 / CO2,amine,other,amine + other,5
Binary,smiles:[Sb] || smiles:[Sn],Sb / Sn,other,other,other + other,5
Binary,fallback:4f66b328294879e4 || smiles:CO,C14H23F6N3O4S2 / CH4O,alcohol,unresolved,alcohol + unresolved,3
Binary,fallback:4f66b328294879e4 || smiles:COC(C)=O,C14H23F6N3O4S2 / C3H6O2,ester,unresolved,ester + unresolved,3
Binary,fallback:62ea847887224036 || smiles:CO,C15H25F6N3O4S2 / CH4O,alcohol,unresolved,alcohol + unresolved,3
Binary,fallback:62ea847887224036 || smiles:COC(C)=O,C15H25F6N3O4S2 / C3H6O2,ester,unresolved,ester + unresolved,3
Binary,smiles:C || smiles:CCCC,CH4 / C4H10,hydrocarbon,hydrocarbon,hydrocarbon + hydrocarbon,3
Binary,smiles:CC(C)=CCC/C(C)=C/CC/C(C)=C/CC/C(C)=C/CC/C(C)=C/CC/C(C)=C/CC/C(C)=C/CC/C(C)=C/CC/C(C)=C/CO || smiles:O=C=O,C45H74O / CO2,alcohol,other,alcohol + other,3
Binary,smiles:CCCC(C)O || smiles:O,C5H12O / H2O,alcohol,water,alcohol + water,2
Binary,smiles:CCCCCCCCCC || smiles:FC(F)(F)C(F)(F)F,C10H22 / C2F6,halogenated,hydrocarbon,halogenated + hydrocarbon,1
Binary,smiles:Cc1ccc(C)cc1 || smiles:O,C8H10 / H2O,aromatic,water,aromatic + water,1
Ternary,smiles:CCOCCO || smiles:CO || smiles:COC(=O)OC,C4H10O2 / CH4O / C3H6O3,alcohol,alcohol,alcohol + alcohol,138
Ternary,smiles:CCOCCO || smiles:CO || smiles:COC(=O)OC,C4H10O2 / CH4O / C3H6O3,alcohol,ester,alcohol + ester,138
Ternary,smiles:C1CCCCC1 || smiles:CCO || smiles:CCOC(=O)CC,C6H12 / C2H6O / C5H10O2,alcohol,ester,alcohol + ester,124
Ternary,smiles:C1CCCCC1 || smiles:CCO || smiles:CCOC(=O)CC,C6H12 / C2H6O / C5H10O2,alcohol,hydrocarbon,alcohol + hydrocarbon,124
Ternary,smiles:C1CCCCC1 || smiles:CCO || smiles:CCOC(=O)CC,C6H12 / C2H6O / C5H10O2,ester,hydrocarbon,ester + hydrocarbon,124
Ternary,smiles:CCCCCC || smiles:CCO || smiles:CCOC(=O)CC,C6H14 / C2H6O / C5H10O2,alcohol,ester,alcohol + ester,120
Ternary,smiles:CCCCCC || smiles:CCO || smiles:CCOC(=O)CC,C6H14 / C2H6O / C5H10O2,alcohol,hydrocarbon,alcohol + hydrocarbon,120
Ternary,smiles:CCCCCC || smiles:CCO || smiles:CCOC(=O)CC,C6H14 / C2H6O / C5H10O2,ester,hydrocarbon,ester + hydrocarbon,120
Ternary,smiles:CCCCCCCC || smiles:CCO || smiles:CCOC(=O)CC,C8H18 / C2H6O / C5H10O2,alcohol,ester,alcohol + ester,120
Ternary,smiles:CCCCCCCC || smiles:CCO || smiles:CCOC(=O)CC,C8H18 / C2H6O / C5H10O2,alcohol,hydrocarbon,alcohol + hydrocarbon,120
Ternary,smiles:CCCCCCCC || smiles:CCO || smiles:CCOC(=O)CC,C8H18 / C2H6O / C5H10O2,ester,hydrocarbon,ester + hydrocarbon,120
Ternary,smiles:CC(=O)CC(C)C || smiles:CO || smiles:COC(=O)OC,C6H12O / CH4O / C3H6O3,alcohol,ester,alcohol + ester,110
Ternary,smiles:CC(=O)CC(C)C || smiles:CO || smiles:COC(=O)OC,C6H12O / CH4O / C3H6O3,alcohol,ketone,alcohol + ketone,110
Ternary,smiles:CC(=O)CC(C)C || smiles:CO || smiles:COC(=O)OC,C6H12O / CH4O / C3H6O3,ester,ketone,ester + ketone,110
Ternary,smiles:CCOC(C)(C)CC || smiles:CO || smiles:O,C7H16O / CH4O / H2O,alcohol,ether,alcohol + ether,99
Ternary,smiles:CCOC(C)(C)CC || smiles:CO || smiles:O,C7H16O / CH4O / H2O,alcohol,water,alcohol + water,99
Ternary,smiles:CCOC(C)(C)CC || smiles:CO || smiles:O,C7H16O / CH4O / H2O,ether,water,ether + water,99
Ternary,fallback:b94569dd5711d885 || smiles:CC(C)(C)O || smiles:O,C8H11N5 / C4H10O / H2O,alcohol,unresolved,alcohol + unresolved,95
Ternary,fallback:b94569dd5711d885 || smiles:CC(C)(C)O || smiles:O,C8H11N5 / C4H10O / H2O,alcohol,water,alcohol + water,95
Ternary,fallback:b94569dd5711d885 || smiles:CC(C)(C)O || smiles:O,C8H11N5 / C4H10O / H2O,unresolved,water,unresolved + water,95
Ternary,smiles:CCO || smiles:CCOC(C)(C)CC || smiles:O,C2H6O / C7H16O / H2O,alcohol,ether,alcohol + ether,94
Ternary,smiles:CCO || smiles:CCOC(C)(C)CC || smiles:O,C2H6O / C7H16O / H2O,alcohol,water,alcohol + water,94
Ternary,smiles:CCO || smiles:CCOC(C)(C)CC || smiles:O,C2H6O / C7H16O / H2O,ether,water,ether + water,94
Ternary,smiles:CC(=O)CC(C)C || smiles:CC(C)O || smiles:CC(C)OC(C)C,C6H12O / C3H8O / C6H14O,alcohol,ether,alcohol + ether,90
Ternary,smiles:CC(=O)CC(C)C || smiles:CC(C)O || smiles:CC(C)OC(C)C,C6H12O / C3H8O / C6H14O,alcohol,ketone,alcohol + ketone,90
Ternary,smiles:CC(=O)CC(C)C || smiles:CC(C)O || smiles:CC(C)OC(C)C,C6H12O / C3H8O / C6H14O,ether,ketone,ether + ketone,90
Ternary,smiles:CC(=O)CC(C)C || smiles:CC(C)CC(C)(C)C || smiles:CC(C)CO,C6H12O / C8H18 / C4H10O,alcohol,hydrocarbon,alcohol + hydrocarbon,85
Ternary,smiles:CC(=O)CC(C)C || smiles:CC(C)CC(C)(C)C || smiles:CC(C)CO,C6H12O / C8H18 / C4H10O,alcohol,ketone,alcohol + ketone,85
Ternary,smiles:CC(=O)CC(C)C || smiles:CC(C)CC(C)(C)C || smiles:CC(C)CO,C6H12O / C8H18 / C4H10O,hydrocarbon,ketone,hydrocarbon + ketone,85
Ternary,smiles:CCCCOC(C)(C)C || smiles:CCO || smiles:O,C8H18O / C2H6O / H2O,alcohol,ether,alcohol + ether,85
Ternary,smiles:CCCCOC(C)(C)C || smiles:CCO || smiles:O,C8H18O / C2H6O / H2O,alcohol,water,alcohol + water,85
Ternary,smiles:CCCCOC(C)(C)C || smiles:CCO || smiles:O,C8H18O / C2H6O / H2O,ether,water,ether + water,85
Ternary,smiles:CC(=O)C(C)C || smiles:CC(C)C(C)C || smiles:CC(C)OC(C)C,C5H10O / C6H14 / C6H14O,ether,hydrocarbon,ether + hydrocarbon,84
Ternary,smiles:CC(=O)C(C)C || smiles:CC(C)C(C)C || smiles:CC(C)OC(C)C,C5H10O / C6H14 / C6H14O,ether,ketone,ether + ketone,84
Ternary,smiles:CC(=O)C(C)C || smiles:CC(C)C(C)C || smiles:CC(C)OC(C)C,C5H10O / C6H14 / C6H14O,hydrocarbon,ketone,hydrocarbon + ketone,84
Ternary,fallback:b94569dd5711d885 || smiles:CC(C)O || smiles:O,C8H11N5 / C3H8O / H2O,alcohol,unresolved,alcohol + unresolved,76
Ternary,fallback:b94569dd5711d885 || smiles:CC(C)O || smiles:O,C8H11N5 / C3H8O / H2O,alcohol,water,alcohol + water,76
Ternary,fallback:b94569dd5711d885 || smiles:CC(C)O || smiles:O,C8H11N5 / C3H8O / H2O,unresolved,water,unresolved + water,76
Ternary,smiles:CCCCO || smiles:Cc1ccc(C)cc1 || smiles:O,C4H10O / C8H10 / H2O,alcohol,aromatic,alcohol + aromatic,75
Ternary,smiles:CCCCO || smiles:Cc1ccc(C)cc1 || smiles:O,C4H10O / C8H10 / H2O,alcohol,water,alcohol + water,75
Ternary,smiles:CCCCO || smiles:Cc1ccc(C)cc1 || smiles:O,C4H10O / C8H10 / H2O,aromatic,water,aromatic + water,75
Ternary,smiles:CC(=O)C(C)C || smiles:CC(C)CC(C)(C)C || smiles:CC(C)O,C5H10O / C8H18 / C3H8O,alcohol,hydrocarbon,alcohol + hydrocarbon,66
Ternary,smiles:CC(=O)C(C)C || smiles:CC(C)CC(C)(C)C || smiles:CC(C)O,C5H10O / C8H18 / C3H8O,alcohol,ketone,alcohol + ketone,66
Ternary,smiles:CC(=O)C(C)C || smiles:CC(C)CC(C)(C)C || smiles:CC(C)O,C5H10O / C8H18 / C3H8O,hydrocarbon,ketone,hydrocarbon + ketone,66
Ternary,fallback:e3bc547e5efe17ce || smiles:CCO || smiles:O,C6H12O6 / C2H6O / H2O,alcohol,unresolved,alcohol + unresolved,64
Ternary,fallback:e3bc547e5efe17ce || smiles:CCO || smiles:O,C6H12O6 / C2H6O / H2O,alcohol,water,alcohol + water,64
Ternary,fallback:e3bc547e5efe17ce || smiles:CCO || smiles:O,C6H12O6 / C2H6O / H2O,unresolved,water,unresolved + water,64
Ternary,smiles:CC(C)C(=O)C(C)C || smiles:CC(C)CC(C)(C)C || smiles:CC(C)O,C7H14O / C8H18 / C3H8O,alcohol,hydrocarbon,alcohol + hydrocarbon,64
Ternary,smiles:CC(C)C(=O)C(C)C || smiles:CC(C)CC(C)(C)C || smiles:CC(C)O,C7H14O / C8H18 / C3H8O,alcohol,ketone,alcohol + ketone,64
Ternary,smiles:CC(C)C(=O)C(C)C || smiles:CC(C)CC(C)(C)C || smiles:CC(C)O,C7H14O / C8H18 / C3H8O,hydrocarbon,ketone,hydrocarbon + ketone,64
Ternary,smiles:CCCCO || smiles:Cc1ccccc1 || smiles:O,C4H10O / C7H8 / H2O,alcohol,aromatic,alcohol + aromatic,64
Ternary,smiles:CCCCO || smiles:Cc1ccccc1 || smiles:O,C4H10O / C7H8 / H2O,alcohol,water,alcohol + water,64
Ternary,smiles:CCCCO || smiles:Cc1ccccc1 || smiles:O,C4H10O / C7H8 / H2O,aromatic,water,aromatic + water,64
Ternary,fallback:60985056a62a6059 || smiles:CO || smiles:c1ccccc1,C14H26N2O2 / CH4O / C6H6,alcohol,aromatic,alcohol + aromatic,58
Ternary,fallback:60985056a62a6059 || smiles:CO || smiles:c1ccccc1,C14H26N2O2 / CH4O / C6H6,alcohol,unresolved,alcohol + unresolved,58
Ternary,fallback:60985056a62a6059 || smiles:CO || smiles:c1ccccc1,C14H26N2O2 / CH4O / C6H6,aromatic,unresolved,aromatic + unresolved,58
Ternary,fallback:4501d0d6bfddcc6a || fallback:89339a0c54f732bb || smiles:CC(C)O,C5H10O2 / C12H22N2O2 / C3H8O,alcohol,unresolved,alcohol + unresolved,57
Ternary,fallback:4501d0d6bfddcc6a || fallback:89339a0c54f732bb || smiles:CC(C)O,C5H10O2 / C12H22N2O2 / C3H8O,unresolved,unresolved,unresolved + unresolved,57
Ternary,fallback:7645054b0e40e378 || smiles:CO || smiles:c1ccccc1,C16H30N2O2 / CH4O / C6H6,alcohol,aromatic,alcohol + aromatic,57
Ternary,fallback:7645054b0e40e378 || smiles:CO || smiles:c1ccccc1,C16H30N2O2 / CH4O / C6H6,alcohol,unresolved,alcohol + unresolved,57
Ternary,fallback:7645054b0e40e378 || smiles:CO || smiles:c1ccccc1,C16H30N2O2 / CH4O / C6H6,aromatic,unresolved,aromatic + unresolved,57
Ternary,smiles:CCCCOC(C)(C)C || smiles:CO || smiles:O,C8H18O / CH4O / H2O,alcohol,ether,alcohol + ether,57
Ternary,smiles:CCCCOC(C)(C)C || smiles:CO || smiles:O,C8H18O / CH4O / H2O,alcohol,water,alcohol + water,57
Ternary,smiles:CCCCOC(C)(C)C || smiles:CO || smiles:O,C8H18O / CH4O / H2O,ether,water,ether + water,57
Ternary,fallback:4501d0d6bfddcc6a || fallback:60985056a62a6059 || smiles:CC(C)O,C5H10O2 / C14H26N2O2 / C3H8O,alcohol,unresolved,alcohol + unresolved,56
Ternary,fallback:4501d0d6bfddcc6a || fallback:60985056a62a6059 || smiles:CC(C)O,C5H10O2 / C14H26N2O2 / C3H8O,unresolved,unresolved,unresolved + unresolved,56
Ternary,fallback:9e7a748462a11dd6 || smiles:CC1=CCC2CC1C2(C)C || smiles:Cc1ccc(C(C)C)cc1,C10H16 / C10H16 / C10H14,aromatic,hydrocarbon,aromatic + hydrocarbon,55
Ternary,fallback:9e7a748462a11dd6 || smiles:CC1=CCC2CC1C2(C)C || smiles:Cc1ccc(C(C)C)cc1,C10H16 / C10H16 / C10H14,aromatic,unresolved,aromatic + unresolved,55
Ternary,fallback:9e7a748462a11dd6 || smiles:CC1=CCC2CC1C2(C)C || smiles:Cc1ccc(C(C)C)cc1,C10H16 / C10H16 / C10H14,hydrocarbon,unresolved,hydrocarbon + unresolved,55
Ternary,smiles:CC(C)CC(C)(C)C || smiles:CC(C)OC(C)C || smiles:CCO,C8H18 / C6H14O / C2H6O,alcohol,ether,alcohol + ether,55
Ternary,smiles:CC(C)CC(C)(C)C || smiles:CC(C)OC(C)C || smiles:CCO,C8H18 / C6H14O / C2H6O,alcohol,hydrocarbon,alcohol + hydrocarbon,55
Ternary,smiles:CC(C)CC(C)(C)C || smiles:CC(C)OC(C)C || smiles:CCO,C8H18 / C6H14O / C2H6O,ether,hydrocarbon,ether + hydrocarbon,55
Ternary,smiles:CCCC(C)O || smiles:CCCCO || smiles:O,C5H12O / C4H10O / H2O,alcohol,alcohol,alcohol + alcohol,55
Ternary,smiles:CCCC(C)O || smiles:CCCCO || smiles:O,C5H12O / C4H10O / H2O,alcohol,water,alcohol + water,55
Ternary,fallback:4501d0d6bfddcc6a || fallback:7645054b0e40e378 || smiles:CC(C)O,C5H10O2 / C16H30N2O2 / C3H8O,alcohol,unresolved,alcohol + unresolved,54
Ternary,fallback:4501d0d6bfddcc6a || fallback:7645054b0e40e378 || smiles:CC(C)O,C5H10O2 / C16H30N2O2 / C3H8O,unresolved,unresolved,unresolved + unresolved,54
Ternary,fallback:89339a0c54f732bb || smiles:CO || smiles:c1ccccc1,C12H22N2O2 / CH4O / C6H6,alcohol,aromatic,alcohol + aromatic,54
Ternary,fallback:89339a0c54f732bb || smiles:CO || smiles:c1ccccc1,C12H22N2O2 / CH4O / C6H6,alcohol,unresolved,alcohol + unresolved,54
Ternary,fallback:89339a0c54f732bb || smiles:CO || smiles:c1ccccc1,C12H22N2O2 / CH4O / C6H6,aromatic,unresolved,aromatic + unresolved,54
Ternary,fallback:b63ac75aa69de5ee || smiles:O=C(O)C(Cl)Cl || smiles:O=C(O)CCl,C14H30O3 / C2H2Cl2O2 / C2H3ClO2,acid,acid,acid + acid,54
Ternary,fallback:b63ac75aa69de5ee || smiles:O=C(O)C(Cl)Cl || smiles:O=C(O)CCl,C14H30O3 / C2H2Cl2O2 / C2H3ClO2,acid,unresolved,acid + unresolved,54
Ternary,smiles:CC(C)=O || smiles:CC(C)CC(C)(C)C || smiles:CCO,C3H6O / C8H18 / C2H6O,alcohol,hydrocarbon,alcohol + hydrocarbon,54
Ternary,smiles:CC(C)=O || smiles:CC(C)CC(C)(C)C || smiles:CCO,C3H6O / C8H18 / C2H6O,alcohol,ketone,alcohol + ketone,54
Ternary,smiles:CC(C)=O || smiles:CC(C)CC(C)(C)C || smiles:CCO,C3H6O / C8H18 / C2H6O,hydrocarbon,ketone,hydrocarbon + ketone,54
Ternary,fallback:efc4790aa0612d13 || smiles:CC(=O)N(C)C || smiles:CC(=O)O,C10H15F6N3O4S2 / C4H9NO / C2H4O2,acid,amide,acid + amide,53
Ternary,fallback:efc4790aa0612d13 || smiles:CC(=O)N(C)C || smiles:CC(=O)O,C10H15F6N3O4S2 / C4H9NO / C2H4O2,acid,unresolved,acid + unresolved,53
Ternary,fallback:efc4790aa0612d13 || smiles:CC(=O)N(C)C || smiles:CC(=O)O,C10H15F6N3O4S2 / C4H9NO / C2H4O2,amide,unresolved,amide + unresolved,53
Ternary,smiles:CC(=O)C(C)(C)C || smiles:CC(C)(C)CO || smiles:COC(C)(C)C,C6H12O / C5H12O / C5H12O,alcohol,ether,alcohol + ether,52
Ternary,smiles:CC(=O)C(C)(C)C || smiles:CC(C)(C)CO || smiles:COC(C)(C)C,C6H12O / C5H12O / C5H12O,alcohol,ketone,alcohol + ketone,52
Ternary,smiles:CC(=O)C(C)(C)C || smiles:CC(C)(C)CO || smiles:COC(C)(C)C,C6H12O / C5H12O / C5H12O,ether,ketone,ether + ketone,52
Ternary,smiles:C1CCOCC1 || smiles:CC(C)CC(C)(C)C || smiles:CC(C)O,C5H10O / C8H18 / C3H8O,alcohol,ether,alcohol + ether,51
Ternary,smiles:C1CCOCC1 || smiles:CC(C)CC(C)(C)C || smiles:CC(C)O,C5H10O / C8H18 / C3H8O,alcohol,hydrocarbon,alcohol + hydrocarbon,51
Ternary,smiles:C1CCOCC1 || smiles:CC(C)CC(C)(C)C || smiles:CC(C)O,C5H10O / C8H18 / C3H8O,ether,hydrocarbon,ether + hydrocarbon,51
Ternary,smiles:CC(C)CC(C)(C)C || smiles:CCC(C)=O || smiles:CCO,C8H18 / C4H8O / C2H6O,alcohol,hydrocarbon,alcohol + hydrocarbon,51
Ternary,smiles:CC(C)CC(C)(C)C || smiles:CCC(C)=O || smiles:CCO,C8H18 / C4H8O / C2H6O,alcohol,ketone,alcohol + ketone,51
Ternary,smiles:CC(C)CC(C)(C)C || smiles:CCC(C)=O || smiles:CCO,C8H18 / C4H8O / C2H6O,hydrocarbon,ketone,hydrocarbon + ketone,51
Ternary,fallback:5b8ad43214fe2db4 || smiles:CC#N || smiles:CO,C8H15BrN2 / C2H3N / CH4O,alcohol,other,alcohol + other,48
Ternary,fallback:5b8ad43214fe2db4 || smiles:CC#N || smiles:CO,C8H15BrN2 / C2H3N / CH4O,alcohol,unresolved,alcohol + unresolved,48
Ternary,fallback:5b8ad43214fe2db4 || smiles:CC#N || smiles:CO,C8H15BrN2 / C2H3N / CH4O,other,unresolved,other + unresolved,48
Ternary,fallback:7c0d97d046e0044e || smiles:CC(C)O || smiles:O,C6H11BrN2 / C3H8O / H2O,alcohol,unresolved,alcohol + unresolved,47
Ternary,fallback:7c0d97d046e0044e || smiles:CC(C)O || smiles:O,C6H11BrN2 / C3H8O / H2O,alcohol,water,alcohol + water,47
Ternary,fallback:7c0d97d046e0044e || smiles:CC(C)O || smiles:O,C6H11BrN2 / C3H8O / H2O,unresolved,water,unresolved + water,47
Ternary,fallback:9b63a65c238214cc || smiles:CC(C)=O || smiles:CO,C8H14N2O2 / C3H6O / CH4O,alcohol,ketone,alcohol + ketone,46
Ternary,fallback:9b63a65c238214cc || smiles:CC(C)=O || smiles:CO,C8H14N2O2 / C3H6O / CH4O,alcohol,unresolved,alcohol + unresolved,46
Ternary,fallback:9b63a65c238214cc || smiles:CC(C)=O || smiles:CO,C8H14N2O2 / C3H6O / CH4O,ketone,unresolved,ketone + unresolved,46
Ternary,fallback:fbbde86d2d698521 || smiles:CC(C)O || smiles:O,C10H18N2O2 / C3H8O / H2O,alcohol,unresolved,alcohol + unresolved,46
Ternary,fallback:fbbde86d2d698521 || smiles:CC(C)O || smiles:O,C10H18N2O2 / C3H8O / H2O,alcohol,water,alcohol + water,46
Ternary,fallback:fbbde86d2d698521 || smiles:CC(C)O || smiles:O,C10H18N2O2 / C3H8O / H2O,unresolved,water,unresolved + water,46
Ternary,fallback:c59c94f20e561d88 || smiles:CC#N || smiles:O,C10H19ClN2 / C2H3N / H2O,other,unresolved,other + unresolved,45
Ternary,fallback:c59c94f20e561d88 || smiles:CC#N || smiles:O,C10H19ClN2 / C2H3N / H2O,other,water,other + water,45
Ternary,fallback:c59c94f20e561d88 || smiles:CC#N || smiles:O,C10H19ClN2 / C2H3N / H2O,unresolved,water,unresolved + water,45
Ternary,fallback:9b63a65c238214cc || smiles:CC(C)O || smiles:O,C8H14N2O2 / C3H8O / H2O,alcohol,unresolved,alcohol + unresolved,44
Ternary,fallback:9b63a65c238214cc || smiles:CC(C)O || smiles:O,C8H14N2O2 / C3H8O / H2O,alcohol,water,alcohol + water,44
Ternary,fallback:9b63a65c238214cc || smiles:CC(C)O || smiles:O,C8H14N2O2 / C3H8O / H2O,unresolved,water,unresolved + water,44
Ternary,fallback:9d9dd3751b800f25 || smiles:CCC(C)=O || smiles:CCO,C10H21N2O4P / C4H8O / C2H6O,alcohol,ketone,alcohol + ketone,44
Ternary,fallback:9d9dd3751b800f25 || smiles:CCC(C)=O || smiles:CCO,C10H21N2O4P / C4H8O / C2H6O,alcohol,unresolved,alcohol + unresolved,44
Ternary,fallback:9d9dd3751b800f25 || smiles:CCC(C)=O || smiles:CCO,C10H21N2O4P / C4H8O / C2H6O,ketone,unresolved,ketone + unresolved,44
Ternary,fallback:b25e63c8696e8bf8 || smiles:CC(C)=O || smiles:CO,C4H11NO3 / C3H6O / CH4O,alcohol,ketone,alcohol + ketone,44
Ternary,fallback:b25e63c8696e8bf8 || smiles:CC(C)=O || smiles:CO,C4H11NO3 / C3H6O / CH4O,alcohol,unresolved,alcohol + unresolved,44
Ternary,fallback:b25e63c8696e8bf8 || smiles:CC(C)=O || smiles:CO,C4H11NO3 / C3H6O / CH4O,ketone,unresolved,ketone + unresolved,44
Ternary,smiles:CCO || smiles:CCOC(=O)OCC || smiles:O,C2H6O / C5H10O3 / H2O,alcohol,ester,alcohol + ester,44
Ternary,smiles:CCO || smiles:CCOC(=O)OCC || smiles:O,C2H6O / C5H10O3 / H2O,alcohol,water,alcohol + water,44
Ternary,smiles:CCO || smiles:CCOC(=O)OCC || smiles:O,C2H6O / C5H10O3 / H2O,ester,water,ester + water,44
Ternary,smiles:FC(F)C(F)(F)F || smiles:FCC(F)(F)F || smiles:FCF,C2HF5 / C2H2F4 / CH2F2,halogenated,halogenated,halogenated + halogenated,44
Ternary,fallback:9d9dd3751b800f25 || smiles:CC#N || smiles:CCO,C10H21N2O4P / C2H3N / C2H6O,alcohol,other,alcohol + other,43
Ternary,fallback:9d9dd3751b800f25 || smiles:CC#N || smiles:CCO,C10H21N2O4P / C2H3N / C2H6O,alcohol,unresolved,alcohol + unresolved,43
Ternary,fallback:9d9dd3751b800f25 || smiles:CC#N || smiles:CCO,C10H21N2O4P / C2H3N / C2H6O,other,unresolved,other + unresolved,43
Ternary,fallback:d4cc18a1c3d5b401 || smiles:CC#N || smiles:CCO,C16H33N2O4P / C2H3N / C2H6O,alcohol,other,alcohol + other,43
Ternary,fallback:d4cc18a1c3d5b401 || smiles:CC#N || smiles:CCO,C16H33N2O4P / C2H3N / C2H6O,alcohol,unresolved,alcohol + unresolved,43
Ternary,fallback:d4cc18a1c3d5b401 || smiles:CC#N || smiles:CCO,C16H33N2O4P / C2H3N / C2H6O,other,unresolved,other + unresolved,43
Ternary,fallback:dac3f6dfac965522 || smiles:CC(C)O || smiles:O,ClNa / C3H8O / H2O,alcohol,unresolved,alcohol + unresolved,43
Ternary,fallback:dac3f6dfac965522 || smiles:CC(C)O || smiles:O,ClNa / C3H8O / H2O,alcohol,water,alcohol + water,43
Ternary,fallback:dac3f6dfac965522 || smiles:CC(C)O || smiles:O,ClNa / C3H8O / H2O,unresolved,water,unresolved + water,43
Ternary,smiles:C1CCCCC1 || smiles:CC(C)=O || smiles:CC(C)OC(C)C,C6H12 / C3H6O / C6H14O,ether,hydrocarbon,ether + hydrocarbon,43
Ternary,smiles:C1CCCCC1 || smiles:CC(C)=O || smiles:CC(C)OC(C)C,C6H12 / C3H6O / C6H14O,ether,ketone,ether + ketone,43
Ternary,smiles:C1CCCCC1 || smiles:CC(C)=O || smiles:CC(C)OC(C)C,C6H12 / C3H6O / C6H14O,hydrocarbon,ketone,hydrocarbon + ketone,43
Ternary,fallback:234c6d4b0f0098c9 || smiles:CCC(C)=O || smiles:CCO,C12H25N2O4P / C4H8O / C2H6O,alcohol,ketone,alcohol + ketone,42
Ternary,fallback:234c6d4b0f0098c9 || smiles:CCC(C)=O || smiles:CCO,C12H25N2O4P / C4H8O / C2H6O,alcohol,unresolved,alcohol + unresolved,42
Ternary,fallback:234c6d4b0f0098c9 || smiles:CCC(C)=O || smiles:CCO,C12H25N2O4P / C4H8O / C2H6O,ketone,unresolved,ketone + unresolved,42
Ternary,fallback:6c50d69f00cb369a || smiles:CC(C)O || smiles:CCOC(C)=O,C8H15BF4N2 / C3H8O / C4H8O2,alcohol,ester,alcohol + ester,42
Ternary,fallback:6c50d69f00cb369a || smiles:CC(C)O || smiles:CCOC(C)=O,C8H15BF4N2 / C3H8O / C4H8O2,alcohol,unresolved,alcohol + unresolved,42
Ternary,fallback:6c50d69f00cb369a || smiles:CC(C)O || smiles:CCOC(C)=O,C8H15BF4N2 / C3H8O / C4H8O2,ester,unresolved,ester + unresolved,42
Ternary,fallback:f7fca512921887a7 || smiles:CC#N || smiles:CCO,C7H15N2O4P / C2H3N / C2H6O,alcohol,other,alcohol + other,42
Ternary,fallback:f7fca512921887a7 || smiles:CC#N || smiles:CCO,C7H15N2O4P / C2H3N / C2H6O,alcohol,unresolved,alcohol + unresolved,42
Ternary,fallback:f7fca512921887a7 || smiles:CC#N || smiles:CCO,C7H15N2O4P / C2H3N / C2H6O,other,unresolved,other + unresolved,42
Ternary,smiles:C1=CCCCC1 || smiles:C1CCCCC1 || smiles:C1COCCN1,C6H10 / C6H12 / C4H9NO,amine,hydrocarbon,amine + hydrocarbon,42
Ternary,smiles:C1=CCCCC1 || smiles:C1CCCCC1 || smiles:C1COCCN1,C6H10 / C6H12 / C4H9NO,hydrocarbon,hydrocarbon,hydrocarbon + hydrocarbon,42
Ternary,smiles:CC(=O)OCC(C)C || smiles:CC(C)CO || smiles:CCCCCCO,C6H12O2 / C4H10O / C6H14O,alcohol,alcohol,alcohol + alcohol,42
Ternary,smiles:CC(=O)OCC(C)C || smiles:CC(C)CO || smiles:CCCCCCO,C6H12O2 / C4H10O / C6H14O,alcohol,ester,alcohol + ester,42
Ternary,smiles:CC(=O)OCC(C)C || smiles:CC(C)CO || smiles:CCCCOC(=O)CC,C6H12O2 / C4H10O / C7H14O2,alcohol,ester,alcohol + ester,42
Ternary,smiles:CC(=O)OCC(C)C || smiles:CC(C)CO || smiles:CCCCOC(=O)CC,C6H12O2 / C4H10O / C7H14O2,ester,ester,ester + ester,42
Ternary,smiles:CC(=O)OCC(C)C || smiles:CC(C)CO || smiles:CN(C)C=O,C6H12O2 / C4H10O / C3H7NO,alcohol,amide,alcohol + amide,42
Ternary,smiles:CC(=O)OCC(C)C || smiles:CC(C)CO || smiles:CN(C)C=O,C6H12O2 / C4H10O / C3H7NO,alcohol,ester,alcohol + ester,42
Ternary,smiles:CC(=O)OCC(C)C || smiles:CC(C)CO || smiles:CN(C)C=O,C6H12O2 / C4H10O / C3H7NO,amide,ester,amide + ester,42
Ternary,smiles:CCCCCO || smiles:CCCO || smiles:CCCOCCC,C5H12O / C3H8O / C6H14O,alcohol,alcohol,alcohol + alcohol,41
Ternary,smiles:CCCCCO || smiles:CCCO || smiles:CCCOCCC,C5H12O / C3H8O / C6H14O,alcohol,ether,alcohol + ether,41
Ternary,smiles:CCCO || smiles:CCCOCCC || smiles:CCOCCO,C3H8O / C6H14O / C4H10O2,alcohol,alcohol,alcohol + alcohol,41
Ternary,smiles:CCCO || smiles:CCCOCCC || smiles:CCOCCO,C3H8O / C6H14O / C4H10O2,alcohol,ether,alcohol + ether,41
Ternary,fallback:5b8ad43214fe2db4 || smiles:CC(C)O || smiles:CCOC(C)=O,C8H15BrN2 / C3H8O / C4H8O2,alcohol,ester,alcohol + ester,40
Ternary,fallback:5b8ad43214fe2db4 || smiles:CC(C)O || smiles:CCOC(C)=O,C8H15BrN2 / C3H8O / C4H8O2,alcohol,unresolved,alcohol + unresolved,40
Ternary,fallback:5b8ad43214fe2db4 || smiles:CC(C)O || smiles:CCOC(C)=O,C8H15BrN2 / C3H8O / C4H8O2,ester,unresolved,ester + unresolved,40
Ternary,fallback:d4cc18a1c3d5b401 || smiles:CCC(C)=O || smiles:CCO,C16H33N2O4P / C4H8O / C2H6O,alcohol,ketone,alcohol + ketone,40
Ternary,fallback:d4cc18a1c3d5b401 || smiles:CCC(C)=O || smiles:CCO,C16H33N2O4P / C4H8O / C2H6O,alcohol,unresolved,alcohol + unresolved,40
Ternary,fallback:d4cc18a1c3d5b401 || smiles:CCC(C)=O || smiles:CCO,C16H33N2O4P / C4H8O / C2H6O,ketone,unresolved,ketone + unresolved,40
Ternary,fallback:fbbde86d2d698521 || smiles:CC(C)O || smiles:CCOC(C)=O,C10H18N2O2 / C3H8O / C4H8O2,alcohol,ester,alcohol + ester,39
Ternary,fallback:fbbde86d2d698521 || smiles:CC(C)O || smiles:CCOC(C)=O,C10H18N2O2 / C3H8O / C4H8O2,alcohol,unresolved,alcohol + unresolved,39
Ternary,fallback:fbbde86d2d698521 || smiles:CC(C)O || smiles:CCOC(C)=O,C10H18N2O2 / C3H8O / C4H8O2,ester,unresolved,ester + unresolved,39
Ternary,smiles:CCO || smiles:O || smiles:OCCCO,C2H6O / H2O / C3H8O2,alcohol,alcohol,alcohol + alcohol,39
Ternary,smiles:CCO || smiles:O || smiles:OCCCO,C2H6O / H2O / C3H8O2,alcohol,water,alcohol + water,39
Ternary,smiles:CCO || smiles:O || smiles:OCCO,C2H6O / H2O / C2H6O2,alcohol,alcohol,alcohol + alcohol,38
Ternary,smiles:CCO || smiles:O || smiles:OCCO,C2H6O / H2O / C2H6O2,alcohol,water,alcohol + water,38
Ternary,fallback:2ae13e16f8903d30 || smiles:CC(C)=O || smiles:CO,C2H8ClNO / C3H6O / CH4O,alcohol,ketone,alcohol + ketone,37
Ternary,fallback:2ae13e16f8903d30 || smiles:CC(C)=O || smiles:CO,C2H8ClNO / C3H6O / CH4O,alcohol,unresolved,alcohol + unresolved,37
Ternary,fallback:2ae13e16f8903d30 || smiles:CC(C)=O || smiles:CO,C2H8ClNO / C3H6O / CH4O,ketone,unresolved,ketone + unresolved,37
Ternary,smiles:C1CCOCC1 || smiles:CCCCCC || smiles:CCO,C5H10O / C6H14 / C2H6O,alcohol,ether,alcohol + ether,37
Ternary,smiles:C1CCOCC1 || smiles:CCCCCC || smiles:CCO,C5H10O / C6H14 / C2H6O,alcohol,hydrocarbon,alcohol + hydrocarbon,37
Ternary,smiles:C1CCOCC1 || smiles:CCCCCC || smiles:CCO,C5H10O / C6H14 / C2H6O,ether,hydrocarbon,ether + hydrocarbon,37
Ternary,fallback:0a3ea5943f1d539f || smiles:CCO || smiles:O,C3H8O3 / C2H6O / H2O,alcohol,unresolved,alcohol + unresolved,36
Ternary,fallback:0a3ea5943f1d539f || smiles:CCO || smiles:O,C3H8O3 / C2H6O / H2O,alcohol,water,alcohol + water,36
Ternary,fallback:0a3ea5943f1d539f || smiles:CCO || smiles:O,C3H8O3 / C2H6O / H2O,unresolved,water,unresolved + water,36
Ternary,fallback:ab7dbdbf034d3efb || smiles:CC#N || smiles:CO,C8H15ClN2 / C2H3N / CH4O,alcohol,other,alcohol + other,36
Ternary,fallback:ab7dbdbf034d3efb || smiles:CC#N || smiles:CO,C8H15ClN2 / C2H3N / CH4O,alcohol,unresolved,alcohol + unresolved,36
Ternary,fallback:ab7dbdbf034d3efb || smiles:CC#N || smiles:CO,C8H15ClN2 / C2H3N / CH4O,other,unresolved,other + unresolved,36
Ternary,fallback:d4cc18a1c3d5b401 || smiles:CC(=O)O || smiles:O,C16H33N2O4P / C2H4O2 / H2O,acid,unresolved,acid + unresolved,36
Ternary,fallback:d4cc18a1c3d5b401 || smiles:CC(=O)O || smiles:O,C16H33N2O4P / C2H4O2 / H2O,acid,water,acid + water,36
Ternary,fallback:d4cc18a1c3d5b401 || smiles:CC(=O)O || smiles:O,C16H33N2O4P / C2H4O2 / H2O,unresolved,water,unresolved + water,36
Ternary,fallback:fbbde86d2d698521 || smiles:CC#N || smiles:CO,C10H18N2O2 / C2H3N / CH4O,alcohol,other,alcohol + other,36
Ternary,fallback:fbbde86d2d698521 || smiles:CC#N || smiles:CO,C10H18N2O2 / C2H3N / CH4O,alcohol,unresolved,alcohol + unresolved,36
Ternary,fallback:fbbde86d2d698521 || smiles:CC#N || smiles:CO,C10H18N2O2 / C2H3N / CH4O,other,unresolved,other + unresolved,36
Ternary,smiles:CCCOC(C)=O || smiles:CCOC(C)=O || smiles:CS(C)=O,C5H10O2 / C4H8O2 / C2H6OS,ester,ester,ester + ester,36
Ternary,smiles:CCCOC(C)=O || smiles:CCOC(C)=O || smiles:CS(C)=O,C5H10O2 / C4H8O2 / C2H6OS,ester,sulfur-containing,ester + sulfur-containing,36
Ternary,smiles:CCCO || smiles:O=C=O || smiles:c1ccsc1,C3H8O / CO2 / C4H4S,alcohol,other,alcohol + other,35
Ternary,smiles:CCCO || smiles:O=C=O || smiles:c1ccsc1,C3H8O / CO2 / C4H4S,alcohol,sulfur-containing,alcohol + sulfur-containing,35
Ternary,smiles:CCCO || smiles:O=C=O || smiles:c1ccsc1,C3H8O / CO2 / C4H4S,other,sulfur-containing,other + sulfur-containing,35
Ternary,fallback:4f66b328294879e4 || smiles:CO || smiles:COC(C)=O,C14H23F6N3O4S2 / CH4O / C3H6O2,alcohol,ester,alcohol + ester,33
Ternary,fallback:4f66b328294879e4 || smiles:CO || smiles:COC(C)=O,C14H23F6N3O4S2 / CH4O / C3H6O2,alcohol,unresolved,alcohol + unresolved,33
Ternary,fallback:4f66b328294879e4 || smiles:CO || smiles:COC(C)=O,C14H23F6N3O4S2 / CH4O / C3H6O2,ester,unresolved,ester + unresolved,33
Ternary,fallback:62ea847887224036 || smiles:CO || smiles:COC(C)=O,C15H25F6N3O4S2 / CH4O / C3H6O2,alcohol,ester,alcohol + ester,33
Ternary,fallback:62ea847887224036 || smiles:CO || smiles:COC(C)=O,C15H25F6N3O4S2 / CH4O / C3H6O2,alcohol,unresolved,alcohol + unresolved,33
Ternary,fallback:62ea847887224036 || smiles:CO || smiles:COC(C)=O,C15H25F6N3O4S2 / CH4O / C3H6O2,ester,unresolved,ester + unresolved,33
Ternary,fallback:efc4790aa0612d13 || smiles:CCC(=O)OC || smiles:CO,C10H15F6N3O4S2 / C4H8O2 / CH4O,alcohol,ester,alcohol + ester,33
Ternary,fallback:efc4790aa0612d13 || smiles:CCC(=O)OC || smiles:CO,C10H15F6N3O4S2 / C4H8O2 / CH4O,alcohol,unresolved,alcohol + unresolved,33
Ternary,fallback:efc4790aa0612d13 || smiles:CCC(=O)OC || smiles:CO,C10H15F6N3O4S2 / C4H8O2 / CH4O,ester,unresolved,ester + unresolved,33
Ternary,fallback:f8eb462bdbd19d00 || smiles:CC#N || smiles:CCOC(C)=O,C8H11F6N3O4S2 / C2H3N / C4H8O2,ester,other,ester + other,33
Ternary,fallback:f8eb462bdbd19d00 || smiles:CC#N || smiles:CCOC(C)=O,C8H11F6N3O4S2 / C2H3N / C4H8O2,ester,unresolved,ester + unresolved,33
Ternary,fallback:f8eb462bdbd19d00 || smiles:CC#N || smiles:CCOC(C)=O,C8H11F6N3O4S2 / C2H3N / C4H8O2,other,unresolved,other + unresolved,33
Ternary,fallback:798af18edd056b45 || smiles:CC#N || smiles:CCOC(C)=O,C12H19F6N3O4S2 / C2H3N / C4H8O2,ester,other,ester + other,32
Ternary,fallback:798af18edd056b45 || smiles:CC#N || smiles:CCOC(C)=O,C12H19F6N3O4S2 / C2H3N / C4H8O2,ester,unresolved,ester + unresolved,32
Ternary,fallback:798af18edd056b45 || smiles:CC#N || smiles:CCOC(C)=O,C12H19F6N3O4S2 / C2H3N / C4H8O2,other,unresolved,other + unresolved,32
Ternary,fallback:d95b315545052123 || smiles:CC(C)(C)O || smiles:O,C4H11NO3 / C4H10O / H2O,alcohol,unresolved,alcohol + unresolved,32
Ternary,fallback:d95b315545052123 || smiles:CC(C)(C)O || smiles:O,C4H11NO3 / C4H10O / H2O,alcohol,water,alcohol + water,32
Ternary,fallback:d95b315545052123 || smiles:CC(C)(C)O || smiles:O,C4H11NO3 / C4H10O / H2O,unresolved,water,unresolved + water,32
Ternary,fallback:ab7dbdbf034d3efb || smiles:CC#N || smiles:O,C8H15ClN2 / C2H3N / H2O,other,unresolved,other + unresolved,31
Ternary,fallback:ab7dbdbf034d3efb || smiles:CC#N || smiles:O,C8H15ClN2 / C2H3N / H2O,other,water,other + water,31
Ternary,fallback:ab7dbdbf034d3efb || smiles:CC#N || smiles:O,C8H15ClN2 / C2H3N / H2O,unresolved,water,unresolved + water,31
Ternary,smiles:O=C=O || smiles:O=O || smiles:O=S=O,CO2 / O2 / O2S,other,other,other + other,31
Ternary,smiles:O=C=O || smiles:O=O || smiles:O=S=O,CO2 / O2 / O2S,other,sulfur-containing,other + sulfur-containing,31
Ternary,fallback:55966609dcc48188 || smiles:CC#N || smiles:CC(C)O,C6H11BF4N2 / C2H3N / C3H8O,alcohol,other,alcohol + other,30
Ternary,fallback:55966609dcc48188 || smiles:CC#N || smiles:CC(C)O,C6H11BF4N2 / C2H3N / C3H8O,alcohol,unresolved,alcohol + unresolved,30
Ternary,fallback:55966609dcc48188 || smiles:CC#N || smiles:CC(C)O,C6H11BF4N2 / C2H3N / C3H8O,other,unresolved,other + unresolved,30
Ternary,fallback:55966609dcc48188 || smiles:CC#N || smiles:CO,C6H11BF4N2 / C2H3N / CH4O,alcohol,other,alcohol + other,30
Ternary,fallback:55966609dcc48188 || smiles:CC#N || smiles:CO,C6H11BF4N2 / C2H3N / CH4O,alcohol,unresolved,alcohol + unresolved,30
Ternary,fallback:55966609dcc48188 || smiles:CC#N || smiles:CO,C6H11BF4N2 / C2H3N / CH4O,other,unresolved,other + unresolved,30
Ternary,fallback:6c50d69f00cb369a || smiles:CC#N || smiles:CC(C)O,C8H15BF4N2 / C2H3N / C3H8O,alcohol,other,alcohol + other,30
Ternary,fallback:6c50d69f00cb369a || smiles:CC#N || smiles:CC(C)O,C8H15BF4N2 / C2H3N / C3H8O,alcohol,unresolved,alcohol + unresolved,30
Ternary,fallback:6c50d69f00cb369a || smiles:CC#N || smiles:CC(C)O,C8H15BF4N2 / C2H3N / C3H8O,other,unresolved,other + unresolved,30
Ternary,fallback:798af18edd056b45 || smiles:CCO || smiles:COC(=O)OC,C12H19F6N3O4S2 / C2H6O / C3H6O3,alcohol,ester,alcohol + ester,30
Ternary,fallback:798af18edd056b45 || smiles:CCO || smiles:COC(=O)OC,C12H19F6N3O4S2 / C2H6O / C3H6O3,alcohol,unresolved,alcohol + unresolved,30
Ternary,fallback:798af18edd056b45 || smiles:CCO || smiles:COC(=O)OC,C12H19F6N3O4S2 / C2H6O / C3H6O3,ester,unresolved,ester + unresolved,30
Ternary,fallback:c602ac1290f3b380 || smiles:CC#N || smiles:CO,C12H23BF4N2 / C2H3N / CH4O,alcohol,other,alcohol + other,30
Ternary,fallback:c602ac1290f3b380 || smiles:CC#N || smiles:CO,C12H23BF4N2 / C2H3N / CH4O,alcohol,unresolved,alcohol + unresolved,30
Ternary,fallback:c602ac1290f3b380 || smiles:CC#N || smiles:CO,C12H23BF4N2 / C2H3N / CH4O,other,unresolved,other + unresolved,30
Ternary,fallback:efc4790aa0612d13 || smiles:CCO || smiles:COC(=O)OC,C10H15F6N3O4S2 / C2H6O / C3H6O3,alcohol,ester,alcohol + ester,30
Ternary,fallback:efc4790aa0612d13 || smiles:CCO || smiles:COC(=O)OC,C10H15F6N3O4S2 / C2H6O / C3H6O3,alcohol,unresolved,alcohol + unresolved,30
Ternary,fallback:efc4790aa0612d13 || smiles:CCO || smiles:COC(=O)OC,C10H15F6N3O4S2 / C2H6O / C3H6O3,ester,unresolved,ester + unresolved,30
Ternary,fallback:f7fca512921887a7 || smiles:CC(C)O || smiles:ClC(Cl)Cl,C7H15N2O4P / C3H8O / CHCl3,alcohol,halogenated,alcohol + halogenated,30
Ternary,fallback:f7fca512921887a7 || smiles:CC(C)O || smiles:ClC(Cl)Cl,C7H15N2O4P / C3H8O / CHCl3,alcohol,unresolved,alcohol + unresolved,30
Ternary,fallback:f7fca512921887a7 || smiles:CC(C)O || smiles:ClC(Cl)Cl,C7H15N2O4P / C3H8O / CHCl3,halogenated,unresolved,halogenated + unresolved,30
Ternary,fallback:d95b315545052123 || smiles:CCCO || smiles:O,C4H11NO3 / C3H8O / H2O,alcohol,unresolved,alcohol + unresolved,28
Ternary,fallback:d95b315545052123 || smiles:CCCO || smiles:O,C4H11NO3 / C3H8O / H2O,alcohol,water,alcohol + water,28
Ternary,fallback:d95b315545052123 || smiles:CCCO || smiles:O,C4H11NO3 / C3H8O / H2O,unresolved,water,unresolved + water,28
Ternary,fallback:798af18edd056b45 || smiles:CO || smiles:COC(=O)OC,C12H19F6N3O4S2 / CH4O / C3H6O3,alcohol,ester,alcohol + ester,27
Ternary,fallback:798af18edd056b45 || smiles:CO || smiles:COC(=O)OC,C12H19F6N3O4S2 / CH4O / C3H6O3,alcohol,unresolved,alcohol + unresolved,27
Ternary,fallback:798af18edd056b45 || smiles:CO || smiles:COC(=O)OC,C12H19F6N3O4S2 / CH4O / C3H6O3,ester,unresolved,ester + unresolved,27
Ternary,fallback:efc4790aa0612d13 || smiles:CO || smiles:COC(=O)OC,C10H15F6N3O4S2 / CH4O / C3H6O3,alcohol,ester,alcohol + ester,27
Ternary,fallback:efc4790aa0612d13 || smiles:CO || smiles:COC(=O)OC,C10H15F6N3O4S2 / CH4O / C3H6O3,alcohol,unresolved,alcohol + unresolved,27
Ternary,fallback:efc4790aa0612d13 || smiles:CO || smiles:COC(=O)OC,C10H15F6N3O4S2 / CH4O / C3H6O3,ester,unresolved,ester + unresolved,27
Ternary,fallback:2435468cddae75fa || smiles:CC1=CCC2C(C1)C2(C)C || smiles:Cc1ccc(C(C)C)cc1,C15H24 / C10H16 / C10H14,aromatic,hydrocarbon,aromatic + hydrocarbon,25
Ternary,fallback:2435468cddae75fa || smiles:CC1=CCC2C(C1)C2(C)C || smiles:Cc1ccc(C(C)C)cc1,C15H24 / C10H16 / C10H14,aromatic,unresolved,aromatic + unresolved,25
Ternary,fallback:2435468cddae75fa || smiles:CC1=CCC2C(C1)C2(C)C || smiles:Cc1ccc(C(C)C)cc1,C15H24 / C10H16 / C10H14,hydrocarbon,unresolved,hydrocarbon + unresolved,25
Ternary,fallback:d95b315545052123 || smiles:CC(C)O || smiles:O,C4H11NO3 / C3H8O / H2O,alcohol,unresolved,alcohol + unresolved,25
Ternary,fallback:d95b315545052123 || smiles:CC(C)O || smiles:O,C4H11NO3 / C3H8O / H2O,alcohol,water,alcohol + water,25
Ternary,fallback:d95b315545052123 || smiles:CC(C)O || smiles:O,C4H11NO3 / C3H8O / H2O,unresolved,water,unresolved + water,25
Ternary,fallback:edcf3a858853717f || smiles:CC(=O)O || smiles:O,C6H12O6 / C2H4O2 / H2O,acid,unresolved,acid + unresolved,25
Ternary,fallback:edcf3a858853717f || smiles:CC(=O)O || smiles:O,C6H12O6 / C2H4O2 / H2O,acid,water,acid + water,25
Ternary,fallback:edcf3a858853717f || smiles:CC(=O)O || smiles:O,C6H12O6 / C2H4O2 / H2O,unresolved,water,unresolved + water,25
Ternary,fallback:fbbde86d2d698521 || smiles:O=C=O || smiles:S,C10H18N2O2 / CO2 / H2S,other,sulfur-containing,other + sulfur-containing,24
Ternary,fallback:fbbde86d2d698521 || smiles:O=C=O || smiles:S,C10H18N2O2 / CO2 / H2S,other,unresolved,other + unresolved,24
Ternary,fallback:fbbde86d2d698521 || smiles:O=C=O || smiles:S,C10H18N2O2 / CO2 / H2S,sulfur-containing,unresolved,sulfur-containing + unresolved,24
Ternary,smiles:CC1CCCCC1 || smiles:NC1CCCCC1 || smiles:O,C7H14 / C6H13N / H2O,amine,hydrocarbon,amine + hydrocarbon,24
Ternary,smiles:CC1CCCCC1 || smiles:NC1CCCCC1 || smiles:O,C7H14 / C6H13N / H2O,amine,water,amine + water,24
Ternary,smiles:CC1CCCCC1 || smiles:NC1CCCCC1 || smiles:O,C7H14 / C6H13N / H2O,hydrocarbon,water,hydrocarbon + water,24
Ternary,smiles:CO || smiles:COCOC || smiles:OCCO,CH4O / C3H8O2 / C2H6O2,alcohol,alcohol,alcohol + alcohol,24
Ternary,smiles:CO || smiles:COCOC || smiles:OCCO,CH4O / C3H8O2 / C2H6O2,alcohol,ether,alcohol + ether,24
Ternary,fallback:09c8c05801be25b4 || smiles:CC(C)=O || smiles:CO,C7H14N2O4S / C3H6O / CH4O,alcohol,ketone,alcohol + ketone,22
Ternary,fallback:09c8c05801be25b4 || smiles:CC(C)=O || smiles:CO,C7H14N2O4S / C3H6O / CH4O,alcohol,unresolved,alcohol + unresolved,22
Ternary,fallback:09c8c05801be25b4 || smiles:CC(C)=O || smiles:CO,C7H14N2O4S / C3H6O / CH4O,ketone,unresolved,ketone + unresolved,22
Ternary,fallback:18b39535a92cfa87 || smiles:CC(=O)O || smiles:O,C5H10O5 / C2H4O2 / H2O,acid,unresolved,acid + unresolved,22
Ternary,fallback:18b39535a92cfa87 || smiles:CC(=O)O || smiles:O,C5H10O5 / C2H4O2 / H2O,acid,water,acid + water,22
Ternary,fallback:18b39535a92cfa87 || smiles:CC(=O)O || smiles:O,C5H10O5 / C2H4O2 / H2O,unresolved,water,unresolved + water,22
Ternary,smiles:CC1CCCCC1 || smiles:NC1CCCCC1 || smiles:Nc1ccccc1,C7H14 / C6H13N / C6H7N,amine,amine,amine + amine,21
Ternary,smiles:CC1CCCCC1 || smiles:NC1CCCCC1 || smiles:Nc1ccccc1,C7H14 / C6H13N / C6H7N,amine,hydrocarbon,amine + hydrocarbon,21
Ternary,smiles:CN1CCCC1=O || smiles:c1ccccc1 || smiles:c1ccsc1,C5H9NO / C6H6 / C4H4S,amide,aromatic,amide + aromatic,21
Ternary,smiles:CN1CCCC1=O || smiles:c1ccccc1 || smiles:c1ccsc1,C5H9NO / C6H6 / C4H4S,amide,sulfur-containing,amide + sulfur-containing,21
Ternary,smiles:CN1CCCC1=O || smiles:c1ccccc1 || smiles:c1ccsc1,C5H9NO / C6H6 / C4H4S,aromatic,sulfur-containing,aromatic + sulfur-containing,21
Ternary,fallback:f35cdcca756bacdc || smiles:CC#N || smiles:O,C7H11ClN2 / C2H3N / H2O,other,unresolved,other + unresolved,20
Ternary,fallback:f35cdcca756bacdc || smiles:CC#N || smiles:O,C7H11ClN2 / C2H3N / H2O,other,water,other + water,20
Ternary,fallback:f35cdcca756bacdc || smiles:CC#N || smiles:O,C7H11ClN2 / C2H3N / H2O,unresolved,water,unresolved + water,20
Ternary,smiles:C1CCCCC1 || smiles:Nc1ccccc1 || smiles:O,C6H12 / C6H7N / H2O,amine,hydrocarbon,amine + hydrocarbon,20
Ternary,smiles:C1CCCCC1 || smiles:Nc1ccccc1 || smiles:O,C6H12 / C6H7N / H2O,amine,water,amine + water,20
Ternary,smiles:C1CCCCC1 || smiles:Nc1ccccc1 || smiles:O,C6H12 / C6H7N / H2O,hydrocarbon,water,hydrocarbon + water,20
Ternary,smiles:CC(=O)O || smiles:CCC(C)=O || smiles:O,C2H4O2 / C4H8O / H2O,acid,ketone,acid + ketone,20
Ternary,smiles:CC(=O)O || smiles:CCC(C)=O || smiles:O,C2H4O2 / C4H8O / H2O,acid,water,acid + water,20
Ternary,smiles:CC(=O)O || smiles:CCC(C)=O || smiles:O,C2H4O2 / C4H8O / H2O,ketone,water,ketone + water,20
Ternary,smiles:CC(C)C || smiles:CCC || smiles:FCF,C4H10 / C3H8 / CH2F2,halogenated,hydrocarbon,halogenated + hydrocarbon,20
Ternary,smiles:CC(C)C || smiles:CCC || smiles:FCF,C4H10 / C3H8 / CH2F2,hydrocarbon,hydrocarbon,hydrocarbon + hydrocarbon,20
Ternary,smiles:C1CCCCC1 || smiles:NC1CCCCC1 || smiles:O,C6H12 / C6H13N / H2O,amine,hydrocarbon,amine + hydrocarbon,19
Ternary,smiles:C1CCCCC1 || smiles:NC1CCCCC1 || smiles:O,C6H12 / C6H13N / H2O,amine,water,amine + water,19
Ternary,smiles:C1CCCCC1 || smiles:NC1CCCCC1 || smiles:O,C6H12 / C6H13N / H2O,hydrocarbon,water,hydrocarbon + water,19
Ternary,smiles:COCCO || smiles:CS(C)=O || smiles:Cc1ccccc1,C3H8O2 / C2H6OS / C7H8,alcohol,aromatic,alcohol + aromatic,18
Ternary,smiles:COCCO || smiles:CS(C)=O || smiles:Cc1ccccc1,C3H8O2 / C2H6OS / C7H8,alcohol,sulfur-containing,alcohol + sulfur-containing,18
Ternary,smiles:COCCO || smiles:CS(C)=O || smiles:Cc1ccccc1,C3H8O2 / C2H6OS / C7H8,aromatic,sulfur-containing,aromatic + sulfur-containing,18
Ternary,smiles:O=C=O || smiles:O=O || smiles:[Ar],CO2 / O2 / Ar,other,other,other + other,18
Ternary,smiles:C1CCOC1 || smiles:CC#N || smiles:Cc1ccccc1,C4H8O / C2H3N / C7H8,aromatic,ether,aromatic + ether,17
Ternary,smiles:C1CCOC1 || smiles:CC#N || smiles:Cc1ccccc1,C4H8O / C2H3N / C7H8,aromatic,other,aromatic + other,17
Ternary,smiles:C1CCOC1 || smiles:CC#N || smiles:Cc1ccccc1,C4H8O / C2H3N / C7H8,ether,other,ether + other,17
Ternary,smiles:CC(=O)O || smiles:CS(C)=O || smiles:O,C2H4O2 / C2H6OS / H2O,acid,sulfur-containing,acid + sulfur-containing,17
Ternary,smiles:CC(=O)O || smiles:CS(C)=O || smiles:O,C2H4O2 / C2H6OS / H2O,acid,water,acid + water,17
Ternary,smiles:CC(=O)O || smiles:CS(C)=O || smiles:O,C2H4O2 / C2H6OS / H2O,sulfur-containing,water,sulfur-containing + water,17
Ternary,smiles:CCC(C)O || smiles:CCC(C)OC(C)=O || smiles:CN(C)C=O,C4H10O / C6H12O2 / C3H7NO,alcohol,amide,alcohol + amide,17
Ternary,smiles:CCC(C)O || smiles:CCC(C)OC(C)=O || smiles:CN(C)C=O,C4H10O / C6H12O2 / C3H7NO,alcohol,ester,alcohol + ester,17
Ternary,smiles:CCC(C)O || smiles:CCC(C)OC(C)=O || smiles:CN(C)C=O,C4H10O / C6H12O2 / C3H7NO,amide,ester,amide + ester,17
Ternary,fallback:357f5f5bd0d80acf || smiles:C=CC(=C)CCC=C(C)C || smiles:O=C=O,H2 / C10H16 / CO2,hydrocarbon,other,hydrocarbon + other,16
Ternary,fallback:357f5f5bd0d80acf || smiles:C=CC(=C)CCC=C(C)C || smiles:O=C=O,H2 / C10H16 / CO2,hydrocarbon,unresolved,hydrocarbon + unresolved,16
Ternary,fallback:357f5f5bd0d80acf || smiles:C=CC(=C)CCC=C(C)C || smiles:O=C=O,H2 / C10H16 / CO2,other,unresolved,other + unresolved,16
Ternary,fallback:e1591e1a11bbc209 || smiles:C=CC(C)CCC=C(C)C || smiles:C=CC(C)CCCC(C)(C)O,C10H18 / C10H18 / C10H20O,alcohol,hydrocarbon,alcohol + hydrocarbon,16
Ternary,fallback:e1591e1a11bbc209 || smiles:C=CC(C)CCC=C(C)C || smiles:C=CC(C)CCCC(C)(C)O,C10H18 / C10H18 / C10H20O,alcohol,unresolved,alcohol + unresolved,16
Ternary,fallback:e1591e1a11bbc209 || smiles:C=CC(C)CCC=C(C)C || smiles:C=CC(C)CCCC(C)(C)O,C10H18 / C10H18 / C10H20O,hydrocarbon,unresolved,hydrocarbon + unresolved,16
Ternary,fallback:fbbde86d2d698521 || smiles:CC#N || smiles:O,C10H18N2O2 / C2H3N / H2O,other,unresolved,other + unresolved,16
Ternary,fallback:fbbde86d2d698521 || smiles:CC#N || smiles:O,C10H18N2O2 / C2H3N / H2O,other,water,other + water,16
Ternary,fallback:fbbde86d2d698521 || smiles:CC#N || smiles:O,C10H18N2O2 / C2H3N / H2O,unresolved,water,unresolved + water,16
Ternary,smiles:CC1CCCCC1 || smiles:Nc1ccccc1 || smiles:O,C7H14 / C6H7N / H2O,amine,hydrocarbon,amine + hydrocarbon,16
Ternary,smiles:CC1CCCCC1 || smiles:Nc1ccccc1 || smiles:O,C7H14 / C6H7N / H2O,amine,water,amine + water,16
Ternary,smiles:CC1CCCCC1 || smiles:Nc1ccccc1 || smiles:O,C7H14 / C6H7N / H2O,hydrocarbon,water,hydrocarbon + water,16
Ternary,smiles:CO || smiles:COC(C)=O || smiles:CS(C)=O,CH4O / C3H6O2 / C2H6OS,alcohol,ester,alcohol + ester,16
Ternary,smiles:CO || smiles:COC(C)=O || smiles:CS(C)=O,CH4O / C3H6O2 / C2H6OS,alcohol,sulfur-containing,alcohol + sulfur-containing,16
Ternary,smiles:CO || smiles:COC(C)=O || smiles:CS(C)=O,CH4O / C3H6O2 / C2H6OS,ester,sulfur-containing,ester + sulfur-containing,16
Ternary,smiles:CC#N || smiles:CCCO || smiles:OCCO,C2H3N / C3H8O / C2H6O2,alcohol,alcohol,alcohol + alcohol,15
Ternary,smiles:CC#N || smiles:CCCO || smiles:OCCO,C2H3N / C3H8O / C2H6O2,alcohol,other,alcohol + other,15
Ternary,smiles:CC(=O)O || smiles:CN(C)C=O || smiles:O,C2H4O2 / C3H7NO / H2O,acid,amide,acid + amide,15
Ternary,smiles:CC(=O)O || smiles:CN(C)C=O || smiles:O,C2H4O2 / C3H7NO / H2O,acid,water,acid + water,15
Ternary,smiles:CC(=O)O || smiles:CN(C)C=O || smiles:O,C2H4O2 / C3H7NO / H2O,amide,water,amide + water,15
Ternary,smiles:CC(=O)O || smiles:CN1CCCC1=O || smiles:O,C2H4O2 / C5H9NO / H2O,acid,amide,acid + amide,15
Ternary,smiles:CC(=O)O || smiles:CN1CCCC1=O || smiles:O,C2H4O2 / C5H9NO / H2O,acid,water,acid + water,15
Ternary,smiles:CC(=O)O || smiles:CN1CCCC1=O || smiles:O,C2H4O2 / C5H9NO / H2O,amide,water,amide + water,15
Ternary,smiles:CC(=O)O || smiles:CNC(C)=O || smiles:O,C2H4O2 / C3H7NO / H2O,acid,amide,acid + amide,15
Ternary,smiles:CC(=O)O || smiles:CNC(C)=O || smiles:O,C2H4O2 / C3H7NO / H2O,acid,water,acid + water,15
Ternary,smiles:CC(=O)O || smiles:CNC(C)=O || smiles:O,C2H4O2 / C3H7NO / H2O,amide,water,amide + water,15
Ternary,smiles:CC(C)O || smiles:CCCOC(C)=O || smiles:O,C3H8O / C5H10O2 / H2O,alcohol,ester,alcohol + ester,15
Ternary,smiles:CC(C)O || smiles:CCCOC(C)=O || smiles:O,C3H8O / C5H10O2 / H2O,alcohol,water,alcohol + water,15
Ternary,smiles:CC(C)O || smiles:CCCOC(C)=O || smiles:O,C3H8O / C5H10O2 / H2O,ester,water,ester + water,15
Ternary,fallback:4501d0d6bfddcc6a || smiles:CC(C)O || smiles:O,C5H10O2 / C3H8O / H2O,alcohol,unresolved,alcohol + unresolved,14
Ternary,fallback:4501d0d6bfddcc6a || smiles:CC(C)O || smiles:O,C5H10O2 / C3H8O / H2O,alcohol,water,alcohol + water,14
Ternary,fallback:4501d0d6bfddcc6a || smiles:CC(C)O || smiles:O,C5H10O2 / C3H8O / H2O,unresolved,water,unresolved + water,14
Ternary,smiles:CC(=O)N(C)C || smiles:CCC(C)O || smiles:CCC(C)OC(C)=O,C4H9NO / C4H10O / C6H12O2,alcohol,amide,alcohol + amide,14
Ternary,smiles:CC(=O)N(C)C || smiles:CCC(C)O || smiles:CCC(C)OC(C)=O,C4H9NO / C4H10O / C6H12O2,alcohol,ester,alcohol + ester,14
Ternary,smiles:CC(=O)N(C)C || smiles:CCC(C)O || smiles:CCC(C)OC(C)=O,C4H9NO / C4H10O / C6H12O2,amide,ester,amide + ester,14
Ternary,smiles:CCC(C)O || smiles:CCC(C)OC(C)=O || smiles:CS(C)=O,C4H10O / C6H12O2 / C2H6OS,alcohol,ester,alcohol + ester,13
Ternary,smiles:CCC(C)O || smiles:CCC(C)OC(C)=O || smiles:CS(C)=O,C4H10O / C6H12O2 / C2H6OS,alcohol,sulfur-containing,alcohol + sulfur-containing,13
Ternary,smiles:CCC(C)O || smiles:CCC(C)OC(C)=O || smiles:CS(C)=O,C4H10O / C6H12O2 / C2H6OS,ester,sulfur-containing,ester + sulfur-containing,13
Ternary,smiles:CC(C)O || smiles:CCCCCO || smiles:CCCCO,C3H8O / C5H12O / C4H10O,alcohol,alcohol,alcohol + alcohol,12
Ternary,smiles:CCCO || smiles:CCCOC(C)=O || smiles:O,C3H8O / C5H10O2 / H2O,alcohol,ester,alcohol + ester,11
Ternary,smiles:CCCO || smiles:CCCOC(C)=O || smiles:O,C3H8O / C5H10O2 / H2O,alcohol,water,alcohol + water,11
Ternary,smiles:CCCO || smiles:CCCOC(C)=O || smiles:O,C3H8O / C5H10O2 / H2O,ester,water,ester + water,11
Ternary,smiles:[Bi] || smiles:[Cu] || smiles:[Sb],Bi / Cu / Sb,other,other,other + other,11
Ternary,fallback:95e7f54193c00c2e || smiles:CC(C)=O || smiles:CO,C6H12N2O4S / C3H6O / CH4O,alcohol,ketone,alcohol + ketone,10
Ternary,fallback:95e7f54193c00c2e || smiles:CC(C)=O || smiles:CO,C6H12N2O4S / C3H6O / CH4O,alcohol,unresolved,alcohol + unresolved,10
Ternary,fallback:95e7f54193c00c2e || smiles:CC(C)=O || smiles:CO,C6H12N2O4S / C3H6O / CH4O,ketone,unresolved,ketone + unresolved,10
Ternary,smiles:CC(C)=CCC/C(C)=C/CC/C(C)=C/CC/C(C)=C/CC/C(C)=C/CC/C(C)=C/CC/C(C)=C/CC/C(C)=C/CC/C(C)=C/CO || smiles:CN1CCC[C@H]1c1cccnc1 || smiles:O=C=O,C45H74O / C10H14N2 / CO2,alcohol,amine,alcohol + amine,9
Ternary,smiles:CC(C)=CCC/C(C)=C/CC/C(C)=C/CC/C(C)=C/CC/C(C)=C/CC/C(C)=C/CC/C(C)=C/CC/C(C)=C/CC/C(C)=C/CO || smiles:CN1CCC[C@H]1c1cccnc1 || smiles:O=C=O,C45H74O / C10H14N2 / CO2,alcohol,other,alcohol + other,9
Ternary,smiles:CC(C)=CCC/C(C)=C/CC/C(C)=C/CC/C(C)=C/CC/C(C)=C/CC/C(C)=C/CC/C(C)=C/CC/C(C)=C/CC/C(C)=C/CO || smiles:CN1CCC[C@H]1c1cccnc1 || smiles:O=C=O,C45H74O / C10H14N2 / CO2,amine,other,amine + other,9
