[stage experimental] starting 80 epoch(s)
[stage experimental] [epoch 1/80] train_total=1.378717 val_total=0.888486 best=0.888486 improved=yes epoch_time=1.9s total_time=1.9s
[stage experimental] [epoch 2/80] train_total=0.780779 val_total=0.411621 best=0.411621 improved=yes epoch_time=1.7s total_time=3.6s
[stage experimental] [epoch 3/80] train_total=0.329976 val_total=0.231303 best=0.231303 improved=yes epoch_time=1.7s total_time=5.3s
[stage experimental] [epoch 4/80] train_total=0.258521 val_total=0.349778 best=0.231303 improved=no epoch_time=1.7s total_time=7.0s
[stage experimental] [epoch 5/80] train_total=0.202206 val_total=0.227268 best=0.227268 improved=yes epoch_time=1.7s total_time=8.7s
[stage experimental] [epoch 6/80] train_total=0.182117 val_total=0.235409 best=0.227268 improved=no epoch_time=1.7s total_time=10.4s
[stage experimental] [epoch 7/80] train_total=0.158341 val_total=0.111403 best=0.111403 improved=yes epoch_time=1.7s total_time=12.0s
[stage experimental] [epoch 8/80] train_total=0.123744 val_total=0.118938 best=0.111403 improved=no epoch_time=1.7s total_time=13.7s
[stage experimental] [epoch 9/80] train_total=0.102589 val_total=0.139117 best=0.111403 improved=no epoch_time=1.7s total_time=15.4s
[stage experimental] [epoch 10/80] train_total=0.116887 val_total=0.197174 best=0.111403 improved=no epoch_time=1.7s total_time=17.1s
[stage experimental] [epoch 11/80] train_total=0.092200 val_total=0.257637 best=0.111403 improved=no epoch_time=1.7s total_time=18.7s
[stage experimental] [epoch 12/80] train_total=0.101314 val_total=0.078158 best=0.078158 improved=yes epoch_time=1.6s total_time=20.3s
[stage experimental] [epoch 13/80] train_total=0.081509 val_total=0.084397 best=0.078158 improved=no epoch_time=1.6s total_time=22.0s
[stage experimental] [epoch 14/80] train_total=0.075495 val_total=0.129607 best=0.078158 improved=no epoch_time=1.7s total_time=23.7s
[stage experimental] [epoch 15/80] train_total=0.107315 val_total=0.186363 best=0.078158 improved=no epoch_time=1.6s total_time=25.3s
[stage experimental] [epoch 16/80] train_total=0.086080 val_total=0.128571 best=0.078158 improved=no epoch_time=1.7s total_time=27.0s
[stage experimental] [epoch 17/80] train_total=0.068365 val_total=0.077711 best=0.077711 improved=yes epoch_time=1.7s total_time=28.7s
[stage experimental] [epoch 18/80] train_total=0.087450 val_total=0.087103 best=0.077711 improved=no epoch_time=1.7s total_time=30.4s
[stage experimental] [epoch 19/80] train_total=0.071890 val_total=0.072860 best=0.072860 improved=yes epoch_time=1.7s total_time=32.1s
[stage experimental] [epoch 20/80] train_total=0.061452 val_total=0.091191 best=0.072860 improved=no epoch_time=1.7s total_time=33.7s
[stage experimental] [epoch 21/80] train_total=0.059806 val_total=0.099741 best=0.072860 improved=no epoch_time=1.7s total_time=35.4s
[stage experimental] [epoch 22/80] train_total=0.061426 val_total=0.070491 best=0.070491 improved=yes epoch_time=1.7s total_time=37.1s
[stage experimental] [epoch 23/80] train_total=0.053681 val_total=0.080827 best=0.070491 improved=no epoch_time=1.7s total_time=38.8s
[stage experimental] [epoch 24/80] train_total=0.054353 val_total=0.068162 best=0.068162 improved=yes epoch_time=1.7s total_time=40.5s
[stage experimental] [epoch 25/80] train_total=0.075646 val_total=0.082520 best=0.068162 improved=no epoch_time=1.6s total_time=42.1s
[stage experimental] [epoch 26/80] train_total=0.043337 val_total=0.054966 best=0.054966 improved=yes epoch_time=1.7s total_time=43.8s
[stage experimental] [epoch 27/80] train_total=0.049863 val_total=0.076920 best=0.054966 improved=no epoch_time=1.7s total_time=45.5s
[stage experimental] [epoch 28/80] train_total=0.044917 val_total=0.082590 best=0.054966 improved=no epoch_time=1.7s total_time=47.1s
[stage experimental] [epoch 29/80] train_total=0.042571 val_total=0.072579 best=0.054966 improved=no epoch_time=1.7s total_time=48.8s
[stage experimental] [epoch 30/80] train_total=0.038499 val_total=0.076453 best=0.054966 improved=no epoch_time=1.7s total_time=50.5s
[stage experimental] [epoch 31/80] train_total=0.042636 val_total=0.078322 best=0.054966 improved=no epoch_time=1.7s total_time=52.2s
[stage experimental] [epoch 32/80] train_total=0.045292 val_total=0.090304 best=0.054966 improved=no epoch_time=1.7s total_time=53.9s
[stage experimental] [epoch 33/80] train_total=0.049723 val_total=0.134027 best=0.054966 improved=no epoch_time=1.6s total_time=55.5s
[stage experimental] [epoch 34/80] train_total=0.042547 val_total=0.099851 best=0.054966 improved=no epoch_time=1.6s total_time=57.1s
[stage experimental] [epoch 35/80] train_total=0.041985 val_total=0.086297 best=0.054966 improved=no epoch_time=1.6s total_time=58.8s
[stage experimental] [epoch 36/80] train_total=0.031344 val_total=0.042655 best=0.042655 improved=yes epoch_time=1.6s total_time=60.4s
[stage experimental] [epoch 37/80] train_total=0.032717 val_total=0.065409 best=0.042655 improved=no epoch_time=1.6s total_time=62.1s
[stage experimental] [epoch 38/80] train_total=0.039220 val_total=0.046917 best=0.042655 improved=no epoch_time=1.7s total_time=63.7s
[stage experimental] [epoch 39/80] train_total=0.032221 val_total=0.059273 best=0.042655 improved=no epoch_time=1.6s total_time=65.4s
[stage experimental] [epoch 40/80] train_total=0.036487 val_total=0.109993 best=0.042655 improved=no epoch_time=1.7s total_time=67.0s
[stage experimental] [epoch 41/80] train_total=0.032112 val_total=0.062892 best=0.042655 improved=no epoch_time=1.6s total_time=68.7s
[stage experimental] [epoch 42/80] train_total=0.036526 val_total=0.069798 best=0.042655 improved=no epoch_time=1.7s total_time=70.3s
[stage experimental] [epoch 43/80] train_total=0.028867 val_total=0.062568 best=0.042655 improved=no epoch_time=1.6s total_time=72.0s
[stage experimental] [epoch 44/80] train_total=0.034306 val_total=0.078681 best=0.042655 improved=no epoch_time=1.6s total_time=73.6s
[stage experimental] [epoch 45/80] train_total=0.035693 val_total=0.114662 best=0.042655 improved=no epoch_time=1.6s total_time=75.2s
[stage experimental] [epoch 46/80] train_total=0.036313 val_total=0.063044 best=0.042655 improved=no epoch_time=1.6s total_time=76.9s
[stage experimental] [epoch 47/80] train_total=0.025637 val_total=0.054500 best=0.042655 improved=no epoch_time=1.6s total_time=78.5s
[stage experimental] [epoch 48/80] train_total=0.027408 val_total=0.059215 best=0.042655 improved=no epoch_time=1.6s total_time=80.1s
[stage experimental] early stopping at epoch 48; best_validation=0.042655
[seed 4] [stage 1/3: direct GE] starting 20 epoch(s)
[seed 4] [stage 1/3: direct GE] [epoch 1/20] train_total=0.008324 val_score=1.204945 best=1.204945 P_MAE=10.9121 kPa y_iso_MAE=0.050518 T_MAE=4.1712 K y_isob_MAE=0.044805 improved=yes epoch_time=22.9s total_time=43.6s
[seed 4] [stage 1/3: direct GE] [epoch 2/20] train_total=0.004960 val_score=1.422173 best=1.204945 P_MAE=12.6266 kPa y_iso_MAE=0.057026 T_MAE=5.0934 K y_isob_MAE=0.054360 improved=no epoch_time=22.8s total_time=66.4s
[seed 4] [stage 1/3: direct GE] [epoch 3/20] train_total=0.004891 val_score=1.011861 best=1.011861 P_MAE=10.0082 kPa y_iso_MAE=0.045050 T_MAE=3.2472 K y_isob_MAE=0.035030 improved=yes epoch_time=24.2s total_time=90.6s
[seed 4] [stage 1/3: direct GE] [epoch 4/20] train_total=0.004896 val_score=1.002541 best=1.002541 P_MAE=10.4720 kPa y_iso_MAE=0.042238 T_MAE=3.2248 K y_isob_MAE=0.034980 improved=yes epoch_time=24.0s total_time=114.6s
[seed 4] [stage 1/3: direct GE] [epoch 5/20] train_total=0.004363 val_score=1.004298 best=1.002541 P_MAE=9.7754 kPa y_iso_MAE=0.045085 T_MAE=2.9667 K y_isob_MAE=0.037615 improved=no epoch_time=24.0s total_time=138.7s
[seed 4] [stage 1/3: direct GE] [epoch 6/20] train_total=0.004070 val_score=1.103183 best=1.002541 P_MAE=11.9796 kPa y_iso_MAE=0.046295 T_MAE=3.2537 K y_isob_MAE=0.040198 improved=no epoch_time=24.3s total_time=163.0s
[seed 4] [stage 1/3: direct GE] [epoch 7/20] train_total=0.004137 val_score=1.104714 best=1.002541 P_MAE=11.6907 kPa y_iso_MAE=0.043967 T_MAE=4.0217 K y_isob_MAE=0.035552 improved=no epoch_time=24.7s total_time=187.7s
[seed 4] [stage 1/3: direct GE] [epoch 8/20] train_total=0.004125 val_score=1.062702 best=1.002541 P_MAE=10.7432 kPa y_iso_MAE=0.044619 T_MAE=3.4535 K y_isob_MAE=0.038052 improved=no epoch_time=24.4s total_time=212.0s
[seed 4] [stage 1/3: direct GE] [epoch 9/20] train_total=0.004108 val_score=1.045915 best=1.002541 P_MAE=10.5804 kPa y_iso_MAE=0.043126 T_MAE=3.5901 K y_isob_MAE=0.036169 improved=no epoch_time=25.4s total_time=237.4s
[seed 4] [stage 1/3: direct GE] [epoch 10/20] train_total=0.003816 val_score=1.031053 best=1.002541 P_MAE=10.4281 kPa y_iso_MAE=0.040206 T_MAE=3.8802 K y_isob_MAE=0.034248 improved=no epoch_time=25.4s total_time=262.8s
[seed 4] [stage 1/3: direct GE] [epoch 11/20] train_total=0.003799 val_score=1.017633 best=1.002541 P_MAE=10.4728 kPa y_iso_MAE=0.041781 T_MAE=3.4327 K y_isob_MAE=0.035386 improved=no epoch_time=25.2s total_time=288.0s
[seed 4] [stage 1/3: direct GE] [epoch 12/20] train_total=0.003788 val_score=1.049387 best=1.002541 P_MAE=10.8448 kPa y_iso_MAE=0.036958 T_MAE=4.0446 K y_isob_MAE=0.036751 improved=no epoch_time=25.3s total_time=313.3s
[seed 4] [stage 1/3: direct GE] [epoch 13/20] train_total=0.003733 val_score=1.014251 best=1.002541 P_MAE=10.3591 kPa y_iso_MAE=0.043567 T_MAE=3.2882 K y_isob_MAE=0.035138 improved=no epoch_time=24.1s total_time=337.5s
[seed 4] [stage 1/3: direct GE] [epoch 14/20] train_total=0.003511 val_score=1.058760 best=1.002541 P_MAE=10.4675 kPa y_iso_MAE=0.042040 T_MAE=3.8390 K y_isob_MAE=0.036789 improved=no epoch_time=23.8s total_time=361.3s
[seed 4] [stage 1/3: direct GE] [epoch 15/20] train_total=0.003556 val_score=0.984607 best=0.984607 P_MAE=10.1664 kPa y_iso_MAE=0.041886 T_MAE=3.1932 K y_isob_MAE=0.034107 improved=yes epoch_time=23.9s total_time=385.2s
[seed 4] [stage 1/3: direct GE] [epoch 16/20] train_total=0.003465 val_score=1.064208 best=0.984607 P_MAE=11.9640 kPa y_iso_MAE=0.035159 T_MAE=3.8734 K y_isob_MAE=0.038552 improved=no epoch_time=23.7s total_time=408.9s
[seed 4] [stage 1/3: direct GE] [epoch 17/20] train_total=0.003508 val_score=1.034815 best=0.984607 P_MAE=11.0978 kPa y_iso_MAE=0.037373 T_MAE=3.7640 K y_isob_MAE=0.036365 improved=no epoch_time=24.0s total_time=432.9s
[seed 4] [stage 1/3: direct GE] [epoch 18/20] train_total=0.003325 val_score=1.082823 best=0.984607 P_MAE=11.1413 kPa y_iso_MAE=0.041936 T_MAE=3.7283 K y_isob_MAE=0.039202 improved=no epoch_time=23.8s total_time=456.7s
[seed 4] [stage 1/3: direct GE] [epoch 19/20] train_total=0.003519 val_score=1.182059 best=0.984607 P_MAE=12.1489 kPa y_iso_MAE=0.048584 T_MAE=3.8783 K y_isob_MAE=0.042242 improved=no epoch_time=23.9s total_time=480.6s
[seed 4] [stage 1/3: direct GE] [epoch 20/20] train_total=0.004089 val_score=1.079809 best=0.984607 P_MAE=12.6113 kPa y_iso_MAE=0.037986 T_MAE=3.8524 K y_isob_MAE=0.036211 improved=no epoch_time=24.1s total_time=504.8s
[seed 4] [stage 2/3: joint VLE] starting 80 epoch(s)
[seed 4] [stage 2/3: joint VLE] [epoch 1/80] train_total=0.068121 val_score=0.917270 best=0.917270 P_MAE=8.2005 kPa y_iso_MAE=0.037190 T_MAE=3.2186 K y_isob_MAE=0.035185 improved=yes epoch_time=25.2s total_time=530.0s
[seed 4] [stage 2/3: joint VLE] [epoch 2/80] train_total=0.040418 val_score=1.132222 best=0.917270 P_MAE=10.9105 kPa y_iso_MAE=0.039899 T_MAE=4.7000 K y_isob_MAE=0.038782 improved=no epoch_time=25.0s total_time=555.0s
[seed 4] [stage 2/3: joint VLE] [epoch 3/80] train_total=0.055619 val_score=0.935630 best=0.917270 P_MAE=10.7047 kPa y_iso_MAE=0.039601 T_MAE=2.9298 K y_isob_MAE=0.030190 improved=no epoch_time=24.8s total_time=579.7s
[seed 4] [stage 2/3: joint VLE] [epoch 4/80] train_total=0.038653 val_score=0.941105 best=0.917270 P_MAE=10.1941 kPa y_iso_MAE=0.039841 T_MAE=2.8812 K y_isob_MAE=0.032960 improved=no epoch_time=25.0s total_time=604.7s
[seed 4] [stage 2/3: joint VLE] [epoch 5/80] train_total=0.049616 val_score=1.186046 best=0.917270 P_MAE=9.8917 kPa y_iso_MAE=0.047577 T_MAE=4.4161 K y_isob_MAE=0.045704 improved=no epoch_time=24.6s total_time=629.4s
[seed 4] [stage 2/3: joint VLE] [epoch 6/80] train_total=0.038749 val_score=1.019920 best=0.917270 P_MAE=11.2368 kPa y_iso_MAE=0.039552 T_MAE=3.5102 K y_isob_MAE=0.034406 improved=no epoch_time=24.8s total_time=654.2s
[seed 4] [stage 2/3: joint VLE] [epoch 7/80] train_total=0.041908 val_score=1.153269 best=0.917270 P_MAE=9.6197 kPa y_iso_MAE=0.039598 T_MAE=4.7631 K y_isob_MAE=0.045716 improved=no epoch_time=24.5s total_time=678.7s
[seed 4] [stage 2/3: joint VLE] [epoch 8/80] train_total=0.037207 val_score=1.019635 best=0.917270 P_MAE=10.0273 kPa y_iso_MAE=0.043132 T_MAE=3.4308 K y_isob_MAE=0.035933 improved=no epoch_time=24.7s total_time=703.4s
[seed 4] [stage 2/3: joint VLE] [epoch 9/80] train_total=0.039183 val_score=0.994109 best=0.917270 P_MAE=13.0693 kPa y_iso_MAE=0.040204 T_MAE=2.8459 K y_isob_MAE=0.030905 improved=no epoch_time=25.1s total_time=728.5s
[seed 4] [stage 2/3: joint VLE] [epoch 10/80] train_total=0.033625 val_score=1.082082 best=0.917270 P_MAE=12.1942 kPa y_iso_MAE=0.046978 T_MAE=3.2234 K y_isob_MAE=0.036164 improved=no epoch_time=25.0s total_time=753.6s
[seed 4] [stage 2/3: joint VLE] [epoch 11/80] train_total=0.033391 val_score=0.910859 best=0.910859 P_MAE=9.1818 kPa y_iso_MAE=0.040674 T_MAE=2.7338 K y_isob_MAE=0.032810 improved=yes epoch_time=24.4s total_time=778.0s
[seed 4] [stage 2/3: joint VLE] [epoch 12/80] train_total=0.047038 val_score=0.978964 best=0.910859 P_MAE=10.0819 kPa y_iso_MAE=0.041403 T_MAE=3.3400 K y_isob_MAE=0.032509 improved=no epoch_time=24.5s total_time=802.5s
[seed 4] [stage 2/3: joint VLE] [epoch 13/80] train_total=0.032080 val_score=0.848973 best=0.848973 P_MAE=8.0451 kPa y_iso_MAE=0.038575 T_MAE=2.8416 K y_isob_MAE=0.028634 improved=yes epoch_time=24.3s total_time=826.8s
[seed 4] [stage 2/3: joint VLE] [epoch 14/80] train_total=0.034738 val_score=1.059933 best=0.848973 P_MAE=10.4039 kPa y_iso_MAE=0.036824 T_MAE=4.0094 K y_isob_MAE=0.040214 improved=no epoch_time=25.3s total_time=852.2s
[seed 4] [stage 2/3: joint VLE] [epoch 15/80] train_total=0.030941 val_score=1.077750 best=0.848973 P_MAE=9.8013 kPa y_iso_MAE=0.041483 T_MAE=4.1314 K y_isob_MAE=0.039195 improved=no epoch_time=25.6s total_time=877.8s
[seed 4] [stage 2/3: joint VLE] [epoch 16/80] train_total=0.037828 val_score=0.936626 best=0.848973 P_MAE=9.2149 kPa y_iso_MAE=0.039900 T_MAE=3.0747 K y_isob_MAE=0.033535 improved=no epoch_time=24.8s total_time=902.6s
[seed 4] [stage 2/3: joint VLE] [epoch 17/80] train_total=0.031427 val_score=1.059911 best=0.848973 P_MAE=9.3764 kPa y_iso_MAE=0.041270 T_MAE=4.0164 K y_isob_MAE=0.039473 improved=no epoch_time=24.7s total_time=927.3s
[seed 4] [stage 2/3: joint VLE] [epoch 18/80] train_total=0.031323 val_score=0.875065 best=0.848973 P_MAE=8.5639 kPa y_iso_MAE=0.040423 T_MAE=2.6034 K y_isob_MAE=0.031375 improved=no epoch_time=24.5s total_time=951.8s
[seed 4] [stage 2/3: joint VLE] [epoch 19/80] train_total=0.029064 val_score=0.922186 best=0.848973 P_MAE=9.3798 kPa y_iso_MAE=0.042317 T_MAE=2.8476 K y_isob_MAE=0.031058 improved=no epoch_time=25.6s total_time=977.4s
[seed 4] [stage 2/3: joint VLE] [epoch 20/80] train_total=0.032230 val_score=1.195538 best=0.848973 P_MAE=10.4571 kPa y_iso_MAE=0.038556 T_MAE=4.7619 K y_isob_MAE=0.049897 improved=no epoch_time=25.0s total_time=1002.4s
[seed 4] [stage 2/3: joint VLE] [epoch 21/80] train_total=0.032431 val_score=1.121410 best=0.848973 P_MAE=14.2296 kPa y_iso_MAE=0.043035 T_MAE=3.9283 K y_isob_MAE=0.031260 improved=no epoch_time=25.9s total_time=1028.3s
[seed 4] [stage 2/3: joint VLE] [epoch 22/80] train_total=0.033814 val_score=0.918319 best=0.848973 P_MAE=8.6788 kPa y_iso_MAE=0.043395 T_MAE=2.7605 K y_isob_MAE=0.032764 improved=no epoch_time=25.2s total_time=1053.5s
[seed 4] [stage 2/3: joint VLE] [epoch 23/80] train_total=0.033181 val_score=0.966223 best=0.848973 P_MAE=10.9039 kPa y_iso_MAE=0.034427 T_MAE=3.4449 K y_isob_MAE=0.033297 improved=no epoch_time=25.2s total_time=1078.7s
[seed 4] [stage 2/3: joint VLE] [epoch 24/80] train_total=0.026151 val_score=1.079744 best=0.848973 P_MAE=12.1880 kPa y_iso_MAE=0.041732 T_MAE=3.3542 K y_isob_MAE=0.039336 improved=no epoch_time=25.3s total_time=1104.0s
[seed 4] [stage 2/3: joint VLE] [epoch 25/80] train_total=0.028348 val_score=0.880514 best=0.848973 P_MAE=8.7560 kPa y_iso_MAE=0.040285 T_MAE=2.8383 K y_isob_MAE=0.029194 improved=no epoch_time=25.4s total_time=1129.4s
{"direct_ge_parameter_summary": {"stage1_trainable_parameters": 1742977, "stage2_trainable_parameters": 1780419, "stage3": {"groups": [{"learning_rate": 2e-05, "name": "pair_potential", "parameter_count": 110977, "parameter_names": ["pair_potential.0.weight", "pair_potential.0.bias", "pair_potential.2.weight", "pair_potential.2.bias"]}, {"learning_rate": 1e-05, "name": "vapor_pressure", "parameter_count": 37442, "parameter_names": ["vapor_pressure.parameter_head.0.weight", "vapor_pressure.parameter_head.0.bias", "vapor_pressure.parameter_head.2.weight", "vapor_pressure.parameter_head.2.bias"]}, {"learning_rate": 5e-06, "name": "film", "parameter_count": 111744, "parameter_names": ["film.0.weight", "film.0.bias", "film.2.weight", "film.2.bias"]}, {"learning_rate": 5e-06, "name": "mixture_token", "parameter_count": 192, "parameter_names": ["mixture_token"]}], "total_parameters": 1780419, "trainable_fraction": 0.14623243180397424, "trainable_parameters": 260355}, "total_parameters": 1780419, "trainable_fraction": 0.14623243180397424, "trainable_parameters": 260355}}
[seed 4] [stage 3/3: fugacity] starting 10 epoch(s)
[seed 4] [stage 3/3: fugacity] [epoch 1/10] train_total=0.026095 val_score=0.824872 best=0.824872 P_MAE=7.9341 kPa y_iso_MAE=0.036418 T_MAE=2.7528 K y_isob_MAE=0.028493 improved=yes epoch_time=25.0s total_time=1154.4s
[seed 4] [stage 3/3: fugacity] [epoch 2/10] train_total=0.022652 val_score=0.836914 best=0.824872 P_MAE=8.1547 kPa y_iso_MAE=0.037225 T_MAE=2.7541 K y_isob_MAE=0.028708 improved=no epoch_time=25.2s total_time=1179.6s
[seed 4] [stage 3/3: fugacity] [epoch 3/10] train_total=0.021761 val_score=0.843932 best=0.824872 P_MAE=8.2299 kPa y_iso_MAE=0.037337 T_MAE=2.7830 K y_isob_MAE=0.029052 improved=no epoch_time=25.0s total_time=1204.6s
[seed 4] [stage 3/3: fugacity] [epoch 4/10] train_total=0.020107 val_score=0.835183 best=0.824872 P_MAE=8.1977 kPa y_iso_MAE=0.037517 T_MAE=2.7072 K y_isob_MAE=0.028535 improved=no epoch_time=25.2s total_time=1229.8s
[seed 4] [stage 3/3: fugacity] [epoch 5/10] train_total=0.019998 val_score=0.832170 best=0.824872 P_MAE=8.2534 kPa y_iso_MAE=0.037467 T_MAE=2.6763 K y_isob_MAE=0.028288 improved=no epoch_time=25.4s total_time=1255.2s
[seed 4] [stage 3/3: fugacity] [epoch 6/10] train_total=0.019576 val_score=0.834557 best=0.824872 P_MAE=8.2876 kPa y_iso_MAE=0.037821 T_MAE=2.6617 K y_isob_MAE=0.028338 improved=no epoch_time=25.5s total_time=1280.7s
[seed 4] [stage 3/3: fugacity] [epoch 7/10] train_total=0.018756 val_score=0.830053 best=0.824872 P_MAE=8.2245 kPa y_iso_MAE=0.037688 T_MAE=2.6454 K y_isob_MAE=0.028202 improved=no epoch_time=25.2s total_time=1305.9s
[seed 4] [stage 3/3: fugacity] [epoch 8/10] train_total=0.019389 val_score=0.833665 best=0.824872 P_MAE=8.2854 kPa y_iso_MAE=0.037941 T_MAE=2.6387 K y_isob_MAE=0.028347 improved=no epoch_time=25.3s total_time=1331.2s
[seed 4] [stage 3/3: fugacity] [epoch 9/10] train_total=0.018134 val_score=0.836500 best=0.824872 P_MAE=8.3555 kPa y_iso_MAE=0.037546 T_MAE=2.6794 K y_isob_MAE=0.028457 improved=no epoch_time=25.2s total_time=1356.4s
[seed 4] [stage 3/3: fugacity] [epoch 10/10] train_total=0.018474 val_score=0.830922 best=0.824872 P_MAE=8.1742 kPa y_iso_MAE=0.037743 T_MAE=2.6537 K y_isob_MAE=0.028356 improved=no epoch_time=25.6s total_time=1382.1s
{"variant": "c0_current_vanilla", "seed": 4, "status": "completed", "selected_stage": "stage3", "stage0_source": "generated"}
[stage experimental] starting 80 epoch(s)
[stage experimental] [epoch 1/80] train_total=0.956775 val_total=0.076420 best=0.076420 improved=yes epoch_time=1.9s total_time=1.9s
[stage experimental] [epoch 2/80] train_total=0.144566 val_total=0.039029 best=0.039029 improved=yes epoch_time=1.7s total_time=3.7s
[stage experimental] [epoch 3/80] train_total=0.082840 val_total=0.022467 best=0.022467 improved=yes epoch_time=1.7s total_time=5.4s
[stage experimental] [epoch 4/80] train_total=0.060043 val_total=0.026998 best=0.022467 improved=no epoch_time=1.7s total_time=7.0s
[stage experimental] [epoch 5/80] train_total=0.046864 val_total=0.023775 best=0.022467 improved=no epoch_time=1.6s total_time=8.7s
[stage experimental] [epoch 6/80] train_total=0.044061 val_total=0.023311 best=0.022467 improved=no epoch_time=1.7s total_time=10.4s
[stage experimental] [epoch 7/80] train_total=0.047195 val_total=0.028563 best=0.022467 improved=no epoch_time=1.8s total_time=12.3s
[stage experimental] [epoch 8/80] train_total=0.040848 val_total=0.022668 best=0.022467 improved=no epoch_time=1.7s total_time=14.0s
[stage experimental] [epoch 9/80] train_total=0.036956 val_total=0.025459 best=0.022467 improved=no epoch_time=1.7s total_time=15.7s
[stage experimental] [epoch 10/80] train_total=0.039083 val_total=0.021922 best=0.021922 improved=yes epoch_time=1.7s total_time=17.4s
[stage experimental] [epoch 11/80] train_total=0.035509 val_total=0.023513 best=0.021922 improved=no epoch_time=1.7s total_time=19.1s
[stage experimental] [epoch 12/80] train_total=0.033299 val_total=0.024897 best=0.021922 improved=no epoch_time=1.7s total_time=20.8s
[stage experimental] [epoch 13/80] train_total=0.034048 val_total=0.024777 best=0.021922 improved=no epoch_time=1.7s total_time=22.5s
[stage experimental] [epoch 14/80] train_total=0.033949 val_total=0.024422 best=0.021922 improved=no epoch_time=1.6s total_time=24.2s
[stage experimental] [epoch 15/80] train_total=0.033696 val_total=0.024008 best=0.021922 improved=no epoch_time=1.7s total_time=25.9s
[stage experimental] [epoch 16/80] train_total=0.031144 val_total=0.022945 best=0.021922 improved=no epoch_time=1.7s total_time=27.6s
[stage experimental] [epoch 17/80] train_total=0.034278 val_total=0.026044 best=0.021922 improved=no epoch_time=1.7s total_time=29.3s
[stage experimental] [epoch 18/80] train_total=0.030385 val_total=0.022393 best=0.021922 improved=no epoch_time=1.7s total_time=30.9s
[stage experimental] [epoch 19/80] train_total=0.036378 val_total=0.020082 best=0.020082 improved=yes epoch_time=1.7s total_time=32.7s
[stage experimental] [epoch 20/80] train_total=0.033717 val_total=0.024322 best=0.020082 improved=no epoch_time=1.6s total_time=34.4s
[stage experimental] [epoch 21/80] train_total=0.028685 val_total=0.018339 best=0.018339 improved=yes epoch_time=1.6s total_time=36.0s
[stage experimental] [epoch 22/80] train_total=0.029703 val_total=0.025021 best=0.018339 improved=no epoch_time=1.7s total_time=37.7s
[stage experimental] [epoch 23/80] train_total=0.027893 val_total=0.021198 best=0.018339 improved=no epoch_time=1.7s total_time=39.4s
[stage experimental] [epoch 24/80] train_total=0.027325 val_total=0.019984 best=0.018339 improved=no epoch_time=1.7s total_time=41.0s
[stage experimental] [epoch 25/80] train_total=0.025501 val_total=0.022472 best=0.018339 improved=no epoch_time=1.7s total_time=42.7s
[stage experimental] [epoch 26/80] train_total=0.027416 val_total=0.019841 best=0.018339 improved=no epoch_time=1.6s total_time=44.4s
[stage experimental] [epoch 27/80] train_total=0.026660 val_total=0.020933 best=0.018339 improved=no epoch_time=1.7s total_time=46.0s
[stage experimental] [epoch 28/80] train_total=0.023850 val_total=0.021671 best=0.018339 improved=no epoch_time=1.6s total_time=47.7s
[stage experimental] [epoch 29/80] train_total=0.024202 val_total=0.026039 best=0.018339 improved=no epoch_time=1.8s total_time=49.5s
[stage experimental] [epoch 30/80] train_total=0.021726 val_total=0.020434 best=0.018339 improved=no epoch_time=1.6s total_time=51.1s
[stage experimental] [epoch 31/80] train_total=0.021224 val_total=0.018252 best=0.018252 improved=yes epoch_time=1.7s total_time=52.8s
[stage experimental] [epoch 32/80] train_total=0.020294 val_total=0.019663 best=0.018252 improved=no epoch_time=1.6s total_time=54.4s
[stage experimental] [epoch 33/80] train_total=0.020191 val_total=0.018152 best=0.018152 improved=yes epoch_time=1.7s total_time=56.1s
[stage experimental] [epoch 34/80] train_total=0.020260 val_total=0.018100 best=0.018100 improved=yes epoch_time=1.7s total_time=57.8s
[stage experimental] [epoch 35/80] train_total=0.023554 val_total=0.019020 best=0.018100 improved=no epoch_time=1.7s total_time=59.5s
[stage experimental] [epoch 36/80] train_total=0.020641 val_total=0.022906 best=0.018100 improved=no epoch_time=1.7s total_time=61.1s
[stage experimental] [epoch 37/80] train_total=0.020233 val_total=0.017193 best=0.017193 improved=yes epoch_time=1.6s total_time=62.8s
[stage experimental] [epoch 38/80] train_total=0.017263 val_total=0.016477 best=0.016477 improved=yes epoch_time=1.6s total_time=64.4s
[stage experimental] [epoch 39/80] train_total=0.015049 val_total=0.014383 best=0.014383 improved=yes epoch_time=1.8s total_time=66.2s
[stage experimental] [epoch 40/80] train_total=0.015783 val_total=0.013643 best=0.013643 improved=yes epoch_time=1.7s total_time=67.9s
[stage experimental] [epoch 41/80] train_total=0.017141 val_total=0.013937 best=0.013643 improved=no epoch_time=1.7s total_time=69.7s
[stage experimental] [epoch 42/80] train_total=0.017013 val_total=0.018920 best=0.013643 improved=no epoch_time=1.7s total_time=71.4s
[stage experimental] [epoch 43/80] train_total=0.014690 val_total=0.016667 best=0.013643 improved=no epoch_time=1.7s total_time=73.1s
[stage experimental] [epoch 44/80] train_total=0.015375 val_total=0.017991 best=0.013643 improved=no epoch_time=1.7s total_time=74.8s
[stage experimental] [epoch 45/80] train_total=0.014290 val_total=0.014727 best=0.013643 improved=no epoch_time=1.6s total_time=76.4s
[stage experimental] [epoch 46/80] train_total=0.012049 val_total=0.015529 best=0.013643 improved=no epoch_time=1.7s total_time=78.1s
[stage experimental] [epoch 47/80] train_total=0.011508 val_total=0.014000 best=0.013643 improved=no epoch_time=1.7s total_time=79.8s
[stage experimental] [epoch 48/80] train_total=0.011220 val_total=0.013069 best=0.013069 improved=yes epoch_time=1.7s total_time=81.5s
[stage experimental] [epoch 49/80] train_total=0.013233 val_total=0.014163 best=0.013069 improved=no epoch_time=1.7s total_time=83.2s
[stage experimental] [epoch 50/80] train_total=0.012313 val_total=0.017193 best=0.013069 improved=no epoch_time=1.7s total_time=84.9s
[stage experimental] [epoch 51/80] train_total=0.012484 val_total=0.016702 best=0.013069 improved=no epoch_time=2.1s total_time=87.0s
[stage experimental] [epoch 52/80] train_total=0.010996 val_total=0.013597 best=0.013069 improved=no epoch_time=1.5s total_time=88.5s
[stage experimental] [epoch 53/80] train_total=0.012180 val_total=0.013912 best=0.013069 improved=no epoch_time=1.4s total_time=89.9s
[stage experimental] [epoch 54/80] train_total=0.009830 val_total=0.014325 best=0.013069 improved=no epoch_time=1.5s total_time=91.4s
[stage experimental] [epoch 55/80] train_total=0.010354 val_total=0.013724 best=0.013069 improved=no epoch_time=1.3s total_time=92.7s
[stage experimental] [epoch 56/80] train_total=0.009139 val_total=0.012476 best=0.012476 improved=yes epoch_time=1.3s total_time=94.0s
[stage experimental] [epoch 57/80] train_total=0.009164 val_total=0.012813 best=0.012476 improved=no epoch_time=1.7s total_time=95.7s
[stage experimental] [epoch 58/80] train_total=0.011920 val_total=0.012179 best=0.012179 improved=yes epoch_time=1.7s total_time=97.4s
[stage experimental] [epoch 59/80] train_total=0.010791 val_total=0.015839 best=0.012179 improved=no epoch_time=1.8s total_time=99.2s
[stage experimental] [epoch 60/80] train_total=0.010764 val_total=0.012035 best=0.012035 improved=yes epoch_time=1.7s total_time=100.9s
[stage experimental] [epoch 61/80] train_total=0.008895 val_total=0.012451 best=0.012035 improved=no epoch_time=1.8s total_time=102.7s
[stage experimental] [epoch 62/80] train_total=0.010167 val_total=0.012482 best=0.012035 improved=no epoch_time=1.8s total_time=104.5s
[stage experimental] [epoch 63/80] train_total=0.009675 val_total=0.014479 best=0.012035 improved=no epoch_time=1.7s total_time=106.2s
[stage experimental] [epoch 64/80] train_total=0.011176 val_total=0.013903 best=0.012035 improved=no epoch_time=1.8s total_time=108.0s
[stage experimental] [epoch 65/80] train_total=0.008838 val_total=0.012791 best=0.012035 improved=no epoch_time=1.8s total_time=109.8s
[stage experimental] [epoch 66/80] train_total=0.009634 val_total=0.013805 best=0.012035 improved=no epoch_time=1.8s total_time=111.6s
[stage experimental] [epoch 67/80] train_total=0.008289 val_total=0.012351 best=0.012035 improved=no epoch_time=1.7s total_time=113.3s
[stage experimental] [epoch 68/80] train_total=0.010084 val_total=0.012613 best=0.012035 improved=no epoch_time=1.7s total_time=115.0s
[stage experimental] [epoch 69/80] train_total=0.008878 val_total=0.014520 best=0.012035 improved=no epoch_time=1.7s total_time=116.7s
[stage experimental] [epoch 70/80] train_total=0.009073 val_total=0.018422 best=0.012035 improved=no epoch_time=1.7s total_time=118.3s
[stage experimental] [epoch 71/80] train_total=0.008645 val_total=0.014159 best=0.012035 improved=no epoch_time=1.7s total_time=120.0s
[stage experimental] [epoch 72/80] train_total=0.009174 val_total=0.013029 best=0.012035 improved=no epoch_time=1.7s total_time=121.7s
[stage experimental] early stopping at epoch 72; best_validation=0.012035
[seed 0] [stage 1/3: direct GE] starting 20 epoch(s)
[seed 0] [stage 1/3: direct GE] [epoch 1/20] train_total=0.005029 val_score=1.009852 best=1.009852 P_MAE=3.2376 kPa y_iso_MAE=0.026422 T_MAE=2.1906 K y_isob_MAE=0.024094 improved=yes epoch_time=25.0s total_time=48.2s
[seed 0] [stage 1/3: direct GE] [epoch 2/20] train_total=0.004362 val_score=1.116332 best=1.009852 P_MAE=3.6273 kPa y_iso_MAE=0.026174 T_MAE=2.6397 K y_isob_MAE=0.026927 improved=no epoch_time=25.0s total_time=73.2s
[seed 0] [stage 1/3: direct GE] [epoch 3/20] train_total=0.004152 val_score=1.108118 best=1.009852 P_MAE=3.6050 kPa y_iso_MAE=0.026238 T_MAE=2.6245 K y_isob_MAE=0.026399 improved=no epoch_time=25.0s total_time=98.2s
[seed 0] [stage 1/3: direct GE] [epoch 4/20] train_total=0.004013 val_score=1.114598 best=1.009852 P_MAE=3.7266 kPa y_iso_MAE=0.027109 T_MAE=2.4665 K y_isob_MAE=0.027176 improved=no epoch_time=24.6s total_time=122.8s
[seed 0] [stage 1/3: direct GE] [epoch 5/20] train_total=0.004138 val_score=1.121549 best=1.009852 P_MAE=3.7612 kPa y_iso_MAE=0.026014 T_MAE=2.5942 K y_isob_MAE=0.027279 improved=no epoch_time=24.8s total_time=147.6s
[seed 0] [stage 1/3: direct GE] [epoch 6/20] train_total=0.003879 val_score=1.069400 best=1.009852 P_MAE=3.4864 kPa y_iso_MAE=0.024183 T_MAE=2.4970 K y_isob_MAE=0.026968 improved=no epoch_time=24.6s total_time=172.2s
[seed 0] [stage 1/3: direct GE] [epoch 7/20] train_total=0.003789 val_score=1.138055 best=1.009852 P_MAE=3.7320 kPa y_iso_MAE=0.025436 T_MAE=2.7460 K y_isob_MAE=0.027874 improved=no epoch_time=24.6s total_time=196.8s
[seed 0] [stage 1/3: direct GE] [epoch 8/20] train_total=0.003869 val_score=1.165078 best=1.009852 P_MAE=3.8089 kPa y_iso_MAE=0.023857 T_MAE=2.9093 K y_isob_MAE=0.029683 improved=no epoch_time=24.1s total_time=220.9s
[seed 0] [stage 1/3: direct GE] [epoch 9/20] train_total=0.003722 val_score=1.118052 best=1.009852 P_MAE=3.7195 kPa y_iso_MAE=0.023063 T_MAE=2.6760 K y_isob_MAE=0.029227 improved=no epoch_time=25.3s total_time=246.2s
[seed 0] [stage 1/3: direct GE] [epoch 10/20] train_total=0.003795 val_score=1.094341 best=1.009852 P_MAE=3.7313 kPa y_iso_MAE=0.024432 T_MAE=2.5326 K y_isob_MAE=0.027181 improved=no epoch_time=25.2s total_time=271.4s
[seed 0] [stage 1/3: direct GE] [epoch 11/20] train_total=0.003614 val_score=1.163866 best=1.009852 P_MAE=3.8365 kPa y_iso_MAE=0.025685 T_MAE=2.8387 K y_isob_MAE=0.028374 improved=no epoch_time=24.8s total_time=296.2s
[seed 0] [stage 1/3: direct GE] [epoch 12/20] train_total=0.003642 val_score=1.111394 best=1.009852 P_MAE=3.5753 kPa y_iso_MAE=0.022465 T_MAE=2.7732 K y_isob_MAE=0.028979 improved=no epoch_time=25.0s total_time=321.2s
[seed 0] [stage 1/3: direct GE] [epoch 13/20] train_total=0.003620 val_score=1.115032 best=1.009852 P_MAE=3.3765 kPa y_iso_MAE=0.022480 T_MAE=2.9904 K y_isob_MAE=0.028067 improved=no epoch_time=24.7s total_time=345.9s
[seed 0] [stage 1/3: direct GE] [epoch 14/20] train_total=0.003580 val_score=1.160698 best=1.009852 P_MAE=3.6669 kPa y_iso_MAE=0.024502 T_MAE=2.8482 K y_isob_MAE=0.030167 improved=no epoch_time=25.0s total_time=370.8s
[seed 0] [stage 1/3: direct GE] [epoch 15/20] train_total=0.003518 val_score=1.187593 best=1.009852 P_MAE=3.4539 kPa y_iso_MAE=0.025359 T_MAE=3.1058 K y_isob_MAE=0.030223 improved=no epoch_time=24.9s total_time=395.7s
[seed 0] [stage 1/3: direct GE] [epoch 16/20] train_total=0.003553 val_score=1.190374 best=1.009852 P_MAE=3.6763 kPa y_iso_MAE=0.024172 T_MAE=3.0253 K y_isob_MAE=0.031231 improved=no epoch_time=25.6s total_time=421.3s
[seed 0] [stage 1/3: direct GE] [epoch 17/20] train_total=0.003681 val_score=1.222511 best=1.009852 P_MAE=3.7574 kPa y_iso_MAE=0.023248 T_MAE=3.2324 K y_isob_MAE=0.032350 improved=no epoch_time=25.4s total_time=446.7s
[seed 0] [stage 1/3: direct GE] [epoch 18/20] train_total=0.003493 val_score=1.185392 best=1.009852 P_MAE=3.6188 kPa y_iso_MAE=0.024617 T_MAE=3.0275 K y_isob_MAE=0.030643 improved=no epoch_time=25.5s total_time=472.2s
[seed 0] [stage 1/3: direct GE] [epoch 19/20] train_total=0.003431 val_score=1.237122 best=1.009852 P_MAE=3.8014 kPa y_iso_MAE=0.023779 T_MAE=3.2826 K y_isob_MAE=0.032361 improved=no epoch_time=24.1s total_time=496.3s
[seed 0] [stage 1/3: direct GE] [epoch 20/20] train_total=0.003528 val_score=1.240135 best=1.009852 P_MAE=3.4339 kPa y_iso_MAE=0.022739 T_MAE=3.5391 K y_isob_MAE=0.033013 improved=no epoch_time=25.3s total_time=521.6s
[seed 0] [stage 2/3: joint VLE] starting 80 epoch(s)
[seed 0] [stage 2/3: joint VLE] [epoch 1/80] train_total=0.017976 val_score=1.002319 best=1.002319 P_MAE=3.6859 kPa y_iso_MAE=0.023872 T_MAE=2.1624 K y_isob_MAE=0.023557 improved=yes epoch_time=26.3s total_time=547.9s
[seed 0] [stage 2/3: joint VLE] [epoch 2/80] train_total=0.015844 val_score=1.052037 best=1.002319 P_MAE=3.7172 kPa y_iso_MAE=0.022212 T_MAE=2.4958 K y_isob_MAE=0.025937 improved=no epoch_time=26.4s total_time=574.3s
[seed 0] [stage 2/3: joint VLE] [epoch 3/80] train_total=0.012819 val_score=0.953973 best=0.953973 P_MAE=3.0230 kPa y_iso_MAE=0.023180 T_MAE=2.0980 K y_isob_MAE=0.024428 improved=yes epoch_time=26.5s total_time=600.9s
[seed 0] [stage 2/3: joint VLE] [epoch 4/80] train_total=0.016280 val_score=1.025498 best=0.953973 P_MAE=2.1665 kPa y_iso_MAE=0.022158 T_MAE=2.8831 K y_isob_MAE=0.028483 improved=no epoch_time=26.9s total_time=627.8s
[seed 0] [stage 2/3: joint VLE] [epoch 5/80] train_total=0.014882 val_score=0.961450 best=0.953973 P_MAE=3.1135 kPa y_iso_MAE=0.021109 T_MAE=2.2212 K y_isob_MAE=0.025267 improved=no epoch_time=26.6s total_time=654.4s
[seed 0] [stage 2/3: joint VLE] [epoch 6/80] train_total=0.013310 val_score=1.019533 best=0.953973 P_MAE=2.9142 kPa y_iso_MAE=0.021421 T_MAE=2.7977 K y_isob_MAE=0.025128 improved=no epoch_time=26.3s total_time=680.7s
[seed 0] [stage 2/3: joint VLE] [epoch 7/80] train_total=0.014719 val_score=0.973945 best=0.953973 P_MAE=3.4013 kPa y_iso_MAE=0.022447 T_MAE=2.1604 K y_isob_MAE=0.024055 improved=no epoch_time=25.3s total_time=706.0s
[seed 0] [stage 2/3: joint VLE] [epoch 8/80] train_total=0.015393 val_score=0.982980 best=0.953973 P_MAE=2.9732 kPa y_iso_MAE=0.021435 T_MAE=2.3991 K y_isob_MAE=0.025805 improved=no epoch_time=26.1s total_time=732.1s
[seed 0] [stage 2/3: joint VLE] [epoch 9/80] train_total=0.013525 val_score=1.028754 best=0.953973 P_MAE=4.5896 kPa y_iso_MAE=0.022210 T_MAE=2.0103 K y_isob_MAE=0.023960 improved=no epoch_time=25.1s total_time=757.2s
[seed 0] [stage 2/3: joint VLE] [epoch 10/80] train_total=0.012723 val_score=0.930645 best=0.930645 P_MAE=3.2200 kPa y_iso_MAE=0.020499 T_MAE=2.0576 K y_isob_MAE=0.024188 improved=yes epoch_time=25.6s total_time=782.8s
[seed 0] [stage 2/3: joint VLE] [epoch 11/80] train_total=0.014319 val_score=1.056608 best=0.930645 P_MAE=3.6808 kPa y_iso_MAE=0.021023 T_MAE=2.6558 K y_isob_MAE=0.025976 improved=no epoch_time=25.5s total_time=808.3s
[seed 0] [stage 2/3: joint VLE] [epoch 12/80] train_total=0.012683 val_score=1.010854 best=0.930645 P_MAE=3.2646 kPa y_iso_MAE=0.021712 T_MAE=2.4833 K y_isob_MAE=0.025443 improved=no epoch_time=25.7s total_time=834.0s
[seed 0] [stage 2/3: joint VLE] [epoch 13/80] train_total=0.012976 val_score=0.960979 best=0.930645 P_MAE=2.9413 kPa y_iso_MAE=0.021283 T_MAE=2.2469 K y_isob_MAE=0.025796 improved=no epoch_time=25.9s total_time=860.0s
[seed 0] [stage 2/3: joint VLE] [epoch 14/80] train_total=0.014171 val_score=0.982800 best=0.930645 P_MAE=3.3642 kPa y_iso_MAE=0.020799 T_MAE=2.2817 K y_isob_MAE=0.025390 improved=no epoch_time=25.6s total_time=885.6s
[seed 0] [stage 2/3: joint VLE] [epoch 15/80] train_total=0.014814 val_score=0.964524 best=0.930645 P_MAE=3.0430 kPa y_iso_MAE=0.022902 T_MAE=2.1002 K y_isob_MAE=0.025545 improved=no epoch_time=25.9s total_time=911.5s
[seed 0] [stage 2/3: joint VLE] [epoch 16/80] train_total=0.013873 val_score=1.000532 best=0.930645 P_MAE=2.9809 kPa y_iso_MAE=0.021162 T_MAE=2.4828 K y_isob_MAE=0.026734 improved=no epoch_time=26.3s total_time=937.9s
[seed 0] [stage 2/3: joint VLE] [epoch 17/80] train_total=0.013325 val_score=0.965948 best=0.930645 P_MAE=2.6973 kPa y_iso_MAE=0.019852 T_MAE=2.6106 K y_isob_MAE=0.025081 improved=no epoch_time=26.2s total_time=964.1s
[seed 0] [stage 2/3: joint VLE] [epoch 18/80] train_total=0.012166 val_score=0.934384 best=0.930645 P_MAE=3.0296 kPa y_iso_MAE=0.021020 T_MAE=2.0639 K y_isob_MAE=0.025090 improved=no epoch_time=24.6s total_time=988.7s
[seed 0] [stage 2/3: joint VLE] [epoch 19/80] train_total=0.011523 val_score=1.062066 best=0.930645 P_MAE=3.5042 kPa y_iso_MAE=0.026505 T_MAE=2.4905 K y_isob_MAE=0.023934 improved=no epoch_time=26.0s total_time=1014.7s
[seed 0] [stage 2/3: joint VLE] [epoch 20/80] train_total=0.012635 val_score=0.913877 best=0.913877 P_MAE=2.5472 kPa y_iso_MAE=0.021536 T_MAE=2.1656 K y_isob_MAE=0.024418 improved=yes epoch_time=26.3s total_time=1041.0s
[seed 0] [stage 2/3: joint VLE] [epoch 21/80] train_total=0.013957 val_score=0.865415 best=0.865415 P_MAE=2.5938 kPa y_iso_MAE=0.021869 T_MAE=1.8890 K y_isob_MAE=0.022372 improved=yes epoch_time=26.3s total_time=1067.3s
[seed 0] [stage 2/3: joint VLE] [epoch 22/80] train_total=0.014485 val_score=1.046816 best=0.865415 P_MAE=4.2854 kPa y_iso_MAE=0.021537 T_MAE=2.1783 K y_isob_MAE=0.026264 improved=no epoch_time=26.4s total_time=1093.6s
[seed 0] [stage 2/3: joint VLE] [epoch 23/80] train_total=0.012007 val_score=0.945700 best=0.865415 P_MAE=3.3240 kPa y_iso_MAE=0.022832 T_MAE=2.0541 K y_isob_MAE=0.022686 improved=no epoch_time=26.5s total_time=1120.1s
[seed 0] [stage 2/3: joint VLE] [epoch 24/80] train_total=0.012012 val_score=0.914876 best=0.865415 P_MAE=3.1374 kPa y_iso_MAE=0.019039 T_MAE=2.1341 K y_isob_MAE=0.023808 improved=no epoch_time=26.5s total_time=1146.6s
[seed 0] [stage 2/3: joint VLE] [epoch 25/80] train_total=0.011227 val_score=0.970301 best=0.865415 P_MAE=3.5304 kPa y_iso_MAE=0.020691 T_MAE=2.2176 K y_isob_MAE=0.024048 improved=no epoch_time=25.5s total_time=1172.1s
[seed 0] [stage 2/3: joint VLE] [epoch 26/80] train_total=0.012146 val_score=0.974707 best=0.865415 P_MAE=3.5001 kPa y_iso_MAE=0.022997 T_MAE=2.1083 K y_isob_MAE=0.023568 improved=no epoch_time=25.4s total_time=1197.5s
[seed 0] [stage 2/3: joint VLE] [epoch 27/80] train_total=0.010753 val_score=0.981429 best=0.865415 P_MAE=3.2208 kPa y_iso_MAE=0.022831 T_MAE=2.2097 K y_isob_MAE=0.024902 improved=no epoch_time=26.8s total_time=1224.3s
[seed 0] [stage 2/3: joint VLE] [epoch 28/80] train_total=0.011244 val_score=0.901794 best=0.865415 P_MAE=2.6595 kPa y_iso_MAE=0.020561 T_MAE=2.1927 K y_isob_MAE=0.023283 improved=no epoch_time=26.1s total_time=1250.4s
[seed 0] [stage 2/3: joint VLE] [epoch 29/80] train_total=0.012583 val_score=0.941744 best=0.865415 P_MAE=2.9701 kPa y_iso_MAE=0.019802 T_MAE=2.2233 K y_isob_MAE=0.025565 improved=no epoch_time=25.9s total_time=1276.3s
[seed 0] [stage 2/3: joint VLE] [epoch 30/80] train_total=0.011980 val_score=0.960053 best=0.865415 P_MAE=3.7632 kPa y_iso_MAE=0.021393 T_MAE=1.9808 K y_isob_MAE=0.023644 improved=no epoch_time=25.9s total_time=1302.2s
[seed 0] [stage 2/3: joint VLE] [epoch 31/80] train_total=0.010919 val_score=0.986815 best=0.865415 P_MAE=3.4231 kPa y_iso_MAE=0.021243 T_MAE=2.2683 K y_isob_MAE=0.025119 improved=no epoch_time=26.9s total_time=1329.1s
[seed 0] [stage 2/3: joint VLE] [epoch 32/80] train_total=0.011021 val_score=0.959652 best=0.865415 P_MAE=3.2684 kPa y_iso_MAE=0.022367 T_MAE=2.1627 K y_isob_MAE=0.023570 improved=no epoch_time=28.9s total_time=1358.0s
[seed 0] [stage 2/3: joint VLE] [epoch 33/80] train_total=0.011028 val_score=0.886292 best=0.865415 P_MAE=2.2808 kPa y_iso_MAE=0.018887 T_MAE=2.2974 K y_isob_MAE=0.024603 improved=no epoch_time=26.7s total_time=1384.8s
{"direct_ge_parameter_summary": {"stage1_trainable_parameters": 1600129, "stage2_trainable_parameters": 1637571, "stage3": {"groups": [{"learning_rate": 2e-05, "name": "pair_potential", "parameter_count": 110977, "parameter_names": ["pair_potential.0.weight", "pair_potential.0.bias", "pair_potential.2.weight", "pair_potential.2.bias"]}, {"learning_rate": 1e-05, "name": "vapor_pressure", "parameter_count": 37442, "parameter_names": ["vapor_pressure.parameter_head.0.weight", "vapor_pressure.parameter_head.0.bias", "vapor_pressure.parameter_head.2.weight", "vapor_pressure.parameter_head.2.bias"]}, {"learning_rate": 5e-06, "name": "film", "parameter_count": 111744, "parameter_names": ["film.0.weight", "film.0.bias", "film.2.weight", "film.2.bias"]}, {"learning_rate": 5e-06, "name": "mixture_token", "parameter_count": 192, "parameter_names": ["mixture_token"]}], "total_parameters": 1637571, "trainable_fraction": 0.1589885262990124, "trainable_parameters": 260355}, "total_parameters": 1637571, "trainable_fraction": 0.1589885262990124, "trainable_parameters": 260355}}
[seed 0] [stage 3/3: fugacity] starting 10 epoch(s)
[seed 0] [stage 3/3: fugacity] [epoch 1/10] train_total=0.010531 val_score=0.881871 best=0.881871 P_MAE=3.0735 kPa y_iso_MAE=0.020672 T_MAE=1.9142 K y_isob_MAE=0.021942 improved=yes epoch_time=26.4s total_time=1411.2s
[seed 0] [stage 3/3: fugacity] [epoch 2/10] train_total=0.009530 val_score=0.897083 best=0.881871 P_MAE=3.2281 kPa y_iso_MAE=0.020875 T_MAE=1.9230 K y_isob_MAE=0.022136 improved=no epoch_time=25.8s total_time=1437.0s
[seed 0] [stage 3/3: fugacity] [epoch 3/10] train_total=0.008945 val_score=0.895695 best=0.881871 P_MAE=3.2248 kPa y_iso_MAE=0.020391 T_MAE=1.9344 K y_isob_MAE=0.022379 improved=no epoch_time=25.9s total_time=1462.8s
[seed 0] [stage 3/3: fugacity] [epoch 4/10] train_total=0.009153 val_score=0.888049 best=0.881871 P_MAE=3.1559 kPa y_iso_MAE=0.020265 T_MAE=1.9214 K y_isob_MAE=0.022350 improved=no epoch_time=25.7s total_time=1488.5s
[seed 0] [stage 3/3: fugacity] [epoch 5/10] train_total=0.008945 val_score=0.890588 best=0.881871 P_MAE=3.1988 kPa y_iso_MAE=0.020677 T_MAE=1.8854 K y_isob_MAE=0.022321 improved=no epoch_time=26.0s total_time=1514.5s
[seed 0] [stage 3/3: fugacity] [epoch 6/10] train_total=0.008909 val_score=0.892861 best=0.881871 P_MAE=3.1921 kPa y_iso_MAE=0.020309 T_MAE=1.9233 K y_isob_MAE=0.022517 improved=no epoch_time=25.3s total_time=1539.8s
[seed 0] [stage 3/3: fugacity] [epoch 7/10] train_total=0.008375 val_score=0.888824 best=0.881871 P_MAE=3.1894 kPa y_iso_MAE=0.020207 T_MAE=1.9079 K y_isob_MAE=0.022430 improved=no epoch_time=25.6s total_time=1565.4s
[seed 0] [stage 3/3: fugacity] [epoch 8/10] train_total=0.008296 val_score=0.894639 best=0.881871 P_MAE=3.1909 kPa y_iso_MAE=0.020264 T_MAE=1.9322 K y_isob_MAE=0.022635 improved=no epoch_time=25.9s total_time=1591.3s
[seed 0] [stage 3/3: fugacity] [epoch 9/10] train_total=0.008472 val_score=0.890521 best=0.881871 P_MAE=3.1543 kPa y_iso_MAE=0.020593 T_MAE=1.9064 K y_isob_MAE=0.022432 improved=no epoch_time=25.7s total_time=1617.0s
[seed 0] [stage 3/3: fugacity] [epoch 10/10] train_total=0.008446 val_score=0.885668 best=0.881871 P_MAE=3.1693 kPa y_iso_MAE=0.020212 T_MAE=1.8916 K y_isob_MAE=0.022433 improved=no epoch_time=25.5s total_time=1642.4s
{"variant": "v1_rdkit_only", "seed": 0, "status": "completed", "selected_stage": "stage2", "stage0_source": "generated"}
[stage experimental] starting 80 epoch(s)
[stage experimental] [epoch 1/80] train_total=0.976640 val_total=0.100890 best=0.100890 improved=yes epoch_time=1.7s total_time=1.7s
[stage experimental] [epoch 2/80] train_total=0.148051 val_total=0.063086 best=0.063086 improved=yes epoch_time=1.7s total_time=3.4s
[stage experimental] [epoch 3/80] train_total=0.076705 val_total=0.049943 best=0.049943 improved=yes epoch_time=1.7s total_time=5.1s
[stage experimental] [epoch 4/80] train_total=0.062954 val_total=0.045107 best=0.045107 improved=yes epoch_time=1.7s total_time=6.8s
[stage experimental] [epoch 5/80] train_total=0.054751 val_total=0.036248 best=0.036248 improved=yes epoch_time=1.7s total_time=8.5s
[stage experimental] [epoch 6/80] train_total=0.042812 val_total=0.033536 best=0.033536 improved=yes epoch_time=1.8s total_time=10.4s
[stage experimental] [epoch 7/80] train_total=0.045307 val_total=0.046803 best=0.033536 improved=no epoch_time=1.8s total_time=12.2s
[stage experimental] [epoch 8/80] train_total=0.040553 val_total=0.032269 best=0.032269 improved=yes epoch_time=1.8s total_time=14.0s
[stage experimental] [epoch 9/80] train_total=0.039661 val_total=0.032510 best=0.032269 improved=no epoch_time=1.9s total_time=15.9s
[stage experimental] [epoch 10/80] train_total=0.039541 val_total=0.032012 best=0.032012 improved=yes epoch_time=1.9s total_time=17.8s
[stage experimental] [epoch 11/80] train_total=0.036032 val_total=0.035460 best=0.032012 improved=no epoch_time=1.8s total_time=19.6s
[stage experimental] [epoch 12/80] train_total=0.033963 val_total=0.038169 best=0.032012 improved=no epoch_time=1.8s total_time=21.5s
[stage experimental] [epoch 13/80] train_total=0.034733 val_total=0.029832 best=0.029832 improved=yes epoch_time=1.8s total_time=23.2s
[stage experimental] [epoch 14/80] train_total=0.035450 val_total=0.029188 best=0.029188 improved=yes epoch_time=1.8s total_time=25.1s
[stage experimental] [epoch 15/80] train_total=0.033022 val_total=0.032533 best=0.029188 improved=no epoch_time=1.9s total_time=27.0s
[stage experimental] [epoch 16/80] train_total=0.034698 val_total=0.028810 best=0.028810 improved=yes epoch_time=1.9s total_time=28.9s
[stage experimental] [epoch 17/80] train_total=0.029111 val_total=0.032683 best=0.028810 improved=no epoch_time=1.8s total_time=30.7s
[stage experimental] [epoch 18/80] train_total=0.030388 val_total=0.032374 best=0.028810 improved=no epoch_time=1.8s total_time=32.5s
[stage experimental] [epoch 19/80] train_total=0.028136 val_total=0.028974 best=0.028810 improved=no epoch_time=1.9s total_time=34.5s
[stage experimental] [epoch 20/80] train_total=0.028932 val_total=0.034366 best=0.028810 improved=no epoch_time=1.8s total_time=36.3s
[stage experimental] [epoch 21/80] train_total=0.029561 val_total=0.033681 best=0.028810 improved=no epoch_time=1.9s total_time=38.1s
[stage experimental] [epoch 22/80] train_total=0.027668 val_total=0.024456 best=0.024456 improved=yes epoch_time=1.8s total_time=39.9s
[stage experimental] [epoch 23/80] train_total=0.024602 val_total=0.025527 best=0.024456 improved=no epoch_time=1.9s total_time=41.9s
[stage experimental] [epoch 24/80] train_total=0.023743 val_total=0.025883 best=0.024456 improved=no epoch_time=1.8s total_time=43.7s
[stage experimental] [epoch 25/80] train_total=0.028468 val_total=0.030448 best=0.024456 improved=no epoch_time=1.8s total_time=45.5s
[stage experimental] [epoch 26/80] train_total=0.026516 val_total=0.023923 best=0.023923 improved=yes epoch_time=1.8s total_time=47.2s
[stage experimental] [epoch 27/80] train_total=0.024952 val_total=0.026811 best=0.023923 improved=no epoch_time=1.8s total_time=49.0s
[stage experimental] [epoch 28/80] train_total=0.022065 val_total=0.022710 best=0.022710 improved=yes epoch_time=1.9s total_time=51.0s
[stage experimental] [epoch 29/80] train_total=0.020383 val_total=0.031895 best=0.022710 improved=no epoch_time=1.8s total_time=52.8s
[stage experimental] [epoch 30/80] train_total=0.020284 val_total=0.021233 best=0.021233 improved=yes epoch_time=2.0s total_time=54.8s
[stage experimental] [epoch 31/80] train_total=0.022151 val_total=0.022745 best=0.021233 improved=no epoch_time=1.9s total_time=56.7s
[stage experimental] [epoch 32/80] train_total=0.021760 val_total=0.032198 best=0.021233 improved=no epoch_time=1.8s total_time=58.5s
[stage experimental] [epoch 33/80] train_total=0.018083 val_total=0.023553 best=0.021233 improved=no epoch_time=1.8s total_time=60.4s
[stage experimental] [epoch 34/80] train_total=0.017008 val_total=0.020233 best=0.020233 improved=yes epoch_time=1.8s total_time=62.1s
[stage experimental] [epoch 35/80] train_total=0.017334 val_total=0.022478 best=0.020233 improved=no epoch_time=2.0s total_time=64.1s
[stage experimental] [epoch 36/80] train_total=0.017902 val_total=0.024493 best=0.020233 improved=no epoch_time=1.8s total_time=65.9s
[stage experimental] [epoch 37/80] train_total=0.015601 val_total=0.021051 best=0.020233 improved=no epoch_time=1.9s total_time=67.8s
[stage experimental] [epoch 38/80] train_total=0.015415 val_total=0.020287 best=0.020233 improved=no epoch_time=1.9s total_time=69.8s
[stage experimental] [epoch 39/80] train_total=0.016161 val_total=0.026186 best=0.020233 improved=no epoch_time=1.9s total_time=71.6s
[stage experimental] [epoch 40/80] train_total=0.014806 val_total=0.024794 best=0.020233 improved=no epoch_time=1.9s total_time=73.6s
[stage experimental] [epoch 41/80] train_total=0.015741 val_total=0.020666 best=0.020233 improved=no epoch_time=2.0s total_time=75.6s
[stage experimental] [epoch 42/80] train_total=0.014773 val_total=0.019865 best=0.019865 improved=yes epoch_time=1.9s total_time=77.4s
[stage experimental] [epoch 43/80] train_total=0.012586 val_total=0.016832 best=0.016832 improved=yes epoch_time=1.8s total_time=79.2s
[stage experimental] [epoch 44/80] train_total=0.012089 val_total=0.015792 best=0.015792 improved=yes epoch_time=1.8s total_time=81.1s
[stage experimental] [epoch 45/80] train_total=0.011824 val_total=0.018468 best=0.015792 improved=no epoch_time=1.8s total_time=82.8s
[stage experimental] [epoch 46/80] train_total=0.012525 val_total=0.021362 best=0.015792 improved=no epoch_time=1.8s total_time=84.7s
[stage experimental] [epoch 47/80] train_total=0.013881 val_total=0.017130 best=0.015792 improved=no epoch_time=1.8s total_time=86.5s
[stage experimental] [epoch 48/80] train_total=0.010850 val_total=0.017782 best=0.015792 improved=no epoch_time=1.8s total_time=88.3s
[stage experimental] [epoch 49/80] train_total=0.012091 val_total=0.014647 best=0.014647 improved=yes epoch_time=1.8s total_time=90.1s
[stage experimental] [epoch 50/80] train_total=0.011101 val_total=0.015257 best=0.014647 improved=no epoch_time=1.8s total_time=91.9s
[stage experimental] [epoch 51/80] train_total=0.011067 val_total=0.014147 best=0.014147 improved=yes epoch_time=1.7s total_time=93.6s
[stage experimental] [epoch 52/80] train_total=0.010649 val_total=0.014209 best=0.014147 improved=no epoch_time=1.7s total_time=95.3s
[stage experimental] [epoch 53/80] train_total=0.010406 val_total=0.017506 best=0.014147 improved=no epoch_time=1.7s total_time=97.0s
[stage experimental] [epoch 54/80] train_total=0.008639 val_total=0.014858 best=0.014147 improved=no epoch_time=1.8s total_time=98.8s
[stage experimental] [epoch 55/80] train_total=0.009374 val_total=0.015691 best=0.014147 improved=no epoch_time=1.8s total_time=100.6s
[stage experimental] [epoch 56/80] train_total=0.013222 val_total=0.012036 best=0.012036 improved=yes epoch_time=1.8s total_time=102.4s
[stage experimental] [epoch 57/80] train_total=0.010216 val_total=0.013908 best=0.012036 improved=no epoch_time=1.7s total_time=104.1s
[stage experimental] [epoch 58/80] train_total=0.010005 val_total=0.012080 best=0.012036 improved=no epoch_time=1.8s total_time=106.0s
[stage experimental] [epoch 59/80] train_total=0.009411 val_total=0.018290 best=0.012036 improved=no epoch_time=1.9s total_time=107.9s
[stage experimental] [epoch 60/80] train_total=0.009253 val_total=0.012537 best=0.012036 improved=no epoch_time=1.8s total_time=109.6s
[stage experimental] [epoch 61/80] train_total=0.008868 val_total=0.015175 best=0.012036 improved=no epoch_time=1.7s total_time=111.4s
[stage experimental] [epoch 62/80] train_total=0.008494 val_total=0.012231 best=0.012036 improved=no epoch_time=1.8s total_time=113.2s
[stage experimental] [epoch 63/80] train_total=0.008151 val_total=0.014544 best=0.012036 improved=no epoch_time=1.8s total_time=115.0s
[stage experimental] [epoch 64/80] train_total=0.012036 val_total=0.015903 best=0.012036 improved=no epoch_time=1.8s total_time=116.7s
[stage experimental] [epoch 65/80] train_total=0.014054 val_total=0.017426 best=0.012036 improved=no epoch_time=1.8s total_time=118.6s
[stage experimental] [epoch 66/80] train_total=0.010611 val_total=0.012552 best=0.012036 improved=no epoch_time=1.8s total_time=120.4s
[stage experimental] [epoch 67/80] train_total=0.008610 val_total=0.018973 best=0.012036 improved=no epoch_time=1.8s total_time=122.1s
[stage experimental] [epoch 68/80] train_total=0.009571 val_total=0.016118 best=0.012036 improved=no epoch_time=1.8s total_time=123.9s
[stage experimental] early stopping at epoch 68; best_validation=0.012036
[seed 1] [stage 1/3: direct GE] starting 20 epoch(s)
[seed 1] [stage 1/3: direct GE] [epoch 1/20] train_total=0.004392 val_score=0.937409 best=0.937409 P_MAE=5.5458 kPa y_iso_MAE=0.016864 T_MAE=2.1020 K y_isob_MAE=0.026061 improved=yes epoch_time=26.1s total_time=50.8s
[seed 1] [stage 1/3: direct GE] [epoch 2/20] train_total=0.003677 val_score=0.984588 best=0.937409 P_MAE=5.3547 kPa y_iso_MAE=0.017644 T_MAE=2.2699 K y_isob_MAE=0.028392 improved=no epoch_time=26.6s total_time=77.4s
[seed 1] [stage 1/3: direct GE] [epoch 3/20] train_total=0.003870 val_score=1.057964 best=0.937409 P_MAE=6.6850 kPa y_iso_MAE=0.021195 T_MAE=2.1633 K y_isob_MAE=0.027912 improved=no epoch_time=27.0s total_time=104.5s
[seed 1] [stage 1/3: direct GE] [epoch 4/20] train_total=0.003513 val_score=0.999771 best=0.937409 P_MAE=6.2075 kPa y_iso_MAE=0.018551 T_MAE=2.1395 K y_isob_MAE=0.027335 improved=no epoch_time=27.4s total_time=131.8s
[seed 1] [stage 1/3: direct GE] [epoch 5/20] train_total=0.003482 val_score=1.033323 best=0.937409 P_MAE=6.5739 kPa y_iso_MAE=0.020893 T_MAE=2.0786 K y_isob_MAE=0.027300 improved=no epoch_time=26.2s total_time=158.0s
[seed 1] [stage 1/3: direct GE] [epoch 6/20] train_total=0.003539 val_score=1.067366 best=0.937409 P_MAE=6.1197 kPa y_iso_MAE=0.019732 T_MAE=2.4083 K y_isob_MAE=0.029574 improved=no epoch_time=26.8s total_time=184.8s
[seed 1] [stage 1/3: direct GE] [epoch 7/20] train_total=0.003379 val_score=1.063475 best=0.937409 P_MAE=6.2753 kPa y_iso_MAE=0.019920 T_MAE=2.3201 K y_isob_MAE=0.029499 improved=no epoch_time=26.2s total_time=211.1s
[seed 1] [stage 1/3: direct GE] [epoch 8/20] train_total=0.003201 val_score=1.037211 best=0.937409 P_MAE=5.9053 kPa y_iso_MAE=0.020448 T_MAE=2.1966 K y_isob_MAE=0.029174 improved=no epoch_time=26.2s total_time=237.3s
[seed 1] [stage 1/3: direct GE] [epoch 9/20] train_total=0.003082 val_score=1.168294 best=0.937409 P_MAE=7.4340 kPa y_iso_MAE=0.021315 T_MAE=2.6102 K y_isob_MAE=0.030348 improved=no epoch_time=26.8s total_time=264.1s
[seed 1] [stage 1/3: direct GE] [epoch 10/20] train_total=0.003275 val_score=1.067835 best=0.937409 P_MAE=6.2240 kPa y_iso_MAE=0.019569 T_MAE=2.4923 K y_isob_MAE=0.028390 improved=no epoch_time=26.8s total_time=290.9s
[seed 1] [stage 1/3: direct GE] [epoch 11/20] train_total=0.003285 val_score=1.098893 best=0.937409 P_MAE=7.0699 kPa y_iso_MAE=0.022229 T_MAE=2.2688 K y_isob_MAE=0.028011 improved=no epoch_time=27.0s total_time=317.9s
[seed 1] [stage 1/3: direct GE] [epoch 12/20] train_total=0.003174 val_score=1.150796 best=0.937409 P_MAE=7.1464 kPa y_iso_MAE=0.022027 T_MAE=2.4852 K y_isob_MAE=0.030387 improved=no epoch_time=26.8s total_time=344.7s
[seed 1] [stage 1/3: direct GE] [epoch 13/20] train_total=0.003171 val_score=1.099354 best=0.937409 P_MAE=6.6746 kPa y_iso_MAE=0.019666 T_MAE=2.5274 K y_isob_MAE=0.029299 improved=no epoch_time=26.9s total_time=371.5s
[seed 1] [stage 1/3: direct GE] [epoch 14/20] train_total=0.003011 val_score=1.128529 best=0.937409 P_MAE=6.3948 kPa y_iso_MAE=0.021715 T_MAE=2.5573 K y_isob_MAE=0.030403 improved=no epoch_time=26.4s total_time=397.9s
[seed 1] [stage 1/3: direct GE] [epoch 15/20] train_total=0.002967 val_score=1.092582 best=0.937409 P_MAE=6.0266 kPa y_iso_MAE=0.021175 T_MAE=2.4919 K y_isob_MAE=0.029656 improved=no epoch_time=26.4s total_time=424.3s
[seed 1] [stage 1/3: direct GE] [epoch 16/20] train_total=0.003078 val_score=1.093309 best=0.937409 P_MAE=6.4188 kPa y_iso_MAE=0.019346 T_MAE=2.4983 K y_isob_MAE=0.030375 improved=no epoch_time=26.0s total_time=450.3s
[seed 1] [stage 1/3: direct GE] [epoch 17/20] train_total=0.003015 val_score=1.156830 best=0.937409 P_MAE=7.5770 kPa y_iso_MAE=0.020871 T_MAE=2.5533 K y_isob_MAE=0.029929 improved=no epoch_time=26.1s total_time=476.4s
[seed 1] [stage 1/3: direct GE] [epoch 18/20] train_total=0.003085 val_score=1.237791 best=0.937409 P_MAE=8.0375 kPa y_iso_MAE=0.023009 T_MAE=2.7111 K y_isob_MAE=0.031741 improved=no epoch_time=25.9s total_time=502.3s
[seed 1] [stage 1/3: direct GE] [epoch 19/20] train_total=0.002926 val_score=1.152587 best=0.937409 P_MAE=7.2903 kPa y_iso_MAE=0.020931 T_MAE=2.5834 K y_isob_MAE=0.030112 improved=no epoch_time=26.1s total_time=528.4s
[seed 1] [stage 1/3: direct GE] [epoch 20/20] train_total=0.002955 val_score=1.135554 best=0.937409 P_MAE=7.3989 kPa y_iso_MAE=0.020510 T_MAE=2.4694 K y_isob_MAE=0.029951 improved=no epoch_time=25.8s total_time=554.2s
[seed 1] [stage 2/3: joint VLE] starting 80 epoch(s)
[seed 1] [stage 2/3: joint VLE] [epoch 1/80] train_total=0.016287 val_score=0.978683 best=0.978683 P_MAE=7.2725 kPa y_iso_MAE=0.016733 T_MAE=1.8812 K y_isob_MAE=0.026735 improved=yes epoch_time=26.9s total_time=581.1s
[seed 1] [stage 2/3: joint VLE] [epoch 2/80] train_total=0.014640 val_score=0.984684 best=0.978683 P_MAE=5.9035 kPa y_iso_MAE=0.018373 T_MAE=2.0811 K y_isob_MAE=0.027892 improved=no epoch_time=27.2s total_time=608.3s
[seed 1] [stage 2/3: joint VLE] [epoch 3/80] train_total=0.013600 val_score=0.971662 best=0.971662 P_MAE=6.7764 kPa y_iso_MAE=0.016621 T_MAE=2.0188 K y_isob_MAE=0.026271 improved=yes epoch_time=27.5s total_time=635.8s
[seed 1] [stage 2/3: joint VLE] [epoch 4/80] train_total=0.012303 val_score=0.940663 best=0.940663 P_MAE=6.5502 kPa y_iso_MAE=0.015444 T_MAE=2.0520 K y_isob_MAE=0.025020 improved=yes epoch_time=27.4s total_time=663.2s
[seed 1] [stage 2/3: joint VLE] [epoch 5/80] train_total=0.015989 val_score=1.196440 best=0.940663 P_MAE=10.0916 kPa y_iso_MAE=0.020310 T_MAE=2.2141 K y_isob_MAE=0.029550 improved=no epoch_time=26.8s total_time=690.1s
[seed 1] [stage 2/3: joint VLE] [epoch 6/80] train_total=0.014842 val_score=1.205762 best=0.940663 P_MAE=9.8418 kPa y_iso_MAE=0.019025 T_MAE=2.5175 K y_isob_MAE=0.029121 improved=no epoch_time=27.1s total_time=717.2s
[seed 1] [stage 2/3: joint VLE] [epoch 7/80] train_total=0.014704 val_score=1.058997 best=0.940663 P_MAE=7.6227 kPa y_iso_MAE=0.017640 T_MAE=2.2105 K y_isob_MAE=0.028202 improved=no epoch_time=27.1s total_time=744.3s
[seed 1] [stage 2/3: joint VLE] [epoch 8/80] train_total=0.011682 val_score=0.975881 best=0.940663 P_MAE=6.3486 kPa y_iso_MAE=0.016956 T_MAE=2.0958 K y_isob_MAE=0.026892 improved=no epoch_time=26.8s total_time=771.1s
[seed 1] [stage 2/3: joint VLE] [epoch 9/80] train_total=0.010864 val_score=1.103220 best=0.940663 P_MAE=8.2869 kPa y_iso_MAE=0.017911 T_MAE=2.3598 K y_isob_MAE=0.027962 improved=no epoch_time=27.0s total_time=798.1s
[seed 1] [stage 2/3: joint VLE] [epoch 10/80] train_total=0.011852 val_score=0.960974 best=0.940663 P_MAE=6.2676 kPa y_iso_MAE=0.016187 T_MAE=1.9660 K y_isob_MAE=0.028239 improved=no epoch_time=26.5s total_time=824.6s
[seed 1] [stage 2/3: joint VLE] [epoch 11/80] train_total=0.013578 val_score=0.947153 best=0.940663 P_MAE=6.5994 kPa y_iso_MAE=0.016405 T_MAE=1.9304 K y_isob_MAE=0.025857 improved=no epoch_time=27.2s total_time=851.8s
[seed 1] [stage 2/3: joint VLE] [epoch 12/80] train_total=0.011889 val_score=1.023278 best=0.940663 P_MAE=8.2229 kPa y_iso_MAE=0.016412 T_MAE=2.0351 K y_isob_MAE=0.026130 improved=no epoch_time=26.6s total_time=878.5s
[seed 1] [stage 2/3: joint VLE] [epoch 13/80] train_total=0.011984 val_score=1.089600 best=0.940663 P_MAE=9.0205 kPa y_iso_MAE=0.018495 T_MAE=2.1240 K y_isob_MAE=0.026195 improved=no epoch_time=26.8s total_time=905.3s
[seed 1] [stage 2/3: joint VLE] [epoch 14/80] train_total=0.011496 val_score=1.002597 best=0.940663 P_MAE=7.1942 kPa y_iso_MAE=0.017275 T_MAE=1.9462 K y_isob_MAE=0.027926 improved=no epoch_time=26.7s total_time=932.0s
[seed 1] [stage 2/3: joint VLE] [epoch 15/80] train_total=0.011049 val_score=1.077009 best=0.940663 P_MAE=8.0080 kPa y_iso_MAE=0.018090 T_MAE=2.2686 K y_isob_MAE=0.027320 improved=no epoch_time=27.3s total_time=959.4s
[seed 1] [stage 2/3: joint VLE] [epoch 16/80] train_total=0.011695 val_score=1.190518 best=0.940663 P_MAE=10.2537 kPa y_iso_MAE=0.021286 T_MAE=2.2829 K y_isob_MAE=0.026374 improved=no epoch_time=27.8s total_time=987.2s
{"direct_ge_parameter_summary": {"stage1_trainable_parameters": 1600129, "stage2_trainable_parameters": 1637571, "stage3": {"groups": [{"learning_rate": 2e-05, "name": "pair_potential", "parameter_count": 110977, "parameter_names": ["pair_potential.0.weight", "pair_potential.0.bias", "pair_potential.2.weight", "pair_potential.2.bias"]}, {"learning_rate": 1e-05, "name": "vapor_pressure", "parameter_count": 37442, "parameter_names": ["vapor_pressure.parameter_head.0.weight", "vapor_pressure.parameter_head.0.bias", "vapor_pressure.parameter_head.2.weight", "vapor_pressure.parameter_head.2.bias"]}, {"learning_rate": 5e-06, "name": "film", "parameter_count": 111744, "parameter_names": ["film.0.weight", "film.0.bias", "film.2.weight", "film.2.bias"]}, {"learning_rate": 5e-06, "name": "mixture_token", "parameter_count": 192, "parameter_names": ["mixture_token"]}], "total_parameters": 1637571, "trainable_fraction": 0.1589885262990124, "trainable_parameters": 260355}, "total_parameters": 1637571, "trainable_fraction": 0.1589885262990124, "trainable_parameters": 260355}}
[seed 1] [stage 3/3: fugacity] starting 10 epoch(s)
[seed 1] [stage 3/3: fugacity] [epoch 1/10] train_total=0.009845 val_score=0.936160 best=0.936160 P_MAE=6.4690 kPa y_iso_MAE=0.015946 T_MAE=1.9486 K y_isob_MAE=0.025565 improved=yes epoch_time=27.5s total_time=1014.7s
[seed 1] [stage 3/3: fugacity] [epoch 2/10] train_total=0.008840 val_score=0.953202 best=0.936160 P_MAE=6.7093 kPa y_iso_MAE=0.016358 T_MAE=1.9667 K y_isob_MAE=0.025657 improved=no epoch_time=27.5s total_time=1042.1s
[seed 1] [stage 3/3: fugacity] [epoch 3/10] train_total=0.008645 val_score=0.954493 best=0.936160 P_MAE=6.6772 kPa y_iso_MAE=0.016264 T_MAE=1.9884 K y_isob_MAE=0.025741 improved=no epoch_time=27.9s total_time=1070.1s
[seed 1] [stage 3/3: fugacity] [epoch 4/10] train_total=0.008928 val_score=0.973913 best=0.936160 P_MAE=6.8502 kPa y_iso_MAE=0.016643 T_MAE=2.0233 K y_isob_MAE=0.026143 improved=no epoch_time=27.7s total_time=1097.7s
[seed 1] [stage 3/3: fugacity] [epoch 5/10] train_total=0.008733 val_score=0.971238 best=0.936160 P_MAE=6.8968 kPa y_iso_MAE=0.016868 T_MAE=1.9792 K y_isob_MAE=0.025992 improved=no epoch_time=27.1s total_time=1124.8s
[seed 1] [stage 3/3: fugacity] [epoch 6/10] train_total=0.008696 val_score=0.968792 best=0.936160 P_MAE=6.8695 kPa y_iso_MAE=0.016636 T_MAE=1.9905 K y_isob_MAE=0.025985 improved=no epoch_time=26.9s total_time=1151.7s
[seed 1] [stage 3/3: fugacity] [epoch 7/10] train_total=0.008541 val_score=0.971738 best=0.936160 P_MAE=6.9440 kPa y_iso_MAE=0.016834 T_MAE=1.9770 K y_isob_MAE=0.025937 improved=no epoch_time=26.9s total_time=1178.6s
[seed 1] [stage 3/3: fugacity] [epoch 8/10] train_total=0.008582 val_score=0.971601 best=0.936160 P_MAE=6.8824 kPa y_iso_MAE=0.016770 T_MAE=2.0055 K y_isob_MAE=0.025871 improved=no epoch_time=27.1s total_time=1205.8s
[seed 1] [stage 3/3: fugacity] [epoch 9/10] train_total=0.008123 val_score=0.977014 best=0.936160 P_MAE=7.0095 kPa y_iso_MAE=0.016875 T_MAE=1.9828 K y_isob_MAE=0.026099 improved=no epoch_time=27.4s total_time=1233.2s
[seed 1] [stage 3/3: fugacity] [epoch 10/10] train_total=0.008881 val_score=0.982152 best=0.936160 P_MAE=6.9834 kPa y_iso_MAE=0.016879 T_MAE=2.0313 K y_isob_MAE=0.026091 improved=no epoch_time=26.7s total_time=1259.9s
{"variant": "v1_rdkit_only", "seed": 1, "status": "completed", "selected_stage": "stage3", "stage0_source": "generated"}
[stage experimental] starting 80 epoch(s)
[stage experimental] [epoch 1/80] train_total=0.863846 val_total=0.082992 best=0.082992 improved=yes epoch_time=1.9s total_time=1.9s
[stage experimental] [epoch 2/80] train_total=0.137931 val_total=0.078829 best=0.078829 improved=yes epoch_time=1.9s total_time=3.8s
[stage experimental] [epoch 3/80] train_total=0.087490 val_total=0.070362 best=0.070362 improved=yes epoch_time=1.8s total_time=5.6s
[stage experimental] [epoch 4/80] train_total=0.062607 val_total=0.066879 best=0.066879 improved=yes epoch_time=1.7s total_time=7.3s
[stage experimental] [epoch 5/80] train_total=0.049062 val_total=0.063814 best=0.063814 improved=yes epoch_time=1.8s total_time=9.1s
[stage experimental] [epoch 6/80] train_total=0.042941 val_total=0.065352 best=0.063814 improved=no epoch_time=1.8s total_time=10.9s
[stage experimental] [epoch 7/80] train_total=0.041408 val_total=0.061061 best=0.061061 improved=yes epoch_time=1.8s total_time=12.7s
[stage experimental] [epoch 8/80] train_total=0.039244 val_total=0.066099 best=0.061061 improved=no epoch_time=1.8s total_time=14.5s
[stage experimental] [epoch 9/80] train_total=0.037689 val_total=0.060869 best=0.060869 improved=yes epoch_time=1.8s total_time=16.3s
[stage experimental] [epoch 10/80] train_total=0.032463 val_total=0.061463 best=0.060869 improved=no epoch_time=1.7s total_time=18.0s
[stage experimental] [epoch 11/80] train_total=0.034161 val_total=0.057252 best=0.057252 improved=yes epoch_time=1.7s total_time=19.7s
[stage experimental] [epoch 12/80] train_total=0.030945 val_total=0.060367 best=0.057252 improved=no epoch_time=1.7s total_time=21.4s
[stage experimental] [epoch 13/80] train_total=0.029841 val_total=0.060680 best=0.057252 improved=no epoch_time=1.7s total_time=23.2s
[stage experimental] [epoch 14/80] train_total=0.027918 val_total=0.051427 best=0.051427 improved=yes epoch_time=1.7s total_time=24.9s
[stage experimental] [epoch 15/80] train_total=0.027459 val_total=0.059332 best=0.051427 improved=no epoch_time=1.7s total_time=26.6s
[stage experimental] [epoch 16/80] train_total=0.029560 val_total=0.053423 best=0.051427 improved=no epoch_time=1.7s total_time=28.3s
[stage experimental] [epoch 17/80] train_total=0.027708 val_total=0.053159 best=0.051427 improved=no epoch_time=1.7s total_time=29.9s
[stage experimental] [epoch 18/80] train_total=0.031004 val_total=0.053009 best=0.051427 improved=no epoch_time=1.7s total_time=31.6s
[stage experimental] [epoch 19/80] train_total=0.025656 val_total=0.052801 best=0.051427 improved=no epoch_time=1.7s total_time=33.3s
[stage experimental] [epoch 20/80] train_total=0.026504 val_total=0.054110 best=0.051427 improved=no epoch_time=1.8s total_time=35.1s
[stage experimental] [epoch 21/80] train_total=0.024735 val_total=0.052681 best=0.051427 improved=no epoch_time=1.7s total_time=36.7s
[stage experimental] [epoch 22/80] train_total=0.023590 val_total=0.054664 best=0.051427 improved=no epoch_time=1.7s total_time=38.5s
[stage experimental] [epoch 23/80] train_total=0.026579 val_total=0.052800 best=0.051427 improved=no epoch_time=1.7s total_time=40.2s
[stage experimental] [epoch 24/80] train_total=0.024899 val_total=0.054989 best=0.051427 improved=no epoch_time=1.7s total_time=41.9s
[stage experimental] [epoch 25/80] train_total=0.023158 val_total=0.050142 best=0.050142 improved=yes epoch_time=1.7s total_time=43.6s
[stage experimental] [epoch 26/80] train_total=0.021750 val_total=0.048074 best=0.048074 improved=yes epoch_time=1.8s total_time=45.5s
[stage experimental] [epoch 27/80] train_total=0.021399 val_total=0.045728 best=0.045728 improved=yes epoch_time=1.8s total_time=47.3s
[stage experimental] [epoch 28/80] train_total=0.020053 val_total=0.045910 best=0.045728 improved=no epoch_time=1.8s total_time=49.1s
[stage experimental] [epoch 29/80] train_total=0.023476 val_total=0.045126 best=0.045126 improved=yes epoch_time=1.7s total_time=50.8s
[stage experimental] [epoch 30/80] train_total=0.020513 val_total=0.050494 best=0.045126 improved=no epoch_time=1.7s total_time=52.5s
[stage experimental] [epoch 31/80] train_total=0.019209 val_total=0.049587 best=0.045126 improved=no epoch_time=1.7s total_time=54.2s
[stage experimental] [epoch 32/80] train_total=0.019675 val_total=0.043475 best=0.043475 improved=yes epoch_time=1.7s total_time=55.9s
[stage experimental] [epoch 33/80] train_total=0.018227 val_total=0.048436 best=0.043475 improved=no epoch_time=1.7s total_time=57.6s
[stage experimental] [epoch 34/80] train_total=0.016810 val_total=0.045255 best=0.043475 improved=no epoch_time=1.7s total_time=59.4s
[stage experimental] [epoch 35/80] train_total=0.016922 val_total=0.040729 best=0.040729 improved=yes epoch_time=1.7s total_time=61.0s
[stage experimental] [epoch 36/80] train_total=0.016115 val_total=0.036869 best=0.036869 improved=yes epoch_time=1.7s total_time=62.7s
[stage experimental] [epoch 37/80] train_total=0.016118 val_total=0.037992 best=0.036869 improved=no epoch_time=1.7s total_time=64.4s
[stage experimental] [epoch 38/80] train_total=0.015888 val_total=0.038020 best=0.036869 improved=no epoch_time=1.7s total_time=66.1s
[stage experimental] [epoch 39/80] train_total=0.015431 val_total=0.041466 best=0.036869 improved=no epoch_time=1.7s total_time=67.8s
[stage experimental] [epoch 40/80] train_total=0.016052 val_total=0.033651 best=0.033651 improved=yes epoch_time=1.7s total_time=69.5s
[stage experimental] [epoch 41/80] train_total=0.014729 val_total=0.035345 best=0.033651 improved=no epoch_time=1.7s total_time=71.2s
[stage experimental] [epoch 42/80] train_total=0.014401 val_total=0.036210 best=0.033651 improved=no epoch_time=1.7s total_time=72.9s
[stage experimental] [epoch 43/80] train_total=0.011946 val_total=0.034641 best=0.033651 improved=no epoch_time=1.7s total_time=74.6s
[stage experimental] [epoch 44/80] train_total=0.012180 val_total=0.032620 best=0.032620 improved=yes epoch_time=1.6s total_time=76.3s
[stage experimental] [epoch 45/80] train_total=0.014100 val_total=0.034513 best=0.032620 improved=no epoch_time=1.6s total_time=77.9s
[stage experimental] [epoch 46/80] train_total=0.012581 val_total=0.034039 best=0.032620 improved=no epoch_time=1.6s total_time=79.6s
[stage experimental] [epoch 47/80] train_total=0.013672 val_total=0.037157 best=0.032620 improved=no epoch_time=1.6s total_time=81.2s
[stage experimental] [epoch 48/80] train_total=0.013009 val_total=0.036059 best=0.032620 improved=no epoch_time=1.7s total_time=82.9s
[stage experimental] [epoch 49/80] train_total=0.012110 val_total=0.037293 best=0.032620 improved=no epoch_time=1.7s total_time=84.6s
[stage experimental] [epoch 50/80] train_total=0.011515 val_total=0.029973 best=0.029973 improved=yes epoch_time=1.7s total_time=86.3s
[stage experimental] [epoch 51/80] train_total=0.011153 val_total=0.034013 best=0.029973 improved=no epoch_time=1.7s total_time=88.0s
[stage experimental] [epoch 52/80] train_total=0.013147 val_total=0.029524 best=0.029524 improved=yes epoch_time=1.7s total_time=89.8s
[stage experimental] [epoch 53/80] train_total=0.011980 val_total=0.032248 best=0.029524 improved=no epoch_time=1.7s total_time=91.5s
[stage experimental] [epoch 54/80] train_total=0.010080 val_total=0.033455 best=0.029524 improved=no epoch_time=1.6s total_time=93.1s
[stage experimental] [epoch 55/80] train_total=0.012061 val_total=0.029822 best=0.029524 improved=no epoch_time=1.7s total_time=94.8s
[stage experimental] [epoch 56/80] train_total=0.010921 val_total=0.035256 best=0.029524 improved=no epoch_time=1.7s total_time=96.5s
[stage experimental] [epoch 57/80] train_total=0.011258 val_total=0.029869 best=0.029524 improved=no epoch_time=1.7s total_time=98.2s
[stage experimental] [epoch 58/80] train_total=0.010353 val_total=0.027495 best=0.027495 improved=yes epoch_time=1.7s total_time=99.9s
[stage experimental] [epoch 59/80] train_total=0.011197 val_total=0.026399 best=0.026399 improved=yes epoch_time=1.7s total_time=101.6s
[stage experimental] [epoch 60/80] train_total=0.008125 val_total=0.025214 best=0.025214 improved=yes epoch_time=1.7s total_time=103.3s
[stage experimental] [epoch 61/80] train_total=0.012962 val_total=0.026701 best=0.025214 improved=no epoch_time=1.7s total_time=104.9s
[stage experimental] [epoch 62/80] train_total=0.009135 val_total=0.024636 best=0.024636 improved=yes epoch_time=1.7s total_time=106.6s
[stage experimental] [epoch 63/80] train_total=0.008624 val_total=0.024847 best=0.024636 improved=no epoch_time=1.6s total_time=108.3s
[stage experimental] [epoch 64/80] train_total=0.008864 val_total=0.026977 best=0.024636 improved=no epoch_time=1.7s total_time=109.9s
[stage experimental] [epoch 65/80] train_total=0.008125 val_total=0.025622 best=0.024636 improved=no epoch_time=1.7s total_time=111.7s
[stage experimental] [epoch 66/80] train_total=0.008571 val_total=0.029566 best=0.024636 improved=no epoch_time=1.8s total_time=113.4s
[stage experimental] [epoch 67/80] train_total=0.008391 val_total=0.025599 best=0.024636 improved=no epoch_time=1.7s total_time=115.2s
[stage experimental] [epoch 68/80] train_total=0.008257 val_total=0.025539 best=0.024636 improved=no epoch_time=1.7s total_time=116.9s
[stage experimental] [epoch 69/80] train_total=0.008606 val_total=0.023128 best=0.023128 improved=yes epoch_time=1.6s total_time=118.5s
[stage experimental] [epoch 70/80] train_total=0.010381 val_total=0.023260 best=0.023128 improved=no epoch_time=1.6s total_time=120.1s
[stage experimental] [epoch 71/80] train_total=0.008875 val_total=0.024096 best=0.023128 improved=no epoch_time=1.6s total_time=121.8s
[stage experimental] [epoch 72/80] train_total=0.010781 val_total=0.024052 best=0.023128 improved=no epoch_time=1.6s total_time=123.4s
[stage experimental] [epoch 73/80] train_total=0.007539 val_total=0.024719 best=0.023128 improved=no epoch_time=1.7s total_time=125.2s
[stage experimental] [epoch 74/80] train_total=0.008540 val_total=0.027732 best=0.023128 improved=no epoch_time=1.7s total_time=126.8s
[stage experimental] [epoch 75/80] train_total=0.008209 val_total=0.023707 best=0.023128 improved=no epoch_time=1.7s total_time=128.5s
[stage experimental] [epoch 76/80] train_total=0.007582 val_total=0.026307 best=0.023128 improved=no epoch_time=1.7s total_time=130.3s
[stage experimental] [epoch 77/80] train_total=0.007793 val_total=0.024468 best=0.023128 improved=no epoch_time=1.7s total_time=132.0s
[stage experimental] [epoch 78/80] train_total=0.009268 val_total=0.025986 best=0.023128 improved=no epoch_time=1.7s total_time=133.7s
[stage experimental] [epoch 79/80] train_total=0.008182 val_total=0.025006 best=0.023128 improved=no epoch_time=1.7s total_time=135.3s
[stage experimental] [epoch 80/80] train_total=0.007642 val_total=0.027886 best=0.023128 improved=no epoch_time=1.7s total_time=137.0s
[seed 2] [stage 1/3: direct GE] starting 20 epoch(s)
[seed 2] [stage 1/3: direct GE] [epoch 1/20] train_total=0.004078 val_score=1.076189 best=1.076189 P_MAE=7.0815 kPa y_iso_MAE=0.033934 T_MAE=2.9836 K y_isob_MAE=0.037326 improved=yes epoch_time=24.0s total_time=46.5s
[seed 2] [stage 1/3: direct GE] [epoch 2/20] train_total=0.003532 val_score=1.035938 best=1.035938 P_MAE=6.6456 kPa y_iso_MAE=0.032020 T_MAE=2.9371 K y_isob_MAE=0.036438 improved=yes epoch_time=24.4s total_time=70.9s
[seed 2] [stage 1/3: direct GE] [epoch 3/20] train_total=0.003336 val_score=1.101639 best=1.035938 P_MAE=7.6799 kPa y_iso_MAE=0.035540 T_MAE=2.9408 K y_isob_MAE=0.037011 improved=no epoch_time=24.0s total_time=94.9s
[seed 2] [stage 1/3: direct GE] [epoch 4/20] train_total=0.003547 val_score=1.088988 best=1.035938 P_MAE=7.8241 kPa y_iso_MAE=0.032914 T_MAE=2.9975 K y_isob_MAE=0.036353 improved=no epoch_time=23.9s total_time=118.8s
[seed 2] [stage 1/3: direct GE] [epoch 5/20] train_total=0.003219 val_score=1.092528 best=1.035938 P_MAE=7.7805 kPa y_iso_MAE=0.034902 T_MAE=2.7655 K y_isob_MAE=0.038280 improved=no epoch_time=25.0s total_time=143.8s
[seed 2] [stage 1/3: direct GE] [epoch 6/20] train_total=0.003079 val_score=1.058311 best=1.035938 P_MAE=7.3994 kPa y_iso_MAE=0.032444 T_MAE=2.8954 K y_isob_MAE=0.036078 improved=no epoch_time=24.3s total_time=168.1s
[seed 2] [stage 1/3: direct GE] [epoch 7/20] train_total=0.003084 val_score=1.132720 best=1.035938 P_MAE=8.0554 kPa y_iso_MAE=0.033279 T_MAE=3.1549 K y_isob_MAE=0.038577 improved=no epoch_time=24.6s total_time=192.7s
[seed 2] [stage 1/3: direct GE] [epoch 8/20] train_total=0.002969 val_score=1.151336 best=1.035938 P_MAE=8.8868 kPa y_iso_MAE=0.034818 T_MAE=2.9933 K y_isob_MAE=0.037947 improved=no epoch_time=25.2s total_time=217.9s
[seed 2] [stage 1/3: direct GE] [epoch 9/20] train_total=0.002944 val_score=1.155846 best=1.035938 P_MAE=8.0957 kPa y_iso_MAE=0.034632 T_MAE=3.1454 K y_isob_MAE=0.040298 improved=no epoch_time=24.4s total_time=242.2s
[seed 2] [stage 1/3: direct GE] [epoch 10/20] train_total=0.003053 val_score=1.171855 best=1.035938 P_MAE=8.4630 kPa y_iso_MAE=0.033151 T_MAE=3.2686 K y_isob_MAE=0.040428 improved=no epoch_time=24.7s total_time=267.0s
[seed 2] [stage 1/3: direct GE] [epoch 11/20] train_total=0.002951 val_score=1.155644 best=1.035938 P_MAE=8.6858 kPa y_iso_MAE=0.035488 T_MAE=2.9776 K y_isob_MAE=0.039022 improved=no epoch_time=24.8s total_time=291.7s
[seed 2] [stage 1/3: direct GE] [epoch 12/20] train_total=0.002990 val_score=1.167741 best=1.035938 P_MAE=8.3493 kPa y_iso_MAE=0.034298 T_MAE=3.3048 K y_isob_MAE=0.038876 improved=no epoch_time=24.5s total_time=316.2s
[seed 2] [stage 1/3: direct GE] [epoch 13/20] train_total=0.002862 val_score=1.192642 best=1.035938 P_MAE=8.3939 kPa y_iso_MAE=0.034830 T_MAE=3.4132 K y_isob_MAE=0.039993 improved=no epoch_time=25.1s total_time=341.3s
[seed 2] [stage 1/3: direct GE] [epoch 14/20] train_total=0.003031 val_score=1.229012 best=1.035938 P_MAE=9.0119 kPa y_iso_MAE=0.034812 T_MAE=3.4842 K y_isob_MAE=0.040989 improved=no epoch_time=25.0s total_time=366.3s
[seed 2] [stage 1/3: direct GE] [epoch 15/20] train_total=0.002888 val_score=1.196975 best=1.035938 P_MAE=8.5852 kPa y_iso_MAE=0.035030 T_MAE=3.2861 K y_isob_MAE=0.041193 improved=no epoch_time=24.9s total_time=391.2s
[seed 2] [stage 1/3: direct GE] [epoch 16/20] train_total=0.002933 val_score=1.232516 best=1.035938 P_MAE=9.4862 kPa y_iso_MAE=0.036560 T_MAE=3.2220 K y_isob_MAE=0.041165 improved=no epoch_time=24.6s total_time=415.8s
[seed 2] [stage 1/3: direct GE] [epoch 17/20] train_total=0.002815 val_score=1.173913 best=1.035938 P_MAE=8.1367 kPa y_iso_MAE=0.034036 T_MAE=3.2649 K y_isob_MAE=0.041426 improved=no epoch_time=23.8s total_time=439.6s
[seed 2] [stage 1/3: direct GE] [epoch 18/20] train_total=0.002778 val_score=1.235404 best=1.035938 P_MAE=8.9967 kPa y_iso_MAE=0.035790 T_MAE=3.4317 K y_isob_MAE=0.041695 improved=no epoch_time=24.3s total_time=463.8s
[seed 2] [stage 1/3: direct GE] [epoch 19/20] train_total=0.002811 val_score=1.193411 best=1.035938 P_MAE=8.3932 kPa y_iso_MAE=0.033442 T_MAE=3.5268 K y_isob_MAE=0.039858 improved=no epoch_time=24.5s total_time=488.4s
[seed 2] [stage 1/3: direct GE] [epoch 20/20] train_total=0.002747 val_score=1.230710 best=1.035938 P_MAE=9.1186 kPa y_iso_MAE=0.035478 T_MAE=3.4371 K y_isob_MAE=0.040739 improved=no epoch_time=24.2s total_time=512.6s
[seed 2] [stage 2/3: joint VLE] starting 80 epoch(s)
[seed 2] [stage 2/3: joint VLE] [epoch 1/80] train_total=0.014394 val_score=0.990511 best=0.990511 P_MAE=7.1651 kPa y_iso_MAE=0.034687 T_MAE=2.5005 K y_isob_MAE=0.031494 improved=yes epoch_time=25.5s total_time=538.0s
[seed 2] [stage 2/3: joint VLE] [epoch 2/80] train_total=0.012287 val_score=1.010560 best=0.990511 P_MAE=7.0904 kPa y_iso_MAE=0.032408 T_MAE=2.7830 K y_isob_MAE=0.032784 improved=no epoch_time=25.2s total_time=563.2s
[seed 2] [stage 2/3: joint VLE] [epoch 3/80] train_total=0.015484 val_score=1.087632 best=0.990511 P_MAE=8.8395 kPa y_iso_MAE=0.036738 T_MAE=2.6199 K y_isob_MAE=0.033051 improved=no epoch_time=25.0s total_time=588.2s
[seed 2] [stage 2/3: joint VLE] [epoch 4/80] train_total=0.014537 val_score=1.173462 best=0.990511 P_MAE=9.3135 kPa y_iso_MAE=0.036226 T_MAE=3.1700 K y_isob_MAE=0.035241 improved=no epoch_time=25.6s total_time=613.8s
[seed 2] [stage 2/3: joint VLE] [epoch 5/80] train_total=0.013675 val_score=0.980078 best=0.980078 P_MAE=7.2485 kPa y_iso_MAE=0.035836 T_MAE=2.3350 K y_isob_MAE=0.030899 improved=yes epoch_time=25.5s total_time=639.3s
[seed 2] [stage 2/3: joint VLE] [epoch 6/80] train_total=0.013021 val_score=1.083296 best=0.980078 P_MAE=8.5994 kPa y_iso_MAE=0.035583 T_MAE=2.8393 K y_isob_MAE=0.031721 improved=no epoch_time=25.8s total_time=665.1s
[seed 2] [stage 2/3: joint VLE] [epoch 7/80] train_total=0.010900 val_score=1.052564 best=0.980078 P_MAE=8.5094 kPa y_iso_MAE=0.034836 T_MAE=2.6447 K y_isob_MAE=0.031396 improved=no epoch_time=25.0s total_time=690.1s
[seed 2] [stage 2/3: joint VLE] [epoch 8/80] train_total=0.012451 val_score=0.978584 best=0.978584 P_MAE=6.7351 kPa y_iso_MAE=0.033626 T_MAE=2.4492 K y_isob_MAE=0.033559 improved=yes epoch_time=25.3s total_time=715.4s
[seed 2] [stage 2/3: joint VLE] [epoch 9/80] train_total=0.013163 val_score=1.004970 best=0.978584 P_MAE=7.3898 kPa y_iso_MAE=0.033919 T_MAE=2.6165 K y_isob_MAE=0.031516 improved=no epoch_time=25.5s total_time=741.0s
[seed 2] [stage 2/3: joint VLE] [epoch 10/80] train_total=0.010951 val_score=0.989792 best=0.978584 P_MAE=7.3583 kPa y_iso_MAE=0.034364 T_MAE=2.4911 K y_isob_MAE=0.030938 improved=no epoch_time=25.8s total_time=766.7s
[seed 2] [stage 2/3: joint VLE] [epoch 11/80] train_total=0.011596 val_score=1.116519 best=0.978584 P_MAE=9.7436 kPa y_iso_MAE=0.036145 T_MAE=2.6966 K y_isob_MAE=0.032214 improved=no epoch_time=25.4s total_time=792.2s
[seed 2] [stage 2/3: joint VLE] [epoch 12/80] train_total=0.011398 val_score=0.995591 best=0.978584 P_MAE=7.4661 kPa y_iso_MAE=0.034865 T_MAE=2.4184 K y_isob_MAE=0.031712 improved=no epoch_time=25.4s total_time=817.6s
[seed 2] [stage 2/3: joint VLE] [epoch 13/80] train_total=0.010869 val_score=1.021001 best=0.978584 P_MAE=7.9423 kPa y_iso_MAE=0.035325 T_MAE=2.4426 K y_isob_MAE=0.032109 improved=no epoch_time=25.8s total_time=843.4s
[seed 2] [stage 2/3: joint VLE] [epoch 14/80] train_total=0.011012 val_score=0.986812 best=0.978584 P_MAE=7.9777 kPa y_iso_MAE=0.034500 T_MAE=2.2033 K y_isob_MAE=0.031425 improved=no epoch_time=25.5s total_time=868.8s
[seed 2] [stage 2/3: joint VLE] [epoch 15/80] train_total=0.011633 val_score=1.026799 best=0.978584 P_MAE=8.0526 kPa y_iso_MAE=0.036171 T_MAE=2.4737 K y_isob_MAE=0.031171 improved=no epoch_time=25.1s total_time=893.9s
[seed 2] [stage 2/3: joint VLE] [epoch 16/80] train_total=0.013476 val_score=0.993688 best=0.978584 P_MAE=7.2923 kPa y_iso_MAE=0.033253 T_MAE=2.5081 K y_isob_MAE=0.032542 improved=no epoch_time=25.5s total_time=919.4s
[seed 2] [stage 2/3: joint VLE] [epoch 17/80] train_total=0.011944 val_score=1.004709 best=0.978584 P_MAE=7.9828 kPa y_iso_MAE=0.034884 T_MAE=2.3521 K y_isob_MAE=0.031406 improved=no epoch_time=26.0s total_time=945.4s
[seed 2] [stage 2/3: joint VLE] [epoch 18/80] train_total=0.014646 val_score=1.067702 best=0.978584 P_MAE=8.3846 kPa y_iso_MAE=0.033732 T_MAE=2.8168 K y_isob_MAE=0.032665 improved=no epoch_time=25.6s total_time=971.0s
[seed 2] [stage 2/3: joint VLE] [epoch 19/80] train_total=0.011266 val_score=1.031107 best=0.978584 P_MAE=8.4587 kPa y_iso_MAE=0.034381 T_MAE=2.4441 K y_isob_MAE=0.031913 improved=no epoch_time=25.2s total_time=996.3s
[seed 2] [stage 2/3: joint VLE] [epoch 20/80] train_total=0.010682 val_score=0.947143 best=0.947143 P_MAE=6.6465 kPa y_iso_MAE=0.032459 T_MAE=2.4622 K y_isob_MAE=0.030755 improved=yes epoch_time=25.5s total_time=1021.7s
[seed 2] [stage 2/3: joint VLE] [epoch 21/80] train_total=0.009905 val_score=1.016391 best=0.947143 P_MAE=7.5939 kPa y_iso_MAE=0.034066 T_MAE=2.5297 K y_isob_MAE=0.033095 improved=no epoch_time=25.4s total_time=1047.2s
[seed 2] [stage 2/3: joint VLE] [epoch 22/80] train_total=0.010579 val_score=1.044417 best=0.947143 P_MAE=7.8561 kPa y_iso_MAE=0.033478 T_MAE=2.7942 K y_isob_MAE=0.032575 improved=no epoch_time=25.6s total_time=1072.8s
[seed 2] [stage 2/3: joint VLE] [epoch 23/80] train_total=0.009863 val_score=1.049174 best=0.947143 P_MAE=8.6001 kPa y_iso_MAE=0.035000 T_MAE=2.5160 K y_isob_MAE=0.032101 improved=no epoch_time=25.9s total_time=1098.6s
[seed 2] [stage 2/3: joint VLE] [epoch 24/80] train_total=0.009240 val_score=0.990276 best=0.947143 P_MAE=7.7418 kPa y_iso_MAE=0.033025 T_MAE=2.4443 K y_isob_MAE=0.031099 improved=no epoch_time=25.6s total_time=1124.2s
[seed 2] [stage 2/3: joint VLE] [epoch 25/80] train_total=0.009478 val_score=0.968481 best=0.947143 P_MAE=7.1966 kPa y_iso_MAE=0.031724 T_MAE=2.4564 K y_isob_MAE=0.031778 improved=no epoch_time=25.6s total_time=1149.8s
[seed 2] [stage 2/3: joint VLE] [epoch 26/80] train_total=0.009820 val_score=1.035639 best=0.947143 P_MAE=7.8034 kPa y_iso_MAE=0.034392 T_MAE=2.6673 K y_isob_MAE=0.032520 improved=no epoch_time=25.3s total_time=1175.1s
[seed 2] [stage 2/3: joint VLE] [epoch 27/80] train_total=0.010596 val_score=1.000062 best=0.947143 P_MAE=7.7895 kPa y_iso_MAE=0.033786 T_MAE=2.4586 K y_isob_MAE=0.031272 improved=no epoch_time=25.8s total_time=1200.9s
[seed 2] [stage 2/3: joint VLE] [epoch 28/80] train_total=0.008628 val_score=0.969719 best=0.947143 P_MAE=6.8174 kPa y_iso_MAE=0.031870 T_MAE=2.5540 K y_isob_MAE=0.032241 improved=no epoch_time=25.3s total_time=1226.2s
[seed 2] [stage 2/3: joint VLE] [epoch 29/80] train_total=0.008925 val_score=1.047597 best=0.947143 P_MAE=7.6551 kPa y_iso_MAE=0.034033 T_MAE=2.8600 K y_isob_MAE=0.032523 improved=no epoch_time=25.3s total_time=1251.5s
[seed 2] [stage 2/3: joint VLE] [epoch 30/80] train_total=0.008979 val_score=0.964522 best=0.947143 P_MAE=7.1201 kPa y_iso_MAE=0.033149 T_MAE=2.3722 K y_isob_MAE=0.031425 improved=no epoch_time=26.1s total_time=1277.6s
[seed 2] [stage 2/3: joint VLE] [epoch 31/80] train_total=0.009619 val_score=0.971719 best=0.947143 P_MAE=7.3828 kPa y_iso_MAE=0.032224 T_MAE=2.4302 K y_isob_MAE=0.031240 improved=no epoch_time=25.4s total_time=1303.0s
[seed 2] [stage 2/3: joint VLE] [epoch 32/80] train_total=0.010087 val_score=0.962827 best=0.947143 P_MAE=7.1876 kPa y_iso_MAE=0.031676 T_MAE=2.4213 K y_isob_MAE=0.031593 improved=no epoch_time=25.6s total_time=1328.5s
{"direct_ge_parameter_summary": {"stage1_trainable_parameters": 1600129, "stage2_trainable_parameters": 1637571, "stage3": {"groups": [{"learning_rate": 2e-05, "name": "pair_potential", "parameter_count": 110977, "parameter_names": ["pair_potential.0.weight", "pair_potential.0.bias", "pair_potential.2.weight", "pair_potential.2.bias"]}, {"learning_rate": 1e-05, "name": "vapor_pressure", "parameter_count": 37442, "parameter_names": ["vapor_pressure.parameter_head.0.weight", "vapor_pressure.parameter_head.0.bias", "vapor_pressure.parameter_head.2.weight", "vapor_pressure.parameter_head.2.bias"]}, {"learning_rate": 5e-06, "name": "film", "parameter_count": 111744, "parameter_names": ["film.0.weight", "film.0.bias", "film.2.weight", "film.2.bias"]}, {"learning_rate": 5e-06, "name": "mixture_token", "parameter_count": 192, "parameter_names": ["mixture_token"]}], "total_parameters": 1637571, "trainable_fraction": 0.1589885262990124, "trainable_parameters": 260355}, "total_parameters": 1637571, "trainable_fraction": 0.1589885262990124, "trainable_parameters": 260355}}
[seed 2] [stage 3/3: fugacity] starting 10 epoch(s)
[seed 2] [stage 3/3: fugacity] [epoch 1/10] train_total=0.008382 val_score=0.967979 best=0.967979 P_MAE=7.3908 kPa y_iso_MAE=0.033085 T_MAE=2.3589 K y_isob_MAE=0.030875 improved=yes epoch_time=24.8s total_time=1353.4s
[seed 2] [stage 3/3: fugacity] [epoch 2/10] train_total=0.007638 val_score=0.976341 best=0.967979 P_MAE=7.4756 kPa y_iso_MAE=0.033273 T_MAE=2.3777 K y_isob_MAE=0.031156 improved=no epoch_time=24.9s total_time=1378.3s
[seed 2] [stage 3/3: fugacity] [epoch 3/10] train_total=0.007444 val_score=0.972080 best=0.967979 P_MAE=7.3935 kPa y_iso_MAE=0.033170 T_MAE=2.3597 K y_isob_MAE=0.031309 improved=no epoch_time=24.9s total_time=1403.2s
[seed 2] [stage 3/3: fugacity] [epoch 4/10] train_total=0.007064 val_score=0.975148 best=0.967979 P_MAE=7.4342 kPa y_iso_MAE=0.033333 T_MAE=2.3610 K y_isob_MAE=0.031356 improved=no epoch_time=25.3s total_time=1428.5s
[seed 2] [stage 3/3: fugacity] [epoch 5/10] train_total=0.007042 val_score=0.972745 best=0.967979 P_MAE=7.4171 kPa y_iso_MAE=0.033229 T_MAE=2.3467 K y_isob_MAE=0.031406 improved=no epoch_time=25.5s total_time=1454.1s
[seed 2] [stage 3/3: fugacity] [epoch 6/10] train_total=0.007082 val_score=0.977038 best=0.967979 P_MAE=7.4515 kPa y_iso_MAE=0.033314 T_MAE=2.3632 K y_isob_MAE=0.031513 improved=no epoch_time=25.1s total_time=1479.2s
[seed 2] [stage 3/3: fugacity] [epoch 7/10] train_total=0.007053 val_score=0.974893 best=0.967979 P_MAE=7.4143 kPa y_iso_MAE=0.033306 T_MAE=2.3581 K y_isob_MAE=0.031478 improved=no epoch_time=25.4s total_time=1504.6s
[seed 2] [stage 3/3: fugacity] [epoch 8/10] train_total=0.006787 val_score=0.972850 best=0.967979 P_MAE=7.3290 kPa y_iso_MAE=0.033135 T_MAE=2.3736 K y_isob_MAE=0.031552 improved=no epoch_time=25.8s total_time=1530.5s
[seed 2] [stage 3/3: fugacity] [epoch 9/10] train_total=0.006971 val_score=0.976157 best=0.967979 P_MAE=7.3901 kPa y_iso_MAE=0.033245 T_MAE=2.3762 K y_isob_MAE=0.031569 improved=no epoch_time=25.6s total_time=1556.1s
[seed 2] [stage 3/3: fugacity] [epoch 10/10] train_total=0.006821 val_score=0.976206 best=0.967979 P_MAE=7.3132 kPa y_iso_MAE=0.033367 T_MAE=2.3895 K y_isob_MAE=0.031638 improved=no epoch_time=26.1s total_time=1582.2s
{"variant": "v1_rdkit_only", "seed": 2, "status": "completed", "selected_stage": "stage2", "stage0_source": "generated"}
[stage experimental] starting 80 epoch(s)
[stage experimental] [epoch 1/80] train_total=1.097128 val_total=0.125064 best=0.125064 improved=yes epoch_time=1.7s total_time=1.7s
[stage experimental] [epoch 2/80] train_total=0.162463 val_total=0.109937 best=0.109937 improved=yes epoch_time=1.7s total_time=3.4s
[stage experimental] [epoch 3/80] train_total=0.090475 val_total=0.087320 best=0.087320 improved=yes epoch_time=1.7s total_time=5.1s
[stage experimental] [epoch 4/80] train_total=0.067765 val_total=0.080696 best=0.080696 improved=yes epoch_time=1.6s total_time=6.7s
[stage experimental] [epoch 5/80] train_total=0.048115 val_total=0.073330 best=0.073330 improved=yes epoch_time=1.8s total_time=8.5s
[stage experimental] [epoch 6/80] train_total=0.045787 val_total=0.078512 best=0.073330 improved=no epoch_time=1.7s total_time=10.2s
[stage experimental] [epoch 7/80] train_total=0.041698 val_total=0.111564 best=0.073330 improved=no epoch_time=1.8s total_time=12.0s
[stage experimental] [epoch 8/80] train_total=0.041849 val_total=0.071129 best=0.071129 improved=yes epoch_time=1.8s total_time=13.8s
[stage experimental] [epoch 9/80] train_total=0.041491 val_total=0.094372 best=0.071129 improved=no epoch_time=1.7s total_time=15.5s
[stage experimental] [epoch 10/80] train_total=0.038631 val_total=0.071254 best=0.071129 improved=no epoch_time=1.7s total_time=17.2s
[stage experimental] [epoch 11/80] train_total=0.032353 val_total=0.083195 best=0.071129 improved=no epoch_time=1.7s total_time=18.9s
[stage experimental] [epoch 12/80] train_total=0.031824 val_total=0.066842 best=0.066842 improved=yes epoch_time=1.7s total_time=20.7s
[stage experimental] [epoch 13/80] train_total=0.032174 val_total=0.057431 best=0.057431 improved=yes epoch_time=1.8s total_time=22.5s
[stage experimental] [epoch 14/80] train_total=0.029344 val_total=0.063887 best=0.057431 improved=no epoch_time=1.7s total_time=24.2s
[stage experimental] [epoch 15/80] train_total=0.028701 val_total=0.054228 best=0.054228 improved=yes epoch_time=1.7s total_time=26.0s
[stage experimental] [epoch 16/80] train_total=0.031523 val_total=0.055351 best=0.054228 improved=no epoch_time=1.7s total_time=27.7s
[stage experimental] [epoch 17/80] train_total=0.032064 val_total=0.050799 best=0.050799 improved=yes epoch_time=1.8s total_time=29.4s
[stage experimental] [epoch 18/80] train_total=0.030883 val_total=0.085523 best=0.050799 improved=no epoch_time=1.7s total_time=31.2s
[stage experimental] [epoch 19/80] train_total=0.028022 val_total=0.062550 best=0.050799 improved=no epoch_time=1.6s total_time=32.8s
[stage experimental] [epoch 20/80] train_total=0.031273 val_total=0.066726 best=0.050799 improved=no epoch_time=1.8s total_time=34.6s
[stage experimental] [epoch 21/80] train_total=0.026728 val_total=0.063482 best=0.050799 improved=no epoch_time=1.7s total_time=36.4s
[stage experimental] [epoch 22/80] train_total=0.027617 val_total=0.072205 best=0.050799 improved=no epoch_time=1.8s total_time=38.2s
[stage experimental] [epoch 23/80] train_total=0.024343 val_total=0.063814 best=0.050799 improved=no epoch_time=1.7s total_time=39.9s
[stage experimental] [epoch 24/80] train_total=0.028071 val_total=0.055310 best=0.050799 improved=no epoch_time=1.7s total_time=41.6s
[stage experimental] [epoch 25/80] train_total=0.026427 val_total=0.059000 best=0.050799 improved=no epoch_time=1.7s total_time=43.3s
[stage experimental] [epoch 26/80] train_total=0.024016 val_total=0.054982 best=0.050799 improved=no epoch_time=1.7s total_time=45.0s
[stage experimental] [epoch 27/80] train_total=0.022610 val_total=0.049332 best=0.049332 improved=yes epoch_time=1.7s total_time=46.7s
[stage experimental] [epoch 28/80] train_total=0.023363 val_total=0.060931 best=0.049332 improved=no epoch_time=1.7s total_time=48.5s
[stage experimental] [epoch 29/80] train_total=0.020918 val_total=0.043119 best=0.043119 improved=yes epoch_time=1.8s total_time=50.2s
[stage experimental] [epoch 30/80] train_total=0.020881 val_total=0.048233 best=0.043119 improved=no epoch_time=1.8s total_time=52.0s
[stage experimental] [epoch 31/80] train_total=0.020467 val_total=0.046077 best=0.043119 improved=no epoch_time=1.8s total_time=53.8s
[stage experimental] [epoch 32/80] train_total=0.018514 val_total=0.047128 best=0.043119 improved=no epoch_time=1.7s total_time=55.6s
[stage experimental] [epoch 33/80] train_total=0.022372 val_total=0.048209 best=0.043119 improved=no epoch_time=1.7s total_time=57.2s
[stage experimental] [epoch 34/80] train_total=0.019833 val_total=0.036287 best=0.036287 improved=yes epoch_time=1.7s total_time=59.0s
[stage experimental] [epoch 35/80] train_total=0.017875 val_total=0.037348 best=0.036287 improved=no epoch_time=1.7s total_time=60.7s
[stage experimental] [epoch 36/80] train_total=0.017860 val_total=0.035887 best=0.035887 improved=yes epoch_time=1.8s total_time=62.5s
[stage experimental] [epoch 37/80] train_total=0.016858 val_total=0.033383 best=0.033383 improved=yes epoch_time=1.7s total_time=64.2s
[stage experimental] [epoch 38/80] train_total=0.016185 val_total=0.032995 best=0.032995 improved=yes epoch_time=1.7s total_time=66.0s
[stage experimental] [epoch 39/80] train_total=0.014892 val_total=0.038516 best=0.032995 improved=no epoch_time=1.9s total_time=67.9s
[stage experimental] [epoch 40/80] train_total=0.018456 val_total=0.039498 best=0.032995 improved=no epoch_time=1.8s total_time=69.6s
[stage experimental] [epoch 41/80] train_total=0.015119 val_total=0.035263 best=0.032995 improved=no epoch_time=1.7s total_time=71.4s
[stage experimental] [epoch 42/80] train_total=0.013104 val_total=0.027253 best=0.027253 improved=yes epoch_time=1.7s total_time=73.1s
[stage experimental] [epoch 43/80] train_total=0.015595 val_total=0.024028 best=0.024028 improved=yes epoch_time=1.7s total_time=74.8s
[stage experimental] [epoch 44/80] train_total=0.011886 val_total=0.031379 best=0.024028 improved=no epoch_time=1.7s total_time=76.5s
[stage experimental] [epoch 45/80] train_total=0.012114 val_total=0.027875 best=0.024028 improved=no epoch_time=1.6s total_time=78.1s
[stage experimental] [epoch 46/80] train_total=0.013061 val_total=0.035630 best=0.024028 improved=no epoch_time=1.7s total_time=79.8s
[stage experimental] [epoch 47/80] train_total=0.013257 val_total=0.026881 best=0.024028 improved=no epoch_time=1.7s total_time=81.5s
[stage experimental] [epoch 48/80] train_total=0.010836 val_total=0.026271 best=0.024028 improved=no epoch_time=1.8s total_time=83.3s
[stage experimental] [epoch 49/80] train_total=0.013985 val_total=0.026472 best=0.024028 improved=no epoch_time=1.7s total_time=85.0s
[stage experimental] [epoch 50/80] train_total=0.012415 val_total=0.025350 best=0.024028 improved=no epoch_time=1.8s total_time=86.8s
[stage experimental] [epoch 51/80] train_total=0.011568 val_total=0.036914 best=0.024028 improved=no epoch_time=1.7s total_time=88.4s
[stage experimental] [epoch 52/80] train_total=0.011943 val_total=0.028023 best=0.024028 improved=no epoch_time=1.8s total_time=90.3s
[stage experimental] [epoch 53/80] train_total=0.008967 val_total=0.020388 best=0.020388 improved=yes epoch_time=1.8s total_time=92.0s
[stage experimental] [epoch 54/80] train_total=0.011549 val_total=0.023246 best=0.020388 improved=no epoch_time=1.8s total_time=93.8s
[stage experimental] [epoch 55/80] train_total=0.009586 val_total=0.026958 best=0.020388 improved=no epoch_time=1.9s total_time=95.8s
[stage experimental] [epoch 56/80] train_total=0.012778 val_total=0.020648 best=0.020388 improved=no epoch_time=1.8s total_time=97.5s
[stage experimental] [epoch 57/80] train_total=0.011453 val_total=0.021472 best=0.020388 improved=no epoch_time=1.8s total_time=99.3s
[stage experimental] [epoch 58/80] train_total=0.011410 val_total=0.028298 best=0.020388 improved=no epoch_time=1.8s total_time=101.1s
[stage experimental] [epoch 59/80] train_total=0.009292 val_total=0.021879 best=0.020388 improved=no epoch_time=1.7s total_time=102.9s
[stage experimental] [epoch 60/80] train_total=0.009394 val_total=0.021364 best=0.020388 improved=no epoch_time=1.8s total_time=104.7s
[stage experimental] [epoch 61/80] train_total=0.008610 val_total=0.021066 best=0.020388 improved=no epoch_time=1.9s total_time=106.5s
[stage experimental] [epoch 62/80] train_total=0.008848 val_total=0.022665 best=0.020388 improved=no epoch_time=1.7s total_time=108.2s
[stage experimental] [epoch 63/80] train_total=0.008223 val_total=0.020470 best=0.020388 improved=no epoch_time=1.8s total_time=110.0s
[stage experimental] [epoch 64/80] train_total=0.009920 val_total=0.025523 best=0.020388 improved=no epoch_time=1.8s total_time=111.8s
[stage experimental] [epoch 65/80] train_total=0.010364 val_total=0.017197 best=0.017197 improved=yes epoch_time=1.8s total_time=113.6s
[stage experimental] [epoch 66/80] train_total=0.008800 val_total=0.022748 best=0.017197 improved=no epoch_time=1.7s total_time=115.3s
[stage experimental] [epoch 67/80] train_total=0.008991 val_total=0.019959 best=0.017197 improved=no epoch_time=1.7s total_time=117.0s
[stage experimental] [epoch 68/80] train_total=0.009130 val_total=0.019423 best=0.017197 improved=no epoch_time=1.7s total_time=118.7s
[stage experimental] [epoch 69/80] train_total=0.008825 val_total=0.021642 best=0.017197 improved=no epoch_time=1.8s total_time=120.5s
[stage experimental] [epoch 70/80] train_total=0.011060 val_total=0.018768 best=0.017197 improved=no epoch_time=1.8s total_time=122.4s
[stage experimental] [epoch 71/80] train_total=0.010090 val_total=0.024471 best=0.017197 improved=no epoch_time=1.9s total_time=124.2s
[stage experimental] [epoch 72/80] train_total=0.008003 val_total=0.019786 best=0.017197 improved=no epoch_time=1.8s total_time=126.1s
[stage experimental] [epoch 73/80] train_total=0.007703 val_total=0.020742 best=0.017197 improved=no epoch_time=1.8s total_time=127.9s
[stage experimental] [epoch 74/80] train_total=0.007282 val_total=0.019137 best=0.017197 improved=no epoch_time=1.8s total_time=129.7s
[stage experimental] [epoch 75/80] train_total=0.010597 val_total=0.022225 best=0.017197 improved=no epoch_time=1.9s total_time=131.6s
[stage experimental] [epoch 76/80] train_total=0.008092 val_total=0.021255 best=0.017197 improved=no epoch_time=1.8s total_time=133.4s
[stage experimental] [epoch 77/80] train_total=0.009956 val_total=0.030810 best=0.017197 improved=no epoch_time=1.7s total_time=135.2s
[stage experimental] early stopping at epoch 77; best_validation=0.017197
[seed 3] [stage 1/3: direct GE] starting 20 epoch(s)
[seed 3] [stage 1/3: direct GE] [epoch 1/20] train_total=0.004578 val_score=1.011713 best=1.011713 P_MAE=10.4407 kPa y_iso_MAE=0.028592 T_MAE=2.2064 K y_isob_MAE=0.028712 improved=yes epoch_time=25.3s total_time=49.3s
[seed 3] [stage 1/3: direct GE] [epoch 2/20] train_total=0.003756 val_score=1.032292 best=1.011713 P_MAE=10.4977 kPa y_iso_MAE=0.029933 T_MAE=2.2578 K y_isob_MAE=0.028967 improved=no epoch_time=25.8s total_time=75.1s
[seed 3] [stage 1/3: direct GE] [epoch 3/20] train_total=0.003941 val_score=1.039476 best=1.011713 P_MAE=9.9036 kPa y_iso_MAE=0.028728 T_MAE=2.4129 K y_isob_MAE=0.030667 improved=no epoch_time=25.7s total_time=100.7s
[seed 3] [stage 1/3: direct GE] [epoch 4/20] train_total=0.003704 val_score=1.029167 best=1.011713 P_MAE=10.2891 kPa y_iso_MAE=0.030514 T_MAE=2.2625 K y_isob_MAE=0.028630 improved=no epoch_time=25.7s total_time=126.4s
[seed 3] [stage 1/3: direct GE] [epoch 5/20] train_total=0.003656 val_score=1.059911 best=1.011713 P_MAE=11.9454 kPa y_iso_MAE=0.030670 T_MAE=2.1647 K y_isob_MAE=0.028326 improved=no epoch_time=26.1s total_time=152.5s
[seed 3] [stage 1/3: direct GE] [epoch 6/20] train_total=0.003407 val_score=1.055409 best=1.011713 P_MAE=9.9714 kPa y_iso_MAE=0.030660 T_MAE=2.4004 K y_isob_MAE=0.030628 improved=no epoch_time=25.1s total_time=177.6s
[seed 3] [stage 1/3: direct GE] [epoch 7/20] train_total=0.003420 val_score=1.080065 best=1.011713 P_MAE=11.0714 kPa y_iso_MAE=0.030929 T_MAE=2.3879 K y_isob_MAE=0.030088 improved=no epoch_time=25.1s total_time=202.7s
[seed 3] [stage 1/3: direct GE] [epoch 8/20] train_total=0.003535 val_score=1.138978 best=1.011713 P_MAE=11.2484 kPa y_iso_MAE=0.033049 T_MAE=2.5493 K y_isob_MAE=0.032184 improved=no epoch_time=25.3s total_time=228.0s
[seed 3] [stage 1/3: direct GE] [epoch 9/20] train_total=0.003637 val_score=1.136197 best=1.011713 P_MAE=10.3058 kPa y_iso_MAE=0.032647 T_MAE=2.7552 K y_isob_MAE=0.032406 improved=no epoch_time=24.6s total_time=252.6s
[seed 3] [stage 1/3: direct GE] [epoch 10/20] train_total=0.003329 val_score=1.104985 best=1.011713 P_MAE=11.8745 kPa y_iso_MAE=0.030947 T_MAE=2.4051 K y_isob_MAE=0.030303 improved=no epoch_time=25.5s total_time=278.1s
[seed 3] [stage 1/3: direct GE] [epoch 11/20] train_total=0.003630 val_score=1.118587 best=1.011713 P_MAE=10.3405 kPa y_iso_MAE=0.032108 T_MAE=2.6315 K y_isob_MAE=0.032385 improved=no epoch_time=25.3s total_time=303.5s
[seed 3] [stage 1/3: direct GE] [epoch 12/20] train_total=0.003283 val_score=1.116044 best=1.011713 P_MAE=10.6471 kPa y_iso_MAE=0.030046 T_MAE=2.6225 K y_isob_MAE=0.033222 improved=no epoch_time=25.0s total_time=328.5s
[seed 3] [stage 1/3: direct GE] [epoch 13/20] train_total=0.003283 val_score=1.177012 best=1.011713 P_MAE=12.3052 kPa y_iso_MAE=0.032466 T_MAE=2.6815 K y_isob_MAE=0.032236 improved=no epoch_time=25.8s total_time=354.3s
[seed 3] [stage 1/3: direct GE] [epoch 14/20] train_total=0.003170 val_score=1.195118 best=1.011713 P_MAE=13.4607 kPa y_iso_MAE=0.031297 T_MAE=2.6184 K y_isob_MAE=0.032765 improved=no epoch_time=25.2s total_time=379.4s
[seed 3] [stage 1/3: direct GE] [epoch 15/20] train_total=0.003200 val_score=1.259740 best=1.011713 P_MAE=12.4714 kPa y_iso_MAE=0.033030 T_MAE=3.0382 K y_isob_MAE=0.036012 improved=no epoch_time=25.3s total_time=404.8s
[seed 3] [stage 1/3: direct GE] [epoch 16/20] train_total=0.003258 val_score=1.229924 best=1.011713 P_MAE=12.6870 kPa y_iso_MAE=0.031782 T_MAE=2.8630 K y_isob_MAE=0.035398 improved=no epoch_time=26.0s total_time=430.8s
[seed 3] [stage 1/3: direct GE] [epoch 17/20] train_total=0.003229 val_score=1.348683 best=1.011713 P_MAE=13.7542 kPa y_iso_MAE=0.033575 T_MAE=3.3176 K y_isob_MAE=0.038215 improved=no epoch_time=25.4s total_time=456.2s
[seed 3] [stage 1/3: direct GE] [epoch 18/20] train_total=0.003051 val_score=1.237817 best=1.011713 P_MAE=12.0163 kPa y_iso_MAE=0.032099 T_MAE=3.0224 K y_isob_MAE=0.035943 improved=no epoch_time=25.2s total_time=481.4s
[seed 3] [stage 1/3: direct GE] [epoch 19/20] train_total=0.003187 val_score=1.280891 best=1.011713 P_MAE=13.2649 kPa y_iso_MAE=0.031898 T_MAE=3.0644 K y_isob_MAE=0.036780 improved=no epoch_time=26.0s total_time=507.4s
[seed 3] [stage 1/3: direct GE] [epoch 20/20] train_total=0.002969 val_score=1.241722 best=1.011713 P_MAE=12.6074 kPa y_iso_MAE=0.032406 T_MAE=2.9780 K y_isob_MAE=0.034930 improved=no epoch_time=25.1s total_time=532.5s
[seed 3] [stage 2/3: joint VLE] starting 80 epoch(s)
[seed 3] [stage 2/3: joint VLE] [epoch 1/80] train_total=0.015362 val_score=1.131177 best=1.131177 P_MAE=9.1139 kPa y_iso_MAE=0.031344 T_MAE=2.7249 K y_isob_MAE=0.036904 improved=yes epoch_time=25.6s total_time=558.2s
[seed 3] [stage 2/3: joint VLE] [epoch 2/80] train_total=0.015321 val_score=1.214416 best=1.131177 P_MAE=12.0240 kPa y_iso_MAE=0.032717 T_MAE=3.0336 K y_isob_MAE=0.032590 improved=no epoch_time=25.7s total_time=583.9s
[seed 3] [stage 2/3: joint VLE] [epoch 3/80] train_total=0.012577 val_score=0.966137 best=0.966137 P_MAE=8.3799 kPa y_iso_MAE=0.028224 T_MAE=2.2677 K y_isob_MAE=0.029190 improved=yes epoch_time=27.2s total_time=611.1s
[seed 3] [stage 2/3: joint VLE] [epoch 4/80] train_total=0.013995 val_score=1.058559 best=0.966137 P_MAE=8.3318 kPa y_iso_MAE=0.032268 T_MAE=2.4712 K y_isob_MAE=0.033389 improved=no epoch_time=26.1s total_time=637.2s
[seed 3] [stage 2/3: joint VLE] [epoch 5/80] train_total=0.014582 val_score=1.195840 best=0.966137 P_MAE=11.4466 kPa y_iso_MAE=0.033213 T_MAE=2.7600 K y_isob_MAE=0.035173 improved=no epoch_time=26.2s total_time=663.4s
[seed 3] [stage 2/3: joint VLE] [epoch 6/80] train_total=0.014007 val_score=0.961216 best=0.961216 P_MAE=9.3069 kPa y_iso_MAE=0.029317 T_MAE=2.1014 K y_isob_MAE=0.027016 improved=yes epoch_time=26.7s total_time=690.1s
[seed 3] [stage 2/3: joint VLE] [epoch 7/80] train_total=0.014677 val_score=1.014094 best=0.961216 P_MAE=10.3784 kPa y_iso_MAE=0.029348 T_MAE=2.2771 K y_isob_MAE=0.027575 improved=no epoch_time=26.9s total_time=717.0s
[seed 3] [stage 2/3: joint VLE] [epoch 8/80] train_total=0.011946 val_score=1.100900 best=0.961216 P_MAE=11.8397 kPa y_iso_MAE=0.028945 T_MAE=2.5017 K y_isob_MAE=0.030581 improved=no epoch_time=27.2s total_time=744.2s
[seed 3] [stage 2/3: joint VLE] [epoch 9/80] train_total=0.012030 val_score=0.970921 best=0.961216 P_MAE=9.0126 kPa y_iso_MAE=0.029648 T_MAE=2.0761 K y_isob_MAE=0.028973 improved=no epoch_time=26.0s total_time=770.2s
[seed 3] [stage 2/3: joint VLE] [epoch 10/80] train_total=0.011776 val_score=0.979969 best=0.961216 P_MAE=8.1463 kPa y_iso_MAE=0.028422 T_MAE=2.3993 K y_isob_MAE=0.029584 improved=no epoch_time=25.4s total_time=795.6s
[seed 3] [stage 2/3: joint VLE] [epoch 11/80] train_total=0.012208 val_score=1.057609 best=0.961216 P_MAE=9.8281 kPa y_iso_MAE=0.029470 T_MAE=2.5070 K y_isob_MAE=0.031050 improved=no epoch_time=25.5s total_time=821.2s
[seed 3] [stage 2/3: joint VLE] [epoch 12/80] train_total=0.011960 val_score=1.036563 best=0.961216 P_MAE=10.8295 kPa y_iso_MAE=0.029958 T_MAE=2.2409 K y_isob_MAE=0.028666 improved=no epoch_time=25.5s total_time=846.7s
[seed 3] [stage 2/3: joint VLE] [epoch 13/80] train_total=0.013275 val_score=1.161419 best=0.961216 P_MAE=12.7095 kPa y_iso_MAE=0.033698 T_MAE=2.4050 K y_isob_MAE=0.031649 improved=no epoch_time=26.1s total_time=872.8s
[seed 3] [stage 2/3: joint VLE] [epoch 14/80] train_total=0.014113 val_score=1.035783 best=0.961216 P_MAE=11.0682 kPa y_iso_MAE=0.029371 T_MAE=2.1705 K y_isob_MAE=0.029308 improved=no epoch_time=25.6s total_time=898.4s
[seed 3] [stage 2/3: joint VLE] [epoch 15/80] train_total=0.010674 val_score=1.079961 best=0.961216 P_MAE=11.1723 kPa y_iso_MAE=0.030143 T_MAE=2.3922 K y_isob_MAE=0.030453 improved=no epoch_time=25.4s total_time=923.8s
[seed 3] [stage 2/3: joint VLE] [epoch 16/80] train_total=0.012651 val_score=1.067791 best=0.961216 P_MAE=11.4325 kPa y_iso_MAE=0.031279 T_MAE=2.1797 K y_isob_MAE=0.029954 improved=no epoch_time=25.4s total_time=949.2s
[seed 3] [stage 2/3: joint VLE] [epoch 17/80] train_total=0.011475 val_score=1.039199 best=0.961216 P_MAE=9.7942 kPa y_iso_MAE=0.030451 T_MAE=2.3681 K y_isob_MAE=0.029929 improved=no epoch_time=25.1s total_time=974.4s
[seed 3] [stage 2/3: joint VLE] [epoch 18/80] train_total=0.010732 val_score=1.062640 best=0.961216 P_MAE=10.8150 kPa y_iso_MAE=0.028582 T_MAE=2.5633 K y_isob_MAE=0.028847 improved=no epoch_time=25.1s total_time=999.4s
{"direct_ge_parameter_summary": {"stage1_trainable_parameters": 1600129, "stage2_trainable_parameters": 1637571, "stage3": {"groups": [{"learning_rate": 2e-05, "name": "pair_potential", "parameter_count": 110977, "parameter_names": ["pair_potential.0.weight", "pair_potential.0.bias", "pair_potential.2.weight", "pair_potential.2.bias"]}, {"learning_rate": 1e-05, "name": "vapor_pressure", "parameter_count": 37442, "parameter_names": ["vapor_pressure.parameter_head.0.weight", "vapor_pressure.parameter_head.0.bias", "vapor_pressure.parameter_head.2.weight", "vapor_pressure.parameter_head.2.bias"]}, {"learning_rate": 5e-06, "name": "film", "parameter_count": 111744, "parameter_names": ["film.0.weight", "film.0.bias", "film.2.weight", "film.2.bias"]}, {"learning_rate": 5e-06, "name": "mixture_token", "parameter_count": 192, "parameter_names": ["mixture_token"]}], "total_parameters": 1637571, "trainable_fraction": 0.1589885262990124, "trainable_parameters": 260355}, "total_parameters": 1637571, "trainable_fraction": 0.1589885262990124, "trainable_parameters": 260355}}
[seed 3] [stage 3/3: fugacity] starting 10 epoch(s)
[seed 3] [stage 3/3: fugacity] [epoch 1/10] train_total=0.011119 val_score=0.983452 best=0.983452 P_MAE=9.7694 kPa y_iso_MAE=0.030112 T_MAE=2.1292 K y_isob_MAE=0.027074 improved=yes epoch_time=25.4s total_time=1024.8s
[seed 3] [stage 3/3: fugacity] [epoch 2/10] train_total=0.009714 val_score=0.971219 best=0.971219 P_MAE=9.7370 kPa y_iso_MAE=0.029440 T_MAE=2.0723 K y_isob_MAE=0.027134 improved=yes epoch_time=25.0s total_time=1049.9s
[seed 3] [stage 3/3: fugacity] [epoch 3/10] train_total=0.009701 val_score=0.983184 best=0.971219 P_MAE=9.7691 kPa y_iso_MAE=0.029818 T_MAE=2.1104 K y_isob_MAE=0.027552 improved=no epoch_time=25.1s total_time=1075.0s
[seed 3] [stage 3/3: fugacity] [epoch 4/10] train_total=0.009509 val_score=0.976626 best=0.971219 P_MAE=9.6213 kPa y_iso_MAE=0.029525 T_MAE=2.0855 K y_isob_MAE=0.027831 improved=no epoch_time=25.4s total_time=1100.4s
[seed 3] [stage 3/3: fugacity] [epoch 5/10] train_total=0.008924 val_score=0.979658 best=0.971219 P_MAE=9.6426 kPa y_iso_MAE=0.029522 T_MAE=2.0948 K y_isob_MAE=0.027995 improved=no epoch_time=25.4s total_time=1125.8s
[seed 3] [stage 3/3: fugacity] [epoch 6/10] train_total=0.008671 val_score=0.984007 best=0.971219 P_MAE=9.6773 kPa y_iso_MAE=0.029695 T_MAE=2.0960 K y_isob_MAE=0.028207 improved=no epoch_time=25.0s total_time=1150.8s
[seed 3] [stage 3/3: fugacity] [epoch 7/10] train_total=0.008812 val_score=0.989968 best=0.971219 P_MAE=9.5767 kPa y_iso_MAE=0.029953 T_MAE=2.1347 K y_isob_MAE=0.028443 improved=no epoch_time=24.9s total_time=1175.9s
[seed 3] [stage 3/3: fugacity] [epoch 8/10] train_total=0.009098 val_score=0.984814 best=0.971219 P_MAE=9.5954 kPa y_iso_MAE=0.029824 T_MAE=2.1022 K y_isob_MAE=0.028339 improved=no epoch_time=25.5s total_time=1201.4s
[seed 3] [stage 3/3: fugacity] [epoch 9/10] train_total=0.008520 val_score=0.980337 best=0.971219 P_MAE=9.3158 kPa y_iso_MAE=0.029783 T_MAE=2.1117 K y_isob_MAE=0.028572 improved=no epoch_time=25.3s total_time=1226.7s
[seed 3] [stage 3/3: fugacity] [epoch 10/10] train_total=0.008423 val_score=0.981208 best=0.971219 P_MAE=9.4147 kPa y_iso_MAE=0.029652 T_MAE=2.1142 K y_isob_MAE=0.028469 improved=no epoch_time=25.3s total_time=1252.0s
{"variant": "v1_rdkit_only", "seed": 3, "status": "completed", "selected_stage": "stage2", "stage0_source": "generated"}
[stage experimental] starting 80 epoch(s)
[stage experimental] [epoch 1/80] train_total=0.834315 val_total=0.117332 best=0.117332 improved=yes epoch_time=1.8s total_time=1.8s
[stage experimental] [epoch 2/80] train_total=0.130192 val_total=0.070414 best=0.070414 improved=yes epoch_time=1.7s total_time=3.5s
[stage experimental] [epoch 3/80] train_total=0.087699 val_total=0.063123 best=0.063123 improved=yes epoch_time=1.7s total_time=5.2s
[stage experimental] [epoch 4/80] train_total=0.059815 val_total=0.060689 best=0.060689 improved=yes epoch_time=1.8s total_time=6.9s
[stage experimental] [epoch 5/80] train_total=0.050194 val_total=0.060612 best=0.060612 improved=yes epoch_time=1.8s total_time=8.7s
[stage experimental] [epoch 6/80] train_total=0.043722 val_total=0.059171 best=0.059171 improved=yes epoch_time=1.8s total_time=10.5s
[stage experimental] [epoch 7/80] train_total=0.042658 val_total=0.052951 best=0.052951 improved=yes epoch_time=1.7s total_time=12.2s
[stage experimental] [epoch 8/80] train_total=0.038697 val_total=0.054366 best=0.052951 improved=no epoch_time=1.7s total_time=14.0s
[stage experimental] [epoch 9/80] train_total=0.034231 val_total=0.062666 best=0.052951 improved=no epoch_time=1.7s total_time=15.7s
[stage experimental] [epoch 10/80] train_total=0.033211 val_total=0.051261 best=0.051261 improved=yes epoch_time=1.7s total_time=17.5s
[stage experimental] [epoch 11/80] train_total=0.036783 val_total=0.055434 best=0.051261 improved=no epoch_time=1.8s total_time=19.2s
[stage experimental] [epoch 12/80] train_total=0.034929 val_total=0.053034 best=0.051261 improved=no epoch_time=1.7s total_time=21.0s
[stage experimental] [epoch 13/80] train_total=0.034582 val_total=0.045440 best=0.045440 improved=yes epoch_time=1.8s total_time=22.8s
[stage experimental] [epoch 14/80] train_total=0.031685 val_total=0.052495 best=0.045440 improved=no epoch_time=1.8s total_time=24.7s
[stage experimental] [epoch 15/80] train_total=0.032738 val_total=0.044362 best=0.044362 improved=yes epoch_time=1.8s total_time=26.4s
[stage experimental] [epoch 16/80] train_total=0.031933 val_total=0.054656 best=0.044362 improved=no epoch_time=1.7s total_time=28.2s
[stage experimental] [epoch 17/80] train_total=0.028596 val_total=0.041128 best=0.041128 improved=yes epoch_time=1.6s total_time=29.8s
[stage experimental] [epoch 18/80] train_total=0.025391 val_total=0.043125 best=0.041128 improved=no epoch_time=1.7s total_time=31.6s
[stage experimental] [epoch 19/80] train_total=0.028737 val_total=0.047405 best=0.041128 improved=no epoch_time=1.7s total_time=33.3s
[stage experimental] [epoch 20/80] train_total=0.027289 val_total=0.046321 best=0.041128 improved=no epoch_time=1.7s total_time=35.0s
[stage experimental] [epoch 21/80] train_total=0.028647 val_total=0.044394 best=0.041128 improved=no epoch_time=1.8s total_time=36.8s
[stage experimental] [epoch 22/80] train_total=0.027881 val_total=0.041304 best=0.041128 improved=no epoch_time=1.8s total_time=38.6s
[stage experimental] [epoch 23/80] train_total=0.026961 val_total=0.039303 best=0.039303 improved=yes epoch_time=1.9s total_time=40.4s
[stage experimental] [epoch 24/80] train_total=0.023995 val_total=0.040929 best=0.039303 improved=no epoch_time=1.8s total_time=42.2s
[stage experimental] [epoch 25/80] train_total=0.028720 val_total=0.034080 best=0.034080 improved=yes epoch_time=1.8s total_time=44.1s
[stage experimental] [epoch 26/80] train_total=0.025910 val_total=0.039366 best=0.034080 improved=no epoch_time=1.7s total_time=45.8s
[stage experimental] [epoch 27/80] train_total=0.023825 val_total=0.039280 best=0.034080 improved=no epoch_time=1.7s total_time=47.5s
[stage experimental] [epoch 28/80] train_total=0.023737 val_total=0.041837 best=0.034080 improved=no epoch_time=1.8s total_time=49.3s
[stage experimental] [epoch 29/80] train_total=0.022171 val_total=0.035407 best=0.034080 improved=no epoch_time=1.8s total_time=51.1s
[stage experimental] [epoch 30/80] train_total=0.022431 val_total=0.033929 best=0.033929 improved=yes epoch_time=1.8s total_time=52.9s
[stage experimental] [epoch 31/80] train_total=0.021804 val_total=0.036221 best=0.033929 improved=no epoch_time=1.9s total_time=54.8s
[stage experimental] [epoch 32/80] train_total=0.019057 val_total=0.030660 best=0.030660 improved=yes epoch_time=1.8s total_time=56.6s
[stage experimental] [epoch 33/80] train_total=0.020596 val_total=0.032402 best=0.030660 improved=no epoch_time=1.9s total_time=58.5s
[stage experimental] [epoch 34/80] train_total=0.020718 val_total=0.033644 best=0.030660 improved=no epoch_time=1.9s total_time=60.4s
[stage experimental] [epoch 35/80] train_total=0.019917 val_total=0.027872 best=0.027872 improved=yes epoch_time=1.9s total_time=62.3s
[stage experimental] [epoch 36/80] train_total=0.018830 val_total=0.031291 best=0.027872 improved=no epoch_time=1.8s total_time=64.1s
[stage experimental] [epoch 37/80] train_total=0.018336 val_total=0.030626 best=0.027872 improved=no epoch_time=1.9s total_time=66.0s
[stage experimental] [epoch 38/80] train_total=0.020447 val_total=0.031071 best=0.027872 improved=no epoch_time=2.0s total_time=68.0s
[stage experimental] [epoch 39/80] train_total=0.017158 val_total=0.027082 best=0.027082 improved=yes epoch_time=2.0s total_time=70.0s
[stage experimental] [epoch 40/80] train_total=0.015152 val_total=0.025187 best=0.025187 improved=yes epoch_time=1.9s total_time=72.0s
[stage experimental] [epoch 41/80] train_total=0.019707 val_total=0.032115 best=0.025187 improved=no epoch_time=1.8s total_time=73.8s
[stage experimental] [epoch 42/80] train_total=0.016443 val_total=0.025938 best=0.025187 improved=no epoch_time=2.1s total_time=75.9s
[stage experimental] [epoch 43/80] train_total=0.015176 val_total=0.025386 best=0.025187 improved=no epoch_time=1.8s total_time=77.7s
[stage experimental] [epoch 44/80] train_total=0.014882 val_total=0.024334 best=0.024334 improved=yes epoch_time=1.8s total_time=79.4s
[stage experimental] [epoch 45/80] train_total=0.015082 val_total=0.025239 best=0.024334 improved=no epoch_time=1.9s total_time=81.3s
[stage experimental] [epoch 46/80] train_total=0.014684 val_total=0.027017 best=0.024334 improved=no epoch_time=1.9s total_time=83.2s
[stage experimental] [epoch 47/80] train_total=0.013485 val_total=0.021932 best=0.021932 improved=yes epoch_time=1.9s total_time=85.1s
[stage experimental] [epoch 48/80] train_total=0.014311 val_total=0.030736 best=0.021932 improved=no epoch_time=1.9s total_time=87.1s
[stage experimental] [epoch 49/80] train_total=0.015446 val_total=0.023597 best=0.021932 improved=no epoch_time=1.9s total_time=88.9s
[stage experimental] [epoch 50/80] train_total=0.013920 val_total=0.024593 best=0.021932 improved=no epoch_time=1.9s total_time=90.8s
[stage experimental] [epoch 51/80] train_total=0.012369 val_total=0.020686 best=0.020686 improved=yes epoch_time=1.9s total_time=92.7s
[stage experimental] [epoch 52/80] train_total=0.013686 val_total=0.020786 best=0.020686 improved=no epoch_time=1.8s total_time=94.6s
[stage experimental] [epoch 53/80] train_total=0.013052 val_total=0.022174 best=0.020686 improved=no epoch_time=1.8s total_time=96.4s
[stage experimental] [epoch 54/80] train_total=0.011896 val_total=0.021140 best=0.020686 improved=no epoch_time=1.8s total_time=98.2s
[stage experimental] [epoch 55/80] train_total=0.012478 val_total=0.021303 best=0.020686 improved=no epoch_time=1.8s total_time=100.1s
[stage experimental] [epoch 56/80] train_total=0.011360 val_total=0.019071 best=0.019071 improved=yes epoch_time=1.9s total_time=101.9s
[stage experimental] [epoch 57/80] train_total=0.010094 val_total=0.019244 best=0.019071 improved=no epoch_time=1.9s total_time=103.8s
[stage experimental] [epoch 58/80] train_total=0.009908 val_total=0.019357 best=0.019071 improved=no epoch_time=1.8s total_time=105.7s
[stage experimental] [epoch 59/80] train_total=0.012060 val_total=0.019259 best=0.019071 improved=no epoch_time=1.8s total_time=107.4s
[stage experimental] [epoch 60/80] train_total=0.009432 val_total=0.016331 best=0.016331 improved=yes epoch_time=1.8s total_time=109.2s
[stage experimental] [epoch 61/80] train_total=0.008397 val_total=0.017001 best=0.016331 improved=no epoch_time=1.8s total_time=111.0s
[stage experimental] [epoch 62/80] train_total=0.009139 val_total=0.018741 best=0.016331 improved=no epoch_time=1.8s total_time=112.8s
[stage experimental] [epoch 63/80] train_total=0.009357 val_total=0.019351 best=0.016331 improved=no epoch_time=1.8s total_time=114.6s
[stage experimental] [epoch 64/80] train_total=0.008789 val_total=0.017720 best=0.016331 improved=no epoch_time=1.8s total_time=116.4s
[stage experimental] [epoch 65/80] train_total=0.008474 val_total=0.016244 best=0.016244 improved=yes epoch_time=1.9s total_time=118.3s
[stage experimental] [epoch 66/80] train_total=0.009443 val_total=0.016162 best=0.016162 improved=yes epoch_time=1.8s total_time=120.1s
[stage experimental] [epoch 67/80] train_total=0.009087 val_total=0.019706 best=0.016162 improved=no epoch_time=1.8s total_time=122.0s
[stage experimental] [epoch 68/80] train_total=0.008427 val_total=0.016054 best=0.016054 improved=yes epoch_time=1.8s total_time=123.8s
[stage experimental] [epoch 69/80] train_total=0.008367 val_total=0.016178 best=0.016054 improved=no epoch_time=1.9s total_time=125.7s
[stage experimental] [epoch 70/80] train_total=0.007743 val_total=0.017285 best=0.016054 improved=no epoch_time=1.8s total_time=127.5s
[stage experimental] [epoch 71/80] train_total=0.010017 val_total=0.016438 best=0.016054 improved=no epoch_time=1.8s total_time=129.3s
[stage experimental] [epoch 72/80] train_total=0.008613 val_total=0.016508 best=0.016054 improved=no epoch_time=1.9s total_time=131.2s
[stage experimental] [epoch 73/80] train_total=0.007883 val_total=0.016978 best=0.016054 improved=no epoch_time=1.9s total_time=133.1s
[stage experimental] [epoch 74/80] train_total=0.008084 val_total=0.016763 best=0.016054 improved=no epoch_time=2.2s total_time=135.3s
[stage experimental] [epoch 75/80] train_total=0.009183 val_total=0.019569 best=0.016054 improved=no epoch_time=1.8s total_time=137.1s
[stage experimental] [epoch 76/80] train_total=0.008811 val_total=0.016178 best=0.016054 improved=no epoch_time=1.9s total_time=139.0s
[stage experimental] [epoch 77/80] train_total=0.006866 val_total=0.015847 best=0.015847 improved=yes epoch_time=1.8s total_time=140.8s
[stage experimental] [epoch 78/80] train_total=0.007536 val_total=0.019251 best=0.015847 improved=no epoch_time=1.8s total_time=142.6s
[stage experimental] [epoch 79/80] train_total=0.009169 val_total=0.018213 best=0.015847 improved=no epoch_time=1.8s total_time=144.4s
[stage experimental] [epoch 80/80] train_total=0.011719 val_total=0.015911 best=0.015847 improved=no epoch_time=1.8s total_time=146.2s
[seed 4] [stage 1/3: direct GE] starting 20 epoch(s)
[seed 4] [stage 1/3: direct GE] [epoch 1/20] train_total=0.004202 val_score=1.095768 best=1.095768 P_MAE=7.3470 kPa y_iso_MAE=0.022966 T_MAE=2.4034 K y_isob_MAE=0.025189 improved=yes epoch_time=26.3s total_time=50.9s
[seed 4] [stage 1/3: direct GE] [epoch 2/20] train_total=0.003439 val_score=1.108423 best=1.095768 P_MAE=7.7818 kPa y_iso_MAE=0.023798 T_MAE=2.3163 K y_isob_MAE=0.025022 improved=no epoch_time=25.1s total_time=76.0s
[seed 4] [stage 1/3: direct GE] [epoch 3/20] train_total=0.003486 val_score=1.181269 best=1.095768 P_MAE=8.2667 kPa y_iso_MAE=0.025137 T_MAE=2.4774 K y_isob_MAE=0.026883 improved=no epoch_time=25.4s total_time=101.4s
[seed 4] [stage 1/3: direct GE] [epoch 4/20] train_total=0.003270 val_score=1.181912 best=1.095768 P_MAE=8.4210 kPa y_iso_MAE=0.025328 T_MAE=2.5073 K y_isob_MAE=0.025921 improved=no epoch_time=24.8s total_time=126.2s
[seed 4] [stage 1/3: direct GE] [epoch 5/20] train_total=0.003269 val_score=1.154364 best=1.095768 P_MAE=7.9898 kPa y_iso_MAE=0.024980 T_MAE=2.4990 K y_isob_MAE=0.025291 improved=no epoch_time=24.9s total_time=151.0s
[seed 4] [stage 1/3: direct GE] [epoch 6/20] train_total=0.003383 val_score=1.176977 best=1.095768 P_MAE=8.9539 kPa y_iso_MAE=0.023709 T_MAE=2.5267 K y_isob_MAE=0.025164 improved=no epoch_time=25.5s total_time=176.6s
[seed 4] [stage 1/3: direct GE] [epoch 7/20] train_total=0.003224 val_score=1.161358 best=1.095768 P_MAE=7.9396 kPa y_iso_MAE=0.024532 T_MAE=2.5807 K y_isob_MAE=0.025644 improved=no epoch_time=25.2s total_time=201.7s
[seed 4] [stage 1/3: direct GE] [epoch 8/20] train_total=0.003326 val_score=1.227949 best=1.095768 P_MAE=8.3499 kPa y_iso_MAE=0.027059 T_MAE=2.7199 K y_isob_MAE=0.026231 improved=no epoch_time=25.9s total_time=227.7s
[seed 4] [stage 1/3: direct GE] [epoch 9/20] train_total=0.003276 val_score=1.211587 best=1.095768 P_MAE=8.9110 kPa y_iso_MAE=0.025907 T_MAE=2.6000 K y_isob_MAE=0.025401 improved=no epoch_time=26.0s total_time=253.6s
[seed 4] [stage 1/3: direct GE] [epoch 10/20] train_total=0.003017 val_score=1.229671 best=1.095768 P_MAE=8.3916 kPa y_iso_MAE=0.025822 T_MAE=2.8002 K y_isob_MAE=0.026618 improved=no epoch_time=26.8s total_time=280.5s
[seed 4] [stage 1/3: direct GE] [epoch 11/20] train_total=0.003053 val_score=1.247433 best=1.095768 P_MAE=8.3434 kPa y_iso_MAE=0.026728 T_MAE=2.8768 K y_isob_MAE=0.026625 improved=no epoch_time=25.3s total_time=305.8s
[seed 4] [stage 1/3: direct GE] [epoch 12/20] train_total=0.002929 val_score=1.225405 best=1.095768 P_MAE=8.3818 kPa y_iso_MAE=0.025464 T_MAE=2.7930 K y_isob_MAE=0.026706 improved=no epoch_time=25.8s total_time=331.6s
[seed 4] [stage 1/3: direct GE] [epoch 13/20] train_total=0.002909 val_score=1.240439 best=1.095768 P_MAE=8.5115 kPa y_iso_MAE=0.026688 T_MAE=2.7932 K y_isob_MAE=0.026401 improved=no epoch_time=25.5s total_time=357.1s
[seed 4] [stage 1/3: direct GE] [epoch 14/20] train_total=0.002970 val_score=1.238359 best=1.095768 P_MAE=8.1057 kPa y_iso_MAE=0.025498 T_MAE=2.8506 K y_isob_MAE=0.028102 improved=no epoch_time=25.5s total_time=382.6s
[seed 4] [stage 1/3: direct GE] [epoch 15/20] train_total=0.002978 val_score=1.263650 best=1.095768 P_MAE=8.6119 kPa y_iso_MAE=0.026691 T_MAE=2.9189 K y_isob_MAE=0.026785 improved=no epoch_time=26.0s total_time=408.6s
[seed 4] [stage 1/3: direct GE] [epoch 16/20] train_total=0.002999 val_score=1.308284 best=1.095768 P_MAE=9.1105 kPa y_iso_MAE=0.027349 T_MAE=3.0628 K y_isob_MAE=0.026943 improved=no epoch_time=25.2s total_time=433.8s
[seed 4] [stage 1/3: direct GE] [epoch 17/20] train_total=0.002875 val_score=1.291323 best=1.095768 P_MAE=9.0527 kPa y_iso_MAE=0.027197 T_MAE=2.8941 K y_isob_MAE=0.027598 improved=no epoch_time=25.0s total_time=458.8s
[seed 4] [stage 1/3: direct GE] [epoch 18/20] train_total=0.002956 val_score=1.250630 best=1.095768 P_MAE=8.7503 kPa y_iso_MAE=0.025888 T_MAE=2.8409 K y_isob_MAE=0.026825 improved=no epoch_time=24.9s total_time=483.7s
[seed 4] [stage 1/3: direct GE] [epoch 19/20] train_total=0.003007 val_score=1.335331 best=1.095768 P_MAE=9.2102 kPa y_iso_MAE=0.029305 T_MAE=2.9423 K y_isob_MAE=0.028391 improved=no epoch_time=25.2s total_time=508.9s
[seed 4] [stage 1/3: direct GE] [epoch 20/20] train_total=0.002836 val_score=1.276390 best=1.095768 P_MAE=9.2608 kPa y_iso_MAE=0.027303 T_MAE=2.7920 K y_isob_MAE=0.026587 improved=no epoch_time=24.5s total_time=533.4s
[seed 4] [stage 2/3: joint VLE] starting 80 epoch(s)
[seed 4] [stage 2/3: joint VLE] [epoch 1/80] train_total=0.015057 val_score=0.989194 best=0.989194 P_MAE=6.0479 kPa y_iso_MAE=0.020862 T_MAE=2.2491 K y_isob_MAE=0.023642 improved=yes epoch_time=25.7s total_time=559.1s
[seed 4] [stage 2/3: joint VLE] [epoch 2/80] train_total=0.011396 val_score=1.056224 best=0.989194 P_MAE=7.6367 kPa y_iso_MAE=0.020678 T_MAE=2.2963 K y_isob_MAE=0.024164 improved=no epoch_time=25.5s total_time=584.6s
[seed 4] [stage 2/3: joint VLE] [epoch 3/80] train_total=0.015035 val_score=1.057474 best=0.989194 P_MAE=7.5009 kPa y_iso_MAE=0.022359 T_MAE=2.2625 K y_isob_MAE=0.023397 improved=no epoch_time=26.2s total_time=610.8s
[seed 4] [stage 2/3: joint VLE] [epoch 4/80] train_total=0.013357 val_score=1.176319 best=0.989194 P_MAE=8.0460 kPa y_iso_MAE=0.025666 T_MAE=2.6618 K y_isob_MAE=0.024619 improved=no epoch_time=26.4s total_time=637.2s
[seed 4] [stage 2/3: joint VLE] [epoch 5/80] train_total=0.020565 val_score=1.171349 best=0.989194 P_MAE=6.8096 kPa y_iso_MAE=0.022867 T_MAE=2.8570 K y_isob_MAE=0.028877 improved=no epoch_time=25.5s total_time=662.8s
[seed 4] [stage 2/3: joint VLE] [epoch 6/80] train_total=0.013529 val_score=0.977526 best=0.977526 P_MAE=6.0712 kPa y_iso_MAE=0.020450 T_MAE=2.2966 K y_isob_MAE=0.022417 improved=yes epoch_time=25.5s total_time=688.3s
[seed 4] [stage 2/3: joint VLE] [epoch 7/80] train_total=0.011922 val_score=1.029130 best=0.977526 P_MAE=5.5644 kPa y_iso_MAE=0.022431 T_MAE=2.3971 K y_isob_MAE=0.025607 improved=no epoch_time=26.4s total_time=714.8s
[seed 4] [stage 2/3: joint VLE] [epoch 8/80] train_total=0.011104 val_score=1.028435 best=0.977526 P_MAE=6.4312 kPa y_iso_MAE=0.022160 T_MAE=2.3062 K y_isob_MAE=0.023991 improved=no epoch_time=25.6s total_time=740.4s
[seed 4] [stage 2/3: joint VLE] [epoch 9/80] train_total=0.010723 val_score=0.989234 best=0.977526 P_MAE=5.5793 kPa y_iso_MAE=0.020079 T_MAE=2.4323 K y_isob_MAE=0.023962 improved=no epoch_time=25.7s total_time=766.1s
[seed 4] [stage 2/3: joint VLE] [epoch 10/80] train_total=0.011184 val_score=1.041117 best=0.977526 P_MAE=6.0619 kPa y_iso_MAE=0.021586 T_MAE=2.4679 K y_isob_MAE=0.025146 improved=no epoch_time=25.0s total_time=791.1s
[seed 4] [stage 2/3: joint VLE] [epoch 11/80] train_total=0.010974 val_score=1.024705 best=0.977526 P_MAE=6.5693 kPa y_iso_MAE=0.022099 T_MAE=2.2250 K y_isob_MAE=0.024153 improved=no epoch_time=25.8s total_time=816.9s
[seed 4] [stage 2/3: joint VLE] [epoch 12/80] train_total=0.010513 val_score=0.995701 best=0.977526 P_MAE=6.0025 kPa y_iso_MAE=0.020693 T_MAE=2.3885 K y_isob_MAE=0.023026 improved=no epoch_time=25.4s total_time=842.4s
[seed 4] [stage 2/3: joint VLE] [epoch 13/80] train_total=0.011477 val_score=1.011798 best=0.977526 P_MAE=5.4900 kPa y_iso_MAE=0.019762 T_MAE=2.6697 K y_isob_MAE=0.024011 improved=no epoch_time=25.5s total_time=867.8s
[seed 4] [stage 2/3: joint VLE] [epoch 14/80] train_total=0.012424 val_score=0.955259 best=0.955259 P_MAE=5.4153 kPa y_iso_MAE=0.018908 T_MAE=2.2625 K y_isob_MAE=0.024470 improved=yes epoch_time=25.2s total_time=893.1s
[seed 4] [stage 2/3: joint VLE] [epoch 15/80] train_total=0.010179 val_score=0.998659 best=0.955259 P_MAE=6.4633 kPa y_iso_MAE=0.021003 T_MAE=2.1629 K y_isob_MAE=0.023938 improved=no epoch_time=25.1s total_time=918.2s
[seed 4] [stage 2/3: joint VLE] [epoch 16/80] train_total=0.009696 val_score=0.982641 best=0.955259 P_MAE=5.8094 kPa y_iso_MAE=0.020690 T_MAE=2.2287 K y_isob_MAE=0.024224 improved=no epoch_time=26.2s total_time=944.4s
[seed 4] [stage 2/3: joint VLE] [epoch 17/80] train_total=0.009866 val_score=0.995877 best=0.955259 P_MAE=5.8557 kPa y_iso_MAE=0.020950 T_MAE=2.3378 K y_isob_MAE=0.023813 improved=no epoch_time=26.0s total_time=970.3s
[seed 4] [stage 2/3: joint VLE] [epoch 18/80] train_total=0.010616 val_score=1.011235 best=0.955259 P_MAE=5.7853 kPa y_iso_MAE=0.021673 T_MAE=2.3618 K y_isob_MAE=0.024430 improved=no epoch_time=26.0s total_time=996.3s
[seed 4] [stage 2/3: joint VLE] [epoch 19/80] train_total=0.009800 val_score=0.955139 best=0.955139 P_MAE=6.0187 kPa y_iso_MAE=0.020600 T_MAE=2.0987 K y_isob_MAE=0.022582 improved=yes epoch_time=25.7s total_time=1022.1s
[seed 4] [stage 2/3: joint VLE] [epoch 20/80] train_total=0.009612 val_score=1.008130 best=0.955139 P_MAE=5.4429 kPa y_iso_MAE=0.022762 T_MAE=2.3380 K y_isob_MAE=0.024429 improved=no epoch_time=25.8s total_time=1047.8s
[seed 4] [stage 2/3: joint VLE] [epoch 21/80] train_total=0.009887 val_score=1.103573 best=0.955139 P_MAE=7.8870 kPa y_iso_MAE=0.021647 T_MAE=2.5266 K y_isob_MAE=0.024119 improved=no epoch_time=26.4s total_time=1074.2s
[seed 4] [stage 2/3: joint VLE] [epoch 22/80] train_total=0.010657 val_score=1.007310 best=0.955139 P_MAE=6.1234 kPa y_iso_MAE=0.020212 T_MAE=2.4331 K y_isob_MAE=0.023673 improved=no epoch_time=25.8s total_time=1100.1s
[seed 4] [stage 2/3: joint VLE] [epoch 23/80] train_total=0.009292 val_score=1.010444 best=0.955139 P_MAE=6.2604 kPa y_iso_MAE=0.019002 T_MAE=2.5637 K y_isob_MAE=0.023304 improved=no epoch_time=26.5s total_time=1126.6s
[seed 4] [stage 2/3: joint VLE] [epoch 24/80] train_total=0.009606 val_score=1.027410 best=0.955139 P_MAE=6.5896 kPa y_iso_MAE=0.022027 T_MAE=2.3488 K y_isob_MAE=0.023055 improved=no epoch_time=26.3s total_time=1152.9s
[seed 4] [stage 2/3: joint VLE] [epoch 25/80] train_total=0.009189 val_score=1.054699 best=0.955139 P_MAE=6.9821 kPa y_iso_MAE=0.020645 T_MAE=2.4177 K y_isob_MAE=0.024866 improved=no epoch_time=26.8s total_time=1179.6s
[seed 4] [stage 2/3: joint VLE] [epoch 26/80] train_total=0.010770 val_score=0.989838 best=0.955139 P_MAE=6.3445 kPa y_iso_MAE=0.021417 T_MAE=2.1777 K y_isob_MAE=0.022956 improved=no epoch_time=27.1s total_time=1206.7s
[seed 4] [stage 2/3: joint VLE] [epoch 27/80] train_total=0.009848 val_score=1.002757 best=0.955139 P_MAE=6.1112 kPa y_iso_MAE=0.018942 T_MAE=2.4354 K y_isob_MAE=0.024555 improved=no epoch_time=26.2s total_time=1232.9s
[seed 4] [stage 2/3: joint VLE] [epoch 28/80] train_total=0.009718 val_score=1.087829 best=0.955139 P_MAE=7.8824 kPa y_iso_MAE=0.021404 T_MAE=2.3640 K y_isob_MAE=0.024735 improved=no epoch_time=26.5s total_time=1259.4s
[seed 4] [stage 2/3: joint VLE] [epoch 29/80] train_total=0.010846 val_score=0.953712 best=0.953712 P_MAE=5.0152 kPa y_iso_MAE=0.019133 T_MAE=2.4038 K y_isob_MAE=0.023868 improved=yes epoch_time=27.0s total_time=1286.4s
[seed 4] [stage 2/3: joint VLE] [epoch 30/80] train_total=0.011147 val_score=0.992993 best=0.953712 P_MAE=5.4297 kPa y_iso_MAE=0.019239 T_MAE=2.5086 K y_isob_MAE=0.024798 improved=no epoch_time=27.9s total_time=1314.3s
[seed 4] [stage 2/3: joint VLE] [epoch 31/80] train_total=0.009211 val_score=0.951720 best=0.951720 P_MAE=6.2031 kPa y_iso_MAE=0.018564 T_MAE=2.2867 K y_isob_MAE=0.021678 improved=yes epoch_time=28.7s total_time=1343.1s
[seed 4] [stage 2/3: joint VLE] [epoch 32/80] train_total=0.008749 val_score=0.911539 best=0.911539 P_MAE=5.2355 kPa y_iso_MAE=0.016679 T_MAE=2.3369 K y_isob_MAE=0.022564 improved=yes epoch_time=28.4s total_time=1371.5s
[seed 4] [stage 2/3: joint VLE] [epoch 33/80] train_total=0.010957 val_score=0.997745 best=0.911539 P_MAE=6.7902 kPa y_iso_MAE=0.018049 T_MAE=2.3747 K y_isob_MAE=0.023458 improved=no epoch_time=28.0s total_time=1399.5s
[seed 4] [stage 2/3: joint VLE] [epoch 34/80] train_total=0.009510 val_score=1.050071 best=0.911539 P_MAE=7.1834 kPa y_iso_MAE=0.021517 T_MAE=2.3679 K y_isob_MAE=0.023464 improved=no epoch_time=28.7s total_time=1428.2s
[seed 4] [stage 2/3: joint VLE] [epoch 35/80] train_total=0.008866 val_score=0.936005 best=0.911539 P_MAE=5.0934 kPa y_iso_MAE=0.018146 T_MAE=2.3113 K y_isob_MAE=0.024024 improved=no epoch_time=28.7s total_time=1456.8s
[seed 4] [stage 2/3: joint VLE] [epoch 36/80] train_total=0.008591 val_score=0.993721 best=0.911539 P_MAE=6.5017 kPa y_iso_MAE=0.018903 T_MAE=2.3427 K y_isob_MAE=0.023524 improved=no epoch_time=26.6s total_time=1483.5s
[seed 4] [stage 2/3: joint VLE] [epoch 37/80] train_total=0.008794 val_score=0.917238 best=0.911539 P_MAE=5.5992 kPa y_iso_MAE=0.017519 T_MAE=2.1832 K y_isob_MAE=0.022722 improved=no epoch_time=27.2s total_time=1510.6s
[seed 4] [stage 2/3: joint VLE] [epoch 38/80] train_total=0.007838 val_score=0.976142 best=0.911539 P_MAE=5.4657 kPa y_iso_MAE=0.018774 T_MAE=2.4586 K y_isob_MAE=0.024181 improved=no epoch_time=27.2s total_time=1537.8s
[seed 4] [stage 2/3: joint VLE] [epoch 39/80] train_total=0.008768 val_score=1.100894 best=0.911539 P_MAE=6.5820 kPa y_iso_MAE=0.022217 T_MAE=2.5170 K y_isob_MAE=0.027649 improved=no epoch_time=27.7s total_time=1565.5s
[seed 4] [stage 2/3: joint VLE] [epoch 40/80] train_total=0.009610 val_score=0.974495 best=0.911539 P_MAE=5.2311 kPa y_iso_MAE=0.019192 T_MAE=2.5703 K y_isob_MAE=0.023161 improved=no epoch_time=28.4s total_time=1593.9s
[seed 4] [stage 2/3: joint VLE] [epoch 41/80] train_total=0.007541 val_score=0.976224 best=0.911539 P_MAE=5.7232 kPa y_iso_MAE=0.019412 T_MAE=2.3264 K y_isob_MAE=0.024149 improved=no epoch_time=27.0s total_time=1620.9s
[seed 4] [stage 2/3: joint VLE] [epoch 42/80] train_total=0.009234 val_score=0.982660 best=0.911539 P_MAE=6.2516 kPa y_iso_MAE=0.019848 T_MAE=2.2611 K y_isob_MAE=0.023283 improved=no epoch_time=26.8s total_time=1647.7s
[seed 4] [stage 2/3: joint VLE] [epoch 43/80] train_total=0.009308 val_score=1.080791 best=0.911539 P_MAE=8.2276 kPa y_iso_MAE=0.019726 T_MAE=2.4800 K y_isob_MAE=0.023407 improved=no epoch_time=26.7s total_time=1674.4s
[seed 4] [stage 2/3: joint VLE] [epoch 44/80] train_total=0.008292 val_score=0.972250 best=0.911539 P_MAE=5.9168 kPa y_iso_MAE=0.019916 T_MAE=2.2801 K y_isob_MAE=0.023161 improved=no epoch_time=26.3s total_time=1700.6s
{"direct_ge_parameter_summary": {"stage1_trainable_parameters": 1600129, "stage2_trainable_parameters": 1637571, "stage3": {"groups": [{"learning_rate": 2e-05, "name": "pair_potential", "parameter_count": 110977, "parameter_names": ["pair_potential.0.weight", "pair_potential.0.bias", "pair_potential.2.weight", "pair_potential.2.bias"]}, {"learning_rate": 1e-05, "name": "vapor_pressure", "parameter_count": 37442, "parameter_names": ["vapor_pressure.parameter_head.0.weight", "vapor_pressure.parameter_head.0.bias", "vapor_pressure.parameter_head.2.weight", "vapor_pressure.parameter_head.2.bias"]}, {"learning_rate": 5e-06, "name": "film", "parameter_count": 111744, "parameter_names": ["film.0.weight", "film.0.bias", "film.2.weight", "film.2.bias"]}, {"learning_rate": 5e-06, "name": "mixture_token", "parameter_count": 192, "parameter_names": ["mixture_token"]}], "total_parameters": 1637571, "trainable_fraction": 0.1589885262990124, "trainable_parameters": 260355}, "total_parameters": 1637571, "trainable_fraction": 0.1589885262990124, "trainable_parameters": 260355}}
[seed 4] [stage 3/3: fugacity] starting 10 epoch(s)
[seed 4] [stage 3/3: fugacity] [epoch 1/10] train_total=0.007743 val_score=0.909121 best=0.909121 P_MAE=5.1063 kPa y_iso_MAE=0.017441 T_MAE=2.2921 K y_isob_MAE=0.022489 improved=yes epoch_time=26.6s total_time=1727.2s
[seed 4] [stage 3/3: fugacity] [epoch 2/10] train_total=0.007053 val_score=0.913745 best=0.909121 P_MAE=5.1314 kPa y_iso_MAE=0.017592 T_MAE=2.2940 K y_isob_MAE=0.022650 improved=no epoch_time=28.2s total_time=1755.5s
[seed 4] [stage 3/3: fugacity] [epoch 3/10] train_total=0.006747 val_score=0.910090 best=0.909121 P_MAE=5.1274 kPa y_iso_MAE=0.017523 T_MAE=2.2435 K y_isob_MAE=0.022953 improved=no epoch_time=27.3s total_time=1782.8s
[seed 4] [stage 3/3: fugacity] [epoch 4/10] train_total=0.006570 val_score=0.914227 best=0.909121 P_MAE=5.1551 kPa y_iso_MAE=0.017517 T_MAE=2.2796 K y_isob_MAE=0.022848 improved=no epoch_time=27.1s total_time=1810.0s
[seed 4] [stage 3/3: fugacity] [epoch 5/10] train_total=0.006563 val_score=0.916782 best=0.909121 P_MAE=5.1508 kPa y_iso_MAE=0.017469 T_MAE=2.2960 K y_isob_MAE=0.022961 improved=no epoch_time=26.6s total_time=1836.6s
[seed 4] [stage 3/3: fugacity] [epoch 6/10] train_total=0.006220 val_score=0.908883 best=0.908883 P_MAE=5.1299 kPa y_iso_MAE=0.017321 T_MAE=2.2564 K y_isob_MAE=0.022899 improved=yes epoch_time=26.7s total_time=1863.3s
[seed 4] [stage 3/3: fugacity] [epoch 7/10] train_total=0.006948 val_score=0.920217 best=0.908883 P_MAE=5.1837 kPa y_iso_MAE=0.017432 T_MAE=2.3116 K y_isob_MAE=0.023029 improved=no epoch_time=26.2s total_time=1889.5s
[seed 4] [stage 3/3: fugacity] [epoch 8/10] train_total=0.006266 val_score=0.917268 best=0.908883 P_MAE=5.1579 kPa y_iso_MAE=0.017331 T_MAE=2.3032 K y_isob_MAE=0.023042 improved=no epoch_time=26.4s total_time=1915.9s
[seed 4] [stage 3/3: fugacity] [epoch 9/10] train_total=0.006069 val_score=0.910441 best=0.908883 P_MAE=5.1246 kPa y_iso_MAE=0.017165 T_MAE=2.2729 K y_isob_MAE=0.023032 improved=no epoch_time=26.4s total_time=1942.3s
[seed 4] [stage 3/3: fugacity] [epoch 10/10] train_total=0.006179 val_score=0.906908 best=0.906908 P_MAE=5.1847 kPa y_iso_MAE=0.017194 T_MAE=2.2239 K y_isob_MAE=0.023026 improved=yes epoch_time=26.1s total_time=1968.4s
{"variant": "v1_rdkit_only", "seed": 4, "status": "completed", "selected_stage": "stage3", "stage0_source": "generated"}
{"variant": "v1_rdkit_only", "status": "aggregated", "aggregate_manifest": "D:\\VLE\\VLE\\.vle_ablation_release_worktree\\results\\benchmarks\\vle\\ablation\\joint\\formal\\three_stage\\v1_rdkit_only.on.vle_overall_binary_ternary\\aggregate_manifest.json"}
