[stage experimental] starting 80 epoch(s)
[stage experimental] [epoch 1/80] train_total=0.805821 val_total=0.121268 best=0.121268 improved=yes epoch_time=2.0s total_time=2.0s
[stage experimental] [epoch 2/80] train_total=0.138205 val_total=0.053513 best=0.053513 improved=yes epoch_time=1.7s total_time=3.7s
[stage experimental] [epoch 3/80] train_total=0.093218 val_total=0.064153 best=0.053513 improved=no epoch_time=1.7s total_time=5.4s
[stage experimental] [epoch 4/80] train_total=0.066788 val_total=0.058880 best=0.053513 improved=no epoch_time=1.7s total_time=7.1s
[stage experimental] [epoch 5/80] train_total=0.061086 val_total=0.063618 best=0.053513 improved=no epoch_time=1.7s total_time=8.9s
[stage experimental] [epoch 6/80] train_total=0.045206 val_total=0.066152 best=0.053513 improved=no epoch_time=1.7s total_time=10.6s
[stage experimental] [epoch 7/80] train_total=0.038580 val_total=0.057731 best=0.053513 improved=no epoch_time=1.7s total_time=12.3s
[stage experimental] [epoch 8/80] train_total=0.040117 val_total=0.052284 best=0.052284 improved=yes epoch_time=1.7s total_time=14.0s
[stage experimental] [epoch 9/80] train_total=0.033594 val_total=0.063535 best=0.052284 improved=no epoch_time=1.7s total_time=15.8s
[stage experimental] [epoch 10/80] train_total=0.034197 val_total=0.057088 best=0.052284 improved=no epoch_time=1.7s total_time=17.5s
[stage experimental] [epoch 11/80] train_total=0.040936 val_total=0.057373 best=0.052284 improved=no epoch_time=1.7s total_time=19.2s
[stage experimental] [epoch 12/80] train_total=0.037829 val_total=0.043531 best=0.043531 improved=yes epoch_time=1.7s total_time=20.8s
[stage experimental] [epoch 13/80] train_total=0.036436 val_total=0.042459 best=0.042459 improved=yes epoch_time=1.7s total_time=22.6s
[stage experimental] [epoch 14/80] train_total=0.038467 val_total=0.048834 best=0.042459 improved=no epoch_time=1.7s total_time=24.3s
[stage experimental] [epoch 15/80] train_total=0.032100 val_total=0.044229 best=0.042459 improved=no epoch_time=1.7s total_time=26.0s
[stage experimental] [epoch 16/80] train_total=0.034982 val_total=0.054878 best=0.042459 improved=no epoch_time=1.7s total_time=27.7s
[stage experimental] [epoch 17/80] train_total=0.029041 val_total=0.040835 best=0.040835 improved=yes epoch_time=1.8s total_time=29.5s
[stage experimental] [epoch 18/80] train_total=0.023862 val_total=0.049743 best=0.040835 improved=no epoch_time=1.7s total_time=31.2s
[stage experimental] [epoch 19/80] train_total=0.028966 val_total=0.048602 best=0.040835 improved=no epoch_time=1.7s total_time=32.9s
[stage experimental] [epoch 20/80] train_total=0.025490 val_total=0.043647 best=0.040835 improved=no epoch_time=1.7s total_time=34.6s
[stage experimental] [epoch 21/80] train_total=0.027980 val_total=0.047972 best=0.040835 improved=no epoch_time=1.7s total_time=36.4s
[stage experimental] [epoch 22/80] train_total=0.028880 val_total=0.043828 best=0.040835 improved=no epoch_time=1.7s total_time=38.1s
[stage experimental] [epoch 23/80] train_total=0.025693 val_total=0.039991 best=0.039991 improved=yes epoch_time=1.7s total_time=39.8s
[stage experimental] [epoch 24/80] train_total=0.023274 val_total=0.042089 best=0.039991 improved=no epoch_time=1.7s total_time=41.5s
[stage experimental] [epoch 25/80] train_total=0.026976 val_total=0.036617 best=0.036617 improved=yes epoch_time=1.7s total_time=43.3s
[stage experimental] [epoch 26/80] train_total=0.024730 val_total=0.039462 best=0.036617 improved=no epoch_time=1.7s total_time=45.0s
[stage experimental] [epoch 27/80] train_total=0.021977 val_total=0.039541 best=0.036617 improved=no epoch_time=1.7s total_time=46.7s
[stage experimental] [epoch 28/80] train_total=0.022430 val_total=0.036497 best=0.036497 improved=yes epoch_time=1.7s total_time=48.5s
[stage experimental] [epoch 29/80] train_total=0.019518 val_total=0.036322 best=0.036322 improved=yes epoch_time=1.7s total_time=50.2s
[stage experimental] [epoch 30/80] train_total=0.022927 val_total=0.032462 best=0.032462 improved=yes epoch_time=1.8s total_time=52.0s
[stage experimental] [epoch 31/80] train_total=0.019613 val_total=0.038728 best=0.032462 improved=no epoch_time=1.7s total_time=53.7s
[stage experimental] [epoch 32/80] train_total=0.017121 val_total=0.029619 best=0.029619 improved=yes epoch_time=1.7s total_time=55.4s
[stage experimental] [epoch 33/80] train_total=0.017776 val_total=0.028160 best=0.028160 improved=yes epoch_time=1.7s total_time=57.0s
[stage experimental] [epoch 34/80] train_total=0.018520 val_total=0.048763 best=0.028160 improved=no epoch_time=1.7s total_time=58.8s
[stage experimental] [epoch 35/80] train_total=0.017651 val_total=0.032688 best=0.028160 improved=no epoch_time=1.7s total_time=60.5s
[stage experimental] [epoch 36/80] train_total=0.016448 val_total=0.033876 best=0.028160 improved=no epoch_time=1.7s total_time=62.1s
[stage experimental] [epoch 37/80] train_total=0.016575 val_total=0.031157 best=0.028160 improved=no epoch_time=1.7s total_time=63.8s
[stage experimental] [epoch 38/80] train_total=0.017197 val_total=0.032273 best=0.028160 improved=no epoch_time=1.7s total_time=65.5s
[stage experimental] [epoch 39/80] train_total=0.014304 val_total=0.030006 best=0.028160 improved=no epoch_time=1.7s total_time=67.2s
[stage experimental] [epoch 40/80] train_total=0.014618 val_total=0.029496 best=0.028160 improved=no epoch_time=1.7s total_time=68.9s
[stage experimental] [epoch 41/80] train_total=0.017456 val_total=0.035583 best=0.028160 improved=no epoch_time=1.7s total_time=70.6s
[stage experimental] [epoch 42/80] train_total=0.015274 val_total=0.031515 best=0.028160 improved=no epoch_time=1.7s total_time=72.3s
[stage experimental] [epoch 43/80] train_total=0.013627 val_total=0.026238 best=0.026238 improved=yes epoch_time=1.7s total_time=74.0s
[stage experimental] [epoch 44/80] train_total=0.013582 val_total=0.024238 best=0.024238 improved=yes epoch_time=1.7s total_time=75.7s
[stage experimental] [epoch 45/80] train_total=0.013874 val_total=0.031268 best=0.024238 improved=no epoch_time=1.6s total_time=77.3s
[stage experimental] [epoch 46/80] train_total=0.012648 val_total=0.026587 best=0.024238 improved=no epoch_time=1.7s total_time=79.0s
[stage experimental] [epoch 47/80] train_total=0.011473 val_total=0.022788 best=0.022788 improved=yes epoch_time=1.7s total_time=80.8s
[stage experimental] [epoch 48/80] train_total=0.011068 val_total=0.025425 best=0.022788 improved=no epoch_time=1.8s total_time=82.6s
[stage experimental] [epoch 49/80] train_total=0.011773 val_total=0.025088 best=0.022788 improved=no epoch_time=1.8s total_time=84.4s
[stage experimental] [epoch 50/80] train_total=0.013878 val_total=0.021645 best=0.021645 improved=yes epoch_time=1.8s total_time=86.3s
[stage experimental] [epoch 51/80] train_total=0.010913 val_total=0.022868 best=0.021645 improved=no epoch_time=1.8s total_time=88.1s
[stage experimental] [epoch 52/80] train_total=0.009951 val_total=0.023209 best=0.021645 improved=no epoch_time=1.9s total_time=90.0s
[stage experimental] [epoch 53/80] train_total=0.011949 val_total=0.024535 best=0.021645 improved=no epoch_time=1.8s total_time=91.8s
[stage experimental] [epoch 54/80] train_total=0.011426 val_total=0.021520 best=0.021520 improved=yes epoch_time=1.8s total_time=93.6s
[stage experimental] [epoch 55/80] train_total=0.009761 val_total=0.020657 best=0.020657 improved=yes epoch_time=1.8s total_time=95.4s
[stage experimental] [epoch 56/80] train_total=0.009202 val_total=0.024472 best=0.020657 improved=no epoch_time=1.8s total_time=97.3s
[stage experimental] [epoch 57/80] train_total=0.010455 val_total=0.022870 best=0.020657 improved=no epoch_time=1.8s total_time=99.1s
[stage experimental] [epoch 58/80] train_total=0.009632 val_total=0.021701 best=0.020657 improved=no epoch_time=1.9s total_time=101.0s
[stage experimental] [epoch 59/80] train_total=0.010386 val_total=0.020761 best=0.020657 improved=no epoch_time=1.5s total_time=102.5s
[stage experimental] [epoch 60/80] train_total=0.010925 val_total=0.023163 best=0.020657 improved=no epoch_time=1.4s total_time=103.9s
[stage experimental] [epoch 61/80] train_total=0.008540 val_total=0.020249 best=0.020249 improved=yes epoch_time=1.4s total_time=105.3s
[stage experimental] [epoch 62/80] train_total=0.009451 val_total=0.020163 best=0.020163 improved=yes epoch_time=1.7s total_time=107.0s
[stage experimental] [epoch 63/80] train_total=0.008725 val_total=0.020980 best=0.020163 improved=no epoch_time=1.7s total_time=108.8s
[stage experimental] [epoch 64/80] train_total=0.009211 val_total=0.017908 best=0.017908 improved=yes epoch_time=1.7s total_time=110.5s
[stage experimental] [epoch 65/80] train_total=0.009647 val_total=0.019972 best=0.017908 improved=no epoch_time=1.7s total_time=112.3s
[stage experimental] [epoch 66/80] train_total=0.011064 val_total=0.017986 best=0.017908 improved=no epoch_time=1.7s total_time=113.9s
[stage experimental] [epoch 67/80] train_total=0.009383 val_total=0.020108 best=0.017908 improved=no epoch_time=1.7s total_time=115.7s
[stage experimental] [epoch 68/80] train_total=0.010614 val_total=0.021535 best=0.017908 improved=no epoch_time=1.7s total_time=117.4s
[stage experimental] [epoch 69/80] train_total=0.011713 val_total=0.019070 best=0.017908 improved=no epoch_time=1.7s total_time=119.1s
[stage experimental] [epoch 70/80] train_total=0.007900 val_total=0.018564 best=0.017908 improved=no epoch_time=1.7s total_time=120.9s
[stage experimental] [epoch 71/80] train_total=0.011051 val_total=0.019369 best=0.017908 improved=no epoch_time=1.7s total_time=122.6s
[stage experimental] [epoch 72/80] train_total=0.008804 val_total=0.018610 best=0.017908 improved=no epoch_time=1.7s total_time=124.4s
[stage experimental] [epoch 73/80] train_total=0.009032 val_total=0.018279 best=0.017908 improved=no epoch_time=1.7s total_time=126.1s
[stage experimental] [epoch 74/80] train_total=0.007984 val_total=0.018260 best=0.017908 improved=no epoch_time=1.6s total_time=127.7s
[stage experimental] [epoch 75/80] train_total=0.010117 val_total=0.022829 best=0.017908 improved=no epoch_time=1.8s total_time=129.5s
[stage experimental] [epoch 76/80] train_total=0.010656 val_total=0.020204 best=0.017908 improved=no epoch_time=1.7s total_time=131.3s
[stage experimental] early stopping at epoch 76; best_validation=0.017908
[seed 4] [stage 1/3: direct GE] starting 20 epoch(s)
[seed 4] [stage 1/3: direct GE] [epoch 1/20] train_total=0.004471 val_score=1.047018 best=1.047018 P_MAE=8.3549 kPa y_iso_MAE=0.024644 T_MAE=2.4608 K y_isob_MAE=0.025640 improved=yes epoch_time=25.3s total_time=48.2s
[seed 4] [stage 1/3: direct GE] [epoch 2/20] train_total=0.003780 val_score=1.049826 best=1.047018 P_MAE=7.8479 kPa y_iso_MAE=0.025097 T_MAE=2.4346 K y_isob_MAE=0.027445 improved=no epoch_time=25.3s total_time=73.5s
[seed 4] [stage 1/3: direct GE] [epoch 3/20] train_total=0.003890 val_score=1.148263 best=1.047018 P_MAE=8.2935 kPa y_iso_MAE=0.025511 T_MAE=2.6733 K y_isob_MAE=0.032699 improved=no epoch_time=25.3s total_time=98.9s
[seed 4] [stage 1/3: direct GE] [epoch 4/20] train_total=0.003507 val_score=1.067676 best=1.047018 P_MAE=8.2082 kPa y_iso_MAE=0.027083 T_MAE=2.4608 K y_isob_MAE=0.025848 improved=no epoch_time=25.7s total_time=124.6s
[seed 4] [stage 1/3: direct GE] [epoch 5/20] train_total=0.003628 val_score=1.088612 best=1.047018 P_MAE=8.2543 kPa y_iso_MAE=0.025181 T_MAE=2.6274 K y_isob_MAE=0.027806 improved=no epoch_time=25.2s total_time=149.7s
[seed 4] [stage 1/3: direct GE] [epoch 6/20] train_total=0.003527 val_score=1.068219 best=1.047018 P_MAE=8.8559 kPa y_iso_MAE=0.024818 T_MAE=2.4834 K y_isob_MAE=0.025640 improved=no epoch_time=26.2s total_time=175.9s
[seed 4] [stage 1/3: direct GE] [epoch 7/20] train_total=0.003403 val_score=1.097297 best=1.047018 P_MAE=8.0397 kPa y_iso_MAE=0.025579 T_MAE=2.6758 K y_isob_MAE=0.028493 improved=no epoch_time=26.4s total_time=202.3s
[seed 4] [stage 1/3: direct GE] [epoch 8/20] train_total=0.003599 val_score=1.236561 best=1.047018 P_MAE=10.2637 kPa y_iso_MAE=0.029293 T_MAE=2.7428 K y_isob_MAE=0.030468 improved=no epoch_time=26.1s total_time=228.5s
[seed 4] [stage 1/3: direct GE] [epoch 9/20] train_total=0.003512 val_score=1.163400 best=1.047018 P_MAE=9.1786 kPa y_iso_MAE=0.025575 T_MAE=2.7734 K y_isob_MAE=0.030136 improved=no epoch_time=26.3s total_time=254.8s
[seed 4] [stage 1/3: direct GE] [epoch 10/20] train_total=0.003179 val_score=1.129024 best=1.047018 P_MAE=8.4124 kPa y_iso_MAE=0.026850 T_MAE=2.7091 K y_isob_MAE=0.028804 improved=no epoch_time=24.8s total_time=279.6s
[seed 4] [stage 1/3: direct GE] [epoch 11/20] train_total=0.003279 val_score=1.154261 best=1.047018 P_MAE=8.8016 kPa y_iso_MAE=0.027955 T_MAE=2.7463 K y_isob_MAE=0.028545 improved=no epoch_time=24.6s total_time=304.3s
[seed 4] [stage 1/3: direct GE] [epoch 12/20] train_total=0.003187 val_score=1.093210 best=1.047018 P_MAE=7.7822 kPa y_iso_MAE=0.023551 T_MAE=2.7490 K y_isob_MAE=0.030106 improved=no epoch_time=24.6s total_time=328.8s
[seed 4] [stage 1/3: direct GE] [epoch 13/20] train_total=0.003066 val_score=1.139509 best=1.047018 P_MAE=8.2027 kPa y_iso_MAE=0.024978 T_MAE=2.9324 K y_isob_MAE=0.029985 improved=no epoch_time=24.9s total_time=353.8s
[seed 4] [stage 1/3: direct GE] [epoch 14/20] train_total=0.003080 val_score=1.075082 best=1.047018 P_MAE=7.9926 kPa y_iso_MAE=0.021103 T_MAE=2.8384 K y_isob_MAE=0.029021 improved=no epoch_time=24.6s total_time=378.4s
[seed 4] [stage 1/3: direct GE] [epoch 15/20] train_total=0.003080 val_score=1.133520 best=1.047018 P_MAE=8.2973 kPa y_iso_MAE=0.025142 T_MAE=2.8569 K y_isob_MAE=0.029710 improved=no epoch_time=24.8s total_time=403.2s
[seed 4] [stage 1/3: direct GE] [epoch 16/20] train_total=0.003037 val_score=1.157803 best=1.047018 P_MAE=8.8359 kPa y_iso_MAE=0.025287 T_MAE=2.9404 K y_isob_MAE=0.029286 improved=no epoch_time=25.0s total_time=428.2s
[seed 4] [stage 1/3: direct GE] [epoch 17/20] train_total=0.003030 val_score=1.177769 best=1.047018 P_MAE=8.5740 kPa y_iso_MAE=0.025799 T_MAE=2.8902 K y_isob_MAE=0.032137 improved=no epoch_time=25.0s total_time=453.2s
[seed 4] [stage 1/3: direct GE] [epoch 18/20] train_total=0.003063 val_score=1.199152 best=1.047018 P_MAE=8.4650 kPa y_iso_MAE=0.026821 T_MAE=2.9787 K y_isob_MAE=0.032711 improved=no epoch_time=25.4s total_time=478.6s
[seed 4] [stage 1/3: direct GE] [epoch 19/20] train_total=0.003131 val_score=1.258999 best=1.047018 P_MAE=8.6245 kPa y_iso_MAE=0.024504 T_MAE=3.3185 K y_isob_MAE=0.036687 improved=no epoch_time=25.2s total_time=503.8s
[seed 4] [stage 1/3: direct GE] [epoch 20/20] train_total=0.002977 val_score=1.146969 best=1.047018 P_MAE=8.5956 kPa y_iso_MAE=0.027941 T_MAE=2.6332 K y_isob_MAE=0.029696 improved=no epoch_time=24.8s total_time=528.6s
[seed 4] [stage 2/3: joint VLE] starting 80 epoch(s)
[seed 4] [stage 2/3: joint VLE] [epoch 1/80] train_total=0.018156 val_score=1.093741 best=1.093741 P_MAE=7.8075 kPa y_iso_MAE=0.025803 T_MAE=2.8591 K y_isob_MAE=0.026825 improved=yes epoch_time=25.9s total_time=554.5s
[seed 4] [stage 2/3: joint VLE] [epoch 2/80] train_total=0.015492 val_score=1.151224 best=1.093741 P_MAE=10.5642 kPa y_iso_MAE=0.025548 T_MAE=2.5519 K y_isob_MAE=0.026641 improved=no epoch_time=25.5s total_time=580.0s
[seed 4] [stage 2/3: joint VLE] [epoch 3/80] train_total=0.016151 val_score=1.166327 best=1.093741 P_MAE=8.3911 kPa y_iso_MAE=0.028058 T_MAE=3.0132 K y_isob_MAE=0.028244 improved=no epoch_time=25.7s total_time=605.7s
[seed 4] [stage 2/3: joint VLE] [epoch 4/80] train_total=0.014339 val_score=1.003269 best=1.003269 P_MAE=8.5607 kPa y_iso_MAE=0.026364 T_MAE=2.2685 K y_isob_MAE=0.021058 improved=yes epoch_time=25.4s total_time=631.1s
[seed 4] [stage 2/3: joint VLE] [epoch 5/80] train_total=0.016202 val_score=1.016092 best=1.003269 P_MAE=8.5041 kPa y_iso_MAE=0.023255 T_MAE=2.2652 K y_isob_MAE=0.025448 improved=no epoch_time=25.9s total_time=657.0s
[seed 4] [stage 2/3: joint VLE] [epoch 6/80] train_total=0.014737 val_score=1.088931 best=1.003269 P_MAE=8.8484 kPa y_iso_MAE=0.026431 T_MAE=2.7705 K y_isob_MAE=0.023212 improved=no epoch_time=25.7s total_time=682.7s
[seed 4] [stage 2/3: joint VLE] [epoch 7/80] train_total=0.013885 val_score=1.011490 best=1.003269 P_MAE=7.0093 kPa y_iso_MAE=0.024926 T_MAE=2.5065 K y_isob_MAE=0.025927 improved=no epoch_time=26.1s total_time=708.8s
[seed 4] [stage 2/3: joint VLE] [epoch 8/80] train_total=0.015206 val_score=0.977606 best=0.977606 P_MAE=6.9996 kPa y_iso_MAE=0.024038 T_MAE=2.4142 K y_isob_MAE=0.024444 improved=yes epoch_time=25.5s total_time=734.3s
[seed 4] [stage 2/3: joint VLE] [epoch 9/80] train_total=0.011862 val_score=1.042477 best=0.977606 P_MAE=7.1935 kPa y_iso_MAE=0.024355 T_MAE=2.6679 K y_isob_MAE=0.027205 improved=no epoch_time=26.0s total_time=760.3s
[seed 4] [stage 2/3: joint VLE] [epoch 10/80] train_total=0.011987 val_score=1.089549 best=0.977606 P_MAE=9.2887 kPa y_iso_MAE=0.024689 T_MAE=2.6523 K y_isob_MAE=0.024658 improved=no epoch_time=25.8s total_time=786.1s
[seed 4] [stage 2/3: joint VLE] [epoch 11/80] train_total=0.013196 val_score=1.122313 best=0.977606 P_MAE=8.5502 kPa y_iso_MAE=0.026766 T_MAE=2.6933 K y_isob_MAE=0.027934 improved=no epoch_time=26.7s total_time=812.8s
[seed 4] [stage 2/3: joint VLE] [epoch 12/80] train_total=0.011250 val_score=0.950247 best=0.950247 P_MAE=7.1709 kPa y_iso_MAE=0.023460 T_MAE=2.2911 K y_isob_MAE=0.023019 improved=yes epoch_time=26.6s total_time=839.4s
[seed 4] [stage 2/3: joint VLE] [epoch 13/80] train_total=0.012874 val_score=1.008636 best=0.950247 P_MAE=6.9655 kPa y_iso_MAE=0.023915 T_MAE=2.7993 K y_isob_MAE=0.023732 improved=no epoch_time=26.2s total_time=865.6s
[seed 4] [stage 2/3: joint VLE] [epoch 14/80] train_total=0.012321 val_score=1.053076 best=0.950247 P_MAE=7.6096 kPa y_iso_MAE=0.024414 T_MAE=2.6699 K y_isob_MAE=0.026776 improved=no epoch_time=25.5s total_time=891.1s
[seed 4] [stage 2/3: joint VLE] [epoch 15/80] train_total=0.011938 val_score=1.048838 best=0.950247 P_MAE=8.4931 kPa y_iso_MAE=0.025279 T_MAE=2.3983 K y_isob_MAE=0.025402 improved=no epoch_time=26.4s total_time=917.5s
[seed 4] [stage 2/3: joint VLE] [epoch 16/80] train_total=0.011635 val_score=1.082347 best=0.950247 P_MAE=7.8596 kPa y_iso_MAE=0.023389 T_MAE=3.0557 K y_isob_MAE=0.025788 improved=no epoch_time=26.1s total_time=943.6s
[seed 4] [stage 2/3: joint VLE] [epoch 17/80] train_total=0.011853 val_score=1.060902 best=0.950247 P_MAE=7.8771 kPa y_iso_MAE=0.026994 T_MAE=2.7142 K y_isob_MAE=0.023768 improved=no epoch_time=26.9s total_time=970.5s
[seed 4] [stage 2/3: joint VLE] [epoch 18/80] train_total=0.012498 val_score=1.048293 best=0.950247 P_MAE=7.4685 kPa y_iso_MAE=0.026820 T_MAE=2.6872 K y_isob_MAE=0.024342 improved=no epoch_time=26.5s total_time=997.0s
[seed 4] [stage 2/3: joint VLE] [epoch 19/80] train_total=0.013518 val_score=0.964520 best=0.950247 P_MAE=7.3022 kPa y_iso_MAE=0.025428 T_MAE=2.2143 K y_isob_MAE=0.022913 improved=no epoch_time=26.4s total_time=1023.3s
[seed 4] [stage 2/3: joint VLE] [epoch 20/80] train_total=0.011047 val_score=1.063832 best=0.950247 P_MAE=7.9919 kPa y_iso_MAE=0.025606 T_MAE=2.5595 K y_isob_MAE=0.026566 improved=no epoch_time=26.3s total_time=1049.6s
[seed 4] [stage 2/3: joint VLE] [epoch 21/80] train_total=0.013354 val_score=1.087167 best=0.950247 P_MAE=8.2691 kPa y_iso_MAE=0.028413 T_MAE=2.5951 K y_isob_MAE=0.024911 improved=no epoch_time=26.5s total_time=1076.1s
[seed 4] [stage 2/3: joint VLE] [epoch 22/80] train_total=0.011597 val_score=0.986796 best=0.950247 P_MAE=7.4568 kPa y_iso_MAE=0.023994 T_MAE=2.4249 K y_isob_MAE=0.023748 improved=no epoch_time=26.5s total_time=1102.6s
[seed 4] [stage 2/3: joint VLE] [epoch 23/80] train_total=0.011270 val_score=1.180765 best=0.950247 P_MAE=10.5507 kPa y_iso_MAE=0.026680 T_MAE=2.9484 K y_isob_MAE=0.024420 improved=no epoch_time=26.3s total_time=1128.9s
[seed 4] [stage 2/3: joint VLE] [epoch 24/80] train_total=0.014878 val_score=1.099584 best=0.950247 P_MAE=9.0599 kPa y_iso_MAE=0.027698 T_MAE=2.5241 K y_isob_MAE=0.024889 improved=no epoch_time=26.0s total_time=1154.9s
{"direct_ge_parameter_summary": {"stage1_trainable_parameters": 1897345, "stage2_trainable_parameters": 1934787, "stage3": {"groups": [{"learning_rate": 2e-05, "name": "pair_potential", "parameter_count": 110977, "parameter_names": ["pair_potential.0.weight", "pair_potential.0.bias", "pair_potential.2.weight", "pair_potential.2.bias"]}, {"learning_rate": 1e-05, "name": "vapor_pressure", "parameter_count": 37442, "parameter_names": ["vapor_pressure.parameter_head.0.weight", "vapor_pressure.parameter_head.0.bias", "vapor_pressure.parameter_head.2.weight", "vapor_pressure.parameter_head.2.bias"]}, {"learning_rate": 5e-06, "name": "film", "parameter_count": 111744, "parameter_names": ["film.0.weight", "film.0.bias", "film.2.weight", "film.2.bias"]}, {"learning_rate": 5e-06, "name": "mixture_token", "parameter_count": 192, "parameter_names": ["mixture_token"]}], "total_parameters": 1934787, "trainable_fraction": 0.13456520020033214, "trainable_parameters": 260355}, "total_parameters": 1934787, "trainable_fraction": 0.13456520020033214, "trainable_parameters": 260355}}
[seed 4] [stage 3/3: fugacity] starting 10 epoch(s)
[seed 4] [stage 3/3: fugacity] [epoch 1/10] train_total=0.008602 val_score=0.933733 best=0.933733 P_MAE=7.1589 kPa y_iso_MAE=0.023545 T_MAE=2.1666 K y_isob_MAE=0.022653 improved=yes epoch_time=26.2s total_time=1181.2s
[seed 4] [stage 3/3: fugacity] [epoch 2/10] train_total=0.008093 val_score=0.944621 best=0.933733 P_MAE=7.3441 kPa y_iso_MAE=0.023751 T_MAE=2.1837 K y_isob_MAE=0.022727 improved=no epoch_time=26.4s total_time=1207.6s
[seed 4] [stage 3/3: fugacity] [epoch 3/10] train_total=0.008209 val_score=0.950332 best=0.933733 P_MAE=7.3713 kPa y_iso_MAE=0.023858 T_MAE=2.1988 K y_isob_MAE=0.022936 improved=no epoch_time=26.4s total_time=1234.0s
[seed 4] [stage 3/3: fugacity] [epoch 4/10] train_total=0.007903 val_score=0.949746 best=0.933733 P_MAE=7.3728 kPa y_iso_MAE=0.023762 T_MAE=2.2049 K y_isob_MAE=0.022902 improved=no epoch_time=26.1s total_time=1260.1s
[seed 4] [stage 3/3: fugacity] [epoch 5/10] train_total=0.007581 val_score=0.951424 best=0.933733 P_MAE=7.3841 kPa y_iso_MAE=0.023769 T_MAE=2.2132 K y_isob_MAE=0.022936 improved=no epoch_time=26.3s total_time=1286.4s
[seed 4] [stage 3/3: fugacity] [epoch 6/10] train_total=0.007656 val_score=0.948375 best=0.933733 P_MAE=7.3970 kPa y_iso_MAE=0.023744 T_MAE=2.1816 K y_isob_MAE=0.022943 improved=no epoch_time=26.2s total_time=1312.6s
[seed 4] [stage 3/3: fugacity] [epoch 7/10] train_total=0.007497 val_score=0.957601 best=0.933733 P_MAE=7.4690 kPa y_iso_MAE=0.023919 T_MAE=2.2289 K y_isob_MAE=0.022952 improved=no epoch_time=26.4s total_time=1339.0s
[seed 4] [stage 3/3: fugacity] [epoch 8/10] train_total=0.007594 val_score=0.953818 best=0.933733 P_MAE=7.4180 kPa y_iso_MAE=0.023768 T_MAE=2.2320 K y_isob_MAE=0.022862 improved=no epoch_time=26.4s total_time=1365.4s
[seed 4] [stage 3/3: fugacity] [epoch 9/10] train_total=0.007839 val_score=0.960268 best=0.933733 P_MAE=7.4696 kPa y_iso_MAE=0.023906 T_MAE=2.2510 K y_isob_MAE=0.022994 improved=no epoch_time=26.1s total_time=1391.5s
[seed 4] [stage 3/3: fugacity] [epoch 10/10] train_total=0.007266 val_score=0.957199 best=0.933733 P_MAE=7.4545 kPa y_iso_MAE=0.023808 T_MAE=2.2264 K y_isob_MAE=0.023091 improved=no epoch_time=26.0s total_time=1417.5s
{"variant": "v4_rdkit_unimol_naive", "seed": 4, "status": "completed", "selected_stage": "stage3", "stage0_source": "generated"}
[stage experimental] starting 80 epoch(s)
[stage experimental] [epoch 1/80] train_total=0.804524 val_total=0.073682 best=0.073682 improved=yes epoch_time=3.0s total_time=3.0s
[stage experimental] [epoch 2/80] train_total=0.119665 val_total=0.041611 best=0.041611 improved=yes epoch_time=2.9s total_time=5.9s
[stage experimental] [epoch 3/80] train_total=0.069144 val_total=0.025718 best=0.025718 improved=yes epoch_time=2.9s total_time=8.8s
[stage experimental] [epoch 4/80] train_total=0.055877 val_total=0.031920 best=0.025718 improved=no epoch_time=2.8s total_time=11.7s
[stage experimental] [epoch 5/80] train_total=0.051146 val_total=0.031470 best=0.025718 improved=no epoch_time=2.8s total_time=14.5s
[stage experimental] [epoch 6/80] train_total=0.043682 val_total=0.025278 best=0.025278 improved=yes epoch_time=2.8s total_time=17.4s
[stage experimental] [epoch 7/80] train_total=0.041010 val_total=0.025530 best=0.025278 improved=no epoch_time=2.7s total_time=20.1s
[stage experimental] [epoch 8/80] train_total=0.040720 val_total=0.027847 best=0.025278 improved=no epoch_time=2.7s total_time=22.8s
[stage experimental] [epoch 9/80] train_total=0.045713 val_total=0.036451 best=0.025278 improved=no epoch_time=2.7s total_time=25.5s
[stage experimental] [epoch 10/80] train_total=0.042873 val_total=0.023859 best=0.023859 improved=yes epoch_time=2.8s total_time=28.3s
[stage experimental] [epoch 11/80] train_total=0.036810 val_total=0.023343 best=0.023343 improved=yes epoch_time=3.0s total_time=31.3s
[stage experimental] [epoch 12/80] train_total=0.037832 val_total=0.024178 best=0.023343 improved=no epoch_time=2.9s total_time=34.3s
[stage experimental] [epoch 13/80] train_total=0.034456 val_total=0.025896 best=0.023343 improved=no epoch_time=2.9s total_time=37.2s
[stage experimental] [epoch 14/80] train_total=0.036282 val_total=0.026696 best=0.023343 improved=no epoch_time=2.9s total_time=40.0s
[stage experimental] [epoch 15/80] train_total=0.034053 val_total=0.029616 best=0.023343 improved=no epoch_time=2.9s total_time=42.9s
[stage experimental] [epoch 16/80] train_total=0.031675 val_total=0.023783 best=0.023343 improved=no epoch_time=2.9s total_time=45.8s
[stage experimental] [epoch 17/80] train_total=0.032186 val_total=0.025346 best=0.023343 improved=no epoch_time=2.9s total_time=48.7s
[stage experimental] [epoch 18/80] train_total=0.028300 val_total=0.023722 best=0.023343 improved=no epoch_time=2.8s total_time=51.6s
[stage experimental] [epoch 19/80] train_total=0.032358 val_total=0.022228 best=0.022228 improved=yes epoch_time=2.4s total_time=54.0s
[stage experimental] [epoch 20/80] train_total=0.030195 val_total=0.027350 best=0.022228 improved=no epoch_time=2.8s total_time=56.8s
[stage experimental] [epoch 21/80] train_total=0.024797 val_total=0.020633 best=0.020633 improved=yes epoch_time=2.8s total_time=59.7s
[stage experimental] [epoch 22/80] train_total=0.027076 val_total=0.029971 best=0.020633 improved=no epoch_time=2.9s total_time=62.6s
[stage experimental] [epoch 23/80] train_total=0.026967 val_total=0.019996 best=0.019996 improved=yes epoch_time=2.8s total_time=65.4s
[stage experimental] [epoch 24/80] train_total=0.022712 val_total=0.021912 best=0.019996 improved=no epoch_time=2.9s total_time=68.3s
[stage experimental] [epoch 25/80] train_total=0.022599 val_total=0.020734 best=0.019996 improved=no epoch_time=2.8s total_time=71.2s
[stage experimental] [epoch 26/80] train_total=0.024623 val_total=0.021540 best=0.019996 improved=no epoch_time=2.8s total_time=73.9s
[stage experimental] [epoch 27/80] train_total=0.021873 val_total=0.024304 best=0.019996 improved=no epoch_time=2.9s total_time=76.8s
[stage experimental] [epoch 28/80] train_total=0.018896 val_total=0.025293 best=0.019996 improved=no epoch_time=2.8s total_time=79.6s
[stage experimental] [epoch 29/80] train_total=0.018456 val_total=0.021456 best=0.019996 improved=no epoch_time=2.8s total_time=82.5s
[stage experimental] [epoch 30/80] train_total=0.016496 val_total=0.024858 best=0.019996 improved=no epoch_time=3.0s total_time=85.4s
[stage experimental] [epoch 31/80] train_total=0.018093 val_total=0.019645 best=0.019645 improved=yes epoch_time=3.0s total_time=88.4s
[stage experimental] [epoch 32/80] train_total=0.019742 val_total=0.024617 best=0.019645 improved=no epoch_time=3.0s total_time=91.4s
[stage experimental] [epoch 33/80] train_total=0.015717 val_total=0.017202 best=0.017202 improved=yes epoch_time=3.0s total_time=94.4s
[stage experimental] [epoch 34/80] train_total=0.016404 val_total=0.019969 best=0.017202 improved=no epoch_time=2.9s total_time=97.3s
[stage experimental] [epoch 35/80] train_total=0.016781 val_total=0.021591 best=0.017202 improved=no epoch_time=3.0s total_time=100.3s
[stage experimental] [epoch 36/80] train_total=0.016262 val_total=0.022703 best=0.017202 improved=no epoch_time=2.9s total_time=103.2s
[stage experimental] [epoch 37/80] train_total=0.014363 val_total=0.018495 best=0.017202 improved=no epoch_time=2.8s total_time=106.0s
[stage experimental] [epoch 38/80] train_total=0.015113 val_total=0.020055 best=0.017202 improved=no epoch_time=2.9s total_time=108.9s
[stage experimental] [epoch 39/80] train_total=0.013134 val_total=0.019542 best=0.017202 improved=no epoch_time=2.9s total_time=111.8s
[stage experimental] [epoch 40/80] train_total=0.011357 val_total=0.019520 best=0.017202 improved=no epoch_time=2.9s total_time=114.6s
[stage experimental] [epoch 41/80] train_total=0.013169 val_total=0.018258 best=0.017202 improved=no epoch_time=2.9s total_time=117.5s
[stage experimental] [epoch 42/80] train_total=0.014306 val_total=0.021040 best=0.017202 improved=no epoch_time=3.0s total_time=120.6s
[stage experimental] [epoch 43/80] train_total=0.011921 val_total=0.020618 best=0.017202 improved=no epoch_time=3.0s total_time=123.6s
[stage experimental] [epoch 44/80] train_total=0.012444 val_total=0.016990 best=0.016990 improved=yes epoch_time=2.9s total_time=126.5s
[stage experimental] [epoch 45/80] train_total=0.011561 val_total=0.019349 best=0.016990 improved=no epoch_time=2.9s total_time=129.4s
[stage experimental] [epoch 46/80] train_total=0.012014 val_total=0.022489 best=0.016990 improved=no epoch_time=2.8s total_time=132.2s
[stage experimental] [epoch 47/80] train_total=0.011089 val_total=0.021113 best=0.016990 improved=no epoch_time=3.0s total_time=135.2s
[stage experimental] [epoch 48/80] train_total=0.012587 val_total=0.018904 best=0.016990 improved=no epoch_time=3.1s total_time=138.3s
[stage experimental] [epoch 49/80] train_total=0.011626 val_total=0.018246 best=0.016990 improved=no epoch_time=2.9s total_time=141.1s
[stage experimental] [epoch 50/80] train_total=0.009805 val_total=0.020060 best=0.016990 improved=no epoch_time=3.0s total_time=144.1s
[stage experimental] [epoch 51/80] train_total=0.011441 val_total=0.017263 best=0.016990 improved=no epoch_time=2.9s total_time=147.0s
[stage experimental] [epoch 52/80] train_total=0.013039 val_total=0.018839 best=0.016990 improved=no epoch_time=2.9s total_time=149.9s
[stage experimental] [epoch 53/80] train_total=0.010344 val_total=0.016016 best=0.016016 improved=yes epoch_time=2.9s total_time=152.8s
[stage experimental] [epoch 54/80] train_total=0.008634 val_total=0.020257 best=0.016016 improved=no epoch_time=2.9s total_time=155.7s
[stage experimental] [epoch 55/80] train_total=0.009953 val_total=0.020224 best=0.016016 improved=no epoch_time=2.9s total_time=158.6s
[stage experimental] [epoch 56/80] train_total=0.008505 val_total=0.016015 best=0.016015 improved=yes epoch_time=2.8s total_time=161.4s
[stage experimental] [epoch 57/80] train_total=0.010327 val_total=0.015169 best=0.015169 improved=yes epoch_time=2.9s total_time=164.4s
[stage experimental] [epoch 58/80] train_total=0.011102 val_total=0.016134 best=0.015169 improved=no epoch_time=3.0s total_time=167.4s
[stage experimental] [epoch 59/80] train_total=0.010201 val_total=0.018965 best=0.015169 improved=no epoch_time=2.8s total_time=170.2s
[stage experimental] [epoch 60/80] train_total=0.011114 val_total=0.015064 best=0.015064 improved=yes epoch_time=2.9s total_time=173.1s
[stage experimental] [epoch 61/80] train_total=0.008985 val_total=0.017926 best=0.015064 improved=no epoch_time=2.8s total_time=175.9s
[stage experimental] [epoch 62/80] train_total=0.015104 val_total=0.017620 best=0.015064 improved=no epoch_time=2.7s total_time=178.6s
[stage experimental] [epoch 63/80] train_total=0.009038 val_total=0.015942 best=0.015064 improved=no epoch_time=2.8s total_time=181.5s
[stage experimental] [epoch 64/80] train_total=0.011758 val_total=0.019799 best=0.015064 improved=no epoch_time=2.9s total_time=184.4s
[stage experimental] [epoch 65/80] train_total=0.009909 val_total=0.017175 best=0.015064 improved=no epoch_time=3.0s total_time=187.3s
[stage experimental] [epoch 66/80] train_total=0.014224 val_total=0.021069 best=0.015064 improved=no epoch_time=2.9s total_time=190.2s
[stage experimental] [epoch 67/80] train_total=0.010254 val_total=0.017710 best=0.015064 improved=no epoch_time=2.9s total_time=193.1s
[stage experimental] [epoch 68/80] train_total=0.010207 val_total=0.017186 best=0.015064 improved=no epoch_time=3.0s total_time=196.1s
[stage experimental] [epoch 69/80] train_total=0.007954 val_total=0.018837 best=0.015064 improved=no epoch_time=3.0s total_time=199.1s
[stage experimental] [epoch 70/80] train_total=0.009430 val_total=0.019262 best=0.015064 improved=no epoch_time=3.0s total_time=202.1s
[stage experimental] [epoch 71/80] train_total=0.009084 val_total=0.015174 best=0.015064 improved=no epoch_time=2.9s total_time=205.0s
[stage experimental] [epoch 72/80] train_total=0.010898 val_total=0.017818 best=0.015064 improved=no epoch_time=3.0s total_time=208.0s
[stage experimental] early stopping at epoch 72; best_validation=0.015064
[seed 0] [stage 1/3: direct GE] starting 20 epoch(s)
[seed 0] [stage 1/3: direct GE] [epoch 1/20] train_total=0.005387 val_score=1.072020 best=1.072020 P_MAE=3.2684 kPa y_iso_MAE=0.022369 T_MAE=2.6076 K y_isob_MAE=0.030888 improved=yes epoch_time=45.4s total_time=88.5s
[seed 0] [stage 1/3: direct GE] [epoch 2/20] train_total=0.004546 val_score=1.164442 best=1.072020 P_MAE=4.0131 kPa y_iso_MAE=0.021032 T_MAE=2.9036 K y_isob_MAE=0.033645 improved=no epoch_time=44.5s total_time=133.0s
[seed 0] [stage 1/3: direct GE] [epoch 3/20] train_total=0.004237 val_score=1.075872 best=1.072020 P_MAE=2.7117 kPa y_iso_MAE=0.019224 T_MAE=3.1288 K y_isob_MAE=0.034315 improved=no epoch_time=44.2s total_time=177.2s
[seed 0] [stage 1/3: direct GE] [epoch 4/20] train_total=0.004208 val_score=1.237135 best=1.072020 P_MAE=4.0996 kPa y_iso_MAE=0.021688 T_MAE=3.3231 K y_isob_MAE=0.035218 improved=no epoch_time=44.8s total_time=222.0s
[seed 0] [stage 1/3: direct GE] [epoch 5/20] train_total=0.004196 val_score=1.294965 best=1.072020 P_MAE=4.5084 kPa y_iso_MAE=0.022627 T_MAE=3.6323 K y_isob_MAE=0.033334 improved=no epoch_time=45.8s total_time=267.9s
[seed 0] [stage 1/3: direct GE] [epoch 6/20] train_total=0.004173 val_score=1.201499 best=1.072020 P_MAE=3.0842 kPa y_iso_MAE=0.021980 T_MAE=3.5111 K y_isob_MAE=0.036909 improved=no epoch_time=43.8s total_time=311.7s
[seed 0] [stage 1/3: direct GE] [epoch 7/20] train_total=0.003887 val_score=1.240366 best=1.072020 P_MAE=3.3051 kPa y_iso_MAE=0.020657 T_MAE=3.8066 K y_isob_MAE=0.037902 improved=no epoch_time=46.0s total_time=357.7s
[seed 0] [stage 1/3: direct GE] [epoch 8/20] train_total=0.003820 val_score=1.346818 best=1.072020 P_MAE=4.6827 kPa y_iso_MAE=0.022412 T_MAE=3.6525 K y_isob_MAE=0.037860 improved=no epoch_time=46.1s total_time=403.8s
[seed 0] [stage 1/3: direct GE] [epoch 9/20] train_total=0.003744 val_score=1.355861 best=1.072020 P_MAE=4.7339 kPa y_iso_MAE=0.022165 T_MAE=3.6688 K y_isob_MAE=0.038632 improved=no epoch_time=46.3s total_time=450.1s
[seed 0] [stage 1/3: direct GE] [epoch 10/20] train_total=0.003924 val_score=1.217390 best=1.072020 P_MAE=4.2481 kPa y_iso_MAE=0.020268 T_MAE=3.3117 K y_isob_MAE=0.033959 improved=no epoch_time=45.6s total_time=495.7s
[seed 0] [stage 1/3: direct GE] [epoch 11/20] train_total=0.003752 val_score=1.245252 best=1.072020 P_MAE=4.2432 kPa y_iso_MAE=0.021056 T_MAE=3.2567 K y_isob_MAE=0.036673 improved=no epoch_time=45.0s total_time=540.7s
[seed 0] [stage 1/3: direct GE] [epoch 12/20] train_total=0.003747 val_score=1.186901 best=1.072020 P_MAE=4.0106 kPa y_iso_MAE=0.020490 T_MAE=3.0817 K y_isob_MAE=0.034884 improved=no epoch_time=44.1s total_time=584.8s
[seed 0] [stage 1/3: direct GE] [epoch 13/20] train_total=0.003635 val_score=1.268533 best=1.072020 P_MAE=4.1268 kPa y_iso_MAE=0.019632 T_MAE=3.7150 K y_isob_MAE=0.036890 improved=no epoch_time=44.6s total_time=629.4s
[seed 0] [stage 1/3: direct GE] [epoch 14/20] train_total=0.003585 val_score=1.352578 best=1.072020 P_MAE=3.6862 kPa y_iso_MAE=0.022366 T_MAE=4.1277 K y_isob_MAE=0.041163 improved=no epoch_time=45.3s total_time=674.8s
[seed 0] [stage 1/3: direct GE] [epoch 15/20] train_total=0.003507 val_score=1.331112 best=1.072020 P_MAE=4.6680 kPa y_iso_MAE=0.021106 T_MAE=3.6805 K y_isob_MAE=0.037775 improved=no epoch_time=45.8s total_time=720.5s
[seed 0] [stage 1/3: direct GE] [epoch 16/20] train_total=0.003637 val_score=1.248000 best=1.072020 P_MAE=4.2865 kPa y_iso_MAE=0.020929 T_MAE=3.3774 K y_isob_MAE=0.035368 improved=no epoch_time=45.1s total_time=765.6s
[seed 0] [stage 1/3: direct GE] [epoch 17/20] train_total=0.003770 val_score=1.241311 best=1.072020 P_MAE=4.2269 kPa y_iso_MAE=0.019335 T_MAE=3.3906 K y_isob_MAE=0.037280 improved=no epoch_time=43.5s total_time=809.2s
[seed 0] [stage 1/3: direct GE] [epoch 18/20] train_total=0.003503 val_score=1.320679 best=1.072020 P_MAE=4.1833 kPa y_iso_MAE=0.020461 T_MAE=3.8632 K y_isob_MAE=0.039367 improved=no epoch_time=45.9s total_time=855.1s
[seed 0] [stage 1/3: direct GE] [epoch 19/20] train_total=0.003435 val_score=1.322288 best=1.072020 P_MAE=4.5292 kPa y_iso_MAE=0.020682 T_MAE=3.5831 K y_isob_MAE=0.039708 improved=no epoch_time=45.6s total_time=900.8s
[seed 0] [stage 1/3: direct GE] [epoch 20/20] train_total=0.003558 val_score=1.232444 best=1.072020 P_MAE=3.8999 kPa y_iso_MAE=0.019050 T_MAE=3.3531 K y_isob_MAE=0.039849 improved=no epoch_time=45.8s total_time=946.5s
[seed 0] [stage 2/3: joint VLE] starting 80 epoch(s)
[seed 0] [stage 2/3: joint VLE] [epoch 1/80] train_total=0.022815 val_score=1.167829 best=1.167829 P_MAE=4.4758 kPa y_iso_MAE=0.020093 T_MAE=2.9365 K y_isob_MAE=0.031176 improved=yes epoch_time=45.6s total_time=992.1s
[seed 0] [stage 2/3: joint VLE] [epoch 2/80] train_total=0.015657 val_score=1.184968 best=1.167829 P_MAE=4.3958 kPa y_iso_MAE=0.022898 T_MAE=2.7505 K y_isob_MAE=0.031905 improved=no epoch_time=47.8s total_time=1039.9s
[seed 0] [stage 2/3: joint VLE] [epoch 3/80] train_total=0.018708 val_score=1.027660 best=1.027660 P_MAE=2.6963 kPa y_iso_MAE=0.023306 T_MAE=2.5547 K y_isob_MAE=0.029845 improved=yes epoch_time=46.9s total_time=1086.8s
[seed 0] [stage 2/3: joint VLE] [epoch 4/80] train_total=0.016242 val_score=1.002304 best=1.002304 P_MAE=3.1341 kPa y_iso_MAE=0.021636 T_MAE=2.3449 K y_isob_MAE=0.028286 improved=yes epoch_time=48.7s total_time=1135.5s
[seed 0] [stage 2/3: joint VLE] [epoch 5/80] train_total=0.014164 val_score=1.076834 best=1.002304 P_MAE=3.1319 kPa y_iso_MAE=0.020128 T_MAE=2.8530 K y_isob_MAE=0.032917 improved=no epoch_time=49.8s total_time=1185.2s
[seed 0] [stage 2/3: joint VLE] [epoch 6/80] train_total=0.023088 val_score=1.133504 best=1.002304 P_MAE=3.0410 kPa y_iso_MAE=0.027053 T_MAE=2.6421 K y_isob_MAE=0.032492 improved=no epoch_time=46.9s total_time=1232.2s
[seed 0] [stage 2/3: joint VLE] [epoch 7/80] train_total=0.022250 val_score=1.134081 best=1.002304 P_MAE=4.5467 kPa y_iso_MAE=0.019537 T_MAE=2.6793 K y_isob_MAE=0.030641 improved=no epoch_time=47.1s total_time=1279.3s
[seed 0] [stage 2/3: joint VLE] [epoch 8/80] train_total=0.016399 val_score=1.026543 best=1.002304 P_MAE=2.9838 kPa y_iso_MAE=0.018730 T_MAE=2.8797 K y_isob_MAE=0.030152 improved=no epoch_time=47.0s total_time=1326.3s
[seed 0] [stage 2/3: joint VLE] [epoch 9/80] train_total=0.014742 val_score=1.062116 best=1.002304 P_MAE=4.1046 kPa y_iso_MAE=0.018863 T_MAE=2.4964 K y_isob_MAE=0.029295 improved=no epoch_time=46.4s total_time=1372.8s
[seed 0] [stage 2/3: joint VLE] [epoch 10/80] train_total=0.013728 val_score=1.114564 best=1.002304 P_MAE=4.8821 kPa y_iso_MAE=0.019555 T_MAE=2.4213 K y_isob_MAE=0.028697 improved=no epoch_time=47.3s total_time=1420.1s
[seed 0] [stage 2/3: joint VLE] [epoch 11/80] train_total=0.014804 val_score=0.957646 best=0.957646 P_MAE=2.7542 kPa y_iso_MAE=0.017534 T_MAE=2.5341 K y_isob_MAE=0.030104 improved=yes epoch_time=46.6s total_time=1466.7s
[seed 0] [stage 2/3: joint VLE] [epoch 12/80] train_total=0.015695 val_score=1.086047 best=0.957646 P_MAE=3.7902 kPa y_iso_MAE=0.018195 T_MAE=2.9081 K y_isob_MAE=0.030678 improved=no epoch_time=46.6s total_time=1513.4s
[seed 0] [stage 2/3: joint VLE] [epoch 13/80] train_total=0.012782 val_score=1.034622 best=0.957646 P_MAE=3.4902 kPa y_iso_MAE=0.019233 T_MAE=2.5438 K y_isob_MAE=0.030153 improved=no epoch_time=47.6s total_time=1561.0s
[seed 0] [stage 2/3: joint VLE] [epoch 14/80] train_total=0.014287 val_score=0.977898 best=0.957646 P_MAE=3.4913 kPa y_iso_MAE=0.018076 T_MAE=2.3130 K y_isob_MAE=0.028146 improved=no epoch_time=46.4s total_time=1607.4s
[seed 0] [stage 2/3: joint VLE] [epoch 15/80] train_total=0.012695 val_score=1.001307 best=0.957646 P_MAE=3.8034 kPa y_iso_MAE=0.018668 T_MAE=2.2655 K y_isob_MAE=0.027922 improved=no epoch_time=47.9s total_time=1655.4s
[seed 0] [stage 2/3: joint VLE] [epoch 16/80] train_total=0.013359 val_score=1.019136 best=0.957646 P_MAE=2.8941 kPa y_iso_MAE=0.020066 T_MAE=2.7506 K y_isob_MAE=0.029639 improved=no epoch_time=46.4s total_time=1701.8s
[seed 0] [stage 2/3: joint VLE] [epoch 17/80] train_total=0.012338 val_score=0.982510 best=0.957646 P_MAE=2.7658 kPa y_iso_MAE=0.017535 T_MAE=2.7810 K y_isob_MAE=0.029882 improved=no epoch_time=45.9s total_time=1747.7s
[seed 0] [stage 2/3: joint VLE] [epoch 18/80] train_total=0.012815 val_score=0.933987 best=0.933987 P_MAE=2.7744 kPa y_iso_MAE=0.019305 T_MAE=2.2771 K y_isob_MAE=0.027723 improved=yes epoch_time=46.7s total_time=1794.5s
[seed 0] [stage 2/3: joint VLE] [epoch 19/80] train_total=0.012800 val_score=1.077966 best=0.933987 P_MAE=4.6038 kPa y_iso_MAE=0.019656 T_MAE=2.3085 K y_isob_MAE=0.028043 improved=no epoch_time=46.0s total_time=1840.5s
[seed 0] [stage 2/3: joint VLE] [epoch 20/80] train_total=0.011102 val_score=1.049928 best=0.933987 P_MAE=4.1967 kPa y_iso_MAE=0.018622 T_MAE=2.3483 K y_isob_MAE=0.029269 improved=no epoch_time=46.2s total_time=1886.7s
[seed 0] [stage 2/3: joint VLE] [epoch 21/80] train_total=0.013539 val_score=1.110112 best=0.933987 P_MAE=3.5557 kPa y_iso_MAE=0.020971 T_MAE=3.0193 K y_isob_MAE=0.029963 improved=no epoch_time=46.3s total_time=1933.0s
[seed 0] [stage 2/3: joint VLE] [epoch 22/80] train_total=0.015259 val_score=0.987210 best=0.933987 P_MAE=3.2858 kPa y_iso_MAE=0.018873 T_MAE=2.4304 K y_isob_MAE=0.028337 improved=no epoch_time=46.7s total_time=1979.8s
[seed 0] [stage 2/3: joint VLE] [epoch 23/80] train_total=0.012111 val_score=0.895525 best=0.895525 P_MAE=2.3611 kPa y_iso_MAE=0.017736 T_MAE=2.3227 K y_isob_MAE=0.028529 improved=yes epoch_time=47.7s total_time=2027.4s
[seed 0] [stage 2/3: joint VLE] [epoch 24/80] train_total=0.013993 val_score=0.907990 best=0.895525 P_MAE=2.4064 kPa y_iso_MAE=0.017097 T_MAE=2.4621 K y_isob_MAE=0.028839 improved=no epoch_time=46.6s total_time=2074.0s
[seed 0] [stage 2/3: joint VLE] [epoch 25/80] train_total=0.013935 val_score=1.078626 best=0.895525 P_MAE=3.1611 kPa y_iso_MAE=0.022513 T_MAE=2.8997 K y_isob_MAE=0.028823 improved=no epoch_time=46.9s total_time=2120.9s
[seed 0] [stage 2/3: joint VLE] [epoch 26/80] train_total=0.013274 val_score=0.925250 best=0.895525 P_MAE=2.5952 kPa y_iso_MAE=0.018526 T_MAE=2.3640 K y_isob_MAE=0.028318 improved=no epoch_time=47.8s total_time=2168.6s
[seed 0] [stage 2/3: joint VLE] [epoch 27/80] train_total=0.011143 val_score=0.916553 best=0.895525 P_MAE=2.5805 kPa y_iso_MAE=0.018174 T_MAE=2.2654 K y_isob_MAE=0.029146 improved=no epoch_time=47.3s total_time=2215.9s
[seed 0] [stage 2/3: joint VLE] [epoch 28/80] train_total=0.012997 val_score=0.993547 best=0.895525 P_MAE=3.1178 kPa y_iso_MAE=0.018408 T_MAE=2.5681 K y_isob_MAE=0.029485 improved=no epoch_time=46.9s total_time=2262.8s
[seed 0] [stage 2/3: joint VLE] [epoch 29/80] train_total=0.013691 val_score=0.963815 best=0.895525 P_MAE=2.8235 kPa y_iso_MAE=0.018912 T_MAE=2.4707 K y_isob_MAE=0.028971 improved=no epoch_time=46.7s total_time=2309.5s
[seed 0] [stage 2/3: joint VLE] [epoch 30/80] train_total=0.011978 val_score=0.958049 best=0.895525 P_MAE=3.0860 kPa y_iso_MAE=0.018903 T_MAE=2.3368 K y_isob_MAE=0.027752 improved=no epoch_time=45.7s total_time=2355.2s
[seed 0] [stage 2/3: joint VLE] [epoch 31/80] train_total=0.011976 val_score=1.093388 best=0.895525 P_MAE=4.6896 kPa y_iso_MAE=0.018957 T_MAE=2.3499 K y_isob_MAE=0.029616 improved=no epoch_time=45.3s total_time=2400.4s
[seed 0] [stage 2/3: joint VLE] [epoch 32/80] train_total=0.014430 val_score=1.020042 best=0.895525 P_MAE=3.6499 kPa y_iso_MAE=0.018024 T_MAE=2.5015 K y_isob_MAE=0.029446 improved=no epoch_time=44.9s total_time=2445.3s
[seed 0] [stage 2/3: joint VLE] [epoch 33/80] train_total=0.011163 val_score=1.027177 best=0.895525 P_MAE=4.2772 kPa y_iso_MAE=0.018952 T_MAE=2.2337 K y_isob_MAE=0.026901 improved=no epoch_time=46.6s total_time=2491.9s
[seed 0] [stage 2/3: joint VLE] [epoch 34/80] train_total=0.011023 val_score=1.097875 best=0.895525 P_MAE=4.0484 kPa y_iso_MAE=0.019165 T_MAE=2.7458 K y_isob_MAE=0.030403 improved=no epoch_time=46.5s total_time=2538.4s
[seed 0] [stage 2/3: joint VLE] [epoch 35/80] train_total=0.011102 val_score=1.029748 best=0.895525 P_MAE=4.1828 kPa y_iso_MAE=0.017669 T_MAE=2.4335 K y_isob_MAE=0.027465 improved=no epoch_time=45.9s total_time=2584.4s
{"direct_ge_parameter_summary": {"stage1_trainable_parameters": 2163842, "stage2_trainable_parameters": 2201284, "stage3": {"groups": [{"learning_rate": 2e-05, "name": "context_pair_potential", "parameter_count": 148609, "parameter_names": ["context_pair_potential.0.weight", "context_pair_potential.0.bias", "context_pair_potential.2.weight", "context_pair_potential.2.bias"]}, {"learning_rate": 1e-05, "name": "vapor_pressure", "parameter_count": 37442, "parameter_names": ["vapor_pressure.parameter_head.0.weight", "vapor_pressure.parameter_head.0.bias", "vapor_pressure.parameter_head.2.weight", "vapor_pressure.parameter_head.2.bias"]}, {"learning_rate": 5e-06, "name": "film", "parameter_count": 111744, "parameter_names": ["film.0.weight", "film.0.bias", "film.2.weight", "film.2.bias"]}, {"learning_rate": 5e-06, "name": "mixture_token", "parameter_count": 192, "parameter_names": ["mixture_token"]}], "total_parameters": 2201284, "trainable_fraction": 0.13536962972519676, "trainable_parameters": 297987}, "total_parameters": 2201284, "trainable_fraction": 0.13536962972519676, "trainable_parameters": 297987}}
[seed 0] [stage 3/3: fugacity] starting 10 epoch(s)
[seed 0] [stage 3/3: fugacity] [epoch 1/10] train_total=0.010703 val_score=0.880876 best=0.880876 P_MAE=2.4125 kPa y_iso_MAE=0.017110 T_MAE=2.3115 K y_isob_MAE=0.027488 improved=yes epoch_time=45.5s total_time=2629.9s
[seed 0] [stage 3/3: fugacity] [epoch 2/10] train_total=0.009939 val_score=0.879865 best=0.879865 P_MAE=2.3866 kPa y_iso_MAE=0.017147 T_MAE=2.3061 K y_isob_MAE=0.027598 improved=yes epoch_time=45.6s total_time=2675.4s
[seed 0] [stage 3/3: fugacity] [epoch 3/10] train_total=0.009458 val_score=0.886736 best=0.879865 P_MAE=2.4076 kPa y_iso_MAE=0.017313 T_MAE=2.3073 K y_isob_MAE=0.027947 improved=no epoch_time=45.7s total_time=2721.2s
[seed 0] [stage 3/3: fugacity] [epoch 4/10] train_total=0.009261 val_score=0.882343 best=0.879865 P_MAE=2.3937 kPa y_iso_MAE=0.017077 T_MAE=2.3064 K y_isob_MAE=0.027920 improved=no epoch_time=44.9s total_time=2766.1s
[seed 0] [stage 3/3: fugacity] [epoch 5/10] train_total=0.008689 val_score=0.883995 best=0.879865 P_MAE=2.4049 kPa y_iso_MAE=0.017282 T_MAE=2.2991 K y_isob_MAE=0.027801 improved=no epoch_time=45.2s total_time=2811.4s
[seed 0] [stage 3/3: fugacity] [epoch 6/10] train_total=0.008520 val_score=0.881392 best=0.879865 P_MAE=2.3901 kPa y_iso_MAE=0.017036 T_MAE=2.3080 K y_isob_MAE=0.027882 improved=no epoch_time=46.6s total_time=2858.0s
[seed 0] [stage 3/3: fugacity] [epoch 7/10] train_total=0.008645 val_score=0.886496 best=0.879865 P_MAE=2.3765 kPa y_iso_MAE=0.017508 T_MAE=2.2964 K y_isob_MAE=0.028022 improved=no epoch_time=46.5s total_time=2904.5s
[seed 0] [stage 3/3: fugacity] [epoch 8/10] train_total=0.008583 val_score=0.885686 best=0.879865 P_MAE=2.4250 kPa y_iso_MAE=0.017016 T_MAE=2.3082 K y_isob_MAE=0.028108 improved=no epoch_time=47.2s total_time=2951.7s
[seed 0] [stage 3/3: fugacity] [epoch 9/10] train_total=0.008420 val_score=0.888274 best=0.879865 P_MAE=2.4260 kPa y_iso_MAE=0.017090 T_MAE=2.3177 K y_isob_MAE=0.028173 improved=no epoch_time=47.3s total_time=2999.0s
[seed 0] [stage 3/3: fugacity] [epoch 10/10] train_total=0.008383 val_score=0.884940 best=0.879865 P_MAE=2.4206 kPa y_iso_MAE=0.017082 T_MAE=2.3041 K y_isob_MAE=0.028011 improved=no epoch_time=46.2s total_time=3045.2s
{"variant": "c2_chemical_bias_full", "seed": 0, "status": "completed", "selected_stage": "stage3", "stage0_source": "generated"}
[stage experimental] starting 80 epoch(s)
[stage experimental] [epoch 1/80] train_total=0.838144 val_total=0.065965 best=0.065965 improved=yes epoch_time=2.5s total_time=2.5s
[stage experimental] [epoch 2/80] train_total=0.112450 val_total=0.084530 best=0.065965 improved=no epoch_time=2.8s total_time=5.4s
[stage experimental] [epoch 3/80] train_total=0.068671 val_total=0.040052 best=0.040052 improved=yes epoch_time=2.9s total_time=8.3s
[stage experimental] [epoch 4/80] train_total=0.059687 val_total=0.041927 best=0.040052 improved=no epoch_time=3.0s total_time=11.3s
[stage experimental] [epoch 5/80] train_total=0.052788 val_total=0.037967 best=0.037967 improved=yes epoch_time=3.0s total_time=14.4s
[stage experimental] [epoch 6/80] train_total=0.047266 val_total=0.046773 best=0.037967 improved=no epoch_time=3.0s total_time=17.4s
[stage experimental] [epoch 7/80] train_total=0.050391 val_total=0.037612 best=0.037612 improved=yes epoch_time=3.0s total_time=20.4s
[stage experimental] [epoch 8/80] train_total=0.039854 val_total=0.038290 best=0.037612 improved=no epoch_time=2.9s total_time=23.3s
[stage experimental] [epoch 9/80] train_total=0.042285 val_total=0.023270 best=0.023270 improved=yes epoch_time=2.9s total_time=26.2s
[stage experimental] [epoch 10/80] train_total=0.041132 val_total=0.028153 best=0.023270 improved=no epoch_time=3.0s total_time=29.2s
[stage experimental] [epoch 11/80] train_total=0.038053 val_total=0.043587 best=0.023270 improved=no epoch_time=3.0s total_time=32.2s
[stage experimental] [epoch 12/80] train_total=0.042708 val_total=0.039277 best=0.023270 improved=no epoch_time=3.1s total_time=35.3s
[stage experimental] [epoch 13/80] train_total=0.036148 val_total=0.030849 best=0.023270 improved=no epoch_time=2.9s total_time=38.2s
[stage experimental] [epoch 14/80] train_total=0.037102 val_total=0.034214 best=0.023270 improved=no epoch_time=3.0s total_time=41.3s
[stage experimental] [epoch 15/80] train_total=0.037914 val_total=0.033231 best=0.023270 improved=no epoch_time=3.0s total_time=44.3s
[stage experimental] [epoch 16/80] train_total=0.037582 val_total=0.025191 best=0.023270 improved=no epoch_time=2.8s total_time=47.0s
[stage experimental] [epoch 17/80] train_total=0.031674 val_total=0.026653 best=0.023270 improved=no epoch_time=2.9s total_time=49.9s
[stage experimental] [epoch 18/80] train_total=0.033892 val_total=0.031374 best=0.023270 improved=no epoch_time=2.9s total_time=52.9s
[stage experimental] [epoch 19/80] train_total=0.032475 val_total=0.031623 best=0.023270 improved=no epoch_time=2.9s total_time=55.8s
[stage experimental] [epoch 20/80] train_total=0.031208 val_total=0.027800 best=0.023270 improved=no epoch_time=2.8s total_time=58.6s
[stage experimental] [epoch 21/80] train_total=0.027794 val_total=0.029148 best=0.023270 improved=no epoch_time=3.0s total_time=61.6s
[stage experimental] early stopping at epoch 21; best_validation=0.023270
[seed 1] [stage 1/3: direct GE] starting 20 epoch(s)
[seed 1] [stage 1/3: direct GE] [epoch 1/20] train_total=0.008700 val_score=1.202672 best=1.202672 P_MAE=14.0290 kPa y_iso_MAE=0.033769 T_MAE=3.3712 K y_isob_MAE=0.043586 improved=yes epoch_time=47.4s total_time=92.2s
[seed 1] [stage 1/3: direct GE] [epoch 2/20] train_total=0.005739 val_score=1.183102 best=1.183102 P_MAE=12.4535 kPa y_iso_MAE=0.031588 T_MAE=3.5753 K y_isob_MAE=0.046414 improved=yes epoch_time=47.3s total_time=139.5s
[seed 1] [stage 1/3: direct GE] [epoch 3/20] train_total=0.005507 val_score=1.213648 best=1.183102 P_MAE=12.9464 kPa y_iso_MAE=0.031911 T_MAE=3.7801 K y_isob_MAE=0.046213 improved=no epoch_time=47.2s total_time=186.8s
[seed 1] [stage 1/3: direct GE] [epoch 4/20] train_total=0.004834 val_score=1.168214 best=1.168214 P_MAE=13.4264 kPa y_iso_MAE=0.031266 T_MAE=3.5622 K y_isob_MAE=0.041372 improved=yes epoch_time=47.7s total_time=234.5s
[seed 1] [stage 1/3: direct GE] [epoch 5/20] train_total=0.004603 val_score=1.262738 best=1.168214 P_MAE=13.4569 kPa y_iso_MAE=0.034824 T_MAE=4.1244 K y_isob_MAE=0.043236 improved=no epoch_time=48.5s total_time=283.0s
[seed 1] [stage 1/3: direct GE] [epoch 6/20] train_total=0.004460 val_score=1.158571 best=1.158571 P_MAE=10.3818 kPa y_iso_MAE=0.029586 T_MAE=4.2201 K y_isob_MAE=0.044028 improved=yes epoch_time=46.7s total_time=329.7s
[seed 1] [stage 1/3: direct GE] [epoch 7/20] train_total=0.004139 val_score=1.141536 best=1.141536 P_MAE=9.4683 kPa y_iso_MAE=0.031334 T_MAE=4.1618 K y_isob_MAE=0.042843 improved=yes epoch_time=46.7s total_time=376.4s
[seed 1] [stage 1/3: direct GE] [epoch 8/20] train_total=0.003976 val_score=1.187517 best=1.141536 P_MAE=10.9677 kPa y_iso_MAE=0.029479 T_MAE=4.3140 K y_isob_MAE=0.045362 improved=no epoch_time=47.0s total_time=423.4s
[seed 1] [stage 1/3: direct GE] [epoch 9/20] train_total=0.003940 val_score=1.208977 best=1.141536 P_MAE=11.7843 kPa y_iso_MAE=0.029629 T_MAE=4.4581 K y_isob_MAE=0.043695 improved=no epoch_time=46.6s total_time=469.9s
[seed 1] [stage 1/3: direct GE] [epoch 10/20] train_total=0.004164 val_score=1.286643 best=1.141536 P_MAE=11.5950 kPa y_iso_MAE=0.035673 T_MAE=4.5110 K y_isob_MAE=0.046989 improved=no epoch_time=46.4s total_time=516.4s
[seed 1] [stage 1/3: direct GE] [epoch 11/20] train_total=0.004117 val_score=1.340219 best=1.141536 P_MAE=11.8083 kPa y_iso_MAE=0.037633 T_MAE=4.7210 K y_isob_MAE=0.048902 improved=no epoch_time=47.0s total_time=563.4s
[seed 1] [stage 1/3: direct GE] [epoch 12/20] train_total=0.003875 val_score=1.363870 best=1.141536 P_MAE=11.8764 kPa y_iso_MAE=0.036806 T_MAE=5.0229 K y_isob_MAE=0.049456 improved=no epoch_time=47.9s total_time=611.2s
[seed 1] [stage 1/3: direct GE] [epoch 13/20] train_total=0.003790 val_score=1.368461 best=1.141536 P_MAE=12.2382 kPa y_iso_MAE=0.032567 T_MAE=5.3020 K y_isob_MAE=0.051239 improved=no epoch_time=47.6s total_time=658.8s
[seed 1] [stage 1/3: direct GE] [epoch 14/20] train_total=0.003613 val_score=1.380952 best=1.141536 P_MAE=12.4408 kPa y_iso_MAE=0.033412 T_MAE=5.3449 K y_isob_MAE=0.050679 improved=no epoch_time=46.9s total_time=705.7s
[seed 1] [stage 1/3: direct GE] [epoch 15/20] train_total=0.003582 val_score=1.371996 best=1.141536 P_MAE=11.7716 kPa y_iso_MAE=0.037328 T_MAE=5.1342 K y_isob_MAE=0.048833 improved=no epoch_time=47.5s total_time=753.2s
[seed 1] [stage 1/3: direct GE] [epoch 16/20] train_total=0.003597 val_score=1.427217 best=1.141536 P_MAE=11.2159 kPa y_iso_MAE=0.035660 T_MAE=5.6384 K y_isob_MAE=0.054923 improved=no epoch_time=46.8s total_time=800.0s
[seed 1] [stage 1/3: direct GE] [epoch 17/20] train_total=0.003757 val_score=1.415954 best=1.141536 P_MAE=12.6103 kPa y_iso_MAE=0.034655 T_MAE=5.4117 K y_isob_MAE=0.052825 improved=no epoch_time=47.4s total_time=847.4s
[seed 1] [stage 1/3: direct GE] [epoch 18/20] train_total=0.003782 val_score=1.316840 best=1.141536 P_MAE=11.3558 kPa y_iso_MAE=0.035271 T_MAE=4.9907 K y_isob_MAE=0.046625 improved=no epoch_time=46.5s total_time=893.9s
[seed 1] [stage 1/3: direct GE] [epoch 19/20] train_total=0.003573 val_score=1.436649 best=1.141536 P_MAE=11.9423 kPa y_iso_MAE=0.034048 T_MAE=5.7428 K y_isob_MAE=0.054769 improved=no epoch_time=47.1s total_time=941.0s
[seed 1] [stage 1/3: direct GE] [epoch 20/20] train_total=0.003525 val_score=1.379319 best=1.141536 P_MAE=11.3966 kPa y_iso_MAE=0.037028 T_MAE=5.3235 K y_isob_MAE=0.049158 improved=no epoch_time=47.9s total_time=988.9s
[seed 1] [stage 2/3: joint VLE] starting 80 epoch(s)
[seed 1] [stage 2/3: joint VLE] [epoch 1/80] train_total=0.053943 val_score=1.067262 best=1.067262 P_MAE=10.4692 kPa y_iso_MAE=0.024724 T_MAE=3.7146 K y_isob_MAE=0.043361 improved=yes epoch_time=49.3s total_time=1038.2s
[seed 1] [stage 2/3: joint VLE] [epoch 2/80] train_total=0.050312 val_score=1.079837 best=1.067262 P_MAE=12.6186 kPa y_iso_MAE=0.028624 T_MAE=3.2660 K y_isob_MAE=0.038277 improved=no epoch_time=49.1s total_time=1087.3s
[seed 1] [stage 2/3: joint VLE] [epoch 3/80] train_total=0.041967 val_score=1.071708 best=1.067262 P_MAE=10.6415 kPa y_iso_MAE=0.027501 T_MAE=3.4455 K y_isob_MAE=0.043083 improved=no epoch_time=49.4s total_time=1136.7s
[seed 1] [stage 2/3: joint VLE] [epoch 4/80] train_total=0.038920 val_score=1.097808 best=1.067262 P_MAE=11.4643 kPa y_iso_MAE=0.025577 T_MAE=3.9395 K y_isob_MAE=0.040389 improved=no epoch_time=48.9s total_time=1185.7s
[seed 1] [stage 2/3: joint VLE] [epoch 5/80] train_total=0.045044 val_score=1.099066 best=1.067262 P_MAE=13.3417 kPa y_iso_MAE=0.027132 T_MAE=3.1596 K y_isob_MAE=0.042306 improved=no epoch_time=48.6s total_time=1234.3s
[seed 1] [stage 2/3: joint VLE] [epoch 6/80] train_total=0.042059 val_score=1.118366 best=1.067262 P_MAE=12.9249 kPa y_iso_MAE=0.030514 T_MAE=3.1944 K y_isob_MAE=0.041423 improved=no epoch_time=48.0s total_time=1282.3s
[seed 1] [stage 2/3: joint VLE] [epoch 7/80] train_total=0.039961 val_score=1.000684 best=1.000684 P_MAE=9.8069 kPa y_iso_MAE=0.028348 T_MAE=3.0725 K y_isob_MAE=0.038791 improved=yes epoch_time=49.3s total_time=1331.7s
[seed 1] [stage 2/3: joint VLE] [epoch 8/80] train_total=0.038016 val_score=0.940375 best=0.940375 P_MAE=7.3086 kPa y_iso_MAE=0.022677 T_MAE=3.4606 K y_isob_MAE=0.041060 improved=yes epoch_time=49.5s total_time=1381.2s
[seed 1] [stage 2/3: joint VLE] [epoch 9/80] train_total=0.035893 val_score=1.145266 best=0.940375 P_MAE=13.8704 kPa y_iso_MAE=0.023840 T_MAE=4.0548 K y_isob_MAE=0.040316 improved=no epoch_time=50.1s total_time=1431.2s
[seed 1] [stage 2/3: joint VLE] [epoch 10/80] train_total=0.033611 val_score=0.938612 best=0.938612 P_MAE=9.6885 kPa y_iso_MAE=0.022313 T_MAE=3.0623 K y_isob_MAE=0.038393 improved=yes epoch_time=50.9s total_time=1482.1s
[seed 1] [stage 2/3: joint VLE] [epoch 11/80] train_total=0.035945 val_score=1.021595 best=0.938612 P_MAE=11.1656 kPa y_iso_MAE=0.029001 T_MAE=2.9730 K y_isob_MAE=0.037708 improved=no epoch_time=48.9s total_time=1531.1s
[seed 1] [stage 2/3: joint VLE] [epoch 12/80] train_total=0.034297 val_score=1.102593 best=0.938612 P_MAE=12.8854 kPa y_iso_MAE=0.026022 T_MAE=3.4776 K y_isob_MAE=0.041757 improved=no epoch_time=50.2s total_time=1581.3s
[seed 1] [stage 2/3: joint VLE] [epoch 13/80] train_total=0.031370 val_score=1.041980 best=0.938612 P_MAE=13.7536 kPa y_iso_MAE=0.023430 T_MAE=3.1425 K y_isob_MAE=0.037586 improved=no epoch_time=49.2s total_time=1630.5s
[seed 1] [stage 2/3: joint VLE] [epoch 14/80] train_total=0.029207 val_score=0.904852 best=0.904852 P_MAE=8.1944 kPa y_iso_MAE=0.023631 T_MAE=2.9198 K y_isob_MAE=0.038384 improved=yes epoch_time=50.0s total_time=1680.6s
[seed 1] [stage 2/3: joint VLE] [epoch 15/80] train_total=0.032004 val_score=0.944183 best=0.904852 P_MAE=9.6356 kPa y_iso_MAE=0.022837 T_MAE=3.2438 K y_isob_MAE=0.036252 improved=no epoch_time=50.1s total_time=1730.6s
[seed 1] [stage 2/3: joint VLE] [epoch 16/80] train_total=0.032777 val_score=1.047058 best=0.904852 P_MAE=14.9103 kPa y_iso_MAE=0.026055 T_MAE=2.7585 K y_isob_MAE=0.035748 improved=no epoch_time=48.5s total_time=1779.1s
[seed 1] [stage 2/3: joint VLE] [epoch 17/80] train_total=0.028466 val_score=1.036800 best=0.904852 P_MAE=13.9772 kPa y_iso_MAE=0.026335 T_MAE=2.8700 K y_isob_MAE=0.035502 improved=no epoch_time=48.2s total_time=1827.4s
[seed 1] [stage 2/3: joint VLE] [epoch 18/80] train_total=0.025405 val_score=0.827369 best=0.827369 P_MAE=7.8925 kPa y_iso_MAE=0.022003 T_MAE=2.5376 K y_isob_MAE=0.034917 improved=yes epoch_time=48.6s total_time=1876.0s
[seed 1] [stage 2/3: joint VLE] [epoch 19/80] train_total=0.026851 val_score=0.951922 best=0.827369 P_MAE=9.3877 kPa y_iso_MAE=0.023147 T_MAE=3.2444 K y_isob_MAE=0.037856 improved=no epoch_time=50.7s total_time=1926.7s
[seed 1] [stage 2/3: joint VLE] [epoch 20/80] train_total=0.024858 val_score=0.948552 best=0.827369 P_MAE=12.2197 kPa y_iso_MAE=0.026664 T_MAE=2.5776 K y_isob_MAE=0.031413 improved=no epoch_time=50.7s total_time=1977.4s
[seed 1] [stage 2/3: joint VLE] [epoch 21/80] train_total=0.025230 val_score=0.948805 best=0.827369 P_MAE=13.4516 kPa y_iso_MAE=0.025242 T_MAE=2.4166 K y_isob_MAE=0.031375 improved=no epoch_time=51.0s total_time=2028.4s
[seed 1] [stage 2/3: joint VLE] [epoch 22/80] train_total=0.024551 val_score=0.914903 best=0.827369 P_MAE=13.1310 kPa y_iso_MAE=0.024367 T_MAE=2.2216 K y_isob_MAE=0.031119 improved=no epoch_time=51.3s total_time=2079.7s
[seed 1] [stage 2/3: joint VLE] [epoch 23/80] train_total=0.021383 val_score=0.873338 best=0.827369 P_MAE=10.2144 kPa y_iso_MAE=0.020274 T_MAE=2.7177 K y_isob_MAE=0.034024 improved=no epoch_time=50.5s total_time=2130.3s
[seed 1] [stage 2/3: joint VLE] [epoch 24/80] train_total=0.023589 val_score=0.812792 best=0.812792 P_MAE=8.8636 kPa y_iso_MAE=0.019811 T_MAE=2.5944 K y_isob_MAE=0.031672 improved=yes epoch_time=49.8s total_time=2180.0s
[seed 1] [stage 2/3: joint VLE] [epoch 25/80] train_total=0.020309 val_score=0.728971 best=0.728971 P_MAE=7.8925 kPa y_iso_MAE=0.020589 T_MAE=2.0164 K y_isob_MAE=0.028728 improved=yes epoch_time=50.4s total_time=2230.4s
[seed 1] [stage 2/3: joint VLE] [epoch 26/80] train_total=0.023040 val_score=0.825457 best=0.728971 P_MAE=10.5461 kPa y_iso_MAE=0.024379 T_MAE=2.0247 K y_isob_MAE=0.028889 improved=no epoch_time=50.5s total_time=2280.9s
[seed 1] [stage 2/3: joint VLE] [epoch 27/80] train_total=0.021417 val_score=0.837552 best=0.728971 P_MAE=11.4093 kPa y_iso_MAE=0.021346 T_MAE=2.1912 K y_isob_MAE=0.029875 improved=no epoch_time=50.9s total_time=2331.9s
[seed 1] [stage 2/3: joint VLE] [epoch 28/80] train_total=0.018358 val_score=0.816353 best=0.728971 P_MAE=10.4242 kPa y_iso_MAE=0.020173 T_MAE=2.2335 K y_isob_MAE=0.031131 improved=no epoch_time=50.1s total_time=2382.0s
[seed 1] [stage 2/3: joint VLE] [epoch 29/80] train_total=0.017232 val_score=0.860194 best=0.728971 P_MAE=11.2390 kPa y_iso_MAE=0.022727 T_MAE=2.2152 K y_isob_MAE=0.031664 improved=no epoch_time=50.9s total_time=2432.9s
[seed 1] [stage 2/3: joint VLE] [epoch 30/80] train_total=0.017233 val_score=0.807617 best=0.728971 P_MAE=10.7758 kPa y_iso_MAE=0.021616 T_MAE=1.9570 K y_isob_MAE=0.030202 improved=no epoch_time=49.5s total_time=2482.4s
[seed 1] [stage 2/3: joint VLE] [epoch 31/80] train_total=0.018256 val_score=0.798121 best=0.728971 P_MAE=9.5648 kPa y_iso_MAE=0.019278 T_MAE=2.2964 K y_isob_MAE=0.031733 improved=no epoch_time=51.3s total_time=2533.7s
[seed 1] [stage 2/3: joint VLE] [epoch 32/80] train_total=0.018172 val_score=0.765304 best=0.728971 P_MAE=10.2626 kPa y_iso_MAE=0.020256 T_MAE=2.0079 K y_isob_MAE=0.026709 improved=no epoch_time=51.4s total_time=2585.1s
[seed 1] [stage 2/3: joint VLE] [epoch 33/80] train_total=0.016292 val_score=0.691356 best=0.691356 P_MAE=7.6487 kPa y_iso_MAE=0.018193 T_MAE=2.0682 K y_isob_MAE=0.026497 improved=yes epoch_time=51.7s total_time=2636.8s
[seed 1] [stage 2/3: joint VLE] [epoch 34/80] train_total=0.016107 val_score=0.747144 best=0.691356 P_MAE=9.3419 kPa y_iso_MAE=0.017614 T_MAE=2.2557 K y_isob_MAE=0.027558 improved=no epoch_time=50.0s total_time=2686.8s
[seed 1] [stage 2/3: joint VLE] [epoch 35/80] train_total=0.016645 val_score=0.733475 best=0.691356 P_MAE=10.1751 kPa y_iso_MAE=0.018335 T_MAE=1.7995 K y_isob_MAE=0.027642 improved=no epoch_time=48.8s total_time=2735.6s
[seed 1] [stage 2/3: joint VLE] [epoch 36/80] train_total=0.017991 val_score=0.755848 best=0.691356 P_MAE=10.1934 kPa y_iso_MAE=0.020696 T_MAE=1.8609 K y_isob_MAE=0.026829 improved=no epoch_time=49.7s total_time=2785.3s
[seed 1] [stage 2/3: joint VLE] [epoch 37/80] train_total=0.015376 val_score=0.703249 best=0.691356 P_MAE=8.1831 kPa y_iso_MAE=0.020046 T_MAE=1.8849 K y_isob_MAE=0.026286 improved=no epoch_time=49.1s total_time=2834.4s
[seed 1] [stage 2/3: joint VLE] [epoch 38/80] train_total=0.014593 val_score=0.737433 best=0.691356 P_MAE=9.6728 kPa y_iso_MAE=0.020430 T_MAE=1.9269 K y_isob_MAE=0.025285 improved=no epoch_time=48.6s total_time=2883.0s
[seed 1] [stage 2/3: joint VLE] [epoch 39/80] train_total=0.015849 val_score=0.769925 best=0.691356 P_MAE=10.4287 kPa y_iso_MAE=0.019865 T_MAE=2.0792 K y_isob_MAE=0.026449 improved=no epoch_time=48.9s total_time=2931.9s
[seed 1] [stage 2/3: joint VLE] [epoch 40/80] train_total=0.018281 val_score=0.725430 best=0.691356 P_MAE=10.4413 kPa y_iso_MAE=0.020170 T_MAE=1.6972 K y_isob_MAE=0.024217 improved=no epoch_time=48.9s total_time=2980.8s
[seed 1] [stage 2/3: joint VLE] [epoch 41/80] train_total=0.014282 val_score=0.807912 best=0.691356 P_MAE=12.7960 kPa y_iso_MAE=0.019955 T_MAE=1.9946 K y_isob_MAE=0.025111 improved=no epoch_time=48.5s total_time=3029.3s
[seed 1] [stage 2/3: joint VLE] [epoch 42/80] train_total=0.012170 val_score=0.688508 best=0.688508 P_MAE=8.9089 kPa y_iso_MAE=0.018367 T_MAE=1.8568 K y_isob_MAE=0.024271 improved=yes epoch_time=48.5s total_time=3077.8s
[seed 1] [stage 2/3: joint VLE] [epoch 43/80] train_total=0.012652 val_score=0.735987 best=0.688508 P_MAE=10.4970 kPa y_iso_MAE=0.018726 T_MAE=1.9423 K y_isob_MAE=0.024436 improved=no epoch_time=49.2s total_time=3127.0s
[seed 1] [stage 2/3: joint VLE] [epoch 44/80] train_total=0.014038 val_score=0.732968 best=0.688508 P_MAE=10.3091 kPa y_iso_MAE=0.019319 T_MAE=1.7801 K y_isob_MAE=0.025949 improved=no epoch_time=49.4s total_time=3176.4s
[seed 1] [stage 2/3: joint VLE] [epoch 45/80] train_total=0.012687 val_score=0.756989 best=0.688508 P_MAE=10.1746 kPa y_iso_MAE=0.018267 T_MAE=2.1682 K y_isob_MAE=0.026428 improved=no epoch_time=48.8s total_time=3225.3s
[seed 1] [stage 2/3: joint VLE] [epoch 46/80] train_total=0.011799 val_score=0.675276 best=0.675276 P_MAE=9.0995 kPa y_iso_MAE=0.017932 T_MAE=1.7438 K y_isob_MAE=0.023703 improved=yes epoch_time=49.4s total_time=3274.7s
[seed 1] [stage 2/3: joint VLE] [epoch 47/80] train_total=0.011939 val_score=0.738086 best=0.675276 P_MAE=11.3694 kPa y_iso_MAE=0.020340 T_MAE=1.7189 K y_isob_MAE=0.022418 improved=no epoch_time=48.9s total_time=3323.6s
[seed 1] [stage 2/3: joint VLE] [epoch 48/80] train_total=0.011538 val_score=0.678431 best=0.675276 P_MAE=9.2622 kPa y_iso_MAE=0.017614 T_MAE=1.7665 K y_isob_MAE=0.023777 improved=no epoch_time=49.0s total_time=3372.6s
[seed 1] [stage 2/3: joint VLE] [epoch 49/80] train_total=0.011292 val_score=0.741575 best=0.675276 P_MAE=11.0124 kPa y_iso_MAE=0.021312 T_MAE=1.6507 K y_isob_MAE=0.023718 improved=no epoch_time=48.2s total_time=3420.8s
[seed 1] [stage 2/3: joint VLE] [epoch 50/80] train_total=0.010115 val_score=0.774269 best=0.675276 P_MAE=10.8586 kPa y_iso_MAE=0.019922 T_MAE=2.0556 K y_isob_MAE=0.025863 improved=no epoch_time=48.7s total_time=3469.5s
[seed 1] [stage 2/3: joint VLE] [epoch 51/80] train_total=0.011433 val_score=0.669790 best=0.669790 P_MAE=9.8443 kPa y_iso_MAE=0.017442 T_MAE=1.6087 K y_isob_MAE=0.022786 improved=yes epoch_time=49.7s total_time=3519.2s
[seed 1] [stage 2/3: joint VLE] [epoch 52/80] train_total=0.011308 val_score=0.735084 best=0.669790 P_MAE=9.0689 kPa y_iso_MAE=0.017814 T_MAE=2.0997 K y_isob_MAE=0.028446 improved=no epoch_time=49.4s total_time=3568.6s
[seed 1] [stage 2/3: joint VLE] [epoch 53/80] train_total=0.010967 val_score=0.687853 best=0.669790 P_MAE=10.0001 kPa y_iso_MAE=0.018117 T_MAE=1.6413 K y_isob_MAE=0.023632 improved=no epoch_time=51.0s total_time=3619.6s
[seed 1] [stage 2/3: joint VLE] [epoch 54/80] train_total=0.018600 val_score=0.728938 best=0.669790 P_MAE=11.6352 kPa y_iso_MAE=0.018384 T_MAE=1.7150 K y_isob_MAE=0.022935 improved=no epoch_time=52.6s total_time=3672.2s
[seed 1] [stage 2/3: joint VLE] [epoch 55/80] train_total=0.012837 val_score=0.741367 best=0.669790 P_MAE=9.3069 kPa y_iso_MAE=0.020079 T_MAE=1.9966 K y_isob_MAE=0.026729 improved=no epoch_time=49.6s total_time=3721.8s
[seed 1] [stage 2/3: joint VLE] [epoch 56/80] train_total=0.011242 val_score=0.665388 best=0.665388 P_MAE=8.1747 kPa y_iso_MAE=0.017905 T_MAE=1.8578 K y_isob_MAE=0.023893 improved=yes epoch_time=48.9s total_time=3770.8s
[seed 1] [stage 2/3: joint VLE] [epoch 57/80] train_total=0.011541 val_score=0.697296 best=0.665388 P_MAE=9.3679 kPa y_iso_MAE=0.017897 T_MAE=1.9543 K y_isob_MAE=0.023401 improved=no epoch_time=51.3s total_time=3822.1s
[seed 1] [stage 2/3: joint VLE] [epoch 58/80] train_total=0.011677 val_score=0.715571 best=0.665388 P_MAE=8.8278 kPa y_iso_MAE=0.018576 T_MAE=2.1014 K y_isob_MAE=0.025152 improved=no epoch_time=51.1s total_time=3873.2s
[seed 1] [stage 2/3: joint VLE] [epoch 59/80] train_total=0.011690 val_score=0.729381 best=0.665388 P_MAE=9.5688 kPa y_iso_MAE=0.018645 T_MAE=2.0227 K y_isob_MAE=0.025674 improved=no epoch_time=50.9s total_time=3924.1s
[seed 1] [stage 2/3: joint VLE] [epoch 60/80] train_total=0.011551 val_score=0.656269 best=0.656269 P_MAE=8.4673 kPa y_iso_MAE=0.016645 T_MAE=1.8095 K y_isob_MAE=0.023922 improved=yes epoch_time=50.7s total_time=3974.8s
[seed 1] [stage 2/3: joint VLE] [epoch 61/80] train_total=0.010624 val_score=0.684007 best=0.656269 P_MAE=8.8961 kPa y_iso_MAE=0.018045 T_MAE=1.8222 K y_isob_MAE=0.024546 improved=no epoch_time=50.8s total_time=4025.5s
[seed 1] [stage 2/3: joint VLE] [epoch 62/80] train_total=0.010643 val_score=0.688553 best=0.656269 P_MAE=8.7938 kPa y_iso_MAE=0.016806 T_MAE=1.9412 K y_isob_MAE=0.025781 improved=no epoch_time=49.7s total_time=4075.3s
[seed 1] [stage 2/3: joint VLE] [epoch 63/80] train_total=0.010651 val_score=0.716312 best=0.656269 P_MAE=10.2584 kPa y_iso_MAE=0.019204 T_MAE=1.7202 K y_isob_MAE=0.024517 improved=no epoch_time=50.2s total_time=4125.5s
[seed 1] [stage 2/3: joint VLE] [epoch 64/80] train_total=0.009928 val_score=0.643323 best=0.643323 P_MAE=9.0479 kPa y_iso_MAE=0.017849 T_MAE=1.5686 K y_isob_MAE=0.021413 improved=yes epoch_time=49.3s total_time=4174.7s
[seed 1] [stage 2/3: joint VLE] [epoch 65/80] train_total=0.009422 val_score=0.642813 best=0.642813 P_MAE=7.2603 kPa y_iso_MAE=0.019666 T_MAE=1.6302 K y_isob_MAE=0.024109 improved=yes epoch_time=50.2s total_time=4224.9s
[seed 1] [stage 2/3: joint VLE] [epoch 66/80] train_total=0.011121 val_score=0.721977 best=0.642813 P_MAE=9.9387 kPa y_iso_MAE=0.020645 T_MAE=1.7273 K y_isob_MAE=0.024342 improved=no epoch_time=50.0s total_time=4274.9s
[seed 1] [stage 2/3: joint VLE] [epoch 67/80] train_total=0.010215 val_score=0.725355 best=0.642813 P_MAE=10.2878 kPa y_iso_MAE=0.018806 T_MAE=1.8919 K y_isob_MAE=0.024080 improved=no epoch_time=49.6s total_time=4324.6s
[seed 1] [stage 2/3: joint VLE] [epoch 68/80] train_total=0.010080 val_score=0.727217 best=0.642813 P_MAE=10.9305 kPa y_iso_MAE=0.020465 T_MAE=1.6468 K y_isob_MAE=0.023049 improved=no epoch_time=49.6s total_time=4374.2s
[seed 1] [stage 2/3: joint VLE] [epoch 69/80] train_total=0.011649 val_score=0.759670 best=0.642813 P_MAE=12.4016 kPa y_iso_MAE=0.020656 T_MAE=1.5908 K y_isob_MAE=0.023439 improved=no epoch_time=48.9s total_time=4423.1s
[seed 1] [stage 2/3: joint VLE] [epoch 70/80] train_total=0.010670 val_score=0.674473 best=0.642813 P_MAE=8.1176 kPa y_iso_MAE=0.020041 T_MAE=1.6890 K y_isob_MAE=0.024700 improved=no epoch_time=49.4s total_time=4472.6s
[seed 1] [stage 2/3: joint VLE] [epoch 71/80] train_total=0.011217 val_score=0.664080 best=0.642813 P_MAE=9.0336 kPa y_iso_MAE=0.018190 T_MAE=1.6821 K y_isob_MAE=0.022660 improved=no epoch_time=48.8s total_time=4521.4s
[seed 1] [stage 2/3: joint VLE] [epoch 72/80] train_total=0.011108 val_score=0.648866 best=0.642813 P_MAE=8.5767 kPa y_iso_MAE=0.017666 T_MAE=1.6318 K y_isob_MAE=0.023320 improved=no epoch_time=50.2s total_time=4571.6s
[seed 1] [stage 2/3: joint VLE] [epoch 73/80] train_total=0.011116 val_score=0.754719 best=0.642813 P_MAE=9.7495 kPa y_iso_MAE=0.019681 T_MAE=2.0526 K y_isob_MAE=0.027076 improved=no epoch_time=50.3s total_time=4621.9s
[seed 1] [stage 2/3: joint VLE] [epoch 74/80] train_total=0.011855 val_score=0.636992 best=0.636992 P_MAE=8.4859 kPa y_iso_MAE=0.017487 T_MAE=1.6033 K y_isob_MAE=0.022439 improved=yes epoch_time=49.8s total_time=4671.7s
[seed 1] [stage 2/3: joint VLE] [epoch 75/80] train_total=0.008612 val_score=0.693781 best=0.636992 P_MAE=10.4480 kPa y_iso_MAE=0.019124 T_MAE=1.5777 K y_isob_MAE=0.022405 improved=no epoch_time=50.8s total_time=4722.5s
[seed 1] [stage 2/3: joint VLE] [epoch 76/80] train_total=0.009832 val_score=0.728350 best=0.636992 P_MAE=11.2467 kPa y_iso_MAE=0.019000 T_MAE=1.7183 K y_isob_MAE=0.023266 improved=no epoch_time=50.9s total_time=4773.4s
[seed 1] [stage 2/3: joint VLE] [epoch 77/80] train_total=0.011662 val_score=0.837445 best=0.636992 P_MAE=10.9146 kPa y_iso_MAE=0.021205 T_MAE=2.4603 K y_isob_MAE=0.028165 improved=no epoch_time=51.9s total_time=4825.3s
[seed 1] [stage 2/3: joint VLE] [epoch 78/80] train_total=0.013053 val_score=0.698643 best=0.636992 P_MAE=9.6165 kPa y_iso_MAE=0.018376 T_MAE=1.7344 K y_isob_MAE=0.025010 improved=no epoch_time=51.0s total_time=4876.3s
[seed 1] [stage 2/3: joint VLE] [epoch 79/80] train_total=0.010771 val_score=0.691820 best=0.636992 P_MAE=10.9667 kPa y_iso_MAE=0.018588 T_MAE=1.5263 K y_isob_MAE=0.021759 improved=no epoch_time=52.9s total_time=4929.2s
[seed 1] [stage 2/3: joint VLE] [epoch 80/80] train_total=0.009582 val_score=0.674698 best=0.636992 P_MAE=9.6465 kPa y_iso_MAE=0.018251 T_MAE=1.5700 K y_isob_MAE=0.023590 improved=no epoch_time=54.6s total_time=4983.9s
{"direct_ge_parameter_summary": {"stage1_trainable_parameters": 2163842, "stage2_trainable_parameters": 2201284, "stage3": {"groups": [{"learning_rate": 2e-05, "name": "context_pair_potential", "parameter_count": 148609, "parameter_names": ["context_pair_potential.0.weight", "context_pair_potential.0.bias", "context_pair_potential.2.weight", "context_pair_potential.2.bias"]}, {"learning_rate": 1e-05, "name": "vapor_pressure", "parameter_count": 37442, "parameter_names": ["vapor_pressure.parameter_head.0.weight", "vapor_pressure.parameter_head.0.bias", "vapor_pressure.parameter_head.2.weight", "vapor_pressure.parameter_head.2.bias"]}, {"learning_rate": 5e-06, "name": "film", "parameter_count": 111744, "parameter_names": ["film.0.weight", "film.0.bias", "film.2.weight", "film.2.bias"]}, {"learning_rate": 5e-06, "name": "mixture_token", "parameter_count": 192, "parameter_names": ["mixture_token"]}], "total_parameters": 2201284, "trainable_fraction": 0.13536962972519676, "trainable_parameters": 297987}, "total_parameters": 2201284, "trainable_fraction": 0.13536962972519676, "trainable_parameters": 297987}}
[seed 1] [stage 3/3: fugacity] starting 10 epoch(s)
[seed 1] [stage 3/3: fugacity] [epoch 1/10] train_total=0.008842 val_score=0.657891 best=0.657891 P_MAE=9.1593 kPa y_iso_MAE=0.018051 T_MAE=1.6127 K y_isob_MAE=0.022398 improved=yes epoch_time=53.1s total_time=5037.0s
[seed 1] [stage 3/3: fugacity] [epoch 2/10] train_total=0.008028 val_score=0.674496 best=0.657891 P_MAE=9.8221 kPa y_iso_MAE=0.018262 T_MAE=1.6128 K y_isob_MAE=0.022359 improved=no epoch_time=52.9s total_time=5089.9s
[seed 1] [stage 3/3: fugacity] [epoch 3/10] train_total=0.007445 val_score=0.677573 best=0.657891 P_MAE=9.9504 kPa y_iso_MAE=0.018298 T_MAE=1.6175 K y_isob_MAE=0.022275 improved=no epoch_time=51.1s total_time=5141.1s
[seed 1] [stage 3/3: fugacity] [epoch 4/10] train_total=0.007234 val_score=0.682241 best=0.657891 P_MAE=10.1802 kPa y_iso_MAE=0.018442 T_MAE=1.5943 K y_isob_MAE=0.022303 improved=no epoch_time=53.0s total_time=5194.1s
[seed 1] [stage 3/3: fugacity] [epoch 5/10] train_total=0.007050 val_score=0.678634 best=0.657891 P_MAE=10.1156 kPa y_iso_MAE=0.018374 T_MAE=1.5923 K y_isob_MAE=0.022095 improved=no epoch_time=51.6s total_time=5245.7s
[seed 1] [stage 3/3: fugacity] [epoch 6/10] train_total=0.006913 val_score=0.677086 best=0.657891 P_MAE=10.0381 kPa y_iso_MAE=0.018346 T_MAE=1.5956 K y_isob_MAE=0.022121 improved=no epoch_time=50.2s total_time=5296.0s
[seed 1] [stage 3/3: fugacity] [epoch 7/10] train_total=0.006928 val_score=0.677039 best=0.657891 P_MAE=10.0220 kPa y_iso_MAE=0.018345 T_MAE=1.5954 K y_isob_MAE=0.022173 improved=no epoch_time=50.4s total_time=5346.4s
[seed 1] [stage 3/3: fugacity] [epoch 8/10] train_total=0.006840 val_score=0.676056 best=0.657891 P_MAE=10.0137 kPa y_iso_MAE=0.018291 T_MAE=1.5980 K y_isob_MAE=0.022093 improved=no epoch_time=52.8s total_time=5399.2s
[seed 1] [stage 3/3: fugacity] [epoch 9/10] train_total=0.006717 val_score=0.678836 best=0.657891 P_MAE=10.0721 kPa y_iso_MAE=0.018384 T_MAE=1.6015 K y_isob_MAE=0.022140 improved=no epoch_time=51.5s total_time=5450.7s
[seed 1] [stage 3/3: fugacity] [epoch 10/10] train_total=0.006976 val_score=0.680117 best=0.657891 P_MAE=10.1309 kPa y_iso_MAE=0.018332 T_MAE=1.6071 K y_isob_MAE=0.022133 improved=no epoch_time=49.7s total_time=5500.4s
{"variant": "c2_chemical_bias_full", "seed": 1, "status": "completed", "selected_stage": "stage2", "stage0_source": "generated"}
[stage experimental] starting 80 epoch(s)
[stage experimental] [epoch 1/80] train_total=0.706279 val_total=0.143119 best=0.143119 improved=yes epoch_time=2.3s total_time=2.3s
[stage experimental] [epoch 2/80] train_total=0.099999 val_total=0.076304 best=0.076304 improved=yes epoch_time=2.3s total_time=4.7s
[stage experimental] [epoch 3/80] train_total=0.074105 val_total=0.072978 best=0.072978 improved=yes epoch_time=2.3s total_time=7.0s
[stage experimental] [epoch 4/80] train_total=0.049044 val_total=0.068442 best=0.068442 improved=yes epoch_time=2.3s total_time=9.4s
[stage experimental] [epoch 5/80] train_total=0.045596 val_total=0.071119 best=0.068442 improved=no epoch_time=2.4s total_time=11.7s
[stage experimental] [epoch 6/80] train_total=0.042170 val_total=0.053295 best=0.053295 improved=yes epoch_time=2.4s total_time=14.1s
[stage experimental] [epoch 7/80] train_total=0.041768 val_total=0.071402 best=0.053295 improved=no epoch_time=2.4s total_time=16.5s
[stage experimental] [epoch 8/80] train_total=0.046330 val_total=0.075405 best=0.053295 improved=no epoch_time=2.4s total_time=18.9s
[stage experimental] [epoch 9/80] train_total=0.041750 val_total=0.065654 best=0.053295 improved=no epoch_time=2.4s total_time=21.3s
[stage experimental] [epoch 10/80] train_total=0.035336 val_total=0.073883 best=0.053295 improved=no epoch_time=2.4s total_time=23.6s
[stage experimental] [epoch 11/80] train_total=0.043978 val_total=0.056898 best=0.053295 improved=no epoch_time=2.6s total_time=26.2s
[stage experimental] [epoch 12/80] train_total=0.033316 val_total=0.058099 best=0.053295 improved=no epoch_time=2.6s total_time=28.7s
[stage experimental] [epoch 13/80] train_total=0.029701 val_total=0.060392 best=0.053295 improved=no epoch_time=2.8s total_time=31.6s
[stage experimental] [epoch 14/80] train_total=0.033205 val_total=0.052757 best=0.052757 improved=yes epoch_time=2.8s total_time=34.4s
[stage experimental] [epoch 15/80] train_total=0.027209 val_total=0.056743 best=0.052757 improved=no epoch_time=2.8s total_time=37.2s
[stage experimental] [epoch 16/80] train_total=0.029807 val_total=0.056253 best=0.052757 improved=no epoch_time=2.7s total_time=39.8s
[stage experimental] [epoch 17/80] train_total=0.028729 val_total=0.051189 best=0.051189 improved=yes epoch_time=2.8s total_time=42.6s
[stage experimental] [epoch 18/80] train_total=0.032512 val_total=0.055030 best=0.051189 improved=no epoch_time=2.8s total_time=45.5s
[stage experimental] [epoch 19/80] train_total=0.026585 val_total=0.051432 best=0.051189 improved=no epoch_time=2.9s total_time=48.3s
[stage experimental] [epoch 20/80] train_total=0.027629 val_total=0.069539 best=0.051189 improved=no epoch_time=2.8s total_time=51.2s
[stage experimental] [epoch 21/80] train_total=0.026323 val_total=0.055086 best=0.051189 improved=no epoch_time=2.7s total_time=53.8s
[stage experimental] [epoch 22/80] train_total=0.023512 val_total=0.057522 best=0.051189 improved=no epoch_time=2.5s total_time=56.3s
[stage experimental] [epoch 23/80] train_total=0.025277 val_total=0.051072 best=0.051072 improved=yes epoch_time=2.5s total_time=58.8s
[stage experimental] [epoch 24/80] train_total=0.026690 val_total=0.057057 best=0.051072 improved=no epoch_time=2.5s total_time=61.3s
[stage experimental] [epoch 25/80] train_total=0.026259 val_total=0.051151 best=0.051072 improved=no epoch_time=2.6s total_time=63.9s
[stage experimental] [epoch 26/80] train_total=0.022871 val_total=0.047931 best=0.047931 improved=yes epoch_time=2.5s total_time=66.3s
[stage experimental] [epoch 27/80] train_total=0.021631 val_total=0.049795 best=0.047931 improved=no epoch_time=2.4s total_time=68.8s
[stage experimental] [epoch 28/80] train_total=0.021785 val_total=0.045430 best=0.045430 improved=yes epoch_time=2.6s total_time=71.3s
[stage experimental] [epoch 29/80] train_total=0.022200 val_total=0.050091 best=0.045430 improved=no epoch_time=2.6s total_time=73.9s
[stage experimental] [epoch 30/80] train_total=0.020158 val_total=0.046707 best=0.045430 improved=no epoch_time=2.5s total_time=76.4s
[stage experimental] [epoch 31/80] train_total=0.018389 val_total=0.044980 best=0.044980 improved=yes epoch_time=2.5s total_time=79.0s
[stage experimental] [epoch 32/80] train_total=0.017885 val_total=0.034926 best=0.034926 improved=yes epoch_time=2.5s total_time=81.5s
[stage experimental] [epoch 33/80] train_total=0.017314 val_total=0.043977 best=0.034926 improved=no epoch_time=2.5s total_time=84.0s
[stage experimental] [epoch 34/80] train_total=0.015128 val_total=0.040541 best=0.034926 improved=no epoch_time=2.5s total_time=86.5s
[stage experimental] [epoch 35/80] train_total=0.018171 val_total=0.038692 best=0.034926 improved=no epoch_time=2.5s total_time=88.9s
[stage experimental] [epoch 36/80] train_total=0.016409 val_total=0.034973 best=0.034926 improved=no epoch_time=2.8s total_time=91.8s
[stage experimental] [epoch 37/80] train_total=0.014513 val_total=0.031290 best=0.031290 improved=yes epoch_time=2.8s total_time=94.5s
[stage experimental] [epoch 38/80] train_total=0.017318 val_total=0.035623 best=0.031290 improved=no epoch_time=2.6s total_time=97.1s
[stage experimental] [epoch 39/80] train_total=0.015931 val_total=0.034504 best=0.031290 improved=no epoch_time=2.8s total_time=99.9s
[stage experimental] [epoch 40/80] train_total=0.016423 val_total=0.031518 best=0.031290 improved=no epoch_time=2.8s total_time=102.7s
[stage experimental] [epoch 41/80] train_total=0.014463 val_total=0.032038 best=0.031290 improved=no epoch_time=2.7s total_time=105.4s
[stage experimental] [epoch 42/80] train_total=0.014929 val_total=0.032500 best=0.031290 improved=no epoch_time=2.6s total_time=108.1s
[stage experimental] [epoch 43/80] train_total=0.011846 val_total=0.036749 best=0.031290 improved=no epoch_time=2.6s total_time=110.6s
[stage experimental] [epoch 44/80] train_total=0.011357 val_total=0.034064 best=0.031290 improved=no epoch_time=2.8s total_time=113.5s
[stage experimental] [epoch 45/80] train_total=0.015555 val_total=0.029788 best=0.029788 improved=yes epoch_time=2.5s total_time=116.0s
[stage experimental] [epoch 46/80] train_total=0.012169 val_total=0.025911 best=0.025911 improved=yes epoch_time=2.4s total_time=118.4s
[stage experimental] [epoch 47/80] train_total=0.011853 val_total=0.028352 best=0.025911 improved=no epoch_time=2.4s total_time=120.8s
[stage experimental] [epoch 48/80] train_total=0.010345 val_total=0.023847 best=0.023847 improved=yes epoch_time=2.4s total_time=123.2s
[stage experimental] [epoch 49/80] train_total=0.012207 val_total=0.036048 best=0.023847 improved=no epoch_time=2.4s total_time=125.6s
[stage experimental] [epoch 50/80] train_total=0.011936 val_total=0.023183 best=0.023183 improved=yes epoch_time=2.4s total_time=128.0s
[stage experimental] [epoch 51/80] train_total=0.012051 val_total=0.024872 best=0.023183 improved=no epoch_time=2.4s total_time=130.4s
[stage experimental] [epoch 52/80] train_total=0.013038 val_total=0.026729 best=0.023183 improved=no epoch_time=2.4s total_time=132.7s
[stage experimental] [epoch 53/80] train_total=0.010497 val_total=0.026176 best=0.023183 improved=no epoch_time=2.4s total_time=135.1s
[stage experimental] [epoch 54/80] train_total=0.009755 val_total=0.028179 best=0.023183 improved=no epoch_time=2.4s total_time=137.5s
[stage experimental] [epoch 55/80] train_total=0.011032 val_total=0.020593 best=0.020593 improved=yes epoch_time=2.4s total_time=139.9s
[stage experimental] [epoch 56/80] train_total=0.010968 val_total=0.023556 best=0.020593 improved=no epoch_time=2.4s total_time=142.3s
[stage experimental] [epoch 57/80] train_total=0.010250 val_total=0.026443 best=0.020593 improved=no epoch_time=2.4s total_time=144.7s
[stage experimental] [epoch 58/80] train_total=0.011519 val_total=0.019768 best=0.019768 improved=yes epoch_time=2.5s total_time=147.2s
[stage experimental] [epoch 59/80] train_total=0.011907 val_total=0.019740 best=0.019740 improved=yes epoch_time=2.4s total_time=149.7s
[stage experimental] [epoch 60/80] train_total=0.010083 val_total=0.020751 best=0.019740 improved=no epoch_time=2.5s total_time=152.2s
[stage experimental] [epoch 61/80] train_total=0.010558 val_total=0.020196 best=0.019740 improved=no epoch_time=2.7s total_time=154.9s
[stage experimental] [epoch 62/80] train_total=0.007854 val_total=0.020231 best=0.019740 improved=no epoch_time=2.7s total_time=157.5s
[stage experimental] [epoch 63/80] train_total=0.008849 val_total=0.020960 best=0.019740 improved=no epoch_time=2.7s total_time=160.2s
[stage experimental] [epoch 64/80] train_total=0.010950 val_total=0.020943 best=0.019740 improved=no epoch_time=2.6s total_time=162.8s
[stage experimental] [epoch 65/80] train_total=0.009850 val_total=0.024748 best=0.019740 improved=no epoch_time=2.5s total_time=165.4s
[stage experimental] [epoch 66/80] train_total=0.011427 val_total=0.027986 best=0.019740 improved=no epoch_time=2.6s total_time=167.9s
[stage experimental] [epoch 67/80] train_total=0.008432 val_total=0.020092 best=0.019740 improved=no epoch_time=2.5s total_time=170.5s
[stage experimental] [epoch 68/80] train_total=0.009021 val_total=0.018555 best=0.018555 improved=yes epoch_time=2.6s total_time=173.1s
[stage experimental] [epoch 69/80] train_total=0.008949 val_total=0.018500 best=0.018500 improved=yes epoch_time=2.6s total_time=175.7s
[stage experimental] [epoch 70/80] train_total=0.008494 val_total=0.021769 best=0.018500 improved=no epoch_time=2.4s total_time=178.1s
[stage experimental] [epoch 71/80] train_total=0.009460 val_total=0.019927 best=0.018500 improved=no epoch_time=2.5s total_time=180.5s
[stage experimental] [epoch 72/80] train_total=0.011377 val_total=0.018253 best=0.018253 improved=yes epoch_time=2.4s total_time=182.9s
[stage experimental] [epoch 73/80] train_total=0.008328 val_total=0.019345 best=0.018253 improved=no epoch_time=2.4s total_time=185.3s
[stage experimental] [epoch 74/80] train_total=0.008439 val_total=0.025116 best=0.018253 improved=no epoch_time=2.4s total_time=187.6s
[stage experimental] [epoch 75/80] train_total=0.008238 val_total=0.019756 best=0.018253 improved=no epoch_time=2.4s total_time=190.0s
[stage experimental] [epoch 76/80] train_total=0.007911 val_total=0.020650 best=0.018253 improved=no epoch_time=2.4s total_time=192.4s
[stage experimental] [epoch 77/80] train_total=0.008238 val_total=0.024141 best=0.018253 improved=no epoch_time=2.5s total_time=195.0s
[stage experimental] [epoch 78/80] train_total=0.007994 val_total=0.018565 best=0.018253 improved=no epoch_time=2.5s total_time=197.5s
[stage experimental] [epoch 79/80] train_total=0.007921 val_total=0.020007 best=0.018253 improved=no epoch_time=2.4s total_time=199.9s
[stage experimental] [epoch 80/80] train_total=0.007180 val_total=0.017082 best=0.017082 improved=yes epoch_time=2.5s total_time=202.4s
[seed 2] [stage 1/3: direct GE] starting 20 epoch(s)
[seed 2] [stage 1/3: direct GE] [epoch 1/20] train_total=0.004067 val_score=1.103713 best=1.103713 P_MAE=8.1535 kPa y_iso_MAE=0.031127 T_MAE=2.4119 K y_isob_MAE=0.030845 improved=yes epoch_time=39.5s total_time=75.6s
[seed 2] [stage 1/3: direct GE] [epoch 2/20] train_total=0.003599 val_score=1.051668 best=1.051668 P_MAE=7.2935 kPa y_iso_MAE=0.030286 T_MAE=2.1954 K y_isob_MAE=0.032111 improved=yes epoch_time=38.9s total_time=114.5s
[seed 2] [stage 1/3: direct GE] [epoch 3/20] train_total=0.003395 val_score=1.067255 best=1.051668 P_MAE=7.3057 kPa y_iso_MAE=0.030705 T_MAE=2.3726 K y_isob_MAE=0.030776 improved=no epoch_time=39.0s total_time=153.5s
[seed 2] [stage 1/3: direct GE] [epoch 4/20] train_total=0.003674 val_score=1.065680 best=1.051668 P_MAE=6.9091 kPa y_iso_MAE=0.027510 T_MAE=2.4705 K y_isob_MAE=0.033472 improved=no epoch_time=40.2s total_time=193.7s
[seed 2] [stage 1/3: direct GE] [epoch 5/20] train_total=0.003276 val_score=1.153101 best=1.051668 P_MAE=8.5490 kPa y_iso_MAE=0.034370 T_MAE=2.4406 K y_isob_MAE=0.031628 improved=no epoch_time=41.4s total_time=235.0s
[seed 2] [stage 1/3: direct GE] [epoch 6/20] train_total=0.003183 val_score=1.047767 best=1.047767 P_MAE=6.9357 kPa y_iso_MAE=0.027735 T_MAE=2.4055 K y_isob_MAE=0.032117 improved=yes epoch_time=38.4s total_time=273.5s
[seed 2] [stage 1/3: direct GE] [epoch 7/20] train_total=0.003158 val_score=1.091086 best=1.047767 P_MAE=8.2223 kPa y_iso_MAE=0.028961 T_MAE=2.3735 K y_isob_MAE=0.031712 improved=no epoch_time=41.2s total_time=314.7s
[seed 2] [stage 1/3: direct GE] [epoch 8/20] train_total=0.003044 val_score=1.078854 best=1.047767 P_MAE=7.0581 kPa y_iso_MAE=0.030551 T_MAE=2.4598 K y_isob_MAE=0.031817 improved=no epoch_time=39.5s total_time=354.2s
[seed 2] [stage 1/3: direct GE] [epoch 9/20] train_total=0.002970 val_score=1.141177 best=1.047767 P_MAE=8.3594 kPa y_iso_MAE=0.030244 T_MAE=2.7092 K y_isob_MAE=0.030656 improved=no epoch_time=38.5s total_time=392.7s
[seed 2] [stage 1/3: direct GE] [epoch 10/20] train_total=0.003042 val_score=1.131752 best=1.047767 P_MAE=7.5149 kPa y_iso_MAE=0.028803 T_MAE=2.8648 K y_isob_MAE=0.031627 improved=no epoch_time=40.9s total_time=433.6s
[seed 2] [stage 1/3: direct GE] [epoch 11/20] train_total=0.002935 val_score=1.104227 best=1.047767 P_MAE=6.3335 kPa y_iso_MAE=0.026903 T_MAE=2.9596 K y_isob_MAE=0.033106 improved=no epoch_time=39.7s total_time=473.3s
[seed 2] [stage 1/3: direct GE] [epoch 12/20] train_total=0.002911 val_score=1.122687 best=1.047767 P_MAE=7.3332 kPa y_iso_MAE=0.030610 T_MAE=2.7560 K y_isob_MAE=0.031260 improved=no epoch_time=38.4s total_time=511.7s
[seed 2] [stage 1/3: direct GE] [epoch 13/20] train_total=0.002893 val_score=1.210873 best=1.047767 P_MAE=7.5731 kPa y_iso_MAE=0.031217 T_MAE=3.2035 K y_isob_MAE=0.033084 improved=no epoch_time=41.7s total_time=553.5s
[seed 2] [stage 1/3: direct GE] [epoch 14/20] train_total=0.003009 val_score=1.240758 best=1.047767 P_MAE=7.9124 kPa y_iso_MAE=0.030187 T_MAE=3.3781 K y_isob_MAE=0.033538 improved=no epoch_time=41.0s total_time=594.5s
[seed 2] [stage 1/3: direct GE] [epoch 15/20] train_total=0.002907 val_score=1.216277 best=1.047767 P_MAE=7.6443 kPa y_iso_MAE=0.031683 T_MAE=3.1613 K y_isob_MAE=0.033652 improved=no epoch_time=38.3s total_time=632.9s
[seed 2] [stage 1/3: direct GE] [epoch 16/20] train_total=0.003129 val_score=1.350624 best=1.047767 P_MAE=8.5648 kPa y_iso_MAE=0.034809 T_MAE=3.6614 K y_isob_MAE=0.035149 improved=no epoch_time=40.5s total_time=673.3s
[seed 2] [stage 1/3: direct GE] [epoch 17/20] train_total=0.003163 val_score=1.224329 best=1.047767 P_MAE=7.8326 kPa y_iso_MAE=0.033135 T_MAE=3.1928 K y_isob_MAE=0.032082 improved=no epoch_time=39.1s total_time=712.4s
[seed 2] [stage 1/3: direct GE] [epoch 18/20] train_total=0.002916 val_score=1.281390 best=1.047767 P_MAE=8.3548 kPa y_iso_MAE=0.033724 T_MAE=3.3519 K y_isob_MAE=0.033717 improved=no epoch_time=38.2s total_time=750.6s
[seed 2] [stage 1/3: direct GE] [epoch 19/20] train_total=0.002820 val_score=1.253098 best=1.047767 P_MAE=8.0687 kPa y_iso_MAE=0.032643 T_MAE=3.3505 K y_isob_MAE=0.032552 improved=no epoch_time=40.3s total_time=790.8s
[seed 2] [stage 1/3: direct GE] [epoch 20/20] train_total=0.002762 val_score=1.397354 best=1.047767 P_MAE=8.5619 kPa y_iso_MAE=0.033097 T_MAE=4.0837 K y_isob_MAE=0.035639 improved=no epoch_time=39.8s total_time=830.6s
[seed 2] [stage 2/3: joint VLE] starting 80 epoch(s)
[seed 2] [stage 2/3: joint VLE] [epoch 1/80] train_total=0.017073 val_score=1.148690 best=1.148690 P_MAE=9.2303 kPa y_iso_MAE=0.034071 T_MAE=2.3110 K y_isob_MAE=0.030872 improved=yes epoch_time=39.7s total_time=870.3s
[seed 2] [stage 2/3: joint VLE] [epoch 2/80] train_total=0.012134 val_score=1.010070 best=1.010070 P_MAE=7.4611 kPa y_iso_MAE=0.031714 T_MAE=1.9882 K y_isob_MAE=0.028606 improved=yes epoch_time=43.1s total_time=913.4s
[seed 2] [stage 2/3: joint VLE] [epoch 3/80] train_total=0.011729 val_score=1.058223 best=1.010070 P_MAE=7.1372 kPa y_iso_MAE=0.030844 T_MAE=2.3147 K y_isob_MAE=0.031113 improved=no epoch_time=42.8s total_time=956.2s
[seed 2] [stage 2/3: joint VLE] [epoch 4/80] train_total=0.014374 val_score=1.132191 best=1.010070 P_MAE=7.9596 kPa y_iso_MAE=0.032861 T_MAE=2.5523 K y_isob_MAE=0.031087 improved=no epoch_time=40.8s total_time=997.0s
[seed 2] [stage 2/3: joint VLE] [epoch 5/80] train_total=0.013560 val_score=0.985776 best=0.985776 P_MAE=7.1257 kPa y_iso_MAE=0.031494 T_MAE=1.8412 K y_isob_MAE=0.029494 improved=yes epoch_time=42.0s total_time=1039.0s
[seed 2] [stage 2/3: joint VLE] [epoch 6/80] train_total=0.012876 val_score=1.080888 best=0.985776 P_MAE=9.5707 kPa y_iso_MAE=0.031553 T_MAE=1.9817 K y_isob_MAE=0.029197 improved=no epoch_time=40.1s total_time=1079.1s
[seed 2] [stage 2/3: joint VLE] [epoch 7/80] train_total=0.010771 val_score=1.031216 best=0.985776 P_MAE=7.6568 kPa y_iso_MAE=0.030741 T_MAE=2.1072 K y_isob_MAE=0.029381 improved=no epoch_time=40.7s total_time=1119.8s
[seed 2] [stage 2/3: joint VLE] [epoch 8/80] train_total=0.011633 val_score=1.050721 best=0.985776 P_MAE=8.7995 kPa y_iso_MAE=0.030631 T_MAE=1.9448 K y_isob_MAE=0.029982 improved=no epoch_time=41.9s total_time=1161.7s
[seed 2] [stage 2/3: joint VLE] [epoch 9/80] train_total=0.012401 val_score=1.044276 best=0.985776 P_MAE=8.0672 kPa y_iso_MAE=0.031767 T_MAE=2.0694 K y_isob_MAE=0.029005 improved=no epoch_time=41.0s total_time=1202.8s
[seed 2] [stage 2/3: joint VLE] [epoch 10/80] train_total=0.012137 val_score=0.971876 best=0.971876 P_MAE=7.5049 kPa y_iso_MAE=0.031349 T_MAE=1.7656 K y_isob_MAE=0.027806 improved=yes epoch_time=40.7s total_time=1243.5s
[seed 2] [stage 2/3: joint VLE] [epoch 11/80] train_total=0.011508 val_score=1.265889 best=0.971876 P_MAE=13.2437 kPa y_iso_MAE=0.038832 T_MAE=1.9892 K y_isob_MAE=0.030076 improved=no epoch_time=43.6s total_time=1287.1s
[seed 2] [stage 2/3: joint VLE] [epoch 12/80] train_total=0.011783 val_score=1.048165 best=0.971876 P_MAE=8.0370 kPa y_iso_MAE=0.032393 T_MAE=1.9939 K y_isob_MAE=0.030129 improved=no epoch_time=41.9s total_time=1329.0s
[seed 2] [stage 2/3: joint VLE] [epoch 13/80] train_total=0.010565 val_score=1.055953 best=0.971876 P_MAE=9.1365 kPa y_iso_MAE=0.031312 T_MAE=1.9146 K y_isob_MAE=0.029184 improved=no epoch_time=42.6s total_time=1371.6s
[seed 2] [stage 2/3: joint VLE] [epoch 14/80] train_total=0.010837 val_score=1.070178 best=0.971876 P_MAE=8.3368 kPa y_iso_MAE=0.030735 T_MAE=2.2139 K y_isob_MAE=0.029716 improved=no epoch_time=41.5s total_time=1413.1s
[seed 2] [stage 2/3: joint VLE] [epoch 15/80] train_total=0.015313 val_score=1.025730 best=0.971876 P_MAE=7.9812 kPa y_iso_MAE=0.032234 T_MAE=1.9580 K y_isob_MAE=0.028470 improved=no epoch_time=40.2s total_time=1453.3s
[seed 2] [stage 2/3: joint VLE] [epoch 16/80] train_total=0.012282 val_score=1.018427 best=0.971876 P_MAE=7.0139 kPa y_iso_MAE=0.028691 T_MAE=2.1948 K y_isob_MAE=0.030815 improved=no epoch_time=42.5s total_time=1495.8s
[seed 2] [stage 2/3: joint VLE] [epoch 17/80] train_total=0.009740 val_score=0.982577 best=0.971876 P_MAE=7.7180 kPa y_iso_MAE=0.031886 T_MAE=1.7145 K y_isob_MAE=0.028529 improved=no epoch_time=41.1s total_time=1536.9s
[seed 2] [stage 2/3: joint VLE] [epoch 18/80] train_total=0.011091 val_score=1.043177 best=0.971876 P_MAE=8.1096 kPa y_iso_MAE=0.033205 T_MAE=1.8555 K y_isob_MAE=0.030652 improved=no epoch_time=40.0s total_time=1576.9s
[seed 2] [stage 2/3: joint VLE] [epoch 19/80] train_total=0.011899 val_score=1.048037 best=0.971876 P_MAE=8.4877 kPa y_iso_MAE=0.032236 T_MAE=1.8697 K y_isob_MAE=0.030491 improved=no epoch_time=42.8s total_time=1619.7s
[seed 2] [stage 2/3: joint VLE] [epoch 20/80] train_total=0.013728 val_score=1.146046 best=0.971876 P_MAE=9.6280 kPa y_iso_MAE=0.033811 T_MAE=2.1905 K y_isob_MAE=0.031179 improved=no epoch_time=42.9s total_time=1662.6s
[seed 2] [stage 2/3: joint VLE] [epoch 21/80] train_total=0.012448 val_score=1.028514 best=0.971876 P_MAE=7.6438 kPa y_iso_MAE=0.031784 T_MAE=1.9650 K y_isob_MAE=0.030323 improved=no epoch_time=40.3s total_time=1702.9s
[seed 2] [stage 2/3: joint VLE] [epoch 22/80] train_total=0.010348 val_score=1.049092 best=0.971876 P_MAE=7.5938 kPa y_iso_MAE=0.031200 T_MAE=2.1558 K y_isob_MAE=0.030489 improved=no epoch_time=43.4s total_time=1746.3s
{"direct_ge_parameter_summary": {"stage1_trainable_parameters": 2163842, "stage2_trainable_parameters": 2201284, "stage3": {"groups": [{"learning_rate": 2e-05, "name": "context_pair_potential", "parameter_count": 148609, "parameter_names": ["context_pair_potential.0.weight", "context_pair_potential.0.bias", "context_pair_potential.2.weight", "context_pair_potential.2.bias"]}, {"learning_rate": 1e-05, "name": "vapor_pressure", "parameter_count": 37442, "parameter_names": ["vapor_pressure.parameter_head.0.weight", "vapor_pressure.parameter_head.0.bias", "vapor_pressure.parameter_head.2.weight", "vapor_pressure.parameter_head.2.bias"]}, {"learning_rate": 5e-06, "name": "film", "parameter_count": 111744, "parameter_names": ["film.0.weight", "film.0.bias", "film.2.weight", "film.2.bias"]}, {"learning_rate": 5e-06, "name": "mixture_token", "parameter_count": 192, "parameter_names": ["mixture_token"]}], "total_parameters": 2201284, "trainable_fraction": 0.13536962972519676, "trainable_parameters": 297987}, "total_parameters": 2201284, "trainable_fraction": 0.13536962972519676, "trainable_parameters": 297987}}
[seed 2] [stage 3/3: fugacity] starting 10 epoch(s)
[seed 2] [stage 3/3: fugacity] [epoch 1/10] train_total=0.009850 val_score=0.955381 best=0.955381 P_MAE=7.2781 kPa y_iso_MAE=0.031330 T_MAE=1.7118 K y_isob_MAE=0.027590 improved=yes epoch_time=40.4s total_time=1786.7s
[seed 2] [stage 3/3: fugacity] [epoch 2/10] train_total=0.008490 val_score=0.942099 best=0.942099 P_MAE=7.0751 kPa y_iso_MAE=0.030626 T_MAE=1.7089 K y_isob_MAE=0.027506 improved=yes epoch_time=38.4s total_time=1825.1s
[seed 2] [stage 3/3: fugacity] [epoch 3/10] train_total=0.008236 val_score=0.937796 best=0.937796 P_MAE=7.1430 kPa y_iso_MAE=0.030700 T_MAE=1.6556 K y_isob_MAE=0.027509 improved=yes epoch_time=41.3s total_time=1866.5s
[seed 2] [stage 3/3: fugacity] [epoch 4/10] train_total=0.008034 val_score=0.945005 best=0.937796 P_MAE=7.2267 kPa y_iso_MAE=0.030876 T_MAE=1.6512 K y_isob_MAE=0.027928 improved=no epoch_time=40.2s total_time=1906.7s
[seed 2] [stage 3/3: fugacity] [epoch 5/10] train_total=0.008042 val_score=0.937006 best=0.937006 P_MAE=7.0779 kPa y_iso_MAE=0.030415 T_MAE=1.6587 K y_isob_MAE=0.027869 improved=yes epoch_time=39.0s total_time=1945.7s
[seed 2] [stage 3/3: fugacity] [epoch 6/10] train_total=0.007518 val_score=0.940448 best=0.937006 P_MAE=7.0867 kPa y_iso_MAE=0.030404 T_MAE=1.6699 K y_isob_MAE=0.028068 improved=no epoch_time=41.8s total_time=1987.4s
[seed 2] [stage 3/3: fugacity] [epoch 7/10] train_total=0.007579 val_score=0.944464 best=0.937006 P_MAE=7.0753 kPa y_iso_MAE=0.030138 T_MAE=1.7120 K y_isob_MAE=0.028172 improved=no epoch_time=43.3s total_time=2030.7s
[seed 2] [stage 3/3: fugacity] [epoch 8/10] train_total=0.007472 val_score=0.942193 best=0.937006 P_MAE=7.2230 kPa y_iso_MAE=0.030466 T_MAE=1.6306 K y_isob_MAE=0.028309 improved=no epoch_time=39.7s total_time=2070.4s
[seed 2] [stage 3/3: fugacity] [epoch 9/10] train_total=0.007367 val_score=0.946749 best=0.937006 P_MAE=7.2396 kPa y_iso_MAE=0.030449 T_MAE=1.6505 K y_isob_MAE=0.028479 improved=no epoch_time=41.8s total_time=2112.2s
[seed 2] [stage 3/3: fugacity] [epoch 10/10] train_total=0.007522 val_score=0.942713 best=0.937006 P_MAE=7.1779 kPa y_iso_MAE=0.030287 T_MAE=1.6399 K y_isob_MAE=0.028553 improved=no epoch_time=41.1s total_time=2153.3s
{"variant": "c2_chemical_bias_full", "seed": 2, "status": "completed", "selected_stage": "stage3", "stage0_source": "generated"}
[stage experimental] starting 80 epoch(s)
[stage experimental] [epoch 1/80] train_total=0.901475 val_total=0.108369 best=0.108369 improved=yes epoch_time=2.4s total_time=2.4s
[stage experimental] [epoch 2/80] train_total=0.100977 val_total=0.099330 best=0.099330 improved=yes epoch_time=2.4s total_time=4.9s
[stage experimental] [epoch 3/80] train_total=0.077990 val_total=0.076341 best=0.076341 improved=yes epoch_time=2.4s total_time=7.3s
[stage experimental] [epoch 4/80] train_total=0.059498 val_total=0.066322 best=0.066322 improved=yes epoch_time=2.4s total_time=9.7s
[stage experimental] [epoch 5/80] train_total=0.048887 val_total=0.061020 best=0.061020 improved=yes epoch_time=2.5s total_time=12.2s
[stage experimental] [epoch 6/80] train_total=0.040720 val_total=0.078119 best=0.061020 improved=no epoch_time=2.4s total_time=14.6s
[stage experimental] [epoch 7/80] train_total=0.045060 val_total=0.086102 best=0.061020 improved=no epoch_time=2.5s total_time=17.1s
[stage experimental] [epoch 8/80] train_total=0.038486 val_total=0.090700 best=0.061020 improved=no epoch_time=2.4s total_time=19.6s
[stage experimental] [epoch 9/80] train_total=0.040365 val_total=0.080993 best=0.061020 improved=no epoch_time=2.5s total_time=22.1s
[stage experimental] [epoch 10/80] train_total=0.039710 val_total=0.064038 best=0.061020 improved=no epoch_time=2.5s total_time=24.6s
[stage experimental] [epoch 11/80] train_total=0.033367 val_total=0.072900 best=0.061020 improved=no epoch_time=2.3s total_time=26.9s
[stage experimental] [epoch 12/80] train_total=0.032493 val_total=0.065096 best=0.061020 improved=no epoch_time=2.3s total_time=29.2s
[stage experimental] [epoch 13/80] train_total=0.030916 val_total=0.061147 best=0.061020 improved=no epoch_time=2.5s total_time=31.7s
[stage experimental] [epoch 14/80] train_total=0.030651 val_total=0.062231 best=0.061020 improved=no epoch_time=2.4s total_time=34.2s
[stage experimental] [epoch 15/80] train_total=0.030868 val_total=0.055049 best=0.055049 improved=yes epoch_time=2.4s total_time=36.6s
[stage experimental] [epoch 16/80] train_total=0.031101 val_total=0.050401 best=0.050401 improved=yes epoch_time=2.5s total_time=39.1s
[stage experimental] [epoch 17/80] train_total=0.030580 val_total=0.056185 best=0.050401 improved=no epoch_time=2.5s total_time=41.5s
[stage experimental] [epoch 18/80] train_total=0.033237 val_total=0.075430 best=0.050401 improved=no epoch_time=2.3s total_time=43.8s
[stage experimental] [epoch 19/80] train_total=0.027147 val_total=0.065209 best=0.050401 improved=no epoch_time=2.3s total_time=46.2s
[stage experimental] [epoch 20/80] train_total=0.031947 val_total=0.055789 best=0.050401 improved=no epoch_time=2.3s total_time=48.5s
[stage experimental] [epoch 21/80] train_total=0.027732 val_total=0.059004 best=0.050401 improved=no epoch_time=2.4s total_time=50.9s
[stage experimental] [epoch 22/80] train_total=0.028480 val_total=0.060514 best=0.050401 improved=no epoch_time=2.4s total_time=53.3s
[stage experimental] [epoch 23/80] train_total=0.023224 val_total=0.051652 best=0.050401 improved=no epoch_time=2.3s total_time=55.6s
[stage experimental] [epoch 24/80] train_total=0.032153 val_total=0.049225 best=0.049225 improved=yes epoch_time=2.3s total_time=58.0s
[stage experimental] [epoch 25/80] train_total=0.027659 val_total=0.056410 best=0.049225 improved=no epoch_time=2.4s total_time=60.4s
[stage experimental] [epoch 26/80] train_total=0.025888 val_total=0.057796 best=0.049225 improved=no epoch_time=2.4s total_time=62.8s
[stage experimental] [epoch 27/80] train_total=0.028877 val_total=0.051096 best=0.049225 improved=no epoch_time=2.4s total_time=65.2s
[stage experimental] [epoch 28/80] train_total=0.021639 val_total=0.058818 best=0.049225 improved=no epoch_time=2.3s total_time=67.5s
[stage experimental] [epoch 29/80] train_total=0.022550 val_total=0.043694 best=0.043694 improved=yes epoch_time=2.4s total_time=69.9s
[stage experimental] [epoch 30/80] train_total=0.019703 val_total=0.047177 best=0.043694 improved=no epoch_time=2.4s total_time=72.3s
[stage experimental] [epoch 31/80] train_total=0.022024 val_total=0.046683 best=0.043694 improved=no epoch_time=2.7s total_time=75.0s
[stage experimental] [epoch 32/80] train_total=0.019561 val_total=0.040255 best=0.040255 improved=yes epoch_time=2.7s total_time=77.7s
[stage experimental] [epoch 33/80] train_total=0.022128 val_total=0.056492 best=0.040255 improved=no epoch_time=2.6s total_time=80.3s
[stage experimental] [epoch 34/80] train_total=0.019820 val_total=0.035648 best=0.035648 improved=yes epoch_time=2.6s total_time=82.9s
[stage experimental] [epoch 35/80] train_total=0.018282 val_total=0.037736 best=0.035648 improved=no epoch_time=2.7s total_time=85.6s
[stage experimental] [epoch 36/80] train_total=0.019336 val_total=0.049879 best=0.035648 improved=no epoch_time=2.7s total_time=88.3s
[stage experimental] [epoch 37/80] train_total=0.018659 val_total=0.041645 best=0.035648 improved=no epoch_time=2.8s total_time=91.1s
[stage experimental] [epoch 38/80] train_total=0.015989 val_total=0.037021 best=0.035648 improved=no epoch_time=2.9s total_time=94.0s
[stage experimental] [epoch 39/80] train_total=0.017660 val_total=0.041263 best=0.035648 improved=no epoch_time=2.7s total_time=96.7s
[stage experimental] [epoch 40/80] train_total=0.016613 val_total=0.045357 best=0.035648 improved=no epoch_time=2.8s total_time=99.5s
[stage experimental] [epoch 41/80] train_total=0.015406 val_total=0.039180 best=0.035648 improved=no epoch_time=2.6s total_time=102.1s
[stage experimental] [epoch 42/80] train_total=0.014378 val_total=0.033092 best=0.033092 improved=yes epoch_time=2.6s total_time=104.7s
[stage experimental] [epoch 43/80] train_total=0.018432 val_total=0.032167 best=0.032167 improved=yes epoch_time=2.7s total_time=107.4s
[stage experimental] [epoch 44/80] train_total=0.014654 val_total=0.037380 best=0.032167 improved=no epoch_time=2.4s total_time=109.9s
[stage experimental] [epoch 45/80] train_total=0.015087 val_total=0.027516 best=0.027516 improved=yes epoch_time=2.5s total_time=112.4s
[stage experimental] [epoch 46/80] train_total=0.015974 val_total=0.031626 best=0.027516 improved=no epoch_time=2.4s total_time=114.8s
[stage experimental] [epoch 47/80] train_total=0.017370 val_total=0.030836 best=0.027516 improved=no epoch_time=2.5s total_time=117.3s
[stage experimental] [epoch 48/80] train_total=0.014315 val_total=0.033059 best=0.027516 improved=no epoch_time=2.7s total_time=120.0s
[stage experimental] [epoch 49/80] train_total=0.014116 val_total=0.029351 best=0.027516 improved=no epoch_time=2.5s total_time=122.5s
[stage experimental] [epoch 50/80] train_total=0.013621 val_total=0.030331 best=0.027516 improved=no epoch_time=2.6s total_time=125.1s
[stage experimental] [epoch 51/80] train_total=0.013665 val_total=0.038230 best=0.027516 improved=no epoch_time=2.6s total_time=127.7s
[stage experimental] [epoch 52/80] train_total=0.012801 val_total=0.030139 best=0.027516 improved=no epoch_time=2.5s total_time=130.3s
[stage experimental] [epoch 53/80] train_total=0.013356 val_total=0.022921 best=0.022921 improved=yes epoch_time=2.5s total_time=132.8s
[stage experimental] [epoch 54/80] train_total=0.014439 val_total=0.030002 best=0.022921 improved=no epoch_time=2.7s total_time=135.6s
[stage experimental] [epoch 55/80] train_total=0.011958 val_total=0.032377 best=0.022921 improved=no epoch_time=2.7s total_time=138.3s
[stage experimental] [epoch 56/80] train_total=0.012217 val_total=0.023927 best=0.022921 improved=no epoch_time=2.5s total_time=140.8s
[stage experimental] [epoch 57/80] train_total=0.013523 val_total=0.025402 best=0.022921 improved=no epoch_time=2.5s total_time=143.3s
[stage experimental] [epoch 58/80] train_total=0.014555 val_total=0.035126 best=0.022921 improved=no epoch_time=2.7s total_time=146.0s
[stage experimental] [epoch 59/80] train_total=0.012817 val_total=0.025203 best=0.022921 improved=no epoch_time=2.7s total_time=148.8s
[stage experimental] [epoch 60/80] train_total=0.010849 val_total=0.025101 best=0.022921 improved=no epoch_time=2.6s total_time=151.4s
[stage experimental] [epoch 61/80] train_total=0.011424 val_total=0.026641 best=0.022921 improved=no epoch_time=2.8s total_time=154.2s
[stage experimental] [epoch 62/80] train_total=0.011348 val_total=0.021786 best=0.021786 improved=yes epoch_time=2.4s total_time=156.6s
[stage experimental] [epoch 63/80] train_total=0.010731 val_total=0.026100 best=0.021786 improved=no epoch_time=2.7s total_time=159.4s
[stage experimental] [epoch 64/80] train_total=0.012276 val_total=0.020624 best=0.020624 improved=yes epoch_time=2.6s total_time=161.9s
[stage experimental] [epoch 65/80] train_total=0.010054 val_total=0.019592 best=0.019592 improved=yes epoch_time=2.4s total_time=164.3s
[stage experimental] [epoch 66/80] train_total=0.009993 val_total=0.020822 best=0.019592 improved=no epoch_time=2.4s total_time=166.7s
[stage experimental] [epoch 67/80] train_total=0.009338 val_total=0.020313 best=0.019592 improved=no epoch_time=2.4s total_time=169.1s
[stage experimental] [epoch 68/80] train_total=0.010289 val_total=0.022384 best=0.019592 improved=no epoch_time=2.4s total_time=171.5s
[stage experimental] [epoch 69/80] train_total=0.011016 val_total=0.020959 best=0.019592 improved=no epoch_time=2.4s total_time=173.9s
[stage experimental] [epoch 70/80] train_total=0.019905 val_total=0.024217 best=0.019592 improved=no epoch_time=2.4s total_time=176.3s
[stage experimental] [epoch 71/80] train_total=0.012018 val_total=0.020659 best=0.019592 improved=no epoch_time=2.4s total_time=178.7s
[stage experimental] [epoch 72/80] train_total=0.009272 val_total=0.021072 best=0.019592 improved=no epoch_time=2.4s total_time=181.1s
[stage experimental] [epoch 73/80] train_total=0.009385 val_total=0.022422 best=0.019592 improved=no epoch_time=2.4s total_time=183.5s
[stage experimental] [epoch 74/80] train_total=0.008629 val_total=0.023743 best=0.019592 improved=no epoch_time=2.3s total_time=185.8s
[stage experimental] [epoch 75/80] train_total=0.010961 val_total=0.021332 best=0.019592 improved=no epoch_time=2.4s total_time=188.2s
[stage experimental] [epoch 76/80] train_total=0.009047 val_total=0.021968 best=0.019592 improved=no epoch_time=2.3s total_time=190.5s
[stage experimental] [epoch 77/80] train_total=0.009284 val_total=0.022170 best=0.019592 improved=no epoch_time=2.5s total_time=193.1s
[stage experimental] early stopping at epoch 77; best_validation=0.019592
[seed 3] [stage 1/3: direct GE] starting 20 epoch(s)
[seed 3] [stage 1/3: direct GE] [epoch 1/20] train_total=0.004832 val_score=0.943456 best=0.943456 P_MAE=9.2575 kPa y_iso_MAE=0.028489 T_MAE=2.2449 K y_isob_MAE=0.030022 improved=yes epoch_time=38.0s total_time=75.2s
[seed 3] [stage 1/3: direct GE] [epoch 2/20] train_total=0.004103 val_score=1.011924 best=0.943456 P_MAE=9.8825 kPa y_iso_MAE=0.027975 T_MAE=2.5990 K y_isob_MAE=0.032393 improved=no epoch_time=40.1s total_time=117.1s
[seed 3] [stage 1/3: direct GE] [epoch 3/20] train_total=0.004238 val_score=1.015011 best=0.943456 P_MAE=9.1397 kPa y_iso_MAE=0.030104 T_MAE=2.5869 K y_isob_MAE=0.032877 improved=no epoch_time=38.7s total_time=155.8s
[seed 3] [stage 1/3: direct GE] [epoch 4/20] train_total=0.003916 val_score=1.052938 best=0.943456 P_MAE=9.7223 kPa y_iso_MAE=0.030814 T_MAE=2.6187 K y_isob_MAE=0.034657 improved=no epoch_time=37.3s total_time=193.1s
[seed 3] [stage 1/3: direct GE] [epoch 5/20] train_total=0.003673 val_score=1.020454 best=0.943456 P_MAE=9.2886 kPa y_iso_MAE=0.027039 T_MAE=2.6588 K y_isob_MAE=0.035115 improved=no epoch_time=41.8s total_time=234.9s
[seed 3] [stage 1/3: direct GE] [epoch 6/20] train_total=0.003411 val_score=1.008295 best=0.943456 P_MAE=8.6347 kPa y_iso_MAE=0.028100 T_MAE=2.6516 K y_isob_MAE=0.034539 improved=no epoch_time=41.5s total_time=276.4s
[seed 3] [stage 1/3: direct GE] [epoch 7/20] train_total=0.003567 val_score=1.061636 best=0.943456 P_MAE=9.4569 kPa y_iso_MAE=0.025412 T_MAE=3.0244 K y_isob_MAE=0.036449 improved=no epoch_time=38.2s total_time=314.6s
[seed 3] [stage 1/3: direct GE] [epoch 8/20] train_total=0.003681 val_score=1.058093 best=0.943456 P_MAE=9.8368 kPa y_iso_MAE=0.030311 T_MAE=2.6778 K y_isob_MAE=0.034691 improved=no epoch_time=40.9s total_time=355.5s
[seed 3] [stage 1/3: direct GE] [epoch 9/20] train_total=0.003763 val_score=1.135355 best=0.943456 P_MAE=9.7696 kPa y_iso_MAE=0.031563 T_MAE=3.2227 K y_isob_MAE=0.035899 improved=no epoch_time=39.9s total_time=395.5s
[seed 3] [stage 1/3: direct GE] [epoch 10/20] train_total=0.003773 val_score=1.076135 best=0.943456 P_MAE=9.1807 kPa y_iso_MAE=0.029105 T_MAE=3.0300 K y_isob_MAE=0.035311 improved=no epoch_time=37.2s total_time=432.7s
[seed 3] [stage 1/3: direct GE] [epoch 11/20] train_total=0.003707 val_score=1.137445 best=0.943456 P_MAE=9.4050 kPa y_iso_MAE=0.030071 T_MAE=3.3541 K y_isob_MAE=0.036897 improved=no epoch_time=40.6s total_time=473.3s
[seed 3] [stage 1/3: direct GE] [epoch 12/20] train_total=0.003304 val_score=1.105585 best=0.943456 P_MAE=8.7849 kPa y_iso_MAE=0.027888 T_MAE=3.2044 K y_isob_MAE=0.038776 improved=no epoch_time=39.5s total_time=512.8s
[seed 3] [stage 1/3: direct GE] [epoch 13/20] train_total=0.003444 val_score=1.148177 best=0.943456 P_MAE=9.8484 kPa y_iso_MAE=0.030487 T_MAE=3.3006 K y_isob_MAE=0.037228 improved=no epoch_time=38.1s total_time=550.9s
[seed 3] [stage 1/3: direct GE] [epoch 14/20] train_total=0.003421 val_score=1.114498 best=0.943456 P_MAE=9.9366 kPa y_iso_MAE=0.028979 T_MAE=3.1500 K y_isob_MAE=0.036374 improved=no epoch_time=41.1s total_time=592.0s
[seed 3] [stage 1/3: direct GE] [epoch 15/20] train_total=0.003311 val_score=1.220363 best=0.943456 P_MAE=10.0692 kPa y_iso_MAE=0.032809 T_MAE=3.6583 K y_isob_MAE=0.038387 improved=no epoch_time=40.5s total_time=632.5s
[seed 3] [stage 1/3: direct GE] [epoch 16/20] train_total=0.003239 val_score=1.268453 best=0.943456 P_MAE=9.8062 kPa y_iso_MAE=0.031691 T_MAE=3.9264 K y_isob_MAE=0.042406 improved=no epoch_time=39.3s total_time=671.9s
[seed 3] [stage 1/3: direct GE] [epoch 17/20] train_total=0.003221 val_score=1.162148 best=0.943456 P_MAE=9.9945 kPa y_iso_MAE=0.031975 T_MAE=3.2661 K y_isob_MAE=0.037482 improved=no epoch_time=40.3s total_time=712.1s
[seed 3] [stage 1/3: direct GE] [epoch 18/20] train_total=0.003140 val_score=1.273850 best=0.943456 P_MAE=10.4201 kPa y_iso_MAE=0.032296 T_MAE=3.8367 K y_isob_MAE=0.041932 improved=no epoch_time=39.7s total_time=751.9s
[seed 3] [stage 1/3: direct GE] [epoch 19/20] train_total=0.003344 val_score=1.244283 best=0.943456 P_MAE=10.2279 kPa y_iso_MAE=0.033046 T_MAE=3.6286 K y_isob_MAE=0.040885 improved=no epoch_time=38.3s total_time=790.2s
[seed 3] [stage 1/3: direct GE] [epoch 20/20] train_total=0.003059 val_score=1.219022 best=0.943456 P_MAE=10.0522 kPa y_iso_MAE=0.031509 T_MAE=3.5687 K y_isob_MAE=0.040617 improved=no epoch_time=40.6s total_time=830.8s
[seed 3] [stage 2/3: joint VLE] starting 80 epoch(s)
[seed 3] [stage 2/3: joint VLE] [epoch 1/80] train_total=0.018678 val_score=1.046366 best=1.046366 P_MAE=12.6130 kPa y_iso_MAE=0.030752 T_MAE=2.2658 K y_isob_MAE=0.030598 improved=yes epoch_time=41.4s total_time=872.2s
[seed 3] [stage 2/3: joint VLE] [epoch 2/80] train_total=0.018234 val_score=1.107822 best=1.046366 P_MAE=12.4832 kPa y_iso_MAE=0.032844 T_MAE=2.5644 K y_isob_MAE=0.032401 improved=no epoch_time=39.4s total_time=911.6s
[seed 3] [stage 2/3: joint VLE] [epoch 3/80] train_total=0.016899 val_score=0.981606 best=0.981606 P_MAE=9.8897 kPa y_iso_MAE=0.027373 T_MAE=2.4751 K y_isob_MAE=0.030960 improved=yes epoch_time=42.9s total_time=954.5s
[seed 3] [stage 2/3: joint VLE] [epoch 4/80] train_total=0.016209 val_score=0.981679 best=0.981606 P_MAE=8.8746 kPa y_iso_MAE=0.029025 T_MAE=2.4787 K y_isob_MAE=0.032077 improved=no epoch_time=42.6s total_time=997.2s
[seed 3] [stage 2/3: joint VLE] [epoch 5/80] train_total=0.016752 val_score=1.044138 best=0.981606 P_MAE=11.9965 kPa y_iso_MAE=0.029756 T_MAE=2.5631 K y_isob_MAE=0.029241 improved=no epoch_time=40.5s total_time=1037.7s
[seed 3] [stage 2/3: joint VLE] [epoch 6/80] train_total=0.015583 val_score=0.938995 best=0.938995 P_MAE=9.2075 kPa y_iso_MAE=0.028491 T_MAE=2.2529 K y_isob_MAE=0.029537 improved=yes epoch_time=42.7s total_time=1080.4s
[seed 3] [stage 2/3: joint VLE] [epoch 7/80] train_total=0.015052 val_score=1.064493 best=0.938995 P_MAE=12.3947 kPa y_iso_MAE=0.031086 T_MAE=2.5370 K y_isob_MAE=0.029607 improved=no epoch_time=40.8s total_time=1121.2s
[seed 3] [stage 2/3: joint VLE] [epoch 8/80] train_total=0.014164 val_score=1.036673 best=0.938995 P_MAE=10.8132 kPa y_iso_MAE=0.028818 T_MAE=2.6789 K y_isob_MAE=0.030989 improved=no epoch_time=39.6s total_time=1160.8s
[seed 3] [stage 2/3: joint VLE] [epoch 9/80] train_total=0.015892 val_score=0.976482 best=0.938995 P_MAE=10.0356 kPa y_iso_MAE=0.028556 T_MAE=2.3830 K y_isob_MAE=0.029998 improved=no epoch_time=41.9s total_time=1202.6s
[seed 3] [stage 2/3: joint VLE] [epoch 10/80] train_total=0.014270 val_score=0.947021 best=0.938995 P_MAE=10.2158 kPa y_iso_MAE=0.027137 T_MAE=2.1232 K y_isob_MAE=0.030661 improved=no epoch_time=40.7s total_time=1243.4s
[seed 3] [stage 2/3: joint VLE] [epoch 11/80] train_total=0.015372 val_score=1.149286 best=0.938995 P_MAE=11.9093 kPa y_iso_MAE=0.031778 T_MAE=3.0290 K y_isob_MAE=0.033994 improved=no epoch_time=40.2s total_time=1283.6s
[seed 3] [stage 2/3: joint VLE] [epoch 12/80] train_total=0.013522 val_score=0.983670 best=0.938995 P_MAE=11.4499 kPa y_iso_MAE=0.029342 T_MAE=2.1386 K y_isob_MAE=0.029340 improved=no epoch_time=43.4s total_time=1327.1s
[seed 3] [stage 2/3: joint VLE] [epoch 13/80] train_total=0.016562 val_score=1.086928 best=0.938995 P_MAE=13.8438 kPa y_iso_MAE=0.031067 T_MAE=2.4474 K y_isob_MAE=0.029466 improved=no epoch_time=42.0s total_time=1369.0s
[seed 3] [stage 2/3: joint VLE] [epoch 14/80] train_total=0.014680 val_score=0.894188 best=0.894188 P_MAE=9.5383 kPa y_iso_MAE=0.025684 T_MAE=2.0250 K y_isob_MAE=0.028928 improved=yes epoch_time=40.1s total_time=1409.1s
[seed 3] [stage 2/3: joint VLE] [epoch 15/80] train_total=0.013134 val_score=1.009096 best=0.894188 P_MAE=10.7085 kPa y_iso_MAE=0.029019 T_MAE=2.4750 K y_isob_MAE=0.030407 improved=no epoch_time=42.0s total_time=1451.1s
[seed 3] [stage 2/3: joint VLE] [epoch 16/80] train_total=0.013609 val_score=1.033976 best=0.894188 P_MAE=12.9153 kPa y_iso_MAE=0.030475 T_MAE=2.3289 K y_isob_MAE=0.027831 improved=no epoch_time=40.3s total_time=1491.4s
[seed 3] [stage 2/3: joint VLE] [epoch 17/80] train_total=0.012860 val_score=1.058919 best=0.894188 P_MAE=12.9645 kPa y_iso_MAE=0.031965 T_MAE=2.3603 K y_isob_MAE=0.028797 improved=no epoch_time=41.0s total_time=1532.4s
[seed 3] [stage 2/3: joint VLE] [epoch 18/80] train_total=0.012720 val_score=0.969716 best=0.894188 P_MAE=10.8640 kPa y_iso_MAE=0.028276 T_MAE=2.2744 K y_isob_MAE=0.028610 improved=no epoch_time=41.9s total_time=1574.3s
[seed 3] [stage 2/3: joint VLE] [epoch 19/80] train_total=0.012541 val_score=0.955000 best=0.894188 P_MAE=10.1814 kPa y_iso_MAE=0.028413 T_MAE=2.1948 K y_isob_MAE=0.029583 improved=no epoch_time=40.5s total_time=1614.8s
[seed 3] [stage 2/3: joint VLE] [epoch 20/80] train_total=0.012612 val_score=1.001019 best=0.894188 P_MAE=13.2518 kPa y_iso_MAE=0.029527 T_MAE=2.0754 K y_isob_MAE=0.027144 improved=no epoch_time=40.6s total_time=1655.4s
[seed 3] [stage 2/3: joint VLE] [epoch 21/80] train_total=0.013098 val_score=0.951805 best=0.894188 P_MAE=9.6570 kPa y_iso_MAE=0.026381 T_MAE=2.3832 K y_isob_MAE=0.030199 improved=no epoch_time=43.7s total_time=1699.1s
[seed 3] [stage 2/3: joint VLE] [epoch 22/80] train_total=0.012141 val_score=0.958207 best=0.894188 P_MAE=12.0602 kPa y_iso_MAE=0.028327 T_MAE=2.0471 K y_isob_MAE=0.026845 improved=no epoch_time=41.6s total_time=1740.8s
[seed 3] [stage 2/3: joint VLE] [epoch 23/80] train_total=0.013537 val_score=0.994110 best=0.894188 P_MAE=13.6854 kPa y_iso_MAE=0.029597 T_MAE=1.9378 K y_isob_MAE=0.026824 improved=no epoch_time=42.1s total_time=1782.9s
[seed 3] [stage 2/3: joint VLE] [epoch 24/80] train_total=0.011314 val_score=0.901376 best=0.894188 P_MAE=10.0463 kPa y_iso_MAE=0.026326 T_MAE=2.0250 K y_isob_MAE=0.027797 improved=no epoch_time=41.4s total_time=1824.3s
[seed 3] [stage 2/3: joint VLE] [epoch 25/80] train_total=0.011127 val_score=0.978316 best=0.894188 P_MAE=11.0837 kPa y_iso_MAE=0.029371 T_MAE=2.2748 K y_isob_MAE=0.027981 improved=no epoch_time=40.1s total_time=1864.5s
[seed 3] [stage 2/3: joint VLE] [epoch 26/80] train_total=0.015060 val_score=1.105604 best=0.894188 P_MAE=12.7116 kPa y_iso_MAE=0.028911 T_MAE=2.7456 K y_isob_MAE=0.033001 improved=no epoch_time=42.3s total_time=1906.8s
{"direct_ge_parameter_summary": {"stage1_trainable_parameters": 2163842, "stage2_trainable_parameters": 2201284, "stage3": {"groups": [{"learning_rate": 2e-05, "name": "context_pair_potential", "parameter_count": 148609, "parameter_names": ["context_pair_potential.0.weight", "context_pair_potential.0.bias", "context_pair_potential.2.weight", "context_pair_potential.2.bias"]}, {"learning_rate": 1e-05, "name": "vapor_pressure", "parameter_count": 37442, "parameter_names": ["vapor_pressure.parameter_head.0.weight", "vapor_pressure.parameter_head.0.bias", "vapor_pressure.parameter_head.2.weight", "vapor_pressure.parameter_head.2.bias"]}, {"learning_rate": 5e-06, "name": "film", "parameter_count": 111744, "parameter_names": ["film.0.weight", "film.0.bias", "film.2.weight", "film.2.bias"]}, {"learning_rate": 5e-06, "name": "mixture_token", "parameter_count": 192, "parameter_names": ["mixture_token"]}], "total_parameters": 2201284, "trainable_fraction": 0.13536962972519676, "trainable_parameters": 297987}, "total_parameters": 2201284, "trainable_fraction": 0.13536962972519676, "trainable_parameters": 297987}}
[seed 3] [stage 3/3: fugacity] starting 10 epoch(s)
[seed 3] [stage 3/3: fugacity] [epoch 1/10] train_total=0.009817 val_score=0.906341 best=0.906341 P_MAE=9.7137 kPa y_iso_MAE=0.026721 T_MAE=1.9834 K y_isob_MAE=0.029406 improved=yes epoch_time=40.3s total_time=1947.1s
[seed 3] [stage 3/3: fugacity] [epoch 2/10] train_total=0.009267 val_score=0.914777 best=0.906341 P_MAE=9.9593 kPa y_iso_MAE=0.026863 T_MAE=1.9953 K y_isob_MAE=0.029447 improved=no epoch_time=39.2s total_time=1986.3s
[seed 3] [stage 3/3: fugacity] [epoch 3/10] train_total=0.009245 val_score=0.920822 best=0.906341 P_MAE=10.1803 kPa y_iso_MAE=0.027029 T_MAE=2.0008 K y_isob_MAE=0.029333 improved=no epoch_time=41.3s total_time=2027.6s
[seed 3] [stage 3/3: fugacity] [epoch 4/10] train_total=0.009051 val_score=0.922875 best=0.906341 P_MAE=10.2972 kPa y_iso_MAE=0.027226 T_MAE=1.9931 K y_isob_MAE=0.029169 improved=no epoch_time=41.4s total_time=2069.1s
[seed 3] [stage 3/3: fugacity] [epoch 5/10] train_total=0.009179 val_score=0.922881 best=0.906341 P_MAE=10.2096 kPa y_iso_MAE=0.027269 T_MAE=1.9943 K y_isob_MAE=0.029349 improved=no epoch_time=39.9s total_time=2109.0s
[seed 3] [stage 3/3: fugacity] [epoch 6/10] train_total=0.008719 val_score=0.921884 best=0.906341 P_MAE=10.2876 kPa y_iso_MAE=0.027295 T_MAE=1.9865 K y_isob_MAE=0.029095 improved=no epoch_time=41.3s total_time=2150.2s
[seed 3] [stage 3/3: fugacity] [epoch 7/10] train_total=0.008705 val_score=0.920305 best=0.906341 P_MAE=10.2251 kPa y_iso_MAE=0.027273 T_MAE=1.9905 K y_isob_MAE=0.029051 improved=no epoch_time=40.6s total_time=2190.8s
[seed 3] [stage 3/3: fugacity] [epoch 8/10] train_total=0.008871 val_score=0.921583 best=0.906341 P_MAE=10.2739 kPa y_iso_MAE=0.027386 T_MAE=1.9844 K y_isob_MAE=0.029037 improved=no epoch_time=38.8s total_time=2229.7s
[seed 3] [stage 3/3: fugacity] [epoch 9/10] train_total=0.008638 val_score=0.921292 best=0.906341 P_MAE=10.2881 kPa y_iso_MAE=0.027400 T_MAE=1.9777 K y_isob_MAE=0.029035 improved=no epoch_time=41.9s total_time=2271.5s
[seed 3] [stage 3/3: fugacity] [epoch 10/10] train_total=0.008813 val_score=0.925153 best=0.906341 P_MAE=10.4975 kPa y_iso_MAE=0.027466 T_MAE=1.9779 K y_isob_MAE=0.028859 improved=no epoch_time=42.2s total_time=2313.8s
{"variant": "c2_chemical_bias_full", "seed": 3, "status": "completed", "selected_stage": "stage2", "stage0_source": "generated"}
[stage experimental] starting 80 epoch(s)
[stage experimental] [epoch 1/80] train_total=0.747881 val_total=0.104679 best=0.104679 improved=yes epoch_time=2.6s total_time=2.6s
[stage experimental] [epoch 2/80] train_total=0.090931 val_total=0.065110 best=0.065110 improved=yes epoch_time=2.6s total_time=5.3s
[stage experimental] [epoch 3/80] train_total=0.066591 val_total=0.061805 best=0.061805 improved=yes epoch_time=2.6s total_time=7.9s
[stage experimental] [epoch 4/80] train_total=0.060338 val_total=0.053773 best=0.053773 improved=yes epoch_time=2.6s total_time=10.5s
[stage experimental] [epoch 5/80] train_total=0.052326 val_total=0.060220 best=0.053773 improved=no epoch_time=2.7s total_time=13.1s
[stage experimental] [epoch 6/80] train_total=0.048770 val_total=0.069519 best=0.053773 improved=no epoch_time=2.6s total_time=15.7s
[stage experimental] [epoch 7/80] train_total=0.039258 val_total=0.060009 best=0.053773 improved=no epoch_time=2.6s total_time=18.3s
[stage experimental] [epoch 8/80] train_total=0.038757 val_total=0.056849 best=0.053773 improved=no epoch_time=2.6s total_time=20.9s
[stage experimental] [epoch 9/80] train_total=0.035072 val_total=0.061944 best=0.053773 improved=no epoch_time=2.5s total_time=23.5s
[stage experimental] [epoch 10/80] train_total=0.035393 val_total=0.064917 best=0.053773 improved=no epoch_time=2.5s total_time=26.0s
[stage experimental] [epoch 11/80] train_total=0.042852 val_total=0.064249 best=0.053773 improved=no epoch_time=2.6s total_time=28.6s
[stage experimental] [epoch 12/80] train_total=0.038250 val_total=0.055184 best=0.053773 improved=no epoch_time=2.6s total_time=31.2s
[stage experimental] [epoch 13/80] train_total=0.037630 val_total=0.042945 best=0.042945 improved=yes epoch_time=2.7s total_time=33.9s
[stage experimental] [epoch 14/80] train_total=0.036784 val_total=0.047603 best=0.042945 improved=no epoch_time=2.6s total_time=36.5s
[stage experimental] [epoch 15/80] train_total=0.032100 val_total=0.054133 best=0.042945 improved=no epoch_time=2.6s total_time=39.1s
[stage experimental] [epoch 16/80] train_total=0.035828 val_total=0.054839 best=0.042945 improved=no epoch_time=2.5s total_time=41.7s
[stage experimental] [epoch 17/80] train_total=0.028201 val_total=0.041616 best=0.041616 improved=yes epoch_time=2.4s total_time=44.1s
[stage experimental] [epoch 18/80] train_total=0.024263 val_total=0.054523 best=0.041616 improved=no epoch_time=2.4s total_time=46.5s
[stage experimental] [epoch 19/80] train_total=0.028437 val_total=0.050478 best=0.041616 improved=no epoch_time=2.4s total_time=48.9s
[stage experimental] [epoch 20/80] train_total=0.025824 val_total=0.042922 best=0.041616 improved=no epoch_time=2.4s total_time=51.4s
[stage experimental] [epoch 21/80] train_total=0.028071 val_total=0.045390 best=0.041616 improved=no epoch_time=2.4s total_time=53.8s
[stage experimental] [epoch 22/80] train_total=0.030787 val_total=0.044871 best=0.041616 improved=no epoch_time=2.6s total_time=56.4s
[stage experimental] [epoch 23/80] train_total=0.026559 val_total=0.040963 best=0.040963 improved=yes epoch_time=2.5s total_time=58.8s
[stage experimental] [epoch 24/80] train_total=0.022739 val_total=0.042930 best=0.040963 improved=no epoch_time=2.4s total_time=61.2s
[stage experimental] [epoch 25/80] train_total=0.025438 val_total=0.041899 best=0.040963 improved=no epoch_time=2.4s total_time=63.7s
[stage experimental] [epoch 26/80] train_total=0.024238 val_total=0.041559 best=0.040963 improved=no epoch_time=2.5s total_time=66.2s
[stage experimental] [epoch 27/80] train_total=0.022211 val_total=0.040787 best=0.040787 improved=yes epoch_time=2.4s total_time=68.6s
[stage experimental] [epoch 28/80] train_total=0.022697 val_total=0.039903 best=0.039903 improved=yes epoch_time=2.5s total_time=71.1s
[stage experimental] [epoch 29/80] train_total=0.019679 val_total=0.038493 best=0.038493 improved=yes epoch_time=2.6s total_time=73.6s
[stage experimental] [epoch 30/80] train_total=0.021656 val_total=0.036709 best=0.036709 improved=yes epoch_time=2.6s total_time=76.2s
[stage experimental] [epoch 31/80] train_total=0.018799 val_total=0.041596 best=0.036709 improved=no epoch_time=2.5s total_time=78.7s
[stage experimental] [epoch 32/80] train_total=0.016824 val_total=0.036580 best=0.036580 improved=yes epoch_time=2.6s total_time=81.3s
[stage experimental] [epoch 33/80] train_total=0.017685 val_total=0.029868 best=0.029868 improved=yes epoch_time=2.4s total_time=83.7s
[stage experimental] [epoch 34/80] train_total=0.017893 val_total=0.051658 best=0.029868 improved=no epoch_time=2.5s total_time=86.3s
[stage experimental] [epoch 35/80] train_total=0.016681 val_total=0.035119 best=0.029868 improved=no epoch_time=2.5s total_time=88.8s
[stage experimental] [epoch 36/80] train_total=0.016631 val_total=0.031919 best=0.029868 improved=no epoch_time=2.5s total_time=91.3s
[stage experimental] [epoch 37/80] train_total=0.016768 val_total=0.033601 best=0.029868 improved=no epoch_time=2.6s total_time=93.9s
[stage experimental] [epoch 38/80] train_total=0.018726 val_total=0.033762 best=0.029868 improved=no epoch_time=2.5s total_time=96.4s
[stage experimental] [epoch 39/80] train_total=0.014558 val_total=0.035578 best=0.029868 improved=no epoch_time=2.5s total_time=99.0s
[stage experimental] [epoch 40/80] train_total=0.013289 val_total=0.028024 best=0.028024 improved=yes epoch_time=2.5s total_time=101.5s
[stage experimental] [epoch 41/80] train_total=0.015744 val_total=0.034396 best=0.028024 improved=no epoch_time=2.4s total_time=103.9s
[stage experimental] [epoch 42/80] train_total=0.014320 val_total=0.035277 best=0.028024 improved=no epoch_time=2.4s total_time=106.3s
[stage experimental] [epoch 43/80] train_total=0.013226 val_total=0.026385 best=0.026385 improved=yes epoch_time=2.4s total_time=108.7s
[stage experimental] [epoch 44/80] train_total=0.013933 val_total=0.026498 best=0.026385 improved=no epoch_time=2.4s total_time=111.1s
[stage experimental] [epoch 45/80] train_total=0.013861 val_total=0.030129 best=0.026385 improved=no epoch_time=2.5s total_time=113.6s
[stage experimental] [epoch 46/80] train_total=0.011370 val_total=0.027006 best=0.026385 improved=no epoch_time=2.5s total_time=116.0s
[stage experimental] [epoch 47/80] train_total=0.011090 val_total=0.024648 best=0.024648 improved=yes epoch_time=2.5s total_time=118.5s
[stage experimental] [epoch 48/80] train_total=0.009948 val_total=0.026166 best=0.024648 improved=no epoch_time=2.4s total_time=120.9s
[stage experimental] [epoch 49/80] train_total=0.012003 val_total=0.029002 best=0.024648 improved=no epoch_time=2.6s total_time=123.5s
[stage experimental] [epoch 50/80] train_total=0.012788 val_total=0.021730 best=0.021730 improved=yes epoch_time=2.5s total_time=126.0s
[stage experimental] [epoch 51/80] train_total=0.009722 val_total=0.023979 best=0.021730 improved=no epoch_time=2.5s total_time=128.5s
[stage experimental] [epoch 52/80] train_total=0.009252 val_total=0.022902 best=0.021730 improved=no epoch_time=2.4s total_time=130.9s
[stage experimental] [epoch 53/80] train_total=0.012319 val_total=0.029396 best=0.021730 improved=no epoch_time=2.4s total_time=133.4s
[stage experimental] [epoch 54/80] train_total=0.012545 val_total=0.021428 best=0.021428 improved=yes epoch_time=2.6s total_time=136.0s
[stage experimental] [epoch 55/80] train_total=0.009738 val_total=0.019968 best=0.019968 improved=yes epoch_time=2.4s total_time=138.4s
[stage experimental] [epoch 56/80] train_total=0.009119 val_total=0.022416 best=0.019968 improved=no epoch_time=2.5s total_time=140.9s
[stage experimental] [epoch 57/80] train_total=0.009557 val_total=0.023000 best=0.019968 improved=no epoch_time=2.4s total_time=143.4s
[stage experimental] [epoch 58/80] train_total=0.008955 val_total=0.023558 best=0.019968 improved=no epoch_time=2.4s total_time=145.8s
[stage experimental] [epoch 59/80] train_total=0.009726 val_total=0.022348 best=0.019968 improved=no epoch_time=2.4s total_time=148.2s
[stage experimental] [epoch 60/80] train_total=0.012494 val_total=0.019562 best=0.019562 improved=yes epoch_time=2.4s total_time=150.7s
[stage experimental] [epoch 61/80] train_total=0.008140 val_total=0.019902 best=0.019562 improved=no epoch_time=2.5s total_time=153.1s
[stage experimental] [epoch 62/80] train_total=0.009362 val_total=0.020156 best=0.019562 improved=no epoch_time=2.5s total_time=155.6s
[stage experimental] [epoch 63/80] train_total=0.008361 val_total=0.021884 best=0.019562 improved=no epoch_time=2.5s total_time=158.1s
[stage experimental] [epoch 64/80] train_total=0.007972 val_total=0.020420 best=0.019562 improved=no epoch_time=2.4s total_time=160.5s
[stage experimental] [epoch 65/80] train_total=0.009538 val_total=0.022937 best=0.019562 improved=no epoch_time=2.5s total_time=163.0s
[stage experimental] [epoch 66/80] train_total=0.013481 val_total=0.020744 best=0.019562 improved=no epoch_time=2.5s total_time=165.5s
[stage experimental] [epoch 67/80] train_total=0.009537 val_total=0.021889 best=0.019562 improved=no epoch_time=2.4s total_time=167.9s
[stage experimental] [epoch 68/80] train_total=0.009424 val_total=0.018242 best=0.018242 improved=yes epoch_time=2.5s total_time=170.4s
[stage experimental] [epoch 69/80] train_total=0.010481 val_total=0.021563 best=0.018242 improved=no epoch_time=2.5s total_time=172.9s
[stage experimental] [epoch 70/80] train_total=0.007103 val_total=0.018088 best=0.018088 improved=yes epoch_time=2.4s total_time=175.3s
[stage experimental] [epoch 71/80] train_total=0.009421 val_total=0.018354 best=0.018088 improved=no epoch_time=2.4s total_time=177.7s
[stage experimental] [epoch 72/80] train_total=0.008321 val_total=0.018329 best=0.018088 improved=no epoch_time=2.4s total_time=180.1s
[stage experimental] [epoch 73/80] train_total=0.008611 val_total=0.019475 best=0.018088 improved=no epoch_time=2.4s total_time=182.6s
[stage experimental] [epoch 74/80] train_total=0.008614 val_total=0.019719 best=0.018088 improved=no epoch_time=2.4s total_time=185.0s
[stage experimental] [epoch 75/80] train_total=0.008545 val_total=0.023799 best=0.018088 improved=no epoch_time=2.4s total_time=187.4s
[stage experimental] [epoch 76/80] train_total=0.007826 val_total=0.019045 best=0.018088 improved=no epoch_time=2.4s total_time=189.8s
[stage experimental] [epoch 77/80] train_total=0.007301 val_total=0.019038 best=0.018088 improved=no epoch_time=2.5s total_time=192.4s
[stage experimental] [epoch 78/80] train_total=0.007701 val_total=0.021318 best=0.018088 improved=no epoch_time=2.5s total_time=194.8s
[stage experimental] [epoch 79/80] train_total=0.008647 val_total=0.018799 best=0.018088 improved=no epoch_time=2.5s total_time=197.3s
[stage experimental] [epoch 80/80] train_total=0.010471 val_total=0.018953 best=0.018088 improved=no epoch_time=2.6s total_time=199.9s
[seed 4] [stage 1/3: direct GE] starting 20 epoch(s)
[seed 4] [stage 1/3: direct GE] [epoch 1/20] train_total=0.004713 val_score=1.063564 best=1.063564 P_MAE=8.5682 kPa y_iso_MAE=0.031120 T_MAE=2.1732 K y_isob_MAE=0.022940 improved=yes epoch_time=39.1s total_time=75.8s
[seed 4] [stage 1/3: direct GE] [epoch 2/20] train_total=0.003651 val_score=1.121920 best=1.063564 P_MAE=8.9497 kPa y_iso_MAE=0.029884 T_MAE=2.4363 K y_isob_MAE=0.025400 improved=no epoch_time=40.6s total_time=116.5s
[seed 4] [stage 1/3: direct GE] [epoch 3/20] train_total=0.003888 val_score=1.159928 best=1.063564 P_MAE=8.3993 kPa y_iso_MAE=0.027789 T_MAE=2.6666 K y_isob_MAE=0.029473 improved=no epoch_time=39.6s total_time=156.0s
[seed 4] [stage 1/3: direct GE] [epoch 4/20] train_total=0.003466 val_score=1.170481 best=1.063564 P_MAE=8.7550 kPa y_iso_MAE=0.028639 T_MAE=2.8140 K y_isob_MAE=0.027296 improved=no epoch_time=38.9s total_time=195.0s
[seed 4] [stage 1/3: direct GE] [epoch 5/20] train_total=0.003340 val_score=1.061477 best=1.061477 P_MAE=8.2787 kPa y_iso_MAE=0.027303 T_MAE=2.4818 K y_isob_MAE=0.023514 improved=yes epoch_time=39.4s total_time=234.4s
[seed 4] [stage 1/3: direct GE] [epoch 6/20] train_total=0.003528 val_score=1.191269 best=1.061477 P_MAE=9.7318 kPa y_iso_MAE=0.029454 T_MAE=2.8231 K y_isob_MAE=0.025887 improved=no epoch_time=39.2s total_time=273.6s
[seed 4] [stage 1/3: direct GE] [epoch 7/20] train_total=0.003367 val_score=1.116938 best=1.061477 P_MAE=8.5419 kPa y_iso_MAE=0.026364 T_MAE=2.7165 K y_isob_MAE=0.026062 improved=no epoch_time=39.3s total_time=312.9s
[seed 4] [stage 1/3: direct GE] [epoch 8/20] train_total=0.003361 val_score=1.215640 best=1.061477 P_MAE=10.0042 kPa y_iso_MAE=0.033303 T_MAE=2.6023 K y_isob_MAE=0.026370 improved=no epoch_time=38.7s total_time=351.6s
[seed 4] [stage 1/3: direct GE] [epoch 9/20] train_total=0.003339 val_score=1.132738 best=1.061477 P_MAE=9.3558 kPa y_iso_MAE=0.029178 T_MAE=2.5071 K y_isob_MAE=0.025189 improved=no epoch_time=38.8s total_time=390.4s
[seed 4] [stage 1/3: direct GE] [epoch 10/20] train_total=0.003073 val_score=1.219330 best=1.061477 P_MAE=8.6833 kPa y_iso_MAE=0.029081 T_MAE=3.0419 K y_isob_MAE=0.029032 improved=no epoch_time=38.4s total_time=428.8s
[seed 4] [stage 1/3: direct GE] [epoch 11/20] train_total=0.003104 val_score=1.213830 best=1.061477 P_MAE=9.2679 kPa y_iso_MAE=0.030818 T_MAE=2.8600 K y_isob_MAE=0.027499 improved=no epoch_time=40.7s total_time=469.5s
[seed 4] [stage 1/3: direct GE] [epoch 12/20] train_total=0.003094 val_score=1.133665 best=1.061477 P_MAE=8.6359 kPa y_iso_MAE=0.025884 T_MAE=2.7206 K y_isob_MAE=0.027633 improved=no epoch_time=40.1s total_time=509.6s
[seed 4] [stage 1/3: direct GE] [epoch 13/20] train_total=0.003027 val_score=1.158684 best=1.061477 P_MAE=8.7403 kPa y_iso_MAE=0.029720 T_MAE=2.8042 K y_isob_MAE=0.025513 improved=no epoch_time=39.2s total_time=548.8s
[seed 4] [stage 1/3: direct GE] [epoch 14/20] train_total=0.003145 val_score=1.137830 best=1.061477 P_MAE=8.3035 kPa y_iso_MAE=0.025637 T_MAE=2.8010 K y_isob_MAE=0.028215 improved=no epoch_time=39.3s total_time=588.1s
[seed 4] [stage 1/3: direct GE] [epoch 15/20] train_total=0.003019 val_score=1.153441 best=1.061477 P_MAE=8.7912 kPa y_iso_MAE=0.028435 T_MAE=2.7817 K y_isob_MAE=0.026224 improved=no epoch_time=39.3s total_time=627.4s
[seed 4] [stage 1/3: direct GE] [epoch 16/20] train_total=0.002999 val_score=1.197014 best=1.061477 P_MAE=9.6344 kPa y_iso_MAE=0.028247 T_MAE=2.7140 K y_isob_MAE=0.028738 improved=no epoch_time=38.8s total_time=666.2s
[seed 4] [stage 1/3: direct GE] [epoch 17/20] train_total=0.002956 val_score=1.220512 best=1.061477 P_MAE=9.4348 kPa y_iso_MAE=0.029678 T_MAE=2.9098 K y_isob_MAE=0.028100 improved=no epoch_time=39.0s total_time=705.2s
[seed 4] [stage 1/3: direct GE] [epoch 18/20] train_total=0.002905 val_score=1.230914 best=1.061477 P_MAE=9.2460 kPa y_iso_MAE=0.030455 T_MAE=2.8470 K y_isob_MAE=0.029469 improved=no epoch_time=38.9s total_time=744.1s
[seed 4] [stage 1/3: direct GE] [epoch 19/20] train_total=0.003114 val_score=1.204857 best=1.061477 P_MAE=8.8528 kPa y_iso_MAE=0.029645 T_MAE=2.9510 K y_isob_MAE=0.027808 improved=no epoch_time=38.7s total_time=782.9s
[seed 4] [stage 1/3: direct GE] [epoch 20/20] train_total=0.002949 val_score=1.151377 best=1.061477 P_MAE=8.7098 kPa y_iso_MAE=0.026621 T_MAE=2.8031 K y_isob_MAE=0.027536 improved=no epoch_time=40.9s total_time=823.8s
[seed 4] [stage 2/3: joint VLE] starting 80 epoch(s)
[seed 4] [stage 2/3: joint VLE] [epoch 1/80] train_total=0.020793 val_score=1.025607 best=1.025607 P_MAE=8.8420 kPa y_iso_MAE=0.025562 T_MAE=2.2986 K y_isob_MAE=0.022297 improved=yes epoch_time=42.2s total_time=865.9s
[seed 4] [stage 2/3: joint VLE] [epoch 2/80] train_total=0.014089 val_score=1.066973 best=1.025607 P_MAE=10.5573 kPa y_iso_MAE=0.026742 T_MAE=2.1481 K y_isob_MAE=0.022143 improved=no epoch_time=42.2s total_time=908.2s
[seed 4] [stage 2/3: joint VLE] [epoch 3/80] train_total=0.014746 val_score=1.211781 best=1.025607 P_MAE=10.1897 kPa y_iso_MAE=0.031011 T_MAE=2.9024 K y_isob_MAE=0.024424 improved=no epoch_time=41.4s total_time=949.6s
[seed 4] [stage 2/3: joint VLE] [epoch 4/80] train_total=0.013648 val_score=1.070762 best=1.025607 P_MAE=9.3686 kPa y_iso_MAE=0.028196 T_MAE=2.2505 K y_isob_MAE=0.023201 improved=no epoch_time=41.7s total_time=991.3s
[seed 4] [stage 2/3: joint VLE] [epoch 5/80] train_total=0.014787 val_score=1.005520 best=1.005520 P_MAE=8.1710 kPa y_iso_MAE=0.025749 T_MAE=2.2779 K y_isob_MAE=0.022290 improved=yes epoch_time=41.9s total_time=1033.2s
[seed 4] [stage 2/3: joint VLE] [epoch 6/80] train_total=0.012864 val_score=1.134433 best=1.005520 P_MAE=11.1909 kPa y_iso_MAE=0.029221 T_MAE=2.2812 K y_isob_MAE=0.023002 improved=no epoch_time=41.2s total_time=1074.3s
[seed 4] [stage 2/3: joint VLE] [epoch 7/80] train_total=0.013728 val_score=1.048315 best=1.005520 P_MAE=8.3523 kPa y_iso_MAE=0.026219 T_MAE=2.3514 K y_isob_MAE=0.024412 improved=no epoch_time=40.8s total_time=1115.1s
[seed 4] [stage 2/3: joint VLE] [epoch 8/80] train_total=0.013154 val_score=1.037163 best=1.005520 P_MAE=8.3794 kPa y_iso_MAE=0.028816 T_MAE=2.2476 K y_isob_MAE=0.022278 improved=no epoch_time=41.4s total_time=1156.6s
[seed 4] [stage 2/3: joint VLE] [epoch 9/80] train_total=0.011803 val_score=1.020661 best=1.005520 P_MAE=8.1424 kPa y_iso_MAE=0.027016 T_MAE=2.2314 K y_isob_MAE=0.023096 improved=no epoch_time=42.9s total_time=1199.5s
[seed 4] [stage 2/3: joint VLE] [epoch 10/80] train_total=0.011939 val_score=1.086211 best=1.005520 P_MAE=10.0169 kPa y_iso_MAE=0.027383 T_MAE=2.2904 K y_isob_MAE=0.023187 improved=no epoch_time=43.5s total_time=1243.0s
[seed 4] [stage 2/3: joint VLE] [epoch 11/80] train_total=0.011497 val_score=1.038226 best=1.005520 P_MAE=8.5989 kPa y_iso_MAE=0.026526 T_MAE=2.3273 K y_isob_MAE=0.022910 improved=no epoch_time=42.2s total_time=1285.2s
[seed 4] [stage 2/3: joint VLE] [epoch 12/80] train_total=0.012000 val_score=1.010558 best=1.005520 P_MAE=7.8593 kPa y_iso_MAE=0.026134 T_MAE=2.2484 K y_isob_MAE=0.023486 improved=no epoch_time=40.7s total_time=1326.0s
[seed 4] [stage 2/3: joint VLE] [epoch 13/80] train_total=0.013901 val_score=1.064018 best=1.005520 P_MAE=7.3285 kPa y_iso_MAE=0.026091 T_MAE=2.5442 K y_isob_MAE=0.026484 improved=no epoch_time=39.4s total_time=1365.3s
[seed 4] [stage 2/3: joint VLE] [epoch 14/80] train_total=0.011245 val_score=1.029931 best=1.005520 P_MAE=9.5079 kPa y_iso_MAE=0.026674 T_MAE=2.1429 K y_isob_MAE=0.021666 improved=no epoch_time=41.9s total_time=1407.2s
[seed 4] [stage 2/3: joint VLE] [epoch 15/80] train_total=0.010536 val_score=0.997894 best=0.997894 P_MAE=8.4835 kPa y_iso_MAE=0.025419 T_MAE=2.1611 K y_isob_MAE=0.022306 improved=yes epoch_time=41.8s total_time=1449.0s
[seed 4] [stage 2/3: joint VLE] [epoch 16/80] train_total=0.010856 val_score=1.060077 best=0.997894 P_MAE=7.7116 kPa y_iso_MAE=0.026832 T_MAE=2.5092 K y_isob_MAE=0.024925 improved=no epoch_time=51.4s total_time=1500.4s
[seed 4] [stage 2/3: joint VLE] [epoch 17/80] train_total=0.012016 val_score=1.015655 best=0.997894 P_MAE=8.2295 kPa y_iso_MAE=0.028072 T_MAE=2.2667 K y_isob_MAE=0.021210 improved=no epoch_time=76.7s total_time=1577.1s
[seed 4] [stage 2/3: joint VLE] [epoch 18/80] train_total=0.012745 val_score=1.041556 best=0.997894 P_MAE=8.4088 kPa y_iso_MAE=0.028752 T_MAE=2.3905 K y_isob_MAE=0.021187 improved=no epoch_time=79.2s total_time=1656.3s
[seed 4] [stage 2/3: joint VLE] [epoch 19/80] train_total=0.011066 val_score=0.977840 best=0.977840 P_MAE=7.8709 kPa y_iso_MAE=0.026808 T_MAE=2.0963 K y_isob_MAE=0.021606 improved=yes epoch_time=77.8s total_time=1734.1s
[seed 4] [stage 2/3: joint VLE] [epoch 20/80] train_total=0.010401 val_score=1.040557 best=0.977840 P_MAE=8.7167 kPa y_iso_MAE=0.027264 T_MAE=2.2482 K y_isob_MAE=0.023009 improved=no epoch_time=78.0s total_time=1812.2s
[seed 4] [stage 2/3: joint VLE] [epoch 21/80] train_total=0.012167 val_score=1.100429 best=0.977840 P_MAE=9.3674 kPa y_iso_MAE=0.029340 T_MAE=2.4268 K y_isob_MAE=0.023038 improved=no epoch_time=77.1s total_time=1889.2s
[seed 4] [stage 2/3: joint VLE] [epoch 22/80] train_total=0.013226 val_score=0.999458 best=0.977840 P_MAE=8.5358 kPa y_iso_MAE=0.024978 T_MAE=2.2420 K y_isob_MAE=0.021855 improved=no epoch_time=78.9s total_time=1968.1s
[seed 4] [stage 2/3: joint VLE] [epoch 23/80] train_total=0.011090 val_score=1.005074 best=0.977840 P_MAE=9.6422 kPa y_iso_MAE=0.025349 T_MAE=2.2027 K y_isob_MAE=0.019664 improved=no epoch_time=79.2s total_time=2047.3s
[seed 4] [stage 2/3: joint VLE] [epoch 24/80] train_total=0.011198 val_score=0.997631 best=0.977840 P_MAE=8.7734 kPa y_iso_MAE=0.025143 T_MAE=2.1710 K y_isob_MAE=0.021686 improved=no epoch_time=82.9s total_time=2130.2s
[seed 4] [stage 2/3: joint VLE] [epoch 25/80] train_total=0.011071 val_score=1.066658 best=0.977840 P_MAE=8.2482 kPa y_iso_MAE=0.029769 T_MAE=2.2700 K y_isob_MAE=0.024147 improved=no epoch_time=84.3s total_time=2214.5s
[seed 4] [stage 2/3: joint VLE] [epoch 26/80] train_total=0.011421 val_score=0.996001 best=0.977840 P_MAE=8.4289 kPa y_iso_MAE=0.027151 T_MAE=2.0900 K y_isob_MAE=0.021565 improved=no epoch_time=81.0s total_time=2295.5s
[seed 4] [stage 2/3: joint VLE] [epoch 27/80] train_total=0.009564 val_score=0.990491 best=0.977840 P_MAE=8.2532 kPa y_iso_MAE=0.025402 T_MAE=2.2709 K y_isob_MAE=0.021139 improved=no epoch_time=82.6s total_time=2378.2s
[seed 4] [stage 2/3: joint VLE] [epoch 28/80] train_total=0.010145 val_score=1.082871 best=0.977840 P_MAE=10.8268 kPa y_iso_MAE=0.027619 T_MAE=2.0834 K y_isob_MAE=0.022778 improved=no epoch_time=81.8s total_time=2459.9s
[seed 4] [stage 2/3: joint VLE] [epoch 29/80] train_total=0.009760 val_score=0.968462 best=0.968462 P_MAE=8.8481 kPa y_iso_MAE=0.024016 T_MAE=2.0818 K y_isob_MAE=0.020809 improved=yes epoch_time=82.3s total_time=2542.2s
[seed 4] [stage 2/3: joint VLE] [epoch 30/80] train_total=0.009335 val_score=0.919394 best=0.919394 P_MAE=7.3004 kPa y_iso_MAE=0.022835 T_MAE=2.0816 K y_isob_MAE=0.021406 improved=yes epoch_time=80.5s total_time=2622.8s
[seed 4] [stage 2/3: joint VLE] [epoch 31/80] train_total=0.008819 val_score=0.970310 best=0.919394 P_MAE=8.3852 kPa y_iso_MAE=0.024511 T_MAE=2.1577 K y_isob_MAE=0.020947 improved=no epoch_time=82.2s total_time=2705.0s
[seed 4] [stage 2/3: joint VLE] [epoch 32/80] train_total=0.010351 val_score=0.965941 best=0.919394 P_MAE=8.7234 kPa y_iso_MAE=0.024299 T_MAE=2.0801 K y_isob_MAE=0.020685 improved=no epoch_time=82.4s total_time=2787.4s
[seed 4] [stage 2/3: joint VLE] [epoch 33/80] train_total=0.012397 val_score=1.115935 best=0.919394 P_MAE=11.8252 kPa y_iso_MAE=0.023677 T_MAE=2.4082 K y_isob_MAE=0.023118 improved=no epoch_time=79.4s total_time=2866.8s
[seed 4] [stage 2/3: joint VLE] [epoch 34/80] train_total=0.011956 val_score=1.027886 best=0.919394 P_MAE=8.5807 kPa y_iso_MAE=0.028286 T_MAE=2.3022 K y_isob_MAE=0.020854 improved=no epoch_time=79.6s total_time=2946.4s
[seed 4] [stage 2/3: joint VLE] [epoch 35/80] train_total=0.009765 val_score=0.979022 best=0.919394 P_MAE=7.6086 kPa y_iso_MAE=0.025146 T_MAE=2.1654 K y_isob_MAE=0.023041 improved=no epoch_time=79.7s total_time=3026.1s
[seed 4] [stage 2/3: joint VLE] [epoch 36/80] train_total=0.009139 val_score=1.020749 best=0.919394 P_MAE=9.1807 kPa y_iso_MAE=0.025145 T_MAE=2.2379 K y_isob_MAE=0.021991 improved=no epoch_time=79.3s total_time=3105.3s
[seed 4] [stage 2/3: joint VLE] [epoch 37/80] train_total=0.011441 val_score=1.077168 best=0.919394 P_MAE=8.7593 kPa y_iso_MAE=0.025697 T_MAE=2.4284 K y_isob_MAE=0.025547 improved=no epoch_time=81.0s total_time=3186.3s
[seed 4] [stage 2/3: joint VLE] [epoch 38/80] train_total=0.011551 val_score=0.996035 best=0.919394 P_MAE=8.3257 kPa y_iso_MAE=0.025458 T_MAE=2.3149 K y_isob_MAE=0.020946 improved=no epoch_time=82.0s total_time=3268.3s
[seed 4] [stage 2/3: joint VLE] [epoch 39/80] train_total=0.010678 val_score=1.032602 best=0.919394 P_MAE=8.7434 kPa y_iso_MAE=0.026268 T_MAE=2.3240 K y_isob_MAE=0.022308 improved=no epoch_time=81.4s total_time=3349.8s
[seed 4] [stage 2/3: joint VLE] [epoch 40/80] train_total=0.013050 val_score=1.025406 best=0.919394 P_MAE=8.7236 kPa y_iso_MAE=0.024908 T_MAE=2.4510 K y_isob_MAE=0.021571 improved=no epoch_time=82.4s total_time=3432.1s
[seed 4] [stage 2/3: joint VLE] [epoch 41/80] train_total=0.009088 val_score=0.989363 best=0.919394 P_MAE=8.5561 kPa y_iso_MAE=0.024169 T_MAE=2.2056 K y_isob_MAE=0.021968 improved=no epoch_time=81.1s total_time=3513.3s
[seed 4] [stage 2/3: joint VLE] [epoch 42/80] train_total=0.009834 val_score=1.033619 best=0.919394 P_MAE=8.8732 kPa y_iso_MAE=0.025476 T_MAE=2.2207 K y_isob_MAE=0.023777 improved=no epoch_time=79.4s total_time=3592.7s
{"direct_ge_parameter_summary": {"stage1_trainable_parameters": 2163842, "stage2_trainable_parameters": 2201284, "stage3": {"groups": [{"learning_rate": 2e-05, "name": "context_pair_potential", "parameter_count": 148609, "parameter_names": ["context_pair_potential.0.weight", "context_pair_potential.0.bias", "context_pair_potential.2.weight", "context_pair_potential.2.bias"]}, {"learning_rate": 1e-05, "name": "vapor_pressure", "parameter_count": 37442, "parameter_names": ["vapor_pressure.parameter_head.0.weight", "vapor_pressure.parameter_head.0.bias", "vapor_pressure.parameter_head.2.weight", "vapor_pressure.parameter_head.2.bias"]}, {"learning_rate": 5e-06, "name": "film", "parameter_count": 111744, "parameter_names": ["film.0.weight", "film.0.bias", "film.2.weight", "film.2.bias"]}, {"learning_rate": 5e-06, "name": "mixture_token", "parameter_count": 192, "parameter_names": ["mixture_token"]}], "total_parameters": 2201284, "trainable_fraction": 0.13536962972519676, "trainable_parameters": 297987}, "total_parameters": 2201284, "trainable_fraction": 0.13536962972519676, "trainable_parameters": 297987}}
[seed 4] [stage 3/3: fugacity] starting 10 epoch(s)
[seed 4] [stage 3/3: fugacity] [epoch 1/10] train_total=0.007561 val_score=0.925030 best=0.925030 P_MAE=7.5163 kPa y_iso_MAE=0.023267 T_MAE=2.0738 K y_isob_MAE=0.021077 improved=yes epoch_time=80.4s total_time=3673.1s
[seed 4] [stage 3/3: fugacity] [epoch 2/10] train_total=0.007154 val_score=0.928927 best=0.925030 P_MAE=7.6695 kPa y_iso_MAE=0.023333 T_MAE=2.0741 K y_isob_MAE=0.020973 improved=no epoch_time=79.6s total_time=3752.8s
[seed 4] [stage 3/3: fugacity] [epoch 3/10] train_total=0.007006 val_score=0.936679 best=0.925030 P_MAE=7.7075 kPa y_iso_MAE=0.023444 T_MAE=2.1222 K y_isob_MAE=0.020970 improved=no epoch_time=80.9s total_time=3833.6s
[seed 4] [stage 3/3: fugacity] [epoch 4/10] train_total=0.007013 val_score=0.941194 best=0.925030 P_MAE=7.6987 kPa y_iso_MAE=0.023601 T_MAE=2.1160 K y_isob_MAE=0.021316 improved=no epoch_time=83.7s total_time=3917.3s
[seed 4] [stage 3/3: fugacity] [epoch 5/10] train_total=0.006904 val_score=0.938484 best=0.925030 P_MAE=7.7770 kPa y_iso_MAE=0.023644 T_MAE=2.0793 K y_isob_MAE=0.021223 improved=no epoch_time=81.3s total_time=3998.6s
[seed 4] [stage 3/3: fugacity] [epoch 6/10] train_total=0.006838 val_score=0.939218 best=0.925030 P_MAE=7.7546 kPa y_iso_MAE=0.023635 T_MAE=2.0813 K y_isob_MAE=0.021330 improved=no epoch_time=78.8s total_time=4077.5s
[seed 4] [stage 3/3: fugacity] [epoch 7/10] train_total=0.006905 val_score=0.937028 best=0.925030 P_MAE=7.7258 kPa y_iso_MAE=0.023522 T_MAE=2.0879 K y_isob_MAE=0.021239 improved=no epoch_time=82.1s total_time=4159.6s
[seed 4] [stage 3/3: fugacity] [epoch 8/10] train_total=0.006598 val_score=0.940156 best=0.925030 P_MAE=7.7855 kPa y_iso_MAE=0.023614 T_MAE=2.0887 K y_isob_MAE=0.021276 improved=no epoch_time=86.1s total_time=4245.7s
[seed 4] [stage 3/3: fugacity] [epoch 9/10] train_total=0.007439 val_score=0.947530 best=0.925030 P_MAE=7.8126 kPa y_iso_MAE=0.023609 T_MAE=2.1415 K y_isob_MAE=0.021316 improved=no epoch_time=80.0s total_time=4325.7s
[seed 4] [stage 3/3: fugacity] [epoch 10/10] train_total=0.006647 val_score=0.944096 best=0.925030 P_MAE=7.7507 kPa y_iso_MAE=0.023582 T_MAE=2.1278 K y_isob_MAE=0.021334 improved=no epoch_time=80.4s total_time=4406.1s
{"variant": "c2_chemical_bias_full", "seed": 4, "status": "completed", "selected_stage": "stage2", "stage0_source": "generated"}
{"variant": "c2_chemical_bias_full", "status": "aggregated", "aggregate_manifest": "D:\\VLE\\VLE\\.vle_ablation_release_worktree\\results\\benchmarks\\vle\\ablation\\joint\\formal\\three_stage\\c2_chemical_bias_full.on.vle_overall_binary_ternary\\aggregate_manifest.json"}
