sample_id,system_id,component_count,source,doi,quality_status,quality_weight,experiment_mode,experiment_mode_confidence,direction,target_temperature_k,predicted_temperature_k,target_pressure_kpa,predicted_pressure_kpa,pressure_residual_kpa,converged,nonphysical,iterations,component_smiles_1,component_id_1,x_1,y_true_1,y_pred_1,gamma_pred_1,psat_pred_kpa_1,component_smiles_2,component_id_2,x_2,y_true_2,y_pred_2,gamma_pred_2,psat_pred_kpa_2,component_smiles_3,component_id_3,x_3,y_true_3,y_pred_3,gamma_pred_3,psat_pred_kpa_3
state_0055dff7f57a29602f140966,2c_8742372ba72e435a7962,2,binary_vle_english.xlsx,10.1016/j.fluid.2013.01.020,unverified,0.5,isothermal,0.9473684210526315,isothermal,,,24.55998002112,17.924102783203125,-1.9073486328125e-06,True,False,48,CC(=O)C(C)C,mol_b650f1cc3cac74aa,0.9006,0.5171,0.7489528656005859,0.9963558316230774,14.960477828979492,CC(C)C(C)C,mol_7347d05012022dd9,0.0994,0.4829,0.2510471045970917,0.8116921186447144,55.771827697753906,,,,,,,
state_014190c643e730bdc4db00fa,2c_4cc4055379eb0154120e,2,binary_vle_english.xlsx,10.1016/j.fluid.2010.01.006,unverified,0.5,isothermal,0.9629629629629629,isothermal,,,209.299985753472,233.60580444335938,1.52587890625e-05,True,False,48,CCCC,mol_fadb5806094149e6,0.3997,0.9367,0.9560964703559875,1.2740163803100586,438.607666015625,CCSCC,mol_a7491cfbf016fee6,0.6003000000000001,0.06330000000000002,0.04390353709459305,0.994476318359375,17.179889678955078,,,,,,,
state_027f7c39836f5492ee379af4,2c_e0c162126f5997f9fcd9,2,binary_vle_english.xlsx,10.1016/j.fluid.2016.02.018,unverified,0.5,isothermal,0.8,isothermal,,,33.900011833727994,39.52983856201172,0.0,True,False,48,CCCCCCC,mol_fddb2c852c313396,0.2145,0.1435,0.10705706477165222,0.9337528347969055,21.129106521606445,c1ccccc1,mol_7165dcf6be1f831d,0.7855,0.8565,0.8929429054260254,1.0276545286178589,43.727577209472656,,,,,,,
state_0337b85f2fd4788674f6b44f,3c_a6f39dd395c2cfcf800d,3,ternary_vle_english.xlsx,10.1016/j.fluid.2009.01.016,unverified,0.5,isothermal,0.9333333333333333,isothermal,,,37.080016955264,35.355979919433594,-3.814697265625e-06,True,False,48,CC(=O)C(C)(C)C,mol_61a887e37d396488,0.4531,0.1635,0.161443829536438,0.9555267691612244,13.184004783630371,CC(C)(C)CO,mol_dfb42f12fdc989ed,0.17059999999999997,0.030200000000000005,0.04202762246131897,0.9627590775489807,9.04692554473877,COC(C)(C)C,mol_b614d6fea320c179,0.3763,0.8063,0.7965285778045654,1.0742709636688232,69.66523742675781
state_03392fc8fbc2f11752e02400,2c_4cc4055379eb0154120e,2,binary_vle_english.xlsx,10.1016/j.fluid.2010.01.006,unverified,0.5,isothermal,0.9629629629629629,isothermal,,,314.899967163392,393.17718505859375,3.0517578125e-05,True,False,48,CCCC,mol_fadb5806094149e6,0.6988,0.9735,0.9828898906707764,1.2608519792556763,438.607666015625,CCSCC,mol_a7491cfbf016fee6,0.3012,0.026499999999999968,0.01711008884012699,1.3000656366348267,17.179889678955078,,,,,,,
state_0379ea8f47da89fbc90569d4,2c_50cae961bcfb98dfb10a,2,binary_vle_english.xlsx,10.1016/j.fluid.2013.05.019,passed,1.0,full_state,0.5714285714285714,isothermal,,,101.330065929984,93.4918212890625,-7.62939453125e-06,True,False,48,CC(C)=C(C)C,mol_ac85c03b48dc0205,0.999701,0.999881,0.9996079802513123,1.0,93.48310852050781,c1ccsc1,mol_7953343be0b435d5,0.000299,0.000119,0.00039199410821311176,1.6330311298370361,75.05635070800781,,,,,,,
state_0459bf92e37cd8a7ad35824f,2c_acf6c70dfacb27974826,2,binary_vle_english.xlsx,10.1016/j.fluid.2012.05.016,unverified,0.5,isothermal,0.9411764705882353,isothermal,,,12.790014729344001,19.496231079101562,-1.9073486328125e-06,True,False,48,CCCO,mol_5fb2f93dc8caa9dc,0.9739,0.9274,0.9934340119361877,0.9967097640037537,19.952924728393555,CCCOC(C)=O,mol_67043ae833ecd0c7,0.0261,0.0726,0.006565977819263935,0.310089111328125,15.8169584274292,,,,,,,
state_04fc1ec93e2e4acca9989c20,2c_acf6c70dfacb27974826,2,binary_vle_english.xlsx,10.1016/j.fluid.2012.05.016,unverified,0.5,isothermal,0.9411764705882353,isothermal,,,15.95002149568,15.856575012207031,0.0,True,False,48,CCCO,mol_5fb2f93dc8caa9dc,0.0615,0.10029999999999994,0.06257151812314987,0.8085453510284424,19.952924728393555,CCCOC(C)=O,mol_67043ae833ecd0c7,0.9385,0.8997,0.9374284744262695,1.0013600587844849,15.8169584274292,,,,,,,
state_052d9395f775b631e99fee13,2c_40e8c463ab1ddecad6ca,2,binary_vle_english.xlsx,10.1016/j.fluid.2014.12.025,unverified,0.5,isothermal,0.8,isothermal,,,16.29999271168,13.707670211791992,0.0,True,False,48,CCCCCCC,mol_fddb2c852c313396,0.3716,0.4922,0.3424164652824402,0.5978075861930847,21.129106521606445,Cc1ccccc1,mol_1c09299644053521,0.6284000000000001,0.5078,0.6575835943222046,0.9348010420799255,15.34472942352295,,,,,,,
state_05576785a63c59d9e4548671,2c_e1c33e24ae7f6ab4d0bf,2,binary_vle_english.xlsx,10.1016/j.fluid.2010.01.024,unverified,0.5,isothermal,0.9375,isothermal,,,21.649952694784,18.404987335205078,0.0,True,False,48,CC[N+](=O)[O-],mol_6fdb0ec09de24512,0.8226,0.5692999999999999,0.6148812770843506,0.9860454797744751,13.952149391174316,ClCCCl,mol_e8df6c9e89c6b62a,0.1774,0.4307,0.38511866331100464,0.9942119121551514,40.188106536865234,,,,,,,
state_06076697c24189ef5c3b74a4,2c_d498cbbd8f767d43f3e7,2,binary_vle_english.xlsx,10.1016/j.fluid.2011.06.001,unverified,0.5,isothermal,0.9230769230769231,isothermal,,,12.95493449856,15.248886108398438,0.0,True,False,48,CC(C)OC(C)C,mol_1a0ca8e5eeb68da8,0.7101999999999999,0.6914,0.8193974494934082,0.9106598496437073,19.319499969482422,CCC(C)Cl,mol_9f4835d3aad75f1c,0.2898,0.3086,0.18060249090194702,0.5969293117523193,15.919909477233887,,,,,,,
state_06e78eee025cbd323a2358ce,3c_a6f39dd395c2cfcf800d,3,ternary_vle_english.xlsx,10.1016/j.fluid.2009.01.016,unverified,0.5,isothermal,0.9333333333333333,isothermal,,,25.700019589887997,20.022869110107422,-1.9073486328125e-06,True,False,48,CC(=O)C(C)(C)C,mol_61a887e37d396488,0.5703,0.3115,0.3502567708492279,0.9327432513237,13.184004783630371,CC(C)(C)CO,mol_dfb42f12fdc989ed,0.22239999999999993,0.06140000000000001,0.07703046500682831,0.766572117805481,9.04692554473877,COC(C)(C)C,mol_b614d6fea320c179,0.2073,0.6271,0.572712779045105,0.7940497398376465,69.66523742675781
state_07ccf3788ecf9b5ed9ff260c,3c_65250b1389afa8bc1bcc,3,ternary_vle_english.xlsx,10.1016/j.fluid.2013.01.020,unverified,0.5,isothermal,0.9655172413793104,isothermal,,,39.159979218432,39.382301330566406,-3.814697265625e-06,True,False,48,CC(=O)C(C)C,mol_b650f1cc3cac74aa,0.30310000000000004,0.14579999999999993,0.1318129003047943,1.1447945833206177,14.960477828979492,CC(C)C(C)C,mol_7347d05012022dd9,0.2153,0.3799,0.3339512050151825,1.0952799320220947,55.771827697753906,CC(C)OC(C)C,mol_1a0ca8e5eeb68da8,0.4816,0.4743,0.5342358946800232,1.0563126802444458,41.35757827758789
state_08084d63a2d24a5f0606cb27,2c_4cc4055379eb0154120e,2,binary_vle_english.xlsx,10.1016/j.fluid.2010.01.006,unverified,0.5,isothermal,0.9629629629629629,isothermal,,,298.000023795712,380.79510498046875,3.0517578125e-05,True,False,48,CCCC,mol_fadb5806094149e6,0.6493,0.9689,0.9814172983169556,1.3122708797454834,438.607666015625,CCSCC,mol_a7491cfbf016fee6,0.3507,0.031100000000000017,0.018582738935947418,1.17447829246521,17.179889678955078,,,,,,,
state_08a31dd7fbb507f85d1a2f52,2c_a948b12e7b27db3902e0,2,binary_vle_english.xlsx,10.1016/j.jct.2009.04.006,unverified,0.5,isothermal,0.9285714285714286,isothermal,,,9.140048260608,7.83475399017334,-4.76837158203125e-07,True,False,48,CCCCCl,mol_f7989a5c13417f20,0.619,0.971,0.9666431546211243,0.8657564520835876,14.132048606872559,O=C1CCCCC1,mol_09f0d60d139abab5,0.381,0.029000000000000026,0.03335680440068245,0.9203599691390991,0.7452930808067322,,,,,,,
state_08a7b661fbfec286efdd2541,2c_5018f9e15dae7c08710f,2,binary_vle_english.xlsx,10.1016/j.fluid.2011.06.001,passed,1.0,isothermal,0.9166666666666666,isothermal,,,12.89493943296,15.397310256958008,0.0,True,False,48,CC(C)CCl,mol_b6f57216bc07a08c,0.4095,0.4137,0.28789737820625305,0.9237964153289795,11.717968940734863,CC(C)OC(C)C,mol_1a0ca8e5eeb68da8,0.5905,0.5863,0.7121026515960693,0.9611068367958069,19.319499969482422,,,,,,,
state_09fbf8cd2d4afd4a04f6439c,2c_c879fc0732268fc652fa,2,binary_vle_english.xlsx,10.1016/j.fluid.2011.06.001,passed,1.0,isothermal,0.9166666666666666,isothermal,,,10.295019934591998,9.191476821899414,0.0,True,False,48,CC(C)OC(C)C,mol_1a0ca8e5eeb68da8,0.39049999999999996,0.4766,0.49508681893348694,0.603183925151825,19.319499969482422,CCCCCl,mol_f7989a5c13417f20,0.6095,0.5234,0.5049132108688354,0.8192484974861145,9.294214248657227,,,,,,,
state_0a78cbd8db748b2011d18a39,2c_5018f9e15dae7c08710f,2,binary_vle_english.xlsx,10.1016/j.fluid.2011.06.001,passed,1.0,isothermal,0.9166666666666666,isothermal,,,12.79494765696,17.38190460205078,-1.9073486328125e-06,True,False,48,CC(C)CCl,mol_b6f57216bc07a08c,0.2211,0.2275,0.14021684229373932,0.9407114386558533,11.717968940734863,CC(C)OC(C)C,mol_1a0ca8e5eeb68da8,0.7789,0.7725,0.8597831726074219,0.9931358695030212,19.319499969482422,,,,,,,
state_0b3a9a202e8fac88d53ae47f,3c_485aadc678c8a7fb274c,3,ternary_vle_english.xlsx,10.1016/j.fluid.2011.05.011,unverified,0.5,isothermal,0.9642857142857143,isothermal,,,13.549952226943999,18.060382843017578,-1.9073486328125e-06,True,False,48,CC(=O)CC(C)C,mol_0a895444a9f0f36b,0.05879999999999996,0.10230000000000006,0.024876365438103676,0.4752412438392639,16.0776424407959,CC(C)CC(C)(C)C,mol_57615b5c3546c298,0.003,0.0303,0.005554785020649433,1.0324831008911133,32.388431549072266,CC(C)CO,mol_015d21fca05fcd26,0.9382,0.8674,0.9695689082145691,0.9869001507759094,18.911977767944336
state_0c09c511a8f6700d42c77957,2c_50cae961bcfb98dfb10a,2,binary_vle_english.xlsx,10.1016/j.fluid.2013.05.019,passed,1.0,full_state,0.5714285714285714,isothermal,,,101.330065929984,93.49055480957031,0.0,True,False,48,CC(C)=C(C)C,mol_ac85c03b48dc0205,0.999744,0.999891,0.9996643662452698,1.0,93.48310852050781,c1ccsc1,mol_7953343be0b435d5,0.000256,0.000109,0.0003356334345880896,1.6330727338790894,75.05635070800781,,,,,,,
state_0c1d6246c816299e7eebdd3f,2c_c830dc760c5163d2d27d,2,binary_vle_english.xlsx,10.1016/j.fluid.2011.05.011,unverified,0.5,isothermal,0.9285714285714286,isothermal,,,31.099975460992,27.98363494873047,0.0,True,False,48,CC(C)CC(C)(C)C,mol_57615b5c3546c298,0.3683,0.6878,0.5653614401817322,1.326290488243103,32.388431549072266,CC(C)CO,mol_015d21fca05fcd26,0.6316999999999999,0.31220000000000003,0.4346385598182678,1.0180861949920654,18.911977767944336,,,,,,,
state_0de771068811eff6afc42098,2c_4cc4055379eb0154120e,2,binary_vle_english.xlsx,10.1016/j.fluid.2010.01.006,unverified,0.5,isothermal,0.9629629629629629,isothermal,,,168.699991638272,159.95062255859375,1.52587890625e-05,True,False,48,CCCC,mol_fadb5806094149e6,0.2988,0.9129,0.9259704351425171,1.130124568939209,438.607666015625,CCSCC,mol_a7491cfbf016fee6,0.7012,0.08709999999999996,0.07402956485748291,0.9829442501068115,17.179889678955078,,,,,,,
state_0e713099b9123d3c0faac875,2c_a948b12e7b27db3902e0,2,binary_vle_english.xlsx,10.1016/j.jct.2009.04.006,unverified,0.5,isothermal,0.9285714285714286,isothermal,,,7.93001444864,6.5415143966674805,0.0,True,False,48,CCCCCl,mol_f7989a5c13417f20,0.519,0.959,0.9520695805549622,0.8491306304931641,14.132048606872559,O=C1CCCCC1,mol_09f0d60d139abab5,0.481,0.041000000000000036,0.047930408269166946,0.8746156096458435,0.7452930808067322,,,,,,,
state_0f76d9de5b1892d12cddf6ec,2c_ea9da779580d9b792700,2,binary_vle_english.xlsx,10.1016/j.jct.2012.11.005,unverified,0.5,isothermal,0.9411764705882353,isothermal,,,42.289988451968,42.867347717285156,-3.814697265625e-06,True,False,48,CC(C)OC(C)C,mol_1a0ca8e5eeb68da8,0.31,0.537,0.30659517645835876,1.2902116775512695,32.86012649536133,CO,mol_a85d32e4db2ff39c,0.69,0.46299999999999997,0.6934048533439636,0.9922292232513428,43.416255950927734,,,,,,,
state_10b263920d04c1ed038ec0bf,3c_485aadc678c8a7fb274c,3,ternary_vle_english.xlsx,10.1016/j.fluid.2011.05.011,unverified,0.5,isothermal,0.9642857142857143,isothermal,,,32.589986245759995,32.705665588378906,0.0,True,False,48,CC(=O)CC(C)C,mol_0a895444a9f0f36b,0.037800000000000056,0.029900000000000038,0.025077516213059425,1.3495635986328125,16.0776424407959,CC(C)CC(C)(C)C,mol_57615b5c3546c298,0.8601,0.8017,0.8707894086837769,1.0223445892333984,32.388431549072266,CC(C)CO,mol_015d21fca05fcd26,0.1021,0.1684,0.10413304716348648,1.7637981176376343,18.911977767944336
state_11736dd11ea7927256d190f1,2c_50cae961bcfb98dfb10a,2,binary_vle_english.xlsx,10.1016/j.fluid.2013.05.019,passed,1.0,full_state,0.5714285714285714,isothermal,,,101.330065929984,93.48750305175781,0.0,True,False,48,CC(C)=C(C)C,mol_ac85c03b48dc0205,0.999849,0.99993,0.9998019933700562,1.0,93.48310852050781,c1ccsc1,mol_7953343be0b435d5,0.000151,7e-05,0.00019799021538347006,1.6331756114959717,75.05635070800781,,,,,,,
state_136bbc147d792089a57ce9c4,2c_31dd895be9cb26117aa9,2,binary_vle_english.xlsx,10.1016/j.jct.2015.07.024,unverified,0.5,isothermal,0.8888888888888888,isothermal,,,179.400044926848,157.81036376953125,0.0,True,False,48,CCOC(=O)OCC,mol_4df2781fcf4d4a77,0.17500000000000004,0.04700000000000004,0.06582369655370712,1.2207951545715332,48.62246322631836,CCOC(C)=O,mol_18876b584acc43d4,0.825,0.953,0.9341762661933899,1.0347806215286255,172.68798828125,,,,,,,
state_13e938e0d2b736f614274723,2c_98afb8e6c65a310db5e0,2,binary_vle_english.xlsx,10.1016/j.jct.2012.12.026,unverified,0.5,isothermal,0.8181818181818182,isothermal,,,128.90006505344,154.508056640625,0.0,True,False,48,F/C=C/C(F)(F)F,mol_0e763ba6787b2749,0.32699999999999996,0.33799999999999997,0.2558883726596832,0.6952636241912842,173.90194702148438,FC(F)C(F)F,mol_fccff6221e62b4bc,0.673,0.662,0.7441116571426392,0.9351442456245422,182.6819305419922,,,,,,,
state_14caaaf50f6fdc160ff80926,2c_ea9da779580d9b792700,2,binary_vle_english.xlsx,10.1016/j.jct.2012.11.005,unverified,0.5,isothermal,0.9411764705882353,isothermal,,,37.389991460863996,42.58812713623047,-3.814697265625e-06,True,False,48,CC(C)OC(C)C,mol_1a0ca8e5eeb68da8,0.107,0.41,0.10451462864875793,1.2659382820129395,32.86012649536133,CO,mol_a85d32e4db2ff39c,0.893,0.5900000000000001,0.8954854011535645,0.9836558699607849,43.416255950927734,,,,,,,
state_152bc14bc7b2eb9878720e24,2c_8742372ba72e435a7962,2,binary_vle_english.xlsx,10.1016/j.fluid.2013.01.020,unverified,0.5,isothermal,0.9473684210526315,isothermal,,,22.210039962752,17.040874481201172,0.0,True,False,48,CC(=O)C(C)C,mol_b650f1cc3cac74aa,0.9246,0.579,0.8098976016044617,0.9977520108222961,14.960477828979492,CC(C)C(C)C,mol_7347d05012022dd9,0.0754,0.421,0.19010238349437714,0.7703590393066406,55.771827697753906,,,,,,,
state_16db4c31f84b2e9d8f7c9e19,3c_65250b1389afa8bc1bcc,3,ternary_vle_english.xlsx,10.1016/j.fluid.2013.01.020,unverified,0.5,isothermal,0.9655172413793104,isothermal,,,38.190058991232,41.322906494140625,-3.814697265625e-06,True,False,48,CC(=O)C(C)C,mol_b650f1cc3cac74aa,0.10229999999999995,0.059800000000000075,0.05399461090564728,1.4578745365142822,14.960477828979492,CC(C)C(C)C,mol_7347d05012022dd9,0.0897,0.1478,0.1282224953174591,1.0591262578964233,55.771827697753906,CC(C)OC(C)C,mol_1a0ca8e5eeb68da8,0.808,0.7924,0.8177828788757324,1.0112589597702026,41.35757827758789
state_177787bfaa4766fe2e9fa1e4,2c_e1c33e24ae7f6ab4d0bf,2,binary_vle_english.xlsx,10.1016/j.fluid.2010.01.024,unverified,0.5,isothermal,0.9375,isothermal,,,23.57006143872,20.440391540527344,0.0,True,False,48,CC[N+](=O)[O-],mol_6fdb0ec09de24512,0.7662,0.48860000000000003,0.5125041604042053,0.9799486994743347,13.952149391174316,ClCCCl,mol_e8df6c9e89c6b62a,0.2338,0.5114,0.4874958097934723,1.0605180263519287,40.188106536865234,,,,,,,
state_180133ae2af77cf8915aa365,3c_65250b1389afa8bc1bcc,3,ternary_vle_english.xlsx,10.1016/j.fluid.2013.01.020,unverified,0.5,isothermal,0.9655172413793104,isothermal,,,32.00003476736,29.765361785888672,-1.9073486328125e-06,True,False,48,CC(=O)C(C)C,mol_b650f1cc3cac74aa,0.4998,0.2479,0.25177648663520813,1.0022696256637573,14.960477828979492,CC(C)C(C)C,mol_7347d05012022dd9,0.0756,0.1933,0.1375289112329483,0.9708865880966187,55.771827697753906,CC(C)OC(C)C,mol_1a0ca8e5eeb68da8,0.4246,0.5588,0.6106946468353271,1.0351425409317017,41.35757827758789
state_1850ea3e7e075ff773a39ce6,3c_65250b1389afa8bc1bcc,3,ternary_vle_english.xlsx,10.1016/j.fluid.2013.01.020,unverified,0.5,isothermal,0.9655172413793104,isothermal,,,49.510061291008,51.281410217285156,0.0,True,False,48,CC(=O)C(C)C,mol_b650f1cc3cac74aa,0.2015,0.09929999999999994,0.0852881371974945,1.4508686065673828,14.960477828979492,CC(C)C(C)C,mol_7347d05012022dd9,0.6533,0.7911,0.7768952250480652,1.0934398174285889,55.771827697753906,CC(C)OC(C)C,mol_1a0ca8e5eeb68da8,0.1452,0.1096,0.1378166228532791,1.1769007444381714,41.35757827758789
state_1949ceb91c50b952a9d22cc1,2c_5018f9e15dae7c08710f,2,binary_vle_english.xlsx,10.1016/j.fluid.2011.06.001,passed,1.0,isothermal,0.9166666666666666,isothermal,,,12.710021308543999,18.58492660522461,-1.9073486328125e-06,True,False,48,CC(C)CCl,mol_b6f57216bc07a08c,0.0897,0.0932,0.05448628216981888,0.9633923172950745,11.717968940734863,CC(C)OC(C)C,mol_1a0ca8e5eeb68da8,0.9103,0.9068,0.9455137252807617,0.9991902709007263,19.319499969482422,,,,,,,
state_196d65f4612ce0d75368ef51,3c_485aadc678c8a7fb274c,3,ternary_vle_english.xlsx,10.1016/j.fluid.2011.05.011,unverified,0.5,isothermal,0.9642857142857143,isothermal,,,18.259964843648,17.666213989257812,0.0,True,False,48,CC(=O)CC(C)C,mol_0a895444a9f0f36b,0.15969999999999995,0.17710000000000004,0.1149047464132309,0.7905951142311096,16.0776424407959,CC(C)CC(C)(C)C,mol_57615b5c3546c298,0.0461,0.2696,0.10109860450029373,1.196183443069458,32.388431549072266,CC(C)CO,mol_015d21fca05fcd26,0.7942,0.5533,0.7839967012405396,0.9221273064613342,18.911977767944336
state_1a594da038db5ff0bf7cfcc2,2c_50cae961bcfb98dfb10a,2,binary_vle_english.xlsx,10.1016/j.fluid.2013.05.019,passed,1.0,full_state,0.5714285714285714,isothermal,,,101.330065929984,93.48712158203125,0.0,True,False,48,CC(C)=C(C)C,mol_ac85c03b48dc0205,0.999862,0.999937,0.9998190999031067,1.0,93.48310852050781,c1ccsc1,mol_7953343be0b435d5,0.000138,6.3e-05,0.0001809468521969393,1.633188247680664,75.05635070800781,,,,,,,
state_1c27e1f8b59abba0c670cf70,2c_c830dc760c5163d2d27d,2,binary_vle_english.xlsx,10.1016/j.fluid.2011.05.011,unverified,0.5,isothermal,0.9285714285714286,isothermal,,,12.380048447744,18.91197967529297,-1.9073486328125e-06,True,False,48,CC(C)CC(C)(C)C,mol_57615b5c3546c298,0.0,0.0,0.0,0.928979218006134,32.388431549072266,CC(C)CO,mol_015d21fca05fcd26,1.0,1.0,1.0,1.0,18.911977767944336,,,,,,,
state_1c8e126866eb34a19ced9aa2,2c_50cae961bcfb98dfb10a,2,binary_vle_english.xlsx,10.1016/j.fluid.2013.05.019,passed,1.0,full_state,0.5714285714285714,isothermal,,,101.330065929984,93.49664306640625,0.0,True,False,48,CC(C)=C(C)C,mol_ac85c03b48dc0205,0.999535,0.999793,0.9993904232978821,1.0000001192092896,93.48310852050781,c1ccsc1,mol_7953343be0b435d5,0.000465,0.000207,0.0006095308344811201,1.6328688859939575,75.05635070800781,,,,,,,
state_1c9bb1c1a8a7b44015675b60,2c_e0c162126f5997f9fcd9,2,binary_vle_english.xlsx,10.1016/j.fluid.2016.02.018,unverified,0.5,isothermal,0.8,isothermal,,,22.899983217152002,22.528949737548828,-1.9073486328125e-06,True,False,48,CCCCCCC,mol_fddb2c852c313396,0.8025,0.6295,0.7213224768638611,0.9583942890167236,21.129106521606445,c1ccccc1,mol_7165dcf6be1f831d,0.1975,0.37050000000000005,0.27867749333381653,0.7269763350486755,43.727577209472656,,,,,,,
state_1ce535d8d0334a9023c81151,3c_485aadc678c8a7fb274c,3,ternary_vle_english.xlsx,10.1016/j.fluid.2011.05.011,unverified,0.5,isothermal,0.9642857142857143,isothermal,,,16.00001738368,16.63583755493164,-1.9073486328125e-06,True,False,48,CC(=O)CC(C)C,mol_0a895444a9f0f36b,0.7837000000000001,0.7216,0.7682884335517883,1.0143706798553467,16.0776424407959,CC(C)CC(C)(C)C,mol_57615b5c3546c298,0.0124,0.056,0.023304294794797897,0.9653147459030151,32.388431549072266,CC(C)CO,mol_015d21fca05fcd26,0.2039,0.2224,0.20840725302696228,0.8990901708602905,18.911977767944336
state_1db699c966ba9703919b4078,2c_4cc4055379eb0154120e,2,binary_vle_english.xlsx,10.1016/j.fluid.2010.01.006,unverified,0.5,isothermal,0.9629629629629629,isothermal,,,75.500057031296,36.48143005371094,0.0,True,False,48,CCCC,mol_fadb5806094149e6,0.1009,0.7689,0.5798468589782715,0.4779888391494751,438.607666015625,CCSCC,mol_a7491cfbf016fee6,0.8991,0.23109999999999997,0.42015308141708374,0.9923184514045715,17.179889678955078,,,,,,,
state_1e848624b1f4d1f23181076d,3c_65250b1389afa8bc1bcc,3,ternary_vle_english.xlsx,10.1016/j.fluid.2013.01.020,unverified,0.5,isothermal,0.9655172413793104,isothermal,,,26.439958732287998,19.235702514648438,0.0,True,False,48,CC(=O)C(C)C,mol_b650f1cc3cac74aa,0.8126,0.43820000000000003,0.62859708070755,0.9946220517158508,14.960477828979492,CC(C)C(C)C,mol_7347d05012022dd9,0.0934,0.3842,0.22429606318473816,0.8282623291015625,55.771827697753906,CC(C)OC(C)C,mol_1a0ca8e5eeb68da8,0.094,0.1776,0.14710687100887299,0.727877140045166,41.35757827758789
state_1e9219c47f95298ee53feb1a,2c_ac155ac6c9df3bfcf363,2,binary_vle_english.xlsx,10.1016/j.fluid.2014.03.033,passed,1.0,full_state,0.0,isothermal,,,19.100029084416,19.658035278320312,0.0,True,False,48,CC(=O)CC(C)C,mol_0a895444a9f0f36b,0.69,0.91,0.9143251180648804,1.0897959470748901,23.902673721313477,O=Cc1ccco1,mol_cfdccd30b0689448,0.31,0.09,0.08567491918802261,1.294663429260254,4.196383953094482,,,,,,,
state_1fc57c6a040f8cd4cd543abb,2c_a948b12e7b27db3902e0,2,binary_vle_english.xlsx,10.1016/j.jct.2009.04.006,unverified,0.5,isothermal,0.9285714285714286,isothermal,,,0.6399473663999999,0.745293140411377,-5.960464477539063e-08,True,False,48,CCCCCl,mol_f7989a5c13417f20,0.0,0.0,0.0,0.16554196178913116,14.132048606872559,O=C1CCCCC1,mol_09f0d60d139abab5,1.0,1.0,1.0,1.0,0.7452930808067322,,,,,,,
state_20026fb4716d451f53c80d67,2c_d498cbbd8f767d43f3e7,2,binary_vle_english.xlsx,10.1016/j.fluid.2011.06.001,unverified,0.5,isothermal,0.9230769230769231,isothermal,,,13.329970319744,14.412017822265625,-9.5367431640625e-07,True,False,48,CC(C)OC(C)C,mol_1a0ca8e5eeb68da8,0.13090000000000002,0.12929999999999997,0.0707244724035263,0.4030500650405884,19.319499969482422,CCC(C)Cl,mol_9f4835d3aad75f1c,0.8691,0.8707,0.9292755126953125,0.9679633975028992,15.919909477233887,,,,,,,
state_216e282e2eaca8d93aa204f8,2c_6cdeaa0b12c0bcad5378,2,binary_vle_english.xlsx,10.1016/j.jct.2012.01.020,passed,1.0,isothermal,0.9,isothermal,,,21.363309603584,27.431251525878906,-1.9073486328125e-06,True,False,48,CC(C)CC(C)(C)C,mol_57615b5c3546c298,0.09999999999999998,0.11699999999999999,0.05205307528376579,1.0159223079681396,14.055020332336426,CCOC(C)=O,mol_18876b584acc43d4,0.9,0.883,0.9479469060897827,1.0000907182693481,28.890010833740234,,,,,,,
state_229581e3c0f0b3531d97babb,2c_e1c33e24ae7f6ab4d0bf,2,binary_vle_english.xlsx,10.1016/j.fluid.2010.01.024,unverified,0.5,isothermal,0.9375,isothermal,,,38.009940472064,37.54267120361328,-3.814697265625e-06,True,False,48,CC[N+](=O)[O-],mol_6fdb0ec09de24512,0.28600000000000003,0.12480000000000002,0.12025143951177597,1.1313793659210205,13.952149391174316,ClCCCl,mol_e8df6c9e89c6b62a,0.714,0.8752,0.879748523235321,1.1510334014892578,40.188106536865234,,,,,,,
state_22e3348d6f4a85bc617755e8,2c_500953d4ef1e1d57286b,2,binary_vle_english.xlsx,10.1016/j.fluid.2012.10.015,unverified,0.5,isothermal,0.9333333333333333,isothermal,,,7.330063792639999,4.866656303405762,0.0,True,False,48,CCCCCl,mol_f7989a5c13417f20,0.2264,0.6796,0.47754132747650146,0.7263736128807068,14.132048606872559,CC[N+](=O)[O-],mol_6fdb0ec09de24512,0.7736000000000001,0.3204,0.5224586725234985,0.9695185422897339,3.3900809288024902,,,,,,,
state_23fc847ad6cecad020bb49ba,2c_ab90a05e58432c71abba,2,binary_vle_english.xlsx,10.1016/j.fluid.2011.05.011,unverified,0.5,isothermal,0.9411764705882353,isothermal,,,18.219968133248,17.545806884765625,0.0,True,False,48,CC(=O)CC(C)C,mol_0a895444a9f0f36b,0.9148000000000001,0.7323,0.8377761840820312,0.9994310736656189,16.0776424407959,CC(C)CC(C)(C)C,mol_57615b5c3546c298,0.0852,0.2677,0.16222378611564636,1.0314741134643555,32.388431549072266,,,,,,,
state_250cf8d84d82d6b1e014ffdb,2c_8742372ba72e435a7962,2,binary_vle_english.xlsx,10.1016/j.fluid.2013.01.020,unverified,0.5,isothermal,0.9473684210526315,isothermal,,,53.769977593343995,54.05865478515625,-3.814697265625e-06,True,False,48,CC(=O)C(C)C,mol_b650f1cc3cac74aa,0.11070000000000002,0.06589999999999996,0.06279430538415909,2.0497100353240967,14.960477828979492,CC(C)C(C)C,mol_7347d05012022dd9,0.8893,0.9341,0.9372056722640991,1.0214966535568237,55.771827697753906,,,,,,,
state_26e51856c658e7f77c810bee,3c_485aadc678c8a7fb274c,3,ternary_vle_english.xlsx,10.1016/j.fluid.2011.05.011,unverified,0.5,isothermal,0.9642857142857143,isothermal,,,30.030063457792,29.443920135498047,0.0,True,False,48,CC(=O)CC(C)C,mol_0a895444a9f0f36b,0.27760000000000007,0.18189999999999995,0.16873799264431,1.1131833791732788,16.0776424407959,CC(C)CC(C)(C)C,mol_57615b5c3546c298,0.6372,0.7144,0.7560193538665771,1.078606128692627,32.388431549072266,CC(C)CO,mol_015d21fca05fcd26,0.0852,0.1037,0.07524262368679047,1.3749377727508545,18.911977767944336
state_2748136c7034ec8577e6407d,3c_485aadc678c8a7fb274c,3,ternary_vle_english.xlsx,10.1016/j.fluid.2011.05.011,unverified,0.5,isothermal,0.9642857142857143,isothermal,,,15.760037121279998,16.20800018310547,-1.9073486328125e-06,True,False,48,CC(=O)CC(C)C,mol_0a895444a9f0f36b,0.4455,0.47940000000000005,0.467722624540329,1.0583946704864502,16.0776424407959,CC(C)CC(C)(C)C,mol_57615b5c3546c298,0.006,0.0357,0.01290261559188366,1.0761330127716064,32.388431549072266,CC(C)CO,mol_015d21fca05fcd26,0.5485,0.4849,0.5193747878074646,0.811515212059021,18.911977767944336
state_28144cc3ceaee11979b22d48,2c_c879fc0732268fc652fa,2,binary_vle_english.xlsx,10.1016/j.fluid.2011.06.001,passed,1.0,isothermal,0.9166666666666666,isothermal,,,12.059941442176,17.151145935058594,-1.9073486328125e-06,True,False,48,CC(C)OC(C)C,mol_1a0ca8e5eeb68da8,0.8724000000000001,0.9091,0.960971474647522,0.9778945446014404,19.319499969482422,CCCCCl,mol_f7989a5c13417f20,0.1276,0.0909,0.039028532803058624,0.5644324421882629,9.294214248657227,,,,,,,
state_294ced3482dd1ac85b958bf2,2c_35c6612e2ad0f786d394,2,binary_vle_english.xlsx,10.1016/j.fluid.2016.02.018,unverified,0.5,isothermal,0.8,isothermal,,,10.399944638208,7.091501235961914,0.0,True,False,48,CCCCCCC,mol_fddb2c852c313396,0.3708,0.7251,0.5401467084884644,0.4889102280139923,21.129106521606445,Cc1ccc(C)cc1,mol_e7658ba520613aac,0.6292,0.27490000000000003,0.45985326170921326,0.9129841923713684,5.676824569702148,,,,,,,
state_00fb16c74cebc3c6438cd82b,3c_954c33e76e33ef115670,3,ternary_vle_english.xlsx,10.1016/j.fluid.2006.07.003,unverified,0.5,isobaric,0.9761904761904762,isobaric,359.79999999999995,362.36114501953125,,,2.288818359375e-05,True,False,48,CCCCCO,mol_243de2450bee5519,0.04700000000000004,0.007000000000000117,0.010031355544924736,1.410648226737976,15.326828002929688,CCCO,mol_5fb2f93dc8caa9dc,0.251,0.283,0.31140854954719543,1.6191983222961426,77.61863708496094,CCCOCCC,mol_e13b90e4aa2e917d,0.702,0.71,0.6785600781440735,1.0944396257400513,89.46818542480469
state_015008edd8b857afbb5e195f,2c_b94de72ffbeb53d6294b,2,binary_vle_english.xlsx,10.1016/j.fluid.2014.04.025,unverified,0.5,isobaric,0.9285714285714286,isobaric,384.69,389.4189758300781,,,0.0005645751953125,True,False,48,CS(C)=O,mol_7d3e12eaed0f467c,0.05800000000000005,0.010099999999999998,0.033597033470869064,4.018938064575195,14.600685119628906,Cc1ccccc1,mol_1c09299644053521,0.942,0.9899,0.9664029479026794,1.0121792554855347,102.67424011230469,,,,,,,
state_020dff1d182f8ca5bbb0937c,3c_f0c258463b44c2183ab7,3,ternary_vle_english.xlsx,10.1016/j.fluid.2005.03.014,unverified,0.5,isobaric,0.9767441860465116,isobaric,381.54999999999995,386.1269836425781,,,0.0008087158203125,True,False,48,CC(=O)OCC(C)C,mol_e7eb29ad965cc8ee,0.048,0.053,0.08299995213747025,2.0462396144866943,85.60374450683594,CC(C)CO,mol_015d21fca05fcd26,0.912,0.94,0.8958918452262878,1.0062271356582642,98.89569091796875,CN(C)C=O,mol_ca12d6d2f2ffb170,0.039999999999999925,0.007000000000000006,0.021108200773596764,1.4357104301452637,37.233768463134766
state_02458c2a432b9a021c457174,3c_f0c258463b44c2183ab7,3,ternary_vle_english.xlsx,10.1016/j.fluid.2005.03.014,unverified,0.5,isobaric,0.9767441860465116,isobaric,383.13,384.64178466796875,,,0.00020599365234375,True,False,48,CC(=O)OCC(C)C,mol_e7eb29ad965cc8ee,0.186,0.205,0.2511723041534424,1.6570353507995605,82.55380249023438,CC(C)CO,mol_015d21fca05fcd26,0.712,0.772,0.7091153264045715,1.0619758367538452,95.00189971923828,CN(C)C=O,mol_ca12d6d2f2ffb170,0.10200000000000009,0.02300000000000002,0.03971243277192116,1.105172872543335,35.68667984008789
state_0306ac01afa9acdb2041ae01,2c_079ccab2da1cc47051a9,2,binary_vle_english.xlsx,10.1016/j.fluid.2006.02.009,unverified,0.5,isobaric,0.9523809523809523,isobaric,340.88,341.2412414550781,,,-1.52587890625e-05,True,False,48,CCCCCl,mol_f7989a5c13417f20,0.6069,0.8258,0.8050273060798645,1.088926911354065,64.92649841308594,Cc1ccccc1,mol_1c09299644053521,0.3931,0.17420000000000002,0.1949726641178131,0.9540675282478333,27.70886993408203,,,,,,,
state_0379ea8f47da89fbc90569d4,2c_50cae961bcfb98dfb10a,2,binary_vle_english.xlsx,10.1016/j.fluid.2013.05.019,passed,1.0,full_state,0.5714285714285714,isobaric,346.27,350.072998046875,,,0.00011444091796875,True,False,48,CC(C)=C(C)C,mol_ac85c03b48dc0205,0.999701,0.999881,0.9995729327201843,1.0,101.31719207763672,c1ccsc1,mol_7953343be0b435d5,0.000299,0.000119,0.0004270849167369306,1.723879098892212,83.96050262451172,,,,,,,
state_0398804574991c17c713d19a,2c_fb0ad4b474929fdd899d,2,binary_vle_english.xlsx,10.1016/j.fluid.2007.09.014,unverified,0.5,isobaric,0.9583333333333334,isobaric,342.24,346.53277587890625,,,0.00026702880859375,True,False,48,CC(C)OC(C)C,mol_1a0ca8e5eeb68da8,0.941,0.971,0.9087695479393005,1.0159803628921509,96.29176330566406,COCCO,mol_d291b272a64498d9,0.05900000000000005,0.029000000000000026,0.09123039990663528,6.256711006164551,25.035240173339844,,,,,,,
state_03d1c06efe9bffef19d27f5e,2c_c9ecb5bf12ebfafc6a51,2,binary_vle_english.xlsx,10.1016/j.fluid.2005.03.014,unverified,0.5,isobaric,0.9545454545454546,isobaric,389.9,393.1729431152344,,,0.0017547607421875,True,False,48,CC(=O)OCC(C)C,mol_e7eb29ad965cc8ee,1.0,1.0,1.0,1.0,101.30168914794922,CN(C)C=O,mol_ca12d6d2f2ffb170,0.0,0.0,0.0,2.809415340423584,45.339622497558594,,,,,,,
state_042de1a5af9548e3b0ef1369,3c_f6a2de3ac0acbac84e4f,3,ternary_vle_english.xlsx,10.1016/j.fluid.2005.01.007,unverified,0.5,isobaric,0.9818181818181818,isobaric,330.09,328.69384765625,,,0.00023651123046875,True,False,48,CC(C)=O,mol_e04cf77cea7bbe66,0.685,0.784,0.8378856778144836,1.1217955350875854,110.45634460449219,CC(C)CC(C)(C)C,mol_57615b5c3546c298,0.2649999999999999,0.16799999999999993,0.11967186629772186,1.6238731145858765,28.171133041381836,CCO,mol_f29e20f49d416e54,0.05,0.048,0.04244247451424599,1.645138144493103,52.268314361572266
state_05bf70b48f11217aa2506564,2c_277a9b0f8ca81825906f,2,binary_vle_english.xlsx,10.1016/j.fluid.2013.01.015,passed,1.0,isobaric,0.9333333333333333,isobaric,349.53999999999996,344.4864196777344,,,3.814697265625e-06,True,False,48,CCCCCCCC,mol_8151bb583f7f3ebd,0.965,0.98,0.9930586814880371,0.9962179064750671,20.65962028503418,Cc1ccccc1C,mol_61c4de85d258b45d,0.03500000000000003,0.020000000000000018,0.006941300816833973,0.31752678751945496,12.491700172424316,,,,,,,
state_06d67e7a0ba3324eff9dbb13,2c_94ed5d0a73a3c26e5ef5,2,binary_vle_english.xlsx,10.1016/j.fluid.2011.06.009,unverified,0.5,isobaric,0.8888888888888888,isobaric,315.14,303.0184631347656,,,-1.9073486328125e-06,True,False,48,CCO,mol_f29e20f49d416e54,0.964,0.964,0.994560718536377,0.9976974725723267,20.381750106811523,O,mol_e81dc06beaa39499,0.03600000000000003,0.03600000000000003,0.005439248867332935,0.3340461552143097,8.914892196655273,,,,,,,
state_0705db043794d6ab67fa3a25,2c_30c0b771d8db238964cd,2,binary_vle_english.xlsx,10.1016/j.jct.2003.09.001,unverified,0.5,isobaric,0.9285714285714286,isobaric,323.17999999999995,323.46826171875,,,1.52587890625e-05,True,False,48,C1COCO1,mol_7a351e48494919fc,0.7534,0.7846,0.7184163928031921,1.0270795822143555,37.13702392578125,CC(C)(C)O,mol_9c31aaa032950e85,0.24660000000000004,0.21540000000000004,0.28158363699913025,1.3994197845458984,32.63825607299805,,,,,,,
state_0a092c5cd9db9f69734fd23f,2c_7b12ee2d0e35e39326bc,2,binary_vle_english.xlsx,10.1016/j.fluid.2011.08.007,unverified,0.5,isobaric,0.9642857142857143,isobaric,328.12,319.9826354980469,,,-3.0517578125e-05,True,False,48,CCOCCO,mol_ab8630148ae67e51,0.030000000000000027,0.0020000000000000018,0.0018726079724729061,0.7164670825004578,5.807568550109863,CO,mol_a85d32e4db2ff39c,0.97,0.998,0.9981274604797363,0.9972187876701355,68.78421020507812,,,,,,,
state_0aff7579d9685a7418184c0e,2c_7c57a80413db66443080,2,binary_vle_english.xlsx,10.1016/j.jct.2010.05.014,unverified,0.5,isobaric,0.9615384615384616,isobaric,393.15,397.5323486328125,,,1.52587890625e-05,True,False,48,CCC(=O)O,mol_86c4db256d6270c6,0.0,0.0,0.0,0.670397162437439,65.96366882324219,CCCCCO,mol_243de2450bee5519,1.0,1.0,1.0,1.0,53.30002975463867,,,,,,,
state_0b8557cff779deb67490f45e,2c_df88b179a6c12f0b788b,2,binary_vle_english.xlsx,10.1016/j.jct.2006.12.003,unverified,0.5,isobaric,0.9333333333333333,isobaric,362.34999999999997,362.5087585449219,,,3.814697265625e-05,True,False,48,Cc1ccccc1,mol_1c09299644053521,0.14400000000000002,0.10199999999999998,0.12658746540546417,1.7269060611724854,51.5666389465332,ClCCCl,mol_e8df6c9e89c6b62a,0.856,0.898,0.873412549495697,1.0373643636703491,99.6376953125,,,,,,,
state_0be4399d5783b7e65fc8583d,2c_df88b179a6c12f0b788b,2,binary_vle_english.xlsx,10.1016/j.jct.2006.12.003,unverified,0.5,isobaric,0.9333333333333333,isobaric,362.75,362.6658935546875,,,3.0517578125e-05,True,False,48,Cc1ccccc1,mol_1c09299644053521,0.18300000000000005,0.132,0.14584441483020782,1.558849811553955,51.78974533081055,ClCCCl,mol_e8df6c9e89c6b62a,0.817,0.868,0.8541556000709534,1.0581855773925781,100.08348083496094,,,,,,,
state_0c09c511a8f6700d42c77957,2c_50cae961bcfb98dfb10a,2,binary_vle_english.xlsx,10.1016/j.fluid.2013.05.019,passed,1.0,full_state,0.5714285714285714,isobaric,346.27,350.0738525390625,,,7.62939453125e-05,True,False,48,CC(C)=C(C)C,mol_ac85c03b48dc0205,0.999744,0.999891,0.999634325504303,1.0,101.31902313232422,c1ccsc1,mol_7953343be0b435d5,0.000256,0.000109,0.0003656882618088275,1.7239469289779663,83.96258544921875,,,,,,,
state_0c11eae2e37ee17b0bfd14e2,2c_7e396008deb1d14f8e15,2,binary_vle_english.xlsx,10.1016/j.fluid.2015.11.007,passed,1.0,isobaric,0.9090909090909091,isobaric,339.47999999999996,328.9625549316406,,,0.0002760887145996094,True,False,48,CC(=O)N(C)C,mol_b8ccf255e2b62919,0.268,0.0050000000000000044,0.007196735590696335,0.036089882254600525,5.208681583404541,CC(=O)O,mol_9ac385b135af0125,0.732,0.995,0.9928032755851746,0.6679657101631165,14.2138090133667,,,,,,,
state_0c2354ab0e82d078c51fc759,2c_132d59f7f663b60d969d,2,binary_vle_english.xlsx,10.1016/j.fluid.2006.02.002,unverified,0.5,isobaric,0.9545454545454546,isobaric,403.66999999999996,406.3283996582031,,,2.288818359375e-05,True,False,48,CC(=O)O,mol_9ac385b135af0125,0.8319,0.99,0.9843013882637024,0.9612635374069214,124.72482299804688,CN1CCCC1=O,mol_f50e4145cb9a22d5,0.16810000000000003,0.010000000000000009,0.015698641538619995,0.4878019392490387,19.399442672729492,,,,,,,
state_0dac038e4124175e145ca2c8,2c_9d8840ec979d73d48a37,2,binary_vle_english.xlsx,10.1016/j.fluid.2012.08.030,unverified,0.5,isobaric,0.9375,isobaric,395.78,387.1902160644531,,,6.103515625e-05,True,False,48,CN1CCCC1=O,mol_f50e4145cb9a22d5,0.0,0.0,0.0,0.8112026453018188,10.609902381896973,COCCO,mol_d291b272a64498d9,1.0,1.0,1.0,1.0,95.30008697509766,,,,,,,
state_0e53aa284c512b595fa35c38,2c_d66c7a74cea5d8732e08,2,binary_vle_english.xlsx,10.1016/j.fluid.2014.02.006,unverified,0.5,isobaric,0.9411764705882353,isobaric,353.25,356.3561706542969,,,-3.0517578125e-05,True,False,48,CC(C)O,mol_db030b5de88f8eaf,0.649,0.666,0.7150031328201294,1.1358637809753418,98.2530517578125,O,mol_e81dc06beaa39499,0.351,0.33399999999999996,0.284996896982193,1.2892388105392456,63.79823303222656,,,,,,,
state_0e6bc7899efc5f7768b3e2c4,2c_bcadcb4c5d803465b404,2,binary_vle_english.xlsx,10.1016/j.fluid.2007.09.014,unverified,0.5,isobaric,0.9523809523809523,isobaric,357.33,357.79486083984375,,,-2.288818359375e-05,True,False,48,CC(C)O,mol_db030b5de88f8eaf,0.902,0.975,0.9292651414871216,1.0221142768859863,102.10398864746094,COCCO,mol_d291b272a64498d9,0.09799999999999998,0.025000000000000022,0.07073486596345901,1.956336259841919,37.37429428100586,,,,,,,
state_0e74292717c8b5444ee6e863,2c_f0a592d91b289fcd0778,2,binary_vle_english.xlsx,10.1016/j.fluid.2005.01.007,unverified,0.5,isobaric,0.9545454545454546,isobaric,328.74,325.6256103515625,,,0.000518798828125,True,False,48,CC(C)=O,mol_e04cf77cea7bbe66,0.892,0.9,0.9275221228599548,1.0268962383270264,102.59588623046875,CC(C)CC(C)(C)C,mol_57615b5c3546c298,0.10799999999999998,0.09999999999999998,0.07247788459062576,2.6628923416137695,25.534374237060547,,,,,,,
state_0eb4aae231bfa59b6cf7ed00,2c_f29ffd05dc86affc2a49,2,binary_vle_english.xlsx,10.1016/j.jct.2019.01.027,unverified,0.5,isobaric,0.9375,isobaric,354.65,353.357421875,,,0.00063323974609375,True,False,48,CC(=O)OCC(C)C,mol_e7eb29ad965cc8ee,0.17459999999999998,0.057699999999999974,0.09002172201871872,1.4582401514053345,35.81672286987305,CCO,mol_f29e20f49d416e54,0.8254,0.9423,0.9099782705307007,0.9836253523826599,113.53995513916016,,,,,,,
state_0f21cdafbb16abae6d499160,2c_e923997b8f9df5a64a73,2,binary_vle_english.xlsx,10.1016/j.fluid.2018.03.011,unverified,0.5,isobaric,0.9090909090909091,isobaric,334.25,335.237548828125,,,9.1552734375e-05,True,False,48,CC(C)O,mol_db030b5de88f8eaf,0.052000000000000046,0.051000000000000045,0.056727778166532516,2.0541579723358154,53.798248291015625,ClC(Cl)Cl,mol_d9e0a2387a6283f9,0.948,0.949,0.9432721734046936,1.0034854412078857,100.44473266601562,,,,,,,
state_100ede5ffd01f0177db3ac27,2c_03ee8ab4245c0677d4ed,2,binary_vle_english.xlsx,10.1016/j.fluid.2018.05.024,unverified,0.5,isobaric,0.9047619047619048,isobaric,348.25,348.509765625,,,4.57763671875e-05,True,False,48,CCO,mol_f29e20f49d416e54,0.725,0.728,0.7483229637145996,1.0633260011672974,98.33179473876953,COC(=O)OC,mol_0ec85594f0f896ea,0.275,0.272,0.2516770660877228,1.180877447128296,78.5082778930664,,,,,,,
state_1085e45f7112c0cac8991e2c,2c_ce7e822d00d743846419,2,binary_vle_english.xlsx,10.1016/j.fluid.2005.07.010,unverified,0.5,isobaric,0.9629629629629629,isobaric,352.2,352.25335693359375,,,0.0001220703125,True,False,48,CC(=O)O,mol_9ac385b135af0125,0.08030000000000004,0.010199999999999987,0.0426313690841198,1.780197024345398,30.217798233032227,CCOC(C)=O,mol_18876b584acc43d4,0.9197,0.9898,0.9573686718940735,1.010707974433899,104.3576889038086,,,,,,,
state_1093eaea3084278b1ba78ffb,2c_94ed5d0a73a3c26e5ef5,2,binary_vle_english.xlsx,10.1016/j.fluid.2011.06.009,unverified,0.5,isobaric,0.9375,isobaric,307.7,300.18096923828125,,,8.58306884765625e-06,True,False,48,CCO,mol_f29e20f49d416e54,0.771,0.812,0.9444009065628052,0.8856848478317261,18.186466217041016,O,mol_e81dc06beaa39499,0.22899999999999998,0.18799999999999994,0.05559905990958214,0.40552574396133423,7.872979164123535,,,,,,,
state_10acdf0f85d5e1a3ed780313,2c_4edb251d66039b2a207c,2,binary_vle_english.xlsx,10.1016/j.jct.2006.12.003,unverified,0.5,isobaric,0.9444444444444444,isobaric,356.65,362.5982666015625,,,9.1552734375e-05,True,False,48,CC(=O)O,mol_9ac385b135af0125,0.008000000000000007,0.018000000000000016,0.021565010771155357,6.668308734893799,40.9499626159668,ClCCCl,mol_e8df6c9e89c6b62a,0.992,0.982,0.9784349799156189,1.0002338886260986,99.89144134521484,,,,,,,
state_10c7decedc714a75f76f5320,2c_72801d7427f9871710ea,2,binary_vle_english.xlsx,10.1016/j.jct.2013.08.011,unverified,0.5,isobaric,0.95,isobaric,352.96,351.100341796875,,,6.103515625e-05,True,False,48,CC#N,mol_7028b7cbd3d829b4,0.829,0.775,0.8740490674972534,1.028368353843689,103.85848999023438,CCCO,mol_5fb2f93dc8caa9dc,0.17100000000000004,0.22499999999999998,0.12595093250274658,1.3765366077423096,54.20344543457031,,,,,,,
state_11227357401cc04ccb8f752f,3c_6b60b4a3a536506a27ae,3,ternary_vle_english.xlsx,10.1016/j.fluid.2006.08.004,unverified,0.5,isobaric,0.9649122807017544,isobaric,337.97999999999996,339.20733642578125,,,-4.57763671875e-05,True,False,48,CC(C)CC(C)(C)C,mol_57615b5c3546c298,0.050000000000000044,0.03200000000000003,0.030002892017364502,1.5617433786392212,38.9217529296875,CC(C)OC(C)C,mol_1a0ca8e5eeb68da8,0.6,0.627,0.5683625936508179,1.1826276779174805,81.14002990722656,CCO,mol_f29e20f49d416e54,0.35,0.341,0.4016345143318176,1.5758895874023438,73.76428985595703
state_115b1629c01f1aa26f03d221,2c_4edb251d66039b2a207c,2,binary_vle_english.xlsx,10.1016/j.jct.2006.12.003,unverified,0.5,isobaric,0.9444444444444444,isobaric,357.34999999999997,360.339111328125,,,-1.52587890625e-05,True,False,48,CC(=O)O,mol_9ac385b135af0125,0.119,0.06899999999999995,0.14339351654052734,3.1806490421295166,38.3774299621582,ClCCCl,mol_e8df6c9e89c6b62a,0.881,0.931,0.8566064834594727,1.0517995357513428,93.64434814453125,,,,,,,
state_11736dd11ea7927256d190f1,2c_50cae961bcfb98dfb10a,2,binary_vle_english.xlsx,10.1016/j.fluid.2013.05.019,passed,1.0,full_state,0.5714285714285714,isobaric,346.27,350.0760192871094,,,0.0001068115234375,True,False,48,CC(C)=C(C)C,mol_ac85c03b48dc0205,0.999849,0.99993,0.9997842907905579,1.0,101.3236083984375,c1ccsc1,mol_7953343be0b435d5,0.000151,7e-05,0.00021573320555035025,1.7241127490997314,83.9678726196289,,,,,,,
state_11ad349a17f17f6f7890ab90,2c_ef978bac8ab2c7c131e7,2,binary_vle_english.xlsx,10.1016/j.fluid.2015.03.013,unverified,0.5,isobaric,0.9629629629629629,isobaric,390.65999999999997,383.89886474609375,,,4.57763671875e-05,True,False,48,CC(=O)N(C)C,mol_b8ccf255e2b62919,0.21799999999999997,0.062000000000000055,0.07933293282985687,1.276515245437622,28.878881454467773,CCC(C)OC(C)=O,mol_879306ab1082c162,0.782,0.938,0.9206671118736267,1.0503051280975342,113.5506820678711,,,,,,,
state_11d3954da65f10e46039c32d,2c_443810127d849cf82a31,2,binary_vle_english.xlsx,10.1016/j.fluid.2014.09.021,unverified,0.5,isobaric,0.9545454545454546,isobaric,374.09999999999997,375.72991943359375,,,5.340576171875e-05,True,False,48,CCC(C)O,mol_06affb0d2c6c8ff2,0.969,0.996,0.98543381690979,1.001709222793579,102.84220886230469,CN(C)C=O,mol_ca12d6d2f2ffb170,0.031000000000000028,0.0040000000000000036,0.014566224999725819,1.7327760457992554,27.46959686279297,,,,,,,
state_1396297f5367cff2b948bde4,2c_46777e532a11b24ee585,2,binary_vle_english.xlsx,10.1016/j.fluid.2012.12.020,unverified,0.5,isobaric,0.9629629629629629,isobaric,359.46999999999997,361.2247619628906,,,-4.57763671875e-05,True,False,48,CC(C)O,mol_db030b5de88f8eaf,0.8324,0.9798,0.9679552316665649,1.0508325099945068,111.7662582397461,CCCCCO,mol_243de2450bee5519,0.16759999999999997,0.020199999999999996,0.03204478695988655,1.3170396089553833,14.662415504455566,,,,,,,
state_140536dbed90a355267bc0c2,3c_5af2e9ac27e2698a2927,3,ternary_vle_english.xlsx,10.1016/j.fluid.2008.06.006,unverified,0.5,isobaric,0.9772727272727273,isobaric,324.99,320.774169921875,,,5.340576171875e-05,True,False,48,C1CCCCC1,mol_893981623557f359,0.09399999999999997,0.061999999999999944,0.07600358128547668,1.9762837886810303,38.457847595214844,CC(C)=O,mol_e04cf77cea7bbe66,0.81,0.781,0.8189644813537598,1.0440552234649658,91.030029296875,CC(C)OC(C)C,mol_1a0ca8e5eeb68da8,0.096,0.157,0.10503192991018295,2.0186736583709717,50.94623565673828
state_144e4af3fe0595d82d238f4c,2c_ef978bac8ab2c7c131e7,2,binary_vle_english.xlsx,10.1016/j.fluid.2015.03.013,unverified,0.5,isobaric,0.9629629629629629,isobaric,388.21999999999997,381.5016784667969,,,3.0517578125e-05,True,False,48,CC(=O)N(C)C,mol_b8ccf255e2b62919,0.11199999999999999,0.03200000000000003,0.04579068720340729,1.5295950174331665,27.076467514038086,CCC(C)OC(C)=O,mol_879306ab1082c162,0.888,0.968,0.9542093276977539,1.0153415203094482,107.2081527709961,,,,,,,
state_1493005985f57e5073a894f8,2c_784276d4500715f79c89,2,binary_vle_english.xlsx,10.1016/j.fluid.2011.11.020,passed,1.0,isobaric,0.9,isobaric,356.34,355.2509765625,,,4.57763671875e-05,True,False,48,CCCCCCC,mol_fddb2c852c313396,0.09619999999999995,0.10629999999999995,0.11544219404459,1.9776942729949951,61.48495864868164,c1ccsc1,mol_7953343be0b435d5,0.9038,0.8937,0.884557843208313,1.0178942680358887,97.42933654785156,,,,,,,
state_14d16d5fcd5c3a6016f8e45e,2c_e06683c33855ee8d702b,2,binary_vle_english.xlsx,10.1016/j.fluid.2012.12.020,unverified,0.5,isobaric,0.9565217391304348,isobaric,355.5,357.3868408203125,,,-1.52587890625e-05,True,False,48,CC(C)O,mol_db030b5de88f8eaf,1.0,1.0,1.0,1.0,100.99994659423828,CCCCO,mol_ad4ef9c6c876ca2f,0.0,0.0,0.0,1.8621618747711182,34.46464920043945,,,,,,,
state_15cb7e65fe8ac19954a17213,2c_e584d9baea666806df78,2,binary_vle_english.xlsx,10.1016/j.jct.2010.02.001,unverified,0.5,isobaric,0.9444444444444444,isobaric,355.15,354.12017822265625,,,0.001293182373046875,True,False,48,CCCCO,mol_ad4ef9c6c876ca2f,0.16059999999999997,0.051100000000000034,0.0688580647110939,0.7460312843322754,30.633037567138672,CCCO,mol_5fb2f93dc8caa9dc,0.8394,0.9489,0.9311419725418091,0.9884760975837708,59.81617736816406,,,,,,,
state_17b6c316702ccaba6b04ee1b,2c_ba6de3f53ea6de13738b,2,binary_vle_english.xlsx,10.1016/j.fluid.2006.02.009,unverified,0.5,isobaric,0.95,isobaric,334.01,335.6961364746094,,,5.340576171875e-05,True,False,48,CCC(C)Cl,mol_9f4835d3aad75f1c,1.0,1.0,1.0,1.0,80.00000762939453,Cc1ccccc1,mol_1c09299644053521,0.0,0.0,0.0,2.559997081756592,23.263195037841797,,,,,,,
state_17d1377aefb7705f6b73eff9,2c_ca2ff513d4ae36f2f8e1,2,binary_vle_english.xlsx,10.1016/j.jct.2016.10.001,unverified,0.5,isobaric,0.8181818181818182,isobaric,361.0,365.57586669921875,,,0.00072479248046875,True,False,48,CCCO,mol_5fb2f93dc8caa9dc,0.313,0.412,0.3668270707130432,1.3861453533172607,85.64865112304688,O,mol_e81dc06beaa39499,0.687,0.5880000000000001,0.633172869682312,1.103855013847351,84.57964324951172,,,,,,,
state_17fa55b0b3543275f96737d4,2c_7b12ee2d0e35e39326bc,2,binary_vle_english.xlsx,10.1016/j.fluid.2011.08.007,unverified,0.5,isobaric,0.9642857142857143,isobaric,329.19,321.75469970703125,,,3.814697265625e-05,True,False,48,CCOCCO,mol_ab8630148ae67e51,0.07399999999999995,0.0050000000000000044,0.00593110965564847,0.8518228530883789,6.272206783294678,CO,mol_a85d32e4db2ff39c,0.926,0.995,0.9940688610076904,0.9875057339668274,72.46549987792969,,,,,,,
state_180122004c139d7416652990,3c_c1f86c0bca7d787912fb,3,ternary_vle_english.xlsx,10.1016/j.jct.2011.10.025,unverified,0.5,isobaric,0.9807692307692307,isobaric,352.25,351.3783264160156,,,4.57763671875e-05,True,False,48,C1CCOCC1,mol_626f3d1f5bbb6f55,0.157,0.108,0.1477174609899521,1.246416449546814,76.46775817871094,CC(C)CC(C)(C)C,mol_57615b5c3546c298,0.22199999999999998,0.24,0.2121616005897522,1.7526767253875732,55.23588943481445,CC(C)O,mol_db030b5de88f8eaf,0.621,0.652,0.6401209235191345,1.2169071435928345,85.80693054199219
state_183464c8177fd6ef8cab3cf4,2c_d66c7a74cea5d8732e08,2,binary_vle_english.xlsx,10.1016/j.jct.2017.02.005,unverified,0.5,isobaric,0.96875,isobaric,353.19,355.3912658691406,,,4.57763671875e-05,True,False,48,CC(C)O,mol_db030b5de88f8eaf,0.761,0.734,0.782089114189148,1.073493480682373,95.73541259765625,O,mol_e81dc06beaa39499,0.239,0.266,0.21791087090969086,1.4731806516647339,61.89070510864258,,,,,,,
state_183fca85c717fae213fbe5b9,2c_165952a69a69e7a8d3f6,2,binary_vle_english.xlsx,10.1016/j.fluid.2005.01.007,unverified,0.5,isobaric,0.9545454545454546,isobaric,344.47999999999996,346.8584899902344,,,0.000457763671875,True,False,48,CC(C)CC(C)(C)C,mol_57615b5c3546c298,0.29500000000000004,0.34299999999999997,0.2488173246383667,1.756898283958435,48.6417121887207,CCO,mol_f29e20f49d416e54,0.705,0.657,0.7511826753616333,1.1540703773498535,93.54508972167969,,,,,,,
state_186600621a2f8250315aea07,2c_784276d4500715f79c89,2,binary_vle_english.xlsx,10.1016/j.fluid.2011.11.020,passed,1.0,isobaric,0.9,isobaric,356.44,355.3125,,,4.57763671875e-05,True,False,48,CCCCCCC,mol_fddb2c852c313396,0.2459,0.20940000000000003,0.203475683927536,1.3611748218536377,61.59969711303711,c1ccsc1,mol_7953343be0b435d5,0.7541,0.7906,0.7965242862701416,1.096636176109314,97.5991439819336,,,,,,,
state_19345a4d768619490d979435,2c_6eb2e45afed5017e5e33,2,binary_vle_english.xlsx,10.1016/j.fluid.2014.09.021,unverified,0.5,isobaric,0.95,isobaric,387.25,380.5244140625,,,-3.814697265625e-05,True,False,48,CCC(C)OC(C)=O,mol_879306ab1082c162,0.817,0.904,0.9007149934768677,1.0666292905807495,104.70340728759766,CN(C)C=O,mol_ca12d6d2f2ffb170,0.18300000000000005,0.09599999999999997,0.09928503632545471,1.7353346347808838,31.670757293701172,,,,,,,
state_19aaab5a52c6e9614d1fed6f,3c_954c33e76e33ef115670,3,ternary_vle_english.xlsx,10.1016/j.fluid.2006.07.003,unverified,0.5,isobaric,0.9761904761904762,isobaric,359.97999999999996,361.63946533203125,,,8.392333984375e-05,True,False,48,CCCCCO,mol_243de2450bee5519,0.04800000000000004,0.0050000000000000044,0.007798333652317524,1.1044012308120728,14.90195369720459,CCCO,mol_5fb2f93dc8caa9dc,0.474,0.404,0.466886967420578,1.3145568370819092,75.90380859375,CCCOCCC,mol_e13b90e4aa2e917d,0.478,0.591,0.5253146886825562,1.269290566444397,87.70818328857422
state_1a594da038db5ff0bf7cfcc2,2c_50cae961bcfb98dfb10a,2,binary_vle_english.xlsx,10.1016/j.fluid.2013.05.019,passed,1.0,full_state,0.5714285714285714,isobaric,346.27,350.0762939453125,,,0.00012969970703125,True,False,48,CC(C)=C(C)C,mol_ac85c03b48dc0205,0.999862,0.999937,0.999802827835083,1.0,101.3241958618164,c1ccsc1,mol_7953343be0b435d5,0.000138,6.3e-05,0.0001971641177078709,1.7241331338882446,83.96858978271484,,,,,,,
state_1a7e5f06e88b67110174f5a3,2c_e94406f9abae6913c6d1,2,binary_vle_english.xlsx,10.1016/j.fluid.2005.02.014,unverified,0.5,isobaric,0.9166666666666666,isobaric,324.95,326.5284118652344,,,-1.9073486328125e-05,True,False,48,C1CCOCC1,mol_626f3d1f5bbb6f55,0.0636,0.0434,0.057116832584142685,1.0594545602798462,33.90665054321289,CCCCCl,mol_f7989a5c13417f20,0.9364,0.9566,0.9428831338882446,0.9979020953178406,40.361637115478516,,,,,,,
state_1aa8f53307fb32fb27906397,3c_c1f86c0bca7d787912fb,3,ternary_vle_english.xlsx,10.1016/j.jct.2011.10.025,unverified,0.5,isobaric,0.9807692307692307,isobaric,350.92999999999995,351.4979553222656,,,-7.62939453125e-06,True,False,48,C1CCOCC1,mol_626f3d1f5bbb6f55,0.053,0.03,0.052604496479034424,1.3100807666778564,76.74640655517578,CC(C)CC(C)(C)C,mol_57615b5c3546c298,0.33399999999999996,0.33599999999999997,0.2932409346103668,1.6048119068145752,55.41956329345703,CC(C)O,mol_db030b5de88f8eaf,0.613,0.634,0.6541545391082764,1.255664348602295,86.09054565429688
state_1aab9a524cc1cb589c64e387,3c_954c33e76e33ef115670,3,ternary_vle_english.xlsx,10.1016/j.fluid.2006.07.003,unverified,0.5,isobaric,0.9761904761904762,isobaric,360.96,363.013916015625,,,0.00011444091796875,True,False,48,CCCCCO,mol_243de2450bee5519,0.09699999999999998,0.01200000000000001,0.01633625105023384,1.085268259048462,15.720023155212402,CCCO,mol_5fb2f93dc8caa9dc,0.388,0.359,0.410854309797287,1.3544310331344604,79.197021484375,CCCOCCC,mol_e13b90e4aa2e917d,0.515,0.629,0.5728094577789307,1.2369970083236694,91.08439636230469
state_1c0e2bfd38bd630a7fa714d3,3c_f1332761d3af136f02b5,3,ternary_vle_english.xlsx,10.1016/j.fluid.2014.04.025,unverified,0.5,isobaric,0.9473684210526315,isobaric,387.12,387.1943359375,,,0.00078582763671875,True,False,48,COCCO,mol_d291b272a64498d9,0.4234,0.3291,0.4051143527030945,1.0169355869293213,95.3116226196289,CS(C)=O,mol_7d3e12eaed0f467c,0.2057,0.013600000000000056,0.024089738726615906,0.8754166960716248,13.551753044128418,Cc1ccccc1,mol_1c09299644053521,0.3709,0.6573,0.5707958936691284,1.601491093635559,97.3446273803711
state_1c749045e42eac06f78c555b,2c_ca2ff513d4ae36f2f8e1,2,binary_vle_english.xlsx,10.1016/j.fluid.2017.05.012,unverified,0.5,isobaric,0.9411764705882353,isobaric,361.0,365.2812805175781,,,0.00054931640625,True,False,48,CCCO,mol_5fb2f93dc8caa9dc,0.3595,0.3865,0.3979640603065491,1.317148208618164,84.88557434082031,O,mol_e81dc06beaa39499,0.6405000000000001,0.6134999999999999,0.6020359396934509,1.1323431730270386,83.83952331542969,,,,,,,
state_1c8e126866eb34a19ced9aa2,2c_50cae961bcfb98dfb10a,2,binary_vle_english.xlsx,10.1016/j.fluid.2013.05.019,passed,1.0,full_state,0.5714285714285714,isobaric,346.27,350.069580078125,,,6.103515625e-05,True,False,48,CC(C)=C(C)C,mol_ac85c03b48dc0205,0.999535,0.999793,0.9993360042572021,1.0000001192092896,101.3099365234375,c1ccsc1,mol_7953343be0b435d5,0.000465,0.000207,0.0006640292122028768,1.7236171960830688,83.95217895507812,,,,,,,
state_1df9d488074323c6371d9ee5,2c_94ed5d0a73a3c26e5ef5,2,binary_vle_english.xlsx,10.1016/j.fluid.2011.06.009,unverified,0.5,isobaric,0.8888888888888888,isobaric,315.13,303.8795471191406,,,-9.5367431640625e-06,True,False,48,CCO,mol_f29e20f49d416e54,0.931,0.932,0.9880306124687195,0.9918103218078613,21.090070724487305,O,mol_e81dc06beaa39499,0.06899999999999995,0.06799999999999995,0.011969403363764286,0.3694981336593628,9.253310203552246,,,,,,,
state_1e2734749aa6d57a2144206f,2c_72d232cf7a8125302e6c,2,binary_vle_english.xlsx,10.1016/j.fluid.2009.01.006,unverified,0.5,isobaric,0.9333333333333333,isobaric,337.79999999999995,338.7316589355469,,,-1.52587890625e-05,True,False,48,CN(C)C=O,mol_ca12d6d2f2ffb170,0.21799999999999997,0.015900000000000025,0.02748911641538143,1.596812129020691,7.999439716339111,ClC(Cl)Cl,mol_d9e0a2387a6283f9,0.782,0.9841,0.9725108742713928,1.1464357376098633,109.88719940185547,,,,,,,
state_1e9219c47f95298ee53feb1a,2c_ac155ac6c9df3bfcf363,2,binary_vle_english.xlsx,10.1016/j.fluid.2014.03.033,passed,1.0,full_state,0.0,isobaric,345.75,344.9206848144531,,,0.000637054443359375,True,False,48,CC(=O)CC(C)C,mol_0a895444a9f0f36b,0.69,0.91,0.9150275588035583,1.0867656469345093,23.307607650756836,O=Cc1ccco1,mol_cfdccd30b0689448,0.31,0.09,0.08497246354818344,1.2868164777755737,4.068632125854492,,,,,,,
state_1eff8102ca6b582e8e8f983f,2c_045f196d049de4abb690,2,binary_vle_english.xlsx,10.1016/j.jct.2004.09.009,unverified,0.5,isobaric,0.9411764705882353,isobaric,361.95,360.7601013183594,,,5.340576171875e-05,True,False,48,CCC(C)O,mol_06affb0d2c6c8ff2,0.2862,0.27459999999999996,0.2153579443693161,1.1733009815216064,64.96676635742188,COC(=O)OC,mol_0ec85594f0f896ea,0.7138,0.7254,0.7846420407295227,1.0334161520004272,107.75294494628906,,,,,,,
state_20a3fcbf5f2aa12567815c2e,3c_bd75ed1e70032dcf0b2e,3,ternary_vle_english.xlsx,10.1016/j.fluid.2014.09.021,unverified,0.5,isobaric,0.9444444444444444,isobaric,401.74,402.073486328125,,,5.340576171875e-05,True,False,48,CCC(C)O,mol_06affb0d2c6c8ff2,0.138,0.296,0.28161880373954773,0.97330641746521,212.39405822753906,CCC(C)OC(C)=O,mol_879306ab1082c162,0.123,0.325,0.31011587381362915,1.4875311851501465,171.69679260253906,CN(C)C=O,mol_ca12d6d2f2ffb170,0.739,0.379,0.4082653224468231,0.9719840288162231,57.576904296875
state_211dae1f6c8a5d60e012c8d9,3c_5af2e9ac27e2698a2927,3,ternary_vle_english.xlsx,10.1016/j.fluid.2008.06.006,unverified,0.5,isobaric,0.9772727272727273,isobaric,324.9,321.7030944824219,,,0.0018463134765625,True,False,48,C1CCCCC1,mol_893981623557f359,0.20100000000000007,0.10200000000000009,0.1314965784549713,1.54989755153656,39.67818069458008,CC(C)=O,mol_e04cf77cea7bbe66,0.706,0.718,0.7737683653831482,1.1058355569839478,93.16484832763672,CC(C)OC(C)C,mol_1a0ca8e5eeb68da8,0.093,0.18,0.09473501145839691,1.8336303234100342,52.221832275390625
state_2192cdace516bb0cb2909c08,2c_e0ef8174c7b6fc15273a,2,binary_vle_english.xlsx,10.1016/j.fluid.2005.06.024,unverified,0.5,isobaric,0.9743589743589743,isobaric,330.96999999999997,326.6490783691406,,,0.00038909912109375,True,False,48,CC(C)=O,mol_e04cf77cea7bbe66,0.9502,0.997,0.9902637004852295,1.004066824913025,105.16990661621094,CCOC(=O)OCC,mol_4df2781fcf4d4a77,0.049799999999999955,0.0030000000000000027,0.009736300446093082,1.622948169708252,12.206136703491211,,,,,,,
state_22706e37ce051d0ea909bd95,3c_f0c258463b44c2183ab7,3,ternary_vle_english.xlsx,10.1016/j.fluid.2005.03.014,unverified,0.5,isobaric,0.9767441860465116,isobaric,381.78,381.7450866699219,,,3.814697265625e-05,True,False,48,CC(=O)OCC(C)C,mol_e7eb29ad965cc8ee,0.356,0.328,0.39292195439338684,1.454822301864624,76.85208892822266,CC(C)CO,mol_015d21fca05fcd26,0.612,0.66,0.5952686667442322,1.1226741075515747,87.76416015625,CN(C)C=O,mol_ca12d6d2f2ffb170,0.03200000000000003,0.01200000000000001,0.011809386312961578,1.1390440464019775,32.82057189941406
state_228b9ad5de2dde4ebc60e343,2c_97830bff71af0df3111e,2,binary_vle_english.xlsx,10.1016/j.fluid.2018.03.015,unverified,0.5,isobaric,0.8333333333333334,isobaric,332.25,333.502685546875,,,0.00017547607421875,True,False,48,CCO,mol_f29e20f49d416e54,0.22399999999999998,0.18100000000000005,0.21883921325206757,1.6130505800247192,61.353458404541016,ClC(Cl)Cl,mol_d9e0a2387a6283f9,0.776,0.819,0.781160831451416,1.0622798204421997,95.9952392578125,,,,,,,
state_22d1af9716acc4d39f5b3dc8,2c_fb0ad4b474929fdd899d,2,binary_vle_english.xlsx,10.1016/j.fluid.2007.09.014,unverified,0.5,isobaric,0.9583333333333334,isobaric,341.49,348.7633361816406,,,7.62939453125e-06,True,False,48,CC(C)OC(C)C,mol_1a0ca8e5eeb68da8,1.0,1.0,1.0,1.0,101.29994201660156,COCCO,mol_d291b272a64498d9,0.0,0.0,0.0,10.556143760681152,27.158838272094727,,,,,,,
state_239827b4a555dba721af5958,3c_c45f0751ac63a91a45e8,3,ternary_vle_english.xlsx,10.1016/j.fluid.2005.06.019,unverified,0.5,isobaric,0.9767441860465116,isobaric,383.0,386.84259033203125,,,0.001190185546875,True,False,48,CC(=O)OCC(C)C,mol_e7eb29ad965cc8ee,0.101,0.108,0.12552426755428314,1.4453715085983276,87.10459899902344,CC(C)CO,mol_015d21fca05fcd26,0.807,0.877,0.8353788256645203,1.0401337146759033,100.81729125976562,CCCCCCO,mol_eb71ecc709e3f0dc,0.09199999999999997,0.015000000000000013,0.03909684345126152,1.7052016258239746,25.245988845825195
state_24e10f47bd8b78f71b4b3eca,2c_972bb6b6305c64cb2237,2,binary_vle_english.xlsx,10.1016/j.jct.2017.07.019,unverified,0.5,isobaric,0.95,isobaric,334.34999999999997,335.5641784667969,,,7.62939453125e-06,True,False,48,ClC(Cl)Cl,mol_d9e0a2387a6283f9,1.0,1.0,1.0,1.0,101.29994201660156,OCC(F)(F)C(F)F,mol_48469952cf716332,0.0,0.0,0.0,4.097537994384766,26.3458251953125,,,,,,,
state_25340b9d4f57ad4fbe5c5a10,2c_8227101c64130ee5e04f,2,binary_vle_english.xlsx,10.1016/j.jct.2017.07.019,unverified,0.5,isobaric,0.9411764705882353,isobaric,366.79999999999995,369.3966064453125,,,-2.288818359375e-05,True,False,48,O,mol_e81dc06beaa39499,0.7186,0.7277,0.7334052920341492,1.092054009437561,94.67205047607422,OCC(F)(F)C(F)F,mol_48469952cf716332,0.2814,0.2723,0.26659464836120605,1.3798439502716064,69.5514907836914,,,,,,,
state_26a923e2a0b4f3b5f6311716,3c_f6a2de3ac0acbac84e4f,3,ternary_vle_english.xlsx,10.1016/j.fluid.2005.01.007,unverified,0.5,isobaric,0.9818181818181818,isobaric,331.01,330.15728759765625,,,0.00014495849609375,True,False,48,CC(C)=O,mol_e04cf77cea7bbe66,0.585,0.695,0.7574211359024048,1.1468816995620728,114.359619140625,CC(C)CC(C)(C)C,mol_57615b5c3546c298,0.265,0.17600000000000005,0.12333953380584717,1.5980292558670044,29.50404167175293,CCO,mol_f29e20f49d416e54,0.15,0.129,0.11923936754465103,1.4665733575820923,54.90784454345703
state_26fb5847692964c86f018528,3c_61bfd4ccc52903a74083,3,ternary_vle_english.xlsx,10.1016/j.fluid.2007.03.030,unverified,0.5,isobaric,0.9761904761904762,isobaric,360.07,364.5651550292969,,,0.00030517578125,True,False,48,CCCO,mol_5fb2f93dc8caa9dc,0.71,0.738,0.6603521108627319,1.1344047784805298,83.05382537841797,CCCOCCC,mol_e13b90e4aa2e917d,0.196,0.225,0.30192047357559204,1.6422438621520996,95.01875305175781,CCOCCO,mol_ab8630148ae67e51,0.09400000000000008,0.03700000000000003,0.037727415561676025,1.2674839496612549,32.07725524902344
state_2782ab80c9e6920d9e7bdef4,2c_f33ec9a350eb94b685d6,2,binary_vle_english.xlsx,10.1016/j.jct.2011.10.025,unverified,0.5,isobaric,0.9545454545454546,isobaric,362.02,361.83856201171875,,,5.340576171875e-05,True,False,48,C1CCOCC1,mol_626f3d1f5bbb6f55,0.897,0.916,0.9198650121688843,0.9974675178527832,104.14591979980469,CC(C)CC(C)(C)C,mol_57615b5c3546c298,0.10299999999999998,0.08399999999999996,0.08013500273227692,1.0761817693710327,73.23332977294922,,,,,,,
state_27a27c80d287b866836d34e4,2c_e94406f9abae6913c6d1,2,binary_vle_english.xlsx,10.1016/j.fluid.2005.02.014,unverified,0.5,isobaric,0.9166666666666666,isobaric,326.15,326.8768005371094,,,3.814697265625e-06,True,False,48,C1CCOCC1,mol_626f3d1f5bbb6f55,0.1877,0.1398,0.17202553153038025,1.0680246353149414,34.32478713989258,CCCCCl,mol_f7989a5c13417f20,0.8123,0.8602,0.8279744982719421,0.9983635544776917,40.8387336730957,,,,,,,
state_284b7870f4cd37977f56517d,2c_f4a55bc5fa0e7d69faf8,2,binary_vle_english.xlsx,10.1016/j.fluid.2012.12.021,unverified,0.5,isobaric,0.9545454545454546,isobaric,341.7,340.2846984863281,,,-1.52587890625e-05,True,False,48,C1CCOCC1,mol_626f3d1f5bbb6f55,0.719,0.8220000000000001,0.7976140379905701,1.0276753902435303,53.97317886352539,CCC(C)O,mol_06affb0d2c6c8ff2,0.281,0.178,0.20238594710826874,1.1092206239700317,32.46580505371094,,,,,,,
state_286af58a53e0ae88e7ceb25f,2c_94ed5d0a73a3c26e5ef5,2,binary_vle_english.xlsx,10.1016/j.fluid.2011.06.009,unverified,0.5,isobaric,0.9375,isobaric,309.53,313.4244079589844,,,3.528594970703125e-05,True,False,48,CCO,mol_f29e20f49d416e54,0.383,0.632,0.45273420214653015,0.5110834240913391,30.41439437866211,O,mol_e81dc06beaa39499,0.617,0.368,0.5472657680511475,0.8455442190170288,13.794414520263672,,,,,,,
state_28ca59d32dd6b942fc05c6c4,2c_6ce3ca627d5d8bfa6a1b,2,binary_vle_english.xlsx,10.1016/j.fluid.2018.07.013,unverified,0.5,isobaric,0.9047619047619048,isobaric,332.45,336.1470642089844,,,7.62939453125e-05,True,False,48,CCCCCC,mol_c55e04e90e298cf6,0.4467,0.5823,0.5151954293251038,1.5518279075622559,75.28733825683594,CCO,mol_f29e20f49d416e54,0.5533,0.4177,0.48480460047721863,1.3272465467453003,66.8750228881836,,,,,,,
state_2a1d365d48cebebb780c1d4d,2c_37c45ee575c800aa7033,2,binary_vle_english.xlsx,10.1016/j.fluid.2005.09.015,unverified,0.5,isobaric,0.9545454545454546,isobaric,390.15999999999997,393.0023193359375,,,0.00182342529296875,True,False,48,CC(=O)OCC(C)C,mol_e7eb29ad965cc8ee,0.978,0.991,0.9750588536262512,1.0009958744049072,100.89663696289062,CCCCOC(=O)CC,mol_a9c167bbb331e76a,0.02200000000000002,0.009000000000000008,0.024941161274909973,2.201369524002075,52.16966247558594,,,,,,,
state_2a22e9c06952e9b0abdc17fa,2c_f84a6616de8e67ab84b6,2,binary_vle_english.xlsx,10.1016/j.fluid.2005.06.019,unverified,0.5,isobaric,0.96,isobaric,381.09,387.021240234375,,,0.0017547607421875,True,False,48,CC(C)CO,mol_015d21fca05fcd26,1.0,1.0,1.0,1.0,101.30168914794922,CCCCCCO,mol_eb71ecc709e3f0dc,0.0,0.0,0.0,3.494133949279785,25.403600692749023,,,,,,,
state_2a49134faaf4a04b6d8422c6,2c_4cc4055379eb0154120e,2,binary_vle_english.xlsx,10.1016/j.fluid.2010.01.006,unverified,0.5,isothermal,0.9629629629629629,isothermal,,,264.10001196198397,334.73480224609375,3.0517578125e-05,True,False,48,CCCC,mol_fadb5806094149e6,0.5499,0.9585,0.9756763577461243,1.3540875911712646,438.607666015625,CCSCC,mol_a7491cfbf016fee6,0.45009999999999994,0.04149999999999998,0.02432364411652088,1.052931547164917,17.179889678955078,,,,,,,
state_2a84d74f0e12df4b98a3a3f5,3c_a6f39dd395c2cfcf800d,3,ternary_vle_english.xlsx,10.1016/j.fluid.2009.01.016,unverified,0.5,isothermal,0.9333333333333333,isothermal,,,13.910055942912,11.011899948120117,-9.5367431640625e-07,True,False,48,CC(=O)C(C)(C)C,mol_61a887e37d396488,0.6782,0.6271,0.7510027289390564,0.9249081015586853,13.184004783630371,CC(C)(C)CO,mol_dfb42f12fdc989ed,0.2781,0.12770000000000004,0.12243117392063141,0.535861074924469,9.04692554473877,COC(C)(C)C,mol_b614d6fea320c179,0.0437,0.2452,0.1265661120414734,0.45780670642852783,69.66523742675781
state_2ad9e8b66b6f80a741ee7102,2c_6f361cb0ec8be0b0e6dd,2,binary_vle_english.xlsx,10.1016/j.jct.2012.11.005,unverified,0.5,isothermal,0.9166666666666666,isothermal,,,26.730068205055996,30.395912170410156,0.0,True,False,48,CC(C)OC(C)C,mol_1a0ca8e5eeb68da8,0.063,0.359,0.07681918889284134,0.8961676359176636,41.35757827758789,CCO,mol_f29e20f49d416e54,0.937,0.641,0.9231808185577393,0.9947624802589417,30.105300903320312,,,,,,,
state_2b0575087ca52e657d740722,2c_c830dc760c5163d2d27d,2,binary_vle_english.xlsx,10.1016/j.fluid.2011.05.011,unverified,0.5,isothermal,0.9285714285714286,isothermal,,,27.979965405056,23.935771942138672,0.0,True,False,48,CC(C)CC(C)(C)C,mol_57615b5c3546c298,0.2138,0.6234,0.38706666231155396,1.3379366397857666,32.388431549072266,CC(C)CO,mol_015d21fca05fcd26,0.7862,0.37660000000000005,0.6129333972930908,0.9867127537727356,18.911977767944336,,,,,,,
state_2b532830d642427bab30f966,3c_65250b1389afa8bc1bcc,3,ternary_vle_english.xlsx,10.1016/j.fluid.2013.01.020,unverified,0.5,isothermal,0.9655172413793104,isothermal,,,39.659938098432,37.873924255371094,0.0,True,False,48,CC(=O)C(C)C,mol_b650f1cc3cac74aa,0.4013,0.17820000000000003,0.17098656296730042,1.0786676406860352,14.960477828979492,CC(C)C(C)C,mol_7347d05012022dd9,0.269,0.4946,0.44657468795776367,1.1273720264434814,55.771827697753906,CC(C)OC(C)C,mol_1a0ca8e5eeb68da8,0.3297,0.3272,0.38243865966796875,1.0622532367706299,41.35757827758789
state_2baef2b276cd2fdd28ff3272,2c_acf6c70dfacb27974826,2,binary_vle_english.xlsx,10.1016/j.fluid.2012.05.016,unverified,0.5,isothermal,0.9411764705882353,isothermal,,,12.380048447744,19.817413330078125,0.0,True,False,48,CCCO,mol_5fb2f93dc8caa9dc,0.9918,0.9755,0.9982452392578125,0.9996628165245056,19.952924728393555,CCCOC(C)=O,mol_67043ae833ecd0c7,0.0082,0.0245,0.0017547525931149721,0.2681180238723755,15.8169584274292,,,,,,,
state_2c23a0c217738a7d018b3761,2c_ea9da779580d9b792700,2,binary_vle_english.xlsx,10.1016/j.jct.2012.11.005,unverified,0.5,isothermal,0.9411764705882353,isothermal,,,35.510012749695996,34.29644012451172,-3.814697265625e-06,True,False,48,CC(C)OC(C)C,mol_1a0ca8e5eeb68da8,0.946,0.723,0.9083713889122009,1.0021946430206299,32.86012649536133,CO,mol_a85d32e4db2ff39c,0.05400000000000005,0.277,0.0916285440325737,1.340397596359253,43.416255950927734,,,,,,,
state_2cabe56230ce3664134a8671,2c_ab90a05e58432c71abba,2,binary_vle_english.xlsx,10.1016/j.fluid.2011.05.011,unverified,0.5,isothermal,0.8888888888888888,isothermal,,,28.990015665024,31.969730377197266,-1.9073486328125e-06,True,False,48,CC(=O)CC(C)C,mol_0a895444a9f0f36b,0.07920000000000005,0.08679999999999999,0.062007974833250046,1.5568219423294067,16.0776424407959,CC(C)CC(C)(C)C,mol_57615b5c3546c298,0.9208,0.9132,0.9379920363426208,1.0055018663406372,32.388431549072266,,,,,,,
state_2de96ac6efa29caf848aa7ac,2c_ab90a05e58432c71abba,2,binary_vle_english.xlsx,10.1016/j.fluid.2011.05.011,unverified,0.5,isothermal,0.9411764705882353,isothermal,,,28.770033757824,30.39986801147461,0.0,True,False,48,CC(=O)CC(C)C,mol_0a895444a9f0f36b,0.2469,0.20279999999999998,0.161427304148674,1.236246943473816,16.0776424407959,CC(C)CC(C)(C)C,mol_57615b5c3546c298,0.7531,0.7972,0.8385727405548096,1.0451289415359497,32.388431549072266,,,,,,,
state_2e8f4ee1d652dc4c2ef01677,2c_31dd895be9cb26117aa9,2,binary_vle_english.xlsx,10.1016/j.jct.2015.07.024,unverified,0.5,isothermal,0.8888888888888888,isothermal,,,80.5000457984,73.05509948730469,0.0,True,False,48,CCOC(=O)OCC,mol_4df2781fcf4d4a77,0.742,0.40900000000000003,0.4723615348339081,0.9564983248710632,48.62246322631836,CCOC(C)=O,mol_18876b584acc43d4,0.258,0.591,0.5276384353637695,0.8651772737503052,172.68798828125,,,,,,,
state_2f202135fcf8750a06dac8b0,2c_8742372ba72e435a7962,2,binary_vle_english.xlsx,10.1016/j.fluid.2013.01.020,unverified,0.5,isothermal,0.9473684210526315,isothermal,,,46.610033142271995,44.38743591308594,-3.814697265625e-06,True,False,48,CC(=O)C(C)C,mol_b650f1cc3cac74aa,0.4496,0.17759999999999998,0.16725438833236694,1.103737473487854,14.960477828979492,CC(C)C(C)C,mol_7347d05012022dd9,0.5504,0.8224,0.8327456116676331,1.2041457891464233,55.771827697753906,,,,,,,
state_2f4e3df82571e378af4d6cba,2c_4cc4055379eb0154120e,2,binary_vle_english.xlsx,10.1016/j.fluid.2010.01.006,unverified,0.5,isothermal,0.9285714285714286,isothermal,,,246.699976391936,303.33673095703125,3.0517578125e-05,True,False,48,CCCC,mol_fadb5806094149e6,0.5,0.9523,0.970964252948761,1.343018651008606,438.607666015625,CCSCC,mol_a7491cfbf016fee6,0.5,0.047699999999999965,0.02903578244149685,1.0253406763076782,17.179889678955078,,,,,,,
state_31869d59ec757063ec42a34b,2c_a948b12e7b27db3902e0,2,binary_vle_english.xlsx,10.1016/j.jct.2009.04.006,unverified,0.5,isothermal,0.9285714285714286,isothermal,,,1.560005027968,0.8916006088256836,-5.960464477539063e-08,True,False,48,CCCCCl,mol_f7989a5c13417f20,0.069,0.65,0.22439837455749512,0.20518037676811218,14.132048606872559,O=C1CCCCC1,mol_09f0d60d139abab5,0.931,0.35,0.7756016254425049,0.996626079082489,0.7452930808067322,,,,,,,
state_31a63efc42d5632470390c3d,2c_4cc4055379eb0154120e,2,binary_vle_english.xlsx,10.1016/j.fluid.2010.01.006,unverified,0.5,isothermal,0.9629629629629629,isothermal,,,27.599996656256,18.524986267089844,-1.9073486328125e-06,True,False,48,CCCC,mol_fadb5806094149e6,0.0148,0.3243,0.08652341365814209,0.2469184547662735,438.607666015625,CCSCC,mol_a7491cfbf016fee6,0.9852,0.6757,0.9134766459465027,0.9997940063476562,17.179889678955078,,,,,,,
state_32304febc10eb918ebad2f8f,2c_ea9da779580d9b792700,2,binary_vle_english.xlsx,10.1016/j.jct.2012.11.005,unverified,0.5,isothermal,0.9411764705882353,isothermal,,,42.529968714367996,41.238494873046875,0.0,True,False,48,CC(C)OC(C)C,mol_1a0ca8e5eeb68da8,0.571,0.565,0.5075027346611023,1.1154134273529053,32.86012649536133,CO,mol_a85d32e4db2ff39c,0.42900000000000005,0.43500000000000005,0.4924972951412201,1.0904279947280884,43.416255950927734,,,,,,,
state_323433d7b7a91bf27b6b62a2,3c_a6f39dd395c2cfcf800d,3,ternary_vle_english.xlsx,10.1016/j.fluid.2009.01.016,unverified,0.5,isothermal,0.9333333333333333,isothermal,,,19.559991254015998,14.230721473693848,-9.5367431640625e-07,True,False,48,CC(=O)C(C)(C)C,mol_61a887e37d396488,0.2914,0.2485,0.18456332385540009,0.6836525201797485,13.184004783630371,CC(C)(C)CO,mol_dfb42f12fdc989ed,0.5554,0.19510000000000005,0.29667237401008606,0.8402279019355774,9.04692554473877,COC(C)(C)C,mol_b614d6fea320c179,0.1532,0.5564,0.5187642574310303,0.6917067766189575,69.66523742675781
state_328a85dd1a3e9bba76091a32,2c_b399893600891028146a,2,binary_vle_english.xlsx,10.1016/j.fluid.2016.10.024,unverified,0.5,isothermal,0.9523809523809523,isothermal,,,78.57007119923199,89.2093505859375,0.0,True,False,48,CC(C)=O,mol_e04cf77cea7bbe66,0.554,0.872,0.8794184923171997,1.1544997692108154,122.65982818603516,CCC(C)O,mol_06affb0d2c6c8ff2,0.44599999999999995,0.128,0.12058152258396149,0.965176522731781,24.989036560058594,,,,,,,
state_32b0fbac6ebd0b52cfeee072,2c_c879fc0732268fc652fa,2,binary_vle_english.xlsx,10.1016/j.fluid.2011.06.001,passed,1.0,isothermal,0.9166666666666666,isothermal,,,10.550065624576,10.378459930419922,-9.5367431640625e-07,True,False,48,CC(C)OC(C)C,mol_1a0ca8e5eeb68da8,0.49219999999999997,0.5891,0.6481212973594666,0.7073782086372375,19.319499969482422,CCCCCl,mol_f7989a5c13417f20,0.5078,0.4109,0.35187870264053345,0.7737853527069092,9.294214248657227,,,,,,,
state_33630fc7f67598b2f69234c3,2c_d498cbbd8f767d43f3e7,2,binary_vle_english.xlsx,10.1016/j.fluid.2011.06.001,unverified,0.5,isothermal,0.9230769230769231,isothermal,,,13.175049728128,12.401308059692383,0.0,True,False,48,CC(C)OC(C)C,mol_1a0ca8e5eeb68da8,0.4416,0.4314,0.4710885286331177,0.6847705841064453,19.319499969482422,CCC(C)Cl,mol_9f4835d3aad75f1c,0.5584,0.5686,0.5289114117622375,0.7378438115119934,15.919909477233887,,,,,,,
state_336b04e320d44eb7c5969b42,2c_6f361cb0ec8be0b0e6dd,2,binary_vle_english.xlsx,10.1016/j.jct.2012.11.005,unverified,0.5,isothermal,0.9166666666666666,isothermal,,,42.449975293568,42.11390686035156,-3.814697265625e-06,True,False,48,CC(C)OC(C)C,mol_1a0ca8e5eeb68da8,0.726,0.726,0.7528602480888367,1.0559616088867188,41.35757827758789,CCO,mol_f29e20f49d416e54,0.274,0.274,0.24713976681232452,1.2617536783218384,30.105300903320312,,,,,,,
state_33de483796d2dae8dfa0731c,2c_c830dc760c5163d2d27d,2,binary_vle_english.xlsx,10.1016/j.fluid.2011.05.011,unverified,0.5,isothermal,0.9285714285714286,isothermal,,,30.360036318591998,32.60575866699219,0.0,True,False,48,CC(C)CC(C)(C)C,mol_57615b5c3546c298,0.9828,0.9262,0.9766755700111389,1.000436544418335,32.388431549072266,CC(C)CO,mol_015d21fca05fcd26,0.017199999999999993,0.07379999999999998,0.023324476554989815,2.337980031967163,18.911977767944336,,,,,,,
state_34a90f8b2fb69e57969c2036,2c_a948b12e7b27db3902e0,2,binary_vle_english.xlsx,10.1016/j.jct.2009.04.006,unverified,0.5,isothermal,0.9285714285714286,isothermal,,,3.060014990336,1.2515192031860352,0.0,True,False,48,CCCCCl,mol_f7989a5c13417f20,0.157,0.822,0.506897509098053,0.2859254777431488,14.132048606872559,O=C1CCCCC1,mol_09f0d60d139abab5,0.843,0.17800000000000005,0.493102490901947,0.9822455048561096,0.7452930808067322,,,,,,,
state_34b44d4d92b3fae1b38a6fe4,2c_d498cbbd8f767d43f3e7,2,binary_vle_english.xlsx,10.1016/j.fluid.2011.06.001,unverified,0.5,isothermal,0.9230769230769231,isothermal,,,13.225045616128,12.378805160522461,0.0,True,False,48,CC(C)OC(C)C,mol_1a0ca8e5eeb68da8,0.354,0.3468,0.32986900210380554,0.5970642566680908,19.319499969482422,CCC(C)Cl,mol_9f4835d3aad75f1c,0.646,0.6532,0.6701309680938721,0.8066130876541138,15.919909477233887,,,,,,,
state_3565a2663cd98479e6659b9d,3c_65250b1389afa8bc1bcc,3,ternary_vle_english.xlsx,10.1016/j.fluid.2013.01.020,unverified,0.5,isothermal,0.9655172413793104,isothermal,,,44.109972097535994,47.8177490234375,-3.814697265625e-06,True,False,48,CC(=O)C(C)C,mol_b650f1cc3cac74aa,0.10599999999999998,0.05930000000000002,0.05051921680569649,1.5233312845230103,14.960477828979492,CC(C)C(C)C,mol_7347d05012022dd9,0.3528,0.4834,0.46275660395622253,1.1246004104614258,55.771827697753906,CC(C)OC(C)C,mol_1a0ca8e5eeb68da8,0.5412,0.4573,0.48672419786453247,1.0398223400115967,41.35757827758789
state_35eb49c6de606e6ea0ed30c7,3c_65250b1389afa8bc1bcc,3,ternary_vle_english.xlsx,10.1016/j.fluid.2013.01.020,unverified,0.5,isothermal,0.9655172413793104,isothermal,,,45.549986994304,49.150169372558594,0.0,True,False,48,CC(=O)C(C)C,mol_b650f1cc3cac74aa,0.13250000000000006,0.07089999999999996,0.05977635085582733,1.482153296470642,14.960477828979492,CC(C)C(C)C,mol_7347d05012022dd9,0.4328,0.5726,0.5499346852302551,1.1197834014892578,55.771827697753906,CC(C)OC(C)C,mol_1a0ca8e5eeb68da8,0.4347,0.3565,0.39028894901275635,1.0670051574707031,41.35757827758789
state_364a76ce0208d0d2c4271441,2c_23001626ba9c10a2709a,2,binary_vle_english.xlsx,10.1016/j.fluid.2011.06.001,unverified,0.5,isothermal,0.9166666666666666,isothermal,,,13.255043148928001,19.021047592163086,0.0,True,False,48,CC(C)(C)Cl,mol_cbd731ac6eef5e90,0.0379,0.0827,0.024103250354528427,0.3764931559562683,32.13022232055664,CC(C)OC(C)C,mol_1a0ca8e5eeb68da8,0.9621,0.9173,0.9758967161178589,0.9986703991889954,19.319499969482422,,,,,,,
state_367ae1cdc7b85f010b80a8e0,2c_ab90a05e58432c71abba,2,binary_vle_english.xlsx,10.1016/j.fluid.2011.05.011,unverified,0.5,isothermal,0.9411764705882353,isothermal,,,22.719998020351998,20.740501403808594,0.0,True,False,48,CC(=O)CC(C)C,mol_0a895444a9f0f36b,0.7632,0.509,0.5918130874633789,1.0003294944763184,16.0776424407959,CC(C)CC(C)(C)C,mol_57615b5c3546c298,0.2368,0.491,0.4081868827342987,1.1038414239883423,32.388431549072266,,,,,,,
state_367d118b76e13d1b1e14e009,2c_8742372ba72e435a7962,2,binary_vle_english.xlsx,10.1016/j.fluid.2013.01.020,unverified,0.5,isothermal,0.9473684210526315,isothermal,,,14.110039494912,15.023637771606445,0.0,True,False,48,CC(=O)C(C)C,mol_b650f1cc3cac74aa,0.9971,0.9723,0.9929042458534241,0.9999961256980896,14.960477828979492,CC(C)C(C)C,mol_7347d05012022dd9,0.0029,0.0277,0.0070957038551568985,0.6591097116470337,55.771827697753906,,,,,,,
state_373b649a1e792aa31703560b,2c_8742372ba72e435a7962,2,binary_vle_english.xlsx,10.1016/j.fluid.2013.01.020,unverified,0.5,isothermal,0.9473684210526315,isothermal,,,18.459948395648002,15.926855087280273,-9.5367431640625e-07,True,False,48,CC(=O)C(C)C,mol_b650f1cc3cac74aa,0.9606,0.7293000000000001,0.9017134308815002,0.9993335008621216,14.960477828979492,CC(C)C(C)C,mol_7347d05012022dd9,0.0394,0.2707,0.09828661382198334,0.7123825550079346,55.771827697753906,,,,,,,
state_37962d7b4121faeb48a115e3,2c_4cc4055379eb0154120e,2,binary_vle_english.xlsx,10.1016/j.fluid.2010.01.006,unverified,0.5,isothermal,0.9629629629629629,isothermal,,,189.40002246105598,196.72256469726562,1.52587890625e-05,True,False,48,CCCC,mol_fadb5806094149e6,0.349,0.9262,0.9439058303833008,1.213057041168213,438.607666015625,CCSCC,mol_a7491cfbf016fee6,0.651,0.07379999999999998,0.05609417334198952,0.9866669178009033,17.179889678955078,,,,,,,
state_3a1f7678247b8465d1fc1f93,2c_50cae961bcfb98dfb10a,2,binary_vle_english.xlsx,10.1016/j.fluid.2013.05.019,passed,1.0,full_state,0.5714285714285714,isothermal,,,101.330065929984,93.49354553222656,0.0,True,False,48,CC(C)=C(C)C,mol_ac85c03b48dc0205,0.999641,0.999835,0.9995294213294983,1.0,93.48310852050781,c1ccsc1,mol_7953343be0b435d5,0.000359,0.000165,0.0004706293693743646,1.632972240447998,75.05635070800781,,,,,,,
state_3c9288598710c93de1fa8751,2c_b399893600891028146a,2,binary_vle_english.xlsx,10.1016/j.fluid.2016.10.024,unverified,0.5,isothermal,0.9523809523809523,isothermal,,,50.649967537408,43.30005645751953,-3.814697265625e-06,True,False,48,CC(C)=O,mol_e04cf77cea7bbe66,0.247,0.712,0.5827032327651978,0.8327920436859131,122.65982818603516,CCC(C)O,mol_06affb0d2c6c8ff2,0.753,0.28800000000000003,0.41729676723480225,0.9602601528167725,24.989036560058594,,,,,,,
state_3ffb6eaada25d5ef7ff24cb4,2c_500953d4ef1e1d57286b,2,binary_vle_english.xlsx,10.1016/j.fluid.2012.10.015,unverified,0.5,isothermal,0.9333333333333333,isothermal,,,8.10000046784,5.399864196777344,-4.76837158203125e-07,True,False,48,CCCCCl,mol_f7989a5c13417f20,0.2715,0.7164,0.5614895224571228,0.790222704410553,14.132048606872559,CC[N+](=O)[O-],mol_6fdb0ec09de24512,0.7284999999999999,0.28359999999999996,0.4385104775428772,0.9587892293930054,3.3900809288024902,,,,,,,
state_4204b9c64d61359e6cc356d9,2c_98afb8e6c65a310db5e0,2,binary_vle_english.xlsx,10.1016/j.jct.2012.12.026,unverified,0.5,isothermal,0.9,isothermal,,,127.600038643072,141.734375,1.52587890625e-05,True,False,48,F/C=C/C(F)(F)F,mol_0e763ba6787b2749,0.608,0.5860000000000001,0.632716715335846,0.8481575846672058,173.90194702148438,FC(F)C(F)F,mol_fccff6221e62b4bc,0.392,0.414,0.36728325486183167,0.7269335389137268,182.6819305419922,,,,,,,
state_430c1c324a0052950aa3c09b,3c_485aadc678c8a7fb274c,3,ternary_vle_english.xlsx,10.1016/j.fluid.2011.05.011,unverified,0.5,isothermal,0.9642857142857143,isothermal,,,17.03993185408,16.928897857666016,-1.9073486328125e-06,True,False,48,CC(=O)CC(C)C,mol_0a895444a9f0f36b,0.6846,0.6052,0.6675527095794678,1.0267268419265747,16.0776424407959,CC(C)CC(C)(C)C,mol_57615b5c3546c298,0.0263,0.1152,0.05046147108078003,1.0028659105300903,32.388431549072266,CC(C)CO,mol_015d21fca05fcd26,0.2891,0.2796,0.2819857597351074,0.8731136322021484,18.911977767944336
state_43409bc7b4611de08b0f50d4,2c_ea9da779580d9b792700,2,binary_vle_english.xlsx,10.1016/j.jct.2012.11.005,unverified,0.5,isothermal,0.9411764705882353,isothermal,,,39.559946322432,42.61802673339844,-3.814697265625e-06,True,False,48,CC(C)OC(C)C,mol_1a0ca8e5eeb68da8,0.158,0.459,0.16288618743419647,1.3370610475540161,32.86012649536133,CO,mol_a85d32e4db2ff39c,0.842,0.5409999999999999,0.8371137976646423,0.9759179949760437,43.416255950927734,,,,,,,
state_43ed945bcf8c2ded93fc4ff8,2c_500953d4ef1e1d57286b,2,binary_vle_english.xlsx,10.1016/j.fluid.2012.10.015,unverified,0.5,isothermal,0.9333333333333333,isothermal,,,5.990040671872,4.048171043395996,0.0,True,False,48,CCCCCl,mol_f7989a5c13417f20,0.1346,0.5685,0.2836471498012543,0.6036525964736938,14.132048606872559,CC[N+](=O)[O-],mol_6fdb0ec09de24512,0.8654,0.4315,0.7163528203964233,0.9884594678878784,3.3900809288024902,,,,,,,
state_443de5dfca35cedb4a11923e,3c_485aadc678c8a7fb274c,3,ternary_vle_english.xlsx,10.1016/j.fluid.2011.05.011,unverified,0.5,isothermal,0.9642857142857143,isothermal,,,16.10000915968,16.21393585205078,-1.9073486328125e-06,True,False,48,CC(=O)CC(C)C,mol_0a895444a9f0f36b,0.35229999999999995,0.39050000000000007,0.35949599742889404,1.029076099395752,16.0776424407959,CC(C)CC(C)(C)C,mol_57615b5c3546c298,0.013,0.0798,0.029082629829645157,1.1199246644973755,32.388431549072266,CC(C)CO,mol_015d21fca05fcd26,0.6347,0.5297,0.6114213466644287,0.8258925676345825,18.911977767944336
state_448c8831a6ce21dfcb2c734b,2c_acf6c70dfacb27974826,2,binary_vle_english.xlsx,10.1016/j.fluid.2012.05.016,unverified,0.5,isothermal,0.9411764705882353,isothermal,,,17.240048728448002,15.57817268371582,0.0,True,False,48,CCCO,mol_5fb2f93dc8caa9dc,0.4041,0.3919,0.3892143964767456,0.7519863843917847,19.952924728393555,CCCOC(C)=O,mol_67043ae833ecd0c7,0.5959,0.6081,0.6107856035232544,1.009506106376648,15.8169584274292,,,,,,,
state_4567d0e18b9a399f959bc969,2c_23001626ba9c10a2709a,2,binary_vle_english.xlsx,10.1016/j.fluid.2011.06.001,unverified,0.5,isothermal,0.9166666666666666,isothermal,,,14.490008243712,18.438369750976562,-1.9073486328125e-06,True,False,48,CC(C)(C)Cl,mol_cbd731ac6eef5e90,0.1126,0.2213,0.08114372938871384,0.41354742646217346,32.13022232055664,CC(C)OC(C)C,mol_1a0ca8e5eeb68da8,0.8874,0.7787,0.9188562631607056,0.9882224798202515,19.319499969482422,,,,,,,
state_459e2941276fd62b46c38850,2c_b399893600891028146a,2,binary_vle_english.xlsx,10.1016/j.fluid.2016.10.024,unverified,0.5,isothermal,0.9523809523809523,isothermal,,,87.649991071872,102.09504699707031,0.0,True,False,48,CC(C)=O,mol_e04cf77cea7bbe66,0.668,0.905,0.9146201610565186,1.1396372318267822,122.65982818603516,CCC(C)O,mol_06affb0d2c6c8ff2,0.33199999999999996,0.09499999999999997,0.08537986129522324,1.0506850481033325,24.989036560058594,,,,,,,
state_4625510ee3d4d815aabc49df,2c_500953d4ef1e1d57286b,2,binary_vle_english.xlsx,10.1016/j.fluid.2012.10.015,unverified,0.5,isothermal,0.9333333333333333,isothermal,,,11.749966936576,10.083053588867188,0.0,True,False,48,CCCCCl,mol_f7989a5c13417f20,0.6247,0.8715,0.8719722628593445,0.9959054589271545,14.132048606872559,CC[N+](=O)[O-],mol_6fdb0ec09de24512,0.37529999999999997,0.12849999999999995,0.12802773714065552,1.014629602432251,3.3900809288024902,,,,,,,
state_46388a00d00a92ac2a47431e,2c_500953d4ef1e1d57286b,2,binary_vle_english.xlsx,10.1016/j.fluid.2012.10.015,unverified,0.5,isothermal,0.9333333333333333,isothermal,,,10.830042597376,8.926813125610352,0.0,True,False,48,CCCCCl,mol_f7989a5c13417f20,0.5181,0.839,0.8269278407096863,1.0081968307495117,14.132048606872559,CC[N+](=O)[O-],mol_6fdb0ec09de24512,0.4819,0.16100000000000003,0.1730721890926361,0.9457073211669922,3.3900809288024902,,,,,,,
state_46942d21641d76e0e6655a55,2c_23001626ba9c10a2709a,2,binary_vle_english.xlsx,10.1016/j.fluid.2011.06.001,unverified,0.5,isothermal,0.9166666666666666,isothermal,,,17.214984123264,17.41722869873047,0.0,True,False,48,CC(C)(C)Cl,mol_cbd731ac6eef5e90,0.2926,0.4482,0.2782703936100006,0.5155348181724548,32.13022232055664,CC(C)OC(C)C,mol_1a0ca8e5eeb68da8,0.7074,0.5518000000000001,0.721729576587677,0.9197983145713806,19.319499969482422,,,,,,,
state_47602eb6e707bca2ff89b904,2c_a948b12e7b27db3902e0,2,binary_vle_english.xlsx,10.1016/j.jct.2009.04.006,unverified,0.5,isothermal,0.9285714285714286,isothermal,,,12.270057494144,11.60708999633789,0.0,True,False,48,CCCCCl,mol_f7989a5c13417f20,0.88,0.992,0.9931508302688599,0.9269381165504456,14.132048606872559,O=C1CCCCC1,mol_09f0d60d139abab5,0.12,0.008000000000000007,0.006849196739494801,0.8889035582542419,0.7452930808067322,,,,,,,
state_47be34c72efbf9c672e42a54,2c_35c6612e2ad0f786d394,2,binary_vle_english.xlsx,10.1016/j.fluid.2016.02.018,unverified,0.5,isothermal,0.8,isothermal,,,7.60004158784,5.934391021728516,0.0,True,False,48,CCCCCCC,mol_fddb2c852c313396,0.1795,0.5688,0.2336854785680771,0.36564722657203674,21.129106521606445,Cc1ccc(C)cc1,mol_e7658ba520613aac,0.8205,0.4312,0.7663145065307617,0.9763355851173401,5.676824569702148,,,,,,,
state_488181b823e460bccb0156f5,2c_b399893600891028146a,2,binary_vle_english.xlsx,10.1016/j.fluid.2016.10.024,unverified,0.5,isothermal,0.9523809523809523,isothermal,,,22.849987329152,25.67996597290039,-1.9073486328125e-06,True,False,48,CC(C)=O,mol_e04cf77cea7bbe66,0.026,0.211,0.0529162660241127,0.42609643936157227,122.65982818603516,CCC(C)O,mol_06affb0d2c6c8ff2,0.974,0.789,0.9470837116241455,0.9992503523826599,24.989036560058594,,,,,,,
state_48f3ab99458f59f62f8426f4,2c_50cae961bcfb98dfb10a,2,binary_vle_english.xlsx,10.1016/j.fluid.2013.05.019,passed,1.0,full_state,0.5714285714285714,isothermal,,,101.330065929984,93.5029296875,-7.62939453125e-06,True,False,48,CC(C)=C(C)C,mol_ac85c03b48dc0205,0.999319,0.999642,0.9991075396537781,1.000000238418579,93.48310852050781,c1ccsc1,mol_7953343be0b435d5,0.000681,0.000358,0.000892492535058409,1.6326580047607422,75.05635070800781,,,,,,,
state_4923df1e5d526f4e59b2111c,3c_a6f39dd395c2cfcf800d,3,ternary_vle_english.xlsx,10.1016/j.fluid.2009.01.016,unverified,0.5,isothermal,0.9333333333333333,isothermal,,,26.980047645055997,23.225543975830078,0.0,True,False,48,CC(=O)C(C)(C)C,mol_61a887e37d396488,0.2644,0.1592,0.12376639246940613,0.8246313333511353,13.184004783630371,CC(C)(C)CO,mol_dfb42f12fdc989ed,0.4825999999999999,0.12,0.16832596063613892,0.8954238891601562,9.04692554473877,COC(C)(C)C,mol_b614d6fea320c179,0.253,0.7208,0.7079076170921326,0.9328372478485107,69.66523742675781
state_492c69624fbd9be0dff3a294,2c_6f361cb0ec8be0b0e6dd,2,binary_vle_english.xlsx,10.1016/j.jct.2012.11.005,unverified,0.5,isothermal,0.9166666666666666,isothermal,,,36.780041627264,33.487205505371094,0.0,True,False,48,CC(C)OC(C)C,mol_1a0ca8e5eeb68da8,0.223,0.585,0.3165189027786255,1.1492607593536377,41.35757827758789,CCO,mol_f29e20f49d416e54,0.777,0.41500000000000004,0.6834810972213745,0.9784563183784485,30.105300903320312,,,,,,,
state_49ea6192220ccca275c43a20,2c_d498cbbd8f767d43f3e7,2,binary_vle_english.xlsx,10.1016/j.fluid.2011.06.001,unverified,0.5,isothermal,0.9230769230769231,isothermal,,,13.099989234944,13.029024124145508,-9.5367431640625e-07,True,False,48,CC(C)OC(C)C,mol_1a0ca8e5eeb68da8,0.5323,0.5197,0.6109730005264282,0.7740722894668579,19.319499969482422,CCC(C)Cl,mol_9f4835d3aad75f1c,0.4677,0.4803,0.3890269994735718,0.6807436347007751,15.919909477233887,,,,,,,
state_4a7ab4f02c498d259b1b105c,2c_ea9da779580d9b792700,2,binary_vle_english.xlsx,10.1016/j.jct.2012.11.005,unverified,0.5,isothermal,0.9411764705882353,isothermal,,,41.1499488832,37.03114318847656,-3.814697265625e-06,True,False,48,CC(C)OC(C)C,mol_1a0ca8e5eeb68da8,0.829,0.587,0.7508327960968018,1.0206727981567383,32.86012649536133,CO,mol_a85d32e4db2ff39c,0.17100000000000004,0.41300000000000003,0.24916718900203705,1.2428234815597534,43.416255950927734,,,,,,,
state_4b6e2c7ee4090008f273ef96,2c_23001626ba9c10a2709a,2,binary_vle_english.xlsx,10.1016/j.fluid.2011.06.001,unverified,0.5,isothermal,0.9166666666666666,isothermal,,,25.564964031103997,30.65766143798828,0.0,True,False,48,CC(C)(C)Cl,mol_cbd731ac6eef5e90,0.9359,0.966,0.9765142202377319,0.995576024055481,32.13022232055664,CC(C)OC(C)C,mol_1a0ca8e5eeb68da8,0.06410000000000005,0.03400000000000003,0.02348574995994568,0.5814194679260254,19.319499969482422,,,,,,,
state_4b8bddd0b9c395ab16469b88,2c_23001626ba9c10a2709a,2,binary_vle_english.xlsx,10.1016/j.fluid.2011.06.001,unverified,0.5,isothermal,0.9166666666666666,isothermal,,,25.189928209919998,29.624053955078125,0.0,True,False,48,CC(C)(C)Cl,mol_cbd731ac6eef5e90,0.8948,0.9431,0.9588108062744141,0.9879562258720398,32.13022232055664,CC(C)OC(C)C,mol_1a0ca8e5eeb68da8,0.10519999999999996,0.05689999999999995,0.041189178824424744,0.6003658771514893,19.319499969482422,,,,,,,
state_4be3b445042a1879f0d1cc76,2c_e1c33e24ae7f6ab4d0bf,2,binary_vle_english.xlsx,10.1016/j.fluid.2010.01.024,unverified,0.5,isothermal,0.9375,isothermal,,,25.720017945088,23.080413818359375,0.0,True,False,48,CC[N+](=O)[O-],mol_6fdb0ec09de24512,0.6986,0.4114,0.4119586944580078,0.9755007028579712,13.952149391174316,ClCCCl,mol_e8df6c9e89c6b62a,0.3014,0.5886,0.588041365146637,1.1204968690872192,40.188106536865234,,,,,,,
state_4d13fcffe44a66dd07e20644,3c_65250b1389afa8bc1bcc,3,ternary_vle_english.xlsx,10.1016/j.fluid.2013.01.020,unverified,0.5,isothermal,0.9655172413793104,isothermal,,,41.560048487168,36.461509704589844,-3.814697265625e-06,True,False,48,CC(=O)C(C)C,mol_b650f1cc3cac74aa,0.5645,0.2215999999999999,0.23757174611091614,1.0256990194320679,14.960477828979492,CC(C)C(C)C,mol_7347d05012022dd9,0.3839,0.7274,0.702360212802887,1.1960835456848145,55.771827697753906,CC(C)OC(C)C,mol_1a0ca8e5eeb68da8,0.0516,0.051,0.06006805598735809,1.0262975692749023,41.35757827758789
state_4d66726dfadf8b70cd39827e,2c_23001626ba9c10a2709a,2,binary_vle_english.xlsx,10.1016/j.fluid.2011.06.001,unverified,0.5,isothermal,0.9166666666666666,isothermal,,,23.850038411519996,26.81049346923828,0.0,True,False,48,CC(C)(C)Cl,mol_cbd731ac6eef5e90,0.7929,0.8817,0.903977632522583,0.9513280987739563,32.13022232055664,CC(C)OC(C)C,mol_1a0ca8e5eeb68da8,0.20709999999999995,0.11829999999999996,0.09602237492799759,0.6434299945831299,19.319499969482422,,,,,,,
state_4e405c2a5861a9bb58b106fa,2c_8742372ba72e435a7962,2,binary_vle_english.xlsx,10.1016/j.fluid.2013.01.020,unverified,0.5,isothermal,0.9473684210526315,isothermal,,,13.730070746111998,14.960477828979492,0.0,True,False,48,CC(=O)C(C)C,mol_b650f1cc3cac74aa,1.0,1.0,1.0,1.0,14.960477828979492,CC(C)C(C)C,mol_7347d05012022dd9,0.0,0.0,0.0,0.655119001865387,55.771827697753906,,,,,,,
state_2aa7f4c71485bda865985b30,3c_2d8df0569d9d03284715,3,ternary_vle_english.xlsx,10.1016/j.fluid.2007.06.005,unverified,0.5,isobaric,0.9807692307692307,isobaric,343.96999999999997,345.54974365234375,,,0.00165557861328125,True,False,48,CC(C)CC(C)(C)C,mol_57615b5c3546c298,0.31299999999999994,0.2799999999999999,0.23376913368701935,1.6147547960281372,46.8546257019043,CCC(C)=O,mol_4cfc5db0ca2ab00b,0.157,0.162,0.15003331005573273,1.4703530073165894,65.83891296386719,CCO,mol_f29e20f49d416e54,0.53,0.558,0.6161975264549255,1.3102792501449585,89.88690948486328
state_2ae963a8f0c7c9e40b0b0d1c,2c_31c2824ab8cdf543aad1,2,binary_vle_english.xlsx,10.1016/j.fluid.2018.06.017,passed,1.0,isobaric,0.9375,isobaric,345.84999999999997,346.0023193359375,,,0.000823974609375,True,False,48,CC#N,mol_7028b7cbd3d829b4,0.413,0.434,0.43423187732696533,1.1707203388214111,90.97691345214844,CCO,mol_f29e20f49d416e54,0.587,0.5660000000000001,0.5657681226730347,1.0712989568710327,91.13861083984375,,,,,,,
state_2bc74e9ab62b78906b55641d,2c_165952a69a69e7a8d3f6,2,binary_vle_english.xlsx,10.1016/j.fluid.2007.06.005,unverified,0.5,isobaric,0.9545454545454546,isobaric,344.44,347.0552062988281,,,0.00037384033203125,True,False,48,CC(C)CC(C)(C)C,mol_57615b5c3546c298,0.348,0.352,0.2664320170879364,1.5855364799499512,48.91495895385742,CCO,mol_f29e20f49d416e54,0.652,0.648,0.7335679531097412,1.2111272811889648,94.105224609375,,,,,,,
state_2c8cc4bff9724af9fa8f70f7,2c_34804c7fdf5c7dc9c9e5,2,binary_vle_english.xlsx,10.1016/j.fluid.2005.02.014,unverified,0.5,isobaric,0.9166666666666666,isobaric,316.27,321.8006286621094,,,1.52587890625e-05,True,False,48,C1CCOCC1,mol_626f3d1f5bbb6f55,0.067,0.0402,0.10832615196704865,2.258430242538452,28.636005401611328,CC(C)CCl,mol_b6f57216bc07a08c,0.933,0.9598,0.8916738033294678,1.0084106922149658,37.909454345703125,,,,,,,
state_2da69903a1676525e56c6275,2c_03bd4325b126d2709459,2,binary_vle_english.xlsx,10.1016/j.fluid.2011.10.009,unverified,0.5,isobaric,0.9333333333333333,isobaric,354.79999999999995,354.09503173828125,,,0.00119781494140625,True,False,48,C1CCCCC1,mol_893981623557f359,0.9390000000000001,0.995,0.991865336894989,1.0052759647369385,106.44275665283203,CCCCCCCCC,mol_dd70207e50d8bf63,0.061,0.005,0.008134633302688599,1.0272104740142822,13.151128768920898,,,,,,,
state_2e1d374918bad7eb86899dfe,2c_a1a215858c9235f0cf6a,2,binary_vle_english.xlsx,10.1016/j.fluid.2015.03.013,unverified,0.5,isobaric,0.9666666666666667,isobaric,379.29999999999995,380.01446533203125,,,9.1552734375e-05,True,False,48,CC(=O)N(C)C,mol_b8ccf255e2b62919,0.19899999999999995,0.02100000000000002,0.049065425992012024,0.9604650139808655,26.00461769104004,CCC(C)O,mol_06affb0d2c6c8ff2,0.801,0.979,0.9509345889091492,1.0321804285049438,116.51238250732422,,,,,,,
state_2e20a42f35851c8ea2c6cfae,3c_f6a2de3ac0acbac84e4f,3,ternary_vle_english.xlsx,10.1016/j.fluid.2005.01.007,unverified,0.5,isobaric,0.9818181818181818,isobaric,331.21,328.134765625,,,0.0002899169921875,True,False,48,CC(C)=O,mol_e04cf77cea7bbe66,0.698,0.766,0.8017447590827942,1.0675731897354126,108.99170684814453,CC(C)CC(C)(C)C,mol_57615b5c3546c298,0.052000000000000046,0.07199999999999995,0.037979159504175186,2.6734087467193604,27.67496109008789,CCO,mol_f29e20f49d416e54,0.25,0.162,0.16027607023715973,1.2662657499313354,51.287818908691406
state_2f0ed63d1799aabee8cc3ada,2c_ba6de3f53ea6de13738b,2,binary_vle_english.xlsx,10.1016/j.fluid.2006.02.009,unverified,0.5,isobaric,0.9523809523809523,isobaric,334.80999999999995,333.731201171875,,,0.000110626220703125,True,False,48,CCC(C)Cl,mol_9f4835d3aad75f1c,0.5139,0.8267,0.8175690174102783,1.1228008270263672,75.52162170410156,Cc1ccccc1,mol_1c09299644053521,0.4861,0.1733,0.18243099749088287,0.9161169528961182,21.834854125976562,,,,,,,
state_302de1ad4e8a9acf59bb55fb,2c_37c45ee575c800aa7033,2,binary_vle_english.xlsx,10.1016/j.fluid.2005.09.015,unverified,0.5,isobaric,0.9545454545454546,isobaric,389.9,393.1729431152344,,,0.0017547607421875,True,False,48,CC(=O)OCC(C)C,mol_e7eb29ad965cc8ee,1.0,1.0,1.0,1.0,101.30168914794922,CCCCOC(=O)CC,mol_a9c167bbb331e76a,0.0,0.0,0.0,2.4077656269073486,52.443572998046875,,,,,,,
state_307139e2992ee1928b0ec8bd,3c_c1f86c0bca7d787912fb,3,ternary_vle_english.xlsx,10.1016/j.jct.2011.10.025,unverified,0.5,isobaric,0.9807692307692307,isobaric,351.03,352.1744384765625,,,8.392333984375e-05,True,False,48,C1CCOCC1,mol_626f3d1f5bbb6f55,0.048,0.025,0.04535176604986191,1.2217788696289062,78.33753204345703,CC(C)CC(C)(C)C,mol_57615b5c3546c298,0.46499999999999997,0.374,0.3437252640724182,1.3260773420333862,56.46757507324219,CC(C)O,mol_db030b5de88f8eaf,0.487,0.601,0.6109230518341064,1.448856234550476,87.7085189819336
state_30a9561710e7e8190a77ca2f,2c_94ed5d0a73a3c26e5ef5,2,binary_vle_english.xlsx,10.1016/j.fluid.2011.06.009,unverified,0.5,isobaric,0.9375,isobaric,307.53999999999996,297.3667297363281,,,3.814697265625e-06,True,False,48,CCO,mol_f29e20f49d416e54,0.84,0.855,0.9726978540420532,0.93949955701828,16.207927703857422,O,mol_e81dc06beaa39499,0.16000000000000003,0.14500000000000002,0.02730216272175312,0.323158860206604,6.94362735748291,,,,,,,
state_30bb6719b061b72399e545e2,2c_784276d4500715f79c89,2,binary_vle_english.xlsx,10.1016/j.fluid.2011.11.020,passed,1.0,isobaric,0.9473684210526315,isobaric,356.84999999999997,355.75469970703125,,,-6.103515625e-05,True,False,48,CCCCCCC,mol_fddb2c852c313396,0.3195,0.25239999999999996,0.238374263048172,1.2109723091125488,62.42985916137695,c1ccsc1,mol_7953343be0b435d5,0.6805,0.7476,0.7616257071495056,1.147563099861145,98.82685852050781,,,,,,,
state_30d7285ae29d72341a5033be,3c_bd75ed1e70032dcf0b2e,3,ternary_vle_english.xlsx,10.1016/j.fluid.2014.09.021,unverified,0.5,isobaric,0.9444444444444444,isobaric,401.38,401.65447998046875,,,1.52587890625e-05,True,False,48,CCC(C)O,mol_06affb0d2c6c8ff2,0.188,0.394,0.3876245617866516,0.9940465092658997,210.11447143554688,CCC(C)OC(C)=O,mol_879306ab1082c162,0.085,0.234,0.21844878792762756,1.5301525592803955,170.13949584960938,CN(C)C=O,mol_ca12d6d2f2ffb170,0.727,0.372,0.39392659068107605,0.9638819098472595,56.94639587402344
state_3106feeb2faf09aa556fdc0f,3c_20e37ef734cab2512529,3,ternary_vle_english.xlsx,10.1016/j.fluid.2012.12.020,unverified,0.5,isobaric,0.9230769230769231,isobaric,375.71,375.4891662597656,,,2.288818359375e-05,True,False,48,CC(C)O,mol_db030b5de88f8eaf,0.3031,0.5264,0.5710487961769104,1.1898237466812134,159.92852783203125,CCCCCO,mol_243de2450bee5519,0.04800000000000004,0.16910000000000003,0.01593841053545475,1.3371360301971436,25.081268310546875,CCCCO,mol_ad4ef9c6c876ca2f,0.6489,0.3045,0.413012832403183,1.0074855089187622,63.8069953918457
state_31326a4811d7fdfdebaa89cd,2c_079ccab2da1cc47051a9,2,binary_vle_english.xlsx,10.1016/j.fluid.2006.02.009,unverified,0.5,isobaric,0.9523809523809523,isobaric,342.27,342.126953125,,,-3.814697265625e-05,True,False,48,CCCCCl,mol_f7989a5c13417f20,0.5716,0.7893,0.7837947010993958,1.0953514575958252,66.72423553466797,Cc1ccccc1,mol_1c09299644053521,0.4284,0.2107,0.21620532870292664,0.9445430040359497,28.47883415222168,,,,,,,
state_3196dc4e553d609d77c2ac49,2c_079ccab2da1cc47051a9,2,binary_vle_english.xlsx,10.1016/j.fluid.2006.02.009,unverified,0.5,isobaric,0.9523809523809523,isobaric,335.74,337.16302490234375,,,4.9591064453125e-05,True,False,48,CCCCCl,mol_f7989a5c13417f20,0.8419,0.9416,0.9140799045562744,1.012629508972168,57.14796829223633,Cc1ccccc1,mol_1c09299644053521,0.15810000000000002,0.05840000000000001,0.08592008054256439,1.1881924867630005,24.378318786621094,,,,,,,
state_331414ba720a68be95309514,3c_2d8df0569d9d03284715,3,ternary_vle_english.xlsx,10.1016/j.fluid.2007.06.005,unverified,0.5,isobaric,0.9807692307692307,isobaric,344.14,346.0801086425781,,,0.00090789794921875,True,False,48,CC(C)CC(C)(C)C,mol_57615b5c3546c298,0.29400000000000004,0.255,0.22261926531791687,1.6124017238616943,47.572418212890625,CCC(C)=O,mol_4cfc5db0ca2ab00b,0.263,0.256,0.23341377079486847,1.3437976837158203,66.9036636352539,CCO,mol_f29e20f49d416e54,0.443,0.489,0.5439669489860535,1.3615983724594116,91.35511779785156
state_33208059cf6003961c73d2b6,3c_6b60b4a3a536506a27ae,3,ternary_vle_english.xlsx,10.1016/j.fluid.2006.08.004,unverified,0.5,isobaric,0.9821428571428571,isobaric,339.34,340.5960998535156,,,-7.62939453125e-06,True,False,48,CC(C)CC(C)(C)C,mol_57615b5c3546c298,0.14900000000000002,0.09099999999999997,0.0845765620470047,1.4176987409591675,40.55915832519531,CC(C)OC(C)C,mol_1a0ca8e5eeb68da8,0.498,0.527,0.5036497712135315,1.2216074466705322,83.86422729492188,CCO,mol_f29e20f49d416e54,0.353,0.382,0.411773681640625,1.5331170558929443,77.07573699951172
state_34342672a36175dc1a84847a,2c_41231e1cce231dacd490,2,binary_vle_english.xlsx,10.1016/j.jct.2019.01.027,unverified,0.5,isobaric,0.9411764705882353,isobaric,363.34999999999997,358.3037109375,,,-9.1552734375e-05,True,False,48,COC(=O)OC,mol_0ec85594f0f896ea,1.0,1.0,1.0,1.0,101.29984283447266,Cc1ccc(C)cc1,mol_e7658ba520613aac,0.0,0.0,0.0,1.877626895904541,19.47835922241211,,,,,,,
state_34382c27b6f2383208fbf289,2c_106af91fffdb87d7c4f6,2,binary_vle_english.xlsx,10.1016/j.fluid.2013.05.016,unverified,0.5,isobaric,0.9444444444444444,isobaric,383.4,388.85430908203125,,,0.000396728515625,True,False,48,Cc1ccccc1,mol_1c09299644053521,1.0,1.0,1.0,1.0,101.30033111572266,Cc1ccccc1C,mol_61c4de85d258b45d,0.0,0.0,0.0,1.639919638633728,47.638343811035156,,,,,,,
state_345c6d670d8a74edae62bb05,2c_b11dff0fda4f01349610,2,binary_vle_english.xlsx,10.1016/j.jct.2015.03.013,unverified,0.5,isobaric,0.8888888888888888,isobaric,369.09999999999997,368.5985412597656,,,7.62939453125e-06,True,False,48,COCCO,mol_d291b272a64498d9,0.48009999999999997,0.2884,0.32538318634033203,0.94124436378479,53.643531799316406,O,mol_e81dc06beaa39499,0.5199,0.7116,0.674616813659668,1.0452347993850708,92.48682403564453,,,,,,,
state_348e3177083b8a43bce9360b,2c_f98cab4acf014d5210d4,2,binary_vle_english.xlsx,10.1016/j.fluid.2007.03.030,unverified,0.5,isobaric,0.9545454545454546,isobaric,369.75,371.1899108886719,,,7.62939453125e-06,True,False,48,CCCO,mol_5fb2f93dc8caa9dc,1.0,1.0,1.0,1.0,101.29994201660156,CCOCCO,mol_ab8630148ae67e51,0.0,0.0,0.0,1.505926251411438,39.92737579345703,,,,,,,
state_3522936d14b4997fc53c0488,2c_9d8840ec979d73d48a37,2,binary_vle_english.xlsx,10.1016/j.fluid.2012.08.030,unverified,0.5,isobaric,0.9375,isobaric,398.19,390.00738525390625,,,7.62939453125e-06,True,False,48,CN1CCCC1=O,mol_f50e4145cb9a22d5,0.084,0.008,0.009131302125751972,0.8901070356369019,11.638693809509277,COCCO,mol_d291b272a64498d9,0.916,0.992,0.9908686876296997,0.9962738752365112,103.47488403320312,,,,,,,
state_35783bd292087c4db5b00f24,2c_5904aa1d0c1e598f9ed3,2,binary_vle_english.xlsx,10.1016/j.fluid.2010.08.010,unverified,0.5,isobaric,0.9375,isobaric,353.15,348.5657043457031,,,-2.288818359375e-05,True,False,48,CC#N,mol_7028b7cbd3d829b4,0.9767,0.9963,0.9953697919845581,1.0014334917068481,97.28792572021484,CCCCCCO,mol_eb71ecc709e3f0dc,0.023299999999999987,0.0037000000000000366,0.004630222916603088,3.3077807426452637,5.743374347686768,,,,,,,
state_36b8add15c3912b7d3473956,2c_7c57a80413db66443080,2,binary_vle_english.xlsx,10.1016/j.jct.2010.05.014,unverified,0.5,isobaric,0.9615384615384616,isobaric,394.54999999999995,390.3687744140625,,,1.52587890625e-05,True,False,48,CCC(=O)O,mol_86c4db256d6270c6,1.0,1.0,1.0,1.0,53.30002975463867,CCCCCO,mol_243de2450bee5519,0.0,0.0,0.0,0.8758515119552612,42.11063003540039,,,,,,,
state_3701dbcd20b37189477e34a1,2c_784276d4500715f79c89,2,binary_vle_english.xlsx,10.1016/j.fluid.2011.11.020,passed,1.0,isobaric,0.9,isobaric,356.44,355.359375,,,2.288818359375e-05,True,False,48,CCCCCCC,mol_fddb2c852c313396,0.07950000000000002,0.09140000000000004,0.10114061087369919,2.089782953262329,61.68729019165039,c1ccsc1,mol_7953343be0b435d5,0.9205,0.9086,0.8988593816757202,1.0124748945236206,97.72869873046875,,,,,,,
state_3717c0c427bbac0bf20ce785,2c_c9ecb5bf12ebfafc6a51,2,binary_vle_english.xlsx,10.1016/j.fluid.2005.03.014,unverified,0.5,isobaric,0.9545454545454546,isobaric,391.13,393.0151672363281,,,0.00171661376953125,True,False,48,CC(=O)OCC(C)C,mol_e7eb29ad965cc8ee,0.894,0.937,0.9094877243041992,1.0210989713668823,100.9271469116211,CN(C)C=O,mol_ca12d6d2f2ffb170,0.10599999999999998,0.06299999999999994,0.09051232039928436,1.9161189794540405,45.14356994628906,,,,,,,
state_383bb807315af88154a653ab,2c_c9ecb5bf12ebfafc6a51,2,binary_vle_english.xlsx,10.1016/j.fluid.2005.03.014,unverified,0.5,isobaric,0.9545454545454546,isobaric,391.89,393.47686767578125,,,0.00194549560546875,True,False,48,CC(=O)OCC(C)C,mol_e7eb29ad965cc8ee,0.825,0.908,0.8754144310951233,1.053575038909912,102.0262222290039,CN(C)C=O,mol_ca12d6d2f2ffb170,0.17500000000000004,0.09199999999999997,0.1245855912566185,1.5774246454238892,45.719200134277344,,,,,,,
state_38eb81550dfa9b900ca54f04,2c_784276d4500715f79c89,2,binary_vle_english.xlsx,10.1016/j.fluid.2011.11.020,passed,1.0,isobaric,0.9473684210526315,isobaric,356.72999999999996,355.933349609375,,,6.103515625e-05,True,False,48,CCCCCCC,mol_fddb2c852c313396,0.03169999999999995,0.04159999999999997,0.04885140433907509,2.4878249168395996,62.76774978637695,c1ccsc1,mol_7953343be0b435d5,0.9683,0.9584,0.9511485695838928,1.0021027326583862,99.326416015625,,,,,,,
state_390eaa413f9972263426f505,3c_c1f86c0bca7d787912fb,3,ternary_vle_english.xlsx,10.1016/j.jct.2011.10.025,unverified,0.5,isobaric,0.9807692307692307,isobaric,352.2,351.9653625488281,,,-2.288818359375e-05,True,False,48,C1CCOCC1,mol_626f3d1f5bbb6f55,0.056,0.046,0.07485032826662064,1.7393853664398193,77.84288787841797,CC(C)CC(C)(C)C,mol_57615b5c3546c298,0.126,0.20699999999999996,0.18093904852867126,2.5910916328430176,56.14201736450195,CC(C)O,mol_db030b5de88f8eaf,0.818,0.747,0.7442106604576111,1.0568312406539917,87.20592498779297
state_392640f6ffd9bbec7563008f,3c_2cb16216a8c609b7ad27,3,ternary_vle_english.xlsx,10.1016/j.fluid.2005.09.015,unverified,0.5,isobaric,0.9767441860465116,isobaric,383.46999999999997,384.5380554199219,,,0.00019073486328125,True,False,48,CC(=O)OCC(C)C,mol_e7eb29ad965cc8ee,0.407,0.364,0.4051474630832672,1.2246054410934448,82.34410095214844,CC(C)CO,mol_015d21fca05fcd26,0.493,0.599,0.5439017415046692,1.179708480834961,94.7346420288086,CCCCOC(=O)CC,mol_a9c167bbb331e76a,0.10000000000000009,0.03700000000000003,0.050950787961483,1.2903505563735962,39.99937057495117
state_398220da50b00454d863ce4a,2c_ba6de3f53ea6de13738b,2,binary_vle_english.xlsx,10.1016/j.fluid.2006.02.009,unverified,0.5,isobaric,0.9523809523809523,isobaric,328.10999999999996,326.87841796875,,,0.001483917236328125,True,False,48,CCC(C)Cl,mol_9f4835d3aad75f1c,0.7402,0.9284,0.9131035208702087,1.070154070854187,61.44181442260742,Cc1ccccc1,mol_1c09299644053521,0.25980000000000003,0.0716,0.08689647912979126,1.024504542350769,17.401575088500977,,,,,,,
state_3a1f7678247b8465d1fc1f93,2c_50cae961bcfb98dfb10a,2,binary_vle_english.xlsx,10.1016/j.fluid.2013.05.019,passed,1.0,full_state,0.5714285714285714,isobaric,346.27,350.0717468261719,,,6.103515625e-05,True,False,48,CC(C)=C(C)C,mol_ac85c03b48dc0205,0.999641,0.999835,0.9994872808456421,1.0,101.31453704833984,c1ccsc1,mol_7953343be0b435d5,0.000359,0.000165,0.0005127409822307527,1.72378408908844,83.95745849609375,,,,,,,
state_3a266ebac6211458e6a47eb3,2c_3c77d4a7763529aa395e,2,binary_vle_english.xlsx,10.1016/j.fluid.2007.06.005,unverified,0.5,isobaric,0.9523809523809523,isobaric,347.47999999999996,348.22528076171875,,,6.866455078125e-05,True,False,48,CCC(C)=O,mol_4cfc5db0ca2ab00b,0.509,0.505,0.4227422773838043,1.1791090965270996,71.35318756103516,CCO,mol_f29e20f49d416e54,0.491,0.495,0.5772577524185181,1.2215832471847534,97.49327850341797,,,,,,,
state_3ae4abcd509d70ec6ba20a0c,3c_6b60b4a3a536506a27ae,3,ternary_vle_english.xlsx,10.1016/j.fluid.2006.08.004,unverified,0.5,isobaric,0.9821428571428571,isobaric,339.78,340.66650390625,,,3.814697265625e-05,True,False,48,CC(C)CC(C)(C)C,mol_57615b5c3546c298,0.1499999999999999,0.10899999999999999,0.08959828317165375,1.488762617111206,40.64360809326172,CC(C)OC(C)C,mol_1a0ca8e5eeb68da8,0.394,0.451,0.43787702918052673,1.3401843309402466,84.004150390625,CCO,mol_f29e20f49d416e54,0.456,0.44,0.4725246727466583,1.3589025735855103,77.246826171875
state_3c183c9a08b41a761d844d24,3c_2254869a6d8c8579192d,3,ternary_vle_english.xlsx,10.1016/j.fluid.2015.01.005,unverified,0.5,isobaric,0.9545454545454546,isobaric,360.44,357.5849304199219,,,2.288818359375e-05,True,False,48,CN1CCCC1=O,mol_f50e4145cb9a22d5,0.20079999999999998,0.0022999999999999687,0.0077385567128658295,1.0628470182418823,3.673117160797119,c1ccccc1,mol_7165dcf6be1f831d,0.7159,0.9092,0.9082114100456238,1.0983970165252686,116.9996337890625,c1ccsc1,mol_7953343be0b435d5,0.0833,0.0885,0.08405007421970367,0.9824252724647522,104.04059600830078
state_3c5c0eed2d365ca0eb462977,2c_7b12ee2d0e35e39326bc,2,binary_vle_english.xlsx,10.1016/j.fluid.2011.08.007,unverified,0.5,isobaric,0.9642857142857143,isobaric,330.96,324.41998291015625,,,5.340576171875e-05,True,False,48,CCOCCO,mol_ab8630148ae67e51,0.139,0.010000000000000009,0.013774285092949867,0.9395326375961304,7.0308518409729,CO,mol_a85d32e4db2ff39c,0.861,0.99,0.9862256646156311,0.9752539396286011,78.29264068603516,,,,,,,
state_3ca5e196ecdcb72f8707662d,2c_d66c7a74cea5d8732e08,2,binary_vle_english.xlsx,10.1016/j.jct.2006.04.006,unverified,0.5,isobaric,0.8947368421052632,isobaric,353.16999999999996,356.0941467285156,,,-3.0517578125e-05,True,False,48,CC(C)O,mol_db030b5de88f8eaf,0.691,0.687,0.7399969100952148,1.1119115352630615,97.56423950195312,O,mol_e81dc06beaa39499,0.30900000000000005,0.31299999999999994,0.26000306010246277,1.3470790386199951,63.27555465698242,,,,,,,
state_3cf1cb1dcd03df2b5f4594c7,2c_7b12ee2d0e35e39326bc,2,binary_vle_english.xlsx,10.1016/j.fluid.2011.08.007,unverified,0.5,isobaric,0.9642857142857143,isobaric,335.89,330.5393981933594,,,0.00016021728515625,True,False,48,CCOCCO,mol_ab8630148ae67e51,0.30000000000000004,0.027000000000000024,0.03647535294294357,0.8931233882904053,9.074715614318848,CO,mol_a85d32e4db2ff39c,0.7,0.973,0.9635246992111206,0.9859133958816528,93.06626892089844,,,,,,,
state_3d58caf2f2da878397beed9c,2c_ca2ff513d4ae36f2f8e1,2,binary_vle_english.xlsx,10.1016/j.jct.2017.06.014,unverified,0.5,isobaric,0.9130434782608695,isobaric,360.85999999999996,365.48931884765625,,,0.0006866455078125,True,False,48,CCCO,mol_5fb2f93dc8caa9dc,0.33,0.416,0.3784045875072479,1.359800100326538,85.42391204833984,O,mol_e81dc06beaa39499,0.6699999999999999,0.5840000000000001,0.6215954422950745,1.1140379905700684,84.36165618896484,,,,,,,
state_3df49c0b0323e098b8c358c5,2c_ba6de3f53ea6de13738b,2,binary_vle_english.xlsx,10.1016/j.fluid.2006.02.009,unverified,0.5,isobaric,0.9523809523809523,isobaric,325.82,324.99859619140625,,,4.1961669921875e-05,True,False,48,CCC(C)Cl,mol_9f4835d3aad75f1c,0.8389,0.9505,0.9415450096130371,1.0318952798843384,57.97262191772461,Cc1ccccc1,mol_1c09299644053521,0.16110000000000002,0.04949999999999999,0.05845500901341438,1.1847554445266724,16.323945999145508,,,,,,,
state_3e002eb7e443c2648807fa5c,2c_6ce3ca627d5d8bfa6a1b,2,binary_vle_english.xlsx,10.1016/j.fluid.2018.07.013,unverified,0.5,isobaric,0.9047619047619048,isobaric,332.45,336.34979248046875,,,6.866455078125e-05,True,False,48,CCCCCC,mol_c55e04e90e298cf6,0.6924,0.6321,0.5996069312095642,1.1582797765731812,75.73655700683594,CCO,mol_f29e20f49d416e54,0.3076,0.3679,0.4003930687904358,1.9588481187820435,67.31454467773438,,,,,,,
state_3e2ac979597ab27e9731fe36,2c_7c6b847ee4cb190db3ef,2,binary_vle_english.xlsx,10.1016/j.fluid.2005.06.024,unverified,0.5,isobaric,0.9666666666666667,isobaric,353.75,360.5924987792969,,,-7.62939453125e-05,True,False,48,CCC(C)=O,mol_4cfc5db0ca2ab00b,0.9688,0.9939,0.9761996865272522,1.0020296573638916,101.89202880859375,CCOC(=O)OCC,mol_4df2781fcf4d4a77,0.031200000000000006,0.006099999999999994,0.023800352588295937,2.231386661529541,34.6393928527832,,,,,,,
state_3e64a5db744b6cf44cba8b62,2c_0537ca75f0252274a31e,2,binary_vle_english.xlsx,10.1016/j.jct.2013.12.021,unverified,0.5,isobaric,0.9565217391304348,isobaric,337.95,334.0109558105469,,,5.340576171875e-05,True,False,48,CCC(C)O,mol_06affb0d2c6c8ff2,0.012599999999999945,0.0030000000000000027,0.0027082841843366623,0.8439906239509583,25.80623435974121,CO,mol_a85d32e4db2ff39c,0.9874,0.997,0.9972917437553406,0.999792754650116,102.366455078125,,,,,,,
state_3e80bffbad2c875ac7e523ba,3c_954c33e76e33ef115670,3,ternary_vle_english.xlsx,10.1016/j.fluid.2006.07.003,unverified,0.5,isobaric,0.9761904761904762,isobaric,361.44,364.5584716796875,,,0.00028228759765625,True,False,48,CCCCCO,mol_243de2450bee5519,0.09699999999999998,0.019000000000000017,0.022558193653821945,1.4119385480880737,16.685035705566406,CCCO,mol_5fb2f93dc8caa9dc,0.172,0.218,0.23267477750778198,1.6502898931503296,83.03687286376953,CCCOCCC,mol_e13b90e4aa2e917d,0.731,0.763,0.7447670102119446,1.086382508277893,95.00154113769531
state_3fbf9234005a2a73f4a84c60,2c_e0ef8174c7b6fc15273a,2,binary_vle_english.xlsx,10.1016/j.fluid.2005.06.024,unverified,0.5,isobaric,0.9743589743589743,isobaric,334.60999999999996,330.2161865234375,,,3.0517578125e-05,True,False,48,CC(C)=O,mol_e04cf77cea7bbe66,0.8253,0.9859,0.9721558094024658,1.0422310829162598,114.51879119873047,CCOC(=O)OCC,mol_4df2781fcf4d4a77,0.17469999999999997,0.014100000000000001,0.027844207361340523,1.1738064289093018,13.758218765258789,,,,,,,
state_3fd17d6c2bce1de43b918514,3c_c1f86c0bca7d787912fb,3,ternary_vle_english.xlsx,10.1016/j.jct.2011.10.025,unverified,0.5,isobaric,0.9807692307692307,isobaric,351.26,351.43365478515625,,,3.0517578125e-05,True,False,48,C1CCOCC1,mol_626f3d1f5bbb6f55,0.055,0.037,0.06157252565026283,1.4805551767349243,76.59651184082031,CC(C)CC(C)(C)C,mol_57615b5c3546c298,0.22199999999999998,0.2829999999999999,0.244254007935524,2.014697313308716,55.32076644897461,CC(C)O,mol_db030b5de88f8eaf,0.723,0.68,0.6941734552383423,1.1317589282989502,85.9379653930664
state_3fd5d9115bbd63b5ddacc904,2c_1f5028f9412924c6aa2e,2,binary_vle_english.xlsx,10.1016/j.fluid.2005.02.014,passed,1.0,isobaric,0.9285714285714286,isobaric,327.21,331.2971496582031,,,4.57763671875e-05,True,False,48,C1CCOCC1,mol_626f3d1f5bbb6f55,0.1427,0.0426,0.11608373373746872,2.059610605239868,40.010284423828125,CC(C)(C)Cl,mol_cbd731ac6eef5e90,0.8573,0.9574,0.8839163184165955,1.0574684143066406,98.76891326904297,,,,,,,
state_40117a7b77dc392b1b7162d4,2c_5904aa1d0c1e598f9ed3,2,binary_vle_english.xlsx,10.1016/j.fluid.2010.08.010,unverified,0.5,isobaric,0.9375,isobaric,352.54999999999995,347.8931579589844,,,0.0001068115234375,True,False,48,CC#N,mol_7028b7cbd3d829b4,1.0,1.0,1.0,1.0,95.60011291503906,CCCCCCO,mol_eb71ecc709e3f0dc,0.0,0.0,0.0,3.7470152378082275,5.579605579376221,,,,,,,
state_41077e50d7b97babbe4a64c4,2c_b0bc67c353a1662f4845,2,binary_vle_english.xlsx,10.1016/j.fluid.2012.09.019,passed,1.0,isobaric,0.9285714285714286,isobaric,360.62,360.04742431640625,,,0.0,True,False,48,CCCCCCCCCC,mol_91b5da48af8329ea,0.042,0.013,0.013280609622597694,0.8735510110855103,7.2395148277282715,Cc1ccc(C)cc1,mol_e7658ba520613aac,0.958,0.987,0.9867193698883057,1.0009896755218506,20.57915496826172,,,,,,,
state_417e6a59e698deb4d0fb6efb,2c_cf0c7a81519bf48241a1,2,binary_vle_english.xlsx,10.1016/j.fluid.2007.03.030,unverified,0.5,isobaric,0.9545454545454546,isobaric,363.63,366.79229736328125,,,0.0005950927734375,True,False,48,CCCOCCC,mol_e13b90e4aa2e917d,0.937,0.959,0.9426209330558777,1.009960412979126,100.90318298339844,CCOCCO,mol_ab8630148ae67e51,0.06299999999999994,0.041000000000000036,0.057379044592380524,2.669818878173828,34.55752944946289,,,,,,,
state_41b4c0a222e7d19ecc4562d8,2c_5e274a8981b66e0477e8,2,binary_vle_english.xlsx,10.1016/j.fluid.2005.02.014,passed,1.0,isobaric,0.9166666666666666,isobaric,317.65,314.77301025390625,,,3.4332275390625e-05,True,False,48,C1CCOCC1,mol_626f3d1f5bbb6f55,0.2116,0.1134,0.1302448958158493,1.1156585216522217,22.06859016418457,CCC(C)Cl,mol_9f4835d3aad75f1c,0.7884,0.8866,0.8697551488876343,1.056992530822754,41.748348236083984,,,,,,,
state_41c4be75df029ba11ce8ca28,2c_f4a55bc5fa0e7d69faf8,2,binary_vle_english.xlsx,10.1016/j.fluid.2012.12.021,unverified,0.5,isobaric,0.9545454545454546,isobaric,340.09,338.6131286621094,,,4.1961669921875e-05,True,False,48,C1CCOCC1,mol_626f3d1f5bbb6f55,0.904,0.938,0.9275457262992859,1.0037287473678589,51.111793518066406,CCC(C)O,mol_06affb0d2c6c8ff2,0.096,0.062,0.07245426625013351,1.2346400022506714,30.564897537231445,,,,,,,
state_42aebc81c4879fc2a4d98a86,3c_50c0ded265c297b30405,3,ternary_vle_english.xlsx,10.1016/j.fluid.2015.03.013,unverified,0.5,isobaric,0.9333333333333333,isobaric,397.9,396.5079345703125,,,1.52587890625e-05,True,False,48,CC(=O)N(C)C,mol_b8ccf255e2b62919,0.587,0.18599999999999994,0.2090160846710205,0.90141361951828,40.015357971191406,CCC(C)O,mol_06affb0d2c6c8ff2,0.253,0.449,0.48662233352661133,1.0607048273086548,183.69029235839844,CCC(C)OC(C)=O,mol_879306ab1082c162,0.16,0.365,0.30436158180236816,1.2686970233917236,151.88719177246094
state_4338ea40b1feb1ed49a005f1,2c_94ed5d0a73a3c26e5ef5,2,binary_vle_english.xlsx,10.1016/j.fluid.2011.06.009,unverified,0.5,isobaric,0.9375,isobaric,307.45,293.7295227050781,,,7.62939453125e-06,True,False,48,CCO,mol_f29e20f49d416e54,0.947,0.947,0.9950659275054932,0.9925854206085205,13.920649528503418,O,mol_e81dc06beaa39499,0.05300000000000005,0.05300000000000005,0.004934067837893963,0.20812395215034485,5.88210391998291,,,,,,,
state_436b67099a9ef2588e6787ae,2c_e8b98868a6b90d408930,2,binary_vle_english.xlsx,10.1016/j.fluid.2015.09.039,unverified,0.5,isobaric,0.96875,isobaric,427.25,426.7442626953125,,,3.0517578125e-05,True,False,48,CN(C)C=O,mol_ca12d6d2f2ffb170,0.912,0.971,0.9579894542694092,1.0039682388305664,105.98764038085938,CS(C)=O,mol_7d3e12eaed0f467c,0.08799999999999997,0.029000000000000026,0.042010530829429626,1.0646780729293823,45.42202377319336,,,,,,,
state_446ffb8fc9becc10c3dcc589,2c_74a658fab9cc22057bbd,2,binary_vle_english.xlsx,10.1016/j.jct.2019.03.036,unverified,0.5,isobaric,0.9473684210526315,isobaric,376.27,380.0497741699219,,,8.392333984375e-05,True,False,48,CCCOC(C)=O,mol_67043ae833ecd0c7,0.9266,0.9901,0.973059356212616,1.021690845489502,104.12069702148438,CS(C)=O,mol_7d3e12eaed0f467c,0.07340000000000002,0.00990000000000002,0.02694064751267433,3.5064938068389893,10.603480339050293,,,,,,,
state_454470c20a6d3d83d84731c2,2c_1423cf5c6cbb9a123e33,2,binary_vle_english.xlsx,10.1016/j.fluid.2008.09.010,unverified,0.5,isobaric,0.9375,isobaric,351.75,339.910400390625,,,1.9073486328125e-06,True,False,48,CC(=O)O,mol_9ac385b135af0125,0.8025,0.9976,0.9973551034927368,0.807172954082489,20.524255752563477,CS(C)=O,mol_7d3e12eaed0f467c,0.1975,0.0023999999999999577,0.002644928405061364,0.08092737942934036,2.2058732509613037,,,,,,,
state_45b9223651c8a1feda4a51e4,2c_165952a69a69e7a8d3f6,2,binary_vle_english.xlsx,10.1016/j.fluid.2005.01.007,unverified,0.5,isobaric,0.9545454545454546,isobaric,344.46999999999997,347.3932189941406,,,0.00017547607421875,True,False,48,CC(C)CC(C)(C)C,mol_57615b5c3546c298,0.403,0.36,0.2856392562389374,1.4540947675704956,49.38735580444336,CCO,mol_f29e20f49d416e54,0.597,0.64,0.7143607139587402,1.2751970291137695,95.07395935058594,,,,,,,
state_465d9686ce806e9378d8ad5f,2c_dc191206ee879c89c4e5,2,binary_vle_english.xlsx,10.1016/j.jct.2003.09.001,unverified,0.5,isobaric,0.9285714285714286,isobaric,347.02,349.7420349121094,,,0.0009307861328125,True,False,48,C1COCCO1,mol_d365f2fae67d24f2,0.881,0.9241,0.8589125871658325,1.0106998682022095,38.58525466918945,CC(C)CO,mol_015d21fca05fcd26,0.119,0.07589999999999997,0.1410873979330063,1.415322184562683,33.50861740112305,,,,,,,
state_48f3ab99458f59f62f8426f4,2c_50cae961bcfb98dfb10a,2,binary_vle_english.xlsx,10.1016/j.fluid.2013.05.019,passed,1.0,full_state,0.5714285714285714,isobaric,346.27,350.0651550292969,,,6.103515625e-05,True,False,48,CC(C)=C(C)C,mol_ac85c03b48dc0205,0.999319,0.999642,0.9990278482437134,1.000000238418579,101.30057525634766,c1ccsc1,mol_7953343be0b435d5,0.000681,0.000358,0.0009721628739498556,1.723276138305664,83.9412841796875,,,,,,,
state_4904a686e0bfdb0877956ce1,2c_0cbe98474ca1c811520c,2,binary_vle_english.xlsx,10.1016/j.fluid.2006.08.004,unverified,0.5,isobaric,0.9473684210526315,isobaric,343.57,349.0108642578125,,,-4.57763671875e-05,True,False,48,CC(C)CC(C)(C)C,mol_57615b5c3546c298,0.10199999999999998,0.04600000000000004,0.08729322999715805,1.6769099235534668,51.698699951171875,CC(C)OC(C)C,mol_1a0ca8e5eeb68da8,0.898,0.954,0.912706732749939,1.0107144117355347,101.86744689941406,,,,,,,
state_493315baba6f4ad6e79f9cfa,3c_e0e1cd9a389a64136bfe,3,ternary_vle_english.xlsx,10.1016/j.fluid.2013.10.060,unverified,0.5,isobaric,0.9736842105263158,isobaric,332.10999999999996,337.7865905761719,,,3.0517578125e-05,True,False,48,C1CCOCC1,mol_626f3d1f5bbb6f55,0.11299999999999999,0.050999999999999934,0.09048622101545334,1.5131968259811401,49.7435302734375,CCCCCC,mol_c55e04e90e298cf6,0.773,0.675,0.688490629196167,1.060027837753296,78.98220825195312,CCO,mol_f29e20f49d416e54,0.114,0.274,0.22102312743663788,2.5851612091064453,70.49742126464844
state_4965e0af23b7ff0f9aa26dba,2c_70d91a5b69e7fd494bfd,2,binary_vle_english.xlsx,10.1016/j.jct.2004.09.009,unverified,0.5,isobaric,0.9696969696969697,isobaric,352.28999999999996,353.06439208984375,,,0.00031280517578125,True,False,48,CC(C)O,mol_db030b5de88f8eaf,0.7177,0.6813,0.6885259747505188,1.081322431564331,89.87371063232422,COC(=O)OC,mol_0ec85594f0f896ea,0.2823,0.3187,0.3114740252494812,1.262306571006775,88.54348754882812,,,,,,,
state_49bd140f7b9b3226aa874bfe,2c_74caf60139062b8ca437,2,binary_vle_english.xlsx,10.1016/j.fluid.2010.08.010,unverified,0.5,isobaric,0.9411764705882353,isobaric,415.45,416.7869567871094,,,1.52587890625e-05,True,False,48,CCCCCCO,mol_eb71ecc709e3f0dc,0.0,0.0,0.0,3.1429762840270996,66.51152801513672,Cc1ccccc1C,mol_61c4de85d258b45d,1.0,1.0,1.0,1.0,95.60002136230469,,,,,,,
state_49e7156d53925b8b76e25481,2c_ce7e822d00d743846419,2,binary_vle_english.xlsx,10.1016/j.fluid.2005.07.010,unverified,0.5,isobaric,0.9629629629629629,isobaric,353.54999999999995,353.1340026855469,,,0.00018310546875,True,False,48,CC(=O)O,mol_9ac385b135af0125,0.13560000000000005,0.018900000000000028,0.06381583958864212,1.5366896390914917,31.03130531311035,CCOC(C)=O,mol_18876b584acc43d4,0.8644,0.9811,0.9361841678619385,1.0283024311065674,106.71932220458984,,,,,,,
state_4a3c9eead781d4d2d88a77ab,2c_30c0b771d8db238964cd,2,binary_vle_english.xlsx,10.1016/j.jct.2003.09.001,unverified,0.5,isobaric,0.9285714285714286,isobaric,323.03999999999996,325.225341796875,,,1.1444091796875e-05,True,False,48,C1COCO1,mol_7a351e48494919fc,0.9547,0.9486,0.9369964599609375,1.0007765293121338,39.227848052978516,CC(C)(C)O,mol_9c31aaa032950e85,0.04530000000000001,0.0514,0.06300356984138489,1.614112377166748,34.46622848510742,,,,,,,
state_4b1cd7c7ec07b73dece54a05,2c_d66c7a74cea5d8732e08,2,binary_vle_english.xlsx,10.1016/j.fluid.2014.02.006,unverified,0.5,isobaric,0.9411764705882353,isobaric,353.22999999999996,355.87249755859375,,,5.340576171875e-05,True,False,48,CC(C)O,mol_db030b5de88f8eaf,0.741,0.725,0.7693386673927307,1.0844407081604004,96.98463439941406,O,mol_e81dc06beaa39499,0.259,0.275,0.2306613028049469,1.4357366561889648,62.836151123046875,,,,,,,
state_4bf3358c5fc61f0c5fc341e4,2c_94ed5d0a73a3c26e5ef5,2,binary_vle_english.xlsx,10.1016/j.fluid.2011.06.009,unverified,0.5,isobaric,0.9375,isobaric,307.47999999999996,294.1099548339844,,,-2.86102294921875e-06,True,False,48,CCO,mol_f29e20f49d416e54,0.934,0.934,0.9933605790138245,0.9886418581008911,14.146409034729004,O,mol_e81dc06beaa39499,0.06599999999999995,0.06599999999999995,0.0066393958404660225,0.22098208963871002,5.986220359802246,,,,,,,
state_4c52d599276aac5460fa206f,3c_61bfd4ccc52903a74083,3,ternary_vle_english.xlsx,10.1016/j.fluid.2007.03.030,unverified,0.5,isobaric,0.9761904761904762,isobaric,359.78,362.615966796875,,,9.918212890625e-05,True,False,48,CCCO,mol_5fb2f93dc8caa9dc,0.505,0.62,0.5238872766494751,1.34330153465271,78.2316665649414,CCCOCCC,mol_e13b90e4aa2e917d,0.406,0.352,0.44960305094718933,1.2451032400131226,90.09640502929688,CCOCCO,mol_ab8630148ae67e51,0.08899999999999997,0.028000000000000025,0.026509607210755348,1.0047547817230225,30.030515670776367
state_4d1502b680909b90e904d2f6,2c_f84a6616de8e67ab84b6,2,binary_vle_english.xlsx,10.1016/j.fluid.2005.06.019,unverified,0.5,isobaric,0.96,isobaric,382.03999999999996,387.4952087402344,,,9.918212890625e-05,True,False,48,CC(C)CO,mol_015d21fca05fcd26,0.941,0.991,0.962839663028717,1.010284662246704,102.59593963623047,CCCCCCO,mol_eb71ecc709e3f0dc,0.05900000000000005,0.009000000000000008,0.03716031834483147,2.470485210418701,25.825855255126953,,,,,,,
state_4d6c7374676108c9ade33961,2c_d66c7a74cea5d8732e08,2,binary_vle_english.xlsx,10.1016/j.fluid.2017.09.010,unverified,0.5,isobaric,0.9473684210526315,isobaric,353.2,356.15252685546875,,,-2.288818359375e-05,True,False,48,CC(C)O,mol_db030b5de88f8eaf,0.6652,0.6778,0.7248982191085815,1.1263514757156372,97.71742248535156,O,mol_e81dc06beaa39499,0.3348,0.32220000000000004,0.27510175108909607,1.3091716766357422,63.39170455932617,,,,,,,
state_4e4fea80427d463f2f80015f,2c_8742372ba72e435a7962,2,binary_vle_english.xlsx,10.1016/j.fluid.2013.01.020,unverified,0.5,isothermal,0.9473684210526315,isothermal,,,16.07001162688,15.379447937011719,-9.5367431640625e-07,True,False,48,CC(=O)C(C)C,mol_b650f1cc3cac74aa,0.9817,0.8468,0.9548137187957764,0.9998506307601929,14.960477828979492,CC(C)C(C)C,mol_7347d05012022dd9,0.0183,0.1532,0.04518623650074005,0.6808961629867554,55.771827697753906,,,,,,,
state_4fccf93d5524fb587fe4194d,2c_4cc4055379eb0154120e,2,binary_vle_english.xlsx,10.1016/j.fluid.2010.01.006,unverified,0.5,isothermal,0.9629629629629629,isothermal,,,422.700034290048,435.7767333984375,3.0517578125e-05,True,False,48,CCCC,mol_fadb5806094149e6,0.991,0.9991,0.997763454914093,1.0003265142440796,438.607666015625,CCSCC,mol_a7491cfbf016fee6,0.009000000000000008,0.0009000000000000119,0.0022365571931004524,6.303492069244385,17.179889678955078,,,,,,,
state_5068e96e4de7f034dfca31d0,2c_e1c33e24ae7f6ab4d0bf,2,binary_vle_english.xlsx,10.1016/j.fluid.2010.01.024,unverified,0.5,isothermal,0.9375,isothermal,,,42.130001610368,39.457489013671875,0.0,True,False,48,CC[N+](=O)[O-],mol_6fdb0ec09de24512,0.13070000000000004,0.05700000000000005,0.08178671449422836,1.7696866989135742,13.952120780944824,ClCCCl,mol_e8df6c9e89c6b62a,0.8693,0.943,0.9182133078575134,1.0370635986328125,40.18814468383789,,,,,,,
state_51382698bbaf894b70127a9e,2c_6f361cb0ec8be0b0e6dd,2,binary_vle_english.xlsx,10.1016/j.jct.2012.11.005,unverified,0.5,isothermal,0.9166666666666666,isothermal,,,41.0999529952,38.24436950683594,0.0,True,False,48,CC(C)OC(C)C,mol_1a0ca8e5eeb68da8,0.42,0.663,0.532882034778595,1.173258662223816,41.35762023925781,CCO,mol_f29e20f49d416e54,0.5800000000000001,0.33699999999999997,0.4671179950237274,1.0231119394302368,30.105300903320312,,,,,,,
state_51e8ebab200ee7d29f81ad83,2c_c830dc760c5163d2d27d,2,binary_vle_english.xlsx,10.1016/j.fluid.2011.05.011,unverified,0.5,isothermal,0.9285714285714286,isothermal,,,32.390002693759996,30.345867156982422,0.0,True,False,48,CC(C)CC(C)(C)C,mol_57615b5c3546c298,0.4969,0.7196,0.6587173342704773,1.2420519590377808,32.388431549072266,CC(C)CO,mol_015d21fca05fcd26,0.5031,0.2804,0.3412826359272003,1.0884851217269897,18.911977767944336,,,,,,,
state_5311f4c4fbebcab99c8bec63,3c_65250b1389afa8bc1bcc,3,ternary_vle_english.xlsx,10.1016/j.fluid.2013.01.020,unverified,0.5,isothermal,0.9655172413793104,isothermal,,,40.929966975999996,36.58032989501953,-3.814697265625e-06,True,False,48,CC(=O)C(C)C,mol_b650f1cc3cac74aa,0.5243,0.21030000000000004,0.22199207544326782,1.0352845191955566,14.960477828979492,CC(C)C(C)C,mol_7347d05012022dd9,0.3522,0.6673,0.6328629851341248,1.1785637140274048,55.771827697753906,CC(C)OC(C)C,mol_1a0ca8e5eeb68da8,0.1235,0.1224,0.14514487981796265,1.0395054817199707,41.35762023925781
state_5396c92c34ff639a3ed04c63,2c_ea9da779580d9b792700,2,binary_vle_english.xlsx,10.1016/j.jct.2012.11.005,unverified,0.5,isothermal,0.9411764705882353,isothermal,,,42.359982695168,42.644775390625,-3.814697265625e-06,True,False,48,CC(C)OC(C)C,mol_1a0ca8e5eeb68da8,0.396,0.545,0.37292611598968506,1.2221479415893555,32.86015701293945,CO,mol_a85d32e4db2ff39c,0.604,0.45499999999999996,0.6270738840103149,1.0197545289993286,43.41621398925781,,,,,,,
state_5435d23be551fe6d0e8ac7bc,2c_4cc4055379eb0154120e,2,binary_vle_english.xlsx,10.1016/j.fluid.2010.01.006,unverified,0.5,isothermal,0.9629629629629629,isothermal,,,349.40006297548797,404.5325927734375,0.0,True,False,48,CCCC,mol_fadb5806094149e6,0.7993,0.9822,0.9844657778739929,1.135973334312439,438.607666015625,CCSCC,mol_a7491cfbf016fee6,0.2007,0.017800000000000038,0.0155341736972332,1.8225268125534058,17.179889678955078,,,,,,,
state_5461eb6cc8489dfccb819b59,2c_ea9da779580d9b792700,2,binary_vle_english.xlsx,10.1016/j.jct.2012.11.005,unverified,0.5,isothermal,0.9411764705882353,isothermal,,,42.469973648768,41.58692932128906,0.0,True,False,48,CC(C)OC(C)C,mol_1a0ca8e5eeb68da8,0.539,0.556,0.48209041357040405,1.1319493055343628,32.86015701293945,CO,mol_a85d32e4db2ff39c,0.46099999999999997,0.44399999999999995,0.5179095268249512,1.076112985610962,43.41621398925781,,,,,,,
state_55d355cd848852bdf646e06a,2c_acf6c70dfacb27974826,2,binary_vle_english.xlsx,10.1016/j.fluid.2012.05.016,unverified,0.5,isothermal,0.9411764705882353,isothermal,,,16.74995570368,15.443170547485352,-9.5367431640625e-07,True,False,48,CCCO,mol_5fb2f93dc8caa9dc,0.6082000000000001,0.5105,0.6130083203315735,0.7800991535186768,19.952924728393555,CCCOC(C)=O,mol_67043ae833ecd0c7,0.3918,0.4895,0.3869917094707489,0.9643855094909668,15.8169584274292,,,,,,,
state_55e775e89c7bc11e33e94efe,3c_65250b1389afa8bc1bcc,3,ternary_vle_english.xlsx,10.1016/j.fluid.2013.01.020,unverified,0.5,isothermal,0.9655172413793104,isothermal,,,47.099992844671995,50.25835418701172,-3.814697265625e-06,True,False,48,CC(=O)C(C)C,mol_b650f1cc3cac74aa,0.16220000000000012,0.08330000000000004,0.07005321979522705,1.4509084224700928,14.960477828979492,CC(C)C(C)C,mol_7347d05012022dd9,0.5196,0.6656,0.6405964493751526,1.110986351966858,55.771827697753906,CC(C)OC(C)C,mol_1a0ca8e5eeb68da8,0.3182,0.2511,0.28935033082962036,1.1050361394882202,41.35762023925781
state_5643ac1fd19b2e4588a73bbc,2c_6f361cb0ec8be0b0e6dd,2,binary_vle_english.xlsx,10.1016/j.jct.2012.11.005,unverified,0.5,isothermal,0.9166666666666666,isothermal,,,38.370044188032,34.78900909423828,-3.814697265625e-06,True,False,48,CC(C)OC(C)C,mol_1a0ca8e5eeb68da8,0.273,0.611,0.3819642961025238,1.1769189834594727,41.35762023925781,CCO,mol_f29e20f49d416e54,0.727,0.389,0.6180356740951538,0.9823770523071289,30.105300903320312,,,,,,,
state_568d3efb67bf860248ebd533,2c_ab90a05e58432c71abba,2,binary_vle_english.xlsx,10.1016/j.fluid.2011.05.011,unverified,0.5,isothermal,0.9411764705882353,isothermal,,,14.450011533311999,16.07764434814453,-1.9073486328125e-06,True,False,48,CC(=O)CC(C)C,mol_0a895444a9f0f36b,1.0,1.0,1.0,1.0,16.0776424407959,CC(C)CC(C)(C)C,mol_57615b5c3546c298,0.0,0.0,0.0,0.9752917289733887,32.388431549072266,,,,,,,
state_576d87dd727c1ebe6b158ff7,2c_500953d4ef1e1d57286b,2,binary_vle_english.xlsx,10.1016/j.fluid.2012.10.015,unverified,0.5,isothermal,0.9333333333333333,isothermal,,,2.950024036736,3.3900747299194336,-2.384185791015625e-07,True,False,48,CCCCCl,mol_f7989a5c13417f20,0.0,0.0,0.0,0.46371766924858093,14.132048606872559,CC[N+](=O)[O-],mol_6fdb0ec09de24512,1.0,1.0,1.0,1.0,3.3900744915008545,,,,,,,
state_578c0afc87552ff0b18a1181,3c_485aadc678c8a7fb274c,3,ternary_vle_english.xlsx,10.1016/j.fluid.2011.05.011,unverified,0.5,isothermal,0.9642857142857143,isothermal,,,28.790032113024,27.723220825195312,0.0,True,False,48,CC(=O)CC(C)C,mol_0a895444a9f0f36b,0.3799,0.23939999999999995,0.2334136664867401,1.0594446659088135,16.0776424407959,CC(C)CC(C)(C)C,mol_57615b5c3546c298,0.5445,0.6762,0.6996161341667175,1.0998049974441528,32.388431549072266,CC(C)CO,mol_015d21fca05fcd26,0.0756,0.0844,0.06697019189596176,1.2985734939575195,18.911977767944336
state_597aa8c13403aa78310dbb02,2c_a948b12e7b27db3902e0,2,binary_vle_english.xlsx,10.1016/j.jct.2009.04.006,unverified,0.5,isothermal,0.9285714285714286,isothermal,,,13.259976076544,13.338722229003906,-9.5367431640625e-07,True,False,48,CCCCCl,mol_f7989a5c13417f20,0.955,0.997,0.9986115097999573,0.9869662523269653,14.132048606872559,O=C1CCCCC1,mol_09f0d60d139abab5,0.04500000000000004,0.0030000000000000027,0.001388444914482534,0.552208662033081,0.7452930808067322,,,,,,,
state_5a2361d9f98af740304780e7,2c_98afb8e6c65a310db5e0,2,binary_vle_english.xlsx,10.1016/j.jct.2012.12.026,unverified,0.5,isothermal,0.8181818181818182,isothermal,,,128.90006505344,142.94442749023438,1.52587890625e-05,True,False,48,F/C=C/C(F)(F)F,mol_0e763ba6787b2749,0.469,0.45999999999999996,0.43184101581573486,0.7568570971488953,173.90194702148438,FC(F)C(F)F,mol_fccff6221e62b4bc,0.531,0.54,0.5681589841842651,0.8372350931167603,182.6817626953125,,,,,,,
state_5ad41623af2e9ec73c033117,2c_c830dc760c5163d2d27d,2,binary_vle_english.xlsx,10.1016/j.fluid.2011.05.011,unverified,0.5,isothermal,0.9285714285714286,isothermal,,,28.640044449024,32.38843536376953,-3.814697265625e-06,True,False,48,CC(C)CC(C)(C)C,mol_57615b5c3546c298,1.0,1.0,1.0,1.0,32.388431549072266,CC(C)CO,mol_015d21fca05fcd26,0.0,0.0,0.0,2.4526937007904053,18.911977767944336,,,,,,,
state_5c2edc3fa9429d006b42d0a7,2c_6cdeaa0b12c0bcad5378,2,binary_vle_english.xlsx,10.1016/j.jct.2012.01.020,passed,1.0,isothermal,0.9,isothermal,,,16.557838171392,16.87042999267578,0.0,True,False,48,CC(C)CC(C)(C)C,mol_57615b5c3546c298,0.7010000000000001,0.45199999999999996,0.5677722096443176,0.97218918800354,14.055020332336426,CCOC(C)=O,mol_18876b584acc43d4,0.299,0.548,0.43222782015800476,0.8441506624221802,28.890010833740234,,,,,,,
state_5d5d445bc6146d6e94a17041,2c_e1c33e24ae7f6ab4d0bf,2,binary_vle_english.xlsx,10.1016/j.fluid.2010.01.024,unverified,0.5,isothermal,0.9375,isothermal,,,32.050030655360004,31.085670471191406,0.0,True,False,48,CC[N+](=O)[O-],mol_6fdb0ec09de24512,0.4942,0.2379,0.21999157965183258,0.9917982816696167,13.952120780944824,ClCCCl,mol_e8df6c9e89c6b62a,0.5058,0.7621,0.7800084352493286,1.1928415298461914,40.18814468383789,,,,,,,
state_5dbc47c930de24bca617722a,3c_485aadc678c8a7fb274c,3,ternary_vle_english.xlsx,10.1016/j.fluid.2011.05.011,unverified,0.5,isothermal,0.9642857142857143,isothermal,,,28.650043626624,24.82861328125,0.0,True,False,48,CC(=O)CC(C)C,mol_0a895444a9f0f36b,0.039000000000000035,0.024699999999999944,0.020091930404305458,0.7955860495567322,16.0776424407959,CC(C)CC(C)(C)C,mol_57615b5c3546c298,0.2601,0.6296,0.4557268023490906,1.3431569337844849,32.388431549072266,CC(C)CO,mol_015d21fca05fcd26,0.7009,0.3457,0.5241813063621521,0.9818404912948608,18.911977767944336
state_5dc063672682f3b22e7de74f,2c_c879fc0732268fc652fa,2,binary_vle_english.xlsx,10.1016/j.fluid.2011.06.001,passed,1.0,isothermal,0.9166666666666666,isothermal,,,9.774929377024,8.519283294677734,-9.5367431640625e-07,True,False,48,CC(C)OC(C)C,mol_1a0ca8e5eeb68da8,0.2741,0.36639999999999995,0.2993150055408478,0.48153311014175415,19.319517135620117,CCCCCl,mol_f7989a5c13417f20,0.7259,0.6336,0.7006849646568298,0.8847821354866028,9.294214248657227,,,,,,,
state_5e4bfda2170b7bffb465e2c5,2c_5018f9e15dae7c08710f,2,binary_vle_english.xlsx,10.1016/j.fluid.2011.06.001,passed,1.0,isothermal,0.9166666666666666,isothermal,,,12.734952591359999,18.09931182861328,-1.9073486328125e-06,True,False,48,CC(C)CCl,mol_b6f57216bc07a08c,0.1448,0.1465,0.08934996277093887,0.9530934691429138,11.717968940734863,CC(C)OC(C)C,mol_1a0ca8e5eeb68da8,0.8552,0.8535,0.9106500744819641,0.9975842237472534,19.319517135620117,,,,,,,
state_614922190c004eb11d74a4d0,2c_ab90a05e58432c71abba,2,binary_vle_english.xlsx,10.1016/j.fluid.2011.05.011,unverified,0.5,isothermal,0.8888888888888888,isothermal,,,28.990015665024,31.09526824951172,0.0,True,False,48,CC(=O)CC(C)C,mol_0a895444a9f0f36b,0.18259999999999998,0.16469999999999996,0.1258760541677475,1.3332582712173462,16.0776424407959,CC(C)CC(C)(C)C,mol_57615b5c3546c298,0.8174,0.8353,0.8741239309310913,1.026698112487793,32.388431549072266,,,,,,,
state_614f9ea8f29b91f9718ff684,2c_c830dc760c5163d2d27d,2,binary_vle_english.xlsx,10.1016/j.fluid.2011.05.011,unverified,0.5,isothermal,0.9285714285714286,isothermal,,,15.83003136448,19.26172637939453,-1.9073486328125e-06,True,False,48,CC(C)CC(C)(C)C,mol_57615b5c3546c298,0.0269,0.2347,0.04532889276742935,1.0021392107009888,32.388431549072266,CC(C)CO,mol_015d21fca05fcd26,0.9731,0.7653,0.9546711444854736,0.9992048144340515,18.911977767944336,,,,,,,
state_61979144f6d3fbd6acc1bab2,2c_a948b12e7b27db3902e0,2,binary_vle_english.xlsx,10.1016/j.jct.2009.04.006,unverified,0.5,isothermal,0.9285714285714286,isothermal,,,13.719938246144,14.132049560546875,-9.5367431640625e-07,True,False,48,CCCCCl,mol_f7989a5c13417f20,1.0,1.0,1.0,1.0,14.132048606872559,O=C1CCCCC1,mol_09f0d60d139abab5,0.0,0.0,0.0,0.34613293409347534,0.7452930808067322,,,,,,,
state_63c29dfe485110b6fad68e0d,3c_485aadc678c8a7fb274c,3,ternary_vle_english.xlsx,10.1016/j.fluid.2011.05.011,unverified,0.5,isothermal,0.9642857142857143,isothermal,,,19.639984674816002,18.417644500732422,-1.9073486328125e-06,True,False,48,CC(=O)CC(C)C,mol_0a895444a9f0f36b,0.7821,0.5698000000000001,0.6834487915039062,1.0010490417480469,16.0776424407959,CC(C)CC(C)(C)C,mol_57615b5c3546c298,0.1186,0.3314,0.21290545165538788,1.02081298828125,32.388431549072266,CC(C)CO,mol_015d21fca05fcd26,0.0993,0.0988,0.10364576429128647,1.0164812803268433,18.911977767944336
state_64dcb329b603b02ca7cd21da,2c_acf6c70dfacb27974826,2,binary_vle_english.xlsx,10.1016/j.fluid.2012.05.016,unverified,0.5,isothermal,0.9411764705882353,isothermal,,,16.93994007808,15.796743392944336,0.0,True,False,48,CCCO,mol_5fb2f93dc8caa9dc,0.21860000000000002,0.26880000000000004,0.20946961641311646,0.7586332559585571,19.952924728393555,CCCOC(C)=O,mol_67043ae833ecd0c7,0.7814,0.7312,0.7905303835868835,1.0103915929794312,15.8169584274292,,,,,,,
state_656acde58436e6d4d660a383,2c_d498cbbd8f767d43f3e7,2,binary_vle_english.xlsx,10.1016/j.fluid.2011.06.001,unverified,0.5,isothermal,0.9230769230769231,isothermal,,,13.319971142144,13.776510238647461,-9.5367431640625e-07,True,False,48,CC(C)OC(C)C,mol_1a0ca8e5eeb68da8,0.1845,0.18210000000000004,0.11566764116287231,0.4470524191856384,19.319517135620117,CCC(C)Cl,mol_9f4835d3aad75f1c,0.8155,0.8179,0.8843323588371277,0.938405454158783,15.91989517211914,,,,,,,
state_65e32131ed91eff084067787,2c_ea9da779580d9b792700,2,binary_vle_english.xlsx,10.1016/j.jct.2012.11.005,unverified,0.5,isothermal,0.9411764705882353,isothermal,,,42.489972003968,41.51408386230469,0.0,True,False,48,CC(C)OC(C)C,mol_1a0ca8e5eeb68da8,0.546,0.561,0.4876025915145874,1.1282339096069336,32.86015701293945,CO,mol_a85d32e4db2ff39c,0.45399999999999996,0.43899999999999995,0.5123973488807678,1.0791816711425781,43.41621398925781,,,,,,,
state_679576041c91a2c4f928b477,2c_e1c33e24ae7f6ab4d0bf,2,binary_vle_english.xlsx,10.1016/j.fluid.2010.01.024,unverified,0.5,isothermal,0.9375,isothermal,,,40.20002701119999,38.759422302246094,-3.814697265625e-06,True,False,48,CC[N+](=O)[O-],mol_6fdb0ec09de24512,0.20309999999999995,0.08499999999999996,0.09989693015813828,1.366404414176941,13.952120780944824,ClCCCl,mol_e8df6c9e89c6b62a,0.7969,0.915,0.9001030325889587,1.089350700378418,40.18814468383789,,,,,,,
state_68a9b9840a0ed55e4f2545c5,2c_98afb8e6c65a310db5e0,2,binary_vle_english.xlsx,10.1016/j.jct.2012.12.026,unverified,0.5,isothermal,0.8181818181818182,isothermal,,,126.30001223270399,174.4097900390625,0.0,True,False,48,F/C=C/C(F)(F)F,mol_0e763ba6787b2749,0.11299999999999999,0.131,0.07508371770381927,0.6663981080055237,173.90194702148438,FC(F)C(F)F,mol_fccff6221e62b4bc,0.887,0.869,0.9249162673950195,0.9955301880836487,182.6817626953125,,,,,,,
state_69c477ef03e4ebad056bbe6a,2c_a948b12e7b27db3902e0,2,binary_vle_english.xlsx,10.1016/j.jct.2009.04.006,unverified,0.5,isothermal,0.9285714285714286,isothermal,,,10.219959441408001,8.58027458190918,-9.5367431640625e-07,True,False,48,CCCCCl,mol_f7989a5c13417f20,0.707,0.979,0.973454475402832,0.8359730243682861,14.132048606872559,O=C1CCCCC1,mol_09f0d60d139abab5,0.29300000000000004,0.02100000000000002,0.026545586064457893,1.0430346727371216,0.7452930808067322,,,,,,,
state_6a4b96e0074273d342140ed8,2c_c879fc0732268fc652fa,2,binary_vle_english.xlsx,10.1016/j.fluid.2011.06.001,passed,1.0,isothermal,0.9166666666666666,isothermal,,,8.60995852544,9.095914840698242,-9.5367431640625e-07,True,False,48,CC(C)OC(C)C,mol_1a0ca8e5eeb68da8,0.040200000000000014,0.05920000000000003,0.022602371871471405,0.26471468806266785,19.319517135620117,CCCCCl,mol_f7989a5c13417f20,0.9598,0.9408,0.977397620677948,0.9966075420379639,9.294214248657227,,,,,,,
state_6ac944ab3b762ec23f6d0eb7,2c_50cae961bcfb98dfb10a,2,binary_vle_english.xlsx,10.1016/j.fluid.2013.05.019,passed,1.0,full_state,0.5714285714285714,isothermal,,,101.330065929984,93.48898315429688,-7.62939453125e-06,True,False,48,CC(C)=C(C)C,mol_ac85c03b48dc0205,0.999803,0.999911,0.9997417330741882,1.0,93.48324584960938,c1ccsc1,mol_7953343be0b435d5,0.000197,8.9e-05,0.00025829460355453193,1.6331335306167603,75.0564193725586,,,,,,,
state_6bab7d74f78f631675c9ed33,2c_ab90a05e58432c71abba,2,binary_vle_english.xlsx,10.1016/j.fluid.2011.05.011,unverified,0.5,isothermal,0.9411764705882353,isothermal,,,27.360016393856,27.388816833496094,0.0,True,False,48,CC(=O)CC(C)C,mol_0a895444a9f0f36b,0.45130000000000003,0.3077,0.2823086082935333,1.0656379461288452,16.0776424407959,CC(C)CC(C)(C)C,mol_57615b5c3546c298,0.5487,0.6923,0.7176913619041443,1.1060789823532104,32.388431549072266,,,,,,,
state_6cd27563a2dd4efc6df234bb,2c_d498cbbd8f767d43f3e7,2,binary_vle_english.xlsx,10.1016/j.fluid.2011.06.001,unverified,0.5,isothermal,0.9230769230769231,isothermal,,,12.874941077759999,16.354206085205078,-1.9073486328125e-06,True,False,48,CC(C)OC(C)C,mol_1a0ca8e5eeb68da8,0.7867999999999999,0.7721,0.8835495710372925,0.9506041407585144,19.319517135620117,CCC(C)Cl,mol_9f4835d3aad75f1c,0.2132,0.2279,0.1164504885673523,0.5611039400100708,15.91989517211914,,,,,,,
state_6f5b0404ce455fa49c85aed8,3c_65250b1389afa8bc1bcc,3,ternary_vle_english.xlsx,10.1016/j.fluid.2013.01.020,unverified,0.5,isothermal,0.9655172413793104,isothermal,,,38.330047477632,41.140296936035156,-3.814697265625e-06,True,False,48,CC(=O)C(C)C,mol_b650f1cc3cac74aa,0.13229999999999997,0.07489999999999997,0.0667867362499237,1.3882006406784058,14.960477828979492,CC(C)C(C)C,mol_7347d05012022dd9,0.1101,0.1825,0.1582367718219757,1.060162901878357,55.771827697753906,CC(C)OC(C)C,mol_1a0ca8e5eeb68da8,0.7576,0.7426,0.7749764919281006,1.0175608396530151,41.35762023925781
state_6f6e1140468cd33ec00f7912,2c_50cae961bcfb98dfb10a,2,binary_vle_english.xlsx,10.1016/j.fluid.2013.05.019,passed,1.0,full_state,0.5714285714285714,isothermal,,,101.330065929984,93.50605773925781,0.0,True,False,48,CC(C)=C(C)C,mol_ac85c03b48dc0205,0.999216,0.999564,0.9989725947380066,1.0000003576278687,93.48324584960938,c1ccsc1,mol_7953343be0b435d5,0.000784,0.000436,0.0010273851221427321,1.6325600147247314,75.0564193725586,,,,,,,
state_6fcc9154e9dcd23262e1bfe9,2c_acf6c70dfacb27974826,2,binary_vle_english.xlsx,10.1016/j.fluid.2012.05.016,unverified,0.5,isothermal,0.9411764705882353,isothermal,,,12.169932395776,19.952926635742188,-1.9073486328125e-06,True,False,48,CCCO,mol_5fb2f93dc8caa9dc,1.0,1.0,1.0,1.0,19.952924728393555,CCCOC(C)=O,mol_67043ae833ecd0c7,0.0,0.0,0.0,0.24958951771259308,15.8169584274292,,,,,,,
state_6fe9f010ebd209b0e7506757,3c_65250b1389afa8bc1bcc,3,ternary_vle_english.xlsx,10.1016/j.fluid.2013.01.020,unverified,0.5,isothermal,0.9655172413793104,isothermal,,,38.919998956031996,39.86399841308594,-3.814697265625e-06,True,False,48,CC(=O)C(C)C,mol_b650f1cc3cac74aa,0.26360000000000006,0.13139999999999996,0.1170240268111229,1.1829462051391602,14.960477828979492,CC(C)C(C)C,mol_7347d05012022dd9,0.1911,0.331,0.28959909081459045,1.0831844806671143,55.771827697753906,CC(C)OC(C)C,mol_1a0ca8e5eeb68da8,0.5453,0.5376,0.593376874923706,1.0488669872283936,41.35762023925781
state_70a80ff0d77ba0b076cf0306,2c_a948b12e7b27db3902e0,2,binary_vle_english.xlsx,10.1016/j.jct.2009.04.006,unverified,0.5,isothermal,0.9285714285714286,isothermal,,,5.700064521471999,3.354736089706421,-4.76837158203125e-07,True,False,48,CCCCCl,mol_f7989a5c13417f20,0.338,0.923,0.8652922511100769,0.607714056968689,14.132048606872559,O=C1CCCCC1,mol_09f0d60d139abab5,0.6619999999999999,0.07699999999999996,0.1347077637910843,0.9159374237060547,0.7452930808067322,,,,,,,
state_712319ca87f27afcfe76d59e,2c_4cc4055379eb0154120e,2,binary_vle_english.xlsx,10.1016/j.fluid.2010.01.006,unverified,0.5,isothermal,0.9629629629629629,isothermal,,,367.50004097753595,408.6939697265625,3.0517578125e-05,True,False,48,CCCC,mol_fadb5806094149e6,0.8496,0.9865,0.9852930307388306,1.0806198120117188,438.607666015625,CCSCC,mol_a7491cfbf016fee6,0.15039999999999998,0.013499999999999956,0.014706974849104881,2.3262341022491455,17.179889678955078,,,,,,,
state_71781a30b936b23b89c55cec,2c_b399893600891028146a,2,binary_vle_english.xlsx,10.1016/j.fluid.2016.10.024,unverified,0.5,isothermal,0.9523809523809523,isothermal,,,35.070048935296,29.592905044555664,-1.9073486328125e-06,True,False,48,CC(C)=O,mol_e04cf77cea7bbe66,0.111,0.531,0.2582285404205322,0.561263382434845,122.6597671508789,CCC(C)O,mol_06affb0d2c6c8ff2,0.889,0.469,0.7417715191841125,0.9881125688552856,24.989036560058594,,,,,,,
state_738794efe8629731caaf7ce2,2c_23001626ba9c10a2709a,2,binary_vle_english.xlsx,10.1016/j.fluid.2011.06.001,unverified,0.5,isothermal,0.9166666666666666,isothermal,,,20.760025888384,19.94103240966797,0.0,True,False,48,CC(C)(C)Cl,mol_cbd731ac6eef5e90,0.5528,0.7231,0.6729959845542908,0.7555763125419617,32.13022232055664,CC(C)OC(C)C,mol_1a0ca8e5eeb68da8,0.44720000000000004,0.27690000000000003,0.32700401544570923,0.7547491788864136,19.319517135620117,,,,,,,
state_74a2bce49bbc8cee4d0ac85a,2c_ab90a05e58432c71abba,2,binary_vle_english.xlsx,10.1016/j.fluid.2011.05.011,unverified,0.5,isothermal,0.9411764705882353,isothermal,,,20.210071120383997,18.68756103515625,0.0,True,False,48,CC(=O)CC(C)C,mol_0a895444a9f0f36b,0.8573,0.6259,0.7368440628051758,0.9990172982215881,16.0776424407959,CC(C)CC(C)(C)C,mol_57615b5c3546c298,0.1427,0.3741,0.2631559371948242,1.0640251636505127,32.388431549072266,,,,,,,
state_74c1c8b7d808a5ea04d24b1e,2c_98afb8e6c65a310db5e0,2,binary_vle_english.xlsx,10.1016/j.jct.2012.12.026,unverified,0.5,isothermal,0.9,isothermal,,,120.19998060723199,173.90194702148438,0.0,True,False,48,F/C=C/C(F)(F)F,mol_0e763ba6787b2749,1.0,1.0,1.0,1.0,173.90194702148438,FC(F)C(F)F,mol_fccff6221e62b4bc,0.0,0.0,0.0,0.4803556501865387,182.6817626953125,,,,,,,
state_751759bdd1dd1828441cbe6f,3c_65250b1389afa8bc1bcc,3,ternary_vle_english.xlsx,10.1016/j.fluid.2013.01.020,unverified,0.5,isothermal,0.9655172413793104,isothermal,,,37.869951985664,41.50706481933594,0.0,True,False,48,CC(=O)C(C)C,mol_b650f1cc3cac74aa,0.05380000000000007,0.03280000000000005,0.030935119837522507,1.595313549041748,14.960477828979492,CC(C)C(C)C,mol_7347d05012022dd9,0.0539,0.0871,0.07687677443027496,1.0614842176437378,55.771827697753906,CC(C)OC(C)C,mol_1a0ca8e5eeb68da8,0.8923,0.8801,0.8921880722045898,1.0034875869750977,41.35762023925781
state_753d728bac3ba9080b222c8a,2c_acf6c70dfacb27974826,2,binary_vle_english.xlsx,10.1016/j.fluid.2012.05.016,unverified,0.5,isothermal,0.9411764705882353,isothermal,,,16.33998942208,15.859819412231445,0.0,True,False,48,CCCO,mol_5fb2f93dc8caa9dc,0.1058,0.1594,0.1050032377243042,0.788875937461853,19.952924728393555,CCCOC(C)=O,mol_67043ae833ecd0c7,0.8942,0.8406,0.8949967622756958,1.003603219985962,15.8169584274292,,,,,,,
state_765a4b00b09426d7b4b77036,2c_8742372ba72e435a7962,2,binary_vle_english.xlsx,10.1016/j.fluid.2013.01.020,unverified,0.5,isothermal,0.9473684210526315,isothermal,,,14.789983571712,15.155830383300781,0.0,True,False,48,CC(=O)C(C)C,mol_b650f1cc3cac74aa,0.9912,0.925,0.9783895611763,0.9999650120735168,14.960477828979492,CC(C)C(C)C,mol_7347d05012022dd9,0.0088,0.075,0.021610435098409653,0.6673377752304077,55.771827697753906,,,,,,,
state_77fd25615d99c88f0b83a58b,2c_e1c33e24ae7f6ab4d0bf,2,binary_vle_english.xlsx,10.1016/j.fluid.2010.01.024,unverified,0.5,isothermal,0.9375,isothermal,,,34.299978937728,33.836090087890625,-3.814697265625e-06,True,False,48,CC[N+](=O)[O-],mol_6fdb0ec09de24512,0.41890000000000005,0.19920000000000004,0.17466971278190613,1.0112234354019165,13.952120780944824,ClCCCl,mol_e8df6c9e89c6b62a,0.5811,0.8008,0.8253303170204163,1.1958014965057373,40.18814468383789,,,,,,,
state_78a7e9d4dc3e4315e8a667c0,2c_500953d4ef1e1d57286b,2,binary_vle_english.xlsx,10.1016/j.fluid.2012.10.015,unverified,0.5,isothermal,0.9333333333333333,isothermal,,,9.879987403007998,7.441697120666504,-4.76837158203125e-07,True,False,48,CCCCCl,mol_f7989a5c13417f20,0.4136,0.7979,0.7501611113548279,0.9550824165344238,14.132048606872559,CC[N+](=O)[O-],mol_6fdb0ec09de24512,0.5864,0.20209999999999995,0.24983888864517212,0.9352524280548096,3.3900744915008545,,,,,,,
state_4e7b75d966921b70b200da71,2c_5e274a8981b66e0477e8,2,binary_vle_english.xlsx,10.1016/j.fluid.2005.02.014,passed,1.0,isobaric,0.9166666666666666,isobaric,315.21,313.65252685546875,,,2.288818359375e-05,True,False,48,C1CCOCC1,mol_626f3d1f5bbb6f55,0.0615,0.0272,0.05058378726243973,1.555712342262268,21.147916793823242,CCC(C)Cl,mol_9f4835d3aad75f1c,0.9385,0.9728,0.9494162201881409,1.0060802698135376,40.22077560424805,,,,,,,
state_4edf46763ab8a0338f846f63,2c_0a42aa3dc6cf5132e23e,2,binary_vle_english.xlsx,10.1016/j.fluid.2011.10.009,passed,1.0,isobaric,0.9285714285714286,isobaric,412.59999999999997,417.5299072265625,,,-2.288818359375e-05,True,False,48,CCCCCCCCC,mol_dd70207e50d8bf63,0.107,0.087,0.1337876170873642,1.217602252960205,104.02452087402344,Cc1ccc(C)cc1,mol_e7658ba520613aac,0.893,0.913,0.8662123680114746,1.0081707239151,97.46482849121094,,,,,,,
state_4f733b78f74251832301659d,2c_375f45238dade7281e25,2,binary_vle_english.xlsx,10.1016/j.jct.2019.03.036,unverified,0.5,isobaric,0.9473684210526315,isobaric,352.94,353.5292053222656,,,0.00046539306640625,True,False,48,CCOC(C)=O,mol_18876b584acc43d4,0.9014,0.9951,0.9911739826202393,1.0333666801452637,107.79261779785156,CS(C)=O,mol_7d3e12eaed0f467c,0.09860000000000002,0.0049000000000000155,0.008826013654470444,2.318533420562744,3.9109787940979004,,,,,,,
state_503b96d93e2c0b7cfb7afd65,2c_e0ef8174c7b6fc15273a,2,binary_vle_english.xlsx,10.1016/j.fluid.2005.06.024,unverified,0.5,isobaric,0.9743589743589743,isobaric,330.14,325.9173889160156,,,0.00048065185546875,True,False,48,CC(C)=O,mol_e04cf77cea7bbe66,0.9744,0.9987,0.9947109222412109,1.0010908842086792,103.3248519897461,CCOC(=O)OCC,mol_4df2781fcf4d4a77,0.025599999999999956,0.0012999999999999678,0.005289101507514715,1.758270502090454,11.90624713897705,,,,,,,
state_50772b80165a21550098be31,2c_045f196d049de4abb690,2,binary_vle_english.xlsx,10.1016/j.jct.2004.09.009,unverified,0.5,isobaric,0.9411764705882353,isobaric,361.95,360.1519470214844,,,2.288818359375e-05,True,False,48,CCC(C)O,mol_06affb0d2c6c8ff2,0.23070000000000002,0.23519999999999996,0.175547793507576,1.2098188400268555,63.714263916015625,COC(=O)OC,mol_0ec85594f0f896ea,0.7693,0.7648,0.8244522213935852,1.022953748703003,106.12630462646484,,,,,,,
state_507c3dc50b85678ca365099a,2c_4c362b8bfe2b289cf5ff,2,binary_vle_english.xlsx,10.1016/j.fluid.2016.06.022,passed,1.0,isobaric,0.8571428571428571,isobaric,348.45,347.32891845703125,,,0.00017547607421875,True,False,48,CC#N,mol_7028b7cbd3d829b4,0.30300000000000005,0.30400000000000005,0.34905022382736206,1.2387858629226685,94.20175170898438,CCOC(C)=O,mol_18876b584acc43d4,0.697,0.696,0.6509497761726379,1.029566764831543,91.89039611816406,,,,,,,
state_50828661d359353730d7c516,2c_a1a215858c9235f0cf6a,2,binary_vle_english.xlsx,10.1016/j.fluid.2015.03.013,unverified,0.5,isobaric,0.9666666666666667,isobaric,375.94,377.6616516113281,,,0.0001068115234375,True,False,48,CC(=O)N(C)C,mol_b8ccf255e2b62919,0.10299999999999998,0.009000000000000008,0.02727244608104229,1.1002198457717896,24.37906265258789,CCC(C)O,mol_06affb0d2c6c8ff2,0.897,0.991,0.9727275371551514,1.0093638896942139,108.83300018310547,,,,,,,
state_51117a5be71941ad6e60819a,3c_61bfd4ccc52903a74083,3,ternary_vle_english.xlsx,10.1016/j.fluid.2007.03.030,unverified,0.5,isobaric,0.9761904761904762,isobaric,359.19,363.11962890625,,,0.0001373291015625,True,False,48,CCCO,mol_5fb2f93dc8caa9dc,0.705,0.71,0.628412127494812,1.1364322900772095,79.45507049560547,CCCOCCC,mol_e13b90e4aa2e917d,0.239,0.265,0.3494344651699066,1.621350884437561,91.34832000732422,CCOCCO,mol_ab8630148ae67e51,0.05600000000000005,0.025000000000000022,0.022153465077280998,1.3118129968643188,30.548608779907227
state_5193f1a342cec4913d6d0f84,2c_e8b98868a6b90d408930,2,binary_vle_english.xlsx,10.1016/j.fluid.2015.09.039,unverified,0.5,isobaric,0.96875,isobaric,429.03,428.1007080078125,,,2.288818359375e-05,True,False,48,CN(C)C=O,mol_ca12d6d2f2ffb170,0.854,0.949,0.9311240315437317,1.0097618103027344,109.3805160522461,CS(C)=O,mol_7d3e12eaed0f467c,0.14600000000000002,0.051000000000000045,0.06887601315975189,1.0133602619171143,47.158565521240234,,,,,,,
state_51f47c754f10a1efc8bb1b44,3c_2cb16216a8c609b7ad27,3,ternary_vle_english.xlsx,10.1016/j.fluid.2005.09.015,unverified,0.5,isobaric,0.9767441860465116,isobaric,382.37,384.95306396484375,,,0.0003509521484375,True,False,48,CC(=O)OCC(C)C,mol_e7eb29ad965cc8ee,0.201,0.19,0.22906425595283508,1.3877853155136108,83.1858901977539,CC(C)CO,mol_015d21fca05fcd26,0.699,0.772,0.7093461155891418,1.072980523109436,95.80757141113281,CCCCOC(=O)CC,mol_a9c167bbb331e76a,0.10000000000000009,0.038000000000000034,0.061589572578668594,1.5391815900802612,40.53479766845703
state_529c6cd79d09ebf8121f214c,3c_61bfd4ccc52903a74083,3,ternary_vle_english.xlsx,10.1016/j.fluid.2007.03.030,unverified,0.5,isobaric,0.9761904761904762,isobaric,359.54999999999995,363.21875,,,0.00012969970703125,True,False,48,CCCO,mol_5fb2f93dc8caa9dc,0.609,0.676,0.5902453064918518,1.2319105863571167,79.69769287109375,CCCOCCC,mol_e13b90e4aa2e917d,0.301,0.293,0.3798984885215759,1.395830512046814,91.5963363647461,CCOCCO,mol_ab8630148ae67e51,0.09000000000000008,0.030999999999999917,0.029856206849217415,1.0963541269302368,30.651447296142578
state_52d0342a8202b15bac828b1e,2c_375f45238dade7281e25,2,binary_vle_english.xlsx,10.1016/j.jct.2019.03.036,unverified,0.5,isobaric,0.9473684210526315,isobaric,354.37,354.5233154296875,,,0.00099945068359375,True,False,48,CCOC(C)=O,mol_18876b584acc43d4,0.8432,0.9918,0.9889034628868103,1.0748786926269531,110.52926635742188,CS(C)=O,mol_7d3e12eaed0f467c,0.15680000000000005,0.008199999999999985,0.011096573434770107,1.7610232830047607,4.070907115936279,,,,,,,
state_53486ae2d2afbd877ea92cb8,2c_4e1effd6e44016fa9e71,2,binary_vle_english.xlsx,10.1016/j.fluid.2019.03.022,passed,1.0,isobaric,0.95,isobaric,331.69,331.1757507324219,,,0.0002593994140625,True,False,48,CO,mol_a85d32e4db2ff39c,0.724,0.651,0.7206363677978516,1.0645053386688232,94.71964263916016,c1ccccc1,mol_7165dcf6be1f831d,0.276,0.349,0.2793636620044708,1.8325903415679932,55.950721740722656,,,,,,,
state_53b7bf81240ae93f0aaa4423,2c_21b807a1a6c6348c91ac,2,binary_vle_english.xlsx,10.1016/j.fluid.2018.07.027,unverified,0.5,isobaric,0.9629629629629629,isobaric,367.29999999999995,369.1531982421875,,,0.00197601318359375,True,False,48,CC(C)CC(C)(C)C,mol_57615b5c3546c298,0.7542,0.7592,0.740254282951355,1.1253160238265991,88.35630798339844,CCCCO,mol_ad4ef9c6c876ca2f,0.24580000000000002,0.24080000000000001,0.2597457468509674,2.0670783519744873,51.78777313232422,,,,,,,
state_55b133f838bdd3b1718cf198,3c_c1f86c0bca7d787912fb,3,ternary_vle_english.xlsx,10.1016/j.jct.2011.10.025,unverified,0.5,isobaric,0.9807692307692307,isobaric,351.66999999999996,355.44781494140625,,,7.62939453125e-06,True,False,48,C1CCOCC1,mol_626f3d1f5bbb6f55,0.046,0.025,0.047802966088056564,1.218130111694336,86.41966247558594,CC(C)CC(C)(C)C,mol_57615b5c3546c298,0.6779999999999999,0.43399999999999994,0.4524112045764923,1.0944149494171143,61.76334762573242,CC(C)O,mol_db030b5de88f8eaf,0.276,0.541,0.49978581070899963,1.9131505489349365,95.88151550292969
state_56378e00bc8a6556269eb232,2c_97830bff71af0df3111e,2,binary_vle_english.xlsx,10.1016/j.fluid.2018.03.015,unverified,0.5,isobaric,0.8333333333333334,isobaric,332.25,333.7632141113281,,,8.392333984375e-05,True,False,48,CCO,mol_f29e20f49d416e54,0.119,0.13,0.14359606802463531,1.975388765335083,61.88031768798828,ClC(Cl)Cl,mol_d9e0a2387a6283f9,0.881,0.87,0.8564038872718811,1.018813133239746,96.65352630615234,,,,,,,
state_578603709c1c07b687559173,2c_0537ca75f0252274a31e,2,binary_vle_english.xlsx,10.1016/j.jct.2013.12.021,unverified,0.5,isobaric,0.9565217391304348,isobaric,338.5,334.6488342285156,,,9.1552734375e-05,True,False,48,CCC(C)O,mol_06affb0d2c6c8ff2,0.033299999999999996,0.008099999999999996,0.007645987439900637,0.8804311156272888,26.42607307434082,CO,mol_a85d32e4db2ff39c,0.9667,0.9919,0.9923539757728577,0.9987310767173767,104.15138244628906,,,,,,,
state_57918825bb4b1eda62fc1249,2c_f84a6616de8e67ab84b6,2,binary_vle_english.xlsx,10.1016/j.fluid.2005.06.019,unverified,0.5,isobaric,0.96,isobaric,383.13,387.97259521484375,,,1.52587890625e-05,True,False,48,CC(C)CO,mol_015d21fca05fcd26,0.896,0.984,0.9463936686515808,1.0296822786331177,103.91297912597656,CCCCCCO,mol_eb71ecc709e3f0dc,0.10399999999999998,0.016000000000000014,0.053606364876031876,1.988586664199829,26.257158279418945,,,,,,,
state_58d04220bdec54d56e39d4f5,3c_6b60b4a3a536506a27ae,3,ternary_vle_english.xlsx,10.1016/j.fluid.2006.08.004,unverified,0.5,isobaric,0.9649122807017544,isobaric,337.97999999999996,339.9281921386719,,,2.288818359375e-05,True,False,48,CC(C)CC(C)(C)C,mol_57615b5c3546c298,0.050000000000000044,0.028000000000000025,0.03030841425061226,1.5441954135894775,39.76492691040039,CC(C)OC(C)C,mol_1a0ca8e5eeb68da8,0.705,0.685,0.6292662620544434,1.0953693389892578,82.54561614990234,CCO,mol_f29e20f49d416e54,0.245,0.287,0.3404253423213959,1.865090012550354,75.46842193603516
state_58d7a2cddb6021b0f133ea4d,2c_dc191206ee879c89c4e5,2,binary_vle_english.xlsx,10.1016/j.jct.2003.09.001,unverified,0.5,isobaric,0.9285714285714286,isobaric,346.79999999999995,350.38531494140625,,,-4.57763671875e-05,True,False,48,C1COCCO1,mol_d365f2fae67d24f2,0.9563,0.9583,0.9413946866989136,1.001537561416626,39.31608581542969,CC(C)CO,mol_015d21fca05fcd26,0.04369999999999996,0.04169999999999996,0.058605264872312546,1.5674769878387451,34.22267532348633,,,,,,,
state_58f71242672a58dc403c8296,2c_784276d4500715f79c89,2,binary_vle_english.xlsx,10.1016/j.fluid.2011.11.020,passed,1.0,isobaric,0.9473684210526315,isobaric,356.39,355.10845947265625,,,-3.814697265625e-05,True,False,48,CCCCCCC,mol_fddb2c852c313396,0.17120000000000002,0.1663,0.16536204516887665,1.5987434387207031,61.219730377197266,c1ccsc1,mol_7953343be0b435d5,0.8288,0.8337,0.8346379399299622,1.0515986680984497,97.03680419921875,,,,,,,
state_593cdbded8b2fe23c5476dc0,2c_dc191206ee879c89c4e5,2,binary_vle_english.xlsx,10.1016/j.jct.2003.09.001,unverified,0.5,isobaric,0.9285714285714286,isobaric,348.55999999999995,349.3679504394531,,,1.52587890625e-05,True,False,48,C1COCCO1,mol_d365f2fae67d24f2,0.672,0.7378,0.6853684782981873,1.068923830986023,38.16530227661133,CC(C)CO,mol_015d21fca05fcd26,0.32799999999999996,0.2622,0.31463155150413513,1.1592398881912231,33.099063873291016,,,,,,,
state_596fff4d09a568a4f439b97b,2c_b11dff0fda4f01349610,2,binary_vle_english.xlsx,10.1016/j.jct.2015.03.013,unverified,0.5,isobaric,0.8888888888888888,isobaric,366.4,365.9999084472656,,,0.0008087158203125,True,False,48,COCCO,mol_d291b272a64498d9,0.35119999999999996,0.20509999999999995,0.21958431601524353,0.9453538060188293,49.27350616455078,O,mol_e81dc06beaa39499,0.6488,0.7949,0.7804156541824341,1.0462287664413452,85.65436553955078,,,,,,,
state_5a1a572e595e34fabaaf86ce,2c_f4a55bc5fa0e7d69faf8,2,binary_vle_english.xlsx,10.1016/j.fluid.2012.12.021,unverified,0.5,isobaric,0.9545454545454546,isobaric,340.82,339.4006042480469,,,-3.4332275390625e-05,True,False,48,C1CCOCC1,mol_626f3d1f5bbb6f55,0.81,0.88,0.8610925078392029,1.0135377645492554,52.44387435913086,CCC(C)O,mol_06affb0d2c6c8ff2,0.19,0.12,0.13890747725963593,1.162365198135376,31.448455810546875,,,,,,,
state_5de1123e41ab72d812c9aeed,2c_d89740e05ac3f0ccc959,2,binary_vle_english.xlsx,10.1016/j.fluid.2008.09.010,passed,1.0,isobaric,0.9411764705882353,isobaric,335.65,329.48468017578125,,,0.0006513595581054688,True,False,48,CS(C)=O,mol_7d3e12eaed0f467c,0.2671,0.008700000000000041,0.013490435667335987,0.4885500967502594,1.3781402111053467,O,mol_e81dc06beaa39499,0.7329,0.9913,0.9865095615386963,0.7000088095664978,25.633235931396484,,,,,,,
state_5e0953f655a0fd3d2962e21f,2c_ef978bac8ab2c7c131e7,2,binary_vle_english.xlsx,10.1016/j.fluid.2015.03.013,unverified,0.5,isobaric,0.9629629629629629,isobaric,390.2,383.3991394042969,,,3.814697265625e-05,True,False,48,CC(=O)N(C)C,mol_b8ccf255e2b62919,0.19699999999999995,0.05600000000000005,0.07292965799570084,1.3160501718521118,28.495407104492188,CCC(C)OC(C)=O,mol_879306ab1082c162,0.803,0.944,0.9270703196525574,1.0423038005828857,112.20498657226562,,,,,,,
state_5f528cfa47970005a2d6f02f,3c_e0e1cd9a389a64136bfe,3,ternary_vle_english.xlsx,10.1016/j.fluid.2013.10.060,unverified,0.5,isobaric,0.9736842105263158,isobaric,331.51,334.9554138183594,,,0.00016021728515625,True,False,48,C1CCOCC1,mol_626f3d1f5bbb6f55,0.10999999999999999,0.04699999999999993,0.06823262572288513,1.287647008895874,45.2825813293457,CCCCCC,mol_c55e04e90e298cf6,0.497,0.616,0.5135294795036316,1.3361856937408447,72.68934631347656,CCO,mol_f29e20f49d416e54,0.393,0.337,0.4182378649711609,1.5548458099365234,64.33866882324219
state_5fcd3450489320ca12130241,2c_e06683c33855ee8d702b,2,binary_vle_english.xlsx,10.1016/j.fluid.2012.12.020,unverified,0.5,isobaric,0.9565217391304348,isobaric,359.27,360.6510314941406,,,4.57763671875e-05,True,False,48,CC(C)O,mol_db030b5de88f8eaf,0.7957,0.9448,0.906022846698761,1.0445197820663452,110.10182189941406,CCCCO,mol_ad4ef9c6c876ca2f,0.20430000000000004,0.05520000000000003,0.09397715330123901,1.2008333206176758,38.689456939697266,,,,,,,
state_60a8e0646ce8a2ae6bdfdf1f,3c_6aa06918a7fe0a120990,3,ternary_vle_english.xlsx,10.1016/j.fluid.2015.07.029,unverified,0.5,isobaric,0.9285714285714286,isobaric,400.65999999999997,404.57464599609375,,,-6.866455078125e-05,True,False,48,CCC(C)O,mol_06affb0d2c6c8ff2,0.048,0.06,0.09460393339395523,0.8817834258079529,226.4200439453125,CCC(C)OC(C)=O,mol_879306ab1082c162,0.291,0.833,0.7506499886512756,1.4419221878051758,181.22225952148438,CS(C)=O,mol_7d3e12eaed0f467c,0.661,0.10699999999999998,0.15474610030651093,0.9989669322967529,23.739742279052734
state_60be4b38960308a0a1631d03,2c_41231e1cce231dacd490,2,binary_vle_english.xlsx,10.1016/j.jct.2019.01.027,unverified,0.5,isobaric,0.9411764705882353,isobaric,366.65,362.64935302734375,,,-6.103515625e-05,True,False,48,COC(=O)OC,mol_0ec85594f0f896ea,0.8276,0.9399,0.9488021731376648,1.0283823013305664,112.93004608154297,Cc1ccc(C)cc1,mol_e7658ba520613aac,0.1724,0.06010000000000004,0.05119779706001282,1.3480185270309448,22.31654930114746,,,,,,,
state_6116d2a12d1faf9eab40e614,2c_74a658fab9cc22057bbd,2,binary_vle_english.xlsx,10.1016/j.jct.2019.03.036,unverified,0.5,isobaric,0.9473684210526315,isobaric,374.62,379.0769958496094,,,7.62939453125e-06,True,False,48,CCCOC(C)=O,mol_67043ae833ecd0c7,1.0,1.0,1.0,1.0,101.29994201660156,CS(C)=O,mol_7d3e12eaed0f467c,0.0,0.0,0.0,6.2957587242126465,10.24780559539795,,,,,,,
state_61365eb9b7ffe3dfd5e715b9,2c_bcadcb4c5d803465b404,2,binary_vle_english.xlsx,10.1016/j.fluid.2007.09.014,unverified,0.5,isobaric,0.9523809523809523,isobaric,355.34999999999997,357.4980773925781,,,7.62939453125e-06,True,False,48,CC(C)O,mol_db030b5de88f8eaf,1.0,1.0,1.0,1.0,101.29994201660156,COCCO,mol_d291b272a64498d9,0.0,0.0,0.0,3.0389907360076904,36.99372482299805,,,,,,,
state_61bb1ce541651a78f871ba7f,2c_0cbe98474ca1c811520c,2,binary_vle_english.xlsx,10.1016/j.fluid.2006.08.004,unverified,0.5,isobaric,0.9473684210526315,isobaric,344.59,349.3509826660156,,,7.62939453125e-06,True,False,48,CC(C)CC(C)(C)C,mol_57615b5c3546c298,0.15100000000000002,0.06999999999999995,0.12025156617164612,1.5455749034881592,52.19548797607422,CC(C)OC(C)C,mol_1a0ca8e5eeb68da8,0.849,0.93,0.8797484636306763,1.0225776433944702,102.65113067626953,,,,,,,
state_622ba3dc3370729f2b98dad3,2c_045f196d049de4abb690,2,binary_vle_english.xlsx,10.1016/j.jct.2004.09.009,unverified,0.5,isobaric,0.9696969696969697,isobaric,361.92999999999995,360.4525451660156,,,-1.52587890625e-05,True,False,48,CCC(C)O,mol_06affb0d2c6c8ff2,0.25880000000000003,0.2551,0.19565646350383759,1.190474271774292,64.330810546875,COC(=O)OC,mol_0ec85594f0f896ea,0.7412,0.7449,0.8043435215950012,1.028074026107788,106.92786407470703,,,,,,,
state_623f1f2bf937c09119decd84,2c_30c0b771d8db238964cd,2,binary_vle_english.xlsx,10.1016/j.jct.2003.09.001,unverified,0.5,isobaric,0.9285714285714286,isobaric,322.94,324.074951171875,,,-7.62939453125e-06,True,False,48,C1COCO1,mol_7a351e48494919fc,0.845,0.8787,0.8074773550033569,1.0099139213562012,37.84858322143555,CC(C)(C)O,mol_9c31aaa032950e85,0.15500000000000003,0.12129999999999996,0.19252268970012665,1.4937673807144165,33.26041030883789,,,,,,,
state_62ab449138129ceb9451f6c8,2c_f6e4afdc0101fe369605,2,binary_vle_english.xlsx,10.1016/j.jct.2004.09.009,unverified,0.5,isobaric,0.9629629629629629,isobaric,374.21,374.9392395019531,,,-7.62939453125e-06,True,False,48,CC1CCCCC1,mol_bdf6ddfdabc4e204,0.8635,0.8879,0.8755557537078857,1.0243504047393799,100.27255249023438,CCOC(=O)OCC,mol_4df2781fcf4d4a77,0.13649999999999995,0.11209999999999998,0.12444425374269485,1.815833568572998,50.8598747253418,,,,,,,
state_62cf9a93f55d5ef82befabb0,2c_cf0c7a81519bf48241a1,2,binary_vle_english.xlsx,10.1016/j.fluid.2007.03.030,unverified,0.5,isobaric,0.9545454545454546,isobaric,363.15999999999997,366.93890380859375,,,0.00058746337890625,True,False,48,CCCOCCC,mol_e13b90e4aa2e917d,1.0,1.0,1.0,1.0,101.30052185058594,CCOCCO,mol_ab8630148ae67e51,0.0,0.0,0.0,3.641664743423462,34.726280212402344,,,,,,,
state_62fceb0b1cf8730cf4e6b8b7,3c_2d8df0569d9d03284715,3,ternary_vle_english.xlsx,10.1016/j.fluid.2007.06.005,unverified,0.5,isobaric,0.9807692307692307,isobaric,344.28999999999996,345.2574768066406,,,-6.103515625e-05,True,False,48,CC(C)CC(C)(C)C,mol_57615b5c3546c298,0.21099999999999997,0.2689999999999999,0.21872872114181519,2.260099172592163,46.462738037109375,CCC(C)=O,mol_4cfc5db0ca2ab00b,0.049,0.058,0.054269298911094666,1.7192257642745972,65.258056640625,CCO,mol_f29e20f49d416e54,0.74,0.673,0.7270020246505737,1.1171280145645142,89.08607482910156
state_636d886fa2cbc1bfc27b4e82,2c_3ee312d94970782dd931,2,binary_vle_english.xlsx,10.1016/j.jct.2019.02.006,unverified,0.5,isobaric,0.9230769230769231,isobaric,353.94,352.31488037109375,,,0.00020599365234375,True,False,48,C1CCCCC1,mol_893981623557f359,1.0,1.0,1.0,1.0,101.30014038085938,CCCCCCC,mol_fddb2c852c313396,0.0,0.0,0.0,1.1993721723556519,56.206302642822266,,,,,,,
state_646ae86ff1af3e64dabc6adb,2c_a1a215858c9235f0cf6a,2,binary_vle_english.xlsx,10.1016/j.fluid.2015.03.013,unverified,0.5,isobaric,0.9666666666666667,isobaric,374.82,376.6913757324219,,,1.52587890625e-05,True,False,48,CC(=O)N(C)C,mol_b8ccf255e2b62919,0.062000000000000055,0.0050000000000000044,0.017147453501820564,1.1804907321929932,23.733108520507812,CCC(C)O,mol_06affb0d2c6c8ff2,0.938,0.995,0.9828525185585022,1.0033520460128784,105.78921508789062,,,,,,,
state_65519d748c20a33f59403b5c,3c_2cb16216a8c609b7ad27,3,ternary_vle_english.xlsx,10.1016/j.fluid.2005.09.015,unverified,0.5,isobaric,0.9767441860465116,isobaric,381.47999999999996,386.0050354003906,,,0.00093841552734375,True,False,48,CC(=O)OCC(C)C,mol_e7eb29ad965cc8ee,0.053,0.055,0.07141917943954468,1.599367618560791,85.35005950927734,CC(C)CO,mol_015d21fca05fcd26,0.891,0.922,0.8780457377433777,1.0127506256103516,98.57121276855469,CCCCOC(=O)CC,mol_a9c167bbb331e76a,0.05599999999999994,0.02299999999999991,0.05053509771823883,2.1807620525360107,41.91890335083008
state_65804a42f34e77ae28d8b97c,2c_1423cf5c6cbb9a123e33,2,binary_vle_english.xlsx,10.1016/j.fluid.2008.09.010,unverified,0.5,isobaric,0.9375,isobaric,358.45,346.0501708984375,,,0.00018310546875,True,False,48,CC(=O)O,mol_9ac385b135af0125,0.7464,0.9952,0.9934337735176086,0.7106746435165405,24.965002059936523,CS(C)=O,mol_7d3e12eaed0f467c,0.25360000000000005,0.0048000000000000265,0.00656627444550395,0.12019255012273788,2.8716228008270264,,,,,,,
state_65ee55987c192f23ffc5a286,2c_94ed5d0a73a3c26e5ef5,2,binary_vle_english.xlsx,10.1016/j.fluid.2011.06.009,unverified,0.5,isobaric,0.9375,isobaric,308.09999999999997,305.1629943847656,,,0.0004215240478515625,True,False,48,CCO,mol_f29e20f49d416e54,0.656,0.737,0.8598825335502625,0.7770290374755859,22.18386459350586,O,mol_e81dc06beaa39499,0.344,0.263,0.14011746644973755,0.5478068590164185,9.777898788452148,,,,,,,
state_6651f115622c1628f329f2df,3c_1a08c4f653f7d812cdc9,3,ternary_vle_english.xlsx,10.1016/j.jct.2019.03.036,unverified,0.5,isobaric,0.972972972972973,isobaric,374.83,380.66107177734375,,,0.0,True,False,48,CCCOC(C)=O,mol_67043ae833ecd0c7,0.0244,0.0564,0.031663112342357635,1.2409995794296265,105.92569732666016,CCOC(C)=O,mol_18876b584acc43d4,0.3735,0.9136,0.9058954119682312,1.2051360607147217,203.87338256835938,CS(C)=O,mol_7d3e12eaed0f467c,0.6021000000000001,0.030000000000000027,0.06244148686528206,0.9698227047920227,10.832318305969238
state_671ea9ff4f73ff729abc7eb1,2c_d66c7a74cea5d8732e08,2,binary_vle_english.xlsx,10.1016/j.jct.2006.04.006,unverified,0.5,isobaric,0.9444444444444444,isobaric,353.29999999999995,357.675048828125,,,-2.288818359375e-05,True,False,48,CC(C)O,mol_db030b5de88f8eaf,0.513,0.605,0.6258234977722168,1.2141889333724976,101.77879333496094,O,mol_e81dc06beaa39499,0.487,0.395,0.3741765320301056,1.1706944704055786,66.4833755493164,,,,,,,
state_678f6c2fd8bbfd05adc1b796,2c_5481356f0b4c42a123fa,2,binary_vle_english.xlsx,10.1016/j.fluid.2014.04.025,unverified,0.5,isobaric,0.9375,isobaric,379.12,380.3013000488281,,,3.814697265625e-05,True,False,48,COCCO,mol_d291b272a64498d9,0.351,0.3164,0.3588390350341797,1.3357964754104614,77.52853393554688,Cc1ccccc1,mol_1c09299644053521,0.649,0.6836,0.6411609053611755,1.2174946069717407,82.19863891601562,,,,,,,
state_68f1a56dfb423a64accb345c,2c_9f31aad1f9974e54ecb0,2,binary_vle_english.xlsx,10.1016/j.jct.2017.07.019,unverified,0.5,isobaric,0.95,isobaric,379.75,384.9449462890625,,,7.62939453125e-06,True,False,48,Cc1ccc(C)cc1,mol_e7658ba520613aac,0.4285,0.2521,0.26015082001686096,1.4392818212509155,42.73047637939453,OCC(F)(F)C(F)F,mol_48469952cf716332,0.5715,0.7479,0.7398491501808167,1.2780053615570068,102.6132583618164,,,,,,,
state_69bb88d73f263e2402639f30,3c_e0e1cd9a389a64136bfe,3,ternary_vle_english.xlsx,10.1016/j.fluid.2013.10.060,unverified,0.5,isobaric,0.9736842105263158,isobaric,331.71999999999997,335.0816955566406,,,0.00012969970703125,True,False,48,C1CCOCC1,mol_626f3d1f5bbb6f55,0.10799999999999998,0.050000000000000044,0.06777933239936829,1.2972867488861084,45.47429656982422,CCCCCC,mol_c55e04e90e298cf6,0.399,0.599,0.468831866979599,1.5138429403305054,72.961181640625,CCO,mol_f29e20f49d416e54,0.493,0.351,0.4633888304233551,1.3676342964172363,64.6036605834961
state_6ac944ab3b762ec23f6d0eb7,2c_50cae961bcfb98dfb10a,2,binary_vle_english.xlsx,10.1016/j.fluid.2013.05.019,passed,1.0,full_state,0.5714285714285714,isobaric,346.27,350.0750732421875,,,8.392333984375e-05,True,False,48,CC(C)=C(C)C,mol_ac85c03b48dc0205,0.999803,0.999911,0.9997185468673706,1.0,101.32158660888672,c1ccsc1,mol_7953343be0b435d5,0.000197,8.9e-05,0.00028143395320512354,1.724040150642395,83.96562957763672,,,,,,,
state_6aeab011ebaf6769f97391ee,2c_01b27b0603388a2088b7,2,binary_vle_english.xlsx,10.1016/j.fluid.2005.01.007,unverified,0.5,isobaric,0.9545454545454546,isobaric,330.16999999999996,326.1111755371094,,,0.00052642822265625,True,False,48,CC(C)=O,mol_e04cf77cea7bbe66,0.901,0.929,0.9305419325828552,1.0080087184906006,103.81114959716797,CCO,mol_f29e20f49d416e54,0.09899999999999998,0.07099999999999995,0.06945803761482239,1.4851609468460083,47.86421585083008,,,,,,,
state_6b4dfe4d73d0efa7db024458,2c_42d2383a8e4daebeb5e1,2,binary_vle_english.xlsx,10.1016/j.fluid.2010.08.002,unverified,0.5,isobaric,0.9333333333333333,isobaric,354.76,356.39361572265625,,,0.0,True,False,48,CCCCCCC,mol_fddb2c852c313396,0.877,0.938,0.9537113308906555,1.025185465812683,63.6452751159668,CCCOCCO,mol_770d75a3bb2412ce,0.123,0.062000000000000055,0.04628866910934448,1.8156934976577759,12.435930252075195,,,,,,,
state_6b5143797f62ee7b74851986,3c_bd75ed1e70032dcf0b2e,3,ternary_vle_english.xlsx,10.1016/j.fluid.2014.09.021,unverified,0.5,isobaric,0.9444444444444444,isobaric,401.48,401.6171569824219,,,2.288818359375e-05,True,False,48,CCC(C)O,mol_06affb0d2c6c8ff2,0.21,0.439,0.43571847677230835,1.001285433769226,209.91238403320312,CCC(C)OC(C)=O,mol_879306ab1082c162,0.067,0.187,0.17417694628238678,1.5490765571594238,170.0012969970703,CN(C)C=O,mol_ca12d6d2f2ffb170,0.723,0.374,0.39010459184646606,0.9607535004615784,56.890541076660156
state_6b901f878e077011af6f4611,2c_4e1effd6e44016fa9e71,2,binary_vle_english.xlsx,10.1016/j.fluid.2019.03.022,passed,1.0,isobaric,0.95,isobaric,331.74,332.44464111328125,,,0.00017547607421875,True,False,48,CO,mol_a85d32e4db2ff39c,0.44499999999999995,0.5860000000000001,0.5860835313796997,1.3602166175842285,98.08472442626953,c1ccccc1,mol_7165dcf6be1f831d,0.555,0.414,0.4139164686203003,1.2997698783874512,58.12502670288086,,,,,,,
state_6c5f1d0d5629178a94b2cc63,2c_7c57a80413db66443080,2,binary_vle_english.xlsx,10.1016/j.jct.2010.05.014,unverified,0.5,isobaric,0.9615384615384616,isobaric,394.34999999999997,397.83984375,,,-3.814697265625e-06,True,False,48,CCC(=O)O,mol_86c4db256d6270c6,0.07809999999999995,0.07030000000000003,0.0728583037853241,0.7470530867576599,66.55854797363281,CCCCCO,mol_243de2450bee5519,0.9219,0.9297,0.9271416664123535,0.9957534670829773,53.831661224365234,,,,,,,
state_6d8569d50d837f59ca7c88fc,2c_ca2ff513d4ae36f2f8e1,2,binary_vle_english.xlsx,10.1016/j.jct.2016.10.001,unverified,0.5,isobaric,0.9,isobaric,360.9,365.3863830566406,,,0.00066375732421875,True,False,48,CCCO,mol_5fb2f93dc8caa9dc,0.354,0.415,0.3944667875766754,1.3255550861358643,85.1572036743164,O,mol_e81dc06beaa39499,0.646,0.585,0.605533242225647,1.1290314197540283,84.10298919677734,,,,,,,
state_6e1237e515519fd072d12b80,2c_e8b98868a6b90d408930,2,binary_vle_english.xlsx,10.1016/j.fluid.2015.09.039,unverified,0.5,isobaric,0.96875,isobaric,426.03,425.112060546875,,,0.0016632080078125,True,False,48,CN(C)C=O,mol_ca12d6d2f2ffb170,0.986,0.996,0.9930760860443115,1.0001139640808105,102.01697540283203,CS(C)=O,mol_7d3e12eaed0f467c,0.014000000000000012,0.0040000000000000036,0.00692385109141469,1.1542854309082031,43.40330123901367,,,,,,,
state_6e1d7a5ee8f49b26e77cebcf,2c_35cc53cd52979773cfcb,2,binary_vle_english.xlsx,10.1016/j.fluid.2015.08.014,unverified,0.5,isobaric,0.9473684210526315,isobaric,340.94,339.46551513671875,,,6.103515625e-05,True,False,48,CO,mol_a85d32e4db2ff39c,0.895,1.0,0.9981332421302795,0.9539641737937927,118.42485809326172,CS(C)=O,mol_7d3e12eaed0f467c,0.10499999999999998,0.0,0.0018667723052203655,0.8325142860412598,2.1633150577545166,,,,,,,
state_6ed8dabeb2f75d2945345110,3c_1a08c4f653f7d812cdc9,3,ternary_vle_english.xlsx,10.1016/j.jct.2019.03.036,unverified,0.5,isobaric,0.972972972972973,isobaric,374.80999999999995,381.4334411621094,,,8.392333984375e-05,True,False,48,CCCOC(C)=O,mol_67043ae833ecd0c7,0.0472,0.1079,0.06336959451436996,1.2564659118652344,108.24247741699219,CCOC(C)=O,mol_18876b584acc43d4,0.358,0.862,0.8729076385498047,1.1913282871246338,207.33055114746094,CS(C)=O,mol_7d3e12eaed0f467c,0.5948,0.030100000000000016,0.06372275203466415,0.9752999544143677,11.12743091583252
state_6f52341f0fe8701a91251c5f,2c_7b12ee2d0e35e39326bc,2,binary_vle_english.xlsx,10.1016/j.fluid.2011.08.007,unverified,0.5,isobaric,0.9666666666666667,isobaric,335.55999999999995,330.63775634765625,,,0.00030517578125,True,False,48,CCOCCO,mol_ab8630148ae67e51,0.0,0.0,0.0,0.9555431008338928,9.111310005187988,CO,mol_a85d32e4db2ff39c,1.0,1.0,1.0,1.0,93.32036590576172,,,,,,,
state_6f6e1140468cd33ec00f7912,2c_50cae961bcfb98dfb10a,2,binary_vle_english.xlsx,10.1016/j.fluid.2013.05.019,passed,1.0,full_state,0.5714285714285714,isobaric,346.27,350.06304931640625,,,3.0517578125e-05,True,False,48,CC(C)=C(C)C,mol_ac85c03b48dc0205,0.999216,0.999564,0.9988809823989868,1.0000003576278687,101.29608154296875,c1ccsc1,mol_7953343be0b435d5,0.000784,0.000436,0.0011190271470695734,1.7231135368347168,83.93616485595703,,,,,,,
state_6ffd3d47772b84d56c333546,2c_7e396008deb1d14f8e15,2,binary_vle_english.xlsx,10.1016/j.fluid.2015.11.007,passed,1.0,isobaric,0.9090909090909091,isobaric,328.04999999999995,315.4394226074219,,,1.621246337890625e-05,True,False,48,CC(=O)N(C)C,mol_b8ccf255e2b62919,0.125,0.0010000000000000009,0.0006100425962358713,0.010956330224871635,3.1180384159088135,CC(=O)O,mol_9ac385b135af0125,0.875,0.999,0.9993900060653687,0.9172593951225281,8.716279983520508,,,,,,,
state_701094d228b0547c50ccc7c0,2c_f33ec9a350eb94b685d6,2,binary_vle_english.xlsx,10.1016/j.jct.2011.10.025,unverified,0.5,isobaric,0.9545454545454546,isobaric,361.45,361.3409118652344,,,2.288818359375e-05,True,False,48,C1CCOCC1,mol_626f3d1f5bbb6f55,0.951,0.962,0.9631999135017395,0.9993320107460022,102.66807556152344,CC(C)CC(C)(C)C,mol_57615b5c3546c298,0.049000000000000044,0.038000000000000034,0.036800019443035126,1.0524929761886597,72.28397369384766,,,,,,,
state_7032cfef7b8e0258caf1b06c,2c_37c45ee575c800aa7033,2,binary_vle_english.xlsx,10.1016/j.fluid.2005.09.015,unverified,0.5,isobaric,0.9545454545454546,isobaric,390.84999999999997,392.9215393066406,,,-1.52587890625e-05,True,False,48,CC(=O)OCC(C)C,mol_e7eb29ad965cc8ee,0.944,0.976,0.9442430734634399,1.0061631202697754,100.7053451538086,CCCCOC(=O)CC,mol_a9c167bbb331e76a,0.05600000000000005,0.02400000000000002,0.05575690418481827,1.9381141662597656,52.040367126464844,,,,,,,
state_70e28f3ee8eabb7b23f23e8e,2c_ca2ff513d4ae36f2f8e1,2,binary_vle_english.xlsx,10.1016/j.jct.2017.06.014,unverified,0.5,isobaric,0.9545454545454546,isobaric,360.90999999999997,365.725341796875,,,0.00072479248046875,True,False,48,CCCO,mol_5fb2f93dc8caa9dc,0.288,0.411,0.3493921756744385,1.428376317024231,86.03800964355469,O,mol_e81dc06beaa39499,0.712,0.589,0.6506078839302063,1.0895599126815796,84.9572525024414,,,,,,,
state_70fe04cbe67d6a602095d6f9,2c_7b12ee2d0e35e39326bc,2,binary_vle_english.xlsx,10.1016/j.fluid.2011.08.007,unverified,0.5,isobaric,0.9642857142857143,isobaric,333.09999999999997,327.2419128417969,,,0.0007476806640625,True,False,48,CCOCCO,mol_ab8630148ae67e51,0.21399999999999997,0.017000000000000015,0.023615622892975807,0.9290232062339783,7.918248653411865,CO,mol_a85d32e4db2ff39c,0.786,0.983,0.9763844013214111,0.9758427143096924,84.85716247558594,,,,,,,
state_7114583dec4fb8ffb27b7bdc,2c_6bea4d4b457d21637176,2,binary_vle_english.xlsx,10.1016/j.fluid.2006.07.003,unverified,0.5,isobaric,0.9545454545454546,isobaric,370.21,371.7839660644531,,,-2.288818359375e-05,True,False,48,CCCCCO,mol_243de2450bee5519,0.026000000000000023,0.0050000000000000044,0.00795214343816042,1.4145225286483765,21.903324127197266,CCCO,mol_5fb2f93dc8caa9dc,0.974,0.995,0.9920478463172913,1.0008975267410278,103.0844497680664,,,,,,,
state_727f2296bdc201b148bd9f4d,2c_3c1769052d07951ac3d7,2,binary_vle_english.xlsx,10.1016/j.fluid.2016.08.011,passed,1.0,isobaric,0.9375,isobaric,348.54999999999995,349.6633605957031,,,6.866455078125e-05,True,False,48,CC(C)O,mol_db030b5de88f8eaf,0.269,0.275,0.28138479590415955,1.2950589656829834,81.8216552734375,CCOC(C)=O,mol_18876b584acc43d4,0.731,0.725,0.7186152338981628,1.0198371410369873,97.64671325683594,,,,,,,
state_7314233b6a39f7b5d3fb1380,3c_e0e1cd9a389a64136bfe,3,ternary_vle_english.xlsx,10.1016/j.fluid.2013.10.060,unverified,0.5,isobaric,0.9736842105263158,isobaric,331.35999999999996,335.33892822265625,,,9.918212890625e-05,True,False,48,C1CCOCC1,mol_626f3d1f5bbb6f55,0.1180000000000001,0.050000000000000044,0.07548022270202637,1.3109331130981445,45.86685562133789,CCCCCC,mol_c55e04e90e298cf6,0.587,0.631,0.5572335720062256,1.2137709856033325,73.51750183105469,CCO,mol_f29e20f49d416e54,0.295,0.319,0.36728617548942566,1.7964762449264526,65.14624786376953
state_74d2d83e052d21bbcecd02c5,2c_ca2ff513d4ae36f2f8e1,2,binary_vle_english.xlsx,10.1016/j.jct.2016.10.001,unverified,0.5,isobaric,0.8181818181818182,isobaric,361.0,365.581298828125,,,0.00066375732421875,True,False,48,CCCO,mol_5fb2f93dc8caa9dc,0.312,0.411,0.3661397397518158,1.3877527713775635,85.66278076171875,O,mol_e81dc06beaa39499,0.688,0.589,0.6338602900505066,1.1032676696777344,84.59335327148438,,,,,,,
state_74db72352abd874da1e52f8c,2c_94ed5d0a73a3c26e5ef5,2,binary_vle_english.xlsx,10.1016/j.fluid.2011.06.009,unverified,0.5,isobaric,0.9375,isobaric,307.5,294.82861328125,,,2.86102294921875e-06,True,False,48,CCO,mol_f29e20f49d416e54,0.911,0.914,0.9897585511207581,0.9798066020011902,14.58128833770752,O,mol_e81dc06beaa39499,0.08899999999999997,0.08599999999999997,0.010241463780403137,0.24457059800624847,6.187185287475586,,,,,,,
state_74e696bd3aa509f3bd2b70e3,2c_f4090d8339a2ac959e8c,2,binary_vle_english.xlsx,10.1016/j.fluid.2017.09.010,unverified,0.5,isobaric,0.8888888888888888,isobaric,355.29999999999995,357.05938720703125,,,-6.103515625e-05,True,False,48,CC(C)O,mol_db030b5de88f8eaf,0.9781,0.9764,0.9704537391662598,1.0008951425552368,100.12071990966797,CCCOC(C)=O,mol_67043ae833ecd0c7,0.02190000000000003,0.023599999999999954,0.029546255245804787,2.6068668365478516,52.27095413208008,,,,,,,
state_75e2fd67fab95a554a890203,2c_b94de72ffbeb53d6294b,2,binary_vle_english.xlsx,10.1016/j.fluid.2014.04.025,unverified,0.5,isobaric,0.9285714285714286,isobaric,385.67999999999995,389.9515380859375,,,0.00067138671875,True,False,48,CS(C)=O,mol_7d3e12eaed0f467c,0.10440000000000005,0.018000000000000016,0.04659663140773773,3.042261838912964,14.861732482910156,Cc1ccccc1,mol_1c09299644053521,0.8956,0.982,0.9534033536911011,1.037076473236084,103.98336029052734,,,,,,,
state_769e439166535ea230fb3cf5,2c_ba6de3f53ea6de13738b,2,binary_vle_english.xlsx,10.1016/j.fluid.2006.02.009,unverified,0.5,isobaric,0.9523809523809523,isobaric,322.41999999999996,322.3185119628906,,,-3.814697265625e-05,True,False,48,CCC(C)Cl,mol_9f4835d3aad75f1c,1.0,1.0,1.0,1.0,53.29997634887695,Cc1ccccc1,mol_1c09299644053521,0.0,0.0,0.0,1.7465447187423706,14.88273811340332,,,,,,,
state_76e8a9f0514429788fcdb52a,2c_03ee8ab4245c0677d4ed,2,binary_vle_english.xlsx,10.1016/j.fluid.2018.05.024,unverified,0.5,isobaric,0.9047619047619048,isobaric,348.25,348.8945007324219,,,7.62939453125e-06,True,False,48,CCO,mol_f29e20f49d416e54,0.639,0.679,0.6868489980697632,1.094601035118103,99.47496032714844,COC(=O)OC,mol_0ec85594f0f896ea,0.361,0.32099999999999995,0.31315094232559204,1.1078338623046875,79.3197021484375,,,,,,,
state_7723c2c378ba108b88c80760,2c_c75645cb5ece049b7827,2,binary_vle_english.xlsx,10.1016/j.fluid.2015.10.035,passed,1.0,isobaric,0.9375,isobaric,348.42999999999995,347.5782775878906,,,6.866455078125e-05,True,False,48,CC#N,mol_7028b7cbd3d829b4,0.499,0.519,0.5429394245147705,1.1624407768249512,94.81770324707031,CC(C)O,mol_db030b5de88f8eaf,0.501,0.481,0.45706063508987427,1.1974663734436035,77.17599487304688,,,,,,,
state_77d92e4cea81fb253c6da1c7,2c_ca2ff513d4ae36f2f8e1,2,binary_vle_english.xlsx,10.1016/j.fluid.2017.05.012,unverified,0.5,isobaric,0.9411764705882353,isobaric,360.9,365.1517028808594,,,0.00057220458984375,True,False,48,CCCO,mol_5fb2f93dc8caa9dc,0.4054,0.4,0.4280202090740204,1.2611932754516602,84.55174255371094,O,mol_e81dc06beaa39499,0.5946,0.6,0.5719797611236572,1.163353681564331,83.51560974121094,,,,,,,
state_7808ad8cee4eb5bccee71c8e,2c_c75645cb5ece049b7827,2,binary_vle_english.xlsx,10.1016/j.fluid.2015.10.035,passed,1.0,isobaric,0.9375,isobaric,348.4,347.3872375488281,,,0.00012969970703125,True,False,48,CC#N,mol_7028b7cbd3d829b4,0.5509999999999999,0.5449999999999999,0.5776219964027405,1.1255910396575928,94.34551239013672,CC(C)O,mol_db030b5de88f8eaf,0.449,0.455,0.4223780035972595,1.2414331436157227,76.76112365722656,,,,,,,
state_786dc82fc6e8683acca32f5d,2c_7089ceccf9a6ce828d93,2,binary_vle_english.xlsx,10.1016/j.fluid.2018.07.013,unverified,0.5,isobaric,0.9545454545454546,isobaric,348.65,348.5641174316406,,,0.0,True,False,48,CCCCCCCC,mol_8151bb583f7f3ebd,0.1744,0.1411,0.10596464574337006,2.5869154930114746,23.792573928833008,CCO,mol_f29e20f49d416e54,0.8256,0.8589,0.8940353393554688,1.113757610321045,98.49256896972656,,,,,,,
state_78a8c9ce5039977d0b4395e4,3c_65250b1389afa8bc1bcc,3,ternary_vle_english.xlsx,10.1016/j.fluid.2013.01.020,unverified,0.5,isothermal,0.9655172413793104,isothermal,,,28.900023066623998,22.462181091308594,0.0,True,False,48,CC(=O)C(C)C,mol_b650f1cc3cac74aa,0.6916,0.3509,0.4544917345046997,0.9866825342178345,14.960477828979492,CC(C)C(C)C,mol_7347d05012022dd9,0.0843,0.2875,0.18491008877754211,0.8834258317947388,55.771827697753906,CC(C)OC(C)C,mol_1a0ca8e5eeb68da8,0.2241,0.3616,0.3605981469154358,0.8739336729049683,41.35757827758789
state_78bec1b986ec79cb10be6b38,3c_65250b1389afa8bc1bcc,3,ternary_vle_english.xlsx,10.1016/j.fluid.2013.01.020,unverified,0.5,isothermal,0.9655172413793104,isothermal,,,25.080070578688,18.21579360961914,-1.9073486328125e-06,True,False,48,CC(=O)C(C)C,mol_b650f1cc3cac74aa,0.8685,0.48550000000000004,0.7109033465385437,0.9966515302658081,14.960477828979492,CC(C)C(C)C,mol_7347d05012022dd9,0.0946,0.4386,0.23335760831832886,0.8056825995445251,55.771827697753906,CC(C)OC(C)C,mol_1a0ca8e5eeb68da8,0.0369,0.0759,0.05573909357190132,0.6653137803077698,41.35757827758789
state_78c721aeadd0ef01fe984d99,2c_a948b12e7b27db3902e0,2,binary_vle_english.xlsx,10.1016/j.jct.2009.04.006,unverified,0.5,isothermal,0.9285714285714286,isothermal,,,4.310045512704001,1.958256483078003,-3.5762786865234375e-07,True,False,48,CCCCCl,mol_f7989a5c13417f20,0.242,0.885,0.7240807414054871,0.41460636258125305,14.132048606872559,O=C1CCCCC1,mol_09f0d60d139abab5,0.758,0.11499999999999999,0.2759192883968353,0.9564344882965088,0.7452930808067322,,,,,,,
state_78d931805be341858943e16f,2c_8742372ba72e435a7962,2,binary_vle_english.xlsx,10.1016/j.fluid.2013.01.020,unverified,0.5,isothermal,0.9473684210526315,isothermal,,,28.870025533824,20.349628448486328,-1.9073486328125e-06,True,False,48,CC(=O)C(C)C,mol_b650f1cc3cac74aa,0.8468,0.42010000000000003,0.6181825399398804,0.9929945468902588,14.960477828979492,CC(C)C(C)C,mol_7347d05012022dd9,0.1532,0.5799,0.38181746006011963,0.909365713596344,55.771827697753906,,,,,,,
state_79ad984aee5a652e232a337a,3c_485aadc678c8a7fb274c,3,ternary_vle_english.xlsx,10.1016/j.fluid.2011.05.011,unverified,0.5,isothermal,0.9642857142857143,isothermal,,,18.359956619648003,18.440799713134766,-1.9073486328125e-06,True,False,48,CC(=O)CC(C)C,mol_0a895444a9f0f36b,0.09089999999999998,0.10750000000000004,0.05002409964799881,0.6312083601951599,16.0776424407959,CC(C)CC(C)(C)C,mol_57615b5c3546c298,0.0487,0.3013,0.09971969574689865,1.1658475399017334,32.388431549072266,CC(C)CO,mol_015d21fca05fcd26,0.8604,0.5912,0.8502562046051025,0.9635896682739258,18.911977767944336
state_7a6244f5941c1463e56fd3ad,2c_4cc4055379eb0154120e,2,binary_vle_english.xlsx,10.1016/j.fluid.2010.01.006,unverified,0.5,isothermal,0.9629629629629629,isothermal,,,280.999955329664,361.016845703125,0.0,True,False,48,CCCC,mol_fadb5806094149e6,0.5992,0.9639,0.9790657758712769,1.3449039459228516,438.607666015625,CCSCC,mol_a7491cfbf016fee6,0.40080000000000005,0.03610000000000002,0.0209342148154974,1.0975797176361084,17.179889678955078,,,,,,,
state_7a65034b7cd0fa9cb98444a9,2c_ab90a05e58432c71abba,2,binary_vle_english.xlsx,10.1016/j.fluid.2011.05.011,unverified,0.5,isothermal,0.9411764705882353,isothermal,,,14.679992618112,16.15414047241211,0.0,True,False,48,CC(=O)CC(C)C,mol_0a895444a9f0f36b,0.9951,0.9783,0.9903849363327026,0.9999971985816956,16.0776424407959,CC(C)CC(C)(C)C,mol_57615b5c3546c298,0.0049,0.0217,0.009615072049200535,0.9787017703056335,32.388431549072266,,,,,,,
state_7ab0ab9d354cb05a645ab286,2c_8742372ba72e435a7962,2,binary_vle_english.xlsx,10.1016/j.fluid.2013.01.020,unverified,0.5,isothermal,0.9473684210526315,isothermal,,,55.129999069312,55.771827697753906,0.0,True,False,48,CC(=O)C(C)C,mol_b650f1cc3cac74aa,0.0,0.0,0.0,3.0703258514404297,14.960477828979492,CC(C)C(C)C,mol_7347d05012022dd9,1.0,1.0,1.0,1.0,55.771827697753906,,,,,,,
state_7ad3f5f930c99e792a02809e,2c_ea9da779580d9b792700,2,binary_vle_english.xlsx,10.1016/j.jct.2012.11.005,unverified,0.5,isothermal,0.9411764705882353,isothermal,,,42.329985162368,40.466758728027344,-3.814697265625e-06,True,False,48,CC(C)OC(C)C,mol_1a0ca8e5eeb68da8,0.632,0.548,0.5578026175498962,1.0869075059890747,32.86012649536133,CO,mol_a85d32e4db2ff39c,0.368,0.45199999999999996,0.44219738245010376,1.119990587234497,43.416255950927734,,,,,,,
state_7af57687d64717f043db28fc,3c_65250b1389afa8bc1bcc,3,ternary_vle_english.xlsx,10.1016/j.fluid.2013.01.020,unverified,0.5,isothermal,0.9655172413793104,isothermal,,,50.709962603007995,51.372352600097656,-3.814697265625e-06,True,False,48,CC(=O)C(C)C,mol_b650f1cc3cac74aa,0.22309999999999997,0.1069,0.09502813965082169,1.462637186050415,14.960477828979492,CC(C)C(C)C,mol_7347d05012022dd9,0.7218,0.8527,0.8509824275970459,1.0859709978103638,55.771827697753906,CC(C)OC(C)C,mol_1a0ca8e5eeb68da8,0.0551,0.0404,0.05398939922451973,1.2171138525009155,41.35757827758789
state_7b484d6f9c7bed81561e8045,2c_500953d4ef1e1d57286b,2,binary_vle_english.xlsx,10.1016/j.fluid.2012.10.015,unverified,0.5,isothermal,0.9333333333333333,isothermal,,,12.169932395776,10.676244735717773,-9.5367431640625e-07,True,False,48,CCCCCl,mol_f7989a5c13417f20,0.6988,0.8908,0.8935117721557617,0.9659635424613953,14.132048606872559,CC[N+](=O)[O-],mol_6fdb0ec09de24512,0.3012,0.10919999999999996,0.1064881905913353,1.113409399986267,3.3900809288024902,,,,,,,
state_7b77ff57d8b4fcf9852f090f,2c_b399893600891028146a,2,binary_vle_english.xlsx,10.1016/j.fluid.2016.10.024,unverified,0.5,isothermal,0.9523809523809523,isothermal,,,100.100033762816,113.82101440429688,0.0,True,False,48,CC(C)=O,mol_e04cf77cea7bbe66,0.834,0.958,0.947087287902832,1.0537657737731934,122.65982818603516,CCC(C)O,mol_06affb0d2c6c8ff2,0.16600000000000004,0.04200000000000004,0.05291267856955528,1.4518595933914185,24.989036560058594,,,,,,,
state_7c1e656486a32375d9b798d0,2c_4cc4055379eb0154120e,2,binary_vle_english.xlsx,10.1016/j.fluid.2010.01.006,unverified,0.5,isothermal,0.9629629629629629,isothermal,,,147.100034831488,124.3096923828125,0.0,True,False,48,CCCC,mol_fadb5806094149e6,0.2492,0.8955,0.8980675935745239,1.021385669708252,438.607666015625,CCSCC,mol_a7491cfbf016fee6,0.7508,0.10450000000000004,0.10193242132663727,0.9823646545410156,17.179889678955078,,,,,,,
state_7d62ef262fc31d9883b25046,2c_500953d4ef1e1d57286b,2,binary_vle_english.xlsx,10.1016/j.fluid.2012.10.015,unverified,0.5,isothermal,0.9333333333333333,isothermal,,,13.589948937344001,13.204652786254883,0.0,True,False,48,CCCCCl,mol_f7989a5c13417f20,0.9254,0.957,0.9785192608833313,0.9880109429359436,14.132048606872559,CC[N+](=O)[O-],mol_6fdb0ec09de24512,0.0746,0.04300000000000004,0.021480698138475418,1.1215702295303345,3.3900809288024902,,,,,,,
state_7d87ef0b1030c01c3b48463c,2c_6cdeaa0b12c0bcad5378,2,binary_vle_english.xlsx,10.1016/j.jct.2012.01.020,passed,1.0,isothermal,0.9,isothermal,,,19.409870267648,24.143253326416016,0.0,True,False,48,CC(C)CC(C)(C)C,mol_57615b5c3546c298,0.30100000000000005,0.248,0.17013010382652283,0.9709100127220154,14.055020332336426,CCOC(C)=O,mol_18876b584acc43d4,0.699,0.752,0.8298698663711548,0.9921582341194153,28.890010833740234,,,,,,,
state_7dc92dff0dbcf3c67a7adb59,2c_6f361cb0ec8be0b0e6dd,2,binary_vle_english.xlsx,10.1016/j.jct.2012.11.005,unverified,0.5,isothermal,0.9166666666666666,isothermal,,,42.219994208768,42.04821014404297,0.0,True,False,48,CC(C)OC(C)C,mol_1a0ca8e5eeb68da8,0.714,0.714,0.7446519136428833,1.0603457689285278,41.35757827758789,CCO,mol_f29e20f49d416e54,0.28600000000000003,0.28600000000000003,0.2553480863571167,1.2470133304595947,30.105300903320312,,,,,,,
state_7e39957b1deb4a6a5af75551,2c_acf6c70dfacb27974826,2,binary_vle_english.xlsx,10.1016/j.fluid.2012.05.016,unverified,0.5,isothermal,0.9411764705882353,isothermal,,,13.529953871744,18.794876098632812,0.0,True,False,48,CCCO,mol_5fb2f93dc8caa9dc,0.9384,0.848,0.9793726205825806,0.983089029788971,19.952924728393555,CCCOC(C)=O,mol_67043ae833ecd0c7,0.0616,0.152,0.02062736451625824,0.3979051113128662,15.8169584274292,,,,,,,
state_7e4e5f1f8dbde9be71aa7400,2c_4cc4055379eb0154120e,2,binary_vle_english.xlsx,10.1016/j.fluid.2010.01.006,unverified,0.5,isothermal,0.9629629629629629,isothermal,,,18.800053756416,17.179889678955078,0.0,True,False,48,CCCC,mol_fadb5806094149e6,0.0,0.0,0.0,0.2255789190530777,438.607666015625,CCSCC,mol_a7491cfbf016fee6,1.0,1.0,1.0,1.0,17.179889678955078,,,,,,,
state_7f685a93d5fd6414fc99ba2b,2c_4cc4055379eb0154120e,2,binary_vle_english.xlsx,10.1016/j.fluid.2010.01.006,unverified,0.5,isothermal,0.9629629629629629,isothermal,,,414.400050270208,429.902587890625,0.0,True,False,48,CCCC,mol_fadb5806094149e6,0.9708,0.9972,0.9938067197799683,1.003381371498108,438.607666015625,CCSCC,mol_a7491cfbf016fee6,0.029200000000000004,0.0028000000000000247,0.006193248089402914,5.307442665100098,17.179889678955078,,,,,,,
state_826b19642d8cb1e0e366c12b,2c_31dd895be9cb26117aa9,2,binary_vle_english.xlsx,10.1016/j.jct.2015.07.024,unverified,0.5,isothermal,0.8888888888888888,isothermal,,,53.899966902144,52.436683654785156,0.0,True,False,48,CCOC(=O)OCC,mol_4df2781fcf4d4a77,0.923,0.749,0.8509929180145264,0.9943115711212158,48.62246322631836,CCOC(C)=O,mol_18876b584acc43d4,0.077,0.251,0.14900708198547363,0.587610125541687,172.68798828125,,,,,,,
state_826d2fe160998328720c9c9f,2c_5018f9e15dae7c08710f,2,binary_vle_english.xlsx,10.1016/j.fluid.2011.06.001,passed,1.0,isothermal,0.8461538461538461,isothermal,,,13.005063708928,11.685157775878906,-9.5367431640625e-07,True,False,48,CC(C)CCl,mol_b6f57216bc07a08c,0.932,0.9315,0.931663990020752,0.9968402981758118,11.717968940734863,CC(C)OC(C)C,mol_1a0ca8e5eeb68da8,0.06799999999999995,0.0685,0.06833602488040924,0.6078262329101562,19.319499969482422,,,,,,,
state_82be3178b19e1fc2bec0258a,2c_500953d4ef1e1d57286b,2,binary_vle_english.xlsx,10.1016/j.fluid.2012.10.015,unverified,0.5,isothermal,0.9333333333333333,isothermal,,,9.090052372608,6.107501983642578,-4.76837158203125e-07,True,False,48,CCCCCl,mol_f7989a5c13417f20,0.3237,0.751,0.6444141864776611,0.8603612184524536,14.132048606872559,CC[N+](=O)[O-],mol_6fdb0ec09de24512,0.6763,0.249,0.3555857837200165,0.9472367167472839,3.3900809288024902,,,,,,,
state_83a39551e54872478f66871e,3c_485aadc678c8a7fb274c,3,ternary_vle_english.xlsx,10.1016/j.fluid.2011.05.011,unverified,0.5,isothermal,0.9642857142857143,isothermal,,,18.569939349248,19.552078247070312,0.0,True,False,48,CC(=O)CC(C)C,mol_0a895444a9f0f36b,0.012299999999999978,0.01539999999999997,0.004406738094985485,0.4356951117515564,16.0776424407959,CC(C)CC(C)(C)C,mol_57615b5c3546c298,0.055,0.358,0.09784861654043198,1.073976993560791,32.388431549072266,CC(C)CO,mol_015d21fca05fcd26,0.9327,0.6266,0.8977447152137756,0.9951003193855286,18.911977767944336
state_85acd0f8e8b1c730766c40c4,2c_98afb8e6c65a310db5e0,2,binary_vle_english.xlsx,10.1016/j.jct.2012.12.026,unverified,0.5,isothermal,0.9,isothermal,,,129.00005682944,146.6962890625,0.0,True,False,48,F/C=C/C(F)(F)F,mol_0e763ba6787b2749,0.41300000000000003,0.41200000000000003,0.3563033938407898,0.7277540564537048,173.90194702148438,FC(F)C(F)F,mol_fccff6221e62b4bc,0.587,0.588,0.6436966061592102,0.8805755972862244,182.6819305419922,,,,,,,
state_8866ba2d646eeb977b5162d0,2c_31dd895be9cb26117aa9,2,binary_vle_english.xlsx,10.1016/j.jct.2015.07.024,unverified,0.5,isothermal,0.8888888888888888,isothermal,,,130.600058567808,124.6729736328125,7.62939453125e-06,True,False,48,CCOC(=O)OCC,mol_4df2781fcf4d4a77,0.44599999999999995,0.14100000000000001,0.1650509536266327,0.9488958716392517,48.62246322631836,CCOC(C)=O,mol_18876b584acc43d4,0.554,0.859,0.8349490761756897,1.0880789756774902,172.68798828125,,,,,,,
state_89ddaebb646dbcdb009b4ab4,3c_65250b1389afa8bc1bcc,3,ternary_vle_english.xlsx,10.1016/j.fluid.2013.01.020,unverified,0.5,isothermal,0.9655172413793104,isothermal,,,38.490034319232,40.82910919189453,-3.814697265625e-06,True,False,48,CC(=O)C(C)C,mol_b650f1cc3cac74aa,0.17149999999999999,0.09339999999999993,0.08243318647146225,1.3117841482162476,14.960477828979492,CC(C)C(C)C,mol_7347d05012022dd9,0.1351,0.2273,0.19636817276477814,1.0640712976455688,55.771827697753906,CC(C)OC(C)C,mol_1a0ca8e5eeb68da8,0.6934,0.6793,0.7211986184120178,1.0267997980117798,41.35757827758789
state_8a6aff0e9408e0ef6d286cb6,2c_ab90a05e58432c71abba,2,binary_vle_english.xlsx,10.1016/j.fluid.2011.05.011,unverified,0.5,isothermal,0.9411764705882353,isothermal,,,28.640044449024,32.38843536376953,-3.814697265625e-06,True,False,48,CC(=O)CC(C)C,mol_0a895444a9f0f36b,0.0,0.0,0.0,1.7954213619232178,16.0776424407959,CC(C)CC(C)(C)C,mol_57615b5c3546c298,1.0,1.0,1.0,1.0,32.388431549072266,,,,,,,
state_8a6d261901205f29823f5952,2c_35c6612e2ad0f786d394,2,binary_vle_english.xlsx,10.1016/j.fluid.2016.02.018,unverified,0.5,isothermal,0.8,isothermal,,,15.70004205568,15.13064956665039,0.0,True,False,48,CCCCCCC,mol_fddb2c852c313396,0.7845,0.9299,0.9502258896827698,0.8673819303512573,21.129106521606445,Cc1ccc(C)cc1,mol_e7658ba520613aac,0.21550000000000002,0.07010000000000005,0.04977409169077873,0.615613579750061,5.676824569702148,,,,,,,
state_8b5c7c4c0b092e4fb5c60a58,2c_8742372ba72e435a7962,2,binary_vle_english.xlsx,10.1016/j.fluid.2013.01.020,unverified,0.5,isothermal,0.9473684210526315,isothermal,,,49.29994523903999,48.28071594238281,-3.814697265625e-06,True,False,48,CC(=O)C(C)C,mol_b650f1cc3cac74aa,0.348,0.14670000000000005,0.13248135149478912,1.2285807132720947,14.960477828979492,CC(C)C(C)C,mol_7347d05012022dd9,0.652,0.8533,0.8675186634063721,1.1518343687057495,55.771827697753906,,,,,,,
state_8ba93a34eb1625f92b0cc434,2c_4cc4055379eb0154120e,2,binary_vle_english.xlsx,10.1016/j.fluid.2010.01.006,unverified,0.5,isothermal,0.9629629629629629,isothermal,,,426.799963750784,438.607666015625,0.0,True,False,48,CCCC,mol_fadb5806094149e6,1.0,1.0,1.0,1.0,438.607666015625,CCSCC,mol_a7491cfbf016fee6,0.0,0.0,0.0,6.826554298400879,17.179889678955078,,,,,,,
state_8c13650fc8337244c415eeac,3c_a6f39dd395c2cfcf800d,3,ternary_vle_english.xlsx,10.1016/j.fluid.2009.01.016,unverified,0.5,isothermal,0.9333333333333333,isothermal,,,29.189999217024003,24.423416137695312,-1.9073486328125e-06,True,False,48,CC(=O)C(C)(C)C,mol_61a887e37d396488,0.5343,0.2586,0.27030885219573975,0.9372039437294006,13.184004783630371,CC(C)(C)CO,mol_dfb42f12fdc989ed,0.20690000000000008,0.05059999999999998,0.06420784443616867,0.8377857804298401,9.04692554473877,COC(C)(C)C,mol_b614d6fea320c179,0.2588,0.6908,0.665483295917511,0.901494562625885,69.66523742675781
state_8c24d28ecbecb652812ac44e,2c_ab90a05e58432c71abba,2,binary_vle_english.xlsx,10.1016/j.fluid.2011.05.011,unverified,0.5,isothermal,0.9411764705882353,isothermal,,,29.060009908223996,31.557579040527344,0.0,True,False,48,CC(=O)CC(C)C,mol_0a895444a9f0f36b,0.13260000000000005,0.13039999999999996,0.09658709168434143,1.4297393560409546,16.0776424407959,CC(C)CC(C)(C)C,mol_57615b5c3546c298,0.8674,0.8696,0.9034128785133362,1.0148004293441772,32.388431549072266,,,,,,,
state_8d1d48278083ab8bb08ce2b3,2c_b399893600891028146a,2,binary_vle_english.xlsx,10.1016/j.fluid.2016.10.024,unverified,0.5,isothermal,0.9523809523809523,isothermal,,,67.720030246656,69.71807861328125,0.0,True,False,48,CC(C)=O,mol_e04cf77cea7bbe66,0.422,0.82,0.8047105073928833,1.083852767944336,122.65982818603516,CCC(C)O,mol_06affb0d2c6c8ff2,0.5780000000000001,0.18000000000000005,0.19528943300247192,0.9426419734954834,24.989036560058594,,,,,,,
state_8da5fc158ce9cd93b74cb5c5,2c_acf6c70dfacb27974826,2,binary_vle_english.xlsx,10.1016/j.fluid.2012.05.016,unverified,0.5,isothermal,0.9411764705882353,isothermal,,,15.520056858879999,16.32259750366211,0.0,True,False,48,CCCO,mol_5fb2f93dc8caa9dc,0.7956,0.6536,0.8528677225112915,0.8769394755363464,19.952924728393555,CCCOC(C)=O,mol_67043ae833ecd0c7,0.2044,0.3464,0.14713223278522491,0.7428364753723145,15.8169584274292,,,,,,,
state_8e9abd825a5b6f69204c6e99,2c_c879fc0732268fc652fa,2,binary_vle_english.xlsx,10.1016/j.fluid.2011.06.001,passed,1.0,isothermal,0.9166666666666666,isothermal,,,10.894970590592,11.737045288085938,0.0,True,False,48,CC(C)OC(C)C,mol_1a0ca8e5eeb68da8,0.5806,0.6666000000000001,0.7552129030227661,0.7902331352233887,19.319499969482422,CCCCCl,mol_f7989a5c13417f20,0.4194,0.3334,0.2447870671749115,0.7370655536651611,9.294214248657227,,,,,,,
state_8f03764d548fc24ee37fc398,2c_ea9da779580d9b792700,2,binary_vle_english.xlsx,10.1016/j.jct.2012.11.005,unverified,0.5,isothermal,0.9411764705882353,isothermal,,,42.449975293568,41.707374572753906,0.0,True,False,48,CC(C)OC(C)C,mol_1a0ca8e5eeb68da8,0.527,0.553,0.4726954698562622,1.138451337814331,32.86012649536133,CO,mol_a85d32e4db2ff39c,0.473,0.44699999999999995,0.5273045301437378,1.0709294080734253,43.416255950927734,,,,,,,
state_90be2eef2002df2fca3b3749,2c_8742372ba72e435a7962,2,binary_vle_english.xlsx,10.1016/j.fluid.2013.01.020,unverified,0.5,isothermal,0.9473684210526315,isothermal,,,51.100063851776,50.851280212402344,0.0,True,False,48,CC(=O)C(C)C,mol_b650f1cc3cac74aa,0.2583,0.11880000000000002,0.1076902225613594,1.4171254634857178,14.960477828979492,CC(C)C(C)C,mol_7347d05012022dd9,0.7417,0.8812,0.8923097848892212,1.0969185829162598,55.771827697753906,,,,,,,
state_90c3b31b5b87131bc808d7e7,2c_e0c162126f5997f9fcd9,2,binary_vle_english.xlsx,10.1016/j.fluid.2016.02.018,unverified,0.5,isothermal,0.8,isothermal,,,28.099955536255997,26.947124481201172,0.0,True,False,48,CCCCCCC,mol_fddb2c852c313396,0.6289,0.4401,0.4437486231327057,0.8998844027519226,21.129106521606445,c1ccccc1,mol_7165dcf6be1f831d,0.3711,0.5599000000000001,0.5562514066696167,0.9237132668495178,43.727577209472656,,,,,,,
state_91328e1cae62b64fc1d45842,2c_ea9da779580d9b792700,2,binary_vle_english.xlsx,10.1016/j.jct.2012.11.005,unverified,0.5,isothermal,0.9411764705882353,isothermal,,,39.750064019199996,35.88081359863281,-3.814697265625e-06,True,False,48,CC(C)OC(C)C,mol_1a0ca8e5eeb68da8,0.881,0.619,0.8151378035545349,1.010294795036316,32.86012649536133,CO,mol_a85d32e4db2ff39c,0.119,0.381,0.18486222624778748,1.283840537071228,43.416255950927734,,,,,,,
state_9413a42a9332a8a4deffb63b,2c_31dd895be9cb26117aa9,2,binary_vle_english.xlsx,10.1016/j.jct.2015.07.024,unverified,0.5,isothermal,0.8888888888888888,isothermal,,,155.200035299328,142.63284301757812,0.0,True,False,48,CCOC(=O)OCC,mol_4df2781fcf4d4a77,0.31799999999999995,0.08699999999999997,0.1103706955909729,1.018144130706787,48.62246322631836,CCOC(C)=O,mol_18876b584acc43d4,0.682,0.913,0.8896293044090271,1.0774128437042236,172.68798828125,,,,,,,
state_9451d250dfda82a3fabec6b5,2c_500953d4ef1e1d57286b,2,binary_vle_english.xlsx,10.1016/j.fluid.2012.10.015,unverified,0.5,isothermal,0.9333333333333333,isothermal,,,4.520028242304,3.579960346221924,-2.384185791015625e-07,True,False,48,CCCCCl,mol_f7989a5c13417f20,0.051,0.3516,0.10285013914108276,0.5108669400215149,14.132048606872559,CC[N+](=O)[O-],mol_6fdb0ec09de24512,0.949,0.6484,0.8971498608589172,0.9983134269714355,3.3900809288024902,,,,,,,
state_95b776e4baa1425bc3be1009,2c_ab90a05e58432c71abba,2,binary_vle_english.xlsx,10.1016/j.fluid.2011.05.011,unverified,0.5,isothermal,0.9411764705882353,isothermal,,,24.449989067519997,22.77963638305664,0.0,True,False,48,CC(=O)CC(C)C,mol_0a895444a9f0f36b,0.6737,0.4375,0.4785884618759155,1.0065146684646606,16.0776424407959,CC(C)CC(C)(C)C,mol_57615b5c3546c298,0.3263,0.5625,0.5214114785194397,1.123881220817566,32.388431549072266,,,,,,,
state_95f308deeddf54852009c8e2,2c_8742372ba72e435a7962,2,binary_vle_english.xlsx,10.1016/j.fluid.2013.01.020,unverified,0.5,isothermal,0.9473684210526315,isothermal,,,52.670068057344,52.78163146972656,-3.814697265625e-06,True,False,48,CC(=O)C(C)C,mol_b650f1cc3cac74aa,0.1744,0.09109999999999996,0.084416463971138,1.707725167274475,14.960477828979492,CC(C)C(C)C,mol_7347d05012022dd9,0.8256,0.9089,0.9155835509300232,1.0495332479476929,55.771827697753906,,,,,,,
state_96059e29004bb7962287215e,2c_a948b12e7b27db3902e0,2,binary_vle_english.xlsx,10.1016/j.jct.2009.04.006,unverified,0.5,isothermal,0.9285714285714286,isothermal,,,11.060023682175999,9.492252349853516,0.0,True,False,48,CCCCCl,mol_f7989a5c13417f20,0.78,0.985,0.9809260964393616,0.8447065353393555,14.132048606872559,O=C1CCCCC1,mol_09f0d60d139abab5,0.21999999999999997,0.015000000000000013,0.01907387375831604,1.1042271852493286,0.7452930808067322,,,,,,,
state_98356e2c3f23302ab74f1708,2c_c879fc0732268fc652fa,2,binary_vle_english.xlsx,10.1016/j.fluid.2011.06.001,passed,1.0,isothermal,0.9166666666666666,isothermal,,,12.25499206656,18.29364013671875,0.0,True,False,48,CC(C)OC(C)C,mol_1a0ca8e5eeb68da8,0.9365,0.9595,0.9834854006767273,0.9944074153900146,19.319499969482422,CCCCCl,mol_f7989a5c13417f20,0.0635,0.0405,0.016514580696821213,0.511895477771759,9.294214248657227,,,,,,,
state_9a61a7a0a485a02b597d1dec,2c_6cdeaa0b12c0bcad5378,2,binary_vle_english.xlsx,10.1016/j.jct.2012.01.020,passed,1.0,isothermal,0.9,isothermal,,,15.34807100416,15.512956619262695,-9.5367431640625e-07,True,False,48,CC(C)CC(C)(C)C,mol_57615b5c3546c298,0.8,0.544,0.7135425209999084,0.9844484329223633,14.055020332336426,CCOC(C)=O,mol_18876b584acc43d4,0.2,0.456,0.28645744919776917,0.7690896391868591,28.890010833740234,,,,,,,
state_9ad9256feafa793011276acd,2c_6cdeaa0b12c0bcad5378,2,binary_vle_english.xlsx,10.1016/j.jct.2012.01.020,passed,1.0,isothermal,0.9,isothermal,,,21.115996610944002,25.857257843017578,0.0,True,False,48,CC(C)CC(C)(C)C,mol_57615b5c3546c298,0.19999999999999996,0.19199999999999995,0.10748256742954254,0.9886873960494995,14.055020332336426,CCOC(C)=O,mol_18876b584acc43d4,0.8,0.808,0.8925173878669739,0.9985307455062866,28.890010833740234,,,,,,,
state_9b4d6d68cdf4785d23667952,2c_4cc4055379eb0154120e,2,binary_vle_english.xlsx,10.1016/j.fluid.2010.01.006,unverified,0.5,isothermal,0.9629629629629629,isothermal,,,405.79995759999997,424.667724609375,3.0517578125e-05,True,False,48,CCCC,mol_fadb5806094149e6,0.9503,0.9953,0.9909470081329346,1.0096312761306763,438.607666015625,CCSCC,mol_a7491cfbf016fee6,0.049699999999999966,0.0047000000000000375,0.009053003042936325,4.50261926651001,17.179889678955078,,,,,,,
state_9ba5168ae9dd60c9e2b19a67,2c_e1c33e24ae7f6ab4d0bf,2,binary_vle_english.xlsx,10.1016/j.fluid.2010.01.024,unverified,0.5,isothermal,0.9375,isothermal,,,17.999986226047998,15.538612365722656,0.0,True,False,48,CC[N+](=O)[O-],mol_6fdb0ec09de24512,0.9206,0.7681,0.8237172961235046,0.9965023994445801,13.952149391174316,ClCCCl,mol_e8df6c9e89c6b62a,0.0794,0.2319,0.17628264427185059,0.8584277033805847,40.188106536865234,,,,,,,
state_9c5442d71f83b8ac584792cb,2c_acf6c70dfacb27974826,2,binary_vle_english.xlsx,10.1016/j.fluid.2012.05.016,unverified,0.5,isothermal,0.9411764705882353,isothermal,,,16.20000093568,15.651561737060547,0.0,True,False,48,CCCO,mol_5fb2f93dc8caa9dc,0.7082999999999999,0.5807,0.7393112182617188,0.8187685608863831,19.952924728393555,CCCOC(C)=O,mol_67043ae833ecd0c7,0.2917,0.4193,0.26068878173828125,0.8843426704406738,15.8169584274292,,,,,,,
state_9c6f5d0bf7449fc827e53ef8,2c_500953d4ef1e1d57286b,2,binary_vle_english.xlsx,10.1016/j.fluid.2012.10.015,unverified,0.5,isothermal,0.9333333333333333,isothermal,,,12.680023775744,11.376792907714844,0.0,True,False,48,CCCCCl,mol_f7989a5c13417f20,0.7767,0.9101,0.9193247556686401,0.9528627395629883,14.132048606872559,CC[N+](=O)[O-],mol_6fdb0ec09de24512,0.22330000000000005,0.08989999999999998,0.08067525923252106,1.2124433517456055,3.3900809288024902,,,,,,,
state_9cb1d1cc0bb9140b223e647b,3c_a6f39dd395c2cfcf800d,3,ternary_vle_english.xlsx,10.1016/j.fluid.2009.01.016,unverified,0.5,isothermal,0.9333333333333333,isothermal,,,11.619977627775999,10.183551788330078,0.0,True,False,48,CC(=O)C(C)(C)C,mol_61a887e37d396488,0.6958,0.7505,0.8311557769775391,0.9226774573326111,13.184004783630371,CC(C)(C)CO,mol_dfb42f12fdc989ed,0.29070000000000007,0.15260000000000007,0.13068780303001404,0.5060440301895142,9.04692554473877,COC(C)(C)C,mol_b614d6fea320c179,0.0135,0.0969,0.03815646097064018,0.41315922141075134,69.66523742675781
state_9dcdc48ebcf57c72741aa217,2c_ab90a05e58432c71abba,2,binary_vle_english.xlsx,10.1016/j.fluid.2011.05.011,unverified,0.5,isothermal,0.9411764705882353,isothermal,,,26.049990805887997,25.126529693603516,0.0,True,False,48,CC(=O)CC(C)C,mol_0a895444a9f0f36b,0.5670999999999999,0.3699,0.37184274196624756,1.0247308015823364,16.0776424407959,CC(C)CC(C)(C)C,mol_57615b5c3546c298,0.4329,0.6301,0.6281571984291077,1.1257017850875854,32.388431549072266,,,,,,,
state_9df465a08006145a1a8efb23,2c_ea9da779580d9b792700,2,binary_vle_english.xlsx,10.1016/j.jct.2012.11.005,unverified,0.5,isothermal,0.9411764705882353,isothermal,,,42.42997693836799,42.21661376953125,0.0,True,False,48,CC(C)OC(C)C,mol_1a0ca8e5eeb68da8,0.468,0.55,0.4273184537887573,1.1730592250823975,32.86012649536133,CO,mol_a85d32e4db2ff39c,0.532,0.44999999999999996,0.5726814866065979,1.0467249155044556,43.416255950927734,,,,,,,
state_9f953986c11507d820a94978,3c_a6f39dd395c2cfcf800d,3,ternary_vle_english.xlsx,10.1016/j.fluid.2009.01.016,unverified,0.5,isothermal,0.9333333333333333,isothermal,,,35.110045645696,33.49683380126953,0.0,True,False,48,CC(=O)C(C)(C)C,mol_61a887e37d396488,0.2306,0.0929,0.08392781764268875,0.9247046709060669,13.184004783630371,CC(C)(C)CO,mol_dfb42f12fdc989ed,0.4092,0.06459999999999999,0.10305806249380112,0.9325005412101746,9.04692554473877,COC(C)(C)C,mol_b614d6fea320c179,0.3602,0.8425,0.8130140900611877,1.0852805376052856,69.66523742675781
state_9fc56317a1272685e0798eb9,2c_c879fc0732268fc652fa,2,binary_vle_english.xlsx,10.1016/j.fluid.2011.06.001,passed,1.0,isothermal,0.9166666666666666,isothermal,,,11.384930292992001,13.785354614257812,-9.5367431640625e-07,True,False,48,CC(C)OC(C)C,mol_1a0ca8e5eeb68da8,0.6952,0.7622,0.8598885536193848,0.8825806379318237,19.319499969482422,CCCCCl,mol_f7989a5c13417f20,0.3048,0.2378,0.14011149108409882,0.6818109750747681,9.294214248657227,,,,,,,
state_a0e130497661971269ae7d7b,2c_23001626ba9c10a2709a,2,binary_vle_english.xlsx,10.1016/j.fluid.2011.06.001,unverified,0.5,isothermal,0.9166666666666666,isothermal,,,15.424998010496,17.928279876708984,-1.9073486328125e-06,True,False,48,CC(C)(C)Cl,mol_cbd731ac6eef5e90,0.1844,0.3144,0.14900508522987366,0.4508841931819916,32.13022232055664,CC(C)OC(C)C,mol_1a0ca8e5eeb68da8,0.8156,0.6856,0.850994884967804,0.9682610034942627,19.319499969482422,,,,,,,
state_a0e8326788ea897138222ad1,2c_6f361cb0ec8be0b0e6dd,2,binary_vle_english.xlsx,10.1016/j.jct.2012.11.005,unverified,0.5,isothermal,0.9166666666666666,isothermal,,,31.970037234559996,31.246074676513672,0.0,True,False,48,CC(C)OC(C)C,mol_1a0ca8e5eeb68da8,0.125,0.48,0.1693844199180603,1.0237733125686646,41.35757827758789,CCO,mol_f29e20f49d416e54,0.875,0.52,0.8306155800819397,0.9852456450462341,30.105300903320312,,,,,,,
state_a278804c621ac4fff5c6a298,2c_50cae961bcfb98dfb10a,2,binary_vle_english.xlsx,10.1016/j.fluid.2013.05.019,passed,1.0,full_state,0.5714285714285714,isothermal,,,101.330065929984,93.50126647949219,0.0,True,False,48,CC(C)=C(C)C,mol_ac85c03b48dc0205,0.999376,0.999683,0.9991821646690369,1.000000238418579,93.48310852050781,c1ccsc1,mol_7953343be0b435d5,0.000624,0.000317,0.0008178327116183937,1.6327134370803833,75.05635070800781,,,,,,,
state_a2ac0e25aa81de3321a347aa,2c_b399893600891028146a,2,binary_vle_english.xlsx,10.1016/j.fluid.2016.10.024,unverified,0.5,isothermal,0.9523809523809523,isothermal,,,102.299986157184,115.35368347167969,0.0,True,False,48,CC(C)=O,mol_e04cf77cea7bbe66,0.862,0.966,0.9526275992393494,1.0393097400665283,122.65982818603516,CCC(C)O,mol_06affb0d2c6c8ff2,0.138,0.03400000000000003,0.04737240448594093,1.5846316814422607,24.989036560058594,,,,,,,
state_a2bb4c3fd1d0997a8940252d,2c_50cae961bcfb98dfb10a,2,binary_vle_english.xlsx,10.1016/j.fluid.2013.05.019,passed,1.0,full_state,0.5714285714285714,isothermal,,,101.330065929984,93.48765563964844,-7.62939453125e-06,True,False,48,CC(C)=C(C)C,mol_ac85c03b48dc0205,0.999844,0.999926,0.9997954964637756,1.0,93.48310852050781,c1ccsc1,mol_7953343be0b435d5,0.000156,7.4e-05,0.00020454524201340973,1.6331707239151,75.05635070800781,,,,,,,
state_a393428a8eeb937c3f1d8ee1,3c_485aadc678c8a7fb274c,3,ternary_vle_english.xlsx,10.1016/j.fluid.2011.05.011,unverified,0.5,isothermal,0.9642857142857143,isothermal,,,13.940053475711998,17.29611587524414,-1.9073486328125e-06,True,False,48,CC(=O)CC(C)C,mol_0a895444a9f0f36b,0.10820000000000007,0.17379999999999995,0.0601939894258976,0.5984833240509033,16.0776424407959,CC(C)CC(C)(C)C,mol_57615b5c3546c298,0.0024,0.0228,0.004886203445494175,1.0872236490249634,32.388431549072266,CC(C)CO,mol_015d21fca05fcd26,0.8894,0.8034,0.9349197745323181,0.9613661766052246,18.911977767944336
state_79163e11d6cd6ca605f97051,3c_f6a2de3ac0acbac84e4f,3,ternary_vle_english.xlsx,10.1016/j.fluid.2005.01.007,unverified,0.5,isobaric,0.9818181818181818,isobaric,330.25,328.25543212890625,,,0.000335693359375,True,False,48,CC(C)=O,mol_e04cf77cea7bbe66,0.695,0.755,0.8056370615959167,1.0742835998535156,109.30657958984375,CC(C)CC(C)(C)C,mol_57615b5c3546c298,0.15600000000000003,0.134,0.08584471046924591,2.0065252780914307,27.781448364257812,CCO,mol_f29e20f49d416e54,0.149,0.111,0.10851822048425674,1.4326335191726685,51.49817657470703
state_7973168cd7b18ebe94b2ef90,2c_4e1effd6e44016fa9e71,2,binary_vle_english.xlsx,10.1016/j.fluid.2019.03.022,passed,1.0,isobaric,0.95,isobaric,331.58,331.5716247558594,,,0.00020599365234375,True,False,48,CO,mol_a85d32e4db2ff39c,0.569,0.604,0.6405004858970642,1.1907892227172852,95.75960540771484,c1ccccc1,mol_7165dcf6be1f831d,0.431,0.396,0.3594995141029358,1.4922657012939453,56.62196350097656,,,,,,,
state_79baba8d28b03cf78d014273,2c_bcadcb4c5d803465b404,2,binary_vle_english.xlsx,10.1016/j.fluid.2007.09.014,unverified,0.5,isobaric,0.9523809523809523,isobaric,356.59,357.5537109375,,,-7.62939453125e-06,True,False,48,CC(C)O,mol_db030b5de88f8eaf,0.942,0.985,0.9510560631752014,1.008117437362671,101.45027923583984,COCCO,mol_d291b272a64498d9,0.05800000000000005,0.015000000000000013,0.04894391447305679,2.306311845779419,37.06481170654297,,,,,,,
state_7ad79113753f72bd296b6dc3,2c_7089ceccf9a6ce828d93,2,binary_vle_english.xlsx,10.1016/j.fluid.2018.07.013,unverified,0.5,isobaric,0.9545454545454546,isobaric,348.84999999999997,348.46209716796875,,,3.0517578125e-05,True,False,48,CCCCCCCC,mol_8151bb583f7f3ebd,0.06940000000000002,0.13470000000000004,0.08067616820335388,4.966728210449219,23.709627151489258,CCO,mol_f29e20f49d416e54,0.9306,0.8653,0.9193238615989685,1.0191631317138672,98.19085693359375,,,,,,,
state_7add2b13d72d7da8e6195067,2c_ce7e822d00d743846419,2,binary_vle_english.xlsx,10.1016/j.fluid.2005.07.010,unverified,0.5,isobaric,0.9629629629629629,isobaric,350.60999999999996,351.3542785644531,,,1.52587890625e-05,True,False,48,CC(=O)O,mol_9ac385b135af0125,0.019100000000000006,0.0031999999999999806,0.012026345357298851,2.1696646213531494,29.40521812438965,CCOC(C)=O,mol_18876b584acc43d4,0.9809,0.9968,0.987973690032959,1.000657320022583,101.9886703491211,,,,,,,
state_7b270c0f2a21024895737e1d,2c_f29ffd05dc86affc2a49,2,binary_vle_english.xlsx,10.1016/j.jct.2019.01.027,unverified,0.5,isobaric,0.9375,isobaric,351.45,349.5013122558594,,,7.62939453125e-06,True,False,48,CC(=O)OCC(C)C,mol_e7eb29ad965cc8ee,0.0,0.0,0.0,0.998587965965271,31.980947494506836,CCO,mol_f29e20f49d416e54,1.0,1.0,1.0,1.0,101.29994201660156,,,,,,,
state_7bafecd9bcb6acf1de298910,2c_9f331b7867f625e21322,2,binary_vle_english.xlsx,10.1016/j.jct.2015.03.013,unverified,0.5,isobaric,0.9090909090909091,isobaric,345.59999999999997,349.57452392578125,,,7.62939453125e-06,True,False,48,CCC(C)=O,mol_4cfc5db0ca2ab00b,0.8886,0.9822,0.9135094881057739,1.0311858654022217,74.27217864990234,COCCO,mol_d291b272a64498d9,0.11140000000000005,0.017800000000000038,0.08649048209190369,2.068145990371704,27.967798233032227,,,,,,,
state_7c7f26a52a571eccd7d91db0,2c_ca2ff513d4ae36f2f8e1,2,binary_vle_english.xlsx,10.1016/j.fluid.2017.05.012,unverified,0.5,isobaric,0.9411764705882353,isobaric,360.7,365.1527099609375,,,0.0005035400390625,True,False,48,CCCO,mol_5fb2f93dc8caa9dc,0.4049,0.4102,0.4276936948299408,1.26174795627594,84.5543212890625,O,mol_e81dc06beaa39499,0.5951,0.5898,0.5723063349723816,1.16300368309021,83.51815795898438,,,,,,,
state_7d05203ccaad2513e62dd829,3c_f6a2de3ac0acbac84e4f,3,ternary_vle_english.xlsx,10.1016/j.fluid.2005.01.007,unverified,0.5,isobaric,0.9818181818181818,isobaric,329.2,325.80816650390625,,,0.00057220458984375,True,False,48,CC(C)=O,mol_e04cf77cea7bbe66,0.9,0.901,0.9241748452186584,1.0094128847122192,103.05152130126953,CC(C)CC(C)(C)C,mol_57615b5c3546c298,0.050999999999999934,0.06299999999999994,0.036577463150024414,2.828577995300293,25.68543243408203,CCO,mol_f29e20f49d416e54,0.049,0.036,0.039247699081897736,1.7129443883895874,47.36815643310547
state_7d0687f3a263cf911c155fb6,3c_6aa06918a7fe0a120990,3,ternary_vle_english.xlsx,10.1016/j.fluid.2015.07.029,unverified,0.5,isobaric,0.9285714285714286,isobaric,401.95,405.203369140625,,,6.866455078125e-05,True,False,48,CCC(C)O,mol_06affb0d2c6c8ff2,0.082,0.118,0.16834568977355957,0.9039725065231323,230.0606689453125,CCC(C)OC(C)=O,mol_879306ab1082c162,0.254,0.757,0.674642026424408,1.4648346900939941,183.67942810058594,CS(C)=O,mol_7d3e12eaed0f467c,0.6639999999999999,0.125,0.15701225399971008,0.9896519780158997,24.204296112060547
state_7d62f93c9b2ba729d15fc3fa,2c_112489fd04ba2d890a8f,2,binary_vle_english.xlsx,10.1016/j.fluid.2014.03.027,unverified,0.5,isobaric,0.9090909090909091,isobaric,338.79999999999995,346.6576232910156,,,0.00060272216796875,True,False,48,C1CCOC1,mol_c59bfa659357f795,0.898,0.901,0.8417037129402161,1.0081219673156738,94.1849594116211,CCO,mol_f29e20f49d416e54,0.10199999999999998,0.09899999999999998,0.15829628705978394,1.690875768661499,92.97595977783203,,,,,,,
state_7f9ab2946731f2a0ffe0bb0d,3c_2d8df0569d9d03284715,3,ternary_vle_english.xlsx,10.1016/j.fluid.2007.06.005,unverified,0.5,isobaric,0.9622641509433962,isobaric,343.97999999999996,345.1492614746094,,,0.0,True,False,48,CC(C)CC(C)(C)C,mol_57615b5c3546c298,0.21299999999999997,0.241,0.1967231184244156,2.0199100971221924,46.318336486816406,CCC(C)=O,mol_4cfc5db0ca2ab00b,0.152,0.16,0.1467016190290451,1.5031185150146484,65.04400634765625,CCO,mol_f29e20f49d416e54,0.635,0.599,0.6565752625465393,1.179644227027893,88.7909927368164
state_801817e983f24cce984c69f3,2c_dc191206ee879c89c4e5,2,binary_vle_english.xlsx,10.1016/j.jct.2003.09.001,unverified,0.5,isobaric,0.9285714285714286,isobaric,349.08,349.5631408691406,,,2.288818359375e-05,True,False,48,C1COCCO1,mol_d365f2fae67d24f2,0.5952,0.6826,0.6282148361206055,1.0999069213867188,38.38398361206055,CC(C)CO,mol_015d21fca05fcd26,0.40480000000000005,0.3174,0.3717851936817169,1.1028294563293457,33.31224822998047,,,,,,,
state_8079e2903f2aa6484c84ab30,2c_7e396008deb1d14f8e15,2,binary_vle_english.xlsx,10.1016/j.fluid.2015.11.007,passed,1.0,isobaric,0.9090909090909091,isobaric,322.78,310.3358154296875,,,9.34600830078125e-05,True,False,48,CC(=O)N(C)C,mol_b8ccf255e2b62919,0.02100000000000002,0.0,3.0042352591408417e-05,0.003943519666790962,2.5394043922424316,CC(=O)O,mol_9ac385b135af0125,0.979,1.0,0.9999699592590332,0.9975553154945374,7.167513370513916,,,,,,,
state_81ca70211e283cbc4d8abc76,3c_50c0ded265c297b30405,3,ternary_vle_english.xlsx,10.1016/j.fluid.2015.03.013,unverified,0.5,isobaric,0.9333333333333333,isobaric,397.88,396.5603942871094,,,-2.288818359375e-05,True,False,48,CC(=O)N(C)C,mol_b8ccf255e2b62919,0.581,0.19199999999999995,0.20850344002246857,0.9072962999343872,40.06794357299805,CCC(C)O,mol_06affb0d2c6c8ff2,0.181,0.313,0.35325053334236145,1.0747921466827393,183.9453582763672,CCC(C)OC(C)=O,mol_879306ab1082c162,0.238,0.495,0.4382459819316864,1.2266489267349243,152.06517028808594
state_82593243c1d22e6860ec5589,2c_f4a55bc5fa0e7d69faf8,2,binary_vle_english.xlsx,10.1016/j.fluid.2012.12.021,unverified,0.5,isobaric,0.9545454545454546,isobaric,339.74,338.2673034667969,,,5.340576171875e-05,True,False,48,C1CCOCC1,mol_626f3d1f5bbb6f55,0.951,0.969,0.962157666683197,1.0010112524032593,50.53559875488281,CCC(C)O,mol_06affb0d2c6c8ff2,0.049,0.031,0.03784237429499626,1.2793325185775757,30.183494567871094,,,,,,,
state_82622ce699fc9b454d68e013,3c_5af2e9ac27e2698a2927,3,ternary_vle_english.xlsx,10.1016/j.fluid.2008.06.006,unverified,0.5,isobaric,0.9555555555555556,isobaric,324.76,320.5827941894531,,,-1.52587890625e-05,True,False,48,C1CCCCC1,mol_893981623557f359,0.07699999999999996,0.11699999999999999,0.06235188618302345,1.9920786619186401,38.21027755737305,CC(C)=O,mol_e04cf77cea7bbe66,0.795,0.778,0.8045729994773865,1.05008065700531,90.59484100341797,CC(C)OC(C)C,mol_1a0ca8e5eeb68da8,0.128,0.105,0.1330750733613968,1.928069829940796,50.686431884765625
state_838b0a10ea3b97a569137e70,3c_1a08c4f653f7d812cdc9,3,ternary_vle_english.xlsx,10.1016/j.jct.2019.03.036,unverified,0.5,isobaric,0.972972972972973,isobaric,370.21999999999997,372.51068115234375,,,0.00141143798828125,True,False,48,CCCOC(C)=O,mol_67043ae833ecd0c7,0.0392,0.0433,0.03890926390886307,1.1992626190185547,83.84320068359375,CCOC(C)=O,mol_18876b584acc43d4,0.4534,0.9347,0.9214640855789185,1.2110358476638794,170.00242614746094,CS(C)=O,mol_7d3e12eaed0f467c,0.5074,0.02200000000000002,0.039626650512218475,0.976485550403595,8.101888656616211
state_8430712d9a59c5a0984a0899,2c_7c6b847ee4cb190db3ef,2,binary_vle_english.xlsx,10.1016/j.fluid.2005.06.024,unverified,0.5,isobaric,0.9666666666666667,isobaric,354.66999999999996,360.9466247558594,,,-2.288818359375e-05,True,False,48,CCC(C)=O,mol_4cfc5db0ca2ab00b,0.9291,0.986,0.9528705477714539,1.0098885297775269,102.89979553222656,CCOC(=O)OCC,mol_4df2781fcf4d4a77,0.07089999999999996,0.014000000000000012,0.04712945967912674,1.9253745079040527,34.98222732543945,,,,,,,
state_85367126bd9dd834c4eb71dc,2c_165952a69a69e7a8d3f6,2,binary_vle_english.xlsx,10.1016/j.fluid.2007.06.005,unverified,0.5,isobaric,0.9130434782608695,isobaric,344.47999999999996,346.8526611328125,,,0.0004425048828125,True,False,48,CC(C)CC(C)(C)C,mol_57615b5c3546c298,0.29500000000000004,0.34299999999999997,0.2488154023885727,1.7568292617797852,48.63364028930664,CCO,mol_f29e20f49d416e54,0.705,0.657,0.7511845827102661,1.1540502309799194,93.52849578857422,,,,,,,
state_856e7c03f022400a137e48a2,3c_f6a2de3ac0acbac84e4f,3,ternary_vle_english.xlsx,10.1016/j.fluid.2005.01.007,unverified,0.5,isobaric,0.9818181818181818,isobaric,330.12,326.8540954589844,,,0.00043487548828125,True,False,48,CC(C)=O,mol_e04cf77cea7bbe66,0.795,0.831,0.8565667867660522,1.032680869102478,105.69123840332031,CC(C)CC(C)(C)C,mol_57615b5c3546c298,0.050999999999999934,0.06700000000000006,0.0360647477209568,2.6965842247009277,26.56499671936035,CCO,mol_f29e20f49d416e54,0.154,0.102,0.10736852139234543,1.438460111618042,49.09864044189453
state_86c3493ac00e01646ae75f4a,2c_ca2ff513d4ae36f2f8e1,2,binary_vle_english.xlsx,10.1016/j.jct.2017.06.014,unverified,0.5,isobaric,0.9130434782608695,isobaric,360.85999999999996,365.2203369140625,,,0.0005645751953125,True,False,48,CCCO,mol_5fb2f93dc8caa9dc,0.529,0.464,0.5097059011459351,1.1519839763641357,84.72843170166016,O,mol_e81dc06beaa39499,0.471,0.536,0.49029406905174255,1.260054111480713,83.68702697753906,,,,,,,
state_871d94eaee68b292fe0c6f44,3c_c45f0751ac63a91a45e8,3,ternary_vle_english.xlsx,10.1016/j.fluid.2005.06.019,unverified,0.5,isobaric,0.9767441860465116,isobaric,383.65999999999997,384.60150146484375,,,0.00014495849609375,True,False,48,CC(=O)OCC(C)C,mol_e7eb29ad965cc8ee,0.577,0.509,0.5386043190956116,1.1465561389923096,82.47236633300781,CC(C)CO,mol_015d21fca05fcd26,0.387,0.484,0.4494492709636688,1.2397161722183228,94.89804077148438,CCCCCCO,mol_eb71ecc709e3f0dc,0.03600000000000003,0.007000000000000006,0.01194634661078453,1.4403600692749023,23.33841323852539
state_88356f12e036b60f36d6ab66,2c_42d2383a8e4daebeb5e1,2,binary_vle_english.xlsx,10.1016/j.fluid.2010.08.002,unverified,0.5,isobaric,0.9333333333333333,isobaric,354.60999999999996,355.5619812011719,,,5.7220458984375e-05,True,False,48,CCCCCCC,mol_fddb2c852c313396,0.93,0.961,0.970080554485321,1.0083608627319336,62.06696701049805,CCCOCCO,mol_770d75a3bb2412ce,0.06999999999999995,0.039000000000000035,0.029919451102614403,2.1266279220581055,12.059123039245605,,,,,,,
state_88be039f904a85c30445474b,2c_3c1769052d07951ac3d7,2,binary_vle_english.xlsx,10.1016/j.fluid.2016.08.011,passed,1.0,isobaric,0.9375,isobaric,348.53,349.62213134765625,,,-1.52587890625e-05,True,False,48,CC(C)O,mol_db030b5de88f8eaf,0.29100000000000004,0.29000000000000004,0.3009471595287323,1.2818498611450195,81.7276840209961,CCOC(C)=O,mol_18876b584acc43d4,0.709,0.71,0.6990528106689453,1.0239487886428833,97.54266357421875,,,,,,,
state_88f9f26ec19c16739115c370,3c_61bfd4ccc52903a74083,3,ternary_vle_english.xlsx,10.1016/j.fluid.2007.03.030,unverified,0.5,isobaric,0.9761904761904762,isobaric,359.12,361.7074279785156,,,3.0517578125e-05,True,False,48,CCCO,mol_5fb2f93dc8caa9dc,0.496,0.603,0.5055139660835266,1.3573189973831177,76.06394958496094,CCCOCCC,mol_e13b90e4aa2e917d,0.45,0.378,0.47837817668914795,1.225502371788025,87.8727035522461,CCOCCO,mol_ab8630148ae67e51,0.05400000000000005,0.019000000000000017,0.016107825562357903,1.0378679037094116,29.11456871032715
state_891a10ecd80191cf83f14f82,2c_972bb6b6305c64cb2237,2,binary_vle_english.xlsx,10.1016/j.jct.2017.07.019,unverified,0.5,isobaric,0.95,isobaric,334.4,335.3963623046875,,,2.288818359375e-05,True,False,48,ClC(Cl)Cl,mol_d9e0a2387a6283f9,0.9165,0.9421,0.9170048236846924,1.0049163103103638,100.85989379882812,OCC(F)(F)C(F)F,mol_48469952cf716332,0.0835,0.0579,0.08299518376588821,3.84208607673645,26.20647430419922,,,,,,,
state_89273aab8e881f3d6f471924,2c_d66c7a74cea5d8732e08,2,binary_vle_english.xlsx,10.1016/j.jct.2017.02.005,unverified,0.5,isobaric,0.96875,isobaric,353.10999999999996,355.5546875,,,-3.0517578125e-05,True,False,48,CC(C)O,mol_db030b5de88f8eaf,0.716,0.702,0.755495011806488,1.097318172454834,96.15814971923828,O,mol_e81dc06beaa39499,0.28400000000000003,0.29800000000000004,0.24450494349002838,1.3839045763015747,62.21043395996094,,,,,,,
state_8990291353ebfc90cfbfc4e6,2c_f33ec9a350eb94b685d6,2,binary_vle_english.xlsx,10.1016/j.jct.2011.10.025,unverified,0.5,isobaric,0.9545454545454546,isobaric,361.09,360.8750305175781,,,7.62939453125e-06,True,False,48,C1CCOCC1,mol_626f3d1f5bbb6f55,1.0,1.0,1.0,1.0,101.29994201660156,CC(C)CC(C)(C)C,mol_57615b5c3546c298,0.0,0.0,0.0,1.0248017311096191,71.40403747558594,,,,,,,
state_8a11cc7737d34f66bfa870e5,2c_50cae961bcfb98dfb10a,2,binary_vle_english.xlsx,10.1016/j.fluid.2013.05.019,passed,1.0,isobaric,0.8888888888888888,isobaric,346.25,350.0768737792969,,,0.00011444091796875,True,False,48,CC(C)=C(C)C,mol_ac85c03b48dc0205,0.99989,0.999951,0.9998428821563721,1.0,101.32540130615234,c1ccsc1,mol_7953343be0b435d5,0.00011,4.9e-05,0.0001571665343362838,1.7241771221160889,83.97003173828125,,,,,,,
state_8a22b948204c96972e19a6d6,2c_e584d9baea666806df78,2,binary_vle_english.xlsx,10.1016/j.jct.2010.02.001,unverified,0.5,isobaric,0.9444444444444444,isobaric,357.45,358.0238037109375,,,-3.4332275390625e-05,True,False,48,CCCCO,mol_ad4ef9c6c876ca2f,0.32120000000000004,0.14500000000000002,0.17225152254104614,0.8107168674468994,35.25699996948242,CCCO,mol_5fb2f93dc8caa9dc,0.6788,0.855,0.8277484774589539,0.9590020179748535,67.7741470336914,,,,,,,
state_8a359d1ae48b3c707757ae8c,2c_e584d9baea666806df78,2,binary_vle_english.xlsx,10.1016/j.jct.2010.02.001,unverified,0.5,isobaric,0.9444444444444444,isobaric,354.25,350.59033203125,,,-3.814697265625e-05,True,False,48,CCCCO,mol_ad4ef9c6c876ca2f,0.0,0.0,0.0,0.6577460169792175,26.903600692749023,CCCO,mol_5fb2f93dc8caa9dc,1.0,1.0,1.0,1.0,53.29997634887695,,,,,,,
state_8a67435a41a5b7498ee09707,2c_ba6de3f53ea6de13738b,2,binary_vle_english.xlsx,10.1016/j.fluid.2006.02.009,unverified,0.5,isobaric,0.95,isobaric,335.26,336.3460388183594,,,-1.52587890625e-05,True,False,48,CCC(C)Cl,mol_9f4835d3aad75f1c,0.9384,0.9897,0.9644156098365784,1.0084753036499023,81.52684783935547,Cc1ccccc1,mol_1c09299644053521,0.06159999999999999,0.010299999999999976,0.03558434918522835,1.9456623792648315,23.752016067504883,,,,,,,
state_8b1589f0f9b176de1fbe96a5,2c_50cae961bcfb98dfb10a,2,binary_vle_english.xlsx,10.1016/j.fluid.2013.05.019,passed,1.0,isobaric,0.8888888888888888,isobaric,346.25,350.078125,,,8.392333984375e-05,True,False,48,CC(C)=C(C)C,mol_ac85c03b48dc0205,0.999952,0.999978,0.9999313950538635,1.0,101.32805633544922,c1ccsc1,mol_7953343be0b435d5,4.8e-05,2.2e-05,6.858816050225869e-05,1.72427499294281,83.97307586669922,,,,,,,
state_8ba01ecc1d95a7968349e611,2c_42d2383a8e4daebeb5e1,2,binary_vle_english.xlsx,10.1016/j.fluid.2010.08.002,unverified,0.5,isobaric,0.9333333333333333,isobaric,355.91999999999996,358.9208068847656,,,-1.1444091796875e-05,True,False,48,CCCCCCC,mol_fddb2c852c313396,0.72,0.919,0.9184104204177856,1.1149567365646362,68.6431884765625,CCCOCCO,mol_770d75a3bb2412ce,0.28,0.08099999999999996,0.08158957958221436,1.2815147638320923,13.642822265625,,,,,,,
state_8c49eb1b06c2ba173f2afcd2,2c_e584d9baea666806df78,2,binary_vle_english.xlsx,10.1016/j.jct.2010.02.001,unverified,0.5,isobaric,0.9444444444444444,isobaric,354.45,352.25860595703125,,,7.62939453125e-05,True,False,48,CCCCO,mol_ad4ef9c6c876ca2f,0.07869999999999999,0.03600000000000003,0.02982465736567974,0.7058802843093872,28.615257263183594,CCCO,mol_5fb2f93dc8caa9dc,0.9213,0.964,0.9701753258705139,0.9968980550765991,56.302330017089844,,,,,,,
state_8ce987d68ea80c39aa7b7e11,2c_165952a69a69e7a8d3f6,2,binary_vle_english.xlsx,10.1016/j.fluid.2005.01.007,unverified,0.5,isobaric,0.9545454545454546,isobaric,344.44,347.0610046386719,,,0.0002899169921875,True,False,48,CC(C)CC(C)(C)C,mol_57615b5c3546c298,0.348,0.352,0.26643258333206177,1.5855897665023804,48.92303466796875,CCO,mol_f29e20f49d416e54,0.652,0.648,0.7335674166679382,1.2111519575119019,94.12173461914062,,,,,,,
state_8d5829d363e24ea643299dfa,2c_4e1effd6e44016fa9e71,2,binary_vle_english.xlsx,10.1016/j.fluid.2019.03.022,passed,1.0,isobaric,0.95,isobaric,331.55999999999995,331.2060852050781,,,0.00031280517578125,True,False,48,CO,mol_a85d32e4db2ff39c,0.6759999999999999,0.633,0.6931235194206238,1.0956472158432007,94.79898834228516,c1ccccc1,mol_7165dcf6be1f831d,0.324,0.367,0.3068764805793762,1.7132717370986938,56.001914978027344,,,,,,,
state_90360cb0be2ff4716c9ef493,2c_9f331b7867f625e21322,2,binary_vle_english.xlsx,10.1016/j.jct.2015.03.013,unverified,0.5,isobaric,0.9090909090909091,isobaric,353.7,353.5771789550781,,,0.00063323974609375,True,False,48,CCC(C)=O,mol_4cfc5db0ca2ab00b,0.555,0.9005,0.8025573492050171,1.2901593446731567,83.50254821777344,COCCO,mol_d291b272a64498d9,0.44499999999999995,0.09950000000000003,0.1974426805973053,1.0245684385299683,32.26265335083008,,,,,,,
state_90382afbabcdd638dd2bc11e,2c_d66c7a74cea5d8732e08,2,binary_vle_english.xlsx,10.1016/j.jct.2006.04.006,unverified,0.5,isobaric,0.9444444444444444,isobaric,353.15999999999997,355.9935302734375,,,-7.62939453125e-06,True,False,48,CC(C)O,mol_db030b5de88f8eaf,0.711,0.698,0.7517319917678833,1.100743293762207,97.30081939697266,O,mol_e81dc06beaa39499,0.28900000000000003,0.30200000000000005,0.2482679784297943,1.379651665687561,63.075767517089844,,,,,,,
state_9064c2eb6ab24bcb8d2d5145,2c_f4a55bc5fa0e7d69faf8,2,binary_vle_english.xlsx,10.1016/j.fluid.2012.12.021,unverified,0.5,isobaric,0.9545454545454546,isobaric,342.27,340.82440185546875,,,0.0,True,False,48,C1CCOCC1,mol_626f3d1f5bbb6f55,0.669,0.787,0.7621281147003174,1.0370628833770752,54.92460632324219,CCC(C)O,mol_06affb0d2c6c8ff2,0.331,0.213,0.23787185549736023,1.0855599641799927,33.10026550292969,,,,,,,
state_90ef9ab23e6f96c18cc0b21b,2c_72801d7427f9871710ea,2,binary_vle_english.xlsx,10.1016/j.jct.2013.08.011,unverified,0.5,isobaric,0.95,isobaric,352.90999999999997,351.587890625,,,-5.340576171875e-05,True,False,48,CC#N,mol_7028b7cbd3d829b4,0.78,0.748,0.846062183380127,1.0448698997497559,105.16093444824219,CCCO,mol_5fb2f93dc8caa9dc,0.21999999999999997,0.252,0.15393775701522827,1.2869035005569458,55.078922271728516,,,,,,,
state_9114c88fbd71ebc9f31fefb7,2c_079ccab2da1cc47051a9,2,binary_vle_english.xlsx,10.1016/j.fluid.2006.02.009,unverified,0.5,isobaric,0.9523809523809523,isobaric,334.77,336.5690002441406,,,8.7738037109375e-05,True,False,48,CCCCCl,mol_f7989a5c13417f20,0.8848,0.9609,0.9352801442146301,1.004635214805603,56.0810661315918,Cc1ccccc1,mol_1c09299644053521,0.11519999999999997,0.039100000000000024,0.06471982598304749,1.2517635822296143,23.92162322998047,,,,,,,
state_92e44961f855898f59fe8ae5,2c_6eb2e45afed5017e5e33,2,binary_vle_english.xlsx,10.1016/j.fluid.2014.09.021,unverified,0.5,isobaric,0.95,isobaric,385.21,379.2207946777344,,,-3.814697265625e-05,True,False,48,CCC(C)OC(C)=O,mol_879306ab1082c162,0.963,0.978,0.9674376845359802,1.003280758857727,101.43392944335938,CN(C)C=O,mol_ca12d6d2f2ffb170,0.03700000000000003,0.02200000000000002,0.032562337815761566,2.924924612045288,30.479524612426758,,,,,,,
state_94e0dffd9f7febd5c90bf93c,2c_277a9b0f8ca81825906f,2,binary_vle_english.xlsx,10.1016/j.fluid.2013.01.015,passed,1.0,isobaric,0.9333333333333333,isobaric,349.13,343.56268310546875,,,9.5367431640625e-06,True,False,48,CCCCCCCC,mol_8151bb583f7f3ebd,1.0,1.0,1.0,1.0,19.999963760375977,Cc1ccccc1C,mol_61c4de85d258b45d,0.0,0.0,0.0,0.25685104727745056,12.103827476501465,,,,,,,
state_95934818c58b237bd539bf65,2c_d89740e05ac3f0ccc959,2,binary_vle_english.xlsx,10.1016/j.fluid.2008.09.010,passed,1.0,isobaric,0.9411764705882353,isobaric,331.09999999999997,323.9148864746094,,,8.58306884765625e-06,True,False,48,CS(C)=O,mol_7d3e12eaed0f467c,0.1854,0.0024999999999999467,0.005026453640311956,0.3413618505001068,1.058684229850769,O,mol_e81dc06beaa39499,0.8146,0.9975,0.9949735403060913,0.7819811105728149,20.820940017700195,,,,,,,
state_972c22b35388c599c01e05bc,2c_6ce3ca627d5d8bfa6a1b,2,binary_vle_english.xlsx,10.1016/j.fluid.2018.07.013,unverified,0.5,isobaric,0.95,isobaric,332.15,336.0646667480469,,,0.0001220703125,True,False,48,CCCCCC,mol_c55e04e90e298cf6,0.6158,0.6158,0.5705350041389465,1.249630331993103,75.1053237915039,CCO,mol_f29e20f49d416e54,0.3842,0.3842,0.42946499586105347,1.6977485418319702,66.69706726074219,,,,,,,
state_9846dbbe64fbd50e1a9fdcdd,2c_132d59f7f663b60d969d,2,binary_vle_english.xlsx,10.1016/j.fluid.2006.02.002,unverified,0.5,isobaric,0.9545454545454546,isobaric,407.99,408.8894958496094,,,6.866455078125e-05,True,False,48,CC(=O)O,mol_9ac385b135af0125,0.7935,0.9877,0.9779374003410339,0.9449926018714905,132.1521759033203,CN1CCCC1=O,mol_f50e4145cb9a22d5,0.20650000000000002,0.012299999999999978,0.022062554955482483,0.5169814229011536,20.941099166870117,,,,,,,
state_98a8cec1f28b82cab95e47bf,2c_d66c7a74cea5d8732e08,2,binary_vle_english.xlsx,10.1016/j.fluid.2014.02.006,unverified,0.5,isobaric,0.9411764705882353,isobaric,353.29999999999995,356.83062744140625,,,-3.0517578125e-05,True,False,48,CC(C)O,mol_db030b5de88f8eaf,0.591,0.638,0.6788865923881531,1.1693683862686157,99.51016235351562,O,mol_e81dc06beaa39499,0.40900000000000003,0.362,0.32111337780952454,1.22822904586792,64.75373077392578,,,,,,,
state_99cc9fbb0e833a7a8f4a7b15,2c_e923997b8f9df5a64a73,2,binary_vle_english.xlsx,10.1016/j.fluid.2018.03.011,unverified,0.5,isobaric,0.9090909090909091,isobaric,334.34999999999997,335.18408203125,,,-3.0517578125e-05,True,False,48,CC(C)O,mol_db030b5de88f8eaf,0.10199999999999998,0.08899999999999997,0.09951654821634293,1.8400945663452148,53.711097717285156,ClC(Cl)Cl,mol_d9e0a2387a6283f9,0.898,0.911,0.9004834294319153,1.012709140777588,100.30525970458984,,,,,,,
state_9aac3e1cec8264eeb214e88e,2c_dc191206ee879c89c4e5,2,binary_vle_english.xlsx,10.1016/j.jct.2003.09.001,unverified,0.5,isobaric,0.9285714285714286,isobaric,347.59,349.4258117675781,,,-1.1444091796875e-05,True,False,48,C1COCCO1,mol_d365f2fae67d24f2,0.8075,0.8379,0.7920969128608704,1.026340365409851,38.23003387451172,CC(C)CO,mol_015d21fca05fcd26,0.1925,0.16210000000000002,0.20790308713912964,1.3027111291885376,33.16212844848633,,,,,,,
state_9b07acb320eef05db7e0d3f7,2c_7089ceccf9a6ce828d93,2,binary_vle_english.xlsx,10.1016/j.fluid.2018.07.013,unverified,0.5,isobaric,0.9545454545454546,isobaric,349.04999999999995,348.8731994628906,,,6.866455078125e-05,True,False,48,CCCCCCCC,mol_8151bb583f7f3ebd,0.27880000000000005,0.1523,0.11368109285831451,1.7178055047988892,24.045339584350586,CCO,mol_f29e20f49d416e54,0.7212,0.8477,0.8863189220428467,1.2522974014282227,99.41142272949219,,,,,,,
state_9b39ccbf6b2038852f225cfc,2c_e0ef8174c7b6fc15273a,2,binary_vle_english.xlsx,10.1016/j.fluid.2005.06.024,unverified,0.5,isobaric,0.9743589743589743,isobaric,332.84999999999997,328.58428955078125,,,0.00017547607421875,True,False,48,CC(C)=O,mol_e04cf77cea7bbe66,0.8827,0.9916,0.9798611998558044,1.0209689140319824,110.16819763183594,CCOC(=O)OCC,mol_4df2781fcf4d4a77,0.11729999999999996,0.008399999999999963,0.02013877034187317,1.3351548910140991,13.029287338256836,,,,,,,
state_9bcb31b32d731943b8b2d4a1,3c_e0e1cd9a389a64136bfe,3,ternary_vle_english.xlsx,10.1016/j.fluid.2013.10.060,unverified,0.5,isobaric,0.9736842105263158,isobaric,331.45,336.2708740234375,,,0.0,True,False,48,C1CCOCC1,mol_626f3d1f5bbb6f55,0.119,0.052000000000000046,0.08330778777599335,1.390881896018982,47.312538146972656,CCCCCC,mol_c55e04e90e298cf6,0.686,0.649,0.616539716720581,1.1180592775344849,75.56139373779297,CCO,mol_f29e20f49d416e54,0.195,0.299,0.3001525104045868,2.1549313068389893,67.1431655883789
state_9bfefa19a49295c05b3236fa,3c_c45f0751ac63a91a45e8,3,ternary_vle_english.xlsx,10.1016/j.fluid.2005.06.019,unverified,0.5,isobaric,0.9767441860465116,isobaric,384.21,385.6717529296875,,,0.00025177001953125,True,False,48,CC(=O)OCC(C)C,mol_e7eb29ad965cc8ee,0.401,0.383,0.4141991436481476,1.2359439134597778,84.65961456298828,CC(C)CO,mol_015d21fca05fcd26,0.497,0.599,0.5547980666160583,1.157562255859375,97.688720703125,CCCCCCO,mol_eb71ecc709e3f0dc,0.10199999999999998,0.018000000000000016,0.031002799049019814,1.2705607414245605,24.23346710205078
state_9c3cd7d0f44bb79dae4ede94,2c_0cbe98474ca1c811520c,2,binary_vle_english.xlsx,10.1016/j.fluid.2006.08.004,unverified,0.5,isobaric,0.9473684210526315,isobaric,342.57,348.788818359375,,,1.52587890625e-05,True,False,48,CC(C)CC(C)(C)C,mol_57615b5c3546c298,0.050000000000000044,0.02300000000000002,0.04689846560359001,1.8494131565093994,51.376426696777344,CC(C)OC(C)C,mol_1a0ca8e5eeb68da8,0.95,0.977,0.9531015753746033,1.002687692642212,101.35826110839844,,,,,,,
state_9cd2752064fd5b1552496af6,2c_cf0c7a81519bf48241a1,2,binary_vle_english.xlsx,10.1016/j.fluid.2007.03.030,unverified,0.5,isobaric,0.9545454545454546,isobaric,364.35999999999996,367.080322265625,,,0.00067901611328125,True,False,48,CCCOCCC,mol_e13b90e4aa2e917d,0.877,0.931,0.9116144776344299,1.0355401039123535,101.68497467041016,CCOCCO,mol_ab8630148ae67e51,0.123,0.06899999999999995,0.08838550746440887,2.08636736869812,34.88970184326172,,,,,,,
state_9d328e82591d193dabb30ead,2c_112489fd04ba2d890a8f,2,binary_vle_english.xlsx,10.1016/j.fluid.2014.03.027,unverified,0.5,isobaric,0.9090909090909091,isobaric,338.9,347.8541259765625,,,3.814697265625e-05,True,False,48,C1CCOC1,mol_c59bfa659357f795,0.954,0.951,0.9200613498687744,1.001686930656433,97.53168487548828,CCO,mol_f29e20f49d416e54,0.04600000000000004,0.049000000000000044,0.07993867248296738,1.8259773254394531,96.40799713134766,,,,,,,
state_9dc87fe88170912e0d634ad0,2c_d66c7a74cea5d8732e08,2,binary_vle_english.xlsx,10.1016/j.jct.2006.04.006,unverified,0.5,isobaric,0.8947368421052632,isobaric,353.16999999999996,355.81243896484375,,,3.814697265625e-05,True,False,48,CC(C)O,mol_db030b5de88f8eaf,0.761,0.735,0.7812049388885498,1.073961615562439,96.82798767089844,O,mol_e81dc06beaa39499,0.239,0.265,0.2187950164079666,1.4786322116851807,62.71749496459961,,,,,,,
state_9e5c01b09cae80cdb6b150d5,2c_b0bc67c353a1662f4845,2,binary_vle_english.xlsx,10.1016/j.fluid.2012.09.019,passed,1.0,isobaric,0.9285714285714286,isobaric,359.80999999999995,359.1398010253906,,,9.5367431640625e-06,True,False,48,CCCCCCCCCC,mol_91b5da48af8329ea,0.0,0.0,0.0,0.9187232851982117,6.98242712020874,Cc1ccc(C)cc1,mol_e7658ba520613aac,1.0,1.0,1.0,1.0,19.999963760375977,,,,,,,
state_9edd0496041b5bc0af4fbbe6,2c_03bd4325b126d2709459,2,binary_vle_english.xlsx,10.1016/j.fluid.2011.10.009,unverified,0.5,isobaric,0.9333333333333333,isobaric,353.7,352.31488037109375,,,0.00020599365234375,True,False,48,C1CCCCC1,mol_893981623557f359,1.0,1.0,1.0,1.0,101.30014038085938,CCCCCCCCC,mol_dd70207e50d8bf63,0.0,0.0,0.0,1.228831171989441,12.277000427246094,,,,,,,
state_9ee1f73723127c9956d6fc78,3c_1a08c4f653f7d812cdc9,3,ternary_vle_english.xlsx,10.1016/j.jct.2019.03.036,unverified,0.5,isobaric,0.972972972972973,isobaric,372.95,374.80499267578125,,,-7.62939453125e-05,True,False,48,CCCOC(C)=O,mol_67043ae833ecd0c7,0.0823,0.1019,0.08953271806240082,1.229405164718628,89.63874053955078,CCOC(C)=O,mol_18876b584acc43d4,0.4131,0.8724,0.8671740889549255,1.1875346899032593,179.0662078857422,CS(C)=O,mol_7d3e12eaed0f467c,0.5045999999999999,0.025700000000000056,0.04329320415854454,0.9872646331787109,8.803345680236816
state_9f063bddcb1aa2aa70905577,2c_35cc53cd52979773cfcb,2,binary_vle_english.xlsx,10.1016/j.fluid.2015.08.014,unverified,0.5,isobaric,0.9473684210526315,isobaric,338.44,335.6577453613281,,,6.866455078125e-05,True,False,48,CO,mol_a85d32e4db2ff39c,0.957,1.0,0.999583899974823,0.988634467124939,107.02396392822266,CS(C)=O,mol_7d3e12eaed0f467c,0.04300000000000004,0.0,0.00041609638719819486,0.5364765524864197,1.827191948890686,,,,,,,
state_a08a1d7a5c2622504d521bfb,2c_7b12ee2d0e35e39326bc,2,binary_vle_english.xlsx,10.1016/j.fluid.2011.08.007,unverified,0.5,isobaric,0.9666666666666667,isobaric,336.0,331.00616455078125,,,0.0002899169921875,True,False,48,CCOCCO,mol_ab8630148ae67e51,0.01100000000000001,0.0010000000000000009,0.0010820194147527218,0.9924315810203552,9.24949836730957,CO,mol_a85d32e4db2ff39c,0.989,0.999,0.9989179968833923,0.9997814893722534,94.27679443359375,,,,,,,
state_a2393a8cd5c774ac8dd86961,2c_31c2824ab8cdf543aad1,2,binary_vle_english.xlsx,10.1016/j.fluid.2018.06.017,passed,1.0,isobaric,0.9375,isobaric,346.0,345.89044189453125,,,0.00084686279296875,True,False,48,CC#N,mol_7028b7cbd3d829b4,0.539,0.494,0.5325096845626831,1.103320837020874,90.70886993408203,CCO,mol_f29e20f49d416e54,0.46099999999999997,0.506,0.4674902856349945,1.1310069561004639,90.82788848876953,,,,,,,
state_a278804c621ac4fff5c6a298,2c_50cae961bcfb98dfb10a,2,binary_vle_english.xlsx,10.1016/j.fluid.2013.05.019,passed,1.0,full_state,0.5714285714285714,isobaric,346.27,350.06634521484375,,,0.0001068115234375,True,False,48,CC(C)=C(C)C,mol_ac85c03b48dc0205,0.999376,0.999683,0.999109148979187,1.000000238418579,101.30308532714844,c1ccsc1,mol_7953343be0b435d5,0.000624,0.000317,0.0008908697054721415,1.7233656644821167,83.94425201416016,,,,,,,
state_a2aedc67a282de4efccd3d13,2c_4c362b8bfe2b289cf5ff,2,binary_vle_english.xlsx,10.1016/j.fluid.2016.06.022,passed,1.0,isobaric,0.8571428571428571,isobaric,348.45,346.74542236328125,,,0.00025177001953125,True,False,48,CC#N,mol_7028b7cbd3d829b4,0.404,0.386,0.4365908205509186,1.1800057888031006,92.77251434326172,CCOC(C)=O,mol_18876b584acc43d4,0.596,0.614,0.5634092092514038,1.0582032203674316,90.49380493164062,,,,,,,
state_a2bb4c3fd1d0997a8940252d,2c_50cae961bcfb98dfb10a,2,binary_vle_english.xlsx,10.1016/j.fluid.2013.05.019,passed,1.0,full_state,0.5714285714285714,isobaric,346.27,350.075927734375,,,0.00012969970703125,True,False,48,CC(C)=C(C)C,mol_ac85c03b48dc0205,0.999844,0.999926,0.9997771382331848,1.0,101.32341766357422,c1ccsc1,mol_7953343be0b435d5,0.000156,7.4e-05,0.00022287515457719564,1.724104642868042,83.96771240234375,,,,,,,
state_a41390ca33869443d4c6db12,2c_6cdeaa0b12c0bcad5378,2,binary_vle_english.xlsx,10.1016/j.jct.2012.01.020,passed,1.0,isothermal,0.9,isothermal,,,18.970039775616,20.466629028320312,-1.9073486328125e-06,True,False,48,CC(C)CC(C)(C)C,mol_57615b5c3546c298,0.5,0.33499999999999996,0.32922616600990295,0.9588245153427124,14.055020332336426,CCOC(C)=O,mol_18876b584acc43d4,0.5,0.665,0.6707738637924194,0.9503961801528931,28.890010833740234,,,,,,,
state_a448616393beeb31977a9b8f,2c_b399893600891028146a,2,binary_vle_english.xlsx,10.1016/j.fluid.2016.10.024,unverified,0.5,isothermal,0.9523809523809523,isothermal,,,53.190025292544,46.73639678955078,-3.814697265625e-06,True,False,48,CC(C)=O,mol_e04cf77cea7bbe66,0.272,0.731,0.6278923749923706,0.8795678615570068,122.6597671508789,CCC(C)O,mol_06affb0d2c6c8ff2,0.728,0.269,0.3721076250076294,0.9559670090675354,24.989036560058594,,,,,,,
state_a51234b4efdb05d86508bbb4,2c_4cc4055379eb0154120e,2,binary_vle_english.xlsx,10.1016/j.fluid.2010.01.006,unverified,0.5,isothermal,0.9629629629629629,isothermal,,,331.80004385344,400.1793212890625,3.0517578125e-05,True,False,48,CCCC,mol_fadb5806094149e6,0.7484,0.9779,0.9837965369224548,1.1993612051010132,438.607666015625,CCSCC,mol_a7491cfbf016fee6,0.25160000000000005,0.02210000000000001,0.016203444451093674,1.5001373291015625,17.179889678955078,,,,,,,
state_a61466152ff55695239cf65d,2c_23001626ba9c10a2709a,2,binary_vle_english.xlsx,10.1016/j.fluid.2011.06.001,unverified,0.5,isothermal,0.9166666666666666,isothermal,,,18.525009711232002,17.508176803588867,0.0,True,False,48,CC(C)(C)Cl,mol_cbd731ac6eef5e90,0.3852,0.567,0.41447046399116516,0.5863197445869446,32.13022232055664,CC(C)OC(C)C,mol_1a0ca8e5eeb68da8,0.6148,0.43300000000000005,0.5855295062065125,0.8630970120429993,19.319517135620117,,,,,,,
state_a82af3c78c738311b8e0a860,2c_50cae961bcfb98dfb10a,2,binary_vle_english.xlsx,10.1016/j.fluid.2013.05.019,passed,1.0,full_state,0.5714285714285714,isothermal,,,101.330065929984,93.49540710449219,-7.62939453125e-06,True,False,48,CC(C)=C(C)C,mol_ac85c03b48dc0205,0.999582,0.999803,0.9994520545005798,1.0,93.48324584960938,c1ccsc1,mol_7953343be0b435d5,0.000418,0.000197,0.0005479464307427406,1.6329174041748047,75.0564193725586,,,,,,,
state_a945f7497a43a21e3a7b23db,2c_6f361cb0ec8be0b0e6dd,2,binary_vle_english.xlsx,10.1016/j.jct.2012.11.005,unverified,0.5,isothermal,0.9166666666666666,isothermal,,,41.760032039167996,42.22981262207031,-3.814697265625e-06,True,False,48,CC(C)OC(C)C,mol_1a0ca8e5eeb68da8,0.895,0.821,0.8846995830535889,1.0093374252319336,41.35762023925781,CCO,mol_f29e20f49d416e54,0.10499999999999998,0.17900000000000005,0.11530042439699173,1.5403441190719604,30.105300903320312,,,,,,,
state_a9869d861f0bd2e81f12e707,2c_4cc4055379eb0154120e,2,binary_vle_english.xlsx,10.1016/j.fluid.2010.01.006,unverified,0.5,isothermal,0.9285714285714286,isothermal,,,246.699976391936,303.66729736328125,3.0517578125e-05,True,False,48,CCCC,mol_fadb5806094149e6,0.5005,0.9524,0.9710185527801514,1.3432142734527588,438.607666015625,CCSCC,mol_a7491cfbf016fee6,0.49950000000000006,0.047599999999999976,0.02898140624165535,1.0255613327026367,17.179889678955078,,,,,,,
state_a9de8d5cb2b1f82bd3cb470b,2c_c879fc0732268fc652fa,2,binary_vle_english.xlsx,10.1016/j.fluid.2011.06.001,passed,1.0,isothermal,0.9166666666666666,isothermal,,,8.845005860224001,8.827524185180664,0.0,True,False,48,CC(C)OC(C)C,mol_1a0ca8e5eeb68da8,0.09609999999999996,0.14639999999999997,0.06582558900117874,0.3129781186580658,19.319517135620117,CCCCCl,mol_f7989a5c13417f20,0.9039,0.8536,0.9341744780540466,0.9815983772277832,9.294214248657227,,,,,,,
state_a9ee9b05aa1615e6cb4327d3,2c_b399893600891028146a,2,binary_vle_english.xlsx,10.1016/j.fluid.2016.10.024,unverified,0.5,isothermal,0.9523809523809523,isothermal,,,109.50006064102399,119.63191223144531,7.62939453125e-06,True,False,48,CC(C)=O,mol_e04cf77cea7bbe66,0.942,0.986,0.9736238718032837,1.0080573558807373,122.6597671508789,CCC(C)O,mol_06affb0d2c6c8ff2,0.05800000000000005,0.014000000000000012,0.02637610211968422,2.1771090030670166,24.989036560058594,,,,,,,
state_aa52be9ef5a8d76733493921,3c_65250b1389afa8bc1bcc,3,ternary_vle_english.xlsx,10.1016/j.fluid.2013.01.020,unverified,0.5,isothermal,0.9655172413793104,isothermal,,,38.740013759232,40.45703887939453,0.0,True,False,48,CC(=O)C(C)C,mol_b650f1cc3cac74aa,0.21660000000000001,0.11240000000000006,0.09941884130239487,1.2412488460540771,14.960477828979492,CC(C)C(C)C,mol_7347d05012022dd9,0.1655,0.2818,0.2447877824306488,1.0729289054870605,55.771827697753906,CC(C)OC(C)C,mol_1a0ca8e5eeb68da8,0.6179,0.6058,0.6557934284210205,1.0382152795791626,41.35762023925781
state_aaebf66fab9a6ee25f681c48,3c_485aadc678c8a7fb274c,3,ternary_vle_english.xlsx,10.1016/j.fluid.2011.05.011,unverified,0.5,isothermal,0.9642857142857143,isothermal,,,15.650046167680001,16.307998657226562,0.0,True,False,48,CC(=O)CC(C)C,mol_0a895444a9f0f36b,0.5276000000000001,0.5457000000000001,0.5494810342788696,1.0563945770263672,16.0776424407959,CC(C)CC(C)(C)C,mol_57615b5c3546c298,0.0032,0.0188,0.006620338186621666,1.0416958332061768,32.388431549072266,CC(C)CO,mol_015d21fca05fcd26,0.4692,0.4355,0.4438987076282501,0.815811038017273,18.911977767944336
state_aafbcd008223abc3923cc15e,3c_485aadc678c8a7fb274c,3,ternary_vle_english.xlsx,10.1016/j.fluid.2011.05.011,unverified,0.5,isothermal,0.9642857142857143,isothermal,,,32.18001996416,30.86547088623047,0.0,True,False,48,CC(=O)CC(C)C,mol_0a895444a9f0f36b,0.11129999999999995,0.06899999999999995,0.06353676319122314,1.0959240198135376,16.0776424407959,CC(C)CC(C)(C)C,mol_57615b5c3546c298,0.6219,0.7187,0.7350298166275024,1.126334547996521,32.388431549072266,CC(C)CO,mol_015d21fca05fcd26,0.2668,0.2123,0.20143337547779083,1.232201099395752,18.911977767944336
state_ac143c4a5c4e280d2208506b,3c_485aadc678c8a7fb274c,3,ternary_vle_english.xlsx,10.1016/j.fluid.2011.05.011,unverified,0.5,isothermal,0.9642857142857143,isothermal,,,31.019982040192,30.746002197265625,0.0,True,False,48,CC(=O)CC(C)C,mol_0a895444a9f0f36b,0.19020000000000004,0.13130000000000008,0.11734712868928909,1.179853916168213,16.0776424407959,CC(C)CC(C)(C)C,mol_57615b5c3546c298,0.7177,0.7454,0.7992715239524841,1.0571829080581665,32.388431549072266,CC(C)CO,mol_015d21fca05fcd26,0.0921,0.1233,0.08338138461112976,1.471841812133789,18.911977767944336
state_ac70f23977062750137f2ac0,2c_8742372ba72e435a7962,2,binary_vle_english.xlsx,10.1016/j.fluid.2013.01.020,unverified,0.5,isothermal,0.9473684210526315,isothermal,,,31.620066018559996,22.20873260498047,-1.9073486328125e-06,True,False,48,CC(=O)C(C)C,mol_b650f1cc3cac74aa,0.8126,0.367,0.5426346659660339,0.9913089275360107,14.960477828979492,CC(C)C(C)C,mol_7347d05012022dd9,0.1874,0.633,0.4573653042316437,0.9718573093414307,55.771827697753906,,,,,,,
state_ae41bbd4bc173f9e8b8d644e,3c_a6f39dd395c2cfcf800d,3,ternary_vle_english.xlsx,10.1016/j.fluid.2009.01.016,unverified,0.5,isothermal,0.9333333333333333,isothermal,,,10.700053288576001,9.652591705322266,0.0,True,False,48,CC(=O)C(C)(C)C,mol_61a887e37d396488,0.6802,0.7989,0.8420971632003784,0.9064030051231384,13.184029579162598,CC(C)(C)CO,mol_dfb42f12fdc989ed,0.31679999999999997,0.1795,0.14935585856437683,0.5030134320259094,9.046934127807617,COC(C)(C)C,mol_b614d6fea320c179,0.003,0.0216,0.008546926081180573,0.394744873046875,69.66523742675781
state_aeb330886f1514103f2174b1,3c_485aadc678c8a7fb274c,3,ternary_vle_english.xlsx,10.1016/j.fluid.2011.05.011,unverified,0.5,isothermal,0.9642857142857143,isothermal,,,27.649992544255998,23.6302490234375,0.0,True,False,48,CC(=O)CC(C)C,mol_0a895444a9f0f36b,0.11199999999999999,0.07790000000000008,0.06920405477285385,0.9081538319587708,16.0776424407959,CC(C)CC(C)(C)C,mol_57615b5c3546c298,0.2349,0.5877,0.43026503920555115,1.3363845348358154,32.388431549072266,CC(C)CO,mol_015d21fca05fcd26,0.6531,0.3344,0.5005308985710144,0.9575964212417603,18.911977767944336
state_aee74d378accb11a2c6d9cea,2c_40e8c463ab1ddecad6ca,2,binary_vle_english.xlsx,10.1016/j.fluid.2014.12.025,unverified,0.5,isothermal,0.8,isothermal,,,14.599999197312,14.522375106811523,0.0,True,False,48,CCCCCCC,mol_fddb2c852c313396,0.167,0.2822,0.12920047342777252,0.5317459106445312,21.129106521606445,Cc1ccccc1,mol_1c09299644053521,0.833,0.7178,0.8707995414733887,0.9893537163734436,15.34472942352295,,,,,,,
state_af20e386ca1b289bdfc966d4,2c_6f361cb0ec8be0b0e6dd,2,binary_vle_english.xlsx,10.1016/j.jct.2012.11.005,unverified,0.5,isothermal,0.9166666666666666,isothermal,,,34.900062916096,32.390052795410156,0.0,True,False,48,CC(C)OC(C)C,mol_1a0ca8e5eeb68da8,0.179,0.546,0.2526467740535736,1.105393409729004,41.35762023925781,CCO,mol_f29e20f49d416e54,0.821,0.45399999999999996,0.7473531365394592,0.9793804287910461,30.105300903320312,,,,,,,
state_b075464ea6d1ca8dfebda641,2c_b399893600891028146a,2,binary_vle_english.xlsx,10.1016/j.fluid.2016.10.024,unverified,0.5,isothermal,0.9523809523809523,isothermal,,,95.040049930112,109.48814392089844,0.0,True,False,48,CC(C)=O,mol_e04cf77cea7bbe66,0.762,0.933,0.9339397549629211,1.0940290689468384,122.6597671508789,CCC(C)O,mol_06affb0d2c6c8ff2,0.238,0.06699999999999995,0.06606019288301468,1.216131329536438,24.989036560058594,,,,,,,
state_b089f87192a02b28b16b46b6,3c_485aadc678c8a7fb274c,3,ternary_vle_english.xlsx,10.1016/j.fluid.2011.05.011,unverified,0.5,isothermal,0.9642857142857143,isothermal,,,16.90994254528,16.585681915283203,0.0,True,False,48,CC(=O)CC(C)C,mol_0a895444a9f0f36b,0.25529999999999997,0.28800000000000003,0.23227918148040771,0.938578188419342,16.0776424407959,CC(C)CC(C)(C)C,mol_57615b5c3546c298,0.0253,0.1567,0.05750730633735657,1.1639810800552368,32.388431549072266,CC(C)CO,mol_015d21fca05fcd26,0.7194,0.5553,0.7102134823799133,0.8657945990562439,18.911977767944336
state_b181a4dce7d4b96b634e314c,2c_8742372ba72e435a7962,2,binary_vle_english.xlsx,10.1016/j.fluid.2013.01.020,unverified,0.5,isothermal,0.9473684210526315,isothermal,,,40.0400401696,33.18278503417969,-3.814697265625e-06,True,False,48,CC(=O)C(C)C,mol_b650f1cc3cac74aa,0.6464,0.24970000000000003,0.2922550141811371,1.0028314590454102,14.960477828979492,CC(C)C(C)C,mol_7347d05012022dd9,0.3536,0.7503,0.7077450156211853,1.1908648014068604,55.771827697753906,,,,,,,
state_b5503c487f2ebbbfb8abcfd6,3c_a6f39dd395c2cfcf800d,3,ternary_vle_english.xlsx,10.1016/j.fluid.2009.01.016,unverified,0.5,isothermal,0.9333333333333333,isothermal,,,43.150051047935996,43.05067443847656,-3.814697265625e-06,True,False,48,CC(=O)C(C)(C)C,mol_61a887e37d396488,0.3901,0.1266,0.11726368218660355,0.9815655946731567,13.184029579162598,CC(C)(C)CO,mol_dfb42f12fdc989ed,0.1461,0.02320000000000011,0.03184893727302551,1.037345051765442,9.046934127807617,COC(C)(C)C,mol_b614d6fea320c179,0.4638,0.8502,0.8508873581886292,1.1337182521820068,69.66523742675781
state_b75a79bbcb2172879d70b751,2c_d498cbbd8f767d43f3e7,2,binary_vle_english.xlsx,10.1016/j.fluid.2011.06.001,unverified,0.5,isothermal,0.9230769230769231,isothermal,,,13.345035747328,15.644968032836914,-9.5367431640625e-07,True,False,48,CC(C)OC(C)C,mol_1a0ca8e5eeb68da8,0.025900000000000034,0.025800000000000045,0.010100146755576134,0.31579574942588806,19.319517135620117,CCC(C)Cl,mol_9f4835d3aad75f1c,0.9741,0.9742,0.9898998737335205,0.9986703991889954,15.91989517211914,,,,,,,
state_b7be5624f060f2f4a86908e2,2c_ab90a05e58432c71abba,2,binary_vle_english.xlsx,10.1016/j.fluid.2011.05.011,unverified,0.5,isothermal,0.9411764705882353,isothermal,,,28.129953069055997,28.90196990966797,0.0,True,False,48,CC(=O)CC(C)C,mol_0a895444a9f0f36b,0.35929999999999995,0.262,0.22429876029491425,1.1222115755081177,16.0776424407959,CC(C)CC(C)(C)C,mol_57615b5c3546c298,0.6407,0.738,0.7757012844085693,1.0803818702697754,32.388431549072266,,,,,,,
state_b7f2faaf2d5658eea2898a3a,2c_98afb8e6c65a310db5e0,2,binary_vle_english.xlsx,10.1016/j.jct.2012.12.026,unverified,0.5,isothermal,0.8181818181818182,isothermal,,,126.30001223270399,149.17034912109375,0.0,True,False,48,F/C=C/C(F)(F)F,mol_0e763ba6787b2749,0.729,0.7010000000000001,0.785592257976532,0.9243740439414978,173.90194702148438,FC(F)C(F)F,mol_fccff6221e62b4bc,0.271,0.299,0.2144077569246292,0.6460387110710144,182.6817626953125,,,,,,,
state_b870ee3b356866a9ef9ed6ed,2c_50cae961bcfb98dfb10a,2,binary_vle_english.xlsx,10.1016/j.fluid.2013.05.019,passed,1.0,full_state,0.5714285714285714,isothermal,,,101.330065929984,93.48959350585938,-7.62939453125e-06,True,False,48,CC(C)=C(C)C,mol_ac85c03b48dc0205,0.999782,0.999901,0.999714195728302,1.0,93.48324584960938,c1ccsc1,mol_7953343be0b435d5,0.000218,9.9e-05,0.00028582310187630355,1.6331130266189575,75.0564193725586,,,,,,,
state_b8d3efc729e2cf053d792b35,2c_4cc4055379eb0154120e,2,binary_vle_english.xlsx,10.1016/j.fluid.2010.01.006,unverified,0.5,isothermal,0.9629629629629629,isothermal,,,124.50002694233599,90.26300048828125,0.0,True,False,48,CCCC,mol_fadb5806094149e6,0.1993,0.8708,0.8500367403030396,0.8777360320091248,438.607666015625,CCSCC,mol_a7491cfbf016fee6,0.8007,0.12919999999999998,0.14996320009231567,0.9840207695960999,17.179889678955078,,,,,,,
state_b8eba29bc69ece27fdd20321,2c_31dd895be9cb26117aa9,2,binary_vle_english.xlsx,10.1016/j.jct.2015.07.024,unverified,0.5,isothermal,0.8888888888888888,isothermal,,,104.70005542592,99.61085510253906,-7.62939453125e-06,True,False,48,CCOC(=O)OCC,mol_4df2781fcf4d4a77,0.591,0.23399999999999999,0.26951247453689575,0.9342446327209473,48.62251281738281,CCOC(C)=O,mol_18876b584acc43d4,0.409,0.766,0.7304875254631042,1.0302294492721558,172.68798828125,,,,,,,
state_bb6a74ca69116d0f29b650df,3c_65250b1389afa8bc1bcc,3,ternary_vle_english.xlsx,10.1016/j.fluid.2013.01.020,unverified,0.5,isothermal,0.9655172413793104,isothermal,,,27.520003235456,20.285022735595703,-1.9073486328125e-06,True,False,48,CC(=O)C(C)C,mol_b650f1cc3cac74aa,0.764,0.4014,0.5585469603538513,0.9912800192832947,14.960477828979492,CC(C)C(C)C,mol_7347d05012022dd9,0.0875,0.3357,0.2034103125333786,0.8455231785774231,55.771827697753906,CC(C)OC(C)C,mol_1a0ca8e5eeb68da8,0.1485,0.2629,0.2380426675081253,0.7862276434898376,41.35762023925781
state_beb0d2dc1678881f315ab996,2c_5018f9e15dae7c08710f,2,binary_vle_english.xlsx,10.1016/j.fluid.2011.06.001,passed,1.0,isothermal,0.8461538461538461,isothermal,,,13.005063708928,11.970767974853516,0.0,True,False,48,CC(C)CCl,mol_b6f57216bc07a08c,0.7829,0.7803,0.745083212852478,0.9722280502319336,11.717968940734863,CC(C)OC(C)C,mol_1a0ca8e5eeb68da8,0.21709999999999996,0.2197,0.25491681694984436,0.727552592754364,19.319517135620117,,,,,,,
state_bebc835dad74a36cbe36f8e3,2c_4cc4055379eb0154120e,2,binary_vle_english.xlsx,10.1016/j.fluid.2010.01.006,unverified,0.5,isothermal,0.9629629629629629,isothermal,,,228.200031285888,269.04559326171875,0.0,True,False,48,CCCC,mol_fadb5806094149e6,0.4496,0.9451,0.9646145701408386,1.316064476966858,438.607666015625,CCSCC,mol_a7491cfbf016fee6,0.5504,0.05489999999999995,0.03538542240858078,1.0068191289901733,17.179889678955078,,,,,,,
state_bfcf50b724704db7eae17144,2c_d498cbbd8f767d43f3e7,2,binary_vle_english.xlsx,10.1016/j.fluid.2011.06.001,unverified,0.5,isothermal,0.9230769230769231,isothermal,,,13.279974431744,12.870368957519531,-9.5367431640625e-07,True,False,48,CC(C)OC(C)C,mol_1a0ca8e5eeb68da8,0.273,0.2683,0.2139793038368225,0.5221602916717529,19.319517135620117,CCC(C)Cl,mol_9f4835d3aad75f1c,0.727,0.7317,0.7860206961631775,0.8740783333778381,15.91989517211914,,,,,,,
state_c193796c439094d69fb39571,3c_a6f39dd395c2cfcf800d,3,ternary_vle_english.xlsx,10.1016/j.fluid.2009.01.016,unverified,0.5,isothermal,0.9333333333333333,isothermal,,,42.319985984767996,42.92340850830078,-3.814697265625e-06,True,False,48,CC(=O)C(C)(C)C,mol_61a887e37d396488,0.1953,0.0656,0.0603753887116909,1.006476640701294,13.184029579162598,CC(C)(C)CO,mol_dfb42f12fdc989ed,0.3386,0.04600000000000004,0.06915111839771271,0.9689580798149109,9.046934127807617,COC(C)(C)C,mol_b614d6fea320c179,0.4661,0.8884,0.8704735040664673,1.1506797075271606,69.66523742675781
state_c1daab5302fa81fcbd82896c,2c_35c6612e2ad0f786d394,2,binary_vle_english.xlsx,10.1016/j.fluid.2016.02.018,unverified,0.5,isothermal,0.8,isothermal,,,13.199981010943999,10.100545883178711,0.0,True,False,48,CCCCCCC,mol_fddb2c852c313396,0.5793,0.8558,0.8083829879760742,0.6670792102813721,21.129106521606445,Cc1ccc(C)cc1,mol_e7658ba520613aac,0.42069999999999996,0.1442,0.19161702692508698,0.8104012608528137,5.676835536956787,,,,,,,
state_c1f2bb219c8081d67354b6ce,2c_e1c33e24ae7f6ab4d0bf,2,binary_vle_english.xlsx,10.1016/j.fluid.2010.01.024,unverified,0.5,isothermal,0.9375,isothermal,,,28.079957181056,25.915584564208984,0.0,True,False,48,CC[N+](=O)[O-],mol_6fdb0ec09de24512,0.6274,0.33940000000000003,0.32972756028175354,0.9761835932731628,13.952120780944824,ClCCCl,mol_e8df6c9e89c6b62a,0.3726,0.6606,0.6702724695205688,1.160036325454712,40.18814468383789,,,,,,,
state_c24028f696f0ec50760217fa,2c_8742372ba72e435a7962,2,binary_vle_english.xlsx,10.1016/j.fluid.2013.01.020,unverified,0.5,isothermal,0.9473684210526315,isothermal,,,43.450026375936,38.813926696777344,-3.814697265625e-06,True,False,48,CC(=O)C(C)C,mol_b650f1cc3cac74aa,0.5576,0.2117,0.2218121737241745,1.0320594310760498,14.960477828979492,CC(C)C(C)C,mol_7347d05012022dd9,0.4424,0.7883,0.7781878113746643,1.2241706848144531,55.771827697753906,,,,,,,
state_c24a3e816840d1d6a4007897,2c_5018f9e15dae7c08710f,2,binary_vle_english.xlsx,10.1016/j.fluid.2011.06.001,passed,1.0,isothermal,0.9166666666666666,isothermal,,,12.93493614336,13.977289199829102,-9.5367431640625e-07,True,False,48,CC(C)CCl,mol_b6f57216bc07a08c,0.5362,0.5363,0.4170234799385071,0.9276930093765259,11.717968940734863,CC(C)OC(C)C,mol_1a0ca8e5eeb68da8,0.4638,0.4637,0.5829765200614929,0.9093832969665527,19.319517135620117,,,,,,,
state_c28d3dc8f8451fa78786a674,3c_65250b1389afa8bc1bcc,3,ternary_vle_english.xlsx,10.1016/j.fluid.2013.01.020,unverified,0.5,isothermal,0.9655172413793104,isothermal,,,33.159939368959996,32.728736877441406,0.0,True,False,48,CC(=O)C(C)C,mol_b650f1cc3cac74aa,0.4162,0.20840000000000003,0.1964961439371109,1.032846450805664,14.960477828979492,CC(C)C(C)C,mol_7347d05012022dd9,0.0685,0.1584,0.1153632402420044,0.9883056282997131,55.771827697753906,CC(C)OC(C)C,mol_1a0ca8e5eeb68da8,0.5153,0.6332,0.6881405711174011,1.0567950010299683,41.35762023925781
state_c2c0aa21691a9aa789e1081e,2c_e1c33e24ae7f6ab4d0bf,2,binary_vle_english.xlsx,10.1016/j.fluid.2010.01.024,unverified,0.5,isothermal,0.9375,isothermal,,,36.319946135296,36.15260314941406,0.0,True,False,48,CC[N+](=O)[O-],mol_6fdb0ec09de24512,0.34509999999999996,0.15239999999999998,0.14047710597515106,1.054775357246399,13.952120780944824,ClCCCl,mol_e8df6c9e89c6b62a,0.6549,0.8476,0.8595229387283325,1.180657982826233,40.18814468383789,,,,,,,
state_c383dda5e415d86fca9fba12,2c_ea9da779580d9b792700,2,binary_vle_english.xlsx,10.1016/j.jct.2012.11.005,unverified,0.5,isothermal,0.9411764705882353,isothermal,,,41.950016413568,38.41747283935547,-3.814697265625e-06,True,False,48,CC(C)OC(C)C,mol_1a0ca8e5eeb68da8,0.759,0.567,0.6748841404914856,1.0395528078079224,32.86015701293945,CO,mol_a85d32e4db2ff39c,0.241,0.43300000000000005,0.325115829706192,1.1937074661254883,43.41621398925781,,,,,,,
state_c3f826faa52e87d6646074bc,3c_65250b1389afa8bc1bcc,3,ternary_vle_english.xlsx,10.1016/j.fluid.2013.01.020,unverified,0.5,isothermal,0.9655172413793104,isothermal,,,38.020072972032,41.443641662597656,-3.814697265625e-06,True,False,48,CC(=O)C(C)C,mol_b650f1cc3cac74aa,0.07600000000000007,0.045600000000000085,0.041928354650735855,1.5282930135726929,14.960477828979492,CC(C)C(C)C,mol_7347d05012022dd9,0.0709,0.1154,0.10112066566944122,1.059831142425537,55.771827697753906,CC(C)OC(C)C,mol_1a0ca8e5eeb68da8,0.8531,0.839,0.8569509983062744,1.0066033601760864,41.35762023925781
state_c44cea46b4fc1005f2672697,3c_a6f39dd395c2cfcf800d,3,ternary_vle_english.xlsx,10.1016/j.fluid.2009.01.016,unverified,0.5,isothermal,0.9333333333333333,isothermal,,,20.219936975616,14.619415283203125,-9.5367431640625e-07,True,False,48,CC(=O)C(C)(C)C,mol_61a887e37d396488,0.6234,0.4442,0.5218772888183594,0.9282894134521484,13.184029579162598,CC(C)(C)CO,mol_dfb42f12fdc989ed,0.248,0.09109999999999996,0.0992475226521492,0.6466906070709229,9.046934127807617,COC(C)(C)C,mol_b614d6fea320c179,0.1286,0.4647,0.3788752257823944,0.6182570457458496,69.66523742675781
state_c4e3e969b92bb758b25fa944,3c_485aadc678c8a7fb274c,3,ternary_vle_english.xlsx,10.1016/j.fluid.2011.05.011,unverified,0.5,isothermal,0.9642857142857143,isothermal,,,12.750018018943999,18.57204818725586,0.0,True,False,48,CC(=O)CC(C)C,mol_0a895444a9f0f36b,0.023800000000000043,0.04589999999999994,0.00791667029261589,0.38424038887023926,16.0776424407959,CC(C)CC(C)(C)C,mol_57615b5c3546c298,0.0004,0.005,0.0006750693428330123,0.9677391052246094,32.388431549072266,CC(C)CO,mol_015d21fca05fcd26,0.9758,0.9491,0.9914083480834961,0.9977335929870605,18.911977767944336
state_c5d86ce8aa45165793da681e,2c_ac155ac6c9df3bfcf363,2,binary_vle_english.xlsx,10.1016/j.fluid.2014.03.033,passed,1.0,full_state,0.0,isothermal,,,20.600039046784,21.124252319335938,-1.9073486328125e-06,True,False,48,CC(=O)CC(C)C,mol_0a895444a9f0f36b,0.7888999999999999,0.938,0.9369127154350281,1.048935055732727,23.917173385620117,O=Cc1ccco1,mol_cfdccd30b0689448,0.2111,0.062,0.06308732181787491,1.5032697916030884,4.1995062828063965,,,,,,,
state_c6aa2f907916a6a59c07b738,2c_5018f9e15dae7c08710f,2,binary_vle_english.xlsx,10.1016/j.fluid.2011.06.001,passed,1.0,isothermal,0.9166666666666666,isothermal,,,12.820012262144,16.67559814453125,0.0,True,False,48,CC(C)CCl,mol_b6f57216bc07a08c,0.2913,0.2925,0.1907372772693634,0.9318031668663025,11.717968940734863,CC(C)OC(C)C,mol_1a0ca8e5eeb68da8,0.7087,0.7075,0.8092626929283142,0.9856262803077698,19.319517135620117,,,,,,,
state_c77f326f0653ae5149ec135f,3c_485aadc678c8a7fb274c,3,ternary_vle_english.xlsx,10.1016/j.fluid.2011.05.011,unverified,0.5,isothermal,0.9642857142857143,isothermal,,,18.609936059648,19.198131561279297,-1.9073486328125e-06,True,False,48,CC(=O)CC(C)C,mol_0a895444a9f0f36b,0.03979999999999995,0.04859999999999998,0.016901202499866486,0.507073700428009,16.0776424407959,CC(C)CC(C)(C)C,mol_57615b5c3546c298,0.0542,0.3418,0.10226019471883774,1.1183463335037231,32.388431549072266,CC(C)CO,mol_015d21fca05fcd26,0.906,0.6096,0.8808386325836182,0.9869384765625,18.911977767944336
state_c80726d002108e124a79dd3b,2c_4cc4055379eb0154120e,2,binary_vle_english.xlsx,10.1016/j.fluid.2010.01.006,unverified,0.5,isothermal,0.9629629629629629,isothermal,,,50.100012769407996,23.94671630859375,-1.9073486328125e-06,True,False,48,CCCC,mol_fadb5806094149e6,0.0542,0.6394,0.32323864102363586,0.32560697197914124,438.607666015625,CCSCC,mol_a7491cfbf016fee6,0.9458,0.36060000000000003,0.6767613887786865,0.997382640838623,17.179889678955078,,,,,,,
state_c95c12d71c91a4f7727110df,3c_a6f39dd395c2cfcf800d,3,ternary_vle_english.xlsx,10.1016/j.fluid.2009.01.016,unverified,0.5,isothermal,0.9333333333333333,isothermal,,,9.480020299007998,6.833408355712891,-4.76837158203125e-07,True,False,48,CC(=O)C(C)(C)C,mol_61a887e37d396488,0.4391,0.6225,0.5136517286300659,0.606309711933136,13.184029579162598,CC(C)(C)CO,mol_dfb42f12fdc989ed,0.5536000000000001,0.3136,0.4617144465446472,0.6299604773521423,9.046934127807617,COC(C)(C)C,mol_b614d6fea320c179,0.0073,0.0639,0.024633772671222687,0.33100101351737976,69.66523742675781
state_c98cc98cc2bf653d44aa0a88,2c_acf6c70dfacb27974826,2,binary_vle_english.xlsx,10.1016/j.fluid.2012.05.016,unverified,0.5,isothermal,0.9411764705882353,isothermal,,,15.319939984512,15.816959381103516,-9.5367431640625e-07,True,False,48,CCCO,mol_5fb2f93dc8caa9dc,0.0,0.0,0.0,0.8440264463424683,19.952924728393555,CCCOC(C)=O,mol_67043ae833ecd0c7,1.0,1.0,1.0,1.0,15.8169584274292,,,,,,,
state_c9f2b8a6b883b4242ac40466,2c_c830dc760c5163d2d27d,2,binary_vle_english.xlsx,10.1016/j.fluid.2011.05.011,unverified,0.5,isothermal,0.9285714285714286,isothermal,,,33.04994841536,31.727378845214844,0.0,True,False,48,CC(C)CC(C)(C)C,mol_57615b5c3546c298,0.6059,0.741,0.7201870679855347,1.1643636226654053,32.388431549072266,CC(C)CO,mol_015d21fca05fcd26,0.3941,0.259,0.27981293201446533,1.1911284923553467,18.911977767944336,,,,,,,
state_ca6a69e6fff1ef002d4bf82d,3c_65250b1389afa8bc1bcc,3,ternary_vle_english.xlsx,10.1016/j.fluid.2013.01.020,unverified,0.5,isothermal,0.9655172413793104,isothermal,,,34.030001142528,34.88023376464844,-3.814697265625e-06,True,False,48,CC(=O)C(C)C,mol_b650f1cc3cac74aa,0.34519999999999995,0.17579999999999996,0.15930317342281342,1.0759387016296387,14.960477828979492,CC(C)C(C)C,mol_7347d05012022dd9,0.0595,0.129,0.09462429583072662,0.9946038722991943,55.771827697753906,CC(C)OC(C)C,mol_1a0ca8e5eeb68da8,0.5953,0.6952,0.74607253074646,1.0569853782653809,41.35762023925781
state_a3d518cf0279bbe21ccf072a,2c_0afc81efacf81d2f9881,2,binary_vle_english.xlsx,10.1016/j.fluid.2011.10.009,unverified,0.5,isobaric,0.9375,isobaric,384.5,390.0836181640625,,,0.000762939453125,True,False,48,CCCCCCCCC,mol_dd70207e50d8bf63,0.078,0.033,0.04354546219110489,1.2248520851135254,46.17182922363281,Cc1ccccc1,mol_1c09299644053521,0.922,0.967,0.9564545154571533,1.007440447807312,104.31012725830078,,,,,,,
state_a463aa0a7927714db01a286d,2c_94ed5d0a73a3c26e5ef5,2,binary_vle_english.xlsx,10.1016/j.fluid.2011.06.009,unverified,0.5,isobaric,0.9375,isobaric,308.82,311.1890563964844,,,5.817413330078125e-05,True,False,48,CCO,mol_f29e20f49d416e54,0.492,0.668,0.6402555704116821,0.6117849349975586,27.9715576171875,O,mol_e81dc06beaa39499,0.508,0.33199999999999996,0.35974445939064026,0.7396242618560791,12.590599060058594,,,,,,,
state_a4d8464b0f4f86ec9bfd023b,2c_f4090d8339a2ac959e8c,2,binary_vle_english.xlsx,10.1016/j.fluid.2017.09.010,unverified,0.5,isobaric,0.8888888888888888,isobaric,355.29999999999995,356.9586181640625,,,6.103515625e-05,True,False,48,CC(C)O,mol_db030b5de88f8eaf,0.9692,0.969,0.9598600268363953,1.0017553567886353,99.85143280029297,CCCOC(C)=O,mol_67043ae833ecd0c7,0.03080000000000005,0.031000000000000028,0.04013995826244354,2.5262935161590576,52.10313415527344,,,,,,,
state_a5969e7ea312cd5aa80cd1fa,3c_954c33e76e33ef115670,3,ternary_vle_english.xlsx,10.1016/j.fluid.2006.07.003,unverified,0.5,isobaric,0.9761904761904762,isobaric,360.88,363.5000915527344,,,0.00016021728515625,True,False,48,CCCCCO,mol_243de2450bee5519,0.09699999999999998,0.015000000000000124,0.01877155713737011,1.2238191366195679,16.018474578857422,CCCO,mol_5fb2f93dc8caa9dc,0.274,0.29,0.323057621717453,1.485727071762085,80.3896713256836,CCCOCCC,mol_e13b90e4aa2e917d,0.629,0.695,0.658170759677887,1.1483678817749023,92.3031997680664
state_a5efb736ea15967be5c30a19,2c_1f5028f9412924c6aa2e,2,binary_vle_english.xlsx,10.1016/j.fluid.2005.02.014,passed,1.0,isobaric,0.9285714285714286,isobaric,325.7,331.2303466796875,,,5.340576171875e-05,True,False,48,C1CCOCC1,mol_626f3d1f5bbb6f55,0.0766,0.02,0.08511904627084732,2.819866418838501,39.91892623901367,CC(C)(C)Cl,mol_cbd731ac6eef5e90,0.9234,0.98,0.9148809313774109,1.0177022218704224,98.61963653564453,,,,,,,
state_a5fa2a2d26f92325f0200c6d,3c_20e37ef734cab2512529,3,ternary_vle_english.xlsx,10.1016/j.fluid.2012.12.020,unverified,0.5,isobaric,0.9230769230769231,isobaric,378.07,378.2698669433594,,,-7.62939453125e-06,True,False,48,CC(C)O,mol_db030b5de88f8eaf,0.2648,0.4775,0.5237699747085571,1.1685560941696167,170.9598846435547,CCCCCO,mol_243de2450bee5519,0.1180000000000001,0.2178,0.0400254987180233,1.2360197305679321,27.717273712158203,CCCCO,mol_ad4ef9c6c876ca2f,0.6172,0.3047,0.43620455265045166,1.0230472087860107,69.77338409423828
state_a76b777692c233bf9afbfc3a,3c_c45f0751ac63a91a45e8,3,ternary_vle_english.xlsx,10.1016/j.fluid.2005.06.019,unverified,0.5,isobaric,0.9767441860465116,isobaric,382.34999999999997,384.418212890625,,,0.00016021728515625,True,False,48,CC(=O)OCC(C)C,mol_e7eb29ad965cc8ee,0.349,0.322,0.3680068850517273,1.3010236024856567,82.1022720336914,CC(C)CO,mol_015d21fca05fcd26,0.603,0.67,0.6154629588127136,1.0949645042419434,94.4266128540039,CCCCCCO,mol_eb71ecc709e3f0dc,0.04800000000000004,0.008000000000000007,0.016530146822333336,1.504464864730835,23.187997817993164
state_a82af3c78c738311b8e0a860,2c_50cae961bcfb98dfb10a,2,binary_vle_english.xlsx,10.1016/j.fluid.2013.05.019,passed,1.0,full_state,0.5714285714285714,isobaric,346.27,350.070556640625,,,0.00011444091796875,True,False,48,CC(C)=C(C)C,mol_ac85c03b48dc0205,0.999582,0.999803,0.9994030594825745,1.0000001192092896,101.31202697753906,c1ccsc1,mol_7953343be0b435d5,0.000418,0.000197,0.00059695407981053,1.7236911058425903,83.95449829101562,,,,,,,
state_a8b7a9973590faa77d9d5312,2c_375f45238dade7281e25,2,binary_vle_english.xlsx,10.1016/j.jct.2019.03.036,unverified,0.5,isobaric,0.9473684210526315,isobaric,350.28999999999996,351.0898742675781,,,7.62939453125e-06,True,False,48,CCOC(C)=O,mol_18876b584acc43d4,1.0,1.0,1.0,1.0,101.29994201660156,CS(C)=O,mol_7d3e12eaed0f467c,0.0,0.0,0.0,4.577175617218018,3.541252851486206,,,,,,,
state_a99788d2b6ee1a257de0ff82,2c_0537ca75f0252274a31e,2,binary_vle_english.xlsx,10.1016/j.jct.2013.12.021,unverified,0.5,isobaric,0.9565217391304348,isobaric,337.65,333.6366271972656,,,0.0001220703125,True,False,48,CCC(C)O,mol_06affb0d2c6c8ff2,0.0,0.0,0.0,0.8181732892990112,25.448219299316406,CO,mol_a85d32e4db2ff39c,1.0,1.0,1.0,1.0,101.33018493652344,,,,,,,
state_aaa5c4e394b81c90c52d30d9,2c_f25584e0c98fb6639876,2,binary_vle_english.xlsx,10.1016/j.jct.2019.01.004,unverified,0.5,isobaric,0.9166666666666666,isobaric,338.5,334.9581604003906,,,-2.288818359375e-05,True,False,48,CO,mol_a85d32e4db2ff39c,0.946,0.973,0.980718731880188,0.9999242424964905,105.02562713623047,O,mol_e81dc06beaa39499,0.05400000000000005,0.027000000000000024,0.01928131654858589,1.1580651998519897,31.233375549316406,,,,,,,
state_aad3705ae6276983a0b897ff,2c_d66c7a74cea5d8732e08,2,binary_vle_english.xlsx,10.1016/j.fluid.2017.09.010,unverified,0.5,isobaric,0.9,isobaric,353.29999999999995,355.7484130859375,,,0.0,True,False,48,CC(C)O,mol_db030b5de88f8eaf,0.7495,0.7121,0.7745627164840698,1.079825758934021,96.66126251220703,O,mol_e81dc06beaa39499,0.25049999999999994,0.28790000000000004,0.22543728351593018,1.452197551727295,62.59123611450195,,,,,,,
state_ab3a694ddce30e4ad8df5ec1,2c_972bb6b6305c64cb2237,2,binary_vle_english.xlsx,10.1016/j.jct.2017.07.019,unverified,0.5,isobaric,0.95,isobaric,334.22999999999996,335.48046875,,,3.0517578125e-05,True,False,48,ClC(Cl)Cl,mol_d9e0a2387a6283f9,0.9704,0.9727,0.9682761430740356,0.9999806880950928,101.08020782470703,OCC(F)(F)C(F)F,mol_48469952cf716332,0.0296,0.0273,0.03172380477190018,4.131802558898926,26.2762451171875,,,,,,,
state_ab91beb60dd0ab3cf46f8fae,2c_ba6de3f53ea6de13738b,2,binary_vle_english.xlsx,10.1016/j.fluid.2006.02.009,unverified,0.5,isobaric,0.9523809523809523,isobaric,332.64,331.3245544433594,,,0.000308990478515625,True,False,48,CCC(C)Cl,mol_9f4835d3aad75f1c,0.5773,0.8589,0.8521040081977844,1.1189136505126953,70.31116485595703,Cc1ccccc1,mol_1c09299644053521,0.42269999999999996,0.1411,0.1478959619998932,0.9239600896835327,20.183696746826172,,,,,,,
state_ad36f870bc2bbf215a8af51d,2c_079ccab2da1cc47051a9,2,binary_vle_english.xlsx,10.1016/j.fluid.2006.02.009,unverified,0.5,isobaric,0.9523809523809523,isobaric,338.35999999999996,338.8973693847656,,,3.814697265625e-06,True,False,48,CCCCCl,mol_f7989a5c13417f20,0.7249,0.8848,0.8628807663917542,1.0511566400527954,60.35769271850586,Cc1ccccc1,mol_1c09299644053521,0.2751,0.11519999999999997,0.13711920380592346,1.0316118001937866,25.752464294433594,,,,,,,
state_ad3d4c6ac2ff4c89d0ff33ce,2c_ef978bac8ab2c7c131e7,2,binary_vle_english.xlsx,10.1016/j.fluid.2015.03.013,unverified,0.5,isobaric,0.9629629629629629,isobaric,386.09999999999997,380.00677490234375,,,0.0,True,False,48,CC(=O)N(C)C,mol_b8ccf255e2b62919,0.041000000000000036,0.01200000000000001,0.018952341750264168,1.8010627031326294,25.999160766601562,CCC(C)OC(C)=O,mol_879306ab1082c162,0.959,0.988,0.9810476899147034,1.0022571086883545,103.39547729492188,,,,,,,
state_ada7b09bcc077678fb6f6444,2c_5e274a8981b66e0477e8,2,binary_vle_english.xlsx,10.1016/j.fluid.2005.02.014,passed,1.0,isobaric,0.9166666666666666,isobaric,316.25,314.0611877441406,,,1.1444091796875e-05,True,False,48,C1CCOCC1,mol_626f3d1f5bbb6f55,0.1288,0.0638,0.0903189554810524,1.3058427572250366,21.479923248291016,CCC(C)Cl,mol_9f4835d3aad75f1c,0.8712,0.9362,0.9096810817718506,1.0243861675262451,40.77257537841797,,,,,,,
state_adf58ee767bad4d24bd1e384,2c_e94406f9abae6913c6d1,2,binary_vle_english.xlsx,10.1016/j.fluid.2005.02.014,unverified,0.5,isobaric,0.9166666666666666,isobaric,327.04999999999995,327.2113342285156,,,1.1444091796875e-05,True,False,48,C1CCOCC1,mol_626f3d1f5bbb6f55,0.2843,0.2161,0.24991698563098907,1.0124441385269165,34.730289459228516,CCCCCl,mol_f7989a5c13417f20,0.7157,0.7839,0.7500829696655273,1.0150233507156372,41.30121612548828,,,,,,,
state_aed63e7c7347be5e2042c1ef,2c_443810127d849cf82a31,2,binary_vle_english.xlsx,10.1016/j.fluid.2014.09.021,unverified,0.5,isobaric,0.9545454545454546,isobaric,376.60999999999996,377.21014404296875,,,3.814697265625e-05,True,False,48,CCC(C)O,mol_06affb0d2c6c8ff2,0.88,0.981,0.9554555416107178,1.0240031480789185,107.40780639648438,CN(C)C=O,mol_ca12d6d2f2ffb170,0.12,0.019000000000000017,0.044544488191604614,1.3095453977584839,28.71451759338379,,,,,,,
state_af18447dfef88db412a7a915,2c_94ed5d0a73a3c26e5ef5,2,binary_vle_english.xlsx,10.1016/j.fluid.2011.06.009,unverified,0.5,isobaric,0.9375,isobaric,313.71,313.3328552246094,,,0.00011348724365234375,True,False,48,CCO,mol_f29e20f49d416e54,0.117,0.461,0.08805037289857864,0.3264935612678528,30.310964584350586,O,mol_e81dc06beaa39499,0.883,0.5389999999999999,0.911949634552002,0.98820960521698,13.743269920349121,,,,,,,
state_af27d3a90c23e4f2fa6bc8a6,2c_ba6de3f53ea6de13738b,2,binary_vle_english.xlsx,10.1016/j.fluid.2006.02.009,unverified,0.5,isobaric,0.9523809523809523,isobaric,330.29999999999995,328.82550048828125,,,0.00077056884765625,True,False,48,CCC(C)Cl,mol_9f4835d3aad75f1c,0.6588,0.8952,0.8863205909729004,1.0996812582015991,65.2084732055664,Cc1ccccc1,mol_1c09299644053521,0.34119999999999995,0.1048,0.11367935687303543,0.9558621644973755,18.57851219177246,,,,,,,
state_af2c88913751638941e87d7d,3c_2cb16216a8c609b7ad27,3,ternary_vle_english.xlsx,10.1016/j.fluid.2005.09.015,unverified,0.5,isobaric,0.9767441860465116,isobaric,383.51,384.1212158203125,,,0.00014495849609375,True,False,48,CC(=O)OCC(C)C,mol_e7eb29ad965cc8ee,0.562,0.495,0.517441987991333,1.1443246603012085,81.50531005859375,CC(C)CO,mol_015d21fca05fcd26,0.393,0.489,0.4586770832538605,1.262229561805725,93.6668472290039,CCCCOC(=O)CC,mol_a9c167bbb331e76a,0.04499999999999993,0.016000000000000014,0.023880913853645325,1.362095594406128,39.46759033203125
state_afbd9c3201b298cc1107dbc8,2c_21b807a1a6c6348c91ac,2,binary_vle_english.xlsx,10.1016/j.fluid.2018.07.027,unverified,0.5,isobaric,0.9629629629629629,isobaric,367.46,369.2023010253906,,,0.00197601318359375,True,False,48,CC(C)CC(C)(C)C,mol_57615b5c3546c298,0.7819,0.7713,0.7512167096138,1.100164771080017,88.46549987792969,CCCCO,mol_ad4ef9c6c876ca2f,0.21809999999999996,0.22870000000000001,0.24878327548503876,2.2276217937469482,51.87303924560547,,,,,,,
state_afd56f6c1e7255c428ad058e,2c_3c77d4a7763529aa395e,2,binary_vle_english.xlsx,10.1016/j.fluid.2017.10.001,unverified,0.5,isobaric,0.95,isobaric,347.51,348.5246887207031,,,6.866455078125e-05,True,False,48,CCC(C)=O,mol_4cfc5db0ca2ab00b,0.544,0.527,0.44599899649620056,1.1535998582839966,71.99282836914062,CCO,mol_f29e20f49d416e54,0.45599999999999996,0.473,0.554000973701477,1.2510265111923218,98.37588500976562,,,,,,,
state_afe254a39c6969614ad6ccbe,2c_106af91fffdb87d7c4f6,2,binary_vle_english.xlsx,10.1016/j.fluid.2013.05.016,unverified,0.5,isobaric,0.9444444444444444,isobaric,385.0,389.55279541015625,,,0.00048828125,True,False,48,Cc1ccccc1,mol_1c09299644053521,0.937,0.981,0.9567434191703796,1.0042028427124023,103.00200653076172,Cc1ccccc1C,mol_61c4de85d258b45d,0.06299999999999994,0.019000000000000017,0.043256599456071854,1.4330899715423584,48.534393310546875,,,,,,,
state_b029266ac0b88064fcad06e6,2c_8227101c64130ee5e04f,2,binary_vle_english.xlsx,10.1016/j.jct.2017.07.019,unverified,0.5,isobaric,0.9411764705882353,isobaric,366.77,369.36456298828125,,,-3.814697265625e-05,True,False,48,O,mol_e81dc06beaa39499,0.7712,0.7361,0.7668637633323669,1.0649878978729248,94.58352661132812,OCC(F)(F)C(F)F,mol_48469952cf716332,0.2288,0.2639,0.23313626646995544,1.4853172302246094,69.493408203125,,,,,,,
state_b040e5ccb6d1da125a174098,2c_34804c7fdf5c7dc9c9e5,2,binary_vle_english.xlsx,10.1016/j.fluid.2005.02.014,unverified,0.5,isobaric,0.9166666666666666,isobaric,318.45,320.8079833984375,,,1.52587890625e-05,True,False,48,C1CCOCC1,mol_626f3d1f5bbb6f55,0.2024,0.1067,0.2184167355298996,1.5628002882003784,27.62056541442871,CC(C)CCl,mol_b6f57216bc07a08c,0.7976,0.8933,0.781583309173584,1.0666286945343018,36.748321533203125,,,,,,,
state_b073e73dcc312ae035977f68,2c_a4ea92aaad2e5eb91802,2,binary_vle_english.xlsx,10.1016/j.fluid.2015.08.014,unverified,0.5,isobaric,0.9444444444444444,isobaric,333.69,333.6849060058594,,,2.288818359375e-05,True,False,48,COC(C)=O,mol_b9c4464ceb7b1e3f,0.84,0.998,0.9948602318763733,1.0896265506744385,110.10685729980469,CS(C)=O,mol_7d3e12eaed0f467c,0.16000000000000003,0.0020000000000000018,0.005139769054949284,1.946715235710144,1.6715925931930542,,,,,,,
state_b0d16b6de8a9dc757d39745b,2c_079ccab2da1cc47051a9,2,binary_vle_english.xlsx,10.1016/j.fluid.2006.02.009,unverified,0.5,isobaric,0.9523809523809523,isobaric,332.28,334.976318359375,,,0.000164031982421875,True,False,48,CCCCCl,mol_f7989a5c13417f20,1.0,1.0,1.0,1.0,53.30017852783203,Cc1ccccc1,mol_1c09299644053521,0.0,0.0,0.0,1.3135465383529663,22.731369018554688,,,,,,,
state_b13d3e471cc1697e8230ca36,3c_61bfd4ccc52903a74083,3,ternary_vle_english.xlsx,10.1016/j.fluid.2007.03.030,unverified,0.5,isobaric,0.9761904761904762,isobaric,360.53999999999996,362.5994873046875,,,3.814697265625e-05,True,False,48,CCCO,mol_5fb2f93dc8caa9dc,0.399,0.56,0.44930320978164673,1.4588618278503418,78.19190979003906,CCCOCCC,mol_e13b90e4aa2e917d,0.511,0.415,0.5248865485191345,1.1554287672042847,90.05559539794922,CCOCCO,mol_ab8630148ae67e51,0.08999999999999997,0.02499999999999991,0.02581031061708927,0.9679228663444519,30.013681411743164
state_b1581653bd547d8eb5ef5c2e,3c_f0c258463b44c2183ab7,3,ternary_vle_english.xlsx,10.1016/j.fluid.2005.03.014,unverified,0.5,isobaric,0.9767441860465116,isobaric,382.80999999999995,385.7703857421875,,,0.00043487548828125,True,False,48,CC(=O)OCC(C)C,mol_e7eb29ad965cc8ee,0.102,0.115,0.15601147711277008,1.8257722854614258,84.86347961425781,CC(C)CO,mol_015d21fca05fcd26,0.808,0.866,0.804325520992279,1.029510259628296,97.94918060302734,CN(C)C=O,mol_ca12d6d2f2ffb170,0.08999999999999997,0.019000000000000017,0.03966298699378967,1.211238145828247,36.85737228393555
state_b1a1f0479650ae32fecfed66,2c_079ccab2da1cc47051a9,2,binary_vle_english.xlsx,10.1016/j.fluid.2006.02.009,unverified,0.5,isobaric,0.9523809523809523,isobaric,336.39,337.59918212890625,,,3.814697265625e-06,True,False,48,CCCCCl,mol_f7989a5c13417f20,0.8108,0.9277,0.8998779654502869,1.0209522247314453,57.94178009033203,Cc1ccccc1,mol_1c09299644053521,0.18920000000000003,0.07230000000000003,0.10012199729681015,1.1410897970199585,24.71814727783203,,,,,,,
state_b1a7a0df5913f64e6a23dab6,2c_4c757308eefec1e2dd80,2,binary_vle_english.xlsx,10.1016/j.fluid.2011.11.020,unverified,0.5,isobaric,0.9444444444444444,isobaric,333.9,343.9471130371094,,,0.0,True,False,48,C=C(C)C(C)C,mol_6f1c44bf29e6107c,0.6488,0.8195,0.6519083380699158,1.1252998113632202,90.47857666015625,c1ccsc1,mol_7953343be0b435d5,0.3512,0.1805,0.34809160232543945,1.4346891641616821,70.00346374511719,,,,,,,
state_b230a5aad3ec043474c282e0,2c_f6e4afdc0101fe369605,2,binary_vle_english.xlsx,10.1016/j.jct.2004.09.009,unverified,0.5,isobaric,0.9629629629629629,isobaric,374.04999999999995,374.8739929199219,,,3.0517578125e-05,True,False,48,CC1CCCCC1,mol_bdf6ddfdabc4e204,0.9057,0.9159,0.9058384895324707,1.012093186378479,100.10486602783203,CCOC(=O)OCC,mol_4df2781fcf4d4a77,0.09430000000000005,0.08409999999999995,0.09416152536869049,1.9921661615371704,50.77448272705078,,,,,,,
state_b232d0d01ff5074cb458864f,2c_e8b98868a6b90d408930,2,binary_vle_english.xlsx,10.1016/j.fluid.2015.09.039,unverified,0.5,isobaric,0.96875,isobaric,426.59,424.9833679199219,,,0.00167083740234375,True,False,48,CN(C)C=O,mol_ca12d6d2f2ffb170,0.992,0.998,0.9960281252861023,1.0000375509262085,101.7091293334961,CS(C)=O,mol_7d3e12eaed0f467c,0.008000000000000007,0.0020000000000000018,0.003971888683736324,1.1629582643508911,43.24732208251953,,,,,,,
state_b28004a8720b91f9b2f156aa,2c_079ccab2da1cc47051a9,2,binary_vle_english.xlsx,10.1016/j.fluid.2006.02.009,unverified,0.5,isobaric,0.9523809523809523,isobaric,340.64,340.5814514160156,,,7.62939453125e-06,True,False,48,CCCCCl,mol_f7989a5c13417f20,0.6359,0.8312,0.8208790421485901,1.0816130638122559,63.61298751831055,Cc1ccccc1,mol_1c09299644053521,0.3641,0.16879999999999995,0.17912094295024872,0.9659208059310913,27.1463565826416,,,,,,,
state_b35a997ae4765ae90c31d524,2c_ba6de3f53ea6de13738b,2,binary_vle_english.xlsx,10.1016/j.fluid.2006.02.009,unverified,0.5,isobaric,0.9523809523809523,isobaric,323.46,323.1939697265625,,,-3.4332275390625e-05,True,False,48,CCC(C)Cl,mol_9f4835d3aad75f1c,0.9465,0.9897,0.9767706394195557,1.003885269165039,54.79172134399414,Cc1ccccc1,mol_1c09299644053521,0.05349999999999999,0.010299999999999976,0.023229379206895828,1.5084896087646484,15.341525077819824,,,,,,,
state_b3d4b233c9c6679d6ced42bd,2c_d61da005b4125a743b07,2,binary_vle_english.xlsx,10.1016/j.fluid.2009.03.008,unverified,0.5,isobaric,0.9583333333333334,isobaric,353.88,360.1714782714844,,,-8.392333984375e-05,True,False,48,CC(=O)O,mol_9ac385b135af0125,0.0522,0.0141,0.05218673497438431,2.6525094509124756,38.19184494018555,CCC(C)=O,mol_4cfc5db0ca2ab00b,0.9478,0.9859,0.9478132724761963,1.0062283277511597,100.70418548583984,,,,,,,
state_b40364318950728d681e331f,2c_045f196d049de4abb690,2,binary_vle_english.xlsx,10.1016/j.jct.2004.09.009,unverified,0.5,isobaric,0.9696969696969697,isobaric,362.01,361.2604064941406,,,3.814697265625e-05,True,False,48,CCC(C)O,mol_06affb0d2c6c8ff2,0.32830000000000004,0.3022,0.24597854912281036,1.1497693061828613,66.01231384277344,COC(=O)OC,mol_0ec85594f0f896ea,0.6717,0.6978,0.7540214657783508,1.0422471761703491,109.10558319091797,,,,,,,
state_b45e4eee5ab6385fd688fc91,3c_c1f86c0bca7d787912fb,3,ternary_vle_english.xlsx,10.1016/j.jct.2011.10.025,unverified,0.5,isobaric,0.9807692307692307,isobaric,352.46999999999997,353.2252197265625,,,0.0003509521484375,True,False,48,C1CCOCC1,mol_626f3d1f5bbb6f55,0.144,0.086,0.12806645035743713,1.1141380071640015,80.86200714111328,CC(C)CC(C)(C)C,mol_57615b5c3546c298,0.487,0.358,0.34227827191352844,1.224858283996582,58.12663269042969,CC(C)O,mol_db030b5de88f8eaf,0.369,0.556,0.5296552777290344,1.6107821464538574,90.26944732666016
state_b4705ad614ad2c3acdc6f4f0,2c_a1a215858c9235f0cf6a,2,binary_vle_english.xlsx,10.1016/j.fluid.2015.03.013,unverified,0.5,isobaric,0.9666666666666667,isobaric,377.92999999999995,378.9579162597656,,,0.000152587890625,True,False,48,CC(=O)N(C)C,mol_b8ccf255e2b62919,0.15700000000000003,0.015000000000000013,0.039663031697273254,1.0129568576812744,25.26417350769043,CCC(C)O,mol_06affb0d2c6c8ff2,0.843,0.985,0.9603369832038879,1.021140217781067,113.01094818115234,,,,,,,
state_b4ad27615380d6e7d1215bef,2c_f4a55bc5fa0e7d69faf8,2,binary_vle_english.xlsx,10.1016/j.fluid.2012.12.021,unverified,0.5,isobaric,0.9545454545454546,isobaric,342.62,341.3694152832031,,,7.62939453125e-06,True,False,48,C1CCOCC1,mol_626f3d1f5bbb6f55,0.622,0.756,0.7279089689254761,1.0467702150344849,55.899200439453125,CCC(C)O,mol_06affb0d2c6c8ff2,0.378,0.244,0.2720910310745239,1.0663505792617798,33.751468658447266,,,,,,,
state_b578b4279b0c63c3deae4d88,2c_94ed5d0a73a3c26e5ef5,2,binary_vle_english.xlsx,10.1016/j.fluid.2011.06.009,unverified,0.5,isobaric,0.9375,isobaric,307.46,294.92645263671875,,,2.86102294921875e-06,True,False,48,CCO,mol_f29e20f49d416e54,0.908,0.91,0.9892286658287048,0.9784874320030212,14.641345024108887,O,mol_e81dc06beaa39499,0.09199999999999997,0.08999999999999997,0.010771295055747032,0.24772243201732635,6.2149858474731445,,,,,,,
state_b5c09ce92a00779f56973b2f,2c_94ed5d0a73a3c26e5ef5,2,binary_vle_english.xlsx,10.1016/j.fluid.2011.06.009,unverified,0.5,isobaric,0.9375,isobaric,307.55999999999995,296.4602355957031,,,8.58306884765625e-06,True,False,48,CCO,mol_f29e20f49d416e54,0.864,0.874,0.9796151518821716,0.9551116824150085,15.610367774963379,O,mol_e81dc06beaa39499,0.136,0.126,0.020384887233376503,0.29573386907577515,6.664902687072754,,,,,,,
state_b5e8d39cba11398113174d3b,2c_4c757308eefec1e2dd80,2,binary_vle_english.xlsx,10.1016/j.fluid.2011.11.020,unverified,0.5,isobaric,0.9444444444444444,isobaric,330.72999999999996,345.5668029785156,,,0.00048065185546875,True,False,48,C=C(C)C(C)C,mol_6f1c44bf29e6107c,0.8798,0.9332,0.8253920078277588,1.0142749547958374,93.72618865966797,c1ccsc1,mol_7953343be0b435d5,0.1202,0.0668,0.1746079921722412,2.0027756690979004,73.4966812133789,,,,,,,
state_b637cddd88e835fe3d34546d,3c_f1332761d3af136f02b5,3,ternary_vle_english.xlsx,10.1016/j.fluid.2014.04.025,unverified,0.5,isobaric,0.9473684210526315,isobaric,386.47999999999996,386.68389892578125,,,0.00035858154296875,True,False,48,COCCO,mol_d291b272a64498d9,0.2716,0.2289,0.27428099513053894,1.0895880460739136,93.888916015625,CS(C)=O,mol_7d3e12eaed0f467c,0.21229999999999993,0.017199999999999993,0.02812192030251026,1.0073766708374023,13.320293426513672,Cc1ccccc1,mol_1c09299644053521,0.5161,0.7539,0.6975970268249512,1.4240281581878662,96.15301513671875
state_b6491696a76160edc6e29446,2c_784276d4500715f79c89,2,binary_vle_english.xlsx,10.1016/j.fluid.2011.11.020,passed,1.0,isobaric,0.9473684210526315,isobaric,356.65,355.7537536621094,,,-1.52587890625e-05,True,False,48,CCCCCCC,mol_fddb2c852c313396,0.04300000000000004,0.05489999999999995,0.06310410797595978,2.382031202316284,62.42807388305664,c1ccsc1,mol_7953343be0b435d5,0.957,0.9451,0.9368959069252014,1.0038162469863892,98.82422637939453,,,,,,,
state_b79977c86945ec700ae974b6,2c_dc191206ee879c89c4e5,2,binary_vle_english.xlsx,10.1016/j.jct.2003.09.001,unverified,0.5,isobaric,0.9285714285714286,isobaric,350.08,350.08599853515625,,,0.000110626220703125,True,False,48,C1COCCO1,mol_d365f2fae67d24f2,0.4869,0.5997,0.546430766582489,1.1517930030822754,38.97468566894531,CC(C)CO,mol_015d21fca05fcd26,0.5131,0.4003,0.4535691738128662,1.0433886051177979,33.88886642456055,,,,,,,
state_b870ee3b356866a9ef9ed6ed,2c_50cae961bcfb98dfb10a,2,binary_vle_english.xlsx,10.1016/j.fluid.2013.05.019,passed,1.0,full_state,0.5714285714285714,isobaric,346.27,350.07464599609375,,,0.0001220703125,True,False,48,CC(C)=C(C)C,mol_ac85c03b48dc0205,0.999782,0.999901,0.9996885657310486,1.0,101.32071685791016,c1ccsc1,mol_7953343be0b435d5,0.000218,9.9e-05,0.00031142416992224753,1.7240066528320312,83.96450805664062,,,,,,,
state_b88ebea016d6d321851ee789,2c_9f331b7867f625e21322,2,binary_vle_english.xlsx,10.1016/j.jct.2015.03.013,unverified,0.5,isobaric,0.9090909090909091,isobaric,351.9,351.9507141113281,,,5.340576171875e-05,True,False,48,CCC(C)=O,mol_4cfc5db0ca2ab00b,0.6367,0.9236,0.8356305360794067,1.2276345491409302,79.64655303955078,COCCO,mol_d291b272a64498d9,0.36329999999999996,0.07640000000000002,0.16436950862407684,1.1067578792572021,30.455089569091797,,,,,,,
state_b8db0f895a8ee376cc320cd0,2c_46777e532a11b24ee585,2,binary_vle_english.xlsx,10.1016/j.fluid.2012.12.020,unverified,0.5,isobaric,0.9629629629629629,isobaric,355.5,357.3868408203125,,,-1.52587890625e-05,True,False,48,CC(C)O,mol_db030b5de88f8eaf,1.0,1.0,1.0,1.0,100.99994659423828,CCCCCO,mol_243de2450bee5519,0.0,0.0,0.0,2.4465692043304443,12.59793758392334,,,,,,,
state_b910c8ffaac79a2901c89f0e,2c_82cfa7a14fa3ab1984f1,2,binary_vle_english.xlsx,10.1016/j.jct.2019.07.006,unverified,0.5,isobaric,0.9333333333333333,isobaric,349.64,351.7175598144531,,,-1.52587890625e-05,True,False,48,CC#N,mol_7028b7cbd3d829b4,0.6962,0.6939,0.785280168056488,1.0829492807388306,105.50950622558594,O,mol_e81dc06beaa39499,0.30379999999999996,0.30610000000000004,0.21471980214118958,1.3005377054214478,55.05167007446289,,,,,,,
state_ba2e0843813b50d0949a129a,2c_3c77d4a7763529aa395e,2,binary_vle_english.xlsx,10.1016/j.fluid.2007.06.005,unverified,0.5,isobaric,0.9523809523809523,isobaric,347.5,347.8580017089844,,,0.00011444091796875,True,False,48,CCC(C)=O,mol_4cfc5db0ca2ab00b,0.45699999999999996,0.46599999999999997,0.389204740524292,1.2224223613739014,70.57491302490234,CCO,mol_f29e20f49d416e54,0.543,0.534,0.6107951998710632,1.1817930936813354,96.4193115234375,,,,,,,
state_ba398c50ffe15692f50722b7,2c_ce7e822d00d743846419,2,binary_vle_english.xlsx,10.1016/j.fluid.2005.07.010,unverified,0.5,isobaric,0.9629629629629629,isobaric,351.45,351.822509765625,,,5.340576171875e-05,True,False,48,CC(=O)O,mol_9ac385b135af0125,0.05179999999999996,0.006199999999999983,0.029622133821249008,1.9427015781402588,29.826156616210938,CCOC(C)=O,mol_18876b584acc43d4,0.9482,0.9938,0.9703778624534607,1.004629373550415,103.21715545654297,,,,,,,
state_baa3b6b198f847d2c4792768,2c_72801d7427f9871710ea,2,binary_vle_english.xlsx,10.1016/j.jct.2013.08.011,unverified,0.5,isobaric,0.95,isobaric,353.12,352.2249755859375,,,7.62939453125e-05,True,False,48,CC#N,mol_7028b7cbd3d829b4,0.725,0.733,0.8157343864440918,1.0663881301879883,106.88208770751953,CCCO,mol_5fb2f93dc8caa9dc,0.275,0.267,0.184265598654747,1.2069025039672852,56.24045944213867,,,,,,,
state_bbab91ee85395fe6e25410c6,2c_94ed5d0a73a3c26e5ef5,2,binary_vle_english.xlsx,10.1016/j.fluid.2011.06.009,unverified,0.5,isobaric,0.9375,isobaric,307.51,295.2928771972656,,,-8.58306884765625e-06,True,False,48,CCO,mol_f29e20f49d416e54,0.897,0.904,0.987157940864563,0.9733363389968872,14.868125915527344,O,mol_e81dc06beaa39499,0.10299999999999998,0.09599999999999997,0.012842072173953056,0.259419322013855,6.320050239562988,,,,,,,
state_bbefa3404f03563c3eef7901,2c_74caf60139062b8ca437,2,binary_vle_english.xlsx,10.1016/j.fluid.2010.08.010,unverified,0.5,isobaric,0.9411764705882353,isobaric,415.75,414.6512451171875,,,8.392333984375e-05,True,False,48,CCCCCCO,mol_eb71ecc709e3f0dc,0.06499999999999995,0.05510000000000004,0.1028001606464386,2.424572229385376,62.359642028808594,Cc1ccccc1C,mol_61c4de85d258b45d,0.935,0.9449,0.897199809551239,1.0087134838104248,90.94274139404297,,,,,,,
state_bc87726f2348d04b92225685,3c_6b60b4a3a536506a27ae,3,ternary_vle_english.xlsx,10.1016/j.fluid.2006.08.004,unverified,0.5,isobaric,0.9821428571428571,isobaric,338.38,339.06011962890625,,,5.340576171875e-05,True,False,48,CC(C)CC(C)(C)C,mol_57615b5c3546c298,0.04699999999999993,0.03700000000000003,0.02962133288383484,1.6475149393081665,38.751346588134766,CC(C)OC(C)C,mol_1a0ca8e5eeb68da8,0.489,0.567,0.5125693082809448,1.31324303150177,80.85521697998047,CCO,mol_f29e20f49d416e54,0.464,0.396,0.45780932903289795,1.361321210861206,73.42018127441406
state_bd4f78d88acef820d36955ab,2c_ca2ff513d4ae36f2f8e1,2,binary_vle_english.xlsx,10.1016/j.jct.2016.10.001,unverified,0.5,isobaric,0.8181818181818182,isobaric,361.0,365.9197082519531,,,0.00074005126953125,True,False,48,CCCO,mol_5fb2f93dc8caa9dc,0.261,0.402,0.32983672618865967,1.479182243347168,86.54642486572266,O,mol_e81dc06beaa39499,0.739,0.598,0.6701632738113403,1.075066328048706,85.45023345947266,,,,,,,
state_bd8007c34633b1026c356c4c,2c_045f196d049de4abb690,2,binary_vle_english.xlsx,10.1016/j.jct.2004.09.009,unverified,0.5,isobaric,0.9696969696969697,isobaric,361.97999999999996,360.9912109375,,,3.814697265625e-05,True,False,48,CCC(C)O,mol_06affb0d2c6c8ff2,0.30600000000000005,0.28690000000000004,0.22969481348991394,1.1618298292160034,65.44802856445312,COC(=O)OC,mol_0ec85594f0f896ea,0.694,0.7131,0.7703052163124084,1.0374783277511597,108.37613677978516,,,,,,,
state_be429f3b3055794b794a0412,2c_e0ef8174c7b6fc15273a,2,binary_vle_english.xlsx,10.1016/j.fluid.2005.06.024,unverified,0.5,isobaric,0.9743589743589743,isobaric,333.77,329.08984375,,,0.00016021728515625,True,False,48,CC(C)=O,mol_e04cf77cea7bbe66,0.8647,0.9889,0.9773956537246704,1.0271579027175903,111.50260162353516,CCOC(=O)OCC,mol_4df2781fcf4d4a77,0.13529999999999998,0.011099999999999999,0.022604335099458694,1.2774426937103271,13.251646041870117,,,,,,,
state_bf6863face6963c91e2a6e56,2c_d66c7a74cea5d8732e08,2,binary_vle_english.xlsx,10.1016/j.fluid.2017.09.010,unverified,0.5,isobaric,0.9473684210526315,isobaric,353.09999999999997,356.00897216796875,,,0.0,True,False,48,CC(C)O,mol_db030b5de88f8eaf,0.6892,0.6858,0.7391203045845032,1.1127418279647827,97.34119415283203,O,mol_e81dc06beaa39499,0.31079999999999997,0.31420000000000003,0.2608796954154968,1.3434054851531982,63.10639572143555,,,,,,,
state_bfc63bc13b0837a9ba4e467a,2c_be94156040a0f89bf1c4,2,binary_vle_english.xlsx,10.1016/j.fluid.2013.05.016,passed,1.0,isobaric,0.9411764705882353,isobaric,371.4,372.5191345214844,,,7.62939453125e-06,True,False,48,CCCCCCC,mol_fddb2c852c313396,1.0,1.0,1.0,1.0,101.29994201660156,CCCCCCCCC,mol_dd70207e50d8bf63,0.0,0.0,0.0,1.4202919006347656,25.783945083618164,,,,,,,
state_c0b5ae7e81a547ce506dc176,3c_c45f0751ac63a91a45e8,3,ternary_vle_english.xlsx,10.1016/j.fluid.2005.06.019,unverified,0.5,isobaric,0.9767441860465116,isobaric,383.39,386.2686767578125,,,0.000640869140625,True,False,48,CC(=O)OCC(C)C,mol_e7eb29ad965cc8ee,0.2,0.206,0.23065608739852905,1.3600573539733887,85.8992919921875,CC(C)CO,mol_015d21fca05fcd26,0.694,0.777,0.7317533493041992,1.075926661491394,99.27375793457031,CCCCCCO,mol_eb71ecc709e3f0dc,0.1060000000000001,0.017000000000000015,0.03759055957198143,1.451752781867981,24.745269775390625
state_c15ff9abbffcea69a34c86f6,2c_70d91a5b69e7fd494bfd,2,binary_vle_english.xlsx,10.1016/j.jct.2004.09.009,unverified,0.5,isobaric,0.9696969696969697,isobaric,352.27,352.8953857421875,,,0.00019073486328125,True,False,48,CC(C)O,mol_db030b5de88f8eaf,0.6382,0.6422,0.6326077580451965,1.1224374771118164,89.45931243896484,COC(=O)OC,mol_0ec85594f0f896ea,0.3618,0.3578,0.3673922121524811,1.1668877601623535,88.154052734375,,,,,,,
state_c1ee29890eac2665083c1beb,3c_f1332761d3af136f02b5,3,ternary_vle_english.xlsx,10.1016/j.fluid.2014.04.025,unverified,0.5,isobaric,0.9473684210526315,isobaric,385.71,385.6400146484375,,,0.00092315673828125,True,False,48,COCCO,mol_d291b272a64498d9,0.6339,0.4867,0.5736993551254272,1.0071028470993042,91.03385162353516,CS(C)=O,mol_7d3e12eaed0f467c,0.09860000000000002,0.005099999999999993,0.010350052267313004,0.827040433883667,12.857366561889648,Cc1ccccc1,mol_1c09299644053521,0.2675,0.5082,0.41595056653022766,1.6801639795303345,93.75175476074219
state_c2605a7751f8ed082b05fcda,3c_c45f0751ac63a91a45e8,3,ternary_vle_english.xlsx,10.1016/j.fluid.2005.06.019,unverified,0.5,isobaric,0.9767441860465116,isobaric,381.72999999999996,386.76043701171875,,,0.0012664794921875,True,False,48,CC(=O)OCC(C)C,mol_e7eb29ad965cc8ee,0.048,0.052,0.06505917012691498,1.5794504880905151,86.93123626708984,CC(C)CO,mol_015d21fca05fcd26,0.907,0.941,0.9098870754241943,1.0102242231369019,100.59514617919922,CCCCCCO,mol_eb71ecc709e3f0dc,0.04499999999999993,0.007000000000000006,0.02505377307534218,2.2404050827026367,25.173791885375977
state_c3b9e2f629845fb4d5adbea7,2c_9f31aad1f9974e54ecb0,2,binary_vle_english.xlsx,10.1016/j.jct.2017.07.019,unverified,0.5,isobaric,0.95,isobaric,379.4,383.11328125,,,6.103515625e-05,True,False,48,Cc1ccc(C)cc1,mol_e7658ba520613aac,0.1511,0.18430000000000002,0.14850205183029175,2.450632333755493,40.62554931640625,OCC(F)(F)C(F)F,mol_48469952cf716332,0.8489,0.8157,0.8514979481697083,1.0349448919296265,98.17915344238281,,,,,,,
state_c5d86ce8aa45165793da681e,2c_ac155ac6c9df3bfcf363,2,binary_vle_english.xlsx,10.1016/j.fluid.2014.03.033,passed,1.0,full_state,0.0,isobaric,345.77,345.0126647949219,,,0.0006427764892578125,True,False,48,CC(=O)CC(C)C,mol_0a895444a9f0f36b,0.7888999999999999,0.938,0.9376124143600464,1.0475345849990845,23.37300682067871,O=Cc1ccco1,mol_cfdccd30b0689448,0.2111,0.062,0.06238754838705063,1.4912501573562622,4.082636833190918,,,,,,,
state_c63e11a8d1988d5bbbf4cf39,2c_fb0ad4b474929fdd899d,2,binary_vle_english.xlsx,10.1016/j.fluid.2007.09.014,unverified,0.5,isobaric,0.9583333333333334,isobaric,343.03,346.280029296875,,,0.0003814697265625,True,False,48,CC(C)OC(C)C,mol_1a0ca8e5eeb68da8,0.887,0.949,0.8847613334655762,1.0554487705230713,95.73619079589844,COCCO,mol_d291b272a64498d9,0.11299999999999999,0.051000000000000045,0.11523866653442383,4.164987564086914,24.80372428894043,,,,,,,
state_c7343f558f3630feef324f28,2c_079ccab2da1cc47051a9,2,binary_vle_english.xlsx,10.1016/j.fluid.2006.02.009,unverified,0.5,isobaric,0.9523809523809523,isobaric,337.53,338.20172119140625,,,7.62939453125e-06,True,False,48,CCCCCl,mol_f7989a5c13417f20,0.7693,0.9041,0.8818891644477844,1.0346719026565552,59.05314254760742,Cc1ccccc1,mol_1c09299644053521,0.23070000000000002,0.09589999999999999,0.11811085045337677,1.0831122398376465,25.193941116333008,,,,,,,
state_c749d4df2b5fa2f8233412c0,2c_f4a55bc5fa0e7d69faf8,2,binary_vle_english.xlsx,10.1016/j.fluid.2012.12.021,unverified,0.5,isobaric,0.9545454545454546,isobaric,341.30999999999995,339.8419189453125,,,2.6702880859375e-05,True,False,48,C1CCOCC1,mol_626f3d1f5bbb6f55,0.763,0.849,0.8283780217170715,1.0203287601470947,53.20277786254883,CCC(C)O,mol_06affb0d2c6c8ff2,0.237,0.151,0.17162199318408966,1.1331430673599243,31.95290184020996,,,,,,,
state_c74b6f186a46b7490e4164ad,2c_d66c7a74cea5d8732e08,2,binary_vle_english.xlsx,10.1016/j.jct.2017.02.005,unverified,0.5,isobaric,0.96875,isobaric,353.15999999999997,356.2809753417969,,,-2.288818359375e-05,True,False,48,CC(C)O,mol_db030b5de88f8eaf,0.607,0.643,0.6897261142730713,1.1588265895843506,98.05497741699219,O,mol_e81dc06beaa39499,0.393,0.357,0.3102739155292511,1.2404202222824097,63.647884368896484,,,,,,,
state_c879db33824cbc2894f6d82d,2c_46777e532a11b24ee585,2,binary_vle_english.xlsx,10.1016/j.fluid.2012.12.020,unverified,0.5,isobaric,0.9629629629629629,isobaric,361.66999999999996,362.90008544921875,,,-1.52587890625e-05,True,False,48,CC(C)O,mol_db030b5de88f8eaf,0.7645,0.9685,0.9577130675315857,1.0838208198547363,116.7405014038086,CCCCCO,mol_243de2450bee5519,0.23550000000000004,0.03149999999999997,0.04228696972131729,1.1587752103805542,15.650838851928711,,,,,,,
state_c88b5ab91e2e0a8b139a131b,2c_be94156040a0f89bf1c4,2,binary_vle_english.xlsx,10.1016/j.fluid.2013.05.016,passed,1.0,isobaric,0.9411764705882353,isobaric,373.29999999999995,374.14215087890625,,,-1.52587890625e-05,True,False,48,CCCCCCC,mol_fddb2c852c313396,0.929,0.99,0.9771390557289124,1.0059791803359985,105.91580200195312,CCCCCCCCC,mol_dd70207e50d8bf63,0.071,0.01,0.022860925644636154,1.1959649324417114,27.272571563720703,,,,,,,
state_c89e0dcc9630ea941ea9a6d4,2c_7c57a80413db66443080,2,binary_vle_english.xlsx,10.1016/j.jct.2010.05.014,unverified,0.5,isobaric,0.9615384615384616,isobaric,395.25,397.9123229980469,,,3.814697265625e-06,True,False,48,CCC(=O)O,mol_86c4db256d6270c6,0.16190000000000004,0.12970000000000004,0.1647500842809677,0.8131750226020813,66.69942474365234,CCCCCO,mol_243de2450bee5519,0.8381,0.8703,0.8352499604225159,0.9844530820846558,53.957637786865234,,,,,,,
state_c8e9b1c1358b7a8639264ab8,2c_0a42aa3dc6cf5132e23e,2,binary_vle_english.xlsx,10.1016/j.fluid.2011.10.009,passed,1.0,isobaric,0.9285714285714286,isobaric,411.4,419.1907043457031,,,7.62939453125e-06,True,False,48,CCCCCCCCC,mol_dd70207e50d8bf63,0.0,0.0,0.0,1.4049021005630493,108.8927993774414,Cc1ccc(C)cc1,mol_e7658ba520613aac,1.0,1.0,1.0,1.0,101.29994201660156,,,,,,,
state_c8ef25f8334d57ee67f1cc33,3c_c1f86c0bca7d787912fb,3,ternary_vle_english.xlsx,10.1016/j.jct.2011.10.025,unverified,0.5,isobaric,0.9807692307692307,isobaric,352.09999999999997,351.8089599609375,,,1.52587890625e-05,True,False,48,C1CCOCC1,mol_626f3d1f5bbb6f55,0.154,0.096,0.13522221148014069,1.1480937004089355,77.47457122802734,CC(C)CC(C)(C)C,mol_57615b5c3546c298,0.33999999999999997,0.30000000000000004,0.27126166224479675,1.4458094835281372,55.89946365356445,CC(C)O,mol_db030b5de88f8eaf,0.506,0.604,0.5935161113739014,1.3684042692184448,86.8313980102539
state_c9d821c2e3695d6cbb93903b,3c_954c33e76e33ef115670,3,ternary_vle_english.xlsx,10.1016/j.fluid.2006.07.003,unverified,0.5,isobaric,0.9761904761904762,isobaric,361.41999999999996,363.1112976074219,,,0.00014495849609375,True,False,48,CCCCCO,mol_243de2450bee5519,0.09599999999999997,0.01100000000000012,0.015088040381669998,1.0089744329452515,15.779427528381348,CCCO,mol_5fb2f93dc8caa9dc,0.498,0.424,0.49047791957855225,1.2559988498687744,79.43476867675781,CCCOCCC,mol_e13b90e4aa2e917d,0.406,0.565,0.4944339990615845,1.35079824924469,91.32750701904297
state_c9ec4b3a79caa164c09d095e,2c_7b12ee2d0e35e39326bc,2,binary_vle_english.xlsx,10.1016/j.fluid.2011.08.007,unverified,0.5,isobaric,0.9642857142857143,isobaric,327.35999999999996,318.92578125,,,-4.57763671875e-05,True,False,48,CCOCCO,mol_ab8630148ae67e51,0.0,0.0,0.0,0.5967187285423279,5.544750213623047,CO,mol_a85d32e4db2ff39c,1.0,1.0,1.0,1.0,66.6599349975586,,,,,,,
state_cc45b74082fde969cd4055be,3c_65250b1389afa8bc1bcc,3,ternary_vle_english.xlsx,10.1016/j.fluid.2013.01.020,unverified,0.5,isothermal,0.9655172413793104,isothermal,,,39.379961125632,38.771568298339844,0.0,True,False,48,CC(=O)C(C)C,mol_b650f1cc3cac74aa,0.35,0.1625000000000001,0.14979690313339233,1.1091817617416382,14.960477828979492,CC(C)C(C)C,mol_7347d05012022dd9,0.2442,0.4357,0.3904804587364197,1.1116091012954712,55.771827697753906,CC(C)OC(C)C,mol_1a0ca8e5eeb68da8,0.4058,0.4018,0.459722638130188,1.0620429515838623,41.35757827758789
state_cc6c9f3ea47de68077fd7f5a,3c_485aadc678c8a7fb274c,3,ternary_vle_english.xlsx,10.1016/j.fluid.2011.05.011,unverified,0.5,isothermal,0.9642857142857143,isothermal,,,23.74004745792,20.852272033691406,0.0,True,False,48,CC(=O)CC(C)C,mol_0a895444a9f0f36b,0.6439,0.40880000000000005,0.49816179275512695,1.0034204721450806,16.0776424407959,CC(C)CC(C)(C)C,mol_57615b5c3546c298,0.2197,0.471,0.37177228927612305,1.0894577503204346,32.388431549072266,CC(C)CO,mol_015d21fca05fcd26,0.1364,0.1202,0.13006591796875,1.051393985748291,18.911977767944336
state_ccaeb711ccaae359817aef47,2c_98afb8e6c65a310db5e0,2,binary_vle_english.xlsx,10.1016/j.jct.2012.12.026,unverified,0.5,isothermal,0.9,isothermal,,,127.80002219507199,166.1116943359375,1.52587890625e-05,True,False,48,F/C=C/C(F)(F)F,mol_0e763ba6787b2749,0.20799999999999996,0.22599999999999998,0.14624826610088348,0.6716192960739136,173.90194702148438,FC(F)C(F)F,mol_fccff6221e62b4bc,0.792,0.774,0.8537517189979553,0.9801918268203735,182.6819305419922,,,,,,,
state_cdfecb87014c3892766b9d7b,2c_d498cbbd8f767d43f3e7,2,binary_vle_english.xlsx,10.1016/j.fluid.2011.06.001,unverified,0.5,isothermal,0.9230769230769231,isothermal,,,12.790014729344001,17.484542846679688,-1.9073486328125e-06,True,False,48,CC(C)OC(C)C,mol_1a0ca8e5eeb68da8,0.8647,0.8533999999999999,0.9359276294708252,0.9795692563056946,19.319499969482422,CCC(C)Cl,mol_9f4835d3aad75f1c,0.1353,0.1466,0.06407230347394943,0.5200992226600647,15.919909477233887,,,,,,,
state_ce7412a9cbd787b9ed493b9b,3c_485aadc678c8a7fb274c,3,ternary_vle_english.xlsx,10.1016/j.fluid.2011.05.011,unverified,0.5,isothermal,0.9642857142857143,isothermal,,,14.200032093312,16.30504608154297,0.0,True,False,48,CC(=O)CC(C)C,mol_0a895444a9f0f36b,0.19279999999999997,0.23460000000000003,0.15127001702785492,0.7956928014755249,16.0776424407959,CC(C)CC(C)(C)C,mol_57615b5c3546c298,0.002,0.0119,0.004482743330299854,1.1283553838729858,32.388431549072266,CC(C)CO,mol_015d21fca05fcd26,0.8052,0.7535,0.8442472219467163,0.903963565826416,18.911977767944336
state_cf6ac366ae03bddd01992d3d,3c_485aadc678c8a7fb274c,3,ternary_vle_english.xlsx,10.1016/j.fluid.2011.05.011,unverified,0.5,isothermal,0.9642857142857143,isothermal,,,15.449929293312,16.46261978149414,0.0,True,False,48,CC(=O)CC(C)C,mol_0a895444a9f0f36b,0.8563,0.8073,0.8420702219009399,1.0069292783737183,16.0776424407959,CC(C)CC(C)(C)C,mol_57615b5c3546c298,0.0062,0.0284,0.011493189260363579,0.942232072353363,32.388431549072266,CC(C)CO,mol_015d21fca05fcd26,0.1375,0.1643,0.1464366316795349,0.9270625710487366,18.911977767944336
state_cfcf56ee6e97df7f161b3d70,2c_40e8c463ab1ddecad6ca,2,binary_vle_english.xlsx,10.1016/j.fluid.2014.12.025,unverified,0.5,isothermal,0.8,isothermal,,,18.099978002047997,16.494457244873047,0.0,True,False,48,CCCCCCC,mol_fddb2c852c313396,0.7809,0.8181,0.8864305019378662,0.8861477971076965,21.129106521606445,Cc1ccccc1,mol_1c09299644053521,0.21909999999999996,0.18189999999999995,0.1135694682598114,0.5571832060813904,15.34472942352295,,,,,,,
state_cfe76c796ead37602c56e05d,2c_50cae961bcfb98dfb10a,2,binary_vle_english.xlsx,10.1016/j.fluid.2013.05.019,passed,1.0,full_state,0.5714285714285714,isothermal,,,101.330065929984,93.49986267089844,-7.62939453125e-06,True,False,48,CC(C)=C(C)C,mol_ac85c03b48dc0205,0.999424,0.999704,0.9992450475692749,1.0000001192092896,93.48310852050781,c1ccsc1,mol_7953343be0b435d5,0.000576,0.000296,0.0007549554575234652,1.632759928703308,75.05635070800781,,,,,,,
state_d1dc3566fef64163ce586a58,2c_b399893600891028146a,2,binary_vle_english.xlsx,10.1016/j.fluid.2016.10.024,unverified,0.5,isothermal,0.9523809523809523,isothermal,,,42.479972826368,34.25163269042969,0.0,True,False,48,CC(C)=O,mol_e04cf77cea7bbe66,0.169,0.626,0.40821102261543274,0.6744921803474426,122.65982818603516,CCC(C)O,mol_06affb0d2c6c8ff2,0.831,0.374,0.5917890071868896,0.9761075377464294,24.989036560058594,,,,,,,
state_d221684dfe9f9fe5a650102d,2c_ab90a05e58432c71abba,2,binary_vle_english.xlsx,10.1016/j.fluid.2011.05.011,unverified,0.5,isothermal,0.9411764705882353,isothermal,,,16.87994501248,16.90966796875,0.0,True,False,48,CC(=O)CC(C)C,mol_0a895444a9f0f36b,0.9497,0.815,0.9027531147003174,0.9997588992118835,16.0776424407959,CC(C)CC(C)(C)C,mol_57615b5c3546c298,0.0503,0.185,0.09724695980548859,1.0093766450881958,32.388431549072266,,,,,,,
state_d264672e0c775a3c7fc6607a,2c_50cae961bcfb98dfb10a,2,binary_vle_english.xlsx,10.1016/j.fluid.2013.05.019,passed,1.0,full_state,0.5714285714285714,isothermal,,,101.330065929984,93.4925537109375,0.0,True,False,48,CC(C)=C(C)C,mol_ac85c03b48dc0205,0.999675,0.999853,0.9995739459991455,1.0,93.48310852050781,c1ccsc1,mol_7953343be0b435d5,0.000325,0.000147,0.0004260704154148698,1.6330052614212036,75.05635070800781,,,,,,,
state_d2f94da2022997b142987936,3c_a6f39dd395c2cfcf800d,3,ternary_vle_english.xlsx,10.1016/j.fluid.2009.01.016,unverified,0.5,isothermal,0.9333333333333333,isothermal,,,12.979999103744,8.48582649230957,-1.9073486328125e-06,True,False,48,CC(=O)C(C)(C)C,mol_61a887e37d396488,0.4186,0.4654,0.42675158381462097,0.6561794281005859,13.184004783630371,CC(C)(C)CO,mol_dfb42f12fdc989ed,0.526,0.248,0.3790528476238251,0.6759382486343384,9.04692554473877,COC(C)(C)C,mol_b614d6fea320c179,0.0554,0.2866,0.19419558346271515,0.4269799590110779,69.66523742675781
state_d45698f67d8dbfe5e846c005,2c_50cae961bcfb98dfb10a,2,binary_vle_english.xlsx,10.1016/j.fluid.2013.05.019,passed,1.0,full_state,0.5714285714285714,isothermal,,,101.330065929984,93.49803161621094,-7.62939453125e-06,True,False,48,CC(C)=C(C)C,mol_ac85c03b48dc0205,0.999487,0.999756,0.9993276000022888,1.0000001192092896,93.48310852050781,c1ccsc1,mol_7953343be0b435d5,0.000513,0.000244,0.0006724208360537887,1.632821798324585,75.05635070800781,,,,,,,
state_d49f17c88de7894fd79f7360,2c_b399893600891028146a,2,binary_vle_english.xlsx,10.1016/j.fluid.2016.10.024,unverified,0.5,isothermal,0.9523809523809523,isothermal,,,115.499967168128,122.65982055664062,7.62939453125e-06,True,False,48,CC(C)=O,mol_e04cf77cea7bbe66,1.0,1.0,1.0,1.0,122.65982818603516,CCC(C)O,mol_06affb0d2c6c8ff2,0.0,0.0,0.0,2.9387564659118652,24.989036560058594,,,,,,,
state_d4ff49d611a36956c4c4e80e,2c_ea9da779580d9b792700,2,binary_vle_english.xlsx,10.1016/j.jct.2012.11.005,unverified,0.5,isothermal,0.9411764705882353,isothermal,,,41.1899455936,42.77668762207031,-3.814697265625e-06,True,False,48,CC(C)OC(C)C,mol_1a0ca8e5eeb68da8,0.219,0.495,0.22683238983154297,1.34833824634552,32.86012649536133,CO,mol_a85d32e4db2ff39c,0.781,0.505,0.773167610168457,0.9753879308700562,43.416255950927734,,,,,,,
state_d71a9712580a5bd4f81dced7,2c_5018f9e15dae7c08710f,2,binary_vle_english.xlsx,10.1016/j.fluid.2011.06.001,passed,1.0,isothermal,0.9166666666666666,isothermal,,,12.890006505344001,15.913711547851562,0.0,True,False,48,CC(C)CCl,mol_b6f57216bc07a08c,0.3628,0.3685,0.24731723964214325,0.9257766604423523,11.717968940734863,CC(C)OC(C)C,mol_1a0ca8e5eeb68da8,0.6372,0.6315,0.7526827454566956,0.9729976654052734,19.319499969482422,,,,,,,
state_d769faf7c0c7f70791565d0b,2c_8742372ba72e435a7962,2,binary_vle_english.xlsx,10.1016/j.fluid.2013.01.020,unverified,0.5,isothermal,0.9473684210526315,isothermal,,,35.440018506496,26.504058837890625,-1.9073486328125e-06,True,False,48,CC(=O)C(C)C,mol_b650f1cc3cac74aa,0.7443,0.3095,0.4163491129875183,0.9910064935684204,14.960477828979492,CC(C)C(C)C,mol_7347d05012022dd9,0.2557,0.6905,0.5836508870124817,1.0847256183624268,55.771827697753906,,,,,,,
state_d7b669da1db44f50900313b7,2c_6f361cb0ec8be0b0e6dd,2,binary_vle_english.xlsx,10.1016/j.jct.2012.11.005,unverified,0.5,isothermal,0.9166666666666666,isothermal,,,42.189996675968004,41.58929443359375,0.0,True,False,48,CC(C)OC(C)C,mol_1a0ca8e5eeb68da8,0.651,0.691,0.7022913694381714,1.0848326683044434,41.35757827758789,CCO,mol_f29e20f49d416e54,0.349,0.30900000000000005,0.2977086007595062,1.1784319877624512,30.105300903320312,,,,,,,
state_d8132b503beda91d7b3cbece,2c_ab90a05e58432c71abba,2,binary_vle_english.xlsx,10.1016/j.fluid.2011.05.011,unverified,0.5,isothermal,0.9411764705882353,isothermal,,,15.40006672768,16.37002944946289,-1.9073486328125e-06,True,False,48,CC(=O)CC(C)C,mol_0a895444a9f0f36b,0.9816,0.9229,0.9640318155288696,0.9999628663063049,16.0776424407959,CC(C)CC(C)(C)C,mol_57615b5c3546c298,0.0184,0.0771,0.035968225449323654,0.9880084991455078,32.388431549072266,,,,,,,
state_da1b6f610dc07a105e8cedbe,2c_98afb8e6c65a310db5e0,2,binary_vle_english.xlsx,10.1016/j.jct.2012.12.026,unverified,0.5,isothermal,0.9,isothermal,,,124.300043390336,155.846923828125,0.0,True,False,48,F/C=C/C(F)(F)F,mol_0e763ba6787b2749,0.8049999999999999,0.775,0.8627157807350159,0.960429847240448,173.90194702148438,FC(F)C(F)F,mol_fccff6221e62b4bc,0.195,0.225,0.13728424906730652,0.600604772567749,182.6819305419922,,,,,,,
state_dba021c05ff79e3beb0938d4,2c_b399893600891028146a,2,binary_vle_english.xlsx,10.1016/j.fluid.2016.10.024,unverified,0.5,isothermal,0.9523809523809523,isothermal,,,98.270050939648,111.92820739746094,0.0,True,False,48,CC(C)=O,mol_e04cf77cea7bbe66,0.801,0.945,0.9410029649734497,1.0720021724700928,122.65982818603516,CCC(C)O,mol_06affb0d2c6c8ff2,0.19899999999999995,0.05500000000000005,0.05899703502655029,1.327905297279358,24.989036560058594,,,,,,,
state_dd0898d5ac115818b6ae7cb6,2c_31dd895be9cb26117aa9,2,binary_vle_english.xlsx,10.1016/j.jct.2015.07.024,unverified,0.5,isothermal,0.8888888888888888,isothermal,,,65.900046601088,59.40391540527344,0.0,True,False,48,CCOC(=O)OCC,mol_4df2781fcf4d4a77,0.843,0.6,0.6758068799972534,0.9794294834136963,48.62246322631836,CCOC(C)=O,mol_18876b584acc43d4,0.157,0.4,0.3241930603981018,0.7103248238563538,172.68798828125,,,,,,,
state_dd0df5e9cb950483f7cb9295,2c_ea9da779580d9b792700,2,binary_vle_english.xlsx,10.1016/j.jct.2012.11.005,unverified,0.5,isothermal,0.9411764705882353,isothermal,,,32.90995992896,42.85857391357422,0.0,True,False,48,CC(C)OC(C)C,mol_1a0ca8e5eeb68da8,0.051,0.302,0.04359069839119911,1.1147875785827637,32.86012649536133,CO,mol_a85d32e4db2ff39c,0.949,0.698,0.9564092755317688,0.9948621988296509,43.416255950927734,,,,,,,
state_dd55bfdffbbaa4aed9bb893c,2c_b399893600891028146a,2,binary_vle_english.xlsx,10.1016/j.fluid.2016.10.024,unverified,0.5,isothermal,0.9523809523809523,isothermal,,,109.299943766656,119.41806030273438,7.62939453125e-06,True,False,48,CC(C)=O,mol_e04cf77cea7bbe66,0.938,0.985,0.9722708463668823,1.0091415643692017,122.65982818603516,CCC(C)O,mol_06affb0d2c6c8ff2,0.062000000000000055,0.015000000000000013,0.027729179710149765,2.1373019218444824,24.989036560058594,,,,,,,
state_dd5dd548294617b57cd0c451,2c_b399893600891028146a,2,binary_vle_english.xlsx,10.1016/j.fluid.2016.10.024,unverified,0.5,isothermal,0.9523809523809523,isothermal,,,26.399962021887998,26.49826431274414,0.0,True,False,48,CC(C)=O,mol_e04cf77cea7bbe66,0.05,0.33,0.10651366412639618,0.46020397543907166,122.65982818603516,CCC(C)O,mol_06affb0d2c6c8ff2,0.95,0.6699999999999999,0.8934863209724426,0.9973146915435791,24.989036560058594,,,,,,,
state_de185c3197b0636c666bc371,2c_b399893600891028146a,2,binary_vle_english.xlsx,10.1016/j.fluid.2016.10.024,unverified,0.5,isothermal,0.9523809523809523,isothermal,,,74.06004213452799,81.64778137207031,0.0,True,False,48,CC(C)=O,mol_e04cf77cea7bbe66,0.5,0.853,0.8546947240829468,1.1378449201583862,122.65982818603516,CCC(C)O,mol_06affb0d2c6c8ff2,0.5,0.14700000000000002,0.14530523121356964,0.9495244026184082,24.989036560058594,,,,,,,
state_de575279769fc7e01d6f44c6,3c_65250b1389afa8bc1bcc,3,ternary_vle_english.xlsx,10.1016/j.fluid.2013.01.020,unverified,0.5,isothermal,0.9655172413793104,isothermal,,,48.56000609664,51.009254455566406,-3.814697265625e-06,True,False,48,CC(=O)C(C)C,mol_b650f1cc3cac74aa,0.18620000000000003,0.0939000000000001,0.0789778009057045,1.4462015628814697,14.960477828979492,CC(C)C(C)C,mol_7347d05012022dd9,0.6013,0.7432,0.7233402729034424,1.100235104560852,55.771827697753906,CC(C)OC(C)C,mol_1a0ca8e5eeb68da8,0.2125,0.1629,0.19768191874027252,1.147365689277649,41.35757827758789
state_df31252ccc0366df9cb6b255,2c_acf6c70dfacb27974826,2,binary_vle_english.xlsx,10.1016/j.fluid.2012.05.016,unverified,0.5,isothermal,0.9411764705882353,isothermal,,,14.440012355712,17.71490478515625,-1.9073486328125e-06,True,False,48,CCCO,mol_5fb2f93dc8caa9dc,0.8846,0.7575000000000001,0.9448434710502625,0.9482987523078918,19.952924728393555,CCCOC(C)=O,mol_67043ae833ecd0c7,0.1154,0.2425,0.055156584829092026,0.5353124737739563,15.8169584274292,,,,,,,
state_e0293d5b2b1fa18d28f34f2b,2c_e1c33e24ae7f6ab4d0bf,2,binary_vle_english.xlsx,10.1016/j.fluid.2010.01.024,unverified,0.5,isothermal,0.9375,isothermal,,,19.759974806015997,16.74139404296875,-1.9073486328125e-06,True,False,48,CC[N+](=O)[O-],mol_6fdb0ec09de24512,0.8753,0.6611,0.723713219165802,0.9921104311943054,13.952149391174316,ClCCCl,mol_e8df6c9e89c6b62a,0.1247,0.3389,0.2762868106365204,0.9229702353477478,40.188106536865234,,,,,,,
state_e089276620b46b834fe2ec6f,2c_e1c33e24ae7f6ab4d0bf,2,binary_vle_english.xlsx,10.1016/j.fluid.2010.01.024,unverified,0.5,isothermal,0.9375,isothermal,,,15.069960544512,13.952150344848633,-9.5367431640625e-07,True,False,48,CC[N+](=O)[O-],mol_6fdb0ec09de24512,1.0,1.0,1.0,1.0,13.952149391174316,ClCCCl,mol_e8df6c9e89c6b62a,0.0,0.0,0.0,0.7467324137687683,40.188106536865234,,,,,,,
state_e153c5e8ac721101be4a1224,2c_b399893600891028146a,2,binary_vle_english.xlsx,10.1016/j.fluid.2016.10.024,unverified,0.5,isothermal,0.9523809523809523,isothermal,,,18.149973890048,24.989036560058594,0.0,True,False,48,CC(C)=O,mol_e04cf77cea7bbe66,0.0,0.0,0.0,0.3924211263656616,122.65982818603516,CCC(C)O,mol_06affb0d2c6c8ff2,1.0,1.0,1.0,1.0,24.989036560058594,,,,,,,
state_e19bca7e30a2b4fd3d947584,2c_50cae961bcfb98dfb10a,2,binary_vle_english.xlsx,10.1016/j.fluid.2013.05.019,passed,1.0,full_state,0.5714285714285714,isothermal,,,101.330065929984,93.50386047363281,-7.62939453125e-06,True,False,48,CC(C)=C(C)C,mol_ac85c03b48dc0205,0.999287,0.999595,0.9990655779838562,1.000000238418579,93.48310852050781,c1ccsc1,mol_7953343be0b435d5,0.000713,0.000405,0.000934403098654002,1.6326264142990112,75.05635070800781,,,,,,,
state_e1bc0565e7c91a281fd1a37a,2c_5018f9e15dae7c08710f,2,binary_vle_english.xlsx,10.1016/j.fluid.2011.06.001,passed,1.0,isothermal,0.9166666666666666,isothermal,,,13.009996636543999,11.74600601196289,0.0,True,False,48,CC(C)CCl,mol_b6f57216bc07a08c,0.8604,0.8562,0.8475501537322998,0.9874221086502075,11.717968940734863,CC(C)OC(C)C,mol_1a0ca8e5eeb68da8,0.13959999999999995,0.14380000000000004,0.15244989097118378,0.66395103931427,19.319499969482422,,,,,,,
state_e1f2413c1752c153efba4745,2c_c830dc760c5163d2d27d,2,binary_vle_english.xlsx,10.1016/j.fluid.2011.05.011,unverified,0.5,isothermal,0.9285714285714286,isothermal,,,33.420051308927995,32.585350036621094,-3.814697265625e-06,True,False,48,CC(C)CC(C)(C)C,mol_57615b5c3546c298,0.7055,0.7613,0.7714298963546753,1.1000992059707642,32.388431549072266,CC(C)CO,mol_015d21fca05fcd26,0.2945,0.23870000000000002,0.2285701036453247,1.3372713327407837,18.911977767944336,,,,,,,
state_e2f58a64f4af5b470eb21023,3c_65250b1389afa8bc1bcc,3,ternary_vle_english.xlsx,10.1016/j.fluid.2013.01.020,unverified,0.5,isothermal,0.9655172413793104,isothermal,,,40.0600385248,37.574440002441406,-3.814697265625e-06,True,False,48,CC(=O)C(C)C,mol_b650f1cc3cac74aa,0.43920000000000003,0.18930000000000002,0.18588782846927643,1.063005805015564,14.960477828979492,CC(C)C(C)C,mol_7347d05012022dd9,0.2995,0.5501,0.5093144774436951,1.1456891298294067,55.771827697753906,CC(C)OC(C)C,mol_1a0ca8e5eeb68da8,0.2613,0.2606,0.3047977387905121,1.059765338897705,41.35757827758789
state_e4926edd7b61c1fd487757ed,3c_65250b1389afa8bc1bcc,3,ternary_vle_english.xlsx,10.1016/j.fluid.2013.01.020,unverified,0.5,isothermal,0.9655172413793104,isothermal,,,30.470027272192002,25.909896850585938,-1.9073486328125e-06,True,False,48,CC(=O)C(C)C,mol_b650f1cc3cac74aa,0.5993999999999999,0.29769999999999996,0.3416827917098999,0.9872487187385559,14.960477828979492,CC(C)C(C)C,mol_7347d05012022dd9,0.0826,0.2413,0.16605894267559052,0.9339702129364014,55.771827697753906,CC(C)OC(C)C,mol_1a0ca8e5eeb68da8,0.318,0.461,0.4922582805156708,0.9697872996330261,41.35757827758789
state_e4c062409c26e4d4469d49d8,3c_485aadc678c8a7fb274c,3,ternary_vle_english.xlsx,10.1016/j.fluid.2011.05.011,unverified,0.5,isothermal,0.9642857142857143,isothermal,,,31.78005286016,31.770214080810547,0.0,True,False,48,CC(=O)CC(C)C,mol_0a895444a9f0f36b,0.1139,0.08339999999999992,0.07241422683000565,1.2563133239746094,16.0776424407959,CC(C)CC(C)(C)C,mol_57615b5c3546c298,0.7887,0.7728,0.8352197408676147,1.0387693643569946,32.388431549072266,CC(C)CO,mol_015d21fca05fcd26,0.0974,0.1438,0.09236600250005722,1.5930755138397217,18.911977767944336
state_e4f5e91e70ac4507eff50847,2c_b399893600891028146a,2,binary_vle_english.xlsx,10.1016/j.fluid.2016.10.024,unverified,0.5,isothermal,0.9523809523809523,isothermal,,,26.339966956288,26.575347900390625,-1.9073486328125e-06,True,False,48,CC(C)=O,mol_e04cf77cea7bbe66,0.052,0.335,0.11116857081651688,0.4631858170032501,122.65982818603516,CCC(C)O,mol_06affb0d2c6c8ff2,0.948,0.665,0.8888314366340637,0.9971039891242981,24.989036560058594,,,,,,,
state_e53c7f5a7938bffcdf29cb85,2c_23001626ba9c10a2709a,2,binary_vle_english.xlsx,10.1016/j.fluid.2011.06.001,unverified,0.5,isothermal,0.9166666666666666,isothermal,,,22.420022692352,23.65850830078125,-1.9073486328125e-06,True,False,48,CC(C)(C)Cl,mol_cbd731ac6eef5e90,0.687,0.8206,0.8242484927177429,0.8834359049797058,32.13022232055664,CC(C)OC(C)C,mol_1a0ca8e5eeb68da8,0.31299999999999994,0.1794,0.1757514923810959,0.6876161694526672,19.319499969482422,,,,,,,
state_e5f5d6f5be5b27e7bbeb359f,2c_23001626ba9c10a2709a,2,binary_vle_english.xlsx,10.1016/j.fluid.2011.06.001,unverified,0.5,isothermal,0.9166666666666666,isothermal,,,19.975023785599998,18.73153305053711,0.0,True,False,48,CC(C)(C)Cl,mol_cbd731ac6eef5e90,0.4946,0.6823,0.58807772397995,0.6931707262992859,32.13022232055664,CC(C)OC(C)C,mol_1a0ca8e5eeb68da8,0.5054000000000001,0.3177,0.4119222164154053,0.7902371287345886,19.319499969482422,,,,,,,
state_e60629fc0d972613456635e4,2c_b399893600891028146a,2,binary_vle_english.xlsx,10.1016/j.fluid.2016.10.024,unverified,0.5,isothermal,0.9523809523809523,isothermal,,,33.14994019136,28.851177215576172,-1.9073486328125e-06,True,False,48,CC(C)=O,mol_e04cf77cea7bbe66,0.099,0.5,0.22717326879501343,0.5397382378578186,122.65982818603516,CCC(C)O,mol_06affb0d2c6c8ff2,0.901,0.5,0.7728267312049866,0.9903103709220886,24.989036560058594,,,,,,,
state_e6fd21057e72a044f2c4b112,2c_6f361cb0ec8be0b0e6dd,2,binary_vle_english.xlsx,10.1016/j.jct.2012.11.005,unverified,0.5,isothermal,0.9166666666666666,isothermal,,,40.0600385248,36.470184326171875,0.0,True,False,48,CC(C)OC(C)C,mol_1a0ca8e5eeb68da8,0.34,0.64,0.45749562978744507,1.18656325340271,41.35757827758789,CCO,mol_f29e20f49d416e54,0.6599999999999999,0.36,0.5425043702125549,0.9957590699195862,30.105300903320312,,,,,,,
state_e79364cbde69295741691fec,2c_d498cbbd8f767d43f3e7,2,binary_vle_english.xlsx,10.1016/j.fluid.2011.06.001,unverified,0.5,isothermal,0.9230769230769231,isothermal,,,12.69495588096,18.49652099609375,0.0,True,False,48,CC(C)OC(C)C,mol_1a0ca8e5eeb68da8,0.9369,0.9299999999999999,0.9741166234016418,0.9954326152801514,19.319499969482422,CCC(C)Cl,mol_9f4835d3aad75f1c,0.0631,0.07,0.0258833896368742,0.47658592462539673,15.919909477233887,,,,,,,
state_e7f8001be3f51a72a7a31a5e,2c_4cc4055379eb0154120e,2,binary_vle_english.xlsx,10.1016/j.fluid.2010.01.006,unverified,0.5,isothermal,0.9629629629629629,isothermal,,,386.099977859584,414.872314453125,3.0517578125e-05,True,False,48,CCCC,mol_fadb5806094149e6,0.8999,0.9909,0.9869861602783203,1.0374211072921753,438.607666015625,CCSCC,mol_a7491cfbf016fee6,0.10009999999999997,0.009099999999999997,0.013013835065066814,3.1395349502563477,17.179889678955078,,,,,,,
state_e8a6fd31e498321b2dbe1124,2c_500953d4ef1e1d57286b,2,binary_vle_english.xlsx,10.1016/j.fluid.2012.10.015,unverified,0.5,isothermal,0.9333333333333333,isothermal,,,13.719938246144,14.132049560546875,-9.5367431640625e-07,True,False,48,CCCCCl,mol_f7989a5c13417f20,1.0,1.0,1.0,1.0,14.132048606872559,CC[N+](=O)[O-],mol_6fdb0ec09de24512,0.0,0.0,0.0,0.8940273523330688,3.3900809288024902,,,,,,,
state_e8f7266b9420112c62c9c993,2c_e1c33e24ae7f6ab4d0bf,2,binary_vle_english.xlsx,10.1016/j.fluid.2010.01.024,unverified,0.5,isothermal,0.9375,isothermal,,,29.959935892224,28.416057586669922,-1.9073486328125e-06,True,False,48,CC[N+](=O)[O-],mol_6fdb0ec09de24512,0.5637,0.29169999999999996,0.2716703414916992,0.9815599918365479,13.952149391174316,ClCCCl,mol_e8df6c9e89c6b62a,0.4363,0.7083,0.7283296585083008,1.1803451776504517,40.188106536865234,,,,,,,
state_e908a84067aa959bace14c3b,2c_c830dc760c5163d2d27d,2,binary_vle_english.xlsx,10.1016/j.fluid.2011.05.011,unverified,0.5,isothermal,0.9285714285714286,isothermal,,,33.460048019328,33.080528259277344,0.0,True,False,48,CC(C)CC(C)(C)C,mol_57615b5c3546c298,0.8041,0.7857,0.8252729177474976,1.048262596130371,32.388431549072266,CC(C)CO,mol_015d21fca05fcd26,0.19589999999999996,0.21430000000000005,0.17472702264785767,1.5601311922073364,18.911977767944336,,,,,,,
state_e986905e303d7507def220db,2c_40e8c463ab1ddecad6ca,2,binary_vle_english.xlsx,10.1016/j.fluid.2014.12.025,unverified,0.5,isothermal,0.8,isothermal,,,17.300043794047998,13.826812744140625,-9.5367431640625e-07,True,False,48,CCCCCCC,mol_fddb2c852c313396,0.5716,0.6559,0.6191596388816833,0.7088450789451599,21.129106521606445,Cc1ccccc1,mol_1c09299644053521,0.4284,0.34409999999999996,0.38084036111831665,0.8010439276695251,15.34472942352295,,,,,,,
state_e99b83ee24232437ec4b0929,2c_e0c162126f5997f9fcd9,2,binary_vle_english.xlsx,10.1016/j.fluid.2016.02.018,unverified,0.5,isothermal,0.8,isothermal,,,31.299959012992,34.31190490722656,0.0,True,False,48,CCCCCCC,mol_fddb2c852c313396,0.4053,0.2631,0.21675512194633484,0.8684732913970947,21.129106521606445,c1ccccc1,mol_7165dcf6be1f831d,0.5947,0.7369,0.7832448482513428,1.0334489345550537,43.727577209472656,,,,,,,
state_ea9c146708a1428ac74ae8fd,3c_485aadc678c8a7fb274c,3,ternary_vle_english.xlsx,10.1016/j.fluid.2011.05.011,unverified,0.5,isothermal,0.9642857142857143,isothermal,,,32.96995499456,32.06700897216797,-3.814697265625e-06,True,False,48,CC(=O)CC(C)C,mol_0a895444a9f0f36b,0.03280000000000005,0.023500000000000076,0.01808561198413372,1.0997536182403564,16.0776424407959,CC(C)CC(C)(C)C,mol_57615b5c3546c298,0.6797,0.7464,0.7625105977058411,1.1107008457183838,32.388431549072266,CC(C)CO,mol_015d21fca05fcd26,0.2875,0.2301,0.21940374374389648,1.2939802408218384,18.911977767944336
state_eb8278f0f4753f42575fa5c3,3c_485aadc678c8a7fb274c,3,ternary_vle_english.xlsx,10.1016/j.fluid.2011.05.011,unverified,0.5,isothermal,0.9642857142857143,isothermal,,,25.780013010688002,21.773418426513672,-1.9073486328125e-06,True,False,48,CC(=O)CC(C)C,mol_0a895444a9f0f36b,0.2481,0.16989999999999994,0.18709489703178406,1.0212671756744385,16.0776424407959,CC(C)CC(C)(C)C,mol_57615b5c3546c298,0.1959,0.515,0.3697851002216339,1.2689708471298218,32.388431549072266,CC(C)CO,mol_015d21fca05fcd26,0.556,0.3151,0.44312000274658203,0.9175636172294617,18.911977767944336
state_ec55ca158d183725dfdd55d9,2c_ac155ac6c9df3bfcf363,2,binary_vle_english.xlsx,10.1016/j.fluid.2014.03.033,passed,1.0,full_state,0.0,isothermal,,,17.500027346048,17.914649963378906,0.0,True,False,48,CC(=O)CC(C)C,mol_0a895444a9f0f36b,0.5893999999999999,0.881,0.8876755833625793,1.128087043762207,23.917173385620117,O=Cc1ccco1,mol_cfdccd30b0689448,0.4106,0.119,0.11232443153858185,1.166985273361206,4.1995062828063965,,,,,,,
state_eca487d50d2724f752bfa7d8,2c_d498cbbd8f767d43f3e7,2,binary_vle_english.xlsx,10.1016/j.fluid.2011.06.001,unverified,0.5,isothermal,0.9230769230769231,isothermal,,,13.039994169344,14.040206909179688,0.0,True,False,48,CC(C)OC(C)C,mol_1a0ca8e5eeb68da8,0.6212,0.6067,0.7265298366546631,0.8499621748924255,19.319499969482422,CCC(C)Cl,mol_9f4835d3aad75f1c,0.3788,0.3933,0.2734701335430145,0.6366970539093018,15.919909477233887,,,,,,,
state_ed38d0a9b91c0178a3dfd2b0,3c_65250b1389afa8bc1bcc,3,ternary_vle_english.xlsx,10.1016/j.fluid.2013.01.020,unverified,0.5,isothermal,0.9655172413793104,isothermal,,,40.430008096,37.026611328125,-3.814697265625e-06,True,False,48,CC(=O)C(C)C,mol_b650f1cc3cac74aa,0.4788,0.20020000000000004,0.20284321904182434,1.0485154390335083,14.960477828979492,CC(C)C(C)C,mol_7347d05012022dd9,0.3224,0.603,0.563531219959259,1.1604381799697876,55.771827697753906,CC(C)OC(C)C,mol_1a0ca8e5eeb68da8,0.1988,0.1968,0.23362553119659424,1.0521138906478882,41.35757827758789
state_ed9a74838dd7d04c6573eb6d,2c_acf6c70dfacb27974826,2,binary_vle_english.xlsx,10.1016/j.fluid.2012.05.016,unverified,0.5,isothermal,0.9411764705882353,isothermal,,,16.71995817088,15.840700149536133,0.0,True,False,48,CCCO,mol_5fb2f93dc8caa9dc,0.15959999999999996,0.21899999999999997,0.15500719845294952,0.7710575461387634,19.952924728393555,CCCOC(C)=O,mol_67043ae833ecd0c7,0.8404,0.781,0.8449928164482117,1.006974220275879,15.8169584274292,,,,,,,
state_cb19551cb6c0e4328e430ab8,2c_94ed5d0a73a3c26e5ef5,2,binary_vle_english.xlsx,10.1016/j.fluid.2011.06.009,unverified,0.5,isobaric,0.8888888888888888,isobaric,315.14,303.1184387207031,,,7.62939453125e-06,True,False,48,CCO,mol_f29e20f49d416e54,0.96,0.957,0.9938525557518005,0.9971683621406555,20.46296501159668,O,mol_e81dc06beaa39499,0.040000000000000036,0.04300000000000004,0.006147419568151236,0.33831357955932617,8.953642845153809,,,,,,,
state_cbaef7cb75770a08300238b0,3c_6b60b4a3a536506a27ae,3,ternary_vle_english.xlsx,10.1016/j.fluid.2006.08.004,unverified,0.5,isobaric,0.9821428571428571,isobaric,338.64,341.7619323730469,,,3.814697265625e-05,True,False,48,CC(C)CC(C)(C)C,mol_57615b5c3546c298,0.051999999999999935,0.025000000000000022,0.033890433609485626,1.5728342533111572,41.97591018676758,CC(C)OC(C)C,mol_1a0ca8e5eeb68da8,0.808,0.761,0.7127670049667358,1.0366184711456299,86.2038345336914,CCO,mol_f29e20f49d416e54,0.14,0.214,0.25334253907203674,2.2928786277770996,79.94813537597656
state_cc8a6b84404667a778d5792e,2c_42d2383a8e4daebeb5e1,2,binary_vle_english.xlsx,10.1016/j.fluid.2010.08.002,unverified,0.5,isobaric,0.875,isobaric,354.55999999999995,354.7322998046875,,,2.6702880859375e-05,True,False,48,CCCCCCC,mol_fddb2c852c313396,0.982,0.982,0.9911370873451233,1.000563144683838,60.52421569824219,CCCOCCO,mol_770d75a3bb2412ce,0.018000000000000016,0.018000000000000016,0.008862928487360477,2.5265860557556152,11.692896842956543,,,,,,,
state_ccf95e93991b6bb03e54e0b8,2c_ca2ff513d4ae36f2f8e1,2,binary_vle_english.xlsx,10.1016/j.jct.2016.10.001,unverified,0.5,isobaric,0.8181818181818182,isobaric,361.0,366.0795593261719,,,0.00092315673828125,True,False,48,CCCO,mol_5fb2f93dc8caa9dc,0.242,0.403,0.31548812985420227,1.5185506343841553,86.96640014648438,O,mol_e81dc06beaa39499,0.758,0.597,0.6845118999481201,1.0654830932617188,85.8575210571289,,,,,,,
state_ccfb425bddc7d9c8d4fb5f40,2c_21b807a1a6c6348c91ac,2,binary_vle_english.xlsx,10.1016/j.fluid.2018.07.027,unverified,0.5,isobaric,0.9629629629629629,isobaric,367.35999999999996,369.20391845703125,,,-3.0517578125e-05,True,False,48,CC(C)CC(C)(C)C,mol_57615b5c3546c298,0.7828,0.7669,0.7515973448753357,1.0993897914886475,88.46912384033203,CCCCO,mol_ad4ef9c6c876ca2f,0.21719999999999995,0.23309999999999997,0.24840262532234192,2.233264207839966,51.875858306884766,,,,,,,
state_cfbcbf47d70b405d81b14ccf,2c_3c77d4a7763529aa395e,2,binary_vle_english.xlsx,10.1016/j.fluid.2017.10.001,unverified,0.5,isobaric,0.95,isobaric,347.53999999999996,347.6971435546875,,,2.288818359375e-05,True,False,48,CCC(C)=O,mol_4cfc5db0ca2ab00b,0.429,0.445,0.371499627828598,1.2489629983901978,70.23616790771484,CCO,mol_f29e20f49d416e54,0.571,0.5549999999999999,0.6285004019737244,1.1620503664016724,95.95195007324219,,,,,,,
state_cfe76c796ead37602c56e05d,2c_50cae961bcfb98dfb10a,2,binary_vle_english.xlsx,10.1016/j.fluid.2013.05.019,passed,1.0,full_state,0.5714285714285714,isobaric,346.27,350.06732177734375,,,0.0001068115234375,True,False,48,CC(C)=C(C)C,mol_ac85c03b48dc0205,0.999424,0.999704,0.9991775751113892,1.000000238418579,101.30516052246094,c1ccsc1,mol_7953343be0b435d5,0.000576,0.000296,0.0008224011980928481,1.7234419584274292,83.94664764404297,,,,,,,
state_d002c9912bddda71d8d0c2c4,3c_6b60b4a3a536506a27ae,3,ternary_vle_english.xlsx,10.1016/j.fluid.2006.08.004,unverified,0.5,isobaric,0.9821428571428571,isobaric,339.28,341.376953125,,,-7.62939453125e-06,True,False,48,CC(C)CC(C)(C)C,mol_57615b5c3546c298,0.15500000000000003,0.08099999999999996,0.08760109543800354,1.3794304132461548,41.50373458862305,CC(C)OC(C)C,mol_1a0ca8e5eeb68da8,0.605,0.599,0.5744461417198181,1.1259359121322632,85.42586517333984,CCO,mol_f29e20f49d416e54,0.24,0.32,0.33795276284217834,1.8058459758758545,78.99019622802734
state_d06787b7c9dc600c010b3db0,2c_165952a69a69e7a8d3f6,2,binary_vle_english.xlsx,10.1016/j.fluid.2007.06.005,unverified,0.5,isobaric,0.9130434782608695,isobaric,344.47999999999996,347.3874206542969,,,0.00022125244140625,True,False,48,CC(C)CC(C)(C)C,mol_57615b5c3546c298,0.403,0.36,0.2856404483318329,1.4540529251098633,49.37925720214844,CCO,mol_f29e20f49d416e54,0.597,0.64,0.7143595218658447,1.2751675844192505,95.0572738647461,,,,,,,
state_d0705a094665523cc842c71c,2c_9f31aad1f9974e54ecb0,2,binary_vle_english.xlsx,10.1016/j.jct.2017.07.019,unverified,0.5,isobaric,0.95,isobaric,379.45,383.6127624511719,,,1.52587890625e-05,True,False,48,Cc1ccc(C)cc1,mol_e7658ba520613aac,0.2782,0.2277,0.20936740934848785,1.8507972955703735,41.19099807739258,OCC(F)(F)C(F)F,mol_48469952cf716332,0.7218,0.7723,0.7906326055526733,1.1166021823883057,99.37303161621094,,,,,,,
state_d07b800a819a2e81847bbf27,2c_7c6b847ee4cb190db3ef,2,binary_vle_english.xlsx,10.1016/j.fluid.2005.06.024,unverified,0.5,isobaric,0.9666666666666667,isobaric,355.58,361.3066101074219,,,-7.62939453125e-06,True,False,48,CCC(C)=O,mol_4cfc5db0ca2ab00b,0.8949,0.9779,0.9368627071380615,1.0206260681152344,103.9324951171875,CCOC(=O)OCC,mol_4df2781fcf4d4a77,0.10509999999999997,0.02210000000000001,0.06313729286193848,1.7227152585983276,35.333473205566406,,,,,,,
state_d11d20009f2731b330f311e9,2c_4c757308eefec1e2dd80,2,binary_vle_english.xlsx,10.1016/j.fluid.2011.11.020,unverified,0.5,isobaric,0.9444444444444444,isobaric,332.19,344.2550354003906,,,0.0015411376953125,True,False,48,C=C(C)C(C)C,mol_6f1c44bf29e6107c,0.765,0.8714999999999999,0.7256127595901489,1.055164098739624,91.08951568603516,c1ccsc1,mol_7953343be0b435d5,0.235,0.1285,0.27438730001449585,1.6745023727416992,70.65701293945312,,,,,,,
state_d12c6235635c1791e445fb5a,2c_70d91a5b69e7fd494bfd,2,binary_vle_english.xlsx,10.1016/j.jct.2004.09.009,unverified,0.5,isobaric,0.9696969696969697,isobaric,352.34999999999997,352.9168395996094,,,0.00026702880859375,True,False,48,CC(C)O,mol_db030b5de88f8eaf,0.5789,0.6051,0.5906265377998352,1.1546210050582886,89.51179504394531,COC(=O)OC,mol_0ec85594f0f896ea,0.42110000000000003,0.39490000000000003,0.4093734323978424,1.1165015697479248,88.20341491699219,,,,,,,
state_d1bf572d02c94b9d450181ae,3c_f0c258463b44c2183ab7,3,ternary_vle_english.xlsx,10.1016/j.fluid.2005.03.014,unverified,0.5,isobaric,0.9767441860465116,isobaric,383.80999999999995,383.2651672363281,,,3.814697265625e-05,True,False,48,CC(=O)OCC(C)C,mol_e7eb29ad965cc8ee,0.4,0.394,0.42766302824020386,1.3571451902389526,79.80401611328125,CC(C)CO,mol_015d21fca05fcd26,0.502,0.576,0.5381811857223511,1.1868400573730469,91.50439453125,CN(C)C=O,mol_ca12d6d2f2ffb170,0.09799999999999998,0.030000000000000027,0.03415575250983238,1.0293238162994385,34.300079345703125
state_d1d8974a07a49b98be89575a,2c_d61da005b4125a743b07,2,binary_vle_english.xlsx,10.1016/j.fluid.2009.03.008,unverified,0.5,isobaric,0.9583333333333334,isobaric,363.84999999999997,362.9660339355469,,,5.340576171875e-05,True,False,48,CC(=O)O,mol_9ac385b135af0125,0.3688,0.1247,0.17618785798549652,1.1698124408721924,41.38160705566406,CCC(C)=O,mol_4cfc5db0ca2ab00b,0.6312,0.8753,0.8238121867179871,1.2155420780181885,108.80020904541016,,,,,,,
state_d264672e0c775a3c7fc6607a,2c_50cae961bcfb98dfb10a,2,binary_vle_english.xlsx,10.1016/j.fluid.2013.05.019,passed,1.0,full_state,0.5714285714285714,isobaric,346.27,350.07244873046875,,,6.866455078125e-05,True,False,48,CC(C)=C(C)C,mol_ac85c03b48dc0205,0.999675,0.999853,0.9995357990264893,1.0,101.31602478027344,c1ccsc1,mol_7953343be0b435d5,0.000325,0.000147,0.00046420434955507517,1.723837971687317,83.95914459228516,,,,,,,
state_d2ebf6385e8413bbfc82a5ac,2c_01b27b0603388a2088b7,2,binary_vle_english.xlsx,10.1016/j.fluid.2005.01.007,unverified,0.5,isobaric,0.9545454545454546,isobaric,329.69,325.5663757324219,,,0.00058746337890625,True,False,48,CC(C)=O,mol_e04cf77cea7bbe66,0.951,0.965,0.9635508060455322,1.0020428895950317,102.44840240478516,CCO,mol_f29e20f49d416e54,0.049000000000000044,0.03500000000000003,0.03644919395446777,1.6044247150421143,46.975337982177734,,,,,,,
state_d30161472710279edf154f39,2c_d66c7a74cea5d8732e08,2,binary_vle_english.xlsx,10.1016/j.jct.2006.04.006,unverified,0.5,isobaric,0.9444444444444444,isobaric,353.17999999999995,356.7305908203125,,,-7.62939453125e-06,True,False,48,CC(C)O,mol_db030b5de88f8eaf,0.602,0.641,0.6859239339828491,1.1630120277404785,99.24403381347656,O,mol_e81dc06beaa39499,0.398,0.359,0.3140760660171509,1.2383854389190674,64.55131530761719,,,,,,,
state_d35144b517c16127302484e1,2c_7c6b847ee4cb190db3ef,2,binary_vle_english.xlsx,10.1016/j.fluid.2005.06.024,unverified,0.5,isobaric,0.9666666666666667,isobaric,356.45,361.6361999511719,,,5.340576171875e-05,True,False,48,CCC(C)=O,mol_4cfc5db0ca2ab00b,0.8663,0.9701,0.9253485798835754,1.031906008720398,104.88509368896484,CCOC(=O)OCC,mol_4df2781fcf4d4a77,0.13370000000000004,0.029900000000000038,0.07465136796236038,1.586614966392517,35.657562255859375,,,,,,,
state_d3d34659000d7c60ad408b18,2c_72d232cf7a8125302e6c,2,binary_vle_english.xlsx,10.1016/j.fluid.2009.01.006,unverified,0.5,isobaric,0.9333333333333333,isobaric,335.4,337.4704284667969,,,4.57763671875e-05,True,False,48,CN(C)C=O,mol_ca12d6d2f2ffb170,0.08420000000000005,0.015900000000000025,0.019902901723980904,3.1368205547332764,7.633504390716553,ClC(Cl)Cl,mol_d9e0a2387a6283f9,0.9158,0.9841,0.9800970554351807,1.018877625465393,106.40347290039062,,,,,,,
state_d450e293a04a9c4159541e5c,2c_ca2ff513d4ae36f2f8e1,2,binary_vle_english.xlsx,10.1016/j.jct.2017.06.014,unverified,0.5,isobaric,0.9130434782608695,isobaric,360.76,365.17041015625,,,0.00057220458984375,True,False,48,CCCO,mol_5fb2f93dc8caa9dc,0.482,0.449,0.4782570004463196,1.1881085634231567,84.59989166259766,O,mol_e81dc06beaa39499,0.518,0.5509999999999999,0.5217429995536804,1.221035122871399,83.56229400634766,,,,,,,
state_d45698f67d8dbfe5e846c005,2c_50cae961bcfb98dfb10a,2,binary_vle_english.xlsx,10.1016/j.fluid.2013.05.019,passed,1.0,full_state,0.5714285714285714,isobaric,346.27,350.068603515625,,,6.103515625e-05,True,False,48,CC(C)=C(C)C,mol_ac85c03b48dc0205,0.999487,0.999756,0.9992674589157104,1.0000001192092896,101.307861328125,c1ccsc1,mol_7953343be0b435d5,0.000513,0.000244,0.0007325208280235529,1.7235411405563354,83.94976806640625,,,,,,,
state_d48174678117072bdf040662,2c_70d91a5b69e7fd494bfd,2,binary_vle_english.xlsx,10.1016/j.jct.2004.09.009,unverified,0.5,isobaric,0.9696969696969697,isobaric,352.28,352.891357421875,,,0.0002288818359375,True,False,48,CC(C)O,mol_db030b5de88f8eaf,0.6086,0.6235,0.6117942333221436,1.1384291648864746,89.44941711425781,COC(=O)OC,mol_0ec85594f0f896ea,0.39139999999999997,0.37649999999999995,0.38820579648017883,1.1398680210113525,88.14481353759766,,,,,,,
state_d69adf30bd22bd363aa2d084,2c_34804c7fdf5c7dc9c9e5,2,binary_vle_english.xlsx,10.1016/j.fluid.2005.02.014,unverified,0.5,isobaric,0.9166666666666666,isobaric,317.76,320.8955993652344,,,3.814697265625e-06,True,False,48,C1CCOCC1,mol_626f3d1f5bbb6f55,0.1696,0.0839,0.19794483482837677,1.684838891029358,27.708974838256836,CC(C)CCl,mol_b6f57216bc07a08c,0.8304,0.9161,0.8020551800727844,1.0484414100646973,36.849639892578125,,,,,,,
state_d7502e0840708b89263cc119,3c_2254869a6d8c8579192d,3,ternary_vle_english.xlsx,10.1016/j.fluid.2015.01.005,unverified,0.5,isobaric,0.9545454545454546,isobaric,361.27,358.5899658203125,,,-3.814697265625e-05,True,False,48,CN1CCCC1=O,mol_f50e4145cb9a22d5,0.20179999999999998,0.0022999999999999687,0.007580634206533432,0.9964883923530579,3.818749189376831,c1ccccc1,mol_7165dcf6be1f831d,0.5594,0.7422,0.7343218326568604,1.1074604988098145,120.07282257080078,c1ccsc1,mol_7953343be0b435d5,0.2388,0.2555,0.2580975592136383,1.0232747793197632,106.99569702148438
state_d7839abe60c31afde9b72637,2c_ca2ff513d4ae36f2f8e1,2,binary_vle_english.xlsx,10.1016/j.jct.2016.10.001,unverified,0.5,isobaric,0.9,isobaric,360.9,365.1686096191406,,,0.00057220458984375,True,False,48,CCCO,mol_5fb2f93dc8caa9dc,0.473,0.438,0.4723183214664459,1.1957474946975708,84.59521484375,O,mol_e81dc06beaa39499,0.527,0.562,0.5276817083358765,1.2139081954956055,83.5578384399414,,,,,,,
state_d786a5dcc3c29239bdfd229f,2c_50cae961bcfb98dfb10a,2,binary_vle_english.xlsx,10.1016/j.fluid.2013.05.019,passed,1.0,isobaric,0.8888888888888888,isobaric,346.25,350.0769958496094,,,0.00011444091796875,True,False,48,CC(C)=C(C)C,mol_ac85c03b48dc0205,0.999897,0.999944,0.9998527765274048,1.0,101.32569885253906,c1ccsc1,mol_7953343be0b435d5,0.000103,5.6e-05,0.00014716641453560442,1.7241884469985962,83.97026824951172,,,,,,,
state_d7888360973b4ef20c48709c,2c_6eb2e45afed5017e5e33,2,binary_vle_english.xlsx,10.1016/j.fluid.2014.09.021,unverified,0.5,isobaric,0.95,isobaric,386.10999999999996,379.75341796875,,,-2.288818359375e-05,True,False,48,CCC(C)OC(C)=O,mol_879306ab1082c162,0.89,0.939,0.926698625087738,1.0264402627944946,102.75995635986328,CN(C)C=O,mol_ca12d6d2f2ffb170,0.10999999999999999,0.061000000000000054,0.07330137491226196,2.1802375316619873,30.96169090270996,,,,,,,
state_d83ee25029c18b934e5726cf,2c_94ed5d0a73a3c26e5ef5,2,binary_vle_english.xlsx,10.1016/j.fluid.2011.06.009,unverified,0.5,isobaric,0.9375,isobaric,310.7,314.0672912597656,,,4.9591064453125e-05,True,False,48,CCO,mol_f29e20f49d416e54,0.241,0.567,0.22897833585739136,0.4011097848415375,31.148778915405273,O,mol_e81dc06beaa39499,0.759,0.43300000000000005,0.7710216641426086,0.943512499332428,14.15807056427002,,,,,,,
state_d893accd9f2c308616677eb4,2c_5481356f0b4c42a123fa,2,binary_vle_english.xlsx,10.1016/j.fluid.2014.04.025,unverified,0.5,isobaric,0.9375,isobaric,379.17999999999995,380.4268798828125,,,7.62939453125e-05,True,False,48,COCCO,mol_d291b272a64498d9,0.28690000000000004,0.29200000000000004,0.329786092042923,1.496190071105957,77.82595825195312,Cc1ccccc1,mol_1c09299644053521,0.7131,0.708,0.6702139377593994,1.154638648033142,82.456787109375,,,,,,,
state_d8fb9685865faa455c64af6d,2c_3c77d4a7763529aa395e,2,binary_vle_english.xlsx,10.1016/j.fluid.2017.10.001,unverified,0.5,isobaric,0.95,isobaric,347.5,347.9413757324219,,,0.00011444091796875,True,False,48,CCC(C)=O,mol_4cfc5db0ca2ab00b,0.47,0.476,0.39749759435653687,1.210914969444275,70.75100708007812,CCO,mol_f29e20f49d416e54,0.53,0.524,0.6025024652481079,1.1913397312164307,96.66227722167969,,,,,,,
state_d8fc277bc4b97f66294a6933,2c_a4ea92aaad2e5eb91802,2,binary_vle_english.xlsx,10.1016/j.fluid.2015.08.014,unverified,0.5,isobaric,0.9444444444444444,isobaric,331.41999999999996,332.3247375488281,,,5.340576171875e-05,True,False,48,COC(C)=O,mol_b9c4464ceb7b1e3f,0.925,0.999,0.9963003993034363,1.0228511095046997,106.67079162597656,CS(C)=O,mol_7d3e12eaed0f467c,0.07499999999999996,0.0010000000000000009,0.0036996244452893734,3.1804795265197754,1.5711337327957153,,,,,,,
state_d9c24eb746437129f027d943,3c_1a08c4f653f7d812cdc9,3,ternary_vle_english.xlsx,10.1016/j.jct.2019.03.036,unverified,0.5,isobaric,0.972972972972973,isobaric,374.28999999999996,376.0164489746094,,,3.0517578125e-05,True,False,48,CCCOC(C)=O,mol_67043ae833ecd0c7,0.1033,0.1348,0.11776755750179291,1.2440974712371826,92.82826232910156,CCOC(C)=O,mol_18876b584acc43d4,0.3923,0.8374,0.8368015289306641,1.1743543148040771,183.99851989746094,CS(C)=O,mol_7d3e12eaed0f467c,0.5044,0.027799999999999936,0.04543091356754303,0.9923716187477112,9.194145202636719
state_d9deaec357388006d4463a17,2c_94ed5d0a73a3c26e5ef5,2,binary_vle_english.xlsx,10.1016/j.fluid.2011.06.009,unverified,0.5,isobaric,0.8888888888888888,isobaric,315.13,303.50433349609375,,,-9.5367431640625e-06,True,False,48,CCO,mol_f29e20f49d416e54,0.945,0.945,0.990996241569519,0.9947240352630615,20.778947830200195,O,mol_e81dc06beaa39499,0.05500000000000005,0.05500000000000005,0.009003717452287674,0.3543947637081146,9.104535102844238,,,,,,,
state_d9f7f6ca23efc884987d9c82,2c_106af91fffdb87d7c4f6,2,binary_vle_english.xlsx,10.1016/j.fluid.2013.05.016,unverified,0.5,isobaric,0.9444444444444444,isobaric,385.4,389.76873779296875,,,0.0004119873046875,True,False,48,Cc1ccccc1,mol_1c09299644053521,0.92,0.976,0.9464767575263977,1.0065983533859253,103.53253173828125,Cc1ccccc1C,mol_61c4de85d258b45d,0.07999999999999996,0.02400000000000002,0.05352325364947319,1.3884096145629883,48.81416320800781,,,,,,,
state_da7cfaefd08894b8588095c7,3c_f0c258463b44c2183ab7,3,ternary_vle_english.xlsx,10.1016/j.fluid.2005.03.014,unverified,0.5,isobaric,0.9767441860465116,isobaric,383.29999999999995,382.1917724609375,,,-2.288818359375e-05,True,False,48,CC(=O)OCC(C)C,mol_e7eb29ad965cc8ee,0.582,0.515,0.529315173625946,1.185553789138794,77.71040344238281,CC(C)CO,mol_015d21fca05fcd26,0.384,0.47,0.45754218101501465,1.3584716320037842,88.8501968383789,CN(C)C=O,mol_ca12d6d2f2ffb170,0.03400000000000003,0.015000000000000013,0.013142640702426434,1.1776697635650635,33.24981689453125
state_dc1aa5eb987a4b64a5679111,2c_e8b98868a6b90d408930,2,binary_vle_english.xlsx,10.1016/j.fluid.2015.09.039,unverified,0.5,isobaric,0.96875,isobaric,426.71,425.7843322753906,,,-5.340576171875e-05,True,False,48,CN(C)C=O,mol_ca12d6d2f2ffb170,0.955,0.986,0.9781333804130554,1.0011190176010132,103.63774108886719,CS(C)=O,mol_7d3e12eaed0f467c,0.04500000000000004,0.014000000000000012,0.021866660565137863,1.1130266189575195,44.225555419921875,,,,,,,
state_ddae0676e86b1912290e9093,2c_f98cab4acf014d5210d4,2,binary_vle_english.xlsx,10.1016/j.fluid.2007.03.030,unverified,0.5,isobaric,0.9545454545454546,isobaric,371.04999999999995,372.0855712890625,,,7.62939453125e-05,True,False,48,CCCO,mol_5fb2f93dc8caa9dc,0.937,0.982,0.965756356716156,1.003928542137146,104.00032043457031,CCOCCO,mol_ab8630148ae67e51,0.06299999999999994,0.018000000000000016,0.034243661910295486,1.3396289348602295,41.10215759277344,,,,,,,
state_de1b80322e7607ffb06c4b7e,2c_c7052cf3bd6baff652ca,2,binary_vle_english.xlsx,10.1016/j.fluid.2014.04.025,unverified,0.5,isobaric,0.9285714285714286,isobaric,407.90999999999997,397.52813720703125,,,0.00017547607421875,True,False,48,COCCO,mol_d291b272a64498d9,0.7455,0.9648,0.9635153412818909,1.0215281248092651,128.1653289794922,CS(C)=O,mol_7d3e12eaed0f467c,0.25449999999999995,0.03520000000000001,0.036484651267528534,0.7633166313171387,19.025129318237305,,,,,,,
state_dec1a0a47b20b51b1efc9e24,3c_f6a2de3ac0acbac84e4f,3,ternary_vle_english.xlsx,10.1016/j.fluid.2005.01.007,unverified,0.5,isobaric,0.9818181818181818,isobaric,330.76,330.82586669921875,,,8.392333984375e-05,True,False,48,CC(C)=O,mol_e04cf77cea7bbe66,0.569,0.756,0.7983126640319824,1.2233532667160034,116.17652130126953,CC(C)CC(C)(C)C,mol_57615b5c3546c298,0.379,0.18999999999999995,0.15257039666175842,1.353460431098938,30.129714965820312,CCO,mol_f29e20f49d416e54,0.052,0.054,0.04911695420742035,1.7040863037109375,56.149513244628906
state_dfd3f252d5494b175e336a2b,2c_ca2ff513d4ae36f2f8e1,2,binary_vle_english.xlsx,10.1016/j.jct.2017.06.014,unverified,0.5,isobaric,0.9130434782608695,isobaric,360.76,365.3018798828125,,,0.00058746337890625,True,False,48,CCCO,mol_5fb2f93dc8caa9dc,0.379,0.423,0.41087964177131653,1.2929481267929077,84.93877410888672,O,mol_e81dc06beaa39499,0.621,0.577,0.5891203880310059,1.145534634590149,83.89110565185547,,,,,,,
state_e0370b1fc353d546c407707d,2c_4edb251d66039b2a207c,2,binary_vle_english.xlsx,10.1016/j.jct.2006.12.003,unverified,0.5,isobaric,0.9444444444444444,isobaric,356.95,360.774658203125,,,-7.62939453125e-06,True,False,48,CC(=O)O,mol_9ac385b135af0125,0.06299999999999994,0.04300000000000004,0.11001032590866089,4.5516252517700195,38.86293029785156,ClCCCl,mol_e8df6c9e89c6b62a,0.937,0.957,0.8899896740913391,1.0147022008895874,94.82349395751953,,,,,,,
state_e08902f95e176c4370b423d8,2c_82cfa7a14fa3ab1984f1,2,binary_vle_english.xlsx,10.1016/j.jct.2019.07.006,unverified,0.5,isobaric,0.9333333333333333,isobaric,349.79999999999995,350.8969421386719,,,6.866455078125e-05,True,False,48,CC#N,mol_7028b7cbd3d829b4,0.7792,0.7258,0.8327528238296509,1.0478456020355225,103.31879425048828,O,mol_e81dc06beaa39499,0.2208,0.2742,0.16724714636802673,1.431210994720459,53.612430572509766,,,,,,,
state_e0b4d2a92e8f2cb814b31388,2c_94ed5d0a73a3c26e5ef5,2,binary_vle_english.xlsx,10.1016/j.fluid.2011.06.009,unverified,0.5,isobaric,0.9375,isobaric,308.35999999999996,307.8707580566406,,,0.00016117095947265625,True,False,48,CCO,mol_f29e20f49d416e54,0.59,0.714,0.7852213978767395,0.7100786566734314,24.647010803222656,O,mol_e81dc06beaa39499,0.41000000000000003,0.28600000000000003,0.2147785872220993,0.6280903220176697,10.967700958251953,,,,,,,
state_e0f56d958db784b86d4e22b4,2c_a4ea92aaad2e5eb91802,2,binary_vle_english.xlsx,10.1016/j.fluid.2015.08.014,unverified,0.5,isobaric,0.9444444444444444,isobaric,332.5,333.06488037109375,,,7.62939453125e-06,True,False,48,COC(C)=O,mol_b9c4464ceb7b1e3f,0.884,0.999,0.9954460263252258,1.0510486364364624,108.53050994873047,CS(C)=O,mol_7d3e12eaed0f467c,0.11599999999999999,0.0010000000000000009,0.004554017446935177,2.4471359252929688,1.625128984451294,,,,,,,
state_e11839e05a95b0fc58365bb3,2c_7c57a80413db66443080,2,binary_vle_english.xlsx,10.1016/j.jct.2010.05.014,unverified,0.5,isobaric,0.9615384615384616,isobaric,393.5,397.699462890625,,,7.62939453125e-06,True,False,48,CCC(=O)O,mol_86c4db256d6270c6,0.035599999999999965,0.017900000000000027,0.03131307661533356,0.7072591781616211,66.28641510009766,CCCCCO,mol_243de2450bee5519,0.9644,0.9821,0.9686869382858276,0.9990397095680237,53.588409423828125,,,,,,,
state_e1808e5e1bd072f6831fd1ba,2c_94ed5d0a73a3c26e5ef5,2,binary_vle_english.xlsx,10.1016/j.fluid.2011.06.009,unverified,0.5,isobaric,0.9375,isobaric,307.44,293.0794372558594,,,1.430511474609375e-05,True,False,48,CCO,mol_f29e20f49d416e54,0.971,0.969,0.9976668953895569,0.9977318048477173,13.54185676574707,O,mol_e81dc06beaa39499,0.029000000000000026,0.031000000000000028,0.002333114854991436,0.18535232543945312,5.707762241363525,,,,,,,
state_e19aba9bd97c251e8edd49ef,2c_f98cab4acf014d5210d4,2,binary_vle_english.xlsx,10.1016/j.fluid.2007.03.030,unverified,0.5,isobaric,0.9545454545454546,isobaric,370.41999999999996,371.5539245605469,,,8.392333984375e-05,True,False,48,CCCO,mol_5fb2f93dc8caa9dc,0.974,0.992,0.9850567579269409,1.00058114528656,102.39047241210938,CCOCCO,mol_ab8630148ae67e51,0.026000000000000023,0.008000000000000007,0.014943213202059269,1.4410662651062012,40.40138244628906,,,,,,,
state_e19bca7e30a2b4fd3d947584,2c_50cae961bcfb98dfb10a,2,binary_vle_english.xlsx,10.1016/j.fluid.2013.05.019,passed,1.0,full_state,0.5714285714285714,isobaric,346.27,350.06451416015625,,,9.918212890625e-05,True,False,48,CC(C)=C(C)C,mol_ac85c03b48dc0205,0.999287,0.999595,0.9989821910858154,1.0000003576278687,101.2992172241211,c1ccsc1,mol_7953343be0b435d5,0.000713,0.000405,0.0010177957592532039,1.723225474357605,83.93976593017578,,,,,,,
state_e1c551b92feeef32b3cee801,3c_2d8df0569d9d03284715,3,ternary_vle_english.xlsx,10.1016/j.fluid.2007.06.005,unverified,0.5,isobaric,0.9622641509433962,isobaric,343.97999999999996,345.51312255859375,,,0.00162506103515625,True,False,48,CC(C)CC(C)(C)C,mol_57615b5c3546c298,0.21099999999999997,0.23299999999999998,0.18436488509178162,1.8911077976226807,46.805362701416016,CCC(C)=O,mol_4cfc5db0ca2ab00b,0.26,0.25,0.22667431831359863,1.342902660369873,65.765869140625,CCO,mol_f29e20f49d416e54,0.529,0.517,0.5889608263969421,1.2561371326446533,89.78623962402344
state_e2d4eeaeb2dbe84ee716ba83,2c_01b27b0603388a2088b7,2,binary_vle_english.xlsx,10.1016/j.fluid.2005.01.007,unverified,0.5,isobaric,0.9545454545454546,isobaric,329.26,325.11138916015625,,,0.000640869140625,True,False,48,CC(C)=O,mol_e04cf77cea7bbe66,1.0,1.0,1.0,1.0,101.32057189941406,CCO,mol_f29e20f49d416e54,0.0,0.0,0.0,1.7458215951919556,46.24338912963867,,,,,,,
state_e339a23f57d6f39387ee8465,3c_6b60b4a3a536506a27ae,3,ternary_vle_english.xlsx,10.1016/j.fluid.2006.08.004,unverified,0.5,isobaric,0.9821428571428571,isobaric,339.03999999999996,339.4585266113281,,,2.288818359375e-05,True,False,48,CC(C)CC(C)(C)C,mol_57615b5c3546c298,0.04800000000000004,0.04499999999999993,0.03323415294289589,1.7885956764221191,39.213932037353516,CC(C)OC(C)C,mol_1a0ca8e5eeb68da8,0.385,0.509,0.4581080973148346,1.476653814315796,81.62774658203125,CCO,mol_f29e20f49d416e54,0.567,0.446,0.508657693862915,1.2222058773040771,74.35453033447266
state_e343b97f0cf9178b9142a39c,3c_5af2e9ac27e2698a2927,3,ternary_vle_english.xlsx,10.1016/j.fluid.2008.06.006,unverified,0.5,isobaric,0.9772727272727273,isobaric,324.79999999999995,321.9819641113281,,,0.00156402587890625,True,False,48,C1CCCCC1,mol_893981623557f359,0.19400000000000006,0.2300000000000001,0.12040796875953674,1.4567304849624634,40.05063247680664,CC(C)=O,mol_e04cf77cea7bbe66,0.602,0.689,0.7032661437988281,1.17056405544281,93.81301879882812,CC(C)OC(C)C,mol_1a0ca8e5eeb68da8,0.204,0.081,0.1763259321451187,1.544389009475708,52.60953140258789
state_e3d05137bafd4c3cf8b1ea45,2c_9f331b7867f625e21322,2,binary_vle_english.xlsx,10.1016/j.jct.2015.03.013,unverified,0.5,isobaric,0.9090909090909091,isobaric,350.59999999999997,351.28973388671875,,,1.52587890625e-05,True,False,48,CCC(C)=O,mol_4cfc5db0ca2ab00b,0.6822,0.9437,0.8502503037452698,1.1885656118392944,78.12109375,COCCO,mol_d291b272a64498d9,0.31779999999999997,0.05630000000000002,0.14974969625473022,1.1801879405975342,29.745227813720703,,,,,,,
state_e3e3800d1f5e1dbcd54ef189,2c_e584d9baea666806df78,2,binary_vle_english.xlsx,10.1016/j.jct.2010.02.001,unverified,0.5,isobaric,0.9444444444444444,isobaric,356.2,355.50537109375,,,1.1444091796875e-05,True,False,48,CCCCO,mol_ad4ef9c6c876ca2f,0.21899999999999997,0.09999999999999998,0.10202814638614655,0.7708936929702759,32.211341857910156,CCCO,mol_5fb2f93dc8caa9dc,0.781,0.9,0.8979718685150146,0.9797943830490112,62.54666519165039,,,,,,,
state_e49d810a00b35aef99fe218c,2c_0afc81efacf81d2f9881,2,binary_vle_english.xlsx,10.1016/j.fluid.2011.10.009,unverified,0.5,isobaric,0.9375,isobaric,383.4,388.85430908203125,,,0.000396728515625,True,False,48,CCCCCCCCC,mol_dd70207e50d8bf63,0.0,0.0,0.0,1.4836171865463257,44.40296936035156,Cc1ccccc1,mol_1c09299644053521,1.0,1.0,1.0,1.0,101.30033111572266,,,,,,,
state_e511f838a43f15d5faf3f6a8,2c_42d2383a8e4daebeb5e1,2,binary_vle_english.xlsx,10.1016/j.fluid.2010.08.002,unverified,0.5,isobaric,0.9333333333333333,isobaric,354.7,354.4472961425781,,,0.001522064208984375,True,False,48,CCCCCCC,mol_fddb2c852c313396,1.0,1.0,1.0,1.0,60.001522064208984,CCCOCCO,mol_770d75a3bb2412ce,0.0,0.0,0.0,2.691396474838257,11.569286346435547,,,,,,,
state_e52e29a6bc4853726ffd10a0,2c_f6e4afdc0101fe369605,2,binary_vle_english.xlsx,10.1016/j.jct.2004.09.009,unverified,0.5,isobaric,0.9629629629629629,isobaric,373.97999999999996,374.9692077636719,,,0.0,True,False,48,CC1CCCCC1,mol_bdf6ddfdabc4e204,0.9523,0.9535,0.946420431137085,1.003236174583435,100.3497543334961,CCOC(=O)OCC,mol_4df2781fcf4d4a77,0.047699999999999965,0.046499999999999986,0.05357952043414116,2.2355237007141113,50.89912796020508,,,,,,,
state_e5cfe17ff0874b127c0090e3,3c_2cb16216a8c609b7ad27,3,ternary_vle_english.xlsx,10.1016/j.fluid.2005.09.015,unverified,0.5,isobaric,0.9767441860465116,isobaric,382.35999999999996,385.7770080566406,,,0.00075531005859375,True,False,48,CC(=O)OCC(C)C,mol_e7eb29ad965cc8ee,0.101,0.1,0.12388192117214203,1.4638888835906982,84.87715911865234,CC(C)CO,mol_015d21fca05fcd26,0.794,0.858,0.8018172383308411,1.044211745262146,97.96674346923828,CCCCOC(=O)CC,mol_a9c167bbb331e76a,0.10499999999999998,0.04200000000000004,0.07430080324411392,1.7225055694580078,41.61558151245117
state_e6e1556e7ea389ff27478ed9,2c_443810127d849cf82a31,2,binary_vle_english.xlsx,10.1016/j.fluid.2014.09.021,unverified,0.5,isobaric,0.9545454545454546,isobaric,375.35999999999996,376.4787902832031,,,3.0517578125e-05,True,False,48,CCC(C)O,mol_06affb0d2c6c8ff2,0.924,0.989,0.9685730338096619,1.0100334882736206,105.13175201416016,CN(C)C=O,mol_ca12d6d2f2ffb170,0.07599999999999996,0.01100000000000001,0.03142693638801575,1.4910352230072021,28.093759536743164,,,,,,,
state_e6f3d3bbfe047c24f70db132,2c_94ed5d0a73a3c26e5ef5,2,binary_vle_english.xlsx,10.1016/j.fluid.2011.06.009,unverified,0.5,isobaric,0.9411764705882353,isobaric,315.15,305.265869140625,,,0.00089263916015625,True,False,48,CCO,mol_f29e20f49d416e54,0.883,0.888,0.9754173159599304,0.9775667190551758,22.273534774780273,O,mol_e81dc06beaa39499,0.11699999999999999,0.11199999999999999,0.024582751095294952,0.4216909110546112,9.82101058959961,,,,,,,
state_e74554d84a9b190535899edd,2c_d66c7a74cea5d8732e08,2,binary_vle_english.xlsx,10.1016/j.fluid.2014.02.006,unverified,0.5,isobaric,0.9411764705882353,isobaric,353.21999999999997,356.0995788574219,,,-5.340576171875e-05,True,False,48,CC(C)O,mol_db030b5de88f8eaf,0.69,0.689,0.739408552646637,1.112475037574768,97.57848358154297,O,mol_e81dc06beaa39499,0.31000000000000005,0.31100000000000005,0.2605914771556854,1.3455421924591064,63.28635787963867,,,,,,,
state_e76af2659cb8b5f3afb1e6a7,2c_3c77d4a7763529aa395e,2,binary_vle_english.xlsx,10.1016/j.fluid.2007.06.005,unverified,0.5,isobaric,0.9523809523809523,isobaric,347.54999999999995,348.75567626953125,,,7.62939453125e-06,True,False,48,CCC(C)=O,mol_4cfc5db0ca2ab00b,0.5680000000000001,0.546,0.462365061044693,1.13755202293396,72.48941802978516,CCO,mol_f29e20f49d416e54,0.432,0.454,0.5376349091529846,1.2726503610610962,99.06124877929688,,,,,,,
state_e7995837119ab69819e56f14,2c_74a658fab9cc22057bbd,2,binary_vle_english.xlsx,10.1016/j.jct.2019.03.036,unverified,0.5,isobaric,0.9473684210526315,isobaric,377.78,380.7918701171875,,,0.00016021728515625,True,False,48,CCCOC(C)=O,mol_67043ae833ecd0c7,0.8498,0.9798,0.9642208218574524,1.081121563911438,106.31513214111328,CS(C)=O,mol_7d3e12eaed0f467c,0.1502,0.020199999999999996,0.03577917441725731,2.2175257205963135,10.881820678710938,,,,,,,
state_e7ca2095e2f9072673c9caf6,3c_2d8df0569d9d03284715,3,ternary_vle_english.xlsx,10.1016/j.fluid.2007.06.005,unverified,0.5,isobaric,0.9807692307692307,isobaric,344.27,346.4039001464844,,,0.0006561279296875,True,False,48,CC(C)CC(C)(C)C,mol_57615b5c3546c298,0.21700000000000008,0.21299999999999997,0.1859753131866455,1.8081377744674683,48.0149040222168,CCC(C)=O,mol_4cfc5db0ca2ab00b,0.368,0.331,0.30394700169563293,1.2384238243103027,67.56047821044922,CCO,mol_f29e20f49d416e54,0.415,0.456,0.510077714920044,1.3495278358459473,92.26104736328125
state_e88ea50ef0f87e67bba2a1c2,2c_6bea4d4b457d21637176,2,binary_vle_english.xlsx,10.1016/j.fluid.2006.07.003,unverified,0.5,isobaric,0.9545454545454546,isobaric,371.03,372.7027587890625,,,-1.52587890625e-05,True,False,48,CCCCCO,mol_243de2450bee5519,0.06699999999999995,0.013000000000000012,0.019154498353600502,1.2781902551651,22.657373428344727,CCCO,mol_5fb2f93dc8caa9dc,0.933,0.987,0.9808455109596252,1.0056633949279785,105.89498901367188,,,,,,,
state_e8b5d040731ac43e9313e1d7,2c_82cfa7a14fa3ab1984f1,2,binary_vle_english.xlsx,10.1016/j.jct.2019.07.006,unverified,0.5,isobaric,0.9333333333333333,isobaric,349.78999999999996,353.0716552734375,,,0.00026702880859375,True,False,48,CC#N,mol_7028b7cbd3d829b4,0.5935,0.6669,0.724364697933197,1.13217031955719,109.203125,O,mol_e81dc06beaa39499,0.4065,0.33309999999999995,0.2756352722644806,1.1946654319763184,57.4960823059082,,,,,,,
state_e8bc20d0e77271262d3afef5,2c_21b807a1a6c6348c91ac,2,binary_vle_english.xlsx,10.1016/j.fluid.2018.07.027,unverified,0.5,isobaric,0.9629629629629629,isobaric,367.45,369.4533386230469,,,-8.392333984375e-05,True,False,48,CC(C)CC(C)(C)C,mol_57615b5c3546c298,0.8351,0.7856,0.7772613167762756,1.0590676069259644,89.02535247802734,CCCCO,mol_ad4ef9c6c876ca2f,0.16490000000000005,0.21440000000000003,0.2227386236190796,2.6157286167144775,52.310752868652344,,,,,,,
state_e9711919f3aee5479b249f3c,2c_d66c7a74cea5d8732e08,2,binary_vle_english.xlsx,10.1016/j.jct.2017.02.005,unverified,0.5,isobaric,0.96875,isobaric,353.28,356.7256164550781,,,-3.0517578125e-05,True,False,48,CC(C)O,mol_db030b5de88f8eaf,0.561,0.622,0.659692645072937,1.185038447380066,99.23078155517578,O,mol_e81dc06beaa39499,0.43899999999999995,0.378,0.3403073847293854,1.2010726928710938,64.5412826538086,,,,,,,
state_e9be49bee3fc35ab1a3087de,2c_d66c7a74cea5d8732e08,2,binary_vle_english.xlsx,10.1016/j.fluid.2017.09.010,unverified,0.5,isobaric,0.9,isobaric,353.29999999999995,356.46966552734375,,,0.0,True,False,48,CC(C)O,mol_db030b5de88f8eaf,0.6217,0.6596,0.6984468102455139,1.1513452529907227,98.55260467529297,O,mol_e81dc06beaa39499,0.37829999999999997,0.34040000000000004,0.3015531897544861,1.2574595212936401,64.02576446533203,,,,,,,
state_ea5e6d7567b57f62d3498d27,2c_30c0b771d8db238964cd,2,binary_vle_english.xlsx,10.1016/j.jct.2003.09.001,unverified,0.5,isobaric,0.9285714285714286,isobaric,322.95,324.46759033203125,,,1.52587890625e-05,True,False,48,C1COCO1,mol_7a351e48494919fc,0.8881,0.8858,0.8549314737319946,1.0049915313720703,38.31489562988281,CC(C)(C)O,mol_9c31aaa032950e85,0.1119,0.11419999999999997,0.14506851136684418,1.5402278900146484,33.66810607910156,,,,,,,
state_eb3616567846d3db9adb1bfb,2c_e0ef8174c7b6fc15273a,2,binary_vle_english.xlsx,10.1016/j.fluid.2005.06.024,unverified,0.5,isobaric,0.9743589743589743,isobaric,331.76,327.6352233886719,,,0.00026702880859375,True,False,48,CC(C)=O,mol_e04cf77cea7bbe66,0.9163,0.9948,0.9847460985183716,1.0111311674118042,107.6953125,CCOC(=O)OCC,mol_4df2781fcf4d4a77,0.0837,0.005199999999999982,0.015253894962370396,1.4632221460342407,12.620099067687988,,,,,,,
state_eb9cd8f3ece193bd6c6ccba9,2c_dc191206ee879c89c4e5,2,binary_vle_english.xlsx,10.1016/j.jct.2003.09.001,unverified,0.5,isobaric,0.9285714285714286,isobaric,347.96,349.3309020996094,,,-1.9073486328125e-05,True,False,48,C1COCCO1,mol_d365f2fae67d24f2,0.7498,0.7949,0.7449963688850403,1.0424891710281372,38.123905181884766,CC(C)CO,mol_015d21fca05fcd26,0.2502,0.20509999999999995,0.2550036311149597,1.2331994771957397,33.0587158203125,,,,,,,
state_ebd3ef86ef7c44f0941a03a9,2c_e94406f9abae6913c6d1,2,binary_vle_english.xlsx,10.1016/j.fluid.2005.02.014,unverified,0.5,isobaric,0.9166666666666666,isobaric,325.53,326.71875,,,2.288818359375e-05,True,False,48,C1CCOCC1,mol_626f3d1f5bbb6f55,0.1289,0.089,0.1190326064825058,1.0821295976638794,34.13457107543945,CCCCCl,mol_f7989a5c13417f20,0.8711,0.911,0.8809674382209778,0.9958498477935791,40.62175369262695,,,,,,,
state_ec55ca158d183725dfdd55d9,2c_ac155ac6c9df3bfcf363,2,binary_vle_english.xlsx,10.1016/j.fluid.2014.03.033,passed,1.0,full_state,0.0,isobaric,345.77,345.12890625,,,0.000492095947265625,True,False,48,CC(=O)CC(C)C,mol_0a895444a9f0f36b,0.5893999999999999,0.881,0.888089120388031,1.1242057085037231,23.45587158203125,O=Cc1ccco1,mol_cfdccd30b0689448,0.4106,0.119,0.11191090196371078,1.1632651090621948,4.1003947257995605,,,,,,,
state_ec9799fb0b2899cbc78433c3,2c_03ee8ab4245c0677d4ed,2,binary_vle_english.xlsx,10.1016/j.fluid.2018.05.024,unverified,0.5,isobaric,0.95,isobaric,348.15,348.65032958984375,,,-5.340576171875e-05,True,False,48,CCO,mol_f29e20f49d416e54,0.687,0.706,0.7214957475662231,1.0773500204086304,98.74819946289062,COC(=O)OC,mol_0ec85594f0f896ea,0.31299999999999994,0.29400000000000004,0.27850425243377686,1.143795371055603,78.80397033691406,,,,,,,
state_ec9ccd587c7a9194e9e59f04,2c_d66c7a74cea5d8732e08,2,binary_vle_english.xlsx,10.1016/j.jct.2017.02.005,unverified,0.5,isobaric,0.96875,isobaric,353.12,355.8839416503906,,,4.57763671875e-05,True,False,48,CC(C)O,mol_db030b5de88f8eaf,0.658,0.67,0.7211589813232422,1.129715919494629,97.01441955566406,O,mol_e81dc06beaa39499,0.34199999999999997,0.32999999999999996,0.2788410186767578,1.2970753908157349,62.85874557495117,,,,,,,
state_ed27f175bb2d0fbd9a280a47,2c_f6e4afdc0101fe369605,2,binary_vle_english.xlsx,10.1016/j.jct.2004.09.009,unverified,0.5,isobaric,0.9629629629629629,isobaric,374.5,375.1028747558594,,,1.52587890625e-05,True,False,48,CC1CCCCC1,mol_bdf6ddfdabc4e204,0.8226,0.8563,0.8500695824623108,1.0396093130111694,100.69429016113281,CCOC(=O)OCC,mol_4df2781fcf4d4a77,0.1774,0.14370000000000005,0.14993040263652802,1.6762588024139404,51.07451629638672,,,,,,,
state_ef4df02380f868e6cd3a8ce5,2c_c830dc760c5163d2d27d,2,binary_vle_english.xlsx,10.1016/j.fluid.2011.05.011,unverified,0.5,isothermal,0.9285714285714286,isothermal,,,18.339958264448,19.655574798583984,-1.9073486328125e-06,True,False,48,CC(C)CC(C)(C)C,mol_57615b5c3546c298,0.0507,0.3483,0.08894222974777222,1.0646229982376099,32.388431549072266,CC(C)CO,mol_015d21fca05fcd26,0.9493,0.6517,0.9110577702522278,0.9974501132965088,18.911977767944336,,,,,,,
state_f04e26a5da2fe38536e6ffef,2c_500953d4ef1e1d57286b,2,binary_vle_english.xlsx,10.1016/j.fluid.2012.10.015,unverified,0.5,isothermal,0.9333333333333333,isothermal,,,13.059992524543999,12.206514358520508,0.0,True,False,48,CCCCCl,mol_f7989a5c13417f20,0.8488,0.9297,0.9484742879867554,0.965176522731781,14.132048606872559,CC[N+](=O)[O-],mol_6fdb0ec09de24512,0.1512,0.07030000000000003,0.05152571573853493,1.2270286083221436,3.3900744915008545,,,,,,,
state_f08efe082917ab632906ff9d,2c_c879fc0732268fc652fa,2,binary_vle_english.xlsx,10.1016/j.fluid.2011.06.001,passed,1.0,isothermal,0.9166666666666666,isothermal,,,9.460021943808,8.497686386108398,-9.5367431640625e-07,True,False,48,CC(C)OC(C)C,mol_1a0ca8e5eeb68da8,0.19730000000000003,0.27580000000000005,0.18197482824325562,0.40568503737449646,19.319499969482422,CCCCCl,mol_f7989a5c13417f20,0.8027,0.7242,0.8180251121520996,0.9317542314529419,9.294214248657227,,,,,,,
state_f2406b6735078a8d4ad0ea7f,2c_6cdeaa0b12c0bcad5378,2,binary_vle_english.xlsx,10.1016/j.jct.2012.01.020,passed,1.0,isothermal,0.9,isothermal,,,20.757759408128,22.351009368896484,0.0,True,False,48,CC(C)CC(C)(C)C,mol_57615b5c3546c298,0.4,0.29200000000000004,0.2418232262134552,0.9613990187644958,14.055020332336426,CCOC(C)=O,mol_18876b584acc43d4,0.6,0.708,0.7581768035888672,0.9776167273521423,28.890010833740234,,,,,,,
state_f38b3a8a4b4da8abba9c947b,2c_e1c33e24ae7f6ab4d0bf,2,binary_vle_english.xlsx,10.1016/j.fluid.2010.01.024,unverified,0.5,isothermal,0.9375,isothermal,,,45.759969723904,40.188148498535156,-3.814697265625e-06,True,False,48,CC[N+](=O)[O-],mol_6fdb0ec09de24512,0.0,0.0,0.0,2.912209987640381,13.95213508605957,ClCCCl,mol_e8df6c9e89c6b62a,1.0,1.0,1.0,1.0,40.18814468383789,,,,,,,
state_f52e320a9d3c3569325c4682,2c_50cae961bcfb98dfb10a,2,binary_vle_english.xlsx,10.1016/j.fluid.2013.05.019,passed,1.0,full_state,0.5714285714285714,isothermal,,,101.330065929984,93.48747253417969,-7.62939453125e-06,True,False,48,CC(C)=C(C)C,mol_ac85c03b48dc0205,0.999855,0.999932,0.9998098611831665,1.0,93.48324584960938,c1ccsc1,mol_7953343be0b435d5,0.000145,6.8e-05,0.00019012417760677636,1.633184790611267,75.05635070800781,,,,,,,
state_f5a160ae49c585aae3699b8e,2c_5018f9e15dae7c08710f,2,binary_vle_english.xlsx,10.1016/j.fluid.2011.06.001,passed,1.0,isothermal,0.9166666666666666,isothermal,,,12.999997458944,12.727977752685547,0.0,True,False,48,CC(C)CCl,mol_b6f57216bc07a08c,0.6628,0.6625,0.5773658156394958,0.9461840987205505,11.717968940734863,CC(C)OC(C)C,mol_1a0ca8e5eeb68da8,0.33720000000000006,0.3375,0.42263415455818176,0.8257347941398621,19.319499969482422,,,,,,,
state_f63347525b0da391e9669d59,2c_acf6c70dfacb27974826,2,binary_vle_english.xlsx,10.1016/j.fluid.2012.05.016,unverified,0.5,isothermal,0.9411764705882353,isothermal,,,17.050064354048,15.464115142822266,0.0,True,False,48,CCCO,mol_5fb2f93dc8caa9dc,0.5145,0.4556,0.5060619115829468,0.762319028377533,19.952924728393555,CCCOC(C)=O,mol_67043ae833ecd0c7,0.4855,0.5444,0.49393805861473083,0.9946845173835754,15.8169584274292,,,,,,,
state_f88e9cf6fab0ec83f1176624,2c_6cdeaa0b12c0bcad5378,2,binary_vle_english.xlsx,10.1016/j.jct.2012.01.020,passed,1.0,isothermal,0.9,isothermal,,,13.490757095551999,14.579029083251953,0.0,True,False,48,CC(C)CC(C)(C)C,mol_57615b5c3546c298,0.9,0.6910000000000001,0.8636749386787415,0.9954167008399963,14.055020332336426,CCOC(C)=O,mol_18876b584acc43d4,0.1,0.309,0.13632501661777496,0.6879493594169617,28.890010833740234,,,,,,,
state_f96e15d901be6e2ae700a2c1,2c_c830dc760c5163d2d27d,2,binary_vle_english.xlsx,10.1016/j.fluid.2011.05.011,unverified,0.5,isothermal,0.9285714285714286,isothermal,,,23.119965124352,21.002819061279297,-1.9073486328125e-06,True,False,48,CC(C)CC(C)(C)C,mol_57615b5c3546c298,0.1114,0.5134,0.20694348216056824,1.2046314477920532,32.388431549072266,CC(C)CO,mol_015d21fca05fcd26,0.8886000000000001,0.48660000000000003,0.7930565476417542,0.9911478757858276,18.911977767944336,,,,,,,
state_fa04de8d5a5c3060beaf9e29,2c_31dd895be9cb26117aa9,2,binary_vle_english.xlsx,10.1016/j.jct.2015.07.024,unverified,0.5,isothermal,0.8888888888888888,isothermal,,,188.000004274688,163.42864990234375,1.52587890625e-05,True,False,48,CCOC(=O)OCC,mol_4df2781fcf4d4a77,0.11199999999999999,0.030000000000000027,0.04629948362708092,1.3894706964492798,48.62246322631836,CCOC(C)=O,mol_18876b584acc43d4,0.888,0.97,0.9537004828453064,1.0164011716842651,172.68798828125,,,,,,,
state_fa0d0651bc94e19c88475030,2c_c830dc760c5163d2d27d,2,binary_vle_english.xlsx,10.1016/j.fluid.2011.05.011,unverified,0.5,isothermal,0.9285714285714286,isothermal,,,32.669979666559996,33.04437255859375,0.0,True,False,48,CC(C)CC(C)(C)C,mol_57615b5c3546c298,0.9263,0.8388,0.9148294925689697,1.0076184272766113,32.388431549072266,CC(C)CO,mol_015d21fca05fcd26,0.07369999999999999,0.1612,0.08517049252986908,2.0192134380340576,18.911977767944336,,,,,,,
state_fa9d3a0f3547edf0402d05d4,2c_c879fc0732268fc652fa,2,binary_vle_english.xlsx,10.1016/j.fluid.2011.06.001,passed,1.0,isothermal,0.9166666666666666,isothermal,,,11.865024140160001,16.04580307006836,-1.9073486328125e-06,True,False,48,CC(C)OC(C)C,mol_1a0ca8e5eeb68da8,0.8136,0.8407,0.9343397617340088,0.9538046717643738,19.319499969482422,CCCCCl,mol_f7989a5c13417f20,0.1864,0.1593,0.06566020101308823,0.608142077922821,9.294214248657227,,,,,,,
state_fca2f6b3819229a7f2761c59,2c_6cdeaa0b12c0bcad5378,2,binary_vle_english.xlsx,10.1016/j.jct.2012.01.020,passed,1.0,isothermal,0.9,isothermal,,,18.273697047551998,18.577293395996094,0.0,True,False,48,CC(C)CC(C)(C)C,mol_57615b5c3546c298,0.601,0.387,0.4377751350402832,0.9627811312675476,14.055020332336426,CCOC(C)=O,mol_18876b584acc43d4,0.399,0.613,0.562224805355072,0.9060910940170288,28.890010833740234,,,,,,,
state_fd646989de547378e32694ad,2c_4cc4055379eb0154120e,2,binary_vle_english.xlsx,10.1016/j.fluid.2010.01.006,unverified,0.5,isothermal,0.9629629629629629,isothermal,,,100.699984418816,59.89599609375,-3.814697265625e-06,True,False,48,CCCC,mol_fadb5806094149e6,0.1501,0.8335,0.7593094110488892,0.6908113360404968,438.6078796386719,CCSCC,mol_a7491cfbf016fee6,0.8499,0.16649999999999998,0.24069058895111084,0.987343430519104,17.179906845092773,,,,,,,
state_fdb3f53aac1be348ff59a961,2c_acf6c70dfacb27974826,2,binary_vle_english.xlsx,10.1016/j.fluid.2012.05.016,unverified,0.5,isothermal,0.9411764705882353,isothermal,,,17.160055307648,15.695537567138672,0.0,True,False,48,CCCO,mol_5fb2f93dc8caa9dc,0.31089999999999995,0.33420000000000005,0.2965649664402008,0.7503584027290344,19.952924728393555,CCCOC(C)=O,mol_67043ae833ecd0c7,0.6891,0.6658,0.7034350037574768,1.0129661560058594,15.8169584274292,,,,,,,
state_ff58b09081b9b910b2c7774d,2c_4cc4055379eb0154120e,2,binary_vle_english.xlsx,10.1016/j.fluid.2010.01.006,unverified,0.5,isothermal,0.9629629629629629,isothermal,,,38.700017048832,20.79043960571289,0.0,True,False,48,CCCC,mol_fadb5806094149e6,0.0342,0.5272,0.20278532803058624,0.2810591161251068,438.6078796386719,CCSCC,mol_a7491cfbf016fee6,0.9658,0.4728,0.797214686870575,0.9989205598831177,17.179906845092773,,,,,,,
state_fff9f5742cbd3c46a6a75085,2c_a948b12e7b27db3902e0,2,binary_vle_english.xlsx,10.1016/j.jct.2009.04.006,unverified,0.5,isothermal,0.9285714285714286,isothermal,,,6.839970767872,5.050081253051758,0.0,True,False,48,CCCCCl,mol_f7989a5c13417f20,0.431,0.945,0.9259270429611206,0.7677021026611328,14.132048606872559,O=C1CCCCC1,mol_09f0d60d139abab5,0.569,0.05500000000000005,0.07407298684120178,0.8821020722389221,0.7452930808067322,,,,,,,
state_ee3d3786a95f427c3730146c,2c_42d2383a8e4daebeb5e1,2,binary_vle_english.xlsx,10.1016/j.fluid.2010.08.002,unverified,0.5,isobaric,0.875,isobaric,354.55999999999995,355.0677185058594,,,-3.0517578125e-05,True,False,48,CCCCCCC,mol_fddb2c852c313396,0.961,0.97,0.9818974733352661,1.0026254653930664,61.144168853759766,CCCOCCO,mol_770d75a3bb2412ce,0.039000000000000035,0.030000000000000027,0.018102500587701797,2.352231740951538,11.839814186096191,,,,,,,
state_ee7092dd12c1f67f70246bc4,2c_784276d4500715f79c89,2,binary_vle_english.xlsx,10.1016/j.fluid.2011.11.020,passed,1.0,isobaric,0.9,isobaric,356.34,355.15887451171875,,,6.866455078125e-05,True,False,48,CCCCCCC,mol_fddb2c852c313396,0.11819999999999997,0.1259,0.13212379813194275,1.8473365306854248,61.313507080078125,c1ccsc1,mol_7953343be0b435d5,0.8818,0.8741,0.8678761720657349,1.0262882709503174,97.17552947998047,,,,,,,
state_eeb590102b06a631d6bc8ec8,2c_f0a592d91b289fcd0778,2,binary_vle_english.xlsx,10.1016/j.fluid.2005.01.007,unverified,0.5,isobaric,0.9545454545454546,isobaric,328.9,326.0523376464844,,,0.00055694580078125,True,False,48,CC(C)=O,mol_e04cf77cea7bbe66,0.847,0.875,0.9113773703575134,1.0516889095306396,103.66324615478516,CC(C)CC(C)(C)C,mol_57615b5c3546c298,0.15300000000000002,0.125,0.08862259984016418,2.2669477462768555,25.888614654541016,,,,,,,
state_ef19313ad27165d92c07b15d,2c_d61da005b4125a743b07,2,binary_vle_english.xlsx,10.1016/j.fluid.2009.03.008,unverified,0.5,isobaric,0.9583333333333334,isobaric,356.59,360.956787109375,,,0.0,True,False,48,CC(=O)O,mol_9ac385b135af0125,0.2015,0.0371,0.12442082166671753,1.6015523672103882,39.06745910644531,CCC(C)=O,mol_4cfc5db0ca2ab00b,0.7985,0.9629,0.8755791783332825,1.0794976949691772,102.92884826660156,,,,,,,
state_ef64c325f42e1e4712832133,3c_2d8df0569d9d03284715,3,ternary_vle_english.xlsx,10.1016/j.fluid.2007.06.005,unverified,0.5,isobaric,0.9807692307692307,isobaric,344.19,345.3882751464844,,,0.0019378662109375,True,False,48,CC(C)CC(C)(C)C,mol_57615b5c3546c298,0.30799999999999994,0.2909999999999999,0.24692468345165253,1.7413791418075562,46.637786865234375,CCC(C)=O,mol_4cfc5db0ca2ab00b,0.05,0.058,0.0533185675740242,1.6488032341003418,65.51747131347656,CCO,mol_f29e20f49d416e54,0.642,0.651,0.6997568011283875,1.2344666719436646,89.44378662109375
state_f000bf86d3cabde271aee2f8,2c_e06683c33855ee8d702b,2,binary_vle_english.xlsx,10.1016/j.fluid.2012.12.020,unverified,0.5,isobaric,0.9565217391304348,isobaric,357.15999999999997,358.79168701171875,,,-2.288818359375e-05,True,False,48,CC(C)O,mol_db030b5de88f8eaf,0.9052,0.9775,0.9505360126495361,1.0116091966629028,104.84129333496094,CCCCO,mol_ad4ef9c6c876ca2f,0.0948,0.022499999999999964,0.04946393147110939,1.4544633626937866,36.23252487182617,,,,,,,
state_f0351b9534f2befe46fbc32a,2c_46777e532a11b24ee585,2,binary_vle_english.xlsx,10.1016/j.fluid.2012.12.020,unverified,0.5,isobaric,0.9629629629629629,isobaric,357.45,359.67083740234375,,,-1.52587890625e-05,True,False,48,CC(C)O,mol_db030b5de88f8eaf,0.9032,0.9895,0.9786478281021118,1.0198837518692017,107.30327606201172,CCCCCO,mol_243de2450bee5519,0.0968,0.010499999999999954,0.02135215885937214,1.6150915622711182,13.79400634765625,,,,,,,
state_f0fcec48ffc252bdccb80394,2c_b11dff0fda4f01349610,2,binary_vle_english.xlsx,10.1016/j.jct.2015.03.013,unverified,0.5,isobaric,0.8888888888888888,isobaric,367.7,367.26751708984375,,,0.00145721435546875,True,False,48,COCCO,mol_d291b272a64498d9,0.41669999999999996,0.25439999999999996,0.27003806829452515,0.9399104714393616,51.36648178100586,O,mol_e81dc06beaa39499,0.5833,0.7456,0.7299619913101196,1.0483499765396118,88.93378448486328,,,,,,,
state_f2b9d0a0f8bf9556de86925d,3c_2254869a6d8c8579192d,3,ternary_vle_english.xlsx,10.1016/j.fluid.2015.01.005,unverified,0.5,isobaric,0.9545454545454546,isobaric,360.78,358.0689697265625,,,-4.57763671875e-05,True,False,48,CN1CCCC1=O,mol_f50e4145cb9a22d5,0.20140000000000002,0.0021999999999999797,0.0075958794914186,1.0208183526992798,3.7426490783691406,c1ccccc1,mol_7165dcf6be1f831d,0.6337,0.822,0.8198314905166626,1.1062004566192627,118.47207641601562,c1ccsc1,mol_7953343be0b435d5,0.1649,0.1758,0.17257262766361237,1.0052883625030518,105.4555892944336
state_f2ecf912f519f4bce72823ff,2c_c7052cf3bd6baff652ca,2,binary_vle_english.xlsx,10.1016/j.fluid.2014.04.025,unverified,0.5,isobaric,0.9285714285714286,isobaric,403.30999999999995,393.6091003417969,,,6.103515625e-05,True,False,48,COCCO,mol_d291b272a64498d9,0.8554,0.9831,0.9807784557342529,1.012107014656067,114.75843811035156,CS(C)=O,mol_7d3e12eaed0f467c,0.14459999999999995,0.016900000000000026,0.01922152191400528,0.8032760620117188,16.76347541809082,,,,,,,
state_f2fc52641ed27d9f68931345,2c_7c57a80413db66443080,2,binary_vle_english.xlsx,10.1016/j.jct.2010.05.014,unverified,0.5,isobaric,0.9615384615384616,isobaric,395.75,397.7537841796875,,,-3.0517578125e-05,True,False,48,CCC(=O)O,mol_86c4db256d6270c6,0.236,0.18200000000000005,0.2527962923049927,0.8599485158920288,66.3916244506836,CCCCCO,mol_243de2450bee5519,0.764,0.818,0.7472037076950073,0.9710479378700256,53.68242263793945,,,,,,,
state_f33c3701a4cb2d059bcf1105,2c_f25584e0c98fb6639876,2,binary_vle_english.xlsx,10.1016/j.jct.2019.05.005,unverified,0.5,isobaric,0.9090909090909091,isobaric,338.46999999999997,335.7671813964844,,,9.918212890625e-05,True,False,48,CO,mol_a85d32e4db2ff39c,0.914,0.958,0.9686320424079895,1.0001471042633057,107.33920288085938,O,mol_e81dc06beaa39499,0.08599999999999997,0.04200000000000004,0.03136797621846199,1.149560570716858,32.14147186279297,,,,,,,
state_f40f0b73edeb76d93b23ca1a,2c_3ee312d94970782dd931,2,binary_vle_english.xlsx,10.1016/j.jct.2019.02.006,unverified,0.5,isobaric,0.9230769230769231,isobaric,355.40999999999997,353.9862976074219,,,0.00104522705078125,True,False,48,C1CCCCC1,mol_893981623557f359,0.8746,0.9321,0.9249977469444275,1.0095696449279785,106.12276458740234,CCCCCCC,mol_fddb2c852c313396,0.12539999999999996,0.06789999999999996,0.07500224560499191,1.0240790843963623,59.16391372680664,,,,,,,
state_f48e57c9ea54a413d5860f6a,2c_94ed5d0a73a3c26e5ef5,2,binary_vle_english.xlsx,10.1016/j.fluid.2011.06.009,unverified,0.5,isobaric,0.9411764705882353,isobaric,315.19,306.58367919921875,,,0.0005588531494140625,True,False,48,CCO,mol_f29e20f49d416e54,0.841,0.854,0.9608290791511536,0.9603270888328552,23.44927406311035,O,mol_e81dc06beaa39499,0.15900000000000003,0.14600000000000002,0.039170946925878525,0.46746060252189636,10.387724876403809,,,,,,,
state_f52e320a9d3c3569325c4682,2c_50cae961bcfb98dfb10a,2,binary_vle_english.xlsx,10.1016/j.fluid.2013.05.019,passed,1.0,full_state,0.5714285714285714,isobaric,346.27,350.0760803222656,,,8.392333984375e-05,True,False,48,CC(C)=C(C)C,mol_ac85c03b48dc0205,0.999855,0.999932,0.9997928738594055,1.0,101.3238525390625,c1ccsc1,mol_7953343be0b435d5,0.000145,6.8e-05,0.00020716276776511222,1.7241235971450806,83.96803283691406,,,,,,,
state_f5deafe182b3f3bcc94d541a,2c_6bea4d4b457d21637176,2,binary_vle_english.xlsx,10.1016/j.fluid.2006.07.003,unverified,0.5,isobaric,0.9545454545454546,isobaric,369.75,371.1899108886719,,,7.62939453125e-06,True,False,48,CCCCCO,mol_243de2450bee5519,0.0,0.0,0.0,1.518083095550537,21.427278518676758,CCCO,mol_5fb2f93dc8caa9dc,1.0,1.0,1.0,1.0,101.29994201660156,,,,,,,
state_f63ea865a6f0b669268ec662,3c_5af2e9ac27e2698a2927,3,ternary_vle_english.xlsx,10.1016/j.fluid.2008.06.006,unverified,0.5,isobaric,0.9555555555555556,isobaric,324.76,320.8706970214844,,,7.62939453125e-06,True,False,48,C1CCCCC1,mol_893981623557f359,0.09700000000000009,0.123,0.07981656491756439,2.0047056674957275,38.583229064941406,CC(C)=O,mol_e04cf77cea7bbe66,0.825,0.797,0.8316085338592529,1.038387656211853,91.25010681152344,CC(C)OC(C)C,mol_1a0ca8e5eeb68da8,0.078,0.08,0.08857493847608566,2.089839458465576,51.07768630981445
state_f68bfbfa6d68ec2aead509b7,2c_70d91a5b69e7fd494bfd,2,binary_vle_english.xlsx,10.1016/j.jct.2004.09.009,unverified,0.5,isobaric,0.9696969696969697,isobaric,352.25,352.9661865234375,,,0.00014495849609375,True,False,48,CC(C)O,mol_db030b5de88f8eaf,0.6854,0.6622,0.6656419038772583,1.0975897312164307,89.6326675415039,COC(=O)OC,mol_0ec85594f0f896ea,0.3146,0.3378,0.3343580365180969,1.2190409898757935,88.31704711914062,,,,,,,
state_f6c57195ffd43846b4f13daa,2c_7c57a80413db66443080,2,binary_vle_english.xlsx,10.1016/j.jct.2010.05.014,unverified,0.5,isobaric,0.9615384615384616,isobaric,395.45,391.3291320800781,,,2.6702880859375e-05,True,False,48,CCC(=O)O,mol_86c4db256d6270c6,0.908,0.928,0.9351412653923035,1.0004228353500366,54.87004852294922,CCCCCO,mol_243de2450bee5519,0.092,0.072,0.06485878676176071,0.864132285118103,43.483882904052734,,,,,,,
state_f711e5c561a6da9483059585,2c_132d59f7f663b60d969d,2,binary_vle_english.xlsx,10.1016/j.fluid.2006.02.002,unverified,0.5,isobaric,0.9545454545454546,isobaric,400.75,404.19842529296875,,,2.288818359375e-05,True,False,48,CC(=O)O,mol_9ac385b135af0125,0.8661,0.9931,0.9889506101608276,0.9739274382591248,118.80052947998047,CN1CCCC1=O,mol_f50e4145cb9a22d5,0.13390000000000002,0.006900000000000017,0.011049410328269005,0.4596724212169647,18.190662384033203,,,,,,,
state_f76e7053ebadc0c0a111d355,3c_2cb16216a8c609b7ad27,3,ternary_vle_english.xlsx,10.1016/j.fluid.2005.09.015,unverified,0.5,isobaric,0.9767441860465116,isobaric,381.94,383.6383972167969,,,0.0001678466796875,True,False,48,CC(=O)OCC(C)C,mol_e7eb29ad965cc8ee,0.353,0.314,0.36712127923965454,1.3080390691757202,80.54229736328125,CC(C)CO,mol_015d21fca05fcd26,0.601,0.669,0.606166422367096,1.1052409410476685,92.44220733642578,CCCCOC(=O)CC,mol_a9c167bbb331e76a,0.04600000000000004,0.016999999999999904,0.026712315157055855,1.513810634613037,38.859039306640625
state_f875656dad58fe3ed7f92dd2,3c_5af2e9ac27e2698a2927,3,ternary_vle_english.xlsx,10.1016/j.fluid.2008.06.006,unverified,0.5,isobaric,0.9772727272727273,isobaric,324.59999999999997,320.77880859375,,,0.00191497802734375,True,False,48,C1CCCCC1,mol_893981623557f359,0.09299999999999997,0.18300000000000005,0.0680878683924675,1.7892464399337769,38.46390151977539,CC(C)=O,mol_e04cf77cea7bbe66,0.71,0.725,0.753764271736145,1.0961730480194092,91.04053497314453,CC(C)OC(C)C,mol_1a0ca8e5eeb68da8,0.197,0.092,0.17814786732196808,1.6683422327041626,50.952552795410156
state_f8ad1950e607a9c13813e6ac,2c_35cc53cd52979773cfcb,2,binary_vle_english.xlsx,10.1016/j.fluid.2015.08.014,unverified,0.5,isobaric,0.9473684210526315,isobaric,344.92999999999995,345.0669250488281,,,0.001068115234375,True,False,48,CO,mol_a85d32e4db2ff39c,0.797,0.999,0.9945368766784668,0.923479437828064,136.8828582763672,CS(C)=O,mol_7d3e12eaed0f467c,0.20299999999999996,0.0010000000000000009,0.005463155917823315,0.9896979928016663,2.7546002864837646,,,,,,,
state_f969f78324cde4dd02b7474d,2c_f0a592d91b289fcd0778,2,binary_vle_english.xlsx,10.1016/j.fluid.2005.01.007,unverified,0.5,isobaric,0.9545454545454546,isobaric,328.79999999999995,325.2154235839844,,,0.00061798095703125,True,False,48,CC(C)=O,mol_e04cf77cea7bbe66,0.947,0.938,0.9558995962142944,1.0068439245224,101.5775375366211,CC(C)CC(C)(C)C,mol_57615b5c3546c298,0.05300000000000005,0.062000000000000055,0.04410042241215706,3.3458478450775146,25.19754409790039,,,,,,,
state_f997156e36fb603a63fabc26,2c_f4a55bc5fa0e7d69faf8,2,binary_vle_english.xlsx,10.1016/j.fluid.2012.12.021,unverified,0.5,isobaric,0.9545454545454546,isobaric,339.33,337.9429626464844,,,0.0,True,False,48,C1CCOCC1,mol_626f3d1f5bbb6f55,1.0,1.0,1.0,1.0,50.000022888183594,CCC(C)O,mol_06affb0d2c6c8ff2,0.0,0.0,0.0,1.3334659337997437,29.82942771911621,,,,,,,
state_f9f7c090acb81b46c1421d53,2c_ca2ff513d4ae36f2f8e1,2,binary_vle_english.xlsx,10.1016/j.jct.2017.06.014,unverified,0.5,isobaric,0.9545454545454546,isobaric,360.71999999999997,365.1909484863281,,,0.0006256103515625,True,False,48,CCCO,mol_5fb2f93dc8caa9dc,0.433,0.434,0.4461251497268677,1.2329331636428833,84.65275573730469,O,mol_e81dc06beaa39499,0.567,0.5660000000000001,0.5538748502731323,1.1834867000579834,83.61363220214844,,,,,,,
state_fa3e6253e249c2f660564128,2c_94ed5d0a73a3c26e5ef5,2,binary_vle_english.xlsx,10.1016/j.fluid.2011.06.009,unverified,0.5,isobaric,0.9411764705882353,isobaric,315.15999999999997,304.38189697265625,,,-1.9073486328125e-05,True,False,48,CCO,mol_f29e20f49d416e54,0.913,0.915,0.9837633371353149,0.9872124195098877,21.51270294189453,O,mol_e81dc06beaa39499,0.08699999999999997,0.08499999999999996,0.01623665541410446,0.3890167474746704,9.45572280883789,,,,,,,
state_fc6d735038b5b665b3066805,2c_7c57a80413db66443080,2,binary_vle_english.xlsx,10.1016/j.jct.2010.05.014,unverified,0.5,isobaric,0.9615384615384616,isobaric,395.59999999999997,391.5239562988281,,,7.62939453125e-05,True,False,48,CCC(=O)O,mol_86c4db256d6270c6,0.8899,0.9097999999999999,0.9219560027122498,1.0004870891571045,55.19318389892578,CCCCCO,mol_243de2450bee5519,0.1101,0.0902,0.07804397493600845,0.8632415533065796,43.767086029052734,,,,,,,
state_fd4490dc29553a993d0ab917,2c_f84a6616de8e67ab84b6,2,binary_vle_english.xlsx,10.1016/j.fluid.2005.06.019,unverified,0.5,isobaric,0.96,isobaric,384.29999999999995,388.52691650390625,,,3.814697265625e-05,True,False,48,CC(C)CO,mol_015d21fca05fcd26,0.847,0.975,0.9336336851119995,1.05880868434906,105.45931243896484,CCCCCCO,mol_eb71ecc709e3f0dc,0.15300000000000002,0.025000000000000022,0.0663662999868393,1.641677737236023,26.765640258789062,,,,,,,
state_fda9ff8f526b87e07ec14819,3c_2d8df0569d9d03284715,3,ternary_vle_english.xlsx,10.1016/j.fluid.2007.06.005,unverified,0.5,isobaric,0.9807692307692307,isobaric,344.21,346.4376525878906,,,0.0006561279296875,True,False,48,CC(C)CC(C)(C)C,mol_57615b5c3546c298,0.41100000000000003,0.2879999999999999,0.2712003290653229,1.3908028602600098,48.06121826171875,CCC(C)=O,mol_4cfc5db0ca2ab00b,0.159,0.167,0.15934813022613525,1.5011606216430664,67.62926483154297,CCO,mol_f29e20f49d416e54,0.43,0.545,0.5694515109062195,1.4525660276412964,92.35585021972656
state_fe9e4cfc720fab0168f6c40f,2c_f4a55bc5fa0e7d69faf8,2,binary_vle_english.xlsx,10.1016/j.fluid.2012.12.021,unverified,0.5,isobaric,0.9545454545454546,isobaric,340.38,338.9411315917969,,,3.4332275390625e-05,True,False,48,C1CCOCC1,mol_626f3d1f5bbb6f55,0.863,0.913,0.8982504606246948,1.0073392391204834,51.663211822509766,CCC(C)O,mol_06affb0d2c6c8ff2,0.137,0.087,0.10174955427646637,1.2005969285964966,30.930377960205078,,,,,,,
state_ff0ef4772bb95a031e5448e5,2c_f25584e0c98fb6639876,2,binary_vle_english.xlsx,10.1016/j.jct.2019.01.004,unverified,0.5,isobaric,0.9166666666666666,isobaric,339.41999999999996,336.22747802734375,,,3.814697265625e-05,True,False,48,CO,mol_a85d32e4db2ff39c,0.896,0.954,0.9616516828536987,1.000454068183899,108.6730728149414,O,mol_e81dc06beaa39499,0.10399999999999998,0.04600000000000004,0.03834833204746246,1.1434091329574585,32.667869567871094,,,,,,,
state_ff352c230c76d6ab76cc1bd5,2c_b11dff0fda4f01349610,2,binary_vle_english.xlsx,10.1016/j.jct.2015.03.013,unverified,0.5,isobaric,0.8888888888888888,isobaric,365.0,361.8453369140625,,,7.62939453125e-05,True,False,48,COCCO,mol_d291b272a64498d9,0.053200000000000025,0.04310000000000003,0.03673504665493965,1.1989859342575073,42.90536880493164,O,mol_e81dc06beaa39499,0.9468,0.9569,0.9632649421691895,1.0027118921279907,75.59065246582031,,,,,,,
state_ff4a510dd16861d59352bb5b,2c_82cfa7a14fa3ab1984f1,2,binary_vle_english.xlsx,10.1016/j.fluid.2014.06.025,unverified,0.5,isobaric,0.9,isobaric,349.79999999999995,352.0321960449219,,,3.814697265625e-05,True,False,48,CC#N,mol_7028b7cbd3d829b4,0.7024,0.6888,0.7879309058189392,1.0810692310333252,106.35894012451172,O,mol_e81dc06beaa39499,0.2976,0.31120000000000003,0.2120690941810608,1.313410758972168,55.61190414428711,,,,,,,
state_ff7732847a21658a7217b99c,3c_f6a2de3ac0acbac84e4f,3,ternary_vle_english.xlsx,10.1016/j.fluid.2005.01.007,unverified,0.5,isobaric,0.9818181818181818,isobaric,329.28999999999996,327.09307861328125,,,0.00040435791015625,True,False,48,CC(C)=O,mol_e04cf77cea7bbe66,0.794,0.834,0.8749832510948181,1.0501500368118286,106.30134582519531,CC(C)CC(C)(C)C,mol_57615b5c3546c298,0.15699999999999992,0.127,0.08561978489160538,2.0637054443359375,26.76934051513672,CCO,mol_f29e20f49d416e54,0.049,0.039,0.03939695656299591,1.645362138748169,49.5012321472168
state_ffdcc1c738d47f6cf0143839,3c_e0e1cd9a389a64136bfe,3,ternary_vle_english.xlsx,10.1016/j.fluid.2013.10.060,unverified,0.5,isobaric,0.9736842105263158,isobaric,332.29999999999995,335.8565979003906,,,0.00011444091796875,True,False,48,C1CCOCC1,mol_626f3d1f5bbb6f55,0.119,0.06000000000000005,0.07906325161457062,1.3383256196975708,46.66532516479492,CCCCCC,mol_c55e04e90e298cf6,0.295,0.566,0.4123916029930115,1.760361909866333,74.64732360839844,CCO,mol_f29e20f49d416e54,0.586,0.374,0.5085451602935791,1.2313412427902222,66.24938201904297
