baseline_model,component_count,component_id_1,component_id_2,component_id_3,component_smiles_1,component_smiles_2,component_smiles_3,converged,direction,doi,experiment_mode,experiment_mode_confidence,failure_reason,gamma_pred_1,gamma_pred_2,gamma_pred_3,iterations,nonphysical,predicted_pressure_kpa,predicted_temperature_k,pressure_residual_kpa,psat_pred_kpa_1,psat_pred_kpa_2,psat_pred_kpa_3,quality_status,quality_weight,sample_id,source,system_id,target_pressure_kpa,target_temperature_k,x_1,x_2,x_3,y_pred_1,y_pred_2,y_pred_3,y_true_1,y_true_2,y_true_3
uniquac,2,mol_e04cf77cea7bbe66,mol_f29e20f49d416e54,,CC(C)=O,CCO,,False,isobaric,10.1016/j.fluid.2005.01.007,isobaric,0.9545454545454546,shared_pair_or_uniquac_size_parameters_unavailable,,,,0,False,,,,,,,unverified,0.5,state_0d400be25828dadfd121dea8,D:\VLE\paper_structure_worktree\dataset\binary_vle_english.xlsx,2c_01b27b0603388a2088b7,,351.44,0.0,1.0,,,,,0.0,1.0,
uniquac,2,mol_e04cf77cea7bbe66,mol_f29e20f49d416e54,,CC(C)=O,CCO,,False,isobaric,10.1016/j.fluid.2005.01.007,isobaric,0.9545454545454546,shared_pair_or_uniquac_size_parameters_unavailable,,,,0,False,,,,,,,unverified,0.5,state_f3b3a97fd555df992e3ef44d,D:\VLE\paper_structure_worktree\dataset\binary_vle_english.xlsx,2c_01b27b0603388a2088b7,,348.90999999999997,0.044,0.956,,,,,0.129,0.871,
uniquac,2,mol_e04cf77cea7bbe66,mol_f29e20f49d416e54,,CC(C)=O,CCO,,False,isobaric,10.1016/j.fluid.2005.01.007,isobaric,0.9545454545454546,shared_pair_or_uniquac_size_parameters_unavailable,,,,0,False,,,,,,,unverified,0.5,state_f5d4b1189f6acb3f98b18e9e,D:\VLE\paper_structure_worktree\dataset\binary_vle_english.xlsx,2c_01b27b0603388a2088b7,,346.65,0.085,0.915,,,,,0.232,0.768,
uniquac,2,mol_893981623557f359,mol_dd70207e50d8bf63,,C1CCCCC1,CCCCCCCCC,,True,isobaric,10.1016/j.fluid.2011.10.009,isobaric,0.9333333333333333,,0.39927999423266314,0.9997187696350215,,258,False,,412.71576147187693,5.684341886080802e-14,477.96298604031523,99.68668668014536,,unverified,0.5,state_4249c97bb8b215c7ada9f587,D:\VLE\paper_structure_worktree\dataset\binary_vle_english.xlsx,2c_03bd4325b126d2709459,,420.79999999999995,0.018000000000000016,0.982,,0.03391057503675408,0.9660894249632459,,0.08799999999999997,0.912,
uniquac,2,mol_893981623557f359,mol_dd70207e50d8bf63,,C1CCCCC1,CCCCCCCCC,,True,isobaric,10.1016/j.fluid.2011.10.009,isobaric,0.9333333333333333,,0.40920120533496857,1.0,,258,False,,423.79999999999956,7.105427357601002e-14,609.7678185454096,101.29993507481608,,unverified,0.5,state_a85c17f1f668240f68c6e226,D:\VLE\paper_structure_worktree\dataset\binary_vle_english.xlsx,2c_03bd4325b126d2709459,,423.79999999999995,0.0,1.0,,0.0,1.0,,0.0,1.0,
uniquac,2,mol_f29e20f49d416e54,mol_0ec85594f0f896ea,,CCO,COC(=O)OC,,False,isobaric,10.1016/j.fluid.2018.05.024,isobaric,0.95,shared_pair_or_uniquac_size_parameters_unavailable,,,,0,False,,,,,,,unverified,0.5,state_63977f79c27da63c9ba56e45,D:\VLE\paper_structure_worktree\dataset\binary_vle_english.xlsx,2c_03ee8ab4245c0677d4ed,,360.25,0.056,0.944,,,,,0.164,0.836,
uniquac,2,mol_f29e20f49d416e54,mol_0ec85594f0f896ea,,CCO,COC(=O)OC,,False,isobaric,10.1016/j.fluid.2018.05.024,isobaric,0.95,shared_pair_or_uniquac_size_parameters_unavailable,,,,0,False,,,,,,,unverified,0.5,state_88d68d40cf9406d151b15e44,D:\VLE\paper_structure_worktree\dataset\binary_vle_english.xlsx,2c_03ee8ab4245c0677d4ed,,354.65,0.192,0.808,,,,,0.386,0.614,
uniquac,2,mol_f29e20f49d416e54,mol_0ec85594f0f896ea,,CCO,COC(=O)OC,,False,isobaric,10.1016/j.fluid.2018.05.024,isobaric,0.95,shared_pair_or_uniquac_size_parameters_unavailable,,,,0,False,,,,,,,unverified,0.5,state_be46b220f1a9012c0f325246,D:\VLE\paper_structure_worktree\dataset\binary_vle_english.xlsx,2c_03ee8ab4245c0677d4ed,,357.15,0.119,0.881,,,,,0.291,0.7090000000000001,
uniquac,2,mol_06affb0d2c6c8ff2,mol_0ec85594f0f896ea,,CCC(C)O,COC(=O)OC,,False,isobaric,10.1016/j.jct.2004.09.009,isobaric,0.9696969696969697,shared_pair_or_uniquac_size_parameters_unavailable,,,,0,False,,,,,,,unverified,0.5,state_60c92c0f532ecb55ac5044e0,D:\VLE\paper_structure_worktree\dataset\binary_vle_english.xlsx,2c_045f196d049de4abb690,,368.15,0.8644000000000001,0.1356,,,,,0.7323,0.2677,
uniquac,2,mol_06affb0d2c6c8ff2,mol_0ec85594f0f896ea,,CCC(C)O,COC(=O)OC,,False,isobaric,10.1016/j.jct.2004.09.009,isobaric,0.9696969696969697,shared_pair_or_uniquac_size_parameters_unavailable,,,,0,False,,,,,,,unverified,0.5,state_a1e1531b6e21af5d9c490bee,D:\VLE\paper_structure_worktree\dataset\binary_vle_english.xlsx,2c_045f196d049de4abb690,,366.54999999999995,0.7978000000000001,0.2022,,,,,0.6489,0.3511,
uniquac,2,mol_06affb0d2c6c8ff2,mol_0ec85594f0f896ea,,CCC(C)O,COC(=O)OC,,False,isobaric,10.1016/j.jct.2004.09.009,isobaric,0.9696969696969697,shared_pair_or_uniquac_size_parameters_unavailable,,,,0,False,,,,,,,unverified,0.5,state_a69c8087afaf5fb8c4f2e32d,D:\VLE\paper_structure_worktree\dataset\binary_vle_english.xlsx,2c_045f196d049de4abb690,,371.33,0.968,0.032,,,,,0.9158,0.0842,
uniquac,2,mol_06affb0d2c6c8ff2,mol_0ec85594f0f896ea,,CCC(C)O,COC(=O)OC,,False,isobaric,10.1016/j.jct.2004.09.009,isobaric,0.9696969696969697,shared_pair_or_uniquac_size_parameters_unavailable,,,,0,False,,,,,,,unverified,0.5,state_c912231b911d32a6b9447569,D:\VLE\paper_structure_worktree\dataset\binary_vle_english.xlsx,2c_045f196d049de4abb690,,366.57,0.8006,0.1994,,,,,0.6493,0.3507,
uniquac,2,mol_06affb0d2c6c8ff2,mol_0ec85594f0f896ea,,CCC(C)O,COC(=O)OC,,False,isobaric,10.1016/j.jct.2004.09.009,isobaric,0.9696969696969697,shared_pair_or_uniquac_size_parameters_unavailable,,,,0,False,,,,,,,unverified,0.5,state_ce793a7aa18604d565c9c593,D:\VLE\paper_structure_worktree\dataset\binary_vle_english.xlsx,2c_045f196d049de4abb690,,369.99,0.9255,0.0745,,,,,0.8383,0.1617,
uniquac,2,mol_06affb0d2c6c8ff2,mol_a85d32e4db2ff39c,,CCC(C)O,CO,,True,isobaric,10.1016/j.jct.2013.12.021,isobaric,0.9565217391304348,,0.9996005775293197,0.9456943297651529,,258,False,,368.5127031232375,2.544311428209767e-10,86.6998771318281,305.23604275910776,,unverified,0.5,state_0c2312bcd1f0c702aa1457fd,D:\VLE\paper_structure_worktree\dataset\binary_vle_english.xlsx,2c_0537ca75f0252274a31e,,368.15,0.9274,0.0726,,0.7931836376923351,0.2068163623076649,,0.785,0.215,
uniquac,2,mol_06affb0d2c6c8ff2,mol_a85d32e4db2ff39c,,CCC(C)O,CO,,True,isobaric,10.1016/j.jct.2013.12.021,isobaric,0.9565217391304348,,0.9991696682644908,0.9511077850105198,,258,False,,366.82544005112163,0.0,81.14247528718568,288.6447525197803,,unverified,0.5,state_7f2fc38d0788e5de66f4e2cb,D:\VLE\paper_structure_worktree\dataset\binary_vle_english.xlsx,2c_0537ca75f0252274a31e,,366.34999999999997,0.8953,0.1047,,0.716337608849347,0.283662391150653,,0.7082999999999999,0.2917,
uniquac,2,mol_06affb0d2c6c8ff2,mol_a85d32e4db2ff39c,,CCC(C)O,CO,,True,isobaric,10.1016/j.jct.2013.12.021,isobaric,0.9565217391304348,,0.9999999999999992,0.9328433428965726,,258,False,,372.54614719585976,7.105427357601002e-14,101.33006592998416,348.15128108681796,,unverified,0.5,state_f978542573f81580c3445e67,D:\VLE\paper_structure_worktree\dataset\binary_vle_english.xlsx,2c_0537ca75f0252274a31e,,372.34999999999997,1.0,0.0,,1.0,0.0,,1.0,0.0,
uniquac,2,mol_f7989a5c13417f20,mol_1c09299644053521,,CCCCCl,Cc1ccccc1,,False,isobaric,10.1016/j.fluid.2006.02.009,isobaric,0.9523809523809523,shared_pair_or_uniquac_size_parameters_unavailable,,,,0,False,,,,,,,unverified,0.5,state_162b459c8f0d3cee61537c25,D:\VLE\paper_structure_worktree\dataset\binary_vle_english.xlsx,2c_079ccab2da1cc47051a9,,375.65999999999997,0.0,1.0,,,,,0.0,1.0,
uniquac,2,mol_f7989a5c13417f20,mol_1c09299644053521,,CCCCCl,Cc1ccccc1,,False,isobaric,10.1016/j.fluid.2006.02.009,isobaric,0.9523809523809523,shared_pair_or_uniquac_size_parameters_unavailable,,,,0,False,,,,,,,unverified,0.5,state_30f05cb77648e4a9d3f98864,D:\VLE\paper_structure_worktree\dataset\binary_vle_english.xlsx,2c_079ccab2da1cc47051a9,,369.51,0.1339,0.8661,,,,,0.2873,0.7127,
uniquac,2,mol_f7989a5c13417f20,mol_1c09299644053521,,CCCCCl,Cc1ccccc1,,False,isobaric,10.1016/j.fluid.2006.02.009,isobaric,0.9545454545454546,shared_pair_or_uniquac_size_parameters_unavailable,,,,0,False,,,,,,,unverified,0.5,state_53546c314802c817ec22b726,D:\VLE\paper_structure_worktree\dataset\binary_vle_english.xlsx,2c_079ccab2da1cc47051a9,,371.91999999999996,0.2771,0.7229,,,,,0.5098,0.49019999999999997,
uniquac,2,mol_f7989a5c13417f20,mol_1c09299644053521,,CCCCCl,Cc1ccccc1,,False,isobaric,10.1016/j.fluid.2006.02.009,isobaric,0.9545454545454546,shared_pair_or_uniquac_size_parameters_unavailable,,,,0,False,,,,,,,unverified,0.5,state_66615c135b29eda6bb16271d,D:\VLE\paper_structure_worktree\dataset\binary_vle_english.xlsx,2c_079ccab2da1cc47051a9,,368.94,0.3495,0.6505000000000001,,,,,0.5962,0.40380000000000005,
uniquac,2,mol_f7989a5c13417f20,mol_1c09299644053521,,CCCCCl,Cc1ccccc1,,False,isobaric,10.1016/j.fluid.2006.02.009,isobaric,0.9545454545454546,shared_pair_or_uniquac_size_parameters_unavailable,,,,0,False,,,,,,,unverified,0.5,state_728f45c228031ecb7b0a8456,D:\VLE\paper_structure_worktree\dataset\binary_vle_english.xlsx,2c_079ccab2da1cc47051a9,,373.13,0.2528,0.7472,,,,,0.4668,0.5332,
uniquac,2,mol_f7989a5c13417f20,mol_1c09299644053521,,CCCCCl,Cc1ccccc1,,False,isobaric,10.1016/j.fluid.2006.02.009,isobaric,0.9545454545454546,shared_pair_or_uniquac_size_parameters_unavailable,,,,0,False,,,,,,,unverified,0.5,state_7312f6a9494c7864600e80b3,D:\VLE\paper_structure_worktree\dataset\binary_vle_english.xlsx,2c_079ccab2da1cc47051a9,,377.39,0.148,0.852,,,,,0.3079,0.6920999999999999,
uniquac,2,mol_f7989a5c13417f20,mol_1c09299644053521,,CCCCCl,Cc1ccccc1,,False,isobaric,10.1016/j.fluid.2006.02.009,isobaric,0.9545454545454546,shared_pair_or_uniquac_size_parameters_unavailable,,,,0,False,,,,,,,unverified,0.5,state_7a7cd70bbddbb32950beb6fd,D:\VLE\paper_structure_worktree\dataset\binary_vle_english.xlsx,2c_079ccab2da1cc47051a9,,369.80999999999995,0.328,0.6719999999999999,,,,,0.5728,0.4272,
uniquac,2,mol_f7989a5c13417f20,mol_1c09299644053521,,CCCCCl,Cc1ccccc1,,False,isobaric,10.1016/j.fluid.2006.02.009,isobaric,0.9545454545454546,shared_pair_or_uniquac_size_parameters_unavailable,,,,0,False,,,,,,,unverified,0.5,state_96697f7f89113c17bcdd0109,D:\VLE\paper_structure_worktree\dataset\binary_vle_english.xlsx,2c_079ccab2da1cc47051a9,,376.38,0.1725,0.8275,,,,,0.3498,0.6502,
uniquac,2,mol_f7989a5c13417f20,mol_1c09299644053521,,CCCCCl,Cc1ccccc1,,False,isobaric,10.1016/j.fluid.2006.02.009,isobaric,0.9545454545454546,shared_pair_or_uniquac_size_parameters_unavailable,,,,0,False,,,,,,,unverified,0.5,state_d6a3bd645eb057bb8c940a6d,D:\VLE\paper_structure_worktree\dataset\binary_vle_english.xlsx,2c_079ccab2da1cc47051a9,,383.76,0.0,1.0,,,,,0.0,1.0,
uniquac,2,mol_dd70207e50d8bf63,mol_e7658ba520613aac,,CCCCCCCCC,Cc1ccc(C)cc1,,False,isobaric,10.1016/j.fluid.2011.10.009,isobaric,0.9285714285714286,shared_pair_or_uniquac_size_parameters_unavailable,,,,0,False,,,,,,,passed,1.0,state_39f35c6776be50efcf01ed6a,D:\VLE\paper_structure_worktree\dataset\binary_vle_english.xlsx,2c_0a42aa3dc6cf5132e23e,,423.79999999999995,1.0,0.0,,,,,1.0,0.0,
uniquac,2,mol_dd70207e50d8bf63,mol_e7658ba520613aac,,CCCCCCCCC,Cc1ccc(C)cc1,,False,isobaric,10.1016/j.fluid.2011.10.009,isobaric,0.9285714285714286,shared_pair_or_uniquac_size_parameters_unavailable,,,,0,False,,,,,,,passed,1.0,state_696a65acd364b3328b28d3fe,D:\VLE\paper_structure_worktree\dataset\binary_vle_english.xlsx,2c_0a42aa3dc6cf5132e23e,,423.4,0.971,0.029000000000000026,,,,,0.957,0.04300000000000004,
uniquac,2,mol_dd70207e50d8bf63,mol_1c09299644053521,,CCCCCCCCC,Cc1ccccc1,,False,isobaric,10.1016/j.fluid.2011.10.009,isobaric,0.9375,shared_pair_or_uniquac_size_parameters_unavailable,,,,0,False,,,,,,,unverified,0.5,state_515b483175c5c16f3277a20c,D:\VLE\paper_structure_worktree\dataset\binary_vle_english.xlsx,2c_0afc81efacf81d2f9881,,423.79999999999995,1.0,0.0,,,,,1.0,0.0,
uniquac,2,mol_dd70207e50d8bf63,mol_1c09299644053521,,CCCCCCCCC,Cc1ccccc1,,False,isobaric,10.1016/j.fluid.2011.10.009,isobaric,0.9375,shared_pair_or_uniquac_size_parameters_unavailable,,,,0,False,,,,,,,unverified,0.5,state_a07d71dabe7e55605a706b62,D:\VLE\paper_structure_worktree\dataset\binary_vle_english.xlsx,2c_0afc81efacf81d2f9881,,420.7,0.973,0.027000000000000024,,,,,0.916,0.08399999999999996,
uniquac,2,mol_57615b5c3546c298,mol_1a0ca8e5eeb68da8,,CC(C)CC(C)(C)C,CC(C)OC(C)C,,True,isobaric,10.1016/j.fluid.2006.08.004,isobaric,0.9473684210526315,,0.9981031230469685,0.9943728017228027,,258,False,,364.1311764664416,-2.842170943040401e-14,79.90842104472353,201.2417324720049,,unverified,0.5,state_61537952ad802f3d5900ac1c,D:\VLE\paper_structure_worktree\dataset\binary_vle_english.xlsx,2c_0cbe98474ca1c811520c,,363.99,0.821,0.179,,0.6464009021356599,0.35359909786434,,0.657,0.343,
uniquac,2,mol_57615b5c3546c298,mol_1a0ca8e5eeb68da8,,CC(C)CC(C)(C)C,CC(C)OC(C)C,,True,isobaric,10.1016/j.fluid.2006.08.004,isobaric,0.9473684210526315,,0.9995981919908753,0.9890954642725439,,258,False,,368.14590174686504,9.45220790526946e-10,90.1854402444631,225.3533873556896,,unverified,0.5,state_806de413775f918d387622fd,D:\VLE\paper_structure_worktree\dataset\binary_vle_english.xlsx,2c_0cbe98474ca1c811520c,,368.15,0.916,0.084,,0.8151700185935734,0.18482998140642656,,0.821,0.179,
uniquac,2,mol_57615b5c3546c298,mol_1a0ca8e5eeb68da8,,CC(C)CC(C)(C)C,CC(C)OC(C)C,,True,isobaric,10.1016/j.fluid.2006.08.004,isobaric,0.9473684210526315,,0.9990936101092497,0.9913581940168753,,258,False,,366.3609438626016,-6.299529786701896e-10,85.49042146999037,214.36141362682187,,unverified,0.5,state_cf606a5381d41a2f924837ac,D:\VLE\paper_structure_worktree\dataset\binary_vle_english.xlsx,2c_0cbe98474ca1c811520c,,366.29999999999995,0.875,0.125,,0.7377726060185014,0.26222739398149864,,0.746,0.254,
uniquac,2,mol_1c09299644053521,mol_61c4de85d258b45d,,Cc1ccccc1,Cc1ccccc1C,,False,isobaric,10.1016/j.fluid.2013.05.016,isobaric,0.9444444444444444,shared_pair_or_uniquac_size_parameters_unavailable,,,,0,False,,,,,,,unverified,0.5,state_a5c02537a7101775479bcfa9,D:\VLE\paper_structure_worktree\dataset\binary_vle_english.xlsx,2c_106af91fffdb87d7c4f6,,417.5,0.0,1.0,,,,,0.0,1.0,
uniquac,2,mol_1c09299644053521,mol_61c4de85d258b45d,,Cc1ccccc1,Cc1ccccc1C,,False,isobaric,10.1016/j.fluid.2013.05.016,isobaric,0.9444444444444444,shared_pair_or_uniquac_size_parameters_unavailable,,,,0,False,,,,,,,unverified,0.5,state_e22d06867d8eefc610e652f1,D:\VLE\paper_structure_worktree\dataset\binary_vle_english.xlsx,2c_106af91fffdb87d7c4f6,,413.2,0.094,0.906,,,,,0.196,0.804,
uniquac,2,mol_1c09299644053521,mol_61c4de85d258b45d,,Cc1ccccc1,Cc1ccccc1C,,False,isobaric,10.1016/j.fluid.2013.05.016,isobaric,0.9444444444444444,shared_pair_or_uniquac_size_parameters_unavailable,,,,0,False,,,,,,,unverified,0.5,state_fd6a94596a742d2f1913da9f,D:\VLE\paper_structure_worktree\dataset\binary_vle_english.xlsx,2c_106af91fffdb87d7c4f6,,414.29999999999995,0.069,0.931,,,,,0.147,0.853,
uniquac,2,mol_c59bfa659357f795,mol_f29e20f49d416e54,,C1CCOC1,CCO,,True,isobaric,10.1016/j.fluid.2014.03.027,isobaric,0.9090909090909091,,1.4426801933509141,1.0208434807352922,,258,False,,345.7972899511881,-1.7053025658242404e-13,128.31836512147368,80.09600543025832,,unverified,0.5,state_78e241917ec3ffb6dd4d02eb,D:\VLE\paper_structure_worktree\dataset\binary_vle_english.xlsx,2c_112489fd04ba2d890a8f,,346.29999999999995,0.189,0.8109999999999999,,0.3453914035887614,0.6546085964112387,,0.34,0.6599999999999999,
uniquac,2,mol_c59bfa659357f795,mol_f29e20f49d416e54,,C1CCOC1,CCO,,True,isobaric,10.1016/j.fluid.2014.03.027,isobaric,0.9090909090909091,,1.5739096380714677,1.0055686075755588,,258,False,,348.1524744074625,-3.694822225952521e-13,138.33841032193206,88.1589484289326,,unverified,0.5,state_c1755d653a5b575fe257aa19,D:\VLE\paper_structure_worktree\dataset\binary_vle_english.xlsx,2c_112489fd04ba2d890a8f,,348.5,0.098,0.902,,0.21063933951898356,0.7893606604810164,,0.202,0.798,
uniquac,2,mol_9ac385b135af0125,mol_f50e4145cb9a22d5,,CC(=O)O,CN1CCCC1=O,,True,isobaric,10.1016/j.fluid.2006.02.002,isobaric,0.9545454545454546,,0.17089131735813792,0.9861471351196262,,258,False,,474.10614673995354,-1.4125589586910792e-11,910.3321167297665,96.08742748963769,,unverified,0.5,state_89b9c1dd895d06a97fa3c656,D:\VLE\paper_structure_worktree\dataset\binary_vle_english.xlsx,2c_132d59f7f663b60d969d,,472.67999999999995,0.1081,0.8919,,0.16596145413066854,0.8340385458693315,,0.2112,0.7888,
uniquac,2,mol_9ac385b135af0125,mol_f50e4145cb9a22d5,,CC(=O)O,CN1CCCC1=O,,True,isobaric,10.1016/j.fluid.2006.02.002,isobaric,0.9545454545454546,,0.1541590437070275,0.995894805507007,,258,False,,475.0224013265958,9.947598300641403e-14,928.6598992217964,99.0666737191338,,unverified,0.5,state_8dc0032e2ffa4f39c1780dca,D:\VLE\paper_structure_worktree\dataset\binary_vle_english.xlsx,2c_132d59f7f663b60d969d,,475.02,0.06,0.94,,0.08476930554373661,0.9152306944562634,,0.1123,0.8877,
uniquac,2,mol_9ac385b135af0125,mol_f50e4145cb9a22d5,,CC(=O)O,CN1CCCC1=O,,True,isobaric,10.1016/j.fluid.2006.02.002,isobaric,0.9545454545454546,,0.19764302523139418,0.961246727720751,,258,False,,472.0541038380504,-4.263256414560601e-14,870.3423789251779,89.69752482532444,,unverified,0.5,state_96e0537ed4ca3cc80d8af6fe,D:\VLE\paper_structure_worktree\dataset\binary_vle_english.xlsx,2c_132d59f7f663b60d969d,,470.4,0.1761,0.8239,,0.29894593638565536,0.7010540636143446,,0.3266,0.6734,
uniquac,2,mol_9ac385b135af0125,mol_7d3e12eaed0f467c,,CC(=O)O,CS(C)=O,,False,isobaric,10.1016/j.fluid.2008.09.010,isobaric,0.8823529411764706,shared_pair_or_uniquac_size_parameters_unavailable,,,,0,False,,,,,,,unverified,0.5,state_7a485c75dff2c0151f09c5d5,D:\VLE\paper_structure_worktree\dataset\binary_vle_english.xlsx,2c_1423cf5c6cbb9a123e33,,398.65,0.2041,0.7959,,,,,0.1774,0.8226,
uniquac,2,mol_9ac385b135af0125,mol_7d3e12eaed0f467c,,CC(=O)O,CS(C)=O,,False,isobaric,10.1016/j.fluid.2008.09.010,isobaric,0.8823529411764706,shared_pair_or_uniquac_size_parameters_unavailable,,,,0,False,,,,,,,unverified,0.5,state_9d65814fc70382f12eb15f93,D:\VLE\paper_structure_worktree\dataset\binary_vle_english.xlsx,2c_1423cf5c6cbb9a123e33,,398.65,0.2809,0.7191000000000001,,,,,0.3106,0.6894,
uniquac,2,mol_57615b5c3546c298,mol_f29e20f49d416e54,,CC(C)CC(C)(C)C,CCO,,True,isobaric,10.1016/j.fluid.2005.01.007,isobaric,0.9545454545454546,,1.001459982805111,8.071338789370488,,258,False,,361.66622645198476,7.105427357601002e-14,74.08901356894069,149.20843319593078,,unverified,0.5,state_1047e746827a5653cd15da28,D:\VLE\paper_structure_worktree\dataset\binary_vle_english.xlsx,2c_165952a69a69e7a8d3f6,,362.54999999999995,0.976,0.024,,0.7147305315859042,0.2852694684140959,,0.749,0.251,
uniquac,2,mol_57615b5c3546c298,mol_f29e20f49d416e54,,CC(C)CC(C)(C)C,CCO,,True,isobaric,10.1016/j.fluid.2005.01.007,isobaric,0.9545454545454546,,1.0,8.559681001420111,,258,False,,372.09339757509224,3.34580363414716e-10,101.31993343035057,218.16183523693942,,unverified,0.5,state_51d138f3296cb099095ad847,D:\VLE\paper_structure_worktree\dataset\binary_vle_english.xlsx,2c_165952a69a69e7a8d3f6,,372.33,1.0,0.0,,1.0,0.0,,1.0,0.0,
uniquac,2,mol_57615b5c3546c298,mol_f29e20f49d416e54,,CC(C)CC(C)(C)C,CCO,,True,isobaric,10.1016/j.fluid.2007.06.005,isobaric,0.9545454545454546,,1.0087490200548168,7.115785218917054,,258,False,,354.03084476881395,-1.4210854715202004e-14,58.227900716046875,111.38267916659925,,unverified,0.5,state_62ee15e37a5b455859f03217,D:\VLE\paper_structure_worktree\dataset\binary_vle_english.xlsx,2c_165952a69a69e7a8d3f6,,353.91999999999996,0.942,0.058,,0.5462054062980513,0.45379459370194875,,0.5700000000000001,0.43,
uniquac,2,mol_57615b5c3546c298,mol_f29e20f49d416e54,,CC(C)CC(C)(C)C,CCO,,True,isobaric,10.1016/j.fluid.2007.06.005,isobaric,0.9545454545454546,,1.001996174334358,7.966532384726471,,258,False,,360.45473988854974,1.1368683772161603e-13,71.35911274320055,142.5625675985785,,unverified,0.5,state_d7b014838cae11bb48d8ac8f,D:\VLE\paper_structure_worktree\dataset\binary_vle_english.xlsx,2c_165952a69a69e7a8d3f6,,361.27,0.972,0.028,,0.686076593218142,0.31392340678185804,,0.7130000000000001,0.287,
uniquac,2,mol_57615b5c3546c298,mol_f29e20f49d416e54,,CC(C)CC(C)(C)C,CCO,,True,isobaric,10.1016/j.fluid.2007.06.005,isobaric,0.9545454545454546,,1.0,8.560014611955662,,258,False,,372.08663240930815,3.8397729440475814e-10,101.29993507519998,218.10957591006974,,unverified,0.5,state_d89ef1c873c9fa40ec0eae14,D:\VLE\paper_structure_worktree\dataset\binary_vle_english.xlsx,2c_165952a69a69e7a8d3f6,,372.33,1.0,0.0,,1.0,0.0,,1.0,0.0,
uniquac,2,mol_57615b5c3546c298,mol_f29e20f49d416e54,,CC(C)CC(C)(C)C,CCO,,True,isobaric,10.1016/j.fluid.2005.01.007,isobaric,0.9545454545454546,,1.0084458201882909,7.144380069599802,,258,False,,354.19591277024904,2.842170943040401e-14,58.53837417879479,112.10387429404031,,unverified,0.5,state_dbf966765d7e9c3d19415be2,D:\VLE\paper_structure_worktree\dataset\binary_vle_english.xlsx,2c_165952a69a69e7a8d3f6,,353.82,0.943,0.057,,0.549427032640967,0.45057296735903296,,0.5700000000000001,0.43,
uniquac,2,mol_626f3d1f5bbb6f55,mol_cbd731ac6eef5e90,,C1CCOCC1,CC(C)(C)Cl,,True,isobaric,10.1016/j.fluid.2005.02.014,isobaric,0.9285714285714286,,0.9998860204074131,0.7684129066056115,,258,False,,359.99923764254913,4.4997250370215625e-10,98.05893386649767,320.85488178829735,,passed,1.0,state_a4ff0f4c8f3412a335bf7484,D:\VLE\paper_structure_worktree\dataset\binary_vle_english.xlsx,2c_1f5028f9412924c6aa2e,,360.2,0.9781,0.02190000000000003,,0.9466986449334358,0.05330135506656419,,0.9429,0.05710000000000004,
uniquac,2,mol_626f3d1f5bbb6f55,mol_cbd731ac6eef5e90,,C1CCOCC1,CC(C)(C)Cl,,True,isobaric,10.1016/j.fluid.2005.02.014,isobaric,0.9285714285714286,,0.9985791482712048,0.7863688344707634,,258,False,,357.38711585903536,1.1235101737838704e-10,90.39449955701123,298.2057301198421,,passed,1.0,state_a75852da994591e8eb847bc6,D:\VLE\paper_structure_worktree\dataset\binary_vle_english.xlsx,2c_1f5028f9412924c6aa2e,,357.34999999999997,0.9235,0.07650000000000001,,0.8229097930084118,0.17709020699158823,,0.8208,0.17920000000000003,
uniquac,2,mol_57615b5c3546c298,mol_ad4ef9c6c876ca2f,,CC(C)CC(C)(C)C,CCCCO,,True,isobaric,10.1016/j.fluid.2018.07.027,isobaric,0.9629629629629629,,3.9591563615878917,1.0004974264730166,,258,False,,387.79229285315887,5.951221737632295e-10,157.2445604898564,89.96521221690388,,unverified,0.5,state_3cdee4f60a9a3fc1afaeaa25,D:\VLE\paper_structure_worktree\dataset\binary_vle_english.xlsx,2c_21b807a1a6c6348c91ac,,385.90999999999997,0.0212,0.9788,,0.1302881684211463,0.8697118315788537,,0.132,0.868,
uniquac,2,mol_57615b5c3546c298,mol_ad4ef9c6c876ca2f,,CC(C)CC(C)(C)C,CCCCO,,True,isobaric,10.1016/j.fluid.2018.07.027,isobaric,0.9629629629629629,,3.865289461879055,1.001210085291556,,258,False,,386.19369181242786,9.947598300641403e-14,150.60802987576378,84.7879838579486,,unverified,0.5,state_886b0bfaeb1696ce43163799,D:\VLE\paper_structure_worktree\dataset\binary_vle_english.xlsx,2c_21b807a1a6c6348c91ac,,385.16999999999996,0.033,0.967,,0.1896421730247492,0.8103578269752508,,0.1863,0.8137,
uniquac,2,mol_57615b5c3546c298,mol_ad4ef9c6c876ca2f,,CC(C)CC(C)(C)C,CCCCO,,True,isobaric,10.1016/j.fluid.2018.07.027,isobaric,0.9629629629629629,,4.13391697870989,1.0,,258,False,,391.0329509985159,-4.68105554318754e-11,171.42331732330874,101.2999350747692,,unverified,0.5,state_9a1970288bf9fe79c77de017,D:\VLE\paper_structure_worktree\dataset\binary_vle_english.xlsx,2c_21b807a1a6c6348c91ac,,390.25,0.0,1.0,,0.0,1.0,,0.0,1.0,
uniquac,2,mol_57615b5c3546c298,mol_ad4ef9c6c876ca2f,,CC(C)CC(C)(C)C,CCCCO,,True,isobaric,10.1016/j.fluid.2018.07.027,isobaric,0.9629629629629629,,4.091981722463325,1.0000275354474035,,258,False,,390.22252266976705,-8.526512829121202e-14,167.78443615807598,98.35616693949382,,unverified,0.5,state_f2948e7b5f8aa3bc51b37fa5,D:\VLE\paper_structure_worktree\dataset\binary_vle_english.xlsx,2c_21b807a1a6c6348c91ac,,388.96,0.005,0.995,,0.03388802004490866,0.9661119799550913,,0.0385,0.9615,
uniquac,2,mol_cbd731ac6eef5e90,mol_1a0ca8e5eeb68da8,,CC(C)(C)Cl,CC(C)OC(C)C,,True,isothermal,10.1016/j.fluid.2011.06.001,isothermal,0.9166666666666666,,1.004417448661537,1.0170864945805709,,1,False,50.975650683576305,,0.0,59.48495698214768,30.549452624987556,,unverified,0.5,state_591c453abbec503f6db949c1,D:\VLE\paper_structure_worktree\dataset\binary_vle_english.xlsx,2c_23001626ba9c10a2709a,51.364975396992,,0.6941,0.30589999999999995,,0.8135432888530935,0.1864567111469065,,0.8042,0.19579999999999997,
uniquac,2,mol_cbd731ac6eef5e90,mol_1a0ca8e5eeb68da8,,CC(C)(C)Cl,CC(C)OC(C)C,,True,isothermal,10.1016/j.fluid.2011.06.001,isothermal,0.9166666666666666,,1.0077578683501325,1.0111378186042341,,1,False,47.774570691057995,,0.0,59.48495698214768,30.549452624987556,,unverified,0.5,state_8344086d3a9dde4068648c95,D:\VLE\paper_structure_worktree\dataset\binary_vle_english.xlsx,2c_23001626ba9c10a2709a,48.12004228224,,0.5811,0.41890000000000005,,0.7291509263672888,0.27084907363271116,,0.7208,0.2792,
uniquac,2,mol_cbd731ac6eef5e90,mol_1a0ca8e5eeb68da8,,CC(C)(C)Cl,CC(C)OC(C)C,,True,isothermal,10.1016/j.fluid.2011.06.001,isothermal,0.9166666666666666,,1.030538321113837,1.0000343556417288,,1,False,31.715966038581286,,0.0,59.48495698214768,30.549452624987556,,unverified,0.5,state_89787d37359a9b5d9606966c,D:\VLE\paper_structure_worktree\dataset\binary_vle_english.xlsx,2c_23001626ba9c10a2709a,31.78005286016,,0.0379,0.9621,,0.07325420568934891,0.9267457943106511,,0.0777,0.9223,
uniquac,2,mol_cbd731ac6eef5e90,mol_1a0ca8e5eeb68da8,,CC(C)(C)Cl,CC(C)OC(C)C,,True,isothermal,10.1016/j.fluid.2011.06.001,isothermal,0.9166666666666666,,1.0098349524364811,1.008587458779606,,1,False,46.02898144513234,,0.0,59.48495698214768,30.549452624987556,,unverified,0.5,state_aabb781793480118a86735d9,D:\VLE\paper_structure_worktree\dataset\binary_vle_english.xlsx,2c_23001626ba9c10a2709a,46.400050412672,,0.5201,0.4799,,0.6787549961883005,0.3212450038116995,,0.6711,0.32889999999999997,
uniquac,2,mol_cbd731ac6eef5e90,mol_1a0ca8e5eeb68da8,,CC(C)(C)Cl,CC(C)OC(C)C,,True,isothermal,10.1016/j.fluid.2011.06.001,isothermal,0.9166666666666666,,1.0265364224784679,1.0003757418335713,,1,False,34.294442668899,,0.0,59.48495698214768,30.549452624987556,,unverified,0.5,state_b785c01159580a6d947ddf90,D:\VLE\paper_structure_worktree\dataset\binary_vle_english.xlsx,2c_23001626ba9c10a2709a,34.475031206912,,0.1224,0.8776,,0.21794112252546075,0.7820588774745393,,0.2166,0.7834,
uniquac,2,mol_cbd731ac6eef5e90,mol_1a0ca8e5eeb68da8,,CC(C)(C)Cl,CC(C)OC(C)C,,True,isothermal,10.1016/j.fluid.2011.06.001,isothermal,0.9166666666666666,,1.0005663037345018,1.0327114544289626,,1,False,56.63774652547676,,0.0,59.48495698214768,30.549452624987556,,unverified,0.5,state_bc19f9ecadce04e8d5133a17,D:\VLE\paper_structure_worktree\dataset\binary_vle_english.xlsx,2c_23001626ba9c10a2709a,56.724934557695995,,0.897,0.10299999999999998,,0.9426261905965602,0.05737380940343978,,0.9352,0.06479999999999997,
uniquac,2,mol_cbd731ac6eef5e90,mol_1a0ca8e5eeb68da8,,CC(C)(C)Cl,CC(C)OC(C)C,,True,isothermal,10.1016/j.fluid.2011.06.001,isothermal,0.9166666666666666,,1.0020324663330136,1.0242637964244456,,1,False,53.911679512686234,,0.0,59.48495698214768,30.549452624987556,,unverified,0.5,state_d0905c3268d98e9cd292b3f7,D:\VLE\paper_structure_worktree\dataset\binary_vle_english.xlsx,2c_23001626ba9c10a2709a,54.115015881728,,0.7989,0.20109999999999995,,0.8832802188707967,0.11671978112920334,,0.8803,0.11970000000000003,
uniquac,2,mol_cbd731ac6eef5e90,mol_1a0ca8e5eeb68da8,,CC(C)(C)Cl,CC(C)OC(C)C,,True,isothermal,10.1016/j.fluid.2011.06.001,isothermal,0.9166666666666666,,1.0001524364440588,1.0378026174792505,,1,False,58.03228524025249,,0.0,59.48495698214768,30.549452624987556,,unverified,0.5,state_e54b2d5984aaaed5d7a31aa9,D:\VLE\paper_structure_worktree\dataset\binary_vle_english.xlsx,2c_23001626ba9c10a2709a,58.070023928447995,,0.9474,0.05259999999999998,,0.9712634738944692,0.028736526105530787,,0.9681,0.03190000000000004,
uniquac,2,mol_cbd731ac6eef5e90,mol_1a0ca8e5eeb68da8,,CC(C)(C)Cl,CC(C)OC(C)C,,True,isothermal,10.1016/j.fluid.2011.06.001,isothermal,0.9166666666666666,,1.0179994240129553,1.0027357299470998,,1,False,39.986840023534434,,0.0,59.48495698214768,30.549452624987556,,unverified,0.5,state_e725f2c596f07ce01b6a718d,D:\VLE\paper_structure_worktree\dataset\binary_vle_english.xlsx,2c_23001626ba9c10a2709a,40.3400154976,,0.3126,0.6874,,0.47339816767085535,0.5266018323291447,,0.4637,0.5363,
uniquac,2,mol_cbd731ac6eef5e90,mol_1a0ca8e5eeb68da8,,CC(C)(C)Cl,CC(C)OC(C)C,,True,isothermal,10.1016/j.fluid.2011.06.001,isothermal,0.9166666666666666,,1.0139179417474855,1.0050320554671262,,1,False,42.89052591576787,,0.0,59.48495698214768,30.549452624987556,,unverified,0.5,state_f798db415150b4a7d1751261,D:\VLE\paper_structure_worktree\dataset\binary_vle_english.xlsx,2c_23001626ba9c10a2709a,43.400030487936,,0.4116,0.5884,,0.578793912291582,0.421206087708418,,0.5728,0.4272,
uniquac,2,mol_cbd731ac6eef5e90,mol_1a0ca8e5eeb68da8,,CC(C)(C)Cl,CC(C)OC(C)C,,True,isothermal,10.1016/j.fluid.2011.06.001,isothermal,0.9166666666666666,,1.0231934814314347,1.000992941174367,,1,False,36.48230054061084,,0.0,59.48495698214768,30.549452624987556,,unverified,0.5,state_fc9754b7e321ff0a058705bc,D:\VLE\paper_structure_worktree\dataset\binary_vle_english.xlsx,2c_23001626ba9c10a2709a,36.90496468608,,0.1949,0.8051,,0.3251580713532051,0.6748419286467949,,0.3289,0.6711,
uniquac,2,mol_8151bb583f7f3ebd,mol_61c4de85d258b45d,,CCCCCCCC,Cc1ccccc1C,,False,isobaric,10.1016/j.fluid.2013.01.015,isobaric,0.9333333333333333,shared_pair_or_uniquac_size_parameters_unavailable,,,,0,False,,,,,,,passed,1.0,state_44727d1d2a662a9585a7716c,D:\VLE\paper_structure_worktree\dataset\binary_vle_english.xlsx,2c_277a9b0f8ca81825906f,,363.72999999999996,0.063,0.937,,,,,0.11,0.89,
uniquac,2,mol_8151bb583f7f3ebd,mol_61c4de85d258b45d,,CCCCCCCC,Cc1ccccc1C,,False,isobaric,10.1016/j.fluid.2013.01.015,isobaric,0.9333333333333333,shared_pair_or_uniquac_size_parameters_unavailable,,,,0,False,,,,,,,passed,1.0,state_7ea657abe45c378ed3c3d6c8,D:\VLE\paper_structure_worktree\dataset\binary_vle_english.xlsx,2c_277a9b0f8ca81825906f,,365.15999999999997,0.0,1.0,,,,,0.0,1.0,
uniquac,2,mol_7a351e48494919fc,mol_9c31aaa032950e85,,C1COCO1,CC(C)(C)O,,True,isobaric,10.1016/j.jct.2003.09.001,isobaric,0.9285714285714286,,1.4282295151339275,1.0137854650505906,,258,False,,351.76104065724235,1.1783214404204045e-09,116.06069706191936,86.66761349251328,,unverified,0.5,state_2e9d502ac0725d3c8c01e0b1,D:\VLE\paper_structure_worktree\dataset\binary_vle_english.xlsx,2c_30c0b771d8db238964cd,,351.89,0.1725,0.8275,,0.28226895196646384,0.7177310480335362,,0.2643,0.7357,
uniquac,2,mol_7a351e48494919fc,mol_9c31aaa032950e85,,C1COCO1,CC(C)(C)O,,True,isobaric,10.1016/j.jct.2003.09.001,isobaric,0.9285714285714286,,1.6127354169671164,1.000187099965445,,258,False,,355.08162794443115,-3.263096459704684e-10,129.76216319020511,99.01040217932183,,unverified,0.5,state_3424c75694297923baad2fce,D:\VLE\paper_structure_worktree\dataset\binary_vle_english.xlsx,2c_30c0b771d8db238964cd,,354.19,0.0206,0.9794,,0.04255682835164336,0.9574431716483566,,0.0603,0.9397,
uniquac,2,mol_7a351e48494919fc,mol_9c31aaa032950e85,,C1COCO1,CC(C)(C)O,,True,isobaric,10.1016/j.jct.2003.09.001,isobaric,0.9285714285714286,,1.4864265049886376,1.0066646774860604,,258,False,,352.72557894614226,4.263256414560601e-14,119.91025574534346,90.10840241721078,,unverified,0.5,state_c62cdaabcfe2c79155401f34,D:\VLE\paper_structure_worktree\dataset\binary_vle_english.xlsx,2c_30c0b771d8db238964cd,,352.15,0.121,0.879,,0.2129001528936109,0.787099847106389,,0.2052,0.7948,
uniquac,2,mol_7a351e48494919fc,mol_9c31aaa032950e85,,C1COCO1,CC(C)(C)O,,True,isobaric,10.1016/j.jct.2003.09.001,isobaric,0.9285714285714286,,1.3548689111593752,1.0282395366458712,,258,False,,350.64377698839957,-2.842170943040401e-14,111.73074544223117,82.82373519860998,,unverified,0.5,state_cf6008fb93fbb6b6911d04c7,D:\VLE\paper_structure_worktree\dataset\binary_vle_english.xlsx,2c_30c0b771d8db238964cd,,351.02,0.2437,0.7563,,0.36418020498523146,0.6358197950147686,,0.3397,0.6603,
uniquac,2,mol_7028b7cbd3d829b4,mol_f29e20f49d416e54,,CC#N,CCO,,True,isobaric,10.1016/j.fluid.2018.06.017,isobaric,0.9375,,1.0010013092297232,2.2012282128538465,,258,False,,352.7639703325144,2.597033699203166e-10,95.70481138614849,105.97855305679786,,passed,1.0,state_4db98510cde55dcb709c4408,D:\VLE\paper_structure_worktree\dataset\binary_vle_english.xlsx,2c_31c2824ab8cdf543aad1,,352.25,0.96,0.040000000000000036,,0.9078842525325764,0.09211574746742356,,0.895,0.10499999999999998,
uniquac,2,mol_7028b7cbd3d829b4,mol_f29e20f49d416e54,,CC#N,CCO,,True,isobaric,10.1016/j.fluid.2018.06.017,isobaric,0.9375,,1.0000000000000004,2.3100458545038527,,258,False,,354.88575248209304,1.4210854715202004e-14,101.29993507481598,115.16123938273566,,passed,1.0,state_fd8b402de24d8296e49386a1,D:\VLE\paper_structure_worktree\dataset\binary_vle_english.xlsx,2c_31c2824ab8cdf543aad1,,354.29999999999995,1.0,0.0,,1.0,0.0,,1.0,0.0,
uniquac,2,mol_4df2781fcf4d4a77,mol_18876b584acc43d4,,CCOC(=O)OCC,CCOC(C)=O,,False,isothermal,10.1016/j.jct.2015.07.024,full_state,0.0,shared_pair_or_uniquac_size_parameters_unavailable,,,,0,False,,,,,,,unverified,0.5,state_633ce3b5126ddbaebf3d46ed,D:\VLE\paper_structure_worktree\dataset\binary_vle_english.xlsx,2c_31dd895be9cb26117aa9,461.70002666688,,0.902,0.098,,,,,0.755,0.245,
uniquac,2,mol_4df2781fcf4d4a77,mol_18876b584acc43d4,,CCOC(=O)OCC,CCOC(C)=O,,False,isobaric,10.1016/j.jct.2015.07.024,full_state,0.0,shared_pair_or_uniquac_size_parameters_unavailable,,,,0,False,,,,,,,unverified,0.5,state_633ce3b5126ddbaebf3d46ed,D:\VLE\paper_structure_worktree\dataset\binary_vle_english.xlsx,2c_31dd895be9cb26117aa9,,453.2,0.902,0.098,,,,,0.755,0.245,
uniquac,2,mol_626f3d1f5bbb6f55,mol_b6f57216bc07a08c,,C1CCOCC1,CC(C)CCl,,True,isobaric,10.1016/j.fluid.2005.02.014,isobaric,0.9090909090909091,,0.9991504994404895,0.9259090818282967,,258,False,,358.98207811857776,-1.2789769243681803e-13,95.0134135557243,173.4234014034708,,unverified,0.5,state_4c3a1b0e67bf5ae69d85395a,D:\VLE\paper_structure_worktree\dataset\binary_vle_english.xlsx,2c_34804c7fdf5c7dc9c9e5,,359.03999999999996,0.903,0.09699999999999998,,0.84624168497723,0.15375831502277001,,0.8481,0.15190000000000003,
uniquac,2,mol_626f3d1f5bbb6f55,mol_b6f57216bc07a08c,,C1CCOCC1,CC(C)CCl,,True,isobaric,10.1016/j.fluid.2005.02.014,isobaric,0.9090909090909091,,0.9976906689924718,0.934820577191012,,258,False,,357.6586461109123,1.1368683772161603e-13,91.16752845476151,166.79695419533968,,unverified,0.5,state_7259a32ff469b6e7ef04f338,D:\VLE\paper_structure_worktree\dataset\binary_vle_english.xlsx,2c_34804c7fdf5c7dc9c9e5,,357.60999999999996,0.8408,0.1592,,0.7549525002083638,0.2450474997916362,,0.754,0.246,
uniquac,2,mol_626f3d1f5bbb6f55,mol_b6f57216bc07a08c,,C1CCOCC1,CC(C)CCl,,True,isobaric,10.1016/j.fluid.2005.02.014,isobaric,0.9090909090909091,,0.9998721582790843,0.9170549366943318,,258,False,,360.2458366174527,3.339550858072471e-11,98.80921980471686,179.94854828175747,,unverified,0.5,state_e75a08d3cbb14b95bc8b4e9a,D:\VLE\paper_structure_worktree\dataset\binary_vle_english.xlsx,2c_34804c7fdf5c7dc9c9e5,,360.49,0.9622,0.037799999999999945,,0.9384218930892169,0.061578106910783165,,0.9308,0.06920000000000004,
uniquac,2,mol_fddb2c852c313396,mol_e7658ba520613aac,,CCCCCCC,Cc1ccc(C)cc1,,False,isothermal,10.1016/j.fluid.2016.02.018,isothermal,0.8,shared_pair_or_uniquac_size_parameters_unavailable,,,,0,False,,,,,,,unverified,0.5,state_077c8ffa1bad4263c8513120,D:\VLE\paper_structure_worktree\dataset\binary_vle_english.xlsx,2c_35c6612e2ad0f786d394,45.100024002304,,0.3568,0.6432,,,,,0.6922,0.30779999999999996,
uniquac,2,mol_fddb2c852c313396,mol_e7658ba520613aac,,CCCCCCC,Cc1ccc(C)cc1,,False,isothermal,10.1016/j.fluid.2016.02.018,isothermal,0.8,shared_pair_or_uniquac_size_parameters_unavailable,,,,0,False,,,,,,,unverified,0.5,state_a44318f058d98af74d46f42c,D:\VLE\paper_structure_worktree\dataset\binary_vle_english.xlsx,2c_35c6612e2ad0f786d394,55.399976864512,,0.5749,0.42510000000000003,,,,,0.8395,0.16049999999999998,
uniquac,2,mol_fddb2c852c313396,mol_e7658ba520613aac,,CCCCCCC,Cc1ccc(C)cc1,,False,isothermal,10.1016/j.fluid.2016.02.018,isothermal,0.8,shared_pair_or_uniquac_size_parameters_unavailable,,,,0,False,,,,,,,unverified,0.5,state_b38371ef92a81aba54fe26ec,D:\VLE\paper_structure_worktree\dataset\binary_vle_english.xlsx,2c_35c6612e2ad0f786d394,36.199956004095995,,0.1856,0.8144,,,,,0.5211,0.4789,
uniquac,2,mol_fddb2c852c313396,mol_e7658ba520613aac,,CCCCCCC,Cc1ccc(C)cc1,,False,isothermal,10.1016/j.fluid.2016.02.018,isothermal,0.8,shared_pair_or_uniquac_size_parameters_unavailable,,,,0,False,,,,,,,unverified,0.5,state_fa054f90c52f224caebed33b,D:\VLE\paper_structure_worktree\dataset\binary_vle_english.xlsx,2c_35c6612e2ad0f786d394,64.89999551872,,0.7694,0.23060000000000003,,,,,0.9005,0.09950000000000003,
uniquac,2,mol_a85d32e4db2ff39c,mol_7d3e12eaed0f467c,,CO,CS(C)=O,,False,isobaric,10.1016/j.fluid.2015.08.014,isobaric,0.9473684210526315,shared_pair_or_uniquac_size_parameters_unavailable,,,,0,False,,,,,,,unverified,0.5,state_4fceabe1d8499a11c8cd37d6,D:\VLE\paper_structure_worktree\dataset\binary_vle_english.xlsx,2c_35cc53cd52979773cfcb,,460.43999999999994,0.004,0.996,,,,,0.067,0.933,
uniquac,2,mol_a85d32e4db2ff39c,mol_7d3e12eaed0f467c,,CO,CS(C)=O,,False,isobaric,10.1016/j.fluid.2015.08.014,isobaric,0.9473684210526315,shared_pair_or_uniquac_size_parameters_unavailable,,,,0,False,,,,,,,unverified,0.5,state_dacc9392a9d11ae8c22332b1,D:\VLE\paper_structure_worktree\dataset\binary_vle_english.xlsx,2c_35cc53cd52979773cfcb,,454.75,0.014,0.986,,,,,0.206,0.794,
uniquac,2,mol_a85d32e4db2ff39c,mol_7d3e12eaed0f467c,,CO,CS(C)=O,,False,isobaric,10.1016/j.fluid.2015.08.014,isobaric,0.9473684210526315,shared_pair_or_uniquac_size_parameters_unavailable,,,,0,False,,,,,,,unverified,0.5,state_df80bdbd4879186fa1831147,D:\VLE\paper_structure_worktree\dataset\binary_vle_english.xlsx,2c_35cc53cd52979773cfcb,,448.42999999999995,0.027,0.973,,,,,0.341,0.659,
uniquac,2,mol_18876b584acc43d4,mol_7d3e12eaed0f467c,,CCOC(C)=O,CS(C)=O,,False,isobaric,10.1016/j.jct.2019.03.036,isobaric,0.9473684210526315,shared_pair_or_uniquac_size_parameters_unavailable,,,,0,False,,,,,,,unverified,0.5,state_5a907c100b29280bec92c19f,D:\VLE\paper_structure_worktree\dataset\binary_vle_english.xlsx,2c_375f45238dade7281e25,,463.27,0.0,1.0,,,,,0.0,1.0,
uniquac,2,mol_18876b584acc43d4,mol_7d3e12eaed0f467c,,CCOC(C)=O,CS(C)=O,,False,isobaric,10.1016/j.jct.2019.03.036,isobaric,0.9473684210526315,shared_pair_or_uniquac_size_parameters_unavailable,,,,0,False,,,,,,,unverified,0.5,state_c8cd1f199ee2d9672c2fe8e5,D:\VLE\paper_structure_worktree\dataset\binary_vle_english.xlsx,2c_375f45238dade7281e25,,452.5,0.0153,0.9847,,,,,0.2863,0.7137,
uniquac,2,mol_18876b584acc43d4,mol_7d3e12eaed0f467c,,CCOC(C)=O,CS(C)=O,,False,isobaric,10.1016/j.jct.2019.03.036,isobaric,0.9473684210526315,shared_pair_or_uniquac_size_parameters_unavailable,,,,0,False,,,,,,,unverified,0.5,state_e80a1a2a429848a76850e5a6,D:\VLE\paper_structure_worktree\dataset\binary_vle_english.xlsx,2c_375f45238dade7281e25,,458.73,0.0071,0.9929,,,,,0.1598,0.8402000000000001,
uniquac,2,mol_e7eb29ad965cc8ee,mol_a9c167bbb331e76a,,CC(=O)OCC(C)C,CCCCOC(=O)CC,,False,isobaric,10.1016/j.fluid.2005.09.015,isobaric,0.9545454545454546,shared_pair_or_uniquac_size_parameters_unavailable,,,,0,False,,,,,,,unverified,0.5,state_92cedf5bda2f78f2fc794fdd,D:\VLE\paper_structure_worktree\dataset\binary_vle_english.xlsx,2c_37c45ee575c800aa7033,,418.68999999999994,0.0,1.0,,,,,0.0,1.0,
uniquac,2,mol_e7eb29ad965cc8ee,mol_a9c167bbb331e76a,,CC(=O)OCC(C)C,CCCCOC(=O)CC,,False,isobaric,10.1016/j.fluid.2005.09.015,isobaric,0.9545454545454546,shared_pair_or_uniquac_size_parameters_unavailable,,,,0,False,,,,,,,unverified,0.5,state_be16bab87a32ece3c2c55c70,D:\VLE\paper_structure_worktree\dataset\binary_vle_english.xlsx,2c_37c45ee575c800aa7033,,415.81999999999994,0.082,0.918,,,,,0.163,0.837,
uniquac,2,mol_e7eb29ad965cc8ee,mol_a9c167bbb331e76a,,CC(=O)OCC(C)C,CCCCOC(=O)CC,,False,isobaric,10.1016/j.fluid.2005.09.015,isobaric,0.9545454545454546,shared_pair_or_uniquac_size_parameters_unavailable,,,,0,False,,,,,,,unverified,0.5,state_f7c53ccbed50924471854c48,D:\VLE\paper_structure_worktree\dataset\binary_vle_english.xlsx,2c_37c45ee575c800aa7033,,417.09999999999997,0.046,0.954,,,,,0.095,0.905,
uniquac,2,mol_db030b5de88f8eaf,mol_18876b584acc43d4,,CC(C)O,CCOC(C)=O,,False,isobaric,10.1016/j.fluid.2016.08.011,isobaric,0.9375,shared_pair_or_uniquac_size_parameters_unavailable,,,,0,False,,,,,,,passed,1.0,state_82dbe05a4ff0fad06a3893d0,D:\VLE\paper_structure_worktree\dataset\binary_vle_english.xlsx,2c_3c1769052d07951ac3d7,,355.37,1.0,0.0,,,,,1.0,0.0,
uniquac,2,mol_db030b5de88f8eaf,mol_18876b584acc43d4,,CC(C)O,CCOC(C)=O,,False,isobaric,10.1016/j.fluid.2016.08.011,isobaric,0.9375,shared_pair_or_uniquac_size_parameters_unavailable,,,,0,False,,,,,,,passed,1.0,state_efb538964b52787e4e9b5915,D:\VLE\paper_structure_worktree\dataset\binary_vle_english.xlsx,2c_3c1769052d07951ac3d7,,353.03999999999996,0.906,0.094,,,,,0.845,0.155,
uniquac,2,mol_4cfc5db0ca2ab00b,mol_f29e20f49d416e54,,CCC(C)=O,CCO,,False,isobaric,10.1016/j.fluid.2017.10.001,isobaric,0.95,shared_pair_or_uniquac_size_parameters_unavailable,,,,0,False,,,,,,,unverified,0.5,state_11f939650c6c4549a06ba727,D:\VLE\paper_structure_worktree\dataset\binary_vle_english.xlsx,2c_3c77d4a7763529aa395e,,352.71999999999997,1.0,0.0,,,,,1.0,0.0,
uniquac,2,mol_4cfc5db0ca2ab00b,mol_f29e20f49d416e54,,CCC(C)=O,CCO,,False,isobaric,10.1016/j.fluid.2007.06.005,isobaric,0.9523809523809523,shared_pair_or_uniquac_size_parameters_unavailable,,,,0,False,,,,,,,unverified,0.5,state_269047121da8f45f93b0b2d7,D:\VLE\paper_structure_worktree\dataset\binary_vle_english.xlsx,2c_3c77d4a7763529aa395e,,351.69,0.964,0.036,,,,,0.94,0.06,
uniquac,2,mol_4cfc5db0ca2ab00b,mol_f29e20f49d416e54,,CCC(C)=O,CCO,,False,isobaric,10.1016/j.fluid.2017.10.001,isobaric,0.95,shared_pair_or_uniquac_size_parameters_unavailable,,,,0,False,,,,,,,unverified,0.5,state_509fd2e0a39b7b2877e2e3cd,D:\VLE\paper_structure_worktree\dataset\binary_vle_english.xlsx,2c_3c77d4a7763529aa395e,,351.45,0.0,1.0,,,,,0.0,1.0,
uniquac,2,mol_4cfc5db0ca2ab00b,mol_f29e20f49d416e54,,CCC(C)=O,CCO,,False,isobaric,10.1016/j.fluid.2017.10.001,isobaric,0.95,shared_pair_or_uniquac_size_parameters_unavailable,,,,0,False,,,,,,,unverified,0.5,state_7381044a2839fc99b6ae9136,D:\VLE\paper_structure_worktree\dataset\binary_vle_english.xlsx,2c_3c77d4a7763529aa395e,,351.34,0.945,0.05500000000000005,,,,,0.903,0.09699999999999998,
uniquac,2,mol_4cfc5db0ca2ab00b,mol_f29e20f49d416e54,,CCC(C)=O,CCO,,False,isobaric,10.1016/j.fluid.2007.06.005,isobaric,0.9523809523809523,shared_pair_or_uniquac_size_parameters_unavailable,,,,0,False,,,,,,,unverified,0.5,state_c13fca69f9d8d3e2760a9259,D:\VLE\paper_structure_worktree\dataset\binary_vle_english.xlsx,2c_3c77d4a7763529aa395e,,351.44,0.0,1.0,,,,,0.0,1.0,
uniquac,2,mol_4cfc5db0ca2ab00b,mol_f29e20f49d416e54,,CCC(C)=O,CCO,,False,isobaric,10.1016/j.fluid.2017.10.001,isobaric,0.95,shared_pair_or_uniquac_size_parameters_unavailable,,,,0,False,,,,,,,unverified,0.5,state_e2202dcd478a343d47ab8cce,D:\VLE\paper_structure_worktree\dataset\binary_vle_english.xlsx,2c_3c77d4a7763529aa395e,,351.89,0.974,0.026000000000000023,,,,,0.951,0.049000000000000044,
uniquac,2,mol_893981623557f359,mol_fddb2c852c313396,,C1CCCCC1,CCCCCCC,,True,isobaric,10.1016/j.jct.2019.02.006,isobaric,0.9230769230769231,,0.9956534905546859,1.0,,258,False,,371.2423095329522,1.0489031865290599e-10,168.8922883988547,101.2999350749209,,unverified,0.5,state_0b8b56f252feb77a5e1f0a69,D:\VLE\paper_structure_worktree\dataset\binary_vle_english.xlsx,2c_3ee312d94970782dd931,,371.53,0.0,1.0,,0.0,1.0,,0.0,1.0,
uniquac,2,mol_893981623557f359,mol_fddb2c852c313396,,C1CCCCC1,CCCCCCC,,True,isobaric,10.1016/j.jct.2019.02.006,isobaric,0.9230769230769231,,0.996467382967813,0.999965061496768,,258,False,,369.55878995724186,-1.4210854715202004e-14,161.11242208525053,96.14469936228672,,unverified,0.5,state_5fd19937dc0d2d01c0911cf5,D:\VLE\paper_structure_worktree\dataset\binary_vle_english.xlsx,2c_3ee312d94970782dd931,,369.87,0.0801,0.9198999999999999,,0.12694496009078385,0.8730550399092162,,0.1237,0.8763,
uniquac,2,mol_fddb2c852c313396,mol_1c09299644053521,,CCCCCCC,Cc1ccccc1,,False,isothermal,10.1016/j.fluid.2014.12.025,isothermal,0.8,shared_pair_or_uniquac_size_parameters_unavailable,,,,0,False,,,,,,,unverified,0.5,state_0113cc921033591b505d2cce,D:\VLE\paper_structure_worktree\dataset\binary_vle_english.xlsx,2c_40e8c463ab1ddecad6ca,74.999964828928,,0.7874,0.2126,,,,,0.8142,0.18579999999999997,
uniquac,2,mol_fddb2c852c313396,mol_1c09299644053521,,CCCCCCC,Cc1ccccc1,,False,isothermal,10.1016/j.fluid.2014.12.025,isothermal,0.8,shared_pair_or_uniquac_size_parameters_unavailable,,,,0,False,,,,,,,unverified,0.5,state_1537ddbe85ac3a6be04b8be0,D:\VLE\paper_structure_worktree\dataset\binary_vle_english.xlsx,2c_40e8c463ab1ddecad6ca,69.400025405824,,0.3779,0.6221,,,,,0.4777,0.5223,
uniquac,2,mol_fddb2c852c313396,mol_1c09299644053521,,CCCCCCC,Cc1ccccc1,,False,isothermal,10.1016/j.fluid.2014.12.025,isothermal,0.8,shared_pair_or_uniquac_size_parameters_unavailable,,,,0,False,,,,,,,unverified,0.5,state_93b0f5ee156f7b695d4f0819,D:\VLE\paper_structure_worktree\dataset\binary_vle_english.xlsx,2c_40e8c463ab1ddecad6ca,72.99999598656,,0.5704,0.4296,,,,,0.6491,0.3509,
uniquac,2,mol_fddb2c852c313396,mol_1c09299644053521,,CCCCCCC,Cc1ccccc1,,False,isothermal,10.1016/j.fluid.2014.12.025,isothermal,0.8,shared_pair_or_uniquac_size_parameters_unavailable,,,,0,False,,,,,,,unverified,0.5,state_a986e812e9a17d0587bc73fe,D:\VLE\paper_structure_worktree\dataset\binary_vle_english.xlsx,2c_40e8c463ab1ddecad6ca,63.699960884351995,,0.1862,0.8138,,,,,0.2928,0.7072,
uniquac,2,mol_0ec85594f0f896ea,mol_e7658ba520613aac,,COC(=O)OC,Cc1ccc(C)cc1,,False,isobaric,10.1016/j.jct.2019.01.027,isobaric,0.9411764705882353,shared_pair_or_uniquac_size_parameters_unavailable,,,,0,False,,,,,,,unverified,0.5,state_a31a10a54b3943afdab1f8b7,D:\VLE\paper_structure_worktree\dataset\binary_vle_english.xlsx,2c_41231e1cce231dacd490,,411.45,0.0,1.0,,,,,0.0,1.0,
uniquac,2,mol_0ec85594f0f896ea,mol_e7658ba520613aac,,COC(=O)OC,Cc1ccc(C)cc1,,False,isobaric,10.1016/j.jct.2019.01.027,isobaric,0.9411764705882353,shared_pair_or_uniquac_size_parameters_unavailable,,,,0,False,,,,,,,unverified,0.5,state_b1fb9e47a6133575e63790e6,D:\VLE\paper_structure_worktree\dataset\binary_vle_english.xlsx,2c_41231e1cce231dacd490,,407.95,0.024,0.976,,,,,0.1129,0.8871,
uniquac,2,mol_fddb2c852c313396,mol_770d75a3bb2412ce,,CCCCCCC,CCCOCCO,,True,isobaric,10.1016/j.fluid.2010.08.002,isobaric,0.9230769230769231,,3.358880492511449,1.0001706188538155,,258,False,,409.99026030435505,1.0653877779986942e-10,299.3742425816319,67.79759522035725,,unverified,0.5,state_201c160b12c32b72fff6d00a,D:\VLE\paper_structure_worktree\dataset\binary_vle_english.xlsx,2c_42d2383a8e4daebeb5e1,,410.73,0.013,0.987,,0.16340396907946228,0.8365960309205378,,0.142,0.858,
uniquac,2,mol_fddb2c852c313396,mol_770d75a3bb2412ce,,CCCCCCC,CCCOCCO,,True,isobaric,10.1016/j.fluid.2010.08.002,isobaric,0.9230769230769231,,3.104450700741617,1.0034720353631377,,258,False,,404.2894054789411,3.766018608075683e-10,258.60416458803087,56.5301128682874,,unverified,0.5,state_3cf681327f0a08e6184995a4,D:\VLE\paper_structure_worktree\dataset\binary_vle_english.xlsx,2c_42d2383a8e4daebeb5e1,,407.79999999999995,0.058,0.942,,0.46563765487442854,0.5343623451255715,,0.41,0.5900000000000001,
uniquac,2,mol_fddb2c852c313396,mol_770d75a3bb2412ce,,CCCCCCC,CCCOCCO,,True,isobaric,10.1016/j.fluid.2010.08.002,isobaric,0.9230769230769231,,3.2912489387474637,1.0003264104837373,,258,False,,415.7164538873576,5.8264504332328215e-12,345.39857447854735,80.9692668478869,,unverified,0.5,state_51cdf57765d811c268066c35,D:\VLE\paper_structure_worktree\dataset\binary_vle_english.xlsx,2c_42d2383a8e4daebeb5e1,,418.39,0.018,0.982,,0.20462259859100715,0.7953774014089929,,0.136,0.864,
uniquac,2,mol_fddb2c852c313396,mol_770d75a3bb2412ce,,CCCCCCC,CCCOCCO,,True,isobaric,10.1016/j.fluid.2010.08.002,isobaric,0.9230769230769231,,3.3684519897248792,1.0,,258,False,,422.7366487518038,-4.263256414560601e-14,409.4166890816872,100.00004198681596,,unverified,0.5,state_69f00bca479278f63af87524,D:\VLE\paper_structure_worktree\dataset\binary_vle_english.xlsx,2c_42d2383a8e4daebeb5e1,,422.75,0.0,1.0,,0.0,1.0,,0.0,1.0,
uniquac,2,mol_fddb2c852c313396,mol_770d75a3bb2412ce,,CCCCCCC,CCCOCCO,,True,isobaric,10.1016/j.fluid.2010.08.002,isobaric,0.9230769230769231,,3.413926549266988,1.0,,258,False,,415.3229657981902,6.111804395914078e-10,342.06416501585534,79.99995359664318,,unverified,0.5,state_7dfeca6e93cc885c2307cd39,D:\VLE\paper_structure_worktree\dataset\binary_vle_english.xlsx,2c_42d2383a8e4daebeb5e1,,415.29999999999995,0.0,1.0,,0.0,1.0,,0.0,1.0,
uniquac,2,mol_fddb2c852c313396,mol_770d75a3bb2412ce,,CCCCCCC,CCCOCCO,,True,isobaric,10.1016/j.fluid.2010.08.002,isobaric,0.9230769230769231,,3.204255141279835,1.0013952469768863,,258,False,,409.6936056087936,8.742802037886577e-10,297.1321358166777,67.16777611418901,,unverified,0.5,state_a44ac6bf2e088f320e333e86,D:\VLE\paper_structure_worktree\dataset\binary_vle_english.xlsx,2c_42d2383a8e4daebeb5e1,,413.01,0.037,0.963,,0.35227210640619666,0.6477278935938034,,0.283,0.7170000000000001,
uniquac,2,mol_06affb0d2c6c8ff2,mol_ca12d6d2f2ffb170,,CCC(C)O,CN(C)C=O,,True,isobaric,10.1016/j.fluid.2014.09.021,isobaric,0.9545454545454546,,0.6084653637060942,0.9986826886525878,,258,False,,420.6215965454989,-1.602273869139026e-10,516.3079979437774,90.92210744396537,,unverified,0.5,state_57d83fd2804941cacaf7dc81,D:\VLE\paper_structure_worktree\dataset\binary_vle_english.xlsx,2c_443810127d849cf82a31,,421.40999999999997,0.047,0.953,,0.14575833711561526,0.8542416628843847,,0.138,0.862,
uniquac,2,mol_06affb0d2c6c8ff2,mol_ca12d6d2f2ffb170,,CCC(C)O,CN(C)C=O,,True,isobaric,10.1016/j.fluid.2014.09.021,isobaric,0.9545454545454546,,0.5889725807586763,0.99984714853807,,258,False,,423.08941364074394,-2.842170943040401e-14,555.7415834153206,97.63979247537954,,unverified,0.5,state_836f50449e05062a5255c277,D:\VLE\paper_structure_worktree\dataset\binary_vle_english.xlsx,2c_443810127d849cf82a31,,424.08,0.016,0.984,,0.05169860049798326,0.9483013995020166,,0.049,0.951,
uniquac,2,mol_06affb0d2c6c8ff2,mol_ca12d6d2f2ffb170,,CCC(C)O,CN(C)C=O,,True,isobaric,10.1016/j.fluid.2014.09.021,isobaric,0.9545454545454546,,0.5996638387639509,0.9993501890261224,,258,False,,421.7319635597247,-5.175166961635114e-10,533.7489224792073,93.89516866862512,,unverified,0.5,state_b1a503744bd19c0d2b3e9980,D:\VLE\paper_structure_worktree\dataset\binary_vle_english.xlsx,2c_443810127d849cf82a31,,422.56999999999994,0.033,0.967,,0.1042676642321952,0.8957323357678048,,0.098,0.902,
uniquac,2,mol_db030b5de88f8eaf,mol_243de2450bee5519,,CC(C)O,CCCCCO,,True,isobaric,10.1016/j.fluid.2012.12.020,isobaric,0.9629629629629629,,0.9079779720169212,0.9999814641125746,,258,False,,407.8265837459412,1.173006580756919e-09,636.7329661565459,93.44035799923117,,unverified,0.5,state_0942b8f6c99d6adb32036d94,D:\VLE\paper_structure_worktree\dataset\binary_vle_english.xlsx,2c_46777e532a11b24ee585,,408.67999999999995,0.0156,0.9844,,0.08929683077901375,0.9107031692209863,,0.0741,0.9259,
uniquac,2,mol_db030b5de88f8eaf,mol_243de2450bee5519,,CC(C)O,CCCCCO,,True,isobaric,10.1016/j.fluid.2012.12.020,isobaric,0.9629629629629629,,0.9098692825965573,0.999923639387263,,258,False,,405.80590974139983,-1.4210854715202004e-13,598.2434455407182,86.5876905742195,,unverified,0.5,state_762d30541c0139185f3f0323,D:\VLE\paper_structure_worktree\dataset\binary_vle_english.xlsx,2c_46777e532a11b24ee585,,406.51,0.0315,0.9685,,0.16976427597859184,0.8302357240214081,,0.1499,0.8501,
uniquac,2,mol_db030b5de88f8eaf,mol_243de2450bee5519,,CC(C)O,CCCCCO,,True,isobaric,10.1016/j.fluid.2012.12.020,isobaric,0.9629629629629629,,0.9061396169602534,1.0,,258,False,,409.9114110742104,1.1071961125708185e-09,678.6043274857282,100.9999597479232,,unverified,0.5,state_a0071cc28cb1f98ac763af45,D:\VLE\paper_structure_worktree\dataset\binary_vle_english.xlsx,2c_46777e532a11b24ee585,,411.09999999999997,0.0,1.0,,0.0,1.0,,0.0,1.0,
uniquac,2,mol_db030b5de88f8eaf,mol_243de2450bee5519,,CC(C)O,CCCCCO,,True,isobaric,10.1016/j.fluid.2012.12.020,isobaric,0.9629629629629629,,0.9120295691448447,0.9998092417494148,,258,False,,403.6358702703311,-2.2737367544323206e-13,559.1070388648914,79.71937676020764,,unverified,0.5,state_d9763b40c4f7cfa4333bcb15,D:\VLE\paper_structure_worktree\dataset\binary_vle_english.xlsx,2c_46777e532a11b24ee585,,404.90999999999997,0.0495,0.9505,,0.24991244130673745,0.7500875586932626,,0.2355,0.7645,
uniquac,2,mol_7028b7cbd3d829b4,mol_18876b584acc43d4,,CC#N,CCOC(C)=O,,False,isobaric,10.1016/j.fluid.2016.06.022,isobaric,0.9230769230769231,shared_pair_or_uniquac_size_parameters_unavailable,,,,0,False,,,,,,,passed,1.0,state_225cc81217c0616f2858bb2b,D:\VLE\paper_structure_worktree\dataset\binary_vle_english.xlsx,2c_4c362b8bfe2b289cf5ff,,354.65,1.0,0.0,,,,,1.0,0.0,
uniquac,2,mol_7028b7cbd3d829b4,mol_18876b584acc43d4,,CC#N,CCOC(C)=O,,False,isobaric,10.1016/j.fluid.2016.06.022,isobaric,0.9230769230769231,shared_pair_or_uniquac_size_parameters_unavailable,,,,0,False,,,,,,,passed,1.0,state_774dae37b6b295841935ceb7,D:\VLE\paper_structure_worktree\dataset\binary_vle_english.xlsx,2c_4c362b8bfe2b289cf5ff,,352.45,0.921,0.079,,,,,0.875,0.125,
uniquac,2,mol_6f1c44bf29e6107c,mol_7953343be0b435d5,,C=C(C)C(C)C,c1ccsc1,,False,isobaric,10.1016/j.fluid.2011.11.020,isobaric,0.9444444444444444,shared_pair_or_uniquac_size_parameters_unavailable,,,,0,False,,,,,,,unverified,0.5,state_30ab688cd130afdb84b6f1d5,D:\VLE\paper_structure_worktree\dataset\binary_vle_english.xlsx,2c_4c757308eefec1e2dd80,,351.9,0.07110000000000005,0.9289,,,,,0.21499999999999997,0.785,
uniquac,2,mol_6f1c44bf29e6107c,mol_7953343be0b435d5,,C=C(C)C(C)C,c1ccsc1,,False,isobaric,10.1016/j.fluid.2011.11.020,isobaric,0.9444444444444444,shared_pair_or_uniquac_size_parameters_unavailable,,,,0,False,,,,,,,unverified,0.5,state_c14e74bb0aa0f4aba2090816,D:\VLE\paper_structure_worktree\dataset\binary_vle_english.xlsx,2c_4c757308eefec1e2dd80,,352.91999999999996,0.057499999999999996,0.9425,,,,,0.17869999999999997,0.8213,
uniquac,2,mol_6f1c44bf29e6107c,mol_7953343be0b435d5,,C=C(C)C(C)C,c1ccsc1,,False,isobaric,10.1016/j.fluid.2011.11.020,isobaric,0.9444444444444444,shared_pair_or_uniquac_size_parameters_unavailable,,,,0,False,,,,,,,unverified,0.5,state_cdbc6de862edc6f5f655308b,D:\VLE\paper_structure_worktree\dataset\binary_vle_english.xlsx,2c_4c757308eefec1e2dd80,,356.03,0.01749999999999996,0.9825,,,,,0.05879999999999996,0.9412,
uniquac,2,mol_fadb5806094149e6,mol_a7491cfbf016fee6,,CCCC,CCSCC,,True,isothermal,10.1016/j.fluid.2015.10.041,isothermal,0.8,,1.4011771773812598,1.0,,1,False,49.59576855381843,,0.0,812.6282185621877,49.59576855381843,,unverified,0.5,state_795ad646788c928c10876980,D:\VLE\paper_structure_worktree\dataset\binary_vle_english.xlsx,2c_4cc4055379eb0154120e,49.700045665408,,0.0,1.0,,0.0,1.0,,0.0,1.0,
uniquac,2,mol_fadb5806094149e6,mol_a7491cfbf016fee6,,CCCC,CCSCC,,True,isothermal,10.1016/j.fluid.2015.10.041,isothermal,0.8,,1.25477603802709,1.0121176694762481,,1,False,239.24333792899458,,0.0,812.6282185621877,49.59576855381843,,unverified,0.5,state_9af3c6b41d2747c88166c2f2,D:\VLE\paper_structure_worktree\dataset\binary_vle_english.xlsx,2c_4cc4055379eb0154120e,223.100050742784,,0.19499999999999995,0.805,,0.8310992186203529,0.16890078137964715,,0.8140000000000001,0.186,
uniquac,2,mol_fadb5806094149e6,mol_a7491cfbf016fee6,,CCCC,CCSCC,,True,isothermal,10.1016/j.fluid.2015.10.041,isothermal,0.8,,1.1440932676898594,1.0518847181886366,,1,False,396.1699806701646,,0.0,812.6282185621877,49.59576855381843,,unverified,0.5,state_a7b49c3fa7e027a2ff5528a6,D:\VLE\paper_structure_worktree\dataset\binary_vle_english.xlsx,2c_4cc4055379eb0154120e,371.699962214272,,0.392,0.608,,0.9199364605775475,0.08006353942245244,,0.904,0.096,
uniquac,2,mol_fadb5806094149e6,mol_a7491cfbf016fee6,,CCCC,CCSCC,,True,isothermal,10.1016/j.fluid.2015.10.041,isothermal,0.8,,1.375202113317753,1.000295082582067,,1,False,82.71585024458297,,0.0,812.6282185621877,49.59576855381843,,unverified,0.5,state_d9d637c5956809fa7a83e2fa,D:\VLE\paper_structure_worktree\dataset\binary_vle_english.xlsx,2c_4cc4055379eb0154120e,80.60003757439999,,0.031000000000000028,0.969,,0.4188238317846224,0.5811761682153775,,0.396,0.604,
uniquac,2,mol_a85d32e4db2ff39c,mol_7165dcf6be1f831d,,CO,c1ccccc1,,False,isobaric,10.1016/j.fluid.2019.03.022,isobaric,0.95,shared_pair_or_uniquac_size_parameters_unavailable,,,,0,False,,,,,,,passed,1.0,state_4305fb0c6c7420286646faf7,D:\VLE\paper_structure_worktree\dataset\binary_vle_english.xlsx,2c_4e1effd6e44016fa9e71,,339.9,0.050000000000000044,0.95,,,,,0.372,0.628,
uniquac,2,mol_a85d32e4db2ff39c,mol_7165dcf6be1f831d,,CO,c1ccccc1,,False,isobaric,10.1016/j.fluid.2019.03.022,isobaric,0.95,shared_pair_or_uniquac_size_parameters_unavailable,,,,0,False,,,,,,,passed,1.0,state_608500863944deb97cc05e6b,D:\VLE\paper_structure_worktree\dataset\binary_vle_english.xlsx,2c_4e1effd6e44016fa9e71,,337.84999999999997,1.0,0.0,,,,,1.0,0.0,
uniquac,2,mol_a85d32e4db2ff39c,mol_7165dcf6be1f831d,,CO,c1ccccc1,,False,isobaric,10.1016/j.fluid.2019.03.022,isobaric,0.95,shared_pair_or_uniquac_size_parameters_unavailable,,,,0,False,,,,,,,passed,1.0,state_7c4e5b46671fe5766fd6a2bd,D:\VLE\paper_structure_worktree\dataset\binary_vle_english.xlsx,2c_4e1effd6e44016fa9e71,,353.25,0.0,1.0,,,,,0.0,1.0,
uniquac,2,mol_a85d32e4db2ff39c,mol_7165dcf6be1f831d,,CO,c1ccccc1,,False,isobaric,10.1016/j.fluid.2019.03.022,isobaric,0.95,shared_pair_or_uniquac_size_parameters_unavailable,,,,0,False,,,,,,,passed,1.0,state_a7d3ab22ec383b6d2571b21e,D:\VLE\paper_structure_worktree\dataset\binary_vle_english.xlsx,2c_4e1effd6e44016fa9e71,,343.83,0.027000000000000024,0.973,,,,,0.281,0.719,
uniquac,2,mol_9ac385b135af0125,mol_e8df6c9e89c6b62a,,CC(=O)O,ClCCCl,,False,isobaric,10.1016/j.jct.2006.12.003,isobaric,0.9444444444444444,shared_pair_or_uniquac_size_parameters_unavailable,,,,0,False,,,,,,,unverified,0.5,state_50fee9930300787b2327aca4,D:\VLE\paper_structure_worktree\dataset\binary_vle_english.xlsx,2c_4edb251d66039b2a207c,,371.54999999999995,0.813,0.187,,,,,0.499,0.501,
uniquac,2,mol_9ac385b135af0125,mol_e8df6c9e89c6b62a,,CC(=O)O,ClCCCl,,False,isobaric,10.1016/j.jct.2006.12.003,isobaric,0.9444444444444444,shared_pair_or_uniquac_size_parameters_unavailable,,,,0,False,,,,,,,unverified,0.5,state_5b4b05ab56283e2bc77b65c3,D:\VLE\paper_structure_worktree\dataset\binary_vle_english.xlsx,2c_4edb251d66039b2a207c,,379.34999999999997,0.89,0.11,,,,,0.6579999999999999,0.342,
uniquac,2,mol_9ac385b135af0125,mol_e8df6c9e89c6b62a,,CC(=O)O,ClCCCl,,False,isobaric,10.1016/j.jct.2006.12.003,isobaric,0.9444444444444444,shared_pair_or_uniquac_size_parameters_unavailable,,,,0,False,,,,,,,unverified,0.5,state_7505ad76706bffa3d58fccc0,D:\VLE\paper_structure_worktree\dataset\binary_vle_english.xlsx,2c_4edb251d66039b2a207c,,389.65,0.949,0.051,,,,,0.849,0.151,
uniquac,2,mol_f7989a5c13417f20,mol_6fdb0ec09de24512,,CCCCCl,CC[N+](=O)[O-],,False,isothermal,10.1016/j.fluid.2012.10.015,isothermal,0.9333333333333333,shared_pair_or_uniquac_size_parameters_unavailable,,,,0,False,,,,,,,unverified,0.5,state_043ffd3bfbed9a1ed19a7d83,D:\VLE\paper_structure_worktree\dataset\binary_vle_english.xlsx,2c_500953d4ef1e1d57286b,26.940050934656,,0.6247,0.37529999999999997,,,,,0.8498,0.1502,
uniquac,2,mol_f7989a5c13417f20,mol_6fdb0ec09de24512,,CCCCCl,CC[N+](=O)[O-],,False,isothermal,10.1016/j.fluid.2012.10.015,isothermal,0.9333333333333333,shared_pair_or_uniquac_size_parameters_unavailable,,,,0,False,,,,,,,unverified,0.5,state_062610dc5e852a9401e57cd5,D:\VLE\paper_structure_worktree\dataset\binary_vle_english.xlsx,2c_500953d4ef1e1d57286b,11.000028616576,,0.051,0.949,,,,,0.3614,0.6386000000000001,
uniquac,2,mol_f7989a5c13417f20,mol_6fdb0ec09de24512,,CCCCCl,CC[N+](=O)[O-],,False,isothermal,10.1016/j.fluid.2012.10.015,isothermal,0.9333333333333333,shared_pair_or_uniquac_size_parameters_unavailable,,,,0,False,,,,,,,unverified,0.5,state_39c0da75698769a57e1e7fc2,D:\VLE\paper_structure_worktree\dataset\binary_vle_english.xlsx,2c_500953d4ef1e1d57286b,25.250056597887998,,0.5181,0.4819,,,,,0.8172,0.18279999999999996,
uniquac,2,mol_f7989a5c13417f20,mol_6fdb0ec09de24512,,CCCCCl,CC[N+](=O)[O-],,False,isothermal,10.1016/j.fluid.2012.10.015,isothermal,0.9333333333333333,shared_pair_or_uniquac_size_parameters_unavailable,,,,0,False,,,,,,,unverified,0.5,state_3de91ce0bfc70ff58ea24927,D:\VLE\paper_structure_worktree\dataset\binary_vle_english.xlsx,2c_500953d4ef1e1d57286b,19.729977273215997,,0.2715,0.7284999999999999,,,,,0.7099,0.2901,
uniquac,2,mol_f7989a5c13417f20,mol_6fdb0ec09de24512,,CCCCCl,CC[N+](=O)[O-],,False,isothermal,10.1016/j.fluid.2012.10.015,isothermal,0.9333333333333333,shared_pair_or_uniquac_size_parameters_unavailable,,,,0,False,,,,,,,unverified,0.5,state_5393cabe1465b78e61b58b41,D:\VLE\paper_structure_worktree\dataset\binary_vle_english.xlsx,2c_500953d4ef1e1d57286b,29.829946583424,,0.8488,0.1512,,,,,0.9216,0.07840000000000003,
uniquac,2,mol_f7989a5c13417f20,mol_6fdb0ec09de24512,,CCCCCl,CC[N+](=O)[O-],,False,isothermal,10.1016/j.fluid.2012.10.015,isothermal,0.9333333333333333,shared_pair_or_uniquac_size_parameters_unavailable,,,,0,False,,,,,,,unverified,0.5,state_6893e7bcba770e9ebfeec7b1,D:\VLE\paper_structure_worktree\dataset\binary_vle_english.xlsx,2c_500953d4ef1e1d57286b,23.409941274752,,0.4136,0.5864,,,,,0.7803,0.2197,
uniquac,2,mol_f7989a5c13417f20,mol_6fdb0ec09de24512,,CCCCCl,CC[N+](=O)[O-],,False,isothermal,10.1016/j.fluid.2012.10.015,isothermal,0.9333333333333333,shared_pair_or_uniquac_size_parameters_unavailable,,,,0,False,,,,,,,unverified,0.5,state_6b29b3eef85392bc3f2fb445,D:\VLE\paper_structure_worktree\dataset\binary_vle_english.xlsx,2c_500953d4ef1e1d57286b,15.099958077312,,0.1346,0.8654,,,,,0.5748,0.4252,
uniquac,2,mol_f7989a5c13417f20,mol_6fdb0ec09de24512,,CCCCCl,CC[N+](=O)[O-],,False,isothermal,10.1016/j.fluid.2012.10.015,isothermal,0.9333333333333333,shared_pair_or_uniquac_size_parameters_unavailable,,,,0,False,,,,,,,unverified,0.5,state_a8b5742aabc1767a7a9eef2e,D:\VLE\paper_structure_worktree\dataset\binary_vle_english.xlsx,2c_500953d4ef1e1d57286b,30.730005889792,,0.9254,0.0746,,,,,0.9552,0.04479999999999995,
uniquac,2,mol_f7989a5c13417f20,mol_6fdb0ec09de24512,,CCCCCl,CC[N+](=O)[O-],,False,isothermal,10.1016/j.fluid.2012.10.015,isothermal,0.9333333333333333,shared_pair_or_uniquac_size_parameters_unavailable,,,,0,False,,,,,,,unverified,0.5,state_b4e746f2b7d562e2bfce2e30,D:\VLE\paper_structure_worktree\dataset\binary_vle_english.xlsx,2c_500953d4ef1e1d57286b,27.909971161856,,0.6988,0.3012,,,,,0.8718,0.12819999999999998,
uniquac,2,mol_f7989a5c13417f20,mol_6fdb0ec09de24512,,CCCCCl,CC[N+](=O)[O-],,False,isothermal,10.1016/j.fluid.2012.10.015,isothermal,0.9333333333333333,shared_pair_or_uniquac_size_parameters_unavailable,,,,0,False,,,,,,,unverified,0.5,state_c7277a98d1c1401b5896e682,D:\VLE\paper_structure_worktree\dataset\binary_vle_english.xlsx,2c_500953d4ef1e1d57286b,31.459945854592,,1.0,0.0,,,,,1.0,0.0,
uniquac,2,mol_f7989a5c13417f20,mol_6fdb0ec09de24512,,CCCCCl,CC[N+](=O)[O-],,False,isothermal,10.1016/j.fluid.2012.10.015,isothermal,0.9333333333333333,shared_pair_or_uniquac_size_parameters_unavailable,,,,0,False,,,,,,,unverified,0.5,state_d31a94be174c3b6a218a2b12,D:\VLE\paper_structure_worktree\dataset\binary_vle_english.xlsx,2c_500953d4ef1e1d57286b,18.790054578816,,0.2264,0.7736000000000001,,,,,0.6774,0.3226,
uniquac,2,mol_f7989a5c13417f20,mol_6fdb0ec09de24512,,CCCCCl,CC[N+](=O)[O-],,False,isothermal,10.1016/j.fluid.2012.10.015,isothermal,0.9333333333333333,shared_pair_or_uniquac_size_parameters_unavailable,,,,0,False,,,,,,,unverified,0.5,state_d8228f1f80d29b0d60915189,D:\VLE\paper_structure_worktree\dataset\binary_vle_english.xlsx,2c_500953d4ef1e1d57286b,21.499965030784,,0.3237,0.6763,,,,,0.7399,0.2601,
uniquac,2,mol_f7989a5c13417f20,mol_6fdb0ec09de24512,,CCCCCl,CC[N+](=O)[O-],,False,isothermal,10.1016/j.fluid.2012.10.015,isothermal,0.9333333333333333,shared_pair_or_uniquac_size_parameters_unavailable,,,,0,False,,,,,,,unverified,0.5,state_f565dc7b6961e278d67362e8,D:\VLE\paper_structure_worktree\dataset\binary_vle_english.xlsx,2c_500953d4ef1e1d57286b,7.239937871872,,0.0,1.0,,,,,0.0,1.0,
uniquac,2,mol_f7989a5c13417f20,mol_6fdb0ec09de24512,,CCCCCl,CC[N+](=O)[O-],,False,isothermal,10.1016/j.fluid.2012.10.015,isothermal,0.9333333333333333,shared_pair_or_uniquac_size_parameters_unavailable,,,,0,False,,,,,,,unverified,0.5,state_f5cd8f3f8810d934efaaee29,D:\VLE\paper_structure_worktree\dataset\binary_vle_english.xlsx,2c_500953d4ef1e1d57286b,28.880024711424,,0.7767,0.22330000000000005,,,,,0.8961,0.10389999999999999,
uniquac,2,mol_b6f57216bc07a08c,mol_1a0ca8e5eeb68da8,,CC(C)CCl,CC(C)OC(C)C,,True,isothermal,10.1016/j.fluid.2011.06.001,isothermal,0.9090909090909091,,0.9692206180316153,0.9997172851572769,,1,False,30.451832437912486,,0.0,30.537108780246538,30.549452624987556,,passed,1.0,state_191d6eaa26a36cf866570c64,D:\VLE\paper_structure_worktree\dataset\binary_vle_english.xlsx,2c_5018f9e15dae7c08710f,30.544954443008,,0.0943,0.9057,,0.09165345094235586,0.9083465490576442,,0.0985,0.9015,
uniquac,2,mol_b6f57216bc07a08c,mol_1a0ca8e5eeb68da8,,CC(C)CCl,CC(C)OC(C)C,,True,isothermal,10.1016/j.fluid.2011.06.001,isothermal,0.9090909090909091,,0.990545370799486,0.9892925118328325,,1,False,30.23637364605373,,0.0,30.537108780246538,30.549452624987556,,passed,1.0,state_286fcf27a00f34f3be2771a3,D:\VLE\paper_structure_worktree\dataset\binary_vle_english.xlsx,2c_5018f9e15dae7c08710f,30.640013291392,,0.5386,0.46140000000000003,,0.538814078097034,0.4611859219029661,,0.5364,0.4636,
uniquac,2,mol_b6f57216bc07a08c,mol_1a0ca8e5eeb68da8,,CC(C)CCl,CC(C)OC(C)C,,True,isothermal,10.1016/j.fluid.2011.06.001,isothermal,0.9090909090909091,,0.9997341201042935,0.9635031857384778,,1,False,30.45073320945909,,0.0,30.537108780246538,30.549452624987556,,passed,1.0,state_39a2d1b974c7155dccd9e648,D:\VLE\paper_structure_worktree\dataset\binary_vle_english.xlsx,2c_5018f9e15dae7c08710f,30.500024804991998,,0.9285,0.07150000000000001,,0.9308861835021984,0.0691138164978016,,0.9276,0.07240000000000002,
uniquac,2,mol_b6f57216bc07a08c,mol_1a0ca8e5eeb68da8,,CC(C)CCl,CC(C)OC(C)C,,True,isothermal,10.1016/j.fluid.2011.06.001,isothermal,0.9090909090909091,,0.9831691525225963,0.9954164506172452,,1,False,30.269167856302055,,0.0,30.537108780246538,30.549452624987556,,passed,1.0,state_6bccebc3b215b10cc0a029cd,D:\VLE\paper_structure_worktree\dataset\binary_vle_english.xlsx,2c_5018f9e15dae7c08710f,30.670010824192,,0.3631,0.6369,,0.3601487627858171,0.639851237214183,,0.3655,0.6345000000000001,
uniquac,2,mol_b6f57216bc07a08c,mol_1a0ca8e5eeb68da8,,CC(C)CCl,CC(C)OC(C)C,,True,isothermal,10.1016/j.fluid.2011.06.001,isothermal,0.9090909090909091,,0.9942231927361017,0.9839572491075848,,1,False,30.25432650153056,,0.0,30.537108780246538,30.549452624987556,,passed,1.0,state_797d05b90747a0add386a52e,D:\VLE\paper_structure_worktree\dataset\binary_vle_english.xlsx,2c_5018f9e15dae7c08710f,30.580018225792,,0.647,0.353,,0.6492748749874865,0.35072512501251357,,0.6424,0.35760000000000003,
uniquac,2,mol_b6f57216bc07a08c,mol_1a0ca8e5eeb68da8,,CC(C)CCl,CC(C)OC(C)C,,True,isothermal,10.1016/j.fluid.2011.06.001,isothermal,0.9090909090909091,,0.9874951707059315,0.9923510037325796,,1,False,30.24172632068761,,0.0,30.537108780246538,30.549452624987556,,passed,1.0,state_8bc7185c5b1365482de43c16,D:\VLE\paper_structure_worktree\dataset\binary_vle_english.xlsx,2c_5018f9e15dae7c08710f,30.674943751807998,,0.4613,0.5387,,0.4599808721290234,0.5400191278709766,,0.4612,0.5388,
uniquac,2,mol_b6f57216bc07a08c,mol_1a0ca8e5eeb68da8,,CC(C)CCl,CC(C)OC(C)C,,True,isothermal,10.1016/j.fluid.2011.06.001,isothermal,0.9090909090909091,,0.9770474760839669,0.9981033950796248,,1,False,30.335221586483637,,0.0,30.537108780246538,30.549452624987556,,passed,1.0,state_b3fad4805c1f5049c6e8e43b,D:\VLE\paper_structure_worktree\dataset\binary_vle_english.xlsx,2c_5018f9e15dae7c08710f,30.600016580992,,0.2385,0.7615000000000001,,0.23457665824777105,0.7654233417522289,,0.2397,0.7603,
uniquac,2,mol_b6f57216bc07a08c,mol_1a0ca8e5eeb68da8,,CC(C)CCl,CC(C)OC(C)C,,True,isothermal,10.1016/j.fluid.2011.06.001,isothermal,0.9090909090909091,,0.996374938708237,0.9793178003930568,,1,False,30.286340789236704,,0.0,30.537108780246538,30.549452624987556,,passed,1.0,state_ce246343de47994e0bdcf6eb,D:\VLE\paper_structure_worktree\dataset\binary_vle_english.xlsx,2c_5018f9e15dae7c08710f,30.564952798208,,0.7247,0.2753,,0.7280516124474179,0.2719483875525821,,0.7202,0.27980000000000005,
uniquac,2,mol_b6f57216bc07a08c,mol_1a0ca8e5eeb68da8,,CC(C)CCl,CC(C)OC(C)C,,True,isothermal,10.1016/j.fluid.2011.06.001,isothermal,0.9090909090909091,,0.9718886237585566,0.9993488189675276,,1,False,30.408732910851853,,0.0,30.537108780246538,30.549452624987556,,passed,1.0,state_f117bbdc211b3b3978dd6ffb,D:\VLE\paper_structure_worktree\dataset\binary_vle_english.xlsx,2c_5018f9e15dae7c08710f,30.560019870591997,,0.142,0.858,,0.13859081064794748,0.8614091893520525,,0.1461,0.8539,
uniquac,2,mol_b6f57216bc07a08c,mol_1a0ca8e5eeb68da8,,CC(C)CCl,CC(C)OC(C)C,,True,isothermal,10.1016/j.fluid.2011.06.001,isothermal,0.9090909090909091,,0.9985945096235296,0.9716633894036167,,1,False,30.358284335477094,,0.0,30.537108780246538,30.549452624987556,,passed,1.0,state_fda56739fc96075e556cbcfc,D:\VLE\paper_structure_worktree\dataset\binary_vle_english.xlsx,2c_5018f9e15dae7c08710f,30.534955265408,,0.8323,0.16769999999999996,,0.8360259546894904,0.1639740453105097,,0.8285,0.17149999999999999,
uniquac,2,mol_ac85c03b48dc0205,mol_7953343be0b435d5,,CC(C)=C(C)C,c1ccsc1,,False,isobaric,10.1016/j.fluid.2011.11.020,isobaric,0.9375,shared_pair_or_uniquac_size_parameters_unavailable,,,,0,False,,,,,,,passed,1.0,state_52494391574e6bd0e065ebf6,D:\VLE\paper_structure_worktree\dataset\binary_vle_english.xlsx,2c_50cae961bcfb98dfb10a,,356.25,0.023299999999999987,0.9767,,,,,0.05469999999999997,0.9453,
uniquac,2,mol_ac85c03b48dc0205,mol_7953343be0b435d5,,CC(C)=C(C)C,c1ccsc1,,False,isobaric,10.1016/j.fluid.2011.11.020,isobaric,0.9375,shared_pair_or_uniquac_size_parameters_unavailable,,,,0,False,,,,,,,passed,1.0,state_7bad32ca19e011f93ebd4990,D:\VLE\paper_structure_worktree\dataset\binary_vle_english.xlsx,2c_50cae961bcfb98dfb10a,,352.19,0.17820000000000003,0.8218,,,,,0.30000000000000004,0.7,
uniquac,2,mol_ac85c03b48dc0205,mol_7953343be0b435d5,,CC(C)=C(C)C,c1ccsc1,,False,isobaric,10.1016/j.fluid.2011.11.020,isobaric,0.9375,shared_pair_or_uniquac_size_parameters_unavailable,,,,0,False,,,,,,,passed,1.0,state_a4b0b7037a81b4ae1fff5f3d,D:\VLE\paper_structure_worktree\dataset\binary_vle_english.xlsx,2c_50cae961bcfb98dfb10a,,355.14,0.05489999999999995,0.9451,,,,,0.11509999999999998,0.8849,
uniquac,2,mol_ac85c03b48dc0205,mol_7953343be0b435d5,,CC(C)=C(C)C,c1ccsc1,,False,isobaric,10.1016/j.fluid.2011.11.020,isobaric,0.9375,shared_pair_or_uniquac_size_parameters_unavailable,,,,0,False,,,,,,,passed,1.0,state_b6e7374f48f821a14a1a6e8c,D:\VLE\paper_structure_worktree\dataset\binary_vle_english.xlsx,2c_50cae961bcfb98dfb10a,,351.47999999999996,0.20930000000000004,0.7907,,,,,0.33819999999999995,0.6618,
uniquac,2,mol_ac85c03b48dc0205,mol_7953343be0b435d5,,CC(C)=C(C)C,c1ccsc1,,False,isobaric,10.1016/j.fluid.2011.11.020,isobaric,0.9375,shared_pair_or_uniquac_size_parameters_unavailable,,,,0,False,,,,,,,passed,1.0,state_e48c091b868ee9b06ee53d96,D:\VLE\paper_structure_worktree\dataset\binary_vle_english.xlsx,2c_50cae961bcfb98dfb10a,,353.60999999999996,0.10860000000000003,0.8914,,,,,0.2027,0.7973,
uniquac,2,mol_ac85c03b48dc0205,mol_7953343be0b435d5,,CC(C)=C(C)C,c1ccsc1,,False,isobaric,10.1016/j.fluid.2011.11.020,isobaric,0.9375,shared_pair_or_uniquac_size_parameters_unavailable,,,,0,False,,,,,,,passed,1.0,state_fd620b2f971582842298604e,D:\VLE\paper_structure_worktree\dataset\binary_vle_english.xlsx,2c_50cae961bcfb98dfb10a,,352.88,0.1452,0.8548,,,,,0.2551,0.7449,
uniquac,2,mol_d291b272a64498d9,mol_1c09299644053521,,COCCO,Cc1ccccc1,,False,isobaric,10.1016/j.fluid.2014.04.025,isobaric,0.9375,shared_pair_or_uniquac_size_parameters_unavailable,,,,0,False,,,,,,,unverified,0.5,state_31dce53556933c5bb56e0705,D:\VLE\paper_structure_worktree\dataset\binary_vle_english.xlsx,2c_5481356f0b4c42a123fa,,391.9,0.9405,0.0595,,,,,0.787,0.213,
uniquac,2,mol_d291b272a64498d9,mol_1c09299644053521,,COCCO,Cc1ccccc1,,False,isobaric,10.1016/j.fluid.2014.04.025,isobaric,0.9375,shared_pair_or_uniquac_size_parameters_unavailable,,,,0,False,,,,,,,unverified,0.5,state_e31123e5b3eff9fc81928e57,D:\VLE\paper_structure_worktree\dataset\binary_vle_english.xlsx,2c_5481356f0b4c42a123fa,,394.94,0.9739,0.0261,,,,,0.8955,0.1045,
uniquac,2,mol_7028b7cbd3d829b4,mol_eb71ecc709e3f0dc,,CC#N,CCCCCCO,,True,isobaric,10.1016/j.fluid.2010.08.010,isobaric,0.9375,,3.6702517149149596,1.0118871397972768,,258,False,,391.08324089969784,-2.2524204723595176e-11,242.84172965224613,21.80422139701414,,unverified,0.5,state_137423e19befacd1728f7068,D:\VLE\paper_structure_worktree\dataset\binary_vle_english.xlsx,2c_5904aa1d0c1e598f9ed3,,376.34999999999997,0.0846,0.9154,,0.7887359224214636,0.21126407757853638,,0.8718,0.12819999999999998,
uniquac,2,mol_7028b7cbd3d829b4,mol_eb71ecc709e3f0dc,,CC#N,CCCCCCO,,True,isobaric,10.1016/j.fluid.2010.08.010,isobaric,0.9375,,4.079812960708645,1.0,,258,False,,428.4499999999999,-1.8474111129762605e-13,512.8623494091984,95.6000038757118,,unverified,0.5,state_5a3c8aa65948fcb67f2b02a9,D:\VLE\paper_structure_worktree\dataset\binary_vle_english.xlsx,2c_5904aa1d0c1e598f9ed3,,428.45,0.0,1.0,,0.0,1.0,,0.0,1.0,
uniquac,2,mol_626f3d1f5bbb6f55,mol_9f4835d3aad75f1c,,C1CCOCC1,CCC(C)Cl,,True,isobaric,10.1016/j.fluid.2005.02.014,isobaric,0.9166666666666666,,0.9988837559067213,0.9442026556594715,,258,False,,358.26205592966056,9.947598300641403e-14,92.90485435661168,170.58253748960337,,passed,1.0,state_0d8b4acdfbf55e99f567e539,D:\VLE\paper_structure_worktree\dataset\binary_vle_english.xlsx,2c_5e274a8981b66e0477e8,,358.77,0.8755,0.12450000000000006,,0.8020479642352342,0.19795203576476586,,0.8029,0.19710000000000005,
uniquac,2,mol_626f3d1f5bbb6f55,mol_9f4835d3aad75f1c,,C1CCOCC1,CCC(C)Cl,,True,isobaric,10.1016/j.fluid.2005.02.014,isobaric,0.9166666666666666,,0.9996202117167605,0.9381271037470039,,258,False,,359.41202926558844,-1.9895196601282805e-13,96.29113238308328,176.37702478444535,,passed,1.0,state_2d84b32b545e3cec22db74a9,D:\VLE\paper_structure_worktree\dataset\binary_vle_english.xlsx,2c_5e274a8981b66e0477e8,,359.79999999999995,0.9271,0.07289999999999996,,0.8809245977637378,0.11907540223626224,,0.8855,0.11450000000000005,
uniquac,2,mol_626f3d1f5bbb6f55,mol_9f4835d3aad75f1c,,C1CCOCC1,CCC(C)Cl,,True,isobaric,10.1016/j.fluid.2005.02.014,isobaric,0.9166666666666666,,0.9999053192784161,0.9337046329804184,,258,False,,360.22939645665195,4.281730525690364e-11,98.75905399088435,180.5914398108403,,passed,1.0,state_71358df4f0a32288ff11e6cf,D:\VLE\paper_structure_worktree\dataset\binary_vle_english.xlsx,2c_5e274a8981b66e0477e8,,360.57,0.9635,0.03649999999999998,,0.939243832363038,0.060756167636961955,,0.9381,0.061899999999999955,
uniquac,2,mol_243de2450bee5519,mol_5fb2f93dc8caa9dc,,CCCCCO,CCCO,,True,isobaric,10.1016/j.fluid.2006.07.003,isobaric,0.9545454545454546,,1.0000845038285808,1.0670220770751204,,258,False,,406.0169268119137,0.0,87.28224177247738,361.1747966274648,,unverified,0.5,state_197cbf4f23ef92fd50e6c2cf,D:\VLE\paper_structure_worktree\dataset\binary_vle_english.xlsx,2c_6bea4d4b457d21637176,,406.39,0.953,0.047,,0.8211950518448037,0.1788049481551962,,0.827,0.173,
uniquac,2,mol_243de2450bee5519,mol_5fb2f93dc8caa9dc,,CCCCCO,CCCO,,True,isobaric,10.1016/j.fluid.2006.07.003,isobaric,0.9545454545454546,,1.0003662639260074,1.0637073648231934,,258,False,,402.4161239597064,0.0,76.07105802885646,320.9273274806355,,unverified,0.5,state_c7400e0a9eba85d757416416,D:\VLE\paper_structure_worktree\dataset\binary_vle_english.xlsx,2c_6bea4d4b457d21637176,,403.01,0.905,0.095,,0.6798575206549243,0.3201424793450757,,0.694,0.306,
uniquac,2,mol_243de2450bee5519,mol_5fb2f93dc8caa9dc,,CCCCCO,CCCO,,True,isobaric,10.1016/j.fluid.2006.07.003,isobaric,0.9545454545454546,,1.0000000000000009,1.0700544091559836,,258,False,,409.9913075912822,5.204583430895582e-10,101.29993507533638,410.4924642046949,,unverified,0.5,state_d50de6d74b55a7014679c595,D:\VLE\paper_structure_worktree\dataset\binary_vle_english.xlsx,2c_6bea4d4b457d21637176,,410.62,1.0,0.0,,1.0,0.0,,1.0,0.0,
uniquac,2,mol_57615b5c3546c298,mol_18876b584acc43d4,,CC(C)CC(C)(C)C,CCOC(C)=O,,False,isothermal,10.1016/j.jct.2012.01.020,isothermal,0.9,shared_pair_or_uniquac_size_parameters_unavailable,,,,0,False,,,,,,,passed,1.0,state_10aa38544a720a30cc6f4ba4,D:\VLE\paper_structure_worktree\dataset\binary_vle_english.xlsx,2c_6cdeaa0b12c0bcad5378,62.144888783999995,,0.8,0.2,,,,,0.556,0.444,
uniquac,2,mol_57615b5c3546c298,mol_18876b584acc43d4,,CC(C)CC(C)(C)C,CCOC(C)=O,,False,isothermal,10.1016/j.jct.2012.01.020,isothermal,0.9,shared_pair_or_uniquac_size_parameters_unavailable,,,,0,False,,,,,,,passed,1.0,state_2e27abb08feebc44c3a0afcb,D:\VLE\paper_structure_worktree\dataset\binary_vle_english.xlsx,2c_6cdeaa0b12c0bcad5378,67.774825739904,,0.6,0.4,,,,,0.398,0.602,
uniquac,2,mol_57615b5c3546c298,mol_18876b584acc43d4,,CC(C)CC(C)(C)C,CCOC(C)=O,,False,isothermal,10.1016/j.jct.2012.01.020,isothermal,0.9,shared_pair_or_uniquac_size_parameters_unavailable,,,,0,False,,,,,,,passed,1.0,state_4af2ead928859bb0777222a9,D:\VLE\paper_structure_worktree\dataset\binary_vle_english.xlsx,2c_6cdeaa0b12c0bcad5378,84.408257693952,,0.09999999999999998,0.9,,,,,0.10299999999999998,0.897,
uniquac,2,mol_57615b5c3546c298,mol_18876b584acc43d4,,CC(C)CC(C)(C)C,CCOC(C)=O,,False,isothermal,10.1016/j.jct.2012.01.020,isothermal,0.9,shared_pair_or_uniquac_size_parameters_unavailable,,,,0,False,,,,,,,passed,1.0,state_53c9beee72deb132ae15cc75,D:\VLE\paper_structure_worktree\dataset\binary_vle_english.xlsx,2c_6cdeaa0b12c0bcad5378,74.98249959872,,0.501,0.499,,,,,0.32799999999999996,0.672,
uniquac,2,mol_57615b5c3546c298,mol_18876b584acc43d4,,CC(C)CC(C)(C)C,CCOC(C)=O,,False,isothermal,10.1016/j.jct.2012.01.020,isothermal,0.9,shared_pair_or_uniquac_size_parameters_unavailable,,,,0,False,,,,,,,passed,1.0,state_96e3fecba8c47e4a341bb174,D:\VLE\paper_structure_worktree\dataset\binary_vle_english.xlsx,2c_6cdeaa0b12c0bcad5378,64.696545585152,,0.7,0.3,,,,,0.46699999999999997,0.533,
uniquac,2,mol_57615b5c3546c298,mol_18876b584acc43d4,,CC(C)CC(C)(C)C,CCOC(C)=O,,False,isothermal,10.1016/j.jct.2012.01.020,isothermal,0.9,shared_pair_or_uniquac_size_parameters_unavailable,,,,0,False,,,,,,,passed,1.0,state_9d16910b9b976df28c99503f,D:\VLE\paper_structure_worktree\dataset\binary_vle_english.xlsx,2c_6cdeaa0b12c0bcad5378,50.574640399488,,0.902,0.098,,,,,0.726,0.274,
uniquac,2,mol_57615b5c3546c298,mol_18876b584acc43d4,,CC(C)CC(C)(C)C,CCOC(C)=O,,False,isothermal,10.1016/j.jct.2012.01.020,isothermal,0.9,shared_pair_or_uniquac_size_parameters_unavailable,,,,0,False,,,,,,,passed,1.0,state_9fd561b560559b7ad53aeb88,D:\VLE\paper_structure_worktree\dataset\binary_vle_english.xlsx,2c_6cdeaa0b12c0bcad5378,78.08904409548799,,0.401,0.599,,,,,0.275,0.725,
uniquac,2,mol_57615b5c3546c298,mol_18876b584acc43d4,,CC(C)CC(C)(C)C,CCOC(C)=O,,False,isothermal,10.1016/j.jct.2012.01.020,isothermal,0.9,shared_pair_or_uniquac_size_parameters_unavailable,,,,0,False,,,,,,,passed,1.0,state_aef611e2caba568f67d2a810,D:\VLE\paper_structure_worktree\dataset\binary_vle_english.xlsx,2c_6cdeaa0b12c0bcad5378,80.35005813439999,,0.19899999999999995,0.801,,,,,0.17300000000000004,0.827,
uniquac,2,mol_57615b5c3546c298,mol_18876b584acc43d4,,CC(C)CC(C)(C)C,CCOC(C)=O,,False,isothermal,10.1016/j.jct.2012.01.020,isothermal,0.9,shared_pair_or_uniquac_size_parameters_unavailable,,,,0,False,,,,,,,passed,1.0,state_fe33b50cc69bd5c10ec03bfc,D:\VLE\paper_structure_worktree\dataset\binary_vle_english.xlsx,2c_6cdeaa0b12c0bcad5378,75.89162482611201,,0.29900000000000004,0.701,,,,,0.22899999999999998,0.771,
uniquac,2,mol_c55e04e90e298cf6,mol_f29e20f49d416e54,,CCCCCC,CCO,,True,isobaric,10.1016/j.fluid.2018.07.013,isobaric,0.95,,8.130504488854124,1.000014889015706,,258,False,,350.9902851395816,-4.121147867408581e-13,135.53340210735107,98.79055691462537,,unverified,0.5,state_0207e712655bab815a39dd12,D:\VLE\paper_structure_worktree\dataset\binary_vle_english.xlsx,2c_6ce3ca627d5d8bfa6a1b,,347.54999999999995,0.0024999999999999467,0.9975,,0.027195351443453808,0.9728046485565461,,0.17290000000000005,0.8271,
uniquac,2,mol_c55e04e90e298cf6,mol_f29e20f49d416e54,,CCCCCC,CCO,,True,isobaric,10.1016/j.fluid.2018.07.013,isobaric,0.95,,8.023083760595856,1.0000857313174265,,258,False,,350.14303636348836,1.2789769243681803e-13,132.07025348709544,95.50717506091505,,unverified,0.5,state_a2a3ea57582460515ee2394f,D:\VLE\paper_structure_worktree\dataset\binary_vle_english.xlsx,2c_6ce3ca627d5d8bfa6a1b,,346.15,0.006000000000000005,0.994,,0.06276079280174314,0.9372392071982568,,0.2218,0.7782,
uniquac,2,mol_c55e04e90e298cf6,mol_f29e20f49d416e54,,CCCCCC,CCO,,True,isobaric,10.1016/j.fluid.2018.07.013,isobaric,0.95,,8.167484473971774,1.0000040264573211,,258,False,,351.2905650666167,-2.4158453015843406e-13,136.7783784467857,99.9772275729,,unverified,0.5,state_a718dfc926b35650aca61337,D:\VLE\paper_structure_worktree\dataset\binary_vle_english.xlsx,2c_6ce3ca627d5d8bfa6a1b,,350.75,0.0012999999999999678,0.9987,,0.014336394845349905,0.9856636051546501,,0.05559999999999998,0.9444,
uniquac,2,mol_879306ab1082c162,mol_ca12d6d2f2ffb170,,CCC(C)OC(C)=O,CN(C)C=O,,False,isobaric,10.1016/j.fluid.2014.09.021,isobaric,0.95,shared_pair_or_uniquac_size_parameters_unavailable,,,,0,False,,,,,,,unverified,0.5,state_2a8455f8c2dfa4208fc2c59b,D:\VLE\paper_structure_worktree\dataset\binary_vle_english.xlsx,2c_6eb2e45afed5017e5e33,,409.9,0.135,0.865,,,,,0.422,0.5780000000000001,
uniquac,2,mol_879306ab1082c162,mol_ca12d6d2f2ffb170,,CCC(C)OC(C)=O,CN(C)C=O,,False,isobaric,10.1016/j.fluid.2014.09.021,isobaric,0.95,shared_pair_or_uniquac_size_parameters_unavailable,,,,0,False,,,,,,,unverified,0.5,state_35f8e4d9b8d298f55f487901,D:\VLE\paper_structure_worktree\dataset\binary_vle_english.xlsx,2c_6eb2e45afed5017e5e33,,419.65,0.036,0.964,,,,,0.162,0.838,
uniquac,2,mol_879306ab1082c162,mol_ca12d6d2f2ffb170,,CCC(C)OC(C)=O,CN(C)C=O,,False,isobaric,10.1016/j.fluid.2014.09.021,isobaric,0.95,shared_pair_or_uniquac_size_parameters_unavailable,,,,0,False,,,,,,,unverified,0.5,state_a71c9b4b7b25944e8a64b95c,D:\VLE\paper_structure_worktree\dataset\binary_vle_english.xlsx,2c_6eb2e45afed5017e5e33,,415.25,0.074,0.926,,,,,0.282,0.718,
uniquac,2,mol_1a0ca8e5eeb68da8,mol_f29e20f49d416e54,,CC(C)OC(C)C,CCO,,True,isobaric,10.1016/j.fluid.2006.08.004,isobaric,0.95,,2.6270492977917685,1.0600838989656365,,258,False,,339.6476658640321,1.1368683772161603e-13,95.24823100632344,61.96129714860091,,unverified,0.5,state_322107743bdc44c01c87f3c4,D:\VLE\paper_structure_worktree\dataset\binary_vle_english.xlsx,2c_6f361cb0ec8be0b0e6dd,,342.15,0.193,0.8069999999999999,,0.47673087896729044,0.5232691210327096,,0.403,0.597,
uniquac,2,mol_1a0ca8e5eeb68da8,mol_f29e20f49d416e54,,CC(C)OC(C)C,CCO,,True,isobaric,10.1016/j.fluid.2006.08.004,isobaric,0.95,,3.905215742983686,1.0031283903676527,,258,False,,346.9752406291779,-1.4210854715202004e-13,120.47325176596537,84.04573045289516,,unverified,0.5,state_59d05d5c262291b8228750ab,D:\VLE\paper_structure_worktree\dataset\binary_vle_english.xlsx,2c_6f361cb0ec8be0b0e6dd,,348.28999999999996,0.044,0.956,,0.20435213229432142,0.7956478677056785,,0.154,0.846,
uniquac,2,mol_1a0ca8e5eeb68da8,mol_f29e20f49d416e54,,CC(C)OC(C)C,CCO,,True,isobaric,10.1016/j.fluid.2006.08.004,isobaric,0.95,,2.9783950603761804,1.0328479743830845,,258,False,,341.2152134887186,-1.5499779237870825e-10,100.24273245022424,66.20963242031566,,unverified,0.5,state_a2a6d305beb1a0553a222f25,D:\VLE\paper_structure_worktree\dataset\binary_vle_english.xlsx,2c_6f361cb0ec8be0b0e6dd,,343.72999999999996,0.143,0.857,,0.42146553825141425,0.5785344617485857,,0.339,0.661,
uniquac,2,mol_1a0ca8e5eeb68da8,mol_f29e20f49d416e54,,CC(C)OC(C)C,CCO,,True,isobaric,10.1016/j.fluid.2006.08.004,isobaric,0.95,,1.0031433869475357,3.8250445241951123,,258,False,,339.42816369754416,9.947598300641403e-14,94.56544567625967,61.38557632096156,,unverified,0.5,state_a4eb90962938be5bfb2aca91,D:\VLE\paper_structure_worktree\dataset\binary_vle_english.xlsx,2c_6f361cb0ec8be0b0e6dd,,339.91999999999996,0.954,0.04600000000000004,,0.8933768529042845,0.1066231470957155,,0.915,0.08499999999999996,
uniquac,2,mol_1a0ca8e5eeb68da8,mol_f29e20f49d416e54,,CC(C)OC(C)C,CCO,,True,isobaric,10.1016/j.fluid.2006.08.004,isobaric,0.95,,3.440623884029151,1.012734661732572,,258,False,,343.77048703306997,4.547473508864641e-12,108.84308256914078,73.67266340922258,,unverified,0.5,state_ca7b924bade28afc61784f8d,D:\VLE\paper_structure_worktree\dataset\binary_vle_english.xlsx,2c_6f361cb0ec8be0b0e6dd,,345.76,0.089,0.911,,0.3290174048065365,0.6709825951934635,,0.256,0.744,
uniquac,2,mol_1a0ca8e5eeb68da8,mol_f29e20f49d416e54,,CC(C)OC(C)C,CCO,,True,isobaric,10.1016/j.fluid.2006.08.004,isobaric,0.95,,2.12006228386812,1.1356009697663672,,258,False,,337.90687611858965,9.50706180447014e-10,89.9428316921936,57.520637734059335,,unverified,0.5,state_d21f6a6c17257eb6afe7b128,D:\VLE\paper_structure_worktree\dataset\binary_vle_english.xlsx,2c_6f361cb0ec8be0b0e6dd,,340.08,0.287,0.7130000000000001,,0.5402414546886837,0.45975854531131627,,0.49,0.51,
uniquac,2,mol_1a0ca8e5eeb68da8,mol_f29e20f49d416e54,,CC(C)OC(C)C,CCO,,True,isobaric,10.1016/j.fluid.2006.08.004,isobaric,0.95,,1.9095864644890916,1.1914654439469483,,258,False,,337.3535066994755,-2.842170943040401e-14,88.30809142925628,56.167776500597064,,unverified,0.5,state_dec4e4334a0f8a142ed286b9,D:\VLE\paper_structure_worktree\dataset\binary_vle_english.xlsx,2c_6f361cb0ec8be0b0e6dd,,339.34,0.338,0.6619999999999999,,0.5626617071283054,0.4373382928716945,,0.523,0.477,
uniquac,2,mol_1a0ca8e5eeb68da8,mol_f29e20f49d416e54,,CC(C)OC(C)C,CCO,,True,isobaric,10.1016/j.fluid.2006.08.004,isobaric,0.95,,2.3516633885374305,1.093671987370644,,258,False,,338.62850799641393,4.6219383875722997e-10,92.11189800552303,59.327001244106036,,unverified,0.5,state_f6406fb49bf2a19fe9c9885b,D:\VLE\paper_structure_worktree\dataset\binary_vle_english.xlsx,2c_6f361cb0ec8be0b0e6dd,,341.0,0.24,0.76,,0.5132074638207267,0.48679253617927337,,0.452,0.548,
uniquac,2,mol_8151bb583f7f3ebd,mol_f29e20f49d416e54,,CCCCCCCC,CCO,,True,isobaric,10.1016/j.fluid.2018.07.013,isobaric,0.9545454545454546,,1.0002054214876928,5.881171739352951,,258,False,,388.7956111828369,5.684341886080802e-14,75.95154924786618,384.2478878871563,,unverified,0.5,state_0b8860d606e4d887c3513f26,D:\VLE\paper_structure_worktree\dataset\binary_vle_english.xlsx,2c_7089ceccf9a6ce828d93,,390.54999999999995,0.9884,0.0116,,0.7412238943415291,0.258776105658471,,0.6503,0.3497,
uniquac,2,mol_8151bb583f7f3ebd,mol_f29e20f49d416e54,,CCCCCCCC,CCO,,True,isobaric,10.1016/j.fluid.2018.07.013,isobaric,0.9545454545454546,,1.00089337068063,5.864082304705758,,258,False,,381.4620016730566,-8.526512829121202e-14,60.60725399699378,301.5242340584732,,unverified,0.5,state_afe34018bcd86ea0d3620f4d,D:\VLE\paper_structure_worktree\dataset\binary_vle_english.xlsx,2c_7089ceccf9a6ce828d93,,385.54999999999995,0.9762,0.0238,,0.5845774472311623,0.4154225527688377,,0.42210000000000003,0.5779,
uniquac,2,mol_8151bb583f7f3ebd,mol_f29e20f49d416e54,,CCCCCCCC,CCO,,True,isobaric,10.1016/j.fluid.2018.07.013,isobaric,0.9545454545454546,,1.0015192472563528,5.828448785791872,,258,False,,378.1372699401116,-1.4210854715202004e-13,54.55541665261662,269.30432352431495,,unverified,0.5,state_b24f8b7fdd1a6c598d176d2c,D:\VLE\paper_structure_worktree\dataset\binary_vle_english.xlsx,2c_7089ceccf9a6ce828d93,,382.15,0.9692,0.0308,,0.5227588758682651,0.4772411241317349,,0.3641,0.6359,
uniquac,2,mol_db030b5de88f8eaf,mol_0ec85594f0f896ea,,CC(C)O,COC(=O)OC,,False,isobaric,10.1016/j.jct.2004.09.009,isobaric,0.9696969696969697,shared_pair_or_uniquac_size_parameters_unavailable,,,,0,False,,,,,,,unverified,0.5,state_18f23ba6613f648abb835b37,D:\VLE\paper_structure_worktree\dataset\binary_vle_english.xlsx,2c_70d91a5b69e7fd494bfd,,360.09,0.063,0.937,,,,,0.1646,0.8354,
uniquac,2,mol_db030b5de88f8eaf,mol_0ec85594f0f896ea,,CC(C)O,COC(=O)OC,,False,isobaric,10.1016/j.jct.2004.09.009,isobaric,0.9696969696969697,shared_pair_or_uniquac_size_parameters_unavailable,,,,0,False,,,,,,,unverified,0.5,state_2ab25a8e1cf68bbf5cce3fb8,D:\VLE\paper_structure_worktree\dataset\binary_vle_english.xlsx,2c_70d91a5b69e7fd494bfd,,361.67999999999995,0.0246,0.9754,,,,,0.0939,0.9061,
uniquac,2,mol_db030b5de88f8eaf,mol_0ec85594f0f896ea,,CC(C)O,COC(=O)OC,,False,isobaric,10.1016/j.jct.2004.09.009,isobaric,0.9696969696969697,shared_pair_or_uniquac_size_parameters_unavailable,,,,0,False,,,,,,,unverified,0.5,state_30dfce5c1d4659e0e9ee5efc,D:\VLE\paper_structure_worktree\dataset\binary_vle_english.xlsx,2c_70d91a5b69e7fd494bfd,,357.07,0.1582,0.8418,,,,,0.3118,0.6881999999999999,
uniquac,2,mol_db030b5de88f8eaf,mol_0ec85594f0f896ea,,CC(C)O,COC(=O)OC,,False,isobaric,10.1016/j.jct.2004.09.009,isobaric,0.9696969696969697,shared_pair_or_uniquac_size_parameters_unavailable,,,,0,False,,,,,,,unverified,0.5,state_5901a8b9d251174b960ba712,D:\VLE\paper_structure_worktree\dataset\binary_vle_english.xlsx,2c_70d91a5b69e7fd494bfd,,358.28,0.1226,0.8774,,,,,0.2611,0.7389,
uniquac,2,mol_db030b5de88f8eaf,mol_0ec85594f0f896ea,,CC(C)O,COC(=O)OC,,False,isobaric,10.1016/j.jct.2004.09.009,isobaric,0.9696969696969697,shared_pair_or_uniquac_size_parameters_unavailable,,,,0,False,,,,,,,unverified,0.5,state_6e222ae754bc915d40e67397,D:\VLE\paper_structure_worktree\dataset\binary_vle_english.xlsx,2c_70d91a5b69e7fd494bfd,,359.69,0.078,0.922,,,,,0.195,0.8049999999999999,
uniquac,2,mol_7028b7cbd3d829b4,mol_5fb2f93dc8caa9dc,,CC#N,CCCO,,True,isobaric,10.1016/j.jct.2013.08.011,isobaric,0.95,,2.2626791997277,1.0102634022803916,,258,False,,363.5657911967582,4.0758152408670867e-10,126.92730327335688,77.29577652070309,,unverified,0.5,state_0d17561ed707a85d879dcbd0,D:\VLE\paper_structure_worktree\dataset\binary_vle_english.xlsx,2c_72801d7427f9871710ea,,361.37,0.111,0.889,,0.31469645399751267,0.6853035460024873,,0.32,0.6799999999999999,
uniquac,2,mol_7028b7cbd3d829b4,mol_5fb2f93dc8caa9dc,,CC#N,CCCO,,True,isobaric,10.1016/j.jct.2013.08.011,isobaric,0.95,,2.140526526154046,1.0194913879152556,,258,False,,361.7499644877953,-1.1368683772161603e-13,121.18642974957405,71.78123415999528,,unverified,0.5,state_d2ae89174dfa00c97629b196,D:\VLE\paper_structure_worktree\dataset\binary_vle_english.xlsx,2c_72801d7427f9871710ea,,360.17999999999995,0.151,0.849,,0.38667169788302175,0.6133283021169783,,0.391,0.609,
uniquac,2,mol_7028b7cbd3d829b4,mol_5fb2f93dc8caa9dc,,CC#N,CCCO,,True,isobaric,10.1016/j.jct.2013.08.011,isobaric,0.95,,2.4244625096806387,1.003001987923529,,258,False,,366.2791763859869,1.0969074537570123e-09,135.90035694262278,86.21756624586098,,unverified,0.5,state_ed44468d5585b45f91179177,D:\VLE\paper_structure_worktree\dataset\binary_vle_english.xlsx,2c_72801d7427f9871710ea,,363.96999999999997,0.061,0.9390000000000001,,0.1984068847919232,0.8015931152080769,,0.205,0.795,
uniquac,2,mol_ca12d6d2f2ffb170,mol_d9e0a2387a6283f9,,CN(C)C=O,ClC(Cl)Cl,,False,isobaric,10.1016/j.fluid.2009.01.006,isobaric,0.9333333333333333,shared_pair_or_uniquac_size_parameters_unavailable,,,,0,False,,,,,,,unverified,0.5,state_503858d2c89f4b208823ea9d,D:\VLE\paper_structure_worktree\dataset\binary_vle_english.xlsx,2c_72d232cf7a8125302e6c,,401.4,0.923,0.077,,,,,0.48240000000000005,0.5176,
uniquac,2,mol_ca12d6d2f2ffb170,mol_d9e0a2387a6283f9,,CN(C)C=O,ClC(Cl)Cl,,False,isobaric,10.1016/j.fluid.2009.01.006,isobaric,0.9333333333333333,shared_pair_or_uniquac_size_parameters_unavailable,,,,0,False,,,,,,,unverified,0.5,state_a1b5f339fb3e4c1583436c4d,D:\VLE\paper_structure_worktree\dataset\binary_vle_english.xlsx,2c_72d232cf7a8125302e6c,,408.9,0.9588,0.0412,,,,,0.6449,0.3551,
uniquac,2,mol_67043ae833ecd0c7,mol_7d3e12eaed0f467c,,CCCOC(C)=O,CS(C)=O,,False,isobaric,10.1016/j.jct.2019.03.036,isobaric,0.9473684210526315,shared_pair_or_uniquac_size_parameters_unavailable,,,,0,False,,,,,,,unverified,0.5,state_00146813ea813c8cdc693090,D:\VLE\paper_structure_worktree\dataset\binary_vle_english.xlsx,2c_74a658fab9cc22057bbd,,448.92999999999995,0.0328,0.9672,,,,,0.3602,0.6397999999999999,
uniquac,2,mol_67043ae833ecd0c7,mol_7d3e12eaed0f467c,,CCCOC(C)=O,CS(C)=O,,False,isobaric,10.1016/j.jct.2019.03.036,isobaric,0.9473684210526315,shared_pair_or_uniquac_size_parameters_unavailable,,,,0,False,,,,,,,unverified,0.5,state_8c0b5629f77959b48eebc10f,D:\VLE\paper_structure_worktree\dataset\binary_vle_english.xlsx,2c_74a658fab9cc22057bbd,,463.27,0.0,1.0,,,,,0.0,1.0,
uniquac,2,mol_67043ae833ecd0c7,mol_7d3e12eaed0f467c,,CCCOC(C)=O,CS(C)=O,,False,isobaric,10.1016/j.jct.2019.03.036,isobaric,0.9473684210526315,shared_pair_or_uniquac_size_parameters_unavailable,,,,0,False,,,,,,,unverified,0.5,state_adb42c5d1728696309775f37,D:\VLE\paper_structure_worktree\dataset\binary_vle_english.xlsx,2c_74a658fab9cc22057bbd,,454.71999999999997,0.018,0.982,,,,,0.2209,0.7791,
uniquac,2,mol_eb71ecc709e3f0dc,mol_61c4de85d258b45d,,CCCCCCO,Cc1ccccc1C,,False,isobaric,10.1016/j.fluid.2010.08.010,isobaric,0.9411764705882353,shared_pair_or_uniquac_size_parameters_unavailable,,,,0,False,,,,,,,unverified,0.5,state_37c0972a316dcea2d6361aa3,D:\VLE\paper_structure_worktree\dataset\binary_vle_english.xlsx,2c_74caf60139062b8ca437,,427.45,0.9375,0.0625,,,,,0.9052,0.0948,
uniquac,2,mol_eb71ecc709e3f0dc,mol_61c4de85d258b45d,,CCCCCCO,Cc1ccccc1C,,False,isobaric,10.1016/j.fluid.2010.08.010,isobaric,0.9411764705882353,shared_pair_or_uniquac_size_parameters_unavailable,,,,0,False,,,,,,,unverified,0.5,state_b2573db869a4a8947adeac7b,D:\VLE\paper_structure_worktree\dataset\binary_vle_english.xlsx,2c_74caf60139062b8ca437,,428.45,1.0,0.0,,,,,1.0,0.0,
uniquac,2,mol_fddb2c852c313396,mol_7953343be0b435d5,,CCCCCCC,c1ccsc1,,False,isobaric,10.1016/j.fluid.2013.05.019,isobaric,0.7142857142857143,shared_pair_or_uniquac_size_parameters_unavailable,,,,0,False,,,,,,,passed,1.0,state_0a87bddf1df680644fd67137,D:\VLE\paper_structure_worktree\dataset\binary_vle_english.xlsx,2c_784276d4500715f79c89,,371.34,0.99997,3e-05,,,,,0.999925,7.5e-05,
uniquac,2,mol_fddb2c852c313396,mol_7953343be0b435d5,,CCCCCCC,c1ccsc1,,False,isobaric,10.1016/j.fluid.2013.05.019,isobaric,0.7142857142857143,shared_pair_or_uniquac_size_parameters_unavailable,,,,0,False,,,,,,,passed,1.0,state_1bf91acde981768d4293ba9b,D:\VLE\paper_structure_worktree\dataset\binary_vle_english.xlsx,2c_784276d4500715f79c89,,371.34,0.999926,7.4e-05,,,,,0.999844,0.000156,
uniquac,2,mol_fddb2c852c313396,mol_7953343be0b435d5,,CCCCCCC,c1ccsc1,,False,isobaric,10.1016/j.fluid.2013.05.019,isobaric,0.7142857142857143,shared_pair_or_uniquac_size_parameters_unavailable,,,,0,False,,,,,,,passed,1.0,state_3177a37c387ccf496966065a,D:\VLE\paper_structure_worktree\dataset\binary_vle_english.xlsx,2c_784276d4500715f79c89,,371.34,0.999923,7.7e-05,,,,,0.999856,0.000144,
uniquac,2,mol_fddb2c852c313396,mol_7953343be0b435d5,,CCCCCCC,c1ccsc1,,False,isobaric,10.1016/j.fluid.2013.05.019,isobaric,0.7142857142857143,shared_pair_or_uniquac_size_parameters_unavailable,,,,0,False,,,,,,,passed,1.0,state_43484f549cb6584e45e29291,D:\VLE\paper_structure_worktree\dataset\binary_vle_english.xlsx,2c_784276d4500715f79c89,,371.34,0.999965,3.5e-05,,,,,0.999932,6.8e-05,
uniquac,2,mol_fddb2c852c313396,mol_7953343be0b435d5,,CCCCCCC,c1ccsc1,,False,isobaric,10.1016/j.fluid.2013.05.019,isobaric,0.7142857142857143,shared_pair_or_uniquac_size_parameters_unavailable,,,,0,False,,,,,,,passed,1.0,state_455ac60b1b36e6896caee08b,D:\VLE\paper_structure_worktree\dataset\binary_vle_english.xlsx,2c_784276d4500715f79c89,,371.34,0.999924,7.6e-05,,,,,0.999833,0.000167,
uniquac,2,mol_fddb2c852c313396,mol_7953343be0b435d5,,CCCCCCC,c1ccsc1,,False,isobaric,10.1016/j.fluid.2013.05.019,isobaric,0.7142857142857143,shared_pair_or_uniquac_size_parameters_unavailable,,,,0,False,,,,,,,passed,1.0,state_4fca72fcfb2512698fde9938,D:\VLE\paper_structure_worktree\dataset\binary_vle_english.xlsx,2c_784276d4500715f79c89,,371.34,0.999912,8.8e-05,,,,,0.999828,0.000172,
uniquac,2,mol_fddb2c852c313396,mol_7953343be0b435d5,,CCCCCCC,c1ccsc1,,False,isobaric,10.1016/j.fluid.2013.05.019,isobaric,0.7142857142857143,shared_pair_or_uniquac_size_parameters_unavailable,,,,0,False,,,,,,,passed,1.0,state_506248140f44c688d18d6d1e,D:\VLE\paper_structure_worktree\dataset\binary_vle_english.xlsx,2c_784276d4500715f79c89,,371.34,0.999906,9.4e-05,,,,,0.999805,0.000195,
uniquac,2,mol_fddb2c852c313396,mol_7953343be0b435d5,,CCCCCCC,c1ccsc1,,False,isobaric,10.1016/j.fluid.2013.05.019,isobaric,0.7142857142857143,shared_pair_or_uniquac_size_parameters_unavailable,,,,0,False,,,,,,,passed,1.0,state_66439d72f7b28434e7d0d3a9,D:\VLE\paper_structure_worktree\dataset\binary_vle_english.xlsx,2c_784276d4500715f79c89,,371.34,0.999972,2.8e-05,,,,,0.99994,6e-05,
uniquac,2,mol_fddb2c852c313396,mol_7953343be0b435d5,,CCCCCCC,c1ccsc1,,False,isobaric,10.1016/j.fluid.2013.05.019,isobaric,0.7142857142857143,shared_pair_or_uniquac_size_parameters_unavailable,,,,0,False,,,,,,,passed,1.0,state_737d97f6ffe182da022f8474,D:\VLE\paper_structure_worktree\dataset\binary_vle_english.xlsx,2c_784276d4500715f79c89,,371.34,0.999923,7.7e-05,,,,,0.999831,0.000169,
uniquac,2,mol_fddb2c852c313396,mol_7953343be0b435d5,,CCCCCCC,c1ccsc1,,False,isobaric,10.1016/j.fluid.2013.05.019,isobaric,0.7142857142857143,shared_pair_or_uniquac_size_parameters_unavailable,,,,0,False,,,,,,,passed,1.0,state_77b523163fac646f7d3661f7,D:\VLE\paper_structure_worktree\dataset\binary_vle_english.xlsx,2c_784276d4500715f79c89,,371.34,0.999985,1.5e-05,,,,,0.999974,2.6e-05,
uniquac,2,mol_fddb2c852c313396,mol_7953343be0b435d5,,CCCCCCC,c1ccsc1,,False,isobaric,10.1016/j.fluid.2013.05.019,isobaric,0.7142857142857143,shared_pair_or_uniquac_size_parameters_unavailable,,,,0,False,,,,,,,passed,1.0,state_782a6637d1d1e85d661ba5ae,D:\VLE\paper_structure_worktree\dataset\binary_vle_english.xlsx,2c_784276d4500715f79c89,,371.34,0.999923,7.7e-05,,,,,0.999855,0.000145,
uniquac,2,mol_fddb2c852c313396,mol_7953343be0b435d5,,CCCCCCC,c1ccsc1,,False,isobaric,10.1016/j.fluid.2013.05.019,isobaric,0.7142857142857143,shared_pair_or_uniquac_size_parameters_unavailable,,,,0,False,,,,,,,passed,1.0,state_8fb32acc0cc802596ee83b82,D:\VLE\paper_structure_worktree\dataset\binary_vle_english.xlsx,2c_784276d4500715f79c89,,371.34,0.999862,0.000138,,,,,0.999752,0.000248,
uniquac,2,mol_fddb2c852c313396,mol_7953343be0b435d5,,CCCCCCC,c1ccsc1,,False,isobaric,10.1016/j.fluid.2013.05.019,isobaric,0.7142857142857143,shared_pair_or_uniquac_size_parameters_unavailable,,,,0,False,,,,,,,passed,1.0,state_c15fc5fe2be942dfd6f86c0f,D:\VLE\paper_structure_worktree\dataset\binary_vle_english.xlsx,2c_784276d4500715f79c89,,371.34,0.999963,3.7e-05,,,,,0.999906,9.4e-05,
uniquac,2,mol_fddb2c852c313396,mol_7953343be0b435d5,,CCCCCCC,c1ccsc1,,False,isobaric,10.1016/j.fluid.2013.05.019,isobaric,0.7142857142857143,shared_pair_or_uniquac_size_parameters_unavailable,,,,0,False,,,,,,,passed,1.0,state_da537b642fa8f19fec471a03,D:\VLE\paper_structure_worktree\dataset\binary_vle_english.xlsx,2c_784276d4500715f79c89,,371.34,0.999859,0.000141,,,,,0.999694,0.000306,
uniquac,2,mol_ab8630148ae67e51,mol_a85d32e4db2ff39c,,CCOCCO,CO,,True,isobaric,10.1016/j.fluid.2011.08.007,isobaric,0.9666666666666667,,0.9994533155005529,0.9385708981504784,,258,False,,386.29273039805344,-1.1368683772161603e-13,49.53566060109031,533.9748986280795,,unverified,0.5,state_03ce7630ba518ad7823ec22b,D:\VLE\paper_structure_worktree\dataset\binary_vle_english.xlsx,2c_7b12ee2d0e35e39326bc,,386.53,0.903,0.097,,0.4790636533102914,0.5209363466897086,,0.48,0.52,
uniquac,2,mol_ab8630148ae67e51,mol_a85d32e4db2ff39c,,CCOCCO,CO,,True,isobaric,10.1016/j.fluid.2011.08.007,isobaric,0.9666666666666667,,0.9999999999999997,0.9194725959842082,,258,False,,405.80044376851174,-1.2789769243681803e-13,93.3200580605439,932.2243295265243,,unverified,0.5,state_36533b2674cc41198e867b23,D:\VLE\paper_structure_worktree\dataset\binary_vle_english.xlsx,2c_7b12ee2d0e35e39326bc,,405.25,1.0,0.0,,1.0,0.0,,1.0,0.0,
uniquac,2,mol_ab8630148ae67e51,mol_a85d32e4db2ff39c,,CCOCCO,CO,,True,isobaric,10.1016/j.fluid.2011.08.007,isobaric,0.9666666666666667,,0.9999649754179939,0.9248012634220004,,258,False,,399.9161102191939,2.842170943040401e-14,77.59483061110066,792.5196373224697,,unverified,0.5,state_577b3ed2ee1589d3f50babbc,D:\VLE\paper_structure_worktree\dataset\binary_vle_english.xlsx,2c_7b12ee2d0e35e39326bc,,399.52,0.976,0.024,,0.8115072338063757,0.18849276619362434,,0.8160000000000001,0.184,
uniquac,2,mol_ab8630148ae67e51,mol_a85d32e4db2ff39c,,CCOCCO,CO,,True,isobaric,10.1016/j.fluid.2011.08.007,isobaric,0.9642857142857143,,0.9999999999999997,0.9243491046197806,,258,False,,395.1990661704664,-1.7053025658242404e-13,66.65998409868786,693.3790175061906,,unverified,0.5,state_6eb429bc234ac619bf1510da,D:\VLE\paper_structure_worktree\dataset\binary_vle_english.xlsx,2c_7b12ee2d0e35e39326bc,,394.55999999999995,1.0,0.0,,1.0,0.0,,1.0,0.0,
uniquac,2,mol_ab8630148ae67e51,mol_a85d32e4db2ff39c,,CCOCCO,CO,,True,isobaric,10.1016/j.fluid.2011.08.007,isobaric,0.9642857142857143,,0.9999769825653468,0.9288265386908966,,258,False,,390.2596432789691,7.105427357601002e-14,56.634156061183965,600.7466515751761,,unverified,0.5,state_842e4e7da1a4fd032d496118,D:\VLE\paper_structure_worktree\dataset\binary_vle_english.xlsx,2c_7b12ee2d0e35e39326bc,,389.59999999999997,0.98,0.02,,0.8325863888036246,0.1674136111963755,,0.821,0.179,
uniquac,2,mol_ab8630148ae67e51,mol_a85d32e4db2ff39c,,CCOCCO,CO,,True,isobaric,10.1016/j.fluid.2011.08.007,isobaric,0.9666666666666667,,0.9997863490187728,0.9319893876217467,,258,False,,392.53922177012214,2.842170943040401e-14,61.08975594445133,642.1381459702425,,unverified,0.5,state_95e4393a7585140eb1cb9b58,D:\VLE\paper_structure_worktree\dataset\binary_vle_english.xlsx,2c_7b12ee2d0e35e39326bc,,392.78,0.94,0.06,,0.6152171677541616,0.3847828322458383,,0.616,0.384,
uniquac,2,mol_ab8630148ae67e51,mol_a85d32e4db2ff39c,,CCOCCO,CO,,True,isobaric,10.1016/j.fluid.2011.08.007,isobaric,0.9666666666666667,,0.999878659081262,0.9290993588255448,,258,False,,395.43161026143787,-2.842170943040401e-14,67.16672959816536,698.0144405795309,,unverified,0.5,state_b0e94887278692a6ad1bd834,D:\VLE\paper_structure_worktree\dataset\binary_vle_english.xlsx,2c_7b12ee2d0e35e39326bc,,395.42999999999995,0.955,0.045,,0.6872739342406974,0.3127260657593025,,0.6910000000000001,0.309,
uniquac,2,mol_ab8630148ae67e51,mol_a85d32e4db2ff39c,,CCOCCO,CO,,True,isobaric,10.1016/j.fluid.2011.08.007,isobaric,0.9642857142857143,,0.9998908740782788,0.933748123793723,,258,False,,385.11711495840837,8.033396170503693e-11,47.58298033414112,515.4110140701351,,unverified,0.5,state_c9e7be20306af4139c2b6087,D:\VLE\paper_structure_worktree\dataset\binary_vle_english.xlsx,2c_7b12ee2d0e35e39326bc,,384.34999999999997,0.956,0.044,,0.6823338731534733,0.3176661268465266,,0.651,0.349,
uniquac,2,mol_86c4db256d6270c6,mol_243de2450bee5519,,CCC(=O)O,CCCCCO,,True,isobaric,10.1016/j.jct.2010.05.014,isobaric,0.8928571428571429,,0.9032436567196659,0.8807114140136193,,258,False,,412.20589053732886,2.842170943040401e-14,96.30376294557776,109.92854521587117,,unverified,0.5,state_199657d4b9edb15901ad66a7,D:\VLE\paper_structure_worktree\dataset\binary_vle_english.xlsx,2c_7c57a80413db66443080,,413.25,0.5610999999999999,0.4389,,0.5345863561539294,0.46541364384607053,,0.5609,0.4391,
uniquac,2,mol_86c4db256d6270c6,mol_243de2450bee5519,,CCC(=O)O,CCCCCO,,True,isobaric,10.1016/j.jct.2010.05.014,isobaric,0.9615384615384616,,0.9438648390031203,0.81943816587546,,258,False,,412.41876989773624,0.0,96.986003689383,110.79062167837894,,unverified,0.5,state_29db3bb4e95d4a8bf935316c,D:\VLE\paper_structure_worktree\dataset\binary_vle_english.xlsx,2c_7c57a80413db66443080,,412.95,0.6800999999999999,0.3199,,0.6819005988640608,0.31809940113593904,,0.7015,0.2985,
uniquac,2,mol_86c4db256d6270c6,mol_243de2450bee5519,,CCC(=O)O,CCCCCO,,True,isobaric,10.1016/j.jct.2010.05.014,isobaric,0.9259259259259259,,0.8848256758715685,0.901884683712941,,258,False,,411.98652992049244,-1.4210854715202004e-13,95.60504148491447,109.04631816561775,,unverified,0.5,state_3c1e7b9e4e60cce52c2fe50e,D:\VLE\paper_structure_worktree\dataset\binary_vle_english.xlsx,2c_7c57a80413db66443080,,413.15,0.5124,0.4876,,0.4747632086093046,0.5252367913906953,,0.5031,0.4969,
uniquac,2,mol_86c4db256d6270c6,mol_243de2450bee5519,,CCC(=O)O,CCCCCO,,True,isobaric,10.1016/j.jct.2010.05.014,isobaric,0.9615384615384616,,0.8789096330769935,0.9080326053327006,,258,False,,411.9040884721869,-2.7000623958883807e-13,95.3435651620191,108.71634654453631,,unverified,0.5,state_57a021f09acab755642629c8,D:\VLE\paper_structure_worktree\dataset\binary_vle_english.xlsx,2c_7c57a80413db66443080,,413.04999999999995,0.4972,0.5028,,0.45634800497936934,0.5436519950206307,,0.4858,0.5142,
uniquac,2,mol_86c4db256d6270c6,mol_243de2450bee5519,,CCC(=O)O,CCCCCO,,True,isobaric,10.1016/j.jct.2010.05.014,isobaric,0.8928571428571429,,0.899496230122378,0.8852882346388242,,258,False,,412.1662382594172,-2.842170943040401e-14,96.17713814713167,109.76861412288349,,unverified,0.5,state_5b3e42436df492c197a3465a,D:\VLE\paper_structure_worktree\dataset\binary_vle_english.xlsx,2c_7c57a80413db66443080,,413.25,0.5509999999999999,0.449,,0.5220982299471848,0.4779017700528152,,0.5498000000000001,0.4502,
uniquac,2,mol_86c4db256d6270c6,mol_243de2450bee5519,,CCC(=O)O,CCCCCO,,True,isobaric,10.1016/j.jct.2010.05.014,isobaric,0.9259259259259259,,0.9227186357493203,0.8543301249057931,,258,False,,412.36344107830604,1.4210854715202004e-14,96.8082889943941,110.56599972394297,,unverified,0.5,state_8b75612ef4fb8c2fc1d612be,D:\VLE\paper_structure_worktree\dataset\binary_vle_english.xlsx,2c_7c57a80413db66443080,,413.15,0.6155999999999999,0.3844,,0.6022958516523296,0.3977041483476704,,0.6279,0.3721,
uniquac,2,mol_86c4db256d6270c6,mol_243de2450bee5519,,CCC(=O)O,CCCCCO,,True,isobaric,10.1016/j.jct.2010.05.014,isobaric,0.8928571428571429,,0.8952947989906114,0.8902497095912412,,258,False,,412.1186227230051,-4.263256414560601e-14,96.02527149535246,109.57683137160943,,unverified,0.5,state_8fff241bae5af219ddd06a6d,D:\VLE\paper_structure_worktree\dataset\binary_vle_english.xlsx,2c_7c57a80413db66443080,,413.25,0.5398000000000001,0.4602,,0.5082927438439852,0.49170725615601485,,0.5343,0.4657,
uniquac,2,mol_86c4db256d6270c6,mol_243de2450bee5519,,CCC(=O)O,CCCCCO,,True,isobaric,10.1016/j.jct.2010.05.014,isobaric,0.9615384615384616,,0.8904367050011741,0.8957737266493597,,258,False,,412.05962307712446,-1.2789769243681803e-13,95.837380026735,109.33959990085664,,unverified,0.5,state_c39a11971827bfbd8093db97,D:\VLE\paper_structure_worktree\dataset\binary_vle_english.xlsx,2c_7c57a80413db66443080,,413.2,0.527,0.473,,0.4925814197385648,0.5074185802614353,,0.5204,0.4796,
uniquac,2,mol_4cfc5db0ca2ab00b,mol_4df2781fcf4d4a77,,CCC(C)=O,CCOC(=O)OCC,,False,isobaric,10.1016/j.fluid.2005.06.024,isobaric,0.9666666666666667,shared_pair_or_uniquac_size_parameters_unavailable,,,,0,False,,,,,,,unverified,0.5,state_9237d094fd45028e309244c2,D:\VLE\paper_structure_worktree\dataset\binary_vle_english.xlsx,2c_7c6b847ee4cb190db3ef,,390.39,0.1027,0.8973,,,,,0.3048,0.6952,
uniquac,2,mol_4cfc5db0ca2ab00b,mol_4df2781fcf4d4a77,,CCC(C)=O,CCOC(=O)OCC,,False,isobaric,10.1016/j.fluid.2005.06.024,isobaric,0.9666666666666667,shared_pair_or_uniquac_size_parameters_unavailable,,,,0,False,,,,,,,unverified,0.5,state_a770d2dcbeb4a6672195d806,D:\VLE\paper_structure_worktree\dataset\binary_vle_english.xlsx,2c_7c6b847ee4cb190db3ef,,397.17999999999995,0.0259,0.9741,,,,,0.0907,0.9093,
uniquac,2,mol_4cfc5db0ca2ab00b,mol_4df2781fcf4d4a77,,CCC(C)=O,CCOC(=O)OCC,,False,isobaric,10.1016/j.fluid.2005.06.024,isobaric,0.9666666666666667,shared_pair_or_uniquac_size_parameters_unavailable,,,,0,False,,,,,,,unverified,0.5,state_b6eec22978bf9e8fa2578f5c,D:\VLE\paper_structure_worktree\dataset\binary_vle_english.xlsx,2c_7c6b847ee4cb190db3ef,,394.57,0.0489,0.9511000000000001,,,,,0.1659,0.8341000000000001,
uniquac,2,mol_4cfc5db0ca2ab00b,mol_4df2781fcf4d4a77,,CCC(C)=O,CCOC(=O)OCC,,False,isobaric,10.1016/j.fluid.2005.06.024,isobaric,0.9666666666666667,shared_pair_or_uniquac_size_parameters_unavailable,,,,0,False,,,,,,,unverified,0.5,state_d0163407465a00ddb9912f71,D:\VLE\paper_structure_worktree\dataset\binary_vle_english.xlsx,2c_7c6b847ee4cb190db3ef,,387.96,0.1323,0.8677,,,,,0.3781,0.6219,
uniquac,2,mol_b8ccf255e2b62919,mol_9ac385b135af0125,,CC(=O)N(C)C,CC(=O)O,,True,isobaric,10.1016/j.fluid.2015.11.007,isobaric,0.9090909090909091,,0.14568902222607566,0.023017049112041846,,258,False,,411.5000863720815,-1.3997691894473974e-11,101.29993507481598,188.9664612374186,,passed,1.0,state_4107c0bfe1d3f117d0d91741,D:\VLE\paper_structure_worktree\dataset\binary_vle_english.xlsx,2c_7e396008deb1d14f8e15,,381.75,0.735,0.265,,0.9039492095780278,0.0960507904219721,,0.83,0.17,
uniquac,2,mol_b8ccf255e2b62919,mol_9ac385b135af0125,,CC(=O)N(C)C,CC(=O)O,,True,isobaric,10.1016/j.fluid.2015.11.007,isobaric,0.9090909090909091,,0.07600265314394966,0.1020955716093851,,258,False,,412.245875046264,1.5987211554602254e-14,101.29993507481598,193.0808743152741,,passed,1.0,state_8916c58a913c2c5b957a386d,D:\VLE\paper_structure_worktree\dataset\binary_vle_english.xlsx,2c_7e396008deb1d14f8e15,,382.28,0.642,0.358,,0.4119017554831513,0.5880982445168487,,0.604,0.396,
uniquac,2,mol_b8ccf255e2b62919,mol_9ac385b135af0125,,CC(=O)N(C)C,CC(=O)O,,True,isobaric,10.1016/j.fluid.2015.11.007,isobaric,0.9090909090909091,,0.061175096573612524,0.12740404758644625,,258,False,,407.63997921223375,-1.0604850331219495e-12,101.29993507481598,168.81841657539186,,passed,1.0,state_c3ae1bc2bd6173afad98d6ba,D:\VLE\paper_structure_worktree\dataset\binary_vle_english.xlsx,2c_7e396008deb1d14f8e15,,382.83,0.621,0.379,,0.32069790692623834,0.6793020930737617,,0.509,0.491,
uniquac,2,mol_e81dc06beaa39499,mol_48469952cf716332,,O,OCC(F)(F)C(F)F,,False,isobaric,10.1016/j.jct.2017.07.019,isobaric,0.9411764705882353,shared_pair_or_uniquac_size_parameters_unavailable,,,,0,False,,,,,,,unverified,0.5,state_4e453f2a5676eb1724205f51,D:\VLE\paper_structure_worktree\dataset\binary_vle_english.xlsx,2c_8227101c64130ee5e04f,,377.07,0.15490000000000004,0.8451,,,,,0.30569999999999997,0.6943,
uniquac,2,mol_e81dc06beaa39499,mol_48469952cf716332,,O,OCC(F)(F)C(F)F,,False,isobaric,10.1016/j.jct.2017.07.019,isobaric,0.9411764705882353,shared_pair_or_uniquac_size_parameters_unavailable,,,,0,False,,,,,,,unverified,0.5,state_9765cda2171f6b866ac82c2f,D:\VLE\paper_structure_worktree\dataset\binary_vle_english.xlsx,2c_8227101c64130ee5e04f,,382.15,0.0,1.0,,,,,0.0,1.0,
uniquac,2,mol_7028b7cbd3d829b4,mol_e81dc06beaa39499,,CC#N,O,,True,isobaric,10.1016/j.jct.2019.07.006,isobaric,0.9333333333333333,,7.939788369256345,1.0003134159473324,,258,False,,369.99584309638095,4.263256414560601e-14,148.9871740013626,90.1254039335169,,unverified,0.5,state_1f38564479f39cd5d8ea3976,D:\VLE\paper_structure_worktree\dataset\binary_vle_english.xlsx,2c_82cfa7a14fa3ab1984f1,,371.71999999999997,0.0102,0.9898,,0.11911016162442185,0.8808898383755781,,0.0628,0.9372,
uniquac,2,mol_7028b7cbd3d829b4,mol_e81dc06beaa39499,,CC#N,O,,True,isobaric,10.1016/j.jct.2019.07.006,isobaric,0.9333333333333333,,8.36954030895803,1.0,,258,False,,373.22705776589044,-2.842170943040401e-14,161.14459045690833,101.29993507481598,,unverified,0.5,state_8cd01de4eea7bda3009413a4,D:\VLE\paper_structure_worktree\dataset\binary_vle_english.xlsx,2c_82cfa7a14fa3ab1984f1,,373.12,0.0,1.0,,0.0,1.0,,0.0,1.0,
uniquac,2,mol_7028b7cbd3d829b4,mol_e81dc06beaa39499,,CC#N,O,,True,isobaric,10.1016/j.fluid.2014.06.025,isobaric,0.9,,6.73923062338956,1.0051925284187129,,258,False,,363.0525097882652,3.47597506333841e-11,125.2833774834646,69.61638508339581,,unverified,0.5,state_b0b59d1510a87b7b6272b340,D:\VLE\paper_structure_worktree\dataset\binary_vle_english.xlsx,2c_82cfa7a14fa3ab1984f1,,361.2,0.042,0.958,,0.345962737495489,0.6540372625045109,,0.4311,0.5689,
uniquac,2,mol_b650f1cc3cac74aa,mol_7347d05012022dd9,,CC(=O)C(C)C,CC(C)C(C)C,,False,isothermal,10.1016/j.fluid.2013.01.020,isothermal,0.9444444444444444,shared_pair_or_uniquac_size_parameters_unavailable,,,,0,False,,,,,,,unverified,0.5,state_327ee45790692f790a566973,D:\VLE\paper_structure_worktree\dataset\binary_vle_english.xlsx,2c_8742372ba72e435a7962,36.470067121664,,0.9776,0.0224,,,,,0.8496,0.1504,
uniquac,2,mol_b650f1cc3cac74aa,mol_7347d05012022dd9,,CC(=O)C(C)C,CC(C)C(C)C,,False,isothermal,10.1016/j.fluid.2013.01.020,isothermal,0.9444444444444444,shared_pair_or_uniquac_size_parameters_unavailable,,,,0,False,,,,,,,unverified,0.5,state_62eda47ffb7c7c4d11ade656,D:\VLE\paper_structure_worktree\dataset\binary_vle_english.xlsx,2c_8742372ba72e435a7962,58.130018994048,,0.8504,0.1496,,,,,0.4727,0.5273,
uniquac,2,mol_b650f1cc3cac74aa,mol_7347d05012022dd9,,CC(=O)C(C)C,CC(C)C(C)C,,False,isothermal,10.1016/j.fluid.2013.01.020,isothermal,0.9444444444444444,shared_pair_or_uniquac_size_parameters_unavailable,,,,0,False,,,,,,,unverified,0.5,state_67b1e7426f106e6b86f9c694,D:\VLE\paper_structure_worktree\dataset\binary_vle_english.xlsx,2c_8742372ba72e435a7962,33.930009366528,,0.9889,0.0111,,,,,0.9203,0.0797,
uniquac,2,mol_b650f1cc3cac74aa,mol_7347d05012022dd9,,CC(=O)C(C)C,CC(C)C(C)C,,False,isothermal,10.1016/j.fluid.2013.01.020,isothermal,0.9444444444444444,shared_pair_or_uniquac_size_parameters_unavailable,,,,0,False,,,,,,,unverified,0.5,state_6abf288ff615d3599e16d828,D:\VLE\paper_structure_worktree\dataset\binary_vle_english.xlsx,2c_8742372ba72e435a7962,85.420041144704,,0.5587,0.4413,,,,,0.24750000000000005,0.7525,
uniquac,2,mol_b650f1cc3cac74aa,mol_7347d05012022dd9,,CC(=O)C(C)C,CC(C)C(C)C,,False,isothermal,10.1016/j.fluid.2013.01.020,isothermal,0.9444444444444444,shared_pair_or_uniquac_size_parameters_unavailable,,,,0,False,,,,,,,unverified,0.5,state_70662a529505ddd54a791a93,D:\VLE\paper_structure_worktree\dataset\binary_vle_english.xlsx,2c_8742372ba72e435a7962,52.739928978175996,,0.8886000000000001,0.1114,,,,,0.5412,0.4588,
uniquac,2,mol_b650f1cc3cac74aa,mol_7347d05012022dd9,,CC(=O)C(C)C,CC(C)C(C)C,,False,isothermal,10.1016/j.fluid.2013.01.020,isothermal,0.9444444444444444,shared_pair_or_uniquac_size_parameters_unavailable,,,,0,False,,,,,,,unverified,0.5,state_74bfa1b2969bdce48c5d1f3a,D:\VLE\paper_structure_worktree\dataset\binary_vle_english.xlsx,2c_8742372ba72e435a7962,78.830049816832,,0.6528,0.3472,,,,,0.29300000000000004,0.707,
uniquac,2,mol_b650f1cc3cac74aa,mol_7347d05012022dd9,,CC(=O)C(C)C,CC(C)C(C)C,,False,isothermal,10.1016/j.fluid.2013.01.020,isothermal,0.9444444444444444,shared_pair_or_uniquac_size_parameters_unavailable,,,,0,False,,,,,,,unverified,0.5,state_7603e2e3c91a7a6088ccbf7e,D:\VLE\paper_structure_worktree\dataset\binary_vle_english.xlsx,2c_8742372ba72e435a7962,103.47002325875201,,0.1744,0.8256,,,,,0.10260000000000002,0.8974,
uniquac,2,mol_b650f1cc3cac74aa,mol_7347d05012022dd9,,CC(=O)C(C)C,CC(C)C(C)C,,False,isothermal,10.1016/j.fluid.2013.01.020,isothermal,0.9444444444444444,shared_pair_or_uniquac_size_parameters_unavailable,,,,0,False,,,,,,,unverified,0.5,state_7b0db0dc4d646f3c6d845004,D:\VLE\paper_structure_worktree\dataset\binary_vle_english.xlsx,2c_8742372ba72e435a7962,107.99005150105599,,0.0,1.0,,,,,0.0,1.0,
uniquac,2,mol_b650f1cc3cac74aa,mol_7347d05012022dd9,,CC(=O)C(C)C,CC(C)C(C)C,,False,isothermal,10.1016/j.fluid.2013.01.020,isothermal,0.9444444444444444,shared_pair_or_uniquac_size_parameters_unavailable,,,,0,False,,,,,,,unverified,0.5,state_8a7584dcde153f90c3203269,D:\VLE\paper_structure_worktree\dataset\binary_vle_english.xlsx,2c_8742372ba72e435a7962,41.440058355968,,0.9525,0.0475,,,,,0.73,0.27,
uniquac,2,mol_b650f1cc3cac74aa,mol_7347d05012022dd9,,CC(=O)C(C)C,CC(C)C(C)C,,False,isothermal,10.1016/j.fluid.2013.01.020,isothermal,0.9444444444444444,shared_pair_or_uniquac_size_parameters_unavailable,,,,0,False,,,,,,,unverified,0.5,state_98d43e94124e6796880444c8,D:\VLE\paper_structure_worktree\dataset\binary_vle_english.xlsx,2c_8742372ba72e435a7962,65.980040021888,,0.7921,0.2079,,,,,0.3984,0.6016,
uniquac,2,mol_b650f1cc3cac74aa,mol_7347d05012022dd9,,CC(=O)C(C)C,CC(C)C(C)C,,False,isothermal,10.1016/j.fluid.2013.01.020,isothermal,0.9444444444444444,shared_pair_or_uniquac_size_parameters_unavailable,,,,0,False,,,,,,,unverified,0.5,state_a99bf9e150f62c9a037f2c6a,D:\VLE\paper_structure_worktree\dataset\binary_vle_english.xlsx,2c_8742372ba72e435a7962,70.19995961382399,,0.7456,0.2544,,,,,0.3549,0.6451,
uniquac,2,mol_b650f1cc3cac74aa,mol_7347d05012022dd9,,CC(=O)C(C)C,CC(C)C(C)C,,False,isothermal,10.1016/j.fluid.2013.01.020,isothermal,0.9444444444444444,shared_pair_or_uniquac_size_parameters_unavailable,,,,0,False,,,,,,,unverified,0.5,state_acebcb07fda9a29fe269378d,D:\VLE\paper_structure_worktree\dataset\binary_vle_english.xlsx,2c_8742372ba72e435a7962,46.570036431872,,0.9235,0.0765,,,,,0.6287,0.3713,
uniquac,2,mol_b650f1cc3cac74aa,mol_7347d05012022dd9,,CC(=O)C(C)C,CC(C)C(C)C,,False,isothermal,10.1016/j.fluid.2013.01.020,isothermal,0.9444444444444444,shared_pair_or_uniquac_size_parameters_unavailable,,,,0,False,,,,,,,unverified,0.5,state_d40bfe0e510ad3f809159c54,D:\VLE\paper_structure_worktree\dataset\binary_vle_english.xlsx,2c_8742372ba72e435a7962,31.429948321792,,1.0,0.0,,,,,1.0,0.0,
uniquac,2,mol_b650f1cc3cac74aa,mol_7347d05012022dd9,,CC(=O)C(C)C,CC(C)C(C)C,,False,isothermal,10.1016/j.fluid.2013.01.020,isothermal,0.9444444444444444,shared_pair_or_uniquac_size_parameters_unavailable,,,,0,False,,,,,,,unverified,0.5,state_d5536715f1ec8cdb14c053e0,D:\VLE\paper_structure_worktree\dataset\binary_vle_english.xlsx,2c_8742372ba72e435a7962,100.49000168921599,,0.256,0.744,,,,,0.13480000000000003,0.8652,
uniquac,2,mol_b650f1cc3cac74aa,mol_7347d05012022dd9,,CC(=O)C(C)C,CC(C)C(C)C,,False,isothermal,10.1016/j.fluid.2013.01.020,isothermal,0.9444444444444444,shared_pair_or_uniquac_size_parameters_unavailable,,,,0,False,,,,,,,unverified,0.5,state_da09c573027ea083e15a6d91,D:\VLE\paper_structure_worktree\dataset\binary_vle_english.xlsx,2c_8742372ba72e435a7962,91.680059611776,,0.4516,0.5484,,,,,0.20120000000000005,0.7988,
uniquac,2,mol_b650f1cc3cac74aa,mol_7347d05012022dd9,,CC(=O)C(C)C,CC(C)C(C)C,,False,isothermal,10.1016/j.fluid.2013.01.020,isothermal,0.9444444444444444,shared_pair_or_uniquac_size_parameters_unavailable,,,,0,False,,,,,,,unverified,0.5,state_deaad612cb0d7efb6d0e29e9,D:\VLE\paper_structure_worktree\dataset\binary_vle_english.xlsx,2c_8742372ba72e435a7962,97.08001548288,,0.3408,0.6592,,,,,0.16459999999999997,0.8354,
uniquac,2,mol_b650f1cc3cac74aa,mol_7347d05012022dd9,,CC(=O)C(C)C,CC(C)C(C)C,,False,isothermal,10.1016/j.fluid.2013.01.020,isothermal,0.9444444444444444,shared_pair_or_uniquac_size_parameters_unavailable,,,,0,False,,,,,,,unverified,0.5,state_fd9cbfdd8daa47f8ad5adc8c,D:\VLE\paper_structure_worktree\dataset\binary_vle_english.xlsx,2c_8742372ba72e435a7962,105.45999292351999,,0.11050000000000004,0.8895,,,,,0.07140000000000002,0.9286,
uniquac,2,mol_f29e20f49d416e54,mol_e81dc06beaa39499,,CCO,O,,True,isobaric,10.1016/j.fluid.2017.03.010,isobaric,0.9444444444444444,,4.770448907296612,1.0010912831189847,,258,False,,368.76270806736767,4.263256414560601e-14,193.68350384798282,86.14703070955683,,unverified,0.5,state_18395da2994d9117d16d1c76,D:\VLE\paper_structure_worktree\dataset\binary_vle_english.xlsx,2c_94ed5d0a73a3c26e5ef5,,368.38,0.018,0.982,,0.16414569279954536,0.8358543072004546,,0.165,0.835,
uniquac,2,mol_f29e20f49d416e54,mol_e81dc06beaa39499,,CCO,O,,True,isothermal,10.1016/j.fluid.2019.03.019,isothermal,0.9411764705882353,,4.051740037172151,1.0038584162466782,,1,False,256.0165573465674,,0.0,441.84431448029153,199.60106520444958,,unverified,0.5,state_28402eebfff8486b9fb2839b,D:\VLE\paper_structure_worktree\dataset\binary_vle_english.xlsx,2c_94ed5d0a73a3c26e5ef5,259.00003141888,,0.035,0.965,,0.24474331316924844,0.7552566868307514,,0.243,0.757,
uniquac,2,mol_f29e20f49d416e54,mol_e81dc06beaa39499,,CCO,O,,True,isothermal,10.1016/j.fluid.2019.03.019,isothermal,0.9411764705882353,,1.0,2.2402813036859395,,1,False,441.84431448029153,,0.0,441.84431448029153,199.60106520444958,,unverified,0.5,state_34550fbd0b2ef2a7e6fb8fb2,D:\VLE\paper_structure_worktree\dataset\binary_vle_english.xlsx,2c_94ed5d0a73a3c26e5ef5,429.00004946752,,1.0,0.0,,1.0,0.0,,1.0,0.0,
uniquac,2,mol_f29e20f49d416e54,mol_e81dc06beaa39499,,CCO,O,,True,isobaric,10.1016/j.jct.2013.08.020,isobaric,0.9411764705882353,,4.85669301177443,1.000762382137423,,258,False,,369.38248518582753,4.263256414560601e-14,198.05281240833884,88.12744207024559,,unverified,0.5,state_35e727eac4b7585ce81543f2,D:\VLE\paper_structure_worktree\dataset\binary_vle_english.xlsx,2c_94ed5d0a73a3c26e5ef5,,369.27,0.015,0.985,,0.1424307492312968,0.8575692507687032,,0.139,0.861,
uniquac,2,mol_f29e20f49d416e54,mol_e81dc06beaa39499,,CCO,O,,True,isothermal,10.1016/j.fluid.2019.03.019,isothermal,0.9411764705882353,,1.0052390583197313,2.0454603762320476,,1,False,440.35555478773085,,0.0,441.84431448029153,199.60106520444958,,unverified,0.5,state_50f88230e1903404ac125d9e,D:\VLE\paper_structure_worktree\dataset\binary_vle_english.xlsx,2c_94ed5d0a73a3c26e5ef5,431.999936069888,,0.894,0.10599999999999998,,0.9017219995478906,0.09827800045210952,,0.886,0.11399999999999999,
uniquac,2,mol_f29e20f49d416e54,mol_e81dc06beaa39499,,CCO,O,,True,isothermal,10.1016/j.jct.2017.07.021,full_state,0.0,,5.21182079084779,1.000064174322622,,1,False,93.81496498030103,,0.0,201.47603664621244,89.67961184434401,,unverified,0.5,state_5ac8ba1fd981b3c5a11428b6,D:\VLE\paper_structure_worktree\dataset\binary_vle_english.xlsx,2c_94ed5d0a73a3c26e5ef5,94.191986347264,,0.0043,0.9957,,0.04812926260266222,0.9518707373973379,,0.0632,0.9368,
uniquac,2,mol_f29e20f49d416e54,mol_e81dc06beaa39499,,CCO,O,,True,isobaric,10.1016/j.jct.2017.07.021,full_state,0.0,,5.210256558222332,1.0000641656227065,,258,False,,369.97036149115763,-8.526512829121202e-14,202.27430745309047,90.04163819835723,,unverified,0.5,state_5ac8ba1fd981b3c5a11428b6,D:\VLE\paper_structure_worktree\dataset\binary_vle_english.xlsx,2c_94ed5d0a73a3c26e5ef5,,369.85999999999996,0.0043,0.9957,,0.04811210204498698,0.9518878979550129,,0.0632,0.9368,
uniquac,2,mol_f29e20f49d416e54,mol_e81dc06beaa39499,,CCO,O,,True,isothermal,10.1016/j.fluid.2019.03.019,isothermal,0.9411764705882353,,1.0839943102599565,1.6186441427388145,,1,False,422.21872238368286,,0.0,441.84431448029153,199.60106520444958,,unverified,0.5,state_64e288911dec460be45fd0ed,D:\VLE\paper_structure_worktree\dataset\binary_vle_english.xlsx,2c_94ed5d0a73a3c26e5ef5,423.000009618048,,0.636,0.364,,0.7214660545029514,0.2785339454970486,,0.707,0.29300000000000004,
uniquac,2,mol_f29e20f49d416e54,mol_e81dc06beaa39499,,CCO,O,,True,isothermal,10.1016/j.fluid.2019.03.019,isothermal,0.9411764705882353,,1.1442848113059738,1.4959194631495816,,1,False,412.8558763884939,,0.0,441.84431448029153,199.60106520444958,,unverified,0.5,state_65bda137bc7b10d72b1792a8,D:\VLE\paper_structure_worktree\dataset\binary_vle_english.xlsx,2c_94ed5d0a73a3c26e5ef5,415.000000926208,,0.552,0.44799999999999995,,0.6759958216638218,0.3240041783361782,,0.656,0.344,
uniquac,2,mol_f29e20f49d416e54,mol_e81dc06beaa39499,,CCO,O,,True,isothermal,10.1016/j.fluid.2019.03.019,isothermal,0.9411764705882353,,2.009257665949413,1.0967185243374726,,1,False,354.68738242592246,,0.0,441.84431448029153,199.60106520444958,,unverified,0.5,state_6beba56f9c34f012ed3e920a,D:\VLE\paper_structure_worktree\dataset\binary_vle_english.xlsx,2c_94ed5d0a73a3c26e5ef5,358.000022323328,,0.203,0.7969999999999999,,0.5081070299162789,0.49189297008372107,,0.484,0.516,
uniquac,2,mol_f29e20f49d416e54,mol_e81dc06beaa39499,,CCO,O,,True,isobaric,10.1016/j.jct.2017.07.021,isobaric,0.8,,5.351632648939703,1.0,,258,False,,371.0919434268672,-1.154575102191302e-09,210.54047840755274,93.79201924210943,,unverified,0.5,state_76bb296b60fa4275cb0e5873,D:\VLE\paper_structure_worktree\dataset\binary_vle_english.xlsx,2c_94ed5d0a73a3c26e5ef5,,371.5,0.0,1.0,,0.0,1.0,,0.0,1.0,
uniquac,2,mol_f29e20f49d416e54,mol_e81dc06beaa39499,,CCO,O,,True,isothermal,10.1016/j.fluid.2019.03.019,isothermal,0.9411764705882353,,5.052712400837984,1.0000000000000002,,1,False,199.60106520444964,,0.0,441.84431448029153,199.60106520444958,,unverified,0.5,state_8b12ef9b6354a3e185d6521e,D:\VLE\paper_structure_worktree\dataset\binary_vle_english.xlsx,2c_94ed5d0a73a3c26e5ef5,199.000032891264,,0.0,1.0,,0.0,1.0,,0.0,1.0,
uniquac,2,mol_f29e20f49d416e54,mol_e81dc06beaa39499,,CCO,O,,True,isothermal,10.1016/j.fluid.2019.03.019,isothermal,0.9411764705882353,,3.2716285579107347,1.0163251287491188,,1,False,296.0613957257615,,0.0,441.84431448029153,199.60106520444958,,unverified,0.5,state_8df749aabed2a158faf0a127,D:\VLE\paper_structure_worktree\dataset\binary_vle_english.xlsx,2c_94ed5d0a73a3c26e5ef5,299.99999263807996,,0.075,0.925,,0.36619528033888227,0.6338047196611177,,0.373,0.627,
uniquac,2,mol_f29e20f49d416e54,mol_e81dc06beaa39499,,CCO,O,,True,isobaric,10.1016/j.jct.2013.08.020,isobaric,0.9411764705882353,,5.320557256859772,1.0,,258,False,,373.22705776589044,-2.842170943040401e-14,227.07047009942113,101.29993507481598,,unverified,0.5,state_987512454c9e17d44e63efb2,D:\VLE\paper_structure_worktree\dataset\binary_vle_english.xlsx,2c_94ed5d0a73a3c26e5ef5,,373.15,0.0,1.0,,0.0,1.0,,0.0,1.0,
uniquac,2,mol_f29e20f49d416e54,mol_e81dc06beaa39499,,CCO,O,,True,isothermal,10.1016/j.fluid.2019.03.019,isothermal,0.9411764705882353,,4.547897907799347,1.0008411269198363,,1,False,228.72405708745038,,0.0,441.84431448029153,199.60106520444958,,unverified,0.5,state_a2e36d9394471c1e99054129,D:\VLE\paper_structure_worktree\dataset\binary_vle_english.xlsx,2c_94ed5d0a73a3c26e5ef5,233.000036500992,,0.016,0.984,,0.1405685337335307,0.8594314662664693,,0.148,0.852,
uniquac,2,mol_f29e20f49d416e54,mol_e81dc06beaa39499,,CCO,O,,True,isothermal,10.1016/j.fluid.2019.03.019,isothermal,0.9411764705882353,,4.665831839317819,1.000477507497201,,1,False,222.03887494130402,,0.0,441.84431448029153,199.60106520444958,,unverified,0.5,state_b54ee87a39392635fa49ca49,D:\VLE\paper_structure_worktree\dataset\binary_vle_english.xlsx,2c_94ed5d0a73a3c26e5ef5,226.99999665152,,0.012,0.988,,0.11141677444017005,0.8885832255598299,,0.119,0.881,
uniquac,2,mol_f29e20f49d416e54,mol_e81dc06beaa39499,,CCO,O,,True,isothermal,10.1016/j.fluid.2019.03.019,isothermal,0.9411764705882353,,1.0287994152192959,1.8281509109688514,,1,False,433.7661260195235,,0.0,441.84431448029153,199.60106520444958,,unverified,0.5,state_b77f0b3c46f61ca3bbdcb43a,D:\VLE\paper_structure_worktree\dataset\binary_vle_english.xlsx,2c_94ed5d0a73a3c26e5ef5,429.99996722751996,,0.768,0.23199999999999998,,0.8048326123860421,0.19516738761395797,,0.782,0.21799999999999997,
uniquac,2,mol_f29e20f49d416e54,mol_e81dc06beaa39499,,CCO,O,,True,isothermal,10.1016/j.fluid.2019.03.019,isothermal,0.9411764705882353,,3.5295933932761665,1.0107623314703778,,1,False,283.21613014299555,,0.0,441.84431448029153,199.60106520444958,,unverified,0.5,state_cee369f8f1530dbd31f7aa42,D:\VLE\paper_structure_worktree\dataset\binary_vle_english.xlsx,2c_94ed5d0a73a3c26e5ef5,288.000046261504,,0.06,0.94,,0.33039024418394564,0.6696097558160543,,0.325,0.675,
uniquac,2,mol_f29e20f49d416e54,mol_e81dc06beaa39499,,CCO,O,,True,isothermal,10.1016/j.fluid.2019.03.019,isothermal,0.9411764705882353,,2.89979462030581,1.028199704573902,,1,False,313.9085852723987,,0.0,441.84431448029153,199.60106520444958,,unverified,0.5,state_db5616ebd839c23a15cdd1d6,D:\VLE\paper_structure_worktree\dataset\binary_vle_english.xlsx,2c_94ed5d0a73a3c26e5ef5,317.99997886412797,,0.101,0.899,,0.4122443298838534,0.5877556701161466,,0.407,0.593,
uniquac,2,mol_f29e20f49d416e54,mol_e81dc06beaa39499,,CCO,O,,True,isothermal,10.1016/j.fluid.2019.03.019,isothermal,0.9411764705882353,,1.5585205338289432,1.1956272551853027,,1,False,377.69073733600914,,0.0,441.84431448029153,199.60106520444958,,unverified,0.5,state_e00fd30ae1a1ae130a398987,D:\VLE\paper_structure_worktree\dataset\binary_vle_english.xlsx,2c_94ed5d0a73a3c26e5ef5,382.000048398848,,0.309,0.6910000000000001,,0.5633832682650309,0.436616731734969,,0.546,0.45399999999999996,
uniquac,2,mol_f29e20f49d416e54,mol_e81dc06beaa39499,,CCO,O,,True,isobaric,10.1016/j.fluid.2017.03.010,isobaric,0.9444444444444444,,5.320477773529994,1.0,,258,False,,373.2325625059401,0.0,227.11446897134138,101.319933430016,,unverified,0.5,state_e574b39fcf28831f244c0423,D:\VLE\paper_structure_worktree\dataset\binary_vle_english.xlsx,2c_94ed5d0a73a3c26e5ef5,,373.15,0.0,1.0,,0.0,1.0,,0.0,1.0,
uniquac,2,mol_f29e20f49d416e54,mol_e81dc06beaa39499,,CCO,O,,True,isothermal,10.1016/j.fluid.2019.03.019,isothermal,0.9411764705882353,,3.8060174091978762,1.0065105516856758,,1,False,269.01584069729023,,0.0,441.84431448029153,199.60106520444958,,unverified,0.5,state_ee3aa4a4103868158f05bd55,D:\VLE\paper_structure_worktree\dataset\binary_vle_english.xlsx,2c_94ed5d0a73a3c26e5ef5,272.000028877824,,0.046,0.954,,0.2875544014083978,0.7124455985916023,,0.292,0.708,
uniquac,2,mol_f29e20f49d416e54,mol_e81dc06beaa39499,,CCO,O,,True,isothermal,10.1016/j.fluid.2019.03.019,isothermal,0.9411764705882353,,1.334189987903906,1.3023203247692692,,1,False,393.0866576196805,,0.0,441.84431448029153,199.60106520444958,,unverified,0.5,state_fe02b94f82054040aceac973,D:\VLE\paper_structure_worktree\dataset\binary_vle_english.xlsx,2c_94ed5d0a73a3c26e5ef5,395.999963617792,,0.404,0.596,,0.6058707836111291,0.394129216388871,,0.587,0.41300000000000003,
uniquac,2,mol_d9e0a2387a6283f9,mol_48469952cf716332,,ClC(Cl)Cl,OCC(F)(F)C(F)F,,False,isobaric,10.1016/j.jct.2017.07.019,isobaric,0.95,shared_pair_or_uniquac_size_parameters_unavailable,,,,0,False,,,,,,,unverified,0.5,state_0072418df2c3c4c67ec33e46,D:\VLE\paper_structure_worktree\dataset\binary_vle_english.xlsx,2c_972bb6b6305c64cb2237,,377.03,0.00880000000000003,0.9912,,,,,0.17179999999999995,0.8282,
uniquac,2,mol_d9e0a2387a6283f9,mol_48469952cf716332,,ClC(Cl)Cl,OCC(F)(F)C(F)F,,False,isobaric,10.1016/j.jct.2017.07.019,isobaric,0.95,shared_pair_or_uniquac_size_parameters_unavailable,,,,0,False,,,,,,,unverified,0.5,state_8d2f6dfa6225900071c5635f,D:\VLE\paper_structure_worktree\dataset\binary_vle_english.xlsx,2c_972bb6b6305c64cb2237,,382.15,0.0,1.0,,,,,0.0,1.0,
uniquac,2,mol_d9e0a2387a6283f9,mol_48469952cf716332,,ClC(Cl)Cl,OCC(F)(F)C(F)F,,False,isobaric,10.1016/j.jct.2017.07.019,isobaric,0.95,shared_pair_or_uniquac_size_parameters_unavailable,,,,0,False,,,,,,,unverified,0.5,state_edb4da4ad0252cc80aae0a92,D:\VLE\paper_structure_worktree\dataset\binary_vle_english.xlsx,2c_972bb6b6305c64cb2237,,371.29999999999995,0.019499999999999962,0.9805,,,,,0.31799999999999995,0.682,
uniquac,2,mol_f29e20f49d416e54,mol_d9e0a2387a6283f9,,CCO,ClC(Cl)Cl,,False,isobaric,10.1016/j.fluid.2018.03.015,isobaric,0.9090909090909091,shared_pair_or_uniquac_size_parameters_unavailable,,,,0,False,,,,,,,unverified,0.5,state_4e42aaa9caeba693ce8be6b6,D:\VLE\paper_structure_worktree\dataset\binary_vle_english.xlsx,2c_97830bff71af0df3111e,,341.95,0.817,0.183,,,,,0.585,0.415,
uniquac,2,mol_f29e20f49d416e54,mol_d9e0a2387a6283f9,,CCO,ClC(Cl)Cl,,False,isobaric,10.1016/j.fluid.2018.03.015,isobaric,0.9090909090909091,shared_pair_or_uniquac_size_parameters_unavailable,,,,0,False,,,,,,,unverified,0.5,state_dbcb46f9707b8a273e4f2292,D:\VLE\paper_structure_worktree\dataset\binary_vle_english.xlsx,2c_97830bff71af0df3111e,,346.4,0.915,0.085,,,,,0.771,0.229,
uniquac,2,mol_0e763ba6787b2749,mol_fccff6221e62b4bc,,F/C=C/C(F)(F)F,FC(F)C(F)F,,False,isothermal,10.1016/j.jct.2012.12.026,isothermal,0.9166666666666666,shared_pair_or_uniquac_size_parameters_unavailable,,,,0,False,,,,,,,unverified,0.5,state_0e631755624e0dd867984d08,D:\VLE\paper_structure_worktree\dataset\binary_vle_english.xlsx,2c_98afb8e6c65a310db5e0,390.999974850688,,0.40900000000000003,0.591,,,,,0.40800000000000003,0.592,
uniquac,2,mol_0e763ba6787b2749,mol_fccff6221e62b4bc,,F/C=C/C(F)(F)F,FC(F)C(F)F,,False,isothermal,10.1016/j.jct.2012.12.026,isothermal,0.9166666666666666,shared_pair_or_uniquac_size_parameters_unavailable,,,,0,False,,,,,,,unverified,0.5,state_31d5a3cb89bbce6e3aede1cf,D:\VLE\paper_structure_worktree\dataset\binary_vle_english.xlsx,2c_98afb8e6c65a310db5e0,380.99999731648,,0.729,0.271,,,,,0.704,0.296,
uniquac,2,mol_0e763ba6787b2749,mol_fccff6221e62b4bc,,F/C=C/C(F)(F)F,FC(F)C(F)F,,False,isothermal,10.1016/j.jct.2012.12.026,isothermal,0.9166666666666666,shared_pair_or_uniquac_size_parameters_unavailable,,,,0,False,,,,,,,unverified,0.5,state_381692591e09f25499ec22ff,D:\VLE\paper_structure_worktree\dataset\binary_vle_english.xlsx,2c_98afb8e6c65a310db5e0,377.799993839744,,0.8009999999999999,0.199,,,,,0.779,0.221,
uniquac,2,mol_0e763ba6787b2749,mol_fccff6221e62b4bc,,F/C=C/C(F)(F)F,FC(F)C(F)F,,False,isothermal,10.1016/j.jct.2012.12.026,isothermal,0.9166666666666666,shared_pair_or_uniquac_size_parameters_unavailable,,,,0,False,,,,,,,unverified,0.5,state_41bc3d547536eeb3008e954b,D:\VLE\paper_structure_worktree\dataset\binary_vle_english.xlsx,2c_98afb8e6c65a310db5e0,386.49994496358397,,0.608,0.392,,,,,0.585,0.415,
uniquac,2,mol_0e763ba6787b2749,mol_fccff6221e62b4bc,,F/C=C/C(F)(F)F,FC(F)C(F)F,,False,isothermal,10.1016/j.jct.2012.12.026,isothermal,0.9166666666666666,shared_pair_or_uniquac_size_parameters_unavailable,,,,0,False,,,,,,,unverified,0.5,state_56352e079fbe969908f51d77,D:\VLE\paper_structure_worktree\dataset\binary_vle_english.xlsx,2c_98afb8e6c65a310db5e0,364.20004572479996,,1.0,0.0,,,,,1.0,0.0,
uniquac,2,mol_0e763ba6787b2749,mol_fccff6221e62b4bc,,F/C=C/C(F)(F)F,FC(F)C(F)F,,False,isothermal,10.1016/j.jct.2012.12.026,isothermal,0.9166666666666666,shared_pair_or_uniquac_size_parameters_unavailable,,,,0,False,,,,,,,unverified,0.5,state_929f992b1954a81af681b392,D:\VLE\paper_structure_worktree\dataset\binary_vle_english.xlsx,2c_98afb8e6c65a310db5e0,390.799991298688,,0.20699999999999996,0.793,,,,,0.21899999999999997,0.781,
uniquac,2,mol_0e763ba6787b2749,mol_fccff6221e62b4bc,,F/C=C/C(F)(F)F,FC(F)C(F)F,,False,isothermal,10.1016/j.jct.2012.12.026,isothermal,0.9166666666666666,shared_pair_or_uniquac_size_parameters_unavailable,,,,0,False,,,,,,,unverified,0.5,state_933e4d5f5862b675fcafcae1,D:\VLE\paper_structure_worktree\dataset\binary_vle_english.xlsx,2c_98afb8e6c65a310db5e0,388.099946701952,,0.11099999999999999,0.889,,,,,0.12,0.88,
uniquac,2,mol_0e763ba6787b2749,mol_fccff6221e62b4bc,,F/C=C/C(F)(F)F,FC(F)C(F)F,,False,isothermal,10.1016/j.jct.2012.12.026,isothermal,0.8461538461538461,shared_pair_or_uniquac_size_parameters_unavailable,,,,0,False,,,,,,,unverified,0.5,state_a4eb1869eeed28070aba6da2,D:\VLE\paper_structure_worktree\dataset\binary_vle_english.xlsx,2c_98afb8e6c65a310db5e0,391.500067053056,,0.32699999999999996,0.673,,,,,0.33099999999999996,0.669,
uniquac,2,mol_0e763ba6787b2749,mol_fccff6221e62b4bc,,F/C=C/C(F)(F)F,FC(F)C(F)F,,False,isothermal,10.1016/j.jct.2012.12.026,isothermal,0.9166666666666666,shared_pair_or_uniquac_size_parameters_unavailable,,,,0,False,,,,,,,unverified,0.5,state_abcb093ecce91939b233e4b7,D:\VLE\paper_structure_worktree\dataset\binary_vle_english.xlsx,2c_98afb8e6c65a310db5e0,389.79994021631995,,0.476,0.524,,,,,0.46799999999999997,0.532,
uniquac,2,mol_0e763ba6787b2749,mol_fccff6221e62b4bc,,F/C=C/C(F)(F)F,FC(F)C(F)F,,False,isothermal,10.1016/j.jct.2012.12.026,isothermal,0.9166666666666666,shared_pair_or_uniquac_size_parameters_unavailable,,,,0,False,,,,,,,unverified,0.5,state_bca23ffac8c7987e123cfcd8,D:\VLE\paper_structure_worktree\dataset\binary_vle_english.xlsx,2c_98afb8e6c65a310db5e0,382.899974382848,,0.0,1.0,,,,,0.0,1.0,
uniquac,2,mol_0e763ba6787b2749,mol_fccff6221e62b4bc,,F/C=C/C(F)(F)F,FC(F)C(F)F,,False,isothermal,10.1016/j.jct.2012.12.026,isothermal,0.8461538461538461,shared_pair_or_uniquac_size_parameters_unavailable,,,,0,False,,,,,,,unverified,0.5,state_dd2cc9ca6c6913098eca4ca1,D:\VLE\paper_structure_worktree\dataset\binary_vle_english.xlsx,2c_98afb8e6c65a310db5e0,391.500067053056,,0.31699999999999995,0.683,,,,,0.32299999999999995,0.677,
uniquac,2,mol_f50e4145cb9a22d5,mol_d291b272a64498d9,,CN1CCCC1=O,COCCO,,True,isobaric,10.1016/j.fluid.2012.08.030,isobaric,0.9375,,1.0,1.1458175134253301,,258,False,,473.85984168443804,2.1998403099132702e-11,95.30002854773399,743.7286754931365,,unverified,0.5,state_1c4d881b980eebb7fd91afe0,D:\VLE\paper_structure_worktree\dataset\binary_vle_english.xlsx,2c_9d8840ec979d73d48a37,,474.01,1.0,0.0,,1.0,0.0,,1.0,0.0,
uniquac,2,mol_f50e4145cb9a22d5,mol_d291b272a64498d9,,CN1CCCC1=O,COCCO,,True,isobaric,10.1016/j.fluid.2012.08.030,isobaric,0.9375,,1.0000162089566553,1.1432148366713857,,258,False,,471.0634908812538,3.387867764104158e-11,86.74808757341972,699.1634828596327,,unverified,0.5,state_83e8df440dc487b3f5d8dc34,D:\VLE\paper_structure_worktree\dataset\binary_vle_english.xlsx,2c_9d8840ec979d73d48a37,,470.71,0.988,0.01200000000000001,,0.8993543973854923,0.10064560261450775,,0.897,0.10299999999999998,
uniquac,2,mol_e7658ba520613aac,mol_48469952cf716332,,Cc1ccc(C)cc1,OCC(F)(F)C(F)F,,False,isobaric,10.1016/j.jct.2017.07.019,isobaric,0.95,shared_pair_or_uniquac_size_parameters_unavailable,,,,0,False,,,,,,,unverified,0.5,state_03b9c5e37b0801df4c4e0545,D:\VLE\paper_structure_worktree\dataset\binary_vle_english.xlsx,2c_9f31aad1f9974e54ecb0,,406.87,0.9788,0.0212,,,,,0.8598,0.1402,
uniquac,2,mol_e7658ba520613aac,mol_48469952cf716332,,Cc1ccc(C)cc1,OCC(F)(F)C(F)F,,False,isobaric,10.1016/j.jct.2017.07.019,isobaric,0.95,shared_pair_or_uniquac_size_parameters_unavailable,,,,0,False,,,,,,,unverified,0.5,state_235e4abfd72da9c96e3af536,D:\VLE\paper_structure_worktree\dataset\binary_vle_english.xlsx,2c_9f31aad1f9974e54ecb0,,411.45,1.0,0.0,,,,,1.0,0.0,
uniquac,2,mol_e7658ba520613aac,mol_48469952cf716332,,Cc1ccc(C)cc1,OCC(F)(F)C(F)F,,False,isobaric,10.1016/j.jct.2017.07.019,isobaric,0.95,shared_pair_or_uniquac_size_parameters_unavailable,,,,0,False,,,,,,,unverified,0.5,state_4f746e5cb4faa04473ef94e7,D:\VLE\paper_structure_worktree\dataset\binary_vle_english.xlsx,2c_9f31aad1f9974e54ecb0,,404.54999999999995,0.9675,0.0325,,,,,0.8013,0.1987,
uniquac,2,mol_4cfc5db0ca2ab00b,mol_d291b272a64498d9,,CCC(C)=O,COCCO,,False,isobaric,10.1016/j.jct.2015.03.013,isobaric,0.9090909090909091,shared_pair_or_uniquac_size_parameters_unavailable,,,,0,False,,,,,,,unverified,0.5,state_767e0aec432373151fefcb10,D:\VLE\paper_structure_worktree\dataset\binary_vle_english.xlsx,2c_9f331b7867f625e21322,,401.0,0.0477,0.9523,,,,,0.2351,0.7649,
uniquac,2,mol_4cfc5db0ca2ab00b,mol_d291b272a64498d9,,CCC(C)=O,COCCO,,False,isobaric,10.1016/j.jct.2015.03.013,isobaric,0.9090909090909091,shared_pair_or_uniquac_size_parameters_unavailable,,,,0,False,,,,,,,unverified,0.5,state_879e781c81e21192c946e6fa,D:\VLE\paper_structure_worktree\dataset\binary_vle_english.xlsx,2c_9f331b7867f625e21322,,402.7,0.0332,0.9668,,,,,0.1687,0.8313,
uniquac,2,mol_4cfc5db0ca2ab00b,mol_d291b272a64498d9,,CCC(C)=O,COCCO,,False,isobaric,10.1016/j.jct.2015.03.013,isobaric,0.9090909090909091,shared_pair_or_uniquac_size_parameters_unavailable,,,,0,False,,,,,,,unverified,0.5,state_a7f7c00ef8144b0a347522f1,D:\VLE\paper_structure_worktree\dataset\binary_vle_english.xlsx,2c_9f331b7867f625e21322,,391.5,0.0489,0.9511000000000001,,,,,0.2088,0.7912,
uniquac,2,mol_4cfc5db0ca2ab00b,mol_d291b272a64498d9,,CCC(C)=O,COCCO,,False,isobaric,10.1016/j.jct.2015.03.013,isobaric,0.9090909090909091,shared_pair_or_uniquac_size_parameters_unavailable,,,,0,False,,,,,,,unverified,0.5,state_c709c6ec2bb34bae7b03c56a,D:\VLE\paper_structure_worktree\dataset\binary_vle_english.xlsx,2c_9f331b7867f625e21322,,391.7,0.1661,0.8339,,,,,0.5256,0.47440000000000004,
uniquac,2,mol_b8ccf255e2b62919,mol_06affb0d2c6c8ff2,,CC(=O)N(C)C,CCC(C)O,,True,isobaric,10.1016/j.fluid.2015.03.013,isobaric,0.9666666666666667,,0.9929278468028859,0.11208685911532566,,258,False,,446.40573999728497,-1.3358203432289883e-12,101.29993507481598,1070.1158331143351,,unverified,0.5,state_14771c2d55b3cc503d2a8725,D:\VLE\paper_structure_worktree\dataset\binary_vle_english.xlsx,2c_a1a215858c9235f0cf6a,,435.15,0.963,0.037,,0.9561895164711915,0.04381048352880848,,0.857,0.143,
uniquac,2,mol_b8ccf255e2b62919,mol_06affb0d2c6c8ff2,,CC(=O)N(C)C,CCC(C)O,,True,isobaric,10.1016/j.fluid.2015.03.013,isobaric,0.9666666666666667,,0.9717090500311873,0.1484102364991776,,258,False,,440.695948205026,5.258016244624741e-13,101.29993507481598,917.3416944583116,,unverified,0.5,state_474e6294de4089a43d0edbae,D:\VLE\paper_structure_worktree\dataset\binary_vle_english.xlsx,2c_a1a215858c9235f0cf6a,,430.81999999999994,0.924,0.076,,0.8978591622288122,0.10214083777118778,,0.733,0.267,
uniquac,2,mol_b8ccf255e2b62919,mol_06affb0d2c6c8ff2,,CC(=O)N(C)C,CCC(C)O,,True,isobaric,10.1016/j.fluid.2015.03.013,isobaric,0.9666666666666667,,0.9980924500017793,0.09721378177972002,,258,False,,448.9486383294263,9.237055564881302e-13,101.29993507481598,1144.6622612551942,,unverified,0.5,state_a01f561cd5623f0d0b3be6be,D:\VLE\paper_structure_worktree\dataset\binary_vle_english.xlsx,2c_a1a215858c9235f0cf6a,,436.9,0.981,0.019,,0.9791286934517363,0.020871306548263784,,0.924,0.076,
uniquac,2,mol_b8ccf255e2b62919,mol_06affb0d2c6c8ff2,,CC(=O)N(C)C,CCC(C)O,,True,isobaric,10.1016/j.fluid.2015.03.013,isobaric,0.9666666666666667,,0.9863046740067031,0.12539054964238838,,258,False,,444.2300602813951,1.4210854715202004e-14,101.29993507481598,1009.5827095742894,,unverified,0.5,state_b8a32196a26c9f06a45d1148,D:\VLE\paper_structure_worktree\dataset\binary_vle_english.xlsx,2c_a1a215858c9235f0cf6a,,433.34999999999997,0.948,0.052,,0.935016830958354,0.06498316904164604,,0.8069999999999999,0.193,
uniquac,2,mol_b9c4464ceb7b1e3f,mol_7d3e12eaed0f467c,,COC(C)=O,CS(C)=O,,False,isobaric,10.1016/j.fluid.2015.08.014,isobaric,0.9444444444444444,shared_pair_or_uniquac_size_parameters_unavailable,,,,0,False,,,,,,,unverified,0.5,state_2c555b6732f691aa0d26af6b,D:\VLE\paper_structure_worktree\dataset\binary_vle_english.xlsx,2c_a4ea92aaad2e5eb91802,,441.58,0.017,0.983,,,,,0.46,0.54,
uniquac,2,mol_b9c4464ceb7b1e3f,mol_7d3e12eaed0f467c,,COC(C)=O,CS(C)=O,,False,isobaric,10.1016/j.fluid.2015.08.014,isobaric,0.9444444444444444,shared_pair_or_uniquac_size_parameters_unavailable,,,,0,False,,,,,,,unverified,0.5,state_5f69a3c05a38ac6803a1e85e,D:\VLE\paper_structure_worktree\dataset\binary_vle_english.xlsx,2c_a4ea92aaad2e5eb91802,,437.11,0.021,0.979,,,,,0.526,0.474,
uniquac,2,mol_b9c4464ceb7b1e3f,mol_7d3e12eaed0f467c,,COC(C)=O,CS(C)=O,,False,isobaric,10.1016/j.fluid.2015.08.014,isobaric,0.9444444444444444,shared_pair_or_uniquac_size_parameters_unavailable,,,,0,False,,,,,,,unverified,0.5,state_e89a8196ff01f5053952d293,D:\VLE\paper_structure_worktree\dataset\binary_vle_english.xlsx,2c_a4ea92aaad2e5eb91802,,434.34999999999997,0.024,0.976,,,,,0.562,0.43799999999999994,
uniquac,2,mol_f7989a5c13417f20,mol_09f0d60d139abab5,,CCCCCl,O=C1CCCCC1,,False,isothermal,10.1016/j.jct.2009.04.006,isothermal,0.9285714285714286,shared_pair_or_uniquac_size_parameters_unavailable,,,,0,False,,,,,,,unverified,0.5,state_0136ff04d5a7012c92b7ab4b,D:\VLE\paper_structure_worktree\dataset\binary_vle_english.xlsx,2c_a948b12e7b27db3902e0,30.260044542592,,0.955,0.04500000000000004,,,,,0.996,0.0040000000000000036,
uniquac,2,mol_f7989a5c13417f20,mol_09f0d60d139abab5,,CCCCCl,O=C1CCCCC1,,False,isothermal,10.1016/j.jct.2009.04.006,isothermal,0.9285714285714286,shared_pair_or_uniquac_size_parameters_unavailable,,,,0,False,,,,,,,unverified,0.5,state_0454fcd8a48bfe0931e774a4,D:\VLE\paper_structure_worktree\dataset\binary_vle_english.xlsx,2c_a948b12e7b27db3902e0,15.46006179328,,0.431,0.569,,,,,0.927,0.07299999999999995,
uniquac,2,mol_f7989a5c13417f20,mol_09f0d60d139abab5,,CCCCCl,O=C1CCCCC1,,False,isothermal,10.1016/j.jct.2009.04.006,isothermal,0.9285714285714286,shared_pair_or_uniquac_size_parameters_unavailable,,,,0,False,,,,,,,unverified,0.5,state_105fbee0ee45eb2062f572dc,D:\VLE\paper_structure_worktree\dataset\binary_vle_english.xlsx,2c_a948b12e7b27db3902e0,9.769996449408001,,0.242,0.758,,,,,0.848,0.15200000000000002,
uniquac,2,mol_f7989a5c13417f20,mol_09f0d60d139abab5,,CCCCCl,O=C1CCCCC1,,False,isothermal,10.1016/j.jct.2009.04.006,isothermal,0.9285714285714286,shared_pair_or_uniquac_size_parameters_unavailable,,,,0,False,,,,,,,unverified,0.5,state_1f13df19230d93b083e6dcbb,D:\VLE\paper_structure_worktree\dataset\binary_vle_english.xlsx,2c_a948b12e7b27db3902e0,28.300072410624,,0.88,0.12,,,,,0.99,0.010000000000000009,
uniquac,2,mol_f7989a5c13417f20,mol_09f0d60d139abab5,,CCCCCl,O=C1CCCCC1,,False,isothermal,10.1016/j.jct.2009.04.006,isothermal,0.9285714285714286,shared_pair_or_uniquac_size_parameters_unavailable,,,,0,False,,,,,,,unverified,0.5,state_3706978f198a82a7ca168fe4,D:\VLE\paper_structure_worktree\dataset\binary_vle_english.xlsx,2c_a948b12e7b27db3902e0,25.490036860288,,0.78,0.21999999999999997,,,,,0.981,0.019000000000000017,
uniquac,2,mol_f7989a5c13417f20,mol_09f0d60d139abab5,,CCCCCl,O=C1CCCCC1,,False,isothermal,10.1016/j.jct.2009.04.006,isothermal,0.9285714285714286,shared_pair_or_uniquac_size_parameters_unavailable,,,,0,False,,,,,,,unverified,0.5,state_80dfbc68bcbb99dd01273f6d,D:\VLE\paper_structure_worktree\dataset\binary_vle_english.xlsx,2c_a948b12e7b27db3902e0,4.2200529143039995,,0.069,0.931,,,,,0.569,0.43100000000000005,
uniquac,2,mol_f7989a5c13417f20,mol_09f0d60d139abab5,,CCCCCl,O=C1CCCCC1,,False,isothermal,10.1016/j.jct.2009.04.006,isothermal,0.9285714285714286,shared_pair_or_uniquac_size_parameters_unavailable,,,,0,False,,,,,,,unverified,0.5,state_a02ce824b93ec6bfb0cdee7b,D:\VLE\paper_structure_worktree\dataset\binary_vle_english.xlsx,2c_a948b12e7b27db3902e0,21.000006150784,,0.619,0.381,,,,,0.962,0.038000000000000034,
uniquac,2,mol_f7989a5c13417f20,mol_09f0d60d139abab5,,CCCCCl,O=C1CCCCC1,,False,isothermal,10.1016/j.jct.2009.04.006,isothermal,0.9285714285714286,shared_pair_or_uniquac_size_parameters_unavailable,,,,0,False,,,,,,,unverified,0.5,state_b34cb106891062914410de8b,D:\VLE\paper_structure_worktree\dataset\binary_vle_english.xlsx,2c_a948b12e7b27db3902e0,7.27006872704,,0.157,0.843,,,,,0.768,0.23199999999999998,
uniquac,2,mol_f7989a5c13417f20,mol_09f0d60d139abab5,,CCCCCl,O=C1CCCCC1,,False,isothermal,10.1016/j.jct.2009.04.006,isothermal,0.9285714285714286,shared_pair_or_uniquac_size_parameters_unavailable,,,,0,False,,,,,,,unverified,0.5,state_ba968998063a5420774240cc,D:\VLE\paper_structure_worktree\dataset\binary_vle_english.xlsx,2c_a948b12e7b27db3902e0,31.459945854592,,1.0,0.0,,,,,1.0,0.0,
uniquac,2,mol_f7989a5c13417f20,mol_09f0d60d139abab5,,CCCCCl,O=C1CCCCC1,,False,isothermal,10.1016/j.jct.2009.04.006,isothermal,0.9285714285714286,shared_pair_or_uniquac_size_parameters_unavailable,,,,0,False,,,,,,,unverified,0.5,state_cf420f5e996495f443579b7d,D:\VLE\paper_structure_worktree\dataset\binary_vle_english.xlsx,2c_a948b12e7b27db3902e0,12.420045158144,,0.338,0.6619999999999999,,,,,0.899,0.10099999999999998,
uniquac,2,mol_f7989a5c13417f20,mol_09f0d60d139abab5,,CCCCCl,O=C1CCCCC1,,False,isothermal,10.1016/j.jct.2009.04.006,isothermal,0.9285714285714286,shared_pair_or_uniquac_size_parameters_unavailable,,,,0,False,,,,,,,unverified,0.5,state_e1e9e5f5fe3075f012db3aba,D:\VLE\paper_structure_worktree\dataset\binary_vle_english.xlsx,2c_a948b12e7b27db3902e0,23.299950321152,,0.707,0.29300000000000004,,,,,0.973,0.027000000000000024,
uniquac,2,mol_f7989a5c13417f20,mol_09f0d60d139abab5,,CCCCCl,O=C1CCCCC1,,False,isothermal,10.1016/j.jct.2009.04.006,isothermal,0.9285714285714286,shared_pair_or_uniquac_size_parameters_unavailable,,,,0,False,,,,,,,unverified,0.5,state_ea215c0101528e9120f9c038,D:\VLE\paper_structure_worktree\dataset\binary_vle_english.xlsx,2c_a948b12e7b27db3902e0,1.9199754215679998,,0.0,1.0,,,,,0.0,1.0,
uniquac,2,mol_f7989a5c13417f20,mol_09f0d60d139abab5,,CCCCCl,O=C1CCCCC1,,False,isothermal,10.1016/j.jct.2009.04.006,isothermal,0.9285714285714286,shared_pair_or_uniquac_size_parameters_unavailable,,,,0,False,,,,,,,unverified,0.5,state_ff5f5ac799ee6a9b55a13abe,D:\VLE\paper_structure_worktree\dataset\binary_vle_english.xlsx,2c_a948b12e7b27db3902e0,18.099978002047997,,0.519,0.481,,,,,0.946,0.05400000000000005,
uniquac,2,mol_0a895444a9f0f36b,mol_57615b5c3546c298,,CC(=O)CC(C)C,CC(C)CC(C)(C)C,,False,isothermal,10.1016/j.fluid.2011.05.011,isothermal,0.9411764705882353,shared_pair_or_uniquac_size_parameters_unavailable,,,,0,False,,,,,,,unverified,0.5,state_0796d7ec9dd00e385cf8c7dc,D:\VLE\paper_structure_worktree\dataset\binary_vle_english.xlsx,2c_ab90a05e58432c71abba,80.12994290483199,,0.35250000000000004,0.6475,,,,,0.2822,0.7178,
uniquac,2,mol_0a895444a9f0f36b,mol_57615b5c3546c298,,CC(=O)CC(C)C,CC(C)CC(C)(C)C,,False,isothermal,10.1016/j.fluid.2011.05.011,isothermal,0.9411764705882353,shared_pair_or_uniquac_size_parameters_unavailable,,,,0,False,,,,,,,unverified,0.5,state_33008ee535d98cdb9adac304,D:\VLE\paper_structure_worktree\dataset\binary_vle_english.xlsx,2c_ab90a05e58432c71abba,46.640030675072,,1.0,0.0,,,,,1.0,0.0,
uniquac,2,mol_0a895444a9f0f36b,mol_57615b5c3546c298,,CC(=O)CC(C)C,CC(C)CC(C)(C)C,,False,isothermal,10.1016/j.fluid.2011.05.011,isothermal,0.9411764705882353,shared_pair_or_uniquac_size_parameters_unavailable,,,,0,False,,,,,,,unverified,0.5,state_52c8f3f430de88c1a97222f9,D:\VLE\paper_structure_worktree\dataset\binary_vle_english.xlsx,2c_ab90a05e58432c71abba,75.310072656896,,0.5555,0.4445,,,,,0.40369999999999995,0.5963,
uniquac,2,mol_0a895444a9f0f36b,mol_57615b5c3546c298,,CC(=O)CC(C)C,CC(C)CC(C)(C)C,,False,isothermal,10.1016/j.fluid.2011.05.011,isothermal,0.9411764705882353,shared_pair_or_uniquac_size_parameters_unavailable,,,,0,False,,,,,,,unverified,0.5,state_5deec816787bf9e64f0d1ce9,D:\VLE\paper_structure_worktree\dataset\binary_vle_english.xlsx,2c_ab90a05e58432c71abba,61.250029049984,,0.8438,0.1562,,,,,0.6567000000000001,0.3433,
uniquac,2,mol_0a895444a9f0f36b,mol_57615b5c3546c298,,CC(=O)CC(C)C,CC(C)CC(C)(C)C,,False,isothermal,10.1016/j.fluid.2011.05.011,isothermal,0.9411764705882353,shared_pair_or_uniquac_size_parameters_unavailable,,,,0,False,,,,,,,unverified,0.5,state_7580b6a4e79eb98be8fca4fa,D:\VLE\paper_structure_worktree\dataset\binary_vle_english.xlsx,2c_ab90a05e58432c71abba,66.939961071488,,0.7497,0.2503,,,,,0.5515,0.4485,
uniquac,2,mol_0a895444a9f0f36b,mol_57615b5c3546c298,,CC(=O)CC(C)C,CC(C)CC(C)(C)C,,False,isothermal,10.1016/j.fluid.2011.05.011,isothermal,0.9411764705882353,shared_pair_or_uniquac_size_parameters_unavailable,,,,0,False,,,,,,,unverified,0.5,state_8eb888264ec3653cd34d01b9,D:\VLE\paper_structure_worktree\dataset\binary_vle_english.xlsx,2c_ab90a05e58432c71abba,71.479987668992,,0.6579999999999999,0.342,,,,,0.47140000000000004,0.5286,
uniquac,2,mol_0a895444a9f0f36b,mol_57615b5c3546c298,,CC(=O)CC(C)C,CC(C)CC(C)(C)C,,False,isothermal,10.1016/j.fluid.2011.05.011,isothermal,0.9411764705882353,shared_pair_or_uniquac_size_parameters_unavailable,,,,0,False,,,,,,,unverified,0.5,state_959bfccbc75e85ac17334646,D:\VLE\paper_structure_worktree\dataset\binary_vle_english.xlsx,2c_ab90a05e58432c71abba,80.029951128832,,0.0,1.0,,,,,0.0,1.0,
uniquac,2,mol_0a895444a9f0f36b,mol_57615b5c3546c298,,CC(=O)CC(C)C,CC(C)CC(C)(C)C,,False,isothermal,10.1016/j.fluid.2011.05.011,isothermal,0.9411764705882353,shared_pair_or_uniquac_size_parameters_unavailable,,,,0,False,,,,,,,unverified,0.5,state_9ebaf7d084f0285810c28034,D:\VLE\paper_structure_worktree\dataset\binary_vle_english.xlsx,2c_ab90a05e58432c71abba,47.329973929472004,,0.994,0.006,,,,,0.9797,0.0203,
uniquac,2,mol_0a895444a9f0f36b,mol_57615b5c3546c298,,CC(=O)CC(C)C,CC(C)CC(C)(C)C,,False,isothermal,10.1016/j.fluid.2011.05.011,isothermal,0.9411764705882353,shared_pair_or_uniquac_size_parameters_unavailable,,,,0,False,,,,,,,unverified,0.5,state_a5691e30be7db0470e580530,D:\VLE\paper_structure_worktree\dataset\binary_vle_english.xlsx,2c_ab90a05e58432c71abba,81.5499594464,,0.07869999999999999,0.9213,,,,,0.0887,0.9113,
uniquac,2,mol_0a895444a9f0f36b,mol_57615b5c3546c298,,CC(=O)CC(C)C,CC(C)CC(C)(C)C,,False,isothermal,10.1016/j.fluid.2011.05.011,isothermal,0.9411764705882353,shared_pair_or_uniquac_size_parameters_unavailable,,,,0,False,,,,,,,unverified,0.5,state_cac587846bda48a589e126e1,D:\VLE\paper_structure_worktree\dataset\binary_vle_english.xlsx,2c_ab90a05e58432c71abba,53.000040918144,,0.9411,0.0589,,,,,0.835,0.165,
uniquac,2,mol_0a895444a9f0f36b,mol_57615b5c3546c298,,CC(=O)CC(C)C,CC(C)CC(C)(C)C,,False,isothermal,10.1016/j.fluid.2011.05.011,isothermal,0.9411764705882353,shared_pair_or_uniquac_size_parameters_unavailable,,,,0,False,,,,,,,unverified,0.5,state_cc4c4258d914267290cbaac6,D:\VLE\paper_structure_worktree\dataset\binary_vle_english.xlsx,2c_ab90a05e58432c71abba,81.850068096768,,0.18020000000000003,0.8198,,,,,0.17300000000000004,0.827,
uniquac,2,mol_0a895444a9f0f36b,mol_57615b5c3546c298,,CC(=O)CC(C)C,CC(C)CC(C)(C)C,,False,isothermal,10.1016/j.fluid.2011.05.011,isothermal,0.9411764705882353,shared_pair_or_uniquac_size_parameters_unavailable,,,,0,False,,,,,,,unverified,0.5,state_d3d88a7fe35df1a5c5c62804,D:\VLE\paper_structure_worktree\dataset\binary_vle_english.xlsx,2c_ab90a05e58432c71abba,81.830069741568,,0.131,0.869,,,,,0.13529999999999998,0.8647,
uniquac,2,mol_0a895444a9f0f36b,mol_57615b5c3546c298,,CC(=O)CC(C)C,CC(C)CC(C)(C)C,,False,isothermal,10.1016/j.fluid.2011.05.011,isothermal,0.9411764705882353,shared_pair_or_uniquac_size_parameters_unavailable,,,,0,False,,,,,,,unverified,0.5,state_e9a919e9c5fa427b889bf9d6,D:\VLE\paper_structure_worktree\dataset\binary_vle_english.xlsx,2c_ab90a05e58432c71abba,56.51001890048,,0.904,0.096,,,,,0.7556,0.2444,
uniquac,2,mol_0a895444a9f0f36b,mol_57615b5c3546c298,,CC(=O)CC(C)C,CC(C)CC(C)(C)C,,False,isothermal,10.1016/j.fluid.2011.05.011,isothermal,0.9411764705882353,shared_pair_or_uniquac_size_parameters_unavailable,,,,0,False,,,,,,,unverified,0.5,state_ec6378b96868a056912bb43a,D:\VLE\paper_structure_worktree\dataset\binary_vle_english.xlsx,2c_ab90a05e58432c71abba,49.13995839744,,0.9783,0.0217,,,,,0.9323,0.0677,
uniquac,2,mol_0a895444a9f0f36b,mol_57615b5c3546c298,,CC(=O)CC(C)C,CC(C)CC(C)(C)C,,False,isothermal,10.1016/j.fluid.2011.05.011,isothermal,0.9411764705882353,shared_pair_or_uniquac_size_parameters_unavailable,,,,0,False,,,,,,,unverified,0.5,state_f709ab8a1c7c89de09feee9e,D:\VLE\paper_structure_worktree\dataset\binary_vle_english.xlsx,2c_ab90a05e58432c71abba,81.4399684928,,0.24250000000000005,0.7575,,,,,0.21550000000000002,0.7845,
uniquac,2,mol_0a895444a9f0f36b,mol_57615b5c3546c298,,CC(=O)CC(C)C,CC(C)CC(C)(C)C,,False,isothermal,10.1016/j.fluid.2011.05.011,isothermal,0.9411764705882353,shared_pair_or_uniquac_size_parameters_unavailable,,,,0,False,,,,,,,unverified,0.5,state_fa2febe8299950826cc8e254,D:\VLE\paper_structure_worktree\dataset\binary_vle_english.xlsx,2c_ab90a05e58432c71abba,78.429949390464,,0.44010000000000005,0.5599,,,,,0.3335,0.6665,
uniquac,2,mol_0a895444a9f0f36b,mol_cfdccd30b0689448,,CC(=O)CC(C)C,O=Cc1ccco1,,False,isothermal,10.1016/j.fluid.2014.03.033,isothermal,0.8,shared_pair_or_uniquac_size_parameters_unavailable,,,,0,False,,,,,,,passed,1.0,state_2c78091c979bc8d02065db63,D:\VLE\paper_structure_worktree\dataset\binary_vle_english.xlsx,2c_ac155ac6c9df3bfcf363,16.10000915968,,0.4859,0.5141,,,,,0.844,0.156,
uniquac,2,mol_0a895444a9f0f36b,mol_cfdccd30b0689448,,CC(=O)CC(C)C,O=Cc1ccco1,,False,isothermal,10.1016/j.fluid.2014.03.033,full_state,0.0,shared_pair_or_uniquac_size_parameters_unavailable,,,,0,False,,,,,,,passed,1.0,state_3ca71fd982d59eaa647a2da9,D:\VLE\paper_structure_worktree\dataset\binary_vle_english.xlsx,2c_ac155ac6c9df3bfcf363,9.899985758208,,0.18589999999999995,0.8141,,,,,0.643,0.357,
uniquac,2,mol_0a895444a9f0f36b,mol_cfdccd30b0689448,,CC(=O)CC(C)C,O=Cc1ccco1,,False,isobaric,10.1016/j.fluid.2014.03.033,full_state,0.0,shared_pair_or_uniquac_size_parameters_unavailable,,,,0,False,,,,,,,passed,1.0,state_3ca71fd982d59eaa647a2da9,D:\VLE\paper_structure_worktree\dataset\binary_vle_english.xlsx,2c_ac155ac6c9df3bfcf363,,345.82,0.18589999999999995,0.8141,,,,,0.643,0.357,
uniquac,2,mol_0a895444a9f0f36b,mol_cfdccd30b0689448,,CC(=O)CC(C)C,O=Cc1ccco1,,False,isothermal,10.1016/j.fluid.2014.03.033,isothermal,0.8,shared_pair_or_uniquac_size_parameters_unavailable,,,,0,False,,,,,,,passed,1.0,state_40119a76190428f747dd5f40,D:\VLE\paper_structure_worktree\dataset\binary_vle_english.xlsx,2c_ac155ac6c9df3bfcf363,14.200032093312,,0.3861,0.6139,,,,,0.8,0.2,
uniquac,2,mol_0a895444a9f0f36b,mol_cfdccd30b0689448,,CC(=O)CC(C)C,O=Cc1ccco1,,False,isothermal,10.1016/j.fluid.2014.03.033,isothermal,0.8,shared_pair_or_uniquac_size_parameters_unavailable,,,,0,False,,,,,,,passed,1.0,state_d573e9d43320e7a9d9a9e3d6,D:\VLE\paper_structure_worktree\dataset\binary_vle_english.xlsx,2c_ac155ac6c9df3bfcf363,12.200063250944,,0.28800000000000003,0.712,,,,,0.739,0.261,
uniquac,2,mol_0a895444a9f0f36b,mol_cfdccd30b0689448,,CC(=O)CC(C)C,O=Cc1ccco1,,False,isothermal,10.1016/j.fluid.2014.03.033,isothermal,0.8,shared_pair_or_uniquac_size_parameters_unavailable,,,,0,False,,,,,,,passed,1.0,state_ed2ef2889e4fc06ee5fc4ac1,D:\VLE\paper_structure_worktree\dataset\binary_vle_english.xlsx,2c_ac155ac6c9df3bfcf363,7.70003336384,,0.10299999999999998,0.897,,,,,0.506,0.494,
uniquac,2,mol_5fb2f93dc8caa9dc,mol_67043ae833ecd0c7,,CCCO,CCCOC(C)=O,,False,isobaric,10.1016/j.fluid.2017.05.012,isobaric,0.9444444444444444,shared_pair_or_uniquac_size_parameters_unavailable,,,,0,False,,,,,,,unverified,0.5,state_1a52ccc3e12d7c0145cb1531,D:\VLE\paper_structure_worktree\dataset\binary_vle_english.xlsx,2c_acf6c70dfacb27974826,,371.2,0.1322,0.8678,,,,,0.2055,0.7945,
uniquac,2,mol_5fb2f93dc8caa9dc,mol_67043ae833ecd0c7,,CCCO,CCCOC(C)=O,,False,isobaric,10.1016/j.fluid.2017.05.012,isobaric,0.9444444444444444,shared_pair_or_uniquac_size_parameters_unavailable,,,,0,False,,,,,,,unverified,0.5,state_36f4a4fb92b2b52dfd6c832b,D:\VLE\paper_structure_worktree\dataset\binary_vle_english.xlsx,2c_acf6c70dfacb27974826,,374.79999999999995,0.0,1.0,,,,,0.0,1.0,
uniquac,2,mol_5fb2f93dc8caa9dc,mol_67043ae833ecd0c7,,CCCO,CCCOC(C)=O,,False,isobaric,10.1016/j.fluid.2017.05.012,isobaric,0.9444444444444444,shared_pair_or_uniquac_size_parameters_unavailable,,,,0,False,,,,,,,unverified,0.5,state_3bb286cb16fe35c25c505f7d,D:\VLE\paper_structure_worktree\dataset\binary_vle_english.xlsx,2c_acf6c70dfacb27974826,,369.4,0.2688,0.7312000000000001,,,,,0.3657,0.6343,
uniquac,2,mol_5fb2f93dc8caa9dc,mol_67043ae833ecd0c7,,CCCO,CCCOC(C)=O,,False,isobaric,10.1016/j.fluid.2017.05.012,isobaric,0.8947368421052632,shared_pair_or_uniquac_size_parameters_unavailable,,,,0,False,,,,,,,unverified,0.5,state_3eff370631673346c075c2ea,D:\VLE\paper_structure_worktree\dataset\binary_vle_english.xlsx,2c_acf6c70dfacb27974826,,370.2,0.1941,0.8059000000000001,,,,,0.2716,0.7283999999999999,
uniquac,2,mol_5fb2f93dc8caa9dc,mol_67043ae833ecd0c7,,CCCO,CCCOC(C)=O,,False,isobaric,10.1016/j.fluid.2017.05.012,isobaric,0.8947368421052632,shared_pair_or_uniquac_size_parameters_unavailable,,,,0,False,,,,,,,unverified,0.5,state_a428a4792ff7ca2776e14613,D:\VLE\paper_structure_worktree\dataset\binary_vle_english.xlsx,2c_acf6c70dfacb27974826,,370.2,1.0,0.0,,,,,1.0,0.0,
uniquac,2,mol_5fb2f93dc8caa9dc,mol_67043ae833ecd0c7,,CCCO,CCCOC(C)=O,,False,isobaric,10.1016/j.fluid.2017.05.012,isobaric,0.9444444444444444,shared_pair_or_uniquac_size_parameters_unavailable,,,,0,False,,,,,,,unverified,0.5,state_a537c624dc2c26b70f02f08c,D:\VLE\paper_structure_worktree\dataset\binary_vle_english.xlsx,2c_acf6c70dfacb27974826,,369.29999999999995,0.9136,0.08640000000000003,,,,,0.8828,0.11719999999999997,
uniquac,2,mol_5fb2f93dc8caa9dc,mol_67043ae833ecd0c7,,CCCO,CCCOC(C)=O,,False,isobaric,10.1016/j.fluid.2017.05.012,isobaric,0.9444444444444444,shared_pair_or_uniquac_size_parameters_unavailable,,,,0,False,,,,,,,unverified,0.5,state_c4033032f564008ef07b7ae7,D:\VLE\paper_structure_worktree\dataset\binary_vle_english.xlsx,2c_acf6c70dfacb27974826,,373.2,0.0673,0.9327,,,,,0.1181,0.8819,
uniquac,2,mol_91b5da48af8329ea,mol_e7658ba520613aac,,CCCCCCCCCC,Cc1ccc(C)cc1,,False,isobaric,10.1016/j.fluid.2012.09.019,isobaric,0.9285714285714286,shared_pair_or_uniquac_size_parameters_unavailable,,,,0,False,,,,,,,passed,1.0,state_92c525e456d5ce3d140ad992,D:\VLE\paper_structure_worktree\dataset\binary_vle_english.xlsx,2c_b0bc67c353a1662f4845,,393.12,1.0,0.0,,,,,1.0,0.0,
uniquac,2,mol_91b5da48af8329ea,mol_e7658ba520613aac,,CCCCCCCCCC,Cc1ccc(C)cc1,,False,isobaric,10.1016/j.fluid.2012.09.019,isobaric,0.9285714285714286,shared_pair_or_uniquac_size_parameters_unavailable,,,,0,False,,,,,,,passed,1.0,state_dd076cb3dcf07899ce07a052,D:\VLE\paper_structure_worktree\dataset\binary_vle_english.xlsx,2c_b0bc67c353a1662f4845,,389.30999999999995,0.929,0.07099999999999995,,,,,0.8,0.19999999999999996,
uniquac,2,mol_d291b272a64498d9,mol_e81dc06beaa39499,,COCCO,O,,True,isobaric,10.1016/j.jct.2015.03.013,isobaric,0.8888888888888888,,1.0031998207044792,1.3269503635410604,,258,False,,396.28481609534435,3.149125404888764e-11,96.93234987548612,220.70557658048241,,unverified,0.5,state_0dab05cf869d46e8b6901950,D:\VLE\paper_structure_worktree\dataset\binary_vle_english.xlsx,2c_b11dff0fda4f01349610,,395.59999999999997,0.8121,0.1879,,0.5893329879452487,0.4106670120547512,,0.5439,0.4561,
uniquac,2,mol_d291b272a64498d9,mol_e81dc06beaa39499,,COCCO,O,,True,isobaric,10.1016/j.jct.2015.03.013,isobaric,0.8888888888888888,,1.0120533340073459,1.293337778901112,,258,False,,391.4908441444,2.842170943040401e-14,83.22901541544353,189.13730294074685,,unverified,0.5,state_858763978277639394673b53,D:\VLE\paper_structure_worktree\dataset\binary_vle_english.xlsx,2c_b11dff0fda4f01349610,,391.4,0.6897,0.3103,,0.4335442561335032,0.5664557438664968,,0.45489999999999997,0.5451,
uniquac,2,mol_d291b272a64498d9,mol_e81dc06beaa39499,,COCCO,O,,True,isobaric,10.1016/j.jct.2015.03.013,isobaric,0.8888888888888888,,1.0296974041796918,1.2557567886212888,,258,False,,388.1705141826258,8.526512829121202e-14,74.72571672841595,169.58095137102788,,unverified,0.5,state_c4a4aee70a3166a277488ac9,D:\VLE\paper_structure_worktree\dataset\binary_vle_english.xlsx,2c_b11dff0fda4f01349610,,387.7,0.5805,0.4195,,0.333331982336565,0.666668017663435,,0.356,0.644,
uniquac,2,mol_d291b272a64498d9,mol_e81dc06beaa39499,,COCCO,O,,True,isobaric,10.1016/j.jct.2015.03.013,isobaric,0.8888888888888888,,1.003079449622816,1.3281578767986544,,258,False,,387.7459669187599,5.143476755620213e-10,73.6932492558518,167.20829237701486,,unverified,0.5,state_ce9e9ca35e2284c3fa20be3d,D:\VLE\paper_structure_worktree\dataset\binary_vle_english.xlsx,2c_b11dff0fda4f01349610,,388.0,0.8152,0.1848,,0.5948644870711728,0.4051355129288271,,0.5689,0.4311,
uniquac,2,mol_e04cf77cea7bbe66,mol_06affb0d2c6c8ff2,,CC(C)=O,CCC(C)O,,False,isothermal,10.1016/j.fluid.2013.07.044,isothermal,0.9166666666666666,shared_pair_or_uniquac_size_parameters_unavailable,,,,0,False,,,,,,,unverified,0.5,state_1ab9bf2c6beb7be93bc2ef82,D:\VLE\paper_structure_worktree\dataset\binary_vle_english.xlsx,2c_b399893600891028146a,347.19997725875197,,0.925,0.07499999999999996,,,,,0.972,0.028000000000000025,
uniquac,2,mol_e04cf77cea7bbe66,mol_06affb0d2c6c8ff2,,CC(C)=O,CCC(C)O,,False,isothermal,10.1016/j.fluid.2013.07.044,isothermal,0.9166666666666666,shared_pair_or_uniquac_size_parameters_unavailable,,,,0,False,,,,,,,unverified,0.5,state_5c16a09b7741070074e8dbb0,D:\VLE\paper_structure_worktree\dataset\binary_vle_english.xlsx,2c_b399893600891028146a,225.20001136115198,,0.415,0.585,,,,,0.697,0.30300000000000005,
uniquac,2,mol_e04cf77cea7bbe66,mol_06affb0d2c6c8ff2,,CC(C)=O,CCC(C)O,,False,isothermal,10.1016/j.fluid.2013.07.044,isothermal,0.9166666666666666,shared_pair_or_uniquac_size_parameters_unavailable,,,,0,False,,,,,,,unverified,0.5,state_67e540d48f774a29060343f6,D:\VLE\paper_structure_worktree\dataset\binary_vle_english.xlsx,2c_b399893600891028146a,320.999998788864,,0.829,0.17100000000000004,,,,,0.929,0.07099999999999995,
uniquac,2,mol_e04cf77cea7bbe66,mol_06affb0d2c6c8ff2,,CC(C)=O,CCC(C)O,,False,isothermal,10.1016/j.fluid.2013.07.044,isothermal,0.9166666666666666,shared_pair_or_uniquac_size_parameters_unavailable,,,,0,False,,,,,,,unverified,0.5,state_6dfd1f95c15e1d0425e7047a,D:\VLE\paper_structure_worktree\dataset\binary_vle_english.xlsx,2c_b399893600891028146a,102.900070135552,,0.0,1.0,,,,,0.0,1.0,
uniquac,2,mol_e04cf77cea7bbe66,mol_06affb0d2c6c8ff2,,CC(C)=O,CCC(C)O,,False,isothermal,10.1016/j.fluid.2013.07.044,isothermal,0.9166666666666666,shared_pair_or_uniquac_size_parameters_unavailable,,,,0,False,,,,,,,unverified,0.5,state_a89f3b96ca87ec9d44d75e49,D:\VLE\paper_structure_worktree\dataset\binary_vle_english.xlsx,2c_b399893600891028146a,123.699959411968,,0.069,0.931,,,,,0.219,0.781,
uniquac,2,mol_e04cf77cea7bbe66,mol_06affb0d2c6c8ff2,,CC(C)=O,CCC(C)O,,False,isothermal,10.1016/j.fluid.2013.07.044,isothermal,0.9166666666666666,shared_pair_or_uniquac_size_parameters_unavailable,,,,0,False,,,,,,,unverified,0.5,state_ac7a2e9fcc5d1cdf64d5e365,D:\VLE\paper_structure_worktree\dataset\binary_vle_english.xlsx,2c_b399893600891028146a,272.300004205824,,0.618,0.382,,,,,0.819,0.18100000000000005,
uniquac,2,mol_e04cf77cea7bbe66,mol_06affb0d2c6c8ff2,,CC(C)=O,CCC(C)O,,False,isothermal,10.1016/j.fluid.2013.07.044,isothermal,0.9166666666666666,shared_pair_or_uniquac_size_parameters_unavailable,,,,0,False,,,,,,,unverified,0.5,state_b0041ffeabc9b96c04dbcd25,D:\VLE\paper_structure_worktree\dataset\binary_vle_english.xlsx,2c_b399893600891028146a,331.599926979072,,0.865,0.135,,,,,0.946,0.05400000000000005,
uniquac,2,mol_e04cf77cea7bbe66,mol_06affb0d2c6c8ff2,,CC(C)=O,CCC(C)O,,False,isothermal,10.1016/j.fluid.2013.07.044,isothermal,0.9166666666666666,shared_pair_or_uniquac_size_parameters_unavailable,,,,0,False,,,,,,,unverified,0.5,state_bbacba01619e5935ed50a2ee,D:\VLE\paper_structure_worktree\dataset\binary_vle_english.xlsx,2c_b399893600891028146a,257.700005008512,,0.546,0.45399999999999996,,,,,0.789,0.21099999999999997,
uniquac,2,mol_e04cf77cea7bbe66,mol_06affb0d2c6c8ff2,,CC(C)=O,CCC(C)O,,False,isothermal,10.1016/j.fluid.2013.07.044,isothermal,0.9166666666666666,shared_pair_or_uniquac_size_parameters_unavailable,,,,0,False,,,,,,,unverified,0.5,state_bfd7f31b5f637063484bf6c0,D:\VLE\paper_structure_worktree\dataset\binary_vle_english.xlsx,2c_b399893600891028146a,352.099974249856,,0.942,0.05800000000000005,,,,,0.978,0.02200000000000002,
uniquac,2,mol_e04cf77cea7bbe66,mol_06affb0d2c6c8ff2,,CC(C)=O,CCC(C)O,,False,isothermal,10.1016/j.fluid.2013.07.044,isothermal,0.9166666666666666,shared_pair_or_uniquac_size_parameters_unavailable,,,,0,False,,,,,,,unverified,0.5,state_cf57a680360fa00951adba48,D:\VLE\paper_structure_worktree\dataset\binary_vle_english.xlsx,2c_b399893600891028146a,369.400018043904,,1.0,0.0,,,,,1.0,0.0,
uniquac,2,mol_e04cf77cea7bbe66,mol_06affb0d2c6c8ff2,,CC(C)=O,CCC(C)O,,False,isothermal,10.1016/j.fluid.2013.07.044,isothermal,0.9166666666666666,shared_pair_or_uniquac_size_parameters_unavailable,,,,0,False,,,,,,,unverified,0.5,state_eba06bcf203f8e44895e27ff,D:\VLE\paper_structure_worktree\dataset\binary_vle_english.xlsx,2c_b399893600891028146a,113.99995720576,,0.037,0.963,,,,,0.128,0.872,
uniquac,2,mol_7d3e12eaed0f467c,mol_1c09299644053521,,CS(C)=O,Cc1ccccc1,,False,isobaric,10.1016/j.fluid.2014.04.025,isobaric,0.9285714285714286,shared_pair_or_uniquac_size_parameters_unavailable,,,,0,False,,,,,,,unverified,0.5,state_8d9635063e4aca97a7b85249,D:\VLE\paper_structure_worktree\dataset\binary_vle_english.xlsx,2c_b94de72ffbeb53d6294b,,450.21999999999997,0.9761,0.0239,,,,,0.6852,0.3148,
uniquac,2,mol_7d3e12eaed0f467c,mol_1c09299644053521,,CS(C)=O,Cc1ccccc1,,False,isobaric,10.1016/j.fluid.2014.04.025,isobaric,0.9285714285714286,shared_pair_or_uniquac_size_parameters_unavailable,,,,0,False,,,,,,,unverified,0.5,state_ab67c6258cc18828a2cf27a1,D:\VLE\paper_structure_worktree\dataset\binary_vle_english.xlsx,2c_b94de72ffbeb53d6294b,,454.45,0.9843,0.0157,,,,,0.7711,0.2289,
uniquac,2,mol_9f4835d3aad75f1c,mol_1c09299644053521,,CCC(C)Cl,Cc1ccccc1,,False,isobaric,10.1016/j.fluid.2006.02.009,isobaric,0.95,shared_pair_or_uniquac_size_parameters_unavailable,,,,0,False,,,,,,,unverified,0.5,state_045d4bf8f9f891752e3958e2,D:\VLE\paper_structure_worktree\dataset\binary_vle_english.xlsx,2c_ba6de3f53ea6de13738b,,372.78,0.0351,0.9649,,,,,0.1276,0.8724000000000001,
uniquac,2,mol_9f4835d3aad75f1c,mol_1c09299644053521,,CCC(C)Cl,Cc1ccccc1,,False,isobaric,10.1016/j.fluid.2006.02.009,isobaric,0.9545454545454546,shared_pair_or_uniquac_size_parameters_unavailable,,,,0,False,,,,,,,unverified,0.5,state_0fac19de72140a7436f878d9,D:\VLE\paper_structure_worktree\dataset\binary_vle_english.xlsx,2c_ba6de3f53ea6de13738b,,370.25,0.2017,0.7983,,,,,0.4797,0.5203,
uniquac,2,mol_9f4835d3aad75f1c,mol_1c09299644053521,,CCC(C)Cl,Cc1ccccc1,,False,isobaric,10.1016/j.fluid.2006.02.009,isobaric,0.95,shared_pair_or_uniquac_size_parameters_unavailable,,,,0,False,,,,,,,unverified,0.5,state_466bde0f2c8c2b72f88a606b,D:\VLE\paper_structure_worktree\dataset\binary_vle_english.xlsx,2c_ba6de3f53ea6de13738b,,375.65999999999997,0.0,1.0,,,,,0.0,1.0,
uniquac,2,mol_9f4835d3aad75f1c,mol_1c09299644053521,,CCC(C)Cl,Cc1ccccc1,,False,isobaric,10.1016/j.fluid.2006.02.009,isobaric,0.9545454545454546,shared_pair_or_uniquac_size_parameters_unavailable,,,,0,False,,,,,,,unverified,0.5,state_531b8b6ef9117ce07bb024ee,D:\VLE\paper_structure_worktree\dataset\binary_vle_english.xlsx,2c_ba6de3f53ea6de13738b,,372.75,0.1661,0.8339,,,,,0.4179,0.5821000000000001,
uniquac,2,mol_9f4835d3aad75f1c,mol_1c09299644053521,,CCC(C)Cl,Cc1ccccc1,,False,isobaric,10.1016/j.fluid.2006.02.009,isobaric,0.9545454545454546,shared_pair_or_uniquac_size_parameters_unavailable,,,,0,False,,,,,,,unverified,0.5,state_5375c40e2ab99b939aeec006,D:\VLE\paper_structure_worktree\dataset\binary_vle_english.xlsx,2c_ba6de3f53ea6de13738b,,368.15,0.2355,0.7645,,,,,0.5354,0.4646,
uniquac,2,mol_9f4835d3aad75f1c,mol_1c09299644053521,,CCC(C)Cl,Cc1ccccc1,,False,isobaric,10.1016/j.fluid.2006.02.009,isobaric,0.9545454545454546,shared_pair_or_uniquac_size_parameters_unavailable,,,,0,False,,,,,,,unverified,0.5,state_6fee05c79f9267e4e63eb7fe,D:\VLE\paper_structure_worktree\dataset\binary_vle_english.xlsx,2c_ba6de3f53ea6de13738b,,375.65,0.1232,0.8768,,,,,0.3239,0.6760999999999999,
uniquac,2,mol_9f4835d3aad75f1c,mol_1c09299644053521,,CCC(C)Cl,Cc1ccccc1,,False,isobaric,10.1016/j.fluid.2006.02.009,isobaric,0.9545454545454546,shared_pair_or_uniquac_size_parameters_unavailable,,,,0,False,,,,,,,unverified,0.5,state_a25f4e626f5d55714e131c28,D:\VLE\paper_structure_worktree\dataset\binary_vle_english.xlsx,2c_ba6de3f53ea6de13738b,,383.76,0.0,1.0,,,,,0.0,1.0,
uniquac,2,mol_9f4835d3aad75f1c,mol_1c09299644053521,,CCC(C)Cl,Cc1ccccc1,,False,isobaric,10.1016/j.fluid.2006.02.009,isobaric,0.95,shared_pair_or_uniquac_size_parameters_unavailable,,,,0,False,,,,,,,unverified,0.5,state_a5717b68fb548bb350d0bd92,D:\VLE\paper_structure_worktree\dataset\binary_vle_english.xlsx,2c_ba6de3f53ea6de13738b,,369.94,0.0794,0.9206,,,,,0.2393,0.7606999999999999,
uniquac,2,mol_9f4835d3aad75f1c,mol_1c09299644053521,,CCC(C)Cl,Cc1ccccc1,,False,isobaric,10.1016/j.fluid.2006.02.009,isobaric,0.9545454545454546,shared_pair_or_uniquac_size_parameters_unavailable,,,,0,False,,,,,,,unverified,0.5,state_aee32d385a6723ecd3bdd0ef,D:\VLE\paper_structure_worktree\dataset\binary_vle_english.xlsx,2c_ba6de3f53ea6de13738b,,381.03999999999996,0.0331,0.9669,,,,,0.117,0.883,
uniquac,2,mol_db030b5de88f8eaf,mol_d291b272a64498d9,,CC(C)O,COCCO,,True,isobaric,10.1016/j.fluid.2007.09.014,isobaric,0.9523809523809523,,1.1300972508879734,1.0016290705766264,,258,False,,387.02768590344294,-8.526512829121202e-14,324.86593291392376,71.97382104552648,,unverified,0.5,state_21e8b1179a41abdc14c23658,D:\VLE\paper_structure_worktree\dataset\binary_vle_english.xlsx,2c_bcadcb4c5d803465b404,,388.35999999999996,0.099,0.901,,0.3587946985827925,0.6412053014172076,,0.328,0.6719999999999999,
uniquac,2,mol_db030b5de88f8eaf,mol_d291b272a64498d9,,CC(C)O,COCCO,,True,isobaric,10.1016/j.fluid.2007.09.014,isobaric,0.9523809523809523,,1.1621316993498432,1.0,,258,False,,397.6929854312468,-2.842170943040401e-14,462.79105042933276,101.29993507481598,,unverified,0.5,state_486c691ac362fd220d18d5a8,D:\VLE\paper_structure_worktree\dataset\binary_vle_english.xlsx,2c_bcadcb4c5d803465b404,,397.44,0.0,1.0,,0.0,1.0,,0.0,1.0,
uniquac,2,mol_db030b5de88f8eaf,mol_d291b272a64498d9,,CC(C)O,COCCO,,True,isobaric,10.1016/j.fluid.2007.09.014,isobaric,0.9523809523809523,,1.145631544668449,1.0004153752368388,,258,False,,391.6648969846487,4.263256414560601e-14,379.7975058717765,83.6963239976608,,unverified,0.5,state_d6fe61bcc91f364e43d3c14c,D:\VLE\paper_structure_worktree\dataset\binary_vle_english.xlsx,2c_bcadcb4c5d803465b404,,392.64,0.05,0.95,,0.21476223207436138,0.7852377679256386,,0.186,0.8140000000000001,
uniquac,2,mol_fddb2c852c313396,mol_dd70207e50d8bf63,,CCCCCCC,CCCCCCCCC,,True,isobaric,10.1016/j.fluid.2013.05.016,isobaric,0.9411764705882353,,0.4211663508832639,0.9986525437126729,,258,False,,414.6398566366339,4.419575816427823e-12,336.33707284247424,99.97102789326316,,passed,1.0,state_45fe4ce983e644557d8686b0,D:\VLE\paper_structure_worktree\dataset\binary_vle_english.xlsx,2c_be94156040a0f89bf1c4,,420.7,0.03500000000000003,0.965,,0.04894262778739113,0.9510573722126088,,0.10899999999999999,0.891,
uniquac,2,mol_fddb2c852c313396,mol_dd70207e50d8bf63,,CCCCCCC,CCCCCCCCC,,True,isobaric,10.1016/j.fluid.2013.05.016,isobaric,0.9411764705882353,,0.40956211941063064,1.0,,258,False,,423.79999999999956,7.105427357601002e-14,419.8919225211661,101.29993507481608,,passed,1.0,state_52dff751d545fec026dfe5b1,D:\VLE\paper_structure_worktree\dataset\binary_vle_english.xlsx,2c_be94156040a0f89bf1c4,,423.79999999999995,0.0,1.0,,0.0,1.0,,0.0,1.0,
uniquac,2,mol_d291b272a64498d9,mol_7d3e12eaed0f467c,,COCCO,CS(C)=O,,False,isobaric,10.1016/j.fluid.2014.04.025,isobaric,0.9285714285714286,shared_pair_or_uniquac_size_parameters_unavailable,,,,0,False,,,,,,,unverified,0.5,state_18c9d752c7ca0059121f546c,D:\VLE\paper_structure_worktree\dataset\binary_vle_english.xlsx,2c_c7052cf3bd6baff652ca,,458.52,0.0549,0.9451,,,,,0.1862,0.8138,
uniquac,2,mol_d291b272a64498d9,mol_7d3e12eaed0f467c,,COCCO,CS(C)=O,,False,isobaric,10.1016/j.fluid.2014.04.025,isobaric,0.9285714285714286,shared_pair_or_uniquac_size_parameters_unavailable,,,,0,False,,,,,,,unverified,0.5,state_abeeaf3c5373373f9b70a4f3,D:\VLE\paper_structure_worktree\dataset\binary_vle_english.xlsx,2c_c7052cf3bd6baff652ca,,453.71,0.0995,0.9005,,,,,0.3204,0.6796,
uniquac,2,mol_7028b7cbd3d829b4,mol_db030b5de88f8eaf,,CC#N,CC(C)O,,True,isobaric,10.1016/j.fluid.2015.10.035,isobaric,0.9375,,2.952249594658117,1.0,,258,False,,355.6208068556436,-1.9895196601282805e-13,103.29727255085875,101.2999350748158,,passed,1.0,state_ed6aa3918a4a2be72af6607f,D:\VLE\paper_structure_worktree\dataset\binary_vle_english.xlsx,2c_c75645cb5ece049b7827,,355.49,0.0,1.0,,0.0,1.0,,0.0,1.0,
uniquac,2,mol_7028b7cbd3d829b4,mol_db030b5de88f8eaf,,CC#N,CC(C)O,,True,isobaric,10.1016/j.fluid.2015.10.035,isobaric,0.9375,,1.0,2.246684845734856,,258,False,,354.88575248209304,-2.842170943040401e-14,101.29993507481598,98.3312625549988,,passed,1.0,state_f68c0a7275023bb4e05dc1de,D:\VLE\paper_structure_worktree\dataset\binary_vle_english.xlsx,2c_c75645cb5ece049b7827,,354.59,1.0,0.0,,1.0,0.0,,1.0,0.0,
uniquac,2,mol_57615b5c3546c298,mol_015d21fca05fcd26,,CC(C)CC(C)(C)C,CC(C)CO,,True,isothermal,10.1016/j.fluid.2011.05.011,isothermal,0.9285714285714286,,1.314104614450378,1.861311231976623,,1,False,101.93759631351848,,0.0,79.95426054694606,51.972818618865105,,unverified,0.5,state_041ad534596353604c7fde09,D:\VLE\paper_structure_worktree\dataset\binary_vle_english.xlsx,2c_c830dc760c5163d2d27d,100.350013202816,,0.6242,0.3758,,0.6433701790865883,0.3566298209134116,,0.6568,0.34319999999999995,
uniquac,2,mol_57615b5c3546c298,mol_015d21fca05fcd26,,CC(C)CC(C)(C)C,CC(C)CO,,True,isothermal,10.1016/j.fluid.2011.05.011,isothermal,0.9285714285714286,,1.0008247380089137,5.9359559276852885,,1,False,84.36147688359057,,0.0,79.95426054694606,51.972818618865105,,unverified,0.5,state_1f61b86f60824a7c270f12c1,D:\VLE\paper_structure_worktree\dataset\binary_vle_english.xlsx,2c_c830dc760c5163d2d27d,84.609974436736,,0.981,0.019000000000000017,,0.9305173513911739,0.06948264860882615,,0.9304,0.0696,
uniquac,2,mol_57615b5c3546c298,mol_015d21fca05fcd26,,CC(C)CC(C)(C)C,CC(C)CO,,True,isothermal,10.1016/j.fluid.2011.05.011,isothermal,0.9285714285714286,,4.279858138878291,1.0016376793493489,,1,False,62.27068399832844,,0.0,79.95426054694606,51.972818618865105,,unverified,0.5,state_428ba7dc35860c59a7d1ac86,D:\VLE\paper_structure_worktree\dataset\binary_vle_english.xlsx,2c_c830dc760c5163d2d27d,62.390068618752,,0.0352,0.9648,,0.19343275279850453,0.8065672472014954,,0.1788,0.8212,
uniquac,2,mol_57615b5c3546c298,mol_015d21fca05fcd26,,CC(C)CC(C)(C)C,CC(C)CO,,True,isothermal,10.1016/j.fluid.2011.05.011,isothermal,0.9285714285714286,,3.407752840876474,1.0220529196573587,,1,False,80.95390068684631,,0.0,79.95426054694606,51.972818618865105,,unverified,0.5,state_546dc91f5b89862bc94cdfff,D:\VLE\paper_structure_worktree\dataset\binary_vle_english.xlsx,2c_c830dc760c5163d2d27d,78.940040770432,,0.1269,0.8731,,0.4271039048484456,0.5728960951515544,,0.3948,0.6052,
uniquac,2,mol_57615b5c3546c298,mol_015d21fca05fcd26,,CC(C)CC(C)(C)C,CC(C)CO,,True,isothermal,10.1016/j.fluid.2011.05.011,isothermal,0.9285714285714286,,1.0102628516544747,4.821775822900896,,1,False,92.27207067194335,,0.0,79.95426054694606,51.972818618865105,,unverified,0.5,state_5a6f5308467cc05d9aa951f7,D:\VLE\paper_structure_worktree\dataset\binary_vle_english.xlsx,2c_c830dc760c5163d2d27d,92.65997901657599,,0.9323,0.06769999999999998,,0.8161338902405013,0.18386610975949866,,0.8228,0.17720000000000002,
uniquac,2,mol_57615b5c3546c298,mol_015d21fca05fcd26,,CC(C)CC(C)(C)C,CC(C)CO,,True,isothermal,10.1016/j.fluid.2011.05.011,isothermal,0.9285714285714286,,1.1628930918017624,2.402210836117725,,1,False,101.68552668609206,,0.0,79.95426054694606,51.972818618865105,,unverified,0.5,state_8c54ef0a11b4f45dc86bb19c,D:\VLE\paper_structure_worktree\dataset\binary_vle_english.xlsx,2c_c830dc760c5163d2d27d,100.230023071616,,0.7268,0.2732,,0.6645645606776436,0.33543543932235653,,0.69,0.31000000000000005,
uniquac,2,mol_57615b5c3546c298,mol_015d21fca05fcd26,,CC(C)CC(C)(C)C,CC(C)CO,,True,isothermal,10.1016/j.fluid.2011.05.011,isothermal,0.9285714285714286,,1.0,6.470134039971151,,1,False,79.95426054694606,,0.0,79.95426054694606,51.972818618865105,,unverified,0.5,state_9abff2e698eec42ed3424157,D:\VLE\paper_structure_worktree\dataset\binary_vle_english.xlsx,2c_c830dc760c5163d2d27d,80.029951128832,,1.0,0.0,,1.0,0.0,,1.0,0.0,
uniquac,2,mol_57615b5c3546c298,mol_015d21fca05fcd26,,CC(C)CC(C)(C)C,CC(C)CO,,True,isothermal,10.1016/j.fluid.2011.05.011,isothermal,0.9285714285714286,,1.893410850432768,1.264706771983614,,1,False,99.93277206082527,,0.0,79.95426054694606,51.972818618865105,,unverified,0.5,state_a21abf587d79afa827909ba1,D:\VLE\paper_structure_worktree\dataset\binary_vle_english.xlsx,2c_c830dc760c5163d2d27d,96.58005660287999,,0.3993,0.6007,,0.6048920104132931,0.39510798958670684,,0.5835,0.4165,
uniquac,2,mol_57615b5c3546c298,mol_015d21fca05fcd26,,CC(C)CC(C)(C)C,CC(C)CO,,True,isothermal,10.1016/j.fluid.2011.05.011,isothermal,0.9285714285714286,,1.526575008879339,1.5211458856854998,,1,False,101.52466118486394,,0.0,79.95426054694606,51.972818618865105,,unverified,0.5,state_b3b244902eb9b5a31226236d,D:\VLE\paper_structure_worktree\dataset\binary_vle_english.xlsx,2c_c830dc760c5163d2d27d,99.309965410048,,0.5225,0.47750000000000004,,0.628166114695731,0.37183388530426903,,0.6258,0.3742,
uniquac,2,mol_57615b5c3546c298,mol_015d21fca05fcd26,,CC(C)CC(C)(C)C,CC(C)CO,,True,isothermal,10.1016/j.fluid.2011.05.011,isothermal,0.9285714285714286,,2.58007978737067,1.090013768056297,,1,False,93.73120675815505,,0.0,79.95426054694606,51.972818618865105,,unverified,0.5,state_b956b702880bb0fc7efcbc8d,D:\VLE\paper_structure_worktree\dataset\binary_vle_english.xlsx,2c_c830dc760c5163d2d27d,90.000064452608,,0.2478,0.7522,,0.5453707493846541,0.45462925061534587,,0.5115,0.48850000000000005,
uniquac,2,mol_57615b5c3546c298,mol_015d21fca05fcd26,,CC(C)CC(C)(C)C,CC(C)CO,,True,isothermal,10.1016/j.fluid.2011.05.011,isothermal,0.9285714285714286,,3.9247636737102916,1.0064407404091613,,1,False,70.455246713818,,0.0,79.95426054694606,51.972818618865105,,unverified,0.5,state_d0f6cedcffe41b60889c72c2,D:\VLE\paper_structure_worktree\dataset\binary_vle_english.xlsx,2c_c830dc760c5163d2d27d,69.69000155622399,,0.0694,0.9306,,0.3091015997255539,0.690898400274446,,0.2809,0.7191000000000001,
uniquac,2,mol_57615b5c3546c298,mol_015d21fca05fcd26,,CC(C)CC(C)(C)C,CC(C)CO,,True,isothermal,10.1016/j.fluid.2011.05.011,isothermal,0.9285714285714286,,4.688158506954877,1.0,,1,False,51.972818618865105,,0.0,79.95426054694606,51.972818618865105,,unverified,0.5,state_ddcde98496d19f4f7b815032,D:\VLE\paper_structure_worktree\dataset\binary_vle_english.xlsx,2c_c830dc760c5163d2d27d,52.690066412544,,0.0,1.0,,0.0,1.0,,0.0,1.0,
uniquac,2,mol_57615b5c3546c298,mol_015d21fca05fcd26,,CC(C)CC(C)(C)C,CC(C)CO,,True,isothermal,10.1016/j.fluid.2011.05.011,isothermal,0.9285714285714286,,1.068353498894322,3.219522159977914,,1,False,99.90897940791338,,0.0,79.95426054694606,51.972818618865105,,unverified,0.5,state_df4fb6c4a21d8c00d273702c,D:\VLE\paper_structure_worktree\dataset\binary_vle_english.xlsx,2c_c830dc760c5163d2d27d,98.919997483648,,0.8231,0.17689999999999995,,0.7037277338403034,0.29627226615969654,,0.7307,0.2693,
uniquac,2,mol_1a0ca8e5eeb68da8,mol_f7989a5c13417f20,,CC(C)OC(C)C,CCCCCl,,True,isothermal,10.1016/j.fluid.2011.06.001,isothermal,0.9166666666666666,,0.982113740215444,0.9905461792908189,,1,False,24.39221049901476,,0.0,30.549452624987556,20.895728113821846,,passed,1.0,state_27455d8ea649ef1a6f150ed1,D:\VLE\paper_structure_worktree\dataset\binary_vle_english.xlsx,2c_c879fc0732268fc652fa,25.189928209919998,,0.397,0.603,,0.48832006269248734,0.5116799373075127,,0.489,0.511,
uniquac,2,mol_1a0ca8e5eeb68da8,mol_f7989a5c13417f20,,CC(C)OC(C)C,CCCCCl,,True,isothermal,10.1016/j.fluid.2011.06.001,isothermal,0.9166666666666666,,0.966093413981707,0.9974181747295343,,1,False,22.566609161710076,,0.0,30.549452624987556,20.895728113821846,,passed,1.0,state_39c49a1a9e15b81d5eb93b2f,D:\VLE\paper_structure_worktree\dataset\binary_vle_english.xlsx,2c_c879fc0732268fc652fa,23.235022327935997,,0.19889999999999997,0.8011,,0.26013035307181986,0.73986964692818,,0.2691,0.7309,
uniquac,2,mol_1a0ca8e5eeb68da8,mol_f7989a5c13417f20,,CC(C)OC(C)C,CCCCCl,,True,isothermal,10.1016/j.fluid.2011.06.001,isothermal,0.9166666666666666,,0.9736109892040105,0.9949751655056593,,1,False,23.31982654944409,,0.0,30.549452624987556,20.895728113821846,,passed,1.0,state_4b03e090119ab41fc5204f70,D:\VLE\paper_structure_worktree\dataset\binary_vle_english.xlsx,2c_c879fc0732268fc652fa,24.19001044992,,0.2825,0.7175,,0.36031474635193594,0.6396852536480641,,0.3647,0.6353,
uniquac,2,mol_1a0ca8e5eeb68da8,mol_f7989a5c13417f20,,CC(C)OC(C)C,CCCCCl,,True,isothermal,10.1016/j.fluid.2011.06.001,isothermal,0.9166666666666666,,0.9982705706243797,0.9675330504652775,,1,False,28.42739401057613,,0.0,30.549452624987556,20.895728113821846,,passed,1.0,state_5e89b4a2627850d51aa5e09d,D:\VLE\paper_structure_worktree\dataset\binary_vle_english.xlsx,2c_c879fc0732268fc652fa,28.65497655424,,0.7987,0.2013,,0.856837246106679,0.14316275389332103,,0.8407,0.1593,
uniquac,2,mol_1a0ca8e5eeb68da8,mol_f7989a5c13417f20,,CC(C)OC(C)C,CCCCCl,,True,isothermal,10.1016/j.fluid.2011.06.001,isothermal,0.9166666666666666,,0.9882292806333816,0.9855528920162453,,1,False,25.40720806165741,,0.0,30.549452624987556,20.895728113821846,,passed,1.0,state_6ac16d9e91f0b3edb2658ac2,D:\VLE\paper_structure_worktree\dataset\binary_vle_english.xlsx,2c_c879fc0732268fc652fa,26.159981759488,,0.5016,0.4984,,0.5960212369916648,0.4039787630083352,,0.5904,0.4096,
uniquac,2,mol_1a0ca8e5eeb68da8,mol_f7989a5c13417f20,,CC(C)OC(C)C,CCCCCl,,True,isothermal,10.1016/j.fluid.2011.06.001,isothermal,0.9166666666666666,,0.9483772540370909,0.9998897602887724,,1,False,21.21416013708461,,0.0,30.549452624987556,20.895728113821846,,passed,1.0,state_71ccb4e1b27ede5d70ffd93a,D:\VLE\paper_structure_worktree\dataset\binary_vle_english.xlsx,2c_c879fc0732268fc652fa,21.545027991168,,0.03969999999999996,0.9603,,0.054218715729610636,0.9457812842703893,,0.06020000000000003,0.9398,
uniquac,2,mol_1a0ca8e5eeb68da8,mol_f7989a5c13417f20,,CC(C)OC(C)C,CCCCCl,,True,isothermal,10.1016/j.fluid.2011.06.001,isothermal,0.9166666666666666,,0.9924052155717101,0.980548406153581,,1,False,26.318356503488488,,0.0,30.549452624987556,20.895728113821846,,passed,1.0,state_77baf21bba897f8dd1bf1a84,D:\VLE\paper_structure_worktree\dataset\binary_vle_english.xlsx,2c_c879fc0732268fc652fa,26.964982217472,,0.5931,0.4069,,0.6832216654236065,0.3167783345763935,,0.6706,0.3294,
uniquac,2,mol_1a0ca8e5eeb68da8,mol_f7989a5c13417f20,,CC(C)OC(C)C,CCCCCl,,True,isothermal,10.1016/j.fluid.2011.06.001,isothermal,0.9166666666666666,,0.9998839210559808,0.956981292250259,,1,False,29.981530398047234,,0.0,30.549452624987556,20.895728113821846,,passed,1.0,state_7a0fb617054972fe8e9e6adc,D:\VLE\paper_structure_worktree\dataset\binary_vle_english.xlsx,2c_c879fc0732268fc652fa,30.010065102591998,,0.9465,0.0535,,0.9643170344020028,0.03568296559799725,,0.9595,0.0405,
uniquac,2,mol_1a0ca8e5eeb68da8,mol_f7989a5c13417f20,,CC(C)OC(C)C,CCCCCl,,True,isothermal,10.1016/j.fluid.2011.06.001,isothermal,0.9166666666666666,,0.9958491169610901,0.9744498455954433,,1,False,27.34202650480843,,0.0,30.549452624987556,20.895728113821846,,passed,1.0,state_7ccf8663bebe28cab5479565,D:\VLE\paper_structure_worktree\dataset\binary_vle_english.xlsx,2c_c879fc0732268fc652fa,27.829977741056,,0.6938,0.3062,,0.7719702630252924,0.22802973697470766,,0.7601,0.2399,
uniquac,2,mol_1a0ca8e5eeb68da8,mol_f7989a5c13417f20,,CC(C)OC(C)C,CCCCCl,,True,isothermal,10.1016/j.fluid.2011.06.001,isothermal,0.9166666666666666,,0.9993922800491897,0.9619054257027062,,1,False,29.268715196300906,,0.0,30.549452624987556,20.895728113821846,,passed,1.0,state_8f16c6721ed505b635378e90,D:\VLE\paper_structure_worktree\dataset\binary_vle_english.xlsx,2c_c879fc0732268fc652fa,29.459977012223998,,0.879,0.121,,0.9169056308916038,0.08309436910839614,,0.9076,0.0924,
uniquac,2,mol_1a0ca8e5eeb68da8,mol_f7989a5c13417f20,,CC(C)OC(C)C,CCCCCl,,True,isothermal,10.1016/j.fluid.2011.06.001,isothermal,0.9166666666666666,,0.9557895520898411,0.9993013470087959,,1,False,21.723714123794434,,0.0,30.549452624987556,20.895728113821846,,passed,1.0,state_a40181baa1a4bf06fb0e8bde,D:\VLE\paper_structure_worktree\dataset\binary_vle_english.xlsx,2c_c879fc0732268fc652fa,22.320030916351996,,0.10129999999999995,0.8987,,0.13615734626134735,0.8638426537386527,,0.1432,0.8568,
uniquac,2,mol_e7eb29ad965cc8ee,mol_ca12d6d2f2ffb170,,CC(=O)OCC(C)C,CN(C)C=O,,False,isobaric,10.1016/j.fluid.2005.03.014,isobaric,0.9545454545454546,shared_pair_or_uniquac_size_parameters_unavailable,,,,0,False,,,,,,,unverified,0.5,state_7389cbcf76342ff446cbd8cb,D:\VLE\paper_structure_worktree\dataset\binary_vle_english.xlsx,2c_c9ecb5bf12ebfafc6a51,,423.84,0.016,0.984,,,,,0.065,0.935,
uniquac,2,mol_e7eb29ad965cc8ee,mol_ca12d6d2f2ffb170,,CC(=O)OCC(C)C,CN(C)C=O,,False,isobaric,10.1016/j.fluid.2005.03.014,isobaric,0.9545454545454546,shared_pair_or_uniquac_size_parameters_unavailable,,,,0,False,,,,,,,unverified,0.5,state_b457ce50d52622eaeab66fb6,D:\VLE\paper_structure_worktree\dataset\binary_vle_english.xlsx,2c_c9ecb5bf12ebfafc6a51,,420.74,0.043,0.957,,,,,0.172,0.8280000000000001,
uniquac,2,mol_e7eb29ad965cc8ee,mol_ca12d6d2f2ffb170,,CC(=O)OCC(C)C,CN(C)C=O,,False,isobaric,10.1016/j.fluid.2005.03.014,isobaric,0.9545454545454546,shared_pair_or_uniquac_size_parameters_unavailable,,,,0,False,,,,,,,unverified,0.5,state_ec6bba6995603c10e127cc3f,D:\VLE\paper_structure_worktree\dataset\binary_vle_english.xlsx,2c_c9ecb5bf12ebfafc6a51,,425.63,0.0,1.0,,,,,0.0,1.0,
uniquac,2,mol_5fb2f93dc8caa9dc,mol_e81dc06beaa39499,,CCCO,O,,True,isothermal,10.1016/j.jct.2012.12.019,isothermal,0.9285714285714286,,6.162213220932822,1.0252463095333648,,1,False,401.891599477061,,0.0,329.3478395866012,273.97002762313826,,unverified,0.5,state_0815919ad76c5a0d0a927a26,D:\VLE\paper_structure_worktree\dataset\binary_vle_english.xlsx,2c_ca2ff513d4ae36f2f8e1,391.500067053056,,0.0692,0.9308,,0.34945294624388445,0.6505470537561155,,0.3335,0.6665,
uniquac,2,mol_5fb2f93dc8caa9dc,mol_e81dc06beaa39499,,CCCO,O,,True,isothermal,10.1016/j.jct.2012.12.019,isothermal,0.9285714285714286,,3.973861744782421,1.0748842673303582,,1,False,424.0117620298735,,0.0,329.3478395866012,273.97002762313826,,unverified,0.5,state_10970138520ec3674f9f4312,D:\VLE\paper_structure_worktree\dataset\binary_vle_english.xlsx,2c_ca2ff513d4ae36f2f8e1,401.200069259264,,0.1277,0.8723,,0.3941672756072228,0.6058327243927772,,0.3506,0.6494,
uniquac,2,mol_5fb2f93dc8caa9dc,mol_e81dc06beaa39499,,CCCO,O,,True,isothermal,10.1016/j.jct.2012.12.019,isothermal,0.8333333333333334,,11.617477831064443,1.0001637449494274,,1,False,394.85365666270815,,0.0,454.363523288999,369.7585413036112,,unverified,0.5,state_2eef2742b3ef260c28690dee,D:\VLE\paper_structure_worktree\dataset\binary_vle_english.xlsx,2c_ca2ff513d4ae36f2f8e1,388.40005535231995,,0.0051,0.9949,,0.06817879524963592,0.931821204750364,,0.0778,0.9222,
uniquac,2,mol_5fb2f93dc8caa9dc,mol_e81dc06beaa39499,,CCCO,O,,True,isothermal,10.1016/j.jct.2012.12.019,isothermal,0.9285714285714286,,1.000000607159157,2.962401269213648,,1,False,329.87852678296235,,0.0,329.3478395866012,273.97002762313826,,unverified,0.5,state_40bf5fab1a7f7c8df18f0e28,D:\VLE\paper_structure_worktree\dataset\binary_vle_english.xlsx,2c_ca2ff513d4ae36f2f8e1,304.200047197184,,0.9989,0.0010999999999999899,,0.9972936399285536,0.002706360071446497,,0.9981,0.0019000000000000128,
uniquac,2,mol_5fb2f93dc8caa9dc,mol_e81dc06beaa39499,,CCCO,O,,True,isothermal,10.1016/j.jct.2012.12.019,isothermal,0.9285714285714286,,1.0730122801450042,2.1082472485946133,,1,False,423.92831379814254,,0.0,329.3478395866012,273.97002762313826,,unverified,0.5,state_4c648e00a314fed75ad18e0e,D:\VLE\paper_structure_worktree\dataset\binary_vle_english.xlsx,2c_ca2ff513d4ae36f2f8e1,395.200029409792,,0.6854,0.3146,,0.5713617824122976,0.4286382175877023,,0.5771,0.42290000000000005,
uniquac,2,mol_5fb2f93dc8caa9dc,mol_e81dc06beaa39499,,CCCO,O,,True,isothermal,10.1016/j.jct.2012.12.019,isothermal,0.9285714285714286,,1.0052848239884111,2.6829533754581605,,1,False,370.4745264297981,,0.0,329.3478395866012,273.97002762313826,,unverified,0.5,state_76eb2c86e42a0587b6dce30a,D:\VLE\paper_structure_worktree\dataset\binary_vle_english.xlsx,2c_ca2ff513d4ae36f2f8e1,345.499983744384,,0.9025,0.09750000000000003,,0.8065528021500767,0.19344719784992326,,0.8158,0.18420000000000003,
uniquac,2,mol_5fb2f93dc8caa9dc,mol_e81dc06beaa39499,,CCCO,O,,True,isothermal,10.1016/j.jct.2012.12.019,isothermal,0.9285714285714286,,1.9444379135806,1.2846920111773903,,1,False,434.3136767233119,,0.0,329.3478395866012,273.97002762313826,,unverified,0.5,state_796c1f94736c7d08ab072edb,D:\VLE\paper_structure_worktree\dataset\binary_vle_english.xlsx,2c_ca2ff513d4ae36f2f8e1,414.09994161984,,0.2855,0.7145,,0.42097034801230876,0.5790296519876913,,0.3876,0.6124,
uniquac,2,mol_5fb2f93dc8caa9dc,mol_e81dc06beaa39499,,CCCO,O,,True,isothermal,10.1016/j.jct.2012.12.019,isothermal,0.8666666666666667,,1.155589016806179,1.8576767721748155,,1,False,434.5777047314315,,0.0,329.3478395866012,273.97002762313826,,unverified,0.5,state_843281947d490174fda4fdfe,D:\VLE\paper_structure_worktree\dataset\binary_vle_english.xlsx,2c_ca2ff513d4ae36f2f8e1,412.099972777472,,0.5794,0.4206,,0.5074219774964431,0.49257802250355676,,0.5029,0.4971,
uniquac,2,mol_5fb2f93dc8caa9dc,mol_e81dc06beaa39499,,CCCO,O,,True,isothermal,10.1016/j.jct.2012.12.019,isothermal,0.8333333333333334,,1.0044002532768472,2.646685700271622,,1,False,503.7328906709262,,0.0,454.363523288999,369.7585413036112,,unverified,0.5,state_8dc8d64ac542cbb4e5fa7ff9,D:\VLE\paper_structure_worktree\dataset\binary_vle_english.xlsx,2c_ca2ff513d4ae36f2f8e1,458.799998518144,,0.9093,0.0907,,0.8237912118932862,0.17620878810671378,,0.816,0.18400000000000005,
uniquac,2,mol_5fb2f93dc8caa9dc,mol_e81dc06beaa39499,,CCCO,O,,True,isothermal,10.1016/j.jct.2012.12.019,isothermal,0.8333333333333334,,1.0000002379902768,2.894479223884087,,1,False,454.7947577720634,,0.0,454.363523288999,369.7585413036112,,unverified,0.5,state_909f969cda53b06842ff66f7,D:\VLE\paper_structure_worktree\dataset\binary_vle_english.xlsx,2c_ca2ff513d4ae36f2f8e1,408.00004331673597,,0.9993,0.0007000000000000339,,0.9983527055267084,0.0016472944732916362,,0.9978,0.0021999999999999797,
uniquac,2,mol_5fb2f93dc8caa9dc,mol_e81dc06beaa39499,,CCCO,O,,True,isothermal,10.1016/j.jct.2012.12.019,isothermal,0.8666666666666667,,3.131077351050156,1.1201903494973726,,1,False,429.018086648585,,0.0,329.3478395866012,273.97002762313826,,unverified,0.5,state_961d52bf1cc42e705fa586ff,D:\VLE\paper_structure_worktree\dataset\binary_vle_english.xlsx,2c_ca2ff513d4ae36f2f8e1,412.099972777472,,0.1686,0.8314,,0.40525705516882304,0.594742944831177,,0.3638,0.6362,
uniquac,2,mol_5fb2f93dc8caa9dc,mol_e81dc06beaa39499,,CCCO,O,,True,isothermal,10.1016/j.jct.2012.12.019,isothermal,0.9285714285714286,,1.0276942885970108,2.3787250305380967,,1,False,403.8400925057955,,0.0,329.3478395866012,273.97002762313826,,unverified,0.5,state_96ab017740303f98e23501df,D:\VLE\paper_structure_worktree\dataset\binary_vle_english.xlsx,2c_ca2ff513d4ae36f2f8e1,383.199949710848,,0.7913,0.2087,,0.6632091279665484,0.33679087203345154,,0.6601,0.3399,
uniquac,2,mol_5fb2f93dc8caa9dc,mol_e81dc06beaa39499,,CCCO,O,,True,isothermal,10.1016/j.jct.2012.12.019,isothermal,0.9285714285714286,,1.4684090007281319,1.4844138081487936,,1,False,437.45786802134774,,0.0,329.3478395866012,273.97002762313826,,unverified,0.5,state_b1147348085d4c168a58fac1,D:\VLE\paper_structure_worktree\dataset\binary_vle_english.xlsx,2c_ca2ff513d4ae36f2f8e1,421.49999965568,,0.4,0.6,,0.4422070031171366,0.5577929968828634,,0.424,0.5760000000000001,
uniquac,2,mol_5fb2f93dc8caa9dc,mol_e81dc06beaa39499,,CCCO,O,,True,isothermal,10.1016/j.jct.2012.12.019,isothermal,0.8333333333333334,,10.310548183806327,1.0013712792925937,,1,False,434.9826547790706,,0.0,454.363523288999,369.7585413036112,,unverified,0.5,state_dc9e4271f6ad3918383db8d2,D:\VLE\paper_structure_worktree\dataset\binary_vle_english.xlsx,2c_ca2ff513d4ae36f2f8e1,436.099998852992,,0.015,0.985,,0.1615490967869039,0.838450903213096,,0.1761,0.8239,
uniquac,2,mol_5fb2f93dc8caa9dc,mol_e81dc06beaa39499,,CCCO,O,,True,isothermal,10.1016/j.jct.2012.12.019,isothermal,0.9285714285714286,,12.48416508142319,1.0000369977624286,,1,False,283.1905302244322,,0.0,329.3478395866012,273.97002762313826,,unverified,0.5,state_de77c3d16935d9cd9f2b6178,D:\VLE\paper_structure_worktree\dataset\binary_vle_english.xlsx,2c_ca2ff513d4ae36f2f8e1,283.4000245984,,0.0024,0.9976,,0.034845510931603735,0.9651544890683962,,0.052,0.948,
uniquac,2,mol_5fb2f93dc8caa9dc,mol_e81dc06beaa39499,,CCCO,O,,True,isothermal,10.1016/j.jct.2012.12.019,isothermal,0.8333333333333334,,9.172775893566897,1.0037767508555064,,1,False,467.2095067684216,,0.0,454.363523288999,369.7585413036112,,unverified,0.5,state_e0e97853e7beb1012e8e19cc,D:\VLE\paper_structure_worktree\dataset\binary_vle_english.xlsx,2c_ca2ff513d4ae36f2f8e1,463.999970837248,,0.0253,0.9747,,0.22569040278070313,0.7743095972192969,,0.2352,0.7648,
uniquac,2,mol_5fb2f93dc8caa9dc,mol_e81dc06beaa39499,,CCCO,O,,True,isothermal,10.1016/j.jct.2012.12.019,isothermal,0.9285714285714286,,9.437168328554414,1.003995809260545,,1,False,348.4406572444283,,0.0,329.3478395866012,273.97002762313826,,unverified,0.5,state_e3fd708fb579340a2bcbf5f9,D:\VLE\paper_structure_worktree\dataset\binary_vle_english.xlsx,2c_ca2ff513d4ae36f2f8e1,353.499992436224,,0.0259,0.9741,,0.2310295117624124,0.7689704882375876,,0.2468,0.7532,
uniquac,2,mol_5fb2f93dc8caa9dc,mol_e81dc06beaa39499,,CCCO,O,,True,isothermal,10.1016/j.jct.2012.12.019,isothermal,0.9285714285714286,,11.665701782245607,1.0003838257440432,,1,False,301.9055726328325,,0.0,329.3478395866012,273.97002762313826,,unverified,0.5,state_f7b0d30c16ec8dc9219681e5,D:\VLE\paper_structure_worktree\dataset\binary_vle_english.xlsx,2c_ca2ff513d4ae36f2f8e1,310.500062374656,,0.0078,0.9922,,0.09926340357602705,0.900736596423973,,0.1466,0.8533999999999999,
uniquac,2,mol_9ac385b135af0125,mol_18876b584acc43d4,,CC(=O)O,CCOC(C)=O,,False,isobaric,10.1016/j.fluid.2005.07.010,isobaric,0.9629629629629629,shared_pair_or_uniquac_size_parameters_unavailable,,,,0,False,,,,,,,unverified,0.5,state_1ddeb7a017bd59b92c84053f,D:\VLE\paper_structure_worktree\dataset\binary_vle_english.xlsx,2c_ce7e822d00d743846419,,388.85999999999996,0.9762,0.0238,,,,,0.9175,0.0825,
uniquac,2,mol_9ac385b135af0125,mol_18876b584acc43d4,,CC(=O)O,CCOC(C)=O,,False,isobaric,10.1016/j.fluid.2005.07.010,isobaric,0.9629629629629629,shared_pair_or_uniquac_size_parameters_unavailable,,,,0,False,,,,,,,unverified,0.5,state_58fe60fb0eb80c1a5c0999a5,D:\VLE\paper_structure_worktree\dataset\binary_vle_english.xlsx,2c_ce7e822d00d743846419,,385.03,0.9224,0.0776,,,,,0.7557,0.2443,
uniquac,2,mol_9ac385b135af0125,mol_18876b584acc43d4,,CC(=O)O,CCOC(C)=O,,False,isobaric,10.1016/j.fluid.2005.07.010,isobaric,0.9629629629629629,shared_pair_or_uniquac_size_parameters_unavailable,,,,0,False,,,,,,,unverified,0.5,state_7b9630ba6c160a7d492346a1,D:\VLE\paper_structure_worktree\dataset\binary_vle_english.xlsx,2c_ce7e822d00d743846419,,386.96999999999997,0.9524,0.0476,,,,,0.8482000000000001,0.1518,
uniquac,2,mol_9ac385b135af0125,mol_18876b584acc43d4,,CC(=O)O,CCOC(C)=O,,False,isobaric,10.1016/j.fluid.2005.07.010,isobaric,0.9629629629629629,shared_pair_or_uniquac_size_parameters_unavailable,,,,0,False,,,,,,,unverified,0.5,state_fc9d249fec239636090e14a6,D:\VLE\paper_structure_worktree\dataset\binary_vle_english.xlsx,2c_ce7e822d00d743846419,,387.90999999999997,0.9634,0.0366,,,,,0.8811,0.1189,
uniquac,2,mol_e13b90e4aa2e917d,mol_ab8630148ae67e51,,CCCOCCC,CCOCCO,,True,isobaric,10.1016/j.fluid.2007.03.030,isobaric,0.9545454545454546,,3.522602495435786,1.0,,258,False,,408.4728152547728,-2.842170943040401e-14,352.20775797428564,101.29993507481598,,unverified,0.5,state_51d940dc7ac1ccf09c01c1e0,D:\VLE\paper_structure_worktree\dataset\binary_vle_english.xlsx,2c_cf0c7a81519bf48241a1,,407.95,0.0,1.0,,0.0,1.0,,0.0,1.0,
uniquac,2,mol_e13b90e4aa2e917d,mol_ab8630148ae67e51,,CCCOCCC,CCOCCO,,True,isobaric,10.1016/j.fluid.2007.03.030,isobaric,0.9545454545454546,,3.2377465632911897,1.001643374400715,,258,False,,399.6308688840962,-8.923564109863946e-10,282.37962939231494,76.89320160291511,,unverified,0.5,state_77483e3712ee84e8dd76cbe9,D:\VLE\paper_structure_worktree\dataset\binary_vle_english.xlsx,2c_cf0c7a81519bf48241a1,,400.35999999999996,0.029,0.971,,0.26173695515495904,0.7382630448450409,,0.206,0.794,
uniquac,2,mol_e13b90e4aa2e917d,mol_ab8630148ae67e51,,CCCOCCC,CCOCCO,,True,isobaric,10.1016/j.fluid.2007.03.030,isobaric,0.9545454545454546,,2.894451129251712,1.0083793385646662,,258,False,,392.1829838718102,-1.1368683772161603e-13,232.61653346498275,60.37453035106202,,unverified,0.5,state_87a1e1cc6ff0cdf5c68c8484,D:\VLE\paper_structure_worktree\dataset\binary_vle_english.xlsx,2c_cf0c7a81519bf48241a1,,393.97999999999996,0.066,0.9339999999999999,,0.4386736711452239,0.5613263288547761,,0.379,0.621,
uniquac,2,mol_1a0ca8e5eeb68da8,mol_9f4835d3aad75f1c,,CC(C)OC(C)C,CCC(C)Cl,,True,isothermal,10.1016/j.fluid.2011.06.001,isothermal,0.9230769230769231,,0.989222387933908,0.9919300214484911,,1,False,30.64385714144121,,0.0,30.549452624987556,31.230655439631505,,unverified,0.5,state_03f4f65eb0ceae2357fa150d,D:\VLE\paper_structure_worktree\dataset\binary_vle_english.xlsx,2c_d498cbbd8f767d43f3e7,31.475011282176,,0.4414,0.5586,,0.4352975968799621,0.5647024031200378,,0.43520000000000003,0.5648,
uniquac,2,mol_1a0ca8e5eeb68da8,mol_9f4835d3aad75f1c,,CC(C)OC(C)C,CCC(C)Cl,,True,isothermal,10.1016/j.fluid.2011.06.001,isothermal,0.9230769230769231,,0.9973342127842435,0.9811496183616024,,1,False,30.51854135092526,,0.0,30.549452624987556,31.230655439631505,,unverified,0.5,state_074ccc16204a7903c92cb626,D:\VLE\paper_structure_worktree\dataset\binary_vle_english.xlsx,2c_d498cbbd8f767d43f3e7,31.185035131776,,0.7095,0.2905,,0.7083253385686998,0.2916746614313002,,0.6982999999999999,0.3017,
uniquac,2,mol_1a0ca8e5eeb68da8,mol_9f4835d3aad75f1c,,CC(C)OC(C)C,CCC(C)Cl,,True,isothermal,10.1016/j.fluid.2011.06.001,isothermal,0.9230769230769231,,0.9994434937785969,0.973578785725481,,1,False,30.51517403300177,,0.0,30.549452624987556,31.230655439631505,,unverified,0.5,state_09867fc09b6db48cb61bfdd5,D:\VLE\paper_structure_worktree\dataset\binary_vle_english.xlsx,2c_d498cbbd8f767d43f3e7,30.750004244992,,0.8639,0.1361,,0.8643891384814273,0.13561086151857274,,0.8536,0.1464,
uniquac,2,mol_1a0ca8e5eeb68da8,mol_9f4835d3aad75f1c,,CC(C)OC(C)C,CCC(C)Cl,,True,isothermal,10.1016/j.fluid.2011.06.001,isothermal,0.9230769230769231,,0.9748977183043509,0.99844385265374,,1,False,30.924134671519624,,0.0,30.549452624987556,31.230655439631505,,unverified,0.5,state_0ebeb8da7f1e7aa61ab51719,D:\VLE\paper_structure_worktree\dataset\binary_vle_english.xlsx,2c_d498cbbd8f767d43f3e7,31.54007259776,,0.18430000000000002,0.8157,,0.1774966931543513,0.8225033068456487,,0.18500000000000005,0.815,
uniquac,2,mol_1a0ca8e5eeb68da8,mol_9f4835d3aad75f1c,,CC(C)OC(C)C,CCC(C)Cl,,True,isothermal,10.1016/j.fluid.2011.06.001,isothermal,0.9230769230769231,,0.9709441763598464,0.9992015228552641,,1,False,31.004084435314567,,0.0,30.549452624987556,31.230655439631505,,unverified,0.5,state_27b43c1a729ead7139eadbc9,D:\VLE\paper_structure_worktree\dataset\binary_vle_english.xlsx,2c_d498cbbd8f767d43f3e7,31.545005525376,,0.13060000000000005,0.8694,,0.12494588579740704,0.8750541142025929,,0.13149999999999995,0.8685,
uniquac,2,mol_1a0ca8e5eeb68da8,mol_9f4835d3aad75f1c,,CC(C)OC(C)C,CCC(C)Cl,,True,isothermal,10.1016/j.fluid.2011.06.001,isothermal,0.8571428571428571,,0.9621281094658625,0.9999679799331869,,1,False,31.18262392264158,,0.0,30.549452624987556,31.230655439631505,,unverified,0.5,state_2b8d4bd968dfc1fd87f621b0,D:\VLE\paper_structure_worktree\dataset\binary_vle_english.xlsx,2c_d498cbbd8f767d43f3e7,31.525007170176,,0.025599999999999956,0.9744,,0.024130351301053673,0.9758696486989463,,0.026100000000000012,0.9739,
uniquac,2,mol_1a0ca8e5eeb68da8,mol_9f4835d3aad75f1c,,CC(C)OC(C)C,CCC(C)Cl,,True,isothermal,10.1016/j.fluid.2011.06.001,isothermal,0.8571428571428571,,0.9806157503370321,0.9967220584413652,,1,False,30.809534589606194,,0.0,30.549452624987556,31.230655439631505,,unverified,0.5,state_5229b983f144be8d2ae358bc,D:\VLE\paper_structure_worktree\dataset\binary_vle_english.xlsx,2c_d498cbbd8f767d43f3e7,31.525007170176,,0.2722,0.7278,,0.26467034320840593,0.7353296567915941,,0.2714,0.7286,
uniquac,2,mol_1a0ca8e5eeb68da8,mol_9f4835d3aad75f1c,,CC(C)OC(C)C,CCC(C)Cl,,True,isothermal,10.1016/j.fluid.2011.06.001,isothermal,0.9230769230769231,,0.9952862228901629,0.9851451830793633,,1,False,30.542952656145417,,0.0,30.549452624987556,31.230655439631505,,unverified,0.5,state_5a3d9665f0f40ab45f0c19e2,D:\VLE\paper_structure_worktree\dataset\binary_vle_english.xlsx,2c_d498cbbd8f767d43f3e7,31.299959012992,,0.6194,0.3806,,0.6166114821123292,0.3833885178876708,,0.6194,0.3806,
uniquac,2,mol_1a0ca8e5eeb68da8,mol_9f4835d3aad75f1c,,CC(C)OC(C)C,CCC(C)Cl,,True,isothermal,10.1016/j.fluid.2011.06.001,isothermal,0.9230769230769231,,0.9851460115085713,0.9946337452487882,,1,False,30.72070362348967,,0.0,30.549452624987556,31.230655439631505,,unverified,0.5,state_759d04e1cd2f0cd2082fe292,D:\VLE\paper_structure_worktree\dataset\binary_vle_english.xlsx,2c_d498cbbd8f767d43f3e7,31.499942564992,,0.3539,0.6461,,0.3466996798501486,0.6533003201498515,,0.35029999999999994,0.6497,
uniquac,2,mol_1a0ca8e5eeb68da8,mol_9f4835d3aad75f1c,,CC(C)OC(C)C,CCC(C)Cl,,True,isothermal,10.1016/j.fluid.2011.06.001,isothermal,0.9230769230769231,,0.9998831423021715,0.9697249414192611,,1,False,30.529430170881984,,0.0,30.549452624987556,31.230655439631505,,unverified,0.5,state_7a5a36ef6c6312d630e45771,D:\VLE\paper_structure_worktree\dataset\binary_vle_english.xlsx,2c_d498cbbd8f767d43f3e7,30.584951153408,,0.9369,0.0631,,0.9374049017159428,0.06259509828405727,,0.9291,0.0709,
uniquac,2,mol_1a0ca8e5eeb68da8,mol_9f4835d3aad75f1c,,CC(C)OC(C)C,CCC(C)Cl,,True,isothermal,10.1016/j.fluid.2011.06.001,isothermal,0.9230769230769231,,0.9985876621919632,0.9775090665946687,,1,False,30.511004339426783,,0.0,30.549452624987556,31.230655439631505,,unverified,0.5,state_908fd4c97fb9dfb5f7b3cdc4,D:\VLE\paper_structure_worktree\dataset\binary_vle_english.xlsx,2c_d498cbbd8f767d43f3e7,31.045046645376,,0.7859,0.2141,,0.7857789928633517,0.2142210071366482,,0.7736000000000001,0.2264,
uniquac,2,mol_1a0ca8e5eeb68da8,mol_9f4835d3aad75f1c,,CC(C)OC(C)C,CCC(C)Cl,,True,isothermal,10.1016/j.fluid.2011.06.001,isothermal,0.9230769230769231,,0.9926113461725632,0.9887327782295109,,1,False,30.584324304412775,,0.0,30.549452624987556,31.230655439631505,,unverified,0.5,state_c4ca56cdc8360a8e19dedd69,D:\VLE\paper_structure_worktree\dataset\binary_vle_english.xlsx,2c_d498cbbd8f767d43f3e7,31.389951611391997,,0.5305,0.4695,,0.5259799220294059,0.47402007797059414,,0.5222,0.4778,
uniquac,2,mol_9ac385b135af0125,mol_4cfc5db0ca2ab00b,,CC(=O)O,CCC(C)=O,,False,isobaric,10.1016/j.fluid.2009.03.008,isobaric,0.9583333333333334,shared_pair_or_uniquac_size_parameters_unavailable,,,,0,False,,,,,,,unverified,0.5,state_1828636675fe7761f7e7753f,D:\VLE\paper_structure_worktree\dataset\binary_vle_english.xlsx,2c_d61da005b4125a743b07,,388.55999999999995,0.9633,0.036699999999999955,,,,,0.9173,0.0827,
uniquac,2,mol_9ac385b135af0125,mol_4cfc5db0ca2ab00b,,CC(=O)O,CCC(C)=O,,False,isobaric,10.1016/j.fluid.2009.03.008,isobaric,0.9583333333333334,shared_pair_or_uniquac_size_parameters_unavailable,,,,0,False,,,,,,,unverified,0.5,state_46ee683b3e1c7ec2c5b7768f,D:\VLE\paper_structure_worktree\dataset\binary_vle_english.xlsx,2c_d61da005b4125a743b07,,383.79999999999995,0.8821,0.1179,,,,,0.7525,0.24750000000000005,
uniquac,2,mol_9ac385b135af0125,mol_4cfc5db0ca2ab00b,,CC(=O)O,CCC(C)=O,,False,isobaric,10.1016/j.fluid.2009.03.008,isobaric,0.9583333333333334,shared_pair_or_uniquac_size_parameters_unavailable,,,,0,False,,,,,,,unverified,0.5,state_a82350ccb9c9cbc6bd94a229,D:\VLE\paper_structure_worktree\dataset\binary_vle_english.xlsx,2c_d61da005b4125a743b07,,386.96,0.9376,0.06240000000000001,,,,,0.8614,0.13859999999999995,
uniquac,2,mol_db030b5de88f8eaf,mol_e81dc06beaa39499,,CC(C)O,O,,True,isobaric,10.1016/j.jct.2016.10.001,isobaric,0.9375,,11.070557044672915,1.0002145651968453,,258,False,,369.97985913605044,0.0,176.87019616386382,90.07285207019045,,unverified,0.5,state_0234764deda6f3ceff7091e8,D:\VLE\paper_structure_worktree\dataset\binary_vle_english.xlsx,2c_d66c7a74cea5d8732e08,,369.2,0.006,0.994,,0.115975489699282,0.884024510300718,,0.129,0.871,
uniquac,2,mol_db030b5de88f8eaf,mol_e81dc06beaa39499,,CC(C)O,O,,True,isobaric,10.1016/j.fluid.2017.09.010,isobaric,0.9473684210526315,,11.750524768382748,1.0,,258,False,,373.14437554442486,-1.2789769243681803e-13,198.83493957585836,100.99995974681588,,unverified,0.5,state_0b325b119a2aea9662790c6c,D:\VLE\paper_structure_worktree\dataset\binary_vle_english.xlsx,2c_d66c7a74cea5d8732e08,,373.0,0.0,1.0,,0.0,1.0,,0.0,1.0,
uniquac,2,mol_db030b5de88f8eaf,mol_e81dc06beaa39499,,CC(C)O,O,,True,isobaric,10.1016/j.fluid.2015.11.034,isobaric,0.9333333333333333,,9.354343630324967,1.003007367044776,,258,False,,364.06761846559493,1.1368683772161603e-13,141.35342749826978,72.33900970789904,,unverified,0.5,state_289477ac5710eecbbfc4afaf,D:\VLE\paper_structure_worktree\dataset\binary_vle_english.xlsx,2c_d66c7a74cea5d8732e08,,365.41999999999996,0.023,0.977,,0.30021910934916923,0.6997808906508307,,0.307,0.6930000000000001,
uniquac,2,mol_db030b5de88f8eaf,mol_e81dc06beaa39499,,CC(C)O,O,,True,isobaric,10.1016/j.jct.2017.02.005,isobaric,0.96875,,10.759006780488656,1.0004789247819974,,258,False,,368.2857168406109,-8.331113576787175e-10,165.9889423852248,84.64882040605988,,unverified,0.5,state_2f4976112bf78dd033deffa9,D:\VLE\paper_structure_worktree\dataset\binary_vle_english.xlsx,2c_d66c7a74cea5d8732e08,,366.74,0.009,0.991,,0.16072878661122883,0.8392712133887711,,0.179,0.821,
uniquac,2,mol_db030b5de88f8eaf,mol_e81dc06beaa39499,,CC(C)O,O,,True,isobaric,10.1016/j.jct.2016.10.001,isobaric,0.9375,,11.74685156497065,1.0,,258,False,,373.22705776589044,-2.842170943040401e-14,199.43870119924858,101.29993507481598,,unverified,0.5,state_32dcef71322be97c30a81b6f,D:\VLE\paper_structure_worktree\dataset\binary_vle_english.xlsx,2c_d66c7a74cea5d8732e08,,373.2,0.0,1.0,,0.0,1.0,,0.0,1.0,
uniquac,2,mol_db030b5de88f8eaf,mol_e81dc06beaa39499,,CC(C)O,O,,True,isobaric,10.1016/j.fluid.2014.02.006,isobaric,0.9411764705882353,,9.923000033215473,1.001670490730717,,258,False,,365.74929377658765,1.8735590856522322e-10,150.77048806438054,77.04963171316716,,unverified,0.5,state_4a822598c43f46c1454ab707,D:\VLE\paper_structure_worktree\dataset\binary_vle_english.xlsx,2c_d66c7a74cea5d8732e08,,366.49,0.017,0.983,,0.2510724658250932,0.7489275341749069,,0.222,0.778,
uniquac,2,mol_db030b5de88f8eaf,mol_e81dc06beaa39499,,CC(C)O,O,,True,isobaric,10.1016/j.jct.2016.10.001,isobaric,0.9375,,11.2926615430892,1.0000958934734396,,258,False,,370.96930492933876,-5.684341886080802e-14,183.50306822544127,93.37556688498942,,unverified,0.5,state_54ea64d87a8cf0ccdfee0293,D:\VLE\paper_structure_worktree\dataset\binary_vle_english.xlsx,2c_d66c7a74cea5d8732e08,,369.7,0.004,0.996,,0.08182583888362198,0.9181741611163781,,0.123,0.877,
uniquac,2,mol_db030b5de88f8eaf,mol_e81dc06beaa39499,,CC(C)O,O,,True,isobaric,10.1016/j.jct.2017.02.005,isobaric,0.96875,,11.533873422675686,1.000024114846889,,258,False,,371.6889768530569,-1.454480980100925e-10,188.46000264585032,95.84207190451515,,unverified,0.5,state_59b2cdc9210a6a2cf6b8b437,D:\VLE\paper_structure_worktree\dataset\binary_vle_english.xlsx,2c_d66c7a74cea5d8732e08,,371.44,0.002,0.998,,0.04347345806202964,0.9565265419379704,,0.05,0.95,
uniquac,2,mol_db030b5de88f8eaf,mol_e81dc06beaa39499,,CC(C)O,O,,True,isobaric,10.1016/j.jct.2016.10.001,isobaric,0.9375,,10.744669017816504,1.000478754486128,,258,False,,368.641286607602,1.9127810446661897e-11,168.22392851723708,85.76352275021482,,unverified,0.5,state_7494a83b3fdf9ae4da253947,D:\VLE\paper_structure_worktree\dataset\binary_vle_english.xlsx,2c_d66c7a74cea5d8732e08,,367.29999999999995,0.009,0.991,,0.16058839409060988,0.8394116059093902,,0.201,0.7989999999999999,
uniquac,2,mol_db030b5de88f8eaf,mol_e81dc06beaa39499,,CC(C)O,O,,True,isobaric,10.1016/j.jct.2006.04.006,isobaric,0.9444444444444444,,11.2926615430892,1.0000958934734396,,258,False,,370.96930492933876,-5.684341886080802e-14,183.50306822544127,93.37556688498942,,unverified,0.5,state_8c5acaf275258d8664e43ef0,D:\VLE\paper_structure_worktree\dataset\binary_vle_english.xlsx,2c_d66c7a74cea5d8732e08,,369.53,0.004,0.996,,0.08182583888362198,0.9181741611163781,,0.092,0.908,
uniquac,2,mol_db030b5de88f8eaf,mol_e81dc06beaa39499,,CC(C)O,O,,True,isobaric,10.1016/j.jct.2017.02.005,isobaric,0.96875,,11.307915103786428,1.0000959272850447,,258,False,,370.6114505029014,-1.5631940186722204e-13,181.0800210603364,92.16936322861001,,unverified,0.5,state_9588e975e92704496bbf8d41,D:\VLE\paper_structure_worktree\dataset\binary_vle_english.xlsx,2c_d66c7a74cea5d8732e08,,369.28999999999996,0.004,0.996,,0.08190546581618859,0.9180945341838115,,0.102,0.898,
uniquac,2,mol_db030b5de88f8eaf,mol_e81dc06beaa39499,,CC(C)O,O,,True,isobaric,10.1016/j.fluid.2017.09.010,isobaric,0.9473684210526315,,9.906348780592856,1.0017092188027232,,258,False,,365.60643304411707,8.735554501981824e-10,149.95013681647993,76.63953540796781,,unverified,0.5,state_97e6157a9e3b42b7b090fc37,D:\VLE\paper_structure_worktree\dataset\binary_vle_english.xlsx,2c_d66c7a74cea5d8732e08,,367.09999999999997,0.0172,0.9828,,0.25296924642203295,0.7470307535779671,,0.2292,0.7708,
uniquac,2,mol_db030b5de88f8eaf,mol_e81dc06beaa39499,,CC(C)O,O,,True,isobaric,10.1016/j.jct.2006.04.006,isobaric,0.9444444444444444,,10.324916910608229,1.0009878019423704,,258,False,,367.08673139023114,-1.7053025658242404e-13,158.6388304903556,80.98060437282984,,unverified,0.5,state_a2ce4181002b32044a605764,D:\VLE\paper_structure_worktree\dataset\binary_vle_english.xlsx,2c_d66c7a74cea5d8732e08,,365.15,0.013,0.987,,0.2101988086289552,0.7898011913710449,,0.229,0.771,
uniquac,2,mol_db030b5de88f8eaf,mol_e81dc06beaa39499,,CC(C)O,O,,True,isobaric,10.1016/j.fluid.2014.02.006,isobaric,0.9411764705882353,,11.2926615430892,1.0000958934734396,,258,False,,370.96930492933876,-5.684341886080802e-14,183.50306822544127,93.37556688498942,,unverified,0.5,state_d4a361690298712a07d88484,D:\VLE\paper_structure_worktree\dataset\binary_vle_english.xlsx,2c_d66c7a74cea5d8732e08,,371.38,0.004,0.996,,0.08182583888362198,0.9181741611163781,,0.065,0.935,
uniquac,2,mol_db030b5de88f8eaf,mol_e81dc06beaa39499,,CC(C)O,O,,True,isobaric,10.1016/j.jct.2016.10.001,isobaric,0.9375,,9.923000033215473,1.001670490730717,,258,False,,365.74929377658765,1.8735590856522322e-10,150.77048806438054,77.04963171316716,,unverified,0.5,state_ddd38c4beb08cfdc6182dd76,D:\VLE\paper_structure_worktree\dataset\binary_vle_english.xlsx,2c_d66c7a74cea5d8732e08,,364.4,0.017,0.983,,0.2510724658250932,0.7489275341749069,,0.282,0.718,
uniquac,2,mol_db030b5de88f8eaf,mol_e81dc06beaa39499,,CC(C)O,O,,True,isobaric,10.1016/j.jct.2017.02.005,isobaric,0.96875,,11.762853777171804,1.0,,258,False,,372.8672510832214,1.2789769243681803e-13,196.82269076320787,100.00004198681613,,unverified,0.5,state_f5e942a4cb7186cd1f889e98,D:\VLE\paper_structure_worktree\dataset\binary_vle_english.xlsx,2c_d66c7a74cea5d8732e08,,372.80999999999995,0.0,1.0,,0.0,1.0,,0.0,1.0,
uniquac,2,mol_db030b5de88f8eaf,mol_e81dc06beaa39499,,CC(C)O,O,,True,isobaric,10.1016/j.jct.2006.04.006,isobaric,0.9444444444444444,,11.74685156497065,1.0,,258,False,,373.22705776589044,-2.842170943040401e-14,199.43870119924858,101.29993507481598,,unverified,0.5,state_f75d499eefb0c17b41ae48d8,D:\VLE\paper_structure_worktree\dataset\binary_vle_english.xlsx,2c_d66c7a74cea5d8732e08,,373.15,0.0,1.0,,0.0,1.0,,0.0,1.0,
uniquac,2,mol_7d3e12eaed0f467c,mol_e81dc06beaa39499,,CS(C)=O,O,,False,isobaric,10.1016/j.fluid.2008.09.010,isobaric,0.9411764705882353,shared_pair_or_uniquac_size_parameters_unavailable,,,,0,False,,,,,,,passed,1.0,state_3479c7af4a681c156173f8f6,D:\VLE\paper_structure_worktree\dataset\binary_vle_english.xlsx,2c_d89740e05ac3f0ccc959,,386.27,0.9061,0.0939,,,,,0.5920000000000001,0.408,
uniquac,2,mol_7d3e12eaed0f467c,mol_e81dc06beaa39499,,CS(C)=O,O,,False,isobaric,10.1016/j.fluid.2008.09.010,isobaric,0.9411764705882353,shared_pair_or_uniquac_size_parameters_unavailable,,,,0,False,,,,,,,passed,1.0,state_eca0a23be0ff013d92c25123,D:\VLE\paper_structure_worktree\dataset\binary_vle_english.xlsx,2c_d89740e05ac3f0ccc959,,388.15,0.912,0.088,,,,,0.6182000000000001,0.3818,
uniquac,2,mol_d365f2fae67d24f2,mol_015d21fca05fcd26,,C1COCCO1,CC(C)CO,,True,isobaric,10.1016/j.jct.2003.09.001,isobaric,0.9285714285714286,,1.2795845007759554,1.019700233216229,,258,False,,376.7700444980763,3.958007255278062e-10,111.05721731334314,86.79526442631087,,unverified,0.5,state_1f9095b5be44ce3324492cb9,D:\VLE\paper_structure_worktree\dataset\binary_vle_english.xlsx,2c_dc191206ee879c89c4e5,,378.4,0.2387,0.7613,,0.3348567134448799,0.66514328655512,,0.3067,0.6933,
uniquac,2,mol_d365f2fae67d24f2,mol_015d21fca05fcd26,,C1COCCO1,CC(C)CO,,True,isobaric,10.1016/j.jct.2003.09.001,isobaric,0.9285714285714286,,1.2185074743774085,1.040132421288736,,258,False,,375.708385038857,-2.842170943040401e-14,107.41630183312924,83.24078543186248,,unverified,0.5,state_4f58d369c742477f9323edb4,D:\VLE\paper_structure_worktree\dataset\binary_vle_english.xlsx,2c_dc191206ee879c89c4e5,,377.4,0.3322,0.6678,,0.42922880069201025,0.5707711993079898,,0.401,0.599,
uniquac,2,mol_d365f2fae67d24f2,mol_015d21fca05fcd26,,C1COCCO1,CC(C)CO,,True,isobaric,10.1016/j.jct.2003.09.001,isobaric,0.9285714285714286,,1.133263456884508,1.0945741661437132,,258,False,,374.41427047225875,-3.603872755775228e-11,103.11286685400654,79.07894149476326,,unverified,0.5,state_739a3b81ed1fa157523cf769,D:\VLE\paper_structure_worktree\dataset\binary_vle_english.xlsx,2c_dc191206ee879c89c4e5,,375.99,0.4866,0.5134000000000001,,0.5613150466419088,0.4386849533580911,,0.543,0.45699999999999996,
uniquac,2,mol_d365f2fae67d24f2,mol_015d21fca05fcd26,,C1COCCO1,CC(C)CO,,True,isobaric,10.1016/j.jct.2003.09.001,isobaric,0.9285714285714286,,1.4305458354639506,1.000577008867441,,258,False,,379.8739106371511,-5.314291229296941e-10,122.29435943125998,97.95034982016298,,unverified,0.5,state_b8a40038668f63badcf3c364,D:\VLE\paper_structure_worktree\dataset\binary_vle_english.xlsx,2c_dc191206ee879c89c4e5,,380.75,0.0428,0.9572,,0.07391674022646,0.92608325977354,,0.0618,0.9382,
uniquac,2,mol_d365f2fae67d24f2,mol_015d21fca05fcd26,,C1COCCO1,CC(C)CO,,True,isobaric,10.1016/j.jct.2003.09.001,isobaric,0.9285714285714286,,1.3395232959518255,1.008074200753327,,258,False,,377.91916714264266,0.0,115.11299335698085,90.78978323553736,,unverified,0.5,state_cb1df3893087d54925ba40b5,D:\VLE\paper_structure_worktree\dataset\binary_vle_english.xlsx,2c_dc191206ee879c89c4e5,,379.24,0.156,0.844,,0.23745977369194055,0.7625402263080594,,0.2094,0.7906,
uniquac,2,mol_d365f2fae67d24f2,mol_015d21fca05fcd26,,C1COCCO1,CC(C)CO,,True,isobaric,10.1016/j.jct.2003.09.001,isobaric,0.9285714285714286,,1.1588338358796046,1.0736683949269028,,258,False,,374.7783322561074,-1.4210854715202004e-14,104.3087574979594,80.23113156380123,,unverified,0.5,state_ee276a466f4e8f7ea482ff80,D:\VLE\paper_structure_worktree\dataset\binary_vle_english.xlsx,2c_dc191206ee879c89c4e5,,376.35999999999996,0.4364,0.5636,,0.5207358941283119,0.47926410587168816,,0.4962,0.5038,
uniquac,2,mol_d365f2fae67d24f2,mol_015d21fca05fcd26,,C1COCCO1,CC(C)CO,,True,isobaric,10.1016/j.jct.2003.09.001,isobaric,0.9285714285714286,,1.3950771091846887,1.0023412682259154,,258,False,,379.08143747841046,7.105427357601002e-14,119.33946024711747,94.99067950782386,,unverified,0.5,state_f1805c6522b84eba4add1019,D:\VLE\paper_structure_worktree\dataset\binary_vle_english.xlsx,2c_dc191206ee879c89c4e5,,380.2,0.0854,0.9146,,0.14035600094222395,0.859643999057776,,0.1206,0.8794,
uniquac,2,mol_1c09299644053521,mol_e8df6c9e89c6b62a,,Cc1ccccc1,ClCCCl,,False,isobaric,10.1016/j.jct.2006.12.003,isobaric,0.9333333333333333,shared_pair_or_uniquac_size_parameters_unavailable,,,,0,False,,,,,,,unverified,0.5,state_2340257c9c23688cc8b5ce79,D:\VLE\paper_structure_worktree\dataset\binary_vle_english.xlsx,2c_df88b179a6c12f0b788b,,378.25,0.888,0.112,,,,,0.78,0.22,
uniquac,2,mol_1c09299644053521,mol_e8df6c9e89c6b62a,,Cc1ccccc1,ClCCCl,,False,isobaric,10.1016/j.jct.2006.12.003,isobaric,0.9333333333333333,shared_pair_or_uniquac_size_parameters_unavailable,,,,0,False,,,,,,,unverified,0.5,state_face6425115eaaae1c6f4e34,D:\VLE\paper_structure_worktree\dataset\binary_vle_english.xlsx,2c_df88b179a6c12f0b788b,,380.45,0.95,0.05,,,,,0.864,0.136,
uniquac,2,mol_db030b5de88f8eaf,mol_ad4ef9c6c876ca2f,,CC(C)O,CCCCO,,True,isobaric,10.1016/j.fluid.2012.12.020,isobaric,0.9565217391304348,,0.9672400838438302,1.0,,258,False,,390.95129978284,4.263256414560601e-14,370.8652256066166,100.99995974681605,,unverified,0.5,state_8d8f95006c5df8744f15dfd4,D:\VLE\paper_structure_worktree\dataset\binary_vle_english.xlsx,2c_e06683c33855ee8d702b,,390.85999999999996,0.0,1.0,,0.0,1.0,,0.0,1.0,
uniquac,2,mol_db030b5de88f8eaf,mol_ad4ef9c6c876ca2f,,CC(C)O,CCCCO,,True,isobaric,10.1016/j.fluid.2012.12.020,isobaric,0.9565217391304348,,0.9684253166181633,0.9999848695899254,,258,False,,389.3958091028611,-9.947598300641403e-14,352.0096310565458,95.42929856050874,,unverified,0.5,state_d0c8594829834d23a048d1d0,D:\VLE\paper_structure_worktree\dataset\binary_vle_english.xlsx,2c_e06683c33855ee8d702b,,389.12,0.0227,0.9773,,0.0766170342173694,0.9233829657826306,,0.0672,0.9328,
uniquac,2,mol_db030b5de88f8eaf,mol_ad4ef9c6c876ca2f,,CC(C)O,CCCCO,,True,isobaric,10.1016/j.fluid.2012.12.020,isobaric,0.9565217391304348,,0.9697069202347943,0.9999334325446657,,258,False,,387.78660641910255,7.194813633759622e-10,333.3643360553205,89.94632488549676,,unverified,0.5,state_ff4ee521cd6f23ee206519db,D:\VLE\paper_structure_worktree\dataset\binary_vle_english.xlsx,2c_e06683c33855ee8d702b,,387.53,0.0474,0.9526,,0.1517108956327673,0.8482891043672327,,0.1362,0.8638,
uniquac,2,mol_fddb2c852c313396,mol_7165dcf6be1f831d,,CCCCCCC,c1ccccc1,,False,isothermal,10.1016/j.fluid.2016.02.018,isothermal,0.8,shared_pair_or_uniquac_size_parameters_unavailable,,,,0,False,,,,,,,unverified,0.5,state_583122567414755a212ee8d6,D:\VLE\paper_structure_worktree\dataset\binary_vle_english.xlsx,2c_e0c162126f5997f9fcd9,95.100044995712,,0.8008,0.19920000000000004,,,,,0.6597,0.34030000000000005,
uniquac,2,mol_fddb2c852c313396,mol_7165dcf6be1f831d,,CCCCCCC,c1ccccc1,,False,isothermal,10.1016/j.fluid.2016.02.018,isothermal,0.8,shared_pair_or_uniquac_size_parameters_unavailable,,,,0,False,,,,,,,unverified,0.5,state_985ff08f699ead9a69aa7bc7,D:\VLE\paper_structure_worktree\dataset\binary_vle_english.xlsx,2c_e0c162126f5997f9fcd9,108.000050678656,,0.5997,0.4003,,,,,0.4354,0.5646,
uniquac,2,mol_fddb2c852c313396,mol_7165dcf6be1f831d,,CCCCCCC,c1ccccc1,,False,isothermal,10.1016/j.fluid.2016.02.018,isothermal,0.8,shared_pair_or_uniquac_size_parameters_unavailable,,,,0,False,,,,,,,unverified,0.5,state_e33c1cc69c4cc48d959bac81,D:\VLE\paper_structure_worktree\dataset\binary_vle_english.xlsx,2c_e0c162126f5997f9fcd9,120.799931263232,,0.3856,0.6144000000000001,,,,,0.2821,0.7179,
uniquac,2,mol_fddb2c852c313396,mol_7165dcf6be1f831d,,CCCCCCC,c1ccccc1,,False,isothermal,10.1016/j.fluid.2016.02.018,isothermal,0.8,shared_pair_or_uniquac_size_parameters_unavailable,,,,0,False,,,,,,,unverified,0.5,state_fc1aca9a6c7b4d11d336accc,D:\VLE\paper_structure_worktree\dataset\binary_vle_english.xlsx,2c_e0c162126f5997f9fcd9,130.19995814144,,0.1998,0.8002,,,,,0.1498,0.8502000000000001,
uniquac,2,mol_e04cf77cea7bbe66,mol_4df2781fcf4d4a77,,CC(C)=O,CCOC(=O)OCC,,False,isobaric,10.1016/j.fluid.2005.06.024,isobaric,0.9743589743589743,shared_pair_or_uniquac_size_parameters_unavailable,,,,0,False,,,,,,,unverified,0.5,state_022dc6da9bf1f9b87c50b469,D:\VLE\paper_structure_worktree\dataset\binary_vle_english.xlsx,2c_e0ef8174c7b6fc15273a,,392.57,0.0372,0.9628,,,,,0.2054,0.7946,
uniquac,2,mol_e04cf77cea7bbe66,mol_4df2781fcf4d4a77,,CC(C)=O,CCOC(=O)OCC,,False,isobaric,10.1016/j.fluid.2005.06.024,isobaric,0.9743589743589743,shared_pair_or_uniquac_size_parameters_unavailable,,,,0,False,,,,,,,unverified,0.5,state_0ea6da44876219718d4686a5,D:\VLE\paper_structure_worktree\dataset\binary_vle_english.xlsx,2c_e0ef8174c7b6fc15273a,,395.28,0.0209,0.9791,,,,,0.1206,0.8794,
uniquac,2,mol_e04cf77cea7bbe66,mol_4df2781fcf4d4a77,,CC(C)=O,CCOC(=O)OCC,,False,isobaric,10.1016/j.fluid.2005.06.024,isobaric,0.9743589743589743,shared_pair_or_uniquac_size_parameters_unavailable,,,,0,False,,,,,,,unverified,0.5,state_38af3c26a236850e600403a3,D:\VLE\paper_structure_worktree\dataset\binary_vle_english.xlsx,2c_e0ef8174c7b6fc15273a,,385.53999999999996,0.0875,0.9125,,,,,0.3934,0.6066,
uniquac,2,mol_e04cf77cea7bbe66,mol_4df2781fcf4d4a77,,CC(C)=O,CCOC(=O)OCC,,False,isobaric,10.1016/j.fluid.2005.06.024,isobaric,0.9743589743589743,shared_pair_or_uniquac_size_parameters_unavailable,,,,0,False,,,,,,,unverified,0.5,state_83f3e49468171bccedf69c6f,D:\VLE\paper_structure_worktree\dataset\binary_vle_english.xlsx,2c_e0ef8174c7b6fc15273a,,390.39,0.0511,0.9489,,,,,0.2675,0.7324999999999999,
uniquac,2,mol_e04cf77cea7bbe66,mol_4df2781fcf4d4a77,,CC(C)=O,CCOC(=O)OCC,,False,isobaric,10.1016/j.fluid.2005.06.024,isobaric,0.9743589743589743,shared_pair_or_uniquac_size_parameters_unavailable,,,,0,False,,,,,,,unverified,0.5,state_c94d52539c0dd5b3487d54b5,D:\VLE\paper_structure_worktree\dataset\binary_vle_english.xlsx,2c_e0ef8174c7b6fc15273a,,387.5,0.0727,0.9273,,,,,0.3447,0.6553,
uniquac,2,mol_e04cf77cea7bbe66,mol_4df2781fcf4d4a77,,CC(C)=O,CCOC(=O)OCC,,False,isobaric,10.1016/j.fluid.2005.06.024,isobaric,0.9743589743589743,shared_pair_or_uniquac_size_parameters_unavailable,,,,0,False,,,,,,,unverified,0.5,state_cd4014928d1d28b90d3808c7,D:\VLE\paper_structure_worktree\dataset\binary_vle_english.xlsx,2c_e0ef8174c7b6fc15273a,,393.62,0.0287,0.9713,,,,,0.1689,0.8311,
uniquac,2,mol_6fdb0ec09de24512,mol_e8df6c9e89c6b62a,,CC[N+](=O)[O-],ClCCCl,,False,isothermal,10.1016/j.fluid.2010.01.024,isothermal,0.9333333333333333,shared_pair_or_uniquac_size_parameters_unavailable,,,,0,False,,,,,,,unverified,0.5,state_2bdf303e1734d591943a9dd6,D:\VLE\paper_structure_worktree\dataset\binary_vle_english.xlsx,2c_e1c33e24ae7f6ab4d0bf,48.67999622784,,0.7681,0.2319,,,,,0.5205,0.4795,
uniquac,2,mol_6fdb0ec09de24512,mol_e8df6c9e89c6b62a,,CC[N+](=O)[O-],ClCCCl,,False,isothermal,10.1016/j.fluid.2010.01.024,isothermal,0.9333333333333333,shared_pair_or_uniquac_size_parameters_unavailable,,,,0,False,,,,,,,unverified,0.5,state_34dbcb29581eb27fa7a0c876,D:\VLE\paper_structure_worktree\dataset\binary_vle_english.xlsx,2c_e1c33e24ae7f6ab4d0bf,38.260053234432,,0.9206,0.0794,,,,,0.7981,0.2019,
uniquac,2,mol_6fdb0ec09de24512,mol_e8df6c9e89c6b62a,,CC[N+](=O)[O-],ClCCCl,,False,isothermal,10.1016/j.fluid.2010.01.024,isothermal,0.9333333333333333,shared_pair_or_uniquac_size_parameters_unavailable,,,,0,False,,,,,,,unverified,0.5,state_37d815bcf6dca00c8d1168c9,D:\VLE\paper_structure_worktree\dataset\binary_vle_english.xlsx,2c_e1c33e24ae7f6ab4d0bf,41.660040263168,,0.8753,0.1247,,,,,0.6892,0.3108,
uniquac,2,mol_6fdb0ec09de24512,mol_e8df6c9e89c6b62a,,CC[N+](=O)[O-],ClCCCl,,False,isothermal,10.1016/j.fluid.2010.01.024,isothermal,0.9333333333333333,shared_pair_or_uniquac_size_parameters_unavailable,,,,0,False,,,,,,,unverified,0.5,state_3e3c09badf2d3f69ff3eb043,D:\VLE\paper_structure_worktree\dataset\binary_vle_english.xlsx,2c_e1c33e24ae7f6ab4d0bf,60.569951650816,,0.5674,0.4326,,,,,0.31420000000000003,0.6858,
uniquac,2,mol_6fdb0ec09de24512,mol_e8df6c9e89c6b62a,,CC[N+](=O)[O-],ClCCCl,,False,isothermal,10.1016/j.fluid.2010.01.024,isothermal,0.9333333333333333,shared_pair_or_uniquac_size_parameters_unavailable,,,,0,False,,,,,,,unverified,0.5,state_4eaf71711a442b1b09851e9a,D:\VLE\paper_structure_worktree\dataset\binary_vle_english.xlsx,2c_e1c33e24ae7f6ab4d0bf,32.77997062016,,1.0,0.0,,,,,1.0,0.0,
uniquac,2,mol_6fdb0ec09de24512,mol_e8df6c9e89c6b62a,,CC[N+](=O)[O-],ClCCCl,,False,isothermal,10.1016/j.fluid.2010.01.024,isothermal,0.9333333333333333,shared_pair_or_uniquac_size_parameters_unavailable,,,,0,False,,,,,,,unverified,0.5,state_4f9d9315058b43e1a20c6769,D:\VLE\paper_structure_worktree\dataset\binary_vle_english.xlsx,2c_e1c33e24ae7f6ab4d0bf,83.59005832153599,,0.13070000000000004,0.8693,,,,,0.061000000000000054,0.939,
uniquac,2,mol_6fdb0ec09de24512,mol_e8df6c9e89c6b62a,,CC[N+](=O)[O-],ClCCCl,,False,isothermal,10.1016/j.fluid.2010.01.024,isothermal,0.9333333333333333,shared_pair_or_uniquac_size_parameters_unavailable,,,,0,False,,,,,,,unverified,0.5,state_72319c92a0c24e288053b2f5,D:\VLE\paper_structure_worktree\dataset\binary_vle_english.xlsx,2c_e1c33e24ae7f6ab4d0bf,75.870026602496,,0.29169999999999996,0.7083,,,,,0.13660000000000005,0.8634,
uniquac,2,mol_6fdb0ec09de24512,mol_e8df6c9e89c6b62a,,CC[N+](=O)[O-],ClCCCl,,False,isothermal,10.1016/j.fluid.2010.01.024,isothermal,0.9333333333333333,shared_pair_or_uniquac_size_parameters_unavailable,,,,0,False,,,,,,,unverified,0.5,state_847d69ee3897c667d03705cc,D:\VLE\paper_structure_worktree\dataset\binary_vle_english.xlsx,2c_e1c33e24ae7f6ab4d0bf,68.859936493056,,0.4265,0.5735,,,,,0.20889999999999997,0.7911,
uniquac,2,mol_6fdb0ec09de24512,mol_e8df6c9e89c6b62a,,CC[N+](=O)[O-],ClCCCl,,False,isothermal,10.1016/j.fluid.2010.01.024,isothermal,0.9333333333333333,shared_pair_or_uniquac_size_parameters_unavailable,,,,0,False,,,,,,,unverified,0.5,state_88b768bf973c269ba4633db9,D:\VLE\paper_structure_worktree\dataset\binary_vle_english.xlsx,2c_e1c33e24ae7f6ab4d0bf,45.100024002304,,0.8244,0.1756,,,,,0.6105,0.3895,
uniquac,2,mol_6fdb0ec09de24512,mol_e8df6c9e89c6b62a,,CC[N+](=O)[O-],ClCCCl,,False,isothermal,10.1016/j.fluid.2010.01.024,isothermal,0.9333333333333333,shared_pair_or_uniquac_size_parameters_unavailable,,,,0,False,,,,,,,unverified,0.5,state_8bcc4e1de576c68db1f5d72b,D:\VLE\paper_structure_worktree\dataset\binary_vle_english.xlsx,2c_e1c33e24ae7f6ab4d0bf,52.690066412544,,0.7024,0.2976,,,,,0.4434,0.5566,
uniquac,2,mol_6fdb0ec09de24512,mol_e8df6c9e89c6b62a,,CC[N+](=O)[O-],ClCCCl,,False,isothermal,10.1016/j.fluid.2010.01.024,isothermal,0.9333333333333333,shared_pair_or_uniquac_size_parameters_unavailable,,,,0,False,,,,,,,unverified,0.5,state_8e50abe107a82ab94ba94235,D:\VLE\paper_structure_worktree\dataset\binary_vle_english.xlsx,2c_e1c33e24ae7f6ab4d0bf,90.350035668608,,0.0,1.0,,,,,0.0,1.0,
uniquac,2,mol_6fdb0ec09de24512,mol_e8df6c9e89c6b62a,,CC[N+](=O)[O-],ClCCCl,,False,isothermal,10.1016/j.fluid.2010.01.024,isothermal,0.9333333333333333,shared_pair_or_uniquac_size_parameters_unavailable,,,,0,False,,,,,,,unverified,0.5,state_938fd27b8e6d9720d2e0582a,D:\VLE\paper_structure_worktree\dataset\binary_vle_english.xlsx,2c_e1c33e24ae7f6ab4d0bf,72.75001654655999,,0.3508,0.6492,,,,,0.16610000000000003,0.8339,
uniquac,2,mol_6fdb0ec09de24512,mol_e8df6c9e89c6b62a,,CC[N+](=O)[O-],ClCCCl,,False,isothermal,10.1016/j.fluid.2010.01.024,isothermal,0.9333333333333333,shared_pair_or_uniquac_size_parameters_unavailable,,,,0,False,,,,,,,unverified,0.5,state_b4551f5978782b82f1c31713,D:\VLE\paper_structure_worktree\dataset\binary_vle_english.xlsx,2c_e1c33e24ae7f6ab4d0bf,57.039975313279996,,0.6199,0.3801,,,,,0.3698,0.6302,
uniquac,2,mol_6fdb0ec09de24512,mol_e8df6c9e89c6b62a,,CC[N+](=O)[O-],ClCCCl,,False,isothermal,10.1016/j.fluid.2010.01.024,isothermal,0.9333333333333333,shared_pair_or_uniquac_size_parameters_unavailable,,,,0,False,,,,,,,unverified,0.5,state_dce512510af8a42caba14f2b,D:\VLE\paper_structure_worktree\dataset\binary_vle_english.xlsx,2c_e1c33e24ae7f6ab4d0bf,80.06994783923199,,0.20120000000000005,0.7988,,,,,0.09299999999999997,0.907,
uniquac,2,mol_ad4ef9c6c876ca2f,mol_5fb2f93dc8caa9dc,,CCCCO,CCCO,,True,isobaric,10.1016/j.jct.2010.02.001,isobaric,0.9444444444444444,,1.0049876029628402,1.168388151532754,,258,False,,381.95877525660865,4.263256414560601e-14,72.29416341629911,157.22881846130298,,unverified,0.5,state_5623b586fd33adbc73550ca6,D:\VLE\paper_structure_worktree\dataset\binary_vle_english.xlsx,2c_e584d9baea666806df78,,383.9,0.8321000000000001,0.1679,,0.6621690646774864,0.3378309353225136,,0.6859999999999999,0.314,
uniquac,2,mol_ad4ef9c6c876ca2f,mol_5fb2f93dc8caa9dc,,CCCCO,CCCO,,True,isobaric,10.1016/j.jct.2010.02.001,isobaric,0.9444444444444444,,1.0007865594988845,1.2033044641833983,,258,False,,385.36284468419285,1.8474111129762605e-13,82.20000849806766,177.9821898762826,,unverified,0.5,state_5f8847e90baf974603caeee1,D:\VLE\paper_structure_worktree\dataset\binary_vle_english.xlsx,2c_e584d9baea666806df78,,386.15,0.9315,0.0685,,0.8393162088638565,0.16068379113614362,,0.8587,0.1413,
uniquac,2,mol_ad4ef9c6c876ca2f,mol_5fb2f93dc8caa9dc,,CCCCO,CCCO,,True,isobaric,10.1016/j.jct.2010.02.001,isobaric,0.9444444444444444,,1.0,1.2282902214597,,258,False,,388.19156922288704,-7.105427357601002e-14,91.29995754060793,196.97083645303937,,unverified,0.5,state_67c510b17955c1ccdbca98bf,D:\VLE\paper_structure_worktree\dataset\binary_vle_english.xlsx,2c_e584d9baea666806df78,,388.04999999999995,1.0,0.0,,1.0,0.0,,1.0,0.0,
uniquac,2,mol_ad4ef9c6c876ca2f,mol_5fb2f93dc8caa9dc,,CCCCO,CCCO,,True,isobaric,10.1016/j.jct.2010.02.001,isobaric,0.9444444444444444,,1.009510147700294,1.14824902203497,,258,False,,380.213712897493,0.0,67.62804428496129,147.41970560512692,,unverified,0.5,state_adb891ee75676d93da0acf04,D:\VLE\paper_structure_worktree\dataset\binary_vle_english.xlsx,2c_e584d9baea666806df78,,382.09999999999997,0.772,0.228,,0.5772769833008777,0.42272301669912227,,0.575,0.425,
uniquac,2,mol_ad4ef9c6c876ca2f,mol_5fb2f93dc8caa9dc,,CCCCO,CCCO,,True,isobaric,10.1016/j.jct.2010.02.001,isobaric,0.9444444444444444,,1.000159953534697,1.2168331350786246,,258,False,,386.84623325231746,-4.121147867408581e-13,86.86945042249782,187.73438789311425,,unverified,0.5,state_b7befc097ffb7740f7e3bc4e,D:\VLE\paper_structure_worktree\dataset\binary_vle_english.xlsx,2c_e584d9baea666806df78,,387.25,0.9688,0.0312,,0.9219345483394147,0.07806545166058534,,0.9002,0.0998,
uniquac,2,mol_ca12d6d2f2ffb170,mol_7d3e12eaed0f467c,,CN(C)C=O,CS(C)=O,,False,isobaric,10.1016/j.fluid.2015.09.039,isobaric,0.96875,shared_pair_or_uniquac_size_parameters_unavailable,,,,0,False,,,,,,,unverified,0.5,state_280fc2b0d465ba32d99af8aa,D:\VLE\paper_structure_worktree\dataset\binary_vle_english.xlsx,2c_e8b98868a6b90d408930,,459.33,0.069,0.931,,,,,0.154,0.846,
uniquac,2,mol_ca12d6d2f2ffb170,mol_7d3e12eaed0f467c,,CN(C)C=O,CS(C)=O,,False,isobaric,10.1016/j.fluid.2015.09.039,isobaric,0.96875,shared_pair_or_uniquac_size_parameters_unavailable,,,,0,False,,,,,,,unverified,0.5,state_28a3bd9bb92c655d8671afe7,D:\VLE\paper_structure_worktree\dataset\binary_vle_english.xlsx,2c_e8b98868a6b90d408930,,461.24,0.042,0.958,,,,,0.096,0.904,
uniquac,2,mol_ca12d6d2f2ffb170,mol_7d3e12eaed0f467c,,CN(C)C=O,CS(C)=O,,False,isobaric,10.1016/j.fluid.2015.09.039,isobaric,0.96875,shared_pair_or_uniquac_size_parameters_unavailable,,,,0,False,,,,,,,unverified,0.5,state_bf82fbf65b8322367526b675,D:\VLE\paper_structure_worktree\dataset\binary_vle_english.xlsx,2c_e8b98868a6b90d408930,,462.9,0.022,0.978,,,,,0.051,0.949,
uniquac,2,mol_ca12d6d2f2ffb170,mol_7d3e12eaed0f467c,,CN(C)C=O,CS(C)=O,,False,isobaric,10.1016/j.fluid.2015.09.039,isobaric,0.96875,shared_pair_or_uniquac_size_parameters_unavailable,,,,0,False,,,,,,,unverified,0.5,state_e93e07a4e3fcde54724abea0,D:\VLE\paper_structure_worktree\dataset\binary_vle_english.xlsx,2c_e8b98868a6b90d408930,,463.75,0.011,0.989,,,,,0.026,0.974,
uniquac,2,mol_ca12d6d2f2ffb170,mol_7d3e12eaed0f467c,,CN(C)C=O,CS(C)=O,,False,isobaric,10.1016/j.fluid.2015.09.039,isobaric,0.96875,shared_pair_or_uniquac_size_parameters_unavailable,,,,0,False,,,,,,,unverified,0.5,state_ec393802d10562e737abbe18,D:\VLE\paper_structure_worktree\dataset\binary_vle_english.xlsx,2c_e8b98868a6b90d408930,,456.84999999999997,0.099,0.901,,,,,0.216,0.784,
uniquac,2,mol_db030b5de88f8eaf,mol_d9e0a2387a6283f9,,CC(C)O,ClC(Cl)Cl,,False,isobaric,10.1016/j.fluid.2018.03.011,isobaric,0.9090909090909091,shared_pair_or_uniquac_size_parameters_unavailable,,,,0,False,,,,,,,unverified,0.5,state_6d825c10efda2935bea46f39,D:\VLE\paper_structure_worktree\dataset\binary_vle_english.xlsx,2c_e923997b8f9df5a64a73,,346.75,0.8240000000000001,0.176,,,,,0.596,0.404,
uniquac,2,mol_db030b5de88f8eaf,mol_d9e0a2387a6283f9,,CC(C)O,ClC(Cl)Cl,,False,isobaric,10.1016/j.fluid.2018.03.011,isobaric,0.9090909090909091,shared_pair_or_uniquac_size_parameters_unavailable,,,,0,False,,,,,,,unverified,0.5,state_8f12d10857dd6de1ec17c17d,D:\VLE\paper_structure_worktree\dataset\binary_vle_english.xlsx,2c_e923997b8f9df5a64a73,,351.04999999999995,0.924,0.076,,,,,0.79,0.21,
uniquac,2,mol_626f3d1f5bbb6f55,mol_f7989a5c13417f20,,C1CCOCC1,CCCCCl,,True,isobaric,10.1016/j.fluid.2005.02.014,isobaric,0.9285714285714286,,0.9965469555257096,0.9446815477404326,,258,False,,359.39038942484467,2.842170943040401e-14,96.22648838810964,130.20699864072094,,unverified,0.5,state_03187bf3c60a129fcbcb12a4,D:\VLE\paper_structure_worktree\dataset\binary_vle_english.xlsx,2c_e94406f9abae6913c6d1,,359.60999999999996,0.8006,0.19940000000000002,,0.7578771665253848,0.24212283347461508,,0.7564,0.24360000000000004,
uniquac,2,mol_626f3d1f5bbb6f55,mol_f7989a5c13417f20,,C1CCOCC1,CCCCCl,,True,isobaric,10.1016/j.fluid.2005.02.014,isobaric,0.9285714285714286,,0.9990657512538079,0.9316424408175777,,258,False,,360.2137642065335,5.4512838687514886e-11,98.71137282969042,133.5232361132397,,unverified,0.5,state_b4f57e5e35759e4d6952efc8,D:\VLE\paper_structure_worktree\dataset\binary_vle_english.xlsx,2c_e94406f9abae6913c6d1,,360.4,0.896,0.10399999999999998,,0.8722884175130833,0.12771158248691675,,0.8712,0.12880000000000003,
uniquac,2,mol_626f3d1f5bbb6f55,mol_f7989a5c13417f20,,C1CCOCC1,CCCCCl,,True,isobaric,10.1016/j.fluid.2005.02.014,isobaric,0.9285714285714286,,0.9999584092362723,0.9195319363097723,,258,False,,360.88128078330027,9.506777587375836e-10,100.76430565546752,136.26215198498187,,unverified,0.5,state_cb69042c6e9378819b4a41ae,D:\VLE\paper_structure_worktree\dataset\binary_vle_english.xlsx,2c_e94406f9abae6913c6d1,,361.17999999999995,0.978,0.02200000000000002,,0.9727883062504534,0.027211693749546566,,0.9736,0.02639999999999998,
uniquac,2,mol_626f3d1f5bbb6f55,mol_f7989a5c13417f20,,C1CCOCC1,CCCCCl,,True,isobaric,10.1016/j.fluid.2005.02.014,isobaric,0.9285714285714286,,0.9997366477691145,0.9245472799137499,,258,False,,360.61491721557644,-5.438494099507807e-11,99.94095313079353,135.16376968861445,,unverified,0.5,state_eb1f8569a238aec3ff2b919f,D:\VLE\paper_structure_worktree\dataset\binary_vle_english.xlsx,2c_e94406f9abae6913c6d1,,360.78999999999996,0.9447,0.055300000000000016,,0.9317809943111047,0.06821900568889532,,0.9321,0.06789999999999996,
uniquac,2,mol_1a0ca8e5eeb68da8,mol_a85d32e4db2ff39c,,CC(C)OC(C)C,CO,,True,isothermal,10.1016/j.jct.2012.11.005,isothermal,0.9411764705882353,,6.494928878471725,1.0008876195178007,,1,False,67.07460134924078,,0.0,58.00051425392244,60.379202803294696,,unverified,0.5,state_01802b482e79c7acfca5c30a,D:\VLE\paper_structure_worktree\dataset\binary_vle_english.xlsx,2c_ea9da779580d9b792700,68.859936493056,,0.021,0.979,,0.1179417149821613,0.8820582850178387,,0.126,0.874,
uniquac,2,mol_1a0ca8e5eeb68da8,mol_a85d32e4db2ff39c,,CC(C)OC(C)C,CO,,True,isothermal,10.1016/j.jct.2012.11.005,isothermal,0.9411764705882353,,1.1599446629320753,2.8903862654568973,,1,False,94.94577949495053,,0.0,58.00051425392244,60.379202803294696,,unverified,0.5,state_07897bba1bc958f912822858,D:\VLE\paper_structure_worktree\dataset\binary_vle_english.xlsx,2c_ea9da779580d9b792700,95.749991539712,,0.742,0.258,,0.5257718814570422,0.4742281185429578,,0.536,0.46399999999999997,
uniquac,2,mol_1a0ca8e5eeb68da8,mol_a85d32e4db2ff39c,,CC(C)OC(C)C,CO,,True,isothermal,10.1016/j.jct.2012.11.005,isothermal,0.9411764705882353,,1.6935672189473647,1.570808131376527,,1,False,96.49535265327305,,0.0,58.00051425392244,60.379202803294696,,unverified,0.5,state_14ad75eb3101582ca8c2212e,D:\VLE\paper_structure_worktree\dataset\binary_vle_english.xlsx,2c_ea9da779580d9b792700,96.83003604288,,0.488,0.512,,0.49676124557040924,0.5032387544295907,,0.495,0.505,
uniquac,2,mol_1a0ca8e5eeb68da8,mol_a85d32e4db2ff39c,,CC(C)OC(C)C,CO,,True,isothermal,10.1016/j.jct.2012.11.005,isothermal,0.9411764705882353,,5.206644454977183,1.0125928121593515,,1,False,80.16657898644308,,0.0,58.00051425392244,60.379202803294696,,unverified,0.5,state_25f5a59f5a7a9ffe446865c7,D:\VLE\paper_structure_worktree\dataset\binary_vle_english.xlsx,2c_ea9da779580d9b792700,82.849985856768,,0.079,0.921,,0.29759354483854505,0.7024064551614548,,0.32,0.6799999999999999,
uniquac,2,mol_1a0ca8e5eeb68da8,mol_a85d32e4db2ff39c,,CC(C)OC(C)C,CO,,True,isothermal,10.1016/j.jct.2012.11.005,isothermal,0.9411764705882353,,2.595488386038489,1.1902437448814678,,1,False,95.46807625938042,,0.0,58.00051425392244,60.379202803294696,,unverified,0.5,state_2fe095617b9e85f18e4b51ef,D:\VLE\paper_structure_worktree\dataset\binary_vle_english.xlsx,2c_ea9da779580d9b792700,96.46993232691199,,0.3,0.7,,0.4730575927432829,0.526942407256717,,0.471,0.529,
uniquac,2,mol_1a0ca8e5eeb68da8,mol_a85d32e4db2ff39c,,CC(C)OC(C)C,CO,,True,isothermal,10.1016/j.jct.2012.11.005,isothermal,0.9411764705882353,,1.0884529946505885,3.602044903416764,,1,False,92.61316679406862,,0.0,58.00051425392244,60.379202803294696,,unverified,0.5,state_31b9cb99bd31343c0d282311,D:\VLE\paper_structure_worktree\dataset\binary_vle_english.xlsx,2c_ea9da779580d9b792700,93.670029276544,,0.809,0.19099999999999995,,0.5514641817529813,0.44853581824701866,,0.56,0.43999999999999995,
uniquac,2,mol_1a0ca8e5eeb68da8,mol_a85d32e4db2ff39c,,CC(C)OC(C)C,CO,,True,isothermal,10.1016/j.jct.2012.11.005,isothermal,0.9411764705882353,,1.793206589214331,1.4920864310026911,,1,False,96.47839425781824,,0.0,58.00051425392244,60.379202803294696,,unverified,0.5,state_35dd91f0fe1a6bee71f73767,D:\VLE\paper_structure_worktree\dataset\binary_vle_english.xlsx,2c_ea9da779580d9b792700,96.87003275328,,0.459,0.5409999999999999,,0.49481720190686146,0.5051827980931386,,0.49,0.51,
uniquac,2,mol_1a0ca8e5eeb68da8,mol_a85d32e4db2ff39c,,CC(C)OC(C)C,CO,,True,isothermal,10.1016/j.jct.2012.11.005,isothermal,0.9411764705882353,,5.91623603145794,1.0040798635648385,,1,False,73.33890528805254,,0.0,58.00051425392244,60.379202803294696,,unverified,0.5,state_6472ff5c740a1fb6d7fd2df9,D:\VLE\paper_structure_worktree\dataset\binary_vle_english.xlsx,2c_ea9da779580d9b792700,75.890024957696,,0.045,0.955,,0.2105500878639662,0.7894499121360338,,0.229,0.771,
uniquac,2,mol_1a0ca8e5eeb68da8,mol_a85d32e4db2ff39c,,CC(C)OC(C)C,CO,,True,isothermal,10.1016/j.jct.2012.11.005,isothermal,0.9411764705882353,,3.9400595380844936,1.051391584425922,,1,False,89.72406939975066,,0.0,58.00051425392244,60.379202803294696,,unverified,0.5,state_765ea0a21db6e8e69d79869d,D:\VLE\paper_structure_worktree\dataset\binary_vle_english.xlsx,2c_ea9da779580d9b792700,90.959985502208,,0.159,0.841,,0.40496994248788093,0.5950300575121191,,0.409,0.591,
uniquac,2,mol_1a0ca8e5eeb68da8,mol_a85d32e4db2ff39c,,CC(C)OC(C)C,CO,,True,isothermal,10.1016/j.jct.2012.11.005,isothermal,0.9411764705882353,,1.2331782200858081,2.477652106634912,,1,False,95.8058879279543,,0.0,58.00051425392244,60.379202803294696,,unverified,0.5,state_8664885717bf0dcf56c640c4,D:\VLE\paper_structure_worktree\dataset\binary_vle_english.xlsx,2c_ea9da779580d9b792700,96.76004179968,,0.689,0.31100000000000005,,0.5143807550639226,0.48561924493607744,,0.516,0.484,
uniquac,2,mol_1a0ca8e5eeb68da8,mol_a85d32e4db2ff39c,,CC(C)OC(C)C,CO,,True,isothermal,10.1016/j.jct.2012.11.005,isothermal,0.8888888888888888,,1.340539684161484,2.109803747438544,,1,False,96.26632248556147,,0.0,58.00051425392244,60.379202803294696,,unverified,0.5,state_8fd0825862af59c782c283c4,D:\VLE\paper_structure_worktree\dataset\binary_vle_english.xlsx,2c_ea9da779580d9b792700,96.84003522048,,0.627,0.373,,0.506412804970328,0.49358719502967197,,0.515,0.485,
uniquac,2,mol_1a0ca8e5eeb68da8,mol_a85d32e4db2ff39c,,CC(C)OC(C)C,CO,,True,isothermal,10.1016/j.jct.2012.11.005,isothermal,0.9411764705882353,,1.5161804371963155,1.76961323582811,,1,False,96.46701977616513,,0.0,58.00051425392244,60.379202803294696,,unverified,0.5,state_9c0f8d399e870ef1c85b220d,D:\VLE\paper_structure_worktree\dataset\binary_vle_english.xlsx,2c_ea9da779580d9b792700,96.94002699648,,0.549,0.45099999999999996,,0.5004678868434086,0.49953211315659146,,0.513,0.487,
uniquac,2,mol_1a0ca8e5eeb68da8,mol_a85d32e4db2ff39c,,CC(C)OC(C)C,CO,,True,isothermal,10.1016/j.jct.2012.11.005,isothermal,0.9411764705882353,,1.02469167423376,5.15262463484651,,1,False,84.34883770746934,,0.0,58.00051425392244,60.379202803294696,,unverified,0.5,state_ae459d939e9255b84e28dc70,D:\VLE\paper_structure_worktree\dataset\binary_vle_english.xlsx,2c_ea9da779580d9b792700,86.87005521907199,,0.901,0.09899999999999998,,0.6348494389610199,0.36515056103898014,,0.627,0.373,
uniquac,2,mol_1a0ca8e5eeb68da8,mol_a85d32e4db2ff39c,,CC(C)OC(C)C,CO,,True,isothermal,10.1016/j.jct.2012.11.005,isothermal,0.9411764705882353,,1.004847205243008,6.663748588081627,,1,False,73.07667208021846,,0.0,58.00051425392244,60.379202803294696,,unverified,0.5,state_c5ed11cc418af4f5de9a0ad5,D:\VLE\paper_structure_worktree\dataset\binary_vle_english.xlsx,2c_ea9da779580d9b792700,76.94993778329601,,0.957,0.04300000000000004,,0.7632469010015144,0.23675309899848568,,0.728,0.272,
uniquac,2,mol_1a0ca8e5eeb68da8,mol_a85d32e4db2ff39c,,CC(C)OC(C)C,CO,,True,isothermal,10.1016/j.jct.2012.11.005,isothermal,0.8888888888888888,,1.6523136636948268,1.6091632521478398,,1,False,96.49619332192117,,0.0,58.00051425392244,60.379202803294696,,unverified,0.5,state_cc9b124ecccbfd44ea47f2e7,D:\VLE\paper_structure_worktree\dataset\binary_vle_english.xlsx,2c_ea9da779580d9b792700,96.84003522048,,0.501,0.499,,0.49756735981871236,0.5024326401812876,,0.5,0.5,
uniquac,2,mol_1a0ca8e5eeb68da8,mol_a85d32e4db2ff39c,,CC(C)OC(C)C,CO,,True,isothermal,10.1016/j.jct.2012.11.005,isothermal,0.9411764705882353,,1.6430752365265895,1.6183021981696086,,1,False,96.49585229658842,,0.0,58.00051425392244,60.379202803294696,,unverified,0.5,state_f1fcfeb1c6bfd47b604c98c4,D:\VLE\paper_structure_worktree\dataset\binary_vle_english.xlsx,2c_ea9da779580d9b792700,96.85003439807998,,0.504,0.496,,0.49774990354292714,0.502250096457073,,0.509,0.491,
uniquac,2,mol_b8ccf255e2b62919,mol_879306ab1082c162,,CC(=O)N(C)C,CCC(C)OC(C)=O,,False,isobaric,10.1016/j.fluid.2015.03.013,isobaric,0.9629629629629629,shared_pair_or_uniquac_size_parameters_unavailable,,,,0,False,,,,,,,unverified,0.5,state_558a0667e8dbadc9c1efb290,D:\VLE\paper_structure_worktree\dataset\binary_vle_english.xlsx,2c_ef978bac8ab2c7c131e7,,433.56999999999994,0.977,0.023,,,,,0.867,0.133,
uniquac,2,mol_b8ccf255e2b62919,mol_879306ab1082c162,,CC(=O)N(C)C,CCC(C)OC(C)=O,,False,isobaric,10.1016/j.fluid.2015.03.013,isobaric,0.9629629629629629,shared_pair_or_uniquac_size_parameters_unavailable,,,,0,False,,,,,,,unverified,0.5,state_870cf8e6fbc3340a9a8d3795,D:\VLE\paper_structure_worktree\dataset\binary_vle_english.xlsx,2c_ef978bac8ab2c7c131e7,,431.53999999999996,0.962,0.038,,,,,0.8049999999999999,0.195,
uniquac,2,mol_b8ccf255e2b62919,mol_879306ab1082c162,,CC(=O)N(C)C,CCC(C)OC(C)=O,,False,isobaric,10.1016/j.fluid.2015.03.013,isobaric,0.9629629629629629,shared_pair_or_uniquac_size_parameters_unavailable,,,,0,False,,,,,,,unverified,0.5,state_96acb77ab7bd6774da748979,D:\VLE\paper_structure_worktree\dataset\binary_vle_english.xlsx,2c_ef978bac8ab2c7c131e7,,435.65999999999997,0.986,0.014,,,,,0.911,0.089,
uniquac,2,mol_b8ccf255e2b62919,mol_879306ab1082c162,,CC(=O)N(C)C,CCC(C)OC(C)=O,,False,isobaric,10.1016/j.fluid.2015.03.013,isobaric,0.9629629629629629,shared_pair_or_uniquac_size_parameters_unavailable,,,,0,False,,,,,,,unverified,0.5,state_b88793a7631c2f6d7f7ea8f8,D:\VLE\paper_structure_worktree\dataset\binary_vle_english.xlsx,2c_ef978bac8ab2c7c131e7,,430.06999999999994,0.952,0.048,,,,,0.766,0.234,
uniquac,2,mol_e04cf77cea7bbe66,mol_57615b5c3546c298,,CC(C)=O,CC(C)CC(C)(C)C,,False,isobaric,10.1016/j.fluid.2005.01.007,isobaric,0.9545454545454546,shared_pair_or_uniquac_size_parameters_unavailable,,,,0,False,,,,,,,unverified,0.5,state_2dd2b8ae222ce2136478402e,D:\VLE\paper_structure_worktree\dataset\binary_vle_english.xlsx,2c_f0a592d91b289fcd0778,,356.94,0.058,0.942,,,,,0.387,0.613,
uniquac,2,mol_e04cf77cea7bbe66,mol_57615b5c3546c298,,CC(C)=O,CC(C)CC(C)(C)C,,False,isobaric,10.1016/j.fluid.2005.01.007,isobaric,0.9545454545454546,shared_pair_or_uniquac_size_parameters_unavailable,,,,0,False,,,,,,,unverified,0.5,state_b0ff0e32f11769b5c205f9a0,D:\VLE\paper_structure_worktree\dataset\binary_vle_english.xlsx,2c_f0a592d91b289fcd0778,,364.14,0.027,0.973,,,,,0.222,0.778,
uniquac,2,mol_e04cf77cea7bbe66,mol_57615b5c3546c298,,CC(C)=O,CC(C)CC(C)(C)C,,False,isobaric,10.1016/j.fluid.2005.01.007,isobaric,0.9545454545454546,shared_pair_or_uniquac_size_parameters_unavailable,,,,0,False,,,,,,,unverified,0.5,state_cfb08e6029fc822e1b23f580,D:\VLE\paper_structure_worktree\dataset\binary_vle_english.xlsx,2c_f0a592d91b289fcd0778,,372.33,0.0,1.0,,,,,0.0,1.0,
uniquac,2,mol_a85d32e4db2ff39c,mol_e81dc06beaa39499,,CO,O,,True,isobaric,10.1016/j.jct.2019.01.004,isobaric,0.9166666666666666,,1.895356319618278,1.001956378478133,,258,False,,366.6823369318649,2.842170943040401e-14,287.27297935159476,79.77437228674796,,unverified,0.5,state_b08e7a3837afb61ad67821ff,D:\VLE\paper_structure_worktree\dataset\binary_vle_english.xlsx,2c_f25584e0c98fb6639876,,366.09999999999997,0.046,0.954,,0.24724886741046936,0.7527511325895305,,0.274,0.726,
uniquac,2,mol_a85d32e4db2ff39c,mol_e81dc06beaa39499,,CO,O,,True,isobaric,10.1016/j.jct.2019.05.005,isobaric,0.9090909090909091,,1.9727785759993623,1.0004957763764353,,258,False,,369.63143355877173,7.105427357601002e-14,316.6701710303008,88.93377169115911,,unverified,0.5,state_b486e6ec34371785252a07c6,D:\VLE\paper_structure_worktree\dataset\binary_vle_english.xlsx,2c_f25584e0c98fb6639876,,369.5,0.023,0.977,,0.1418417786538607,0.8581582213461394,,0.123,0.877,
uniquac,2,mol_a85d32e4db2ff39c,mol_e81dc06beaa39499,,CO,O,,True,isobaric,10.1016/j.jct.2019.05.005,isobaric,0.9090909090909091,,1.8180936751648167,1.004595253900674,,258,False,,364.0186366373288,2.842170943040401e-14,262.71681360181014,72.20557797890176,,unverified,0.5,state_b6cd572c79496f014c6738b0,D:\VLE\paper_structure_worktree\dataset\binary_vle_english.xlsx,2c_f25584e0c98fb6639876,,365.15,0.071,0.929,,0.33477522126688136,0.6652247787331187,,0.311,0.6890000000000001,
uniquac,2,mol_e7eb29ad965cc8ee,mol_f29e20f49d416e54,,CC(=O)OCC(C)C,CCO,,False,isobaric,10.1016/j.jct.2019.01.027,isobaric,0.9375,shared_pair_or_uniquac_size_parameters_unavailable,,,,0,False,,,,,,,unverified,0.5,state_681a667fa20af9542963b3d6,D:\VLE\paper_structure_worktree\dataset\binary_vle_english.xlsx,2c_f29ffd05dc86affc2a49,,387.25,0.9847,0.0153,,,,,0.9191,0.0809,
uniquac,2,mol_e7eb29ad965cc8ee,mol_f29e20f49d416e54,,CC(=O)OCC(C)C,CCO,,False,isobaric,10.1016/j.jct.2019.01.027,isobaric,0.9375,shared_pair_or_uniquac_size_parameters_unavailable,,,,0,False,,,,,,,unverified,0.5,state_c0455329d9bcaae106dd6499,D:\VLE\paper_structure_worktree\dataset\binary_vle_english.xlsx,2c_f29ffd05dc86affc2a49,,389.54999999999995,1.0,0.0,,,,,1.0,0.0,
uniquac,2,mol_626f3d1f5bbb6f55,mol_57615b5c3546c298,,C1CCOCC1,CC(C)CC(C)(C)C,,True,isobaric,10.1016/j.jct.2011.10.025,isobaric,0.9545454545454546,,0.9914678250700203,0.9998652331349421,,258,False,,371.09674394108833,2.8254021344764624e-10,136.80510037716002,98.40825388489044,,unverified,0.5,state_1cc61ca10a46d1333d3567f6,D:\VLE\paper_structure_worktree\dataset\binary_vle_english.xlsx,2c_f33ec9a350eb94b685d6,,371.16999999999996,0.078,0.922,,0.10443987656904372,0.8955601234309563,,0.11,0.89,
uniquac,2,mol_626f3d1f5bbb6f55,mol_57615b5c3546c298,,C1CCOCC1,CC(C)CC(C)(C)C,,True,isobaric,10.1016/j.jct.2011.10.025,isobaric,0.9545454545454546,,0.9928245332095313,0.999725686263778,,258,False,,370.6704152878065,-1.7053025658242404e-13,135.11594571649013,97.18379330043179,,unverified,0.5,state_404f03736f7ca461f15b4331,D:\VLE\paper_structure_worktree\dataset\binary_vle_english.xlsx,2c_f33ec9a350eb94b685d6,,370.7,0.112,0.888,,0.14831598530876797,0.851684014691232,,0.151,0.849,
uniquac,2,mol_626f3d1f5bbb6f55,mol_57615b5c3546c298,,C1CCOCC1,CC(C)CC(C)(C)C,,True,isobaric,10.1016/j.jct.2011.10.025,isobaric,0.9545454545454546,,0.9880728333153492,1.000000000000001,,258,False,,372.08663240930815,3.8409098124247976e-10,140.79356054678507,101.29993507519998,,unverified,0.5,state_9b4738ac287dfe86d0bba8b1,D:\VLE\paper_structure_worktree\dataset\binary_vle_english.xlsx,2c_f33ec9a350eb94b685d6,,372.37,0.0,1.0,,0.0,1.0,,0.0,1.0,
uniquac,2,mol_db030b5de88f8eaf,mol_67043ae833ecd0c7,,CC(C)O,CCCOC(C)=O,,False,isobaric,10.1016/j.fluid.2017.09.010,isobaric,0.9411764705882353,shared_pair_or_uniquac_size_parameters_unavailable,,,,0,False,,,,,,,unverified,0.5,state_5ed8490ee0321f481ec188ee,D:\VLE\paper_structure_worktree\dataset\binary_vle_english.xlsx,2c_f4090d8339a2ac959e8c,,374.2,0.0,1.0,,,,,0.0,1.0,
uniquac,2,mol_db030b5de88f8eaf,mol_67043ae833ecd0c7,,CC(C)O,CCCOC(C)=O,,False,isobaric,10.1016/j.fluid.2017.09.010,isobaric,0.9411764705882353,shared_pair_or_uniquac_size_parameters_unavailable,,,,0,False,,,,,,,unverified,0.5,state_c0eb418b49240fd6811c4f84,D:\VLE\paper_structure_worktree\dataset\binary_vle_english.xlsx,2c_f4090d8339a2ac959e8c,,371.79999999999995,0.0548,0.9452,,,,,0.115,0.885,
uniquac,2,mol_626f3d1f5bbb6f55,mol_06affb0d2c6c8ff2,,C1CCOCC1,CCC(C)O,,True,isobaric,10.1016/j.fluid.2012.12.021,isobaric,0.9523809523809523,,1.3049492687519808,0.9999999999999992,,258,False,,370.59288002058605,-1.9895196601282805e-13,134.81057851065682,94.00000213734387,,unverified,0.5,state_165d28a655719b1c437cb402,D:\VLE\paper_structure_worktree\dataset\binary_vle_english.xlsx,2c_f4a55bc5fa0e7d69faf8,,370.63,0.0,1.0,,0.0,1.0,,0.0,1.0,
uniquac,2,mol_626f3d1f5bbb6f55,mol_06affb0d2c6c8ff2,,C1CCOCC1,CCC(C)O,,True,isobaric,10.1016/j.fluid.2012.12.021,isobaric,0.9523809523809523,,1.240739706583613,1.0034907637990371,,258,False,,368.023154454052,-4.263256414560601e-14,125.00363268585578,85.05466706725981,,unverified,0.5,state_2ed2b84656823c91d0e20c76,D:\VLE\paper_structure_worktree\dataset\binary_vle_english.xlsx,2c_f4a55bc5fa0e7d69faf8,,368.14,0.124,0.876,,0.20459599903972603,0.795404000960274,,0.18500000000000005,0.815,
uniquac,2,mol_626f3d1f5bbb6f55,mol_06affb0d2c6c8ff2,,C1CCOCC1,CCC(C)O,,True,isobaric,10.1016/j.fluid.2012.12.021,isobaric,0.9545454545454546,,1.3096395598050727,0.9999999999999992,,258,False,,364.8404723434093,-2.8421709430404007e-13,113.67282572440722,74.99996482892777,,unverified,0.5,state_311bb43f5de2f60778e76c0f,D:\VLE\paper_structure_worktree\dataset\binary_vle_english.xlsx,2c_f4a55bc5fa0e7d69faf8,,364.71999999999997,0.0,1.0,,0.0,1.0,,0.0,1.0,
uniquac,2,mol_626f3d1f5bbb6f55,mol_06affb0d2c6c8ff2,,C1CCOCC1,CCC(C)O,,True,isobaric,10.1016/j.fluid.2012.12.021,isobaric,0.9523809523809523,,1.2684564263937537,1.0010540648543464,,258,False,,369.1085044169084,-4.263256414560601e-14,129.07208627940497,88.73907576494939,,unverified,0.5,state_384a9aa2d213bc37ce1760a6,D:\VLE\paper_structure_worktree\dataset\binary_vle_english.xlsx,2c_f4a55bc5fa0e7d69faf8,,369.21999999999997,0.06899999999999995,0.931,,0.12017914507944555,0.8798208549205544,,0.10499999999999998,0.895,
uniquac,2,mol_626f3d1f5bbb6f55,mol_06affb0d2c6c8ff2,,C1CCOCC1,CCC(C)O,,True,isobaric,10.1016/j.fluid.2012.12.021,isobaric,0.9523809523809523,,1.1483864135276955,1.0273954901540427,,258,False,,364.6297401500173,1.4210854715202004e-14,112.95329883428246,74.3720501890476,,unverified,0.5,state_440ab4d03919bd74b3afe670,D:\VLE\paper_structure_worktree\dataset\binary_vle_english.xlsx,2c_f4a55bc5fa0e7d69faf8,,364.74,0.32999999999999996,0.67,,0.4553790442804057,0.5446209557195943,,0.44299999999999995,0.557,
uniquac,2,mol_626f3d1f5bbb6f55,mol_06affb0d2c6c8ff2,,C1CCOCC1,CCC(C)O,,True,isobaric,10.1016/j.fluid.2012.12.021,isobaric,0.9523809523809523,,1.2147487840856561,1.007379147543138,,258,False,,367.0360161322329,1.5631940186722204e-13,121.3948241692378,81.81884020722053,,unverified,0.5,state_5a71dd2774e9ba9911778b20,D:\VLE\paper_structure_worktree\dataset\binary_vle_english.xlsx,2c_f4a55bc5fa0e7d69faf8,,367.09999999999997,0.17800000000000005,0.822,,0.2792407413059143,0.7207592586940856,,0.258,0.742,
uniquac,2,mol_626f3d1f5bbb6f55,mol_06affb0d2c6c8ff2,,C1CCOCC1,CCC(C)O,,True,isobaric,10.1016/j.fluid.2012.12.021,isobaric,0.9523809523809523,,1.1908967379775939,1.0126381127230857,,258,False,,366.15395286207496,-1.6426326965301996e-10,118.24258171890926,79.01775434923674,,unverified,0.5,state_a5cce83c88b77fbbf62b85cc,D:\VLE\paper_structure_worktree\dataset\binary_vle_english.xlsx,2c_f4a55bc5fa0e7d69faf8,,365.92999999999995,0.22999999999999998,0.77,,0.34454661043866525,0.6554533895613348,,0.32299999999999995,0.677,
uniquac,2,mol_626f3d1f5bbb6f55,mol_06affb0d2c6c8ff2,,C1CCOCC1,CCC(C)O,,True,isobaric,10.1016/j.fluid.2012.12.021,isobaric,0.9523809523809523,,1.1686545283665462,1.0193587446348247,,258,False,,365.34965941036967,0.0,115.42688566392472,76.53608385246534,,unverified,0.5,state_ccaec6dde97738ed6184f4ad,D:\VLE\paper_structure_worktree\dataset\binary_vle_english.xlsx,2c_f4a55bc5fa0e7d69faf8,,365.46999999999997,0.281,0.719,,0.40324740453338376,0.5967525954666162,,0.385,0.615,
uniquac,2,mol_626f3d1f5bbb6f55,mol_06affb0d2c6c8ff2,,C1CCOCC1,CCC(C)O,,True,isobaric,10.1016/j.fluid.2012.12.021,isobaric,0.9523809523809523,,1.12884706328399,1.0373296049388117,,258,False,,363.9448228109661,7.105427357601002e-14,110.64039638901428,72.36243136428241,,unverified,0.5,state_d113e69ed8ba350c721b8347,D:\VLE\paper_structure_worktree\dataset\binary_vle_english.xlsx,2c_f4a55bc5fa0e7d69faf8,,364.07,0.38,0.62,,0.5048990617840087,0.49510093821599127,,0.491,0.509,
uniquac,2,mol_bdf6ddfdabc4e204,mol_4df2781fcf4d4a77,,CC1CCCCC1,CCOC(=O)OCC,,False,isobaric,10.1016/j.jct.2004.09.009,isobaric,0.9629629629629629,shared_pair_or_uniquac_size_parameters_unavailable,,,,0,False,,,,,,,unverified,0.5,state_23b53c0a47679cbddea0a1d8,D:\VLE\paper_structure_worktree\dataset\binary_vle_english.xlsx,2c_f6e4afdc0101fe369605,,396.87,0.0296,0.9704,,,,,0.1002,0.8998,
uniquac,2,mol_bdf6ddfdabc4e204,mol_4df2781fcf4d4a77,,CC1CCCCC1,CCOC(=O)OCC,,False,isobaric,10.1016/j.jct.2004.09.009,isobaric,0.9629629629629629,shared_pair_or_uniquac_size_parameters_unavailable,,,,0,False,,,,,,,unverified,0.5,state_6ce3400b0be2f2a65d60ac64,D:\VLE\paper_structure_worktree\dataset\binary_vle_english.xlsx,2c_f6e4afdc0101fe369605,,392.91999999999996,0.0696,0.9304,,,,,0.2058,0.7942,
uniquac,2,mol_bdf6ddfdabc4e204,mol_4df2781fcf4d4a77,,CC1CCCCC1,CCOC(=O)OCC,,False,isobaric,10.1016/j.jct.2004.09.009,isobaric,0.9629629629629629,shared_pair_or_uniquac_size_parameters_unavailable,,,,0,False,,,,,,,unverified,0.5,state_c708bc794976a2d3811feb74,D:\VLE\paper_structure_worktree\dataset\binary_vle_english.xlsx,2c_f6e4afdc0101fe369605,,398.09,0.0079,0.9921,,,,,0.0223,0.9777,
uniquac,2,mol_bdf6ddfdabc4e204,mol_4df2781fcf4d4a77,,CC1CCCCC1,CCOC(=O)OCC,,False,isobaric,10.1016/j.jct.2004.09.009,isobaric,0.9629629629629629,shared_pair_or_uniquac_size_parameters_unavailable,,,,0,False,,,,,,,unverified,0.5,state_ea0d79d9a9bd810d7edc84a5,D:\VLE\paper_structure_worktree\dataset\binary_vle_english.xlsx,2c_f6e4afdc0101fe369605,,391.09999999999997,0.0963,0.9037,,,,,0.2651,0.7349,
uniquac,2,mol_015d21fca05fcd26,mol_eb71ecc709e3f0dc,,CC(C)CO,CCCCCCO,,True,isobaric,10.1016/j.fluid.2005.06.019,isobaric,0.96,,0.977666410095503,0.9999457872165595,,258,False,,424.5724565948158,1.2789769243681803e-13,459.2601201285478,83.00426350006788,,unverified,0.5,state_472bb01eb249157823e98022,D:\VLE\paper_structure_worktree\dataset\binary_vle_english.xlsx,2c_f84a6616de8e67ab84b6,,424.7,0.05,0.95,,0.22162067162949847,0.7783793283705015,,0.207,0.793,
uniquac,2,mol_015d21fca05fcd26,mol_eb71ecc709e3f0dc,,CC(C)CO,CCCCCCO,,True,isobaric,10.1016/j.fluid.2005.06.019,isobaric,0.96,,0.9755715437599699,1.0,,258,False,,430.06000000003866,1.4068746168049984e-10,543.0359891473493,101.2999350749567,,unverified,0.5,state_4f66d593348a03896b06c9a2,D:\VLE\paper_structure_worktree\dataset\binary_vle_english.xlsx,2c_f84a6616de8e67ab84b6,,430.05999999999995,0.0,1.0,,0.0,1.0,,0.0,1.0,
uniquac,2,mol_015d21fca05fcd26,mol_eb71ecc709e3f0dc,,CC(C)CO,CCCCCCO,,True,isobaric,10.1016/j.fluid.2005.06.019,isobaric,0.96,,0.9759114140304397,0.9999986259574905,,258,False,,429.1270317927624,0.0,527.9440588724216,97.96195114685978,,unverified,0.5,state_8cd1b1a3a763b3fdd439c6e7,D:\VLE\paper_structure_worktree\dataset\binary_vle_english.xlsx,2c_f84a6616de8e67ab84b6,,429.13,0.008,0.992,,0.040689197491992804,0.9593108025080073,,0.037,0.963,
uniquac,2,mol_015d21fca05fcd26,mol_eb71ecc709e3f0dc,,CC(C)CO,CCCCCCO,,True,isobaric,10.1016/j.fluid.2005.06.019,isobaric,0.96,,0.9778309622244443,0.9999367055545285,,258,False,,424.1664618686421,4.263256414560601e-14,453.52378201635497,81.77322746353607,,unverified,0.5,state_a2bab6041378bca31481ccb3,D:\VLE\paper_structure_worktree\dataset\binary_vle_english.xlsx,2c_f84a6616de8e67ab84b6,,424.27,0.054,0.946,,0.2364005285392573,0.7635994714607427,,0.211,0.789,
uniquac,2,mol_5fb2f93dc8caa9dc,mol_ab8630148ae67e51,,CCCO,CCOCCO,,True,isobaric,10.1016/j.fluid.2007.03.030,isobaric,0.9545454545454546,,1.4210212047369004,1.0036368772975555,,258,False,,397.2975817264374,-5.684341886080802e-14,270.31349252445034,71.35201596852656,,unverified,0.5,state_32e3975bd3a1b3ddf8484b5a,D:\VLE\paper_structure_worktree\dataset\binary_vle_english.xlsx,2c_f98cab4acf014d5210d4,,400.89,0.095,0.905,,0.3602323577937494,0.6397676422062506,,0.267,0.733,
uniquac,2,mol_5fb2f93dc8caa9dc,mol_ab8630148ae67e51,,CCCO,CCOCCO,,True,isobaric,10.1016/j.fluid.2007.03.030,isobaric,0.9545454545454546,,1.512279310610496,1.0,,258,False,,408.4728152547728,-2.842170943040401e-14,391.015938355996,101.29993507481598,,unverified,0.5,state_4074e8413b9cfddd5b784092,D:\VLE\paper_structure_worktree\dataset\binary_vle_english.xlsx,2c_f98cab4acf014d5210d4,,407.95,0.0,1.0,,0.0,1.0,,0.0,1.0,
uniquac,2,mol_5fb2f93dc8caa9dc,mol_ab8630148ae67e51,,CCCO,CCOCCO,,True,isobaric,10.1016/j.fluid.2007.03.030,isobaric,0.9545454545454546,,1.4707681990539052,1.0007306559553815,,258,False,,402.5961343834859,-7.105427357601002e-14,322.8446606692513,84.45476043041535,,unverified,0.5,state_49d88512dcebf82eef090f61,D:\VLE\paper_structure_worktree\dataset\binary_vle_english.xlsx,2c_f98cab4acf014d5210d4,,404.5,0.043,0.957,,0.20155664829624773,0.7984433517037522,,0.138,0.862,
uniquac,2,mol_1a0ca8e5eeb68da8,mol_d291b272a64498d9,,CC(C)OC(C)C,COCCO,,True,isobaric,10.1016/j.fluid.2007.09.014,isobaric,0.9583333333333334,,3.548383858986342,1.0006781375261884,,258,False,,387.6247020443578,7.052989303701906e-10,377.45106041899743,73.40055926278718,,unverified,0.5,state_7342adfda944c37a7e14a3c7,D:\VLE\paper_structure_worktree\dataset\binary_vle_english.xlsx,2c_fb0ad4b474929fdd899d,,387.75,0.022,0.978,,0.29087390318354994,0.70912609681645,,0.279,0.721,
uniquac,2,mol_1a0ca8e5eeb68da8,mol_d291b272a64498d9,,CC(C)OC(C)C,COCCO,,True,isobaric,10.1016/j.fluid.2007.09.014,isobaric,0.9583333333333334,,3.6837535288270242,1.0,,258,False,,397.6929854312468,-2.842170943040401e-14,483.10205818127736,101.29993507481598,,unverified,0.5,state_8c985d0d450e29b0f259e337,D:\VLE\paper_structure_worktree\dataset\binary_vle_english.xlsx,2c_fb0ad4b474929fdd899d,,397.44,0.0,1.0,,0.0,1.0,,0.0,1.0,
uniquac,2,mol_1a0ca8e5eeb68da8,mol_d291b272a64498d9,,CC(C)OC(C)C,COCCO,,True,isobaric,10.1016/j.fluid.2007.09.014,isobaric,0.9583333333333334,,3.630387674056191,1.0001130509593419,,258,False,,393.2020269293563,6.09787775829318e-10,433.42118752255584,87.91998250281905,,unverified,0.5,state_c48f1d845c2d2e29e9ed1195,D:\VLE\paper_structure_worktree\dataset\binary_vle_english.xlsx,2c_fb0ad4b474929fdd899d,,393.2,0.009,0.991,,0.13979655980199676,0.8602034401980032,,0.124,0.876,
uniquac,3,mol_67043ae833ecd0c7,mol_18876b584acc43d4,mol_7d3e12eaed0f467c,CCCOC(C)=O,CCOC(C)=O,CS(C)=O,False,isobaric,10.1016/j.jct.2019.03.036,isobaric,0.972972972972973,shared_pair_or_uniquac_size_parameters_unavailable,,,,0,False,,,,,,,unverified,0.5,state_2738b1c14d07e781bcd57fe0,D:\VLE\paper_structure_worktree\dataset\ternary_vle_english.xlsx,3c_1a08c4f653f7d812cdc9,,389.89,0.3838,0.013,0.6032,,,,0.8982,0.0395,0.06230000000000002
uniquac,3,mol_67043ae833ecd0c7,mol_18876b584acc43d4,mol_7d3e12eaed0f467c,CCCOC(C)=O,CCOC(C)=O,CS(C)=O,False,isobaric,10.1016/j.jct.2019.03.036,isobaric,0.972972972972973,shared_pair_or_uniquac_size_parameters_unavailable,,,,0,False,,,,,,,unverified,0.5,state_9528c74bb4e549cc51fcf1bc,D:\VLE\paper_structure_worktree\dataset\ternary_vle_english.xlsx,3c_1a08c4f653f7d812cdc9,,387.47999999999996,0.3336,0.0595,0.6069,,,,0.777,0.1661,0.05689999999999995
uniquac,3,mol_67043ae833ecd0c7,mol_18876b584acc43d4,mol_7d3e12eaed0f467c,CCCOC(C)=O,CCOC(C)=O,CS(C)=O,False,isobaric,10.1016/j.jct.2019.03.036,isobaric,0.972972972972973,shared_pair_or_uniquac_size_parameters_unavailable,,,,0,False,,,,,,,unverified,0.5,state_98353b3f692a1cf420cee034,D:\VLE\paper_structure_worktree\dataset\ternary_vle_english.xlsx,3c_1a08c4f653f7d812cdc9,,387.46,0.4217,0.0615,0.5167999999999999,,,,0.8221,0.1217,0.05619999999999992
uniquac,3,mol_67043ae833ecd0c7,mol_18876b584acc43d4,mol_7d3e12eaed0f467c,CCCOC(C)=O,CCOC(C)=O,CS(C)=O,False,isobaric,10.1016/j.jct.2019.03.036,isobaric,0.972972972972973,shared_pair_or_uniquac_size_parameters_unavailable,,,,0,False,,,,,,,unverified,0.5,state_cc93acd428c95a06ea6d5288,D:\VLE\paper_structure_worktree\dataset\ternary_vle_english.xlsx,3c_1a08c4f653f7d812cdc9,,388.67999999999995,0.3715,0.0286,0.5999,,,,0.8586,0.0818,0.059599999999999986
uniquac,3,mol_67043ae833ecd0c7,mol_18876b584acc43d4,mol_7d3e12eaed0f467c,CCCOC(C)=O,CCOC(C)=O,CS(C)=O,False,isobaric,10.1016/j.jct.2019.03.036,isobaric,0.972972972972973,shared_pair_or_uniquac_size_parameters_unavailable,,,,0,False,,,,,,,unverified,0.5,state_f34a47b8fcd3bb2c8f1ca1e5,D:\VLE\paper_structure_worktree\dataset\ternary_vle_english.xlsx,3c_1a08c4f653f7d812cdc9,,388.16999999999996,0.352,0.0443,0.6037,,,,0.8161,0.1259,0.05799999999999994
uniquac,3,mol_db030b5de88f8eaf,mol_243de2450bee5519,mol_ad4ef9c6c876ca2f,CC(C)O,CCCCCO,CCCCO,True,isobaric,10.1016/j.fluid.2012.12.020,isobaric,0.9230769230769231,,0.9171448224555729,0.9992443216221122,0.9608776086721965,258,False,,404.88566822024364,-6.106404271122301e-11,581.3746133959177,83.61465958089299,164.66515040353693,unverified,0.5,state_3dc48a75d1d65b5706dc40b9,D:\VLE\paper_structure_worktree\dataset\ternary_vle_english.xlsx,3c_20e37ef734cab2512529,,401.16999999999996,0.0216,0.8748,0.1036,0.11403194523121232,0.7236718653676676,0.16229618940112012,0.2429,0.4024,0.3547
uniquac,3,mol_db030b5de88f8eaf,mol_243de2450bee5519,mol_ad4ef9c6c876ca2f,CC(C)O,CCCCCO,CCCCO,True,isobaric,10.1016/j.fluid.2012.12.020,isobaric,0.9230769230769231,,0.9141386860422116,0.9996066463775473,0.958234987759376,258,False,,406.27067331676875,-3.836930773104541e-13,606.9182203356486,88.12384772109387,172.54631303361703,unverified,0.5,state_8f38a6e9bca9646ef2ab38af,D:\VLE\paper_structure_worktree\dataset\ternary_vle_english.xlsx,3c_20e37ef734cab2512529,,403.03999999999996,0.0151,0.909,0.0759,0.08294648958810118,0.792802970946069,0.12425053946582977,0.1974,0.49660000000000004,0.306
uniquac,3,mol_f50e4145cb9a22d5,mol_7165dcf6be1f831d,mol_7953343be0b435d5,CN1CCCC1=O,c1ccccc1,c1ccsc1,False,isobaric,10.1016/j.fluid.2015.01.005,isobaric,0.9545454545454546,shared_pair_or_uniquac_size_parameters_unavailable,,,,0,False,,,,,,,unverified,0.5,state_15ad56844b2d7b8cd47bc661,D:\VLE\paper_structure_worktree\dataset\ternary_vle_english.xlsx,3c_2254869a6d8c8579192d,,373.2,0.40259999999999996,0.209,0.3884,,,,0.006899999999999906,0.4287,0.5644
uniquac,3,mol_f50e4145cb9a22d5,mol_7165dcf6be1f831d,mol_7953343be0b435d5,CN1CCCC1=O,c1ccccc1,c1ccsc1,False,isobaric,10.1016/j.fluid.2015.01.005,isobaric,0.9545454545454546,shared_pair_or_uniquac_size_parameters_unavailable,,,,0,False,,,,,,,unverified,0.5,state_5b8995c9a98fe5701dd4e69d,D:\VLE\paper_structure_worktree\dataset\ternary_vle_english.xlsx,3c_2254869a6d8c8579192d,,375.59999999999997,0.403,0.0294,0.5676,,,,0.008000000000000007,0.0714,0.9206
uniquac,3,mol_f50e4145cb9a22d5,mol_7165dcf6be1f831d,mol_7953343be0b435d5,CN1CCCC1=O,c1ccccc1,c1ccsc1,False,isobaric,10.1016/j.fluid.2015.01.005,isobaric,0.9545454545454546,shared_pair_or_uniquac_size_parameters_unavailable,,,,0,False,,,,,,,unverified,0.5,state_a3c96d8e95d03e7b1da0cd13,D:\VLE\paper_structure_worktree\dataset\ternary_vle_english.xlsx,3c_2254869a6d8c8579192d,,374.84999999999997,0.4004,0.1204,0.4792,,,,0.007099999999999884,0.2644,0.7285
uniquac,3,mol_e7eb29ad965cc8ee,mol_015d21fca05fcd26,mol_a9c167bbb331e76a,CC(=O)OCC(C)C,CC(C)CO,CCCCOC(=O)CC,False,isobaric,10.1016/j.fluid.2005.09.015,isobaric,0.9767441860465116,shared_pair_or_uniquac_size_parameters_unavailable,,,,0,False,,,,,,,unverified,0.5,state_282861b4c0c39b146d2a9b25,D:\VLE\paper_structure_worktree\dataset\ternary_vle_english.xlsx,3c_2cb16216a8c609b7ad27,,406.79999999999995,0.095,0.097,0.808,,,,0.153,0.268,0.579
uniquac,3,mol_e7eb29ad965cc8ee,mol_015d21fca05fcd26,mol_a9c167bbb331e76a,CC(=O)OCC(C)C,CC(C)CO,CCCCOC(=O)CC,False,isobaric,10.1016/j.fluid.2005.09.015,isobaric,0.9767441860465116,shared_pair_or_uniquac_size_parameters_unavailable,,,,0,False,,,,,,,unverified,0.5,state_2f78c96b2ad175683507eb7f,D:\VLE\paper_structure_worktree\dataset\ternary_vle_english.xlsx,3c_2cb16216a8c609b7ad27,,400.77,0.102,0.184,0.714,,,,0.143,0.433,0.42400000000000004
uniquac,3,mol_e7eb29ad965cc8ee,mol_015d21fca05fcd26,mol_a9c167bbb331e76a,CC(=O)OCC(C)C,CC(C)CO,CCCCOC(=O)CC,False,isobaric,10.1016/j.fluid.2005.09.015,isobaric,0.9767441860465116,shared_pair_or_uniquac_size_parameters_unavailable,,,,0,False,,,,,,,unverified,0.5,state_5d73f67548942ebd98f8bdd8,D:\VLE\paper_structure_worktree\dataset\ternary_vle_english.xlsx,3c_2cb16216a8c609b7ad27,,412.86,0.048,0.043,0.909,,,,0.09,0.136,0.774
uniquac,3,mol_e7eb29ad965cc8ee,mol_015d21fca05fcd26,mol_a9c167bbb331e76a,CC(=O)OCC(C)C,CC(C)CO,CCCCOC(=O)CC,False,isobaric,10.1016/j.fluid.2005.09.015,isobaric,0.9767441860465116,shared_pair_or_uniquac_size_parameters_unavailable,,,,0,False,,,,,,,unverified,0.5,state_828bbc834f7fbfe36fe574fe,D:\VLE\paper_structure_worktree\dataset\ternary_vle_english.xlsx,3c_2cb16216a8c609b7ad27,,401.34999999999997,0.285,0.094,0.621,,,,0.401,0.228,0.371
uniquac,3,mol_e7eb29ad965cc8ee,mol_015d21fca05fcd26,mol_a9c167bbb331e76a,CC(=O)OCC(C)C,CC(C)CO,CCCCOC(=O)CC,False,isobaric,10.1016/j.fluid.2005.09.015,isobaric,0.9767441860465116,shared_pair_or_uniquac_size_parameters_unavailable,,,,0,False,,,,,,,unverified,0.5,state_99e7b4492279510de72910dc,D:\VLE\paper_structure_worktree\dataset\ternary_vle_english.xlsx,3c_2cb16216a8c609b7ad27,,404.0,0.187,0.094,0.719,,,,0.284,0.249,0.4670000000000001
uniquac,3,mol_e7eb29ad965cc8ee,mol_015d21fca05fcd26,mol_a9c167bbb331e76a,CC(=O)OCC(C)C,CC(C)CO,CCCCOC(=O)CC,False,isobaric,10.1016/j.fluid.2005.09.015,isobaric,0.9767441860465116,shared_pair_or_uniquac_size_parameters_unavailable,,,,0,False,,,,,,,unverified,0.5,state_d47aee1cbd35d90d04f43482,D:\VLE\paper_structure_worktree\dataset\ternary_vle_english.xlsx,3c_2cb16216a8c609b7ad27,,405.59999999999997,0.266,0.042,0.692,,,,0.413,0.112,0.475
uniquac,3,mol_57615b5c3546c298,mol_4cfc5db0ca2ab00b,mol_f29e20f49d416e54,CC(C)CC(C)(C)C,CCC(C)=O,CCO,False,isobaric,10.1016/j.fluid.2007.06.005,isobaric,0.9807692307692307,shared_pair_or_uniquac_size_parameters_unavailable,,,,0,False,,,,,,,unverified,0.5,state_43b3123b2cc976a230e08b62,D:\VLE\paper_structure_worktree\dataset\ternary_vle_english.xlsx,3c_2d8df0569d9d03284715,,351.49,0.636,0.324,0.04,,,,0.395,0.454,0.151
uniquac,3,mol_57615b5c3546c298,mol_4cfc5db0ca2ab00b,mol_f29e20f49d416e54,CC(C)CC(C)(C)C,CCC(C)=O,CCO,False,isobaric,10.1016/j.fluid.2007.06.005,isobaric,0.9807692307692307,shared_pair_or_uniquac_size_parameters_unavailable,,,,0,False,,,,,,,unverified,0.5,state_589df43d359bbce752162e08,D:\VLE\paper_structure_worktree\dataset\ternary_vle_english.xlsx,3c_2d8df0569d9d03284715,,349.69,0.677,0.244,0.079,,,,0.397,0.36,0.243
uniquac,3,mol_57615b5c3546c298,mol_4cfc5db0ca2ab00b,mol_f29e20f49d416e54,CC(C)CC(C)(C)C,CCC(C)=O,CCO,False,isobaric,10.1016/j.fluid.2007.06.005,isobaric,0.9807692307692307,shared_pair_or_uniquac_size_parameters_unavailable,,,,0,False,,,,,,,unverified,0.5,state_5ae9150878507d08e7a48477,D:\VLE\paper_structure_worktree\dataset\ternary_vle_english.xlsx,3c_2d8df0569d9d03284715,,350.4,0.05499999999999994,0.903,0.042,,,,0.07499999999999996,0.855,0.07
uniquac,3,mol_57615b5c3546c298,mol_4cfc5db0ca2ab00b,mol_f29e20f49d416e54,CC(C)CC(C)(C)C,CCC(C)=O,CCO,False,isobaric,10.1016/j.fluid.2007.06.005,isobaric,0.9807692307692307,shared_pair_or_uniquac_size_parameters_unavailable,,,,0,False,,,,,,,unverified,0.5,state_5e66a80374355e037c3f806e,D:\VLE\paper_structure_worktree\dataset\ternary_vle_english.xlsx,3c_2d8df0569d9d03284715,,355.38,0.887,0.089,0.024,,,,0.518,0.226,0.256
uniquac,3,mol_57615b5c3546c298,mol_4cfc5db0ca2ab00b,mol_f29e20f49d416e54,CC(C)CC(C)(C)C,CCC(C)=O,CCO,False,isobaric,10.1016/j.fluid.2007.06.005,isobaric,0.9807692307692307,shared_pair_or_uniquac_size_parameters_unavailable,,,,0,False,,,,,,,unverified,0.5,state_6f1da8f7205b8c66775cfb8d,D:\VLE\paper_structure_worktree\dataset\ternary_vle_english.xlsx,3c_2d8df0569d9d03284715,,352.84999999999997,0.774,0.193,0.033,,,,0.45100000000000007,0.363,0.186
uniquac,3,mol_57615b5c3546c298,mol_4cfc5db0ca2ab00b,mol_f29e20f49d416e54,CC(C)CC(C)(C)C,CCC(C)=O,CCO,False,isobaric,10.1016/j.fluid.2007.06.005,isobaric,0.9807692307692307,shared_pair_or_uniquac_size_parameters_unavailable,,,,0,False,,,,,,,unverified,0.5,state_836c8f6c745bb9ce86030cc5,D:\VLE\paper_structure_worktree\dataset\ternary_vle_english.xlsx,3c_2d8df0569d9d03284715,,349.96,0.537,0.42,0.043,,,,0.362,0.51,0.128
uniquac,3,mol_57615b5c3546c298,mol_4cfc5db0ca2ab00b,mol_f29e20f49d416e54,CC(C)CC(C)(C)C,CCC(C)=O,CCO,False,isobaric,10.1016/j.fluid.2007.06.005,isobaric,0.9807692307692307,shared_pair_or_uniquac_size_parameters_unavailable,,,,0,False,,,,,,,unverified,0.5,state_99cde9f464d95d8be3ee4f8e,D:\VLE\paper_structure_worktree\dataset\ternary_vle_english.xlsx,3c_2d8df0569d9d03284715,,349.64,0.42799999999999994,0.527,0.045,,,,0.31200000000000006,0.588,0.1
uniquac,3,mol_57615b5c3546c298,mol_4cfc5db0ca2ab00b,mol_f29e20f49d416e54,CC(C)CC(C)(C)C,CCC(C)=O,CCO,False,isobaric,10.1016/j.fluid.2007.06.005,isobaric,0.9807692307692307,shared_pair_or_uniquac_size_parameters_unavailable,,,,0,False,,,,,,,unverified,0.5,state_de93cbfffae33bcfbc0ef724,D:\VLE\paper_structure_worktree\dataset\ternary_vle_english.xlsx,3c_2d8df0569d9d03284715,,358.09999999999997,0.945,0.038,0.017,,,,0.592,0.129,0.279
uniquac,3,mol_0a895444a9f0f36b,mol_57615b5c3546c298,mol_015d21fca05fcd26,CC(=O)CC(C)C,CC(C)CC(C)(C)C,CC(C)CO,False,isothermal,10.1016/j.fluid.2011.05.011,isothermal,0.9375,shared_pair_or_uniquac_size_parameters_unavailable,,,,0,False,,,,,,,unverified,0.5,state_00c971e70895fe0b05655e01,D:\VLE\paper_structure_worktree\dataset\ternary_vle_english.xlsx,3c_485aadc678c8a7fb274c,56.20004439488,,0.06689999999999996,0.0082,0.9249,,,,0.07640000000000002,0.0473,0.8763
uniquac,3,mol_0a895444a9f0f36b,mol_57615b5c3546c298,mol_015d21fca05fcd26,CC(=O)CC(C)C,CC(C)CC(C)(C)C,CC(C)CO,False,isothermal,10.1016/j.fluid.2011.05.011,isothermal,0.967741935483871,shared_pair_or_uniquac_size_parameters_unavailable,,,,0,False,,,,,,,unverified,0.5,state_17b3b7e2b06e72d0de8a7f26,D:\VLE\paper_structure_worktree\dataset\ternary_vle_english.xlsx,3c_485aadc678c8a7fb274c,56.36003123648,,0.29600000000000004,0.0043,0.6997,,,,0.2913,0.0195,0.6892
uniquac,3,mol_0a895444a9f0f36b,mol_57615b5c3546c298,mol_015d21fca05fcd26,CC(=O)CC(C)C,CC(C)CC(C)(C)C,CC(C)CO,False,isothermal,10.1016/j.fluid.2011.05.011,isothermal,0.967741935483871,shared_pair_or_uniquac_size_parameters_unavailable,,,,0,False,,,,,,,unverified,0.5,state_18aa4eba55cfa17be4ab5241,D:\VLE\paper_structure_worktree\dataset\ternary_vle_english.xlsx,3c_485aadc678c8a7fb274c,58.000029685248,,0.36629999999999996,0.0161,0.6176,,,,0.3368,0.0665,0.5967
uniquac,3,mol_0a895444a9f0f36b,mol_57615b5c3546c298,mol_015d21fca05fcd26,CC(=O)CC(C)C,CC(C)CC(C)(C)C,CC(C)CO,False,isothermal,10.1016/j.fluid.2011.05.011,isothermal,0.967741935483871,shared_pair_or_uniquac_size_parameters_unavailable,,,,0,False,,,,,,,unverified,0.5,state_261e084bdc425502544848c9,D:\VLE\paper_structure_worktree\dataset\ternary_vle_english.xlsx,3c_485aadc678c8a7fb274c,50.67996507020799,,0.8593999999999999,0.0074,0.1332,,,,0.7956,0.0253,0.1791
uniquac,3,mol_0a895444a9f0f36b,mol_57615b5c3546c298,mol_015d21fca05fcd26,CC(=O)CC(C)C,CC(C)CC(C)(C)C,CC(C)CO,False,isothermal,10.1016/j.fluid.2011.05.011,isothermal,0.967741935483871,shared_pair_or_uniquac_size_parameters_unavailable,,,,0,False,,,,,,,unverified,0.5,state_288f4f187ae203476df56c13,D:\VLE\paper_structure_worktree\dataset\ternary_vle_english.xlsx,3c_485aadc678c8a7fb274c,61.829981350783996,,0.5871,0.0613,0.3516,,,,0.4609000000000001,0.182,0.3571
uniquac,3,mol_0a895444a9f0f36b,mol_57615b5c3546c298,mol_015d21fca05fcd26,CC(=O)CC(C)C,CC(C)CC(C)(C)C,CC(C)CO,False,isothermal,10.1016/j.fluid.2011.05.011,isothermal,0.967741935483871,shared_pair_or_uniquac_size_parameters_unavailable,,,,0,False,,,,,,,unverified,0.5,state_418a5a4f448049609184fe1b,D:\VLE\paper_structure_worktree\dataset\ternary_vle_english.xlsx,3c_485aadc678c8a7fb274c,90.640011819008,,0.0403,0.2786,0.6811,,,,0.02510000000000001,0.5213,0.4536
uniquac,3,mol_0a895444a9f0f36b,mol_57615b5c3546c298,mol_015d21fca05fcd26,CC(=O)CC(C)C,CC(C)CC(C)(C)C,CC(C)CO,False,isothermal,10.1016/j.fluid.2011.05.011,isothermal,0.967741935483871,shared_pair_or_uniquac_size_parameters_unavailable,,,,0,False,,,,,,,unverified,0.5,state_43497b9d57b25958c2be0e01,D:\VLE\paper_structure_worktree\dataset\ternary_vle_english.xlsx,3c_485aadc678c8a7fb274c,55.75994725811199,,0.1199,0.0042,0.8759,,,,0.13340000000000007,0.0236,0.843
uniquac,3,mol_0a895444a9f0f36b,mol_57615b5c3546c298,mol_015d21fca05fcd26,CC(=O)CC(C)C,CC(C)CC(C)(C)C,CC(C)CO,False,isothermal,10.1016/j.fluid.2011.05.011,isothermal,0.967741935483871,shared_pair_or_uniquac_size_parameters_unavailable,,,,0,False,,,,,,,unverified,0.5,state_438f63bff9cd2a543e00e723,D:\VLE\paper_structure_worktree\dataset\ternary_vle_english.xlsx,3c_485aadc678c8a7fb274c,55.309984266112,,0.20810000000000006,0.0024,0.7895,,,,0.18379999999999996,0.0089,0.8073
uniquac,3,mol_0a895444a9f0f36b,mol_57615b5c3546c298,mol_015d21fca05fcd26,CC(=O)CC(C)C,CC(C)CC(C)(C)C,CC(C)CO,False,isothermal,10.1016/j.fluid.2011.05.011,isothermal,0.967741935483871,shared_pair_or_uniquac_size_parameters_unavailable,,,,0,False,,,,,,,unverified,0.5,state_4cec90a9094114a3b8af4ff8,D:\VLE\paper_structure_worktree\dataset\ternary_vle_english.xlsx,3c_485aadc678c8a7fb274c,52.870051609343996,,0.7903,0.0142,0.1955,,,,0.7071000000000001,0.0476,0.2453
uniquac,3,mol_0a895444a9f0f36b,mol_57615b5c3546c298,mol_015d21fca05fcd26,CC(=O)CC(C)C,CC(C)CC(C)(C)C,CC(C)CO,False,isothermal,10.1016/j.fluid.2011.05.011,isothermal,0.967741935483871,shared_pair_or_uniquac_size_parameters_unavailable,,,,0,False,,,,,,,unverified,0.5,state_521d3aeb186eea3cfdbcdf67,D:\VLE\paper_structure_worktree\dataset\ternary_vle_english.xlsx,3c_485aadc678c8a7fb274c,54.640039366912,,0.02300000000000002,0.0024,0.9746,,,,0.028400000000000092,0.0156,0.956
uniquac,3,mol_0a895444a9f0f36b,mol_57615b5c3546c298,mol_015d21fca05fcd26,CC(=O)CC(C)C,CC(C)CC(C)(C)C,CC(C)CO,False,isothermal,10.1016/j.fluid.2011.05.011,isothermal,0.967741935483871,shared_pair_or_uniquac_size_parameters_unavailable,,,,0,False,,,,,,,unverified,0.5,state_56cf3fbd2abc30bfe34735ca,D:\VLE\paper_structure_worktree\dataset\ternary_vle_english.xlsx,3c_485aadc678c8a7fb274c,91.419947671808,,0.11270000000000002,0.7974,0.0899,,,,0.08830000000000005,0.7462,0.1655
uniquac,3,mol_0a895444a9f0f36b,mol_57615b5c3546c298,mol_015d21fca05fcd26,CC(=O)CC(C)C,CC(C)CC(C)(C)C,CC(C)CO,False,isothermal,10.1016/j.fluid.2011.05.011,isothermal,0.967741935483871,shared_pair_or_uniquac_size_parameters_unavailable,,,,0,False,,,,,,,unverified,0.5,state_6274796715dc4d5be8fe5c22,D:\VLE\paper_structure_worktree\dataset\ternary_vle_english.xlsx,3c_485aadc678c8a7fb274c,66.64998492108799,,0.1673,0.0591,0.7736,,,,0.14450000000000007,0.2251,0.6304
uniquac,3,mol_0a895444a9f0f36b,mol_57615b5c3546c298,mol_015d21fca05fcd26,CC(=O)CC(C)C,CC(C)CC(C)(C)C,CC(C)CO,False,isothermal,10.1016/j.fluid.2011.05.011,isothermal,0.967741935483871,shared_pair_or_uniquac_size_parameters_unavailable,,,,0,False,,,,,,,unverified,0.5,state_659ca161a591ce28f3122d92,D:\VLE\paper_structure_worktree\dataset\ternary_vle_english.xlsx,3c_485aadc678c8a7fb274c,76.82994765209601,,0.5385,0.3084,0.1531,,,,0.34919999999999995,0.4882,0.1626
uniquac,3,mol_0a895444a9f0f36b,mol_57615b5c3546c298,mol_015d21fca05fcd26,CC(=O)CC(C)C,CC(C)CC(C)(C)C,CC(C)CO,False,isothermal,10.1016/j.fluid.2011.05.011,isothermal,0.967741935483871,shared_pair_or_uniquac_size_parameters_unavailable,,,,0,False,,,,,,,unverified,0.5,state_6e555e7c55922ddf69a52724,D:\VLE\paper_structure_worktree\dataset\ternary_vle_english.xlsx,3c_485aadc678c8a7fb274c,82.60000641676801,,0.42210000000000003,0.4017,0.1762,,,,0.2653000000000001,0.5486,0.1861
uniquac,3,mol_0a895444a9f0f36b,mol_57615b5c3546c298,mol_015d21fca05fcd26,CC(=O)CC(C)C,CC(C)CC(C)(C)C,CC(C)CO,False,isothermal,10.1016/j.fluid.2011.05.011,isothermal,0.967741935483871,shared_pair_or_uniquac_size_parameters_unavailable,,,,0,False,,,,,,,unverified,0.5,state_70b2ac842490cdc0ef20f1e5,D:\VLE\paper_structure_worktree\dataset\ternary_vle_english.xlsx,3c_485aadc678c8a7fb274c,62.370070263552,,0.7742,0.1309,0.0949,,,,0.5876,0.3,0.1124
uniquac,3,mol_0a895444a9f0f36b,mol_57615b5c3546c298,mol_015d21fca05fcd26,CC(=O)CC(C)C,CC(C)CC(C)(C)C,CC(C)CO,False,isothermal,10.1016/j.fluid.2011.05.011,isothermal,0.967741935483871,shared_pair_or_uniquac_size_parameters_unavailable,,,,0,False,,,,,,,unverified,0.5,state_74b215e163249bcae8585362,D:\VLE\paper_structure_worktree\dataset\ternary_vle_english.xlsx,3c_485aadc678c8a7fb274c,67.89001626585599,,0.09640000000000004,0.0639,0.8397,,,,0.08490000000000009,0.2493,0.6658
uniquac,3,mol_0a895444a9f0f36b,mol_57615b5c3546c298,mol_015d21fca05fcd26,CC(=O)CC(C)C,CC(C)CC(C)(C)C,CC(C)CO,False,isothermal,10.1016/j.fluid.2011.05.011,isothermal,0.967741935483871,shared_pair_or_uniquac_size_parameters_unavailable,,,,0,False,,,,,,,unverified,0.5,state_75f4cac850b2c777ade81b28,D:\VLE\paper_structure_worktree\dataset\ternary_vle_english.xlsx,3c_485aadc678c8a7fb274c,93.57003750054399,,0.03739999999999999,0.8712,0.0914,,,,0.031300000000000106,0.7757,0.193
uniquac,3,mol_0a895444a9f0f36b,mol_57615b5c3546c298,mol_015d21fca05fcd26,CC(=O)CC(C)C,CC(C)CC(C)(C)C,CC(C)CO,False,isothermal,10.1016/j.fluid.2011.05.011,isothermal,0.967741935483871,shared_pair_or_uniquac_size_parameters_unavailable,,,,0,False,,,,,,,unverified,0.5,state_791c0a1360bd7e278dd0ca3a,D:\VLE\paper_structure_worktree\dataset\ternary_vle_english.xlsx,3c_485aadc678c8a7fb274c,61.639996976384005,,0.26760000000000006,0.0347,0.6977,,,,0.2399,0.1373,0.6228
uniquac,3,mol_0a895444a9f0f36b,mol_57615b5c3546c298,mol_015d21fca05fcd26,CC(=O)CC(C)C,CC(C)CC(C)(C)C,CC(C)CO,False,isothermal,10.1016/j.fluid.2011.05.011,isothermal,0.967741935483871,shared_pair_or_uniquac_size_parameters_unavailable,,,,0,False,,,,,,,unverified,0.5,state_80dc44d9484b0ae1bb77e300,D:\VLE\paper_structure_worktree\dataset\ternary_vle_english.xlsx,3c_485aadc678c8a7fb274c,95.620002230912,,0.11099999999999999,0.6403,0.2487,,,,0.0697000000000001,0.6564,0.2739
uniquac,3,mol_0a895444a9f0f36b,mol_57615b5c3546c298,mol_015d21fca05fcd26,CC(=O)CC(C)C,CC(C)CC(C)(C)C,CC(C)CO,False,isothermal,10.1016/j.fluid.2011.05.011,isothermal,0.967741935483871,shared_pair_or_uniquac_size_parameters_unavailable,,,,0,False,,,,,,,unverified,0.5,state_8e200610e8d7b6a7ddfba191,D:\VLE\paper_structure_worktree\dataset\ternary_vle_english.xlsx,3c_485aadc678c8a7fb274c,98.680017221248,,0.03289999999999993,0.7014,0.2657,,,,0.021100000000000008,0.6796,0.2993
uniquac,3,mol_0a895444a9f0f36b,mol_57615b5c3546c298,mol_015d21fca05fcd26,CC(=O)CC(C)C,CC(C)CC(C)(C)C,CC(C)CO,False,isothermal,10.1016/j.fluid.2011.05.011,isothermal,0.9375,shared_pair_or_uniquac_size_parameters_unavailable,,,,0,False,,,,,,,unverified,0.5,state_94190cdd18d4ae02b4195ee6,D:\VLE\paper_structure_worktree\dataset\ternary_vle_english.xlsx,3c_485aadc678c8a7fb274c,56.20004439488,,0.4613999999999999,0.0088,0.5298,,,,0.42389999999999994,0.0352,0.5409
uniquac,3,mol_0a895444a9f0f36b,mol_57615b5c3546c298,mol_015d21fca05fcd26,CC(=O)CC(C)C,CC(C)CC(C)(C)C,CC(C)CO,False,isothermal,10.1016/j.fluid.2011.05.011,isothermal,0.967741935483871,shared_pair_or_uniquac_size_parameters_unavailable,,,,0,False,,,,,,,unverified,0.5,state_a11fc167a06f883d05d1d2ac,D:\VLE\paper_structure_worktree\dataset\ternary_vle_english.xlsx,3c_485aadc678c8a7fb274c,84.559978548736,,0.11380000000000001,0.261,0.6252,,,,0.07109999999999994,0.4944,0.4345
uniquac,3,mol_0a895444a9f0f36b,mol_57615b5c3546c298,mol_015d21fca05fcd26,CC(=O)CC(C)C,CC(C)CC(C)(C)C,CC(C)CO,False,isothermal,10.1016/j.fluid.2011.05.011,isothermal,0.967741935483871,shared_pair_or_uniquac_size_parameters_unavailable,,,,0,False,,,,,,,unverified,0.5,state_c3ab3501c7e32f135d7d891b,D:\VLE\paper_structure_worktree\dataset\ternary_vle_english.xlsx,3c_485aadc678c8a7fb274c,56.31003534848,,0.3578,0.0041,0.6381,,,,0.3456,0.0181,0.6363
uniquac,3,mol_0a895444a9f0f36b,mol_57615b5c3546c298,mol_015d21fca05fcd26,CC(=O)CC(C)C,CC(C)CC(C)(C)C,CC(C)CO,False,isothermal,10.1016/j.fluid.2011.05.011,isothermal,0.967741935483871,shared_pair_or_uniquac_size_parameters_unavailable,,,,0,False,,,,,,,unverified,0.5,state_d97332906dd0d608d30506a1,D:\VLE\paper_structure_worktree\dataset\ternary_vle_english.xlsx,3c_485aadc678c8a7fb274c,56.28003781568,,0.23550000000000004,0.0044,0.7601,,,,0.24270000000000003,0.022,0.7353
uniquac,3,mol_0a895444a9f0f36b,mol_57615b5c3546c298,mol_015d21fca05fcd26,CC(=O)CC(C)C,CC(C)CC(C)(C)C,CC(C)CO,False,isothermal,10.1016/j.fluid.2011.05.011,isothermal,0.967741935483871,shared_pair_or_uniquac_size_parameters_unavailable,,,,0,False,,,,,,,unverified,0.5,state_dc624871dd0dde5b53884f61,D:\VLE\paper_structure_worktree\dataset\ternary_vle_english.xlsx,3c_485aadc678c8a7fb274c,89.38998129664,,0.18680000000000008,0.7263,0.0869,,,,0.13980000000000004,0.7162,0.144
uniquac,3,mol_0a895444a9f0f36b,mol_57615b5c3546c298,mol_015d21fca05fcd26,CC(=O)CC(C)C,CC(C)CC(C)(C)C,CC(C)CO,False,isothermal,10.1016/j.fluid.2011.05.011,isothermal,0.967741935483871,shared_pair_or_uniquac_size_parameters_unavailable,,,,0,False,,,,,,,unverified,0.5,state_df51de1614ae0d0503dc7cd6,D:\VLE\paper_structure_worktree\dataset\ternary_vle_english.xlsx,3c_485aadc678c8a7fb274c,56.739999985279994,,0.6894,0.0326,0.278,,,,0.5815,0.1035,0.315
uniquac,3,mol_0a895444a9f0f36b,mol_57615b5c3546c298,mol_015d21fca05fcd26,CC(=O)CC(C)C,CC(C)CC(C)(C)C,CC(C)CO,False,isothermal,10.1016/j.fluid.2011.05.011,isothermal,0.967741935483871,shared_pair_or_uniquac_size_parameters_unavailable,,,,0,False,,,,,,,unverified,0.5,state_e6dcd8040101d9e4ae50373c,D:\VLE\paper_structure_worktree\dataset\ternary_vle_english.xlsx,3c_485aadc678c8a7fb274c,68.75994471705599,,0.04249999999999998,0.0683,0.8892,,,,0.038000000000000034,0.2717,0.6903
uniquac,3,mol_0a895444a9f0f36b,mol_57615b5c3546c298,mol_015d21fca05fcd26,CC(=O)CC(C)C,CC(C)CC(C)(C)C,CC(C)CO,False,isothermal,10.1016/j.fluid.2011.05.011,isothermal,0.967741935483871,shared_pair_or_uniquac_size_parameters_unavailable,,,,0,False,,,,,,,unverified,0.5,state_eb4ead580b2018f6d27b023a,D:\VLE\paper_structure_worktree\dataset\ternary_vle_english.xlsx,3c_485aadc678c8a7fb274c,83.099965296768,,0.3749,0.5538,0.0713,,,,0.26060000000000005,0.6415,0.0979
uniquac,3,mol_0a895444a9f0f36b,mol_57615b5c3546c298,mol_015d21fca05fcd26,CC(=O)CC(C)C,CC(C)CC(C)(C)C,CC(C)CO,False,isothermal,10.1016/j.fluid.2011.05.011,isothermal,0.967741935483871,shared_pair_or_uniquac_size_parameters_unavailable,,,,0,False,,,,,,,unverified,0.5,state_ecad7ddd448e0ed7082835b1,D:\VLE\paper_structure_worktree\dataset\ternary_vle_english.xlsx,3c_485aadc678c8a7fb274c,86.599944101504,,0.2721,0.6474,0.0805,,,,0.1955,0.6834,0.1211
uniquac,3,mol_0a895444a9f0f36b,mol_57615b5c3546c298,mol_015d21fca05fcd26,CC(=O)CC(C)C,CC(C)CC(C)(C)C,CC(C)CO,False,isothermal,10.1016/j.fluid.2011.05.011,isothermal,0.967741935483871,shared_pair_or_uniquac_size_parameters_unavailable,,,,0,False,,,,,,,unverified,0.5,state_fe87190584f40adbc12c2ff3,D:\VLE\paper_structure_worktree\dataset\ternary_vle_english.xlsx,3c_485aadc678c8a7fb274c,70.019974417024,,0.01319999999999999,0.0747,0.9121,,,,0.011700000000000044,0.2953,0.693
uniquac,3,mol_b8ccf255e2b62919,mol_06affb0d2c6c8ff2,mol_879306ab1082c162,CC(=O)N(C)C,CCC(C)O,CCC(C)OC(C)=O,False,isobaric,10.1016/j.fluid.2015.03.013,isobaric,0.9333333333333333,shared_pair_or_uniquac_size_parameters_unavailable,,,,0,False,,,,,,,unverified,0.5,state_112b9250547579b3bd753cff,D:\VLE\paper_structure_worktree\dataset\ternary_vle_english.xlsx,3c_50c0ded265c297b30405,,400.34999999999997,0.59,0.027,0.383,,,,0.20699999999999996,0.051,0.742
uniquac,3,mol_b8ccf255e2b62919,mol_06affb0d2c6c8ff2,mol_879306ab1082c162,CC(=O)N(C)C,CCC(C)O,CCC(C)OC(C)=O,False,isobaric,10.1016/j.fluid.2015.03.013,isobaric,0.9333333333333333,shared_pair_or_uniquac_size_parameters_unavailable,,,,0,False,,,,,,,unverified,0.5,state_da55ed2477b5be9996ce44b5,D:\VLE\paper_structure_worktree\dataset\ternary_vle_english.xlsx,3c_50c0ded265c297b30405,,401.08,0.622,0.323,0.055,,,,0.21399999999999997,0.627,0.159
uniquac,3,mol_893981623557f359,mol_e04cf77cea7bbe66,mol_1a0ca8e5eeb68da8,C1CCCCC1,CC(C)=O,CC(C)OC(C)C,False,isobaric,10.1016/j.fluid.2008.06.006,isobaric,0.9772727272727273,shared_pair_or_uniquac_size_parameters_unavailable,,,,0,False,,,,,,,unverified,0.5,state_03e495bb6c2825906e542bee,D:\VLE\paper_structure_worktree\dataset\ternary_vle_english.xlsx,3c_5af2e9ac27e2698a2927,,338.40999999999997,0.722,0.085,0.193,,,,0.3420000000000001,0.174,0.484
uniquac,3,mol_893981623557f359,mol_e04cf77cea7bbe66,mol_1a0ca8e5eeb68da8,C1CCCCC1,CC(C)=O,CC(C)OC(C)C,False,isobaric,10.1016/j.fluid.2008.06.006,isobaric,0.9772727272727273,shared_pair_or_uniquac_size_parameters_unavailable,,,,0,False,,,,,,,unverified,0.5,state_1bd37f87a05357f15bbbdc86,D:\VLE\paper_structure_worktree\dataset\ternary_vle_english.xlsx,3c_5af2e9ac27e2698a2927,,341.89,0.617,0.083,0.3,,,,0.653,0.234,0.113
uniquac,3,mol_893981623557f359,mol_e04cf77cea7bbe66,mol_1a0ca8e5eeb68da8,C1CCCCC1,CC(C)=O,CC(C)OC(C)C,False,isobaric,10.1016/j.fluid.2008.06.006,isobaric,0.9772727272727273,shared_pair_or_uniquac_size_parameters_unavailable,,,,0,False,,,,,,,unverified,0.5,state_71b319c5c6739aba4b012cb1,D:\VLE\paper_structure_worktree\dataset\ternary_vle_english.xlsx,3c_5af2e9ac27e2698a2927,,335.5,0.20300000000000007,0.091,0.706,,,,0.39,0.307,0.303
uniquac,3,mol_893981623557f359,mol_e04cf77cea7bbe66,mol_1a0ca8e5eeb68da8,C1CCCCC1,CC(C)=O,CC(C)OC(C)C,False,isobaric,10.1016/j.fluid.2008.06.006,isobaric,0.9772727272727273,shared_pair_or_uniquac_size_parameters_unavailable,,,,0,False,,,,,,,unverified,0.5,state_b95e65677aeaf41202cc83a2,D:\VLE\paper_structure_worktree\dataset\ternary_vle_english.xlsx,3c_5af2e9ac27e2698a2927,,337.02,0.30700000000000005,0.088,0.605,,,,0.19499999999999995,0.154,0.651
uniquac,3,mol_893981623557f359,mol_e04cf77cea7bbe66,mol_1a0ca8e5eeb68da8,C1CCCCC1,CC(C)=O,CC(C)OC(C)C,False,isobaric,10.1016/j.fluid.2008.06.006,isobaric,0.9772727272727273,shared_pair_or_uniquac_size_parameters_unavailable,,,,0,False,,,,,,,unverified,0.5,state_e251f1d1e1abb032d0bad50c,D:\VLE\paper_structure_worktree\dataset\ternary_vle_english.xlsx,3c_5af2e9ac27e2698a2927,,336.33,0.41100000000000003,0.086,0.503,,,,0.04700000000000004,0.127,0.826
uniquac,3,mol_893981623557f359,mol_e04cf77cea7bbe66,mol_1a0ca8e5eeb68da8,C1CCCCC1,CC(C)=O,CC(C)OC(C)C,False,isobaric,10.1016/j.fluid.2008.06.006,isobaric,0.9772727272727273,shared_pair_or_uniquac_size_parameters_unavailable,,,,0,False,,,,,,,unverified,0.5,state_e369afc2d8718b79e26969d0,D:\VLE\paper_structure_worktree\dataset\ternary_vle_english.xlsx,3c_5af2e9ac27e2698a2927,,339.67999999999995,0.5169999999999999,0.084,0.399,,,,0.488,0.209,0.303
uniquac,3,mol_5fb2f93dc8caa9dc,mol_e13b90e4aa2e917d,mol_ab8630148ae67e51,CCCO,CCCOCCC,CCOCCO,True,isobaric,10.1016/j.fluid.2007.03.030,isobaric,0.9761904761904762,,1.4111234513662825,2.672239052526318,1.0204118771975308,258,False,,384.1377197788767,1.1368683772161603e-13,170.25813207659908,187.0797679121065,46.0064759679234,unverified,0.5,state_0c3bdeba5c9a466f3ca4509a,D:\VLE\paper_structure_worktree\dataset\ternary_vle_english.xlsx,3c_61bfd4ccc52903a74083,,387.74,0.082,0.085,0.833,0.19448117028008396,0.41948060694768285,0.3860382227722331,0.41,0.167,0.42300000000000004
uniquac,3,mol_5fb2f93dc8caa9dc,mol_e13b90e4aa2e917d,mol_ab8630148ae67e51,CCCO,CCCOCCC,CCOCCO,True,isobaric,10.1016/j.fluid.2007.03.030,isobaric,0.9761904761904762,,1.2804617221313697,2.7878064440405295,1.0393444986040365,258,False,,379.89891606487714,-8.242295734817162e-13,145.70732786338053,166.17506253176725,39.684339543587974,unverified,0.5,state_41d5d7c8424be3c2ff83fe0e,D:\VLE\paper_structure_worktree\dataset\ternary_vle_english.xlsx,3c_61bfd4ccc52903a74083,,375.84999999999997,0.239,0.06,0.7010000000000001,0.4401865089276642,0.2743914355854747,0.285422055486861,0.684,0.083,0.23299999999999998
uniquac,3,mol_5fb2f93dc8caa9dc,mol_e13b90e4aa2e917d,mol_ab8630148ae67e51,CCCO,CCCOCCC,CCOCCO,True,isobaric,10.1016/j.fluid.2007.03.030,isobaric,0.9761904761904762,,1.5360967585461043,1.4464557376800342,1.2279287899415112,258,False,,372.3555837380141,-2.5579538487363607e-13,109.47777370107853,133.68683877823796,30.252044053020224,unverified,0.5,state_4562f7577408da783e286969,D:\VLE\paper_structure_worktree\dataset\ternary_vle_english.xlsx,3c_61bfd4ccc52903a74083,,379.69,0.058,0.362,0.5800000000000001,0.09628604682787197,0.6910241190126959,0.21268983415943213,0.258,0.537,0.20499999999999996
uniquac,3,mol_5fb2f93dc8caa9dc,mol_e13b90e4aa2e917d,mol_ab8630148ae67e51,CCCO,CCCOCCC,CCOCCO,True,isobaric,10.1016/j.fluid.2007.03.030,isobaric,0.9761904761904762,,1.7537821514283036,1.158268819599509,1.4957289181999374,258,False,,368.82842551386767,-1.3642420526593924e-12,95.39598526235362,120.38890281527588,26.545367612254868,unverified,0.5,state_8e1ca7f6c5e725e4b27782ec,D:\VLE\paper_structure_worktree\dataset\ternary_vle_english.xlsx,3c_61bfd4ccc52903a74083,,375.08,0.045,0.56,0.3949999999999999,0.07432058003429351,0.7708585288045553,0.1548208911611512,0.192,0.696,0.1120000000000001
uniquac,3,mol_5fb2f93dc8caa9dc,mol_e13b90e4aa2e917d,mol_ab8630148ae67e51,CCCO,CCCOCCC,CCOCCO,True,isobaric,10.1016/j.fluid.2007.03.030,isobaric,0.9761904761904762,,1.5433161656062928,1.349081833032107,1.2935275092496674,258,False,,370.0291026186539,-5.684341886080802e-14,100.00302486030579,124.78811060685634,27.760922860611878,unverified,0.5,state_c4b958a8d1e672253bb13feb,D:\VLE\paper_structure_worktree\dataset\ternary_vle_english.xlsx,3c_61bfd4ccc52903a74083,,375.21,0.097,0.407,0.496,0.14778508615980648,0.6763893260111814,0.17582558782901214,0.337,0.512,0.15100000000000002
uniquac,3,mol_5fb2f93dc8caa9dc,mol_e13b90e4aa2e917d,mol_ab8630148ae67e51,CCCO,CCCOCCC,CCOCCO,True,isobaric,10.1016/j.fluid.2007.03.030,isobaric,0.9761904761904762,,1.4126950368868165,1.8593316092802137,1.1032997452724511,258,False,,374.79983806123636,-5.684341886080802e-14,120.25500793548774,143.58809774920707,33.07240222002782,unverified,0.5,state_c4d81e12ae8802c8c8a98924,D:\VLE\paper_structure_worktree\dataset\ternary_vle_english.xlsx,3c_61bfd4ccc52903a74083,,380.21999999999997,0.104,0.221,0.675,0.17441175935168207,0.5824496668711477,0.2431385737771703,0.408,0.335,0.257
uniquac,3,mol_b650f1cc3cac74aa,mol_7347d05012022dd9,mol_1a0ca8e5eeb68da8,CC(=O)C(C)C,CC(C)C(C)C,CC(C)OC(C)C,False,isothermal,10.1016/j.fluid.2013.01.020,isothermal,0.9642857142857143,shared_pair_or_uniquac_size_parameters_unavailable,,,,0,False,,,,,,,unverified,0.5,state_04243ec6a3326fade3d0b1e7,D:\VLE\paper_structure_worktree\dataset\ternary_vle_english.xlsx,3c_65250b1389afa8bc1bcc,52.019988190976,,0.867,0.0967,0.0363,,,,0.5317,0.395,0.0733
uniquac,3,mol_b650f1cc3cac74aa,mol_7347d05012022dd9,mol_1a0ca8e5eeb68da8,CC(=O)C(C)C,CC(C)C(C)C,CC(C)OC(C)C,False,isothermal,10.1016/j.fluid.2013.01.020,isothermal,0.9642857142857143,shared_pair_or_uniquac_size_parameters_unavailable,,,,0,False,,,,,,,unverified,0.5,state_08b08d5c5499a5f77065a95e,D:\VLE\paper_structure_worktree\dataset\ternary_vle_english.xlsx,3c_65250b1389afa8bc1bcc,78.63993212006399,,0.10159999999999991,0.0913,0.8071,,,,0.06420000000000003,0.1391,0.7967
uniquac,3,mol_b650f1cc3cac74aa,mol_7347d05012022dd9,mol_1a0ca8e5eeb68da8,CC(=O)C(C)C,CC(C)C(C)C,CC(C)OC(C)C,False,isothermal,10.1016/j.fluid.2013.01.020,isothermal,0.9642857142857143,shared_pair_or_uniquac_size_parameters_unavailable,,,,0,False,,,,,,,unverified,0.5,state_093f979aa31f9eec581f5675,D:\VLE\paper_structure_worktree\dataset\ternary_vle_english.xlsx,3c_65250b1389afa8bc1bcc,79.639983202432,,0.3016,0.2186,0.4798,,,,0.16100000000000003,0.3593,0.4797
uniquac,3,mol_b650f1cc3cac74aa,mol_7347d05012022dd9,mol_1a0ca8e5eeb68da8,CC(=O)C(C)C,CC(C)C(C)C,CC(C)OC(C)C,False,isothermal,10.1016/j.fluid.2013.01.020,isothermal,0.9642857142857143,shared_pair_or_uniquac_size_parameters_unavailable,,,,0,False,,,,,,,unverified,0.5,state_120341636246ef307166dbf1,D:\VLE\paper_structure_worktree\dataset\ternary_vle_english.xlsx,3c_65250b1389afa8bc1bcc,80.9400096128,,0.47809999999999997,0.3242,0.1977,,,,0.2279,0.5708,0.2013
uniquac,3,mol_b650f1cc3cac74aa,mol_7347d05012022dd9,mol_1a0ca8e5eeb68da8,CC(=O)C(C)C,CC(C)C(C)C,CC(C)OC(C)C,False,isothermal,10.1016/j.fluid.2013.01.020,isothermal,0.9642857142857143,shared_pair_or_uniquac_size_parameters_unavailable,,,,0,False,,,,,,,unverified,0.5,state_13e9f99a3c737ac69a4fae68,D:\VLE\paper_structure_worktree\dataset\ternary_vle_english.xlsx,3c_65250b1389afa8bc1bcc,59.940003462015994,,0.6913,0.0859,0.2228,,,,0.386,0.2612,0.3528
uniquac,3,mol_b650f1cc3cac74aa,mol_7347d05012022dd9,mol_1a0ca8e5eeb68da8,CC(=O)C(C)C,CC(C)C(C)C,CC(C)OC(C)C,False,isothermal,10.1016/j.fluid.2013.01.020,isothermal,0.9642857142857143,shared_pair_or_uniquac_size_parameters_unavailable,,,,0,False,,,,,,,unverified,0.5,state_159f117424757c07baccb56f,D:\VLE\paper_structure_worktree\dataset\ternary_vle_english.xlsx,3c_65250b1389afa8bc1bcc,79.280012808832,,0.2156,0.1674,0.617,,,,0.12309999999999999,0.2646,0.6123
uniquac,3,mol_b650f1cc3cac74aa,mol_7347d05012022dd9,mol_1a0ca8e5eeb68da8,CC(=O)C(C)C,CC(C)C(C)C,CC(C)OC(C)C,False,isothermal,10.1016/j.fluid.2013.01.020,isothermal,0.9642857142857143,shared_pair_or_uniquac_size_parameters_unavailable,,,,0,False,,,,,,,unverified,0.5,state_247b0ee60f648f0b6d46ebc2,D:\VLE\paper_structure_worktree\dataset\ternary_vle_english.xlsx,3c_65250b1389afa8bc1bcc,93.840015295744,,0.1604000000000001,0.5216,0.318,,,,0.09230000000000005,0.6456,0.2621
uniquac,3,mol_b650f1cc3cac74aa,mol_7347d05012022dd9,mol_1a0ca8e5eeb68da8,CC(=O)C(C)C,CC(C)C(C)C,CC(C)OC(C)C,False,isothermal,10.1016/j.fluid.2013.01.020,isothermal,0.9642857142857143,shared_pair_or_uniquac_size_parameters_unavailable,,,,0,False,,,,,,,unverified,0.5,state_300c4b71a64705b13473d82c,D:\VLE\paper_structure_worktree\dataset\ternary_vle_english.xlsx,3c_65250b1389afa8bc1bcc,82.180040957568,,0.569,0.3798,0.0512,,,,0.25529999999999997,0.6917,0.053
uniquac,3,mol_b650f1cc3cac74aa,mol_7347d05012022dd9,mol_1a0ca8e5eeb68da8,CC(=O)C(C)C,CC(C)C(C)C,CC(C)OC(C)C,False,isothermal,10.1016/j.fluid.2013.01.020,isothermal,0.9642857142857143,shared_pair_or_uniquac_size_parameters_unavailable,,,,0,False,,,,,,,unverified,0.5,state_405ac3a65dcea7bcfaab32b6,D:\VLE\paper_structure_worktree\dataset\ternary_vle_english.xlsx,3c_65250b1389afa8bc1bcc,91.20996494220799,,0.13339999999999996,0.4341,0.4325,,,,0.07939999999999992,0.5534,0.3672
uniquac,3,mol_b650f1cc3cac74aa,mol_7347d05012022dd9,mol_1a0ca8e5eeb68da8,CC(=O)C(C)C,CC(C)C(C)C,CC(C)OC(C)C,False,isothermal,10.1016/j.fluid.2013.01.020,isothermal,0.9642857142857143,shared_pair_or_uniquac_size_parameters_unavailable,,,,0,False,,,,,,,unverified,0.5,state_498e2352c35dc4c99e0e7aa2,D:\VLE\paper_structure_worktree\dataset\ternary_vle_english.xlsx,3c_65250b1389afa8bc1bcc,80.5500416864,,0.4404,0.3004,0.2592,,,,0.2136,0.5222,0.2642
uniquac,3,mol_b650f1cc3cac74aa,mol_7347d05012022dd9,mol_1a0ca8e5eeb68da8,CC(=O)C(C)C,CC(C)C(C)C,CC(C)OC(C)C,False,isothermal,10.1016/j.fluid.2013.01.020,isothermal,0.9642857142857143,shared_pair_or_uniquac_size_parameters_unavailable,,,,0,False,,,,,,,unverified,0.5,state_5427ae60981d45665fe7e5a0,D:\VLE\paper_structure_worktree\dataset\ternary_vle_english.xlsx,3c_65250b1389afa8bc1bcc,78.97003830323199,,0.1704,0.1369,0.6927,,,,0.10460000000000003,0.212,0.6834
uniquac,3,mol_b650f1cc3cac74aa,mol_7347d05012022dd9,mol_1a0ca8e5eeb68da8,CC(=O)C(C)C,CC(C)C(C)C,CC(C)OC(C)C,False,isothermal,10.1016/j.fluid.2013.01.020,isothermal,0.9642857142857143,shared_pair_or_uniquac_size_parameters_unavailable,,,,0,False,,,,,,,unverified,0.5,state_6309dd79acf1bc611fa324da,D:\VLE\paper_structure_worktree\dataset\ternary_vle_english.xlsx,3c_65250b1389afa8bc1bcc,70.630057572992,,0.34429999999999994,0.0604,0.5953,,,,0.19179999999999997,0.1184,0.6898
uniquac,3,mol_b650f1cc3cac74aa,mol_7347d05012022dd9,mol_1a0ca8e5eeb68da8,CC(=O)C(C)C,CC(C)C(C)C,CC(C)OC(C)C,False,isothermal,10.1016/j.fluid.2013.01.020,isothermal,0.9642857142857143,shared_pair_or_uniquac_size_parameters_unavailable,,,,0,False,,,,,,,unverified,0.5,state_7dd04c6a0d69191f226228d8,D:\VLE\paper_structure_worktree\dataset\ternary_vle_english.xlsx,3c_65250b1389afa8bc1bcc,99.880051855616,,0.2248,0.7207,0.0545,,,,0.11880000000000002,0.8389,0.0423
uniquac,3,mol_b650f1cc3cac74aa,mol_7347d05012022dd9,mol_1a0ca8e5eeb68da8,CC(=O)C(C)C,CC(C)C(C)C,CC(C)OC(C)C,False,isothermal,10.1016/j.fluid.2013.01.020,isothermal,0.9642857142857143,shared_pair_or_uniquac_size_parameters_unavailable,,,,0,False,,,,,,,unverified,0.5,state_89ee24a8c37e7e217b903f20,D:\VLE\paper_structure_worktree\dataset\ternary_vle_english.xlsx,3c_65250b1389afa8bc1bcc,96.359941373312,,0.1865,0.6019,0.2116,,,,0.10389999999999999,0.7268,0.1693
uniquac,3,mol_b650f1cc3cac74aa,mol_7347d05012022dd9,mol_1a0ca8e5eeb68da8,CC(=O)C(C)C,CC(C)C(C)C,CC(C)OC(C)C,False,isothermal,10.1016/j.fluid.2013.01.020,isothermal,0.9642857142857143,shared_pair_or_uniquac_size_parameters_unavailable,,,,0,False,,,,,,,unverified,0.5,state_988c95dc13dcf895d0f72a19,D:\VLE\paper_structure_worktree\dataset\ternary_vle_english.xlsx,3c_65250b1389afa8bc1bcc,78.419950212864,,0.07589999999999997,0.0722,0.8519,,,,0.049799999999999955,0.1088,0.8414
uniquac,3,mol_b650f1cc3cac74aa,mol_7347d05012022dd9,mol_1a0ca8e5eeb68da8,CC(=O)C(C)C,CC(C)C(C)C,CC(C)OC(C)C,False,isothermal,10.1016/j.fluid.2013.01.020,isothermal,0.9642857142857143,shared_pair_or_uniquac_size_parameters_unavailable,,,,0,False,,,,,,,unverified,0.5,state_9cdd745a703ed9f2770d43b2,D:\VLE\paper_structure_worktree\dataset\ternary_vle_english.xlsx,3c_65250b1389afa8bc1bcc,78.179969950464,,0.05349999999999999,0.0545,0.892,,,,0.03529999999999989,0.0821,0.8826
uniquac,3,mol_b650f1cc3cac74aa,mol_7347d05012022dd9,mol_1a0ca8e5eeb68da8,CC(=O)C(C)C,CC(C)C(C)C,CC(C)OC(C)C,False,isothermal,10.1016/j.fluid.2013.01.020,isothermal,0.9642857142857143,shared_pair_or_uniquac_size_parameters_unavailable,,,,0,False,,,,,,,unverified,0.5,state_9d6c14713e4e6dc8725fcb87,D:\VLE\paper_structure_worktree\dataset\ternary_vle_english.xlsx,3c_65250b1389afa8bc1bcc,78.810051461632,,0.131,0.1123,0.7567,,,,0.08120000000000005,0.1726,0.7462
uniquac,3,mol_b650f1cc3cac74aa,mol_7347d05012022dd9,mol_1a0ca8e5eeb68da8,CC(=O)C(C)C,CC(C)C(C)C,CC(C)OC(C)C,False,isothermal,10.1016/j.fluid.2013.01.020,isothermal,0.9642857142857143,shared_pair_or_uniquac_size_parameters_unavailable,,,,0,False,,,,,,,unverified,0.5,state_a84caea8b821cff90369766d,D:\VLE\paper_structure_worktree\dataset\ternary_vle_english.xlsx,3c_65250b1389afa8bc1bcc,81.3799734272,,0.5239,0.3533,0.1228,,,,0.2429,0.6312,0.1259
uniquac,3,mol_b650f1cc3cac74aa,mol_7347d05012022dd9,mol_1a0ca8e5eeb68da8,CC(=O)C(C)C,CC(C)C(C)C,CC(C)OC(C)C,False,isothermal,10.1016/j.fluid.2013.01.020,isothermal,0.9642857142857143,shared_pair_or_uniquac_size_parameters_unavailable,,,,0,False,,,,,,,unverified,0.5,state_a85593216a9c499a1391f96e,D:\VLE\paper_structure_worktree\dataset\ternary_vle_english.xlsx,3c_65250b1389afa8bc1bcc,97.78995709248,,0.20219999999999994,0.6529,0.1449,,,,0.1119,0.7733,0.1148
uniquac,3,mol_b650f1cc3cac74aa,mol_7347d05012022dd9,mol_1a0ca8e5eeb68da8,CC(=O)C(C)C,CC(C)C(C)C,CC(C)OC(C)C,False,isothermal,10.1016/j.fluid.2013.01.020,isothermal,0.9642857142857143,shared_pair_or_uniquac_size_parameters_unavailable,,,,0,False,,,,,,,unverified,0.5,state_aea9545bfd4b93837a3864c4,D:\VLE\paper_structure_worktree\dataset\ternary_vle_english.xlsx,3c_65250b1389afa8bc1bcc,88.81002899584,,0.10560000000000003,0.356,0.5384,,,,0.06489999999999996,0.4648,0.4703
uniquac,3,mol_b650f1cc3cac74aa,mol_7347d05012022dd9,mol_1a0ca8e5eeb68da8,CC(=O)C(C)C,CC(C)C(C)C,CC(C)OC(C)C,False,isothermal,10.1016/j.fluid.2013.01.020,isothermal,0.9642857142857143,shared_pair_or_uniquac_size_parameters_unavailable,,,,0,False,,,,,,,unverified,0.5,state_c439ba7d70222bda12dc8f05,D:\VLE\paper_structure_worktree\dataset\ternary_vle_english.xlsx,3c_65250b1389afa8bc1bcc,56.849990938880005,,0.7632,0.0902,0.1466,,,,0.43799999999999994,0.307,0.255
uniquac,3,mol_b650f1cc3cac74aa,mol_7347d05012022dd9,mol_1a0ca8e5eeb68da8,CC(=O)C(C)C,CC(C)C(C)C,CC(C)OC(C)C,False,isothermal,10.1016/j.fluid.2013.01.020,isothermal,0.9642857142857143,shared_pair_or_uniquac_size_parameters_unavailable,,,,0,False,,,,,,,unverified,0.5,state_c8f6098e49ef49488ebe89aa,D:\VLE\paper_structure_worktree\dataset\ternary_vle_english.xlsx,3c_65250b1389afa8bc1bcc,79.999953596032,,0.40270000000000006,0.2704,0.3269,,,,0.20189999999999997,0.4645,0.3336
uniquac,3,mol_b650f1cc3cac74aa,mol_7347d05012022dd9,mol_1a0ca8e5eeb68da8,CC(=O)C(C)C,CC(C)C(C)C,CC(C)OC(C)C,False,isothermal,10.1016/j.fluid.2013.01.020,isothermal,0.9642857142857143,shared_pair_or_uniquac_size_parameters_unavailable,,,,0,False,,,,,,,unverified,0.5,state_d12d04b257303551f4a9be72,D:\VLE\paper_structure_worktree\dataset\ternary_vle_english.xlsx,3c_65250b1389afa8bc1bcc,68.830072282624,,0.4154,0.0693,0.5153,,,,0.22819999999999996,0.1457,0.6261
uniquac,3,mol_b650f1cc3cac74aa,mol_7347d05012022dd9,mol_1a0ca8e5eeb68da8,CC(=O)C(C)C,CC(C)C(C)C,CC(C)OC(C)C,False,isothermal,10.1016/j.fluid.2013.01.020,isothermal,0.9642857142857143,shared_pair_or_uniquac_size_parameters_unavailable,,,,0,False,,,,,,,unverified,0.5,state_e328f281f1912b379b0350f0,D:\VLE\paper_structure_worktree\dataset\ternary_vle_english.xlsx,3c_65250b1389afa8bc1bcc,54.660037722111994,,0.8126,0.0943,0.0931,,,,0.48330000000000006,0.3439,0.1728
uniquac,3,mol_b650f1cc3cac74aa,mol_7347d05012022dd9,mol_1a0ca8e5eeb68da8,CC(=O)C(C)C,CC(C)C(C)C,CC(C)OC(C)C,False,isothermal,10.1016/j.fluid.2013.01.020,isothermal,0.9642857142857143,shared_pair_or_uniquac_size_parameters_unavailable,,,,0,False,,,,,,,unverified,0.5,state_f314e3208a16ca6d7c839914,D:\VLE\paper_structure_worktree\dataset\ternary_vle_english.xlsx,3c_65250b1389afa8bc1bcc,79.439999650432,,0.2591,0.1939,0.547,,,,0.14369999999999994,0.3123,0.544
uniquac,3,mol_b650f1cc3cac74aa,mol_7347d05012022dd9,mol_1a0ca8e5eeb68da8,CC(=O)C(C)C,CC(C)C(C)C,CC(C)OC(C)C,False,isothermal,10.1016/j.fluid.2013.01.020,isothermal,0.9642857142857143,shared_pair_or_uniquac_size_parameters_unavailable,,,,0,False,,,,,,,unverified,0.5,state_fbef8346c530b4fd40b66e44,D:\VLE\paper_structure_worktree\dataset\ternary_vle_english.xlsx,3c_65250b1389afa8bc1bcc,63.090011050752,,0.6012,0.083,0.3158,,,,0.33199999999999996,0.2179,0.4501
uniquac,3,mol_b650f1cc3cac74aa,mol_7347d05012022dd9,mol_1a0ca8e5eeb68da8,CC(=O)C(C)C,CC(C)C(C)C,CC(C)OC(C)C,False,isothermal,10.1016/j.fluid.2013.01.020,isothermal,0.9642857142857143,shared_pair_or_uniquac_size_parameters_unavailable,,,,0,False,,,,,,,unverified,0.5,state_fd18772c0f9ff362bd3bf256,D:\VLE\paper_structure_worktree\dataset\ternary_vle_english.xlsx,3c_65250b1389afa8bc1bcc,79.819968399232,,0.35860000000000003,0.2347,0.4067,,,,0.18280000000000007,0.4068,0.4104
uniquac,3,mol_06affb0d2c6c8ff2,mol_879306ab1082c162,mol_7d3e12eaed0f467c,CCC(C)O,CCC(C)OC(C)=O,CS(C)=O,False,isobaric,10.1016/j.fluid.2015.07.029,isobaric,0.9285714285714286,shared_pair_or_uniquac_size_parameters_unavailable,,,,0,False,,,,,,,unverified,0.5,state_08cde2963ece5925816560de,D:\VLE\paper_structure_worktree\dataset\ternary_vle_english.xlsx,3c_6aa06918a7fe0a120990,,403.30999999999995,0.27,0.095,0.635,,,,0.608,0.29,0.10200000000000009
uniquac,3,mol_06affb0d2c6c8ff2,mol_879306ab1082c162,mol_7d3e12eaed0f467c,CCC(C)O,CCC(C)OC(C)=O,CS(C)=O,False,isobaric,10.1016/j.fluid.2015.07.029,isobaric,0.9285714285714286,shared_pair_or_uniquac_size_parameters_unavailable,,,,0,False,,,,,,,unverified,0.5,state_1725d6cfb54f9e0aff9dc77e,D:\VLE\paper_structure_worktree\dataset\ternary_vle_english.xlsx,3c_6aa06918a7fe0a120990,,403.33,0.187,0.164,0.649,,,,0.375,0.514,0.11099999999999999
uniquac,3,mol_57615b5c3546c298,mol_1a0ca8e5eeb68da8,mol_f29e20f49d416e54,CC(C)CC(C)(C)C,CC(C)OC(C)C,CCO,True,isobaric,10.1016/j.fluid.2006.08.004,isobaric,0.9821428571428571,,1.0126113145384106,0.9662689750549994,5.4458000074429895,258,False,,352.0216279541748,9.620748642191757e-12,54.556418438305194,140.82820234409908,102.91747484463032,unverified,0.5,state_02bd98bd776012199206c37c,D:\VLE\paper_structure_worktree\dataset\ternary_vle_english.xlsx,3c_6b60b4a3a536506a27ae,,352.83,0.656,0.301,0.043,0.35775301274513843,0.4043384106203444,0.23790857663451714,0.404,0.411,0.185
uniquac,3,mol_57615b5c3546c298,mol_1a0ca8e5eeb68da8,mol_f29e20f49d416e54,CC(C)CC(C)(C)C,CC(C)OC(C)C,CCO,True,isobaric,10.1016/j.fluid.2006.08.004,isobaric,0.9821428571428571,,1.0611234016811328,0.8734962118118951,4.710001045293864,258,False,,347.1525216647157,-2.842170943040401e-14,46.44527920610518,121.14509587235241,84.65440010862282,unverified,0.5,state_4d6dd1183f323d50fa870f39,D:\VLE\paper_structure_worktree\dataset\ternary_vle_english.xlsx,3c_6b60b4a3a536506a27ae,,347.75,0.769,0.098,0.133,0.3741318170640409,0.10237260922330883,0.5234955737126503,0.40900000000000003,0.112,0.479
uniquac,3,mol_57615b5c3546c298,mol_1a0ca8e5eeb68da8,mol_f29e20f49d416e54,CC(C)CC(C)(C)C,CC(C)OC(C)C,CCO,True,isobaric,10.1016/j.fluid.2006.08.004,isobaric,0.9821428571428571,,1.0035164248627548,0.9443613787068526,7.554492807867973,258,False,,359.5307906826722,-9.947598300641403e-14,69.33315072693449,176.2192054126282,137.6653090774991,unverified,0.5,state_98f3b9b9c15842705076b6e6,D:\VLE\paper_structure_worktree\dataset\ternary_vle_english.xlsx,3c_6b60b4a3a536506a27ae,,360.38,0.925,0.047,0.028,0.6353279874146405,0.07721117242369278,0.2874608401616668,0.667,0.08,0.253
uniquac,3,mol_57615b5c3546c298,mol_1a0ca8e5eeb68da8,mol_f29e20f49d416e54,CC(C)CC(C)(C)C,CC(C)OC(C)C,CCO,True,isobaric,10.1016/j.fluid.2006.08.004,isobaric,0.9821428571428571,,1.0109876873738315,0.9290629835796929,6.641171854057497,258,False,,354.626907641144,1.475086719437968e-10,59.35546601040543,152.38307801007483,114.00578618436211,unverified,0.5,state_ac635c2ffca721cd17f50a72,D:\VLE\paper_structure_worktree\dataset\ternary_vle_english.xlsx,3c_6b60b4a3a536506a27ae,,358.25,0.856,0.096,0.048,0.507073813537043,0.13416646113188269,0.3587597253310743,0.602,0.149,0.249
uniquac,3,mol_57615b5c3546c298,mol_1a0ca8e5eeb68da8,mol_f29e20f49d416e54,CC(C)CC(C)(C)C,CC(C)OC(C)C,CCO,True,isobaric,10.1016/j.fluid.2006.08.004,isobaric,0.9821428571428571,,1.0102468426763638,0.9893819554776484,4.457263223990012,258,False,,347.84198778563376,0.0,47.529032267328105,123.78711471464159,87.05769899926298,unverified,0.5,state_ca9e4adcf07994ceb3e24ce3,D:\VLE\paper_structure_worktree\dataset\ternary_vle_english.xlsx,3c_6b60b4a3a536506a27ae,,348.40999999999997,0.45199999999999996,0.501,0.047,0.21424748936045196,0.6057145199743338,0.18003799066521417,0.256,0.604,0.14
uniquac,3,mol_57615b5c3546c298,mol_1a0ca8e5eeb68da8,mol_f29e20f49d416e54,CC(C)CC(C)(C)C,CC(C)OC(C)C,CCO,True,isobaric,10.1016/j.fluid.2006.08.004,isobaric,0.9821428571428571,,1.0122320770188933,0.9788107957391341,4.896377196666754,258,False,,349.8924918323217,1.4210854715202004e-13,50.87657459218015,131.92371031673505,94.55433502944831,unverified,0.5,state_dbad9f3f33acd08a128b5ff2,D:\VLE\paper_structure_worktree\dataset\ternary_vle_english.xlsx,3c_6b60b4a3a536506a27ae,,350.78999999999996,0.552,0.403,0.045,0.2806259767553039,0.5137093697639112,0.2056646534807848,0.33199999999999996,0.517,0.151
uniquac,3,mol_57615b5c3546c298,mol_1a0ca8e5eeb68da8,mol_f29e20f49d416e54,CC(C)CC(C)(C)C,CC(C)OC(C)C,CCO,True,isobaric,10.1016/j.fluid.2006.08.004,isobaric,0.9821428571428571,,1.0168933392467743,0.8985520197207333,6.40976006926033,258,False,,352.0343396272977,8.44124770082999e-12,54.57903070042731,140.88279678085127,102.96924760467192,unverified,0.5,state_e45aa4f58a3c80bbbaf1d77f,D:\VLE\paper_structure_worktree\dataset\ternary_vle_english.xlsx,3c_6b60b4a3a536506a27ae,,352.28,0.881,0.049,0.07,0.4826896232920327,0.061233361634377,0.4560770150735903,0.522,0.066,0.412
uniquac,3,mol_57615b5c3546c298,mol_1a0ca8e5eeb68da8,mol_f29e20f49d416e54,CC(C)CC(C)(C)C,CC(C)OC(C)C,CCO,True,isobaric,10.1016/j.fluid.2006.08.004,isobaric,0.9821428571428571,,1.013269215233794,0.9477576449582973,6.016033905260931,258,False,,353.4853438003888,-1.4210854715202004e-14,57.211521508343715,147.22878020678516,109.02750629599629,unverified,0.5,state_f295d2ed034f9d81b6f5278b,D:\VLE\paper_structure_worktree\dataset\ternary_vle_english.xlsx,3c_6b60b4a3a536506a27ae,,355.27,0.76,0.194,0.046,0.43492339682438846,0.26722837648204756,0.29784822669356403,0.49,0.294,0.216
uniquac,3,mol_243de2450bee5519,mol_5fb2f93dc8caa9dc,mol_e13b90e4aa2e917d,CCCCCO,CCCO,CCCOCCC,True,isobaric,10.1016/j.fluid.2006.07.003,isobaric,0.9761904761904762,,1.000435192061047,1.0762819632638567,1.7233756215135219,258,False,,399.7266060202414,-1.4210854715202004e-13,68.5364544643915,293.4124170332088,283.0708681797034,unverified,0.5,state_07d20f6494f04234712fdc58,D:\VLE\paper_structure_worktree\dataset\ternary_vle_english.xlsx,3c_954c33e76e33ef115670,,400.92999999999995,0.901,0.051,0.048,0.6098544793942713,0.1589884444928855,0.23115707611284325,0.615,0.154,0.231
uniquac,3,mol_243de2450bee5519,mol_5fb2f93dc8caa9dc,mol_e13b90e4aa2e917d,CCCCCO,CCCO,CCCOCCC,True,isobaric,10.1016/j.fluid.2006.07.003,isobaric,0.9761904761904762,,1.0091906601080929,1.1121942910384757,1.5890094594337063,258,False,,384.0292969703224,-2.842170943040401e-14,36.21460750874548,169.58860829679722,186.51968718662056,unverified,0.5,state_2123ca401b4d988d4413556e,D:\VLE\paper_structure_worktree\dataset\ternary_vle_english.xlsx,3c_954c33e76e33ef115670,,384.15999999999997,0.706,0.108,0.186,0.2547138377038605,0.2010906723486435,0.5441954899474959,0.248,0.195,0.557
uniquac,3,mol_243de2450bee5519,mol_5fb2f93dc8caa9dc,mol_e13b90e4aa2e917d,CCCCCO,CCCO,CCCOCCC,True,isobaric,10.1016/j.fluid.2006.07.003,isobaric,0.9761904761904762,,1.001341387379691,1.0830279770305227,1.692079832748583,258,False,,392.4243442111513,-5.684341886080802e-14,51.26286405697862,228.60939616618947,234.10952437759323,unverified,0.5,state_235924bdf56bfb204a18bec0,D:\VLE\paper_structure_worktree\dataset\ternary_vle_english.xlsx,3c_954c33e76e33ef115670,,393.33,0.812,0.1,0.088,0.41146404912208057,0.24441315947258752,0.34412279140533203,0.41100000000000003,0.236,0.353
uniquac,3,mol_243de2450bee5519,mol_5fb2f93dc8caa9dc,mol_e13b90e4aa2e917d,CCCCCO,CCCO,CCCOCCC,True,isobaric,10.1016/j.fluid.2006.07.003,isobaric,0.9761904761904762,,1.0001840515880935,1.0765377568485335,1.7290858397375621,258,False,,387.30957267375743,-1.1368683772161603e-13,41.55588799071511,190.87269582953286,204.0787286494359,unverified,0.5,state_5540b3e9fd06482dc07c94f9,D:\VLE\paper_structure_worktree\dataset\ternary_vle_english.xlsx,3c_954c33e76e33ef115670,,387.72999999999996,0.712,0.203,0.085,0.29213481635190097,0.4117749702704164,0.2960902133776827,0.28400000000000003,0.404,0.312
uniquac,3,mol_243de2450bee5519,mol_5fb2f93dc8caa9dc,mol_e13b90e4aa2e917d,CCCCCO,CCCO,CCCOCCC,True,isobaric,10.1016/j.fluid.2006.07.003,isobaric,0.9761904761904762,,1.002932367849647,1.052667867084326,1.866478607060157,258,False,,385.5861285850231,-4.425118049766752e-10,38.669409016822165,179.4217748509616,194.69365228658796,unverified,0.5,state_5d63ab2f4614a103c436e396,D:\VLE\paper_structure_worktree\dataset\ternary_vle_english.xlsx,3c_954c33e76e33ef115670,,385.99,0.623,0.343,0.034,0.23851629910948113,0.6395160782427659,0.12196762264775292,0.22299999999999998,0.636,0.141
uniquac,3,mol_243de2450bee5519,mol_5fb2f93dc8caa9dc,mol_e13b90e4aa2e917d,CCCCCO,CCCO,CCCOCCC,True,isobaric,10.1016/j.fluid.2006.07.003,isobaric,0.9761904761904762,,1.001095439746131,1.0910862927468348,1.6775695981247223,258,False,,382.5753189879665,6.394884621840902e-13,34.04650094067975,160.82571242149126,179.13946618298743,unverified,0.5,state_faf24f890ac1376481acae44,D:\VLE\paper_structure_worktree\dataset\ternary_vle_english.xlsx,3c_954c33e76e33ef115670,,382.87,0.644,0.221,0.135,0.21668291438656706,0.38282270741295327,0.4004943782004797,0.20799999999999996,0.374,0.418
uniquac,3,mol_61a887e37d396488,mol_dfb42f12fdc989ed,mol_b614d6fea320c179,CC(=O)C(C)(C)C,CC(C)(C)CO,COC(C)(C)C,False,isothermal,10.1016/j.fluid.2009.01.016,isothermal,0.95,shared_pair_or_uniquac_size_parameters_unavailable,,,,0,False,,,,,,,unverified,0.5,state_09211f4c985e5a126dfb0442,D:\VLE\paper_structure_worktree\dataset\ternary_vle_english.xlsx,3c_a6f39dd395c2cfcf800d,66.819970940288,,0.4961,0.18680000000000008,0.3171,,,,0.2165,0.04899999999999993,0.7345
uniquac,3,mol_61a887e37d396488,mol_dfb42f12fdc989ed,mol_b614d6fea320c179,CC(=O)C(C)(C)C,CC(C)(C)CO,COC(C)(C)C,False,isothermal,10.1016/j.fluid.2009.01.016,isothermal,0.95,shared_pair_or_uniquac_size_parameters_unavailable,,,,0,False,,,,,,,unverified,0.5,state_0e582b4ff6630b2bf105439d,D:\VLE\paper_structure_worktree\dataset\ternary_vle_english.xlsx,3c_a6f39dd395c2cfcf800d,24.58997755392,,0.4514,0.5324,0.0162,,,,0.5464,0.34319999999999995,0.1104
uniquac,3,mol_61a887e37d396488,mol_dfb42f12fdc989ed,mol_b614d6fea320c179,CC(=O)C(C)(C)C,CC(C)(C)CO,COC(C)(C)C,False,isothermal,10.1016/j.fluid.2009.01.016,isothermal,0.95,shared_pair_or_uniquac_size_parameters_unavailable,,,,0,False,,,,,,,unverified,0.5,state_11b777a94a7987ce9ecafa34,D:\VLE\paper_structure_worktree\dataset\ternary_vle_english.xlsx,3c_a6f39dd395c2cfcf800d,25.910002319488,,0.4485,0.5246999999999999,0.0268,,,,0.5132,0.32499999999999996,0.1618
uniquac,3,mol_61a887e37d396488,mol_dfb42f12fdc989ed,mol_b614d6fea320c179,CC(=O)C(C)(C)C,CC(C)(C)CO,COC(C)(C)C,False,isothermal,10.1016/j.fluid.2009.01.016,isothermal,0.95,shared_pair_or_uniquac_size_parameters_unavailable,,,,0,False,,,,,,,unverified,0.5,state_195a4d8a75ac496334b096ca,D:\VLE\paper_structure_worktree\dataset\ternary_vle_english.xlsx,3c_a6f39dd395c2cfcf800d,31.970037234559996,,0.4237,0.5037,0.0726,,,,0.3936,0.25239999999999996,0.354
uniquac,3,mol_61a887e37d396488,mol_dfb42f12fdc989ed,mol_b614d6fea320c179,CC(=O)C(C)(C)C,CC(C)(C)CO,COC(C)(C)C,False,isothermal,10.1016/j.fluid.2009.01.016,isothermal,0.95,shared_pair_or_uniquac_size_parameters_unavailable,,,,0,False,,,,,,,unverified,0.5,state_21d0f6aeb58f5fbbd4b8dc53,D:\VLE\paper_structure_worktree\dataset\ternary_vle_english.xlsx,3c_a6f39dd395c2cfcf800d,82.050051648768,,0.1965,0.3397,0.4638,,,,0.0744,0.0676,0.858
uniquac,3,mol_61a887e37d396488,mol_dfb42f12fdc989ed,mol_b614d6fea320c179,CC(=O)C(C)(C)C,CC(C)(C)CO,COC(C)(C)C,False,isothermal,10.1016/j.fluid.2009.01.016,isothermal,0.95,shared_pair_or_uniquac_size_parameters_unavailable,,,,0,False,,,,,,,unverified,0.5,state_3f39b07bf0be72dcd02376d4,D:\VLE\paper_structure_worktree\dataset\ternary_vle_english.xlsx,3c_a6f39dd395c2cfcf800d,26.699937349888,,0.3359,0.6221000000000001,0.042,,,,0.3845,0.3638,0.2517
uniquac,3,mol_61a887e37d396488,mol_dfb42f12fdc989ed,mol_b614d6fea320c179,CC(=O)C(C)(C)C,CC(C)(C)CO,COC(C)(C)C,False,isothermal,10.1016/j.fluid.2009.01.016,isothermal,0.95,shared_pair_or_uniquac_size_parameters_unavailable,,,,0,False,,,,,,,unverified,0.5,state_42ebdf0313109b0ee64e0a08,D:\VLE\paper_structure_worktree\dataset\ternary_vle_english.xlsx,3c_a6f39dd395c2cfcf800d,25.470038505088,,0.7082,0.2891999999999999,0.0026,,,,0.7894,0.19230000000000003,0.0183
uniquac,3,mol_61a887e37d396488,mol_dfb42f12fdc989ed,mol_b614d6fea320c179,CC(=O)C(C)(C)C,CC(C)(C)CO,COC(C)(C)C,False,isothermal,10.1016/j.fluid.2009.01.016,isothermal,0.95,shared_pair_or_uniquac_size_parameters_unavailable,,,,0,False,,,,,,,unverified,0.5,state_4bc0c132b49190d828085c4b,D:\VLE\paper_structure_worktree\dataset\ternary_vle_english.xlsx,3c_a6f39dd395c2cfcf800d,75.269942624128,,0.4483,0.16800000000000004,0.3837,,,,0.1748,0.0391999999999999,0.786
uniquac,3,mol_61a887e37d396488,mol_dfb42f12fdc989ed,mol_b614d6fea320c179,CC(=O)C(C)(C)C,CC(C)(C)CO,COC(C)(C)C,False,isothermal,10.1016/j.fluid.2009.01.016,isothermal,0.95,shared_pair_or_uniquac_size_parameters_unavailable,,,,0,False,,,,,,,unverified,0.5,state_5e8d5cfe89535d8443705798,D:\VLE\paper_structure_worktree\dataset\ternary_vle_english.xlsx,3c_a6f39dd395c2cfcf800d,41.3099357248,,0.6315,0.24870000000000003,0.1198,,,,0.4329,0.10329999999999995,0.4638
uniquac,3,mol_61a887e37d396488,mol_dfb42f12fdc989ed,mol_b614d6fea320c179,CC(=O)C(C)(C)C,CC(C)(C)CO,COC(C)(C)C,False,isothermal,10.1016/j.fluid.2009.01.016,isothermal,0.95,shared_pair_or_uniquac_size_parameters_unavailable,,,,0,False,,,,,,,unverified,0.5,state_61095732cc3bc4690ad44a93,D:\VLE\paper_structure_worktree\dataset\ternary_vle_english.xlsx,3c_a6f39dd395c2cfcf800d,31.669928584192,,0.6831,0.2718999999999999,0.045,,,,0.6149,0.1483,0.2368
uniquac,3,mol_61a887e37d396488,mol_dfb42f12fdc989ed,mol_b614d6fea320c179,CC(=O)C(C)(C)C,CC(C)(C)CO,COC(C)(C)C,False,isothermal,10.1016/j.fluid.2009.01.016,isothermal,0.95,shared_pair_or_uniquac_size_parameters_unavailable,,,,0,False,,,,,,,unverified,0.5,state_728047a762fa5fc38adf034b,D:\VLE\paper_structure_worktree\dataset\ternary_vle_english.xlsx,3c_a6f39dd395c2cfcf800d,42.239992563968,,0.2968,0.5429999999999999,0.1602,,,,0.2133,0.2008000000000001,0.5859
uniquac,3,mol_61a887e37d396488,mol_dfb42f12fdc989ed,mol_b614d6fea320c179,CC(=O)C(C)(C)C,CC(C)(C)CO,COC(C)(C)C,False,isothermal,10.1016/j.fluid.2009.01.016,isothermal,0.95,shared_pair_or_uniquac_size_parameters_unavailable,,,,0,False,,,,,,,unverified,0.5,state_847b6011c3c00dbc92166879,D:\VLE\paper_structure_worktree\dataset\ternary_vle_english.xlsx,3c_a6f39dd395c2cfcf800d,25.570030281088,,0.683,0.3125,0.0045,,,,0.7612,0.21089999999999998,0.0279
uniquac,3,mol_61a887e37d396488,mol_dfb42f12fdc989ed,mol_b614d6fea320c179,CC(=O)C(C)(C)C,CC(C)(C)CO,COC(C)(C)C,False,isothermal,10.1016/j.fluid.2009.01.016,isothermal,0.95,shared_pair_or_uniquac_size_parameters_unavailable,,,,0,False,,,,,,,unverified,0.5,state_89f6f3bbca4f306173323a3f,D:\VLE\paper_structure_worktree\dataset\ternary_vle_english.xlsx,3c_a6f39dd395c2cfcf800d,26.990046822656,,0.7027,0.28259999999999996,0.0147,,,,0.7328,0.17910000000000004,0.0881
uniquac,3,mol_61a887e37d396488,mol_dfb42f12fdc989ed,mol_b614d6fea320c179,CC(=O)C(C)(C)C,CC(C)(C)CO,COC(C)(C)C,False,isothermal,10.1016/j.fluid.2009.01.016,isothermal,0.95,shared_pair_or_uniquac_size_parameters_unavailable,,,,0,False,,,,,,,unverified,0.5,state_99394ce4a9fb6571036ea034,D:\VLE\paper_structure_worktree\dataset\ternary_vle_english.xlsx,3c_a6f39dd395c2cfcf800d,86.58994492390399,,0.3744,0.1441,0.4815,,,,0.1329,0.02959999999999996,0.8375
uniquac,3,mol_61a887e37d396488,mol_dfb42f12fdc989ed,mol_b614d6fea320c179,CC(=O)C(C)(C)C,CC(C)(C)CO,COC(C)(C)C,False,isothermal,10.1016/j.fluid.2009.01.016,isothermal,0.95,shared_pair_or_uniquac_size_parameters_unavailable,,,,0,False,,,,,,,unverified,0.5,state_9a1d69956be5679f345dbc9b,D:\VLE\paper_structure_worktree\dataset\ternary_vle_english.xlsx,3c_a6f39dd395c2cfcf800d,33.340057888128,,0.3213,0.5914,0.0873,,,,0.3005,0.2832,0.4163
uniquac,3,mol_61a887e37d396488,mol_dfb42f12fdc989ed,mol_b614d6fea320c179,CC(=O)C(C)(C)C,CC(C)(C)CO,COC(C)(C)C,False,isothermal,10.1016/j.fluid.2009.01.016,isothermal,0.95,shared_pair_or_uniquac_size_parameters_unavailable,,,,0,False,,,,,,,unverified,0.5,state_c778f9f5858ce480db407c45,D:\VLE\paper_structure_worktree\dataset\ternary_vle_english.xlsx,3c_a6f39dd395c2cfcf800d,34.950058804095995,,0.3135,0.5803,0.1062,,,,0.273,0.25980000000000003,0.4672
uniquac,3,mol_61a887e37d396488,mol_dfb42f12fdc989ed,mol_b614d6fea320c179,CC(=O)C(C)(C)C,CC(C)(C)CO,COC(C)(C)C,False,isothermal,10.1016/j.fluid.2009.01.016,isothermal,0.95,shared_pair_or_uniquac_size_parameters_unavailable,,,,0,False,,,,,,,unverified,0.5,state_d307c2669b2c315ba73f53a0,D:\VLE\paper_structure_worktree\dataset\ternary_vle_english.xlsx,3c_a6f39dd395c2cfcf800d,55.959930810112,,0.2656,0.4758,0.2586,,,,0.1447,0.1342000000000001,0.7211
uniquac,3,mol_61a887e37d396488,mol_dfb42f12fdc989ed,mol_b614d6fea320c179,CC(=O)C(C)(C)C,CC(C)(C)CO,COC(C)(C)C,False,isothermal,10.1016/j.fluid.2009.01.016,isothermal,0.95,shared_pair_or_uniquac_size_parameters_unavailable,,,,0,False,,,,,,,unverified,0.5,state_d985984485171b0c4022a722,D:\VLE\paper_structure_worktree\dataset\ternary_vle_english.xlsx,3c_a6f39dd395c2cfcf800d,54.670036899712,,0.5696,0.22040000000000004,0.21,,,,0.3017,0.06990000000000007,0.6284
uniquac,3,mol_61a887e37d396488,mol_dfb42f12fdc989ed,mol_b614d6fea320c179,CC(=O)C(C)(C)C,CC(C)(C)CO,COC(C)(C)C,False,isothermal,10.1016/j.fluid.2009.01.016,isothermal,0.95,shared_pair_or_uniquac_size_parameters_unavailable,,,,0,False,,,,,,,unverified,0.5,state_eceb36c60cec8f52dad4cd49,D:\VLE\paper_structure_worktree\dataset\ternary_vle_english.xlsx,3c_a6f39dd395c2cfcf800d,71.81995970739199,,0.2245,0.3892,0.3863,,,,0.0975,0.08939999999999992,0.8131
uniquac,3,mol_06affb0d2c6c8ff2,mol_879306ab1082c162,mol_ca12d6d2f2ffb170,CCC(C)O,CCC(C)OC(C)=O,CN(C)C=O,False,isobaric,10.1016/j.fluid.2014.09.021,isobaric,0.9444444444444444,shared_pair_or_uniquac_size_parameters_unavailable,,,,0,False,,,,,,,unverified,0.5,state_6ab938bede233f2049d3ff2c,D:\VLE\paper_structure_worktree\dataset\ternary_vle_english.xlsx,3c_bd75ed1e70032dcf0b2e,,402.73,0.288,0.003,0.7090000000000001,,,,0.632,0.009,0.359
uniquac,3,mol_06affb0d2c6c8ff2,mol_879306ab1082c162,mol_ca12d6d2f2ffb170,CCC(C)O,CCC(C)OC(C)=O,CN(C)C=O,False,isobaric,10.1016/j.fluid.2014.09.021,isobaric,0.9444444444444444,shared_pair_or_uniquac_size_parameters_unavailable,,,,0,False,,,,,,,unverified,0.5,state_7b38517cf6a8ab61561e2b80,D:\VLE\paper_structure_worktree\dataset\ternary_vle_english.xlsx,3c_bd75ed1e70032dcf0b2e,,402.78,0.274,0.011,0.715,,,,0.601,0.035,0.364
uniquac,3,mol_06affb0d2c6c8ff2,mol_879306ab1082c162,mol_ca12d6d2f2ffb170,CCC(C)O,CCC(C)OC(C)=O,CN(C)C=O,False,isobaric,10.1016/j.fluid.2014.09.021,isobaric,0.9444444444444444,shared_pair_or_uniquac_size_parameters_unavailable,,,,0,False,,,,,,,unverified,0.5,state_9bcc0b30faf96ba2fd1e8f6d,D:\VLE\paper_structure_worktree\dataset\ternary_vle_english.xlsx,3c_bd75ed1e70032dcf0b2e,,402.58,0.254,0.024,0.722,,,,0.551,0.08,0.369
uniquac,3,mol_626f3d1f5bbb6f55,mol_57615b5c3546c298,mol_db030b5de88f8eaf,C1CCOCC1,CC(C)CC(C)(C)C,CC(C)O,True,isobaric,10.1016/j.jct.2011.10.025,isobaric,0.9807692307692307,,0.9359928504351466,1.0180052310983816,3.715409706958528,258,False,,363.5729791844078,-8.192557743313955e-10,109.40104115778243,78.55884562906687,138.68143015528744,unverified,0.5,state_35cbe6ea681a3057af3436c1,D:\VLE\paper_structure_worktree\dataset\ternary_vle_english.xlsx,3c_c1f86c0bca7d787912fb,,364.02,0.194,0.767,0.039,0.19610404391804376,0.6055239144365089,0.19837204164544736,0.201,0.619,0.18
uniquac,3,mol_626f3d1f5bbb6f55,mol_57615b5c3546c298,mol_db030b5de88f8eaf,C1CCOCC1,CC(C)CC(C)(C)C,CC(C)O,True,isobaric,10.1016/j.jct.2011.10.025,isobaric,0.9807692307692307,,0.9360299465795769,1.0213011769651643,3.500692249053067,258,False,,363.31903036309285,-8.58335624798201e-12,108.56117853359261,77.95108019597251,137.32653173795646,unverified,0.5,state_4d852f379291f22a216d66dc,D:\VLE\paper_structure_worktree\dataset\ternary_vle_english.xlsx,3c_c1f86c0bca7d787912fb,,363.08,0.22,0.738,0.042,0.22068753642381062,0.5799935514233392,0.19931891215285025,0.225,0.589,0.186
uniquac,3,mol_626f3d1f5bbb6f55,mol_57615b5c3546c298,mol_db030b5de88f8eaf,C1CCOCC1,CC(C)CC(C)(C)C,CC(C)O,True,isobaric,10.1016/j.jct.2011.10.025,isobaric,0.9807692307692307,,0.9732193835159102,1.037506343508423,2.0636512629520656,258,False,,362.5692628000383,-3.9180747535283444e-10,106.11228576432735,76.17915226366702,133.39232117008774,unverified,0.5,state_5b13371bdd0e285ff373a9da,D:\VLE\paper_structure_worktree\dataset\ternary_vle_english.xlsx,3c_c1f86c0bca7d787912fb,,361.75,0.53,0.42199999999999993,0.048,0.540310145582521,0.3292533331232767,0.13043652129420227,0.535,0.32699999999999996,0.138
uniquac,3,mol_626f3d1f5bbb6f55,mol_57615b5c3546c298,mol_db030b5de88f8eaf,C1CCOCC1,CC(C)CC(C)(C)C,CC(C)O,True,isobaric,10.1016/j.jct.2011.10.025,isobaric,0.9807692307692307,,0.9950473131011637,1.0331856934095718,1.556678725078943,258,False,,361.28747282177056,-5.684341886080802e-14,102.03058123233889,73.2264933489368,126.89027703497175,unverified,0.5,state_7082ae2d317239af413dabfb,D:\VLE\paper_structure_worktree\dataset\ternary_vle_english.xlsx,3c_c1f86c0bca7d787912fb,,360.28999999999996,0.784,0.17199999999999993,0.044,0.7857438449232438,0.1284594034846802,0.08579675159207589,0.778,0.128,0.094
uniquac,3,mol_626f3d1f5bbb6f55,mol_57615b5c3546c298,mol_db030b5de88f8eaf,C1CCOCC1,CC(C)CC(C)(C)C,CC(C)O,True,isobaric,10.1016/j.jct.2011.10.025,isobaric,0.9807692307692307,,0.9016032935240811,1.018446612037224,4.207772299711117,258,False,,361.54720687658977,8.526512829121202e-14,102.8470997864551,73.81708123562115,128.18536238722587,unverified,0.5,state_7e8148745f83b6a4c2b0c00e,D:\VLE\paper_structure_worktree\dataset\ternary_vle_english.xlsx,3c_c1f86c0bca7d787912fb,,362.66999999999996,0.113,0.835,0.052,0.10343721417597442,0.619687085286626,0.27687570053739974,0.108,0.642,0.25
uniquac,3,mol_626f3d1f5bbb6f55,mol_57615b5c3546c298,mol_db030b5de88f8eaf,C1CCOCC1,CC(C)CC(C)(C)C,CC(C)O,True,isobaric,10.1016/j.jct.2011.10.025,isobaric,0.9807692307692307,,0.9183755716255578,1.0064366497280084,5.135950670678764,258,False,,363.29138523717904,-1.3642420526593924e-12,108.47006974020223,77.88515163813287,137.17972374940328,unverified,0.5,state_9ac12d42eb005121f362de54,D:\VLE\paper_structure_worktree\dataset\ternary_vle_english.xlsx,3c_c1f86c0bca7d787912fb,,364.19,0.047,0.918,0.035,0.04621882851881894,0.7103536680125193,0.24342750346866168,0.049,0.735,0.216
uniquac,3,mol_626f3d1f5bbb6f55,mol_57615b5c3546c298,mol_db030b5de88f8eaf,C1CCOCC1,CC(C)CC(C)(C)C,CC(C)O,True,isobaric,10.1016/j.jct.2011.10.025,isobaric,0.9807692307692307,,0.9830581064193623,1.0362421941208613,1.8441889507014433,258,False,,362.2476320443263,-5.684341886080802e-14,105.07573743525913,75.42923980424379,131.73452460660462,unverified,0.5,state_d80f9b1c2c8bd2bd5a20f965,D:\VLE\paper_structure_worktree\dataset\ternary_vle_english.xlsx,3c_c1f86c0bca7d787912fb,,360.95,0.619,0.33499999999999996,0.046,0.6311943713587941,0.25848577198784217,0.11031985665336376,0.624,0.257,0.119
uniquac,3,mol_626f3d1f5bbb6f55,mol_57615b5c3546c298,mol_db030b5de88f8eaf,C1CCOCC1,CC(C)CC(C)(C)C,CC(C)O,True,isobaric,10.1016/j.jct.2011.10.025,isobaric,0.9807692307692307,,0.9897408522598204,1.0341393469818292,1.6940916275837385,258,False,,361.8781588012538,-8.526512829121202e-14,103.89525595312608,74.57526606602868,129.85198092719594,unverified,0.5,state_df2fc5c0634074a9fa4a7232,D:\VLE\paper_structure_worktree\dataset\ternary_vle_english.xlsx,3c_c1f86c0bca7d787912fb,,360.7,0.696,0.26,0.044,0.706508329461516,0.19794204598774662,0.09554962455073744,0.698,0.19700000000000006,0.105
uniquac,3,mol_e7eb29ad965cc8ee,mol_015d21fca05fcd26,mol_eb71ecc709e3f0dc,CC(=O)OCC(C)C,CC(C)CO,CCCCCCO,False,isobaric,10.1016/j.fluid.2005.06.019,isobaric,0.9767441860465116,shared_pair_or_uniquac_size_parameters_unavailable,,,,0,False,,,,,,,unverified,0.5,state_1c0de72b58580658b6308d52,D:\VLE\paper_structure_worktree\dataset\ternary_vle_english.xlsx,3c_c45f0751ac63a91a45e8,,411.27,0.241,0.042,0.7170000000000001,,,,0.499,0.114,0.387
uniquac,3,mol_e7eb29ad965cc8ee,mol_015d21fca05fcd26,mol_eb71ecc709e3f0dc,CC(=O)OCC(C)C,CC(C)CO,CCCCCCO,False,isobaric,10.1016/j.fluid.2005.06.019,isobaric,0.9767441860465116,shared_pair_or_uniquac_size_parameters_unavailable,,,,0,False,,,,,,,unverified,0.5,state_396279c26a91d1348ce3f183,D:\VLE\paper_structure_worktree\dataset\ternary_vle_english.xlsx,3c_c45f0751ac63a91a45e8,,405.17999999999995,0.043,0.27,0.687,,,,0.088,0.642,0.27
uniquac,3,mol_e7eb29ad965cc8ee,mol_015d21fca05fcd26,mol_eb71ecc709e3f0dc,CC(=O)OCC(C)C,CC(C)CO,CCCCCCO,False,isobaric,10.1016/j.fluid.2005.06.019,isobaric,0.9767441860465116,shared_pair_or_uniquac_size_parameters_unavailable,,,,0,False,,,,,,,unverified,0.5,state_73d3e8d526b2ed08bcb44af1,D:\VLE\paper_structure_worktree\dataset\ternary_vle_english.xlsx,3c_c45f0751ac63a91a45e8,,407.03,0.089,0.216,0.6950000000000001,,,,0.177,0.515,0.30800000000000005
uniquac,3,mol_e7eb29ad965cc8ee,mol_015d21fca05fcd26,mol_eb71ecc709e3f0dc,CC(=O)OCC(C)C,CC(C)CO,CCCCCCO,False,isobaric,10.1016/j.fluid.2005.06.019,isobaric,0.9767441860465116,shared_pair_or_uniquac_size_parameters_unavailable,,,,0,False,,,,,,,unverified,0.5,state_92eda35309a71760c8bbd979,D:\VLE\paper_structure_worktree\dataset\ternary_vle_english.xlsx,3c_c45f0751ac63a91a45e8,,407.53999999999996,0.173,0.139,0.688,,,,0.341,0.345,0.31400000000000006
uniquac,3,mol_e7eb29ad965cc8ee,mol_015d21fca05fcd26,mol_eb71ecc709e3f0dc,CC(=O)OCC(C)C,CC(C)CO,CCCCCCO,False,isobaric,10.1016/j.fluid.2005.06.019,isobaric,0.9767441860465116,shared_pair_or_uniquac_size_parameters_unavailable,,,,0,False,,,,,,,unverified,0.5,state_ab12dbbeeda943ba963230c8,D:\VLE\paper_structure_worktree\dataset\ternary_vle_english.xlsx,3c_c45f0751ac63a91a45e8,,422.40999999999997,0.046,0.043,0.911,,,,0.132,0.158,0.71
uniquac,3,mol_e7eb29ad965cc8ee,mol_015d21fca05fcd26,mol_eb71ecc709e3f0dc,CC(=O)OCC(C)C,CC(C)CO,CCCCCCO,False,isobaric,10.1016/j.fluid.2005.06.019,isobaric,0.9767441860465116,shared_pair_or_uniquac_size_parameters_unavailable,,,,0,False,,,,,,,unverified,0.5,state_e0d0960c6d2f58981461faae,D:\VLE\paper_structure_worktree\dataset\ternary_vle_english.xlsx,3c_c45f0751ac63a91a45e8,,414.16999999999996,0.082,0.111,0.8069999999999999,,,,0.198,0.336,0.46599999999999997
uniquac,3,mol_626f3d1f5bbb6f55,mol_c55e04e90e298cf6,mol_f29e20f49d416e54,C1CCOCC1,CCCCCC,CCO,True,isobaric,10.1016/j.fluid.2013.10.060,isobaric,0.9736842105263158,,1.016886668830557,1.3920016778480475,2.556885656749938,258,False,,345.1402166179986,-9.947598300641403e-14,60.71447857020921,113.05826647201819,77.96289216559651,unverified,0.5,state_05c4a5bf9f0ea3e5241256d1,D:\VLE\paper_structure_worktree\dataset\ternary_vle_english.xlsx,3c_e0e1cd9a389a64136bfe,,345.55999999999995,0.707,0.192,0.101,0.46436167998586914,0.3214514921775179,0.2141868278366131,0.471,0.332,0.197
uniquac,3,mol_626f3d1f5bbb6f55,mol_c55e04e90e298cf6,mol_f29e20f49d416e54,C1CCOCC1,CCCCCC,CCO,True,isobaric,10.1016/j.fluid.2013.10.060,isobaric,0.9736842105263158,,1.0102016933635751,1.4885894754382376,2.4032670078260225,258,False,,348.1260790100937,-1.4210854715202004e-13,67.07413439140544,124.11485634755105,88.06486538468864,unverified,0.5,state_55ce2481b934b10716510ae8,D:\VLE\paper_structure_worktree\dataset\ternary_vle_english.xlsx,3c_e0e1cd9a389a64136bfe,,348.84999999999997,0.798,0.105,0.097,0.5752255880503614,0.20637645525398235,0.21839795669565637,0.588,0.213,0.199
uniquac,3,mol_626f3d1f5bbb6f55,mol_c55e04e90e298cf6,mol_f29e20f49d416e54,C1CCOCC1,CCCCCC,CCO,True,isobaric,10.1016/j.fluid.2013.10.060,isobaric,0.9736842105263158,,1.032593117395817,1.6240740915710983,2.0127458613811937,258,False,,345.6552716732372,-7.105427357601002e-14,61.77437482513927,114.9058533261719,79.63076163224798,unverified,0.5,state_9eae2185500147bdaf581523,D:\VLE\paper_structure_worktree\dataset\ternary_vle_english.xlsx,3c_e0e1cd9a389a64136bfe,,346.28,0.7150000000000001,0.103,0.182,0.48519438159806944,0.20448306762457996,0.31032255077735066,0.486,0.216,0.298
uniquac,3,mol_626f3d1f5bbb6f55,mol_c55e04e90e298cf6,mol_f29e20f49d416e54,C1CCOCC1,CCCCCC,CCO,True,isobaric,10.1016/j.fluid.2013.10.060,isobaric,0.9736842105263158,,1.078145308294311,1.8249507452781535,1.694934680380624,258,False,,343.51561309112446,3.569198270270135e-10,57.46945878497938,107.38874055741111,72.89717454166751,unverified,0.5,state_9fcfb3ca14062a65beccaa26,D:\VLE\paper_structure_worktree\dataset\ternary_vle_english.xlsx,3c_e0e1cd9a389a64136bfe,,344.04999999999995,0.6080000000000001,0.109,0.283,0.40076530827341306,0.22725242749689162,0.3719822642296953,0.393,0.24,0.367
uniquac,3,mol_626f3d1f5bbb6f55,mol_c55e04e90e298cf6,mol_f29e20f49d416e54,C1CCOCC1,CCCCCC,CCO,True,isobaric,10.1016/j.fluid.2013.10.060,isobaric,0.9487179487179487,,1.030159146021291,1.3086531295162576,2.7409745510850274,258,False,,342.7319257683436,-1.5631940186722204e-13,55.956279615725926,104.73811848490848,70.55650781198253,unverified,0.5,state_a04aa14fa26c78ddf0858a2c,D:\VLE\paper_structure_worktree\dataset\ternary_vle_english.xlsx,3c_e0e1cd9a389a64136bfe,,342.88,0.616,0.28,0.104,0.3777513308326578,0.4082812952887246,0.2139673738786176,0.377,0.422,0.201
uniquac,3,mol_626f3d1f5bbb6f55,mol_c55e04e90e298cf6,mol_f29e20f49d416e54,C1CCOCC1,CCCCCC,CCO,True,isobaric,10.1016/j.fluid.2013.10.060,isobaric,0.9736842105263158,,1.0343493345219978,1.5168141794441852,2.126465444594376,258,False,,342.85080668716404,1.4210854715202004e-14,56.18367147316445,105.13672579118065,70.90735798472096,unverified,0.5,state_b0ee8f90c408e200db8fe1e3,D:\VLE\paper_structure_worktree\dataset\ternary_vle_english.xlsx,3c_e0e1cd9a389a64136bfe,,343.12,0.63,0.184,0.186,0.3894843764157248,0.31215966597362377,0.2983559576106514,0.384,0.331,0.285
uniquac,3,mol_626f3d1f5bbb6f55,mol_c55e04e90e298cf6,mol_f29e20f49d416e54,C1CCOCC1,CCCCCC,CCO,True,isobaric,10.1016/j.fluid.2013.10.060,isobaric,0.9487179487179487,,1.1425477487652331,2.108231487750071,1.4692339528630802,258,False,,342.4351131009428,-1.4210854715202004e-14,55.391873637784784,103.74829659809315,69.68704389235805,unverified,0.5,state_e9562fe94385d1fbbdb6cb8f,D:\VLE\paper_structure_worktree\dataset\ternary_vle_english.xlsx,3c_e0e1cd9a389a64136bfe,,342.88,0.518,0.102,0.38,0.34875650006810993,0.23734035013779203,0.4139031497940981,0.33499999999999996,0.252,0.413
uniquac,3,mol_e7eb29ad965cc8ee,mol_015d21fca05fcd26,mol_ca12d6d2f2ffb170,CC(=O)OCC(C)C,CC(C)CO,CN(C)C=O,False,isobaric,10.1016/j.fluid.2005.03.014,isobaric,0.9767441860465116,shared_pair_or_uniquac_size_parameters_unavailable,,,,0,False,,,,,,,unverified,0.5,state_09994b84b4b54865e67a7a4e,D:\VLE\paper_structure_worktree\dataset\ternary_vle_english.xlsx,3c_f0c258463b44c2183ab7,,404.18999999999994,0.036,0.304,0.66,,,,0.099,0.59,0.31100000000000005
uniquac,3,mol_e7eb29ad965cc8ee,mol_015d21fca05fcd26,mol_ca12d6d2f2ffb170,CC(=O)OCC(C)C,CC(C)CO,CN(C)C=O,False,isobaric,10.1016/j.fluid.2005.03.014,isobaric,0.9767441860465116,shared_pair_or_uniquac_size_parameters_unavailable,,,,0,False,,,,,,,unverified,0.5,state_3bbd182324a72deb88bcb2cc,D:\VLE\paper_structure_worktree\dataset\ternary_vle_english.xlsx,3c_f0c258463b44c2183ab7,,414.99,0.051,0.083,0.866,,,,0.199,0.205,0.596
uniquac,3,mol_e7eb29ad965cc8ee,mol_015d21fca05fcd26,mol_ca12d6d2f2ffb170,CC(=O)OCC(C)C,CC(C)CO,CN(C)C=O,False,isobaric,10.1016/j.fluid.2005.03.014,isobaric,0.9767441860465116,shared_pair_or_uniquac_size_parameters_unavailable,,,,0,False,,,,,,,unverified,0.5,state_4f29f3fdc3d1ef5ef2f80433,D:\VLE\paper_structure_worktree\dataset\ternary_vle_english.xlsx,3c_f0c258463b44c2183ab7,,405.90999999999997,0.219,0.047,0.734,,,,0.511,0.083,0.406
uniquac,3,mol_e7eb29ad965cc8ee,mol_015d21fca05fcd26,mol_ca12d6d2f2ffb170,CC(=O)OCC(C)C,CC(C)CO,CN(C)C=O,False,isobaric,10.1016/j.fluid.2005.03.014,isobaric,0.9767441860465116,shared_pair_or_uniquac_size_parameters_unavailable,,,,0,False,,,,,,,unverified,0.5,state_5c42c832eb67ea6e98c6b978,D:\VLE\paper_structure_worktree\dataset\ternary_vle_english.xlsx,3c_f0c258463b44c2183ab7,,405.59,0.159,0.1,0.741,,,,0.428,0.19,0.382
uniquac,3,mol_e7eb29ad965cc8ee,mol_015d21fca05fcd26,mol_ca12d6d2f2ffb170,CC(=O)OCC(C)C,CC(C)CO,CN(C)C=O,False,isobaric,10.1016/j.fluid.2005.03.014,isobaric,0.9767441860465116,shared_pair_or_uniquac_size_parameters_unavailable,,,,0,False,,,,,,,unverified,0.5,state_898b08f402ba11779cf3ec07,D:\VLE\paper_structure_worktree\dataset\ternary_vle_english.xlsx,3c_f0c258463b44c2183ab7,,419.34,0.044,0.049,0.907,,,,0.155,0.114,0.731
uniquac,3,mol_e7eb29ad965cc8ee,mol_015d21fca05fcd26,mol_ca12d6d2f2ffb170,CC(=O)OCC(C)C,CC(C)CO,CN(C)C=O,False,isobaric,10.1016/j.fluid.2005.03.014,isobaric,0.9767441860465116,shared_pair_or_uniquac_size_parameters_unavailable,,,,0,False,,,,,,,unverified,0.5,state_c399a30c451e87dc89777009,D:\VLE\paper_structure_worktree\dataset\ternary_vle_english.xlsx,3c_f0c258463b44c2183ab7,,406.16999999999996,0.077,0.209,0.714,,,,0.217,0.404,0.379
uniquac,3,mol_d291b272a64498d9,mol_7d3e12eaed0f467c,mol_1c09299644053521,COCCO,CS(C)=O,Cc1ccccc1,False,isobaric,10.1016/j.fluid.2014.04.025,isobaric,0.9473684210526315,shared_pair_or_uniquac_size_parameters_unavailable,,,,0,False,,,,,,,unverified,0.5,state_5e15b2f10cdf204f0f0321b1,D:\VLE\paper_structure_worktree\dataset\ternary_vle_english.xlsx,3c_f1332761d3af136f02b5,,421.75,0.3683,0.5886,0.0431,,,,0.6022,0.15800000000000003,0.2398
uniquac,3,mol_d291b272a64498d9,mol_7d3e12eaed0f467c,mol_1c09299644053521,COCCO,CS(C)=O,Cc1ccccc1,False,isobaric,10.1016/j.fluid.2014.04.025,isobaric,0.9473684210526315,shared_pair_or_uniquac_size_parameters_unavailable,,,,0,False,,,,,,,unverified,0.5,state_bdca7acfe846c9196cc87670,D:\VLE\paper_structure_worktree\dataset\ternary_vle_english.xlsx,3c_f1332761d3af136f02b5,,414.71,0.2959,0.5964,0.1077,,,,0.3797,0.13359999999999994,0.4867
uniquac,3,mol_d291b272a64498d9,mol_7d3e12eaed0f467c,mol_1c09299644053521,COCCO,CS(C)=O,Cc1ccccc1,False,isobaric,10.1016/j.fluid.2014.04.025,isobaric,0.9473684210526315,shared_pair_or_uniquac_size_parameters_unavailable,,,,0,False,,,,,,,unverified,0.5,state_cf928f613a70d8b12ab84b19,D:\VLE\paper_structure_worktree\dataset\ternary_vle_english.xlsx,3c_f1332761d3af136f02b5,,430.40999999999997,0.1249,0.8097,0.0654,,,,0.2015,0.3092999999999999,0.4892
uniquac,3,mol_e04cf77cea7bbe66,mol_57615b5c3546c298,mol_f29e20f49d416e54,CC(C)=O,CC(C)CC(C)(C)C,CCO,False,isobaric,10.1016/j.fluid.2005.01.007,isobaric,0.9818181818181818,shared_pair_or_uniquac_size_parameters_unavailable,,,,0,False,,,,,,,unverified,0.5,state_4aee36211aea512b6e652a04,D:\VLE\paper_structure_worktree\dataset\ternary_vle_english.xlsx,3c_f6a2de3ac0acbac84e4f,,343.19,0.051,0.1429999999999999,0.806,,,,0.118,0.254,0.628
uniquac,3,mol_e04cf77cea7bbe66,mol_57615b5c3546c298,mol_f29e20f49d416e54,CC(C)=O,CC(C)CC(C)(C)C,CCO,False,isobaric,10.1016/j.fluid.2005.01.007,isobaric,0.9818181818181818,shared_pair_or_uniquac_size_parameters_unavailable,,,,0,False,,,,,,,unverified,0.5,state_761eb3e07bbe0b5922a73c70,D:\VLE\paper_structure_worktree\dataset\ternary_vle_english.xlsx,3c_f6a2de3ac0acbac84e4f,,343.54999999999995,0.042,0.6990000000000001,0.259,,,,0.109,0.384,0.507
uniquac,3,mol_e04cf77cea7bbe66,mol_57615b5c3546c298,mol_f29e20f49d416e54,CC(C)=O,CC(C)CC(C)(C)C,CCO,False,isobaric,10.1016/j.fluid.2005.01.007,isobaric,0.9818181818181818,shared_pair_or_uniquac_size_parameters_unavailable,,,,0,False,,,,,,,unverified,0.5,state_84da25b0e55f3648fc0e74a1,D:\VLE\paper_structure_worktree\dataset\ternary_vle_english.xlsx,3c_f6a2de3ac0acbac84e4f,,344.83,0.041,0.7949999999999999,0.164,,,,0.122,0.4119999999999999,0.466
uniquac,3,mol_e04cf77cea7bbe66,mol_57615b5c3546c298,mol_f29e20f49d416e54,CC(C)=O,CC(C)CC(C)(C)C,CCO,False,isobaric,10.1016/j.fluid.2005.01.007,isobaric,0.9818181818181818,shared_pair_or_uniquac_size_parameters_unavailable,,,,0,False,,,,,,,unverified,0.5,state_855715d11322fea05f1aaec7,D:\VLE\paper_structure_worktree\dataset\ternary_vle_english.xlsx,3c_f6a2de3ac0acbac84e4f,,347.74,0.036,0.89,0.074,,,,0.159,0.45999999999999996,0.381
uniquac,3,mol_e04cf77cea7bbe66,mol_57615b5c3546c298,mol_f29e20f49d416e54,CC(C)=O,CC(C)CC(C)(C)C,CCO,False,isobaric,10.1016/j.fluid.2005.01.007,isobaric,0.9818181818181818,shared_pair_or_uniquac_size_parameters_unavailable,,,,0,False,,,,,,,unverified,0.5,state_892f73069d545379b0664a7a,D:\VLE\paper_structure_worktree\dataset\ternary_vle_english.xlsx,3c_f6a2de3ac0acbac84e4f,,354.94,0.032,0.943,0.025,,,,0.186,0.584,0.23
uniquac,3,mol_e04cf77cea7bbe66,mol_57615b5c3546c298,mol_f29e20f49d416e54,CC(C)=O,CC(C)CC(C)(C)C,CCO,False,isobaric,10.1016/j.fluid.2005.01.007,isobaric,0.9818181818181818,shared_pair_or_uniquac_size_parameters_unavailable,,,,0,False,,,,,,,unverified,0.5,state_9d928057d12e7bddb8b81472,D:\VLE\paper_structure_worktree\dataset\ternary_vle_english.xlsx,3c_f6a2de3ac0acbac84e4f,,348.84,0.068,0.895,0.037,,,,0.321,0.47,0.209
uniquac,3,mol_e04cf77cea7bbe66,mol_57615b5c3546c298,mol_f29e20f49d416e54,CC(C)=O,CC(C)CC(C)(C)C,CCO,False,isobaric,10.1016/j.fluid.2005.01.007,isobaric,0.9818181818181818,shared_pair_or_uniquac_size_parameters_unavailable,,,,0,False,,,,,,,unverified,0.5,state_afca2e0a93551b851690c7f0,D:\VLE\paper_structure_worktree\dataset\ternary_vle_english.xlsx,3c_f6a2de3ac0acbac84e4f,,343.04999999999995,0.047,0.5740000000000001,0.379,,,,0.098,0.363,0.539
uniquac,3,mol_e04cf77cea7bbe66,mol_57615b5c3546c298,mol_f29e20f49d416e54,CC(C)=O,CC(C)CC(C)(C)C,CCO,False,isobaric,10.1016/j.fluid.2005.01.007,isobaric,0.9818181818181818,shared_pair_or_uniquac_size_parameters_unavailable,,,,0,False,,,,,,,unverified,0.5,state_dcc5f69709d05b76e218be99,D:\VLE\paper_structure_worktree\dataset\ternary_vle_english.xlsx,3c_f6a2de3ac0acbac84e4f,,343.46999999999997,0.089,0.04500000000000004,0.866,,,,0.226,0.10599999999999998,0.668
