sample_id,system_id,component_count,source,doi,quality_status,quality_weight,experiment_mode,experiment_mode_confidence,direction,target_temperature_k,predicted_temperature_k,target_pressure_kpa,predicted_pressure_kpa,pressure_residual_kpa,converged,nonphysical,iterations,component_smiles_1,component_id_1,x_1,y_true_1,y_pred_1,gamma_pred_1,psat_pred_kpa_1,component_smiles_2,component_id_2,x_2,y_true_2,y_pred_2,gamma_pred_2,psat_pred_kpa_2,component_smiles_3,component_id_3,x_3,y_true_3,y_pred_3,gamma_pred_3,psat_pred_kpa_3
state_008d96afe42359e12c9c82c3,3c_93c3339e467773a7c208,3,ternary_vle_english.xlsx,10.1016/j.fluid.2005.05.024,unverified,0.5,isothermal,0.9782608695652174,isothermal,,,32.34,31.33908462524414,-1.9073486328125e-06,True,False,48,CC(=O)CC(C)C,mol_0a895444a9f0f36b,0.6461,0.2728999999999999,0.27216190099716187,1.0434895753860474,12.651026725769043,CC(C)O,mol_db030b5de88f8eaf,0.2441,0.3825,0.3937934935092926,1.470596432685852,34.37902069091797,CC(C)OC(C)C,mol_1a0ca8e5eeb68da8,0.1098,0.3446,0.3340446352958679,1.3890401124954224,68.6394271850586
state_018d8bf133eae03e75816692,3c_28e3b8df482e382b0f63,3,ternary_vle_english.xlsx,10.1016/j.fluid.2012.11.026,unverified,0.5,isothermal,0.9411764705882353,isothermal,,,143.65300000000005,112.03517150878906,0.0,True,False,48,CCO,mol_f29e20f49d416e54,0.25229999999999997,0.374,0.5490971207618713,1.545586109161377,157.7586212158203,CCOC(=O)OCC,mol_4df2781fcf4d4a77,0.5006,0.206,0.15722958743572235,1.1963558197021484,29.412874221801758,O,mol_e81dc06beaa39499,0.2471,0.42,0.29367324709892273,1.899674415588379,70.09174346923828
state_02cd86891c7936e29c6cc5e0,3c_485aadc678c8a7fb274c,3,ternary_vle_english.xlsx,10.1016/j.fluid.2011.05.011,unverified,0.5,isothermal,0.9655172413793104,isothermal,,,28.359999999999996,29.903656005859375,0.0,True,False,48,CC(=O)CC(C)C,mol_0a895444a9f0f36b,0.8579,0.8012,0.7628574371337891,1.0101569890975952,26.323410034179688,CC(C)CC(C)(C)C,mol_57615b5c3546c298,0.0068,0.0267,0.025392940267920494,2.30684232711792,48.40725326538086,CC(C)CO,mol_015d21fca05fcd26,0.1353,0.1721,0.21174956858158112,1.5465993881225586,30.26015853881836
state_02fe65dd5d5075dd0c407ed2,3c_93c3339e467773a7c208,3,ternary_vle_english.xlsx,10.1016/j.fluid.2005.05.024,unverified,0.5,isothermal,0.9782608695652174,isothermal,,,99.57,97.43516540527344,7.62939453125e-06,True,False,48,CC(=O)CC(C)C,mol_0a895444a9f0f36b,0.05940000000000001,0.016900000000000026,0.01380339078605175,1.1807352304458618,19.17620086669922,CC(C)O,mol_db030b5de88f8eaf,0.1471,0.1691,0.1691024899482727,2.054147481918335,54.528236389160156,CC(C)OC(C)C,mol_1a0ca8e5eeb68da8,0.7935,0.814,0.8170941472053528,1.043290615081787,96.16911315917969
state_03fe42c7507bb66a2868bb76,3c_485aadc678c8a7fb274c,3,ternary_vle_english.xlsx,10.1016/j.fluid.2011.05.011,unverified,0.5,isothermal,0.967741935483871,isothermal,,,89.39,86.70419311523438,-7.62939453125e-06,True,False,48,CC(=O)CC(C)C,mol_0a895444a9f0f36b,0.18680000000000008,0.13980000000000004,0.14825321733951569,1.478116512298584,46.554176330566406,CC(C)CC(C)(C)C,mol_57615b5c3546c298,0.7263,0.7162,0.7273021936416626,1.084464430809021,80.06147766113281,CC(C)CO,mol_015d21fca05fcd26,0.0869,0.144,0.12444457411766052,2.1673080921173096,57.28956985473633
state_04dccdba9d2add4f7eaa27be,3c_485aadc678c8a7fb274c,3,ternary_vle_english.xlsx,10.1016/j.fluid.2011.05.011,unverified,0.5,isothermal,0.9655172413793104,isothermal,,,41.69,42.296775817871094,0.0,True,False,48,CC(=O)CC(C)C,mol_0a895444a9f0f36b,0.6381,0.4196,0.42130616307258606,1.060899257659912,26.323410034179688,CC(C)CC(C)(C)C,mol_57615b5c3546c298,0.2279,0.4486,0.4295419454574585,1.6468653678894043,48.40725326538086,CC(C)CO,mol_015d21fca05fcd26,0.134,0.1318,0.14915184676647186,1.5558220148086548,30.26015853881836
state_06f2268f09de54710bda0002,3c_93c3339e467773a7c208,3,ternary_vle_english.xlsx,10.1016/j.fluid.2005.05.024,unverified,0.5,isothermal,0.9782608695652174,isothermal,,,23.180000000000007,22.245101928710938,0.0,True,False,48,CC(=O)CC(C)C,mol_0a895444a9f0f36b,0.865,0.4897,0.49346724152565,1.0031152963638306,12.651026725769043,CC(C)O,mol_db030b5de88f8eaf,0.0301,0.0843,0.0898832306265831,1.9322044849395752,34.37902069091797,CC(C)OC(C)C,mol_1a0ca8e5eeb68da8,0.1049,0.426,0.4166494905948639,1.2872298955917358,68.6394271850586
state_079952a4cf08c95b9c0e52b9,3c_485aadc678c8a7fb274c,3,ternary_vle_english.xlsx,10.1016/j.fluid.2011.05.011,unverified,0.5,isothermal,0.9655172413793104,isothermal,,,55.97999999999999,53.39531707763672,0.0,True,False,48,CC(=O)CC(C)C,mol_0a895444a9f0f36b,0.037899999999999934,0.03049999999999997,0.03496630862355232,1.8714213371276855,26.323410034179688,CC(C)CC(C)(C)C,mol_57615b5c3546c298,0.8666,0.7864,0.8143693208694458,1.036562442779541,48.40725326538086,CC(C)CO,mol_015d21fca05fcd26,0.0955,0.1831,0.15066435933113098,2.7838072776794434,30.26015853881836
state_08b1de9c6165adface14ac6b,3c_485aadc678c8a7fb274c,3,ternary_vle_english.xlsx,10.1016/j.fluid.2011.05.011,unverified,0.5,isothermal,0.9655172413793104,isothermal,,,54.59,52.70506286621094,0.0,True,False,48,CC(=O)CC(C)C,mol_0a895444a9f0f36b,0.11309999999999998,0.08539999999999992,0.09367033839225769,1.658248782157898,26.323410034179688,CC(C)CC(C)(C)C,mol_57615b5c3546c298,0.7934,0.7568,0.7753139138221741,1.06396484375,48.40725326538086,CC(C)CO,mol_015d21fca05fcd26,0.0935,0.1578,0.13101571798324585,2.440579414367676,30.26015853881836
state_09758ba9376e4673a1b7db9b,3c_485aadc678c8a7fb274c,3,ternary_vle_english.xlsx,10.1016/j.fluid.2011.05.011,unverified,0.5,isothermal,0.967741935483871,isothermal,,,76.83,77.29986572265625,-7.62939453125e-06,True,False,48,CC(=O)CC(C)C,mol_0a895444a9f0f36b,0.5385,0.34919999999999995,0.35787448287010193,1.1034815311431885,46.554176330566406,CC(C)CC(C)(C)C,mol_57615b5c3546c298,0.3084,0.4882000000000001,0.46525120735168457,1.4565595388412476,80.06147766113281,CC(C)CO,mol_015d21fca05fcd26,0.1531,0.1626,0.1768743395805359,1.5588085651397705,57.28956985473633
state_0a8584bbf93990372488b902,3c_93c3339e467773a7c208,3,ternary_vle_english.xlsx,10.1016/j.fluid.2005.05.024,unverified,0.5,isothermal,0.9782608695652174,isothermal,,,66.6,65.36360168457031,-7.62939453125e-06,True,False,48,CC(=O)CC(C)C,mol_0a895444a9f0f36b,0.11019999999999996,0.027899999999999925,0.024751868098974228,1.1604769229888916,12.651026725769043,CC(C)O,mol_db030b5de88f8eaf,0.2285,0.2073,0.20820799469947815,1.732421636581421,34.37902069091797,CC(C)OC(C)C,mol_1a0ca8e5eeb68da8,0.6613,0.7648,0.7670401334762573,1.1045410633087158,68.6394271850586
state_0a91aff4528f25e1c9c9c69b,3c_28e3b8df482e382b0f63,3,ternary_vle_english.xlsx,10.1016/j.fluid.2012.11.026,unverified,0.5,isothermal,0.9411764705882353,isothermal,,,134.188,87.00131225585938,-7.62939453125e-06,True,False,48,CCO,mol_f29e20f49d416e54,0.11220000000000008,0.236,0.39010998606681824,1.9174625873565674,157.7586212158203,CCOC(=O)OCC,mol_4df2781fcf4d4a77,0.6756,0.234,0.2454887479543686,1.0748064517974854,29.412874221801758,O,mol_e81dc06beaa39499,0.2122,0.53,0.36440128087997437,2.1315395832061768,70.09174346923828
state_0ad3f1249a07e33cd374438a,3c_93c3339e467773a7c208,3,ternary_vle_english.xlsx,10.1016/j.fluid.2005.05.024,unverified,0.5,isothermal,0.9782608695652174,isothermal,,,47.67000000000001,45.642555236816406,0.0,True,False,48,CC(=O)CC(C)C,mol_0a895444a9f0f36b,0.48660000000000003,0.1441,0.14240677654743195,1.0558512210845947,12.651026725769043,CC(C)O,mol_db030b5de88f8eaf,0.0914,0.1253,0.13187319040298462,1.915520429611206,34.37902069091797,CC(C)OC(C)C,mol_1a0ca8e5eeb68da8,0.422,0.7306,0.7257200479507446,1.143544316291809,68.6394271850586
state_0bef5d0fdc2ef6d3de474bb6,3c_93c3339e467773a7c208,3,ternary_vle_english.xlsx,10.1016/j.fluid.2005.05.024,unverified,0.5,isothermal,0.9782608695652174,isothermal,,,53.86999999999999,51.550559997558594,0.0,True,False,48,CC(=O)CC(C)C,mol_0a895444a9f0f36b,0.3777999999999999,0.10319999999999996,0.10053836554288864,1.0843698978424072,12.651026725769043,CC(C)O,mol_db030b5de88f8eaf,0.1073,0.1328,0.13790263235569,1.9271376132965088,34.37902069091797,CC(C)OC(C)C,mol_1a0ca8e5eeb68da8,0.5149,0.764,0.761559009552002,1.110811471939087,68.6394271850586
state_0c1d28d508158f373cd0ab75,3c_93c3339e467773a7c208,3,ternary_vle_english.xlsx,10.1016/j.fluid.2005.05.024,unverified,0.5,isothermal,0.9782608695652174,isothermal,,,34.74,33.993751525878906,0.0,True,False,48,CC(=O)CC(C)C,mol_0a895444a9f0f36b,0.8546,0.4879,0.4839402437210083,1.0038419961929321,19.17620086669922,CC(C)O,mol_db030b5de88f8eaf,0.031,0.0857,0.09613385796546936,1.9332692623138428,54.528236389160156,CC(C)OC(C)C,mol_1a0ca8e5eeb68da8,0.1144,0.4264,0.4199259281158447,1.2975083589553833,96.16911315917969
state_0cec7df4a24c2a648c0305b9,3c_28e3b8df482e382b0f63,3,ternary_vle_english.xlsx,10.1016/j.fluid.2012.11.026,unverified,0.5,isothermal,0.9411764705882353,isothermal,,,109.49,106.62692260742188,0.0,True,False,48,CCO,mol_f29e20f49d416e54,0.9021,0.8925,0.923117995262146,1.0079225301742554,108.25357818603516,CCOC(=O)OCC,mol_4df2781fcf4d4a77,0.0491,0.0318,0.023887738585472107,2.6065216064453125,19.90210723876953,O,mol_e81dc06beaa39499,0.0488,0.0757,0.052994295954704285,2.4444875717163086,47.36835861206055
state_0d34e69c7091198fbea9f59c,3c_93c3339e467773a7c208,3,ternary_vle_english.xlsx,10.1016/j.fluid.2005.05.024,unverified,0.5,isothermal,0.9782608695652174,isothermal,,,61.99,61.03425598144531,7.62939453125e-06,True,False,48,CC(=O)CC(C)C,mol_0a895444a9f0f36b,0.08889999999999998,0.026100000000000012,0.02249394729733467,1.2207081317901611,12.651026725769043,CC(C)O,mol_db030b5de88f8eaf,0.5122,0.3428,0.35464102029800415,1.2292200326919556,34.37902069091797,CC(C)OC(C)C,mol_1a0ca8e5eeb68da8,0.3989,0.6311,0.6228649616241455,1.38844895362854,68.6394271850586
state_0d6a1dbe4e45e96d8574f679,3c_28e3b8df482e382b0f63,3,ternary_vle_english.xlsx,10.1016/j.fluid.2012.11.026,unverified,0.5,isothermal,0.9411764705882353,isothermal,,,147.72499999999994,126.63751220703125,0.0,True,False,48,CCO,mol_f29e20f49d416e54,0.4053,0.523,0.6635327339172363,1.3141804933547974,157.7586212158203,CCOC(=O)OCC,mol_4df2781fcf4d4a77,0.3928,0.166,0.12168393284082413,1.3337875604629517,29.412874221801758,O,mol_e81dc06beaa39499,0.2019,0.311,0.21478326618671417,1.922027587890625,70.09174346923828
state_0df4bb1119a12ed2e8268718,3c_93c3339e467773a7c208,3,ternary_vle_english.xlsx,10.1016/j.fluid.2005.05.024,unverified,0.5,isothermal,0.9782608695652174,isothermal,,,58.99,56.82588195800781,0.0,True,False,48,CC(=O)CC(C)C,mol_0a895444a9f0f36b,0.5945,0.20989999999999998,0.20693354308605194,1.0314843654632568,19.17620086669922,CC(C)O,mol_db030b5de88f8eaf,0.0732,0.1217,0.13248665630817413,1.8861913681030273,54.528236389160156,CC(C)OC(C)C,mol_1a0ca8e5eeb68da8,0.3323,0.6684,0.6605798006057739,1.1746419668197632,96.16911315917969
state_0eb4add22fc57af99973cef8,3c_485aadc678c8a7fb274c,3,ternary_vle_english.xlsx,10.1016/j.fluid.2011.05.011,unverified,0.5,isothermal,0.9642857142857143,isothermal,,,14.199999999999996,17.079872131347656,-1.9073486328125e-06,True,False,48,CC(=O)CC(C)C,mol_0a895444a9f0f36b,0.19279999999999997,0.23460000000000003,0.23274044692516327,1.4247713088989258,14.47118854522705,CC(C)CC(C)(C)C,mol_57615b5c3546c298,0.002,0.0119,0.010145670734345913,3.0229952335357666,28.661426544189453,CC(C)CO,mol_015d21fca05fcd26,0.8052,0.7535,0.7571138739585876,1.020780086517334,15.732935905456543
state_0f41660b17900cddbdf90395,3c_28e3b8df482e382b0f63,3,ternary_vle_english.xlsx,10.1016/j.fluid.2012.11.026,unverified,0.5,isothermal,0.9411764705882353,isothermal,,,103.54,86.51225280761719,0.0,True,False,48,CCO,mol_f29e20f49d416e54,0.3982,0.5168,0.6628488302230835,1.3302969932556152,108.25357818603516,CCOC(=O)OCC,mol_4df2781fcf4d4a77,0.3962,0.1465,0.12271302938461304,1.3463400602340698,19.90210723876953,O,mol_e81dc06beaa39499,0.2056,0.3367,0.21443821489810944,1.9048832654953003,47.36835861206055
state_10042aa5e7a757b506482904,3c_485aadc678c8a7fb274c,3,ternary_vle_english.xlsx,10.1016/j.fluid.2011.05.011,unverified,0.5,isothermal,0.967741935483871,isothermal,,,70.02,69.32534790039062,-7.62939453125e-06,True,False,48,CC(=O)CC(C)C,mol_0a895444a9f0f36b,0.01319999999999999,0.011700000000000044,0.01555968914180994,1.7553362846374512,46.554176330566406,CC(C)CC(C)(C)C,mol_57615b5c3546c298,0.0747,0.2953,0.22412848472595215,2.598034381866455,80.06147766113281,CC(C)CO,mol_015d21fca05fcd26,0.9121,0.693,0.7603117823600769,1.0087085962295532,57.28956985473633
state_10d41068725e662b3d563547,3c_485aadc678c8a7fb274c,3,ternary_vle_english.xlsx,10.1016/j.fluid.2011.05.011,unverified,0.5,isothermal,0.9642857142857143,isothermal,,,18.259999999999994,19.756980895996094,0.0,True,False,48,CC(=O)CC(C)C,mol_0a895444a9f0f36b,0.15969999999999995,0.17710000000000004,0.16869822144508362,1.4421882629394531,14.47118854522705,CC(C)CC(C)(C)C,mol_57615b5c3546c298,0.0461,0.2696,0.1836901307106018,2.7466776371002197,28.661426544189453,CC(C)CO,mol_015d21fca05fcd26,0.7942,0.5533,0.647611677646637,1.0239896774291992,15.732935905456543
state_12703c6f7d9c731d05a6424a,3c_485aadc678c8a7fb274c,3,ternary_vle_english.xlsx,10.1016/j.fluid.2011.05.011,unverified,0.5,isothermal,0.967741935483871,isothermal,,,50.68000000000001,53.7745361328125,-3.814697265625e-06,True,False,48,CC(=O)CC(C)C,mol_0a895444a9f0f36b,0.8593999999999999,0.7956,0.751795768737793,1.0104678869247437,46.554176330566406,CC(C)CC(C)(C)C,mol_57615b5c3546c298,0.007400000000000001,0.0253,0.023774202913045883,2.1578798294067383,80.06147766113281,CC(C)CO,mol_015d21fca05fcd26,0.1332,0.1791,0.22442999482154846,1.5815309286117554,57.28956985473633
state_152812a0d7545be2e9f42f36,3c_485aadc678c8a7fb274c,3,ternary_vle_english.xlsx,10.1016/j.fluid.2011.05.011,unverified,0.5,isothermal,0.9655172413793104,isothermal,,,34.410000000000004,36.31365203857422,-3.814697265625e-06,True,False,48,CC(=O)CC(C)C,mol_0a895444a9f0f36b,0.5842,0.4716,0.4599814713001251,1.0861917734146118,26.323410034179688,CC(C)CC(C)(C)C,mol_57615b5c3546c298,0.0565,0.1944,0.1574987918138504,2.0911645889282227,48.40725326538086,CC(C)CO,mol_015d21fca05fcd26,0.3593,0.334,0.3825197219848633,1.2776012420654297,30.26015853881836
state_1711d4c948d7eba0a1b10a73,3c_93c3339e467773a7c208,3,ternary_vle_english.xlsx,10.1016/j.fluid.2005.05.024,unverified,0.5,isothermal,0.9782608695652174,isothermal,,,39.97999999999999,40.03642272949219,-3.814697265625e-06,True,False,48,CC(=O)CC(C)C,mol_0a895444a9f0f36b,0.7089,0.37039999999999995,0.35348954796791077,1.041080355644226,19.17620086669922,CC(C)O,mol_db030b5de88f8eaf,0.2454,0.4670000000000001,0.4898797273635864,1.465712070465088,54.528236389160156,CC(C)OC(C)C,mol_1a0ca8e5eeb68da8,0.0457,0.1626,0.1566307693719864,1.4268571138381958,96.16911315917969
state_171ae0c7681fca9b04162c58,3c_93c3339e467773a7c208,3,ternary_vle_english.xlsx,10.1016/j.fluid.2005.05.024,unverified,0.5,isothermal,0.9782608695652174,isothermal,,,48.2,47.52836608886719,0.0,True,False,48,CC(=O)CC(C)C,mol_0a895444a9f0f36b,0.642,0.27370000000000005,0.2700503170490265,1.0425573587417603,19.17620086669922,CC(C)O,mol_db030b5de88f8eaf,0.2417,0.3909,0.40924814343452454,1.475847601890564,54.528236389160156,CC(C)OC(C)C,mol_1a0ca8e5eeb68da8,0.1163,0.3354,0.3207015097141266,1.3628201484680176,96.16911315917969
state_175f877f52a2095b8a48c548,3c_28e3b8df482e382b0f63,3,ternary_vle_english.xlsx,10.1016/j.fluid.2012.11.026,unverified,0.5,isothermal,0.9411764705882353,isothermal,,,106.01,93.73983764648438,0.0,True,False,48,CCO,mol_f29e20f49d416e54,0.3698,0.4769,0.5821908712387085,1.3632653951644897,108.25357818603516,CCOC(=O)OCC,mol_4df2781fcf4d4a77,0.125,0.1038,0.052295174449682236,1.9705013036727905,19.90210723876953,O,mol_e81dc06beaa39499,0.5052,0.4193,0.36551398038864136,1.4317806959152222,47.36835861206055
state_18ac24f8609a85caae845a8d,3c_485aadc678c8a7fb274c,3,ternary_vle_english.xlsx,10.1016/j.fluid.2011.05.011,unverified,0.5,isothermal,0.967741935483871,isothermal,,,55.31,61.50123596191406,0.0,True,False,48,CC(=O)CC(C)C,mol_0a895444a9f0f36b,0.20810000000000006,0.18379999999999996,0.23371225595474243,1.4836606979370117,46.554176330566406,CC(C)CC(C)(C)C,mol_57615b5c3546c298,0.0024,0.0089,0.007941875606775284,2.5419795513153076,80.06147766113281,CC(C)CO,mol_015d21fca05fcd26,0.7895,0.8073,0.758345901966095,1.031153917312622,57.28956985473633
state_18e586dedce0083531ff350b,3c_485aadc678c8a7fb274c,3,ternary_vle_english.xlsx,10.1016/j.fluid.2011.05.011,unverified,0.5,isothermal,0.9642857142857143,isothermal,,,17.040000000000006,18.122447967529297,0.0,True,False,48,CC(=O)CC(C)C,mol_0a895444a9f0f36b,0.6846,0.6052,0.5711121559143066,1.0447133779525757,14.47118854522705,CC(C)CC(C)(C)C,mol_57615b5c3546c298,0.0263,0.1152,0.09893741458654404,2.3786134719848633,28.661426544189453,CC(C)CO,mol_015d21fca05fcd26,0.2891,0.2796,0.3299504518508911,1.3146427869796753,15.732935905456543
state_192bd29f1d4f8dcced2d4661,3c_28e3b8df482e382b0f63,3,ternary_vle_english.xlsx,10.1016/j.fluid.2012.11.026,unverified,0.5,isothermal,0.9411764705882353,isothermal,,,109.89,99.27706909179688,0.0,True,False,48,CCO,mol_f29e20f49d416e54,0.5033,0.5711999999999999,0.651117205619812,1.186421275138855,108.25357818603516,CCOC(=O)OCC,mol_4df2781fcf4d4a77,0.0986,0.0757,0.039926864206790924,2.0199384689331055,19.90210723876953,O,mol_e81dc06beaa39499,0.3981,0.3531,0.3089559078216553,1.6265406608581543,47.36835861206055
state_19b803d125920765cd6af81b,3c_485aadc678c8a7fb274c,3,ternary_vle_english.xlsx,10.1016/j.fluid.2011.05.011,unverified,0.5,isothermal,0.9642857142857143,isothermal,,,15.649999999999995,17.42532730102539,-1.9073486328125e-06,True,False,48,CC(=O)CC(C)C,mol_0a895444a9f0f36b,0.5276000000000001,0.5457000000000001,0.49039027094841003,1.119215488433838,14.47118854522705,CC(C)CC(C)(C)C,mol_57615b5c3546c298,0.0032,0.0188,0.013438179157674313,2.553133487701416,28.661426544189453,CC(C)CO,mol_015d21fca05fcd26,0.4692,0.4355,0.4961715340614319,1.1712374687194824,15.732935905456543
state_1a22555fb36ac13fbff91c10,3c_485aadc678c8a7fb274c,3,ternary_vle_english.xlsx,10.1016/j.fluid.2011.05.011,unverified,0.5,isothermal,0.967741935483871,isothermal,,,62.37,64.57867431640625,0.0,True,False,48,CC(=O)CC(C)C,mol_0a895444a9f0f36b,0.7742,0.5876,0.5704106688499451,1.0220330953598022,46.554176330566406,CC(C)CC(C)(C)C,mol_57615b5c3546c298,0.1309,0.3,0.29373157024383545,1.8099913597106934,80.06147766113281,CC(C)CO,mol_015d21fca05fcd26,0.0949,0.1124,0.1358577311038971,1.613733172416687,57.28956985473633
state_1ad939c66dd6543762f3e08f,3c_93c3339e467773a7c208,3,ternary_vle_english.xlsx,10.1016/j.fluid.2005.05.024,unverified,0.5,isothermal,0.9782608695652174,isothermal,,,102.39,100.38215637207031,0.0,True,False,48,CC(=O)CC(C)C,mol_0a895444a9f0f36b,0.021399999999999975,0.005900000000000016,0.004898336250334978,1.1981984376907349,19.17620086669922,CC(C)O,mol_db030b5de88f8eaf,0.1529,0.1725,0.17314766347408295,2.084703207015991,54.528236389160156,CC(C)OC(C)C,mol_1a0ca8e5eeb68da8,0.8257,0.8216,0.8219540119171143,1.0390732288360596,96.16911315917969
state_1c453e1ff0465aa624a79077,3c_485aadc678c8a7fb274c,3,ternary_vle_english.xlsx,10.1016/j.fluid.2011.05.011,unverified,0.5,isothermal,0.9655172413793104,isothermal,,,56.12,53.574981689453125,0.0,True,False,48,CC(=O)CC(C)C,mol_0a895444a9f0f36b,0.11119999999999997,0.06909999999999994,0.07907659560441971,1.447314977645874,26.323410034179688,CC(C)CC(C)(C)C,mol_57615b5c3546c298,0.6312,0.6862,0.6747860312461853,1.1831796169281006,48.40725326538086,CC(C)CO,mol_015d21fca05fcd26,0.2576,0.2447,0.24613739550113678,1.6916970014572144,30.26015853881836
state_1c8104c6d9d9dac05ddc08a4,3c_93c3339e467773a7c208,3,ternary_vle_english.xlsx,10.1016/j.fluid.2005.05.024,unverified,0.5,isothermal,0.9782608695652174,isothermal,,,64.51,63.097320556640625,0.0,True,False,48,CC(=O)CC(C)C,mol_0a895444a9f0f36b,0.046599999999999975,0.01309999999999989,0.011609143577516079,1.2425086498260498,12.651026725769043,CC(C)O,mol_db030b5de88f8eaf,0.5433,0.3402,0.35775867104530334,1.2085591554641724,34.37902069091797,CC(C)OC(C)C,mol_1a0ca8e5eeb68da8,0.4101,0.6467,0.630632221698761,1.4135905504226685,68.6394271850586
state_1cde38e8ed7b3a8d8515c38f,3c_93c3339e467773a7c208,3,ternary_vle_english.xlsx,10.1016/j.fluid.2005.05.024,unverified,0.5,isothermal,0.9782608695652174,isothermal,,,72.25,70.58113098144531,-7.62939453125e-06,True,False,48,CC(=O)CC(C)C,mol_0a895444a9f0f36b,0.02059999999999995,0.005600000000000049,0.004556265193969011,1.233969807624817,12.651026725769043,CC(C)O,mol_db030b5de88f8eaf,0.1563,0.1608,0.16047319769859314,2.107844829559326,34.37902069091797,CC(C)OC(C)C,mol_1a0ca8e5eeb68da8,0.8231,0.8336,0.8349705338478088,1.0431181192398071,68.6394271850586
state_1d7d0432cba3f2e417270c80,3c_28e3b8df482e382b0f63,3,ternary_vle_english.xlsx,10.1016/j.fluid.2012.11.026,unverified,0.5,isothermal,0.9411764705882353,isothermal,,,146.85499999999993,124.80581665039062,0.0,True,False,48,CCO,mol_f29e20f49d416e54,0.30380000000000007,0.39,0.542540431022644,1.4128175973892212,157.7586212158203,CCOC(=O)OCC,mol_4df2781fcf4d4a77,0.2953,0.166,0.10251045227050781,1.4729976654052734,29.412874221801758,O,mol_e81dc06beaa39499,0.4009,0.444,0.35494914650917053,1.576514720916748,70.09174346923828
state_1e2ab445a199a2315af0fc8d,3c_93c3339e467773a7c208,3,ternary_vle_english.xlsx,10.1016/j.fluid.2005.05.024,unverified,0.5,isothermal,0.9782608695652174,isothermal,,,77.97,77.38748931884766,0.0,True,False,48,CC(=O)CC(C)C,mol_0a895444a9f0f36b,0.14890000000000003,0.05179999999999996,0.04704081639647484,1.2749358415603638,19.17620086669922,CC(C)O,mol_db030b5de88f8eaf,0.611,0.4706,0.4844059646129608,1.1251684427261353,54.528236389160156,CC(C)OC(C)C,mol_1a0ca8e5eeb68da8,0.2401,0.4776,0.46855324506759644,1.570369839668274,96.16911315917969
state_1f02f1b257346fa6d7519c7f,3c_93c3339e467773a7c208,3,ternary_vle_english.xlsx,10.1016/j.fluid.2005.05.024,unverified,0.5,isothermal,0.9782608695652174,isothermal,,,83.64,82.83241271972656,-7.62939453125e-06,True,False,48,CC(=O)CC(C)C,mol_0a895444a9f0f36b,0.2531,0.07340000000000002,0.06414492428302765,1.0947320461273193,19.17620086669922,CC(C)O,mol_db030b5de88f8eaf,0.1912,0.2105,0.2153327912092209,1.7108073234558105,54.528236389160156,CC(C)OC(C)C,mol_1a0ca8e5eeb68da8,0.5557,0.7161,0.7205222845077515,1.1167904138565063,96.16911315917969
state_1f899e5ece736303f55d3a66,3c_93c3339e467773a7c208,3,ternary_vle_english.xlsx,10.1016/j.fluid.2005.05.024,unverified,0.5,isothermal,0.9782608695652174,isothermal,,,44.22999999999999,42.767784118652344,-3.814697265625e-06,True,False,48,CC(=O)CC(C)C,mol_0a895444a9f0f36b,0.42100000000000004,0.14,0.13790404796600342,1.107352375984192,12.651026725769043,CC(C)O,mol_db030b5de88f8eaf,0.3654,0.3739,0.38992100954055786,1.327489972114563,34.37902069091797,CC(C)OC(C)C,mol_1a0ca8e5eeb68da8,0.2136,0.4861,0.4721749424934387,1.3773514032363892,68.6394271850586
state_2017e383a8a16b471f0630ba,3c_485aadc678c8a7fb274c,3,ternary_vle_english.xlsx,10.1016/j.fluid.2011.05.011,unverified,0.5,isothermal,0.967741935483871,isothermal,,,83.1,82.27619934082031,0.0,True,False,48,CC(=O)CC(C)C,mol_0a895444a9f0f36b,0.3749,0.26060000000000005,0.2717583179473877,1.281099796295166,46.554176330566406,CC(C)CC(C)(C)C,mol_57615b5c3546c298,0.5538,0.6415,0.6332667469978333,1.1751257181167603,80.06147766113281,CC(C)CO,mol_015d21fca05fcd26,0.0713,0.0979,0.09497499465942383,1.9130151271820068,57.28956985473633
state_21ffb01a1ab599fb91b26705,3c_93c3339e467773a7c208,3,ternary_vle_english.xlsx,10.1016/j.fluid.2005.05.024,unverified,0.5,isothermal,0.9782608695652174,isothermal,,,49.72,48.305458068847656,-3.814697265625e-06,True,False,48,CC(=O)CC(C)C,mol_0a895444a9f0f36b,0.31590000000000007,0.10109999999999997,0.09457855671644211,1.1431770324707031,12.651026725769043,CC(C)O,mol_db030b5de88f8eaf,0.4152,0.3665,0.3794165551662445,1.2839899063110352,34.37902069091797,CC(C)OC(C)C,mol_1a0ca8e5eeb68da8,0.2689,0.5324,0.5260049104690552,1.3766435384750366,68.6394271850586
state_222e14d9c947291f8b31da3a,3c_93c3339e467773a7c208,3,ternary_vle_english.xlsx,10.1016/j.fluid.2005.05.024,unverified,0.5,isothermal,0.9782608695652174,isothermal,,,22.690000000000005,22.208728790283203,-1.9073486328125e-06,True,False,48,CC(=O)CC(C)C,mol_0a895444a9f0f36b,0.8248,0.48229999999999995,0.4753347933292389,1.0116932392120361,12.651026725769043,CC(C)O,mol_db030b5de88f8eaf,0.1298,0.3219,0.3309521973133087,1.6471028327941895,34.37902069091797,CC(C)OC(C)C,mol_1a0ca8e5eeb68da8,0.0454,0.1958,0.1937129646539688,1.3805521726608276,68.6394271850586
state_22a2b4e2f2025487b3136657,3c_485aadc678c8a7fb274c,3,ternary_vle_english.xlsx,10.1016/j.fluid.2011.05.011,unverified,0.5,isothermal,0.9655172413793104,isothermal,,,36.79,37.331031799316406,-3.814697265625e-06,True,False,48,CC(=O)CC(C)C,mol_0a895444a9f0f36b,0.012900000000000023,0.013299999999999979,0.015670910477638245,1.7227897644042969,26.323410034179688,CC(C)CC(C)(C)C,mol_57615b5c3546c298,0.0646,0.3284,0.23209437727928162,2.7707135677337646,48.40725326538086,CC(C)CO,mol_015d21fca05fcd26,0.9225,0.6583,0.752234697341919,1.0059716701507568,30.26015853881836
state_23c0026be1cbd5fc19b80172,3c_485aadc678c8a7fb274c,3,ternary_vle_english.xlsx,10.1016/j.fluid.2011.05.011,unverified,0.5,isothermal,0.967741935483871,isothermal,,,61.83,65.38993835449219,0.0,True,False,48,CC(=O)CC(C)C,mol_0a895444a9f0f36b,0.5871,0.4609000000000001,0.4540553092956543,1.086297869682312,46.554176330566406,CC(C)CC(C)(C)C,mol_57615b5c3546c298,0.0613,0.182,0.14686799049377441,1.956834316253662,80.06147766113281,CC(C)CO,mol_015d21fca05fcd26,0.3516,0.3571,0.3990766704082489,1.2955161333084106,57.28956985473633
state_2669cc94c5dd63d635fb5eb5,3c_485aadc678c8a7fb274c,3,ternary_vle_english.xlsx,10.1016/j.fluid.2011.05.011,unverified,0.5,isothermal,0.9655172413793104,isothermal,,,51.559999999999995,50.66023254394531,-3.814697265625e-06,True,False,48,CC(=O)CC(C)C,mol_0a895444a9f0f36b,0.27469999999999994,0.1885,0.19833548367023468,1.3895263671875,26.323410034179688,CC(C)CC(C)(C)C,mol_57615b5c3546c298,0.6427,0.6984,0.700106680393219,1.1400203704833984,48.40725326538086,CC(C)CO,mol_015d21fca05fcd26,0.0826,0.1131,0.10155785828828812,2.0583982467651367,30.26015853881836
state_26a8919d62957de2ee05a070,3c_485aadc678c8a7fb274c,3,ternary_vle_english.xlsx,10.1016/j.fluid.2011.05.011,unverified,0.5,isothermal,0.9655172413793104,isothermal,,,35.51,37.171417236328125,0.0,True,False,48,CC(=O)CC(C)C,mol_0a895444a9f0f36b,0.16110000000000002,0.1593,0.16892997920513153,1.4807378053665161,26.323410034179688,CC(C)CC(C)(C)C,mol_57615b5c3546c298,0.0529,0.2483,0.17288744449615479,2.5096113681793213,48.40725326538086,CC(C)CO,mol_015d21fca05fcd26,0.786,0.5924,0.6581825613975525,1.0286359786987305,30.26015853881836
state_2716015b27a383f173d1bf98,3c_485aadc678c8a7fb274c,3,ternary_vle_english.xlsx,10.1016/j.fluid.2011.05.011,unverified,0.5,isothermal,0.967741935483871,isothermal,,,93.57,89.16549682617188,0.0,True,False,48,CC(=O)CC(C)C,mol_0a895444a9f0f36b,0.03739999999999999,0.031300000000000106,0.03478807210922241,1.781545639038086,46.554176330566406,CC(C)CC(C)(C)C,mol_57615b5c3546c298,0.8712,0.7757,0.8079371452331543,1.0328396558761597,80.06147766113281,CC(C)CO,mol_015d21fca05fcd26,0.0914,0.193,0.15727481245994568,2.6781461238861084,57.28956985473633
state_29e182e9472cb97979ed082c,3c_485aadc678c8a7fb274c,3,ternary_vle_english.xlsx,10.1016/j.fluid.2011.05.011,unverified,0.5,isothermal,0.9642857142857143,isothermal,,,32.18,31.063152313232422,0.0,True,False,48,CC(=O)CC(C)C,mol_0a895444a9f0f36b,0.11129999999999995,0.06899999999999995,0.0764780193567276,1.474968671798706,14.47118854522705,CC(C)CC(C)(C)C,mol_57615b5c3546c298,0.6219,0.7187,0.6957417726516724,1.2124817371368408,28.661426544189453,CC(C)CO,mol_015d21fca05fcd26,0.2668,0.2123,0.22778025269508362,1.6856446266174316,15.732935905456543
state_2afaf7f4018cb0c81139b9fa,3c_28e3b8df482e382b0f63,3,ternary_vle_english.xlsx,10.1016/j.fluid.2012.11.026,unverified,0.5,isothermal,0.9411764705882353,isothermal,,,151.97600000000003,137.6796875,1.52587890625e-05,True,False,48,CCO,mol_f29e20f49d416e54,0.37150000000000005,0.478,0.5775073170661926,1.3566738367080688,157.7586212158203,CCOC(=O)OCC,mol_4df2781fcf4d4a77,0.124,0.115,0.05040492117404938,1.9027584791183472,29.412874221801758,O,mol_e81dc06beaa39499,0.5045,0.407,0.3720878064632416,1.4487295150756836,70.09174346923828
state_2c6f9051723a96157a9a94aa,3c_93c3339e467773a7c208,3,ternary_vle_english.xlsx,10.1016/j.fluid.2005.05.024,unverified,0.5,isothermal,0.9782608695652174,isothermal,,,22.760000000000005,22.003849029541016,-1.9073486328125e-06,True,False,48,CC(=O)CC(C)C,mol_0a895444a9f0f36b,0.8042,0.48329999999999995,0.4716850817203522,1.020142674446106,12.651026725769043,CC(C)O,mol_db030b5de88f8eaf,0.1706,0.4041,0.4166927933692932,1.5632989406585693,34.37902069091797,CC(C)OC(C)C,mol_1a0ca8e5eeb68da8,0.0252,0.1126,0.11162222176790237,1.4199566841125488,68.6394271850586
state_2e7ffb9dee99e85d45fd9e6a,3c_485aadc678c8a7fb274c,3,ternary_vle_english.xlsx,10.1016/j.fluid.2011.05.011,unverified,0.5,isothermal,0.9642857142857143,isothermal,,,15.450000000000003,16.118152618408203,-1.9073486328125e-06,True,False,48,CC(=O)CC(C)C,mol_0a895444a9f0f36b,0.8563,0.8073,0.7757861018180847,1.0090833902359009,14.47118854522705,CC(C)CC(C)(C)C,mol_57615b5c3546c298,0.0062,0.0284,0.027328142896294594,2.4787676334381104,28.661426544189453,CC(C)CO,mol_015d21fca05fcd26,0.1375,0.1643,0.19688571989536285,1.466955542564392,15.732935905456543
state_2f19a0ef8f2f7bff536e9f9a,3c_93c3339e467773a7c208,3,ternary_vle_english.xlsx,10.1016/j.fluid.2005.05.024,unverified,0.5,isothermal,0.9574468085106383,isothermal,,,58.56000000000001,57.408241271972656,-3.814697265625e-06,True,False,48,CC(=O)CC(C)C,mol_0a895444a9f0f36b,0.1512,0.044499999999999984,0.04000725969672203,1.2007025480270386,12.651026725769043,CC(C)O,mol_db030b5de88f8eaf,0.4874,0.3478,0.36163824796676636,1.23899507522583,34.37902069091797,CC(C)OC(C)C,mol_1a0ca8e5eeb68da8,0.3614,0.6077,0.5983544588088989,1.3847485780715942,68.6394271850586
state_2f7079e2f369ca88d660fd5a,3c_93c3339e467773a7c208,3,ternary_vle_english.xlsx,10.1016/j.fluid.2005.05.024,unverified,0.5,isothermal,0.9782608695652174,isothermal,,,58.47999999999999,57.822898864746094,0.0,True,False,48,CC(=O)CC(C)C,mol_0a895444a9f0f36b,0.0472999999999999,0.01639999999999997,0.014070337638258934,1.3596197366714478,12.651026725769043,CC(C)O,mol_db030b5de88f8eaf,0.6772,0.4275,0.44170868396759033,1.097047209739685,34.37902069091797,CC(C)OC(C)C,mol_1a0ca8e5eeb68da8,0.2755,0.5561,0.5442209839820862,1.6641018390655518,68.6394271850586
state_2f82d456f8593d4cadd197ac,3c_485aadc678c8a7fb274c,3,ternary_vle_english.xlsx,10.1016/j.fluid.2011.05.011,unverified,0.5,isothermal,0.9655172413793104,isothermal,,,35.81,37.050453186035156,0.0,True,False,48,CC(=O)CC(C)C,mol_0a895444a9f0f36b,0.7788999999999999,0.5777,0.5650873780250549,1.0211398601531982,26.323410034179688,CC(C)CC(C)(C)C,mol_57615b5c3546c298,0.124,0.3163,0.3084351420402527,1.9038172960281372,48.40725326538086,CC(C)CO,mol_015d21fca05fcd26,0.09710000000000002,0.106,0.12647745013237,1.594836711883545,30.26015853881836
state_2fe939b0f0fdf7696a8df679,3c_93c3339e467773a7c208,3,ternary_vle_english.xlsx,10.1016/j.fluid.2005.05.024,unverified,0.5,isothermal,0.9782608695652174,isothermal,,,30.08,29.51995849609375,-1.9073486328125e-06,True,False,48,CC(=O)CC(C)C,mol_0a895444a9f0f36b,0.6192,0.29289999999999994,0.28415635228157043,1.0708197355270386,12.651026725769043,CC(C)O,mol_db030b5de88f8eaf,0.32,0.4927,0.5074669122695923,1.3616955280303955,34.37902069091797,CC(C)OC(C)C,mol_1a0ca8e5eeb68da8,0.0608,0.2144,0.20837673544883728,1.4739668369293213,68.6394271850586
state_30c6c509347a77bf610ce527,3c_93c3339e467773a7c208,3,ternary_vle_english.xlsx,10.1016/j.fluid.2005.05.024,unverified,0.5,isothermal,0.9782608695652174,isothermal,,,72.94,71.98136901855469,0.0,True,False,48,CC(=O)CC(C)C,mol_0a895444a9f0f36b,0.30900000000000005,0.10119999999999996,0.09291265904903412,1.128688097000122,19.17620086669922,CC(C)O,mol_db030b5de88f8eaf,0.4085,0.3856,0.39919912815093994,1.290019154548645,54.528236389160156,CC(C)OC(C)C,mol_1a0ca8e5eeb68da8,0.2825,0.5132,0.5078881978988647,1.3456562757492065,96.16911315917969
state_30f4e1740116d712503405c9,3c_485aadc678c8a7fb274c,3,ternary_vle_english.xlsx,10.1016/j.fluid.2011.05.011,unverified,0.5,isothermal,0.967741935483871,isothermal,,,56.28000000000001,61.956974029541016,3.814697265625e-06,True,False,48,CC(=O)CC(C)C,mol_0a895444a9f0f36b,0.23550000000000004,0.24270000000000003,0.25477081537246704,1.439760684967041,46.554176330566406,CC(C)CC(C)(C)C,mol_57615b5c3546c298,0.0044,0.022,0.01407322846353054,2.4751851558685303,80.06147766113281,CC(C)CO,mol_015d21fca05fcd26,0.7601,0.7353,0.7311559915542603,1.0402889251708984,57.28956985473633
state_3280cda86bd52c10b83923be,3c_93c3339e467773a7c208,3,ternary_vle_english.xlsx,10.1016/j.fluid.2005.05.024,unverified,0.5,isothermal,0.9782608695652174,isothermal,,,66.06,65.22499084472656,0.0,True,False,48,CC(=O)CC(C)C,mol_0a895444a9f0f36b,0.3073,0.11409999999999998,0.10852675884962082,1.2012287378311157,19.17620086669922,CC(C)O,mol_db030b5de88f8eaf,0.5231,0.4954,0.5143137574195862,1.1760774850845337,54.528236389160156,CC(C)OC(C)C,mol_1a0ca8e5eeb68da8,0.1696,0.3905,0.37715956568717957,1.5082651376724243,96.16911315917969
state_34a5a9544970dc8a38d63dfa,3c_93c3339e467773a7c208,3,ternary_vle_english.xlsx,10.1016/j.fluid.2005.05.024,unverified,0.5,isothermal,0.9574468085106383,isothermal,,,58.56000000000001,57.07893371582031,-3.814697265625e-06,True,False,48,CC(=O)CC(C)C,mol_0a895444a9f0f36b,0.2651,0.06979999999999997,0.06513727456331253,1.1085872650146484,12.651026725769043,CC(C)O,mol_db030b5de88f8eaf,0.1939,0.1984,0.20038767158985138,1.7158349752426147,34.37902069091797,CC(C)OC(C)C,mol_1a0ca8e5eeb68da8,0.541,0.7318,0.7344750761985779,1.1289688348770142,68.6394271850586
state_3663bacf7aa19ddde64aa01b,3c_28e3b8df482e382b0f63,3,ternary_vle_english.xlsx,10.1016/j.fluid.2012.11.026,unverified,0.5,isothermal,0.9411764705882353,isothermal,,,131.898,102.50718688964844,7.62939453125e-06,True,False,48,CCO,mol_f29e20f49d416e54,0.2490000000000001,0.481,0.6424986124038696,1.676617980003357,157.7586212158203,CCOC(=O)OCC,mol_4df2781fcf4d4a77,0.6537,0.22,0.20452377200126648,1.090390920639038,29.412874221801758,O,mol_e81dc06beaa39499,0.0973,0.299,0.1529776006937027,2.2993361949920654,70.09174346923828
state_37b152215575b043b6bac50b,3c_93c3339e467773a7c208,3,ternary_vle_english.xlsx,10.1016/j.fluid.2005.05.024,unverified,0.5,isothermal,0.9782608695652174,isothermal,,,44.26,42.40763854980469,0.0,True,False,48,CC(=O)CC(C)C,mol_0a895444a9f0f36b,0.31599999999999995,0.12,0.11464768648147583,1.2161762714385986,12.651026725769043,CC(C)O,mol_db030b5de88f8eaf,0.5338,0.4848,0.5055080056190491,1.1681538820266724,34.37902069091797,CC(C)OC(C)C,mol_1a0ca8e5eeb68da8,0.1502,0.3952,0.3798442780971527,1.5624499320983887,68.6394271850586
state_3831f8869ed40fe8c20f0f81,3c_93c3339e467773a7c208,3,ternary_vle_english.xlsx,10.1016/j.fluid.2005.05.024,unverified,0.5,isothermal,0.9782608695652174,isothermal,,,59.63999999999999,58.066890716552734,0.0,True,False,48,CC(=O)CC(C)C,mol_0a895444a9f0f36b,0.5739,0.2023999999999999,0.19560448825359344,1.0320687294006348,19.17620086669922,CC(C)O,mol_db030b5de88f8eaf,0.1218,0.186,0.19930540025234222,1.7425246238708496,54.528236389160156,CC(C)OC(C)C,mol_1a0ca8e5eeb68da8,0.3043,0.6116,0.6050900816917419,1.2006350755691528,96.16911315917969
state_385f0baab814e1e018b61e02,3c_93c3339e467773a7c208,3,ternary_vle_english.xlsx,10.1016/j.fluid.2005.05.024,unverified,0.5,isothermal,0.9782608695652174,isothermal,,,94.97,94.07254028320312,0.0,True,False,48,CC(=O)CC(C)C,mol_0a895444a9f0f36b,0.10539999999999994,0.02950000000000008,0.02435137890279293,1.1334000825881958,19.17620086669922,CC(C)O,mol_db030b5de88f8eaf,0.2233,0.2234,0.22449785470962524,1.7344624996185303,54.528236389160156,CC(C)OC(C)C,mol_1a0ca8e5eeb68da8,0.6713,0.7471,0.7511507272720337,1.094555377960205,96.16911315917969
state_39f9eebfc2ce7845550fada8,3c_28e3b8df482e382b0f63,3,ternary_vle_english.xlsx,10.1016/j.fluid.2012.11.026,unverified,0.5,isothermal,0.9411764705882353,isothermal,,,61.78,37.586585998535156,0.0,True,False,48,CCO,mol_f29e20f49d416e54,0.04940000000000011,0.22940000000000005,0.338349312543869,2.3780934810638428,108.25357818603516,CCOC(=O)OCC,mol_4df2781fcf4d4a77,0.9037,0.3572,0.4850321114063263,1.0136312246322632,19.90210723876953,O,mol_e81dc06beaa39499,0.0469,0.4134,0.17661860585212708,2.988189458847046,47.36835861206055
state_3c46c5b8d103fe3755a07ba4,3c_485aadc678c8a7fb274c,3,ternary_vle_english.xlsx,10.1016/j.fluid.2011.05.011,unverified,0.5,isothermal,0.9655172413793104,isothermal,,,28.479999999999997,32.802398681640625,-3.814697265625e-06,True,False,48,CC(=O)CC(C)C,mol_0a895444a9f0f36b,0.2005,0.2066,0.23722639679908752,1.474388837814331,26.323410034179688,CC(C)CC(C)(C)C,mol_57615b5c3546c298,0.002,0.0099,0.00808203499764204,2.738330364227295,48.40725326538086,CC(C)CO,mol_015d21fca05fcd26,0.7975,0.7835,0.7546916007995605,1.025824785232544,30.26015853881836
state_00d3cef28932e11f77b07a6d,3c_2d8df0569d9d03284715,3,ternary_vle_english.xlsx,10.1016/j.fluid.2007.06.005,unverified,0.5,isobaric,0.9807692307692307,isobaric,348.25,348.4924011230469,,,0.0002288818359375,True,False,48,CC(C)CC(C)(C)C,mol_57615b5c3546c298,0.573,0.32400000000000007,0.3303696811199188,1.1929408311843872,48.959510803222656,CCC(C)=O,mol_4cfc5db0ca2ab00b,0.341,0.438,0.4677952229976654,1.560977816581726,89.02564239501953,CCO,mol_f29e20f49d416e54,0.086,0.238,0.20183508098125458,2.6402313709259033,90.04645538330078
state_01b46c0cf00221563c0bb087,3c_f1332761d3af136f02b5,3,ternary_vle_english.xlsx,10.1016/j.fluid.2014.04.025,unverified,0.5,isobaric,0.9473684210526315,isobaric,430.40999999999997,422.680908203125,,,0.00034332275390625,True,False,48,COCCO,mol_d291b272a64498d9,0.1249,0.2015,0.34078821539878845,1.1940535306930542,231.47775268554688,CS(C)=O,mol_7d3e12eaed0f467c,0.8097,0.3092999999999999,0.2507496774196625,1.014803409576416,30.91329002380371,Cc1ccccc1,mol_1c09299644053521,0.0654,0.4892,0.4084621071815491,2.322195053100586,272.4496765136719
state_026c87e8f1731b318a4079ac,3c_20e37ef734cab2512529,3,ternary_vle_english.xlsx,10.1016/j.fluid.2012.12.020,unverified,0.5,isobaric,0.9230769230769231,isobaric,378.07,378.5792541503906,,,-0.0003509521484375,True,False,48,CC(C)O,mol_db030b5de88f8eaf,0.2648,0.4775,0.5765881538391113,0.9113610982894897,241.31097412109375,CCCCCO,mol_243de2450bee5519,0.1180000000000001,0.2178,0.0324646458029747,0.8968402147293091,30.98371124267578,CCCCO,mol_ad4ef9c6c876ca2f,0.6172,0.3047,0.39094725251197815,0.9900997877120972,64.6149673461914
state_03767693ce3483e4ef0924d5,3c_f6a2de3ac0acbac84e4f,3,ternary_vle_english.xlsx,10.1016/j.fluid.2005.01.007,unverified,0.5,isobaric,0.9818181818181818,isobaric,335.55,334.46484375,,,0.0003509521484375,True,False,48,CC(C)=O,mol_e04cf77cea7bbe66,0.271,0.51,0.6060633063316345,1.8789570331573486,120.57099151611328,CC(C)CC(C)(C)C,mol_57615b5c3546c298,0.584,0.27,0.20751556754112244,1.1968122720718384,30.076187133789062,CCO,mol_f29e20f49d416e54,0.145,0.22,0.18642115592956543,2.6127235889434814,49.84764862060547
state_03903a699ebbe43964c05559,3c_c1f86c0bca7d787912fb,3,ternary_vle_english.xlsx,10.1016/j.jct.2011.10.025,unverified,0.5,isobaric,0.9807692307692307,isobaric,359.84,359.5610046386719,,,0.0001983642578125,True,False,48,C1CCOCC1,mol_626f3d1f5bbb6f55,0.276,0.245,0.2693251073360443,1.018718957901001,97.033935546875,CC(C)CC(C)(C)C,mol_57615b5c3546c298,0.632,0.46799999999999997,0.44792789220809937,1.0303995609283447,69.67799377441406,CC(C)O,mol_db030b5de88f8eaf,0.092,0.287,0.28274697065353394,2.5483767986297607,122.16781616210938
state_0470f15df2f78531920eefa7,3c_f6a2de3ac0acbac84e4f,3,ternary_vle_english.xlsx,10.1016/j.fluid.2005.01.007,unverified,0.5,isobaric,0.9818181818181818,isobaric,333.83,333.4011535644531,,,0.0016021728515625,True,False,48,CC(C)=O,mol_e04cf77cea7bbe66,0.385,0.536,0.590620756149292,1.335113525390625,116.39815521240234,CC(C)CC(C)(C)C,mol_57615b5c3546c298,0.265,0.20599999999999996,0.16448025405406952,2.173579454421997,28.927352905273438,CCO,mol_f29e20f49d416e54,0.35,0.258,0.2448989450931549,1.4907437562942505,47.547996520996094
state_04997348093604b5eb5e15b9,3c_2d8df0569d9d03284715,3,ternary_vle_english.xlsx,10.1016/j.fluid.2007.06.005,unverified,0.5,isobaric,0.9807692307692307,isobaric,347.77,347.4779052734375,,,0.0003204345703125,True,False,48,CC(C)CC(C)(C)C,mol_57615b5c3546c298,0.3440000000000001,0.276,0.2608788013458252,1.6228480339050293,47.33837127685547,CCC(C)=O,mol_4cfc5db0ca2ab00b,0.565,0.55,0.5761584043502808,1.1997177600860596,86.1043701171875,CCO,mol_f29e20f49d416e54,0.091,0.174,0.16296277940273285,2.0986876487731934,86.43907165527344
state_04f90b093106e026fedb8ddc,3c_c1f86c0bca7d787912fb,3,ternary_vle_english.xlsx,10.1016/j.jct.2011.10.025,unverified,0.5,isobaric,0.9807692307692307,isobaric,357.32,355.9527893066406,,,-0.00019073486328125,True,False,48,C1CCOCC1,mol_626f3d1f5bbb6f55,0.456,0.382,0.3926585614681244,1.0056239366531372,86.74076843261719,CC(C)CC(C)(C)C,mol_57615b5c3546c298,0.364,0.27,0.25381991267204285,1.1341303586959839,62.28306198120117,CC(C)O,mol_db030b5de88f8eaf,0.18,0.348,0.35352155566215515,1.873396635055542,106.19945526123047
state_055c9db53a4f6551596690d6,3c_6b60b4a3a536506a27ae,3,ternary_vle_english.xlsx,10.1016/j.fluid.2006.08.004,unverified,0.5,isobaric,0.9821428571428571,isobaric,339.04,336.8853759765625,,,0.000335693359375,True,False,48,CC(C)CC(C)(C)C,mol_57615b5c3546c298,0.04800000000000004,0.04499999999999993,0.037062473595142365,2.3826892375946045,32.82741165161133,CC(C)OC(C)C,mol_1a0ca8e5eeb68da8,0.385,0.509,0.5424982309341431,1.644744634628296,86.78607177734375,CCO,mol_f29e20f49d416e54,0.567,0.446,0.4204392731189728,1.3550869226455688,55.432430267333984
state_0568b40c1e95cc17322eedbe,3c_f6a2de3ac0acbac84e4f,3,ternary_vle_english.xlsx,10.1016/j.fluid.2005.01.007,unverified,0.5,isobaric,0.9818181818181818,isobaric,331.89,331.616455078125,,,0.001983642578125,True,False,48,CC(C)=O,mol_e04cf77cea7bbe66,0.483,0.653,0.6980224251747131,1.3350893259048462,109.65536499023438,CC(C)CC(C)(C)C,mol_57615b5c3546c298,0.357,0.19599999999999995,0.16608239710330963,1.740337610244751,27.079450607299805,CCO,mol_f29e20f49d416e54,0.16,0.151,0.13589519262313843,1.9603784084320068,43.88965606689453
state_05a57c392bf3c651a5c46223,3c_2d8df0569d9d03284715,3,ternary_vle_english.xlsx,10.1016/j.fluid.2007.06.005,unverified,0.5,isobaric,0.9807692307692307,isobaric,344.69,345.2564697265625,,,2.288818359375e-05,True,False,48,CC(C)CC(C)(C)C,mol_57615b5c3546c298,0.4099999999999998,0.28,0.26968830823898315,1.5165574550628662,43.936851501464844,CCC(C)=O,mol_4cfc5db0ca2ab00b,0.2710000000000001,0.271,0.30115583539009094,1.4075933694839478,79.97502136230469,CCO,mol_f29e20f49d416e54,0.3190000000000001,0.449,0.4291558563709259,1.7259666919708252,78.95897674560547
state_064f3b30f622695881275f60,3c_6b60b4a3a536506a27ae,3,ternary_vle_english.xlsx,10.1016/j.fluid.2006.08.004,unverified,0.5,isobaric,0.9821428571428571,isobaric,360.38,361.1025390625,,,-0.00045013427734375,True,False,48,CC(C)CC(C)(C)C,mol_57615b5c3546c298,0.925,0.667,0.6681004166603088,1.0017246007919312,73.03974151611328,CC(C)OC(C)C,mol_1a0ca8e5eeb68da8,0.047,0.08,0.09765375405550003,1.149449110031128,183.10865783691406,CCO,mol_f29e20f49d416e54,0.028,0.253,0.23424577713012695,5.790900707244873,146.3440704345703
state_072e43ca8cd42f9e7c5e76ce,3c_c1f86c0bca7d787912fb,3,ternary_vle_english.xlsx,10.1016/j.jct.2011.10.025,unverified,0.5,isobaric,0.9807692307692307,isobaric,356.64,356.76422119140625,,,-6.103515625e-05,True,False,48,C1CCOCC1,mol_626f3d1f5bbb6f55,0.25,0.192,0.22127920389175415,1.0077406167984009,88.97357177734375,CC(C)CC(C)(C)C,mol_57615b5c3546c298,0.59,0.4159999999999999,0.3971322178840637,1.0672433376312256,63.889408111572266,CC(C)O,mol_db030b5de88f8eaf,0.16,0.392,0.3815886080265045,2.203639030456543,109.63372039794922
state_07cd66c267bbaa7d3d4c44a1,3c_f6a2de3ac0acbac84e4f,3,ternary_vle_english.xlsx,10.1016/j.fluid.2005.01.007,unverified,0.5,isobaric,0.9818181818181818,isobaric,347.74,351.6862487792969,,,-0.00011444091796875,True,False,48,CC(C)=O,mol_e04cf77cea7bbe66,0.036,0.159,0.1958642452955246,2.671879768371582,206.2741241455078,CC(C)CC(C)(C)C,mol_57615b5c3546c298,0.89,0.45999999999999996,0.48205801844596863,1.009459376335144,54.35374069213867,CCO,mol_f29e20f49d416e54,0.074,0.381,0.32207778096199036,4.312827110290527,102.22943878173828
state_0908d964585198f4909c4cb4,3c_6e76d885d4575498aef9,3,ternary_vle_english.xlsx,10.1016/j.fluid.2015.08.014,unverified,0.5,isobaric,0.9411764705882353,isobaric,358.04,355.8801574707031,,,-0.00023651123046875,True,False,48,CO,mol_a85d32e4db2ff39c,0.245,0.342,0.5947507619857788,1.236291766166687,198.90989685058594,COC(C)=O,mol_b9c4464ceb7b1e3f,0.141,0.643,0.39139023423194885,1.2219586372375488,230.11387634277344,CS(C)=O,mol_7d3e12eaed0f467c,0.614,0.014999999999999902,0.013858973979949951,1.0067260265350342,2.271223545074463
state_090ffd58553b5ea6258407e1,3c_f1332761d3af136f02b5,3,ternary_vle_english.xlsx,10.1016/j.fluid.2014.04.025,unverified,0.5,isobaric,0.9473684210526315,isobaric,393.72999999999996,392.5408630371094,,,0.0,True,False,48,COCCO,mol_d291b272a64498d9,0.0997,0.0955,0.13544674217700958,1.4567670822143555,94.46975708007812,CS(C)=O,mol_7d3e12eaed0f467c,0.4161,0.04859999999999998,0.055697787553071976,1.2568918466567993,10.788269996643066,Cc1ccccc1,mol_1c09299644053521,0.4842,0.8559,0.808855414390564,1.3118847608566284,128.9911346435547
state_0abf152df366a9475ee7255e,3c_1a08c4f653f7d812cdc9,3,ternary_vle_english.xlsx,10.1016/j.jct.2019.03.036,unverified,0.5,isobaric,0.972972972972973,isobaric,382.69,384.466064453125,,,7.62939453125e-05,True,False,48,CCCOC(C)=O,mol_67043ae833ecd0c7,0.1946,0.4464,0.40307050943374634,1.5442500114440918,135.8721160888672,CCOC(C)=O,mol_18876b584acc43d4,0.1955,0.5103,0.5446538925170898,1.0181894302368164,277.1756591796875,CS(C)=O,mol_7d3e12eaed0f467c,0.6099,0.043300000000000005,0.0522756390273571,1.1020334959030151,7.878720760345459
state_0b6c26affd5ee756c9f3c90c,3c_2d8df0569d9d03284715,3,ternary_vle_english.xlsx,10.1016/j.fluid.2007.06.005,unverified,0.5,isobaric,0.9807692307692307,isobaric,349.69,349.7159423828125,,,7.62939453125e-05,True,False,48,CC(C)CC(C)(C)C,mol_57615b5c3546c298,0.677,0.397,0.37265443801879883,1.0939161777496338,50.9733772277832,CCC(C)=O,mol_4cfc5db0ca2ab00b,0.244,0.36,0.4014625549316406,1.7988744974136353,92.65399169921875,CCO,mol_f29e20f49d416e54,0.079,0.243,0.22588299214839935,3.063011884689331,94.56219482421875
state_0b86f831c9373a881db3d8e4,3c_6b60b4a3a536506a27ae,3,ternary_vle_english.xlsx,10.1016/j.fluid.2006.08.004,unverified,0.5,isobaric,0.9821428571428571,isobaric,343.88,343.9550476074219,,,0.0002593994140625,True,False,48,CC(C)CC(C)(C)C,mol_57615b5c3546c298,0.354,0.32400000000000007,0.2990376055240631,2.0356431007385254,42.03697967529297,CC(C)OC(C)C,mol_1a0ca8e5eeb68da8,0.05,0.064,0.09964665025472641,1.848168969154358,109.23494720458984,CCO,mol_f29e20f49d416e54,0.596,0.612,0.6013157367706299,1.3657532930374146,74.833251953125
state_0d0bf2d3deb5185de95fdf1b,3c_f6a2de3ac0acbac84e4f,3,ternary_vle_english.xlsx,10.1016/j.fluid.2005.01.007,unverified,0.5,isobaric,0.9818181818181818,isobaric,340.25,340.30780029296875,,,-4.57763671875e-05,True,False,48,CC(C)=O,mol_e04cf77cea7bbe66,0.159,0.494,0.5611453056335449,2.4543561935424805,145.66319274902344,CC(C)CC(C)(C)C,mol_57615b5c3546c298,0.784,0.34299999999999997,0.29473599791526794,1.0276398658752441,37.058292388916016,CCO,mol_f29e20f49d416e54,0.057,0.163,0.14411869645118713,3.9884426593780518,64.21719360351562
state_0eabaf8bbe645ad41478cf1c,3c_2d8df0569d9d03284715,3,ternary_vle_english.xlsx,10.1016/j.fluid.2007.06.005,unverified,0.5,isobaric,0.9807692307692307,isobaric,349.96,349.4405822753906,,,-0.00025177001953125,True,False,48,CC(C)CC(C)(C)C,mol_57615b5c3546c298,0.537,0.362,0.33103886246681213,1.2362195253372192,50.51466369628906,CCC(C)=O,mol_4cfc5db0ca2ab00b,0.42,0.51,0.5629758834838867,1.4786930084228516,91.82710266113281,CCO,mol_f29e20f49d416e54,0.043,0.128,0.10598523169755936,2.669520378112793,93.53023529052734
state_0ef8623473b403c5c32a7f6f,3c_b0299b0750b396fc0e73,3,ternary_vle_english.xlsx,10.1016/j.fluid.2008.09.010,unverified,0.5,isobaric,0.9444444444444444,isobaric,357.62,338.5668640136719,,,8.96453857421875e-05,True,False,48,CC(=O)O,mol_9ac385b135af0125,0.3164,0.1431,0.11074867099523544,0.30831077694892883,15.133745193481445,CS(C)=O,mol_7d3e12eaed0f467c,0.40480000000000005,0.050000000000000044,0.018679866567254066,0.646125853061676,0.9520269632339478,O,mol_e81dc06beaa39499,0.2788,0.8069,0.8705714344978333,1.6323232650756836,25.499902725219727
state_0fc9e1dbb0a48b251104abcf,3c_6b60b4a3a536506a27ae,3,ternary_vle_english.xlsx,10.1016/j.fluid.2006.08.004,unverified,0.5,isobaric,0.9821428571428571,isobaric,344.32,343.64874267578125,,,0.0003204345703125,True,False,48,CC(C)CC(C)(C)C,mol_57615b5c3546c298,0.551,0.33899999999999997,0.29295361042022705,1.2947139739990234,41.5991325378418,CC(C)OC(C)C,mol_1a0ca8e5eeb68da8,0.098,0.106,0.13594800233840942,1.2990612983703613,108.17524719238281,CCO,mol_f29e20f49d416e54,0.351,0.555,0.5710983872413635,2.230679750442505,73.88859558105469
state_123fc6543cacc475df38a592,3c_1a08c4f653f7d812cdc9,3,ternary_vle_english.xlsx,10.1016/j.jct.2019.03.036,unverified,0.5,isobaric,0.972972972972973,isobaric,374.83,377.1045227050781,,,9.1552734375e-05,True,False,48,CCCOC(C)=O,mol_67043ae833ecd0c7,0.0244,0.0564,0.04332677647471428,1.6444288492202759,109.38589477539062,CCOC(C)=O,mol_18876b584acc43d4,0.3735,0.9136,0.9202234745025635,1.0982815027236938,227.2473907470703,CS(C)=O,mol_7d3e12eaed0f467c,0.6021000000000001,0.030000000000000027,0.03644975647330284,1.05059015750885,5.837172031402588
state_15078d5a685c779f3d570706,3c_6b60b4a3a536506a27ae,3,ternary_vle_english.xlsx,10.1016/j.fluid.2006.08.004,unverified,0.5,isobaric,0.9821428571428571,isobaric,347.04,345.2665710449219,,,-0.00055694580078125,True,False,48,CC(C)CC(C)(C)C,mol_57615b5c3546c298,0.66,0.353,0.3013749420642853,1.052430510520935,43.95181655883789,CC(C)OC(C)C,mol_1a0ca8e5eeb68da8,0.196,0.224,0.24896124005317688,1.1300182342529297,113.8668441772461,CCO,mol_f29e20f49d416e54,0.144,0.423,0.44966384768486023,4.004528045654297,78.99166107177734
state_1603995089df57933faee0c9,3c_2d8df0569d9d03284715,3,ternary_vle_english.xlsx,10.1016/j.fluid.2007.06.005,unverified,0.5,isobaric,0.9807692307692307,isobaric,346.11,345.7338562011719,,,1.52587890625e-05,True,False,48,CC(C)CC(C)(C)C,mol_57615b5c3546c298,0.04600000000000004,0.09999999999999998,0.08671291172504425,4.276669979095459,44.65085220336914,CCC(C)=O,mol_4cfc5db0ca2ab00b,0.248,0.276,0.3000496029853821,1.5082193613052368,81.26179504394531,CCO,mol_f29e20f49d416e54,0.706,0.624,0.6132374405860901,1.0927777290344238,80.51960754394531
state_166929e798c7a22dca8110e1,3c_6b60b4a3a536506a27ae,3,ternary_vle_english.xlsx,10.1016/j.fluid.2006.08.004,unverified,0.5,isobaric,0.9821428571428571,isobaric,340.11,337.7352294921875,,,4.57763671875e-05,True,False,48,CC(C)CC(C)(C)C,mol_57615b5c3546c298,0.04600000000000004,0.05499999999999994,0.0443563237786293,2.8865480422973633,33.83985900878906,CC(C)OC(C)C,mol_1a0ca8e5eeb68da8,0.284,0.445,0.4969007670879364,1.985430359840393,89.27015686035156,CCO,mol_f29e20f49d416e54,0.67,0.5,0.4587429463863373,1.2059667110443115,57.51338577270508
state_16cbaf1b818e5d9a2913020e,3c_c1f86c0bca7d787912fb,3,ternary_vle_english.xlsx,10.1016/j.jct.2011.10.025,unverified,0.5,isobaric,0.9807692307692307,isobaric,353.07,351.99322509765625,,,-0.00042724609375,True,False,48,C1CCOCC1,mol_626f3d1f5bbb6f55,0.156,0.125,0.15853899717330933,1.3458203077316284,76.49481964111328,CC(C)CC(C)(C)C,mol_57615b5c3546c298,0.124,0.16300000000000003,0.1495886594057083,2.2260901927948,54.89614486694336,CC(C)O,mol_db030b5de88f8eaf,0.72,0.712,0.6918722987174988,1.0735712051391602,90.67137908935547
state_16e75a16747646bea3a4136d,3c_6e76d885d4575498aef9,3,ternary_vle_english.xlsx,10.1016/j.fluid.2015.08.014,unverified,0.5,isobaric,0.9411764705882353,isobaric,352.35,356.4095458984375,,,6.866455078125e-05,True,False,48,CO,mol_a85d32e4db2ff39c,0.109,0.115,0.30971693992614746,1.4206105470657349,202.61573791503906,COC(C)=O,mol_b9c4464ceb7b1e3f,0.268,0.873,0.6759029626846313,1.0932285785675049,233.6944122314453,CS(C)=O,mol_7d3e12eaed0f467c,0.623,0.01200000000000001,0.01438011322170496,1.0039838552474976,2.32893443107605
state_1a50cdeda342b602fe06ff2c,3c_1a08c4f653f7d812cdc9,3,ternary_vle_english.xlsx,10.1016/j.jct.2019.03.036,unverified,0.5,isobaric,0.972972972972973,isobaric,385.9,382.9608459472656,,,0.0002899169921875,True,False,48,CCCOC(C)=O,mol_67043ae833ecd0c7,0.3285,0.6153,0.5679869055747986,1.3464123010635376,130.08750915527344,CCOC(C)=O,mol_18876b584acc43d4,0.1548,0.3328,0.3866087794303894,0.9498794078826904,266.3440246582031,CS(C)=O,mol_7d3e12eaed0f467c,0.5166999999999999,0.05190000000000006,0.045404255390167236,1.2000041007995605,7.417986869812012
state_1c7fae5449fa9144693eeb6c,3c_1a08c4f653f7d812cdc9,3,ternary_vle_english.xlsx,10.1016/j.jct.2019.03.036,unverified,0.5,isobaric,0.972972972972973,isobaric,388.67999999999995,390.8744201660156,,,0.00016021728515625,True,False,48,CCCOC(C)=O,mol_67043ae833ecd0c7,0.3715,0.8586,0.8438478112220764,1.413507342338562,162.7861328125,CCOC(C)=O,mol_18876b584acc43d4,0.0286,0.0818,0.08614928275346756,0.9328336715698242,327.1083068847656,CS(C)=O,mol_7d3e12eaed0f467c,0.5999,0.059599999999999986,0.0700029581785202,1.167722225189209,10.122973442077637
state_1cbc93e466e44e55b63a8d28,3c_2d8df0569d9d03284715,3,ternary_vle_english.xlsx,10.1016/j.fluid.2007.06.005,unverified,0.5,isobaric,0.9807692307692307,isobaric,344.29,345.738525390625,,,0.000213623046875,True,False,48,CC(C)CC(C)(C)C,mol_57615b5c3546c298,0.21099999999999997,0.2689999999999999,0.2600737512111664,2.7959117889404297,44.65817642211914,CCC(C)=O,mol_4cfc5db0ca2ab00b,0.049,0.058,0.0692923292517662,1.7625665664672852,81.27442932128906,CCO,mol_f29e20f49d416e54,0.74,0.673,0.6706339716911316,1.1399372816085815,80.53472900390625
state_1d5aa29c01fd867a0a314d6e,3c_6e76d885d4575498aef9,3,ternary_vle_english.xlsx,10.1016/j.fluid.2015.08.014,unverified,0.5,isobaric,0.9411764705882353,isobaric,361.64,355.635009765625,,,0.00018310546875,True,False,48,CO,mol_a85d32e4db2ff39c,0.336,0.561,0.7563837766647339,1.156321406364441,197.21258544921875,COC(C)=O,mol_b9c4464ceb7b1e3f,0.077,0.423,0.23028907179832458,1.3260605335235596,228.47015380859375,CS(C)=O,mol_7d3e12eaed0f467c,0.587,0.016000000000000014,0.013327181339263916,1.024497628211975,2.24491286277771
state_1e4c3771b2219df3a0ac973b,3c_6b60b4a3a536506a27ae,3,ternary_vle_english.xlsx,10.1016/j.fluid.2006.08.004,unverified,0.5,isobaric,0.9821428571428571,isobaric,342.03,340.59613037109375,,,3.814697265625e-05,True,False,48,CC(C)CC(C)(C)C,mol_57615b5c3546c298,0.246,0.20999999999999996,0.18346256017684937,2.018164873123169,37.43391799926758,CC(C)OC(C)C,mol_1a0ca8e5eeb68da8,0.193,0.251,0.3114779591560364,1.6673004627227783,98.05409240722656,CCO,mol_f29e20f49d416e54,0.561,0.539,0.505059540271759,1.402891755104065,65.00775909423828
state_2062d650a181ec600e9df3c8,3c_c1f86c0bca7d787912fb,3,ternary_vle_english.xlsx,10.1016/j.jct.2011.10.025,unverified,0.5,isobaric,0.9807692307692307,isobaric,357.41,355.72686767578125,,,0.00011444091796875,True,False,48,C1CCOCC1,mol_626f3d1f5bbb6f55,0.541,0.465,0.4631836712360382,1.006988525390625,86.12741088867188,CC(C)CC(C)(C)C,mol_57615b5c3546c298,0.2729999999999999,0.20599999999999996,0.1949567198753357,1.1697806119918823,61.84164810180664,CC(C)O,mol_db030b5de88f8eaf,0.186,0.329,0.3418596386909485,1.7688156366348267,105.25971984863281
state_20a7425d84b4d067e425e014,3c_c1f86c0bca7d787912fb,3,ternary_vle_english.xlsx,10.1016/j.jct.2011.10.025,unverified,0.5,isobaric,0.9807692307692307,isobaric,353.27,353.1023254394531,,,0.0007781982421875,True,False,48,C1CCOCC1,mol_626f3d1f5bbb6f55,0.054,0.057,0.06729093194007874,1.59268057346344,79.25868225097656,CC(C)CC(C)(C)C,mol_57615b5c3546c298,0.04299999999999993,0.09099999999999997,0.07728485763072968,3.2003207206726074,56.89122009277344,CC(C)O,mol_db030b5de88f8eaf,0.903,0.852,0.8554242253303528,1.0120482444763184,94.82118225097656
state_20ef46c6f7dc3d46cb4c3c13,3c_6e76d885d4575498aef9,3,ternary_vle_english.xlsx,10.1016/j.fluid.2015.08.014,unverified,0.5,isobaric,0.9411764705882353,isobaric,350.95,355.67279052734375,,,0.00031280517578125,True,False,48,CO,mol_a85d32e4db2ff39c,0.097,0.1,0.2744668126106262,1.4515106678009033,197.47341918945312,COC(C)=O,mol_b9c4464ceb7b1e3f,0.292,0.889,0.7118883728981018,1.0797667503356934,228.72303771972656,CS(C)=O,mol_7d3e12eaed0f467c,0.611,0.01100000000000001,0.013644786551594734,1.0059001445770264,2.2489585876464844
state_218964af022bd26bd6f65f77,3c_1a08c4f653f7d812cdc9,3,ternary_vle_english.xlsx,10.1016/j.jct.2019.03.036,unverified,0.5,isobaric,0.972972972972973,isobaric,386.57,384.2958679199219,,,0.0004730224609375,True,False,48,CCCOC(C)=O,mol_67043ae833ecd0c7,0.3719,0.7041,0.6543260216712952,1.3181800842285156,135.208740234375,CCOC(C)=O,mol_18876b584acc43d4,0.117,0.2423,0.29737597703933716,0.9330934286117554,275.93475341796875,CS(C)=O,mol_7d3e12eaed0f467c,0.5111,0.05360000000000009,0.04829803481698036,1.223284363746643,7.8254194259643555
state_225cd67ed29ea188b121d1b2,3c_c1f86c0bca7d787912fb,3,ternary_vle_english.xlsx,10.1016/j.jct.2011.10.025,unverified,0.5,isobaric,0.9807692307692307,isobaric,352.25,351.8406066894531,,,2.288818359375e-05,True,False,48,C1CCOCC1,mol_626f3d1f5bbb6f55,0.157,0.108,0.1436404436826706,1.2175405025482178,76.12077331542969,CC(C)CC(C)(C)C,mol_57615b5c3546c298,0.22199999999999998,0.24,0.21456456184387207,1.7923204898834229,54.62593460083008,CC(C)O,mol_db030b5de88f8eaf,0.621,0.652,0.6417949795722961,1.1617929935455322,90.11260223388672
state_2269bdabcca6fb6a3ef4d24f,3c_c1f86c0bca7d787912fb,3,ternary_vle_english.xlsx,10.1016/j.jct.2011.10.025,unverified,0.5,isobaric,0.9807692307692307,isobaric,354.13,352.3889465332031,,,9.1552734375e-05,True,False,48,C1CCOCC1,mol_626f3d1f5bbb6f55,0.357,0.283,0.3104775547981262,1.137178897857666,77.47169494628906,CC(C)CC(C)(C)C,mol_57615b5c3546c298,0.14,0.13200000000000012,0.12649741768836975,1.6461774110794067,55.601539611816406,CC(C)O,mol_db030b5de88f8eaf,0.503,0.585,0.5630249977111816,1.2306815385818481,92.13482666015625
state_23684155823fadd73a72424e,3c_2d8df0569d9d03284715,3,ternary_vle_english.xlsx,10.1016/j.fluid.2007.06.005,unverified,0.5,isobaric,0.9807692307692307,isobaric,348.15,347.62640380859375,,,4.57763671875e-05,True,False,48,CC(C)CC(C)(C)C,mol_57615b5c3546c298,0.14,0.16499999999999992,0.16395984590053558,2.4937877655029297,47.572898864746094,CCC(C)=O,mol_4cfc5db0ca2ab00b,0.765,0.677,0.6807326078414917,1.0417711734771729,86.52715301513672,CCO,mol_f29e20f49d416e54,0.095,0.158,0.1553076058626175,1.904410719871521,86.95972442626953
state_2427a661f546641e53333be5,3c_2d8df0569d9d03284715,3,ternary_vle_english.xlsx,10.1016/j.fluid.2007.06.005,unverified,0.5,isobaric,0.9807692307692307,isobaric,346.85,346.0397033691406,,,0.0001068115234375,True,False,48,CC(C)CC(C)(C)C,mol_57615b5c3546c298,0.04699999999999993,0.07400000000000007,0.06902336329221725,3.2976367473602295,45.113380432128906,CCC(C)=O,mol_4cfc5db0ca2ab00b,0.653,0.577,0.5684041380882263,1.0740811824798584,82.09503173828125,CCO,mol_f29e20f49d416e54,0.3,0.349,0.3625725209712982,1.5016010999679565,81.53216552734375
state_251da1d605d3345d31b454d6,3c_c1f86c0bca7d787912fb,3,ternary_vle_english.xlsx,10.1016/j.jct.2011.10.025,unverified,0.5,isobaric,0.9807692307692307,isobaric,352.47,353.0273132324219,,,0.00093841552734375,True,False,48,C1CCOCC1,mol_626f3d1f5bbb6f55,0.144,0.086,0.11537691205739975,1.0265086889266968,79.06918334960938,CC(C)CC(C)(C)C,mol_57615b5c3546c298,0.487,0.358,0.34032583236694336,1.2473260164260864,56.75438690185547,CC(C)O,mol_db030b5de88f8eaf,0.369,0.556,0.5442972779273987,1.5806154012680054,94.53595733642578
state_256ba3b1ad7344c83d97babd,3c_c1f86c0bca7d787912fb,3,ternary_vle_english.xlsx,10.1016/j.jct.2011.10.025,unverified,0.5,isobaric,0.9807692307692307,isobaric,352.1,352.115966796875,,,-0.00022125244140625,True,False,48,C1CCOCC1,mol_626f3d1f5bbb6f55,0.154,0.096,0.12905098497867584,1.1053669452667236,76.79670715332031,CC(C)CC(C)(C)C,mol_57615b5c3546c298,0.33999999999999997,0.30000000000000004,0.27355679869651794,1.4788109064102173,55.11431121826172,CC(C)O,mol_db030b5de88f8eaf,0.506,0.604,0.5973922610282898,1.3124653100967407,91.12335968017578
state_26a5cca98fcfd475d4910478,3c_6b60b4a3a536506a27ae,3,ternary_vle_english.xlsx,10.1016/j.fluid.2006.08.004,unverified,0.5,isobaric,0.9649122807017544,isobaric,337.98,336.19921875,,,0.00066375732421875,True,False,48,CC(C)CC(C)(C)C,mol_57615b5c3546c298,0.050000000000000044,0.03200000000000003,0.026903726160526276,1.7018709182739258,32.02787399291992,CC(C)OC(C)C,mol_1a0ca8e5eeb68da8,0.6,0.627,0.6119376420974731,1.2180427312850952,84.82144927978516,CCO,mol_f29e20f49d416e54,0.35,0.341,0.3611586093902588,1.9429974555969238,53.79848098754883
state_27192f54827a1067f1e060a5,3c_6b60b4a3a536506a27ae,3,ternary_vle_english.xlsx,10.1016/j.fluid.2006.08.004,unverified,0.5,isobaric,0.9821428571428571,isobaric,344.49,343.0445556640625,,,0.000457763671875,True,False,48,CC(C)CC(C)(C)C,mol_57615b5c3546c298,0.574,0.30700000000000005,0.2614177465438843,1.1322417259216309,40.746978759765625,CC(C)OC(C)C,mol_1a0ca8e5eeb68da8,0.197,0.21,0.24012134969234467,1.163657546043396,106.10865020751953,CCO,mol_f29e20f49d416e54,0.229,0.483,0.49846091866493225,3.060147285461426,72.05509948730469
state_28b9420bf4f4cbeb75a51d26,3c_6b60b4a3a536506a27ae,3,ternary_vle_english.xlsx,10.1016/j.fluid.2006.08.004,unverified,0.5,isobaric,0.9821428571428571,isobaric,344.57,341.9590759277344,,,0.0,True,False,48,CC(C)CC(C)(C)C,mol_57615b5c3546c298,0.45099999999999996,0.242,0.1918385773897171,1.097802996635437,39.250431060791016,CC(C)OC(C)C,mol_1a0ca8e5eeb68da8,0.406,0.427,0.44752177596092224,1.0896313190460205,102.47502899169922,CCO,mol_f29e20f49d416e54,0.143,0.331,0.3606395721435547,3.710270643234253,68.85591125488281
state_28dd2795731b177962d66825,3c_f6a2de3ac0acbac84e4f,3,ternary_vle_english.xlsx,10.1016/j.fluid.2005.01.007,unverified,0.5,isobaric,0.9818181818181818,isobaric,335.73,335.3133239746094,,,0.0005340576171875,True,False,48,CC(C)=O,mol_e04cf77cea7bbe66,0.285,0.438,0.5038588643074036,1.444470763206482,123.98439025878906,CC(C)CC(C)(C)C,mol_57615b5c3546c298,0.258,0.22899999999999998,0.1791626214981079,2.2678632736206055,31.01862907409668,CCO,mol_f29e20f49d416e54,0.457,0.333,0.3169785439968109,1.3577680587768555,51.74874496459961
state_29826060a95089a04c17d13f,3c_1a08c4f653f7d812cdc9,3,ternary_vle_english.xlsx,10.1016/j.jct.2019.03.036,unverified,0.5,isobaric,0.972972972972973,isobaric,374.80999999999995,377.4588317871094,,,-0.0003662109375,True,False,48,CCCOC(C)=O,mol_67043ae833ecd0c7,0.0472,0.1079,0.08332377672195435,1.617493748664856,110.55852508544922,CCOC(C)=O,mol_18876b584acc43d4,0.358,0.862,0.8798194527626038,1.0848664045333862,229.4785614013672,CS(C)=O,mol_7d3e12eaed0f467c,0.5948,0.030100000000000016,0.03685678169131279,1.0596214532852173,5.923843860626221
state_2a0bb2519f0ee99453eced95,3c_c1f86c0bca7d787912fb,3,ternary_vle_english.xlsx,10.1016/j.jct.2011.10.025,unverified,0.5,isobaric,0.9807692307692307,isobaric,359.56,359.5230712890625,,,-1.52587890625e-05,True,False,48,C1CCOCC1,mol_626f3d1f5bbb6f55,0.352,0.323,0.3425426185131073,1.0171022415161133,96.92073822021484,CC(C)CC(C)(C)C,mol_57615b5c3546c298,0.561,0.42199999999999993,0.3995687663555145,1.0366929769515991,69.5965805053711,CC(C)O,mol_db030b5de88f8eaf,0.087,0.255,0.25788864493370056,2.4614923000335693,121.98991394042969
state_2a31b3729b8a2e35d3aee048,3c_f1332761d3af136f02b5,3,ternary_vle_english.xlsx,10.1016/j.fluid.2014.04.025,unverified,0.5,isobaric,0.9473684210526315,isobaric,421.75,411.9596252441406,,,-1.52587890625e-05,True,False,48,COCCO,mol_d291b272a64498d9,0.3683,0.6022,0.6392908692359924,1.0292500257492065,170.8383026123047,CS(C)=O,mol_7d3e12eaed0f467c,0.5886,0.15800000000000003,0.13346093893051147,1.058866262435913,21.69213104248047,Cc1ccccc1,mol_1c09299644053521,0.0431,0.2398,0.2272482067346573,2.5214173793792725,211.83018493652344
state_2c2d50aa7be5f9e2933899bf,3c_2d8df0569d9d03284715,3,ternary_vle_english.xlsx,10.1016/j.fluid.2007.06.005,unverified,0.5,isobaric,0.9807692307692307,isobaric,344.67,346.1330261230469,,,-0.000335693359375,True,False,48,CC(C)CC(C)(C)C,mol_57615b5c3546c298,0.501,0.33000000000000007,0.32442015409469604,1.4494842290878296,45.254798889160156,CCC(C)=O,mol_4cfc5db0ca2ab00b,0.052,0.061,0.07335088402032852,1.7351751327514648,82.35057830810547,CCO,mol_f29e20f49d416e54,0.447,0.609,0.6022289991378784,1.6675485372543335,81.84339904785156
state_30e0a1a070db1cf6991dab8b,3c_20e37ef734cab2512529,3,ternary_vle_english.xlsx,10.1016/j.fluid.2012.12.020,unverified,0.5,isobaric,0.9230769230769231,isobaric,381.29999999999995,381.90789794921875,,,0.0001678466796875,True,False,48,CC(C)O,mol_db030b5de88f8eaf,0.2184,0.4341,0.5239216685295105,0.8994938135147095,269.3628234863281,CCCCCO,mol_243de2450bee5519,0.21409999999999996,0.25340000000000007,0.06921825557947159,0.9212987422943115,35.44260025024414,CCCCO,mol_ad4ef9c6c876ca2f,0.5675,0.3125,0.4068600535392761,0.9871463775634766,73.35330963134766
state_3177f4632c49c48dcca32925,3c_6b60b4a3a536506a27ae,3,ternary_vle_english.xlsx,10.1016/j.fluid.2006.08.004,unverified,0.5,isobaric,0.9821428571428571,isobaric,343.04,341.8174743652344,,,-8.392333984375e-05,True,False,48,CC(C)CC(C)(C)C,mol_57615b5c3546c298,0.44199999999999995,0.277,0.23085980117321014,1.3546380996704102,39.05816650390625,CC(C)OC(C)C,mol_1a0ca8e5eeb68da8,0.195,0.211,0.2529764771461487,1.2883028984069824,102.00856018066406,CCO,mol_f29e20f49d416e54,0.363,0.512,0.5161637663841248,2.1044259071350098,68.44730377197266
state_33edbc9e64af211140e4b548,3c_2d8df0569d9d03284715,3,ternary_vle_english.xlsx,10.1016/j.fluid.2007.06.005,unverified,0.5,isobaric,0.9622641509433962,isobaric,347.83,346.8155517578125,,,0.00089263916015625,True,False,48,CC(C)CC(C)(C)C,mol_57615b5c3546c298,0.04300000000000004,0.07099999999999995,0.06480217725038528,3.2970454692840576,46.303035736083984,CCC(C)=O,mol_4cfc5db0ca2ab00b,0.74,0.665,0.6397153735160828,1.0395742654800415,84.23892974853516,CCO,mol_f29e20f49d416e54,0.217,0.264,0.29548242688179016,1.6392037868499756,84.14964294433594
state_34f00afa31e9a498b9eb11b8,3c_6b60b4a3a536506a27ae,3,ternary_vle_english.xlsx,10.1016/j.fluid.2006.08.004,unverified,0.5,isobaric,0.9649122807017544,isobaric,337.98,336.31365966796875,,,0.00040435791015625,True,False,48,CC(C)CC(C)(C)C,mol_57615b5c3546c298,0.050000000000000044,0.028000000000000025,0.023905450478196144,1.5059866905212402,32.16006851196289,CC(C)OC(C)C,mol_1a0ca8e5eeb68da8,0.705,0.685,0.6538887619972229,1.1034640073776245,85.14669036865234,CCO,mol_f29e20f49d416e54,0.245,0.287,0.3222058117389679,2.4639835357666016,54.06804656982422
state_350dd06f1550afa0e12df2f0,3c_6b60b4a3a536506a27ae,3,ternary_vle_english.xlsx,10.1016/j.fluid.2006.08.004,unverified,0.5,isobaric,0.9821428571428571,isobaric,341.63,339.1619567871094,,,1.52587890625e-05,True,False,48,CC(C)CC(C)(C)C,mol_57615b5c3546c298,0.04800000000000004,0.07600000000000007,0.05881936475634575,3.4873101711273193,35.595741271972656,CC(C)OC(C)C,mol_1a0ca8e5eeb68da8,0.192,0.356,0.42978912591934204,2.423459053039551,93.56815338134766,CCO,mol_f29e20f49d416e54,0.76,0.568,0.5113914608955383,1.1146025657653809,61.15463638305664
state_37708e806ca072eb73169d4b,3c_2d8df0569d9d03284715,3,ternary_vle_english.xlsx,10.1016/j.fluid.2007.06.005,unverified,0.5,isobaric,0.9807692307692307,isobaric,347.37,347.78179931640625,,,0.00034332275390625,True,False,48,CC(C)CC(C)(C)C,mol_57615b5c3546c298,0.04399999999999993,0.1259999999999999,0.11960022896528244,5.7582197189331055,47.81916046142578,CCC(C)=O,mol_4cfc5db0ca2ab00b,0.047,0.07,0.08479547500610352,2.101398468017578,86.9715805053711,CCO,mol_f29e20f49d416e54,0.909,0.804,0.7956042289733887,1.013213872909546,87.50704193115234
state_384cc4c557944874ea323f47,3c_6b60b4a3a536506a27ae,3,ternary_vle_english.xlsx,10.1016/j.fluid.2006.08.004,unverified,0.5,isobaric,0.9649122807017544,isobaric,344.07,342.4679870605469,,,0.0002288818359375,True,False,48,CC(C)CC(C)(C)C,mol_57615b5c3546c298,0.253,0.127,0.11392860859632492,1.1419435739517212,39.946441650390625,CC(C)OC(C)C,mol_1a0ca8e5eeb68da8,0.701,0.755,0.7408608794212341,1.0277866125106812,104.16603088378906,CCO,mol_f29e20f49d416e54,0.046,0.118,0.14521048963069916,4.546172142028809,70.34037780761719
state_389f060e7dfdc2e3716aa130,3c_c1f86c0bca7d787912fb,3,ternary_vle_english.xlsx,10.1016/j.jct.2011.10.025,unverified,0.5,isobaric,0.9807692307692307,isobaric,351.03,352.1709899902344,,,0.00028228759765625,True,False,48,C1CCOCC1,mol_626f3d1f5bbb6f55,0.048,0.025,0.0394216887652874,1.0814225673675537,76.93238830566406,CC(C)CC(C)(C)C,mol_57615b5c3546c298,0.46499999999999997,0.374,0.35256022214889526,1.3910973072052002,55.212005615234375,CC(C)O,mol_db030b5de88f8eaf,0.487,0.601,0.6080180406570435,1.3848403692245483,91.32685089111328
state_3c4a75f98390219539d17239,3c_f6a2de3ac0acbac84e4f,3,ternary_vle_english.xlsx,10.1016/j.fluid.2005.01.007,unverified,0.5,isobaric,0.9818181818181818,isobaric,340.8,340.95166015625,,,6.866455078125e-05,True,False,48,CC(C)=O,mol_e04cf77cea7bbe66,0.097,0.177,0.25052088499069214,1.7598639726638794,148.66297912597656,CC(C)CC(C)(C)C,mol_57615b5c3546c298,0.25,0.28600000000000003,0.23709595203399658,2.5347843170166016,37.90119171142578,CCO,mol_f29e20f49d416e54,0.653,0.537,0.5123831033706665,1.2044535875320435,65.99352264404297
state_3c71a71f2c3d0f5909741546,3c_485aadc678c8a7fb274c,3,ternary_vle_english.xlsx,10.1016/j.fluid.2011.05.011,unverified,0.5,isothermal,0.9655172413793104,isothermal,,,32.79,35.562530517578125,-3.814697265625e-06,True,False,48,CC(=O)CC(C)C,mol_0a895444a9f0f36b,0.26169999999999993,0.2613,0.26442599296569824,1.365057110786438,26.323410034179688,CC(C)CC(C)(C)C,mol_57615b5c3546c298,0.0301,0.1482,0.10066846758127213,2.4570226669311523,48.40725326538086,CC(C)CO,mol_015d21fca05fcd26,0.7082,0.5905,0.6349055767059326,1.053599238395691,30.260101318359375
state_3f7f4380b2efabeeef044467,3c_485aadc678c8a7fb274c,3,ternary_vle_english.xlsx,10.1016/j.fluid.2011.05.011,unverified,0.5,isothermal,0.967741935483871,isothermal,,,52.87000000000001,56.714393615722656,-3.814697265625e-06,True,False,48,CC(=O)CC(C)C,mol_0a895444a9f0f36b,0.7903,0.7071000000000001,0.6637850999832153,1.0232226848602295,46.554176330566406,CC(C)CC(C)(C)C,mol_57615b5c3546c298,0.0142,0.0476,0.04224814102053642,2.1076035499572754,80.06147766113281,CC(C)CO,mol_015d21fca05fcd26,0.1955,0.2453,0.29396679997444153,1.488571286201477,57.28951644897461
state_400ad386f312493af6126ddc,3c_485aadc678c8a7fb274c,3,ternary_vle_english.xlsx,10.1016/j.fluid.2011.05.011,unverified,0.5,isothermal,0.967741935483871,isothermal,,,95.62,90.96037292480469,7.62939453125e-06,True,False,48,CC(=O)CC(C)C,mol_0a895444a9f0f36b,0.11099999999999999,0.0697000000000001,0.08112344145774841,1.427963137626648,46.554176330566406,CC(C)CC(C)(C)C,mol_57615b5c3546c298,0.6403,0.6564,0.6509144902229309,1.154965877532959,80.06147766113281,CC(C)CO,mol_015d21fca05fcd26,0.2487,0.2739,0.2679620385169983,1.7107030153274536,57.28951644897461
state_40a26696f205f2009de7756e,3c_93c3339e467773a7c208,3,ternary_vle_english.xlsx,10.1016/j.fluid.2005.05.024,unverified,0.5,isothermal,0.9782608695652174,isothermal,,,68.03,66.73133850097656,0.0,True,False,48,CC(=O)CC(C)C,mol_0a895444a9f0f36b,0.4638,0.14690000000000003,0.13999336957931519,1.0503740310668945,19.17620086669922,CC(C)O,mol_db030b5de88f8eaf,0.1474,0.1965,0.2065412998199463,1.7148170471191406,54.528236389160156,CC(C)OC(C)C,mol_1a0ca8e5eeb68da8,0.3888,0.6566,0.6534652709960938,1.1662468910217285,96.16911315917969
state_424a772fc193d49efc5b7df9,3c_93c3339e467773a7c208,3,ternary_vle_english.xlsx,10.1016/j.fluid.2005.05.024,unverified,0.5,isothermal,0.9782608695652174,isothermal,,,20.9,21.274173736572266,-1.9073486328125e-06,True,False,48,CC(=O)CC(C)C,mol_0a895444a9f0f36b,0.9756,0.9027000000000001,0.8797345161437988,1.0003913640975952,19.17620086669922,CC(C)O,mol_db030b5de88f8eaf,0.0227,0.0869,0.10976903885602951,1.8866233825683594,54.528236389160156,CC(C)OC(C)C,mol_1a0ca8e5eeb68da8,0.0017,0.0104,0.010496391914784908,1.3658661842346191,96.16911315917969
state_44311b27801cd2f6486250d4,3c_485aadc678c8a7fb274c,3,ternary_vle_english.xlsx,10.1016/j.fluid.2011.05.011,unverified,0.5,isothermal,0.967741935483871,isothermal,,,82.6,81.76451110839844,0.0,True,False,48,CC(=O)CC(C)C,mol_0a895444a9f0f36b,0.42210000000000003,0.2653000000000001,0.2818697392940521,1.1728414297103882,46.554176330566406,CC(C)CC(C)(C)C,mol_57615b5c3546c298,0.4017,0.5486,0.5227283835411072,1.328971028327942,80.06147766113281,CC(C)CO,mol_015d21fca05fcd26,0.1762,0.1861,0.19540190696716309,1.582750916481018,57.28951644897461
state_457c76ded7f46af6ddea04d6,3c_93c3339e467773a7c208,3,ternary_vle_english.xlsx,10.1016/j.fluid.2005.05.024,unverified,0.5,isothermal,0.9782608695652174,isothermal,,,40.910000000000004,38.91954803466797,0.0,True,False,48,CC(=O)CC(C)C,mol_0a895444a9f0f36b,0.6049,0.20279999999999998,0.20287580788135529,1.0317838191986084,12.651026725769043,CC(C)O,mol_db030b5de88f8eaf,0.0738,0.1177,0.12488429248332977,1.9156923294067383,34.37902069091797,CC(C)OC(C)C,mol_1a0ca8e5eeb68da8,0.3213,0.6795,0.6722399592399597,1.1863360404968262,68.6394271850586
state_48506880b4119ef936e214c3,3c_93c3339e467773a7c208,3,ternary_vle_english.xlsx,10.1016/j.fluid.2005.05.024,unverified,0.5,isothermal,0.9782608695652174,isothermal,,,36.42999999999999,35.76634216308594,0.0,True,False,48,CC(=O)CC(C)C,mol_0a895444a9f0f36b,0.8327,0.4556,0.44858884811401367,1.00478196144104,19.17620086669922,CC(C)O,mol_db030b5de88f8eaf,0.0536,0.1394,0.15239927172660828,1.8649672269821167,54.528236389160156,CC(C)OC(C)C,mol_1a0ca8e5eeb68da8,0.1137,0.405,0.39901190996170044,1.3051615953445435,96.16911315917969
state_48f813d12f42355f24789c44,3c_485aadc678c8a7fb274c,3,ternary_vle_english.xlsx,10.1016/j.fluid.2011.05.011,unverified,0.5,isothermal,0.9642857142857143,isothermal,,,27.650000000000002,26.710163116455078,0.0,True,False,48,CC(=O)CC(C)C,mol_0a895444a9f0f36b,0.11199999999999999,0.07790000000000008,0.08465540409088135,1.3951116800308228,14.47118854522705,CC(C)CC(C)(C)C,mol_57615b5c3546c298,0.2349,0.5877,0.49297717213630676,1.9557914733886719,28.661426544189453,CC(C)CO,mol_015d21fca05fcd26,0.6531,0.3344,0.4223674237728119,1.0979381799697876,15.732921600341797
state_491589430336c6b49bad7fb1,3c_93c3339e467773a7c208,3,ternary_vle_english.xlsx,10.1016/j.fluid.2005.05.024,unverified,0.5,isothermal,0.9782608695652174,isothermal,,,48.70000000000001,47.14948272705078,-3.814697265625e-06,True,False,48,CC(=O)CC(C)C,mol_0a895444a9f0f36b,0.7107,0.29410000000000003,0.293606162071228,1.0157649517059326,19.17620086669922,CC(C)O,mol_db030b5de88f8eaf,0.0558,0.1112,0.12265647202730179,1.9006918668746948,54.528236389160156,CC(C)OC(C)C,mol_1a0ca8e5eeb68da8,0.2335,0.5947,0.583737313747406,1.2256652116775513,96.16911315917969
state_4925469878263d5366ef3bb4,3c_485aadc678c8a7fb274c,3,ternary_vle_english.xlsx,10.1016/j.fluid.2011.05.011,unverified,0.5,isothermal,0.9642857142857143,isothermal,,,32.589999999999996,31.35848617553711,-1.9073486328125e-06,True,False,48,CC(=O)CC(C)C,mol_0a895444a9f0f36b,0.037800000000000056,0.029900000000000038,0.03413379192352295,1.9567874670028687,14.47118854522705,CC(C)CC(C)(C)C,mol_57615b5c3546c298,0.8601,0.8017,0.8190270066261292,1.0418531894683838,28.661426544189453,CC(C)CO,mol_015d21fca05fcd26,0.1021,0.1684,0.1468392163515091,2.8665664196014404,15.732921600341797
state_49467c336169ec39dd6d7d12,3c_28e3b8df482e382b0f63,3,ternary_vle_english.xlsx,10.1016/j.fluid.2012.11.026,unverified,0.5,isothermal,0.9411764705882353,isothermal,,,155.27099999999996,148.38623046875,1.52587890625e-05,True,False,48,CCO,mol_f29e20f49d416e54,0.735,0.764,0.8236208558082581,1.0539997816085815,157.7586212158203,CCOC(=O)OCC,mol_4df2781fcf4d4a77,0.146,0.084,0.057446613907814026,1.985031008720398,29.412904739379883,O,mol_e81dc06beaa39499,0.119,0.152,0.11893255263566971,2.1158287525177,70.09174346923828
state_49f6d28ea734cf73284b5bd2,3c_485aadc678c8a7fb274c,3,ternary_vle_english.xlsx,10.1016/j.fluid.2011.05.011,unverified,0.5,isothermal,0.9655172413793104,isothermal,,,46.589999999999996,45.533485412597656,0.0,True,False,48,CC(=O)CC(C)C,mol_0a895444a9f0f36b,0.24849999999999994,0.16290000000000004,0.18306607007980347,1.274295687675476,26.323410034179688,CC(C)CC(C)(C)C,mol_57615b5c3546c298,0.2063,0.4777,0.4028494656085968,1.8368089199066162,48.40725326538086,CC(C)CO,mol_015d21fca05fcd26,0.5452,0.3594,0.41408443450927734,1.1428614854812622,30.260101318359375
state_4af2c5ee2b0c87bbebd18465,3c_93c3339e467773a7c208,3,ternary_vle_english.xlsx,10.1016/j.fluid.2005.05.024,unverified,0.5,isothermal,0.9782608695652174,isothermal,,,79.60999999999999,79.09527587890625,0.0,True,False,48,CC(=O)CC(C)C,mol_0a895444a9f0f36b,0.2188,0.06909999999999994,0.06110542267560959,1.1519149541854858,19.17620086669922,CC(C)O,mol_db030b5de88f8eaf,0.4452,0.3779,0.38868558406829834,1.2664042711257935,54.528236389160156,CC(C)OC(C)C,mol_1a0ca8e5eeb68da8,0.336,0.553,0.5502089262008667,1.346800684928894,96.16911315917969
state_4d8d826137aee8dde61da3c0,3c_93c3339e467773a7c208,3,ternary_vle_english.xlsx,10.1016/j.fluid.2005.05.024,unverified,0.5,isothermal,0.9782608695652174,isothermal,,,65.19,63.72838592529297,0.0,True,False,48,CC(=O)CC(C)C,mol_0a895444a9f0f36b,0.41700000000000004,0.14060000000000006,0.13801173865795135,1.0998926162719727,19.17620086669922,CC(C)O,mol_db030b5de88f8eaf,0.3615,0.3917,0.4112869203090668,1.32968270778656,54.528236389160156,CC(C)OC(C)C,mol_1a0ca8e5eeb68da8,0.2215,0.4677,0.45070135593414307,1.3483803272247314,96.16911315917969
state_4eca22eea4745bad1d447582,3c_485aadc678c8a7fb274c,3,ternary_vle_english.xlsx,10.1016/j.fluid.2011.05.011,unverified,0.5,isothermal,0.9642857142857143,isothermal,,,19.63999999999999,20.821937561035156,-1.9073486328125e-06,True,False,48,CC(=O)CC(C)C,mol_0a895444a9f0f36b,0.7821,0.5698000000000001,0.5540656447410583,1.0193324089050293,14.47118854522705,CC(C)CC(C)(C)C,mol_57615b5c3546c298,0.1186,0.3314,0.3298083543777466,2.0202274322509766,28.661426544189453,CC(C)CO,mol_015d21fca05fcd26,0.0993,0.0988,0.11612598598003387,1.5477181673049927,15.732921600341797
state_50f55345ab78491856e98b9d,3c_485aadc678c8a7fb274c,3,ternary_vle_english.xlsx,10.1016/j.fluid.2011.05.011,unverified,0.5,isothermal,0.9655172413793104,isothermal,,,30.909999999999993,34.298126220703125,-3.814697265625e-06,True,False,48,CC(=O)CC(C)C,mol_0a895444a9f0f36b,0.3601,0.36350000000000005,0.3503231406211853,1.2675755023956299,26.323410034179688,CC(C)CC(C)(C)C,mol_57615b5c3546c298,0.0139,0.0699,0.04716648533940315,2.4042444229125977,48.40725326538086,CC(C)CO,mol_015d21fca05fcd26,0.626,0.5666,0.602510392665863,1.0909130573272705,30.260101318359375
state_53318d1245ac24a5df2699ed,3c_93c3339e467773a7c208,3,ternary_vle_english.xlsx,10.1016/j.fluid.2005.05.024,unverified,0.5,isothermal,0.9782608695652174,isothermal,,,82.68,82.79875183105469,0.0,True,False,48,CC(=O)CC(C)C,mol_0a895444a9f0f36b,0.08909999999999996,0.03069999999999995,0.026719026267528534,1.2948042154312134,19.17620086669922,CC(C)O,mol_db030b5de88f8eaf,0.6362,0.4585,0.4672476053237915,1.1152076721191406,54.528236389160156,CC(C)OC(C)C,mol_1a0ca8e5eeb68da8,0.2747,0.5108,0.5060334205627441,1.5860202312469482,96.16911315917969
state_5396e8e00d547475ddeb5986,3c_485aadc678c8a7fb274c,3,ternary_vle_english.xlsx,10.1016/j.fluid.2011.05.011,unverified,0.5,isothermal,0.9642857142857143,isothermal,,,30.029999999999994,29.644981384277344,-1.9073486328125e-06,True,False,48,CC(=O)CC(C)C,mol_0a895444a9f0f36b,0.27760000000000007,0.18189999999999995,0.19098086655139923,1.409345269203186,14.47118854522705,CC(C)CC(C)(C)C,mol_57615b5c3546c298,0.6372,0.7144,0.7137136459350586,1.1585147380828857,28.661426544189453,CC(C)CO,mol_015d21fca05fcd26,0.0852,0.1037,0.09530548751354218,2.107754945755005,15.732921600341797
state_58dfe7adb40203bb5443d129,3c_93c3339e467773a7c208,3,ternary_vle_english.xlsx,10.1016/j.fluid.2005.05.024,unverified,0.5,isothermal,0.9782608695652174,isothermal,,,52.11,51.610687255859375,0.0,True,False,48,CC(=O)CC(C)C,mol_0a895444a9f0f36b,0.5147999999999999,0.2188,0.2118828445672989,1.1077309846878052,19.17620086669922,CC(C)O,mol_db030b5de88f8eaf,0.3906,0.5109,0.5319300293922424,1.2889631986618042,54.528236389160156,CC(C)OC(C)C,mol_1a0ca8e5eeb68da8,0.0946,0.2703,0.2561871111392975,1.4533498287200928,96.16911315917969
state_59d490b6e588fcab2d772409,3c_485aadc678c8a7fb274c,3,ternary_vle_english.xlsx,10.1016/j.fluid.2011.05.011,unverified,0.5,isothermal,0.967741935483871,isothermal,,,84.56000000000002,84.17559814453125,-7.62939453125e-06,True,False,48,CC(=O)CC(C)C,mol_0a895444a9f0f36b,0.11380000000000001,0.07109999999999972,0.08805304765701294,1.399038553237915,46.554176330566406,CC(C)CC(C)(C)C,mol_57615b5c3546c298,0.261,0.4944000000000001,0.436517596244812,1.7584247589111328,80.06147766113281,CC(C)CO,mol_015d21fca05fcd26,0.6252,0.4345000000000001,0.47542935609817505,1.117321252822876,57.28951644897461
state_5b182c282463c6de418dc1f4,3c_28e3b8df482e382b0f63,3,ternary_vle_english.xlsx,10.1016/j.fluid.2012.11.026,unverified,0.5,isothermal,0.9411764705882353,isothermal,,,108.91,101.27911376953125,-7.62939453125e-06,True,False,48,CCO,mol_f29e20f49d416e54,0.73,0.7619,0.8231441378593445,1.0549468994140625,108.25357818603516,CCOC(=O)OCC,mol_4df2781fcf4d4a77,0.1521,0.0755,0.0607210174202919,2.031562566757202,19.90212631225586,O,mol_e81dc06beaa39499,0.1179,0.1626,0.11613483726978302,2.1061060428619385,47.36835861206055
state_5dca3c657c390dfa57dd3e72,3c_485aadc678c8a7fb274c,3,ternary_vle_english.xlsx,10.1016/j.fluid.2011.05.011,unverified,0.5,isothermal,0.9655172413793104,isothermal,,,28.370000000000008,32.25102233886719,0.0,True,False,48,CC(=O)CC(C)C,mol_0a895444a9f0f36b,0.11480000000000001,0.15239999999999998,0.15094614028930664,1.610947847366333,26.323410034179688,CC(C)CC(C)(C)C,mol_57615b5c3546c298,0.0033,0.0231,0.014541632495820522,2.9358391761779785,48.40725326538086,CC(C)CO,mol_015d21fca05fcd26,0.8819,0.8245,0.8345122933387756,1.0085245370864868,30.260101318359375
state_600e217fb68bab45a44efce8,3c_93c3339e467773a7c208,3,ternary_vle_english.xlsx,10.1016/j.fluid.2005.05.024,unverified,0.5,isothermal,0.9782608695652174,isothermal,,,41.15,39.943016052246094,0.0,True,False,48,CC(=O)CC(C)C,mol_0a895444a9f0f36b,0.7916000000000001,0.388,0.38309741020202637,1.0080491304397583,19.17620086669922,CC(C)O,mol_db030b5de88f8eaf,0.0422,0.0992,0.11055109649896622,1.918977975845337,54.528236389160156,CC(C)OC(C)C,mol_1a0ca8e5eeb68da8,0.1662,0.5128,0.5063515305519104,1.2653955221176147,96.16911315917969
state_60ea3a9fbbc5d53433c3e893,3c_485aadc678c8a7fb274c,3,ternary_vle_english.xlsx,10.1016/j.fluid.2011.05.011,unverified,0.5,isothermal,0.9642857142857143,isothermal,,,18.36,19.72417449951172,0.0,True,False,48,CC(=O)CC(C)C,mol_0a895444a9f0f36b,0.09089999999999998,0.10750000000000004,0.10271601378917694,1.5401709079742432,14.47118854522705,CC(C)CC(C)(C)C,mol_57615b5c3546c298,0.0487,0.3013,0.20328792929649353,2.8726561069488525,28.661426544189453,CC(C)CO,mol_015d21fca05fcd26,0.8604,0.5912,0.6939961314201355,1.0112210512161255,15.732921600341797
state_61e4e6a95b22c7da64c05a0f,3c_93c3339e467773a7c208,3,ternary_vle_english.xlsx,10.1016/j.fluid.2005.05.024,unverified,0.5,isothermal,0.9574468085106383,isothermal,,,90.2,88.72608947753906,-7.62939453125e-06,True,False,48,CC(=O)CC(C)C,mol_0a895444a9f0f36b,0.17470000000000008,0.05169999999999997,0.04281657189130783,1.133985996246338,19.17620086669922,CC(C)O,mol_db030b5de88f8eaf,0.1334,0.1562,0.16132880747318268,1.9678226709365845,54.528236389160156,CC(C)OC(C)C,mol_1a0ca8e5eeb68da8,0.6919,0.7921,0.7958545684814453,1.0612215995788574,96.16911315917969
state_622d15c12bc457f333dd866b,3c_93c3339e467773a7c208,3,ternary_vle_english.xlsx,10.1016/j.fluid.2005.05.024,unverified,0.5,isothermal,0.9782608695652174,isothermal,,,85.45,84.99247741699219,-7.62939453125e-06,True,False,48,CC(=O)CC(C)C,mol_0a895444a9f0f36b,0.14529999999999998,0.04499999999999993,0.03836699202656746,1.1703344583511353,19.17620086669922,CC(C)O,mol_db030b5de88f8eaf,0.4751,0.3734,0.3812597990036011,1.2508203983306885,54.528236389160156,CC(C)OC(C)C,mol_1a0ca8e5eeb68da8,0.3796,0.5816,0.5803731679916382,1.3512197732925415,96.16911315917969
state_648367a2f0058ce388ac7b04,3c_485aadc678c8a7fb274c,3,ternary_vle_english.xlsx,10.1016/j.fluid.2011.05.011,unverified,0.5,isothermal,0.967741935483871,isothermal,,,54.64,58.44538879394531,0.0,True,False,48,CC(=O)CC(C)C,mol_0a895444a9f0f36b,0.02300000000000002,0.028400000000000092,0.03405129536986351,1.8586492538452148,46.554176330566406,CC(C)CC(C)(C)C,mol_57615b5c3546c298,0.0024,0.0156,0.010174605995416641,3.0948028564453125,80.06147766113281,CC(C)CO,mol_015d21fca05fcd26,0.9746,0.956,0.9557740688323975,1.00046968460083,57.28951644897461
state_64fd1147ee20c0b99fc46c17,3c_485aadc678c8a7fb274c,3,ternary_vle_english.xlsx,10.1016/j.fluid.2011.05.011,unverified,0.5,isothermal,0.9642857142857143,isothermal,,,32.96999999999999,31.705745697021484,0.0,True,False,48,CC(=O)CC(C)C,mol_0a895444a9f0f36b,0.03280000000000005,0.023500000000000076,0.023925986140966415,1.59819495677948,14.47118854522705,CC(C)CC(C)(C)C,mol_57615b5c3546c298,0.6797,0.7464,0.7275117039680481,1.184030532836914,28.661426544189453,CC(C)CO,mol_015d21fca05fcd26,0.2875,0.2301,0.248562291264534,1.7423121929168701,15.732921600341797
state_65ef909ff460b59ece9271a8,3c_485aadc678c8a7fb274c,3,ternary_vle_english.xlsx,10.1016/j.fluid.2011.05.011,unverified,0.5,isothermal,0.9642857142857143,isothermal,,,12.75,15.966482162475586,0.0,True,False,48,CC(=O)CC(C)C,mol_0a895444a9f0f36b,0.023800000000000043,0.04589999999999994,0.03576279804110527,1.6579045057296753,14.47118854522705,CC(C)CC(C)(C)C,mol_57615b5c3546c298,0.0004,0.005,0.002451010048389435,3.41347336769104,28.661426544189453,CC(C)CO,mol_015d21fca05fcd26,0.9758,0.9491,0.9617862105369568,1.0002708435058594,15.732921600341797
state_664e0e605ffd8aedc01c44e2,3c_485aadc678c8a7fb274c,3,ternary_vle_english.xlsx,10.1016/j.fluid.2011.05.011,unverified,0.5,isothermal,0.9655172413793104,isothermal,,,29.459999999999997,31.44754409790039,0.0,True,False,48,CC(=O)CC(C)C,mol_0a895444a9f0f36b,0.7877000000000001,0.7137,0.674360454082489,1.0227649211883545,26.323410034179688,CC(C)CC(C)(C)C,mol_57615b5c3546c298,0.0132,0.0515,0.04580044373869896,2.254094123840332,48.40725326538086,CC(C)CO,mol_015d21fca05fcd26,0.1991,0.2348,0.2798391580581665,1.46067476272583,30.260101318359375
state_6ce8f1db021cd9f3db23565a,3c_485aadc678c8a7fb274c,3,ternary_vle_english.xlsx,10.1016/j.fluid.2011.05.011,unverified,0.5,isothermal,0.9655172413793104,isothermal,,,49.41,48.998313903808594,0.0,True,False,48,CC(=O)CC(C)C,mol_0a895444a9f0f36b,0.37839999999999996,0.25039999999999996,0.26010286808013916,1.2794785499572754,26.323410034179688,CC(C)CC(C)(C)C,mol_57615b5c3546c298,0.5484,0.6578,0.6527683734893799,1.204848289489746,48.40725326538086,CC(C)CO,mol_015d21fca05fcd26,0.0732,0.0918,0.08712872117757797,1.9273518323898315,30.260101318359375
state_6d69c57e44d820cd6d2fa28f,3c_93c3339e467773a7c208,3,ternary_vle_english.xlsx,10.1016/j.fluid.2005.05.024,unverified,0.5,isothermal,0.9782608695652174,isothermal,,,16.46,16.06948471069336,0.0,True,False,48,CC(=O)CC(C)C,mol_0a895444a9f0f36b,0.9334,0.7384999999999999,0.7367864847183228,1.002651572227478,12.651026725769043,CC(C)O,mol_db030b5de88f8eaf,0.0605,0.224,0.22802700102329254,1.7617299556732178,34.37902069091797,CC(C)OC(C)C,mol_1a0ca8e5eeb68da8,0.0061,0.03750000000000001,0.03518649563193321,1.3504374027252197,68.6394271850586
state_72ec84f90848f7979e4a39d3,3c_485aadc678c8a7fb274c,3,ternary_vle_english.xlsx,10.1016/j.fluid.2011.05.011,unverified,0.5,isothermal,0.967741935483871,isothermal,,,68.76,68.8316650390625,0.0,True,False,48,CC(=O)CC(C)C,mol_0a895444a9f0f36b,0.04249999999999998,0.038000000000000034,0.04888167977333069,1.7005398273468018,46.554176330566406,CC(C)CC(C)(C)C,mol_57615b5c3546c298,0.0683,0.2717,0.20281821489334106,2.5530006885528564,80.06147766113281,CC(C)CO,mol_015d21fca05fcd26,0.8892,0.6903,0.7483000755310059,1.0110892057418823,57.28951644897461
state_737e01b5aa93bbbc66646d0b,3c_93c3339e467773a7c208,3,ternary_vle_english.xlsx,10.1016/j.fluid.2005.05.024,unverified,0.5,isothermal,0.9782608695652174,isothermal,,,53.31,50.66471862792969,0.0,True,False,48,CC(=O)CC(C)C,mol_0a895444a9f0f36b,0.38360000000000005,0.10159999999999991,0.10303113609552383,1.075646996498108,12.651026725769043,CC(C)O,mol_db030b5de88f8eaf,0.1712,0.1922,0.19878238439559937,1.711142659187317,34.37902069091797,CC(C)OC(C)C,mol_1a0ca8e5eeb68da8,0.4452,0.7062,0.698186457157135,1.157572627067566,68.6394271850586
state_7660b2aca5d907cd390c170b,3c_93c3339e467773a7c208,3,ternary_vle_english.xlsx,10.1016/j.fluid.2005.05.024,unverified,0.5,isothermal,0.9782608695652174,isothermal,,,19.709999999999997,19.072608947753906,0.0,True,False,48,CC(=O)CC(C)C,mol_0a895444a9f0f36b,0.8701,0.5878,0.5825666189193726,1.0093940496444702,12.651026725769043,CC(C)O,mol_db030b5de88f8eaf,0.1153,0.3361,0.3443642258644104,1.6569344997406006,34.37902069091797,CC(C)OC(C)C,mol_1a0ca8e5eeb68da8,0.0146,0.0761,0.07306911051273346,1.390648603439331,68.6394271850586
state_76cb2b64dea1b4062e88ec18,3c_28e3b8df482e382b0f63,3,ternary_vle_english.xlsx,10.1016/j.fluid.2012.11.026,unverified,0.5,isothermal,0.9411764705882353,isothermal,,,100.45,76.69290161132812,0.0,True,False,48,CCO,mol_f29e20f49d416e54,0.25140000000000007,0.38039999999999996,0.5537775158882141,1.5605690479278564,108.25357818603516,CCOC(=O)OCC,mol_4df2781fcf4d4a77,0.5005,0.1756,0.1568974107503891,1.2080012559890747,19.90212631225586,O,mol_e81dc06beaa39499,0.2481,0.444,0.2893250286579132,1.8881046772003174,47.36835861206055
state_77cf7bb8170c9af7d2a04b44,3c_485aadc678c8a7fb274c,3,ternary_vle_english.xlsx,10.1016/j.fluid.2011.05.011,unverified,0.5,isothermal,0.9655172413793104,isothermal,,,36.10999999999999,37.101295471191406,0.0,True,False,48,CC(=O)CC(C)C,mol_0a895444a9f0f36b,0.04139999999999999,0.04290000000000005,0.04918255656957626,1.674394130706787,26.323410034179688,CC(C)CC(C)(C)C,mol_57615b5c3546c298,0.0594,0.3026,0.21168221533298492,2.7313449382781982,48.40725326538086,CC(C)CO,mol_015d21fca05fcd26,0.8992,0.6545,0.7391352653503418,1.0078277587890625,30.260101318359375
state_7836c5e25386a8b02789d480,3c_93c3339e467773a7c208,3,ternary_vle_english.xlsx,10.1016/j.fluid.2005.05.024,unverified,0.5,isothermal,0.9782608695652174,isothermal,,,26.329999999999995,24.702938079833984,0.0,True,False,48,CC(=O)CC(C)C,mol_0a895444a9f0f36b,0.7357,0.3951,0.39043331146240234,1.0362604856491089,12.651026725769043,CC(C)O,mol_db030b5de88f8eaf,0.2301,0.4568,0.47202032804489136,1.4740056991577148,34.37902069091797,CC(C)OC(C)C,mol_1a0ca8e5eeb68da8,0.0342,0.1481,0.13754640519618988,1.4474316835403442,68.6394271850586
state_79a84cb846c5dd7ba3396bdf,3c_93c3339e467773a7c208,3,ternary_vle_english.xlsx,10.1016/j.fluid.2005.05.024,unverified,0.5,isothermal,0.9782608695652174,isothermal,,,24.409999999999997,23.612262725830078,-1.9073486328125e-06,True,False,48,CC(=O)CC(C)C,mol_0a895444a9f0f36b,0.8397,0.4568000000000001,0.451781690120697,1.0041909217834473,12.651026725769043,CC(C)O,mol_db030b5de88f8eaf,0.0538,0.1367,0.14590223133563995,1.86261785030365,34.37902069091797,CC(C)OC(C)C,mol_1a0ca8e5eeb68da8,0.1065,0.4065,0.40231606364250183,1.299516201019287,68.6394271850586
state_79d011202340bd02d3b87a61,3c_28e3b8df482e382b0f63,3,ternary_vle_english.xlsx,10.1016/j.fluid.2012.11.026,unverified,0.5,isothermal,0.9411764705882353,isothermal,,,134.63399999999993,122.0601806640625,0.0,True,False,48,CCO,mol_f29e20f49d416e54,0.4475,0.687,0.7870864272117615,1.3608500957489014,157.7586212158203,CCOC(=O)OCC,mol_4df2781fcf4d4a77,0.5042,0.188,0.14908169209957123,1.227036714553833,29.412904739379883,O,mol_e81dc06beaa39499,0.0483,0.125,0.06383185088634491,2.3014280796051025,70.09174346923828
state_7a34c8f7b75839393d1f6860,3c_93c3339e467773a7c208,3,ternary_vle_english.xlsx,10.1016/j.fluid.2005.05.024,unverified,0.5,isothermal,0.9782608695652174,isothermal,,,34.27,34.348350524902344,-3.814697265625e-06,True,False,48,CC(=O)CC(C)C,mol_0a895444a9f0f36b,0.8193,0.47429999999999994,0.4629345238208771,1.0120917558670044,19.17620086669922,CC(C)O,mol_db030b5de88f8eaf,0.1314,0.3284,0.3461313545703888,1.659319281578064,54.528236389160156,CC(C)OC(C)C,mol_1a0ca8e5eeb68da8,0.0493,0.1973,0.19093412160873413,1.3832696676254272,96.16911315917969
state_7b8f148afa226df256d7d102,3c_93c3339e467773a7c208,3,ternary_vle_english.xlsx,10.1016/j.fluid.2005.05.024,unverified,0.5,isothermal,0.9782608695652174,isothermal,,,34.65,34.602760314941406,0.0,True,False,48,CC(=O)CC(C)C,mol_0a895444a9f0f36b,0.7955,0.47240000000000004,0.4501274526119232,1.021041750907898,19.17620086669922,CC(C)O,mol_db030b5de88f8eaf,0.1753,0.4089,0.43480464816093445,1.573988437652588,54.528236389160156,CC(C)OC(C)C,mol_1a0ca8e5eeb68da8,0.0292,0.1187,0.11506785452365875,1.4179022312164307,96.16911315917969
state_7d602d34f594651a93f6d25c,3c_93c3339e467773a7c208,3,ternary_vle_english.xlsx,10.1016/j.fluid.2005.05.024,unverified,0.5,isothermal,0.9782608695652174,isothermal,,,51.22999999999999,49.79872131347656,0.0,True,False,48,CC(=O)CC(C)C,mol_0a895444a9f0f36b,0.6748000000000001,0.2694,0.2646940052509308,1.0186492204666138,19.17620086669922,CC(C)O,mol_db030b5de88f8eaf,0.0959,0.1753,0.18737591803073883,1.7843989133834839,54.528236389160156,CC(C)OC(C)C,mol_1a0ca8e5eeb68da8,0.2293,0.5553,0.5479300022125244,1.2373814582824707,96.16911315917969
state_7e19435ef57ee3c133869aa2,3c_485aadc678c8a7fb274c,3,ternary_vle_english.xlsx,10.1016/j.fluid.2011.05.011,unverified,0.5,isothermal,0.9655172413793104,isothermal,,,51.430000000000014,48.727272033691406,-3.814697265625e-06,True,False,48,CC(=O)CC(C)C,mol_0a895444a9f0f36b,0.03979999999999995,0.026000000000000023,0.03199787810444832,1.4882230758666992,26.323410034179688,CC(C)CC(C)(C)C,mol_57615b5c3546c298,0.265,0.5749,0.4978933334350586,1.8912638425827026,48.40725326538086,CC(C)CO,mol_015d21fca05fcd26,0.6952,0.3991,0.4701087772846222,1.088905692100525,30.260101318359375
state_3cef14ffb0da07bf163c7562,3c_1a08c4f653f7d812cdc9,3,ternary_vle_english.xlsx,10.1016/j.jct.2019.03.036,unverified,0.5,isobaric,0.972972972972973,isobaric,389.89,391.6370544433594,,,0.000701904296875,True,False,48,CCCOC(C)=O,mol_67043ae833ecd0c7,0.3838,0.8982,0.8876944184303284,1.4093462228775024,166.24679565429688,CCOC(C)=O,mol_18876b584acc43d4,0.013,0.0395,0.039682526141405106,0.927261471748352,333.47723388671875,CS(C)=O,mol_7d3e12eaed0f467c,0.6032,0.06230000000000002,0.07262299954891205,1.170128345489502,10.422977447509766
state_3ded118352385538ea1a3811,3c_f1332761d3af136f02b5,3,ternary_vle_english.xlsx,10.1016/j.fluid.2014.04.025,unverified,0.5,isobaric,0.9473684210526315,isobaric,385.71,385.31805419921875,,,0.000213623046875,True,False,48,COCCO,mol_d291b272a64498d9,0.6339,0.4867,0.49337825179100037,1.0563150644302368,74.64077758789062,CS(C)=O,mol_7d3e12eaed0f467c,0.09860000000000002,0.005099999999999993,0.009353390894830227,1.1790640354156494,8.150141716003418,Cc1ccccc1,mol_1c09299644053521,0.2675,0.5082,0.49726834893226624,1.7817734479904175,105.68780517578125
state_3e2cceed97471bc199d2843d,3c_b0299b0750b396fc0e73,3,ternary_vle_english.xlsx,10.1016/j.fluid.2008.09.010,unverified,0.5,isobaric,0.9444444444444444,isobaric,368.55,342.9258117675781,,,4.9591064453125e-05,True,False,48,CC(=O)O,mol_9ac385b135af0125,0.3213,0.1966,0.11587943881750107,0.2646080553531647,18.16872215270996,CS(C)=O,mol_7d3e12eaed0f467c,0.4749,0.07650000000000001,0.02926008775830269,0.6866717338562012,1.196068525314331,O,mol_e81dc06beaa39499,0.2038,0.7269,0.8548604846000671,1.810680627822876,30.880260467529297
state_3e53b24517d90abb2c49ffa4,3c_20e37ef734cab2512529,3,ternary_vle_english.xlsx,10.1016/j.fluid.2012.12.020,unverified,0.5,isobaric,0.9230769230769231,isobaric,375.71,376.1752624511719,,,0.0003814697265625,True,False,48,CC(C)O,mol_db030b5de88f8eaf,0.3031,0.5264,0.6140461564064026,0.9195029735565186,222.52816772460938,CCCCCO,mol_243de2450bee5519,0.04800000000000004,0.16910000000000003,0.011683031916618347,0.8761074542999268,28.059499740600586,CCCCO,mol_ad4ef9c6c876ca2f,0.6489,0.3045,0.37427085638046265,0.9899343848228455,58.84707260131836
state_3f0ac9d6424b4a30e2ada120,3c_f6a2de3ac0acbac84e4f,3,ternary_vle_english.xlsx,10.1016/j.fluid.2005.01.007,unverified,0.5,isobaric,0.9818181818181818,isobaric,337.79,337.4918518066406,,,6.103515625e-05,True,False,48,CC(C)=O,mol_e04cf77cea7bbe66,0.182,0.346,0.422921359539032,1.7685507535934448,133.10072326660156,CC(C)CC(C)(C)C,mol_57615b5c3546c298,0.47,0.28400000000000003,0.2278422862291336,1.4638235569000244,33.54729080200195,CCO,mol_f29e20f49d416e54,0.348,0.37,0.34923627972602844,1.7863044738769531,56.9107551574707
state_3f28d76b094e5e4d86f8c7bc,3c_2d8df0569d9d03284715,3,ternary_vle_english.xlsx,10.1016/j.fluid.2007.06.005,unverified,0.5,isobaric,0.9622641509433962,isobaric,347.83,347.3791198730469,,,0.00023651123046875,True,False,48,CC(C)CC(C)(C)C,mol_57615b5c3546c298,0.238,0.22299999999999998,0.2203601896762848,1.9878569841384888,47.18256378173828,CCC(C)=O,mol_4cfc5db0ca2ab00b,0.669,0.613,0.6239727139472961,1.1008809804916382,85.82415771484375,CCO,mol_f29e20f49d416e54,0.093,0.164,0.15566711127758026,1.969465970993042,86.0946044921875
state_3fb3c26f8db7275066f38a53,3c_b0299b0750b396fc0e73,3,ternary_vle_english.xlsx,10.1016/j.fluid.2008.09.010,unverified,0.5,isobaric,0.9444444444444444,isobaric,363.7,340.75579833984375,,,-3.910064697265625e-05,True,False,48,CC(=O)O,mol_9ac385b135af0125,0.3193,0.1523,0.11259754747152328,0.2831827700138092,16.59938621520996,CS(C)=O,mol_7d3e12eaed0f467c,0.44310000000000005,0.07940000000000003,0.023735975846648216,0.668286144733429,1.068493127822876,O,mol_e81dc06beaa39499,0.2376,0.7683,0.8636664748191833,1.7247850894927979,28.092700958251953
state_41061de539420171d0e21035,3c_f1332761d3af136f02b5,3,ternary_vle_english.xlsx,10.1016/j.fluid.2014.04.025,unverified,0.5,isobaric,0.9473684210526315,isobaric,411.62,403.7603454589844,,,1.52587890625e-05,True,False,48,COCCO,mol_d291b272a64498d9,0.3604,0.4449,0.4963775873184204,1.0415281057357788,133.9571533203125,CS(C)=O,mol_7d3e12eaed0f467c,0.5312,0.1049,0.09126293659210205,1.0674597024917603,16.30400848388672,Cc1ccccc1,mol_1c09299644053521,0.1084,0.4502,0.4123595058917999,2.2280824184417725,172.95176696777344
state_42e1164836ff877f98f1890d,3c_c1f86c0bca7d787912fb,3,ternary_vle_english.xlsx,10.1016/j.jct.2011.10.025,unverified,0.5,isobaric,0.9807692307692307,isobaric,357.65,355.1463928222656,,,-4.57763671875e-05,True,False,48,C1CCOCC1,mol_626f3d1f5bbb6f55,0.743,0.678,0.6369902491569519,1.0269505977630615,84.56754302978516,CC(C)CC(C)(C)C,mol_57615b5c3546c298,0.050000000000000044,0.03699999999999992,0.03809109330177307,1.2709922790527344,60.71832275390625,CC(C)O,mol_db030b5de88f8eaf,0.207,0.285,0.32491862773895264,1.5456407070159912,102.87384033203125
state_433188ea744917acef3a53c0,3c_1a08c4f653f7d812cdc9,3,ternary_vle_english.xlsx,10.1016/j.jct.2019.03.036,unverified,0.5,isobaric,0.972972972972973,isobaric,386.29999999999995,383.7322998046875,,,0.0008544921875,True,False,48,CCCOC(C)=O,mol_67043ae833ecd0c7,0.3567,0.6712,0.621404230594635,1.3266009092330933,133.02825927734375,CCOC(C)=O,mol_18876b584acc43d4,0.1316,0.276,0.33160433173179626,0.9389437437057495,271.8553161621094,CS(C)=O,mol_7d3e12eaed0f467c,0.5117,0.05279999999999996,0.04699138179421425,1.2158730030059814,7.651167869567871
state_4418aa111fb42b0e25d57c60,3c_20e37ef734cab2512529,3,ternary_vle_english.xlsx,10.1016/j.fluid.2012.12.020,unverified,0.5,isobaric,0.9230769230769231,isobaric,401.16999999999996,406.0555114746094,,,0.0002593994140625,True,False,48,CC(C)O,mol_db030b5de88f8eaf,0.0216,0.2429,0.09989316016435623,0.837918221950531,557.446044921875,CCCCCO,mol_243de2450bee5519,0.8748,0.4024,0.7434566617012024,0.9983499646186829,85.97784423828125,CCCCO,mol_ad4ef9c6c876ca2f,0.1036,0.3547,0.15665021538734436,0.9017660021781921,169.35572814941406
state_44a075e153ee4eef726eb5b1,3c_6b60b4a3a536506a27ae,3,ternary_vle_english.xlsx,10.1016/j.fluid.2006.08.004,unverified,0.5,isobaric,0.9821428571428571,isobaric,343.41,342.8513488769531,,,-0.0001068115234375,True,False,48,CC(C)CC(C)(C)C,mol_57615b5c3546c298,0.348,0.29800000000000004,0.263068825006485,1.8918629884719849,40.477108001708984,CC(C)OC(C)C,mol_1a0ca8e5eeb68da8,0.097,0.115,0.1714169830083847,1.6975611448287964,105.45463562011719,CCO,mol_f29e20f49d416e54,0.555,0.587,0.5655141472816467,1.4441007375717163,71.47628784179688
state_454f6fde4b0795e7ccbb1593,3c_f6a2de3ac0acbac84e4f,3,ternary_vle_english.xlsx,10.1016/j.fluid.2005.01.007,unverified,0.5,isobaric,0.9818181818181818,isobaric,338.35,337.7369384765625,,,1.52587890625e-05,True,False,48,CC(C)=O,mol_e04cf77cea7bbe66,0.189,0.314,0.3970179855823517,1.5861278772354126,134.15896606445312,CC(C)CC(C)(C)C,mol_57615b5c3546c298,0.2569999999999999,0.261,0.2027433067560196,2.3613975048065186,33.841827392578125,CCO,mol_f29e20f49d416e54,0.554,0.425,0.4002387523651123,1.2723801136016846,57.51776885986328
state_476bf1c22f7fed21710c787a,3c_2d8df0569d9d03284715,3,ternary_vle_english.xlsx,10.1016/j.fluid.2007.06.005,unverified,0.5,isobaric,0.9807692307692307,isobaric,346.02,345.7183837890625,,,0.000213623046875,True,False,48,CC(C)CC(C)(C)C,mol_57615b5c3546c298,0.2230000000000001,0.16199999999999992,0.20216414332389832,2.057811737060547,44.627647399902344,CCC(C)=O,mol_4cfc5db0ca2ab00b,0.565,0.507,0.5100141167640686,1.1258511543273926,81.22003173828125,CCO,mol_f29e20f49d416e54,0.212,0.331,0.2878217101097107,1.7091174125671387,80.46855163574219
state_48db36a50b1bc5c30393d2ce,3c_f6a2de3ac0acbac84e4f,3,ternary_vle_english.xlsx,10.1016/j.fluid.2005.01.007,unverified,0.5,isobaric,0.9818181818181818,isobaric,333.86,332.772705078125,,,0.0018157958984375,True,False,48,CC(C)=O,mol_e04cf77cea7bbe66,0.493,0.636,0.6710683107376099,1.2097089290618896,113.98722076416016,CC(C)CC(C)(C)C,mol_57615b5c3546c298,0.050999999999999934,0.08099999999999996,0.0617416575551033,4.338811874389648,28.265361785888672,CCO,mol_f29e20f49d416e54,0.456,0.283,0.2671900987625122,1.2839102745056152,46.231510162353516
state_49872cac53b642db86e2adb7,3c_1a08c4f653f7d812cdc9,3,ternary_vle_english.xlsx,10.1016/j.jct.2019.03.036,unverified,0.5,isobaric,0.972972972972973,isobaric,377.53,375.5545654296875,,,-0.0001373291015625,True,False,48,CCCOC(C)=O,mol_67043ae833ecd0c7,0.1588,0.2314,0.23217818140983582,1.4191402196884155,104.36490631103516,CCOC(C)=O,mol_18876b584acc43d4,0.3381,0.7354,0.7370420694351196,1.0144702196121216,217.6790771484375,CS(C)=O,mol_7d3e12eaed0f467c,0.5031,0.033199999999999896,0.030779793858528137,1.1328786611557007,5.4706244468688965
state_49abbe5268147ff968b13a06,3c_2d8df0569d9d03284715,3,ternary_vle_english.xlsx,10.1016/j.fluid.2007.06.005,unverified,0.5,isobaric,0.9807692307692307,isobaric,344.32,345.7987060546875,,,-9.918212890625e-05,True,False,48,CC(C)CC(C)(C)C,mol_57615b5c3546c298,0.4029999999999999,0.31800000000000006,0.30439692735671997,1.7098734378814697,44.74868392944336,CCC(C)=O,mol_4cfc5db0ca2ab00b,0.052,0.059,0.07130026072263718,1.7055662870407104,81.4382095336914,CCO,mol_f29e20f49d416e54,0.545,0.623,0.624302864074707,1.4373255968093872,80.73329162597656
state_49e2270e2f469000d66476c0,3c_1a08c4f653f7d812cdc9,3,ternary_vle_english.xlsx,10.1016/j.jct.2019.03.036,unverified,0.5,isobaric,0.972972972972973,isobaric,370.22,371.5037536621094,,,-0.00016021728515625,True,False,48,CCCOC(C)=O,mol_67043ae833ecd0c7,0.0392,0.0433,0.05298331752419472,1.4866992235183716,92.0955581665039,CCOC(C)=O,mol_18876b584acc43d4,0.4534,0.9347,0.9220412969589233,1.0611340999603271,194.13656616210938,CS(C)=O,mol_7d3e12eaed0f467c,0.5074,0.02200000000000002,0.024975335225462914,1.0829328298568726,4.6043477058410645
state_4a18d3d885b0523b5bd20a8e,3c_6b60b4a3a536506a27ae,3,ternary_vle_english.xlsx,10.1016/j.fluid.2006.08.004,unverified,0.5,isobaric,0.9821428571428571,isobaric,344.16,341.96453857421875,,,-0.0002593994140625,True,False,48,CC(C)CC(C)(C)C,mol_57615b5c3546c298,0.04500000000000004,0.10099999999999998,0.07983740419149399,4.578004360198975,39.25780487060547,CC(C)OC(C)C,mol_1a0ca8e5eeb68da8,0.095,0.221,0.31004199385643005,3.2256038188934326,102.49300384521484,CCO,mol_f29e20f49d416e54,0.86,0.678,0.6101205945014954,1.0434869527816772,68.87134552001953
state_4a8607814fd5c5af07ce0403,3c_1a08c4f653f7d812cdc9,3,ternary_vle_english.xlsx,10.1016/j.jct.2019.03.036,unverified,0.5,isobaric,0.972972972972973,isobaric,385.64,388.24530029296875,,,-0.0002288818359375,True,False,48,CCCOC(C)=O,mol_67043ae833ecd0c7,0.307,0.6984,0.667343020439148,1.4555344581604004,151.28529357910156,CCOC(C)=O,mol_18876b584acc43d4,0.0931,0.2501,0.27066391706466675,0.9628716707229614,305.858642578125,CS(C)=O,mol_7d3e12eaed0f467c,0.5999,0.05149999999999999,0.06199301779270172,1.144796371459961,9.144166946411133
state_4aee04a1009956309a49204c,3c_f1332761d3af136f02b5,3,ternary_vle_english.xlsx,10.1016/j.fluid.2014.04.025,unverified,0.5,isobaric,0.9473684210526315,isobaric,387.12,386.40789794921875,,,9.1552734375e-05,True,False,48,COCCO,mol_d291b272a64498d9,0.4234,0.3291,0.3717680275440216,1.1494003534317017,77.3855209350586,CS(C)=O,mol_7d3e12eaed0f467c,0.2057,0.013600000000000056,0.021328123286366463,1.2343907356262207,8.508941650390625,Cc1ccccc1,mol_1c09299644053521,0.3709,0.6573,0.6069038510322571,1.5210788249969482,108.97357177734375
state_4b297433ff73be5438e4c760,3c_1a08c4f653f7d812cdc9,3,ternary_vle_english.xlsx,10.1016/j.jct.2019.03.036,unverified,0.5,isobaric,0.972972972972973,isobaric,383.16999999999996,386.1630859375,,,7.62939453125e-05,True,False,48,CCCOC(C)=O,mol_67043ae833ecd0c7,0.2570000000000001,0.5758,0.5382828712463379,1.4875190258026123,142.63453674316406,CCOC(C)=O,mol_18876b584acc43d4,0.1437,0.3778,0.4054963290691376,0.9864059090614319,289.7905578613281,CS(C)=O,mol_7d3e12eaed0f467c,0.5992999999999999,0.0464,0.05622084438800812,1.12766695022583,8.427175521850586
state_4b6e11898ac137f1472910c1,3c_f6a2de3ac0acbac84e4f,3,ternary_vle_english.xlsx,10.1016/j.fluid.2005.01.007,unverified,0.5,isobaric,0.9818181818181818,isobaric,344.83,346.31658935546875,,,-0.00054168701171875,True,False,48,CC(C)=O,mol_e04cf77cea7bbe66,0.041,0.122,0.1755053848028183,2.4693543910980225,175.60232543945312,CC(C)CC(C)(C)C,mol_57615b5c3546c298,0.7949999999999999,0.4119999999999999,0.37538254261016846,1.0504393577575684,45.534767150878906,CCO,mol_f29e20f49d416e54,0.164,0.466,0.4491119980812073,3.364212989807129,82.45832061767578
state_4c29ffcaafffdf4032c4d01b,3c_6b60b4a3a536506a27ae,3,ternary_vle_english.xlsx,10.1016/j.fluid.2006.08.004,unverified,0.5,isobaric,0.9821428571428571,isobaric,343.83,343.6690673828125,,,9.918212890625e-05,True,False,48,CC(C)CC(C)(C)C,mol_57615b5c3546c298,0.248,0.29200000000000004,0.2692672610282898,2.6421360969543457,41.62810134887695,CC(C)OC(C)C,mol_1a0ca8e5eeb68da8,0.05,0.075,0.11974319815635681,2.2412052154541016,108.24531555175781,CCO,mol_f29e20f49d416e54,0.702,0.633,0.610989511013031,1.1922357082366943,73.95105743408203
state_4c61d18fe1fbb0058ab83e50,3c_2d8df0569d9d03284715,3,ternary_vle_english.xlsx,10.1016/j.fluid.2007.06.005,unverified,0.5,isobaric,0.9807692307692307,isobaric,345.79,345.6259460449219,,,0.00043487548828125,True,False,48,CC(C)CC(C)(C)C,mol_57615b5c3546c298,0.29600000000000004,0.236,0.2315972000360489,1.7815628051757812,44.48890686035156,CCC(C)=O,mol_4cfc5db0ca2ab00b,0.484,0.442,0.46227312088012695,1.1949267387390137,80.9698486328125,CCO,mol_f29e20f49d416e54,0.22,0.322,0.30612966418266296,1.758375883102417,80.16455078125
state_4d5aaa98295d7845acc5f642,3c_2d8df0569d9d03284715,3,ternary_vle_english.xlsx,10.1016/j.fluid.2007.06.005,unverified,0.5,isobaric,0.9807692307692307,isobaric,344.19,345.67315673828125,,,0.000335693359375,True,False,48,CC(C)CC(C)(C)C,mol_57615b5c3546c298,0.30799999999999994,0.2909999999999999,0.28480517864227295,2.102158784866333,44.559730529785156,CCC(C)=O,mol_4cfc5db0ca2ab00b,0.05,0.058,0.06844594329595566,1.7099441289901733,81.09735870361328,CCO,mol_f29e20f49d416e54,0.642,0.651,0.6467489004135132,1.270548701286316,80.3193588256836
state_4d703e5e52af1cc2c3cce92d,3c_f6a2de3ac0acbac84e4f,3,ternary_vle_english.xlsx,10.1016/j.fluid.2005.01.007,unverified,0.5,isobaric,0.9818181818181818,isobaric,343.19,343.4129333496094,,,1.52587890625e-05,True,False,48,CC(C)=O,mol_e04cf77cea7bbe66,0.051,0.118,0.15535447001457214,1.921587347984314,160.58425903320312,CC(C)CC(C)(C)C,mol_57615b5c3546c298,0.1429999999999999,0.254,0.21966303884983063,3.770944118499756,41.26485824584961,CCO,mol_f29e20f49d416e54,0.806,0.628,0.624982476234436,1.0735417604446411,73.16836547851562
state_4dc4b855df29320844bacc1f,3c_1a08c4f653f7d812cdc9,3,ternary_vle_english.xlsx,10.1016/j.jct.2019.03.036,unverified,0.5,isobaric,0.972972972972973,isobaric,385.60999999999996,382.5276794433594,,,0.000213623046875,True,False,48,CCCOC(C)=O,mol_67043ae833ecd0c7,0.3142,0.5855,0.5402694940567017,1.3559743165969849,128.45858764648438,CCOC(C)=O,mol_18876b584acc43d4,0.1672,0.3634,0.4152263402938843,0.9554976224899292,263.2869873046875,CS(C)=O,mol_7d3e12eaed0f467c,0.5186000000000001,0.05109999999999992,0.04450419545173645,1.1925264596939087,7.289719104766846
state_4f0cdedd3418905bccead8bf,3c_6e76d885d4575498aef9,3,ternary_vle_english.xlsx,10.1016/j.fluid.2015.08.014,unverified,0.5,isobaric,0.9411764705882353,isobaric,349.41,357.62774658203125,,,-0.000213623046875,True,False,48,CO,mol_a85d32e4db2ff39c,0.029,0.028,0.09614919871091843,1.589050054550171,211.35797119140625,COC(C)=O,mol_b9c4464ceb7b1e3f,0.36,0.961,0.8886627554893494,1.032891869544983,242.09629821777344,CS(C)=O,mol_7d3e12eaed0f467c,0.611,0.01100000000000001,0.015188069082796574,1.0208810567855835,2.4665775299072266
state_4f4a24cdaf3c04a32c40fe0f,3c_6b60b4a3a536506a27ae,3,ternary_vle_english.xlsx,10.1016/j.fluid.2006.08.004,unverified,0.5,isobaric,0.9821428571428571,isobaric,340.54,338.6652526855469,,,0.000396728515625,True,False,48,CC(C)CC(C)(C)C,mol_57615b5c3546c298,0.14700000000000002,0.127,0.11100645363330841,2.187087059020996,34.976470947265625,CC(C)OC(C)C,mol_1a0ca8e5eeb68da8,0.286,0.386,0.4301777482032776,1.6552071571350098,92.05358123779297,CCO,mol_f29e20f49d416e54,0.567,0.487,0.4588157534599304,1.3692654371261597,59.86579895019531
state_506a8bf1180c15b9de081b79,3c_f6a2de3ac0acbac84e4f,3,ternary_vle_english.xlsx,10.1016/j.fluid.2005.01.007,unverified,0.5,isobaric,0.9818181818181818,isobaric,337.93,337.9959411621094,,,3.0517578125e-05,True,False,48,CC(C)=O,mol_e04cf77cea7bbe66,0.171,0.409,0.5041260123252869,2.207524299621582,135.28419494628906,CC(C)CC(C)(C)C,mol_57615b5c3546c298,0.693,0.30800000000000005,0.2543542683124542,1.0885672569274902,34.15545654296875,CCO,mol_f29e20f49d416e54,0.136,0.283,0.2415197789669037,3.0928592681884766,58.165199279785156
state_50eee4908cb65919a20eb970,3c_6b60b4a3a536506a27ae,3,ternary_vle_english.xlsx,10.1016/j.fluid.2006.08.004,unverified,0.5,isobaric,0.9821428571428571,isobaric,342.34,340.9797058105469,,,0.00032806396484375,True,False,48,CC(C)CC(C)(C)C,mol_57615b5c3546c298,0.15399999999999991,0.07500000000000007,0.07012929767370224,1.215941309928894,37.93822479248047,CC(C)OC(C)C,mol_1a0ca8e5eeb68da8,0.798,0.821,0.7923358082771301,1.0130788087844849,99.28280639648438,CCO,mol_f29e20f49d416e54,0.048,0.104,0.13753490149974823,4.3930230140686035,66.0722427368164
state_518c09cda8e89375b1b4d1c9,3c_b0299b0750b396fc0e73,3,ternary_vle_english.xlsx,10.1016/j.fluid.2008.09.010,unverified,0.5,isobaric,0.9444444444444444,isobaric,362.15,341.55548095703125,,,9.72747802734375e-05,True,False,48,CC(=O)O,mol_9ac385b135af0125,0.3215,0.1712,0.11443227529525757,0.27642956376075745,17.163915634155273,CS(C)=O,mol_7d3e12eaed0f467c,0.4547,0.0796,0.025596294552087784,0.6735659241676331,1.1140516996383667,O,mol_e81dc06beaa39499,0.2238,0.7492,0.8599714636802673,1.7605594396591187,29.09421157836914
state_51f3f97af222d1bc8e74091d,3c_f6a2de3ac0acbac84e4f,3,ternary_vle_english.xlsx,10.1016/j.fluid.2005.01.007,unverified,0.5,isobaric,0.9818181818181818,isobaric,332.45,331.553466796875,,,-6.103515625e-05,True,False,48,CC(C)=O,mol_e04cf77cea7bbe66,0.596,0.705,0.7252399921417236,1.1265121698379517,109.42304229736328,CC(C)CC(C)(C)C,mol_57615b5c3546c298,0.052000000000000046,0.07700000000000007,0.05955779552459717,4.294590950012207,27.016098022460938,CCO,mol_f29e20f49d416e54,0.352,0.218,0.21520227193832397,1.4150972366333008,43.765018463134766
state_52db4be3a7bedb445c323419,3c_1a08c4f653f7d812cdc9,3,ternary_vle_english.xlsx,10.1016/j.jct.2019.03.036,unverified,0.5,isobaric,0.972972972972973,isobaric,387.14,387.4526672363281,,,-0.00026702880859375,True,False,48,CCCOC(C)=O,mol_67043ae833ecd0c7,0.4649,0.8843,0.8580911755561829,1.2638050317764282,147.94561767578125,CCOC(C)=O,mol_18876b584acc43d4,0.0323,0.0605,0.08586287498474121,0.8986218571662903,299.66375732421875,CS(C)=O,mol_7d3e12eaed0f467c,0.5028,0.05520000000000003,0.05604597181081772,1.2736824750900269,8.865357398986816
state_52e54b8f1887db57081d3545,3c_f6a2de3ac0acbac84e4f,3,ternary_vle_english.xlsx,10.1016/j.fluid.2005.01.007,unverified,0.5,isobaric,0.9818181818181818,isobaric,335.51,334.2438049316406,,,0.00103759765625,True,False,48,CC(C)=O,mol_e04cf77cea7bbe66,0.391,0.569,0.6108545064926147,1.322209119796753,119.69467163085938,CC(C)CC(C)(C)C,mol_57615b5c3546c298,0.050999999999999934,0.09000000000000008,0.06692630052566528,4.455759048461914,29.834505081176758,CCO,mol_f29e20f49d416e54,0.558,0.341,0.3222191333770752,1.1850463151931763,49.36233139038086
state_534bf920880b56de0c94afa0,3c_6e76d885d4575498aef9,3,ternary_vle_english.xlsx,10.1016/j.fluid.2015.08.014,unverified,0.5,isobaric,0.9411764705882353,isobaric,351.93,354.9486999511719,,,6.103515625e-05,True,False,48,CO,mol_a85d32e4db2ff39c,0.148,0.164,0.38475632667541504,1.3678785562515259,192.52459716796875,COC(C)=O,mol_b9c4464ceb7b1e3f,0.243,0.824,0.6021660566329956,1.1210697889328003,223.9169921875,CS(C)=O,mol_7d3e12eaed0f467c,0.609,0.01200000000000001,0.013077610172331333,1.001206398010254,2.17268705368042
state_538334574459b0ba6b62d696,3c_c1f86c0bca7d787912fb,3,ternary_vle_english.xlsx,10.1016/j.jct.2011.10.025,unverified,0.5,isobaric,0.9807692307692307,isobaric,354.44,352.3648376464844,,,0.00054931640625,True,False,48,C1CCOCC1,mol_626f3d1f5bbb6f55,0.251,0.225,0.2606078088283539,1.3586838245391846,77.41179656982422,CC(C)CC(C)(C)C,mol_57615b5c3546c298,0.049000000000000044,0.06000000000000005,0.06394767761230469,2.379518985748291,55.55860137939453,CC(C)O,mol_db030b5de88f8eaf,0.7,0.715,0.675444483757019,1.061939001083374,92.0457763671875
state_543e86178e73d0f1911ba3a6,3c_c1f86c0bca7d787912fb,3,ternary_vle_english.xlsx,10.1016/j.jct.2011.10.025,unverified,0.5,isobaric,0.9807692307692307,isobaric,358.87,357.8218078613281,,,0.0002899169921875,True,False,48,C1CCOCC1,mol_626f3d1f5bbb6f55,0.745,0.706,0.6767956018447876,1.0007829666137695,91.95430755615234,CC(C)CC(C)(C)C,mol_57615b5c3546c298,0.15900000000000003,0.119,0.11798474937677383,1.138378620147705,66.03173828125,CC(C)O,mol_db030b5de88f8eaf,0.096,0.175,0.2052195966243744,1.895487666130066,114.24504089355469
state_56282fd9584047b74f0e48e6,3c_6b60b4a3a536506a27ae,3,ternary_vle_english.xlsx,10.1016/j.fluid.2006.08.004,unverified,0.5,isobaric,0.9821428571428571,isobaric,344.5,344.44915771484375,,,-0.00016021728515625,True,False,48,CC(C)CC(C)(C)C,mol_57615b5c3546c298,0.5549999999999999,0.362,0.32084861397743225,1.3698656558990479,42.75018310546875,CC(C)OC(C)C,mol_1a0ca8e5eeb68da8,0.051,0.056,0.07682690024375916,1.375235676765442,110.96212768554688,CCO,mol_f29e20f49d416e54,0.394,0.582,0.6023244261741638,2.027564764022827,76.37800598144531
state_586e2f7d4de1e8a3917f563f,3c_f6a2de3ac0acbac84e4f,3,ternary_vle_english.xlsx,10.1016/j.fluid.2005.01.007,unverified,0.5,isobaric,0.9818181818181818,isobaric,341.44,341.4309997558594,,,0.0003662109375,True,False,48,CC(C)=O,mol_e04cf77cea7bbe66,0.093,0.192,0.2508090138435364,1.8100910186767578,150.9283447265625,CC(C)CC(C)(C)C,mol_57615b5c3546c298,0.14200000000000002,0.242,0.1966845989227295,3.640812635421753,38.538490295410156,CCO,mol_f29e20f49d416e54,0.765,0.566,0.5525063872337341,1.0864155292510986,67.34276580810547
state_5884bff2349d586e59c99edc,3c_b0299b0750b396fc0e73,3,ternary_vle_english.xlsx,10.1016/j.fluid.2008.09.010,unverified,0.5,isobaric,0.9444444444444444,isobaric,369.4,343.3716125488281,,,4.291534423828125e-05,True,False,48,CC(=O)O,mol_9ac385b135af0125,0.3237,0.2085,0.11795946955680847,0.2624877393245697,18.50600242614746,CS(C)=O,mol_7d3e12eaed0f467c,0.47950000000000004,0.07950000000000002,0.03025992400944233,0.6873471736907959,1.2238681316375732,O,mol_e81dc06beaa39499,0.1968,0.712,0.8517805933952332,1.8326795101165771,31.480939865112305
state_5acdd49d6ba42d5ea2faff61,3c_6b60b4a3a536506a27ae,3,ternary_vle_english.xlsx,10.1016/j.fluid.2006.08.004,unverified,0.5,isobaric,0.9821428571428571,isobaric,345.29,344.9123840332031,,,0.0001678466796875,True,False,48,CC(C)CC(C)(C)C,mol_57615b5c3546c298,0.661,0.382,0.3340928554534912,1.1789746284484863,43.42816162109375,CC(C)OC(C)C,mol_1a0ca8e5eeb68da8,0.051,0.055,0.07038776576519012,1.2416387796401978,112.60091400146484,CCO,mol_f29e20f49d416e54,0.288,0.563,0.5955194234848022,2.690621852874756,77.85041809082031
state_5ae01bcdbb8cc14e96b9d422,3c_b0299b0750b396fc0e73,3,ternary_vle_english.xlsx,10.1016/j.fluid.2008.09.010,unverified,0.5,isobaric,0.9444444444444444,isobaric,387.84,362.4624938964844,,,0.0002613067626953125,True,False,48,CC(=O)O,mol_9ac385b135af0125,0.2616,0.2199,0.13109010457992554,0.17220903933048248,38.7895622253418,CS(C)=O,mol_7d3e12eaed0f467c,0.6694,0.41889999999999994,0.13090673089027405,0.8450998663902283,3.0846571922302246,O,mol_e81dc06beaa39499,0.069,0.3612,0.7380031943321228,2.0880227088928223,68.28300476074219
state_5ca0dbace2a90b4597ee61a7,3c_6b60b4a3a536506a27ae,3,ternary_vle_english.xlsx,10.1016/j.fluid.2006.08.004,unverified,0.5,isobaric,0.9649122807017544,isobaric,344.07,344.2103271484375,,,6.103515625e-05,True,False,48,CC(C)CC(C)(C)C,mol_57615b5c3546c298,0.45499999999999996,0.3420000000000001,0.3119281232357025,1.6377383470535278,42.40414810180664,CC(C)OC(C)C,mol_1a0ca8e5eeb68da8,0.051,0.059,0.08703270554542542,1.5697765350341797,110.12455749511719,CCO,mol_f29e20f49d416e54,0.494,0.599,0.6010391116142273,1.629685878753662,75.62782287597656
state_5dc16e9729c73aa414bcd225,3c_2d8df0569d9d03284715,3,ternary_vle_english.xlsx,10.1016/j.fluid.2007.06.005,unverified,0.5,isobaric,0.9807692307692307,isobaric,358.1,363.9219055175781,,,0.0004119873046875,True,False,48,CC(C)CC(C)(C)C,mol_57615b5c3546c298,0.945,0.592,0.7428413033485413,1.0013967752456665,79.5186996459961,CCC(C)=O,mol_4cfc5db0ca2ab00b,0.038,0.129,0.13201366364955902,2.4430959224700928,144.04759216308594,CCO,mol_f29e20f49d416e54,0.017,0.279,0.1251450628042221,4.596214771270752,162.2466278076172
state_5e5cbcab9630e505d9793356,3c_f1332761d3af136f02b5,3,ternary_vle_english.xlsx,10.1016/j.fluid.2014.04.025,unverified,0.5,isobaric,0.9473684210526315,isobaric,396.03999999999996,392.5391540527344,,,0.00030517578125,True,False,48,COCCO,mol_d291b272a64498d9,0.2597,0.2111,0.28783518075942993,1.1885392665863037,94.4646224975586,CS(C)=O,mol_7d3e12eaed0f467c,0.4082,0.04970000000000008,0.05009051784873009,1.15231192111969,10.78756046295166,Cc1ccccc1,mol_1c09299644053521,0.3321,0.7392,0.6620742678642273,1.5656929016113281,128.98583984375
state_5f0df69025cdefe0bb127355,3c_2d8df0569d9d03284715,3,ternary_vle_english.xlsx,10.1016/j.fluid.2007.06.005,unverified,0.5,isobaric,0.9807692307692307,isobaric,346.21,346.2335205078125,,,0.00177764892578125,True,False,48,CC(C)CC(C)(C)C,mol_57615b5c3546c298,0.511,0.31899999999999995,0.2975309491157532,1.2989614009857178,45.4079704284668,CCC(C)=O,mol_4cfc5db0ca2ab00b,0.277,0.3,0.33824750781059265,1.4971108436584473,82.62622833251953,CCO,mol_f29e20f49d416e54,0.212,0.381,0.3642215430736542,2.1177968978881836,82.17931365966797
state_60ffcccc656574de88069ddf,3c_f6a2de3ac0acbac84e4f,3,ternary_vle_english.xlsx,10.1016/j.fluid.2005.01.007,unverified,0.5,isobaric,0.9818181818181818,isobaric,354.94,358.2841491699219,,,0.0,True,False,48,CC(C)=O,mol_e04cf77cea7bbe66,0.032,0.186,0.21784739196300507,2.7635397911071777,249.54339599609375,CC(C)CC(C)(C)C,mol_57615b5c3546c298,0.943,0.584,0.6243895888328552,1.001316785812378,66.98567199707031,CCO,mol_f29e20f49d416e54,0.025,0.23,0.1577630341053009,4.851933002471924,131.7528076171875
state_61c4d87da4ac5c73c903bd76,3c_2d8df0569d9d03284715,3,ternary_vle_english.xlsx,10.1016/j.fluid.2007.06.005,unverified,0.5,isobaric,0.9807692307692307,isobaric,344.36,344.8168029785156,,,-1.52587890625e-05,True,False,48,CC(C)CC(C)(C)C,mol_57615b5c3546c298,0.129,0.19199999999999995,0.16799964010715485,3.047645330429077,43.28761672973633,CCC(C)=O,mol_4cfc5db0ca2ab00b,0.254,0.253,0.278394490480423,1.4089226722717285,78.80416107177734,CCO,mol_f29e20f49d416e54,0.617,0.555,0.5536057949066162,1.1721230745315552,77.54461669921875
state_61cd29f7b7d3e7845221cfc1,3c_f1332761d3af136f02b5,3,ternary_vle_english.xlsx,10.1016/j.fluid.2014.04.025,unverified,0.5,isobaric,0.9473684210526315,isobaric,406.66999999999996,400.6319274902344,,,3.0517578125e-05,True,False,48,COCCO,mol_d291b272a64498d9,0.5339,0.6355,0.6362788677215576,0.9914460778236389,121.76657104492188,CS(C)=O,mol_7d3e12eaed0f467c,0.38759999999999994,0.05480000000000007,0.06113169342279434,1.096608281135559,14.569368362426758,Cc1ccccc1,mol_1c09299644053521,0.0785,0.3097,0.302589476108551,2.4454433917999268,159.67471313476562
state_62c21eb29a51cd3ca6b174c6,3c_6b60b4a3a536506a27ae,3,ternary_vle_english.xlsx,10.1016/j.fluid.2006.08.004,unverified,0.5,isobaric,0.9821428571428571,isobaric,352.28,353.9955139160156,,,0.0001068115234375,True,False,48,CC(C)CC(C)(C)C,mol_57615b5c3546c298,0.881,0.522,0.5132635235786438,1.0081545114517212,58.53927230834961,CC(C)OC(C)C,mol_1a0ca8e5eeb68da8,0.049,0.066,0.08273979276418686,1.1493911743164062,148.8197021484375,CCO,mol_f29e20f49d416e54,0.07,0.412,0.40399667620658875,5.2263054847717285,111.86516571044922
state_638d849f7977e5c58cd838be,3c_f1332761d3af136f02b5,3,ternary_vle_english.xlsx,10.1016/j.fluid.2014.04.025,unverified,0.5,isobaric,0.9473684210526315,isobaric,412.53,409.4060363769531,,,-0.000213623046875,True,False,48,COCCO,mol_d291b272a64498d9,0.0805,0.0783,0.1603945642709732,1.2730860710144043,158.54208374023438,CS(C)=O,mol_7d3e12eaed0f467c,0.7315,0.15959999999999996,0.1495467871427536,1.0420284271240234,19.87429428100586,Cc1ccccc1,mol_1c09299644053521,0.188,0.7621,0.6900586485862732,1.8678548336029053,199.0643768310547
state_63ed3e126c6e8417d41831c3,3c_f6a2de3ac0acbac84e4f,3,ternary_vle_english.xlsx,10.1016/j.fluid.2005.01.007,unverified,0.5,isobaric,0.9818181818181818,isobaric,331.39,330.9187927246094,,,-8.392333984375e-05,True,False,48,CC(C)=O,mol_e04cf77cea7bbe66,0.598,0.682,0.7178142070770264,1.1352946758270264,107.10540008544922,CC(C)CC(C)(C)C,mol_57615b5c3546c298,0.15700000000000003,0.1439999999999999,0.11802671104669571,2.8863942623138428,26.383602142333984,CCO,mol_f29e20f49d416e54,0.245,0.174,0.16415905952453613,1.5960900783538818,42.52560043334961
state_6425f0f78002b3aff58818da,3c_6b60b4a3a536506a27ae,3,ternary_vle_english.xlsx,10.1016/j.fluid.2006.08.004,unverified,0.5,isobaric,0.9821428571428571,isobaric,352.83,350.4470520019531,,,-1.52587890625e-05,True,False,48,CC(C)CC(C)(C)C,mol_57615b5c3546c298,0.656,0.404,0.3441644012928009,1.0179743766784668,52.20771026611328,CC(C)OC(C)C,mol_1a0ca8e5eeb68da8,0.301,0.411,0.4397755563259125,1.1068757772445679,133.7134552001953,CCO,mol_f29e20f49d416e54,0.043,0.185,0.21605998277664185,5.2285332679748535,97.3498764038086
state_68df798abb5343539848bcf2,3c_2d8df0569d9d03284715,3,ternary_vle_english.xlsx,10.1016/j.fluid.2007.06.005,unverified,0.5,isobaric,0.9807692307692307,isobaric,351.49,350.47064208984375,,,-0.00032806396484375,True,False,48,CC(C)CC(C)(C)C,mol_57615b5c3546c298,0.636,0.395,0.368474543094635,1.1232860088348389,52.247806549072266,CCC(C)=O,mol_4cfc5db0ca2ab00b,0.324,0.454,0.5141867399215698,1.6931239366531372,94.95004272460938,CCO,mol_f29e20f49d416e54,0.04,0.151,0.11733867228031158,3.0496299266815186,97.44108581542969
state_6ac1aedea9a062207d954f66,3c_f6a2de3ac0acbac84e4f,3,ternary_vle_english.xlsx,10.1016/j.fluid.2005.01.007,unverified,0.5,isobaric,0.9818181818181818,isobaric,343.47,342.8254089355469,,,-2.288818359375e-05,True,False,48,CC(C)=O,mol_e04cf77cea7bbe66,0.089,0.226,0.2710208296775818,1.9564462900161743,157.6718292236328,CC(C)CC(C)(C)C,mol_57615b5c3546c298,0.04500000000000004,0.10599999999999998,0.10533355921506882,5.86326789855957,40.441184997558594,CCO,mol_f29e20f49d416e54,0.866,0.668,0.6236456036567688,1.0217310190200806,71.39910125732422
state_6ac66458292b872f509756fd,3c_c1f86c0bca7d787912fb,3,ternary_vle_english.xlsx,10.1016/j.jct.2011.10.025,unverified,0.5,isobaric,0.9807692307692307,isobaric,356.37,353.1761169433594,,,0.0013580322265625,True,False,48,C1CCOCC1,mol_626f3d1f5bbb6f55,0.557,0.484,0.48001664876937866,1.0988737344741821,79.44537353515625,CC(C)CC(C)(C)C,mol_57615b5c3546c298,0.04999999999999993,0.041000000000000036,0.043273843824863434,1.5374317169189453,57.02626419067383,CC(C)O,mol_db030b5de88f8eaf,0.393,0.475,0.4767094552516937,1.2920596599578857,95.1029281616211
state_6c15169f3584bf4d6b29debb,3c_1a08c4f653f7d812cdc9,3,ternary_vle_english.xlsx,10.1016/j.jct.2019.03.036,unverified,0.5,isobaric,0.972972972972973,isobaric,381.76,378.5914306640625,,,5.340576171875e-05,True,False,48,CCCOC(C)=O,mol_67043ae833ecd0c7,0.2425,0.3995,0.376284658908844,1.3742755651474,114.37749481201172,CCOC(C)=O,mol_18876b584acc43d4,0.256,0.5589,0.587758481502533,0.9824759364128113,236.72640991210938,CS(C)=O,mol_7d3e12eaed0f467c,0.5015000000000001,0.04160000000000008,0.03595688194036484,1.1698946952819824,6.20831823348999
state_6d305b89d76343bb0b2edbc8,3c_6b60b4a3a536506a27ae,3,ternary_vle_english.xlsx,10.1016/j.fluid.2006.08.004,unverified,0.5,isobaric,0.9821428571428571,isobaric,344.17,343.6749267578125,,,-0.00012969970703125,True,False,48,CC(C)CC(C)(C)C,mol_57615b5c3546c298,0.1449999999999999,0.24,0.21388113498687744,3.5887186527252197,41.636478424072266,CC(C)OC(C)C,mol_1a0ca8e5eeb68da8,0.049,0.091,0.14767767488956451,2.819929361343384,108.26535034179688,CCO,mol_f29e20f49d416e54,0.806,0.669,0.6384412050247192,1.084790825843811,73.96882629394531
state_6dd37a542825e1820f933393,3c_2d8df0569d9d03284715,3,ternary_vle_english.xlsx,10.1016/j.fluid.2007.06.005,unverified,0.5,isobaric,0.9807692307692307,isobaric,349.03,348.3326416015625,,,3.0517578125e-05,True,False,48,CC(C)CC(C)(C)C,mol_57615b5c3546c298,0.21999999999999997,0.19100000000000006,0.21936441957950592,2.074014663696289,48.70138168334961,CCC(C)=O,mol_4cfc5db0ca2ab00b,0.73,0.712,0.6896113753318787,1.0805634260177612,88.5606689453125,CCO,mol_f29e20f49d416e54,0.05,0.097,0.09102422744035721,2.0611910820007324,89.4701919555664
state_6df8f599ebe2558556600c7e,3c_2d8df0569d9d03284715,3,ternary_vle_english.xlsx,10.1016/j.fluid.2007.06.005,unverified,0.5,isobaric,0.9807692307692307,isobaric,344.62,345.0671081542969,,,-9.1552734375e-05,True,False,48,CC(C)CC(C)(C)C,mol_57615b5c3546c298,0.31899999999999995,0.28400000000000003,0.238951176404953,1.7381250858306885,43.65625762939453,CCC(C)=O,mol_4cfc5db0ca2ab00b,0.3760000000000001,0.27,0.37481439113616943,1.2706884145736694,79.46912384033203,CCO,mol_f29e20f49d416e54,0.305,0.446,0.3862344026565552,1.6373363733291626,78.34698486328125
state_6ea9dba28ac47216919ce562,3c_6b60b4a3a536506a27ae,3,ternary_vle_english.xlsx,10.1016/j.fluid.2006.08.004,unverified,0.5,isobaric,0.9821428571428571,isobaric,342.41,341.2609558105469,,,0.00018310546875,True,False,48,CC(C)CC(C)(C)C,mol_57615b5c3546c298,0.346,0.243,0.21134477853775024,1.615090250968933,38.31147766113281,CC(C)OC(C)C,mol_1a0ca8e5eeb68da8,0.194,0.227,0.27633965015411377,1.4401956796646118,100.19135284423828,CCO,mol_f29e20f49d416e54,0.46,0.53,0.5123156309127808,1.6873748302459717,66.86185455322266
state_705b570093eb02a986873c8f,3c_b0299b0750b396fc0e73,3,ternary_vle_english.xlsx,10.1016/j.fluid.2008.09.010,unverified,0.5,isobaric,0.9444444444444444,isobaric,365.1,342.16986083984375,,,4.76837158203125e-06,True,False,48,CC(=O)O,mol_9ac385b135af0125,0.3237,0.181,0.11633602529764175,0.2720702290534973,17.608436584472656,CS(C)=O,mol_7d3e12eaed0f467c,0.4627,0.07640000000000002,0.027011670172214508,0.6765667796134949,1.1501952409744263,O,mol_e81dc06beaa39499,0.2136,0.7426,0.8566522598266602,1.7889485359191895,29.883798599243164
state_717f6efb87ab976cb761d408,3c_f6a2de3ac0acbac84e4f,3,ternary_vle_english.xlsx,10.1016/j.fluid.2005.01.007,unverified,0.5,isobaric,0.9818181818181818,isobaric,340.79,341.0545654296875,,,-8.392333984375e-05,True,False,48,CC(C)=O,mol_e04cf77cea7bbe66,0.092,0.187,0.24616865813732147,1.8173582553863525,149.14663696289062,CC(C)CC(C)(C)C,mol_57615b5c3546c298,0.366,0.30699999999999994,0.2584429383277893,1.8805540800094604,38.037052154541016,CCO,mol_f29e20f49d416e54,0.542,0.506,0.49538835883140564,1.3968943357467651,66.28145599365234
state_71a22db42a5092e8259c685d,3c_6b60b4a3a536506a27ae,3,ternary_vle_english.xlsx,10.1016/j.fluid.2006.08.004,unverified,0.5,isobaric,0.9821428571428571,isobaric,342.93,341.2939453125,,,-3.814697265625e-05,True,False,48,CC(C)CC(C)(C)C,mol_57615b5c3546c298,0.45799999999999996,0.244,0.20422445237636566,1.1776764392852783,38.35531234741211,CC(C)OC(C)C,mol_1a0ca8e5eeb68da8,0.302,0.315,0.34367796778678894,1.1493724584579468,100.29823303222656,CCO,mol_f29e20f49d416e54,0.24,0.441,0.4520975649356842,2.8500256538391113,66.95475769042969
state_71a8520963ad8bd67d30e2a1,3c_1a08c4f653f7d812cdc9,3,ternary_vle_english.xlsx,10.1016/j.jct.2019.03.036,unverified,0.5,isobaric,0.972972972972973,isobaric,388.16999999999996,390.3812561035156,,,-3.0517578125e-05,True,False,48,CCCOC(C)=O,mol_67043ae833ecd0c7,0.352,0.8161,0.798336923122406,1.4307520389556885,160.5789031982422,CCOC(C)=O,mol_18876b584acc43d4,0.0443,0.1259,0.1330823302268982,0.9420433640480042,323.0390930175781,CS(C)=O,mol_7d3e12eaed0f467c,0.6037,0.05799999999999994,0.068580761551857,1.15854811668396,9.932907104492188
state_71c140ecd31d0edfb89303fe,3c_6b60b4a3a536506a27ae,3,ternary_vle_english.xlsx,10.1016/j.fluid.2006.08.004,unverified,0.5,isobaric,0.9821428571428571,isobaric,350.79,347.8304748535156,,,0.00040435791015625,True,False,48,CC(C)CC(C)(C)C,mol_57615b5c3546c298,0.552,0.33199999999999996,0.2694312334060669,1.0323153734207153,47.89693069458008,CC(C)OC(C)C,mol_1a0ca8e5eeb68da8,0.403,0.517,0.5340713262557983,1.0881407260894775,123.37306213378906,CCO,mol_f29e20f49d416e54,0.045,0.151,0.19649745523929596,5.04496955871582,87.67929077148438
state_720743c58a778cfca03f91ce,3c_1a08c4f653f7d812cdc9,3,ternary_vle_english.xlsx,10.1016/j.jct.2019.03.036,unverified,0.5,isobaric,0.972972972972973,isobaric,380.2,383.1773681640625,,,0.0006866455078125,True,False,48,CCCOC(C)=O,mol_67043ae833ecd0c7,0.179,0.4023,0.3567434251308441,1.5422325134277344,130.9077911376953,CCOC(C)=O,mol_18876b584acc43d4,0.2195,0.5576,0.594372570514679,1.0239843130111694,267.88189697265625,CS(C)=O,mol_7d3e12eaed0f467c,0.6015,0.040100000000000025,0.04888399690389633,1.100219488143921,7.482800483703613
state_729eae0c46c885b9c1197a84,3c_c1f86c0bca7d787912fb,3,ternary_vle_english.xlsx,10.1016/j.jct.2011.10.025,unverified,0.5,isobaric,0.9807692307692307,isobaric,354.33,354.1089782714844,,,0.000396728515625,True,False,48,C1CCOCC1,mol_626f3d1f5bbb6f55,0.25,0.171,0.20439860224723816,1.0120338201522827,81.83781433105469,CC(C)CC(C)(C)C,mol_57615b5c3546c298,0.469,0.34099999999999997,0.319996178150177,1.1764219999313354,58.75163269042969,CC(C)O,mol_db030b5de88f8eaf,0.281,0.488,0.4756052792072296,1.7367663383483887,98.72113037109375
state_72b1ca91345e3da1035ab918,3c_f6a2de3ac0acbac84e4f,3,ternary_vle_english.xlsx,10.1016/j.fluid.2005.01.007,unverified,0.5,isobaric,0.9818181818181818,isobaric,330.76,330.5479431152344,,,-8.392333984375e-05,True,False,48,CC(C)=O,mol_e04cf77cea7bbe66,0.569,0.756,0.7868704795837402,1.3244625329971313,105.76948547363281,CC(C)CC(C)(C)C,mol_57615b5c3546c298,0.379,0.18999999999999995,0.16316723823547363,1.676106333732605,26.019638061523438,CCO,mol_f29e20f49d416e54,0.052,0.054,0.049962274730205536,2.327625274658203,41.815269470214844
state_74cccbc3d3ca9e6343d53d8d,3c_2d8df0569d9d03284715,3,ternary_vle_english.xlsx,10.1016/j.fluid.2007.06.005,unverified,0.5,isobaric,0.9807692307692307,isobaric,349.32,348.5147705078125,,,0.000518798828125,True,False,48,CC(C)CC(C)(C)C,mol_57615b5c3546c298,0.15699999999999992,0.15200000000000002,0.18237237632274628,2.4016525745391846,48.99603271484375,CCC(C)=O,mol_4cfc5db0ca2ab00b,0.793,0.766,0.7276968359947205,1.043402910232544,89.09163665771484,CCO,mol_f29e20f49d416e54,0.05,0.082,0.08993078768253326,2.0215871334075928,90.12755584716797
state_75205b365c79ad19f3380782,3c_2d8df0569d9d03284715,3,ternary_vle_english.xlsx,10.1016/j.fluid.2007.06.005,unverified,0.5,isobaric,0.9807692307692307,isobaric,349.07,348.3834533691406,,,0.0001678466796875,True,False,48,CC(C)CC(C)(C)C,mol_57615b5c3546c298,0.31499999999999995,0.275,0.2597799301147461,1.712517261505127,48.78319549560547,CCC(C)=O,mol_4cfc5db0ca2ab00b,0.636,0.634,0.6462575197219849,1.16036057472229,88.7085952758789,CCO,mol_f29e20f49d416e54,0.049,0.091,0.09396256506443024,2.1667211055755615,89.65323638916016
state_759158f919890753ab95b004,3c_6b60b4a3a536506a27ae,3,ternary_vle_english.xlsx,10.1016/j.fluid.2006.08.004,unverified,0.5,isobaric,0.9821428571428571,isobaric,342.45,340.8792419433594,,,-3.0517578125e-05,True,False,48,CC(C)CC(C)(C)C,mol_57615b5c3546c298,0.361,0.17500000000000004,0.15200473368167877,1.1282473802566528,37.80549240112305,CC(C)OC(C)C,mol_1a0ca8e5eeb68da8,0.503,0.517,0.5255296230316162,1.0694974660873413,98.95979309082031,CCO,mol_f29e20f49d416e54,0.136,0.308,0.3224656879901886,3.6507320404052734,65.79212188720703
state_778f2c4f2fe0373441078cf2,3c_6b60b4a3a536506a27ae,3,ternary_vle_english.xlsx,10.1016/j.fluid.2006.08.004,unverified,0.5,isobaric,0.9821428571428571,isobaric,339.34,337.4579772949219,,,0.0004425048828125,True,False,48,CC(C)CC(C)(C)C,mol_57615b5c3546c298,0.14900000000000002,0.09099999999999997,0.07750264555215836,1.5725691318511963,33.506717681884766,CC(C)OC(C)C,mol_1a0ca8e5eeb68da8,0.498,0.527,0.5318088531494141,1.2229869365692139,88.45365142822266,CCO,mol_f29e20f49d416e54,0.353,0.382,0.3906884789466858,1.9729124307632446,56.827613830566406
state_7800a309a9c3029e897bda8a,3c_6b60b4a3a536506a27ae,3,ternary_vle_english.xlsx,10.1016/j.fluid.2006.08.004,unverified,0.5,isobaric,0.9821428571428571,isobaric,338.38,336.39404296875,,,0.0002593994140625,True,False,48,CC(C)CC(C)(C)C,mol_57615b5c3546c298,0.04699999999999993,0.03700000000000003,0.030088134109973907,2.0106403827667236,32.253257751464844,CC(C)OC(C)C,mol_1a0ca8e5eeb68da8,0.489,0.567,0.5785710215568542,1.4038658142089844,85.37541198730469,CCO,mol_f29e20f49d416e54,0.4640000000000001,0.396,0.39134088158607483,1.5746474266052246,54.258087158203125
state_794546c19ce7536e3fa7624c,3c_f6a2de3ac0acbac84e4f,3,ternary_vle_english.xlsx,10.1016/j.fluid.2005.01.007,unverified,0.5,isobaric,0.9818181818181818,isobaric,342.58,343.18505859375,,,-7.62939453125e-05,True,False,48,CC(C)=O,mol_e04cf77cea7bbe66,0.048,0.084,0.1514420211315155,2.004427194595337,159.44981384277344,CC(C)CC(C)(C)C,mol_57615b5c3546c298,0.483,0.361,0.29731741547584534,1.5229840278625488,40.94369125366211,CCO,mol_f29e20f49d416e54,0.469,0.555,0.5512405633926392,1.642749547958374,72.47797393798828
state_79771519f05f7d5f13287cf6,3c_b0299b0750b396fc0e73,3,ternary_vle_english.xlsx,10.1016/j.fluid.2008.09.010,unverified,0.5,isobaric,0.9444444444444444,isobaric,371.8,345.5160217285156,,,5.7220458984375e-06,True,False,48,CC(=O)O,mol_9ac385b135af0125,0.3248,0.2272,0.12265416234731674,0.24915918707847595,20.203176498413086,CS(C)=O,mol_7d3e12eaed0f467c,0.505,0.12159999999999993,0.036352433264255524,0.7026669383049011,1.365598201751709,O,mol_e81dc06beaa39499,0.1702,0.6512,0.840993344783783,1.9086103439331055,34.51008605957031
state_7a232b670ff32274f8e913ea,3c_6b60b4a3a536506a27ae,3,ternary_vle_english.xlsx,10.1016/j.fluid.2006.08.004,unverified,0.5,isobaric,0.9821428571428571,isobaric,339.28,337.5127868652344,,,9.918212890625e-05,True,False,48,CC(C)CC(C)(C)C,mol_57615b5c3546c298,0.15500000000000003,0.08099999999999996,0.07072219252586365,1.376740574836731,33.57235336303711,CC(C)OC(C)C,mol_1a0ca8e5eeb68da8,0.605,0.599,0.5835348963737488,1.102595329284668,88.61457824707031,CCO,mol_f29e20f49d416e54,0.24,0.32,0.3457429111003876,2.561901569366455,56.96255874633789
state_7a236a9748423b3f8eaf833f,3c_f6a2de3ac0acbac84e4f,3,ternary_vle_english.xlsx,10.1016/j.fluid.2005.01.007,unverified,0.5,isobaric,0.9818181818181818,isobaric,330.12,329.7450866699219,,,-0.0001678466796875,True,False,48,CC(C)=O,mol_e04cf77cea7bbe66,0.795,0.831,0.8337007164955139,1.0321435928344727,102.92281341552734,CC(C)CC(C)(C)C,mol_57615b5c3546c298,0.050999999999999934,0.06700000000000006,0.05695761367678642,4.481329441070557,25.245471954345703,CCO,mol_f29e20f49d416e54,0.154,0.102,0.10934170335531235,1.7841989994049072,40.311649322509766
state_7b4ee83d861e565711c57148,3c_20e37ef734cab2512529,3,ternary_vle_english.xlsx,10.1016/j.fluid.2012.12.020,unverified,0.5,isobaric,0.9230769230769231,isobaric,383.29999999999995,384.1156921386719,,,-0.00042724609375,True,False,48,CC(C)O,mol_db030b5de88f8eaf,0.1911,0.4084,0.4881276786327362,0.8916200399398804,289.3426513671875,CCCCCO,mol_243de2450bee5519,0.27679999999999993,0.2742,0.09911196678876877,0.9349459409713745,38.68058395385742,CCCCO,mol_ad4ef9c6c876ca2f,0.5321,0.3174,0.41276034712791443,0.9835202693939209,79.66011047363281
state_7c8f5e1d3e7352e8fe9b7a8f,3c_2d8df0569d9d03284715,3,ternary_vle_english.xlsx,10.1016/j.fluid.2007.06.005,unverified,0.5,isobaric,0.9807692307692307,isobaric,348.87,348.4642028808594,,,-0.0004730224609375,True,False,48,CC(C)CC(C)(C)C,mol_57615b5c3546c298,0.5690000000000001,0.35,0.32905879616737366,1.197676658630371,48.913536071777344,CCC(C)=O,mol_4cfc5db0ca2ab00b,0.345,0.439,0.4703299403190613,1.552661418914795,88.94349670410156,CCO,mol_f29e20f49d416e54,0.086,0.211,0.20061127841472626,2.6271870136260986,89.94422912597656
state_7d883f5d6ac9a486d8c0bb27,3c_b0299b0750b396fc0e73,3,ternary_vle_english.xlsx,10.1016/j.fluid.2008.09.010,unverified,0.5,isobaric,0.9444444444444444,isobaric,388.2,365.99200439453125,,,-5.7220458984375e-05,True,False,48,CC(=O)O,mol_9ac385b135af0125,0.2627,0.2184,0.14672687649726868,0.16899855434894562,44.05496597290039,CS(C)=O,mol_7d3e12eaed0f467c,0.6817,0.46929999999999994,0.15750795602798462,0.8516529202461243,3.6163861751556396,O,mol_e81dc06beaa39499,0.0556,0.3123,0.6957651376724243,2.1385703086853027,77.99964141845703
state_7e7ff3aa64c0bd35be3ccac9,3c_485aadc678c8a7fb274c,3,ternary_vle_english.xlsx,10.1016/j.fluid.2011.05.011,unverified,0.5,isothermal,0.9642857142857143,isothermal,,,25.78000000000001,25.390071868896484,0.0,True,False,48,CC(=O)CC(C)C,mol_0a895444a9f0f36b,0.2481,0.16989999999999994,0.17889004945755005,1.2650833129882812,14.47118854522705,CC(C)CC(C)(C)C,mol_57615b5c3546c298,0.1959,0.515,0.43087416887283325,1.948418140411377,28.661426544189453,CC(C)CO,mol_015d21fca05fcd26,0.556,0.3151,0.3902358114719391,1.1326781511306763,15.732935905456543
state_7fb85a35689d06db53994721,3c_28e3b8df482e382b0f63,3,ternary_vle_english.xlsx,10.1016/j.fluid.2012.11.026,unverified,0.5,isothermal,0.9411764705882353,isothermal,,,107.16,93.98712158203125,0.0,True,False,48,CCO,mol_f29e20f49d416e54,0.4991,0.5708,0.6848223805427551,1.1912872791290283,108.25357818603516,CCOC(=O)OCC,mol_4df2781fcf4d4a77,0.2491,0.1132,0.08567198365926743,1.6241809129714966,19.90210723876953,O,mol_e81dc06beaa39499,0.2518,0.316,0.22950562834739685,1.808496356010437,47.36835861206055
state_7fd35b91762f732f81f7c05b,3c_93c3339e467773a7c208,3,ternary_vle_english.xlsx,10.1016/j.fluid.2005.05.024,unverified,0.5,isothermal,0.9782608695652174,isothermal,,,29.459999999999997,27.705982208251953,0.0,True,False,48,CC(=O)CC(C)C,mol_0a895444a9f0f36b,0.7776000000000001,0.3507,0.3580973744392395,1.008538842201233,12.651026725769043,CC(C)O,mol_db030b5de88f8eaf,0.072,0.1557,0.1640670895576477,1.8364073038101196,34.37902069091797,CC(C)OC(C)C,mol_1a0ca8e5eeb68da8,0.1504,0.4936,0.4778355658054352,1.2824206352233887,68.6394271850586
state_7fddca88b20e3f5659935ea0,3c_485aadc678c8a7fb274c,3,ternary_vle_english.xlsx,10.1016/j.fluid.2011.05.011,unverified,0.5,isothermal,0.9642857142857143,isothermal,,,13.549999999999994,16.441761016845703,-1.9073486328125e-06,True,False,48,CC(=O)CC(C)C,mol_0a895444a9f0f36b,0.05879999999999996,0.10230000000000006,0.08325686305761337,1.6087435483932495,14.47118854522705,CC(C)CC(C)(C)C,mol_57615b5c3546c298,0.003,0.0303,0.01734413392841816,3.316514253616333,28.661426544189453,CC(C)CO,mol_015d21fca05fcd26,0.9382,0.8674,0.8993989825248718,1.0018333196640015,15.732935905456543
state_815489bded3ca3f3f7a0bad9,3c_485aadc678c8a7fb274c,3,ternary_vle_english.xlsx,10.1016/j.fluid.2011.05.011,unverified,0.5,isothermal,0.9655172413793104,isothermal,,,26.909999999999997,31.085437774658203,0.0,True,False,48,CC(=O)CC(C)C,mol_0a895444a9f0f36b,0.028000000000000025,0.03270000000000006,0.04208286851644516,1.7748517990112305,26.323410034179688,CC(C)CC(C)(C)C,mol_57615b5c3546c298,0.0028,0.0162,0.01392466202378273,3.1935462951660156,48.40725326538086,CC(C)CO,mol_015d21fca05fcd26,0.9692,0.9511,0.9439924955368042,1.0005549192428589,30.26015853881836
state_82958a83d42efc1b9faf1b77,3c_485aadc678c8a7fb274c,3,ternary_vle_english.xlsx,10.1016/j.fluid.2011.05.011,unverified,0.5,isothermal,0.967741935483871,isothermal,,,66.65,68.4632568359375,-7.62939453125e-06,True,False,48,CC(=O)CC(C)C,mol_0a895444a9f0f36b,0.1673,0.14450000000000007,0.16880473494529724,1.4838414192199707,46.554176330566406,CC(C)CC(C)(C)C,mol_57615b5c3546c298,0.0591,0.2251,0.16055966913700104,2.3231799602508545,80.06147766113281,CC(C)CO,mol_015d21fca05fcd26,0.7736,0.6304,0.6706355214118958,1.03598153591156,57.28956985473633
state_82f35b0237670c6f09b613d2,3c_485aadc678c8a7fb274c,3,ternary_vle_english.xlsx,10.1016/j.fluid.2011.05.011,unverified,0.5,isothermal,0.9655172413793104,isothermal,,,49.73000000000001,47.835105895996094,0.0,True,False,48,CC(=O)CC(C)C,mol_0a895444a9f0f36b,0.1129,0.07440000000000002,0.08703462779521942,1.400885820388794,26.323410034179688,CC(C)CC(C)(C)C,mol_57615b5c3546c298,0.2493,0.5385,0.46658942103385925,1.8494770526885986,48.40725326538086,CC(C)CO,mol_015d21fca05fcd26,0.6378,0.3871,0.44637593626976013,1.1063481569290161,30.26015853881836
state_84fe8ed94a061799c2e6c4b8,3c_93c3339e467773a7c208,3,ternary_vle_english.xlsx,10.1016/j.fluid.2005.05.024,unverified,0.5,isothermal,0.9782608695652174,isothermal,,,56.86000000000001,55.67058563232422,-3.814697265625e-06,True,False,48,CC(=O)CC(C)C,mol_0a895444a9f0f36b,0.528,0.1977,0.19458669424057007,1.0698981285095215,19.17620086669922,CC(C)O,mol_db030b5de88f8eaf,0.3054,0.3953,0.4160728454589844,1.3909279108047485,54.528236389160156,CC(C)OC(C)C,mol_1a0ca8e5eeb68da8,0.1666,0.407,0.38934043049812317,1.3528344631195068,96.16911315917969
state_850161f38279120684f0be53,3c_93c3339e467773a7c208,3,ternary_vle_english.xlsx,10.1016/j.fluid.2005.05.024,unverified,0.5,isothermal,0.9782608695652174,isothermal,,,63.58000000000001,61.74517822265625,-3.814697265625e-06,True,False,48,CC(=O)CC(C)C,mol_0a895444a9f0f36b,0.18530000000000002,0.04859999999999998,0.043733928352594376,1.1519148349761963,12.651026725769043,CC(C)O,mol_db030b5de88f8eaf,0.1344,0.147,0.14889460802078247,1.9897074699401855,34.37902069091797,CC(C)OC(C)C,mol_1a0ca8e5eeb68da8,0.6803,0.8044,0.8073714375495911,1.06758451461792,68.6394271850586
state_86297e37036b78561b5b7854,3c_28e3b8df482e382b0f63,3,ternary_vle_english.xlsx,10.1016/j.fluid.2012.11.026,unverified,0.5,isothermal,0.9411764705882353,isothermal,,,93.14,70.54057312011719,-7.62939453125e-06,True,False,48,CCO,mol_f29e20f49d416e54,0.24929999999999997,0.4867,0.6478991508483887,1.6934866905212402,108.25357818603516,CCOC(=O)OCC,mol_4df2781fcf4d4a77,0.6531,0.2068,0.20278126001358032,1.1004948616027832,19.90210723876953,O,mol_e81dc06beaa39499,0.0976,0.3065,0.1493196040391922,2.2783353328704834,47.36835861206055
state_86f308a7ee08ee97f0947d2c,3c_93c3339e467773a7c208,3,ternary_vle_english.xlsx,10.1016/j.fluid.2005.05.024,unverified,0.5,isothermal,0.9782608695652174,isothermal,,,59.099999999999994,57.272743225097656,0.0,True,False,48,CC(=O)CC(C)C,mol_0a895444a9f0f36b,0.2701,0.07180000000000009,0.06677938252687454,1.1192833185195923,12.651026725769043,CC(C)O,mol_db030b5de88f8eaf,0.1215,0.1405,0.14285670220851898,1.9587490558624268,34.37902069091797,CC(C)OC(C)C,mol_1a0ca8e5eeb68da8,0.6084,0.7877,0.7903639674186707,1.083957552909851,68.6394271850586
state_87ad2a0c52089245bee16c88,3c_485aadc678c8a7fb274c,3,ternary_vle_english.xlsx,10.1016/j.fluid.2011.05.011,unverified,0.5,isothermal,0.9642857142857143,isothermal,,,13.940000000000005,16.709999084472656,0.0,True,False,48,CC(=O)CC(C)C,mol_0a895444a9f0f36b,0.10820000000000007,0.17379999999999995,0.1441493034362793,1.538358449935913,14.47118854522705,CC(C)CC(C)(C)C,mol_57615b5c3546c298,0.0024,0.0228,0.01321124006062746,3.2093045711517334,28.661426544189453,CC(C)CO,mol_015d21fca05fcd26,0.8894,0.8034,0.8426393866539001,1.0062625408172607,15.732935905456543
state_89508608e134eeb4525a2267,3c_93c3339e467773a7c208,3,ternary_vle_english.xlsx,10.1016/j.fluid.2005.05.024,unverified,0.5,isothermal,0.9782608695652174,isothermal,,,55.9,55.269683837890625,-3.814697265625e-06,True,False,48,CC(=O)CC(C)C,mol_0a895444a9f0f36b,0.09150000000000003,0.031500000000000083,0.0279085673391819,1.3325320482254028,12.651026725769043,CC(C)O,mol_db030b5de88f8eaf,0.6506,0.4309,0.4484576880931854,1.1081559658050537,34.37902069091797,CC(C)OC(C)C,mol_1a0ca8e5eeb68da8,0.2579,0.5376,0.5236337184906006,1.6348938941955566,68.6394271850586
state_8ab1e747f8cef4a040766268,3c_28e3b8df482e382b0f63,3,ternary_vle_english.xlsx,10.1016/j.fluid.2012.11.026,unverified,0.5,isothermal,0.9411764705882353,isothermal,,,151.376,136.62765502929688,0.0,True,False,48,CCO,mol_f29e20f49d416e54,0.26880000000000004,0.477,0.5493616461753845,1.770005464553833,157.7586212158203,CCOC(=O)OCC,mol_4df2781fcf4d4a77,0.0293,0.072,0.0174250565469265,2.7625346183776855,29.412874221801758,O,mol_e81dc06beaa39499,0.7019,0.451,0.43321335315704346,1.2030905485153198,70.09174346923828
state_8d9efaaa558541c382fb0eb7,3c_93c3339e467773a7c208,3,ternary_vle_english.xlsx,10.1016/j.fluid.2005.05.024,unverified,0.5,isothermal,0.9782608695652174,isothermal,,,47.35000000000001,45.60334014892578,0.0,True,False,48,CC(=O)CC(C)C,mol_0a895444a9f0f36b,0.4765999999999999,0.14139999999999997,0.1393272876739502,1.0537874698638916,12.651026725769043,CC(C)O,mol_db030b5de88f8eaf,0.1481,0.1866,0.19336488842964172,1.731911540031433,34.37902069091797,CC(C)OC(C)C,mol_1a0ca8e5eeb68da8,0.3753,0.672,0.6673078536987305,1.181328535079956,68.6394271850586
state_8ed259d586ed5813aa12a13d,3c_28e3b8df482e382b0f63,3,ternary_vle_english.xlsx,10.1016/j.fluid.2012.11.026,unverified,0.5,isothermal,0.9411764705882353,isothermal,,,87.85200000000002,54.38624572753906,0.0,True,False,48,CCO,mol_f29e20f49d416e54,0.047699999999999965,0.22499999999999998,0.3297783136367798,2.3834152221679688,157.7586212158203,CCOC(=O)OCC,mol_4df2781fcf4d4a77,0.9058,0.371,0.4964429438114166,1.0134180784225464,29.412874221801758,O,mol_e81dc06beaa39499,0.0465,0.404,0.1737787425518036,2.8997857570648193,70.09174346923828
state_8f8a0ba87443e1817aa42932,3c_93c3339e467773a7c208,3,ternary_vle_english.xlsx,10.1016/j.fluid.2005.05.024,unverified,0.5,isothermal,0.9782608695652174,isothermal,,,33.48,31.792858123779297,0.0,True,False,48,CC(=O)CC(C)C,mol_0a895444a9f0f36b,0.7219,0.2864,0.29153549671173096,1.0148881673812866,12.651026725769043,CC(C)O,mol_db030b5de88f8eaf,0.0556,0.1088,0.1156519427895546,1.9235976934432983,34.37902069091797,CC(C)OC(C)C,mol_1a0ca8e5eeb68da8,0.2225,0.6048,0.5928125977516174,1.2340800762176514,68.6394271850586
state_90d1c25c430154cdf7b8d989,3c_93c3339e467773a7c208,3,ternary_vle_english.xlsx,10.1016/j.fluid.2005.05.024,unverified,0.5,isothermal,0.9782608695652174,isothermal,,,52.599999999999994,51.75225830078125,-3.814697265625e-06,True,False,48,CC(=O)CC(C)C,mol_0a895444a9f0f36b,0.15039999999999998,0.05180000000000007,0.04784819856286049,1.3014312982559204,12.651026725769043,CC(C)O,mol_db030b5de88f8eaf,0.6199,0.4419,0.4617297351360321,1.1212488412857056,34.37902069091797,CC(C)OC(C)C,mol_1a0ca8e5eeb68da8,0.2297,0.5063,0.4904220700263977,1.6097729206085205,68.6394271850586
state_912db15afd915c9aa31cc2ab,3c_93c3339e467773a7c208,3,ternary_vle_english.xlsx,10.1016/j.fluid.2005.05.024,unverified,0.5,isothermal,0.9782608695652174,isothermal,,,89.85,88.87930297851562,0.0,True,False,48,CC(=O)CC(C)C,mol_0a895444a9f0f36b,0.1734,0.04870000000000008,0.0417054146528244,1.114760160446167,19.17620086669922,CC(C)O,mol_db030b5de88f8eaf,0.2085,0.2161,0.2200552523136139,1.720302700996399,54.528236389160156,CC(C)OC(C)C,mol_1a0ca8e5eeb68da8,0.6181,0.7352,0.7382393479347229,1.1038333177566528,96.16911315917969
state_91a2d00fd673d5ae2d7e2b04,3c_93c3339e467773a7c208,3,ternary_vle_english.xlsx,10.1016/j.fluid.2005.05.024,unverified,0.5,isothermal,0.9782608695652174,isothermal,,,54.42,53.168540954589844,-3.814697265625e-06,True,False,48,CC(=O)CC(C)C,mol_0a895444a9f0f36b,0.22699999999999998,0.06820000000000004,0.06342068314552307,1.174178123474121,12.651026725769043,CC(C)O,mol_db030b5de88f8eaf,0.4544,0.3534,0.36937177181243896,1.2571485042572021,34.37902069091797,CC(C)OC(C)C,mol_1a0ca8e5eeb68da8,0.3186,0.5784,0.5672075748443604,1.3790414333343506,68.6394271850586
state_92cee9d6086f5d083e79db12,3c_93c3339e467773a7c208,3,ternary_vle_english.xlsx,10.1016/j.fluid.2005.05.024,unverified,0.5,isothermal,0.9782608695652174,isothermal,,,27.889999999999997,26.5745849609375,0.0,True,False,48,CC(=O)CC(C)C,mol_0a895444a9f0f36b,0.8019000000000001,0.38870000000000005,0.3844820261001587,1.0071555376052856,12.651026725769043,CC(C)O,mol_db030b5de88f8eaf,0.0418,0.0973,0.10440181940793991,1.9306553602218628,34.37902069091797,CC(C)OC(C)C,mol_1a0ca8e5eeb68da8,0.1563,0.514,0.5111161470413208,1.2660576105117798,68.6394271850586
state_936db9e379b08cfccef7e63f,3c_485aadc678c8a7fb274c,3,ternary_vle_english.xlsx,10.1016/j.fluid.2011.05.011,unverified,0.5,isothermal,0.967741935483871,isothermal,,,55.759999999999984,60.79084014892578,0.0,True,False,48,CC(=O)CC(C)C,mol_0a895444a9f0f36b,0.1199,0.13340000000000007,0.15031814575195312,1.6370866298675537,46.554176330566406,CC(C)CC(C)(C)C,mol_57615b5c3546c298,0.0042,0.0236,0.015199392102658749,2.74783992767334,80.06147766113281,CC(C)CO,mol_015d21fca05fcd26,0.8759,0.843,0.8344824314117432,1.0109397172927856,57.28956985473633
state_972849637ea23d183e12ceee,3c_485aadc678c8a7fb274c,3,ternary_vle_english.xlsx,10.1016/j.fluid.2011.05.011,unverified,0.5,isothermal,0.9655172413793104,isothermal,,,30.230000000000004,33.65538787841797,0.0,True,False,48,CC(=O)CC(C)C,mol_0a895444a9f0f36b,0.4548,0.44909999999999994,0.42211657762527466,1.186654806137085,26.323410034179688,CC(C)CC(C)(C)C,mol_57615b5c3546c298,0.0076,0.0372,0.025579486042261124,2.3400352001190186,48.40725326538086,CC(C)CO,mol_015d21fca05fcd26,0.5376,0.5137,0.5523039698600769,1.1426212787628174,30.26015853881836
state_97c01ba02d80a16b8ecdffb4,3c_485aadc678c8a7fb274c,3,ternary_vle_english.xlsx,10.1016/j.fluid.2011.05.011,unverified,0.5,isothermal,0.967741935483871,isothermal,,,98.67999999999999,92.84779357910156,-7.62939453125e-06,True,False,48,CC(=O)CC(C)C,mol_0a895444a9f0f36b,0.03289999999999993,0.021100000000000008,0.02483496256172657,1.5054991245269775,46.554176330566406,CC(C)CC(C)(C)C,mol_57615b5c3546c298,0.7014,0.6796,0.6874037384986877,1.1365646123886108,80.06147766113281,CC(C)CO,mol_015d21fca05fcd26,0.2657,0.2993,0.28776130080223083,1.7552410364151,57.28956985473633
state_988bf55908a9b494262aaf9d,3c_93c3339e467773a7c208,3,ternary_vle_english.xlsx,10.1016/j.fluid.2005.05.024,unverified,0.5,isothermal,0.9574468085106383,isothermal,,,90.2,89.86183166503906,-7.62939453125e-06,True,False,48,CC(=O)CC(C)C,mol_0a895444a9f0f36b,0.08579999999999999,0.02629999999999999,0.021685302257537842,1.1843793392181396,19.17620086669922,CC(C)O,mol_db030b5de88f8eaf,0.4989,0.3706,0.3755919337272644,1.2406708002090454,54.528236389160156,CC(C)OC(C)C,mol_1a0ca8e5eeb68da8,0.4153,0.6031,0.6027227640151978,1.3561111688613892,96.16911315917969
state_9918e47536d36d167ed332fb,3c_93c3339e467773a7c208,3,ternary_vle_english.xlsx,10.1016/j.fluid.2005.05.024,unverified,0.5,isothermal,0.9782608695652174,isothermal,,,45.97,45.76041793823242,0.0,True,False,48,CC(=O)CC(C)C,mol_0a895444a9f0f36b,0.6142,0.28300000000000003,0.2753152549266815,1.0696651935577393,19.17620086669922,CC(C)O,mol_db030b5de88f8eaf,0.3175,0.4979,0.5185791254043579,1.3706917762756348,54.528236389160156,CC(C)OC(C)C,mol_1a0ca8e5eeb68da8,0.0683,0.2191,0.20610564947128296,1.4358978271484375,96.16911315917969
state_9aeca8acf96c967004f6d009,3c_93c3339e467773a7c208,3,ternary_vle_english.xlsx,10.1016/j.fluid.2005.05.024,unverified,0.5,isothermal,0.9782608695652174,isothermal,,,67.25999999999999,65.58387756347656,-7.62939453125e-06,True,False,48,CC(=O)CC(C)C,mol_0a895444a9f0f36b,0.11299999999999999,0.03090000000000004,0.025818822905421257,1.1844842433929443,12.651026725769043,CC(C)O,mol_db030b5de88f8eaf,0.1444,0.1533,0.15376752614974976,2.031425714492798,34.37902069091797,CC(C)OC(C)C,mol_1a0ca8e5eeb68da8,0.7426,0.8158,0.8204137086868286,1.0556046962738037,68.6394271850586
state_9be49a35ede549bef444deae,3c_93c3339e467773a7c208,3,ternary_vle_english.xlsx,10.1016/j.fluid.2005.05.024,unverified,0.5,isothermal,0.9782608695652174,isothermal,,,69.38,68.42988586425781,-7.62939453125e-06,True,False,48,CC(=O)CC(C)C,mol_0a895444a9f0f36b,0.05410000000000004,0.01540000000000008,0.011829095892608166,1.1826990842819214,12.651026725769043,CC(C)O,mol_db030b5de88f8eaf,0.237,0.217,0.2093566656112671,1.7582908868789673,34.37902069091797,CC(C)OC(C)C,mol_1a0ca8e5eeb68da8,0.7089,0.7676,0.7788142561912537,1.0952695608139038,68.6394271850586
state_9eab47db5f0b46d8bab62c53,3c_93c3339e467773a7c208,3,ternary_vle_english.xlsx,10.1016/j.fluid.2005.05.024,unverified,0.5,isothermal,0.9782608695652174,isothermal,,,41.349999999999994,39.65782928466797,0.0,True,False,48,CC(=O)CC(C)C,mol_0a895444a9f0f36b,0.5820000000000001,0.19420000000000004,0.19185511767864227,1.0333645343780518,12.651026725769043,CC(C)O,mol_db030b5de88f8eaf,0.1225,0.1796,0.18713022768497467,1.7621515989303589,34.37902069091797,CC(C)OC(C)C,mol_1a0ca8e5eeb68da8,0.2955,0.6262,0.6210146546363831,1.2142263650894165,68.6394271850586
state_a2f4aedec3fcc69bc1ea8e57,3c_485aadc678c8a7fb274c,3,ternary_vle_english.xlsx,10.1016/j.fluid.2011.05.011,unverified,0.5,isothermal,0.9642857142857143,isothermal,,,18.609999999999992,19.853443145751953,0.0,True,False,48,CC(=O)CC(C)C,mol_0a895444a9f0f36b,0.03979999999999995,0.04859999999999998,0.046948548406362534,1.618343710899353,14.47118854522705,CC(C)CC(C)(C)C,mol_57615b5c3546c298,0.0542,0.3418,0.2307889312505722,2.949536085128784,28.661426544189453,CC(C)CO,mol_015d21fca05fcd26,0.906,0.6096,0.722262442111969,1.0059882402420044,15.732935905456543
state_a31029bce8d77c55204e3ece,3c_28e3b8df482e382b0f63,3,ternary_vle_english.xlsx,10.1016/j.fluid.2012.11.026,unverified,0.5,isothermal,0.9411764705882353,isothermal,,,156.649,155.69479370117188,0.0,True,False,48,CCO,mol_f29e20f49d416e54,0.9017,0.892,0.921586811542511,1.0086840391159058,157.7586212158203,CCOC(=O)OCC,mol_4df2781fcf4d4a77,0.0492,0.035,0.023261750116944313,2.502729654312134,29.412874221801758,O,mol_e81dc06beaa39499,0.0491,0.073,0.05515148863196373,2.4950714111328125,70.09174346923828
state_a356b877fb11294eba57bb09,3c_93c3339e467773a7c208,3,ternary_vle_english.xlsx,10.1016/j.fluid.2005.05.024,unverified,0.5,isothermal,0.9782608695652174,isothermal,,,34.45000000000001,33.78252410888672,0.0,True,False,48,CC(=O)CC(C)C,mol_0a895444a9f0f36b,0.5159,0.2228,0.21469326317310333,1.1112689971923828,12.651026725769043,CC(C)O,mol_db030b5de88f8eaf,0.3955,0.5,0.5160026550292969,1.282047152519226,34.37902069091797,CC(C)OC(C)C,mol_1a0ca8e5eeb68da8,0.0886,0.2772,0.2693041265010834,1.495986819267273,68.6394271850586
state_a376219f5c6a398031521aee,3c_485aadc678c8a7fb274c,3,ternary_vle_english.xlsx,10.1016/j.fluid.2011.05.011,unverified,0.5,isothermal,0.9655172413793104,isothermal,,,31.519999999999996,33.747276306152344,0.0,True,False,48,CC(=O)CC(C)C,mol_0a895444a9f0f36b,0.6866,0.5927,0.5620430707931519,1.049451470375061,26.323410034179688,CC(C)CC(C)(C)C,mol_57615b5c3546c298,0.0296,0.1092,0.09236187487840652,2.1753509044647217,48.40725326538086,CC(C)CO,mol_015d21fca05fcd26,0.2838,0.2981,0.34559500217437744,1.3580714464187622,30.26015853881836
state_a41fac7b3bdd472ca0e7c10b,3c_28e3b8df482e382b0f63,3,ternary_vle_english.xlsx,10.1016/j.fluid.2012.11.026,unverified,0.5,isothermal,0.9411764705882353,isothermal,,,160.62100000000004,153.37164306640625,-1.52587890625e-05,True,False,48,CCO,mol_f29e20f49d416e54,0.6526000000000001,0.6930000000000001,0.726441502571106,1.0821949243545532,157.7586212158203,CCOC(=O)OCC,mol_4df2781fcf4d4a77,0.0496,0.041,0.020593766123056412,2.1650187969207764,29.412874221801758,O,mol_e81dc06beaa39499,0.2978,0.266,0.2529647648334503,1.858717918395996,70.09174346923828
state_a45102787d657c549ee9c75b,3c_93c3339e467773a7c208,3,ternary_vle_english.xlsx,10.1016/j.fluid.2005.05.024,unverified,0.5,isothermal,0.9782608695652174,isothermal,,,86.24,86.67041015625,0.0,True,False,48,CC(=O)CC(C)C,mol_0a895444a9f0f36b,0.04580000000000006,0.015700000000000047,0.013284188695251942,1.310925006866455,19.17620086669922,CC(C)O,mol_db030b5de88f8eaf,0.6567,0.4533,0.4574471116065979,1.107192873954773,54.528236389160156,CC(C)OC(C)C,mol_1a0ca8e5eeb68da8,0.2975,0.531,0.5292686820030212,1.6033356189727783,96.16911315917969
state_a4775b5dcb0defcc473efffd,3c_28e3b8df482e382b0f63,3,ternary_vle_english.xlsx,10.1016/j.fluid.2012.11.026,unverified,0.5,isothermal,0.9411764705882353,isothermal,,,101.47,84.70405578613281,0.0,True,False,48,CCO,mol_f29e20f49d416e54,0.29689999999999994,0.3953,0.5428911447525024,1.4307523965835571,108.25357818603516,CCOC(=O)OCC,mol_4df2781fcf4d4a77,0.3021,0.1507,0.1051921397447586,1.4819642305374146,19.90210723876953,O,mol_e81dc06beaa39499,0.401,0.454,0.35191667079925537,1.5693193674087524,47.36835861206055
state_a5395db6e2ac1713367d63a3,3c_93c3339e467773a7c208,3,ternary_vle_english.xlsx,10.1016/j.fluid.2005.05.024,unverified,0.5,isothermal,0.9782608695652174,isothermal,,,62.97999999999999,61.64513397216797,0.0,True,False,48,CC(=O)CC(C)C,mol_0a895444a9f0f36b,0.1795,0.0464,0.04184756428003311,1.1360012292861938,12.651026725769043,CC(C)O,mol_db030b5de88f8eaf,0.2133,0.2023,0.20466168224811554,1.7204853296279907,34.37902069091797,CC(C)OC(C)C,mol_1a0ca8e5eeb68da8,0.6072,0.7513,0.7534907460212708,1.114477515220642,68.6394271850586
state_a599c51403f0a00d4bbaaf09,3c_485aadc678c8a7fb274c,3,ternary_vle_english.xlsx,10.1016/j.fluid.2011.05.011,unverified,0.5,isothermal,0.9655172413793104,isothermal,,,53.28999999999999,51.830528259277344,0.0,True,False,48,CC(=O)CC(C)C,mol_0a895444a9f0f36b,0.1885,0.13539999999999996,0.14473295211791992,1.5118180513381958,26.323410034179688,CC(C)CC(C)(C)C,mol_57615b5c3546c298,0.7228,0.7296,0.7400401830673218,1.096256971359253,48.40725326538086,CC(C)CO,mol_015d21fca05fcd26,0.0887,0.135,0.11522681266069412,2.2250735759735107,30.26015853881836
state_a5c45c98a4a7c58bded6e90c,3c_485aadc678c8a7fb274c,3,ternary_vle_english.xlsx,10.1016/j.fluid.2011.05.011,unverified,0.5,isothermal,0.9375,isothermal,,,56.2,62.106658935546875,-3.814697265625e-06,True,False,48,CC(=O)CC(C)C,mol_0a895444a9f0f36b,0.4613999999999999,0.42389999999999994,0.4106743633747101,1.1874066591262817,46.554176330566406,CC(C)CC(C)(C)C,mol_57615b5c3546c298,0.0088,0.0352,0.024655500426888466,2.1734299659729004,80.06147766113281,CC(C)CO,mol_015d21fca05fcd26,0.5298,0.5409,0.5646701455116272,1.1554348468780518,57.28956985473633
state_a74163a2448f1309c7135494,3c_93c3339e467773a7c208,3,ternary_vle_english.xlsx,10.1016/j.fluid.2005.05.024,unverified,0.5,isothermal,0.9782608695652174,isothermal,,,48.71000000000001,47.617347717285156,0.0,True,False,48,CC(=O)CC(C)C,mol_0a895444a9f0f36b,0.22320000000000007,0.08020000000000005,0.07485349476337433,1.2622846364974976,12.651026725769043,CC(C)O,mol_db030b5de88f8eaf,0.581,0.4599,0.478468120098114,1.1406399011611938,34.37902069091797,CC(C)OC(C)C,mol_1a0ca8e5eeb68da8,0.1958,0.4599,0.44667837023735046,1.5826094150543213,68.6394271850586
state_a780cca631c626e16ab66b55,3c_93c3339e467773a7c208,3,ternary_vle_english.xlsx,10.1016/j.fluid.2005.05.024,unverified,0.5,isothermal,0.9782608695652174,isothermal,,,76.26,75.31065368652344,0.0,True,False,48,CC(=O)CC(C)C,mol_0a895444a9f0f36b,0.35209999999999997,0.11140000000000005,0.09615508466959,1.0725067853927612,19.17620086669922,CC(C)O,mol_db030b5de88f8eaf,0.1706,0.206,0.21083487570285797,1.7068620920181274,54.528236389160156,CC(C)OC(C)C,mol_1a0ca8e5eeb68da8,0.4773,0.6826,0.6930099725723267,1.1370220184326172,96.16911315917969
state_a7b14485fff8666441613494,3c_93c3339e467773a7c208,3,ternary_vle_english.xlsx,10.1016/j.fluid.2005.05.024,unverified,0.5,isothermal,0.9782608695652174,isothermal,,,68.14,65.75015258789062,0.0,True,False,48,CC(=O)CC(C)C,mol_0a895444a9f0f36b,0.4808,0.1499999999999999,0.1475086361169815,1.0519309043884277,19.17620086669922,CC(C)O,mol_db030b5de88f8eaf,0.0902,0.1315,0.1408965289592743,1.8835150003433228,54.528236389160156,CC(C)OC(C)C,mol_1a0ca8e5eeb68da8,0.429,0.7185,0.7115947604179382,1.134061574935913,96.16911315917969
state_a80eee41e193159217aef5ce,3c_485aadc678c8a7fb274c,3,ternary_vle_english.xlsx,10.1016/j.fluid.2011.05.011,unverified,0.5,isothermal,0.967741935483871,isothermal,,,90.64,85.80648803710938,0.0,True,False,48,CC(=O)CC(C)C,mol_0a895444a9f0f36b,0.0403,0.02510000000000001,0.032510556280612946,1.4868967533111572,46.554176330566406,CC(C)CC(C)(C)C,mol_57615b5c3546c298,0.2786,0.5213,0.4679929316043854,1.8003407716751099,80.06147766113281,CC(C)CO,mol_015d21fca05fcd26,0.6811,0.4536,0.4994965195655823,1.0984143018722534,57.28956985473633
state_aa266ceb50f422cd61de39ea,3c_93c3339e467773a7c208,3,ternary_vle_english.xlsx,10.1016/j.fluid.2005.05.024,unverified,0.5,isothermal,0.9782608695652174,isothermal,,,72.38,71.46353149414062,-7.62939453125e-06,True,False,48,CC(=O)CC(C)C,mol_0a895444a9f0f36b,0.2218,0.07810000000000006,0.07397934049367905,1.2429989576339722,19.17620086669922,CC(C)O,mol_db030b5de88f8eaf,0.5733,0.4817,0.5006583333015442,1.1445176601409912,54.528236389160156,CC(C)OC(C)C,mol_1a0ca8e5eeb68da8,0.2049,0.4402,0.42536231875419617,1.5426446199417114,96.16911315917969
state_ab62f212699912624238116e,3c_485aadc678c8a7fb274c,3,ternary_vle_english.xlsx,10.1016/j.fluid.2011.05.011,unverified,0.5,isothermal,0.967741935483871,isothermal,,,86.6,84.85147094726562,0.0,True,False,48,CC(=O)CC(C)C,mol_0a895444a9f0f36b,0.2721,0.1955,0.20611432194709778,1.380639672279358,46.554176330566406,CC(C)CC(C)(C)C,mol_57615b5c3546c298,0.6474,0.6834,0.683471143245697,1.1188793182373047,80.06147766113281,CC(C)CO,mol_015d21fca05fcd26,0.0805,0.1211,0.11041457951068878,2.0314884185791016,57.28956985473633
state_ad46e002754aa5b069228e10,3c_93c3339e467773a7c208,3,ternary_vle_english.xlsx,10.1016/j.fluid.2005.05.024,unverified,0.5,isothermal,0.9782608695652174,isothermal,,,25.090000000000003,25.148391723632812,-1.9073486328125e-06,True,False,48,CC(=O)CC(C)C,mol_0a895444a9f0f36b,0.9278,0.7354,0.7096213698387146,1.0030438899993896,19.17620086669922,CC(C)O,mol_db030b5de88f8eaf,0.06480000000000001,0.2254,0.2510337829589844,1.786676287651062,54.528236389160156,CC(C)OC(C)C,mol_1a0ca8e5eeb68da8,0.007400000000000001,0.0392,0.039344873279333115,1.3903719186782837,96.16911315917969
state_ad5733d6abf4dcb403fed7d6,3c_485aadc678c8a7fb274c,3,ternary_vle_english.xlsx,10.1016/j.fluid.2011.05.011,unverified,0.5,isothermal,0.9655172413793104,isothermal,,,29.720000000000002,33.069557189941406,-3.814697265625e-06,True,False,48,CC(=O)CC(C)C,mol_0a895444a9f0f36b,0.5353,0.5189,0.48177406191825867,1.1306607723236084,26.323410034179688,CC(C)CC(C)(C)C,mol_57615b5c3546c298,0.0038,0.0174,0.012822720222175121,2.3052308559417725,48.40725326538086,CC(C)CO,mol_015d21fca05fcd26,0.4609,0.4637,0.5054032206535339,1.1983630657196045,30.26015853881836
state_aed664098a0ceb46986b5217,3c_93c3339e467773a7c208,3,ternary_vle_english.xlsx,10.1016/j.fluid.2005.05.024,unverified,0.5,isothermal,0.9782608695652174,isothermal,,,13.799999999999999,13.712028503417969,0.0,True,False,48,CC(=O)CC(C)C,mol_0a895444a9f0f36b,0.9799,0.9046,0.9043097496032715,1.0002565383911133,12.651026725769043,CC(C)O,mol_db030b5de88f8eaf,0.0187,0.0854,0.08652159571647644,1.8454025983810425,34.37902069091797,CC(C)OC(C)C,mol_1a0ca8e5eeb68da8,0.0014,0.01,0.009168696589767933,1.3083008527755737,68.6394271850586
state_af0f4db5b980646c30facd52,3c_485aadc678c8a7fb274c,3,ternary_vle_english.xlsx,10.1016/j.fluid.2011.05.011,unverified,0.5,isothermal,0.9642857142857143,isothermal,,,16.100000000000005,18.10159683227539,0.0,True,False,48,CC(=O)CC(C)C,mol_0a895444a9f0f36b,0.35229999999999995,0.39050000000000007,0.3504578769207001,1.244330883026123,14.47118854522705,CC(C)CC(C)(C)C,mol_57615b5c3546c298,0.013,0.0798,0.05468698963522911,2.6568052768707275,28.661426544189453,CC(C)CO,mol_015d21fca05fcd26,0.6347,0.5297,0.5948551297187805,1.0783253908157349,15.732935905456543
state_b0df254a4452cbb01a05ee31,3c_28e3b8df482e382b0f63,3,ternary_vle_english.xlsx,10.1016/j.fluid.2012.11.026,unverified,0.5,isothermal,0.9411764705882353,isothermal,,,94.72,59.5633544921875,0.0,True,False,48,CCO,mol_f29e20f49d416e54,0.11129999999999995,0.23319999999999996,0.39144355058670044,1.9351332187652588,108.25357818603516,CCOC(=O)OCC,mol_4df2781fcf4d4a77,0.6704,0.2198,0.24297299981117249,1.0846861600875854,19.90210723876953,O,mol_e81dc06beaa39499,0.2183,0.547,0.3655834496021271,2.1058316230773926,47.36835861206055
state_b5c7f420d50e21cc4bdb8fa1,3c_485aadc678c8a7fb274c,3,ternary_vle_english.xlsx,10.1016/j.fluid.2011.05.011,unverified,0.5,isothermal,0.967741935483871,isothermal,,,57.99999999999999,63.47612762451172,0.0,True,False,48,CC(=O)CC(C)C,mol_0a895444a9f0f36b,0.36629999999999996,0.3368,0.34084320068359375,1.268730878829956,46.554176330566406,CC(C)CC(C)(C)C,mol_57615b5c3546c298,0.0161,0.0665,0.045240264385938644,2.2278504371643066,80.06147766113281,CC(C)CO,mol_015d21fca05fcd26,0.6176,0.5967,0.6139165163040161,1.1013792753219604,57.28956985473633
state_b5cd86ffd4f33938717f495e,3c_93c3339e467773a7c208,3,ternary_vle_english.xlsx,10.1016/j.fluid.2005.05.024,unverified,0.5,isothermal,0.9782608695652174,isothermal,,,70.11,68.53533935546875,-7.62939453125e-06,True,False,48,CC(=O)CC(C)C,mol_0a895444a9f0f36b,0.05809999999999993,0.016199999999999992,0.013009794056415558,1.2130621671676636,12.651026725769043,CC(C)O,mol_db030b5de88f8eaf,0.1509,0.1595,0.15718485414981842,2.076550245285034,34.37902069091797,CC(C)OC(C)C,mol_1a0ca8e5eeb68da8,0.791,0.8243,0.8298053741455078,1.0474677085876465,68.6394271850586
state_b6e7074d8d7a39d9d5498716,3c_93c3339e467773a7c208,3,ternary_vle_english.xlsx,10.1016/j.fluid.2005.05.024,unverified,0.5,isothermal,0.9782608695652174,isothermal,,,35.199999999999996,33.658447265625,0.0,True,False,48,CC(=O)CC(C)C,mol_0a895444a9f0f36b,0.6833,0.2623,0.26154568791389465,1.0183672904968262,12.651026725769043,CC(C)O,mol_db030b5de88f8eaf,0.0964,0.1704,0.17731477320194244,1.8008123636245728,34.37902069091797,CC(C)OC(C)C,mol_1a0ca8e5eeb68da8,0.2203,0.5673,0.5611394643783569,1.2490410804748535,68.6394271850586
state_b6fbb14149ad0c124e360c48,3c_93c3339e467773a7c208,3,ternary_vle_english.xlsx,10.1016/j.fluid.2005.05.024,unverified,0.5,isothermal,0.9782608695652174,isothermal,,,26.439999999999994,25.373828887939453,-1.9073486328125e-06,True,False,48,CC(=O)CC(C)C,mol_0a895444a9f0f36b,0.7615000000000001,0.3844000000000001,0.3877798616886139,1.0213522911071777,12.651026725769043,CC(C)O,mol_db030b5de88f8eaf,0.1747,0.362,0.3719829022884369,1.5715293884277344,34.37902069091797,CC(C)OC(C)C,mol_1a0ca8e5eeb68da8,0.0638,0.2536,0.24023719131946564,1.3919764757156372,68.6394271850586
state_b75636c3ff20abad14fc4acf,3c_485aadc678c8a7fb274c,3,ternary_vle_english.xlsx,10.1016/j.fluid.2011.05.011,unverified,0.5,isothermal,0.967741935483871,isothermal,,,56.36000000000001,62.140098571777344,0.0,True,False,48,CC(=O)CC(C)C,mol_0a895444a9f0f36b,0.29600000000000004,0.2913,0.3011378347873688,1.3579597473144531,46.554176330566406,CC(C)CC(C)(C)C,mol_57615b5c3546c298,0.0043,0.0195,0.01314591895788908,2.3728528022766113,80.06147766113281,CC(C)CO,mol_015d21fca05fcd26,0.6997,0.6892,0.6857162714004517,1.0629894733428955,57.28956985473633
state_7f7accdadce4490aed5f0b22,3c_2d8df0569d9d03284715,3,ternary_vle_english.xlsx,10.1016/j.fluid.2007.06.005,unverified,0.5,isobaric,0.9807692307692307,isobaric,349.64,348.8013916015625,,,-0.00012969970703125,True,False,48,CC(C)CC(C)(C)C,mol_57615b5c3546c298,0.42799999999999994,0.31200000000000006,0.29718396067619324,1.4220616817474365,49.46204376220703,CCC(C)=O,mol_4cfc5db0ca2ab00b,0.527,0.588,0.6066015362739563,1.2965563535690308,89.93119812011719,CCO,mol_f29e20f49d416e54,0.045,0.1,0.09621446579694748,2.37566876411438,91.1697769165039
state_7f98afacf04a14ffcb63dbf6,3c_2d8df0569d9d03284715,3,ternary_vle_english.xlsx,10.1016/j.fluid.2007.06.005,unverified,0.5,isobaric,0.9807692307692307,isobaric,347.98,347.5994567871094,,,0.0006256103515625,True,False,48,CC(C)CC(C)(C)C,mol_57615b5c3546c298,0.43599999999999994,0.276,0.2875215411186218,1.4054876565933228,47.53013229370117,CCC(C)=O,mol_4cfc5db0ca2ab00b,0.468,0.507,0.5273757576942444,1.3204392194747925,86.45060729980469,CCO,mol_f29e20f49d416e54,0.096,0.217,0.18510262668132782,2.2485692501068115,86.865478515625
state_802096c3693d4a9053ffa829,3c_c1f86c0bca7d787912fb,3,ternary_vle_english.xlsx,10.1016/j.jct.2011.10.025,unverified,0.5,isobaric,0.9807692307692307,isobaric,360.29,359.8310852050781,,,8.392333984375e-05,True,False,48,C1CCOCC1,mol_626f3d1f5bbb6f55,0.784,0.778,0.7567442059516907,0.999340295791626,97.84293365478516,CC(C)CC(C)(C)C,mol_57615b5c3546c298,0.17199999999999993,0.128,0.1311241090297699,1.0991827249526978,70.2577133178711,CC(C)O,mol_db030b5de88f8eaf,0.044,0.094,0.11213167756795883,2.0914289951324463,123.43614196777344
state_80429d1688449c6c2f615da4,3c_f6a2de3ac0acbac84e4f,3,ternary_vle_english.xlsx,10.1016/j.fluid.2005.01.007,unverified,0.5,isobaric,0.9818181818181818,isobaric,337.98,337.6102600097656,,,4.57763671875e-05,True,False,48,CC(C)=O,mol_e04cf77cea7bbe66,0.187,0.328,0.4053557217121124,1.64347505569458,133.61070251464844,CC(C)CC(C)(C)C,mol_57615b5c3546c298,0.358,0.28400000000000003,0.2183207869529724,1.8337047100067139,33.68932342529297,CCO,mol_f29e20f49d416e54,0.455,0.388,0.37632355093955994,1.4646633863449097,57.20339584350586
state_817dbc359e3adfe8cb2b698e,3c_2d8df0569d9d03284715,3,ternary_vle_english.xlsx,10.1016/j.fluid.2007.06.005,unverified,0.5,isobaric,0.9807692307692307,isobaric,345.38,346.84674072265625,,,0.001190185546875,True,False,48,CC(C)CC(C)(C)C,mol_57615b5c3546c298,0.622,0.3540000000000001,0.3496035039424896,1.2284002304077148,46.35110092163086,CCC(C)=O,mol_4cfc5db0ca2ab00b,0.052,0.066,0.07889362424612045,1.8225995302200317,84.32606506347656,CCO,mol_f29e20f49d416e54,0.326,0.58,0.5715028643608093,2.107724666595459,84.2561264038086
state_82087a8d47fe4607f992a511,3c_1a08c4f653f7d812cdc9,3,ternary_vle_english.xlsx,10.1016/j.jct.2019.03.036,unverified,0.5,isobaric,0.972972972972973,isobaric,379.29999999999995,376.8524475097656,,,0.00020599365234375,True,False,48,CCCOC(C)=O,mol_67043ae833ecd0c7,0.1833,0.2851,0.2777597904205322,1.4140514135360718,108.55555725097656,CCOC(C)=O,mol_18876b584acc43d4,0.3075,0.6783,0.6891245245933533,1.0059795379638672,225.66995239257812,CS(C)=O,mol_7d3e12eaed0f467c,0.5092,0.036599999999999966,0.0331156961619854,1.1405529975891113,5.776175498962402
state_82483b24a5cde2c8c15753df,3c_c1f86c0bca7d787912fb,3,ternary_vle_english.xlsx,10.1016/j.jct.2011.10.025,unverified,0.5,isobaric,0.9807692307692307,isobaric,354.99,356.0488586425781,,,-0.000274658203125,True,False,48,C1CCOCC1,mol_626f3d1f5bbb6f55,0.164,0.113,0.1413148045539856,1.0032731294631958,87.00273132324219,CC(C)CC(C)(C)C,mol_57615b5c3546c298,0.649,0.43799999999999994,0.4289139211177826,1.07164466381073,62.471641540527344,CC(C)O,mol_db030b5de88f8eaf,0.187,0.449,0.4297712445259094,2.1839425563812256,106.60137939453125
state_82a5c05592c04f0ee1f65629,3c_6b60b4a3a536506a27ae,3,ternary_vle_english.xlsx,10.1016/j.fluid.2006.08.004,unverified,0.5,isobaric,0.9821428571428571,isobaric,345.86,344.5452880859375,,,-0.0004425048828125,True,False,48,CC(C)CC(C)(C)C,mol_57615b5c3546c298,0.041999999999999926,0.09299999999999997,0.09711317718029022,5.461071491241455,42.89025115966797,CC(C)OC(C)C,mol_1a0ca8e5eeb68da8,0.047,0.132,0.1998760849237442,3.8705520629882812,111.30064392089844,CCO,mol_f29e20f49d416e54,0.911,0.775,0.7030107378959656,1.019439458847046,76.68133544921875
state_8413c41ea8605dd28c31b519,3c_c1f86c0bca7d787912fb,3,ternary_vle_english.xlsx,10.1016/j.jct.2011.10.025,unverified,0.5,isobaric,0.9807692307692307,isobaric,360.95,360.5591735839844,,,-2.288818359375e-05,True,False,48,C1CCOCC1,mol_626f3d1f5bbb6f55,0.619,0.624,0.615307092666626,1.00643789768219,100.051513671875,CC(C)CC(C)(C)C,mol_57615b5c3546c298,0.33499999999999996,0.257,0.25179892778396606,1.059863805770874,71.84033203125,CC(C)O,mol_db030b5de88f8eaf,0.046,0.119,0.13289400935173035,2.3059818744659424,126.91151428222656
state_847590077dbede08add3847a,3c_f1332761d3af136f02b5,3,ternary_vle_english.xlsx,10.1016/j.fluid.2014.04.025,unverified,0.5,isobaric,0.9473684210526315,isobaric,386.47999999999996,385.8667297363281,,,-3.0517578125e-05,True,False,48,COCCO,mol_d291b272a64498d9,0.2716,0.2289,0.27424025535583496,1.3456372022628784,76.01210021972656,CS(C)=O,mol_7d3e12eaed0f467c,0.21229999999999993,0.017199999999999993,0.023775899782776833,1.3620611429214478,8.329131126403809,Cc1ccccc1,mol_1c09299644053521,0.5161,0.7539,0.7019838094711304,1.2837278842926025,107.33208465576172
state_85822f8afaa22c912cfcb53e,3c_6b60b4a3a536506a27ae,3,ternary_vle_english.xlsx,10.1016/j.fluid.2006.08.004,unverified,0.5,isobaric,0.9821428571428571,isobaric,358.25,355.6076965332031,,,0.0006561279296875,True,False,48,CC(C)CC(C)(C)C,mol_57615b5c3546c298,0.856,0.602,0.5235280394554138,1.0056045055389404,61.610008239746094,CC(C)OC(C)C,mol_1a0ca8e5eeb68da8,0.096,0.149,0.16873474419116974,1.1405246257781982,156.11366271972656,CCO,mol_f29e20f49d416e54,0.048,0.249,0.30773720145225525,5.456394672393799,119.02693176269531
state_85b1d8016a292ac443103681,3c_6e76d885d4575498aef9,3,ternary_vle_english.xlsx,10.1016/j.fluid.2015.08.014,unverified,0.5,isobaric,0.9411764705882353,isobaric,368.45,357.55633544921875,,,-0.00016021728515625,True,False,48,CO,mol_a85d32e4db2ff39c,0.398,0.839,0.917337954044342,1.107405424118042,210.83778381347656,COC(C)=O,mol_b9c4464ceb7b1e3f,0.02,0.139,0.06787744909524918,1.4230178594589233,241.5983428955078,CS(C)=O,mol_7d3e12eaed0f467c,0.582,0.02200000000000002,0.014784571714699268,1.0467829704284668,2.4583170413970947
state_863fe1ac749a4bde5cce9e0d,3c_c1f86c0bca7d787912fb,3,ternary_vle_english.xlsx,10.1016/j.jct.2011.10.025,unverified,0.5,isobaric,0.9807692307692307,isobaric,361.75,360.9253234863281,,,7.62939453125e-05,True,False,48,C1CCOCC1,mol_626f3d1f5bbb6f55,0.53,0.535,0.5364171266555786,1.0133339166641235,101.17752075195312,CC(C)CC(C)(C)C,mol_57615b5c3546c298,0.42199999999999993,0.32699999999999996,0.3153192102909088,1.0419102907180786,72.64696502685547,CC(C)O,mol_db030b5de88f8eaf,0.048,0.138,0.14826364815235138,2.4314234256744385,128.68936157226562
state_892da04c0e85c4c8fb587a25,3c_f1332761d3af136f02b5,3,ternary_vle_english.xlsx,10.1016/j.fluid.2014.04.025,unverified,0.5,isobaric,0.9473684210526315,isobaric,400.69,395.1722106933594,,,0.00037384033203125,True,False,48,COCCO,mol_d291b272a64498d9,0.4113,0.4285,0.43729597330093384,1.0485508441925049,102.71605682373047,CS(C)=O,mol_7d3e12eaed0f467c,0.3982,0.047699999999999965,0.051736269146203995,1.1047054529190063,11.914021492004395,Cc1ccccc1,mol_1c09299644053521,0.1905,0.5238,0.5109677314758301,1.9630407094955444,138.41407775878906
state_894502c847965caa1c4c834c,3c_f1332761d3af136f02b5,3,ternary_vle_english.xlsx,10.1016/j.fluid.2014.04.025,unverified,0.5,isobaric,0.9473684210526315,isobaric,403.31999999999994,400.85699462890625,,,0.0016326904296875,True,False,48,COCCO,mol_d291b272a64498d9,0.098,0.0763,0.15453636646270752,1.3028371334075928,122.61141204833984,CS(C)=O,mol_7d3e12eaed0f467c,0.6112,0.09809999999999997,0.0967756062746048,1.091979742050171,14.688735008239746,Cc1ccccc1,mol_1c09299644053521,0.2908,0.8256,0.7486880421638489,1.6239361763000488,160.6031036376953
state_896ae5350a728e58ca3b5e63,3c_f6a2de3ac0acbac84e4f,3,ternary_vle_english.xlsx,10.1016/j.fluid.2005.01.007,unverified,0.5,isobaric,0.9818181818181818,isobaric,332.32,331.88189697265625,,,-0.00016021728515625,True,False,48,CC(C)=O,mol_e04cf77cea7bbe66,0.488,0.62,0.6671162247657776,1.2516610622406006,110.6378402709961,CC(C)CC(C)(C)C,mol_57615b5c3546c298,0.267,0.18799999999999994,0.1543145626783371,2.1408088207244873,27.34806251525879,CCO,mol_f29e20f49d416e54,0.245,0.192,0.1785692572593689,1.6622118949890137,44.41840744018555
state_8996cbbd9e20c491b3a1514b,3c_f6a2de3ac0acbac84e4f,3,ternary_vle_english.xlsx,10.1016/j.fluid.2005.01.007,unverified,0.5,isobaric,0.9818181818181818,isobaric,337.55,336.3074951171875,,,0.00042724609375,True,False,48,CC(C)=O,mol_e04cf77cea7bbe66,0.285,0.476,0.5352230668067932,1.4853042364120483,128.08132934570312,CC(C)CC(C)(C)C,mol_57615b5c3546c298,0.04600000000000004,0.08800000000000008,0.0704340785741806,4.824121952056885,32.152740478515625,CCO,mol_f29e20f49d416e54,0.669,0.436,0.3943428099155426,1.104678750038147,54.053409576416016
state_89d896eeeeeb542e8da795e3,3c_6b60b4a3a536506a27ae,3,ternary_vle_english.xlsx,10.1016/j.fluid.2006.08.004,unverified,0.5,isobaric,0.9821428571428571,isobaric,346.88,346.7920837402344,,,0.00125885009765625,True,False,48,CC(C)CC(C)(C)C,mol_57615b5c3546c298,0.772,0.4139999999999999,0.3737052083015442,1.0598845481872559,46.266658782958984,CC(C)OC(C)C,mol_1a0ca8e5eeb68da8,0.05,0.056,0.06899261474609375,1.1702015399932861,119.45018005371094,CCO,mol_f29e20f49d416e54,0.178,0.53,0.5573022365570068,3.7726478576660156,84.06967163085938
state_8a1f91b838155c66500240ca,3c_2d8df0569d9d03284715,3,ternary_vle_english.xlsx,10.1016/j.fluid.2007.06.005,unverified,0.5,isobaric,0.9622641509433962,isobaric,343.98,344.9648132324219,,,0.000335693359375,True,False,48,CC(C)CC(C)(C)C,mol_57615b5c3546c298,0.21299999999999997,0.241,0.2301589399576187,2.516033887863159,43.505348205566406,CCC(C)=O,mol_4cfc5db0ca2ab00b,0.152,0.16,0.18206192553043365,1.5320684909820557,79.19691467285156,CCO,mol_f29e20f49d416e54,0.635,0.599,0.5877791047096252,1.2018635272979736,78.01824188232422
state_8a5ae575564b23061d0411b2,3c_c1f86c0bca7d787912fb,3,ternary_vle_english.xlsx,10.1016/j.jct.2011.10.025,unverified,0.5,isobaric,0.9807692307692307,isobaric,356.56,355.8879699707031,,,0.0002593994140625,True,False,48,C1CCOCC1,mol_626f3d1f5bbb6f55,0.347,0.273,0.2984130084514618,1.0063740015029907,86.56442260742188,CC(C)CC(C)(C)C,mol_57615b5c3546c298,0.46599999999999997,0.33899999999999997,0.3171994686126709,1.1093635559082031,62.15602111816406,CC(C)O,mol_db030b5de88f8eaf,0.187,0.388,0.3843875229358673,1.9657223224639893,105.92928314208984
state_8a7f750f4fae522e6c7f397c,3c_f6a2de3ac0acbac84e4f,3,ternary_vle_english.xlsx,10.1016/j.fluid.2005.01.007,unverified,0.5,isobaric,0.9818181818181818,isobaric,341.16,341.9679870605469,,,9.1552734375e-05,True,False,48,CC(C)=O,mol_e04cf77cea7bbe66,0.083,0.225,0.2818063795566559,2.2406961917877197,153.49691772460938,CC(C)CC(C)(C)C,mol_57615b5c3546c298,0.687,0.349,0.3001892566680908,1.127379298210144,39.26252365112305,CCO,mol_f29e20f49d416e54,0.23,0.426,0.41800442337989807,2.67275071144104,68.88179016113281
state_8de7b417308dccdf075dfc8e,3c_c1f86c0bca7d787912fb,3,ternary_vle_english.xlsx,10.1016/j.jct.2011.10.025,unverified,0.5,isobaric,0.9807692307692307,isobaric,355.97,356.61004638671875,,,0.0,True,False,48,C1CCOCC1,mol_626f3d1f5bbb6f55,0.15,0.105,0.13167746365070343,1.0042961835861206,88.54576873779297,CC(C)CC(C)(C)C,mol_57615b5c3546c298,0.681,0.45799999999999996,0.4521808624267578,1.0578941106796265,63.58172607421875,CC(C)O,mol_db030b5de88f8eaf,0.169,0.437,0.41614165902137756,2.2889575958251953,108.97482299804688
state_8e0637733e1e50d9a6fe4c87,3c_1a08c4f653f7d812cdc9,3,ternary_vle_english.xlsx,10.1016/j.jct.2019.03.036,unverified,0.5,isobaric,0.972972972972973,isobaric,374.28999999999996,373.608642578125,,,0.000457763671875,True,False,48,CCCOC(C)=O,mol_67043ae833ecd0c7,0.1033,0.1348,0.14533352851867676,1.4495502710342407,98.32040405273438,CCOC(C)=O,mol_18876b584acc43d4,0.3923,0.8374,0.8268348574638367,1.035880446434021,206.11151123046875,CS(C)=O,mol_7d3e12eaed0f467c,0.5044,0.027799999999999936,0.027831686660647392,1.1093659400939941,5.038497447967529
state_8ea3692022b28e539ea59d41,3c_1a08c4f653f7d812cdc9,3,ternary_vle_english.xlsx,10.1016/j.jct.2019.03.036,unverified,0.5,isobaric,0.972972972972973,isobaric,384.42999999999995,387.3345031738281,,,0.00012969970703125,True,False,48,CCCOC(C)=O,mol_67043ae833ecd0c7,0.2753,0.6306,0.594154953956604,1.482688069343567,147.4530487060547,CCOC(C)=O,mol_18876b584acc43d4,0.12,0.3202,0.34624823927879333,0.9783872365951538,298.7483825683594,CS(C)=O,mol_7d3e12eaed0f467c,0.6047,0.04919999999999991,0.05959680303931236,1.131372094154358,8.824447631835938
state_8f08ce83c675cba6bb460edc,3c_c1f86c0bca7d787912fb,3,ternary_vle_english.xlsx,10.1016/j.jct.2011.10.025,unverified,0.5,isobaric,0.9807692307692307,isobaric,359.78,358.9772033691406,,,-0.0002593994140625,True,False,48,C1CCOCC1,mol_626f3d1f5bbb6f55,0.443,0.412,0.42140036821365356,1.0110887289047241,95.3038101196289,CC(C)CC(C)(C)C,mol_57615b5c3546c298,0.46599999999999997,0.351,0.33185115456581116,1.0540931224822998,68.43634033203125,CC(C)O,mol_db030b5de88f8eaf,0.091,0.237,0.24674849212169647,2.2993180751800537,119.4599838256836
state_8f511a3cf6054db8ef163625,3c_c1f86c0bca7d787912fb,3,ternary_vle_english.xlsx,10.1016/j.jct.2011.10.025,unverified,0.5,isobaric,0.9807692307692307,isobaric,353.28,352.9609069824219,,,0.00090789794921875,True,False,48,C1CCOCC1,mol_626f3d1f5bbb6f55,0.244,0.162,0.1978367120027542,1.0409835577011108,78.9017333984375,CC(C)CC(C)(C)C,mol_57615b5c3546c298,0.375,0.29599999999999993,0.27344760298728943,1.3043049573898315,56.63397979736328,CC(C)O,mol_db030b5de88f8eaf,0.381,0.542,0.5287156701087952,1.490981936454773,94.2840347290039
state_91616e61988b18f548df3bb0,3c_f6a2de3ac0acbac84e4f,3,ternary_vle_english.xlsx,10.1016/j.fluid.2005.01.007,unverified,0.5,isobaric,0.9818181818181818,isobaric,329.2,329.04913330078125,,,0.00031280517578125,True,False,48,CC(C)=O,mol_e04cf77cea7bbe66,0.9,0.901,0.9030328989028931,1.0113072395324707,100.5052490234375,CC(C)CC(C)(C)C,mol_57615b5c3546c298,0.050999999999999934,0.06299999999999994,0.05783885344862938,4.672083377838135,24.589502334594727,CCO,mol_f29e20f49d416e54,0.049,0.036,0.03912825137376785,2.0717427730560303,39.045352935791016
state_91dae4e9d75bee03e9f6e3e0,3c_b0299b0750b396fc0e73,3,ternary_vle_english.xlsx,10.1016/j.fluid.2008.09.010,unverified,0.5,isobaric,0.9444444444444444,isobaric,373.9,345.93182373046875,,,0.0008325576782226562,True,False,48,CC(=O)O,mol_9ac385b135af0125,0.3237,0.2088,0.12286654859781265,0.246263787150383,20.546964645385742,CS(C)=O,mol_7d3e12eaed0f467c,0.5103,0.1582,0.03774648159742355,0.7070245742797852,1.3946771621704102,O,mol_e81dc06beaa39499,0.166,0.633,0.8393869400024414,1.9190802574157715,35.12515640258789
state_92644cf4396a7e42b22d2d51,3c_2d8df0569d9d03284715,3,ternary_vle_english.xlsx,10.1016/j.fluid.2007.06.005,unverified,0.5,isobaric,0.9807692307692307,isobaric,344.21,345.25201416015625,,,-1.52587890625e-05,True,False,48,CC(C)CC(C)(C)C,mol_57615b5c3546c298,0.41100000000000003,0.2879999999999999,0.2823661267757416,1.5842137336730957,43.93052673339844,CCC(C)=O,mol_4cfc5db0ca2ab00b,0.159,0.167,0.19223760068416595,1.5316576957702637,79.96296691894531,CCO,mol_f29e20f49d416e54,0.43,0.545,0.5253962874412537,1.5678564310073853,78.94445037841797
state_926a8c9358206e37ec755931,3c_6e76d885d4575498aef9,3,ternary_vle_english.xlsx,10.1016/j.fluid.2015.08.014,unverified,0.5,isobaric,0.9411764705882353,isobaric,353.03,353.4418029785156,,,0.0013580322265625,True,False,48,CO,mol_a85d32e4db2ff39c,0.217,0.262,0.5021884441375732,1.284229040145874,182.54913330078125,COC(C)=O,mol_b9c4464ceb7b1e3f,0.195,0.727,0.4860592186450958,1.1790140867233276,214.16616821289062,CS(C)=O,mol_7d3e12eaed0f467c,0.588,0.01100000000000001,0.011752401478588581,1.0017811059951782,2.0211181640625
state_938339b3d2ad10e85d13180c,3c_f1332761d3af136f02b5,3,ternary_vle_english.xlsx,10.1016/j.fluid.2014.04.025,unverified,0.5,isobaric,0.9473684210526315,isobaric,387.45,386.67462158203125,,,-0.00014495849609375,True,False,48,COCCO,mol_d291b272a64498d9,0.1429,0.1414,0.17603018879890442,1.5983766317367554,78.07008361816406,CS(C)=O,mol_7d3e12eaed0f467c,0.2257,0.021299999999999986,0.028788259252905846,1.5026458501815796,8.598764419555664,Cc1ccccc1,mol_1c09299644053521,0.6314,0.8373,0.7951815724372864,1.1620051860809326,109.78993225097656
state_951cfd04d0c2172b1ca04968,3c_20e37ef734cab2512529,3,ternary_vle_english.xlsx,10.1016/j.fluid.2012.12.020,unverified,0.5,isobaric,0.9230769230769231,isobaric,391.37,392.5835266113281,,,6.103515625e-05,True,False,48,CC(C)O,mol_db030b5de88f8eaf,0.1068,0.3002,0.34476280212402344,0.8648532032966614,376.9887390136719,CCCCCO,mol_243de2450bee5519,0.5114000000000001,0.38660000000000005,0.2629877030849457,0.9722548127174377,53.42152404785156,CCCCO,mol_ad4ef9c6c876ca2f,0.3818,0.3132,0.39224952459335327,0.9603915214538574,108.04378509521484
state_953669ee78090280c2ad2ede,3c_f6a2de3ac0acbac84e4f,3,ternary_vle_english.xlsx,10.1016/j.fluid.2005.01.007,unverified,0.5,isobaric,0.9818181818181818,isobaric,331.01,330.7605895996094,,,-0.00029754638671875,True,False,48,CC(C)=O,mol_e04cf77cea7bbe66,0.585,0.695,0.7353432178497314,1.195239782333374,106.53379821777344,CC(C)CC(C)(C)C,mol_57615b5c3546c298,0.265,0.17600000000000005,0.1480906754732132,2.15838623046875,26.227739334106445,CCO,mol_f29e20f49d416e54,0.15,0.129,0.11656610667705536,1.8644769191741943,42.22135543823242
state_9888e5f0588a719b27c4ca25,3c_1a08c4f653f7d812cdc9,3,ternary_vle_english.xlsx,10.1016/j.jct.2019.03.036,unverified,0.5,isobaric,0.972972972972973,isobaric,383.28,379.8134460449219,,,0.00022125244140625,True,False,48,CCCOC(C)=O,mol_67043ae833ecd0c7,0.2787,0.4805,0.4415726363658905,1.3531445264816284,118.6127700805664,CCOC(C)=O,mol_18876b584acc43d4,0.2223,0.4748,0.5202386379241943,0.9686468839645386,244.74176025390625,CS(C)=O,mol_7d3e12eaed0f467c,0.499,0.04469999999999996,0.03818872198462486,1.1875282526016235,6.528314113616943
state_98dfa19a5740eb972e9feb3c,3c_c1f86c0bca7d787912fb,3,ternary_vle_english.xlsx,10.1016/j.jct.2011.10.025,unverified,0.5,isobaric,0.9807692307692307,isobaric,356.33,354.06866455078125,,,-6.103515625e-05,True,False,48,C1CCOCC1,mol_626f3d1f5bbb6f55,0.559,0.473,0.4672749936580658,1.0360276699066162,81.73321533203125,CC(C)CC(C)(C)C,mol_57615b5c3546c298,0.15500000000000003,0.122,0.11784907430410385,1.3126291036605835,58.676151275634766,CC(C)O,mol_db030b5de88f8eaf,0.286,0.405,0.41487595438957214,1.4909180402755737,98.56157684326172
state_99083ce6838dc861e3e96a41,3c_f6a2de3ac0acbac84e4f,3,ternary_vle_english.xlsx,10.1016/j.fluid.2005.01.007,unverified,0.5,isobaric,0.9818181818181818,isobaric,348.84,350.8464660644531,,,-0.0002593994140625,True,False,48,CC(C)=O,mol_e04cf77cea7bbe66,0.068,0.321,0.3636741638183594,2.6924242973327637,201.2187042236328,CC(C)CC(C)(C)C,mol_57615b5c3546c298,0.895,0.47,0.4695565700531006,1.0048125982284546,52.89177703857422,CCO,mol_f29e20f49d416e54,0.037,0.209,0.16676931083202362,4.616583824157715,98.90129852294922
state_992d5361637d82459aa2ef03,3c_2d8df0569d9d03284715,3,ternary_vle_english.xlsx,10.1016/j.fluid.2007.06.005,unverified,0.5,isobaric,0.9807692307692307,isobaric,346.26,345.5432434082031,,,-6.103515625e-05,True,False,48,CC(C)CC(C)(C)C,mol_57615b5c3546c298,0.04599999999999993,0.07400000000000007,0.06898101419210434,3.4240803718566895,44.36464309692383,CCC(C)=O,mol_4cfc5db0ca2ab00b,0.549,0.499,0.497149795293808,1.136063814163208,80.74606323242188,CCO,mol_f29e20f49d416e54,0.405,0.427,0.4338691532611847,1.3583202362060547,79.89337921142578
state_9b067e5b43fd88a9c5909528,3c_1a08c4f653f7d812cdc9,3,ternary_vle_english.xlsx,10.1016/j.jct.2019.03.036,unverified,0.5,isobaric,0.972972972972973,isobaric,379.2,382.28594970703125,,,0.0002288818359375,True,False,48,CCCOC(C)=O,mol_67043ae833ecd0c7,0.1679,0.3698,0.3257787823677063,1.5409201383590698,127.55644226074219,CCOC(C)=O,mol_18876b584acc43d4,0.2364,0.592,0.6275776624679565,1.0280252695083618,261.59332275390625,CS(C)=O,mol_7d3e12eaed0f467c,0.5957,0.03820000000000001,0.04664362221956253,1.0987509489059448,7.218979835510254
state_9c9fa80d5c3f832a80c65ab4,3c_f1332761d3af136f02b5,3,ternary_vle_english.xlsx,10.1016/j.fluid.2014.04.025,unverified,0.5,isobaric,0.9473684210526315,isobaric,397.77,393.7740478515625,,,0.00031280517578125,True,False,48,COCCO,mol_d291b272a64498d9,0.6142,0.6154,0.5926838517189026,0.9948036670684814,98.26224517822266,CS(C)=O,mol_7d3e12eaed0f467c,0.26039999999999996,0.024800000000000044,0.03235508129000664,1.1134642362594604,11.304101943969727,Cc1ccccc1,mol_1c09299644053521,0.1254,0.3598,0.37496107816696167,2.2715907096862793,133.34274291992188
state_9ea75aefddfbbf768b55f796,3c_c1f86c0bca7d787912fb,3,ternary_vle_english.xlsx,10.1016/j.jct.2011.10.025,unverified,0.5,isobaric,0.9807692307692307,isobaric,351.26,351.70892333984375,,,-0.0001983642578125,True,False,48,C1CCOCC1,mol_626f3d1f5bbb6f55,0.055,0.037,0.054660260677337646,1.3281664848327637,75.79927825927734,CC(C)CC(C)(C)C,mol_57615b5c3546c298,0.22199999999999998,0.2829999999999999,0.24175144731998444,2.0280277729034424,54.393978118896484,CC(C)O,mol_db030b5de88f8eaf,0.723,0.68,0.7035883665084839,1.0998260974884033,89.63237762451172
state_9f72d2d80ac5f0e9d1cefa41,3c_1a08c4f653f7d812cdc9,3,ternary_vle_english.xlsx,10.1016/j.jct.2019.03.036,unverified,0.5,isobaric,0.972972972972973,isobaric,386.65999999999997,384.6524963378906,,,0.00146484375,True,False,48,CCCOC(C)=O,mol_67043ae833ecd0c7,0.3866,0.7311,0.6816256046295166,1.3074915409088135,136.60321044921875,CCOC(C)=O,mol_18876b584acc43d4,0.1056,0.2152,0.2693421542644501,0.9276129603385925,278.5411376953125,CS(C)=O,mol_7d3e12eaed0f467c,0.5078,0.05370000000000008,0.04903225228190422,1.2323201894760132,7.937456130981445
state_a250b025b813a824b905b215,3c_c1f86c0bca7d787912fb,3,ternary_vle_english.xlsx,10.1016/j.jct.2011.10.025,unverified,0.5,isobaric,0.9807692307692307,isobaric,354.29,352.6435241699219,,,0.00109100341796875,True,False,48,C1CCOCC1,mol_626f3d1f5bbb6f55,0.153,0.147,0.17394079267978668,1.474491834640503,78.10552978515625,CC(C)CC(C)(C)C,mol_57615b5c3546c298,0.04299999999999993,0.06699999999999995,0.0661822035908699,2.7812514305114746,56.05916976928711,CC(C)O,mol_db030b5de88f8eaf,0.804,0.786,0.7598770260810852,1.0285190343856812,93.08699798583984
state_a2839732b73174eae6ede874,3c_6b60b4a3a536506a27ae,3,ternary_vle_english.xlsx,10.1016/j.fluid.2006.08.004,unverified,0.5,isobaric,0.9821428571428571,isobaric,341.28,339.40869140625,,,-2.288818359375e-05,True,False,48,CC(C)CC(C)(C)C,mol_57615b5c3546c298,0.251,0.131,0.10635956376791,1.195459246635437,35.9068603515625,CC(C)OC(C)C,mol_1a0ca8e5eeb68da8,0.606,0.602,0.5942556262016296,1.0530993938446045,94.32801055908203,CCO,mol_f29e20f49d416e54,0.143,0.267,0.29938483238220215,3.431537628173828,61.80367660522461
state_a3356e5a3f30d3188839fca0,3c_6b60b4a3a536506a27ae,3,ternary_vle_english.xlsx,10.1016/j.fluid.2006.08.004,unverified,0.5,isobaric,0.9821428571428571,isobaric,343.15,342.3962707519531,,,-0.0004119873046875,True,False,48,CC(C)CC(C)(C)C,mol_57615b5c3546c298,0.249,0.256,0.23510120809078217,2.40028977394104,39.84735870361328,CC(C)OC(C)C,mol_1a0ca8e5eeb68da8,0.096,0.141,0.19832837581634521,2.0137088298797607,103.92610931396484,CCO,mol_f29e20f49d416e54,0.655,0.603,0.5665704011917114,1.249452829360962,70.12944793701172
state_a3538c2ab12a961069646c35,3c_6b60b4a3a536506a27ae,3,ternary_vle_english.xlsx,10.1016/j.fluid.2006.08.004,unverified,0.5,isobaric,0.9821428571428571,isobaric,340.36,338.3128356933594,,,0.0003204345703125,True,False,48,CC(C)CC(C)(C)C,mol_57615b5c3546c298,0.15400000000000003,0.07800000000000007,0.0667843222618103,1.2717854976654053,34.542259216308594,CC(C)OC(C)C,mol_1a0ca8e5eeb68da8,0.704,0.692,0.6578163504600525,1.0402687788009644,90.99075317382812,CCO,mol_f29e20f49d416e54,0.142,0.23,0.2753993570804596,3.3318686485290527,58.96543884277344
state_a401fa6ccee0722be876736e,3c_f6a2de3ac0acbac84e4f,3,ternary_vle_english.xlsx,10.1016/j.fluid.2005.01.007,unverified,0.5,isobaric,0.9818181818181818,isobaric,335.64,334.97113037109375,,,0.00060272216796875,True,False,48,CC(C)=O,mol_e04cf77cea7bbe66,0.286,0.444,0.5262872576713562,1.5204877853393555,122.59871673583984,CC(C)CC(C)(C)C,mol_57615b5c3546c298,0.371,0.249,0.19368363916873932,1.726256012916565,30.63556480407715,CCO,mol_f29e20f49d416e54,0.343,0.307,0.2800291180610657,1.6224243640899658,50.97493362426758
state_a41278cc389aa324670df80a,3c_f6a2de3ac0acbac84e4f,3,ternary_vle_english.xlsx,10.1016/j.fluid.2005.01.007,unverified,0.5,isobaric,0.9818181818181818,isobaric,337.57,337.186767578125,,,0.00042724609375,True,False,48,CC(C)=O,mol_e04cf77cea7bbe66,0.184,0.37,0.4623487591743469,1.9313842058181763,131.7936553955078,CC(C)CC(C)(C)C,mol_57615b5c3546c298,0.5740000000000001,0.29600000000000004,0.23315934836864471,1.2400226593017578,33.18353271484375,CCO,mol_f29e20f49d416e54,0.242,0.334,0.30449187755584717,2.2694504261016846,56.163089752197266
state_a49b1fb798b51692d1b5a2e8,3c_c1f86c0bca7d787912fb,3,ternary_vle_english.xlsx,10.1016/j.jct.2011.10.025,unverified,0.5,isobaric,0.9807692307692307,isobaric,357.52,355.4089050292969,,,-0.0001373291015625,True,False,48,C1CCOCC1,mol_626f3d1f5bbb6f55,0.636,0.563,0.5425968170166016,1.0135200023651123,85.27008056640625,CC(C)CC(C)(C)C,mol_57615b5c3546c298,0.16700000000000004,0.1260000000000001,0.12299586087465286,1.2185903787612915,61.2244873046875,CC(C)O,mol_db030b5de88f8eaf,0.197,0.311,0.3344072997570038,1.6542667150497437,103.94721984863281
state_a49ec901ed71fe6db44398fe,3c_1a08c4f653f7d812cdc9,3,ternary_vle_english.xlsx,10.1016/j.jct.2019.03.036,unverified,0.5,isobaric,0.972972972972973,isobaric,376.65,375.0828857421875,,,0.0001983642578125,True,False,48,CCCOC(C)=O,mol_67043ae833ecd0c7,0.1384,0.1971,0.2017732858657837,1.435599446296692,102.87374877929688,CCOC(C)=O,mol_18876b584acc43d4,0.354,0.7712,0.7680624723434448,1.0230741500854492,214.83078002929688,CS(C)=O,mol_7d3e12eaed0f467c,0.5076,0.03170000000000006,0.030164239928126335,1.1224539279937744,5.363058567047119
state_a5b0132fff1b8e8c119d8c47,3c_2d8df0569d9d03284715,3,ternary_vle_english.xlsx,10.1016/j.fluid.2007.06.005,unverified,0.5,isobaric,0.9807692307692307,isobaric,344.81,344.82147216796875,,,0.000335693359375,True,False,48,CC(C)CC(C)(C)C,mol_57615b5c3546c298,0.131,0.15700000000000003,0.14945614337921143,2.669449806213379,43.29438781738281,CCC(C)=O,mol_4cfc5db0ca2ab00b,0.463,0.409,0.42311784625053406,1.1745538711547852,78.81671142578125,CCO,mol_f29e20f49d416e54,0.406,0.434,0.42742598056793213,1.375025987625122,77.55947875976562
state_a5ba69b816eca0d68530a372,3c_f6a2de3ac0acbac84e4f,3,ternary_vle_english.xlsx,10.1016/j.fluid.2005.01.007,unverified,0.5,isobaric,0.9818181818181818,isobaric,340.77,341.22406005859375,,,0.0,True,False,48,CC(C)=O,mol_e04cf77cea7bbe66,0.087,0.194,0.2487385869026184,1.9315074682235718,149.9467315673828,CC(C)CC(C)(C)C,mol_57615b5c3546c298,0.482,0.32600000000000007,0.27200010418891907,1.4940439462661743,38.26203918457031,CCO,mol_f29e20f49d416e54,0.431,0.48,0.47926127910614014,1.6873441934585571,66.75762176513672
state_a5e93cd98a59e19ee41817d8,3c_b0299b0750b396fc0e73,3,ternary_vle_english.xlsx,10.1016/j.fluid.2008.09.010,unverified,0.5,isobaric,0.9444444444444444,isobaric,391.91999999999996,370.04052734375,,,1.9073486328125e-05,True,False,48,CC(=O)O,mol_9ac385b135af0125,0.2624000000000001,0.209,0.1657046228647232,0.16567619144916534,50.8090934753418,CS(C)=O,mol_7d3e12eaed0f467c,0.6943999999999999,0.5291,0.19346387684345245,0.8593176007270813,4.3218255043029785,O,mol_e81dc06beaa39499,0.04320000000000001,0.2619,0.6408315300941467,2.184096097946167,90.5355453491211
state_a62d68c16e1f4d7600ff7e71,3c_f6a2de3ac0acbac84e4f,3,ternary_vle_english.xlsx,10.1016/j.fluid.2005.01.007,unverified,0.5,isobaric,0.9818181818181818,isobaric,338.39,338.1494445800781,,,0.0004730224609375,True,False,48,CC(C)=O,mol_e04cf77cea7bbe66,0.184,0.347,0.3966628313064575,1.6062774658203125,135.95481872558594,CC(C)CC(C)(C)C,mol_57615b5c3546c298,0.14500000000000002,0.20900000000000007,0.1651000678539276,3.358628511428833,34.342254638671875,CCO,mol_f29e20f49d416e54,0.671,0.444,0.4382370710372925,1.1299511194229126,58.55155563354492
state_a6bc4ce37248772e0f313fd8,3c_c1f86c0bca7d787912fb,3,ternary_vle_english.xlsx,10.1016/j.jct.2011.10.025,unverified,0.5,isobaric,0.9807692307692307,isobaric,355.03,353.07867431640625,,,0.0010833740234375,True,False,48,C1CCOCC1,mol_626f3d1f5bbb6f55,0.463,0.376,0.38799506425857544,1.0718649625778198,79.19891357421875,CC(C)CC(C)(C)C,mol_57615b5c3546c298,0.15100000000000002,0.128,0.12200109660625458,1.4397468566894531,56.84794235229492,CC(C)O,mol_db030b5de88f8eaf,0.386,0.496,0.4900037944316864,1.3574758768081665,94.73143768310547
state_a9936b87e357f0c5157c864a,3c_f6a2de3ac0acbac84e4f,3,ternary_vle_english.xlsx,10.1016/j.fluid.2005.01.007,unverified,0.5,isobaric,0.9818181818181818,isobaric,334.31,333.5318908691406,,,0.001373291015625,True,False,48,CC(C)=O,mol_e04cf77cea7bbe66,0.395,0.533,0.5906882882118225,1.2958190441131592,116.90477752685547,CC(C)CC(C)(C)C,mol_57615b5c3546c298,0.15700000000000003,0.17300000000000004,0.1324792206287384,2.9408318996429443,29.066532135009766,CCO,mol_f29e20f49d416e54,0.448,0.294,0.2768324613571167,1.3088611364364624,47.82563400268555
state_aa3ec981dff32241c86fc13e,3c_6b60b4a3a536506a27ae,3,ternary_vle_english.xlsx,10.1016/j.fluid.2006.08.004,unverified,0.5,isobaric,0.9821428571428571,isobaric,339.78,337.8954772949219,,,0.0004425048828125,True,False,48,CC(C)CC(C)(C)C,mol_57615b5c3546c298,0.1499999999999998,0.10899999999999999,0.09160290658473969,1.8177006244659424,34.03352737426758,CC(C)OC(C)C,mol_1a0ca8e5eeb68da8,0.3940000000000001,0.451,0.4852938652038574,1.3903061151504517,89.7448501586914,CCO,mol_f29e20f49d416e54,0.4560000000000001,0.44,0.4231031835079193,1.622987985610962,57.91319274902344
state_ad6a067cdcfad156338001f1,3c_f6a2de3ac0acbac84e4f,3,ternary_vle_english.xlsx,10.1016/j.fluid.2005.01.007,unverified,0.5,isobaric,0.9818181818181818,isobaric,336.19,335.5758056640625,,,0.00063323974609375,True,False,48,CC(C)=O,mol_e04cf77cea7bbe66,0.285,0.446,0.5044755339622498,1.4338458776474,125.05611419677734,CC(C)CC(C)(C)C,mol_57615b5c3546c298,0.15100000000000002,0.19100000000000006,0.14531336724758148,3.113081932067871,31.31484603881836,CCO,mol_f29e20f49d416e54,0.564,0.363,0.35021111369132996,1.2015806436538696,52.34920120239258
state_ae539afdd041aa06d3bc55be,3c_f6a2de3ac0acbac84e4f,3,ternary_vle_english.xlsx,10.1016/j.fluid.2005.01.007,unverified,0.5,isobaric,0.9818181818181818,isobaric,340.08,339.1219482421875,,,0.0003204345703125,True,False,48,CC(C)=O,mol_e04cf77cea7bbe66,0.183,0.381,0.43134573101997375,1.7023189067840576,140.2633819580078,CC(C)CC(C)(C)C,mol_57615b5c3546c298,0.040999999999999925,0.09799999999999998,0.07757817953824997,5.3924031257629395,35.545467376708984,CCO,mol_f29e20f49d416e54,0.776,0.521,0.4910760819911957,1.0500496625900269,61.050331115722656
state_ae7e14352e83583765ca0348,3c_6e76d885d4575498aef9,3,ternary_vle_english.xlsx,10.1016/j.fluid.2015.08.014,unverified,0.5,isobaric,0.9411764705882353,isobaric,360.4,354.14306640625,,,-0.00025177001953125,True,False,48,CO,mol_a85d32e4db2ff39c,0.381,0.624,0.7953802943229675,1.1300548315048218,187.13658142089844,COC(C)=O,mol_b9c4464ceb7b1e3f,0.065,0.362,0.19279120862483978,1.3740705251693726,218.66195678710938,CS(C)=O,mol_7d3e12eaed0f467c,0.554,0.014000000000000012,0.01182849146425724,1.0346263647079468,2.090472459793091
state_aeedd4d9212bf6802342ed0d,3c_6b60b4a3a536506a27ae,3,ternary_vle_english.xlsx,10.1016/j.fluid.2006.08.004,unverified,0.5,isobaric,0.9821428571428571,isobaric,345.64,343.28759765625,,,-0.0001983642578125,True,False,48,CC(C)CC(C)(C)C,mol_57615b5c3546c298,0.548,0.29499999999999993,0.23900525271892548,1.075280785560608,41.08787155151367,CC(C)OC(C)C,mol_1a0ca8e5eeb68da8,0.303,0.329,0.35530778765678406,1.110828161239624,106.93597412109375,CCO,mol_f29e20f49d416e54,0.149,0.376,0.4056869149208069,3.789262533187866,72.78781127929688
state_af146b41c4c505eaf5627730,3c_f6a2de3ac0acbac84e4f,3,ternary_vle_english.xlsx,10.1016/j.fluid.2005.01.007,unverified,0.5,isobaric,0.9818181818181818,isobaric,340.92,341.4961853027344,,,1.52587890625e-05,True,False,48,CC(C)=O,mol_e04cf77cea7bbe66,0.083,0.204,0.25663620233535767,2.071038246154785,151.2381134033203,CC(C)CC(C)(C)C,mol_57615b5c3546c298,0.587,0.33399999999999996,0.2842552363872528,1.270000696182251,38.62565994262695,CCO,mol_f29e20f49d416e54,0.33,0.462,0.45910853147506714,2.0870165824890137,67.5281753540039
state_af60ce9e1a4622a89ad50ceb,3c_f6a2de3ac0acbac84e4f,3,ternary_vle_english.xlsx,10.1016/j.fluid.2005.01.007,unverified,0.5,isobaric,0.9818181818181818,isobaric,332.12,331.0976867675781,,,-0.000518798828125,True,False,48,CC(C)=O,mol_e04cf77cea7bbe66,0.479,0.716,0.7715404033660889,1.514238953590393,107.754638671875,CC(C)CC(C)(C)C,mol_57615b5c3546c298,0.47,0.21799999999999997,0.1728893220424652,1.4029444456100464,26.560550689697266,CCO,mol_f29e20f49d416e54,0.051,0.066,0.055570293217897415,2.5745790004730225,42.87197494506836
state_b0984db9574fe6410372e2c4,3c_b0299b0750b396fc0e73,3,ternary_vle_english.xlsx,10.1016/j.fluid.2008.09.010,unverified,0.5,isobaric,0.9444444444444444,isobaric,373.79999999999995,347.541748046875,,,9.632110595703125e-05,True,False,48,CC(=O)O,mol_9ac385b135af0125,0.3248,0.243,0.12760430574417114,0.238864004611969,21.924610137939453,CS(C)=O,mol_7d3e12eaed0f467c,0.526,0.15800000000000003,0.04274044558405876,0.7161681056022644,1.512417197227478,O,mol_e81dc06beaa39499,0.1492,0.599,0.8296552300453186,1.9717098474502563,37.594051361083984
state_b1e850e5a7f3972dc30f0c6f,3c_2d8df0569d9d03284715,3,ternary_vle_english.xlsx,10.1016/j.fluid.2007.06.005,unverified,0.5,isobaric,0.9807692307692307,isobaric,346.4,345.8669128417969,,,6.103515625e-05,True,False,48,CC(C)CC(C)(C)C,mol_57615b5c3546c298,0.14400000000000002,0.17300000000000004,0.1575240045785904,2.470674514770508,44.851654052734375,CCC(C)=O,mol_4cfc5db0ca2ab00b,0.637,0.567,0.5530741810798645,1.077551245689392,81.62358856201172,CCO,mol_f29e20f49d416e54,0.219,0.26,0.2894018590450287,1.6534979343414307,80.95865631103516
state_b1efb32e37f2adf67d6222ce,3c_6e76d885d4575498aef9,3,ternary_vle_english.xlsx,10.1016/j.fluid.2015.08.014,unverified,0.5,isobaric,0.9411764705882353,isobaric,351.46,354.5959777832031,,,-0.0003814697265625,True,False,48,CO,mol_a85d32e4db2ff39c,0.133,0.142,0.34853899478912354,1.39608895778656,190.14918518066406,COC(C)=O,mol_b9c4464ceb7b1e3f,0.264,0.847,0.6387173533439636,1.1059521436691284,221.60333251953125,CS(C)=O,mol_7d3e12eaed0f467c,0.603,0.01100000000000001,0.01274357084184885,1.0020995140075684,2.1363422870635986
state_b23c47abb887dabb20abb854,3c_c1f86c0bca7d787912fb,3,ternary_vle_english.xlsx,10.1016/j.jct.2011.10.025,unverified,0.5,isobaric,0.9807692307692307,isobaric,360.0,358.5337829589844,,,0.000274658203125,True,False,48,C1CCOCC1,mol_626f3d1f5bbb6f55,0.548,0.514,0.5108428001403809,1.0045194625854492,94.0067367553711,CC(C)CC(C)(C)C,mol_57615b5c3546c298,0.359,0.27,0.25828465819358826,1.0796253681182861,67.50589752197266,CC(C)O,mol_db030b5de88f8eaf,0.093,0.216,0.23087261617183685,2.1413931846618652,117.4366683959961
state_b30c1aa0872ba5c30e2baa96,3c_20e37ef734cab2512529,3,ternary_vle_english.xlsx,10.1016/j.fluid.2012.12.020,unverified,0.5,isobaric,0.9230769230769231,isobaric,403.03999999999996,407.3983459472656,,,0.00081634521484375,True,False,48,CC(C)O,mol_db030b5de88f8eaf,0.0151,0.1974,0.07232452929019928,0.8361960649490356,578.5293579101562,CCCCCO,mol_243de2450bee5519,0.909,0.49660000000000004,0.808765709400177,0.9991386532783508,89.94105529785156,CCCCO,mol_ad4ef9c6c876ca2f,0.0759,0.306,0.1189098060131073,0.8953734636306763,176.72442626953125
state_b394d53f91d23e6aa2010904,3c_6b60b4a3a536506a27ae,3,ternary_vle_english.xlsx,10.1016/j.fluid.2006.08.004,unverified,0.5,isobaric,0.9821428571428571,isobaric,348.41,345.6752624511719,,,-0.0002899169921875,True,False,48,CC(C)CC(C)(C)C,mol_57615b5c3546c298,0.45199999999999996,0.256,0.20978139340877533,1.0550339221954346,44.56258010864258,CC(C)OC(C)C,mol_1a0ca8e5eeb68da8,0.501,0.604,0.6093050241470337,1.068116545677185,115.34176635742188,CCO,mol_f29e20f49d416e54,0.047,0.14,0.18091356754302979,4.854261875152588,80.32640075683594
state_b468641777e8d2bc882be83e,3c_2d8df0569d9d03284715,3,ternary_vle_english.xlsx,10.1016/j.fluid.2007.06.005,unverified,0.5,isobaric,0.9807692307692307,isobaric,346.58,346.43011474609375,,,0.00025177001953125,True,False,48,CC(C)CC(C)(C)C,mol_57615b5c3546c298,0.04599999999999993,0.1120000000000001,0.10081975907087326,4.857339859008789,45.708805084228516,CCC(C)=O,mol_4cfc5db0ca2ab00b,0.146,0.185,0.20978900790214539,1.7501776218414307,83.16839599609375,CCO,mol_f29e20f49d416e54,0.808,0.703,0.6893912553787231,1.0433260202407837,82.8409194946289
state_b58d2554eb9cb135f050f37b,3c_1a08c4f653f7d812cdc9,3,ternary_vle_english.xlsx,10.1016/j.jct.2019.03.036,unverified,0.5,isobaric,0.972972972972973,isobaric,387.46,386.6986999511719,,,3.0517578125e-05,True,False,48,CCCOC(C)=O,mol_67043ae833ecd0c7,0.4217,0.8221,0.782457172870636,1.297877550125122,144.82144165039062,CCOC(C)=O,mol_18876b584acc43d4,0.0615,0.1217,0.16297785937786102,0.9135315418243408,293.8593444824219,CS(C)=O,mol_7d3e12eaed0f467c,0.5167999999999999,0.05619999999999992,0.05456499755382538,1.2426657676696777,8.606903076171875
state_b623fb086115e0c242c183d9,3c_c1f86c0bca7d787912fb,3,ternary_vle_english.xlsx,10.1016/j.jct.2011.10.025,unverified,0.5,isobaric,0.9807692307692307,isobaric,350.93,351.73553466796875,,,0.000579833984375,True,False,48,C1CCOCC1,mol_626f3d1f5bbb6f55,0.053,0.03,0.04767657443881035,1.2011700868606567,75.86415100097656,CC(C)CC(C)(C)C,mol_57615b5c3546c298,0.33399999999999996,0.33599999999999997,0.2991773188114166,1.6667532920837402,54.44058609008789,CC(C)O,mol_db030b5de88f8eaf,0.613,0.634,0.6531460881233215,1.2028924226760864,89.72944641113281
state_b80dda9e065f5d6ca8d67b06,3c_c1f86c0bca7d787912fb,3,ternary_vle_english.xlsx,10.1016/j.jct.2011.10.025,unverified,0.5,isobaric,0.9807692307692307,isobaric,355.96,354.0063171386719,,,0.00017547607421875,True,False,48,C1CCOCC1,mol_626f3d1f5bbb6f55,0.452,0.36,0.3736729919910431,1.026653528213501,81.57171630859375,CC(C)CC(C)(C)C,mol_57615b5c3546c298,0.258,0.20100000000000007,0.18898038566112518,1.2670974731445312,58.559486389160156,CC(C)O,mol_db030b5de88f8eaf,0.29,0.439,0.43734657764434814,1.5538489818572998,98.31712341308594
state_b882525cb714ca4cd4e59e22,3c_1a08c4f653f7d812cdc9,3,ternary_vle_english.xlsx,10.1016/j.jct.2019.03.036,unverified,0.5,isobaric,0.972972972972973,isobaric,382.78,385.6799621582031,,,0.0018157958984375,True,False,48,CCCOC(C)=O,mol_67043ae833ecd0c7,0.2384,0.5387,0.4982171356678009,1.5048309564590454,140.68310546875,CCOC(C)=O,mol_18876b584acc43d4,0.1588,0.4158,0.44670119881629944,0.9958198666572571,286.1561279296875,CS(C)=O,mol_7d3e12eaed0f467c,0.6028,0.045500000000000096,0.055081624537706375,1.1195906400680542,8.267828941345215
state_ba24fe95f7d024893838b309,3c_93c3339e467773a7c208,3,ternary_vle_english.xlsx,10.1016/j.fluid.2005.05.024,unverified,0.5,isothermal,0.9782608695652174,isothermal,,,98.94,97.81800842285156,-7.62939453125e-06,True,False,48,CC(=O)CC(C)C,mol_0a895444a9f0f36b,0.056599999999999984,0.015000000000000013,0.012727746739983559,1.1470736265182495,19.17620086669922,CC(C)O,mol_db030b5de88f8eaf,0.237,0.2261,0.22981569170951843,1.7395169734954834,54.528236389160156,CC(C)OC(C)C,mol_1a0ca8e5eeb68da8,0.7064,0.7589,0.7574566006660461,1.0906621217727661,96.16911315917969
state_bb6f111b01736e7c23173a2c,3c_93c3339e467773a7c208,3,ternary_vle_english.xlsx,10.1016/j.fluid.2005.05.024,unverified,0.5,isothermal,0.9782608695652174,isothermal,,,76.63,74.5682373046875,0.0,True,False,48,CC(=O)CC(C)C,mol_0a895444a9f0f36b,0.36440000000000006,0.10919999999999996,0.10102767497301102,1.0780857801437378,19.17620086669922,CC(C)O,mol_db030b5de88f8eaf,0.1071,0.1398,0.14865104854106903,1.8980642557144165,54.528236389160156,CC(C)OC(C)C,mol_1a0ca8e5eeb68da8,0.5285,0.751,0.7503213286399841,1.1008307933807373,96.16911315917969
state_bd69107df3be0dfb698539a8,3c_485aadc678c8a7fb274c,3,ternary_vle_english.xlsx,10.1016/j.fluid.2011.05.011,unverified,0.5,isothermal,0.9642857142857143,isothermal,,,15.759999999999998,17.682571411132812,-1.9073486328125e-06,True,False,48,CC(=O)CC(C)C,mol_0a895444a9f0f36b,0.4455,0.47940000000000005,0.4271644949913025,1.171624779701233,14.47118854522705,CC(C)CC(C)(C)C,mol_57615b5c3546c298,0.006,0.0357,0.025274818763136864,2.5988686084747314,28.661426544189453,CC(C)CO,mol_015d21fca05fcd26,0.5485,0.4849,0.5475607514381409,1.1219958066940308,15.732935905456543
state_be1e035a6546f1875356e8dd,3c_485aadc678c8a7fb274c,3,ternary_vle_english.xlsx,10.1016/j.fluid.2011.05.011,unverified,0.5,isothermal,0.967741935483871,isothermal,,,91.42,88.03604125976562,0.0,True,False,48,CC(=O)CC(C)C,mol_0a895444a9f0f36b,0.11270000000000002,0.08830000000000005,0.09512073546648026,1.5960743427276611,46.554176330566406,CC(C)CC(C)(C)C,mol_57615b5c3546c298,0.7974,0.7462,0.7669562101364136,1.0576239824295044,80.06147766113281,CC(C)CO,mol_015d21fca05fcd26,0.0899,0.1655,0.13792301714420319,2.357555866241455,57.28956985473633
state_befb68e07fd8bb11da46ddc5,3c_28e3b8df482e382b0f63,3,ternary_vle_english.xlsx,10.1016/j.fluid.2012.11.026,unverified,0.5,isothermal,0.9411764705882353,isothermal,,,112.94,104.44352722167969,0.0,True,False,48,CCO,mol_f29e20f49d416e54,0.6416,0.6856,0.722030758857727,1.0857518911361694,108.25357818603516,CCOC(=O)OCC,mol_4df2781fcf4d4a77,0.04890000000000001,0.0394,0.021188341081142426,2.2738935947418213,19.90212631225586,O,mol_e81dc06beaa39499,0.3095000000000001,0.275,0.2567809224128723,1.829343557357788,47.36835861206055
state_c0c9d7548ab58b789335e8bf,3c_485aadc678c8a7fb274c,3,ternary_vle_english.xlsx,10.1016/j.fluid.2011.05.011,unverified,0.5,isothermal,0.9655172413793104,isothermal,,,28.280000000000005,31.97354507446289,0.0,True,False,48,CC(=O)CC(C)C,mol_0a895444a9f0f36b,0.06379999999999997,0.08819999999999995,0.08932509273290634,1.7005969285964966,26.323410034179688,CC(C)CC(C)(C)C,mol_57615b5c3546c298,0.006,0.0471,0.02776750549674034,3.0567922592163086,48.40725326538086,CC(C)CO,mol_015d21fca05fcd26,0.9302,0.8647,0.8829074501991272,1.0029017925262451,30.26015853881836
state_c2658d735ede55e87d19028d,3c_485aadc678c8a7fb274c,3,ternary_vle_english.xlsx,10.1016/j.fluid.2011.05.011,unverified,0.5,isothermal,0.967741935483871,isothermal,,,67.89,68.72224426269531,0.0,True,False,48,CC(=O)CC(C)C,mol_0a895444a9f0f36b,0.09640000000000004,0.08490000000000009,0.1044350117444992,1.599218487739563,46.554176330566406,CC(C)CC(C)(C)C,mol_57615b5c3546c298,0.0639,0.2493,0.18191984295845032,2.443728446960449,80.06147766113281,CC(C)CO,mol_015d21fca05fcd26,0.8397,0.6658,0.7136451005935669,1.0194828510284424,57.28956985473633
state_c592477b8d141eab7a36a374,3c_485aadc678c8a7fb274c,3,ternary_vle_english.xlsx,10.1016/j.fluid.2011.05.011,unverified,0.5,isothermal,0.9642857142857143,isothermal,,,28.78999999999999,28.643993377685547,0.0,True,False,48,CC(=O)CC(C)C,mol_0a895444a9f0f36b,0.3799,0.23939999999999995,0.24673686921596527,1.2855651378631592,14.47118854522705,CC(C)CC(C)(C)C,mol_57615b5c3546c298,0.5445,0.6762,0.6721011400222778,1.2335947751998901,28.661426544189453,CC(C)CO,mol_015d21fca05fcd26,0.0756,0.0844,0.0811619907617569,1.9545857906341553,15.732935905456543
state_c5cf23d1dcad0880c496e7f9,3c_28e3b8df482e382b0f63,3,ternary_vle_english.xlsx,10.1016/j.fluid.2012.11.026,unverified,0.5,isothermal,0.9411764705882353,isothermal,,,94.3,83.99154663085938,0.0,True,False,48,CCO,mol_f29e20f49d416e54,0.4484,0.6988,0.7892504930496216,1.3656598329544067,108.25357818603516,CCOC(=O)OCC,mol_4df2781fcf4d4a77,0.5032,0.1633,0.14885582029819489,1.248421549797058,19.90212631225586,O,mol_e81dc06beaa39499,0.0484,0.1379,0.06189369037747383,2.267504930496216,47.36835861206055
state_c8cabc0c98a2b88174227e43,3c_485aadc678c8a7fb274c,3,ternary_vle_english.xlsx,10.1016/j.fluid.2011.05.011,unverified,0.5,isothermal,0.9642857142857143,isothermal,,,16.91,18.734947204589844,0.0,True,False,48,CC(=O)CC(C)C,mol_0a895444a9f0f36b,0.25529999999999997,0.28800000000000003,0.26354944705963135,1.3364711999893188,14.47118854522705,CC(C)CC(C)(C)C,mol_57615b5c3546c298,0.0253,0.1567,0.10515030473470688,2.7167186737060547,28.661426544189453,CC(C)CO,mol_015d21fca05fcd26,0.7194,0.5553,0.6313002705574036,1.0449806451797485,15.732935905456543
state_c934f63a60d3ef7ec92b416b,3c_93c3339e467773a7c208,3,ternary_vle_english.xlsx,10.1016/j.fluid.2005.05.024,unverified,0.5,isothermal,0.9782608695652174,isothermal,,,22.509999999999998,22.701671600341797,-1.9073486328125e-06,True,False,48,CC(=O)CC(C)C,mol_0a895444a9f0f36b,0.9585,0.8274,0.8105098605155945,1.0010629892349243,19.17620086669922,CC(C)O,mol_db030b5de88f8eaf,0.0378,0.1512,0.16792353987693787,1.8495078086853027,54.528236389160156,CC(C)OC(C)C,mol_1a0ca8e5eeb68da8,0.0037,0.0214,0.02156658284366131,1.37594735622406,96.16911315917969
state_cb8d29f9d98ed3912367c8ea,3c_485aadc678c8a7fb274c,3,ternary_vle_english.xlsx,10.1016/j.fluid.2011.05.011,unverified,0.5,isothermal,0.9642857142857143,isothermal,,,28.65,27.453922271728516,0.0,True,False,48,CC(=O)CC(C)C,mol_0a895444a9f0f36b,0.039000000000000035,0.024699999999999944,0.03042546659708023,1.4800379276275635,14.47118854522705,CC(C)CC(C)(C)C,mol_57615b5c3546c298,0.2601,0.6296,0.5319885611534119,1.9591537714004517,28.661426544189453,CC(C)CO,mol_015d21fca05fcd26,0.7009,0.3457,0.4375860095024109,1.089436650276184,15.732935905456543
state_cc2be9bab6b30c6465fa84ac,3c_93c3339e467773a7c208,3,ternary_vle_english.xlsx,10.1016/j.fluid.2005.05.024,unverified,0.5,isothermal,0.9782608695652174,isothermal,,,14.870000000000001,14.662958145141602,0.0,True,False,48,CC(=O)CC(C)C,mol_0a895444a9f0f36b,0.9615,0.8354,0.8303301930427551,1.000915288925171,12.651026725769043,CC(C)O,mol_db030b5de88f8eaf,0.0354,0.1451,0.15041819214820862,1.812279462814331,34.37902069091797,CC(C)OC(C)C,mol_1a0ca8e5eeb68da8,0.0031,0.0195,0.019251622259616852,1.3266414403915405,68.6394271850586
state_cf6e2235fe4ebb46cb1bf806,3c_28e3b8df482e382b0f63,3,ternary_vle_english.xlsx,10.1016/j.fluid.2012.11.026,unverified,0.5,isothermal,0.9411764705882353,isothermal,,,103.76,94.14445495605469,0.0,True,False,48,CCO,mol_f29e20f49d416e54,0.6017,0.7132000000000001,0.7952057719230652,1.1493490934371948,108.25357818603516,CCOC(=O)OCC,mol_4df2781fcf4d4a77,0.2994,0.118,0.10035351663827896,1.5855357646942139,19.90212631225586,O,mol_e81dc06beaa39499,0.0989,0.1688,0.10444074124097824,2.098843574523926,47.36835861206055
state_d11f49287bd4fa9b3fe1f363,3c_485aadc678c8a7fb274c,3,ternary_vle_english.xlsx,10.1016/j.fluid.2011.05.011,unverified,0.5,isothermal,0.9642857142857143,isothermal,,,23.73999999999999,24.055789947509766,0.0,True,False,48,CC(=O)CC(C)C,mol_0a895444a9f0f36b,0.6439,0.40880000000000005,0.4098183214664459,1.0580065250396729,14.47118854522705,CC(C)CC(C)(C)C,mol_57615b5c3546c298,0.2197,0.471,0.4538199305534363,1.7337055206298828,28.661426544189453,CC(C)CO,mol_015d21fca05fcd26,0.1364,0.1202,0.1363617479801178,1.5285794734954834,15.732935905456543
state_d32caa9c2d5a896923f2fe7f,3c_28e3b8df482e382b0f63,3,ternary_vle_english.xlsx,10.1016/j.fluid.2012.11.026,unverified,0.5,isothermal,0.9411764705882353,isothermal,,,147.901,137.24896240234375,1.52587890625e-05,True,False,48,CCO,mol_f29e20f49d416e54,0.6005,0.6839999999999999,0.7918267846107483,1.1471842527389526,157.7586212158203,CCOC(=O)OCC,mol_4df2781fcf4d4a77,0.2983,0.134,0.09919928759336472,1.5517669916152954,29.412904739379883,O,mol_e81dc06beaa39499,0.1012,0.182,0.1089739203453064,2.1085519790649414,70.09174346923828
state_d40a7d009ba27b2356ab5ba7,3c_93c3339e467773a7c208,3,ternary_vle_english.xlsx,10.1016/j.fluid.2005.05.024,unverified,0.5,isothermal,0.9782608695652174,isothermal,,,30.04,30.009052276611328,0.0,True,False,48,CC(=O)CC(C)C,mol_0a895444a9f0f36b,0.8627,0.5826,0.5567972660064697,1.0100129842758179,19.17620086669922,CC(C)O,mol_db030b5de88f8eaf,0.1198,0.3371,0.3642290234565735,1.673202633857727,54.528236389160156,CC(C)OC(C)C,mol_1a0ca8e5eeb68da8,0.0175,0.0803,0.07897373288869858,1.4081900119781494,96.16911315917969
state_d64900960fb2c7433b379022,3c_485aadc678c8a7fb274c,3,ternary_vle_english.xlsx,10.1016/j.fluid.2011.05.011,unverified,0.5,isothermal,0.9642857142857143,isothermal,,,31.78,30.912784576416016,-3.814697265625e-06,True,False,48,CC(=O)CC(C)C,mol_0a895444a9f0f36b,0.1139,0.08339999999999992,0.09188669919967651,1.723307728767395,14.47118854522705,CC(C)CC(C)(C)C,mol_57615b5c3546c298,0.7887,0.7728,0.7825720906257629,1.0701700448989868,28.661426544189453,CC(C)CO,mol_015d21fca05fcd26,0.0974,0.1438,0.12554126977920532,2.5325372219085693,15.732935905456543
state_d6d22b329d69996fa6ddc325,3c_485aadc678c8a7fb274c,3,ternary_vle_english.xlsx,10.1016/j.fluid.2011.05.011,unverified,0.5,isothermal,0.9642857142857143,isothermal,,,16.000000000000004,16.92618179321289,-1.9073486328125e-06,True,False,48,CC(=O)CC(C)C,mol_0a895444a9f0f36b,0.7837000000000001,0.7216,0.6839473843574524,1.0207692384719849,14.47118854522705,CC(C)CC(C)(C)C,mol_57615b5c3546c298,0.0124,0.056,0.05132612586021423,2.4444315433502197,28.661426544189453,CC(C)CO,mol_015d21fca05fcd26,0.2039,0.2224,0.264726459980011,1.3967840671539307,15.732935905456543
state_dac0caa49b034edd2d15e9e4,3c_485aadc678c8a7fb274c,3,ternary_vle_english.xlsx,10.1016/j.fluid.2011.05.011,unverified,0.5,isothermal,0.9375,isothermal,,,56.2,60.521278381347656,-3.814697265625e-06,True,False,48,CC(=O)CC(C)C,mol_0a895444a9f0f36b,0.06689999999999996,0.07640000000000002,0.08967392891645432,1.7425669431686401,46.554176330566406,CC(C)CC(C)(C)C,mol_57615b5c3546c298,0.0082,0.0473,0.03126327320933342,2.882073402404785,80.06147766113281,CC(C)CO,mol_015d21fca05fcd26,0.9249,0.8763,0.8790627717971802,1.0040552616119385,57.28956985473633
state_db60904664f94dcc7e971c98,3c_93c3339e467773a7c208,3,ternary_vle_english.xlsx,10.1016/j.fluid.2005.05.024,unverified,0.5,isothermal,0.9782608695652174,isothermal,,,38.35,37.108604431152344,-3.814697265625e-06,True,False,48,CC(=O)CC(C)C,mol_0a895444a9f0f36b,0.532,0.19720000000000004,0.1945877969264984,1.0728840827941895,12.651026725769043,CC(C)O,mol_db030b5de88f8eaf,0.308,0.3822,0.39643335342407227,1.3893144130706787,34.37902069091797,CC(C)OC(C)C,mol_1a0ca8e5eeb68da8,0.16,0.4206,0.4089788496494293,1.3819165229797363,68.6394271850586
state_dc8b16e23377e1cec341a5a2,3c_93c3339e467773a7c208,3,ternary_vle_english.xlsx,10.1016/j.fluid.2005.05.024,unverified,0.5,isothermal,0.9782608695652174,isothermal,,,59.19,58.361541748046875,0.0,True,False,48,CC(=O)CC(C)C,mol_0a895444a9f0f36b,0.4061,0.15879999999999994,0.15424370765686035,1.1559489965438843,19.17620086669922,CC(C)O,mol_db030b5de88f8eaf,0.4642,0.5067,0.5293973684310913,1.2206242084503174,54.528236389160156,CC(C)OC(C)C,mol_1a0ca8e5eeb68da8,0.1297,0.3345,0.3163588345050812,1.4802366495132446,96.16911315917969
state_dd632e9bf9ada1e07363bcb0,3c_28e3b8df482e382b0f63,3,ternary_vle_english.xlsx,10.1016/j.fluid.2012.11.026,unverified,0.5,isothermal,0.9411764705882353,isothermal,,,150.57400000000007,135.03868103027344,-1.52587890625e-05,True,False,48,CCO,mol_f29e20f49d416e54,0.3518,0.44500000000000006,0.5646458864212036,1.3738692998886108,157.7586212158203,CCOC(=O)OCC,mol_4df2781fcf4d4a77,0.1504,0.133,0.059313781559467316,1.8106229305267334,29.412904739379883,O,mol_e81dc06beaa39499,0.4978,0.422,0.37604033946990967,1.4553613662719727,70.09174346923828
state_df51de1614ae0d0503dc7cd6,3c_485aadc678c8a7fb274c,3,ternary_vle_english.xlsx,10.1016/j.fluid.2011.05.011,unverified,0.5,isothermal,0.967741935483871,isothermal,,,56.74,60.97235870361328,0.0,True,False,48,CC(=O)CC(C)C,mol_0a895444a9f0f36b,0.6894,0.5815,0.5526708960533142,1.049952507019043,46.554176330566406,CC(C)CC(C)(C)C,mol_57615b5c3546c298,0.0326,0.1035,0.0870131179690361,2.032715082168579,80.06147766113281,CC(C)CO,mol_015d21fca05fcd26,0.278,0.315,0.3603159487247467,1.3794187307357788,57.28956985473633
state_e08479ee97ef66319ac8a487,3c_93c3339e467773a7c208,3,ternary_vle_english.xlsx,10.1016/j.fluid.2005.05.024,unverified,0.5,isothermal,0.9782608695652174,isothermal,,,93.69,92.48136138916016,0.0,True,False,48,CC(=O)CC(C)C,mol_0a895444a9f0f36b,0.04600000000000004,0.013399999999999967,0.011491594836115837,1.204797625541687,19.17620086669922,CC(C)O,mol_db030b5de88f8eaf,0.5336,0.3718,0.3819505572319031,1.2140151262283325,54.528236389160156,CC(C)OC(C)C,mol_1a0ca8e5eeb68da8,0.4204,0.6148,0.6065578460693359,1.3874844312667847,96.16911315917969
state_e637630b96c6d2771ae1761e,3c_93c3339e467773a7c208,3,ternary_vle_english.xlsx,10.1016/j.fluid.2005.05.024,unverified,0.5,isothermal,0.9782608695652174,isothermal,,,83.9,82.4222412109375,0.0,True,False,48,CC(=O)CC(C)C,mol_0a895444a9f0f36b,0.2592,0.07630000000000003,0.06673534214496613,1.1066306829452515,19.17620086669922,CC(C)O,mol_db030b5de88f8eaf,0.1216,0.1486,0.1552361696958542,1.9296667575836182,54.528236389160156,CC(C)OC(C)C,mol_1a0ca8e5eeb68da8,0.6192,0.7751,0.7780284881591797,1.076894998550415,96.16911315917969
state_e6376c32962237dbe85a8608,3c_485aadc678c8a7fb274c,3,ternary_vle_english.xlsx,10.1016/j.fluid.2011.05.011,unverified,0.5,isothermal,0.967741935483871,isothermal,,,56.31,62.08880615234375,-3.814697265625e-06,True,False,48,CC(=O)CC(C)C,mol_0a895444a9f0f36b,0.3578,0.3456,0.34518298506736755,1.286659598350525,46.554176330566406,CC(C)CC(C)(C)C,mol_57615b5c3546c298,0.0041,0.0181,0.012109274975955486,2.290466547012329,80.06147766113281,CC(C)CO,mol_015d21fca05fcd26,0.6381,0.6363,0.6427077054977417,1.091597318649292,57.28956985473633
state_e70d5e4bbc98483ff9d01c16,3c_28e3b8df482e382b0f63,3,ternary_vle_english.xlsx,10.1016/j.fluid.2012.11.026,unverified,0.5,isothermal,0.9411764705882353,isothermal,,,104.76,91.87019348144531,-7.62939453125e-06,True,False,48,CCO,mol_f29e20f49d416e54,0.34740000000000004,0.4576,0.567415714263916,1.38612961769104,108.25357818603516,CCOC(=O)OCC,mol_4df2781fcf4d4a77,0.1504,0.1175,0.06088418513536453,1.868666410446167,19.90212631225586,O,mol_e81dc06beaa39499,0.5022,0.4249,0.37170010805130005,1.4354968070983887,47.36835861206055
state_e7c7d490c814d584ef37674d,3c_28e3b8df482e382b0f63,3,ternary_vle_english.xlsx,10.1016/j.fluid.2012.11.026,unverified,0.5,isothermal,0.9411764705882353,isothermal,,,156.73600000000008,145.369140625,0.0,True,False,48,CCO,mol_f29e20f49d416e54,0.5018,0.579,0.6450937390327454,1.1845988035202026,157.7586212158203,CCOC(=O)OCC,mol_4df2781fcf4d4a77,0.0987,0.081,0.038838908076286316,1.9448411464691162,29.412904739379883,O,mol_e81dc06beaa39499,0.3995,0.34,0.31606730818748474,1.6408472061157227,70.09174346923828
state_e99de3a6677c01aa7d237c38,3c_93c3339e467773a7c208,3,ternary_vle_english.xlsx,10.1016/j.fluid.2005.05.024,unverified,0.5,isothermal,0.9782608695652174,isothermal,,,43.29,42.480716705322266,0.0,True,False,48,CC(=O)CC(C)C,mol_0a895444a9f0f36b,0.7593000000000001,0.3588,0.3462163507938385,1.010097861289978,19.17620086669922,CC(C)O,mol_db030b5de88f8eaf,0.074,0.1585,0.1733555942773819,1.8250573873519897,54.528236389160156,CC(C)OC(C)C,mol_1a0ca8e5eeb68da8,0.1667,0.4827,0.4804280400276184,1.2730602025985718,96.16911315917969
state_ec0dad28f0af4f61483790c0,3c_28e3b8df482e382b0f63,3,ternary_vle_english.xlsx,10.1016/j.fluid.2012.11.026,unverified,0.5,isothermal,0.9411764705882353,isothermal,,,105.1,92.30300903320312,0.0,True,False,48,CCO,mol_f29e20f49d416e54,0.269,0.49160000000000004,0.5514131784439087,1.7478270530700684,108.25357818603516,CCOC(=O)OCC,mol_4df2781fcf4d4a77,0.0295,0.0718,0.018349600955843925,2.8848352432250977,19.90212631225586,O,mol_e81dc06beaa39499,0.7015,0.4366,0.4302372336387634,1.1951099634170532,47.36835861206055
state_eeb5601943ada813f37d17bb,3c_93c3339e467773a7c208,3,ternary_vle_english.xlsx,10.1016/j.fluid.2005.05.024,unverified,0.5,isothermal,0.9782608695652174,isothermal,,,95.21,93.36180114746094,-7.62939453125e-06,True,False,48,CC(=O)CC(C)C,mol_0a895444a9f0f36b,0.11309999999999998,0.03259999999999996,0.026876164600253105,1.156941294670105,19.17620086669922,CC(C)O,mol_db030b5de88f8eaf,0.1419,0.1639,0.16616131365299225,2.0049116611480713,54.528236389160156,CC(C)OC(C)C,mol_1a0ca8e5eeb68da8,0.745,0.8035,0.8069625496864319,1.0515518188476562,96.16911315917969
state_f01cc3070c00b93baa9bac95,3c_93c3339e467773a7c208,3,ternary_vle_english.xlsx,10.1016/j.fluid.2005.05.024,unverified,0.5,isothermal,0.9782608695652174,isothermal,,,39.64999999999999,39.482696533203125,-3.814697265625e-06,True,False,48,CC(=O)CC(C)C,mol_0a895444a9f0f36b,0.7505999999999999,0.38439999999999996,0.37270110845565796,1.022342324256897,19.17620086669922,CC(C)O,mol_db030b5de88f8eaf,0.1779,0.3658,0.38719090819358826,1.5759212970733643,54.528236389160156,CC(C)OC(C)C,mol_1a0ca8e5eeb68da8,0.07150000000000001,0.2498,0.24010801315307617,1.3787062168121338,96.16911315917969
state_f4ac3ba5589f156829bd4f2e,3c_485aadc678c8a7fb274c,3,ternary_vle_english.xlsx,10.1016/j.fluid.2011.05.011,unverified,0.5,isothermal,0.9642857142857143,isothermal,,,18.570000000000004,19.772186279296875,0.0,True,False,48,CC(=O)CC(C)C,mol_0a895444a9f0f36b,0.012299999999999978,0.01539999999999997,0.014984681271016598,1.6645349264144897,14.47118854522705,CC(C)CC(C)(C)C,mol_57615b5c3546c298,0.055,0.358,0.2398831993341446,3.0088047981262207,28.661426544189453,CC(C)CO,mol_015d21fca05fcd26,0.9327,0.6266,0.7451320886611938,1.004005789756775,15.732935905456543
state_f4fda697d26506b21fbc5b0b,3c_93c3339e467773a7c208,3,ternary_vle_english.xlsx,10.1016/j.fluid.2005.05.024,unverified,0.5,isothermal,0.9782608695652174,isothermal,,,39.37,38.47650909423828,0.0,True,False,48,CC(=O)CC(C)C,mol_0a895444a9f0f36b,0.40900000000000003,0.16169999999999995,0.15616653859615326,1.1612735986709595,12.651026725769043,CC(C)O,mol_db030b5de88f8eaf,0.4675,0.4902,0.508755624294281,1.2179508209228516,34.37902069091797,CC(C)OC(C)C,mol_1a0ca8e5eeb68da8,0.1235,0.3481,0.33507785201072693,1.5209003686904907,68.6394271850586
state_f7f83182b5821575348de8f2,3c_28e3b8df482e382b0f63,3,ternary_vle_english.xlsx,10.1016/j.fluid.2012.11.026,unverified,0.5,isothermal,0.9411764705882353,isothermal,,,152.97500000000002,137.2335205078125,0.0,True,False,48,CCO,mol_f29e20f49d416e54,0.5002,0.565,0.6819352507591248,1.185950517654419,157.7586212158203,CCOC(=O)OCC,mol_4df2781fcf4d4a77,0.249,0.132,0.08519748598337173,1.5964293479919434,29.412904739379883,O,mol_e81dc06beaa39499,0.2508,0.303,0.23286736011505127,1.8179184198379517,70.09174346923828
state_f9f9d0a818d5bef15a9fc73e,3c_485aadc678c8a7fb274c,3,ternary_vle_english.xlsx,10.1016/j.fluid.2011.05.011,unverified,0.5,isothermal,0.967741935483871,isothermal,,,61.64,65.80136108398438,0.0,True,False,48,CC(=O)CC(C)C,mol_0a895444a9f0f36b,0.26760000000000006,0.2399,0.25864091515541077,1.3661153316497803,46.554176330566406,CC(C)CC(C)(C)C,mol_57615b5c3546c298,0.0347,0.1373,0.09585271775722504,2.270315647125244,80.06147766113281,CC(C)CO,mol_015d21fca05fcd26,0.6977,0.6228,0.6455064415931702,1.0626522302627563,57.28956985473633
state_fa18c2ee669ad70d88161110,3c_485aadc678c8a7fb274c,3,ternary_vle_english.xlsx,10.1016/j.fluid.2011.05.011,unverified,0.5,isothermal,0.9655172413793104,isothermal,,,35.89000000000001,37.188026428222656,-3.814697265625e-06,True,False,48,CC(=O)CC(C)C,mol_0a895444a9f0f36b,0.09399999999999997,0.0947,0.10537217557430267,1.5836495161056519,26.323410034179688,CC(C)CC(C)(C)C,mol_57615b5c3546c298,0.0565,0.279,0.19313658773899078,2.626085042953491,48.40725326538086,CC(C)CO,mol_015d21fca05fcd26,0.8495,0.6263,0.7014912366867065,1.0148240327835083,30.26015853881836
state_fa78c6b9e907fb84827ded41,3c_485aadc678c8a7fb274c,3,ternary_vle_english.xlsx,10.1016/j.fluid.2011.05.011,unverified,0.5,isothermal,0.9655172413793104,isothermal,,,57.66,54.69671630859375,0.0,True,False,48,CC(=O)CC(C)C,mol_0a895444a9f0f36b,0.03290000000000004,0.02110000000000012,0.02449127472937107,1.5468014478683472,26.323410034179688,CC(C)CC(C)(C)C,mol_57615b5c3546c298,0.6918,0.7121,0.7098918557167053,1.1594778299331665,48.40725326538086,CC(C)CO,mol_015d21fca05fcd26,0.2753,0.2668,0.26561686396598816,1.743971824645996,30.26015853881836
state_b920b6a2a8c4c4d8d32fc629,3c_6b60b4a3a536506a27ae,3,ternary_vle_english.xlsx,10.1016/j.fluid.2006.08.004,unverified,0.5,isobaric,0.9821428571428571,isobaric,341.94,340.26220703125,,,-0.000335693359375,True,False,48,CC(C)CC(C)(C)C,mol_57615b5c3546c298,0.3540000000000001,0.21499999999999997,0.17777395248413086,1.374932050704956,36.999141693115234,CC(C)OC(C)C,mol_1a0ca8e5eeb68da8,0.299,0.32,0.35630854964256287,1.2445605993270874,96.9944839477539,CCO,mol_f29e20f49d416e54,0.347,0.465,0.46591755747795105,2.1221609115600586,64.09281158447266
state_bdaff42fe491449adfff3393,3c_6e76d885d4575498aef9,3,ternary_vle_english.xlsx,10.1016/j.fluid.2015.08.014,unverified,0.5,isobaric,0.9411764705882353,isobaric,364.05,356.22186279296875,,,0.00031280517578125,True,False,48,CO,mol_a85d32e4db2ff39c,0.369,0.679,0.8287914395332336,1.1303061246871948,201.2952880859375,COC(C)=O,mol_b9c4464ceb7b1e3f,0.05,0.304,0.15750841796398163,1.3729979991912842,232.42062377929688,CS(C)=O,mol_7d3e12eaed0f467c,0.581,0.016999999999999904,0.01370016299188137,1.0348156690597534,2.3083271980285645
state_be91ec0a8590e84d31dc5bf7,3c_20e37ef734cab2512529,3,ternary_vle_english.xlsx,10.1016/j.fluid.2012.12.020,unverified,0.5,isobaric,0.9230769230769231,isobaric,397.46,403.160888671875,,,0.0018310546875,True,False,48,CC(C)O,mol_db030b5de88f8eaf,0.0373,0.3404,0.15989065170288086,0.8423222303390503,514.00244140625,CCCCCO,mol_243de2450bee5519,0.8028,0.2218,0.6166700720787048,0.9958379864692688,77.90872192382812,CCCCO,mol_ad4ef9c6c876ca2f,0.1599,0.4378,0.2234392613172531,0.9146994948387146,154.29855346679688
state_c056f05f9c663832ab5ac906,3c_c1f86c0bca7d787912fb,3,ternary_vle_english.xlsx,10.1016/j.jct.2011.10.025,unverified,0.5,isobaric,0.9807692307692307,isobaric,354.1,352.94427490234375,,,0.00091552734375,True,False,48,C1CCOCC1,mol_626f3d1f5bbb6f55,0.357,0.266,0.294034868478775,1.0580061674118042,78.85982513427734,CC(C)CC(C)(C)C,mol_57615b5c3546c298,0.252,0.20999999999999996,0.19422554969787598,1.3793511390686035,56.6036376953125,CC(C)O,mol_db030b5de88f8eaf,0.391,0.524,0.5117396116256714,1.4071416854858398,94.22102355957031
state_c0aa65d0844fcc843facc9a1,3c_6b60b4a3a536506a27ae,3,ternary_vle_english.xlsx,10.1016/j.fluid.2006.08.004,unverified,0.5,isobaric,0.9821428571428571,isobaric,341.68,339.8108215332031,,,0.0001983642578125,True,False,48,CC(C)CC(C)(C)C,mol_57615b5c3546c298,0.1439999999999999,0.15999999999999992,0.13540779054164886,2.615598201751709,36.418365478515625,CC(C)OC(C)C,mol_1a0ca8e5eeb68da8,0.193,0.291,0.3616001605987549,1.9857685565948486,95.57691192626953,CCO,mol_f29e20f49d416e54,0.663,0.549,0.5029920935630798,1.2223310470581055,62.87370681762695
state_c13d3f695fff2c29006e3c81,3c_2d8df0569d9d03284715,3,ternary_vle_english.xlsx,10.1016/j.fluid.2007.06.005,unverified,0.5,isobaric,0.9807692307692307,isobaric,344.27,344.6295471191406,,,-0.000274658203125,True,False,48,CC(C)CC(C)(C)C,mol_57615b5c3546c298,0.21700000000000008,0.21299999999999997,0.20156057178974152,2.1875247955322266,43.01314163208008,CCC(C)=O,mol_4cfc5db0ca2ab00b,0.368,0.331,0.35517725348472595,1.2485042810440063,78.30970001220703,CCO,mol_f29e20f49d416e54,0.415,0.456,0.4432621896266937,1.406118631362915,76.94828033447266
state_c1d6cf5fea4e942d7197bf3e,3c_f6a2de3ac0acbac84e4f,3,ternary_vle_english.xlsx,10.1016/j.fluid.2005.01.007,unverified,0.5,isobaric,0.9818181818181818,isobaric,330.25,329.99810791015625,,,-4.57763671875e-05,True,False,48,CC(C)=O,mol_e04cf77cea7bbe66,0.695,0.755,0.7773248553276062,1.091374158859253,103.81338500976562,CC(C)CC(C)(C)C,mol_57615b5c3546c298,0.15600000000000003,0.134,0.11487749218940735,2.9268200397491455,25.48728370666504,CCO,mol_f29e20f49d416e54,0.149,0.111,0.10779770463705063,1.7971305847167969,40.7805290222168
state_c23ff499fea318e8dc79fd2a,3c_6b60b4a3a536506a27ae,3,ternary_vle_english.xlsx,10.1016/j.fluid.2006.08.004,unverified,0.5,isobaric,0.9821428571428571,isobaric,347.75,347.66436767578125,,,0.0005035400390625,True,False,48,CC(C)CC(C)(C)C,mol_57615b5c3546c298,0.769,0.40900000000000003,0.37422117590904236,1.0349173545837402,47.63300323486328,CC(C)OC(C)C,mol_1a0ca8e5eeb68da8,0.098,0.112,0.13615398108959198,1.1466586589813232,122.73876190185547,CCO,mol_f29e20f49d416e54,0.133,0.479,0.48962491750717163,4.281927585601807,87.09317779541016
state_c3687057d61d5623f3e1e98d,3c_6b60b4a3a536506a27ae,3,ternary_vle_english.xlsx,10.1016/j.fluid.2006.08.004,unverified,0.5,isobaric,0.9821428571428571,isobaric,338.64,337.2034912109375,,,0.0001373291015625,True,False,48,CC(C)CC(C)(C)C,mol_57615b5c3546c298,0.051999999999999935,0.025000000000000022,0.023457428440451622,1.3762736320495605,33.2033805847168,CC(C)OC(C)C,mol_1a0ca8e5eeb68da8,0.808,0.761,0.7229010462760925,1.0333118438720703,87.70939636230469,CCO,mol_f29e20f49d416e54,0.14,0.214,0.2536414861679077,3.2654073238372803,56.203704833984375
state_c4128a8434c46f6d62a927c4,3c_f6a2de3ac0acbac84e4f,3,ternary_vle_english.xlsx,10.1016/j.fluid.2005.01.007,unverified,0.5,isobaric,0.9818181818181818,isobaric,342.33,344.3455505371094,,,0.0001983642578125,True,False,48,CC(C)=O,mol_e04cf77cea7bbe66,0.079,0.256,0.31988534331321716,2.4815566539764404,165.29257202148438,CC(C)CC(C)(C)C,mol_57615b5c3546c298,0.7989999999999999,0.348,0.348270058631897,1.0365006923675537,42.60004425048828,CCO,mol_f29e20f49d416e54,0.122,0.396,0.33184459805488586,3.6230616569519043,76.05180358886719
state_c434ce22856e5a5e5d59cad6,3c_2d8df0569d9d03284715,3,ternary_vle_english.xlsx,10.1016/j.fluid.2007.06.005,unverified,0.5,isobaric,0.9807692307692307,isobaric,349.36,348.67041015625,,,7.62939453125e-06,True,False,48,CC(C)CC(C)(C)C,mol_57615b5c3546c298,0.049000000000000044,0.07199999999999995,0.07707257568836212,3.23532772064209,49.24872589111328,CCC(C)=O,mol_4cfc5db0ca2ab00b,0.861,0.795,0.7695667743682861,1.011121153831482,89.54667663574219,CCO,mol_f29e20f49d416e54,0.09,0.133,0.15336062014102936,1.9033101797103882,90.69247436523438
state_c70909afcd5ef1a00ad0491f,3c_20e37ef734cab2512529,3,ternary_vle_english.xlsx,10.1016/j.fluid.2012.12.020,unverified,0.5,isobaric,0.9230769230769231,isobaric,385.90999999999997,386.9349060058594,,,-0.0005035400390625,True,False,48,CC(C)O,mol_db030b5de88f8eaf,0.1595,0.3722,0.44085580110549927,0.8819456100463867,316.5288391113281,CCCCCO,mol_243de2450bee5519,0.355,0.30889999999999995,0.14406785368919373,0.9496167898178101,43.16279602050781,CCCCO,mol_ad4ef9c6c876ca2f,0.4855,0.3189,0.415076345205307,0.9774065613746643,88.34514617919922
state_c71b8b622791ae42d48f5b76,3c_c1f86c0bca7d787912fb,3,ternary_vle_english.xlsx,10.1016/j.jct.2011.10.025,unverified,0.5,isobaric,0.9807692307692307,isobaric,359.15,358.00787353515625,,,0.000335693359375,True,False,48,C1CCOCC1,mol_626f3d1f5bbb6f55,0.644,0.606,0.5883980393409729,1.0007268190383911,92.48699951171875,CC(C)CC(C)(C)C,mol_57615b5c3546c298,0.257,0.19100000000000006,0.18739883601665497,1.1121957302093506,66.41458129882812,CC(C)O,mol_db030b5de88f8eaf,0.099,0.203,0.22420310974121094,1.9936363697052002,115.07246398925781
state_c7658fb3047011249b148d06,3c_c1f86c0bca7d787912fb,3,ternary_vle_english.xlsx,10.1016/j.jct.2011.10.025,unverified,0.5,isobaric,0.9807692307692307,isobaric,353.52,352.0604248046875,,,0.00040435791015625,True,False,48,C1CCOCC1,mol_626f3d1f5bbb6f55,0.252,0.199,0.2356652468442917,1.2357702255249023,76.65994262695312,CC(C)CC(C)(C)C,mol_57615b5c3546c298,0.13,0.14300000000000002,0.13593758642673492,1.9254049062728882,55.01552963256836,CC(C)O,mol_db030b5de88f8eaf,0.618,0.658,0.6283971667289734,1.1329256296157837,90.91919708251953
state_c9f46671fe14af2ccada226b,3c_2d8df0569d9d03284715,3,ternary_vle_english.xlsx,10.1016/j.fluid.2007.06.005,unverified,0.5,isobaric,0.9807692307692307,isobaric,344.9,346.1454772949219,,,-3.0517578125e-05,True,False,48,CC(C)CC(C)(C)C,mol_57615b5c3546c298,0.129,0.2330000000000001,0.2197897881269455,3.8122220039367676,45.274009704589844,CCC(C)=O,mol_4cfc5db0ca2ab00b,0.049,0.062,0.0746748074889183,1.8738747835159302,82.38475036621094,CCO,mol_f29e20f49d416e54,0.822,0.705,0.7055354118347168,1.061821460723877,81.88508605957031
state_cb32b6e8df57199d3ee4d356,3c_f1332761d3af136f02b5,3,ternary_vle_english.xlsx,10.1016/j.fluid.2014.04.025,unverified,0.5,isobaric,0.9473684210526315,isobaric,409.79999999999995,403.1692810058594,,,-6.866455078125e-05,True,False,48,COCCO,mol_d291b272a64498d9,0.2116,0.2492,0.3146132826805115,1.1446800231933594,131.57896423339844,CS(C)=O,mol_7d3e12eaed0f467c,0.6072,0.11350000000000005,0.10126537829637527,1.05829918384552,15.963565826416016,Cc1ccccc1,mol_1c09299644053521,0.1812,0.6373,0.5841212868690491,1.9166204929351807,170.3797149658203
state_cb5c5d314fe2d33f5b2f470f,3c_6e76d885d4575498aef9,3,ternary_vle_english.xlsx,10.1016/j.fluid.2015.08.014,unverified,0.5,isobaric,0.9411764705882353,isobaric,357.75,354.3040771484375,,,0.0005645751953125,True,False,48,CO,mol_a85d32e4db2ff39c,0.3,0.434,0.6644813418388367,1.1921818256378174,188.20489501953125,COC(C)=O,mol_b9c4464ceb7b1e3f,0.117,0.552,0.32322198152542114,1.273761510848999,219.70440673828125,CS(C)=O,mol_7d3e12eaed0f467c,0.583,0.014000000000000012,0.012296631000936031,1.0142167806625366,2.106680393218994
state_cb7370a0de96f49acc3c6157,3c_6b60b4a3a536506a27ae,3,ternary_vle_english.xlsx,10.1016/j.fluid.2006.08.004,unverified,0.5,isobaric,0.9821428571428571,isobaric,343.89,343.2241516113281,,,0.00037384033203125,True,False,48,CC(C)CC(C)(C)C,mol_57615b5c3546c298,0.44299999999999995,0.32400000000000007,0.27836501598358154,1.5525662899017334,40.99886703491211,CC(C)OC(C)C,mol_1a0ca8e5eeb68da8,0.09800000000000002,0.106,0.1521371752023697,1.4735885858535767,106.71957397460938,CCO,mol_f29e20f49d416e54,0.4590000000000001,0.57,0.56949782371521,1.7313168048858643,72.59619903564453
state_cd4208407866ed9bed8d3837,3c_1a08c4f653f7d812cdc9,3,ternary_vle_english.xlsx,10.1016/j.jct.2019.03.036,unverified,0.5,isobaric,0.972972972972973,isobaric,387.47999999999996,389.88677978515625,,,-0.0003509521484375,True,False,48,CCCOC(C)=O,mol_67043ae833ecd0c7,0.3336,0.777,0.754671573638916,1.4468247890472412,158.38861083984375,CCOC(C)=O,mol_18876b584acc43d4,0.0595,0.1661,0.17816652357578278,0.9508865475654602,318.9983215332031,CS(C)=O,mol_7d3e12eaed0f467c,0.6069,0.05689999999999995,0.0671619176864624,1.1503121852874756,9.745367050170898
state_cda2b8a9ec8015d16c9a5442,3c_b0299b0750b396fc0e73,3,ternary_vle_english.xlsx,10.1016/j.fluid.2008.09.010,unverified,0.5,isobaric,0.9444444444444444,isobaric,372.35,345.0637512207031,,,-1.9073486328125e-06,True,False,48,CC(=O)O,mol_9ac385b135af0125,0.3241,0.2185,0.12125204503536224,0.2514263093471527,19.834871292114258,CS(C)=O,mol_7d3e12eaed0f467c,0.5003,0.10189999999999999,0.03507620468735695,0.7002782821655273,1.3345704078674316,O,mol_e81dc06beaa39499,0.1756,0.6796,0.8436717987060547,1.8919051885604858,33.85163879394531
state_ce4c46ef86f9306226f3d1d2,3c_1a08c4f653f7d812cdc9,3,ternary_vle_english.xlsx,10.1016/j.jct.2019.03.036,unverified,0.5,isobaric,0.972972972972973,isobaric,379.28999999999996,381.46917724609375,,,0.000579833984375,True,False,48,CCCOC(C)=O,mol_67043ae833ecd0c7,0.1501,0.3309,0.2861137390136719,1.5503917932510376,124.5456314086914,CCOC(C)=O,mol_18876b584acc43d4,0.2556,0.6328,0.66908860206604,1.0361250638961792,255.93080139160156,CS(C)=O,mol_7d3e12eaed0f467c,0.5943,0.0363,0.0447976291179657,1.093308687210083,6.984228610992432
state_cf65a652c129d3da0d18242e,3c_2d8df0569d9d03284715,3,ternary_vle_english.xlsx,10.1016/j.fluid.2007.06.005,unverified,0.5,isobaric,0.9807692307692307,isobaric,345.48,345.26214599609375,,,-0.0002593994140625,True,False,48,CC(C)CC(C)(C)C,mol_57615b5c3546c298,0.13000000000000012,0.15800000000000003,0.14633552730083466,2.594799518585205,43.945152282714844,CCC(C)=O,mol_4cfc5db0ca2ab00b,0.565,0.485,0.49476271867752075,1.1089706420898438,79.99020385742188,CCO,mol_f29e20f49d416e54,0.305,0.357,0.3589017391204834,1.509320616722107,78.97734832763672
state_d004421244198a4e277036bb,3c_c1f86c0bca7d787912fb,3,ternary_vle_english.xlsx,10.1016/j.jct.2011.10.025,unverified,0.5,isobaric,0.9807692307692307,isobaric,362.67,363.3926086425781,,,0.0001373291015625,True,False,48,C1CCOCC1,mol_626f3d1f5bbb6f55,0.113,0.108,0.12497533112764359,1.0274863243103027,109.03849029541016,CC(C)CC(C)(C)C,mol_57615b5c3546c298,0.835,0.642,0.6495435833930969,1.0067991018295288,78.26886749267578,CC(C)O,mol_db030b5de88f8eaf,0.052,0.25,0.2254810631275177,3.1110002994537354,141.1941375732422
state_d025a17f4a5dc2a57769c06c,3c_c1f86c0bca7d787912fb,3,ternary_vle_english.xlsx,10.1016/j.jct.2011.10.025,unverified,0.5,isobaric,0.9807692307692307,isobaric,358.86,357.3399353027344,,,0.00018310546875,True,False,48,C1CCOCC1,mol_626f3d1f5bbb6f55,0.848,0.807,0.7627692818641663,1.005879521369934,90.58611297607422,CC(C)CC(C)(C)C,mol_57615b5c3546c298,0.050000000000000044,0.03699999999999992,0.03749430179595947,1.1677980422973633,65.04856872558594,CC(C)O,mol_db030b5de88f8eaf,0.102,0.156,0.19973638653755188,1.7691468000411987,112.125244140625
state_d0fd917cb33a61de502deb04,3c_6b60b4a3a536506a27ae,3,ternary_vle_english.xlsx,10.1016/j.fluid.2006.08.004,unverified,0.5,isobaric,0.9821428571428571,isobaric,340.64,338.81884765625,,,0.0003204345703125,True,False,48,CC(C)CC(C)(C)C,mol_57615b5c3546c298,0.251,0.15200000000000002,0.1276034265756607,1.464414119720459,35.16701889038086,CC(C)OC(C)C,mol_1a0ca8e5eeb68da8,0.396,0.424,0.4462721645832062,1.2339024543762207,92.51978302001953,CCO,mol_f29e20f49d416e54,0.353,0.424,0.4261243939399719,2.029215097427368,60.26212692260742
state_d3343ed2cc432ab86c332933,3c_f6a2de3ac0acbac84e4f,3,ternary_vle_english.xlsx,10.1016/j.fluid.2005.01.007,unverified,0.5,isobaric,0.9818181818181818,isobaric,331.21,330.546142578125,,,-0.00038909912109375,True,False,48,CC(C)=O,mol_e04cf77cea7bbe66,0.698,0.766,0.7787055373191833,1.0685423612594604,105.76302337646484,CC(C)CC(C)(C)C,mol_57615b5c3546c298,0.052000000000000046,0.07199999999999995,0.058059267699718475,4.347170352935791,26.01772689819336,CCO,mol_f29e20f49d416e54,0.25,0.162,0.16323520243167877,1.5819134712219238,41.81180191040039
state_d405c7110a2eacad968781e6,3c_20e37ef734cab2512529,3,ternary_vle_english.xlsx,10.1016/j.fluid.2012.12.020,unverified,0.5,isobaric,0.9230769230769231,isobaric,395.78999999999996,402.2673645019531,,,0.0004119873046875,True,False,48,CC(C)O,mol_db030b5de88f8eaf,0.0428,0.398,0.1791948825120926,0.8438272476196289,501.13116455078125,CCCCCO,mol_243de2450bee5519,0.7817000000000001,0.11739999999999995,0.5817137360572815,0.9949297904968262,75.54399108886719,CCCCO,mol_ad4ef9c6c876ca2f,0.1755,0.4846,0.2390913963317871,0.9181088209152222,149.87037658691406
state_d405d08a1477fe1cb33a84c8,3c_c1f86c0bca7d787912fb,3,ternary_vle_english.xlsx,10.1016/j.jct.2011.10.025,unverified,0.5,isobaric,0.9807692307692307,isobaric,354.83,353.9544372558594,,,-0.0002899169921875,True,False,48,C1CCOCC1,mol_626f3d1f5bbb6f55,0.34,0.25,0.2787209749221802,1.019706130027771,81.4374008178711,CC(C)CC(C)(C)C,mol_57615b5c3546c298,0.367,0.279,0.25904572010040283,1.223041296005249,58.46250534057617,CC(C)O,mol_db030b5de88f8eaf,0.293,0.471,0.46223321557044983,1.62881338596344,98.1138687133789
state_d46c224714f66cad49b07e9c,3c_c1f86c0bca7d787912fb,3,ternary_vle_english.xlsx,10.1016/j.jct.2011.10.025,unverified,0.5,isobaric,0.9807692307692307,isobaric,355.45,352.58197021484375,,,0.0006561279296875,True,False,48,C1CCOCC1,mol_626f3d1f5bbb6f55,0.435,0.374,0.39297956228256226,1.1739954948425293,77.95186614990234,CC(C)CC(C)(C)C,mol_57615b5c3546c298,0.052000000000000046,0.049000000000000044,0.05152306333184242,1.7940003871917725,55.94845199584961,CC(C)O,mol_db030b5de88f8eaf,0.513,0.577,0.555497407913208,1.1813201904296875,92.85585021972656
state_d4b86bd57602a217857f0dd0,3c_f6a2de3ac0acbac84e4f,3,ternary_vle_english.xlsx,10.1016/j.fluid.2005.01.007,unverified,0.5,isobaric,0.9818181818181818,isobaric,330.09,329.86871337890625,,,-4.57763671875e-05,True,False,48,CC(C)=O,mol_e04cf77cea7bbe66,0.685,0.784,0.811427891254425,1.160988688468933,103.357177734375,CC(C)CC(C)(C)C,mol_57615b5c3546c298,0.2649999999999999,0.16799999999999993,0.1455731838941574,2.1939990520477295,25.363452911376953,CCO,mol_f29e20f49d416e54,0.05,0.048,0.042998913675546646,2.1488759517669678,40.54015350341797
state_d4bbe733bdeab2512d1efd18,3c_2d8df0569d9d03284715,3,ternary_vle_english.xlsx,10.1016/j.fluid.2007.06.005,unverified,0.5,isobaric,0.9807692307692307,isobaric,345.91,345.43048095703125,,,9.1552734375e-05,True,False,48,CC(C)CC(C)(C)C,mol_57615b5c3546c298,0.04500000000000004,0.08999999999999997,0.07657221704721451,3.9001715183258057,44.196189880371094,CCC(C)=O,mol_4cfc5db0ca2ab00b,0.348,0.357,0.3709992468357086,1.3425213098526,80.44193267822266,CCO,mol_f29e20f49d416e54,0.607,0.553,0.5524286031723022,1.159300684928894,79.52454376220703
state_d50ddf6aff0710d4a75bb460,3c_c1f86c0bca7d787912fb,3,ternary_vle_english.xlsx,10.1016/j.jct.2011.10.025,unverified,0.5,isobaric,0.9807692307692307,isobaric,351.67,354.1279602050781,,,0.0002899169921875,True,False,48,C1CCOCC1,mol_626f3d1f5bbb6f55,0.046,0.025,0.03696062043309212,0.9939780235290527,81.88707733154297,CC(C)CC(C)(C)C,mol_57615b5c3546c298,0.6779999999999999,0.43399999999999994,0.4399247467517853,1.1180988550186157,58.78671646118164,CC(C)O,mol_db030b5de88f8eaf,0.276,0.541,0.5231145620346069,1.9433934688568115,98.79562377929688
state_d51141fd9ce7a5044e8fcc02,3c_f6a2de3ac0acbac84e4f,3,ternary_vle_english.xlsx,10.1016/j.fluid.2005.01.007,unverified,0.5,isobaric,0.9818181818181818,isobaric,335.78,334.7092590332031,,,0.0006256103515625,True,False,48,CC(C)=O,mol_e04cf77cea7bbe66,0.269,0.612,0.6910837292671204,2.1411519050598145,121.54666137695312,CC(C)CC(C)(C)C,mol_57615b5c3546c298,0.6799999999999999,0.278,0.22043383121490479,1.0821664333343506,30.345020294189453,CCO,mol_f29e20f49d416e54,0.051,0.11,0.08848244696855545,3.4878790378570557,50.38922882080078
state_d5be671d070588c67ab2e903,3c_2d8df0569d9d03284715,3,ternary_vle_english.xlsx,10.1016/j.fluid.2007.06.005,unverified,0.5,isobaric,0.9807692307692307,isobaric,344.85,344.9455261230469,,,-0.00012969970703125,True,False,48,CC(C)CC(C)(C)C,mol_57615b5c3546c298,0.21799999999999997,0.21300000000000008,0.19816210865974426,2.117948293685913,43.476810455322266,CCC(C)=O,mol_4cfc5db0ca2ab00b,0.463,0.413,0.42580878734588623,1.1771059036254883,79.14564514160156,CCO,mol_f29e20f49d416e54,0.319,0.374,0.3760290741920471,1.5317463874816895,77.95658111572266
state_d5d9756f6bf29ed562211c3a,3c_c1f86c0bca7d787912fb,3,ternary_vle_english.xlsx,10.1016/j.jct.2011.10.025,unverified,0.5,isobaric,0.9807692307692307,isobaric,353.22,353.9669494628906,,,-0.0005035400390625,True,False,48,C1CCOCC1,mol_626f3d1f5bbb6f55,0.148,0.091,0.1197611540555954,1.006156086921692,81.46971893310547,CC(C)CC(C)(C)C,mol_57615b5c3546c298,0.5630000000000001,0.389,0.3754490315914154,1.1550449132919312,58.48587417602539,CC(C)O,mol_db030b5de88f8eaf,0.289,0.52,0.5047898292541504,1.8024908304214478,98.16281127929688
state_d637f2ed709776e77450b266,3c_c1f86c0bca7d787912fb,3,ternary_vle_english.xlsx,10.1016/j.jct.2011.10.025,unverified,0.5,isobaric,0.9807692307692307,isobaric,360.7,360.2706298828125,,,-7.62939453125e-05,True,False,48,C1CCOCC1,mol_626f3d1f5bbb6f55,0.696,0.698,0.6827168464660645,1.0019687414169312,99.17137145996094,CC(C)CC(C)(C)C,mol_57615b5c3546c298,0.26,0.19700000000000006,0.19693362712860107,1.0774967670440674,71.20978546142578,CC(C)O,mol_db030b5de88f8eaf,0.044,0.105,0.12034954875707626,2.2073497772216797,125.52486419677734
state_d6c2e59132e8513732ba7d63,3c_2d8df0569d9d03284715,3,ternary_vle_english.xlsx,10.1016/j.fluid.2007.06.005,unverified,0.5,isobaric,0.9807692307692307,isobaric,343.97,344.98236083984375,,,0.00012969970703125,True,False,48,CC(C)CC(C)(C)C,mol_57615b5c3546c298,0.31299999999999994,0.2799999999999999,0.25915294885635376,1.9267293214797974,43.531246185302734,CCC(C)=O,mol_4cfc5db0ca2ab00b,0.157,0.162,0.18515755236148834,1.5076135396957397,79.24314880371094,CCO,mol_f29e20f49d416e54,0.53,0.558,0.5556895136833191,1.3603647947311401,78.0748062133789
state_d8a1c9dd1821d3c9bb4ebaef,3c_6b60b4a3a536506a27ae,3,ternary_vle_english.xlsx,10.1016/j.fluid.2006.08.004,unverified,0.5,isobaric,0.9821428571428571,isobaric,345.89,344.31982421875,,,-0.00025177001953125,True,False,48,CC(C)CC(C)(C)C,mol_57615b5c3546c298,0.644,0.346,0.3101141154766083,1.1460866928100586,42.562442779541016,CC(C)OC(C)C,mol_1a0ca8e5eeb68da8,0.099,0.11,0.1299884170293808,1.203605055809021,110.5080337524414,CCO,mol_f29e20f49d416e54,0.257,0.544,0.5598974823951721,2.9049301147460938,75.9710464477539
state_d9112ec265d311aba69d2dbd,3c_1a08c4f653f7d812cdc9,3,ternary_vle_english.xlsx,10.1016/j.jct.2019.03.036,unverified,0.5,isobaric,0.972972972972973,isobaric,377.71,380.5926818847656,,,0.00011444091796875,True,False,48,CCCOC(C)=O,mol_67043ae833ecd0c7,0.1271,0.282,0.2384956330060959,1.5660605430603027,121.37696075439453,CCOC(C)=O,mol_18876b584acc43d4,0.2781,0.6832,0.7185487151145935,1.047116756439209,249.95973205566406,CS(C)=O,mol_7d3e12eaed0f467c,0.5948,0.03479999999999994,0.042955659329891205,1.0854876041412354,6.739605903625488
state_d92a4ee89a093b3af541c01b,3c_b0299b0750b396fc0e73,3,ternary_vle_english.xlsx,10.1016/j.fluid.2008.09.010,unverified,0.5,isobaric,0.9444444444444444,isobaric,383.32,356.13323974609375,,,-4.291534423828125e-05,True,False,48,CC(=O)O,mol_9ac385b135af0125,0.2641,0.1813,0.1112302839756012,0.1831512302160263,30.653039932250977,CS(C)=O,mol_7d3e12eaed0f467c,0.6359,0.34430000000000005,0.09048508107662201,0.8251694440841675,2.298654794692993,O,mol_e81dc06beaa39499,0.1,0.4744,0.798284649848938,1.9933470487594604,53.38307571411133
state_d9db13773d0548083846fe66,3c_1a08c4f653f7d812cdc9,3,ternary_vle_english.xlsx,10.1016/j.jct.2019.03.036,unverified,0.5,isobaric,0.972972972972973,isobaric,378.85999999999996,376.7017822265625,,,-9.918212890625e-05,True,False,48,CCCOC(C)=O,mol_67043ae833ecd0c7,0.1642,0.2549,0.25141510367393494,1.4353240728378296,108.06306457519531,CCOC(C)=O,mol_18876b584acc43d4,0.3178,0.7091,0.7154535055160522,1.0147849321365356,224.7307891845703,CS(C)=O,mol_7d3e12eaed0f467c,0.518,0.03600000000000003,0.03313140198588371,1.1287790536880493,5.73997688293457
state_dae5653c20be927f58304cff,3c_f6a2de3ac0acbac84e4f,3,ternary_vle_english.xlsx,10.1016/j.fluid.2005.01.007,unverified,0.5,isobaric,0.9818181818181818,isobaric,343.55,344.4220886230469,,,-0.00012969970703125,True,False,48,CC(C)=O,mol_e04cf77cea7bbe66,0.042,0.109,0.15726518630981445,2.2893474102020264,165.68397521972656,CC(C)CC(C)(C)C,mol_57615b5c3546c298,0.6990000000000001,0.384,0.3343846797943115,1.1345922946929932,42.71085739135742,CCO,mol_f29e20f49d416e54,0.259,0.507,0.508350133895874,2.606088638305664,76.29268646240234
state_dc3d4c5283fe489fc99730f2,3c_6b60b4a3a536506a27ae,3,ternary_vle_english.xlsx,10.1016/j.fluid.2006.08.004,unverified,0.5,isobaric,0.9821428571428571,isobaric,340.78,338.6005554199219,,,0.0003814697265625,True,False,48,CC(C)CC(C)(C)C,mol_57615b5c3546c298,0.25,0.14100000000000001,0.11193021386861801,1.2996798753738403,34.89651107788086,CC(C)OC(C)C,mol_1a0ca8e5eeb68da8,0.504,0.502,0.5108809471130371,1.1178522109985352,91.8577651977539,CCO,mol_f29e20f49d416e54,0.246,0.357,0.3771888315677643,2.601729393005371,59.69977569580078
state_dc5f80efc4394dc24465348f,3c_c1f86c0bca7d787912fb,3,ternary_vle_english.xlsx,10.1016/j.jct.2011.10.025,unverified,0.5,isobaric,0.9807692307692307,isobaric,353.1,352.25482177734375,,,0.0002899169921875,True,False,48,C1CCOCC1,mol_626f3d1f5bbb6f55,0.251,0.175,0.2116207480430603,1.1071828603744507,77.13934326171875,CC(C)CC(C)(C)C,mol_57615b5c3546c298,0.256,0.2330000000000001,0.2121901512145996,1.5166527032852173,55.36174774169922,CC(C)O,mol_db030b5de88f8eaf,0.493,0.592,0.5761891007423401,1.291985034942627,91.63709259033203
state_de8a6280a794eed400d8c2e3,3c_f6a2de3ac0acbac84e4f,3,ternary_vle_english.xlsx,10.1016/j.fluid.2005.01.007,unverified,0.5,isobaric,0.9818181818181818,isobaric,333.78,333.1560363769531,,,0.0016326904296875,True,False,48,CC(C)=O,mol_e04cf77cea7bbe66,0.377,0.546,0.6140416264533997,1.429112195968628,115.45335388183594,CC(C)CC(C)(C)C,mol_57615b5c3546c298,0.372,0.22699999999999998,0.17834487557411194,1.6941077709197998,28.667715072631836,CCO,mol_f29e20f49d416e54,0.251,0.227,0.2076134979724884,1.7816336154937744,47.030540466308594
state_deec445c467517a9158770b3,3c_f6a2de3ac0acbac84e4f,3,ternary_vle_english.xlsx,10.1016/j.fluid.2005.01.007,unverified,0.5,isobaric,0.9818181818181818,isobaric,342.57,343.02923583984375,,,-0.00026702880859375,True,False,48,CC(C)=O,mol_e04cf77cea7bbe66,0.05,0.088,0.149075448513031,1.9034061431884766,158.67662048339844,CC(C)CC(C)(C)C,mol_57615b5c3546c298,0.363,0.352,0.2828837037086487,1.9384123086929321,40.725223541259766,CCO,mol_f29e20f49d416e54,0.587,0.56,0.5680408477783203,1.3613337278366089,72.00872802734375
state_e01bf2726e9ee52392699db4,3c_2d8df0569d9d03284715,3,ternary_vle_english.xlsx,10.1016/j.fluid.2007.06.005,unverified,0.5,isobaric,0.9807692307692307,isobaric,350.4,349.7270202636719,,,3.0517578125e-05,True,False,48,CC(C)CC(C)(C)C,mol_57615b5c3546c298,0.05499999999999994,0.07499999999999996,0.0884469673037529,3.1946861743927,50.99195098876953,CCC(C)=O,mol_4cfc5db0ca2ab00b,0.903,0.855,0.8321807980537415,1.007208228111267,92.68730926513672,CCO,mol_f29e20f49d416e54,0.042,0.07,0.07937225699424744,2.0235671997070312,94.60440826416016
state_e07b879a0ba7706549d0dbf4,3c_2d8df0569d9d03284715,3,ternary_vle_english.xlsx,10.1016/j.fluid.2007.06.005,unverified,0.5,isobaric,0.9807692307692307,isobaric,344.47,344.6840515136719,,,0.0001220703125,True,False,48,CC(C)CC(C)(C)C,mol_57615b5c3546c298,0.129,0.17700000000000005,0.15528865158557892,2.8297977447509766,43.09279251098633,CCC(C)=O,mol_4cfc5db0ca2ab00b,0.358,0.333,0.3527143895626068,1.2721456289291382,78.45367431640625,CCO,mol_f29e20f49d416e54,0.513,0.49,0.4919969439506531,1.2597310543060303,77.1218032836914
state_e093ddd479844bf87d202362,3c_b0299b0750b396fc0e73,3,ternary_vle_english.xlsx,10.1016/j.fluid.2008.09.010,unverified,0.5,isobaric,0.9444444444444444,isobaric,385.08,358.3900451660156,,,8.0108642578125e-05,True,False,48,CC(=O)O,mol_9ac385b135af0125,0.2612,0.1869,0.11625464260578156,0.1777750849723816,33.373287200927734,CS(C)=O,mol_7d3e12eaed0f467c,0.6508,0.377,0.10420508682727814,0.8349682092666626,2.5562551021575928,O,mol_e81dc06beaa39499,0.088,0.4361,0.7795402407646179,2.0237929821014404,58.34754180908203
state_e14d9045b7058f9c0c2f4c98,3c_b0299b0750b396fc0e73,3,ternary_vle_english.xlsx,10.1016/j.fluid.2008.09.010,unverified,0.5,isobaric,0.9444444444444444,isobaric,386.52,357.5547180175781,,,2.09808349609375e-05,True,False,48,CC(=O)O,mol_9ac385b135af0125,0.2606,0.1824,0.11315203458070755,0.17894777655601501,32.34390640258789,CS(C)=O,mol_7d3e12eaed0f467c,0.6468,0.3602000000000001,0.09937117248773575,0.8331359624862671,2.4581329822540283,O,mol_e81dc06beaa39499,0.0926,0.4574,0.7874768376350403,2.0075414180755615,56.466793060302734
state_e28d9ef3de84d73b100439d7,3c_2d8df0569d9d03284715,3,ternary_vle_english.xlsx,10.1016/j.fluid.2007.06.005,unverified,0.5,isobaric,0.9807692307692307,isobaric,345.97,345.3826904296875,,,0.0001678466796875,True,False,48,CC(C)CC(C)(C)C,mol_57615b5c3546c298,0.04400000000000004,0.08200000000000007,0.06969888508319855,3.636638641357422,44.124847412109375,CCC(C)=O,mol_4cfc5db0ca2ab00b,0.449,0.43,0.4351818263530731,1.2224879264831543,80.31376647949219,CCO,mol_f29e20f49d416e54,0.507,0.488,0.4951193034648895,1.2464141845703125,79.3687744140625
state_e38aa9043cd9647ebd694e00,3c_f6a2de3ac0acbac84e4f,3,ternary_vle_english.xlsx,10.1016/j.fluid.2005.01.007,unverified,0.5,isobaric,0.9818181818181818,isobaric,334.0,332.2434387207031,,,0.00153350830078125,True,False,48,CC(C)=O,mol_e04cf77cea7bbe66,0.372,0.65,0.7423425912857056,1.805124282836914,111.98770904541016,CC(C)CC(C)(C)C,mol_57615b5c3546c298,0.5760000000000001,0.266,0.1887865960597992,1.1978795528411865,27.71734046936035,CCO,mol_f29e20f49d416e54,0.052,0.084,0.06887081265449524,2.9718024730682373,45.14690399169922
state_e39e1ee44cb787ff26ac9f5e,3c_6e76d885d4575498aef9,3,ternary_vle_english.xlsx,10.1016/j.fluid.2015.08.014,unverified,0.5,isobaric,0.9411764705882353,isobaric,351.27,352.7188720703125,,,0.0009002685546875,True,False,48,CO,mol_a85d32e4db2ff39c,0.193,0.214,0.4479207694530487,1.3214194774627686,177.91661071777344,COC(C)=O,mol_b9c4464ceb7b1e3f,0.227,0.776,0.5409029722213745,1.1516015529632568,209.60641479492188,CS(C)=O,mol_7d3e12eaed0f467c,0.58,0.010000000000000009,0.011176329106092453,1.0001555681228638,1.951717495918274
state_e44a56f802b16ac8d3271833,3c_2d8df0569d9d03284715,3,ternary_vle_english.xlsx,10.1016/j.fluid.2007.06.005,unverified,0.5,isobaric,0.9807692307692307,isobaric,344.48,345.25653076171875,,,0.00019073486328125,True,False,48,CC(C)CC(C)(C)C,mol_57615b5c3546c298,0.129,0.21299999999999997,0.18812111020088196,3.36222767829895,43.93706130981445,CCC(C)=O,mol_4cfc5db0ca2ab00b,0.151,0.166,0.19084475934505463,1.6008801460266113,79.97509765625,CCO,mol_f29e20f49d416e54,0.72,0.621,0.6210341453552246,1.1065974235534668,78.9593505859375
state_e4b88fb276b590f00235fa6a,3c_6b60b4a3a536506a27ae,3,ternary_vle_english.xlsx,10.1016/j.fluid.2006.08.004,unverified,0.5,isobaric,0.9821428571428571,isobaric,355.27,352.9461975097656,,,0.000274658203125,True,False,48,CC(C)CC(C)(C)C,mol_57615b5c3546c298,0.76,0.49,0.4289734959602356,1.0100830793380737,56.60703659057617,CC(C)OC(C)C,mol_1a0ca8e5eeb68da8,0.194,0.294,0.31052330136299133,1.1242947578430176,144.21914672851562,CCO,mol_f29e20f49d416e54,0.046,0.216,0.26050320267677307,5.34161901473999,107.39720916748047
state_e5202539029fb9586c9d78f6,3c_2d8df0569d9d03284715,3,ternary_vle_english.xlsx,10.1016/j.fluid.2007.06.005,unverified,0.5,isobaric,0.9807692307692307,isobaric,352.85,353.5718994140625,,,0.0010833740234375,True,False,48,CC(C)CC(C)(C)C,mol_57615b5c3546c298,0.774,0.45100000000000007,0.45663556456565857,1.0348268747329712,57.753082275390625,CCC(C)=O,mol_4cfc5db0ca2ab00b,0.193,0.363,0.4087086319923401,2.045684337615967,104.86534118652344,CCO,mol_f29e20f49d416e54,0.033,0.186,0.13465577363967896,3.7563257217407227,110.0428695678711
state_e68cf01b404ad1a99eb525d7,3c_c1f86c0bca7d787912fb,3,ternary_vle_english.xlsx,10.1016/j.jct.2011.10.025,unverified,0.5,isobaric,0.9807692307692307,isobaric,359.88,359.3765869140625,,,7.62939453125e-05,True,False,48,C1CCOCC1,mol_626f3d1f5bbb6f55,0.898,0.882,0.8554182648658752,1.0001250505447388,96.48452758789062,CC(C)CC(C)(C)C,mol_57615b5c3546c298,0.05999999999999994,0.04400000000000004,0.045857515186071396,1.1174726486206055,69.28387451171875,CC(C)O,mol_db030b5de88f8eaf,0.042,0.074,0.09872417151927948,1.9628950357437134,121.30730438232422
state_e764370537528be55313f77f,3c_2d8df0569d9d03284715,3,ternary_vle_english.xlsx,10.1016/j.fluid.2007.06.005,unverified,0.5,isobaric,0.9807692307692307,isobaric,355.38,359.123046875,,,-0.00012969970703125,True,False,48,CC(C)CC(C)(C)C,mol_57615b5c3546c298,0.887,0.518,0.6059028506278992,1.006577968597412,68.74495697021484,CCC(C)=O,mol_4cfc5db0ca2ab00b,0.089,0.226,0.254040390253067,2.3195879459381104,124.65531921386719,CCO,mol_f29e20f49d416e54,0.024,0.256,0.1400567889213562,4.34785795211792,135.9647979736328
state_e817702db5d207ec03b542d0,3c_c1f86c0bca7d787912fb,3,ternary_vle_english.xlsx,10.1016/j.jct.2011.10.025,unverified,0.5,isobaric,0.9807692307692307,isobaric,352.2,352.1115417480469,,,0.000518798828125,True,False,48,C1CCOCC1,mol_626f3d1f5bbb6f55,0.056,0.046,0.061326295137405396,1.4447407722473145,76.78572082519531,CC(C)CC(C)(C)C,mol_57615b5c3546c298,0.126,0.20699999999999996,0.17166778445243835,2.504542827606201,55.1063232421875,CC(C)O,mol_db030b5de88f8eaf,0.818,0.747,0.7670059204101562,1.0425649881362915,91.10746002197266
state_e8b4486fa1d873bed0b2defc,3c_1a08c4f653f7d812cdc9,3,ternary_vle_english.xlsx,10.1016/j.jct.2019.03.036,unverified,0.5,isobaric,0.972972972972973,isobaric,381.7200000000001,384.63330078125,,,0.00038909912109375,True,False,48,CCCOC(C)=O,mol_67043ae833ecd0c7,0.2151,0.4846,0.44018322229385376,1.5183948278427124,136.52728271484375,CCOC(C)=O,mol_18876b584acc43d4,0.1834,0.4726,0.5074340105056763,1.0067496299743652,278.400390625,CS(C)=O,mol_7d3e12eaed0f467c,0.6014999999999999,0.04279999999999995,0.052382782101631165,1.1122829914093018,7.931379795074463
state_e8c671ebb7e7aa48be0b319b,3c_2d8df0569d9d03284715,3,ternary_vle_english.xlsx,10.1016/j.fluid.2007.06.005,unverified,0.5,isobaric,0.9807692307692307,isobaric,346.32,346.9599304199219,,,0.0007781982421875,True,False,48,CC(C)CC(C)(C)C,mol_57615b5c3546c298,0.621,0.34199999999999997,0.3343745470046997,1.1723294258117676,46.5269660949707,CCC(C)=O,mol_4cfc5db0ca2ab00b,0.167,0.203,0.2402133196592331,1.7214826345443726,84.6429443359375,CCO,mol_f29e20f49d416e54,0.212,0.455,0.4254120886325836,2.4015328884124756,84.64439392089844
state_e9bf0516299b55e8f0b399c0,3c_20e37ef734cab2512529,3,ternary_vle_english.xlsx,10.1016/j.fluid.2012.12.020,unverified,0.5,isobaric,0.9230769230769231,isobaric,388.35999999999996,389.48956298828125,,,0.0002593994140625,True,False,48,CC(C)O,mol_db030b5de88f8eaf,0.1341,0.3396,0.3977629840373993,0.8737944960594177,342.8536376953125,CCCCCO,mol_243de2450bee5519,0.42599999999999993,0.3425,0.19284768402576447,0.9609001874923706,47.582698822021484,CCCCO,mol_ad4ef9c6c876ca2f,0.4399,0.3179,0.40938934683799744,0.970420241355896,96.86016845703125
state_ea2ef91680e172c1b32873fc,3c_f1332761d3af136f02b5,3,ternary_vle_english.xlsx,10.1016/j.fluid.2014.04.025,unverified,0.5,isobaric,0.9473684210526315,isobaric,392.35999999999996,390.26739501953125,,,0.0002288818359375,True,False,48,COCCO,mol_d291b272a64498d9,0.7126,0.6197,0.61714768409729,0.9992128014564514,87.80024719238281,CS(C)=O,mol_7d3e12eaed0f467c,0.14969999999999994,0.011399999999999966,0.016224058344960213,1.1101349592208862,9.889455795288086,Cc1ccccc1,mol_1c09299644053521,0.1377,0.3689,0.3666281998157501,2.2242307662963867,121.26138305664062
state_eb8020f0cb92aeda39c0d011,3c_1a08c4f653f7d812cdc9,3,ternary_vle_english.xlsx,10.1016/j.jct.2019.03.036,unverified,0.5,isobaric,0.972972972972973,isobaric,376.2,378.9409484863281,,,0.0001983642578125,True,False,48,CCCOC(C)=O,mol_67043ae833ecd0c7,0.0737,0.1692,0.13541968166828156,1.610477089881897,115.57662963867188,CCOC(C)=O,mol_18876b584acc43d4,0.3254,0.7982,0.8247418403625488,1.0742766857147217,238.99822998046875,CS(C)=O,mol_7d3e12eaed0f467c,0.6009,0.03259999999999996,0.03983847051858902,1.0662918090820312,6.298464298248291
state_ec1280471a2f55d3fa3b1d75,3c_f1332761d3af136f02b5,3,ternary_vle_english.xlsx,10.1016/j.fluid.2014.04.025,unverified,0.5,isobaric,0.9473684210526315,isobaric,414.71,406.51458740234375,,,0.0001983642578125,True,False,48,COCCO,mol_d291b272a64498d9,0.2959,0.3797,0.45518922805786133,1.0708712339401245,145.51913452148438,CS(C)=O,mol_7d3e12eaed0f467c,0.5964,0.13359999999999994,0.11144421994686127,1.053268313407898,17.971784591674805,Cc1ccccc1,mol_1c09299644053521,0.1077,0.4867000000000001,0.4333665668964386,2.1993248462677,185.33636474609375
state_ecf2366f6c929761cbf82860,3c_6e76d885d4575498aef9,3,ternary_vle_english.xlsx,10.1016/j.fluid.2015.08.014,unverified,0.5,isobaric,0.9411764705882353,isobaric,350.14,356.46270751953125,,,-3.0517578125e-05,True,False,48,CO,mol_a85d32e4db2ff39c,0.071,0.07,0.21309047937393188,1.497745156288147,202.99114990234375,COC(C)=O,mol_b9c4464ceb7b1e3f,0.315,0.919,0.7726133465766907,1.0615519285202026,234.05596923828125,CS(C)=O,mol_7d3e12eaed0f467c,0.614,0.010999999999999899,0.014296220615506172,1.0102120637893677,2.3347997665405273
state_ed7bfb6eeede8fe88b6eeade,3c_6b60b4a3a536506a27ae,3,ternary_vle_english.xlsx,10.1016/j.fluid.2006.08.004,unverified,0.5,isobaric,0.9821428571428571,isobaric,346.17,343.9281311035156,,,-5.340576171875e-05,True,False,48,CC(C)CC(C)(C)C,mol_57615b5c3546c298,0.355,0.18799999999999994,0.1603263020515442,1.089319109916687,41.99818801879883,CC(C)OC(C)C,mol_1a0ca8e5eeb68da8,0.597,0.682,0.6739628314971924,1.0478047132492065,109.14163970947266,CCO,mol_f29e20f49d416e54,0.048,0.13,0.16571086645126343,4.678533554077148,74.7496566772461
state_eda6548697a98c12771898f9,3c_1a08c4f653f7d812cdc9,3,ternary_vle_english.xlsx,10.1016/j.jct.2019.03.036,unverified,0.5,isobaric,0.972972972972973,isobaric,372.95,372.8667907714844,,,0.00023651123046875,True,False,48,CCCOC(C)=O,mol_67043ae833ecd0c7,0.0823,0.1019,0.11402656883001328,1.4606283903121948,96.0897216796875,CCOC(C)=O,mol_18876b584acc43d4,0.4131,0.8724,0.8592047691345215,1.043931245803833,201.82736206054688,CS(C)=O,mol_7d3e12eaed0f467c,0.5045999999999999,0.025700000000000056,0.026768634095788002,1.1008377075195312,4.881644248962402
state_edb02dec7c7c22c5a435930b,3c_c1f86c0bca7d787912fb,3,ternary_vle_english.xlsx,10.1016/j.jct.2011.10.025,unverified,0.5,isobaric,0.9807692307692307,isobaric,364.19,365.81805419921875,,,0.00145721435546875,True,False,48,C1CCOCC1,mol_626f3d1f5bbb6f55,0.047,0.049,0.055916547775268555,1.0279237031936646,117.24581146240234,CC(C)CC(C)(C)C,mol_57615b5c3546c298,0.918,0.735,0.7642825245857239,1.0025651454925537,84.1229248046875,CC(C)O,mol_db030b5de88f8eaf,0.035,0.216,0.17980092763900757,3.369992971420288,154.42250061035156
state_efdbf0e4bf6cf06dee276228,3c_2d8df0569d9d03284715,3,ternary_vle_english.xlsx,10.1016/j.fluid.2007.06.005,unverified,0.5,isobaric,0.9622641509433962,isobaric,343.98,344.6152648925781,,,-0.0001373291015625,True,False,48,CC(C)CC(C)(C)C,mol_57615b5c3546c298,0.21099999999999997,0.23299999999999998,0.20987802743911743,2.343701124191284,42.992347717285156,CCC(C)=O,mol_4cfc5db0ca2ab00b,0.26,0.25,0.27424338459968567,1.365093469619751,78.27252197265625,CCO,mol_f29e20f49d416e54,0.529,0.517,0.5158786177635193,1.2845700979232788,76.90293884277344
state_f251cb1c8ff1f38f23edd087,3c_b0299b0750b396fc0e73,3,ternary_vle_english.xlsx,10.1016/j.fluid.2008.09.010,unverified,0.5,isobaric,0.9444444444444444,isobaric,373.21,347.8355712890625,,,5.14984130859375e-05,True,False,48,CC(=O)O,mol_9ac385b135af0125,0.3282,0.2298,0.13076534867286682,0.23941025137901306,22.184171676635742,CS(C)=O,mol_7d3e12eaed0f467c,0.5264,0.18159999999999998,0.04325096681714058,0.7135993242263794,1.5348197221755981,O,mol_e81dc06beaa39499,0.1454,0.5886,0.8259837031364441,1.9896132946014404,38.06013107299805
state_f26ca86ca623ea262e783a88,3c_c1f86c0bca7d787912fb,3,ternary_vle_english.xlsx,10.1016/j.jct.2011.10.025,unverified,0.5,isobaric,0.9807692307692307,isobaric,354.88,352.3819885253906,,,0.00054931640625,True,False,48,C1CCOCC1,mol_626f3d1f5bbb6f55,0.349,0.303,0.3336000144481659,1.250163197517395,77.45433807373047,CC(C)CC(C)(C)C,mol_57615b5c3546c298,0.051000000000000045,0.052999999999999936,0.05703970417380333,2.0381243228912354,55.58892059326172,CC(C)O,mol_db030b5de88f8eaf,0.6,0.644,0.6093602180480957,1.1169449090957642,92.10917663574219
state_f353d2a276ad3c5d24e9539c,3c_6e76d885d4575498aef9,3,ternary_vle_english.xlsx,10.1016/j.fluid.2015.08.014,unverified,0.5,isobaric,0.9411764705882353,isobaric,350.6,357.6086120605469,,,-0.000152587890625,True,False,48,CO,mol_a85d32e4db2ff39c,0.048,0.048,0.15397633612155914,1.5384700298309326,211.21875,COC(C)=O,mol_b9c4464ceb7b1e3f,0.332,0.94,0.8307163715362549,1.0475510358810425,241.962646484375,CS(C)=O,mol_7d3e12eaed0f467c,0.62,0.01200000000000001,0.015307332389056683,1.0148704051971436,2.4643707275390625
state_f45dc62dc91281539e3e54a1,3c_6b60b4a3a536506a27ae,3,ternary_vle_english.xlsx,10.1016/j.fluid.2006.08.004,unverified,0.5,isobaric,0.9821428571428571,isobaric,341.74,339.9568786621094,,,0.0,True,False,48,CC(C)CC(C)(C)C,mol_57615b5c3546c298,0.359,0.18700000000000006,0.15805357694625854,1.2183505296707153,36.60556411743164,CC(C)OC(C)C,mol_1a0ca8e5eeb68da8,0.404,0.407,0.43209108710289,1.128180742263794,96.03392791748047,CCO,mol_f29e20f49d416e54,0.237,0.406,0.40985536575317383,2.7689952850341797,63.265872955322266
state_f4829dea39a5e389cc73f08c,3c_f6a2de3ac0acbac84e4f,3,ternary_vle_english.xlsx,10.1016/j.fluid.2005.01.007,unverified,0.5,isobaric,0.9818181818181818,isobaric,329.29,329.2486267089844,,,0.0001983642578125,True,False,48,CC(C)=O,mol_e04cf77cea7bbe66,0.794,0.834,0.8458130955696106,1.0663779973983765,101.19358825683594,CC(C)CC(C)(C)C,mol_57615b5c3546c298,0.15699999999999992,0.127,0.11468613892793655,2.9866912364959717,24.776002883911133,CCO,mol_f29e20f49d416e54,0.049,0.039,0.03950072079896927,2.072383403778076,39.40480041503906
state_f4d00e8dac37afe9298c1e6e,3c_f6a2de3ac0acbac84e4f,3,ternary_vle_english.xlsx,10.1016/j.fluid.2005.01.007,unverified,0.5,isobaric,0.9818181818181818,isobaric,335.59,334.5562438964844,,,0.000457763671875,True,False,48,CC(C)=O,mol_e04cf77cea7bbe66,0.286,0.46,0.5608158707618713,1.6425280570983887,120.93524169921875,CC(C)CC(C)(C)C,mol_57615b5c3546c298,0.46799999999999997,0.2609999999999999,0.19865606725215912,1.424952507019043,30.17637062072754,CCO,mol_f29e20f49d416e54,0.246,0.279,0.24052803218364716,1.9789774417877197,50.04966354370117
state_f552274d28990c385022be5b,3c_f1332761d3af136f02b5,3,ternary_vle_english.xlsx,10.1016/j.fluid.2014.04.025,unverified,0.5,isobaric,0.9473684210526315,isobaric,392.03,389.6587219238281,,,-0.0001678466796875,True,False,48,COCCO,mol_d291b272a64498d9,0.6134,0.5389,0.5295030474662781,1.015812635421753,86.08348083496094,CS(C)=O,mol_7d3e12eaed0f467c,0.19920000000000004,0.014000000000000012,0.02153795026242733,1.1338398456573486,9.659887313842773,Cc1ccccc1,mol_1c09299644053521,0.1874,0.4471,0.4489590525627136,2.035038709640503,119.25406646728516
state_f555fce65c1428ab8ae94143,3c_c1f86c0bca7d787912fb,3,ternary_vle_english.xlsx,10.1016/j.jct.2011.10.025,unverified,0.5,isobaric,0.9807692307692307,isobaric,364.02,364.0438232421875,,,0.0005645751953125,True,False,48,C1CCOCC1,mol_626f3d1f5bbb6f55,0.194,0.201,0.22027401626110077,1.0344038009643555,111.19449615478516,CC(C)CC(C)(C)C,mol_57615b5c3546c298,0.767,0.619,0.6078333854675293,1.0058965682983398,79.80823516845703,CC(C)O,mol_db030b5de88f8eaf,0.039,0.18,0.1718926727771759,3.086573600769043,144.65318298339844
state_f5cae14900f42cabb80ffc75,3c_6b60b4a3a536506a27ae,3,ternary_vle_english.xlsx,10.1016/j.fluid.2006.08.004,unverified,0.5,isobaric,0.9821428571428571,isobaric,343.21,341.9917297363281,,,0.00016021728515625,True,False,48,CC(C)CC(C)(C)C,mol_57615b5c3546c298,0.14700000000000002,0.20699999999999996,0.18123167753219604,3.178276777267456,39.2948112487793,CC(C)OC(C)C,mol_1a0ca8e5eeb68da8,0.096,0.169,0.23978348076343536,2.4665098190307617,102.58297729492188,CCO,mol_f29e20f49d416e54,0.757,0.624,0.578984797000885,1.1236883401870728,68.95020294189453
state_f657ba55d72d11197dcf19ff,3c_f6a2de3ac0acbac84e4f,3,ternary_vle_english.xlsx,10.1016/j.fluid.2005.01.007,unverified,0.5,isobaric,0.9818181818181818,isobaric,332.71,332.0964050292969,,,3.0517578125e-05,True,False,48,CC(C)=O,mol_e04cf77cea7bbe66,0.496,0.613,0.6563976407051086,1.2029961347579956,111.43733215332031,CC(C)CC(C)(C)C,mol_57615b5c3546c298,0.15700000000000003,0.15800000000000003,0.12356560677289963,2.8921592235565186,27.566736221313477,CCO,mol_f29e20f49d416e54,0.347,0.229,0.22003677487373352,1.4322528839111328,44.849300384521484
state_f6a94bd1b5ce45ff8e1dbb8a,3c_20e37ef734cab2512529,3,ternary_vle_english.xlsx,10.1016/j.fluid.2012.12.020,unverified,0.5,isobaric,0.9230769230769231,isobaric,399.49,404.8037109375,,,0.0003509521484375,True,False,48,CC(C)O,mol_db030b5de88f8eaf,0.0281,0.2881,0.1257644146680832,0.8397102355957031,538.3253784179688,CCCCCO,mol_243de2450bee5519,0.8433999999999999,0.3146,0.6863731741905212,0.9973971247673035,82.41029357910156,CCCCO,mol_ad4ef9c6c876ca2f,0.1285,0.3973,0.18786245584487915,0.9075025320053101,162.70913696289062
state_f6d7a9d74a8be00d1912287e,3c_2d8df0569d9d03284715,3,ternary_vle_english.xlsx,10.1016/j.fluid.2007.06.005,unverified,0.5,isobaric,0.9807692307692307,isobaric,344.14,344.72296142578125,,,0.0,True,False,48,CC(C)CC(C)(C)C,mol_57615b5c3546c298,0.29400000000000004,0.255,0.23839358985424042,1.9036083221435547,43.14982986450195,CCC(C)=O,mol_4cfc5db0ca2ab00b,0.263,0.256,0.2781935930252075,1.3640167713165283,78.55632019042969,CCO,mol_f29e20f49d416e54,0.443,0.489,0.4834127724170685,1.4310412406921387,77.2452392578125
state_f72f73bd5b3bde2a84491296,3c_c1f86c0bca7d787912fb,3,ternary_vle_english.xlsx,10.1016/j.jct.2011.10.025,unverified,0.5,isobaric,0.9807692307692307,isobaric,356.38,354.00555419921875,,,-0.0001373291015625,True,False,48,C1CCOCC1,mol_626f3d1f5bbb6f55,0.656,0.583,0.5574997067451477,1.0554101467132568,81.56961059570312,CC(C)CC(C)(C)C,mol_57615b5c3546c298,0.04899999999999993,0.03700000000000003,0.03911186009645462,1.380810022354126,58.55814743041992,CC(C)O,mol_db030b5de88f8eaf,0.295,0.38,0.40338850021362305,1.408951759338379,98.31375122070312
state_f76b4f29fd8807991acb4ad1,3c_f6a2de3ac0acbac84e4f,3,ternary_vle_english.xlsx,10.1016/j.fluid.2005.01.007,unverified,0.5,isobaric,0.9818181818181818,isobaric,333.89,332.6322937011719,,,0.001312255859375,True,False,48,CC(C)=O,mol_e04cf77cea7bbe66,0.376,0.577,0.6648106575012207,1.5787230730056763,113.453857421875,CC(C)CC(C)(C)C,mol_57615b5c3546c298,0.475,0.242,0.18322427570819855,1.3896476030349731,28.118995666503906,CCO,mol_f29e20f49d416e54,0.149,0.181,0.15196514129638672,2.2488880157470703,45.94147491455078
state_f893d7c5af26d00b367e7e12,3c_1a08c4f653f7d812cdc9,3,ternary_vle_english.xlsx,10.1016/j.jct.2019.03.036,unverified,0.5,isobaric,0.972972972972973,isobaric,377.96,379.9880065917969,,,-6.866455078125e-05,True,False,48,CCCOC(C)=O,mol_67043ae833ecd0c7,0.0974,0.2235,0.18312311172485352,1.5974079370498657,119.22779846191406,CCOC(C)=O,mol_18876b584acc43d4,0.3002,0.7419,0.7749080061912537,1.0633715391159058,245.90289306640625,CS(C)=O,mol_7d3e12eaed0f467c,0.6024,0.034599999999999964,0.04196885600686073,1.0733616352081299,6.575144290924072
state_f94a5e29e697484df89bc480,3c_6b60b4a3a536506a27ae,3,ternary_vle_english.xlsx,10.1016/j.fluid.2006.08.004,unverified,0.5,isobaric,0.9821428571428571,isobaric,341.18,339.46051025390625,,,3.0517578125e-05,True,False,48,CC(C)CC(C)(C)C,mol_57615b5c3546c298,0.247,0.17700000000000005,0.14896896481513977,1.6983933448791504,35.97246170043945,CC(C)OC(C)C,mol_1a0ca8e5eeb68da8,0.296,0.344,0.3884897828102112,1.4070851802825928,94.48809051513672,CCO,mol_f29e20f49d416e54,0.457,0.479,0.46254125237464905,1.6552647352218628,61.94074630737305
state_fa089cfbf1f2ec0612aea714,3c_6e76d885d4575498aef9,3,ternary_vle_english.xlsx,10.1016/j.fluid.2015.08.014,unverified,0.5,isobaric,0.9411764705882353,isobaric,351.68,353.7456359863281,,,0.001556396484375,True,False,48,CO,mol_a85d32e4db2ff39c,0.167,0.185,0.4105485677719116,1.3496103286743164,184.52525329589844,COC(C)=O,mol_b9c4464ceb7b1e3f,0.239,0.804,0.5774198770523071,1.1325170993804932,216.10519409179688,CS(C)=O,mol_7d3e12eaed0f467c,0.594,0.010999999999999899,0.012031580321490765,1.0004724264144897,2.050913095474243
state_fc114bd56d38dbfd3f856d1f,3c_1a08c4f653f7d812cdc9,3,ternary_vle_english.xlsx,10.1016/j.jct.2019.03.036,unverified,0.5,isobaric,0.972972972972973,isobaric,384.72999999999996,381.5341796875,,,3.0517578125e-05,True,False,48,CCCOC(C)=O,mol_67043ae833ecd0c7,0.3137,0.5618,0.5182589888572693,1.341171145439148,124.78366088867188,CCOC(C)=O,mol_18876b584acc43d4,0.1819,0.3896,0.439881294965744,0.9555017948150635,256.3780822753906,CS(C)=O,mol_7d3e12eaed0f467c,0.5044,0.04859999999999998,0.04185972362756729,1.2005138397216797,7.002669811248779
state_fc992955d7a2536b87860182,3c_f6a2de3ac0acbac84e4f,3,ternary_vle_english.xlsx,10.1016/j.fluid.2005.01.007,unverified,0.5,isobaric,0.9818181818181818,isobaric,342.69,343.14825439453125,,,0.00031280517578125,True,False,48,CC(C)=O,mol_e04cf77cea7bbe66,0.049,0.105,0.14405013620853424,1.869841456413269,159.26620483398438,CC(C)CC(C)(C)C,mol_57615b5c3546c298,0.245,0.30900000000000005,0.2630748152732849,2.6600100994110107,40.8922233581543,CCO,mol_f29e20f49d416e54,0.706,0.586,0.592875063419342,1.1755179166793823,72.36691284179688
state_fde489d36258a43d41c8d4f1,3c_485aadc678c8a7fb274c,3,ternary_vle_english.xlsx,10.1016/j.fluid.2011.05.011,unverified,0.5,isothermal,0.9642857142857143,isothermal,,,31.02,30.371112823486328,0.0,True,False,48,CC(=O)CC(C)C,mol_0a895444a9f0f36b,0.19020000000000004,0.13130000000000008,0.14083783328533173,1.5540512800216675,14.47118854522705,CC(C)CC(C)(C)C,mol_57615b5c3546c298,0.7177,0.7454,0.7494717240333557,1.1065607070922852,28.661426544189453,CC(C)CO,mol_015d21fca05fcd26,0.0921,0.1233,0.10969038307666779,2.2991015911102295,15.732996940612793
state_fcbdaa22edcca4fd0d92995f,3c_6b60b4a3a536506a27ae,3,ternary_vle_english.xlsx,10.1016/j.fluid.2006.08.004,unverified,0.5,isobaric,0.9821428571428571,isobaric,340.62,339.56634521484375,,,-0.00018310546875,True,False,48,CC(C)CC(C)(C)C,mol_57615b5c3546c298,0.04999999999999993,0.02400000000000002,0.023510942235589027,1.3192282915115356,36.106781005859375,CC(C)OC(C)C,mol_1a0ca8e5eeb68da8,0.901,0.883,0.8474256992340088,1.004855751991272,94.81603240966797,CCO,mol_f29e20f49d416e54,0.049,0.093,0.12906338274478912,4.288205623626709,62.221439361572266
state_fcd742e88f79b8be80197b3b,3c_f6a2de3ac0acbac84e4f,3,ternary_vle_english.xlsx,10.1016/j.fluid.2005.01.007,unverified,0.5,isobaric,0.9818181818181818,isobaric,343.05,343.4006652832031,,,9.1552734375e-05,True,False,48,CC(C)=O,mol_e04cf77cea7bbe66,0.047,0.098,0.1567569226026535,2.104762315750122,160.5224151611328,CC(C)CC(C)(C)C,mol_57615b5c3546c298,0.5740000000000001,0.363,0.3080936074256897,1.3182036876678467,41.2475471496582,CCO,mol_f29e20f49d416e54,0.379,0.539,0.5351494550704956,1.9558839797973633,73.13118743896484
state_fdcaccce5d4484c60377e077,3c_1a08c4f653f7d812cdc9,3,ternary_vle_english.xlsx,10.1016/j.jct.2019.03.036,unverified,0.5,isobaric,0.972972972972973,isobaric,380.80999999999995,377.86785888671875,,,5.340576171875e-05,True,False,48,CCCOC(C)=O,mol_67043ae833ecd0c7,0.2183,0.3518,0.3353080749511719,1.390166997909546,111.92652130126953,CCOC(C)=O,mol_18876b584acc43d4,0.2772,0.6086,0.6299508213996887,0.9919560551643372,232.0762176513672,CS(C)=O,mol_7d3e12eaed0f467c,0.5045,0.03959999999999997,0.034741081297397614,1.1577531099319458,6.025261878967285
state_ff595f872f55df08392b16b6,3c_c1f86c0bca7d787912fb,3,ternary_vle_english.xlsx,10.1016/j.jct.2011.10.025,unverified,0.5,isobaric,0.9807692307692307,isobaric,363.08,363.5293884277344,,,0.00049591064453125,True,False,48,C1CCOCC1,mol_626f3d1f5bbb6f55,0.22,0.225,0.24577151238918304,1.0336002111434937,109.48833465576172,CC(C)CC(C)(C)C,mol_57615b5c3546c298,0.738,0.589,0.5768219828605652,1.0074610710144043,78.59026336669922,CC(C)O,mol_db030b5de88f8eaf,0.042,0.186,0.17740651965141296,3.015104055404663,141.9154052734375
