sample_id,system_id,component_count,source,doi,quality_status,quality_weight,experiment_mode,experiment_mode_confidence,direction,target_temperature_k,predicted_temperature_k,target_pressure_kpa,predicted_pressure_kpa,pressure_residual_kpa,converged,nonphysical,iterations,component_smiles_1,component_id_1,x_1,y_true_1,y_pred_1,gamma_pred_1,psat_pred_kpa_1,component_smiles_2,component_id_2,x_2,y_true_2,y_pred_2,gamma_pred_2,psat_pred_kpa_2,component_smiles_3,component_id_3,x_3,y_true_3,y_pred_3,gamma_pred_3,psat_pred_kpa_3
state_00c971e70895fe0b05655e01,3c_485aadc678c8a7fb274c,3,ternary_vle_english.xlsx,10.1016/j.fluid.2011.05.011,unverified,0.5,isothermal,0.9375,isothermal,,,56.20004439488,54.121337890625,0.0,True,False,48,CC(=O)CC(C)C,mol_0a895444a9f0f36b,0.06689999999999996,0.07640000000000002,0.04779601842164993,1.1984487771987915,32.26373291015625,CC(C)CC(C)(C)C,mol_57615b5c3546c298,0.0082,0.0473,0.020790662616491318,1.9205600023269653,71.4488296508789,CC(C)CO,mol_015d21fca05fcd26,0.9249,0.8763,0.9314133524894714,1.000330924987793,54.48444366455078
state_0113cc921033591b505d2cce,2c_40e8c463ab1ddecad6ca,2,binary_vle_english.xlsx,10.1016/j.fluid.2014.12.025,unverified,0.5,isothermal,0.8,isothermal,,,74.999964828928,62.48713684082031,0.0,True,False,48,CCCCCCC,mol_fddb2c852c313396,0.7874,0.8142,0.8360500335693359,0.9888318181037903,67.09730529785156,Cc1ccccc1,mol_1c09299644053521,0.2126,0.18579999999999997,0.16394993662834167,0.8919265270233154,54.02684020996094,,,,,,,
state_0136ff04d5a7012c92b7ab4b,2c_a948b12e7b27db3902e0,2,binary_vle_english.xlsx,10.1016/j.jct.2009.04.006,unverified,0.5,isothermal,0.9285714285714286,isothermal,,,30.260044542592,34.029502868652344,0.0,True,False,48,CCCCCl,mol_f7989a5c13417f20,0.955,0.996,0.995734691619873,1.0013675689697266,35.43254470825195,O=C1CCCCC1,mol_09f0d60d139abab5,0.04500000000000004,0.0040000000000000036,0.004265249706804752,1.2776902914047241,2.5244219303131104,,,,,,,
state_01802b482e79c7acfca5c30a,2c_ea9da779580d9b792700,2,binary_vle_english.xlsx,10.1016/j.jct.2012.11.005,unverified,0.5,isothermal,0.9411764705882353,isothermal,,,68.859936493056,95.05570983886719,-7.62939453125e-06,True,False,48,CC(C)OC(C)C,mol_1a0ca8e5eeb68da8,0.021,0.126,0.022904453799128532,1.7770226001739502,58.342613220214844,CO,mol_a85d32e4db2ff39c,0.979,0.874,0.9770955443382263,1.0002756118774414,94.84465026855469,,,,,,,
state_03f4f65eb0ceae2357fa150d,2c_d498cbbd8f767d43f3e7,2,binary_vle_english.xlsx,10.1016/j.fluid.2011.06.001,unverified,0.5,isothermal,0.9230769230769231,isothermal,,,31.475011282176,33.068267822265625,0.0,True,False,48,CC(C)OC(C)C,mol_1a0ca8e5eeb68da8,0.4414,0.43520000000000003,0.3688361346721649,0.739326536655426,37.374576568603516,CCC(C)Cl,mol_9f4835d3aad75f1c,0.5586,0.5648,0.6311638355255127,0.8005879521369934,46.67061996459961,,,,,,,
state_041ad534596353604c7fde09,2c_c830dc760c5163d2d27d,2,binary_vle_english.xlsx,10.1016/j.fluid.2011.05.011,unverified,0.5,isothermal,0.9285714285714286,isothermal,,,100.350013202816,85.24406433105469,0.0,True,False,48,CC(C)CC(C)(C)C,mol_57615b5c3546c298,0.6242,0.6568,0.6378189921379089,1.2191095352172852,71.4488296508789,CC(C)CO,mol_015d21fca05fcd26,0.3758,0.34319999999999995,0.36218100786209106,1.507858157157898,54.48444366455078,,,,,,,
state_04243ec6a3326fade3d0b1e7,3c_65250b1389afa8bc1bcc,3,ternary_vle_english.xlsx,10.1016/j.fluid.2013.01.020,unverified,0.5,isothermal,0.9642857142857143,isothermal,,,52.019988190976,35.27216339111328,-3.814697265625e-06,True,False,48,CC(=O)C(C)C,mol_b650f1cc3cac74aa,0.867,0.5317,0.629946768283844,1.0009071826934814,25.604894638061523,CC(C)C(C)C,mol_7347d05012022dd9,0.0967,0.395,0.29683035612106323,1.223641037940979,88.4830093383789,CC(C)OC(C)C,mol_1a0ca8e5eeb68da8,0.0363,0.0733,0.07322286814451218,1.0046155452728271,70.82266235351562
state_043ffd3bfbed9a1ed19a7d83,2c_500953d4ef1e1d57286b,2,binary_vle_english.xlsx,10.1016/j.fluid.2012.10.015,unverified,0.5,isothermal,0.9333333333333333,isothermal,,,26.940050934656,30.912399291992188,-1.9073486328125e-06,True,False,48,CCCCCl,mol_f7989a5c13417f20,0.6247,0.8498,0.8707015514373779,1.21598482131958,35.43254470825195,CC[N+](=O)[O-],mol_6fdb0ec09de24512,0.37529999999999997,0.1502,0.12929846346378326,1.4650781154632568,7.269201755523682,,,,,,,
state_0454fcd8a48bfe0931e774a4,2c_a948b12e7b27db3902e0,2,binary_vle_english.xlsx,10.1016/j.jct.2009.04.006,unverified,0.5,isothermal,0.9285714285714286,isothermal,,,15.46006179328,13.180532455444336,0.0,True,False,48,CCCCCl,mol_f7989a5c13417f20,0.431,0.927,0.9062814116477966,0.7821975350379944,35.43254470825195,O=C1CCCCC1,mol_09f0d60d139abab5,0.569,0.07299999999999995,0.09371857345104218,0.8599721789360046,2.5244219303131104,,,,,,,
state_062610dc5e852a9401e57cd5,2c_500953d4ef1e1d57286b,2,binary_vle_english.xlsx,10.1016/j.fluid.2012.10.015,unverified,0.5,isothermal,0.9333333333333333,isothermal,,,11.000028616576,8.177276611328125,-9.5367431640625e-07,True,False,48,CCCCCl,mol_f7989a5c13417f20,0.051,0.3614,0.15699170529842377,0.7104161381721497,35.43254470825195,CC[N+](=O)[O-],mol_6fdb0ec09de24512,0.949,0.6386000000000001,0.8430082201957703,0.9992808103561401,7.269201755523682,,,,,,,
state_074ccc16204a7903c92cb626,2c_d498cbbd8f767d43f3e7,2,binary_vle_english.xlsx,10.1016/j.fluid.2011.06.001,unverified,0.5,isothermal,0.9230769230769231,isothermal,,,31.185035131776,32.502197265625,0.0,True,False,48,CC(C)OC(C)C,mol_1a0ca8e5eeb68da8,0.7095,0.6982999999999999,0.7558539509773254,0.9264498353004456,37.374576568603516,CCC(C)Cl,mol_9f4835d3aad75f1c,0.2905,0.3017,0.24414600431919098,0.5852921009063721,46.67061996459961,,,,,,,
state_077c8ffa1bad4263c8513120,2c_35c6612e2ad0f786d394,2,binary_vle_english.xlsx,10.1016/j.fluid.2016.02.018,unverified,0.5,isothermal,0.8,isothermal,,,45.100024002304,37.381248474121094,-3.814697265625e-06,True,False,48,CCCCCCC,mol_fddb2c852c313396,0.3568,0.6922,0.5702101588249207,0.8903459906578064,67.09730529785156,Cc1ccc(C)cc1,mol_e7658ba520613aac,0.6432,0.30779999999999996,0.42978981137275696,0.965087890625,25.88195037841797,,,,,,,
state_07897bba1bc958f912822858,2c_ea9da779580d9b792700,2,binary_vle_english.xlsx,10.1016/j.jct.2012.11.005,unverified,0.5,isothermal,0.9411764705882353,isothermal,,,95.749991539712,71.52070617675781,0.0,True,False,48,CC(C)OC(C)C,mol_1a0ca8e5eeb68da8,0.742,0.536,0.6061675548553467,1.001462459564209,58.342613220214844,CO,mol_a85d32e4db2ff39c,0.258,0.46399999999999997,0.3938324451446533,1.1510939598083496,94.84465026855469,,,,,,,
state_0796d7ec9dd00e385cf8c7dc,2c_ab90a05e58432c71abba,2,binary_vle_english.xlsx,10.1016/j.fluid.2011.05.011,unverified,0.5,isothermal,0.9411764705882353,isothermal,,,80.12994290483199,73.99884033203125,0.0,True,False,48,CC(=O)CC(C)C,mol_0a895444a9f0f36b,0.35250000000000004,0.2822,0.25119081139564514,1.6343871355056763,32.26373291015625,CC(C)CC(C)(C)C,mol_57615b5c3546c298,0.6475,0.7178,0.7488091588020325,1.1977362632751465,71.4488296508789,,,,,,,
state_0815919ad76c5a0d0a927a26,2c_ca2ff513d4ae36f2f8e1,2,binary_vle_english.xlsx,10.1016/j.jct.2012.12.019,unverified,0.5,isothermal,0.9285714285714286,isothermal,,,391.500067053056,214.225341796875,0.0,True,False,48,CCCO,mol_5fb2f93dc8caa9dc,0.0692,0.3335,0.3196384310722351,5.076948165893555,194.90411376953125,O,mol_e81dc06beaa39499,0.9308,0.6665,0.6803615689277649,1.0100889205932617,155.0224609375,,,,,,,
state_08b08d5c5499a5f77065a95e,3c_65250b1389afa8bc1bcc,3,ternary_vle_english.xlsx,10.1016/j.fluid.2013.01.020,unverified,0.5,isothermal,0.9642857142857143,isothermal,,,78.63993212006399,73.75421142578125,0.0,True,False,48,CC(=O)C(C)C,mol_b650f1cc3cac74aa,0.10159999999999991,0.06420000000000003,0.06503799557685852,1.8438994884490967,25.604894638061523,CC(C)C(C)C,mol_7347d05012022dd9,0.0913,0.1391,0.14664426445960999,1.3388170003890991,88.4830093383789,CC(C)OC(C)C,mol_1a0ca8e5eeb68da8,0.8071,0.7967,0.7883176803588867,1.0171581506729126,70.82266235351562
state_09211f4c985e5a126dfb0442,3c_a6f39dd395c2cfcf800d,3,ternary_vle_english.xlsx,10.1016/j.fluid.2009.01.016,unverified,0.5,isothermal,0.95,isothermal,,,66.819970940288,68.84703063964844,-7.62939453125e-06,True,False,48,CC(=O)C(C)(C)C,mol_61a887e37d396488,0.4961,0.2165,0.20201779901981354,1.0460026264190674,26.802345275878906,CC(C)(C)CO,mol_dfb42f12fdc989ed,0.18680000000000008,0.04899999999999993,0.09641586989164352,1.1664799451828003,30.463481903076172,COC(C)(C)C,mol_b614d6fea320c179,0.3171,0.7345,0.7015662789344788,1.2766504287719727,119.31242370605469
state_093f979aa31f9eec581f5675,3c_65250b1389afa8bc1bcc,3,ternary_vle_english.xlsx,10.1016/j.fluid.2013.01.020,unverified,0.5,isothermal,0.9642857142857143,isothermal,,,79.639983202432,73.63290405273438,0.0,True,False,48,CC(=O)C(C)C,mol_b650f1cc3cac74aa,0.3016,0.16100000000000003,0.14330048859119415,1.3663603067398071,25.604894638061523,CC(C)C(C)C,mol_7347d05012022dd9,0.2186,0.3593,0.3378260135650635,1.286041498184204,88.4830093383789,CC(C)OC(C)C,mol_1a0ca8e5eeb68da8,0.4798,0.4797,0.5188734531402588,1.1243484020233154,70.82266235351562
state_09867fc09b6db48cb61bfdd5,2c_d498cbbd8f767d43f3e7,2,binary_vle_english.xlsx,10.1016/j.fluid.2011.06.001,unverified,0.5,isothermal,0.9230769230769231,isothermal,,,30.750004244992,34.96665954589844,0.0,True,False,48,CC(C)OC(C)C,mol_1a0ca8e5eeb68da8,0.8639,0.8536,0.9098935127258301,0.9853827357292175,37.374576568603516,CCC(C)Cl,mol_9f4835d3aad75f1c,0.1361,0.1464,0.09010645002126694,0.49603042006492615,46.67061996459961,,,,,,,
state_0e582b4ff6630b2bf105439d,3c_a6f39dd395c2cfcf800d,3,ternary_vle_english.xlsx,10.1016/j.fluid.2009.01.016,unverified,0.5,isothermal,0.95,isothermal,,,24.58997755392,25.347820281982422,0.0,True,False,48,CC(=O)C(C)(C)C,mol_61a887e37d396488,0.4514,0.5464,0.39138972759246826,0.8200034499168396,26.802345275878906,CC(C)(C)CO,mol_dfb42f12fdc989ed,0.5324,0.34319999999999995,0.5442883968353271,0.850652277469635,30.463481903076172,COC(C)(C)C,mol_b614d6fea320c179,0.0162,0.1104,0.06432192772626877,0.8435270190238953,119.31242370605469
state_0e631755624e0dd867984d08,2c_98afb8e6c65a310db5e0,2,binary_vle_english.xlsx,10.1016/j.jct.2012.12.026,unverified,0.5,isothermal,0.9166666666666666,isothermal,,,390.999974850688,355.3756103515625,3.0517578125e-05,True,False,48,F/C=C/C(F)(F)F,mol_0e763ba6787b2749,0.40900000000000003,0.40800000000000003,0.3771001398563385,0.8511601090431213,384.954833984375,FC(F)C(F)F,mol_fccff6221e62b4bc,0.591,0.592,0.6228998303413391,0.9200395345687866,407.1101379394531,,,,,,,
state_0ebeb8da7f1e7aa61ab51719,2c_d498cbbd8f767d43f3e7,2,binary_vle_english.xlsx,10.1016/j.fluid.2011.06.001,unverified,0.5,isothermal,0.9230769230769231,isothermal,,,31.54007259776,40.71466827392578,-3.814697265625e-06,True,False,48,CC(C)OC(C)C,mol_1a0ca8e5eeb68da8,0.18430000000000002,0.18500000000000005,0.09673289209604263,0.5717726945877075,37.374576568603516,CCC(C)Cl,mol_9f4835d3aad75f1c,0.8157,0.815,0.9032671451568604,0.9660354256629944,46.67061996459961,,,,,,,
state_105fbee0ee45eb2062f572dc,2c_a948b12e7b27db3902e0,2,binary_vle_english.xlsx,10.1016/j.jct.2009.04.006,unverified,0.5,isothermal,0.9285714285714286,isothermal,,,9.769996449408001,4.739939212799072,-4.76837158203125e-07,True,False,48,CCCCCl,mol_f7989a5c13417f20,0.242,0.848,0.627342700958252,0.34678465127944946,35.43254470825195,O=C1CCCCC1,mol_09f0d60d139abab5,0.758,0.15200000000000002,0.37265729904174805,0.9231052398681641,2.5244219303131104,,,,,,,
state_10970138520ec3674f9f4312,2c_ca2ff513d4ae36f2f8e1,2,binary_vle_english.xlsx,10.1016/j.jct.2012.12.019,unverified,0.5,isothermal,0.9285714285714286,isothermal,,,401.200069259264,253.19985961914062,0.0,True,False,48,CCCO,mol_5fb2f93dc8caa9dc,0.1277,0.3506,0.4463803768157959,4.541053771972656,194.90411376953125,O,mol_e81dc06beaa39499,0.8723,0.6494,0.5536196231842041,1.0366076231002808,155.0224609375,,,,,,,
state_10aa38544a720a30cc6f4ba4,2c_6cdeaa0b12c0bcad5378,2,binary_vle_english.xlsx,10.1016/j.jct.2012.01.020,passed,1.0,isothermal,0.9,isothermal,,,62.144888783999995,60.44806671142578,0.0,True,False,48,CC(C)CC(C)(C)C,mol_57615b5c3546c298,0.8,0.556,0.6046361923217773,1.0292575359344482,44.3876838684082,CCOC(C)=O,mol_18876b584acc43d4,0.2,0.444,0.39536380767822266,1.5530534982681274,76.94189453125,,,,,,,
state_11b777a94a7987ce9ecafa34,3c_a6f39dd395c2cfcf800d,3,ternary_vle_english.xlsx,10.1016/j.fluid.2009.01.016,unverified,0.5,isothermal,0.95,isothermal,,,25.910002319488,26.50524139404297,-1.9073486328125e-06,True,False,48,CC(=O)C(C)(C)C,mol_61a887e37d396488,0.4485,0.5132,0.3772433400154114,0.8317983150482178,26.802345275878906,CC(C)(C)CO,mol_dfb42f12fdc989ed,0.5246999999999999,0.32499999999999996,0.5173405408859253,0.8578623533248901,30.463481903076172,COC(C)(C)C,mol_b614d6fea320c179,0.0268,0.1618,0.10541610419750214,0.8738123774528503,119.31242370605469
state_120341636246ef307166dbf1,3c_65250b1389afa8bc1bcc,3,ternary_vle_english.xlsx,10.1016/j.fluid.2013.01.020,unverified,0.5,isothermal,0.9642857142857143,isothermal,,,80.9400096128,69.96263122558594,0.0,True,False,48,CC(=O)C(C)C,mol_b650f1cc3cac74aa,0.47809999999999997,0.2279,0.2047974020242691,1.1704391241073608,25.604894638061523,CC(C)C(C)C,mol_7347d05012022dd9,0.3242,0.5708,0.543515682220459,1.3255780935287476,88.4830093383789,CC(C)OC(C)C,mol_1a0ca8e5eeb68da8,0.1977,0.2013,0.2516869604587555,1.2576156854629517,70.82266235351562
state_13e9f99a3c737ac69a4fae68,3c_65250b1389afa8bc1bcc,3,ternary_vle_english.xlsx,10.1016/j.fluid.2013.01.020,unverified,0.5,isothermal,0.9642857142857143,isothermal,,,59.940003462015994,46.97450256347656,0.0,True,False,48,CC(=O)C(C)C,mol_b650f1cc3cac74aa,0.6913,0.386,0.384605348110199,1.0206761360168457,25.604894638061523,CC(C)C(C)C,mol_7347d05012022dd9,0.0859,0.2612,0.2148706316947937,1.3279637098312378,88.4830093383789,CC(C)OC(C)C,mol_1a0ca8e5eeb68da8,0.2228,0.3528,0.40052399039268494,1.192348599433899,70.82266235351562
state_14ad75eb3101582ca8c2212e,2c_ea9da779580d9b792700,2,binary_vle_english.xlsx,10.1016/j.jct.2012.11.005,unverified,0.5,isothermal,0.9411764705882353,isothermal,,,96.83003604288,86.57000732421875,-7.62939453125e-06,True,False,48,CC(C)OC(C)C,mol_1a0ca8e5eeb68da8,0.488,0.495,0.3614848256111145,1.0991368293762207,58.342613220214844,CO,mol_a85d32e4db2ff39c,0.512,0.505,0.6385151743888855,1.1382975578308105,94.84465026855469,,,,,,,
state_1537ddbe85ac3a6be04b8be0,2c_40e8c463ab1ddecad6ca,2,binary_vle_english.xlsx,10.1016/j.fluid.2014.12.025,unverified,0.5,isothermal,0.8,isothermal,,,69.400025405824,55.06060028076172,0.0,True,False,48,CCCCCCC,mol_fddb2c852c313396,0.3779,0.4777,0.4095084071159363,0.8892457485198975,67.09730529785156,Cc1ccccc1,mol_1c09299644053521,0.6221,0.5223,0.5904915928840637,0.9673528671264648,54.02684020996094,,,,,,,
state_159f117424757c07baccb56f,3c_65250b1389afa8bc1bcc,3,ternary_vle_english.xlsx,10.1016/j.fluid.2013.01.020,unverified,0.5,isothermal,0.9642857142857143,isothermal,,,79.280012808832,74.28462219238281,0.0,True,False,48,CC(=O)C(C)C,mol_b650f1cc3cac74aa,0.2156,0.12309999999999999,0.11355467140674591,1.5280309915542603,25.604894638061523,CC(C)C(C)C,mol_7347d05012022dd9,0.1674,0.2646,0.25775763392448425,1.2926921844482422,88.4830093383789,CC(C)OC(C)C,mol_1a0ca8e5eeb68da8,0.617,0.6123,0.6286876201629639,1.0687508583068848,70.82266235351562
state_17b3b7e2b06e72d0de8a7f26,3c_485aadc678c8a7fb274c,3,ternary_vle_english.xlsx,10.1016/j.fluid.2011.05.011,unverified,0.5,isothermal,0.967741935483871,isothermal,,,56.36003123648,49.329345703125,-3.814697265625e-06,True,False,48,CC(=O)CC(C)C,mol_0a895444a9f0f36b,0.29600000000000004,0.2913,0.2112230658531189,1.0910391807556152,32.26373291015625,CC(C)CC(C)(C)C,mol_57615b5c3546c298,0.0043,0.0195,0.011748832650482655,1.8864115476608276,71.4488296508789,CC(C)CO,mol_015d21fca05fcd26,0.6997,0.6892,0.7770280838012695,1.0054434537887573,54.48444366455078
state_18aa4eba55cfa17be4ab5241,3c_485aadc678c8a7fb274c,3,ternary_vle_english.xlsx,10.1016/j.fluid.2011.05.011,unverified,0.5,isothermal,0.967741935483871,isothermal,,,58.000029685248,48.84339141845703,-3.814697265625e-06,True,False,48,CC(=O)CC(C)C,mol_0a895444a9f0f36b,0.36629999999999996,0.3368,0.2603894770145416,1.0761620998382568,32.26373291015625,CC(C)CC(C)(C)C,mol_57615b5c3546c298,0.0161,0.0665,0.044150758534669876,1.8746618032455444,71.4488296508789,CC(C)CO,mol_015d21fca05fcd26,0.6176,0.5967,0.69545978307724,1.009480595588684,54.48444366455078
state_191d6eaa26a36cf866570c64,2c_5018f9e15dae7c08710f,2,binary_vle_english.xlsx,10.1016/j.fluid.2011.06.001,passed,1.0,isothermal,0.9090909090909091,isothermal,,,30.544954443008,35.52001953125,-3.814697265625e-06,True,False,48,CC(C)CCl,mol_b6f57216bc07a08c,0.0943,0.0985,0.04870487377047539,0.7343326807022095,24.9827938079834,CC(C)OC(C)C,mol_1a0ca8e5eeb68da8,0.9057,0.9015,0.9512950778007507,0.9982233643531799,37.374576568603516,,,,,,,
state_195a4d8a75ac496334b096ca,3c_a6f39dd395c2cfcf800d,3,ternary_vle_english.xlsx,10.1016/j.fluid.2009.01.016,unverified,0.5,isothermal,0.95,isothermal,,,31.970037234559996,32.443695068359375,-3.814697265625e-06,True,False,48,CC(=O)C(C)(C)C,mol_61a887e37d396488,0.4237,0.3936,0.3072028160095215,0.8776557445526123,26.802345275878906,CC(C)(C)CO,mol_dfb42f12fdc989ed,0.5037,0.25239999999999996,0.4244033098220825,0.8973409533500671,30.463481903076172,COC(C)(C)C,mol_b614d6fea320c179,0.0726,0.354,0.2683938145637512,1.0052648782730103,119.31242370605469
state_1ab9bf2c6beb7be93bc2ef82,2c_b399893600891028146a,2,binary_vle_english.xlsx,10.1016/j.fluid.2013.07.044,unverified,0.5,isothermal,0.9166666666666666,isothermal,,,347.19997725875197,278.514892578125,-3.0517578125e-05,True,False,48,CC(C)=O,mol_e04cf77cea7bbe66,0.925,0.972,0.923048734664917,1.0119661092758179,274.6409606933594,CCC(C)O,mol_06affb0d2c6c8ff2,0.07499999999999996,0.028000000000000025,0.07695122063159943,4.085299968719482,69.94853973388672,,,,,,,
state_1f13df19230d93b083e6dcbb,2c_a948b12e7b27db3902e0,2,binary_vle_english.xlsx,10.1016/j.jct.2009.04.006,unverified,0.5,isothermal,0.9285714285714286,isothermal,,,28.300072410624,31.759613037109375,0.0,True,False,48,CCCCCl,mol_f7989a5c13417f20,0.88,0.99,0.9893599152565002,1.0077307224273682,35.43254470825195,O=C1CCCCC1,mol_09f0d60d139abab5,0.12,0.010000000000000009,0.01064008567482233,1.115519404411316,2.5244219303131104,,,,,,,
state_1f61b86f60824a7c270f12c1,2c_c830dc760c5163d2d27d,2,binary_vle_english.xlsx,10.1016/j.fluid.2011.05.011,unverified,0.5,isothermal,0.9285714285714286,isothermal,,,84.609974436736,73.39686584472656,-7.62939453125e-06,True,False,48,CC(C)CC(C)(C)C,mol_57615b5c3546c298,0.981,0.9304,0.9554893374443054,1.0005508661270142,71.4488296508789,CC(C)CO,mol_015d21fca05fcd26,0.019000000000000017,0.0696,0.044510725885629654,3.1558477878570557,54.48444366455078,,,,,,,
state_21d0f6aeb58f5fbbd4b8dc53,3c_a6f39dd395c2cfcf800d,3,ternary_vle_english.xlsx,10.1016/j.fluid.2009.01.016,unverified,0.5,isothermal,0.95,isothermal,,,82.050051648768,88.19667053222656,-7.62939453125e-06,True,False,48,CC(=O)C(C)(C)C,mol_61a887e37d396488,0.1965,0.0744,0.07507600635290146,1.2572393417358398,26.802345275878906,CC(C)(C)CO,mol_dfb42f12fdc989ed,0.3397,0.0676,0.14253084361553192,1.2147471904754639,30.463481903076172,COC(C)(C)C,mol_b614d6fea320c179,0.4638,0.858,0.7823931574821472,1.2469836473464966,119.31242370605469
state_247b0ee60f648f0b6d46ebc2,3c_65250b1389afa8bc1bcc,3,ternary_vle_english.xlsx,10.1016/j.fluid.2013.01.020,unverified,0.5,isothermal,0.9642857142857143,isothermal,,,93.840015295744,86.56292724609375,-7.62939453125e-06,True,False,48,CC(=O)C(C)C,mol_b650f1cc3cac74aa,0.1604000000000001,0.09230000000000005,0.08480895310640335,1.7875007390975952,25.604894638061523,CC(C)C(C)C,mol_7347d05012022dd9,0.5216,0.6456,0.6013394594192505,1.1278572082519531,88.4830093383789,CC(C)OC(C)C,mol_1a0ca8e5eeb68da8,0.318,0.2621,0.313851535320282,1.2063041925430298,70.82266235351562
state_25f5a59f5a7a9ffe446865c7,2c_ea9da779580d9b792700,2,binary_vle_english.xlsx,10.1016/j.jct.2012.11.005,unverified,0.5,isothermal,0.9411764705882353,isothermal,,,82.849985856768,95.36079406738281,-7.62939453125e-06,True,False,48,CC(C)OC(C)C,mol_1a0ca8e5eeb68da8,0.079,0.32,0.08030351996421814,1.6614657640457153,58.342613220214844,CO,mol_a85d32e4db2ff39c,0.921,0.6799999999999999,0.9196965098381042,1.0040189027786255,94.84465026855469,,,,,,,
state_261e084bdc425502544848c9,3c_485aadc678c8a7fb274c,3,ternary_vle_english.xlsx,10.1016/j.fluid.2011.05.011,unverified,0.5,isothermal,0.967741935483871,isothermal,,,50.67996507020799,35.24089050292969,0.0,True,False,48,CC(=O)CC(C)C,mol_0a895444a9f0f36b,0.8593999999999999,0.7956,0.7869153022766113,1.0001493692398071,32.26373291015625,CC(C)CC(C)(C)C,mol_57615b5c3546c298,0.0074,0.0253,0.023437857627868652,1.5622045993804932,71.4488296508789,CC(C)CO,mol_015d21fca05fcd26,0.1332,0.1791,0.1896468549966812,0.9209068417549133,54.48444366455078
state_27455d8ea649ef1a6f150ed1,2c_c879fc0732268fc652fa,2,binary_vle_english.xlsx,10.1016/j.fluid.2011.06.001,passed,1.0,isothermal,0.9166666666666666,isothermal,,,25.189928209919998,23.913780212402344,0.0,True,False,48,CC(C)OC(C)C,mol_1a0ca8e5eeb68da8,0.397,0.489,0.4259628355503082,0.6865198612213135,37.374576568603516,CCCCCl,mol_f7989a5c13417f20,0.603,0.511,0.5740371346473694,0.8461723327636719,26.903703689575195,,,,,,,
state_27b43c1a729ead7139eadbc9,2c_d498cbbd8f767d43f3e7,2,binary_vle_english.xlsx,10.1016/j.fluid.2011.06.001,unverified,0.5,isothermal,0.9230769230769231,isothermal,,,31.545005525376,42.532806396484375,0.0,True,False,48,CC(C)OC(C)C,mol_1a0ca8e5eeb68da8,0.13060000000000005,0.13149999999999995,0.062028899788856506,0.5405036807060242,37.374576568603516,CCC(C)Cl,mol_9f4835d3aad75f1c,0.8694,0.8685,0.9379711151123047,0.9832190275192261,46.67061996459961,,,,,,,
state_28402eebfff8486b9fb2839b,2c_94ed5d0a73a3c26e5ef5,2,binary_vle_english.xlsx,10.1016/j.fluid.2019.03.019,unverified,0.5,isothermal,0.9411764705882353,isothermal,,,259.00003141888,155.7113037109375,0.0,True,False,48,CCO,mol_f29e20f49d416e54,0.035,0.243,0.19300295412540436,3.37491512298584,254.42115783691406,O,mol_e81dc06beaa39499,0.965,0.757,0.8069971203804016,1.0021851062774658,129.93222045898438,,,,,,,
state_286fcf27a00f34f3be2771a3,2c_5018f9e15dae7c08710f,2,binary_vle_english.xlsx,10.1016/j.fluid.2011.06.001,passed,1.0,isothermal,0.9090909090909091,isothermal,,,30.640013291392,25.471664428710938,0.0,True,False,48,CC(C)CCl,mol_b6f57216bc07a08c,0.5386,0.5364,0.44162988662719727,0.8360041379928589,24.9827938079834,CC(C)OC(C)C,mol_1a0ca8e5eeb68da8,0.46140000000000003,0.4636,0.558370053768158,0.8247562050819397,37.374576568603516,,,,,,,
state_288f4f187ae203476df56c13,3c_485aadc678c8a7fb274c,3,ternary_vle_english.xlsx,10.1016/j.fluid.2011.05.011,unverified,0.5,isothermal,0.967741935483871,isothermal,,,61.829981350783996,47.403282165527344,0.0,True,False,48,CC(=O)CC(C)C,mol_0a895444a9f0f36b,0.5871,0.4609000000000001,0.41250893473625183,1.0323216915130615,32.26373291015625,CC(C)CC(C)(C)C,mol_57615b5c3546c298,0.0613,0.182,0.16652175784111023,1.8022863864898682,71.4488296508789,CC(C)CO,mol_015d21fca05fcd26,0.3516,0.3571,0.4209693372249603,1.0416876077651978,54.48444366455078
state_2b8d4bd968dfc1fd87f621b0,2c_d498cbbd8f767d43f3e7,2,binary_vle_english.xlsx,10.1016/j.fluid.2011.06.001,unverified,0.5,isothermal,0.8571428571428571,isothermal,,,31.525007170176,45.906646728515625,0.0,True,False,48,CC(C)OC(C)C,mol_1a0ca8e5eeb68da8,0.025599999999999956,0.026100000000000012,0.010003454983234406,0.4799647927284241,37.374576568603516,CCC(C)Cl,mol_9f4835d3aad75f1c,0.9744,0.9739,0.9899965524673462,0.9993748664855957,46.67061996459961,,,,,,,
state_2bdf303e1734d591943a9dd6,2c_e1c33e24ae7f6ab4d0bf,2,binary_vle_english.xlsx,10.1016/j.fluid.2010.01.024,unverified,0.5,isothermal,0.9333333333333333,isothermal,,,48.67999622784,49.39451599121094,-3.814697265625e-06,True,False,48,CC[N+](=O)[O-],mol_6fdb0ec09de24512,0.7681,0.5205,0.3138698637485504,1.0381834506988525,19.44179916381836,ClCCCl,mol_e8df6c9e89c6b62a,0.2319,0.4795,0.686130166053772,1.8497837781906128,79.0066146850586,,,,,,,
state_2c78091c979bc8d02065db63,2c_ac155ac6c9df3bfcf363,2,binary_vle_english.xlsx,10.1016/j.fluid.2014.03.033,passed,1.0,isothermal,0.8,isothermal,,,16.10000915968,11.326913833618164,0.0,True,False,48,CC(=O)CC(C)C,mol_0a895444a9f0f36b,0.4859,0.844,0.7884571552276611,0.893005907535553,20.582040786743164,O=Cc1ccco1,mol_cfdccd30b0689448,0.5141,0.156,0.21154285967350006,0.8357793688774109,5.576615810394287,,,,,,,
state_2e27abb08feebc44c3a0afcb,2c_6cdeaa0b12c0bcad5378,2,binary_vle_english.xlsx,10.1016/j.jct.2012.01.020,passed,1.0,isothermal,0.9,isothermal,,,67.774825739904,72.01731872558594,0.0,True,False,48,CC(C)CC(C)(C)C,mol_57615b5c3546c298,0.6,0.398,0.42498913407325745,1.1492143869400024,44.3876838684082,CCOC(C)=O,mol_18876b584acc43d4,0.4,0.602,0.5750108361244202,1.345519781112671,76.94189453125,,,,,,,
state_2eef2742b3ef260c28690dee,2c_ca2ff513d4ae36f2f8e1,2,binary_vle_english.xlsx,10.1016/j.jct.2012.12.019,unverified,0.5,isothermal,0.8333333333333334,isothermal,,,388.40005535231995,189.06503295898438,0.0,True,False,48,CCCO,mol_5fb2f93dc8caa9dc,0.0051,0.0778,0.03577258065342903,5.779082298278809,229.47341918945312,O,mol_e81dc06beaa39499,0.9949,0.9222,0.9642273783683777,1.0000519752502441,183.22665405273438,,,,,,,
state_00146813ea813c8cdc693090,2c_74a658fab9cc22057bbd,2,binary_vle_english.xlsx,10.1016/j.jct.2019.03.036,unverified,0.5,isobaric,0.9473684210526315,isobaric,448.92999999999995,437.1065368652344,,,0.0003204345703125,True,False,48,CCCOC(C)=O,mol_67043ae833ecd0c7,0.0328,0.3602,0.10656091570854187,1.6064307689666748,204.86729431152344,CS(C)=O,mol_7d3e12eaed0f467c,0.9672,0.6397999999999999,0.8934391140937805,1.000051736831665,93.57002258300781,,,,,,,
state_0072418df2c3c4c67ec33e46,2c_972bb6b6305c64cb2237,2,binary_vle_english.xlsx,10.1016/j.jct.2017.07.019,unverified,0.5,isobaric,0.95,isobaric,377.03,371.8357238769531,,,0.00025177001953125,True,False,48,ClC(Cl)Cl,mol_d9e0a2387a6283f9,0.00880000000000003,0.17179999999999995,0.03272571042180061,1.6496925354003906,228.35665893554688,OCC(F)(F)C(F)F,mol_48469952cf716332,0.9912,0.8282,0.9672742486000061,1.0000046491622925,98.85453033447266,,,,,,,
state_0207e712655bab815a39dd12,2c_6ce3ca627d5d8bfa6a1b,2,binary_vle_english.xlsx,10.1016/j.fluid.2018.07.013,unverified,0.5,isobaric,0.95,isobaric,347.54999999999995,344.79693603515625,,,0.00074005126953125,True,False,48,CCCCCC,mol_c55e04e90e298cf6,0.0024999999999999467,0.17290000000000005,0.005827234126627445,2.5146095752716064,93.89971160888672,CCO,mol_f29e20f49d416e54,0.9975,0.8271,0.9941727519035339,1.0000048875808716,100.96228790283203,,,,,,,
state_022dc6da9bf1f9b87c50b469,2c_e0ef8174c7b6fc15273a,2,binary_vle_english.xlsx,10.1016/j.fluid.2005.06.024,unverified,0.5,isobaric,0.9743589743589743,isobaric,392.57,393.4122314453125,,,-1.52587890625e-05,True,False,48,CC(C)=O,mol_e04cf77cea7bbe66,0.0372,0.2054,0.1552431434392929,1.0953606367111206,386.0369567871094,CCOC(=O)OCC,mol_4df2781fcf4d4a77,0.9628,0.7946,0.8447568416595459,0.9994990229606628,88.94668579101562,,,,,,,
state_0234764deda6f3ceff7091e8,2c_d66c7a74cea5d8732e08,2,binary_vle_english.xlsx,10.1016/j.jct.2016.10.001,unverified,0.5,isobaric,0.9375,isobaric,369.2,378.4047546386719,,,0.001861572265625,True,False,48,CC(C)O,mol_db030b5de88f8eaf,0.006,0.129,0.03252415359020233,3.114191770553589,176.33013916015625,O,mol_e81dc06beaa39499,0.994,0.871,0.9674758315086365,1.0000606775283813,98.5926513671875,,,,,,,
state_02bd98bd776012199206c37c,3c_6b60b4a3a536506a27ae,3,ternary_vle_english.xlsx,10.1016/j.fluid.2006.08.004,unverified,0.5,isobaric,0.9821428571428571,isobaric,352.83,354.336181640625,,,0.00034332275390625,True,False,48,CC(C)CC(C)(C)C,mol_57615b5c3546c298,0.656,0.404,0.39990732073783875,1.0720924139022827,57.60151290893555,CC(C)OC(C)C,mol_1a0ca8e5eeb68da8,0.301,0.411,0.4503142535686493,1.3359897136688232,113.43751525878906,CCO,mol_f29e20f49d416e54,0.043,0.185,0.14977844059467316,2.8547604084014893,123.60094451904297
state_03187bf3c60a129fcbcb12a4,2c_e94406f9abae6913c6d1,2,binary_vle_english.xlsx,10.1016/j.fluid.2005.02.014,unverified,0.5,isobaric,0.9285714285714286,isobaric,359.60999999999996,365.7063903808594,,,2.288818359375e-05,True,False,48,C1CCOCC1,mol_626f3d1f5bbb6f55,0.8006,0.7564,0.66690993309021,1.010280728340149,83.52544403076172,CCCCCl,mol_f7989a5c13417f20,0.19940000000000002,0.24360000000000004,0.33309006690979004,1.5842516422271729,106.81238555908203,,,,,,,
state_03b9c5e37b0801df4c4e0545,2c_9f31aad1f9974e54ecb0,2,binary_vle_english.xlsx,10.1016/j.jct.2017.07.019,unverified,0.5,isobaric,0.95,isobaric,406.87,427.34222412109375,,,-2.288818359375e-05,True,False,48,Cc1ccc(C)cc1,mol_e7658ba520613aac,0.9788,0.8598,0.9192177653312683,1.0001403093338013,95.12016296386719,OCC(F)(F)C(F)F,mol_48469952cf716332,0.0212,0.1402,0.08078227192163467,1.473548173904419,261.9539489746094,,,,,,,
state_03ce7630ba518ad7823ec22b,2c_7b12ee2d0e35e39326bc,2,binary_vle_english.xlsx,10.1016/j.fluid.2011.08.007,unverified,0.5,isobaric,0.9666666666666667,isobaric,386.53,399.84124755859375,,,3.814697265625e-05,True,False,48,CCOCCO,mol_ab8630148ae67e51,0.903,0.48,0.7106964588165283,0.9878554940223694,74.34952545166016,CO,mol_a85d32e4db2ff39c,0.097,0.52,0.2893035113811493,0.71772700548172,387.7911376953125,,,,,,,
state_03e495bb6c2825906e542bee,3c_5af2e9ac27e2698a2927,3,ternary_vle_english.xlsx,10.1016/j.fluid.2008.06.006,unverified,0.5,isobaric,0.9772727272727273,isobaric,338.40999999999997,339.74981689453125,,,-2.288818359375e-05,True,False,48,C1CCCCC1,mol_893981623557f359,0.722,0.3420000000000001,0.658494770526886,0.994507372379303,86.20547485351562,CC(C)=O,mol_e04cf77cea7bbe66,0.085,0.174,0.17216795682907104,1.3277928829193115,143.39395141601562,CC(C)OC(C)C,mol_1a0ca8e5eeb68da8,0.193,0.484,0.16933730244636536,0.9992715716362,82.53526306152344
state_045d4bf8f9f891752e3958e2,2c_ba6de3f53ea6de13738b,2,binary_vle_english.xlsx,10.1016/j.fluid.2006.02.009,unverified,0.5,isobaric,0.95,isobaric,372.78,379.453857421875,,,-2.288818359375e-05,True,False,48,CCC(C)Cl,mol_9f4835d3aad75f1c,0.0351,0.1276,0.08061456680297852,0.8199280500411987,224.08885192871094,Cc1ccccc1,mol_1c09299644053521,0.9649,0.8724000000000001,0.9193854331970215,0.9996346831321716,76.2541732788086,,,,,,,
state_05c4a5bf9f0ea3e5241256d1,3c_e0e1cd9a389a64136bfe,3,ternary_vle_english.xlsx,10.1016/j.fluid.2013.10.060,unverified,0.5,isobaric,0.9736842105263158,isobaric,345.55999999999995,350.04058837890625,,,2.288818359375e-05,True,False,48,C1CCOCC1,mol_626f3d1f5bbb6f55,0.707,0.471,0.4583030045032501,1.028583288192749,59.24092102050781,CCCCCC,mol_c55e04e90e298cf6,0.192,0.332,0.35231781005859375,1.6387073993682861,105.25916290283203,CCO,mol_f29e20f49d416e54,0.101,0.197,0.18937918543815613,1.5598740577697754,112.9924087524414
state_07d20f6494f04234712fdc58,3c_954c33e76e33ef115670,3,ternary_vle_english.xlsx,10.1016/j.fluid.2006.07.003,unverified,0.5,isobaric,0.9761904761904762,isobaric,400.92999999999995,428.26934814453125,,,-1.52587890625e-05,True,False,48,CCCCCO,mol_243de2450bee5519,0.901,0.615,0.5672183036804199,1.0009901523590088,63.7095832824707,CCCO,mol_5fb2f93dc8caa9dc,0.051,0.154,0.16637621819972992,1.1423362493515015,289.2918701171875,CCCOCCC,mol_e13b90e4aa2e917d,0.048,0.231,0.26640549302101135,2.312911033630371,243.08160400390625
state_08cde2963ece5925816560de,3c_6aa06918a7fe0a120990,3,ternary_vle_english.xlsx,10.1016/j.fluid.2015.07.029,unverified,0.5,isobaric,0.9285714285714286,isobaric,403.30999999999995,401.9447326660156,,,0.0001678466796875,True,False,48,CCC(C)O,mol_06affb0d2c6c8ff2,0.27,0.608,0.49326324462890625,1.5111067295074463,122.47000122070312,CCC(C)OC(C)=O,mol_879306ab1082c162,0.095,0.29,0.18521611392498016,1.7158737182617188,115.10116577148438,CS(C)=O,mol_7d3e12eaed0f467c,0.635,0.10200000000000009,0.3215206265449524,1.0405995845794678,49.290287017822266
state_0942b8f6c99d6adb32036d94,2c_46777e532a11b24ee585,2,binary_vle_english.xlsx,10.1016/j.fluid.2012.12.020,unverified,0.5,isobaric,0.9629629629629629,isobaric,408.67999999999995,448.9137878417969,,,7.62939453125e-06,True,False,48,CC(C)O,mol_db030b5de88f8eaf,0.0156,0.0741,0.11470053344964981,1.4060165882110596,528.16748046875,CCCCCO,mol_243de2450bee5519,0.9844,0.9259,0.8852995038032532,1.000016450881958,90.8307113647461,,,,,,,
state_09994b84b4b54865e67a7a4e,3c_f0c258463b44c2183ab7,3,ternary_vle_english.xlsx,10.1016/j.fluid.2005.03.014,unverified,0.5,isobaric,0.9767441860465116,isobaric,404.18999999999994,398.1595458984375,,,5.340576171875e-05,True,False,48,CC(=O)OCC(C)C,mol_e7eb29ad965cc8ee,0.036,0.099,0.07909909635782242,2.1527841091156006,103.38985443115234,CC(C)CO,mol_015d21fca05fcd26,0.304,0.59,0.4898950159549713,1.507276177406311,108.30438232421875,CN(C)C=O,mol_ca12d6d2f2ffb170,0.66,0.31100000000000005,0.4310058355331421,1.066278100013733,62.040897369384766
state_0a87bddf1df680644fd67137,2c_784276d4500715f79c89,2,binary_vle_english.xlsx,10.1016/j.fluid.2013.05.019,passed,1.0,isobaric,0.7142857142857143,isobaric,371.34,383.29962158203125,,,0.0,True,False,48,CCCCCCC,mol_fddb2c852c313396,0.99997,0.999925,0.9999288320541382,1.0,101.32588958740234,c1ccsc1,mol_7953343be0b435d5,3e-05,7.5e-05,7.116514461813495e-05,1.3711748123168945,175.30389404296875,,,,,,,
state_0b325b119a2aea9662790c6c,2c_d66c7a74cea5d8732e08,2,binary_vle_english.xlsx,10.1016/j.fluid.2017.09.010,unverified,0.5,isobaric,0.9473684210526315,isobaric,373.0,379.6492004394531,,,-1.52587890625e-05,True,False,48,CC(C)O,mol_db030b5de88f8eaf,0.0,0.0,0.0,3.1604321002960205,180.4137725830078,O,mol_e81dc06beaa39499,1.0,1.0,1.0,1.0,100.99994659423828,,,,,,,
state_0b8860d606e4d887c3513f26,2c_7089ceccf9a6ce828d93,2,binary_vle_english.xlsx,10.1016/j.fluid.2018.07.013,unverified,0.5,isobaric,0.9545454545454546,isobaric,390.54999999999995,411.29644775390625,,,-2.288818359375e-05,True,False,48,CCCCCCCC,mol_8151bb583f7f3ebd,0.9884,0.6503,0.9149547815322876,1.0000488758087158,93.76802062988281,CCO,mol_f29e20f49d416e54,0.0116,0.3497,0.08504520356655121,2.182548761367798,340.2804260253906,,,,,,,
state_0b8b56f252feb77a5e1f0a69,2c_3ee312d94970782dd931,2,binary_vle_english.xlsx,10.1016/j.jct.2019.02.006,unverified,0.5,isobaric,0.9230769230769231,isobaric,371.53,383.28643798828125,,,7.62939453125e-06,True,False,48,C1CCCCC1,mol_893981623557f359,0.0,0.0,0.0,1.0540149211883545,206.94879150390625,CCCCCCC,mol_fddb2c852c313396,1.0,1.0,1.0,1.0,101.29994201660156,,,,,,,
state_0c2312bcd1f0c702aa1457fd,2c_0537ca75f0252274a31e,2,binary_vle_english.xlsx,10.1016/j.jct.2013.12.021,unverified,0.5,isobaric,0.9565217391304348,isobaric,368.15,384.3873596191406,,,0.0,True,False,48,CCC(C)O,mol_06affb0d2c6c8ff2,0.9274,0.785,0.8005544543266296,0.9949864149093628,87.91134643554688,CO,mol_a85d32e4db2ff39c,0.0726,0.215,0.19944560527801514,0.9184733629226685,303.08160400390625,,,,,,,
state_0c3bdeba5c9a466f3ca4509a,3c_61bfd4ccc52903a74083,3,ternary_vle_english.xlsx,10.1016/j.fluid.2007.03.030,unverified,0.5,isobaric,0.9761904761904762,isobaric,387.74,399.00726318359375,,,4.57763671875e-05,True,False,48,CCCO,mol_5fb2f93dc8caa9dc,0.082,0.41,0.16106528043746948,1.0958861112594604,181.56494140625,CCCOCCC,mol_e13b90e4aa2e917d,0.085,0.167,0.23837238550186157,1.8941470384597778,149.97976684570312,CCOCCO,mol_ab8630148ae67e51,0.833,0.42300000000000004,0.6005622744560242,0.9981926679611206,73.16578674316406
state_0d17561ed707a85d879dcbd0,2c_72801d7427f9871710ea,2,binary_vle_english.xlsx,10.1016/j.jct.2013.08.011,unverified,0.5,isobaric,0.95,isobaric,361.37,365.6506652832031,,,7.62939453125e-06,True,False,48,CC#N,mol_7028b7cbd3d829b4,0.111,0.32,0.1419668048620224,0.7529425024986267,172.07240295410156,CCCO,mol_5fb2f93dc8caa9dc,0.889,0.6799999999999999,0.8580331802368164,1.0029610395431519,97.48267364501953,,,,,,,
state_0d400be25828dadfd121dea8,2c_01b27b0603388a2088b7,2,binary_vle_english.xlsx,10.1016/j.fluid.2005.01.007,unverified,0.5,isobaric,0.9545454545454546,isobaric,351.44,344.9595642089844,,,0.000640869140625,True,False,48,CC(C)=O,mol_e04cf77cea7bbe66,0.0,0.0,0.0,1.0018950700759888,160.0115203857422,CCO,mol_f29e20f49d416e54,1.0,1.0,1.0,1.0,101.32057189941406,,,,,,,
state_0d8b4acdfbf55e99f567e539,2c_5e274a8981b66e0477e8,2,binary_vle_english.xlsx,10.1016/j.fluid.2005.02.014,passed,1.0,isobaric,0.9166666666666666,isobaric,358.77,365.5127868652344,,,7.62939453125e-06,True,False,48,C1CCOCC1,mol_626f3d1f5bbb6f55,0.8755,0.8029,0.7205740809440613,1.0022555589675903,83.18656158447266,CCC(C)Cl,mol_9f4835d3aad75f1c,0.12450000000000006,0.19710000000000005,0.2794259190559387,1.3140119314193726,173.02435302734375,,,,,,,
state_0dab05cf869d46e8b6901950,2c_b11dff0fda4f01349610,2,binary_vle_english.xlsx,10.1016/j.jct.2015.03.013,unverified,0.5,isobaric,0.8888888888888888,isobaric,395.59999999999997,396.7269592285156,,,1.52587890625e-05,True,False,48,COCCO,mol_d291b272a64498d9,0.8121,0.5439,0.5342866778373718,1.0130094289779663,87.02745819091797,O,mol_e81dc06beaa39499,0.1879,0.4561,0.46571335196495056,2.3979709148406982,138.5010223388672,,,,,,,
state_0ea6da44876219718d4686a5,2c_e0ef8174c7b6fc15273a,2,binary_vle_english.xlsx,10.1016/j.fluid.2005.06.024,unverified,0.5,isobaric,0.9743589743589743,isobaric,395.28,396.4503173828125,,,3.0517578125e-05,True,False,48,CC(C)=O,mol_e04cf77cea7bbe66,0.0209,0.1206,0.08980720490217209,1.0749425888061523,405.03851318359375,CCOC(=O)OCC,mol_4df2781fcf4d4a77,0.9791,0.8794,0.9101927876472473,0.9998319745063782,94.20979309082031,,,,,,,
state_0fac19de72140a7436f878d9,2c_ba6de3f53ea6de13738b,2,binary_vle_english.xlsx,10.1016/j.fluid.2006.02.009,unverified,0.5,isobaric,0.9545454545454546,isobaric,370.25,377.0074768066406,,,0.00092315673828125,True,False,48,CCC(C)Cl,mol_9f4835d3aad75f1c,0.2017,0.4797,0.43049225211143494,1.0082310438156128,214.44329833984375,Cc1ccccc1,mol_1c09299644053521,0.7983,0.5203,0.5695077776908875,0.9962829947471619,72.5377197265625,,,,,,,
state_1047e746827a5653cd15da28,2c_165952a69a69e7a8d3f6,2,binary_vle_english.xlsx,10.1016/j.fluid.2005.01.007,unverified,0.5,isobaric,0.9545454545454546,isobaric,362.54999999999995,372.7432556152344,,,0.0003509521484375,True,False,48,CC(C)CC(C)(C)C,mol_57615b5c3546c298,0.976,0.749,0.8241695761680603,1.000895619392395,85.48194122314453,CCO,mol_f29e20f49d416e54,0.024,0.251,0.1758304238319397,4.185311317443848,177.35824584960938,,,,,,,
state_112b9250547579b3bd753cff,3c_50c0ded265c297b30405,3,ternary_vle_english.xlsx,10.1016/j.fluid.2015.03.013,unverified,0.5,isobaric,0.9333333333333333,isobaric,400.34999999999997,398.0487976074219,,,5.340576171875e-05,True,False,48,CC(=O)N(C)C,mol_b8ccf255e2b62919,0.59,0.20699999999999996,0.3986953794956207,1.074384331703186,63.714595794677734,CCC(C)O,mol_06affb0d2c6c8ff2,0.027,0.051,0.06159535050392151,2.0258963108062744,114.0712890625,CCC(C)OC(C)=O,mol_879306ab1082c162,0.383,0.742,0.5397092700004578,1.3318901062011719,107.17713165283203
state_11f939650c6c4549a06ba727,2c_3c77d4a7763529aa395e,2,binary_vle_english.xlsx,10.1016/j.fluid.2017.10.001,unverified,0.5,isobaric,0.95,isobaric,352.71999999999997,379.04473876953125,,,-3.814697265625e-05,True,False,48,CCC(C)=O,mol_4cfc5db0ca2ab00b,1.0,1.0,1.0,1.0,101.29989624023438,CCO,mol_f29e20f49d416e54,0.0,0.0,0.0,2.017416477203369,199.0860137939453,,,,,,,
state_137423e19befacd1728f7068,2c_5904aa1d0c1e598f9ed3,2,binary_vle_english.xlsx,10.1016/j.fluid.2010.08.010,unverified,0.5,isobaric,0.9375,isobaric,376.34999999999997,447.20208740234375,,,0.00022125244140625,True,False,48,CC#N,mol_7028b7cbd3d829b4,0.0846,0.8718,0.4506674110889435,0.8258465528488159,616.659423828125,CCCCCCO,mol_eb71ecc709e3f0dc,0.9154,0.12819999999999998,0.5493325591087341,0.997332751750946,57.523231506347656,,,,,,,
state_14771c2d55b3cc503d2a8725,2c_a1a215858c9235f0cf6a,2,binary_vle_english.xlsx,10.1016/j.fluid.2015.03.013,unverified,0.5,isobaric,0.9666666666666667,isobaric,435.15,417.7089538574219,,,-7.62939453125e-06,True,False,48,CC(=O)N(C)C,mol_b8ccf255e2b62919,0.963,0.857,0.8743060231208801,1.00087571144104,91.88956451416016,CCC(C)O,mol_06affb0d2c6c8ff2,0.037,0.143,0.12569399178028107,2.1366119384765625,161.06317138671875,,,,,,,
state_15ad56844b2d7b8cd47bc661,3c_2254869a6d8c8579192d,3,ternary_vle_english.xlsx,10.1016/j.fluid.2015.01.005,unverified,0.5,isobaric,0.9545454545454546,isobaric,373.2,365.15887451171875,,,2.288818359375e-05,True,False,48,CN1CCCC1=O,mol_f50e4145cb9a22d5,0.40259999999999996,0.006899999999999906,0.028002843260765076,1.1555867195129395,6.097265243530273,c1ccccc1,mol_7165dcf6be1f831d,0.209,0.4287,0.3898497521877289,1.4161956310272217,133.4249267578125,c1ccsc1,mol_7953343be0b435d5,0.3884,0.5644,0.582147479057312,1.2253106832504272,123.9129867553711
state_162b459c8f0d3cee61537c25,2c_079ccab2da1cc47051a9,2,binary_vle_english.xlsx,10.1016/j.fluid.2006.02.009,unverified,0.5,isobaric,0.9523809523809523,isobaric,375.65999999999997,381.831787109375,,,7.62939453125e-06,True,False,48,CCCCCl,mol_f7989a5c13417f20,0.0,0.0,0.0,1.5572162866592407,145.88624572753906,Cc1ccccc1,mol_1c09299644053521,1.0,1.0,1.0,1.0,79.99996185302734,,,,,,,
state_165d28a655719b1c437cb402,2c_f4a55bc5fa0e7d69faf8,2,binary_vle_english.xlsx,10.1016/j.fluid.2012.12.021,unverified,0.5,isobaric,0.9523809523809523,isobaric,370.63,387.8089904785156,,,7.62939453125e-06,True,False,48,C1CCOCC1,mol_626f3d1f5bbb6f55,0.0,0.0,0.0,1.798852562904358,129.36538696289062,CCC(C)O,mol_06affb0d2c6c8ff2,1.0,1.0,1.0,1.0,94.00000762939453,,,,,,,
state_1725d6cfb54f9e0aff9dc77e,3c_6aa06918a7fe0a120990,3,ternary_vle_english.xlsx,10.1016/j.fluid.2015.07.029,unverified,0.5,isobaric,0.9285714285714286,isobaric,403.33,402.2739562988281,,,0.00016021728515625,True,False,48,CCC(C)O,mol_06affb0d2c6c8ff2,0.187,0.375,0.3623315691947937,1.593180537223816,123.19963836669922,CCC(C)OC(C)=O,mol_879306ab1082c162,0.164,0.514,0.31092944741249084,1.6586618423461914,115.78971099853516,CS(C)=O,mol_7d3e12eaed0f467c,0.649,0.11099999999999999,0.32673895359039307,1.0279513597488403,49.612770080566406
state_1828636675fe7761f7e7753f,2c_d61da005b4125a743b07,2,binary_vle_english.xlsx,10.1016/j.fluid.2009.03.008,unverified,0.5,isobaric,0.9583333333333334,isobaric,388.55999999999995,402.7313232421875,,,0.000244140625,True,False,48,CC(=O)O,mol_9ac385b135af0125,0.9633,0.9173,0.8684519529342651,1.0006407499313354,91.29467010498047,CCC(C)=O,mol_4cfc5db0ca2ab00b,0.036699999999999955,0.0827,0.13154804706573486,2.3092541694641113,157.28451538085938,,,,,,,
state_18395da2994d9117d16d1c76,2c_94ed5d0a73a3c26e5ef5,2,binary_vle_english.xlsx,10.1016/j.fluid.2017.03.010,unverified,0.5,isobaric,0.9444444444444444,isobaric,368.38,376.4861145019531,,,0.00098419189453125,True,False,48,CCO,mol_f29e20f49d416e54,0.018,0.165,0.07919010519981384,2.345486640930176,190.04856872558594,O,mol_e81dc06beaa39499,0.982,0.835,0.9208099246025085,1.0004632472991943,94.96344757080078,,,,,,,
state_18c9d752c7ca0059121f546c,2c_c7052cf3bd6baff652ca,2,binary_vle_english.xlsx,10.1016/j.fluid.2014.04.025,unverified,0.5,isobaric,0.9285714285714286,isobaric,458.52,436.74212646484375,,,0.0002899169921875,True,False,48,COCCO,mol_d291b272a64498d9,0.0549,0.1862,0.13231150805950165,1.402239441871643,174.10589599609375,CS(C)=O,mol_7d3e12eaed0f467c,0.9451,0.8138,0.8676885366439819,1.0000340938568115,92.99972534179688,,,,,,,
state_18f23ba6613f648abb835b37,2c_70d91a5b69e7fd494bfd,2,binary_vle_english.xlsx,10.1016/j.jct.2004.09.009,unverified,0.5,isobaric,0.9696969696969697,isobaric,360.09,345.7256164550781,,,0.0003509521484375,True,False,48,CC(C)O,mol_db030b5de88f8eaf,0.063,0.1646,0.07668551057577133,1.3532716035842896,91.1167984008789,COC(=O)OC,mol_0ec85594f0f896ea,0.937,0.8354,0.9233145117759705,1.00163733959198,99.65755462646484,,,,,,,
state_197cbf4f23ef92fd50e6c2cf,2c_6bea4d4b457d21637176,2,binary_vle_english.xlsx,10.1016/j.fluid.2006.07.003,unverified,0.5,isobaric,0.9545454545454546,isobaric,406.39,448.6722412109375,,,-7.62939453125e-06,True,False,48,CCCCCO,mol_243de2450bee5519,0.953,0.827,0.8498718738555908,0.998521089553833,90.47163391113281,CCCO,mol_5fb2f93dc8caa9dc,0.047,0.173,0.15012815594673157,0.8379058837890625,386.1697082519531,,,,,,,
state_199657d4b9edb15901ad66a7,2c_7c57a80413db66443080,2,binary_vle_english.xlsx,10.1016/j.jct.2010.05.014,unverified,0.5,isobaric,0.8928571428571429,isobaric,413.25,426.0479431152344,,,9.1552734375e-05,True,False,48,CCC(=O)O,mol_86c4db256d6270c6,0.5610999999999999,0.5609,0.5323619246482849,1.3447332382202148,64.41716003417969,CCCCCO,mol_243de2450bee5519,0.4389,0.4391,0.46763813495635986,1.5895487070083618,61.19860076904297,,,,,,,
state_1a52ccc3e12d7c0145cb1531,2c_acf6c70dfacb27974826,2,binary_vle_english.xlsx,10.1016/j.fluid.2017.05.012,unverified,0.5,isobaric,0.9444444444444444,isobaric,371.2,385.89300537109375,,,-2.288818359375e-05,True,False,48,CCCO,mol_5fb2f93dc8caa9dc,0.1322,0.2055,0.27613914012908936,1.464898943901062,144.01573181152344,CCCOC(C)=O,mol_67043ae833ecd0c7,0.8678,0.7945,0.7238608598709106,1.0043798685073853,83.8800277709961,,,,,,,
state_1bd37f87a05357f15bbbdc86,3c_5af2e9ac27e2698a2927,3,ternary_vle_english.xlsx,10.1016/j.fluid.2008.06.006,unverified,0.5,isobaric,0.9772727272727273,isobaric,341.89,339.9551696777344,,,2.288818359375e-05,True,False,48,C1CCCCC1,mol_893981623557f359,0.617,0.653,0.5628516674041748,0.9901005029678345,86.60789489746094,CC(C)=O,mol_e04cf77cea7bbe66,0.083,0.234,0.17033179104328156,1.3393995761871338,144.02418518066406,CC(C)OC(C)C,mol_1a0ca8e5eeb68da8,0.3,0.113,0.26681652665138245,1.0082148313522339,82.92134094238281
state_1bf91acde981768d4293ba9b,2c_784276d4500715f79c89,2,binary_vle_english.xlsx,10.1016/j.fluid.2013.05.019,passed,1.0,isobaric,0.7142857142857143,isobaric,371.34,383.2965087890625,,,-3.0517578125e-05,True,False,48,CCCCCCC,mol_fddb2c852c313396,0.999926,0.999844,0.9998244643211365,1.0,101.31974792480469,c1ccsc1,mol_7953343be0b435d5,7.4e-05,0.000156,0.0001755295234033838,1.3711649179458618,175.2939453125,,,,,,,
state_1c0de72b58580658b6308d52,3c_c45f0751ac63a91a45e8,3,ternary_vle_english.xlsx,10.1016/j.fluid.2005.06.019,unverified,0.5,isobaric,0.9767441860465116,isobaric,411.27,415.494873046875,,,-6.103515625e-05,True,False,48,CC(=O)OCC(C)C,mol_e7eb29ad965cc8ee,0.241,0.499,0.6343457698822021,1.898460030555725,140.4482879638672,CC(C)CO,mol_015d21fca05fcd26,0.042,0.114,0.13246765732765198,2.1703550815582275,147.21046447753906,CCCCCCO,mol_eb71ecc709e3f0dc,0.7170000000000001,0.387,0.23318655788898468,1.035835862159729,31.80550765991211
state_1c4d881b980eebb7fd91afe0,2c_9d8840ec979d73d48a37,2,binary_vle_english.xlsx,10.1016/j.fluid.2012.08.030,unverified,0.5,isobaric,0.9375,isobaric,474.01,506.05828857421875,,,0.000244140625,True,False,48,CN1CCCC1=O,mol_f50e4145cb9a22d5,1.0,1.0,1.0,1.0,95.3002700805664,COCCO,mol_d291b272a64498d9,0.0,0.0,0.0,2.22780704498291,446.4638671875,,,,,,,
state_1cc61ca10a46d1333d3567f6,2c_f33ec9a350eb94b685d6,2,binary_vle_english.xlsx,10.1016/j.jct.2011.10.025,unverified,0.5,isobaric,0.9545454545454546,isobaric,371.16999999999996,374.7781677246094,,,0.000732421875,True,False,48,C1CCOCC1,mol_626f3d1f5bbb6f55,0.078,0.11,0.18310706317424774,2.3643369674682617,100.58041381835938,CC(C)CC(C)(C)C,mol_57615b5c3546c298,0.922,0.89,0.8168929219245911,1.0075186491012573,89.08271789550781,,,,,,,
state_1ddeb7a017bd59b92c84053f,2c_ce7e822d00d743846419,2,binary_vle_english.xlsx,10.1016/j.fluid.2005.07.010,unverified,0.5,isobaric,0.9629629629629629,isobaric,388.85999999999996,404.6292724609375,,,0.00045013427734375,True,False,48,CC(=O)O,mol_9ac385b135af0125,0.9762,0.9175,0.910872220993042,0.9998908042907715,94.55502319335938,CCOC(C)=O,mol_18876b584acc43d4,0.0238,0.0825,0.08912783116102219,1.5074679851531982,251.7136688232422,,,,,,,
state_1f38564479f39cd5d8ea3976,2c_82cfa7a14fa3ab1984f1,2,binary_vle_english.xlsx,10.1016/j.jct.2019.07.006,unverified,0.5,isobaric,0.9333333333333333,isobaric,371.71999999999997,377.8162841796875,,,0.00151824951171875,True,False,48,CC#N,mol_7028b7cbd3d829b4,0.0102,0.0628,0.04749487340450287,2.188114881515503,215.57186889648438,O,mol_e81dc06beaa39499,0.9898,0.9372,0.9525051116943359,1.0001592636108398,97.4689712524414,,,,,,,
state_1f9095b5be44ce3324492cb9,2c_dc191206ee879c89c4e5,2,binary_vle_english.xlsx,10.1016/j.jct.2003.09.001,unverified,0.5,isobaric,0.9285714285714286,isobaric,378.4,384.43316650390625,,,1.52587890625e-05,True,False,48,C1COCCO1,mol_d365f2fae67d24f2,0.2387,0.3067,0.3489045798778534,1.5736138820648193,94.0947265625,CC(C)CO,mol_015d21fca05fcd26,0.7613,0.6933,0.6510953903198242,1.0402146577835083,83.28658294677734,,,,,,,
state_201c160b12c32b72fff6d00a,2c_42d2383a8e4daebeb5e1,2,binary_vle_english.xlsx,10.1016/j.fluid.2010.08.002,unverified,0.5,isobaric,0.9230769230769231,isobaric,410.73,415.91192626953125,,,0.0,True,False,48,CCCCCCC,mol_fddb2c852c313396,0.013,0.142,0.06221828609704971,2.1071622371673584,181.70481872558594,CCCOCCO,mol_770d75a3bb2412ce,0.987,0.858,0.9377816915512085,1.0000792741775513,76.00460052490234,,,,,,,
state_2123ca401b4d988d4413556e,3c_954c33e76e33ef115670,3,ternary_vle_english.xlsx,10.1016/j.fluid.2006.07.003,unverified,0.5,isobaric,0.9761904761904762,isobaric,384.15999999999997,397.577880859375,,,5.340576171875e-05,True,False,48,CCCCCO,mol_243de2450bee5519,0.706,0.248,0.2538442015647888,1.036866545677185,35.127647399902344,CCCO,mol_5fb2f93dc8caa9dc,0.108,0.195,0.22740107774734497,1.2039016485214233,177.1687469482422,CCCOCCC,mol_e13b90e4aa2e917d,0.186,0.557,0.5187547206878662,1.9322391748428345,146.21690368652344
state_21e8b1179a41abdc14c23658,2c_bcadcb4c5d803465b404,2,binary_vle_english.xlsx,10.1016/j.fluid.2007.09.014,unverified,0.5,isobaric,0.9523809523809523,isobaric,388.35999999999996,388.1410217285156,,,-1.52587890625e-05,True,False,48,CC(C)O,mol_db030b5de88f8eaf,0.099,0.328,0.3434091806411743,1.6725077629089355,210.095947265625,COCCO,mol_d291b272a64498d9,0.901,0.6719999999999999,0.6565908193588257,1.0028419494628906,73.61165618896484,,,,,,,
state_225cc81217c0616f2858bb2b,2c_4c362b8bfe2b289cf5ff,2,binary_vle_english.xlsx,10.1016/j.fluid.2016.06.022,passed,1.0,isobaric,0.9230769230769231,isobaric,354.65,339.91986083984375,,,7.62939453125e-06,True,False,48,CC#N,mol_7028b7cbd3d829b4,1.0,1.0,1.0,1.0,101.29994201660156,CCOC(C)=O,mol_18876b584acc43d4,0.0,0.0,0.0,0.9161778092384338,71.4446029663086,,,,,,,
state_2340257c9c23688cc8b5ce79,2c_df88b179a6c12f0b788b,2,binary_vle_english.xlsx,10.1016/j.jct.2006.12.003,unverified,0.5,isobaric,0.9333333333333333,isobaric,378.25,381.6968994140625,,,-1.52587890625e-05,True,False,48,Cc1ccccc1,mol_1c09299644053521,0.888,0.78,0.7044367790222168,1.0072168111801147,79.78388977050781,ClCCCl,mol_e8df6c9e89c6b62a,0.112,0.22,0.2955632209777832,1.9040520191192627,140.3985595703125,,,,,,,
state_235924bdf56bfb204a18bec0,3c_954c33e76e33ef115670,3,ternary_vle_english.xlsx,10.1016/j.fluid.2006.07.003,unverified,0.5,isobaric,0.9761904761904762,isobaric,393.33,411.78460693359375,,,0.00081634521484375,True,False,48,CCCCCO,mol_243de2450bee5519,0.812,0.41100000000000003,0.37712612748146057,1.0055896043777466,46.78670883178711,CCCO,mol_5fb2f93dc8caa9dc,0.1,0.236,0.26610037684440613,1.2015817165374756,224.3390350341797,CCCOCCC,mol_e13b90e4aa2e917d,0.088,0.353,0.3567734658718109,2.1991231441497803,186.75531005859375
state_235e4abfd72da9c96e3af536,2c_9f31aad1f9974e54ecb0,2,binary_vle_english.xlsx,10.1016/j.jct.2017.07.019,unverified,0.5,isobaric,0.95,isobaric,411.45,431.0234375,,,0.0001068115234375,True,False,48,Cc1ccc(C)cc1,mol_e7658ba520613aac,1.0,1.0,1.0,1.0,101.30004119873047,OCC(F)(F)C(F)F,mol_48469952cf716332,0.0,0.0,0.0,1.480269432067871,276.97418212890625,,,,,,,
state_23b53c0a47679cbddea0a1d8,2c_f6e4afdc0101fe369605,2,binary_vle_english.xlsx,10.1016/j.jct.2004.09.009,unverified,0.5,isobaric,0.9629629629629629,isobaric,396.87,396.6462707519531,,,8.392333984375e-05,True,False,48,CC1CCCCC1,mol_bdf6ddfdabc4e204,0.0296,0.1002,0.09341999143362045,2.9692952632904053,107.67236328125,CCOC(=O)OCC,mol_4df2781fcf4d4a77,0.9704,0.8998,0.9065800309181213,1.0008563995361328,94.55686950683594,,,,,,,
state_269047121da8f45f93b0b2d7,2c_3c77d4a7763529aa395e,2,binary_vle_english.xlsx,10.1016/j.fluid.2007.06.005,unverified,0.5,isobaric,0.9523809523809523,isobaric,351.69,374.12152099609375,,,0.000518798828125,True,False,48,CCC(C)=O,mol_4cfc5db0ca2ab00b,0.964,0.94,0.874416708946228,1.000911831855774,91.80302429199219,CCO,mol_f29e20f49d416e54,0.036,0.06,0.12558327615261078,1.9420814514160156,181.95887756347656,,,,,,,
state_2738b1c14d07e781bcd57fe0,3c_1a08c4f653f7d812cdc9,3,ternary_vle_english.xlsx,10.1016/j.jct.2019.03.036,unverified,0.5,isobaric,0.972972972972973,isobaric,389.89,404.46624755859375,,,0.00026702880859375,True,False,48,CCCOC(C)=O,mol_67043ae833ecd0c7,0.3838,0.8982,0.6249656677246094,1.385820984840393,119.02943420410156,CCOC(C)=O,mol_18876b584acc43d4,0.013,0.0395,0.04573710635304451,1.4196683168411255,251.04336547851562,CS(C)=O,mol_7d3e12eaed0f467c,0.6032,0.06230000000000002,0.3292972445487976,1.067583680152893,51.800636291503906
state_280fc2b0d465ba32d99af8aa,2c_e8b98868a6b90d408930,2,binary_vle_english.xlsx,10.1016/j.fluid.2015.09.039,unverified,0.5,isobaric,0.96875,isobaric,459.33,444.0691833496094,,,-7.62939453125e-06,True,False,48,CN(C)C=O,mol_ca12d6d2f2ffb170,0.069,0.154,0.042082928121089935,0.44395869970321655,139.1628875732422,CS(C)=O,mol_7d3e12eaed0f467c,0.931,0.846,0.9579170346260071,0.9930161237716675,104.96174621582031,,,,,,,
state_282861b4c0c39b146d2a9b25,3c_2cb16216a8c609b7ad27,3,ternary_vle_english.xlsx,10.1016/j.fluid.2005.09.015,unverified,0.5,isobaric,0.9767441860465116,isobaric,406.79999999999995,425.2989501953125,,,-2.288818359375e-05,True,False,48,CC(=O)OCC(C)C,mol_e7eb29ad965cc8ee,0.095,0.153,0.29827913641929626,1.9255393743515015,165.17942810058594,CC(C)CO,mol_015d21fca05fcd26,0.097,0.268,0.3035963177680969,1.8307174444198608,173.18588256835938,CCCCOC(=O)CC,mol_a9c167bbb331e76a,0.808,0.579,0.3981245458126068,1.0074501037597656,49.54423141479492
state_289477ac5710eecbbfc4afaf,2c_d66c7a74cea5d8732e08,2,binary_vle_english.xlsx,10.1016/j.fluid.2015.11.034,unverified,0.5,isobaric,0.9333333333333333,isobaric,365.41999999999996,374.9135437011719,,,0.0006256103515625,True,False,48,CC(C)O,mol_db030b5de88f8eaf,0.023,0.307,0.11131135374307632,2.967181444168091,165.22637939453125,O,mol_e81dc06beaa39499,0.977,0.6930000000000001,0.8886886239051819,1.0008864402770996,92.06236267089844,,,,,,,
state_28a3bd9bb92c655d8671afe7,2c_e8b98868a6b90d408930,2,binary_vle_english.xlsx,10.1016/j.fluid.2015.09.039,unverified,0.5,isobaric,0.96875,isobaric,461.24,443.2229919433594,,,0.0,True,False,48,CN(C)C=O,mol_ca12d6d2f2ffb170,0.042,0.096,0.023528248071670532,0.41327133774757385,137.3137969970703,CS(C)=O,mol_7d3e12eaed0f467c,0.958,0.904,0.9764717817306519,0.9973610043525696,103.52635955810547,,,,,,,
state_29db3bb4e95d4a8bf935316c,2c_7c57a80413db66443080,2,binary_vle_english.xlsx,10.1016/j.jct.2010.05.014,unverified,0.5,isobaric,0.9615384615384616,isobaric,412.95,426.6617736816406,,,4.57763671875e-05,True,False,48,CCC(=O)O,mol_86c4db256d6270c6,0.6800999999999999,0.7015,0.568793773651123,1.1722553968429565,65.1374282836914,CCCCCO,mol_243de2450bee5519,0.3199,0.2985,0.43120625615119934,1.9886407852172852,61.884979248046875,,,,,,,
state_2a8455f8c2dfa4208fc2c59b,2c_6eb2e45afed5017e5e33,2,binary_vle_english.xlsx,10.1016/j.fluid.2014.09.021,unverified,0.5,isobaric,0.95,isobaric,409.9,414.3422546386719,,,-4.57763671875e-05,True,False,48,CCC(C)OC(C)=O,mol_879306ab1082c162,0.135,0.422,0.2811063230037689,1.4735554456710815,143.14602661132812,CN(C)C=O,mol_ca12d6d2f2ffb170,0.865,0.5780000000000001,0.7188937067985535,1.0000859498977661,84.18218994140625,,,,,,,
state_2ab25a8e1cf68bbf5cce3fb8,2c_70d91a5b69e7fd494bfd,2,binary_vle_english.xlsx,10.1016/j.jct.2004.09.009,unverified,0.5,isobaric,0.9696969696969697,isobaric,361.67999999999995,346.15545654296875,,,0.00020599365234375,True,False,48,CC(C)O,mol_db030b5de88f8eaf,0.0246,0.0939,0.03112436830997467,1.3933303356170654,91.98592376708984,COC(=O)OC,mol_0ec85594f0f896ea,0.9754,0.9061,0.9688756465911865,1.0002504587173462,100.59735870361328,,,,,,,
state_2c555b6732f691aa0d26af6b,2c_a4ea92aaad2e5eb91802,2,binary_vle_english.xlsx,10.1016/j.fluid.2015.08.014,unverified,0.5,isobaric,0.9444444444444444,isobaric,441.58,434.9734802246094,,,9.918212890625e-05,True,False,48,COC(C)=O,mol_b9c4464ceb7b1e3f,0.017,0.46,0.12423214316368103,1.1060887575149536,669.2750244140625,CS(C)=O,mol_7d3e12eaed0f467c,0.983,0.54,0.8757678866386414,0.9998007416725159,90.26754760742188,,,,,,,
state_2d84b32b545e3cec22db74a9,2c_5e274a8981b66e0477e8,2,binary_vle_english.xlsx,10.1016/j.fluid.2005.02.014,passed,1.0,isobaric,0.9166666666666666,isobaric,359.79999999999995,369.22528076171875,,,0.00011444091796875,True,False,48,C1CCOCC1,mol_626f3d1f5bbb6f55,0.9271,0.8855,0.8229474425315857,1.000609278678894,89.8650131225586,CCC(C)Cl,mol_9f4835d3aad75f1c,0.07289999999999996,0.11450000000000005,0.1770525872707367,1.324767827987671,185.71400451660156,,,,,,,
state_2dd2b8ae222ce2136478402e,2c_f0a592d91b289fcd0778,2,binary_vle_english.xlsx,10.1016/j.fluid.2005.01.007,unverified,0.5,isobaric,0.9545454545454546,isobaric,356.94,365.99798583984375,,,7.62939453125e-06,True,False,48,CC(C)=O,mol_e04cf77cea7bbe66,0.058,0.387,0.3072141408920288,2.2235324382781982,241.35964965820312,CC(C)CC(C)(C)C,mol_57615b5c3546c298,0.942,0.613,0.6927858591079712,1.00274658203125,74.310791015625,,,,,,,
state_2e9d502ac0725d3c8c01e0b1,2c_30c0b771d8db238964cd,2,binary_vle_english.xlsx,10.1016/j.jct.2003.09.001,unverified,0.5,isobaric,0.9285714285714286,isobaric,351.89,355.18609619140625,,,0.000762939453125,True,False,48,C1COCO1,mol_7a351e48494919fc,0.1725,0.2643,0.2272881269454956,1.3483986854553223,98.98783111572266,CC(C)(C)O,mol_9c31aaa032950e85,0.8275,0.7357,0.7727118730545044,1.0145388841629028,93.23808288574219,,,,,,,
state_2ed2b84656823c91d0e20c76,2c_f4a55bc5fa0e7d69faf8,2,binary_vle_english.xlsx,10.1016/j.fluid.2012.12.021,unverified,0.5,isobaric,0.9523809523809523,isobaric,368.14,380.1435241699219,,,-3.0517578125e-05,True,False,48,C1CCOCC1,mol_626f3d1f5bbb6f55,0.124,0.18500000000000005,0.2417357861995697,1.639156699180603,111.79605865478516,CCC(C)O,mol_06affb0d2c6c8ff2,0.876,0.815,0.7582642436027527,1.007391095161438,80.76925659179688,,,,,,,
state_2f4976112bf78dd033deffa9,2c_d66c7a74cea5d8732e08,2,binary_vle_english.xlsx,10.1016/j.jct.2017.02.005,unverified,0.5,isobaric,0.96875,isobaric,366.74,377.10150146484375,,,0.001220703125,True,False,48,CC(C)O,mol_db030b5de88f8eaf,0.009,0.179,0.04736683517694473,3.0576953887939453,172.1246795654297,O,mol_e81dc06beaa39499,0.991,0.821,0.9526332020759583,1.0001355409622192,96.11666107177734,,,,,,,
state_2f78c96b2ad175683507eb7f,3c_2cb16216a8c609b7ad27,3,ternary_vle_english.xlsx,10.1016/j.fluid.2005.09.015,unverified,0.5,isobaric,0.9767441860465116,isobaric,400.77,414.1246032714844,,,7.62939453125e-06,True,False,48,CC(=O)OCC(C)C,mol_e7eb29ad965cc8ee,0.102,0.143,0.2638453543186188,1.9096449613571167,137.2163543701172,CC(C)CO,mol_015d21fca05fcd26,0.184,0.433,0.44675567746162415,1.7102227210998535,143.81651306152344,CCCCOC(=O)CC,mol_a9c167bbb331e76a,0.714,0.42400000000000004,0.2893989086151123,1.026960849761963,39.98102951049805
state_2fe095617b9e85f18e4b51ef,2c_ea9da779580d9b792700,2,binary_vle_english.xlsx,10.1016/j.jct.2012.11.005,unverified,0.5,isothermal,0.9411764705882353,isothermal,,,96.46993232691199,92.89199829101562,-7.62939453125e-06,True,False,48,CC(C)OC(C)C,mol_1a0ca8e5eeb68da8,0.3,0.471,0.242876335978508,1.2890100479125977,58.342613220214844,CO,mol_a85d32e4db2ff39c,0.7,0.529,0.7571237087249756,1.0593372583389282,94.84465026855469,,,,,,,
state_300c4b71a64705b13473d82c,3c_65250b1389afa8bc1bcc,3,ternary_vle_english.xlsx,10.1016/j.fluid.2013.01.020,unverified,0.5,isothermal,0.9642857142857143,isothermal,,,82.180040957568,66.80290222167969,0.0,True,False,48,CC(=O)C(C)C,mol_b650f1cc3cac74aa,0.569,0.25529999999999997,0.24344488978385925,1.1162480115890503,25.604894638061523,CC(C)C(C)C,mol_7347d05012022dd9,0.3798,0.6917,0.6854559779167175,1.3625737428665161,88.4830093383789,CC(C)OC(C)C,mol_1a0ca8e5eeb68da8,0.0512,0.053,0.07109911739826202,1.3098372220993042,70.82266235351562
state_31b9cb99bd31343c0d282311,2c_ea9da779580d9b792700,2,binary_vle_english.xlsx,10.1016/j.jct.2012.11.005,unverified,0.5,isothermal,0.9411764705882353,isothermal,,,93.670029276544,67.18278503417969,-7.62939453125e-06,True,False,48,CC(C)OC(C)C,mol_1a0ca8e5eeb68da8,0.809,0.56,0.7005320191383362,0.9971293807029724,58.342613220214844,CO,mol_a85d32e4db2ff39c,0.19099999999999995,0.43999999999999995,0.2994680106639862,1.1106115579605103,94.84465026855469,,,,,,,
state_31d5a3cb89bbce6e3aede1cf,2c_98afb8e6c65a310db5e0,2,binary_vle_english.xlsx,10.1016/j.jct.2012.12.026,unverified,0.5,isothermal,0.9166666666666666,isothermal,,,380.99999731648,357.75860595703125,0.0,True,False,48,F/C=C/C(F)(F)F,mol_0e763ba6787b2749,0.729,0.704,0.7599530816078186,0.9688122272491455,384.954833984375,FC(F)C(F)F,mol_fccff6221e62b4bc,0.271,0.296,0.240046888589859,0.7784038186073303,407.1101379394531,,,,,,,
state_327ee45790692f790a566973,2c_8742372ba72e435a7962,2,binary_vle_english.xlsx,10.1016/j.fluid.2013.01.020,unverified,0.5,isothermal,0.9444444444444444,isothermal,,,36.470067121664,27.280174255371094,-1.9073486328125e-06,True,False,48,CC(=O)C(C)C,mol_b650f1cc3cac74aa,0.9776,0.8496,0.9175119996070862,0.9999417066574097,25.604894638061523,CC(C)C(C)C,mol_7347d05012022dd9,0.0224,0.1504,0.08248797804117203,1.1353503465652466,88.4830093383789,,,,,,,
state_33008ee535d98cdb9adac304,2c_ab90a05e58432c71abba,2,binary_vle_english.xlsx,10.1016/j.fluid.2011.05.011,unverified,0.5,isothermal,0.9411764705882353,isothermal,,,46.640030675072,32.26373291015625,0.0,True,False,48,CC(=O)CC(C)C,mol_0a895444a9f0f36b,1.0,1.0,1.0,1.0,32.26373291015625,CC(C)CC(C)(C)C,mol_57615b5c3546c298,0.0,0.0,0.0,1.6038228273391724,71.4488296508789,,,,,,,
state_34550fbd0b2ef2a7e6fb8fb2,2c_94ed5d0a73a3c26e5ef5,2,binary_vle_english.xlsx,10.1016/j.fluid.2019.03.019,unverified,0.5,isothermal,0.9411764705882353,isothermal,,,429.00004946752,254.421142578125,1.52587890625e-05,True,False,48,CCO,mol_f29e20f49d416e54,1.0,1.0,1.0,1.0,254.42115783691406,O,mol_e81dc06beaa39499,0.0,0.0,0.0,3.756901979446411,129.93222045898438,,,,,,,
state_34dbcb29581eb27fa7a0c876,2c_e1c33e24ae7f6ab4d0bf,2,binary_vle_english.xlsx,10.1016/j.fluid.2010.01.024,unverified,0.5,isothermal,0.9333333333333333,isothermal,,,38.260053234432,26.489364624023438,0.0,True,False,48,CC[N+](=O)[O-],mol_6fdb0ec09de24512,0.9206,0.7981,0.6764435768127441,1.0011420249938965,19.44179916381836,ClCCCl,mol_e8df6c9e89c6b62a,0.0794,0.2019,0.32355648279190063,1.3662735223770142,79.0066146850586,,,,,,,
state_35dd91f0fe1a6bee71f73767,2c_ea9da779580d9b792700,2,binary_vle_english.xlsx,10.1016/j.jct.2012.11.005,unverified,0.5,isothermal,0.9411764705882353,isothermal,,,96.87003275328,87.81797790527344,-7.62939453125e-06,True,False,48,CC(C)OC(C)C,mol_1a0ca8e5eeb68da8,0.459,0.49,0.3418467044830322,1.1210274696350098,58.342613220214844,CO,mol_a85d32e4db2ff39c,0.5409999999999999,0.51,0.6581532955169678,1.126420021057129,94.84465026855469,,,,,,,
state_3706978f198a82a7ca168fe4,2c_a948b12e7b27db3902e0,2,binary_vle_english.xlsx,10.1016/j.jct.2009.04.006,unverified,0.5,isothermal,0.9285714285714286,isothermal,,,25.490036860288,28.635540008544922,-1.9073486328125e-06,True,False,48,CCCCCl,mol_f7989a5c13417f20,0.78,0.981,0.9809856414794922,1.016414999961853,35.43254470825195,O=C1CCCCC1,mol_09f0d60d139abab5,0.21999999999999997,0.019000000000000017,0.019014393910765648,0.9803998470306396,2.5244219303131104,,,,,,,
state_37d815bcf6dca00c8d1168c9,2c_e1c33e24ae7f6ab4d0bf,2,binary_vle_english.xlsx,10.1016/j.fluid.2010.01.024,unverified,0.5,isothermal,0.9333333333333333,isothermal,,,41.660040263168,32.617759704589844,-3.814697265625e-06,True,False,48,CC[N+](=O)[O-],mol_6fdb0ec09de24512,0.8753,0.6892,0.5245168209075928,1.0053566694259644,19.44179916381836,ClCCCl,mol_e8df6c9e89c6b62a,0.1247,0.3108,0.47548311948776245,1.574197769165039,79.0066146850586,,,,,,,
state_381692591e09f25499ec22ff,2c_98afb8e6c65a310db5e0,2,binary_vle_english.xlsx,10.1016/j.jct.2012.12.026,unverified,0.5,isothermal,0.9166666666666666,isothermal,,,377.799993839744,363.74169921875,0.0,True,False,48,F/C=C/C(F)(F)F,mol_0e763ba6787b2749,0.8009999999999999,0.779,0.8338512182235718,0.9836472272872925,384.954833984375,FC(F)C(F)F,mol_fccff6221e62b4bc,0.199,0.221,0.16614876687526703,0.7459766268730164,407.1101379394531,,,,,,,
state_39a2d1b974c7155dccd9e648,2c_5018f9e15dae7c08710f,2,binary_vle_english.xlsx,10.1016/j.fluid.2011.06.001,passed,1.0,isothermal,0.9090909090909091,isothermal,,,30.500024804991998,24.365352630615234,-1.9073486328125e-06,True,False,48,CC(C)CCl,mol_b6f57216bc07a08c,0.9285,0.9276,0.9470629692077637,0.9947836399078369,24.9827938079834,CC(C)OC(C)C,mol_1a0ca8e5eeb68da8,0.07150000000000001,0.07240000000000002,0.05293705686926842,0.48266977071762085,37.374576568603516,,,,,,,
state_39c0da75698769a57e1e7fc2,2c_500953d4ef1e1d57286b,2,binary_vle_english.xlsx,10.1016/j.fluid.2012.10.015,unverified,0.5,isothermal,0.9333333333333333,isothermal,,,25.250056597887998,28.769168853759766,0.0,True,False,48,CCCCCl,mol_f7989a5c13417f20,0.5181,0.8172,0.8474547266960144,1.328091025352478,35.43254470825195,CC[N+](=O)[O-],mol_6fdb0ec09de24512,0.4819,0.18279999999999996,0.1525452584028244,1.252801775932312,7.269201755523682,,,,,,,
state_39c49a1a9e15b81d5eb93b2f,2c_c879fc0732268fc652fa,2,binary_vle_english.xlsx,10.1016/j.fluid.2011.06.001,passed,1.0,isothermal,0.9166666666666666,isothermal,,,23.235022327935997,24.56167984008789,0.0,True,False,48,CC(C)OC(C)C,mol_1a0ca8e5eeb68da8,0.19889999999999997,0.2691,0.15796029567718506,0.5219091773033142,37.374576568603516,CCCCCl,mol_f7989a5c13417f20,0.8011,0.7309,0.8420397043228149,0.9596035480499268,26.903703689575195,,,,,,,
state_3ca71fd982d59eaa647a2da9,2c_ac155ac6c9df3bfcf363,2,binary_vle_english.xlsx,10.1016/j.fluid.2014.03.033,passed,1.0,full_state,0.0,isothermal,,,9.899985758208,5.677244186401367,0.0,True,False,48,CC(=O)CC(C)C,mol_0a895444a9f0f36b,0.18589999999999995,0.643,0.24513167142868042,0.36362770199775696,20.587360382080078,O=Cc1ccco1,mol_cfdccd30b0689448,0.8141,0.357,0.7548682689666748,0.9437007904052734,5.578233242034912,,,,,,,
state_3de91ce0bfc70ff58ea24927,2c_500953d4ef1e1d57286b,2,binary_vle_english.xlsx,10.1016/j.fluid.2012.10.015,unverified,0.5,isothermal,0.9333333333333333,isothermal,,,19.729977273215997,18.55021095275879,-1.9073486328125e-06,True,False,48,CCCCCl,mol_f7989a5c13417f20,0.2715,0.7099,0.7070710062980652,1.3634514808654785,35.43254470825195,CC[N+](=O)[O-],mol_6fdb0ec09de24512,0.7284999999999999,0.2901,0.2929289937019348,1.0261123180389404,7.269201755523682,,,,,,,
state_3e3c09badf2d3f69ff3eb043,2c_e1c33e24ae7f6ab4d0bf,2,binary_vle_english.xlsx,10.1016/j.fluid.2010.01.024,unverified,0.5,isothermal,0.9333333333333333,isothermal,,,60.569951650816,68.62239074707031,-7.62939453125e-06,True,False,48,CC[N+](=O)[O-],mol_6fdb0ec09de24512,0.5674,0.31420000000000003,0.19682691991329193,1.2244033813476562,19.44179916381836,ClCCCl,mol_e8df6c9e89c6b62a,0.4326,0.6858,0.8031731247901917,1.6125938892364502,79.0066146850586,,,,,,,
state_3f39b07bf0be72dcd02376d4,3c_a6f39dd395c2cfcf800d,3,ternary_vle_english.xlsx,10.1016/j.fluid.2009.01.016,unverified,0.5,isothermal,0.95,isothermal,,,26.699937349888,29.30301284790039,0.0,True,False,48,CC(=O)C(C)(C)C,mol_61a887e37d396488,0.3359,0.3845,0.2443092167377472,0.7951870560646057,26.802345275878906,CC(C)(C)CO,mol_dfb42f12fdc989ed,0.6221000000000001,0.3638,0.5962263941764832,0.9218997955322266,30.463481903076172,COC(C)(C)C,mol_b614d6fea320c179,0.042,0.2517,0.15946435928344727,0.9324830770492554,119.31242370605469
state_40119a76190428f747dd5f40,2c_ac155ac6c9df3bfcf363,2,binary_vle_english.xlsx,10.1016/j.fluid.2014.03.033,passed,1.0,isothermal,0.8,isothermal,,,14.200032093312,8.629880905151367,-9.5367431640625e-07,True,False,48,CC(=O)CC(C)C,mol_0a895444a9f0f36b,0.3861,0.8,0.665107786655426,0.7222849726676941,20.582040786743164,O=Cc1ccco1,mol_cfdccd30b0689448,0.6139,0.2,0.33489224314689636,0.8441924452781677,5.576615810394287,,,,,,,
state_405ac3a65dcea7bcfaab32b6,3c_65250b1389afa8bc1bcc,3,ternary_vle_english.xlsx,10.1016/j.fluid.2013.01.020,unverified,0.5,isothermal,0.9642857142857143,isothermal,,,91.20996494220799,86.01690673828125,-7.62939453125e-06,True,False,48,CC(=O)C(C)C,mol_b650f1cc3cac74aa,0.13339999999999996,0.07939999999999992,0.07253722846508026,1.8266946077346802,25.604894638061523,CC(C)C(C)C,mol_7347d05012022dd9,0.4341,0.5534,0.5214002132415771,1.1676301956176758,88.4830093383789,CC(C)OC(C)C,mol_1a0ca8e5eeb68da8,0.4325,0.3672,0.40606260299682617,1.1402981281280518,70.82266235351562
state_40bf5fab1a7f7c8df18f0e28,2c_ca2ff513d4ae36f2f8e1,2,binary_vle_english.xlsx,10.1016/j.jct.2012.12.019,unverified,0.5,isothermal,0.9285714285714286,isothermal,,,304.200047197184,195.50564575195312,1.52587890625e-05,True,False,48,CCCO,mol_5fb2f93dc8caa9dc,0.9989,0.9981,0.9958280324935913,1.0000015497207642,194.90411376953125,O,mol_e81dc06beaa39499,0.0010999999999999899,0.0019000000000000128,0.004171933978796005,4.783100128173828,155.0224609375,,,,,,,
state_418a5a4f448049609184fe1b,3c_485aadc678c8a7fb274c,3,ternary_vle_english.xlsx,10.1016/j.fluid.2011.05.011,unverified,0.5,isothermal,0.967741935483871,isothermal,,,90.640011819008,76.64105224609375,-7.62939453125e-06,True,False,48,CC(=O)CC(C)C,mol_0a895444a9f0f36b,0.0403,0.02510000000000001,0.026868635788559914,1.5837527513504028,32.26373291015625,CC(C)CC(C)(C)C,mol_57615b5c3546c298,0.2786,0.5213,0.4573037028312683,1.7607182264328003,71.4488296508789,CC(C)CO,mol_015d21fca05fcd26,0.6811,0.4536,0.5158276557922363,1.06532621383667,54.48444366455078
state_41bc3d547536eeb3008e954b,2c_98afb8e6c65a310db5e0,2,binary_vle_english.xlsx,10.1016/j.jct.2012.12.026,unverified,0.5,isothermal,0.9166666666666666,isothermal,,,386.49994496358397,351.51605224609375,0.0,True,False,48,F/C=C/C(F)(F)F,mol_0e763ba6787b2749,0.608,0.585,0.621242344379425,0.9330240488052368,384.954833984375,FC(F)C(F)F,mol_fccff6221e62b4bc,0.392,0.415,0.3787577152252197,0.8342739939689636,407.1101379394531,,,,,,,
state_428ba7dc35860c59a7d1ac86,2c_c830dc760c5163d2d27d,2,binary_vle_english.xlsx,10.1016/j.fluid.2011.05.011,unverified,0.5,isothermal,0.9285714285714286,isothermal,,,62.390068618752,57.410552978515625,-3.814697265625e-06,True,False,48,CC(C)CC(C)(C)C,mol_57615b5c3546c298,0.0352,0.1788,0.08399941027164459,1.917477011680603,71.4488296508789,CC(C)CO,mol_015d21fca05fcd26,0.9648,0.8212,0.9160006046295166,1.0004091262817383,54.48444366455078,,,,,,,
state_42ebdf0313109b0ee64e0a08,3c_a6f39dd395c2cfcf800d,3,ternary_vle_english.xlsx,10.1016/j.fluid.2009.01.016,unverified,0.5,isothermal,0.95,isothermal,,,25.470038505088,24.12796401977539,-1.9073486328125e-06,True,False,48,CC(=O)C(C)(C)C,mol_61a887e37d396488,0.7082,0.7894,0.7427403926849365,0.9441239237785339,26.802345275878906,CC(C)(C)CO,mol_dfb42f12fdc989ed,0.2891999999999999,0.19230000000000003,0.24749299883842468,0.6778064966201782,30.463481903076172,COC(C)(C)C,mol_b614d6fea320c179,0.0026,0.0183,0.009766588918864727,0.759634256362915,119.31242370605469
state_43497b9d57b25958c2be0e01,3c_485aadc678c8a7fb274c,3,ternary_vle_english.xlsx,10.1016/j.fluid.2011.05.011,unverified,0.5,isothermal,0.967741935483871,isothermal,,,55.75994725811199,52.86137390136719,0.0,True,False,48,CC(=O)CC(C)C,mol_0a895444a9f0f36b,0.1199,0.13340000000000007,0.08531051129102707,1.1657546758651733,32.26373291015625,CC(C)CC(C)(C)C,mol_57615b5c3546c298,0.0042,0.0236,0.010868989862501621,1.9146226644515991,71.4488296508789,CC(C)CO,mol_015d21fca05fcd26,0.8759,0.843,0.9038204550743103,1.001137137413025,54.48444366455078
state_438f63bff9cd2a543e00e723,3c_485aadc678c8a7fb274c,3,ternary_vle_english.xlsx,10.1016/j.fluid.2011.05.011,unverified,0.5,isothermal,0.967741935483871,isothermal,,,55.309984266112,51.01994323730469,-3.814697265625e-06,True,False,48,CC(=O)CC(C)C,mol_0a895444a9f0f36b,0.20810000000000006,0.18379999999999996,0.14786823093891144,1.1236423254013062,32.26373291015625,CC(C)CC(C)(C)C,mol_57615b5c3546c298,0.0024,0.0089,0.006396022159606218,1.9030208587646484,71.4488296508789,CC(C)CO,mol_015d21fca05fcd26,0.7895,0.8073,0.8457357883453369,1.0031132698059082,54.48444366455078
state_498e2352c35dc4c99e0e7aa2,3c_65250b1389afa8bc1bcc,3,ternary_vle_english.xlsx,10.1016/j.fluid.2013.01.020,unverified,0.5,isothermal,0.9642857142857143,isothermal,,,80.5500416864,71.00555419921875,0.0,True,False,48,CC(=O)C(C)C,mol_b650f1cc3cac74aa,0.4404,0.2136,0.19063080847263336,1.2003698348999023,25.604894638061523,CC(C)C(C)C,mol_7347d05012022dd9,0.3004,0.5222,0.49146386981010437,1.3128771781921387,88.4830093383789,CC(C)OC(C)C,mol_1a0ca8e5eeb68da8,0.2592,0.2642,0.3179053068161011,1.2296537160873413,70.82266235351562
state_4af2ead928859bb0777222a9,2c_6cdeaa0b12c0bcad5378,2,binary_vle_english.xlsx,10.1016/j.jct.2012.01.020,passed,1.0,isothermal,0.9,isothermal,,,84.408257693952,79.01741027832031,0.0,True,False,48,CC(C)CC(C)(C)C,mol_57615b5c3546c298,0.09999999999999998,0.10299999999999998,0.11638625711202621,2.0718677043914795,44.3876838684082,CCOC(C)=O,mol_18876b584acc43d4,0.9,0.897,0.8836137652397156,1.0082770586013794,76.94189453125,,,,,,,
state_4b03e090119ab41fc5204f70,2c_c879fc0732268fc652fa,2,binary_vle_english.xlsx,10.1016/j.fluid.2011.06.001,passed,1.0,isothermal,0.9166666666666666,isothermal,,,24.19001044992,23.906150817871094,-1.9073486328125e-06,True,False,48,CC(C)OC(C)C,mol_1a0ca8e5eeb68da8,0.2825,0.3647,0.25863584876060486,0.5856034755706787,37.374576568603516,CCCCCl,mol_f7989a5c13417f20,0.7175,0.6353,0.7413641214370728,0.918136477470398,26.903703689575195,,,,,,,
state_4bc0c132b49190d828085c4b,3c_a6f39dd395c2cfcf800d,3,ternary_vle_english.xlsx,10.1016/j.fluid.2009.01.016,unverified,0.5,isothermal,0.95,isothermal,,,75.269942624128,77.40228271484375,-7.62939453125e-06,True,False,48,CC(=O)C(C)(C)C,mol_61a887e37d396488,0.4483,0.1748,0.16881436109542847,1.0874807834625244,26.802345275878906,CC(C)(C)CO,mol_dfb42f12fdc989ed,0.16800000000000004,0.0391999999999999,0.08276070654392242,1.251667857170105,30.463481903076172,COC(C)(C)C,mol_b614d6fea320c179,0.3837,0.786,0.7484248876571655,1.2653902769088745,119.31242370605469
state_4c648e00a314fed75ad18e0e,2c_ca2ff513d4ae36f2f8e1,2,binary_vle_english.xlsx,10.1016/j.jct.2012.12.019,unverified,0.5,isothermal,0.9285714285714286,isothermal,,,395.200029409792,289.00103759765625,0.0,True,False,48,CCCO,mol_5fb2f93dc8caa9dc,0.6854,0.5771,0.5534939765930176,1.1974217891693115,194.90411376953125,O,mol_e81dc06beaa39499,0.3146,0.42290000000000005,0.44650599360466003,2.645899534225464,155.0224609375,,,,,,,
state_4cec90a9094114a3b8af4ff8,3c_485aadc678c8a7fb274c,3,ternary_vle_english.xlsx,10.1016/j.fluid.2011.05.011,unverified,0.5,isothermal,0.967741935483871,isothermal,,,52.870051609343996,37.368751525878906,-3.814697265625e-06,True,False,48,CC(=O)CC(C)C,mol_0a895444a9f0f36b,0.7903,0.7071000000000001,0.6835424304008484,1.0017685890197754,32.26373291015625,CC(C)CC(C)(C)C,mol_57615b5c3546c298,0.0142,0.0476,0.04418129846453667,1.6272847652435303,71.4488296508789,CC(C)CO,mol_015d21fca05fcd26,0.1955,0.2453,0.27227622270584106,0.955210268497467,54.48444366455078
state_4eaf71711a442b1b09851e9a,2c_e1c33e24ae7f6ab4d0bf,2,binary_vle_english.xlsx,10.1016/j.fluid.2010.01.024,unverified,0.5,isothermal,0.9333333333333333,isothermal,,,32.77997062016,19.44179916381836,0.0,True,False,48,CC[N+](=O)[O-],mol_6fdb0ec09de24512,1.0,1.0,1.0,1.0,19.44179916381836,ClCCCl,mol_e8df6c9e89c6b62a,0.0,0.0,0.0,1.0338422060012817,79.0066146850586,,,,,,,
state_4f9d9315058b43e1a20c6769,2c_e1c33e24ae7f6ab4d0bf,2,binary_vle_english.xlsx,10.1016/j.fluid.2010.01.024,unverified,0.5,isothermal,0.9333333333333333,isothermal,,,83.59005832153599,79.25337219238281,-7.62939453125e-06,True,False,48,CC[N+](=O)[O-],mol_6fdb0ec09de24512,0.13070000000000004,0.061000000000000054,0.1036866158246994,3.233912944793701,19.44179916381836,ClCCCl,mol_e8df6c9e89c6b62a,0.8693,0.939,0.8963133692741394,1.0342950820922852,79.0066146850586,,,,,,,
state_50f88230e1903404ac125d9e,2c_94ed5d0a73a3c26e5ef5,2,binary_vle_english.xlsx,10.1016/j.fluid.2019.03.019,unverified,0.5,isothermal,0.9411764705882353,isothermal,,,431.999936069888,276.69873046875,3.0517578125e-05,True,False,48,CCO,mol_f29e20f49d416e54,0.894,0.886,0.8309949636459351,1.0109155178070068,254.42115783691406,O,mol_e81dc06beaa39499,0.10599999999999998,0.11399999999999999,0.16900508105754852,3.3953475952148438,129.93222045898438,,,,,,,
state_521d3aeb186eea3cfdbcdf67,3c_485aadc678c8a7fb274c,3,ternary_vle_english.xlsx,10.1016/j.fluid.2011.05.011,unverified,0.5,isothermal,0.967741935483871,isothermal,,,54.640039366912,54.32891845703125,-3.814697265625e-06,True,False,48,CC(=O)CC(C)C,mol_0a895444a9f0f36b,0.02300000000000002,0.028400000000000092,0.016535775735974312,1.2106348276138306,32.26373291015625,CC(C)CC(C)(C)C,mol_57615b5c3546c298,0.0024,0.0156,0.006040939129889011,1.9139434099197388,71.4488296508789,CC(C)CO,mol_015d21fca05fcd26,0.9746,0.956,0.9774232506752014,1.000033974647522,54.48444366455078
state_5229b983f144be8d2ae358bc,2c_d498cbbd8f767d43f3e7,2,binary_vle_english.xlsx,10.1016/j.fluid.2011.06.001,unverified,0.5,isothermal,0.8571428571428571,isothermal,,,31.525007170176,37.748863220214844,-3.814697265625e-06,True,False,48,CC(C)OC(C)C,mol_1a0ca8e5eeb68da8,0.2722,0.2714,0.16838736832141876,0.6248114109039307,37.374576568603516,CCC(C)Cl,mol_9f4835d3aad75f1c,0.7278,0.7286,0.8316125869750977,0.9242070317268372,46.67061996459961,,,,,,,
state_52c8f3f430de88c1a97222f9,2c_ab90a05e58432c71abba,2,binary_vle_english.xlsx,10.1016/j.fluid.2011.05.011,unverified,0.5,isothermal,0.9411764705882353,isothermal,,,75.310072656896,69.23220825195312,0.0,True,False,48,CC(=O)CC(C)C,mol_0a895444a9f0f36b,0.5555,0.40369999999999995,0.31551891565322876,1.2188068628311157,32.26373291015625,CC(C)CC(C)(C)C,mol_57615b5c3546c298,0.4445,0.5963,0.6844810843467712,1.4921165704727173,71.4488296508789,,,,,,,
state_5393cabe1465b78e61b58b41,2c_500953d4ef1e1d57286b,2,binary_vle_english.xlsx,10.1016/j.fluid.2012.10.015,unverified,0.5,isothermal,0.9333333333333333,isothermal,,,29.829946583424,33.96099090576172,0.0,True,False,48,CCCCCl,mol_f7989a5c13417f20,0.8488,0.9216,0.9205071330070496,1.0394408702850342,35.43254470825195,CC[N+](=O)[O-],mol_6fdb0ec09de24512,0.1512,0.07840000000000003,0.07949283719062805,2.4562344551086426,7.269201755523682,,,,,,,
state_53c9beee72deb132ae15cc75,2c_6cdeaa0b12c0bcad5378,2,binary_vle_english.xlsx,10.1016/j.jct.2012.01.020,passed,1.0,isothermal,0.9,isothermal,,,74.98249959872,75.38661193847656,0.0,True,False,48,CC(C)CC(C)(C)C,mol_57615b5c3546c298,0.501,0.32799999999999996,0.3693181574344635,1.2519721984863281,44.3876838684082,CCOC(C)=O,mol_18876b584acc43d4,0.499,0.672,0.6306818723678589,1.2383434772491455,76.94189453125,,,,,,,
state_5427ae60981d45665fe7e5a0,3c_65250b1389afa8bc1bcc,3,ternary_vle_english.xlsx,10.1016/j.fluid.2013.01.020,unverified,0.5,isothermal,0.9642857142857143,isothermal,,,78.97003830323199,74.20396423339844,7.62939453125e-06,True,False,48,CC(=O)C(C)C,mol_b650f1cc3cac74aa,0.1704,0.10460000000000003,0.09625464677810669,1.637028694152832,25.604894638061523,CC(C)C(C)C,mol_7347d05012022dd9,0.1369,0.212,0.2132146656513214,1.3061134815216064,88.4830093383789,CC(C)OC(C)C,mol_1a0ca8e5eeb68da8,0.6927,0.6834,0.6905307173728943,1.0444620847702026,70.82266235351562
state_546dc91f5b89862bc94cdfff,2c_c830dc760c5163d2d27d,2,binary_vle_english.xlsx,10.1016/j.fluid.2011.05.011,unverified,0.5,isothermal,0.9285714285714286,isothermal,,,78.940040770432,65.47633361816406,0.0,True,False,48,CC(C)CC(C)(C)C,mol_57615b5c3546c298,0.1269,0.3948,0.2676408886909485,1.9327694177627563,71.4488296508789,CC(C)CO,mol_015d21fca05fcd26,0.8731,0.6052,0.7323590517044067,1.0080264806747437,54.48444366455078,,,,,,,
state_56352e079fbe969908f51d77,2c_98afb8e6c65a310db5e0,2,binary_vle_english.xlsx,10.1016/j.jct.2012.12.026,unverified,0.5,isothermal,0.9166666666666666,isothermal,,,364.20004572479996,384.954833984375,0.0,True,False,48,F/C=C/C(F)(F)F,mol_0e763ba6787b2749,1.0,1.0,1.0,1.0,384.954833984375,FC(F)C(F)F,mol_fccff6221e62b4bc,0.0,0.0,0.0,0.6634497046470642,407.1101379394531,,,,,,,
state_56cf3fbd2abc30bfe34735ca,3c_485aadc678c8a7fb274c,3,ternary_vle_english.xlsx,10.1016/j.fluid.2011.05.011,unverified,0.5,isothermal,0.967741935483871,isothermal,,,91.419947671808,79.08583068847656,-7.62939453125e-06,True,False,48,CC(=O)CC(C)C,mol_0a895444a9f0f36b,0.11270000000000002,0.08830000000000005,0.10264512151479721,2.2325358390808105,32.26373291015625,CC(C)CC(C)(C)C,mol_57615b5c3546c298,0.7974,0.7462,0.7584823966026306,1.0528652667999268,71.4488296508789,CC(C)CO,mol_015d21fca05fcd26,0.0899,0.1655,0.13887247443199158,2.2422425746917725,54.48444366455078
state_30ab688cd130afdb84b6f1d5,2c_4c757308eefec1e2dd80,2,binary_vle_english.xlsx,10.1016/j.fluid.2011.11.020,unverified,0.5,isobaric,0.9444444444444444,isobaric,351.9,354.6077575683594,,,0.0005035400390625,True,False,48,C=C(C)C(C)C,mol_6f1c44bf29e6107c,0.07110000000000005,0.21499999999999997,0.08760683983564377,0.9754396080970764,127.99958038330078,c1ccsc1,mol_7953343be0b435d5,0.9289,0.785,0.9123931527137756,0.9989961981773376,99.6299057006836,,,,,,,
state_30dfce5c1d4659e0e9ee5efc,2c_70d91a5b69e7fd494bfd,2,binary_vle_english.xlsx,10.1016/j.jct.2004.09.009,unverified,0.5,isobaric,0.9696969696969697,isobaric,357.07,344.9707946777344,,,0.00064849853515625,True,False,48,CC(C)O,mol_db030b5de88f8eaf,0.1582,0.3118,0.17712418735027313,1.2657546997070312,89.6053237915039,COC(=O)OC,mol_0ec85594f0f896ea,0.8418,0.6881999999999999,0.8228758573532104,1.0102055072784424,98.02291870117188,,,,,,,
state_30f05cb77648e4a9d3f98864,2c_079ccab2da1cc47051a9,2,binary_vle_english.xlsx,10.1016/j.fluid.2006.02.009,unverified,0.5,isobaric,0.9523809523809523,isobaric,369.51,371.03167724609375,,,0.0001220703125,True,False,48,CCCCCl,mol_f7989a5c13417f20,0.1339,0.2873,0.3042978346347809,1.530992865562439,118.7505111694336,Cc1ccccc1,mol_1c09299644053521,0.8661,0.7127,0.6957021355628967,1.0036704540252686,64.0257339477539,,,,,,,
state_311bb43f5de2f60778e76c0f,2c_f4a55bc5fa0e7d69faf8,2,binary_vle_english.xlsx,10.1016/j.fluid.2012.12.021,unverified,0.5,isobaric,0.9545454545454546,isobaric,364.71999999999997,376.5088195800781,,,0.00147247314453125,True,False,48,C1CCOCC1,mol_626f3d1f5bbb6f55,0.0,0.0,0.0,1.5373107194900513,104.10366821289062,CCC(C)O,mol_06affb0d2c6c8ff2,1.0,1.0,1.0,1.0,75.00143432617188,,,,,,,
state_3177a37c387ccf496966065a,2c_784276d4500715f79c89,2,binary_vle_english.xlsx,10.1016/j.fluid.2013.05.019,passed,1.0,isobaric,0.7142857142857143,isobaric,371.34,383.29632568359375,,,5.340576171875e-05,True,False,48,CCCCCCC,mol_fddb2c852c313396,0.999923,0.999856,0.9998173117637634,1.0,101.31941223144531,c1ccsc1,mol_7953343be0b435d5,7.7e-05,0.000144,0.00018264471145812422,1.3711642026901245,175.29336547851562,,,,,,,
state_31dce53556933c5bb56e0705,2c_5481356f0b4c42a123fa,2,binary_vle_english.xlsx,10.1016/j.fluid.2014.04.025,unverified,0.5,isobaric,0.9375,isobaric,391.9,400.4346618652344,,,0.000152587890625,True,False,48,COCCO,mol_d291b272a64498d9,0.9405,0.787,0.86771559715271,1.0012388229370117,93.34493255615234,Cc1ccccc1,mol_1c09299644053521,0.0595,0.213,0.13228443264961243,1.97298264503479,114.15062713623047,,,,,,,
state_322107743bdc44c01c87f3c4,2c_6f361cb0ec8be0b0e6dd,2,binary_vle_english.xlsx,10.1016/j.fluid.2006.08.004,unverified,0.5,isobaric,0.95,isobaric,342.15,339.8724670410156,,,7.62939453125e-06,True,False,48,CC(C)OC(C)C,mol_1a0ca8e5eeb68da8,0.193,0.403,0.2649511992931366,1.6802247762680054,82.76570129394531,CCO,mol_f29e20f49d416e54,0.8069999999999999,0.597,0.7350488305091858,1.0190150737762451,90.54641723632812,,,,,,,
state_32dcef71322be97c30a81b6f,2c_d66c7a74cea5d8732e08,2,binary_vle_english.xlsx,10.1016/j.jct.2016.10.001,unverified,0.5,isobaric,0.9375,isobaric,373.2,379.8027648925781,,,7.62939453125e-06,True,False,48,CC(C)O,mol_db030b5de88f8eaf,0.0,0.0,0.0,3.1676113605499268,180.9222869873047,O,mol_e81dc06beaa39499,1.0,1.0,1.0,1.0,101.29994201660156,,,,,,,
state_32e3975bd3a1b3ddf8484b5a,2c_f98cab4acf014d5210d4,2,binary_vle_english.xlsx,10.1016/j.fluid.2007.03.030,unverified,0.5,isobaric,0.9545454545454546,isobaric,400.89,408.53912353515625,,,0.00090789794921875,True,False,48,CCCO,mol_5fb2f93dc8caa9dc,0.095,0.267,0.22297558188438416,1.116949200630188,212.8694610595703,CCOCCO,mol_ab8630148ae67e51,0.905,0.733,0.7770243883132935,0.9933996200561523,87.5538330078125,,,,,,,
state_3424c75694297923baad2fce,2c_30c0b771d8db238964cd,2,binary_vle_english.xlsx,10.1016/j.jct.2003.09.001,unverified,0.5,isobaric,0.9285714285714286,isobaric,354.19,358.4870300292969,,,0.0,True,False,48,C1COCO1,mol_7a351e48494919fc,0.0206,0.0603,0.03305630385875702,1.5320435762405396,106.10237884521484,CC(C)(C)O,mol_9c31aaa032950e85,0.9794,0.9397,0.9669436812400818,1.0002087354660034,99.9906997680664,,,,,,,
state_3479c7af4a681c156173f8f6,2c_d89740e05ac3f0ccc959,2,binary_vle_english.xlsx,10.1016/j.fluid.2008.09.010,passed,1.0,isobaric,0.9411764705882353,isobaric,386.27,349.52984619140625,,,0.0007801055908203125,True,False,48,CS(C)=O,mol_7d3e12eaed0f467c,0.9061,0.5920000000000001,0.9791823625564575,0.9654315710067749,14.921778678894043,O,mol_e81dc06beaa39499,0.0939,0.408,0.020817605778574944,0.055056702345609665,53.67963409423828,,,,,,,
state_35cbe6ea681a3057af3436c1,3c_c1f86c0bca7d787912fb,3,ternary_vle_english.xlsx,10.1016/j.jct.2011.10.025,unverified,0.5,isobaric,0.9807692307692307,isobaric,364.02,366.8801574707031,,,7.62939453125e-06,True,False,48,C1CCOCC1,mol_626f3d1f5bbb6f55,0.194,0.201,0.2803834080696106,1.7103118896484375,85.60211181640625,CC(C)CC(C)(C)C,mol_57615b5c3546c298,0.767,0.619,0.6065174341201782,1.0580923557281494,75.70655822753906,CC(C)O,mol_db030b5de88f8eaf,0.039,0.18,0.11309918016195297,2.0747432708740234,141.59231567382812
state_35e727eac4b7585ce81543f2,2c_94ed5d0a73a3c26e5ef5,2,binary_vle_english.xlsx,10.1016/j.jct.2013.08.020,unverified,0.5,isobaric,0.9411764705882353,isobaric,369.27,376.99462890625,,,0.0011138916015625,True,False,48,CCO,mol_f29e20f49d416e54,0.015,0.139,0.06706453859806061,2.361126661300659,191.82110595703125,O,mol_e81dc06beaa39499,0.985,0.861,0.9329354763031006,1.000321865081787,95.91566467285156,,,,,,,
state_35f8e4d9b8d298f55f487901,2c_6eb2e45afed5017e5e33,2,binary_vle_english.xlsx,10.1016/j.fluid.2014.09.021,unverified,0.5,isobaric,0.95,isobaric,419.65,421.9311218261719,,,7.62939453125e-06,True,False,48,CCC(C)OC(C)=O,mol_879306ab1082c162,0.036,0.162,0.08321434259414673,1.4404667615890503,162.55551147460938,CN(C)C=O,mol_ca12d6d2f2ffb170,0.964,0.838,0.9167855978012085,0.9998293519020081,96.35496520996094,,,,,,,
state_36533b2674cc41198e867b23,2c_7b12ee2d0e35e39326bc,2,binary_vle_english.xlsx,10.1016/j.fluid.2011.08.007,unverified,0.5,isobaric,0.9666666666666667,isobaric,405.25,412.0361328125,,,-7.62939453125e-06,True,False,48,CCOCCO,mol_ab8630148ae67e51,1.0,1.0,1.0,1.0,93.32005310058594,CO,mol_a85d32e4db2ff39c,0.0,0.0,0.0,0.5454822182655334,464.9385986328125,,,,,,,
state_36f4a4fb92b2b52dfd6c832b,2c_acf6c70dfacb27974826,2,binary_vle_english.xlsx,10.1016/j.fluid.2017.05.012,unverified,0.5,isobaric,0.9444444444444444,isobaric,374.79999999999995,395.53192138671875,,,2.288818359375e-05,True,False,48,CCCO,mol_5fb2f93dc8caa9dc,0.0,0.0,0.0,1.5144987106323242,171.00799560546875,CCCOC(C)=O,mol_67043ae833ecd0c7,1.0,1.0,1.0,1.0,100.99998474121094,,,,,,,
state_37c0972a316dcea2d6361aa3,2c_74caf60139062b8ca437,2,binary_vle_english.xlsx,10.1016/j.fluid.2010.08.010,unverified,0.5,isobaric,0.9411764705882353,isobaric,427.45,469.1208190917969,,,0.00020599365234375,True,False,48,CCCCCCO,mol_eb71ecc709e3f0dc,0.9375,0.9052,0.8108276128768921,1.0000284910202026,82.68061828613281,Cc1ccccc1C,mol_61c4de85d258b45d,0.0625,0.0948,0.1891724169254303,1.5116275548934937,191.4219970703125,,,,,,,
state_384a9aa2d213bc37ce1760a6,2c_f4a55bc5fa0e7d69faf8,2,binary_vle_english.xlsx,10.1016/j.fluid.2012.12.021,unverified,0.5,isobaric,0.9523809523809523,isobaric,369.21999999999997,383.137451171875,,,0.0,True,False,48,C1CCOCC1,mol_626f3d1f5bbb6f55,0.06899999999999995,0.10499999999999998,0.14876094460487366,1.7111194133758545,118.43700408935547,CCC(C)O,mol_06affb0d2c6c8ff2,0.931,0.895,0.8512390851974487,1.0021626949310303,85.7613296508789,,,,,,,
state_38af3c26a236850e600403a3,2c_e0ef8174c7b6fc15273a,2,binary_vle_english.xlsx,10.1016/j.fluid.2005.06.024,unverified,0.5,isobaric,0.9743589743589743,isobaric,385.53999999999996,384.3304748535156,,,-3.0517578125e-05,True,False,48,CC(C)=O,mol_e04cf77cea7bbe66,0.0875,0.3934,0.33058658242225647,1.1500338315963745,332.87640380859375,CCOC(=O)OCC,mol_4df2781fcf4d4a77,0.9125,0.6066,0.6694134473800659,0.9977761507034302,74.498046875,,,,,,,
state_396279c26a91d1348ce3f183,3c_c45f0751ac63a91a45e8,3,ternary_vle_english.xlsx,10.1016/j.fluid.2005.06.019,unverified,0.5,isobaric,0.9767441860465116,isobaric,405.17999999999995,412.0518493652344,,,0.00170135498046875,True,False,48,CC(=O)OCC(C)C,mol_e7eb29ad965cc8ee,0.043,0.088,0.11158095300197601,1.9849696159362793,132.42933654785156,CC(C)CO,mol_015d21fca05fcd26,0.27,0.642,0.6736350059509277,1.821041226387024,138.789794921875,CCCCCCO,mol_eb71ecc709e3f0dc,0.687,0.27,0.21478411555290222,1.0677940845489502,29.660221099853516
state_39f35c6776be50efcf01ed6a,2c_0a42aa3dc6cf5132e23e,2,binary_vle_english.xlsx,10.1016/j.fluid.2011.10.009,passed,1.0,isobaric,0.9285714285714286,isobaric,423.79999999999995,411.1506652832031,,,7.62939453125e-06,True,False,48,CCCCCCCCC,mol_dd70207e50d8bf63,1.0,1.0,1.0,1.0,101.29994201660156,Cc1ccc(C)cc1,mol_e7658ba520613aac,0.0,0.0,0.0,0.922466516494751,71.15747833251953,,,,,,,
state_3bb286cb16fe35c25c505f7d,2c_acf6c70dfacb27974826,2,binary_vle_english.xlsx,10.1016/j.fluid.2017.05.012,unverified,0.5,isobaric,0.9444444444444444,isobaric,369.4,378.71929931640625,,,0.00165557861328125,True,False,48,CCCO,mol_5fb2f93dc8caa9dc,0.2688,0.3657,0.4614951014518738,1.3760899305343628,126.01416015625,CCCOC(C)=O,mol_67043ae833ecd0c7,0.7312000000000001,0.6343,0.5385048985481262,1.0245211124420166,72.60405731201172,,,,,,,
state_3bbd182324a72deb88bcb2cc,3c_f0c258463b44c2183ab7,3,ternary_vle_english.xlsx,10.1016/j.fluid.2005.03.014,unverified,0.5,isobaric,0.9767441860465116,isobaric,414.99,409.1934509277344,,,0.00115203857421875,True,False,48,CC(=O)OCC(C)C,mol_e7eb29ad965cc8ee,0.051,0.199,0.14568419754505157,2.2961251735687256,126.02618408203125,CC(C)CO,mol_015d21fca05fcd26,0.083,0.205,0.19570328295230865,1.8085938692092896,132.06661987304688,CN(C)C=O,mol_ca12d6d2f2ffb170,0.866,0.596,0.6586126089096069,1.0058642625808716,76.59260559082031
state_3c1e7b9e4e60cce52c2fe50e,2c_7c57a80413db66443080,2,binary_vle_english.xlsx,10.1016/j.jct.2010.05.014,unverified,0.5,isobaric,0.9259259259259259,isobaric,413.15,426.0178527832031,,,2.288818359375e-05,True,False,48,CCC(=O)O,mol_86c4db256d6270c6,0.5124,0.5031,0.5199840068817139,1.4390872716903687,64.38199615478516,CCCCCO,mol_243de2450bee5519,0.4876,0.4969,0.48001599311828613,1.4694640636444092,61.16510772705078,,,,,,,
state_3ca71fd982d59eaa647a2da9,2c_ac155ac6c9df3bfcf363,2,binary_vle_english.xlsx,10.1016/j.fluid.2014.03.033,passed,1.0,full_state,0.0,isobaric,345.82,361.26263427734375,,,7.62939453125e-06,True,False,48,CC(=O)CC(C)C,mol_0a895444a9f0f36b,0.18589999999999995,0.643,0.32280734181404114,0.5701705813407898,30.150466918945312,O=Cc1ccco1,mol_cfdccd30b0689448,0.8141,0.357,0.6771926879882812,0.9621140360832214,8.5593900680542,,,,,,,
state_3cdee4f60a9a3fc1afaeaa25,2c_21b807a1a6c6348c91ac,2,binary_vle_english.xlsx,10.1016/j.fluid.2018.07.027,unverified,0.5,isobaric,0.9629629629629629,isobaric,385.90999999999997,400.85546875,,,9.918212890625e-05,True,False,48,CC(C)CC(C)(C)C,mol_57615b5c3546c298,0.0212,0.132,0.11292731761932373,3.7046868801116943,145.6536102294922,CCCCO,mol_ad4ef9c6c876ca2f,0.9788,0.868,0.887072741985321,1.0004856586456299,91.76223754882812,,,,,,,
state_3cf681327f0a08e6184995a4,2c_42d2383a8e4daebeb5e1,2,binary_vle_english.xlsx,10.1016/j.fluid.2010.08.002,unverified,0.5,isobaric,0.9230769230769231,isobaric,407.79999999999995,418.2177734375,,,2.288818359375e-05,True,False,48,CCCCCCC,mol_fddb2c852c313396,0.058,0.41,0.2517853379249573,2.3003807067871094,188.71353149414062,CCCOCCO,mol_770d75a3bb2412ce,0.942,0.5900000000000001,0.7482146620750427,1.0021452903747559,79.25833892822266,,,,,,,
state_3dc48a75d1d65b5706dc40b9,3c_20e37ef734cab2512529,3,ternary_vle_english.xlsx,10.1016/j.fluid.2012.12.020,unverified,0.5,isobaric,0.9230769230769231,isobaric,401.16999999999996,430.2887878417969,,,3.0517578125e-05,True,False,48,CC(C)O,mol_db030b5de88f8eaf,0.0216,0.2429,0.12316308915615082,1.4068710803985596,409.34912109375,CCCCCO,mol_243de2450bee5519,0.8748,0.4024,0.5764183402061462,1.007456660270691,66.05778503417969,CCCCO,mol_ad4ef9c6c876ca2f,0.1036,0.3547,0.30041852593421936,1.9189542531967163,152.62429809570312
state_3eff370631673346c075c2ea,2c_acf6c70dfacb27974826,2,binary_vle_english.xlsx,10.1016/j.fluid.2017.05.012,unverified,0.5,isobaric,0.8947368421052632,isobaric,370.2,382.315185546875,,,7.62939453125e-06,True,False,48,CCCO,mol_5fb2f93dc8caa9dc,0.1941,0.2716,0.36995142698287964,1.4278435707092285,134.82168579101562,CCCOC(C)=O,mol_67043ae833ecd0c7,0.8059000000000001,0.7283999999999999,0.6300486326217651,1.0109539031982422,78.105712890625,,,,,,,
state_404f03736f7ca461f15b4331,2c_f33ec9a350eb94b685d6,2,binary_vle_english.xlsx,10.1016/j.jct.2011.10.025,unverified,0.5,isobaric,0.9545454545454546,isobaric,370.7,372.9477844238281,,,0.0003814697265625,True,False,48,C1CCOCC1,mol_626f3d1f5bbb6f55,0.112,0.151,0.23591911792755127,2.2009384632110596,96.95004272460938,CC(C)CC(C)(C)C,mol_57615b5c3546c298,0.888,0.849,0.7640808820724487,1.0154366493225098,85.83893585205078,,,,,,,
state_4074e8413b9cfddd5b784092,2c_f98cab4acf014d5210d4,2,binary_vle_english.xlsx,10.1016/j.fluid.2007.03.030,unverified,0.5,isobaric,0.9545454545454546,isobaric,407.95,416.6238708496094,,,7.62939453125e-06,True,False,48,CCCO,mol_5fb2f93dc8caa9dc,0.0,0.0,0.0,0.9527474045753479,242.23069763183594,CCOCCO,mol_ab8630148ae67e51,1.0,1.0,1.0,1.0,101.29994201660156,,,,,,,
state_4107c0bfe1d3f117d0d91741,2c_7e396008deb1d14f8e15,2,binary_vle_english.xlsx,10.1016/j.fluid.2015.11.007,passed,1.0,isobaric,0.9090909090909091,isobaric,381.75,348.8544921875,,,-6.67572021484375e-06,True,False,48,CC(=O)N(C)C,mol_b8ccf255e2b62919,0.735,0.83,0.9496091604232788,0.7288873791694641,21.270427703857422,CC(=O)O,mol_9ac385b135af0125,0.265,0.17,0.050390783697366714,0.07935872673988342,28.753429412841797,,,,,,,
state_41d5d7c8424be3c2ff83fe0e,3c_61bfd4ccc52903a74083,3,ternary_vle_english.xlsx,10.1016/j.fluid.2007.03.030,unverified,0.5,isobaric,0.9761904761904762,isobaric,375.84999999999997,389.5195617675781,,,3.814697265625e-05,True,False,48,CCCO,mol_5fb2f93dc8caa9dc,0.239,0.684,0.44469037652015686,1.225620150566101,153.7847442626953,CCCOCCC,mol_e13b90e4aa2e917d,0.06,0.083,0.14353729784488678,1.9193419218063354,126.26136779785156,CCOCCO,mol_ab8630148ae67e51,0.7010000000000001,0.23299999999999998,0.41177234053611755,0.980924665927887,60.66145324707031
state_4249c97bb8b215c7ada9f587,2c_03bd4325b126d2709459,2,binary_vle_english.xlsx,10.1016/j.fluid.2011.10.009,unverified,0.5,isobaric,0.9333333333333333,isobaric,420.79999999999995,409.4326171875,,,3.0517578125e-05,True,False,48,C1CCCCC1,mol_893981623557f359,0.018000000000000016,0.08799999999999997,0.048132624477148056,0.8460165858268738,320.1824035644531,CCCCCCCCC,mol_dd70207e50d8bf63,0.982,0.912,0.951867401599884,0.9998643398284912,98.20490264892578,,,,,,,
state_4305fb0c6c7420286646faf7,2c_4e1effd6e44016fa9e71,2,binary_vle_english.xlsx,10.1016/j.fluid.2019.03.022,passed,1.0,isobaric,0.95,isobaric,339.9,347.82177734375,,,7.62939453125e-06,True,False,48,CO,mol_a85d32e4db2ff39c,0.050000000000000044,0.372,0.12808233499526978,1.6738287210464478,155.0305938720703,c1ccccc1,mol_7165dcf6be1f831d,0.95,0.628,0.8719176650047302,1.0007144212722778,92.90753173828125,,,,,,,
state_43484f549cb6584e45e29291,2c_784276d4500715f79c89,2,binary_vle_english.xlsx,10.1016/j.fluid.2013.05.019,passed,1.0,isobaric,0.7142857142857143,isobaric,371.34,383.2992858886719,,,1.52587890625e-05,True,False,48,CCCCCCC,mol_fddb2c852c313396,0.999965,0.999932,0.9999169707298279,1.0,101.32521057128906,c1ccsc1,mol_7953343be0b435d5,3.5e-05,6.8e-05,8.302540663862601e-05,1.3711737394332886,175.3028106689453,,,,,,,
state_43b3123b2cc976a230e08b62,3c_2d8df0569d9d03284715,3,ternary_vle_english.xlsx,10.1016/j.fluid.2007.06.005,unverified,0.5,isobaric,0.9807692307692307,isobaric,351.49,358.5176696777344,,,1.52587890625e-05,True,False,48,CC(C)CC(C)(C)C,mol_57615b5c3546c298,0.636,0.395,0.4870467185974121,1.226867914199829,63.23025131225586,CCC(C)=O,mol_4cfc5db0ca2ab00b,0.324,0.454,0.38196495175361633,1.809211254119873,66.00828552246094,CCO,mol_f29e20f49d416e54,0.04,0.151,0.13098835945129395,2.4644501209259033,134.60520935058594
state_440ab4d03919bd74b3afe670,2c_f4a55bc5fa0e7d69faf8,2,binary_vle_english.xlsx,10.1016/j.fluid.2012.12.021,unverified,0.5,isobaric,0.9523809523809523,isobaric,364.74,372.98748779296875,,,0.0003662109375,True,False,48,C1CCOCC1,mol_626f3d1f5bbb6f55,0.32999999999999996,0.44299999999999995,0.471683531999588,1.3847461938858032,97.02778625488281,CCC(C)O,mol_06affb0d2c6c8ff2,0.67,0.557,0.5283164978027344,1.0632864236831665,69.71056365966797,,,,,,,
state_44727d1d2a662a9585a7716c,2c_277a9b0f8ca81825906f,2,binary_vle_english.xlsx,10.1016/j.fluid.2013.01.015,passed,1.0,isobaric,0.9333333333333333,isobaric,363.72999999999996,351.884033203125,,,-7.62939453125e-06,True,False,48,CCCCCCCC,mol_8151bb583f7f3ebd,0.063,0.11,0.03440891578793526,0.40833061933517456,26.751449584960938,Cc1ccccc1C,mol_61c4de85d258b45d,0.937,0.89,0.9655910730361938,0.9966489672660828,20.67951011657715,,,,,,,
state_455ac60b1b36e6896caee08b,2c_784276d4500715f79c89,2,binary_vle_english.xlsx,10.1016/j.fluid.2013.05.019,passed,1.0,isobaric,0.7142857142857143,isobaric,371.34,383.29638671875,,,1.52587890625e-05,True,False,48,CCCCCCC,mol_fddb2c852c313396,0.999924,0.999833,0.9998197555541992,1.0,101.31951141357422,c1ccsc1,mol_7953343be0b435d5,7.6e-05,0.000167,0.00018027306941803545,1.3711645603179932,175.29360961914062,,,,,,,
state_4562f7577408da783e286969,3c_61bfd4ccc52903a74083,3,ternary_vle_english.xlsx,10.1016/j.fluid.2007.03.030,unverified,0.5,isobaric,0.9761904761904762,isobaric,379.69,383.00225830078125,,,-1.52587890625e-05,True,False,48,CCCO,mol_5fb2f93dc8caa9dc,0.058,0.258,0.08917616307735443,1.140582799911499,136.55357360839844,CCCOCCC,mol_e13b90e4aa2e917d,0.362,0.537,0.5771864652633667,1.4469313621520996,111.62687683105469,CCOCCO,mol_ab8630148ae67e51,0.5800000000000001,0.20499999999999996,0.33363738656044006,1.0984790325164795,53.047393798828125
state_45fe4ce983e644557d8686b0,2c_be94156040a0f89bf1c4,2,binary_vle_english.xlsx,10.1016/j.fluid.2013.05.016,passed,1.0,isobaric,0.9411764705882353,isobaric,420.7,409.2960510253906,,,0.0,True,False,48,CCCCCCC,mol_fddb2c852c313396,0.03500000000000003,0.10899999999999999,0.06681789457798004,1.1892000436782837,162.62188720703125,CCCCCCCCC,mol_dd70207e50d8bf63,0.965,0.891,0.9331821203231812,0.9999800324440002,97.96183776855469,,,,,,,
state_466bde0f2c8c2b72f88a606b,2c_ba6de3f53ea6de13738b,2,binary_vle_english.xlsx,10.1016/j.fluid.2006.02.009,unverified,0.5,isobaric,0.95,isobaric,375.65999999999997,381.831787109375,,,7.62939453125e-06,True,False,48,CCC(C)Cl,mol_9f4835d3aad75f1c,0.0,0.0,0.0,0.7992510795593262,233.75381469726562,Cc1ccccc1,mol_1c09299644053521,1.0,1.0,1.0,1.0,79.99996185302734,,,,,,,
state_46ee683b3e1c7ec2c5b7768f,2c_d61da005b4125a743b07,2,binary_vle_english.xlsx,10.1016/j.fluid.2009.03.008,unverified,0.5,isobaric,0.9583333333333334,isobaric,383.79999999999995,392.9949645996094,,,0.0,True,False,48,CC(=O)O,mol_9ac385b135af0125,0.8821,0.7525,0.6656113862991333,1.0080596208572388,75.84989929199219,CCC(C)=O,mol_4cfc5db0ca2ab00b,0.1179,0.24750000000000005,0.3343886435031891,2.175424337387085,132.10888671875,,,,,,,
state_472bb01eb249157823e98022,2c_f84a6616de8e67ab84b6,2,binary_vle_english.xlsx,10.1016/j.fluid.2005.06.019,unverified,0.5,isobaric,0.96,isobaric,424.7,461.4234313964844,,,7.62939453125e-06,True,False,48,CC(C)CO,mol_015d21fca05fcd26,0.05,0.207,0.3138831555843353,2.141603708267212,296.9395751953125,CCCCCCO,mol_eb71ecc709e3f0dc,0.95,0.793,0.6861168742179871,1.001166820526123,73.07642364501953,,,,,,,
state_474e6294de4089a43d0edbae,2c_a1a215858c9235f0cf6a,2,binary_vle_english.xlsx,10.1016/j.fluid.2015.03.013,unverified,0.5,isobaric,0.9666666666666667,isobaric,430.81999999999994,412.8658142089844,,,-2.288818359375e-05,True,False,48,CC(=O)N(C)C,mol_b8ccf255e2b62919,0.924,0.733,0.7713218331336975,1.003866195678711,84.23583984375,CCC(C)O,mol_06affb0d2c6c8ff2,0.076,0.267,0.22867819666862488,2.0540292263031006,148.39306640625,,,,,,,
state_486c691ac362fd220d18d5a8,2c_bcadcb4c5d803465b404,2,binary_vle_english.xlsx,10.1016/j.fluid.2007.09.014,unverified,0.5,isobaric,0.9523809523809523,isobaric,397.44,404.8507080078125,,,0.0007781982421875,True,False,48,CC(C)O,mol_db030b5de88f8eaf,0.0,0.0,0.0,1.7012430429458618,278.2769470214844,COCCO,mol_d291b272a64498d9,1.0,1.0,1.0,1.0,101.30071258544922,,,,,,,
state_49d88512dcebf82eef090f61,2c_f98cab4acf014d5210d4,2,binary_vle_english.xlsx,10.1016/j.fluid.2007.03.030,unverified,0.5,isobaric,0.9545454545454546,isobaric,404.5,413.23388671875,,,5.340576171875e-05,True,False,48,CCCO,mol_5fb2f93dc8caa9dc,0.043,0.138,0.10052772611379623,1.0314780473709106,229.59730529785156,CCOCCO,mol_ab8630148ae67e51,0.957,0.862,0.8994722962379456,0.9984599351882935,95.3574447631836,,,,,,,
state_4a822598c43f46c1454ab707,2c_d66c7a74cea5d8732e08,2,binary_vle_english.xlsx,10.1016/j.fluid.2014.02.006,unverified,0.5,isobaric,0.9411764705882353,isobaric,366.49,376.072021484375,,,0.00087738037109375,True,False,48,CC(C)O,mol_db030b5de88f8eaf,0.017,0.222,0.08552785217761993,3.0182900428771973,168.85369873046875,O,mol_e81dc06beaa39499,0.983,0.778,0.9144721627235413,1.0004851818084717,94.19313049316406,,,,,,,
state_4aee36211aea512b6e652a04,3c_f6a2de3ac0acbac84e4f,3,ternary_vle_english.xlsx,10.1016/j.fluid.2005.01.007,unverified,0.5,isobaric,0.9818181818181818,isobaric,343.19,341.0168151855469,,,-7.62939453125e-06,True,False,48,CC(C)=O,mol_e04cf77cea7bbe66,0.051,0.118,0.09509831666946411,1.2822301387786865,147.31460571289062,CC(C)CC(C)(C)C,mol_57615b5c3546c298,0.1429999999999999,0.254,0.14908912777900696,2.5054216384887695,42.1539421081543,CCO,mol_f29e20f49d416e54,0.806,0.628,0.7558125853538513,1.0226014852523804,92.89274597167969
state_4c3a1b0e67bf5ae69d85395a,2c_34804c7fdf5c7dc9c9e5,2,binary_vle_english.xlsx,10.1016/j.fluid.2005.02.014,unverified,0.5,isobaric,0.9090909090909091,isobaric,359.03999999999996,370.8150634765625,,,0.00014495849609375,True,False,48,C1CCOCC1,mol_626f3d1f5bbb6f55,0.903,0.8481,0.8310181498527527,1.0041203498840332,92.84248352050781,CC(C)CCl,mol_b6f57216bc07a08c,0.09699999999999998,0.15190000000000003,0.16898182034492493,1.5710934400558472,112.32489013671875,,,,,,,
state_4d6dd1183f323d50fa870f39,3c_6b60b4a3a536506a27ae,3,ternary_vle_english.xlsx,10.1016/j.fluid.2006.08.004,unverified,0.5,isobaric,0.9821428571428571,isobaric,347.75,351.90264892578125,,,-2.288818359375e-05,True,False,48,CC(C)CC(C)(C)C,mol_57615b5c3546c298,0.769,0.40900000000000003,0.4331098198890686,1.0467779636383057,54.50372314453125,CC(C)OC(C)C,mol_1a0ca8e5eeb68da8,0.098,0.112,0.15732458233833313,1.508933424949646,107.77288055419922,CCO,mol_f29e20f49d416e54,0.133,0.479,0.40956565737724304,2.6547341346740723,117.50596618652344
state_4d852f379291f22a216d66dc,3c_c1f86c0bca7d787912fb,3,ternary_vle_english.xlsx,10.1016/j.jct.2011.10.025,unverified,0.5,isobaric,0.9807692307692307,isobaric,363.08,366.2207946777344,,,-2.288818359375e-05,True,False,48,C1CCOCC1,mol_626f3d1f5bbb6f55,0.22,0.225,0.2998543381690979,1.6352916955947876,84.43091583251953,CC(C)CC(C)(C)C,mol_57615b5c3546c298,0.738,0.589,0.583920419216156,1.0735191106796265,74.66148376464844,CC(C)O,mol_db030b5de88f8eaf,0.042,0.186,0.1162252277135849,2.0056421756744385,139.76766967773438
state_4db98510cde55dcb709c4408,2c_31c2824ab8cdf543aad1,2,binary_vle_english.xlsx,10.1016/j.fluid.2018.06.017,passed,1.0,isobaric,0.9375,isobaric,352.25,340.87567138671875,,,-3.814697265625e-05,True,False,48,CC#N,mol_7028b7cbd3d829b4,0.96,0.895,0.9792192578315735,0.9987107515335083,103.46131896972656,CCO,mol_f29e20f49d416e54,0.040000000000000036,0.10499999999999998,0.0207807756960392,0.5683228373527527,92.60099029541016,,,,,,,
state_4e42aaa9caeba693ce8be6b6,2c_97830bff71af0df3111e,2,binary_vle_english.xlsx,10.1016/j.fluid.2018.03.015,unverified,0.5,isobaric,0.9090909090909091,isobaric,341.95,344.96148681640625,,,0.00051116943359375,True,False,48,CCO,mol_f29e20f49d416e54,0.817,0.585,0.7924344539642334,0.9696986675262451,101.3248291015625,ClC(Cl)Cl,mol_d9e0a2387a6283f9,0.183,0.415,0.207565575838089,0.8449094891548157,135.989501953125,,,,,,,
state_4e453f2a5676eb1724205f51,2c_8227101c64130ee5e04f,2,binary_vle_english.xlsx,10.1016/j.jct.2017.07.019,unverified,0.5,isobaric,0.9411764705882353,isobaric,377.07,368.28131103515625,,,9.918212890625e-05,True,False,48,O,mol_e81dc06beaa39499,0.15490000000000004,0.30569999999999997,0.22365862131118774,1.8161662817001343,80.53565979003906,OCC(F)(F)C(F)F,mol_48469952cf716332,0.8451,0.6943,0.7763413786888123,1.0120588541030884,91.94931030273438,,,,,,,
state_4f29f3fdc3d1ef5ef2f80433,3c_f0c258463b44c2183ab7,3,ternary_vle_english.xlsx,10.1016/j.fluid.2005.03.014,unverified,0.5,isobaric,0.9767441860465116,isobaric,405.90999999999997,397.9162902832031,,,8.392333984375e-05,True,False,48,CC(=O)OCC(C)C,mol_e7eb29ad965cc8ee,0.219,0.511,0.44698965549468994,2.008788585662842,102.92684173583984,CC(C)CO,mol_015d21fca05fcd26,0.047,0.083,0.08860329538583755,1.7712039947509766,107.81842041015625,CN(C)C=O,mol_ca12d6d2f2ffb170,0.734,0.406,0.4644070267677307,1.038027286529541,61.7452392578125
state_4f58d369c742477f9323edb4,2c_dc191206ee879c89c4e5,2,binary_vle_english.xlsx,10.1016/j.jct.2003.09.001,unverified,0.5,isobaric,0.9285714285714286,isobaric,377.4,382.68017578125,,,7.62939453125e-06,True,False,48,C1COCCO1,mol_d365f2fae67d24f2,0.3322,0.401,0.4263976514339447,1.4301201105117798,90.91841888427734,CC(C)CO,mol_015d21fca05fcd26,0.6678,0.599,0.5736023187637329,1.0818220376968384,80.42996215820312,,,,,,,
state_4f66d593348a03896b06c9a2,2c_f84a6616de8e67ab84b6,2,binary_vle_english.xlsx,10.1016/j.fluid.2005.06.019,unverified,0.5,isobaric,0.96,isobaric,430.05999999999995,482.3559265136719,,,7.62939453125e-06,True,False,48,CC(C)CO,mol_015d21fca05fcd26,0.0,0.0,0.0,2.162916421890259,391.1116943359375,CCCCCCO,mol_eb71ecc709e3f0dc,1.0,1.0,1.0,1.0,101.29994201660156,,,,,,,
state_4f746e5cb4faa04473ef94e7,2c_9f31aad1f9974e54ecb0,2,binary_vle_english.xlsx,10.1016/j.jct.2017.07.019,unverified,0.5,isobaric,0.95,isobaric,404.54999999999995,425.4837951660156,,,2.288818359375e-05,True,False,48,Cc1ccc(C)cc1,mol_e7658ba520613aac,0.9675,0.8013,0.8799947500228882,1.0003368854522705,92.10688781738281,OCC(F)(F)C(F)F,mol_48469952cf716332,0.0325,0.1987,0.12000522017478943,1.4692124128341675,254.590087890625,,,,,,,
state_4fca72fcfb2512698fde9938,2c_784276d4500715f79c89,2,binary_vle_english.xlsx,10.1016/j.fluid.2013.05.019,passed,1.0,isobaric,0.7142857142857143,isobaric,371.34,383.2955017089844,,,-6.103515625e-05,True,False,48,CCCCCCC,mol_fddb2c852c313396,0.999912,0.999828,0.9997912645339966,1.0,101.31776428222656,c1ccsc1,mol_7953343be0b435d5,8.8e-05,0.000172,0.00020873364701401442,1.371161937713623,175.290771484375,,,,,,,
state_4fceabe1d8499a11c8cd37d6,2c_35cc53cd52979773cfcb,2,binary_vle_english.xlsx,10.1016/j.fluid.2015.08.014,unverified,0.5,isobaric,0.9473684210526315,isobaric,460.43999999999994,441.7453918457031,,,0.00186920166015625,True,False,48,CO,mol_a85d32e4db2ff39c,0.004,0.067,0.006466905120760202,0.23610267043113708,693.6697387695312,CS(C)=O,mol_7d3e12eaed0f467c,0.996,0.933,0.9935331344604492,0.999968945980072,101.05403900146484,,,,,,,
state_503858d2c89f4b208823ea9d,2c_72d232cf7a8125302e6c,2,binary_vle_english.xlsx,10.1016/j.fluid.2009.01.006,unverified,0.5,isobaric,0.9333333333333333,isobaric,401.4,400.8844909667969,,,2.288818359375e-05,True,False,48,CN(C)C=O,mol_ca12d6d2f2ffb170,0.923,0.48240000000000005,0.5960585474967957,0.9998869299888611,65.42527770996094,ClC(Cl)Cl,mol_d9e0a2387a6283f9,0.077,0.5176,0.4039415121078491,1.4369577169418335,369.822265625,,,,,,,
state_506248140f44c688d18d6d1e,2c_784276d4500715f79c89,2,binary_vle_english.xlsx,10.1016/j.fluid.2013.05.019,passed,1.0,isobaric,0.7142857142857143,isobaric,371.34,383.29510498046875,,,0.0,True,False,48,CCCCCCC,mol_fddb2c852c313396,0.999906,0.999805,0.99977707862854,1.0,101.3169937133789,c1ccsc1,mol_7953343be0b435d5,9.4e-05,0.000195,0.00022296355746220797,1.371160626411438,175.28953552246094,,,,,,,
state_509fd2e0a39b7b2877e2e3cd,2c_3c77d4a7763529aa395e,2,binary_vle_english.xlsx,10.1016/j.fluid.2017.10.001,unverified,0.5,isobaric,0.95,isobaric,351.45,344.95050048828125,,,0.0006866455078125,True,False,48,CCC(C)=O,mol_4cfc5db0ca2ab00b,0.0,0.0,0.0,2.1448874473571777,48.362098693847656,CCO,mol_f29e20f49d416e54,1.0,1.0,1.0,1.0,101.30062103271484,,,,,,,
state_50fee9930300787b2327aca4,2c_4edb251d66039b2a207c,2,binary_vle_english.xlsx,10.1016/j.jct.2006.12.003,unverified,0.5,isobaric,0.9444444444444444,isobaric,371.54999999999995,374.698486328125,,,0.00052642822265625,True,False,48,CC(=O)O,mol_9ac385b135af0125,0.813,0.499,0.4358091354370117,1.040962815284729,52.16533279418945,ClCCCl,mol_e8df6c9e89c6b62a,0.187,0.501,0.5641908049583435,2.4861526489257812,122.93286895751953,,,,,,,
state_515b483175c5c16f3277a20c,2c_0afc81efacf81d2f9881,2,binary_vle_english.xlsx,10.1016/j.fluid.2011.10.009,unverified,0.5,isobaric,0.9375,isobaric,423.79999999999995,411.1506652832031,,,7.62939453125e-06,True,False,48,CCCCCCCCC,mol_dd70207e50d8bf63,1.0,1.0,1.0,1.0,101.29994201660156,Cc1ccccc1,mol_1c09299644053521,0.0,0.0,0.0,0.6068041920661926,138.06082153320312,,,,,,,
state_51cdf57765d811c268066c35,2c_42d2383a8e4daebeb5e1,2,binary_vle_english.xlsx,10.1016/j.fluid.2010.08.002,unverified,0.5,isobaric,0.9230769230769231,isobaric,418.39,426.8576965332031,,,0.0,True,False,48,CCCCCCC,mol_fddb2c852c313396,0.018,0.136,0.09279705584049225,2.379307985305786,216.67620849609375,CCCOCCO,mol_770d75a3bb2412ce,0.982,0.864,0.907202959060669,1.000193476676941,92.36536407470703,,,,,,,
state_51d138f3296cb099095ad847,2c_165952a69a69e7a8d3f6,2,binary_vle_english.xlsx,10.1016/j.fluid.2005.01.007,unverified,0.5,isobaric,0.9545454545454546,isobaric,372.33,381.27166748046875,,,1.52587890625e-05,True,False,48,CC(C)CC(C)(C)C,mol_57615b5c3546c298,1.0,1.0,1.0,1.0,101.3199462890625,CCO,mol_f29e20f49d416e54,0.0,0.0,0.0,4.423777103424072,207.19564819335938,,,,,,,
state_51d940dc7ac1ccf09c01c1e0,2c_cf0c7a81519bf48241a1,2,binary_vle_english.xlsx,10.1016/j.fluid.2007.03.030,unverified,0.5,isobaric,0.9545454545454546,isobaric,407.95,416.6238708496094,,,7.62939453125e-06,True,False,48,CCCOCCC,mol_e13b90e4aa2e917d,0.0,0.0,0.0,2.1259753704071045,202.21749877929688,CCOCCO,mol_ab8630148ae67e51,1.0,1.0,1.0,1.0,101.29994201660156,,,,,,,
state_52494391574e6bd0e065ebf6,2c_50cae961bcfb98dfb10a,2,binary_vle_english.xlsx,10.1016/j.fluid.2011.11.020,passed,1.0,isobaric,0.9375,isobaric,356.25,355.3869934082031,,,0.00093841552734375,True,False,48,CC(C)=C(C)C,mol_ac85c03b48dc0205,0.023299999999999987,0.05469999999999997,0.02388322353363037,0.8061758279800415,128.83966064453125,c1ccsc1,mol_7953343be0b435d5,0.9767,0.9453,0.9761167764663696,0.9997811913490295,101.29264831542969,,,,,,,
state_52dff751d545fec026dfe5b1,2c_be94156040a0f89bf1c4,2,binary_vle_english.xlsx,10.1016/j.fluid.2013.05.016,passed,1.0,isobaric,0.9411764705882353,isobaric,423.79999999999995,411.1506652832031,,,7.62939453125e-06,True,False,48,CCCCCCC,mol_fddb2c852c313396,0.0,0.0,0.0,1.1832046508789062,167.81997680664062,CCCCCCCCC,mol_dd70207e50d8bf63,1.0,1.0,1.0,1.0,101.29994201660156,,,,,,,
state_531b8b6ef9117ce07bb024ee,2c_ba6de3f53ea6de13738b,2,binary_vle_english.xlsx,10.1016/j.fluid.2006.02.009,unverified,0.5,isobaric,0.9545454545454546,isobaric,372.75,379.80084228515625,,,7.62939453125e-06,True,False,48,CCC(C)Cl,mol_9f4835d3aad75f1c,0.1661,0.4179,0.3696931302547455,0.9999323487281799,225.481201171875,Cc1ccccc1,mol_1c09299644053521,0.8339,0.5821000000000001,0.6303068995475769,0.9970765709877014,76.79249572753906,,,,,,,
state_53546c314802c817ec22b726,2c_079ccab2da1cc47051a9,2,binary_vle_english.xlsx,10.1016/j.fluid.2006.02.009,unverified,0.5,isobaric,0.9545454545454546,isobaric,371.91999999999996,371.5384521484375,,,0.00012969970703125,True,False,48,CCCCCl,mol_f7989a5c13417f20,0.2771,0.5098,0.519399106502533,1.583174705505371,119.93490600585938,Cc1ccccc1,mol_1c09299644053521,0.7229,0.49019999999999997,0.48060086369514465,1.0406306982040405,64.71715545654297,,,,,,,
state_5375c40e2ab99b939aeec006,2c_ba6de3f53ea6de13738b,2,binary_vle_english.xlsx,10.1016/j.fluid.2006.02.009,unverified,0.5,isobaric,0.9545454545454546,isobaric,368.15,374.4634094238281,,,0.00042724609375,True,False,48,CCC(C)Cl,mol_9f4835d3aad75f1c,0.2355,0.5354,0.48288747668266296,1.0145870447158813,204.72775268554688,Cc1ccccc1,mol_1c09299644053521,0.7645,0.4646,0.5171125531196594,0.9956838488578796,68.81721496582031,,,,,,,
state_54ea64d87a8cf0ccdfee0293,2c_d66c7a74cea5d8732e08,2,binary_vle_english.xlsx,10.1016/j.jct.2016.10.001,unverified,0.5,isobaric,0.9375,isobaric,369.7,378.85955810546875,,,-1.52587890625e-05,True,False,48,CC(C)O,mol_db030b5de88f8eaf,0.004,0.123,0.02199023775756359,3.131922721862793,177.81483459472656,O,mol_e81dc06beaa39499,0.996,0.877,0.9780097603797913,1.0000269412994385,99.46751403808594,,,,,,,
state_5540b3e9fd06482dc07c94f9,3c_954c33e76e33ef115670,3,ternary_vle_english.xlsx,10.1016/j.fluid.2006.07.003,unverified,0.5,isobaric,0.9761904761904762,isobaric,387.72999999999996,399.9645690917969,,,1.52587890625e-05,True,False,48,CCCCCO,mol_243de2450bee5519,0.712,0.28400000000000003,0.2610692083835602,1.006252408027649,36.91288375854492,CCCO,mol_5fb2f93dc8caa9dc,0.203,0.404,0.46665462851524353,1.2617985010147095,184.552001953125,CCCOCCC,mol_e13b90e4aa2e917d,0.085,0.312,0.2722761631011963,2.12726092338562,152.5383758544922
state_558a0667e8dbadc9c1efb290,2c_ef978bac8ab2c7c131e7,2,binary_vle_english.xlsx,10.1016/j.fluid.2015.03.013,unverified,0.5,isobaric,0.9629629629629629,isobaric,433.56999999999994,421.5406799316406,,,1.52587890625e-05,True,False,48,CC(=O)N(C)C,mol_b8ccf255e2b62919,0.977,0.867,0.9480036497116089,0.9999808073043823,98.29536437988281,CCC(C)OC(C)=O,mol_879306ab1082c162,0.023,0.133,0.051996368914842606,1.4178990125656128,161.51361083984375,,,,,,,
state_55ce2481b934b10716510ae8,3c_e0e1cd9a389a64136bfe,3,ternary_vle_english.xlsx,10.1016/j.fluid.2013.10.060,unverified,0.5,isobaric,0.9736842105263158,isobaric,348.84999999999997,354.9805603027344,,,0.00058746337890625,True,False,48,C1CCOCC1,mol_626f3d1f5bbb6f55,0.798,0.588,0.5682294368743896,1.0105576515197754,66.23542022705078,CCCCCC,mol_c55e04e90e298cf6,0.105,0.213,0.23187324404716492,1.7764334678649902,116.85383605957031,CCO,mol_f29e20f49d416e54,0.097,0.199,0.1998973935842514,1.5466052293777466,125.25251770019531
state_5623b586fd33adbc73550ca6,2c_e584d9baea666806df78,2,binary_vle_english.xlsx,10.1016/j.jct.2010.02.001,unverified,0.5,isobaric,0.9444444444444444,isobaric,383.9,393.7816467285156,,,3.0517578125e-05,True,False,48,CCCCO,mol_ad4ef9c6c876ca2f,0.8321000000000001,0.6859999999999999,0.7242350578308105,0.9897783994674683,80.28543853759766,CCCO,mol_5fb2f93dc8caa9dc,0.1679,0.314,0.27576491236686707,0.904104471206665,165.85952758789062,,,,,,,
state_577b3ed2ee1589d3f50babbc,2c_7b12ee2d0e35e39326bc,2,binary_vle_english.xlsx,10.1016/j.fluid.2011.08.007,unverified,0.5,isobaric,0.9666666666666667,isobaric,399.52,409.56011962890625,,,3.0517578125e-05,True,False,48,CCOCCO,mol_ab8630148ae67e51,0.976,0.8160000000000001,0.9322353005409241,0.999170184135437,89.20956420898438,CO,mol_a85d32e4db2ff39c,0.024,0.184,0.06776466220617294,0.5874768495559692,448.5144348144531,,,,,,,
state_57a021f09acab755642629c8,2c_7c57a80413db66443080,2,binary_vle_english.xlsx,10.1016/j.jct.2010.05.014,unverified,0.5,isobaric,0.9615384615384616,isobaric,413.04999999999995,426.02935791015625,,,9.1552734375e-05,True,False,48,CCC(=O)O,mol_86c4db256d6270c6,0.4972,0.4858,0.51615971326828,1.4718677997589111,64.39544677734375,CCCCCO,mol_243de2450bee5519,0.5028,0.5142,0.4838402271270752,1.4360946416854858,61.177913665771484,,,,,,,
state_57d83fd2804941cacaf7dc81,2c_443810127d849cf82a31,2,binary_vle_english.xlsx,10.1016/j.fluid.2014.09.021,unverified,0.5,isobaric,0.9545454545454546,isobaric,421.40999999999997,418.1753845214844,,,0.0,True,False,48,CCC(C)O,mol_06affb0d2c6c8ff2,0.047,0.138,0.15054897964000702,1.998985767364502,162.32276916503906,CN(C)C=O,mol_ca12d6d2f2ffb170,0.953,0.862,0.8494510054588318,1.0012494325637817,90.18043518066406,,,,,,,
state_583122567414755a212ee8d6,2c_e0c162126f5997f9fcd9,2,binary_vle_english.xlsx,10.1016/j.fluid.2016.02.018,unverified,0.5,isothermal,0.8,isothermal,,,95.100044995712,75.19572448730469,-7.62939453125e-06,True,False,48,CCCCCCC,mol_fddb2c852c313396,0.8008,0.6597,0.7032471895217896,0.9841741323471069,67.09730529785156,c1ccccc1,mol_7165dcf6be1f831d,0.19920000000000004,0.34030000000000005,0.29675278067588806,0.8731115460395813,128.30064392089844,,,,,,,
state_591c453abbec503f6db949c1,2c_23001626ba9c10a2709a,2,binary_vle_english.xlsx,10.1016/j.fluid.2011.06.001,unverified,0.5,isothermal,0.9166666666666666,isothermal,,,51.364975396992,52.76463317871094,0.0,True,False,48,CC(C)(C)Cl,mol_cbd731ac6eef5e90,0.6941,0.8042,0.8115707635879517,0.9729205369949341,63.411773681640625,CC(C)OC(C)C,mol_1a0ca8e5eeb68da8,0.30589999999999995,0.19579999999999997,0.18842922151088715,0.8696318864822388,37.374576568603516,,,,,,,
state_5a3d9665f0f40ab45f0c19e2,2c_d498cbbd8f767d43f3e7,2,binary_vle_english.xlsx,10.1016/j.fluid.2011.06.001,unverified,0.5,isothermal,0.9230769230769231,isothermal,,,31.299959012992,31.710468292236328,0.0,True,False,48,CC(C)OC(C)C,mol_1a0ca8e5eeb68da8,0.6194,0.6194,0.6356831789016724,0.8707548379898071,37.374576568603516,CCC(C)Cl,mol_9f4835d3aad75f1c,0.3806,0.3806,0.36431676149368286,0.6503834128379822,46.67061996459961,,,,,,,
state_5a6f5308467cc05d9aa951f7,2c_c830dc760c5163d2d27d,2,binary_vle_english.xlsx,10.1016/j.fluid.2011.05.011,unverified,0.5,isothermal,0.9285714285714286,isothermal,,,92.65997901657599,77.55790710449219,0.0,True,False,48,CC(C)CC(C)(C)C,mol_57615b5c3546c298,0.9323,0.8228,0.8649238348007202,1.0070549249649048,71.4488296508789,CC(C)CO,mol_015d21fca05fcd26,0.06769999999999998,0.17720000000000002,0.13507623970508575,2.8401668071746826,54.48444366455078,,,,,,,
state_5ac8ba1fd981b3c5a11428b6,2c_94ed5d0a73a3c26e5ef5,2,binary_vle_english.xlsx,10.1016/j.jct.2017.07.021,unverified,0.5,full_state,0.0,isothermal,,,94.191986347264,84.25895690917969,0.0,True,False,48,CCO,mol_f29e20f49d416e54,0.0043,0.0632,0.01705832965672016,1.989607572555542,168.00286865234375,O,mol_e81dc06beaa39499,0.9957,0.9368,0.9829416871070862,1.0000234842300415,83.17736053466797,,,,,,,
state_5c16a09b7741070074e8dbb0,2c_b399893600891028146a,2,binary_vle_english.xlsx,10.1016/j.fluid.2013.07.044,unverified,0.5,isothermal,0.9166666666666666,isothermal,,,225.20001136115198,241.53070068359375,0.0,True,False,48,CC(C)=O,mol_e04cf77cea7bbe66,0.415,0.697,0.796829879283905,1.6885912418365479,274.6409606933594,CCC(C)O,mol_06affb0d2c6c8ff2,0.585,0.30300000000000005,0.20317012071609497,1.1992167234420776,69.94853973388672,,,,,,,
state_5deec816787bf9e64f0d1ce9,2c_ab90a05e58432c71abba,2,binary_vle_english.xlsx,10.1016/j.fluid.2011.05.011,unverified,0.5,isothermal,0.9411764705882353,isothermal,,,61.250029049984,48.31645202636719,-7.62939453125e-06,True,False,48,CC(=O)CC(C)C,mol_0a895444a9f0f36b,0.8438,0.6567000000000001,0.5713791847229004,1.0140637159347534,32.26373291015625,CC(C)CC(C)(C)C,mol_57615b5c3546c298,0.1562,0.3433,0.428620845079422,1.855633020401001,71.4488296508789,,,,,,,
state_5e89b4a2627850d51aa5e09d,2c_c879fc0732268fc652fa,2,binary_vle_english.xlsx,10.1016/j.fluid.2011.06.001,passed,1.0,isothermal,0.9166666666666666,isothermal,,,28.65497655424,32.37664794921875,-3.814697265625e-06,True,False,48,CC(C)OC(C)C,mol_1a0ca8e5eeb68da8,0.7987,0.8407,0.8933938145637512,0.9689799547195435,37.374576568603516,CCCCCl,mol_f7989a5c13417f20,0.2013,0.1593,0.10660626739263535,0.6373217105865479,26.903703689575195,,,,,,,
state_5e8d5cfe89535d8443705798,3c_a6f39dd395c2cfcf800d,3,ternary_vle_english.xlsx,10.1016/j.fluid.2009.01.016,unverified,0.5,isothermal,0.95,isothermal,,,41.3099357248,38.171966552734375,0.0,True,False,48,CC(=O)C(C)(C)C,mol_61a887e37d396488,0.6315,0.4329,0.42996498942375183,0.9696868062019348,26.802345275878906,CC(C)(C)CO,mol_dfb42f12fdc989ed,0.24870000000000003,0.10329999999999995,0.17246633768081665,0.8689475655555725,30.463481903076172,COC(C)(C)C,mol_b614d6fea320c179,0.1198,0.4638,0.39756861329078674,1.061730146408081,119.31242370605469
state_61095732cc3bc4690ad44a93,3c_a6f39dd395c2cfcf800d,3,ternary_vle_english.xlsx,10.1016/j.fluid.2009.01.016,unverified,0.5,isothermal,0.95,isothermal,,,31.669928584192,28.24636459350586,-1.9073486328125e-06,True,False,48,CC(=O)C(C)(C)C,mol_61a887e37d396488,0.6831,0.6149,0.6175816655158997,0.9527958035469055,26.802345275878906,CC(C)(C)CO,mol_dfb42f12fdc989ed,0.2718999999999999,0.1483,0.2171601802110672,0.7405493259429932,30.463481903076172,COC(C)(C)C,mol_b614d6fea320c179,0.045,0.2368,0.16525816917419434,0.869415283203125,119.31242370605469
state_6274796715dc4d5be8fe5c22,3c_485aadc678c8a7fb274c,3,ternary_vle_english.xlsx,10.1016/j.fluid.2011.05.011,unverified,0.5,isothermal,0.967741935483871,isothermal,,,66.64998492108799,57.14007568359375,-3.814697265625e-06,True,False,48,CC(=O)CC(C)C,mol_0a895444a9f0f36b,0.1673,0.14450000000000007,0.1146615669131279,1.2138025760650635,32.26373291015625,CC(C)CC(C)(C)C,mol_57615b5c3546c298,0.0591,0.2251,0.14328187704086304,1.9388731718063354,71.4488296508789,CC(C)CO,mol_015d21fca05fcd26,0.7736,0.6304,0.7420565485954285,1.0059787034988403,54.48444366455078
state_62eda47ffb7c7c4d11ade656,2c_8742372ba72e435a7962,2,binary_vle_english.xlsx,10.1016/j.fluid.2013.01.020,unverified,0.5,isothermal,0.9444444444444444,isothermal,,,58.130018994048,41.22386169433594,0.0,True,False,48,CC(=O)C(C)C,mol_b650f1cc3cac74aa,0.8504,0.4727,0.5311006307601929,1.0054935216903687,25.604894638061523,CC(C)C(C)C,mol_7347d05012022dd9,0.1496,0.5273,0.46889930963516235,1.4602820873260498,88.4830093383789,,,,,,,
state_6309dd79acf1bc611fa324da,3c_65250b1389afa8bc1bcc,3,ternary_vle_english.xlsx,10.1016/j.fluid.2013.01.020,unverified,0.5,isothermal,0.9642857142857143,isothermal,,,70.630057572992,64.93714904785156,-7.62939453125e-06,True,False,48,CC(=O)C(C)C,mol_b650f1cc3cac74aa,0.34429999999999994,0.19179999999999997,0.17291010916233063,1.2736600637435913,25.604894638061523,CC(C)C(C)C,mol_7347d05012022dd9,0.0604,0.1184,0.10795655101537704,1.3117326498031616,88.4830093383789,CC(C)OC(C)C,mol_1a0ca8e5eeb68da8,0.5953,0.6898,0.7191333174705505,1.1076292991638184,70.82266235351562
state_633ce3b5126ddbaebf3d46ed,2c_31dd895be9cb26117aa9,2,binary_vle_english.xlsx,10.1016/j.jct.2015.07.024,unverified,0.5,full_state,0.0,isothermal,,,461.70002666688,395.46246337890625,0.0,True,False,48,CCOC(=O)OCC,mol_4df2781fcf4d4a77,0.902,0.755,0.5520378947257996,1.0114437341690063,239.2907257080078,CCOC(C)=O,mol_18876b584acc43d4,0.098,0.245,0.4479621648788452,3.53425669670105,511.4726867675781,,,,,,,
state_6472ff5c740a1fb6d7fd2df9,2c_ea9da779580d9b792700,2,binary_vle_english.xlsx,10.1016/j.jct.2012.11.005,unverified,0.5,isothermal,0.9411764705882353,isothermal,,,75.890024957696,95.2320556640625,-7.62939453125e-06,True,False,48,CC(C)OC(C)C,mol_1a0ca8e5eeb68da8,0.045,0.229,0.047664470970630646,1.7289382219314575,58.342613220214844,CO,mol_a85d32e4db2ff39c,0.955,0.771,0.95233553647995,1.0012831687927246,94.84465026855469,,,,,,,
state_64e288911dec460be45fd0ed,2c_94ed5d0a73a3c26e5ef5,2,binary_vle_english.xlsx,10.1016/j.fluid.2019.03.019,unverified,0.5,isothermal,0.9411764705882353,isothermal,,,423.000009618048,293.14697265625,3.0517578125e-05,True,False,48,CCO,mol_f29e20f49d416e54,0.636,0.707,0.6593372821807861,1.194490671157837,254.42115783691406,O,mol_e81dc06beaa39499,0.364,0.29300000000000004,0.3406626880168915,2.1115036010742188,129.93222045898438,,,,,,,
state_659ca161a591ce28f3122d92,3c_485aadc678c8a7fb274c,3,ternary_vle_english.xlsx,10.1016/j.fluid.2011.05.011,unverified,0.5,isothermal,0.967741935483871,isothermal,,,76.82994765209601,65.61970520019531,-7.62939453125e-06,True,False,48,CC(=O)CC(C)C,mol_0a895444a9f0f36b,0.5385,0.34919999999999995,0.29470956325531006,1.1130844354629517,32.26373291015625,CC(C)CC(C)(C)C,mol_57615b5c3546c298,0.3084,0.4882,0.5371671319007874,1.5996837615966797,71.4488296508789,CC(C)CO,mol_015d21fca05fcd26,0.1531,0.1626,0.168123260140419,1.3225568532943726,54.48444366455078
state_65bda137bc7b10d72b1792a8,2c_94ed5d0a73a3c26e5ef5,2,binary_vle_english.xlsx,10.1016/j.fluid.2019.03.019,unverified,0.5,isothermal,0.9411764705882353,isothermal,,,415.000000926208,291.60552978515625,0.0,True,False,48,CCO,mol_f29e20f49d416e54,0.552,0.656,0.641677975654602,1.3323570489883423,254.42115783691406,O,mol_e81dc06beaa39499,0.44799999999999995,0.344,0.35832205414772034,1.7950412034988403,129.93222045898438,,,,,,,
state_67b1e7426f106e6b86f9c694,2c_8742372ba72e435a7962,2,binary_vle_english.xlsx,10.1016/j.fluid.2013.01.020,unverified,0.5,isothermal,0.9444444444444444,isothermal,,,33.930009366528,26.404170989990234,-1.9073486328125e-06,True,False,48,CC(=O)C(C)C,mol_b650f1cc3cac74aa,0.9889,0.9203,0.9589480757713318,0.9999821186065674,25.604894638061523,CC(C)C(C)C,mol_7347d05012022dd9,0.0111,0.0797,0.041051942855119705,1.1036295890808105,88.4830093383789,,,,,,,
state_67e540d48f774a29060343f6,2c_b399893600891028146a,2,binary_vle_english.xlsx,10.1016/j.fluid.2013.07.044,unverified,0.5,isothermal,0.9166666666666666,isothermal,,,320.999998788864,276.19158935546875,3.0517578125e-05,True,False,48,CC(C)=O,mol_e04cf77cea7bbe66,0.829,0.929,0.8744959831237793,1.0608365535736084,274.6409606933594,CCC(C)O,mol_06affb0d2c6c8ff2,0.17100000000000004,0.07099999999999995,0.12550407648086548,2.897967576980591,69.94853973388672,,,,,,,
state_6893e7bcba770e9ebfeec7b1,2c_500953d4ef1e1d57286b,2,binary_vle_english.xlsx,10.1016/j.fluid.2012.10.015,unverified,0.5,isothermal,0.9333333333333333,isothermal,,,23.409941274752,25.573951721191406,0.0,True,False,48,CCCCCl,mol_f7989a5c13417f20,0.4136,0.7803,0.8129030466079712,1.4185795783996582,35.43254470825195,CC[N+](=O)[O-],mol_6fdb0ec09de24512,0.5864,0.2197,0.1870969980955124,1.1224939823150635,7.269201755523682,,,,,,,
state_6abf288ff615d3599e16d828,2c_8742372ba72e435a7962,2,binary_vle_english.xlsx,10.1016/j.fluid.2013.01.020,unverified,0.5,isothermal,0.9444444444444444,isothermal,,,85.420041144704,71.61984252929688,-7.62939453125e-06,True,False,48,CC(=O)C(C)C,mol_b650f1cc3cac74aa,0.5587,0.24750000000000005,0.23331893980503082,1.1681042909622192,25.604894638061523,CC(C)C(C)C,mol_7347d05012022dd9,0.4413,0.7525,0.7666810750961304,1.406223177909851,88.4830093383789,,,,,,,
state_6ac16d9e91f0b3edb2658ac2,2c_c879fc0732268fc652fa,2,binary_vle_english.xlsx,10.1016/j.fluid.2011.06.001,passed,1.0,isothermal,0.9166666666666666,isothermal,,,26.159981759488,25.147045135498047,0.0,True,False,48,CC(C)OC(C)C,mol_1a0ca8e5eeb68da8,0.5016,0.5904,0.5844050645828247,0.7839116454124451,37.374576568603516,CCCCCl,mol_f7989a5c13417f20,0.4984,0.4096,0.4155949354171753,0.779412031173706,26.903703689575195,,,,,,,
state_6b29b3eef85392bc3f2fb445,2c_500953d4ef1e1d57286b,2,binary_vle_english.xlsx,10.1016/j.fluid.2012.10.015,unverified,0.5,isothermal,0.9333333333333333,isothermal,,,15.099958077312,10.83218002319336,-9.5367431640625e-07,True,False,48,CCCCCl,mol_f7989a5c13417f20,0.1346,0.5748,0.4201846718788147,0.9543520212173462,35.43254470825195,CC[N+](=O)[O-],mol_6fdb0ec09de24512,0.8654,0.4252,0.5798153281211853,0.9983938336372375,7.269201755523682,,,,,,,
state_6bccebc3b215b10cc0a029cd,2c_5018f9e15dae7c08710f,2,binary_vle_english.xlsx,10.1016/j.fluid.2011.06.001,passed,1.0,isothermal,0.9090909090909091,isothermal,,,30.670010824192,29.357261657714844,0.0,True,False,48,CC(C)CCl,mol_b6f57216bc07a08c,0.3631,0.3655,0.2378234714269638,0.7696672677993774,24.9827938079834,CC(C)OC(C)C,mol_1a0ca8e5eeb68da8,0.6369,0.6345000000000001,0.762176513671875,0.939990758895874,37.374576568603516,,,,,,,
state_6beba56f9c34f012ed3e920a,2c_94ed5d0a73a3c26e5ef5,2,binary_vle_english.xlsx,10.1016/j.fluid.2019.03.019,unverified,0.5,isothermal,0.9411764705882353,isothermal,,,358.000022323328,262.91815185546875,3.0517578125e-05,True,False,48,CCO,mol_f29e20f49d416e54,0.203,0.484,0.5703539252281189,2.9034597873687744,254.42115783691406,O,mol_e81dc06beaa39499,0.7969999999999999,0.516,0.4296461045742035,1.0908280611038208,129.93222045898438,,,,,,,
state_6dfd1f95c15e1d0425e7047a,2c_b399893600891028146a,2,binary_vle_english.xlsx,10.1016/j.fluid.2013.07.044,unverified,0.5,isothermal,0.9166666666666666,isothermal,,,102.900070135552,69.94854736328125,-7.62939453125e-06,True,False,48,CC(C)=O,mol_e04cf77cea7bbe66,0.0,0.0,0.0,1.0771156549453735,274.6409606933594,CCC(C)O,mol_06affb0d2c6c8ff2,1.0,1.0,1.0,1.0,69.94853973388672,,,,,,,
state_6e555e7c55922ddf69a52724,3c_485aadc678c8a7fb274c,3,ternary_vle_english.xlsx,10.1016/j.fluid.2011.05.011,unverified,0.5,isothermal,0.967741935483871,isothermal,,,82.60000641676801,71.93727111816406,-7.62939453125e-06,True,False,48,CC(=O)CC(C)C,mol_0a895444a9f0f36b,0.42210000000000003,0.2653000000000001,0.23166385293006897,1.2237204313278198,32.26373291015625,CC(C)CC(C)(C)C,mol_57615b5c3546c298,0.4017,0.5486,0.5834788680076599,1.4624536037445068,71.4488296508789,CC(C)CO,mol_015d21fca05fcd26,0.1762,0.1861,0.1848572939634323,1.385198712348938,54.48444366455078
state_70662a529505ddd54a791a93,2c_8742372ba72e435a7962,2,binary_vle_english.xlsx,10.1016/j.fluid.2013.01.020,unverified,0.5,isothermal,0.9444444444444444,isothermal,,,52.739928978175996,36.38276672363281,0.0,True,False,48,CC(=O)C(C)C,mol_b650f1cc3cac74aa,0.8886000000000001,0.5412,0.6264182329177856,1.0016841888427734,25.604894638061523,CC(C)C(C)C,mol_7347d05012022dd9,0.1114,0.4588,0.37358179688453674,1.3789113759994507,88.4830093383789,,,,,,,
state_70b2ac842490cdc0ef20f1e5,3c_485aadc678c8a7fb274c,3,ternary_vle_english.xlsx,10.1016/j.fluid.2011.05.011,unverified,0.5,isothermal,0.967741935483871,isothermal,,,62.370070263552,47.06452178955078,0.0,True,False,48,CC(=O)CC(C)C,mol_0a895444a9f0f36b,0.7742,0.5876,0.536889910697937,1.0116052627563477,32.26373291015625,CC(C)CC(C)(C)C,mol_57615b5c3546c298,0.1309,0.3,0.33860257267951965,1.7039198875427246,71.4488296508789,CC(C)CO,mol_015d21fca05fcd26,0.0949,0.1124,0.12450750172138214,1.1333144903182983,54.48444366455078
state_71ccb4e1b27ede5d70ffd93a,2c_c879fc0732268fc652fa,2,binary_vle_english.xlsx,10.1016/j.fluid.2011.06.001,passed,1.0,isothermal,0.9166666666666666,isothermal,,,21.545027991168,26.422218322753906,-1.9073486328125e-06,True,False,48,CC(C)OC(C)C,mol_1a0ca8e5eeb68da8,0.03969999999999996,0.06020000000000003,0.023676615208387375,0.42162084579467773,37.374576568603516,CCCCCl,mol_f7989a5c13417f20,0.9603,0.9398,0.9763233661651611,0.9984904527664185,26.903703689575195,,,,,,,
state_72319c92a0c24e288053b2f5,2c_e1c33e24ae7f6ab4d0bf,2,binary_vle_english.xlsx,10.1016/j.fluid.2010.01.024,unverified,0.5,isothermal,0.9333333333333333,isothermal,,,75.870026602496,76.68375396728516,0.0,True,False,48,CC[N+](=O)[O-],mol_6fdb0ec09de24512,0.29169999999999996,0.13660000000000005,0.14858539402484894,2.0091233253479004,19.44179916381836,ClCCCl,mol_e8df6c9e89c6b62a,0.7083,0.8634,0.8514145612716675,1.1667121648788452,79.0066146850586,,,,,,,
state_728047a762fa5fc38adf034b,3c_a6f39dd395c2cfcf800d,3,ternary_vle_english.xlsx,10.1016/j.fluid.2009.01.016,unverified,0.5,isothermal,0.95,isothermal,,,42.239992563968,46.988441467285156,0.0,True,False,48,CC(=O)C(C)(C)C,mol_61a887e37d396488,0.2968,0.2133,0.16199660301208496,0.9568861722946167,26.802345275878906,CC(C)(C)CO,mol_dfb42f12fdc989ed,0.5429999999999999,0.2008000000000001,0.3443171977996826,0.9780709743499756,30.463481903076172,COC(C)(C)C,mol_b614d6fea320c179,0.1602,0.5859,0.49368616938591003,1.2136510610580444,119.31242370605469
state_74b215e163249bcae8585362,3c_485aadc678c8a7fb274c,3,ternary_vle_english.xlsx,10.1016/j.fluid.2011.05.011,unverified,0.5,isothermal,0.967741935483871,isothermal,,,67.89001626585599,58.74120330810547,0.0,True,False,48,CC(=O)CC(C)C,mol_0a895444a9f0f36b,0.09640000000000004,0.08490000000000009,0.06715042889118195,1.268235683441162,32.26373291015625,CC(C)CC(C)(C)C,mol_57615b5c3546c298,0.0639,0.2493,0.15164463222026825,1.9510746002197266,71.4488296508789,CC(C)CO,mol_015d21fca05fcd26,0.8397,0.6658,0.7812049388885498,1.003023624420166,54.48444366455078
state_74bfa1b2969bdce48c5d1f3a,2c_8742372ba72e435a7962,2,binary_vle_english.xlsx,10.1016/j.fluid.2013.01.020,unverified,0.5,isothermal,0.9444444444444444,isothermal,,,78.830049816832,64.4454345703125,-7.62939453125e-06,True,False,48,CC(=O)C(C)C,mol_b650f1cc3cac74aa,0.6528,0.29300000000000004,0.28115639090538025,1.0840190649032593,25.604894638061523,CC(C)C(C)C,mol_7347d05012022dd9,0.3472,0.707,0.7188436388969421,1.507949948310852,88.4830093383789,,,,,,,
state_7580b6a4e79eb98be8fca4fa,2c_ab90a05e58432c71abba,2,binary_vle_english.xlsx,10.1016/j.fluid.2011.05.011,unverified,0.5,isothermal,0.9411764705882353,isothermal,,,66.939961071488,57.693931579589844,-3.814697265625e-06,True,False,48,CC(=O)CC(C)C,mol_0a895444a9f0f36b,0.7497,0.5515,0.4394979178905487,1.0482981204986572,32.26373291015625,CC(C)CC(C)(C)C,mol_57615b5c3546c298,0.2503,0.4485,0.5605020523071289,1.808220386505127,71.4488296508789,,,,,,,
state_759d04e1cd2f0cd2082fe292,2c_d498cbbd8f767d43f3e7,2,binary_vle_english.xlsx,10.1016/j.fluid.2011.06.001,unverified,0.5,isothermal,0.9230769230769231,isothermal,,,31.499942564992,35.213600158691406,-3.814697265625e-06,True,False,48,CC(C)OC(C)C,mol_1a0ca8e5eeb68da8,0.3539,0.35029999999999994,0.2545510530471802,0.6776859164237976,37.374576568603516,CCC(C)Cl,mol_9f4835d3aad75f1c,0.6461,0.6497,0.7454489469528198,0.8705325722694397,46.67061996459961,,,,,,,
state_75f4cac850b2c777ade81b28,3c_485aadc678c8a7fb274c,3,ternary_vle_english.xlsx,10.1016/j.fluid.2011.05.011,unverified,0.5,isothermal,0.967741935483871,isothermal,,,93.57003750054399,79.53726196289062,0.0,True,False,48,CC(=O)CC(C)C,mol_0a895444a9f0f36b,0.03739999999999999,0.031300000000000106,0.040678419172763824,2.681318998336792,32.26373291015625,CC(C)CC(C)(C)C,mol_57615b5c3546c298,0.8712,0.7757,0.8001456260681152,1.022413730621338,71.4488296508789,CC(C)CO,mol_015d21fca05fcd26,0.0914,0.193,0.15917591750621796,2.5423145294189453,54.48444366455078
state_7603e2e3c91a7a6088ccbf7e,2c_8742372ba72e435a7962,2,binary_vle_english.xlsx,10.1016/j.fluid.2013.01.020,unverified,0.5,isothermal,0.9444444444444444,isothermal,,,103.47002325875201,86.06401824951172,0.0,True,False,48,CC(=O)C(C)C,mol_b650f1cc3cac74aa,0.1744,0.10260000000000002,0.11354728788137436,2.188411235809326,25.604894638061523,CC(C)C(C)C,mol_7347d05012022dd9,0.8256,0.8974,0.8864526748657227,1.0443536043167114,88.4830093383789,,,,,,,
state_765ea0a21db6e8e69d79869d,2c_ea9da779580d9b792700,2,binary_vle_english.xlsx,10.1016/j.jct.2012.11.005,unverified,0.5,isothermal,0.9411764705882353,isothermal,,,90.959985502208,95.10671997070312,-7.62939453125e-06,True,False,48,CC(C)OC(C)C,mol_1a0ca8e5eeb68da8,0.159,0.409,0.14733028411865234,1.510498285293579,58.342613220214844,CO,mol_a85d32e4db2ff39c,0.841,0.591,0.8526697158813477,1.0166773796081543,94.84465026855469,,,,,,,
state_76eb2c86e42a0587b6dce30a,2c_ca2ff513d4ae36f2f8e1,2,binary_vle_english.xlsx,10.1016/j.jct.2012.12.019,unverified,0.5,isothermal,0.9285714285714286,isothermal,,,345.499983744384,245.41436767578125,1.52587890625e-05,True,False,48,CCCO,mol_5fb2f93dc8caa9dc,0.9025,0.8158,0.7273936867713928,1.0148488283157349,194.90411376953125,O,mol_e81dc06beaa39499,0.09750000000000003,0.18420000000000003,0.2726062834262848,4.426257133483887,155.0224609375,,,,,,,
state_77baf21bba897f8dd1bf1a84,2c_c879fc0732268fc652fa,2,binary_vle_english.xlsx,10.1016/j.fluid.2011.06.001,passed,1.0,isothermal,0.9166666666666666,isothermal,,,26.964982217472,27.039283752441406,-1.9073486328125e-06,True,False,48,CC(C)OC(C)C,mol_1a0ca8e5eeb68da8,0.5931,0.6706,0.7050175666809082,0.8599850535392761,37.374576568603516,CCCCCl,mol_f7989a5c13417f20,0.4069,0.3294,0.294982373714447,0.7286038994789124,26.903703689575195,,,,,,,
state_791c0a1360bd7e278dd0ca3a,3c_485aadc678c8a7fb274c,3,ternary_vle_english.xlsx,10.1016/j.fluid.2011.05.011,unverified,0.5,isothermal,0.967741935483871,isothermal,,,61.639996976384005,52.86773681640625,-3.814697265625e-06,True,False,48,CC(=O)CC(C)C,mol_0a895444a9f0f36b,0.26760000000000006,0.2399,0.18486405909061432,1.131989598274231,32.26373291015625,CC(C)CC(C)(C)C,mol_57615b5c3546c298,0.0347,0.1373,0.08965876698493958,1.911872148513794,71.4488296508789,CC(C)CO,mol_015d21fca05fcd26,0.6977,0.6228,0.7254771590232849,1.0089582204818726,54.48444366455078
state_795ad646788c928c10876980,2c_4cc4055379eb0154120e,2,binary_vle_english.xlsx,10.1016/j.fluid.2015.10.041,unverified,0.5,isothermal,0.8,isothermal,,,49.700045665408,46.1541748046875,-3.814697265625e-06,True,False,48,CCCC,mol_fadb5806094149e6,0.0,0.0,0.0,0.22446070611476898,977.9578857421875,CCSCC,mol_a7491cfbf016fee6,1.0,1.0,1.0,1.0,46.154170989990234,,,,,,,
state_796c1f94736c7d08ab072edb,2c_ca2ff513d4ae36f2f8e1,2,binary_vle_english.xlsx,10.1016/j.jct.2012.12.019,unverified,0.5,isothermal,0.9285714285714286,isothermal,,,414.09994161984,289.4530029296875,3.0517578125e-05,True,False,48,CCCO,mol_5fb2f93dc8caa9dc,0.2855,0.3876,0.5404747724533081,2.811424493789673,194.90411376953125,O,mol_e81dc06beaa39499,0.7145,0.6124,0.4595252275466919,1.200855016708374,155.0224609375,,,,,,,
state_797d05b90747a0add386a52e,2c_5018f9e15dae7c08710f,2,binary_vle_english.xlsx,10.1016/j.fluid.2011.06.001,passed,1.0,isothermal,0.9090909090909091,isothermal,,,30.580018225792,23.97878646850586,0.0,True,False,48,CC(C)CCl,mol_b6f57216bc07a08c,0.647,0.6424,0.5997524857521057,0.889721155166626,24.9827938079834,CC(C)OC(C)C,mol_1a0ca8e5eeb68da8,0.353,0.35760000000000003,0.4002474844455719,0.72745281457901,37.374576568603516,,,,,,,
state_7a0fb617054972fe8e9e6adc,2c_c879fc0732268fc652fa,2,binary_vle_english.xlsx,10.1016/j.fluid.2011.06.001,passed,1.0,isothermal,0.9166666666666666,isothermal,,,30.010065102591998,36.128700256347656,-3.814697265625e-06,True,False,48,CC(C)OC(C)C,mol_1a0ca8e5eeb68da8,0.9465,0.9595,0.9770833253860474,0.9978998899459839,37.374576568603516,CCCCCl,mol_f7989a5c13417f20,0.0535,0.0405,0.02291668951511383,0.5752257704734802,26.903703689575195,,,,,,,
state_7a5a36ef6c6312d630e45771,2c_d498cbbd8f767d43f3e7,2,binary_vle_english.xlsx,10.1016/j.fluid.2011.06.001,unverified,0.5,isothermal,0.9230769230769231,isothermal,,,30.584951153408,36.27166748046875,-3.814697265625e-06,True,False,48,CC(C)OC(C)C,mol_1a0ca8e5eeb68da8,0.9369,0.9291,0.9625440835952759,0.9970537424087524,37.374576568603516,CCC(C)Cl,mol_9f4835d3aad75f1c,0.0631,0.0709,0.037455979734659195,0.4613342583179474,46.67061996459961,,,,,,,
state_7b0db0dc4d646f3c6d845004,2c_8742372ba72e435a7962,2,binary_vle_english.xlsx,10.1016/j.fluid.2013.01.020,unverified,0.5,isothermal,0.9444444444444444,isothermal,,,107.99005150105599,88.48301696777344,-7.62939453125e-06,True,False,48,CC(=O)C(C)C,mol_b650f1cc3cac74aa,0.0,0.0,0.0,3.537838935852051,25.604894638061523,CC(C)C(C)C,mol_7347d05012022dd9,1.0,1.0,1.0,1.0,88.4830093383789,,,,,,,
state_7ccf8663bebe28cab5479565,2c_c879fc0732268fc652fa,2,binary_vle_english.xlsx,10.1016/j.fluid.2011.06.001,passed,1.0,isothermal,0.9166666666666666,isothermal,,,27.829977741056,29.585689544677734,-1.9073486328125e-06,True,False,48,CC(C)OC(C)C,mol_1a0ca8e5eeb68da8,0.6938,0.7601,0.810318112373352,0.9245419502258301,37.374576568603516,CCCCCl,mol_f7989a5c13417f20,0.3062,0.2399,0.18968193233013153,0.6812247037887573,26.903703689575195,,,,,,,
state_7dd04c6a0d69191f226228d8,3c_65250b1389afa8bc1bcc,3,ternary_vle_english.xlsx,10.1016/j.fluid.2013.01.020,unverified,0.5,isothermal,0.9642857142857143,isothermal,,,99.880051855616,84.14009094238281,7.62939453125e-06,True,False,48,CC(=O)C(C)C,mol_b650f1cc3cac74aa,0.2248,0.11880000000000002,0.12019556760787964,1.757001519203186,25.604894638061523,CC(C)C(C)C,mol_7347d05012022dd9,0.7207,0.8389,0.8162273168563843,1.0769603252410889,88.4830093383789,CC(C)OC(C)C,mol_1a0ca8e5eeb68da8,0.0545,0.0423,0.06357715278863907,1.3859111070632935,70.82266235351562
state_80dc44d9484b0ae1bb77e300,3c_485aadc678c8a7fb274c,3,ternary_vle_english.xlsx,10.1016/j.fluid.2011.05.011,unverified,0.5,isothermal,0.967741935483871,isothermal,,,95.620002230912,82.76097106933594,-7.62939453125e-06,True,False,48,CC(=O)CC(C)C,mol_0a895444a9f0f36b,0.11099999999999999,0.0697000000000001,0.08087402582168579,1.8689470291137695,32.26373291015625,CC(C)CC(C)(C)C,mol_57615b5c3546c298,0.6403,0.6564,0.6497520804405212,1.1754242181777954,71.4488296508789,CC(C)CO,mol_015d21fca05fcd26,0.2487,0.2739,0.26937389373779297,1.6452531814575195,54.48444366455078
state_80dfbc68bcbb99dd01273f6d,2c_a948b12e7b27db3902e0,2,binary_vle_english.xlsx,10.1016/j.jct.2009.04.006,unverified,0.5,isothermal,0.9285714285714286,isothermal,,,4.2200529143039995,2.698878765106201,-2.384185791015625e-07,True,False,48,CCCCCl,mol_f7989a5c13417f20,0.069,0.569,0.13521715998649597,0.14926697313785553,35.43254470825195,O=C1CCCCC1,mol_09f0d60d139abab5,0.931,0.43100000000000005,0.8647828698158264,0.9930675625801086,2.5244219303131104,,,,,,,
state_589df43d359bbce752162e08,3c_2d8df0569d9d03284715,3,ternary_vle_english.xlsx,10.1016/j.fluid.2007.06.005,unverified,0.5,isobaric,0.9807692307692307,isobaric,349.69,355.0439758300781,,,0.000732421875,True,False,48,CC(C)CC(C)(C)C,mol_57615b5c3546c298,0.677,0.397,0.4570026993751526,1.1683895587921143,58.52679443359375,CCC(C)=O,mol_4cfc5db0ca2ab00b,0.244,0.36,0.2991536557674408,2.0329370498657227,61.093196868896484,CCO,mol_f29e20f49d416e54,0.079,0.243,0.24384360015392303,2.4931230545043945,125.41596984863281
state_58fe60fb0eb80c1a5c0999a5,2c_ce7e822d00d743846419,2,binary_vle_english.xlsx,10.1016/j.fluid.2005.07.010,unverified,0.5,isobaric,0.9629629629629629,isobaric,385.03,396.43353271484375,,,3.0517578125e-05,True,False,48,CC(=O)O,mol_9ac385b135af0125,0.9224,0.7557,0.7375403046607971,0.9994245171546936,81.0649642944336,CCOC(C)=O,mol_18876b584acc43d4,0.0776,0.2443,0.26245972514152527,1.5610175132751465,219.53810119628906,,,,,,,
state_5901a8b9d251174b960ba712,2c_70d91a5b69e7fd494bfd,2,binary_vle_english.xlsx,10.1016/j.jct.2004.09.009,unverified,0.5,isobaric,0.9696969696969697,isobaric,358.28,345.20587158203125,,,0.00055694580078125,True,False,48,CC(C)O,mol_db030b5de88f8eaf,0.1226,0.2611,0.14134058356285095,1.2965469360351562,90.07406616210938,COC(=O)OC,mol_0ec85594f0f896ea,0.8774,0.7389,0.8586593866348267,1.0061599016189575,98.52986145019531,,,,,,,
state_59b2cdc9210a6a2cf6b8b437,2c_d66c7a74cea5d8732e08,2,binary_vle_english.xlsx,10.1016/j.jct.2017.02.005,unverified,0.5,isobaric,0.96875,isobaric,371.44,378.6648864746094,,,-7.62939453125e-06,True,False,48,CC(C)O,mol_db030b5de88f8eaf,0.002,0.05,0.011051642708480358,3.1187922954559326,177.17828369140625,O,mol_e81dc06beaa39499,0.998,0.95,0.9889483451843262,1.0000067949295044,99.0923843383789,,,,,,,
state_59d05d5c262291b8228750ab,2c_6f361cb0ec8be0b0e6dd,2,binary_vle_english.xlsx,10.1016/j.fluid.2006.08.004,unverified,0.5,isobaric,0.95,isobaric,348.28999999999996,343.4675598144531,,,0.0017547607421875,True,False,48,CC(C)OC(C)C,mol_1a0ca8e5eeb68da8,0.044,0.154,0.07386430352926254,1.8951436281204224,89.73389434814453,CCO,mol_f29e20f49d416e54,0.956,0.846,0.9261356592178345,1.0007052421569824,98.06798553466797,,,,,,,
state_5a3c8aa65948fcb67f2b02a9,2c_5904aa1d0c1e598f9ed3,2,binary_vle_english.xlsx,10.1016/j.fluid.2010.08.010,unverified,0.5,isobaric,0.9375,isobaric,428.45,478.5065002441406,,,-3.814697265625e-05,True,False,48,CC#N,mol_7028b7cbd3d829b4,0.0,0.0,0.0,0.7316953539848328,896.69873046875,CCCCCCO,mol_eb71ecc709e3f0dc,1.0,1.0,1.0,1.0,95.59996795654297,,,,,,,
state_5a71dd2774e9ba9911778b20,2c_f4a55bc5fa0e7d69faf8,2,binary_vle_english.xlsx,10.1016/j.fluid.2012.12.021,unverified,0.5,isobaric,0.9523809523809523,isobaric,367.09999999999997,377.7244873046875,,,0.0016326904296875,True,False,48,C1CCOCC1,mol_626f3d1f5bbb6f55,0.17800000000000005,0.258,0.3167967200279236,1.5689480304718018,106.63198852539062,CCC(C)O,mol_06affb0d2c6c8ff2,0.822,0.742,0.6832032799720764,1.0160456895828247,76.8953857421875,,,,,,,
state_5a907c100b29280bec92c19f,2c_375f45238dade7281e25,2,binary_vle_english.xlsx,10.1016/j.jct.2019.03.036,unverified,0.5,isobaric,0.9473684210526315,isobaric,463.27,441.8935241699219,,,7.62939453125e-06,True,False,48,CCOC(C)=O,mol_18876b584acc43d4,0.0,0.0,0.0,1.4425253868103027,439.7328186035156,CS(C)=O,mol_7d3e12eaed0f467c,1.0,1.0,1.0,1.0,101.29994201660156,,,,,,,
state_5ac8ba1fd981b3c5a11428b6,2c_94ed5d0a73a3c26e5ef5,2,binary_vle_english.xlsx,10.1016/j.jct.2017.07.021,unverified,0.5,full_state,0.0,isobaric,369.85999999999996,375.3146057128906,,,0.0007476806640625,True,False,48,CCO,mol_f29e20f49d416e54,0.0043,0.0632,0.019039712846279144,2.2422006130218506,186.0093994140625,O,mol_e81dc06beaa39499,0.9957,0.9368,0.9809602499008179,1.0000253915786743,92.79600524902344,,,,,,,
state_5ae9150878507d08e7a48477,3c_2d8df0569d9d03284715,3,ternary_vle_english.xlsx,10.1016/j.fluid.2007.06.005,unverified,0.5,isobaric,0.9807692307692307,isobaric,350.4,368.1345520019531,,,8.392333984375e-05,True,False,48,CC(C)CC(C)(C)C,mol_57615b5c3546c298,0.05499999999999994,0.07499999999999996,0.13854464888572693,3.2830545902252197,77.72460174560547,CCC(C)=O,mol_4cfc5db0ca2ab00b,0.903,0.855,0.7277451157569885,1.0059453248977661,81.15713500976562,CCO,mol_f29e20f49d416e54,0.042,0.07,0.13371022045612335,1.983664631843567,162.57606506347656
state_5b13371bdd0e285ff373a9da,3c_c1f86c0bca7d787912fb,3,ternary_vle_english.xlsx,10.1016/j.jct.2011.10.025,unverified,0.5,isobaric,0.9807692307692307,isobaric,361.75,364.4548034667969,,,1.52587890625e-05,True,False,48,C1CCOCC1,mol_626f3d1f5bbb6f55,0.53,0.535,0.4881289005279541,1.1468254327774048,81.3524398803711,CC(C)CC(C)(C)C,mol_57615b5c3546c298,0.42199999999999993,0.32699999999999996,0.41013285517692566,1.3689922094345093,71.91514587402344,CC(C)O,mol_db030b5de88f8eaf,0.048,0.138,0.10173824429512024,1.5908643007278442,134.96435546875
state_5b3e42436df492c197a3465a,2c_7c57a80413db66443080,2,binary_vle_english.xlsx,10.1016/j.jct.2010.05.014,unverified,0.5,isobaric,0.8928571428571429,isobaric,413.25,426.03314208984375,,,6.103515625e-05,True,False,48,CCC(=O)O,mol_86c4db256d6270c6,0.5509999999999999,0.5498000000000001,0.5297508835792542,1.3630316257476807,64.39987182617188,CCCCCO,mol_243de2450bee5519,0.449,0.4502,0.47024911642074585,1.5628886222839355,61.18211364746094,,,,,,,
state_5b4b05ab56283e2bc77b65c3,2c_4edb251d66039b2a207c,2,binary_vle_english.xlsx,10.1016/j.jct.2006.12.003,unverified,0.5,isobaric,0.9444444444444444,isobaric,379.34999999999997,383.08935546875,,,-7.62939453125e-06,True,False,48,CC(=O)O,mol_9ac385b135af0125,0.89,0.6579999999999999,0.5538564324378967,1.0133274793624878,62.210906982421875,ClCCCl,mol_e8df6c9e89c6b62a,0.11,0.342,0.44614356756210327,2.8516786098480225,144.07562255859375,,,,,,,
state_5b8995c9a98fe5701dd4e69d,3c_2254869a6d8c8579192d,3,ternary_vle_english.xlsx,10.1016/j.fluid.2015.01.005,unverified,0.5,isobaric,0.9545454545454546,isobaric,375.59999999999997,369.9022521972656,,,6.103515625e-05,True,False,48,CN1CCCC1=O,mol_f50e4145cb9a22d5,0.403,0.008000000000000007,0.03239430487155914,1.1766525506973267,6.920298099517822,c1ccccc1,mol_7165dcf6be1f831d,0.0294,0.0714,0.06279938668012619,1.47754967212677,146.44528198242188,c1ccsc1,mol_7953343be0b435d5,0.5676,0.9206,0.9048063158988953,1.1862629652023315,136.12619018554688
state_5c42c832eb67ea6e98c6b978,3c_f0c258463b44c2183ab7,3,ternary_vle_english.xlsx,10.1016/j.fluid.2005.03.014,unverified,0.5,isobaric,0.9767441860465116,isobaric,405.59,398.6654968261719,,,2.288818359375e-05,True,False,48,CC(=O)OCC(C)C,mol_e7eb29ad965cc8ee,0.159,0.428,0.3419381082057953,2.087541103363037,104.35774230957031,CC(C)CO,mol_015d21fca05fcd26,0.1,0.19,0.18589776754379272,1.7225936651229858,109.32024383544922,CN(C)C=O,mol_ca12d6d2f2ffb170,0.741,0.382,0.4721641540527344,1.0301469564437866,62.65920639038086
state_5d63ab2f4614a103c436e396,3c_954c33e76e33ef115670,3,ternary_vle_english.xlsx,10.1016/j.fluid.2006.07.003,unverified,0.5,isobaric,0.9761904761904762,isobaric,385.99,392.7698669433594,,,-1.52587890625e-05,True,False,48,CCCCCO,mol_243de2450bee5519,0.623,0.22299999999999998,0.1961924135684967,1.005355715751648,31.730979919433594,CCCO,mol_5fb2f93dc8caa9dc,0.343,0.636,0.7071136236190796,1.2817168235778809,162.93414306640625,CCCOCCC,mol_e13b90e4aa2e917d,0.034,0.141,0.09669395536184311,2.1490190029144287,134.05691528320312
state_5d73f67548942ebd98f8bdd8,3c_2cb16216a8c609b7ad27,3,ternary_vle_english.xlsx,10.1016/j.fluid.2005.09.015,unverified,0.5,isobaric,0.9767441860465116,isobaric,412.86,443.62518310546875,,,0.000701904296875,True,False,48,CC(=O)OCC(C)C,mol_e7eb29ad965cc8ee,0.048,0.09,0.19948363304138184,1.9186815023422241,219.41952514648438,CC(C)CO,mol_015d21fca05fcd26,0.043,0.136,0.1826772540807724,1.8696523904800415,230.17982482910156,CCCCOC(=O)CC,mol_a9c167bbb331e76a,0.909,0.774,0.6178391575813293,1.0007771253585815,68.7996597290039
state_5e15b2f10cdf204f0f0321b1,3c_f1332761d3af136f02b5,3,ternary_vle_english.xlsx,10.1016/j.fluid.2014.04.025,unverified,0.5,isobaric,0.9473684210526315,isobaric,421.75,409.6873474121094,,,0.00131988525390625,True,False,48,COCCO,mol_d291b272a64498d9,0.3683,0.6022,0.5324386954307556,1.3244761228561401,110.5703353881836,CS(C)=O,mol_7d3e12eaed0f467c,0.5886,0.15800000000000003,0.35398581624031067,1.0632086992263794,57.30096435546875,Cc1ccccc1,mol_1c09299644053521,0.0431,0.2398,0.11357540637254715,1.9832382202148438,134.6005859375
state_5e66a80374355e037c3f806e,3c_2d8df0569d9d03284715,3,ternary_vle_english.xlsx,10.1016/j.fluid.2007.06.005,unverified,0.5,isobaric,0.9807692307692307,isobaric,355.38,364.6282653808594,,,3.814697265625e-05,True,False,48,CC(C)CC(C)(C)C,mol_57615b5c3546c298,0.887,0.518,0.6446693539619446,1.0199915170669556,72.1815414428711,CCC(C)=O,mol_4cfc5db0ca2ab00b,0.089,0.226,0.22076907753944397,3.334242582321167,75.3633804321289,CCO,mol_f29e20f49d416e54,0.024,0.256,0.13456161320209503,3.738149881362915,151.93666076660156
state_5ed8490ee0321f481ec188ee,2c_f4090d8339a2ac959e8c,2,binary_vle_english.xlsx,10.1016/j.fluid.2017.09.010,unverified,0.5,isobaric,0.9411764705882353,isobaric,374.2,395.53192138671875,,,2.288818359375e-05,True,False,48,CC(C)O,mol_db030b5de88f8eaf,0.0,0.0,0.0,1.2853065729141235,238.6041259765625,CCCOC(C)=O,mol_67043ae833ecd0c7,1.0,1.0,1.0,1.0,100.99998474121094,,,,,,,
state_5f69a3c05a38ac6803a1e85e,2c_a4ea92aaad2e5eb91802,2,binary_vle_english.xlsx,10.1016/j.fluid.2015.08.014,unverified,0.5,isobaric,0.9444444444444444,isobaric,437.11,433.356689453125,,,2.288818359375e-05,True,False,48,COC(C)=O,mol_b9c4464ceb7b1e3f,0.021,0.526,0.15151479840278625,1.1155192852020264,655.1909790039062,CS(C)=O,mol_7d3e12eaed0f467c,0.979,0.474,0.8484852313995361,0.9997000694274902,87.8215560913086,,,,,,,
state_5f8847e90baf974603caeee1,2c_e584d9baea666806df78,2,binary_vle_english.xlsx,10.1016/j.jct.2010.02.001,unverified,0.5,isobaric,0.9444444444444444,isobaric,386.15,398.0924987792969,,,5.340576171875e-05,True,False,48,CCCCO,mol_ad4ef9c6c876ca2f,0.9315,0.8587,0.8873770236968994,0.9980486035346985,87.14539337158203,CCCO,mol_5fb2f93dc8caa9dc,0.0685,0.1413,0.11262298375368118,0.8398059606552124,178.74270629882812,,,,,,,
state_5fd19937dc0d2d01c0911cf5,2c_3ee312d94970782dd931,2,binary_vle_english.xlsx,10.1016/j.jct.2019.02.006,unverified,0.5,isobaric,0.9230769230769231,isobaric,369.87,378.63275146484375,,,2.288818359375e-05,True,False,48,C1CCCCC1,mol_893981623557f359,0.0801,0.1237,0.16071094572544098,1.0681647062301636,190.27598571777344,CCCCCCC,mol_fddb2c852c313396,0.9198999999999999,0.8763,0.8392890095710754,0.9998401403427124,92.43780517578125,,,,,,,
state_608500863944deb97cc05e6b,2c_4e1effd6e44016fa9e71,2,binary_vle_english.xlsx,10.1016/j.fluid.2019.03.022,passed,1.0,isobaric,0.95,isobaric,337.84999999999997,328.01507568359375,,,0.000152587890625,True,False,48,CO,mol_a85d32e4db2ff39c,1.0,1.0,1.0,1.0,101.30008697509766,c1ccccc1,mol_7165dcf6be1f831d,0.0,0.0,0.0,2.1309900283813477,58.63266372680664,,,,,,,
state_60c92c0f532ecb55ac5044e0,2c_045f196d049de4abb690,2,binary_vle_english.xlsx,10.1016/j.jct.2004.09.009,unverified,0.5,isobaric,0.9696969696969697,isobaric,368.15,376.35479736328125,,,0.00080108642578125,True,False,48,CCC(C)O,mol_06affb0d2c6c8ff2,0.8644000000000001,0.7323,0.6397260427474976,1.0027661323547363,74.76394653320312,COC(=O)OC,mol_0ec85594f0f896ea,0.1356,0.2677,0.36027395725250244,1.4598926305770874,184.35922241210938,,,,,,,
state_61537952ad802f3d5900ac1c,2c_0cbe98474ca1c811520c,2,binary_vle_english.xlsx,10.1016/j.fluid.2006.08.004,unverified,0.5,isobaric,0.9473684210526315,isobaric,363.99,364.0750732421875,,,7.62939453125e-06,True,False,48,CC(C)CC(C)(C)C,mol_57615b5c3546c298,0.821,0.657,0.5912553071975708,1.0226835012435913,71.33454132080078,CC(C)OC(C)C,mol_1a0ca8e5eeb68da8,0.179,0.343,0.4087446928024292,1.6726152896881104,138.2968292236328,,,,,,,
state_62ee15e37a5b455859f03217,2c_165952a69a69e7a8d3f6,2,binary_vle_english.xlsx,10.1016/j.fluid.2007.06.005,unverified,0.5,isobaric,0.9545454545454546,isobaric,353.91999999999996,364.190673828125,,,0.0,True,False,48,CC(C)CC(C)(C)C,mol_57615b5c3546c298,0.942,0.5700000000000001,0.6685172915458679,1.005306601524353,71.51092529296875,CCO,mol_f29e20f49d416e54,0.058,0.43,0.3314827084541321,3.8431525230407715,150.64491271972656,,,,,,,
state_633ce3b5126ddbaebf3d46ed,2c_31dd895be9cb26117aa9,2,binary_vle_english.xlsx,10.1016/j.jct.2015.07.024,unverified,0.5,full_state,0.0,isobaric,453.2,462.0638732910156,,,0.0001220703125,True,False,48,CCOC(=O)OCC,mol_4df2781fcf4d4a77,0.902,0.755,0.5362498760223389,1.0123767852783203,271.1305847167969,CCOC(C)=O,mol_18876b584acc43d4,0.098,0.245,0.46375012397766113,3.8140621185302734,572.8358764648438,,,,,,,
state_63977f79c27da63c9ba56e45,2c_03ee8ab4245c0677d4ed,2,binary_vle_english.xlsx,10.1016/j.fluid.2018.05.024,unverified,0.5,isobaric,0.95,isobaric,360.25,344.9703369140625,,,0.0006256103515625,True,False,48,CCO,mol_f29e20f49d416e54,0.056,0.164,0.08454488217830658,1.5090776681900024,101.34434509277344,COC(=O)OC,mol_0ec85594f0f896ea,0.944,0.836,0.9154551029205322,1.0021982192993164,98.02193450927734,,,,,,,
state_66439d72f7b28434e7d0d3a9,2c_784276d4500715f79c89,2,binary_vle_english.xlsx,10.1016/j.fluid.2013.05.019,passed,1.0,isobaric,0.7142857142857143,isobaric,371.34,383.2997741699219,,,0.0,True,False,48,CCCCCCC,mol_fddb2c852c313396,0.999972,0.99994,0.9999336004257202,1.0,101.326171875,c1ccsc1,mol_7953343be0b435d5,2.8e-05,6e-05,6.642101652687415e-05,1.3711750507354736,175.30441284179688,,,,,,,
state_66615c135b29eda6bb16271d,2c_079ccab2da1cc47051a9,2,binary_vle_english.xlsx,10.1016/j.fluid.2006.02.009,unverified,0.5,isobaric,0.9545454545454546,isobaric,368.94,368.6839599609375,,,5.340576171875e-05,True,False,48,CCCCCl,mol_f7989a5c13417f20,0.3495,0.5962,0.5797063708305359,1.4820289611816406,113.37403106689453,Cc1ccccc1,mol_1c09299644053521,0.6505000000000001,0.40380000000000005,0.4202935993671417,1.0748263597488403,60.894290924072266,,,,,,,
state_67c510b17955c1ccdbca98bf,2c_e584d9baea666806df78,2,binary_vle_english.xlsx,10.1016/j.jct.2010.02.001,unverified,0.5,isobaric,0.9444444444444444,isobaric,388.04999999999995,400.58355712890625,,,0.00016021728515625,True,False,48,CCCCO,mol_ad4ef9c6c876ca2f,1.0,1.0,1.0,1.0,91.30011749267578,CCCO,mol_5fb2f93dc8caa9dc,0.0,0.0,0.0,0.7886152267456055,186.50177001953125,,,,,,,
state_681a667fa20af9542963b3d6,2c_f29ffd05dc86affc2a49,2,binary_vle_english.xlsx,10.1016/j.jct.2019.01.027,unverified,0.5,isobaric,0.9375,isobaric,387.25,393.740478515625,,,1.52587890625e-05,True,False,48,CC(=O)OCC(C)C,mol_e7eb29ad965cc8ee,0.9847,0.9191,0.9256904125213623,1.0001859664916992,95.2116928100586,CCO,mol_f29e20f49d416e54,0.0153,0.0809,0.0743095800280571,1.914771318435669,256.9482727050781,,,,,,,
state_696a65acd364b3328b28d3fe,2c_0a42aa3dc6cf5132e23e,2,binary_vle_english.xlsx,10.1016/j.fluid.2011.10.009,passed,1.0,isobaric,0.9285714285714286,isobaric,423.4,411.718505859375,,,-7.62939453125e-06,True,False,48,CCCCCCCCC,mol_dd70207e50d8bf63,0.971,0.957,0.9807253479957581,0.9997667074203491,102.33839416503906,Cc1ccc(C)cc1,mol_e7658ba520613aac,0.029000000000000026,0.04300000000000004,0.019274694845080376,0.9362452626228333,71.91326904296875,,,,,,,
state_69f00bca479278f63af87524,2c_42d2383a8e4daebeb5e1,2,binary_vle_english.xlsx,10.1016/j.fluid.2010.08.002,unverified,0.5,isobaric,0.9230769230769231,isobaric,422.75,431.48358154296875,,,0.000152587890625,True,False,48,CCCCCCC,mol_fddb2c852c313396,0.0,0.0,0.0,2.409782886505127,232.78366088867188,CCCOCCO,mol_770d75a3bb2412ce,1.0,1.0,1.0,1.0,100.00019836425781,,,,,,,
state_6ab938bede233f2049d3ff2c,3c_bd75ed1e70032dcf0b2e,3,ternary_vle_english.xlsx,10.1016/j.fluid.2014.09.021,unverified,0.5,isobaric,0.9444444444444444,isobaric,402.73,399.4657287597656,,,9.1552734375e-05,True,False,48,CCC(C)O,mol_06affb0d2c6c8ff2,0.288,0.632,0.5239427089691162,1.5741050243377686,117.07582092285156,CCC(C)OC(C)=O,mol_879306ab1082c162,0.003,0.009,0.005320953670889139,1.6332004070281982,110.01155090332031,CN(C)C=O,mol_ca12d6d2f2ffb170,0.7090000000000001,0.359,0.4707362949848175,1.0567362308502197,63.646484375
state_6ce3400b0be2f2a65d60ac64,2c_f6e4afdc0101fe369605,2,binary_vle_english.xlsx,10.1016/j.jct.2004.09.009,unverified,0.5,isobaric,0.9629629629629629,isobaric,392.91999999999996,392.6932678222656,,,4.57763671875e-05,True,False,48,CC1CCCCC1,mol_bdf6ddfdabc4e204,0.0696,0.2058,0.19028747081756592,2.769804000854492,99.99108123779297,CCOC(=O)OCC,mol_4df2781fcf4d4a77,0.9304,0.7942,0.8097125291824341,1.0048599243164062,87.73340606689453,,,,,,,
state_6d825c10efda2935bea46f39,2c_e923997b8f9df5a64a73,2,binary_vle_english.xlsx,10.1016/j.fluid.2018.03.011,unverified,0.5,isobaric,0.9090909090909091,isobaric,346.75,343.8171081542969,,,0.00135040283203125,True,False,48,CC(C)O,mol_db030b5de88f8eaf,0.8240000000000001,0.596,0.7065128684043884,0.9945787191390991,87.33104705810547,ClC(Cl)Cl,mol_d9e0a2387a6283f9,0.176,0.404,0.2934871315956116,1.272192358970642,132.78179931640625,,,,,,,
state_6e222ae754bc915d40e67397,2c_70d91a5b69e7fd494bfd,2,binary_vle_english.xlsx,10.1016/j.jct.2004.09.009,unverified,0.5,isobaric,0.9696969696969697,isobaric,359.69,345.5787658691406,,,0.00035858154296875,True,False,48,CC(C)O,mol_db030b5de88f8eaf,0.078,0.195,0.09359537065029144,1.338390588760376,90.82127380371094,COC(=O)OC,mol_0ec85594f0f896ea,0.922,0.8049999999999999,0.9064046144485474,1.0025051832199097,99.33796691894531,,,,,,,
state_6eb429bc234ac619bf1510da,2c_7b12ee2d0e35e39326bc,2,binary_vle_english.xlsx,10.1016/j.fluid.2011.08.007,unverified,0.5,isobaric,0.9642857142857143,isobaric,394.55999999999995,394.2360534667969,,,4.57763671875e-05,True,False,48,CCOCCO,mol_ab8630148ae67e51,1.0,1.0,1.0,1.0,66.66002655029297,CO,mol_a85d32e4db2ff39c,0.0,0.0,0.0,0.4282165467739105,355.4221496582031,,,,,,,
state_6f1da8f7205b8c66775cfb8d,3c_2d8df0569d9d03284715,3,ternary_vle_english.xlsx,10.1016/j.fluid.2007.06.005,unverified,0.5,isobaric,0.9807692307692307,isobaric,352.84999999999997,360.1270446777344,,,0.0,True,False,48,CC(C)CC(C)(C)C,mol_57615b5c3546c298,0.774,0.45100000000000007,0.5420804619789124,1.083112120628357,65.50260162353516,CCC(C)=O,mol_4cfc5db0ca2ab00b,0.193,0.363,0.32119110226631165,2.465285301208496,68.38300323486328,CCO,mol_f29e20f49d416e54,0.033,0.186,0.1367284655570984,3.0190160274505615,139.02366638183594
state_6fee05c79f9267e4e63eb7fe,2c_ba6de3f53ea6de13738b,2,binary_vle_english.xlsx,10.1016/j.fluid.2006.02.009,unverified,0.5,isobaric,0.9545454545454546,isobaric,375.65,383.3105163574219,,,-3.0517578125e-05,True,False,48,CCC(C)Cl,mol_9f4835d3aad75f1c,0.1232,0.3239,0.28815779089927673,0.9875998497009277,239.9096221923828,Cc1ccccc1,mol_1c09299644053521,0.8768,0.6760999999999999,0.7118422389030457,0.9981184005737305,82.39676666259766,,,,,,,
state_7082ae2d317239af413dabfb,3c_c1f86c0bca7d787912fb,3,ternary_vle_english.xlsx,10.1016/j.jct.2011.10.025,unverified,0.5,isobaric,0.9807692307692307,isobaric,360.28999999999996,367.0781555175781,,,-7.62939453125e-06,True,False,48,C1CCOCC1,mol_626f3d1f5bbb6f55,0.784,0.778,0.6784887909889221,1.0199031829833984,85.95612335205078,CC(C)CC(C)(C)C,mol_57615b5c3546c298,0.17199999999999993,0.128,0.22852754592895508,1.7704230546951294,76.02250671386719,CC(C)O,mol_db030b5de88f8eaf,0.044,0.094,0.092983677983284,1.506037950515747,142.14358520507812
state_71358df4f0a32288ff11e6cf,2c_5e274a8981b66e0477e8,2,binary_vle_english.xlsx,10.1016/j.fluid.2005.02.014,passed,1.0,isobaric,0.9166666666666666,isobaric,360.57,372.0812683105469,,,0.0003204345703125,True,False,48,C1CCOCC1,mol_626f3d1f5bbb6f55,0.9635,0.9381,0.9062132239341736,1.000124216079712,95.26541137695312,CCC(C)Cl,mol_9f4835d3aad75f1c,0.03649999999999998,0.061899999999999955,0.09378679096698761,1.3285754919052124,195.9174346923828,,,,,,,
state_71b319c5c6739aba4b012cb1,3c_5af2e9ac27e2698a2927,3,ternary_vle_english.xlsx,10.1016/j.fluid.2008.06.006,unverified,0.5,isobaric,0.9772727272727273,isobaric,335.5,339.86981201171875,,,-3.0517578125e-05,True,False,48,C1CCCCC1,mol_893981623557f359,0.20300000000000007,0.39,0.18625971674919128,0.997776985168457,86.44047546386719,CC(C)=O,mol_e04cf77cea7bbe66,0.091,0.307,0.1875816434621811,1.347822666168213,143.76194763183594,CC(C)OC(C)C,mol_1a0ca8e5eeb68da8,0.706,0.303,0.6261587142944336,1.007356882095337,82.76068878173828
state_7259a32ff469b6e7ef04f338,2c_34804c7fdf5c7dc9c9e5,2,binary_vle_english.xlsx,10.1016/j.fluid.2005.02.014,unverified,0.5,isobaric,0.9090909090909091,isobaric,357.60999999999996,368.6977233886719,,,3.814697265625e-05,True,False,48,C1CCOCC1,mol_626f3d1f5bbb6f55,0.8408,0.754,0.7463780045509338,1.0116016864776611,88.89266204833984,CC(C)CCl,mol_b6f57216bc07a08c,0.1592,0.246,0.25362199544906616,1.4990389347076416,107.65650177001953,,,,,,,
state_728f45c228031ecb7b0a8456,2c_079ccab2da1cc47051a9,2,binary_vle_english.xlsx,10.1016/j.fluid.2006.02.009,unverified,0.5,isobaric,0.9545454545454546,isobaric,373.13,372.705810546875,,,0.0002899169921875,True,False,48,CCCCCl,mol_f7989a5c13417f20,0.2528,0.4668,0.4950708746910095,1.616855502128601,122.69574737548828,Cc1ccccc1,mol_1c09299644053521,0.7472,0.5332,0.5049291253089905,1.0320179462432861,66.33102416992188,,,,,,,
state_7312f6a9494c7864600e80b3,2c_079ccab2da1cc47051a9,2,binary_vle_english.xlsx,10.1016/j.fluid.2006.02.009,unverified,0.5,isobaric,0.9545454545454546,isobaric,377.39,379.2740783691406,,,-7.62939453125e-06,True,False,48,CCCCCl,mol_f7989a5c13417f20,0.148,0.3079,0.35573115944862366,1.7504991292953491,139.09368896484375,Cc1ccccc1,mol_1c09299644053521,0.852,0.6920999999999999,0.644268810749054,1.0082265138626099,75.97637176513672,,,,,,,
state_7342adfda944c37a7e14a3c7,2c_fb0ad4b474929fdd899d,2,binary_vle_english.xlsx,10.1016/j.fluid.2007.09.014,unverified,0.5,isobaric,0.9583333333333334,isobaric,387.75,397.9772033691406,,,5.340576171875e-05,True,False,48,CC(C)OC(C)C,mol_1a0ca8e5eeb68da8,0.022,0.279,0.1394057720899582,2.5115208625793457,255.58226013183594,COCCO,mol_d291b272a64498d9,0.978,0.721,0.8605942130088806,1.0002000331878662,89.12142181396484,,,,,,,
state_737d97f6ffe182da022f8474,2c_784276d4500715f79c89,2,binary_vle_english.xlsx,10.1016/j.fluid.2013.05.019,passed,1.0,isobaric,0.7142857142857143,isobaric,371.34,383.29632568359375,,,5.340576171875e-05,True,False,48,CCCCCCC,mol_fddb2c852c313396,0.999923,0.999831,0.9998173117637634,1.0,101.31941223144531,c1ccsc1,mol_7953343be0b435d5,7.7e-05,0.000169,0.00018264471145812422,1.3711642026901245,175.29336547851562,,,,,,,
state_7381044a2839fc99b6ae9136,2c_3c77d4a7763529aa395e,2,binary_vle_english.xlsx,10.1016/j.fluid.2017.10.001,unverified,0.5,isobaric,0.95,isobaric,351.34,371.8727722167969,,,0.00022125244140625,True,False,48,CCC(C)=O,mol_4cfc5db0ca2ab00b,0.945,0.903,0.8197979927062988,1.002149224281311,87.69053649902344,CCO,mol_f29e20f49d416e54,0.05500000000000005,0.09699999999999998,0.18020200729370117,1.9020527601242065,174.49560546875,,,,,,,
state_7389cbcf76342ff446cbd8cb,2c_c9ecb5bf12ebfafc6a51,2,binary_vle_english.xlsx,10.1016/j.fluid.2005.03.014,unverified,0.5,isobaric,0.9545454545454546,isobaric,423.84,422.57806396484375,,,-7.62939453125e-06,True,False,48,CC(=O)OCC(C)C,mol_e7eb29ad965cc8ee,0.016,0.065,0.05337812379002571,2.138540744781494,158.02830505371094,CN(C)C=O,mol_ca12d6d2f2ffb170,0.984,0.935,0.9466218948364258,1.0000319480895996,97.44884490966797,,,,,,,
state_739a3b81ed1fa157523cf769,2c_dc191206ee879c89c4e5,2,binary_vle_english.xlsx,10.1016/j.jct.2003.09.001,unverified,0.5,isobaric,0.9285714285714286,isobaric,375.99,381.19818115234375,,,-7.62939453125e-06,True,False,48,C1COCCO1,mol_d365f2fae67d24f2,0.4866,0.543,0.5281441807746887,1.2452387809753418,88.29515838623047,CC(C)CO,mol_015d21fca05fcd26,0.5134000000000001,0.45699999999999996,0.47185584902763367,1.1925251483917236,78.07194519042969,,,,,,,
state_73d3e8d526b2ed08bcb44af1,3c_c45f0751ac63a91a45e8,3,ternary_vle_english.xlsx,10.1016/j.fluid.2005.06.019,unverified,0.5,isobaric,0.9767441860465116,isobaric,407.03,411.8016662597656,,,0.00150299072265625,True,False,48,CC(=O)OCC(C)C,mol_e7eb29ad965cc8ee,0.089,0.177,0.22848665714263916,1.9723049402236938,131.8597869873047,CC(C)CO,mol_015d21fca05fcd26,0.216,0.515,0.5581466555595398,1.8942104578018188,138.1916961669922,CCCCCCO,mol_eb71ecc709e3f0dc,0.6950000000000001,0.30800000000000005,0.21336665749549866,1.0539166927337646,29.50876808166504
state_7494a83b3fdf9ae4da253947,2c_d66c7a74cea5d8732e08,2,binary_vle_english.xlsx,10.1016/j.jct.2016.10.001,unverified,0.5,isobaric,0.9375,isobaric,367.29999999999995,377.73992919921875,,,0.001495361328125,True,False,48,CC(C)O,mol_db030b5de88f8eaf,0.009,0.201,0.04778142645955086,3.0877673625946045,174.17572021484375,O,mol_e81dc06beaa39499,0.991,0.7989999999999999,0.9522185921669006,1.0001362562179565,97.32388305664062,,,,,,,
state_7505ad76706bffa3d58fccc0,2c_4edb251d66039b2a207c,2,binary_vle_english.xlsx,10.1016/j.jct.2006.12.003,unverified,0.5,isobaric,0.9444444444444444,isobaric,389.65,393.79656982421875,,,1.52587890625e-05,True,False,48,CC(=O)O,mol_9ac385b135af0125,0.949,0.849,0.7237164974212646,1.0027192831039429,77.04281616210938,ClCCCl,mol_e8df6c9e89c6b62a,0.051,0.151,0.27628347277641296,3.14137601852417,174.69241333007812,,,,,,,
state_761eb3e07bbe0b5922a73c70,3c_f6a2de3ac0acbac84e4f,3,ternary_vle_english.xlsx,10.1016/j.fluid.2005.01.007,unverified,0.5,isobaric,0.9818181818181818,isobaric,343.54999999999995,346.2879638671875,,,0.00018310546875,True,False,48,CC(C)=O,mol_e04cf77cea7bbe66,0.042,0.109,0.10668179392814636,1.5645395517349243,164.46156311035156,CC(C)CC(C)(C)C,mol_57615b5c3546c298,0.6990000000000001,0.384,0.3735259175300598,1.131633996963501,47.83518981933594,CCO,mol_f29e20f49d416e54,0.259,0.507,0.5197922587394714,1.9495233297348022,104.28252410888672
state_762d30541c0139185f3f0323,2c_46777e532a11b24ee585,2,binary_vle_english.xlsx,10.1016/j.fluid.2012.12.020,unverified,0.5,isobaric,0.9629629629629629,isobaric,406.51,442.67803955078125,,,0.00081634521484375,True,False,48,CC(C)O,mol_db030b5de88f8eaf,0.0315,0.1499,0.21470436453819275,1.4161261320114136,486.1307373046875,CCCCCO,mol_243de2450bee5519,0.9685,0.8501,0.7852956056594849,1.0000829696655273,81.88836669921875,,,,,,,
state_767e0aec432373151fefcb10,2c_9f331b7867f625e21322,2,binary_vle_english.xlsx,10.1016/j.jct.2015.03.013,unverified,0.5,isobaric,0.9090909090909091,isobaric,401.0,409.6055908203125,,,0.00115966796875,True,False,48,CCC(C)=O,mol_4cfc5db0ca2ab00b,0.0477,0.2351,0.21352598071098328,3.388742446899414,177.0119171142578,COCCO,mol_d291b272a64498d9,0.9523,0.7649,0.7864739894866943,1.0023422241210938,110.40869140625,,,,,,,
state_76bb296b60fa4275cb0e5873,2c_94ed5d0a73a3c26e5ef5,2,binary_vle_english.xlsx,10.1016/j.jct.2017.07.021,unverified,0.5,isobaric,0.8,isobaric,371.5,375.8559265136719,,,0.00095367431640625,True,False,48,CCO,mol_f29e20f49d416e54,0.0,0.0,0.0,2.2531869411468506,187.8681182861328,O,mol_e81dc06beaa39499,1.0,1.0,1.0,1.0,93.79297637939453,,,,,,,
state_77483e3712ee84e8dd76cbe9,2c_cf0c7a81519bf48241a1,2,binary_vle_english.xlsx,10.1016/j.fluid.2007.03.030,unverified,0.5,isobaric,0.9545454545454546,isobaric,400.35999999999996,411.6293640136719,,,7.62939453125e-06,True,False,48,CCCOCCC,mol_e13b90e4aa2e917d,0.029,0.206,0.1117301806807518,2.0952234268188477,186.2736358642578,CCOCCO,mol_ab8630148ae67e51,0.971,0.794,0.88826984167099,1.0003632307052612,92.63543701171875,,,,,,,
state_774dae37b6b295841935ceb7,2c_4c362b8bfe2b289cf5ff,2,binary_vle_english.xlsx,10.1016/j.fluid.2016.06.022,passed,1.0,isobaric,0.9230769230769231,isobaric,352.45,341.1456298828125,,,3.814697265625e-05,True,False,48,CC#N,mol_7028b7cbd3d829b4,0.921,0.875,0.9432253241539001,0.9967971444129944,104.07786560058594,CCOC(C)=O,mol_18876b584acc43d4,0.079,0.125,0.056774694472551346,0.9905564785003662,73.49500274658203,,,,,,,
state_77b523163fac646f7d3661f7,2c_784276d4500715f79c89,2,binary_vle_english.xlsx,10.1016/j.fluid.2013.05.019,passed,1.0,isobaric,0.7142857142857143,isobaric,371.34,383.3006591796875,,,-6.103515625e-05,True,False,48,CCCCCCC,mol_fddb2c852c313396,0.999985,0.999974,0.9999644160270691,1.0,101.32791137695312,c1ccsc1,mol_7953343be0b435d5,1.5e-05,2.6e-05,3.5583358112489805e-05,1.3711780309677124,175.3072509765625,,,,,,,
state_782a6637d1d1e85d661ba5ae,2c_784276d4500715f79c89,2,binary_vle_english.xlsx,10.1016/j.fluid.2013.05.019,passed,1.0,isobaric,0.7142857142857143,isobaric,371.34,383.29632568359375,,,5.340576171875e-05,True,False,48,CCCCCCC,mol_fddb2c852c313396,0.999923,0.999855,0.9998173117637634,1.0,101.31941223144531,c1ccsc1,mol_7953343be0b435d5,7.7e-05,0.000145,0.00018264471145812422,1.3711642026901245,175.29336547851562,,,,,,,
state_78e241917ec3ffb6dd4d02eb,2c_112489fd04ba2d890a8f,2,binary_vle_english.xlsx,10.1016/j.fluid.2014.03.027,unverified,0.5,isobaric,0.9090909090909091,isobaric,346.29999999999995,341.940185546875,,,-7.62939453125e-06,True,False,48,C1CCOC1,mol_c59bfa659357f795,0.189,0.34,0.23379722237586975,1.264562726020813,99.09375762939453,CCO,mol_f29e20f49d416e54,0.8109999999999999,0.6599999999999999,0.7662028074264526,1.0093441009521484,94.81842803955078,,,,,,,
state_7a485c75dff2c0151f09c5d5,2c_1423cf5c6cbb9a123e33,2,binary_vle_english.xlsx,10.1016/j.fluid.2008.09.010,unverified,0.5,isobaric,0.8823529411764706,isobaric,398.65,358.4952087402344,,,6.67572021484375e-06,True,False,48,CC(=O)O,mol_9ac385b135af0125,0.2041,0.1774,0.050984811037778854,0.09180676192045212,36.270416259765625,CS(C)=O,mol_7d3e12eaed0f467c,0.7959,0.8226,0.949015200138092,0.8470372557640076,18.76469612121582,,,,,,,
state_7a7cd70bbddbb32950beb6fd,2c_079ccab2da1cc47051a9,2,binary_vle_english.xlsx,10.1016/j.fluid.2006.02.009,unverified,0.5,isobaric,0.9545454545454546,isobaric,369.80999999999995,369.44342041015625,,,5.340576171875e-05,True,False,48,CCCCCl,mol_f7989a5c13417f20,0.328,0.5728,0.5634414553642273,1.5119366645812988,115.09349060058594,Cc1ccccc1,mol_1c09299644053521,0.6719999999999999,0.4272,0.43655848503112793,1.0632388591766357,61.89445495605469,,,,,,,
state_7b38517cf6a8ab61561e2b80,3c_bd75ed1e70032dcf0b2e,3,ternary_vle_english.xlsx,10.1016/j.fluid.2014.09.021,unverified,0.5,isobaric,0.9444444444444444,isobaric,402.78,399.6483154296875,,,8.392333984375e-05,True,False,48,CCC(C)O,mol_06affb0d2c6c8ff2,0.274,0.601,0.5064980983734131,1.5941177606582642,117.46713256835938,CCC(C)OC(C)=O,mol_879306ab1082c162,0.011,0.035,0.019494350999593735,1.6264183521270752,110.38074493408203,CN(C)C=O,mol_ca12d6d2f2ffb170,0.715,0.364,0.47400757670402527,1.051401972770691,63.873390197753906
state_7b9630ba6c160a7d492346a1,2c_ce7e822d00d743846419,2,binary_vle_english.xlsx,10.1016/j.fluid.2005.07.010,unverified,0.5,isobaric,0.9629629629629629,isobaric,386.96999999999997,400.91973876953125,,,9.1552734375e-05,True,False,48,CC(=O)O,mol_9ac385b135af0125,0.9524,0.8482000000000001,0.8293164372444153,0.999661386013031,88.26021575927734,CCOC(C)=O,mol_18876b584acc43d4,0.0476,0.1518,0.17068350315093994,1.5345393419265747,236.76829528808594,,,,,,,
state_7bad32ca19e011f93ebd4990,2c_50cae961bcfb98dfb10a,2,binary_vle_english.xlsx,10.1016/j.fluid.2011.11.020,passed,1.0,isobaric,0.9375,isobaric,352.19,354.7009582519531,,,0.00045013427734375,True,False,48,CC(C)=C(C)C,mol_ac85c03b48dc0205,0.17820000000000003,0.30000000000000004,0.19919690489768982,0.8916569948196411,127.03321838378906,c1ccsc1,mol_7953343be0b435d5,0.8218,0.7,0.8008031249046326,0.9891197085380554,99.82768249511719,,,,,,,
state_7c4e5b46671fe5766fd6a2bd,2c_4e1effd6e44016fa9e71,2,binary_vle_english.xlsx,10.1016/j.fluid.2019.03.022,passed,1.0,isobaric,0.95,isobaric,353.25,351.81292724609375,,,7.62939453125e-06,True,False,48,CO,mol_a85d32e4db2ff39c,0.0,0.0,0.0,1.7031431198120117,167.93380737304688,c1ccccc1,mol_7165dcf6be1f831d,1.0,1.0,1.0,1.0,101.29994201660156,,,,,,,
state_7dfeca6e93cc885c2307cd39,2c_42d2383a8e4daebeb5e1,2,binary_vle_english.xlsx,10.1016/j.fluid.2010.08.002,unverified,0.5,isobaric,0.9230769230769231,isobaric,415.29999999999995,418.73358154296875,,,7.62939453125e-06,True,False,48,CCCCCCC,mol_fddb2c852c313396,0.0,0.0,0.0,2.1216020584106445,190.30718994140625,CCCOCCO,mol_770d75a3bb2412ce,1.0,1.0,1.0,1.0,79.99996185302734,,,,,,,
state_7e8148745f83b6a4c2b0c00e,3c_c1f86c0bca7d787912fb,3,ternary_vle_english.xlsx,10.1016/j.jct.2011.10.025,unverified,0.5,isobaric,0.9807692307692307,isobaric,362.66999999999996,367.3916931152344,,,6.103515625e-05,True,False,48,C1CCOCC1,mol_626f3d1f5bbb6f55,0.113,0.108,0.18721066415309906,1.939770221710205,86.51895141601562,CC(C)CC(C)(C)C,mol_57615b5c3546c298,0.835,0.642,0.6486635804176331,1.028348684310913,76.52477264404297,CC(C)O,mol_db030b5de88f8eaf,0.052,0.25,0.1641257405281067,2.235562324523926,143.0197296142578
state_7ea657abe45c378ed3c3d6c8,2c_277a9b0f8ca81825906f,2,binary_vle_english.xlsx,10.1016/j.fluid.2013.01.015,passed,1.0,isobaric,0.9333333333333333,isobaric,365.15999999999997,350.5685729980469,,,9.5367431640625e-06,True,False,48,CCCCCCCC,mol_8151bb583f7f3ebd,0.0,0.0,0.0,0.3697654604911804,25.893922805786133,Cc1ccccc1C,mol_61c4de85d258b45d,1.0,1.0,1.0,1.0,19.999963760375977,,,,,,,
state_7f2fc38d0788e5de66f4e2cb,2c_0537ca75f0252274a31e,2,binary_vle_english.xlsx,10.1016/j.jct.2013.12.021,unverified,0.5,isobaric,0.9565217391304348,isobaric,366.34999999999997,380.64178466796875,,,1.52587890625e-05,True,False,48,CCC(C)O,mol_06affb0d2c6c8ff2,0.8953,0.7082999999999999,0.713800847530365,0.9902341961860657,81.58474731445312,CO,mol_a85d32e4db2ff39c,0.1047,0.2917,0.286199152469635,0.9730876088142395,284.6479797363281,,,,,,,
state_806de413775f918d387622fd,2c_0cbe98474ca1c811520c,2,binary_vle_english.xlsx,10.1016/j.fluid.2006.08.004,unverified,0.5,isobaric,0.9473684210526315,isobaric,368.15,371.34130859375,,,0.00016021728515625,True,False,48,CC(C)CC(C)(C)C,mol_57615b5c3546c298,0.916,0.821,0.754684329032898,1.0047661066055298,83.06436157226562,CC(C)OC(C)C,mol_1a0ca8e5eeb68da8,0.084,0.179,0.24531564116477966,1.857708215713501,159.2495880126953,,,,,,,
state_828bbc834f7fbfe36fe574fe,3c_2cb16216a8c609b7ad27,3,ternary_vle_english.xlsx,10.1016/j.fluid.2005.09.015,unverified,0.5,isobaric,0.9767441860465116,isobaric,401.34999999999997,406.0635681152344,,,0.0004425048828125,True,False,48,CC(=O)OCC(C)C,mol_e7eb29ad965cc8ee,0.285,0.401,0.5716322660446167,1.703480839729309,119.27397155761719,CC(C)CO,mol_015d21fca05fcd26,0.094,0.228,0.20755387842655182,1.7897067070007324,124.97760009765625,CCCCOC(=O)CC,mol_a9c167bbb331e76a,0.621,0.371,0.22081385552883148,1.059409737586975,34.00022888183594
state_8344086d3a9dde4068648c95,2c_23001626ba9c10a2709a,2,binary_vle_english.xlsx,10.1016/j.fluid.2011.06.001,unverified,0.5,isothermal,0.9166666666666666,isothermal,,,48.12004228224,48.385215759277344,0.0,True,False,48,CC(C)(C)Cl,mol_cbd731ac6eef5e90,0.5811,0.7208,0.7139318585395813,0.9374512434005737,63.411773681640625,CC(C)OC(C)C,mol_1a0ca8e5eeb68da8,0.41890000000000005,0.2792,0.2860681712627411,0.8840881586074829,37.374576568603516,,,,,,,
state_843281947d490174fda4fdfe,2c_ca2ff513d4ae36f2f8e1,2,binary_vle_english.xlsx,10.1016/j.jct.2012.12.019,unverified,0.5,isothermal,0.8666666666666667,isothermal,,,412.099972777472,290.619384765625,3.0517578125e-05,True,False,48,CCCO,mol_5fb2f93dc8caa9dc,0.5794,0.5029,0.5421076416969299,1.3951170444488525,194.90411376953125,O,mol_e81dc06beaa39499,0.4206,0.4971,0.4578923285007477,2.0409111976623535,155.0224609375,,,,,,,
state_847b6011c3c00dbc92166879,3c_a6f39dd395c2cfcf800d,3,ternary_vle_english.xlsx,10.1016/j.fluid.2009.01.016,unverified,0.5,isothermal,0.95,isothermal,,,25.570030281088,24.125041961669922,-1.9073486328125e-06,True,False,48,CC(=O)C(C)(C)C,mol_61a887e37d396488,0.683,0.7612,0.7088814973831177,0.9342179298400879,26.802345275878906,CC(C)(C)CO,mol_dfb42f12fdc989ed,0.3125,0.21089999999999998,0.27400392293930054,0.6943768262863159,30.463481903076172,COC(C)(C)C,mol_b614d6fea320c179,0.0045,0.0279,0.0171145461499691,0.7690157890319824,119.31242370605469
state_847d69ee3897c667d03705cc,2c_e1c33e24ae7f6ab4d0bf,2,binary_vle_english.xlsx,10.1016/j.fluid.2010.01.024,unverified,0.5,isothermal,0.9333333333333333,isothermal,,,68.859936493056,73.83294677734375,0.0,True,False,48,CC[N+](=O)[O-],mol_6fdb0ec09de24512,0.4265,0.20889999999999997,0.1694391369819641,1.5087193250656128,19.44179916381836,ClCCCl,mol_e8df6c9e89c6b62a,0.5735,0.7911,0.8305608630180359,1.353395700454712,79.0066146850586,,,,,,,
state_8664885717bf0dcf56c640c4,2c_ea9da779580d9b792700,2,binary_vle_english.xlsx,10.1016/j.jct.2012.11.005,unverified,0.5,isothermal,0.9411764705882353,isothermal,,,96.76004179968,75.07354736328125,0.0,True,False,48,CC(C)OC(C)C,mol_1a0ca8e5eeb68da8,0.689,0.516,0.5407245755195618,1.0098525285720825,58.342613220214844,CO,mol_a85d32e4db2ff39c,0.31100000000000005,0.484,0.45927536487579346,1.1689256429672241,94.84465026855469,,,,,,,
state_88b768bf973c269ba4633db9,2c_e1c33e24ae7f6ab4d0bf,2,binary_vle_english.xlsx,10.1016/j.fluid.2010.01.024,unverified,0.5,isothermal,0.9333333333333333,isothermal,,,45.100024002304,40.65296173095703,0.0,True,False,48,CC[N+](=O)[O-],mol_6fdb0ec09de24512,0.8244,0.6105,0.40068697929382324,1.016302466392517,19.44179916381836,ClCCCl,mol_e8df6c9e89c6b62a,0.1756,0.3895,0.5993130803108215,1.7561352252960205,79.0066146850586,,,,,,,
state_89787d37359a9b5d9606966c,2c_23001626ba9c10a2709a,2,binary_vle_english.xlsx,10.1016/j.fluid.2011.06.001,unverified,0.5,isothermal,0.9166666666666666,isothermal,,,31.78005286016,37.30857849121094,-3.814697265625e-06,True,False,48,CC(C)(C)Cl,mol_cbd731ac6eef5e90,0.0379,0.0777,0.037026990205049515,0.5748015642166138,63.411773681640625,CC(C)OC(C)C,mol_1a0ca8e5eeb68da8,0.9621,0.9223,0.9629729986190796,0.9991398453712463,37.374576568603516,,,,,,,
state_89ee24a8c37e7e217b903f20,3c_65250b1389afa8bc1bcc,3,ternary_vle_english.xlsx,10.1016/j.fluid.2013.01.020,unverified,0.5,isothermal,0.9642857142857143,isothermal,,,96.359941373312,86.17994689941406,-7.62939453125e-06,True,False,48,CC(=O)C(C)C,mol_b650f1cc3cac74aa,0.1865,0.10389999999999999,0.09777181595563889,1.764485239982605,25.604894638061523,CC(C)C(C)C,mol_7347d05012022dd9,0.6019,0.7268,0.680330216884613,1.1008844375610352,88.4830093383789,CC(C)OC(C)C,mol_1a0ca8e5eeb68da8,0.2116,0.1693,0.22189797461032867,1.2760615348815918,70.82266235351562
state_89f6f3bbca4f306173323a3f,3c_a6f39dd395c2cfcf800d,3,ternary_vle_english.xlsx,10.1016/j.fluid.2009.01.016,unverified,0.5,isothermal,0.95,isothermal,,,26.990046822656,25.196701049804688,1.9073486328125e-06,True,False,48,CC(=O)C(C)(C)C,mol_61a887e37d396488,0.7027,0.7328,0.7079644799232483,0.9471361637115479,26.802345275878906,CC(C)(C)CO,mol_dfb42f12fdc989ed,0.28259999999999996,0.17910000000000004,0.2370583713054657,0.6938208341598511,30.463481903076172,COC(C)(C)C,mol_b614d6fea320c179,0.0147,0.0881,0.054977159947156906,0.7898107171058655,119.31242370605469
state_8a7584dcde153f90c3203269,2c_8742372ba72e435a7962,2,binary_vle_english.xlsx,10.1016/j.fluid.2013.01.020,unverified,0.5,isothermal,0.9444444444444444,isothermal,,,41.440058355968,29.458053588867188,-1.9073486328125e-06,True,False,48,CC(=O)C(C)C,mol_b650f1cc3cac74aa,0.9525,0.73,0.8278211355209351,0.9998908042907715,25.604894638061523,CC(C)C(C)C,mol_7347d05012022dd9,0.0475,0.27,0.17217884957790375,1.2067861557006836,88.4830093383789,,,,,,,
state_8b12ef9b6354a3e185d6521e,2c_94ed5d0a73a3c26e5ef5,2,binary_vle_english.xlsx,10.1016/j.fluid.2019.03.019,unverified,0.5,isothermal,0.9411764705882353,isothermal,,,199.000032891264,129.93222045898438,0.0,True,False,48,CCO,mol_f29e20f49d416e54,0.0,0.0,0.0,3.13307523727417,254.42115783691406,O,mol_e81dc06beaa39499,1.0,1.0,1.0,1.0,129.93222045898438,,,,,,,
state_8bc7185c5b1365482de43c16,2c_5018f9e15dae7c08710f,2,binary_vle_english.xlsx,10.1016/j.fluid.2011.06.001,passed,1.0,isothermal,0.9090909090909091,isothermal,,,30.674943751807998,27.04660415649414,-1.9073486328125e-06,True,False,48,CC(C)CCl,mol_b6f57216bc07a08c,0.4613,0.4612,0.34205883741378784,0.8027662634849548,24.9827938079834,CC(C)OC(C)C,mol_1a0ca8e5eeb68da8,0.5387,0.5388,0.6579411625862122,0.8838458061218262,37.374576568603516,,,,,,,
state_8bcc4e1de576c68db1f5d72b,2c_e1c33e24ae7f6ab4d0bf,2,binary_vle_english.xlsx,10.1016/j.fluid.2010.01.024,unverified,0.5,isothermal,0.9333333333333333,isothermal,,,52.690066412544,57.872283935546875,-3.814697265625e-06,True,False,48,CC[N+](=O)[O-],mol_6fdb0ec09de24512,0.7024,0.4434,0.25453147292137146,1.0786762237548828,19.44179916381836,ClCCCl,mol_e8df6c9e89c6b62a,0.2976,0.5566,0.7454685568809509,1.834862470626831,79.0066146850586,,,,,,,
state_8c54ef0a11b4f45dc86bb19c,2c_c830dc760c5163d2d27d,2,binary_vle_english.xlsx,10.1016/j.fluid.2011.05.011,unverified,0.5,isothermal,0.9285714285714286,isothermal,,,100.230023071616,84.89193725585938,0.0,True,False,48,CC(C)CC(C)(C)C,mol_57615b5c3546c298,0.7268,0.69,0.6824317574501038,1.1156182289123535,71.4488296508789,CC(C)CO,mol_015d21fca05fcd26,0.2732,0.31000000000000005,0.317568302154541,1.8111330270767212,54.48444366455078,,,,,,,
state_8dc8d64ac542cbb4e5fa7ff9,2c_ca2ff513d4ae36f2f8e1,2,binary_vle_english.xlsx,10.1016/j.jct.2012.12.019,unverified,0.5,isothermal,0.8333333333333334,isothermal,,,458.799998518144,295.25653076171875,3.0517578125e-05,True,False,48,CCCO,mol_5fb2f93dc8caa9dc,0.9093,0.816,0.7165924906730652,1.013986587524414,229.47341918945312,O,mol_e81dc06beaa39499,0.0907,0.18400000000000005,0.2834075689315796,5.035180568695068,183.22665405273438,,,,,,,
state_8df749aabed2a158faf0a127,2c_94ed5d0a73a3c26e5ef5,2,binary_vle_english.xlsx,10.1016/j.fluid.2019.03.019,unverified,0.5,isothermal,0.9411764705882353,isothermal,,,299.99999263807996,188.5185546875,1.52587890625e-05,True,False,48,CCO,mol_f29e20f49d416e54,0.075,0.373,0.3555372655391693,3.5125677585601807,254.42115783691406,O,mol_e81dc06beaa39499,0.925,0.627,0.6444627642631531,1.0108654499053955,129.93222045898438,,,,,,,
state_8e200610e8d7b6a7ddfba191,3c_485aadc678c8a7fb274c,3,ternary_vle_english.xlsx,10.1016/j.fluid.2011.05.011,unverified,0.5,isothermal,0.967741935483871,isothermal,,,98.680017221248,84.61882019042969,0.0,True,False,48,CC(=O)CC(C)C,mol_0a895444a9f0f36b,0.03289999999999993,0.021100000000000008,0.027273166924715042,2.1741623878479004,32.26373291015625,CC(C)CC(C)(C)C,mol_57615b5c3546c298,0.7014,0.6796,0.6698060035705566,1.1309804916381836,71.4488296508789,CC(C)CO,mol_015d21fca05fcd26,0.2657,0.2993,0.3029208183288574,1.7706469297409058,54.48444366455078
state_8e50abe107a82ab94ba94235,2c_e1c33e24ae7f6ab4d0bf,2,binary_vle_english.xlsx,10.1016/j.fluid.2010.01.024,unverified,0.5,isothermal,0.9333333333333333,isothermal,,,90.350035668608,79.00662231445312,-7.62939453125e-06,True,False,48,CC[N+](=O)[O-],mol_6fdb0ec09de24512,0.0,0.0,0.0,5.260743141174316,19.44179916381836,ClCCCl,mol_e8df6c9e89c6b62a,1.0,1.0,1.0,1.0,79.0066146850586,,,,,,,
state_8eb888264ec3653cd34d01b9,2c_ab90a05e58432c71abba,2,binary_vle_english.xlsx,10.1016/j.fluid.2011.05.011,unverified,0.5,isothermal,0.9411764705882353,isothermal,,,71.479987668992,64.39881896972656,0.0,True,False,48,CC(=O)CC(C)C,mol_0a895444a9f0f36b,0.6579999999999999,0.47140000000000004,0.36568310856819153,1.1092828512191772,32.26373291015625,CC(C)CC(C)(C)C,mol_57615b5c3546c298,0.342,0.5286,0.6343168020248413,1.6717175245285034,71.4488296508789,,,,,,,
state_8f16c6721ed505b635378e90,2c_c879fc0732268fc652fa,2,binary_vle_english.xlsx,10.1016/j.fluid.2011.06.001,passed,1.0,isothermal,0.9166666666666666,isothermal,,,29.459977012223998,34.46153259277344,0.0,True,False,48,CC(C)OC(C)C,mol_1a0ca8e5eeb68da8,0.879,0.9076,0.9429144859313965,0.9891034960746765,37.374576568603516,CCCCCl,mol_f7989a5c13417f20,0.121,0.0924,0.0570855475962162,0.604314923286438,26.903703689575195,,,,,,,
state_8fd0825862af59c782c283c4,2c_ea9da779580d9b792700,2,binary_vle_english.xlsx,10.1016/j.jct.2012.11.005,unverified,0.5,isothermal,0.8888888888888888,isothermal,,,96.84003522048,79.08445739746094,0.0,True,False,48,CC(C)OC(C)C,mol_1a0ca8e5eeb68da8,0.627,0.515,0.47495460510253906,1.0268094539642334,58.342613220214844,CO,mol_a85d32e4db2ff39c,0.373,0.485,0.5250454545021057,1.1737250089645386,94.84465026855469,,,,,,,
state_908fd4c97fb9dfb5f7b3cdc4,2c_d498cbbd8f767d43f3e7,2,binary_vle_english.xlsx,10.1016/j.fluid.2011.06.001,unverified,0.5,isothermal,0.9230769230769231,isothermal,,,31.045046645376,33.62360382080078,0.0,True,False,48,CC(C)OC(C)C,mol_1a0ca8e5eeb68da8,0.7859,0.7736000000000001,0.8401311039924622,0.9617180228233337,37.374576568603516,CCC(C)Cl,mol_9f4835d3aad75f1c,0.2141,0.2264,0.15986889600753784,0.5379575490951538,46.67061996459961,,,,,,,
state_909f969cda53b06842ff66f7,2c_ca2ff513d4ae36f2f8e1,2,binary_vle_english.xlsx,10.1016/j.jct.2012.12.019,unverified,0.5,isothermal,0.8333333333333334,isothermal,,,408.00004331673597,230.00860595703125,0.0,True,False,48,CCCO,mol_5fb2f93dc8caa9dc,0.9993,0.9978,0.9969755411148071,1.0000007152557373,229.47341918945312,O,mol_e81dc06beaa39499,0.0007000000000000339,0.0021999999999999797,0.0030244591180235147,5.423818588256836,183.22665405273438,,,,,,,
state_929f992b1954a81af681b392,2c_98afb8e6c65a310db5e0,2,binary_vle_english.xlsx,10.1016/j.jct.2012.12.026,unverified,0.5,isothermal,0.9166666666666666,isothermal,,,390.799991298688,376.52398681640625,0.0,True,False,48,F/C=C/C(F)(F)F,mol_0e763ba6787b2749,0.20699999999999996,0.21899999999999997,0.15999236702919006,0.7559825778007507,384.954833984375,FC(F)C(F)F,mol_fccff6221e62b4bc,0.793,0.781,0.8400076031684875,0.9796947240829468,407.1101379394531,,,,,,,
state_933e4d5f5862b675fcafcae1,2c_98afb8e6c65a310db5e0,2,binary_vle_english.xlsx,10.1016/j.jct.2012.12.026,unverified,0.5,isothermal,0.9166666666666666,isothermal,,,388.099946701952,390.24041748046875,0.0,True,False,48,F/C=C/C(F)(F)F,mol_0e763ba6787b2749,0.11099999999999999,0.12,0.07783479988574982,0.7108423709869385,384.954833984375,FC(F)C(F)F,mol_fccff6221e62b4bc,0.889,0.88,0.9221651554107666,0.9943225383758545,407.1101379394531,,,,,,,
state_938fd27b8e6d9720d2e0582a,2c_e1c33e24ae7f6ab4d0bf,2,binary_vle_english.xlsx,10.1016/j.fluid.2010.01.024,unverified,0.5,isothermal,0.9333333333333333,isothermal,,,72.75001654655999,75.55763244628906,-7.62939453125e-06,True,False,48,CC[N+](=O)[O-],mol_6fdb0ec09de24512,0.3508,0.16610000000000003,0.15806317329406738,1.7511080503463745,19.44179916381836,ClCCCl,mol_e8df6c9e89c6b62a,0.6492,0.8339,0.8419368863105774,1.2402688264846802,79.0066146850586,,,,,,,
state_93b0f5ee156f7b695d4f0819,2c_40e8c463ab1ddecad6ca,2,binary_vle_english.xlsx,10.1016/j.fluid.2014.12.025,unverified,0.5,isothermal,0.8,isothermal,,,72.99999598656,57.921875,0.0,True,False,48,CCCCCCC,mol_fddb2c852c313396,0.5704,0.6491,0.6266903281211853,0.9484424591064453,67.09730529785156,Cc1ccccc1,mol_1c09299644053521,0.4296,0.3509,0.3733096718788147,0.9316182732582092,54.02684020996094,,,,,,,
state_94190cdd18d4ae02b4195ee6,3c_485aadc678c8a7fb274c,3,ternary_vle_english.xlsx,10.1016/j.fluid.2011.05.011,unverified,0.5,isothermal,0.9375,isothermal,,,56.20004439488,45.75099182128906,0.0,True,False,48,CC(=O)CC(C)C,mol_0a895444a9f0f36b,0.4613999999999999,0.42389999999999994,0.3395037055015564,1.0434048175811768,32.26373291015625,CC(C)CC(C)(C)C,mol_57615b5c3546c298,0.0088,0.0352,0.025184517726302147,1.832552194595337,71.4488296508789,CC(C)CO,mol_015d21fca05fcd26,0.5298,0.5409,0.6353117823600769,1.0069384574890137,54.48444366455078
state_959bfccbc75e85ac17334646,2c_ab90a05e58432c71abba,2,binary_vle_english.xlsx,10.1016/j.fluid.2011.05.011,unverified,0.5,isothermal,0.9411764705882353,isothermal,,,80.029951128832,71.44883728027344,-7.62939453125e-06,True,False,48,CC(=O)CC(C)C,mol_0a895444a9f0f36b,0.0,0.0,0.0,3.8135342597961426,32.26373291015625,CC(C)CC(C)(C)C,mol_57615b5c3546c298,1.0,1.0,1.0,1.0,71.4488296508789,,,,,,,
state_961d52bf1cc42e705fa586ff,2c_ca2ff513d4ae36f2f8e1,2,binary_vle_english.xlsx,10.1016/j.jct.2012.12.019,unverified,0.5,isothermal,0.8666666666666667,isothermal,,,412.099972777472,270.45904541015625,3.0517578125e-05,True,False,48,CCCO,mol_5fb2f93dc8caa9dc,0.1686,0.3638,0.49213507771492004,4.050487995147705,194.90411376953125,O,mol_e81dc06beaa39499,0.8314,0.6362,0.5078648924827576,1.0657249689102173,155.0224609375,,,,,,,
state_96ab017740303f98e23501df,2c_ca2ff513d4ae36f2f8e1,2,binary_vle_english.xlsx,10.1016/j.jct.2012.12.019,unverified,0.5,isothermal,0.9285714285714286,isothermal,,,383.199949710848,278.81817626953125,0.0,True,False,48,CCCO,mol_5fb2f93dc8caa9dc,0.7913,0.6601,0.5964410305023193,1.0782673358917236,194.90411376953125,O,mol_e81dc06beaa39499,0.2087,0.3399,0.40355896949768066,3.477851390838623,155.0224609375,,,,,,,
state_96e3fecba8c47e4a341bb174,2c_6cdeaa0b12c0bcad5378,2,binary_vle_english.xlsx,10.1016/j.jct.2012.01.020,passed,1.0,isothermal,0.9,isothermal,,,64.696545585152,67.1480712890625,0.0,True,False,48,CC(C)CC(C)(C)C,mol_57615b5c3546c298,0.7,0.46699999999999997,0.4978362023830414,1.0758693218231201,44.3876838684082,CCOC(C)=O,mol_18876b584acc43d4,0.3,0.533,0.5021637082099915,1.4608134031295776,76.94189453125,,,,,,,
state_985ff08f699ead9a69aa7bc7,2c_e0c162126f5997f9fcd9,2,binary_vle_english.xlsx,10.1016/j.fluid.2016.02.018,unverified,0.5,isothermal,0.8,isothermal,,,108.000050678656,90.90293884277344,-7.62939453125e-06,True,False,48,CCCCCCC,mol_fddb2c852c313396,0.5997,0.4354,0.43084579706192017,0.9733312129974365,67.09730529785156,c1ccccc1,mol_7165dcf6be1f831d,0.4003,0.5646,0.5691542029380798,1.0073802471160889,128.30064392089844,,,,,,,
state_988c95dc13dcf895d0f72a19,3c_65250b1389afa8bc1bcc,3,ternary_vle_english.xlsx,10.1016/j.fluid.2013.01.020,unverified,0.5,isothermal,0.9642857142857143,isothermal,,,78.419950212864,73.3541259765625,0.0,True,False,48,CC(=O)C(C)C,mol_b650f1cc3cac74aa,0.07589999999999997,0.049799999999999955,0.051268868148326874,1.9351447820663452,25.604894638061523,CC(C)C(C)C,mol_7347d05012022dd9,0.0722,0.1088,0.11804161220788956,1.3553847074508667,88.4830093383789,CC(C)OC(C)C,mol_1a0ca8e5eeb68da8,0.8519,0.8414,0.8306894898414612,1.009955883026123,70.82266235351562
state_98d43e94124e6796880444c8,2c_8742372ba72e435a7962,2,binary_vle_english.xlsx,10.1016/j.fluid.2013.01.020,unverified,0.5,isothermal,0.9444444444444444,isothermal,,,65.980040021888,48.88817596435547,-3.814697265625e-06,True,False,48,CC(=O)C(C)C,mol_b650f1cc3cac74aa,0.7921,0.3984,0.422031968832016,1.0172932147979736,25.604894638061523,CC(C)C(C)C,mol_7347d05012022dd9,0.2079,0.6016,0.5779680013656616,1.536007046699524,88.4830093383789,,,,,,,
state_99394ce4a9fb6571036ea034,3c_a6f39dd395c2cfcf800d,3,ternary_vle_english.xlsx,10.1016/j.fluid.2009.01.016,unverified,0.5,isothermal,0.95,isothermal,,,86.58994492390399,87.73663330078125,-7.62939453125e-06,True,False,48,CC(=O)C(C)(C)C,mol_61a887e37d396488,0.3744,0.1329,0.13400840759277344,1.1716673374176025,26.802345275878906,CC(C)(C)CO,mol_dfb42f12fdc989ed,0.1441,0.02959999999999996,0.0689810961484909,1.3786927461624146,30.463481903076172,COC(C)(C)C,mol_b614d6fea320c179,0.4815,0.8375,0.7970104813575745,1.2172030210494995,119.31242370605469
state_9a1d69956be5679f345dbc9b,3c_a6f39dd395c2cfcf800d,3,ternary_vle_english.xlsx,10.1016/j.fluid.2009.01.016,unverified,0.5,isothermal,0.95,isothermal,,,33.340057888128,35.36949920654297,0.0,True,False,48,CC(=O)C(C)(C)C,mol_61a887e37d396488,0.3213,0.3005,0.20925626158714294,0.8594563603401184,26.802345275878906,CC(C)(C)CO,mol_dfb42f12fdc989ed,0.5914,0.2832,0.4796973168849945,0.9417493343353271,30.463481903076172,COC(C)(C)C,mol_b614d6fea320c179,0.0873,0.4163,0.3110463619232178,1.0562193393707275,119.31242370605469
state_9abff2e698eec42ed3424157,2c_c830dc760c5163d2d27d,2,binary_vle_english.xlsx,10.1016/j.fluid.2011.05.011,unverified,0.5,isothermal,0.9285714285714286,isothermal,,,80.029951128832,71.44883728027344,-7.62939453125e-06,True,False,48,CC(C)CC(C)(C)C,mol_57615b5c3546c298,1.0,1.0,1.0,1.0,71.4488296508789,CC(C)CO,mol_015d21fca05fcd26,0.0,0.0,0.0,3.279025077819824,54.48444366455078,,,,,,,
state_9af3c6b41d2747c88166c2f2,2c_4cc4055379eb0154120e,2,binary_vle_english.xlsx,10.1016/j.fluid.2015.10.041,unverified,0.5,isothermal,0.8,isothermal,,,223.100050742784,248.06141662597656,1.52587890625e-05,True,False,48,CCCC,mol_fadb5806094149e6,0.19499999999999995,0.8140000000000001,0.8534435033798218,1.1101438999176025,977.9578857421875,CCSCC,mol_a7491cfbf016fee6,0.805,0.186,0.14655645191669464,0.9784922003746033,46.154170989990234,,,,,,,
state_9c0f8d399e870ef1c85b220d,2c_ea9da779580d9b792700,2,binary_vle_english.xlsx,10.1016/j.jct.2012.11.005,unverified,0.5,isothermal,0.9411764705882353,isothermal,,,96.94002699648,83.58738708496094,0.0,True,False,48,CC(C)OC(C)C,mol_1a0ca8e5eeb68da8,0.549,0.513,0.4065861105918884,1.061047911643982,58.342613220214844,CO,mol_a85d32e4db2ff39c,0.45099999999999996,0.487,0.5934138298034668,1.1596022844314575,94.84465026855469,,,,,,,
state_9cdd745a703ed9f2770d43b2,3c_65250b1389afa8bc1bcc,3,ternary_vle_english.xlsx,10.1016/j.fluid.2013.01.020,unverified,0.5,isothermal,0.9642857142857143,isothermal,,,78.179969950464,72.88459777832031,-7.62939453125e-06,True,False,48,CC(=O)C(C)C,mol_b650f1cc3cac74aa,0.05349999999999999,0.03529999999999989,0.03799257427453995,2.021425247192383,25.604894638061523,CC(C)C(C)C,mol_7347d05012022dd9,0.0545,0.0821,0.09075494110584259,1.3716697692871094,88.4830093383789,CC(C)OC(C)C,mol_1a0ca8e5eeb68da8,0.892,0.8826,0.8712524771690369,1.0051772594451904,70.82266235351562
state_9d16910b9b976df28c99503f,2c_6cdeaa0b12c0bcad5378,2,binary_vle_english.xlsx,10.1016/j.jct.2012.01.020,passed,1.0,isothermal,0.9,isothermal,,,50.574640399488,52.132408142089844,-3.814697265625e-06,True,False,48,CC(C)CC(C)(C)C,mol_57615b5c3546c298,0.902,0.726,0.7723362445831299,1.005645990371704,44.3876838684082,CCOC(C)=O,mol_18876b584acc43d4,0.098,0.274,0.2276638001203537,1.5740290880203247,76.94189453125,,,,,,,
state_9d6c14713e4e6dc8725fcb87,3c_65250b1389afa8bc1bcc,3,ternary_vle_english.xlsx,10.1016/j.fluid.2013.01.020,unverified,0.5,isothermal,0.9642857142857143,isothermal,,,78.810051461632,74.07843017578125,0.0,True,False,48,CC(=O)C(C)C,mol_b650f1cc3cac74aa,0.131,0.08120000000000005,0.07920631021261215,1.7492717504501343,25.604894638061523,CC(C)C(C)C,mol_7347d05012022dd9,0.1123,0.1726,0.17740808427333832,1.322590947151184,88.4830093383789,CC(C)OC(C)C,mol_1a0ca8e5eeb68da8,0.7567,0.7462,0.7433855533599854,1.0275664329528809,70.82266235351562
state_9ebaf7d084f0285810c28034,2c_ab90a05e58432c71abba,2,binary_vle_english.xlsx,10.1016/j.fluid.2011.05.011,unverified,0.5,isothermal,0.9411764705882353,isothermal,,,47.329973929472004,32.764434814453125,-3.814697265625e-06,True,False,48,CC(=O)CC(C)C,mol_0a895444a9f0f36b,0.994,0.9797,0.9788176417350769,1.0000078678131104,32.26373291015625,CC(C)CC(C)(C)C,mol_57615b5c3546c298,0.006,0.0203,0.02118237502872944,1.6189404726028442,71.4488296508789,,,,,,,
state_9fd561b560559b7ad53aeb88,2c_6cdeaa0b12c0bcad5378,2,binary_vle_english.xlsx,10.1016/j.jct.2012.01.020,passed,1.0,isothermal,0.9,isothermal,,,78.08904409548799,77.71884155273438,0.0,True,False,48,CC(C)CC(C)(C)C,mol_57615b5c3546c298,0.401,0.275,0.31865039467811584,1.3913421630859375,44.3876838684082,CCOC(C)=O,mol_18876b584acc43d4,0.599,0.725,0.6813495755195618,1.148964524269104,76.94189453125,,,,,,,
state_a02ce824b93ec6bfb0cdee7b,2c_a948b12e7b27db3902e0,2,binary_vle_english.xlsx,10.1016/j.jct.2009.04.006,unverified,0.5,isothermal,0.9285714285714286,isothermal,,,21.000006150784,22.609004974365234,0.0,True,False,48,CCCCCl,mol_f7989a5c13417f20,0.619,0.962,0.9627054333686829,0.9923887848854065,35.43254470825195,O=C1CCCCC1,mol_09f0d60d139abab5,0.381,0.038000000000000034,0.037294525653123856,0.8766769766807556,2.5244219303131104,,,,,,,
state_a11fc167a06f883d05d1d2ac,3c_485aadc678c8a7fb274c,3,ternary_vle_english.xlsx,10.1016/j.fluid.2011.05.011,unverified,0.5,isothermal,0.967741935483871,isothermal,,,84.559978548736,74.53146362304688,0.0,True,False,48,CC(=O)CC(C)C,mol_0a895444a9f0f36b,0.11380000000000001,0.07109999999999994,0.07186189293861389,1.4587517976760864,32.26373291015625,CC(C)CC(C)(C)C,mol_57615b5c3546c298,0.261,0.4944,0.4403376877307892,1.7599074840545654,71.4488296508789,CC(C)CO,mol_015d21fca05fcd26,0.6252,0.4345,0.4878004193305969,1.0673094987869263,54.48444366455078
state_a21abf587d79afa827909ba1,2c_c830dc760c5163d2d27d,2,binary_vle_english.xlsx,10.1016/j.fluid.2011.05.011,unverified,0.5,isothermal,0.9285714285714286,isothermal,,,96.58005660287999,81.86344909667969,0.0,True,False,48,CC(C)CC(C)(C)C,mol_57615b5c3546c298,0.3993,0.5835,0.5412952303886414,1.5532087087631226,71.4488296508789,CC(C)CO,mol_015d21fca05fcd26,0.6007,0.4165,0.45870476961135864,1.1473426818847656,54.48444366455078,,,,,,,
state_a2e36d9394471c1e99054129,2c_94ed5d0a73a3c26e5ef5,2,binary_vle_english.xlsx,10.1016/j.fluid.2019.03.019,unverified,0.5,isothermal,0.9411764705882353,isothermal,,,233.000036500992,141.14935302734375,0.0,True,False,48,CCO,mol_f29e20f49d416e54,0.016,0.148,0.09380239993333817,3.2525174617767334,254.42115783691406,O,mol_e81dc06beaa39499,0.984,0.852,0.9061976075172424,1.0004371404647827,129.93222045898438,,,,,,,
state_a40181baa1a4bf06fb0e8bde,2c_c879fc0732268fc652fa,2,binary_vle_english.xlsx,10.1016/j.fluid.2011.06.001,passed,1.0,isothermal,0.9166666666666666,isothermal,,,22.320030916351996,25.666423797607422,0.0,True,False,48,CC(C)OC(C)C,mol_1a0ca8e5eeb68da8,0.10129999999999995,0.1432,0.06752274930477142,0.45775145292282104,37.374576568603516,CCCCCl,mol_f7989a5c13417f20,0.8987,0.8568,0.9324772357940674,0.9898668527603149,26.903703689575195,,,,,,,
state_a44318f058d98af74d46f42c,2c_35c6612e2ad0f786d394,2,binary_vle_english.xlsx,10.1016/j.fluid.2016.02.018,unverified,0.5,isothermal,0.8,isothermal,,,55.399976864512,48.983642578125,-3.814697265625e-06,True,False,48,CCCCCCC,mol_fddb2c852c313396,0.5749,0.8395,0.7804112434387207,0.9910080432891846,67.09730529785156,Cc1ccc(C)cc1,mol_e7658ba520613aac,0.42510000000000003,0.16049999999999998,0.2195887267589569,0.9776265621185303,25.88195037841797,,,,,,,
state_a4eb1869eeed28070aba6da2,2c_98afb8e6c65a310db5e0,2,binary_vle_english.xlsx,10.1016/j.jct.2012.12.026,unverified,0.5,isothermal,0.8461538461538461,isothermal,,,391.500067053056,362.25091552734375,0.0,True,False,48,F/C=C/C(F)(F)F,mol_0e763ba6787b2749,0.32699999999999996,0.33099999999999996,0.2824915647506714,0.8129380941390991,384.954833984375,FC(F)C(F)F,mol_fccff6221e62b4bc,0.673,0.669,0.7175084352493286,0.9486576914787292,407.1101379394531,,,,,,,
state_82dbe05a4ff0fad06a3893d0,2c_3c1769052d07951ac3d7,2,binary_vle_english.xlsx,10.1016/j.fluid.2016.08.011,passed,1.0,isobaric,0.9375,isobaric,355.37,350.5840148925781,,,-3.814697265625e-05,True,False,48,CC(C)O,mol_db030b5de88f8eaf,1.0,1.0,1.0,1.0,101.29989624023438,CCOC(C)=O,mol_18876b584acc43d4,0.0,0.0,0.0,1.3138494491577148,90.7820816040039,,,,,,,
state_836c8f6c745bb9ce86030cc5,3c_2d8df0569d9d03284715,3,ternary_vle_english.xlsx,10.1016/j.fluid.2007.06.005,unverified,0.5,isobaric,0.9807692307692307,isobaric,349.96,358.2969665527344,,,-7.62939453125e-06,True,False,48,CC(C)CC(C)(C)C,mol_57615b5c3546c298,0.537,0.362,0.46194756031036377,1.3848928213119507,62.923282623291016,CCC(C)=O,mol_4cfc5db0ca2ab00b,0.42,0.51,0.4118891656398773,1.5123684406280518,65.68748474121094,CCO,mol_f29e20f49d416e54,0.043,0.128,0.1261633187532425,2.217916965484619,134.00730895996094
state_836f50449e05062a5255c277,2c_443810127d849cf82a31,2,binary_vle_english.xlsx,10.1016/j.fluid.2014.09.021,unverified,0.5,isobaric,0.9545454545454546,isobaric,424.08,422.3925476074219,,,-7.62939453125e-06,True,False,48,CCC(C)O,mol_06affb0d2c6c8ff2,0.016,0.049,0.05633290857076645,2.049372673034668,174.03250122070312,CN(C)C=O,mol_ca12d6d2f2ffb170,0.984,0.951,0.9436671137809753,1.0001389980316162,97.13426208496094,,,,,,,
state_83e8df440dc487b3f5d8dc34,2c_9d8840ec979d73d48a37,2,binary_vle_english.xlsx,10.1016/j.fluid.2012.08.030,unverified,0.5,isobaric,0.9375,isobaric,470.71,498.4066162109375,,,-7.62939453125e-06,True,False,48,CN1CCCC1=O,mol_f50e4145cb9a22d5,0.988,0.897,0.8857057690620422,1.0000827312469482,85.42591094970703,COCCO,mol_d291b272a64498d9,0.01200000000000001,0.10299999999999998,0.11429424583911896,2.2269465923309326,407.5926208496094,,,,,,,
state_83f3e49468171bccedf69c6f,2c_e0ef8174c7b6fc15273a,2,binary_vle_english.xlsx,10.1016/j.fluid.2005.06.024,unverified,0.5,isobaric,0.9743589743589743,isobaric,390.39,390.8483581542969,,,7.62939453125e-06,True,False,48,CC(C)=O,mol_e04cf77cea7bbe66,0.0511,0.2675,0.20772914588451385,1.1118004322052002,370.4813232421875,CCOC(=O)OCC,mol_4df2781fcf4d4a77,0.9489,0.7324999999999999,0.792270839214325,0.9991049766540527,84.67568969726562,,,,,,,
state_842e4e7da1a4fd032d496118,2c_7b12ee2d0e35e39326bc,2,binary_vle_english.xlsx,10.1016/j.fluid.2011.08.007,unverified,0.5,isobaric,0.9642857142857143,isobaric,389.59999999999997,392.8228454589844,,,3.814697265625e-05,True,False,48,CCOCCO,mol_ab8630148ae67e51,0.98,0.821,0.9523282051086426,0.9993737936019897,64.818359375,CO,mol_a85d32e4db2ff39c,0.02,0.179,0.047671858221292496,0.45715901255607605,347.5603332519531,,,,,,,
state_84da25b0e55f3648fc0e74a1,3c_f6a2de3ac0acbac84e4f,3,ternary_vle_english.xlsx,10.1016/j.fluid.2005.01.007,unverified,0.5,isobaric,0.9818181818181818,isobaric,344.83,350.05596923828125,,,6.866455078125e-05,True,False,48,CC(C)=O,mol_e04cf77cea7bbe66,0.041,0.122,0.1248234212398529,1.7368310689926147,177.5677490234375,CC(C)CC(C)(C)C,mol_57615b5c3546c298,0.7949999999999999,0.4119999999999999,0.43319225311279297,1.0566667318344116,52.237815856933594,CCO,mol_f29e20f49d416e54,0.164,0.466,0.44198429584503174,2.41536021232605,113.02916717529297
state_855715d11322fea05f1aaec7,3c_f6a2de3ac0acbac84e4f,3,ternary_vle_english.xlsx,10.1016/j.fluid.2005.01.007,unverified,0.5,isobaric,0.9818181818181818,isobaric,347.74,358.11810302734375,,,0.0,True,False,48,CC(C)=O,mol_e04cf77cea7bbe66,0.036,0.159,0.1447446346282959,1.9572641849517822,208.09408569335938,CC(C)CC(C)(C)C,mol_57615b5c3546c298,0.89,0.45999999999999996,0.5585972666740417,1.0144281387329102,62.67533874511719,CCO,mol_f29e20f49d416e54,0.074,0.381,0.29665809869766235,3.0414021015167236,133.52415466308594
state_858763978277639394673b53,2c_b11dff0fda4f01349610,2,binary_vle_english.xlsx,10.1016/j.jct.2015.03.013,unverified,0.5,isobaric,0.8888888888888888,isobaric,391.4,389.0278015136719,,,-1.52587890625e-05,True,False,48,COCCO,mol_d291b272a64498d9,0.6897,0.45489999999999997,0.4095553159713745,1.0620681047439575,74.92122650146484,O,mol_e81dc06beaa39499,0.3103,0.5451,0.5904446840286255,2.115349292755127,120.5369644165039,,,,,,,
state_870cf8e6fbc3340a9a8d3795,2c_ef978bac8ab2c7c131e7,2,binary_vle_english.xlsx,10.1016/j.fluid.2015.03.013,unverified,0.5,isobaric,0.9629629629629629,isobaric,431.53999999999996,420.4218444824219,,,-2.288818359375e-05,True,False,48,CC(=O)N(C)C,mol_b8ccf255e2b62919,0.962,0.8049999999999999,0.9153681993484497,0.9999708533287048,96.39232635498047,CCC(C)OC(C)=O,mol_879306ab1082c162,0.038,0.195,0.08463180810213089,1.4229223728179932,158.5542449951172,,,,,,,
state_879e781c81e21192c946e6fa,2c_9f331b7867f625e21322,2,binary_vle_english.xlsx,10.1016/j.jct.2015.03.013,unverified,0.5,isobaric,0.9090909090909091,isobaric,402.7,412.545166015625,,,-1.52587890625e-05,True,False,48,CCC(C)=O,mol_4cfc5db0ca2ab00b,0.0332,0.1687,0.159758061170578,3.467409133911133,185.96212768554688,COCCO,mol_d291b272a64498d9,0.9668,0.8313,0.8402419090270996,1.0011167526245117,116.32896423339844,,,,,,,
state_87a1e1cc6ff0cdf5c68c8484,2c_cf0c7a81519bf48241a1,2,binary_vle_english.xlsx,10.1016/j.fluid.2007.03.030,unverified,0.5,isobaric,0.9545454545454546,isobaric,393.97999999999996,406.12481689453125,,,0.00067901611328125,True,False,48,CCCOCCC,mol_e13b90e4aa2e917d,0.066,0.379,0.22643886506557465,2.047358751296997,169.75601196289062,CCOCCO,mol_ab8630148ae67e51,0.9339999999999999,0.621,0.7735611796379089,1.0020439624786377,83.72845458984375,,,,,,,
state_886b0bfaeb1696ce43163799,2c_21b807a1a6c6348c91ac,2,binary_vle_english.xlsx,10.1016/j.fluid.2018.07.027,unverified,0.5,isobaric,0.9629629629629629,isobaric,385.16999999999996,398.26092529296875,,,3.814697265625e-05,True,False,48,CC(C)CC(C)(C)C,mol_57615b5c3546c298,0.033,0.1863,0.16448478400707245,3.6298787593841553,139.10060119628906,CCCCO,mol_ad4ef9c6c876ca2f,0.967,0.8137,0.8355152010917664,1.001191258430481,87.42188262939453,,,,,,,
state_88d68d40cf9406d151b15e44,2c_03ee8ab4245c0677d4ed,2,binary_vle_english.xlsx,10.1016/j.fluid.2018.05.024,unverified,0.5,isobaric,0.95,isobaric,354.65,342.7522277832031,,,3.0517578125e-05,True,False,48,CCO,mol_f29e20f49d416e54,0.192,0.386,0.23741431534290314,1.2975536584854126,96.53607177734375,COC(=O)OC,mol_0ec85594f0f896ea,0.808,0.614,0.7625856399536133,1.0243618488311768,93.33255767822266,,,,,,,
state_8916c58a913c2c5b957a386d,2c_7e396008deb1d14f8e15,2,binary_vle_english.xlsx,10.1016/j.fluid.2015.11.007,passed,1.0,isobaric,0.9090909090909091,isobaric,382.28,360.4259033203125,,,2.86102294921875e-06,True,False,48,CC(=O)N(C)C,mol_b8ccf255e2b62919,0.642,0.604,0.8411474823951721,0.5558645129203796,28.284440994262695,CC(=O)O,mol_9ac385b135af0125,0.358,0.396,0.15885251760482788,0.1403418481349945,37.940521240234375,,,,,,,
state_892f73069d545379b0664a7a,3c_f6a2de3ac0acbac84e4f,3,ternary_vle_english.xlsx,10.1016/j.fluid.2005.01.007,unverified,0.5,isobaric,0.9818181818181818,isobaric,354.94,366.6287536621094,,,5.340576171875e-05,True,False,48,CC(C)=O,mol_e04cf77cea7bbe66,0.032,0.186,0.16164320707321167,2.0956387519836426,244.174560546875,CC(C)CC(C)(C)C,mol_57615b5c3546c298,0.943,0.584,0.7032661437988281,1.0031895637512207,75.30683135986328,CCO,mol_f29e20f49d416e54,0.025,0.23,0.13509058952331543,3.4657111167907715,157.94363403320312
state_898b08f402ba11779cf3ec07,3c_f0c258463b44c2183ab7,3,ternary_vle_english.xlsx,10.1016/j.fluid.2005.03.014,unverified,0.5,isobaric,0.9767441860465116,isobaric,419.34,413.0311584472656,,,-1.52587890625e-05,True,False,48,CC(=O)OCC(C)C,mol_e7eb29ad965cc8ee,0.044,0.155,0.13573390245437622,2.3203585147857666,134.6758270263672,CC(C)CO,mol_015d21fca05fcd26,0.049,0.114,0.1264904886484146,1.852651834487915,141.1487579345703,CN(C)C=O,mol_ca12d6d2f2ffb170,0.907,0.731,0.7377756237983704,1.0024380683898926,82.19937896728516
state_89b9c1dd895d06a97fa3c656,2c_132d59f7f663b60d969d,2,binary_vle_english.xlsx,10.1016/j.fluid.2006.02.002,unverified,0.5,isobaric,0.9545454545454546,isobaric,472.67999999999995,485.7182922363281,,,0.00019073486328125,True,False,48,CC(=O)O,mol_9ac385b135af0125,0.1081,0.2112,0.37824833393096924,1.0818308591842651,327.7412414550781,CN1CCCC1=O,mol_f50e4145cb9a22d5,0.8919,0.7888,0.6217516660690308,0.9989025592803955,70.71585845947266,,,,,,,
state_8b75612ef4fb8c2fc1d612be,2c_7c57a80413db66443080,2,binary_vle_english.xlsx,10.1016/j.jct.2010.05.014,unverified,0.5,isobaric,0.9259259259259259,isobaric,413.15,426.21514892578125,,,6.103515625e-05,True,False,48,CCC(=O)O,mol_86c4db256d6270c6,0.6155999999999999,0.6279,0.5473707914352417,1.2564219236373901,64.61277770996094,CCCCCO,mol_243de2450bee5519,0.3844,0.3721,0.4526292085647583,1.751328945159912,61.385005950927734,,,,,,,
state_8c0b5629f77959b48eebc10f,2c_74a658fab9cc22057bbd,2,binary_vle_english.xlsx,10.1016/j.jct.2019.03.036,unverified,0.5,isobaric,0.9473684210526315,isobaric,463.27,441.8935241699219,,,7.62939453125e-06,True,False,48,CCCOC(C)=O,mol_67043ae833ecd0c7,0.0,0.0,0.0,1.592183232307434,220.3577117919922,CS(C)=O,mol_7d3e12eaed0f467c,1.0,1.0,1.0,1.0,101.29994201660156,,,,,,,
state_8c5acaf275258d8664e43ef0,2c_d66c7a74cea5d8732e08,2,binary_vle_english.xlsx,10.1016/j.jct.2006.04.006,unverified,0.5,isobaric,0.9444444444444444,isobaric,369.53,378.85955810546875,,,-1.52587890625e-05,True,False,48,CC(C)O,mol_db030b5de88f8eaf,0.004,0.092,0.02199023775756359,3.131922721862793,177.81483459472656,O,mol_e81dc06beaa39499,0.996,0.908,0.9780097603797913,1.0000269412994385,99.46751403808594,,,,,,,
state_8c985d0d450e29b0f259e337,2c_fb0ad4b474929fdd899d,2,binary_vle_english.xlsx,10.1016/j.fluid.2007.09.014,unverified,0.5,isobaric,0.9583333333333334,isobaric,397.44,404.8507080078125,,,0.0007781982421875,True,False,48,CC(C)OC(C)C,mol_1a0ca8e5eeb68da8,0.0,0.0,0.0,2.521982192993164,285.8643798828125,COCCO,mol_d291b272a64498d9,1.0,1.0,1.0,1.0,101.30071258544922,,,,,,,
state_8cd01de4eea7bda3009413a4,2c_82cfa7a14fa3ab1984f1,2,binary_vle_english.xlsx,10.1016/j.jct.2019.07.006,unverified,0.5,isobaric,0.9333333333333333,isobaric,373.12,379.8027648925781,,,7.62939453125e-06,True,False,48,CC#N,mol_7028b7cbd3d829b4,0.0,0.0,0.0,2.2456674575805664,223.3464813232422,O,mol_e81dc06beaa39499,1.0,1.0,1.0,1.0,101.29994201660156,,,,,,,
state_8cd1b1a3a763b3fdd439c6e7,2c_f84a6616de8e67ab84b6,2,binary_vle_english.xlsx,10.1016/j.fluid.2005.06.019,unverified,0.5,isobaric,0.96,isobaric,429.13,478.5185546875,,,-3.814697265625e-05,True,False,48,CC(C)CO,mol_015d21fca05fcd26,0.008,0.037,0.06362174451351166,2.1625759601593018,372.5231018066406,CCCCCCO,mol_eb71ecc709e3f0dc,0.992,0.963,0.9363782405853271,1.0000262260437012,95.61747741699219,,,,,,,
state_8d2f6dfa6225900071c5635f,2c_972bb6b6305c64cb2237,2,binary_vle_english.xlsx,10.1016/j.jct.2017.07.019,unverified,0.5,isobaric,0.95,isobaric,382.15,373.05096435546875,,,0.00045013427734375,True,False,48,ClC(Cl)Cl,mol_d9e0a2387a6283f9,0.0,0.0,0.0,1.6474133729934692,233.36000061035156,OCC(F)(F)C(F)F,mol_48469952cf716332,1.0,1.0,1.0,1.0,101.30038452148438,,,,,,,
state_8d8f95006c5df8744f15dfd4,2c_e06683c33855ee8d702b,2,binary_vle_english.xlsx,10.1016/j.fluid.2012.12.020,unverified,0.5,isobaric,0.9565217391304348,isobaric,390.85999999999996,406.0928955078125,,,0.00080108642578125,True,False,48,CC(C)O,mol_db030b5de88f8eaf,0.0,0.0,0.0,1.347517967224121,283.88983154296875,CCCCO,mol_ad4ef9c6c876ca2f,1.0,1.0,1.0,1.0,101.00076293945312,,,,,,,
state_8d9635063e4aca97a7b85249,2c_b94de72ffbeb53d6294b,2,binary_vle_english.xlsx,10.1016/j.fluid.2014.04.025,unverified,0.5,isobaric,0.9285714285714286,isobaric,450.21999999999997,437.103515625,,,0.00035858154296875,True,False,48,CS(C)=O,mol_7d3e12eaed0f467c,0.9761,0.6852,0.9015577435493469,0.9999887943267822,93.56529998779297,Cc1ccccc1,mol_1c09299644053521,0.0239,0.3148,0.09844222664833069,1.9818733930587769,210.53208923339844,,,,,,,
state_8dc0032e2ffa4f39c1780dca,2c_132d59f7f663b60d969d,2,binary_vle_english.xlsx,10.1016/j.fluid.2006.02.002,unverified,0.5,isobaric,0.9545454545454546,isobaric,475.02,496.3055114746094,,,-7.62939453125e-06,True,False,48,CC(=O)O,mol_9ac385b135af0125,0.06,0.1123,0.2318243831396103,1.046527624130249,374.106689453125,CN1CCCC1=O,mol_f50e4145cb9a22d5,0.94,0.8877,0.7681756019592285,0.9994984269142151,82.84929656982422,,,,,,,
state_8e1ca7f6c5e725e4b27782ec,3c_61bfd4ccc52903a74083,3,ternary_vle_english.xlsx,10.1016/j.fluid.2007.03.030,unverified,0.5,isobaric,0.9761904761904762,isobaric,375.08,378.7265625,,,7.62939453125e-06,True,False,48,CCCO,mol_5fb2f93dc8caa9dc,0.045,0.192,0.06626282632350922,1.1835521459579468,126.03153228759766,CCCOCCC,mol_e13b90e4aa2e917d,0.56,0.696,0.6872740387916565,1.2102711200714111,102.7231674194336,CCOCCO,mol_ab8630148ae67e51,0.3949999999999999,0.1120000000000001,0.2464631348848343,1.3043773174285889,48.457481384277344
state_8f12d10857dd6de1ec17c17d,2c_e923997b8f9df5a64a73,2,binary_vle_english.xlsx,10.1016/j.fluid.2018.03.011,unverified,0.5,isobaric,0.9090909090909091,isobaric,351.04999999999995,347.7474365234375,,,3.0517578125e-05,True,False,48,CC(C)O,mol_db030b5de88f8eaf,0.924,0.79,0.8674874901771545,0.9983862042427063,95.25810241699219,ClC(Cl)Cl,mol_d9e0a2387a6283f9,0.076,0.21,0.13251250982284546,1.2262940406799316,144.0316619873047,,,,,,,
state_8f38a6e9bca9646ef2ab38af,3c_20e37ef734cab2512529,3,ternary_vle_english.xlsx,10.1016/j.fluid.2012.12.020,unverified,0.5,isobaric,0.9230769230769231,isobaric,403.03999999999996,435.9582824707031,,,0.0001373291015625,True,False,48,CC(C)O,mol_db030b5de88f8eaf,0.0151,0.1974,0.09379351139068604,1.4149205684661865,443.3896789550781,CCCCCO,mol_243de2450bee5519,0.909,0.49660000000000004,0.65940922498703,1.0037744045257568,72.99225616455078,CCCCO,mol_ad4ef9c6c876ca2f,0.0759,0.306,0.24679727852344513,1.966355800628662,167.01608276367188
state_8fb32acc0cc802596ee83b82,2c_784276d4500715f79c89,2,binary_vle_english.xlsx,10.1016/j.fluid.2013.05.019,passed,1.0,isobaric,0.7142857142857143,isobaric,371.34,383.2919921875,,,-1.52587890625e-05,True,False,48,CCCCCCC,mol_fddb2c852c313396,0.999862,0.999752,0.9996727108955383,1.0,101.31085968017578,c1ccsc1,mol_7953343be0b435d5,0.000138,0.000248,0.00032730860402807593,1.3711508512496948,175.2795867919922,,,,,,,
state_8fff241bae5af219ddd06a6d,2c_7c57a80413db66443080,2,binary_vle_english.xlsx,10.1016/j.jct.2010.05.014,unverified,0.5,isobaric,0.8928571428571429,isobaric,413.25,426.0220947265625,,,0.0001068115234375,True,False,48,CCC(=O)O,mol_86c4db256d6270c6,0.5398000000000001,0.5343,0.5268912315368652,1.384079933166504,64.38697052001953,CCCCCO,mol_243de2450bee5519,0.4602,0.4657,0.4731087386608124,1.5344337224960327,61.16983413696289,,,,,,,
state_9237d094fd45028e309244c2,2c_7c6b847ee4cb190db3ef,2,binary_vle_english.xlsx,10.1016/j.fluid.2005.06.024,unverified,0.5,isobaric,0.9666666666666667,isobaric,390.39,387.4740905761719,,,2.288818359375e-05,True,False,48,CCC(C)=O,mol_4cfc5db0ca2ab00b,0.1027,0.3048,0.2917547821998596,2.414788246154785,119.20244598388672,CCOC(=O)OCC,mol_4df2781fcf4d4a77,0.8973,0.6952,0.7082452178001404,1.0086984634399414,79.28688049316406,,,,,,,
state_92c525e456d5ce3d140ad992,2c_b0bc67c353a1662f4845,2,binary_vle_english.xlsx,10.1016/j.fluid.2012.09.019,passed,1.0,isobaric,0.9285714285714286,isobaric,393.12,362.5229797363281,,,9.5367431640625e-06,True,False,48,CCCCCCCCCC,mol_91b5da48af8329ea,1.0,1.0,1.0,1.0,19.999963760375977,Cc1ccc(C)cc1,mol_e7658ba520613aac,0.0,0.0,0.0,0.20704606175422668,25.466182708740234,,,,,,,
state_92cedf5bda2f78f2fc794fdd,2c_37c45ee575c800aa7033,2,binary_vle_english.xlsx,10.1016/j.fluid.2005.09.015,unverified,0.5,isobaric,0.9545454545454546,isobaric,418.68999999999994,467.3553161621094,,,0.000396728515625,True,False,48,CC(=O)OCC(C)C,mol_e7eb29ad965cc8ee,0.0,0.0,0.0,2.0628223419189453,306.6116943359375,CCCCOC(=O)CC,mol_a9c167bbb331e76a,1.0,1.0,1.0,1.0,101.30033111572266,,,,,,,
state_92eda35309a71760c8bbd979,3c_c45f0751ac63a91a45e8,3,ternary_vle_english.xlsx,10.1016/j.fluid.2005.06.019,unverified,0.5,isobaric,0.9767441860465116,isobaric,407.53999999999996,410.72955322265625,,,0.00107574462890625,True,False,48,CC(=O)OCC(C)C,mol_e7eb29ad965cc8ee,0.173,0.341,0.4243144989013672,1.9195120334625244,129.43887329101562,CC(C)CO,mol_015d21fca05fcd26,0.139,0.345,0.37046417593955994,1.9903353452682495,135.64974975585938,CCCCCCO,mol_eb71ecc709e3f0dc,0.688,0.31400000000000006,0.20522134006023407,1.046781301498413,28.866350173950195
state_9528c74bb4e549cc51fcf1bc,3c_1a08c4f653f7d812cdc9,3,ternary_vle_english.xlsx,10.1016/j.jct.2019.03.036,unverified,0.5,isobaric,0.972972972972973,isobaric,387.47999999999996,399.35296630859375,,,3.814697265625e-05,True,False,48,CCCOC(C)=O,mol_67043ae833ecd0c7,0.3336,0.777,0.5069898366928101,1.4195891618728638,108.44757843017578,CCOC(C)=O,mol_18876b584acc43d4,0.0595,0.1661,0.19686059653759003,1.4531276226043701,230.6467742919922,CS(C)=O,mol_7d3e12eaed0f467c,0.6069,0.05689999999999995,0.29614952206611633,1.056089162826538,46.806121826171875
state_9588e975e92704496bbf8d41,2c_d66c7a74cea5d8732e08,2,binary_vle_english.xlsx,10.1016/j.jct.2017.02.005,unverified,0.5,isobaric,0.96875,isobaric,369.28999999999996,378.2063293457031,,,0.0018157958984375,True,False,48,CC(C)O,mol_db030b5de88f8eaf,0.004,0.102,0.021793173626065254,3.101226568222046,175.68516540527344,O,mol_e81dc06beaa39499,0.996,0.898,0.9782068133354187,1.000026822090149,98.21273040771484,,,,,,,
state_95e4393a7585140eb1cb9b58,2c_7b12ee2d0e35e39326bc,2,binary_vle_english.xlsx,10.1016/j.fluid.2011.08.007,unverified,0.5,isobaric,0.9666666666666667,isobaric,392.78,405.1414489746094,,,0.00041961669921875,True,False,48,CCOCCO,mol_ab8630148ae67e51,0.94,0.616,0.8239644765853882,0.9950690865516663,82.20616149902344,CO,mol_a85d32e4db2ff39c,0.06,0.384,0.17603552341461182,0.6516252160072327,420.17303466796875,,,,,,,
state_96697f7f89113c17bcdd0109,2c_079ccab2da1cc47051a9,2,binary_vle_english.xlsx,10.1016/j.fluid.2006.02.009,unverified,0.5,isobaric,0.9545454545454546,isobaric,376.38,377.4910583496094,,,0.00122833251953125,True,False,48,CCCCCl,mol_f7989a5c13417f20,0.1725,0.3498,0.39431214332580566,1.7217066287994385,134.49505615234375,Cc1ccccc1,mol_1c09299644053521,0.8275,0.6502,0.6056878566741943,1.012091040611267,73.26148223876953,,,,,,,
state_96acb77ab7bd6774da748979,2c_ef978bac8ab2c7c131e7,2,binary_vle_english.xlsx,10.1016/j.fluid.2015.03.013,unverified,0.5,isobaric,0.9629629629629629,isobaric,435.65999999999997,422.2172546386719,,,-2.288818359375e-05,True,False,48,CC(=O)N(C)C,mol_b8ccf255e2b62919,0.986,0.911,0.9680758118629456,0.9999909400939941,99.45931243896484,CCC(C)OC(C)=O,mol_879306ab1082c162,0.014,0.089,0.03192420303821564,1.4143471717834473,163.3221435546875,,,,,,,
state_96e0537ed4ca3cc80d8af6fe,2c_132d59f7f663b60d969d,2,binary_vle_english.xlsx,10.1016/j.fluid.2006.02.002,unverified,0.5,isobaric,0.9545454545454546,isobaric,470.4,472.42462158203125,,,0.0,True,False,48,CC(=O)O,mol_9ac385b135af0125,0.1761,0.3266,0.533881425857544,1.116077184677124,275.25140380859375,CN1CCCC1=O,mol_f50e4145cb9a22d5,0.8239,0.6734,0.4661185145378113,0.9989887475967407,57.385154724121094,,,,,,,
state_9765cda2171f6b866ac82c2f,2c_8227101c64130ee5e04f,2,binary_vle_english.xlsx,10.1016/j.jct.2017.07.019,unverified,0.5,isobaric,0.9411764705882353,isobaric,382.15,373.05096435546875,,,0.00045013427734375,True,False,48,O,mol_e81dc06beaa39499,0.0,0.0,0.0,2.0542855262756348,88.71062469482422,OCC(F)(F)C(F)F,mol_48469952cf716332,1.0,1.0,1.0,1.0,101.30038452148438,,,,,,,
state_97e6157a9e3b42b7b090fc37,2c_d66c7a74cea5d8732e08,2,binary_vle_english.xlsx,10.1016/j.fluid.2017.09.010,unverified,0.5,isobaric,0.9473684210526315,isobaric,367.09999999999997,375.8907775878906,,,0.000823974609375,True,False,48,CC(C)O,mol_db030b5de88f8eaf,0.0172,0.2292,0.08625651150941849,3.0098800659179688,168.2825164794922,O,mol_e81dc06beaa39499,0.9828,0.7708,0.9137434959411621,1.0004960298538208,93.8573989868164,,,,,,,
state_98353b3f692a1cf420cee034,3c_1a08c4f653f7d812cdc9,3,ternary_vle_english.xlsx,10.1016/j.jct.2019.03.036,unverified,0.5,isobaric,0.972972972972973,isobaric,387.46,396.0389099121094,,,7.62939453125e-06,True,False,48,CCCOC(C)=O,mol_67043ae833ecd0c7,0.4217,0.8221,0.5616193413734436,1.3230987787246704,101.96600341796875,CCOC(C)=O,mol_18876b584acc43d4,0.0615,0.1217,0.1898171454668045,1.4337772130966187,218.06594848632812,CS(C)=O,mol_7d3e12eaed0f467c,0.5167999999999999,0.05619999999999992,0.24856355786323547,1.1131863594055176,43.76795959472656
state_987512454c9e17d44e63efb2,2c_94ed5d0a73a3c26e5ef5,2,binary_vle_english.xlsx,10.1016/j.jct.2013.08.020,unverified,0.5,isobaric,0.9411764705882353,isobaric,373.15,379.8027648925781,,,7.62939453125e-06,True,False,48,CCO,mol_f29e20f49d416e54,0.0,0.0,0.0,2.4429092407226562,201.82080078125,O,mol_e81dc06beaa39499,1.0,1.0,1.0,1.0,101.29994201660156,,,,,,,
state_98f3b9b9c15842705076b6e6,3c_6b60b4a3a536506a27ae,3,ternary_vle_english.xlsx,10.1016/j.fluid.2006.08.004,unverified,0.5,isobaric,0.9821428571428571,isobaric,360.38,368.7348937988281,,,3.0517578125e-05,True,False,48,CC(C)CC(C)(C)C,mol_57615b5c3546c298,0.925,0.667,0.7212997078895569,1.0036548376083374,78.70438385009766,CC(C)OC(C)C,mol_1a0ca8e5eeb68da8,0.047,0.08,0.1169850304722786,1.664416790008545,151.48849487304688,CCO,mol_f29e20f49d416e54,0.028,0.253,0.1617153137922287,3.5576977729797363,164.44979858398438
state_99cde9f464d95d8be3ee4f8e,3c_2d8df0569d9d03284715,3,ternary_vle_english.xlsx,10.1016/j.fluid.2007.06.005,unverified,0.5,isobaric,0.9807692307692307,isobaric,349.64,358.4758605957031,,,2.288818359375e-05,True,False,48,CC(C)CC(C)(C)C,mol_57615b5c3546c298,0.42799999999999994,0.31200000000000006,0.43405553698539734,1.6262450218200684,63.172027587890625,CCC(C)=O,mol_4cfc5db0ca2ab00b,0.527,0.588,0.44355645775794983,1.2928544282913208,65.94743347167969,CCO,mol_f29e20f49d416e54,0.045,0.1,0.12238800525665283,2.048518180847168,134.49179077148438
state_99e7b4492279510de72910dc,3c_2cb16216a8c609b7ad27,3,ternary_vle_english.xlsx,10.1016/j.fluid.2005.09.015,unverified,0.5,isobaric,0.9767441860465116,isobaric,404.0,414.1648254394531,,,-2.288818359375e-05,True,False,48,CC(=O)OCC(C)C,mol_e7eb29ad965cc8ee,0.187,0.284,0.4666590988636017,1.8410413265228271,137.3104705810547,CC(C)CO,mol_015d21fca05fcd26,0.094,0.249,0.24301014840602875,1.819695234298706,143.91529846191406,CCCCOC(=O)CC,mol_a9c167bbb331e76a,0.719,0.4670000000000001,0.29033079743385315,1.0222924947738647,40.012725830078125
state_9a1970288bf9fe79c77de017,2c_21b807a1a6c6348c91ac,2,binary_vle_english.xlsx,10.1016/j.fluid.2018.07.027,unverified,0.5,isobaric,0.9629629629629629,isobaric,390.25,406.25701904296875,,,0.000885009765625,True,False,48,CC(C)CC(C)(C)C,mol_57615b5c3546c298,0.0,0.0,0.0,3.835512399673462,160.001220703125,CCCCO,mol_ad4ef9c6c876ca2f,1.0,1.0,1.0,1.0,101.30081939697266,,,,,,,
state_9ac12d42eb005121f362de54,3c_c1f86c0bca7d787912fb,3,ternary_vle_english.xlsx,10.1016/j.jct.2011.10.025,unverified,0.5,isobaric,0.9807692307692307,isobaric,364.19,371.7648620605469,,,0.0001983642578125,True,False,48,C1CCOCC1,mol_626f3d1f5bbb6f55,0.047,0.049,0.09906690567731857,2.255767822265625,94.6556167602539,CC(C)CC(C)(C)C,mol_57615b5c3546c298,0.918,0.735,0.764606773853302,1.0069700479507446,83.78936767578125,CC(C)O,mol_db030b5de88f8eaf,0.035,0.216,0.13632631301879883,2.5349721908569336,155.64976501464844
state_9b4738ac287dfe86d0bba8b1,2c_f33ec9a350eb94b685d6,2,binary_vle_english.xlsx,10.1016/j.jct.2011.10.025,unverified,0.5,isobaric,0.9545454545454546,isobaric,372.37,381.26153564453125,,,7.62939453125e-06,True,False,48,C1CCOCC1,mol_626f3d1f5bbb6f55,0.0,0.0,0.0,2.8137893676757812,114.24335479736328,CC(C)CC(C)(C)C,mol_57615b5c3546c298,1.0,1.0,1.0,1.0,101.29994201660156,,,,,,,
state_9bcc0b30faf96ba2fd1e8f6d,3c_bd75ed1e70032dcf0b2e,3,ternary_vle_english.xlsx,10.1016/j.fluid.2014.09.021,unverified,0.5,isobaric,0.9444444444444444,isobaric,402.58,399.8699951171875,,,9.918212890625e-05,True,False,48,CCC(C)O,mol_06affb0d2c6c8ff2,0.254,0.551,0.4800066351890564,1.6231145858764648,117.94347381591797,CCC(C)OC(C)=O,mol_879306ab1082c162,0.024,0.08,0.04244357347488403,1.6164124011993408,110.83019256591797,CN(C)C=O,mol_ca12d6d2f2ffb170,0.722,0.369,0.47754979133605957,1.0444718599319458,64.14965057373047
state_9d65814fc70382f12eb15f93,2c_1423cf5c6cbb9a123e33,2,binary_vle_english.xlsx,10.1016/j.fluid.2008.09.010,unverified,0.5,isobaric,0.8823529411764706,isobaric,398.65,365.24383544921875,,,-9.5367431640625e-07,True,False,48,CC(=O)O,mol_9ac385b135af0125,0.2809,0.3106,0.1278311312198639,0.1431937962770462,42.363304138183594,CS(C)=O,mol_7d3e12eaed0f467c,0.7191000000000001,0.6894,0.8721688389778137,0.7304801344871521,22.132577896118164,,,,,,,
state_9d928057d12e7bddb8b81472,3c_f6a2de3ac0acbac84e4f,3,ternary_vle_english.xlsx,10.1016/j.fluid.2005.01.007,unverified,0.5,isobaric,0.9818181818181818,isobaric,348.84,358.4638977050781,,,-7.62939453125e-06,True,False,48,CC(C)=O,mol_e04cf77cea7bbe66,0.068,0.321,0.2792154550552368,1.9856117963790894,209.48130798339844,CC(C)CC(C)(C)C,mol_57615b5c3546c298,0.895,0.47,0.5637674331665039,1.0103591680526733,63.155372619628906,CCO,mol_f29e20f49d416e54,0.037,0.209,0.15701717138290405,3.1971545219421387,134.45933532714844
state_9eae2185500147bdaf581523,3c_e0e1cd9a389a64136bfe,3,ternary_vle_english.xlsx,10.1016/j.fluid.2013.10.060,unverified,0.5,isobaric,0.9736842105263158,isobaric,346.28,350.698486328125,,,1.52587890625e-05,True,False,48,C1CCOCC1,mol_626f3d1f5bbb6f55,0.7150000000000001,0.486,0.4682692587375641,1.0236749649047852,60.138893127441406,CCCCCC,mol_c55e04e90e298cf6,0.103,0.216,0.20960599184036255,1.7919119596481323,106.75241088867188,CCO,mol_f29e20f49d416e54,0.182,0.298,0.322124719619751,1.452113151550293,114.57242584228516
state_9fcfb3ca14062a65beccaa26,3c_e0e1cd9a389a64136bfe,3,ternary_vle_english.xlsx,10.1016/j.fluid.2013.10.060,unverified,0.5,isobaric,0.9736842105263158,isobaric,344.04999999999995,346.4942321777344,,,0.0001220703125,True,False,48,C1CCOCC1,mol_626f3d1f5bbb6f55,0.6080000000000001,0.393,0.3721921443939209,1.0544294118881226,54.57258605957031,CCCCCC,mol_c55e04e90e298cf6,0.109,0.24,0.20348945260047913,1.8003705739974976,97.47245788574219,CCO,mol_f29e20f49d416e54,0.283,0.367,0.4243183434009552,1.3455121517181396,104.74810028076172
state_a0071cc28cb1f98ac763af45,2c_46777e532a11b24ee585,2,binary_vle_english.xlsx,10.1016/j.fluid.2012.12.020,unverified,0.5,isobaric,0.9629629629629629,isobaric,411.09999999999997,455.4836120605469,,,2.288818359375e-05,True,False,48,CC(C)O,mol_db030b5de88f8eaf,0.0,0.0,0.0,1.3939809799194336,574.9802856445312,CCCCCO,mol_243de2450bee5519,1.0,1.0,1.0,1.0,100.99998474121094,,,,,,,
state_a01f561cd5623f0d0b3be6be,2c_a1a215858c9235f0cf6a,2,binary_vle_english.xlsx,10.1016/j.fluid.2015.03.013,unverified,0.5,isobaric,0.9666666666666667,isobaric,436.9,420.2869873046875,,,0.0,True,False,48,CC(=O)N(C)C,mol_b8ccf255e2b62919,0.981,0.924,0.9314805865287781,1.0002257823944092,96.16475677490234,CCC(C)O,mol_06affb0d2c6c8ff2,0.019,0.076,0.06851939111948013,2.173034429550171,168.1134490966797,,,,,,,
state_a04aa14fa26c78ddf0858a2c,3c_e0e1cd9a389a64136bfe,3,ternary_vle_english.xlsx,10.1016/j.fluid.2013.10.060,unverified,0.5,isobaric,0.9487179487179487,isobaric,342.88,346.4875183105469,,,0.0001678466796875,True,False,48,C1CCOCC1,mol_626f3d1f5bbb6f55,0.616,0.377,0.3792237341403961,1.0605647563934326,54.564002990722656,CCCCCC,mol_c55e04e90e298cf6,0.28,0.422,0.43759873509407043,1.5074000358581543,97.45813751220703,CCO,mol_f29e20f49d416e54,0.104,0.201,0.18317751586437225,1.580826759338379,104.73291015625
state_a07d71dabe7e55605a706b62,2c_0afc81efacf81d2f9881,2,binary_vle_english.xlsx,10.1016/j.fluid.2011.10.009,unverified,0.5,isobaric,0.9375,isobaric,420.7,411.3901062011719,,,-7.62939453125e-06,True,False,48,CCCCCCCCC,mol_dd70207e50d8bf63,0.973,0.916,0.9766503572463989,0.9994407296180725,101.73686981201172,Cc1ccccc1,mol_1c09299644053521,0.027000000000000024,0.08399999999999996,0.023349616676568985,0.6319143176078796,138.6331024169922,,,,,,,
state_a1b5f339fb3e4c1583436c4d,2c_72d232cf7a8125302e6c,2,binary_vle_english.xlsx,10.1016/j.fluid.2009.01.006,unverified,0.5,isobaric,0.9333333333333333,isobaric,408.9,411.2818298339844,,,0.00121307373046875,True,False,48,CN(C)C=O,mol_ca12d6d2f2ffb170,0.9588,0.6449,0.7533944249153137,0.9998955130577087,79.6075210571289,ClC(Cl)Cl,mol_d9e0a2387a6283f9,0.0412,0.3551,0.24660560488700867,1.402724027633667,432.26275634765625,,,,,,,
state_a1e1531b6e21af5d9c490bee,2c_045f196d049de4abb690,2,binary_vle_english.xlsx,10.1016/j.jct.2004.09.009,unverified,0.5,isobaric,0.9696969696969697,isobaric,366.54999999999995,370.551513671875,,,0.0001373291015625,True,False,48,CCC(C)O,mol_06affb0d2c6c8ff2,0.7978000000000001,0.6489,0.5260841250419617,1.0087976455688477,66.21659851074219,COC(=O)OC,mol_0ec85594f0f896ea,0.2022,0.3511,0.47391587495803833,1.4357908964157104,165.36312866210938,,,,,,,
state_a25f4e626f5d55714e131c28,2c_ba6de3f53ea6de13738b,2,binary_vle_english.xlsx,10.1016/j.fluid.2006.02.009,unverified,0.5,isobaric,0.9545454545454546,isobaric,383.76,393.9858093261719,,,7.62939453125e-06,True,False,48,CCC(C)Cl,mol_9f4835d3aad75f1c,0.0,0.0,0.0,0.9371609091758728,287.7614440917969,Cc1ccccc1,mol_1c09299644053521,1.0,1.0,1.0,1.0,101.29994201660156,,,,,,,
state_a2a3ea57582460515ee2394f,2c_6ce3ca627d5d8bfa6a1b,2,binary_vle_english.xlsx,10.1016/j.fluid.2018.07.013,unverified,0.5,isobaric,0.95,isobaric,346.15,344.58551025390625,,,0.00091552734375,True,False,48,CCCCCC,mol_c55e04e90e298cf6,0.006000000000000005,0.2218,0.013852275907993317,2.5023629665374756,93.46148681640625,CCO,mol_f29e20f49d416e54,0.994,0.7782,0.9861477613449097,1.0000277757644653,100.49781799316406,,,,,,,
state_a2a6d305beb1a0553a222f25,2c_6f361cb0ec8be0b0e6dd,2,binary_vle_english.xlsx,10.1016/j.fluid.2006.08.004,unverified,0.5,isobaric,0.95,isobaric,343.72999999999996,340.8413391113281,,,-3.0517578125e-05,True,False,48,CC(C)OC(C)C,mol_1a0ca8e5eeb68da8,0.143,0.339,0.2097788155078888,1.756508708000183,84.60271453857422,CCO,mol_f29e20f49d416e54,0.857,0.661,0.7902212142944336,1.0094709396362305,92.53010559082031,,,,,,,
state_a2bab6041378bca31481ccb3,2c_f84a6616de8e67ab84b6,2,binary_vle_english.xlsx,10.1016/j.fluid.2005.06.019,unverified,0.5,isobaric,0.96,isobaric,424.27,460.0317687988281,,,7.62939453125e-06,True,False,48,CC(C)CO,mol_015d21fca05fcd26,0.054,0.211,0.33201104402542114,2.1381564140319824,291.29193115234375,CCCCCCO,mol_eb71ecc709e3f0dc,0.946,0.789,0.6679889559745789,1.0013759136199951,71.43157958984375,,,,,,,
state_a2ce4181002b32044a605764,2c_d66c7a74cea5d8732e08,2,binary_vle_english.xlsx,10.1016/j.jct.2006.04.006,unverified,0.5,isobaric,0.9444444444444444,isobaric,365.15,376.8875427246094,,,0.0011444091796875,True,False,48,CC(C)O,mol_db030b5de88f8eaf,0.013,0.229,0.06716596335172653,3.052845001220703,171.4412078857422,O,mol_e81dc06beaa39499,0.987,0.771,0.9328340291976929,1.0002840757369995,95.71454620361328,,,,,,,
state_a31a10a54b3943afdab1f8b7,2c_41231e1cce231dacd490,2,binary_vle_english.xlsx,10.1016/j.jct.2019.01.027,unverified,0.5,isobaric,0.9411764705882353,isobaric,411.45,431.0234375,,,0.0001068115234375,True,False,48,COC(=O)OC,mol_0ec85594f0f896ea,0.0,0.0,0.0,0.7872025966644287,444.7684326171875,Cc1ccc(C)cc1,mol_e7658ba520613aac,1.0,1.0,1.0,1.0,101.30004119873047,,,,,,,
state_a3c96d8e95d03e7b1da0cd13,3c_2254869a6d8c8579192d,3,ternary_vle_english.xlsx,10.1016/j.fluid.2015.01.005,unverified,0.5,isobaric,0.9545454545454546,isobaric,374.84999999999997,367.02886962890625,,,1.52587890625e-05,True,False,48,CN1CCCC1=O,mol_f50e4145cb9a22d5,0.4004,0.007099999999999884,0.02950548566877842,1.1642177104949951,6.411855220794678,c1ccccc1,mol_7165dcf6be1f831d,0.1204,0.2644,0.23852257430553436,1.4494671821594238,138.45347595214844,c1ccsc1,mol_7953343be0b435d5,0.4792,0.7285,0.7319719195365906,1.2029558420181274,128.6284942626953
state_a428a4792ff7ca2776e14613,2c_acf6c70dfacb27974826,2,binary_vle_english.xlsx,10.1016/j.fluid.2017.05.012,unverified,0.5,isobaric,0.8947368421052632,isobaric,370.2,367.4011535644531,,,2.288818359375e-05,True,False,48,CCCO,mol_5fb2f93dc8caa9dc,1.0,1.0,1.0,1.0,100.99998474121094,CCCOC(C)=O,mol_67043ae833ecd0c7,0.0,0.0,0.0,2.127753257751465,57.15603256225586,,,,,,,
state_a44ac6bf2e088f320e333e86,2c_42d2383a8e4daebeb5e1,2,binary_vle_english.xlsx,10.1016/j.fluid.2010.08.002,unverified,0.5,isobaric,0.9230769230769231,isobaric,413.01,422.49444580078125,,,-1.52587890625e-05,True,False,48,CCCCCCC,mol_fddb2c852c313396,0.037,0.283,0.17533718049526215,2.343468427658081,202.21498107910156,CCCOCCO,mol_770d75a3bb2412ce,0.963,0.7170000000000001,0.8246628046035767,1.0008442401885986,85.56256103515625,,,,,,,
state_a4b0b7037a81b4ae1fff5f3d,2c_50cae961bcfb98dfb10a,2,binary_vle_english.xlsx,10.1016/j.fluid.2011.11.020,passed,1.0,isobaric,0.9375,isobaric,355.14,355.32745361328125,,,0.00087738037109375,True,False,48,CC(C)=C(C)C,mol_ac85c03b48dc0205,0.05489999999999995,0.11509999999999998,0.05756122246384621,0.8256221413612366,128.6821746826172,c1ccsc1,mol_7953343be0b435d5,0.9451,0.8849,0.9424387812614441,0.9988210201263428,101.16487884521484,,,,,,,
state_a4eb90962938be5bfb2aca91,2c_6f361cb0ec8be0b0e6dd,2,binary_vle_english.xlsx,10.1016/j.fluid.2006.08.004,unverified,0.5,isobaric,0.95,isobaric,339.91999999999996,346.0829772949219,,,0.00026702880859375,True,False,48,CC(C)OC(C)C,mol_1a0ca8e5eeb68da8,0.954,0.915,0.8970676064491272,1.0019571781158447,95.06878662109375,CCO,mol_f29e20f49d416e54,0.04600000000000004,0.08499999999999996,0.10293234139680862,2.1833200454711914,103.82140350341797,,,,,,,
state_a4ff0f4c8f3412a335bf7484,2c_1f5028f9412924c6aa2e,2,binary_vle_english.xlsx,10.1016/j.fluid.2005.02.014,passed,1.0,isobaric,0.9285714285714286,isobaric,360.2,372.21044921875,,,0.00030517578125,True,False,48,C1CCOCC1,mol_626f3d1f5bbb6f55,0.9781,0.9429,0.9222602844238281,1.0000191926956177,95.51517486572266,CC(C)(C)Cl,mol_cbd731ac6eef5e90,0.02190000000000003,0.05710000000000004,0.07773970067501068,1.4172725677490234,253.7206573486328,,,,,,,
state_a5691e30be7db0470e580530,2c_ab90a05e58432c71abba,2,binary_vle_english.xlsx,10.1016/j.fluid.2011.05.011,unverified,0.5,isothermal,0.9411764705882353,isothermal,,,81.5499594464,74.30484008789062,0.0,True,False,48,CC(=O)CC(C)C,mol_0a895444a9f0f36b,0.07869999999999999,0.0887,0.10541043430566788,3.084688901901245,32.26373291015625,CC(C)CC(C)(C)C,mol_57615b5c3546c298,0.9213,0.9113,0.8945896029472351,1.009821891784668,71.4488296508789,,,,,,,
state_a7b49c3fa7e027a2ff5528a6,2c_4cc4055379eb0154120e,2,binary_vle_english.xlsx,10.1016/j.fluid.2015.10.041,unverified,0.5,isothermal,0.8,isothermal,,,371.699962214272,633.2935791015625,0.0,True,False,48,CCCC,mol_fadb5806094149e6,0.392,0.904,0.9531352519989014,1.574539065361023,977.9578857421875,CCSCC,mol_a7491cfbf016fee6,0.608,0.096,0.04686477780342102,1.057638168334961,46.154170989990234,,,,,,,
state_a84caea8b821cff90369766d,3c_65250b1389afa8bc1bcc,3,ternary_vle_english.xlsx,10.1016/j.fluid.2013.01.020,unverified,0.5,isothermal,0.9642857142857143,isothermal,,,81.3799734272,68.4886474609375,0.0,True,False,48,CC(=O)C(C)C,mol_b650f1cc3cac74aa,0.5239,0.2429,0.2233857661485672,1.1405194997787476,25.604894638061523,CC(C)C(C)C,mol_7347d05012022dd9,0.3533,0.6312,0.6131060719490051,1.343230962753296,88.4830093383789,CC(C)OC(C)C,mol_1a0ca8e5eeb68da8,0.1228,0.1259,0.16350813210010529,1.28761887550354,70.82266235351562
state_a85593216a9c499a1391f96e,3c_65250b1389afa8bc1bcc,3,ternary_vle_english.xlsx,10.1016/j.fluid.2013.01.020,unverified,0.5,isothermal,0.9642857142857143,isothermal,,,97.78995709248,85.54725646972656,-7.62939453125e-06,True,False,48,CC(=O)C(C)C,mol_b650f1cc3cac74aa,0.20219999999999994,0.1119,0.10651024430990219,1.7599213123321533,25.604894638061523,CC(C)C(C)C,mol_7347d05012022dd9,0.6529,0.7733,0.7348076105117798,1.0881109237670898,88.4830093383789,CC(C)OC(C)C,mol_1a0ca8e5eeb68da8,0.1449,0.1148,0.158682182431221,1.322798252105713,70.82266235351562
state_a89f3b96ca87ec9d44d75e49,2c_b399893600891028146a,2,binary_vle_english.xlsx,10.1016/j.fluid.2013.07.044,unverified,0.5,isothermal,0.9166666666666666,isothermal,,,123.699959411968,91.79461669921875,0.0,True,False,48,CC(C)=O,mol_e04cf77cea7bbe66,0.069,0.219,0.2907654941082001,1.408463716506958,274.6409606933594,CCC(C)O,mol_06affb0d2c6c8ff2,0.931,0.781,0.7092345356941223,0.9997208714485168,69.94853973388672,,,,,,,
state_a8b5742aabc1767a7a9eef2e,2c_500953d4ef1e1d57286b,2,binary_vle_english.xlsx,10.1016/j.fluid.2012.10.015,unverified,0.5,isothermal,0.9333333333333333,isothermal,,,30.730005889792,34.82288360595703,-3.814697265625e-06,True,False,48,CCCCCl,mol_f7989a5c13417f20,0.9254,0.9552,0.9510271549224854,1.0100101232528687,35.43254470825195,CC[N+](=O)[O-],mol_6fdb0ec09de24512,0.0746,0.04479999999999995,0.04897288978099823,3.144813299179077,7.269201755523682,,,,,,,
state_a986e812e9a17d0587bc73fe,2c_40e8c463ab1ddecad6ca,2,binary_vle_english.xlsx,10.1016/j.fluid.2014.12.025,unverified,0.5,isothermal,0.8,isothermal,,,63.699960884351995,53.91368103027344,-3.814697265625e-06,True,False,48,CCCCCCC,mol_fddb2c852c313396,0.1862,0.2928,0.19076025485992432,0.8231939077377319,67.09730529785156,Cc1ccccc1,mol_1c09299644053521,0.8138,0.7072,0.8092397451400757,0.9923135042190552,54.02684020996094,,,,,,,
state_a99bf9e150f62c9a037f2c6a,2c_8742372ba72e435a7962,2,binary_vle_english.xlsx,10.1016/j.fluid.2013.01.020,unverified,0.5,isothermal,0.9444444444444444,isothermal,,,70.19995961382399,54.695472717285156,0.0,True,False,48,CC(=O)C(C)C,mol_b650f1cc3cac74aa,0.7456,0.3549,0.36056599020957947,1.0330164432525635,25.604894638061523,CC(C)C(C)C,mol_7347d05012022dd9,0.2544,0.6451,0.6394339799880981,1.5537104606628418,88.4830093383789,,,,,,,
state_aabb781793480118a86735d9,2c_23001626ba9c10a2709a,2,binary_vle_english.xlsx,10.1016/j.fluid.2011.06.001,unverified,0.5,isothermal,0.9166666666666666,isothermal,,,46.400050412672,46.06925964355469,0.0,True,False,48,CC(C)(C)Cl,mol_cbd731ac6eef5e90,0.5201,0.6711,0.6514865756034851,0.9100388884544373,63.411773681640625,CC(C)OC(C)C,mol_1a0ca8e5eeb68da8,0.4799,0.32889999999999997,0.3485133945941925,0.8951660990715027,37.374576568603516,,,,,,,
state_abcb093ecce91939b233e4b7,2c_98afb8e6c65a310db5e0,2,binary_vle_english.xlsx,10.1016/j.jct.2012.12.026,unverified,0.5,isothermal,0.9166666666666666,isothermal,,,389.79994021631995,351.9603271484375,0.0,True,False,48,F/C=C/C(F)(F)F,mol_0e763ba6787b2749,0.476,0.46799999999999997,0.4586832523345947,0.8810282945632935,384.954833984375,FC(F)C(F)F,mol_fccff6221e62b4bc,0.524,0.532,0.5413167476654053,0.8931038975715637,407.1101379394531,,,,,,,
state_ac7a2e9fcc5d1cdf64d5e365,2c_b399893600891028146a,2,binary_vle_english.xlsx,10.1016/j.fluid.2013.07.044,unverified,0.5,isothermal,0.9166666666666666,isothermal,,,272.300004205824,264.5926513671875,0.0,True,False,48,CC(C)=O,mol_e04cf77cea7bbe66,0.618,0.819,0.8330345749855042,1.2986347675323486,274.6409606933594,CCC(C)O,mol_06affb0d2c6c8ff2,0.382,0.18100000000000005,0.16696542501449585,1.6533406972885132,69.94853973388672,,,,,,,
state_acebcb07fda9a29fe269378d,2c_8742372ba72e435a7962,2,binary_vle_english.xlsx,10.1016/j.fluid.2013.01.020,unverified,0.5,isothermal,0.9444444444444444,isothermal,,,46.570036431872,32.37134552001953,-3.814697265625e-06,True,False,48,CC(=O)C(C)C,mol_b650f1cc3cac74aa,0.9235,0.6287,0.7306100726127625,1.0001990795135498,25.604894638061523,CC(C)C(C)C,mol_7347d05012022dd9,0.0765,0.3713,0.26938992738723755,1.2883111238479614,88.4830093383789,,,,,,,
state_ae459d939e9255b84e28dc70,2c_ea9da779580d9b792700,2,binary_vle_english.xlsx,10.1016/j.jct.2012.11.005,unverified,0.5,isothermal,0.9411764705882353,isothermal,,,86.87005521907199,62.130592346191406,0.0,True,False,48,CC(C)OC(C)C,mol_1a0ca8e5eeb68da8,0.901,0.627,0.8443379402160645,0.9979553818702698,58.342613220214844,CO,mol_a85d32e4db2ff39c,0.09899999999999998,0.373,0.15566204488277435,1.030007004737854,94.84465026855469,,,,,,,
state_aea9545bfd4b93837a3864c4,3c_65250b1389afa8bc1bcc,3,ternary_vle_english.xlsx,10.1016/j.fluid.2013.01.020,unverified,0.5,isothermal,0.9642857142857143,isothermal,,,88.81002899584,84.85865783691406,0.0,True,False,48,CC(=O)C(C)C,mol_b650f1cc3cac74aa,0.10560000000000003,0.06489999999999996,0.060267265886068344,1.8914320468902588,25.604894638061523,CC(C)C(C)C,mol_7347d05012022dd9,0.356,0.4648,0.449634850025177,1.2112847566604614,88.4830093383789,CC(C)OC(C)C,mol_1a0ca8e5eeb68da8,0.5384,0.4703,0.49009785056114197,1.0906908512115479,70.82266235351562
state_aef611e2caba568f67d2a810,2c_6cdeaa0b12c0bcad5378,2,binary_vle_english.xlsx,10.1016/j.jct.2012.01.020,passed,1.0,isothermal,0.9,isothermal,,,80.35005813439999,79.67843627929688,-7.62939453125e-06,True,False,48,CC(C)CC(C)(C)C,mol_57615b5c3546c298,0.19899999999999995,0.17300000000000004,0.2000143676996231,1.8042070865631104,44.3876838684082,CCOC(C)=O,mol_18876b584acc43d4,0.801,0.827,0.7999855875968933,1.034254789352417,76.94189453125,,,,,,,
state_b0041ffeabc9b96c04dbcd25,2c_b399893600891028146a,2,binary_vle_english.xlsx,10.1016/j.fluid.2013.07.044,unverified,0.5,isothermal,0.9166666666666666,isothermal,,,331.599926979072,277.57257080078125,0.0,True,False,48,CC(C)=O,mol_e04cf77cea7bbe66,0.865,0.946,0.8885539770126343,1.038195013999939,274.6409606933594,CCC(C)O,mol_06affb0d2c6c8ff2,0.135,0.05400000000000005,0.1114460676908493,3.2758865356445312,69.94853973388672,,,,,,,
state_b1147348085d4c168a58fac1,2c_ca2ff513d4ae36f2f8e1,2,binary_vle_english.xlsx,10.1016/j.jct.2012.12.019,unverified,0.5,isothermal,0.9285714285714286,isothermal,,,421.49999965568,291.06060791015625,0.0,True,False,48,CCCO,mol_5fb2f93dc8caa9dc,0.4,0.424,0.5453317761421204,2.0359318256378174,194.90411376953125,O,mol_e81dc06beaa39499,0.6,0.5760000000000001,0.45466819405555725,1.4227614402770996,155.0224609375,,,,,,,
state_b34cb106891062914410de8b,2c_a948b12e7b27db3902e0,2,binary_vle_english.xlsx,10.1016/j.jct.2009.04.006,unverified,0.5,isothermal,0.9285714285714286,isothermal,,,7.27006872704,3.274658203125,0.0,True,False,48,CCCCCl,mol_f7989a5c13417f20,0.157,0.768,0.3733295500278473,0.2197638899087906,35.43254470825195,O=C1CCCCC1,mol_09f0d60d139abab5,0.843,0.23199999999999998,0.6266704201698303,0.9643077254295349,2.5244219303131104,,,,,,,
state_b38371ef92a81aba54fe26ec,2c_35c6612e2ad0f786d394,2,binary_vle_english.xlsx,10.1016/j.fluid.2016.02.018,unverified,0.5,isothermal,0.8,isothermal,,,36.199956004095995,29.901721954345703,0.0,True,False,48,CCCCCCC,mol_fddb2c852c313396,0.1856,0.5211,0.3057810068130493,0.7342156171798706,67.09730529785156,Cc1ccc(C)cc1,mol_e7658ba520613aac,0.8144,0.4789,0.6942189931869507,0.9848223924636841,25.88195037841797,,,,,,,
state_b3b244902eb9b5a31226236d,2c_c830dc760c5163d2d27d,2,binary_vle_english.xlsx,10.1016/j.fluid.2011.05.011,unverified,0.5,isothermal,0.9285714285714286,isothermal,,,99.309965410048,84.4754638671875,0.0,True,False,48,CC(C)CC(C)(C)C,mol_57615b5c3546c298,0.5225,0.6258,0.5981579422950745,1.3535212278366089,71.4488296508789,CC(C)CO,mol_015d21fca05fcd26,0.47750000000000004,0.3742,0.40184199810028076,1.3047881126403809,54.48444366455078,,,,,,,
state_b3fad4805c1f5049c6e8e43b,2c_5018f9e15dae7c08710f,2,binary_vle_english.xlsx,10.1016/j.fluid.2011.06.001,passed,1.0,isothermal,0.9090909090909091,isothermal,,,30.600016580992,32.35211944580078,0.0,True,False,48,CC(C)CCl,mol_b6f57216bc07a08c,0.2385,0.2397,0.13683530688285828,0.7429704666137695,24.9827938079834,CC(C)OC(C)C,mol_1a0ca8e5eeb68da8,0.7615000000000001,0.7603,0.8631646633148193,0.9811834692955017,37.374576568603516,,,,,,,
state_b4551f5978782b82f1c31713,2c_e1c33e24ae7f6ab4d0bf,2,binary_vle_english.xlsx,10.1016/j.fluid.2010.01.024,unverified,0.5,isothermal,0.9333333333333333,isothermal,,,57.039975313279996,65.36306762695312,0.0,True,False,48,CC[N+](=O)[O-],mol_6fdb0ec09de24512,0.6199,0.3698,0.21320641040802002,1.1563109159469604,19.44179916381836,ClCCCl,mol_e8df6c9e89c6b62a,0.3801,0.6302,0.7867935299873352,1.7125051021575928,79.0066146850586,,,,,,,
state_b4e746f2b7d562e2bfce2e30,2c_500953d4ef1e1d57286b,2,binary_vle_english.xlsx,10.1016/j.fluid.2012.10.015,unverified,0.5,isothermal,0.9333333333333333,isothermal,,,27.909971161856,32.039527893066406,0.0,True,False,48,CCCCCl,mol_f7989a5c13417f20,0.6988,0.8718,0.8848556280136108,1.1449941396713257,35.43254470825195,CC[N+](=O)[O-],mol_6fdb0ec09de24512,0.3012,0.12819999999999998,0.11514431983232498,1.6849496364593506,7.269201755523682,,,,,,,
state_b54ee87a39392635fa49ca49,2c_94ed5d0a73a3c26e5ef5,2,binary_vle_english.xlsx,10.1016/j.fluid.2019.03.019,unverified,0.5,isothermal,0.9411764705882353,isothermal,,,226.99999665152,138.24639892578125,1.52587890625e-05,True,False,48,CCO,mol_f29e20f49d416e54,0.012,0.119,0.07119259983301163,3.2236971855163574,254.42115783691406,O,mol_e81dc06beaa39499,0.988,0.881,0.9288074374198914,1.0002435445785522,129.93222045898438,,,,,,,
state_b77f0b3c46f61ca3bbdcb43a,2c_94ed5d0a73a3c26e5ef5,2,binary_vle_english.xlsx,10.1016/j.fluid.2019.03.019,unverified,0.5,isothermal,0.9411764705882353,isothermal,,,429.99996722751996,290.890625,0.0,True,False,48,CCO,mol_f29e20f49d416e54,0.768,0.782,0.7156835198402405,1.065457820892334,254.42115783691406,O,mol_e81dc06beaa39499,0.23199999999999998,0.21799999999999997,0.2843164801597595,2.743638753890991,129.93222045898438,,,,,,,
state_b785c01159580a6d947ddf90,2c_23001626ba9c10a2709a,2,binary_vle_english.xlsx,10.1016/j.fluid.2011.06.001,unverified,0.5,isothermal,0.9166666666666666,isothermal,,,34.475031206912,37.4144287109375,0.0,True,False,48,CC(C)(C)Cl,mol_cbd731ac6eef5e90,0.1224,0.2166,0.13112983107566833,0.6321050524711609,63.411773681640625,CC(C)OC(C)C,mol_1a0ca8e5eeb68da8,0.8776,0.7834,0.868870198726654,0.991108238697052,37.374576568603516,,,,,,,
state_b956b702880bb0fc7efcbc8d,2c_c830dc760c5163d2d27d,2,binary_vle_english.xlsx,10.1016/j.fluid.2011.05.011,unverified,0.5,isothermal,0.9285714285714286,isothermal,,,90.000064452608,74.78651428222656,-7.62939453125e-06,True,False,48,CC(C)CC(C)(C)C,mol_57615b5c3546c298,0.2478,0.5115,0.4284853935241699,1.809934377670288,71.4488296508789,CC(C)CO,mol_015d21fca05fcd26,0.7522,0.48850000000000005,0.5715146064758301,1.0429049730300903,54.48444366455078,,,,,,,
state_ba968998063a5420774240cc,2c_a948b12e7b27db3902e0,2,binary_vle_english.xlsx,10.1016/j.jct.2009.04.006,unverified,0.5,isothermal,0.9285714285714286,isothermal,,,31.459945854592,35.43254852294922,-3.814697265625e-06,True,False,48,CCCCCl,mol_f7989a5c13417f20,1.0,1.0,1.0,1.0,35.43254470825195,O=C1CCCCC1,mol_09f0d60d139abab5,0.0,0.0,0.0,1.4131278991699219,2.5244219303131104,,,,,,,
state_bbacba01619e5935ed50a2ee,2c_b399893600891028146a,2,binary_vle_english.xlsx,10.1016/j.fluid.2013.07.044,unverified,0.5,isothermal,0.9166666666666666,isothermal,,,257.700005008512,259.044921875,0.0,True,False,48,CC(C)=O,mol_e04cf77cea7bbe66,0.546,0.789,0.8229886293411255,1.4217098951339722,274.6409606933594,CCC(C)O,mol_06affb0d2c6c8ff2,0.45399999999999996,0.21099999999999997,0.17701134085655212,1.4439151287078857,69.94853973388672,,,,,,,
state_bc19f9ecadce04e8d5133a17,2c_23001626ba9c10a2709a,2,binary_vle_english.xlsx,10.1016/j.fluid.2011.06.001,unverified,0.5,isothermal,0.9166666666666666,isothermal,,,56.724934557695995,60.099609375,-3.814697265625e-06,True,False,48,CC(C)(C)Cl,mol_cbd731ac6eef5e90,0.897,0.9352,0.9445664286613464,0.9980258345603943,63.411773681640625,CC(C)OC(C)C,mol_1a0ca8e5eeb68da8,0.10299999999999998,0.06479999999999997,0.055433593690395355,0.8654283881187439,37.374576568603516,,,,,,,
state_bca23ffac8c7987e123cfcd8,2c_98afb8e6c65a310db5e0,2,binary_vle_english.xlsx,10.1016/j.jct.2012.12.026,unverified,0.5,isothermal,0.9166666666666666,isothermal,,,382.899974382848,407.110107421875,3.0517578125e-05,True,False,48,F/C=C/C(F)(F)F,mol_0e763ba6787b2749,0.0,0.0,0.0,0.660216212272644,384.954833984375,FC(F)C(F)F,mol_fccff6221e62b4bc,1.0,1.0,1.0,1.0,407.1101379394531,,,,,,,
state_bfd7f31b5f637063484bf6c0,2c_b399893600891028146a,2,binary_vle_english.xlsx,10.1016/j.fluid.2013.07.044,unverified,0.5,isothermal,0.9166666666666666,isothermal,,,352.099974249856,278.2740478515625,0.0,True,False,48,CC(C)=O,mol_e04cf77cea7bbe66,0.942,0.978,0.936386227607727,1.0071903467178345,274.6409606933594,CCC(C)O,mol_06affb0d2c6c8ff2,0.05800000000000005,0.02200000000000002,0.06361373513936996,4.363318920135498,69.94853973388672,,,,,,,
state_c3ab3501c7e32f135d7d891b,3c_485aadc678c8a7fb274c,3,ternary_vle_english.xlsx,10.1016/j.fluid.2011.05.011,unverified,0.5,isothermal,0.967741935483871,isothermal,,,56.31003534848,47.88299560546875,-3.814697265625e-06,True,False,48,CC(=O)CC(C)C,mol_0a895444a9f0f36b,0.3578,0.3456,0.2578943073749542,1.069714903831482,32.26373291015625,CC(C)CC(C)(C)C,mol_57615b5c3546c298,0.0041,0.0181,0.011430550366640091,1.8683981895446777,71.4488296508789,CC(C)CO,mol_015d21fca05fcd26,0.6381,0.6363,0.7306751608848572,1.0063390731811523,54.48444366455078
state_c439ba7d70222bda12dc8f05,3c_65250b1389afa8bc1bcc,3,ternary_vle_english.xlsx,10.1016/j.fluid.2013.01.020,unverified,0.5,isothermal,0.9642857142857143,isothermal,,,56.849990938880005,41.86261749267578,-3.814697265625e-06,True,False,48,CC(=O)C(C)C,mol_b650f1cc3cac74aa,0.7632,0.43799999999999994,0.4704938530921936,1.0079034566879272,25.604894638061523,CC(C)C(C)C,mol_7347d05012022dd9,0.0902,0.307,0.24712024629116058,1.2961887121200562,88.4830093383789,CC(C)OC(C)C,mol_1a0ca8e5eeb68da8,0.1466,0.255,0.28238585591316223,1.1385787725448608,70.82266235351562
state_c4ca56cdc8360a8e19dedd69,2c_d498cbbd8f767d43f3e7,2,binary_vle_english.xlsx,10.1016/j.fluid.2011.06.001,unverified,0.5,isothermal,0.9230769230769231,isothermal,,,31.389951611391997,31.838481903076172,0.0,True,False,48,CC(C)OC(C)C,mol_1a0ca8e5eeb68da8,0.5305,0.5222,0.5019457936286926,0.8060231804847717,37.374576568603516,CCC(C)Cl,mol_9f4835d3aad75f1c,0.4695,0.4778,0.4980541467666626,0.7236853241920471,46.67061996459961,,,,,,,
state_c5ed11cc418af4f5de9a0ad5,2c_ea9da779580d9b792700,2,binary_vle_english.xlsx,10.1016/j.jct.2012.11.005,unverified,0.5,isothermal,0.9411764705882353,isothermal,,,76.94993778329601,59.772056579589844,0.0,True,False,48,CC(C)OC(C)C,mol_1a0ca8e5eeb68da8,0.957,0.728,0.933630108833313,0.9994825720787048,58.342613220214844,CO,mol_a85d32e4db2ff39c,0.04300000000000004,0.272,0.06636987626552582,0.9727201461791992,94.84465026855469,,,,,,,
state_c7277a98d1c1401b5896e682,2c_500953d4ef1e1d57286b,2,binary_vle_english.xlsx,10.1016/j.fluid.2012.10.015,unverified,0.5,isothermal,0.9333333333333333,isothermal,,,31.459945854592,35.43254852294922,-3.814697265625e-06,True,False,48,CCCCCl,mol_f7989a5c13417f20,1.0,1.0,1.0,1.0,35.43254470825195,CC[N+](=O)[O-],mol_6fdb0ec09de24512,0.0,0.0,0.0,4.142209529876709,7.269201755523682,,,,,,,
state_c778f9f5858ce480db407c45,3c_a6f39dd395c2cfcf800d,3,ternary_vle_english.xlsx,10.1016/j.fluid.2009.01.016,unverified,0.5,isothermal,0.95,isothermal,,,34.950058804095995,38.236045837402344,-3.814697265625e-06,True,False,48,CC(=O)C(C)(C)C,mol_61a887e37d396488,0.3135,0.273,0.19457559287548065,0.8854232430458069,26.802345275878906,CC(C)(C)CO,mol_dfb42f12fdc989ed,0.5803,0.25980000000000003,0.43973949551582336,0.9511221647262573,30.463481903076172,COC(C)(C)C,mol_b614d6fea320c179,0.1062,0.4672,0.3656849265098572,1.1034934520721436,119.31242370605469
state_c8f6098e49ef49488ebe89aa,3c_65250b1389afa8bc1bcc,3,ternary_vle_english.xlsx,10.1016/j.fluid.2013.01.020,unverified,0.5,isothermal,0.9642857142857143,isothermal,,,79.999953596032,71.6575927734375,-7.62939453125e-06,True,False,48,CC(=O)C(C)C,mol_b650f1cc3cac74aa,0.40270000000000006,0.20189999999999997,0.17765429615974426,1.2346198558807373,25.604894638061523,CC(C)C(C)C,mol_7347d05012022dd9,0.2704,0.4645,0.43535006046295166,1.3038698434829712,88.4830093383789,CC(C)OC(C)C,mol_1a0ca8e5eeb68da8,0.3269,0.3336,0.3869956135749817,1.1977909803390503,70.82266235351562
state_cac587846bda48a589e126e1,2c_ab90a05e58432c71abba,2,binary_vle_english.xlsx,10.1016/j.fluid.2011.05.011,unverified,0.5,isothermal,0.9411764705882353,isothermal,,,53.000040918144,37.72399139404297,-3.814697265625e-06,True,False,48,CC(=O)CC(C)C,mol_0a895444a9f0f36b,0.9411,0.835,0.8058456182479858,1.0011959075927734,32.26373291015625,CC(C)CC(C)(C)C,mol_57615b5c3546c298,0.0589,0.165,0.19415441155433655,1.7404215335845947,71.4488296508789,,,,,,,
state_cc4c4258d914267290cbaac6,2c_ab90a05e58432c71abba,2,binary_vle_english.xlsx,10.1016/j.fluid.2011.05.011,unverified,0.5,isothermal,0.9411764705882353,isothermal,,,81.850068096768,75.35963439941406,-7.62939453125e-06,True,False,48,CC(=O)CC(C)C,mol_0a895444a9f0f36b,0.18020000000000003,0.17300000000000004,0.18266645073890686,2.3677079677581787,32.26373291015625,CC(C)CC(C)(C)C,mol_57615b5c3546c298,0.8198,0.827,0.8173335194587708,1.0515623092651367,71.4488296508789,,,,,,,
state_cc9b124ecccbfd44ea47f2e7,2c_ea9da779580d9b792700,2,binary_vle_english.xlsx,10.1016/j.jct.2012.11.005,unverified,0.5,isothermal,0.8888888888888888,isothermal,,,96.84003522048,85.97532653808594,0.0,True,False,48,CC(C)OC(C)C,mol_1a0ca8e5eeb68da8,0.501,0.5,0.37062016129493713,1.090132474899292,58.342613220214844,CO,mol_a85d32e4db2ff39c,0.499,0.5,0.6293798685073853,1.1433345079421997,94.84465026855469,,,,,,,
state_ce246343de47994e0bdcf6eb,2c_5018f9e15dae7c08710f,2,binary_vle_english.xlsx,10.1016/j.fluid.2011.06.001,passed,1.0,isothermal,0.9090909090909091,isothermal,,,30.564952798208,23.54647445678711,0.0,True,False,48,CC(C)CCl,mol_b6f57216bc07a08c,0.7247,0.7202,0.7137065529823303,0.9282101988792419,24.9827938079834,CC(C)OC(C)C,mol_1a0ca8e5eeb68da8,0.2753,0.27980000000000005,0.2862934470176697,0.6551712155342102,37.374576568603516,,,,,,,
state_cee369f8f1530dbd31f7aa42,2c_94ed5d0a73a3c26e5ef5,2,binary_vle_english.xlsx,10.1016/j.fluid.2019.03.019,unverified,0.5,isothermal,0.9411764705882353,isothermal,,,288.000046261504,176.140869140625,0.0,True,False,48,CCO,mol_f29e20f49d416e54,0.06,0.325,0.30190786719322205,3.483614683151245,254.42115783691406,O,mol_e81dc06beaa39499,0.94,0.675,0.6980921030044556,1.0067651271820068,129.93222045898438,,,,,,,
state_cf420f5e996495f443579b7d,2c_a948b12e7b27db3902e0,2,binary_vle_english.xlsx,10.1016/j.jct.2009.04.006,unverified,0.5,isothermal,0.9285714285714286,isothermal,,,12.420045158144,8.306005477905273,-9.5367431640625e-07,True,False,48,CCCCCl,mol_f7989a5c13417f20,0.338,0.899,0.8225322365760803,0.570461094379425,35.43254470825195,O=C1CCCCC1,mol_09f0d60d139abab5,0.6619999999999999,0.10099999999999998,0.17746779322624207,0.8820471167564392,2.5244219303131104,,,,,,,
state_cf57a680360fa00951adba48,2c_b399893600891028146a,2,binary_vle_english.xlsx,10.1016/j.fluid.2013.07.044,unverified,0.5,isothermal,0.9166666666666666,isothermal,,,369.400018043904,274.64093017578125,3.0517578125e-05,True,False,48,CC(C)=O,mol_e04cf77cea7bbe66,1.0,1.0,1.0,1.0,274.6409606933594,CCC(C)O,mol_06affb0d2c6c8ff2,0.0,0.0,0.0,5.502358913421631,69.94853973388672,,,,,,,
state_a537c624dc2c26b70f02f08c,2c_acf6c70dfacb27974826,2,binary_vle_english.xlsx,10.1016/j.fluid.2017.05.012,unverified,0.5,isobaric,0.9444444444444444,isobaric,369.29999999999995,366.9774169921875,,,3.0517578125e-05,True,False,48,CCCO,mol_5fb2f93dc8caa9dc,0.9136,0.8828,0.9125151038169861,1.0073881149291992,100.14019775390625,CCCOC(C)=O,mol_67043ae833ecd0c7,0.08640000000000003,0.11719999999999997,0.0874849408864975,1.8058972358703613,56.63017272949219,,,,,,,
state_a5717b68fb548bb350d0bd92,2c_ba6de3f53ea6de13738b,2,binary_vle_english.xlsx,10.1016/j.fluid.2006.02.009,unverified,0.5,isobaric,0.95,isobaric,369.94,376.3687744140625,,,0.0010528564453125,True,False,48,CCC(C)Cl,mol_9f4835d3aad75f1c,0.0794,0.2393,0.17764848470687866,0.8444107174873352,211.97406005859375,Cc1ccccc1,mol_1c09299644053521,0.9206,0.7606999999999999,0.8223515152931213,0.9982278943061829,71.58998107910156,,,,,,,
state_a5c02537a7101775479bcfa9,2c_106af91fffdb87d7c4f6,2,binary_vle_english.xlsx,10.1016/j.fluid.2013.05.016,unverified,0.5,isobaric,0.9444444444444444,isobaric,417.5,428.3119201660156,,,6.103515625e-05,True,False,48,Cc1ccccc1,mol_1c09299644053521,0.0,0.0,0.0,1.716415524482727,183.5396270751953,Cc1ccccc1C,mol_61c4de85d258b45d,1.0,1.0,1.0,1.0,101.29999542236328,,,,,,,
state_a5cce83c88b77fbbf62b85cc,2c_f4a55bc5fa0e7d69faf8,2,binary_vle_english.xlsx,10.1016/j.fluid.2012.12.021,unverified,0.5,isobaric,0.9523809523809523,isobaric,365.92999999999995,375.7998962402344,,,0.000946044921875,True,False,48,C1CCOCC1,mol_626f3d1f5bbb6f55,0.22999999999999998,0.32299999999999995,0.37752822041511536,1.5031282901763916,102.64971923828125,CCC(C)O,mol_06affb0d2c6c8ff2,0.77,0.677,0.6224717497825623,1.0281106233596802,73.91307830810547,,,,,,,
state_a69c8087afaf5fb8c4f2e32d,2c_045f196d049de4abb690,2,binary_vle_english.xlsx,10.1016/j.jct.2004.09.009,unverified,0.5,isobaric,0.9696969696969697,isobaric,371.33,387.6741027832031,,,7.62939453125e-06,True,False,48,CCC(C)O,mol_06affb0d2c6c8ff2,0.968,0.9158,0.8959358334541321,1.0000454187393188,93.75425720214844,COC(=O)OC,mol_0ec85594f0f896ea,0.032,0.0842,0.10406415164470673,1.4589791297912598,225.7934112548828,,,,,,,
state_a718dfc926b35650aca61337,2c_6ce3ca627d5d8bfa6a1b,2,binary_vle_english.xlsx,10.1016/j.fluid.2018.07.013,unverified,0.5,isobaric,0.95,isobaric,350.75,344.8703918457031,,,0.00069427490234375,True,False,48,CCCCCC,mol_c55e04e90e298cf6,0.0012999999999999678,0.05559999999999998,0.0030401607509702444,2.518813133239746,94.05229187011719,CCO,mol_f29e20f49d416e54,0.9987,0.9444,0.9969598650932312,1.000001311302185,101.12398529052734,,,,,,,
state_a71c9b4b7b25944e8a64b95c,2c_6eb2e45afed5017e5e33,2,binary_vle_english.xlsx,10.1016/j.fluid.2014.09.021,unverified,0.5,isobaric,0.95,isobaric,415.25,418.92352294921875,,,1.52587890625e-05,True,False,48,CCC(C)OC(C)=O,mol_879306ab1082c162,0.074,0.282,0.16497908532619476,1.4603296518325806,154.6519775390625,CN(C)C=O,mol_ca12d6d2f2ffb170,0.926,0.718,0.835020899772644,0.9995690584182739,91.38665771484375,,,,,,,
state_a75852da994591e8eb847bc6,2c_1f5028f9412924c6aa2e,2,binary_vle_english.xlsx,10.1016/j.fluid.2005.02.014,passed,1.0,isobaric,0.9285714285714286,isobaric,357.34999999999997,365.52392578125,,,-1.52587890625e-05,True,False,48,C1CCOCC1,mol_626f3d1f5bbb6f55,0.9235,0.8208,0.7589300870895386,1.0005050897598267,83.20600128173828,CC(C)(C)Cl,mol_cbd731ac6eef5e90,0.07650000000000001,0.17920000000000003,0.24106991291046143,1.421425223350525,224.5777130126953,,,,,,,
state_a770d2dcbeb4a6672195d806,2c_7c6b847ee4cb190db3ef,2,binary_vle_english.xlsx,10.1016/j.fluid.2005.06.024,unverified,0.5,isobaric,0.9666666666666667,isobaric,397.17999999999995,396.3580017089844,,,8.392333984375e-05,True,False,48,CCC(C)=O,mol_4cfc5db0ca2ab00b,0.0259,0.0907,0.09541699290275574,2.6578097343444824,140.44911193847656,CCOC(=O)OCC,mol_4df2781fcf4d4a77,0.9741,0.9093,0.9045829772949219,1.0005038976669312,94.04659271240234,,,,,,,
state_a7d3ab22ec383b6d2571b21e,2c_4e1effd6e44016fa9e71,2,binary_vle_english.xlsx,10.1016/j.fluid.2019.03.022,passed,1.0,isobaric,0.95,isobaric,343.83,349.5916442871094,,,2.288818359375e-05,True,False,48,CO,mol_a85d32e4db2ff39c,0.027000000000000024,0.281,0.07231853157281876,1.688818335533142,160.66162109375,c1ccccc1,mol_7165dcf6be1f831d,0.973,0.719,0.9276814460754395,1.0001918077468872,96.56327819824219,,,,,,,
state_a7f7c00ef8144b0a347522f1,2c_9f331b7867f625e21322,2,binary_vle_english.xlsx,10.1016/j.jct.2015.03.013,unverified,0.5,isobaric,0.9090909090909091,isobaric,391.5,396.2044677734375,,,0.0,True,False,48,CCC(C)=O,mol_4cfc5db0ca2ab00b,0.0489,0.2088,0.18944145739078522,2.8019497394561768,140.06027221679688,COCCO,mol_d291b272a64498d9,0.9511000000000001,0.7912,0.810558557510376,1.001949429512024,86.16314697265625,,,,,,,
state_a82350ccb9c9cbc6bd94a229,2c_d61da005b4125a743b07,2,binary_vle_english.xlsx,10.1016/j.fluid.2009.03.008,unverified,0.5,isobaric,0.9583333333333334,isobaric,386.96,399.2497253417969,,,9.1552734375e-05,True,False,48,CC(=O)O,mol_9ac385b135af0125,0.9376,0.8614,0.7929646968841553,1.0019844770431519,85.52911376953125,CCC(C)=O,mol_4cfc5db0ca2ab00b,0.06240000000000001,0.13859999999999995,0.20703528821468353,2.272881031036377,147.9182586669922,,,,,,,
state_a85c17f1f668240f68c6e226,2c_03bd4325b126d2709459,2,binary_vle_english.xlsx,10.1016/j.fluid.2011.10.009,unverified,0.5,isobaric,0.9333333333333333,isobaric,423.79999999999995,411.1506652832031,,,7.62939453125e-06,True,False,48,C1CCCCC1,mol_893981623557f359,0.0,0.0,0.0,0.8306241631507874,328.857421875,CCCCCCCCC,mol_dd70207e50d8bf63,1.0,1.0,1.0,1.0,101.29994201660156,,,,,,,
state_ab12dbbeeda943ba963230c8,3c_c45f0751ac63a91a45e8,3,ternary_vle_english.xlsx,10.1016/j.fluid.2005.06.019,unverified,0.5,isobaric,0.9767441860465116,isobaric,422.40999999999997,448.9969787597656,,,0.00177001953125,True,False,48,CC(=O)OCC(C)C,mol_e7eb29ad965cc8ee,0.046,0.132,0.22409091889858246,2.078587055206299,237.41871643066406,CC(C)CO,mol_015d21fca05fcd26,0.043,0.158,0.24120819568634033,2.2812252044677734,249.09910583496094,CCCCCCO,mol_eb71ecc709e3f0dc,0.911,0.71,0.534700870513916,1.0020403861999512,59.3367919921875
state_ab67c6258cc18828a2cf27a1,2c_b94de72ffbeb53d6294b,2,binary_vle_english.xlsx,10.1016/j.fluid.2014.04.025,unverified,0.5,isobaric,0.9285714285714286,isobaric,454.45,438.7159729003906,,,0.000640869140625,True,False,48,CS(C)=O,mol_7d3e12eaed0f467c,0.9843,0.7711,0.9339474439620972,0.9999911189079285,96.11932373046875,Cc1ccccc1,mol_1c09299644053521,0.0157,0.2289,0.06605255603790283,1.9752117395401,215.7686004638672,,,,,,,
state_abeeaf3c5373373f9b70a4f3,2c_c7052cf3bd6baff652ca,2,binary_vle_english.xlsx,10.1016/j.fluid.2014.04.025,unverified,0.5,isobaric,0.9285714285714286,isobaric,453.71,432.8424987792969,,,6.103515625e-05,True,False,48,COCCO,mol_d291b272a64498d9,0.0995,0.3204,0.22569985687732697,1.4041199684143066,163.64901733398438,CS(C)=O,mol_7d3e12eaed0f467c,0.9005,0.6796,0.7743001580238342,1.0005685091018677,87.05389404296875,,,,,,,
state_ac635c2ffca721cd17f50a72,3c_6b60b4a3a536506a27ae,3,ternary_vle_english.xlsx,10.1016/j.fluid.2006.08.004,unverified,0.5,isobaric,0.9821428571428571,isobaric,358.25,361.7232360839844,,,0.0,True,False,48,CC(C)CC(C)(C)C,mol_57615b5c3546c298,0.856,0.602,0.580680251121521,1.0133060216903687,67.81594848632812,CC(C)OC(C)C,mol_1a0ca8e5eeb68da8,0.096,0.149,0.19751033186912537,1.579329252243042,131.96388244628906,CCO,mol_f29e20f49d416e54,0.048,0.249,0.22180940210819244,3.261899948120117,143.5083770751953
state_adb42c5d1728696309775f37,2c_74a658fab9cc22057bbd,2,binary_vle_english.xlsx,10.1016/j.jct.2019.03.036,unverified,0.5,isobaric,0.9473684210526315,isobaric,454.71999999999997,439.2308349609375,,,0.00074005126953125,True,False,48,CCCOC(C)=O,mol_67043ae833ecd0c7,0.018,0.2209,0.060211777687072754,1.6010899543762207,211.643798828125,CS(C)=O,mol_7d3e12eaed0f467c,0.982,0.7791,0.9397882223129272,1.0000087022781372,96.94537353515625,,,,,,,
state_adb891ee75676d93da0acf04,2c_e584d9baea666806df78,2,binary_vle_english.xlsx,10.1016/j.jct.2010.02.001,unverified,0.5,isobaric,0.9444444444444444,isobaric,382.09999999999997,390.9246826171875,,,1.52587890625e-05,True,False,48,CCCCO,mol_ad4ef9c6c876ca2f,0.772,0.575,0.6313369870185852,0.98289954662323,75.96358489990234,CCCO,mol_5fb2f93dc8caa9dc,0.228,0.425,0.3686630129814148,0.9361611008644104,157.69386291503906,,,,,,,
state_aee32d385a6723ecd3bdd0ef,2c_ba6de3f53ea6de13738b,2,binary_vle_english.xlsx,10.1016/j.fluid.2006.02.009,unverified,0.5,isobaric,0.9545454545454546,isobaric,381.03999999999996,391.0664978027344,,,7.62939453125e-06,True,False,48,CCC(C)Cl,mol_9f4835d3aad75f1c,0.0331,0.117,0.08533723652362823,0.9529241323471069,274.0699462890625,Cc1ccccc1,mol_1c09299644053521,0.9669,0.883,0.9146627187728882,0.999821662902832,95.84425354003906,,,,,,,
state_afca2e0a93551b851690c7f0,3c_f6a2de3ac0acbac84e4f,3,ternary_vle_english.xlsx,10.1016/j.fluid.2005.01.007,unverified,0.5,isobaric,0.9818181818181818,isobaric,343.04999999999995,343.7353210449219,,,0.00151824951171875,True,False,48,CC(C)=O,mol_e04cf77cea7bbe66,0.047,0.098,0.10216836631298065,1.411704421043396,155.98776245117188,CC(C)CC(C)(C)C,mol_57615b5c3546c298,0.5740000000000001,0.363,0.32716211676597595,1.2826251983642578,45.016014099121094,CCO,mol_f29e20f49d416e54,0.379,0.539,0.5706695318222046,1.5462572574615479,98.64598083496094
state_afe34018bcd86ea0d3620f4d,2c_7089ceccf9a6ce828d93,2,binary_vle_english.xlsx,10.1016/j.fluid.2018.07.013,unverified,0.5,isobaric,0.9545454545454546,isobaric,385.54999999999995,407.06451416015625,,,0.00072479248046875,True,False,48,CCCCCCCC,mol_8151bb583f7f3ebd,0.9762,0.42210000000000003,0.8366340398788452,1.0002168416976929,86.79902648925781,CCO,mol_f29e20f49d416e54,0.0238,0.5779,0.16336596012115479,2.18174409866333,318.70806884765625,,,,,,,
state_b08e7a3837afb61ad67821ff,2c_f25584e0c98fb6639876,2,binary_vle_english.xlsx,10.1016/j.jct.2019.01.004,unverified,0.5,isobaric,0.9166666666666666,isobaric,366.09999999999997,373.33587646484375,,,0.00028228759765625,True,False,48,CO,mol_a85d32e4db2ff39c,0.046,0.274,0.1587873250246048,1.393442988395691,250.94534301757812,O,mol_e81dc06beaa39499,0.954,0.726,0.8412126898765564,1.001193642616272,89.2174301147461,,,,,,,
state_b0b59d1510a87b7b6272b340,2c_82cfa7a14fa3ab1984f1,2,binary_vle_english.xlsx,10.1016/j.fluid.2014.06.025,unverified,0.5,isobaric,0.9,isobaric,361.2,373.22821044921875,,,0.0003204345703125,True,False,48,CC#N,mol_7028b7cbd3d829b4,0.042,0.4311,0.16571173071861267,2.0389270782470703,198.3477783203125,O,mol_e81dc06beaa39499,0.958,0.5689,0.8342882394790649,1.0026754140853882,89.02568817138672,,,,,,,
state_b0e94887278692a6ad1bd834,2c_7b12ee2d0e35e39326bc,2,binary_vle_english.xlsx,10.1016/j.fluid.2011.08.007,unverified,0.5,isobaric,0.9666666666666667,isobaric,395.42999999999995,407.0807189941406,,,0.00083160400390625,True,False,48,CCOCCO,mol_ab8630148ae67e51,0.955,0.6910000000000001,0.8697090744972229,0.9971649050712585,85.2280502319336,CO,mol_a85d32e4db2ff39c,0.045,0.309,0.1302909255027771,0.6247915625572205,432.4594421386719,,,,,,,
state_b0ee8f90c408e200db8fe1e3,3c_e0e1cd9a389a64136bfe,3,ternary_vle_english.xlsx,10.1016/j.fluid.2013.10.060,unverified,0.5,isobaric,0.9736842105263158,isobaric,343.12,346.514892578125,,,0.0001068115234375,True,False,48,C1CCOCC1,mol_626f3d1f5bbb6f55,0.63,0.384,0.38194072246551514,1.043757677078247,54.59892654418945,CCCCCC,mol_c55e04e90e298cf6,0.184,0.331,0.31608331203460693,1.6558983325958252,97.51657104492188,CCO,mol_f29e20f49d416e54,0.186,0.285,0.30197596549987793,1.4562904834747314,104.79480743408203
state_b0ff0e32f11769b5c205f9a0,2c_f0a592d91b289fcd0778,2,binary_vle_english.xlsx,10.1016/j.fluid.2005.01.007,unverified,0.5,isobaric,0.9545454545454546,isobaric,364.14,373.3245544433594,,,0.00030517578125,True,False,48,CC(C)=O,mol_e04cf77cea7bbe66,0.027,0.222,0.1688465178012848,2.299940586090088,275.4913024902344,CC(C)CC(C)(C)C,mol_57615b5c3546c298,0.973,0.778,0.8311535120010376,1.0005793571472168,86.4993896484375,,,,,,,
state_b1a503744bd19c0d2b3e9980,2c_443810127d849cf82a31,2,binary_vle_english.xlsx,10.1016/j.fluid.2014.09.021,unverified,0.5,isobaric,0.9545454545454546,isobaric,422.56999999999994,420.00604248046875,,,2.288818359375e-05,True,False,48,CCC(C)O,mol_06affb0d2c6c8ff2,0.033,0.098,0.11023392528295517,2.022202253341675,167.33470153808594,CN(C)C=O,mol_ca12d6d2f2ffb170,0.967,0.902,0.8897660374641418,1.0006049871444702,93.1528091430664,,,,,,,
state_b1fb9e47a6133575e63790e6,2c_41231e1cce231dacd490,2,binary_vle_english.xlsx,10.1016/j.jct.2019.01.027,unverified,0.5,isobaric,0.9411764705882353,isobaric,407.95,427.4992370605469,,,6.103515625e-05,True,False,48,COC(=O)OC,mol_0ec85594f0f896ea,0.024,0.1129,0.08128401637077332,0.8109152913093567,423.085205078125,Cc1ccc(C)cc1,mol_e7658ba520613aac,0.976,0.8871,0.9187160134315491,0.9997527599334717,95.37800598144531,,,,,,,
state_b24f8b7fdd1a6c598d176d2c,2c_7089ceccf9a6ce828d93,2,binary_vle_english.xlsx,10.1016/j.fluid.2018.07.013,unverified,0.5,isobaric,0.9545454545454546,isobaric,382.15,404.7743225097656,,,0.00035858154296875,True,False,48,CCCCCCCC,mol_8151bb583f7f3ebd,0.9692,0.3641,0.796226441860199,1.0003737211227417,83.19009399414062,CCO,mol_f29e20f49d416e54,0.0308,0.6359,0.20377351343631744,2.17999529838562,307.4341735839844,,,,,,,
state_b2573db869a4a8947adeac7b,2c_74caf60139062b8ca437,2,binary_vle_english.xlsx,10.1016/j.fluid.2010.08.010,unverified,0.5,isobaric,0.9411764705882353,isobaric,428.45,478.5065002441406,,,-3.814697265625e-05,True,False,48,CCCCCCO,mol_eb71ecc709e3f0dc,1.0,1.0,1.0,1.0,95.59996795654297,Cc1ccccc1C,mol_61c4de85d258b45d,0.0,0.0,0.0,1.4826576709747314,218.2174072265625,,,,,,,
state_b457ce50d52622eaeab66fb6,2c_c9ecb5bf12ebfafc6a51,2,binary_vle_english.xlsx,10.1016/j.fluid.2005.03.014,unverified,0.5,isobaric,0.9545454545454546,isobaric,420.74,418.9894104003906,,,-3.814697265625e-05,True,False,48,CC(=O)OCC(C)C,mol_e7eb29ad965cc8ee,0.043,0.172,0.13536421954631805,2.141127347946167,148.936767578125,CN(C)C=O,mol_ca12d6d2f2ffb170,0.957,0.8280000000000001,0.8646358251571655,1.0003230571746826,91.49344635009766,,,,,,,
state_b486e6ec34371785252a07c6,2c_f25584e0c98fb6639876,2,binary_vle_english.xlsx,10.1016/j.jct.2019.05.005,unverified,0.5,isobaric,0.9090909090909091,isobaric,369.5,376.4095153808594,,,0.0009307861328125,True,False,48,CO,mol_a85d32e4db2ff39c,0.023,0.123,0.08522694557905197,1.4177491664886475,264.7663879394531,O,mol_e81dc06beaa39499,0.977,0.877,0.9147731065750122,1.0002977848052979,94.82059478759766,,,,,,,
state_b4f57e5e35759e4d6952efc8,2c_e94406f9abae6913c6d1,2,binary_vle_english.xlsx,10.1016/j.fluid.2005.02.014,unverified,0.5,isobaric,0.9285714285714286,isobaric,360.4,369.7158203125,,,0.00012969970703125,True,False,48,C1CCOCC1,mol_626f3d1f5bbb6f55,0.896,0.8712,0.8042740225791931,1.0016919374465942,90.77610778808594,CCCCCl,mol_f7989a5c13417f20,0.10399999999999998,0.12880000000000003,0.19572603702545166,1.6475402116775513,115.71481323242188,,,,,,,
state_b6cd572c79496f014c6738b0,2c_f25584e0c98fb6639876,2,binary_vle_english.xlsx,10.1016/j.jct.2019.05.005,unverified,0.5,isobaric,0.9090909090909091,isobaric,365.15,370.31549072265625,,,7.62939453125e-05,True,False,48,CO,mol_a85d32e4db2ff39c,0.071,0.311,0.2279094159603119,1.3670709133148193,237.8605194091797,O,mol_e81dc06beaa39499,0.929,0.6890000000000001,0.7720905542373657,1.0028468370437622,83.9512939453125,,,,,,,
state_b6e7374f48f821a14a1a6e8c,2c_50cae961bcfb98dfb10a,2,binary_vle_english.xlsx,10.1016/j.fluid.2011.11.020,passed,1.0,isobaric,0.9375,isobaric,351.47999999999996,354.44818115234375,,,0.0003509521484375,True,False,48,CC(C)=C(C)C,mol_ac85c03b48dc0205,0.20930000000000004,0.33819999999999995,0.23641124367713928,0.905705451965332,126.37225341796875,c1ccsc1,mol_7953343be0b435d5,0.7907,0.6618,0.7635887265205383,0.9855393767356873,99.2918472290039,,,,,,,
state_b6eec22978bf9e8fa2578f5c,2c_7c6b847ee4cb190db3ef,2,binary_vle_english.xlsx,10.1016/j.fluid.2005.06.024,unverified,0.5,isobaric,0.9666666666666667,isobaric,394.57,393.2715759277344,,,2.288818359375e-05,True,False,48,CCC(C)=O,mol_4cfc5db0ca2ab00b,0.0489,0.1659,0.16578684747219086,2.5871527194976807,132.78097534179688,CCOC(=O)OCC,mol_4df2781fcf4d4a77,0.9511000000000001,0.8341000000000001,0.834213137626648,1.0018504858016968,88.70838165283203,,,,,,,
state_b7befc097ffb7740f7e3bc4e,2c_e584d9baea666806df78,2,binary_vle_english.xlsx,10.1016/j.jct.2010.02.001,unverified,0.5,isobaric,0.9444444444444444,isobaric,387.25,399.506591796875,,,0.0001373291015625,True,False,48,CCCCO,mol_ad4ef9c6c876ca2f,0.9688,0.9002,0.9491541981697083,0.9995768070220947,89.48653411865234,CCCO,mol_5fb2f93dc8caa9dc,0.0312,0.0998,0.050845786929130554,0.8125291466712952,183.1186981201172,,,,,,,
state_b88793a7631c2f6d7f7ea8f8,2c_ef978bac8ab2c7c131e7,2,binary_vle_english.xlsx,10.1016/j.fluid.2015.03.013,unverified,0.5,isobaric,0.9629629629629629,isobaric,430.06999999999994,419.6835021972656,,,2.288818359375e-05,True,False,48,CC(=O)N(C)C,mol_b8ccf255e2b62919,0.952,0.766,0.8941963911056519,0.999978244304657,95.15128326416016,CCC(C)OC(C)=O,mol_879306ab1082c162,0.048,0.234,0.10580366104841232,1.4256542921066284,156.62261962890625,,,,,,,
state_b8a32196a26c9f06a45d1148,2c_a1a215858c9235f0cf6a,2,binary_vle_english.xlsx,10.1016/j.fluid.2015.03.013,unverified,0.5,isobaric,0.9666666666666667,isobaric,433.34999999999997,415.7327880859375,,,-7.62939453125e-06,True,False,48,CC(=O)N(C)C,mol_b8ccf255e2b62919,0.948,0.8069999999999999,0.8316196799278259,1.0017610788345337,88.70771026611328,CCC(C)O,mol_06affb0d2c6c8ff2,0.052,0.193,0.16838036477565765,2.1053285598754883,155.8035430908203,,,,,,,
state_b8a40038668f63badcf3c364,2c_dc191206ee879c89c4e5,2,binary_vle_english.xlsx,10.1016/j.jct.2003.09.001,unverified,0.5,isobaric,0.9285714285714286,isobaric,380.75,391.8620910644531,,,4.57763671875e-05,True,False,48,C1COCCO1,mol_d365f2fae67d24f2,0.0428,0.0618,0.08965111523866653,1.9563032388687134,108.46387481689453,CC(C)CO,mol_015d21fca05fcd26,0.9572,0.9382,0.9103488922119141,1.0011757612228394,96.22860717773438,,,,,,,
state_b95e65677aeaf41202cc83a2,3c_5af2e9ac27e2698a2927,3,ternary_vle_english.xlsx,10.1016/j.fluid.2008.06.006,unverified,0.5,isobaric,0.9772727272727273,isobaric,337.02,339.9143981933594,,,7.62939453125e-06,True,False,48,C1CCCCC1,mol_893981623557f359,0.30700000000000005,0.19499999999999995,0.2797727882862091,0.9900082349777222,86.52790069580078,CC(C)=O,mol_e04cf77cea7bbe66,0.088,0.154,0.18149498105049133,1.347262978553772,143.89889526367188,CC(C)OC(C)C,mol_1a0ca8e5eeb68da8,0.605,0.651,0.5387322306632996,1.0103720426559448,82.84458923339844
state_bdca7acfe846c9196cc87670,3c_f1332761d3af136f02b5,3,ternary_vle_english.xlsx,10.1016/j.fluid.2014.04.025,unverified,0.5,isobaric,0.9473684210526315,isobaric,414.71,405.8345642089844,,,0.00045013427734375,True,False,48,COCCO,mol_d291b272a64498d9,0.2959,0.3797,0.41633549332618713,1.3819382190704346,103.13853454589844,CS(C)=O,mol_7d3e12eaed0f467c,0.5964,0.13359999999999994,0.3278687596321106,1.0467513799667358,53.20224380493164,Cc1ccccc1,mol_1c09299644053521,0.1077,0.4867,0.25579574704170227,1.9126968383789062,125.78897094726562
state_be16bab87a32ece3c2c55c70,2c_37c45ee575c800aa7033,2,binary_vle_english.xlsx,10.1016/j.fluid.2005.09.015,unverified,0.5,isobaric,0.9545454545454546,isobaric,415.81999999999994,443.7606506347656,,,0.0007781982421875,True,False,48,CC(=O)OCC(C)C,mol_e7eb29ad965cc8ee,0.082,0.163,0.3742690980434418,2.1029727458953857,219.8613739013672,CCCCOC(=O)CC,mol_a9c167bbb331e76a,0.918,0.837,0.6257308721542358,1.0012924671173096,68.95987701416016,,,,,,,
state_be46b220f1a9012c0f325246,2c_03ee8ab4245c0677d4ed,2,binary_vle_english.xlsx,10.1016/j.fluid.2018.05.024,unverified,0.5,isobaric,0.95,isobaric,357.15,343.7391662597656,,,0.00145721435546875,True,False,48,CCO,mol_f29e20f49d416e54,0.119,0.291,0.16232973337173462,1.4007172584533691,98.65430450439453,COC(=O)OC,mol_0ec85594f0f896ea,0.881,0.7090000000000001,0.8376702666282654,1.0096542835235596,95.39814758300781,,,,,,,
state_bf82fbf65b8322367526b675,2c_e8b98868a6b90d408930,2,binary_vle_english.xlsx,10.1016/j.fluid.2015.09.039,unverified,0.5,isobaric,0.96875,isobaric,462.9,442.5879821777344,,,7.62939453125e-06,True,False,48,CN(C)C=O,mol_ca12d6d2f2ffb170,0.022,0.051,0.011540175415575504,0.390893816947937,135.93775939941406,CS(C)=O,mol_7d3e12eaed0f467c,0.978,0.949,0.9884598255157471,0.9992659687995911,102.45856475830078,,,,,,,
state_c0455329d9bcaae106dd6499,2c_f29ffd05dc86affc2a49,2,binary_vle_english.xlsx,10.1016/j.jct.2019.01.027,unverified,0.5,isobaric,0.9375,isobaric,389.54999999999995,397.05523681640625,,,6.103515625e-05,True,False,48,CC(=O)OCC(C)C,mol_e7eb29ad965cc8ee,1.0,1.0,1.0,1.0,101.29999542236328,CCO,mol_f29e20f49d416e54,0.0,0.0,0.0,1.9449363946914673,271.4595642089844,,,,,,,
state_c0eb418b49240fd6811c4f84,2c_f4090d8339a2ac959e8c,2,binary_vle_english.xlsx,10.1016/j.fluid.2017.09.010,unverified,0.5,isobaric,0.9411764705882353,isobaric,371.79999999999995,389.8091125488281,,,1.52587890625e-05,True,False,48,CC(C)O,mol_db030b5de88f8eaf,0.0548,0.115,0.15249140560626984,1.299311637878418,216.30809020996094,CCCOC(C)=O,mol_67043ae833ecd0c7,0.9452,0.885,0.8475086092948914,1.000069499015808,90.55480194091797,,,,,,,
state_c13fca69f9d8d3e2760a9259,2c_3c77d4a7763529aa395e,2,binary_vle_english.xlsx,10.1016/j.fluid.2007.06.005,unverified,0.5,isobaric,0.9523809523809523,isobaric,351.44,344.95050048828125,,,0.0006866455078125,True,False,48,CCC(C)=O,mol_4cfc5db0ca2ab00b,0.0,0.0,0.0,2.144887924194336,48.362098693847656,CCO,mol_f29e20f49d416e54,1.0,1.0,1.0,1.0,101.30062103271484,,,,,,,
state_c14e74bb0aa0f4aba2090816,2c_4c757308eefec1e2dd80,2,binary_vle_english.xlsx,10.1016/j.fluid.2011.11.020,unverified,0.5,isobaric,0.9444444444444444,isobaric,352.91999999999996,354.7710266113281,,,0.00054931640625,True,False,48,C=C(C)C(C)C,mol_6f1c44bf29e6107c,0.057499999999999996,0.17869999999999997,0.07072114199399948,0.9704056978225708,128.4306640625,c1ccsc1,mol_7953343be0b435d5,0.9425,0.8213,0.9292789101600647,0.999325692653656,99.97659301757812,,,,,,,
state_c15fc5fe2be942dfd6f86c0f,2c_784276d4500715f79c89,2,binary_vle_english.xlsx,10.1016/j.fluid.2013.05.019,passed,1.0,isobaric,0.7142857142857143,isobaric,371.34,383.29913330078125,,,0.0,True,False,48,CCCCCCC,mol_fddb2c852c313396,0.999963,0.999906,0.9999122023582458,1.0,101.32492065429688,c1ccsc1,mol_7953343be0b435d5,3.7e-05,9.4e-05,8.776949107414111e-05,1.3711731433868408,175.30239868164062,,,,,,,
state_c1755d653a5b575fe257aa19,2c_112489fd04ba2d890a8f,2,binary_vle_english.xlsx,10.1016/j.fluid.2014.03.027,unverified,0.5,isobaric,0.9090909090909091,isobaric,348.5,343.21551513671875,,,7.62939453125e-06,True,False,48,C1CCOC1,mol_c59bfa659357f795,0.098,0.202,0.12965311110019684,1.314828872680664,101.92877197265625,CCO,mol_f29e20f49d416e54,0.902,0.798,0.8703469038009644,1.0022447109222412,97.52619934082031,,,,,,,
state_c399a30c451e87dc89777009,3c_f0c258463b44c2183ab7,3,ternary_vle_english.xlsx,10.1016/j.fluid.2005.03.014,unverified,0.5,isobaric,0.9767441860465116,isobaric,406.16999999999996,399.0054626464844,,,3.0517578125e-05,True,False,48,CC(=O)OCC(C)C,mol_e7eb29ad965cc8ee,0.077,0.217,0.17210133373737335,2.156078815460205,105.01181030273438,CC(C)CO,mol_015d21fca05fcd26,0.209,0.404,0.3660203218460083,1.6126837730407715,110.00666809082031,CN(C)C=O,mol_ca12d6d2f2ffb170,0.714,0.379,0.46187835931777954,1.0388814210891724,63.07724380493164
state_c39a11971827bfbd8093db97,2c_7c57a80413db66443080,2,binary_vle_english.xlsx,10.1016/j.jct.2010.05.014,unverified,0.5,isobaric,0.9615384615384616,isobaric,413.2,426.01611328125,,,4.57763671875e-05,True,False,48,CCC(=O)O,mol_86c4db256d6270c6,0.527,0.5204,0.5236550569534302,1.4091416597366333,64.37997436523438,CCCCCO,mol_243de2450bee5519,0.473,0.4796,0.47634491324424744,1.5032850503921509,61.16315460205078,,,,,,,
state_c3ae1bc2bd6173afad98d6ba,2c_7e396008deb1d14f8e15,2,binary_vle_english.xlsx,10.1016/j.fluid.2015.11.007,passed,1.0,isobaric,0.9090909090909091,isobaric,382.83,362.7919921875,,,-2.86102294921875e-06,True,False,48,CC(=O)N(C)C,mol_b8ccf255e2b62919,0.621,0.509,0.7996975779533386,0.5165705680847168,29.914636611938477,CC(=O)O,mol_9ac385b135af0125,0.379,0.491,0.20030242204666138,0.1582876443862915,40.0662956237793,,,,,,,
state_c4033032f564008ef07b7ae7,2c_acf6c70dfacb27974826,2,binary_vle_english.xlsx,10.1016/j.fluid.2017.05.012,unverified,0.5,isobaric,0.9444444444444444,isobaric,373.2,390.27972412109375,,,5.340576171875e-05,True,False,48,CCCO,mol_5fb2f93dc8caa9dc,0.0673,0.1181,0.1553192138671875,1.4952398538589478,155.890869140625,CCCOC(C)=O,mol_67043ae833ecd0c7,0.9327,0.8819,0.8446807861328125,1.0009430646896362,91.38243865966797,,,,,,,
state_c48f1d845c2d2e29e9ed1195,2c_fb0ad4b474929fdd899d,2,binary_vle_english.xlsx,10.1016/j.fluid.2007.09.014,unverified,0.5,isobaric,0.9583333333333334,isobaric,393.2,401.9261779785156,,,0.0002899169921875,True,False,48,CC(C)OC(C)C,mol_1a0ca8e5eeb68da8,0.009,0.124,0.06102811172604561,2.5189826488494873,272.6921691894531,COCCO,mol_d291b272a64498d9,0.991,0.876,0.9389719367027283,1.0000317096710205,95.9788589477539,,,,,,,
state_c4a4aee70a3166a277488ac9,2c_b11dff0fda4f01349610,2,binary_vle_english.xlsx,10.1016/j.jct.2015.03.013,unverified,0.5,isobaric,0.8888888888888888,isobaric,387.7,385.72454833984375,,,7.62939453125e-05,True,False,48,COCCO,mol_d291b272a64498d9,0.5805,0.356,0.35268357396125793,1.1608844995498657,70.1292495727539,O,mol_e81dc06beaa39499,0.4195,0.644,0.6473163962364197,1.823866367340088,113.36965942382812,,,,,,,
state_c4b958a8d1e672253bb13feb,3c_61bfd4ccc52903a74083,3,ternary_vle_english.xlsx,10.1016/j.fluid.2007.03.030,unverified,0.5,isobaric,0.9761904761904762,isobaric,375.21,379.8827209472656,,,-5.340576171875e-05,True,False,48,CCCO,mol_5fb2f93dc8caa9dc,0.097,0.337,0.14598341286182404,1.1834986209869385,128.81692504882812,CCCOCCC,mol_e13b90e4aa2e917d,0.407,0.512,0.5758681893348694,1.3640414476394653,105.07757568359375,CCOCCO,mol_ab8630148ae67e51,0.496,0.15100000000000002,0.2781484127044678,1.1437413692474365,49.66792297363281
state_c4d81e12ae8802c8c8a98924,3c_61bfd4ccc52903a74083,3,ternary_vle_english.xlsx,10.1016/j.fluid.2007.03.030,unverified,0.5,isobaric,0.9761904761904762,isobaric,380.21999999999997,386.8426818847656,,,-7.62939453125e-06,True,False,48,CCCO,mol_5fb2f93dc8caa9dc,0.104,0.408,0.17373768985271454,1.1548997163772583,146.5296630859375,CCCOCCC,mol_e13b90e4aa2e917d,0.221,0.335,0.432953417301178,1.6525111198425293,120.09188079833984,CCOCCO,mol_ab8630148ae67e51,0.675,0.257,0.3933089077472687,1.0275746583938599,57.44149398803711
state_c62cdaabcfe2c79155401f34,2c_30c0b771d8db238964cd,2,binary_vle_english.xlsx,10.1016/j.jct.2003.09.001,unverified,0.5,isobaric,0.9285714285714286,isobaric,352.15,356.09063720703125,,,0.00144195556640625,True,False,48,C1COCO1,mol_7a351e48494919fc,0.121,0.2052,0.16929678618907928,1.4046924114227295,100.90145874023438,CC(C)(C)O,mol_9c31aaa032950e85,0.879,0.7948,0.8307031989097595,1.007167935371399,95.05400848388672,,,,,,,
state_c708bc794976a2d3811feb74,2c_f6e4afdc0101fe369605,2,binary_vle_english.xlsx,10.1016/j.jct.2004.09.009,unverified,0.5,isobaric,0.9629629629629629,isobaric,398.09,399.2876892089844,,,8.392333984375e-05,True,False,48,CC1CCCCC1,mol_bdf6ddfdabc4e204,0.0079,0.0223,0.027159743010997772,3.080919027328491,113.03887176513672,CCOC(=O)OCC,mol_4df2781fcf4d4a77,0.9921,0.9777,0.9728402495384216,1.0000600814819336,99.32750701904297,,,,,,,
state_c709c6ec2bb34bae7b03c56a,2c_9f331b7867f625e21322,2,binary_vle_english.xlsx,10.1016/j.jct.2015.03.013,unverified,0.5,isobaric,0.9090909090909091,isobaric,391.7,394.6278991699219,,,7.62939453125e-05,True,False,48,CCC(C)=O,mol_4cfc5db0ca2ab00b,0.1661,0.5256,0.4632103443145752,2.745464324951172,136.1125030517578,COCCO,mol_d291b272a64498d9,0.8339,0.47440000000000004,0.5367896556854248,1.0318644046783447,83.59354400634766,,,,,,,
state_c7400e0a9eba85d757416416,2c_6bea4d4b457d21637176,2,binary_vle_english.xlsx,10.1016/j.fluid.2006.07.003,unverified,0.5,isobaric,0.9545454545454546,isobaric,403.01,441.0086975097656,,,0.00022125244140625,True,False,48,CCCCCO,mol_243de2450bee5519,0.905,0.694,0.707269549369812,0.9944660663604736,79.60797119140625,CCCO,mol_5fb2f93dc8caa9dc,0.095,0.306,0.292730450630188,0.8981161117553711,347.5537109375,,,,,,,
state_c8cd1f199ee2d9672c2fe8e5,2c_375f45238dade7281e25,2,binary_vle_english.xlsx,10.1016/j.jct.2019.03.036,unverified,0.5,isobaric,0.9473684210526315,isobaric,452.5,437.0291442871094,,,0.00029754638671875,True,False,48,CCOC(C)=O,mol_18876b584acc43d4,0.0153,0.2863,0.09171464294195175,1.477239727973938,411.0614013671875,CS(C)=O,mol_7d3e12eaed0f467c,0.9847,0.7137,0.90828537940979,0.9998977184295654,93.44869995117188,,,,,,,
state_c912231b911d32a6b9447569,2c_045f196d049de4abb690,2,binary_vle_english.xlsx,10.1016/j.jct.2004.09.009,unverified,0.5,isobaric,0.9696969696969697,isobaric,366.57,370.7733154296875,,,0.00016021728515625,True,False,48,CCC(C)O,mol_06affb0d2c6c8ff2,0.8006,0.6493,0.5302397608757019,1.0084493160247803,66.52922821044922,COC(=O)OC,mol_0ec85594f0f896ea,0.1994,0.3507,0.4697602093219757,1.4371105432510376,166.06219482421875,,,,,,,
state_c94d52539c0dd5b3487d54b5,2c_e0ef8174c7b6fc15273a,2,binary_vle_english.xlsx,10.1016/j.fluid.2005.06.024,unverified,0.5,isobaric,0.9743589743589743,isobaric,387.5,386.9407653808594,,,-2.288818359375e-05,True,False,48,CC(C)=O,mol_e04cf77cea7bbe66,0.0727,0.3447,0.28314417600631714,1.1352803707122803,347.6054382324219,CCOC(=O)OCC,mol_4df2781fcf4d4a77,0.9273,0.6553,0.7168558239936829,0.9983572959899902,78.45887756347656,,,,,,,
state_c9e7be20306af4139c2b6087,2c_7b12ee2d0e35e39326bc,2,binary_vle_english.xlsx,10.1016/j.fluid.2011.08.007,unverified,0.5,isobaric,0.9642857142857143,isobaric,384.34999999999997,390.8227844238281,,,1.52587890625e-05,True,False,48,CCOCCO,mol_ab8630148ae67e51,0.956,0.651,0.8905019760131836,0.9970455765724182,62.27694320678711,CO,mol_a85d32e4db2ff39c,0.044,0.349,0.1094980463385582,0.49278464913368225,336.636962890625,,,,,,,
state_ca7b924bade28afc61784f8d,2c_6f361cb0ec8be0b0e6dd,2,binary_vle_english.xlsx,10.1016/j.fluid.2006.08.004,unverified,0.5,isobaric,0.95,isobaric,345.76,342.1519775390625,,,0.0,True,False,48,CC(C)OC(C)C,mol_1a0ca8e5eeb68da8,0.089,0.256,0.1404954046010971,1.8352103233337402,87.13555145263672,CCO,mol_f29e20f49d416e54,0.911,0.744,0.8595045804977417,1.0032498836517334,95.26422882080078,,,,,,,
state_ca9e4adcf07994ceb3e24ce3,3c_6b60b4a3a536506a27ae,3,ternary_vle_english.xlsx,10.1016/j.fluid.2006.08.004,unverified,0.5,isobaric,0.9821428571428571,isobaric,348.40999999999997,349.5932312011719,,,-7.62939453125e-06,True,False,48,CC(C)CC(C)(C)C,mol_57615b5c3546c298,0.45199999999999996,0.256,0.27749642729759216,1.2033573389053345,51.68130111694336,CC(C)OC(C)C,mol_1a0ca8e5eeb68da8,0.501,0.604,0.5890333652496338,1.160915493965149,102.59133911132812,CCO,mol_f29e20f49d416e54,0.047,0.14,0.13347020745277405,2.570159673690796,111.92716979980469
state_cb1df3893087d54925ba40b5,2c_dc191206ee879c89c4e5,2,binary_vle_english.xlsx,10.1016/j.jct.2003.09.001,unverified,0.5,isobaric,0.9285714285714286,isobaric,379.24,386.7877197265625,,,-2.288818359375e-05,True,False,48,C1COCCO1,mol_d365f2fae67d24f2,0.156,0.2094,0.2611568570137024,1.7218778133392334,98.4880599975586,CC(C)CO,mol_015d21fca05fcd26,0.844,0.7906,0.7388430833816528,1.0164860486984253,87.2403564453125,,,,,,,
state_cb69042c6e9378819b4a41ae,2c_e94406f9abae6913c6d1,2,binary_vle_english.xlsx,10.1016/j.fluid.2005.02.014,unverified,0.5,isobaric,0.9285714285714286,isobaric,361.17999999999995,373.9142150878906,,,0.0005645751953125,True,False,48,C1CCOCC1,mol_626f3d1f5bbb6f55,0.978,0.9736,0.954417884349823,1.0000325441360474,98.85466766357422,CCCCCl,mol_f7989a5c13417f20,0.02200000000000002,0.02639999999999998,0.0455821231007576,1.6710429191589355,125.60179138183594,,,,,,,
state_cc93acd428c95a06ea6d5288,3c_1a08c4f653f7d812cdc9,3,ternary_vle_english.xlsx,10.1016/j.jct.2019.03.036,unverified,0.5,isobaric,0.972972972972973,isobaric,388.67999999999995,402.5347900390625,,,0.00012969970703125,True,False,48,CCCOC(C)=O,mol_67043ae833ecd0c7,0.3715,0.8586,0.5868789553642273,1.3921880722045898,114.94802856445312,CCOC(C)=O,mol_18876b584acc43d4,0.0286,0.0818,0.09826501458883286,1.4311497211456299,243.19662475585938,CS(C)=O,mol_7d3e12eaed0f467c,0.5999,0.059599999999999986,0.31485605239868164,1.0661269426345825,49.86937713623047
state_ccaec6dde97738ed6184f4ad,2c_f4a55bc5fa0e7d69faf8,2,binary_vle_english.xlsx,10.1016/j.fluid.2012.12.021,unverified,0.5,isobaric,0.9523809523809523,isobaric,365.46999999999997,374.2361145019531,,,0.0006103515625,True,False,48,C1CCOCC1,mol_626f3d1f5bbb6f55,0.281,0.385,0.4286489486694336,1.4412002563476562,99.49512481689453,CCC(C)O,mol_06affb0d2c6c8ff2,0.719,0.615,0.5713509917259216,1.0439317226409912,71.55380249023438,,,,,,,
state_cd4014928d1d28b90d3808c7,2c_e0ef8174c7b6fc15273a,2,binary_vle_english.xlsx,10.1016/j.fluid.2005.06.024,unverified,0.5,isobaric,0.9743589743589743,isobaric,393.62,394.9933166503906,,,1.52587890625e-05,True,False,48,CC(C)=O,mol_e04cf77cea7bbe66,0.0287,0.1689,0.1216377317905426,1.0848616361618042,395.8482360839844,CCOC(=O)OCC,mol_4df2781fcf4d4a77,0.9713,0.8311,0.8783622980117798,0.9996921420097351,91.65806579589844,,,,,,,
state_cdbc6de862edc6f5f655308b,2c_4c757308eefec1e2dd80,2,binary_vle_english.xlsx,10.1016/j.fluid.2011.11.020,unverified,0.5,isobaric,0.9444444444444444,isobaric,356.03,355.2221984863281,,,0.0008087158203125,True,False,48,C=C(C)C(C)C,mol_6f1c44bf29e6107c,0.01749999999999996,0.05879999999999996,0.02136225439608097,0.9542317986488342,129.62744140625,c1ccsc1,mol_7953343be0b435d5,0.9825,0.9412,0.9786377549171448,0.9999327063560486,100.93932342529297,,,,,,,
state_ce793a7aa18604d565c9c593,2c_045f196d049de4abb690,2,binary_vle_english.xlsx,10.1016/j.jct.2004.09.009,unverified,0.5,isobaric,0.9696969696969697,isobaric,369.99,382.6934509277344,,,-1.52587890625e-05,True,False,48,CCC(C)O,mol_06affb0d2c6c8ff2,0.9255,0.8383,0.7770265936851501,1.0004924535751343,85.00701141357422,COC(=O)OC,mol_0ec85594f0f896ea,0.0745,0.1617,0.22297343611717224,1.4658671617507935,206.8289337158203,,,,,,,
state_ce9e9ca35e2284c3fa20be3d,2c_b11dff0fda4f01349610,2,binary_vle_english.xlsx,10.1016/j.jct.2015.03.013,unverified,0.5,isobaric,0.8888888888888888,isobaric,388.0,386.0456848144531,,,5.340576171875e-05,True,False,48,COCCO,mol_d291b272a64498d9,0.8152,0.5689,0.5707789659500122,1.0048511028289795,70.58484649658203,O,mol_e81dc06beaa39499,0.1848,0.4311,0.4292210042476654,2.0629241466522217,114.05258178710938,,,,,,,
state_cf6008fb93fbb6b6911d04c7,2c_30c0b771d8db238964cd,2,binary_vle_english.xlsx,10.1016/j.jct.2003.09.001,unverified,0.5,isobaric,0.9285714285714286,isobaric,351.02,354.2130126953125,,,0.00031280517578125,True,False,48,C1COCO1,mol_7a351e48494919fc,0.2437,0.3397,0.29852426052093506,1.2798115015029907,96.9591064453125,CC(C)(C)O,mol_9c31aaa032950e85,0.7563,0.6603,0.7014757990837097,1.028952717781067,91.31322479248047,,,,,,,
state_cf606a5381d41a2f924837ac,2c_0cbe98474ca1c811520c,2,binary_vle_english.xlsx,10.1016/j.fluid.2006.08.004,unverified,0.5,isobaric,0.9473684210526315,isobaric,366.29999999999995,367.8109436035156,,,3.814697265625e-05,True,False,48,CC(C)CC(C)(C)C,mol_57615b5c3546c298,0.875,0.746,0.6740182042121887,1.0107742547988892,77.20024871826172,CC(C)OC(C)C,mol_1a0ca8e5eeb68da8,0.125,0.254,0.32598185539245605,1.7753291130065918,148.8037567138672,,,,,,,
state_cf928f613a70d8b12ab84b19,3c_f1332761d3af136f02b5,3,ternary_vle_english.xlsx,10.1016/j.fluid.2014.04.025,unverified,0.5,isobaric,0.9473684210526315,isobaric,430.40999999999997,419.75360107421875,,,3.0517578125e-05,True,False,48,COCCO,mol_d291b272a64498d9,0.1249,0.2015,0.24985139071941376,1.5372982025146484,131.8167266845703,CS(C)=O,mol_7d3e12eaed0f467c,0.8097,0.3092999999999999,0.5537148118019104,1.0022791624069214,69.11663818359375,Cc1ccccc1,mol_1c09299644053521,0.0654,0.4892,0.19643378257751465,1.9051227569580078,159.70730590820312
state_cfb08e6029fc822e1b23f580,2c_f0a592d91b289fcd0778,2,binary_vle_english.xlsx,10.1016/j.fluid.2005.01.007,unverified,0.5,isobaric,0.9545454545454546,isobaric,372.33,381.27166748046875,,,1.52587890625e-05,True,False,48,CC(C)=O,mol_e04cf77cea7bbe66,0.0,0.0,0.0,2.35915470123291,316.1699523925781,CC(C)CC(C)(C)C,mol_57615b5c3546c298,1.0,1.0,1.0,1.0,101.3199462890625,,,,,,,
state_d0905c3268d98e9cd292b3f7,2c_23001626ba9c10a2709a,2,binary_vle_english.xlsx,10.1016/j.fluid.2011.06.001,unverified,0.5,isothermal,0.9166666666666666,isothermal,,,54.115015881728,56.67784118652344,0.0,True,False,48,CC(C)(C)Cl,mol_cbd731ac6eef5e90,0.7989,0.8803,0.885403573513031,0.9905850887298584,63.41183853149414,CC(C)OC(C)C,mol_1a0ca8e5eeb68da8,0.20109999999999995,0.11970000000000003,0.11459644883871078,0.864163875579834,37.374576568603516,,,,,,,
state_d0f6cedcffe41b60889c72c2,2c_c830dc760c5163d2d27d,2,binary_vle_english.xlsx,10.1016/j.fluid.2011.05.011,unverified,0.5,isothermal,0.9285714285714286,isothermal,,,69.69000155622399,60.396636962890625,0.0,True,False,48,CC(C)CC(C)(C)C,mol_57615b5c3546c298,0.0694,0.2809,0.1589042842388153,1.9355026483535767,71.4488296508789,CC(C)CO,mol_015d21fca05fcd26,0.9306,0.7191000000000001,0.8410957455635071,1.0018960237503052,54.48444366455078,,,,,,,
state_d12d04b257303551f4a9be72,3c_65250b1389afa8bc1bcc,3,ternary_vle_english.xlsx,10.1016/j.fluid.2013.01.020,unverified,0.5,isothermal,0.9642857142857143,isothermal,,,68.830072282624,62.51477813720703,-3.814697265625e-06,True,False,48,CC(=O)C(C)C,mol_b650f1cc3cac74aa,0.4154,0.22819999999999996,0.20194710791110992,1.1869455575942993,25.604894638061523,CC(C)C(C)C,mol_7347d05012022dd9,0.0693,0.1457,0.12956608831882477,1.3209326267242432,88.48304748535156,CC(C)OC(C)C,mol_1a0ca8e5eeb68da8,0.5153,0.6261,0.6684868335723877,1.1450992822647095,70.82266235351562
state_d307c2669b2c315ba73f53a0,3c_a6f39dd395c2cfcf800d,3,ternary_vle_english.xlsx,10.1016/j.fluid.2009.01.016,unverified,0.5,isothermal,0.95,isothermal,,,55.959930810112,62.99488830566406,0.0,True,False,48,CC(=O)C(C)(C)C,mol_61a887e37d396488,0.2656,0.1447,0.12030539661645889,1.0646086931228638,26.802318572998047,CC(C)(C)CO,mol_dfb42f12fdc989ed,0.4758,0.1342000000000001,0.23815469443798065,1.0350478887557983,30.463481903076172,COC(C)(C)C,mol_b614d6fea320c179,0.2586,0.7211,0.6415398716926575,1.309829592704773,119.31242370605469
state_d31a94be174c3b6a218a2b12,2c_500953d4ef1e1d57286b,2,binary_vle_english.xlsx,10.1016/j.fluid.2012.10.015,unverified,0.5,isothermal,0.9333333333333333,isothermal,,,18.790054578816,15.797913551330566,-2.86102294921875e-06,True,False,48,CCCCCl,mol_f7989a5c13417f20,0.2264,0.6774,0.6401886940002441,1.2607496976852417,35.43254470825195,CC[N+](=O)[O-],mol_6fdb0ec09de24512,0.7736000000000001,0.3226,0.35981133580207825,1.0108141899108887,7.269201755523682,,,,,,,
state_d3d88a7fe35df1a5c5c62804,2c_ab90a05e58432c71abba,2,binary_vle_english.xlsx,10.1016/j.fluid.2011.05.011,unverified,0.5,isothermal,0.9411764705882353,isothermal,,,81.830069741568,75.12225341796875,-7.62939453125e-06,True,False,48,CC(=O)CC(C)C,mol_0a895444a9f0f36b,0.131,0.13529999999999998,0.15096145868301392,2.683171033859253,32.263763427734375,CC(C)CC(C)(C)C,mol_57615b5c3546c298,0.869,0.8647,0.8490385413169861,1.0272616147994995,71.4488296508789,,,,,,,
state_d40bfe0e510ad3f809159c54,2c_8742372ba72e435a7962,2,binary_vle_english.xlsx,10.1016/j.fluid.2013.01.020,unverified,0.5,isothermal,0.9444444444444444,isothermal,,,31.429948321792,25.604896545410156,-1.9073486328125e-06,True,False,48,CC(=O)C(C)C,mol_b650f1cc3cac74aa,1.0,1.0,1.0,1.0,25.604894638061523,CC(C)C(C)C,mol_7347d05012022dd9,0.0,0.0,0.0,1.0729801654815674,88.48304748535156,,,,,,,
state_d5536715f1ec8cdb14c053e0,2c_8742372ba72e435a7962,2,binary_vle_english.xlsx,10.1016/j.fluid.2013.01.020,unverified,0.5,isothermal,0.9444444444444444,isothermal,,,100.49000168921599,83.96176147460938,0.0,True,False,48,CC(=O)C(C)C,mol_b650f1cc3cac74aa,0.256,0.13480000000000003,0.1423831284046173,1.8237993717193604,25.604894638061523,CC(C)C(C)C,mol_7347d05012022dd9,0.744,0.8652,0.8576169013977051,1.093809962272644,88.48304748535156,,,,,,,
state_d573e9d43320e7a9d9a9e3d6,2c_ac155ac6c9df3bfcf363,2,binary_vle_english.xlsx,10.1016/j.fluid.2014.03.033,passed,1.0,isothermal,0.8,isothermal,,,12.200063250944,6.6057562828063965,-4.76837158203125e-07,True,False,48,CC(=O)CC(C)C,mol_0a895444a9f0f36b,0.28800000000000003,0.739,0.4685383141040802,0.5221392512321472,20.58205795288086,O=Cc1ccco1,mol_cfdccd30b0689448,0.712,0.261,0.5314616560935974,0.8841862082481384,5.576615810394287,,,,,,,
state_d8228f1f80d29b0d60915189,2c_500953d4ef1e1d57286b,2,binary_vle_english.xlsx,10.1016/j.fluid.2012.10.015,unverified,0.5,isothermal,0.9333333333333333,isothermal,,,21.499965030784,21.507572174072266,0.0,True,False,48,CCCCCl,mol_f7989a5c13417f20,0.3237,0.7399,0.759415328502655,1.4240514039993286,35.43254470825195,CC[N+](=O)[O-],mol_6fdb0ec09de24512,0.6763,0.2601,0.24058471620082855,1.0525271892547607,7.269201755523682,,,,,,,
state_d97332906dd0d608d30506a1,3c_485aadc678c8a7fb274c,3,ternary_vle_english.xlsx,10.1016/j.fluid.2011.05.011,unverified,0.5,isothermal,0.967741935483871,isothermal,,,56.28003781568,50.64341735839844,0.0,True,False,48,CC(=O)CC(C)C,mol_0a895444a9f0f36b,0.23550000000000004,0.24270000000000003,0.1672280728816986,1.1146185398101807,32.263763427734375,CC(C)CC(C)(C)C,mol_57615b5c3546c298,0.0044,0.022,0.011793993413448334,1.89992356300354,71.4488296508789,CC(C)CO,mol_015d21fca05fcd26,0.7601,0.7353,0.8209778666496277,1.0039479732513428,54.48444366455078
state_d985984485171b0c4022a722,3c_a6f39dd395c2cfcf800d,3,ternary_vle_english.xlsx,10.1016/j.fluid.2009.01.016,unverified,0.5,isothermal,0.95,isothermal,,,54.670036899712,52.60780334472656,0.0,True,False,48,CC(=O)C(C)(C)C,mol_61a887e37d396488,0.5696,0.3017,0.28962278366088867,0.9980229139328003,26.802318572998047,CC(C)(C)CO,mol_dfb42f12fdc989ed,0.22040000000000004,0.06990000000000007,0.1297767609357834,1.0168477296829224,30.463481903076172,COC(C)(C)C,mol_b614d6fea320c179,0.21,0.6284,0.5806004405021667,1.2190529108047485,119.31242370605469
state_d9d637c5956809fa7a83e2fa,2c_4cc4055379eb0154120e,2,binary_vle_english.xlsx,10.1016/j.fluid.2015.10.041,unverified,0.5,isothermal,0.8,isothermal,,,80.60003757439999,53.20269012451172,0.0,True,False,48,CCCC,mol_fadb5806094149e6,0.031000000000000028,0.396,0.16074016690254211,0.2820824980735779,977.9578857421875,CCSCC,mol_a7491cfbf016fee6,0.969,0.604,0.8392598032951355,0.9983786940574646,46.154170989990234,,,,,,,
state_da09c573027ea083e15a6d91,2c_8742372ba72e435a7962,2,binary_vle_english.xlsx,10.1016/j.fluid.2013.01.020,unverified,0.5,isothermal,0.9444444444444444,isothermal,,,91.680059611776,77.26730346679688,0.0,True,False,48,CC(=O)C(C)C,mol_b650f1cc3cac74aa,0.4516,0.20120000000000005,0.19699031114578247,1.3163267374038696,25.604894638061523,CC(C)C(C)C,mol_7347d05012022dd9,0.5484,0.7988,0.8030096292495728,1.2786716222763062,88.48304748535156,,,,,,,
state_db5616ebd839c23a15cdd1d6,2c_94ed5d0a73a3c26e5ef5,2,binary_vle_english.xlsx,10.1016/j.fluid.2019.03.019,unverified,0.5,isothermal,0.9411764705882353,isothermal,,,317.99997886412797,209.0086669921875,0.0,True,False,48,CCO,mol_f29e20f49d416e54,0.101,0.407,0.42966026067733765,3.4947400093078613,254.42115783691406,O,mol_e81dc06beaa39499,0.899,0.593,0.5703397989273071,1.020519733428955,129.93222045898438,,,,,,,
state_dc624871dd0dde5b53884f61,3c_485aadc678c8a7fb274c,3,ternary_vle_english.xlsx,10.1016/j.fluid.2011.05.011,unverified,0.5,isothermal,0.967741935483871,isothermal,,,89.38998129664,77.93827819824219,-7.62939453125e-06,True,False,48,CC(=O)CC(C)C,mol_0a895444a9f0f36b,0.18680000000000008,0.13980000000000004,0.14706918597221375,1.9018687009811401,32.263763427734375,CC(C)CC(C)(C)C,mol_57615b5c3546c298,0.7263,0.7162,0.7303644418716431,1.096930742263794,71.4488296508789,CC(C)CO,mol_015d21fca05fcd26,0.0869,0.144,0.12256637215614319,2.01757550239563,54.48444366455078
state_dc9e4271f6ad3918383db8d2,2c_ca2ff513d4ae36f2f8e1,2,binary_vle_english.xlsx,10.1016/j.jct.2012.12.019,unverified,0.5,isothermal,0.8333333333333334,isothermal,,,436.099998852992,200.69552612304688,0.0,True,False,48,CCCO,mol_5fb2f93dc8caa9dc,0.015,0.1761,0.10032262653112411,5.849421501159668,229.47341918945312,O,mol_e81dc06beaa39499,0.985,0.8239,0.8996773362159729,1.0004596710205078,183.22665405273438,,,,,,,
state_dce512510af8a42caba14f2b,2c_e1c33e24ae7f6ab4d0bf,2,binary_vle_english.xlsx,10.1016/j.fluid.2010.01.024,unverified,0.5,isothermal,0.9333333333333333,isothermal,,,80.06994783923199,78.24835205078125,-7.62939453125e-06,True,False,48,CC[N+](=O)[O-],mol_6fdb0ec09de24512,0.20120000000000005,0.09299999999999997,0.12880435585975647,2.576566219329834,19.44179916381836,ClCCCl,mol_e8df6c9e89c6b62a,0.7988,0.907,0.8711956143379211,1.080163598060608,79.00657653808594,,,,,,,
state_dd2cc9ca6c6913098eca4ca1,2c_98afb8e6c65a310db5e0,2,binary_vle_english.xlsx,10.1016/j.jct.2012.12.026,unverified,0.5,isothermal,0.8461538461538461,isothermal,,,391.500067053056,363.26971435546875,3.0517578125e-05,True,False,48,F/C=C/C(F)(F)F,mol_0e763ba6787b2749,0.31699999999999995,0.32299999999999995,0.27149584889411926,0.8082084655761719,384.954833984375,FC(F)C(F)F,mol_fccff6221e62b4bc,0.683,0.677,0.7285041809082031,0.9517625570297241,407.1101379394531,,,,,,,
state_ddcde98496d19f4f7b815032,2c_c830dc760c5163d2d27d,2,binary_vle_english.xlsx,10.1016/j.fluid.2011.05.011,unverified,0.5,isothermal,0.9285714285714286,isothermal,,,52.690066412544,54.48444366455078,0.0,True,False,48,CC(C)CC(C)(C)C,mol_57615b5c3546c298,0.0,0.0,0.0,1.8849209547042847,71.4488296508789,CC(C)CO,mol_015d21fca05fcd26,1.0,1.0,1.0,1.0,54.48444366455078,,,,,,,
state_de77c3d16935d9cd9f2b6178,2c_ca2ff513d4ae36f2f8e1,2,binary_vle_english.xlsx,10.1016/j.jct.2012.12.019,unverified,0.5,isothermal,0.9285714285714286,isothermal,,,283.4000245984,157.0145263671875,1.52587890625e-05,True,False,48,CCCO,mol_5fb2f93dc8caa9dc,0.0024,0.052,0.015046196058392525,5.050499439239502,194.90411376953125,O,mol_e81dc06beaa39499,0.9976,0.948,0.9849538207054138,1.0000107288360596,155.0224609375,,,,,,,
state_deaad612cb0d7efb6d0e29e9,2c_8742372ba72e435a7962,2,binary_vle_english.xlsx,10.1016/j.fluid.2013.01.020,unverified,0.5,isothermal,0.9444444444444444,isothermal,,,97.08001548288,81.41682434082031,0.0,True,False,48,CC(=O)C(C)C,mol_b650f1cc3cac74aa,0.3408,0.16459999999999997,0.1666099727153778,1.5545066595077515,25.604894638061523,CC(C)C(C)C,mol_7347d05012022dd9,0.6592,0.8354,0.8333899974822998,1.1632823944091797,88.48304748535156,,,,,,,
state_df4fb6c4a21d8c00d273702c,2c_c830dc760c5163d2d27d,2,binary_vle_english.xlsx,10.1016/j.fluid.2011.05.011,unverified,0.5,isothermal,0.9285714285714286,isothermal,,,98.919997483648,83.02879333496094,0.0,True,False,48,CC(C)CC(C)(C)C,mol_57615b5c3546c298,0.8231,0.7307,0.7426324486732483,1.0484673976898193,71.4488296508789,CC(C)CO,mol_015d21fca05fcd26,0.17689999999999995,0.2693,0.2573675811290741,2.2170844078063965,54.48444366455078,,,,,,,
state_df51de1614ae0d0503dc7cd6,3c_485aadc678c8a7fb274c,3,ternary_vle_english.xlsx,10.1016/j.fluid.2011.05.011,unverified,0.5,isothermal,0.967741935483871,isothermal,,,56.739999985279994,41.69340515136719,-3.814697265625e-06,True,False,48,CC(=O)CC(C)C,mol_0a895444a9f0f36b,0.6894,0.5815,0.5389790534973145,1.0103060007095337,32.263763427734375,CC(C)CC(C)(C)C,mol_57615b5c3546c298,0.0326,0.1035,0.09626030921936035,1.723065733909607,71.4488296508789,CC(C)CO,mol_015d21fca05fcd26,0.278,0.315,0.3647606074810028,1.0040559768676758,54.48444366455078
state_e00fd30ae1a1ae130a398987,2c_94ed5d0a73a3c26e5ef5,2,binary_vle_english.xlsx,10.1016/j.fluid.2019.03.019,unverified,0.5,isothermal,0.9411764705882353,isothermal,,,382.000048398848,282.1636962890625,3.0517578125e-05,True,False,48,CCO,mol_f29e20f49d416e54,0.309,0.546,0.6114829778671265,2.1946935653686523,254.42115783691406,O,mol_e81dc06beaa39499,0.6910000000000001,0.45399999999999996,0.3885170519351959,1.2210019826889038,129.93222045898438,,,,,,,
state_e0e97853e7beb1012e8e19cc,2c_ca2ff513d4ae36f2f8e1,2,binary_vle_english.xlsx,10.1016/j.jct.2012.12.019,unverified,0.5,isothermal,0.8333333333333334,isothermal,,,463.999970837248,213.06768798828125,0.0,True,False,48,CCCO,mol_5fb2f93dc8caa9dc,0.0253,0.2352,0.16069048643112183,5.897321701049805,229.47341918945312,O,mol_e81dc06beaa39499,0.9747,0.7648,0.8393095135688782,1.001336693763733,183.22665405273438,,,,,,,
state_e1e9e5f5fe3075f012db3aba,2c_a948b12e7b27db3902e0,2,binary_vle_english.xlsx,10.1016/j.jct.2009.04.006,unverified,0.5,isothermal,0.9285714285714286,isothermal,,,23.299950321152,26.10968780517578,0.0,True,False,48,CCCCCl,mol_f7989a5c13417f20,0.707,0.973,0.9739376902580261,1.0151052474975586,35.43254470825195,O=C1CCCCC1,mol_09f0d60d139abab5,0.29300000000000004,0.027000000000000024,0.026062356308102608,0.9199947714805603,2.5244243144989014,,,,,,,
state_e328f281f1912b379b0350f0,3c_65250b1389afa8bc1bcc,3,ternary_vle_english.xlsx,10.1016/j.fluid.2013.01.020,unverified,0.5,isothermal,0.9642857142857143,isothermal,,,54.660037722111994,38.57292938232422,0.0,True,False,48,CC(=O)C(C)C,mol_b650f1cc3cac74aa,0.8126,0.48330000000000006,0.5413146018981934,1.0035350322723389,25.604894638061523,CC(C)C(C)C,mol_7347d05012022dd9,0.0943,0.3439,0.2737870216369629,1.2656793594360352,88.48304748535156,CC(C)OC(C)C,mol_1a0ca8e5eeb68da8,0.0931,0.1728,0.18489834666252136,1.081667423248291,70.82266235351562
state_e33c1cc69c4cc48d959bac81,2c_e0c162126f5997f9fcd9,2,binary_vle_english.xlsx,10.1016/j.fluid.2016.02.018,unverified,0.5,isothermal,0.8,isothermal,,,120.799931263232,108.0302734375,0.0,True,False,48,CCCCCCC,mol_fddb2c852c313396,0.3856,0.2821,0.24420000612735748,1.0196446180343628,67.09733581542969,c1ccccc1,mol_7165dcf6be1f831d,0.6144000000000001,0.7179,0.7558000087738037,1.0357913970947266,128.30064392089844,,,,,,,
state_e3fd708fb579340a2bcbf5f9,2c_ca2ff513d4ae36f2f8e1,2,binary_vle_english.xlsx,10.1016/j.jct.2012.12.019,unverified,0.5,isothermal,0.9285714285714286,isothermal,,,353.499992436224,177.2216796875,1.52587890625e-05,True,False,48,CCCO,mol_5fb2f93dc8caa9dc,0.0259,0.2468,0.14679892361164093,5.153697967529297,194.90411376953125,O,mol_e81dc06beaa39499,0.9741,0.7532,0.8532010316848755,1.00131356716156,155.0224609375,,,,,,,
state_e54b2d5984aaaed5d7a31aa9,2c_23001626ba9c10a2709a,2,binary_vle_english.xlsx,10.1016/j.fluid.2011.06.001,unverified,0.5,isothermal,0.9166666666666666,isothermal,,,58.070023928447995,61.756187438964844,-3.814697265625e-06,True,False,48,CC(C)(C)Cl,mol_cbd731ac6eef5e90,0.9474,0.9681,0.9723562002182007,0.9995444416999817,63.41183853149414,CC(C)OC(C)C,mol_1a0ca8e5eeb68da8,0.05259999999999998,0.03190000000000004,0.027643829584121704,0.8683936595916748,37.374576568603516,,,,,,,
state_e6dcd8040101d9e4ae50373c,3c_485aadc678c8a7fb274c,3,ternary_vle_english.xlsx,10.1016/j.fluid.2011.05.011,unverified,0.5,isothermal,0.967741935483871,isothermal,,,68.75994471705599,59.91064453125,0.0,True,False,48,CC(=O)CC(C)C,mol_0a895444a9f0f36b,0.04249999999999998,0.038000000000000034,0.030102230608463287,1.3152209520339966,32.263763427734375,CC(C)CC(C)(C)C,mol_57615b5c3546c298,0.0683,0.2717,0.15954884886741638,1.958762764930725,71.4488296508789,CC(C)CO,mol_015d21fca05fcd26,0.8892,0.6903,0.8103489279747009,1.0020838975906372,54.48444366455078
state_e725f2c596f07ce01b6a718d,2c_23001626ba9c10a2709a,2,binary_vle_english.xlsx,10.1016/j.fluid.2011.06.001,unverified,0.5,isothermal,0.9166666666666666,isothermal,,,40.3400154976,39.710472106933594,-3.814697265625e-06,True,False,48,CC(C)(C)Cl,mol_cbd731ac6eef5e90,0.3126,0.4637,0.3864211440086365,0.7741169333457947,63.41183853149414,CC(C)OC(C)C,mol_1a0ca8e5eeb68da8,0.6874,0.5363,0.6135789155960083,0.9483957290649414,37.374576568603516,,,,,,,
state_e9a919e9c5fa427b889bf9d6,2c_ab90a05e58432c71abba,2,binary_vle_english.xlsx,10.1016/j.fluid.2011.05.011,unverified,0.5,isothermal,0.9411764705882353,isothermal,,,56.51001890048,41.66047668457031,0.0,True,False,48,CC(=O)CC(C)C,mol_0a895444a9f0f36b,0.904,0.7556,0.7029068470001221,1.0040111541748047,32.263763427734375,CC(C)CC(C)(C)C,mol_57615b5c3546c298,0.096,0.2444,0.29709315299987793,1.8044735193252563,71.4488296508789,,,,,,,
state_ea215c0101528e9120f9c038,2c_a948b12e7b27db3902e0,2,binary_vle_english.xlsx,10.1016/j.jct.2009.04.006,unverified,0.5,isothermal,0.9285714285714286,isothermal,,,1.9199754215679998,2.5244245529174805,-2.384185791015625e-07,True,False,48,CCCCCl,mol_f7989a5c13417f20,0.0,0.0,0.0,0.11632698029279709,35.43254470825195,O=C1CCCCC1,mol_09f0d60d139abab5,1.0,1.0,1.0,1.0,2.5244243144989014,,,,,,,
state_eb4ead580b2018f6d27b023a,3c_485aadc678c8a7fb274c,3,ternary_vle_english.xlsx,10.1016/j.fluid.2011.05.011,unverified,0.5,isothermal,0.967741935483871,isothermal,,,83.099965296768,73.31912231445312,0.0,True,False,48,CC(=O)CC(C)C,mol_0a895444a9f0f36b,0.3749,0.26060000000000005,0.22965580224990845,1.3920799493789673,32.263763427734375,CC(C)CC(C)(C)C,mol_57615b5c3546c298,0.5538,0.6415,0.6818704605102539,1.2634878158569336,71.4488296508789,CC(C)CO,mol_015d21fca05fcd26,0.0713,0.0979,0.08847368508577347,1.6698187589645386,54.48444366455078
state_eba06bcf203f8e44895e27ff,2c_b399893600891028146a,2,binary_vle_english.xlsx,10.1016/j.fluid.2013.07.044,unverified,0.5,isothermal,0.9166666666666666,isothermal,,,113.99995720576,79.99951171875,-7.62939453125e-06,True,False,48,CC(C)=O,mol_e04cf77cea7bbe66,0.037,0.128,0.15823182463645935,1.2457010746002197,274.64111328125,CCC(C)O,mol_06affb0d2c6c8ff2,0.963,0.872,0.8417681455612183,0.9997132420539856,69.94844055175781,,,,,,,
state_ec6378b96868a056912bb43a,2c_ab90a05e58432c71abba,2,binary_vle_english.xlsx,10.1016/j.fluid.2011.05.011,unverified,0.5,isothermal,0.9411764705882353,isothermal,,,49.13995839744,34.13731384277344,0.0,True,False,48,CC(=O)CC(C)C,mol_0a895444a9f0f36b,0.9783,0.9323,0.9247201681137085,1.0001211166381836,32.263763427734375,CC(C)CC(C)(C)C,mol_57615b5c3546c298,0.0217,0.0677,0.07527986913919449,1.6574991941452026,71.4488296508789,,,,,,,
state_ecad7ddd448e0ed7082835b1,3c_485aadc678c8a7fb274c,3,ternary_vle_english.xlsx,10.1016/j.fluid.2011.05.011,unverified,0.5,isothermal,0.967741935483871,isothermal,,,86.599944101504,76.08421325683594,-7.62939453125e-06,True,False,48,CC(=O)CC(C)C,mol_0a895444a9f0f36b,0.2721,0.1955,0.18752135336399078,1.625180721282959,32.263763427734375,CC(C)CC(C)(C)C,mol_57615b5c3546c298,0.6474,0.6834,0.7069665193557739,1.1628549098968506,71.4488296508789,CC(C)CO,mol_015d21fca05fcd26,0.0805,0.1211,0.10551212728023529,1.8303261995315552,54.48444366455078
state_eceb36c60cec8f52dad4cd49,3c_a6f39dd395c2cfcf800d,3,ternary_vle_english.xlsx,10.1016/j.fluid.2009.01.016,unverified,0.5,isothermal,0.95,isothermal,,,71.81995970739199,80.13261413574219,-7.62939453125e-06,True,False,48,CC(=O)C(C)(C)C,mol_61a887e37d396488,0.2245,0.0975,0.0886959508061409,1.1812025308609009,26.802318572998047,CC(C)(C)CO,mol_dfb42f12fdc989ed,0.3892,0.08939999999999992,0.1677936166524887,1.1340503692626953,30.463481903076172,COC(C)(C)C,mol_b614d6fea320c179,0.3863,0.8131,0.7435104250907898,1.292664885520935,119.31242370605469
state_ed2ef2889e4fc06ee5fc4ac1,2c_ac155ac6c9df3bfcf363,2,binary_vle_english.xlsx,10.1016/j.fluid.2014.03.033,passed,1.0,isothermal,0.8,isothermal,,,7.70003336384,5.500020980834961,-4.76837158203125e-07,True,False,48,CC(=O)CC(C)C,mol_0a895444a9f0f36b,0.10299999999999998,0.506,0.10697688907384872,0.2775416970252991,20.58205795288086,O=Cc1ccco1,mol_cfdccd30b0689448,0.897,0.494,0.8930231332778931,0.9818922877311707,5.576615810394287,,,,,,,
state_ee3aa4a4103868158f05bd55,2c_94ed5d0a73a3c26e5ef5,2,binary_vle_english.xlsx,10.1016/j.fluid.2019.03.019,unverified,0.5,isothermal,0.9411764705882353,isothermal,,,272.000028877824,164.59231567382812,0.0,True,False,48,CCO,mol_f29e20f49d416e54,0.046,0.292,0.24398376047611237,3.4313056468963623,254.42115783691406,O,mol_e81dc06beaa39499,0.954,0.708,0.7560163140296936,1.003865361213684,129.93222045898438,,,,,,,
state_f117bbdc211b3b3978dd6ffb,2c_5018f9e15dae7c08710f,2,binary_vle_english.xlsx,10.1016/j.fluid.2011.06.001,passed,1.0,isothermal,0.9090909090909091,isothermal,,,30.560019870591997,34.51709747314453,0.0,True,False,48,CC(C)CCl,mol_b6f57216bc07a08c,0.142,0.1461,0.07549266517162323,0.7345302700996399,24.9827938079834,CC(C)OC(C)C,mol_1a0ca8e5eeb68da8,0.858,0.8539,0.9245073199272156,0.9951328635215759,37.374576568603516,,,,,,,
state_f1fcfeb1c6bfd47b604c98c4,2c_ea9da779580d9b792700,2,binary_vle_english.xlsx,10.1016/j.jct.2012.11.005,unverified,0.5,isothermal,0.9411764705882353,isothermal,,,96.85003439807998,85.83497619628906,-7.62939453125e-06,True,False,48,CC(C)OC(C)C,mol_1a0ca8e5eeb68da8,0.504,0.509,0.37276116013526917,1.0881242752075195,58.342613220214844,CO,mol_a85d32e4db2ff39c,0.496,0.491,0.6272388696670532,1.144465446472168,94.84465026855469,,,,,,,
state_f314e3208a16ca6d7c839914,3c_65250b1389afa8bc1bcc,3,ternary_vle_english.xlsx,10.1016/j.fluid.2013.01.020,unverified,0.5,isothermal,0.9642857142857143,isothermal,,,79.439999650432,74.06158447265625,0.0,True,False,48,CC(=O)C(C)C,mol_b650f1cc3cac74aa,0.2591,0.14369999999999994,0.12894059717655182,1.4394357204437256,25.604894638061523,CC(C)C(C)C,mol_7347d05012022dd9,0.1939,0.3123,0.2980244755744934,1.286491870880127,88.48304748535156,CC(C)OC(C)C,mol_1a0ca8e5eeb68da8,0.547,0.544,0.5730348825454712,1.0955053567886353,70.82266235351562
state_f565dc7b6961e278d67362e8,2c_500953d4ef1e1d57286b,2,binary_vle_english.xlsx,10.1016/j.fluid.2012.10.015,unverified,0.5,isothermal,0.9333333333333333,isothermal,,,7.239937871872,7.26920223236084,-4.76837158203125e-07,True,False,48,CCCCCl,mol_f7989a5c13417f20,0.0,0.0,0.0,0.6071248650550842,35.43254470825195,CC[N+](=O)[O-],mol_6fdb0ec09de24512,1.0,1.0,1.0,1.0,7.269201755523682,,,,,,,
state_f5cd8f3f8810d934efaaee29,2c_500953d4ef1e1d57286b,2,binary_vle_english.xlsx,10.1016/j.fluid.2012.10.015,unverified,0.5,isothermal,0.9333333333333333,isothermal,,,28.880024711424,33.072608947753906,-3.814697265625e-06,True,False,48,CCCCCl,mol_f7989a5c13417f20,0.7767,0.8961,0.9011086821556091,1.0829038619995117,35.43254470825195,CC[N+](=O)[O-],mol_6fdb0ec09de24512,0.22330000000000005,0.10389999999999999,0.09889129549264908,2.0148885250091553,7.269201755523682,,,,,,,
state_f709ab8a1c7c89de09feee9e,2c_ab90a05e58432c71abba,2,binary_vle_english.xlsx,10.1016/j.fluid.2011.05.011,unverified,0.5,isothermal,0.9411764705882353,isothermal,,,81.4399684928,75.16773986816406,0.0,True,False,48,CC(=O)CC(C)C,mol_0a895444a9f0f36b,0.24250000000000005,0.21550000000000002,0.21277576684951782,2.0442163944244385,32.263763427734375,CC(C)CC(C)(C)C,mol_57615b5c3546c298,0.7575,0.7845,0.7872241735458374,1.093332290649414,71.4488296508789,,,,,,,
state_f798db415150b4a7d1751261,2c_23001626ba9c10a2709a,2,binary_vle_english.xlsx,10.1016/j.fluid.2011.06.001,unverified,0.5,isothermal,0.9166666666666666,isothermal,,,43.400030487936,42.3260498046875,-3.814697265625e-06,True,False,48,CC(C)(C)Cl,mol_cbd731ac6eef5e90,0.4116,0.5728,0.52141934633255,0.8455691933631897,63.41183853149414,CC(C)OC(C)C,mol_1a0ca8e5eeb68da8,0.5884,0.4272,0.47858062386512756,0.921114981174469,37.374576568603516,,,,,,,
state_f7b0d30c16ec8dc9219681e5,2c_ca2ff513d4ae36f2f8e1,2,binary_vle_english.xlsx,10.1016/j.jct.2012.12.019,unverified,0.5,isothermal,0.9285714285714286,isothermal,,,310.500062374656,161.5574951171875,0.0,True,False,48,CCCO,mol_5fb2f93dc8caa9dc,0.0078,0.1466,0.04782542586326599,5.082417964935303,194.90411376953125,O,mol_e81dc06beaa39499,0.9922,0.8533999999999999,0.9521745443344116,1.0001146793365479,155.0224609375,,,,,,,
state_fa054f90c52f224caebed33b,2c_35c6612e2ad0f786d394,2,binary_vle_english.xlsx,10.1016/j.fluid.2016.02.018,unverified,0.5,isothermal,0.8,isothermal,,,64.89999551872,58.133819580078125,-3.814697265625e-06,True,False,48,CCCCCCC,mol_fddb2c852c313396,0.7694,0.9005,0.8927966356277466,1.0053653717041016,67.09733581542969,Cc1ccc(C)cc1,mol_e7658ba520613aac,0.23060000000000003,0.09950000000000003,0.10720335692167282,1.0441924333572388,25.881973266601562,,,,,,,
state_fa2febe8299950826cc8e254,2c_ab90a05e58432c71abba,2,binary_vle_english.xlsx,10.1016/j.fluid.2011.05.011,unverified,0.5,isothermal,0.9411764705882353,isothermal,,,78.429949390464,72.45660400390625,0.0,True,False,48,CC(=O)CC(C)C,mol_0a895444a9f0f36b,0.44010000000000005,0.3335,0.27706947922706604,1.4138400554656982,32.263763427734375,CC(C)CC(C)(C)C,mol_57615b5c3546c298,0.5599,0.6665,0.7229305505752563,1.3093898296356201,71.4488296508789,,,,,,,
state_fbef8346c530b4fd40b66e44,3c_65250b1389afa8bc1bcc,3,ternary_vle_english.xlsx,10.1016/j.fluid.2013.01.020,unverified,0.5,isothermal,0.9642857142857143,isothermal,,,63.090011050752,53.139915466308594,0.0,True,False,48,CC(=O)C(C)C,mol_b650f1cc3cac74aa,0.6012,0.33199999999999996,0.30464938282966614,1.0516693592071533,25.604894638061523,CC(C)C(C)C,mol_7347d05012022dd9,0.083,0.2179,0.18564850091934204,1.3433035612106323,88.48304748535156,CC(C)OC(C)C,mol_1a0ca8e5eeb68da8,0.3158,0.4501,0.5097020864486694,1.211024284362793,70.82266235351562
state_fc1aca9a6c7b4d11d336accc,2c_e0c162126f5997f9fcd9,2,binary_vle_english.xlsx,10.1016/j.fluid.2016.02.018,unverified,0.5,isothermal,0.8,isothermal,,,130.19995814144,119.46733093261719,0.0,True,False,48,CCCCCCC,mol_fddb2c852c313396,0.1998,0.1498,0.12748272716999054,1.1360559463500977,67.09733581542969,c1ccccc1,mol_7165dcf6be1f831d,0.8002,0.8502000000000001,0.8725172877311707,1.015303373336792,128.30064392089844,,,,,,,
state_fc9754b7e321ff0a058705bc,2c_23001626ba9c10a2709a,2,binary_vle_english.xlsx,10.1016/j.fluid.2011.06.001,unverified,0.5,isothermal,0.9166666666666666,isothermal,,,36.90496468608,37.89336395263672,0.0,True,False,48,CC(C)(C)Cl,mol_cbd731ac6eef5e90,0.1949,0.3289,0.22335223853588104,0.6848118901252747,63.41183853149414,CC(C)OC(C)C,mol_1a0ca8e5eeb68da8,0.8051,0.6711,0.7766477465629578,0.978050172328949,37.374576568603516,,,,,,,
state_fd18772c0f9ff362bd3bf256,3c_65250b1389afa8bc1bcc,3,ternary_vle_english.xlsx,10.1016/j.fluid.2013.01.020,unverified,0.5,isothermal,0.9642857142857143,isothermal,,,79.819968399232,72.13725280761719,0.0,True,False,48,CC(=O)C(C)C,mol_b650f1cc3cac74aa,0.35860000000000003,0.18280000000000007,0.16329340636730194,1.282906413078308,25.604894638061523,CC(C)C(C)C,mol_7347d05012022dd9,0.2347,0.4068,0.3733471930027008,1.2968785762786865,88.48304748535156,CC(C)OC(C)C,mol_1a0ca8e5eeb68da8,0.4067,0.4104,0.46335938572883606,1.1604626178741455,70.82266235351562
state_fd9cbfdd8daa47f8ad5adc8c,2c_8742372ba72e435a7962,2,binary_vle_english.xlsx,10.1016/j.fluid.2013.01.020,unverified,0.5,isothermal,0.9444444444444444,isothermal,,,105.45999292351999,87.41481018066406,0.0,True,False,48,CC(=O)C(C)C,mol_b650f1cc3cac74aa,0.11050000000000004,0.07140000000000002,0.08333349972963333,2.5746569633483887,25.604894638061523,CC(C)C(C)C,mol_7347d05012022dd9,0.8895,0.9286,0.9166664481163025,1.0180997848510742,88.48304748535156,,,,,,,
state_fda56739fc96075e556cbcfc,2c_5018f9e15dae7c08710f,2,binary_vle_english.xlsx,10.1016/j.fluid.2011.06.001,passed,1.0,isothermal,0.9090909090909091,isothermal,,,30.534955265408,23.719890594482422,0.0,True,False,48,CC(C)CCl,mol_b6f57216bc07a08c,0.8323,0.8285,0.851954996585846,0.9718705415725708,24.9827938079834,CC(C)OC(C)C,mol_1a0ca8e5eeb68da8,0.16769999999999996,0.17149999999999999,0.14804500341415405,0.5602696537971497,37.374576568603516,,,,,,,
state_fe02b94f82054040aceac973,2c_94ed5d0a73a3c26e5ef5,2,binary_vle_english.xlsx,10.1016/j.fluid.2019.03.019,unverified,0.5,isothermal,0.9411764705882353,isothermal,,,395.999963617792,287.52001953125,3.0517578125e-05,True,False,48,CCO,mol_f29e20f49d416e54,0.404,0.587,0.6246724724769592,1.7473740577697754,254.42115783691406,O,mol_e81dc06beaa39499,0.596,0.41300000000000003,0.3753274977207184,1.3935270309448242,129.93222045898438,,,,,,,
state_d0163407465a00ddb9912f71,2c_7c6b847ee4cb190db3ef,2,binary_vle_english.xlsx,10.1016/j.fluid.2005.06.024,unverified,0.5,isobaric,0.9666666666666667,isobaric,387.96,384.9723205566406,,,0.0,True,False,48,CCC(C)=O,mol_4cfc5db0ca2ab00b,0.1323,0.3781,0.3441779315471649,2.3190371990203857,113.66639709472656,CCOC(=O)OCC,mol_4df2781fcf4d4a77,0.8677,0.6219,0.6558220982551575,1.0149108171463013,75.45797729492188,,,,,,,
state_d0c8594829834d23a048d1d0,2c_e06683c33855ee8d702b,2,binary_vle_english.xlsx,10.1016/j.fluid.2012.12.020,unverified,0.5,isobaric,0.9565217391304348,isobaric,389.12,402.7224426269531,,,0.0002899169921875,True,False,48,CC(C)O,mol_db030b5de88f8eaf,0.0227,0.0672,0.08078660070896149,1.3370336294174194,268.8398132324219,CCCCO,mol_ad4ef9c6c876ca2f,0.9773,0.9328,0.9192133545875549,1.000165343284607,94.98151397705078,,,,,,,
state_d113e69ed8ba350c721b8347,2c_f4a55bc5fa0e7d69faf8,2,binary_vle_english.xlsx,10.1016/j.fluid.2012.12.021,unverified,0.5,isobaric,0.9523809523809523,isobaric,364.07,371.929931640625,,,0.0002288818359375,True,False,48,C1CCOCC1,mol_626f3d1f5bbb6f55,0.38,0.491,0.5108745098114014,1.3306306600570679,94.9734115600586,CCC(C)O,mol_06affb0d2c6c8ff2,0.62,0.509,0.48912546038627625,1.0877224206924438,68.17723846435547,,,,,,,
state_d21f6a6c17257eb6afe7b128,2c_6f361cb0ec8be0b0e6dd,2,binary_vle_english.xlsx,10.1016/j.fluid.2006.08.004,unverified,0.5,isobaric,0.95,isobaric,340.08,338.60870361328125,,,-7.62939453125e-06,True,False,48,CC(C)OC(C)C,mol_1a0ca8e5eeb68da8,0.287,0.49,0.3501220643520355,1.5367887020111084,80.4141616821289,CCO,mol_f29e20f49d416e54,0.7130000000000001,0.51,0.6498779654502869,1.0491492748260498,88.00637817382812,,,,,,,
state_d2ae89174dfa00c97629b196,2c_72801d7427f9871710ea,2,binary_vle_english.xlsx,10.1016/j.jct.2013.08.011,unverified,0.5,isobaric,0.95,isobaric,360.17999999999995,365.0550842285156,,,7.62939453125e-06,True,False,48,CC#N,mol_7028b7cbd3d829b4,0.151,0.391,0.18913400173187256,0.7458475232124329,170.11862182617188,CCCO,mol_5fb2f93dc8caa9dc,0.849,0.609,0.8108659982681274,1.0046032667160034,96.30659484863281,,,,,,,
state_d47aee1cbd35d90d04f43482,3c_2cb16216a8c609b7ad27,3,ternary_vle_english.xlsx,10.1016/j.fluid.2005.09.015,unverified,0.5,isobaric,0.9767441860465116,isobaric,405.59999999999997,412.54876708984375,,,0.00182342529296875,True,False,48,CC(=O)OCC(C)C,mol_e7eb29ad965cc8ee,0.266,0.413,0.6165041327476501,1.7578259706497192,133.56585693359375,CC(C)CO,mol_015d21fca05fcd26,0.042,0.112,0.10947282612323761,1.886245608329773,139.983154296875,CCCCOC(=O)CC,mol_a9c167bbb331e76a,0.692,0.475,0.27402302622795105,1.035105586051941,38.75371170043945
state_d4a361690298712a07d88484,2c_d66c7a74cea5d8732e08,2,binary_vle_english.xlsx,10.1016/j.fluid.2014.02.006,unverified,0.5,isobaric,0.9411764705882353,isobaric,371.38,378.85955810546875,,,-1.52587890625e-05,True,False,48,CC(C)O,mol_db030b5de88f8eaf,0.004,0.065,0.02199023775756359,3.131922721862793,177.81483459472656,O,mol_e81dc06beaa39499,0.996,0.935,0.9780097603797913,1.0000269412994385,99.46751403808594,,,,,,,
state_d50de6d74b55a7014679c595,2c_6bea4d4b457d21637176,2,binary_vle_english.xlsx,10.1016/j.fluid.2006.07.003,unverified,0.5,isobaric,0.9545454545454546,isobaric,410.62,455.6699523925781,,,7.62939453125e-06,True,False,48,CCCCCO,mol_243de2450bee5519,1.0,1.0,1.0,1.0,101.29994201660156,CCCO,mol_5fb2f93dc8caa9dc,0.0,0.0,0.0,0.7752920389175415,423.8525390625,,,,,,,
state_d6a3bd645eb057bb8c940a6d,2c_079ccab2da1cc47051a9,2,binary_vle_english.xlsx,10.1016/j.fluid.2006.02.009,unverified,0.5,isobaric,0.9545454545454546,isobaric,383.76,393.9858093261719,,,7.62939453125e-06,True,False,48,CCCCCl,mol_f7989a5c13417f20,0.0,0.0,0.0,1.8543050289154053,181.4419708251953,Cc1ccccc1,mol_1c09299644053521,1.0,1.0,1.0,1.0,101.29994201660156,,,,,,,
state_d6fe61bcc91f364e43d3c14c,2c_bcadcb4c5d803465b404,2,binary_vle_english.xlsx,10.1016/j.fluid.2007.09.014,unverified,0.5,isobaric,0.9523809523809523,isobaric,392.64,395.6519470214844,,,4.57763671875e-05,True,False,48,CC(C)O,mol_db030b5de88f8eaf,0.05,0.186,0.1999768763780594,1.6945743560791016,239.08840942382812,COCCO,mol_d291b272a64498d9,0.95,0.8140000000000001,0.8000231385231018,1.0006054639816284,85.25609588623047,,,,,,,
state_d7b014838cae11bb48d8ac8f,2c_165952a69a69e7a8d3f6,2,binary_vle_english.xlsx,10.1016/j.fluid.2007.06.005,unverified,0.5,isobaric,0.9545454545454546,isobaric,361.27,371.5447998046875,,,0.00019073486328125,True,False,48,CC(C)CC(C)(C)C,mol_57615b5c3546c298,0.972,0.7130000000000001,0.8013375997543335,1.0012211799621582,83.4121322631836,CCO,mol_f29e20f49d416e54,0.028,0.287,0.1986624300479889,4.1443305015563965,173.42562866210938,,,,,,,
state_d80f9b1c2c8bd2bd5a20f965,3c_c1f86c0bca7d787912fb,3,ternary_vle_english.xlsx,10.1016/j.jct.2011.10.025,unverified,0.5,isobaric,0.9807692307692307,isobaric,360.95,364.968505859375,,,0.0,True,False,48,C1CCOCC1,mol_626f3d1f5bbb6f55,0.619,0.624,0.5453158617019653,1.0851448774337769,82.23920440673828,CC(C)CC(C)(C)C,mol_57615b5c3546c298,0.33499999999999996,0.257,0.35890066623687744,1.4926822185516357,72.70616149902344,CC(C)O,mol_db030b5de88f8eaf,0.046,0.119,0.09578350186347961,1.5469990968704224,136.34901428222656
state_d89ef1c873c9fa40ec0eae14,2c_165952a69a69e7a8d3f6,2,binary_vle_english.xlsx,10.1016/j.fluid.2007.06.005,unverified,0.5,isobaric,0.9545454545454546,isobaric,372.33,381.26153564453125,,,7.62939453125e-06,True,False,48,CC(C)CC(C)(C)C,mol_57615b5c3546c298,1.0,1.0,1.0,1.0,101.29994201660156,CCO,mol_f29e20f49d416e54,0.0,0.0,0.0,4.423149585723877,207.15829467773438,,,,,,,
state_d9763b40c4f7cfa4333bcb15,2c_46777e532a11b24ee585,2,binary_vle_english.xlsx,10.1016/j.fluid.2012.12.020,unverified,0.5,isobaric,0.9629629629629629,isobaric,404.90999999999997,436.1572570800781,,,6.103515625e-05,True,False,48,CC(C)O,mol_db030b5de88f8eaf,0.0495,0.2355,0.3105281889438629,1.4250516891479492,444.61767578125,CCCCCO,mol_243de2450bee5519,0.9505,0.7645,0.6894717812538147,1.0002490282058716,73.24495697021484,,,,,,,
state_da537b642fa8f19fec471a03,2c_784276d4500715f79c89,2,binary_vle_english.xlsx,10.1016/j.fluid.2013.05.019,passed,1.0,isobaric,0.7142857142857143,isobaric,371.34,383.29180908203125,,,6.103515625e-05,True,False,48,CCCCCCC,mol_fddb2c852c313396,0.999859,0.999694,0.9996655583381653,1.0,101.3105239868164,c1ccsc1,mol_7953343be0b435d5,0.000141,0.000306,0.00033442245330661535,1.3711501359939575,175.2790069580078,,,,,,,
state_da55ed2477b5be9996ce44b5,3c_50c0ded265c297b30405,3,ternary_vle_english.xlsx,10.1016/j.fluid.2015.03.013,unverified,0.5,isobaric,0.9333333333333333,isobaric,401.08,394.4723205566406,,,2.288818359375e-05,True,False,48,CC(=O)N(C)C,mol_b8ccf255e2b62919,0.622,0.21399999999999997,0.39956361055374146,1.0959721803665161,59.37522888183594,CCC(C)O,mol_06affb0d2c6c8ff2,0.323,0.627,0.5135464072227478,1.508933186531067,106.73734283447266,CCC(C)OC(C)=O,mol_879306ab1082c162,0.055,0.159,0.08689001202583313,1.5962125062942505,100.2595443725586
state_dacc9392a9d11ae8c22332b1,2c_35cc53cd52979773cfcb,2,binary_vle_english.xlsx,10.1016/j.fluid.2015.08.014,unverified,0.5,isobaric,0.9473684210526315,isobaric,454.75,441.3330383300781,,,0.00139617919921875,True,False,48,CO,mol_a85d32e4db2ff39c,0.014,0.206,0.023417659103870392,0.245543971657753,690.0829467773438,CS(C)=O,mol_7d3e12eaed0f467c,0.986,0.794,0.9765823483467102,0.9996213316917419,100.37177276611328,,,,,,,
state_dbad9f3f33acd08a128b5ff2,3c_6b60b4a3a536506a27ae,3,ternary_vle_english.xlsx,10.1016/j.fluid.2006.08.004,unverified,0.5,isobaric,0.9821428571428571,isobaric,350.78999999999996,351.6178283691406,,,-7.62939453125e-06,True,False,48,CC(C)CC(C)(C)C,mol_57615b5c3546c298,0.552,0.33199999999999996,0.3329988718032837,1.1285436153411865,54.149505615234375,CC(C)OC(C)C,mol_1a0ca8e5eeb68da8,0.403,0.517,0.5275285243988037,1.2378395795822144,107.12373352050781,CCO,mol_f29e20f49d416e54,0.045,0.151,0.13947252929210663,2.687915563583374,116.80721282958984
state_dbcb46f9707b8a273e4f2292,2c_97830bff71af0df3111e,2,binary_vle_english.xlsx,10.1016/j.fluid.2018.03.015,unverified,0.5,isobaric,0.9090909090909091,isobaric,346.4,345.3763427734375,,,0.00041961669921875,True,False,48,CCO,mol_f29e20f49d416e54,0.915,0.771,0.9166239500045776,0.9925373792648315,102.2431411743164,ClC(Cl)Cl,mol_d9e0a2387a6283f9,0.085,0.229,0.08337607234716415,0.724414050579071,137.16604614257812,,,,,,,
state_dbf966765d7e9c3d19415be2,2c_165952a69a69e7a8d3f6,2,binary_vle_english.xlsx,10.1016/j.fluid.2005.01.007,unverified,0.5,isobaric,0.9545454545454546,isobaric,353.82,364.4052429199219,,,7.62939453125e-06,True,False,48,CC(C)CC(C)(C)C,mol_57615b5c3546c298,0.943,0.5700000000000001,0.6720436811447144,1.005123496055603,71.83916473388672,CCO,mol_f29e20f49d416e54,0.057,0.43,0.32795634865760803,3.853562116622925,151.27728271484375,,,,,,,
state_dcc5f69709d05b76e218be99,3c_f6a2de3ac0acbac84e4f,3,ternary_vle_english.xlsx,10.1016/j.fluid.2005.01.007,unverified,0.5,isobaric,0.9818181818181818,isobaric,343.46999999999997,340.107177734375,,,3.814697265625e-05,True,False,48,CC(C)=O,mol_e04cf77cea7bbe66,0.089,0.226,0.1657174676656723,1.3054004907608032,144.49200439453125,CC(C)CC(C)(C)C,mol_57615b5c3546c298,0.04500000000000004,0.10599999999999998,0.05412506312131882,2.9553215503692627,41.22782516479492,CCO,mol_f29e20f49d416e54,0.866,0.668,0.7801574468612671,1.0025761127471924,91.02408599853516
state_dd076cb3dcf07899ce07a052,2c_b0bc67c353a1662f4845,2,binary_vle_english.xlsx,10.1016/j.fluid.2012.09.019,passed,1.0,isobaric,0.9285714285714286,isobaric,389.30999999999995,364.8638610839844,,,1.71661376953125e-05,True,False,48,CCCCCCCCCC,mol_91b5da48af8329ea,0.929,0.8,0.9747018218040466,0.9908393025398254,21.177865982055664,Cc1ccc(C)cc1,mol_e7658ba520613aac,0.07099999999999995,0.19999999999999996,0.025298181921243668,0.2646602392196655,26.925983428955078,,,,,,,
state_ddd38c4beb08cfdc6182dd76,2c_d66c7a74cea5d8732e08,2,binary_vle_english.xlsx,10.1016/j.jct.2016.10.001,unverified,0.5,isobaric,0.9375,isobaric,364.4,376.0719909667969,,,0.00083160400390625,True,False,48,CC(C)O,mol_db030b5de88f8eaf,0.017,0.282,0.08552785217761993,3.0182900428771973,168.85360717773438,O,mol_e81dc06beaa39499,0.983,0.718,0.9144721031188965,1.0004851818084717,94.19308471679688,,,,,,,
state_de93cbfffae33bcfbc0ef724,3c_2d8df0569d9d03284715,3,ternary_vle_english.xlsx,10.1016/j.fluid.2007.06.005,unverified,0.5,isobaric,0.9807692307692307,isobaric,358.09999999999997,369.9282531738281,,,0.00011444091796875,True,False,48,CC(C)CC(C)(C)C,mol_57615b5c3546c298,0.945,0.592,0.7560846209526062,1.0045862197875977,80.6791000366211,CCC(C)=O,mol_4cfc5db0ca2ab00b,0.038,0.129,0.12447763234376907,3.938866138458252,84.24539947509766,CCO,mol_f29e20f49d416e54,0.017,0.279,0.1194378063082695,4.230816841125488,168.2202606201172
state_dec4e4334a0f8a142ed286b9,2c_6f361cb0ec8be0b0e6dd,2,binary_vle_english.xlsx,10.1016/j.fluid.2006.08.004,unverified,0.5,isobaric,0.95,isobaric,339.34,338.1813049316406,,,-2.288818359375e-05,True,False,48,CC(C)OC(C)C,mol_1a0ca8e5eeb68da8,0.338,0.523,0.3885842263698578,1.462512493133545,79.6302261352539,CCO,mol_f29e20f49d416e54,0.6619999999999999,0.477,0.6114157438278198,1.0734299421310425,87.15935516357422,,,,,,,
state_df2fc5c0634074a9fa4a7232,3c_c1f86c0bca7d787912fb,3,ternary_vle_english.xlsx,10.1016/j.jct.2011.10.025,unverified,0.5,isobaric,0.9807692307692307,isobaric,360.7,365.7611999511719,,,3.0517578125e-05,True,False,48,C1CCOCC1,mol_626f3d1f5bbb6f55,0.696,0.698,0.6021186709403992,1.0480058193206787,83.6216049194336,CC(C)CC(C)(C)C,mol_57615b5c3546c298,0.26,0.19700000000000006,0.3062228262424469,1.6136060953140259,73.93941497802734,CC(C)O,mol_db030b5de88f8eaf,0.044,0.105,0.09165848046541214,1.5235650539398193,138.5059051513672
state_df80bdbd4879186fa1831147,2c_35cc53cd52979773cfcb,2,binary_vle_english.xlsx,10.1016/j.fluid.2015.08.014,unverified,0.5,isobaric,0.9473684210526315,isobaric,448.42999999999995,440.7091064453125,,,0.00099945068359375,True,False,48,CO,mol_a85d32e4db2ff39c,0.027,0.341,0.04711288958787918,0.2581683397293091,684.6781005859375,CS(C)=O,mol_7d3e12eaed0f467c,0.973,0.659,0.9528870582580566,0.9986019134521484,99.34583282470703,,,,,,,
state_e0d0960c6d2f58981461faae,3c_c45f0751ac63a91a45e8,3,ternary_vle_english.xlsx,10.1016/j.fluid.2005.06.019,unverified,0.5,isobaric,0.9767441860465116,isobaric,414.16999999999996,425.7713928222656,,,2.288818359375e-05,True,False,48,CC(=O)OCC(C)C,mol_e7eb29ad965cc8ee,0.082,0.198,0.27606746554374695,2.049001693725586,166.44406127929688,CC(C)CO,mol_015d21fca05fcd26,0.111,0.336,0.4092995226383209,2.1404073238372803,174.5143280029297,CCCCCCO,mol_eb71ecc709e3f0dc,0.8069999999999999,0.46599999999999997,0.31463298201560974,1.0149235725402832,38.91407012939453
state_e2202dcd478a343d47ab8cce,2c_3c77d4a7763529aa395e,2,binary_vle_english.xlsx,10.1016/j.fluid.2017.10.001,unverified,0.5,isobaric,0.95,isobaric,351.89,375.3970947265625,,,0.00084686279296875,True,False,48,CCC(C)=O,mol_4cfc5db0ca2ab00b,0.974,0.951,0.9061350226402283,1.0004730224609375,94.19792938232422,CCO,mol_f29e20f49d416e54,0.026000000000000023,0.049000000000000044,0.09386496990919113,1.9631311893463135,186.29176330566406,,,,,,,
state_e22d06867d8eefc610e652f1,2c_106af91fffdb87d7c4f6,2,binary_vle_english.xlsx,10.1016/j.fluid.2013.05.016,unverified,0.5,isobaric,0.9444444444444444,isobaric,413.2,418.4552001953125,,,0.0,True,False,48,Cc1ccccc1,mol_1c09299644053521,0.094,0.196,0.23429183661937714,1.6154508590698242,156.2948760986328,Cc1ccccc1C,mol_61c4de85d258b45d,0.906,0.804,0.7657081484794617,1.0040909051895142,85.26508331298828,,,,,,,
state_e251f1d1e1abb032d0bad50c,3c_5af2e9ac27e2698a2927,3,ternary_vle_english.xlsx,10.1016/j.fluid.2008.06.006,unverified,0.5,isobaric,0.9772727272727273,isobaric,336.33,339.9393005371094,,,-1.52587890625e-05,True,False,48,C1CCCCC1,mol_893981623557f359,0.41100000000000003,0.04700000000000004,0.37357664108276367,0.9868800044059753,86.5767593383789,CC(C)=O,mol_e04cf77cea7bbe66,0.086,0.127,0.17735378444194794,1.3464226722717285,143.9754180908203,CC(C)OC(C)C,mol_1a0ca8e5eeb68da8,0.503,0.826,0.4490695595741272,1.0124268531799316,82.8914566040039
state_e31123e5b3eff9fc81928e57,2c_5481356f0b4c42a123fa,2,binary_vle_english.xlsx,10.1016/j.fluid.2014.04.025,unverified,0.5,isobaric,0.9375,isobaric,394.94,402.8201599121094,,,0.000396728515625,True,False,48,COCCO,mol_d291b272a64498d9,0.9739,0.8955,0.9383668303489685,1.0002144575119019,97.58341217041016,Cc1ccccc1,mol_1c09299644053521,0.0261,0.1045,0.061633169651031494,2.006967306137085,119.1913070678711,,,,,,,
state_e369afc2d8718b79e26969d0,3c_5af2e9ac27e2698a2927,3,ternary_vle_english.xlsx,10.1016/j.fluid.2008.06.006,unverified,0.5,isobaric,0.9772727272727273,isobaric,339.67999999999995,339.9752502441406,,,-1.52587890625e-05,True,False,48,C1CCCCC1,mol_893981623557f359,0.5169999999999999,0.488,0.4704870283603668,0.9872555732727051,86.64734649658203,CC(C)=O,mol_e04cf77cea7bbe66,0.084,0.209,0.17310409247875214,1.3444178104400635,144.0859375,CC(C)OC(C)C,mol_1a0ca8e5eeb68da8,0.399,0.303,0.3564089238643646,1.012136697769165,82.95915222167969
state_e45aa4f58a3c80bbbaf1d77f,3c_6b60b4a3a536506a27ae,3,ternary_vle_english.xlsx,10.1016/j.fluid.2006.08.004,unverified,0.5,isobaric,0.9821428571428571,isobaric,352.28,360.8038635253906,,,0.0,True,False,48,CC(C)CC(C)(C)C,mol_57615b5c3546c298,0.881,0.522,0.5851535201072693,1.0121313333511353,66.47620391845703,CC(C)OC(C)C,mol_1a0ca8e5eeb68da8,0.049,0.066,0.1018747091293335,1.6257524490356445,129.5463104248047,CCO,mol_f29e20f49d416e54,0.07,0.412,0.3129717707633972,3.21414852142334,140.9127655029297
state_e48c091b868ee9b06ee53d96,2c_50cae961bcfb98dfb10a,2,binary_vle_english.xlsx,10.1016/j.fluid.2011.11.020,passed,1.0,isobaric,0.9375,isobaric,353.60999999999996,355.1311340332031,,,0.0007171630859375,True,False,48,CC(C)=C(C)C,mol_ac85c03b48dc0205,0.10860000000000003,0.2027,0.11762866377830505,0.8563658595085144,128.16380310058594,c1ccsc1,mol_7953343be0b435d5,0.8914,0.7973,0.8823713660240173,0.9956325888633728,100.74443817138672,,,,,,,
state_e574b39fcf28831f244c0423,2c_94ed5d0a73a3c26e5ef5,2,binary_vle_english.xlsx,10.1016/j.fluid.2017.03.010,unverified,0.5,isobaric,0.9444444444444444,isobaric,373.15,379.81298828125,,,1.52587890625e-05,True,False,48,CCO,mol_f29e20f49d416e54,0.0,0.0,0.0,2.4434096813201904,201.8578643798828,O,mol_e81dc06beaa39499,1.0,1.0,1.0,1.0,101.3199462890625,,,,,,,
state_e75a08d3cbb14b95bc8b4e9a,2c_34804c7fdf5c7dc9c9e5,2,binary_vle_english.xlsx,10.1016/j.fluid.2005.02.014,unverified,0.5,isobaric,0.9090909090909091,isobaric,360.49,373.2857666015625,,,0.00042724609375,True,False,48,C1CCOCC1,mol_626f3d1f5bbb6f55,0.9622,0.9308,0.9277310371398926,1.000598430633545,97.6130599975586,CC(C)CCl,mol_b6f57216bc07a08c,0.037799999999999945,0.06920000000000004,0.07226896286010742,1.6419010162353516,117.95709228515625,,,,,,,
state_e80a1a2a429848a76850e5a6,2c_375f45238dade7281e25,2,binary_vle_english.xlsx,10.1016/j.jct.2019.03.036,unverified,0.5,isobaric,0.9473684210526315,isobaric,458.73,439.6249084472656,,,0.00090789794921875,True,False,48,CCOC(C)=O,mol_18876b584acc43d4,0.0071,0.1598,0.04358072206377983,1.4589347839355469,426.1998291015625,CS(C)=O,mol_7d3e12eaed0f467c,0.9929,0.8402000000000001,0.9564192891120911,0.9999769926071167,97.58113098144531,,,,,,,
state_e89a8196ff01f5053952d293,2c_a4ea92aaad2e5eb91802,2,binary_vle_english.xlsx,10.1016/j.fluid.2015.08.014,unverified,0.5,isobaric,0.9444444444444444,isobaric,434.34999999999997,432.14874267578125,,,5.340576171875e-05,True,False,48,COC(C)=O,mol_b9c4464ceb7b1e3f,0.024,0.562,0.17148293554782867,1.1225284337997437,644.7951049804688,CS(C)=O,mol_7d3e12eaed0f467c,0.976,0.43799999999999994,0.8285170793533325,0.9996121525764465,86.02595520019531,,,,,,,
state_e93e07a4e3fcde54724abea0,2c_e8b98868a6b90d408930,2,binary_vle_english.xlsx,10.1016/j.fluid.2015.09.039,unverified,0.5,isobaric,0.96875,isobaric,463.75,442.239501953125,,,0.0,True,False,48,CN(C)C=O,mol_ca12d6d2f2ffb170,0.011,0.026,0.00555973406881094,0.3787354528903961,135.1868896484375,CS(C)=O,mol_7d3e12eaed0f467c,0.989,0.974,0.9944402575492859,0.9998155236244202,101.8759536743164,,,,,,,
state_e9562fe94385d1fbbdb6cb8f,3c_e0e1cd9a389a64136bfe,3,ternary_vle_english.xlsx,10.1016/j.fluid.2013.10.060,unverified,0.5,isobaric,0.9487179487179487,isobaric,342.88,344.0626525878906,,,0.001068115234375,True,False,48,C1CCOCC1,mol_626f3d1f5bbb6f55,0.518,0.33499999999999996,0.31162944436073303,1.097320795059204,51.535667419433594,CCCCCC,mol_c55e04e90e298cf6,0.102,0.252,0.1846601366996765,1.8420751094818115,92.38435363769531,CCO,mol_f29e20f49d416e54,0.38,0.413,0.5037104487419128,1.2541115283966064,99.35597229003906
state_ea0d79d9a9bd810d7edc84a5,2c_f6e4afdc0101fe369605,2,binary_vle_english.xlsx,10.1016/j.jct.2004.09.009,unverified,0.5,isobaric,0.9629629629629629,isobaric,391.09999999999997,390.5854187011719,,,-7.62939453125e-06,True,False,48,CC1CCCCC1,mol_bdf6ddfdabc4e204,0.0963,0.2651,0.24132414162158966,2.642578125,96.06291961669922,CCOC(=O)OCC,mol_4df2781fcf4d4a77,0.9037,0.7349,0.7586758732795715,1.0094624757766724,84.24632263183594,,,,,,,
state_eb1f8569a238aec3ff2b919f,2c_e94406f9abae6913c6d1,2,binary_vle_english.xlsx,10.1016/j.fluid.2005.02.014,unverified,0.5,isobaric,0.9285714285714286,isobaric,360.78999999999996,372.1351318359375,,,0.00031280517578125,True,False,48,C1CCOCC1,mol_626f3d1f5bbb6f55,0.9447,0.9321,0.8896731734275818,1.000316858291626,95.36949920654297,CCCCCl,mol_f7989a5c13417f20,0.055300000000000016,0.06789999999999996,0.11032677441835403,1.6655622720718384,121.34039306640625,,,,,,,
state_ec393802d10562e737abbe18,2c_e8b98868a6b90d408930,2,binary_vle_english.xlsx,10.1016/j.fluid.2015.09.039,unverified,0.5,isobaric,0.96875,isobaric,456.84999999999997,444.97052001953125,,,0.00193023681640625,True,False,48,CN(C)C=O,mol_ca12d6d2f2ffb170,0.099,0.216,0.06601276248693466,0.4785456657409668,141.15191650390625,CS(C)=O,mol_7d3e12eaed0f467c,0.901,0.784,0.9339872002601624,0.985956609249115,106.50641632080078,,,,,,,
state_ec6bba6995603c10e127cc3f,2c_c9ecb5bf12ebfafc6a51,2,binary_vle_english.xlsx,10.1016/j.fluid.2005.03.014,unverified,0.5,isobaric,0.9545454545454546,isobaric,425.63,424.8143615722656,,,-3.814697265625e-05,True,False,48,CC(=O)OCC(C)C,mol_e7eb29ad965cc8ee,0.0,0.0,0.0,2.1321780681610107,163.88929748535156,CN(C)C=O,mol_ca12d6d2f2ffb170,1.0,1.0,1.0,1.0,101.29989624023438,,,,,,,
state_eca0a23be0ff013d92c25123,2c_d89740e05ac3f0ccc959,2,binary_vle_english.xlsx,10.1016/j.fluid.2008.09.010,passed,1.0,isobaric,0.9411764705882353,isobaric,388.15,349.2054748535156,,,-8.58306884765625e-06,True,False,48,CS(C)=O,mol_7d3e12eaed0f467c,0.912,0.6182000000000001,0.981423020362854,0.9695412516593933,14.795309066772461,O,mol_e81dc06beaa39499,0.088,0.3818,0.018576977774500847,0.052811164408922195,53.283843994140625,,,,,,,
state_ed44468d5585b45f91179177,2c_72801d7427f9871710ea,2,binary_vle_english.xlsx,10.1016/j.jct.2013.08.011,unverified,0.5,isobaric,0.95,isobaric,363.96999999999997,366.4469299316406,,,-2.288818359375e-05,True,False,48,CC#N,mol_7028b7cbd3d829b4,0.061,0.205,0.08068089932203293,0.7668907046318054,174.70948791503906,CCCO,mol_5fb2f93dc8caa9dc,0.9390000000000001,0.795,0.9193190932273865,1.0010639429092407,99.07131958007812,,,,,,,
state_ed6aa3918a4a2be72af6607f,2c_c75645cb5ece049b7827,2,binary_vle_english.xlsx,10.1016/j.fluid.2015.10.035,passed,1.0,isobaric,0.9375,isobaric,355.49,350.5840148925781,,,-3.814697265625e-05,True,False,48,CC#N,mol_7028b7cbd3d829b4,0.0,0.0,0.0,1.5480046272277832,127.37191009521484,CC(C)O,mol_db030b5de88f8eaf,1.0,1.0,1.0,1.0,101.29989624023438,,,,,,,
state_edb4da4ad0252cc80aae0a92,2c_972bb6b6305c64cb2237,2,binary_vle_english.xlsx,10.1016/j.jct.2017.07.019,unverified,0.5,isobaric,0.95,isobaric,371.29999999999995,370.3905334472656,,,0.0001678466796875,True,False,48,ClC(Cl)Cl,mol_d9e0a2387a6283f9,0.019499999999999962,0.31799999999999995,0.07075050473213196,1.6518311500549316,222.50469970703125,OCC(F)(F)C(F)F,mol_48469952cf716332,0.9805,0.682,0.9292495250701904,1.0000271797180176,96.0025634765625,,,,,,,
state_ee276a466f4e8f7ea482ff80,2c_dc191206ee879c89c4e5,2,binary_vle_english.xlsx,10.1016/j.jct.2003.09.001,unverified,0.5,isobaric,0.9285714285714286,isobaric,376.35999999999996,381.5242004394531,,,-7.62939453125e-06,True,False,48,C1COCCO1,mol_d365f2fae67d24f2,0.4364,0.4962,0.4971834719181061,1.298669457435608,88.86740112304688,CC(C)CO,mol_015d21fca05fcd26,0.5636,0.5038,0.5028164982795715,1.1500085592269897,78.58625793457031,,,,,,,
state_efb538964b52787e4e9b5915,2c_3c1769052d07951ac3d7,2,binary_vle_english.xlsx,10.1016/j.fluid.2016.08.011,passed,1.0,isobaric,0.9375,isobaric,353.03999999999996,349.8945617675781,,,0.00016021728515625,True,False,48,CC(C)O,mol_db030b5de88f8eaf,0.906,0.845,0.8940396308898926,1.001569390296936,99.80616760253906,CCOC(C)=O,mol_18876b584acc43d4,0.094,0.155,0.10596033185720444,1.2769068479537964,89.42646789550781,,,,,,,
state_f1805c6522b84eba4add1019,2c_dc191206ee879c89c4e5,2,binary_vle_english.xlsx,10.1016/j.jct.2003.09.001,unverified,0.5,isobaric,0.9285714285714286,isobaric,380.2,389.64068603515625,,,7.62939453125e-06,True,False,48,C1COCCO1,mol_d365f2fae67d24f2,0.0854,0.1206,0.16345791518688202,1.8641504049301147,104.01029205322266,CC(C)CO,mol_015d21fca05fcd26,0.9146,0.8794,0.8365421295166016,1.0047736167907715,92.21415710449219,,,,,,,
state_f2948e7b5f8aa3bc51b37fa5,2c_21b807a1a6c6348c91ac,2,binary_vle_english.xlsx,10.1016/j.fluid.2018.07.027,unverified,0.5,isobaric,0.9629629629629629,isobaric,388.96,404.8883972167969,,,0.00054168701171875,True,False,48,CC(C)CC(C)(C)C,mol_57615b5c3546c298,0.005,0.0385,0.029351189732551575,3.8052151203155518,156.2744598388672,CCCCO,mol_ad4ef9c6c876ca2f,0.995,0.9615,0.9706488251686096,1.0000265836715698,98.81866455078125,,,,,,,
state_f295d2ed034f9d81b6f5278b,3c_6b60b4a3a536506a27ae,3,ternary_vle_english.xlsx,10.1016/j.fluid.2006.08.004,unverified,0.5,isobaric,0.9821428571428571,isobaric,355.27,357.5301818847656,,,-1.52587890625e-05,True,False,48,CC(C)CC(C)(C)C,mol_57615b5c3546c298,0.76,0.49,0.4801262319087982,1.0344339609146118,61.865447998046875,CC(C)OC(C)C,mol_1a0ca8e5eeb68da8,0.194,0.294,0.3375551104545593,1.454305648803711,121.19824981689453,CCO,mol_f29e20f49d416e54,0.046,0.216,0.18231862783432007,3.0429129600524902,131.9449462890625
state_f34a47b8fcd3bb2c8f1ca1e5,3c_1a08c4f653f7d812cdc9,3,ternary_vle_english.xlsx,10.1016/j.jct.2019.03.036,unverified,0.5,isobaric,0.972972972972973,isobaric,388.16999999999996,400.914306640625,,,3.814697265625e-05,True,False,48,CCCOC(C)=O,mol_67043ae833ecd0c7,0.352,0.8161,0.5453172326087952,1.4061774015426636,111.60298156738281,CCOC(C)=O,mol_18876b584acc43d4,0.0443,0.1259,0.14938022196292877,1.442827582359314,236.74685668945312,CS(C)=O,mol_7d3e12eaed0f467c,0.6037,0.05799999999999994,0.30530253052711487,1.0608443021774292,48.291080474853516
state_f3b3a97fd555df992e3ef44d,2c_01b27b0603388a2088b7,2,binary_vle_english.xlsx,10.1016/j.fluid.2005.01.007,unverified,0.5,isobaric,0.9545454545454546,isobaric,348.90999999999997,343.7127685546875,,,0.00151824951171875,True,False,48,CC(C)=O,mol_e04cf77cea7bbe66,0.044,0.129,0.07038133591413498,1.039489507675171,155.9143524169922,CCO,mol_f29e20f49d416e54,0.956,0.871,0.9296186566352844,0.9992719888687134,98.59721374511719,,,,,,,
state_f5d4b1189f6acb3f98b18e9e,2c_01b27b0603388a2088b7,2,binary_vle_english.xlsx,10.1016/j.fluid.2005.01.007,unverified,0.5,isobaric,0.9545454545454546,isobaric,346.65,342.4437255859375,,,4.57763671875e-05,True,False,48,CC(C)=O,mol_e04cf77cea7bbe66,0.085,0.232,0.1362302601337433,1.0695816278457642,151.8223876953125,CCO,mol_f29e20f49d416e54,0.915,0.768,0.8637697100639343,0.9975626468658447,95.88082885742188,,,,,,,
state_f5e942a4cb7186cd1f889e98,2c_d66c7a74cea5d8732e08,2,binary_vle_english.xlsx,10.1016/j.jct.2017.02.005,unverified,0.5,isobaric,0.96875,isobaric,372.80999999999995,379.13494873046875,,,0.0,True,False,48,CC(C)O,mol_db030b5de88f8eaf,0.0,0.0,0.0,3.136429786682129,178.71817016601562,O,mol_e81dc06beaa39499,1.0,1.0,1.0,1.0,100.00004577636719,,,,,,,
state_f6406fb49bf2a19fe9c9885b,2c_6f361cb0ec8be0b0e6dd,2,binary_vle_english.xlsx,10.1016/j.fluid.2006.08.004,unverified,0.5,isobaric,0.95,isobaric,341.0,339.156494140625,,,-7.62939453125e-06,True,False,48,CC(C)OC(C)C,mol_1a0ca8e5eeb68da8,0.24,0.452,0.31019502878189087,1.6079134941101074,81.42730712890625,CCO,mol_f29e20f49d416e54,0.76,0.548,0.6898050308227539,1.031906247138977,89.10081481933594,,,,,,,
state_f68c0a7275023bb4e05dc1de,2c_c75645cb5ece049b7827,2,binary_vle_english.xlsx,10.1016/j.fluid.2015.10.035,passed,1.0,isobaric,0.9375,isobaric,354.59,339.91986083984375,,,7.62939453125e-06,True,False,48,CC#N,mol_7028b7cbd3d829b4,1.0,1.0,1.0,1.0,101.29994201660156,CC(C)O,mol_db030b5de88f8eaf,0.0,0.0,0.0,1.3723382949829102,79.96339416503906,,,,,,,
state_f75d499eefb0c17b41ae48d8,2c_d66c7a74cea5d8732e08,2,binary_vle_english.xlsx,10.1016/j.jct.2006.04.006,unverified,0.5,isobaric,0.9444444444444444,isobaric,373.15,379.8027648925781,,,7.62939453125e-06,True,False,48,CC(C)O,mol_db030b5de88f8eaf,0.0,0.0,0.0,3.1676111221313477,180.9222869873047,O,mol_e81dc06beaa39499,1.0,1.0,1.0,1.0,101.29994201660156,,,,,,,
state_f7c53ccbed50924471854c48,2c_37c45ee575c800aa7033,2,binary_vle_english.xlsx,10.1016/j.fluid.2005.09.015,unverified,0.5,isobaric,0.9545454545454546,isobaric,417.09999999999997,453.0955810546875,,,-2.288818359375e-05,True,False,48,CC(=O)OCC(C)C,mol_e7eb29ad965cc8ee,0.046,0.095,0.2400096207857132,2.0988757610321045,251.82171630859375,CCCCOC(=O)CC,mol_a9c167bbb331e76a,0.954,0.905,0.759990394115448,1.0002663135528564,80.6776351928711,,,,,,,
state_f978542573f81580c3445e67,2c_0537ca75f0252274a31e,2,binary_vle_english.xlsx,10.1016/j.jct.2013.12.021,unverified,0.5,isobaric,0.9565217391304348,isobaric,372.34999999999997,391.71881103515625,,,-2.288818359375e-05,True,False,48,CCC(C)O,mol_06affb0d2c6c8ff2,1.0,1.0,1.0,1.0,101.33003997802734,CO,mol_a85d32e4db2ff39c,0.0,0.0,0.0,0.7865108251571655,341.5013427734375,,,,,,,
state_face6425115eaaae1c6f4e34,2c_df88b179a6c12f0b788b,2,binary_vle_english.xlsx,10.1016/j.jct.2006.12.003,unverified,0.5,isobaric,0.9333333333333333,isobaric,380.45,387.7615051269531,,,3.814697265625e-05,True,False,48,Cc1ccccc1,mol_1c09299644053521,0.95,0.864,0.8444641828536987,1.0012834072113037,89.93110656738281,ClCCCl,mol_e8df6c9e89c6b62a,0.05,0.136,0.15553586184978485,2.008146047592163,156.9186553955078,,,,,,,
state_faf24f890ac1376481acae44,3c_954c33e76e33ef115670,3,ternary_vle_english.xlsx,10.1016/j.fluid.2006.07.003,unverified,0.5,isobaric,0.9761904761904762,isobaric,382.87,392.5514831542969,,,7.62939453125e-06,True,False,48,CCCCCO,mol_243de2450bee5519,0.644,0.20799999999999996,0.20615100860595703,1.0267313718795776,31.582897186279297,CCCO,mol_5fb2f93dc8caa9dc,0.221,0.374,0.4443188011646271,1.2547956705093384,162.30751037597656,CCCOCCC,mol_e13b90e4aa2e917d,0.135,0.418,0.3495301306247711,1.9642890691757202,133.52255249023438
state_fc9d249fec239636090e14a6,2c_ce7e822d00d743846419,2,binary_vle_english.xlsx,10.1016/j.fluid.2005.07.010,unverified,0.5,isobaric,0.9629629629629629,isobaric,387.90999999999997,402.6205749511719,,,0.00018310546875,True,False,48,CC(=O)O,mol_9ac385b135af0125,0.9634,0.8811,0.8660486936569214,0.9997730255126953,91.10697937011719,CCOC(C)=O,mol_18876b584acc43d4,0.0366,0.1189,0.1339513212442398,1.52268648147583,243.54139709472656,,,,,,,
state_fd620b2f971582842298604e,2c_50cae961bcfb98dfb10a,2,binary_vle_english.xlsx,10.1016/j.fluid.2011.11.020,passed,1.0,isobaric,0.9375,isobaric,352.88,354.9290466308594,,,0.0006103515625,True,False,48,CC(C)=C(C)C,mol_ac85c03b48dc0205,0.1452,0.2551,0.16013295948505402,0.875580906867981,127.63175964355469,c1ccsc1,mol_7953343be0b435d5,0.8548,0.7449,0.8398670554161072,0.9924980998039246,100.3130111694336,,,,,,,
state_fd6a94596a742d2f1913da9f,2c_106af91fffdb87d7c4f6,2,binary_vle_english.xlsx,10.1016/j.fluid.2013.05.016,unverified,0.5,isobaric,0.9444444444444444,isobaric,414.29999999999995,420.75994873046875,,,0.0,True,False,48,Cc1ccccc1,mol_1c09299644053521,0.069,0.147,0.18180504441261292,1.6436553001403809,162.3885040283203,Cc1ccccc1C,mol_61c4de85d258b45d,0.931,0.853,0.8181949257850647,1.0021483898162842,88.83502960205078,,,,,,,
state_fd8b402de24d8296e49386a1,2c_31c2824ab8cdf543aad1,2,binary_vle_english.xlsx,10.1016/j.fluid.2018.06.017,passed,1.0,isobaric,0.9375,isobaric,354.29999999999995,339.91986083984375,,,7.62939453125e-06,True,False,48,CC#N,mol_7028b7cbd3d829b4,1.0,1.0,1.0,1.0,101.29994201660156,CCO,mol_f29e20f49d416e54,0.0,0.0,0.0,0.5349668860435486,90.64271545410156,,,,,,,
state_fe33b50cc69bd5c10ec03bfc,2c_6cdeaa0b12c0bcad5378,2,binary_vle_english.xlsx,10.1016/j.jct.2012.01.020,passed,1.0,isothermal,0.9,isothermal,,,75.89162482611201,79.18496704101562,-7.62939453125e-06,True,False,48,CC(C)CC(C)(C)C,mol_57615b5c3546c298,0.29900000000000004,0.22899999999999998,0.2642202079296112,1.576431393623352,44.3876838684082,CCOC(C)=O,mol_18876b584acc43d4,0.701,0.771,0.7357797622680664,1.0802141427993774,76.94185638427734,,,,,,,
state_fe87190584f40adbc12c2ff3,3c_485aadc678c8a7fb274c,3,ternary_vle_english.xlsx,10.1016/j.fluid.2011.05.011,unverified,0.5,isothermal,0.967741935483871,isothermal,,,70.019974417024,60.86785888671875,0.0,True,False,48,CC(=O)CC(C)C,mol_0a895444a9f0f36b,0.01319999999999999,0.011700000000000044,0.00944239180535078,1.3495266437530518,32.26373291015625,CC(C)CC(C)(C)C,mol_57615b5c3546c298,0.0747,0.2953,0.17215493321418762,1.9633231163024902,71.4488296508789,CC(C)CO,mol_015d21fca05fcd26,0.9121,0.693,0.8184027075767517,1.0023977756500244,54.48444366455078
state_ff5f5ac799ee6a9b55a13abe,2c_a948b12e7b27db3902e0,2,binary_vle_english.xlsx,10.1016/j.jct.2009.04.006,unverified,0.5,isothermal,0.9285714285714286,isothermal,,,18.099978002047997,17.886226654052734,0.0,True,False,48,CCCCCl,mol_f7989a5c13417f20,0.519,0.946,0.9418352246284485,0.9160601496696472,35.43254470825195,O=C1CCCCC1,mol_09f0d60d139abab5,0.481,0.05400000000000005,0.05816473811864853,0.8567842841148376,2.5244219303131104,,,,,,,
state_ff4ee521cd6f23ee206519db,2c_e06683c33855ee8d702b,2,binary_vle_english.xlsx,10.1016/j.fluid.2012.12.020,unverified,0.5,isobaric,0.9565217391304348,isobaric,387.53,399.33355712890625,,,9.918212890625e-05,True,False,48,CC(C)O,mol_db030b5de88f8eaf,0.0474,0.1362,0.15810167789459229,1.3248728513717651,254.27609252929688,CCCCO,mol_ad4ef9c6c876ca2f,0.9526,0.8638,0.8418983221054077,1.000731348991394,89.1976089477539,,,,,,,
