sample_id,system_id,component_count,source,doi,quality_status,quality_weight,experiment_mode,experiment_mode_confidence,direction,target_temperature_k,predicted_temperature_k,target_pressure_kpa,predicted_pressure_kpa,pressure_residual_kpa,converged,nonphysical,iterations,component_smiles_1,component_id_1,x_1,y_true_1,y_pred_1,gamma_pred_1,psat_pred_kpa_1,component_smiles_2,component_id_2,x_2,y_true_2,y_pred_2,gamma_pred_2,psat_pred_kpa_2,component_smiles_3,component_id_3,x_3,y_true_3,y_pred_3,gamma_pred_3,psat_pred_kpa_3
state_0055dff7f57a29602f140966,2c_8742372ba72e435a7962,2,binary_vle_english.xlsx,10.1016/j.fluid.2013.01.020,unverified,0.5,isothermal,0.9473684210526315,isothermal,,,24.55998002112,25.958675384521484,0.0,True,False,48,CC(=O)C(C)C,mol_b650f1cc3cac74aa,0.9006,0.5171,0.5034559369087219,1.010175347328186,14.36531925201416,CC(C)C(C)C,mol_7347d05012022dd9,0.0994,0.4829,0.4965440630912781,2.1576766967773438,60.09904861450195,,,,,,,
state_014190c643e730bdc4db00fa,2c_4cc4055379eb0154120e,2,binary_vle_english.xlsx,10.1016/j.fluid.2010.01.006,unverified,0.5,isothermal,0.9629629629629629,isothermal,,,209.299985753472,216.03958129882812,0.0,True,False,48,CCCC,mol_fadb5806094149e6,0.3997,0.9367,0.9447547793388367,1.1335644721984863,450.4764404296875,CCSCC,mol_a7491cfbf016fee6,0.6003000000000001,0.06330000000000002,0.055245183408260345,1.047831416130066,18.974395751953125,,,,,,,
state_027f7c39836f5492ee379af4,2c_e0c162126f5997f9fcd9,2,binary_vle_english.xlsx,10.1016/j.fluid.2016.02.018,unverified,0.5,isothermal,0.8,isothermal,,,33.900011833727994,34.570960998535156,-3.814697265625e-06,True,False,48,CCCCCCC,mol_fddb2c852c313396,0.2145,0.1435,0.13948561251163483,1.2158352136611938,18.490081787109375,c1ccccc1,mol_7165dcf6be1f831d,0.7855,0.8565,0.8605144023895264,1.024102807044983,36.98109817504883,,,,,,,
state_0337b85f2fd4788674f6b44f,3c_a6f39dd395c2cfcf800d,3,ternary_vle_english.xlsx,10.1016/j.fluid.2009.01.016,unverified,0.5,isothermal,0.9333333333333333,isothermal,,,37.080016955264,37.77887725830078,0.0,True,False,48,CC(=O)C(C)(C)C,mol_61a887e37d396488,0.4531,0.1635,0.159377321600914,1.0715075731277466,12.401844024658203,CC(C)(C)CO,mol_dfb42f12fdc989ed,0.17059999999999997,0.030200000000000005,0.029917530715465546,1.2294652462005615,5.388644218444824,COC(C)(C)C,mol_b614d6fea320c179,0.3763,0.8063,0.8107051253318787,0.9881052374839783,82.37104034423828
state_03392fc8fbc2f11752e02400,2c_4cc4055379eb0154120e,2,binary_vle_english.xlsx,10.1016/j.fluid.2010.01.006,unverified,0.5,isothermal,0.9629629629629629,isothermal,,,314.899967163392,331.66204833984375,3.0517578125e-05,True,False,48,CCCC,mol_fadb5806094149e6,0.6988,0.9735,0.9796822667121887,1.0321815013885498,450.4764404296875,CCSCC,mol_a7491cfbf016fee6,0.3012,0.026499999999999968,0.020317723974585533,1.1790927648544312,18.974395751953125,,,,,,,
state_0379ea8f47da89fbc90569d4,2c_50cae961bcfb98dfb10a,2,binary_vle_english.xlsx,10.1016/j.fluid.2013.05.019,passed,1.0,full_state,0.5714285714285714,isothermal,,,101.330065929984,112.65667724609375,7.62939453125e-06,True,False,48,CC(C)=C(C)C,mol_ac85c03b48dc0205,0.999701,0.999881,0.9997002482414246,1.0,112.65660095214844,c1ccsc1,mol_7953343be0b435d5,0.000299,0.000119,0.00029972169431857765,1.7028388977050781,66.31784057617188,,,,,,,
state_0459bf92e37cd8a7ad35824f,2c_acf6c70dfacb27974826,2,binary_vle_english.xlsx,10.1016/j.fluid.2012.05.016,unverified,0.5,isothermal,0.9411764705882353,isothermal,,,12.790014729344001,13.140254974365234,0.0,True,False,48,CCCO,mol_5fb2f93dc8caa9dc,0.9739,0.9274,0.9376137256622314,1.0005128383636475,12.644181251525879,CCCOC(C)=O,mol_67043ae833ecd0c7,0.0261,0.0726,0.062386274337768555,2.2017078399658203,14.265684127807617,,,,,,,
state_04fc1ec93e2e4acca9989c20,2c_acf6c70dfacb27974826,2,binary_vle_english.xlsx,10.1016/j.fluid.2012.05.016,unverified,0.5,isothermal,0.9411764705882353,isothermal,,,15.95002149568,15.061607360839844,0.0,True,False,48,CCCO,mol_5fb2f93dc8caa9dc,0.0615,0.10029999999999994,0.10847842693328857,2.1011104583740234,12.644181251525879,CCCOC(C)=O,mol_67043ae833ecd0c7,0.9385,0.8997,0.8915215730667114,1.0029431581497192,14.265684127807617,,,,,,,
state_052d9395f775b631e99fee13,2c_40e8c463ab1ddecad6ca,2,binary_vle_english.xlsx,10.1016/j.fluid.2014.12.025,unverified,0.5,isothermal,0.8,isothermal,,,16.29999271168,15.283758163452148,0.0,True,False,48,CCCCCCC,mol_fddb2c852c313396,0.3716,0.4922,0.4864242672920227,1.082008957862854,18.490081787109375,Cc1ccccc1,mol_1c09299644053521,0.6284000000000001,0.5078,0.5135757327079773,1.039107084274292,12.0209321975708,,,,,,,
state_05576785a63c59d9e4548671,2c_e1c33e24ae7f6ab4d0bf,2,binary_vle_english.xlsx,10.1016/j.fluid.2010.01.024,unverified,0.5,isothermal,0.9375,isothermal,,,21.649952694784,20.575237274169922,0.0,True,False,48,CC[N+](=O)[O-],mol_6fdb0ec09de24512,0.8226,0.5692999999999999,0.5826031565666199,1.007771611213684,14.459951400756836,ClCCCl,mol_e8df6c9e89c6b62a,0.1774,0.4307,0.41739681363105774,1.0983561277389526,44.07549285888672,,,,,,,
state_06076697c24189ef5c3b74a4,2c_d498cbbd8f767d43f3e7,2,binary_vle_english.xlsx,10.1016/j.fluid.2011.06.001,unverified,0.5,isothermal,0.9230769230769231,isothermal,,,12.95493449856,14.628385543823242,0.0,True,False,48,CC(C)OC(C)C,mol_1a0ca8e5eeb68da8,0.7101999999999999,0.6914,0.745513379573822,0.9713727831840515,15.80830192565918,CCC(C)Cl,mol_9f4835d3aad75f1c,0.2898,0.3086,0.25448665022850037,0.917820394039154,13.99604606628418,,,,,,,
state_06e78eee025cbd323a2358ce,3c_a6f39dd395c2cfcf800d,3,ternary_vle_english.xlsx,10.1016/j.fluid.2009.01.016,unverified,0.5,isothermal,0.9333333333333333,isothermal,,,25.700019589887997,25.763526916503906,0.0,True,False,48,CC(=O)C(C)(C)C,mol_61a887e37d396488,0.5703,0.3115,0.28733256459236145,1.0466477870941162,12.401844024658203,CC(C)(C)CO,mol_dfb42f12fdc989ed,0.22239999999999993,0.06140000000000001,0.05511992797255516,1.1849490404129028,5.388644218444824,COC(C)(C)C,mol_b614d6fea320c179,0.2073,0.6271,0.6575474739074707,0.992107093334198,82.37104034423828
state_07ccf3788ecf9b5ed9ff260c,3c_65250b1389afa8bc1bcc,3,ternary_vle_english.xlsx,10.1016/j.fluid.2013.01.020,unverified,0.5,isothermal,0.9655172413793104,isothermal,,,39.159979218432,42.43175506591797,-3.814697265625e-06,True,False,48,CC(=O)C(C)C,mol_b650f1cc3cac74aa,0.30310000000000004,0.14579999999999993,0.13986223936080933,1.3629822731018066,14.36531925201416,CC(C)C(C)C,mol_7347d05012022dd9,0.2153,0.3799,0.38262608647346497,1.2547404766082764,60.09904861450195,CC(C)OC(C)C,mol_1a0ca8e5eeb68da8,0.4816,0.4743,0.4775117039680481,1.0537872314453125,39.92414093017578
state_08084d63a2d24a5f0606cb27,2c_4cc4055379eb0154120e,2,binary_vle_english.xlsx,10.1016/j.fluid.2010.01.006,unverified,0.5,isothermal,0.9629629629629629,isothermal,,,298.000023795712,313.01690673828125,3.0517578125e-05,True,False,48,CCCC,mol_fadb5806094149e6,0.6493,0.9689,0.975542426109314,1.0439903736114502,450.4764404296875,CCSCC,mol_a7491cfbf016fee6,0.3507,0.031100000000000017,0.024457614868879318,1.1504777669906616,18.974395751953125,,,,,,,
state_08a31dd7fbb507f85d1a2f52,2c_a948b12e7b27db3902e0,2,binary_vle_english.xlsx,10.1016/j.jct.2009.04.006,unverified,0.5,isothermal,0.9285714285714286,isothermal,,,9.140048260608,8.450441360473633,-9.5367431640625e-07,True,False,48,CCCCCl,mol_f7989a5c13417f20,0.619,0.971,0.9693515300750732,1.0147250890731812,13.04132080078125,O=C1CCCCC1,mol_09f0d60d139abab5,0.381,0.029000000000000026,0.030648522078990936,1.0827555656433105,0.6278175711631775,,,,,,,
state_08a7b661fbfec286efdd2541,2c_5018f9e15dae7c08710f,2,binary_vle_english.xlsx,10.1016/j.fluid.2011.06.001,passed,1.0,isothermal,0.9166666666666666,isothermal,,,12.89493943296,13.957595825195312,-9.5367431640625e-07,True,False,48,CC(C)CCl,mol_b6f57216bc07a08c,0.4095,0.4137,0.37010639905929565,0.9579875469207764,13.168108940124512,CC(C)OC(C)C,mol_1a0ca8e5eeb68da8,0.5905,0.5863,0.6298936009407043,0.9418302774429321,15.80830192565918,,,,,,,
state_09fbf8cd2d4afd4a04f6439c,2c_c879fc0732268fc652fa,2,binary_vle_english.xlsx,10.1016/j.fluid.2011.06.001,passed,1.0,isothermal,0.9166666666666666,isothermal,,,10.295019934591998,10.633157730102539,0.0,True,False,48,CC(C)OC(C)C,mol_1a0ca8e5eeb68da8,0.39049999999999996,0.4766,0.5354769825935364,0.9223521947860718,15.80830192565918,CCCCCl,mol_f7989a5c13417f20,0.6095,0.5234,0.46452298760414124,0.9924566149711609,8.16552734375,,,,,,,
state_0a78cbd8db748b2011d18a39,2c_5018f9e15dae7c08710f,2,binary_vle_english.xlsx,10.1016/j.fluid.2011.06.001,passed,1.0,isothermal,0.9166666666666666,isothermal,,,12.79494765696,14.623449325561523,-9.5367431640625e-07,True,False,48,CC(C)CCl,mol_b6f57216bc07a08c,0.2211,0.2275,0.1761677861213684,0.8848387002944946,13.168108940124512,CC(C)OC(C)C,mol_1a0ca8e5eeb68da8,0.7789,0.7725,0.8238322138786316,0.9784117341041565,15.80830192565918,,,,,,,
state_0b3a9a202e8fac88d53ae47f,3c_485aadc678c8a7fb274c,3,ternary_vle_english.xlsx,10.1016/j.fluid.2011.05.011,unverified,0.5,isothermal,0.9642857142857143,isothermal,,,13.549952226943999,13.718847274780273,0.0,True,False,48,CC(=O)CC(C)C,mol_0a895444a9f0f36b,0.05879999999999996,0.10230000000000006,0.07643026858568192,1.2308239936828613,14.488042831420898,CC(C)CC(C)(C)C,mol_57615b5c3546c298,0.003,0.0303,0.023163702338933945,3.612962484359741,29.31844139099121,CC(C)CO,mol_015d21fca05fcd26,0.9382,0.8674,0.900406002998352,1.0000337362289429,13.165760040283203
state_0c09c511a8f6700d42c77957,2c_50cae961bcfb98dfb10a,2,binary_vle_english.xlsx,10.1016/j.fluid.2013.05.019,passed,1.0,full_state,0.5714285714285714,isothermal,,,101.330065929984,112.65666198730469,7.62939453125e-06,True,False,48,CC(C)=C(C)C,mol_ac85c03b48dc0205,0.999744,0.999891,0.9997434020042419,1.0,112.65660095214844,c1ccsc1,mol_7953343be0b435d5,0.000256,0.000109,0.00025662570260465145,1.7028905153274536,66.31784057617188,,,,,,,
state_0c1d6246c816299e7eebdd3f,2c_c830dc760c5163d2d27d,2,binary_vle_english.xlsx,10.1016/j.fluid.2011.05.011,unverified,0.5,isothermal,0.9285714285714286,isothermal,,,31.099975460992,30.439380645751953,0.0,True,False,48,CC(C)CC(C)(C)C,mol_57615b5c3546c298,0.3683,0.6878,0.6747002601623535,1.9019719362258911,29.31844139099121,CC(C)CO,mol_015d21fca05fcd26,0.6316999999999999,0.31220000000000003,0.3252997100353241,1.1905912160873413,13.165760040283203,,,,,,,
state_0de771068811eff6afc42098,2c_4cc4055379eb0154120e,2,binary_vle_english.xlsx,10.1016/j.fluid.2010.01.006,unverified,0.5,isothermal,0.9629629629629629,isothermal,,,168.699991638272,172.76983642578125,1.52587890625e-05,True,False,48,CCCC,mol_fadb5806094149e6,0.2988,0.9129,0.9210969805717468,1.1822807788848877,450.4764404296875,CCSCC,mol_a7491cfbf016fee6,0.7012,0.08709999999999996,0.07890305668115616,1.0245943069458008,18.974395751953125,,,,,,,
state_0e713099b9123d3c0faac875,2c_a948b12e7b27db3902e0,2,binary_vle_english.xlsx,10.1016/j.jct.2009.04.006,unverified,0.5,isothermal,0.9285714285714286,isothermal,,,7.93001444864,7.2797651290893555,-4.76837158203125e-07,True,False,48,CCCCCl,mol_f7989a5c13417f20,0.519,0.959,0.9561328887939453,1.028363585472107,13.04132080078125,O=C1CCCCC1,mol_09f0d60d139abab5,0.481,0.041000000000000036,0.0438670814037323,1.0574930906295776,0.6278175711631775,,,,,,,
state_0f76d9de5b1892d12cddf6ec,2c_ea9da779580d9b792700,2,binary_vle_english.xlsx,10.1016/j.jct.2012.11.005,unverified,0.5,isothermal,0.9411764705882353,isothermal,,,42.289988451968,42.96863555908203,0.0,True,False,48,CC(C)OC(C)C,mol_1a0ca8e5eeb68da8,0.31,0.537,0.5118723511695862,2.3512320518493652,30.175607681274414,CO,mol_a85d32e4db2ff39c,0.69,0.46299999999999997,0.48812761902809143,1.217969536781311,24.957406997680664,,,,,,,
state_10b263920d04c1ed038ec0bf,3c_485aadc678c8a7fb274c,3,ternary_vle_english.xlsx,10.1016/j.fluid.2011.05.011,unverified,0.5,isothermal,0.9642857142857143,isothermal,,,32.589986245759995,31.558616638183594,-1.9073486328125e-06,True,False,48,CC(=O)CC(C)C,mol_0a895444a9f0f36b,0.037800000000000056,0.029900000000000038,0.02892119809985161,1.6666051149368286,14.488042831420898,CC(C)CC(C)(C)C,mol_57615b5c3546c298,0.8601,0.8017,0.8275774121284485,1.035706639289856,29.31844139099121,CC(C)CO,mol_015d21fca05fcd26,0.1021,0.1684,0.1435013711452484,3.3690099716186523,13.165760040283203
state_11736dd11ea7927256d190f1,2c_50cae961bcfb98dfb10a,2,binary_vle_english.xlsx,10.1016/j.fluid.2013.05.019,passed,1.0,full_state,0.5714285714285714,isothermal,,,101.330065929984,112.65664672851562,0.0,True,False,48,CC(C)=C(C)C,mol_ac85c03b48dc0205,0.999849,0.99993,0.9998486638069153,1.0,112.65660095214844,c1ccsc1,mol_7953343be0b435d5,0.000151,7e-05,0.00015138032904360443,1.7030168771743774,66.31784057617188,,,,,,,
state_136bbc147d792089a57ce9c4,2c_31dd895be9cb26117aa9,2,binary_vle_english.xlsx,10.1016/j.jct.2015.07.024,unverified,0.5,isothermal,0.8888888888888888,isothermal,,,179.400044926848,178.25714111328125,1.52587890625e-05,True,False,48,CCOC(=O)OCC,mol_4df2781fcf4d4a77,0.17500000000000004,0.04700000000000004,0.04363971948623657,1.001665711402893,44.37803649902344,CCOC(C)=O,mol_18876b584acc43d4,0.825,0.953,0.9563602209091187,1.002633810043335,206.09725952148438,,,,,,,
state_13e938e0d2b736f614274723,2c_98afb8e6c65a310db5e0,2,binary_vle_english.xlsx,10.1016/j.jct.2012.12.026,unverified,0.5,isothermal,0.8181818181818182,isothermal,,,128.90006505344,146.91787719726562,0.0,True,False,48,F/C=C/C(F)(F)F,mol_0e763ba6787b2749,0.32699999999999996,0.33799999999999997,0.3127915561199188,0.9756944179534912,144.03501892089844,FC(F)C(F)F,mol_fccff6221e62b4bc,0.673,0.662,0.6872084736824036,0.9864223003387451,152.0845947265625,,,,,,,
state_14caaaf50f6fdc160ff80926,2c_ea9da779580d9b792700,2,binary_vle_english.xlsx,10.1016/j.jct.2012.11.005,unverified,0.5,isothermal,0.9411764705882353,isothermal,,,37.389991460863996,37.384986877441406,0.0,True,False,48,CC(C)OC(C)C,mol_1a0ca8e5eeb68da8,0.107,0.41,0.38723212480545044,4.4836201667785645,30.175607681274414,CO,mol_a85d32e4db2ff39c,0.893,0.5900000000000001,0.6127678155899048,1.0278795957565308,24.957406997680664,,,,,,,
state_152bc14bc7b2eb9878720e24,2c_8742372ba72e435a7962,2,binary_vle_english.xlsx,10.1016/j.fluid.2013.01.020,unverified,0.5,isothermal,0.9473684210526315,isothermal,,,22.210039962752,23.552921295166016,0.0,True,False,48,CC(=O)C(C)C,mol_b650f1cc3cac74aa,0.9246,0.579,0.5672553181648254,1.0058985948562622,14.36531925201416,CC(C)C(C)C,mol_7347d05012022dd9,0.0754,0.421,0.4327446520328522,2.24924898147583,60.09904861450195,,,,,,,
state_16db4c31f84b2e9d8f7c9e19,3c_65250b1389afa8bc1bcc,3,ternary_vle_english.xlsx,10.1016/j.fluid.2013.01.020,unverified,0.5,isothermal,0.9655172413793104,isothermal,,,38.190058991232,41.284820556640625,-3.814697265625e-06,True,False,48,CC(=O)C(C)C,mol_b650f1cc3cac74aa,0.10229999999999995,0.059800000000000075,0.057952169328927994,1.628055214881897,14.36531925201416,CC(C)C(C)C,mol_7347d05012022dd9,0.0897,0.1478,0.15683487057685852,1.2010828256607056,60.09904861450195,CC(C)OC(C)C,mol_1a0ca8e5eeb68da8,0.808,0.7924,0.7852129936218262,1.0049185752868652,39.92414093017578
state_177787bfaa4766fe2e9fa1e4,2c_e1c33e24ae7f6ab4d0bf,2,binary_vle_english.xlsx,10.1016/j.fluid.2010.01.024,unverified,0.5,isothermal,0.9375,isothermal,,,23.57006143872,22.352935791015625,0.0,True,False,48,CC[N+](=O)[O-],mol_6fdb0ec09de24512,0.7662,0.48860000000000003,0.502098023891449,1.013010859489441,14.459951400756836,ClCCCl,mol_e8df6c9e89c6b62a,0.2338,0.5114,0.4979020357131958,1.0800323486328125,44.07549285888672,,,,,,,
state_180133ae2af77cf8915aa365,3c_65250b1389afa8bc1bcc,3,ternary_vle_english.xlsx,10.1016/j.fluid.2013.01.020,unverified,0.5,isothermal,0.9655172413793104,isothermal,,,32.00003476736,34.42102813720703,0.0,True,False,48,CC(=O)C(C)C,mol_b650f1cc3cac74aa,0.4998,0.2479,0.24120193719863892,1.156360149383545,14.36531925201416,CC(C)C(C)C,mol_7347d05012022dd9,0.0756,0.1933,0.1956566721200943,1.482276201248169,60.09904861450195,CC(C)OC(C)C,mol_1a0ca8e5eeb68da8,0.4246,0.5588,0.563141405582428,1.14347243309021,39.92414093017578
state_1850ea3e7e075ff773a39ce6,3c_65250b1389afa8bc1bcc,3,ternary_vle_english.xlsx,10.1016/j.fluid.2013.01.020,unverified,0.5,isothermal,0.9655172413793104,isothermal,,,49.510061291008,53.47888946533203,0.0,True,False,48,CC(=O)C(C)C,mol_b650f1cc3cac74aa,0.2015,0.09929999999999994,0.09256547689437866,1.7101770639419556,14.36531925201416,CC(C)C(C)C,mol_7347d05012022dd9,0.6533,0.7911,0.7861438989639282,1.0707896947860718,60.09904861450195,CC(C)OC(C)C,mol_1a0ca8e5eeb68da8,0.1452,0.1096,0.12129061669111252,1.1189415454864502,39.92414093017578
state_1949ceb91c50b952a9d22cc1,2c_5018f9e15dae7c08710f,2,binary_vle_english.xlsx,10.1016/j.fluid.2011.06.001,passed,1.0,isothermal,0.9166666666666666,isothermal,,,12.710021308543999,15.286064147949219,0.0,True,False,48,CC(C)CCl,mol_b6f57216bc07a08c,0.0897,0.0932,0.06241152435541153,0.8076898455619812,13.168108940124512,CC(C)OC(C)C,mol_1a0ca8e5eeb68da8,0.9103,0.9068,0.9375885128974915,0.9959514737129211,15.80830192565918,,,,,,,
state_196d65f4612ce0d75368ef51,3c_485aadc678c8a7fb274c,3,ternary_vle_english.xlsx,10.1016/j.fluid.2011.05.011,unverified,0.5,isothermal,0.9642857142857143,isothermal,,,18.259964843648,17.431652069091797,0.0,True,False,48,CC(=O)CC(C)C,mol_0a895444a9f0f36b,0.15969999999999995,0.17710000000000004,0.16015005111694336,1.2065657377243042,14.488042831420898,CC(C)CC(C)(C)C,mol_57615b5c3546c298,0.0461,0.2696,0.23235322535037994,2.9967148303985596,29.31844139099121,CC(C)CO,mol_015d21fca05fcd26,0.7942,0.5533,0.6074966788291931,1.0127602815628052,13.165760040283203
state_1a594da038db5ff0bf7cfcc2,2c_50cae961bcfb98dfb10a,2,binary_vle_english.xlsx,10.1016/j.fluid.2013.05.019,passed,1.0,full_state,0.5714285714285714,isothermal,,,101.330065929984,112.65663146972656,7.62939453125e-06,True,False,48,CC(C)=C(C)C,mol_ac85c03b48dc0205,0.999862,0.999937,0.9998616576194763,1.0,112.65660095214844,c1ccsc1,mol_7953343be0b435d5,0.000138,6.3e-05,0.0001383488706778735,1.7030324935913086,66.31784057617188,,,,,,,
state_1c27e1f8b59abba0c670cf70,2c_c830dc760c5163d2d27d,2,binary_vle_english.xlsx,10.1016/j.fluid.2011.05.011,unverified,0.5,isothermal,0.9285714285714286,isothermal,,,12.380048447744,13.165760040283203,0.0,True,False,48,CC(C)CC(C)(C)C,mol_57615b5c3546c298,0.0,0.0,0.0,4.064340591430664,29.31844139099121,CC(C)CO,mol_015d21fca05fcd26,1.0,1.0,1.0,1.0,13.165760040283203,,,,,,,
state_1c8e126866eb34a19ced9aa2,2c_50cae961bcfb98dfb10a,2,binary_vle_english.xlsx,10.1016/j.fluid.2013.05.019,passed,1.0,full_state,0.5714285714285714,isothermal,,,101.330065929984,112.65672302246094,0.0,True,False,48,CC(C)=C(C)C,mol_ac85c03b48dc0205,0.999535,0.999793,0.9995339512825012,1.0,112.65660095214844,c1ccsc1,mol_7953343be0b435d5,0.000465,0.000207,0.00046606757678091526,1.7026394605636597,66.31784057617188,,,,,,,
state_1c9bb1c1a8a7b44015675b60,2c_e0c162126f5997f9fcd9,2,binary_vle_english.xlsx,10.1016/j.fluid.2016.02.018,unverified,0.5,isothermal,0.8,isothermal,,,22.899983217152002,23.659088134765625,-1.9073486328125e-06,True,False,48,CCCCCCC,mol_fddb2c852c313396,0.8025,0.6295,0.6297321915626526,1.0040838718414307,18.490081787109375,c1ccccc1,mol_7165dcf6be1f831d,0.1975,0.37050000000000005,0.370267778635025,1.1994081735610962,36.98109817504883,,,,,,,
state_1ce535d8d0334a9023c81151,3c_485aadc678c8a7fb274c,3,ternary_vle_english.xlsx,10.1016/j.fluid.2011.05.011,unverified,0.5,isothermal,0.9642857142857143,isothermal,,,16.00001738368,15.741167068481445,0.0,True,False,48,CC(=O)CC(C)C,mol_0a895444a9f0f36b,0.7837000000000001,0.7216,0.7362152934074402,1.020662546157837,14.488042831420898,CC(C)CC(C)(C)C,mol_57615b5c3546c298,0.0124,0.056,0.04972013086080551,2.1528143882751465,29.31844139099121,CC(C)CO,mol_015d21fca05fcd26,0.2039,0.2224,0.2140645682811737,1.2552162408828735,13.165760040283203
state_1db699c966ba9703919b4078,2c_4cc4055379eb0154120e,2,binary_vle_english.xlsx,10.1016/j.fluid.2010.01.006,unverified,0.5,isothermal,0.9629629629629629,isothermal,,,75.500057031296,75.87799072265625,0.0,True,False,48,CCCC,mol_fadb5806094149e6,0.1009,0.7689,0.7745852470397949,1.2930692434310913,450.4764404296875,CCSCC,mol_a7491cfbf016fee6,0.8991,0.23109999999999997,0.2254147082567215,1.002587080001831,18.974395751953125,,,,,,,
state_1e848624b1f4d1f23181076d,3c_65250b1389afa8bc1bcc,3,ternary_vle_english.xlsx,10.1016/j.fluid.2013.01.020,unverified,0.5,isothermal,0.9655172413793104,isothermal,,,26.439958732287998,27.964202880859375,0.0,True,False,48,CC(=O)C(C)C,mol_b650f1cc3cac74aa,0.8126,0.43820000000000003,0.4278809726238251,1.025022268295288,14.36531925201416,CC(C)C(C)C,mol_7347d05012022dd9,0.0934,0.3842,0.38259410858154297,1.9060146808624268,60.09904861450195,CC(C)OC(C)C,mol_1a0ca8e5eeb68da8,0.094,0.1776,0.18952496349811554,1.4122300148010254,39.92414093017578
state_1e9219c47f95298ee53feb1a,2c_ac155ac6c9df3bfcf363,2,binary_vle_english.xlsx,10.1016/j.fluid.2014.03.033,passed,1.0,full_state,0.0,isothermal,,,19.100029084416,19.02712631225586,-1.9073486328125e-06,True,False,48,CC(=O)CC(C)C,mol_0a895444a9f0f36b,0.69,0.91,0.9068588018417358,1.056234359741211,23.67573356628418,O=Cc1ccco1,mol_cfdccd30b0689448,0.31,0.09,0.09314117580652237,1.3153361082077026,4.3462677001953125,,,,,,,
state_1fc57c6a040f8cd4cd543abb,2c_a948b12e7b27db3902e0,2,binary_vle_english.xlsx,10.1016/j.jct.2009.04.006,unverified,0.5,isothermal,0.9285714285714286,isothermal,,,0.6399473663999999,0.6278176307678223,-5.960464477539063e-08,True,False,48,CCCCCl,mol_f7989a5c13417f20,0.0,0.0,0.0,1.0636950731277466,13.04132080078125,O=C1CCCCC1,mol_09f0d60d139abab5,1.0,1.0,1.0,1.0,0.6278175711631775,,,,,,,
state_20026fb4716d451f53c80d67,2c_d498cbbd8f767d43f3e7,2,binary_vle_english.xlsx,10.1016/j.fluid.2011.06.001,unverified,0.5,isothermal,0.9230769230769231,isothermal,,,13.329970319744,14.00697135925293,0.0,True,False,48,CC(C)OC(C)C,mol_1a0ca8e5eeb68da8,0.13090000000000002,0.12929999999999997,0.13163703680038452,0.8910406231880188,15.80830192565918,CCC(C)Cl,mol_9f4835d3aad75f1c,0.8691,0.8707,0.8683629035949707,0.9999318718910217,13.99604606628418,,,,,,,
state_216e282e2eaca8d93aa204f8,2c_6cdeaa0b12c0bcad5378,2,binary_vle_english.xlsx,10.1016/j.jct.2012.01.020,passed,1.0,isothermal,0.9,isothermal,,,21.363309603584,20.885578155517578,-1.9073486328125e-06,True,False,48,CC(C)CC(C)(C)C,mol_57615b5c3546c298,0.09999999999999998,0.11699999999999999,0.10376625508069992,1.9379360675811768,11.183123588562012,CCOC(C)=O,mol_18876b584acc43d4,0.9,0.883,0.8962337970733643,1.010996699333191,20.57195281982422,,,,,,,
state_229581e3c0f0b3531d97babb,2c_e1c33e24ae7f6ab4d0bf,2,binary_vle_english.xlsx,10.1016/j.fluid.2010.01.024,unverified,0.5,isothermal,0.9375,isothermal,,,38.009940472064,36.170021057128906,-3.814697265625e-06,True,False,48,CC[N+](=O)[O-],mol_6fdb0ec09de24512,0.28600000000000003,0.12480000000000002,0.12420976907014847,1.0863544940948486,14.459951400756836,ClCCCl,mol_e8df6c9e89c6b62a,0.714,0.8752,0.8757902383804321,1.0065919160842896,44.07549285888672,,,,,,,
state_22e3348d6f4a85bc617755e8,2c_500953d4ef1e1d57286b,2,binary_vle_english.xlsx,10.1016/j.fluid.2012.10.015,unverified,0.5,isothermal,0.9333333333333333,isothermal,,,7.330063792639999,7.385335922241211,-4.76837158203125e-07,True,False,48,CCCCCl,mol_f7989a5c13417f20,0.2264,0.6796,0.6997232437133789,1.7502436637878418,13.04132080078125,CC[N+](=O)[O-],mol_6fdb0ec09de24512,0.7736000000000001,0.3204,0.3002767860889435,1.0451291799545288,2.7428719997406006,,,,,,,
state_23fc847ad6cecad020bb49ba,2c_ab90a05e58432c71abba,2,binary_vle_english.xlsx,10.1016/j.fluid.2011.05.011,unverified,0.5,isothermal,0.9411764705882353,isothermal,,,18.219968133248,17.788734436035156,-1.9073486328125e-06,True,False,48,CC(=O)CC(C)C,mol_0a895444a9f0f36b,0.9148000000000001,0.7323,0.7492609024047852,1.0056391954421997,14.488042831420898,CC(C)CC(C)(C)C,mol_57615b5c3546c298,0.0852,0.2677,0.25073909759521484,1.7856100797653198,29.31844139099121,,,,,,,
state_250cf8d84d82d6b1e014ffdb,2c_8742372ba72e435a7962,2,binary_vle_english.xlsx,10.1016/j.fluid.2013.01.020,unverified,0.5,isothermal,0.9473684210526315,isothermal,,,53.769977593343995,57.85388946533203,0.0,True,False,48,CC(=O)C(C)C,mol_b650f1cc3cac74aa,0.11070000000000002,0.06589999999999996,0.06173647567629814,2.246009111404419,14.36531925201416,CC(C)C(C)C,mol_7347d05012022dd9,0.8893,0.9341,0.9382635354995728,1.0156440734863281,60.09904861450195,,,,,,,
state_26e51856c658e7f77c810bee,3c_485aadc678c8a7fb274c,3,ternary_vle_english.xlsx,10.1016/j.fluid.2011.05.011,unverified,0.5,isothermal,0.9642857142857143,isothermal,,,30.030063457792,29.17351531982422,0.0,True,False,48,CC(=O)CC(C)C,mol_0a895444a9f0f36b,0.27760000000000007,0.18189999999999995,0.1823989599943161,1.3230674266815186,14.488042831420898,CC(C)CC(C)(C)C,mol_57615b5c3546c298,0.6372,0.7144,0.730209469795227,1.1403011083602905,29.31844139099121,CC(C)CO,mol_015d21fca05fcd26,0.0852,0.1037,0.08739159256219864,2.2728610038757324,13.165760040283203
state_2748136c7034ec8577e6407d,3c_485aadc678c8a7fb274c,3,ternary_vle_english.xlsx,10.1016/j.fluid.2011.05.011,unverified,0.5,isothermal,0.9642857142857143,isothermal,,,15.760037121279998,15.318496704101562,-9.5367431640625e-07,True,False,48,CC(=O)CC(C)C,mol_0a895444a9f0f36b,0.4455,0.47940000000000005,0.4765838086605072,1.1310920715332031,14.488042831420898,CC(C)CC(C)(C)C,mol_57615b5c3546c298,0.006,0.0357,0.029555397108197212,2.573716640472412,29.31844139099121,CC(C)CO,mol_015d21fca05fcd26,0.5485,0.4849,0.49386078119277954,1.047606110572815,13.165760040283203
state_28144cc3ceaee11979b22d48,2c_c879fc0732268fc652fa,2,binary_vle_english.xlsx,10.1016/j.fluid.2011.06.001,passed,1.0,isothermal,0.9166666666666666,isothermal,,,12.059941442176,14.634195327758789,0.0,True,False,48,CC(C)OC(C)C,mol_1a0ca8e5eeb68da8,0.8724000000000001,0.9091,0.9371070861816406,0.9943910241127014,15.80830192565918,CCCCCl,mol_f7989a5c13417f20,0.1276,0.0909,0.06289290636777878,0.8833556771278381,8.16552734375,,,,,,,
state_294ced3482dd1ac85b958bf2,2c_35c6612e2ad0f786d394,2,binary_vle_english.xlsx,10.1016/j.fluid.2016.02.018,unverified,0.5,isothermal,0.8,isothermal,,,10.399944638208,9.785125732421875,0.0,True,False,48,CCCCCCC,mol_fddb2c852c313396,0.3708,0.7251,0.722731351852417,1.031489372253418,18.490081787109375,Cc1ccc(C)cc1,mol_e7658ba520613aac,0.6292,0.27490000000000003,0.2772686183452606,1.0180267095565796,4.235641956329346,,,,,,,
state_00fb16c74cebc3c6438cd82b,3c_954c33e76e33ef115670,3,ternary_vle_english.xlsx,10.1016/j.fluid.2006.07.003,unverified,0.5,isobaric,0.9761904761904762,isobaric,359.79999999999995,360.64385986328125,,,0.000152587890625,True,False,48,CCCCCO,mol_243de2450bee5519,0.04700000000000004,0.007000000000000117,0.007274739444255829,1.2838610410690308,12.212692260742188,CCCO,mol_5fb2f93dc8caa9dc,0.251,0.283,0.28962600231170654,1.7039978504180908,68.596923828125,CCCOCCC,mol_e13b90e4aa2e917d,0.702,0.71,0.703099250793457,1.0910528898239136,92.99156188964844
state_015008edd8b857afbb5e195f,2c_b94de72ffbeb53d6294b,2,binary_vle_english.xlsx,10.1016/j.fluid.2014.04.025,unverified,0.5,isobaric,0.9285714285714286,isobaric,384.69,386.1384582519531,,,7.62939453125e-06,True,False,48,CS(C)=O,mol_7d3e12eaed0f467c,0.05800000000000005,0.010099999999999998,0.013444273732602596,2.531348943710327,9.276124000549316,Cc1ccccc1,mol_1c09299644053521,0.942,0.9899,0.9865556955337524,1.0047504901885986,105.58973693847656,,,,,,,
state_020dff1d182f8ca5bbb0937c,3c_f0c258463b44c2183ab7,3,ternary_vle_english.xlsx,10.1016/j.fluid.2005.03.014,unverified,0.5,isobaric,0.9767441860465116,isobaric,381.54999999999995,381.62042236328125,,,-2.288818359375e-05,True,False,48,CC(=O)OCC(C)C,mol_e7eb29ad965cc8ee,0.048,0.053,0.049970317631959915,1.341278076171875,78.62508392333984,CC(C)CO,mol_015d21fca05fcd26,0.912,0.94,0.9432910084724426,0.9980480074882507,104.98046875,CN(C)C=O,mol_ca12d6d2f2ffb170,0.039999999999999925,0.007000000000000006,0.006738616153597832,0.640109121799469,26.66034698486328
state_02458c2a432b9a021c457174,3c_f0c258463b44c2183ab7,3,ternary_vle_english.xlsx,10.1016/j.fluid.2005.03.014,unverified,0.5,isobaric,0.9767441860465116,isobaric,383.13,383.3894348144531,,,3.814697265625e-05,True,False,48,CC(=O)OCC(C)C,mol_e7eb29ad965cc8ee,0.186,0.205,0.1976798176765442,1.2914966344833374,83.36148071289062,CC(C)CO,mol_015d21fca05fcd26,0.712,0.772,0.7811164259910583,0.9911539554595947,112.12539672851562,CN(C)C=O,mol_ca12d6d2f2ffb170,0.10200000000000009,0.02300000000000002,0.02120370604097843,0.7423580884933472,28.366613388061523
state_0306ac01afa9acdb2041ae01,2c_079ccab2da1cc47051a9,2,binary_vle_english.xlsx,10.1016/j.fluid.2006.02.009,unverified,0.5,isobaric,0.9523809523809523,isobaric,340.88,341.6436462402344,,,-2.6702880859375e-05,True,False,48,CCCCCl,mol_f7989a5c13417f20,0.6069,0.8258,0.8212258815765381,0.9927455186843872,72.64984130859375,Cc1ccccc1,mol_1c09299644053521,0.3931,0.17420000000000002,0.1787741482257843,0.9818283915519714,24.68841552734375,,,,,,,
state_0379ea8f47da89fbc90569d4,2c_50cae961bcfb98dfb10a,2,binary_vle_english.xlsx,10.1016/j.fluid.2013.05.019,passed,1.0,full_state,0.5714285714285714,isobaric,346.27,335.23004150390625,,,0.000244140625,True,False,48,CC(C)=C(C)C,mol_ac85c03b48dc0205,0.999701,0.999881,0.9997789263725281,1.0,101.33820343017578,c1ccsc1,mol_7953343be0b435d5,0.000299,0.000119,0.00022105744574218988,1.6443688869476318,45.55898666381836,,,,,,,
state_0398804574991c17c713d19a,2c_fb0ad4b474929fdd899d,2,binary_vle_english.xlsx,10.1016/j.fluid.2007.09.014,unverified,0.5,isobaric,0.9583333333333334,isobaric,342.24,343.6932678222656,,,2.288818359375e-05,True,False,48,CC(C)OC(C)C,mol_1a0ca8e5eeb68da8,0.941,0.971,0.9656157493591309,1.0080097913742065,103.1238784790039,COCCO,mol_d291b272a64498d9,0.05900000000000005,0.029000000000000026,0.034384239464998245,4.507862567901611,13.096221923828125,,,,,,,
state_03d1c06efe9bffef19d27f5e,2c_c9ecb5bf12ebfafc6a51,2,binary_vle_english.xlsx,10.1016/j.fluid.2005.03.014,unverified,0.5,isobaric,0.9545454545454546,isobaric,389.9,389.40386962890625,,,0.0001068115234375,True,False,48,CC(=O)OCC(C)C,mol_e7eb29ad965cc8ee,1.0,1.0,1.0,1.0,101.30004119873047,CN(C)C=O,mol_ca12d6d2f2ffb170,0.0,0.0,0.0,1.613556146621704,34.879920959472656,,,,,,,
state_042de1a5af9548e3b0ef1369,3c_f6a2de3ac0acbac84e4f,3,ternary_vle_english.xlsx,10.1016/j.fluid.2005.01.007,unverified,0.5,isobaric,0.9818181818181818,isobaric,330.09,329.36712646484375,,,-8.392333984375e-05,True,False,48,CC(C)=O,mol_e04cf77cea7bbe66,0.685,0.784,0.8220070004463196,1.125241994857788,108.0308609008789,CC(C)CC(C)(C)C,mol_57615b5c3546c298,0.2649999999999999,0.16799999999999993,0.13690148293972015,2.045912981033325,25.579025268554688,CCO,mol_f29e20f49d416e54,0.05,0.048,0.04109153151512146,2.0644454956054688,40.32624053955078
state_05bf70b48f11217aa2506564,2c_277a9b0f8ca81825906f,2,binary_vle_english.xlsx,10.1016/j.fluid.2013.01.015,passed,1.0,isobaric,0.9333333333333333,isobaric,349.53999999999996,350.6343078613281,,,2.47955322265625e-05,True,False,48,CCCCCCCC,mol_8151bb583f7f3ebd,0.965,0.98,0.9796538949012756,0.99989253282547,20.305870056152344,Cc1ccccc1C,mol_61c4de85d258b45d,0.03500000000000003,0.020000000000000018,0.020346099510788918,1.0424115657806396,11.153301239013672,,,,,,,
state_06d67e7a0ba3324eff9dbb13,2c_94ed5d0a73a3c26e5ef5,2,binary_vle_english.xlsx,10.1016/j.fluid.2011.06.009,unverified,0.5,isobaric,0.8888888888888888,isobaric,315.14,313.8238830566406,,,-3.814697265625e-06,True,False,48,CCO,mol_f29e20f49d416e54,0.964,0.964,0.9634934067726135,1.0011839866638184,19.676321029663086,O,mol_e81dc06beaa39499,0.03600000000000003,0.03600000000000003,0.03650660812854767,2.4235074520111084,8.247279167175293,,,,,,,
state_0705db043794d6ab67fa3a25,2c_30c0b771d8db238964cd,2,binary_vle_english.xlsx,10.1016/j.jct.2003.09.001,unverified,0.5,isobaric,0.9285714285714286,isobaric,323.17999999999995,322.0379333496094,,,1.9073486328125e-05,True,False,48,C1COCO1,mol_7a351e48494919fc,0.7534,0.7846,0.8019022345542908,1.0389186143875122,40.98027801513672,CC(C)(C)O,mol_9c31aaa032950e85,0.24660000000000004,0.21540000000000004,0.19809779524803162,1.3363226652145386,24.04561424255371,,,,,,,
state_0a092c5cd9db9f69734fd23f,2c_7b12ee2d0e35e39326bc,2,binary_vle_english.xlsx,10.1016/j.fluid.2011.08.007,unverified,0.5,isobaric,0.9642857142857143,isobaric,328.12,328.2333679199219,,,3.814697265625e-05,True,False,48,CCOCCO,mol_ab8630148ae67e51,0.030000000000000027,0.0020000000000000018,0.0015540964668616652,0.8511195778846741,4.057248115539551,CO,mol_a85d32e4db2ff39c,0.97,0.998,0.9984458684921265,0.9995435476303101,68.64619445800781,,,,,,,
state_0aff7579d9685a7418184c0e,2c_7c57a80413db66443080,2,binary_vle_english.xlsx,10.1016/j.jct.2010.05.014,unverified,0.5,isobaric,0.9615384615384616,isobaric,393.15,395.6570739746094,,,-3.814697265625e-05,True,False,48,CCC(=O)O,mol_86c4db256d6270c6,0.0,0.0,0.0,0.7397844791412354,55.637847900390625,CCCCCO,mol_243de2450bee5519,1.0,1.0,1.0,1.0,53.29997634887695,,,,,,,
state_0b8557cff779deb67490f45e,2c_df88b179a6c12f0b788b,2,binary_vle_english.xlsx,10.1016/j.jct.2006.12.003,unverified,0.5,isobaric,0.9333333333333333,isobaric,362.34999999999997,360.1536865234375,,,8.392333984375e-05,True,False,48,Cc1ccccc1,mol_1c09299644053521,0.14400000000000002,0.10199999999999998,0.055239442735910416,0.8232048749923706,47.20504379272461,ClCCCl,mol_e8df6c9e89c6b62a,0.856,0.898,0.9447605609893799,0.990455150604248,112.88147735595703,,,,,,,
state_0be4399d5783b7e65fc8583d,2c_df88b179a6c12f0b788b,2,binary_vle_english.xlsx,10.1016/j.jct.2006.12.003,unverified,0.5,isobaric,0.9333333333333333,isobaric,362.75,361.12945556640625,,,0.0001068115234375,True,False,48,Cc1ccccc1,mol_1c09299644053521,0.18300000000000005,0.132,0.07453380525112152,0.8462231755256653,48.75586700439453,ClCCCl,mol_e8df6c9e89c6b62a,0.817,0.868,0.9254661798477173,0.9851678609848022,116.47638702392578,,,,,,,
state_0c09c511a8f6700d42c77957,2c_50cae961bcfb98dfb10a,2,binary_vle_english.xlsx,10.1016/j.fluid.2013.05.019,passed,1.0,full_state,0.5714285714285714,isobaric,346.27,335.2289123535156,,,0.000274658203125,True,False,48,CC(C)=C(C)C,mol_ac85c03b48dc0205,0.999744,0.999891,0.9998106956481934,1.0,101.33709716796875,c1ccsc1,mol_7953343be0b435d5,0.000256,0.000109,0.00018926392658613622,1.6444123983383179,45.55716323852539,,,,,,,
state_0c11eae2e37ee17b0bfd14e2,2c_7e396008deb1d14f8e15,2,binary_vle_english.xlsx,10.1016/j.fluid.2015.11.007,passed,1.0,isobaric,0.9090909090909091,isobaric,339.47999999999996,340.7196960449219,,,1.1444091796875e-05,True,False,48,CC(=O)N(C)C,mol_b8ccf255e2b62919,0.268,0.0050000000000000044,0.011447879485785961,0.09165408462285995,3.2623798847198486,CC(=O)O,mol_9ac385b135af0125,0.732,0.995,0.9885520935058594,0.6293522715568542,15.020722389221191,,,,,,,
state_0c2354ab0e82d078c51fc759,2c_132d59f7f663b60d969d,2,binary_vle_english.xlsx,10.1016/j.fluid.2006.02.002,unverified,0.5,isobaric,0.9545454545454546,isobaric,403.66999999999996,400.66864013671875,,,0.0004425048828125,True,False,48,CC(=O)O,mol_9ac385b135af0125,0.8319,0.99,0.9985401630401611,0.8218832015991211,147.98731994628906,CN1CCCC1=O,mol_f50e4145cb9a22d5,0.16810000000000003,0.010000000000000009,0.0014598295092582703,0.07897723466157913,11.142244338989258,,,,,,,
state_0dac038e4124175e145ca2c8,2c_9d8840ec979d73d48a37,2,binary_vle_english.xlsx,10.1016/j.fluid.2012.08.030,unverified,0.5,isobaric,0.9375,isobaric,395.78,393.39794921875,,,-3.814697265625e-05,True,False,48,CN1CCCC1=O,mol_f50e4145cb9a22d5,0.0,0.0,0.0,0.44410035014152527,8.549991607666016,COCCO,mol_d291b272a64498d9,1.0,1.0,1.0,1.0,95.29998779296875,,,,,,,
state_0e53aa284c512b595fa35c38,2c_d66c7a74cea5d8732e08,2,binary_vle_english.xlsx,10.1016/j.fluid.2014.02.006,unverified,0.5,isobaric,0.9411764705882353,isobaric,353.25,353.5814514160156,,,0.0,True,False,48,CC(C)O,mol_db030b5de88f8eaf,0.649,0.666,0.677219033241272,1.1515083312988281,91.79659271240234,O,mol_e81dc06beaa39499,0.351,0.33399999999999996,0.3227809965610504,1.893722414970398,49.1919059753418,,,,,,,
state_0e6bc7899efc5f7768b3e2c4,2c_bcadcb4c5d803465b404,2,binary_vle_english.xlsx,10.1016/j.fluid.2007.09.014,unverified,0.5,isobaric,0.9523809523809523,isobaric,357.33,357.9284362792969,,,8.392333984375e-05,True,False,48,CC(C)O,mol_db030b5de88f8eaf,0.902,0.975,0.9710136651992798,1.0046159029006958,108.54960632324219,COCCO,mol_d291b272a64498d9,0.09799999999999998,0.025000000000000022,0.028986377641558647,1.2249298095703125,24.460548400878906,,,,,,,
state_0e74292717c8b5444ee6e863,2c_f0a592d91b289fcd0778,2,binary_vle_english.xlsx,10.1016/j.fluid.2005.01.007,unverified,0.5,isobaric,0.9545454545454546,isobaric,328.74,327.1944580078125,,,-4.57763671875e-05,True,False,48,CC(C)=O,mol_e04cf77cea7bbe66,0.892,0.9,0.9130618572235107,1.0261682271957397,101.0674819946289,CC(C)CC(C)(C)C,mol_57615b5c3546c298,0.10799999999999998,0.09999999999999998,0.08693812042474747,3.4534313678741455,23.6173038482666,,,,,,,
state_0eb4aae231bfa59b6cf7ed00,2c_f29ffd05dc86affc2a49,2,binary_vle_english.xlsx,10.1016/j.jct.2019.01.027,unverified,0.5,isobaric,0.9375,isobaric,354.65,354.8911437988281,,,0.0,True,False,48,CC(=O)OCC(C)C,mol_e7eb29ad965cc8ee,0.17459999999999998,0.057699999999999974,0.06607197970151901,1.2667518854141235,30.261516571044922,CCO,mol_f29e20f49d416e54,0.8254,0.9423,0.9339280724525452,1.002606749534607,114.3213882446289,,,,,,,
state_0f21cdafbb16abae6d499160,2c_e923997b8f9df5a64a73,2,binary_vle_english.xlsx,10.1016/j.fluid.2018.03.011,unverified,0.5,isobaric,0.9090909090909091,isobaric,334.25,335.4107666015625,,,0.000335693359375,True,False,48,CC(C)O,mol_db030b5de88f8eaf,0.052000000000000046,0.051000000000000045,0.05260051041841507,2.3578522205352783,43.45909118652344,ClC(Cl)Cl,mol_d9e0a2387a6283f9,0.948,0.949,0.9473994970321655,1.0037750005722046,100.8553695678711,,,,,,,
state_100ede5ffd01f0177db3ac27,2c_03ee8ab4245c0677d4ed,2,binary_vle_english.xlsx,10.1016/j.fluid.2018.05.024,unverified,0.5,isobaric,0.9047619047619048,isobaric,348.25,348.4864501953125,,,6.866455078125e-05,True,False,48,CCO,mol_f29e20f49d416e54,0.725,0.728,0.7060136198997498,1.1047954559326172,89.28995513916016,COC(=O)OC,mol_0ec85594f0f896ea,0.275,0.272,0.29398640990257263,1.7067984342575073,63.44855880737305,,,,,,,
state_1085e45f7112c0cac8991e2c,2c_ce7e822d00d743846419,2,binary_vle_english.xlsx,10.1016/j.fluid.2005.07.010,unverified,0.5,isobaric,0.9629629629629629,isobaric,352.2,352.1540222167969,,,0.0001983642578125,True,False,48,CC(=O)O,mol_9ac385b135af0125,0.08030000000000004,0.010199999999999987,0.023019827902317047,1.1770784854888916,24.677350997924805,CCOC(C)=O,mol_18876b584acc43d4,0.9197,0.9898,0.9769801497459412,1.0028096437454224,107.33428955078125,,,,,,,
state_1093eaea3084278b1ba78ffb,2c_94ed5d0a73a3c26e5ef5,2,binary_vle_english.xlsx,10.1016/j.fluid.2011.06.009,unverified,0.5,isobaric,0.9375,isobaric,307.7,306.2455749511719,,,1.430511474609375e-05,True,False,48,CCO,mol_f29e20f49d416e54,0.771,0.812,0.8267680406570435,1.044068694114685,13.505975723266602,O,mol_e81dc06beaa39499,0.22899999999999998,0.18799999999999994,0.17323195934295654,1.7868772745132446,5.56702995300293,,,,,,,
state_10acdf0f85d5e1a3ed780313,2c_4edb251d66039b2a207c,2,binary_vle_english.xlsx,10.1016/j.jct.2006.12.003,unverified,0.5,isobaric,0.9444444444444444,isobaric,356.65,356.8972473144531,,,3.814697265625e-05,True,False,48,CC(=O)O,mol_9ac385b135af0125,0.008000000000000007,0.018000000000000016,0.00554577074944973,2.3377468585968018,30.03887939453125,ClCCCl,mol_e8df6c9e89c6b62a,0.992,0.982,0.9944542646408081,1.0000814199447632,101.54232788085938,,,,,,,
state_10c7decedc714a75f76f5320,2c_72801d7427f9871710ea,2,binary_vle_english.xlsx,10.1016/j.jct.2013.08.011,unverified,0.5,isobaric,0.95,isobaric,352.96,354.1769104003906,,,0.0,True,False,48,CC#N,mol_7028b7cbd3d829b4,0.829,0.775,0.8136001229286194,1.031106948852539,96.4188461303711,CCCO,mol_5fb2f93dc8caa9dc,0.17100000000000004,0.22499999999999998,0.18639986217021942,2.100531816482544,52.5689582824707,,,,,,,
state_11227357401cc04ccb8f752f,3c_6b60b4a3a536506a27ae,3,ternary_vle_english.xlsx,10.1016/j.fluid.2006.08.004,unverified,0.5,isobaric,0.9649122807017544,isobaric,337.97999999999996,338.257568359375,,,8.392333984375e-05,True,False,48,CC(C)CC(C)(C)C,mol_57615b5c3546c298,0.050000000000000044,0.03200000000000003,0.027226483449339867,1.5724810361862183,35.07887268066406,CC(C)OC(C)C,mol_1a0ca8e5eeb68da8,0.6,0.627,0.6133116483688354,1.174033761024475,88.19803619384766,CCO,mol_f29e20f49d416e54,0.35,0.341,0.3594619035720825,1.762902855873108,59.015480041503906
state_115b1629c01f1aa26f03d221,2c_4edb251d66039b2a207c,2,binary_vle_english.xlsx,10.1016/j.jct.2006.12.003,unverified,0.5,isobaric,0.9444444444444444,isobaric,357.34999999999997,358.0566101074219,,,0.0,True,False,48,CC(=O)O,mol_9ac385b135af0125,0.119,0.06899999999999995,0.06767553836107254,1.829296350479126,31.49269676208496,ClCCCl,mol_e8df6c9e89c6b62a,0.881,0.931,0.9323244690895081,1.0164567232131958,105.46575164794922,,,,,,,
state_11736dd11ea7927256d190f1,2c_50cae961bcfb98dfb10a,2,binary_vle_english.xlsx,10.1016/j.fluid.2013.05.019,passed,1.0,full_state,0.5714285714285714,isobaric,346.27,335.22613525390625,,,0.00029754638671875,True,False,48,CC(C)=C(C)C,mol_ac85c03b48dc0205,0.999849,0.99993,0.9998883605003357,1.0,101.33434295654297,c1ccsc1,mol_7953343be0b435d5,0.000151,7e-05,0.00011163247108925134,1.644518494606018,45.552730560302734,,,,,,,
state_11ad349a17f17f6f7890ab90,2c_ef978bac8ab2c7c131e7,2,binary_vle_english.xlsx,10.1016/j.fluid.2015.03.013,unverified,0.5,isobaric,0.9629629629629629,isobaric,390.65999999999997,389.68017578125,,,2.288818359375e-05,True,False,48,CC(=O)N(C)C,mol_b8ccf255e2b62919,0.21799999999999997,0.062000000000000055,0.07012106478214264,1.4043958187103271,23.201271057128906,CCC(C)OC(C)=O,mol_879306ab1082c162,0.782,0.938,0.9298788905143738,1.0296272039413452,116.99004364013672,,,,,,,
state_11d3954da65f10e46039c32d,2c_443810127d849cf82a31,2,binary_vle_english.xlsx,10.1016/j.fluid.2014.09.021,unverified,0.5,isobaric,0.9545454545454546,isobaric,374.09999999999997,373.9992370605469,,,0.00080108642578125,True,False,48,CCC(C)O,mol_06affb0d2c6c8ff2,0.969,0.996,0.9965839982032776,0.9993731379508972,104.249755859375,CN(C)C=O,mol_ca12d6d2f2ffb170,0.031000000000000028,0.0040000000000000036,0.0034160141367465258,0.5506654381752014,20.271352767944336,,,,,,,
state_1396297f5367cff2b948bde4,2c_46777e532a11b24ee585,2,binary_vle_english.xlsx,10.1016/j.fluid.2012.12.020,unverified,0.5,isobaric,0.9629629629629629,isobaric,359.46999999999997,360.4384765625,,,0.00032806396484375,True,False,48,CC(C)O,mol_db030b5de88f8eaf,0.8324,0.9798,0.9803743362426758,0.9965897798538208,119.36198425292969,CCCCCO,mol_243de2450bee5519,0.16759999999999997,0.020199999999999996,0.019625689834356308,0.9776476621627808,12.097375869750977,,,,,,,
state_140536dbed90a355267bc0c2,3c_5af2e9ac27e2698a2927,3,ternary_vle_english.xlsx,10.1016/j.fluid.2008.06.006,unverified,0.5,isobaric,0.9772727272727273,isobaric,324.99,323.4410400390625,,,5.340576171875e-05,True,False,48,C1CCCCC1,mol_893981623557f359,0.09399999999999997,0.061999999999999944,0.08850358426570892,2.2397964000701904,39.51414108276367,CC(C)=O,mol_e04cf77cea7bbe66,0.81,0.781,0.8093976378440857,1.0449573993682861,89.88896942138672,CC(C)OC(C)C,mol_1a0ca8e5eeb68da8,0.096,0.157,0.10209876298904419,1.782743215560913,56.077484130859375
state_144e4af3fe0595d82d238f4c,2c_ef978bac8ab2c7c131e7,2,binary_vle_english.xlsx,10.1016/j.fluid.2015.03.013,unverified,0.5,isobaric,0.9629629629629629,isobaric,388.21999999999997,387.406982421875,,,2.288818359375e-05,True,False,48,CC(=O)N(C)C,mol_b8ccf255e2b62919,0.11199999999999999,0.03200000000000003,0.03705587238073349,1.5650420188903809,21.415205001831055,CCC(C)OC(C)=O,mol_879306ab1082c162,0.888,0.968,0.9629440903663635,1.0078656673431396,108.99201965332031,,,,,,,
state_1493005985f57e5073a894f8,2c_784276d4500715f79c89,2,binary_vle_english.xlsx,10.1016/j.fluid.2011.11.020,passed,1.0,isobaric,0.9,isobaric,356.34,359.0530700683594,,,9.1552734375e-05,True,False,48,CCCCCCC,mol_fddb2c852c313396,0.09619999999999995,0.10629999999999995,0.1059073731303215,1.6425771713256836,67.91474151611328,c1ccsc1,mol_7953343be0b435d5,0.9038,0.8937,0.8940926194190979,1.0072649717330933,99.518798828125,,,,,,,
state_14d16d5fcd5c3a6016f8e45e,2c_e06683c33855ee8d702b,2,binary_vle_english.xlsx,10.1016/j.fluid.2012.12.020,unverified,0.5,isobaric,0.9565217391304348,isobaric,355.5,356.0460510253906,,,-1.52587890625e-05,True,False,48,CC(C)O,mol_db030b5de88f8eaf,1.0,1.0,1.0,1.0,100.99994659423828,CCCCO,mol_ad4ef9c6c876ca2f,0.0,0.0,0.0,0.997717022895813,25.130062103271484,,,,,,,
state_15cb7e65fe8ac19954a17213,2c_e584d9baea666806df78,2,binary_vle_english.xlsx,10.1016/j.jct.2010.02.001,unverified,0.5,isobaric,0.9444444444444444,isobaric,355.15,356.7501220703125,,,3.814697265625e-06,True,False,48,CCCCO,mol_ad4ef9c6c876ca2f,0.16059999999999997,0.051100000000000034,0.07958360761404037,1.0186010599136353,25.929927825927734,CCCO,mol_5fb2f93dc8caa9dc,0.8394,0.9489,0.9204163551330566,0.9989042282104492,58.50849151611328,,,,,,,
state_17b6c316702ccaba6b04ee1b,2c_ba6de3f53ea6de13738b,2,binary_vle_english.xlsx,10.1016/j.fluid.2006.02.009,unverified,0.5,isobaric,0.95,isobaric,334.01,334.026123046875,,,0.00035858154296875,True,False,48,CCC(C)Cl,mol_9f4835d3aad75f1c,1.0,1.0,1.0,1.0,80.00031280517578,Cc1ccccc1,mol_1c09299644053521,0.0,0.0,0.0,1.1403015851974487,18.517698287963867,,,,,,,
state_17d1377aefb7705f6b73eff9,2c_ca2ff513d4ae36f2f8e1,2,binary_vle_english.xlsx,10.1016/j.jct.2016.10.001,unverified,0.5,isobaric,0.8181818181818182,isobaric,361.0,362.0730285644531,,,0.00124359130859375,True,False,48,CCCO,mol_5fb2f93dc8caa9dc,0.313,0.412,0.3860233724117279,1.7194708585739136,72.65892028808594,O,mol_e81dc06beaa39499,0.687,0.5880000000000001,0.6139766573905945,1.3223254680633545,68.46542358398438,,,,,,,
state_17fa55b0b3543275f96737d4,2c_7b12ee2d0e35e39326bc,2,binary_vle_english.xlsx,10.1016/j.fluid.2011.08.007,unverified,0.5,isobaric,0.9642857142857143,isobaric,329.19,329.3615417480469,,,3.0517578125e-05,True,False,48,CCOCCO,mol_ab8630148ae67e51,0.07399999999999995,0.0050000000000000044,0.004220401402562857,0.8846508860588074,4.297496318817139,CO,mol_a85d32e4db2ff39c,0.926,0.995,0.9957795739173889,0.9974797964096069,71.86434936523438,,,,,,,
state_180122004c139d7416652990,3c_c1f86c0bca7d787912fb,3,ternary_vle_english.xlsx,10.1016/j.jct.2011.10.025,unverified,0.5,isobaric,0.9807692307692307,isobaric,352.25,352.41082763671875,,,0.000518798828125,True,False,48,C1CCOCC1,mol_626f3d1f5bbb6f55,0.157,0.108,0.1247313916683197,0.987428605556488,81.50453186035156,CC(C)CC(C)(C)C,mol_57615b5c3546c298,0.22199999999999998,0.24,0.25499916076660156,2.073350667953491,56.120872497558594,CC(C)O,mol_db030b5de88f8eaf,0.621,0.652,0.6202694773674011,1.1539461612701416,87.68284606933594
state_183464c8177fd6ef8cab3cf4,2c_d66c7a74cea5d8732e08,2,binary_vle_english.xlsx,10.1016/j.jct.2017.02.005,unverified,0.5,isobaric,0.96875,isobaric,353.19,353.2426452636719,,,-2.288818359375e-05,True,False,48,CC(C)O,mol_db030b5de88f8eaf,0.761,0.734,0.7398805022239685,1.0732470750808716,90.58939361572266,O,mol_e81dc06beaa39499,0.239,0.266,0.2601194977760315,2.242607355117798,48.53129577636719,,,,,,,
state_183fca85c717fae213fbe5b9,2c_165952a69a69e7a8d3f6,2,binary_vle_english.xlsx,10.1016/j.fluid.2005.01.007,unverified,0.5,isobaric,0.9545454545454546,isobaric,344.47999999999996,344.9644775390625,,,-5.340576171875e-05,True,False,48,CC(C)CC(C)(C)C,mol_57615b5c3546c298,0.29500000000000004,0.34299999999999997,0.34140098094940186,2.66253924369812,44.03940200805664,CCO,mol_f29e20f49d416e54,0.705,0.657,0.6585990190505981,1.2191044092178345,77.6400375366211,,,,,,,
state_186600621a2f8250315aea07,2c_784276d4500715f79c89,2,binary_vle_english.xlsx,10.1016/j.fluid.2011.11.020,passed,1.0,isobaric,0.9,isobaric,356.44,359.0502624511719,,,-2.288818359375e-05,True,False,48,CCCCCCC,mol_fddb2c852c313396,0.2459,0.20940000000000003,0.22619333863258362,1.3725720643997192,67.90853118896484,c1ccsc1,mol_7953343be0b435d5,0.7541,0.7906,0.773806631565094,1.0448989868164062,99.51016235351562,,,,,,,
state_19345a4d768619490d979435,2c_6eb2e45afed5017e5e33,2,binary_vle_english.xlsx,10.1016/j.fluid.2014.09.021,unverified,0.5,isobaric,0.95,isobaric,387.25,387.80908203125,,,0.0,True,False,48,CCC(C)OC(C)=O,mol_879306ab1082c162,0.817,0.904,0.9108659625053406,1.023247241973877,110.37252807617188,CN(C)C=O,mol_ca12d6d2f2ffb170,0.18300000000000005,0.09599999999999997,0.08913403004407883,1.4933371543884277,33.040279388427734,,,,,,,
state_19aaab5a52c6e9614d1fed6f,3c_954c33e76e33ef115670,3,ternary_vle_english.xlsx,10.1016/j.fluid.2006.07.003,unverified,0.5,isobaric,0.9761904761904762,isobaric,359.97999999999996,360.6907958984375,,,0.00019073486328125,True,False,48,CCCCCO,mol_243de2450bee5519,0.04800000000000004,0.0050000000000000044,0.006030055228620768,1.0397708415985107,12.239182472229004,CCCO,mol_5fb2f93dc8caa9dc,0.474,0.404,0.41844791173934937,1.3012028932571411,68.72709655761719,CCCOCCC,mol_e13b90e4aa2e917d,0.478,0.591,0.5755221247673035,1.3097161054611206,93.12513732910156
state_1a594da038db5ff0bf7cfcc2,2c_50cae961bcfb98dfb10a,2,binary_vle_english.xlsx,10.1016/j.fluid.2013.05.019,passed,1.0,full_state,0.5714285714285714,isobaric,346.27,335.2258605957031,,,0.00034332275390625,True,False,48,CC(C)=C(C)C,mol_ac85c03b48dc0205,0.999862,0.999937,0.9998979568481445,1.0,101.33405303955078,c1ccsc1,mol_7953343be0b435d5,0.000138,6.3e-05,0.00010202153498539701,1.6445317268371582,45.55229568481445,,,,,,,
state_1a7e5f06e88b67110174f5a3,2c_e94406f9abae6913c6d1,2,binary_vle_english.xlsx,10.1016/j.fluid.2005.02.014,unverified,0.5,isobaric,0.9166666666666666,isobaric,324.95,325.6385498046875,,,-2.288818359375e-05,True,False,48,C1CCOCC1,mol_626f3d1f5bbb6f55,0.0636,0.0434,0.046998877078294754,0.9081596732139587,32.548301696777344,CCCCCl,mol_f7989a5c13417f20,0.9364,0.9566,0.9530011415481567,0.9994776248931885,40.730445861816406,,,,,,,
state_1aa8f53307fb32fb27906397,3c_c1f86c0bca7d787912fb,3,ternary_vle_english.xlsx,10.1016/j.jct.2011.10.025,unverified,0.5,isobaric,0.9807692307692307,isobaric,350.92999999999995,351.5099182128906,,,4.57763671875e-05,True,False,48,C1CCOCC1,mol_626f3d1f5bbb6f55,0.053,0.03,0.03855782747268677,0.9304478764533997,79.20525360107422,CC(C)CC(C)(C)C,mol_57615b5c3546c298,0.33399999999999996,0.33599999999999997,0.3353439271450043,1.8652178049087524,54.528526306152344,CC(C)O,mol_db030b5de88f8eaf,0.613,0.634,0.6260982751846313,1.2226200103759766,84.62522888183594
state_1aab9a524cc1cb589c64e387,3c_954c33e76e33ef115670,3,ternary_vle_english.xlsx,10.1016/j.fluid.2006.07.003,unverified,0.5,isobaric,0.9761904761904762,isobaric,360.96,361.7716979980469,,,0.00029754638671875,True,False,48,CCCCCO,mol_243de2450bee5519,0.09699999999999998,0.01200000000000001,0.013384913094341755,1.0866739749908447,12.86337661743164,CCCO,mol_5fb2f93dc8caa9dc,0.388,0.359,0.3739182651042938,1.359933853149414,71.78564453125,CCCOCCC,mol_e13b90e4aa2e917d,0.515,0.629,0.6126967668533325,1.2521740198135376,96.2463150024414
state_1c0e2bfd38bd630a7fa714d3,3c_f1332761d3af136f02b5,3,ternary_vle_english.xlsx,10.1016/j.fluid.2014.04.025,unverified,0.5,isobaric,0.9473684210526315,isobaric,387.12,390.072509765625,,,8.392333984375e-05,True,False,48,COCCO,mol_d291b272a64498d9,0.4234,0.3291,0.32374027371406555,0.9136366844177246,84.77774047851562,CS(C)=O,mol_7d3e12eaed0f467c,0.2057,0.013600000000000056,0.016253279522061348,0.7472293972969055,10.711795806884766,Cc1ccccc1,mol_1c09299644053521,0.3709,0.6573,0.6600064635276794,1.5254753828048706,118.1668472290039
state_1c749045e42eac06f78c555b,2c_ca2ff513d4ae36f2f8e1,2,binary_vle_english.xlsx,10.1016/j.fluid.2017.05.012,unverified,0.5,isobaric,0.9411764705882353,isobaric,361.0,361.9293212890625,,,0.00110626220703125,True,False,48,CCCO,mol_5fb2f93dc8caa9dc,0.3595,0.3865,0.3975166380405426,1.5459545850753784,72.24131774902344,O,mol_e81dc06beaa39499,0.6405000000000001,0.6134999999999999,0.6024833917617798,1.3952571153640747,68.09224700927734,,,,,,,
state_1c8e126866eb34a19ced9aa2,2c_50cae961bcfb98dfb10a,2,binary_vle_english.xlsx,10.1016/j.fluid.2013.05.019,passed,1.0,full_state,0.5714285714285714,isobaric,346.27,335.23443603515625,,,0.00030517578125,True,False,48,CC(C)=C(C)C,mol_ac85c03b48dc0205,0.999535,0.999793,0.9996562004089355,1.0,101.3426513671875,c1ccsc1,mol_7953343be0b435d5,0.000465,0.000207,0.0003438029089011252,1.6442015171051025,45.5660285949707,,,,,,,
state_1df9d488074323c6371d9ee5,2c_94ed5d0a73a3c26e5ef5,2,binary_vle_english.xlsx,10.1016/j.fluid.2011.06.009,unverified,0.5,isobaric,0.8888888888888888,isobaric,315.13,313.8330078125,,,2.47955322265625e-05,True,False,48,CCO,mol_f29e20f49d416e54,0.931,0.932,0.9338181018829346,1.004299521446228,19.685028076171875,O,mol_e81dc06beaa39499,0.06899999999999995,0.06799999999999995,0.06618184596300125,2.291212558746338,8.251086235046387,,,,,,,
state_1e2734749aa6d57a2144206f,2c_72d232cf7a8125302e6c,2,binary_vle_english.xlsx,10.1016/j.fluid.2009.01.006,unverified,0.5,isobaric,0.9333333333333333,isobaric,337.79999999999995,341.7951965332031,,,-3.0517578125e-05,True,False,48,CN(C)C=O,mol_ca12d6d2f2ffb170,0.21799999999999997,0.015900000000000025,0.014965096488595009,1.2494148015975952,5.56577205657959,ClC(Cl)Cl,mol_d9e0a2387a6283f9,0.782,0.9841,0.9850349426269531,1.0286225080490112,124.05032348632812,,,,,,,
state_1e9219c47f95298ee53feb1a,2c_ac155ac6c9df3bfcf363,2,binary_vle_english.xlsx,10.1016/j.fluid.2014.03.033,passed,1.0,full_state,0.0,isobaric,345.75,345.84942626953125,,,0.0008449554443359375,True,False,48,CC(=O)CC(C)C,mol_0a895444a9f0f36b,0.69,0.91,0.9067890644073486,1.0562965869903564,23.764272689819336,O=Cc1ccco1,mol_cfdccd30b0689448,0.31,0.09,0.09321097284555435,1.3154399394989014,4.3660383224487305,,,,,,,
state_1eff8102ca6b582e8e8f983f,2c_045f196d049de4abb690,2,binary_vle_english.xlsx,10.1016/j.jct.2004.09.009,unverified,0.5,isobaric,0.9411764705882353,isobaric,361.95,361.5079040527344,,,0.000274658203125,True,False,48,CCC(C)O,mol_06affb0d2c6c8ff2,0.2862,0.27459999999999996,0.2585522532463074,1.4333560466766357,63.84619140625,COC(=O)OC,mol_0ec85594f0f896ea,0.7138,0.7254,0.7414477467536926,1.0669728517532349,98.61907958984375,,,,,,,
state_20a3fcbf5f2aa12567815c2e,3c_bd75ed1e70032dcf0b2e,3,ternary_vle_english.xlsx,10.1016/j.fluid.2014.09.021,unverified,0.5,isobaric,0.9444444444444444,isobaric,401.74,402.65606689453125,,,0.00022125244140625,True,False,48,CCC(C)O,mol_06affb0d2c6c8ff2,0.138,0.296,0.2756229341030121,0.706935465335846,286.1980285644531,CCC(C)OC(C)=O,mol_879306ab1082c162,0.123,0.325,0.33446234464645386,1.5958795547485352,172.60450744628906,CN(C)C=O,mol_ca12d6d2f2ffb170,0.739,0.379,0.3899146616458893,0.9931847453117371,53.81523132324219
state_211dae1f6c8a5d60e012c8d9,3c_5af2e9ac27e2698a2927,3,ternary_vle_english.xlsx,10.1016/j.fluid.2008.06.006,unverified,0.5,isobaric,0.9772727272727273,isobaric,324.9,323.85321044921875,,,7.62939453125e-06,True,False,48,C1CCCCC1,mol_893981623557f359,0.20100000000000007,0.10200000000000009,0.15485674142837524,1.806134581565857,40.09699249267578,CC(C)=O,mol_e04cf77cea7bbe66,0.706,0.718,0.75690096616745,1.1066445112228394,91.06554412841797,CC(C)OC(C)C,mol_1a0ca8e5eeb68da8,0.093,0.18,0.08824232965707779,1.5697083473205566,56.820220947265625
state_2192cdace516bb0cb2909c08,2c_e0ef8174c7b6fc15273a,2,binary_vle_english.xlsx,10.1016/j.fluid.2005.06.024,unverified,0.5,isobaric,0.9743589743589743,isobaric,330.96999999999997,328.9218444824219,,,0.00165557861328125,True,False,48,CC(C)=O,mol_e04cf77cea7bbe66,0.9502,0.997,0.9970355033874512,0.9976324439048767,106.57337188720703,CCOC(=O)OCC,mol_4df2781fcf4d4a77,0.049799999999999955,0.0030000000000000027,0.002964545739814639,0.8039066791534424,7.5032057762146,,,,,,,
state_22706e37ce051d0ea909bd95,3c_f0c258463b44c2183ab7,3,ternary_vle_english.xlsx,10.1016/j.fluid.2005.03.014,unverified,0.5,isobaric,0.9767441860465116,isobaric,381.78,382.1706237792969,,,5.340576171875e-05,True,False,48,CC(=O)OCC(C)C,mol_e7eb29ad965cc8ee,0.356,0.328,0.3272108733654022,1.1627851724624634,80.07328033447266,CC(C)CO,mol_015d21fca05fcd26,0.612,0.66,0.6660344004631042,1.0287834405899048,107.15950012207031,CN(C)C=O,mol_ca12d6d2f2ffb170,0.03200000000000003,0.01200000000000001,0.006754662841558456,0.7866666316986084,27.181432723999023
state_228b9ad5de2dde4ebc60e343,2c_97830bff71af0df3111e,2,binary_vle_english.xlsx,10.1016/j.fluid.2018.03.015,unverified,0.5,isobaric,0.8333333333333334,isobaric,332.25,333.8166198730469,,,0.00106048583984375,True,False,48,CCO,mol_f29e20f49d416e54,0.22399999999999998,0.18100000000000005,0.21200497448444366,1.959991693496704,48.9167366027832,ClC(Cl)Cl,mol_d9e0a2387a6283f9,0.776,0.819,0.7879950404167175,1.0753748416900635,95.65674591064453,,,,,,,
state_22d1af9716acc4d39f5b3dc8,2c_fb0ad4b474929fdd899d,2,binary_vle_english.xlsx,10.1016/j.fluid.2007.09.014,unverified,0.5,isobaric,0.9583333333333334,isobaric,341.49,343.0640563964844,,,0.0001068115234375,True,False,48,CC(C)OC(C)C,mol_1a0ca8e5eeb68da8,1.0,1.0,1.0,1.0,101.30004119873047,COCCO,mol_d291b272a64498d9,0.0,0.0,0.0,5.87635612487793,12.724297523498535,,,,,,,
state_239827b4a555dba721af5958,3c_c45f0751ac63a91a45e8,3,ternary_vle_english.xlsx,10.1016/j.fluid.2005.06.019,unverified,0.5,isobaric,0.9767441860465116,isobaric,383.0,382.945068359375,,,8.392333984375e-05,True,False,48,CC(=O)OCC(C)C,mol_e7eb29ad965cc8ee,0.101,0.108,0.10379456728696823,1.2672333717346191,82.14973449707031,CC(C)CO,mol_015d21fca05fcd26,0.807,0.877,0.8807153701782227,1.0023647546768188,110.29244995117188,CCCCCCO,mol_eb71ecc709e3f0dc,0.09199999999999997,0.015000000000000013,0.01549010444432497,0.9193764328956604,18.551654815673828
state_24e10f47bd8b78f71b4b3eca,2c_972bb6b6305c64cb2237,2,binary_vle_english.xlsx,10.1016/j.jct.2017.07.019,unverified,0.5,isobaric,0.95,isobaric,334.34999999999997,335.54400634765625,,,0.00020599365234375,True,False,48,ClC(Cl)Cl,mol_d9e0a2387a6283f9,1.0,1.0,1.0,1.0,101.30014038085938,OCC(F)(F)C(F)F,mol_48469952cf716332,0.0,0.0,0.0,5.356280326843262,21.70772361755371,,,,,,,
state_25340b9d4f57ad4fbe5c5a10,2c_8227101c64130ee5e04f,2,binary_vle_english.xlsx,10.1016/j.jct.2017.07.019,unverified,0.5,isobaric,0.9411764705882353,isobaric,366.79999999999995,367.4717102050781,,,-7.62939453125e-06,True,False,48,O,mol_e81dc06beaa39499,0.7186,0.7277,0.7306351065635681,1.2289084196090698,83.8113784790039,OCC(F)(F)C(F)F,mol_48469952cf716332,0.2814,0.2723,0.2693648636341095,1.3716816902160645,70.69239044189453,,,,,,,
state_26a923e2a0b4f3b5f6311716,3c_f6a2de3ac0acbac84e4f,3,ternary_vle_english.xlsx,10.1016/j.fluid.2005.01.007,unverified,0.5,isobaric,0.9818181818181818,isobaric,331.01,330.62347412109375,,,5.340576171875e-05,True,False,48,CC(C)=O,mol_e04cf77cea7bbe66,0.585,0.695,0.7401368618011475,1.1419801712036133,112.2294921875,CC(C)CC(C)(C)C,mol_57615b5c3546c298,0.265,0.17600000000000005,0.14493942260742188,2.0693585872650146,26.774063110351562,CCO,mol_f29e20f49d416e54,0.15,0.129,0.11492377519607544,1.8215047121047974,42.608642578125
state_26fb5847692964c86f018528,3c_61bfd4ccc52903a74083,3,ternary_vle_english.xlsx,10.1016/j.fluid.2007.03.030,unverified,0.5,isobaric,0.9761904761904762,isobaric,360.07,364.28326416015625,,,3.814697265625e-05,True,False,48,CCCO,mol_5fb2f93dc8caa9dc,0.71,0.738,0.6379278302192688,1.1470445394515991,79.34913635253906,CCCOCCC,mol_e13b90e4aa2e917d,0.196,0.225,0.3192562162876129,1.589165210723877,103.83016204833984,CCOCCO,mol_ab8630148ae67e51,0.09400000000000008,0.03700000000000003,0.04281599819660187,2.157928466796875,21.382104873657227
state_2782ab80c9e6920d9e7bdef4,2c_f33ec9a350eb94b685d6,2,binary_vle_english.xlsx,10.1016/j.jct.2011.10.025,unverified,0.5,isobaric,0.9545454545454546,isobaric,362.02,360.26898193359375,,,5.340576171875e-05,True,False,48,C1CCOCC1,mol_626f3d1f5bbb6f55,0.897,0.916,0.9215569496154785,1.0009055137634277,103.97909545898438,CC(C)CC(C)(C)C,mol_57615b5c3546c298,0.10299999999999998,0.08399999999999996,0.07844305783510208,1.076011061668396,71.69847869873047,,,,,,,
state_27a27c80d287b866836d34e4,2c_e94406f9abae6913c6d1,2,binary_vle_english.xlsx,10.1016/j.fluid.2005.02.014,unverified,0.5,isobaric,0.9166666666666666,isobaric,326.15,326.55517578125,,,1.9073486328125e-05,True,False,48,C1CCOCC1,mol_626f3d1f5bbb6f55,0.1877,0.1398,0.1475118100643158,0.9336091876029968,33.67115783691406,CCCCCl,mol_f7989a5c13417f20,0.8123,0.8602,0.8524881601333618,0.9955318570137024,42.16745376586914,,,,,,,
state_284b7870f4cd37977f56517d,2c_f4a55bc5fa0e7d69faf8,2,binary_vle_english.xlsx,10.1016/j.fluid.2012.12.021,unverified,0.5,isobaric,0.9545454545454546,isobaric,341.7,341.13104248046875,,,6.4849853515625e-05,True,False,48,C1CCOCC1,mol_626f3d1f5bbb6f55,0.719,0.8220000000000001,0.8308997750282288,1.0255167484283447,56.34401321411133,CCC(C)O,mol_06affb0d2c6c8ff2,0.281,0.178,0.16910018026828766,1.1326805353164673,26.564464569091797,,,,,,,
state_286af58a53e0ae88e7ceb25f,2c_94ed5d0a73a3c26e5ef5,2,binary_vle_english.xlsx,10.1016/j.fluid.2011.06.009,unverified,0.5,isobaric,0.9375,isobaric,309.53,309.05126953125,,,-1.239776611328125e-05,True,False,48,CCO,mol_f29e20f49d416e54,0.383,0.632,0.6233358979225159,1.3755816221237183,15.558289527893066,O,mol_e81dc06beaa39499,0.617,0.368,0.3766641318798065,1.243945598602295,6.453459739685059,,,,,,,
state_28ca59d32dd6b942fc05c6c4,2c_6ce3ca627d5d8bfa6a1b,2,binary_vle_english.xlsx,10.1016/j.fluid.2018.07.013,unverified,0.5,isobaric,0.9047619047619048,isobaric,332.45,332.9102783203125,,,4.57763671875e-05,True,False,48,CCCCCC,mol_c55e04e90e298cf6,0.4467,0.5823,0.6134119629859924,1.813354253768921,76.71194458007812,CCO,mol_f29e20f49d416e54,0.5533,0.4177,0.38658803701400757,1.5043251514434814,47.049537658691406,,,,,,,
state_2a1d365d48cebebb780c1d4d,2c_37c45ee575c800aa7033,2,binary_vle_english.xlsx,10.1016/j.fluid.2005.09.015,unverified,0.5,isobaric,0.9545454545454546,isobaric,390.15999999999997,389.8481140136719,,,0.00022125244140625,True,False,48,CC(=O)OCC(C)C,mol_e7eb29ad965cc8ee,0.978,0.991,0.9919257164001465,0.9999824166297913,102.74437713623047,CCCCOC(=O)CC,mol_a9c167bbb331e76a,0.02200000000000002,0.009000000000000008,0.008074265904724598,0.990516185760498,37.53435134887695,,,,,,,
state_2a22e9c06952e9b0abdc17fa,2c_f84a6616de8e67ab84b6,2,binary_vle_english.xlsx,10.1016/j.fluid.2005.06.019,unverified,0.5,isobaric,0.96,isobaric,381.09,380.66839599609375,,,7.62939453125e-06,True,False,48,CC(C)CO,mol_015d21fca05fcd26,1.0,1.0,1.0,1.0,101.29994201660156,CCCCCCO,mol_eb71ecc709e3f0dc,0.0,0.0,0.0,0.8866931200027466,16.868999481201172,,,,,,,
state_2a49134faaf4a04b6d8422c6,2c_4cc4055379eb0154120e,2,binary_vle_english.xlsx,10.1016/j.fluid.2010.01.006,unverified,0.5,isothermal,0.9629629629629629,isothermal,,,264.10001196198397,275.419189453125,0.0,True,False,48,CCCC,mol_fadb5806094149e6,0.5499,0.9585,0.9658495187759399,1.0738604068756104,450.4764404296875,CCSCC,mol_a7491cfbf016fee6,0.45009999999999994,0.04149999999999998,0.034150466322898865,1.1013208627700806,18.974395751953125,,,,,,,
state_2a84d74f0e12df4b98a3a3f5,3c_a6f39dd395c2cfcf800d,3,ternary_vle_english.xlsx,10.1016/j.fluid.2009.01.016,unverified,0.5,isothermal,0.9333333333333333,isothermal,,,13.910055942912,13.819944381713867,-9.5367431640625e-07,True,False,48,CC(=O)C(C)(C)C,mol_61a887e37d396488,0.6782,0.6271,0.6267913579940796,1.0298765897750854,12.401844024658203,CC(C)(C)CO,mol_dfb42f12fdc989ed,0.2781,0.12770000000000004,0.12217491120100021,1.126698613166809,5.388644218444824,COC(C)(C)C,mol_b614d6fea320c179,0.0437,0.2452,0.2510337233543396,0.9637898802757263,82.37104034423828
state_2ad9e8b66b6f80a741ee7102,2c_6f361cb0ec8be0b0e6dd,2,binary_vle_english.xlsx,10.1016/j.jct.2012.11.005,unverified,0.5,isothermal,0.9166666666666666,isothermal,,,26.730068205055996,25.084598541259766,0.0,True,False,48,CC(C)OC(C)C,mol_1a0ca8e5eeb68da8,0.063,0.359,0.2854386568069458,2.8467137813568115,39.92414093017578,CCO,mol_f29e20f49d416e54,0.937,0.641,0.7145613431930542,1.0045565366744995,19.042882919311523,,,,,,,
state_2b0575087ca52e657d740722,2c_c830dc760c5163d2d27d,2,binary_vle_english.xlsx,10.1016/j.fluid.2011.05.011,unverified,0.5,isothermal,0.9285714285714286,isothermal,,,27.979965405056,26.713504791259766,0.0,True,False,48,CC(C)CC(C)(C)C,mol_57615b5c3546c298,0.2138,0.6234,0.5885809063911438,2.5083518028259277,29.31844139099121,CC(C)CO,mol_015d21fca05fcd26,0.7862,0.37660000000000005,0.4114190638065338,1.0617843866348267,13.165760040283203,,,,,,,
state_2b532830d642427bab30f966,3c_65250b1389afa8bc1bcc,3,ternary_vle_english.xlsx,10.1016/j.fluid.2013.01.020,unverified,0.5,isothermal,0.9655172413793104,isothermal,,,39.659938098432,42.731422424316406,-3.814697265625e-06,True,False,48,CC(=O)C(C)C,mol_b650f1cc3cac74aa,0.4013,0.17820000000000003,0.17137381434440613,1.2703030109405518,14.36531925201416,CC(C)C(C)C,mol_7347d05012022dd9,0.269,0.4946,0.48977863788604736,1.2945752143859863,60.09904861450195,CC(C)OC(C)C,mol_1a0ca8e5eeb68da8,0.3297,0.3272,0.3388475477695465,1.1000113487243652,39.92414093017578
state_2baef2b276cd2fdd28ff3272,2c_acf6c70dfacb27974826,2,binary_vle_english.xlsx,10.1016/j.fluid.2012.05.016,unverified,0.5,isothermal,0.9411764705882353,isothermal,,,12.380048447744,12.805139541625977,-9.5367431640625e-07,True,False,48,CCCO,mol_5fb2f93dc8caa9dc,0.9918,0.9755,0.9793821573257446,1.0000498294830322,12.644181251525879,CCCOC(C)=O,mol_67043ae833ecd0c7,0.0082,0.0245,0.020617838948965073,2.2569448947906494,14.265684127807617,,,,,,,
state_2c23a0c217738a7d018b3761,2c_ea9da779580d9b792700,2,binary_vle_english.xlsx,10.1016/j.jct.2012.11.005,unverified,0.5,isothermal,0.9411764705882353,isothermal,,,35.510012749695996,36.66581726074219,-3.814697265625e-06,True,False,48,CC(C)OC(C)C,mol_1a0ca8e5eeb68da8,0.946,0.723,0.7843291163444519,1.0074244737625122,30.175607681274414,CO,mol_a85d32e4db2ff39c,0.05400000000000005,0.277,0.2156708687543869,5.867587566375732,24.957406997680664,,,,,,,
state_2cabe56230ce3664134a8671,2c_ab90a05e58432c71abba,2,binary_vle_english.xlsx,10.1016/j.fluid.2011.05.011,unverified,0.5,isothermal,0.8888888888888888,isothermal,,,28.990015665024,29.183944702148438,0.0,True,False,48,CC(=O)CC(C)C,mol_0a895444a9f0f36b,0.07920000000000005,0.08679999999999999,0.0707104429602623,1.7984262704849243,14.488042831420898,CC(C)CC(C)(C)C,mol_57615b5c3546c298,0.9208,0.9132,0.9292895197868347,1.0045900344848633,29.31844139099121,,,,,,,
state_2de96ac6efa29caf848aa7ac,2c_ab90a05e58432c71abba,2,binary_vle_english.xlsx,10.1016/j.fluid.2011.05.011,unverified,0.5,isothermal,0.9411764705882353,isothermal,,,28.770033757824,28.32070541381836,0.0,True,False,48,CC(=O)CC(C)C,mol_0a895444a9f0f36b,0.2469,0.20279999999999998,0.18645812571048737,1.4762318134307861,14.488042831420898,CC(C)CC(C)(C)C,mol_57615b5c3546c298,0.7531,0.7972,0.813541829586029,1.0434951782226562,29.31844139099121,,,,,,,
state_2e8f4ee1d652dc4c2ef01677,2c_31dd895be9cb26117aa9,2,binary_vle_english.xlsx,10.1016/j.jct.2015.07.024,unverified,0.5,isothermal,0.8888888888888888,isothermal,,,80.5000457984,85.63523864746094,-7.62939453125e-06,True,False,48,CCOC(=O)OCC,mol_4df2781fcf4d4a77,0.742,0.40900000000000003,0.38157057762145996,0.9923282861709595,44.37803649902344,CCOC(C)=O,mol_18876b584acc43d4,0.258,0.591,0.61842942237854,0.9959802627563477,206.09725952148438,,,,,,,
state_2f202135fcf8750a06dac8b0,2c_8742372ba72e435a7962,2,binary_vle_english.xlsx,10.1016/j.fluid.2013.01.020,unverified,0.5,isothermal,0.9473684210526315,isothermal,,,46.610033142271995,49.39494323730469,-3.814697265625e-06,True,False,48,CC(=O)C(C)C,mol_b650f1cc3cac74aa,0.4496,0.17759999999999998,0.17364272475242615,1.327998161315918,14.36531925201416,CC(C)C(C)C,mol_7347d05012022dd9,0.5504,0.8224,0.8263572454452515,1.23396897315979,60.09904861450195,,,,,,,
state_2f4e3df82571e378af4d6cba,2c_4cc4055379eb0154120e,2,binary_vle_english.xlsx,10.1016/j.fluid.2010.01.006,unverified,0.5,isothermal,0.9285714285714286,isothermal,,,246.699976391936,256.17626953125,3.0517578125e-05,True,False,48,CCCC,mol_fadb5806094149e6,0.5,0.9523,0.9599714279174805,1.0918303728103638,450.4764404296875,CCSCC,mol_a7491cfbf016fee6,0.5,0.047699999999999965,0.04002858325839043,1.080864429473877,18.974395751953125,,,,,,,
state_31869d59ec757063ec42a34b,2c_a948b12e7b27db3902e0,2,binary_vle_english.xlsx,10.1016/j.jct.2009.04.006,unverified,0.5,isothermal,0.9285714285714286,isothermal,,,1.560005027968,1.5736196041107178,0.0,True,False,48,CCCCCl,mol_f7989a5c13417f20,0.069,0.65,0.6281768083572388,1.0985276699066162,13.04132080078125,O=C1CCCCC1,mol_09f0d60d139abab5,0.931,0.35,0.371823251247406,1.0010439157485962,0.6278175711631775,,,,,,,
state_31a63efc42d5632470390c3d,2c_4cc4055379eb0154120e,2,binary_vle_english.xlsx,10.1016/j.fluid.2010.01.006,unverified,0.5,isothermal,0.9629629629629629,isothermal,,,27.599996656256,27.65453338623047,0.0,True,False,48,CCCC,mol_fadb5806094149e6,0.0148,0.3243,0.3239861726760864,1.3438754081726074,450.4764404296875,CCSCC,mol_a7491cfbf016fee6,0.9852,0.6757,0.6760138273239136,1.0000680685043335,18.974395751953125,,,,,,,
state_32304febc10eb918ebad2f8f,2c_ea9da779580d9b792700,2,binary_vle_english.xlsx,10.1016/j.jct.2012.11.005,unverified,0.5,isothermal,0.9411764705882353,isothermal,,,42.529968714367996,43.94597625732422,0.0,True,False,48,CC(C)OC(C)C,mol_1a0ca8e5eeb68da8,0.571,0.565,0.5628381967544556,1.435524344444275,30.175607681274414,CO,mol_a85d32e4db2ff39c,0.42900000000000005,0.43500000000000005,0.4371618330478668,1.7943395376205444,24.957406997680664,,,,,,,
state_323433d7b7a91bf27b6b62a2,3c_a6f39dd395c2cfcf800d,3,ternary_vle_english.xlsx,10.1016/j.fluid.2009.01.016,unverified,0.5,isothermal,0.9333333333333333,isothermal,,,19.559991254015998,19.926010131835938,0.0,True,False,48,CC(=O)C(C)(C)C,mol_61a887e37d396488,0.2914,0.2485,0.20327448844909668,1.1207982301712036,12.401844024658203,CC(C)(C)CO,mol_dfb42f12fdc989ed,0.5554,0.19510000000000005,0.1577027589082718,1.0499635934829712,5.388644218444824,COC(C)(C)C,mol_b614d6fea320c179,0.1532,0.5564,0.6390227675437927,1.0090283155441284,82.37104034423828
state_328a85dd1a3e9bba76091a32,2c_b399893600891028146a,2,binary_vle_english.xlsx,10.1016/j.fluid.2016.10.024,unverified,0.5,isothermal,0.9523809523809523,isothermal,,,78.57007119923199,80.82223510742188,-7.62939453125e-06,True,False,48,CC(C)=O,mol_e04cf77cea7bbe66,0.554,0.872,0.8907965421676636,1.0734233856201172,121.0677719116211,CCC(C)O,mol_06affb0d2c6c8ff2,0.44599999999999995,0.128,0.10920341312885284,1.081408143043518,18.299638748168945,,,,,,,
state_32b0fbac6ebd0b52cfeee072,2c_c879fc0732268fc652fa,2,binary_vle_english.xlsx,10.1016/j.fluid.2011.06.001,passed,1.0,isothermal,0.9166666666666666,isothermal,,,10.550065624576,11.38258171081543,0.0,True,False,48,CC(C)OC(C)C,mol_1a0ca8e5eeb68da8,0.49219999999999997,0.5891,0.6419639587402344,0.9391275644302368,15.80830192565918,CCCCCl,mol_f7989a5c13417f20,0.5078,0.4109,0.3580361008644104,0.9828577637672424,8.16552734375,,,,,,,
state_33630fc7f67598b2f69234c3,2c_d498cbbd8f767d43f3e7,2,binary_vle_english.xlsx,10.1016/j.fluid.2011.06.001,unverified,0.5,isothermal,0.9230769230769231,isothermal,,,13.175049728128,14.130950927734375,0.0,True,False,48,CC(C)OC(C)C,mol_1a0ca8e5eeb68da8,0.4416,0.4314,0.4563378691673279,0.9237269759178162,15.80830192565918,CCC(C)Cl,mol_9f4835d3aad75f1c,0.5584,0.5686,0.5436621308326721,0.9829913973808289,13.99604606628418,,,,,,,
state_336b04e320d44eb7c5969b42,2c_6f361cb0ec8be0b0e6dd,2,binary_vle_english.xlsx,10.1016/j.jct.2012.11.005,unverified,0.5,isothermal,0.9166666666666666,isothermal,,,42.449975293568,43.242591857910156,-3.814697265625e-06,True,False,48,CC(C)OC(C)C,mol_1a0ca8e5eeb68da8,0.726,0.726,0.7612290382385254,1.1356769800186157,39.92414093017578,CCO,mol_f29e20f49d416e54,0.274,0.274,0.23877093195915222,1.9788364171981812,19.042882919311523,,,,,,,
state_33de483796d2dae8dfa0731c,2c_c830dc760c5163d2d27d,2,binary_vle_english.xlsx,10.1016/j.fluid.2011.05.011,unverified,0.5,isothermal,0.9285714285714286,isothermal,,,30.360036318591998,30.20001983642578,-1.9073486328125e-06,True,False,48,CC(C)CC(C)(C)C,mol_57615b5c3546c298,0.9828,0.9262,0.9548788070678711,1.0008049011230469,29.31844139099121,CC(C)CO,mol_015d21fca05fcd26,0.017199999999999993,0.07379999999999998,0.04512118548154831,6.01746129989624,13.165760040283203,,,,,,,
state_34a90f8b2fb69e57969c2036,2c_a948b12e7b27db3902e0,2,binary_vle_english.xlsx,10.1016/j.jct.2009.04.006,unverified,0.5,isothermal,0.9285714285714286,isothermal,,,3.060014990336,2.7732577323913574,-2.384185791015625e-07,True,False,48,CCCCCl,mol_f7989a5c13417f20,0.157,0.822,0.8081982135772705,1.0946791172027588,13.04132080078125,O=C1CCCCC1,mol_09f0d60d139abab5,0.843,0.17800000000000005,0.1918017864227295,1.0050363540649414,0.6278175711631775,,,,,,,
state_34b44d4d92b3fae1b38a6fe4,2c_d498cbbd8f767d43f3e7,2,binary_vle_english.xlsx,10.1016/j.fluid.2011.06.001,unverified,0.5,isothermal,0.9230769230769231,isothermal,,,13.225045616128,14.066064834594727,0.0,True,False,48,CC(C)OC(C)C,mol_1a0ca8e5eeb68da8,0.354,0.3468,0.36223751306533813,0.9104949831962585,15.80830192565918,CCC(C)Cl,mol_9f4835d3aad75f1c,0.646,0.6532,0.6377625465393066,0.9921873211860657,13.99604606628418,,,,,,,
state_3565a2663cd98479e6659b9d,3c_65250b1389afa8bc1bcc,3,ternary_vle_english.xlsx,10.1016/j.fluid.2013.01.020,unverified,0.5,isothermal,0.9655172413793104,isothermal,,,44.109972097535994,48.531646728515625,-3.814697265625e-06,True,False,48,CC(=O)C(C)C,mol_b650f1cc3cac74aa,0.10599999999999998,0.05930000000000002,0.054988693445920944,1.7525776624679565,14.36531925201416,CC(C)C(C)C,mol_7347d05012022dd9,0.3528,0.4834,0.48949921131134033,1.1204198598861694,60.09904861450195,CC(C)OC(C)C,mol_1a0ca8e5eeb68da8,0.5412,0.4573,0.4555121064186096,1.0231317281723022,39.92414093017578
state_35eb49c6de606e6ea0ed30c7,3c_65250b1389afa8bc1bcc,3,ternary_vle_english.xlsx,10.1016/j.fluid.2013.01.020,unverified,0.5,isothermal,0.9655172413793104,isothermal,,,45.549986994304,50.07171630859375,-3.814697265625e-06,True,False,48,CC(=O)C(C)C,mol_b650f1cc3cac74aa,0.13250000000000006,0.07089999999999996,0.06586907058954239,1.7327775955200195,14.36531925201416,CC(C)C(C)C,mol_7347d05012022dd9,0.4328,0.5726,0.5737487077713013,1.104483723640442,60.09904861450195,CC(C)OC(C)C,mol_1a0ca8e5eeb68da8,0.4347,0.3565,0.3603822588920593,1.039754033088684,39.92414093017578
state_364a76ce0208d0d2c4271441,2c_23001626ba9c10a2709a,2,binary_vle_english.xlsx,10.1016/j.fluid.2011.06.001,unverified,0.5,isothermal,0.9166666666666666,isothermal,,,13.255043148928001,16.113628387451172,0.0,True,False,48,CC(C)(C)Cl,mol_cbd731ac6eef5e90,0.0379,0.0827,0.056446608155965805,0.8489637970924377,28.268503189086914,CC(C)OC(C)C,mol_1a0ca8e5eeb68da8,0.9621,0.9173,0.9435533881187439,0.9996647834777832,15.80830192565918,,,,,,,
state_367ae1cdc7b85f010b80a8e0,2c_ab90a05e58432c71abba,2,binary_vle_english.xlsx,10.1016/j.fluid.2011.05.011,unverified,0.5,isothermal,0.9411764705882353,isothermal,,,22.719998020351998,21.844070434570312,0.0,True,False,48,CC(=O)CC(C)C,mol_0a895444a9f0f36b,0.7632,0.509,0.5277021527290344,1.0424959659576416,14.488042831420898,CC(C)CC(C)(C)C,mol_57615b5c3546c298,0.2368,0.491,0.47229787707328796,1.4860279560089111,29.31844139099121,,,,,,,
state_367d118b76e13d1b1e14e009,2c_8742372ba72e435a7962,2,binary_vle_english.xlsx,10.1016/j.fluid.2013.01.020,unverified,0.5,isothermal,0.9473684210526315,isothermal,,,14.110039494912,14.770492553710938,-9.5367431640625e-07,True,False,48,CC(=O)C(C)C,mol_b650f1cc3cac74aa,0.9971,0.9723,0.969757080078125,1.0000089406967163,14.36531925201416,CC(C)C(C)C,mol_7347d05012022dd9,0.0029,0.0277,0.030242929235100746,2.5630271434783936,60.09904861450195,,,,,,,
state_373b649a1e792aa31703560b,2c_8742372ba72e435a7962,2,binary_vle_english.xlsx,10.1016/j.fluid.2013.01.020,unverified,0.5,isothermal,0.9473684210526315,isothermal,,,18.459948395648002,19.50146484375,0.0,True,False,48,CC(=O)C(C)C,mol_b650f1cc3cac74aa,0.9606,0.7293000000000001,0.7087592482566833,1.0016318559646606,14.36531925201416,CC(C)C(C)C,mol_7347d05012022dd9,0.0394,0.2707,0.2912406623363495,2.3985867500305176,60.09904861450195,,,,,,,
state_37962d7b4121faeb48a115e3,2c_4cc4055379eb0154120e,2,binary_vle_english.xlsx,10.1016/j.fluid.2010.01.006,unverified,0.5,isothermal,0.9629629629629629,isothermal,,,189.40002246105598,194.7220458984375,1.52587890625e-05,True,False,48,CCCC,mol_fadb5806094149e6,0.349,0.9262,0.9343443512916565,1.1572431325912476,450.4764404296875,CCSCC,mol_a7491cfbf016fee6,0.651,0.07379999999999998,0.0656556487083435,1.0349950790405273,18.974395751953125,,,,,,,
state_3a1f7678247b8465d1fc1f93,2c_50cae961bcfb98dfb10a,2,binary_vle_english.xlsx,10.1016/j.fluid.2013.05.019,passed,1.0,full_state,0.5714285714285714,isothermal,,,101.330065929984,112.65669250488281,7.62939453125e-06,True,False,48,CC(C)=C(C)C,mol_ac85c03b48dc0205,0.999641,0.999835,0.9996401071548462,1.0,112.65660095214844,c1ccsc1,mol_7953343be0b435d5,0.000359,0.000165,0.000359851197572425,1.7027667760849,66.31784057617188,,,,,,,
state_3c9288598710c93de1fa8751,2c_b399893600891028146a,2,binary_vle_english.xlsx,10.1016/j.fluid.2016.10.024,unverified,0.5,isothermal,0.9523809523809523,isothermal,,,50.649967537408,49.16968536376953,0.0,True,False,48,CC(C)=O,mol_e04cf77cea7bbe66,0.247,0.712,0.7159790992736816,1.1772596836090088,121.0677719116211,CCC(C)O,mol_06affb0d2c6c8ff2,0.753,0.28800000000000003,0.28402087092399597,1.0134683847427368,18.299638748168945,,,,,,,
state_3ffb6eaada25d5ef7ff24cb4,2c_500953d4ef1e1d57286b,2,binary_vle_english.xlsx,10.1016/j.fluid.2012.10.015,unverified,0.5,isothermal,0.9333333333333333,isothermal,,,8.10000046784,7.9767656326293945,0.0,True,False,48,CCCCCl,mol_f7989a5c13417f20,0.2715,0.7164,0.7331070303916931,1.6515921354293823,13.04132080078125,CC[N+](=O)[O-],mol_6fdb0ec09de24512,0.7284999999999999,0.28359999999999996,0.2668929696083069,1.0654397010803223,2.7428719997406006,,,,,,,
state_4204b9c64d61359e6cc356d9,2c_98afb8e6c65a310db5e0,2,binary_vle_english.xlsx,10.1016/j.jct.2012.12.026,unverified,0.5,isothermal,0.9,isothermal,,,127.600038643072,145.01959228515625,0.0,True,False,48,F/C=C/C(F)(F)F,mol_0e763ba6787b2749,0.608,0.5860000000000001,0.6029862761497498,0.9985330104827881,144.03501892089844,FC(F)C(F)F,mol_fccff6221e62b4bc,0.392,0.414,0.39701372385025024,0.9657415747642517,152.0845947265625,,,,,,,
state_430c1c324a0052950aa3c09b,3c_485aadc678c8a7fb274c,3,ternary_vle_english.xlsx,10.1016/j.fluid.2011.05.011,unverified,0.5,isothermal,0.9642857142857143,isothermal,,,17.03993185408,16.516685485839844,0.0,True,False,48,CC(=O)CC(C)C,mol_0a895444a9f0f36b,0.6846,0.6052,0.6245656609535217,1.0400505065917969,14.488042831420898,CC(C)CC(C)(C)C,mol_57615b5c3546c298,0.0263,0.1152,0.1017148494720459,2.1787662506103516,29.31844139099121,CC(C)CO,mol_015d21fca05fcd26,0.2891,0.2796,0.2737194001674652,1.187775731086731,13.165760040283203
state_43409bc7b4611de08b0f50d4,2c_ea9da779580d9b792700,2,binary_vle_english.xlsx,10.1016/j.jct.2012.11.005,unverified,0.5,isothermal,0.9411764705882353,isothermal,,,39.559946322432,39.9320068359375,0.0,True,False,48,CC(C)OC(C)C,mol_1a0ca8e5eeb68da8,0.158,0.459,0.44242605566978455,3.7055160999298096,30.175607681274414,CO,mol_a85d32e4db2ff39c,0.842,0.5409999999999999,0.5575739741325378,1.059527039527893,24.957406997680664,,,,,,,
state_43ed945bcf8c2ded93fc4ff8,2c_500953d4ef1e1d57286b,2,binary_vle_english.xlsx,10.1016/j.fluid.2012.10.015,unverified,0.5,isothermal,0.9333333333333333,isothermal,,,5.990040671872,5.906391143798828,0.0,True,False,48,CCCCCl,mol_f7989a5c13417f20,0.1346,0.5685,0.5917562246322632,1.9911243915557861,13.04132080078125,CC[N+](=O)[O-],mol_6fdb0ec09de24512,0.8654,0.4315,0.4082437753677368,1.0158261060714722,2.7428719997406006,,,,,,,
state_443de5dfca35cedb4a11923e,3c_485aadc678c8a7fb274c,3,ternary_vle_english.xlsx,10.1016/j.fluid.2011.05.011,unverified,0.5,isothermal,0.9642857142857143,isothermal,,,16.10000915968,15.561700820922852,0.0,True,False,48,CC(=O)CC(C)C,mol_0a895444a9f0f36b,0.35229999999999995,0.39050000000000007,0.3817703127861023,1.1639567613601685,14.488042831420898,CC(C)CC(C)(C)C,mol_57615b5c3546c298,0.013,0.0798,0.06666245311498642,2.7217869758605957,29.31844139099121,CC(C)CO,mol_015d21fca05fcd26,0.6347,0.5297,0.5515672564506531,1.0271670818328857,13.165760040283203
state_448c8831a6ce21dfcb2c734b,2c_acf6c70dfacb27974826,2,binary_vle_english.xlsx,10.1016/j.fluid.2012.05.016,unverified,0.5,isothermal,0.9411764705882353,isothermal,,,17.240048728448002,16.655353546142578,-1.9073486328125e-06,True,False,48,CCCO,mol_5fb2f93dc8caa9dc,0.4041,0.3919,0.4154396057128906,1.3541978597640991,12.644181251525879,CCCOC(C)=O,mol_67043ae833ecd0c7,0.5959,0.6081,0.5845603346824646,1.1452945470809937,14.265684127807617,,,,,,,
state_4567d0e18b9a399f959bc969,2c_23001626ba9c10a2709a,2,binary_vle_english.xlsx,10.1016/j.fluid.2011.06.001,unverified,0.5,isothermal,0.9166666666666666,isothermal,,,14.490008243712,16.796733856201172,-1.9073486328125e-06,True,False,48,CC(C)(C)Cl,mol_cbd731ac6eef5e90,0.1126,0.2213,0.16713052988052368,0.8819406628608704,28.268503189086914,CC(C)OC(C)C,mol_1a0ca8e5eeb68da8,0.8874,0.7787,0.8328694701194763,0.997234046459198,15.80830192565918,,,,,,,
state_459e2941276fd62b46c38850,2c_b399893600891028146a,2,binary_vle_english.xlsx,10.1016/j.fluid.2016.10.024,unverified,0.5,isothermal,0.9523809523809523,isothermal,,,87.649991071872,91.29229736328125,-7.62939453125e-06,True,False,48,CC(C)=O,mol_e04cf77cea7bbe66,0.668,0.905,0.9246708154678345,1.043797492980957,121.0677719116211,CCC(C)O,mol_06affb0d2c6c8ff2,0.33199999999999996,0.09499999999999997,0.07532918453216553,1.131922721862793,18.299638748168945,,,,,,,
state_4625510ee3d4d815aabc49df,2c_500953d4ef1e1d57286b,2,binary_vle_english.xlsx,10.1016/j.fluid.2012.10.015,unverified,0.5,isothermal,0.9333333333333333,isothermal,,,11.749966936576,10.959360122680664,0.0,True,False,48,CCCCCl,mol_f7989a5c13417f20,0.6247,0.8715,0.8665530681610107,1.1657012701034546,13.04132080078125,CC[N+](=O)[O-],mol_6fdb0ec09de24512,0.37529999999999997,0.12849999999999995,0.13344691693782806,1.420723795890808,2.7428719997406006,,,,,,,
state_46388a00d00a92ac2a47431e,2c_500953d4ef1e1d57286b,2,binary_vle_english.xlsx,10.1016/j.fluid.2012.10.015,unverified,0.5,isothermal,0.9333333333333333,isothermal,,,10.830042597376,10.260702133178711,-9.5367431640625e-07,True,False,48,CCCCCl,mol_f7989a5c13417f20,0.5181,0.839,0.836987316608429,1.271044373512268,13.04132080078125,CC[N+](=O)[O-],mol_6fdb0ec09de24512,0.4819,0.16100000000000003,0.16301272809505463,1.2654240131378174,2.7428719997406006,,,,,,,
state_46942d21641d76e0e6655a55,2c_23001626ba9c10a2709a,2,binary_vle_english.xlsx,10.1016/j.fluid.2011.06.001,unverified,0.5,isothermal,0.9166666666666666,isothermal,,,17.214984123264,18.830238342285156,0.0,True,False,48,CC(C)(C)Cl,mol_cbd731ac6eef5e90,0.2926,0.4482,0.4150824248790741,0.9449591040611267,28.268503189086914,CC(C)OC(C)C,mol_1a0ca8e5eeb68da8,0.7074,0.5518000000000001,0.5849176049232483,0.9849183559417725,15.80830192565918,,,,,,,
state_47602eb6e707bca2ff89b904,2c_a948b12e7b27db3902e0,2,binary_vle_english.xlsx,10.1016/j.jct.2009.04.006,unverified,0.5,isothermal,0.9285714285714286,isothermal,,,12.270057494144,11.561737060546875,-9.5367431640625e-07,True,False,48,CCCCCl,mol_f7989a5c13417f20,0.88,0.992,0.9925023913383484,0.9998857378959656,13.04132080078125,O=C1CCCCC1,mol_09f0d60d139abab5,0.12,0.008000000000000007,0.007497626822441816,1.1506205797195435,0.6278175711631775,,,,,,,
state_47be34c72efbf9c672e42a54,2c_35c6612e2ad0f786d394,2,binary_vle_english.xlsx,10.1016/j.fluid.2016.02.018,unverified,0.5,isothermal,0.8,isothermal,,,7.60004158784,7.017207145690918,-4.76837158203125e-07,True,False,48,CCCCCCC,mol_fddb2c852c313396,0.1795,0.5688,0.5024937391281128,1.062408685684204,18.490081787109375,Cc1ccc(C)cc1,mol_e7658ba520613aac,0.8205,0.4312,0.4975062906742096,1.0045348405838013,4.235641956329346,,,,,,,
state_488181b823e460bccb0156f5,2c_b399893600891028146a,2,binary_vle_english.xlsx,10.1016/j.fluid.2016.10.024,unverified,0.5,isothermal,0.9523809523809523,isothermal,,,22.849987329152,21.858665466308594,-1.9073486328125e-06,True,False,48,CC(C)=O,mol_e04cf77cea7bbe66,0.026,0.211,0.1844600886106491,1.2809263467788696,121.0677719116211,CCC(C)O,mol_06affb0d2c6c8ff2,0.974,0.789,0.8155398964881897,1.0001550912857056,18.299638748168945,,,,,,,
state_48f3ab99458f59f62f8426f4,2c_50cae961bcfb98dfb10a,2,binary_vle_english.xlsx,10.1016/j.fluid.2013.05.019,passed,1.0,full_state,0.5714285714285714,isothermal,,,101.330065929984,112.65676879882812,7.62939453125e-06,True,False,48,CC(C)=C(C)C,mol_ac85c03b48dc0205,0.999319,0.999642,0.9993175864219666,1.0000001192092896,112.65660095214844,c1ccsc1,mol_7953343be0b435d5,0.000681,0.000358,0.0006824590382166207,1.7023797035217285,66.31784057617188,,,,,,,
state_4923df1e5d526f4e59b2111c,3c_a6f39dd395c2cfcf800d,3,ternary_vle_english.xlsx,10.1016/j.fluid.2009.01.016,unverified,0.5,isothermal,0.9333333333333333,isothermal,,,26.980047645055997,27.62378692626953,-1.9073486328125e-06,True,False,48,CC(=O)C(C)(C)C,mol_61a887e37d396488,0.2644,0.1592,0.13378265500068665,1.1270294189453125,12.401844024658203,CC(C)(C)CO,mol_dfb42f12fdc989ed,0.4825999999999999,0.12,0.10141237080097198,1.0772271156311035,5.388644218444824,COC(C)(C)C,mol_b614d6fea320c179,0.253,0.7208,0.7648049592971802,1.0137685537338257,82.37104034423828
state_492c69624fbd9be0dff3a294,2c_6f361cb0ec8be0b0e6dd,2,binary_vle_english.xlsx,10.1016/j.jct.2012.11.005,unverified,0.5,isothermal,0.9166666666666666,isothermal,,,36.780041627264,34.83666229248047,0.0,True,False,48,CC(C)OC(C)C,mol_1a0ca8e5eeb68da8,0.223,0.585,0.5502113103866577,2.1529088020324707,39.92414093017578,CCO,mol_f29e20f49d416e54,0.777,0.41500000000000004,0.4497886300086975,1.0589885711669922,19.042882919311523,,,,,,,
state_49ea6192220ccca275c43a20,2c_d498cbbd8f767d43f3e7,2,binary_vle_english.xlsx,10.1016/j.fluid.2011.06.001,unverified,0.5,isothermal,0.9230769230769231,isothermal,,,13.099989234944,14.240949630737305,0.0,True,False,48,CC(C)OC(C)C,mol_1a0ca8e5eeb68da8,0.5323,0.5197,0.5551064610481262,0.9394497275352478,15.80830192565918,CCC(C)Cl,mol_9f4835d3aad75f1c,0.4677,0.4803,0.44489356875419617,0.9678817987442017,13.99604606628418,,,,,,,
state_4a7ab4f02c498d259b1b105c,2c_ea9da779580d9b792700,2,binary_vle_english.xlsx,10.1016/j.jct.2012.11.005,unverified,0.5,isothermal,0.9411764705882353,isothermal,,,41.1499488832,42.22917175292969,0.0,True,False,48,CC(C)OC(C)C,mol_1a0ca8e5eeb68da8,0.829,0.587,0.6345100998878479,1.0711259841918945,30.175607681274414,CO,mol_a85d32e4db2ff39c,0.17100000000000004,0.41300000000000003,0.3654898405075073,3.61653208732605,24.957406997680664,,,,,,,
state_4b6e2c7ee4090008f273ef96,2c_23001626ba9c10a2709a,2,binary_vle_english.xlsx,10.1016/j.fluid.2011.06.001,unverified,0.5,isothermal,0.9166666666666666,isothermal,,,25.564964031103997,27.45960235595703,0.0,True,False,48,CC(C)(C)Cl,mol_cbd731ac6eef5e90,0.9359,0.966,0.9637119770050049,1.0002516508102417,28.268503189086914,CC(C)OC(C)C,mol_1a0ca8e5eeb68da8,0.06410000000000005,0.03400000000000003,0.03628799691796303,0.9833633899688721,15.80830192565918,,,,,,,
state_4b8bddd0b9c395ab16469b88,2c_23001626ba9c10a2709a,2,binary_vle_english.xlsx,10.1016/j.fluid.2011.06.001,unverified,0.5,isothermal,0.9166666666666666,isothermal,,,25.189928209919998,26.933494567871094,0.0,True,False,48,CC(C)(C)Cl,mol_cbd731ac6eef5e90,0.8948,0.9431,0.9396753311157227,1.0005568265914917,28.268503189086914,CC(C)OC(C)C,mol_1a0ca8e5eeb68da8,0.10519999999999996,0.05689999999999995,0.06032469868659973,0.9769827127456665,15.80830192565918,,,,,,,
state_4be3b445042a1879f0d1cc76,2c_e1c33e24ae7f6ab4d0bf,2,binary_vle_english.xlsx,10.1016/j.fluid.2010.01.024,unverified,0.5,isothermal,0.9375,isothermal,,,25.720017945088,24.411468505859375,0.0,True,False,48,CC[N+](=O)[O-],mol_6fdb0ec09de24512,0.6986,0.4114,0.4223628044128418,1.0206671953201294,14.459951400756836,ClCCCl,mol_e8df6c9e89c6b62a,0.3014,0.5886,0.5776371955871582,1.0614721775054932,44.07549285888672,,,,,,,
state_4d13fcffe44a66dd07e20644,3c_65250b1389afa8bc1bcc,3,ternary_vle_english.xlsx,10.1016/j.fluid.2013.01.020,unverified,0.5,isothermal,0.9655172413793104,isothermal,,,41.560048487168,43.704627990722656,0.0,True,False,48,CC(=O)C(C)C,mol_b650f1cc3cac74aa,0.5645,0.2215999999999999,0.21768078207969666,1.1731897592544556,14.36531925201416,CC(C)C(C)C,mol_7347d05012022dd9,0.3839,0.7274,0.7248388528823853,1.3730398416519165,60.09904861450195,CC(C)OC(C)C,mol_1a0ca8e5eeb68da8,0.0516,0.051,0.05748039111495018,1.219443917274475,39.92414093017578
state_4d66726dfadf8b70cd39827e,2c_23001626ba9c10a2709a,2,binary_vle_english.xlsx,10.1016/j.fluid.2011.06.001,unverified,0.5,isothermal,0.9166666666666666,isothermal,,,23.850038411519996,25.601444244384766,-1.9073486328125e-06,True,False,48,CC(C)(C)Cl,mol_cbd731ac6eef5e90,0.7929,0.8817,0.8763716816902161,1.000994086265564,28.268503189086914,CC(C)OC(C)C,mol_1a0ca8e5eeb68da8,0.20709999999999995,0.11829999999999996,0.12362837046384811,0.9667568206787109,15.80830192565918,,,,,,,
state_4e405c2a5861a9bb58b106fa,2c_8742372ba72e435a7962,2,binary_vle_english.xlsx,10.1016/j.fluid.2013.01.020,unverified,0.5,isothermal,0.9473684210526315,isothermal,,,13.730070746111998,14.365320205688477,-9.5367431640625e-07,True,False,48,CC(=O)C(C)C,mol_b650f1cc3cac74aa,1.0,1.0,1.0,1.0,14.36531925201416,CC(C)C(C)C,mol_7347d05012022dd9,0.0,0.0,0.0,2.576465368270874,60.09904861450195,,,,,,,
state_2aa7f4c71485bda865985b30,3c_2d8df0569d9d03284715,3,ternary_vle_english.xlsx,10.1016/j.fluid.2007.06.005,unverified,0.5,isobaric,0.9807692307692307,isobaric,343.96999999999997,344.36749267578125,,,-3.814697265625e-05,True,False,48,CC(C)CC(C)(C)C,mol_57615b5c3546c298,0.31299999999999994,0.2799999999999999,0.2964465916156769,2.2223236560821533,43.17216110229492,CCC(C)=O,mol_4cfc5db0ca2ab00b,0.157,0.162,0.15502482652664185,1.218692421913147,82.07604217529297,CCO,mol_f29e20f49d416e54,0.53,0.558,0.5485286116600037,1.3831253051757812,75.80029296875
state_2ae963a8f0c7c9e40b0b0d1c,2c_31c2824ab8cdf543aad1,2,binary_vle_english.xlsx,10.1016/j.fluid.2018.06.017,passed,1.0,isobaric,0.9375,isobaric,345.84999999999997,346.51953125,,,-6.103515625e-05,True,False,48,CC#N,mol_7028b7cbd3d829b4,0.413,0.434,0.42554450035095215,1.4213730096817017,73.43376922607422,CCO,mol_f29e20f49d416e54,0.587,0.5660000000000001,0.5744554996490479,1.1999996900558472,82.61255645751953,,,,,,,
state_2bc74e9ab62b78906b55641d,2c_165952a69a69e7a8d3f6,2,binary_vle_english.xlsx,10.1016/j.fluid.2007.06.005,unverified,0.5,isobaric,0.9545454545454546,isobaric,344.44,344.9375305175781,,,-3.814697265625e-05,True,False,48,CC(C)CC(C)(C)C,mol_57615b5c3546c298,0.348,0.352,0.3488444685935974,2.3078606128692627,43.99993896484375,CCO,mol_f29e20f49d416e54,0.652,0.648,0.6511555314064026,1.3044567108154297,77.55619049072266,,,,,,,
state_2c8cc4bff9724af9fa8f70f7,2c_34804c7fdf5c7dc9c9e5,2,binary_vle_english.xlsx,10.1016/j.fluid.2005.02.014,unverified,0.5,isobaric,0.9166666666666666,isobaric,316.27,316.6436767578125,,,3.0517578125e-05,True,False,48,C1CCOCC1,mol_626f3d1f5bbb6f55,0.067,0.0402,0.03852488100528717,0.9960163831710815,23.09195899963379,CC(C)CCl,mol_b6f57216bc07a08c,0.933,0.9598,0.961475133895874,1.0001280307769775,41.21559524536133,,,,,,,
state_2da69903a1676525e56c6275,2c_03bd4325b126d2709459,2,binary_vle_english.xlsx,10.1016/j.fluid.2011.10.009,unverified,0.5,isobaric,0.9333333333333333,isobaric,354.79999999999995,354.2158203125,,,0.00189208984375,True,False,48,C1CCCCC1,mol_893981623557f359,0.9390000000000001,0.995,0.9951397776603699,0.9998950362205505,107.3696060180664,CCCCCCCCC,mol_dd70207e50d8bf63,0.061,0.005,0.004860214423388243,0.9330025315284729,8.650875091552734,,,,,,,
state_2e1d374918bad7eb86899dfe,2c_a1a215858c9235f0cf6a,2,binary_vle_english.xlsx,10.1016/j.fluid.2015.03.013,unverified,0.5,isobaric,0.9666666666666667,isobaric,379.29999999999995,379.5882263183594,,,8.392333984375e-05,True,False,48,CC(=O)N(C)C,mol_b8ccf255e2b62919,0.19899999999999995,0.02100000000000002,0.01934480480849743,0.6101548671722412,16.13915252685547,CCC(C)O,mol_06affb0d2c6c8ff2,0.801,0.979,0.9806551337242126,0.965340793132782,128.47323608398438,,,,,,,
state_2e20a42f35851c8ea2c6cfae,3c_f6a2de3ac0acbac84e4f,3,ternary_vle_english.xlsx,10.1016/j.fluid.2005.01.007,unverified,0.5,isobaric,0.9818181818181818,isobaric,331.21,329.8643798828125,,,-2.288818359375e-05,True,False,48,CC(C)=O,mol_e04cf77cea7bbe66,0.698,0.766,0.7987416982650757,1.0569229125976562,109.67727661132812,CC(C)CC(C)(C)C,mol_57615b5c3546c298,0.052000000000000046,0.07199999999999995,0.049208804965019226,3.680422782897949,26.046586990356445,CCO,mol_f29e20f49d416e54,0.25,0.162,0.1520494967699051,1.4947936534881592,41.21665954589844
state_2f0ed63d1799aabee8cc3ada,2c_ba6de3f53ea6de13738b,2,binary_vle_english.xlsx,10.1016/j.fluid.2006.02.009,unverified,0.5,isobaric,0.9523809523809523,isobaric,334.80999999999995,335.01263427734375,,,0.000179290771484375,True,False,48,CCC(C)Cl,mol_9f4835d3aad75f1c,0.5139,0.8267,0.8208916187286377,1.0304855108261108,82.62169647216797,Cc1ccccc1,mol_1c09299644053521,0.4861,0.1733,0.1791084259748459,1.0210241079330444,19.234601974487305,,,,,,,
state_302de1ad4e8a9acf59bb55fb,2c_37c45ee575c800aa7033,2,binary_vle_english.xlsx,10.1016/j.fluid.2005.09.015,unverified,0.5,isobaric,0.9545454545454546,isobaric,389.9,389.4038391113281,,,0.0001068115234375,True,False,48,CC(=O)OCC(C)C,mol_e7eb29ad965cc8ee,1.0,1.0,1.0,1.0,101.30004119873047,CCCCOC(=O)CC,mol_a9c167bbb331e76a,0.0,0.0,0.0,0.988975465297699,36.95511245727539,,,,,,,
state_307139e2992ee1928b0ec8bd,3c_c1f86c0bca7d787912fb,3,ternary_vle_english.xlsx,10.1016/j.jct.2011.10.025,unverified,0.5,isobaric,0.9807692307692307,isobaric,351.03,351.6885681152344,,,8.392333984375e-05,True,False,48,C1CCOCC1,mol_626f3d1f5bbb6f55,0.048,0.025,0.03364452347159386,0.8913726806640625,79.6568832397461,CC(C)CC(C)(C)C,mol_57615b5c3546c298,0.46499999999999997,0.374,0.3805931806564331,1.5118545293807983,54.841278076171875,CC(C)O,mol_db030b5de88f8eaf,0.487,0.601,0.5857623815536499,1.429681658744812,85.22415161132812
state_30a9561710e7e8190a77ca2f,2c_94ed5d0a73a3c26e5ef5,2,binary_vle_english.xlsx,10.1016/j.fluid.2011.06.009,unverified,0.5,isobaric,0.9375,isobaric,307.53999999999996,305.9751892089844,,,0.0,True,False,48,CCO,mol_f29e20f49d416e54,0.84,0.855,0.8696008324623108,1.021927833557129,13.321271896362305,O,mol_e81dc06beaa39499,0.16000000000000003,0.14500000000000002,0.1303991675376892,1.9530004262924194,5.487541198730469,,,,,,,
state_30bb6719b061b72399e545e2,2c_784276d4500715f79c89,2,binary_vle_english.xlsx,10.1016/j.fluid.2011.11.020,passed,1.0,isobaric,0.9473684210526315,isobaric,356.84999999999997,359.3145751953125,,,-3.814697265625e-05,True,False,48,CCCCCCC,mol_fddb2c852c313396,0.3195,0.25239999999999996,0.27643612027168274,1.2799444198608398,68.49690246582031,c1ccsc1,mol_7953343be0b435d5,0.6805,0.7476,0.7235639095306396,1.07400643825531,100.31827545166016,,,,,,,
state_30d7285ae29d72341a5033be,3c_bd75ed1e70032dcf0b2e,3,ternary_vle_english.xlsx,10.1016/j.fluid.2014.09.021,unverified,0.5,isobaric,0.9444444444444444,isobaric,401.38,402.4792175292969,,,0.000274658203125,True,False,48,CCC(C)O,mol_06affb0d2c6c8ff2,0.188,0.394,0.38358238339424133,0.7263731956481934,284.5452575683594,CCC(C)OC(C)=O,mol_879306ab1082c162,0.085,0.234,0.2394343763589859,1.6617069244384766,171.7210235595703,CN(C)C=O,mol_ca12d6d2f2ffb170,0.727,0.372,0.37698328495025635,0.9815770387649536,53.51476287841797
state_3106feeb2faf09aa556fdc0f,3c_20e37ef734cab2512529,3,ternary_vle_english.xlsx,10.1016/j.fluid.2012.12.020,unverified,0.5,isobaric,0.9230769230769231,isobaric,375.71,376.0513610839844,,,0.001861572265625,True,False,48,CC(C)O,mol_db030b5de88f8eaf,0.3031,0.5264,0.6021884679794312,0.9582246541976929,209.41529846191406,CCCCCO,mol_243de2450bee5519,0.04800000000000004,0.16910000000000003,0.018519043922424316,1.61294686794281,24.1594181060791,CCCCO,mol_ad4ef9c6c876ca2f,0.6489,0.3045,0.37929245829582214,1.0095800161361694,58.47697830200195
state_31326a4811d7fdfdebaa89cd,2c_079ccab2da1cc47051a9,2,binary_vle_english.xlsx,10.1016/j.fluid.2006.02.009,unverified,0.5,isobaric,0.9523809523809523,isobaric,342.27,342.58514404296875,,,1.52587890625e-05,True,False,48,CCCCCl,mol_f7989a5c13417f20,0.5716,0.7893,0.7979692816734314,0.9915946125984192,75.03903198242188,Cc1ccccc1,mol_1c09299644053521,0.4284,0.2107,0.20203067362308502,0.983444094657898,25.55910301208496,,,,,,,
state_3196dc4e553d609d77c2ac49,2c_079ccab2da1cc47051a9,2,binary_vle_english.xlsx,10.1016/j.fluid.2006.02.009,unverified,0.5,isobaric,0.9523809523809523,isobaric,335.74,336.0724182128906,,,0.000213623046875,True,False,48,CCCCCl,mol_f7989a5c13417f20,0.8419,0.9416,0.9425504803657532,0.9983969926834106,59.768165588378906,Cc1ccccc1,mol_1c09299644053521,0.15810000000000002,0.05840000000000001,0.057449501007795334,0.9669113159179688,20.030733108520508,,,,,,,
state_331414ba720a68be95309514,3c_2d8df0569d9d03284715,3,ternary_vle_english.xlsx,10.1016/j.fluid.2007.06.005,unverified,0.5,isobaric,0.9807692307692307,isobaric,344.14,344.50927734375,,,9.918212890625e-05,True,False,48,CC(C)CC(C)(C)C,mol_57615b5c3546c298,0.29400000000000004,0.255,0.26821431517601013,2.1305224895477295,43.37685775756836,CCC(C)=O,mol_4cfc5db0ca2ab00b,0.263,0.256,0.24803631007671356,1.158770203590393,82.4464111328125,CCO,mol_f29e20f49d416e54,0.443,0.489,0.4837493896484375,1.4510362148284912,76.23388671875
state_33208059cf6003961c73d2b6,3c_6b60b4a3a536506a27ae,3,ternary_vle_english.xlsx,10.1016/j.fluid.2006.08.004,unverified,0.5,isobaric,0.9821428571428571,isobaric,339.34,339.6329650878906,,,7.62939453125e-06,True,False,48,CC(C)CC(C)(C)C,mol_57615b5c3546c298,0.14900000000000002,0.09099999999999997,0.0828900933265686,1.5321511030197144,36.781036376953125,CC(C)OC(C)C,mol_1a0ca8e5eeb68da8,0.498,0.527,0.5261891484260559,1.1659409999847412,91.80052947998047,CCO,mol_f29e20f49d416e54,0.353,0.382,0.3909207582473755,1.7953356504440308,62.48525619506836
state_34342672a36175dc1a84847a,2c_41231e1cce231dacd490,2,binary_vle_english.xlsx,10.1016/j.jct.2019.01.027,unverified,0.5,isobaric,0.9411764705882353,isobaric,363.34999999999997,362.3313293457031,,,0.00029754638671875,True,False,48,COC(=O)OC,mol_0ec85594f0f896ea,1.0,1.0,1.0,1.0,101.30023193359375,Cc1ccc(C)cc1,mol_e7658ba520613aac,0.0,0.0,0.0,1.126097321510315,20.495874404907227,,,,,,,
state_34382c27b6f2383208fbf289,2c_106af91fffdb87d7c4f6,2,binary_vle_english.xlsx,10.1016/j.fluid.2013.05.016,unverified,0.5,isobaric,0.9444444444444444,isobaric,383.4,384.70849609375,,,7.62939453125e-06,True,False,48,Cc1ccccc1,mol_1c09299644053521,1.0,1.0,1.0,1.0,101.29994201660156,Cc1ccccc1C,mol_61c4de85d258b45d,0.0,0.0,0.0,1.0011882781982422,37.24598693847656,,,,,,,
state_345c6d670d8a74edae62bb05,2c_b11dff0fda4f01349610,2,binary_vle_english.xlsx,10.1016/j.jct.2015.03.013,unverified,0.5,isobaric,0.8888888888888888,isobaric,369.09999999999997,369.5754699707031,,,7.62939453125e-06,True,False,48,COCCO,mol_d291b272a64498d9,0.48009999999999997,0.2884,0.25998327136039734,1.0253217220306396,39.34684371948242,O,mol_e81dc06beaa39499,0.5199,0.7116,0.740016758441925,1.1712334156036377,90.53878021240234,,,,,,,
state_348e3177083b8a43bce9360b,2c_f98cab4acf014d5210d4,2,binary_vle_english.xlsx,10.1016/j.fluid.2007.03.030,unverified,0.5,isobaric,0.9545454545454546,isobaric,369.75,370.55535888671875,,,0.00020599365234375,True,False,48,CCCO,mol_5fb2f93dc8caa9dc,1.0,1.0,1.0,1.0,101.30014038085938,CCOCCO,mol_ab8630148ae67e51,0.0,0.0,0.0,1.320518136024475,27.624332427978516,,,,,,,
state_3522936d14b4997fc53c0488,2c_9d8840ec979d73d48a37,2,binary_vle_english.xlsx,10.1016/j.fluid.2012.08.030,unverified,0.5,isobaric,0.9375,isobaric,398.19,396.1286926269531,,,1.52587890625e-05,True,False,48,CN1CCCC1=O,mol_f50e4145cb9a22d5,0.084,0.008,0.004927938338369131,0.5913215279579163,9.454866409301758,COCCO,mol_d291b272a64498d9,0.916,0.992,0.995072066783905,0.9882632493972778,104.75614166259766,,,,,,,
state_35783bd292087c4db5b00f24,2c_5904aa1d0c1e598f9ed3,2,binary_vle_english.xlsx,10.1016/j.fluid.2010.08.010,unverified,0.5,isobaric,0.9375,isobaric,353.15,354.45703125,,,1.52587890625e-05,True,False,48,CC#N,mol_7028b7cbd3d829b4,0.9767,0.9963,0.9953305721282959,1.000627875328064,97.36245727539062,CCCCCCO,mol_eb71ecc709e3f0dc,0.023299999999999987,0.0037000000000000366,0.0046694232150912285,3.7058827877044678,5.169798851013184,,,,,,,
state_36b8add15c3912b7d3473956,2c_7c57a80413db66443080,2,binary_vle_english.xlsx,10.1016/j.jct.2010.05.014,unverified,0.5,isobaric,0.9615384615384616,isobaric,394.54999999999995,394.48809814453125,,,0.00026702880859375,True,False,48,CCC(=O)O,mol_86c4db256d6270c6,1.0,1.0,1.0,1.0,53.3002815246582,CCCCCO,mol_243de2450bee5519,0.0,0.0,0.0,0.4627330005168915,50.95600128173828,,,,,,,
state_3701dbcd20b37189477e34a1,2c_784276d4500715f79c89,2,binary_vle_english.xlsx,10.1016/j.fluid.2011.11.020,passed,1.0,isobaric,0.9,isobaric,356.44,359.1129455566406,,,7.62939453125e-05,True,False,48,CCCCCCC,mol_fddb2c852c313396,0.07950000000000002,0.09140000000000004,0.0897710919380188,1.6814907789230347,68.04771423339844,c1ccsc1,mol_7953343be0b435d5,0.9205,0.9086,0.9102289080619812,1.0049959421157837,99.70137786865234,,,,,,,
state_3717c0c427bbac0bf20ce785,2c_c9ecb5bf12ebfafc6a51,2,binary_vle_english.xlsx,10.1016/j.fluid.2005.03.014,unverified,0.5,isobaric,0.9545454545454546,isobaric,391.13,390.9384765625,,,0.00031280517578125,True,False,48,CC(=O)OCC(C)C,mol_e7eb29ad965cc8ee,0.894,0.937,0.9439394474029541,1.0056039094924927,106.36289978027344,CN(C)C=O,mol_ca12d6d2f2ffb170,0.10599999999999998,0.06299999999999994,0.05606053024530411,1.4585587978363037,36.7314338684082,,,,,,,
state_383bb807315af88154a653ab,2c_c9ecb5bf12ebfafc6a51,2,binary_vle_english.xlsx,10.1016/j.fluid.2005.03.014,unverified,0.5,isobaric,0.9545454545454546,isobaric,391.89,392.006591796875,,,0.00051116943359375,True,False,48,CC(=O)OCC(C)C,mol_e7eb29ad965cc8ee,0.825,0.908,0.9094218611717224,1.0150527954101562,110.01050567626953,CN(C)C=O,mol_ca12d6d2f2ffb170,0.17500000000000004,0.09199999999999997,0.09057815372943878,1.3773000240325928,38.06871795654297,,,,,,,
state_38eb81550dfa9b900ca54f04,2c_784276d4500715f79c89,2,binary_vle_english.xlsx,10.1016/j.fluid.2011.11.020,passed,1.0,isobaric,0.9473684210526315,isobaric,356.72999999999996,359.3768615722656,,,4.57763671875e-05,True,False,48,CCCCCCC,mol_fddb2c852c313396,0.03169999999999995,0.04159999999999997,0.038762856274843216,1.8052690029144287,68.63617706298828,c1ccsc1,mol_7953343be0b435d5,0.9683,0.9584,0.9612371921539307,1.0008108615875244,100.50950622558594,,,,,,,
state_390eaa413f9972263426f505,3c_c1f86c0bca7d787912fb,3,ternary_vle_english.xlsx,10.1016/j.jct.2011.10.025,unverified,0.5,isobaric,0.9807692307692307,isobaric,352.2,352.5684814453125,,,0.0008087158203125,True,False,48,C1CCOCC1,mol_626f3d1f5bbb6f55,0.056,0.046,0.05011361837387085,1.1067012548446655,81.91246032714844,CC(C)CC(C)(C)C,mol_57615b5c3546c298,0.126,0.20699999999999996,0.20816724002361298,2.967215061187744,56.403419494628906,CC(C)O,mol_db030b5de88f8eaf,0.818,0.747,0.7417191863059998,1.041106104850769,88.22747802734375
state_392640f6ffd9bbec7563008f,3c_2cb16216a8c609b7ad27,3,ternary_vle_english.xlsx,10.1016/j.fluid.2005.09.015,unverified,0.5,isobaric,0.9767441860465116,isobaric,383.46999999999997,383.4499206542969,,,6.103515625e-05,True,False,48,CC(=O)OCC(C)C,mol_e7eb29ad965cc8ee,0.407,0.364,0.3617803454399109,1.0780272483825684,83.52764129638672,CC(C)CO,mol_015d21fca05fcd26,0.493,0.599,0.6059920787811279,1.1080327033996582,112.37686157226562,CCCCOC(=O)CC,mol_a9c167bbb331e76a,0.10000000000000009,0.03700000000000003,0.03222755715250969,1.091916799545288,29.898351669311523
state_398220da50b00454d863ce4a,2c_ba6de3f53ea6de13738b,2,binary_vle_english.xlsx,10.1016/j.fluid.2006.02.009,unverified,0.5,isobaric,0.9523809523809523,isobaric,328.10999999999996,328.23992919921875,,,0.0,True,False,48,CCC(C)Cl,mol_9f4835d3aad75f1c,0.7402,0.9284,0.9238531589508057,1.0085924863815308,65.95769500732422,Cc1ccccc1,mol_1c09299644053521,0.25980000000000003,0.0716,0.07614684104919434,1.0590219497680664,14.75146484375,,,,,,,
state_3a1f7678247b8465d1fc1f93,2c_50cae961bcfb98dfb10a,2,binary_vle_english.xlsx,10.1016/j.fluid.2013.05.019,passed,1.0,full_state,0.5714285714285714,isobaric,346.27,335.2316589355469,,,0.0002899169921875,True,False,48,CC(C)=C(C)C,mol_ac85c03b48dc0205,0.999641,0.999835,0.9997345805168152,1.0,101.33984375,c1ccsc1,mol_7953343be0b435d5,0.000359,0.000165,0.00026542184059508145,1.6443084478378296,45.56155014038086,,,,,,,
state_3a266ebac6211458e6a47eb3,2c_3c77d4a7763529aa395e,2,binary_vle_english.xlsx,10.1016/j.fluid.2007.06.005,unverified,0.5,isobaric,0.9523809523809523,isobaric,347.47999999999996,346.9012756347656,,,0.00098419189453125,True,False,48,CCC(C)=O,mol_4cfc5db0ca2ab00b,0.509,0.505,0.5144512057304382,1.1516519784927368,88.90342712402344,CCO,mol_f29e20f49d416e54,0.491,0.495,0.48554882407188416,1.1943650245666504,83.87406921386719,,,,,,,
state_3ae4abcd509d70ec6ba20a0c,3c_6b60b4a3a536506a27ae,3,ternary_vle_english.xlsx,10.1016/j.fluid.2006.08.004,unverified,0.5,isobaric,0.9821428571428571,isobaric,339.78,340.0279541015625,,,4.57763671875e-05,True,False,48,CC(C)CC(C)(C)C,mol_57615b5c3546c298,0.1499999999999999,0.10899999999999999,0.0962756797671318,1.7439414262771606,37.28230667114258,CC(C)OC(C)C,mol_1a0ca8e5eeb68da8,0.394,0.451,0.4611365497112274,1.2768230438232422,92.85643005371094,CCO,mol_f29e20f49d416e54,0.456,0.44,0.44258779287338257,1.5480244159698486,63.51351547241211
state_3c183c9a08b41a761d844d24,3c_2254869a6d8c8579192d,3,ternary_vle_english.xlsx,10.1016/j.fluid.2015.01.005,unverified,0.5,isobaric,0.9545454545454546,isobaric,360.44,360.2865905761719,,,0.0,True,False,48,CN1CCCC1=O,mol_f50e4145cb9a22d5,0.20079999999999998,0.0022999999999999687,0.004584033973515034,1.0341496467590332,2.2361960411071777,c1ccccc1,mol_7165dcf6be1f831d,0.7159,0.9092,0.9066389203071594,1.011480450630188,126.83341217041016,c1ccsc1,mol_7953343be0b435d5,0.0833,0.0885,0.0887770727276802,1.0447490215301514,103.3363265991211
state_3c5c0eed2d365ca0eb462977,2c_7b12ee2d0e35e39326bc,2,binary_vle_english.xlsx,10.1016/j.fluid.2011.08.007,unverified,0.5,isobaric,0.9642857142857143,isobaric,330.96,331.1745910644531,,,-7.62939453125e-06,True,False,48,CCOCCO,mol_ab8630148ae67e51,0.139,0.010000000000000009,0.009079532697796822,0.9244926571846008,4.709885597229004,CO,mol_a85d32e4db2ff39c,0.861,0.99,0.9909204840660095,0.9924169778823853,77.30482482910156,,,,,,,
state_3ca5e196ecdcb72f8707662d,2c_d66c7a74cea5d8732e08,2,binary_vle_english.xlsx,10.1016/j.jct.2006.04.006,unverified,0.5,isobaric,0.8947368421052632,isobaric,353.16999999999996,353.5330505371094,,,1.52587890625e-05,True,False,48,CC(C)O,mol_db030b5de88f8eaf,0.691,0.687,0.6995965242385864,1.1193687915802002,91.62323760986328,O,mol_e81dc06beaa39499,0.30900000000000005,0.31299999999999994,0.3004034459590912,2.0058586597442627,49.0970458984375,,,,,,,
state_3cf1cb1dcd03df2b5f4594c7,2c_7b12ee2d0e35e39326bc,2,binary_vle_english.xlsx,10.1016/j.fluid.2011.08.007,unverified,0.5,isobaric,0.9642857142857143,isobaric,335.89,336.3456726074219,,,0.0005645751953125,True,False,48,CCOCCO,mol_ab8630148ae67e51,0.30000000000000004,0.027000000000000024,0.026820164173841476,0.9796133041381836,6.083511829376221,CO,mol_a85d32e4db2ff39c,0.7,0.973,0.973179817199707,0.9777841567993164,94.78091430664062,,,,,,,
state_3d58caf2f2da878397beed9c,2c_ca2ff513d4ae36f2f8e1,2,binary_vle_english.xlsx,10.1016/j.jct.2017.06.014,unverified,0.5,isobaric,0.9130434782608695,isobaric,360.85999999999996,362.04571533203125,,,0.00125885009765625,True,False,48,CCCO,mol_5fb2f93dc8caa9dc,0.33,0.416,0.3898058831691742,1.648677110671997,72.57940673828125,O,mol_e81dc06beaa39499,0.6699999999999999,0.5840000000000001,0.6101941466331482,1.3489240407943726,68.39435577392578,,,,,,,
state_3df49c0b0323e098b8c358c5,2c_ba6de3f53ea6de13738b,2,binary_vle_english.xlsx,10.1016/j.fluid.2006.02.009,unverified,0.5,isobaric,0.9523809523809523,isobaric,325.82,325.75347900390625,,,3.814697265625e-05,True,False,48,CCC(C)Cl,mol_9f4835d3aad75f1c,0.8389,0.9505,0.9563983678817749,1.003061056137085,60.57994079589844,Cc1ccccc1,mol_1c09299644053521,0.16110000000000002,0.04949999999999999,0.04360164701938629,1.0809698104858398,13.345088005065918,,,,,,,
state_3e002eb7e443c2648807fa5c,2c_6ce3ca627d5d8bfa6a1b,2,binary_vle_english.xlsx,10.1016/j.fluid.2018.07.013,unverified,0.5,isobaric,0.9047619047619048,isobaric,332.45,332.7628173828125,,,-7.62939453125e-06,True,False,48,CCCCCC,mol_c55e04e90e298cf6,0.6924,0.6321,0.6417883634567261,1.2301024198532104,76.331298828125,CCO,mol_f29e20f49d416e54,0.3076,0.3679,0.35821157693862915,2.523280620574951,46.75164794921875,,,,,,,
state_3e2ac979597ab27e9731fe36,2c_7c6b847ee4cb190db3ef,2,binary_vle_english.xlsx,10.1016/j.fluid.2005.06.024,unverified,0.5,isobaric,0.9666666666666667,isobaric,353.75,351.9804382324219,,,6.103515625e-05,True,False,48,CCC(C)=O,mol_4cfc5db0ca2ab00b,0.9688,0.9939,0.9939942955970764,0.9997446537017822,103.98663330078125,CCOC(=O)OCC,mol_4df2781fcf4d4a77,0.031200000000000006,0.006099999999999994,0.006005723495036364,0.9742160439491272,20.020381927490234,,,,,,,
state_3e64a5db744b6cf44cba8b62,2c_0537ca75f0252274a31e,2,binary_vle_english.xlsx,10.1016/j.jct.2013.12.021,unverified,0.5,isobaric,0.9565217391304348,isobaric,337.95,338.329833984375,,,0.000244140625,True,False,48,CCC(C)O,mol_06affb0d2c6c8ff2,0.012599999999999945,0.0030000000000000027,0.0029205901082605124,1.0057225227355957,23.354000091552734,CO,mol_a85d32e4db2ff39c,0.9874,0.997,0.9970794320106506,1.0000240802764893,102.32117462158203,,,,,,,
state_3e80bffbad2c875ac7e523ba,3c_954c33e76e33ef115670,3,ternary_vle_english.xlsx,10.1016/j.fluid.2006.07.003,unverified,0.5,isobaric,0.9761904761904762,isobaric,361.44,362.4659729003906,,,0.0003204345703125,True,False,48,CCCCCO,mol_243de2450bee5519,0.09699999999999998,0.019000000000000017,0.017251061275601387,1.3567249774932861,13.27892017364502,CCCO,mol_5fb2f93dc8caa9dc,0.172,0.218,0.22436660528182983,1.7902604341506958,73.81150817871094,CCCOCCC,mol_e13b90e4aa2e917d,0.731,0.763,0.7583823800086975,1.069169282913208,98.29579162597656
state_3fbf9234005a2a73f4a84c60,2c_e0ef8174c7b6fc15273a,2,binary_vle_english.xlsx,10.1016/j.fluid.2005.06.024,unverified,0.5,isobaric,0.9743589743589743,isobaric,334.60999999999996,333.7978820800781,,,0.00032806396484375,True,False,48,CC(C)=O,mol_e04cf77cea7bbe66,0.8253,0.9859,0.984882116317749,0.9797148108482361,123.4214859008789,CCOC(=O)OCC,mol_4df2781fcf4d4a77,0.17469999999999997,0.014100000000000001,0.015117847360670567,0.9389181733131409,9.33871841430664,,,,,,,
state_3fd17d6c2bce1de43b918514,3c_c1f86c0bca7d787912fb,3,ternary_vle_english.xlsx,10.1016/j.jct.2011.10.025,unverified,0.5,isobaric,0.9807692307692307,isobaric,351.26,351.75946044921875,,,0.0001373291015625,True,False,48,C1CCOCC1,mol_626f3d1f5bbb6f55,0.055,0.037,0.04345337674021721,1.00246262550354,79.836669921875,CC(C)CC(C)(C)C,mol_57615b5c3546c298,0.22199999999999998,0.2829999999999999,0.28185421228408813,2.3398520946502686,54.965843200683594,CC(C)O,mol_db030b5de88f8eaf,0.723,0.68,0.6746923923492432,1.1061137914657593,85.4628677368164
state_3fd5d9115bbd63b5ddacc904,2c_1f5028f9412924c6aa2e,2,binary_vle_english.xlsx,10.1016/j.fluid.2005.02.014,passed,1.0,isobaric,0.9285714285714286,isobaric,327.21,329.02239990234375,,,0.00125885009765625,True,False,48,C1CCOCC1,mol_626f3d1f5bbb6f55,0.1427,0.0426,0.05684776231646538,1.0949808359146118,36.85508728027344,CC(C)(C)Cl,mol_cbd731ac6eef5e90,0.8573,0.9574,0.9431522488594055,1.004575490951538,110.93816375732422,,,,,,,
state_40117a7b77dc392b1b7162d4,2c_5904aa1d0c1e598f9ed3,2,binary_vle_english.xlsx,10.1016/j.fluid.2010.08.010,unverified,0.5,isobaric,0.9375,isobaric,352.54999999999995,353.93194580078125,,,1.52587890625e-05,True,False,48,CC#N,mol_7028b7cbd3d829b4,1.0,1.0,1.0,1.0,95.60002136230469,CCCCCCO,mol_eb71ecc709e3f0dc,0.0,0.0,0.0,3.9089691638946533,5.039724826812744,,,,,,,
state_41077e50d7b97babbe4a64c4,2c_b0bc67c353a1662f4845,2,binary_vle_english.xlsx,10.1016/j.fluid.2012.09.019,passed,1.0,isobaric,0.9285714285714286,isobaric,360.62,362.4599304199219,,,0.0001583099365234375,True,False,48,CCCCCCCCCC,mol_91b5da48af8329ea,0.042,0.013,0.013197940774261951,1.1153391599655151,5.634850025177002,Cc1ccc(C)cc1,mol_e7658ba520613aac,0.958,0.987,0.9868021011352539,1.0005155801773071,20.590795516967773,,,,,,,
state_417e6a59e698deb4d0fb6efb,2c_cf0c7a81519bf48241a1,2,binary_vle_english.xlsx,10.1016/j.fluid.2007.03.030,unverified,0.5,isobaric,0.9545454545454546,isobaric,363.63,364.2399597167969,,,0.0004119873046875,True,False,48,CCCOCCC,mol_e13b90e4aa2e917d,0.937,0.959,0.9643257260322571,1.005393624305725,103.69528198242188,CCOCCO,mol_ab8630148ae67e51,0.06299999999999994,0.041000000000000036,0.035674236714839935,2.6875476837158203,21.343660354614258,,,,,,,
state_41b4c0a222e7d19ecc4562d8,2c_5e274a8981b66e0477e8,2,binary_vle_english.xlsx,10.1016/j.fluid.2005.02.014,passed,1.0,isobaric,0.9166666666666666,isobaric,317.65,317.1734619140625,,,2.6702880859375e-05,True,False,48,C1CCOCC1,mol_626f3d1f5bbb6f55,0.2116,0.1134,0.12025436758995056,0.9642087817192078,23.576257705688477,CCC(C)Cl,mol_9f4835d3aad75f1c,0.7884,0.8866,0.879745602607727,0.9982675313949585,44.71202087402344,,,,,,,
state_41c4be75df029ba11ce8ca28,2c_f4a55bc5fa0e7d69faf8,2,binary_vle_english.xlsx,10.1016/j.fluid.2012.12.021,unverified,0.5,isobaric,0.9545454545454546,isobaric,340.09,338.7583312988281,,,6.103515625e-05,True,False,48,C1CCOCC1,mol_626f3d1f5bbb6f55,0.904,0.938,0.9430010914802551,1.0035808086395264,51.97113037109375,CCC(C)O,mol_06affb0d2c6c8ff2,0.096,0.062,0.05699891224503517,1.2462002038955688,23.82200050354004,,,,,,,
state_42aebc81c4879fc2a4d98a86,3c_50c0ded265c297b30405,3,ternary_vle_english.xlsx,10.1016/j.fluid.2015.03.013,unverified,0.5,isobaric,0.9333333333333333,isobaric,397.9,398.1785888671875,,,5.340576171875e-05,True,False,48,CC(=O)N(C)C,mol_b8ccf255e2b62919,0.587,0.18599999999999994,0.17082972824573517,0.949466347694397,31.049541473388672,CCC(C)O,mol_06affb0d2c6c8ff2,0.253,0.449,0.4632163345813751,0.7515749335289001,246.77459716796875,CCC(C)OC(C)=O,mol_879306ab1082c162,0.16,0.365,0.3659539818763733,1.5307403802871704,151.3611297607422
state_4338ea40b1feb1ed49a005f1,2c_94ed5d0a73a3c26e5ef5,2,binary_vle_english.xlsx,10.1016/j.fluid.2011.06.009,unverified,0.5,isobaric,0.9375,isobaric,307.45,305.7316589355469,,,2.002716064453125e-05,True,False,48,CCO,mol_f29e20f49d416e54,0.947,0.947,0.9498568177223206,1.0024977922439575,13.156811714172363,O,mol_e81dc06beaa39499,0.05300000000000005,0.05300000000000005,0.05014312267303467,2.2967774868011475,5.416796684265137,,,,,,,
state_436b67099a9ef2588e6787ae,2c_e8b98868a6b90d408930,2,binary_vle_english.xlsx,10.1016/j.fluid.2015.09.039,unverified,0.5,isobaric,0.96875,isobaric,427.25,425.9976806640625,,,7.62939453125e-06,True,False,48,CN(C)C=O,mol_ca12d6d2f2ffb170,0.912,0.971,0.9721983075141907,0.9982646703720093,108.17416381835938,CS(C)=O,mol_7d3e12eaed0f467c,0.08799999999999997,0.029000000000000026,0.027801692485809326,0.9078933596611023,35.250308990478516,,,,,,,
state_446ffb8fc9becc10c3dcc589,2c_74a658fab9cc22057bbd,2,binary_vle_english.xlsx,10.1016/j.jct.2019.03.036,unverified,0.5,isobaric,0.9473684210526315,isobaric,376.27,376.24725341796875,,,0.000244140625,True,False,48,CCCOC(C)=O,mol_67043ae833ecd0c7,0.9266,0.9901,0.9903696775436401,1.005742073059082,107.65361785888672,CS(C)=O,mol_7d3e12eaed0f467c,0.07340000000000002,0.00990000000000002,0.009630327112972736,2.084935426712036,6.374741554260254,,,,,,,
state_454470c20a6d3d83d84731c2,2c_1423cf5c6cbb9a123e33,2,binary_vle_english.xlsx,10.1016/j.fluid.2008.09.010,unverified,0.5,isobaric,0.9375,isobaric,351.75,350.6280212402344,,,0.0,True,False,48,CC(=O)O,mol_9ac385b135af0125,0.8025,0.9976,0.9986358880996704,0.716892659664154,23.13860511779785,CS(C)=O,mol_7d3e12eaed0f467c,0.1975,0.0023999999999999577,0.0013641187688335776,0.04210373014211655,2.186722755432129,,,,,,,
state_45b9223651c8a1feda4a51e4,2c_165952a69a69e7a8d3f6,2,binary_vle_english.xlsx,10.1016/j.fluid.2005.01.007,unverified,0.5,isobaric,0.9545454545454546,isobaric,344.46999999999997,344.95831298828125,,,-3.0517578125e-05,True,False,48,CC(C)CC(C)(C)C,mol_57615b5c3546c298,0.403,0.36,0.3547014892101288,2.0253515243530273,44.03036880493164,CCO,mol_f29e20f49d416e54,0.597,0.64,0.6452985405921936,1.4109207391738892,77.62086486816406,,,,,,,
state_465d9686ce806e9378d8ad5f,2c_dc191206ee879c89c4e5,2,binary_vle_english.xlsx,10.1016/j.jct.2003.09.001,unverified,0.5,isobaric,0.9285714285714286,isobaric,347.02,345.4676208496094,,,-3.814697265625e-06,True,False,48,C1COCCO1,mol_d365f2fae67d24f2,0.881,0.9241,0.9150959849357605,1.0056005716323853,41.31669998168945,CC(C)CO,mol_015d21fca05fcd26,0.119,0.07589999999999997,0.08490403741598129,1.2102657556533813,23.580934524536133,,,,,,,
state_48f3ab99458f59f62f8426f4,2c_50cae961bcfb98dfb10a,2,binary_vle_english.xlsx,10.1016/j.fluid.2013.05.019,passed,1.0,full_state,0.5714285714285714,isobaric,346.27,335.2401428222656,,,0.00031280517578125,True,False,48,CC(C)=C(C)C,mol_ac85c03b48dc0205,0.999319,0.999642,0.9994964599609375,1.0000001192092896,101.34835815429688,c1ccsc1,mol_7953343be0b435d5,0.000681,0.000358,0.0005035388167016208,1.643983244895935,45.57514953613281,,,,,,,
state_4904a686e0bfdb0877956ce1,2c_0cbe98474ca1c811520c,2,binary_vle_english.xlsx,10.1016/j.fluid.2006.08.004,unverified,0.5,isobaric,0.9473684210526315,isobaric,343.57,344.8154602050781,,,0.0,True,False,48,CC(C)CC(C)(C)C,mol_57615b5c3546c298,0.10199999999999998,0.04600000000000004,0.054061032831668854,1.225195050239563,43.82158660888672,CC(C)OC(C)C,mol_1a0ca8e5eeb68da8,0.898,0.954,0.9459389448165894,1.0025029182434082,106.44132995605469,,,,,,,
state_493315baba6f4ad6e79f9cfa,3c_e0e1cd9a389a64136bfe,3,ternary_vle_english.xlsx,10.1016/j.fluid.2013.10.060,unverified,0.5,isobaric,0.9736842105263158,isobaric,332.10999999999996,333.8384094238281,,,0.00116729736328125,True,False,48,C1CCOCC1,mol_626f3d1f5bbb6f55,0.11299999999999999,0.050999999999999934,0.06908605247735977,1.3122718334197998,43.794681549072266,CCCCCC,mol_c55e04e90e298cf6,0.773,0.675,0.6943346858024597,1.0668588876724243,79.14356994628906,CCO,mol_f29e20f49d416e54,0.114,0.274,0.23657925426959991,3.984208822250366,48.962425231933594
state_4965e0af23b7ff0f9aa26dba,2c_70d91a5b69e7fd494bfd,2,binary_vle_english.xlsx,10.1016/j.jct.2004.09.009,unverified,0.5,isobaric,0.9696969696969697,isobaric,352.28999999999996,352.7696533203125,,,0.00109100341796875,True,False,48,CC(C)O,mol_db030b5de88f8eaf,0.7177,0.6813,0.6802263855934143,1.0796732902526855,88.92666625976562,COC(=O)OC,mol_0ec85594f0f896ea,0.2823,0.3187,0.3197736144065857,1.5586881637573242,73.61839294433594,,,,,,,
state_49bd140f7b9b3226aa874bfe,2c_74caf60139062b8ca437,2,binary_vle_english.xlsx,10.1016/j.fluid.2010.08.010,unverified,0.5,isobaric,0.9411764705882353,isobaric,415.45,416.3369445800781,,,1.52587890625e-05,True,False,48,CCCCCCO,mol_eb71ecc709e3f0dc,0.0,0.0,0.0,0.9117853045463562,66.39549255371094,Cc1ccccc1C,mol_61c4de85d258b45d,1.0,1.0,1.0,1.0,95.60002136230469,,,,,,,
state_49e7156d53925b8b76e25481,2c_ce7e822d00d743846419,2,binary_vle_english.xlsx,10.1016/j.fluid.2005.07.010,unverified,0.5,isobaric,0.9629629629629629,isobaric,353.54999999999995,353.3883056640625,,,0.0013427734375,True,False,48,CC(=O)O,mol_9ac385b135af0125,0.13560000000000005,0.018900000000000028,0.03935275599360466,1.1316174268722534,25.985923767089844,CCOC(C)=O,mol_18876b584acc43d4,0.8644,0.9811,0.9606472253799438,1.0075902938842773,111.76029205322266,,,,,,,
state_4a3c9eead781d4d2d88a77ab,2c_30c0b771d8db238964cd,2,binary_vle_english.xlsx,10.1016/j.jct.2003.09.001,unverified,0.5,isobaric,0.9285714285714286,isobaric,323.03999999999996,321.39324951171875,,,1.9073486328125e-05,True,False,48,C1COCO1,mol_7a351e48494919fc,0.9547,0.9486,0.9560067057609558,1.0014489889144897,39.99685287475586,CC(C)(C)O,mol_9c31aaa032950e85,0.04530000000000001,0.0514,0.04399330914020538,1.6649386882781982,23.331939697265625,,,,,,,
state_4b1cd7c7ec07b73dece54a05,2c_d66c7a74cea5d8732e08,2,binary_vle_english.xlsx,10.1016/j.fluid.2014.02.006,unverified,0.5,isobaric,0.9411764705882353,isobaric,353.22999999999996,353.54278564453125,,,3.0517578125e-05,True,False,48,CC(C)O,mol_db030b5de88f8eaf,0.741,0.725,0.7277432680130005,1.0854214429855347,91.65811157226562,O,mol_e81dc06beaa39499,0.259,0.275,0.2722567319869995,2.1680245399475098,49.11610794067383,,,,,,,
state_4bf3358c5fc61f0c5fc341e4,2c_94ed5d0a73a3c26e5ef5,2,binary_vle_english.xlsx,10.1016/j.fluid.2011.06.009,unverified,0.5,isobaric,0.9375,isobaric,307.47999999999996,305.7471618652344,,,2.193450927734375e-05,True,False,48,CCO,mol_f29e20f49d416e54,0.934,0.934,0.9388282895088196,1.003854751586914,13.167229652404785,O,mol_e81dc06beaa39499,0.06599999999999995,0.06599999999999995,0.061171676963567734,2.248180866241455,5.421272277832031,,,,,,,
state_4c52d599276aac5460fa206f,3c_61bfd4ccc52903a74083,3,ternary_vle_english.xlsx,10.1016/j.fluid.2007.03.030,unverified,0.5,isobaric,0.9761904761904762,isobaric,359.78,361.8911437988281,,,0.00058746337890625,True,False,48,CCCO,mol_5fb2f93dc8caa9dc,0.505,0.62,0.5009132623672485,1.3930360078811646,72.1307601928711,CCCOCCC,mol_e13b90e4aa2e917d,0.406,0.352,0.47589755058288574,1.2292444705963135,96.59638977050781,CCOCCO,mol_ab8630148ae67e51,0.08899999999999997,0.028000000000000025,0.02318921498954296,1.3642680644989014,19.34674835205078
state_4d1502b680909b90e904d2f6,2c_f84a6616de8e67ab84b6,2,binary_vle_english.xlsx,10.1016/j.fluid.2005.06.019,unverified,0.5,isobaric,0.96,isobaric,382.03999999999996,382.05255126953125,,,0.0001220703125,True,False,48,CC(C)CO,mol_015d21fca05fcd26,0.941,0.991,0.9906415343284607,0.9995824098587036,106.6885986328125,CCCCCCO,mol_eb71ecc709e3f0dc,0.05900000000000005,0.009000000000000008,0.009358489885926247,0.8988980054855347,17.875286102294922,,,,,,,
state_4d6c7374676108c9ade33961,2c_d66c7a74cea5d8732e08,2,binary_vle_english.xlsx,10.1016/j.fluid.2017.09.010,unverified,0.5,isobaric,0.9473684210526315,isobaric,353.2,353.4819641113281,,,-6.866455078125e-05,True,False,48,CC(C)O,mol_db030b5de88f8eaf,0.6652,0.6778,0.685790479183197,1.1387304067611694,91.44062042236328,O,mol_e81dc06beaa39499,0.3348,0.32220000000000004,0.31420955061912537,1.934569001197815,48.99713134765625,,,,,,,
state_4e4fea80427d463f2f80015f,2c_8742372ba72e435a7962,2,binary_vle_english.xlsx,10.1016/j.fluid.2013.01.020,unverified,0.5,isothermal,0.9473684210526315,isothermal,,,16.07001162688,16.848575592041016,-1.9073486328125e-06,True,False,48,CC(=O)C(C)C,mol_b650f1cc3cac74aa,0.9817,0.8468,0.8373078107833862,1.0003551244735718,14.36531925201416,CC(C)C(C)C,mol_7347d05012022dd9,0.0183,0.1532,0.16269220411777496,2.4923622608184814,60.09904861450195,,,,,,,
state_4fccf93d5524fb587fe4194d,2c_4cc4055379eb0154120e,2,binary_vle_english.xlsx,10.1016/j.fluid.2010.01.006,unverified,0.5,isothermal,0.9629629629629629,isothermal,,,422.700034290048,446.6761474609375,3.0517578125e-05,True,False,48,CCCC,mol_fadb5806094149e6,0.991,0.9991,0.9994584918022156,1.0000271797180176,450.4764404296875,CCSCC,mol_a7491cfbf016fee6,0.009000000000000008,0.0009000000000000119,0.0005414960323832929,1.4163728952407837,18.974395751953125,,,,,,,
state_5068e96e4de7f034dfca31d0,2c_e1c33e24ae7f6ab4d0bf,2,binary_vle_english.xlsx,10.1016/j.fluid.2010.01.024,unverified,0.5,isothermal,0.9375,isothermal,,,42.130001610368,40.473960876464844,0.0,True,False,48,CC[N+](=O)[O-],mol_6fdb0ec09de24512,0.13070000000000004,0.05700000000000005,0.05211053416132927,1.1159861087799072,14.459951400756836,ClCCCl,mol_e8df6c9e89c6b62a,0.8693,0.943,0.9478894472122192,1.001305341720581,44.07549285888672,,,,,,,
state_51382698bbaf894b70127a9e,2c_6f361cb0ec8be0b0e6dd,2,binary_vle_english.xlsx,10.1016/j.jct.2012.11.005,unverified,0.5,isothermal,0.9166666666666666,isothermal,,,41.0999529952,40.4046745300293,0.0,True,False,48,CC(C)OC(C)C,mol_1a0ca8e5eeb68da8,0.42,0.663,0.6654173135757446,1.6033961772918701,39.92414093017578,CCO,mol_f29e20f49d416e54,0.5800000000000001,0.33699999999999997,0.33458271622657776,1.2239803075790405,19.042882919311523,,,,,,,
state_51e8ebab200ee7d29f81ad83,2c_c830dc760c5163d2d27d,2,binary_vle_english.xlsx,10.1016/j.fluid.2011.05.011,unverified,0.5,isothermal,0.9285714285714286,isothermal,,,32.390002693759996,31.961959838867188,0.0,True,False,48,CC(C)CC(C)(C)C,mol_57615b5c3546c298,0.4969,0.7196,0.7134875655174255,1.5653445720672607,29.31844139099121,CC(C)CO,mol_015d21fca05fcd26,0.5031,0.2804,0.2865124046802521,1.38253653049469,13.165760040283203,,,,,,,
state_5311f4c4fbebcab99c8bec63,3c_65250b1389afa8bc1bcc,3,ternary_vle_english.xlsx,10.1016/j.fluid.2013.01.020,unverified,0.5,isothermal,0.9655172413793104,isothermal,,,40.929966975999996,43.429534912109375,-3.814697265625e-06,True,False,48,CC(=O)C(C)C,mol_b650f1cc3cac74aa,0.5243,0.21030000000000004,0.20651127398014069,1.1907861232757568,14.36531925201416,CC(C)C(C)C,mol_7347d05012022dd9,0.3522,0.6673,0.659037709236145,1.3521922826766968,60.09904861450195,CC(C)OC(C)C,mol_1a0ca8e5eeb68da8,0.1235,0.1224,0.1344510316848755,1.1842591762542725,39.92414093017578
state_5396c92c34ff639a3ed04c63,2c_ea9da779580d9b792700,2,binary_vle_english.xlsx,10.1016/j.jct.2012.11.005,unverified,0.5,isothermal,0.9411764705882353,isothermal,,,42.359982695168,43.571624755859375,-3.814697265625e-06,True,False,48,CC(C)OC(C)C,mol_1a0ca8e5eeb68da8,0.396,0.545,0.5317375659942627,1.9388750791549683,30.175607681274414,CO,mol_a85d32e4db2ff39c,0.604,0.45499999999999996,0.4682624638080597,1.3534950017929077,24.957406997680664,,,,,,,
state_5435d23be551fe6d0e8ac7bc,2c_4cc4055379eb0154120e,2,binary_vle_english.xlsx,10.1016/j.fluid.2010.01.006,unverified,0.5,isothermal,0.9629629629629629,isothermal,,,349.40006297548797,369.852783203125,3.0517578125e-05,True,False,48,CCCC,mol_fadb5806094149e6,0.7993,0.9822,0.9871600866317749,1.013992190361023,450.4764404296875,CCSCC,mol_a7491cfbf016fee6,0.2007,0.017800000000000038,0.012839914299547672,1.2470265626907349,18.974395751953125,,,,,,,
state_5461eb6cc8489dfccb819b59,2c_ea9da779580d9b792700,2,binary_vle_english.xlsx,10.1016/j.jct.2012.11.005,unverified,0.5,isothermal,0.9411764705882353,isothermal,,,42.469973648768,43.94096374511719,0.0,True,False,48,CC(C)OC(C)C,mol_1a0ca8e5eeb68da8,0.539,0.556,0.5575184226036072,1.5062048435211182,30.175607681274414,CO,mol_a85d32e4db2ff39c,0.46099999999999997,0.44399999999999995,0.4424816370010376,1.6899133920669556,24.957406997680664,,,,,,,
state_55d355cd848852bdf646e06a,2c_acf6c70dfacb27974826,2,binary_vle_english.xlsx,10.1016/j.fluid.2012.05.016,unverified,0.5,isothermal,0.9411764705882353,isothermal,,,16.74995570368,16.40613555908203,-1.9073486328125e-06,True,False,48,CCCO,mol_5fb2f93dc8caa9dc,0.6082000000000001,0.5105,0.5337685346603394,1.1387335062026978,12.644181251525879,CCCOC(C)=O,mol_67043ae833ecd0c7,0.3918,0.4895,0.46623143553733826,1.3685189485549927,14.265684127807617,,,,,,,
state_55e775e89c7bc11e33e94efe,3c_65250b1389afa8bc1bcc,3,ternary_vle_english.xlsx,10.1016/j.fluid.2013.01.020,unverified,0.5,isothermal,0.9655172413793104,isothermal,,,47.099992844671995,51.54551696777344,3.814697265625e-06,True,False,48,CC(=O)C(C)C,mol_b650f1cc3cac74aa,0.16220000000000012,0.08330000000000004,0.07743392884731293,1.7129950523376465,14.36531925201416,CC(C)C(C)C,mol_7347d05012022dd9,0.5196,0.6656,0.6601712703704834,1.089709758758545,60.09904861450195,CC(C)OC(C)C,mol_1a0ca8e5eeb68da8,0.3182,0.2511,0.26239481568336487,1.064658761024475,39.92414093017578
state_5643ac1fd19b2e4588a73bbc,2c_6f361cb0ec8be0b0e6dd,2,binary_vle_english.xlsx,10.1016/j.jct.2012.11.005,unverified,0.5,isothermal,0.9166666666666666,isothermal,,,38.370044188032,36.717308044433594,0.0,True,False,48,CC(C)OC(C)C,mol_1a0ca8e5eeb68da8,0.273,0.611,0.589313805103302,1.9852683544158936,39.92414093017578,CCO,mol_f29e20f49d416e54,0.727,0.389,0.410686194896698,1.0892155170440674,19.042882919311523,,,,,,,
state_568d3efb67bf860248ebd533,2c_ab90a05e58432c71abba,2,binary_vle_english.xlsx,10.1016/j.fluid.2011.05.011,unverified,0.5,isothermal,0.9411764705882353,isothermal,,,14.450011533311999,14.488042831420898,0.0,True,False,48,CC(=O)CC(C)C,mol_0a895444a9f0f36b,1.0,1.0,1.0,1.0,14.488042831420898,CC(C)CC(C)(C)C,mol_57615b5c3546c298,0.0,0.0,0.0,2.0154621601104736,29.31844139099121,,,,,,,
state_576d87dd727c1ebe6b158ff7,2c_500953d4ef1e1d57286b,2,binary_vle_english.xlsx,10.1016/j.fluid.2012.10.015,unverified,0.5,isothermal,0.9333333333333333,isothermal,,,2.950024036736,2.7428722381591797,-2.384185791015625e-07,True,False,48,CCCCCl,mol_f7989a5c13417f20,0.0,0.0,0.0,2.470411777496338,13.04132080078125,CC[N+](=O)[O-],mol_6fdb0ec09de24512,1.0,1.0,1.0,1.0,2.7428719997406006,,,,,,,
state_578c0afc87552ff0b18a1181,3c_485aadc678c8a7fb274c,3,ternary_vle_english.xlsx,10.1016/j.fluid.2011.05.011,unverified,0.5,isothermal,0.9642857142857143,isothermal,,,28.790032113024,28.027713775634766,0.0,True,False,48,CC(=O)CC(C)C,mol_0a895444a9f0f36b,0.3799,0.23939999999999995,0.24141517281532288,1.2293434143066406,14.488042831420898,CC(C)CC(C)(C)C,mol_57615b5c3546c298,0.5445,0.6762,0.6869282126426697,1.2060359716415405,29.31844139099121,CC(C)CO,mol_015d21fca05fcd26,0.0756,0.0844,0.07165659964084625,2.0177907943725586,13.165760040283203
state_597aa8c13403aa78310dbb02,2c_a948b12e7b27db3902e0,2,binary_vle_english.xlsx,10.1016/j.jct.2009.04.006,unverified,0.5,isothermal,0.9285714285714286,isothermal,,,13.259976076544,12.485774993896484,-9.5367431640625e-07,True,False,48,CCCCCl,mol_f7989a5c13417f20,0.955,0.997,0.9973757863044739,0.9998833537101746,13.04132080078125,O=C1CCCCC1,mol_09f0d60d139abab5,0.04500000000000004,0.0030000000000000027,0.002624225104227662,1.159766435623169,0.6278175711631775,,,,,,,
state_5a2361d9f98af740304780e7,2c_98afb8e6c65a310db5e0,2,binary_vle_english.xlsx,10.1016/j.jct.2012.12.026,unverified,0.5,isothermal,0.8181818181818182,isothermal,,,128.90006505344,145.69149780273438,0.0,True,False,48,F/C=C/C(F)(F)F,mol_0e763ba6787b2749,0.469,0.45999999999999996,0.4594493508338928,0.9909024834632874,144.03501892089844,FC(F)C(F)F,mol_fccff6221e62b4bc,0.531,0.54,0.5405506491661072,0.9751935601234436,152.0845947265625,,,,,,,
state_5ad41623af2e9ec73c033117,2c_c830dc760c5163d2d27d,2,binary_vle_english.xlsx,10.1016/j.fluid.2011.05.011,unverified,0.5,isothermal,0.9285714285714286,isothermal,,,28.640044449024,29.318443298339844,-1.9073486328125e-06,True,False,48,CC(C)CC(C)(C)C,mol_57615b5c3546c298,1.0,1.0,1.0,1.0,29.31844139099121,CC(C)CO,mol_015d21fca05fcd26,0.0,0.0,0.0,6.601158142089844,13.165760040283203,,,,,,,
state_5c2edc3fa9429d006b42d0a7,2c_6cdeaa0b12c0bcad5378,2,binary_vle_english.xlsx,10.1016/j.jct.2012.01.020,passed,1.0,isothermal,0.9,isothermal,,,16.557838171392,17.077804565429688,0.0,True,False,48,CC(C)CC(C)(C)C,mol_57615b5c3546c298,0.7010000000000001,0.45199999999999996,0.48164844512939453,1.049255132675171,11.183123588562012,CCOC(C)=O,mol_18876b584acc43d4,0.299,0.548,0.5183515548706055,1.439162254333496,20.57195281982422,,,,,,,
state_5d5d445bc6146d6e94a17041,2c_e1c33e24ae7f6ab4d0bf,2,binary_vle_english.xlsx,10.1016/j.fluid.2010.01.024,unverified,0.5,isothermal,0.9375,isothermal,,,32.050030655360004,30.337627410888672,-1.9073486328125e-06,True,False,48,CC[N+](=O)[O-],mol_6fdb0ec09de24512,0.4942,0.2379,0.24742132425308228,1.0503865480422974,14.459951400756836,ClCCCl,mol_e8df6c9e89c6b62a,0.5058,0.7621,0.7525786757469177,1.0241355895996094,44.07549285888672,,,,,,,
state_5dbc47c930de24bca617722a,3c_485aadc678c8a7fb274c,3,ternary_vle_english.xlsx,10.1016/j.fluid.2011.05.011,unverified,0.5,isothermal,0.9642857142857143,isothermal,,,28.650043626624,27.215717315673828,-1.9073486328125e-06,True,False,48,CC(=O)CC(C)C,mol_0a895444a9f0f36b,0.039000000000000035,0.024699999999999944,0.023446790874004364,1.1293506622314453,14.488042831420898,CC(C)CC(C)(C)C,mol_57615b5c3546c298,0.2601,0.6296,0.6021158695220947,2.148911952972412,29.31844139099121,CC(C)CO,mol_015d21fca05fcd26,0.7009,0.3457,0.3744373023509979,1.1043249368667603,13.165760040283203
state_5dc063672682f3b22e7de74f,2c_c879fc0732268fc652fa,2,binary_vle_english.xlsx,10.1016/j.fluid.2011.06.001,passed,1.0,isothermal,0.9166666666666666,isothermal,,,9.774929377024,9.83785629272461,0.0,True,False,48,CC(C)OC(C)C,mol_1a0ca8e5eeb68da8,0.2741,0.36639999999999995,0.39879441261291504,0.9054308533668518,15.80830192565918,CCCCCl,mol_f7989a5c13417f20,0.7259,0.6336,0.601205587387085,0.9978435039520264,8.16552734375,,,,,,,
state_5e4bfda2170b7bffb465e2c5,2c_5018f9e15dae7c08710f,2,binary_vle_english.xlsx,10.1016/j.fluid.2011.06.001,passed,1.0,isothermal,0.9166666666666666,isothermal,,,12.734952591359999,14.990097045898438,0.0,True,False,48,CC(C)CCl,mol_b6f57216bc07a08c,0.1448,0.1465,0.10718361288309097,0.8426375985145569,13.168108940124512,CC(C)OC(C)C,mol_1a0ca8e5eeb68da8,0.8552,0.8535,0.8928163647651672,0.9899508953094482,15.80830192565918,,,,,,,
state_614922190c004eb11d74a4d0,2c_ab90a05e58432c71abba,2,binary_vle_english.xlsx,10.1016/j.fluid.2011.05.011,unverified,0.5,isothermal,0.8888888888888888,isothermal,,,28.990015665024,28.725887298583984,0.0,True,False,48,CC(=O)CC(C)C,mol_0a895444a9f0f36b,0.18259999999999998,0.16469999999999996,0.14577843248844147,1.5829099416732788,14.488042831420898,CC(C)CC(C)(C)C,mol_57615b5c3546c298,0.8174,0.8353,0.8542215824127197,1.02392578125,29.31844139099121,,,,,,,
state_614f9ea8f29b91f9718ff684,2c_c830dc760c5163d2d27d,2,binary_vle_english.xlsx,10.1016/j.fluid.2011.05.011,unverified,0.5,isothermal,0.9285714285714286,isothermal,,,15.83003136448,15.831609725952148,0.0,True,False,48,CC(C)CC(C)(C)C,mol_57615b5c3546c298,0.0269,0.2347,0.18995749950408936,3.8131892681121826,29.31844139099121,CC(C)CO,mol_015d21fca05fcd26,0.9731,0.7653,0.8100425004959106,1.0009894371032715,13.165760040283203,,,,,,,
state_61979144f6d3fbd6acc1bab2,2c_a948b12e7b27db3902e0,2,binary_vle_english.xlsx,10.1016/j.jct.2009.04.006,unverified,0.5,isothermal,0.9285714285714286,isothermal,,,13.719938246144,13.04132080078125,0.0,True,False,48,CCCCCl,mol_f7989a5c13417f20,1.0,1.0,1.0,1.0,13.04132080078125,O=C1CCCCC1,mol_09f0d60d139abab5,0.0,0.0,0.0,1.1596851348876953,0.6278175711631775,,,,,,,
state_63c29dfe485110b6fad68e0d,3c_485aadc678c8a7fb274c,3,ternary_vle_english.xlsx,10.1016/j.fluid.2011.05.011,unverified,0.5,isothermal,0.9642857142857143,isothermal,,,19.639984674816002,19.691917419433594,0.0,True,False,48,CC(=O)CC(C)C,mol_0a895444a9f0f36b,0.7821,0.5698000000000001,0.5835949778556824,1.0142091512680054,14.488042831420898,CC(C)CC(C)(C)C,mol_57615b5c3546c298,0.1186,0.3314,0.3228662610054016,1.8284584283828735,29.31844139099121,CC(C)CO,mol_015d21fca05fcd26,0.0993,0.0988,0.09353874623775482,1.4089136123657227,13.165760040283203
state_64dcb329b603b02ca7cd21da,2c_acf6c70dfacb27974826,2,binary_vle_english.xlsx,10.1016/j.fluid.2012.05.016,unverified,0.5,isothermal,0.9411764705882353,isothermal,,,16.93994007808,16.229827880859375,0.0,True,False,48,CCCO,mol_5fb2f93dc8caa9dc,0.21860000000000002,0.26880000000000004,0.2863253951072693,1.681252360343933,12.644181251525879,CCCOC(C)=O,mol_67043ae833ecd0c7,0.7814,0.7312,0.7136746048927307,1.0390779972076416,14.265684127807617,,,,,,,
state_656acde58436e6d4d660a383,2c_d498cbbd8f767d43f3e7,2,binary_vle_english.xlsx,10.1016/j.fluid.2011.06.001,unverified,0.5,isothermal,0.9230769230769231,isothermal,,,13.319971142144,14.01309585571289,-9.5367431640625e-07,True,False,48,CC(C)OC(C)C,mol_1a0ca8e5eeb68da8,0.1845,0.18210000000000004,0.18596377968788147,0.8934717774391174,15.80830192565918,CCC(C)Cl,mol_9f4835d3aad75f1c,0.8155,0.8179,0.8140361905097961,0.9994209408760071,13.99604606628418,,,,,,,
state_65e32131ed91eff084067787,2c_ea9da779580d9b792700,2,binary_vle_english.xlsx,10.1016/j.jct.2012.11.005,unverified,0.5,isothermal,0.9411764705882353,isothermal,,,42.489972003968,43.94427490234375,0.0,True,False,48,CC(C)OC(C)C,mol_1a0ca8e5eeb68da8,0.546,0.561,0.5586846470832825,1.4901169538497925,30.175607681274414,CO,mol_a85d32e4db2ff39c,0.45399999999999996,0.43899999999999995,0.4413154125213623,1.7115756273269653,24.957406997680664,,,,,,,
state_679576041c91a2c4f928b477,2c_e1c33e24ae7f6ab4d0bf,2,binary_vle_english.xlsx,10.1016/j.fluid.2010.01.024,unverified,0.5,isothermal,0.9375,isothermal,,,40.20002701119999,38.47114562988281,-3.814697265625e-06,True,False,48,CC[N+](=O)[O-],mol_6fdb0ec09de24512,0.20309999999999995,0.08499999999999996,0.08410490304231644,1.1017413139343262,14.459951400756836,ClCCCl,mol_e8df6c9e89c6b62a,0.7969,0.915,0.9158951044082642,1.003182291984558,44.07549285888672,,,,,,,
state_68a9b9840a0ed55e4f2545c5,2c_98afb8e6c65a310db5e0,2,binary_vle_english.xlsx,10.1016/j.jct.2012.12.026,unverified,0.5,isothermal,0.8181818181818182,isothermal,,,126.30001223270399,149.96365356445312,1.52587890625e-05,True,False,48,F/C=C/C(F)(F)F,mol_0e763ba6787b2749,0.11299999999999999,0.131,0.10212155431509018,0.9409291744232178,144.03501892089844,FC(F)C(F)F,mol_fccff6221e62b4bc,0.887,0.869,0.8978784084320068,0.9981475472450256,152.0845947265625,,,,,,,
state_69c477ef03e4ebad056bbe6a,2c_a948b12e7b27db3902e0,2,binary_vle_english.xlsx,10.1016/j.jct.2009.04.006,unverified,0.5,isothermal,0.9285714285714286,isothermal,,,10.219959441408001,9.482717514038086,-9.5367431640625e-07,True,False,48,CCCCCl,mol_f7989a5c13417f20,0.707,0.979,0.9785200953483582,1.0063788890838623,13.04132080078125,O=C1CCCCC1,mol_09f0d60d139abab5,0.29300000000000004,0.02100000000000002,0.02147986926138401,1.1072949171066284,0.6278175711631775,,,,,,,
state_6a4b96e0074273d342140ed8,2c_c879fc0732268fc652fa,2,binary_vle_english.xlsx,10.1016/j.fluid.2011.06.001,passed,1.0,isothermal,0.9166666666666666,isothermal,,,8.60995852544,8.396728515625,0.0,True,False,48,CC(C)OC(C)C,mol_1a0ca8e5eeb68da8,0.040200000000000014,0.05920000000000003,0.06662417203187943,0.880299985408783,15.80830192565918,CCCCCl,mol_f7989a5c13417f20,0.9598,0.9408,0.9333758354187012,1.0000039339065552,8.16552734375,,,,,,,
state_6ac944ab3b762ec23f6d0eb7,2c_50cae961bcfb98dfb10a,2,binary_vle_english.xlsx,10.1016/j.fluid.2013.05.019,passed,1.0,full_state,0.5714285714285714,isothermal,,,101.330065929984,112.65664672851562,7.62939453125e-06,True,False,48,CC(C)=C(C)C,mol_ac85c03b48dc0205,0.999803,0.999911,0.9998025298118591,1.0,112.65660095214844,c1ccsc1,mol_7953343be0b435d5,0.000197,8.9e-05,0.00019748974591493607,1.7029614448547363,66.31784057617188,,,,,,,
state_6bab7d74f78f631675c9ed33,2c_ab90a05e58432c71abba,2,binary_vle_english.xlsx,10.1016/j.fluid.2011.05.011,unverified,0.5,isothermal,0.9411764705882353,isothermal,,,27.360016393856,26.530593872070312,-1.9073486328125e-06,True,False,48,CC(=O)CC(C)C,mol_0a895444a9f0f36b,0.45130000000000003,0.3077,0.3039657771587372,1.2333791255950928,14.488042831420898,CC(C)CC(C)(C)C,mol_57615b5c3546c298,0.5487,0.6923,0.6960341930389404,1.1478937864303589,29.31844139099121,,,,,,,
state_6cd27563a2dd4efc6df234bb,2c_d498cbbd8f767d43f3e7,2,binary_vle_english.xlsx,10.1016/j.fluid.2011.06.001,unverified,0.5,isothermal,0.9230769230769231,isothermal,,,12.874941077759999,14.876813888549805,0.0,True,False,48,CC(C)OC(C)C,mol_1a0ca8e5eeb68da8,0.7867999999999999,0.7721,0.82208251953125,0.9832767248153687,15.80830192565918,CCC(C)Cl,mol_9f4835d3aad75f1c,0.2132,0.2279,0.17791742086410522,0.8870249390602112,13.99604606628418,,,,,,,
state_6f5b0404ce455fa49c85aed8,3c_65250b1389afa8bc1bcc,3,ternary_vle_english.xlsx,10.1016/j.fluid.2013.01.020,unverified,0.5,isothermal,0.9655172413793104,isothermal,,,38.330047477632,41.505767822265625,0.0,True,False,48,CC(=O)C(C)C,mol_b650f1cc3cac74aa,0.13229999999999997,0.07489999999999997,0.07245738059282303,1.582398772239685,14.36531925201416,CC(C)C(C)C,mol_7347d05012022dd9,0.1101,0.1825,0.19251877069473267,1.2076096534729004,60.09904861450195,CC(C)OC(C)C,mol_1a0ca8e5eeb68da8,0.7576,0.7426,0.7350238561630249,1.0086357593536377,39.92414093017578
state_6f6e1140468cd33ec00f7912,2c_50cae961bcfb98dfb10a,2,binary_vle_english.xlsx,10.1016/j.fluid.2013.05.019,passed,1.0,full_state,0.5714285714285714,isothermal,,,101.330065929984,112.65681457519531,0.0,True,False,48,CC(C)=C(C)C,mol_ac85c03b48dc0205,0.999216,0.999564,0.9992143511772156,1.000000238418579,112.65660095214844,c1ccsc1,mol_7953343be0b435d5,0.000784,0.000436,0.00078562245471403,1.702256202697754,66.31784057617188,,,,,,,
state_6fcc9154e9dcd23262e1bfe9,2c_acf6c70dfacb27974826,2,binary_vle_english.xlsx,10.1016/j.fluid.2012.05.016,unverified,0.5,isothermal,0.9411764705882353,isothermal,,,12.169932395776,12.644182205200195,-9.5367431640625e-07,True,False,48,CCCO,mol_5fb2f93dc8caa9dc,1.0,1.0,1.0,1.0,12.644181251525879,CCCOC(C)=O,mol_67043ae833ecd0c7,0.0,0.0,0.0,2.2823359966278076,14.265684127807617,,,,,,,
state_6fe9f010ebd209b0e7506757,3c_65250b1389afa8bc1bcc,3,ternary_vle_english.xlsx,10.1016/j.fluid.2013.01.020,unverified,0.5,isothermal,0.9655172413793104,isothermal,,,38.919998956031996,42.223289489746094,-3.814697265625e-06,True,False,48,CC(=O)C(C)C,mol_b650f1cc3cac74aa,0.26360000000000006,0.13139999999999996,0.1261611431837082,1.406750202178955,14.36531925201416,CC(C)C(C)C,mol_7347d05012022dd9,0.1911,0.331,0.3379056751728058,1.242279291152954,60.09904861450195,CC(C)OC(C)C,mol_1a0ca8e5eeb68da8,0.5453,0.5376,0.5359331369400024,1.0394212007522583,39.92414093017578
state_70a80ff0d77ba0b076cf0306,2c_a948b12e7b27db3902e0,2,binary_vle_english.xlsx,10.1016/j.jct.2009.04.006,unverified,0.5,isothermal,0.9285714285714286,isothermal,,,5.700064521471999,5.103849411010742,0.0,True,False,48,CCCCCl,mol_f7989a5c13417f20,0.338,0.923,0.9166607856750488,1.0613734722137451,13.04132080078125,O=C1CCCCC1,mol_09f0d60d139abab5,0.6619999999999999,0.07699999999999996,0.0833391472697258,1.023423671722412,0.6278175711631775,,,,,,,
state_712319ca87f27afcfe76d59e,2c_4cc4055379eb0154120e,2,binary_vle_english.xlsx,10.1016/j.fluid.2010.01.006,unverified,0.5,isothermal,0.9629629629629629,isothermal,,,367.50004097753595,389.3729248046875,0.0,True,False,48,CCCC,mol_fadb5806094149e6,0.8496,0.9865,0.9905742406845093,1.0077810287475586,450.4764404296875,CCSCC,mol_a7491cfbf016fee6,0.15039999999999998,0.013499999999999956,0.009425783529877663,1.2860784530639648,18.974395751953125,,,,,,,
state_71781a30b936b23b89c55cec,2c_b399893600891028146a,2,binary_vle_english.xlsx,10.1016/j.fluid.2016.10.024,unverified,0.5,isothermal,0.9523809523809523,isothermal,,,35.070048935296,32.93169403076172,0.0,True,False,48,CC(C)=O,mol_e04cf77cea7bbe66,0.111,0.531,0.5046655535697937,1.2367051839828491,121.0677719116211,CCC(C)O,mol_06affb0d2c6c8ff2,0.889,0.469,0.4953344464302063,1.002693772315979,18.299638748168945,,,,,,,
state_738794efe8629731caaf7ce2,2c_23001626ba9c10a2709a,2,binary_vle_english.xlsx,10.1016/j.fluid.2011.06.001,unverified,0.5,isothermal,0.9166666666666666,isothermal,,,20.760025888384,22.326873779296875,0.0,True,False,48,CC(C)(C)Cl,mol_cbd731ac6eef5e90,0.5528,0.7231,0.6941317915916443,0.991742730140686,28.268503189086914,CC(C)OC(C)C,mol_1a0ca8e5eeb68da8,0.44720000000000004,0.27690000000000003,0.3058682084083557,0.9659958481788635,15.80830192565918,,,,,,,
state_74a2bce49bbc8cee4d0ac85a,2c_ab90a05e58432c71abba,2,binary_vle_english.xlsx,10.1016/j.fluid.2011.05.011,unverified,0.5,isothermal,0.9411764705882353,isothermal,,,20.210071120383997,19.548694610595703,-1.9073486328125e-06,True,False,48,CC(=O)CC(C)C,mol_0a895444a9f0f36b,0.8573,0.6259,0.6452987790107727,1.0156311988830566,14.488042831420898,CC(C)CC(C)(C)C,mol_57615b5c3546c298,0.1427,0.3741,0.3547012209892273,1.6573550701141357,29.31844139099121,,,,,,,
state_74c1c8b7d808a5ea04d24b1e,2c_98afb8e6c65a310db5e0,2,binary_vle_english.xlsx,10.1016/j.jct.2012.12.026,unverified,0.5,isothermal,0.9,isothermal,,,120.19998060723199,144.03500366210938,1.52587890625e-05,True,False,48,F/C=C/C(F)(F)F,mol_0e763ba6787b2749,1.0,1.0,1.0,1.0,144.03501892089844,FC(F)C(F)F,mol_fccff6221e62b4bc,0.0,0.0,0.0,0.9717212319374084,152.0845947265625,,,,,,,
state_751759bdd1dd1828441cbe6f,3c_65250b1389afa8bc1bcc,3,ternary_vle_english.xlsx,10.1016/j.fluid.2013.01.020,unverified,0.5,isothermal,0.9655172413793104,isothermal,,,37.869951985664,40.84339141845703,0.0,True,False,48,CC(=O)C(C)C,mol_b650f1cc3cac74aa,0.05380000000000007,0.03280000000000005,0.03225046768784523,1.7043558359146118,14.36531925201416,CC(C)C(C)C,mol_7347d05012022dd9,0.0539,0.0871,0.09447009116411209,1.1911317110061646,60.09904861450195,CC(C)OC(C)C,mol_1a0ca8e5eeb68da8,0.8923,0.8801,0.8732794523239136,1.0012177228927612,39.92414093017578
state_753d728bac3ba9080b222c8a,2c_acf6c70dfacb27974826,2,binary_vle_english.xlsx,10.1016/j.fluid.2012.05.016,unverified,0.5,isothermal,0.9411764705882353,isothermal,,,16.33998942208,15.498363494873047,-9.5367431640625e-07,True,False,48,CCCO,mol_5fb2f93dc8caa9dc,0.1058,0.1594,0.16967260837554932,1.9657177925109863,12.644181251525879,CCCOC(C)=O,mol_67043ae833ecd0c7,0.8942,0.8406,0.8303273916244507,1.008806586265564,14.265684127807617,,,,,,,
state_765a4b00b09426d7b4b77036,2c_8742372ba72e435a7962,2,binary_vle_english.xlsx,10.1016/j.fluid.2013.01.020,unverified,0.5,isothermal,0.9473684210526315,isothermal,,,14.789983571712,15.581186294555664,0.0,True,False,48,CC(=O)C(C)C,mol_b650f1cc3cac74aa,0.9912,0.925,0.9139277935028076,1.0000824928283691,14.36531925201416,CC(C)C(C)C,mol_7347d05012022dd9,0.0088,0.075,0.08607222139835358,2.535789966583252,60.09904861450195,,,,,,,
state_77fd25615d99c88f0b83a58b,2c_e1c33e24ae7f6ab4d0bf,2,binary_vle_english.xlsx,10.1016/j.fluid.2010.01.024,unverified,0.5,isothermal,0.9375,isothermal,,,34.299978937728,32.459373474121094,-3.814697265625e-06,True,False,48,CC[N+](=O)[O-],mol_6fdb0ec09de24512,0.41890000000000005,0.19920000000000004,0.19835837185382843,1.0629514455795288,14.459951400756836,ClCCCl,mol_e8df6c9e89c6b62a,0.5811,0.8008,0.8016416430473328,1.0159499645233154,44.07549285888672,,,,,,,
state_78a7e9d4dc3e4315e8a667c0,2c_500953d4ef1e1d57286b,2,binary_vle_english.xlsx,10.1016/j.fluid.2012.10.015,unverified,0.5,isothermal,0.9333333333333333,isothermal,,,9.879987403007998,9.44277572631836,0.0,True,False,48,CCCCCl,mol_f7989a5c13417f20,0.4136,0.7979,0.8025274872779846,1.40493905544281,13.04132080078125,CC[N+](=O)[O-],mol_6fdb0ec09de24512,0.5864,0.20209999999999995,0.19747254252433777,1.1593296527862549,2.7428719997406006,,,,,,,
state_4e7b75d966921b70b200da71,2c_5e274a8981b66e0477e8,2,binary_vle_english.xlsx,10.1016/j.fluid.2005.02.014,passed,1.0,isobaric,0.9166666666666666,isobaric,315.21,314.98736572265625,,,6.103515625e-05,True,False,48,C1CCOCC1,mol_626f3d1f5bbb6f55,0.0615,0.0272,0.03174304962158203,0.9544463753700256,21.631324768066406,CCC(C)Cl,mol_9f4835d3aad75f1c,0.9385,0.9728,0.968256950378418,0.9998837113380432,41.2731819152832,,,,,,,
state_4edf46763ab8a0338f846f63,2c_0a42aa3dc6cf5132e23e,2,binary_vle_english.xlsx,10.1016/j.fluid.2011.10.009,passed,1.0,isobaric,0.9285714285714286,isobaric,412.59999999999997,413.8955078125,,,-2.288818359375e-05,True,False,48,CCCCCCCCC,mol_dd70207e50d8bf63,0.107,0.087,0.08214084804058075,1.08226478099823,71.85399627685547,Cc1ccc(C)cc1,mol_e7658ba520613aac,0.893,0.913,0.9178591370582581,1.0029528141021729,103.8133316040039,,,,,,,
state_4f733b78f74251832301659d,2c_375f45238dade7281e25,2,binary_vle_english.xlsx,10.1016/j.jct.2019.03.036,unverified,0.5,isobaric,0.9473684210526315,isobaric,352.94,353.2329406738281,,,0.0009765625,True,False,48,CCOC(C)=O,mol_18876b584acc43d4,0.9014,0.9951,0.9956567287445068,1.0062847137451172,111.19480895996094,CS(C)=O,mol_7d3e12eaed0f467c,0.09860000000000002,0.0049000000000000155,0.004343271255493164,1.817331075668335,2.455383539199829,,,,,,,
state_503b96d93e2c0b7cfb7afd65,2c_e0ef8174c7b6fc15273a,2,binary_vle_english.xlsx,10.1016/j.fluid.2005.06.024,unverified,0.5,isobaric,0.9743589743589743,isobaric,330.14,328.0954284667969,,,-3.814697265625e-05,True,False,48,CC(C)=O,mol_e04cf77cea7bbe66,0.9744,0.9987,0.9985960125923157,0.9993362426757812,103.91000366210938,CCOC(=O)OCC,mol_4df2781fcf4d4a77,0.025599999999999956,0.0012999999999999678,0.0014039672678336501,0.7690849304199219,7.2253546714782715,,,,,,,
state_50772b80165a21550098be31,2c_045f196d049de4abb690,2,binary_vle_english.xlsx,10.1016/j.jct.2004.09.009,unverified,0.5,isobaric,0.9411764705882353,isobaric,361.95,361.39959716796875,,,0.0001983642578125,True,False,48,CCC(C)O,mol_06affb0d2c6c8ff2,0.23070000000000002,0.23519999999999996,0.22095836699008942,1.5263314247131348,63.56587219238281,COC(=O)OC,mol_0ec85594f0f896ea,0.7693,0.7648,0.7790416479110718,1.0438791513442993,98.27085876464844,,,,,,,
state_507c3dc50b85678ca365099a,2c_4c362b8bfe2b289cf5ff,2,binary_vle_english.xlsx,10.1016/j.fluid.2016.06.022,passed,1.0,isobaric,0.8571428571428571,isobaric,348.45,347.92236328125,,,0.00018310546875,True,False,48,CC#N,mol_7028b7cbd3d829b4,0.30300000000000005,0.30400000000000005,0.31130340695381165,1.3470983505249023,77.2594985961914,CCOC(C)=O,mol_18876b584acc43d4,0.697,0.696,0.688696563243866,1.0734318494796753,93.24608612060547,,,,,,,
state_50828661d359353730d7c516,2c_a1a215858c9235f0cf6a,2,binary_vle_english.xlsx,10.1016/j.fluid.2015.03.013,unverified,0.5,isobaric,0.9666666666666667,isobaric,375.94,376.1942443847656,,,-3.814697265625e-05,True,False,48,CC(=O)N(C)C,mol_b8ccf255e2b62919,0.10299999999999998,0.009000000000000008,0.0076612248085439205,0.5297877192497253,14.222243309020996,CCC(C)O,mol_06affb0d2c6c8ff2,0.897,0.991,0.9923387169837952,0.9895641207695007,113.24851989746094,,,,,,,
state_51117a5be71941ad6e60819a,3c_61bfd4ccc52903a74083,3,ternary_vle_english.xlsx,10.1016/j.fluid.2007.03.030,unverified,0.5,isobaric,0.9761904761904762,isobaric,359.19,362.879150390625,,,0.001251220703125,True,False,48,CCCO,mol_5fb2f93dc8caa9dc,0.705,0.71,0.595771074295044,1.1408016681671143,75.04032135009766,CCCOCCC,mol_e13b90e4aa2e917d,0.239,0.265,0.3802269995212555,1.6191788911819458,99.53246307373047,CCOCCO,mol_ab8630148ae67e51,0.05600000000000005,0.025000000000000022,0.024001948535442352,2.1530420780181885,20.166032791137695
state_5193f1a342cec4913d6d0f84,2c_e8b98868a6b90d408930,2,binary_vle_english.xlsx,10.1016/j.fluid.2015.09.039,unverified,0.5,isobaric,0.96875,isobaric,429.03,427.6259460449219,,,0.00022125244140625,True,False,48,CN(C)C=O,mol_ca12d6d2f2ffb170,0.854,0.949,0.9505391716957092,0.9955930709838867,113.25057220458984,CS(C)=O,mol_7d3e12eaed0f467c,0.14600000000000002,0.051000000000000045,0.04946088045835495,0.9267628788948059,37.029727935791016,,,,,,,
state_51f47c754f10a1efc8bb1b44,3c_2cb16216a8c609b7ad27,3,ternary_vle_english.xlsx,10.1016/j.fluid.2005.09.015,unverified,0.5,isobaric,0.9767441860465116,isobaric,382.37,382.41217041015625,,,2.288818359375e-05,True,False,48,CC(=O)OCC(C)C,mol_e7eb29ad965cc8ee,0.201,0.19,0.18990063667297363,1.1857130527496338,80.71607971191406,CC(C)CO,mol_015d21fca05fcd26,0.699,0.772,0.7760946750640869,1.0401777029037476,108.12826538085938,CCCCOC(=O)CC,mol_a9c167bbb331e76a,0.10000000000000009,0.038000000000000034,0.03400471806526184,1.1962848901748657,28.794782638549805
state_529c6cd79d09ebf8121f214c,3c_61bfd4ccc52903a74083,3,ternary_vle_english.xlsx,10.1016/j.fluid.2007.03.030,unverified,0.5,isobaric,0.9761904761904762,isobaric,359.54999999999995,362.8124694824219,,,0.00110626220703125,True,False,48,CCCO,mol_5fb2f93dc8caa9dc,0.609,0.676,0.56319659948349,1.2517509460449219,74.84085083007812,CCCOCCC,mol_e13b90e4aa2e917d,0.301,0.293,0.4065168797969818,1.377326250076294,99.33200073242188,CCOCCO,mol_ab8630148ae67e51,0.09000000000000008,0.030999999999999917,0.030286552384495735,1.6951706409454346,20.10980224609375
state_52d0342a8202b15bac828b1e,2c_375f45238dade7281e25,2,binary_vle_english.xlsx,10.1016/j.jct.2019.03.036,unverified,0.5,isobaric,0.9473684210526315,isobaric,354.37,354.8771667480469,,,-7.62939453125e-05,True,False,48,CCOC(C)=O,mol_18876b584acc43d4,0.8432,0.9918,0.9930973052978516,1.017134666442871,117.29826354980469,CS(C)=O,mol_7d3e12eaed0f467c,0.15680000000000005,0.008199999999999985,0.006902714259922504,1.689579963684082,2.639392137527466,,,,,,,
state_53486ae2d2afbd877ea92cb8,2c_4e1effd6e44016fa9e71,2,binary_vle_english.xlsx,10.1016/j.fluid.2019.03.022,passed,1.0,isobaric,0.95,isobaric,331.69,331.64349365234375,,,-3.814697265625e-05,True,False,48,CO,mol_a85d32e4db2ff39c,0.724,0.651,0.6483443975448608,1.151675820350647,78.76730346679688,c1ccccc1,mol_7165dcf6be1f831d,0.276,0.349,0.35165560245513916,2.5730695724487305,50.16097640991211,,,,,,,
state_53b7bf81240ae93f0aaa4423,2c_21b807a1a6c6348c91ac,2,binary_vle_english.xlsx,10.1016/j.fluid.2018.07.027,unverified,0.5,isobaric,0.9629629629629629,isobaric,367.29999999999995,367.18060302734375,,,0.0,True,False,48,CC(C)CC(C)(C)C,mol_57615b5c3546c298,0.7542,0.7592,0.7593621611595154,1.1567895412445068,88.16927337646484,CCCCO,mol_ad4ef9c6c876ca2f,0.24580000000000002,0.24080000000000001,0.24063782393932343,2.438467025756836,40.670013427734375,,,,,,,
state_55b133f838bdd3b1718cf198,3c_c1f86c0bca7d787912fb,3,ternary_vle_english.xlsx,10.1016/j.jct.2011.10.025,unverified,0.5,isobaric,0.9807692307692307,isobaric,351.66999999999996,353.1108093261719,,,0.00128936767578125,True,False,48,C1CCOCC1,mol_626f3d1f5bbb6f55,0.046,0.025,0.03443320095539093,0.9099977016448975,83.32857513427734,CC(C)CC(C)(C)C,mol_57615b5c3546c298,0.6779999999999999,0.43399999999999994,0.449287086725235,1.1698118448257446,57.38427734375,CC(C)O,mol_db030b5de88f8eaf,0.276,0.541,0.5162796974182129,2.1025850772857666,90.12329864501953
state_56378e00bc8a6556269eb232,2c_97830bff71af0df3111e,2,binary_vle_english.xlsx,10.1016/j.fluid.2018.03.015,unverified,0.5,isobaric,0.8333333333333334,isobaric,332.25,333.9744873046875,,,0.00089263916015625,True,False,48,CCO,mol_f29e20f49d416e54,0.119,0.13,0.14503055810928345,2.506878137588501,49.24842071533203,ClC(Cl)Cl,mol_d9e0a2387a6283f9,0.881,0.87,0.8549695014953613,1.0223186016082764,96.16154479980469,,,,,,,
state_578603709c1c07b687559173,2c_0537ca75f0252274a31e,2,binary_vle_english.xlsx,10.1016/j.jct.2013.12.021,unverified,0.5,isobaric,0.9565217391304348,isobaric,338.5,338.7507019042969,,,8.392333984375e-05,True,False,48,CCC(C)O,mol_06affb0d2c6c8ff2,0.033299999999999996,0.008099999999999996,0.007827508263289928,1.0002140998840332,23.813594818115234,CO,mol_a85d32e4db2ff39c,0.9667,0.9919,0.9921725392341614,1.0001552104949951,103.98405456542969,,,,,,,
state_57918825bb4b1eda62fc1249,2c_f84a6616de8e67ab84b6,2,binary_vle_english.xlsx,10.1016/j.fluid.2005.06.019,unverified,0.5,isobaric,0.96,isobaric,383.13,383.1736145019531,,,0.000213623046875,True,False,48,CC(C)CO,mol_015d21fca05fcd26,0.896,0.984,0.982536792755127,0.9986685514450073,111.23193359375,CCCCCCO,mol_eb71ecc709e3f0dc,0.10399999999999998,0.016000000000000014,0.017463207244873047,0.9082387089729309,18.728403091430664,,,,,,,
state_58d04220bdec54d56e39d4f5,3c_6b60b4a3a536506a27ae,3,ternary_vle_english.xlsx,10.1016/j.fluid.2006.08.004,unverified,0.5,isobaric,0.9649122807017544,isobaric,337.97999999999996,338.4030456542969,,,6.103515625e-05,True,False,48,CC(C)CC(C)(C)C,mol_57615b5c3546c298,0.050000000000000044,0.028000000000000025,0.024593470618128777,1.4132819175720215,35.25578689575195,CC(C)OC(C)C,mol_1a0ca8e5eeb68da8,0.705,0.685,0.6697020530700684,1.0864192247390747,88.57363891601562,CCO,mol_f29e20f49d416e54,0.245,0.287,0.3057044744491577,2.128849983215332,59.37451934814453
state_58d7a2cddb6021b0f133ea4d,2c_dc191206ee879c89c4e5,2,binary_vle_english.xlsx,10.1016/j.jct.2003.09.001,unverified,0.5,isobaric,0.9285714285714286,isobaric,346.79999999999995,344.8904724121094,,,-3.814697265625e-06,True,False,48,C1COCCO1,mol_d365f2fae67d24f2,0.9563,0.9583,0.9679368138313293,1.000840663909912,40.45277404785156,CC(C)CO,mol_015d21fca05fcd26,0.04369999999999996,0.04169999999999996,0.03206313028931618,1.2778501510620117,22.9670352935791,,,,,,,
state_58f71242672a58dc403c8296,2c_784276d4500715f79c89,2,binary_vle_english.xlsx,10.1016/j.fluid.2011.11.020,passed,1.0,isobaric,0.9473684210526315,isobaric,356.39,358.9467468261719,,,3.0517578125e-05,True,False,48,CCCCCCC,mol_fddb2c852c313396,0.17120000000000002,0.1663,0.17053015530109406,1.4913535118103027,67.67919921875,c1ccsc1,mol_7953343be0b435d5,0.8288,0.8337,0.8294697999954224,1.0223475694656372,99.1952133178711,,,,,,,
state_593cdbded8b2fe23c5476dc0,2c_dc191206ee879c89c4e5,2,binary_vle_english.xlsx,10.1016/j.jct.2003.09.001,unverified,0.5,isobaric,0.9285714285714286,isobaric,348.55999999999995,347.3738708496094,,,0.000293731689453125,True,False,48,C1COCCO1,mol_d365f2fae67d24f2,0.672,0.7378,0.7683151364326477,1.0327951908111572,44.281219482421875,CC(C)CO,mol_015d21fca05fcd26,0.32799999999999996,0.2622,0.2316848188638687,1.0989010334014893,25.71158218383789,,,,,,,
state_596fff4d09a568a4f439b97b,2c_b11dff0fda4f01349610,2,binary_vle_english.xlsx,10.1016/j.jct.2015.03.013,unverified,0.5,isobaric,0.8888888888888888,isobaric,366.4,367.18377685546875,,,-3.0517578125e-05,True,False,48,COCCO,mol_d291b272a64498d9,0.35119999999999996,0.20509999999999995,0.18151158094406128,1.0762670040130615,35.775516510009766,O,mol_e81dc06beaa39499,0.6488,0.7949,0.8184884786605835,1.1333763599395752,82.9246597290039,,,,,,,
state_5a1a572e595e34fabaaf86ce,2c_f4a55bc5fa0e7d69faf8,2,binary_vle_english.xlsx,10.1016/j.fluid.2012.12.021,unverified,0.5,isobaric,0.9545454545454546,isobaric,340.82,339.92486572265625,,,3.4332275390625e-05,True,False,48,C1CCOCC1,mol_626f3d1f5bbb6f55,0.81,0.88,0.8872737884521484,1.0126750469207764,54.08452606201172,CCC(C)O,mol_06affb0d2c6c8ff2,0.19,0.12,0.11272621899843216,1.1800893545150757,25.137781143188477,,,,,,,
state_5de1123e41ab72d812c9aeed,2c_d89740e05ac3f0ccc959,2,binary_vle_english.xlsx,10.1016/j.fluid.2008.09.010,passed,1.0,isobaric,0.9411764705882353,isobaric,335.65,337.0285339355469,,,0.00017070770263671875,True,False,48,CS(C)=O,mol_7d3e12eaed0f467c,0.2671,0.008700000000000041,0.01111406646668911,0.47819283604621887,1.1599273681640625,O,mol_e81dc06beaa39499,0.7329,0.9913,0.9888859391212463,0.7306697368621826,24.615863800048828,,,,,,,
state_5e0953f655a0fd3d2962e21f,2c_ef978bac8ab2c7c131e7,2,binary_vle_english.xlsx,10.1016/j.fluid.2015.03.013,unverified,0.5,isobaric,0.9629629629629629,isobaric,390.2,389.2204895019531,,,3.0517578125e-05,True,False,48,CC(=O)N(C)C,mol_b8ccf255e2b62919,0.19699999999999995,0.05600000000000005,0.06362473964691162,1.4330450296401978,22.830177307128906,CCC(C)OC(C)=O,mol_879306ab1082c162,0.803,0.944,0.9363752603530884,1.024200677871704,115.33434295654297,,,,,,,
state_5f528cfa47970005a2d6f02f,3c_e0e1cd9a389a64136bfe,3,ternary_vle_english.xlsx,10.1016/j.fluid.2013.10.060,unverified,0.5,isobaric,0.9736842105263158,isobaric,331.51,332.37847900390625,,,1.52587890625e-05,True,False,48,C1CCOCC1,mol_626f3d1f5bbb6f55,0.10999999999999999,0.04699999999999993,0.053721968084573746,1.103948712348938,41.585147857666016,CCCCCC,mol_c55e04e90e298cf6,0.497,0.616,0.5895503163337708,1.4798890352249146,75.34652709960938,CCO,mol_f29e20f49d416e54,0.393,0.337,0.3567277491092682,1.855568289756775,45.9827880859375
state_5fcd3450489320ca12130241,2c_e06683c33855ee8d702b,2,binary_vle_english.xlsx,10.1016/j.fluid.2012.12.020,unverified,0.5,isobaric,0.9565217391304348,isobaric,359.27,360.3865966796875,,,0.000244140625,True,False,48,CC(C)O,mol_db030b5de88f8eaf,0.7957,0.9448,0.9379114508628845,0.999344527721405,119.1295394897461,CCCCO,mol_ad4ef9c6c876ca2f,0.20430000000000004,0.05520000000000003,0.06208855286240578,1.00885808467865,30.42533302307129,,,,,,,
state_60a8e0646ce8a2ae6bdfdf1f,3c_6aa06918a7fe0a120990,3,ternary_vle_english.xlsx,10.1016/j.fluid.2015.07.029,unverified,0.5,isobaric,0.9285714285714286,isobaric,400.65999999999997,404.43560791015625,,,4.57763671875e-05,True,False,48,CCC(C)O,mol_06affb0d2c6c8ff2,0.048,0.06,0.0887647345662117,0.6176692247390747,303.28619384765625,CCC(C)OC(C)=O,mol_879306ab1082c162,0.291,0.833,0.7900692820549011,1.5135987997055054,181.70663452148438,CS(C)=O,mol_7d3e12eaed0f467c,0.661,0.10699999999999998,0.12116595357656479,1.049735426902771,17.689218521118164
state_60be4b38960308a0a1631d03,2c_41231e1cce231dacd490,2,binary_vle_english.xlsx,10.1016/j.jct.2019.01.027,unverified,0.5,isobaric,0.9411764705882353,isobaric,366.65,366.7049560546875,,,-9.1552734375e-05,True,False,48,COC(=O)OC,mol_0ec85594f0f896ea,0.8276,0.9399,0.9547224640846252,1.002435564994812,116.5759506225586,Cc1ccc(C)cc1,mol_e7658ba520613aac,0.1724,0.06010000000000004,0.04527756944298744,1.1113098859786987,23.939743041992188,,,,,,,
state_6116d2a12d1faf9eab40e614,2c_74a658fab9cc22057bbd,2,binary_vle_english.xlsx,10.1016/j.jct.2019.03.036,unverified,0.5,isobaric,0.9473684210526315,isobaric,374.62,374.3956298828125,,,0.0001068115234375,True,False,48,CCCOC(C)=O,mol_67043ae833ecd0c7,1.0,1.0,1.0,1.0,101.30004119873047,CS(C)=O,mol_7d3e12eaed0f467c,0.0,0.0,0.0,2.42482590675354,5.929408550262451,,,,,,,
state_61365eb9b7ffe3dfd5e715b9,2c_bcadcb4c5d803465b404,2,binary_vle_english.xlsx,10.1016/j.fluid.2007.09.014,unverified,0.5,isobaric,0.9523809523809523,isobaric,355.34999999999997,356.12310791015625,,,7.62939453125e-06,True,False,48,CC(C)O,mol_db030b5de88f8eaf,1.0,1.0,1.0,1.0,101.29994201660156,COCCO,mol_d291b272a64498d9,0.0,0.0,0.0,1.3414634466171265,22.659900665283203,,,,,,,
state_61bb1ce541651a78f871ba7f,2c_0cbe98474ca1c811520c,2,binary_vle_english.xlsx,10.1016/j.fluid.2006.08.004,unverified,0.5,isobaric,0.9473684210526315,isobaric,344.59,345.68902587890625,,,0.0012969970703125,True,False,48,CC(C)CC(C)(C)C,mol_57615b5c3546c298,0.15100000000000002,0.06999999999999995,0.08063367754220963,1.1991387605667114,45.11124801635742,CC(C)OC(C)C,mol_1a0ca8e5eeb68da8,0.849,0.93,0.9193663597106934,1.0056394338607788,109.08206939697266,,,,,,,
state_622ba3dc3370729f2b98dad3,2c_045f196d049de4abb690,2,binary_vle_english.xlsx,10.1016/j.jct.2004.09.009,unverified,0.5,isobaric,0.9696969696969697,isobaric,361.92999999999995,361.4437561035156,,,0.0002899169921875,True,False,48,CCC(C)O,mol_06affb0d2c6c8ff2,0.25880000000000003,0.2551,0.2403462827205658,1.4773385524749756,63.6800651550293,COC(=O)OC,mol_0ec85594f0f896ea,0.7412,0.7449,0.7596537470817566,1.0549689531326294,98.41266632080078,,,,,,,
state_623f1f2bf937c09119decd84,2c_30c0b771d8db238964cd,2,binary_vle_english.xlsx,10.1016/j.jct.2003.09.001,unverified,0.5,isobaric,0.9285714285714286,isobaric,322.94,321.6379699707031,,,4.57763671875e-05,True,False,48,C1COCO1,mol_7a351e48494919fc,0.845,0.8787,0.8664067387580872,1.0159926414489746,40.367835998535156,CC(C)(C)O,mol_9c31aaa032950e85,0.15500000000000003,0.12129999999999996,0.13359327614307404,1.4607959985733032,23.600666046142578,,,,,,,
state_62ab449138129ceb9451f6c8,2c_f6e4afdc0101fe369605,2,binary_vle_english.xlsx,10.1016/j.jct.2004.09.009,unverified,0.5,isobaric,0.9629629629629629,isobaric,374.21,373.0826721191406,,,-8.392333984375e-05,True,False,48,CC1CCCCC1,mol_bdf6ddfdabc4e204,0.8635,0.8879,0.8928519487380981,1.0211340188980103,102.57539367675781,CCOC(=O)OCC,mol_4df2781fcf4d4a77,0.13649999999999995,0.11209999999999998,0.10714802145957947,1.7992684841156006,44.1941032409668,,,,,,,
state_62cf9a93f55d5ef82befabb0,2c_cf0c7a81519bf48241a1,2,binary_vle_english.xlsx,10.1016/j.fluid.2007.03.030,unverified,0.5,isobaric,0.9545454545454546,isobaric,363.15999999999997,363.46258544921875,,,0.00020599365234375,True,False,48,CCCOCCC,mol_e13b90e4aa2e917d,1.0,1.0,1.0,1.0,101.30014038085938,CCOCCO,mol_ab8630148ae67e51,0.0,0.0,0.0,3.1749701499938965,20.663837432861328,,,,,,,
state_62fceb0b1cf8730cf4e6b8b7,3c_2d8df0569d9d03284715,3,ternary_vle_english.xlsx,10.1016/j.fluid.2007.06.005,unverified,0.5,isobaric,0.9807692307692307,isobaric,344.28999999999996,344.6086120605469,,,-7.62939453125e-05,True,False,48,CC(C)CC(C)(C)C,mol_57615b5c3546c298,0.21099999999999997,0.2689999999999999,0.30668872594833374,3.3832035064697266,43.520721435546875,CCC(C)=O,mol_4cfc5db0ca2ab00b,0.049,0.058,0.055801860988140106,1.3948298692703247,82.70660400390625,CCO,mol_f29e20f49d416e54,0.74,0.673,0.6375094056129456,1.140202283859253,76.53882598876953
state_636d886fa2cbc1bfc27b4e82,2c_3ee312d94970782dd931,2,binary_vle_english.xlsx,10.1016/j.jct.2019.02.006,unverified,0.5,isobaric,0.9230769230769231,isobaric,353.94,352.2647399902344,,,0.0001068115234375,True,False,48,C1CCCCC1,mol_893981623557f359,1.0,1.0,1.0,1.0,101.30004119873047,CCCCCCC,mol_fddb2c852c313396,0.0,0.0,0.0,1.0657932758331299,54.176414489746094,,,,,,,
state_646ae86ff1af3e64dabc6adb,2c_a1a215858c9235f0cf6a,2,binary_vle_english.xlsx,10.1016/j.fluid.2015.03.013,unverified,0.5,isobaric,0.9666666666666667,isobaric,374.82,374.93011474609375,,,0.0013580322265625,True,False,48,CC(=O)N(C)C,mol_b8ccf255e2b62919,0.062000000000000055,0.0050000000000000044,0.004088810179382563,0.4926736056804657,13.560039520263672,CCC(C)O,mol_06affb0d2c6c8ff2,0.938,0.995,0.995911180973053,0.9959951043128967,107.9880142211914,,,,,,,
state_65519d748c20a33f59403b5c,3c_2cb16216a8c609b7ad27,3,ternary_vle_english.xlsx,10.1016/j.fluid.2005.09.015,unverified,0.5,isobaric,0.9767441860465116,isobaric,381.47999999999996,381.4783020019531,,,-3.0517578125e-05,True,False,48,CC(=O)OCC(C)C,mol_e7eb29ad965cc8ee,0.053,0.055,0.05530468374490738,1.350780963897705,78.25464630126953,CC(C)CO,mol_015d21fca05fcd26,0.891,0.922,0.9236174821853638,1.0055971145629883,104.42378997802734,CCCCOC(=O)CC,mol_a9c167bbb331e76a,0.05599999999999994,0.02299999999999991,0.02107785828411579,1.3699607849121094,27.831674575805664
state_65804a42f34e77ae28d8b97c,2c_1423cf5c6cbb9a123e33,2,binary_vle_english.xlsx,10.1016/j.fluid.2008.09.010,unverified,0.5,isobaric,0.9375,isobaric,358.45,356.8775329589844,,,-1.9073486328125e-06,True,False,48,CC(=O)O,mol_9ac385b135af0125,0.7464,0.9952,0.995530903339386,0.5923507213592529,30.014652252197266,CS(C)=O,mol_7d3e12eaed0f467c,0.25360000000000005,0.0048000000000000265,0.004469104576855898,0.08158368617296219,2.8793671131134033,,,,,,,
state_65ee55987c192f23ffc5a286,2c_94ed5d0a73a3c26e5ef5,2,binary_vle_english.xlsx,10.1016/j.fluid.2011.06.009,unverified,0.5,isobaric,0.9375,isobaric,308.09999999999997,306.85321044921875,,,-9.5367431640625e-07,True,False,48,CCO,mol_f29e20f49d416e54,0.656,0.737,0.7630001902580261,1.0980432033538818,13.929214477539062,O,mol_e81dc06beaa39499,0.344,0.263,0.23699982464313507,1.575776219367981,5.749370098114014,,,,,,,
state_6651f115622c1628f329f2df,3c_1a08c4f653f7d812cdc9,3,ternary_vle_english.xlsx,10.1016/j.jct.2019.03.036,unverified,0.5,isobaric,0.972972972972973,isobaric,374.83,372.6156921386719,,,-7.62939453125e-05,True,False,48,CCCOC(C)=O,mol_67043ae833ecd0c7,0.0244,0.0564,0.025366634130477905,1.1028497219085693,95.4916763305664,CCOC(C)=O,mol_18876b584acc43d4,0.3735,0.9136,0.9401227831840515,1.258536696434021,202.5988311767578,CS(C)=O,mol_7d3e12eaed0f467c,0.6021000000000001,0.030000000000000027,0.03451060503721237,1.0505343675613403,5.52691125869751
state_671ea9ff4f73ff729abc7eb1,2c_d66c7a74cea5d8732e08,2,binary_vle_english.xlsx,10.1016/j.jct.2006.04.006,unverified,0.5,isobaric,0.9444444444444444,isobaric,353.29999999999995,354.0495910644531,,,-3.814697265625e-05,True,False,48,CC(C)O,mol_db030b5de88f8eaf,0.513,0.605,0.6072648167610168,1.2826764583587646,93.48729705810547,O,mol_e81dc06beaa39499,0.487,0.395,0.39273515343666077,1.6300150156021118,50.117366790771484,,,,,,,
state_678f6c2fd8bbfd05adc1b796,2c_5481356f0b4c42a123fa,2,binary_vle_english.xlsx,10.1016/j.fluid.2014.04.025,unverified,0.5,isobaric,0.9375,isobaric,379.12,380.7223205566406,,,7.62939453125e-06,True,False,48,COCCO,mol_d291b272a64498d9,0.351,0.3164,0.3093670606613159,1.479506254196167,60.34750747680664,Cc1ccccc1,mol_1c09299644053521,0.649,0.6836,0.6906329393386841,1.1965441703796387,90.09133911132812,,,,,,,
state_68f1a56dfb423a64accb345c,2c_9f31aad1f9974e54ecb0,2,binary_vle_english.xlsx,10.1016/j.jct.2017.07.019,unverified,0.5,isobaric,0.95,isobaric,379.75,379.7637939453125,,,0.00104522705078125,True,False,48,Cc1ccc(C)cc1,mol_e7658ba520613aac,0.4285,0.2521,0.2270824909210205,1.4406864643096924,37.26293182373047,OCC(F)(F)C(F)F,mol_48469952cf716332,0.5715,0.7479,0.7729175090789795,1.2969810962677002,105.63233947753906,,,,,,,
state_69bb88d73f263e2402639f30,3c_e0e1cd9a389a64136bfe,3,ternary_vle_english.xlsx,10.1016/j.fluid.2013.10.060,unverified,0.5,isobaric,0.9736842105263158,isobaric,331.71999999999997,332.60296630859375,,,-1.52587890625e-05,True,False,48,C1CCOCC1,mol_626f3d1f5bbb6f55,0.10799999999999998,0.050000000000000044,0.05366167798638344,1.114192008972168,41.91874313354492,CCCCCC,mol_c55e04e90e298cf6,0.399,0.599,0.5696282982826233,1.7676149606704712,75.92045593261719,CCO,mol_f29e20f49d416e54,0.493,0.351,0.37671002745628357,1.5469787120819092,46.430538177490234
state_6ac944ab3b762ec23f6d0eb7,2c_50cae961bcfb98dfb10a,2,binary_vle_english.xlsx,10.1016/j.fluid.2013.05.019,passed,1.0,full_state,0.5714285714285714,isobaric,346.27,335.22735595703125,,,0.0002288818359375,True,False,48,CC(C)=C(C)C,mol_ac85c03b48dc0205,0.999803,0.999911,0.9998543858528137,1.0,101.33550262451172,c1ccsc1,mol_7953343be0b435d5,0.000197,8.9e-05,0.00014564192679245025,1.6444718837738037,45.554683685302734,,,,,,,
state_6aeab011ebaf6769f97391ee,2c_01b27b0603388a2088b7,2,binary_vle_english.xlsx,10.1016/j.fluid.2005.01.007,unverified,0.5,isobaric,0.9545454545454546,isobaric,330.16999999999996,328.2198791503906,,,-3.0517578125e-05,True,False,48,CC(C)=O,mol_e04cf77cea7bbe66,0.901,0.929,0.9347732663154602,1.0077670812606812,104.30763244628906,CCO,mol_f29e20f49d416e54,0.09899999999999998,0.07099999999999995,0.06522675603628159,1.7413703203201294,38.33488845825195,,,,,,,
state_6b4dfe4d73d0efa7db024458,2c_42d2383a8e4daebeb5e1,2,binary_vle_english.xlsx,10.1016/j.fluid.2010.08.002,unverified,0.5,isobaric,0.9333333333333333,isobaric,354.76,356.5255432128906,,,2.288818359375e-05,True,False,48,CCCCCCC,mol_fddb2c852c313396,0.877,0.938,0.9427496790885925,1.0320321321487427,62.49639892578125,CCCOCCO,mol_770d75a3bb2412ce,0.123,0.062000000000000055,0.057250332087278366,3.126725912094116,8.931707382202148,,,,,,,
state_6b5143797f62ee7b74851986,3c_bd75ed1e70032dcf0b2e,3,ternary_vle_english.xlsx,10.1016/j.fluid.2014.09.021,unverified,0.5,isobaric,0.9444444444444444,isobaric,401.48,402.52081298828125,,,0.00046539306640625,True,False,48,CCC(C)O,mol_06affb0d2c6c8ff2,0.21,0.439,0.4338895380496979,0.734561026096344,284.93328857421875,CCC(C)OC(C)=O,mol_879306ab1082c162,0.067,0.187,0.19261111319065094,1.6938303709030151,171.928466796875,CN(C)C=O,mol_ca12d6d2f2ffb170,0.723,0.374,0.3734993636608124,0.9765999913215637,53.58534240722656
state_6b901f878e077011af6f4611,2c_4e1effd6e44016fa9e71,2,binary_vle_english.xlsx,10.1016/j.fluid.2019.03.022,passed,1.0,isobaric,0.95,isobaric,331.74,331.71832275390625,,,-5.340576171875e-05,True,False,48,CO,mol_a85d32e4db2ff39c,0.44499999999999995,0.5860000000000001,0.5866974592208862,1.6905202865600586,79.00285339355469,c1ccccc1,mol_7165dcf6be1f831d,0.555,0.414,0.413302481174469,1.4999433755874634,50.293182373046875,,,,,,,
state_6c5f1d0d5629178a94b2cc63,2c_7c57a80413db66443080,2,binary_vle_english.xlsx,10.1016/j.jct.2010.05.014,unverified,0.5,isobaric,0.9615384615384616,isobaric,394.34999999999997,396.13916015625,,,-5.7220458984375e-05,True,False,48,CCC(=O)O,mol_86c4db256d6270c6,0.07809999999999995,0.07030000000000003,0.06041213124990463,0.7280722260475159,56.627254486083984,CCCCCO,mol_243de2450bee5519,0.9219,0.9297,0.9395878911018372,1.0005346536636353,54.29356384277344,,,,,,,
state_6d8569d50d837f59ca7c88fc,2c_ca2ff513d4ae36f2f8e1,2,binary_vle_english.xlsx,10.1016/j.jct.2016.10.001,unverified,0.5,isobaric,0.9,isobaric,360.9,362.0118103027344,,,0.00121307373046875,True,False,48,CCCO,mol_5fb2f93dc8caa9dc,0.354,0.415,0.3959885835647583,1.5634031295776367,72.48077392578125,O,mol_e81dc06beaa39499,0.646,0.585,0.6040114164352417,1.3866493701934814,68.30622863769531,,,,,,,
state_6e1237e515519fd072d12b80,2c_e8b98868a6b90d408930,2,binary_vle_english.xlsx,10.1016/j.fluid.2015.09.039,unverified,0.5,isobaric,0.96875,isobaric,426.03,424.0418701171875,,,-7.62939453125e-06,True,False,48,CN(C)C=O,mol_ca12d6d2f2ffb170,0.986,0.996,0.995965838432312,0.9999513030052185,102.32878112792969,CS(C)=O,mol_7d3e12eaed0f467c,0.014000000000000012,0.0040000000000000036,0.004034144338220358,0.8789728283882141,33.2090950012207,,,,,,,
state_6e1d7a5ee8f49b26e77cebcf,2c_35cc53cd52979773cfcb,2,binary_vle_english.xlsx,10.1016/j.fluid.2015.08.014,unverified,0.5,isobaric,0.9473684210526315,isobaric,340.94,341.8941955566406,,,-1.52587890625e-05,True,False,48,CO,mol_a85d32e4db2ff39c,0.895,1.0,0.9993324279785156,0.965559184551239,117.14321899414062,CS(C)=O,mol_7d3e12eaed0f467c,0.10499999999999998,0.0,0.0006676171324215829,0.4400268495082855,1.4637540578842163,,,,,,,
state_6ed8dabeb2f75d2945345110,3c_1a08c4f653f7d812cdc9,3,ternary_vle_english.xlsx,10.1016/j.jct.2019.03.036,unverified,0.5,isobaric,0.972972972972973,isobaric,374.80999999999995,373.8104553222656,,,0.0,True,False,48,CCCOC(C)=O,mol_67043ae833ecd0c7,0.0472,0.1079,0.05176083371043205,1.1180540323257446,99.35863494873047,CCOC(C)=O,mol_18876b584acc43d4,0.358,0.862,0.9120261669158936,1.230041742324829,209.8039093017578,CS(C)=O,mol_7d3e12eaed0f467c,0.5948,0.030100000000000016,0.03621299937367439,1.0643786191940308,5.794374465942383
state_6f52341f0fe8701a91251c5f,2c_7b12ee2d0e35e39326bc,2,binary_vle_english.xlsx,10.1016/j.fluid.2011.08.007,unverified,0.5,isobaric,0.9666666666666667,isobaric,335.55999999999995,335.9461669921875,,,0.0008392333984375,True,False,48,CCOCCO,mol_ab8630148ae67e51,0.0,0.0,0.0,0.9015572667121887,5.9660844802856445,CO,mol_a85d32e4db2ff39c,1.0,1.0,1.0,1.0,93.3208999633789,,,,,,,
state_6f6e1140468cd33ec00f7912,2c_50cae961bcfb98dfb10a,2,binary_vle_english.xlsx,10.1016/j.fluid.2013.05.019,passed,1.0,full_state,0.5714285714285714,isobaric,346.27,335.2428283691406,,,0.00031280517578125,True,False,48,CC(C)=C(C)C,mol_ac85c03b48dc0205,0.999216,0.999564,0.9994202256202698,1.000000238418579,101.35105895996094,c1ccsc1,mol_7953343be0b435d5,0.000784,0.000436,0.0005797162302769721,1.6438792943954468,45.5794563293457,,,,,,,
state_6ffd3d47772b84d56c333546,2c_7e396008deb1d14f8e15,2,binary_vle_english.xlsx,10.1016/j.fluid.2015.11.007,passed,1.0,isobaric,0.9090909090909091,isobaric,328.04999999999995,329.53558349609375,,,0.0,True,False,48,CC(=O)N(C)C,mol_b8ccf255e2b62919,0.125,0.0010000000000000009,0.0007277447148226202,0.021221155300736427,1.9204165935516357,CC(=O)O,mol_9ac385b135af0125,0.875,0.999,0.9992722868919373,0.8942211270332336,8.93976879119873,,,,,,,
state_701094d228b0547c50ccc7c0,2c_f33ec9a350eb94b685d6,2,binary_vle_english.xlsx,10.1016/j.jct.2011.10.025,unverified,0.5,isobaric,0.9545454545454546,isobaric,361.45,359.8116455078125,,,3.814697265625e-05,True,False,48,C1CCOCC1,mol_626f3d1f5bbb6f55,0.951,0.962,0.9628816843032837,1.0001945495605469,102.545654296875,CC(C)CC(C)(C)C,mol_57615b5c3546c298,0.049000000000000044,0.038000000000000034,0.037118326872587204,1.0853157043457031,70.70426177978516,,,,,,,
state_7032cfef7b8e0258caf1b06c,2c_37c45ee575c800aa7033,2,binary_vle_english.xlsx,10.1016/j.fluid.2005.09.015,unverified,0.5,isobaric,0.9545454545454546,isobaric,390.84999999999997,390.5482177734375,,,0.0001068115234375,True,False,48,CC(=O)OCC(C)C,mol_e7eb29ad965cc8ee,0.944,0.976,0.9788939952850342,0.9998944997787476,105.05558013916016,CCCCOC(=O)CC,mol_a9c167bbb331e76a,0.05600000000000005,0.02400000000000002,0.021105995401740074,0.9926270842552185,38.46283721923828,,,,,,,
state_70e28f3ee8eabb7b23f23e8e,2c_ca2ff513d4ae36f2f8e1,2,binary_vle_english.xlsx,10.1016/j.jct.2017.06.014,unverified,0.5,isobaric,0.9545454545454546,isobaric,360.90999999999997,362.11578369140625,,,0.00127410888671875,True,False,48,CCCO,mol_5fb2f93dc8caa9dc,0.288,0.411,0.3813094198703766,1.8427485227584839,72.78361511230469,O,mol_e81dc06beaa39499,0.712,0.589,0.618690550327301,1.2836039066314697,68.57677459716797,,,,,,,
state_70fe04cbe67d6a602095d6f9,2c_7b12ee2d0e35e39326bc,2,binary_vle_english.xlsx,10.1016/j.fluid.2011.08.007,unverified,0.5,isobaric,0.9642857142857143,isobaric,333.09999999999997,333.4646911621094,,,5.340576171875e-05,True,False,48,CCOCCO,mol_ab8630148ae67e51,0.21399999999999997,0.017000000000000015,0.016221921890974045,0.9569661021232605,5.280287265777588,CO,mol_a85d32e4db2ff39c,0.786,0.983,0.9837781190872192,0.9853613972663879,84.67293548583984,,,,,,,
state_7114583dec4fb8ffb27b7bdc,2c_6bea4d4b457d21637176,2,binary_vle_english.xlsx,10.1016/j.fluid.2006.07.003,unverified,0.5,isobaric,0.9545454545454546,isobaric,370.21,371.0985107421875,,,0.00023651123046875,True,False,48,CCCCCO,mol_243de2450bee5519,0.026000000000000023,0.0050000000000000044,0.005539970006793737,1.1056405305862427,19.522268295288086,CCCO,mol_5fb2f93dc8caa9dc,0.974,0.995,0.9944599866867065,1.0000274181365967,103.42526245117188,,,,,,,
state_727f2296bdc201b148bd9f4d,2c_3c1769052d07951ac3d7,2,binary_vle_english.xlsx,10.1016/j.fluid.2016.08.011,passed,1.0,isobaric,0.9375,isobaric,348.54999999999995,348.1609191894531,,,9.918212890625e-05,True,False,48,CC(C)O,mol_db030b5de88f8eaf,0.269,0.275,0.28312215209007263,1.4399003982543945,74.0455093383789,CCOC(C)=O,mol_18876b584acc43d4,0.731,0.725,0.7168778777122498,1.056872844696045,93.99713897705078,,,,,,,
state_7314233b6a39f7b5d3fb1380,3c_e0e1cd9a389a64136bfe,3,ternary_vle_english.xlsx,10.1016/j.fluid.2013.10.060,unverified,0.5,isobaric,0.9736842105263158,isobaric,331.35999999999996,332.489501953125,,,4.57763671875e-05,True,False,48,C1CCOCC1,mol_626f3d1f5bbb6f55,0.1180000000000001,0.050000000000000044,0.05924384668469429,1.1304056644439697,41.74985885620117,CCCCCC,mol_c55e04e90e298cf6,0.587,0.631,0.609031081199646,1.2895435094833374,75.6298828125,CCO,mol_f29e20f49d416e54,0.295,0.319,0.33172500133514404,2.2877414226531982,46.20376205444336
state_74d2d83e052d21bbcecd02c5,2c_ca2ff513d4ae36f2f8e1,2,binary_vle_english.xlsx,10.1016/j.jct.2016.10.001,unverified,0.5,isobaric,0.8181818181818182,isobaric,361.0,362.0746765136719,,,0.0012359619140625,True,False,48,CCCO,mol_5fb2f93dc8caa9dc,0.312,0.411,0.38581591844558716,1.7239397764205933,72.66376495361328,O,mol_e81dc06beaa39499,0.688,0.589,0.6141840815544128,1.3207662105560303,68.46973419189453,,,,,,,
state_74db72352abd874da1e52f8c,2c_94ed5d0a73a3c26e5ef5,2,binary_vle_english.xlsx,10.1016/j.fluid.2011.06.009,unverified,0.5,isobaric,0.9375,isobaric,307.5,305.7851867675781,,,2.86102294921875e-06,True,False,48,CCO,mol_f29e20f49d416e54,0.911,0.914,0.9203190803527832,1.0069504976272583,13.192809104919434,O,mol_e81dc06beaa39499,0.08899999999999997,0.08599999999999997,0.0796809121966362,2.1672446727752686,5.43227481842041,,,,,,,
state_74e696bd3aa509f3bd2b70e3,2c_f4090d8339a2ac959e8c,2,binary_vle_english.xlsx,10.1016/j.fluid.2017.09.010,unverified,0.5,isobaric,0.8888888888888888,isobaric,355.29999999999995,356.023193359375,,,3.814697265625e-05,True,False,48,CC(C)O,mol_db030b5de88f8eaf,0.9781,0.9764,0.9776376485824585,1.0004080533981323,100.91107940673828,CCCOC(C)=O,mol_67043ae833ecd0c7,0.02190000000000003,0.023599999999999954,0.022362330928444862,1.9267045259475708,53.52777862548828,,,,,,,
state_75e2fd67fab95a554a890203,2c_b94de72ffbeb53d6294b,2,binary_vle_english.xlsx,10.1016/j.fluid.2014.04.025,unverified,0.5,isobaric,0.9285714285714286,isobaric,385.67999999999995,387.2235107421875,,,6.103515625e-05,True,False,48,CS(C)=O,mol_7d3e12eaed0f467c,0.10440000000000005,0.018000000000000016,0.022473197430372238,2.2586212158203125,9.654513359069824,Cc1ccccc1,mol_1c09299644053521,0.8956,0.982,0.9775267839431763,1.014899730682373,108.9433822631836,,,,,,,
state_769e439166535ea230fb3cf5,2c_ba6de3f53ea6de13738b,2,binary_vle_english.xlsx,10.1016/j.fluid.2006.02.009,unverified,0.5,isobaric,0.9523809523809523,isobaric,322.41999999999996,322.0807800292969,,,1.52587890625e-05,True,False,48,CCC(C)Cl,mol_9f4835d3aad75f1c,1.0,1.0,1.0,1.0,53.30002975463867,Cc1ccccc1,mol_1c09299644053521,0.0,0.0,0.0,1.116753339767456,11.476758003234863,,,,,,,
state_76e8a9f0514429788fcdb52a,2c_03ee8ab4245c0677d4ed,2,binary_vle_english.xlsx,10.1016/j.fluid.2018.05.024,unverified,0.5,isobaric,0.9047619047619048,isobaric,348.25,348.4935302734375,,,8.392333984375e-05,True,False,48,CCO,mol_f29e20f49d416e54,0.639,0.679,0.663180947303772,1.1771104335784912,89.3148193359375,COC(=O)OC,mol_0ec85594f0f896ea,0.361,0.32099999999999995,0.33681899309158325,1.4892548322677612,63.464351654052734,,,,,,,
state_7723c2c378ba108b88c80760,2c_c75645cb5ece049b7827,2,binary_vle_english.xlsx,10.1016/j.fluid.2015.10.035,passed,1.0,isobaric,0.9375,isobaric,348.42999999999995,349.3937683105469,,,3.814697265625e-05,True,False,48,CC#N,mol_7028b7cbd3d829b4,0.499,0.519,0.509813666343689,1.2706464529037476,81.45083618164062,CC(C)O,mol_db030b5de88f8eaf,0.501,0.481,0.49018627405166626,1.2739514112472534,77.80005645751953,,,,,,,
state_77d92e4cea81fb253c6da1c7,2c_ca2ff513d4ae36f2f8e1,2,binary_vle_english.xlsx,10.1016/j.fluid.2017.05.012,unverified,0.5,isobaric,0.9411764705882353,isobaric,360.9,361.8943176269531,,,0.00115203857421875,True,False,48,CCCO,mol_5fb2f93dc8caa9dc,0.4054,0.4,0.4125936031341553,1.42491614818573,72.13990783691406,O,mol_e81dc06beaa39499,0.5946,0.6,0.5874063968658447,1.46730637550354,68.00159454345703,,,,,,,
state_7808ad8cee4eb5bccee71c8e,2c_c75645cb5ece049b7827,2,binary_vle_english.xlsx,10.1016/j.fluid.2015.10.035,passed,1.0,isobaric,0.9375,isobaric,348.4,349.39813232421875,,,3.814697265625e-05,True,False,48,CC#N,mol_7028b7cbd3d829b4,0.5509999999999999,0.5449999999999999,0.5373823642730713,1.2127690315246582,81.4635009765625,CC(C)O,mol_db030b5de88f8eaf,0.449,0.455,0.4626176059246063,1.341310739517212,77.81363677978516,,,,,,,
state_786dc82fc6e8683acca32f5d,2c_7089ceccf9a6ce828d93,2,binary_vle_english.xlsx,10.1016/j.fluid.2018.07.013,unverified,0.5,isobaric,0.9545454545454546,isobaric,348.65,350.6075744628906,,,5.340576171875e-05,True,False,48,CCCCCCCC,mol_8151bb583f7f3ebd,0.1744,0.1411,0.14034777879714966,4.018710136413574,20.285314559936523,CCO,mol_f29e20f49d416e54,0.8256,0.8589,0.8596522808074951,1.0873799324035645,97.00211334228516,,,,,,,
state_78a8c9ce5039977d0b4395e4,3c_65250b1389afa8bc1bcc,3,ternary_vle_english.xlsx,10.1016/j.fluid.2013.01.020,unverified,0.5,isothermal,0.9655172413793104,isothermal,,,28.900023066623998,30.71831512451172,0.0,True,False,48,CC(=O)C(C)C,mol_b650f1cc3cac74aa,0.6916,0.3509,0.34285277128219604,1.060070514678955,14.36531925201416,CC(C)C(C)C,mol_7347d05012022dd9,0.0843,0.2875,0.2822190225124359,1.7111517190933228,60.09904861450195,CC(C)OC(C)C,mol_1a0ca8e5eeb68da8,0.2241,0.3616,0.37492817640304565,1.2872653007507324,39.92414093017578
state_78bec1b986ec79cb10be6b38,3c_65250b1389afa8bc1bcc,3,ternary_vle_english.xlsx,10.1016/j.fluid.2013.01.020,unverified,0.5,isothermal,0.9655172413793104,isothermal,,,25.080070578688,26.308307647705078,-1.9073486328125e-06,True,False,48,CC(=O)C(C)C,mol_b650f1cc3cac74aa,0.8685,0.48550000000000004,0.4810061454772949,1.0142812728881836,14.36531925201416,CC(C)C(C)C,mol_7347d05012022dd9,0.0946,0.4386,0.4360675811767578,2.017845869064331,60.09904861450195,CC(C)OC(C)C,mol_1a0ca8e5eeb68da8,0.0369,0.0759,0.08292631059885025,1.4808915853500366,39.92414093017578
state_78c721aeadd0ef01fe984d99,2c_a948b12e7b27db3902e0,2,binary_vle_english.xlsx,10.1016/j.jct.2009.04.006,unverified,0.5,isothermal,0.9285714285714286,isothermal,,,4.310045512704001,3.8911585807800293,0.0,True,False,48,CCCCCl,mol_f7989a5c13417f20,0.242,0.885,0.8762518763542175,1.0803661346435547,13.04132080078125,O=C1CCCCC1,mol_09f0d60d139abab5,0.758,0.11499999999999999,0.12374811619520187,1.0118470191955566,0.6278175711631775,,,,,,,
state_78d931805be341858943e16f,2c_8742372ba72e435a7962,2,binary_vle_english.xlsx,10.1016/j.fluid.2013.01.020,unverified,0.5,isothermal,0.9473684210526315,isothermal,,,28.870025533824,30.6356201171875,-1.9073486328125e-06,True,False,48,CC(=O)C(C)C,mol_b650f1cc3cac74aa,0.8468,0.42010000000000003,0.4065432548522949,1.0238522291183472,14.36531925201416,CC(C)C(C)C,mol_7347d05012022dd9,0.1532,0.5799,0.5934567451477051,1.9746464490890503,60.09904861450195,,,,,,,
state_79ad984aee5a652e232a337a,3c_485aadc678c8a7fb274c,3,ternary_vle_english.xlsx,10.1016/j.fluid.2011.05.011,unverified,0.5,isothermal,0.9642857142857143,isothermal,,,18.359956619648003,17.556461334228516,0.0,True,False,48,CC(=O)CC(C)C,mol_0a895444a9f0f36b,0.09089999999999998,0.10750000000000004,0.09134486317634583,1.2177202701568604,14.488042831420898,CC(C)CC(C)(C)C,mol_57615b5c3546c298,0.0487,0.3013,0.2582053244113922,3.1749167442321777,29.31844139099121,CC(C)CO,mol_015d21fca05fcd26,0.8604,0.5912,0.650449812412262,1.0081018209457397,13.165760040283203
state_7a6244f5941c1463e56fd3ad,2c_4cc4055379eb0154120e,2,binary_vle_english.xlsx,10.1016/j.fluid.2010.01.006,unverified,0.5,isothermal,0.9629629629629629,isothermal,,,280.999955329664,294.14361572265625,0.0,True,False,48,CCCC,mol_fadb5806094149e6,0.5992,0.9639,0.9709324240684509,1.0580459833145142,450.4764404296875,CCSCC,mol_a7491cfbf016fee6,0.40080000000000005,0.03610000000000002,0.029067622497677803,1.124276876449585,18.974395751953125,,,,,,,
state_7a65034b7cd0fa9cb98444a9,2c_ab90a05e58432c71abba,2,binary_vle_english.xlsx,10.1016/j.fluid.2011.05.011,unverified,0.5,isothermal,0.9411764705882353,isothermal,,,14.679992618112,14.704769134521484,-9.5367431640625e-07,True,False,48,CC(=O)CC(C)C,mol_0a895444a9f0f36b,0.9951,0.9783,0.9804524779319763,1.0000190734863281,14.488042831420898,CC(C)CC(C)(C)C,mol_57615b5c3546c298,0.0049,0.0217,0.01954757422208786,2.000847816467285,29.31844139099121,,,,,,,
state_7ab0ab9d354cb05a645ab286,2c_8742372ba72e435a7962,2,binary_vle_english.xlsx,10.1016/j.fluid.2013.01.020,unverified,0.5,isothermal,0.9473684210526315,isothermal,,,55.129999069312,60.09905242919922,-3.814697265625e-06,True,False,48,CC(=O)C(C)C,mol_b650f1cc3cac74aa,0.0,0.0,0.0,2.9504878520965576,14.36531925201416,CC(C)C(C)C,mol_7347d05012022dd9,1.0,1.0,1.0,1.0,60.09904861450195,,,,,,,
state_7ad3f5f930c99e792a02809e,2c_ea9da779580d9b792700,2,binary_vle_english.xlsx,10.1016/j.jct.2012.11.005,unverified,0.5,isothermal,0.9411764705882353,isothermal,,,42.329985162368,43.88201904296875,0.0,True,False,48,CC(C)OC(C)C,mol_1a0ca8e5eeb68da8,0.632,0.548,0.5732288360595703,1.3189901113510132,30.175607681274414,CO,mol_a85d32e4db2ff39c,0.368,0.45199999999999996,0.4267711937427521,2.0390806198120117,24.957406997680664,,,,,,,
state_7af57687d64717f043db28fc,3c_65250b1389afa8bc1bcc,3,ternary_vle_english.xlsx,10.1016/j.fluid.2013.01.020,unverified,0.5,isothermal,0.9655172413793104,isothermal,,,50.709962603007995,54.25007629394531,-3.814697265625e-06,True,False,48,CC(=O)C(C)C,mol_b650f1cc3cac74aa,0.22309999999999997,0.1069,0.10127388685941696,1.7142846584320068,14.36531925201416,CC(C)C(C)C,mol_7347d05012022dd9,0.7218,0.8527,0.8518489599227905,1.0653159618377686,60.09904861450195,CC(C)OC(C)C,mol_1a0ca8e5eeb68da8,0.0551,0.0404,0.046877093613147736,1.1560425758361816,39.92414093017578
state_7b484d6f9c7bed81561e8045,2c_500953d4ef1e1d57286b,2,binary_vle_english.xlsx,10.1016/j.fluid.2012.10.015,unverified,0.5,isothermal,0.9333333333333333,isothermal,,,12.169932395776,11.396408081054688,-9.5367431640625e-07,True,False,48,CCCCCl,mol_f7989a5c13417f20,0.6988,0.8908,0.8862853646278381,1.1083247661590576,13.04132080078125,CC[N+](=O)[O-],mol_6fdb0ec09de24512,0.3012,0.10919999999999996,0.11371463537216187,1.5686419010162354,2.7428719997406006,,,,,,,
state_7b77ff57d8b4fcf9852f090f,2c_b399893600891028146a,2,binary_vle_english.xlsx,10.1016/j.fluid.2016.10.024,unverified,0.5,isothermal,0.9523809523809523,isothermal,,,100.100033762816,105.98982238769531,0.0,True,False,48,CC(C)=O,mol_e04cf77cea7bbe66,0.834,0.958,0.9642320275306702,1.01216459274292,121.0677719116211,CCC(C)O,mol_06affb0d2c6c8ff2,0.16600000000000004,0.04200000000000004,0.03576795384287834,1.2479801177978516,18.299638748168945,,,,,,,
state_7c1e656486a32375d9b798d0,2c_4cc4055379eb0154120e,2,binary_vle_english.xlsx,10.1016/j.fluid.2010.01.006,unverified,0.5,isothermal,0.9629629629629629,isothermal,,,147.100034831488,150.11424255371094,0.0,True,False,48,CCCC,mol_fadb5806094149e6,0.2492,0.8955,0.9035360813140869,1.208223581314087,450.4764404296875,CCSCC,mol_a7491cfbf016fee6,0.7508,0.10450000000000004,0.09646392613649368,1.0164700746536255,18.974395751953125,,,,,,,
state_7d62ef262fc31d9883b25046,2c_500953d4ef1e1d57286b,2,binary_vle_english.xlsx,10.1016/j.fluid.2012.10.015,unverified,0.5,isothermal,0.9333333333333333,isothermal,,,13.589948937344001,12.646820068359375,0.0,True,False,48,CCCCCl,mol_f7989a5c13417f20,0.9254,0.957,0.9611899256706238,1.0072550773620605,13.04132080078125,CC[N+](=O)[O-],mol_6fdb0ec09de24512,0.0746,0.04300000000000004,0.038810018450021744,2.39872670173645,2.7428719997406006,,,,,,,
state_7d87ef0b1030c01c3b48463c,2c_6cdeaa0b12c0bcad5378,2,binary_vle_english.xlsx,10.1016/j.jct.2012.01.020,passed,1.0,isothermal,0.9,isothermal,,,19.409870267648,20.463756561279297,0.0,True,False,48,CC(C)CC(C)(C)C,mol_57615b5c3546c298,0.30100000000000005,0.248,0.2328265756368637,1.4154295921325684,11.183123588562012,CCOC(C)=O,mol_18876b584acc43d4,0.699,0.752,0.7671734094619751,1.0917575359344482,20.57195281982422,,,,,,,
state_7dc92dff0dbcf3c67a7adb59,2c_6f361cb0ec8be0b0e6dd,2,binary_vle_english.xlsx,10.1016/j.jct.2012.11.005,unverified,0.5,isothermal,0.9166666666666666,isothermal,,,42.219994208768,43.204872131347656,0.0,True,False,48,CC(C)OC(C)C,mol_1a0ca8e5eeb68da8,0.714,0.714,0.757186233997345,1.1476293802261353,39.92414093017578,CCO,mol_f29e20f49d416e54,0.28600000000000003,0.28600000000000003,0.24281372129917145,1.926226019859314,19.042882919311523,,,,,,,
state_7e39957b1deb4a6a5af75551,2c_acf6c70dfacb27974826,2,binary_vle_english.xlsx,10.1016/j.fluid.2012.05.016,unverified,0.5,isothermal,0.9411764705882353,isothermal,,,13.529953871744,13.740352630615234,0.0,True,False,48,CCCO,mol_5fb2f93dc8caa9dc,0.9384,0.848,0.8660693168640137,1.0029327869415283,12.644181251525879,CCCOC(C)=O,mol_67043ae833ecd0c7,0.0616,0.152,0.13393071293830872,2.094135284423828,14.265684127807617,,,,,,,
state_7e4e5f1f8dbde9be71aa7400,2c_4cc4055379eb0154120e,2,binary_vle_english.xlsx,10.1016/j.fluid.2010.01.006,unverified,0.5,isothermal,0.9629629629629629,isothermal,,,18.800053756416,18.974395751953125,0.0,True,False,48,CCCC,mol_fadb5806094149e6,0.0,0.0,0.0,1.3473517894744873,450.4764404296875,CCSCC,mol_a7491cfbf016fee6,1.0,1.0,1.0,1.0,18.974395751953125,,,,,,,
state_7f685a93d5fd6414fc99ba2b,2c_4cc4055379eb0154120e,2,binary_vle_english.xlsx,10.1016/j.fluid.2010.01.006,unverified,0.5,isothermal,0.9629629629629629,isothermal,,,414.400050270208,438.2213134765625,0.0,True,False,48,CCCC,mol_fadb5806094149e6,0.9708,0.9972,0.9982353448867798,1.0002869367599487,450.4764404296875,CCSCC,mol_a7491cfbf016fee6,0.029200000000000004,0.0028000000000000247,0.0017646894557401538,1.3957607746124268,18.974395751953125,,,,,,,
state_826b19642d8cb1e0e366c12b,2c_31dd895be9cb26117aa9,2,binary_vle_english.xlsx,10.1016/j.jct.2015.07.024,unverified,0.5,isothermal,0.8888888888888888,isothermal,,,53.899966902144,56.27156066894531,0.0,True,False,48,CCOC(=O)OCC,mol_4df2781fcf4d4a77,0.923,0.749,0.7273645401000977,0.9992434978485107,44.37803649902344,CCOC(C)=O,mol_18876b584acc43d4,0.077,0.251,0.27263540029525757,0.9667368531227112,206.09725952148438,,,,,,,
state_826d2fe160998328720c9c9f,2c_5018f9e15dae7c08710f,2,binary_vle_english.xlsx,10.1016/j.fluid.2011.06.001,passed,1.0,isothermal,0.8461538461538461,isothermal,,,13.005063708928,13.236072540283203,0.0,True,False,48,CC(C)CCl,mol_b6f57216bc07a08c,0.932,0.9315,0.9274460077285767,1.0002497434616089,13.168108940124512,CC(C)OC(C)C,mol_1a0ca8e5eeb68da8,0.06799999999999995,0.0685,0.07255399227142334,0.8933596014976501,15.80830192565918,,,,,,,
state_82be3178b19e1fc2bec0258a,2c_500953d4ef1e1d57286b,2,binary_vle_english.xlsx,10.1016/j.fluid.2012.10.015,unverified,0.5,isothermal,0.9333333333333333,isothermal,,,9.090052372608,8.576284408569336,-9.5367431640625e-07,True,False,48,CCCCCl,mol_f7989a5c13417f20,0.3237,0.751,0.7633101344108582,1.5507289171218872,13.04132080078125,CC[N+](=O)[O-],mol_6fdb0ec09de24512,0.6763,0.249,0.23668983578681946,1.094293475151062,2.7428719997406006,,,,,,,
state_83a39551e54872478f66871e,3c_485aadc678c8a7fb274c,3,ternary_vle_english.xlsx,10.1016/j.fluid.2011.05.011,unverified,0.5,isothermal,0.9642857142857143,isothermal,,,18.569939349248,17.990680694580078,0.0,True,False,48,CC(=O)CC(C)C,mol_0a895444a9f0f36b,0.012299999999999978,0.01539999999999997,0.012079303152859211,1.2194799184799194,14.488042831420898,CC(C)CC(C)(C)C,mol_57615b5c3546c298,0.055,0.358,0.3021237552165985,3.3707683086395264,29.31844139099121,CC(C)CO,mol_015d21fca05fcd26,0.9327,0.6266,0.6857969164848328,1.0047435760498047,13.165760040283203
state_85acd0f8e8b1c730766c40c4,2c_98afb8e6c65a310db5e0,2,binary_vle_english.xlsx,10.1016/j.jct.2012.12.026,unverified,0.5,isothermal,0.9,isothermal,,,129.00005682944,146.09698486328125,0.0,True,False,48,F/C=C/C(F)(F)F,mol_0e763ba6787b2749,0.41300000000000003,0.41200000000000003,0.40147095918655396,0.9860007762908936,144.03501892089844,FC(F)C(F)F,mol_fccff6221e62b4bc,0.587,0.588,0.598529040813446,0.9794971346855164,152.0845947265625,,,,,,,
state_8866ba2d646eeb977b5162d0,2c_31dd895be9cb26117aa9,2,binary_vle_english.xlsx,10.1016/j.jct.2015.07.024,unverified,0.5,isothermal,0.8888888888888888,isothermal,,,130.600058567808,134.78399658203125,1.52587890625e-05,True,False,48,CCOC(=O)OCC,mol_4df2781fcf4d4a77,0.44599999999999995,0.14100000000000001,0.1441991627216339,0.9819698929786682,44.37803649902344,CCOC(C)=O,mol_18876b584acc43d4,0.554,0.859,0.8558008670806885,1.0102505683898926,206.09725952148438,,,,,,,
state_89ddaebb646dbcdb009b4ab4,3c_65250b1389afa8bc1bcc,3,ternary_vle_english.xlsx,10.1016/j.fluid.2013.01.020,unverified,0.5,isothermal,0.9655172413793104,isothermal,,,38.490034319232,41.74451446533203,-3.814697265625e-06,True,False,48,CC(=O)C(C)C,mol_b650f1cc3cac74aa,0.17149999999999999,0.09339999999999993,0.09002434462308884,1.5253865718841553,14.36531925201416,CC(C)C(C)C,mol_7347d05012022dd9,0.1351,0.2273,0.2366887480020523,1.2168976068496704,60.09904861450195,CC(C)OC(C)C,mol_1a0ca8e5eeb68da8,0.6934,0.6793,0.6732869148254395,1.0152666568756104,39.92414093017578
state_8a6aff0e9408e0ef6d286cb6,2c_ab90a05e58432c71abba,2,binary_vle_english.xlsx,10.1016/j.fluid.2011.05.011,unverified,0.5,isothermal,0.9411764705882353,isothermal,,,28.640044449024,29.318443298339844,-1.9073486328125e-06,True,False,48,CC(=O)CC(C)C,mol_0a895444a9f0f36b,0.0,0.0,0.0,2.0116348266601562,14.488042831420898,CC(C)CC(C)(C)C,mol_57615b5c3546c298,1.0,1.0,1.0,1.0,29.31844139099121,,,,,,,
state_8a6d261901205f29823f5952,2c_35c6612e2ad0f786d394,2,binary_vle_english.xlsx,10.1016/j.fluid.2016.02.018,unverified,0.5,isothermal,0.8,isothermal,,,15.70004205568,15.478225708007812,0.0,True,False,48,CCCCCCC,mol_fddb2c852c313396,0.7845,0.9299,0.9370538592338562,0.9998939633369446,18.490081787109375,Cc1ccc(C)cc1,mol_e7658ba520613aac,0.21550000000000002,0.07010000000000005,0.0629461407661438,1.0673916339874268,4.235641956329346,,,,,,,
state_8b5c7c4c0b092e4fb5c60a58,2c_8742372ba72e435a7962,2,binary_vle_english.xlsx,10.1016/j.fluid.2013.01.020,unverified,0.5,isothermal,0.9473684210526315,isothermal,,,49.29994523903999,52.211463928222656,0.0,True,False,48,CC(=O)C(C)C,mol_b650f1cc3cac74aa,0.348,0.14670000000000005,0.14322610199451447,1.4958688020706177,14.36531925201416,CC(C)C(C)C,mol_7347d05012022dd9,0.652,0.8533,0.8567739129066467,1.1416077613830566,60.09904861450195,,,,,,,
state_8ba93a34eb1625f92b0cc434,2c_4cc4055379eb0154120e,2,binary_vle_english.xlsx,10.1016/j.fluid.2010.01.006,unverified,0.5,isothermal,0.9629629629629629,isothermal,,,426.799963750784,450.4764404296875,0.0,True,False,48,CCCC,mol_fadb5806094149e6,1.0,1.0,1.0,1.0,450.4764404296875,CCSCC,mol_a7491cfbf016fee6,0.0,0.0,0.0,1.425789475440979,18.974395751953125,,,,,,,
state_8c13650fc8337244c415eeac,3c_a6f39dd395c2cfcf800d,3,ternary_vle_english.xlsx,10.1016/j.fluid.2009.01.016,unverified,0.5,isothermal,0.9333333333333333,isothermal,,,29.189999217024003,29.467884063720703,0.0,True,False,48,CC(=O)C(C)(C)C,mol_61a887e37d396488,0.5343,0.2586,0.2369162142276764,1.0535914897918701,12.401844024658203,CC(C)(C)CO,mol_dfb42f12fdc989ed,0.20690000000000008,0.05059999999999998,0.04534032568335533,1.198377251625061,5.388644218444824,COC(C)(C)C,mol_b614d6fea320c179,0.2588,0.6908,0.717743456363678,0.9921547174453735,82.37104034423828
state_8c24d28ecbecb652812ac44e,2c_ab90a05e58432c71abba,2,binary_vle_english.xlsx,10.1016/j.fluid.2011.05.011,unverified,0.5,isothermal,0.9411764705882353,isothermal,,,29.060009908223996,28.980724334716797,-1.9073486328125e-06,True,False,48,CC(=O)CC(C)C,mol_0a895444a9f0f36b,0.13260000000000005,0.13039999999999996,0.11133276671171188,1.6794960498809814,14.488042831420898,CC(C)CC(C)(C)C,mol_57615b5c3546c298,0.8674,0.8696,0.8886672258377075,1.0127170085906982,29.31844139099121,,,,,,,
state_8d1d48278083ab8bb08ce2b3,2c_b399893600891028146a,2,binary_vle_english.xlsx,10.1016/j.fluid.2016.10.024,unverified,0.5,isothermal,0.9523809523809523,isothermal,,,67.720030246656,67.936767578125,-7.62939453125e-06,True,False,48,CC(C)=O,mol_e04cf77cea7bbe66,0.422,0.82,0.8376572132110596,1.113858938217163,121.0677719116211,CCC(C)O,mol_06affb0d2c6c8ff2,0.5780000000000001,0.18000000000000005,0.16234280169010162,1.0427194833755493,18.299638748168945,,,,,,,
state_8da5fc158ce9cd93b74cb5c5,2c_acf6c70dfacb27974826,2,binary_vle_english.xlsx,10.1016/j.fluid.2012.05.016,unverified,0.5,isothermal,0.9411764705882353,isothermal,,,15.520056858879999,15.410188674926758,0.0,True,False,48,CCCO,mol_5fb2f93dc8caa9dc,0.7956,0.6536,0.6755884885787964,1.0349150896072388,12.644181251525879,CCCOC(C)=O,mol_67043ae833ecd0c7,0.2044,0.3464,0.324411541223526,1.7144734859466553,14.265684127807617,,,,,,,
state_8e9abd825a5b6f69204c6e99,2c_c879fc0732268fc652fa,2,binary_vle_english.xlsx,10.1016/j.fluid.2011.06.001,passed,1.0,isothermal,0.9166666666666666,isothermal,,,10.894970590592,12.078168869018555,-9.5367431640625e-07,True,False,48,CC(C)OC(C)C,mol_1a0ca8e5eeb68da8,0.5806,0.6666000000000001,0.7250209450721741,0.9540899395942688,15.80830192565918,CCCCCl,mol_f7989a5c13417f20,0.4194,0.3334,0.2749790549278259,0.9698129892349243,8.16552734375,,,,,,,
state_8f03764d548fc24ee37fc398,2c_ea9da779580d9b792700,2,binary_vle_english.xlsx,10.1016/j.jct.2012.11.005,unverified,0.5,isothermal,0.9411764705882353,isothermal,,,42.449975293568,43.932403564453125,-3.814697265625e-06,True,False,48,CC(C)OC(C)C,mol_1a0ca8e5eeb68da8,0.527,0.553,0.5555106997489929,1.5346548557281494,30.175607681274414,CO,mol_a85d32e4db2ff39c,0.473,0.44699999999999995,0.4444893002510071,1.6541908979415894,24.957406997680664,,,,,,,
state_90be2eef2002df2fca3b3749,2c_8742372ba72e435a7962,2,binary_vle_english.xlsx,10.1016/j.fluid.2013.01.020,unverified,0.5,isothermal,0.9473684210526315,isothermal,,,51.100063851776,54.453338623046875,0.0,True,False,48,CC(=O)C(C)C,mol_b650f1cc3cac74aa,0.2583,0.11880000000000002,0.11603972315788269,1.702909231185913,14.36531925201416,CC(C)C(C)C,mol_7347d05012022dd9,0.7417,0.8812,0.8839603066444397,1.0798449516296387,60.09904861450195,,,,,,,
state_90c3b31b5b87131bc808d7e7,2c_e0c162126f5997f9fcd9,2,binary_vle_english.xlsx,10.1016/j.fluid.2016.02.018,unverified,0.5,isothermal,0.8,isothermal,,,28.099955536255997,27.635955810546875,-1.9073486328125e-06,True,False,48,CCCCCCC,mol_fddb2c852c313396,0.6289,0.4401,0.4303146004676819,1.0226808786392212,18.490081787109375,c1ccccc1,mol_7165dcf6be1f831d,0.3711,0.5599000000000001,0.5696853995323181,1.147199034690857,36.98109817504883,,,,,,,
state_91328e1cae62b64fc1d45842,2c_ea9da779580d9b792700,2,binary_vle_english.xlsx,10.1016/j.jct.2012.11.005,unverified,0.5,isothermal,0.9411764705882353,isothermal,,,39.750064019199996,40.647369384765625,0.0,True,False,48,CC(C)OC(C)C,mol_1a0ca8e5eeb68da8,0.881,0.619,0.6769621968269348,1.035058617591858,30.175607681274414,CO,mol_a85d32e4db2ff39c,0.119,0.381,0.3230377733707428,4.421191692352295,24.957406997680664,,,,,,,
state_9413a42a9332a8a4deffb63b,2c_31dd895be9cb26117aa9,2,binary_vle_english.xlsx,10.1016/j.jct.2015.07.024,unverified,0.5,isothermal,0.8888888888888888,isothermal,,,155.200035299328,155.5045166015625,1.52587890625e-05,True,False,48,CCOC(=O)OCC,mol_4df2781fcf4d4a77,0.31799999999999995,0.08699999999999997,0.08951537311077118,0.986382782459259,44.37803649902344,CCOC(C)=O,mol_18876b584acc43d4,0.682,0.913,0.9104846119880676,1.007300615310669,206.09725952148438,,,,,,,
state_9451d250dfda82a3fabec6b5,2c_500953d4ef1e1d57286b,2,binary_vle_english.xlsx,10.1016/j.fluid.2012.10.015,unverified,0.5,isothermal,0.9333333333333333,isothermal,,,4.520028242304,4.118000030517578,0.0,True,False,48,CCCCCl,mol_f7989a5c13417f20,0.051,0.3516,0.3664609491825104,2.2689363956451416,13.04132080078125,CC[N+](=O)[O-],mol_6fdb0ec09de24512,0.949,0.6484,0.6335390210151672,1.0022774934768677,2.7428719997406006,,,,,,,
state_95b776e4baa1425bc3be1009,2c_ab90a05e58432c71abba,2,binary_vle_english.xlsx,10.1016/j.fluid.2011.05.011,unverified,0.5,isothermal,0.9411764705882353,isothermal,,,24.449989067519997,23.54346466064453,0.0,True,False,48,CC(=O)CC(C)C,mol_0a895444a9f0f36b,0.6737,0.4375,0.4478885233402252,1.0803489685058594,14.488042831420898,CC(C)CC(C)(C)C,mol_57615b5c3546c298,0.3263,0.5625,0.5521114468574524,1.3587487936019897,29.31844139099121,,,,,,,
state_95f308deeddf54852009c8e2,2c_8742372ba72e435a7962,2,binary_vle_english.xlsx,10.1016/j.fluid.2013.01.020,unverified,0.5,isothermal,0.9473684210526315,isothermal,,,52.670068057344,56.42339324951172,0.0,True,False,48,CC(=O)C(C)C,mol_b650f1cc3cac74aa,0.1744,0.09109999999999996,0.08754032850265503,1.971540093421936,14.36531925201416,CC(C)C(C)C,mol_7347d05012022dd9,0.8256,0.9089,0.912459671497345,1.0376133918762207,60.09904861450195,,,,,,,
state_96059e29004bb7962287215e,2c_a948b12e7b27db3902e0,2,binary_vle_english.xlsx,10.1016/j.jct.2009.04.006,unverified,0.5,isothermal,0.9285714285714286,isothermal,,,11.060023682175999,10.34996223449707,-9.5367431640625e-07,True,False,48,CCCCCl,mol_f7989a5c13417f20,0.78,0.985,0.9849532842636108,1.0021625757217407,13.04132080078125,O=C1CCCCC1,mol_09f0d60d139abab5,0.21999999999999997,0.015000000000000013,0.015046769753098488,1.1275241374969482,0.6278175711631775,,,,,,,
state_98356e2c3f23302ab74f1708,2c_c879fc0732268fc652fa,2,binary_vle_english.xlsx,10.1016/j.fluid.2011.06.001,passed,1.0,isothermal,0.9166666666666666,isothermal,,,12.25499206656,15.225761413574219,-9.5367431640625e-07,True,False,48,CC(C)OC(C)C,mol_1a0ca8e5eeb68da8,0.9365,0.9595,0.9709120392799377,0.9985409379005432,15.80830192565918,CCCCCl,mol_f7989a5c13417f20,0.0635,0.0405,0.029087945818901062,0.8541498184204102,8.16552734375,,,,,,,
state_9a61a7a0a485a02b597d1dec,2c_6cdeaa0b12c0bcad5378,2,binary_vle_english.xlsx,10.1016/j.jct.2012.01.020,passed,1.0,isothermal,0.9,isothermal,,,15.34807100416,15.52688217163086,0.0,True,False,48,CC(C)CC(C)(C)C,mol_57615b5c3546c298,0.8,0.544,0.5878804326057434,1.0202819108963013,11.183123588562012,CCOC(C)=O,mol_18876b584acc43d4,0.2,0.456,0.4121195077896118,1.5552561283111572,20.57195281982422,,,,,,,
state_9ad9256feafa793011276acd,2c_6cdeaa0b12c0bcad5378,2,binary_vle_english.xlsx,10.1016/j.jct.2012.01.020,passed,1.0,isothermal,0.9,isothermal,,,21.115996610944002,20.795867919921875,-1.9073486328125e-06,True,False,48,CC(C)CC(C)(C)C,mol_57615b5c3546c298,0.19999999999999996,0.19199999999999995,0.17527112364768982,1.6296496391296387,11.183123588562012,CCOC(C)=O,mol_18876b584acc43d4,0.8,0.808,0.8247289061546326,1.0421319007873535,20.57195281982422,,,,,,,
state_9b4d6d68cdf4785d23667952,2c_4cc4055379eb0154120e,2,binary_vle_english.xlsx,10.1016/j.fluid.2010.01.006,unverified,0.5,isothermal,0.9629629629629629,isothermal,,,405.79995759999997,429.7418212890625,3.0517578125e-05,True,False,48,CCCC,mol_fadb5806094149e6,0.9503,0.9953,0.9969815015792847,1.0008337497711182,450.4764404296875,CCSCC,mol_a7491cfbf016fee6,0.049699999999999966,0.0047000000000000375,0.003018544288352132,1.3755643367767334,18.974395751953125,,,,,,,
state_9ba5168ae9dd60c9e2b19a67,2c_e1c33e24ae7f6ab4d0bf,2,binary_vle_english.xlsx,10.1016/j.fluid.2010.01.024,unverified,0.5,isothermal,0.9375,isothermal,,,17.999986226047998,17.312652587890625,0.0,True,False,48,CC[N+](=O)[O-],mol_6fdb0ec09de24512,0.9206,0.7681,0.7701817750930786,1.0016570091247559,14.459951400756836,ClCCCl,mol_e8df6c9e89c6b62a,0.0794,0.2319,0.22981825470924377,1.1369214057922363,44.07549285888672,,,,,,,
state_9c5442d71f83b8ac584792cb,2c_acf6c70dfacb27974826,2,binary_vle_english.xlsx,10.1016/j.fluid.2012.05.016,unverified,0.5,isothermal,0.9411764705882353,isothermal,,,16.20000093568,15.996278762817383,0.0,True,False,48,CCCO,mol_5fb2f93dc8caa9dc,0.7082999999999999,0.5807,0.6011821627616882,1.073784351348877,12.644181251525879,CCCOC(C)=O,mol_67043ae833ecd0c7,0.2917,0.4193,0.3988178074359894,1.5330787897109985,14.265684127807617,,,,,,,
state_9c6f5d0bf7449fc827e53ef8,2c_500953d4ef1e1d57286b,2,binary_vle_english.xlsx,10.1016/j.fluid.2012.10.015,unverified,0.5,isothermal,0.9333333333333333,isothermal,,,12.680023775744,11.833389282226562,0.0,True,False,48,CCCCCl,mol_f7989a5c13417f20,0.7767,0.9101,0.9081441760063171,1.0609357357025146,13.04132080078125,CC[N+](=O)[O-],mol_6fdb0ec09de24512,0.22330000000000005,0.08989999999999998,0.09185580909252167,1.7746859788894653,2.7428719997406006,,,,,,,
state_9cb1d1cc0bb9140b223e647b,3c_a6f39dd395c2cfcf800d,3,ternary_vle_english.xlsx,10.1016/j.fluid.2009.01.016,unverified,0.5,isothermal,0.9333333333333333,isothermal,,,11.619977627775999,11.659505844116211,-9.5367431640625e-07,True,False,48,CC(=O)C(C)(C)C,mol_61a887e37d396488,0.6958,0.7505,0.7604348659515381,1.0274754762649536,12.401844024658203,CC(C)(C)CO,mol_dfb42f12fdc989ed,0.29070000000000007,0.15260000000000007,0.14908915758132935,1.1096899509429932,5.388644218444824,COC(C)(C)C,mol_b614d6fea320c179,0.0135,0.0969,0.09047593176364899,0.9486474394798279,82.37104034423828
state_9dcdc48ebcf57c72741aa217,2c_ab90a05e58432c71abba,2,binary_vle_english.xlsx,10.1016/j.fluid.2011.05.011,unverified,0.5,isothermal,0.9411764705882353,isothermal,,,26.049990805887997,25.147789001464844,0.0,True,False,48,CC(=O)CC(C)C,mol_0a895444a9f0f36b,0.5670999999999999,0.3699,0.37318623065948486,1.142236590385437,14.488042831420898,CC(C)CC(C)(C)C,mol_57615b5c3546c298,0.4329,0.6301,0.6268137097358704,1.2419663667678833,29.31844139099121,,,,,,,
state_9df465a08006145a1a8efb23,2c_ea9da779580d9b792700,2,binary_vle_english.xlsx,10.1016/j.jct.2012.11.005,unverified,0.5,isothermal,0.9411764705882353,isothermal,,,42.42997693836799,43.834442138671875,0.0,True,False,48,CC(C)OC(C)C,mol_1a0ca8e5eeb68da8,0.468,0.55,0.5453467965126038,1.6927248239517212,30.175607681274414,CO,mol_a85d32e4db2ff39c,0.532,0.44999999999999996,0.454653263092041,1.5010138750076294,24.957406997680664,,,,,,,
state_9f953986c11507d820a94978,3c_a6f39dd395c2cfcf800d,3,ternary_vle_english.xlsx,10.1016/j.fluid.2009.01.016,unverified,0.5,isothermal,0.9333333333333333,isothermal,,,35.110045645696,35.63109588623047,-3.814697265625e-06,True,False,48,CC(=O)C(C)(C)C,mol_61a887e37d396488,0.2306,0.0929,0.09075766801834106,1.1307507753372192,12.401844024658203,CC(C)(C)CO,mol_dfb42f12fdc989ed,0.4092,0.06459999999999999,0.06862547993659973,1.1089179515838623,5.388644218444824,COC(C)(C)C,mol_b614d6fea320c179,0.3602,0.8425,0.8406168222427368,1.009506106376648,82.37104034423828
state_9fc56317a1272685e0798eb9,2c_c879fc0732268fc652fa,2,binary_vle_english.xlsx,10.1016/j.fluid.2011.06.001,passed,1.0,isothermal,0.9166666666666666,isothermal,,,11.384930292992001,13.04046630859375,0.0,True,False,48,CC(C)OC(C)C,mol_1a0ca8e5eeb68da8,0.6952,0.7622,0.8197324275970459,0.9726805090904236,15.80830192565918,CCCCCl,mol_f7989a5c13417f20,0.3048,0.2378,0.18026752769947052,0.9445205330848694,8.16552734375,,,,,,,
state_a0e130497661971269ae7d7b,2c_23001626ba9c10a2709a,2,binary_vle_english.xlsx,10.1016/j.fluid.2011.06.001,unverified,0.5,isothermal,0.9166666666666666,isothermal,,,15.424998010496,17.54861068725586,-1.9073486328125e-06,True,False,48,CC(C)(C)Cl,mol_cbd731ac6eef5e90,0.1844,0.3144,0.2703329026699066,0.910076379776001,28.268503189086914,CC(C)OC(C)C,mol_1a0ca8e5eeb68da8,0.8156,0.6856,0.7296671271324158,0.9931275248527527,15.80830192565918,,,,,,,
state_a0e8326788ea897138222ad1,2c_6f361cb0ec8be0b0e6dd,2,binary_vle_english.xlsx,10.1016/j.jct.2012.11.005,unverified,0.5,isothermal,0.9166666666666666,isothermal,,,31.970037234559996,29.70284652709961,0.0,True,False,48,CC(C)OC(C)C,mol_1a0ca8e5eeb68da8,0.125,0.48,0.4287707507610321,2.5519821643829346,39.92414093017578,CCO,mol_f29e20f49d416e54,0.875,0.52,0.5712292194366455,1.0182812213897705,19.042882919311523,,,,,,,
state_a278804c621ac4fff5c6a298,2c_50cae961bcfb98dfb10a,2,binary_vle_english.xlsx,10.1016/j.fluid.2013.05.019,passed,1.0,full_state,0.5714285714285714,isothermal,,,101.330065929984,112.65676879882812,0.0,True,False,48,CC(C)=C(C)C,mol_ac85c03b48dc0205,0.999376,0.999683,0.9993746280670166,1.0000001192092896,112.65660095214844,c1ccsc1,mol_7953343be0b435d5,0.000624,0.000317,0.0006253620958887041,1.7024481296539307,66.31784057617188,,,,,,,
state_a2ac0e25aa81de3321a347aa,2c_b399893600891028146a,2,binary_vle_english.xlsx,10.1016/j.fluid.2016.10.024,unverified,0.5,isothermal,0.9523809523809523,isothermal,,,102.299986157184,108.47018432617188,7.62939453125e-06,True,False,48,CC(C)=O,mol_e04cf77cea7bbe66,0.862,0.966,0.9703363180160522,1.0085487365722656,121.0677719116211,CCC(C)O,mol_06affb0d2c6c8ff2,0.138,0.03400000000000003,0.029663721099495888,1.2741320133209229,18.299638748168945,,,,,,,
state_a2bb4c3fd1d0997a8940252d,2c_50cae961bcfb98dfb10a,2,binary_vle_english.xlsx,10.1016/j.fluid.2013.05.019,passed,1.0,full_state,0.5714285714285714,isothermal,,,101.330065929984,112.65664672851562,0.0,True,False,48,CC(C)=C(C)C,mol_ac85c03b48dc0205,0.999844,0.999926,0.9998436570167542,1.0,112.65660095214844,c1ccsc1,mol_7953343be0b435d5,0.000156,7.4e-05,0.00015639235789421946,1.7030109167099,66.31784057617188,,,,,,,
state_a393428a8eeb937c3f1d8ee1,3c_485aadc678c8a7fb274c,3,ternary_vle_english.xlsx,10.1016/j.fluid.2011.05.011,unverified,0.5,isothermal,0.9642857142857143,isothermal,,,13.940053475711998,13.887710571289062,0.0,True,False,48,CC(=O)CC(C)C,mol_0a895444a9f0f36b,0.10820000000000007,0.17379999999999995,0.1391507089138031,1.2327616214752197,14.488042831420898,CC(C)CC(C)(C)C,mol_57615b5c3546c298,0.0024,0.0228,0.017500881105661392,3.4541282653808594,29.31844139099121,CC(C)CO,mol_015d21fca05fcd26,0.8894,0.8034,0.8433484435081482,1.0002179145812988,13.165760040283203
state_79163e11d6cd6ca605f97051,3c_f6a2de3ac0acbac84e4f,3,ternary_vle_english.xlsx,10.1016/j.fluid.2005.01.007,unverified,0.5,isobaric,0.9818181818181818,isobaric,330.25,329.466796875,,,-5.340576171875e-05,True,False,48,CC(C)=O,mol_e04cf77cea7bbe66,0.695,0.755,0.792263388633728,1.0656828880310059,108.35919189453125,CC(C)CC(C)(C)C,mol_57615b5c3546c298,0.15600000000000003,0.134,0.10557882487773895,2.6705379486083984,25.672161102294922,CCO,mol_f29e20f49d416e54,0.149,0.111,0.10215774923563004,1.7147573232650757,40.50338363647461
state_7973168cd7b18ebe94b2ef90,2c_4e1effd6e44016fa9e71,2,binary_vle_english.xlsx,10.1016/j.fluid.2019.03.022,passed,1.0,isobaric,0.95,isobaric,331.58,331.5205078125,,,5.340576171875e-05,True,False,48,CO,mol_a85d32e4db2ff39c,0.569,0.604,0.6073338389396667,1.3794652223587036,78.38154602050781,c1ccccc1,mol_7165dcf6be1f831d,0.431,0.396,0.39266613125801086,1.8478636741638184,49.94426727294922,,,,,,,
state_79baba8d28b03cf78d014273,2c_bcadcb4c5d803465b404,2,binary_vle_english.xlsx,10.1016/j.fluid.2007.09.014,unverified,0.5,isobaric,0.9523809523809523,isobaric,356.59,357.1846008300781,,,3.0517578125e-05,True,False,48,CC(C)O,mol_db030b5de88f8eaf,0.942,0.985,0.9827860593795776,1.001662015914917,105.5106201171875,COCCO,mol_d291b272a64498d9,0.05800000000000005,0.015000000000000013,0.017213944345712662,1.2683457136154175,23.704132080078125,,,,,,,
state_7ad79113753f72bd296b6dc3,2c_7089ceccf9a6ce828d93,2,binary_vle_english.xlsx,10.1016/j.fluid.2018.07.013,unverified,0.5,isobaric,0.9545454545454546,isobaric,348.84999999999997,350.7001953125,,,-3.814697265625e-05,True,False,48,CCCCCCCC,mol_8151bb583f7f3ebd,0.06940000000000002,0.13470000000000004,0.09297821670770645,6.666933536529541,20.3565731048584,CCO,mol_f29e20f49d416e54,0.9306,0.8653,0.9070217609405518,1.0141949653625488,97.35140228271484,,,,,,,
state_7add2b13d72d7da8e6195067,2c_ce7e822d00d743846419,2,binary_vle_english.xlsx,10.1016/j.fluid.2005.07.010,unverified,0.5,isobaric,0.9629629629629629,isobaric,350.60999999999996,350.8209228515625,,,6.103515625e-05,True,False,48,CC(=O)O,mol_9ac385b135af0125,0.019100000000000006,0.0031999999999999806,0.005445968359708786,1.23843514919281,23.32842254638672,CCOC(C)=O,mol_18876b584acc43d4,0.9809,0.9968,0.9945540428161621,1.0001682043075562,102.71821594238281,,,,,,,
state_7b270c0f2a21024895737e1d,2c_f29ffd05dc86affc2a49,2,binary_vle_english.xlsx,10.1016/j.jct.2019.01.027,unverified,0.5,isobaric,0.9375,isobaric,351.45,351.72796630859375,,,0.00020599365234375,True,False,48,CC(=O)OCC(C)C,mol_e7eb29ad965cc8ee,0.0,0.0,0.0,1.2761448621749878,26.76997947692871,CCO,mol_f29e20f49d416e54,1.0,1.0,1.0,1.0,101.30014038085938,,,,,,,
state_7bafecd9bcb6acf1de298910,2c_9f331b7867f625e21322,2,binary_vle_english.xlsx,10.1016/j.jct.2015.03.013,unverified,0.5,isobaric,0.9090909090909091,isobaric,345.59999999999997,343.90985107421875,,,-3.814697265625e-05,True,False,48,CCC(C)=O,mol_4cfc5db0ca2ab00b,0.8886,0.9822,0.9715033173561096,1.0069317817687988,80.88984680175781,COCCO,mol_d291b272a64498d9,0.11140000000000005,0.017800000000000038,0.028496703132987022,1.4408648014068604,13.226419448852539,,,,,,,
state_7c7f26a52a571eccd7d91db0,2c_ca2ff513d4ae36f2f8e1,2,binary_vle_english.xlsx,10.1016/j.fluid.2017.05.012,unverified,0.5,isobaric,0.9411764705882353,isobaric,360.7,361.89447021484375,,,0.00121307373046875,True,False,48,CCCO,mol_5fb2f93dc8caa9dc,0.4049,0.4102,0.4124099016189575,1.4260318279266357,72.14038848876953,O,mol_e81dc06beaa39499,0.5951,0.5898,0.5875900387763977,1.466524600982666,68.00198364257812,,,,,,,
state_7d05203ccaad2513e62dd829,3c_f6a2de3ac0acbac84e4f,3,ternary_vle_english.xlsx,10.1016/j.fluid.2005.01.007,unverified,0.5,isobaric,0.9818181818181818,isobaric,329.2,327.7325134277344,,,-7.62939453125e-06,True,False,48,CC(C)=O,mol_e04cf77cea7bbe66,0.9,0.901,0.9200689792633057,1.0077998638153076,102.75730895996094,CC(C)CC(C)(C)C,mol_57615b5c3546c298,0.050999999999999934,0.06299999999999994,0.04487233608961105,3.6996660232543945,24.09101676940918,CCO,mol_f29e20f49d416e54,0.049,0.036,0.03505866602063179,1.9319864511489868,37.51495361328125
state_7d0687f3a263cf911c155fb6,3c_6aa06918a7fe0a120990,3,ternary_vle_english.xlsx,10.1016/j.fluid.2015.07.029,unverified,0.5,isobaric,0.9285714285714286,isobaric,401.95,404.90203857421875,,,0.0002288818359375,True,False,48,CCC(C)O,mol_06affb0d2c6c8ff2,0.082,0.118,0.15740570425987244,0.6315373182296753,307.90570068359375,CCC(C)OC(C)=O,mol_879306ab1082c162,0.254,0.757,0.7207788228988647,1.560953974723816,184.15704345703125,CS(C)=O,mol_7d3e12eaed0f467c,0.6639999999999999,0.125,0.12181542813777924,1.0342389345169067,17.968982696533203
state_7d62f93c9b2ba729d15fc3fa,2c_112489fd04ba2d890a8f,2,binary_vle_english.xlsx,10.1016/j.fluid.2014.03.027,unverified,0.5,isobaric,0.9090909090909091,isobaric,338.79999999999995,336.5616760253906,,,0.00017547607421875,True,False,48,C1CCOC1,mol_c59bfa659357f795,0.898,0.901,0.9077553153038025,1.009364128112793,101.45057678222656,CCO,mol_f29e20f49d416e54,0.10199999999999998,0.09899999999999998,0.09224473685026169,1.6667007207870483,54.96595001220703,,,,,,,
state_7f9ab2946731f2a0ffe0bb0d,3c_2d8df0569d9d03284715,3,ternary_vle_english.xlsx,10.1016/j.fluid.2007.06.005,unverified,0.5,isobaric,0.9622641509433962,isobaric,343.97999999999996,344.463134765625,,,-3.814697265625e-05,True,False,48,CC(C)CC(C)(C)C,mol_57615b5c3546c298,0.21299999999999997,0.241,0.2676136791706085,2.9386513233184814,43.310142517089844,CCC(C)=O,mol_4cfc5db0ca2ab00b,0.152,0.16,0.15637636184692383,1.2659045457839966,82.32572174072266,CCO,mol_f29e20f49d416e54,0.635,0.599,0.57600998878479,1.2076003551483154,76.09253692626953
state_801817e983f24cce984c69f3,2c_dc191206ee879c89c4e5,2,binary_vle_english.xlsx,10.1016/j.jct.2003.09.001,unverified,0.5,isobaric,0.9285714285714286,isobaric,349.08,348.18927001953125,,,0.000110626220703125,True,False,48,C1COCCO1,mol_d365f2fae67d24f2,0.5952,0.6826,0.7099617123603821,1.0462650060653687,45.602848052978516,CC(C)CO,mol_015d21fca05fcd26,0.40480000000000005,0.3174,0.2900383472442627,1.074493169784546,26.673063278198242,,,,,,,
state_8079e2903f2aa6484c84ab30,2c_7e396008deb1d14f8e15,2,binary_vle_english.xlsx,10.1016/j.fluid.2015.11.007,passed,1.0,isobaric,0.9090909090909091,isobaric,322.78,325.0120849609375,,,2.86102294921875e-05,True,False,48,CC(=O)N(C)C,mol_b8ccf255e2b62919,0.02100000000000002,0.0,2.409681474091485e-05,0.005236268043518066,1.533965826034546,CC(=O)O,mol_9ac385b135af0125,0.979,1.0,0.999975860118866,0.9966277480125427,7.174160003662109,,,,,,,
state_81ca70211e283cbc4d8abc76,3c_50c0ded265c297b30405,3,ternary_vle_english.xlsx,10.1016/j.fluid.2015.03.013,unverified,0.5,isobaric,0.9333333333333333,isobaric,397.88,397.9950256347656,,,5.340576171875e-05,True,False,48,CC(=O)N(C)C,mol_b8ccf255e2b62919,0.581,0.19199999999999995,0.17349109053611755,0.9802381992340088,30.85878562927246,CCC(C)O,mol_06affb0d2c6c8ff2,0.181,0.313,0.3231026232242584,0.7372940182685852,245.26222229003906,CCC(C)OC(C)=O,mol_879306ab1082c162,0.238,0.495,0.503406286239624,1.423319697380066,150.53884887695312
state_82593243c1d22e6860ec5589,2c_f4a55bc5fa0e7d69faf8,2,binary_vle_english.xlsx,10.1016/j.fluid.2012.12.021,unverified,0.5,isobaric,0.9545454545454546,isobaric,339.74,338.20062255859375,,,6.103515625e-05,True,False,48,C1CCOCC1,mol_626f3d1f5bbb6f55,0.951,0.969,0.9706906676292419,1.0009841918945312,50.98516845703125,CCC(C)O,mol_06affb0d2c6c8ff2,0.049,0.031,0.02930932119488716,1.2883143424987793,23.214460372924805,,,,,,,
state_82622ce699fc9b454d68e013,3c_5af2e9ac27e2698a2927,3,ternary_vle_english.xlsx,10.1016/j.fluid.2008.06.006,unverified,0.5,isobaric,0.9555555555555556,isobaric,324.76,323.36663818359375,,,4.57763671875e-05,True,False,48,C1CCCCC1,mol_893981623557f359,0.07699999999999996,0.11699999999999999,0.07163437455892563,2.218991279602051,39.409706115722656,CC(C)=O,mol_e04cf77cea7bbe66,0.795,0.778,0.7971341013908386,1.051011085510254,89.67781829833984,CC(C)OC(C)C,mol_1a0ca8e5eeb68da8,0.128,0.105,0.13123154640197754,1.7226662635803223,55.9442138671875
state_838b0a10ea3b97a569137e70,3c_1a08c4f653f7d812cdc9,3,ternary_vle_english.xlsx,10.1016/j.jct.2019.03.036,unverified,0.5,isobaric,0.972972972972973,isobaric,370.21999999999997,368.6272888183594,,,-7.62939453125e-06,True,False,48,CCCOC(C)=O,mol_67043ae833ecd0c7,0.0392,0.0433,0.03057907521724701,0.9465476870536804,83.48431396484375,CCOC(C)=O,mol_18876b584acc43d4,0.4534,0.9347,0.943015992641449,1.1705341339111328,179.9958953857422,CS(C)=O,mol_7d3e12eaed0f467c,0.5074,0.02200000000000002,0.026404952630400658,1.1192840337753296,4.709813594818115
state_8430712d9a59c5a0984a0899,2c_7c6b847ee4cb190db3ef,2,binary_vle_english.xlsx,10.1016/j.fluid.2005.06.024,unverified,0.5,isobaric,0.9666666666666667,isobaric,354.66999999999996,353.1070861816406,,,0.00061798095703125,True,False,48,CCC(C)=O,mol_4cfc5db0ca2ab00b,0.9291,0.986,0.9854788780212402,0.9988378882408142,107.5992202758789,CCOC(=O)OCC,mol_4df2781fcf4d4a77,0.07089999999999996,0.014000000000000012,0.014521081931889057,0.9912903904914856,20.93490982055664,,,,,,,
state_85367126bd9dd834c4eb71dc,2c_165952a69a69e7a8d3f6,2,binary_vle_english.xlsx,10.1016/j.fluid.2007.06.005,unverified,0.5,isobaric,0.9130434782608695,isobaric,344.47999999999996,344.95928955078125,,,-6.103515625e-05,True,False,48,CC(C)CC(C)(C)C,mol_57615b5c3546c298,0.29500000000000004,0.34299999999999997,0.3414091169834137,2.662536859512329,44.03179931640625,CCO,mol_f29e20f49d416e54,0.705,0.657,0.6585908532142639,1.219102144241333,77.62389373779297,,,,,,,
state_856e7c03f022400a137e48a2,3c_f6a2de3ac0acbac84e4f,3,ternary_vle_english.xlsx,10.1016/j.fluid.2005.01.007,unverified,0.5,isobaric,0.9818181818181818,isobaric,330.12,328.7679443359375,,,3.814697265625e-05,True,False,48,CC(C)=O,mol_e04cf77cea7bbe66,0.795,0.831,0.8541617393493652,1.026069164276123,106.07318878173828,CC(C)CC(C)(C)C,mol_57615b5c3546c298,0.050999999999999934,0.06700000000000006,0.046050067991018295,3.6550774574279785,25.02492904663086,CCO,mol_f29e20f49d416e54,0.154,0.102,0.09978817403316498,1.6712740659713745,39.27534866333008
state_86c3493ac00e01646ae75f4a,2c_ca2ff513d4ae36f2f8e1,2,binary_vle_english.xlsx,10.1016/j.jct.2017.06.014,unverified,0.5,isobaric,0.9130434782608695,isobaric,360.85999999999996,362.14678955078125,,,0.00138092041015625,True,False,48,CCCO,mol_5fb2f93dc8caa9dc,0.529,0.464,0.4695993959903717,1.233995795249939,72.87411499023438,O,mol_e81dc06beaa39499,0.471,0.536,0.5304005742073059,1.661534070968628,68.65765380859375,,,,,,,
state_871d94eaee68b292fe0c6f44,3c_c45f0751ac63a91a45e8,3,ternary_vle_english.xlsx,10.1016/j.fluid.2005.06.019,unverified,0.5,isobaric,0.9767441860465116,isobaric,383.65999999999997,384.0714416503906,,,-4.57763671875e-05,True,False,48,CC(=O)OCC(C)C,mol_e7eb29ad965cc8ee,0.577,0.509,0.5084173083305359,1.0470229387283325,85.25057220458984,CC(C)CO,mol_015d21fca05fcd26,0.387,0.484,0.48454222083091736,1.1029908657073975,114.98937225341797,CCCCCCO,mol_eb71ecc709e3f0dc,0.03600000000000003,0.007000000000000006,0.007040493190288544,1.0192452669143677,19.43707275390625
state_88356f12e036b60f36d6ab66,2c_42d2383a8e4daebeb5e1,2,binary_vle_english.xlsx,10.1016/j.fluid.2010.08.002,unverified,0.5,isobaric,0.9333333333333333,isobaric,354.60999999999996,355.97564697265625,,,0.0,True,False,48,CCCCCCC,mol_fddb2c852c313396,0.93,0.961,0.961290717124939,1.0106297731399536,61.36644744873047,CCCOCCO,mol_770d75a3bb2412ce,0.06999999999999995,0.039000000000000035,0.03870929032564163,3.807180881500244,8.714950561523438,,,,,,,
state_88be039f904a85c30445474b,2c_3c1769052d07951ac3d7,2,binary_vle_english.xlsx,10.1016/j.fluid.2016.08.011,passed,1.0,isobaric,0.9375,isobaric,348.53,348.13714599609375,,,0.00025177001953125,True,False,48,CC(C)O,mol_db030b5de88f8eaf,0.29100000000000004,0.29000000000000004,0.29882827401161194,1.4062288999557495,73.97464752197266,CCOC(C)=O,mol_18876b584acc43d4,0.709,0.71,0.7011717557907104,1.0666441917419434,93.92232513427734,,,,,,,
state_88f9f26ec19c16739115c370,3c_61bfd4ccc52903a74083,3,ternary_vle_english.xlsx,10.1016/j.fluid.2007.03.030,unverified,0.5,isobaric,0.9761904761904762,isobaric,359.12,360.8885498046875,,,0.0001983642578125,True,False,48,CCCO,mol_5fb2f93dc8caa9dc,0.496,0.603,0.46964743733406067,1.3845351934432983,69.27815246582031,CCCOCCC,mol_e13b90e4aa2e917d,0.45,0.378,0.5171439051628113,1.2425576448440552,93.68981170654297,CCOCCO,mol_ab8630148ae67e51,0.05400000000000005,0.019000000000000017,0.013208652846515179,1.3361197710037231,18.545108795166016
state_891a10ecd80191cf83f14f82,2c_972bb6b6305c64cb2237,2,binary_vle_english.xlsx,10.1016/j.jct.2017.07.019,unverified,0.5,isobaric,0.95,isobaric,334.4,335.56640625,,,0.0004119873046875,True,False,48,ClC(Cl)Cl,mol_d9e0a2387a6283f9,0.9165,0.9421,0.9292802810668945,1.0131957530975342,101.37522888183594,OCC(F)(F)C(F)F,mol_48469952cf716332,0.0835,0.0579,0.07071975618600845,3.948737382888794,21.727359771728516,,,,,,,
state_89273aab8e881f3d6f471924,2c_d66c7a74cea5d8732e08,2,binary_vle_english.xlsx,10.1016/j.jct.2017.02.005,unverified,0.5,isobaric,0.96875,isobaric,353.10999999999996,353.2012023925781,,,-3.0517578125e-05,True,False,48,CC(C)O,mol_db030b5de88f8eaf,0.716,0.702,0.7134921550750732,1.1018016338348389,90.44255828857422,O,mol_e81dc06beaa39499,0.28400000000000003,0.29800000000000004,0.28650781512260437,2.0821659564971924,48.451011657714844,,,,,,,
state_8990291353ebfc90cfbfc4e6,2c_f33ec9a350eb94b685d6,2,binary_vle_english.xlsx,10.1016/j.jct.2011.10.025,unverified,0.5,isobaric,0.9545454545454546,isobaric,361.09,359.4099426269531,,,7.62939453125e-06,True,False,48,C1CCOCC1,mol_626f3d1f5bbb6f55,1.0,1.0,1.0,1.0,101.29994201660156,CC(C)CC(C)(C)C,mol_57615b5c3546c298,0.0,0.0,0.0,1.093645691871643,69.8403549194336,,,,,,,
state_8a11cc7737d34f66bfa870e5,2c_50cae961bcfb98dfb10a,2,binary_vle_english.xlsx,10.1016/j.fluid.2013.05.019,passed,1.0,isobaric,0.8888888888888888,isobaric,346.25,335.22515869140625,,,0.00031280517578125,True,False,48,CC(C)=C(C)C,mol_ac85c03b48dc0205,0.99989,0.999951,0.9999186992645264,1.0,101.33328247070312,c1ccsc1,mol_7953343be0b435d5,0.00011,4.9e-05,8.132090442813933e-05,1.6445598602294922,45.55116653442383,,,,,,,
state_8a22b948204c96972e19a6d6,2c_e584d9baea666806df78,2,binary_vle_english.xlsx,10.1016/j.jct.2010.02.001,unverified,0.5,isobaric,0.9444444444444444,isobaric,357.45,359.19183349609375,,,0.000102996826171875,True,False,48,CCCCO,mol_ad4ef9c6c876ca2f,0.32120000000000004,0.14500000000000002,0.1776193380355835,1.0206222534179688,28.878713607788086,CCCO,mol_5fb2f93dc8caa9dc,0.6788,0.855,0.8223806619644165,0.9984868168830872,64.67208862304688,,,,,,,
state_8a359d1ae48b3c707757ae8c,2c_e584d9baea666806df78,2,binary_vle_english.xlsx,10.1016/j.jct.2010.02.001,unverified,0.5,isobaric,0.9444444444444444,isobaric,354.25,354.5068054199219,,,1.52587890625e-05,True,False,48,CCCCO,mol_ad4ef9c6c876ca2f,0.0,0.0,0.0,1.0025194883346558,23.456161499023438,CCCO,mol_5fb2f93dc8caa9dc,1.0,1.0,1.0,1.0,53.30002975463867,,,,,,,
state_8a67435a41a5b7498ee09707,2c_ba6de3f53ea6de13738b,2,binary_vle_english.xlsx,10.1016/j.fluid.2006.02.009,unverified,0.5,isobaric,0.95,isobaric,335.26,335.4348449707031,,,0.0001678466796875,True,False,48,CCC(C)Cl,mol_9f4835d3aad75f1c,0.9384,0.9897,0.9831579327583313,1.0006080865859985,83.76487731933594,Cc1ccccc1,mol_1c09299644053521,0.06159999999999999,0.010299999999999976,0.016842054203152657,1.1188997030258179,19.548519134521484,,,,,,,
state_8b1589f0f9b176de1fbe96a5,2c_50cae961bcfb98dfb10a,2,binary_vle_english.xlsx,10.1016/j.fluid.2013.05.019,passed,1.0,isobaric,0.8888888888888888,isobaric,346.25,335.2234802246094,,,0.00030517578125,True,False,48,CC(C)=C(C)C,mol_ac85c03b48dc0205,0.999952,0.999978,0.9999645352363586,1.0,101.33163452148438,c1ccsc1,mol_7953343be0b435d5,4.8e-05,2.2e-05,3.548474342096597e-05,1.6446224451065063,45.5484733581543,,,,,,,
state_8ba01ecc1d95a7968349e611,2c_42d2383a8e4daebeb5e1,2,binary_vle_english.xlsx,10.1016/j.fluid.2010.08.002,unverified,0.5,isobaric,0.9333333333333333,isobaric,355.91999999999996,358.0237731933594,,,7.62939453125e-05,True,False,48,CCCCCCC,mol_fddb2c852c313396,0.72,0.919,0.9122880101203918,1.1577914953231812,65.66302490234375,CCCOCCO,mol_770d75a3bb2412ce,0.28,0.08099999999999996,0.08771195262670517,1.9688581228256226,9.546367645263672,,,,,,,
state_8c49eb1b06c2ba173f2afcd2,2c_e584d9baea666806df78,2,binary_vle_english.xlsx,10.1016/j.jct.2010.02.001,unverified,0.5,isobaric,0.9444444444444444,isobaric,354.45,355.58221435546875,,,-3.0517578125e-05,True,False,48,CCCCO,mol_ad4ef9c6c876ca2f,0.07869999999999999,0.03600000000000003,0.03681652247905731,1.0129672288894653,24.614994049072266,CCCO,mol_5fb2f93dc8caa9dc,0.9213,0.964,0.9631835222244263,0.9996157288551331,55.7444953918457,,,,,,,
state_8ce987d68ea80c39aa7b7e11,2c_165952a69a69e7a8d3f6,2,binary_vle_english.xlsx,10.1016/j.fluid.2005.01.007,unverified,0.5,isobaric,0.9545454545454546,isobaric,344.44,344.9427185058594,,,-6.103515625e-05,True,False,48,CC(C)CC(C)(C)C,mol_57615b5c3546c298,0.348,0.352,0.3488360345363617,2.307861328125,44.00753402709961,CCO,mol_f29e20f49d416e54,0.652,0.648,0.6511639952659607,1.3044596910476685,77.57231140136719,,,,,,,
state_8d5829d363e24ea643299dfa,2c_4e1effd6e44016fa9e71,2,binary_vle_english.xlsx,10.1016/j.fluid.2019.03.022,passed,1.0,isobaric,0.95,isobaric,331.55999999999995,331.5373840332031,,,-5.340576171875e-05,True,False,48,CO,mol_a85d32e4db2ff39c,0.6759999999999999,0.633,0.6327754855155945,1.2089414596557617,78.43441009521484,c1ccccc1,mol_7165dcf6be1f831d,0.324,0.367,0.3672245144844055,2.297480821609497,49.97394943237305,,,,,,,
state_90360cb0be2ff4716c9ef493,2c_9f331b7867f625e21322,2,binary_vle_english.xlsx,10.1016/j.jct.2015.03.013,unverified,0.5,isobaric,0.9090909090909091,isobaric,353.7,352.5804748535156,,,0.000335693359375,True,False,48,CCC(C)=O,mol_4cfc5db0ca2ab00b,0.555,0.9005,0.867850661277771,1.1000733375549316,105.89822387695312,COCCO,mol_d291b272a64498d9,0.44499999999999995,0.09950000000000003,0.13214929401874542,1.1369959115982056,19.458271026611328,,,,,,,
state_90382afbabcdd638dd2bc11e,2c_d66c7a74cea5d8732e08,2,binary_vle_english.xlsx,10.1016/j.jct.2006.04.006,unverified,0.5,isobaric,0.9444444444444444,isobaric,353.15999999999997,353.527587890625,,,-3.0517578125e-05,True,False,48,CC(C)O,mol_db030b5de88f8eaf,0.711,0.698,0.7105903029441833,1.1052113771438599,91.603759765625,O,mol_e81dc06beaa39499,0.28900000000000003,0.30200000000000005,0.28940969705581665,2.0666327476501465,49.08637237548828,,,,,,,
state_9064c2eb6ab24bcb8d2d5145,2c_f4a55bc5fa0e7d69faf8,2,binary_vle_english.xlsx,10.1016/j.fluid.2012.12.021,unverified,0.5,isobaric,0.9545454545454546,isobaric,342.27,341.83123779296875,,,-1.1444091796875e-05,True,False,48,C1CCOCC1,mol_626f3d1f5bbb6f55,0.669,0.787,0.7981690764427185,1.0340231657028198,57.69106674194336,CCC(C)O,mol_06affb0d2c6c8ff2,0.331,0.213,0.2018309086561203,1.111703634262085,27.42462921142578,,,,,,,
state_90ef9ab23e6f96c18cc0b21b,2c_72801d7427f9871710ea,2,binary_vle_english.xlsx,10.1016/j.jct.2013.08.011,unverified,0.5,isobaric,0.95,isobaric,352.90999999999997,354.1265869140625,,,2.288818359375e-05,True,False,48,CC#N,mol_7028b7cbd3d829b4,0.78,0.748,0.7796751260757446,1.0520268678665161,96.25017547607422,CCCO,mol_5fb2f93dc8caa9dc,0.21999999999999997,0.252,0.22032484412193298,1.933910846710205,52.45822525024414,,,,,,,
state_9114c88fbd71ebc9f31fefb7,2c_079ccab2da1cc47051a9,2,binary_vle_english.xlsx,10.1016/j.fluid.2006.02.009,unverified,0.5,isobaric,0.9523809523809523,isobaric,334.77,335.167724609375,,,0.00031280517578125,True,False,48,CCCCCl,mol_f7989a5c13417f20,0.8848,0.9609,0.9597368836402893,0.9990739226341248,57.86811065673828,Cc1ccccc1,mol_1c09299644053521,0.11519999999999997,0.039100000000000024,0.040263157337903976,0.9627589583396912,19.349407196044922,,,,,,,
state_92e44961f855898f59fe8ae5,2c_6eb2e45afed5017e5e33,2,binary_vle_english.xlsx,10.1016/j.fluid.2014.09.021,unverified,0.5,isobaric,0.95,isobaric,385.21,385.6059875488281,,,0.0,True,False,48,CCC(C)OC(C)=O,mol_879306ab1082c162,0.963,0.978,0.9799944758415222,1.0010020732879639,102.98442077636719,CN(C)C=O,mol_ca12d6d2f2ffb170,0.03700000000000003,0.02200000000000002,0.02000553533434868,1.7878907918930054,30.63490867614746,,,,,,,
state_94e0dffd9f7febd5c90bf93c,2c_277a9b0f8ca81825906f,2,binary_vle_english.xlsx,10.1016/j.fluid.2013.01.015,passed,1.0,isobaric,0.9333333333333333,isobaric,349.13,350.2345275878906,,,0.0006561279296875,True,False,48,CCCCCCCC,mol_8151bb583f7f3ebd,1.0,1.0,1.0,1.0,20.0006103515625,Cc1ccccc1C,mol_61c4de85d258b45d,0.0,0.0,0.0,1.035845398902893,10.981316566467285,,,,,,,
state_95934818c58b237bd539bf65,2c_d89740e05ac3f0ccc959,2,binary_vle_english.xlsx,10.1016/j.fluid.2008.09.010,passed,1.0,isobaric,0.9411764705882353,isobaric,331.09999999999997,332.04168701171875,,,2.86102294921875e-06,True,False,48,CS(C)=O,mol_7d3e12eaed0f467c,0.1854,0.0024999999999999467,0.0039058057591319084,0.3094755709171295,0.9074105620384216,O,mol_e81dc06beaa39499,0.8146,0.9975,0.9960942268371582,0.82685786485672,19.713077545166016,,,,,,,
state_972c22b35388c599c01e05bc,2c_6ce3ca627d5d8bfa6a1b,2,binary_vle_english.xlsx,10.1016/j.fluid.2018.07.013,unverified,0.5,isobaric,0.95,isobaric,332.15,332.737060546875,,,7.62939453125e-06,True,False,48,CCCCCC,mol_c55e04e90e298cf6,0.6158,0.6158,0.6309666037559509,1.3609775304794312,76.26493072509766,CCO,mol_f29e20f49d416e54,0.3842,0.3842,0.36903345584869385,2.0835440158843994,46.69978332519531,,,,,,,
state_9846dbbe64fbd50e1a9fdcdd,2c_132d59f7f663b60d969d,2,binary_vle_english.xlsx,10.1016/j.fluid.2006.02.002,unverified,0.5,isobaric,0.9545454545454546,isobaric,407.99,404.87213134765625,,,5.340576171875e-05,True,False,48,CC(=O)O,mol_9ac385b135af0125,0.7935,0.9877,0.9969229698181152,0.7516281008720398,169.37535095214844,CN1CCCC1=O,mol_f50e4145cb9a22d5,0.20650000000000002,0.012299999999999978,0.003077023196965456,0.11678057163953781,12.92940902709961,,,,,,,
state_98a8cec1f28b82cab95e47bf,2c_d66c7a74cea5d8732e08,2,binary_vle_english.xlsx,10.1016/j.fluid.2014.02.006,unverified,0.5,isobaric,0.9411764705882353,isobaric,353.29999999999995,353.7254638671875,,,2.288818359375e-05,True,False,48,CC(C)O,mol_db030b5de88f8eaf,0.591,0.638,0.6470564603805542,1.2014260292053223,92.31385040283203,O,mol_e81dc06beaa39499,0.40900000000000003,0.362,0.3529435992240906,1.7668720483779907,49.47503662109375,,,,,,,
state_99cc9fbb0e833a7a8f4a7b15,2c_e923997b8f9df5a64a73,2,binary_vle_english.xlsx,10.1016/j.fluid.2018.03.011,unverified,0.5,isobaric,0.9090909090909091,isobaric,334.34999999999997,335.47247314453125,,,0.00032806396484375,True,False,48,CC(C)O,mol_db030b5de88f8eaf,0.10199999999999998,0.08899999999999997,0.09157374501228333,2.0870776176452637,43.57554244995117,ClC(Cl)Cl,mol_d9e0a2387a6283f9,0.898,0.911,0.9084262847900391,1.0140032768249512,101.06121826171875,,,,,,,
state_9aac3e1cec8264eeb214e88e,2c_dc191206ee879c89c4e5,2,binary_vle_english.xlsx,10.1016/j.jct.2003.09.001,unverified,0.5,isobaric,0.9285714285714286,isobaric,347.59,346.0878601074219,,,0.001277923583984375,True,False,48,C1COCCO1,mol_d365f2fae67d24f2,0.8075,0.8379,0.8644708395004272,1.0132778882980347,42.26234436035156,CC(C)CO,mol_015d21fca05fcd26,0.1925,0.16210000000000002,0.13552917540073395,1.1610374450683594,24.25661277770996,,,,,,,
state_9b07acb320eef05db7e0d3f7,2c_7089ceccf9a6ce828d93,2,binary_vle_english.xlsx,10.1016/j.fluid.2018.07.013,unverified,0.5,isobaric,0.9545454545454546,isobaric,349.04999999999995,350.7784423828125,,,5.340576171875e-05,True,False,48,CCCCCCCC,mol_8151bb583f7f3ebd,0.27880000000000005,0.1523,0.15239672362804413,2.712076425552368,20.41692352294922,CCO,mol_f29e20f49d416e54,0.7212,0.8477,0.8476033210754395,1.2192304134368896,97.64736938476562,,,,,,,
state_9b39ccbf6b2038852f225cfc,2c_e0ef8174c7b6fc15273a,2,binary_vle_english.xlsx,10.1016/j.fluid.2005.06.024,unverified,0.5,isobaric,0.9743589743589743,isobaric,332.84999999999997,331.4482727050781,,,0.00058746337890625,True,False,48,CC(C)=O,mol_e04cf77cea7bbe66,0.8827,0.9916,0.9913673996925354,0.9890801906585693,115.05595397949219,CCOC(=O)OCC,mol_4df2781fcf4d4a77,0.11729999999999996,0.008399999999999963,0.008632603101432323,0.8865914344787598,8.410840034484863,,,,,,,
state_9bcb31b32d731943b8b2d4a1,3c_e0e1cd9a389a64136bfe,3,ternary_vle_english.xlsx,10.1016/j.fluid.2013.10.060,unverified,0.5,isobaric,0.9736842105263158,isobaric,331.45,332.89398193359375,,,-9.1552734375e-05,True,False,48,C1CCOCC1,mol_626f3d1f5bbb6f55,0.119,0.052000000000000046,0.06449689716100693,1.2028728723526,42.35449981689453,CCCCCC,mol_c55e04e90e298cf6,0.686,0.649,0.6423399448394775,1.1480063199996948,76.66973876953125,CCO,mol_f29e20f49d416e54,0.195,0.299,0.29316312074661255,3.0057413578033447,47.01652908325195
state_9bfefa19a49295c05b3236fa,3c_c45f0751ac63a91a45e8,3,ternary_vle_english.xlsx,10.1016/j.fluid.2005.06.019,unverified,0.5,isobaric,0.9767441860465116,isobaric,384.21,384.5566101074219,,,0.00012969970703125,True,False,48,CC(=O)OCC(C)C,mol_e7eb29ad965cc8ee,0.401,0.383,0.3785836100578308,1.1041499376296997,86.61620330810547,CC(C)CO,mol_015d21fca05fcd26,0.497,0.599,0.602061927318573,1.048256754875183,117.06492614746094,CCCCCCO,mol_eb71ecc709e3f0dc,0.10199999999999998,0.018000000000000016,0.019354436546564102,0.96933513879776,19.82969856262207
state_9c3cd7d0f44bb79dae4ede94,2c_0cbe98474ca1c811520c,2,binary_vle_english.xlsx,10.1016/j.fluid.2006.08.004,unverified,0.5,isobaric,0.9473684210526315,isobaric,342.57,343.912353515625,,,9.1552734375e-05,True,False,48,CC(C)CC(C)(C)C,mol_57615b5c3546c298,0.050000000000000044,0.02300000000000002,0.026317166164517403,1.253951072692871,42.52047348022461,CC(C)OC(C)C,mol_1a0ca8e5eeb68da8,0.95,0.977,0.9736828207969666,1.0005815029144287,103.76502227783203,,,,,,,
state_9cd2752064fd5b1552496af6,2c_cf0c7a81519bf48241a1,2,binary_vle_english.xlsx,10.1016/j.fluid.2007.03.030,unverified,0.5,isobaric,0.9545454545454546,isobaric,364.35999999999996,365.02490234375,,,0.00089263916015625,True,False,48,CCCOCCC,mol_e13b90e4aa2e917d,0.877,0.931,0.9376364350318909,1.0201988220214844,106.1605224609375,CCOCCO,mol_ab8630148ae67e51,0.123,0.06899999999999995,0.06236358731985092,2.3293538093566895,22.049741744995117,,,,,,,
state_9d328e82591d193dabb30ead,2c_112489fd04ba2d890a8f,2,binary_vle_english.xlsx,10.1016/j.fluid.2014.03.027,unverified,0.5,isobaric,0.9090909090909091,isobaric,338.9,336.4728088378906,,,9.1552734375e-05,True,False,48,C1CCOC1,mol_c59bfa659357f795,0.954,0.951,0.9545462727546692,1.0019713640213013,101.15860748291016,CCO,mol_f29e20f49d416e54,0.04600000000000004,0.049000000000000044,0.04545373097062111,1.827906608581543,54.76047897338867,,,,,,,
state_9dc87fe88170912e0d634ad0,2c_d66c7a74cea5d8732e08,2,binary_vle_english.xlsx,10.1016/j.jct.2006.04.006,unverified,0.5,isobaric,0.8947368421052632,isobaric,353.16999999999996,353.57000732421875,,,-4.57763671875e-05,True,False,48,CC(C)O,mol_db030b5de88f8eaf,0.761,0.735,0.7397810220718384,1.0732359886169434,91.75553894042969,O,mol_e81dc06beaa39499,0.239,0.265,0.26021894812583923,2.2431294918060303,49.16948318481445,,,,,,,
state_9e5c01b09cae80cdb6b150d5,2c_b0bc67c353a1662f4845,2,binary_vle_english.xlsx,10.1016/j.fluid.2012.09.019,passed,1.0,isobaric,0.9285714285714286,isobaric,359.80999999999995,361.6512451171875,,,0.000102996826171875,True,False,48,CCCCCCCCCC,mol_91b5da48af8329ea,0.0,0.0,0.0,1.1427828073501587,5.4463067054748535,Cc1ccc(C)cc1,mol_e7658ba520613aac,1.0,1.0,1.0,1.0,20.000057220458984,,,,,,,
state_9edd0496041b5bc0af4fbbe6,2c_03bd4325b126d2709459,2,binary_vle_english.xlsx,10.1016/j.fluid.2011.10.009,unverified,0.5,isobaric,0.9333333333333333,isobaric,353.7,352.26470947265625,,,0.0001068115234375,True,False,48,C1CCCCC1,mol_893981623557f359,1.0,1.0,1.0,1.0,101.30004119873047,CCCCCCCCC,mol_dd70207e50d8bf63,0.0,0.0,0.0,0.9293802380561829,7.975232124328613,,,,,,,
state_9ee1f73723127c9956d6fc78,3c_1a08c4f653f7d812cdc9,3,ternary_vle_english.xlsx,10.1016/j.jct.2019.03.036,unverified,0.5,isobaric,0.972972972972973,isobaric,372.95,371.1228332519531,,,7.62939453125e-05,True,False,48,CCCOC(C)=O,mol_67043ae833ecd0c7,0.0823,0.1019,0.07322365045547485,0.9921857118606567,90.8381118774414,CCOC(C)=O,mol_18876b584acc43d4,0.4131,0.8724,0.8971311450004578,1.1346778869628906,193.88206481933594,CS(C)=O,mol_7d3e12eaed0f467c,0.5045999999999999,0.025700000000000056,0.029645202681422234,1.1427874565124512,5.207762718200684
state_9f063bddcb1aa2aa70905577,2c_35cc53cd52979773cfcb,2,binary_vle_english.xlsx,10.1016/j.fluid.2015.08.014,unverified,0.5,isobaric,0.9473684210526315,isobaric,338.44,339.3912048339844,,,0.00012969970703125,True,False,48,CO,mol_a85d32e4db2ff39c,0.957,1.0,0.9998310208320618,0.9931957721710205,106.55884552001953,CS(C)=O,mol_7d3e12eaed0f467c,0.04300000000000004,0.0,0.00016900897026062012,0.3063356280326843,1.2997311353683472,,,,,,,
state_a08a1d7a5c2622504d521bfb,2c_7b12ee2d0e35e39326bc,2,binary_vle_english.xlsx,10.1016/j.fluid.2011.08.007,unverified,0.5,isobaric,0.9666666666666667,isobaric,336.0,336.2149353027344,,,0.00064849853515625,True,False,48,CCOCCO,mol_ab8630148ae67e51,0.01100000000000001,0.0010000000000000009,0.0006467570783570409,0.9076961874961853,6.044856548309326,CO,mol_a85d32e4db2ff39c,0.989,0.999,0.9993532299995422,0.9999634027481079,94.30107116699219,,,,,,,
state_a2393a8cd5c774ac8dd86961,2c_31c2824ab8cdf543aad1,2,binary_vle_english.xlsx,10.1016/j.fluid.2018.06.017,passed,1.0,isobaric,0.9375,isobaric,346.0,346.6477355957031,,,0.00193023681640625,True,False,48,CC#N,mol_7028b7cbd3d829b4,0.539,0.494,0.4863978326320648,1.2390854358673096,73.77667236328125,CCO,mol_f29e20f49d416e54,0.46099999999999997,0.506,0.5136021971702576,1.3592058420181274,83.034423828125,,,,,,,
state_a278804c621ac4fff5c6a298,2c_50cae961bcfb98dfb10a,2,binary_vle_english.xlsx,10.1016/j.fluid.2013.05.019,passed,1.0,full_state,0.5714285714285714,isobaric,346.27,335.2386474609375,,,0.00026702880859375,True,False,48,CC(C)=C(C)C,mol_ac85c03b48dc0205,0.999376,0.999683,0.9995386004447937,1.0000001192092896,101.3468017578125,c1ccsc1,mol_7953343be0b435d5,0.000624,0.000317,0.00046138453762978315,1.644040822982788,45.57276153564453,,,,,,,
state_a2aedc67a282de4efccd3d13,2c_4c362b8bfe2b289cf5ff,2,binary_vle_english.xlsx,10.1016/j.fluid.2016.06.022,passed,1.0,isobaric,0.8571428571428571,isobaric,348.45,347.9801025390625,,,0.00016021728515625,True,False,48,CC#N,mol_7028b7cbd3d829b4,0.404,0.386,0.3815669119358063,1.23578679561615,77.4204330444336,CCOC(C)=O,mol_18876b584acc43d4,0.596,0.614,0.6184331178665161,1.1250743865966797,93.42758178710938,,,,,,,
state_a2bb4c3fd1d0997a8940252d,2c_50cae961bcfb98dfb10a,2,binary_vle_english.xlsx,10.1016/j.fluid.2013.05.019,passed,1.0,full_state,0.5714285714285714,isobaric,346.27,335.2263488769531,,,0.00030517578125,True,False,48,CC(C)=C(C)C,mol_ac85c03b48dc0205,0.999844,0.999926,0.9998846650123596,1.0,101.33448791503906,c1ccsc1,mol_7953343be0b435d5,0.000156,7.4e-05,0.0001153294142568484,1.6445133686065674,45.553077697753906,,,,,,,
state_a41390ca33869443d4c6db12,2c_6cdeaa0b12c0bcad5378,2,binary_vle_english.xlsx,10.1016/j.jct.2012.01.020,passed,1.0,isothermal,0.9,isothermal,,,18.970039775616,19.24968147277832,0.0,True,False,48,CC(C)CC(C)(C)C,mol_57615b5c3546c298,0.5,0.33499999999999996,0.3390033543109894,1.1670633554458618,11.183123588562012,CCOC(C)=O,mol_18876b584acc43d4,0.5,0.665,0.6609966158866882,1.237021565437317,20.57195281982422,,,,,,,
state_a448616393beeb31977a9b8f,2c_b399893600891028146a,2,binary_vle_english.xlsx,10.1016/j.fluid.2016.10.024,unverified,0.5,isothermal,0.9523809523809523,isothermal,,,53.190025292544,51.985015869140625,0.0,True,False,48,CC(C)=O,mol_e04cf77cea7bbe66,0.272,0.731,0.7395115494728088,1.1674160957336426,121.0677719116211,CCC(C)O,mol_06affb0d2c6c8ff2,0.728,0.269,0.26048845052719116,1.0164657831192017,18.299638748168945,,,,,,,
state_a51234b4efdb05d86508bbb4,2c_4cc4055379eb0154120e,2,binary_vle_english.xlsx,10.1016/j.fluid.2010.01.006,unverified,0.5,isothermal,0.9629629629629629,isothermal,,,331.80004385344,350.409423828125,3.0517578125e-05,True,False,48,CCCC,mol_fadb5806094149e6,0.7484,0.9779,0.9835014343261719,1.0222214460372925,450.4764404296875,CCSCC,mol_a7491cfbf016fee6,0.25160000000000005,0.02210000000000001,0.016498582437634468,1.2109992504119873,18.974395751953125,,,,,,,
state_a61466152ff55695239cf65d,2c_23001626ba9c10a2709a,2,binary_vle_english.xlsx,10.1016/j.fluid.2011.06.001,unverified,0.5,isothermal,0.9166666666666666,isothermal,,,18.525009711232002,20.031471252441406,0.0,True,False,48,CC(C)(C)Cl,mol_cbd731ac6eef5e90,0.3852,0.567,0.5258361101150513,0.9673289656639099,28.268503189086914,CC(C)OC(C)C,mol_1a0ca8e5eeb68da8,0.6148,0.43300000000000005,0.47416388988494873,0.9772872924804688,15.80830192565918,,,,,,,
state_a82af3c78c738311b8e0a860,2c_50cae961bcfb98dfb10a,2,binary_vle_english.xlsx,10.1016/j.fluid.2013.05.019,passed,1.0,full_state,0.5714285714285714,isothermal,,,101.330065929984,112.65670776367188,7.62939453125e-06,True,False,48,CC(C)=C(C)C,mol_ac85c03b48dc0205,0.999582,0.999803,0.999580979347229,1.0,112.65660095214844,c1ccsc1,mol_7953343be0b435d5,0.000418,0.000197,0.00041897359187714756,1.7026957273483276,66.31784057617188,,,,,,,
state_a945f7497a43a21e3a7b23db,2c_6f361cb0ec8be0b0e6dd,2,binary_vle_english.xlsx,10.1016/j.jct.2012.11.005,unverified,0.5,isothermal,0.9166666666666666,isothermal,,,41.760032039167996,42.75093078613281,-3.814697265625e-06,True,False,48,CC(C)OC(C)C,mol_1a0ca8e5eeb68da8,0.895,0.821,0.8529453277587891,1.0204885005950928,39.92414093017578,CCO,mol_f29e20f49d416e54,0.10499999999999998,0.17900000000000005,0.14705468714237213,3.144144058227539,19.042882919311523,,,,,,,
state_a9869d861f0bd2e81f12e707,2c_4cc4055379eb0154120e,2,binary_vle_english.xlsx,10.1016/j.fluid.2010.01.006,unverified,0.5,isothermal,0.9285714285714286,isothermal,,,246.699976391936,256.37103271484375,3.0517578125e-05,True,False,48,CCCC,mol_fadb5806094149e6,0.5005,0.9524,0.9600347876548767,1.091640830039978,450.4764404296875,CCSCC,mol_a7491cfbf016fee6,0.49950000000000006,0.047599999999999976,0.039965253323316574,1.081055760383606,18.974395751953125,,,,,,,
state_a9de8d5cb2b1f82bd3cb470b,2c_c879fc0732268fc652fa,2,binary_vle_english.xlsx,10.1016/j.fluid.2011.06.001,passed,1.0,isothermal,0.9166666666666666,isothermal,,,8.845005860224001,8.725387573242188,0.0,True,False,48,CC(C)OC(C)C,mol_1a0ca8e5eeb68da8,0.09609999999999996,0.14639999999999997,0.15412673354148865,0.8852258324623108,15.80830192565918,CCCCCl,mol_f7989a5c13417f20,0.9039,0.8536,0.8458732962608337,0.9999663829803467,8.16552734375,,,,,,,
state_a9ee9b05aa1615e6cb4327d3,2c_b399893600891028146a,2,binary_vle_english.xlsx,10.1016/j.fluid.2016.10.024,unverified,0.5,isothermal,0.9523809523809523,isothermal,,,109.50006064102399,115.67170715332031,7.62939453125e-06,True,False,48,CC(C)=O,mol_e04cf77cea7bbe66,0.942,0.986,0.9875019192695618,1.0015801191329956,121.0677719116211,CCC(C)O,mol_06affb0d2c6c8ff2,0.05800000000000005,0.014000000000000012,0.01249807607382536,1.3620713949203491,18.299638748168945,,,,,,,
state_aa52be9ef5a8d76733493921,3c_65250b1389afa8bc1bcc,3,ternary_vle_english.xlsx,10.1016/j.fluid.2013.01.020,unverified,0.5,isothermal,0.9655172413793104,isothermal,,,38.740013759232,42.07085418701172,0.0,True,False,48,CC(=O)C(C)C,mol_b650f1cc3cac74aa,0.21660000000000001,0.11240000000000006,0.1083788275718689,1.4653860330581665,14.36531925201416,CC(C)C(C)C,mol_7347d05012022dd9,0.1655,0.2818,0.2902267873287201,1.2275896072387695,60.09904861450195,CC(C)OC(C)C,mol_1a0ca8e5eeb68da8,0.6179,0.6058,0.6013944149017334,1.0256210565567017,39.92414093017578
state_aaebf66fab9a6ee25f681c48,3c_485aadc678c8a7fb274c,3,ternary_vle_english.xlsx,10.1016/j.fluid.2011.05.011,unverified,0.5,isothermal,0.9642857142857143,isothermal,,,15.650046167680001,15.28807258605957,0.0,True,False,48,CC(=O)CC(C)C,mol_0a895444a9f0f36b,0.5276000000000001,0.5457000000000001,0.5501224994659424,1.1002657413482666,14.488042831420898,CC(C)CC(C)(C)C,mol_57615b5c3546c298,0.0032,0.0188,0.01504877582192421,2.452240467071533,29.31844139099121,CC(C)CO,mol_015d21fca05fcd26,0.4692,0.4355,0.4348287284374237,1.0761356353759766,13.165760040283203
state_aafbcd008223abc3923cc15e,3c_485aadc678c8a7fb274c,3,ternary_vle_english.xlsx,10.1016/j.fluid.2011.05.011,unverified,0.5,isothermal,0.9642857142857143,isothermal,,,32.18001996416,30.959808349609375,0.0,True,False,48,CC(=O)CC(C)C,mol_0a895444a9f0f36b,0.11129999999999995,0.06899999999999995,0.06471758335828781,1.2425551414489746,14.488042831420898,CC(C)CC(C)(C)C,mol_57615b5c3546c298,0.6219,0.7187,0.7258445620536804,1.232481598854065,29.31844139099121,CC(C)CO,mol_015d21fca05fcd26,0.2668,0.2123,0.20943787693977356,1.8459577560424805,13.165760040283203
state_ac143c4a5c4e280d2208506b,3c_485aadc678c8a7fb274c,3,ternary_vle_english.xlsx,10.1016/j.fluid.2011.05.011,unverified,0.5,isothermal,0.9642857142857143,isothermal,,,31.019982040192,30.073265075683594,0.0,True,False,48,CC(=O)CC(C)C,mol_0a895444a9f0f36b,0.19020000000000004,0.13130000000000008,0.1305294632911682,1.4245210886001587,14.488042831420898,CC(C)CC(C)(C)C,mol_57615b5c3546c298,0.7177,0.7454,0.7657518982887268,1.0944221019744873,29.31844139099121,CC(C)CO,mol_015d21fca05fcd26,0.0921,0.1233,0.10371866822242737,2.5723609924316406,13.165760040283203
state_ac70f23977062750137f2ac0,2c_8742372ba72e435a7962,2,binary_vle_english.xlsx,10.1016/j.fluid.2013.01.020,unverified,0.5,isothermal,0.9473684210526315,isothermal,,,31.620066018559996,33.18036651611328,-3.814697265625e-06,True,False,48,CC(=O)C(C)C,mol_b650f1cc3cac74aa,0.8126,0.367,0.3642929494380951,1.0354753732681274,14.36531925201416,CC(C)C(C)C,mol_7347d05012022dd9,0.1874,0.633,0.6357070803642273,1.872841477394104,60.09904861450195,,,,,,,
state_ae41bbd4bc173f9e8b8d644e,3c_a6f39dd395c2cfcf800d,3,ternary_vle_english.xlsx,10.1016/j.fluid.2009.01.016,unverified,0.5,isothermal,0.9333333333333333,isothermal,,,10.700053288576001,10.787328720092773,-9.5367431640625e-07,True,False,48,CC(=O)C(C)(C)C,mol_61a887e37d396488,0.6802,0.7989,0.8054934740066528,1.030037522315979,12.401844024658203,CC(C)(C)CO,mol_dfb42f12fdc989ed,0.31679999999999997,0.1795,0.1729976087808609,1.0931739807128906,5.388644218444824,COC(C)(C)C,mol_b614d6fea320c179,0.003,0.0216,0.021508900448679924,0.9389365911483765,82.37104034423828
state_aeb330886f1514103f2174b1,3c_485aadc678c8a7fb274c,3,ternary_vle_english.xlsx,10.1016/j.fluid.2011.05.011,unverified,0.5,isothermal,0.9642857142857143,isothermal,,,27.649992544255998,26.033645629882812,0.0,True,False,48,CC(=O)CC(C)C,mol_0a895444a9f0f36b,0.11199999999999999,0.07790000000000008,0.07040823251008987,1.1296156644821167,14.488042831420898,CC(C)CC(C)(C)C,mol_57615b5c3546c298,0.2349,0.5877,0.5641806125640869,2.132697343826294,29.31844139099121,CC(C)CO,mol_015d21fca05fcd26,0.6531,0.3344,0.3654112219810486,1.1063467264175415,13.165760040283203
state_aee74d378accb11a2c6d9cea,2c_40e8c463ab1ddecad6ca,2,binary_vle_english.xlsx,10.1016/j.fluid.2014.12.025,unverified,0.5,isothermal,0.8,isothermal,,,14.599999197312,13.724315643310547,-9.5367431640625e-07,True,False,48,CCCCCCC,mol_fddb2c852c313396,0.167,0.2822,0.2640358805656433,1.1735411882400513,18.490081787109375,Cc1ccccc1,mol_1c09299644053521,0.833,0.7178,0.7359641194343567,1.0087049007415771,12.0209321975708,,,,,,,
state_af20e386ca1b289bdfc966d4,2c_6f361cb0ec8be0b0e6dd,2,binary_vle_english.xlsx,10.1016/j.jct.2012.11.005,unverified,0.5,isothermal,0.9166666666666666,isothermal,,,34.900062916096,32.80554962158203,0.0,True,False,48,CC(C)OC(C)C,mol_1a0ca8e5eeb68da8,0.179,0.546,0.5054178833961487,2.3201136589050293,39.92414093017578,CCO,mol_f29e20f49d416e54,0.821,0.45399999999999996,0.4945821762084961,1.037791132926941,19.042882919311523,,,,,,,
state_b075464ea6d1ca8dfebda641,2c_b399893600891028146a,2,binary_vle_english.xlsx,10.1016/j.fluid.2016.10.024,unverified,0.5,isothermal,0.9523809523809523,isothermal,,,95.040049930112,99.64335632324219,0.0,True,False,48,CC(C)=O,mol_e04cf77cea7bbe66,0.762,0.933,0.947978675365448,1.0239137411117554,121.0677719116211,CCC(C)O,mol_06affb0d2c6c8ff2,0.238,0.06699999999999995,0.052021291106939316,1.190172791481018,18.299638748168945,,,,,,,
state_b089f87192a02b28b16b46b6,3c_485aadc678c8a7fb274c,3,ternary_vle_english.xlsx,10.1016/j.fluid.2011.05.011,unverified,0.5,isothermal,0.9642857142857143,isothermal,,,16.90994254528,16.165142059326172,0.0,True,False,48,CC(=O)CC(C)C,mol_0a895444a9f0f36b,0.25529999999999997,0.28800000000000003,0.2726428806781769,1.1915525197982788,14.488042831420898,CC(C)CC(C)(C)C,mol_57615b5c3546c298,0.0253,0.1567,0.13200972974300385,2.8768954277038574,29.31844139099121,CC(C)CO,mol_015d21fca05fcd26,0.7194,0.5553,0.5953473448753357,1.016093373298645,13.165760040283203
state_b181a4dce7d4b96b634e314c,2c_8742372ba72e435a7962,2,binary_vle_english.xlsx,10.1016/j.fluid.2013.01.020,unverified,0.5,isothermal,0.9473684210526315,isothermal,,,40.0400401696,42.36357879638672,3.814697265625e-06,True,False,48,CC(=O)C(C)C,mol_b650f1cc3cac74aa,0.6464,0.24970000000000003,0.24683383107185364,1.1261098384857178,14.36531925201416,CC(C)C(C)C,mol_7347d05012022dd9,0.3536,0.7503,0.7531661987304688,1.50142502784729,60.09904861450195,,,,,,,
state_b5503c487f2ebbbfb8abcfd6,3c_a6f39dd395c2cfcf800d,3,ternary_vle_english.xlsx,10.1016/j.fluid.2009.01.016,unverified,0.5,isothermal,0.9333333333333333,isothermal,,,43.150051047935996,43.870018005371094,0.0,True,False,48,CC(=O)C(C)(C)C,mol_61a887e37d396488,0.3901,0.1266,0.1198158711194992,1.0864754915237427,12.401844024658203,CC(C)(C)CO,mol_dfb42f12fdc989ed,0.1461,0.02320000000000011,0.022468987852334976,1.2520498037338257,5.388644218444824,COC(C)(C)C,mol_b614d6fea320c179,0.4638,0.8502,0.8577151298522949,0.9849304556846619,82.37104034423828
state_b75a79bbcb2172879d70b751,2c_d498cbbd8f767d43f3e7,2,binary_vle_english.xlsx,10.1016/j.fluid.2011.06.001,unverified,0.5,isothermal,0.9230769230769231,isothermal,,,13.345035747328,13.998481750488281,-9.5367431640625e-07,True,False,48,CC(C)OC(C)C,mol_1a0ca8e5eeb68da8,0.025900000000000034,0.025800000000000045,0.026056690141558647,0.8908717036247253,15.80830192565918,CCC(C)Cl,mol_9f4835d3aad75f1c,0.9741,0.9742,0.9739433526992798,1.0000131130218506,13.99604606628418,,,,,,,
state_b7be5624f060f2f4a86908e2,2c_ab90a05e58432c71abba,2,binary_vle_english.xlsx,10.1016/j.fluid.2011.05.011,unverified,0.5,isothermal,0.9411764705882353,isothermal,,,28.129953069055997,27.429405212402344,0.0,True,False,48,CC(=O)CC(C)C,mol_0a895444a9f0f36b,0.35929999999999995,0.262,0.25192123651504517,1.3274379968643188,14.488042831420898,CC(C)CC(C)(C)C,mol_57615b5c3546c298,0.6407,0.738,0.7480787634849548,1.0923658609390259,29.31844139099121,,,,,,,
state_b7f2faaf2d5658eea2898a3a,2c_98afb8e6c65a310db5e0,2,binary_vle_english.xlsx,10.1016/j.jct.2012.12.026,unverified,0.5,isothermal,0.8181818181818182,isothermal,,,126.30001223270399,144.69387817382812,0.0,True,False,48,F/C=C/C(F)(F)F,mol_0e763ba6787b2749,0.729,0.7010000000000001,0.726318359375,1.000878930091858,144.03501892089844,FC(F)C(F)F,mol_fccff6221e62b4bc,0.271,0.299,0.2736816704273224,0.9608184695243835,152.0845947265625,,,,,,,
state_b870ee3b356866a9ef9ed6ed,2c_50cae961bcfb98dfb10a,2,binary_vle_english.xlsx,10.1016/j.fluid.2013.05.019,passed,1.0,full_state,0.5714285714285714,isothermal,,,101.330065929984,112.65666198730469,0.0,True,False,48,CC(C)=C(C)C,mol_ac85c03b48dc0205,0.999782,0.999901,0.9997814297676086,1.0,112.65660095214844,c1ccsc1,mol_7953343be0b435d5,0.000218,9.9e-05,0.00021853869839105755,1.7029361724853516,66.31784057617188,,,,,,,
state_b8d3efc729e2cf053d792b35,2c_4cc4055379eb0154120e,2,binary_vle_english.xlsx,10.1016/j.fluid.2010.01.006,unverified,0.5,isothermal,0.9629629629629629,isothermal,,,124.50002694233599,126.2750244140625,7.62939453125e-06,True,False,48,CCCC,mol_fadb5806094149e6,0.1993,0.8708,0.878457248210907,1.2355453968048096,450.4764404296875,CCSCC,mol_a7491cfbf016fee6,0.8007,0.12919999999999998,0.12154276669025421,1.0102033615112305,18.974395751953125,,,,,,,
state_b8eba29bc69ece27fdd20321,2c_31dd895be9cb26117aa9,2,binary_vle_english.xlsx,10.1016/j.jct.2015.07.024,unverified,0.5,isothermal,0.8888888888888888,isothermal,,,104.70005542592,110.81173706054688,0.0,True,False,48,CCOC(=O)OCC,mol_4df2781fcf4d4a77,0.591,0.23399999999999999,0.2331208884716034,0.9849436283111572,44.37803649902344,CCOC(C)=O,mol_18876b584acc43d4,0.409,0.766,0.7668790817260742,1.0081313848495483,206.09725952148438,,,,,,,
state_bb6a74ca69116d0f29b650df,3c_65250b1389afa8bc1bcc,3,ternary_vle_english.xlsx,10.1016/j.fluid.2013.01.020,unverified,0.5,isothermal,0.9655172413793104,isothermal,,,27.520003235456,29.02320098876953,0.0,True,False,48,CC(=O)C(C)C,mol_b650f1cc3cac74aa,0.764,0.4014,0.39207780361175537,1.0368332862854004,14.36531925201416,CC(C)C(C)C,mol_7347d05012022dd9,0.0875,0.3357,0.33044153451919556,1.823745846748352,60.09904861450195,CC(C)OC(C)C,mol_1a0ca8e5eeb68da8,0.1485,0.2629,0.2774806320667267,1.358363389968872,39.92414093017578
state_beb0d2dc1678881f315ab996,2c_5018f9e15dae7c08710f,2,binary_vle_english.xlsx,10.1016/j.fluid.2011.06.001,passed,1.0,isothermal,0.8461538461538461,isothermal,,,13.005063708928,13.373832702636719,-9.5367431640625e-07,True,False,48,CC(C)CCl,mol_b6f57216bc07a08c,0.7829,0.7803,0.7713267207145691,1.000609278678894,13.168108940124512,CC(C)OC(C)C,mol_1a0ca8e5eeb68da8,0.21709999999999996,0.2197,0.2286733090877533,0.8910996913909912,15.80830192565918,,,,,,,
state_bebc835dad74a36cbe36f8e3,2c_4cc4055379eb0154120e,2,binary_vle_english.xlsx,10.1016/j.fluid.2010.01.006,unverified,0.5,isothermal,0.9629629629629629,isothermal,,,228.200031285888,236.29949951171875,1.52587890625e-05,True,False,48,CCCC,mol_fadb5806094149e6,0.4496,0.9451,0.9530217051506042,1.1119037866592407,450.4764404296875,CCSCC,mol_a7491cfbf016fee6,0.5504,0.05489999999999995,0.046978291124105453,1.0629520416259766,18.974395751953125,,,,,,,
state_bfcf50b724704db7eae17144,2c_d498cbbd8f767d43f3e7,2,binary_vle_english.xlsx,10.1016/j.fluid.2011.06.001,unverified,0.5,isothermal,0.9230769230769231,isothermal,,,13.279974431744,14.03201675415039,0.0,True,False,48,CC(C)OC(C)C,mol_1a0ca8e5eeb68da8,0.273,0.2683,0.2770347595214844,0.9007545709609985,15.80830192565918,CCC(C)Cl,mol_9f4835d3aad75f1c,0.727,0.7317,0.7229652404785156,0.9970058798789978,13.99604606628418,,,,,,,
state_c193796c439094d69fb39571,3c_a6f39dd395c2cfcf800d,3,ternary_vle_english.xlsx,10.1016/j.fluid.2009.01.016,unverified,0.5,isothermal,0.9333333333333333,isothermal,,,42.319985984767996,43.343238830566406,0.0,True,False,48,CC(=O)C(C)(C)C,mol_61a887e37d396488,0.1953,0.0656,0.06332048773765564,1.1331230401992798,12.401844024658203,CC(C)(C)CO,mol_dfb42f12fdc989ed,0.3386,0.04600000000000004,0.048169590532779694,1.1442681550979614,5.388644218444824,COC(C)(C)C,mol_b614d6fea320c179,0.4661,0.8884,0.8885099291801453,1.003067135810852,82.37104034423828
state_c1daab5302fa81fcbd82896c,2c_35c6612e2ad0f786d394,2,binary_vle_english.xlsx,10.1016/j.fluid.2016.02.018,unverified,0.5,isothermal,0.8,isothermal,,,13.199981010943999,12.666954040527344,-9.5367431640625e-07,True,False,48,CCCCCCC,mol_fddb2c852c313396,0.5793,0.8558,0.8534448742866516,1.0092650651931763,18.490081787109375,Cc1ccc(C)cc1,mol_e7658ba520613aac,0.42069999999999996,0.1442,0.1465551257133484,1.041792869567871,4.235641956329346,,,,,,,
state_c1f2bb219c8081d67354b6ce,2c_e1c33e24ae7f6ab4d0bf,2,binary_vle_english.xlsx,10.1016/j.fluid.2010.01.024,unverified,0.5,isothermal,0.9375,isothermal,,,28.079957181056,26.515422821044922,0.0,True,False,48,CC[N+](=O)[O-],mol_6fdb0ec09de24512,0.6274,0.33940000000000003,0.35243791341781616,1.030077338218689,14.459951400756836,ClCCCl,mol_e8df6c9e89c6b62a,0.3726,0.6606,0.6475620269775391,1.0455381870269775,44.07549285888672,,,,,,,
state_c24028f696f0ec50760217fa,2c_8742372ba72e435a7962,2,binary_vle_english.xlsx,10.1016/j.fluid.2013.01.020,unverified,0.5,isothermal,0.9473684210526315,isothermal,,,43.450026375936,45.87748718261719,-3.814697265625e-06,True,False,48,CC(=O)C(C)C,mol_b650f1cc3cac74aa,0.5576,0.2117,0.20979925990104675,1.201615333557129,14.36531925201416,CC(C)C(C)C,mol_7347d05012022dd9,0.4424,0.7883,0.7902007699012756,1.363497257232666,60.09904861450195,,,,,,,
state_c24a3e816840d1d6a4007897,2c_5018f9e15dae7c08710f,2,binary_vle_english.xlsx,10.1016/j.fluid.2011.06.001,passed,1.0,isothermal,0.9166666666666666,isothermal,,,12.93493614336,13.681375503540039,0.0,True,False,48,CC(C)CCl,mol_b6f57216bc07a08c,0.5362,0.5363,0.5080722570419312,0.9844757914543152,13.168108940124512,CC(C)OC(C)C,mol_1a0ca8e5eeb68da8,0.4638,0.4637,0.49192774295806885,0.917941689491272,15.80830192565918,,,,,,,
state_c28d3dc8f8451fa78786a674,3c_65250b1389afa8bc1bcc,3,ternary_vle_english.xlsx,10.1016/j.fluid.2013.01.020,unverified,0.5,isothermal,0.9655172413793104,isothermal,,,33.159939368959996,35.6639404296875,0.0,True,False,48,CC(=O)C(C)C,mol_b650f1cc3cac74aa,0.4162,0.20840000000000003,0.2040344476699829,1.2170696258544922,14.36531925201416,CC(C)C(C)C,mol_7347d05012022dd9,0.0685,0.1584,0.16256806254386902,1.4083364009857178,60.09904861450195,CC(C)OC(C)C,mol_1a0ca8e5eeb68da8,0.5153,0.6332,0.6333975195884705,1.0980192422866821,39.92414093017578
state_c2c0aa21691a9aa789e1081e,2c_e1c33e24ae7f6ab4d0bf,2,binary_vle_english.xlsx,10.1016/j.fluid.2010.01.024,unverified,0.5,isothermal,0.9375,isothermal,,,36.319946135296,34.523841857910156,0.0,True,False,48,CC[N+](=O)[O-],mol_6fdb0ec09de24512,0.34509999999999996,0.15239999999999998,0.15549422800540924,1.075775384902954,14.459951400756836,ClCCCl,mol_e8df6c9e89c6b62a,0.6549,0.8476,0.8445057272911072,1.0100655555725098,44.07549285888672,,,,,,,
state_c383dda5e415d86fca9fba12,2c_ea9da779580d9b792700,2,binary_vle_english.xlsx,10.1016/j.jct.2012.11.005,unverified,0.5,isothermal,0.9411764705882353,isothermal,,,41.950016413568,43.26605224609375,0.0,True,False,48,CC(C)OC(C)C,mol_1a0ca8e5eeb68da8,0.759,0.567,0.6028108596801758,1.1387556791305542,30.175607681274414,CO,mol_a85d32e4db2ff39c,0.241,0.43300000000000005,0.3971891701221466,2.8571181297302246,24.957406997680664,,,,,,,
state_c3f826faa52e87d6646074bc,3c_65250b1389afa8bc1bcc,3,ternary_vle_english.xlsx,10.1016/j.fluid.2013.01.020,unverified,0.5,isothermal,0.9655172413793104,isothermal,,,38.020072972032,41.0638427734375,0.0,True,False,48,CC(=O)C(C)C,mol_b650f1cc3cac74aa,0.07600000000000007,0.045600000000000085,0.04438028857111931,1.6692478656768799,14.36531925201416,CC(C)C(C)C,mol_7347d05012022dd9,0.0709,0.1154,0.12406189739704132,1.195595145225525,60.09904861450195,CC(C)OC(C)C,mol_1a0ca8e5eeb68da8,0.8531,0.839,0.8315577507019043,1.00257408618927,39.92414093017578
state_c44cea46b4fc1005f2672697,3c_a6f39dd395c2cfcf800d,3,ternary_vle_english.xlsx,10.1016/j.fluid.2009.01.016,unverified,0.5,isothermal,0.9333333333333333,isothermal,,,20.219936975616,20.021163940429688,0.0,True,False,48,CC(=O)C(C)(C)C,mol_61a887e37d396488,0.6234,0.4442,0.4007267951965332,1.0377306938171387,12.401844024658203,CC(C)(C)CO,mol_dfb42f12fdc989ed,0.248,0.09109999999999996,0.07751128077507019,1.1612428426742554,5.388644218444824,COC(C)(C)C,mol_b614d6fea320c179,0.1286,0.4647,0.5217618942260742,0.9861571788787842,82.37104034423828
state_c4e3e969b92bb758b25fa944,3c_485aadc678c8a7fb274c,3,ternary_vle_english.xlsx,10.1016/j.fluid.2011.05.011,unverified,0.5,isothermal,0.9642857142857143,isothermal,,,12.750018018943999,13.312868118286133,0.0,True,False,48,CC(=O)CC(C)C,mol_0a895444a9f0f36b,0.023800000000000043,0.04589999999999994,0.03171162307262421,1.2243437767028809,14.488042831420898,CC(C)CC(C)(C)C,mol_57615b5c3546c298,0.0004,0.005,0.0033048640470951796,3.7516677379608154,29.31844139099121,CC(C)CO,mol_015d21fca05fcd26,0.9758,0.9491,0.9649835228919983,0.9999650120735168,13.165760040283203
state_c5d86ce8aa45165793da681e,2c_ac155ac6c9df3bfcf363,2,binary_vle_english.xlsx,10.1016/j.fluid.2014.03.033,passed,1.0,full_state,0.0,isothermal,,,20.600039046784,20.49465560913086,-1.9073486328125e-06,True,False,48,CC(=O)CC(C)C,mol_0a895444a9f0f36b,0.7888999999999999,0.938,0.9357016682624817,1.0259509086608887,23.693511962890625,O=Cc1ccco1,mol_cfdccd30b0689448,0.2111,0.062,0.06429829448461533,1.4349573850631714,4.350235939025879,,,,,,,
state_c6aa2f907916a6a59c07b738,2c_5018f9e15dae7c08710f,2,binary_vle_english.xlsx,10.1016/j.fluid.2011.06.001,passed,1.0,isothermal,0.9166666666666666,isothermal,,,12.820012262144,14.335369110107422,0.0,True,False,48,CC(C)CCl,mol_b6f57216bc07a08c,0.2913,0.2925,0.24543547630310059,0.9172385334968567,13.168108940124512,CC(C)OC(C)C,mol_1a0ca8e5eeb68da8,0.7087,0.7075,0.7545645236968994,0.9655118584632874,15.80830192565918,,,,,,,
state_c77f326f0653ae5149ec135f,3c_485aadc678c8a7fb274c,3,ternary_vle_english.xlsx,10.1016/j.fluid.2011.05.011,unverified,0.5,isothermal,0.9642857142857143,isothermal,,,18.609936059648,17.93360137939453,-1.9073486328125e-06,True,False,48,CC(=O)CC(C)C,mol_0a895444a9f0f36b,0.03979999999999995,0.04859999999999998,0.039212170988321304,1.219538688659668,14.488042831420898,CC(C)CC(C)(C)C,mol_57615b5c3546c298,0.0542,0.3418,0.2915602922439575,3.2904529571533203,29.31844139099121,CC(C)CO,mol_015d21fca05fcd26,0.906,0.6096,0.6692275404930115,1.0061601400375366,13.165760040283203
state_c80726d002108e124a79dd3b,2c_4cc4055379eb0154120e,2,binary_vle_english.xlsx,10.1016/j.fluid.2010.01.006,unverified,0.5,isothermal,0.9629629629629629,isothermal,,,50.100012769407996,50.23603820800781,0.0,True,False,48,CCCC,mol_fadb5806094149e6,0.0542,0.6394,0.6424838304519653,1.321923017501831,450.4764404296875,CCSCC,mol_a7491cfbf016fee6,0.9458,0.36060000000000003,0.35751616954803467,1.0007919073104858,18.974395751953125,,,,,,,
state_c95c12d71c91a4f7727110df,3c_a6f39dd395c2cfcf800d,3,ternary_vle_english.xlsx,10.1016/j.fluid.2009.01.016,unverified,0.5,isothermal,0.9333333333333333,isothermal,,,9.480020299007998,9.442859649658203,-9.5367431640625e-07,True,False,48,CC(=O)C(C)(C)C,mol_61a887e37d396488,0.4391,0.6225,0.617231011390686,1.070290207862854,12.401844024658203,CC(C)(C)CO,mol_dfb42f12fdc989ed,0.5536000000000001,0.3136,0.3233579695224762,1.0235556364059448,5.388644218444824,COC(C)(C)C,mol_b614d6fea320c179,0.0073,0.0639,0.05941092595458031,0.9329801797866821,82.37104034423828
state_c98cc98cc2bf653d44aa0a88,2c_acf6c70dfacb27974826,2,binary_vle_english.xlsx,10.1016/j.fluid.2012.05.016,unverified,0.5,isothermal,0.9411764705882353,isothermal,,,15.319939984512,14.265684127807617,0.0,True,False,48,CCCO,mol_5fb2f93dc8caa9dc,0.0,0.0,0.0,2.3177130222320557,12.644181251525879,CCCOC(C)=O,mol_67043ae833ecd0c7,1.0,1.0,1.0,1.0,14.265684127807617,,,,,,,
state_c9f2b8a6b883b4242ac40466,2c_c830dc760c5163d2d27d,2,binary_vle_english.xlsx,10.1016/j.fluid.2011.05.011,unverified,0.5,isothermal,0.9285714285714286,isothermal,,,33.04994841536,32.61992645263672,0.0,True,False,48,CC(C)CC(C)(C)C,mol_57615b5c3546c298,0.6059,0.741,0.7365424633026123,1.3525052070617676,29.31844139099121,CC(C)CO,mol_015d21fca05fcd26,0.3941,0.259,0.2634575664997101,1.656308650970459,13.165760040283203,,,,,,,
state_ca6a69e6fff1ef002d4bf82d,3c_65250b1389afa8bc1bcc,3,ternary_vle_english.xlsx,10.1016/j.fluid.2013.01.020,unverified,0.5,isothermal,0.9655172413793104,isothermal,,,34.030001142528,36.543922424316406,0.0,True,False,48,CC(=O)C(C)C,mol_b650f1cc3cac74aa,0.34519999999999995,0.17579999999999996,0.1736014038324356,1.2793291807174683,14.36531925201416,CC(C)C(C)C,mol_7347d05012022dd9,0.0595,0.129,0.1326492875814438,1.3556122779846191,60.09904861450195,CC(C)OC(C)C,mol_1a0ca8e5eeb68da8,0.5953,0.6952,0.6937493085861206,1.0667097568511963,39.92414093017578
state_a3d518cf0279bbe21ccf072a,2c_0afc81efacf81d2f9881,2,binary_vle_english.xlsx,10.1016/j.fluid.2011.10.009,unverified,0.5,isobaric,0.9375,isobaric,384.5,386.4796447753906,,,3.814697265625e-05,True,False,48,CCCCCCCCC,mol_dd70207e50d8bf63,0.078,0.033,0.026581240817904472,1.1714766025543213,29.4683837890625,Cc1ccccc1,mol_1c09299644053521,0.922,0.967,0.9734187722206116,1.0029479265213013,106.63499450683594,,,,,,,
state_a463aa0a7927714db01a286d,2c_94ed5d0a73a3c26e5ef5,2,binary_vle_english.xlsx,10.1016/j.fluid.2011.06.009,unverified,0.5,isobaric,0.9375,isobaric,308.82,308.04229736328125,,,1.430511474609375e-05,True,False,48,CCO,mol_f29e20f49d416e54,0.492,0.668,0.6785171627998352,1.2260938882827759,14.791007041931152,O,mol_e81dc06beaa39499,0.508,0.33199999999999996,0.3214828670024872,1.359468698501587,6.121397972106934,,,,,,,
state_a4d8464b0f4f86ec9bfd023b,2c_f4090d8339a2ac959e8c,2,binary_vle_english.xlsx,10.1016/j.fluid.2017.09.010,unverified,0.5,isobaric,0.8888888888888888,isobaric,355.29999999999995,356.0201110839844,,,7.62939453125e-05,True,False,48,CC(C)O,mol_db030b5de88f8eaf,0.9692,0.969,0.9690133929252625,1.0008071660995483,100.8991470336914,CCCOC(C)=O,mol_67043ae833ecd0c7,0.03080000000000005,0.031000000000000028,0.030986610800027847,1.8985172510147095,53.52175521850586,,,,,,,
state_a5969e7ea312cd5aa80cd1fa,3c_954c33e76e33ef115670,3,ternary_vle_english.xlsx,10.1016/j.fluid.2006.07.003,unverified,0.5,isobaric,0.9761904761904762,isobaric,360.88,361.85272216796875,,,0.000274658203125,True,False,48,CCCCCO,mol_243de2450bee5519,0.09699999999999998,0.015000000000000124,0.014901822432875633,1.2053371667861938,12.911284446716309,CCCO,mol_5fb2f93dc8caa9dc,0.274,0.29,0.3026251494884491,1.5535115003585815,72.01953887939453,CCCOCCC,mol_e13b90e4aa2e917d,0.629,0.695,0.6824730038642883,1.1391770839691162,96.48369598388672
state_a5efb736ea15967be5c30a19,2c_1f5028f9412924c6aa2e,2,binary_vle_english.xlsx,10.1016/j.fluid.2005.02.014,passed,1.0,isobaric,0.9285714285714286,isobaric,325.7,327.5693664550781,,,-6.103515625e-05,True,False,48,C1CCOCC1,mol_626f3d1f5bbb6f55,0.0766,0.02,0.029685741290450096,1.1232298612594604,34.95098114013672,CC(C)(C)Cl,mol_cbd731ac6eef5e90,0.9234,0.98,0.9703142642974854,1.0014268159866333,106.29485321044922,,,,,,,
state_a5fa2a2d26f92325f0200c6d,3c_20e37ef734cab2512529,3,ternary_vle_english.xlsx,10.1016/j.fluid.2012.12.020,unverified,0.5,isobaric,0.9230769230769231,isobaric,378.07,378.3277893066406,,,-2.288818359375e-05,True,False,48,CC(C)O,mol_db030b5de88f8eaf,0.2648,0.4775,0.5482099652290344,0.9234804511070251,226.42393493652344,CCCCCO,mol_243de2450bee5519,0.1180000000000001,0.2178,0.04821585863828659,1.5517250299453735,26.595870971679688,CCCCO,mol_ad4ef9c6c876ca2f,0.6172,0.3047,0.4035741090774536,1.0317022800445557,64.01239776611328
state_a76b777692c233bf9afbfc3a,3c_c45f0751ac63a91a45e8,3,ternary_vle_english.xlsx,10.1016/j.fluid.2005.06.019,unverified,0.5,isobaric,0.9767441860465116,isobaric,382.34999999999997,382.7145690917969,,,-2.288818359375e-05,True,False,48,CC(=O)OCC(C)C,mol_e7eb29ad965cc8ee,0.349,0.322,0.3160857558250427,1.1253485679626465,81.5270004272461,CC(C)CO,mol_015d21fca05fcd26,0.603,0.67,0.6756601333618164,1.037992000579834,109.35183715820312,CCCCCCO,mol_eb71ecc709e3f0dc,0.04800000000000004,0.008000000000000007,0.008254112675786018,0.9480121731758118,18.3748722076416
state_a82af3c78c738311b8e0a860,2c_50cae961bcfb98dfb10a,2,binary_vle_english.xlsx,10.1016/j.fluid.2013.05.019,passed,1.0,full_state,0.5714285714285714,isobaric,346.27,335.23321533203125,,,0.0002899169921875,True,False,48,CC(C)=C(C)C,mol_ac85c03b48dc0205,0.999582,0.999803,0.9996909499168396,1.0,101.34139251708984,c1ccsc1,mol_7953343be0b435d5,0.000418,0.000197,0.0003090485988650471,1.6442488431930542,45.56406784057617,,,,,,,
state_a8b7a9973590faa77d9d5312,2c_375f45238dade7281e25,2,binary_vle_english.xlsx,10.1016/j.jct.2019.03.036,unverified,0.5,isobaric,0.9473684210526315,isobaric,350.28999999999996,350.40142822265625,,,-9.1552734375e-05,True,False,48,CCOC(C)=O,mol_18876b584acc43d4,1.0,1.0,1.0,1.0,101.29984283447266,CS(C)=O,mol_7d3e12eaed0f467c,0.0,0.0,0.0,2.040341854095459,2.1646170616149902,,,,,,,
state_a99788d2b6ee1a257de0ff82,2c_0537ca75f0252274a31e,2,binary_vle_english.xlsx,10.1016/j.jct.2013.12.021,unverified,0.5,isobaric,0.9565217391304348,isobaric,337.65,338.07635498046875,,,0.00031280517578125,True,False,48,CCC(C)O,mol_06affb0d2c6c8ff2,0.0,0.0,0.0,1.009511947631836,23.080949783325195,CO,mol_a85d32e4db2ff39c,1.0,1.0,1.0,1.0,101.33037567138672,,,,,,,
state_aaa5c4e394b81c90c52d30d9,2c_f25584e0c98fb6639876,2,binary_vle_english.xlsx,10.1016/j.jct.2019.01.004,unverified,0.5,isobaric,0.9166666666666666,isobaric,338.5,338.9139099121094,,,0.00014495849609375,True,False,48,CO,mol_a85d32e4db2ff39c,0.946,0.973,0.9780594706535339,1.0009372234344482,104.63502502441406,O,mol_e81dc06beaa39499,0.05400000000000005,0.027000000000000024,0.021940521895885468,1.5399911403656006,26.72666358947754,,,,,,,
state_aad3705ae6276983a0b897ff,2c_d66c7a74cea5d8732e08,2,binary_vle_english.xlsx,10.1016/j.fluid.2017.09.010,unverified,0.5,isobaric,0.9,isobaric,353.29999999999995,353.47735595703125,,,-8.392333984375e-05,True,False,48,CC(C)O,mol_db030b5de88f8eaf,0.7495,0.7121,0.7328141331672668,1.0801441669464111,91.42423248291016,O,mol_e81dc06beaa39499,0.25049999999999994,0.28790000000000004,0.26718586683273315,2.1990537643432617,48.98811721801758,,,,,,,
state_ab3a694ddce30e4ad8df5ec1,2c_972bb6b6305c64cb2237,2,binary_vle_english.xlsx,10.1016/j.jct.2017.07.019,unverified,0.5,isobaric,0.95,isobaric,334.22999999999996,335.4726867675781,,,0.00020599365234375,True,False,48,ClC(Cl)Cl,mol_d9e0a2387a6283f9,0.9704,0.9727,0.9697661995887756,1.0017027854919434,101.06189727783203,OCC(F)(F)C(F)F,mol_48469952cf716332,0.0296,0.0273,0.030233832076191902,4.780267238616943,21.64508819580078,,,,,,,
state_ab91beb60dd0ab3cf46f8fae,2c_ba6de3f53ea6de13738b,2,binary_vle_english.xlsx,10.1016/j.fluid.2006.02.009,unverified,0.5,isobaric,0.9523809523809523,isobaric,332.64,332.9228820800781,,,0.000568389892578125,True,False,48,CCC(C)Cl,mol_9f4835d3aad75f1c,0.5773,0.8589,0.8551242351531982,1.023354411125183,77.14957427978516,Cc1ccccc1,mol_1c09299644053521,0.42269999999999996,0.1411,0.14487576484680176,1.0296097993850708,17.742826461791992,,,,,,,
state_ad36f870bc2bbf215a8af51d,2c_079ccab2da1cc47051a9,2,binary_vle_english.xlsx,10.1016/j.fluid.2006.02.009,unverified,0.5,isobaric,0.9523809523809523,isobaric,338.35999999999996,338.70587158203125,,,3.0517578125e-05,True,False,48,CCCCCl,mol_f7989a5c13417f20,0.7249,0.8848,0.8885840177536011,0.9960088133811951,65.59712219238281,Cc1ccccc1,mol_1c09299644053521,0.2751,0.11519999999999997,0.11141595989465714,0.9754313230514526,22.130319595336914,,,,,,,
state_ad3d4c6ac2ff4c89d0ff33ce,2c_ef978bac8ab2c7c131e7,2,binary_vle_english.xlsx,10.1016/j.fluid.2015.03.013,unverified,0.5,isobaric,0.9629629629629629,isobaric,386.09999999999997,385.93017578125,,,-3.814697265625e-05,True,False,48,CC(=O)N(C)C,mol_b8ccf255e2b62919,0.041000000000000036,0.01200000000000001,0.013968349434435368,1.6985137462615967,20.318944931030273,CCC(C)OC(C)=O,mol_879306ab1082c162,0.959,0.988,0.9860316514968872,1.001061201095581,104.04486083984375,,,,,,,
state_ada7b09bcc077678fb6f6444,2c_5e274a8981b66e0477e8,2,binary_vle_english.xlsx,10.1016/j.fluid.2005.02.014,passed,1.0,isobaric,0.9166666666666666,isobaric,316.25,315.94647216796875,,,3.814697265625e-05,True,False,48,C1CCOCC1,mol_626f3d1f5bbb6f55,0.1288,0.0638,0.06935487687587738,0.9586719274520874,22.467355728149414,CCC(C)Cl,mol_9f4835d3aad75f1c,0.8712,0.9362,0.9306451082229614,0.999427318572998,42.75391387939453,,,,,,,
state_adf58ee767bad4d24bd1e384,2c_e94406f9abae6913c6d1,2,binary_vle_english.xlsx,10.1016/j.fluid.2005.02.014,unverified,0.5,isobaric,0.9166666666666666,isobaric,327.04999999999995,327.24609375,,,2.288818359375e-05,True,False,48,C1CCOCC1,mol_626f3d1f5bbb6f55,0.2843,0.2161,0.23332273960113525,0.9504619240760803,34.53871536254883,CCCCCl,mol_f7989a5c13417f20,0.7157,0.7839,0.7666772603988647,0.9900809526443481,43.27843475341797,,,,,,,
state_aed63e7c7347be5e2042c1ef,2c_443810127d849cf82a31,2,binary_vle_english.xlsx,10.1016/j.fluid.2014.09.021,unverified,0.5,isobaric,0.9545454545454546,isobaric,376.60999999999996,376.4416809082031,,,-9.918212890625e-05,True,False,48,CCC(C)O,mol_06affb0d2c6c8ff2,0.88,0.981,0.9839516878128052,0.9909237623214722,114.30351257324219,CN(C)C=O,mol_ca12d6d2f2ffb170,0.12,0.019000000000000017,0.016048312187194824,0.6113893389701843,22.158430099487305,,,,,,,
state_af18447dfef88db412a7a915,2c_94ed5d0a73a3c26e5ef5,2,binary_vle_english.xlsx,10.1016/j.fluid.2011.06.009,unverified,0.5,isobaric,0.9375,isobaric,313.71,313.5411682128906,,,-1.9073486328125e-06,True,False,48,CCO,mol_f29e20f49d416e54,0.117,0.461,0.4361087381839752,2.5254852771759033,19.40838050842285,O,mol_e81dc06beaa39499,0.883,0.5389999999999999,0.5638912320137024,1.0329241752624512,8.130016326904297,,,,,,,
state_af27d3a90c23e4f2fa6bc8a6,2c_ba6de3f53ea6de13738b,2,binary_vle_english.xlsx,10.1016/j.fluid.2006.02.009,unverified,0.5,isobaric,0.9523809523809523,isobaric,330.29999999999995,330.47454833984375,,,0.001445770263671875,True,False,48,CCC(C)Cl,mol_9f4835d3aad75f1c,0.6588,0.8952,0.8923576474189758,1.015166997909546,71.11921691894531,Cc1ccccc1,mol_1c09299644053521,0.34119999999999995,0.1048,0.10764239728450775,1.0431110858917236,16.120662689208984,,,,,,,
state_af2c88913751638941e87d7d,3c_2cb16216a8c609b7ad27,3,ternary_vle_english.xlsx,10.1016/j.fluid.2005.09.015,unverified,0.5,isobaric,0.9767441860465116,isobaric,383.51,383.44476318359375,,,3.814697265625e-05,True,False,48,CC(=O)OCC(C)C,mol_e7eb29ad965cc8ee,0.562,0.495,0.4840724766254425,1.044785976409912,83.51338195800781,CC(C)CO,mol_015d21fca05fcd26,0.393,0.489,0.5017858147621155,1.1511741876602173,112.35543060302734,CCCCOC(=O)CC,mol_a9c167bbb331e76a,0.04499999999999993,0.016000000000000014,0.014141694642603397,1.0649573802947998,29.89276123046875
state_afbd9c3201b298cc1107dbc8,2c_21b807a1a6c6348c91ac,2,binary_vle_english.xlsx,10.1016/j.fluid.2018.07.027,unverified,0.5,isobaric,0.9629629629629629,isobaric,367.46,367.1872253417969,,,0.0001068115234375,True,False,48,CC(C)CC(C)(C)C,mol_57615b5c3546c298,0.7819,0.7713,0.7658826112747192,1.1251717805862427,88.18643188476562,CCCCO,mol_ad4ef9c6c876ca2f,0.21809999999999996,0.22870000000000001,0.23411741852760315,2.6729626655578613,40.68130111694336,,,,,,,
state_afd56f6c1e7255c428ad058e,2c_3c77d4a7763529aa395e,2,binary_vle_english.xlsx,10.1016/j.fluid.2017.10.001,unverified,0.5,isobaric,0.95,isobaric,347.51,346.9002990722656,,,0.00095367431640625,True,False,48,CCC(C)=O,mol_4cfc5db0ca2ab00b,0.544,0.527,0.5393205881118774,1.1296827793121338,88.90062713623047,CCO,mol_f29e20f49d416e54,0.45599999999999996,0.473,0.46067941188812256,1.2202153205871582,83.87078857421875,,,,,,,
state_afe254a39c6969614ad6ccbe,2c_106af91fffdb87d7c4f6,2,binary_vle_english.xlsx,10.1016/j.fluid.2013.05.016,unverified,0.5,isobaric,0.9444444444444444,isobaric,385.0,386.1006164550781,,,1.52587890625e-05,True,False,48,Cc1ccccc1,mol_1c09299644053521,0.937,0.981,0.9762279391288757,1.00063157081604,105.47430419921875,Cc1ccccc1C,mol_61c4de85d258b45d,0.06299999999999994,0.019000000000000017,0.023772094398736954,0.981356680393219,38.95016098022461,,,,,,,
state_b029266ac0b88064fcad06e6,2c_8227101c64130ee5e04f,2,binary_vle_english.xlsx,10.1016/j.jct.2017.07.019,unverified,0.5,isobaric,0.9411764705882353,isobaric,366.77,367.48492431640625,,,-1.52587890625e-05,True,False,48,O,mol_e81dc06beaa39499,0.7712,0.7361,0.7428216338157654,1.1636221408843994,83.85223388671875,OCC(F)(F)C(F)F,mol_48469952cf716332,0.2288,0.2639,0.2571783661842346,1.609981894493103,70.72395324707031,,,,,,,
state_b040e5ccb6d1da125a174098,2c_34804c7fdf5c7dc9c9e5,2,binary_vle_english.xlsx,10.1016/j.fluid.2005.02.014,unverified,0.5,isobaric,0.9166666666666666,isobaric,318.45,318.3826904296875,,,-3.814697265625e-06,True,False,48,C1CCOCC1,mol_626f3d1f5bbb6f55,0.2024,0.1067,0.12401087582111359,0.9916821718215942,24.713666915893555,CC(C)CCl,mol_b6f57216bc07a08c,0.7976,0.8933,0.8759890794754028,1.000784993171692,43.89683532714844,,,,,,,
state_b073e73dcc312ae035977f68,2c_a4ea92aaad2e5eb91802,2,binary_vle_english.xlsx,10.1016/j.fluid.2015.08.014,unverified,0.5,isobaric,0.9444444444444444,isobaric,333.69,333.61932373046875,,,0.00055694580078125,True,False,48,COC(C)=O,mol_b9c4464ceb7b1e3f,0.84,0.998,0.9974150061607361,1.0080702304840088,119.32112884521484,CS(C)=O,mol_7d3e12eaed0f467c,0.16000000000000003,0.0020000000000000018,0.0025850264355540276,1.6675360202789307,0.9814797043800354,,,,,,,
state_b0d16b6de8a9dc757d39745b,2c_079ccab2da1cc47051a9,2,binary_vle_english.xlsx,10.1016/j.fluid.2006.02.009,unverified,0.5,isobaric,0.9523809523809523,isobaric,332.28,332.8873291015625,,,0.000926971435546875,True,False,48,CCCCCl,mol_f7989a5c13417f20,1.0,1.0,1.0,1.0,53.300941467285156,Cc1ccccc1,mol_1c09299644053521,0.0,0.0,0.0,0.9472512006759644,17.718324661254883,,,,,,,
state_b13d3e471cc1697e8230ca36,3c_61bfd4ccc52903a74083,3,ternary_vle_english.xlsx,10.1016/j.fluid.2007.03.030,unverified,0.5,isobaric,0.9761904761904762,isobaric,360.53999999999996,361.3985595703125,,,0.00026702880859375,True,False,48,CCCO,mol_5fb2f93dc8caa9dc,0.399,0.56,0.4409424662590027,1.5830576419830322,70.71680450439453,CCCOCCC,mol_e13b90e4aa2e917d,0.511,0.415,0.5401222705841064,1.1252012252807617,95.15930938720703,CCOCCO,mol_ab8630148ae67e51,0.08999999999999997,0.02499999999999991,0.01893531158566475,1.124732494354248,18.94920539855957
state_b1581653bd547d8eb5ef5c2e,3c_f0c258463b44c2183ab7,3,ternary_vle_english.xlsx,10.1016/j.fluid.2005.03.014,unverified,0.5,isobaric,0.9767441860465116,isobaric,382.80999999999995,382.9252624511719,,,-5.340576171875e-05,True,False,48,CC(=O)OCC(C)C,mol_e7eb29ad965cc8ee,0.102,0.115,0.11098956316709518,1.3426686525344849,82.09600830078125,CC(C)CO,mol_015d21fca05fcd26,0.808,0.866,0.871718168258667,0.9916253089904785,110.2112808227539,CN(C)C=O,mol_ca12d6d2f2ffb170,0.08999999999999997,0.019000000000000017,0.017292197793722153,0.6973555088043213,27.91016387939453
state_b1a1f0479650ae32fecfed66,2c_079ccab2da1cc47051a9,2,binary_vle_english.xlsx,10.1016/j.fluid.2006.02.009,unverified,0.5,isobaric,0.9523809523809523,isobaric,336.39,336.74798583984375,,,0.000141143798828125,True,False,48,CCCCCl,mol_f7989a5c13417f20,0.8108,0.9277,0.9292678236961365,0.9978324770927429,61.22066116333008,Cc1ccccc1,mol_1c09299644053521,0.18920000000000003,0.07230000000000003,0.07073213160037994,0.9695212841033936,20.55259895324707,,,,,,,
state_b1a7a0df5913f64e6a23dab6,2c_4c757308eefec1e2dd80,2,binary_vle_english.xlsx,10.1016/j.fluid.2011.11.020,unverified,0.5,isobaric,0.9444444444444444,isobaric,333.9,338.45513916015625,,,-4.57763671875e-05,True,False,48,C=C(C)C(C)C,mol_6f1c44bf29e6107c,0.6488,0.8195,0.6490049362182617,1.1977652311325073,84.6259536743164,c1ccsc1,mol_7953343be0b435d5,0.3512,0.1805,0.35099509358406067,1.98690664768219,50.96912384033203,,,,,,,
state_b230a5aad3ec043474c282e0,2c_f6e4afdc0101fe369605,2,binary_vle_english.xlsx,10.1016/j.jct.2004.09.009,unverified,0.5,isobaric,0.9629629629629629,isobaric,374.04999999999995,372.84716796875,,,-3.0517578125e-05,True,False,48,CC1CCCCC1,mol_bdf6ddfdabc4e204,0.9057,0.9159,0.9204193949699402,1.0104618072509766,101.88037109375,CCOC(=O)OCC,mol_4df2781fcf4d4a77,0.09430000000000005,0.08409999999999995,0.0795806422829628,1.9505794048309326,43.82693862915039,,,,,,,
state_b232d0d01ff5074cb458864f,2c_e8b98868a6b90d408930,2,binary_vle_english.xlsx,10.1016/j.fluid.2015.09.039,unverified,0.5,isobaric,0.96875,isobaric,426.59,423.8895568847656,,,3.814697265625e-05,True,False,48,CN(C)C=O,mol_ca12d6d2f2ffb170,0.992,0.998,0.9977123141288757,0.9999839067459106,101.88494110107422,CS(C)=O,mol_7d3e12eaed0f467c,0.008000000000000007,0.0020000000000000018,0.0022876865696161985,0.8763673305511475,33.05442810058594,,,,,,,
state_b28004a8720b91f9b2f156aa,2c_079ccab2da1cc47051a9,2,binary_vle_english.xlsx,10.1016/j.fluid.2006.02.009,unverified,0.5,isobaric,0.9523809523809523,isobaric,340.64,340.8929748535156,,,3.814697265625e-06,True,False,48,CCCCCl,mol_f7989a5c13417f20,0.6359,0.8312,0.8391786217689514,0.9936148524284363,70.79048156738281,Cc1ccccc1,mol_1c09299644053521,0.3641,0.16879999999999995,0.160821333527565,0.9804330468177795,24.012226104736328,,,,,,,
state_b35a997ae4765ae90c31d524,2c_ba6de3f53ea6de13738b,2,binary_vle_english.xlsx,10.1016/j.fluid.2006.02.009,unverified,0.5,isobaric,0.9523809523809523,isobaric,323.46,323.254638671875,,,-1.9073486328125e-05,True,False,48,CCC(C)Cl,mol_9f4835d3aad75f1c,0.9465,0.9897,0.9866299629211426,1.0002875328063965,55.54384994506836,Cc1ccccc1,mol_1c09299644053521,0.05349999999999999,0.010299999999999976,0.013370050117373466,1.1055784225463867,12.048052787780762,,,,,,,
state_b3d4b233c9c6679d6ced42bd,2c_d61da005b4125a743b07,2,binary_vle_english.xlsx,10.1016/j.fluid.2009.03.008,unverified,0.5,isobaric,0.9583333333333334,isobaric,353.88,352.5018005371094,,,0.00030517578125,True,False,48,CC(=O)O,mol_9ac385b135af0125,0.0522,0.0141,0.012076806277036667,0.936233401298523,25.040159225463867,CCC(C)=O,mol_4cfc5db0ca2ab00b,0.9478,0.9859,0.9879232048988342,0.999755322933197,105.64583587646484,,,,,,,
state_b40364318950728d681e331f,2c_045f196d049de4abb690,2,binary_vle_english.xlsx,10.1016/j.jct.2004.09.009,unverified,0.5,isobaric,0.9696969696969697,isobaric,362.01,361.6441345214844,,,0.00034332275390625,True,False,48,CCC(C)O,mol_06affb0d2c6c8ff2,0.32830000000000004,0.3022,0.2855352461338043,1.3723442554473877,64.20020294189453,COC(=O)OC,mol_0ec85594f0f896ea,0.6717,0.6978,0.7144647240638733,1.087737798690796,99.05851745605469,,,,,,,
state_b45e4eee5ab6385fd688fc91,3c_c1f86c0bca7d787912fb,3,ternary_vle_english.xlsx,10.1016/j.jct.2011.10.025,unverified,0.5,isobaric,0.9807692307692307,isobaric,352.46999999999997,352.8642272949219,,,0.000885009765625,True,False,48,C1CCOCC1,mol_626f3d1f5bbb6f55,0.144,0.086,0.10631007701158524,0.9045085310935974,82.68223571777344,CC(C)CC(C)(C)C,mol_57615b5c3546c298,0.487,0.358,0.3721087574958801,1.359447956085205,56.93656921386719,CC(C)O,mol_db030b5de88f8eaf,0.369,0.556,0.52158123254776,1.6042283773422241,89.25700378417969
state_b4705ad614ad2c3acdc6f4f0,2c_a1a215858c9235f0cf6a,2,binary_vle_english.xlsx,10.1016/j.fluid.2015.03.013,unverified,0.5,isobaric,0.9666666666666667,isobaric,377.92999999999995,378.0294189453125,,,-2.288818359375e-05,True,False,48,CC(=O)N(C)C,mol_b8ccf255e2b62919,0.15700000000000003,0.015000000000000013,0.013599046505987644,0.5760170817375183,15.23289680480957,CCC(C)O,mol_06affb0d2c6c8ff2,0.843,0.985,0.9864009618759155,0.977372407913208,121.27600860595703,,,,,,,
state_b4ad27615380d6e7d1215bef,2c_f4a55bc5fa0e7d69faf8,2,binary_vle_english.xlsx,10.1016/j.fluid.2012.12.021,unverified,0.5,isobaric,0.9545454545454546,isobaric,342.62,342.5163879394531,,,1.9073486328125e-05,True,False,48,C1CCOCC1,mol_626f3d1f5bbb6f55,0.622,0.756,0.7659070491790771,1.0429129600524902,59.034786224365234,CCC(C)O,mol_06affb0d2c6c8ff2,0.378,0.244,0.23409298062324524,1.0945576429367065,28.28969955444336,,,,,,,
state_b578b4279b0c63c3deae4d88,2c_94ed5d0a73a3c26e5ef5,2,binary_vle_english.xlsx,10.1016/j.fluid.2011.06.009,unverified,0.5,isobaric,0.9375,isobaric,307.46,305.7911071777344,,,1.71661376953125e-05,True,False,48,CCO,mol_f29e20f49d416e54,0.908,0.91,0.917991578578949,1.0074189901351929,13.196797370910645,O,mol_e81dc06beaa39499,0.09199999999999997,0.08999999999999997,0.08200844377279282,2.1571390628814697,5.433984756469727,,,,,,,
state_b5c09ce92a00779f56973b2f,2c_94ed5d0a73a3c26e5ef5,2,binary_vle_english.xlsx,10.1016/j.fluid.2011.06.009,unverified,0.5,isobaric,0.9375,isobaric,307.55999999999995,305.89990234375,,,1.1444091796875e-05,True,False,48,CCO,mol_f29e20f49d416e54,0.864,0.874,0.8858219981193542,1.0159662961959839,13.270248413085938,O,mol_e81dc06beaa39499,0.136,0.126,0.11417794972658157,2.019911527633667,5.465584754943848,,,,,,,
state_b5e8d39cba11398113174d3b,2c_4c757308eefec1e2dd80,2,binary_vle_english.xlsx,10.1016/j.fluid.2011.11.020,unverified,0.5,isobaric,0.9444444444444444,isobaric,330.72999999999996,341.8477783203125,,,0.0,True,False,48,C=C(C)C(C)C,mol_6f1c44bf29e6107c,0.8798,0.9332,0.7739047408103943,1.0210322141647339,87.29762268066406,c1ccsc1,mol_7953343be0b435d5,0.1202,0.0668,0.2260952740907669,3.3307735919952393,57.224266052246094,,,,,,,
state_b637cddd88e835fe3d34546d,3c_f1332761d3af136f02b5,3,ternary_vle_english.xlsx,10.1016/j.fluid.2014.04.025,unverified,0.5,isobaric,0.9473684210526315,isobaric,386.47999999999996,388.8050231933594,,,9.918212890625e-05,True,False,48,COCCO,mol_d291b272a64498d9,0.2716,0.2289,0.21063068509101868,0.9694260358810425,81.03763580322266,CS(C)=O,mol_7d3e12eaed0f467c,0.21229999999999993,0.017199999999999993,0.01962641254067421,0.9154517650604248,10.229750633239746,Cc1ccccc1,mol_1c09299644053521,0.5161,0.7539,0.7697428464889526,1.3254525661468506,113.98749542236328
state_b6491696a76160edc6e29446,2c_784276d4500715f79c89,2,binary_vle_english.xlsx,10.1016/j.fluid.2011.11.020,passed,1.0,isobaric,0.9473684210526315,isobaric,356.65,359.30078125,,,-1.52587890625e-05,True,False,48,CCCCCCC,mol_fddb2c852c313396,0.04300000000000004,0.05489999999999995,0.051548849791288376,1.7742421627044678,68.46614074707031,c1ccsc1,mol_7953343be0b435d5,0.957,0.9451,0.9484511017799377,1.0014845132827759,100.2760009765625,,,,,,,
state_b79977c86945ec700ae974b6,2c_dc191206ee879c89c4e5,2,binary_vle_english.xlsx,10.1016/j.jct.2003.09.001,unverified,0.5,isobaric,0.9285714285714286,isobaric,350.08,349.4517517089844,,,-1.9073486328125e-05,True,False,48,C1COCCO1,mol_d365f2fae67d24f2,0.4869,0.5997,0.620424211025238,1.068218469619751,47.71436309814453,CC(C)CO,mol_015d21fca05fcd26,0.5131,0.4003,0.37957584857940674,1.0484429597854614,28.223569869995117,,,,,,,
state_b870ee3b356866a9ef9ed6ed,2c_50cae961bcfb98dfb10a,2,binary_vle_english.xlsx,10.1016/j.fluid.2013.05.019,passed,1.0,full_state,0.5714285714285714,isobaric,346.27,335.2279357910156,,,0.0002593994140625,True,False,48,CC(C)=C(C)C,mol_ac85c03b48dc0205,0.999782,0.999901,0.9998387694358826,1.0,101.33607482910156,c1ccsc1,mol_7953343be0b435d5,0.000218,9.9e-05,0.00016116834012791514,1.6444509029388428,45.555599212646484,,,,,,,
state_b88ebea016d6d321851ee789,2c_9f331b7867f625e21322,2,binary_vle_english.xlsx,10.1016/j.jct.2015.03.013,unverified,0.5,isobaric,0.9090909090909091,isobaric,351.9,350.1898498535156,,,0.001129150390625,True,False,48,CCC(C)=O,mol_4cfc5db0ca2ab00b,0.6367,0.9236,0.8984468579292297,1.0678523778915405,98.44852447509766,COCCO,mol_d291b272a64498d9,0.36329999999999996,0.07640000000000002,0.10155320912599564,1.188187837600708,17.52693748474121,,,,,,,
state_b8db0f895a8ee376cc320cd0,2c_46777e532a11b24ee585,2,binary_vle_english.xlsx,10.1016/j.fluid.2012.12.020,unverified,0.5,isobaric,0.9629629629629629,isobaric,355.5,356.0460510253906,,,-1.52587890625e-05,True,False,48,CC(C)O,mol_db030b5de88f8eaf,1.0,1.0,1.0,1.0,100.99994659423828,CCCCCO,mol_243de2450bee5519,0.0,0.0,0.0,0.9338935017585754,9.849889755249023,,,,,,,
state_b910c8ffaac79a2901c89f0e,2c_82cfa7a14fa3ab1984f1,2,binary_vle_english.xlsx,10.1016/j.jct.2019.07.006,unverified,0.5,isobaric,0.9333333333333333,isobaric,349.64,351.0834045410156,,,3.814697265625e-05,True,False,48,CC#N,mol_7028b7cbd3d829b4,0.6962,0.6939,0.6900105476379395,1.1607167720794678,86.49774169921875,O,mol_e81dc06beaa39499,0.30379999999999996,0.30610000000000004,0.30998948216438293,2.3229217529296875,44.49732971191406,,,,,,,
state_ba2e0843813b50d0949a129a,2c_3c77d4a7763529aa395e,2,binary_vle_english.xlsx,10.1016/j.fluid.2007.06.005,unverified,0.5,isobaric,0.9523809523809523,isobaric,347.5,346.9552917480469,,,0.001007080078125,True,False,48,CCC(C)=O,mol_4cfc5db0ca2ab00b,0.45699999999999996,0.46599999999999997,0.47771504521369934,1.1890873908996582,89.05379486083984,CCO,mol_f29e20f49d416e54,0.543,0.534,0.522284984588623,1.1592130661010742,84.05391693115234,,,,,,,
state_ba398c50ffe15692f50722b7,2c_ce7e822d00d743846419,2,binary_vle_english.xlsx,10.1016/j.fluid.2005.07.010,unverified,0.5,isobaric,0.9629629629629629,isobaric,351.45,351.5301208496094,,,7.62939453125e-06,True,False,48,CC(=O)O,mol_9ac385b135af0125,0.05179999999999996,0.006199999999999983,0.014796875417232513,1.2040956020355225,24.037864685058594,CCOC(C)=O,mol_18876b584acc43d4,0.9482,0.9938,0.9852031469345093,1.001200795173645,105.15291595458984,,,,,,,
state_baa3b6b198f847d2c4792768,2c_72801d7427f9871710ea,2,binary_vle_english.xlsx,10.1016/j.jct.2013.08.011,unverified,0.5,isobaric,0.95,isobaric,353.12,354.17596435546875,,,-2.288818359375e-05,True,False,48,CC#N,mol_7028b7cbd3d829b4,0.725,0.733,0.7470189929008484,1.0825670957565308,96.41572570800781,CCCO,mol_5fb2f93dc8caa9dc,0.275,0.267,0.252981036901474,1.7727680206298828,52.5669059753418,,,,,,,
state_bbab91ee85395fe6e25410c6,2c_94ed5d0a73a3c26e5ef5,2,binary_vle_english.xlsx,10.1016/j.fluid.2011.06.009,unverified,0.5,isobaric,0.9375,isobaric,307.51,305.8144836425781,,,2.288818359375e-05,True,False,48,CCO,mol_f29e20f49d416e54,0.897,0.904,0.9096144437789917,1.0092626810073853,13.21255111694336,O,mol_e81dc06beaa39499,0.10299999999999998,0.09599999999999997,0.0903855711221695,2.120936870574951,5.440767288208008,,,,,,,
state_bbefa3404f03563c3eef7901,2c_74caf60139062b8ca437,2,binary_vle_english.xlsx,10.1016/j.fluid.2010.08.010,unverified,0.5,isobaric,0.9411764705882353,isobaric,415.75,417.2139892578125,,,3.814697265625e-05,True,False,48,CCCCCCO,mol_eb71ecc709e3f0dc,0.06499999999999995,0.05510000000000004,0.041693978011608124,0.8956314921379089,68.46817016601562,Cc1ccccc1C,mol_61c4de85d258b45d,0.935,0.9449,0.9583060145378113,1.000518798828125,97.93218231201172,,,,,,,
state_bc87726f2348d04b92225685,3c_6b60b4a3a536506a27ae,3,ternary_vle_english.xlsx,10.1016/j.fluid.2006.08.004,unverified,0.5,isobaric,0.9821428571428571,isobaric,338.38,338.500732421875,,,5.340576171875e-05,True,False,48,CC(C)CC(C)(C)C,mol_57615b5c3546c298,0.04699999999999993,0.03700000000000003,0.02999706380069256,1.827654480934143,35.37498092651367,CC(C)OC(C)C,mol_1a0ca8e5eeb68da8,0.489,0.567,0.5617464184761047,1.310080647468567,88.8265609741211,CCO,mol_f29e20f49d416e54,0.464,0.396,0.40825653076171875,1.4950549602508545,59.61662292480469
state_bd4f78d88acef820d36955ab,2c_ca2ff513d4ae36f2f8e1,2,binary_vle_english.xlsx,10.1016/j.jct.2016.10.001,unverified,0.5,isobaric,0.8181818181818182,isobaric,361.0,362.1627502441406,,,0.00136566162109375,True,False,48,CCCO,mol_5fb2f93dc8caa9dc,0.261,0.402,0.37722596526145935,2.007822275161743,72.92069244384766,O,mol_e81dc06beaa39499,0.739,0.598,0.622774064540863,1.2426495552062988,68.6993179321289,,,,,,,
state_bd8007c34633b1026c356c4c,2c_045f196d049de4abb690,2,binary_vle_english.xlsx,10.1016/j.jct.2004.09.009,unverified,0.5,isobaric,0.9696969696969697,isobaric,361.97999999999996,361.56646728515625,,,0.0003204345703125,True,False,48,CCC(C)O,mol_06affb0d2c6c8ff2,0.30600000000000005,0.28690000000000004,0.2713681757450104,1.4037199020385742,63.9981689453125,COC(=O)OC,mol_0ec85594f0f896ea,0.694,0.7131,0.728631854057312,1.076385498046875,98.80783081054688,,,,,,,
state_be429f3b3055794b794a0412,2c_e0ef8174c7b6fc15273a,2,binary_vle_english.xlsx,10.1016/j.fluid.2005.06.024,unverified,0.5,isobaric,0.9743589743589743,isobaric,333.77,332.1679992675781,,,0.00058746337890625,True,False,48,CC(C)=O,mol_e04cf77cea7bbe66,0.8647,0.9889,0.9895057678222656,0.9862325191497803,117.56895446777344,CCOC(=O)OCC,mol_4df2781fcf4d4a77,0.13529999999999998,0.011099999999999999,0.010494226589798927,0.9047787189483643,8.68619155883789,,,,,,,
state_bf6863face6963c91e2a6e56,2c_d66c7a74cea5d8732e08,2,binary_vle_english.xlsx,10.1016/j.fluid.2017.09.010,unverified,0.5,isobaric,0.9473684210526315,isobaric,353.09999999999997,353.4590148925781,,,3.814697265625e-05,True,False,48,CC(C)O,mol_db030b5de88f8eaf,0.6892,0.6858,0.6986450552940369,1.1206820011138916,91.35877990722656,O,mol_e81dc06beaa39499,0.31079999999999997,0.31420000000000003,0.3013549745082855,2.000532865524292,48.952293395996094,,,,,,,
state_bfc63bc13b0837a9ba4e467a,2c_be94156040a0f89bf1c4,2,binary_vle_english.xlsx,10.1016/j.fluid.2013.05.016,passed,1.0,isobaric,0.9411764705882353,isobaric,371.4,371.7258605957031,,,7.62939453125e-06,True,False,48,CCCCCCC,mol_fddb2c852c313396,1.0,1.0,1.0,1.0,101.29994201660156,CCCCCCCCC,mol_dd70207e50d8bf63,0.0,0.0,0.0,1.0478652715682983,17.274686813354492,,,,,,,
state_c0b5ae7e81a547ce506dc176,3c_c45f0751ac63a91a45e8,3,ternary_vle_english.xlsx,10.1016/j.fluid.2005.06.019,unverified,0.5,isobaric,0.9767441860465116,isobaric,383.39,383.576416015625,,,6.866455078125e-05,True,False,48,CC(=O)OCC(C)C,mol_e7eb29ad965cc8ee,0.2,0.206,0.1992109715938568,1.2029730081558228,83.8758316040039,CC(C)CO,mol_015d21fca05fcd26,0.694,0.777,0.7822515964508057,1.0113128423690796,112.90441131591797,CCCCCCO,mol_eb71ecc709e3f0dc,0.1060000000000001,0.017000000000000015,0.018537433817982674,0.9302645921707153,19.043498992919922
state_c15ff9abbffcea69a34c86f6,2c_70d91a5b69e7fd494bfd,2,binary_vle_english.xlsx,10.1016/j.jct.2004.09.009,unverified,0.5,isobaric,0.9696969696969697,isobaric,352.27,352.6304931640625,,,0.00090789794921875,True,False,48,CC(C)O,mol_db030b5de88f8eaf,0.6382,0.6422,0.6303547024726868,1.1313058137893677,88.44255065917969,COC(=O)OC,mol_0ec85594f0f896ea,0.3618,0.3578,0.36964523792266846,1.4125916957855225,73.26776885986328,,,,,,,
state_c1ee29890eac2665083c1beb,3c_f1332761d3af136f02b5,3,ternary_vle_english.xlsx,10.1016/j.fluid.2014.04.025,unverified,0.5,isobaric,0.9473684210526315,isobaric,385.71,389.1177978515625,,,9.1552734375e-05,True,False,48,COCCO,mol_d291b272a64498d9,0.6339,0.4867,0.4998035430908203,0.9746625423431396,81.94715118408203,CS(C)=O,mol_7d3e12eaed0f467c,0.09860000000000002,0.005099999999999993,0.005176902748644352,0.5140326023101807,10.346940994262695,Cc1ccccc1,mol_1c09299644053521,0.2675,0.5082,0.4950195550918579,1.6299806833267212,115.00735473632812
state_c2605a7751f8ed082b05fcda,3c_c45f0751ac63a91a45e8,3,ternary_vle_english.xlsx,10.1016/j.fluid.2005.06.019,unverified,0.5,isobaric,0.9767441860465116,isobaric,381.72999999999996,381.7228698730469,,,-4.57763671875e-05,True,False,48,CC(=O)OCC(C)C,mol_e7eb29ad965cc8ee,0.048,0.052,0.04883359745144844,1.3063138723373413,78.89308166503906,CC(C)CO,mol_015d21fca05fcd26,0.907,0.941,0.9440370798110962,1.0005050897598267,105.38320922851562,CCCCCCO,mol_eb71ecc709e3f0dc,0.04499999999999993,0.007000000000000006,0.007129279430955648,0.9102612733840942,17.630962371826172
state_c3b9e2f629845fb4d5adbea7,2c_9f31aad1f9974e54ecb0,2,binary_vle_english.xlsx,10.1016/j.jct.2017.07.019,unverified,0.5,isobaric,0.95,isobaric,379.4,377.9165954589844,,,0.0003814697265625,True,False,48,Cc1ccc(C)cc1,mol_e7658ba520613aac,0.1511,0.18430000000000002,0.1320011168718338,2.523606538772583,35.067298889160156,OCC(F)(F)C(F)F,mol_48469952cf716332,0.8489,0.8157,0.8679988384246826,1.0398331880569458,99.61156463623047,,,,,,,
state_c5d86ce8aa45165793da681e,2c_ac155ac6c9df3bfcf363,2,binary_vle_english.xlsx,10.1016/j.fluid.2014.03.033,passed,1.0,full_state,0.0,isobaric,345.77,345.9044189453125,,,0.0008106231689453125,True,False,48,CC(=O)CC(C)C,mol_0a895444a9f0f36b,0.7888999999999999,0.938,0.9356270432472229,1.0259946584701538,23.81336784362793,O=Cc1ccco1,mol_cfdccd30b0689448,0.2111,0.062,0.06437300145626068,1.4352365732192993,4.377006530761719,,,,,,,
state_c63e11a8d1988d5bbbf4cf39,2c_fb0ad4b474929fdd899d,2,binary_vle_english.xlsx,10.1016/j.fluid.2007.09.014,unverified,0.5,isobaric,0.9583333333333334,isobaric,343.03,344.3190002441406,,,7.62939453125e-06,True,False,48,CC(C)OC(C)C,mol_1a0ca8e5eeb68da8,0.887,0.949,0.9454162120819092,1.0286568403244019,104.96344757080078,COCCO,mol_d291b272a64498d9,0.11299999999999999,0.051000000000000045,0.054583825170993805,3.6312050819396973,13.475471496582031,,,,,,,
state_c7343f558f3630feef324f28,2c_079ccab2da1cc47051a9,2,binary_vle_english.xlsx,10.1016/j.fluid.2006.02.009,unverified,0.5,isobaric,0.9523809523809523,isobaric,337.53,337.6764831542969,,,9.5367431640625e-05,True,False,48,CCCCCl,mol_f7989a5c13417f20,0.7693,0.9041,0.9103828072547913,0.9969976544380188,63.26481628417969,Cc1ccccc1,mol_1c09299644053521,0.23070000000000002,0.09589999999999999,0.08961722254753113,0.9725812077522278,21.288551330566406,,,,,,,
state_c749d4df2b5fa2f8233412c0,2c_f4a55bc5fa0e7d69faf8,2,binary_vle_english.xlsx,10.1016/j.fluid.2012.12.021,unverified,0.5,isobaric,0.9545454545454546,isobaric,341.30999999999995,340.53741455078125,,,-3.814697265625e-06,True,False,48,C1CCOCC1,mol_626f3d1f5bbb6f55,0.763,0.849,0.8585900068283081,1.0188637971878052,55.22240447998047,CCC(C)O,mol_06affb0d2c6c8ff2,0.237,0.151,0.14141002297401428,1.153928279876709,25.853727340698242,,,,,,,
state_c74b6f186a46b7490e4164ad,2c_d66c7a74cea5d8732e08,2,binary_vle_english.xlsx,10.1016/j.jct.2017.02.005,unverified,0.5,isobaric,0.96875,isobaric,353.15999999999997,353.3506164550781,,,-6.103515625e-05,True,False,48,CC(C)O,mol_db030b5de88f8eaf,0.607,0.643,0.6554417014122009,1.1869566440582275,90.97257232666016,O,mol_e81dc06beaa39499,0.393,0.357,0.3445582687854767,1.7987701892852783,48.74099349975586,,,,,,,
state_c879db33824cbc2894f6d82d,2c_46777e532a11b24ee585,2,binary_vle_english.xlsx,10.1016/j.fluid.2012.12.020,unverified,0.5,isobaric,0.9629629629629629,isobaric,361.66999999999996,362.4716796875,,,0.00113677978515625,True,False,48,CC(C)O,mol_db030b5de88f8eaf,0.7645,0.9685,0.9694684147834778,0.9945616126060486,128.7806396484375,CCCCCO,mol_243de2450bee5519,0.23550000000000004,0.03149999999999997,0.03053159825503826,0.985844612121582,13.282391548156738,,,,,,,
state_c88b5ab91e2e0a8b139a131b,2c_be94156040a0f89bf1c4,2,binary_vle_english.xlsx,10.1016/j.fluid.2013.05.016,passed,1.0,isobaric,0.9411764705882353,isobaric,373.29999999999995,373.6784973144531,,,2.288818359375e-05,True,False,48,CCCCCCC,mol_fddb2c852c313396,0.929,0.99,0.9867885112762451,1.0011521577835083,107.47748565673828,CCCCCCCCC,mol_dd70207e50d8bf63,0.071,0.01,0.013211548328399658,1.0142500400543213,18.58487319946289,,,,,,,
state_c89e0dcc9630ea941ea9a6d4,2c_7c57a80413db66443080,2,binary_vle_english.xlsx,10.1016/j.jct.2010.05.014,unverified,0.5,isobaric,0.9615384615384616,isobaric,395.25,396.6899719238281,,,3.4332275390625e-05,True,False,48,CCC(=O)O,mol_86c4db256d6270c6,0.16190000000000004,0.12970000000000004,0.12794257700443268,0.7290312051773071,57.77629852294922,CCCCCO,mol_243de2450bee5519,0.8381,0.8703,0.8720573782920837,1.0002007484436035,55.44847869873047,,,,,,,
state_c8e9b1c1358b7a8639264ab8,2c_0a42aa3dc6cf5132e23e,2,binary_vle_english.xlsx,10.1016/j.fluid.2011.10.009,passed,1.0,isobaric,0.9285714285714286,isobaric,411.4,413.007568359375,,,-9.1552734375e-05,True,False,48,CCCCCCCCC,mol_dd70207e50d8bf63,0.0,0.0,0.0,1.1427689790725708,69.93893432617188,Cc1ccc(C)cc1,mol_e7658ba520613aac,1.0,1.0,1.0,1.0,101.29984283447266,,,,,,,
state_c8ef25f8334d57ee67f1cc33,3c_c1f86c0bca7d787912fb,3,ternary_vle_english.xlsx,10.1016/j.jct.2011.10.025,unverified,0.5,isobaric,0.9807692307692307,isobaric,352.09999999999997,352.35064697265625,,,0.00048065185546875,True,False,48,C1CCOCC1,mol_626f3d1f5bbb6f55,0.154,0.096,0.1149190366268158,0.9292424321174622,81.3492202758789,CC(C)CC(C)(C)C,mol_57615b5c3546c298,0.33999999999999997,0.30000000000000004,0.314574658870697,1.6732641458511353,56.013343811035156,CC(C)O,mol_db030b5de88f8eaf,0.506,0.604,0.5705062747001648,1.3056704998016357,87.47571563720703
state_c9d821c2e3695d6cbb93903b,3c_954c33e76e33ef115670,3,ternary_vle_english.xlsx,10.1016/j.fluid.2006.07.003,unverified,0.5,isobaric,0.9761904761904762,isobaric,361.41999999999996,362.1581726074219,,,0.00051116943359375,True,False,48,CCCCCO,mol_243de2450bee5519,0.09599999999999997,0.01100000000000012,0.012571092694997787,1.0131301879882812,13.093262672424316,CCCO,mol_5fb2f93dc8caa9dc,0.498,0.424,0.43927013874053955,1.225582242012024,72.90734100341797,CCCOCCC,mol_e13b90e4aa2e917d,0.406,0.565,0.5481587648391724,1.404458999633789,97.38288879394531
state_c9ec4b3a79caa164c09d095e,2c_7b12ee2d0e35e39326bc,2,binary_vle_english.xlsx,10.1016/j.fluid.2011.08.007,unverified,0.5,isobaric,0.9642857142857143,isobaric,327.35999999999996,327.5144348144531,,,1.52587890625e-05,True,False,48,CCOCCO,mol_ab8630148ae67e51,0.0,0.0,0.0,0.8252719044685364,3.910393238067627,CO,mol_a85d32e4db2ff39c,1.0,1.0,1.0,1.0,66.65999603271484,,,,,,,
state_cc45b74082fde969cd4055be,3c_65250b1389afa8bc1bcc,3,ternary_vle_english.xlsx,10.1016/j.fluid.2013.01.020,unverified,0.5,isothermal,0.9655172413793104,isothermal,,,39.379961125632,42.67736053466797,0.0,True,False,48,CC(=O)C(C)C,mol_b650f1cc3cac74aa,0.35,0.1625000000000001,0.15508869290351868,1.3164196014404297,14.36531925201416,CC(C)C(C)C,mol_7347d05012022dd9,0.2442,0.4357,0.4371272921562195,1.2711366415023804,60.09904861450195,CC(C)OC(C)C,mol_1a0ca8e5eeb68da8,0.4058,0.4018,0.40778401494026184,1.0741875171661377,39.92414093017578
state_cc6c9f3ea47de68077fd7f5a,3c_485aadc678c8a7fb274c,3,ternary_vle_english.xlsx,10.1016/j.fluid.2011.05.011,unverified,0.5,isothermal,0.9642857142857143,isothermal,,,23.74004745792,22.84304428100586,0.0,True,False,48,CC(=O)CC(C)C,mol_0a895444a9f0f36b,0.6439,0.40880000000000005,0.42475882172584534,1.0400835275650024,14.488042831420898,CC(C)CC(C)(C)C,mol_57615b5c3546c298,0.2197,0.471,0.46300479769706726,1.6419824361801147,29.31844139099121,CC(C)CO,mol_015d21fca05fcd26,0.1364,0.1202,0.11223635822534561,1.4276679754257202,13.165760040283203
state_ccaeb711ccaae359817aef47,2c_98afb8e6c65a310db5e0,2,binary_vle_english.xlsx,10.1016/j.jct.2012.12.026,unverified,0.5,isothermal,0.9,isothermal,,,127.80002219507199,148.4388427734375,0.0,True,False,48,F/C=C/C(F)(F)F,mol_0e763ba6787b2749,0.20799999999999996,0.22599999999999998,0.19340112805366516,0.9582417607307434,144.03501892089844,FC(F)C(F)F,mol_fccff6221e62b4bc,0.792,0.774,0.8065989017486572,0.9940192103385925,152.0845947265625,,,,,,,
state_cdfecb87014c3892766b9d7b,2c_d498cbbd8f767d43f3e7,2,binary_vle_english.xlsx,10.1016/j.fluid.2011.06.001,unverified,0.5,isothermal,0.9230769230769231,isothermal,,,12.790014729344001,15.180130004882812,-9.5367431640625e-07,True,False,48,CC(C)OC(C)C,mol_1a0ca8e5eeb68da8,0.8647,0.8533999999999999,0.8939781785011292,0.9927769899368286,15.80830192565918,CCC(C)Cl,mol_9f4835d3aad75f1c,0.1353,0.1466,0.10602181404829025,0.8498994708061218,13.99604606628418,,,,,,,
state_ce7412a9cbd787b9ed493b9b,3c_485aadc678c8a7fb274c,3,ternary_vle_english.xlsx,10.1016/j.fluid.2011.05.011,unverified,0.5,isothermal,0.9642857142857143,isothermal,,,14.200032093312,14.230306625366211,0.0,True,False,48,CC(=O)CC(C)C,mol_0a895444a9f0f36b,0.19279999999999997,0.23460000000000003,0.23989932239055634,1.2221555709838867,14.488042831420898,CC(C)CC(C)(C)C,mol_57615b5c3546c298,0.002,0.0119,0.013166429474949837,3.1952977180480957,29.31844139099121,CC(C)CO,mol_015d21fca05fcd26,0.8052,0.7535,0.746934175491333,1.0026443004608154,13.165760040283203
state_cf6ac366ae03bddd01992d3d,3c_485aadc678c8a7fb274c,3,ternary_vle_english.xlsx,10.1016/j.fluid.2011.05.011,unverified,0.5,isothermal,0.9642857142857143,isothermal,,,15.449929293312,15.306346893310547,-9.5367431640625e-07,True,False,48,CC(=O)CC(C)C,mol_0a895444a9f0f36b,0.8563,0.8073,0.8183274865150452,1.0096317529678345,14.488042831420898,CC(C)CC(C)(C)C,mol_57615b5c3546c298,0.0062,0.0284,0.025331636890769005,2.1330556869506836,29.31844139099121,CC(C)CO,mol_015d21fca05fcd26,0.1375,0.1643,0.15634095668792725,1.321890950202942,13.165760040283203
state_cfcf56ee6e97df7f161b3d70,2c_40e8c463ab1ddecad6ca,2,binary_vle_english.xlsx,10.1016/j.fluid.2014.12.025,unverified,0.5,isothermal,0.8,isothermal,,,18.099978002047997,17.53836441040039,-1.9073486328125e-06,True,False,48,CCCCCCC,mol_fddb2c852c313396,0.7809,0.8181,0.828750729560852,1.006650447845459,18.490081787109375,Cc1ccccc1,mol_1c09299644053521,0.21909999999999996,0.18189999999999995,0.17124931514263153,1.1403478384017944,12.0209321975708,,,,,,,
state_cfe76c796ead37602c56e05d,2c_50cae961bcfb98dfb10a,2,binary_vle_english.xlsx,10.1016/j.fluid.2013.05.019,passed,1.0,full_state,0.5714285714285714,isothermal,,,101.330065929984,112.65675354003906,0.0,True,False,48,CC(C)=C(C)C,mol_ac85c03b48dc0205,0.999424,0.999704,0.9994227290153503,1.0000001192092896,112.65660095214844,c1ccsc1,mol_7953343be0b435d5,0.000576,0.000296,0.0005772768636234105,1.7025055885314941,66.31784057617188,,,,,,,
state_d1dc3566fef64163ce586a58,2c_b399893600891028146a,2,binary_vle_english.xlsx,10.1016/j.fluid.2016.10.024,unverified,0.5,isothermal,0.9523809523809523,isothermal,,,42.479972826368,40.058441162109375,-3.814697265625e-06,True,False,48,CC(C)=O,mol_e04cf77cea7bbe66,0.169,0.626,0.6180195808410645,1.209987759590149,121.0677719116211,CCC(C)O,mol_06affb0d2c6c8ff2,0.831,0.374,0.38198038935661316,1.0062167644500732,18.299638748168945,,,,,,,
state_d221684dfe9f9fe5a650102d,2c_ab90a05e58432c71abba,2,binary_vle_english.xlsx,10.1016/j.fluid.2011.05.011,unverified,0.5,isothermal,0.9411764705882353,isothermal,,,16.87994501248,16.54969024658203,0.0,True,False,48,CC(=O)CC(C)C,mol_0a895444a9f0f36b,0.9497,0.815,0.8330413699150085,1.0019828081130981,14.488042831420898,CC(C)CC(C)(C)C,mol_57615b5c3546c298,0.0503,0.185,0.16695861518383026,1.873655915260315,29.31844139099121,,,,,,,
state_d264672e0c775a3c7fc6607a,2c_50cae961bcfb98dfb10a,2,binary_vle_english.xlsx,10.1016/j.fluid.2013.05.019,passed,1.0,full_state,0.5714285714285714,isothermal,,,101.330065929984,112.65667724609375,7.62939453125e-06,True,False,48,CC(C)=C(C)C,mol_ac85c03b48dc0205,0.999675,0.999853,0.9996742606163025,1.0,112.65660095214844,c1ccsc1,mol_7953343be0b435d5,0.000325,0.000147,0.0003257784410379827,1.7028076648712158,66.31784057617188,,,,,,,
state_d2f94da2022997b142987936,3c_a6f39dd395c2cfcf800d,3,ternary_vle_english.xlsx,10.1016/j.fluid.2009.01.016,unverified,0.5,isothermal,0.9333333333333333,isothermal,,,12.979999103744,12.975709915161133,0.0,True,False,48,CC(=O)C(C)(C)C,mol_61a887e37d396488,0.4186,0.4654,0.4331369996070862,1.0826072692871094,12.401844024658203,CC(C)(C)CO,mol_dfb42f12fdc989ed,0.526,0.248,0.22763557732105255,1.0420918464660645,5.388644218444824,COC(C)(C)C,mol_b614d6fea320c179,0.0554,0.2866,0.33922743797302246,0.9645789265632629,82.37104034423828
state_d45698f67d8dbfe5e846c005,2c_50cae961bcfb98dfb10a,2,binary_vle_english.xlsx,10.1016/j.fluid.2013.05.019,passed,1.0,full_state,0.5714285714285714,isothermal,,,101.330065929984,112.65673828125,0.0,True,False,48,CC(C)=C(C)C,mol_ac85c03b48dc0205,0.999487,0.999756,0.9994858503341675,1.0000001192092896,112.65660095214844,c1ccsc1,mol_7953343be0b435d5,0.000513,0.000244,0.0005141603178344667,1.702581763267517,66.31784057617188,,,,,,,
state_d49f17c88de7894fd79f7360,2c_b399893600891028146a,2,binary_vle_english.xlsx,10.1016/j.fluid.2016.10.024,unverified,0.5,isothermal,0.9523809523809523,isothermal,,,115.499967168128,121.06776428222656,7.62939453125e-06,True,False,48,CC(C)=O,mol_e04cf77cea7bbe66,1.0,1.0,1.0,1.0,121.0677719116211,CCC(C)O,mol_06affb0d2c6c8ff2,0.0,0.0,0.0,1.4398661851882935,18.299638748168945,,,,,,,
state_d4ff49d611a36956c4c4e80e,2c_ea9da779580d9b792700,2,binary_vle_english.xlsx,10.1016/j.jct.2012.11.005,unverified,0.5,isothermal,0.9411764705882353,isothermal,,,41.1899455936,41.664764404296875,0.0,True,False,48,CC(C)OC(C)C,mol_1a0ca8e5eeb68da8,0.219,0.495,0.4799458384513855,3.025944948196411,30.175607681274414,CO,mol_a85d32e4db2ff39c,0.781,0.505,0.5200541615486145,1.1116472482681274,24.957406997680664,,,,,,,
state_d71a9712580a5bd4f81dced7,2c_5018f9e15dae7c08710f,2,binary_vle_english.xlsx,10.1016/j.fluid.2011.06.001,passed,1.0,isothermal,0.9166666666666666,isothermal,,,12.890006505344001,14.09135627746582,0.0,True,False,48,CC(C)CCl,mol_b6f57216bc07a08c,0.3628,0.3685,0.3200225234031677,0.9439362287521362,13.168108940124512,CC(C)OC(C)C,mol_1a0ca8e5eeb68da8,0.6372,0.6315,0.6799774169921875,0.9512316584587097,15.80830192565918,,,,,,,
state_d769faf7c0c7f70791565d0b,2c_8742372ba72e435a7962,2,binary_vle_english.xlsx,10.1016/j.fluid.2013.01.020,unverified,0.5,isothermal,0.9473684210526315,isothermal,,,35.440018506496,37.491310119628906,0.0,True,False,48,CC(=O)C(C)C,mol_b650f1cc3cac74aa,0.7443,0.3095,0.3039056360721588,1.0656291246414185,14.36531925201416,CC(C)C(C)C,mol_7347d05012022dd9,0.2557,0.6905,0.6960943937301636,1.6982454061508179,60.09904861450195,,,,,,,
state_d7b669da1db44f50900313b7,2c_6f361cb0ec8be0b0e6dd,2,binary_vle_english.xlsx,10.1016/j.jct.2012.11.005,unverified,0.5,isothermal,0.9166666666666666,isothermal,,,42.189996675968004,42.919944763183594,0.0,True,False,48,CC(C)OC(C)C,mol_1a0ca8e5eeb68da8,0.651,0.691,0.7379118800163269,1.2185604572296143,39.92414093017578,CCO,mol_f29e20f49d416e54,0.349,0.30900000000000005,0.2620881199836731,1.6925766468048096,19.042882919311523,,,,,,,
state_d8132b503beda91d7b3cbece,2c_ab90a05e58432c71abba,2,binary_vle_english.xlsx,10.1016/j.fluid.2011.05.011,unverified,0.5,isothermal,0.9411764705882353,isothermal,,,15.40006672768,15.283411026000977,0.0,True,False,48,CC(=O)CC(C)C,mol_0a895444a9f0f36b,0.9816,0.9229,0.9307653903961182,1.000267744064331,14.488042831420898,CC(C)CC(C)(C)C,mol_57615b5c3546c298,0.0184,0.0771,0.06923457235097885,1.961483120918274,29.31844139099121,,,,,,,
state_da1b6f610dc07a105e8cedbe,2c_98afb8e6c65a310db5e0,2,binary_vle_english.xlsx,10.1016/j.jct.2012.12.026,unverified,0.5,isothermal,0.9,isothermal,,,124.300043390336,144.5401611328125,0.0,True,False,48,F/C=C/C(F)(F)F,mol_0e763ba6787b2749,0.8049999999999999,0.775,0.8029807209968567,1.0009899139404297,144.03501892089844,FC(F)C(F)F,mol_fccff6221e62b4bc,0.195,0.225,0.1970192939043045,0.9602348804473877,152.0845947265625,,,,,,,
state_dba021c05ff79e3beb0938d4,2c_b399893600891028146a,2,binary_vle_english.xlsx,10.1016/j.fluid.2016.10.024,unverified,0.5,isothermal,0.9523809523809523,isothermal,,,98.270050939648,103.07907104492188,0.0,True,False,48,CC(C)=O,mol_e04cf77cea7bbe66,0.801,0.945,0.9569032192230225,1.01713228225708,121.0677719116211,CCC(C)O,mol_06affb0d2c6c8ff2,0.19899999999999995,0.05500000000000005,0.04309677332639694,1.219887137413025,18.299638748168945,,,,,,,
state_dd0898d5ac115818b6ae7cb6,2c_31dd895be9cb26117aa9,2,binary_vle_english.xlsx,10.1016/j.jct.2015.07.024,unverified,0.5,isothermal,0.8888888888888888,isothermal,,,65.900046601088,69.05239868164062,-7.62939453125e-06,True,False,48,CCOC(=O)OCC,mol_4df2781fcf4d4a77,0.843,0.6,0.5401065349578857,0.9969249367713928,44.37803649902344,CCOC(C)=O,mol_18876b584acc43d4,0.157,0.4,0.45989346504211426,0.9814407229423523,206.09725952148438,,,,,,,
state_dd0df5e9cb950483f7cb9295,2c_ea9da779580d9b792700,2,binary_vle_english.xlsx,10.1016/j.jct.2012.11.005,unverified,0.5,isothermal,0.9411764705882353,isothermal,,,32.90995992896,32.48528289794922,0.0,True,False,48,CC(C)OC(C)C,mol_1a0ca8e5eeb68da8,0.051,0.302,0.2662099003791809,5.6193318367004395,30.175607681274414,CO,mol_a85d32e4db2ff39c,0.949,0.698,0.7337900400161743,1.0064513683319092,24.957406997680664,,,,,,,
state_dd55bfdffbbaa4aed9bb893c,2c_b399893600891028146a,2,binary_vle_english.xlsx,10.1016/j.fluid.2016.10.024,unverified,0.5,isothermal,0.9523809523809523,isothermal,,,109.299943766656,115.30596923828125,7.62939453125e-06,True,False,48,CC(C)=O,mol_e04cf77cea7bbe66,0.938,0.985,0.9866458773612976,1.001801609992981,121.0677719116211,CCC(C)O,mol_06affb0d2c6c8ff2,0.062000000000000055,0.015000000000000013,0.013354141265153885,1.3571679592132568,18.299638748168945,,,,,,,
state_dd5dd548294617b57cd0c451,2c_b399893600891028146a,2,binary_vle_english.xlsx,10.1016/j.fluid.2016.10.024,unverified,0.5,isothermal,0.9523809523809523,isothermal,,,26.399962021887998,25.068313598632812,0.0,True,False,48,CC(C)=O,mol_e04cf77cea7bbe66,0.05,0.33,0.3061192035675049,1.2677018642425537,121.0677719116211,CCC(C)O,mol_06affb0d2c6c8ff2,0.95,0.6699999999999999,0.6938808560371399,1.0005617141723633,18.299638748168945,,,,,,,
state_de185c3197b0636c666bc371,2c_b399893600891028146a,2,binary_vle_english.xlsx,10.1016/j.fluid.2016.10.024,unverified,0.5,isothermal,0.9523809523809523,isothermal,,,74.06004213452799,75.664794921875,-7.62939453125e-06,True,False,48,CC(C)=O,mol_e04cf77cea7bbe66,0.5,0.853,0.8714049458503723,1.0892192125320435,121.0677719116211,CCC(C)O,mol_06affb0d2c6c8ff2,0.5,0.14700000000000002,0.1285950392484665,1.063421607017517,18.299638748168945,,,,,,,
state_de575279769fc7e01d6f44c6,3c_65250b1389afa8bc1bcc,3,ternary_vle_english.xlsx,10.1016/j.fluid.2013.01.020,unverified,0.5,isothermal,0.9655172413793104,isothermal,,,48.56000609664,52.787193298339844,0.0,True,False,48,CC(=O)C(C)C,mol_b650f1cc3cac74aa,0.18620000000000003,0.0939000000000001,0.08659722656011581,1.7089825868606567,14.36531925201416,CC(C)C(C)C,mol_7347d05012022dd9,0.6013,0.7432,0.7373713254928589,1.0771000385284424,60.09904861450195,CC(C)OC(C)C,mol_1a0ca8e5eeb68da8,0.2125,0.1629,0.1760314553976059,1.0952779054641724,39.92414093017578
state_df31252ccc0366df9cb6b255,2c_acf6c70dfacb27974826,2,binary_vle_english.xlsx,10.1016/j.fluid.2012.05.016,unverified,0.5,isothermal,0.9411764705882353,isothermal,,,14.440012355712,14.4971923828125,0.0,True,False,48,CCCO,mol_5fb2f93dc8caa9dc,0.8846,0.7575000000000001,0.7797451615333557,1.0106457471847534,12.644181251525879,CCCOC(C)=O,mol_67043ae833ecd0c7,0.1154,0.2425,0.22025488317012787,1.9395947456359863,14.265684127807617,,,,,,,
state_e0293d5b2b1fa18d28f34f2b,2c_e1c33e24ae7f6ab4d0bf,2,binary_vle_english.xlsx,10.1016/j.fluid.2010.01.024,unverified,0.5,isothermal,0.9375,isothermal,,,19.759974806015997,18.851821899414062,-1.9073486328125e-06,True,False,48,CC[N+](=O)[O-],mol_6fdb0ec09de24512,0.8753,0.6611,0.6740497946739197,1.003971815109253,14.459951400756836,ClCCCl,mol_e8df6c9e89c6b62a,0.1247,0.3389,0.3259502351284027,1.1179977655410767,44.07549285888672,,,,,,,
state_e089276620b46b834fe2ec6f,2c_e1c33e24ae7f6ab4d0bf,2,binary_vle_english.xlsx,10.1016/j.fluid.2010.01.024,unverified,0.5,isothermal,0.9375,isothermal,,,15.069960544512,14.459951400756836,0.0,True,False,48,CC[N+](=O)[O-],mol_6fdb0ec09de24512,1.0,1.0,1.0,1.0,14.459951400756836,ClCCCl,mol_e8df6c9e89c6b62a,0.0,0.0,0.0,1.1746987104415894,44.07549285888672,,,,,,,
state_e153c5e8ac721101be4a1224,2c_b399893600891028146a,2,binary_vle_english.xlsx,10.1016/j.fluid.2016.10.024,unverified,0.5,isothermal,0.9523809523809523,isothermal,,,18.149973890048,18.299640655517578,-1.9073486328125e-06,True,False,48,CC(C)=O,mol_e04cf77cea7bbe66,0.0,0.0,0.0,1.2960302829742432,121.0677719116211,CCC(C)O,mol_06affb0d2c6c8ff2,1.0,1.0,1.0,1.0,18.299638748168945,,,,,,,
state_e19bca7e30a2b4fd3d947584,2c_50cae961bcfb98dfb10a,2,binary_vle_english.xlsx,10.1016/j.fluid.2013.05.019,passed,1.0,full_state,0.5714285714285714,isothermal,,,101.330065929984,112.65679931640625,0.0,True,False,48,CC(C)=C(C)C,mol_ac85c03b48dc0205,0.999287,0.999595,0.9992854595184326,1.000000238418579,112.65660095214844,c1ccsc1,mol_7953343be0b435d5,0.000713,0.000405,0.0007145114941522479,1.7023415565490723,66.31784057617188,,,,,,,
state_e1bc0565e7c91a281fd1a37a,2c_5018f9e15dae7c08710f,2,binary_vle_english.xlsx,10.1016/j.fluid.2011.06.001,passed,1.0,isothermal,0.9166666666666666,isothermal,,,13.009996636543999,13.302513122558594,0.0,True,False,48,CC(C)CCl,mol_b6f57216bc07a08c,0.8604,0.8562,0.8522965312004089,1.000692367553711,13.168108940124512,CC(C)OC(C)C,mol_1a0ca8e5eeb68da8,0.13959999999999995,0.14380000000000004,0.14770346879959106,0.890335738658905,15.80830192565918,,,,,,,
state_e1f2413c1752c153efba4745,2c_c830dc760c5163d2d27d,2,binary_vle_english.xlsx,10.1016/j.fluid.2011.05.011,unverified,0.5,isothermal,0.9285714285714286,isothermal,,,33.420051308927995,32.91771697998047,-3.814697265625e-06,True,False,48,CC(C)CC(C)(C)C,mol_57615b5c3546c298,0.7055,0.7613,0.7557376027107239,1.2027151584625244,29.31844139099121,CC(C)CO,mol_015d21fca05fcd26,0.2945,0.23870000000000002,0.2442624270915985,2.0737438201904297,13.165760040283203,,,,,,,
state_e2f58a64f4af5b470eb21023,3c_65250b1389afa8bc1bcc,3,ternary_vle_english.xlsx,10.1016/j.fluid.2013.01.020,unverified,0.5,isothermal,0.9655172413793104,isothermal,,,40.0600385248,43.11168670654297,0.0,True,False,48,CC(=O)C(C)C,mol_b650f1cc3cac74aa,0.43920000000000003,0.18930000000000002,0.18194745481014252,1.243264079093933,14.36531925201416,CC(C)C(C)C,mol_7347d05012022dd9,0.2995,0.5501,0.5461689233779907,1.308150291442871,60.09904861450195,CC(C)OC(C)C,mol_1a0ca8e5eeb68da8,0.2613,0.2606,0.27188360691070557,1.12357759475708,39.92414093017578
state_e4926edd7b61c1fd487757ed,3c_65250b1389afa8bc1bcc,3,ternary_vle_english.xlsx,10.1016/j.fluid.2013.01.020,unverified,0.5,isothermal,0.9655172413793104,isothermal,,,30.470027272192002,32.726287841796875,0.0,True,False,48,CC(=O)C(C)C,mol_b650f1cc3cac74aa,0.5993999999999999,0.29769999999999996,0.2893613576889038,1.099778652191162,14.36531925201416,CC(C)C(C)C,mol_7347d05012022dd9,0.0826,0.2413,0.2409486025571823,1.5884499549865723,60.09904861450195,CC(C)OC(C)C,mol_1a0ca8e5eeb68da8,0.318,0.461,0.46969008445739746,1.2107248306274414,39.92414093017578
state_e4c062409c26e4d4469d49d8,3c_485aadc678c8a7fb274c,3,ternary_vle_english.xlsx,10.1016/j.fluid.2011.05.011,unverified,0.5,isothermal,0.9642857142857143,isothermal,,,31.78005286016,30.82275390625,0.0,True,False,48,CC(=O)CC(C)C,mol_0a895444a9f0f36b,0.1139,0.08339999999999992,0.08210189640522003,1.5335261821746826,14.488042831420898,CC(C)CC(C)(C)C,mol_57615b5c3546c298,0.7887,0.7728,0.7965108156204224,1.0617209672927856,29.31844139099121,CC(C)CO,mol_015d21fca05fcd26,0.0974,0.1438,0.1213872879743576,2.917694091796875,13.165760040283203
state_e4f5e91e70ac4507eff50847,2c_b399893600891028146a,2,binary_vle_english.xlsx,10.1016/j.fluid.2016.10.024,unverified,0.5,isothermal,0.9523809523809523,isothermal,,,26.339966956288,25.33267593383789,-1.9073486328125e-06,True,False,48,CC(C)=O,mol_e04cf77cea7bbe66,0.052,0.335,0.3147749900817871,1.2666287422180176,121.0677719116211,CCC(C)O,mol_06affb0d2c6c8ff2,0.948,0.665,0.6852250099182129,1.000606656074524,18.299638748168945,,,,,,,
state_e53c7f5a7938bffcdf29cb85,2c_23001626ba9c10a2709a,2,binary_vle_english.xlsx,10.1016/j.fluid.2011.06.001,unverified,0.5,isothermal,0.9166666666666666,isothermal,,,22.420022692352,24.175914764404297,0.0,True,False,48,CC(C)(C)Cl,mol_cbd731ac6eef5e90,0.687,0.8206,0.8028848171234131,0.9994857311248779,28.268503189086914,CC(C)OC(C)C,mol_1a0ca8e5eeb68da8,0.31299999999999994,0.1794,0.1971152275800705,0.9631048440933228,15.80830192565918,,,,,,,
state_e5f5d6f5be5b27e7bbeb359f,2c_23001626ba9c10a2709a,2,binary_vle_english.xlsx,10.1016/j.fluid.2011.06.001,unverified,0.5,isothermal,0.9166666666666666,isothermal,,,19.975023785599998,21.521350860595703,-1.9073486328125e-06,True,False,48,CC(C)(C)Cl,mol_cbd731ac6eef5e90,0.4946,0.6823,0.6401882171630859,0.9854174256324768,28.268503189086914,CC(C)OC(C)C,mol_1a0ca8e5eeb68da8,0.5054000000000001,0.3177,0.35981178283691406,0.9692245125770569,15.80830192565918,,,,,,,
state_e60629fc0d972613456635e4,2c_b399893600891028146a,2,binary_vle_english.xlsx,10.1016/j.fluid.2016.10.024,unverified,0.5,isothermal,0.9523809523809523,isothermal,,,33.14994019136,31.416160583496094,0.0,True,False,48,CC(C)=O,mol_e04cf77cea7bbe66,0.099,0.5,0.4740471839904785,1.2425415515899658,121.0677719116211,CCC(C)O,mol_06affb0d2c6c8ff2,0.901,0.5,0.5259528160095215,1.0021495819091797,18.299638748168945,,,,,,,
state_e6fd21057e72a044f2c4b112,2c_6f361cb0ec8be0b0e6dd,2,binary_vle_english.xlsx,10.1016/j.jct.2012.11.005,unverified,0.5,isothermal,0.9166666666666666,isothermal,,,40.0600385248,38.68568420410156,0.0,True,False,48,CC(C)OC(C)C,mol_1a0ca8e5eeb68da8,0.34,0.64,0.6292923092842102,1.7934455871582031,39.92414093017578,CCO,mol_f29e20f49d416e54,0.6599999999999999,0.36,0.3707077205181122,1.1410515308380127,19.042882919311523,,,,,,,
state_e79364cbde69295741691fec,2c_d498cbbd8f767d43f3e7,2,binary_vle_english.xlsx,10.1016/j.fluid.2011.06.001,unverified,0.5,isothermal,0.9230769230769231,isothermal,,,12.69495588096,15.501884460449219,-9.5367431640625e-07,True,False,48,CC(C)OC(C)C,mol_1a0ca8e5eeb68da8,0.9369,0.9299999999999999,0.9538282752037048,0.9983347654342651,15.80830192565918,CCC(C)Cl,mol_9f4835d3aad75f1c,0.0631,0.07,0.04617173224687576,0.8104493021965027,13.99604606628418,,,,,,,
state_e7f8001be3f51a72a7a31a5e,2c_4cc4055379eb0154120e,2,binary_vle_english.xlsx,10.1016/j.fluid.2010.01.006,unverified,0.5,isothermal,0.9629629629629629,isothermal,,,386.099977859584,409.292236328125,3.0517578125e-05,True,False,48,CCCC,mol_fadb5806094149e6,0.8999,0.9909,0.9938336610794067,1.0034157037734985,450.4764404296875,CCSCC,mol_a7491cfbf016fee6,0.10009999999999997,0.009099999999999997,0.0061663114465773106,1.3287917375564575,18.974395751953125,,,,,,,
state_e8a6fd31e498321b2dbe1124,2c_500953d4ef1e1d57286b,2,binary_vle_english.xlsx,10.1016/j.fluid.2012.10.015,unverified,0.5,isothermal,0.9333333333333333,isothermal,,,13.719938246144,13.04132080078125,0.0,True,False,48,CCCCCl,mol_f7989a5c13417f20,1.0,1.0,1.0,1.0,13.04132080078125,CC[N+](=O)[O-],mol_6fdb0ec09de24512,0.0,0.0,0.0,2.8986454010009766,2.7428719997406006,,,,,,,
state_e8f7266b9420112c62c9c993,2c_e1c33e24ae7f6ab4d0bf,2,binary_vle_english.xlsx,10.1016/j.fluid.2010.01.024,unverified,0.5,isothermal,0.9375,isothermal,,,29.959935892224,28.357501983642578,0.0,True,False,48,CC[N+](=O)[O-],mol_6fdb0ec09de24512,0.5637,0.29169999999999996,0.2987735867500305,1.0394301414489746,14.459951400756836,ClCCCl,mol_e8df6c9e89c6b62a,0.4363,0.7083,0.7012264132499695,1.034055471420288,44.07549285888672,,,,,,,
state_e908a84067aa959bace14c3b,2c_c830dc760c5163d2d27d,2,binary_vle_english.xlsx,10.1016/j.fluid.2011.05.011,unverified,0.5,isothermal,0.9285714285714286,isothermal,,,33.460048019328,32.96246337890625,-3.814697265625e-06,True,False,48,CC(C)CC(C)(C)C,mol_57615b5c3546c298,0.8041,0.7857,0.7820544838905334,1.0934669971466064,29.31844139099121,CC(C)CO,mol_015d21fca05fcd26,0.19589999999999996,0.21430000000000005,0.21794557571411133,2.785398483276367,13.165760040283203,,,,,,,
state_e986905e303d7507def220db,2c_40e8c463ab1ddecad6ca,2,binary_vle_english.xlsx,10.1016/j.fluid.2014.12.025,unverified,0.5,isothermal,0.8,isothermal,,,17.300043794047998,16.486068725585938,-1.9073486328125e-06,True,False,48,CCCCCCC,mol_fddb2c852c313396,0.5716,0.6559,0.6614317297935486,1.031741738319397,18.490081787109375,Cc1ccccc1,mol_1c09299644053521,0.4284,0.34409999999999996,0.3385682702064514,1.0838662385940552,12.0209321975708,,,,,,,
state_e99b83ee24232437ec4b0929,2c_e0c162126f5997f9fcd9,2,binary_vle_english.xlsx,10.1016/j.fluid.2016.02.018,unverified,0.5,isothermal,0.8,isothermal,,,31.299959012992,31.79346466064453,0.0,True,False,48,CCCCCCC,mol_fddb2c852c313396,0.4053,0.2631,0.25690072774887085,1.0899028778076172,18.490081787109375,c1ccccc1,mol_7165dcf6be1f831d,0.5947,0.7369,0.7430992722511292,1.0742539167404175,36.98109817504883,,,,,,,
state_ea9c146708a1428ac74ae8fd,3c_485aadc678c8a7fb274c,3,ternary_vle_english.xlsx,10.1016/j.fluid.2011.05.011,unverified,0.5,isothermal,0.9642857142857143,isothermal,,,32.96995499456,31.907306671142578,0.0,True,False,48,CC(=O)CC(C)C,mol_0a895444a9f0f36b,0.03280000000000005,0.023500000000000076,0.019036343321204185,1.2781744003295898,14.488042831420898,CC(C)CC(C)(C)C,mol_57615b5c3546c298,0.6797,0.7464,0.7486893534660339,1.1987638473510742,29.31844139099121,CC(C)CO,mol_015d21fca05fcd26,0.2875,0.2301,0.23227432370185852,1.9579769372940063,13.165760040283203
state_eb8278f0f4753f42575fa5c3,3c_485aadc678c8a7fb274c,3,ternary_vle_english.xlsx,10.1016/j.fluid.2011.05.011,unverified,0.5,isothermal,0.9642857142857143,isothermal,,,25.780013010688002,24.12783432006836,0.0,True,False,48,CC(=O)CC(C)C,mol_0a895444a9f0f36b,0.2481,0.16989999999999994,0.16613289713859558,1.1151608228683472,14.488042831420898,CC(C)CC(C)(C)C,mol_57615b5c3546c298,0.1959,0.515,0.4943982660770416,2.076920986175537,29.31844139099121,CC(C)CO,mol_015d21fca05fcd26,0.556,0.3151,0.33946889638900757,1.1189162731170654,13.165760040283203
state_ec55ca158d183725dfdd55d9,2c_ac155ac6c9df3bfcf363,2,binary_vle_english.xlsx,10.1016/j.fluid.2014.03.033,passed,1.0,full_state,0.0,isothermal,,,17.500027346048,17.5361328125,-1.9073486328125e-06,True,False,48,CC(=O)CC(C)C,mol_0a895444a9f0f36b,0.5893999999999999,0.881,0.8757676482200623,1.0997225046157837,23.693511962890625,O=Cc1ccco1,mol_cfdccd30b0689448,0.4106,0.119,0.12423235177993774,1.2196542024612427,4.350235939025879,,,,,,,
state_eca487d50d2724f752bfa7d8,2c_d498cbbd8f767d43f3e7,2,binary_vle_english.xlsx,10.1016/j.fluid.2011.06.001,unverified,0.5,isothermal,0.9230769230769231,isothermal,,,13.039994169344,14.402961730957031,0.0,True,False,48,CC(C)OC(C)C,mol_1a0ca8e5eeb68da8,0.6212,0.6067,0.6515960693359375,0.9556823968887329,15.80830192565918,CCC(C)Cl,mol_9f4835d3aad75f1c,0.3788,0.3933,0.3484038710594177,0.9464974403381348,13.99604606628418,,,,,,,
state_ed38d0a9b91c0178a3dfd2b0,3c_65250b1389afa8bc1bcc,3,ternary_vle_english.xlsx,10.1016/j.fluid.2013.01.020,unverified,0.5,isothermal,0.9655172413793104,isothermal,,,40.430008096,43.229026794433594,0.0,True,False,48,CC(=O)C(C)C,mol_b650f1cc3cac74aa,0.4788,0.20020000000000004,0.19354970753192902,1.2164620161056519,14.36531925201416,CC(C)C(C)C,mol_7347d05012022dd9,0.3224,0.603,0.5953359603881836,1.3282350301742554,60.09904861450195,CC(C)OC(C)C,mol_1a0ca8e5eeb68da8,0.1988,0.1968,0.2111143320798874,1.1498501300811768,39.92414093017578
state_ed9a74838dd7d04c6573eb6d,2c_acf6c70dfacb27974826,2,binary_vle_english.xlsx,10.1016/j.fluid.2012.05.016,unverified,0.5,isothermal,0.9411764705882353,isothermal,,,16.71995817088,15.906606674194336,-9.5367431640625e-07,True,False,48,CCCO,mol_5fb2f93dc8caa9dc,0.15959999999999996,0.21899999999999997,0.230935201048851,1.8203045129776,12.644181251525879,CCCOC(C)=O,mol_67043ae833ecd0c7,0.8404,0.781,0.7690647840499878,1.020379662513733,14.265684127807617,,,,,,,
state_cb19551cb6c0e4328e430ab8,2c_94ed5d0a73a3c26e5ef5,2,binary_vle_english.xlsx,10.1016/j.fluid.2011.06.009,unverified,0.5,isobaric,0.8888888888888888,isobaric,315.14,313.82305908203125,,,9.5367431640625e-06,True,False,48,CCO,mol_f29e20f49d416e54,0.96,0.957,0.9597204923629761,1.0014595985412598,19.6755313873291,O,mol_e81dc06beaa39499,0.040000000000000036,0.04300000000000004,0.04027949646115303,2.406677722930908,8.246932983398438,,,,,,,
state_cbaef7cb75770a08300238b0,3c_6b60b4a3a536506a27ae,3,ternary_vle_english.xlsx,10.1016/j.fluid.2006.08.004,unverified,0.5,isobaric,0.9821428571428571,isobaric,338.64,339.29949951171875,,,6.866455078125e-05,True,False,48,CC(C)CC(C)(C)C,mol_57615b5c3546c298,0.051999999999999935,0.025000000000000022,0.02440112829208374,1.3072718381881714,36.36219787597656,CC(C)OC(C)C,mol_1a0ca8e5eeb68da8,0.808,0.761,0.7461016178131104,1.028853416442871,90.91646575927734,CCO,mol_f29e20f49d416e54,0.14,0.214,0.22949723899364471,2.694499969482422,61.62837600708008
state_cc8a6b84404667a778d5792e,2c_42d2383a8e4daebeb5e1,2,binary_vle_english.xlsx,10.1016/j.fluid.2010.08.002,unverified,0.5,isobaric,0.875,isobaric,354.55999999999995,355.45843505859375,,,1.9073486328125e-05,True,False,48,CCCCCCC,mol_fddb2c852c313396,0.982,0.982,0.9879376292228699,1.0007230043411255,60.31919479370117,CCCOCCO,mol_770d75a3bb2412ce,0.018000000000000016,0.018000000000000016,0.012062372639775276,4.721848011016846,8.515294075012207,,,,,,,
state_ccf95e93991b6bb03e54e0b8,2c_ca2ff513d4ae36f2f8e1,2,binary_vle_english.xlsx,10.1016/j.jct.2016.10.001,unverified,0.5,isobaric,0.8181818181818182,isobaric,361.0,362.1954345703125,,,0.00138092041015625,True,False,48,CCCO,mol_5fb2f93dc8caa9dc,0.242,0.403,0.37485331296920776,2.1490237712860107,73.01630401611328,O,mol_e81dc06beaa39499,0.758,0.597,0.625146746635437,1.2146081924438477,68.78466796875,,,,,,,
state_ccfb425bddc7d9c8d4fb5f40,2c_21b807a1a6c6348c91ac,2,binary_vle_english.xlsx,10.1016/j.fluid.2018.07.027,unverified,0.5,isobaric,0.9629629629629629,isobaric,367.35999999999996,367.1878662109375,,,-3.0517578125e-05,True,False,48,CC(C)CC(C)(C)C,mol_57615b5c3546c298,0.7828,0.7669,0.7661157846450806,1.1241984367370605,88.18802642822266,CCCCO,mol_ad4ef9c6c876ca2f,0.21719999999999995,0.23309999999999997,0.23388424515724182,2.6812896728515625,40.68238830566406,,,,,,,
state_cfbcbf47d70b405d81b14ccf,2c_3c77d4a7763529aa395e,2,binary_vle_english.xlsx,10.1016/j.fluid.2017.10.001,unverified,0.5,isobaric,0.95,isobaric,347.53999999999996,347.0103759765625,,,0.0009765625,True,False,48,CCC(C)=O,mol_4cfc5db0ca2ab00b,0.429,0.445,0.45787110924720764,1.2119872570037842,89.20747375488281,CCO,mol_f29e20f49d416e54,0.571,0.5549999999999999,0.5421289205551147,1.1417573690414429,84.23760223388672,,,,,,,
state_cfe76c796ead37602c56e05d,2c_50cae961bcfb98dfb10a,2,binary_vle_english.xlsx,10.1016/j.fluid.2013.05.019,passed,1.0,full_state,0.5714285714285714,isobaric,346.27,335.2373352050781,,,0.000274658203125,True,False,48,CC(C)=C(C)C,mol_ac85c03b48dc0205,0.999424,0.999704,0.9995741248130798,1.0000001192092896,101.34555053710938,c1ccsc1,mol_7953343be0b435d5,0.000576,0.000296,0.0004258861008565873,1.6440892219543457,45.57063293457031,,,,,,,
state_d002c9912bddda71d8d0c2c4,3c_6b60b4a3a536506a27ae,3,ternary_vle_english.xlsx,10.1016/j.fluid.2006.08.004,unverified,0.5,isobaric,0.9821428571428571,isobaric,339.28,339.8059997558594,,,7.62939453125e-06,True,False,48,CC(C)CC(C)(C)C,mol_57615b5c3546c298,0.15500000000000003,0.08099999999999996,0.0773945301771164,1.3670575618743896,36.999935150146484,CC(C)OC(C)C,mol_1a0ca8e5eeb68da8,0.605,0.599,0.5944169759750366,1.078754186630249,92.26192474365234,CCO,mol_f29e20f49d416e54,0.24,0.32,0.3281884491443634,2.2010838985443115,62.93390655517578
state_d06787b7c9dc600c010b3db0,2c_165952a69a69e7a8d3f6,2,binary_vle_english.xlsx,10.1016/j.fluid.2007.06.005,unverified,0.5,isobaric,0.9130434782608695,isobaric,344.47999999999996,344.953125,,,2.288818359375e-05,True,False,48,CC(C)CC(C)(C)C,mol_57615b5c3546c298,0.403,0.36,0.35471031069755554,2.025352716445923,44.022769927978516,CCO,mol_f29e20f49d416e54,0.597,0.64,0.6452896595001221,1.410917043685913,77.60472106933594,,,,,,,
state_d0705a094665523cc842c71c,2c_9f31aad1f9974e54ecb0,2,binary_vle_english.xlsx,10.1016/j.jct.2017.07.019,unverified,0.5,isobaric,0.95,isobaric,379.45,378.5223083496094,,,0.00064849853515625,True,False,48,Cc1ccc(C)cc1,mol_e7658ba520613aac,0.2782,0.2277,0.18277813494205475,1.860371708869934,35.77497482299805,OCC(F)(F)C(F)F,mol_48469952cf716332,0.7218,0.7723,0.8172218203544617,1.129380464553833,101.553466796875,,,,,,,
state_d07b800a819a2e81847bbf27,2c_7c6b847ee4cb190db3ef,2,binary_vle_english.xlsx,10.1016/j.fluid.2005.06.024,unverified,0.5,isobaric,0.9666666666666667,isobaric,355.58,354.11395263671875,,,0.001800537109375,True,False,48,CCC(C)=O,mol_4cfc5db0ca2ab00b,0.8949,0.9779,0.9773362874984741,0.9977243542671204,110.91320037841797,CCOC(=O)OCC,mol_4df2781fcf4d4a77,0.10509999999999997,0.02210000000000001,0.022663716226816177,1.0031120777130127,21.782276153564453,,,,,,,
state_d11d20009f2731b330f311e9,2c_4c757308eefec1e2dd80,2,binary_vle_english.xlsx,10.1016/j.fluid.2011.11.020,unverified,0.5,isobaric,0.9444444444444444,isobaric,332.19,338.9722595214844,,,1.52587890625e-05,True,False,48,C=C(C)C(C)C,mol_6f1c44bf29e6107c,0.765,0.8714999999999999,0.6953272819519043,1.0831475257873535,85.03125762939453,c1ccsc1,mol_7953343be0b435d5,0.235,0.1285,0.3046727776527405,2.5320303440093994,51.88421630859375,,,,,,,
state_d12c6235635c1791e445fb5a,2c_70d91a5b69e7fd494bfd,2,binary_vle_english.xlsx,10.1016/j.jct.2004.09.009,unverified,0.5,isobaric,0.9696969696969697,isobaric,352.34999999999997,352.647705078125,,,0.00083160400390625,True,False,48,CC(C)O,mol_db030b5de88f8eaf,0.5789,0.6051,0.5962623953819275,1.1789411306381226,88.50228881835938,COC(=O)OC,mol_0ec85594f0f896ea,0.42110000000000003,0.39490000000000003,0.4037375748157501,1.3248200416564941,73.31110382080078,,,,,,,
state_d1bf572d02c94b9d450181ae,3c_f0c258463b44c2183ab7,3,ternary_vle_english.xlsx,10.1016/j.fluid.2005.03.014,unverified,0.5,isobaric,0.9767441860465116,isobaric,383.80999999999995,384.1918640136719,,,6.866455078125e-05,True,False,48,CC(=O)OCC(C)C,mol_e7eb29ad965cc8ee,0.4,0.394,0.39284655451774597,1.1624140739440918,85.58773803710938,CC(C)CO,mol_015d21fca05fcd26,0.502,0.576,0.5829012989997864,1.0183864831924438,115.50164794921875,CN(C)C=O,mol_ca12d6d2f2ffb170,0.09799999999999998,0.030000000000000027,0.02425209991633892,0.8593817949295044,29.170682907104492
state_d1d8974a07a49b98be89575a,2c_d61da005b4125a743b07,2,binary_vle_english.xlsx,10.1016/j.fluid.2009.03.008,unverified,0.5,isobaric,0.9583333333333334,isobaric,363.84999999999997,362.2176208496094,,,0.00019073486328125,True,False,48,CC(=O)O,mol_9ac385b135af0125,0.3688,0.1247,0.13150788843631744,0.9707401394844055,37.22176742553711,CCC(C)=O,mol_4cfc5db0ca2ab00b,0.6312,0.8753,0.868492066860199,0.990801215171814,140.7185821533203,,,,,,,
state_d264672e0c775a3c7fc6607a,2c_50cae961bcfb98dfb10a,2,binary_vle_english.xlsx,10.1016/j.fluid.2013.05.019,passed,1.0,full_state,0.5714285714285714,isobaric,346.27,335.2307434082031,,,0.00028228759765625,True,False,48,CC(C)=C(C)C,mol_ac85c03b48dc0205,0.999675,0.999853,0.9997597336769104,1.0,101.33893585205078,c1ccsc1,mol_7953343be0b435d5,0.000325,0.000147,0.0002402818645350635,1.6443426609039307,45.560115814208984,,,,,,,
state_d2ebf6385e8413bbfc82a5ac,2c_01b27b0603388a2088b7,2,binary_vle_english.xlsx,10.1016/j.fluid.2005.01.007,unverified,0.5,isobaric,0.9545454545454546,isobaric,329.69,327.7214660644531,,,-5.340576171875e-05,True,False,48,CC(C)=O,mol_e04cf77cea7bbe66,0.951,0.965,0.9660396575927734,1.0019439458847046,102.72252655029297,CCO,mol_f29e20f49d416e54,0.049000000000000044,0.03500000000000003,0.03396033123135567,1.8727481365203857,37.49653244018555,,,,,,,
state_d30161472710279edf154f39,2c_d66c7a74cea5d8732e08,2,binary_vle_english.xlsx,10.1016/j.jct.2006.04.006,unverified,0.5,isobaric,0.9444444444444444,isobaric,353.17999999999995,353.6914978027344,,,-7.62939453125e-06,True,False,48,CC(C)O,mol_db030b5de88f8eaf,0.602,0.641,0.6527442336082458,1.191417932510376,92.19164276123047,O,mol_e81dc06beaa39499,0.398,0.359,0.34725576639175415,1.7888630628585815,49.40813064575195,,,,,,,
state_d35144b517c16127302484e1,2c_7c6b847ee4cb190db3ef,2,binary_vle_english.xlsx,10.1016/j.fluid.2005.06.024,unverified,0.5,isobaric,0.9666666666666667,isobaric,356.45,354.97869873046875,,,3.814697265625e-05,True,False,48,CCC(C)=O,mol_4cfc5db0ca2ab00b,0.8663,0.9701,0.9699354767799377,0.9966723918914795,113.8253173828125,CCOC(=O)OCC,mol_4df2781fcf4d4a77,0.13370000000000004,0.029900000000000038,0.030064528807997704,1.0111477375030518,22.53331756591797,,,,,,,
state_d3d34659000d7c60ad408b18,2c_72d232cf7a8125302e6c,2,binary_vle_english.xlsx,10.1016/j.fluid.2009.01.006,unverified,0.5,isobaric,0.9333333333333333,isobaric,335.4,337.9212341308594,,,8.392333984375e-05,True,False,48,CN(C)C=O,mol_ca12d6d2f2ffb170,0.08420000000000005,0.015900000000000025,0.00556541932746768,1.4289199113845825,4.685839653015137,ClC(Cl)Cl,mol_d9e0a2387a6283f9,0.9158,0.9841,0.9944345951080322,1.0044565200805664,109.51004791259766,,,,,,,
state_d450e293a04a9c4159541e5c,2c_ca2ff513d4ae36f2f8e1,2,binary_vle_english.xlsx,10.1016/j.jct.2017.06.014,unverified,0.5,isobaric,0.9130434782608695,isobaric,360.76,362.0262451171875,,,0.00127410888671875,True,False,48,CCCO,mol_5fb2f93dc8caa9dc,0.482,0.449,0.4454723596572876,1.2909640073776245,72.52274322509766,O,mol_e81dc06beaa39499,0.518,0.5509999999999999,0.5545276999473572,1.5867527723312378,68.34375762939453,,,,,,,
state_d45698f67d8dbfe5e846c005,2c_50cae961bcfb98dfb10a,2,binary_vle_english.xlsx,10.1016/j.fluid.2013.05.019,passed,1.0,full_state,0.5714285714285714,isobaric,346.27,335.2356872558594,,,0.00030517578125,True,False,48,CC(C)=C(C)C,mol_ac85c03b48dc0205,0.999487,0.999756,0.9996206760406494,1.0000001192092896,101.34391021728516,c1ccsc1,mol_7953343be0b435d5,0.000513,0.000244,0.0003792976203840226,1.6441528797149658,45.568023681640625,,,,,,,
state_d48174678117072bdf040662,2c_70d91a5b69e7fd494bfd,2,binary_vle_english.xlsx,10.1016/j.jct.2004.09.009,unverified,0.5,isobaric,0.9696969696969697,isobaric,352.28,352.6270446777344,,,0.0008087158203125,True,False,48,CC(C)O,mol_db030b5de88f8eaf,0.6086,0.6235,0.6131305694580078,1.1540673971176147,88.43058013916016,COC(=O)OC,mol_0ec85594f0f896ea,0.39139999999999997,0.37649999999999995,0.3868694007396698,1.3667672872543335,73.25910949707031,,,,,,,
state_d69adf30bd22bd363aa2d084,2c_34804c7fdf5c7dc9c9e5,2,binary_vle_english.xlsx,10.1016/j.fluid.2005.02.014,unverified,0.5,isobaric,0.9166666666666666,isobaric,317.76,317.9505615234375,,,-7.62939453125e-06,True,False,48,C1CCOCC1,mol_626f3d1f5bbb6f55,0.1696,0.0839,0.10225805640220642,0.9924058318138123,24.302040100097656,CC(C)CCl,mol_b6f57216bc07a08c,0.8304,0.9161,0.897741973400116,1.0006108283996582,43.217472076416016,,,,,,,
state_d7502e0840708b89263cc119,3c_2254869a6d8c8579192d,3,ternary_vle_english.xlsx,10.1016/j.fluid.2015.01.005,unverified,0.5,isobaric,0.9545454545454546,isobaric,361.27,361.1053466796875,,,-2.288818359375e-05,True,False,48,CN1CCCC1=O,mol_f50e4145cb9a22d5,0.20179999999999998,0.0022999999999999687,0.004574853926897049,0.9905231595039368,2.318464756011963,c1ccccc1,mol_7165dcf6be1f831d,0.5594,0.7422,0.7389909029006958,1.0297105312347412,129.96023559570312,c1ccsc1,mol_7953343be0b435d5,0.2388,0.2555,0.25643426179885864,1.0268523693084717,105.93579864501953
state_d7839abe60c31afde9b72637,2c_ca2ff513d4ae36f2f8e1,2,binary_vle_english.xlsx,10.1016/j.jct.2016.10.001,unverified,0.5,isobaric,0.9,isobaric,360.9,362.01092529296875,,,0.00128936767578125,True,False,48,CCCO,mol_5fb2f93dc8caa9dc,0.473,0.438,0.4411643445491791,1.3036062717437744,72.47821807861328,O,mol_e81dc06beaa39499,0.527,0.562,0.5588356852531433,1.5726873874664307,68.30394744873047,,,,,,,
state_d786a5dcc3c29239bdfd229f,2c_50cae961bcfb98dfb10a,2,binary_vle_english.xlsx,10.1016/j.fluid.2013.05.019,passed,1.0,isobaric,0.8888888888888888,isobaric,346.25,335.2248840332031,,,0.00030517578125,True,False,48,CC(C)=C(C)C,mol_ac85c03b48dc0205,0.999897,0.999944,0.9999238848686218,1.0,101.33309173583984,c1ccsc1,mol_7953343be0b435d5,0.000103,5.6e-05,7.614554488100111e-05,1.6445668935775757,45.55073165893555,,,,,,,
state_d7888360973b4ef20c48709c,2c_6eb2e45afed5017e5e33,2,binary_vle_english.xlsx,10.1016/j.fluid.2014.09.021,unverified,0.5,isobaric,0.95,isobaric,386.10999999999996,386.6768798828125,,,7.62939453125e-06,True,False,48,CCC(C)OC(C)=O,mol_879306ab1082c162,0.89,0.939,0.9439260363578796,1.0085948705673218,106.52227020263672,CN(C)C=O,mol_ca12d6d2f2ffb170,0.10999999999999999,0.061000000000000054,0.05607397481799126,1.6246415376663208,31.784860610961914,,,,,,,
state_d83ee25029c18b934e5726cf,2c_94ed5d0a73a3c26e5ef5,2,binary_vle_english.xlsx,10.1016/j.fluid.2011.06.009,unverified,0.5,isobaric,0.9375,isobaric,310.7,310.7730407714844,,,9.5367431640625e-06,True,False,48,CCO,mol_f29e20f49d416e54,0.241,0.567,0.5454930663108826,1.756238579750061,16.94783592224121,O,mol_e81dc06beaa39499,0.759,0.43300000000000005,0.45450693368911743,1.1159038543701172,7.056632995605469,,,,,,,
state_d893accd9f2c308616677eb4,2c_5481356f0b4c42a123fa,2,binary_vle_english.xlsx,10.1016/j.fluid.2014.04.025,unverified,0.5,isobaric,0.9375,isobaric,379.17999999999995,380.6265869140625,,,0.00200653076171875,True,False,48,COCCO,mol_d291b272a64498d9,0.28690000000000004,0.29200000000000004,0.2814777195453644,1.6528024673461914,60.13264083862305,Cc1ccccc1,mol_1c09299644053521,0.7131,0.708,0.7185222506523132,1.1362158060073853,89.83523559570312,,,,,,,
state_d8fb9685865faa455c64af6d,2c_3c77d4a7763529aa395e,2,binary_vle_english.xlsx,10.1016/j.fluid.2017.10.001,unverified,0.5,isobaric,0.95,isobaric,347.5,346.9359436035156,,,0.00102996826171875,True,False,48,CCC(C)=O,mol_4cfc5db0ca2ab00b,0.47,0.476,0.4868992567062378,1.1791402101516724,88.9998779296875,CCO,mol_f29e20f49d416e54,0.53,0.524,0.5131006836891174,1.1676584482192993,83.98941040039062,,,,,,,
state_d8fc277bc4b97f66294a6933,2c_a4ea92aaad2e5eb91802,2,binary_vle_english.xlsx,10.1016/j.fluid.2015.08.014,unverified,0.5,isobaric,0.9444444444444444,isobaric,331.41999999999996,330.95172119140625,,,0.00164031982421875,True,False,48,COC(C)=O,mol_b9c4464ceb7b1e3f,0.925,0.999,0.9988806247711182,1.0002976655960083,109.36007690429688,CS(C)=O,mol_7d3e12eaed0f467c,0.07499999999999996,0.0010000000000000009,0.0011193541577085853,1.7597495317459106,0.8591550588607788,,,,,,,
state_d9c24eb746437129f027d943,3c_1a08c4f653f7d812cdc9,3,ternary_vle_english.xlsx,10.1016/j.jct.2019.03.036,unverified,0.5,isobaric,0.972972972972973,isobaric,374.28999999999996,372.39459228515625,,,-3.814697265625e-05,True,False,48,CCCOC(C)=O,mol_67043ae833ecd0c7,0.1033,0.1348,0.09818141907453537,1.0157220363616943,94.79013061523438,CCOC(C)=O,mol_18876b584acc43d4,0.3923,0.8374,0.870380163192749,1.1165598630905151,201.2878875732422,CS(C)=O,mol_7d3e12eaed0f467c,0.5044,0.027799999999999936,0.03143841028213501,1.152456521987915,5.478604793548584
state_d9deaec357388006d4463a17,2c_94ed5d0a73a3c26e5ef5,2,binary_vle_english.xlsx,10.1016/j.fluid.2011.06.009,unverified,0.5,isobaric,0.8888888888888888,isobaric,315.13,313.8247985839844,,,1.33514404296875e-05,True,False,48,CCO,mol_f29e20f49d416e54,0.945,0.945,0.9460175633430481,1.0027449131011963,19.677202224731445,O,mol_e81dc06beaa39499,0.05500000000000005,0.05500000000000005,0.0539824478328228,2.345553398132324,8.247664451599121,,,,,,,
state_d9f7f6ca23efc884987d9c82,2c_106af91fffdb87d7c4f6,2,binary_vle_english.xlsx,10.1016/j.fluid.2013.05.016,unverified,0.5,isobaric,0.9444444444444444,isobaric,385.4,386.48577880859375,,,-1.52587890625e-05,True,False,48,Cc1ccccc1,mol_1c09299644053521,0.92,0.976,0.9695804119110107,1.0009876489639282,106.65380859375,Cc1ccccc1C,mol_61c4de85d258b45d,0.07999999999999996,0.02400000000000002,0.03041958250105381,0.9768141508102417,39.43305587768555,,,,,,,
state_da7cfaefd08894b8588095c7,3c_f0c258463b44c2183ab7,3,ternary_vle_english.xlsx,10.1016/j.fluid.2005.03.014,unverified,0.5,isobaric,0.9767441860465116,isobaric,383.29999999999995,383.7242126464844,,,9.918212890625e-05,True,False,48,CC(=O)OCC(C)C,mol_e7eb29ad965cc8ee,0.582,0.515,0.5183521509170532,1.070446252822876,84.28429412841797,CC(C)CO,mol_015d21fca05fcd26,0.384,0.47,0.4723883271217346,1.0977203845977783,113.52350616455078,CN(C)C=O,mol_ca12d6d2f2ffb170,0.03400000000000003,0.015000000000000013,0.009259553626179695,0.9612634778022766,28.69976043701172
state_dc1aa5eb987a4b64a5679111,2c_e8b98868a6b90d408930,2,binary_vle_english.xlsx,10.1016/j.fluid.2015.09.039,unverified,0.5,isobaric,0.96875,isobaric,426.71,424.8440246582031,,,0.0,True,False,48,CN(C)C=O,mol_ca12d6d2f2ffb170,0.955,0.986,0.9865171909332275,0.999518096446991,104.69351959228516,CS(C)=O,mol_7d3e12eaed0f467c,0.04500000000000004,0.014000000000000012,0.013482777401804924,0.8917943239212036,34.03386688232422,,,,,,,
state_ddae0676e86b1912290e9093,2c_f98cab4acf014d5210d4,2,binary_vle_english.xlsx,10.1016/j.fluid.2007.03.030,unverified,0.5,isobaric,0.9545454545454546,isobaric,371.04999999999995,371.6162414550781,,,0.00014495849609375,True,False,48,CCCO,mol_5fb2f93dc8caa9dc,0.937,0.982,0.9779594540596008,1.0022929906845093,105.48637390136719,CCOCCO,mol_ab8630148ae67e51,0.06299999999999994,0.018000000000000016,0.02204054221510887,1.2295756340026855,28.822805404663086,,,,,,,
state_de1b80322e7607ffb06c4b7e,2c_c7052cf3bd6baff652ca,2,binary_vle_english.xlsx,10.1016/j.fluid.2014.04.025,unverified,0.5,isobaric,0.9285714285714286,isobaric,407.90999999999997,406.9149169921875,,,9.1552734375e-05,True,False,48,COCCO,mol_d291b272a64498d9,0.7455,0.9648,0.9727259874343872,0.8791751265525818,150.3408660888672,CS(C)=O,mol_7d3e12eaed0f467c,0.25449999999999995,0.03520000000000001,0.02727396972477436,0.5648248195648193,19.22013282775879,,,,,,,
state_dec1a0a47b20b51b1efc9e24,3c_f6a2de3ac0acbac84e4f,3,ternary_vle_english.xlsx,10.1016/j.fluid.2005.01.007,unverified,0.5,isobaric,0.9818181818181818,isobaric,330.76,330.61773681640625,,,0.0015716552734375,True,False,48,CC(C)=O,mol_e04cf77cea7bbe66,0.569,0.756,0.7846677303314209,1.2449668645858765,112.21000671386719,CC(C)CC(C)(C)C,mol_57615b5c3546c298,0.379,0.18999999999999995,0.16544808447360992,1.6520166397094727,26.768497467041016,CCO,mol_f29e20f49d416e54,0.052,0.054,0.049884214997291565,2.2813239097595215,42.59795379638672
state_dfd3f252d5494b175e336a2b,2c_ca2ff513d4ae36f2f8e1,2,binary_vle_english.xlsx,10.1016/j.jct.2017.06.014,unverified,0.5,isobaric,0.9130434782608695,isobaric,360.76,361.98516845703125,,,0.00119781494140625,True,False,48,CCCO,mol_5fb2f93dc8caa9dc,0.379,0.423,0.4035031199455261,1.489577054977417,72.40340423583984,O,mol_e81dc06beaa39499,0.621,0.577,0.5964968204498291,1.425971508026123,68.23701477050781,,,,,,,
state_e0370b1fc353d546c407707d,2c_4edb251d66039b2a207c,2,binary_vle_english.xlsx,10.1016/j.jct.2006.12.003,unverified,0.5,isobaric,0.9444444444444444,isobaric,356.95,357.4425048828125,,,-2.288818359375e-05,True,False,48,CC(=O)O,mol_9ac385b135af0125,0.06299999999999994,0.04300000000000004,0.039222002029418945,2.0532619953155518,30.715238571166992,ClCCCl,mol_e8df6c9e89c6b62a,0.937,0.957,0.960777997970581,1.004822015762329,103.37211608886719,,,,,,,
state_e08902f95e176c4370b423d8,2c_82cfa7a14fa3ab1984f1,2,binary_vle_english.xlsx,10.1016/j.jct.2019.07.006,unverified,0.5,isobaric,0.9333333333333333,isobaric,349.79999999999995,351.2366027832031,,,0.00012969970703125,True,False,48,CC#N,mol_7028b7cbd3d829b4,0.7792,0.7258,0.7248536944389343,1.0835559368133545,86.96805572509766,O,mol_e81dc06beaa39499,0.2208,0.2742,0.2751462757587433,2.819363832473755,44.773719787597656,,,,,,,
state_e0b4d2a92e8f2cb814b31388,2c_94ed5d0a73a3c26e5ef5,2,binary_vle_english.xlsx,10.1016/j.fluid.2011.06.009,unverified,0.5,isobaric,0.9375,isobaric,308.35999999999996,307.2861022949219,,,1.33514404296875e-05,True,False,48,CCO,mol_f29e20f49d416e54,0.59,0.714,0.7285271286964417,1.1404554843902588,14.237740516662598,O,mol_e81dc06beaa39499,0.41000000000000003,0.28600000000000003,0.27147287130355835,1.4801656007766724,5.8824462890625,,,,,,,
state_e0f56d958db784b86d4e22b4,2c_a4ea92aaad2e5eb91802,2,binary_vle_english.xlsx,10.1016/j.fluid.2015.08.014,unverified,0.5,isobaric,0.9444444444444444,isobaric,332.5,332.244384765625,,,0.000946044921875,True,False,48,COC(C)=O,mol_b9c4464ceb7b1e3f,0.884,0.999,0.9981895685195923,1.0025219917297363,114.09854125976562,CS(C)=O,mol_7d3e12eaed0f467c,0.11599999999999999,0.0010000000000000009,0.0018104122718796134,1.7247734069824219,0.9166439771652222,,,,,,,
state_e11839e05a95b0fc58365bb3,2c_7c57a80413db66443080,2,binary_vle_english.xlsx,10.1016/j.jct.2010.05.014,unverified,0.5,isobaric,0.9615384615384616,isobaric,393.5,395.8724365234375,,,-1.9073486328125e-05,True,False,48,CCC(=O)O,mol_86c4db256d6270c6,0.035599999999999965,0.017900000000000027,0.027447009459137917,0.7327907085418701,56.077964782714844,CCCCCO,mol_243de2450bee5519,0.9644,0.9821,0.972553014755249,1.00016188621521,53.74189376831055,,,,,,,
state_e1808e5e1bd072f6831fd1ba,2c_94ed5d0a73a3c26e5ef5,2,binary_vle_english.xlsx,10.1016/j.fluid.2011.06.009,unverified,0.5,isobaric,0.9375,isobaric,307.44,305.71575927734375,,,2.09808349609375e-05,True,False,48,CCO,mol_f29e20f49d416e54,0.971,0.969,0.97144615650177,1.0007538795471191,13.146137237548828,O,mol_e81dc06beaa39499,0.029000000000000026,0.031000000000000028,0.028553860262036324,2.3923180103302,5.412200927734375,,,,,,,
state_e19aba9bd97c251e8edd49ef,2c_f98cab4acf014d5210d4,2,binary_vle_english.xlsx,10.1016/j.fluid.2007.03.030,unverified,0.5,isobaric,0.9545454545454546,isobaric,370.41999999999996,370.99102783203125,,,0.00016021728515625,True,False,48,CCCO,mol_5fb2f93dc8caa9dc,0.974,0.992,0.9907609820365906,1.000403881072998,103.001708984375,CCOCCO,mol_ab8630148ae67e51,0.026000000000000023,0.008000000000000007,0.009239024482667446,1.2805116176605225,28.111181259155273,,,,,,,
state_e19bca7e30a2b4fd3d947584,2c_50cae961bcfb98dfb10a,2,binary_vle_english.xlsx,10.1016/j.fluid.2013.05.019,passed,1.0,full_state,0.5714285714285714,isobaric,346.27,335.2409973144531,,,0.000335693359375,True,False,48,CC(C)=C(C)C,mol_ac85c03b48dc0205,0.999287,0.999595,0.9994727969169617,1.0000001192092896,101.34922790527344,c1ccsc1,mol_7953343be0b435d5,0.000713,0.000405,0.000527205120306462,1.6439509391784668,45.576499938964844,,,,,,,
state_e1c551b92feeef32b3cee801,3c_2d8df0569d9d03284715,3,ternary_vle_english.xlsx,10.1016/j.fluid.2007.06.005,unverified,0.5,isobaric,0.9622641509433962,isobaric,343.97999999999996,344.5021057128906,,,2.288818359375e-05,True,False,48,CC(C)CC(C)(C)C,mol_57615b5c3546c298,0.21099999999999997,0.23299999999999998,0.2380964308977127,2.6358795166015625,43.36647415161133,CCC(C)=O,mol_4cfc5db0ca2ab00b,0.26,0.25,0.24874357879161835,1.1757513284683228,82.42754364013672,CCO,mol_f29e20f49d416e54,0.529,0.517,0.5131599307060242,1.2893885374069214,76.21186065673828
state_e2d4eeaeb2dbe84ee716ba83,2c_01b27b0603388a2088b7,2,binary_vle_english.xlsx,10.1016/j.fluid.2005.01.007,unverified,0.5,isobaric,0.9545454545454546,isobaric,329.26,327.2752685546875,,,-8.392333984375e-05,True,False,48,CC(C)=O,mol_e04cf77cea7bbe66,1.0,1.0,1.0,1.0,101.3198471069336,CCO,mol_f29e20f49d416e54,0.0,0.0,0.0,2.024428606033325,36.75950622558594,,,,,,,
state_e339a23f57d6f39387ee8465,3c_6b60b4a3a536506a27ae,3,ternary_vle_english.xlsx,10.1016/j.fluid.2006.08.004,unverified,0.5,isobaric,0.9821428571428571,isobaric,339.03999999999996,339.0972900390625,,,0.0001678466796875,True,False,48,CC(C)CC(C)(C)C,mol_57615b5c3546c298,0.04800000000000004,0.04499999999999993,0.037086423486471176,2.1674764156341553,36.110137939453125,CC(C)OC(C)C,mol_1a0ca8e5eeb68da8,0.385,0.509,0.5103023648262024,1.4855468273162842,90.38375854492188,CCO,mol_f29e20f49d416e54,0.567,0.446,0.45261117815971375,1.3231639862060547,61.113677978515625
state_e343b97f0cf9178b9142a39c,3c_5af2e9ac27e2698a2927,3,ternary_vle_english.xlsx,10.1016/j.fluid.2008.06.006,unverified,0.5,isobaric,0.9772727272727273,isobaric,324.79999999999995,324.1895751953125,,,-1.52587890625e-05,True,False,48,C1CCCCC1,mol_893981623557f359,0.19400000000000006,0.2300000000000001,0.13819041848182678,1.6501145362854004,40.57792663574219,CC(C)=O,mol_e04cf77cea7bbe66,0.602,0.689,0.690933108329773,1.1722359657287598,92.03484344482422,CC(C)OC(C)C,mol_1a0ca8e5eeb68da8,0.204,0.081,0.17087648808956146,1.3709594011306763,57.43218231201172
state_e3d05137bafd4c3cf8b1ea45,2c_9f331b7867f625e21322,2,binary_vle_english.xlsx,10.1016/j.jct.2015.03.013,unverified,0.5,isobaric,0.9090909090909091,isobaric,350.59999999999997,348.9572448730469,,,3.814697265625e-05,True,False,48,CCC(C)=O,mol_4cfc5db0ca2ab00b,0.6822,0.9437,0.9134770035743713,1.052533745765686,94.77774810791016,COCCO,mol_d291b272a64498d9,0.31779999999999997,0.05630000000000002,0.08652301132678986,1.2220205068588257,16.59800148010254,,,,,,,
state_e3e3800d1f5e1dbcd54ef189,2c_e584d9baea666806df78,2,binary_vle_english.xlsx,10.1016/j.jct.2010.02.001,unverified,0.5,isobaric,0.9444444444444444,isobaric,356.2,357.6136474609375,,,4.1961669921875e-05,True,False,48,CCCCO,mol_ad4ef9c6c876ca2f,0.21899999999999997,0.09999999999999998,0.112953782081604,1.0203921794891357,26.94121742248535,CCCO,mol_5fb2f93dc8caa9dc,0.781,0.9,0.887046217918396,0.9985107779502869,60.6275634765625,,,,,,,
state_e49d810a00b35aef99fe218c,2c_0afc81efacf81d2f9881,2,binary_vle_english.xlsx,10.1016/j.fluid.2011.10.009,unverified,0.5,isobaric,0.9375,isobaric,383.4,384.70849609375,,,7.62939453125e-06,True,False,48,CCCCCCCCC,mol_dd70207e50d8bf63,0.0,0.0,0.0,1.2622462511062622,27.698196411132812,Cc1ccccc1,mol_1c09299644053521,1.0,1.0,1.0,1.0,101.29994201660156,,,,,,,
state_e511f838a43f15d5faf3f6a8,2c_42d2383a8e4daebeb5e1,2,binary_vle_english.xlsx,10.1016/j.fluid.2010.08.002,unverified,0.5,isobaric,0.9333333333333333,isobaric,354.7,355.29931640625,,,3.4332275390625e-05,True,False,48,CCCCCCC,mol_fddb2c852c313396,1.0,1.0,1.0,1.0,60.00003433227539,CCCOCCO,mol_770d75a3bb2412ce,0.0,0.0,0.0,5.114372730255127,8.45467758178711,,,,,,,
state_e52e29a6bc4853726ffd10a0,2c_f6e4afdc0101fe369605,2,binary_vle_english.xlsx,10.1016/j.jct.2004.09.009,unverified,0.5,isobaric,0.9629629629629629,isobaric,373.97999999999996,372.6788330078125,,,-7.62939453125e-06,True,False,48,CC1CCCCC1,mol_bdf6ddfdabc4e204,0.9523,0.9535,0.9557719230651855,1.0027941465377808,101.3859634399414,CCOC(=O)OCC,mol_4df2781fcf4d4a77,0.047699999999999965,0.046499999999999986,0.04422810301184654,2.1559579372406006,43.56611251831055,,,,,,,
state_e5cfe17ff0874b127c0090e3,3c_2cb16216a8c609b7ad27,3,ternary_vle_english.xlsx,10.1016/j.fluid.2005.09.015,unverified,0.5,isobaric,0.9767441860465116,isobaric,382.35999999999996,382.32427978515625,,,6.866455078125e-05,True,False,48,CC(=O)OCC(C)C,mol_e7eb29ad965cc8ee,0.101,0.1,0.10098046809434891,1.2584275007247925,80.48171997070312,CC(C)CO,mol_015d21fca05fcd26,0.794,0.858,0.861295223236084,1.0195844173431396,107.77494049072266,CCCCOC(=O)CC,mol_a9c167bbb331e76a,0.10499999999999998,0.04200000000000004,0.037724271416664124,1.26798677444458,28.70293426513672
state_e6e1556e7ea389ff27478ed9,2c_443810127d849cf82a31,2,binary_vle_english.xlsx,10.1016/j.fluid.2014.09.021,unverified,0.5,isobaric,0.9545454545454546,isobaric,375.35999999999996,375.1831359863281,,,0.00154876708984375,True,False,48,CCC(C)O,mol_06affb0d2c6c8ff2,0.924,0.989,0.9907639622688293,0.9963055849075317,109.02383422851562,CN(C)C=O,mol_ca12d6d2f2ffb170,0.07599999999999996,0.01100000000000001,0.009236016310751438,0.5815725922584534,21.168153762817383,,,,,,,
state_e6f3d3bbfe047c24f70db132,2c_94ed5d0a73a3c26e5ef5,2,binary_vle_english.xlsx,10.1016/j.fluid.2011.06.009,unverified,0.5,isobaric,0.9411764705882353,isobaric,315.15,313.90301513671875,,,-1.52587890625e-05,True,False,48,CCO,mol_f29e20f49d416e54,0.883,0.888,0.8956416845321655,1.0121641159057617,19.751880645751953,O,mol_e81dc06beaa39499,0.11699999999999999,0.11199999999999999,0.10435833036899567,2.1231353282928467,8.280363082885742,,,,,,,
state_e74554d84a9b190535899edd,2c_d66c7a74cea5d8732e08,2,binary_vle_english.xlsx,10.1016/j.fluid.2014.02.006,unverified,0.5,isobaric,0.9411764705882353,isobaric,353.21999999999997,353.5335998535156,,,-5.340576171875e-05,True,False,48,CC(C)O,mol_db030b5de88f8eaf,0.69,0.689,0.6990540623664856,1.1200964450836182,91.62525177001953,O,mol_e81dc06beaa39499,0.31000000000000005,0.31100000000000005,0.30094587802886963,2.002953052520752,49.098121643066406,,,,,,,
state_e76af2659cb8b5f3afb1e6a7,2c_3c77d4a7763529aa395e,2,binary_vle_english.xlsx,10.1016/j.fluid.2007.06.005,unverified,0.5,isobaric,0.9523809523809523,isobaric,347.54999999999995,346.9164123535156,,,0.00099945068359375,True,False,48,CCC(C)=O,mol_4cfc5db0ca2ab00b,0.5680000000000001,0.546,0.5565397143363953,1.1159309148788452,88.94548797607422,CCO,mol_f29e20f49d416e54,0.432,0.454,0.4434603452682495,1.2390711307525635,83.92440032958984,,,,,,,
state_e7995837119ab69819e56f14,2c_74a658fab9cc22057bbd,2,binary_vle_english.xlsx,10.1016/j.jct.2019.03.036,unverified,0.5,isobaric,0.9473684210526315,isobaric,377.78,378.0841369628906,,,0.00070953369140625,True,False,48,CCCOC(C)=O,mol_67043ae833ecd0c7,0.8498,0.9798,0.9816556572914124,1.0239362716674805,114.28302764892578,CS(C)=O,mol_7d3e12eaed0f467c,0.1502,0.020199999999999996,0.018344338983297348,1.8075249195098877,6.844789028167725,,,,,,,
state_e7ca2095e2f9072673c9caf6,3c_2d8df0569d9d03284715,3,ternary_vle_english.xlsx,10.1016/j.fluid.2007.06.005,unverified,0.5,isobaric,0.9807692307692307,isobaric,344.27,344.74053955078125,,,3.814697265625e-05,True,False,48,CC(C)CC(C)(C)C,mol_57615b5c3546c298,0.21700000000000008,0.21299999999999997,0.22172969579696655,2.3679275512695312,43.712440490722656,CCC(C)=O,mol_4cfc5db0ca2ab00b,0.368,0.331,0.336239218711853,1.1144297122955322,83.05335235595703,CCO,mol_f29e20f49d416e54,0.415,0.456,0.44203105568885803,1.4022668600082397,76.94552612304688
state_e88ea50ef0f87e67bba2a1c2,2c_6bea4d4b457d21637176,2,binary_vle_english.xlsx,10.1016/j.fluid.2006.07.003,unverified,0.5,isobaric,0.9545454545454546,isobaric,371.03,371.9776611328125,,,0.0002593994140625,True,False,48,CCCCCO,mol_243de2450bee5519,0.06699999999999995,0.013000000000000012,0.01477395836263895,1.1012694835662842,20.28330421447754,CCCO,mol_5fb2f93dc8caa9dc,0.933,0.987,0.985226035118103,1.000229001045227,106.94612121582031,,,,,,,
state_e8b5d040731ac43e9313e1d7,2c_82cfa7a14fa3ab1984f1,2,binary_vle_english.xlsx,10.1016/j.jct.2019.07.006,unverified,0.5,isobaric,0.9333333333333333,isobaric,349.78999999999996,351.1837158203125,,,3.0517578125e-05,True,False,48,CC#N,mol_7028b7cbd3d829b4,0.5935,0.6669,0.6598880887031555,1.2975130081176758,86.80548095703125,O,mol_e81dc06beaa39499,0.4065,0.33309999999999995,0.3401119112968445,1.897035837173462,44.67813491821289,,,,,,,
state_e8bc20d0e77271262d3afef5,2c_21b807a1a6c6348c91ac,2,binary_vle_english.xlsx,10.1016/j.fluid.2018.07.027,unverified,0.5,isobaric,0.9629629629629629,isobaric,367.45,367.3003234863281,,,-7.62939453125e-06,True,False,48,CC(C)CC(C)(C)C,mol_57615b5c3546c298,0.8351,0.7856,0.7831332087516785,1.0736511945724487,88.4795913696289,CCCCO,mol_ad4ef9c6c876ca2f,0.16490000000000005,0.21440000000000003,0.21686682105064392,3.2593295574188232,40.87458038330078,,,,,,,
state_e9711919f3aee5479b249f3c,2c_d66c7a74cea5d8732e08,2,binary_vle_english.xlsx,10.1016/j.jct.2017.02.005,unverified,0.5,isobaric,0.96875,isobaric,353.28,353.50689697265625,,,-7.62939453125e-06,True,False,48,CC(C)O,mol_db030b5de88f8eaf,0.561,0.622,0.6317164301872253,1.2302602529525757,91.52979278564453,O,mol_e81dc06beaa39499,0.43899999999999995,0.378,0.36828354001045227,1.7104692459106445,49.045894622802734,,,,,,,
state_e9be49bee3fc35ab1a3087de,2c_d66c7a74cea5d8732e08,2,binary_vle_english.xlsx,10.1016/j.fluid.2017.09.010,unverified,0.5,isobaric,0.9,isobaric,353.29999999999995,353.5633544921875,,,2.288818359375e-05,True,False,48,CC(C)O,mol_db030b5de88f8eaf,0.6217,0.6596,0.6629870533943176,1.1741551160812378,91.73182678222656,O,mol_e81dc06beaa39499,0.37829999999999997,0.34040000000000004,0.33701291680336,1.830420970916748,49.15645217895508,,,,,,,
state_ea5e6d7567b57f62d3498d27,2c_30c0b771d8db238964cd,2,binary_vle_english.xlsx,10.1016/j.jct.2003.09.001,unverified,0.5,isobaric,0.9285714285714286,isobaric,322.95,321.5066223144531,,,3.0517578125e-05,True,False,48,C1COCO1,mol_7a351e48494919fc,0.8881,0.8858,0.8994330167770386,1.0085176229476929,40.168373107910156,CC(C)(C)O,mol_9c31aaa032950e85,0.1119,0.11419999999999997,0.10056698322296143,1.5326054096221924,23.456096649169922,,,,,,,
state_eb3616567846d3db9adb1bfb,2c_e0ef8174c7b6fc15273a,2,binary_vle_english.xlsx,10.1016/j.fluid.2005.06.024,unverified,0.5,isobaric,0.9743589743589743,isobaric,331.76,330.1534729003906,,,0.00110626220703125,True,False,48,CC(C)=O,mol_e04cf77cea7bbe66,0.9163,0.9948,0.994440495967865,0.9938831925392151,110.643798828125,CCOC(=O)OCC,mol_4df2781fcf4d4a77,0.0837,0.005199999999999982,0.005559532903134823,0.8482351899147034,7.934470176696777,,,,,,,
state_eb9cd8f3ece193bd6c6ccba9,2c_dc191206ee879c89c4e5,2,binary_vle_english.xlsx,10.1016/j.jct.2003.09.001,unverified,0.5,isobaric,0.9285714285714286,isobaric,347.96,346.6121826171875,,,0.0007781982421875,True,False,48,C1COCCO1,mol_d365f2fae67d24f2,0.7498,0.7949,0.8242871165275574,1.0208626985549927,43.075923919677734,CC(C)CO,mol_015d21fca05fcd26,0.2502,0.20509999999999995,0.17571289837360382,1.1308841705322266,24.84088897705078,,,,,,,
state_ebd3ef86ef7c44f0941a03a9,2c_e94406f9abae6913c6d1,2,binary_vle_english.xlsx,10.1016/j.fluid.2005.02.014,unverified,0.5,isobaric,0.9166666666666666,isobaric,325.53,326.1237487792969,,,3.814697265625e-06,True,False,48,C1CCOCC1,mol_626f3d1f5bbb6f55,0.1289,0.089,0.0984547883272171,0.9219533205032349,33.138702392578125,CCCCCl,mol_f7989a5c13417f20,0.8711,0.911,0.9015452265739441,0.9978830814361572,41.48588180541992,,,,,,,
state_ec55ca158d183725dfdd55d9,2c_ac155ac6c9df3bfcf363,2,binary_vle_english.xlsx,10.1016/j.fluid.2014.03.033,passed,1.0,full_state,0.0,isobaric,345.77,345.7190246582031,,,0.0009002685546875,True,False,48,CC(=O)CC(C)C,mol_0a895444a9f0f36b,0.5893999999999999,0.881,0.8758096098899841,1.099670171737671,23.648204803466797,O=Cc1ccco1,mol_cfdccd30b0689448,0.4106,0.119,0.12419042736291885,1.2196296453475952,4.34012508392334,,,,,,,
state_ec9799fb0b2899cbc78433c3,2c_03ee8ab4245c0677d4ed,2,binary_vle_english.xlsx,10.1016/j.fluid.2018.05.024,unverified,0.5,isobaric,0.95,isobaric,348.15,348.461669921875,,,0.0001373291015625,True,False,48,CCO,mol_f29e20f49d416e54,0.687,0.706,0.6863238215446472,1.134494423866272,89.20305633544922,COC(=O)OC,mol_0ec85594f0f896ea,0.31299999999999994,0.29400000000000004,0.3136761784553528,1.6014131307601929,63.393333435058594,,,,,,,
state_ec9ccd587c7a9194e9e59f04,2c_d66c7a74cea5d8732e08,2,binary_vle_english.xlsx,10.1016/j.jct.2017.02.005,unverified,0.5,isobaric,0.96875,isobaric,353.12,353.24041748046875,,,7.62939453125e-06,True,False,48,CC(C)O,mol_db030b5de88f8eaf,0.658,0.67,0.6820650696754456,1.144355297088623,90.58145141601562,O,mol_e81dc06beaa39499,0.34199999999999997,0.32999999999999996,0.31793493032455444,1.9157066345214844,48.5269889831543,,,,,,,
state_ed27f175bb2d0fbd9a280a47,2c_f6e4afdc0101fe369605,2,binary_vle_english.xlsx,10.1016/j.jct.2004.09.009,unverified,0.5,isobaric,0.9629629629629629,isobaric,374.5,373.3689270019531,,,7.62939453125e-06,True,False,48,CC1CCCCC1,mol_bdf6ddfdabc4e204,0.8226,0.8563,0.8688587546348572,1.0345278978347778,103.42546081542969,CCOC(=O)OCC,mol_4df2781fcf4d4a77,0.1774,0.14370000000000005,0.13114126026630402,1.6773855686187744,44.643890380859375,,,,,,,
state_ef4df02380f868e6cd3a8ce5,2c_c830dc760c5163d2d27d,2,binary_vle_english.xlsx,10.1016/j.fluid.2011.05.011,unverified,0.5,isothermal,0.9285714285714286,isothermal,,,18.339958264448,17.894363403320312,-1.9073486328125e-06,True,False,48,CC(C)CC(C)(C)C,mol_57615b5c3546c298,0.0507,0.3483,0.2991017699241638,3.6006951332092285,29.31844139099121,CC(C)CO,mol_015d21fca05fcd26,0.9493,0.6517,0.7008981704711914,1.0035101175308228,13.165760040283203,,,,,,,
state_f04e26a5da2fe38536e6ffef,2c_500953d4ef1e1d57286b,2,binary_vle_english.xlsx,10.1016/j.fluid.2012.10.015,unverified,0.5,isothermal,0.9333333333333333,isothermal,,,13.059992524543999,12.229410171508789,0.0,True,False,48,CCCCCl,mol_f7989a5c13417f20,0.8488,0.9297,0.9311599731445312,1.0287333726882935,13.04132080078125,CC[N+](=O)[O-],mol_6fdb0ec09de24512,0.1512,0.07030000000000003,0.06884002685546875,2.029968023300171,2.7428719997406006,,,,,,,
state_f08efe082917ab632906ff9d,2c_c879fc0732268fc652fa,2,binary_vle_english.xlsx,10.1016/j.fluid.2011.06.001,passed,1.0,isothermal,0.9166666666666666,isothermal,,,9.460021943808,9.344278335571289,0.0,True,False,48,CC(C)OC(C)C,mol_1a0ca8e5eeb68da8,0.19730000000000003,0.27580000000000005,0.2990187704563141,0.8958430290222168,15.80830192565918,CCCCCl,mol_f7989a5c13417f20,0.8027,0.7242,0.7009811997413635,0.9993431568145752,8.16552734375,,,,,,,
state_f2406b6735078a8d4ad0ea7f,2c_6cdeaa0b12c0bcad5378,2,binary_vle_english.xlsx,10.1016/j.jct.2012.01.020,passed,1.0,isothermal,0.9,isothermal,,,20.757759408128,19.95470428466797,0.0,True,False,48,CC(C)CC(C)(C)C,mol_57615b5c3546c298,0.4,0.29200000000000004,0.2846301198005676,1.2697043418884277,11.183134078979492,CCOC(C)=O,mol_18876b584acc43d4,0.6,0.708,0.7153698801994324,1.1565115451812744,20.57191276550293,,,,,,,
state_f38b3a8a4b4da8abba9c947b,2c_e1c33e24ae7f6ab4d0bf,2,binary_vle_english.xlsx,10.1016/j.fluid.2010.01.024,unverified,0.5,isothermal,0.9375,isothermal,,,45.759969723904,44.07549285888672,0.0,True,False,48,CC[N+](=O)[O-],mol_6fdb0ec09de24512,0.0,0.0,0.0,1.1455107927322388,14.459951400756836,ClCCCl,mol_e8df6c9e89c6b62a,1.0,1.0,1.0,1.0,44.07549285888672,,,,,,,
state_f52e320a9d3c3569325c4682,2c_50cae961bcfb98dfb10a,2,binary_vle_english.xlsx,10.1016/j.fluid.2013.05.019,passed,1.0,full_state,0.5714285714285714,isothermal,,,101.330065929984,112.65658569335938,0.0,True,False,48,CC(C)=C(C)C,mol_ac85c03b48dc0205,0.999855,0.999932,0.9998546838760376,1.0,112.65654754638672,c1ccsc1,mol_7953343be0b435d5,0.000145,6.8e-05,0.00014536589151248336,1.7030237913131714,66.31784057617188,,,,,,,
state_f5a160ae49c585aae3699b8e,2c_5018f9e15dae7c08710f,2,binary_vle_english.xlsx,10.1016/j.fluid.2011.06.001,passed,1.0,isothermal,0.9166666666666666,isothermal,,,12.999997458944,13.499103546142578,0.0,True,False,48,CC(C)CCl,mol_b6f57216bc07a08c,0.6628,0.6625,0.6446211934089661,0.9970183968544006,13.168121337890625,CC(C)OC(C)C,mol_1a0ca8e5eeb68da8,0.33720000000000006,0.3375,0.35537877678871155,0.899960994720459,15.80830192565918,,,,,,,
state_f63347525b0da391e9669d59,2c_acf6c70dfacb27974826,2,binary_vle_english.xlsx,10.1016/j.fluid.2012.05.016,unverified,0.5,isothermal,0.9411764705882353,isothermal,,,17.050064354048,16.606170654296875,-1.9073486328125e-06,True,False,48,CCCO,mol_5fb2f93dc8caa9dc,0.5145,0.4556,0.4787907302379608,1.2221909761428833,12.644181251525879,CCCOC(C)=O,mol_67043ae833ecd0c7,0.4855,0.5444,0.5212092399597168,1.2496826648712158,14.265684127807617,,,,,,,
state_f88e9cf6fab0ec83f1176624,2c_6cdeaa0b12c0bcad5378,2,binary_vle_english.xlsx,10.1016/j.jct.2012.01.020,passed,1.0,isothermal,0.9,isothermal,,,13.490757095551999,13.56521987915039,0.0,True,False,48,CC(C)CC(C)(C)C,mol_57615b5c3546c298,0.9,0.6910000000000001,0.7454293966293335,1.0046789646148682,11.183134078979492,CCOC(C)=O,mol_18876b584acc43d4,0.1,0.309,0.2545706033706665,1.678650975227356,20.57191276550293,,,,,,,
state_f96e15d901be6e2ae700a2c1,2c_c830dc760c5163d2d27d,2,binary_vle_english.xlsx,10.1016/j.fluid.2011.05.011,unverified,0.5,isothermal,0.9285714285714286,isothermal,,,23.119965124352,22.090984344482422,-1.9073486328125e-06,True,False,48,CC(C)CC(C)(C)C,mol_57615b5c3546c298,0.1114,0.5134,0.46149423718452454,3.1214420795440674,29.31844139099121,CC(C)CO,mol_015d21fca05fcd26,0.8886000000000001,0.48660000000000003,0.5385057330131531,1.016841173171997,13.165760040283203,,,,,,,
state_fa04de8d5a5c3060beaf9e29,2c_31dd895be9cb26117aa9,2,binary_vle_english.xlsx,10.1016/j.jct.2015.07.024,unverified,0.5,isothermal,0.8888888888888888,isothermal,,,188.000004274688,188.2454833984375,0.0,True,False,48,CCOC(=O)OCC,mol_4df2781fcf4d4a77,0.11199999999999999,0.030000000000000027,0.02671455778181553,1.011780858039856,44.37803649902344,CCOC(C)=O,mol_18876b584acc43d4,0.888,0.97,0.973285436630249,1.001106858253479,206.09686279296875,,,,,,,
state_fa0d0651bc94e19c88475030,2c_c830dc760c5163d2d27d,2,binary_vle_english.xlsx,10.1016/j.fluid.2011.05.011,unverified,0.5,isothermal,0.9285714285714286,isothermal,,,32.669979666559996,31.954444885253906,0.0,True,False,48,CC(C)CC(C)(C)C,mol_57615b5c3546c298,0.9263,0.8388,0.8619430661201477,1.0141853094100952,29.31844139099121,CC(C)CO,mol_015d21fca05fcd26,0.07369999999999999,0.1612,0.1380569487810135,4.5464887619018555,13.165760040283203,,,,,,,
state_fa9d3a0f3547edf0402d05d4,2c_c879fc0732268fc652fa,2,binary_vle_english.xlsx,10.1016/j.fluid.2011.06.001,passed,1.0,isothermal,0.9166666666666666,isothermal,,,11.865024140160001,14.09524917602539,-9.5367431640625e-07,True,False,48,CC(C)OC(C)C,mol_1a0ca8e5eeb68da8,0.8136,0.8407,0.9020795822143555,0.9886018633842468,15.80830192565918,CCCCCl,mol_f7989a5c13417f20,0.1864,0.1593,0.09792044758796692,0.9068093299865723,8.16552734375,,,,,,,
state_fca2f6b3819229a7f2761c59,2c_6cdeaa0b12c0bcad5378,2,binary_vle_english.xlsx,10.1016/j.jct.2012.01.020,passed,1.0,isothermal,0.9,isothermal,,,18.273697047551998,18.302120208740234,0.0,True,False,48,CC(C)CC(C)(C)C,mol_57615b5c3546c298,0.601,0.387,0.40250691771507263,1.0960659980773926,11.183134078979492,CCOC(C)=O,mol_18876b584acc43d4,0.399,0.613,0.597493052482605,1.3322529792785645,20.57191276550293,,,,,,,
state_fd646989de547378e32694ad,2c_4cc4055379eb0154120e,2,binary_vle_english.xlsx,10.1016/j.fluid.2010.01.006,unverified,0.5,isothermal,0.9629629629629629,isothermal,,,100.699984418816,101.66329956054688,0.0,True,False,48,CCCC,mol_fadb5806094149e6,0.1501,0.8335,0.8404738306999207,1.2636756896972656,450.4764404296875,CCSCC,mol_a7491cfbf016fee6,0.8499,0.16649999999999998,0.15952616930007935,1.0056812763214111,18.974395751953125,,,,,,,
state_fdb3f53aac1be348ff59a961,2c_acf6c70dfacb27974826,2,binary_vle_english.xlsx,10.1016/j.fluid.2012.05.016,unverified,0.5,isothermal,0.9411764705882353,isothermal,,,17.160055307648,16.534744262695312,0.0,True,False,48,CCCO,mol_5fb2f93dc8caa9dc,0.31089999999999995,0.33420000000000005,0.35657262802124023,1.4998023509979248,12.644181251525879,CCCOC(C)=O,mol_67043ae833ecd0c7,0.6891,0.6658,0.6434273719787598,1.0822365283966064,14.265684127807617,,,,,,,
state_ff58b09081b9b910b2c7774d,2c_4cc4055379eb0154120e,2,binary_vle_english.xlsx,10.1016/j.fluid.2010.01.006,unverified,0.5,isothermal,0.9629629629629629,isothermal,,,38.700017048832,38.88270568847656,0.0,True,False,48,CCCC,mol_fadb5806094149e6,0.0342,0.5272,0.528541624546051,1.3339436054229736,450.4764404296875,CCSCC,mol_a7491cfbf016fee6,0.9658,0.4728,0.47145843505859375,1.000333309173584,18.974395751953125,,,,,,,
state_fff9f5742cbd3c46a6a75085,2c_a948b12e7b27db3902e0,2,binary_vle_english.xlsx,10.1016/j.jct.2009.04.006,unverified,0.5,isothermal,0.9285714285714286,isothermal,,,6.839970767872,6.2359466552734375,-4.76837158203125e-07,True,False,48,CCCCCl,mol_f7989a5c13417f20,0.431,0.945,0.9404858946800232,1.0434119701385498,13.04132080078125,O=C1CCCCC1,mol_09f0d60d139abab5,0.569,0.05500000000000005,0.059514120221138,1.0389049053192139,0.6278188228607178,,,,,,,
state_ee3d3786a95f427c3730146c,2c_42d2383a8e4daebeb5e1,2,binary_vle_english.xlsx,10.1016/j.fluid.2010.08.002,unverified,0.5,isobaric,0.875,isobaric,354.55999999999995,355.66021728515625,,,-1.1444091796875e-05,True,False,48,CCCCCCC,mol_fddb2c852c313396,0.961,0.97,0.9758891463279724,1.0033535957336426,60.72593688964844,CCCOCCO,mol_770d75a3bb2412ce,0.039000000000000035,0.030000000000000027,0.024110866710543633,4.31687593460083,8.592702865600586,,,,,,,
state_ee7092dd12c1f67f70246bc4,2c_784276d4500715f79c89,2,binary_vle_english.xlsx,10.1016/j.fluid.2011.11.020,passed,1.0,isobaric,0.9,isobaric,356.34,358.99603271484375,,,6.103515625e-05,True,False,48,CCCCCCC,mol_fddb2c852c313396,0.11819999999999997,0.1259,0.12607577443122864,1.5944041013717651,67.78823852539062,c1ccsc1,mol_7953343be0b435d5,0.8818,0.8741,0.873924195766449,1.0108712911605835,99.34507751464844,,,,,,,
state_eeb590102b06a631d6bc8ec8,2c_f0a592d91b289fcd0778,2,binary_vle_english.xlsx,10.1016/j.fluid.2005.01.007,unverified,0.5,isobaric,0.9545454545454546,isobaric,328.9,327.4156799316406,,,7.62939453125e-06,True,False,48,CC(C)=O,mol_e04cf77cea7bbe66,0.847,0.875,0.894457995891571,1.0514681339263916,101.75958251953125,CC(C)CC(C)(C)C,mol_57615b5c3546c298,0.15300000000000002,0.125,0.10554200410842896,2.935276508331299,23.811119079589844,,,,,,,
state_ef19313ad27165d92c07b15d,2c_d61da005b4125a743b07,2,binary_vle_english.xlsx,10.1016/j.fluid.2009.03.008,unverified,0.5,isobaric,0.9583333333333334,isobaric,356.59,356.7731018066406,,,0.0,True,False,48,CC(=O)O,mol_9ac385b135af0125,0.2015,0.0371,0.0567973256111145,0.9556818604469299,29.886690139770508,CCC(C)=O,mol_4cfc5db0ca2ab00b,0.7985,0.9629,0.9432026743888855,0.9968911409378052,120.06616973876953,,,,,,,
state_ef64c325f42e1e4712832133,3c_2d8df0569d9d03284715,3,ternary_vle_english.xlsx,10.1016/j.fluid.2007.06.005,unverified,0.5,isobaric,0.9807692307692307,isobaric,344.19,344.4297180175781,,,-7.62939453125e-06,True,False,48,CC(C)CC(C)(C)C,mol_57615b5c3546c298,0.30799999999999994,0.2909999999999999,0.3297843933105469,2.5071659088134766,43.26188659667969,CCC(C)=O,mol_4cfc5db0ca2ab00b,0.05,0.058,0.053241509944200516,1.311640739440918,82.23838806152344,CCO,mol_f29e20f49d416e54,0.642,0.651,0.6169740557670593,1.2810947895050049,75.9905776977539
state_f000bf86d3cabde271aee2f8,2c_e06683c33855ee8d702b,2,binary_vle_english.xlsx,10.1016/j.fluid.2012.12.020,unverified,0.5,isobaric,0.9565217391304348,isobaric,357.15999999999997,357.9723205566406,,,-9.918212890625e-05,True,False,48,CC(C)O,mol_db030b5de88f8eaf,0.9052,0.9775,0.9741376638412476,0.9996378421783447,108.73112487792969,CCCCO,mol_ad4ef9c6c876ca2f,0.0948,0.022499999999999964,0.02586233988404274,1.0066657066345215,27.371273040771484,,,,,,,
state_f0351b9534f2befe46fbc32a,2c_46777e532a11b24ee585,2,binary_vle_english.xlsx,10.1016/j.fluid.2012.12.020,unverified,0.5,isobaric,0.9629629629629629,isobaric,357.45,358.47869873046875,,,0.0,True,False,48,CC(C)O,mol_db030b5de88f8eaf,0.9032,0.9895,0.989788293838501,0.998531699180603,110.84542083740234,CCCCCO,mol_243de2450bee5519,0.0968,0.010499999999999954,0.010211680084466934,0.9647314548492432,11.044260025024414,,,,,,,
state_f0fcec48ffc252bdccb80394,2c_b11dff0fda4f01349610,2,binary_vle_english.xlsx,10.1016/j.jct.2015.03.013,unverified,0.5,isobaric,0.8888888888888888,isobaric,367.7,368.2932434082031,,,-6.866455078125e-05,True,False,48,COCCO,mol_d291b272a64498d9,0.41669999999999996,0.25439999999999996,0.21791806817054749,1.0418455600738525,37.395755767822266,O,mol_e81dc06beaa39499,0.5833,0.7456,0.7820819616317749,1.1563078165054321,86.38587188720703,,,,,,,
state_f2b9d0a0f8bf9556de86925d,3c_2254869a6d8c8579192d,3,ternary_vle_english.xlsx,10.1016/j.fluid.2015.01.005,unverified,0.5,isobaric,0.9545454545454546,isobaric,360.78,360.6709289550781,,,6.866455078125e-05,True,False,48,CN1CCCC1=O,mol_f50e4145cb9a22d5,0.20140000000000002,0.0021999999999999797,0.004559985361993313,1.0083916187286377,2.27449107170105,c1ccccc1,mol_7165dcf6be1f831d,0.6337,0.822,0.8193890452384949,1.0209649801254272,128.29360961914062,c1ccsc1,mol_7953343be0b435d5,0.1649,0.1758,0.17605093121528625,1.0344352722167969,104.54994201660156
state_f2ecf912f519f4bce72823ff,2c_c7052cf3bd6baff652ca,2,binary_vle_english.xlsx,10.1016/j.fluid.2014.04.025,unverified,0.5,isobaric,0.9285714285714286,isobaric,403.30999999999995,400.92864990234375,,,-4.57763671875e-05,True,False,48,COCCO,mol_d291b272a64498d9,0.8554,0.9831,0.9908479452133179,0.9514901041984558,123.32254028320312,CS(C)=O,mol_7d3e12eaed0f467c,0.14459999999999995,0.016900000000000026,0.009152035228908062,0.40831947326660156,15.702117919921875,,,,,,,
state_f2fc52641ed27d9f68931345,2c_7c57a80413db66443080,2,binary_vle_english.xlsx,10.1016/j.jct.2010.05.014,unverified,0.5,isobaric,0.9615384615384616,isobaric,395.75,397.1911315917969,,,1.1444091796875e-05,True,False,48,CCC(=O)O,mol_86c4db256d6270c6,0.236,0.18200000000000005,0.19260314106941223,0.7392860651016235,58.839134216308594,CCCCCO,mol_243de2450bee5519,0.764,0.818,0.8073968291282654,0.9966364502906799,56.51768112182617,,,,,,,
state_f33c3701a4cb2d059bcf1105,2c_f25584e0c98fb6639876,2,binary_vle_english.xlsx,10.1016/j.jct.2019.05.005,unverified,0.5,isobaric,0.9090909090909091,isobaric,338.46999999999997,339.423828125,,,3.0517578125e-05,True,False,48,CO,mol_a85d32e4db2ff39c,0.914,0.958,0.9649636745452881,1.0024079084396362,106.69144439697266,O,mol_e81dc06beaa39499,0.08599999999999997,0.04200000000000004,0.03503634035587311,1.5103919506072998,27.323726654052734,,,,,,,
state_f40f0b73edeb76d93b23ca1a,2c_3ee312d94970782dd931,2,binary_vle_english.xlsx,10.1016/j.jct.2019.02.006,unverified,0.5,isobaric,0.9230769230769231,isobaric,355.40999999999997,354.1232604980469,,,0.00167083740234375,True,False,48,C1CCCCC1,mol_893981623557f359,0.8746,0.9321,0.9264541864395142,1.0021718740463257,107.07511901855469,CCCCCCC,mol_fddb2c852c313396,0.12539999999999996,0.06789999999999996,0.07354581356048584,1.0299590826034546,57.68418884277344,,,,,,,
state_f48e57c9ea54a413d5860f6a,2c_94ed5d0a73a3c26e5ef5,2,binary_vle_english.xlsx,10.1016/j.fluid.2011.06.009,unverified,0.5,isobaric,0.9411764705882353,isobaric,315.19,314.00927734375,,,-7.62939453125e-06,True,False,48,CCO,mol_f29e20f49d416e54,0.841,0.854,0.8659241199493408,1.022175908088684,19.853824615478516,O,mol_e81dc06beaa39499,0.15900000000000003,0.14600000000000002,0.1340758353471756,1.9964392185211182,8.324981689453125,,,,,,,
state_f52e320a9d3c3569325c4682,2c_50cae961bcfb98dfb10a,2,binary_vle_english.xlsx,10.1016/j.fluid.2013.05.019,passed,1.0,full_state,0.5714285714285714,isobaric,346.27,335.2259826660156,,,0.0002593994140625,True,False,48,CC(C)=C(C)C,mol_ac85c03b48dc0205,0.999855,0.999932,0.9998927712440491,1.0,101.33415222167969,c1ccsc1,mol_7953343be0b435d5,0.000145,6.8e-05,0.00010719654528656974,1.6445242166519165,45.55247116088867,,,,,,,
state_f5deafe182b3f3bcc94d541a,2c_6bea4d4b457d21637176,2,binary_vle_english.xlsx,10.1016/j.fluid.2006.07.003,unverified,0.5,isobaric,0.9545454545454546,isobaric,369.75,370.55535888671875,,,0.00020599365234375,True,False,48,CCCCCO,mol_243de2450bee5519,0.0,0.0,0.0,1.107755184173584,19.064651489257812,CCCO,mol_5fb2f93dc8caa9dc,1.0,1.0,1.0,1.0,101.30014038085938,,,,,,,
state_f63ea865a6f0b669268ec662,3c_5af2e9ac27e2698a2927,3,ternary_vle_english.xlsx,10.1016/j.fluid.2008.06.006,unverified,0.5,isobaric,0.9555555555555556,isobaric,324.76,323.4881896972656,,,-2.288818359375e-05,True,False,48,C1CCCCC1,mol_893981623557f359,0.09700000000000009,0.123,0.09345973283052444,2.288228750228882,39.580482482910156,CC(C)=O,mol_e04cf77cea7bbe66,0.825,0.797,0.8209031820297241,1.03899347782135,90.02288055419922,CC(C)OC(C)C,mol_1a0ca8e5eeb68da8,0.078,0.08,0.085637167096138,1.8376080989837646,56.161991119384766
state_f68bfbfa6d68ec2aead509b7,2c_70d91a5b69e7fd494bfd,2,binary_vle_english.xlsx,10.1016/j.jct.2004.09.009,unverified,0.5,isobaric,0.9696969696969697,isobaric,352.25,352.6886901855469,,,0.00096893310546875,True,False,48,CC(C)O,mol_db030b5de88f8eaf,0.6854,0.6622,0.659159779548645,1.0990238189697266,88.64470672607422,COC(=O)OC,mol_0ec85594f0f896ea,0.3146,0.3378,0.3408401608467102,1.49494469165802,73.41423034667969,,,,,,,
state_f6c57195ffd43846b4f13daa,2c_7c57a80413db66443080,2,binary_vle_english.xlsx,10.1016/j.jct.2010.05.014,unverified,0.5,isobaric,0.9615384615384616,isobaric,395.45,395.904541015625,,,0.0008697509765625,True,False,48,CCC(=O)O,mol_86c4db256d6270c6,0.908,0.928,0.947045087814331,0.990186870098114,56.14383316040039,CCCCCO,mol_243de2450bee5519,0.092,0.072,0.052954912185668945,0.570171594619751,53.80805206298828,,,,,,,
state_f711e5c561a6da9483059585,2c_132d59f7f663b60d969d,2,binary_vle_english.xlsx,10.1016/j.fluid.2006.02.002,unverified,0.5,isobaric,0.9545454545454546,isobaric,400.75,397.38580322265625,,,-6.866455078125e-05,True,False,48,CC(=O)O,mol_9ac385b135af0125,0.8661,0.9931,0.9992966651916504,0.8796066641807556,132.91558837890625,CN1CCCC1=O,mol_f50e4145cb9a22d5,0.13390000000000002,0.006900000000000017,0.0007033016299828887,0.053769126534461975,9.89842414855957,,,,,,,
state_f76e7053ebadc0c0a111d355,3c_2cb16216a8c609b7ad27,3,ternary_vle_english.xlsx,10.1016/j.fluid.2005.09.015,unverified,0.5,isobaric,0.9767441860465116,isobaric,381.94,381.9378967285156,,,-3.814697265625e-05,True,False,48,CC(=O)OCC(C)C,mol_e7eb29ad965cc8ee,0.353,0.314,0.31172874569892883,1.1258304119110107,79.4581069946289,CC(C)CO,mol_015d21fca05fcd26,0.601,0.669,0.6735666990280151,1.0686993598937988,106.23303985595703,CCCCOC(=O)CC,mol_a9c167bbb331e76a,0.04600000000000004,0.016999999999999904,0.014704588800668716,1.1441526412963867,28.302194595336914
state_f875656dad58fe3ed7f92dd2,3c_5af2e9ac27e2698a2927,3,ternary_vle_english.xlsx,10.1016/j.fluid.2008.06.006,unverified,0.5,isobaric,0.9772727272727273,isobaric,324.59999999999997,323.4896545410156,,,0.0,True,False,48,C1CCCCC1,mol_893981623557f359,0.09299999999999997,0.18300000000000005,0.07692870497703552,1.964397668838501,39.58256149291992,CC(C)=O,mol_e04cf77cea7bbe66,0.71,0.725,0.7454052567481995,1.096197247505188,90.02709197998047,CC(C)OC(C)C,mol_1a0ca8e5eeb68da8,0.197,0.092,0.1776660829782486,1.5093965530395508,56.16461181640625
state_f8ad1950e607a9c13813e6ac,2c_35cc53cd52979773cfcb,2,binary_vle_english.xlsx,10.1016/j.fluid.2015.08.014,unverified,0.5,isobaric,0.9473684210526315,isobaric,344.92999999999995,346.6772155761719,,,0.00148773193359375,True,False,48,CO,mol_a85d32e4db2ff39c,0.797,0.999,0.9976891279220581,0.9067624807357788,139.84886169433594,CS(C)=O,mol_7d3e12eaed0f467c,0.20299999999999996,0.0010000000000000009,0.002310827374458313,0.6307584047317505,1.828201174736023,,,,,,,
state_f969f78324cde4dd02b7474d,2c_f0a592d91b289fcd0778,2,binary_vle_english.xlsx,10.1016/j.fluid.2005.01.007,unverified,0.5,isobaric,0.9545454545454546,isobaric,328.79999999999995,327.0653381347656,,,-1.52587890625e-05,True,False,48,CC(C)=O,mol_e04cf77cea7bbe66,0.947,0.938,0.9469809532165527,1.0064826011657715,100.66529846191406,CC(C)CC(C)(C)C,mol_57615b5c3546c298,0.05300000000000005,0.062000000000000055,0.05301905423402786,4.312154769897461,23.50480079650879,,,,,,,
state_f997156e36fb603a63fabc26,2c_f4a55bc5fa0e7d69faf8,2,binary_vle_english.xlsx,10.1016/j.fluid.2012.12.021,unverified,0.5,isobaric,0.9545454545454546,isobaric,339.33,337.6344299316406,,,4.9591064453125e-05,True,False,48,C1CCOCC1,mol_626f3d1f5bbb6f55,1.0,1.0,1.0,1.0,50.00007247924805,CCC(C)O,mol_06affb0d2c6c8ff2,0.0,0.0,0.0,1.3404890298843384,22.61154556274414,,,,,,,
state_f9f7c090acb81b46c1421d53,2c_ca2ff513d4ae36f2f8e1,2,binary_vle_english.xlsx,10.1016/j.jct.2017.06.014,unverified,0.5,isobaric,0.9545454545454546,isobaric,360.71999999999997,361.9716491699219,,,0.00122833251953125,True,False,48,CCCO,mol_5fb2f93dc8caa9dc,0.433,0.434,0.42341500520706177,1.3688929080963135,72.36412048339844,O,mol_e81dc06beaa39499,0.567,0.5660000000000001,0.5765849947929382,1.510420799255371,68.20195007324219,,,,,,,
state_fa3e6253e249c2f660564128,2c_94ed5d0a73a3c26e5ef5,2,binary_vle_english.xlsx,10.1016/j.fluid.2011.06.009,unverified,0.5,isobaric,0.9411764705882353,isobaric,315.15999999999997,313.8520202636719,,,1.9073486328125e-05,True,False,48,CCO,mol_f29e20f49d416e54,0.913,0.915,0.9188864827156067,1.0067931413650513,19.703227996826172,O,mol_e81dc06beaa39499,0.08699999999999997,0.08499999999999996,0.08111356198787689,2.225008726119995,8.25903034210205,,,,,,,
state_fc6d735038b5b665b3066805,2c_7c57a80413db66443080,2,binary_vle_english.xlsx,10.1016/j.jct.2010.05.014,unverified,0.5,isobaric,0.9615384615384616,isobaric,395.59999999999997,396.1756286621094,,,0.00115203857421875,True,False,48,CCC(=O)O,mol_86c4db256d6270c6,0.8899,0.9097999999999999,0.9336139559745789,0.9861857295036316,56.70275115966797,CCCCCO,mol_243de2450bee5519,0.1101,0.0902,0.06638598442077637,0.5911137461662292,54.369422912597656,,,,,,,
state_fd4490dc29553a993d0ab917,2c_f84a6616de8e67ab84b6,2,binary_vle_english.xlsx,10.1016/j.fluid.2005.06.019,unverified,0.5,isobaric,0.96,isobaric,384.29999999999995,384.4639892578125,,,0.00017547607421875,True,False,48,CC(C)CO,mol_015d21fca05fcd26,0.847,0.975,0.9726005792617798,0.9970472455024719,116.66626739501953,CCCCCCO,mol_eb71ecc709e3f0dc,0.15300000000000002,0.025000000000000022,0.0273994542658329,0.9183365106582642,19.754159927368164,,,,,,,
state_fda9ff8f526b87e07ec14819,3c_2d8df0569d9d03284715,3,ternary_vle_english.xlsx,10.1016/j.fluid.2007.06.005,unverified,0.5,isobaric,0.9807692307692307,isobaric,344.21,344.52740478515625,,,-3.0517578125e-05,True,False,48,CC(C)CC(C)(C)C,mol_57615b5c3546c298,0.41100000000000003,0.2879999999999999,0.31530970335006714,1.7905409336090088,43.403053283691406,CCC(C)=O,mol_4cfc5db0ca2ab00b,0.159,0.167,0.15902331471443176,1.2281495332717896,82.49383544921875,CCO,mol_f29e20f49d416e54,0.43,0.545,0.5256670117378235,1.6232504844665527,76.28966522216797
state_fe9e4cfc720fab0168f6c40f,2c_f4a55bc5fa0e7d69faf8,2,binary_vle_english.xlsx,10.1016/j.fluid.2012.12.021,unverified,0.5,isobaric,0.9545454545454546,isobaric,340.38,339.258056640625,,,7.62939453125e-05,True,False,48,C1CCOCC1,mol_626f3d1f5bbb6f55,0.863,0.913,0.9188632369041443,1.0069745779037476,52.86794662475586,CCC(C)O,mol_06affb0d2c6c8ff2,0.137,0.087,0.0811367928981781,1.2146974802017212,24.378108978271484,,,,,,,
state_ff0ef4772bb95a031e5448e5,2c_f25584e0c98fb6639876,2,binary_vle_english.xlsx,10.1016/j.jct.2019.01.004,unverified,0.5,isobaric,0.9166666666666666,isobaric,339.41999999999996,339.7141418457031,,,9.918212890625e-05,True,False,48,CO,mol_a85d32e4db2ff39c,0.896,0.954,0.957552433013916,1.003538966178894,107.87725830078125,O,mol_e81dc06beaa39499,0.10399999999999998,0.04600000000000004,0.04244757443666458,1.4943056106567383,27.668758392333984,,,,,,,
state_ff352c230c76d6ab76cc1bd5,2c_b11dff0fda4f01349610,2,binary_vle_english.xlsx,10.1016/j.jct.2015.03.013,unverified,0.5,isobaric,0.8888888888888888,isobaric,365.0,364.4194641113281,,,3.814697265625e-05,True,False,48,COCCO,mol_d291b272a64498d9,0.053200000000000025,0.04310000000000003,0.04375924915075302,1.9149925708770752,31.999832153320312,O,mol_e81dc06beaa39499,0.9468,0.9569,0.9562407732009888,1.0057729482650757,74.81102752685547,,,,,,,
state_ff4a510dd16861d59352bb5b,2c_82cfa7a14fa3ab1984f1,2,binary_vle_english.xlsx,10.1016/j.fluid.2014.06.025,unverified,0.5,isobaric,0.9,isobaric,349.79999999999995,351.4024658203125,,,7.62939453125e-06,True,False,48,CC#N,mol_7028b7cbd3d829b4,0.7024,0.6888,0.6917929649353027,1.154005765914917,87.47972106933594,O,mol_e81dc06beaa39499,0.2976,0.31120000000000003,0.30820706486701965,2.3550572395324707,45.074607849121094,,,,,,,
state_ff7732847a21658a7217b99c,3c_f6a2de3ac0acbac84e4f,3,ternary_vle_english.xlsx,10.1016/j.fluid.2005.01.007,unverified,0.5,isobaric,0.9818181818181818,isobaric,329.28999999999996,328.3962707519531,,,-5.340576171875e-05,True,False,48,CC(C)=O,mol_e04cf77cea7bbe66,0.794,0.834,0.8616376519203186,1.0482096672058105,104.87329864501953,CC(C)CC(C)(C)C,mol_57615b5c3546c298,0.15699999999999992,0.127,0.10185368359088898,2.662137746810913,24.68627166748047,CCO,mol_f29e20f49d416e54,0.049,0.039,0.03650866821408272,1.9535373449325562,38.63555145263672
state_ffdcc1c738d47f6cf0143839,3c_e0e1cd9a389a64136bfe,3,ternary_vle_english.xlsx,10.1016/j.fluid.2013.10.060,unverified,0.5,isobaric,0.9736842105263158,isobaric,332.29999999999995,333.38427734375,,,4.57763671875e-05,True,False,48,C1CCOCC1,mol_626f3d1f5bbb6f55,0.119,0.06000000000000005,0.06378719210624695,1.1691381931304932,43.09716796875,CCCCCC,mol_c55e04e90e298cf6,0.295,0.566,0.5376347899436951,2.1978578567504883,77.94599151611328,CCO,mol_f29e20f49d416e54,0.586,0.374,0.398578017950058,1.3314847946166992,48.01838302612305
