sample_id,system_id,component_count,source,doi,quality_status,quality_weight,experiment_mode,experiment_mode_confidence,direction,target_temperature_k,predicted_temperature_k,target_pressure_kpa,predicted_pressure_kpa,pressure_residual_kpa,converged,nonphysical,iterations,component_smiles_1,component_id_1,x_1,y_true_1,y_pred_1,gamma_pred_1,psat_pred_kpa_1,component_smiles_2,component_id_2,x_2,y_true_2,y_pred_2,gamma_pred_2,psat_pred_kpa_2,component_smiles_3,component_id_3,x_3,y_true_3,y_pred_3,gamma_pred_3,psat_pred_kpa_3
state_0125fd17136e647479514462,2c_9478a219a5c540597926,2,binary_vle_english.xlsx,10.1016/j.fluid.2009.01.016,unverified,0.5,isothermal,0.9444444444444444,isothermal,,,78.950039948032,78.12100219726562,-7.62939453125e-06,True,False,48,CC(=O)C(C)(C)C,mol_61a887e37d396488,0.3435,0.09160000000000001,0.08603575825691223,1.1128549575805664,17.582534790039062,COC(C)(C)C,mol_b614d6fea320c179,0.6565,0.9084,0.9139642119407654,1.0184226036071777,106.7908935546875,,,,,,,
state_012a3e290d7763121d0402eb,2c_a4e8a38f7f4879124614,2,binary_vle_english.xlsx,10.1016/j.fluid.2012.05.016,unverified,0.5,isothermal,0.9333333333333333,isothermal,,,15.109957254912,15.913898468017578,0.0,True,False,48,CCCO,mol_5fb2f93dc8caa9dc,0.9593,0.773,0.7989380955696106,1.0012320280075073,13.237334251403809,CCOC(C)=O,mol_18876b584acc43d4,0.0407,0.227,0.2010619044303894,2.09122371673584,37.593387603759766,,,,,,,
state_02917673c35da5bf1d44edec,2c_1490252da7453cbbebe4,2,binary_vle_english.xlsx,10.1016/j.fluid.2007.10.016,unverified,0.5,isothermal,0.9615384615384616,isothermal,,,46.570036431872,45.650413513183594,-3.814697265625e-06,True,False,48,CC(C)CC(C)(C)C,mol_57615b5c3546c298,0.38560000000000005,0.4256,0.40873441100120544,1.8826158046722412,25.703197479248047,CC(C)O,mol_db030b5de88f8eaf,0.6144,0.5744,0.5912655591964722,1.2401988506317139,35.422950744628906,,,,,,,
state_02d84cdcdb8dc59c0d326071,2c_a160651817afdffd3182,2,binary_vle_english.xlsx,10.1016/j.fluid.2005.05.024,unverified,0.5,isothermal,0.96,isothermal,,,19.270015103616,18.807552337646484,0.0,True,False,48,CC(=O)CC(C)C,mol_0a895444a9f0f36b,1.0,1.0,1.0,1.0,18.807552337646484,CC(C)O,mol_db030b5de88f8eaf,0.0,0.0,0.0,1.67868971824646,54.3102912902832,,,,,,,
state_0301d06888906f591fd2eedc,2c_c6a565ee5191fe2b2cdb,2,binary_vle_english.xlsx,10.1016/j.fluid.2015.10.041,passed,1.0,isothermal,0.9375,isothermal,,,60.800066057984,52.382476806640625,-3.814697265625e-06,True,False,48,CCO,mol_f29e20f49d416e54,0.03600000000000003,0.18899999999999995,0.1186370998620987,2.4075164794921875,71.70257568359375,CCSCC,mol_a7491cfbf016fee6,0.964,0.811,0.8813629150390625,1.0014337301254272,47.823516845703125,,,,,,,
state_0303054eeae31a8b596eb220,2c_1490252da7453cbbebe4,2,binary_vle_english.xlsx,10.1016/j.fluid.2007.10.016,unverified,0.5,isothermal,0.9615384615384616,isothermal,,,25.470038505088,25.703197479248047,0.0,True,False,48,CC(C)CC(C)(C)C,mol_57615b5c3546c298,1.0,1.0,1.0,1.0,25.703197479248047,CC(C)O,mol_db030b5de88f8eaf,0.0,0.0,0.0,6.354132652282715,35.422950744628906,,,,,,,
state_0349fe86df1e31c7ff0a2a55,2c_a4e8a38f7f4879124614,2,binary_vle_english.xlsx,10.1016/j.fluid.2012.05.016,unverified,0.5,isothermal,0.9375,isothermal,,,66.87996600588801,68.15799713134766,-7.62939453125e-06,True,False,48,CCCO,mol_5fb2f93dc8caa9dc,0.7481,0.4849,0.48348668217658997,1.058539867401123,41.61351776123047,CCOC(C)=O,mol_18876b584acc43d4,0.2519,0.5151,0.5165134072303772,1.5092321634292603,92.60067749023438,,,,,,,
state_03741c12447ff8011b244e53,2c_8b8dfc345b3e095c6955,2,binary_vle_english.xlsx,10.1016/j.jct.2012.10.003,unverified,0.5,isothermal,0.9,isothermal,,,108.300026006656,124.93803405761719,0.0,True,False,48,CC(C)C,mol_cd0696a421ed56d8,1.0,1.0,1.0,1.0,124.93803405761719,FC(F)(F)I,mol_b415a9b082dbafac,0.0,0.0,0.0,3.947701930999756,183.64984130859375,,,,,,,
state_03b01a1e1a6d94c98bc5d4f3,2c_a160651817afdffd3182,2,binary_vle_english.xlsx,10.1016/j.fluid.2005.05.024,unverified,0.5,isothermal,0.9583333333333334,isothermal,,,22.739996375552,22.105113983154297,0.0,True,False,48,CC(=O)CC(C)C,mol_0a895444a9f0f36b,0.734,0.4305,0.43318885564804077,1.0390820503234863,12.555214881896973,CC(C)O,mol_db030b5de88f8eaf,0.266,0.5695,0.566811203956604,1.329733967781067,35.422950744628906,,,,,,,
state_042210ec6176a0e90c445457,2c_913ec9aa8f318623c900,2,binary_vle_english.xlsx,10.1016/j.fluid.2014.02.023,unverified,0.5,isothermal,0.9285714285714286,isothermal,,,40.9399661536,19.461772918701172,-1.9073486328125e-06,True,False,48,C1CCCCC1,mol_893981623557f359,0.2526,0.9851,0.9695578217506409,1.423172950744629,52.48860549926758,Nc1ccccc1,mol_8d11fd6c0d4e62a7,0.7474000000000001,0.014900000000000024,0.030442213639616966,1.0298762321472168,0.7696981430053711,,,,,,,
state_04f80609ffe422e4f750c900,2c_451f166b8507b1dda896,2,binary_vle_english.xlsx,10.1016/j.fluid.2010.11.026,passed,1.0,isothermal,0.9166666666666666,isothermal,,,95.99997097971199,95.64443969726562,-7.62939453125e-06,True,False,48,CCCOC(C)=O,mol_67043ae833ecd0c7,0.0,0.0,0.0,1.0964120626449585,70.64845275878906,CCSCC,mol_a7491cfbf016fee6,1.0,1.0,1.0,1.0,95.6444320678711,,,,,,,
state_05cba548defac8e0c766aee1,2c_6aab25a5edecf15e2cbf,2,binary_vle_english.xlsx,10.1016/j.fluid.2012.05.016,unverified,0.5,isothermal,0.9333333333333333,isothermal,,,83.900032827136,83.31851196289062,0.0,True,False,48,CCCO,mol_5fb2f93dc8caa9dc,0.10440000000000005,0.05379999999999996,0.05809441953897476,1.1141431331634521,41.61351776123047,CCO,mol_f29e20f49d416e54,0.8956,0.9462,0.9419056177139282,1.001062273979187,87.53337860107422,,,,,,,
state_05f6064a038636c4d6c20b59,2c_6aab25a5edecf15e2cbf,2,binary_vle_english.xlsx,10.1016/j.fluid.2012.05.016,unverified,0.5,isothermal,0.9333333333333333,isothermal,,,87.080037948672,85.98184204101562,0.0,True,False,48,CCCO,mol_5fb2f93dc8caa9dc,0.03869999999999996,0.01970000000000005,0.021216338500380516,1.1327440738677979,41.61351776123047,CCO,mol_f29e20f49d416e54,0.9613,0.9803,0.9787836670875549,1.0001400709152222,87.53337860107422,,,,,,,
state_06e705724de98f6ff545ec8b,2c_ae99b15d6b25c7962c21,2,binary_vle_english.xlsx,10.1016/j.fluid.2005.05.003,unverified,0.5,isothermal,0.9166666666666666,isothermal,,,7.52004816704,7.514577865600586,-4.76837158203125e-07,True,False,48,NC1CCCCC1,mol_3cb1d9728851c877,1.0,1.0,1.0,1.0,7.514577388763428,O,mol_e81dc06beaa39499,0.0,0.0,0.0,1.3101718425750732,20.87018394470215,,,,,,,
state_0725f1fc0544212330f00734,2c_a4e8a38f7f4879124614,2,binary_vle_english.xlsx,10.1016/j.fluid.2012.05.016,unverified,0.5,isothermal,0.9375,isothermal,,,93.500043257344,92.12080383300781,-7.62939453125e-06,True,False,48,CCCO,mol_5fb2f93dc8caa9dc,0.06720000000000004,0.05389999999999995,0.05852433294057846,1.9279265403747559,41.61351776123047,CCOC(C)=O,mol_18876b584acc43d4,0.9328,0.9461,0.9414756298065186,1.0040701627731323,92.60067749023438,,,,,,,
state_078fd95a408c6ffa8489e5b0,2c_a160651817afdffd3182,2,binary_vle_english.xlsx,10.1016/j.fluid.2005.05.024,unverified,0.5,isothermal,0.96,isothermal,,,50.289997143808,49.799407958984375,0.0,True,False,48,CC(=O)CC(C)C,mol_0a895444a9f0f36b,0.15290000000000004,0.09519999999999995,0.08827412873506546,1.5286844968795776,18.807552337646484,CC(C)O,mol_db030b5de88f8eaf,0.8471,0.9048,0.9117258787155151,0.9868965744972229,54.3102912902832,,,,,,,
state_084bce56248f449c889c3de2,2c_68be6b27ffcb3843add8,2,binary_vle_english.xlsx,10.1016/j.fluid.2010.09.023,unverified,0.5,isothermal,0.875,isothermal,,,447.30001102156797,468.9117431640625,0.0,True,False,48,CCC#N,mol_abe9c8e175e3ffb6,0.24660000000000004,0.03290000000000004,0.026240888983011246,2.9446463584899902,16.945072174072266,CCCC,mol_fadb5806094149e6,0.7534,0.9671,0.973759114742279,1.1832976341247559,512.1804809570312,,,,,,,
state_08556b48fb82e2b8253ce589,2c_8b8dfc345b3e095c6955,2,binary_vle_english.xlsx,10.1016/j.jct.2012.10.003,unverified,0.5,isothermal,0.9,isothermal,,,156.900028813696,177.40838623046875,1.52587890625e-05,True,False,48,CC(C)C,mol_cd0696a421ed56d8,1.0,1.0,1.0,1.0,177.4084014892578,FC(F)(F)I,mol_b415a9b082dbafac,0.0,0.0,0.0,4.3770222663879395,255.8791961669922,,,,,,,
state_08623a1352ded4ca610c4b21,2c_a160651817afdffd3182,2,binary_vle_english.xlsx,10.1016/j.fluid.2005.05.024,unverified,0.5,isothermal,0.96,isothermal,,,24.85995534912,23.946006774902344,-1.9073486328125e-06,True,False,48,CC(=O)CC(C)C,mol_0a895444a9f0f36b,0.923,0.7202999999999999,0.7268321514129639,1.0026127099990845,18.807552337646484,CC(C)O,mol_db030b5de88f8eaf,0.077,0.2797,0.2731678783893585,1.564191222190857,54.3102912902832,,,,,,,
state_08d8820dfac15d85896e47c7,2c_1490252da7453cbbebe4,2,binary_vle_english.xlsx,10.1016/j.jct.2011.09.007,unverified,0.5,isothermal,0.9444444444444444,isothermal,,,54.950013872511995,55.867225646972656,0.0,True,False,48,CC(C)CC(C)(C)C,mol_57615b5c3546c298,0.014000000000000012,0.05020000000000002,0.04122395068407059,4.559683799743652,36.078121185302734,CC(C)O,mol_db030b5de88f8eaf,0.986,0.9498,0.95877605676651,1.00026535987854,54.3102912902832,,,,,,,
state_08fbcbdabd52277b10af8dc5,2c_a4e8a38f7f4879124614,2,binary_vle_english.xlsx,10.1016/j.fluid.2012.05.016,unverified,0.5,isothermal,0.9333333333333333,isothermal,,,37.729963499263995,37.420684814453125,0.0,True,False,48,CCCO,mol_5fb2f93dc8caa9dc,0.02310000000000001,0.01739999999999997,0.018079563975334167,2.212519884109497,13.237334251403809,CCOC(C)=O,mol_18876b584acc43d4,0.9769,0.9826,0.9819204807281494,1.0005216598510742,37.593387603759766,,,,,,,
state_09de44fc920fcd6ee7963bb6,2c_6aab25a5edecf15e2cbf,2,binary_vle_english.xlsx,10.1016/j.fluid.2015.04.009,unverified,0.5,isothermal,0.8333333333333334,isothermal,,,416.600002664576,449.5150146484375,0.0,True,False,48,CCCO,mol_5fb2f93dc8caa9dc,0.571,0.4256,0.42350345849990845,1.061324119567871,314.1355285644531,CCO,mol_f29e20f49d416e54,0.429,0.5744,0.5764964818954468,1.072406530380249,563.27978515625,,,,,,,
state_0a12c7738fd260bb05f6503d,2c_8b8dfc345b3e095c6955,2,binary_vle_english.xlsx,10.1016/j.jct.2012.10.003,unverified,0.5,isothermal,0.9,isothermal,,,140.299927451648,227.27212524414062,0.0,True,False,48,CC(C)C,mol_cd0696a421ed56d8,0.5680000000000001,0.47,0.41643545031547546,1.3336776494979858,124.93803405761719,FC(F)(F)I,mol_b415a9b082dbafac,0.432,0.53,0.5835645198822021,1.6717091798782349,183.64984130859375,,,,,,,
state_0a65885374d59b2e44d8640b,2c_913ec9aa8f318623c900,2,binary_vle_english.xlsx,10.1016/j.fluid.2014.02.023,unverified,0.5,isothermal,0.9285714285714286,isothermal,,,46.079943407104,36.95545959472656,-3.814697265625e-06,True,False,48,C1CCCCC1,mol_893981623557f359,0.6023,0.9901,0.9899236559867859,1.1571838855743408,52.48860549926758,Nc1ccccc1,mol_8d11fd6c0d4e62a7,0.39770000000000005,0.00990000000000002,0.010076362639665604,1.21648371219635,0.7696981430053711,,,,,,,
state_0a796c514d9dbcae8457d594,2c_8b8dfc345b3e095c6955,2,binary_vle_english.xlsx,10.1016/j.jct.2012.10.003,unverified,0.5,isothermal,0.9,isothermal,,,224.19996027878398,313.3643798828125,0.0,True,False,48,CC(C)C,mol_cd0696a421ed56d8,0.139,0.121,0.2711904048919678,3.4461562633514404,177.4084014892578,FC(F)(F)I,mol_b415a9b082dbafac,0.861,0.879,0.7288095355033875,1.0366342067718506,255.8791961669922,,,,,,,
state_0a9121cba99357ac5ae7ddc5,2c_1490252da7453cbbebe4,2,binary_vle_english.xlsx,10.1016/j.fluid.2007.10.016,unverified,0.5,isothermal,0.9615384615384616,isothermal,,,46.630031497472004,45.669288635253906,0.0,True,False,48,CC(C)CC(C)(C)C,mol_57615b5c3546c298,0.43010000000000004,0.4357,0.4212988615036011,1.7404356002807617,25.703197479248047,CC(C)O,mol_db030b5de88f8eaf,0.5699,0.5643,0.5787011384963989,1.309167504310608,35.422950744628906,,,,,,,
state_0c3f35625b40d88e7c00c30b,2c_3e7cc7d2a95d27d26296,2,binary_vle_english.xlsx,10.1016/j.fluid.2016.12.025,unverified,0.5,isothermal,0.95,isothermal,,,12.500038578943999,13.226003646850586,-9.5367431640625e-07,True,False,48,CCCCCCO,mol_eb71ecc709e3f0dc,0.10060000000000002,0.017900000000000027,0.03641737252473831,1.525793194770813,3.137932538986206,CCCCO,mol_ad4ef9c6c876ca2f,0.8994,0.9821,0.9635826349258423,1.004488229751587,14.106517791748047,,,,,,,
state_0c65d6e9fec526077504889e,2c_1490252da7453cbbebe4,2,binary_vle_english.xlsx,10.1016/j.jct.2011.09.007,unverified,0.5,isothermal,0.9444444444444444,isothermal,,,69.520015537024,68.28471374511719,0.0,True,False,48,CC(C)CC(C)(C)C,mol_57615b5c3546c298,0.30510000000000004,0.37760000000000005,0.3615743815898895,2.2430295944213867,36.078121185302734,CC(C)O,mol_db030b5de88f8eaf,0.6949,0.6224,0.6384257078170776,1.1551260948181152,54.3102912902832,,,,,,,
state_0c87ad7af0a72c6ab571b1d0,2c_6aab25a5edecf15e2cbf,2,binary_vle_english.xlsx,10.1016/j.fluid.2012.05.016,unverified,0.5,isothermal,0.9166666666666666,isothermal,,,16.83994830208,17.015365600585938,0.0,True,False,48,CCCO,mol_5fb2f93dc8caa9dc,0.7354,0.5345,0.5745958089828491,1.004337191581726,13.237334251403809,CCO,mol_f29e20f49d416e54,0.2646,0.4655,0.42540422081947327,0.8974859118461609,30.480745315551758,,,,,,,
state_0d360182c0d1f247bfb681be,2c_913ec9aa8f318623c900,2,binary_vle_english.xlsx,10.1016/j.fluid.2014.02.023,unverified,0.5,isothermal,0.8888888888888888,isothermal,,,89.47997389503999,84.64363098144531,-7.62939453125e-06,True,False,48,C1CCCCC1,mol_893981623557f359,0.7991,0.9877,0.9921061992645264,1.0488030910491943,100.19760131835938,Nc1ccccc1,mol_8d11fd6c0d4e62a7,0.20089999999999997,0.012299999999999978,0.007893756031990051,1.5726464986801147,2.114788293838501,,,,,,,
state_0d4b676a05fb007d5ba52d99,2c_d838404dbd73f8b15395,2,binary_vle_english.xlsx,10.1016/j.fluid.2010.02.030,passed,1.0,isothermal,0.9230769230769231,isothermal,,,98.600023800448,100.72236633300781,-7.62939453125e-06,True,False,48,Cc1ccccc1,mol_1c09299644053521,0.887,0.898,0.8914758563041687,1.001855731010437,101.04309844970703,Cc1ccsc1,mol_0a78d16c028484e1,0.113,0.102,0.1085241436958313,1.0603240728378296,91.22948455810547,,,,,,,
state_0dfc431e6867b7c6f544192f,2c_a4e8a38f7f4879124614,2,binary_vle_english.xlsx,10.1016/j.fluid.2012.05.016,unverified,0.5,isothermal,0.9333333333333333,isothermal,,,36.239952714496,36.11074447631836,0.0,True,False,48,CCCO,mol_5fb2f93dc8caa9dc,0.1552,0.09819999999999995,0.10073810815811157,1.7706712484359741,13.237334251403809,CCOC(C)=O,mol_18876b584acc43d4,0.8448,0.9018,0.8992618322372437,1.0224857330322266,37.593387603759766,,,,,,,
state_0e1d8a4f8cf0c56923d692fb,2c_9478a219a5c540597926,2,binary_vle_english.xlsx,10.1016/j.fluid.2009.01.016,unverified,0.5,isothermal,0.9444444444444444,isothermal,,,19.160024150016,17.907588958740234,0.0,True,False,48,CC(=O)C(C)(C)C,mol_61a887e37d396488,0.9967,0.9696,0.9786108732223511,1.0000027418136597,17.582534790039062,COC(C)(C)C,mol_b614d6fea320c179,0.0033,0.0304,0.021389100700616837,1.0868797302246094,106.7908935546875,,,,,,,
state_0e3f1c7381ba9d823582e006,2c_68be6b27ffcb3843add8,2,binary_vle_english.xlsx,10.1016/j.fluid.2010.09.023,unverified,0.5,isothermal,0.8571428571428571,isothermal,,,104.80004720192001,108.91326904296875,0.0,True,False,48,CCC#N,mol_abe9c8e175e3ffb6,0.9623,0.16649999999999998,0.15009847283363342,1.0021036863327026,16.95250701904297,CCCC,mol_fadb5806094149e6,0.0377,0.8335,0.8499014973640442,4.792590141296387,512.3157958984375,,,,,,,
state_0e631755624e0dd867984d08,2c_98afb8e6c65a310db5e0,2,binary_vle_english.xlsx,10.1016/j.jct.2012.12.026,unverified,0.5,isothermal,0.9166666666666666,isothermal,,,390.999974850688,453.479248046875,0.0,True,False,48,F/C=C/C(F)(F)F,mol_0e763ba6787b2749,0.40900000000000003,0.40800000000000003,0.4281698167324066,1.277185320854187,371.7031555175781,FC(F)C(F)F,mol_fccff6221e62b4bc,0.591,0.592,0.5718302130699158,1.1225022077560425,390.8857421875,,,,,,,
state_0e83f6f581d9a680400b8cc6,2c_913ec9aa8f318623c900,2,binary_vle_english.xlsx,10.1016/j.fluid.2014.02.023,unverified,0.5,isothermal,0.9285714285714286,isothermal,,,46.530039721472,39.215736389160156,-3.814697265625e-06,True,False,48,C1CCCCC1,mol_893981623557f359,0.6625,0.9878,0.9914383888244629,1.1180857419967651,52.48860549926758,Nc1ccccc1,mol_8d11fd6c0d4e62a7,0.3375,0.012199999999999989,0.008561632595956326,1.2924766540527344,0.7696981430053711,,,,,,,
state_0f42dcba3aaa64e0604cf729,2c_1490252da7453cbbebe4,2,binary_vle_english.xlsx,10.1016/j.jct.2011.09.007,unverified,0.5,isothermal,0.9444444444444444,isothermal,,,68.62995540825601,67.15753173828125,0.0,True,False,48,CC(C)CC(C)(C)C,mol_57615b5c3546c298,0.6218,0.46419999999999995,0.44762012362480164,1.3400150537490845,36.078121185302734,CC(C)O,mol_db030b5de88f8eaf,0.3782,0.5358,0.5523799061775208,1.8060466051101685,54.3102912902832,,,,,,,
state_10a75b2e8aeec2834f7f8a1e,2c_1490252da7453cbbebe4,2,binary_vle_english.xlsx,10.1016/j.fluid.2007.10.016,unverified,0.5,isothermal,0.9615384615384616,isothermal,,,68.950062413824,67.17039489746094,-7.62939453125e-06,True,False,48,CC(C)CC(C)(C)C,mol_57615b5c3546c298,0.6204000000000001,0.4448,0.44735562801361084,1.3425023555755615,36.078121185302734,CC(C)O,mol_db030b5de88f8eaf,0.3796,0.5552,0.5526443123817444,1.8005917072296143,54.3102912902832,,,,,,,
state_10caeb8f12d47c8a1a0c76d4,2c_8b8dfc345b3e095c6955,2,binary_vle_english.xlsx,10.1016/j.jct.2012.10.003,unverified,0.5,isothermal,0.9,isothermal,,,375.600041445376,610.0565185546875,6.103515625e-05,True,False,48,CC(C)C,mol_cd0696a421ed56d8,0.5880000000000001,0.504,0.4315958321094513,1.344944715499878,332.9397277832031,FC(F)(F)I,mol_b415a9b082dbafac,0.412,0.496,0.5684041380882263,1.8133790493011475,464.1320495605469,,,,,,,
state_10f84a00468cb8219aac3891,2c_1490252da7453cbbebe4,2,binary_vle_english.xlsx,10.1016/j.fluid.2007.10.016,unverified,0.5,isothermal,0.9615384615384616,isothermal,,,36.640053140864,36.078125,-3.814697265625e-06,True,False,48,CC(C)CC(C)(C)C,mol_57615b5c3546c298,1.0,1.0,1.0,1.0,36.078121185302734,CC(C)O,mol_db030b5de88f8eaf,0.0,0.0,0.0,6.637194633483887,54.3102912902832,,,,,,,
state_112bcd29fe628f1384971604,2c_56df7cea200b948181e5,2,binary_vle_english.xlsx,10.1016/j.fluid.2007.07.010,unverified,0.5,isothermal,0.9333333333333333,isothermal,,,351.999982473856,411.8248596191406,0.0,True,False,48,CC(F)F,mol_ed933f1c25fd987c,0.36,0.608,0.6900475025177002,1.9496243000030518,404.8909606933594,CCCC,mol_fadb5806094149e6,0.64,0.392,0.3099524974822998,1.2506577968597412,159.4737548828125,,,,,,,
state_114b23f3b1bb239ce853be0e,2c_c6a565ee5191fe2b2cdb,2,binary_vle_english.xlsx,10.1016/j.fluid.2015.10.041,passed,1.0,isothermal,0.9375,isothermal,,,71.99994490419199,71.70257568359375,0.0,True,False,48,CCO,mol_f29e20f49d416e54,1.0,1.0,1.0,1.0,71.70257568359375,CCSCC,mol_a7491cfbf016fee6,0.0,0.0,0.0,2.5786731243133545,47.823516845703125,,,,,,,
state_122e3d7bcbf6203f3cdceeff,2c_9478a219a5c540597926,2,binary_vle_english.xlsx,10.1016/j.fluid.2009.01.016,unverified,0.5,isothermal,0.9411764705882353,isothermal,,,12.129935685376,11.856538772583008,-9.5367431640625e-07,True,False,48,CC(=O)C(C)(C)C,mol_61a887e37d396488,1.0,1.0,1.0,1.0,11.856537818908691,COC(C)(C)C,mol_b614d6fea320c179,0.0,0.0,0.0,1.012853980064392,78.72517395019531,,,,,,,
state_123c2251310915bd2916d81e,2c_ae99b15d6b25c7962c21,2,binary_vle_english.xlsx,10.1016/j.fluid.2005.05.003,unverified,0.5,isothermal,0.9230769230769231,isothermal,,,68.429971856256,57.899749755859375,-3.814697265625e-06,True,False,48,NC1CCCCC1,mol_3cb1d9728851c877,0.499,0.20499999999999996,0.24871604144573212,1.1293493509292603,25.553569793701172,O,mol_e81dc06beaa39499,0.501,0.795,0.7512839436531067,1.2145315408706665,71.4881820678711,,,,,,,
state_128e0229c7016432416f8dc5,2c_ae99b15d6b25c7962c21,2,binary_vle_english.xlsx,10.1016/j.fluid.2005.05.003,unverified,0.5,isothermal,0.9230769230769231,isothermal,,,79.350007052032,70.370849609375,-7.62939453125e-06,True,False,48,NC1CCCCC1,mol_3cb1d9728851c877,0.08599999999999997,0.11099999999999999,0.06131749600172043,1.9634827375411987,25.553569793701172,O,mol_e81dc06beaa39499,0.914,0.889,0.938682496547699,1.0109531879425049,71.4881820678711,,,,,,,
state_12bfcdc87b63189c97c3a1d6,2c_303f5d258da9140f9795,2,binary_vle_english.xlsx,10.1016/j.fluid.2012.11.026,unverified,0.5,isothermal,0.9333333333333333,isothermal,,,45.021630449919996,31.007919311523438,-1.9073486328125e-06,True,False,48,CCOC(=O)OCC,mol_4df2781fcf4d4a77,0.9822,0.6727000000000001,0.8996344208717346,1.0002743005752563,28.393545150756836,O,mol_e81dc06beaa39499,0.0178,0.3273,0.10036559402942657,2.445700168609619,71.4881820678711,,,,,,,
state_12c69d5ccd7efe6f47461c46,2c_a4e8a38f7f4879124614,2,binary_vle_english.xlsx,10.1016/j.fluid.2012.05.016,unverified,0.5,isothermal,0.9375,isothermal,,,91.639929579008,90.85414123535156,-7.62939453125e-06,True,False,48,CCCO,mol_5fb2f93dc8caa9dc,0.15059999999999996,0.1139,0.1171945258975029,1.698996901512146,41.61351776123047,CCOC(C)=O,mol_18876b584acc43d4,0.8494,0.8861,0.8828054666519165,1.0197255611419678,92.60067749023438,,,,,,,
state_12ee18147b91bbc432b5b738,2c_1490252da7453cbbebe4,2,binary_vle_english.xlsx,10.1016/j.jct.2011.09.007,unverified,0.5,isothermal,0.9473684210526315,isothermal,,,43.140051870336,42.421043395996094,-3.814697265625e-06,True,False,48,CC(C)CC(C)(C)C,mol_57615b5c3546c298,0.13349999999999995,0.3056,0.2594596743583679,3.2076189517974854,25.703197479248047,CC(C)O,mol_db030b5de88f8eaf,0.8665,0.6944,0.7405403256416321,1.0234737396240234,35.422950744628906,,,,,,,
state_131405a1ce8e73f99385eee4,2c_c6a565ee5191fe2b2cdb,2,binary_vle_english.xlsx,10.1016/j.fluid.2015.10.041,passed,1.0,isothermal,0.9375,isothermal,,,81.09999645439999,67.34169006347656,0.0,True,False,48,CCO,mol_f29e20f49d416e54,0.239,0.45899999999999996,0.42770782113075256,1.6807323694229126,71.70257568359375,CCSCC,mol_a7491cfbf016fee6,0.761,0.541,0.5722922086715698,1.0589505434036255,47.823516845703125,,,,,,,
state_137167c1ac5ea56d369273b2,2c_1490252da7453cbbebe4,2,binary_vle_english.xlsx,10.1016/j.jct.2011.09.007,unverified,0.5,isothermal,0.9444444444444444,isothermal,,,61.849979705984,60.932273864746094,-3.814697265625e-06,True,False,48,CC(C)CC(C)(C)C,mol_57615b5c3546c298,0.07010000000000005,0.20020000000000004,0.16522465646266937,3.9807074069976807,36.078121185302734,CC(C)O,mol_db030b5de88f8eaf,0.9299,0.7998,0.8347753286361694,1.0071603059768677,54.3102912902832,,,,,,,
state_00146813ea813c8cdc693090,2c_74a658fab9cc22057bbd,2,binary_vle_english.xlsx,10.1016/j.jct.2019.03.036,unverified,0.5,isobaric,0.9473684210526315,isobaric,448.92999999999995,441.7186584472656,,,7.62939453125e-06,True,False,48,CCCOC(C)=O,mol_67043ae833ecd0c7,0.0328,0.3602,0.48340967297554016,2.1644880771636963,689.7559814453125,CS(C)=O,mol_7d3e12eaed0f467c,0.9672,0.6397999999999999,0.5165902972221375,1.0007795095443726,54.06307601928711,,,,,,,
state_0044a4111c4f42bc33a9c166,2c_42d2383a8e4daebeb5e1,2,binary_vle_english.xlsx,10.1016/j.fluid.2010.08.002,unverified,0.5,isobaric,0.9230769230769231,isobaric,388.7,390.67877197265625,,,0.0001678466796875,True,False,48,CCCCCCC,mol_fddb2c852c313396,0.103,0.619,0.6240897178649902,2.7789900302886963,174.42689514160156,CCCOCCO,mol_770d75a3bb2412ce,0.897,0.381,0.37591031193733215,1.010587453842163,33.1748161315918,,,,,,,
state_004c96346e368b9bab53ce7c,2c_6eb2e45afed5017e5e33,2,binary_vle_english.xlsx,10.1016/j.fluid.2014.09.021,unverified,0.5,isobaric,0.95,isobaric,394.46999999999997,394.447998046875,,,0.00124359130859375,True,False,48,CCC(C)OC(C)=O,mol_879306ab1082c162,0.468,0.746,0.7546300292015076,1.2295268774032593,132.8509521484375,CN(C)C=O,mol_ca12d6d2f2ffb170,0.532,0.254,0.245370015501976,1.1457960605621338,40.777164459228516,,,,,,,
state_0072418df2c3c4c67ec33e46,2c_972bb6b6305c64cb2237,2,binary_vle_english.xlsx,10.1016/j.jct.2017.07.019,unverified,0.5,isobaric,0.95,isobaric,377.03,382.23858642578125,,,0.0,True,False,48,ClC(Cl)Cl,mol_d9e0a2387a6283f9,0.00880000000000003,0.17179999999999995,0.0370747335255146,1.0931555032730103,390.4114685058594,OCC(F)(F)C(F)F,mol_48469952cf716332,0.9912,0.8282,0.9629252552986145,1.0000025033950806,98.4100341796875,,,,,,,
state_008468fcb64b5afd8efef450,2c_f6f5f309e3d6c1952684,2,binary_vle_english.xlsx,10.1016/j.fluid.2012.12.020,passed,1.0,isobaric,0.9545454545454546,isobaric,406.03999999999996,404.57928466796875,,,0.00031280517578125,True,False,48,CCCCCO,mol_243de2450bee5519,0.8094,0.6935,0.5903351902961731,1.0214430093765259,72.11803436279297,CCCCO,mol_ad4ef9c6c876ca2f,0.1906,0.3065,0.4096648395061493,1.329163908958435,163.3239288330078,,,,,,,
state_009789814ea15389c2621d06,2c_7e396008deb1d14f8e15,2,binary_vle_english.xlsx,10.1016/j.fluid.2015.11.007,passed,1.0,isobaric,0.9090909090909091,isobaric,367.44,361.0826110839844,,,5.2928924560546875e-05,True,False,48,CC(=O)N(C)C,mol_b8ccf255e2b62919,0.795,0.919,0.8599330186843872,0.9349446296691895,8.09860610961914,CC(=O)O,mol_9ac385b135af0125,0.205,0.081,0.14006692171096802,0.14145725965499878,33.8107795715332,,,,,,,
state_01150632404f7770a59e354b,2c_165952a69a69e7a8d3f6,2,binary_vle_english.xlsx,10.1016/j.fluid.2005.01.007,unverified,0.5,isobaric,0.9545454545454546,isobaric,348.34999999999997,349.3994445800781,,,-3.814697265625e-05,True,False,48,CC(C)CC(C)(C)C,mol_57615b5c3546c298,0.04600000000000004,0.15100000000000002,0.13054350018501282,5.898211479187012,48.74968338012695,CCO,mol_f29e20f49d416e54,0.954,0.849,0.8694564700126648,1.0047160387039185,91.90748596191406,,,,,,,
state_01458c63540e286c88ef93f8,2c_7b12ee2d0e35e39326bc,2,binary_vle_english.xlsx,10.1016/j.fluid.2011.08.007,unverified,0.5,isobaric,0.9666666666666667,isobaric,370.78,370.4476318359375,,,1.52587890625e-05,True,False,48,CCOCCO,mol_ab8630148ae67e51,0.768,0.23199999999999998,0.20940768718719482,0.9979299306869507,25.498018264770508,CO,mol_a85d32e4db2ff39c,0.232,0.768,0.7905923128128052,1.0127089023590088,314.0184020996094,,,,,,,
state_015008edd8b857afbb5e195f,2c_b94de72ffbeb53d6294b,2,binary_vle_english.xlsx,10.1016/j.fluid.2014.04.025,unverified,0.5,isobaric,0.9285714285714286,isobaric,384.69,384.7695007324219,,,-4.57763671875e-05,True,False,48,CS(C)=O,mol_7d3e12eaed0f467c,0.05800000000000005,0.010099999999999998,0.010638817213475704,2.1642415523529053,8.585558891296387,Cc1ccccc1,mol_1c09299644053521,0.942,0.9899,0.9893611669540405,1.0045186281204224,105.91438293457031,,,,,,,
state_019cdb91894c11468c99b8e4,2c_4e1effd6e44016fa9e71,2,binary_vle_english.xlsx,10.1016/j.fluid.2019.03.022,passed,1.0,isobaric,0.95,isobaric,337.75,340.9602966308594,,,-7.62939453125e-06,True,False,48,CO,mol_a85d32e4db2ff39c,0.06899999999999995,0.42700000000000005,0.34315669536590576,4.51305627822876,111.63023376464844,c1ccccc1,mol_7165dcf6be1f831d,0.931,0.573,0.6568433046340942,1.0105332136154175,70.72462463378906,,,,,,,
state_019d1bfcdf2ab8a0e4350e61,2c_f0a592d91b289fcd0778,2,binary_vle_english.xlsx,10.1016/j.fluid.2005.01.007,unverified,0.5,isobaric,0.9545454545454546,isobaric,329.19,331.2287902832031,,,0.0018768310546875,True,False,48,CC(C)=O,mol_e04cf77cea7bbe66,0.794,0.858,0.8943546414375305,1.068623661994934,106.7990493774414,CC(C)CC(C)(C)C,mol_57615b5c3546c298,0.20599999999999996,0.14200000000000002,0.1056453213095665,1.9369800090789795,26.826305389404297,,,,,,,
state_020dff1d182f8ca5bbb0937c,3c_f0c258463b44c2183ab7,3,ternary_vle_english.xlsx,10.1016/j.fluid.2005.03.014,unverified,0.5,isobaric,0.9767441860465116,isobaric,381.54999999999995,381.96484375,,,9.1552734375e-05,True,False,48,CC(=O)OCC(C)C,mol_e7eb29ad965cc8ee,0.048,0.053,0.05809205770492554,1.5536062717437744,78.91219329833984,CC(C)CO,mol_015d21fca05fcd26,0.912,0.94,0.9339028000831604,1.00155770778656,103.57154083251953,CN(C)C=O,mol_ca12d6d2f2ffb170,0.039999999999999925,0.007000000000000006,0.008005164563655853,0.758740246295929,26.71940040588379
state_0234764deda6f3ceff7091e8,2c_d66c7a74cea5d8732e08,2,binary_vle_english.xlsx,10.1016/j.jct.2016.10.001,unverified,0.5,isobaric,0.9375,isobaric,369.2,370.0173645019531,,,9.918212890625e-05,True,False,48,CC(C)O,mol_db030b5de88f8eaf,0.006,0.129,0.0957527682185173,9.48121452331543,170.50836181640625,O,mol_e81dc06beaa39499,0.994,0.871,0.9042472243309021,1.0001616477966309,92.13829803466797,,,,,,,
state_02458c2a432b9a021c457174,3c_f0c258463b44c2183ab7,3,ternary_vle_english.xlsx,10.1016/j.fluid.2005.03.014,unverified,0.5,isobaric,0.9767441860465116,isobaric,383.13,383.2288818359375,,,-6.866455078125e-05,True,False,48,CC(=O)OCC(C)C,mol_e7eb29ad965cc8ee,0.186,0.205,0.20289091765880585,1.3438186645507812,82.22764587402344,CC(C)CO,mol_015d21fca05fcd26,0.712,0.772,0.774512767791748,1.0161598920822144,108.44147491455078,CN(C)C=O,mol_ca12d6d2f2ffb170,0.10200000000000009,0.02300000000000002,0.022596362978219986,0.8036853671073914,27.922943115234375
state_02aab67975a70bc0b079c936,2c_f0a592d91b289fcd0778,2,binary_vle_english.xlsx,10.1016/j.fluid.2005.01.007,unverified,0.5,isobaric,0.9545454545454546,isobaric,350.92999999999995,355.8278503417969,,,-1.52587890625e-05,True,False,48,CC(C)=O,mol_e04cf77cea7bbe66,0.092,0.505,0.46431830525398254,2.204336643218994,231.9769744873047,CC(C)CC(C)(C)C,mol_57615b5c3546c298,0.908,0.495,0.5356816649436951,1.007196068763733,59.3474006652832,,,,,,,
state_02b1e6932d04a8577b9d7cde,2c_d66c7a74cea5d8732e08,2,binary_vle_english.xlsx,10.1016/j.jct.2017.02.005,unverified,0.5,isobaric,0.96875,isobaric,354.12,354.5200500488281,,,1.52587890625e-05,True,False,48,CC(C)O,mol_db030b5de88f8eaf,0.354,0.562,0.540237545967102,1.577065348625183,96.76806640625,O,mol_e81dc06beaa39499,0.646,0.43799999999999994,0.4597625136375427,1.3887107372283936,51.24948501586914,,,,,,,
state_035fbd8d829178b2d5937c05,2c_21b807a1a6c6348c91ac,2,binary_vle_english.xlsx,10.1016/j.fluid.2018.07.027,unverified,0.5,isobaric,0.9629629629629629,isobaric,377.05999999999995,374.7548828125,,,0.000152587890625,True,False,48,CC(C)CC(C)(C)C,mol_57615b5c3546c298,0.1202,0.4597,0.5099418759346008,4.220006942749023,101.83869934082031,CCCCO,mol_ad4ef9c6c876ca2f,0.8798,0.5403,0.49005815386772156,1.0273728370666504,54.921878814697266,,,,,,,
state_03b9c5e37b0801df4c4e0545,2c_9f31aad1f9974e54ecb0,2,binary_vle_english.xlsx,10.1016/j.jct.2017.07.019,unverified,0.5,isobaric,0.95,isobaric,406.87,405.759033203125,,,3.814697265625e-05,True,False,48,Cc1ccc(C)cc1,mol_e7658ba520613aac,0.9788,0.8598,0.8781234622001648,1.0006636381149292,90.82027435302734,OCC(F)(F)C(F)F,mol_48469952cf716332,0.0212,0.1402,0.12187658995389938,2.8163461685180664,206.77963256835938,,,,,,,
state_03c8dd1cc9a2513ad52beed7,2c_7b12ee2d0e35e39326bc,2,binary_vle_english.xlsx,10.1016/j.fluid.2011.08.007,unverified,0.5,isobaric,0.9642857142857143,isobaric,351.42999999999995,352.1240234375,,,0.00025177001953125,True,False,48,CCOCCO,mol_ab8630148ae67e51,0.648,0.11299999999999999,0.11517982929944992,0.9985083341598511,11.866333961486816,CO,mol_a85d32e4db2ff39c,0.352,0.887,0.8848201632499695,0.9942460060119629,168.53314208984375,,,,,,,
state_03ce7630ba518ad7823ec22b,2c_7b12ee2d0e35e39326bc,2,binary_vle_english.xlsx,10.1016/j.fluid.2011.08.007,unverified,0.5,isobaric,0.9666666666666667,isobaric,386.53,386.77996826171875,,,3.814697265625e-05,True,False,48,CCOCCO,mol_ab8630148ae67e51,0.903,0.48,0.4586314260959625,0.9992756247520447,47.431400299072266,CO,mol_a85d32e4db2ff39c,0.097,0.52,0.5413686037063599,1.0009840726852417,520.3185424804688,,,,,,,
state_0420e2bdf03c953f7042a4a0,2c_9f31aad1f9974e54ecb0,2,binary_vle_english.xlsx,10.1016/j.jct.2017.07.019,unverified,0.5,isobaric,0.95,isobaric,383.46,389.1176452636719,,,6.866455078125e-05,True,False,48,Cc1ccc(C)cc1,mol_e7658ba520613aac,0.685,0.3426,0.4224494993686676,1.1299396753311157,55.28895950317383,OCC(F)(F)C(F)F,mol_48469952cf716332,0.315,0.6574,0.57755047082901,1.5048855543136597,123.41995239257812,,,,,,,
state_048cd48e0b76f0517432245c,2c_f6f5f309e3d6c1952684,2,binary_vle_english.xlsx,10.1016/j.fluid.2012.12.020,passed,1.0,isobaric,0.9545454545454546,isobaric,392.02,391.71270751953125,,,4.57763671875e-05,True,False,48,CCCCCO,mol_243de2450bee5519,0.08850000000000002,0.040100000000000025,0.05637245252728462,1.437524676322937,44.753787994384766,CCCCO,mol_ad4ef9c6c876ca2f,0.9115,0.9599,0.9436275362968445,1.003840446472168,104.15992736816406,,,,,,,
state_04a8a6c0e84810244af4c280,2c_7c6b847ee4cb190db3ef,2,binary_vle_english.xlsx,10.1016/j.fluid.2005.06.024,unverified,0.5,isobaric,0.9666666666666667,isobaric,374.84,374.5545959472656,,,2.288818359375e-05,True,False,48,CCC(C)=O,mol_4cfc5db0ca2ab00b,0.3597,0.7002,0.730455756187439,0.9928605556488037,207.2439727783203,CCOC(=O)OCC,mol_4df2781fcf4d4a77,0.6403,0.29979999999999996,0.2695442736148834,0.9925919771194458,42.97269058227539,,,,,,,
state_04bd7a1d9d523501c0cbc591,2c_74a658fab9cc22057bbd,2,binary_vle_english.xlsx,10.1016/j.jct.2019.03.036,unverified,0.5,isobaric,0.9473684210526315,isobaric,379.37,379.3631591796875,,,0.001312255859375,True,False,48,CCCOC(C)=O,mol_67043ae833ecd0c7,0.7493,0.9655,0.971331000328064,1.0751008987426758,122.1453857421875,CS(C)=O,mol_7d3e12eaed0f467c,0.25070000000000003,0.034499999999999975,0.02866896614432335,1.6536256074905396,7.005438327789307,,,,,,,
state_0501125d79882dfd89ee8c4b,2c_60db84011f520a374b2a,2,binary_vle_english.xlsx,10.1016/j.fluid.2016.04.012,passed,1.0,isobaric,0.8888888888888888,isobaric,332.54999999999995,333.8504333496094,,,0.00133514404296875,True,False,48,C1CCOC1,mol_c59bfa659357f795,0.496,0.498,0.4981212913990021,1.1708890199661255,86.88655853271484,CO,mol_a85d32e4db2ff39c,0.504,0.502,0.5018786787986755,1.1917269229888916,84.6459732055664,,,,,,,
state_0523de5f5bb96f2904abf2d9,3c_1a08c4f653f7d812cdc9,3,ternary_vle_english.xlsx,10.1016/j.jct.2019.03.036,unverified,0.5,isobaric,0.972972972972973,isobaric,387.14,385.10003662109375,,,5.340576171875e-05,True,False,48,CCCOC(C)=O,mol_67043ae833ecd0c7,0.4649,0.8843,0.840444803237915,1.2489439249038696,146.6277313232422,CCOC(C)=O,mol_18876b584acc43d4,0.0323,0.0605,0.10810979455709457,1.1970182657241821,283.25079345703125,CS(C)=O,mol_7d3e12eaed0f467c,0.5028,0.05520000000000003,0.05144539475440979,1.1925370693206787,8.69137954711914
state_05328f2d408ded3ed6a329ad,3c_1a08c4f653f7d812cdc9,3,ternary_vle_english.xlsx,10.1016/j.jct.2019.03.036,unverified,0.5,isobaric,0.972972972972973,isobaric,386.65999999999997,381.59771728515625,,,0.00174713134765625,True,False,48,CCCOC(C)=O,mol_67043ae833ecd0c7,0.3866,0.7311,0.6286953687667847,1.2552522420883179,131.23934936523438,CCOC(C)=O,mol_18876b584acc43d4,0.1056,0.2152,0.3259927034378052,1.2161271572113037,257.1471252441406,CS(C)=O,mol_7d3e12eaed0f467c,0.5078,0.05370000000000008,0.04531194269657135,1.185462474822998,7.625158309936523
state_05504160657f1221a450196c,2c_d66c7a74cea5d8732e08,2,binary_vle_english.xlsx,10.1016/j.fluid.2015.11.034,unverified,0.5,isobaric,0.9333333333333333,isobaric,353.35999999999996,353.8571472167969,,,3.0517578125e-05,True,False,48,CC(C)O,mol_db030b5de88f8eaf,0.625,0.645,0.6494426131248474,1.1156854629516602,94.34703826904297,O,mol_e81dc06beaa39499,0.375,0.355,0.3505573868751526,1.8968894481658936,49.92236328125,,,,,,,
state_055ddcc69be9758300d07144,2c_60db84011f520a374b2a,2,binary_vle_english.xlsx,10.1016/j.fluid.2016.04.012,passed,1.0,isobaric,0.9411764705882353,isobaric,335.54999999999995,336.74237060546875,,,0.00054931640625,True,False,48,C1CCOC1,mol_c59bfa659357f795,0.07499999999999996,0.136,0.12968739867210388,1.8315472602844238,95.63786315917969,CO,mol_a85d32e4db2ff39c,0.925,0.864,0.8703125715255737,1.0047203302383423,94.86365509033203,,,,,,,
state_056e500f5d57dbcd50afc145,2c_26042ad21e725d8f2224,2,binary_vle_english.xlsx,10.1016/j.jct.2019.06.026,unverified,0.5,isobaric,0.9411764705882353,isobaric,405.45,408.74749755859375,,,5.340576171875e-05,True,False,48,CN(C)C=O,mol_ca12d6d2f2ffb170,0.7071000000000001,0.40359999999999996,0.4362545609474182,0.9748274087905884,64.11222076416016,OCC(F)(F)C(F)F,mol_48469952cf716332,0.2929,0.5964,0.5637454390525818,0.8632774353027344,225.85134887695312,,,,,,,
state_05b9261e16b48b9f0b7a04fd,2c_d66c7a74cea5d8732e08,2,binary_vle_english.xlsx,10.1016/j.fluid.2015.11.034,unverified,0.5,isobaric,0.9333333333333333,isobaric,354.90999999999997,356.0930480957031,,,3.0517578125e-05,True,False,48,CC(C)O,mol_db030b5de88f8eaf,0.126,0.522,0.5003544092178345,3.915949583053589,102.72576141357422,O,mol_e81dc06beaa39499,0.874,0.478,0.4996456205844879,1.0621885061264038,54.52030944824219,,,,,,,
state_05c4d20d8f264fff22bc1d42,2c_21b807a1a6c6348c91ac,2,binary_vle_english.xlsx,10.1016/j.fluid.2018.07.027,unverified,0.5,isobaric,0.9629629629629629,isobaric,367.79999999999995,367.8566589355469,,,7.62939453125e-06,True,False,48,CC(C)CC(C)(C)C,mol_57615b5c3546c298,0.9032,0.8265,0.7723853588104248,1.0290169715881348,84.1854019165039,CCCCO,mol_ad4ef9c6c876ca2f,0.0968,0.1735,0.2276146560907364,5.722554683685303,41.62403106689453,,,,,,,
state_05c864b3937b209a0515ab85,2c_6eb2e45afed5017e5e33,2,binary_vle_english.xlsx,10.1016/j.fluid.2014.09.021,unverified,0.5,isobaric,0.95,isobaric,387.59999999999997,388.33782958984375,,,-7.62939453125e-06,True,False,48,CCC(C)OC(C)=O,mol_879306ab1082c162,0.781,0.887,0.8901220560073853,1.0487579107284546,110.08607482910156,CN(C)C=O,mol_ca12d6d2f2ffb170,0.21899999999999997,0.11299999999999999,0.10987795144319534,1.5277295112609863,33.268184661865234,,,,,,,
state_067c5e8706b645d1d0f29ebb,2c_35cc53cd52979773cfcb,2,binary_vle_english.xlsx,10.1016/j.fluid.2015.08.014,unverified,0.5,isobaric,0.9473684210526315,isobaric,351.84,355.0122375488281,,,-1.52587890625e-05,True,False,48,CO,mol_a85d32e4db2ff39c,0.677,0.996,0.9926993250846863,0.7956099510192871,186.697265625,CS(C)=O,mol_7d3e12eaed0f467c,0.32299999999999995,0.0040000000000000036,0.007300668861716986,0.8821641206741333,2.5954926013946533,,,,,,,
state_071ef9ac8ec9b2e09726d924,2c_d66c7a74cea5d8732e08,2,binary_vle_english.xlsx,10.1016/j.jct.2006.04.006,unverified,0.5,isobaric,0.9444444444444444,isobaric,359.45,362.4353332519531,,,0.00107574462890625,True,False,48,CC(C)O,mol_db030b5de88f8eaf,0.035,0.389,0.33359473943710327,7.425955295562744,130.02072143554688,O,mol_e81dc06beaa39499,0.965,0.611,0.6664053201675415,1.0053075551986694,69.58665466308594,,,,,,,
state_0768a81236ba3406fc580cf6,3c_61bfd4ccc52903a74083,3,ternary_vle_english.xlsx,10.1016/j.fluid.2007.03.030,unverified,0.5,isobaric,0.9761904761904762,isobaric,369.65,372.6563720703125,,,0.0,True,False,48,CCCO,mol_5fb2f93dc8caa9dc,0.295,0.638,0.32992494106292725,1.0283336639404297,110.17124938964844,CCCOCCC,mol_e13b90e4aa2e917d,0.211,0.229,0.5320315361022949,1.89851713180542,134.5394287109375,CCOCCO,mol_ab8630148ae67e51,0.494,0.133,0.13804350793361664,1.0175505876541138,27.819042205810547
state_09994b84b4b54865e67a7a4e,3c_f0c258463b44c2183ab7,3,ternary_vle_english.xlsx,10.1016/j.fluid.2005.03.014,unverified,0.5,isobaric,0.9767441860465116,isobaric,404.18999999999994,404.34417724609375,,,2.288818359375e-05,True,False,48,CC(=O)OCC(C)C,mol_e7eb29ad965cc8ee,0.036,0.099,0.09234867990016937,1.65071439743042,157.4220428466797,CC(C)CO,mol_015d21fca05fcd26,0.304,0.59,0.5592505931854248,0.832252025604248,223.9171142578125,CN(C)C=O,mol_ca12d6d2f2ffb170,0.66,0.31100000000000005,0.34840071201324463,0.9555188417434692,55.96352767944336
state_09f2eab340cf459015b5a6b3,2c_6eb2e45afed5017e5e33,2,binary_vle_english.xlsx,10.1016/j.fluid.2014.09.021,unverified,0.5,isobaric,0.95,isobaric,389.7,390.07293701171875,,,7.62939453125e-05,True,False,48,CCC(C)OC(C)=O,mol_879306ab1082c162,0.667,0.839,0.846121072769165,1.1059684753417969,116.19125366210938,CN(C)C=O,mol_ca12d6d2f2ffb170,0.33299999999999996,0.16100000000000003,0.15387892723083496,1.3271934986114502,35.270381927490234,,,,,,,
state_0a092c5cd9db9f69734fd23f,2c_7b12ee2d0e35e39326bc,2,binary_vle_english.xlsx,10.1016/j.fluid.2011.08.007,unverified,0.5,isobaric,0.9642857142857143,isobaric,328.12,328.6775207519531,,,3.814697265625e-05,True,False,48,CCOCCO,mol_ab8630148ae67e51,0.030000000000000027,0.0020000000000000018,0.0015115555142983794,0.8529695868492126,3.937628746032715,CO,mol_a85d32e4db2ff39c,0.97,0.998,0.9984884262084961,0.9989256858825684,68.69158172607422,,,,,,,
state_0a10605529f31ebe2c45d071,2c_972bb6b6305c64cb2237,2,binary_vle_english.xlsx,10.1016/j.jct.2017.07.019,unverified,0.5,isobaric,0.95,isobaric,352.35999999999996,373.71710205078125,,,4.57763671875e-05,True,False,48,ClC(Cl)Cl,mol_d9e0a2387a6283f9,0.10409999999999997,0.6800999999999999,0.34987086057662964,1.0884532928466797,312.7926940917969,OCC(F)(F)C(F)F,mol_48469952cf716332,0.8959,0.3199,0.6501291394233704,1.000362753868103,73.48385620117188,,,,,,,
state_0a51ca5f648a0e8aac294b4a,3c_61bfd4ccc52903a74083,3,ternary_vle_english.xlsx,10.1016/j.fluid.2007.03.030,unverified,0.5,isobaric,0.9761904761904762,isobaric,362.01,368.3123474121094,,,-0.00011444091796875,True,False,48,CCCO,mol_5fb2f93dc8caa9dc,0.901,0.882,0.8358184695243835,1.004099726676941,93.58773803710938,CCCOCCC,mol_e13b90e4aa2e917d,0.047,0.083,0.15264880657196045,2.7848923206329346,118.13969421386719,CCOCCO,mol_ab8630148ae67e51,0.051999999999999935,0.03500000000000003,0.011532760225236416,0.959492564201355,23.415151596069336
state_0b1fd1b60e70a9216602bd27,2c_9f331b7867f625e21322,2,binary_vle_english.xlsx,10.1016/j.jct.2015.03.013,unverified,0.5,isobaric,0.9090909090909091,isobaric,360.09999999999997,361.86663818359375,,,0.00016021728515625,True,False,48,CCC(C)=O,mol_4cfc5db0ca2ab00b,0.5832,0.8747,0.8764877319335938,1.071248173713684,142.11767578125,COCCO,mol_d291b272a64498d9,0.41679999999999995,0.12529999999999997,0.12351223826408386,1.0910390615463257,27.513879776000977,,,,,,,
state_0b325b119a2aea9662790c6c,2c_d66c7a74cea5d8732e08,2,binary_vle_english.xlsx,10.1016/j.fluid.2017.09.010,unverified,0.5,isobaric,0.9473684210526315,isobaric,373.0,372.5669860839844,,,7.62939453125e-05,True,False,48,CC(C)O,mol_db030b5de88f8eaf,0.0,0.0,0.0,9.991132736206055,186.31982421875,O,mol_e81dc06beaa39499,1.0,1.0,1.0,1.0,101.00003814697266,,,,,,,
state_0b8557cff779deb67490f45e,2c_df88b179a6c12f0b788b,2,binary_vle_english.xlsx,10.1016/j.jct.2006.12.003,unverified,0.5,isobaric,0.9333333333333333,isobaric,362.34999999999997,359.0499267578125,,,7.62939453125e-06,True,False,48,Cc1ccccc1,mol_1c09299644053521,0.14400000000000002,0.10199999999999998,0.06786555796861649,1.0011082887649536,47.68865966796875,ClCCCl,mol_e8df6c9e89c6b62a,0.856,0.898,0.9321344494819641,1.0023341178894043,110.05289459228516,,,,,,,
state_0bb75bc4f3f87fb6d2354019,2c_42d2383a8e4daebeb5e1,2,binary_vle_english.xlsx,10.1016/j.fluid.2010.08.002,unverified,0.5,isobaric,0.9230769230769231,isobaric,370.83,371.50091552734375,,,7.62939453125e-06,True,False,48,CCCCCCC,mol_fddb2c852c313396,0.973,0.98,0.977471113204956,1.001891851425171,100.2698745727539,CCCOCCO,mol_770d75a3bb2412ce,0.027000000000000024,0.020000000000000018,0.02252889610826969,5.277409076690674,15.810864448547363,,,,,,,
state_0be4399d5783b7e65fc8583d,2c_df88b179a6c12f0b788b,2,binary_vle_english.xlsx,10.1016/j.jct.2006.12.003,unverified,0.5,isobaric,0.9333333333333333,isobaric,362.75,359.7840881347656,,,-1.52587890625e-05,True,False,48,Cc1ccccc1,mol_1c09299644053521,0.18300000000000005,0.132,0.0878928154706955,0.9956744909286499,48.864559173583984,ClCCCl,mol_e8df6c9e89c6b62a,0.817,0.868,0.9121071696281433,1.0033628940582275,112.7132339477539,,,,,,,
state_0c11eae2e37ee17b0bfd14e2,2c_7e396008deb1d14f8e15,2,binary_vle_english.xlsx,10.1016/j.fluid.2015.11.007,passed,1.0,isobaric,0.9090909090909091,isobaric,339.47999999999996,340.6235046386719,,,1.33514404296875e-05,True,False,48,CC(=O)N(C)C,mol_b8ccf255e2b62919,0.268,0.0050000000000000044,0.0235244520008564,0.1783342957496643,3.445451021194458,CC(=O)O,mol_9ac385b135af0125,0.732,0.995,0.9764755368232727,0.6593760251998901,14.16163444519043,,,,,,,
state_0c3bdeba5c9a466f3ca4509a,3c_61bfd4ccc52903a74083,3,ternary_vle_english.xlsx,10.1016/j.fluid.2007.03.030,unverified,0.5,isobaric,0.9761904761904762,isobaric,387.74,389.8305358886719,,,0.0001068115234375,True,False,48,CCCO,mol_5fb2f93dc8caa9dc,0.082,0.41,0.1552741825580597,0.9466424584388733,202.63246154785156,CCCOCCC,mol_e13b90e4aa2e917d,0.085,0.167,0.4072595238685608,2.2199392318725586,218.63558959960938,CCOCCO,mol_ab8630148ae67e51,0.833,0.42300000000000004,0.4374662935733795,1.0046114921569824,52.95549774169922
state_0c95dc5ca168c8fd44d9ada1,3c_1a08c4f653f7d812cdc9,3,ternary_vle_english.xlsx,10.1016/j.jct.2019.03.036,unverified,0.5,isobaric,0.972972972972973,isobaric,377.53,370.9576110839844,,,3.814697265625e-05,True,False,48,CCCOC(C)=O,mol_67043ae833ecd0c7,0.1588,0.2314,0.18012145161628723,1.2420076131820679,92.51241302490234,CCOC(C)=O,mol_18876b584acc43d4,0.3381,0.7354,0.7902933359146118,1.2491061687469482,189.5628204345703,CS(C)=O,mol_7d3e12eaed0f467c,0.5031,0.033199999999999896,0.029585205018520355,1.1804428100585938,5.04643440246582
state_0cb1b31f563f8a5632dbab18,3c_2cb16216a8c609b7ad27,3,ternary_vle_english.xlsx,10.1016/j.fluid.2005.09.015,unverified,0.5,isobaric,0.9767441860465116,isobaric,395.37,396.37579345703125,,,-5.340576171875e-05,True,False,48,CC(=O)OCC(C)C,mol_e7eb29ad965cc8ee,0.311,0.372,0.3746482729911804,0.9824579954147339,124.21049499511719,CC(C)CO,mol_015d21fca05fcd26,0.189,0.377,0.39655324816703796,1.236665964126587,171.86846923828125,CCCCOC(=O)CC,mol_a9c167bbb331e76a,0.5,0.251,0.22879846394062042,0.978865921497345,47.35532760620117
state_0cb63827837ea5fbd802a9a5,2c_d66c7a74cea5d8732e08,2,binary_vle_english.xlsx,10.1016/j.jct.2017.02.005,unverified,0.5,isobaric,0.96875,isobaric,355.28,355.287353515625,,,3.0517578125e-05,True,False,48,CC(C)O,mol_db030b5de88f8eaf,0.158,0.524,0.513167679309845,3.2597525119781494,99.63636779785156,O,mol_e81dc06beaa39499,0.842,0.476,0.48683229088783264,1.0945653915405273,52.82334518432617,,,,,,,
state_0cc087a93ddb84ca70c9b4aa,2c_26042ad21e725d8f2224,2,binary_vle_english.xlsx,10.1016/j.jct.2019.06.026,unverified,0.5,isobaric,0.9411764705882353,isobaric,402.79999999999995,406.06231689453125,,,0.00075531005859375,True,False,48,CN(C)C=O,mol_ca12d6d2f2ffb170,0.6517999999999999,0.34440000000000004,0.36632293462753296,0.9644272327423096,59.0327033996582,OCC(F)(F)C(F)F,mol_48469952cf716332,0.3482,0.6556,0.633677065372467,0.8835475444793701,208.65159606933594,,,,,,,
state_0cef6f9ffb0ee15fa26ca0eb,2c_7b12ee2d0e35e39326bc,2,binary_vle_english.xlsx,10.1016/j.fluid.2011.08.007,unverified,0.5,isobaric,0.9666666666666667,isobaric,354.28999999999996,354.093505859375,,,1.52587890625e-05,True,False,48,CCOCCO,mol_ab8630148ae67e51,0.525,0.08199999999999996,0.07299041002988815,1.0032540559768677,12.932147979736328,CO,mol_a85d32e4db2ff39c,0.475,0.918,0.9270095825195312,1.0076029300689697,180.74916076660156,,,,,,,
state_0d8b4acdfbf55e99f567e539,2c_5e274a8981b66e0477e8,2,binary_vle_english.xlsx,10.1016/j.fluid.2005.02.014,passed,1.0,isobaric,0.9166666666666666,isobaric,358.77,357.9591064453125,,,-3.0517578125e-05,True,False,48,C1CCOCC1,mol_626f3d1f5bbb6f55,0.8755,0.8029,0.7852672338485718,1.0011200904846191,90.75784301757812,CCC(C)Cl,mol_9f4835d3aad75f1c,0.12450000000000006,0.19710000000000005,0.2147327959537506,1.0517160892486572,166.12673950195312,,,,,,,
state_0da4eec1a5a9bc2443012eaf,2c_7e396008deb1d14f8e15,2,binary_vle_english.xlsx,10.1016/j.fluid.2015.11.007,passed,1.0,isobaric,0.9090909090909091,isobaric,364.84999999999997,360.0665588378906,,,2.002716064453125e-05,True,False,48,CC(=O)N(C)C,mol_b8ccf255e2b62919,0.854,0.972,0.918653130531311,0.9678714871406555,7.779875755310059,CC(=O)O,mol_9ac385b135af0125,0.146,0.028,0.08134683966636658,0.120167076587677,32.456298828125,,,,,,,
state_0e0fe49f09e9c248be130132,3c_f0c258463b44c2183ab7,3,ternary_vle_english.xlsx,10.1016/j.fluid.2005.03.014,unverified,0.5,isobaric,0.9767441860465116,isobaric,393.67999999999995,393.9422912597656,,,3.814697265625e-05,True,False,48,CC(=O)OCC(C)C,mol_e7eb29ad965cc8ee,0.266,0.426,0.4066292941570282,1.3428431749343872,115.31904602050781,CC(C)CO,mol_015d21fca05fcd26,0.303,0.428,0.4282589256763458,0.9050869345664978,158.19137573242188,CN(C)C=O,mol_ca12d6d2f2ffb170,0.43100000000000005,0.14600000000000002,0.16511180996894836,0.967619001865387,40.105674743652344
state_0e2c3d9cc60cb405190ac0fb,2c_74a658fab9cc22057bbd,2,binary_vle_english.xlsx,10.1016/j.jct.2019.03.036,unverified,0.5,isobaric,0.9473684210526315,isobaric,440.16999999999996,432.788330078125,,,0.00019073486328125,True,False,48,CCCOC(C)=O,mol_67043ae833ecd0c7,0.0526,0.5022,0.6079967617988586,2.1096532344818115,555.0274047851562,CS(C)=O,mol_7d3e12eaed0f467c,0.9474,0.4978,0.39200323820114136,1.0020177364349365,41.83028793334961,,,,,,,
state_0e53aa284c512b595fa35c38,2c_d66c7a74cea5d8732e08,2,binary_vle_english.xlsx,10.1016/j.fluid.2014.02.006,unverified,0.5,isobaric,0.9411764705882353,isobaric,353.25,353.8275146484375,,,-1.52587890625e-05,True,False,48,CC(C)O,mol_db030b5de88f8eaf,0.649,0.666,0.6630076169967651,1.098114252090454,94.24003601074219,O,mol_e81dc06beaa39499,0.351,0.33399999999999996,0.3369923532009125,1.9504623413085938,49.86369705200195,,,,,,,
state_0e6058e41713a57be0f380d9,2c_9f331b7867f625e21322,2,binary_vle_english.xlsx,10.1016/j.jct.2015.03.013,unverified,0.5,isobaric,0.9090909090909091,isobaric,387.59999999999997,388.5989990234375,,,0.0001068115234375,True,False,48,CCC(C)=O,mol_4cfc5db0ca2ab00b,0.0804,0.304,0.3105834722518921,1.279900312423706,305.7424621582031,COCCO,mol_d291b272a64498d9,0.9196,0.696,0.6894165277481079,1.0019803047180176,75.79370880126953,,,,,,,
state_0e74292717c8b5444ee6e863,2c_f0a592d91b289fcd0778,2,binary_vle_english.xlsx,10.1016/j.fluid.2005.01.007,unverified,0.5,isobaric,0.9545454545454546,isobaric,328.74,330.3493347167969,,,-7.62939453125e-06,True,False,48,CC(C)=O,mol_e04cf77cea7bbe66,0.892,0.9,0.930898129940033,1.0200878381729126,103.6560287475586,CC(C)CC(C)(C)C,mol_57615b5c3546c298,0.10799999999999998,0.09999999999999998,0.06910187005996704,2.491605758666992,26.01845932006836,,,,,,,
state_0e9876c08dcdfce052650d04,2c_74caf60139062b8ca437,2,binary_vle_english.xlsx,10.1016/j.fluid.2010.08.010,unverified,0.5,isobaric,0.9411764705882353,isobaric,420.65,411.5147399902344,,,0.0001068115234375,True,False,48,CCCCCCO,mol_eb71ecc709e3f0dc,0.5205,0.40659999999999996,0.36612650752067566,1.191718578338623,56.428062438964844,Cc1ccccc1C,mol_61c4de85d258b45d,0.4795,0.5934,0.633873462677002,1.3349312543869019,94.67024230957031,,,,,,,
state_0e9f2ea6fa68f9854f188b89,2c_7b12ee2d0e35e39326bc,2,binary_vle_english.xlsx,10.1016/j.fluid.2011.08.007,unverified,0.5,isobaric,0.9642857142857143,isobaric,339.83,340.46875,,,-3.0517578125e-05,True,False,48,CCOCCO,mol_ab8630148ae67e51,0.41000000000000003,0.04300000000000004,0.04327911138534546,1.006809115409851,6.988956451416016,CO,mol_a85d32e4db2ff39c,0.59,0.957,0.9567208886146545,0.9866513013839722,109.55559539794922,,,,,,,
state_0edc0eae499104ddcfa71c2f,2c_42d2383a8e4daebeb5e1,2,binary_vle_english.xlsx,10.1016/j.fluid.2010.08.002,unverified,0.5,isobaric,0.9230769230769231,isobaric,363.78999999999996,364.7919616699219,,,0.0009307861328125,True,False,48,CCCCCCC,mol_fddb2c852c313396,0.917,0.957,0.9500990509986877,1.0171996355056763,81.48696899414062,CCCOCCO,mol_770d75a3bb2412ce,0.08299999999999996,0.04300000000000004,0.049900904297828674,4.015623092651367,11.977664947509766,,,,,,,
state_0f21cdafbb16abae6d499160,2c_e923997b8f9df5a64a73,2,binary_vle_english.xlsx,10.1016/j.fluid.2018.03.011,unverified,0.5,isobaric,0.9090909090909091,isobaric,334.25,335.23602294921875,,,0.00038909912109375,True,False,48,CC(C)O,mol_db030b5de88f8eaf,0.052000000000000046,0.051000000000000045,0.06102804094552994,2.674804925918579,44.447242736816406,ClC(Cl)Cl,mol_d9e0a2387a6283f9,0.948,0.949,0.938971996307373,1.0043009519577026,99.90592193603516,,,,,,,
state_0f302e6f2fca89594fd3dd03,2c_d61da005b4125a743b07,2,binary_vle_english.xlsx,10.1016/j.fluid.2009.03.008,unverified,0.5,isobaric,0.9583333333333334,isobaric,376.05999999999995,376.8030090332031,,,0.00020599365234375,True,False,48,CC(=O)O,mol_9ac385b135af0125,0.7514,0.5252,0.458661288022995,0.9995054602622986,61.883506774902344,CCC(C)=O,mol_4cfc5db0ca2ab00b,0.24860000000000004,0.4748,0.5413386821746826,0.9984892010688782,220.98548889160156,,,,,,,
state_0f75f54bdfce93a486272ee5,2c_7c6b847ee4cb190db3ef,2,binary_vle_english.xlsx,10.1016/j.fluid.2005.06.024,unverified,0.5,isobaric,0.9666666666666667,isobaric,359.33,357.6192321777344,,,6.866455078125e-05,True,False,48,CCC(C)=O,mol_4cfc5db0ca2ab00b,0.7683,0.9402,0.9479568600654602,1.0040804147720337,124.51054382324219,CCOC(=O)OCC,mol_4df2781fcf4d4a77,0.23170000000000002,0.059799999999999964,0.05204319208860397,0.989345133304596,23.00419044494629,,,,,,,
state_0fa7a018475e1c9e59b9de75,3c_50c0ded265c297b30405,3,ternary_vle_english.xlsx,10.1016/j.fluid.2015.03.013,unverified,0.5,isobaric,0.9333333333333333,isobaric,399.66999999999996,400.8902893066406,,,0.00014495849609375,True,False,48,CC(=O)N(C)C,mol_b8ccf255e2b62919,0.612,0.19799999999999995,0.18504635989665985,0.9206920266151428,33.2678337097168,CCC(C)O,mol_06affb0d2c6c8ff2,0.296,0.556,0.6064983010292053,0.7929553389549255,261.75738525390625,CCC(C)OC(C)=O,mol_879306ab1082c162,0.092,0.246,0.20845533907413483,1.4259212017059326,160.96795654296875
state_0fff7d7c9bbfd00230ae5bd7,2c_f0a592d91b289fcd0778,2,binary_vle_english.xlsx,10.1016/j.fluid.2005.01.007,unverified,0.5,isobaric,0.9545454545454546,isobaric,340.84,347.35308837890625,,,0.0001983642578125,True,False,48,CC(C)=O,mol_e04cf77cea7bbe66,0.18,0.668,0.6196411848068237,1.9399515390396118,179.79293823242188,CC(C)CC(C)(C)C,mol_57615b5c3546c298,0.8200000000000001,0.33199999999999996,0.3803587853908539,1.0279258489608765,45.72077178955078,,,,,,,
state_1047e746827a5653cd15da28,2c_165952a69a69e7a8d3f6,2,binary_vle_english.xlsx,10.1016/j.fluid.2005.01.007,unverified,0.5,isobaric,0.9545454545454546,isobaric,362.54999999999995,363.8373718261719,,,0.00046539306640625,True,False,48,CC(C)CC(C)(C)C,mol_57615b5c3546c298,0.976,0.749,0.7245425581932068,1.001592755317688,75.09651947021484,CCO,mol_f29e20f49d416e54,0.024,0.251,0.2754574418067932,7.379547119140625,157.5833740234375,,,,,,,
state_10c85ddbc8aa1c2825bc7302,2c_165952a69a69e7a8d3f6,2,binary_vle_english.xlsx,10.1016/j.fluid.2005.01.007,unverified,0.5,isobaric,0.9545454545454546,isobaric,345.7,347.5584411621094,,,0.00041961669921875,True,False,48,CC(C)CC(C)(C)C,mol_57615b5c3546c298,0.727,0.4,0.3929681181907654,1.190132737159729,46.01762008666992,CCO,mol_f29e20f49d416e54,0.273,0.6,0.6070318818092346,2.6342151165008545,85.5252456665039,,,,,,,
state_110f1299abca1ce891acf465,2c_b94de72ffbeb53d6294b,2,binary_vle_english.xlsx,10.1016/j.fluid.2014.04.025,unverified,0.5,isobaric,0.9285714285714286,isobaric,446.65,452.1488952636719,,,-2.288818359375e-05,True,False,48,CS(C)=O,mol_7d3e12eaed0f467c,0.9679,0.6168,0.6884864568710327,1.000514030456543,72.01961517333984,Cc1ccccc1,mol_1c09299644053521,0.0321,0.3832,0.31151360273361206,1.7648224830627441,557.0317993164062,,,,,,,
state_112b9250547579b3bd753cff,3c_50c0ded265c297b30405,3,ternary_vle_english.xlsx,10.1016/j.fluid.2015.03.013,unverified,0.5,isobaric,0.9333333333333333,isobaric,400.34999999999997,403.0207824707031,,,2.288818359375e-05,True,False,48,CC(=O)N(C)C,mol_b8ccf255e2b62919,0.59,0.20699999999999996,0.2114422768354416,1.019768476486206,35.59980010986328,CCC(C)O,mol_06affb0d2c6c8ff2,0.027,0.051,0.05667458847165108,0.7586029171943665,280.2975769042969,CCC(C)OC(C)=O,mol_879306ab1082c162,0.383,0.742,0.73188316822052,1.1301268339157104,171.28726196289062
state_11c402317134056b5cc3b011,2c_a1a0cf7c2f4fd070fb84,2,binary_vle_english.xlsx,10.1016/j.jct.2018.03.019,unverified,0.5,isobaric,0.95,isobaric,349.34999999999997,349.3983459472656,,,-0.00011444091796875,True,False,48,CC(C)=O,mol_e04cf77cea7bbe66,0.5025,0.9747,0.9780429601669312,1.0300477743148804,191.4137725830078,O=Cc1ccco1,mol_cfdccd30b0689448,0.49750000000000005,0.02529999999999999,0.02195705845952034,0.9779218435287476,4.57178258895874,,,,,,,
state_122c2e506c6682ec9695fe56,2c_4e1effd6e44016fa9e71,2,binary_vle_english.xlsx,10.1016/j.fluid.2019.03.022,passed,1.0,isobaric,0.95,isobaric,336.25,339.32269287109375,,,8.392333984375e-05,True,False,48,CO,mol_a85d32e4db2ff39c,0.08999999999999997,0.46399999999999997,0.3871603012084961,4.156326770782471,104.8450927734375,c1ccccc1,mol_7165dcf6be1f831d,0.91,0.536,0.6128396987915039,1.0177990198135376,67.02749633789062,,,,,,,
state_129d80dbc6e9778416035161,2c_165952a69a69e7a8d3f6,2,binary_vle_english.xlsx,10.1016/j.fluid.2005.01.007,unverified,0.5,isobaric,0.9545454545454546,isobaric,351.44,351.9248962402344,,,0.00030517578125,True,False,48,CC(C)CC(C)(C)C,mol_57615b5c3546c298,0.0,0.0,0.0,7.205173015594482,52.711578369140625,CCO,mol_f29e20f49d416e54,1.0,1.0,1.0,1.0,101.32023620605469,,,,,,,
state_12ce52b2366aaad5e6e9009d,2c_6eb2e45afed5017e5e33,2,binary_vle_english.xlsx,10.1016/j.fluid.2014.09.021,unverified,0.5,isobaric,0.95,isobaric,401.64,400.7288513183594,,,-2.288818359375e-05,True,False,48,CCC(C)OC(C)=O,mol_879306ab1082c162,0.278,0.619,0.6270917057991028,1.426305890083313,160.20742797851562,CN(C)C=O,mol_ca12d6d2f2ffb170,0.722,0.381,0.37290826439857483,1.047633409500122,49.941837310791016,,,,,,,
state_12f7e4984113ff3797d46884,2c_df88b179a6c12f0b788b,2,binary_vle_english.xlsx,10.1016/j.jct.2006.12.003,unverified,0.5,isobaric,0.9333333333333333,isobaric,374.84999999999997,373.481201171875,,,-1.52587890625e-05,True,False,48,Cc1ccccc1,mol_1c09299644053521,0.73,0.52,0.5439561605453491,0.9979621767997742,75.6373062133789,ClCCCl,mol_e8df6c9e89c6b62a,0.27,0.48,0.4560438394546509,0.989046037197113,172.99574279785156,,,,,,,
state_132f166c485269d43b881a07,2c_d66c7a74cea5d8732e08,2,binary_vle_english.xlsx,10.1016/j.jct.2016.10.001,unverified,0.5,isobaric,0.9375,isobaric,354.2,354.35357666015625,,,-2.288818359375e-05,True,False,48,CC(C)O,mol_db030b5de88f8eaf,0.477,0.584,0.5747671723365784,1.2694342136383057,96.1551284790039,O,mol_e81dc06beaa39499,0.523,0.41600000000000004,0.42523279786109924,1.6177151203155518,50.91340255737305,,,,,,,
state_13add0d3c5b1abc8c3c02397,2c_1490252da7453cbbebe4,2,binary_vle_english.xlsx,10.1016/j.jct.2011.09.007,unverified,0.5,isothermal,0.9444444444444444,isothermal,,,68.429971856256,67.08689880371094,0.0,True,False,48,CC(C)CC(C)(C)C,mol_57615b5c3546c298,0.2118,0.3376,0.31619298458099365,2.776003837585449,36.078121185302734,CC(C)O,mol_db030b5de88f8eaf,0.7882,0.6624,0.6838069558143616,1.0716493129730225,54.3102912902832,,,,,,,
state_13e938e0d2b736f614274723,2c_98afb8e6c65a310db5e0,2,binary_vle_english.xlsx,10.1016/j.jct.2012.12.026,unverified,0.5,isothermal,0.8181818181818182,isothermal,,,128.90006505344,160.5791015625,0.0,True,False,48,F/C=C/C(F)(F)F,mol_0e763ba6787b2749,0.32699999999999996,0.33799999999999997,0.35281291604042053,1.159871220588684,149.37432861328125,FC(F)C(F)F,mol_fccff6221e62b4bc,0.673,0.662,0.6471871137619019,1.0264586210250854,150.43968200683594,,,,,,,
state_13fa4b30ce0da31705a4c1f6,2c_9478a219a5c540597926,2,binary_vle_english.xlsx,10.1016/j.fluid.2009.01.016,unverified,0.5,isothermal,0.9375,isothermal,,,92.040030005376,91.27305603027344,0.0,True,False,48,CC(=O)C(C)(C)C,mol_61a887e37d396488,0.4818,0.15839999999999999,0.1429506242275238,1.0629754066467285,25.4764347076416,COC(C)(C)C,mol_b614d6fea320c179,0.5182,0.8416,0.8570494055747986,1.0609261989593506,142.28720092773438,,,,,,,
state_14e5f5a86ab7d130f5524aa7,2c_56df7cea200b948181e5,2,binary_vle_english.xlsx,10.1016/j.fluid.2007.07.010,unverified,0.5,isothermal,0.9333333333333333,isothermal,,,385.99998608358396,421.70562744140625,0.0,True,False,48,CC(F)F,mol_ed933f1c25fd987c,0.953,0.937,0.9185126423835754,1.0038378238677979,404.8909606933594,CCCC,mol_fadb5806094149e6,0.04700000000000004,0.06299999999999994,0.08148733526468277,4.584715843200684,159.4737548828125,,,,,,,
state_156d4ef2135b01590b246580,2c_56df7cea200b948181e5,2,binary_vle_english.xlsx,10.1016/j.fluid.2007.07.010,unverified,0.5,isothermal,0.8333333333333334,isothermal,,,481.999957063296,566.1129150390625,0.0,True,False,48,CC(F)F,mol_ed933f1c25fd987c,0.392,0.625,0.6867387294769287,1.865529179573059,531.6263427734375,CCCC,mol_fadb5806094149e6,0.608,0.375,0.3132613003253937,1.3150644302368164,221.79879760742188,,,,,,,
state_159a30f7c84405fc2767563b,2c_56df7cea200b948181e5,2,binary_vle_english.xlsx,10.1016/j.fluid.2007.07.010,unverified,0.5,isothermal,0.875,isothermal,,,395.00004585779203,439.2587890625,0.0,True,False,48,CC(F)F,mol_ed933f1c25fd987c,0.824,0.826,0.8012707829475403,1.054956316947937,404.8909606933594,CCCC,mol_fadb5806094149e6,0.17600000000000005,0.17400000000000004,0.19872921705245972,3.110142707824707,159.4737548828125,,,,,,,
state_164f266b63813b6a3c8fb1e7,2c_ae514b5a938c4d83d1c9,2,binary_vle_english.xlsx,10.1016/j.fluid.2014.05.018,unverified,0.5,isothermal,0.8181818181818182,isothermal,,,379.00002847411196,403.32452392578125,3.0517578125e-05,True,False,48,CCCC,mol_fadb5806094149e6,1.0,1.0,1.0,1.0,403.3245544433594,CCO,mol_f29e20f49d416e54,0.0,0.0,0.0,7.334008693695068,19.1132755279541,,,,,,,
state_1660bbc1c83f2c0086e2d711,2c_9478a219a5c540597926,2,binary_vle_english.xlsx,10.1016/j.fluid.2009.01.016,unverified,0.5,isothermal,0.9444444444444444,isothermal,,,25.00994301312,23.888179779052734,0.0,True,False,48,CC(=O)C(C)(C)C,mol_61a887e37d396488,0.937,0.6968,0.6903431415557861,1.000983715057373,17.582534790039062,COC(C)(C)C,mol_b614d6fea320c179,0.063,0.3032,0.3096568286418915,1.0994840860366821,106.7908935546875,,,,,,,
state_17ce6514454d9415f75f0c30,2c_3cf279eea352998261d1,2,binary_vle_english.xlsx,10.1016/j.fluid.2012.05.016,unverified,0.5,isothermal,0.9375,isothermal,,,88.84002652864,87.53338623046875,-7.62939453125e-06,True,False,48,CCCOC(C)=O,mol_67043ae833ecd0c7,0.0,0.0,0.0,2.065234661102295,40.681495666503906,CCO,mol_f29e20f49d416e54,1.0,1.0,1.0,1.0,87.53337860107422,,,,,,,
state_17e73fc2eef9b9693e46b306,2c_9478a219a5c540597926,2,binary_vle_english.xlsx,10.1016/j.fluid.2009.01.016,unverified,0.5,isothermal,0.9375,isothermal,,,32.90995992896,30.907665252685547,0.0,True,False,48,CC(=O)C(C)(C)C,mol_61a887e37d396488,0.9606,0.8055,0.7920829057693481,1.0003583431243896,25.4764347076416,COC(C)(C)C,mol_b614d6fea320c179,0.0394,0.1945,0.20791707932949066,1.1462894678115845,142.28720092773438,,,,,,,
state_17fed15717b415ed36f47bfd,2c_1490252da7453cbbebe4,2,binary_vle_english.xlsx,10.1016/j.fluid.2007.10.016,unverified,0.5,isothermal,0.9615384615384616,isothermal,,,36.119962583296,36.876708984375,0.0,True,False,48,CC(C)CC(C)(C)C,mol_57615b5c3546c298,0.021100000000000008,0.09670000000000001,0.0592486709356308,4.028665065765381,25.703197479248047,CC(C)O,mol_db030b5de88f8eaf,0.9789,0.9033,0.9407513737678528,1.00046968460083,35.422950744628906,,,,,,,
state_1853d3576b6ff5c23fa906a1,2c_a160651817afdffd3182,2,binary_vle_english.xlsx,10.1016/j.fluid.2005.05.024,unverified,0.5,isothermal,0.9583333333333334,isothermal,,,12.700022130944,12.555215835571289,-9.5367431640625e-07,True,False,48,CC(=O)CC(C)C,mol_0a895444a9f0f36b,1.0,1.0,1.0,1.0,12.555214881896973,CC(C)O,mol_db030b5de88f8eaf,0.0,0.0,0.0,1.6912822723388672,35.422950744628906,,,,,,,
state_1893ee85d47bdf31f833f878,2c_9478a219a5c540597926,2,binary_vle_english.xlsx,10.1016/j.fluid.2009.01.016,unverified,0.5,isothermal,0.9375,isothermal,,,146.970045522688,142.28720092773438,0.0,True,False,48,CC(=O)C(C)(C)C,mol_61a887e37d396488,0.0,0.0,0.0,1.3360282182693481,25.4764347076416,COC(C)(C)C,mol_b614d6fea320c179,1.0,1.0,1.0,1.0,142.28720092773438,,,,,,,
state_18f85e5143d08371c20f1159,2c_1490252da7453cbbebe4,2,binary_vle_english.xlsx,10.1016/j.jct.2011.09.007,unverified,0.5,isothermal,0.9473684210526315,isothermal,,,37.789958564863994,38.16206359863281,0.0,True,False,48,CC(C)CC(C)(C)C,mol_57615b5c3546c298,0.04139999999999999,0.15349999999999997,0.1085001528263092,3.8911209106445312,25.703197479248047,CC(C)O,mol_db030b5de88f8eaf,0.9586,0.8465,0.8914998173713684,1.0019152164459229,35.422950744628906,,,,,,,
state_198a3b19fd24043cf84321b3,2c_3cf279eea352998261d1,2,binary_vle_english.xlsx,10.1016/j.fluid.2012.05.016,unverified,0.5,isothermal,0.9333333333333333,isothermal,,,19.459999478015998,17.407146453857422,0.0,True,False,48,CCCOC(C)=O,mol_67043ae833ecd0c7,0.9245,0.7343,0.7708978056907654,1.0031859874725342,14.468917846679688,CCO,mol_f29e20f49d416e54,0.0755,0.2657,0.22910213470458984,1.7329427003860474,30.480745315551758,,,,,,,
state_1a24afaa41603abb778f6cc6,2c_ae514b5a938c4d83d1c9,2,binary_vle_english.xlsx,10.1016/j.fluid.2014.05.018,unverified,0.5,isothermal,0.9,isothermal,,,17.999986226047998,19.113277435302734,-1.9073486328125e-06,True,False,48,CCCC,mol_fadb5806094149e6,0.0,0.0,0.0,3.8050520420074463,403.3245544433594,CCO,mol_f29e20f49d416e54,1.0,1.0,1.0,1.0,19.1132755279541,,,,,,,
state_1a33f8f34b8796567ced7662,2c_303f5d258da9140f9795,2,binary_vle_english.xlsx,10.1016/j.fluid.2012.11.026,unverified,0.5,isothermal,0.9333333333333333,isothermal,,,37.877684683008,22.170883178710938,-1.9073486328125e-06,True,False,48,CCOC(=O)OCC,mol_4df2781fcf4d4a77,0.9706,0.5387,0.8461166620254517,1.0007503032684326,19.312885284423828,O,mol_e81dc06beaa39499,0.0294,0.4613,0.15388339757919312,2.3907527923583984,48.539207458496094,,,,,,,
state_1aa3b2e4483f33bb21cb5df2,2c_1490252da7453cbbebe4,2,binary_vle_english.xlsx,10.1016/j.fluid.2007.10.016,unverified,0.5,isothermal,0.9615384615384616,isothermal,,,52.970043385344,54.31029510498047,-3.814697265625e-06,True,False,48,CC(C)CC(C)(C)C,mol_57615b5c3546c298,0.0,0.0,0.0,4.700551509857178,36.078121185302734,CC(C)O,mol_db030b5de88f8eaf,1.0,1.0,1.0,1.0,54.3102912902832,,,,,,,
state_1b010837946e14eb8aa2ad7a,2c_98afb8e6c65a310db5e0,2,binary_vle_english.xlsx,10.1016/j.jct.2012.12.026,unverified,0.5,isothermal,0.9166666666666666,isothermal,,,259.20001497088,280.35748291015625,0.0,True,False,48,F/C=C/C(F)(F)F,mol_0e763ba6787b2749,1.0,1.0,1.0,1.0,280.35748291015625,FC(F)C(F)F,mol_fccff6221e62b4bc,0.0,0.0,0.0,1.8011521100997925,290.9107360839844,,,,,,,
state_1b40e769b4f8523b57e2b714,2c_3e7cc7d2a95d27d26296,2,binary_vle_english.xlsx,10.1016/j.fluid.2016.12.025,unverified,0.5,isothermal,0.95,isothermal,,,7.70003336384,9.67875862121582,0.0,True,False,48,CCCCCCO,mol_eb71ecc709e3f0dc,0.5002,0.1492,0.18898113071918488,1.1653350591659546,3.137932538986206,CCCCO,mol_ad4ef9c6c876ca2f,0.4998,0.8508,0.8110188841819763,1.1133573055267334,14.106517791748047,,,,,,,
state_1bd9b6b19a83e6ab244f50fe,2c_913ec9aa8f318623c900,2,binary_vle_english.xlsx,10.1016/j.fluid.2014.02.023,unverified,0.5,isothermal,0.8888888888888888,isothermal,,,93.16993707417599,92.24143981933594,-7.62939453125e-06,True,False,48,C1CCCCC1,mol_893981623557f359,0.9063,0.9931,0.9958089590072632,1.0115159749984741,100.19760131835938,Nc1ccccc1,mol_8d11fd6c0d4e62a7,0.0937,0.006900000000000017,0.004191076382994652,1.950945496559143,2.114788293838501,,,,,,,
state_1c1bba9f801004f30fc1df15,2c_303f5d258da9140f9795,2,binary_vle_english.xlsx,10.1016/j.fluid.2012.11.026,unverified,0.5,isothermal,0.9333333333333333,isothermal,,,88.45659139827201,57.15306091308594,-3.814697265625e-06,True,False,48,CCOC(=O)OCC,mol_4df2781fcf4d4a77,0.6982999999999999,0.29469999999999996,0.37306344509124756,1.0753763914108276,28.393545150756836,O,mol_e81dc06beaa39499,0.3017,0.7053,0.6269365549087524,1.661320686340332,71.4881820678711,,,,,,,
state_1c5738fb5d237b684536991d,2c_451f166b8507b1dda896,2,binary_vle_english.xlsx,10.1016/j.fluid.2010.11.026,passed,1.0,isothermal,0.9166666666666666,isothermal,,,81.39997178239999,79.66468811035156,0.0,True,False,48,CCCOC(C)=O,mol_67043ae833ecd0c7,0.698,0.612,0.6250648498535156,1.0097942352294922,70.64845275878906,CCSCC,mol_a7491cfbf016fee6,0.302,0.388,0.37493517994880676,1.0340831279754639,95.6444320678711,,,,,,,
state_1ce5ecc96726ef1c606eae1e,2c_3cf279eea352998261d1,2,binary_vle_english.xlsx,10.1016/j.fluid.2012.05.016,unverified,0.5,isothermal,0.9333333333333333,isothermal,,,29.769951517824,30.371437072753906,-1.9073486328125e-06,True,False,48,CCCOC(C)=O,mol_67043ae833ecd0c7,0.019100000000000006,0.028299999999999992,0.015664247795939445,1.7214937210083008,14.468917846679688,CCO,mol_f29e20f49d416e54,0.9809,0.9717,0.984335720539093,0.9999038577079773,30.480745315551758,,,,,,,
state_1e8b3b4c27d5b797ab92c6fe,2c_a4e8a38f7f4879124614,2,binary_vle_english.xlsx,10.1016/j.fluid.2012.05.016,unverified,0.5,isothermal,0.9333333333333333,isothermal,,,22.150044897152,22.53750228881836,0.0,True,False,48,CCCO,mol_5fb2f93dc8caa9dc,0.8277,0.4739,0.49865958094596863,1.025738000869751,13.237334251403809,CCOC(C)=O,mol_18876b584acc43d4,0.1723,0.5261,0.5013404488563538,1.7443828582763672,37.593387603759766,,,,,,,
state_1e997a9fabea390ee08273cd,2c_d838404dbd73f8b15395,2,binary_vle_english.xlsx,10.1016/j.fluid.2010.02.030,passed,1.0,isothermal,0.9230769230769231,isothermal,,,89.79994757824,94.14619445800781,-7.62939453125e-06,True,False,48,Cc1ccccc1,mol_1c09299644053521,0.20299999999999996,0.22799999999999998,0.225766122341156,1.0362364053726196,101.04309844970703,Cc1ccsc1,mol_0a78d16c028484e1,0.797,0.772,0.774233877658844,1.0024930238723755,91.22948455810547,,,,,,,
state_1ee1a218aefaf6884f2e713a,2c_a4e8a38f7f4879124614,2,binary_vle_english.xlsx,10.1016/j.fluid.2012.05.016,unverified,0.5,isothermal,0.9375,isothermal,,,40.9499653312,41.61351776123047,0.0,True,False,48,CCCO,mol_5fb2f93dc8caa9dc,1.0,1.0,1.0,1.0,41.61351776123047,CCOC(C)=O,mol_18876b584acc43d4,0.0,0.0,0.0,2.3011200428009033,92.60067749023438,,,,,,,
state_1f16aff5d16471d4c6551b61,2c_3cf279eea352998261d1,2,binary_vle_english.xlsx,10.1016/j.fluid.2012.05.016,unverified,0.5,isothermal,0.9375,isothermal,,,89.68995662464,86.91644287109375,-7.62939453125e-06,True,False,48,CCCOC(C)=O,mol_67043ae833ecd0c7,0.07640000000000002,0.0786,0.06499112397432327,1.8174635171890259,40.681495666503906,CCO,mol_f29e20f49d416e54,0.9236,0.9214,0.9350088834762573,1.005217432975769,87.53337860107422,,,,,,,
state_1fd3ee8bc5d7b01a7434ab10,2c_303f5d258da9140f9795,2,binary_vle_english.xlsx,10.1016/j.fluid.2012.11.026,unverified,0.5,isothermal,0.9333333333333333,isothermal,,,57.289688108544,49.09858703613281,-3.814697265625e-06,True,False,48,CCOC(=O)OCC,mol_4df2781fcf4d4a77,0.01980000000000004,0.246,0.030003244057297707,3.852341890335083,19.312885284423828,O,mol_e81dc06beaa39499,0.9802,0.754,0.9699967503547668,1.0009949207305908,48.539207458496094,,,,,,,
state_1fdfb253d00c257493084310,2c_68be6b27ffcb3843add8,2,binary_vle_english.xlsx,10.1016/j.fluid.2010.09.023,unverified,0.5,isothermal,0.9,isothermal,,,317.400028208128,341.977783203125,0.0,True,False,48,CCC#N,mol_abe9c8e175e3ffb6,0.8049999999999999,0.05379999999999996,0.042284805327653885,1.059161901473999,16.959928512573242,CCCC,mol_fadb5806094149e6,0.195,0.9462,0.9577152132987976,3.2775344848632812,512.4511108398438,,,,,,,
state_2027730348c682b72de58aea,2c_d838404dbd73f8b15395,2,binary_vle_english.xlsx,10.1016/j.fluid.2010.02.030,passed,1.0,isothermal,0.9230769230769231,isothermal,,,92.200016846976,96.18669128417969,-7.62939453125e-06,True,False,48,Cc1ccccc1,mol_1c09299644053521,0.373,0.406,0.40051892399787903,1.022168517112732,101.04309844970703,Cc1ccsc1,mol_0a78d16c028484e1,0.627,0.594,0.5994811058044434,1.0080630779266357,91.22948455810547,,,,,,,
state_20307e59a27a10cc7ffc1aec,2c_9478a219a5c540597926,2,binary_vle_english.xlsx,10.1016/j.fluid.2009.01.016,unverified,0.5,isothermal,0.9375,isothermal,,,37.190007908864,35.052459716796875,0.0,True,False,48,CC(=O)C(C)(C)C,mol_61a887e37d396488,0.9306,0.6898,0.6771115064620972,1.0010989904403687,25.4764347076416,COC(C)(C)C,mol_b614d6fea320c179,0.0694,0.3102,0.32288846373558044,1.1461613178253174,142.28720092773438,,,,,,,
state_2040b91252116aad9f26cd23,2c_a160651817afdffd3182,2,binary_vle_english.xlsx,10.1016/j.fluid.2005.05.024,unverified,0.5,isothermal,0.96,isothermal,,,34.86006620569599,34.22755432128906,0.0,True,False,48,CC(=O)CC(C)C,mol_0a895444a9f0f36b,0.7231000000000001,0.41910000000000003,0.4115467071533203,1.035772442817688,18.807552337646484,CC(C)O,mol_db030b5de88f8eaf,0.2769,0.5809,0.5884532928466797,1.3393151760101318,54.3102912902832,,,,,,,
state_2058c163422a0bf22f516600,2c_1490252da7453cbbebe4,2,binary_vle_english.xlsx,10.1016/j.fluid.2007.10.016,unverified,0.5,isothermal,0.9615384615384616,isothermal,,,33.250065289728,35.422950744628906,0.0,True,False,48,CC(C)CC(C)(C)C,mol_57615b5c3546c298,0.0,0.0,0.0,4.154792785644531,25.703197479248047,CC(C)O,mol_db030b5de88f8eaf,1.0,1.0,1.0,1.0,35.422950744628906,,,,,,,
state_209a2cf21e64c882367fe370,2c_1490252da7453cbbebe4,2,binary_vle_english.xlsx,10.1016/j.fluid.2007.10.016,unverified,0.5,isothermal,0.9615384615384616,isothermal,,,33.730025814528,35.58653259277344,0.0,True,False,48,CC(C)CC(C)(C)C,mol_57615b5c3546c298,0.0022999999999999687,0.016000000000000014,0.006880968809127808,4.142096996307373,25.703197479248047,CC(C)O,mol_db030b5de88f8eaf,0.9977,0.984,0.9931190609931946,1.0000052452087402,35.422950744628906,,,,,,,
state_2124c4b2d6d38a6956ff2b0c,2c_9478a219a5c540597926,2,binary_vle_english.xlsx,10.1016/j.fluid.2009.01.016,unverified,0.5,isothermal,0.9411764705882353,isothermal,,,60.840062768384,61.18567657470703,-3.814697265625e-06,True,False,48,CC(=O)C(C)(C)C,mol_61a887e37d396488,0.2669,0.062100000000000044,0.05823158472776413,1.1259053945541382,11.856537818908691,COC(C)(C)C,mol_b614d6fea320c179,0.7331,0.9379,0.9417684078216553,0.9984286427497864,78.72517395019531,,,,,,,
state_2149646ac680741f721bb81d,2c_6f361cb0ec8be0b0e6dd,2,binary_vle_english.xlsx,10.1016/j.jct.2012.11.005,unverified,0.5,isothermal,0.9166666666666666,isothermal,,,52.559943781376,46.03932189941406,-3.814697265625e-06,True,False,48,CC(C)OC(C)C,mol_1a0ca8e5eeb68da8,0.168,0.499,0.4321404993534088,2.245415210723877,52.74094772338867,CCO,mol_f29e20f49d416e54,0.832,0.501,0.5678594708442688,1.0309102535247803,30.480745315551758,,,,,,,
state_222503a7a117c2283199a584,2c_3e7cc7d2a95d27d26296,2,binary_vle_english.xlsx,10.1016/j.fluid.2016.12.025,unverified,0.5,isothermal,0.95,isothermal,,,6.999957609471999,9.200511932373047,0.0,True,False,48,CCCCCCO,mol_eb71ecc709e3f0dc,0.552,0.18879999999999997,0.21370641887187958,1.1351333856582642,3.137932538986206,CCCCO,mol_ad4ef9c6c876ca2f,0.448,0.8112,0.786293625831604,1.1447190046310425,14.106517791748047,,,,,,,
state_22503b17d7c5586877d82f6a,2c_98afb8e6c65a310db5e0,2,binary_vle_english.xlsx,10.1016/j.jct.2012.12.026,unverified,0.5,isothermal,0.9166666666666666,isothermal,,,275.50000768256,308.855224609375,0.0,True,False,48,F/C=C/C(F)(F)F,mol_0e763ba6787b2749,0.11199999999999999,0.125,0.15815946459770203,1.5556789636611938,280.35748291015625,FC(F)C(F)F,mol_fccff6221e62b4bc,0.888,0.875,0.8418405055999756,1.0064959526062012,290.9107360839844,,,,,,,
state_228212e50e3f12d13379b0c0,2c_8b8dfc345b3e095c6955,2,binary_vle_english.xlsx,10.1016/j.jct.2012.10.003,unverified,0.5,isothermal,0.9,isothermal,,,411.899989225472,612.0694580078125,6.103515625e-05,True,False,48,CC(C)C,mol_cd0696a421ed56d8,0.254,0.21899999999999997,0.3609010875225067,2.6120989322662354,332.9397277832031,FC(F)(F)I,mol_b415a9b082dbafac,0.746,0.781,0.6390988826751709,1.1297657489776611,464.1320495605469,,,,,,,
state_23001764939e9eef0689b2c6,2c_a4e8a38f7f4879124614,2,binary_vle_english.xlsx,10.1016/j.fluid.2012.05.016,unverified,0.5,isothermal,0.9375,isothermal,,,56.61001067648,57.957176208496094,0.0,True,False,48,CCCO,mol_5fb2f93dc8caa9dc,0.8759,0.6457999999999999,0.6382333040237427,1.0148403644561768,41.61351776123047,CCOC(C)=O,mol_18876b584acc43d4,0.1241,0.3542,0.36176666617393494,1.8245251178741455,92.60067749023438,,,,,,,
state_232d462a539a85e49b30847b,2c_1490252da7453cbbebe4,2,binary_vle_english.xlsx,10.1016/j.fluid.2007.10.016,unverified,0.5,isothermal,0.9615384615384616,isothermal,,,70.13996454822399,68.35403442382812,-7.62939453125e-06,True,False,48,CC(C)CC(C)(C)C,mol_57615b5c3546c298,0.47030000000000005,0.41779999999999995,0.40790998935699463,1.6432723999023438,36.078121185302734,CC(C)O,mol_db030b5de88f8eaf,0.5297,0.5822,0.5920900106430054,1.406823992729187,54.3102912902832,,,,,,,
state_23d485ce8f8403c644eba316,2c_56df7cea200b948181e5,2,binary_vle_english.xlsx,10.1016/j.fluid.2007.07.010,unverified,0.5,isothermal,0.8333333333333334,isothermal,,,455.999962145408,550.538330078125,-6.103515625e-05,True,False,48,CC(F)F,mol_ed933f1c25fd987c,0.306,0.59,0.6692153811454773,2.264777421951294,531.6263427734375,CCCC,mol_fadb5806094149e6,0.694,0.41000000000000003,0.3307846486568451,1.1830801963806152,221.79879760742188,,,,,,,
state_24a050b2461a096b04c52eb0,2c_6f361cb0ec8be0b0e6dd,2,binary_vle_english.xlsx,10.1016/j.jct.2012.11.005,unverified,0.5,isothermal,0.9166666666666666,isothermal,,,89.960067742208,78.15512084960938,-7.62939453125e-06,True,False,48,CC(C)OC(C)C,mol_1a0ca8e5eeb68da8,0.379,0.599,0.5520326495170593,1.5606913566589355,72.94002532958984,CCO,mol_f29e20f49d416e54,0.621,0.401,0.44796738028526306,1.1900795698165894,47.37357711791992,,,,,,,
state_24d393ee90b1f28c51a3797b,2c_3e7cc7d2a95d27d26296,2,binary_vle_english.xlsx,10.1016/j.fluid.2016.12.025,unverified,0.5,isothermal,0.95,isothermal,,,8.29998401984,10.225242614746094,0.0,True,False,48,CCCCCCO,mol_eb71ecc709e3f0dc,0.45030000000000003,0.12639999999999996,0.16311900317668915,1.18040931224823,3.137932538986206,CCCCO,mol_ad4ef9c6c876ca2f,0.5497,0.8736,0.8368809819221497,1.1035493612289429,14.106517791748047,,,,,,,
state_2502e7c0a3cbdaede4eb749a,2c_98afb8e6c65a310db5e0,2,binary_vle_english.xlsx,10.1016/j.jct.2012.12.026,unverified,0.5,isothermal,0.9,isothermal,,,185.90004365632,226.48501586914062,0.0,True,False,48,F/C=C/C(F)(F)F,mol_0e763ba6787b2749,0.8009999999999999,0.778,0.749100387096405,1.0229500532150269,207.0582733154297,FC(F)C(F)F,mol_fccff6221e62b4bc,0.199,0.222,0.2508995831012726,1.3482948541641235,211.78805541992188,,,,,,,
state_2512808a563b27c5386b38f7,2c_a4e8a38f7f4879124614,2,binary_vle_english.xlsx,10.1016/j.fluid.2012.05.016,unverified,0.5,isothermal,0.9375,isothermal,,,94.28997828774399,92.50698852539062,-7.62939453125e-06,True,False,48,CCCO,mol_5fb2f93dc8caa9dc,0.022700000000000053,0.019000000000000017,0.021245678886771202,2.0805819034576416,41.61351776123047,CCOC(C)=O,mol_18876b584acc43d4,0.9773,0.981,0.9787543416023254,1.0004748106002808,92.60067749023438,,,,,,,
state_25c8266c1ef5fedd6f7084d8,2c_1490252da7453cbbebe4,2,binary_vle_english.xlsx,10.1016/j.fluid.2007.10.016,unverified,0.5,isothermal,0.9615384615384616,isothermal,,,32.60998460096,28.36331558227539,0.0,True,False,48,CC(C)CC(C)(C)C,mol_57615b5c3546c298,0.9858,0.7637,0.8938108682632446,1.0005220174789429,25.703197479248047,CC(C)O,mol_db030b5de88f8eaf,0.0142,0.2363,0.10618912428617477,5.987753868103027,35.422950744628906,,,,,,,
state_264c242e991a7764591c31fd,2c_a160651817afdffd3182,2,binary_vle_english.xlsx,10.1016/j.fluid.2005.05.024,unverified,0.5,isothermal,0.9583333333333334,isothermal,,,32.459996936959996,33.044822692871094,0.0,True,False,48,CC(=O)CC(C)C,mol_0a895444a9f0f36b,0.09999999999999998,0.07169999999999999,0.050705380737781525,1.3345452547073364,12.555214881896973,CC(C)O,mol_db030b5de88f8eaf,0.9,0.9283,0.9492946863174438,0.9839595556259155,35.422950744628906,,,,,,,
state_264f5c5c28186b9a0dc38eba,2c_9478a219a5c540597926,2,binary_vle_english.xlsx,10.1016/j.fluid.2009.01.016,unverified,0.5,isothermal,0.9411764705882353,isothermal,,,66.16002521868799,66.88690185546875,-7.62939453125e-06,True,False,48,CC(=O)C(C)(C)C,mol_61a887e37d396488,0.17920000000000003,0.03969999999999996,0.03646603226661682,1.1479781866073608,11.856537818908691,COC(C)(C)C,mol_b614d6fea320c179,0.8208,0.9603,0.9635339379310608,0.9973717331886292,78.72517395019531,,,,,,,
state_2696da0c56279781f9ef436c,2c_ae99b15d6b25c7962c21,2,binary_vle_english.xlsx,10.1016/j.fluid.2005.05.003,unverified,0.5,isothermal,0.9166666666666666,isothermal,,,10.870039307775999,9.531087875366211,0.0,True,False,48,NC1CCCCC1,mol_3cb1d9728851c877,0.896,0.618,0.709240198135376,1.003975749015808,7.514577388763428,O,mol_e81dc06beaa39499,0.104,0.382,0.290759801864624,1.2767833471298218,20.87018394470215,,,,,,,
state_26fec4926f76b908771d7fc5,2c_a160651817afdffd3182,2,binary_vle_english.xlsx,10.1016/j.fluid.2005.05.024,unverified,0.5,isothermal,0.96,isothermal,,,44.299956471936,43.79521179199219,0.0,True,False,48,CC(=O)CC(C)C,mol_0a895444a9f0f36b,0.42579999999999996,0.22950000000000004,0.22184798121452332,1.2132329940795898,18.807552337646484,CC(C)O,mol_db030b5de88f8eaf,0.5742,0.7705,0.7781519889831543,1.0928127765655518,54.3102912902832,,,,,,,
state_2769dec4f5964a75124f9745,2c_1490252da7453cbbebe4,2,binary_vle_english.xlsx,10.1016/j.fluid.2007.10.016,unverified,0.5,isothermal,0.9615384615384616,isothermal,,,66.16002521868799,64.63725280761719,0.0,True,False,48,CC(C)CC(C)(C)C,mol_57615b5c3546c298,0.13380000000000003,0.28069999999999995,0.25222697854042053,3.3773369789123535,36.078121185302734,CC(C)O,mol_db030b5de88f8eaf,0.8662,0.7193,0.7477730512619019,1.0274304151535034,54.3102912902832,,,,,,,
state_140c83395ab0deefdd41109c,3c_2cb16216a8c609b7ad27,3,ternary_vle_english.xlsx,10.1016/j.fluid.2005.09.015,unverified,0.5,isobaric,0.9767441860465116,isobaric,387.64,388.1111755371094,,,3.814697265625e-05,True,False,48,CC(=O)OCC(C)C,mol_e7eb29ad965cc8ee,0.675,0.646,0.6474342346191406,1.0105093717575073,96.15255737304688,CC(C)CO,mol_015d21fca05fcd26,0.195,0.304,0.30938655138015747,1.2445895671844482,129.1367950439453,CCCCOC(=O)CC,mol_a9c167bbb331e76a,0.1299999999999999,0.050000000000000044,0.04317925125360489,0.9471157789230347,35.52532196044922
state_140ec21ac35176c385155e59,2c_74a658fab9cc22057bbd,2,binary_vle_english.xlsx,10.1016/j.jct.2019.03.036,unverified,0.5,isobaric,0.9473684210526315,isobaric,387.34999999999997,387.7743225097656,,,7.62939453125e-06,True,False,48,CCCOC(C)=O,mol_67043ae833ecd0c7,0.4457,0.935,0.9384094476699829,1.3383227586746216,159.36688232421875,CS(C)=O,mol_7d3e12eaed0f467c,0.5543,0.06499999999999995,0.06159059703350067,1.1737604141235352,9.58957290649414,,,,,,,
state_141a86d6c9d659ca47723ac2,2c_972bb6b6305c64cb2237,2,binary_vle_english.xlsx,10.1016/j.jct.2017.07.019,unverified,0.5,isobaric,0.95,isobaric,362.39,378.5226135253906,,,0.00093841552734375,True,False,48,ClC(Cl)Cl,mol_d9e0a2387a6283f9,0.04830000000000001,0.5096,0.18464574217796326,1.0912606716156006,354.87615966796875,OCC(F)(F)C(F)F,mol_48469952cf716332,0.9517,0.4904,0.8153542876243591,1.0000746250152588,86.78147888183594,,,,,,,
state_1444be404b8b8170e5edc86d,3c_2cb16216a8c609b7ad27,3,ternary_vle_english.xlsx,10.1016/j.fluid.2005.09.015,unverified,0.5,isobaric,0.9767441860465116,isobaric,384.45,384.91339111328125,,,0.0001068115234375,True,False,48,CC(=O)OCC(C)C,mol_e7eb29ad965cc8ee,0.205,0.195,0.19321301579475403,1.0996077060699463,86.82691955566406,CC(C)CO,mol_015d21fca05fcd26,0.595,0.727,0.7405892610549927,1.0941715240478516,115.23506164550781,CCCCOC(=O)CC,mol_a9c167bbb331e76a,0.20000000000000007,0.07800000000000007,0.0661977156996727,1.058334469795227,31.681058883666992
state_1501b8ac85c445bdd24c9b03,2c_82cfa7a14fa3ab1984f1,2,binary_vle_english.xlsx,10.1016/j.jct.2019.07.006,unverified,0.5,isobaric,0.9333333333333333,isobaric,350.37,357.24078369140625,,,0.00011444091796875,True,False,48,CC#N,mol_7028b7cbd3d829b4,0.3754,0.6421,0.5726045370101929,1.4588500261306763,105.91549682617188,O,mol_e81dc06beaa39499,0.6246,0.3579,0.42739546298980713,1.2156926393508911,57.01823806762695,,,,,,,
state_151a3a4b0e7f4e1de9f475eb,3c_f0c258463b44c2183ab7,3,ternary_vle_english.xlsx,10.1016/j.fluid.2005.03.014,unverified,0.5,isobaric,0.9767441860465116,isobaric,398.34,397.9490661621094,,,5.340576171875e-05,True,False,48,CC(=O)OCC(C)C,mol_e7eb29ad965cc8ee,0.37,0.608,0.5976264476776123,1.2561302185058594,130.2575225830078,CC(C)CO,mol_015d21fca05fcd26,0.103,0.146,0.15290507674217224,0.8297532796859741,181.2362518310547,CN(C)C=O,mol_ca12d6d2f2ffb170,0.527,0.246,0.24946844577789307,1.0494821071624756,45.69191360473633
state_153d0064feb5ead294795d0f,2c_d66c7a74cea5d8732e08,2,binary_vle_english.xlsx,10.1016/j.jct.2016.10.001,unverified,0.5,isobaric,0.9375,isobaric,358.5,360.3150634765625,,,0.000244140625,True,False,48,CC(C)O,mol_db030b5de88f8eaf,0.05,0.455,0.39154839515686035,6.595124244689941,120.28255462646484,O,mol_e81dc06beaa39499,0.95,0.5449999999999999,0.6084516048431396,1.0106420516967773,64.19708251953125,,,,,,,
state_15858794141b004106022bd4,3c_f0c258463b44c2183ab7,3,ternary_vle_english.xlsx,10.1016/j.fluid.2005.03.014,unverified,0.5,isobaric,0.9767441860465116,isobaric,395.03,394.98681640625,,,5.340576171875e-05,True,False,48,CC(=O)OCC(C)C,mol_e7eb29ad965cc8ee,0.471,0.672,0.6632429957389832,1.1980246305465698,119.0680923461914,CC(C)CO,mol_015d21fca05fcd26,0.104,0.147,0.14897798001766205,0.88512122631073,163.94393920898438,CN(C)C=O,mol_ca12d6d2f2ffb170,0.42500000000000004,0.18099999999999994,0.1877790093421936,1.0784187316894531,41.503055572509766
state_15b601c741b67d6e9aee62ad,3c_f0c258463b44c2183ab7,3,ternary_vle_english.xlsx,10.1016/j.fluid.2005.03.014,unverified,0.5,isobaric,0.9767441860465116,isobaric,390.45,390.3731994628906,,,0.00034332275390625,True,False,48,CC(=O)OCC(C)C,mol_e7eb29ad965cc8ee,0.523,0.621,0.6161962151527405,1.1560180187225342,103.24364471435547,CC(C)CO,mol_015d21fca05fcd26,0.207,0.276,0.2807580828666687,0.9826998710632324,139.81431579589844,CN(C)C=O,mol_ca12d6d2f2ffb170,0.27,0.10299999999999998,0.10304568707942963,1.0851678848266602,35.62704086303711
state_167eb8ba75d14d438e48e34a,2c_df88b179a6c12f0b788b,2,binary_vle_english.xlsx,10.1016/j.jct.2006.12.003,unverified,0.5,isobaric,0.9333333333333333,isobaric,372.25,371.1115417480469,,,-2.288818359375e-05,True,False,48,Cc1ccccc1,mol_1c09299644053521,0.652,0.46199999999999997,0.45079487562179565,0.9963887333869934,70.29293060302734,ClCCCl,mol_e8df6c9e89c6b62a,0.348,0.538,0.5492051243782043,0.9929695129394531,161.0009765625,,,,,,,
state_168520d2d8cad71fd658b6a6,3c_2cb16216a8c609b7ad27,3,ternary_vle_english.xlsx,10.1016/j.fluid.2005.09.015,unverified,0.5,isobaric,0.9767441860465116,isobaric,386.22999999999996,386.8345642089844,,,0.0003509521484375,True,False,48,CC(=O)OCC(C)C,mol_e7eb29ad965cc8ee,0.103,0.104,0.10346373170614243,1.102048397064209,92.3338394165039,CC(C)CO,mol_015d21fca05fcd26,0.591,0.771,0.78838711977005,1.094868540763855,123.42430877685547,CCCCOC(=O)CC,mol_a9c167bbb331e76a,0.30600000000000005,0.125,0.10814917087554932,1.0547080039978027,33.945343017578125
state_16ca26179d1669e352bcc926,2c_d66c7a74cea5d8732e08,2,binary_vle_english.xlsx,10.1016/j.jct.2016.10.001,unverified,0.5,isobaric,0.9375,isobaric,354.5,354.65533447265625,,,6.866455078125e-05,True,False,48,CC(C)O,mol_db030b5de88f8eaf,0.402,0.567,0.5509380102157593,1.4272937774658203,97.26862335205078,O,mol_e81dc06beaa39499,0.598,0.43300000000000005,0.44906195998191833,1.476402759552002,51.524017333984375,,,,,,,
state_1730987771c552a413afbef1,2c_df88b179a6c12f0b788b,2,binary_vle_english.xlsx,10.1016/j.jct.2006.12.003,unverified,0.5,isobaric,0.9333333333333333,isobaric,376.75,377.3766174316406,,,6.866455078125e-05,True,False,48,Cc1ccccc1,mol_1c09299644053521,0.847,0.7130000000000001,0.7115744948387146,0.9994565844535828,85.14957427978516,ClCCCl,mol_e8df6c9e89c6b62a,0.153,0.287,0.2884255349636078,0.9828076362609863,194.30465698242188,,,,,,,
state_176600e17a5ce037f6be9dd6,2c_1490252da7453cbbebe4,2,binary_vle_english.xlsx,10.1016/j.jct.2011.10.025,unverified,0.5,isobaric,0.9545454545454546,isobaric,349.92999999999995,350.2794494628906,,,-7.62939453125e-06,True,False,48,CC(C)CC(C)(C)C,mol_57615b5c3546c298,0.45099999999999996,0.383,0.3822491466999054,1.7136695384979248,50.101646423339844,CC(C)O,mol_db030b5de88f8eaf,0.549,0.617,0.617750883102417,1.3874876499176025,82.15254974365234,,,,,,,
state_179f68f5a3a41018cb2bfce6,2c_4e1effd6e44016fa9e71,2,binary_vle_english.xlsx,10.1016/j.fluid.2019.03.022,passed,1.0,isobaric,0.95,isobaric,333.96999999999997,336.6886901855469,,,0.00029754638671875,True,False,48,CO,mol_a85d32e4db2ff39c,0.14300000000000002,0.516,0.4574297368526459,3.4230220317840576,94.6649169921875,c1ccccc1,mol_7165dcf6be1f831d,0.857,0.484,0.5425702333450317,1.0442721843719482,61.414634704589844,,,,,,,
state_17b6231838e6a7af282bf414,2c_03bd4325b126d2709459,2,binary_vle_english.xlsx,10.1016/j.fluid.2011.10.009,unverified,0.5,isobaric,0.9333333333333333,isobaric,416.0,413.0908203125,,,3.0517578125e-05,True,False,48,C1CCCCC1,mol_893981623557f359,0.049000000000000044,0.22099999999999997,0.25457173585891724,1.1007170677185059,478.13189697265625,CCCCCCCCC,mol_dd70207e50d8bf63,0.951,0.779,0.7454282641410828,1.0001851320266724,79.38788604736328,,,,,,,
state_17c3ff19d709e06aeef077be,2c_9f331b7867f625e21322,2,binary_vle_english.xlsx,10.1016/j.jct.2015.03.013,unverified,0.5,isobaric,0.9090909090909091,isobaric,372.09999999999997,371.3996276855469,,,-7.62939453125e-06,True,False,48,CCC(C)=O,mol_4cfc5db0ca2ab00b,0.1772,0.5458,0.5522141456604004,1.2274706363677979,189.14242553710938,COCCO,mol_d291b272a64498d9,0.8228,0.45420000000000005,0.4477859139442444,1.0096622705459595,40.15653991699219,,,,,,,
state_17fa55b0b3543275f96737d4,2c_7b12ee2d0e35e39326bc,2,binary_vle_english.xlsx,10.1016/j.fluid.2011.08.007,unverified,0.5,isobaric,0.9642857142857143,isobaric,329.19,329.8468322753906,,,2.288818359375e-05,True,False,48,CCOCCO,mol_ab8630148ae67e51,0.07399999999999995,0.0050000000000000044,0.004274152684956789,0.922025740146637,4.175808429718018,CO,mol_a85d32e4db2ff39c,0.926,0.995,0.9957258701324463,0.9948068261146545,72.05355072021484,,,,,,,
state_18177350e1528c19d3c3d071,2c_7c6b847ee4cb190db3ef,2,binary_vle_english.xlsx,10.1016/j.fluid.2005.06.024,unverified,0.5,isobaric,0.9666666666666667,isobaric,376.80999999999995,376.5566101074219,,,-3.814697265625e-05,True,False,48,CCC(C)=O,mol_4cfc5db0ca2ab00b,0.3237,0.6599,0.6942532062530518,0.9903006553649902,219.44442749023438,CCOC(=O)OCC,mol_4df2781fcf4d4a77,0.6763,0.34009999999999996,0.30574679374694824,0.9937520623207092,46.09575653076172,,,,,,,
state_1828636675fe7761f7e7753f,2c_d61da005b4125a743b07,2,binary_vle_english.xlsx,10.1016/j.fluid.2009.03.008,unverified,0.5,isobaric,0.9583333333333334,isobaric,388.55999999999995,388.4027404785156,,,0.0003509521484375,True,False,48,CC(=O)O,mol_9ac385b135af0125,0.9633,0.9173,0.8905808925628662,0.9999873042106628,93.68221282958984,CCC(C)=O,mol_4cfc5db0ca2ab00b,0.036699999999999955,0.0827,0.10941912233829498,0.9933144450187683,304.1446838378906,,,,,,,
state_183464c8177fd6ef8cab3cf4,2c_d66c7a74cea5d8732e08,2,binary_vle_english.xlsx,10.1016/j.jct.2017.02.005,unverified,0.5,isobaric,0.96875,isobaric,353.19,353.5732727050781,,,3.0517578125e-05,True,False,48,CC(C)O,mol_db030b5de88f8eaf,0.761,0.734,0.7380861639976501,1.0392483472824097,93.32615661621094,O,mol_e81dc06beaa39499,0.239,0.266,0.26191383600234985,2.2200276851654053,49.36310577392578,,,,,,,
state_183fca85c717fae213fbe5b9,2c_165952a69a69e7a8d3f6,2,binary_vle_english.xlsx,10.1016/j.fluid.2005.01.007,unverified,0.5,isobaric,0.9545454545454546,isobaric,344.47999999999996,346.3416442871094,,,-3.814697265625e-05,True,False,48,CC(C)CC(C)(C)C,mol_57615b5c3546c298,0.29500000000000004,0.34299999999999997,0.323355108499527,2.50801420211792,44.281517028808594,CCO,mol_f29e20f49d416e54,0.705,0.657,0.6766448616981506,1.1929258108139038,81.51789855957031,,,,,,,
state_19345a4d768619490d979435,2c_6eb2e45afed5017e5e33,2,binary_vle_english.xlsx,10.1016/j.fluid.2014.09.021,unverified,0.5,isobaric,0.95,isobaric,387.25,387.8473205566406,,,7.62939453125e-06,True,False,48,CCC(C)OC(C)=O,mol_879306ab1082c162,0.817,0.904,0.904716432094574,1.0347422361373901,108.40953063964844,CN(C)C=O,mol_ca12d6d2f2ffb170,0.18300000000000005,0.09599999999999997,0.09528356790542603,1.6119930744171143,32.719970703125,,,,,,,
state_197fcdfc23556b129d5bd46b,3c_61bfd4ccc52903a74083,3,ternary_vle_english.xlsx,10.1016/j.fluid.2007.03.030,unverified,0.5,isobaric,0.9761904761904762,isobaric,361.82,363.9564514160156,,,0.0016326904296875,True,False,48,CCCO,mol_5fb2f93dc8caa9dc,0.489,0.656,0.4290980100631714,1.1230140924453735,79.15504455566406,CCCOCCC,mol_e13b90e4aa2e917d,0.314,0.292,0.5317156910896301,1.6593235731124878,103.37960815429688,CCOCCO,mol_ab8630148ae67e51,0.19700000000000006,0.052000000000000046,0.03918631002306938,1.027144193649292,19.617918014526367
state_19d8fc28aff9bff493e8515d,2c_21b807a1a6c6348c91ac,2,binary_vle_english.xlsx,10.1016/j.fluid.2018.07.027,unverified,0.5,isobaric,0.9629629629629629,isobaric,371.63,369.5376281738281,,,3.814697265625e-05,True,False,48,CC(C)CC(C)(C)C,mol_57615b5c3546c298,0.2518,0.6079,0.6308243870735168,2.8760366439819336,88.24044036865234,CCCCO,mol_ad4ef9c6c876ca2f,0.7482,0.3921,0.36917558312416077,1.1213130950927734,44.575653076171875,,,,,,,
state_1b3f37d8c9a07195db570eb7,2c_972bb6b6305c64cb2237,2,binary_vle_english.xlsx,10.1016/j.jct.2017.07.019,unverified,0.5,isobaric,0.95,isobaric,339.42999999999995,356.732421875,,,4.57763671875e-05,True,False,48,ClC(Cl)Cl,mol_d9e0a2387a6283f9,0.3647,0.8518,0.7513634562492371,1.0711721181869507,194.8338623046875,OCC(F)(F)C(F)F,mol_48469952cf716332,0.6353,0.1482,0.24863651394844055,1.0067188739776611,39.38104248046875,,,,,,,
state_1bf7a22ca23d1813020a84e5,2c_1490252da7453cbbebe4,2,binary_vle_english.xlsx,10.1016/j.jct.2011.10.025,unverified,0.5,isobaric,0.9545454545454546,isobaric,353.34999999999997,352.84002685546875,,,0.00074005126953125,True,False,48,CC(C)CC(C)(C)C,mol_57615b5c3546c298,0.825,0.501,0.4756947457790375,1.077467918395996,54.21037292480469,CC(C)O,mol_db030b5de88f8eaf,0.175,0.499,0.5243052840232849,3.344987392425537,90.73274230957031,,,,,,,
state_1c1076e23702297e7b60f1fc,2c_42d2383a8e4daebeb5e1,2,binary_vle_english.xlsx,10.1016/j.fluid.2010.08.002,unverified,0.5,isobaric,0.9333333333333333,isobaric,386.09,389.9107666015625,,,0.000152587890625,True,False,48,CCCCCCC,mol_fddb2c852c313396,0.058,0.521,0.4920242428779602,2.980381488800049,170.78079223632812,CCCOCCO,mol_770d75a3bb2412ce,0.942,0.479,0.507975697517395,1.0032671689987183,32.24985885620117,,,,,,,
state_1c40ea2f8d8203426d0d38f2,2c_d66c7a74cea5d8732e08,2,binary_vle_english.xlsx,10.1016/j.fluid.2014.02.006,unverified,0.5,isobaric,0.9411764705882353,isobaric,354.35999999999996,354.8797607421875,,,4.57763671875e-05,True,False,48,CC(C)O,mol_db030b5de88f8eaf,0.929,0.896,0.9021028876304626,1.0026835203170776,98.10380554199219,O,mol_e81dc06beaa39499,0.07099999999999995,0.10399999999999998,0.09789711982011795,2.6869895458221436,51.982234954833984,,,,,,,
state_1c905db997611a64bfa0ddec,2c_7b12ee2d0e35e39326bc,2,binary_vle_english.xlsx,10.1016/j.fluid.2011.08.007,unverified,0.5,isobaric,0.9666666666666667,isobaric,352.67999999999995,352.51519775390625,,,0.0005340576171875,True,False,48,CCOCCO,mol_ab8630148ae67e51,0.496,0.07199999999999995,0.063961923122406,0.996893048286438,12.071710586547852,CO,mol_a85d32e4db2ff39c,0.504,0.928,0.936038076877594,1.0141263008117676,170.9025115966797,,,,,,,
state_1cdd23c5a92398478fdc992f,2c_9f331b7867f625e21322,2,binary_vle_english.xlsx,10.1016/j.jct.2015.03.013,unverified,0.5,isobaric,0.9090909090909091,isobaric,369.7,372.3713684082031,,,-1.52587890625e-05,True,False,48,CCC(C)=O,mol_4cfc5db0ca2ab00b,0.3237,0.6901,0.7130205631256104,1.1467854976654053,194.57464599609375,COCCO,mol_d291b272a64498d9,0.6763,0.30989999999999995,0.28697943687438965,1.0310940742492676,41.68906784057617,,,,,,,
state_1cf0cfebf21a8e110755ff3c,2c_26042ad21e725d8f2224,2,binary_vle_english.xlsx,10.1016/j.jct.2019.06.026,unverified,0.5,isobaric,0.9411764705882353,isobaric,384.54999999999995,385.3028869628906,,,3.814697265625e-05,True,False,48,CN(C)C=O,mol_ca12d6d2f2ffb170,0.08979999999999999,0.027200000000000002,0.021651985123753548,0.8142277598381042,29.99748420715332,OCC(F)(F)C(F)F,mol_48469952cf716332,0.9102,0.9728,0.9783480167388916,0.9992732405662537,108.9636459350586,,,,,,,
state_1d45145629d62ffa337fa8d5,2c_42d2383a8e4daebeb5e1,2,binary_vle_english.xlsx,10.1016/j.fluid.2010.08.002,unverified,0.5,isobaric,0.9230769230769231,isobaric,368.17999999999995,369.5397644042969,,,-5.340576171875e-05,True,False,48,CCCCCCC,mol_fddb2c852c313396,0.473,0.875,0.8762324452400208,1.5691759586334229,94.4443588256836,CCCOCCO,mol_770d75a3bb2412ce,0.527,0.125,0.12376755475997925,1.2874373197555542,14.593502044677734,,,,,,,
state_1d92702022914ae20d22838c,2c_7b12ee2d0e35e39326bc,2,binary_vle_english.xlsx,10.1016/j.fluid.2011.08.007,unverified,0.5,isobaric,0.9642857142857143,isobaric,353.67999999999995,354.50689697265625,,,-3.814697265625e-05,True,False,48,CCOCCO,mol_ab8630148ae67e51,0.6839999999999999,0.131,0.1348131000995636,0.9978895783424377,13.1661376953125,CO,mol_a85d32e4db2ff39c,0.316,0.869,0.8651869893074036,0.9951199889183044,183.40550231933594,,,,,,,
state_1da70f1708cf2d14d8ad3ae7,2c_42d2383a8e4daebeb5e1,2,binary_vle_english.xlsx,10.1016/j.fluid.2010.08.002,unverified,0.5,isobaric,0.9230769230769231,isobaric,381.19,382.9896240234375,,,1.52587890625e-05,True,False,48,CCCCCCC,mol_fddb2c852c313396,0.168,0.731,0.7339304685592651,2.4850399494171143,140.6378173828125,CCCOCCO,mol_770d75a3bb2412ce,0.832,0.269,0.2660695016384125,1.0287872552871704,24.867721557617188,,,,,,,
state_1e78cc94af9b65412890f22b,2c_21b807a1a6c6348c91ac,2,binary_vle_english.xlsx,10.1016/j.fluid.2018.07.027,unverified,0.5,isobaric,0.9629629629629629,isobaric,367.51,366.77337646484375,,,-7.62939453125e-06,True,False,48,CC(C)CC(C)(C)C,mol_57615b5c3546c298,0.6521,0.741,0.7106325030326843,1.351976752281189,81.65274047851562,CCCCO,mol_ad4ef9c6c876ca2f,0.3479,0.259,0.2893674969673157,2.1163110733032227,39.81300354003906,,,,,,,
state_1e9fd97ca889a642f1484fd3,2c_7c6b847ee4cb190db3ef,2,binary_vle_english.xlsx,10.1016/j.fluid.2005.06.024,unverified,0.5,isobaric,0.9666666666666667,isobaric,369.55999999999995,368.13531494140625,,,-3.0517578125e-05,True,False,48,CCC(C)=O,mol_4cfc5db0ca2ab00b,0.4899,0.7977,0.8300969004631042,0.9993872046470642,171.7924346923828,CCOC(=O)OCC,mol_4df2781fcf4d4a77,0.5101,0.20230000000000004,0.16990303993225098,0.9885502457618713,34.1400032043457,,,,,,,
state_1ed7da97e64e4b7fbea389f2,2c_d66c7a74cea5d8732e08,2,binary_vle_english.xlsx,10.1016/j.fluid.2015.11.034,unverified,0.5,isobaric,0.9333333333333333,isobaric,354.15,354.76934814453125,,,-3.814697265625e-05,True,False,48,CC(C)O,mol_db030b5de88f8eaf,0.373,0.554,0.5440526604652405,1.5124512910842896,97.69216918945312,O,mol_e81dc06beaa39499,0.627,0.44599999999999995,0.45594727993011475,1.4232864379882812,51.75636672973633,,,,,,,
state_1f38564479f39cd5d8ea3976,2c_82cfa7a14fa3ab1984f1,2,binary_vle_english.xlsx,10.1016/j.jct.2019.07.006,unverified,0.5,isobaric,0.9333333333333333,isobaric,371.71999999999997,371.18511962890625,,,2.288818359375e-05,True,False,48,CC#N,mol_7028b7cbd3d829b4,0.0102,0.0628,0.06070445477962494,3.6205570697784424,166.51535034179688,O,mol_e81dc06beaa39499,0.9898,0.9372,0.9392955303192139,1.0002073049545288,96.1112060546875,,,,,,,
state_1f963637072941a14284cecf,2c_1490252da7453cbbebe4,2,binary_vle_english.xlsx,10.1016/j.jct.2011.10.025,unverified,0.5,isobaric,0.9545454545454546,isobaric,349.96,350.3081359863281,,,-3.0517578125e-05,True,False,48,CC(C)CC(C)(C)C,mol_57615b5c3546c298,0.46699999999999997,0.387,0.3854389190673828,1.6672844886779785,50.14619827270508,CC(C)O,mol_db030b5de88f8eaf,0.533,0.613,0.6145610809326172,1.4201661348342896,82.24466705322266,,,,,,,
state_1fb45baad312cb559a97e063,2c_f6f5f309e3d6c1952684,2,binary_vle_english.xlsx,10.1016/j.fluid.2012.12.020,passed,1.0,isobaric,0.9545454545454546,isobaric,400.9,398.63153076171875,,,3.814697265625e-05,True,False,48,CCCCCO,mol_243de2450bee5519,0.5691999999999999,0.4125,0.35964682698249817,1.0990411043167114,58.065582275390625,CCCCO,mol_ad4ef9c6c876ca2f,0.4308,0.5875,0.6403532028198242,1.127589225769043,133.14178466796875,,,,,,,
state_1fe81504ec4dd92bf15de962,2c_8227101c64130ee5e04f,2,binary_vle_english.xlsx,10.1016/j.jct.2017.07.019,unverified,0.5,isobaric,0.9411764705882353,isobaric,369.63,372.0050048828125,,,8.392333984375e-05,True,False,48,O,mol_e81dc06beaa39499,0.9745,0.8734999999999999,0.9536861777305603,1.0015100240707397,98.98693084716797,OCC(F)(F)C(F)F,mol_48469952cf716332,0.0255,0.1265,0.04631377384066582,2.659344434738159,69.18387603759766,,,,,,,
state_201c160b12c32b72fff6d00a,2c_42d2383a8e4daebeb5e1,2,binary_vle_english.xlsx,10.1016/j.fluid.2010.08.002,unverified,0.5,isobaric,0.9230769230769231,isobaric,410.73,411.31884765625,,,0.0008697509765625,True,False,48,CCCCCCC,mol_fddb2c852c313396,0.013,0.142,0.15867720544338226,3.268345832824707,298.77044677734375,CCCOCCO,mol_770d75a3bb2412ce,0.987,0.858,0.8413228392601013,1.0001648664474487,68.1817855834961,,,,,,,
state_20ed6613b81a120a959c2d66,2c_74caf60139062b8ca437,2,binary_vle_english.xlsx,10.1016/j.fluid.2010.08.010,unverified,0.5,isobaric,0.9411764705882353,isobaric,423.15,414.0700378417969,,,-3.0517578125e-05,True,False,48,CCCCCCO,mol_eb71ecc709e3f0dc,0.6808000000000001,0.5721,0.47377291321754456,1.0779776573181152,61.716129302978516,Cc1ccccc1C,mol_61c4de85d258b45d,0.3192,0.4279,0.5262271165847778,1.5496995449066162,101.69991302490234,,,,,,,
state_212f036080ba7d22bcfe7b11,2c_61469365e9d7838600a7,2,binary_vle_english.xlsx,10.1016/j.fluid.2015.05.031,unverified,0.5,isobaric,0.9629629629629629,isobaric,308.57,310.6770935058594,,,0.000244140625,True,False,48,CCCCCCC,mol_fddb2c852c313396,0.5569999999999999,0.07899999999999996,0.07050532102584839,1.1637020111083984,11.020997047424316,COC=O,mol_3beef90b23ffcece,0.443,0.921,0.9294947385787964,1.7157713174819946,123.90240478515625,,,,,,,
state_2161eb5921365e34c9b85935,2c_8227101c64130ee5e04f,2,binary_vle_english.xlsx,10.1016/j.jct.2017.07.019,unverified,0.5,isobaric,0.9411764705882353,isobaric,368.16999999999996,371.5669860839844,,,0.0001220703125,True,False,48,O,mol_e81dc06beaa39499,0.9491,0.8162,0.9182121753692627,1.0057636499404907,97.44169616699219,OCC(F)(F)C(F)F,mol_48469952cf716332,0.0509,0.1838,0.08178780972957611,2.3895373344421387,68.11874389648438,,,,,,,
state_2165121093f22f96affe6c2d,2c_60db84011f520a374b2a,2,binary_vle_english.xlsx,10.1016/j.fluid.2013.09.060,passed,1.0,isobaric,0.9375,isobaric,333.29999999999995,334.2795104980469,,,0.00086212158203125,True,False,48,C1CCOC1,mol_c59bfa659357f795,0.711,0.619,0.6581460237503052,1.0638580322265625,88.14177703857422,CO,mol_a85d32e4db2ff39c,0.28900000000000003,0.381,0.34185394644737244,1.3917195796966553,86.10014343261719,,,,,,,
state_220537fe5a3e76ee83f3f944,3c_1a08c4f653f7d812cdc9,3,ternary_vle_english.xlsx,10.1016/j.jct.2019.03.036,unverified,0.5,isobaric,0.972972972972973,isobaric,384.72999999999996,377.87054443359375,,,0.00019073486328125,True,False,48,CCCOC(C)=O,mol_67043ae833ecd0c7,0.3137,0.5618,0.45100903511047363,1.2515287399291992,116.36968994140625,CCOC(C)=O,mol_18876b584acc43d4,0.1819,0.3896,0.5099302530288696,1.2264410257339478,231.54818725585938,CS(C)=O,mol_7d3e12eaed0f467c,0.5044,0.04859999999999998,0.03906068578362465,1.1856937408447266,6.61610221862793
state_225e442da9e3697337962bc1,3c_f0c258463b44c2183ab7,3,ternary_vle_english.xlsx,10.1016/j.fluid.2005.03.014,unverified,0.5,isobaric,0.9767441860465116,isobaric,386.5,386.6242370605469,,,9.918212890625e-05,True,False,48,CC(=O)OCC(C)C,mol_e7eb29ad965cc8ee,0.286,0.337,0.3315264582633972,1.2802997827529907,91.71704864501953,CC(C)CO,mol_015d21fca05fcd26,0.501,0.608,0.609846293926239,1.0065635442733765,122.50422668457031,CN(C)C=O,mol_ca12d6d2f2ffb170,0.21300000000000008,0.05499999999999994,0.05862725153565407,0.8883628249168396,31.386228561401367
state_22659f6b0cf1d9711a1d6509,2c_35cc53cd52979773cfcb,2,binary_vle_english.xlsx,10.1016/j.fluid.2015.08.014,unverified,0.5,isobaric,0.9473684210526315,isobaric,347.90999999999997,352.07171630859375,,,0.00028228759765625,True,False,48,CO,mol_a85d32e4db2ff39c,0.732,0.997,0.9950337409973145,0.8185846209526062,168.21841430664062,CS(C)=O,mol_7d3e12eaed0f467c,0.268,0.0030000000000000027,0.004966277163475752,0.8229909539222717,2.2809274196624756,,,,,,,
state_22706e37ce051d0ea909bd95,3c_f0c258463b44c2183ab7,3,ternary_vle_english.xlsx,10.1016/j.fluid.2005.03.014,unverified,0.5,isobaric,0.9767441860465116,isobaric,381.78,382.0088195800781,,,3.814697265625e-05,True,False,48,CC(=O)OCC(C)C,mol_e7eb29ad965cc8ee,0.356,0.328,0.3230316936969757,1.1631523370742798,79.0256118774414,CC(C)CO,mol_015d21fca05fcd26,0.612,0.66,0.6695308685302734,1.0682965517044067,103.73771667480469,CN(C)C=O,mol_ca12d6d2f2ffb170,0.03200000000000003,0.01200000000000001,0.007437402382493019,0.8798046112060547,26.760509490966797
state_22740c473a97d170dde0406d,2c_a873f6bbdf8411ff9a25,2,binary_vle_english.xlsx,10.1016/j.fluid.2013.05.016,passed,1.0,isobaric,0.9444444444444444,isobaric,374.2,374.9336242675781,,,-7.62939453125e-06,True,False,48,CCCCCCCCC,mol_dd70207e50d8bf63,0.574,0.118,0.12904006242752075,1.0202440023422241,22.321210861206055,c1ccccc1,mol_7165dcf6be1f831d,0.42600000000000005,0.882,0.8709599375724792,1.0686372518539429,193.80609130859375,,,,,,,
state_228b9ad5de2dde4ebc60e343,2c_97830bff71af0df3111e,2,binary_vle_english.xlsx,10.1016/j.fluid.2018.03.015,unverified,0.5,isobaric,0.8333333333333334,isobaric,332.25,334.1205749511719,,,0.00081634521484375,True,False,48,CCO,mol_f29e20f49d416e54,0.22399999999999998,0.18100000000000005,0.20821283757686615,1.9070351123809814,49.3757209777832,ClC(Cl)Cl,mol_d9e0a2387a6283f9,0.776,0.819,0.7917871475219727,1.0735913515090942,96.27651977539062,,,,,,,
state_22b5987573a23ebc28f5c3c6,2c_8d6240d515d92725f365,2,binary_vle_english.xlsx,10.1016/j.fluid.2015.05.031,unverified,0.5,isobaric,0.96875,isobaric,308.14,307.9971618652344,,,0.00064849853515625,True,False,48,CCCCCCCC,mol_8151bb583f7f3ebd,0.40800000000000003,0.02300000000000002,0.020407654345035553,1.4410990476608276,3.516711711883545,COC=O,mol_3beef90b23ffcece,0.592,0.977,0.9795923233032227,1.486329436302185,112.79926300048828,,,,,,,
state_22d72de65119bb8c51ce7635,2c_7b12ee2d0e35e39326bc,2,binary_vle_english.xlsx,10.1016/j.fluid.2011.08.007,unverified,0.5,isobaric,0.9642857142857143,isobaric,356.55999999999995,357.5377502441406,,,-5.340576171875e-05,True,False,48,CCOCCO,mol_ab8630148ae67e51,0.725,0.16100000000000003,0.16271325945854187,0.9975705146789551,14.997060775756836,CO,mol_a85d32e4db2ff39c,0.275,0.839,0.8372867703437805,0.9953747391700745,203.90118408203125,,,,,,,
state_22ef7e899f11a80780bbb95b,2c_d66c7a74cea5d8732e08,2,binary_vle_english.xlsx,10.1016/j.fluid.2014.02.006,unverified,0.5,isobaric,0.9411764705882353,isobaric,354.03,354.6713562011719,,,-4.57763671875e-05,True,False,48,CC(C)O,mol_db030b5de88f8eaf,0.398,0.566,0.549910843372345,1.4380708932876587,97.32801818847656,O,mol_e81dc06beaa39499,0.602,0.43400000000000005,0.45008912682533264,1.469015121459961,51.55665588378906,,,,,,,
state_23145712a612a331230e390b,2c_21b807a1a6c6348c91ac,2,binary_vle_english.xlsx,10.1016/j.fluid.2018.07.027,unverified,0.5,isobaric,0.9629629629629629,isobaric,369.34999999999997,367.8346862792969,,,-1.52587890625e-05,True,False,48,CC(C)CC(C)(C)C,mol_57615b5c3546c298,0.3803,0.6671,0.6721575856208801,2.128067970275879,84.13339233398438,CCCCO,mol_ad4ef9c6c876ca2f,0.6196999999999999,0.3329,0.3278424143791199,1.288663625717163,41.586578369140625,,,,,,,
state_2340257c9c23688cc8b5ce79,2c_df88b179a6c12f0b788b,2,binary_vle_english.xlsx,10.1016/j.jct.2006.12.003,unverified,0.5,isobaric,0.9333333333333333,isobaric,378.25,378.85223388671875,,,8.392333984375e-05,True,False,48,Cc1ccccc1,mol_1c09299644053521,0.888,0.78,0.7799789309501648,0.9997352957725525,89.00090026855469,ClCCCl,mol_e8df6c9e89c6b62a,0.112,0.22,0.2200210988521576,0.9806937575340271,202.91885375976562,,,,,,,
state_235e4abfd72da9c96e3af536,2c_9f31aad1f9974e54ecb0,2,binary_vle_english.xlsx,10.1016/j.jct.2017.07.019,unverified,0.5,isobaric,0.95,isobaric,411.45,409.6136169433594,,,0.00029754638671875,True,False,48,Cc1ccc(C)cc1,mol_e7658ba520613aac,1.0,1.0,1.0,1.0,101.30023193359375,OCC(F)(F)C(F)F,mol_48469952cf716332,0.0,0.0,0.0,2.991680383682251,231.64491271972656,,,,,,,
state_239aafb56aa5e2bc8495a619,2c_9f331b7867f625e21322,2,binary_vle_english.xlsx,10.1016/j.jct.2015.03.013,unverified,0.5,isobaric,0.9090909090909091,isobaric,380.7,383.04327392578125,,,5.340576171875e-05,True,False,48,CCC(C)=O,mol_4cfc5db0ca2ab00b,0.1475,0.4504,0.4737914502620697,1.2370060682296753,263.0466613769531,COCCO,mol_d291b272a64498d9,0.8525,0.5496,0.5262085795402527,1.00657057762146,62.119606018066406,,,,,,,
state_23cb4ae7de24cb19f7bad465,2c_a1a0cf7c2f4fd070fb84,2,binary_vle_english.xlsx,10.1016/j.jct.2018.03.019,unverified,0.5,isobaric,0.95,isobaric,336.37,336.35162353515625,,,0.00012969970703125,True,False,48,CC(C)=O,mol_e04cf77cea7bbe66,0.7857,0.9944,0.9946331977844238,1.0121161937713623,126.70260620117188,O=Cc1ccco1,mol_cfdccd30b0689448,0.21430000000000005,0.005600000000000049,0.00536675238981843,1.0200287103652954,2.487062454223633,,,,,,,
state_24e10f47bd8b78f71b4b3eca,2c_972bb6b6305c64cb2237,2,binary_vle_english.xlsx,10.1016/j.jct.2017.07.019,unverified,0.5,isobaric,0.95,isobaric,334.34999999999997,335.6557312011719,,,0.00020599365234375,True,False,48,ClC(Cl)Cl,mol_d9e0a2387a6283f9,1.0,1.0,1.0,1.0,101.30014038085938,OCC(F)(F)C(F)F,mol_48469952cf716332,0.0,0.0,0.0,1.3517130613327026,16.63397216796875,,,,,,,
state_251db9bd16046b0e72e40c8a,2c_61469365e9d7838600a7,2,binary_vle_english.xlsx,10.1016/j.fluid.2015.05.031,unverified,0.5,isobaric,0.9629629629629629,isobaric,305.75,306.297607421875,,,0.00128936767578125,True,False,48,CCCCCCC,mol_fddb2c852c313396,0.11699999999999999,0.04600000000000004,0.038368191570043564,3.656036138534546,9.08814811706543,COC=O,mol_3beef90b23ffcece,0.883,0.954,0.9616318345069885,1.0391300916671753,106.18877410888672,,,,,,,
state_25340b9d4f57ad4fbe5c5a10,2c_8227101c64130ee5e04f,2,binary_vle_english.xlsx,10.1016/j.jct.2017.07.019,unverified,0.5,isobaric,0.9411764705882353,isobaric,366.79999999999995,370.9307556152344,,,9.1552734375e-05,True,False,48,O,mol_e81dc06beaa39499,0.7186,0.7277,0.7559906244277954,1.1190468072891235,95.23367309570312,OCC(F)(F)C(F)F,mol_48469952cf716332,0.2814,0.2723,0.2440093606710434,1.3189892768859863,66.59638977050781,,,,,,,
state_253bcec9a243419ff18c0225,3c_50c0ded265c297b30405,3,ternary_vle_english.xlsx,10.1016/j.fluid.2015.03.013,unverified,0.5,isobaric,0.9333333333333333,isobaric,399.54999999999995,402.1145324707031,,,-3.814697265625e-05,True,False,48,CC(=O)N(C)C,mol_b8ccf255e2b62919,0.591,0.21799999999999997,0.20119647681713104,0.9969462752342224,34.591556549072266,CCC(C)O,mol_06affb0d2c6c8ff2,0.075,0.135,0.1540834605693817,0.7643427848815918,272.2799072265625,CCC(C)OC(C)=O,mol_879306ab1082c162,0.334,0.647,0.6447200179100037,1.1720677614212036,166.83262634277344
state_257dcb03651a042737c930c5,2c_7c6b847ee4cb190db3ef,2,binary_vle_english.xlsx,10.1016/j.fluid.2005.06.024,unverified,0.5,isobaric,0.9666666666666667,isobaric,358.4,356.4788513183594,,,1.52587890625e-05,True,False,48,CCC(C)=O,mol_4cfc5db0ca2ab00b,0.8058,0.9505,0.9581096768379211,1.0031232833862305,120.10202026367188,CCOC(=O)OCC,mol_4df2781fcf4d4a77,0.19420000000000004,0.04949999999999999,0.04189032316207886,0.9930597543716431,22.00927734375,,,,,,,
state_26578cdb824ffaa657e7502d,2c_b94de72ffbeb53d6294b,2,binary_vle_english.xlsx,10.1016/j.fluid.2014.04.025,unverified,0.5,isobaric,0.9285714285714286,isobaric,411.12,416.2333984375,,,0.0015869140625,True,False,48,CS(C)=O,mol_7d3e12eaed0f467c,0.7805,0.1694,0.19942018389701843,1.0249370336532593,25.253116607666016,Cc1ccccc1,mol_1c09299644053521,0.2195,0.8306,0.8005797863006592,1.5029178857803345,245.83900451660156,,,,,,,
state_26caa2de85a7edf23689f847,2c_a873f6bbdf8411ff9a25,2,binary_vle_english.xlsx,10.1016/j.fluid.2013.05.016,passed,1.0,isobaric,0.9444444444444444,isobaric,363.4,364.07470703125,,,0.00026702880859375,True,False,48,CCCCCCCCC,mol_dd70207e50d8bf63,0.359,0.049,0.05541183799505234,1.05518639087677,14.817987442016602,c1ccccc1,mol_7165dcf6be1f831d,0.641,0.951,0.9445881843566895,1.0415416955947876,143.32374572753906,,,,,,,
state_26fb5847692964c86f018528,3c_61bfd4ccc52903a74083,3,ternary_vle_english.xlsx,10.1016/j.fluid.2007.03.030,unverified,0.5,isobaric,0.9761904761904762,isobaric,360.07,363.867431640625,,,3.814697265625e-05,True,False,48,CCCO,mol_5fb2f93dc8caa9dc,0.71,0.738,0.5825789570808411,1.0537371635437012,78.88118743896484,CCCOCCC,mol_e13b90e4aa2e917d,0.196,0.225,0.3999157249927521,2.004868507385254,103.09457397460938,CCOCCO,mol_ab8630148ae67e51,0.09400000000000008,0.03700000000000003,0.017505282536149025,0.9651331901550293,19.54624366760254
state_2715245e914b56a08cda8c3c,2c_972bb6b6305c64cb2237,2,binary_vle_english.xlsx,10.1016/j.jct.2017.07.019,unverified,0.5,isobaric,0.95,isobaric,367.75,380.00421142578125,,,2.288818359375e-05,True,False,48,ClC(Cl)Cl,mol_d9e0a2387a6283f9,0.032200000000000006,0.40359999999999996,0.12799276411533356,1.092043161392212,368.7219543457031,OCC(F)(F)C(F)F,mol_48469952cf716332,0.9678,0.5964,0.8720072507858276,1.0000327825546265,91.27030181884766,,,,,,,
state_272125b7e936a35d3371daf1,2c_9f331b7867f625e21322,2,binary_vle_english.xlsx,10.1016/j.jct.2015.03.013,unverified,0.5,isobaric,0.9090909090909091,isobaric,379.2,379.7184143066406,,,4.57763671875e-05,True,False,48,CCC(C)=O,mol_4cfc5db0ca2ab00b,0.0761,0.3753,0.31677260994911194,1.2926889657974243,239.8973846435547,COCCO,mol_d291b272a64498d9,0.9238999999999999,0.6247,0.6832273602485657,1.001813530921936,54.99332046508789,,,,,,,
state_2738b1c14d07e781bcd57fe0,3c_1a08c4f653f7d812cdc9,3,ternary_vle_english.xlsx,10.1016/j.jct.2019.03.036,unverified,0.5,isobaric,0.972972972972973,isobaric,389.89,390.0132751464844,,,8.392333984375e-05,True,False,48,CCCOC(C)=O,mol_67043ae833ecd0c7,0.3838,0.8982,0.8773674368858337,1.356366515159607,170.7296600341797,CCOC(C)=O,mol_18876b584acc43d4,0.013,0.0395,0.05355715751647949,1.290263295173645,323.4486389160156,CS(C)=O,mol_7d3e12eaed0f467c,0.6032,0.06230000000000002,0.06907544285058975,1.1152323484420776,10.401752471923828
state_274b6f98d4609076ce072bef,2c_7b12ee2d0e35e39326bc,2,binary_vle_english.xlsx,10.1016/j.fluid.2011.08.007,unverified,0.5,isobaric,0.9666666666666667,isobaric,336.71,337.2787780761719,,,0.00043487548828125,True,False,48,CCOCCO,mol_ab8630148ae67e51,0.038000000000000034,0.0030000000000000027,0.0023750171530991793,0.9708243608474731,6.0078558921813965,CO,mol_a85d32e4db2ff39c,0.962,0.997,0.997624933719635,0.9990388751029968,96.86945343017578,,,,,,,
state_274e298b9b475a4776a4acf5,3c_1a08c4f653f7d812cdc9,3,ternary_vle_english.xlsx,10.1016/j.jct.2019.03.036,unverified,0.5,isobaric,0.972972972972973,isobaric,382.78,381.5245666503906,,,0.00099945068359375,True,False,48,CCCOC(C)=O,mol_67043ae833ecd0c7,0.2384,0.5387,0.4175325334072113,1.3550291061401367,130.9329376220703,CCOC(C)=O,mol_18876b584acc43d4,0.1588,0.4158,0.532112717628479,1.3227276802062988,256.6233215332031,CS(C)=O,mol_7d3e12eaed0f467c,0.6028,0.045500000000000096,0.0503547266125679,1.1128323078155518,7.604150295257568
state_2769277e36d1b7813d75696b,2c_d66c7a74cea5d8732e08,2,binary_vle_english.xlsx,10.1016/j.fluid.2017.09.010,unverified,0.5,isobaric,0.9473684210526315,isobaric,354.09999999999997,354.39508056640625,,,-1.52587890625e-05,True,False,48,CC(C)O,mol_db030b5de88f8eaf,0.4479,0.5806,0.5645208954811096,1.3217803239822388,96.30765533447266,O,mol_e81dc06beaa39499,0.5521,0.4194,0.43547913432121277,1.5621610879898071,50.997032165527344,,,,,,,
state_27d0218f263ccd77d8c44bc3,2c_3cf279eea352998261d1,2,binary_vle_english.xlsx,10.1016/j.fluid.2012.05.016,unverified,0.5,isothermal,0.9333333333333333,isothermal,,,27.200029552255998,24.83218002319336,0.0,True,False,48,CCCOC(C)=O,mol_67043ae833ecd0c7,0.6191,0.4062,0.3931765854358673,1.0899477005004883,14.468917846679688,CCO,mol_f29e20f49d416e54,0.3809,0.5938,0.6068234443664551,1.297898292541504,30.480745315551758,,,,,,,
state_2840ae9ed0556580f797016c,2c_a160651817afdffd3182,2,binary_vle_english.xlsx,10.1016/j.fluid.2005.05.024,unverified,0.5,isothermal,0.96,isothermal,,,31.359954078591997,30.374713897705078,0.0,True,False,48,CC(=O)CC(C)C,mol_0a895444a9f0f36b,0.8069,0.5073,0.5079126954078674,1.0165979862213135,18.807552337646484,CC(C)O,mol_db030b5de88f8eaf,0.1931,0.4927,0.49208733439445496,1.4252463579177856,54.3102912902832,,,,,,,
state_289aa98af33323e99a8f0dec,2c_56df7cea200b948181e5,2,binary_vle_english.xlsx,10.1016/j.fluid.2007.07.010,unverified,0.5,isothermal,0.9333333333333333,isothermal,,,265.000071268352,304.6060791015625,0.0,True,False,48,CC(F)F,mol_ed933f1c25fd987c,0.474,0.678,0.7209358215332031,1.532663345336914,302.28045654296875,CCCC,mol_fadb5806094149e6,0.526,0.32199999999999995,0.2790641486644745,1.4438689947128296,111.9255142211914,,,,,,,
state_28b18406220dc2ffa785903a,2c_6aab25a5edecf15e2cbf,2,binary_vle_english.xlsx,10.1016/j.fluid.2012.05.016,unverified,0.5,isothermal,0.9333333333333333,isothermal,,,40.9499653312,41.61351776123047,0.0,True,False,48,CCCO,mol_5fb2f93dc8caa9dc,1.0,1.0,1.0,1.0,41.61351776123047,CCO,mol_f29e20f49d416e54,0.0,0.0,0.0,1.133899450302124,87.53337860107422,,,,,,,
state_2966dd825439ae86952971f3,2c_6aab25a5edecf15e2cbf,2,binary_vle_english.xlsx,10.1016/j.fluid.2012.05.016,unverified,0.5,isothermal,0.9333333333333333,isothermal,,,67.129945445888,68.24797058105469,0.0,True,False,48,CCCO,mol_5fb2f93dc8caa9dc,0.45699999999999996,0.28259999999999996,0.28897130489349365,1.0370359420776367,41.61351776123047,CCO,mol_f29e20f49d416e54,0.543,0.7174,0.7110287547111511,1.0209474563598633,87.53337860107422,,,,,,,
state_296e027535901decb6b707f6,2c_56df7cea200b948181e5,2,binary_vle_english.xlsx,10.1016/j.fluid.2007.07.010,unverified,0.5,isothermal,0.9333333333333333,isothermal,,,282.000006412032,320.505126953125,0.0,True,False,48,CC(F)F,mol_ed933f1c25fd987c,0.822,0.826,0.8166587352752686,1.053400993347168,302.28045654296875,CCCC,mol_fadb5806094149e6,0.17800000000000005,0.17400000000000004,0.18334123492240906,2.949483871459961,111.9255142211914,,,,,,,
state_298a89ff6091a55da1de781b,2c_c6a565ee5191fe2b2cdb,2,binary_vle_english.xlsx,10.1016/j.fluid.2015.10.041,passed,1.0,isothermal,0.9375,isothermal,,,87.79997873587199,77.13040161132812,-7.62939453125e-06,True,False,48,CCO,mol_f29e20f49d416e54,0.679,0.638,0.7009350061416626,1.1104493141174316,71.70257568359375,CCSCC,mol_a7491cfbf016fee6,0.321,0.362,0.2990650236606598,1.5026042461395264,47.823516845703125,,,,,,,
state_29900054674ba2d8c113e676,2c_4e1effd6e44016fa9e71,2,binary_vle_english.xlsx,10.1016/j.jct.2006.06.002,unverified,0.5,full_state,0.0,isothermal,,,100.20002553881599,95.17585754394531,-7.62939453125e-06,True,False,48,CO,mol_a85d32e4db2ff39c,0.8341,0.6905,0.7194960117340088,1.0515280961990356,78.07574462890625,c1ccccc1,mol_7165dcf6be1f831d,0.16590000000000005,0.3095,0.2805039584636688,3.090223550796509,52.07501983642578,,,,,,,
state_2ab58558c0cc5d41b9bc9c7d,2c_c6a565ee5191fe2b2cdb,2,binary_vle_english.xlsx,10.1016/j.fluid.2010.11.026,passed,1.0,isothermal,0.9333333333333333,isothermal,,,88.09995406387199,77.29530334472656,0.0,True,False,48,CCO,mol_f29e20f49d416e54,0.7130000000000001,0.6639999999999999,0.7201942205429077,1.087998867034912,71.76038360595703,CCSCC,mol_a7491cfbf016fee6,0.287,0.336,0.2798057794570923,1.5745929479599,47.85855484008789,,,,,,,
state_2ad9e8b66b6f80a741ee7102,2c_6f361cb0ec8be0b0e6dd,2,binary_vle_english.xlsx,10.1016/j.jct.2012.11.005,unverified,0.5,isothermal,0.9166666666666666,isothermal,,,26.730068205055996,23.730308532714844,0.0,True,False,48,CC(C)OC(C)C,mol_1a0ca8e5eeb68da8,0.063,0.359,0.24541331827640533,2.474710702896118,37.353946685791016,CCO,mol_f29e20f49d416e54,0.937,0.641,0.7545866370201111,1.0022797584533691,19.06707000732422,,,,,,,
state_2addbe819b5e79a85b25c2dd,2c_303f5d258da9140f9795,2,binary_vle_english.xlsx,10.1016/j.fluid.2012.11.026,unverified,0.5,isothermal,0.9333333333333333,isothermal,,,31.979503122688,21.106792449951172,0.0,True,False,48,CCOC(=O)OCC,mol_4df2781fcf4d4a77,0.9819,0.633,0.8987023234367371,1.0002847909927368,19.312885284423828,O,mol_e81dc06beaa39499,0.0181,0.367,0.10129766166210175,2.4336063861846924,48.539207458496094,,,,,,,
state_2b2aa844dd18f645c8988fe9,2c_98afb8e6c65a310db5e0,2,binary_vle_english.xlsx,10.1016/j.jct.2012.12.026,unverified,0.5,isothermal,0.9166666666666666,isothermal,,,275.20003235456,329.28424072265625,0.0,True,False,48,F/C=C/C(F)(F)F,mol_0e763ba6787b2749,0.607,0.5840000000000001,0.5727751851081848,1.1082923412322998,280.35748291015625,FC(F)C(F)F,mol_fccff6221e62b4bc,0.393,0.416,0.4272247552871704,1.2304812669754028,290.9107360839844,,,,,,,
state_2b8301569797750b05b27027,2c_56df7cea200b948181e5,2,binary_vle_english.xlsx,10.1016/j.fluid.2007.07.010,unverified,0.5,isothermal,0.8333333333333334,isothermal,,,382.999966158848,467.904296875,0.0,True,False,48,CC(F)F,mol_ed933f1c25fd987c,0.15,0.45,0.5804650187492371,3.4059267044067383,531.6263427734375,CCCC,mol_fadb5806094149e6,0.85,0.55,0.4195350110530853,1.0412310361862183,221.79879760742188,,,,,,,
state_2bb98f715214ab2453dc9ed7,2c_6aab25a5edecf15e2cbf,2,binary_vle_english.xlsx,10.1016/j.fluid.2012.05.016,unverified,0.5,isothermal,0.9333333333333333,isothermal,,,50.939943687808004,52.495384216308594,0.0,True,False,48,CCCO,mol_5fb2f93dc8caa9dc,0.7941,0.6414,0.6363453269004822,1.010891079902649,41.61351776123047,CCO,mol_f29e20f49d416e54,0.2059,0.3586,0.36365464329719543,1.0592055320739746,87.53337860107422,,,,,,,
state_2c462d09ccd2d181b05a426d,2c_913ec9aa8f318623c900,2,binary_vle_english.xlsx,10.1016/j.fluid.2014.02.023,unverified,0.5,isothermal,0.8888888888888888,isothermal,,,87.060039593472,77.54261779785156,0.0,True,False,48,C1CCCCC1,mol_893981623557f359,0.692,0.9852,0.9887312054634094,1.1057459115982056,100.19760131835938,Nc1ccccc1,mol_8d11fd6c0d4e62a7,0.30800000000000005,0.014800000000000035,0.01126876100897789,1.341525673866272,2.114788293838501,,,,,,,
state_2c605288c11c1987df4a35e8,2c_1490252da7453cbbebe4,2,binary_vle_english.xlsx,10.1016/j.jct.2011.09.007,unverified,0.5,isothermal,0.9473684210526315,isothermal,,,34.149991273728,30.306316375732422,0.0,True,False,48,CC(C)CC(C)(C)C,mol_57615b5c3546c298,0.9741,0.7308,0.8275761008262634,1.0017293691635132,25.703197479248047,CC(C)O,mol_db030b5de88f8eaf,0.0259,0.2692,0.17242386937141418,5.695686340332031,35.422950744628906,,,,,,,
state_2d020efccc1d5ccf237859b5,2c_68be6b27ffcb3843add8,2,binary_vle_english.xlsx,10.1016/j.fluid.2010.09.023,unverified,0.5,full_state,0.0,isothermal,,,408.00004331673597,441.65740966796875,3.0517578125e-05,True,False,48,CCC#N,mol_abe9c8e175e3ffb6,0.6026,0.03990000000000005,0.02970522828400135,1.2831422090530396,16.967370986938477,CCCC,mol_fadb5806094149e6,0.3974,0.9601,0.9702947735786438,2.103750467300415,512.5864868164062,,,,,,,
state_2d76b16370ecc15f2e053bb1,2c_56df7cea200b948181e5,2,binary_vle_english.xlsx,10.1016/j.fluid.2007.07.010,unverified,0.5,isothermal,0.9333333333333333,isothermal,,,228.000047733888,265.43701171875,0.0,True,False,48,CC(F)F,mol_ed933f1c25fd987c,0.218,0.545,0.643328845500946,2.5913612842559814,302.28045654296875,CCCC,mol_fadb5806094149e6,0.782,0.45499999999999996,0.35667112469673157,1.0816669464111328,111.9255142211914,,,,,,,
state_2ef54d38b66eee327a2200d2,2c_1490252da7453cbbebe4,2,binary_vle_english.xlsx,10.1016/j.fluid.2007.10.016,unverified,0.5,isothermal,0.9615384615384616,isothermal,,,46.420048767872,45.24382781982422,0.0,True,False,48,CC(C)CC(C)(C)C,mol_57615b5c3546c298,0.5654,0.4665,0.4619700014591217,1.438235878944397,25.703197479248047,CC(C)O,mol_db030b5de88f8eaf,0.4346,0.5335,0.5380300283432007,1.5812166929244995,35.422950744628906,,,,,,,
state_3043e172f444e85b1d1dd2e2,2c_d838404dbd73f8b15395,2,binary_vle_english.xlsx,10.1016/j.fluid.2010.02.030,passed,1.0,isothermal,0.9230769230769231,isothermal,,,100.000041986816,101.04310607910156,-7.62939453125e-06,True,False,48,Cc1ccccc1,mol_1c09299644053521,1.0,1.0,1.0,1.0,101.04309844970703,Cc1ccsc1,mol_0a78d16c028484e1,0.0,0.0,0.0,1.094832181930542,91.22948455810547,,,,,,,
state_305be78ab5e7c904f9b0ce86,2c_1490252da7453cbbebe4,2,binary_vle_english.xlsx,10.1016/j.fluid.2007.10.016,unverified,0.5,isothermal,0.9615384615384616,isothermal,,,43.160050225536,41.554649353027344,0.0,True,False,48,CC(C)CC(C)(C)C,mol_57615b5c3546c298,0.8415,0.5492,0.5525428652763367,1.0615594387054443,25.703197479248047,CC(C)O,mol_db030b5de88f8eaf,0.1585,0.4508,0.4474571645259857,3.31174635887146,35.422950744628906,,,,,,,
state_3076ac3c7d821d43c79dea7a,2c_8b8dfc345b3e095c6955,2,binary_vle_english.xlsx,10.1016/j.jct.2012.10.003,unverified,0.5,isothermal,0.9,isothermal,,,228.400014837888,255.87918090820312,1.52587890625e-05,True,False,48,CC(C)C,mol_cd0696a421ed56d8,0.0,0.0,0.0,5.4275007247924805,177.4084014892578,FC(F)(F)I,mol_b415a9b082dbafac,1.0,1.0,1.0,1.0,255.8791961669922,,,,,,,
state_30a9e175baacf0477a67dda0,2c_6f361cb0ec8be0b0e6dd,2,binary_vle_english.xlsx,10.1016/j.jct.2012.11.005,unverified,0.5,isothermal,0.9166666666666666,isothermal,,,92.749971614976,82.46539306640625,-7.62939453125e-06,True,False,48,CC(C)OC(C)C,mol_1a0ca8e5eeb68da8,0.684,0.686,0.6909101605415344,1.1420135498046875,72.94002532958984,CCO,mol_f29e20f49d416e54,0.31599999999999995,0.31399999999999995,0.3090898394584656,1.7026804685592651,47.37357711791992,,,,,,,
state_313291d1174d0f450c78ff33,2c_ae514b5a938c4d83d1c9,2,binary_vle_english.xlsx,10.1016/j.fluid.2014.05.018,unverified,0.5,isothermal,0.8181818181818182,isothermal,,,379.00002847411196,378.09722900390625,0.0,True,False,48,CCCC,mol_fadb5806094149e6,0.8859,0.9709,0.97519850730896,1.0319464206695557,403.3245544433594,CCO,mol_f29e20f49d416e54,0.11409999999999998,0.029100000000000015,0.02480146661400795,4.299917221069336,19.1132755279541,,,,,,,
state_31d5a3cb89bbce6e3aede1cf,2c_98afb8e6c65a310db5e0,2,binary_vle_english.xlsx,10.1016/j.jct.2012.12.026,unverified,0.5,isothermal,0.9166666666666666,isothermal,,,380.99999731648,439.35382080078125,3.0517578125e-05,True,False,48,F/C=C/C(F)(F)F,mol_0e763ba6787b2749,0.729,0.704,0.6533465385437012,1.0593372583389282,371.7031555175781,FC(F)C(F)F,mol_fccff6221e62b4bc,0.271,0.296,0.34665346145629883,1.4377747774124146,390.8857421875,,,,,,,
state_326ed33b0b3e29f25d3db0d8,2c_9478a219a5c540597926,2,binary_vle_english.xlsx,10.1016/j.fluid.2009.01.016,unverified,0.5,isothermal,0.9444444444444444,isothermal,,,27.000046000256,25.847366333007812,0.0,True,False,48,CC(=O)C(C)(C)C,mol_61a887e37d396488,0.9176,0.6349,0.6252341270446777,1.0016686916351318,17.582534790039062,COC(C)(C)C,mol_b614d6fea320c179,0.0824,0.3651,0.37476590275764465,1.1008164882659912,106.7908935546875,,,,,,,
state_32bddb4fc0ba8877ca727c72,2c_9478a219a5c540597926,2,binary_vle_english.xlsx,10.1016/j.fluid.2009.01.016,unverified,0.5,isothermal,0.9444444444444444,isothermal,,,108.140039165056,106.7908935546875,0.0,True,False,48,CC(=O)C(C)(C)C,mol_61a887e37d396488,0.0,0.0,0.0,1.2495460510253906,17.582534790039062,COC(C)(C)C,mol_b614d6fea320c179,1.0,1.0,1.0,1.0,106.7908935546875,,,,,,,
state_32eda4ae28e50ad2fae519d1,2c_9478a219a5c540597926,2,binary_vle_english.xlsx,10.1016/j.fluid.2009.01.016,unverified,0.5,isothermal,0.9375,isothermal,,,109.25994705625601,105.49531555175781,0.0,True,False,48,CC(=O)C(C)(C)C,mol_61a887e37d396488,0.34950000000000003,0.09860000000000002,0.09416943043470383,1.1157253980636597,25.4764347076416,COC(C)(C)C,mol_b614d6fea320c179,0.6505,0.9014,0.9058305621147156,1.0324451923370361,142.28720092773438,,,,,,,
state_33246ff8d6a78299bf2dbf7b,2c_303f5d258da9140f9795,2,binary_vle_english.xlsx,10.1016/j.fluid.2012.11.026,unverified,0.5,isothermal,0.9333333333333333,isothermal,,,50.111611815424,31.976715087890625,0.0,True,False,48,CCOC(=O)OCC,mol_4df2781fcf4d4a77,0.9753000000000001,0.6124,0.8664688467979431,1.000527262687683,28.393545150756836,O,mol_e81dc06beaa39499,0.0247,0.3876,0.13353115320205688,2.418160915374756,71.4881820678711,,,,,,,
state_336b04e320d44eb7c5969b42,2c_6f361cb0ec8be0b0e6dd,2,binary_vle_english.xlsx,10.1016/j.jct.2012.11.005,unverified,0.5,isothermal,0.9166666666666666,isothermal,,,42.449975293568,39.690956115722656,0.0,True,False,48,CC(C)OC(C)C,mol_1a0ca8e5eeb68da8,0.726,0.726,0.7588326930999756,1.1106173992156982,37.353946685791016,CCO,mol_f29e20f49d416e54,0.274,0.274,0.2411673218011856,1.8322112560272217,19.06707000732422,,,,,,,
state_337741477ddf5752bcb0737d,2c_ae99b15d6b25c7962c21,2,binary_vle_english.xlsx,10.1016/j.fluid.2005.05.003,unverified,0.5,isothermal,0.9230769230769231,isothermal,,,75.159951670528,63.06916809082031,-3.814697265625e-06,True,False,48,NC1CCCCC1,mol_3cb1d9728851c877,0.367,0.15800000000000003,0.185060515999794,1.2445523738861084,25.553569793701172,O,mol_e81dc06beaa39499,0.633,0.842,0.8149394989013672,1.1358067989349365,71.4881820678711,,,,,,,
state_33dd8265d157d7d2379ece76,2c_6f361cb0ec8be0b0e6dd,2,binary_vle_english.xlsx,10.1016/j.jct.2012.11.005,unverified,0.5,isothermal,0.9166666666666666,isothermal,,,89.86994182144001,79.90748596191406,0.0,True,False,48,CC(C)OC(C)C,mol_1a0ca8e5eeb68da8,0.886,0.767,0.8246039748191833,1.0196080207824707,72.94002532958984,CCO,mol_f29e20f49d416e54,0.11399999999999999,0.23299999999999998,0.17539599537849426,2.5951719284057617,47.37357711791992,,,,,,,
state_33fcb88a2641a3dc4e8473fe,2c_8b8dfc345b3e095c6955,2,binary_vle_english.xlsx,10.1016/j.jct.2012.10.003,unverified,0.5,isothermal,0.9,isothermal,,,186.89996141632,310.64764404296875,0.0,True,False,48,CC(C)C,mol_cd0696a421ed56d8,0.729,0.644,0.4682997763156891,1.124838948249817,177.4084014892578,FC(F)(F)I,mol_b415a9b082dbafac,0.271,0.356,0.5317002534866333,2.381939172744751,255.8791961669922,,,,,,,
state_345c0af0dbcd90720ae78501,2c_8b8dfc345b3e095c6955,2,binary_vle_english.xlsx,10.1016/j.jct.2012.10.003,unverified,0.5,isothermal,0.9,isothermal,,,220.59998969804798,245.75225830078125,1.52587890625e-05,True,False,48,CC(C)C,mol_cd0696a421ed56d8,1.0,1.0,1.0,1.0,245.7522735595703,FC(F)(F)I,mol_b415a9b082dbafac,0.0,0.0,0.0,4.754124164581299,348.26092529296875,,,,,,,
state_34df367e8420422abc36bb71,2c_68be6b27ffcb3843add8,2,binary_vle_english.xlsx,10.1016/j.fluid.2010.09.023,unverified,0.5,isothermal,0.9,isothermal,,,474.400048797824,502.3717041015625,0.0,True,False,48,CCC#N,mol_abe9c8e175e3ffb6,0.03180000000000005,0.014800000000000035,0.009152321144938469,8.525213241577148,16.959928512573242,CCCC,mol_fadb5806094149e6,0.9682,0.9852,0.990847647190094,1.0032624006271362,512.4511108398438,,,,,,,
state_34e357bfd67ed7c29f29d3ef,2c_9478a219a5c540597926,2,binary_vle_english.xlsx,10.1016/j.fluid.2009.01.016,unverified,0.5,isothermal,0.9411764705882353,isothermal,,,13.369967030144,13.064563751220703,0.0,True,False,48,CC(=O)C(C)(C)C,mol_61a887e37d396488,0.9824,0.8899,0.8916374444961548,1.0000851154327393,11.856537818908691,COC(C)(C)C,mol_b614d6fea320c179,0.0176,0.1101,0.10836256295442581,1.0217576026916504,78.72517395019531,,,,,,,
state_34ffdd1f0519b34eb3477975,2c_98afb8e6c65a310db5e0,2,binary_vle_english.xlsx,10.1016/j.jct.2012.12.026,unverified,0.5,isothermal,0.9166666666666666,isothermal,,,267.00004011071997,315.10223388671875,3.0517578125e-05,True,False,48,F/C=C/C(F)(F)F,mol_0e763ba6787b2749,0.802,0.778,0.7331913709640503,1.0275012254714966,280.35748291015625,FC(F)C(F)F,mol_fccff6221e62b4bc,0.198,0.222,0.2668086290359497,1.4595751762390137,290.9107360839844,,,,,,,
state_350c46300110307291eec611,2c_1490252da7453cbbebe4,2,binary_vle_english.xlsx,10.1016/j.fluid.2007.10.016,unverified,0.5,isothermal,0.9615384615384616,isothermal,,,69.889985108224,67.90945434570312,0.0,True,False,48,CC(C)CC(C)(C)C,mol_57615b5c3546c298,0.517,0.4286,0.4273415803909302,1.555861473083496,36.078121185302734,CC(C)O,mol_db030b5de88f8eaf,0.483,0.5714,0.5726584792137146,1.4825066328048706,54.3102912902832,,,,,,,
state_35f995b48bb9551b48bef209,2c_a160651817afdffd3182,2,binary_vle_english.xlsx,10.1016/j.fluid.2005.05.024,unverified,0.5,isothermal,0.9583333333333334,isothermal,,,30.360036318591998,29.54541015625,0.0,True,False,48,CC(=O)CC(C)C,mol_0a895444a9f0f36b,0.2962,0.17610000000000003,0.17895974218845367,1.4217921495437622,12.555214881896973,CC(C)O,mol_db030b5de88f8eaf,0.7038,0.8239,0.8210402727127075,0.9730170965194702,35.422950744628906,,,,,,,
state_36c0ddad8d4ac8d3651ee08e,2c_ae514b5a938c4d83d1c9,2,binary_vle_english.xlsx,10.1016/j.fluid.2014.05.018,unverified,0.5,isothermal,0.6666666666666666,isothermal,,,382.000048398848,387.9234619140625,0.0,True,False,48,CCCC,mol_fadb5806094149e6,0.1522,0.8957,0.8924906253814697,3.3371059894561768,681.6557006835938,CCO,mol_f29e20f49d416e54,0.8478,0.10429999999999995,0.10750939697027206,1.0361768007278442,47.47502517700195,,,,,,,
state_36d58299c824ffe6efc07268,2c_913ec9aa8f318623c900,2,binary_vle_english.xlsx,10.1016/j.fluid.2014.02.023,unverified,0.5,isothermal,0.9285714285714286,isothermal,,,39.599943032832,16.472450256347656,0.0,True,False,48,C1CCCCC1,mol_893981623557f359,0.2054,0.9834,0.9621514678001404,1.4700638055801392,52.48860549926758,Nc1ccccc1,mol_8d11fd6c0d4e62a7,0.7946,0.016599999999999948,0.03784849867224693,1.0193840265274048,0.7696981430053711,,,,,,,
state_3735341817664ffa02c38255,2c_68be6b27ffcb3843add8,2,binary_vle_english.xlsx,10.1016/j.fluid.2010.09.023,unverified,0.5,isothermal,0.9,isothermal,,,470.49996956672,496.94317626953125,3.0517578125e-05,True,False,48,CCC#N,mol_abe9c8e175e3ffb6,0.050899999999999945,0.020000000000000018,0.013180723413825035,7.587595462799072,16.959928512573242,CCCC,mol_fadb5806094149e6,0.9491,0.98,0.9868192672729492,1.008277177810669,512.4511108398438,,,,,,,
state_37dda58e79b688ca65912592,2c_8b8dfc345b3e095c6955,2,binary_vle_english.xlsx,10.1016/j.jct.2012.10.003,unverified,0.5,isothermal,0.9,isothermal,,,304.700006077184,452.07177734375,3.0517578125e-05,True,False,48,CC(C)C,mol_cd0696a421ed56d8,0.252,0.21499999999999997,0.3516271412372589,2.566798210144043,245.7522735595703,FC(F)(F)I,mol_b415a9b082dbafac,0.748,0.785,0.6483728289604187,1.125190019607544,348.26092529296875,,,,,,,
state_381692591e09f25499ec22ff,2c_98afb8e6c65a310db5e0,2,binary_vle_english.xlsx,10.1016/j.jct.2012.12.026,unverified,0.5,isothermal,0.9166666666666666,isothermal,,,377.799993839744,428.324462890625,3.0517578125e-05,True,False,48,F/C=C/C(F)(F)F,mol_0e763ba6787b2749,0.8009999999999999,0.779,0.7172489762306213,1.031844139099121,371.7031555175781,FC(F)C(F)F,mol_fccff6221e62b4bc,0.199,0.221,0.28275102376937866,1.556948184967041,390.8857421875,,,,,,,
state_381820a323eb83855de44a42,2c_3cf279eea352998261d1,2,binary_vle_english.xlsx,10.1016/j.fluid.2012.05.016,unverified,0.5,isothermal,0.9375,isothermal,,,59.069941688448,53.52801513671875,0.0,True,False,48,CCCOC(C)=O,mol_67043ae833ecd0c7,0.8647,0.6241,0.6624960899353027,1.00809645652771,40.681495666503906,CCO,mol_f29e20f49d416e54,0.1353,0.3759,0.33750393986701965,1.5254168510437012,87.53337860107422,,,,,,,
state_38a1f288ad712ed61ea207ac,2c_8b8dfc345b3e095c6955,2,binary_vle_english.xlsx,10.1016/j.jct.2012.10.003,unverified,0.5,isothermal,0.9,isothermal,,,160.400007618432,183.64984130859375,0.0,True,False,48,CC(C)C,mol_cd0696a421ed56d8,0.0,0.0,0.0,5.125918388366699,124.93803405761719,FC(F)(F)I,mol_b415a9b082dbafac,1.0,1.0,1.0,1.0,183.64984130859375,,,,,,,
state_39793ee9cafaa6743f214a91,2c_ae99b15d6b25c7962c21,2,binary_vle_english.xlsx,10.1016/j.fluid.2005.05.003,unverified,0.5,isothermal,0.9166666666666666,isothermal,,,19.939960002816,20.87018585205078,-1.9073486328125e-06,True,False,48,NC1CCCCC1,mol_3cb1d9728851c877,0.0,0.0,0.0,1.6774317026138306,7.514577388763428,O,mol_e81dc06beaa39499,1.0,1.0,1.0,1.0,20.87018394470215,,,,,,,
state_39d103c2c07183d174204174,2c_451f166b8507b1dda896,2,binary_vle_english.xlsx,10.1016/j.fluid.2010.11.026,passed,1.0,isothermal,0.9166666666666666,isothermal,,,70.800043592192,70.64845275878906,0.0,True,False,48,CCCOC(C)=O,mol_67043ae833ecd0c7,1.0,1.0,1.0,1.0,70.64845275878906,CCSCC,mol_a7491cfbf016fee6,0.0,0.0,0.0,1.1066440343856812,95.6444320678711,,,,,,,
state_3a07578e9c519212baac0865,2c_ae99b15d6b25c7962c21,2,binary_vle_english.xlsx,10.1016/j.fluid.2005.05.003,unverified,0.5,isothermal,0.9230769230769231,isothermal,,,37.060018600064,33.70576477050781,-3.814697265625e-06,True,False,48,NC1CCCCC1,mol_3cb1d9728851c877,0.904,0.627,0.6883904337882996,1.0044282674789429,25.553569793701172,O,mol_e81dc06beaa39499,0.096,0.373,0.3116095960140228,1.5304157733917236,71.4881820678711,,,,,,,
state_277cc3c164299af75c633dba,2c_7e396008deb1d14f8e15,2,binary_vle_english.xlsx,10.1016/j.fluid.2015.11.007,passed,1.0,isobaric,0.9090909090909091,isobaric,376.34999999999997,368.8251647949219,,,7.62939453125e-06,True,False,48,CC(=O)N(C)C,mol_b8ccf255e2b62919,0.499,0.18500000000000005,0.28543218970298767,0.6287069320678711,10.917765617370605,CC(=O)O,mol_9ac385b135af0125,0.501,0.815,0.7145678400993347,0.373454749584198,45.829734802246094,,,,,,,
state_27a99db3165b8d20d343a27d,3c_f0c258463b44c2183ab7,3,ternary_vle_english.xlsx,10.1016/j.fluid.2005.03.014,unverified,0.5,isobaric,0.9767441860465116,isobaric,389.34999999999997,389.21734619140625,,,0.00014495849609375,True,False,48,CC(=O)OCC(C)C,mol_e7eb29ad965cc8ee,0.88,0.879,0.8747310638427734,1.0113095045089722,99.56749725341797,CC(C)CO,mol_015d21fca05fcd26,0.053,0.083,0.08907931298017502,1.268057107925415,134.26783752441406,CN(C)C=O,mol_ca12d6d2f2ffb170,0.06699999999999995,0.038000000000000034,0.03618960827589035,1.5965982675552368,34.27071762084961
state_27ebc0d2e9baf5c59babbc99,2c_5e274a8981b66e0477e8,2,binary_vle_english.xlsx,10.1016/j.fluid.2005.02.014,passed,1.0,isobaric,0.9166666666666666,isobaric,345.84999999999997,345.34307861328125,,,-7.62939453125e-06,True,False,48,C1CCOCC1,mol_626f3d1f5bbb6f55,0.2503,0.1503,0.1536824256181717,1.0377897024154663,59.9326057434082,CCC(C)Cl,mol_9f4835d3aad75f1c,0.7497,0.8497,0.8463175892829895,1.0083189010620117,113.4114990234375,,,,,,,
state_282861b4c0c39b146d2a9b25,3c_2cb16216a8c609b7ad27,3,ternary_vle_english.xlsx,10.1016/j.fluid.2005.09.015,unverified,0.5,isobaric,0.9767441860465116,isobaric,406.79999999999995,407.9971923828125,,,-3.0517578125e-05,True,False,48,CC(=O)OCC(C)C,mol_e7eb29ad965cc8ee,0.095,0.153,0.15166622400283813,0.9244335293769836,174.94383239746094,CC(C)CO,mol_015d21fca05fcd26,0.097,0.268,0.2951354384422302,1.2234922647476196,251.9169464111328,CCCCOC(=O)CC,mol_a9c167bbb331e76a,0.808,0.579,0.5531983375549316,0.9970862865447998,69.55779266357422
state_284e05ae01fc7057705706ee,2c_9f331b7867f625e21322,2,binary_vle_english.xlsx,10.1016/j.jct.2015.03.013,unverified,0.5,isobaric,0.9090909090909091,isobaric,375.0,375.0828552246094,,,4.57763671875e-05,True,False,48,CCC(C)=O,mol_4cfc5db0ca2ab00b,0.4719,0.7956,0.805986225605011,1.0877273082733154,210.40821838378906,COCCO,mol_d291b272a64498d9,0.5281,0.20440000000000003,0.194013774394989,1.0647742748260498,46.2342643737793,,,,,,,
state_287adb41032eb75eace7bc0d,2c_f0a592d91b289fcd0778,2,binary_vle_english.xlsx,10.1016/j.fluid.2005.01.007,unverified,0.5,isobaric,0.9545454545454546,isobaric,333.63,339.00372314453125,,,0.0001068115234375,True,False,48,CC(C)=O,mol_e04cf77cea7bbe66,0.355,0.765,0.7520754337310791,1.5538215637207031,138.14247131347656,CC(C)CC(C)(C)C,mol_57615b5c3546c298,0.645,0.235,0.2479245513677597,1.1155585050582886,34.911041259765625,,,,,,,
state_28833e345d4b5d188d48f933,2c_42d2383a8e4daebeb5e1,2,binary_vle_english.xlsx,10.1016/j.fluid.2010.08.002,unverified,0.5,isobaric,0.9230769230769231,isobaric,398.34,397.27496337890625,,,-1.52587890625e-05,True,False,48,CCCCCCC,mol_fddb2c852c313396,0.107,0.582,0.6196611523628235,2.778578996658325,208.424072265625,CCCOCCO,mol_770d75a3bb2412ce,0.893,0.41800000000000004,0.3803388476371765,1.0115604400634766,42.10440444946289,,,,,,,
state_289477ac5710eecbbfc4afaf,2c_d66c7a74cea5d8732e08,2,binary_vle_english.xlsx,10.1016/j.fluid.2015.11.034,unverified,0.5,isobaric,0.9333333333333333,isobaric,365.41999999999996,364.8322448730469,,,7.62939453125e-06,True,False,48,CC(C)O,mol_db030b5de88f8eaf,0.023,0.307,0.26394760608673096,8.196690559387207,141.82752990722656,O,mol_e81dc06beaa39499,0.977,0.6930000000000001,0.736052393913269,1.002325415611267,76.14030456542969,,,,,,,
state_28f38b85695dbaab0f59fac0,2c_60db84011f520a374b2a,2,binary_vle_english.xlsx,10.1016/j.fluid.2016.04.012,passed,1.0,isobaric,0.8888888888888888,isobaric,332.65,333.89068603515625,,,0.0012054443359375,True,False,48,C1CCOC1,mol_c59bfa659357f795,0.594,0.56,0.5730499625205994,1.1232668161392212,87.00364685058594,CO,mol_a85d32e4db2ff39c,0.406,0.44,0.42695003747940063,1.256504774093628,84.78153228759766,,,,,,,
state_293462109bb8588ce21eb39b,2c_4e1effd6e44016fa9e71,2,binary_vle_english.xlsx,10.1016/j.fluid.2019.03.022,passed,1.0,isobaric,0.95,isobaric,332.15999999999997,333.6200256347656,,,0.00170135498046875,True,False,48,CO,mol_a85d32e4db2ff39c,0.33599999999999997,0.569,0.5508350729942322,1.9800326824188232,83.87382507324219,c1ccccc1,mol_7165dcf6be1f831d,0.664,0.431,0.4491649568080902,1.2376205921173096,55.3690071105957,,,,,,,
state_29900054674ba2d8c113e676,2c_4e1effd6e44016fa9e71,2,binary_vle_english.xlsx,10.1016/j.jct.2006.06.002,unverified,0.5,full_state,0.0,isobaric,331.83,333.1442565917969,,,-4.57763671875e-05,True,False,48,CO,mol_a85d32e4db2ff39c,0.8341,0.6905,0.7207009792327881,1.0519968271255493,82.29817199707031,c1ccccc1,mol_7165dcf6be1f831d,0.16590000000000005,0.3095,0.2792989909648895,3.0965328216552734,54.47722244262695,,,,,,,
state_2994ee7c48988375620de548,2c_f0a592d91b289fcd0778,2,binary_vle_english.xlsx,10.1016/j.fluid.2005.01.007,unverified,0.5,isobaric,0.9545454545454546,isobaric,330.2,333.05078125,,,0.0008697509765625,True,False,48,CC(C)=O,mol_e04cf77cea7bbe66,0.631,0.823,0.8501647710800171,1.202117681503296,113.55999755859375,CC(C)CC(C)(C)C,mol_57615b5c3546c298,0.369,0.17700000000000005,0.14983521401882172,1.44024658203125,28.565988540649414,,,,,,,
state_2a03e2ae72d18e182378f4d6,2c_7b12ee2d0e35e39326bc,2,binary_vle_english.xlsx,10.1016/j.fluid.2011.08.007,unverified,0.5,isobaric,0.9642857142857143,isobaric,378.75,380.8027648925781,,,-2.288818359375e-05,True,False,48,CCOCCO,mol_ab8630148ae67e51,0.926,0.501,0.5279698967933655,0.9994620084762573,38.02742385864258,CO,mol_a85d32e4db2ff39c,0.074,0.499,0.47203007340431213,0.9781702160835266,434.69891357421875,,,,,,,
state_2a3ffe1c4c087185e6cda0ca,2c_7b12ee2d0e35e39326bc,2,binary_vle_english.xlsx,10.1016/j.fluid.2011.08.007,unverified,0.5,isobaric,0.9666666666666667,isobaric,339.46999999999997,340.2407531738281,,,1.52587890625e-05,True,False,48,CCOCCO,mol_ab8630148ae67e51,0.14500000000000002,0.01200000000000001,0.011099585331976414,1.0331315994262695,6.914459228515625,CO,mol_a85d32e4db2ff39c,0.855,0.988,0.9889004230499268,0.9938337802886963,108.60448455810547,,,,,,,
state_2a6254b5d291ad81278590ae,2c_d66c7a74cea5d8732e08,2,binary_vle_english.xlsx,10.1016/j.fluid.2015.11.034,unverified,0.5,isobaric,0.9333333333333333,isobaric,353.82,354.4684143066406,,,7.62939453125e-06,True,False,48,CC(C)O,mol_db030b5de88f8eaf,0.448,0.574,0.5645319223403931,1.321731686592102,96.57759857177734,O,mol_e81dc06beaa39499,0.552,0.42600000000000005,0.43546804785728455,1.5625100135803223,51.145050048828125,,,,,,,
state_2a70e2a8d8b684fcc001cade,2c_d66c7a74cea5d8732e08,2,binary_vle_english.xlsx,10.1016/j.jct.2017.02.005,unverified,0.5,isobaric,0.96875,isobaric,361.65999999999997,363.8257141113281,,,6.866455078125e-05,True,False,48,CC(C)O,mol_db030b5de88f8eaf,0.026,0.346,0.28368428349494934,7.977975845336914,136.76333618164062,O,mol_e81dc06beaa39499,0.974,0.654,0.7163156867027283,1.0029587745666504,73.32683563232422,,,,,,,
state_2a8455f8c2dfa4208fc2c59b,2c_6eb2e45afed5017e5e33,2,binary_vle_english.xlsx,10.1016/j.fluid.2014.09.021,unverified,0.5,isobaric,0.95,isobaric,409.9,409.0121765136719,,,-3.814697265625e-05,True,False,48,CCC(C)OC(C)=O,mol_879306ab1082c162,0.135,0.422,0.4420987367630005,1.6318732500076294,203.28628540039062,CN(C)C=O,mol_ca12d6d2f2ffb170,0.865,0.5780000000000001,0.5579012036323547,1.0108848810195923,64.63213348388672,,,,,,,
state_2ae36d348d3aac67024c515a,2c_6eb2e45afed5017e5e33,2,binary_vle_english.xlsx,10.1016/j.fluid.2014.09.021,unverified,0.5,isobaric,0.95,isobaric,397.74,397.2593078613281,,,6.866455078125e-05,True,False,48,CCC(C)OC(C)=O,mol_879306ab1082c162,0.37,0.688,0.6978896856307983,1.321642518043518,144.57077026367188,CN(C)C=O,mol_ca12d6d2f2ffb170,0.63,0.31200000000000006,0.3021102547645569,1.087084174156189,44.68597412109375,,,,,,,
state_2bc74e9ab62b78906b55641d,2c_165952a69a69e7a8d3f6,2,binary_vle_english.xlsx,10.1016/j.fluid.2007.06.005,unverified,0.5,isobaric,0.9545454545454546,isobaric,344.44,346.32586669921875,,,-3.0517578125e-05,True,False,48,CC(C)CC(C)(C)C,mol_57615b5c3546c298,0.348,0.352,0.3337312638759613,2.194934844970703,44.25935363769531,CCO,mol_f29e20f49d416e54,0.652,0.648,0.6662687063217163,1.270658254623413,81.46707153320312,,,,,,,
state_2c9ef32b96c231339d990ae4,2c_61469365e9d7838600a7,2,binary_vle_english.xlsx,10.1016/j.fluid.2015.05.031,unverified,0.5,isobaric,0.9629629629629629,isobaric,305.0,305.2736511230469,,,0.0016326904296875,True,False,48,CCCCCCC,mol_fddb2c852c313396,0.02400000000000002,0.017000000000000015,0.012269656173884869,5.967258930206299,8.68056869506836,COC=O,mol_3beef90b23ffcece,0.976,0.983,0.9877303838729858,1.001738429069519,102.36138153076172,,,,,,,
state_2cb01919cc51d7c2dc88063c,2c_f0a592d91b289fcd0778,2,binary_vle_english.xlsx,10.1016/j.fluid.2005.01.007,unverified,0.5,isobaric,0.9545454545454546,isobaric,337.42999999999995,343.7796936035156,,,-7.62939453125e-05,True,False,48,CC(C)=O,mol_e04cf77cea7bbe66,0.238,0.713,0.6779402494430542,1.7940587997436523,160.86898803710938,CC(C)CC(C)(C)C,mol_57615b5c3546c298,0.762,0.28700000000000003,0.3220598101615906,1.0495539903640747,40.801048278808594,,,,,,,
state_2cc2d4ddff3695f407ed4678,3c_1a08c4f653f7d812cdc9,3,ternary_vle_english.xlsx,10.1016/j.jct.2019.03.036,unverified,0.5,isobaric,0.972972972972973,isobaric,377.71,375.022705078125,,,7.62939453125e-06,True,False,48,CCCOC(C)=O,mol_67043ae833ecd0c7,0.1271,0.282,0.17798969149589539,1.3385082483291626,105.98329162597656,CCOC(C)=O,mol_18876b584acc43d4,0.2781,0.6832,0.7832653522491455,1.3368489742279053,213.41983032226562,CS(C)=O,mol_7d3e12eaed0f467c,0.5948,0.03479999999999994,0.038744933903217316,1.1137275695800781,5.924807071685791
state_2d020efccc1d5ccf237859b5,2c_68be6b27ffcb3843add8,2,binary_vle_english.xlsx,10.1016/j.fluid.2010.09.023,unverified,0.5,full_state,0.0,isobaric,322.03,319.1654968261719,,,9.1552734375e-05,True,False,48,CCC#N,mol_abe9c8e175e3ffb6,0.6026,0.03990000000000005,0.028321528807282448,1.282697319984436,14.949397087097168,CCCC,mol_fadb5806094149e6,0.3974,0.9601,0.9716784954071045,2.1005420684814453,474.9234619140625,,,,,,,
state_2d4106dd613c07e6f097baae,2c_d66c7a74cea5d8732e08,2,binary_vle_english.xlsx,10.1016/j.fluid.2014.02.006,unverified,0.5,isobaric,0.9411764705882353,isobaric,359.85999999999996,360.3150634765625,,,0.000244140625,True,False,48,CC(C)O,mol_db030b5de88f8eaf,0.05,0.401,0.39154839515686035,6.595124244689941,120.28255462646484,O,mol_e81dc06beaa39499,0.95,0.599,0.6084516048431396,1.0106420516967773,64.19708251953125,,,,,,,
state_2d55af3820b4a23e65ab33ce,2c_d66c7a74cea5d8732e08,2,binary_vle_english.xlsx,10.1016/j.jct.2016.10.001,unverified,0.5,isobaric,0.9375,isobaric,353.59999999999997,353.8825378417969,,,-2.288818359375e-05,True,False,48,CC(C)O,mol_db030b5de88f8eaf,0.61,0.644,0.6413527727127075,1.1277838945388794,94.43877410888672,O,mol_e81dc06beaa39499,0.39,0.356,0.3586472272872925,1.8641458749771118,49.97261428833008,,,,,,,
state_2d84b32b545e3cec22db74a9,2c_5e274a8981b66e0477e8,2,binary_vle_english.xlsx,10.1016/j.fluid.2005.02.014,passed,1.0,isobaric,0.9166666666666666,isobaric,359.79999999999995,359.3479309082031,,,7.62939453125e-05,True,False,48,C1CCOCC1,mol_626f3d1f5bbb6f55,0.9271,0.8855,0.8682324886322021,1.000388264656067,94.83100128173828,CCC(C)Cl,mol_9f4835d3aad75f1c,0.07289999999999996,0.11450000000000005,0.13176751136779785,1.0585507154464722,172.97312927246094,,,,,,,
state_2da28b20985a41f13239a07a,3c_2cb16216a8c609b7ad27,3,ternary_vle_english.xlsx,10.1016/j.fluid.2005.09.015,unverified,0.5,isobaric,0.9767441860465116,isobaric,384.9,385.4110412597656,,,3.0517578125e-05,True,False,48,CC(=O)OCC(C)C,mol_e7eb29ad965cc8ee,0.056,0.056,0.05738193914294243,1.1765186786651611,88.2262191772461,CC(C)CO,mol_015d21fca05fcd26,0.697,0.842,0.8544583916664124,1.0585981607437134,117.31034088134766,CCCCOC(=O)CC,mol_a9c167bbb331e76a,0.247,0.10199999999999998,0.08815968781709671,1.1209542751312256,32.25481033325195
state_2da69903a1676525e56c6275,2c_03bd4325b126d2709459,2,binary_vle_english.xlsx,10.1016/j.fluid.2011.10.009,unverified,0.5,isobaric,0.9333333333333333,isobaric,354.79999999999995,355.3022766113281,,,3.0517578125e-05,True,False,48,C1CCCCC1,mol_893981623557f359,0.9390000000000001,0.995,0.9925669431686401,1.0011824369430542,106.95233917236328,CCCCCCCCC,mol_dd70207e50d8bf63,0.061,0.005,0.007433019112795591,1.1812388896942139,10.449775695800781,,,,,,,
state_2dd2b8ae222ce2136478402e,2c_f0a592d91b289fcd0778,2,binary_vle_english.xlsx,10.1016/j.fluid.2005.01.007,unverified,0.5,isobaric,0.9545454545454546,isobaric,356.94,360.8911437988281,,,9.1552734375e-05,True,False,48,CC(C)=O,mol_e04cf77cea7bbe66,0.058,0.387,0.357105553150177,2.3226170539855957,268.5877990722656,CC(C)CC(C)(C)C,mol_57615b5c3546c298,0.942,0.613,0.6428945064544678,1.0028517246246338,68.95207977294922,,,,,,,
state_2e00f4dc192aaf8742cf0699,2c_5e274a8981b66e0477e8,2,binary_vle_english.xlsx,10.1016/j.fluid.2005.02.014,passed,1.0,isobaric,0.9166666666666666,isobaric,323.14,322.9023132324219,,,3.814697265625e-06,True,False,48,C1CCOCC1,mol_626f3d1f5bbb6f55,0.5143,0.3521,0.3424760401248932,1.007354497909546,26.441852569580078,CCC(C)Cl,mol_9f4835d3aad75f1c,0.4857,0.6478999999999999,0.6575239300727844,1.0135568380355835,53.4263916015625,,,,,,,
state_2e711d3be7fbc358a527731c,2c_97830bff71af0df3111e,2,binary_vle_english.xlsx,10.1016/j.fluid.2018.03.015,unverified,0.5,isobaric,0.9090909090909091,isobaric,336.15,337.3141174316406,,,0.00025177001953125,True,False,48,CCO,mol_f29e20f49d416e54,0.638,0.376,0.4001457691192627,1.124794602394104,56.48518371582031,ClC(Cl)Cl,mol_d9e0a2387a6283f9,0.362,0.624,0.5998542308807373,1.569279670715332,106.96631622314453,,,,,,,
state_2ea10e7b43fd8aee4c60e9ab,3c_f0c258463b44c2183ab7,3,ternary_vle_english.xlsx,10.1016/j.fluid.2005.03.014,unverified,0.5,isobaric,0.9767441860465116,isobaric,400.69,401.8343200683594,,,7.62939453125e-06,True,False,48,CC(=O)OCC(C)C,mol_e7eb29ad965cc8ee,0.262,0.558,0.5099057555198669,1.3480480909347534,146.24884033203125,CC(C)CO,mol_015d21fca05fcd26,0.099,0.163,0.15723618865013123,0.7800732254981995,206.2486572265625,CN(C)C=O,mol_ca12d6d2f2ffb170,0.639,0.2789999999999999,0.33285802602767944,1.02021324634552,51.722129821777344
state_2f10975de98464679683a7be,2c_a873f6bbdf8411ff9a25,2,binary_vle_english.xlsx,10.1016/j.fluid.2013.05.016,passed,1.0,isobaric,0.9444444444444444,isobaric,383.59999999999997,383.1984558105469,,,0.00055694580078125,True,False,48,CCCCCCCCC,mol_dd70207e50d8bf63,0.694,0.207,0.2074582427740097,1.0087884664535522,30.0180606842041,c1ccccc1,mol_7165dcf6be1f831d,0.30600000000000005,0.793,0.7925418019294739,1.0883783102035522,241.0640411376953,,,,,,,
state_2f4976112bf78dd033deffa9,2c_d66c7a74cea5d8732e08,2,binary_vle_english.xlsx,10.1016/j.jct.2017.02.005,unverified,0.5,isobaric,0.96875,isobaric,366.74,368.5437927246094,,,-1.52587890625e-05,True,False,48,CC(C)O,mol_db030b5de88f8eaf,0.009,0.179,0.13429610431194305,9.216753005981445,161.89862060546875,O,mol_e81dc06beaa39499,0.991,0.821,0.8657039403915405,1.0003620386123657,87.32501220703125,,,,,,,
state_2f78c96b2ad175683507eb7f,3c_2cb16216a8c609b7ad27,3,ternary_vle_english.xlsx,10.1016/j.fluid.2005.09.015,unverified,0.5,isobaric,0.9767441860465116,isobaric,400.77,402.12982177734375,,,0.00104522705078125,True,False,48,CC(=O)OCC(C)C,mol_e7eb29ad965cc8ee,0.102,0.143,0.14116990566253662,0.9503377676010132,147.52906799316406,CC(C)CO,mol_015d21fca05fcd26,0.184,0.433,0.45504438877105713,1.2029086351394653,208.26531982421875,CCCCOC(=O)CC,mol_a9c167bbb331e76a,0.714,0.42400000000000004,0.40378567576408386,0.9972798228263855,57.444618225097656
state_2f7ebe9ea676baa7771432d2,2c_35cc53cd52979773cfcb,2,binary_vle_english.xlsx,10.1016/j.fluid.2015.08.014,unverified,0.5,isobaric,0.9473684210526315,isobaric,416.42999999999995,411.84796142578125,,,0.00057220458984375,True,False,48,CO,mol_a85d32e4db2ff39c,0.12,0.778,0.8112205862998962,0.6554203033447266,1044.839111328125,CS(C)=O,mol_7d3e12eaed0f467c,0.88,0.22199999999999998,0.18877938389778137,0.9903318881988525,21.943342208862305,,,,,,,
state_306c52533d163d194fb49856,2c_1490252da7453cbbebe4,2,binary_vle_english.xlsx,10.1016/j.jct.2011.10.025,unverified,0.5,isobaric,0.9545454545454546,isobaric,349.95,350.34014892578125,,,8.392333984375e-05,True,False,48,CC(C)CC(C)(C)C,mol_57615b5c3546c298,0.265,0.33199999999999996,0.32899603247642517,2.505446672439575,50.196006774902344,CC(C)O,mol_db030b5de88f8eaf,0.735,0.668,0.6710039973258972,1.1230424642562866,82.3476333618164,,,,,,,
state_309387235a50639644bd232a,2c_d61da005b4125a743b07,2,binary_vle_english.xlsx,10.1016/j.fluid.2009.03.008,unverified,0.5,isobaric,0.9583333333333334,isobaric,370.2,370.2870178222656,,,1.52587890625e-05,True,False,48,CC(=O)O,mol_9ac385b135af0125,0.6073,0.3273,0.29022011160850525,0.9990686774253845,48.469356536865234,CCC(C)=O,mol_4cfc5db0ca2ab00b,0.39270000000000005,0.6727000000000001,0.7097798585891724,1.0003942251205444,183.0753936767578,,,,,,,
state_309939f4584eb03a11e110af,2c_4c757308eefec1e2dd80,2,binary_vle_english.xlsx,10.1016/j.fluid.2011.11.020,unverified,0.5,isobaric,0.9444444444444444,isobaric,341.25,348.8685607910156,,,6.866455078125e-05,True,False,48,C=C(C)C(C)C,mol_6f1c44bf29e6107c,0.3084,0.5831,0.38354966044425964,1.4430909156799316,87.32772064208984,c1ccsc1,mol_7953343be0b435d5,0.6916,0.4169,0.616450309753418,1.0941386222839355,82.54853057861328,,,,,,,
state_30ab688cd130afdb84b6f1d5,2c_4c757308eefec1e2dd80,2,binary_vle_english.xlsx,10.1016/j.fluid.2011.11.020,unverified,0.5,isobaric,0.9444444444444444,isobaric,351.9,352.8367919921875,,,0.0003204345703125,True,False,48,C=C(C)C(C)C,mol_6f1c44bf29e6107c,0.07110000000000005,0.21499999999999997,0.13583797216415405,2.0890085697174072,92.67254638671875,c1ccsc1,mol_7953343be0b435d5,0.9289,0.785,0.864162027835846,1.005460500717163,93.75640106201172,,,,,,,
state_30d7caaecd5ed53821fb8681,2c_4e1effd6e44016fa9e71,2,binary_vle_english.xlsx,10.1016/j.fluid.2019.03.022,passed,1.0,isobaric,0.95,isobaric,335.96999999999997,336.8200988769531,,,0.00052642822265625,True,False,48,CO,mol_a85d32e4db2ff39c,0.971,0.905,0.9135159850120544,1.0015894174575806,95.15214538574219,c1ccccc1,mol_7165dcf6be1f831d,0.029,0.095,0.08648400753736496,4.897432327270508,61.685176849365234,,,,,,,
state_310b6d383943f243c678c510,2c_a1a0cf7c2f4fd070fb84,2,binary_vle_english.xlsx,10.1016/j.jct.2018.03.019,unverified,0.5,isobaric,0.95,isobaric,358.90999999999997,360.0589599609375,,,0.0,True,False,48,CC(C)=O,mol_e04cf77cea7bbe66,0.3632,0.9518,0.9547492265701294,1.0153210163116455,262.2703857421875,O=Cc1ccco1,mol_cfdccd30b0689448,0.6368,0.04820000000000002,0.04525075480341911,0.9893003702163696,7.276185512542725,,,,,,,
state_31a8bf97eb46c23bd4709071,2c_6f361cb0ec8be0b0e6dd,2,binary_vle_english.xlsx,10.1016/j.fluid.2006.08.004,unverified,0.5,isobaric,0.95,isobaric,338.79999999999995,340.35845947265625,,,3.814697265625e-05,True,False,48,CC(C)OC(C)C,mol_1a0ca8e5eeb68da8,0.389,0.552,0.5350102186203003,1.5299603939056396,91.06293487548828,CCO,mol_f29e20f49d416e54,0.611,0.44799999999999995,0.4649898111820221,1.2033883333206177,64.06277465820312,,,,,,,
state_322107743bdc44c01c87f3c4,2c_6f361cb0ec8be0b0e6dd,2,binary_vle_english.xlsx,10.1016/j.fluid.2006.08.004,unverified,0.5,isobaric,0.95,isobaric,342.15,343.05242919921875,,,-6.103515625e-05,True,False,48,CC(C)OC(C)C,mol_1a0ca8e5eeb68da8,0.193,0.403,0.40267205238342285,2.141329288482666,98.70055389404297,CCO,mol_f29e20f49d416e54,0.8069999999999999,0.597,0.5973279476165771,1.0489925146102905,71.47856903076172,,,,,,,
state_323e7ae8fa1f5f66577bf02b,2c_d61da005b4125a743b07,2,binary_vle_english.xlsx,10.1016/j.fluid.2009.03.008,unverified,0.5,isobaric,0.9583333333333334,isobaric,372.25,372.6954345703125,,,5.340576171875e-05,True,False,48,CC(=O)O,mol_9ac385b135af0125,0.6632,0.4023,0.3472841680049896,0.9992179274559021,53.10296630859375,CCC(C)=O,mol_4cfc5db0ca2ab00b,0.3368,0.5977,0.652715802192688,0.9998103380203247,196.4142303466797,,,,,,,
state_324646a4a8a94e3c68cec043,2c_42d2383a8e4daebeb5e1,2,binary_vle_english.xlsx,10.1016/j.fluid.2010.08.002,unverified,0.5,isobaric,0.9230769230769231,isobaric,371.07,371.8188171386719,,,-1.52587890625e-05,True,False,48,CCCCCCC,mol_fddb2c852c313396,0.924,0.954,0.9491050243377686,1.0145751237869263,101.24141693115234,CCCOCCO,mol_770d75a3bb2412ce,0.07599999999999996,0.04600000000000004,0.05089502036571503,4.181194305419922,16.01627540588379,,,,,,,
state_32dcef71322be97c30a81b6f,2c_d66c7a74cea5d8732e08,2,binary_vle_english.xlsx,10.1016/j.jct.2016.10.001,unverified,0.5,isobaric,0.9375,isobaric,373.2,372.64990234375,,,7.62939453125e-06,True,False,48,CC(C)O,mol_db030b5de88f8eaf,0.0,0.0,0.0,9.996119499206543,186.85418701171875,O,mol_e81dc06beaa39499,1.0,1.0,1.0,1.0,101.29994201660156,,,,,,,
state_32eff95afede1e50daa3c45a,2c_7e396008deb1d14f8e15,2,binary_vle_english.xlsx,10.1016/j.fluid.2015.11.007,passed,1.0,isobaric,0.9090909090909091,isobaric,375.46,372.611083984375,,,2.002716064453125e-05,True,False,48,CC(=O)N(C)C,mol_b8ccf255e2b62919,0.912,0.993,0.9462854266166687,0.9899309873580933,12.577733993530273,CC(=O)O,mol_9ac385b135af0125,0.088,0.007,0.05371461808681488,0.13837291300296783,52.93449401855469,,,,,,,
state_32f4306b813e5f45ad93689d,3c_2cb16216a8c609b7ad27,3,ternary_vle_english.xlsx,10.1016/j.fluid.2005.09.015,unverified,0.5,isobaric,0.9767441860465116,isobaric,389.13,389.1338195800781,,,6.866455078125e-05,True,False,48,CC(=O)OCC(C)C,mol_e7eb29ad965cc8ee,0.914,0.898,0.8968467712402344,1.0009337663650513,99.30615234375,CC(C)CO,mol_015d21fca05fcd26,0.052,0.089,0.09152064472436905,1.3317651748657227,133.87440490722656,CCCCOC(=O)CC,mol_a9c167bbb331e76a,0.03399999999999992,0.013000000000000012,0.011632624082267284,0.9408848285675049,36.835941314697266
state_3322f033dd9a3371c6b13902,2c_f6f5f309e3d6c1952684,2,binary_vle_english.xlsx,10.1016/j.fluid.2012.12.020,passed,1.0,isobaric,0.9545454545454546,isobaric,393.13,392.27325439453125,,,0.0,True,False,48,CCCCCO,mol_243de2450bee5519,0.1421,0.07099999999999995,0.08836343884468079,1.3735966682434082,45.72360610961914,CCCCO,mol_ad4ef9c6c876ca2f,0.8579,0.929,0.9116365313529968,1.0097827911376953,106.28654479980469,,,,,,,
state_337bd20eb6690b72d42f9fc8,3c_1a08c4f653f7d812cdc9,3,ternary_vle_english.xlsx,10.1016/j.jct.2019.03.036,unverified,0.5,isobaric,0.972972972972973,isobaric,381.71999999999997,380.1385192871094,,,0.00041961669921875,True,False,48,CCCOC(C)=O,mol_67043ae833ecd0c7,0.2151,0.4846,0.35967639088630676,1.3525158166885376,125.2391357421875,CCOC(C)=O,mol_18876b584acc43d4,0.1834,0.4726,0.592639148235321,1.325999140739441,246.86451721191406,CS(C)=O,mol_7d3e12eaed0f467c,0.6014999999999999,0.04279999999999995,0.04768455773591995,1.1129992008209229,7.215363025665283
state_33eaa4df19998e580da72bfc,3c_2cb16216a8c609b7ad27,3,ternary_vle_english.xlsx,10.1016/j.fluid.2005.09.015,unverified,0.5,isobaric,0.9767441860465116,isobaric,385.92999999999995,386.4565124511719,,,6.103515625e-05,True,False,48,CC(=O)OCC(C)C,mol_e7eb29ad965cc8ee,0.767,0.697,0.6982255578041077,1.0108420848846436,91.22765350341797,CC(C)CO,mol_015d21fca05fcd26,0.194,0.289,0.28949394822120667,1.2413392066955566,121.77459716796875,CCCCOC(=O)CC,mol_a9c167bbb331e76a,0.038999999999999924,0.014000000000000012,0.012280482798814774,0.9524801969528198,33.48916244506836
state_348b1d0512ebf13117f9cf18,2c_7b12ee2d0e35e39326bc,2,binary_vle_english.xlsx,10.1016/j.fluid.2011.08.007,unverified,0.5,isobaric,0.9666666666666667,isobaric,343.41999999999996,344.1354675292969,,,1.52587890625e-05,True,False,48,CCOCCO,mol_ab8630148ae67e51,0.274,0.027000000000000024,0.025016220286488533,1.0280821323394775,8.287402153015137,CO,mol_a85d32e4db2ff39c,0.726,0.973,0.9749837517738342,0.995840311050415,125.84794616699219,,,,,,,
state_34b28d155261c7db8956fcdf,2c_7c6b847ee4cb190db3ef,2,binary_vle_english.xlsx,10.1016/j.fluid.2005.06.024,unverified,0.5,isobaric,0.9666666666666667,isobaric,364.44,362.9298400878906,,,0.0002593994140625,True,False,48,CCC(C)=O,mol_4cfc5db0ca2ab00b,0.613,0.876,0.8944093585014343,1.0068790912628174,146.8304901123047,CCOC(=O)OCC,mol_4df2781fcf4d4a77,0.387,0.124,0.1055905893445015,0.9817430973052979,28.16009521484375,,,,,,,
state_34d6391f3e4db0872688bcaa,2c_74caf60139062b8ca437,2,binary_vle_english.xlsx,10.1016/j.fluid.2010.08.010,unverified,0.5,isobaric,0.9411764705882353,isobaric,421.45,412.18255615234375,,,0.000274658203125,True,False,48,CCCCCCO,mol_eb71ecc709e3f0dc,0.5721,0.4566,0.39652425050735474,1.1469600200653076,57.770843505859375,Cc1ccccc1C,mol_61c4de85d258b45d,0.4279,0.5434,0.6034756898880005,1.3976422548294067,96.46741485595703,,,,,,,
state_35063cdc189ff6ba842a7dbc,2c_35cc53cd52979773cfcb,2,binary_vle_english.xlsx,10.1016/j.fluid.2015.08.014,unverified,0.5,isobaric,0.9473684210526315,isobaric,391.57,386.89080810546875,,,-2.288818359375e-05,True,False,48,CO,mol_a85d32e4db2ff39c,0.249,0.924,0.933320164680481,0.7273547649383545,522.0283203125,CS(C)=O,mol_7d3e12eaed0f467c,0.751,0.07599999999999996,0.06667980551719666,0.9687445163726807,9.284407615661621,,,,,,,
state_35624c9c1b2b532e6de43092,2c_1490252da7453cbbebe4,2,binary_vle_english.xlsx,10.1016/j.jct.2011.10.025,unverified,0.5,isobaric,0.9545454545454546,isobaric,349.65,350.2095947265625,,,-5.340576171875e-05,True,False,48,CC(C)CC(C)(C)C,mol_57615b5c3546c298,0.392,0.373,0.36924871802330017,1.90867018699646,49.99320602416992,CC(C)O,mol_db030b5de88f8eaf,0.608,0.627,0.6307512521743774,1.2827091217041016,81.92855834960938,,,,,,,
state_356a7700b9389664a6da4864,3c_2cb16216a8c609b7ad27,3,ternary_vle_english.xlsx,10.1016/j.fluid.2005.09.015,unverified,0.5,isobaric,0.9767441860465116,isobaric,396.02,396.6302490234375,,,2.288818359375e-05,True,False,48,CC(=O)OCC(C)C,mol_e7eb29ad965cc8ee,0.487,0.587,0.5973889231681824,0.9927258491516113,125.17227172851562,CC(C)CO,mol_015d21fca05fcd26,0.097,0.202,0.21537604928016663,1.2974729537963867,173.3551025390625,CCCCOC(=O)CC,mol_a9c167bbb331e76a,0.41600000000000004,0.21100000000000008,0.187235027551651,0.9544945955276489,47.767173767089844
state_35b562114873f99945bacf83,2c_7b12ee2d0e35e39326bc,2,binary_vle_english.xlsx,10.1016/j.fluid.2011.08.007,unverified,0.5,isobaric,0.9666666666666667,isobaric,369.64,369.34820556640625,,,-2.288818359375e-05,True,False,48,CCOCCO,mol_ab8630148ae67e51,0.756,0.21999999999999997,0.1973024606704712,0.9978874325752258,24.40641975402832,CO,mol_a85d32e4db2ff39c,0.244,0.78,0.802697479724884,1.0130764245986938,303.036376953125,,,,,,,
state_35bef5263b1ff815baf129f2,2c_f6f5f309e3d6c1952684,2,binary_vle_english.xlsx,10.1016/j.fluid.2012.12.020,passed,1.0,isobaric,0.9545454545454546,isobaric,390.85999999999996,390.8613586425781,,,-1.52587890625e-05,True,False,48,CCCCCO,mol_243de2450bee5519,0.0,0.0,0.0,1.562860131263733,43.3149299621582,CCCCO,mol_ad4ef9c6c876ca2f,1.0,1.0,1.0,1.0,100.99994659423828,,,,,,,
state_35e6edadb94f2f3df4f27e3b,2c_d66c7a74cea5d8732e08,2,binary_vle_english.xlsx,10.1016/j.jct.2017.02.005,unverified,0.5,isobaric,0.96875,isobaric,359.46,361.46441650390625,,,0.0005645751953125,True,False,48,CC(C)O,mol_db030b5de88f8eaf,0.039,0.415,0.35121241211891174,7.176758289337158,125.4814682006836,O,mol_e81dc06beaa39499,0.961,0.585,0.6487875580787659,1.0065542459487915,67.07251739501953,,,,,,,
state_35f8e4d9b8d298f55f487901,2c_6eb2e45afed5017e5e33,2,binary_vle_english.xlsx,10.1016/j.fluid.2014.09.021,unverified,0.5,isobaric,0.95,isobaric,419.65,418.96893310546875,,,0.0009002685546875,True,False,48,CCC(C)OC(C)=O,mol_879306ab1082c162,0.036,0.162,0.172072634100914,1.8113690614700317,267.31011962890625,CN(C)C=O,mol_ca12d6d2f2ffb170,0.964,0.838,0.8279274106025696,1.0007649660110474,86.935302734375,,,,,,,
state_36533b2674cc41198e867b23,2c_7b12ee2d0e35e39326bc,2,binary_vle_english.xlsx,10.1016/j.fluid.2011.08.007,unverified,0.5,isobaric,0.9666666666666667,isobaric,405.25,406.3116149902344,,,3.814697265625e-05,True,False,48,CCOCCO,mol_ab8630148ae67e51,1.0,1.0,1.0,1.0,93.32009887695312,CO,mol_a85d32e4db2ff39c,0.0,0.0,0.0,0.9798775315284729,902.3893432617188,,,,,,,
state_36ddf1271b16d5bc9c77f9c3,2c_a873f6bbdf8411ff9a25,2,binary_vle_english.xlsx,10.1016/j.fluid.2013.05.016,passed,1.0,isobaric,0.9444444444444444,isobaric,354.29999999999995,353.73077392578125,,,0.0013275146484375,True,False,48,CCCCCCCCC,mol_dd70207e50d8bf63,0.048,0.005,0.005820128601044416,1.2536214590072632,9.798052787780762,c1ccccc1,mol_7165dcf6be1f831d,0.952,0.995,0.994179904460907,1.0010168552398682,105.68211364746094,,,,,,,
state_36e65c44d44389878c86882e,2c_26042ad21e725d8f2224,2,binary_vle_english.xlsx,10.1016/j.jct.2019.06.026,unverified,0.5,isobaric,0.9411764705882353,isobaric,423.2,423.4503173828125,,,-3.0517578125e-05,True,False,48,CN(C)C=O,mol_ca12d6d2f2ffb170,0.9847,0.9191,0.961243748664856,0.999933660030365,98.89342498779297,OCC(F)(F)C(F)F,mol_48469952cf716332,0.0153,0.0809,0.038756195455789566,0.7495611310005188,342.3352966308594,,,,,,,
state_36f6564fbfde7953bb52c1a6,2c_9f31aad1f9974e54ecb0,2,binary_vle_english.xlsx,10.1016/j.jct.2017.07.019,unverified,0.5,isobaric,0.95,isobaric,382.15,383.1042175292969,,,7.62939453125e-06,True,False,48,Cc1ccc(C)cc1,mol_e7658ba520613aac,0.0,0.0,0.0,2.4202327728271484,45.72404098510742,OCC(F)(F)C(F)F,mol_48469952cf716332,1.0,1.0,1.0,1.0,101.29994201660156,,,,,,,
state_370082b9829ad4cb59bbb05d,2c_21b807a1a6c6348c91ac,2,binary_vle_english.xlsx,10.1016/j.fluid.2018.07.027,unverified,0.5,isobaric,0.9629629629629629,isobaric,368.4,369.1276550292969,,,1.52587890625e-05,True,False,48,CC(C)CC(C)(C)C,mol_57615b5c3546c298,0.9406,0.8646,0.8190180659294128,1.011103630065918,87.2372817993164,CCCCO,mol_ad4ef9c6c876ca2f,0.05940000000000001,0.13539999999999996,0.18098190426826477,7.040309429168701,43.839561462402344,,,,,,,
state_373cb0061b859816c4307c8f,2c_26042ad21e725d8f2224,2,binary_vle_english.xlsx,10.1016/j.jct.2019.06.026,unverified,0.5,isobaric,0.9411764705882353,isobaric,381.95,383.1042175292969,,,7.62939453125e-06,True,False,48,CN(C)C=O,mol_ca12d6d2f2ffb170,0.0,0.0,0.0,0.8037750124931335,27.802228927612305,OCC(F)(F)C(F)F,mol_48469952cf716332,1.0,1.0,1.0,1.0,101.29994201660156,,,,,,,
state_37c0972a316dcea2d6361aa3,2c_74caf60139062b8ca437,2,binary_vle_english.xlsx,10.1016/j.fluid.2010.08.010,unverified,0.5,isobaric,0.9411764705882353,isobaric,427.45,422.95526123046875,,,7.62939453125e-05,True,False,48,CCCCCCO,mol_eb71ecc709e3f0dc,0.9375,0.9052,0.821928858757019,1.0030114650726318,83.5632553100586,Cc1ccccc1C,mol_61c4de85d258b45d,0.0625,0.0948,0.17807112634181976,2.101900339126587,129.5864715576172,,,,,,,
state_37d6a4c12246db557b294bab,2c_1490252da7453cbbebe4,2,binary_vle_english.xlsx,10.1016/j.jct.2011.10.025,unverified,0.5,isobaric,0.9545454545454546,isobaric,349.69,350.1993408203125,,,3.814697265625e-05,True,False,48,CC(C)CC(C)(C)C,mol_57615b5c3546c298,0.36,0.366,0.36108362674713135,2.0330193042755127,49.97733688354492,CC(C)O,mol_db030b5de88f8eaf,0.64,0.634,0.6389163136482239,1.2348449230194092,81.89566802978516,,,,,,,
state_37df9f511d039116ebbc9138,2c_7c6b847ee4cb190db3ef,2,binary_vle_english.xlsx,10.1016/j.fluid.2005.06.024,unverified,0.5,isobaric,0.9666666666666667,isobaric,372.05999999999995,371.3423767089844,,,-1.52587890625e-05,True,False,48,CCC(C)=O,mol_4cfc5db0ca2ab00b,0.4218,0.7534,0.7832907438278198,0.9964842796325684,188.82630920410156,CCOC(=O)OCC,mol_4df2781fcf4d4a77,0.5782,0.24660000000000004,0.21670928597450256,0.9905949831008911,38.337154388427734,,,,,,,
state_381b510e4e698e96cea20896,2c_d66c7a74cea5d8732e08,2,binary_vle_english.xlsx,10.1016/j.jct.2016.10.001,unverified,0.5,isobaric,0.9375,isobaric,355.0,355.0232238769531,,,1.52587890625e-05,True,False,48,CC(C)O,mol_db030b5de88f8eaf,0.297,0.541,0.5317134857177734,1.8385413885116577,98.64089965820312,O,mol_e81dc06beaa39499,0.7030000000000001,0.45899999999999996,0.46828651428222656,1.2907882928848267,52.2769889831543,,,,,,,
state_38fcd2b4ec4fa2a2d3ea734e,2c_8227101c64130ee5e04f,2,binary_vle_english.xlsx,10.1016/j.jct.2017.07.019,unverified,0.5,isobaric,0.9411764705882353,isobaric,373.04999999999995,372.64990234375,,,7.62939453125e-06,True,False,48,O,mol_e81dc06beaa39499,1.0,1.0,1.0,1.0,101.29994201660156,OCC(F)(F)C(F)F,mol_48469952cf716332,0.0,0.0,0.0,2.9922001361846924,70.77780151367188,,,,,,,
state_392640f6ffd9bbec7563008f,3c_2cb16216a8c609b7ad27,3,ternary_vle_english.xlsx,10.1016/j.fluid.2005.09.015,unverified,0.5,isobaric,0.9767441860465116,isobaric,383.46999999999997,383.9615478515625,,,-7.62939453125e-06,True,False,48,CC(=O)OCC(C)C,mol_e7eb29ad965cc8ee,0.407,0.364,0.35654017329216003,1.053899884223938,84.2022705078125,CC(C)CO,mol_015d21fca05fcd26,0.493,0.599,0.612478494644165,1.1301898956298828,111.3529281616211,CCCCOC(=O)CC,mol_a9c167bbb331e76a,0.10000000000000009,0.03700000000000003,0.03098134696483612,1.0253561735153198,30.607980728149414
state_39583721a2f1a754ac9cfb22,2c_6eb2e45afed5017e5e33,2,binary_vle_english.xlsx,10.1016/j.fluid.2014.09.021,unverified,0.5,isobaric,0.95,isobaric,393.03999999999996,392.9532165527344,,,0.00052642822265625,True,False,48,CCC(C)OC(C)=O,mol_879306ab1082c162,0.519,0.773,0.7849653363227844,1.2068846225738525,126.94886016845703,CN(C)C=O,mol_ca12d6d2f2ffb170,0.481,0.22699999999999998,0.21503467857837677,1.166612982749939,38.819332122802734,,,,,,,
state_397527bdcffda3f28e90ed6b,2c_e923997b8f9df5a64a73,2,binary_vle_english.xlsx,10.1016/j.fluid.2018.03.011,unverified,0.5,isobaric,0.9090909090909091,isobaric,337.25,337.306884765625,,,0.000213623046875,True,False,48,CC(C)O,mol_db030b5de88f8eaf,0.46599999999999997,0.261,0.2780716121196747,1.2456600666046143,48.526756286621094,ClC(Cl)Cl,mol_d9e0a2387a6283f9,0.534,0.739,0.7219284176826477,1.2806140184402466,106.94111633300781,,,,,,,
state_39a6167640fdee4f9640bbbe,2c_d61da005b4125a743b07,2,binary_vle_english.xlsx,10.1016/j.fluid.2009.03.008,unverified,0.5,isobaric,0.9583333333333334,isobaric,364.14,362.84307861328125,,,0.00029754638671875,True,False,48,CC(=O)O,mol_9ac385b135af0125,0.4102,0.1601,0.14674243330955505,0.9993435144424438,36.27311325073242,CCC(C)=O,mol_4cfc5db0ca2ab00b,0.5898,0.8399,0.8532575964927673,1.0010409355163574,146.441162109375,,,,,,,
state_39d5632b5404fed32dfe59d4,2c_42d2383a8e4daebeb5e1,2,binary_vle_english.xlsx,10.1016/j.fluid.2010.08.002,unverified,0.5,isobaric,0.9230769230769231,isobaric,363.75,364.20819091796875,,,0.0005035400390625,True,False,48,CCCCCCC,mol_fddb2c852c313396,1.0,1.0,1.0,1.0,80.00045776367188,CCCOCCO,mol_770d75a3bb2412ce,0.0,0.0,0.0,5.991905689239502,11.686107635498047,,,,,,,
state_39ecd0ff564780946ac84766,2c_d66c7a74cea5d8732e08,2,binary_vle_english.xlsx,10.1016/j.fluid.2017.09.010,unverified,0.5,isobaric,0.9473684210526315,isobaric,353.7,354.0240783691406,,,-6.866455078125e-05,True,False,48,CC(C)O,mol_db030b5de88f8eaf,0.5293,0.6181,0.6027548909187317,1.2113145589828491,94.95172119140625,O,mol_e81dc06beaa39499,0.4707,0.3819,0.3972450792789459,1.6961607933044434,50.25372314453125,,,,,,,
state_3a0ee04ec49a4d3ce650f9d0,3c_50c0ded265c297b30405,3,ternary_vle_english.xlsx,10.1016/j.fluid.2015.03.013,unverified,0.5,isobaric,0.9333333333333333,isobaric,400.0,402.6742248535156,,,0.00011444091796875,True,False,48,CC(=O)N(C)C,mol_b8ccf255e2b62919,0.591,0.19700000000000006,0.20756621658802032,1.0104061365127563,35.21136474609375,CCC(C)O,mol_06affb0d2c6c8ff2,0.046,0.087,0.09571237117052078,0.760350227355957,277.20831298828125,CCC(C)OC(C)=O,mol_879306ab1082c162,0.363,0.716,0.6967213749885559,1.1465871334075928,169.57237243652344
state_3a4214cb5464062019809e67,2c_d61da005b4125a743b07,2,binary_vle_english.xlsx,10.1016/j.fluid.2009.03.008,unverified,0.5,isobaric,0.9583333333333334,isobaric,375.46,376.2064514160156,,,0.0001678466796875,True,False,48,CC(=O)O,mol_9ac385b135af0125,0.7391,0.5038,0.4413110613822937,0.9994645714759827,60.53593444824219,CCC(C)=O,mol_4cfc5db0ca2ab00b,0.2609,0.4962,0.5586889982223511,0.9987035989761353,217.26934814453125,,,,,,,
state_3a677cfc06ba09ac77677f61,2c_ae514b5a938c4d83d1c9,2,binary_vle_english.xlsx,10.1016/j.fluid.2014.05.018,unverified,0.5,full_state,0.0,isothermal,,,110.000019521024,106.37667846679688,7.62939453125e-06,True,False,48,CCCC,mol_fadb5806094149e6,0.0,0.0,0.0,4.706474304199219,1085.587158203125,CCO,mol_f29e20f49d416e54,1.0,1.0,1.0,1.0,106.3766860961914,,,,,,,
state_3a846edd50ac7e71083e9028,2c_8b8dfc345b3e095c6955,2,binary_vle_english.xlsx,10.1016/j.jct.2012.10.003,unverified,0.5,isothermal,0.9,isothermal,,,234.40005468735998,345.3134765625,-3.0517578125e-05,True,False,48,CC(C)C,mol_cd0696a421ed56d8,0.914,0.87,0.6582147479057312,1.011899471282959,245.7522735595703,FC(F)(F)I,mol_b415a9b082dbafac,0.086,0.13,0.3417852520942688,3.940614938735962,348.2605895996094,,,,,,,
state_3b42bbabd983f22e0487faaa,2c_303f5d258da9140f9795,2,binary_vle_english.xlsx,10.1016/j.fluid.2012.11.026,unverified,0.5,isothermal,0.9333333333333333,isothermal,,,30.225247404544,28.39354705810547,-1.9073486328125e-06,True,False,48,CCOC(=O)OCC,mol_4df2781fcf4d4a77,1.0,1.0,1.0,1.0,28.393545150756836,O,mol_e81dc06beaa39499,0.0,0.0,0.0,2.5187666416168213,71.4881820678711,,,,,,,
state_3b98e9ac31fc1523527c2bba,2c_1490252da7453cbbebe4,2,binary_vle_english.xlsx,10.1016/j.fluid.2007.10.016,unverified,0.5,isothermal,0.9615384615384616,isothermal,,,58.659975406848,54.27911376953125,0.0,True,False,48,CC(C)CC(C)(C)C,mol_57615b5c3546c298,0.9192,0.5912999999999999,0.621200442314148,1.0167415142059326,36.078121185302734,CC(C)O,mol_db030b5de88f8eaf,0.0808,0.4087,0.37879955768585205,4.685421943664551,54.3102912902832,,,,,,,
state_3be3078aa23b3a0815e748f3,2c_56df7cea200b948181e5,2,binary_vle_english.xlsx,10.1016/j.fluid.2007.07.010,unverified,0.5,isothermal,0.9333333333333333,isothermal,,,278.00006872729597,327.9453125,3.0517578125e-05,True,False,48,CC(F)F,mol_ed933f1c25fd987c,0.137,0.42,0.5665740966796875,3.3496508598327637,404.8909606933594,CCCC,mol_fadb5806094149e6,0.863,0.5800000000000001,0.4334259331226349,1.032800316810608,159.4737548828125,,,,,,,
state_3c2f09da46c959ec64bdb46c,2c_c6a565ee5191fe2b2cdb,2,binary_vle_english.xlsx,10.1016/j.fluid.2010.11.026,passed,1.0,isothermal,0.9333333333333333,isothermal,,,84.599975259136,76.3544692993164,0.0,True,False,48,CCO,mol_f29e20f49d416e54,0.859,0.763,0.8238985538482666,1.0205405950546265,71.76038360595703,CCSCC,mol_a7491cfbf016fee6,0.141,0.237,0.176101416349411,1.9925930500030518,47.85855484008789,,,,,,,
state_3c7ca5477b787e410ecf5090,2c_ae99b15d6b25c7962c21,2,binary_vle_english.xlsx,10.1016/j.fluid.2005.05.003,unverified,0.5,isothermal,0.9230769230769231,isothermal,,,78.249964193664,66.44760131835938,0.0,True,False,48,NC1CCCCC1,mol_3cb1d9728851c877,0.258,0.127,0.13980017602443695,1.4090155363082886,25.553569793701172,O,mol_e81dc06beaa39499,0.742,0.873,0.8601997494697571,1.0775575637817383,71.4881820678711,,,,,,,
state_3d26da806954fe5afdfb6ddf,2c_ae514b5a938c4d83d1c9,2,binary_vle_english.xlsx,10.1016/j.fluid.2009.08.007,unverified,0.5,isothermal,0.8888888888888888,isothermal,,,28.199947312256,30.61960220336914,0.0,True,False,48,CCCC,mol_fadb5806094149e6,0.0,0.0,0.0,4.134474277496338,529.3032836914062,CCO,mol_f29e20f49d416e54,1.0,1.0,1.0,1.0,30.61960220336914,,,,,,,
state_3df449468ea2f7d298abfb2d,2c_6f361cb0ec8be0b0e6dd,2,binary_vle_english.xlsx,10.1016/j.jct.2012.11.005,unverified,0.5,isothermal,0.9166666666666666,isothermal,,,72.89000503296,64.7274169921875,0.0,True,False,48,CC(C)OC(C)C,mol_1a0ca8e5eeb68da8,0.125,0.405,0.34763482213020325,2.4679481983184814,72.93995666503906,CCO,mol_f29e20f49d416e54,0.875,0.595,0.6523651480674744,1.0186729431152344,47.37357711791992,,,,,,,
state_41174e0abe14b46f701d55a8,2c_a160651817afdffd3182,2,binary_vle_english.xlsx,10.1016/j.fluid.2005.05.024,unverified,0.5,isothermal,0.9583333333333334,isothermal,,,27.470007347456,26.907516479492188,-1.9073486328125e-06,True,False,48,CC(=O)CC(C)C,mol_0a895444a9f0f36b,0.49760000000000004,0.2743,0.272900253534317,1.175363540649414,12.555238723754883,CC(C)O,mol_db030b5de88f8eaf,0.5024,0.7257,0.7270997762680054,1.0993430614471436,35.422950744628906,,,,,,,
state_416c4ec7669fceba1554c3f2,2c_a4e8a38f7f4879124614,2,binary_vle_english.xlsx,10.1016/j.fluid.2012.05.016,unverified,0.5,isothermal,0.9375,isothermal,,,48.290028301439996,49.83172607421875,0.0,True,False,48,CCCO,mol_5fb2f93dc8caa9dc,0.946,0.81,0.7922415137290955,1.002855658531189,41.61347579956055,CCOC(C)=O,mol_18876b584acc43d4,0.054,0.19,0.20775845646858215,2.0704116821289062,92.60067749023438,,,,,,,
state_41b878ccf68eab73b10332a0,2c_a4e8a38f7f4879124614,2,binary_vle_english.xlsx,10.1016/j.fluid.2012.05.016,unverified,0.5,isothermal,0.9375,isothermal,,,77.630015182464,77.89247131347656,-7.62939453125e-06,True,False,48,CCCO,mol_5fb2f93dc8caa9dc,0.5584,0.3466,0.3492189645767212,1.17061448097229,41.61347579956055,CCOC(C)=O,mol_18876b584acc43d4,0.4416,0.6534,0.6507810354232788,1.239615797996521,92.60067749023438,,,,,,,
state_41bc3d547536eeb3008e954b,2c_98afb8e6c65a310db5e0,2,binary_vle_english.xlsx,10.1016/j.jct.2012.12.026,unverified,0.5,isothermal,0.9166666666666666,isothermal,,,386.49994496358397,450.3360595703125,0.0,True,False,48,F/C=C/C(F)(F)F,mol_0e763ba6787b2749,0.608,0.585,0.5646318793296814,1.125128984451294,371.7031555175781,FC(F)C(F)F,mol_fccff6221e62b4bc,0.392,0.415,0.435368150472641,1.2795506715774536,390.8857421875,,,,,,,
state_41d9c88764d91d6c791c1177,2c_ae514b5a938c4d83d1c9,2,binary_vle_english.xlsx,10.1016/j.fluid.2015.10.041,unverified,0.5,isothermal,0.8888888888888888,isothermal,,,171.300044459008,145.651123046875,0.0,True,False,48,CCCC,mol_fadb5806094149e6,0.053,0.819,0.800361156463623,4.158729553222656,528.8875122070312,CCO,mol_f29e20f49d416e54,0.947,0.18100000000000005,0.19963888823986053,1.004157304763794,30.577871322631836,,,,,,,
state_4204b9c64d61359e6cc356d9,2c_98afb8e6c65a310db5e0,2,binary_vle_english.xlsx,10.1016/j.jct.2012.12.026,unverified,0.5,isothermal,0.9,isothermal,,,127.600038643072,162.1043701171875,1.52587890625e-05,True,False,48,F/C=C/C(F)(F)F,mol_0e763ba6787b2749,0.608,0.5860000000000001,0.5954540371894836,1.0628291368484497,149.37432861328125,FC(F)C(F)F,mol_fccff6221e62b4bc,0.392,0.414,0.40454596281051636,1.112023949623108,150.43968200683594,,,,,,,
state_4297b991091c2062a081f957,2c_a160651817afdffd3182,2,binary_vle_english.xlsx,10.1016/j.fluid.2005.05.024,unverified,0.5,isothermal,0.9583333333333334,isothermal,,,33.069946770559994,35.181304931640625,0.0,True,False,48,CC(=O)CC(C)C,mol_0a895444a9f0f36b,0.010299999999999976,0.008499999999999952,0.0037529359105974436,1.0209885835647583,12.555238723754883,CC(C)O,mol_db030b5de88f8eaf,0.9897,0.9915,0.9962470531463623,0.9997482895851135,35.422950744628906,,,,,,,
state_430e6caf4c6483d5d908a372,2c_1490252da7453cbbebe4,2,binary_vle_english.xlsx,10.1016/j.fluid.2007.10.016,unverified,0.5,isothermal,0.9615384615384616,isothermal,,,68.219989126656,66.62425231933594,-7.62939453125e-06,True,False,48,CC(C)CC(C)(C)C,mol_57615b5c3546c298,0.6718999999999999,0.46319999999999995,0.4574790596961975,1.257346510887146,36.078121185302734,CC(C)O,mol_db030b5de88f8eaf,0.3281,0.5368,0.5425209403038025,2.0284318923950195,54.3102912902832,,,,,,,
state_43312f272226643db563b254,2c_a160651817afdffd3182,2,binary_vle_english.xlsx,10.1016/j.fluid.2005.05.024,unverified,0.5,isothermal,0.96,isothermal,,,51.25005151577599,51.21624755859375,0.0,True,False,48,CC(=O)CC(C)C,mol_0a895444a9f0f36b,0.10109999999999997,0.06589999999999996,0.05565941706299782,1.4992103576660156,18.80756950378418,CC(C)O,mol_db030b5de88f8eaf,0.8989,0.9341,0.9443405866622925,0.9907016754150391,54.3102912902832,,,,,,,
state_4340d82054743b83b564c2a4,2c_3cf279eea352998261d1,2,binary_vle_english.xlsx,10.1016/j.fluid.2012.05.016,unverified,0.5,isothermal,0.9375,isothermal,,,86.079986866304,80.94966125488281,0.0,True,False,48,CCCOC(C)=O,mol_67043ae833ecd0c7,0.3498,0.24870000000000003,0.21740120649337769,1.236688494682312,40.681495666503906,CCO,mol_f29e20f49d416e54,0.6502,0.7513,0.7825987339019775,1.1130982637405396,87.53337860107422,,,,,,,
state_434b8de533b8e538122dd3ff,2c_8b8dfc345b3e095c6955,2,binary_vle_english.xlsx,10.1016/j.jct.2012.10.003,unverified,0.5,isothermal,0.9,isothermal,,,244.600015773568,392.0374755859375,3.0517578125e-05,True,False,48,CC(C)C,mol_cd0696a421ed56d8,0.848,0.783,0.5521795749664307,1.038758397102356,245.7522735595703,FC(F)(F)I,mol_b415a9b082dbafac,0.152,0.217,0.44782042503356934,3.3165276050567627,348.2605895996094,,,,,,,
state_437de02443bd9952a46eff45,2c_3e7cc7d2a95d27d26296,2,binary_vle_english.xlsx,10.1016/j.fluid.2016.12.025,unverified,0.5,isothermal,0.95,isothermal,,,8.900067998208,10.676494598388672,0.0,True,False,48,CCCCCCO,mol_eb71ecc709e3f0dc,0.3992,0.10309999999999997,0.14283618330955505,1.2173985242843628,3.137932538986206,CCCCO,mol_ad4ef9c6c876ca2f,0.6008,0.8969,0.8571637868881226,1.0797985792160034,14.106517791748047,,,,,,,
state_439ccf3a7aee0928b923b28d,2c_9478a219a5c540597926,2,binary_vle_english.xlsx,10.1016/j.fluid.2009.01.016,unverified,0.5,isothermal,0.9375,isothermal,,,56.52001807808,54.92841339111328,0.0,True,False,48,CC(=O)C(C)(C)C,mol_61a887e37d396488,0.7826,0.3889,0.36691123247146606,1.0108333826065063,25.4764347076416,COC(C)(C)C,mol_b614d6fea320c179,0.2174,0.6111,0.6330887675285339,1.1241811513900757,142.28720092773438,,,,,,,
state_43eeb1b3ed9bd111ffee7d16,2c_1490252da7453cbbebe4,2,binary_vle_english.xlsx,10.1016/j.jct.2011.09.007,unverified,0.5,isothermal,0.9444444444444444,isothermal,,,57.920036264447994,55.18013000488281,0.0,True,False,48,CC(C)CC(C)(C)C,mol_57615b5c3546c298,0.9127,0.608,0.6083794832229614,1.0194954872131348,36.078121185302734,CC(C)O,mol_db030b5de88f8eaf,0.0873,0.392,0.39162057638168335,4.557764053344727,54.3102912902832,,,,,,,
state_442769cfe5fdcff8edbc291d,2c_1490252da7453cbbebe4,2,binary_vle_english.xlsx,10.1016/j.jct.2011.09.007,unverified,0.5,isothermal,0.9473684210526315,isothermal,,,39.8200582624,36.80358123779297,0.0,True,False,48,CC(C)CC(C)(C)C,mol_57615b5c3546c298,0.9203,0.6103000000000001,0.6530330181121826,1.0160349607467651,25.703197479248047,CC(C)O,mol_db030b5de88f8eaf,0.0797,0.3897,0.3469669818878174,4.523089408874512,35.422950744628906,,,,,,,
state_445574e6a60afd88f298114a,2c_68be6b27ffcb3843add8,2,binary_vle_english.xlsx,10.1016/j.fluid.2010.09.023,unverified,0.5,isothermal,0.9,isothermal,,,376.499967429376,408.1644287109375,3.0517578125e-05,True,False,48,CCC#N,mol_abe9c8e175e3ffb6,0.7048,0.044300000000000006,0.03348054736852646,1.143237829208374,16.959978103637695,CCCC,mol_fadb5806094149e6,0.2952,0.9557,0.9665194749832153,2.607816457748413,512.4511108398438,,,,,,,
state_446be13209b4e562ae6312eb,2c_451f166b8507b1dda896,2,binary_vle_english.xlsx,10.1016/j.fluid.2010.11.026,passed,1.0,isothermal,0.9166666666666666,isothermal,,,78.499943633664,77.26976013183594,0.0,True,False,48,CCCOC(C)=O,mol_67043ae833ecd0c7,0.787,0.716,0.7234087586402893,1.0053468942642212,70.64845275878906,CCSCC,mol_a7491cfbf016fee6,0.213,0.284,0.27659130096435547,1.0490803718566895,95.6444320678711,,,,,,,
state_44ca5c7b445ef3a9919ef745,2c_a160651817afdffd3182,2,binary_vle_english.xlsx,10.1016/j.fluid.2005.05.024,unverified,0.5,isothermal,0.9583333333333334,isothermal,,,14.530004954111998,13.967994689941406,0.0,True,False,48,CC(=O)CC(C)C,mol_0a895444a9f0f36b,0.9691,0.8529,0.8715072870254517,1.000487208366394,12.555238723754883,CC(C)O,mol_db030b5de88f8eaf,0.0309,0.1471,0.12849268317222595,1.6397182941436768,35.422950744628906,,,,,,,
state_45aa5cf30f6de4adb4d19d04,2c_9478a219a5c540597926,2,binary_vle_english.xlsx,10.1016/j.fluid.2009.01.016,unverified,0.5,isothermal,0.9411764705882353,isothermal,,,34.119993740927995,33.6446533203125,-3.814697265625e-06,True,False,48,CC(=O)C(C)(C)C,mol_61a887e37d396488,0.6905,0.2691,0.2491757720708847,1.024000644683838,11.856537818908691,COC(C)(C)C,mol_b614d6fea320c179,0.3095,0.7309,0.7508242726325989,1.0367642641067505,78.72517395019531,,,,,,,
state_45ea48e210a633c271c84b00,2c_1490252da7453cbbebe4,2,binary_vle_english.xlsx,10.1016/j.fluid.2007.10.016,unverified,0.5,isothermal,0.9615384615384616,isothermal,,,42.970065851136,42.059852600097656,0.0,True,False,48,CC(C)CC(C)(C)C,mol_57615b5c3546c298,0.123,0.2946,0.2468668520450592,3.2842655181884766,25.703197479248047,CC(C)O,mol_db030b5de88f8eaf,0.877,0.7054,0.7531331777572632,1.0196596384048462,35.422950744628906,,,,,,,
state_4615d0984ce27a4233938e24,2c_3cf279eea352998261d1,2,binary_vle_english.xlsx,10.1016/j.fluid.2012.05.016,unverified,0.5,isothermal,0.9375,isothermal,,,89.02001172544,84.93815612792969,-7.62939453125e-06,True,False,48,CCCOC(C)=O,mol_67043ae833ecd0c7,0.19330000000000003,0.16290000000000004,0.13902723789215088,1.501668095588684,40.681495666503906,CCO,mol_f29e20f49d416e54,0.8067,0.8371,0.8609727621078491,1.0356343984603882,87.53337860107422,,,,,,,
state_466671067aed96eab1d1a9eb,2c_a4e8a38f7f4879124614,2,binary_vle_english.xlsx,10.1016/j.fluid.2012.05.016,unverified,0.5,isothermal,0.9333333333333333,isothermal,,,19.350008524416,19.882198333740234,0.0,True,False,48,CCCO,mol_5fb2f93dc8caa9dc,0.8881,0.5667,0.5974420309066772,1.0104122161865234,13.237309455871582,CCOC(C)=O,mol_18876b584acc43d4,0.1119,0.4333,0.40255793929100037,1.902616262435913,37.593387603759766,,,,,,,
state_46693c58c3c1138874aa4409,2c_a160651817afdffd3182,2,binary_vle_english.xlsx,10.1016/j.fluid.2005.05.024,unverified,0.5,isothermal,0.9583333333333334,isothermal,,,13.299972786943998,13.06035041809082,0.0,True,False,48,CC(=O)CC(C)C,mol_0a895444a9f0f36b,0.9892,0.9496,0.9509996175765991,1.0000600814819336,12.555238723754883,CC(C)O,mol_db030b5de88f8eaf,0.0108,0.0504,0.04900040850043297,1.6728076934814453,35.422950744628906,,,,,,,
state_46981f05f22f4999cac95b08,2c_56df7cea200b948181e5,2,binary_vle_english.xlsx,10.1016/j.fluid.2007.07.010,unverified,0.5,isothermal,0.9333333333333333,isothermal,,,280.00003756966396,319.10394287109375,3.0517578125e-05,True,False,48,CC(F)F,mol_ed933f1c25fd987c,0.728,0.768,0.7780959010124207,1.128298282623291,302.28045654296875,CCCC,mol_fadb5806094149e6,0.272,0.23199999999999998,0.22190406918525696,2.3259451389312744,111.9255142211914,,,,,,,
state_47fdefa0004fd1e38520f828,2c_98afb8e6c65a310db5e0,2,binary_vle_english.xlsx,10.1016/j.jct.2012.12.026,unverified,0.5,isothermal,0.9166666666666666,isothermal,,,278.400035831296,328.041015625,0.0,True,False,48,F/C=C/C(F)(F)F,mol_0e763ba6787b2749,0.32699999999999996,0.33299999999999996,0.3661586046218872,1.3101996183395386,280.35748291015625,FC(F)C(F)F,mol_fccff6221e62b4bc,0.673,0.667,0.6338414549827576,1.0620231628417969,290.9107360839844,,,,,,,
state_4895770921a9b6bbd2d2cd83,2c_3cf279eea352998261d1,2,binary_vle_english.xlsx,10.1016/j.fluid.2012.05.016,unverified,0.5,isothermal,0.9333333333333333,isothermal,,,21.929929667584,19.299514770507812,0.0,True,False,48,CCCOC(C)=O,mol_67043ae833ecd0c7,0.866,0.6172,0.655746340751648,1.0100162029266357,14.468917846679688,CCO,mol_f29e20f49d416e54,0.134,0.3828,0.3442537188529968,1.6266518831253052,30.480745315551758,,,,,,,
state_48f4d16b35ed45b844ac1f2e,2c_6f361cb0ec8be0b0e6dd,2,binary_vle_english.xlsx,10.1016/j.jct.2012.11.005,unverified,0.5,isothermal,0.9166666666666666,isothermal,,,61.260028227584,54.53368377685547,0.0,True,False,48,CC(C)OC(C)C,mol_1a0ca8e5eeb68da8,0.416,0.625,0.6002200245857239,1.491882085800171,52.74089431762695,CCO,mol_f29e20f49d416e54,0.5840000000000001,0.375,0.39977994561195374,1.2247499227523804,30.480745315551758,,,,,,,
state_492c69624fbd9be0dff3a294,2c_6f361cb0ec8be0b0e6dd,2,binary_vle_english.xlsx,10.1016/j.jct.2012.11.005,unverified,0.5,isothermal,0.9166666666666666,isothermal,,,36.780041627264,32.33989715576172,-3.814697265625e-06,True,False,48,CC(C)OC(C)C,mol_1a0ca8e5eeb68da8,0.223,0.585,0.5193532109260559,2.016324758529663,37.35390853881836,CCO,mol_f29e20f49d416e54,0.777,0.41500000000000004,0.4806467890739441,1.0492032766342163,19.06707000732422,,,,,,,
state_4a8c520d0583d18c2974b343,2c_6f361cb0ec8be0b0e6dd,2,binary_vle_english.xlsx,10.1016/j.jct.2012.11.005,unverified,0.5,isothermal,0.9166666666666666,isothermal,,,85.94999755750399,77.65431213378906,0.0,True,False,48,CC(C)OC(C)C,mol_1a0ca8e5eeb68da8,0.937,0.838,0.8855182528495789,1.0061391592025757,72.93995666503906,CCO,mol_f29e20f49d416e54,0.06299999999999994,0.16200000000000003,0.11448173224925995,2.9786882400512695,47.37357711791992,,,,,,,
state_4af9d71baf9c00304707aefe,2c_68be6b27ffcb3843add8,2,binary_vle_english.xlsx,10.1016/j.fluid.2010.09.023,unverified,0.5,isothermal,0.8571428571428571,isothermal,,,456.800029675776,477.12884521484375,0.0,True,False,48,CCC#N,mol_abe9c8e175e3ffb6,0.14839999999999998,0.030200000000000005,0.0236552394926548,4.486354351043701,16.952571868896484,CCCC,mol_fadb5806094149e6,0.8516,0.9698,0.9763447642326355,1.0677399635314941,512.3157958984375,,,,,,,
state_4aff8c67808bc4428bcaa2d0,2c_1490252da7453cbbebe4,2,binary_vle_english.xlsx,10.1016/j.jct.2011.09.007,unverified,0.5,isothermal,0.9,isothermal,,,44.960035515904,44.10154724121094,0.0,True,False,48,CC(C)CC(C)(C)C,mol_57615b5c3546c298,0.7263,0.5166,0.49839961528778076,1.177411675453186,25.703197479248047,CC(C)O,mol_db030b5de88f8eaf,0.2737,0.4834,0.5016003847122192,2.2816665172576904,35.422950744628906,,,,,,,
state_4be8cf977e85b6e5346bb421,2c_ae514b5a938c4d83d1c9,2,binary_vle_english.xlsx,10.1016/j.fluid.2015.10.041,unverified,0.5,isothermal,0.8888888888888888,isothermal,,,120.499955935232,102.54885864257812,0.0,True,False,48,CCCC,mol_fadb5806094149e6,0.032,0.743,0.7109329700469971,4.3077073097229,528.8875122070312,CCO,mol_f29e20f49d416e54,0.968,0.257,0.28906702995300293,1.0014903545379639,30.577871322631836,,,,,,,
state_4c1036f7a9d7466f8f730467,2c_8b8dfc345b3e095c6955,2,binary_vle_english.xlsx,10.1016/j.jct.2012.10.003,unverified,0.5,isothermal,0.9,isothermal,,,175.59995747174398,279.86468505859375,3.0517578125e-05,True,False,48,CC(C)C,mol_cd0696a421ed56d8,0.847,0.776,0.5567809343338013,1.036990761756897,177.4084014892578,FC(F)(F)I,mol_b415a9b082dbafac,0.153,0.224,0.44321906566619873,3.1684045791625977,255.87893676757812,,,,,,,
state_4c23b3c693af72ca8b2ad5b9,2c_ae514b5a938c4d83d1c9,2,binary_vle_english.xlsx,10.1016/j.fluid.2009.08.007,unverified,0.5,isothermal,0.8888888888888888,isothermal,,,380.90000554048,332.4530029296875,3.0517578125e-05,True,False,48,CCCC,mol_fadb5806094149e6,0.1934,0.9191,0.9213416576385498,2.9921953678131104,529.3032836914062,CCO,mol_f29e20f49d416e54,0.8066,0.08089999999999997,0.07865839451551437,1.0588090419769287,30.61960220336914,,,,,,,
state_4e57f5ae275f230aa5fdb3f1,2c_3e7cc7d2a95d27d26296,2,binary_vle_english.xlsx,10.1016/j.fluid.2016.12.025,unverified,0.5,isothermal,0.95,isothermal,,,9.600010430208,11.101850509643555,0.0,True,False,48,CCCCCCO,mol_eb71ecc709e3f0dc,0.35,0.0807,0.12435245513916016,1.2570081949234009,3.137932538986206,CCCCO,mol_ad4ef9c6c876ca2f,0.65,0.9193,0.8756474852561951,1.0602091550827026,14.106517791748047,,,,,,,
state_3a5f9cf9e063842e501803d1,2c_d61da005b4125a743b07,2,binary_vle_english.xlsx,10.1016/j.fluid.2009.03.008,unverified,0.5,isobaric,0.9583333333333334,isobaric,369.10999999999996,368.5937194824219,,,1.52587890625e-05,True,False,48,CC(=O)O,mol_9ac385b135af0125,0.5659,0.2849,0.2534213960170746,0.9989942908287048,45.42332458496094,CCC(C)=O,mol_4cfc5db0ca2ab00b,0.43410000000000004,0.7151000000000001,0.7465786337852478,1.0007078647613525,174.14732360839844,,,,,,,
state_3a677cfc06ba09ac77677f61,2c_ae514b5a938c4d83d1c9,2,binary_vle_english.xlsx,10.1016/j.fluid.2014.05.018,unverified,0.5,full_state,0.0,isobaric,353.2,354.0823669433594,,,-1.52587890625e-05,True,False,48,CCCC,mol_fadb5806094149e6,0.0,0.0,0.0,4.717434406280518,1106.7640380859375,CCO,mol_f29e20f49d416e54,1.0,1.0,1.0,1.0,110.00000762939453,,,,,,,
state_3a7147089e6bdcb9a4f8c4f4,2c_42d2383a8e4daebeb5e1,2,binary_vle_english.xlsx,10.1016/j.fluid.2010.08.002,unverified,0.5,isobaric,0.9333333333333333,isobaric,406.15,407.49884033203125,,,0.00054931640625,True,False,48,CCCCCCC,mol_fddb2c852c313396,0.0,0.0,0.0,3.3072569370269775,271.560302734375,CCCOCCO,mol_770d75a3bb2412ce,1.0,1.0,1.0,1.0,60.00054931640625,,,,,,,
state_3ac574cac3107f70eb32ad1d,2c_74caf60139062b8ca437,2,binary_vle_english.xlsx,10.1016/j.fluid.2010.08.010,unverified,0.5,isobaric,0.9411764705882353,isobaric,416.54999999999995,409.5146484375,,,6.103515625e-05,True,False,48,CCCCCCO,mol_eb71ecc709e3f0dc,0.17669999999999997,0.135,0.19087083637714386,1.964517593383789,52.56604766845703,Cc1ccccc1C,mol_61c4de85d258b45d,0.8233,0.865,0.8091291189193726,1.0503243207931519,89.45291137695312,,,,,,,
state_3b2a5d86c816323dbe6018f8,2c_7c6b847ee4cb190db3ef,2,binary_vle_english.xlsx,10.1016/j.fluid.2005.06.024,unverified,0.5,isobaric,0.9666666666666667,isobaric,360.29999999999995,358.3302001953125,,,2.288818359375e-05,True,False,48,CCC(C)=O,mol_4cfc5db0ca2ab00b,0.7457,0.9293,0.9414025545120239,1.004643201828003,127.32569885253906,CCOC(=O)OCC,mol_4df2781fcf4d4a77,0.25429999999999997,0.07069999999999999,0.05859746038913727,0.9874915480613708,23.64371681213379,,,,,,,
state_3b7348a1d583e40976d7e285,2c_42d2383a8e4daebeb5e1,2,binary_vle_english.xlsx,10.1016/j.fluid.2010.08.002,unverified,0.5,isobaric,0.9333333333333333,isobaric,397.63,400.4639587402344,,,0.000438690185546875,True,False,48,CCCCCCC,mol_fddb2c852c313396,0.019,0.257,0.22942113876342773,3.1960387229919434,226.68472290039062,CCCOCCO,mol_770d75a3bb2412ce,0.981,0.743,0.7705788612365723,1.0003471374511719,47.11419677734375,,,,,,,
state_3bbd182324a72deb88bcb2cc,3c_f0c258463b44c2183ab7,3,ternary_vle_english.xlsx,10.1016/j.fluid.2005.03.014,unverified,0.5,isobaric,0.9767441860465116,isobaric,414.99,414.60833740234375,,,8.392333984375e-05,True,False,48,CC(=O)OCC(C)C,mol_e7eb29ad965cc8ee,0.051,0.199,0.16812197864055634,1.5844223499298096,210.7622833251953,CC(C)CO,mol_015d21fca05fcd26,0.083,0.205,0.17998306453227997,0.7082579135894775,310.14990234375,CN(C)C=O,mol_ca12d6d2f2ffb170,0.866,0.596,0.6518948674201965,0.9970047473907471,76.48424530029297
state_3c5b8e28afea38e011031c60,2c_60db84011f520a374b2a,2,binary_vle_english.xlsx,10.1016/j.fluid.2016.04.012,passed,1.0,isobaric,0.9411764705882353,isobaric,333.45,334.79571533203125,,,0.00124359130859375,True,False,48,C1CCOC1,mol_c59bfa659357f795,0.23299999999999998,0.31699999999999995,0.3052486181259155,1.4799855947494507,89.67157745361328,CO,mol_a85d32e4db2ff39c,0.767,0.683,0.6947513818740845,1.044167399406433,87.87764739990234,,,,,,,
state_3c5c0eed2d365ca0eb462977,2c_7b12ee2d0e35e39326bc,2,binary_vle_english.xlsx,10.1016/j.fluid.2011.08.007,unverified,0.5,isobaric,0.9642857142857143,isobaric,330.96,331.7021179199219,,,-6.103515625e-05,True,False,48,CCOCCO,mol_ab8630148ae67e51,0.139,0.010000000000000009,0.00940513052046299,0.984858512878418,4.579741954803467,CO,mol_a85d32e4db2ff39c,0.861,0.99,0.9905948638916016,0.9873630404472351,77.67491912841797,,,,,,,
state_3c968be14066cf788ed9473c,2c_60db84011f520a374b2a,2,binary_vle_english.xlsx,10.1016/j.fluid.2013.09.060,passed,1.0,isobaric,0.9375,isobaric,333.9,335.1263732910156,,,0.00089263916015625,True,False,48,C1CCOC1,mol_c59bfa659357f795,0.195,0.284,0.2704317271709442,1.549553632736206,90.66285705566406,CO,mol_a85d32e4db2ff39c,0.8049999999999999,0.716,0.7295682430267334,1.0311802625656128,89.03247833251953,,,,,,,
state_3ca5e196ecdcb72f8707662d,2c_d66c7a74cea5d8732e08,2,binary_vle_english.xlsx,10.1016/j.jct.2006.04.006,unverified,0.5,isobaric,0.8947368421052632,isobaric,353.16999999999996,353.8110046386719,,,-2.288818359375e-05,True,False,48,CC(C)O,mol_db030b5de88f8eaf,0.691,0.687,0.6886982321739197,1.0720107555389404,94.18046569824219,O,mol_e81dc06beaa39499,0.30900000000000005,0.31299999999999994,0.31130173802375793,2.048008918762207,49.83108139038086,,,,,,,
state_3ca892c9f1e19a4403bfee62,2c_f6f5f309e3d6c1952684,2,binary_vle_english.xlsx,10.1016/j.fluid.2012.12.020,passed,1.0,isobaric,0.9545454545454546,isobaric,408.0,407.9690246582031,,,2.288818359375e-05,True,False,48,CCCCCO,mol_243de2450bee5519,0.8954,0.8275,0.7262147068977356,1.0067217350006104,81.36915588378906,CCCCO,mol_ad4ef9c6c876ca2f,0.1046,0.1725,0.2737853229045868,1.4445583820343018,183.0057373046875,,,,,,,
state_3cacc03fbdba2e23058c9a68,2c_f6f5f309e3d6c1952684,2,binary_vle_english.xlsx,10.1016/j.fluid.2012.12.020,passed,1.0,isobaric,0.9545454545454546,isobaric,404.30999999999995,401.5954895019531,,,2.288818359375e-05,True,False,48,CCCCCO,mol_243de2450bee5519,0.7063999999999999,0.5622,0.4748224914073944,1.0486464500427246,64.74002075195312,CCCCO,mol_ad4ef9c6c876ca2f,0.2936,0.4378,0.5251774787902832,1.2246406078338623,147.5240020751953,,,,,,,
state_3cdee4f60a9a3fc1afaeaa25,2c_21b807a1a6c6348c91ac,2,binary_vle_english.xlsx,10.1016/j.fluid.2018.07.027,unverified,0.5,isobaric,0.9629629629629629,isobaric,385.90999999999997,386.36138916015625,,,0.00025177001953125,True,False,48,CC(C)CC(C)(C)C,mol_57615b5c3546c298,0.0212,0.132,0.17190618813037872,5.945802688598633,138.1514434814453,CCCCO,mol_ad4ef9c6c876ca2f,0.9788,0.868,0.8280937671661377,1.0008602142333984,85.6292953491211,,,,,,,
state_3cf1cb1dcd03df2b5f4594c7,2c_7b12ee2d0e35e39326bc,2,binary_vle_english.xlsx,10.1016/j.fluid.2011.08.007,unverified,0.5,isobaric,0.9642857142857143,isobaric,335.89,336.6497802734375,,,0.0004119873046875,True,False,48,CCOCCO,mol_ab8630148ae67e51,0.30000000000000004,0.027000000000000024,0.026707252487540245,1.018020749092102,5.829337120056152,CO,mol_a85d32e4db2ff39c,0.7,0.973,0.9732927083969116,0.9805841445922852,94.52103424072266,,,,,,,
state_3cf681327f0a08e6184995a4,2c_42d2383a8e4daebeb5e1,2,binary_vle_english.xlsx,10.1016/j.fluid.2010.08.002,unverified,0.5,isobaric,0.9230769230769231,isobaric,407.79999999999995,406.0273132324219,,,0.001129150390625,True,False,48,CCCCCCC,mol_fddb2c852c313396,0.058,0.41,0.46049919724464417,3.034755229949951,261.6268615722656,CCCOCCO,mol_770d75a3bb2412ce,0.942,0.5900000000000001,0.5395008325576782,1.0033539533615112,57.08108139038086,,,,,,,
state_3da4e1fe34b61c98d2606982,3c_2cb16216a8c609b7ad27,3,ternary_vle_english.xlsx,10.1016/j.fluid.2005.09.015,unverified,0.5,isobaric,0.9767441860465116,isobaric,389.38,390.1954650878906,,,0.00080108642578125,True,False,48,CC(=O)OCC(C)C,mol_e7eb29ad965cc8ee,0.395,0.403,0.4066971242427826,1.015870451927185,102.67111206054688,CC(C)CO,mol_015d21fca05fcd26,0.291,0.467,0.4782024621963501,1.1980541944503784,138.9488525390625,CCCCOC(=O)CC,mol_a9c167bbb331e76a,0.31400000000000006,0.1299999999999999,0.11510036885738373,0.9710488319396973,38.24005889892578
state_3de1a9966705850e328e7b1c,2c_b94de72ffbeb53d6294b,2,binary_vle_english.xlsx,10.1016/j.fluid.2014.04.025,unverified,0.5,isobaric,0.9285714285714286,isobaric,439.23,445.94671630859375,,,3.814697265625e-05,True,False,48,CS(C)=O,mol_7d3e12eaed0f467c,0.9486,0.4898,0.5703460574150085,1.0013214349746704,60.826263427734375,Cc1ccccc1,mol_1c09299644053521,0.0514,0.5102,0.42965400218963623,1.734369158744812,488.22894287109375,,,,,,,
state_3e2ac979597ab27e9731fe36,2c_7c6b847ee4cb190db3ef,2,binary_vle_english.xlsx,10.1016/j.fluid.2005.06.024,unverified,0.5,isobaric,0.9666666666666667,isobaric,353.75,351.98828125,,,0.0002593994140625,True,False,48,CCC(C)=O,mol_4cfc5db0ca2ab00b,0.9688,0.9939,0.9942108392715454,1.0001065731048584,103.97185516357422,CCOC(=O)OCC,mol_4df2781fcf4d4a77,0.031200000000000006,0.006099999999999994,0.0057891253381967545,1.019504427909851,18.44110679626465,,,,,,,
state_3ebc5eaac88ee995adab76df,3c_f0c258463b44c2183ab7,3,ternary_vle_english.xlsx,10.1016/j.fluid.2005.03.014,unverified,0.5,isobaric,0.9767441860465116,isobaric,393.0,392.9521484375,,,0.00182342529296875,True,False,48,CC(=O)OCC(C)C,mol_e7eb29ad965cc8ee,0.412,0.572,0.5625541806221008,1.2365800142288208,111.85668182373047,CC(C)CO,mol_015d21fca05fcd26,0.208,0.283,0.28771379590034485,0.9164571166038513,152.8981170654297,CN(C)C=O,mol_ca12d6d2f2ffb170,0.38,0.14500000000000002,0.14973203837871552,1.0282894372940063,38.817962646484375
state_3ee059a589e88493a6b03913,2c_e923997b8f9df5a64a73,2,binary_vle_english.xlsx,10.1016/j.fluid.2018.03.011,unverified,0.5,isobaric,0.9090909090909091,isobaric,343.95,342.208984375,,,4.57763671875e-05,True,False,48,CC(C)O,mol_db030b5de88f8eaf,0.732,0.475,0.45155981183052063,1.0504995584487915,59.48640060424805,ClC(Cl)Cl,mol_d9e0a2387a6283f9,0.268,0.525,0.548440158367157,1.6554874181747437,125.22122192382812,,,,,,,
state_3fd66459d6fe56241504e038,3c_1a08c4f653f7d812cdc9,3,ternary_vle_english.xlsx,10.1016/j.jct.2019.03.036,unverified,0.5,isobaric,0.972972972972973,isobaric,385.9,379.43707275390625,,,0.00037384033203125,True,False,48,CCCOC(C)=O,mol_67043ae833ecd0c7,0.3285,0.6153,0.5017495155334473,1.2637109756469727,122.43753814697266,CCOC(C)=O,mol_18876b584acc43d4,0.1548,0.3328,0.45610663294792175,1.2331491708755493,242.04193115234375,CS(C)=O,mol_7d3e12eaed0f467c,0.5166999999999999,0.05190000000000006,0.042143888771533966,1.1761069297790527,7.025221824645996
state_4015d1afe85b91cea3e595d3,2c_d66c7a74cea5d8732e08,2,binary_vle_english.xlsx,10.1016/j.fluid.2017.09.010,unverified,0.5,isobaric,0.9473684210526315,isobaric,355.4,355.64556884765625,,,-1.52587890625e-05,True,False,48,CC(C)O,mol_db030b5de88f8eaf,1.0,1.0,1.0,1.0,100.99994659423828,O,mol_e81dc06beaa39499,0.0,0.0,0.0,2.880584716796875,53.57216262817383,,,,,,,
state_4057b8785bf964fb1f0978e0,2c_a873f6bbdf8411ff9a25,2,binary_vle_english.xlsx,10.1016/j.fluid.2013.05.016,passed,1.0,isobaric,0.9444444444444444,isobaric,402.9,400.7435607910156,,,-2.288818359375e-05,True,False,48,CCCCCCCCC,mol_dd70207e50d8bf63,0.869,0.49,0.46443939208984375,1.0013591051101685,54.0665283203125,c1ccccc1,mol_7165dcf6be1f831d,0.131,0.51,0.535560667514801,1.1137737035751343,371.8343505859375,,,,,,,
state_4107c0bfe1d3f117d0d91741,2c_7e396008deb1d14f8e15,2,binary_vle_english.xlsx,10.1016/j.fluid.2015.11.007,passed,1.0,isobaric,0.9090909090909091,isobaric,381.75,374.2219543457031,,,7.534027099609375e-05,True,False,48,CC(=O)N(C)C,mol_b8ccf255e2b62919,0.735,0.83,0.7381486892700195,0.9029395580291748,13.346882820129395,CC(=O)O,mol_9ac385b135af0125,0.265,0.17,0.26185131072998047,0.21086485683918,56.23241424560547,,,,,,,
state_4142ac266d1a24611c4451a3,2c_4e1effd6e44016fa9e71,2,binary_vle_english.xlsx,10.1016/j.fluid.2019.03.022,passed,1.0,isobaric,0.95,isobaric,332.42999999999995,333.3918151855469,,,2.288818359375e-05,True,False,48,CO,mol_a85d32e4db2ff39c,0.831,0.714,0.718677818775177,1.0540566444396973,83.11483764648438,c1ccccc1,mol_7165dcf6be1f831d,0.169,0.286,0.2813222110271454,3.0693039894104004,54.93974304199219,,,,,,,
state_41620bbc441796e6265cc6bd,2c_61469365e9d7838600a7,2,binary_vle_english.xlsx,10.1016/j.fluid.2015.05.031,unverified,0.5,isobaric,0.9629629629629629,isobaric,304.90999999999997,305.1545104980469,,,0.00156402587890625,True,False,48,CCCCCCC,mol_fddb2c852c313396,0.014000000000000012,0.01100000000000001,0.007551641669124365,6.329858779907227,8.634176254272461,COC=O,mol_3beef90b23ffcece,0.986,0.989,0.9924483299255371,1.0005955696105957,101.92342376708984,,,,,,,
state_41692f880967d34651f81dd4,2c_7b12ee2d0e35e39326bc,2,binary_vle_english.xlsx,10.1016/j.fluid.2011.08.007,unverified,0.5,isobaric,0.9666666666666667,isobaric,368.29999999999995,368.1180725097656,,,2.288818359375e-05,True,False,48,CCOCCO,mol_ab8630148ae67e51,0.742,0.20599999999999996,0.18433545529842377,0.9978643655776978,23.23317527770996,CO,mol_a85d32e4db2ff39c,0.258,0.794,0.815664529800415,1.013396978378296,291.13031005859375,,,,,,,
state_41b4c0a222e7d19ecc4562d8,2c_5e274a8981b66e0477e8,2,binary_vle_english.xlsx,10.1016/j.fluid.2005.02.014,passed,1.0,isobaric,0.9166666666666666,isobaric,317.65,317.9206237792969,,,1.52587890625e-05,True,False,48,C1CCOCC1,mol_626f3d1f5bbb6f55,0.2116,0.1134,0.11808115243911743,1.0283198356628418,21.70687484741211,CCC(C)Cl,mol_9f4835d3aad75f1c,0.7884,0.8866,0.8819189071655273,1.00419020652771,44.55809783935547,,,,,,,
state_41bf2095d5cc5b52eb6c5846,2c_60db84011f520a374b2a,2,binary_vle_english.xlsx,10.1016/j.fluid.2016.04.012,passed,1.0,isobaric,0.9411764705882353,isobaric,334.54999999999995,335.8465576171875,,,0.000701904296875,True,False,48,C1CCOC1,mol_c59bfa659357f795,0.132,0.21199999999999997,0.2038288712501526,1.684640884399414,92.8531494140625,CO,mol_a85d32e4db2ff39c,0.868,0.788,0.7961711287498474,1.0144695043563843,91.59249114990234,,,,,,,
state_41d5d7c8424be3c2ff83fe0e,3c_61bfd4ccc52903a74083,3,ternary_vle_english.xlsx,10.1016/j.fluid.2007.03.030,unverified,0.5,isobaric,0.9761904761904762,isobaric,375.84999999999997,386.1096496582031,,,-7.62939453125e-06,True,False,48,CCCO,mol_5fb2f93dc8caa9dc,0.239,0.684,0.40400248765945435,0.9598962068557739,178.39019775390625,CCCOCCC,mol_e13b90e4aa2e917d,0.06,0.083,0.2770317494869232,2.367889404296875,197.5268096923828,CCOCCO,mol_ab8630148ae67e51,0.7010000000000001,0.23299999999999998,0.31896573305130005,0.9958265423774719,46.286190032958984
state_4216b2f39b7d24ce6b343dac,2c_61469365e9d7838600a7,2,binary_vle_english.xlsx,10.1016/j.fluid.2015.05.031,unverified,0.5,isobaric,0.9629629629629629,isobaric,311.97999999999996,314.4830017089844,,,0.00011444091796875,True,False,48,CCCCCCC,mol_fddb2c852c313396,0.6699999999999999,0.09999999999999998,0.09118453413248062,1.0627659559249878,12.974903106689453,COC=O,mol_3beef90b23ffcece,0.33,0.9,0.9088154435157776,1.9763633012771606,141.18557739257812,,,,,,,
state_42398713b7989203fb2c6772,2c_1490252da7453cbbebe4,2,binary_vle_english.xlsx,10.1016/j.jct.2011.10.025,unverified,0.5,isobaric,0.9545454545454546,isobaric,354.77,353.9704284667969,,,-7.62939453125e-06,True,False,48,CC(C)CC(C)(C)C,mol_57615b5c3546c298,0.862,0.532,0.5007641911506653,1.0488141775131226,56.10952377319336,CC(C)O,mol_db030b5de88f8eaf,0.138,0.468,0.49923577904701233,3.867445945739746,94.75704956054688,,,,,,,
state_4249c97bb8b215c7ada9f587,2c_03bd4325b126d2709459,2,binary_vle_english.xlsx,10.1016/j.fluid.2011.10.009,unverified,0.5,isobaric,0.9333333333333333,isobaric,420.79999999999995,418.15570068359375,,,0.00046539306640625,True,False,48,C1CCCCC1,mol_893981623557f359,0.018000000000000016,0.08799999999999997,0.10494832694530487,1.1049271821975708,534.5404052734375,CCCCCCCCC,mol_dd70207e50d8bf63,0.982,0.912,0.8950516581535339,1.0000251531600952,92.32872772216797,,,,,,,
state_42aebc81c4879fc2a4d98a86,3c_50c0ded265c297b30405,3,ternary_vle_english.xlsx,10.1016/j.fluid.2015.03.013,unverified,0.5,isobaric,0.9333333333333333,isobaric,397.9,399.5120544433594,,,-3.814697265625e-05,True,False,48,CC(=O)N(C)C,mol_b8ccf255e2b62919,0.587,0.18599999999999994,0.17126719653606415,0.9285851716995239,31.829025268554688,CCC(C)O,mol_06affb0d2c6c8ff2,0.253,0.449,0.4991362392902374,0.7983697056770325,250.32460021972656,CCC(C)OC(C)=O,mol_879306ab1082c162,0.16,0.365,0.32959645986557007,1.3500282764434814,154.5712432861328
state_4305fb0c6c7420286646faf7,2c_4e1effd6e44016fa9e71,2,binary_vle_english.xlsx,10.1016/j.fluid.2019.03.022,passed,1.0,isobaric,0.95,isobaric,339.9,342.9189453125,,,-2.288818359375e-05,True,False,48,CO,mol_a85d32e4db2ff39c,0.050000000000000044,0.372,0.28928908705711365,4.874819755554199,120.22991180419922,c1ccccc1,mol_7165dcf6be1f831d,0.95,0.628,0.710710883140564,1.0055675506591797,75.36456298828125,,,,,,,
state_431b5b67c47105066b8865d1,3c_f0c258463b44c2183ab7,3,ternary_vle_english.xlsx,10.1016/j.fluid.2005.03.014,unverified,0.5,isobaric,0.9767441860465116,isobaric,398.91999999999996,398.2570495605469,,,-3.814697265625e-05,True,False,48,CC(=O)OCC(C)C,mol_e7eb29ad965cc8ee,0.422,0.671,0.664103627204895,1.2125718593597412,131.46946716308594,CC(C)CO,mol_015d21fca05fcd26,0.052,0.079,0.07735870778560638,0.8229610323905945,183.1199188232422,CN(C)C=O,mol_ca12d6d2f2ffb170,0.526,0.25,0.2585377097129822,1.0789518356323242,46.14717483520508
state_43ef40d2641756e0d1636d77,2c_03bd4325b126d2709459,2,binary_vle_english.xlsx,10.1016/j.fluid.2011.10.009,unverified,0.5,isobaric,0.9333333333333333,isobaric,364.4,362.2699890136719,,,8.392333984375e-05,True,False,48,C1CCCCC1,mol_893981623557f359,0.725,0.948,0.959943950176239,1.02073073387146,131.4032745361328,CCCCCCCCC,mol_dd70207e50d8bf63,0.275,0.052,0.040056012570858,1.0684642791748047,13.809709548950195,,,,,,,
state_440299f4d6ff0dd6f2a8bb91,2c_a1a0cf7c2f4fd070fb84,2,binary_vle_english.xlsx,10.1016/j.jct.2018.03.019,unverified,0.5,isobaric,0.95,isobaric,331.84,332.0381164550781,,,0.0013580322265625,True,False,48,CC(C)=O,mol_e04cf77cea7bbe66,0.9196,0.9985,0.9982688426971436,1.001886248588562,109.76025390625,O=Cc1ccco1,mol_cfdccd30b0689448,0.08040000000000003,0.0014999999999999458,0.0017311468254774809,1.0839091539382935,2.012333631515503,,,,,,,
state_44361338a07a7b00d1d8f663,2c_4c757308eefec1e2dd80,2,binary_vle_english.xlsx,10.1016/j.fluid.2011.11.020,unverified,0.5,isobaric,0.9444444444444444,isobaric,345.49,350.20538330078125,,,0.00140380859375,True,False,48,C=C(C)C(C)C,mol_6f1c44bf29e6107c,0.1945,0.44279999999999997,0.28827062249183655,1.6854524612426758,89.10633850097656,c1ccsc1,mol_7953343be0b435d5,0.8055,0.5572,0.7117294073104858,1.038765788078308,86.19380187988281,,,,,,,
state_44483ce713605ad7a04e89e7,3c_1a08c4f653f7d812cdc9,3,ternary_vle_english.xlsx,10.1016/j.jct.2019.03.036,unverified,0.5,isobaric,0.972972972972973,isobaric,384.42999999999995,383.7685852050781,,,3.814697265625e-05,True,False,48,CCCOC(C)=O,mol_67043ae833ecd0c7,0.2753,0.6306,0.5190598368644714,1.3583343029022217,140.6092529296875,CCOC(C)=O,mol_18876b584acc43d4,0.12,0.3202,0.4260047674179077,1.3168740272521973,273.0852966308594,CS(C)=O,mol_7d3e12eaed0f467c,0.6047,0.04919999999999991,0.054935358464717865,1.1125482320785522,8.271846771240234
state_446ffb8fc9becc10c3dcc589,2c_74a658fab9cc22057bbd,2,binary_vle_english.xlsx,10.1016/j.jct.2019.03.036,unverified,0.5,isobaric,0.9473684210526315,isobaric,376.27,375.45513916015625,,,7.62939453125e-05,True,False,48,CCCOC(C)=O,mol_67043ae833ecd0c7,0.9266,0.9901,0.9898071885108948,1.0065274238586426,107.50834655761719,CS(C)=O,mol_7d3e12eaed0f467c,0.07340000000000002,0.00990000000000002,0.01019278634339571,2.3345751762390137,6.025575160980225,,,,,,,
state_4562f7577408da783e286969,3c_61bfd4ccc52903a74083,3,ternary_vle_english.xlsx,10.1016/j.fluid.2007.03.030,unverified,0.5,isobaric,0.9761904761904762,isobaric,379.69,373.03302001953125,,,0.0,True,False,48,CCCO,mol_5fb2f93dc8caa9dc,0.058,0.258,0.070257268846035,1.0983455181121826,111.72064971923828,CCCOCCC,mol_e13b90e4aa2e917d,0.362,0.537,0.749650239944458,1.5419727563858032,136.04501342773438,CCOCCO,mol_ab8630148ae67e51,0.5800000000000001,0.20499999999999996,0.18009249866008759,1.1141070127487183,28.23253631591797
state_456f086a2957f588ae75cabe,2c_8d6240d515d92725f365,2,binary_vle_english.xlsx,10.1016/j.fluid.2015.05.031,unverified,0.5,isobaric,0.96875,isobaric,305.06,305.3099365234375,,,0.00147247314453125,True,False,48,CCCCCCCC,mol_8151bb583f7f3ebd,0.016000000000000014,0.0050000000000000044,0.003720159875229001,7.643529891967773,3.0821149349212646,COC=O,mol_3beef90b23ffcece,0.984,0.995,0.9962798357009888,1.0008862018585205,102.49501037597656,,,,,,,
state_4588e4319bccebd24898d18e,2c_21b807a1a6c6348c91ac,2,binary_vle_english.xlsx,10.1016/j.fluid.2018.07.027,unverified,0.5,isobaric,0.9629629629629629,isobaric,383.96999999999997,382.7509765625,,,7.62939453125e-06,True,False,48,CC(C)CC(C)(C)C,mol_57615b5c3546c298,0.0425,0.2334,0.29058408737182617,5.501416206359863,125.89764404296875,CCCCO,mol_ad4ef9c6c876ca2f,0.9575,0.7666,0.7094159126281738,1.003445029258728,74.7958984375,,,,,,,
state_45b9223651c8a1feda4a51e4,2c_165952a69a69e7a8d3f6,2,binary_vle_english.xlsx,10.1016/j.fluid.2005.01.007,unverified,0.5,isobaric,0.9545454545454546,isobaric,344.46999999999997,346.3687744140625,,,-2.288818359375e-05,True,False,48,CC(C)CC(C)(C)C,mol_57615b5c3546c298,0.403,0.36,0.3421408534049988,1.9408795833587646,44.31962585449219,CCO,mol_f29e20f49d416e54,0.597,0.64,0.6578591465950012,1.3681509494781494,81.60548400878906,,,,,,,
state_4601949f89979450be23c45f,2c_42d2383a8e4daebeb5e1,2,binary_vle_english.xlsx,10.1016/j.fluid.2010.08.002,unverified,0.5,isobaric,0.9230769230769231,isobaric,388.39,388.87322998046875,,,7.62939453125e-05,True,False,48,CCCCCCC,mol_fddb2c852c313396,0.182,0.727,0.7374199628829956,2.441498041152954,165.9539794921875,CCCOCCO,mol_770d75a3bb2412ce,0.8180000000000001,0.273,0.2625799775123596,1.034304141998291,31.035629272460938,,,,,,,
state_461155db19a29b36560a0793,3c_f0c258463b44c2183ab7,3,ternary_vle_english.xlsx,10.1016/j.fluid.2005.03.014,unverified,0.5,isobaric,0.9767441860465116,isobaric,392.46,392.2117004394531,,,-3.814697265625e-05,True,False,48,CC(=O)OCC(C)C,mol_e7eb29ad965cc8ee,0.215,0.337,0.32245582342147827,1.3897068500518799,109.32452392578125,CC(C)CO,mol_015d21fca05fcd26,0.394,0.539,0.5429023504257202,0.9365581274032593,149.0389404296875,CN(C)C=O,mol_ca12d6d2f2ffb170,0.391,0.12399999999999989,0.1346418410539627,0.9209277629852295,37.87797546386719
state_462133d7cbe77dac6ad0116b,2c_7c6b847ee4cb190db3ef,2,binary_vle_english.xlsx,10.1016/j.fluid.2005.06.024,unverified,0.5,isobaric,0.9666666666666667,isobaric,361.2,359.47930908203125,,,7.62939453125e-06,True,False,48,CCC(C)=O,mol_4cfc5db0ca2ab00b,0.7104,0.9183,0.9304274320602417,1.0054659843444824,131.9862823486328,CCOC(=O)OCC,mol_4df2781fcf4d4a77,0.28959999999999997,0.0817,0.0695725530385971,0.985125720500946,24.70952033996582,,,,,,,
state_464805aaf1157b9c6e962f05,3c_f0c258463b44c2183ab7,3,ternary_vle_english.xlsx,10.1016/j.fluid.2005.03.014,unverified,0.5,isobaric,0.9767441860465116,isobaric,385.51,385.7447509765625,,,-2.288818359375e-05,True,False,48,CC(=O)OCC(C)C,mol_e7eb29ad965cc8ee,0.593,0.57,0.5685387849807739,1.0891071557998657,89.17515563964844,CC(C)CO,mol_015d21fca05fcd26,0.309,0.395,0.3985646963119507,1.1005910634994507,118.71988677978516,CN(C)C=O,mol_ca12d6d2f2ffb170,0.09800000000000009,0.03500000000000003,0.032896459102630615,1.1165030002593994,30.45595932006836
state_465bd60fc7ef784572535157,3c_61bfd4ccc52903a74083,3,ternary_vle_english.xlsx,10.1016/j.fluid.2007.03.030,unverified,0.5,isobaric,0.9761904761904762,isobaric,372.65,379.5800476074219,,,-5.340576171875e-05,True,False,48,CCCO,mol_5fb2f93dc8caa9dc,0.296,0.697,0.40685659646987915,0.9820206761360168,141.78750610351562,CCCOCCC,mol_e13b90e4aa2e917d,0.105,0.129,0.37945756316185,2.2254912853240967,164.49661254882812,CCOCCO,mol_ab8630148ae67e51,0.599,0.17400000000000004,0.2136858105659485,0.9950964450836182,36.3155517578125
state_466f349a7818b9073273c279,2c_1490252da7453cbbebe4,2,binary_vle_english.xlsx,10.1016/j.jct.2011.10.025,unverified,0.5,isobaric,0.9545454545454546,isobaric,356.85999999999996,356.0303649902344,,,6.866455078125e-05,True,False,48,CC(C)CC(C)(C)C,mol_57615b5c3546c298,0.902,0.5840000000000001,0.5449708104133606,1.025022029876709,59.70943069458008,CC(C)O,mol_db030b5de88f8eaf,0.098,0.416,0.4550291895866394,4.5895795822143555,102.48250579833984,,,,,,,
state_46771f8bd29cef652b897a5c,2c_6eb2e45afed5017e5e33,2,binary_vle_english.xlsx,10.1016/j.fluid.2014.09.021,unverified,0.5,isobaric,0.95,isobaric,396.37,395.9939880371094,,,3.814697265625e-05,True,False,48,CCC(C)OC(C)=O,mol_879306ab1082c162,0.411,0.712,0.7233572006225586,1.2808560132980347,139.19381713867188,CN(C)C=O,mol_ca12d6d2f2ffb170,0.589,0.28800000000000003,0.2766428589820862,1.1093409061431885,42.889251708984375,,,,,,,
state_46c41b74fa0773eaabcef293,2c_60db84011f520a374b2a,2,binary_vle_english.xlsx,10.1016/j.fluid.2013.09.060,passed,1.0,isobaric,0.9375,isobaric,335.5,336.33172607421875,,,0.0006103515625,True,False,48,C1CCOC1,mol_c59bfa659357f795,0.099,0.167,0.16289640963077545,1.7665766477584839,94.35298156738281,CO,mol_a85d32e4db2ff39c,0.901,0.833,0.8371036052703857,1.0081897974014282,93.35205841064453,,,,,,,
state_46db7614434c0b894e032148,2c_d61da005b4125a743b07,2,binary_vle_english.xlsx,10.1016/j.fluid.2009.03.008,unverified,0.5,isobaric,0.9583333333333334,isobaric,379.65999999999997,379.89666748046875,,,-4.57763671875e-05,True,False,48,CC(=O)O,mol_9ac385b135af0125,0.8127,0.6246,0.5555711388587952,0.9996989965438843,69.2912368774414,CCC(C)=O,mol_4cfc5db0ca2ab00b,0.18730000000000002,0.37539999999999996,0.44442883133888245,0.9972743391990662,241.0948486328125,,,,,,,
state_46dd2e489dcfe326a356f5c8,3c_f0c258463b44c2183ab7,3,ternary_vle_english.xlsx,10.1016/j.fluid.2005.03.014,unverified,0.5,isobaric,0.9767441860465116,isobaric,392.89,392.6189270019531,,,0.00084686279296875,True,False,48,CC(=O)OCC(C)C,mol_e7eb29ad965cc8ee,0.578,0.719,0.7147592306137085,1.1314970254898071,110.71114349365234,CC(C)CO,mol_015d21fca05fcd26,0.103,0.143,0.14670534431934357,0.9545761942863464,151.1509552001953,CN(C)C=O,mol_ca12d6d2f2ffb170,0.31900000000000006,0.138,0.13853536546230316,1.1458712816238403,38.392547607421875
state_46ee683b3e1c7ec2c5b7768f,2c_d61da005b4125a743b07,2,binary_vle_english.xlsx,10.1016/j.fluid.2009.03.008,unverified,0.5,isobaric,0.9583333333333334,isobaric,383.79999999999995,383.6520080566406,,,4.57763671875e-05,True,False,48,CC(=O)O,mol_9ac385b135af0125,0.8821,0.7525,0.6901527047157288,0.9998745322227478,79.29035949707031,CCC(C)=O,mol_4cfc5db0ca2ab00b,0.1179,0.24750000000000005,0.30984726548194885,0.9956113696098328,267.4745788574219,,,,,,,
state_47243c84c6aa787ed46e3e3f,2c_d66c7a74cea5d8732e08,2,binary_vle_english.xlsx,10.1016/j.fluid.2017.09.010,unverified,0.5,isobaric,0.9473684210526315,isobaric,354.2,354.6211853027344,,,2.288818359375e-05,True,False,48,CC(C)O,mol_db030b5de88f8eaf,0.9095,0.8803,0.8787106871604919,1.0045164823532104,97.14208984375,O,mol_e81dc06beaa39499,0.09050000000000002,0.11970000000000003,0.12128932774066925,2.630697011947632,51.45463562011719,,,,,,,
state_474730f600dedb9d2fc372e6,2c_9f31aad1f9974e54ecb0,2,binary_vle_english.xlsx,10.1016/j.jct.2017.07.019,unverified,0.5,isobaric,0.95,isobaric,385.17999999999995,390.5539855957031,,,6.866455078125e-05,True,False,48,Cc1ccc(C)cc1,mol_e7658ba520613aac,0.747,0.381,0.4627755582332611,1.0856577157974243,57.80512619018555,OCC(F)(F)C(F)F,mol_48469952cf716332,0.253,0.619,0.5372244119644165,1.6640326976776123,129.26556396484375,,,,,,,
state_477de5f57a35a7a9a29c7051,2c_9f31aad1f9974e54ecb0,2,binary_vle_english.xlsx,10.1016/j.jct.2017.07.019,unverified,0.5,isobaric,0.95,isobaric,396.75,398.41943359375,,,-6.866455078125e-05,True,False,48,Cc1ccc(C)cc1,mol_e7658ba520613aac,0.9148000000000001,0.6152,0.6691850423812866,1.0103956460952759,73.33942413330078,OCC(F)(F)C(F)F,mol_48469952cf716332,0.0852,0.3848,0.330814927816391,2.37567400932312,165.56463623046875,,,,,,,
state_47e7dd76951148324fe051f8,2c_26042ad21e725d8f2224,2,binary_vle_english.xlsx,10.1016/j.jct.2019.06.026,unverified,0.5,isobaric,0.9411764705882353,isobaric,390.45,391.79510498046875,,,0.00054931640625,True,False,48,CN(C)C=O,mol_ca12d6d2f2ffb170,0.3093,0.11319999999999997,0.09860271215438843,0.8644520044326782,37.35765075683594,OCC(F)(F)C(F)F,mol_48469952cf716332,0.6907,0.8868,0.9013972878456116,0.9828978776931763,134.5023651123047,,,,,,,
state_48671e990bc7948b6cfda1d2,3c_2cb16216a8c609b7ad27,3,ternary_vle_english.xlsx,10.1016/j.fluid.2005.09.015,unverified,0.5,isobaric,0.9767441860465116,isobaric,391.28,392.444091796875,,,-1.52587890625e-05,True,False,48,CC(=O)OCC(C)C,mol_e7eb29ad965cc8ee,0.292,0.316,0.3183230757713318,1.0028866529464722,110.11399841308594,CC(C)CO,mol_015d21fca05fcd26,0.29,0.498,0.5135892629623413,1.1940933465957642,150.24110412597656,CCCCOC(=O)CC,mol_a9c167bbb331e76a,0.41800000000000004,0.18599999999999994,0.1680876463651657,0.9847578406333923,41.36558532714844
state_488ad19de0f23e9547e1f2ac,2c_82cfa7a14fa3ab1984f1,2,binary_vle_english.xlsx,10.1016/j.jct.2019.07.006,unverified,0.5,isobaric,0.9333333333333333,isobaric,350.52,354.9159240722656,,,-3.0517578125e-05,True,False,48,CC#N,mol_7028b7cbd3d829b4,0.8596,0.7741,0.8455591201782227,1.0180273056030273,97.88072967529297,O,mol_e81dc06beaa39499,0.14039999999999997,0.2259,0.15444086492061615,2.1405727863311768,52.056400299072266,,,,,,,
state_48b945a71a1f1909878a60b1,2c_a873f6bbdf8411ff9a25,2,binary_vle_english.xlsx,10.1016/j.fluid.2013.05.016,passed,1.0,isobaric,0.9444444444444444,isobaric,391.4,390.1005859375,,,-7.62939453125e-05,True,False,48,CCCCCCCCC,mol_dd70207e50d8bf63,0.773,0.302,0.29183417558670044,1.004407286643982,38.076377868652344,c1ccccc1,mol_7165dcf6be1f831d,0.22699999999999998,0.698,0.7081658244132996,1.1003280878067017,287.2074890136719,,,,,,,
state_48f3425cb6b739ab2121ebe5,2c_d66c7a74cea5d8732e08,2,binary_vle_english.xlsx,10.1016/j.fluid.2017.09.010,unverified,0.5,isobaric,0.9473684210526315,isobaric,354.9,355.02099609375,,,-3.814697265625e-05,True,False,48,CC(C)O,mol_db030b5de88f8eaf,0.2705,0.5458,0.528899073600769,2.002195358276367,98.63252258300781,O,mol_e81dc06beaa39499,0.7295,0.45420000000000005,0.47110095620155334,1.2477790117263794,52.27235412597656,,,,,,,
state_496fedd9f7def0a306684e0a,2c_8d6240d515d92725f365,2,binary_vle_english.xlsx,10.1016/j.fluid.2015.05.031,unverified,0.5,isobaric,0.96875,isobaric,352.4,357.4112854003906,,,9.918212890625e-05,True,False,48,CCCCCCCC,mol_8151bb583f7f3ebd,0.938,0.21999999999999997,0.25839054584503174,0.9994404315948486,27.926219940185547,COC=O,mol_3beef90b23ffcece,0.062,0.78,0.7416094541549683,2.385999917984009,507.9353942871094,,,,,,,
state_49bd140f7b9b3226aa874bfe,2c_74caf60139062b8ca437,2,binary_vle_english.xlsx,10.1016/j.fluid.2010.08.010,unverified,0.5,isobaric,0.9411764705882353,isobaric,415.45,411.8615417480469,,,1.52587890625e-05,True,False,48,CCCCCCO,mol_eb71ecc709e3f0dc,0.0,0.0,0.0,3.3227877616882324,57.121978759765625,Cc1ccccc1C,mol_61c4de85d258b45d,1.0,1.0,1.0,1.0,95.60002136230469,,,,,,,
state_4a822598c43f46c1454ab707,2c_d66c7a74cea5d8732e08,2,binary_vle_english.xlsx,10.1016/j.fluid.2014.02.006,unverified,0.5,isobaric,0.9411764705882353,isobaric,366.49,366.3658142089844,,,-3.814697265625e-05,True,False,48,CC(C)O,mol_db030b5de88f8eaf,0.017,0.222,0.21683134138584137,8.622417449951172,149.84873962402344,O,mol_e81dc06beaa39499,0.983,0.778,0.7831686735153198,1.0012798309326172,80.60376739501953,,,,,,,
state_4b1cd7c7ec07b73dece54a05,2c_d66c7a74cea5d8732e08,2,binary_vle_english.xlsx,10.1016/j.fluid.2014.02.006,unverified,0.5,isobaric,0.9411764705882353,isobaric,353.22999999999996,353.85711669921875,,,5.340576171875e-05,True,False,48,CC(C)O,mol_db030b5de88f8eaf,0.741,0.725,0.7229092717170715,1.047483205795288,94.34695434570312,O,mol_e81dc06beaa39499,0.259,0.275,0.27709072828292847,2.1708877086639404,49.922264099121094,,,,,,,
state_4b7578494e8a45574c791d80,2c_df88b179a6c12f0b788b,2,binary_vle_english.xlsx,10.1016/j.jct.2006.12.003,unverified,0.5,isobaric,0.9333333333333333,isobaric,365.65,361.2090148925781,,,0.00014495849609375,True,False,48,Cc1ccccc1,mol_1c09299644053521,0.255,0.16000000000000003,0.1275033950805664,0.988980233669281,51.21577453613281,ClCCCl,mol_e8df6c9e89c6b62a,0.745,0.84,0.8724965453147888,1.0051445960998535,118.02899932861328,,,,,,,
state_4b77045538325a64acf06511,2c_61469365e9d7838600a7,2,binary_vle_english.xlsx,10.1016/j.fluid.2015.05.031,unverified,0.5,isobaric,0.9629629629629629,isobaric,306.58,307.6074523925781,,,0.0008544921875,True,False,48,CCCCCCC,mol_fddb2c852c313396,0.32399999999999995,0.06299999999999994,0.05328470095992088,1.7297512292861938,9.633240699768066,COC=O,mol_3beef90b23ffcece,0.676,0.937,0.9467152953147888,1.275420904159546,111.25453186035156,,,,,,,
state_4be419b03faad3af953b0722,3c_61bfd4ccc52903a74083,3,ternary_vle_english.xlsx,10.1016/j.fluid.2007.03.030,unverified,0.5,isobaric,0.9761904761904762,isobaric,367.90999999999997,362.4621887207031,,,0.00029754638671875,True,False,48,CCCO,mol_5fb2f93dc8caa9dc,0.042,0.144,0.07963431626558304,2.5724034309387207,74.66590118408203,CCCOCCC,mol_e13b90e4aa2e917d,0.909,0.847,0.8970004916191101,1.0129982233047485,98.6803207397461,CCOCCO,mol_ab8630148ae67e51,0.04899999999999993,0.009000000000000008,0.023365190252661705,2.618887186050415,18.444501876831055
state_4c023824c643ef0ec8207c79,2c_60db84011f520a374b2a,2,binary_vle_english.xlsx,10.1016/j.fluid.2013.09.060,passed,1.0,isobaric,0.9375,isobaric,336.09999999999997,336.1274108886719,,,0.00023651123046875,True,False,48,C1CCOC1,mol_c59bfa659357f795,0.898,0.802,0.8379085659980774,1.0085630416870117,93.71894836425781,CO,mol_a85d32e4db2ff39c,0.10199999999999998,0.19799999999999995,0.1620914787054062,1.7382960319519043,92.6075668334961,,,,,,,
state_4c52d599276aac5460fa206f,3c_61bfd4ccc52903a74083,3,ternary_vle_english.xlsx,10.1016/j.fluid.2007.03.030,unverified,0.5,isobaric,0.9761904761904762,isobaric,359.78,361.17950439453125,,,0.00030517578125,True,False,48,CCCO,mol_5fb2f93dc8caa9dc,0.505,0.62,0.4262395203113556,1.2044355869293213,70.98870086669922,CCCOCCC,mol_e13b90e4aa2e917d,0.406,0.352,0.556790292263031,1.4656238555908203,94.78804779052734,CCOCCO,mol_ab8630148ae67e51,0.08899999999999997,0.028000000000000025,0.016970194876194,1.1046141386032104,17.486249923706055
state_4c5aaa05680ea06e6772401c,3c_f0c258463b44c2183ab7,3,ternary_vle_english.xlsx,10.1016/j.fluid.2005.03.014,unverified,0.5,isobaric,0.9767441860465116,isobaric,396.28999999999996,396.37408447265625,,,-3.814697265625e-05,True,False,48,CC(=O)OCC(C)C,mol_e7eb29ad965cc8ee,0.295,0.494,0.4794255197048187,1.3254783153533936,124.2039794921875,CC(C)CO,mol_015d21fca05fcd26,0.211,0.306,0.3083643317222595,0.8614286780357361,171.858642578125,CN(C)C=O,mol_ca12d6d2f2ffb170,0.494,0.19999999999999996,0.21221014857292175,1.0021522045135498,43.42247009277344
state_4cb1f0bc18c73de418123acc,2c_d66c7a74cea5d8732e08,2,binary_vle_english.xlsx,10.1016/j.fluid.2015.11.034,unverified,0.5,isobaric,0.9333333333333333,isobaric,358.72999999999996,360.43341064453125,,,0.00025177001953125,True,False,48,CC(C)O,mol_db030b5de88f8eaf,0.049,0.433,0.38839390873908997,6.646396160125732,120.8093032836914,O,mol_e81dc06beaa39499,0.951,0.567,0.6116060614585876,1.0102325677871704,64.4881820678711,,,,,,,
state_4d4bcefac4cce6cd12ebdd8e,2c_f0a592d91b289fcd0778,2,binary_vle_english.xlsx,10.1016/j.fluid.2005.01.007,unverified,0.5,isobaric,0.9545454545454546,isobaric,329.84,332.3579406738281,,,0.00113677978515625,True,False,48,CC(C)=O,mol_e04cf77cea7bbe66,0.687,0.831,0.8646125197410583,1.1493220329284668,110.9488525390625,CC(C)CC(C)(C)C,mol_57615b5c3546c298,0.31299999999999994,0.16900000000000004,0.13538746535778046,1.571181058883667,27.893798828125,,,,,,,
state_4d6c7374676108c9ade33961,2c_d66c7a74cea5d8732e08,2,binary_vle_english.xlsx,10.1016/j.fluid.2017.09.010,unverified,0.5,isobaric,0.9473684210526315,isobaric,353.2,353.74151611328125,,,2.288818359375e-05,True,False,48,CC(C)O,mol_db030b5de88f8eaf,0.6652,0.6778,0.6726635098457336,1.0873327255249023,93.9300308227539,O,mol_e81dc06beaa39499,0.3348,0.32220000000000004,0.32733646035194397,1.9871346950531006,49.693885803222656,,,,,,,
state_4d7a53caaf4ea71a0db9dcaa,2c_60db84011f520a374b2a,2,binary_vle_english.xlsx,10.1016/j.fluid.2013.09.060,passed,1.0,isobaric,0.9375,isobaric,336.4,336.45977783203125,,,8.392333984375e-05,True,False,48,C1CCOC1,mol_c59bfa659357f795,0.917,0.834,0.8626331686973572,1.0057212114334106,94.75208282470703,CO,mol_a85d32e4db2ff39c,0.08299999999999996,0.16600000000000004,0.13736678659915924,1.7869482040405273,93.82125091552734,,,,,,,
state_4d7d1b4fa4627ac1c7dba0a9,3c_2cb16216a8c609b7ad27,3,ternary_vle_english.xlsx,10.1016/j.fluid.2005.09.015,unverified,0.5,isobaric,0.9767441860465116,isobaric,389.02,389.0815124511719,,,0.00016021728515625,True,False,48,CC(=O)OCC(C)C,mol_e7eb29ad965cc8ee,0.808,0.793,0.793524980545044,1.0034557580947876,99.1427230834961,CC(C)CO,mol_015d21fca05fcd26,0.103,0.171,0.1761329621076584,1.296324610710144,133.6286163330078,CCCCOC(=O)CC,mol_a9c167bbb331e76a,0.08899999999999997,0.03599999999999992,0.03034203313291073,0.9392807483673096,36.767921447753906
state_4e0b3b8f1794defb511f7edc,2c_b94de72ffbeb53d6294b,2,binary_vle_english.xlsx,10.1016/j.fluid.2014.04.025,unverified,0.5,isobaric,0.9285714285714286,isobaric,387.41999999999996,388.06005859375,,,-7.62939453125e-06,True,False,48,CS(C)=O,mol_7d3e12eaed0f467c,0.19340000000000002,0.028200000000000003,0.029929324984550476,1.6177884340286255,9.690091133117676,Cc1ccccc1,mol_1c09299644053521,0.8066,0.9718,0.9700706601142883,1.046591877937317,116.40642547607422,,,,,,,
state_4e42aaa9caeba693ce8be6b6,2c_97830bff71af0df3111e,2,binary_vle_english.xlsx,10.1016/j.fluid.2018.03.015,unverified,0.5,isobaric,0.9090909090909091,isobaric,341.95,341.565673828125,,,0.00012969970703125,True,False,48,CCO,mol_f29e20f49d416e54,0.817,0.585,0.556755542755127,1.0257381200790405,67.30010223388672,ClC(Cl)Cl,mol_d9e0a2387a6283f9,0.183,0.415,0.44324442744255066,1.999887228012085,122.68638610839844,,,,,,,
state_4e453f2a5676eb1724205f51,2c_8227101c64130ee5e04f,2,binary_vle_english.xlsx,10.1016/j.jct.2017.07.019,unverified,0.5,isobaric,0.9411764705882353,isobaric,377.07,378.28411865234375,,,0.00191497802734375,True,False,48,O,mol_e81dc06beaa39499,0.15490000000000004,0.30569999999999997,0.27762100100517273,1.4696816205978394,123.53642272949219,OCC(F)(F)C(F)F,mol_48469952cf716332,0.8451,0.6943,0.7223790287971497,1.005979061126709,86.07666778564453,,,,,,,
state_4e4b6fa474a817901bb17ba3,2c_5e274a8981b66e0477e8,2,binary_vle_english.xlsx,10.1016/j.fluid.2005.02.014,passed,1.0,isobaric,0.9166666666666666,isobaric,328.12,328.0126953125,,,-3.4332275390625e-05,True,False,48,C1CCOCC1,mol_626f3d1f5bbb6f55,0.7662,0.6266,0.6169337034225464,1.0010623931884766,32.173274993896484,CCC(C)Cl,mol_9f4835d3aad75f1c,0.2338,0.37339999999999995,0.383066326379776,1.0241320133209229,63.9931640625,,,,,,,
state_4e7b75d966921b70b200da71,2c_5e274a8981b66e0477e8,2,binary_vle_english.xlsx,10.1016/j.fluid.2005.02.014,passed,1.0,isobaric,0.9166666666666666,isobaric,315.21,315.8342590332031,,,7.62939453125e-05,True,False,48,C1CCOCC1,mol_626f3d1f5bbb6f55,0.0615,0.0272,0.03232649713754654,1.0539987087249756,19.948244094848633,CCC(C)Cl,mol_9f4835d3aad75f1c,0.9385,0.9728,0.9676734805107117,1.0004191398620605,41.22624969482422,,,,,,,
state_4f396ec24ca79a7c4570b6d7,2c_303f5d258da9140f9795,2,binary_vle_english.xlsx,10.1016/j.fluid.2012.11.026,unverified,0.5,isothermal,0.9333333333333333,isothermal,,,62.438864605439996,38.630584716796875,-3.814697265625e-06,True,False,48,CCOC(=O)OCC,mol_4df2781fcf4d4a77,0.7018,0.29190000000000005,0.3773347735404968,1.0754681825637817,19.312885284423828,O,mol_e81dc06beaa39499,0.2982,0.7081,0.6226652264595032,1.6618257761001587,48.539207458496094,,,,,,,
state_4f781efa582b8975a686318f,2c_1490252da7453cbbebe4,2,binary_vle_english.xlsx,10.1016/j.fluid.2007.10.016,unverified,0.5,isothermal,0.9615384615384616,isothermal,,,37.679967611264,37.93682098388672,0.0,True,False,48,CC(C)CC(C)(C)C,mol_57615b5c3546c298,0.037699999999999956,0.14129999999999998,0.10005314648151398,3.917086362838745,25.703197479248047,CC(C)O,mol_db030b5de88f8eaf,0.9623,0.8587,0.8999468088150024,1.001572847366333,35.422950744628906,,,,,,,
state_4fca445253f82cb8316eba9f,2c_a160651817afdffd3182,2,binary_vle_english.xlsx,10.1016/j.fluid.2005.05.024,unverified,0.5,isothermal,0.9583333333333334,isothermal,,,33.250065289728,35.422950744628906,0.0,True,False,48,CC(=O)CC(C)C,mol_0a895444a9f0f36b,0.0,0.0,0.0,0.9759467840194702,12.555214881896973,CC(C)O,mol_db030b5de88f8eaf,1.0,1.0,1.0,1.0,35.422950744628906,,,,,,,
state_4fec3ca99b5baa6d38ee4776,2c_8b8dfc345b3e095c6955,2,binary_vle_english.xlsx,10.1016/j.jct.2012.10.003,unverified,0.5,isothermal,0.9,isothermal,,,310.80003770265597,433.03460693359375,0.0,True,False,48,CC(C)C,mol_cd0696a421ed56d8,0.139,0.122,0.2816372215747833,3.5702638626098633,245.7522735595703,FC(F)(F)I,mol_b415a9b082dbafac,0.861,0.878,0.7183628082275391,1.0374293327331543,348.26092529296875,,,,,,,
state_4ff328eea0c50f12ce37c484,2c_9478a219a5c540597926,2,binary_vle_english.xlsx,10.1016/j.fluid.2009.01.016,unverified,0.5,isothermal,0.9375,isothermal,,,27.719986787455998,25.476436614990234,-1.9073486328125e-06,True,False,48,CC(=O)C(C)(C)C,mol_61a887e37d396488,1.0,1.0,1.0,1.0,25.4764347076416,COC(C)(C)C,mol_b614d6fea320c179,0.0,0.0,0.0,1.1420575380325317,142.28720092773438,,,,,,,
state_50065306488917ebf2975cb5,2c_a160651817afdffd3182,2,binary_vle_english.xlsx,10.1016/j.fluid.2005.05.024,unverified,0.5,isothermal,0.96,isothermal,,,42.649958845568,42.16705322265625,-3.814697265625e-06,True,False,48,CC(=O)CC(C)C,mol_0a895444a9f0f36b,0.49460000000000004,0.26239999999999997,0.25198909640312195,1.1422693729400635,18.807552337646484,CC(C)O,mol_db030b5de88f8eaf,0.5054,0.7376,0.7480108737945557,1.149115800857544,54.3102912902832,,,,,,,
state_508e0f8b96ded6ef68779f59,2c_9478a219a5c540597926,2,binary_vle_english.xlsx,10.1016/j.fluid.2009.01.016,unverified,0.5,isothermal,0.9411764705882353,isothermal,,,69.769994977024,70.75935363769531,-7.62939453125e-06,True,False,48,CC(=O)C(C)(C)C,mol_61a887e37d396488,0.12050000000000005,0.02629999999999999,0.02336055226624012,1.156969666481018,11.856537818908691,COC(C)(C)C,mol_b614d6fea320c179,0.8795,0.9737,0.976639449596405,0.9980875253677368,78.72517395019531,,,,,,,
state_51382698bbaf894b70127a9e,2c_6f361cb0ec8be0b0e6dd,2,binary_vle_english.xlsx,10.1016/j.jct.2012.11.005,unverified,0.5,isothermal,0.9166666666666666,isothermal,,,41.0999529952,36.88035583496094,-3.814697265625e-06,True,False,48,CC(C)OC(C)C,mol_1a0ca8e5eeb68da8,0.42,0.663,0.6353846192359924,1.4936401844024658,37.353946685791016,CCO,mol_f29e20f49d416e54,0.5800000000000001,0.33699999999999997,0.3646153509616852,1.2159565687179565,19.06707000732422,,,,,,,
state_51637951d6519f0aece40620,2c_1490252da7453cbbebe4,2,binary_vle_english.xlsx,10.1016/j.fluid.2007.10.016,unverified,0.5,isothermal,0.9615384615384616,isothermal,,,55.100001536511996,55.52153015136719,0.0,True,False,48,CC(C)CC(C)(C)C,mol_57615b5c3546c298,0.010800000000000032,0.04720000000000002,0.032228048890829086,4.592273712158203,36.078121185302734,CC(C)O,mol_db030b5de88f8eaf,0.9892,0.9528,0.9677719473838806,1.0001569986343384,54.3102912902832,,,,,,,
state_51cd3c11084640fd50b191f3,2c_8b8dfc345b3e095c6955,2,binary_vle_english.xlsx,10.1016/j.jct.2012.10.003,unverified,0.5,isothermal,0.9,isothermal,,,116.500018250496,170.87579345703125,1.52587890625e-05,True,False,48,CC(C)C,mol_cd0696a421ed56d8,0.912,0.86,0.6738834381103516,1.010591983795166,124.93803405761719,FC(F)(F)I,mol_b415a9b082dbafac,0.088,0.14,0.32611656188964844,3.4481024742126465,183.64984130859375,,,,,,,
state_5203c1a05f33f4f87c79be27,2c_ae514b5a938c4d83d1c9,2,binary_vle_english.xlsx,10.1016/j.fluid.2009.08.007,unverified,0.5,isothermal,0.8888888888888888,isothermal,,,464.90003014361594,434.39031982421875,3.0517578125e-05,True,False,48,CCCC,mol_fadb5806094149e6,0.4282,0.9362,0.9461552500724792,1.8133903741836548,529.3032836914062,CCO,mol_f29e20f49d416e54,0.5718,0.06379999999999997,0.053844764828681946,1.3359185457229614,30.61960220336914,,,,,,,
state_5259609e310ce7b3ea42d36c,2c_6f361cb0ec8be0b0e6dd,2,binary_vle_english.xlsx,10.1016/j.jct.2012.11.005,unverified,0.5,isothermal,0.9166666666666666,isothermal,,,92.669978194176,81.71537780761719,0.0,True,False,48,CC(C)OC(C)C,mol_1a0ca8e5eeb68da8,0.81,0.702,0.7612241506576538,1.0528473854064941,72.94002532958984,CCO,mol_f29e20f49d416e54,0.18999999999999995,0.29800000000000004,0.23877578973770142,2.1677255630493164,47.37357711791992,,,,,,,
state_54a38c1bf380858777c17c60,2c_6aab25a5edecf15e2cbf,2,binary_vle_english.xlsx,10.1016/j.fluid.2012.05.016,unverified,0.5,isothermal,0.9333333333333333,isothermal,,,85.290051835904,84.45814514160156,0.0,True,False,48,CCCO,mol_5fb2f93dc8caa9dc,0.07640000000000002,0.03959999999999997,0.0422343835234642,1.1219666004180908,41.61351776123047,CCO,mol_f29e20f49d416e54,0.9236,0.9604,0.9577655792236328,1.0005600452423096,87.53337860107422,,,,,,,
state_54d646a5aa8b3f35df33bb34,2c_1490252da7453cbbebe4,2,binary_vle_english.xlsx,10.1016/j.jct.2011.09.007,unverified,0.5,isothermal,0.9473684210526315,isothermal,,,41.580046842368,40.94428253173828,0.0,True,False,48,CC(C)CC(C)(C)C,mol_57615b5c3546c298,0.09489999999999998,0.2613,0.20815980434417725,3.4941115379333496,25.703197479248047,CC(C)O,mol_db030b5de88f8eaf,0.9051,0.7387,0.7918401956558228,1.0112290382385254,35.422950744628906,,,,,,,
state_5505147bcf2aa3d46f54854a,2c_56df7cea200b948181e5,2,binary_vle_english.xlsx,10.1016/j.fluid.2007.07.010,unverified,0.5,isothermal,0.9333333333333333,isothermal,,,272.999946637824,312.83660888671875,0.0,True,False,48,CC(F)F,mol_ed933f1c25fd987c,0.577,0.693,0.7439942359924316,1.334446668624878,302.28045654296875,CCCC,mol_fadb5806094149e6,0.42300000000000004,0.30700000000000005,0.25600573420524597,1.6916004419326782,111.9255142211914,,,,,,,
state_550868651f6221e25c1afd6e,2c_68be6b27ffcb3843add8,2,binary_vle_english.xlsx,10.1016/j.fluid.2010.09.023,unverified,0.5,isothermal,0.9,isothermal,,,271.70005354982396,291.31268310546875,0.0,True,False,48,CCC#N,mol_abe9c8e175e3ffb6,0.8536,0.06359999999999999,0.051322970539331436,1.0327441692352295,16.959928512573242,CCCC,mol_fadb5806094149e6,0.1464,0.9364,0.9486770629882812,3.6837000846862793,512.4511108398438,,,,,,,
state_556829f12effba5e77a1a591,2c_3cf279eea352998261d1,2,binary_vle_english.xlsx,10.1016/j.fluid.2012.05.016,unverified,0.5,isothermal,0.9375,isothermal,,,89.48997307264,87.27392578125,-7.62939453125e-06,True,False,48,CCCOC(C)=O,mol_67043ae833ecd0c7,0.042300000000000004,0.04720000000000002,0.037982501089572906,1.9263300895690918,40.681495666503906,CCO,mol_f29e20f49d416e54,0.9577,0.9528,0.9620175361633301,1.001530647277832,87.53337860107422,,,,,,,
state_5583680a9184bf12006519cf,2c_ae514b5a938c4d83d1c9,2,binary_vle_english.xlsx,10.1016/j.fluid.2009.08.007,unverified,0.5,isothermal,0.8888888888888888,isothermal,,,495.300063172608,529.30322265625,6.103515625e-05,True,False,48,CCCC,mol_fadb5806094149e6,1.0,1.0,1.0,1.0,529.3032836914062,CCO,mol_f29e20f49d416e54,0.0,0.0,0.0,7.476694107055664,30.61960220336914,,,,,,,
state_55e99fa4b436a897520baa68,2c_56df7cea200b948181e5,2,binary_vle_english.xlsx,10.1016/j.fluid.2007.07.010,unverified,0.5,isothermal,0.9333333333333333,isothermal,,,225.000027809152,248.15069580078125,1.52587890625e-05,True,False,48,CC(F)F,mol_ed933f1c25fd987c,0.06,0.294,0.3922825753688812,4.007054328918457,404.8909606933594,CCCC,mol_fadb5806094149e6,0.94,0.706,0.6077174544334412,1.006005048751831,159.4737548828125,,,,,,,
state_55f9dcd905f9349316b9dbc3,2c_303f5d258da9140f9795,2,binary_vle_english.xlsx,10.1016/j.fluid.2012.11.026,unverified,0.5,isothermal,0.9333333333333333,isothermal,,,56.568147452927995,27.72911834716797,0.0,True,False,48,CCOC(=O)OCC,mol_4df2781fcf4d4a77,0.903,0.36439999999999995,0.6340062618255615,1.0080792903900146,19.312885284423828,O,mol_e81dc06beaa39499,0.097,0.6356,0.36599376797676086,2.155486583709717,48.539207458496094,,,,,,,
state_5604f524035284b9e2c4a0a1,2c_1490252da7453cbbebe4,2,binary_vle_english.xlsx,10.1016/j.fluid.2007.10.016,unverified,0.5,isothermal,0.9615384615384616,isothermal,,,70.179961258624,68.49516296386719,0.0,True,False,48,CC(C)CC(C)(C)C,mol_57615b5c3546c298,0.35529999999999995,0.385,0.3785737454891205,2.022885322570801,36.078121185302734,CC(C)O,mol_db030b5de88f8eaf,0.6447,0.615,0.6214262247085571,1.2156531810760498,54.3102912902832,,,,,,,
state_56352e079fbe969908f51d77,2c_98afb8e6c65a310db5e0,2,binary_vle_english.xlsx,10.1016/j.jct.2012.12.026,unverified,0.5,isothermal,0.9166666666666666,isothermal,,,364.20004572479996,371.703125,3.0517578125e-05,True,False,48,F/C=C/C(F)(F)F,mol_0e763ba6787b2749,1.0,1.0,1.0,1.0,371.7031555175781,FC(F)C(F)F,mol_fccff6221e62b4bc,0.0,0.0,0.0,1.9847593307495117,390.8857421875,,,,,,,
state_5643ac1fd19b2e4588a73bbc,2c_6f361cb0ec8be0b0e6dd,2,binary_vle_english.xlsx,10.1016/j.jct.2012.11.005,unverified,0.5,isothermal,0.9166666666666666,isothermal,,,38.370044188032,33.93114471435547,0.0,True,False,48,CC(C)OC(C)C,mol_1a0ca8e5eeb68da8,0.273,0.611,0.5591496229171753,1.8604904413223267,37.353946685791016,CCO,mol_f29e20f49d416e54,0.727,0.389,0.4408504068851471,1.079124093055725,19.06707000732422,,,,,,,
state_5705d09f620ca29fb887590d,2c_68be6b27ffcb3843add8,2,binary_vle_english.xlsx,10.1016/j.fluid.2010.09.023,unverified,0.5,isothermal,0.9,isothermal,,,215.100042050944,228.92147827148438,0.0,True,False,48,CCC#N,mol_abe9c8e175e3ffb6,0.8988,0.08089999999999997,0.06761649996042252,1.0154350996017456,16.959928512573242,CCCC,mol_fadb5806094149e6,0.1012,0.9191,0.9323835372924805,4.115742206573486,512.4511108398438,,,,,,,
state_57c539067a86175df250d428,2c_9478a219a5c540597926,2,binary_vle_english.xlsx,10.1016/j.fluid.2009.01.016,unverified,0.5,isothermal,0.9375,isothermal,,,69.979977706624,68.52232360839844,0.0,True,False,48,CC(=O)C(C)(C)C,mol_61a887e37d396488,0.6744,0.27459999999999996,0.25709375739097595,1.025338888168335,25.4764347076416,COC(C)(C)C,mol_b614d6fea320c179,0.3256,0.7254,0.7429063320159912,1.0987930297851562,142.28720092773438,,,,,,,
state_584a8200b569661be083555d,2c_ae514b5a938c4d83d1c9,2,binary_vle_english.xlsx,10.1016/j.fluid.2014.05.018,unverified,0.5,isothermal,0.8181818181818182,isothermal,,,382.000048398848,396.143798828125,3.0517578125e-05,True,False,48,CCCC,mol_fadb5806094149e6,0.9717,0.9778,0.9913253784179688,1.0020334720611572,403.3245544433594,CCO,mol_f29e20f49d416e54,0.028299999999999992,0.022199999999999998,0.008674639277160168,6.353056907653809,19.1132755279541,,,,,,,
state_5873df493028a0b4d47d4c2d,2c_a160651817afdffd3182,2,binary_vle_english.xlsx,10.1016/j.fluid.2005.05.024,unverified,0.5,isothermal,0.96,isothermal,,,51.879999704576,52.40757751464844,0.0,True,False,48,CC(=O)CC(C)C,mol_0a895444a9f0f36b,0.061000000000000054,0.04169999999999996,0.03129339963197708,1.4295018911361694,18.807552337646484,CC(C)O,mol_db030b5de88f8eaf,0.939,0.9583,0.9687066078186035,0.9954938888549805,54.3102912902832,,,,,,,
state_588209e06b80060f5d2b3ebe,2c_a160651817afdffd3182,2,binary_vle_english.xlsx,10.1016/j.fluid.2005.05.024,unverified,0.5,isothermal,0.9583333333333334,isothermal,,,24.56997919872,24.08525848388672,0.0,True,False,48,CC(=O)CC(C)C,mol_0a895444a9f0f36b,0.651,0.3671,0.3642719089984894,1.07342529296875,12.555214881896973,CC(C)O,mol_db030b5de88f8eaf,0.349,0.6329,0.635728120803833,1.2385472059249878,35.422950744628906,,,,,,,
state_58c0497b77c672f6ec8a4ee5,2c_a160651817afdffd3182,2,binary_vle_english.xlsx,10.1016/j.fluid.2005.05.024,unverified,0.5,isothermal,0.96,isothermal,,,52.359960229376,53.342506408691406,-3.814697265625e-06,True,False,48,CC(=O)CC(C)C,mol_0a895444a9f0f36b,0.03090000000000004,0.02180000000000004,0.014686744660139084,1.348056674003601,18.807552337646484,CC(C)O,mol_db030b5de88f8eaf,0.9691,0.9782,0.9853132367134094,0.9986124634742737,54.3102912902832,,,,,,,
state_58efd5ec7cff09f1d8806264,2c_c6a565ee5191fe2b2cdb,2,binary_vle_english.xlsx,10.1016/j.fluid.2010.11.026,passed,1.0,isothermal,0.9333333333333333,isothermal,,,81.4999635584,75.11264038085938,-7.62939453125e-06,True,False,48,CCO,mol_f29e20f49d416e54,0.915,0.8260000000000001,0.8804954290390015,1.0072429180145264,71.76038360595703,CCSCC,mol_a7491cfbf016fee6,0.085,0.174,0.11950457096099854,2.2065765857696533,47.85855484008789,,,,,,,
state_59974a493629012edeef7b7e,2c_6f361cb0ec8be0b0e6dd,2,binary_vle_english.xlsx,10.1016/j.jct.2012.11.005,unverified,0.5,isothermal,0.9166666666666666,isothermal,,,63.519975687552,57.76818084716797,0.0,True,False,48,CC(C)OC(C)C,mol_1a0ca8e5eeb68da8,0.706,0.717,0.7252033352851868,1.1251122951507568,52.74094772338867,CCO,mol_f29e20f49d416e54,0.29400000000000004,0.28300000000000003,0.27479666471481323,1.771443247795105,30.480745315551758,,,,,,,
state_5998fa05bb021df0bd9a9bd7,2c_9478a219a5c540597926,2,binary_vle_english.xlsx,10.1016/j.fluid.2009.01.016,unverified,0.5,isothermal,0.9444444444444444,isothermal,,,18.649932770048,17.582534790039062,0.0,True,False,48,CC(=O)C(C)(C)C,mol_61a887e37d396488,1.0,1.0,1.0,1.0,17.582534790039062,COC(C)(C)C,mol_b614d6fea320c179,0.0,0.0,0.0,1.0856927633285522,106.7908935546875,,,,,,,
state_59f15cf5ee1bf2d2b4d22782,2c_68be6b27ffcb3843add8,2,binary_vle_english.xlsx,10.1016/j.fluid.2010.09.023,unverified,0.5,isothermal,0.8571428571428571,isothermal,,,452.00002446067197,471.8834228515625,3.0517578125e-05,True,False,48,CCC#N,mol_abe9c8e175e3ffb6,0.19740000000000002,0.03180000000000005,0.025462394580245018,3.5904831886291504,16.95250701904297,CCCC,mol_fadb5806094149e6,0.8026,0.9682,0.9745376110076904,1.1183980703353882,512.3157958984375,,,,,,,
state_5a2361d9f98af740304780e7,2c_98afb8e6c65a310db5e0,2,binary_vle_english.xlsx,10.1016/j.jct.2012.12.026,unverified,0.5,isothermal,0.8181818181818182,isothermal,,,128.90006505344,162.23504638671875,1.52587890625e-05,True,False,48,F/C=C/C(F)(F)F,mol_0e763ba6787b2749,0.469,0.45999999999999996,0.4769149720668793,1.104426622390747,149.37432861328125,FC(F)C(F)F,mol_fccff6221e62b4bc,0.531,0.54,0.5230850577354431,1.0623315572738647,150.43968200683594,,,,,,,
state_5a762ba213efde31c1a5eb92,2c_ae514b5a938c4d83d1c9,2,binary_vle_english.xlsx,10.1016/j.fluid.2014.05.018,unverified,0.5,isothermal,0.9,isothermal,,,288.99996402150396,267.6082763671875,0.0,True,False,48,CCCC,mol_fadb5806094149e6,0.2285,0.9506,0.9403471946716309,2.73052978515625,403.3245544433594,CCO,mol_f29e20f49d416e54,0.7715,0.0494,0.05965280905365944,1.0825785398483276,19.1132755279541,,,,,,,
state_5abdf6b444a2da0288b4ae20,2c_8b8dfc345b3e095c6955,2,binary_vle_english.xlsx,10.1016/j.jct.2012.10.003,unverified,0.5,isothermal,0.9,isothermal,,,167.699940555904,246.48486328125,1.52587890625e-05,True,False,48,CC(C)C,mol_cd0696a421ed56d8,0.913,0.865,0.6646069884300232,1.011370301246643,177.4084014892578,FC(F)(F)I,mol_b415a9b082dbafac,0.087,0.135,0.3353930413722992,3.713557243347168,255.8791961669922,,,,,,,
state_5ae51bed540d5468ed4b56f6,2c_56df7cea200b948181e5,2,binary_vle_english.xlsx,10.1016/j.fluid.2007.07.010,unverified,0.5,isothermal,0.875,isothermal,,,280.999955329664,320.39556884765625,0.0,True,False,48,CC(F)F,mol_ed933f1c25fd987c,0.787,0.803,0.7997976541519165,1.0771639347076416,302.28045654296875,CCCC,mol_fadb5806094149e6,0.21299999999999997,0.19699999999999995,0.20020239055156708,2.690587282180786,111.9255142211914,,,,,,,
state_5b8bbe7900183a06547b4577,2c_68be6b27ffcb3843add8,2,binary_vle_english.xlsx,10.1016/j.fluid.2010.09.023,unverified,0.5,isothermal,0.875,isothermal,,,436.39997418099193,467.40911865234375,3.0517578125e-05,True,False,48,CCC#N,mol_abe9c8e175e3ffb6,0.39470000000000005,0.035599999999999965,0.026564473286271095,1.8564698696136475,16.945072174072266,CCCC,mol_fadb5806094149e6,0.6053,0.9644,0.9734355211257935,1.4676101207733154,512.1804809570312,,,,,,,
state_5b97b7217bae3c8b955660e8,2c_c6a565ee5191fe2b2cdb,2,binary_vle_english.xlsx,10.1016/j.fluid.2010.11.026,passed,1.0,isothermal,0.9333333333333333,isothermal,,,66.100030153088,56.404998779296875,0.0,True,False,48,CCO,mol_f29e20f49d416e54,0.07399999999999995,0.28600000000000003,0.20962843298912048,2.226646661758423,71.76038360595703,CCSCC,mol_a7491cfbf016fee6,0.926,0.714,0.7903715372085571,1.0059545040130615,47.85855484008789,,,,,,,
state_5c7a29f53d03067fa59fa387,2c_c6a565ee5191fe2b2cdb,2,binary_vle_english.xlsx,10.1016/j.fluid.2015.10.041,passed,1.0,isothermal,0.9375,isothermal,,,87.69998695987199,76.00985717773438,-7.62939453125e-06,True,False,48,CCO,mol_f29e20f49d416e54,0.556,0.593,0.636405348777771,1.2133724689483643,71.70257568359375,CCSCC,mol_a7491cfbf016fee6,0.444,0.407,0.363594651222229,1.3015559911727905,47.823516845703125,,,,,,,
state_5cb45fa9183a3bb8716d0599,2c_9478a219a5c540597926,2,binary_vle_english.xlsx,10.1016/j.fluid.2009.01.016,unverified,0.5,isothermal,0.9411764705882353,isothermal,,,55.739948902912,55.873695373535156,-3.814697265625e-06,True,False,48,CC(=O)C(C)(C)C,mol_61a887e37d396488,0.3499,0.08620000000000005,0.08176551014184952,1.1012240648269653,11.856537818908691,COC(C)(C)C,mol_b614d6fea320c179,0.6501,0.9138,0.9182344675064087,1.002460241317749,78.72517395019531,,,,,,,
state_5d1a8b4b0428ae9e1cd755af,2c_9478a219a5c540597926,2,binary_vle_english.xlsx,10.1016/j.fluid.2009.01.016,unverified,0.5,isothermal,0.9444444444444444,isothermal,,,73.34996720256,72.78132629394531,-7.62939453125e-06,True,False,48,CC(=O)C(C)(C)C,mol_61a887e37d396488,0.4082,0.11439999999999995,0.10729457437992096,1.0880358219146729,17.582534790039062,COC(C)(C)C,mol_b614d6fea320c179,0.5918,0.8856,0.8927053809165955,1.028061032295227,106.7908935546875,,,,,,,
state_5d67f10603f6586a1d2439c2,2c_303f5d258da9140f9795,2,binary_vle_english.xlsx,10.1016/j.fluid.2012.11.026,unverified,0.5,isothermal,0.9333333333333333,isothermal,,,46.158470281856,23.755142211914062,-1.9073486328125e-06,True,False,48,CCOC(=O)OCC,mol_4df2781fcf4d4a77,0.9529,0.4689,0.7761937379837036,1.001920461654663,19.312885284423828,O,mol_e81dc06beaa39499,0.0471,0.5311,0.2238062471151352,2.3254992961883545,48.539207458496094,,,,,,,
state_5de2c338b9af72f595820591,2c_c6a565ee5191fe2b2cdb,2,binary_vle_english.xlsx,10.1016/j.fluid.2015.10.041,passed,1.0,isothermal,0.9375,isothermal,,,84.699967035136,71.46943664550781,0.0,True,False,48,CCO,mol_f29e20f49d416e54,0.351,0.517,0.5111673474311829,1.4515819549560547,71.70257568359375,CCSCC,mol_a7491cfbf016fee6,0.649,0.483,0.4888326823711395,1.1256266832351685,47.823516845703125,,,,,,,
state_5efc85d1330f354af70005fc,2c_ae99b15d6b25c7962c21,2,binary_vle_english.xlsx,10.1016/j.fluid.2005.05.003,unverified,0.5,isothermal,0.9230769230769231,isothermal,,,70.08996866022399,71.48818969726562,-7.62939453125e-06,True,False,48,NC1CCCCC1,mol_3cb1d9728851c877,0.0,0.0,0.0,2.533442735671997,25.553569793701172,O,mol_e81dc06beaa39499,1.0,1.0,1.0,1.0,71.4881820678711,,,,,,,
state_605fac81a704a842f5ba705c,2c_4e1effd6e44016fa9e71,2,binary_vle_english.xlsx,10.1016/j.jct.2006.06.002,unverified,0.5,full_state,0.0,isothermal,,,100.400009090816,95.53257751464844,0.0,True,False,48,CO,mol_a85d32e4db2ff39c,0.8798,0.7354,0.7607429027557373,1.027039885520935,80.43000793457031,c1ccccc1,mol_7165dcf6be1f831d,0.12019999999999997,0.26459999999999995,0.23925712704658508,3.5598819255828857,53.41660690307617,,,,,,,
state_610384e2b989df98cf0f4f67,2c_4e1effd6e44016fa9e71,2,binary_vle_english.xlsx,10.1016/j.jct.2006.06.002,unverified,0.5,full_state,0.0,isothermal,,,99.499949784448,97.93534851074219,-7.62939453125e-06,True,False,48,CO,mol_a85d32e4db2ff39c,0.9738,0.9342,0.9206565022468567,1.0012853145599365,92.47183227539062,c1ccccc1,mol_7165dcf6be1f831d,0.0262,0.06579999999999997,0.07934350520372391,4.927124500274658,60.19438171386719,,,,,,,
state_61527b31ece988e519d485fb,2c_68be6b27ffcb3843add8,2,binary_vle_english.xlsx,10.1016/j.fluid.2010.09.023,unverified,0.5,isothermal,0.9,isothermal,,,351.400031817856,380.03106689453125,0.0,True,False,48,CCC#N,mol_abe9c8e175e3ffb6,0.7555000000000001,0.04800000000000004,0.03692791983485222,1.0952554941177368,16.959928512573242,CCCC,mol_fadb5806094149e6,0.2445,0.952,0.9630721211433411,2.9211013317108154,512.4511108398438,,,,,,,
state_61869da01b0532fc48407e67,2c_d838404dbd73f8b15395,2,binary_vle_english.xlsx,10.1016/j.fluid.2010.02.030,passed,1.0,isothermal,0.9230769230769231,isothermal,,,86.499952325504,91.2294921875,-7.62939453125e-06,True,False,48,Cc1ccccc1,mol_1c09299644053521,0.0,0.0,0.0,1.0595840215682983,101.04309844970703,Cc1ccsc1,mol_0a78d16c028484e1,1.0,1.0,1.0,1.0,91.22948455810547,,,,,,,
state_61d49d00f099f2e512637d17,2c_a160651817afdffd3182,2,binary_vle_english.xlsx,10.1016/j.fluid.2005.05.024,unverified,0.5,isothermal,0.9583333333333334,isothermal,,,26.169980937088,25.59811782836914,0.0,True,False,48,CC(=O)CC(C)C,mol_0a895444a9f0f36b,0.573,0.3143,0.31509873270988464,1.1211814880371094,12.555214881896973,CC(C)O,mol_db030b5de88f8eaf,0.427,0.6857,0.684901237487793,1.1591066122055054,35.422950744628906,,,,,,,
state_627224b6a5a1d8348b472e4e,2c_9478a219a5c540597926,2,binary_vle_english.xlsx,10.1016/j.fluid.2009.01.016,unverified,0.5,isothermal,0.9375,isothermal,,,28.510055140223997,26.27220916748047,0.0,True,False,48,CC(=O)C(C)(C)C,mol_61a887e37d396488,0.9942,0.9669,0.9640936851501465,1.0000078678131104,25.4764347076416,COC(C)(C)C,mol_b614d6fea320c179,0.0058,0.0331,0.0359063521027565,1.143073320388794,142.28720092773438,,,,,,,
state_62808a8c315a89f2f4e5df4e,2c_9478a219a5c540597926,2,binary_vle_english.xlsx,10.1016/j.fluid.2009.01.016,unverified,0.5,isothermal,0.9444444444444444,isothermal,,,57.980031330048,57.34672546386719,0.0,True,False,48,CC(=O)C(C)(C)C,mol_61a887e37d396488,0.5860000000000001,0.20750000000000002,0.18743841350078583,1.0432493686676025,17.582534790039062,COC(C)(C)C,mol_b614d6fea320c179,0.414,0.7925,0.8125616312026978,1.0539751052856445,106.7908935546875,,,,,,,
state_62fcc51c9c65606110d29e9b,2c_56df7cea200b948181e5,2,binary_vle_english.xlsx,10.1016/j.fluid.2007.07.010,unverified,0.5,isothermal,0.9333333333333333,isothermal,,,390.999974850688,432.624755859375,3.0517578125e-05,True,False,48,CC(F)F,mol_ed933f1c25fd987c,0.901,0.884,0.8576921224594116,1.017138123512268,404.8909606933594,CCCC,mol_fadb5806094149e6,0.09899999999999998,0.11599999999999999,0.14230790734291077,3.8995635509490967,159.4737548828125,,,,,,,
state_63124fe09155a08011c1f8ee,2c_913ec9aa8f318623c900,2,binary_vle_english.xlsx,10.1016/j.fluid.2014.02.023,unverified,0.5,isothermal,0.8888888888888888,isothermal,,,70.469937409024,35.4940185546875,-3.814697265625e-06,True,False,48,C1CCCCC1,mol_893981623557f359,0.2326,0.9764,0.9531397819519043,1.4515924453735352,100.19760131835938,Nc1ccccc1,mol_8d11fd6c0d4e62a7,0.7674,0.023599999999999954,0.0468602180480957,1.0248745679855347,2.114788293838501,,,,,,,
state_6367703252c5a431fadc3e69,2c_a160651817afdffd3182,2,binary_vle_english.xlsx,10.1016/j.fluid.2005.05.024,unverified,0.5,isothermal,0.9583333333333334,isothermal,,,32.74997308736,33.975860595703125,-3.814697265625e-06,True,False,48,CC(=O)CC(C)C,mol_0a895444a9f0f36b,0.06020000000000003,0.04590000000000005,0.027042919769883156,1.2156355381011963,12.555214881896973,CC(C)O,mol_db030b5de88f8eaf,0.9398,0.9541,0.9729570150375366,0.9929877519607544,35.422950744628906,,,,,,,
state_63ae3b52363728bba41a437b,2c_6aab25a5edecf15e2cbf,2,binary_vle_english.xlsx,10.1016/j.fluid.2012.05.016,unverified,0.5,isothermal,0.9333333333333333,isothermal,,,62.990019274752,64.0220947265625,-7.62939453125e-06,True,False,48,CCCO,mol_5fb2f93dc8caa9dc,0.5427,0.36040000000000005,0.367723673582077,1.0424546003341675,41.61351776123047,CCO,mol_f29e20f49d416e54,0.4573,0.6396,0.6322763562202454,1.0112577676773071,87.53337860107422,,,,,,,
state_4e95192bcb443ad53842651a,3c_50c0ded265c297b30405,3,ternary_vle_english.xlsx,10.1016/j.fluid.2015.03.013,unverified,0.5,isobaric,0.9333333333333333,isobaric,397.94,399.89898681640625,,,3.814697265625e-05,True,False,48,CC(=O)N(C)C,mol_b8ccf255e2b62919,0.585,0.19500000000000006,0.1759534478187561,0.9454177618026733,32.22756576538086,CCC(C)O,mol_06affb0d2c6c8ff2,0.203,0.356,0.4003889560699463,0.7881938219070435,253.49090576171875,CCC(C)OC(C)=O,mol_879306ab1082c162,0.212,0.449,0.4236575663089752,1.2948018312454224,156.3454132080078
state_4f29f3fdc3d1ef5ef2f80433,3c_f0c258463b44c2183ab7,3,ternary_vle_english.xlsx,10.1016/j.fluid.2005.03.014,unverified,0.5,isobaric,0.9767441860465116,isobaric,405.90999999999997,405.7508850097656,,,0.00040435791015625,True,False,48,CC(=O)OCC(C)C,mol_e7eb29ad965cc8ee,0.219,0.511,0.48893648386001587,1.3791307210922241,163.98866271972656,CC(C)CO,mol_015d21fca05fcd26,0.047,0.083,0.07957994937896729,0.7318392395973206,234.36944580078125,CN(C)C=O,mol_ca12d6d2f2ffb170,0.734,0.406,0.4314836263656616,1.0185317993164062,58.46615982055664
state_4f746e5cb4faa04473ef94e7,2c_9f31aad1f9974e54ecb0,2,binary_vle_english.xlsx,10.1016/j.jct.2017.07.019,unverified,0.5,isobaric,0.95,isobaric,404.54999999999995,404.07769775390625,,,-3.814697265625e-05,True,False,48,Cc1ccc(C)cc1,mol_e7658ba520613aac,0.9675,0.8013,0.8278041481971741,1.0015507936477661,86.5391616821289,OCC(F)(F)C(F)F,mol_48469952cf716332,0.0325,0.1987,0.17219583690166473,2.7292699813842773,196.653564453125,,,,,,,
state_4fceabe1d8499a11c8cd37d6,2c_35cc53cd52979773cfcb,2,binary_vle_english.xlsx,10.1016/j.fluid.2015.08.014,unverified,0.5,isobaric,0.9473684210526315,isobaric,460.43999999999994,462.3441162109375,,,-3.0517578125e-05,True,False,48,CO,mol_a85d32e4db2ff39c,0.004,0.067,0.0744318813085556,0.5572232007980347,3382.819580078125,CS(C)=O,mol_7d3e12eaed0f467c,0.996,0.933,0.925568163394928,0.9999871253967285,94.1377182006836,,,,,,,
state_50947fe46c2f4f34529bdc68,2c_60db84011f520a374b2a,2,binary_vle_english.xlsx,10.1016/j.fluid.2016.04.012,passed,1.0,isobaric,0.9411764705882353,isobaric,337.84999999999997,338.43109130859375,,,0.00020599365234375,True,False,48,C1CCOC1,mol_c59bfa659357f795,0.0,0.0,0.0,2.067281723022461,101.07365417480469,CO,mol_a85d32e4db2ff39c,1.0,1.0,1.0,1.0,101.30014038085938,,,,,,,
state_50e8eb22654716c91b242e90,2c_6f361cb0ec8be0b0e6dd,2,binary_vle_english.xlsx,10.1016/j.fluid.2006.08.004,unverified,0.5,isobaric,0.95,isobaric,337.34999999999997,339.1758117675781,,,0.0,True,False,48,CC(C)OC(C)C,mol_1a0ca8e5eeb68da8,0.649,0.675,0.6603395938873291,1.173061728477478,87.8639907836914,CCO,mol_f29e20f49d416e54,0.351,0.32499999999999996,0.3396604061126709,1.6064343452453613,61.02165985107422,,,,,,,
state_50f2d58308e0ffbdfc2e6429,2c_d66c7a74cea5d8732e08,2,binary_vle_english.xlsx,10.1016/j.jct.2017.02.005,unverified,0.5,isobaric,0.96875,isobaric,354.55999999999995,354.77191162109375,,,-9.1552734375e-05,True,False,48,CC(C)O,mol_db030b5de88f8eaf,0.272,0.546,0.5289788842201233,1.990523099899292,97.70167541503906,O,mol_e81dc06beaa39499,0.728,0.45399999999999996,0.4710211455821991,1.2499743700027466,51.76160430908203,,,,,,,
state_51117a5be71941ad6e60819a,3c_61bfd4ccc52903a74083,3,ternary_vle_english.xlsx,10.1016/j.fluid.2007.03.030,unverified,0.5,isobaric,0.9761904761904762,isobaric,359.19,362.3783264160156,,,0.00074005126953125,True,False,48,CCCO,mol_5fb2f93dc8caa9dc,0.705,0.71,0.5570917129516602,1.0756131410598755,74.42071533203125,CCCOCCC,mol_e13b90e4aa2e917d,0.239,0.265,0.4329174757003784,1.8643523454666138,98.42185974121094,CCOCCO,mol_ab8630148ae67e51,0.05600000000000005,0.025000000000000022,0.009990882128477097,0.9832674860954285,18.380462646484375
state_5134c110f1cc4d0f284e4942,2c_61469365e9d7838600a7,2,binary_vle_english.xlsx,10.1016/j.fluid.2015.05.031,unverified,0.5,isobaric,0.9629629629629629,isobaric,308.17999999999995,310.5420837402344,,,0.0003662109375,True,False,48,CCCCCCC,mol_fddb2c852c313396,0.5509999999999999,0.07799999999999996,0.06978658586740494,1.1712325811386108,10.95654582977295,COC=O,mol_3beef90b23ffcece,0.449,0.922,0.9302133917808533,1.702120304107666,123.32254028320312,,,,,,,
state_515cdee670278c7ed1a28287,2c_60db84011f520a374b2a,2,binary_vle_english.xlsx,10.1016/j.fluid.2016.04.012,passed,1.0,isobaric,0.9411764705882353,isobaric,334.04999999999995,335.0008850097656,,,0.000579833984375,True,False,48,C1CCOC1,mol_c59bfa659357f795,0.81,0.724,0.7425388693809509,1.0285531282424927,90.28572082519531,CO,mol_a85d32e4db2ff39c,0.19,0.276,0.25746119022369385,1.549429178237915,88.59272766113281,,,,,,,
state_51cdf57765d811c268066c35,2c_42d2383a8e4daebeb5e1,2,binary_vle_english.xlsx,10.1016/j.fluid.2010.08.002,unverified,0.5,isobaric,0.9230769230769231,isobaric,418.39,416.7296447753906,,,0.0,True,False,48,CCCCCCC,mol_fddb2c852c313396,0.018,0.136,0.20051956176757812,3.266679286956787,341.0185241699219,CCCOCCO,mol_770d75a3bb2412ce,0.982,0.864,0.7994804382324219,1.0003200769424438,81.3874740600586,,,,,,,
state_51d138f3296cb099095ad847,2c_165952a69a69e7a8d3f6,2,binary_vle_english.xlsx,10.1016/j.fluid.2005.01.007,unverified,0.5,isobaric,0.9545454545454546,isobaric,372.33,374.56646728515625,,,1.52587890625e-05,True,False,48,CC(C)CC(C)(C)C,mol_57615b5c3546c298,1.0,1.0,1.0,1.0,101.3199462890625,CCO,mol_f29e20f49d416e54,0.0,0.0,0.0,8.385746955871582,228.99575805664062,,,,,,,
state_51ee4cf3b36a2c899fe7bed2,2c_8d6240d515d92725f365,2,binary_vle_english.xlsx,10.1016/j.fluid.2015.05.031,unverified,0.5,isobaric,0.96875,isobaric,314.24,317.7272644042969,,,9.1552734375e-05,True,False,48,CCCCCCCC,mol_8151bb583f7f3ebd,0.722,0.038000000000000034,0.040605537593364716,1.0239559412002563,5.56496000289917,COC=O,mol_3beef90b23ffcece,0.278,0.962,0.9593945145606995,2.221205711364746,157.41964721679688,,,,,,,
state_51f47c754f10a1efc8bb1b44,3c_2cb16216a8c609b7ad27,3,ternary_vle_english.xlsx,10.1016/j.fluid.2005.09.015,unverified,0.5,isobaric,0.9767441860465116,isobaric,382.37,382.8189697265625,,,7.62939453125e-06,True,False,48,CC(=O)OCC(C)C,mol_e7eb29ad965cc8ee,0.201,0.19,0.18796981871128082,1.167523741722107,81.14009857177734,CC(C)CO,mol_015d21fca05fcd26,0.699,0.772,0.7790512442588806,1.0567193031311035,106.84111785888672,CCCCOC(=O)CC,mol_a9c167bbb331e76a,0.10000000000000009,0.038000000000000034,0.03297897055745125,1.137819528579712,29.36113929748535
state_5226450ef90315be55a0be87,2c_d66c7a74cea5d8732e08,2,binary_vle_english.xlsx,10.1016/j.fluid.2017.09.010,unverified,0.5,isobaric,0.9473684210526315,isobaric,359.5,358.4125671386719,,,2.288818359375e-05,True,False,48,CC(C)O,mol_db030b5de88f8eaf,0.0695,0.45,0.439225435256958,5.695068359375,112.07921600341797,O,mol_e81dc06beaa39499,0.9305,0.55,0.5607745051383972,1.0201058387756348,59.66889572143555,,,,,,,
state_529c6cd79d09ebf8121f214c,3c_61bfd4ccc52903a74083,3,ternary_vle_english.xlsx,10.1016/j.fluid.2007.03.030,unverified,0.5,isobaric,0.9761904761904762,isobaric,359.54999999999995,362.1138000488281,,,0.00064849853515625,True,False,48,CCCO,mol_5fb2f93dc8caa9dc,0.609,0.676,0.49442440271377563,1.1166409254074097,73.65139770507812,CCCOCCC,mol_e13b90e4aa2e917d,0.301,0.293,0.48916372656822205,1.686566948890686,97.61040496826172,CCOCCO,mol_ab8630148ae67e51,0.09000000000000008,0.030999999999999917,0.016411859542131424,1.0161035060882568,18.179805755615234
state_53486ae2d2afbd877ea92cb8,2c_4e1effd6e44016fa9e71,2,binary_vle_english.xlsx,10.1016/j.fluid.2019.03.022,passed,1.0,isobaric,0.95,isobaric,331.69,332.76080322265625,,,5.340576171875e-05,True,False,48,CO,mol_a85d32e4db2ff39c,0.724,0.651,0.6627365350723267,1.1441330909729004,81.04667663574219,c1ccccc1,mol_7165dcf6be1f831d,0.276,0.349,0.33726346492767334,2.3022520542144775,53.767112731933594,,,,,,,
state_5363ed98e24f28f4f9e3cb15,2c_165952a69a69e7a8d3f6,2,binary_vle_english.xlsx,10.1016/j.fluid.2007.06.005,unverified,0.5,isobaric,0.9545454545454546,isobaric,349.19,353.2205505371094,,,0.0012359619140625,True,False,48,CC(C)CC(C)(C)C,mol_57615b5c3546c298,0.912,0.48,0.5040342211723328,1.020828127861023,54.8437385559082,CCO,mol_f29e20f49d416e54,0.088,0.52,0.49596577882766724,5.362876892089844,106.45980834960938,,,,,,,
state_5379041fc699cf3551e19413,2c_7e396008deb1d14f8e15,2,binary_vle_english.xlsx,10.1016/j.fluid.2015.11.007,passed,1.0,isobaric,0.9090909090909091,isobaric,367.38,363.1932373046875,,,0.0004138946533203125,True,False,48,CC(=O)N(C)C,mol_b8ccf255e2b62919,0.41000000000000003,0.06499999999999995,0.14064940810203552,0.46797966957092285,8.796731948852539,CC(=O)O,mol_9ac385b135af0125,0.59,0.935,0.8593506217002869,0.4752165973186493,36.780792236328125,,,,,,,
state_53b7bf81240ae93f0aaa4423,2c_21b807a1a6c6348c91ac,2,binary_vle_english.xlsx,10.1016/j.fluid.2018.07.027,unverified,0.5,isobaric,0.9629629629629629,isobaric,367.29999999999995,366.77191162109375,,,2.288818359375e-05,True,False,48,CC(C)CC(C)(C)C,mol_57615b5c3546c298,0.7542,0.7592,0.7166229486465454,1.178855299949646,81.6493911743164,CCCCO,mol_ad4ef9c6c876ca2f,0.24580000000000002,0.24080000000000001,0.283377081155777,2.9335482120513916,39.810611724853516,,,,,,,
state_544777c8a1e7fd699294cd19,2c_26042ad21e725d8f2224,2,binary_vle_english.xlsx,10.1016/j.jct.2019.06.026,unverified,0.5,isobaric,0.9411764705882353,isobaric,396.29999999999995,398.7580261230469,,,-4.57763671875e-05,True,False,48,CN(C)C=O,mol_ca12d6d2f2ffb170,0.49260000000000004,0.2136,0.20897166430950165,0.9163604974746704,46.89597702026367,OCC(F)(F)C(F)F,mol_48469952cf716332,0.5074,0.7864,0.7910283207893372,0.9439563751220703,167.30104064941406,,,,,,,
state_54ea64d87a8cf0ccdfee0293,2c_d66c7a74cea5d8732e08,2,binary_vle_english.xlsx,10.1016/j.jct.2016.10.001,unverified,0.5,isobaric,0.9375,isobaric,369.7,370.83392333984375,,,9.918212890625e-05,True,False,48,CC(C)O,mol_db030b5de88f8eaf,0.004,0.123,0.06684549897909164,9.649036407470703,175.4437255859375,O,mol_e81dc06beaa39499,0.996,0.877,0.9331544637680054,1.0000720024108887,94.90138244628906,,,,,,,
state_550d73e8e92e59acde664314,2c_42d2383a8e4daebeb5e1,2,binary_vle_english.xlsx,10.1016/j.fluid.2010.08.002,unverified,0.5,isobaric,0.9230769230769231,isobaric,363.55999999999995,364.3659362792969,,,0.000640869140625,True,False,48,CCCCCCC,mol_fddb2c852c313396,0.971,0.98,0.9779577851295471,1.0021648406982422,80.39978790283203,CCCOCCO,mol_770d75a3bb2412ce,0.029000000000000026,0.020000000000000018,0.022042201831936836,5.168741226196289,11.764281272888184,,,,,,,
state_55273fab0101e64e59dd11a0,2c_82cfa7a14fa3ab1984f1,2,binary_vle_english.xlsx,10.1016/j.jct.2019.07.006,unverified,0.5,isobaric,0.9333333333333333,isobaric,350.02,356.2200927734375,,,-9.918212890625e-05,True,False,48,CC#N,mol_7028b7cbd3d829b4,0.4889,0.6535,0.6262586116790771,1.2681490182876587,102.32273864746094,O,mol_e81dc06beaa39499,0.5111,0.34650000000000003,0.37374141812324524,1.3519363403320312,54.79208755493164,,,,,,,
state_553b10c538b94c1c2391b7c5,2c_d66c7a74cea5d8732e08,2,binary_vle_english.xlsx,10.1016/j.fluid.2017.09.010,unverified,0.5,isobaric,0.9473684210526315,isobaric,355.59999999999997,355.2541198730469,,,5.340576171875e-05,True,False,48,CC(C)O,mol_db030b5de88f8eaf,0.1961,0.5292,0.5211948752403259,2.6975808143615723,99.5106430053711,O,mol_e81dc06beaa39499,0.8039000000000001,0.4708,0.4788051247596741,1.1403025388717651,52.754329681396484,,,,,,,
state_555608371172bef7abfcd02b,2c_a1a0cf7c2f4fd070fb84,2,binary_vle_english.xlsx,10.1016/j.jct.2018.03.019,unverified,0.5,isobaric,0.95,isobaric,343.74,343.7808532714844,,,-4.57763671875e-05,True,False,48,CC(C)=O,mol_e04cf77cea7bbe66,0.6044,0.9846,0.9864403009414673,1.0277022123336792,160.8748016357422,O=Cc1ccco1,mol_cfdccd30b0689448,0.39559999999999995,0.01539999999999997,0.013559727929532528,0.9815215468406677,3.537559986114502,,,,,,,
state_55b311f39594cbbc5c3397ca,3c_2cb16216a8c609b7ad27,3,ternary_vle_english.xlsx,10.1016/j.fluid.2005.09.015,unverified,0.5,isobaric,0.9767441860465116,isobaric,387.91999999999996,388.70404052734375,,,0.00048065185546875,True,False,48,CC(=O)OCC(C)C,mol_e7eb29ad965cc8ee,0.297,0.296,0.2933386266231537,1.021240234375,97.97067260742188,CC(C)CO,mol_015d21fca05fcd26,0.39,0.576,0.5959146022796631,1.1738132238388062,131.86563110351562,CCCCOC(=O)CC,mol_a9c167bbb331e76a,0.31299999999999994,0.1280000000000001,0.11074674874544144,0.9879344701766968,36.28020477294922
state_5632d63211cdc72d095db74e,3c_f0c258463b44c2183ab7,3,ternary_vle_english.xlsx,10.1016/j.fluid.2005.03.014,unverified,0.5,isobaric,0.9767441860465116,isobaric,385.59999999999997,385.884033203125,,,3.814697265625e-05,True,False,48,CC(=O)OCC(C)C,mol_e7eb29ad965cc8ee,0.764,0.694,0.6939742565155029,1.027253270149231,89.57396697998047,CC(C)CO,mol_015d21fca05fcd26,0.203,0.288,0.2924636900424957,1.2232054471969604,119.3124771118164,CN(C)C=O,mol_ca12d6d2f2ffb170,0.03299999999999992,0.018000000000000016,0.013562064617872238,1.360426664352417,30.601736068725586
state_56378e00bc8a6556269eb232,2c_97830bff71af0df3111e,2,binary_vle_english.xlsx,10.1016/j.fluid.2018.03.015,unverified,0.5,isobaric,0.8333333333333334,isobaric,332.25,334.2323303222656,,,0.00066375732421875,True,False,48,CCO,mol_f29e20f49d416e54,0.119,0.13,0.14152845740318298,2.4284677505493164,49.6108283996582,ClC(Cl)Cl,mol_d9e0a2387a6283f9,0.881,0.87,0.8584715127944946,1.0214725732803345,96.63518524169922,,,,,,,
state_565d74706d51de3e08712b9e,2c_d66c7a74cea5d8732e08,2,binary_vle_english.xlsx,10.1016/j.jct.2017.02.005,unverified,0.5,isobaric,0.96875,isobaric,353.65,354.0192565917969,,,9.1552734375e-05,True,False,48,CC(C)O,mol_db030b5de88f8eaf,0.864,0.826,0.8292339444160461,1.0109764337539673,94.93424224853516,O,mol_e81dc06beaa39499,0.136,0.17400000000000004,0.17076608538627625,2.4990665912628174,50.244140625,,,,,,,
state_5663020921547892ae81d8f3,2c_1490252da7453cbbebe4,2,binary_vle_english.xlsx,10.1016/j.jct.2011.10.025,unverified,0.5,isobaric,0.9545454545454546,isobaric,350.22999999999996,350.6774597167969,,,6.103515625e-05,True,False,48,CC(C)CC(C)(C)C,mol_57615b5c3546c298,0.5680000000000001,0.403,0.413188099861145,1.4527912139892578,50.723087310791016,CC(C)O,mol_db030b5de88f8eaf,0.432,0.597,0.586811900138855,1.649134874343872,83.4388656616211,,,,,,,
state_569103fa56cbef120b6b0751,2c_d66c7a74cea5d8732e08,2,binary_vle_english.xlsx,10.1016/j.fluid.2015.11.034,unverified,0.5,isobaric,0.9333333333333333,isobaric,353.45,353.867919921875,,,0.0,True,False,48,CC(C)O,mol_db030b5de88f8eaf,0.747,0.71,0.7273098826408386,1.0449628829956055,94.38591766357422,O,mol_e81dc06beaa39499,0.253,0.29000000000000004,0.272690087556839,2.1861367225646973,49.943695068359375,,,,,,,
state_569198a4d105fef5ca91f5b2,2c_a1a0cf7c2f4fd070fb84,2,binary_vle_english.xlsx,10.1016/j.jct.2018.03.019,unverified,0.5,isobaric,0.95,isobaric,354.21999999999997,354.96917724609375,,,0.0001068115234375,True,False,48,CC(C)=O,mol_e04cf77cea7bbe66,0.4247,0.9641,0.9672249555587769,1.0199590921401978,226.1893310546875,O=Cc1ccco1,mol_cfdccd30b0689448,0.5752999999999999,0.03590000000000004,0.032775022089481354,0.9867297410964966,5.848709583282471,,,,,,,
state_56b28a0fd357741e9f2179a5,2c_42d2383a8e4daebeb5e1,2,binary_vle_english.xlsx,10.1016/j.fluid.2010.08.002,unverified,0.5,isobaric,0.9333333333333333,isobaric,366.29999999999995,369.2081604003906,,,4.57763671875e-05,True,False,48,CCCCCCC,mol_fddb2c852c313396,0.233,0.805,0.8056122660636902,2.2190585136413574,93.48738098144531,CCCOCCO,mol_770d75a3bb2412ce,0.767,0.19499999999999995,0.19438773393630981,1.0562952756881714,14.395929336547852,,,,,,,
state_56d48be0276ec386521a9401,2c_a1a0cf7c2f4fd070fb84,2,binary_vle_english.xlsx,10.1016/j.jct.2018.03.019,unverified,0.5,isobaric,0.95,isobaric,338.94,338.8365173339844,,,3.814697265625e-05,True,False,48,CC(C)=O,mol_e04cf77cea7bbe66,0.7181,0.9913,0.9922022223472595,1.018701434135437,137.39712524414062,O=Cc1ccco1,mol_cfdccd30b0689448,0.28190000000000004,0.008700000000000041,0.007797776721417904,0.9997041821479797,2.802938222885132,,,,,,,
state_5744408088522f165a38da11,3c_2cb16216a8c609b7ad27,3,ternary_vle_english.xlsx,10.1016/j.fluid.2005.09.015,unverified,0.5,isobaric,0.9767441860465116,isobaric,390.64,391.193115234375,,,0.00086212158203125,True,False,48,CC(=O)OCC(C)C,mol_e7eb29ad965cc8ee,0.524,0.546,0.551713764667511,1.0069725513458252,105.9199447631836,CC(C)CO,mol_015d21fca05fcd26,0.194,0.332,0.3432115614414215,1.2457026243209839,143.8661651611328,CCCCOC(=O)CC,mol_a9c167bbb331e76a,0.28200000000000003,0.12199999999999989,0.1050746738910675,0.9531398415565491,39.60091018676758
state_577b3ed2ee1589d3f50babbc,2c_7b12ee2d0e35e39326bc,2,binary_vle_english.xlsx,10.1016/j.fluid.2011.08.007,unverified,0.5,isobaric,0.9666666666666667,isobaric,399.52,400.53399658203125,,,0.00045013427734375,True,False,48,CCOCCO,mol_ab8630148ae67e51,0.976,0.8160000000000001,0.8043895363807678,0.999940812587738,76.91647338867188,CO,mol_a85d32e4db2ff39c,0.024,0.184,0.19561050832271576,0.9864382147789001,771.0599365234375,,,,,,,
state_57b9b521513bbb1325c93fa7,2c_9f31aad1f9974e54ecb0,2,binary_vle_english.xlsx,10.1016/j.jct.2017.07.019,unverified,0.5,isobaric,0.95,isobaric,400.05999999999995,400.88519287109375,,,2.288818359375e-05,True,False,48,Cc1ccc(C)cc1,mol_e7658ba520613aac,0.9412,0.6914,0.7364670634269714,1.0050123929977417,78.8695297241211,OCC(F)(F)C(F)F,mol_48469952cf716332,0.0588,0.3086,0.26353296637535095,2.5425682067871094,178.56414794921875,,,,,,,
state_57bef403e3300ebebc343553,3c_f0c258463b44c2183ab7,3,ternary_vle_english.xlsx,10.1016/j.fluid.2005.03.014,unverified,0.5,isobaric,0.9767441860465116,isobaric,390.59,390.38812255859375,,,0.000579833984375,True,False,48,CC(=O)OCC(C)C,mol_e7eb29ad965cc8ee,0.382,0.495,0.4860449731349945,1.2478364706039429,103.2920913696289,CC(C)CO,mol_015d21fca05fcd26,0.308,0.403,0.4062231183052063,0.9550976753234863,139.88714599609375,CN(C)C=O,mol_ca12d6d2f2ffb170,0.31000000000000005,0.10199999999999998,0.1077319011092186,0.9876373410224915,35.64484786987305
state_5837dade2d8ae11133523ba7,2c_61469365e9d7838600a7,2,binary_vle_english.xlsx,10.1016/j.fluid.2015.05.031,unverified,0.5,isobaric,0.9629629629629629,isobaric,332.96999999999997,336.27569580078125,,,0.0001678466796875,True,False,48,CCCCCCC,mol_fddb2c852c313396,0.889,0.263,0.2705807089805603,1.0023194551467896,30.76695442199707,COC=O,mol_3beef90b23ffcece,0.111,0.737,0.7294192314147949,2.3634910583496094,281.7058410644531,,,,,,,
state_59a16e6505ce874f5a288a2a,2c_5e274a8981b66e0477e8,2,binary_vle_english.xlsx,10.1016/j.fluid.2005.02.014,passed,1.0,isobaric,0.9166666666666666,isobaric,319.60999999999996,319.51300048828125,,,-2.288818359375e-05,True,False,48,C1CCOCC1,mol_626f3d1f5bbb6f55,0.3167,0.1871,0.1862221658229828,1.0166313648223877,23.13555908203125,CCC(C)Cl,mol_9f4835d3aad75f1c,0.6833,0.8129,0.8137778043746948,1.0082383155822754,47.24886703491211,,,,,,,
state_59b2cdc9210a6a2cf6b8b437,2c_d66c7a74cea5d8732e08,2,binary_vle_english.xlsx,10.1016/j.jct.2017.02.005,unverified,0.5,isobaric,0.96875,isobaric,371.44,371.3519592285156,,,-2.288818359375e-05,True,False,48,CC(C)O,mol_db030b5de88f8eaf,0.002,0.05,0.035010747611522675,9.799409866333008,178.63705444335938,O,mol_e81dc06beaa39499,0.998,0.95,0.9649892449378967,1.0000181198120117,96.69058227539062,,,,,,,
state_59d05d5c262291b8228750ab,2c_6f361cb0ec8be0b0e6dd,2,binary_vle_english.xlsx,10.1016/j.fluid.2006.08.004,unverified,0.5,isobaric,0.95,isobaric,348.28999999999996,348.7591247558594,,,4.57763671875e-05,True,False,48,CC(C)OC(C)C,mol_1a0ca8e5eeb68da8,0.044,0.154,0.15187017619609833,2.9991533756256104,116.58173370361328,CCO,mol_f29e20f49d416e54,0.956,0.846,0.8481298089027405,1.0025290250778198,89.64309692382812,,,,,,,
state_59f6bf162747f66104a18c58,2c_a873f6bbdf8411ff9a25,2,binary_vle_english.xlsx,10.1016/j.fluid.2013.05.016,passed,1.0,isobaric,0.9444444444444444,isobaric,358.2,359.39117431640625,,,3.0517578125e-05,True,False,48,CCCCCCCCC,mol_dd70207e50d8bf63,0.231,0.023,0.03122328221797943,1.1110846996307373,12.323347091674805,c1ccccc1,mol_7165dcf6be1f831d,0.769,0.977,0.9687767028808594,1.019895076751709,125.12703704833984,,,,,,,
state_5a9db0127160d47057d84c4c,2c_8227101c64130ee5e04f,2,binary_vle_english.xlsx,10.1016/j.jct.2017.07.019,unverified,0.5,isobaric,0.9411764705882353,isobaric,369.72999999999996,373.41094970703125,,,0.00014495849609375,True,False,48,O,mol_e81dc06beaa39499,0.4185,0.5875,0.5571443438529968,1.2956244945526123,104.08853149414062,OCC(F)(F)C(F)F,mol_48469952cf716332,0.5815,0.4125,0.4428556561470032,1.06119704246521,72.6986312866211,,,,,,,
state_5acfe391d5ffb134f20ab0b0,2c_03bd4325b126d2709459,2,binary_vle_english.xlsx,10.1016/j.fluid.2011.10.009,unverified,0.5,isobaric,0.9333333333333333,isobaric,357.9,358.3885498046875,,,-2.288818359375e-05,True,False,48,C1CCCCC1,mol_893981623557f359,0.839,0.98,0.978934645652771,1.0078035593032837,117.28025817871094,CCCCCCCCC,mol_dd70207e50d8bf63,0.161,0.02,0.021065354347229004,1.11952543258667,11.839080810546875,,,,,,,
state_5b0924e2827d6646171e50e9,3c_61bfd4ccc52903a74083,3,ternary_vle_english.xlsx,10.1016/j.fluid.2007.03.030,unverified,0.5,isobaric,0.9761904761904762,isobaric,363.58,361.16204833984375,,,0.0001678466796875,True,False,48,CCCO,mol_5fb2f93dc8caa9dc,0.194,0.403,0.22916145622730255,1.686784029006958,70.9398422241211,CCCOCCC,mol_e13b90e4aa2e917d,0.709,0.576,0.7431869506835938,1.1208479404449463,94.73599243164062,CCOCCO,mol_ab8630148ae67e51,0.09699999999999998,0.02100000000000002,0.02765161544084549,1.6526435613632202,17.473482131958008
state_5bbc696931586c6dd96be83a,2c_165952a69a69e7a8d3f6,2,binary_vle_english.xlsx,10.1016/j.fluid.2005.01.007,unverified,0.5,isobaric,0.9545454545454546,isobaric,344.71,346.6380310058594,,,0.00180816650390625,True,False,48,CC(C)CC(C)(C)C,mol_57615b5c3546c298,0.19299999999999995,0.32099999999999995,0.28909552097320557,3.3953566551208496,44.69935989379883,CCO,mol_f29e20f49d416e54,0.807,0.679,0.7109044194221497,1.0821740627288818,82.47896575927734,,,,,,,
state_5c42c832eb67ea6e98c6b978,3c_f0c258463b44c2183ab7,3,ternary_vle_english.xlsx,10.1016/j.fluid.2005.03.014,unverified,0.5,isobaric,0.9767441860465116,isobaric,405.59,406.5599060058594,,,0.00144195556640625,True,False,48,CC(=O)OCC(C)C,mol_e7eb29ad965cc8ee,0.159,0.428,0.38318049907684326,1.454309344291687,167.86680603027344,CC(C)CO,mol_015d21fca05fcd26,0.1,0.19,0.17707371711730957,0.745650589466095,240.56590270996094,CN(C)C=O,mol_ca12d6d2f2ffb170,0.741,0.382,0.43974581360816956,1.002829670906067,59.94758224487305
state_5cd36f3d2487f0a99d63f9f2,2c_61469365e9d7838600a7,2,binary_vle_english.xlsx,10.1016/j.fluid.2015.05.031,unverified,0.5,isobaric,0.9629629629629629,isobaric,314.04999999999995,316.5478210449219,,,-6.866455078125e-05,True,False,48,CCCCCCC,mol_fddb2c852c313396,0.7090000000000001,0.10999999999999999,0.10321107506752014,1.0421456098556519,14.152926445007324,COC=O,mol_3beef90b23ffcece,0.291,0.89,0.8967889547348022,2.063028573989868,151.35145568847656,,,,,,,
state_5ce8c33bdfbcba3a952aa3fa,2c_6eb2e45afed5017e5e33,2,binary_vle_english.xlsx,10.1016/j.fluid.2014.09.021,unverified,0.5,isobaric,0.95,isobaric,406.21999999999997,405.5576171875,,,0.00022125244140625,True,False,48,CCC(C)OC(C)=O,mol_879306ab1082c162,0.185,0.506,0.5227842330932617,1.5533620119094849,184.28424072265625,CN(C)C=O,mol_ca12d6d2f2ffb170,0.815,0.494,0.47721579670906067,1.0206222534179688,58.116878509521484,,,,,,,
state_5d73f67548942ebd98f8bdd8,3c_2cb16216a8c609b7ad27,3,ternary_vle_english.xlsx,10.1016/j.fluid.2005.09.015,unverified,0.5,isobaric,0.9767441860465116,isobaric,412.86,413.9905700683594,,,0.00133514404296875,True,False,48,CC(=O)OCC(C)C,mol_e7eb29ad965cc8ee,0.048,0.09,0.08822018653154373,0.8986637592315674,207.17835998535156,CC(C)CO,mol_015d21fca05fcd26,0.043,0.136,0.15771278738975525,1.221120834350586,304.266845703125,CCCCOC(=O)CC,mol_a9c167bbb331e76a,0.909,0.774,0.7540671229362488,0.9992315173149109,84.09977722167969
state_5d747301d53b02393a8935f2,2c_8d6240d515d92725f365,2,binary_vle_english.xlsx,10.1016/j.fluid.2015.05.031,unverified,0.5,isobaric,0.96875,isobaric,363.25,368.3816833496094,,,1.52587890625e-05,True,False,48,CCCCCCCC,mol_8151bb583f7f3ebd,0.961,0.32999999999999996,0.38900136947631836,0.9997183680534363,41.024662017822266,COC=O,mol_3beef90b23ffcece,0.039,0.67,0.6109985709190369,2.3635261058807373,671.5991821289062,,,,,,,
state_5d751ce72e67f9bd3c9cd5f3,2c_d66c7a74cea5d8732e08,2,binary_vle_english.xlsx,10.1016/j.jct.2017.02.005,unverified,0.5,isobaric,0.96875,isobaric,364.04999999999995,366.59912109375,,,-6.866455078125e-05,True,False,48,CC(C)O,mol_db030b5de88f8eaf,0.015,0.259,0.1983758956193924,8.752406120300293,151.10195922851562,O,mol_e81dc06beaa39499,0.985,0.741,0.8016241192817688,1.0009981393814087,81.30198669433594,,,,,,,
state_5d75529ef79ae76a6920fd58,2c_74caf60139062b8ca437,2,binary_vle_english.xlsx,10.1016/j.fluid.2010.08.010,unverified,0.5,isobaric,0.9411764705882353,isobaric,419.54999999999995,410.5462951660156,,,3.0517578125e-05,True,False,48,CCCCCCO,mol_eb71ecc709e3f0dc,0.44399999999999995,0.3377,0.3182348608970642,1.2566046714782715,54.5285758972168,Cc1ccccc1C,mol_61c4de85d258b45d,0.556,0.6623,0.6817651391029358,1.2726094722747803,92.1134262084961,,,,,,,
state_5da400f7e0042160797af7bd,2c_d66c7a74cea5d8732e08,2,binary_vle_english.xlsx,10.1016/j.jct.2006.04.006,unverified,0.5,isobaric,0.8947368421052632,isobaric,353.84999999999997,354.4089660644531,,,7.62939453125e-06,True,False,48,CC(C)O,mol_db030b5de88f8eaf,0.873,0.839,0.8382877707481384,1.0094783306121826,96.35873413085938,O,mol_e81dc06beaa39499,0.127,0.16100000000000003,0.16171222925186157,2.527930974960327,51.02500915527344,,,,,,,
state_5db3ffc6089dc313ebb40f30,3c_2cb16216a8c609b7ad27,3,ternary_vle_english.xlsx,10.1016/j.fluid.2005.09.015,unverified,0.5,isobaric,0.9767441860465116,isobaric,389.74,390.8345642089844,,,-2.288818359375e-05,True,False,48,CC(=O)OCC(C)C,mol_e7eb29ad965cc8ee,0.203,0.213,0.21387214958667755,1.0189284086227417,104.74266052246094,CC(C)CO,mol_015d21fca05fcd26,0.386,0.61,0.6271649599075317,1.15841543674469,142.08204650878906,CCCCOC(=O)CC,mol_a9c167bbb331e76a,0.41100000000000003,0.17700000000000005,0.1589629203081131,1.001859426498413,39.10715866088867
state_5e216a8eaa1b2c6c8c0358bb,2c_9f31aad1f9974e54ecb0,2,binary_vle_english.xlsx,10.1016/j.jct.2017.07.019,unverified,0.5,isobaric,0.95,isobaric,388.33,393.00677490234375,,,0.00049591064453125,True,False,48,Cc1ccc(C)cc1,mol_e7658ba520613aac,0.8216,0.4458,0.5276153087615967,1.0438098907470703,62.32278060913086,OCC(F)(F)C(F)F,mol_48469952cf716332,0.1784,0.5542,0.4723847210407257,1.9188899993896484,139.7855224609375,,,,,,,
state_5fa42c23d199e45f2d775060,2c_f6f5f309e3d6c1952684,2,binary_vle_english.xlsx,10.1016/j.fluid.2012.12.020,passed,1.0,isobaric,0.9545454545454546,isobaric,393.83,392.8933410644531,,,2.288818359375e-05,True,False,48,CCCCCO,mol_243de2450bee5519,0.19779999999999998,0.10029999999999994,0.12059635668992996,1.3152858018875122,46.817596435546875,CCCCO,mol_ad4ef9c6c876ca2f,0.8022,0.8997,0.8794036507606506,1.0187501907348633,108.6823959350586,,,,,,,
state_5fa63c627810e67bd4611ba3,2c_61469365e9d7838600a7,2,binary_vle_english.xlsx,10.1016/j.fluid.2015.05.031,unverified,0.5,isobaric,0.9629629629629629,isobaric,363.52,365.3398742675781,,,0.00092315673828125,True,False,48,CCCCCCC,mol_fddb2c852c313396,0.987,0.793,0.8075894713401794,1.0000087022781372,82.90267944335938,COC=O,mol_3beef90b23ffcece,0.013,0.207,0.19241057336330414,2.4086740016937256,622.5960693359375,,,,,,,
state_5fcf6c9dc0f5aa2d111e0bb5,2c_7c6b847ee4cb190db3ef,2,binary_vle_english.xlsx,10.1016/j.fluid.2005.06.024,unverified,0.5,isobaric,0.9666666666666667,isobaric,363.0,361.2774658203125,,,0.00011444091796875,True,False,48,CCC(C)=O,mol_4cfc5db0ca2ab00b,0.6581,0.8956,0.9122548699378967,1.0064235925674438,139.55987548828125,CCOC(=O)OCC,mol_4df2781fcf4d4a77,0.3419,0.10440000000000005,0.08774512261152267,0.9827816486358643,26.459638595581055,,,,,,,
state_605fac81a704a842f5ba705c,2c_4e1effd6e44016fa9e71,2,binary_vle_english.xlsx,10.1016/j.jct.2006.06.002,unverified,0.5,full_state,0.0,isobaric,332.57,333.8366394042969,,,0.00194549560546875,True,False,48,CO,mol_a85d32e4db2ff39c,0.8798,0.7354,0.7615751028060913,1.027312994003296,84.59957122802734,c1ccccc1,mol_7165dcf6be1f831d,0.12019999999999997,0.26459999999999995,0.2384248673915863,3.5704128742218018,55.77900695800781,,,,,,,
state_608500863944deb97cc05e6b,2c_4e1effd6e44016fa9e71,2,binary_vle_english.xlsx,10.1016/j.fluid.2019.03.022,passed,1.0,isobaric,0.95,isobaric,337.84999999999997,338.43109130859375,,,0.00020599365234375,True,False,48,CO,mol_a85d32e4db2ff39c,1.0,1.0,1.0,1.0,101.30014038085938,c1ccccc1,mol_7165dcf6be1f831d,0.0,0.0,0.0,5.454107284545898,65.08222961425781,,,,,,,
state_60d62d441a14781a4214e8e1,2c_60db84011f520a374b2a,2,binary_vle_english.xlsx,10.1016/j.fluid.2016.04.012,passed,1.0,isobaric,0.8888888888888888,isobaric,333.15,334.2293395996094,,,0.00090789794921875,True,False,48,C1CCOC1,mol_c59bfa659357f795,0.7010000000000001,0.63,0.6504285931587219,1.0681694746017456,87.99429321289062,CO,mol_a85d32e4db2ff39c,0.299,0.37,0.34957146644592285,1.3782814741134644,85.92903137207031,,,,,,,
state_610384e2b989df98cf0f4f67,2c_4e1effd6e44016fa9e71,2,binary_vle_english.xlsx,10.1016/j.jct.2006.06.002,unverified,0.5,full_state,0.0,isobaric,336.09,336.4952087402344,,,0.0006256103515625,True,False,48,CO,mol_a85d32e4db2ff39c,0.9738,0.9342,0.9206783175468445,1.0012909173965454,93.9514389038086,c1ccccc1,mol_7165dcf6be1f831d,0.0262,0.06579999999999997,0.0793217122554779,4.936941623687744,61.0180549621582,,,,,,,
state_6108ca0dd7cd1b66d7a5dd54,2c_e923997b8f9df5a64a73,2,binary_vle_english.xlsx,10.1016/j.fluid.2018.03.011,unverified,0.5,isobaric,0.9090909090909091,isobaric,338.84999999999997,338.78857421875,,,0.0001068115234375,True,False,48,CC(C)O,mol_db030b5de88f8eaf,0.5660000000000001,0.32399999999999995,0.33416417241096497,1.1581673622131348,51.639469146728516,ClC(Cl)Cl,mol_d9e0a2387a6283f9,0.434,0.676,0.6658357977867126,1.3849005699157715,112.21954345703125,,,,,,,
state_6116d2a12d1faf9eab40e614,2c_74a658fab9cc22057bbd,2,binary_vle_english.xlsx,10.1016/j.jct.2019.03.036,unverified,0.5,isobaric,0.9473684210526315,isobaric,374.62,373.6613464355469,,,7.62939453125e-06,True,False,48,CCCOC(C)=O,mol_67043ae833ecd0c7,1.0,1.0,1.0,1.0,101.29994201660156,CS(C)=O,mol_7d3e12eaed0f467c,0.0,0.0,0.0,2.7708442211151123,5.617004871368408,,,,,,,
state_61c84a16cb5d3b7899759b4f,2c_165952a69a69e7a8d3f6,2,binary_vle_english.xlsx,10.1016/j.fluid.2007.06.005,unverified,0.5,isobaric,0.9545454545454546,isobaric,346.02,349.93682861328125,,,0.0001983642578125,True,False,48,CC(C)CC(C)(C)C,mol_57615b5c3546c298,0.856,0.42000000000000004,0.4417800307273865,1.054651141166687,49.5716667175293,CCO,mol_f29e20f49d416e54,0.144,0.58,0.5582199692726135,4.1844682693481445,93.84532165527344,,,,,,,
state_624ea7903b11f88c627f16be,3c_50c0ded265c297b30405,3,ternary_vle_english.xlsx,10.1016/j.fluid.2015.03.013,unverified,0.5,isobaric,0.9333333333333333,isobaric,399.21,401.5860290527344,,,0.0,True,False,48,CC(=O)N(C)C,mol_b8ccf255e2b62919,0.5940000000000001,0.20500000000000007,0.19536414742469788,0.9794905185699463,34.01475524902344,CCC(C)O,mol_06affb0d2c6c8ff2,0.115,0.202,0.23348334431648254,0.768295168876648,267.6943054199219,CCC(C)OC(C)=O,mol_879306ab1082c162,0.291,0.593,0.5711525082588196,1.2102774381637573,164.27947998046875
state_62560c83d626162104faf9c4,3c_1a08c4f653f7d812cdc9,3,ternary_vle_english.xlsx,10.1016/j.jct.2019.03.036,unverified,0.5,isobaric,0.972972972972973,isobaric,380.2,378.1758728027344,,,0.00017547607421875,True,False,48,CCCOC(C)=O,mol_67043ae833ecd0c7,0.179,0.4023,0.2800484597682953,1.3484450578689575,117.53218078613281,CCOC(C)=O,mol_18876b584acc43d4,0.2195,0.5576,0.6757601499557495,1.3352497816085815,233.56373596191406,CS(C)=O,mol_7d3e12eaed0f467c,0.6015,0.040100000000000025,0.044191401451826096,1.111767292022705,6.694192409515381
state_62e4990379fbafdad70d012a,3c_f0c258463b44c2183ab7,3,ternary_vle_english.xlsx,10.1016/j.fluid.2005.03.014,unverified,0.5,isobaric,0.9767441860465116,isobaric,389.14,388.9110107421875,,,5.340576171875e-05,True,False,48,CC(=O)OCC(C)C,mol_e7eb29ad965cc8ee,0.785,0.792,0.7900736927986145,1.0338973999023438,98.61202239990234,CC(C)CO,mol_015d21fca05fcd26,0.103,0.154,0.1575239598751068,1.166334867477417,132.82980346679688,CN(C)C=O,mol_ca12d6d2f2ffb170,0.11199999999999999,0.05399999999999994,0.052402399480342865,1.397344946861267,33.918678283691406
state_62ee15e37a5b455859f03217,2c_165952a69a69e7a8d3f6,2,binary_vle_english.xlsx,10.1016/j.fluid.2007.06.005,unverified,0.5,isobaric,0.9545454545454546,isobaric,353.91999999999996,356.6229248046875,,,6.866455078125e-05,True,False,48,CC(C)CC(C)(C)C,mol_57615b5c3546c298,0.942,0.5700000000000001,0.5703684687614441,1.0091609954833984,60.77900695800781,CCO,mol_f29e20f49d416e54,0.058,0.43,0.4296315014362335,6.200168609619141,121.02471923828125,,,,,,,
state_636be1a902af3596b41bd7bc,2c_42d2383a8e4daebeb5e1,2,binary_vle_english.xlsx,10.1016/j.fluid.2010.08.002,unverified,0.5,isobaric,0.9333333333333333,isobaric,376.27,380.0565490722656,,,0.0012054443359375,True,False,48,CCCCCCC,mol_fddb2c852c313396,0.115,0.688,0.66812664270401,2.6970348358154297,129.2511444091797,CCCOCCO,mol_770d75a3bb2412ce,0.885,0.31200000000000006,0.33187335729599,1.0130605697631836,22.210262298583984,,,,,,,
state_637be317cbf9af05d2255ada,2c_8227101c64130ee5e04f,2,binary_vle_english.xlsx,10.1016/j.jct.2017.07.019,unverified,0.5,isobaric,0.9411764705882353,isobaric,367.09999999999997,371.0437927246094,,,3.814697265625e-05,True,False,48,O,mol_e81dc06beaa39499,0.8947,0.7637,0.8635677695274353,1.0225082635879517,95.62281036376953,OCC(F)(F)C(F)F,mol_48469952cf716332,0.1053,0.2363,0.13643218576908112,1.9629125595092773,66.86469268798828,,,,,,,
state_63b710dc24162f17d4c3def6,2c_a160651817afdffd3182,2,binary_vle_english.xlsx,10.1016/j.fluid.2005.05.024,unverified,0.5,isothermal,0.96,isothermal,,,22.160044074751998,21.43286895751953,-1.9073486328125e-06,True,False,48,CC(=O)CC(C)C,mol_0a895444a9f0f36b,0.9621999999999999,0.8412999999999999,0.8448780179023743,1.000637173652649,18.807552337646484,CC(C)O,mol_db030b5de88f8eaf,0.0378,0.1587,0.15512198209762573,1.619495153427124,54.3102912902832,,,,,,,
state_63ea786eec9396cc1094e038,2c_9478a219a5c540597926,2,binary_vle_english.xlsx,10.1016/j.fluid.2009.01.016,unverified,0.5,isothermal,0.9444444444444444,isothermal,,,22.070051476352,20.926189422607422,-1.9073486328125e-06,True,False,48,CC(=O)C(C)(C)C,mol_61a887e37d396488,0.9664,0.8119000000000001,0.8122166395187378,1.0002845525741577,17.582534790039062,COC(C)(C)C,mol_b614d6fea320c179,0.0336,0.1881,0.187783345580101,1.0951502323150635,106.7908935546875,,,,,,,
state_643b406da3fa70049e65fcca,2c_a160651817afdffd3182,2,binary_vle_english.xlsx,10.1016/j.fluid.2005.05.024,unverified,0.5,isothermal,0.96,isothermal,,,52.659935557376,53.982994079589844,0.0,True,False,48,CC(=O)CC(C)C,mol_0a895444a9f0f36b,0.010499999999999954,0.007600000000000051,0.004678809549659491,1.2790005207061768,18.807552337646484,CC(C)O,mol_db030b5de88f8eaf,0.9895,0.9924,0.9953212141990662,0.9998210668563843,54.3102912902832,,,,,,,
state_64683a296d84dd4a7316711b,2c_3cf279eea352998261d1,2,binary_vle_english.xlsx,10.1016/j.fluid.2012.05.016,unverified,0.5,isothermal,0.9375,isothermal,,,52.900049142144,48.682159423828125,-3.814697265625e-06,True,False,48,CCCOC(C)=O,mol_67043ae833ecd0c7,0.9209,0.7414000000000001,0.7717164754867554,1.002808928489685,40.681495666503906,CCO,mol_f29e20f49d416e54,0.0791,0.2586,0.22828352451324463,1.6050708293914795,87.53337860107422,,,,,,,
state_64a0b07caaf51238ef181ef5,2c_6f361cb0ec8be0b0e6dd,2,binary_vle_english.xlsx,10.1016/j.jct.2012.11.005,unverified,0.5,isothermal,0.9166666666666666,isothermal,,,91.680059611776,81.18031311035156,0.0,True,False,48,CC(C)OC(C)C,mol_1a0ca8e5eeb68da8,0.521,0.623,0.6219284534454346,1.328579306602478,72.94002532958984,CCO,mol_f29e20f49d416e54,0.479,0.377,0.37807154655456543,1.3525490760803223,47.37357711791992,,,,,,,
state_650653b3926f457c9e874147,2c_9478a219a5c540597926,2,binary_vle_english.xlsx,10.1016/j.fluid.2009.01.016,unverified,0.5,isothermal,0.9411764705882353,isothermal,,,13.970051008512,13.600320816040039,0.0,True,False,48,CC(=O)C(C)(C)C,mol_61a887e37d396488,0.9747,0.8549,0.8498761057853699,1.000174880027771,11.856537818908691,COC(C)(C)C,mol_b614d6fea320c179,0.0253,0.1451,0.15012383460998535,1.0250962972640991,78.72517395019531,,,,,,,
state_6520fc723229e1ddd59a8c01,2c_9478a219a5c540597926,2,binary_vle_english.xlsx,10.1016/j.fluid.2009.01.016,unverified,0.5,isothermal,0.9375,isothermal,,,100.180027183616,98.310302734375,0.0,True,False,48,CC(=O)C(C)(C)C,mol_61a887e37d396488,0.4172,0.12719999999999998,0.11743286997079849,1.086189866065979,25.4764347076416,COC(C)(C)C,mol_b614d6fea320c179,0.5828,0.8728,0.8825671076774597,1.0463125705718994,142.28720092773438,,,,,,,
state_652b000cd4aff5ec186c31ae,2c_3e7cc7d2a95d27d26296,2,binary_vle_english.xlsx,10.1016/j.fluid.2016.12.025,unverified,0.5,isothermal,0.95,isothermal,,,11.399995720576001,12.377523422241211,-9.5367431640625e-07,True,False,48,CCCCCCO,mol_eb71ecc709e3f0dc,0.19979999999999998,0.0373,0.07114391028881073,1.4045343399047852,3.137932538986206,CCCCO,mol_ad4ef9c6c876ca2f,0.8002,0.9627,0.9288560748100281,1.018506407737732,14.106517791748047,,,,,,,
state_65adc7b74f91ddae3bb12c27,2c_a160651817afdffd3182,2,binary_vle_english.xlsx,10.1016/j.fluid.2005.05.024,unverified,0.5,isothermal,0.9583333333333334,isothermal,,,29.739953985024002,28.96603012084961,-1.9073486328125e-06,True,False,48,CC(=O)CC(C)C,mol_0a895444a9f0f36b,0.33909999999999996,0.1965,0.2015978991985321,1.3715858459472656,12.555214881896973,CC(C)O,mol_db030b5de88f8eaf,0.6609,0.8035,0.7984020709991455,0.9878479838371277,35.422950744628906,,,,,,,
state_65f3840e8250c054f684d849,2c_303f5d258da9140f9795,2,binary_vle_english.xlsx,10.1016/j.fluid.2012.11.026,unverified,0.5,isothermal,0.875,isothermal,,,63.97607150848,49.64502716064453,0.0,True,False,48,CCOC(=O)OCC,mol_4df2781fcf4d4a77,0.0514,0.2913,0.06655356287956238,3.3284099102020264,19.312885284423828,O,mol_e81dc06beaa39499,0.9486,0.7087,0.9334464073181152,1.0064433813095093,48.539207458496094,,,,,,,
state_665f53e0b4928299ab8adb65,2c_3cf279eea352998261d1,2,binary_vle_english.xlsx,10.1016/j.fluid.2012.05.016,unverified,0.5,isothermal,0.9375,isothermal,,,87.739983670272,83.03558349609375,-7.62939453125e-06,True,False,48,CCCOC(C)=O,mol_67043ae833ecd0c7,0.2752,0.20940000000000003,0.1810128092765808,1.3425428867340088,40.681495666503906,CCO,mol_f29e20f49d416e54,0.7248,0.7906,0.8189871907234192,1.0718880891799927,87.53337860107422,,,,,,,
state_66a3b65ab28bd90326c2d808,2c_a160651817afdffd3182,2,binary_vle_english.xlsx,10.1016/j.fluid.2005.05.024,unverified,0.5,isothermal,0.96,isothermal,,,37.719964321664,37.033775329589844,-3.814697265625e-06,True,False,48,CC(=O)CC(C)C,mol_0a895444a9f0f36b,0.6521,0.3587,0.3511172831058502,1.0602385997772217,18.807552337646484,CC(C)O,mol_db030b5de88f8eaf,0.3479,0.6413,0.6488827466964722,1.2718256711959839,54.3102912902832,,,,,,,
state_66ac4c13a685cddab1666f06,2c_913ec9aa8f318623c900,2,binary_vle_english.xlsx,10.1016/j.fluid.2014.02.023,unverified,0.5,isothermal,0.8888888888888888,isothermal,,,85.070069928704,70.82586669921875,-7.62939453125e-06,True,False,48,C1CCCCC1,mol_893981623557f359,0.596,0.9836,0.9853989481925964,1.168692708015442,100.19760131835938,Nc1ccccc1,mol_8d11fd6c0d4e62a7,0.404,0.01639999999999997,0.014601083472371101,1.2103992700576782,2.114788293838501,,,,,,,
state_66ec1a2bae82909c0184df0f,2c_8b8dfc345b3e095c6955,2,binary_vle_english.xlsx,10.1016/j.jct.2012.10.003,unverified,0.5,isothermal,0.9,isothermal,,,319.59998060249603,475.2266845703125,0.0,True,False,48,CC(C)C,mol_cd0696a421ed56d8,0.912,0.875,0.6473393440246582,1.0131467580795288,332.9397277832031,FC(F)(F)I,mol_b415a9b082dbafac,0.088,0.125,0.3526606559753418,4.103302955627441,464.1320495605469,,,,,,,
state_66ed64f760fa7eb666e6d349,2c_c6a565ee5191fe2b2cdb,2,binary_vle_english.xlsx,10.1016/j.fluid.2015.10.041,passed,1.0,isothermal,0.9375,isothermal,,,87.10003630387199,77.21475219726562,0.0,True,False,48,CCO,mol_f29e20f49d416e54,0.757,0.683,0.747035562992096,1.0627005100250244,71.70257568359375,CCSCC,mol_a7491cfbf016fee6,0.243,0.317,0.25296443700790405,1.6807843446731567,47.823516845703125,,,,,,,
state_67582e8b365215c9dc22a9d5,2c_6f361cb0ec8be0b0e6dd,2,binary_vle_english.xlsx,10.1016/j.jct.2012.11.005,unverified,0.5,isothermal,0.9166666666666666,isothermal,,,63.849948548351996,57.579673767089844,0.0,True,False,48,CC(C)OC(C)C,mol_1a0ca8e5eeb68da8,0.064,0.296,0.22638055682182312,2.792302131652832,72.94002532958984,CCO,mol_f29e20f49d416e54,0.9359999999999999,0.704,0.7736194133758545,1.004580020904541,47.37357711791992,,,,,,,
state_6769a4765195a7848be90629,2c_9478a219a5c540597926,2,binary_vle_english.xlsx,10.1016/j.fluid.2009.01.016,unverified,0.5,isothermal,0.9375,isothermal,,,80.360057312,79.14673614501953,0.0,True,False,48,CC(=O)C(C)(C)C,mol_61a887e37d396488,0.5848,0.21099999999999997,0.19636237621307373,1.0431463718414307,25.4764347076416,COC(C)(C)C,mol_b614d6fea320c179,0.4152,0.789,0.8036376237869263,1.07663893699646,142.28720092773438,,,,,,,
state_678278884a6f03efdafc29b6,2c_6aab25a5edecf15e2cbf,2,binary_vle_english.xlsx,10.1016/j.fluid.2012.05.016,unverified,0.5,isothermal,0.9166666666666666,isothermal,,,29.249994282623998,30.194522857666016,-1.9073486328125e-06,True,False,48,CCCO,mol_5fb2f93dc8caa9dc,0.015199999999999991,0.007299999999999973,0.005944667384028435,0.8920959234237671,13.237334251403809,CCO,mol_f29e20f49d416e54,0.9848,0.9927,0.9940553307533264,0.9999196529388428,30.480745315551758,,,,,,,
state_67c4202398541eb2060ca1c9,2c_6aab25a5edecf15e2cbf,2,binary_vle_english.xlsx,10.1016/j.fluid.2012.05.016,unverified,0.5,isothermal,0.9333333333333333,isothermal,,,88.84002652864,87.53338623046875,-7.62939453125e-06,True,False,48,CCCO,mol_5fb2f93dc8caa9dc,0.0,0.0,0.0,1.1440232992172241,41.61351776123047,CCO,mol_f29e20f49d416e54,1.0,1.0,1.0,1.0,87.53337860107422,,,,,,,
state_6856d1408b100cbfeff2093e,2c_ae514b5a938c4d83d1c9,2,binary_vle_english.xlsx,10.1016/j.fluid.2015.10.041,unverified,0.5,isothermal,0.8888888888888888,isothermal,,,431.999936069888,406.24432373046875,0.0,True,False,48,CCCC,mol_fadb5806094149e6,0.323,0.938,0.9400826096534729,2.2355659008026123,528.8875122070312,CCO,mol_f29e20f49d416e54,0.677,0.062000000000000055,0.059917401522397995,1.175829529762268,30.577871322631836,,,,,,,
state_685dafe33e2676ff03790188,2c_1490252da7453cbbebe4,2,binary_vle_english.xlsx,10.1016/j.fluid.2007.10.016,unverified,0.5,isothermal,0.9615384615384616,isothermal,,,69.78999333222399,68.12265014648438,-7.62939453125e-06,True,False,48,CC(C)CC(C)(C)C,mol_57615b5c3546c298,0.28400000000000003,0.34309999999999996,0.353191077709198,2.3482210636138916,36.078121185302734,CC(C)O,mol_db030b5de88f8eaf,0.716,0.6569,0.646808922290802,1.1331106424331665,54.3102912902832,,,,,,,
state_68a315b14e5fc6c3567f075c,2c_a4e8a38f7f4879124614,2,binary_vle_english.xlsx,10.1016/j.fluid.2012.05.016,unverified,0.5,isothermal,0.9333333333333333,isothermal,,,33.580038150528,33.60626983642578,0.0,True,False,48,CCCO,mol_5fb2f93dc8caa9dc,0.34740000000000004,0.18400000000000005,0.19017885625362396,1.3897995948791504,13.237334251403809,CCOC(C)=O,mol_18876b584acc43d4,0.6526,0.816,0.8098211288452148,1.1093047857284546,37.593387603759766,,,,,,,
state_68a9b9840a0ed55e4f2545c5,2c_98afb8e6c65a310db5e0,2,binary_vle_english.xlsx,10.1016/j.jct.2012.12.026,unverified,0.5,isothermal,0.8181818181818182,isothermal,,,126.30001223270399,154.72158813476562,1.52587890625e-05,True,False,48,F/C=C/C(F)(F)F,mol_0e763ba6787b2749,0.11299999999999999,0.131,0.13552328944206238,1.2422541379928589,149.37432861328125,FC(F)C(F)F,mol_fccff6221e62b4bc,0.887,0.869,0.8644766807556152,1.0023472309112549,150.43968200683594,,,,,,,
state_6930b8b2ba71580b5ad56443,2c_9478a219a5c540597926,2,binary_vle_english.xlsx,10.1016/j.fluid.2009.01.016,unverified,0.5,isothermal,0.9411764705882353,isothermal,,,15.73003958848,15.127824783325195,-9.5367431640625e-07,True,False,48,CC(=O)C(C)(C)C,mol_61a887e37d396488,0.953,0.7469,0.7473639249801636,1.0005937814712524,11.856537818908691,COC(C)(C)C,mol_b614d6fea320c179,0.047,0.2531,0.25263604521751404,1.0329047441482544,78.72517395019531,,,,,,,
state_69dc01b429ebba44b50d48a3,2c_6aab25a5edecf15e2cbf,2,binary_vle_english.xlsx,10.1016/j.fluid.2012.05.016,unverified,0.5,isothermal,0.9166666666666666,isothermal,,,12.169932395776,13.237335205078125,-9.5367431640625e-07,True,False,48,CCCO,mol_5fb2f93dc8caa9dc,1.0,1.0,1.0,1.0,13.237334251403809,CCO,mol_f29e20f49d416e54,0.0,0.0,0.0,0.8706610202789307,30.480745315551758,,,,,,,
state_6b4704bd8d0a6ac69304b1d1,2c_6aab25a5edecf15e2cbf,2,binary_vle_english.xlsx,10.1016/j.fluid.2012.05.016,unverified,0.5,isothermal,0.9333333333333333,isothermal,,,54.189943052544,55.794593811035156,0.0,True,False,48,CCCO,mol_5fb2f93dc8caa9dc,0.725,0.5532,0.5506503582000732,1.0183465480804443,41.61351776123047,CCO,mol_f29e20f49d416e54,0.275,0.4468,0.44934964179992676,1.041525959968567,87.53337860107422,,,,,,,
state_6ba20b82a2a250219b34f9d0,2c_ae514b5a938c4d83d1c9,2,binary_vle_english.xlsx,10.1016/j.fluid.2014.05.018,unverified,0.5,full_state,0.0,isothermal,,,497.00005668697594,538.3729248046875,0.0,True,False,48,CCCC,mol_fadb5806094149e6,0.1067,0.8034,0.8203462958335876,3.812863826751709,1085.587158203125,CCO,mol_f29e20f49d416e54,0.8933,0.1966,0.17965367436408997,1.0178306102752686,106.3766860961914,,,,,,,
state_6baacbf947cd049658c0ee9b,2c_3cf279eea352998261d1,2,binary_vle_english.xlsx,10.1016/j.fluid.2012.05.016,unverified,0.5,isothermal,0.9333333333333333,isothermal,,,30.190050299392,28.222713470458984,-1.9073486328125e-06,True,False,48,CCCOC(C)=O,mol_67043ae833ecd0c7,0.34450000000000003,0.271,0.23628278076648712,1.3378442525863647,14.468917846679688,CCO,mol_f29e20f49d416e54,0.6555,0.729,0.7637172341346741,1.0787804126739502,30.480745315551758,,,,,,,
state_6bfbefe5500b4f3a7ab922bb,2c_1490252da7453cbbebe4,2,binary_vle_english.xlsx,10.1016/j.fluid.2007.10.016,unverified,0.5,isothermal,0.9615384615384616,isothermal,,,61.040046320384,58.000572204589844,0.0,True,False,48,CC(C)CC(C)(C)C,mol_57615b5c3546c298,0.8887,0.5628,0.5701600313186646,1.0314066410064697,36.078121185302734,CC(C)O,mol_db030b5de88f8eaf,0.1113,0.4372,0.42983996868133545,4.124409198760986,54.3102912902832,,,,,,,
state_6c11057c5aaae3b0b2929717,2c_3e7cc7d2a95d27d26296,2,binary_vle_english.xlsx,10.1016/j.fluid.2016.12.025,unverified,0.5,isothermal,0.95,isothermal,,,10.800045064576,11.96487045288086,-9.5367431640625e-07,True,False,48,CCCCCCO,mol_eb71ecc709e3f0dc,0.24850000000000005,0.04920000000000002,0.08811863511800766,1.3520904779434204,3.137932538986206,CCCCO,mol_ad4ef9c6c876ca2f,0.7515,0.9508,0.9118813872337341,1.0291945934295654,14.106517791748047,,,,,,,
state_6c1747d7d1b6717ad3b51861,2c_6f361cb0ec8be0b0e6dd,2,binary_vle_english.xlsx,10.1016/j.jct.2012.11.005,unverified,0.5,isothermal,0.9166666666666666,isothermal,,,92.729973259776,82.44161987304688,0.0,True,False,48,CC(C)OC(C)C,mol_1a0ca8e5eeb68da8,0.671,0.675,0.6849265694618225,1.1537244319915771,72.94002532958984,CCO,mol_f29e20f49d416e54,0.32899999999999996,0.32499999999999996,0.3150734007358551,1.666580080986023,47.37357711791992,,,,,,,
state_6c6d4f35b89d729c7f86218d,2c_1490252da7453cbbebe4,2,binary_vle_english.xlsx,10.1016/j.fluid.2007.10.016,unverified,0.5,isothermal,0.9615384615384616,isothermal,,,46.52004054387199,45.549781799316406,0.0,True,False,48,CC(C)CC(C)(C)C,mol_57615b5c3546c298,0.34409999999999996,0.41469999999999996,0.3951885402202606,2.035254955291748,25.703197479248047,CC(C)O,mol_db030b5de88f8eaf,0.6559,0.5853,0.604811429977417,1.1857248544692993,35.422950744628906,,,,,,,
state_6ca1a9e533e8277ed98c8d98,2c_ae99b15d6b25c7962c21,2,binary_vle_english.xlsx,10.1016/j.fluid.2005.05.003,unverified,0.5,isothermal,0.9166666666666666,isothermal,,,17.150056130048,14.496366500854492,0.0,True,False,48,NC1CCCCC1,mol_3cb1d9728851c877,0.583,0.29500000000000004,0.3247283101081848,1.074499487876892,7.514577388763428,O,mol_e81dc06beaa39499,0.417,0.705,0.6752716302871704,1.1248000860214233,20.87018394470215,,,,,,,
state_6cd82218ea6063a85f7f76b5,2c_303f5d258da9140f9795,2,binary_vle_english.xlsx,10.1016/j.fluid.2012.11.026,unverified,0.5,isothermal,0.9333333333333333,isothermal,,,32.598118910208,29.308578491210938,0.0,True,False,48,CCOC(=O)OCC,mol_4df2781fcf4d4a77,0.9939,0.8240000000000001,0.9629008769989014,1.0000323057174683,28.393545150756836,O,mol_e81dc06beaa39499,0.0061,0.176,0.037099115550518036,2.493412971496582,71.4881820678711,,,,,,,
state_6cec66e336cb2dd9c2fa9763,2c_1490252da7453cbbebe4,2,binary_vle_english.xlsx,10.1016/j.fluid.2007.10.016,unverified,0.5,isothermal,0.9615384615384616,isothermal,,,46.139938472703996,44.98362731933594,0.0,True,False,48,CC(C)CC(C)(C)C,mol_57615b5c3546c298,0.619,0.4787,0.47311320900917053,1.3376476764678955,25.703197479248047,CC(C)O,mol_db030b5de88f8eaf,0.381,0.5213,0.5268868207931519,1.7561519145965576,35.422950744628906,,,,,,,
state_6d07337dd8e52bec1c294f68,2c_1490252da7453cbbebe4,2,binary_vle_english.xlsx,10.1016/j.jct.2011.09.007,unverified,0.5,isothermal,0.9,isothermal,,,44.960035515904,44.2603759765625,-3.814697265625e-06,True,False,48,CC(C)CC(C)(C)C,mol_57615b5c3546c298,0.20779999999999998,0.36639999999999995,0.32709676027297974,2.710557460784912,25.703197479248047,CC(C)O,mol_db030b5de88f8eaf,0.7922,0.6336,0.6729032397270203,1.0613242387771606,35.422950744628906,,,,,,,
state_6d61430fa449047502faf642,2c_56df7cea200b948181e5,2,binary_vle_english.xlsx,10.1016/j.fluid.2007.07.010,unverified,0.5,isothermal,0.9333333333333333,isothermal,,,257.999980336512,299.3974609375,3.0517578125e-05,True,False,48,CC(F)F,mol_ed933f1c25fd987c,0.407,0.663,0.7088963985443115,1.725148320198059,302.28045654296875,CCCC,mol_fadb5806094149e6,0.593,0.33699999999999997,0.29110363125801086,1.3131428956985474,111.9255142211914,,,,,,,
state_6dab55ef5f588dcf48d50a44,2c_68be6b27ffcb3843add8,2,binary_vle_english.xlsx,10.1016/j.fluid.2010.09.023,unverified,0.5,isothermal,0.8571428571428571,isothermal,,,477.80003582656,508.30780029296875,3.0517578125e-05,True,False,48,CCC#N,mol_abe9c8e175e3ffb6,0.012199999999999989,0.006900000000000017,0.003927982412278652,9.653894424438477,16.95250701904297,CCCC,mol_fadb5806094149e6,0.9878,0.9931,0.9960720539093018,1.0004854202270508,512.3157958984375,,,,,,,
state_6df6c21c0d65d845c7934070,2c_9478a219a5c540597926,2,binary_vle_english.xlsx,10.1016/j.fluid.2009.01.016,unverified,0.5,isothermal,0.9411764705882353,isothermal,,,46.360053702272,46.10697937011719,-3.814697265625e-06,True,False,48,CC(=O)C(C)(C)C,mol_61a887e37d396488,0.5013000000000001,0.1421,0.13687743246555328,1.0618003606796265,11.856537818908691,COC(C)(C)C,mol_b614d6fea320c179,0.4987,0.8579,0.8631225824356079,1.0136455297470093,78.72517395019531,,,,,,,
state_6e4eaa0e201376b93a95a17a,2c_d838404dbd73f8b15395,2,binary_vle_english.xlsx,10.1016/j.fluid.2010.02.030,passed,1.0,isothermal,0.9230769230769231,isothermal,,,90.799998660608,95.13616943359375,-7.62939453125e-06,True,False,48,Cc1ccccc1,mol_1c09299644053521,0.28200000000000003,0.31200000000000006,0.30824464559555054,1.0291658639907837,101.04309844970703,Cc1ccsc1,mol_0a78d16c028484e1,0.718,0.688,0.6917553544044495,1.0047048330307007,91.22948455810547,,,,,,,
state_6f10cd8c4bc8130b58ff80a7,2c_ae514b5a938c4d83d1c9,2,binary_vle_english.xlsx,10.1016/j.fluid.2015.10.041,unverified,0.5,isothermal,0.8888888888888888,isothermal,,,220.799973250048,191.06170654296875,1.52587890625e-05,True,False,48,CCCC,mol_fadb5806094149e6,0.078,0.863,0.8510947227478027,3.941791534423828,528.8875122070312,CCO,mol_f29e20f49d416e54,0.922,0.137,0.14890527725219727,1.0091265439987183,30.577871322631836,,,,,,,
state_6f8a794216b19bb9c1af2969,2c_68be6b27ffcb3843add8,2,binary_vle_english.xlsx,10.1016/j.fluid.2010.09.023,unverified,0.5,isothermal,0.9,isothermal,,,394.800062305792,428.16064453125,0.0,True,False,48,CCC#N,mol_abe9c8e175e3ffb6,0.6534,0.04169999999999996,0.031197618693113327,1.2053829431533813,16.959928512573242,CCCC,mol_fadb5806094149e6,0.3466,0.9583,0.9688023328781128,2.3353981971740723,512.4511108398438,,,,,,,
state_6fec45fb86f87adbc2b884b8,2c_a160651817afdffd3182,2,binary_vle_english.xlsx,10.1016/j.fluid.2005.05.024,unverified,0.5,isothermal,0.96,isothermal,,,47.379969817472,46.504188537597656,0.0,True,False,48,CC(=O)CC(C)C,mol_0a895444a9f0f36b,0.29590000000000005,0.1664,0.16655384004116058,1.391776442527771,18.807552337646484,CC(C)O,mol_db030b5de88f8eaf,0.7041,0.8336,0.833446204662323,1.013568639755249,54.3102912902832,,,,,,,
state_70797869c23c4cbeb939f82e,2c_9478a219a5c540597926,2,binary_vle_english.xlsx,10.1016/j.fluid.2009.01.016,unverified,0.5,isothermal,0.9411764705882353,isothermal,,,14.719989328512,14.32249641418457,-9.5367431640625e-07,True,False,48,CC(=O)C(C)(C)C,mol_61a887e37d396488,0.9644,0.8006,0.798629879951477,1.0003434419631958,11.856537818908691,COC(C)(C)C,mol_b614d6fea320c179,0.0356,0.1994,0.20137012004852295,1.0290822982788086,78.72517395019531,,,,,,,
state_7114a1cb0355908ab4bd72fc,2c_913ec9aa8f318623c900,2,binary_vle_english.xlsx,10.1016/j.fluid.2014.02.023,unverified,0.5,isothermal,0.8888888888888888,isothermal,,,39.639939743232,14.203672409057617,-9.5367431640625e-07,True,False,48,C1CCCCC1,mol_893981623557f359,0.0755,0.9655,0.8620057702064514,1.6184769868850708,100.19760131835938,Nc1ccccc1,mol_8d11fd6c0d4e62a7,0.9245,0.034499999999999975,0.13799422979354858,1.0025078058242798,2.114788293838501,,,,,,,
state_71d6f0a5180a21cc975e85f0,2c_d838404dbd73f8b15395,2,binary_vle_english.xlsx,10.1016/j.fluid.2010.02.030,passed,1.0,isothermal,0.9230769230769231,isothermal,,,99.399958008448,100.95407104492188,-7.62939453125e-06,True,False,48,Cc1ccccc1,mol_1c09299644053521,0.953,0.959,0.954168975353241,1.0003443956375122,101.04309844970703,Cc1ccsc1,mol_0a78d16c028484e1,0.047,0.041,0.04583107680082321,1.0790729522705078,91.22948455810547,,,,,,,
state_725377d8ec4d2eae877021f5,2c_d838404dbd73f8b15395,2,binary_vle_english.xlsx,10.1016/j.fluid.2010.02.030,passed,1.0,isothermal,0.9230769230769231,isothermal,,,93.300059705344,97.25643920898438,0.0,True,False,48,Cc1ccccc1,mol_1c09299644053521,0.475,0.508,0.5011975169181824,1.0156100988388062,101.04309844970703,Cc1ccsc1,mol_0a78d16c028484e1,0.525,0.492,0.49880245327949524,1.0128669738769531,91.22948455810547,,,,,,,
state_7377fee0a459561fbb5886f7,2c_3e7cc7d2a95d27d26296,2,binary_vle_english.xlsx,10.1016/j.fluid.2016.12.025,unverified,0.5,isothermal,0.95,isothermal,,,3.0000199247359998,4.134157180786133,-4.76837158203125e-07,True,False,48,CCCCCCO,mol_eb71ecc709e3f0dc,0.9505,0.8386,0.72286057472229,1.0019493103027344,3.137932538986206,CCCCO,mol_ad4ef9c6c876ca2f,0.0495,0.1614,0.27713945508003235,1.640817403793335,14.106517791748047,,,,,,,
state_73d81ccb381bd7ba84c3b3d8,2c_56df7cea200b948181e5,2,binary_vle_english.xlsx,10.1016/j.fluid.2007.07.010,unverified,0.5,isothermal,0.9333333333333333,isothermal,,,389.00000600832,438.12628173828125,3.0517578125e-05,True,False,48,CC(F)F,mol_ed933f1c25fd987c,0.692,0.748,0.7520574927330017,1.175997018814087,404.8909606933594,CCCC,mol_fadb5806094149e6,0.30800000000000005,0.252,0.2479425072669983,2.2116193771362305,159.4737548828125,,,,,,,
state_74014369a2a92e478a546478,2c_9478a219a5c540597926,2,binary_vle_english.xlsx,10.1016/j.fluid.2009.01.016,unverified,0.5,isothermal,0.9375,isothermal,,,40.130032768,37.928306579589844,0.0,True,False,48,CC(=O)C(C)(C)C,mol_61a887e37d396488,0.9097,0.6238,0.6121765971183777,1.0018514394760132,25.4764347076416,COC(C)(C)C,mol_b614d6fea320c179,0.0903,0.3762,0.3878234624862671,1.144837737083435,142.28720092773438,,,,,,,
state_741bd7d1ef54ab05eb324588,2c_6aab25a5edecf15e2cbf,2,binary_vle_english.xlsx,10.1016/j.fluid.2012.05.016,unverified,0.5,isothermal,0.9333333333333333,isothermal,,,47.299976396672,48.719512939453125,0.0,True,False,48,CCCO,mol_5fb2f93dc8caa9dc,0.8694999999999999,0.7535000000000001,0.7461190819740295,1.0046322345733643,41.61351776123047,CCO,mol_f29e20f49d416e54,0.1305,0.2465,0.25388091802597046,1.082801342010498,87.53337860107422,,,,,,,
state_748126668f826657e1885042,2c_c6a565ee5191fe2b2cdb,2,binary_vle_english.xlsx,10.1016/j.fluid.2010.11.026,passed,1.0,isothermal,0.9333333333333333,isothermal,,,87.69998695987199,74.74041748046875,-7.62939453125e-06,True,False,48,CCO,mol_f29e20f49d416e54,0.492,0.5780000000000001,0.5931270122528076,1.255605697631836,71.76038360595703,CCSCC,mol_a7491cfbf016fee6,0.508,0.422,0.40687301754951477,1.2508091926574707,47.85855484008789,,,,,,,
state_74c1c8b7d808a5ea04d24b1e,2c_98afb8e6c65a310db5e0,2,binary_vle_english.xlsx,10.1016/j.jct.2012.12.026,unverified,0.5,isothermal,0.9,isothermal,,,120.19998060723199,149.37432861328125,0.0,True,False,48,F/C=C/C(F)(F)F,mol_0e763ba6787b2749,1.0,1.0,1.0,1.0,149.37432861328125,FC(F)C(F)F,mol_fccff6221e62b4bc,0.0,0.0,0.0,1.403472900390625,150.43968200683594,,,,,,,
state_750444d461d3ff890a7eda34,2c_3cf279eea352998261d1,2,binary_vle_english.xlsx,10.1016/j.fluid.2012.05.016,unverified,0.5,isothermal,0.9333333333333333,isothermal,,,29.479975367424,30.48074722290039,-1.9073486328125e-06,True,False,48,CCCOC(C)=O,mol_67043ae833ecd0c7,0.0,0.0,0.0,1.7047947645187378,14.468917846679688,CCO,mol_f29e20f49d416e54,1.0,1.0,1.0,1.0,30.480745315551758,,,,,,,
state_752c06beaaf5f1affdfa116f,2c_56df7cea200b948181e5,2,binary_vle_english.xlsx,10.1016/j.fluid.2007.07.010,unverified,0.5,isothermal,0.9333333333333333,isothermal,,,376.000008549376,429.61395263671875,0.0,True,False,48,CC(F)F,mol_ed933f1c25fd987c,0.52,0.684,0.7224095463752747,1.474077820777893,404.8909606933594,CCCC,mol_fadb5806094149e6,0.48,0.31599999999999995,0.27759045362472534,1.5579460859298706,159.4737548828125,,,,,,,
state_75fe6358045bfc6c43182048,2c_6aab25a5edecf15e2cbf,2,binary_vle_english.xlsx,10.1016/j.fluid.2015.04.009,unverified,0.5,isothermal,0.75,isothermal,,,429.00004946752,456.656494140625,0.0,True,False,48,CCCO,mol_5fb2f93dc8caa9dc,0.9487,0.9253,0.890204668045044,1.0010799169540405,428.0375061035156,CCO,mol_f29e20f49d416e54,0.0513,0.0747,0.10979533195495605,1.304904818534851,748.9922485351562,,,,,,,
state_761ec5851a6b4a1fd0ce2d74,2c_1490252da7453cbbebe4,2,binary_vle_english.xlsx,10.1016/j.fluid.2007.10.016,unverified,0.5,isothermal,0.9615384615384616,isothermal,,,40.35001467519999,39.82171630859375,0.0,True,False,48,CC(C)CC(C)(C)C,mol_57615b5c3546c298,0.07120000000000004,0.22399999999999998,0.16879169642925262,3.672856330871582,25.703197479248047,CC(C)O,mol_db030b5de88f8eaf,0.9288,0.776,0.8312082886695862,1.0060577392578125,35.422950744628906,,,,,,,
state_640acb0a228b80a942687a28,2c_7e396008deb1d14f8e15,2,binary_vle_english.xlsx,10.1016/j.fluid.2015.11.007,passed,1.0,isobaric,0.9090909090909091,isobaric,369.84999999999997,362.1597900390625,,,0.00011682510375976562,True,False,48,CC(=O)N(C)C,mol_b8ccf255e2b62919,0.661,0.641,0.6454713344573975,0.8090733885765076,8.448705673217773,CC(=O)O,mol_9ac385b135af0125,0.339,0.359,0.3545287251472473,0.2073885202407837,35.299591064453125,,,,,,,
state_64288dce910ec325dca0e9b4,2c_d66c7a74cea5d8732e08,2,binary_vle_english.xlsx,10.1016/j.jct.2017.02.005,unverified,0.5,isobaric,0.96875,isobaric,354.02,354.34405517578125,,,-2.288818359375e-05,True,False,48,CC(C)O,mol_db030b5de88f8eaf,0.907,0.872,0.8759699463844299,1.0047715902328491,96.12020111083984,O,mol_e81dc06beaa39499,0.09299999999999997,0.128,0.12403003871440887,2.6204476356506348,50.89422607421875,,,,,,,
state_6439cfdead20449c01daec99,2c_1490252da7453cbbebe4,2,binary_vle_english.xlsx,10.1016/j.jct.2011.10.025,unverified,0.5,isobaric,0.9545454545454546,isobaric,351.74,352.316162109375,,,0.0004730224609375,True,False,48,CC(C)CC(C)(C)C,mol_57615b5c3546c298,0.08899999999999997,0.20699999999999996,0.18965980410575867,4.046474456787109,53.34818649291992,CC(C)O,mol_db030b5de88f8eaf,0.911,0.793,0.810340166091919,1.013378381729126,88.91776275634766,,,,,,,
state_644e74124ee8f5daae72a480,2c_d66c7a74cea5d8732e08,2,binary_vle_english.xlsx,10.1016/j.jct.2006.04.006,unverified,0.5,isobaric,0.9444444444444444,isobaric,353.54999999999995,354.192626953125,,,8.392333984375e-05,True,False,48,CC(C)O,mol_db030b5de88f8eaf,0.838,0.801,0.803432285785675,1.0162780284881592,95.56574249267578,O,mol_e81dc06beaa39499,0.16200000000000003,0.19899999999999995,0.19656777381896973,2.4296276569366455,50.59028244018555,,,,,,,
state_649629bd609c308d16592e79,2c_b94de72ffbeb53d6294b,2,binary_vle_english.xlsx,10.1016/j.fluid.2014.04.025,unverified,0.5,isobaric,0.9285714285714286,isobaric,427.14,434.48345947265625,,,4.57763671875e-05,True,False,48,CS(C)=O,mol_7d3e12eaed0f467c,0.9026,0.3248,0.3935021758079529,1.0047798156738281,43.95317840576172,Cc1ccccc1,mol_1c09299644053521,0.0974,0.6752,0.6064978241920471,1.664883017539978,378.8749694824219,,,,,,,
state_64f15623a3cdb7a5851b0b98,3c_2cb16216a8c609b7ad27,3,ternary_vle_english.xlsx,10.1016/j.fluid.2005.09.015,unverified,0.5,isobaric,0.9767441860465116,isobaric,398.05999999999995,399.2942199707031,,,7.62939453125e-06,True,False,48,CC(=O)OCC(C)C,mol_e7eb29ad965cc8ee,0.205,0.265,0.2655898928642273,0.9677007794380188,135.6206512451172,CC(C)CO,mol_015d21fca05fcd26,0.185,0.404,0.42312392592430115,1.2220743894577026,189.5865020751953,CCCCOC(=O)CC,mol_a9c167bbb331e76a,0.61,0.33099999999999996,0.31128615140914917,0.9890637397766113,52.265472412109375
state_652606ff0ab50a350a285910,3c_f0c258463b44c2183ab7,3,ternary_vle_english.xlsx,10.1016/j.fluid.2005.03.014,unverified,0.5,isobaric,0.9767441860465116,isobaric,385.49,384.72515869140625,,,5.340576171875e-05,True,False,48,CC(=O)OCC(C)C,mol_e7eb29ad965cc8ee,0.212,0.248,0.2404496967792511,1.3312921524047852,86.30270385742188,CC(C)CO,mol_015d21fca05fcd26,0.631,0.706,0.7217006683349609,1.0122547149658203,114.45830535888672,CN(C)C=O,mol_ca12d6d2f2ffb170,0.15700000000000003,0.04600000000000004,0.03784962743520737,0.8304672241210938,29.406871795654297
state_65519d748c20a33f59403b5c,3c_2cb16216a8c609b7ad27,3,ternary_vle_english.xlsx,10.1016/j.fluid.2005.09.015,unverified,0.5,isobaric,0.9767441860465116,isobaric,381.47999999999996,382.0028076171875,,,-3.0517578125e-05,True,False,48,CC(=O)OCC(C)C,mol_e7eb29ad965cc8ee,0.053,0.055,0.05807908624410629,1.404976725578308,79.01031494140625,CC(C)CO,mol_015d21fca05fcd26,0.891,0.922,0.9203145503997803,1.008849024772644,103.7149658203125,CCCCOC(=O)CC,mol_a9c167bbb331e76a,0.05599999999999994,0.02299999999999991,0.021606354042887688,1.3715062141418457,28.497364044189453
state_662e16c493353de7e0b6d858,2c_74caf60139062b8ca437,2,binary_vle_english.xlsx,10.1016/j.fluid.2010.08.010,unverified,0.5,isobaric,0.9411764705882353,isobaric,416.04999999999995,409.7870788574219,,,-7.62939453125e-06,True,False,48,CCCCCCO,mol_eb71ecc709e3f0dc,0.11419999999999997,0.09130000000000005,0.146503746509552,2.3105947971343994,53.07826232910156,Cc1ccccc1C,mol_61c4de85d258b45d,0.8858,0.9087,0.853496253490448,1.0217909812927246,90.14917755126953,,,,,,,
state_6645fb9878217c71377e04c2,2c_74a658fab9cc22057bbd,2,binary_vle_english.xlsx,10.1016/j.jct.2019.03.036,unverified,0.5,isobaric,0.9473684210526315,isobaric,416.43999999999994,411.443359375,,,-7.62939453125e-06,True,False,48,CCCOC(C)=O,mol_67043ae833ecd0c7,0.137,0.7704,0.8129000067710876,1.8914597034454346,317.781494140625,CS(C)=O,mol_7d3e12eaed0f467c,0.863,0.22960000000000003,0.18710000813007355,1.0140604972839355,21.65749740600586,,,,,,,
state_6651f115622c1628f329f2df,3c_1a08c4f653f7d812cdc9,3,ternary_vle_english.xlsx,10.1016/j.jct.2019.03.036,unverified,0.5,isobaric,0.972972972972973,isobaric,374.83,370.6214599609375,,,-3.0517578125e-05,True,False,48,CCCOC(C)=O,mol_67043ae833ecd0c7,0.0244,0.0564,0.02960314229130745,1.3436832427978516,91.46609497070312,CCOC(C)=O,mol_18876b584acc43d4,0.3735,0.9136,0.9376757740974426,1.354957938194275,187.6918182373047,CS(C)=O,mol_7d3e12eaed0f467c,0.6021000000000001,0.030000000000000027,0.03272112458944321,1.1056437492370605,4.979129314422607
state_6676b9720a1ecb7ecfd65765,2c_f6f5f309e3d6c1952684,2,binary_vle_english.xlsx,10.1016/j.fluid.2012.12.020,passed,1.0,isobaric,0.9545454545454546,isobaric,395.13,393.71533203125,,,7.62939453125e-05,True,False,48,CCCCCO,mol_243de2450bee5519,0.26639999999999997,0.13959999999999995,0.1597040742635727,1.2535208463668823,48.302734375,CCCCO,mol_ad4ef9c6c876ca2f,0.7336,0.8604,0.8402959108352661,1.0335931777954102,111.9295654296875,,,,,,,
state_67072279a38a65704ac6b2e2,2c_1490252da7453cbbebe4,2,binary_vle_english.xlsx,10.1016/j.jct.2011.10.025,unverified,0.5,isobaric,0.9545454545454546,isobaric,350.16999999999996,350.59259033203125,,,3.0517578125e-05,True,False,48,CC(C)CC(C)(C)C,mol_57615b5c3546c298,0.21299999999999997,0.30800000000000005,0.30322182178497314,2.850527048110962,50.59003829956055,CC(C)O,mol_db030b5de88f8eaf,0.787,0.692,0.6967781782150269,1.0784457921981812,83.16312408447266,,,,,,,
state_671ea9ff4f73ff729abc7eb1,2c_d66c7a74cea5d8732e08,2,binary_vle_english.xlsx,10.1016/j.jct.2006.04.006,unverified,0.5,isobaric,0.9444444444444444,isobaric,353.29999999999995,354.1549072265625,,,-3.814697265625e-05,True,False,48,CC(C)O,mol_db030b5de88f8eaf,0.513,0.605,0.5959116816520691,1.2330976724624634,95.42804718017578,O,mol_e81dc06beaa39499,0.487,0.395,0.4040883183479309,1.6639407873153687,50.5147819519043,,,,,,,
state_6728ad77c436547c002704e1,2c_21b807a1a6c6348c91ac,2,binary_vle_english.xlsx,10.1016/j.fluid.2018.07.027,unverified,0.5,isobaric,0.9629629629629629,isobaric,369.21,370.5216369628906,,,0.0,True,False,48,CC(C)CC(C)(C)C,mol_57615b5c3546c298,0.9639,0.8991,0.8664869666099548,1.0041475296020508,90.68629455566406,CCCCO,mol_ad4ef9c6c876ca2f,0.03610000000000002,0.10089999999999999,0.13351304829120636,8.076732635498047,46.38632583618164,,,,,,,
state_6741a83168d65f95070c3495,2c_e923997b8f9df5a64a73,2,binary_vle_english.xlsx,10.1016/j.fluid.2018.03.011,unverified,0.5,isobaric,0.9090909090909091,isobaric,335.84999999999997,336.24444580078125,,,0.00034332275390625,True,False,48,CC(C)O,mol_db030b5de88f8eaf,0.355,0.21299999999999997,0.23093126714229584,1.4203344583511353,46.395347595214844,ClC(Cl)Cl,mol_d9e0a2387a6283f9,0.645,0.787,0.769068717956543,1.1694680452346802,103.2827377319336,,,,,,,
state_674cb64340106ae97a91ea53,2c_d61da005b4125a743b07,2,binary_vle_english.xlsx,10.1016/j.fluid.2009.03.008,unverified,0.5,isobaric,0.9583333333333334,isobaric,364.65999999999997,363.5514221191406,,,0.0005035400390625,True,False,48,CC(=O)O,mol_9ac385b135af0125,0.4308,0.1737,0.15847380459308624,0.9991665482521057,37.30649185180664,CCC(C)=O,mol_4cfc5db0ca2ab00b,0.5691999999999999,0.8263,0.8415261507034302,1.0011104345321655,149.64466857910156,,,,,,,
state_67bf66371d244cca90c0e193,2c_7b12ee2d0e35e39326bc,2,binary_vle_english.xlsx,10.1016/j.fluid.2011.08.007,unverified,0.5,isobaric,0.9642857142857143,isobaric,345.01,345.7737731933594,,,0.0,True,False,48,CCOCCO,mol_ab8630148ae67e51,0.532,0.07099999999999995,0.07150498777627945,1.003028154373169,8.932576179504395,CO,mol_a85d32e4db2ff39c,0.468,0.929,0.9284949898719788,0.9886953830718994,133.76312255859375,,,,,,,
state_67e76d525c26ee8247e6b4b6,2c_21b807a1a6c6348c91ac,2,binary_vle_english.xlsx,10.1016/j.fluid.2018.07.027,unverified,0.5,isobaric,0.9629629629629629,isobaric,367.59,367.3459777832031,,,-3.814697265625e-05,True,False,48,CC(C)CC(C)(C)C,mol_57615b5c3546c298,0.8749,0.8035,0.7510706782341003,1.0479456186294556,82.98367309570312,CCCCO,mol_ad4ef9c6c876ca2f,0.1251,0.1965,0.24892933666706085,4.945119857788086,40.761573791503906,,,,,,,
state_680210ac8bceca63d62b1fda,2c_165952a69a69e7a8d3f6,2,binary_vle_english.xlsx,10.1016/j.fluid.2007.06.005,unverified,0.5,isobaric,0.9545454545454546,isobaric,351.44,351.91973876953125,,,0.00020599365234375,True,False,48,CC(C)CC(C)(C)C,mol_57615b5c3546c298,0.0,0.0,0.0,7.204894065856934,52.70323181152344,CCO,mol_f29e20f49d416e54,1.0,1.0,1.0,1.0,101.30014038085938,,,,,,,
state_686e298bb302a988ce13282d,2c_21b807a1a6c6348c91ac,2,binary_vle_english.xlsx,10.1016/j.fluid.2018.07.027,unverified,0.5,isobaric,0.9629629629629629,isobaric,378.82,377.3952331542969,,,0.00099945068359375,True,False,48,CC(C)CC(C)(C)C,mol_57615b5c3546c298,0.0873,0.4107,0.4433065950870514,4.704848289489746,109.33463287353516,CCCCO,mol_ad4ef9c6c876ca2f,0.9127,0.5892999999999999,0.556693434715271,1.014463186264038,60.90671920776367,,,,,,,
state_68b28d07e2e6792bc6698fcc,3c_f0c258463b44c2183ab7,3,ternary_vle_english.xlsx,10.1016/j.fluid.2005.03.014,unverified,0.5,isobaric,0.9767441860465116,isobaric,396.49,397.638427734375,,,7.62939453125e-06,True,False,48,CC(=O)OCC(C)C,mol_e7eb29ad965cc8ee,0.168,0.339,0.3121912181377411,1.4587469100952148,129.0448455810547,CC(C)CO,mol_015d21fca05fcd26,0.3,0.473,0.4604954421520233,0.8669711947441101,179.3529815673828,CN(C)C=O,mol_ca12d6d2f2ffb170,0.532,0.18799999999999994,0.22731329500675201,0.9568254351615906,45.236572265625
state_68f1a56dfb423a64accb345c,2c_9f31aad1f9974e54ecb0,2,binary_vle_english.xlsx,10.1016/j.jct.2017.07.019,unverified,0.5,isobaric,0.95,isobaric,379.75,385.26177978515625,,,3.814697265625e-05,True,False,48,Cc1ccc(C)cc1,mol_e7658ba520613aac,0.4285,0.2521,0.2847139537334442,1.3741289377212524,48.98236846923828,OCC(F)(F)C(F)F,mol_48469952cf716332,0.5715,0.7479,0.7152860760688782,1.1651467084884644,108.81587219238281,,,,,,,
state_69191128938707116df5fad9,3c_2cb16216a8c609b7ad27,3,ternary_vle_english.xlsx,10.1016/j.fluid.2005.09.015,unverified,0.5,isobaric,0.9767441860465116,isobaric,396.67999999999995,398.17059326171875,,,0.00012969970703125,True,False,48,CC(=O)OCC(C)C,mol_e7eb29ad965cc8ee,0.052,0.066,0.06575179845094681,0.9768244028091431,131.12863159179688,CC(C)CO,mol_015d21fca05fcd26,0.288,0.59,0.604363739490509,1.1642332077026367,182.58944702148438,CCCCOC(=O)CC,mol_a9c167bbb331e76a,0.66,0.3440000000000001,0.32988446950912476,1.0060843229293823,50.32609939575195
state_69efc3177a73ebf0c5899bb5,2c_35cc53cd52979773cfcb,2,binary_vle_english.xlsx,10.1016/j.fluid.2015.08.014,unverified,0.5,isobaric,0.9473684210526315,isobaric,426.80999999999995,423.23297119140625,,,0.0001678466796875,True,False,48,CO,mol_a85d32e4db2ff39c,0.083,0.673,0.7170629501342773,0.6271493434906006,1395.46240234375,CS(C)=O,mol_7d3e12eaed0f467c,0.917,0.32699999999999996,0.28293707966804504,0.995070219039917,31.41063117980957,,,,,,,
state_69f00bca479278f63af87524,2c_42d2383a8e4daebeb5e1,2,binary_vle_english.xlsx,10.1016/j.fluid.2010.08.002,unverified,0.5,isobaric,0.9230769230769231,isobaric,422.75,423.2057189941406,,,-4.57763671875e-05,True,False,48,CCCCCCC,mol_fddb2c852c313396,0.0,0.0,0.0,3.377634048461914,397.73748779296875,CCCOCCO,mol_770d75a3bb2412ce,1.0,1.0,1.0,1.0,100.0,,,,,,,
state_69f7d24c11e25d5e31ed244b,2c_61469365e9d7838600a7,2,binary_vle_english.xlsx,10.1016/j.fluid.2015.05.031,unverified,0.5,isobaric,0.9629629629629629,isobaric,307.46999999999997,308.676513671875,,,0.00069427490234375,True,False,48,CCCCCCC,mol_fddb2c852c313396,0.45999999999999996,0.06799999999999995,0.05975581333041191,1.3033498525619507,10.098553657531738,COC=O,mol_3beef90b23ffcece,0.54,0.932,0.940244197845459,1.5269880294799805,115.5338134765625,,,,,,,
state_6aa89b887b11e2d8ba19de47,2c_d66c7a74cea5d8732e08,2,binary_vle_english.xlsx,10.1016/j.jct.2006.04.006,unverified,0.5,isobaric,0.9444444444444444,isobaric,353.45,354.5293273925781,,,4.57763671875e-05,True,False,48,CC(C)O,mol_db030b5de88f8eaf,0.433,0.585,0.5597391724586487,1.3527621030807495,96.80231475830078,O,mol_e81dc06beaa39499,0.567,0.41500000000000004,0.44026079773902893,1.5342191457748413,51.268306732177734,,,,,,,
state_6b4dfe4d73d0efa7db024458,2c_42d2383a8e4daebeb5e1,2,binary_vle_english.xlsx,10.1016/j.fluid.2010.08.002,unverified,0.5,isobaric,0.9333333333333333,isobaric,354.76,356.4139709472656,,,4.1961669921875e-05,True,False,48,CCCCCCC,mol_fddb2c852c313396,0.877,0.938,0.9425851702690125,1.0366686582565308,62.2060432434082,CCCOCCO,mol_770d75a3bb2412ce,0.123,0.062000000000000055,0.05741485580801964,3.356248378753662,8.344813346862793,,,,,,,
state_6b6721991c63b7ee7548783b,2c_a873f6bbdf8411ff9a25,2,binary_vle_english.xlsx,10.1016/j.fluid.2013.05.016,passed,1.0,isobaric,0.9444444444444444,isobaric,355.2,354.937255859375,,,2.288818359375e-05,True,False,48,CCCCCCCCC,mol_dd70207e50d8bf63,0.089,0.008,0.01097789779305458,1.2136833667755127,10.295157432556152,c1ccccc1,mol_7165dcf6be1f831d,0.911,0.992,0.9890220761299133,1.0033793449401855,109.60533905029297,,,,,,,
state_6b901f878e077011af6f4611,2c_4e1effd6e44016fa9e71,2,binary_vle_english.xlsx,10.1016/j.fluid.2019.03.022,passed,1.0,isobaric,0.95,isobaric,331.74,333.1080017089844,,,-4.57763671875e-05,True,False,48,CO,mol_a85d32e4db2ff39c,0.44499999999999995,0.5860000000000001,0.5769484639167786,1.5981756448745728,82.17911529541016,c1ccccc1,mol_7165dcf6be1f831d,0.555,0.414,0.4230515658855438,1.4191645383834839,54.409725189208984,,,,,,,
state_6ba20b82a2a250219b34f9d0,2c_ae514b5a938c4d83d1c9,2,binary_vle_english.xlsx,10.1016/j.fluid.2014.05.018,unverified,0.5,full_state,0.0,isobaric,353.2,350.11083984375,,,0.001434326171875,True,False,48,CCCC,mol_fadb5806094149e6,0.1067,0.8034,0.8271644115447998,3.80039381980896,1013.8098754882812,CCO,mol_f29e20f49d416e54,0.8933,0.1966,0.1728355884552002,1.0177770853042603,94.48020935058594,,,,,,,
state_6bc54de98eedbd8d0981a317,3c_2cb16216a8c609b7ad27,3,ternary_vle_english.xlsx,10.1016/j.fluid.2005.09.015,unverified,0.5,isobaric,0.9767441860465116,isobaric,398.14,398.7821960449219,,,-7.62939453125e-06,True,False,48,CC(=O)OCC(C)C,mol_e7eb29ad965cc8ee,0.485,0.619,0.6320313811302185,0.9884074926376343,133.5580291748047,CC(C)CO,mol_015d21fca05fcd26,0.061,0.135,0.14786367118358612,1.3175407648086548,186.37030029296875,CCCCOC(=O)CC,mol_a9c167bbb331e76a,0.45399999999999996,0.246,0.22010494768619537,0.9559604525566101,51.37397766113281
state_6bded69b9406422ccb936169,2c_7e396008deb1d14f8e15,2,binary_vle_english.xlsx,10.1016/j.fluid.2015.11.007,passed,1.0,isobaric,0.9090909090909091,isobaric,353.88,354.0946044921875,,,0.0009679794311523438,True,False,48,CC(=O)N(C)C,mol_b8ccf255e2b62919,0.29500000000000004,0.013000000000000012,0.03975198045372963,0.2644187808036804,6.115878105163574,CC(=O)O,mol_9ac385b135af0125,0.705,0.987,0.9602479934692383,0.643476665019989,25.402463912963867,,,,,,,
state_6be7f49af6a938ffff57a7a0,2c_42d2383a8e4daebeb5e1,2,binary_vle_english.xlsx,10.1016/j.fluid.2010.08.002,unverified,0.5,isobaric,0.9333333333333333,isobaric,401.79999999999995,403.9706115722656,,,-1.9073486328125e-05,True,False,48,CCCCCCC,mol_fddb2c852c313396,0.009,0.137,0.12116790562868118,3.2541024684906006,248.2361297607422,CCCOCCO,mol_770d75a3bb2412ce,0.991,0.863,0.8788321018218994,1.000077724456787,53.204654693603516,,,,,,,
state_6c245a33e7513512f7801b99,2c_d66c7a74cea5d8732e08,2,binary_vle_english.xlsx,10.1016/j.fluid.2014.02.006,unverified,0.5,isobaric,0.9411764705882353,isobaric,353.58,354.1310119628906,,,-3.814697265625e-05,True,False,48,CC(C)O,mol_db030b5de88f8eaf,0.826,0.788,0.7922664284706116,1.019109845161438,95.34089660644531,O,mol_e81dc06beaa39499,0.17400000000000004,0.21199999999999997,0.20773358643054962,2.396397590637207,50.46701431274414,,,,,,,
state_6c6b9fc414f58e2cc011dafc,2c_f6f5f309e3d6c1952684,2,binary_vle_english.xlsx,10.1016/j.fluid.2012.12.020,passed,1.0,isobaric,0.9545454545454546,isobaric,400.16999999999996,397.68017578125,,,-8.392333984375e-05,True,False,48,CCCCCO,mol_243de2450bee5519,0.5164,0.35950000000000004,0.3216431140899658,1.122294306755066,56.05342102050781,CCCCO,mol_ad4ef9c6c876ca2f,0.4836,0.6405,0.6783568859100342,1.100064754486084,128.78775024414062,,,,,,,
state_6c8dc2d274c650d49525a78f,2c_74a658fab9cc22057bbd,2,binary_vle_english.xlsx,10.1016/j.jct.2019.03.036,unverified,0.5,isobaric,0.9473684210526315,isobaric,382.15,381.97186279296875,,,3.814697265625e-05,True,False,48,CCCOC(C)=O,mol_67043ae833ecd0c7,0.6316,0.9503,0.9608078598976135,1.160256028175354,132.81585693359375,CS(C)=O,mol_7d3e12eaed0f467c,0.36839999999999995,0.049699999999999966,0.03919210657477379,1.393533706665039,7.733406066894531,,,,,,,
state_6ca68941ff53da539d8eb40c,2c_61469365e9d7838600a7,2,binary_vle_english.xlsx,10.1016/j.fluid.2015.05.031,unverified,0.5,isobaric,0.9629629629629629,isobaric,358.34,360.95263671875,,,3.0517578125e-05,True,False,48,CCCCCCC,mol_fddb2c852c313396,0.977,0.671,0.6954145431518555,1.000034213066101,72.1156234741211,COC=O,mol_3beef90b23ffcece,0.023,0.329,0.3045854866504669,2.4093754291534424,556.8931884765625,,,,,,,
state_6ccab68bd7996b5e7b5521e3,2c_d66c7a74cea5d8732e08,2,binary_vle_english.xlsx,10.1016/j.fluid.2017.09.010,unverified,0.5,isobaric,0.9473684210526315,isobaric,356.7,356.01434326171875,,,2.288818359375e-05,True,False,48,CC(C)O,mol_db030b5de88f8eaf,0.1263,0.5112,0.5004588961601257,3.9075095653533936,102.42036437988281,O,mol_e81dc06beaa39499,0.8737,0.4888,0.4995410740375519,1.0624547004699707,54.35252380371094,,,,,,,
state_6d825c10efda2935bea46f39,2c_e923997b8f9df5a64a73,2,binary_vle_english.xlsx,10.1016/j.fluid.2018.03.011,unverified,0.5,isobaric,0.9090909090909091,isobaric,346.75,345.3038635253906,,,-1.52587890625e-05,True,False,48,CC(C)O,mol_db030b5de88f8eaf,0.8240000000000001,0.596,0.5592073202133179,1.0192877054214478,67.44627380371094,ClC(Cl)Cl,mol_d9e0a2387a6283f9,0.176,0.404,0.44079267978668213,1.8381778001785278,138.02040100097656,,,,,,,
state_6e1d7a5ee8f49b26e77cebcf,2c_35cc53cd52979773cfcb,2,binary_vle_english.xlsx,10.1016/j.fluid.2015.08.014,unverified,0.5,isobaric,0.9473684210526315,isobaric,340.94,343.103271484375,,,0.0,True,False,48,CO,mol_a85d32e4db2ff39c,0.895,1.0,0.9993353486061096,0.9342668056488037,121.06719207763672,CS(C)=O,mol_7d3e12eaed0f467c,0.10499999999999998,0.0,0.0006646250258199871,0.4226228892803192,1.5172024965286255,,,,,,,
state_6e2c2bebaee717db0729e413,2c_165952a69a69e7a8d3f6,2,binary_vle_english.xlsx,10.1016/j.fluid.2005.01.007,unverified,0.5,isobaric,0.9545454545454546,isobaric,346.51,350.2217712402344,,,-7.62939453125e-06,True,False,48,CC(C)CC(C)(C)C,mol_57615b5c3546c298,0.863,0.43400000000000005,0.44710299372673035,1.0495827198028564,50.012088775634766,CCO,mol_f29e20f49d416e54,0.137,0.566,0.5528969764709473,4.30935525894165,94.88690185546875,,,,,,,
state_6e60f7eca22bed4b362f11af,2c_5e274a8981b66e0477e8,2,binary_vle_english.xlsx,10.1016/j.fluid.2005.02.014,passed,1.0,isobaric,0.9166666666666666,isobaric,342.51,342.7357482910156,,,1.52587890625e-05,True,False,48,C1CCOCC1,mol_626f3d1f5bbb6f55,0.0713,0.0312,0.04169618710875511,1.0810670852661133,54.79783248901367,CCC(C)Cl,mol_9f4835d3aad75f1c,0.9287,0.9688,0.9583038091659546,1.000838041305542,104.44152069091797,,,,,,,
state_6e7cda0e6e192067a76c15fb,2c_8d6240d515d92725f365,2,binary_vle_english.xlsx,10.1016/j.fluid.2015.05.031,unverified,0.5,isobaric,0.96875,isobaric,305.15,305.386474609375,,,0.00147247314453125,True,False,48,CCCCCCCC,mol_8151bb583f7f3ebd,0.020000000000000018,0.006000000000000005,0.004543635994195938,7.440126895904541,3.093815326690674,COC=O,mol_3beef90b23ffcece,0.98,0.994,0.9954563975334167,1.0013808012008667,102.77750396728516,,,,,,,
state_6eb429bc234ac619bf1510da,2c_7b12ee2d0e35e39326bc,2,binary_vle_english.xlsx,10.1016/j.fluid.2011.08.007,unverified,0.5,isobaric,0.9642857142857143,isobaric,394.55999999999995,396.3614807128906,,,0.0001373291015625,True,False,48,CCOCCO,mol_ab8630148ae67e51,1.0,1.0,1.0,1.0,66.66011810302734,CO,mol_a85d32e4db2ff39c,0.0,0.0,0.0,0.9595047235488892,686.3091430664062,,,,,,,
state_6ed8dabeb2f75d2945345110,3c_1a08c4f653f7d812cdc9,3,ternary_vle_english.xlsx,10.1016/j.jct.2019.03.036,unverified,0.5,isobaric,0.972972972972973,isobaric,374.80999999999995,371.2322692871094,,,4.57763671875e-05,True,False,48,CCCOC(C)=O,mol_67043ae833ecd0c7,0.0472,0.1079,0.058116331696510315,1.3357833623886108,93.37476348876953,CCOC(C)=O,mol_18876b584acc43d4,0.358,0.862,0.9086074233055115,1.3453508615493774,191.10279846191406,CS(C)=O,mol_7d3e12eaed0f467c,0.5948,0.030100000000000016,0.033276185393333435,1.1107863187789917,5.102011680603027
state_6f0b586bbedbba0810a8207c,2c_d66c7a74cea5d8732e08,2,binary_vle_english.xlsx,10.1016/j.jct.2016.10.001,unverified,0.5,isobaric,0.9375,isobaric,353.5,353.8104553222656,,,2.288818359375e-05,True,False,48,CC(C)O,mol_db030b5de88f8eaf,0.685,0.685,0.6848679184913635,1.0754092931747437,94.1784896850586,O,mol_e81dc06beaa39499,0.31499999999999995,0.31499999999999995,0.31513211131095886,2.033764123916626,49.82999038696289,,,,,,,
state_6f132e7c5fa8d6334fb9e3b0,2c_972bb6b6305c64cb2237,2,binary_vle_english.xlsx,10.1016/j.jct.2017.07.019,unverified,0.5,isobaric,0.95,isobaric,341.16999999999996,360.3181457519531,,,0.0,True,False,48,ClC(Cl)Cl,mol_d9e0a2387a6283f9,0.29879999999999995,0.8315,0.6862920522689819,1.0766029357910156,216.11354064941406,OCC(F)(F)C(F)F,mol_48469952cf716332,0.7012,0.1685,0.31370797753334045,1.0038928985595703,45.14455795288086,,,,,,,
state_6f20b0b7ebb34da94e5e5680,2c_9f331b7867f625e21322,2,binary_vle_english.xlsx,10.1016/j.jct.2015.03.013,unverified,0.5,isobaric,0.9090909090909091,isobaric,369.5,369.5295104980469,,,-6.103515625e-05,True,False,48,CCC(C)=O,mol_4cfc5db0ca2ab00b,0.6255,0.8759,0.8845951557159424,1.0584766864776611,179.0361328125,COCCO,mol_d291b272a64498d9,0.37450000000000006,0.12409999999999999,0.1154048815369606,1.105768084526062,37.34333038330078,,,,,,,
state_6f41ba2db64edbb4313a0cc0,2c_74a658fab9cc22057bbd,2,binary_vle_english.xlsx,10.1016/j.jct.2019.03.036,unverified,0.5,isobaric,0.9473684210526315,isobaric,423.88,417.6916198730469,,,9.918212890625e-05,True,False,48,CCCOC(C)=O,mol_67043ae833ecd0c7,0.1043,0.7045,0.7643003463745117,1.9724400043487549,376.344482421875,CS(C)=O,mol_7d3e12eaed0f467c,0.8956999999999999,0.2955,0.23569966852664948,1.0080628395080566,26.44346809387207,,,,,,,
state_6f4bfb684979d46d62e77975,2c_9f331b7867f625e21322,2,binary_vle_english.xlsx,10.1016/j.jct.2015.03.013,unverified,0.5,isobaric,0.9090909090909091,isobaric,381.9,381.9787902832031,,,1.52587890625e-05,True,False,48,CCC(C)=O,mol_4cfc5db0ca2ab00b,0.0535,0.2825,0.24012398719787598,1.308997392654419,255.4461669921875,COCCO,mol_d291b272a64498d9,0.9465,0.7175,0.759876012802124,1.0009007453918457,59.75682067871094,,,,,,,
state_6f52341f0fe8701a91251c5f,2c_7b12ee2d0e35e39326bc,2,binary_vle_english.xlsx,10.1016/j.fluid.2011.08.007,unverified,0.5,isobaric,0.9666666666666667,isobaric,335.55999999999995,336.3231506347656,,,0.00066375732421875,True,False,48,CCOCCO,mol_ab8630148ae67e51,0.0,0.0,0.0,0.9204856157302856,5.7384796142578125,CO,mol_a85d32e4db2ff39c,1.0,1.0,1.0,1.0,93.32072448730469,,,,,,,
state_6ffd3d47772b84d56c333546,2c_7e396008deb1d14f8e15,2,binary_vle_english.xlsx,10.1016/j.fluid.2015.11.007,passed,1.0,isobaric,0.9090909090909091,isobaric,328.04999999999995,330.5302734375,,,1.9073486328125e-06,True,False,48,CC(=O)N(C)C,mol_b8ccf255e2b62919,0.125,0.0010000000000000009,0.0018632181454449892,0.047999583184719086,2.1737608909606934,CC(=O)O,mol_9ac385b135af0125,0.875,0.999,0.9981367588043213,0.9012646675109863,8.85982608795166,,,,,,,
state_709d684f7b5efb72989c7d74,2c_8d6240d515d92725f365,2,binary_vle_english.xlsx,10.1016/j.fluid.2015.05.031,unverified,0.5,isobaric,0.96875,isobaric,306.53999999999996,307.424072265625,,,0.000885009765625,True,False,48,CCCCCCCC,mol_8151bb583f7f3ebd,0.20899999999999996,0.019000000000000017,0.018869848921895027,2.6749603748321533,3.4198217391967773,COC=O,mol_3beef90b23ffcece,0.791,0.981,0.9811301231384277,1.1369833946228027,110.53369140625,,,,,,,
state_70fe04cbe67d6a602095d6f9,2c_7b12ee2d0e35e39326bc,2,binary_vle_english.xlsx,10.1016/j.fluid.2011.08.007,unverified,0.5,isobaric,0.9642857142857143,isobaric,333.09999999999997,333.947509765625,,,-1.52587890625e-05,True,False,48,CCOCCO,mol_ab8630148ae67e51,0.21399999999999997,0.017000000000000015,0.016658123582601547,1.014613151550293,5.114190578460693,CO,mol_a85d32e4db2ff39c,0.786,0.983,0.9833419322967529,0.9814439415931702,84.97312927246094,,,,,,,
state_711d86859052f4cc0aaaaa0b,3c_1a08c4f653f7d812cdc9,3,ternary_vle_english.xlsx,10.1016/j.jct.2019.03.036,unverified,0.5,isobaric,0.972972972972973,isobaric,386.57,381.1289978027344,,,0.0012664794921875,True,False,48,CCCOC(C)=O,mol_67043ae833ecd0c7,0.3719,0.7041,0.5973269939422607,1.2584853172302246,129.28627014160156,CCOC(C)=O,mol_18876b584acc43d4,0.117,0.2423,0.3579901456832886,1.2212274074554443,253.8068084716797,CS(C)=O,mol_7d3e12eaed0f467c,0.5111,0.05360000000000009,0.04468286409974098,1.1821894645690918,7.491393566131592
state_71358df4f0a32288ff11e6cf,2c_5e274a8981b66e0477e8,2,binary_vle_english.xlsx,10.1016/j.fluid.2005.02.014,passed,1.0,isobaric,0.9166666666666666,isobaric,360.57,360.377685546875,,,3.814697265625e-05,True,False,48,C1CCOCC1,mol_626f3d1f5bbb6f55,0.9635,0.9381,0.9317030906677246,1.0000981092453003,97.94731903076172,CCC(C)Cl,mol_9f4835d3aad75f1c,0.03649999999999998,0.061899999999999955,0.06829690933227539,1.0637069940567017,178.19500732421875,,,,,,,
state_7148cef178038846e5ef00fe,2c_f0a592d91b289fcd0778,2,binary_vle_english.xlsx,10.1016/j.fluid.2005.01.007,unverified,0.5,isobaric,0.9545454545454546,isobaric,330.57,333.9750671386719,,,0.00048828125,True,False,48,CC(C)=O,mol_e04cf77cea7bbe66,0.567,0.81,0.8330717086791992,1.2710384130477905,117.12177276611328,CC(C)CC(C)(C)C,mol_57615b5c3546c298,0.43300000000000005,0.18999999999999995,0.16692829132080078,1.3248305320739746,29.483478546142578,,,,,,,
state_7149c811bfc9e252beb3967d,2c_a1a0cf7c2f4fd070fb84,2,binary_vle_english.xlsx,10.1016/j.jct.2018.03.019,unverified,0.5,isobaric,0.95,isobaric,435.15,435.3311767578125,,,7.62939453125e-06,True,False,48,CC(C)=O,mol_e04cf77cea7bbe66,0.0,0.0,0.0,0.957525908946991,1562.6380615234375,O=Cc1ccco1,mol_cfdccd30b0689448,1.0,1.0,1.0,1.0,101.29994201660156,,,,,,,
state_724e4ac3cbc2bab399afb6e1,2c_df88b179a6c12f0b788b,2,binary_vle_english.xlsx,10.1016/j.jct.2006.12.003,unverified,0.5,isobaric,0.9333333333333333,isobaric,371.75,369.510009765625,,,-2.288818359375e-05,True,False,48,Cc1ccccc1,mol_1c09299644053521,0.596,0.374,0.3914242684841156,0.9950354099273682,66.86087036132812,ClCCCl,mol_e8df6c9e89c6b62a,0.404,0.626,0.608575701713562,0.9954773187637329,153.28897094726562,,,,,,,
state_72aa4872deef27b9cbc87e08,2c_26042ad21e725d8f2224,2,binary_vle_english.xlsx,10.1016/j.jct.2019.06.026,unverified,0.5,isobaric,0.9411764705882353,isobaric,393.25,395.24932861328125,,,0.0,True,False,48,CN(C)C=O,mol_ca12d6d2f2ffb170,0.4052,0.15969999999999995,0.14929042756557465,0.8915900588035583,41.860694885253906,OCC(F)(F)C(F)F,mol_48469952cf716332,0.5948,0.8403,0.8507096171379089,0.9657365083694458,150.0240478515625,,,,,,,
state_72de4ea65123992a390823a0,2c_60db84011f520a374b2a,2,binary_vle_english.xlsx,10.1016/j.fluid.2016.04.012,passed,1.0,isobaric,0.8888888888888888,isobaric,332.54999999999995,333.8403015136719,,,0.00128936767578125,True,False,48,C1CCOC1,mol_c59bfa659357f795,0.5449999999999999,0.527,0.5394385457038879,1.1543952226638794,86.8571548461914,CO,mol_a85d32e4db2ff39c,0.455,0.473,0.46056151390075684,1.2118793725967407,84.6119155883789,,,,,,,
state_73ef219c48fefb50bcff89f5,2c_7b12ee2d0e35e39326bc,2,binary_vle_english.xlsx,10.1016/j.fluid.2011.08.007,unverified,0.5,isobaric,0.9642857142857143,isobaric,338.29999999999995,339.0852355957031,,,7.62939453125e-05,True,False,48,CCOCCO,mol_ab8630148ae67e51,0.372,0.03600000000000003,0.03694654256105423,1.0111700296401978,6.547452449798584,CO,mol_a85d32e4db2ff39c,0.628,0.964,0.9630534648895264,0.9839634299278259,103.89088439941406,,,,,,,
state_742cf76b2cee6eb47558ca41,3c_1a08c4f653f7d812cdc9,3,ternary_vle_english.xlsx,10.1016/j.jct.2019.03.036,unverified,0.5,isobaric,0.972972972972973,isobaric,386.29999999999995,380.4331359863281,,,0.00077056884765625,True,False,48,CCCOC(C)=O,mol_67043ae833ecd0c7,0.3567,0.6712,0.5605264902114868,1.2590686082839966,126.43174743652344,CCOC(C)=O,mol_18876b584acc43d4,0.1316,0.276,0.3959394693374634,1.2244398593902588,248.91317749023438,CS(C)=O,mol_7d3e12eaed0f467c,0.5117,0.05279999999999996,0.04353397339582443,1.1811593770980835,7.296538829803467
state_7494a83b3fdf9ae4da253947,2c_d66c7a74cea5d8732e08,2,binary_vle_english.xlsx,10.1016/j.jct.2016.10.001,unverified,0.5,isobaric,0.9375,isobaric,367.29999999999995,368.89117431640625,,,-5.340576171875e-05,True,False,48,CC(C)O,mol_db030b5de88f8eaf,0.009,0.201,0.13449329137802124,9.236406326293945,163.89437866210938,O,mol_e81dc06beaa39499,0.991,0.7989999999999999,0.8655067086219788,1.0003622770309448,88.43994140625,,,,,,,
state_74fd71e6ec5dbd1bc775cd14,2c_1490252da7453cbbebe4,2,binary_vle_english.xlsx,10.1016/j.jct.2011.10.025,unverified,0.5,isobaric,0.9545454545454546,isobaric,353.16999999999996,353.5753479003906,,,0.0,True,False,48,CC(C)CC(C)(C)C,mol_57615b5c3546c298,0.04700000000000004,0.125,0.11869104206562042,4.6143269538879395,55.439701080322266,CC(C)O,mol_db030b5de88f8eaf,0.953,0.875,0.8813089728355408,1.003706455230713,93.33354187011719,,,,,,,
state_759efe0ac88c4fd55f4b30fe,2c_7b12ee2d0e35e39326bc,2,binary_vle_english.xlsx,10.1016/j.fluid.2011.08.007,unverified,0.5,isobaric,0.9666666666666667,isobaric,365.91999999999996,365.5767822265625,,,3.0517578125e-05,True,False,48,CCOCCO,mol_ab8630148ae67e51,0.7110000000000001,0.17900000000000005,0.1593841314315796,0.9979280829429626,20.962900161743164,CO,mol_a85d32e4db2ff39c,0.289,0.821,0.8406158685684204,1.0137251615524292,267.7655334472656,,,,,,,
state_75ad095277bc7c95ab30e344,2c_9f331b7867f625e21322,2,binary_vle_english.xlsx,10.1016/j.jct.2015.03.013,unverified,0.5,isobaric,0.9090909090909091,isobaric,385.5,383.75634765625,,,6.103515625e-05,True,False,48,CCC(C)=O,mol_4cfc5db0ca2ab00b,0.2794,0.6384,0.6494449973106384,1.161177396774292,268.2393798828125,COCCO,mol_d291b272a64498d9,0.7206,0.36160000000000003,0.3505550026893616,1.02260422706604,63.7469596862793,,,,,,,
state_75c555576c93bdb1e8ef2f5c,2c_7c6b847ee4cb190db3ef,2,binary_vle_english.xlsx,10.1016/j.fluid.2005.06.024,unverified,0.5,isobaric,0.9666666666666667,isobaric,386.12,387.11199951171875,,,-6.103515625e-05,True,False,48,CCC(C)=O,mol_4cfc5db0ca2ab00b,0.1611,0.4314,0.4551070034503937,0.9742686152458191,293.8025817871094,CCOC(=O)OCC,mol_4df2781fcf4d4a77,0.8389,0.5686,0.5448930263519287,0.9982191920280457,65.9312744140625,,,,,,,
state_75e2fd67fab95a554a890203,2c_b94de72ffbeb53d6294b,2,binary_vle_english.xlsx,10.1016/j.fluid.2014.04.025,unverified,0.5,isobaric,0.9285714285714286,isobaric,385.67999999999995,385.9283142089844,,,0.0,True,False,48,CS(C)=O,mol_7d3e12eaed0f467c,0.10440000000000005,0.018000000000000016,0.017902474850416183,1.9383907318115234,8.961493492126465,Cc1ccccc1,mol_1c09299644053521,0.8956,0.982,0.9820975065231323,1.014304518699646,109.5169448852539,,,,,,,
state_75eead92a8d26a2c22cdbcc2,2c_a1a0cf7c2f4fd070fb84,2,binary_vle_english.xlsx,10.1016/j.jct.2018.03.019,unverified,0.5,isobaric,0.95,isobaric,383.37,381.20819091796875,,,0.00020599365234375,True,False,48,CC(C)=O,mol_e04cf77cea7bbe66,0.1899,0.8332,0.8649630546569824,0.9922724962234497,464.9986572265625,O=Cc1ccco1,mol_cfdccd30b0689448,0.8101,0.16679999999999995,0.13503693044185638,0.9968951940536499,16.938480377197266,,,,,,,
state_7651ef3c75310fe0cc1417c5,2c_1490252da7453cbbebe4,2,binary_vle_english.xlsx,10.1016/j.fluid.2007.10.016,unverified,0.5,isothermal,0.9615384615384616,isothermal,,,41.820027104767995,41.00959777832031,-3.814697265625e-06,True,False,48,CC(C)CC(C)(C)C,mol_57615b5c3546c298,0.09640000000000004,0.26280000000000003,0.21042975783348083,3.4827988147735596,25.703197479248047,CC(C)O,mol_db030b5de88f8eaf,0.9036,0.7372,0.7895702719688416,1.0116150379180908,35.422950744628906,,,,,,,
state_769a13f0897209b1a70172c1,2c_451f166b8507b1dda896,2,binary_vle_english.xlsx,10.1016/j.fluid.2010.11.026,passed,1.0,isothermal,0.9166666666666666,isothermal,,,84.299999931136,82.21527862548828,0.0,True,False,48,CCCOC(C)=O,mol_67043ae833ecd0c7,0.597,0.512,0.5210360288619995,1.0156481266021729,70.64845275878906,CCSCC,mol_a7491cfbf016fee6,0.403,0.488,0.4789640009403229,1.0216230154037476,95.6444320678711,,,,,,,
state_76a19e8e1e3f9cb7ad1fd1e3,2c_a160651817afdffd3182,2,binary_vle_english.xlsx,10.1016/j.fluid.2005.05.024,unverified,0.5,isothermal,0.9583333333333334,isothermal,,,29.259993460224,28.36200714111328,0.0,True,False,48,CC(=O)CC(C)C,mol_0a895444a9f0f36b,0.3863,0.22030000000000005,0.22398723661899567,1.309816837310791,12.555238723754883,CC(C)O,mol_db030b5de88f8eaf,0.6137,0.7797,0.7760127782821655,1.01242995262146,35.422950744628906,,,,,,,
state_76c188a1e536282643c786af,2c_1490252da7453cbbebe4,2,binary_vle_english.xlsx,10.1016/j.jct.2011.09.007,unverified,0.5,isothermal,0.9473684210526315,isothermal,,,45.929955743103996,45.01094055175781,0.0,True,False,48,CC(C)CC(C)(C)C,mol_57615b5c3546c298,0.6141,0.48109999999999997,0.47209617495536804,1.3462395668029785,25.703197479248047,CC(C)O,mol_db030b5de88f8eaf,0.3859,0.5189,0.5279037952423096,1.7382545471191406,35.422950744628906,,,,,,,
state_76f762c85b912b8953450d53,2c_303f5d258da9140f9795,2,binary_vle_english.xlsx,10.1016/j.fluid.2012.11.026,unverified,0.5,isothermal,0.9333333333333333,isothermal,,,20.740427500288,19.312885284423828,0.0,True,False,48,CCOC(=O)OCC,mol_4df2781fcf4d4a77,1.0,1.0,1.0,1.0,19.312885284423828,O,mol_e81dc06beaa39499,0.0,0.0,0.0,2.5038373470306396,48.539207458496094,,,,,,,
state_77c89cf97a39583a36004e67,2c_3cf279eea352998261d1,2,binary_vle_english.xlsx,10.1016/j.fluid.2012.05.016,unverified,0.5,isothermal,0.9375,isothermal,,,89.20999609984,87.43663024902344,-7.62939453125e-06,True,False,48,CCCOC(C)=O,mol_67043ae833ecd0c7,0.020199999999999996,0.023599999999999954,0.01878594234585762,1.998840093612671,40.681495666503906,CCO,mol_f29e20f49d416e54,0.9798,0.9764,0.9812140464782715,1.0003362894058228,87.53337860107422,,,,,,,
state_77ca1c12d315db6bc350d0ad,2c_ae99b15d6b25c7962c21,2,binary_vle_english.xlsx,10.1016/j.fluid.2005.05.003,unverified,0.5,isothermal,0.9230769230769231,isothermal,,,78.84004899443201,68.24372863769531,-7.62939453125e-06,True,False,48,NC1CCCCC1,mol_3cb1d9728851c877,0.18799999999999994,0.11599999999999999,0.1108095645904541,1.5740935802459717,25.553569793701172,O,mol_e81dc06beaa39499,0.812,0.884,0.8891904354095459,1.045363187789917,71.4881820678711,,,,,,,
state_7817cc1ca536e39b641213b3,2c_9478a219a5c540597926,2,binary_vle_english.xlsx,10.1016/j.fluid.2009.01.016,unverified,0.5,isothermal,0.9375,isothermal,,,118.260006830464,114.71322631835938,7.62939453125e-06,True,False,48,CC(=O)C(C)(C)C,mol_61a887e37d396488,0.2611,0.07230000000000003,0.06740965694189072,1.1624923944473267,25.4764347076416,COC(C)(C)C,mol_b614d6fea320c179,0.7389,0.9277,0.9325903654098511,1.0175434350967407,142.28720092773438,,,,,,,
state_78bbcbbd5d65869f93743e35,2c_6f361cb0ec8be0b0e6dd,2,binary_vle_english.xlsx,10.1016/j.jct.2012.11.005,unverified,0.5,isothermal,0.9166666666666666,isothermal,,,83.059968586368,72.77920532226562,0.0,True,False,48,CC(C)OC(C)C,mol_1a0ca8e5eeb68da8,0.235,0.518,0.46722185611724854,1.9837965965270996,72.93995666503906,CCO,mol_f29e20f49d416e54,0.765,0.482,0.5327781438827515,1.0699317455291748,47.37357711791992,,,,,,,
state_7925591f29fc81e3983c156f,2c_68be6b27ffcb3843add8,2,binary_vle_english.xlsx,10.1016/j.fluid.2010.09.023,unverified,0.5,full_state,0.0,isothermal,,,417.80003729894395,450.27166748046875,3.0517578125e-05,True,False,48,CCC#N,mol_abe9c8e175e3ffb6,0.5519000000000001,0.03859999999999997,0.028721876442432404,1.3810557126998901,16.96742057800293,CCCC,mol_fadb5806094149e6,0.4481,0.9614,0.9712781310081482,1.9040403366088867,512.5864868164062,,,,,,,
state_79d5e4f2ec30444b87123ef9,2c_303f5d258da9140f9795,2,binary_vle_english.xlsx,10.1016/j.fluid.2012.11.026,unverified,0.5,isothermal,0.9333333333333333,isothermal,,,85.525232493056,49.44483184814453,-3.814697265625e-06,True,False,48,CCOC(=O)OCC,mol_4df2781fcf4d4a77,0.81,0.29769999999999996,0.4791296124458313,1.0300759077072144,28.393545150756836,O,mol_e81dc06beaa39499,0.19,0.7023,0.5208703875541687,1.896106243133545,71.4881820678711,,,,,,,
state_79d67062703ce6d02c1bee54,2c_1490252da7453cbbebe4,2,binary_vle_english.xlsx,10.1016/j.jct.2011.09.007,unverified,0.5,isothermal,0.9473684210526315,isothermal,,,28.169949779456,26.981891632080078,-1.9073486328125e-06,True,False,48,CC(C)CC(C)(C)C,mol_57615b5c3546c298,0.9934,0.8996,0.9464290142059326,1.0001131296157837,25.703197479248047,CC(C)O,mol_db030b5de88f8eaf,0.0066,0.1004,0.053570955991744995,6.1826276779174805,35.422950744628906,,,,,,,
state_7a5c7a172d9827a2cd33a986,2c_9478a219a5c540597926,2,binary_vle_english.xlsx,10.1016/j.fluid.2009.01.016,unverified,0.5,isothermal,0.9444444444444444,isothermal,,,66.130027685888,65.60964965820312,-7.62939453125e-06,True,False,48,CC(=O)C(C)(C)C,mol_61a887e37d396488,0.49360000000000004,0.16290000000000004,0.14025677740573883,1.0603148937225342,17.582534790039062,COC(C)(C)C,mol_b614d6fea320c179,0.5064,0.8371,0.8597431778907776,1.043058156967163,106.7908935546875,,,,,,,
state_7a8dfc1ca62309dcd1ec292b,2c_1490252da7453cbbebe4,2,binary_vle_english.xlsx,10.1016/j.jct.2011.09.007,unverified,0.5,isothermal,0.9473684210526315,isothermal,,,43.200046935935994,42.093772888183594,0.0,True,False,48,CC(C)CC(C)(C)C,mol_57615b5c3546c298,0.8261000000000001,0.5542,0.5416136980056763,1.07371187210083,25.703197479248047,CC(C)O,mol_db030b5de88f8eaf,0.1739,0.4458,0.4583863317966461,3.1323132514953613,35.422950744628906,,,,,,,
state_7b936edb32857c052ef3790c,2c_913ec9aa8f318623c900,2,binary_vle_english.xlsx,10.1016/j.fluid.2014.02.023,unverified,0.5,isothermal,0.9285714285714286,isothermal,,,43.799997591936,23.641101837158203,-1.9073486328125e-06,True,False,48,C1CCCCC1,mol_893981623557f359,0.3244,0.9867,0.9768762588500977,1.3563148975372314,52.488704681396484,Nc1ccccc1,mol_8d11fd6c0d4e62a7,0.6756,0.013299999999999979,0.023123789578676224,1.051275610923767,0.7696981430053711,,,,,,,
state_7ba60b1e2a61036791943a73,2c_1490252da7453cbbebe4,2,binary_vle_english.xlsx,10.1016/j.fluid.2007.10.016,unverified,0.5,isothermal,0.9615384615384616,isothermal,,,63.140006938751995,61.78130340576172,0.0,True,False,48,CC(C)CC(C)(C)C,mol_57615b5c3546c298,0.08209999999999995,0.21650000000000003,0.18508280813694,3.86043381690979,36.078121185302734,CC(C)O,mol_db030b5de88f8eaf,0.9179,0.7835,0.8149171471595764,1.0099340677261353,54.3102912902832,,,,,,,
state_7d8e1878d05a380cf8b4bb73,2c_1490252da7453cbbebe4,2,binary_vle_english.xlsx,10.1016/j.fluid.2007.10.016,unverified,0.5,isothermal,0.9615384615384616,isothermal,,,39.369961948032,35.61247253417969,0.0,True,False,48,CC(C)CC(C)(C)C,mol_57615b5c3546c298,0.9327,0.6174,0.6809082627296448,1.0114901065826416,25.703197479248047,CC(C)O,mol_db030b5de88f8eaf,0.0673,0.3826,0.3190917670726776,4.7667012214660645,35.422950744628906,,,,,,,
state_7da59538a89bc54ab42d5551,2c_1490252da7453cbbebe4,2,binary_vle_english.xlsx,10.1016/j.fluid.2007.10.016,unverified,0.5,isothermal,0.9615384615384616,isothermal,,,70.229957146624,68.46322631835938,0.0,True,False,48,CC(C)CC(C)(C)C,mol_57615b5c3546c298,0.43720000000000003,0.40880000000000005,0.4003850817680359,1.7378456592559814,36.078121185302734,CC(C)O,mol_db030b5de88f8eaf,0.5628,0.5912,0.5996149182319641,1.3430542945861816,54.3102912902832,,,,,,,
state_7dc92dff0dbcf3c67a7adb59,2c_6f361cb0ec8be0b0e6dd,2,binary_vle_english.xlsx,10.1016/j.jct.2012.11.005,unverified,0.5,isothermal,0.9166666666666666,isothermal,,,42.219994208768,39.650047302246094,-3.814697265625e-06,True,False,48,CC(C)OC(C)C,mol_1a0ca8e5eeb68da8,0.714,0.714,0.753598690032959,1.1203391551971436,37.35390853881836,CCO,mol_f29e20f49d416e54,0.28600000000000003,0.28600000000000003,0.2464013397693634,1.7915822267532349,19.06707000732422,,,,,,,
state_7e4e2d51d4b91553a5bebc85,2c_1490252da7453cbbebe4,2,binary_vle_english.xlsx,10.1016/j.jct.2011.09.007,unverified,0.5,isothermal,0.9444444444444444,isothermal,,,64.22005144191999,63.14045715332031,0.0,True,False,48,CC(C)CC(C)(C)C,mol_57615b5c3546c298,0.10399999999999998,0.24570000000000003,0.21679428219795227,3.6481969356536865,36.078121185302734,CC(C)O,mol_db030b5de88f8eaf,0.896,0.7543,0.7832057476043701,1.0162333250045776,54.3102912902832,,,,,,,
state_7e598d4d0a3aa6924ebb38f4,2c_8b8dfc345b3e095c6955,2,binary_vle_english.xlsx,10.1016/j.jct.2012.10.003,unverified,0.5,isothermal,0.9,isothermal,,,316.49996890176004,348.26055908203125,3.0517578125e-05,True,False,48,CC(C)C,mol_cd0696a421ed56d8,0.0,0.0,0.0,5.686559677124023,245.7522735595703,FC(F)(F)I,mol_b415a9b082dbafac,1.0,1.0,1.0,1.0,348.2605895996094,,,,,,,
state_7e947783616462ae67be643d,2c_1490252da7453cbbebe4,2,binary_vle_english.xlsx,10.1016/j.jct.2011.09.007,unverified,0.5,isothermal,0.9444444444444444,isothermal,,,59.360051161216,59.24549865722656,0.0,True,False,48,CC(C)CC(C)(C)C,mol_57615b5c3546c298,0.049000000000000044,0.14629999999999999,0.12523894011974335,4.197152614593506,36.078121185302734,CC(C)O,mol_db030b5de88f8eaf,0.951,0.8537,0.8747610449790955,1.0034185647964478,54.3102912902832,,,,,,,
state_80efcb82dd16680a846f7f3f,2c_1490252da7453cbbebe4,2,binary_vle_english.xlsx,10.1016/j.jct.2011.09.007,unverified,0.5,isothermal,0.9473684210526315,isothermal,,,33.620034860928,35.720794677734375,0.0,True,False,48,CC(C)CC(C)(C)C,mol_57615b5c3546c298,0.0041999999999999815,0.020100000000000007,0.012485688552260399,4.131399631500244,25.703197479248047,CC(C)O,mol_db030b5de88f8eaf,0.9958,0.9799,0.987514317035675,1.000017523765564,35.422950744628906,,,,,,,
state_8152e80c309ed2d628dd4513,2c_1490252da7453cbbebe4,2,binary_vle_english.xlsx,10.1016/j.fluid.2007.10.016,unverified,0.5,isothermal,0.9615384615384616,isothermal,,,39.099984152832,38.869384765625,-3.814697265625e-06,True,False,48,CC(C)CC(C)(C)C,mol_57615b5c3546c298,0.05349999999999999,0.18720000000000003,0.13458219170570374,3.8041205406188965,25.703197479248047,CC(C)O,mol_db030b5de88f8eaf,0.9465,0.8128,0.8654178380966187,1.003293752670288,35.422950744628906,,,,,,,
state_816936950422829c599df9d0,2c_ae514b5a938c4d83d1c9,2,binary_vle_english.xlsx,10.1016/j.fluid.2009.08.007,unverified,0.5,full_state,0.0,isothermal,,,425.59992911641604,410.95526123046875,-3.0517578125e-05,True,False,48,CCCC,mol_fadb5806094149e6,0.0253,0.4279,0.4797489643096924,4.7313761711120605,1647.0264892578125,CCO,mol_f29e20f49d416e54,0.9747,0.5721,0.5202510356903076,1.0009846687316895,219.13365173339844,,,,,,,
state_82e24a3fb4c8eb943d0758f7,2c_c6a565ee5191fe2b2cdb,2,binary_vle_english.xlsx,10.1016/j.fluid.2010.11.026,passed,1.0,isothermal,0.9333333333333333,isothermal,,,79.000035836032,65.51739501953125,-7.62939453125e-06,True,False,48,CCO,mol_f29e20f49d416e54,0.20099999999999996,0.44699999999999995,0.39180874824523926,1.7797126770019531,71.76038360595703,CCSCC,mol_a7491cfbf016fee6,0.799,0.553,0.6081912517547607,1.0420544147491455,47.85855484008789,,,,,,,
state_82ff5d8b389ece3ac3706ac5,2c_98afb8e6c65a310db5e0,2,binary_vle_english.xlsx,10.1016/j.jct.2012.12.026,unverified,0.5,isothermal,0.9,isothermal,,,192.600025937792,234.95669555664062,0.0,True,False,48,F/C=C/C(F)(F)F,mol_0e763ba6787b2749,0.41300000000000003,0.41100000000000003,0.4303548038005829,1.182420253753662,207.0582733154297,FC(F)C(F)F,mol_fccff6221e62b4bc,0.587,0.589,0.5696451663970947,1.0765957832336426,211.78805541992188,,,,,,,
state_83528fb2287c5f825da33adc,2c_913ec9aa8f318623c900,2,binary_vle_english.xlsx,10.1016/j.fluid.2014.02.023,unverified,0.5,isothermal,0.8888888888888888,isothermal,,,83.289949671168,63.662269592285156,-3.814697265625e-06,True,False,48,C1CCCCC1,mol_893981623557f359,0.5049,0.9823,0.9814350008964539,1.2350386381149292,100.19770050048828,Nc1ccccc1,mol_8d11fd6c0d4e62a7,0.4951,0.01770000000000005,0.018565000966191292,1.128800630569458,2.114788293838501,,,,,,,
state_838bb6f94a7f568fe75a1704,2c_303f5d258da9140f9795,2,binary_vle_english.xlsx,10.1016/j.fluid.2012.11.026,unverified,0.5,isothermal,0.9333333333333333,isothermal,,,40.443740299904,30.174545288085938,0.0,True,False,48,CCOC(=O)OCC,mol_4df2781fcf4d4a77,0.988,0.7429,0.9298010468482971,1.0001248121261597,28.393545150756836,O,mol_e81dc06beaa39499,0.012,0.2571,0.07019893079996109,2.4691970348358154,71.4881820678711,,,,,,,
state_83b7d7b231a855f2cb3c2043,2c_303f5d258da9140f9795,2,binary_vle_english.xlsx,10.1016/j.fluid.2012.11.026,unverified,0.5,isothermal,0.9333333333333333,isothermal,,,24.683703178624,19.90996551513672,0.0,True,False,48,CCOC(=O)OCC,mol_4df2781fcf4d4a77,0.9941,0.8301000000000001,0.9643172025680542,1.0000303983688354,19.312885284423828,O,mol_e81dc06beaa39499,0.0059,0.1699,0.035682786256074905,2.4807591438293457,48.539207458496094,,,,,,,
state_8408b398b1dd8fa6d52a7aa4,2c_c6a565ee5191fe2b2cdb,2,binary_vle_english.xlsx,10.1016/j.fluid.2010.11.026,passed,1.0,isothermal,0.9333333333333333,isothermal,,,72.50003710655999,71.76039123535156,-7.62939453125e-06,True,False,48,CCO,mol_f29e20f49d416e54,1.0,1.0,1.0,1.0,71.76038360595703,CCSCC,mol_a7491cfbf016fee6,0.0,0.0,0.0,2.5788726806640625,47.85855484008789,,,,,,,
state_84738858e4f3b924c9ca23f7,2c_8b8dfc345b3e095c6955,2,binary_vle_english.xlsx,10.1016/j.jct.2012.10.003,unverified,0.5,isothermal,0.9,isothermal,,,278.200052279296,450.143798828125,0.0,True,False,48,CC(C)C,mol_cd0696a421ed56d8,0.577,0.488,0.4263680577278137,1.3535133600234985,245.7522735595703,FC(F)(F)I,mol_b415a9b082dbafac,0.423,0.512,0.5736319422721863,1.7528303861618042,348.2605895996094,,,,,,,
state_8510c35c05418e819dbfe76e,2c_a160651817afdffd3182,2,binary_vle_english.xlsx,10.1016/j.fluid.2005.05.024,unverified,0.5,isothermal,0.9583333333333334,isothermal,,,31.309958190592,30.73636245727539,0.0,True,False,48,CC(=O)CC(C)C,mol_0a895444a9f0f36b,0.21799999999999997,0.1382,0.13096140325069427,1.4706668853759766,12.555238723754883,CC(C)O,mol_db030b5de88f8eaf,0.782,0.8618,0.8690385818481445,0.9642730355262756,35.422950744628906,,,,,,,
state_85630f35f34e038a05f24dbe,2c_68be6b27ffcb3843add8,2,binary_vle_english.xlsx,10.1016/j.fluid.2010.09.023,unverified,0.5,isothermal,0.875,isothermal,,,426.499988422784,464.0323486328125,3.0517578125e-05,True,False,48,CCC#N,mol_abe9c8e175e3ffb6,0.49319999999999997,0.0373,0.026995936408638954,1.498920202255249,16.94513702392578,CCCC,mol_fadb5806094149e6,0.5068,0.9627,0.9730041027069092,1.7394155263900757,512.1804809570312,,,,,,,
state_8597da5f2b20b37bd13ded48,2c_3cf279eea352998261d1,2,binary_vle_english.xlsx,10.1016/j.fluid.2012.05.016,unverified,0.5,isothermal,0.9333333333333333,isothermal,,,30.530022337791998,28.817554473876953,0.0,True,False,48,CCCOC(C)=O,mol_67043ae833ecd0c7,0.2702,0.2349,0.19739572703838348,1.4550350904464722,14.468917846679688,CCO,mol_f29e20f49d416e54,0.7298,0.7651,0.8026043176651001,1.039750576019287,30.480745315551758,,,,,,,
state_85acd0f8e8b1c730766c40c4,2c_98afb8e6c65a310db5e0,2,binary_vle_english.xlsx,10.1016/j.jct.2012.12.026,unverified,0.5,isothermal,0.9,isothermal,,,129.00005682944,161.81149291992188,0.0,True,False,48,F/C=C/C(F)(F)F,mol_0e763ba6787b2749,0.41300000000000003,0.41200000000000003,0.42913857102394104,1.12559175491333,149.37432861328125,FC(F)C(F)F,mol_fccff6221e62b4bc,0.587,0.588,0.5708614587783813,1.0460190773010254,150.43968200683594,,,,,,,
state_85f020076a607e5642086ac1,2c_c6a565ee5191fe2b2cdb,2,binary_vle_english.xlsx,10.1016/j.fluid.2010.11.026,passed,1.0,isothermal,0.9333333333333333,isothermal,,,84.999942363136,71.55380249023438,-7.62939453125e-06,True,False,48,CCO,mol_f29e20f49d416e54,0.352,0.527,0.5118306279182434,1.449878215789795,71.76038360595703,CCSCC,mol_a7491cfbf016fee6,0.648,0.473,0.4881693720817566,1.1263376474380493,47.85855484008789,,,,,,,
state_871bdf13095580c54c79551b,2c_1490252da7453cbbebe4,2,binary_vle_english.xlsx,10.1016/j.jct.2011.09.007,unverified,0.5,isothermal,0.9,isothermal,,,46.360053702272,45.445987701416016,0.0,True,False,48,CC(C)CC(C)(C)C,mol_57615b5c3546c298,0.5048,0.45409999999999995,0.4485257863998413,1.5710009336471558,25.703197479248047,CC(C)O,mol_db030b5de88f8eaf,0.4952,0.5459,0.5514742136001587,1.4287471771240234,35.422950744628906,,,,,,,
state_87c840f2669bf0a8e409d9a9,2c_6aab25a5edecf15e2cbf,2,binary_vle_english.xlsx,10.1016/j.fluid.2012.05.016,unverified,0.5,isothermal,0.9333333333333333,isothermal,,,77.250046433664,77.45011901855469,-7.62939453125e-06,True,False,48,CCCO,mol_5fb2f93dc8caa9dc,0.24580000000000002,0.13529999999999998,0.1423625946044922,1.077958583831787,41.61347579956055,CCO,mol_f29e20f49d416e54,0.7542,0.8647,0.8576374053955078,1.00615656375885,87.53337860107422,,,,,,,
state_87d0ced79c3e26660a743ee6,2c_56df7cea200b948181e5,2,binary_vle_english.xlsx,10.1016/j.fluid.2007.07.010,unverified,0.5,isothermal,0.9333333333333333,isothermal,,,372.00007086464,404.89093017578125,3.0517578125e-05,True,False,48,CC(F)F,mol_ed933f1c25fd987c,1.0,1.0,1.0,1.0,404.8909606933594,CCCC,mol_fadb5806094149e6,0.0,0.0,0.0,5.32664155960083,159.4737548828125,,,,,,,
state_886c05d73d58889b16b19c85,2c_3cf279eea352998261d1,2,binary_vle_english.xlsx,10.1016/j.fluid.2012.05.016,unverified,0.5,isothermal,0.9333333333333333,isothermal,,,30.350037140992,30.071338653564453,-1.9073486328125e-06,True,False,48,CCCOC(C)=O,mol_67043ae833ecd0c7,0.07340000000000002,0.09289999999999998,0.06092333421111107,1.7250604629516602,14.468917846679688,CCO,mol_f29e20f49d416e54,0.9266,0.9071,0.9390766620635986,0.9998524188995361,30.480745315551758,,,,,,,
state_89274befd6401990bae9e7db,2c_9478a219a5c540597926,2,binary_vle_english.xlsx,10.1016/j.fluid.2009.01.016,unverified,0.5,isothermal,0.9411764705882353,isothermal,,,27.020044355456,26.138900756835938,0.0,True,False,48,CC(=O)C(C)(C)C,mol_61a887e37d396488,0.7988999999999999,0.3791,0.36608925461769104,1.0102386474609375,11.856537818908691,COC(C)(C)C,mol_b614d6fea320c179,0.2011,0.6209,0.6339107751846313,1.0466216802597046,78.72517395019531,,,,,,,
state_89519e73ca312b98d7d9aeb1,2c_8b8dfc345b3e095c6955,2,binary_vle_english.xlsx,10.1016/j.jct.2012.10.003,unverified,0.5,isothermal,0.9,isothermal,,,331.90003562943997,537.547607421875,0.0,True,False,48,CC(C)C,mol_cd0696a421ed56d8,0.846,0.792,0.5458342432975769,1.0416977405548096,332.9397277832031,FC(F)(F)I,mol_b415a9b082dbafac,0.154,0.208,0.4541657865047455,3.415619373321533,464.1316223144531,,,,,,,
state_89683c44a4c4430618ae3d6d,2c_a160651817afdffd3182,2,binary_vle_english.xlsx,10.1016/j.fluid.2005.05.024,unverified,0.5,isothermal,0.9583333333333334,isothermal,,,18.429950862848,17.634918212890625,-1.9073486328125e-06,True,False,48,CC(=O)CC(C)C,mol_0a895444a9f0f36b,0.8775,0.6171,0.6295038461685181,1.0076267719268799,12.555238723754883,CC(C)O,mol_db030b5de88f8eaf,0.1225,0.3829,0.37049612402915955,1.5056923627853394,35.422950744628906,,,,,,,
state_89e0f8bc426b9b86e6b8fcf7,2c_8b8dfc345b3e095c6955,2,binary_vle_english.xlsx,10.1016/j.jct.2012.10.003,unverified,0.5,isothermal,0.9,isothermal,,,427.999998385152,464.131591796875,3.0517578125e-05,True,False,48,CC(C)C,mol_cd0696a421ed56d8,0.0,0.0,0.0,5.912675857543945,332.9397277832031,FC(F)(F)I,mol_b415a9b082dbafac,1.0,1.0,1.0,1.0,464.1316223144531,,,,,,,
state_762eeb6eda2dd8a4bdacd4d1,2c_9f331b7867f625e21322,2,binary_vle_english.xlsx,10.1016/j.jct.2015.03.013,unverified,0.5,isobaric,0.9090909090909091,isobaric,372.2,371.82489013671875,,,6.103515625e-05,True,False,48,CCC(C)=O,mol_4cfc5db0ca2ab00b,0.554,0.8392,0.8538137078285217,1.0784000158309937,191.50433349609375,COCCO,mol_d291b272a64498d9,0.44599999999999995,0.16080000000000005,0.14618633687496185,1.0759499073028564,40.82113265991211,,,,,,,
state_7637d00060681843968d6547,3c_61bfd4ccc52903a74083,3,ternary_vle_english.xlsx,10.1016/j.fluid.2007.03.030,unverified,0.5,isobaric,0.9761904761904762,isobaric,364.33,363.6529846191406,,,0.00107574462890625,True,False,48,CCCO,mol_5fb2f93dc8caa9dc,0.307,0.543,0.2916721999645233,1.2303388118743896,78.22502136230469,CCCOCCC,mol_e13b90e4aa2e917d,0.461,0.403,0.656680166721344,1.409035325050354,102.41059112548828,CCOCCO,mol_ab8630148ae67e51,0.23199999999999998,0.05399999999999994,0.05164768174290657,1.1639806032180786,19.3745174407959
state_767e0aec432373151fefcb10,2c_9f331b7867f625e21322,2,binary_vle_english.xlsx,10.1016/j.jct.2015.03.013,unverified,0.5,isobaric,0.9090909090909091,isobaric,401.0,400.4443664550781,,,7.62939453125e-05,True,False,48,CCC(C)=O,mol_4cfc5db0ca2ab00b,0.0477,0.2351,0.19124135375022888,1.2929723262786865,415.5080261230469,COCCO,mol_d291b272a64498d9,0.9523,0.7649,0.8087586760520935,1.000689148902893,113.7237548828125,,,,,,,
state_76ffc710edd57c4e635c4728,2c_a1a0cf7c2f4fd070fb84,2,binary_vle_english.xlsx,10.1016/j.jct.2018.03.019,unverified,0.5,isobaric,0.95,isobaric,340.75,340.8854064941406,,,-5.340576171875e-05,True,False,48,CC(C)=O,mol_e04cf77cea7bbe66,0.6678,0.989,0.989976167678833,1.0232423543930054,146.76036071777344,O=Cc1ccco1,mol_cfdccd30b0689448,0.33220000000000005,0.01100000000000001,0.010023826733231544,0.9894243478775024,3.089301109313965,,,,,,,
state_776f67097295467e36bedf49,2c_1490252da7453cbbebe4,2,binary_vle_english.xlsx,10.1016/j.jct.2011.10.025,unverified,0.5,isobaric,0.9545454545454546,isobaric,350.57,350.9111633300781,,,7.62939453125e-05,True,False,48,CC(C)CC(C)(C)C,mol_57615b5c3546c298,0.634,0.41900000000000004,0.4238068461418152,1.3253931999206543,51.090885162353516,CC(C)O,mol_db030b5de88f8eaf,0.366,0.581,0.5761931538581848,1.8939701318740845,84.20218658447266,,,,,,,
state_778f1331fef0e8f7c95d9b4c,2c_7c6b847ee4cb190db3ef,2,binary_vle_english.xlsx,10.1016/j.fluid.2005.06.024,unverified,0.5,isobaric,0.9666666666666667,isobaric,379.54999999999995,379.8771057128906,,,0.0005035400390625,True,False,48,CCC(C)=O,mol_4cfc5db0ca2ab00b,0.268,0.5988,0.6282054781913757,0.98567795753479,240.963134765625,CCOC(=O)OCC,mol_4df2781fcf4d4a77,0.732,0.4012,0.37179455161094666,0.9954586029052734,51.69963836669922,,,,,,,
state_780c0906e5d8eefc74de37cc,2c_26042ad21e725d8f2224,2,binary_vle_english.xlsx,10.1016/j.jct.2019.06.026,unverified,0.5,isobaric,0.9411764705882353,isobaric,417.95,419.9855651855469,,,0.0,True,False,48,CN(C)C=O,mol_ca12d6d2f2ffb170,0.9217,0.7441,0.8132308125495911,0.9982402324676514,89.5361328125,OCC(F)(F)C(F)F,mol_48469952cf716332,0.0783,0.2559,0.18676920235157013,0.7764752507209778,311.1895751953125,,,,,,,
state_7856b86eabd65f56744b9182,2c_d66c7a74cea5d8732e08,2,binary_vle_english.xlsx,10.1016/j.fluid.2014.02.006,unverified,0.5,isobaric,0.9411764705882353,isobaric,362.97999999999996,363.1507263183594,,,0.0016632080078125,True,False,48,CC(C)O,mol_db030b5de88f8eaf,0.031,0.315,0.3133001923561096,7.671567440032959,133.45387268066406,O,mol_e81dc06beaa39499,0.969,0.685,0.6866998076438904,1.0041837692260742,71.49015808105469,,,,,,,
state_789ffa56c1aea48c99cfaada,2c_d66c7a74cea5d8732e08,2,binary_vle_english.xlsx,10.1016/j.fluid.2014.02.006,unverified,0.5,isobaric,0.9411764705882353,isobaric,356.53999999999996,356.414306640625,,,7.62939453125e-06,True,False,48,CC(C)O,mol_db030b5de88f8eaf,0.113,0.497,0.49206191301345825,4.242290019989014,103.98008728027344,O,mol_e81dc06beaa39499,0.887,0.503,0.5079380869865417,1.0507020950317383,55.209869384765625,,,,,,,
state_78ad31a604d73c0fe126534b,2c_4e1effd6e44016fa9e71,2,binary_vle_english.xlsx,10.1016/j.fluid.2019.03.022,passed,1.0,isobaric,0.95,isobaric,335.62,338.51226806640625,,,8.392333984375e-05,True,False,48,CO,mol_a85d32e4db2ff39c,0.10299999999999998,0.48,0.40873491764068604,3.9558565616607666,101.61866760253906,c1ccccc1,mol_7165dcf6be1f831d,0.897,0.52,0.591265082359314,1.0232206583023071,65.25743865966797,,,,,,,
state_78b46eab3799f6283c190138,2c_165952a69a69e7a8d3f6,2,binary_vle_english.xlsx,10.1016/j.fluid.2005.01.007,unverified,0.5,isobaric,0.9545454545454546,isobaric,344.52,346.4384460449219,,,4.57763671875e-05,True,False,48,CC(C)CC(C)(C)C,mol_57615b5c3546c298,0.45499999999999996,0.369,0.3490009307861328,1.749665379524231,44.41762161254883,CCO,mol_f29e20f49d416e54,0.545,0.631,0.6509990692138672,1.478979468345642,81.83079528808594,,,,,,,
state_78e089c00759ca58697991d1,3c_f0c258463b44c2183ab7,3,ternary_vle_english.xlsx,10.1016/j.fluid.2005.03.014,unverified,0.5,isobaric,0.9767441860465116,isobaric,388.14,387.9579162597656,,,0.00066375732421875,True,False,48,CC(=O)OCC(C)C,mol_e7eb29ad965cc8ee,0.037,0.059,0.05615396425127983,1.6067073345184326,95.68721771240234,CC(C)CO,mol_015d21fca05fcd26,0.7,0.884,0.874984860420227,0.9858630895614624,128.43930053710938,CN(C)C=O,mol_ca12d6d2f2ffb170,0.263,0.05699999999999994,0.06886117905378342,0.8075868487358093,32.8428955078125
state_7925591f29fc81e3983c156f,2c_68be6b27ffcb3843add8,2,binary_vle_english.xlsx,10.1016/j.fluid.2010.09.023,unverified,0.5,full_state,0.0,isobaric,322.03,319.3173522949219,,,-0.000213623046875,True,False,48,CCC#N,mol_abe9c8e175e3ffb6,0.5519000000000001,0.03859999999999997,0.027445880696177483,1.3804514408111572,15.050949096679688,CCCC,mol_fadb5806094149e6,0.4481,0.9614,0.972554087638855,1.901566982269287,476.8650207519531,,,,,,,
state_7949e9ff2c087c5999e5f8ce,2c_42d2383a8e4daebeb5e1,2,binary_vle_english.xlsx,10.1016/j.fluid.2010.08.002,unverified,0.5,isobaric,0.9230769230769231,isobaric,403.26,403.9566955566406,,,0.00109100341796875,True,False,48,CCCCCCC,mol_fddb2c852c313396,0.037,0.344,0.35900425910949707,3.128117322921753,248.14784240722656,CCCOCCO,mol_770d75a3bb2412ce,0.963,0.656,0.6409957408905029,1.0013428926467896,53.17919158935547,,,,,,,
state_7973168cd7b18ebe94b2ef90,2c_4e1effd6e44016fa9e71,2,binary_vle_english.xlsx,10.1016/j.fluid.2019.03.022,passed,1.0,isobaric,0.95,isobaric,331.58,332.6954345703125,,,8.392333984375e-05,True,False,48,CO,mol_a85d32e4db2ff39c,0.569,0.604,0.6171329617500305,1.3591796159744263,80.83494567871094,c1ccccc1,mol_7165dcf6be1f831d,0.431,0.396,0.3828670084476471,1.677398920059204,53.64680099487305,,,,,,,
state_79a3f3431b6eca1856929b42,2c_d66c7a74cea5d8732e08,2,binary_vle_english.xlsx,10.1016/j.fluid.2017.09.010,unverified,0.5,isobaric,0.9473684210526315,isobaric,362.2,360.09149169921875,,,0.00025177001953125,True,False,48,CC(C)O,mol_db030b5de88f8eaf,0.0513,0.3897,0.3954441249370575,6.526432037353516,119.29280090332031,O,mol_e81dc06beaa39499,0.9487,0.6103000000000001,0.6045559048652649,1.0111839771270752,63.65018844604492,,,,,,,
state_79dca1b610961e04bb4418a6,2c_165952a69a69e7a8d3f6,2,binary_vle_english.xlsx,10.1016/j.fluid.2007.06.005,unverified,0.5,isobaric,0.9545454545454546,isobaric,344.63,346.51513671875,,,0.00199127197265625,True,False,48,CC(C)CC(C)(C)C,mol_57615b5c3546c298,0.498,0.374,0.3543274700641632,1.6187589168548584,44.525726318359375,CCO,mol_f29e20f49d416e54,0.502,0.626,0.6456725597381592,1.587422490119934,82.07933044433594,,,,,,,
state_7a567c54ba2fd471a2118751,2c_9f31aad1f9974e54ecb0,2,binary_vle_english.xlsx,10.1016/j.jct.2017.07.019,unverified,0.5,isobaric,0.95,isobaric,402.54999999999995,402.596923828125,,,-7.62939453125e-06,True,False,48,Cc1ccc(C)cc1,mol_e7658ba520613aac,0.9562,0.7505,0.7847874760627747,1.0028012990951538,82.90821838378906,OCC(F)(F)C(F)F,mol_48469952cf716332,0.0438,0.2495,0.21521253883838654,2.6464004516601562,188.0819091796875,,,,,,,
state_7a73b75c36ef23e6810f43fd,2c_6f361cb0ec8be0b0e6dd,2,binary_vle_english.xlsx,10.1016/j.fluid.2006.08.004,unverified,0.5,isobaric,0.95,isobaric,337.46999999999997,339.248779296875,,,5.340576171875e-05,True,False,48,CC(C)OC(C)C,mol_1a0ca8e5eeb68da8,0.598,0.651,0.6377054452896118,1.2267502546310425,88.0586929321289,CCO,mol_f29e20f49d416e54,0.402,0.349,0.3622944951057434,1.4916038513183594,61.20566177368164,,,,,,,
state_7ab9817a746ad94df5eeae32,2c_74a658fab9cc22057bbd,2,binary_vle_english.xlsx,10.1016/j.jct.2019.03.036,unverified,0.5,isobaric,0.9473684210526315,isobaric,433.65,426.665283203125,,,-3.0517578125e-05,True,False,48,CCCOC(C)=O,mol_67043ae833ecd0c7,0.0701,0.5944,0.6787840127944946,2.0620689392089844,475.6849670410156,CS(C)=O,mol_7d3e12eaed0f467c,0.9299,0.40559999999999996,0.321215957403183,1.003603458404541,34.866451263427734,,,,,,,
state_7b31937492ddde8ccb49a809,3c_1a08c4f653f7d812cdc9,3,ternary_vle_english.xlsx,10.1016/j.jct.2019.03.036,unverified,0.5,isobaric,0.972972972972973,isobaric,385.64,385.14617919921875,,,-5.340576171875e-05,True,False,48,CCCOC(C)=O,mol_67043ae833ecd0c7,0.307,0.6984,0.6021474599838257,1.3530970811843872,146.8400115966797,CCOC(C)=O,mol_18876b584acc43d4,0.0931,0.2501,0.34030479192733765,1.3055943250656128,283.6083984375,CS(C)=O,mol_7d3e12eaed0f467c,0.5999,0.05149999999999999,0.05754772573709488,1.1161624193191528,8.706244468688965
state_7b4782cde2b3e9b4a03ca1df,2c_7e396008deb1d14f8e15,2,binary_vle_english.xlsx,10.1016/j.fluid.2015.11.007,passed,1.0,isobaric,0.9090909090909091,isobaric,368.46,360.704833984375,,,5.0067901611328125e-05,True,False,48,CC(=O)N(C)C,mol_b8ccf255e2b62919,0.5700000000000001,0.352,0.4423232674598694,0.6808086633682251,7.978815078735352,CC(=O)O,mol_9ac385b135af0125,0.43,0.648,0.5576767325401306,0.2726134955883026,33.30160903930664,,,,,,,
state_7b530ca72b06b78c7410a6ba,2c_4c757308eefec1e2dd80,2,binary_vle_english.xlsx,10.1016/j.fluid.2011.11.020,unverified,0.5,isobaric,0.9444444444444444,isobaric,340.07,348.5574951171875,,,0.0,True,False,48,C=C(C)C(C)C,mol_6f1c44bf29e6107c,0.349,0.6219,0.4122748076915741,1.3771930932998657,86.91702270507812,c1ccsc1,mol_7953343be0b435d5,0.651,0.3781,0.5877251625061035,1.1194626092910767,81.71880340576172,,,,,,,
state_7bafecd9bcb6acf1de298910,2c_9f331b7867f625e21322,2,binary_vle_english.xlsx,10.1016/j.jct.2015.03.013,unverified,0.5,isobaric,0.9090909090909091,isobaric,345.59999999999997,344.53033447265625,,,-7.62939453125e-05,True,False,48,CCC(C)=O,mol_4cfc5db0ca2ab00b,0.8886,0.9822,0.974086344242096,1.0063823461532593,81.14915466308594,COCCO,mol_d291b272a64498d9,0.11140000000000005,0.017800000000000038,0.02591363899409771,1.321755290031433,13.111368179321289,,,,,,,
state_7c359d7d225cb147f66550e2,3c_61bfd4ccc52903a74083,3,ternary_vle_english.xlsx,10.1016/j.fluid.2007.03.030,unverified,0.5,isobaric,0.9761904761904762,isobaric,371.28,364.94647216796875,,,0.00128936767578125,True,False,48,CCCO,mol_5fb2f93dc8caa9dc,0.04,0.154,0.05866696313023567,1.806278109550476,82.25525665283203,CCCOCCC,mol_e13b90e4aa2e917d,0.756,0.796,0.8678756356239319,1.0909892320632935,106.59330749511719,CCOCCO,mol_ab8630148ae67e51,0.20399999999999996,0.04999999999999993,0.07345741987228394,1.78542160987854,20.430519104003906
state_7c4e5b46671fe5766fd6a2bd,2c_4e1effd6e44016fa9e71,2,binary_vle_english.xlsx,10.1016/j.fluid.2019.03.022,passed,1.0,isobaric,0.95,isobaric,353.25,352.33935546875,,,0.00020599365234375,True,False,48,CO,mol_a85d32e4db2ff39c,0.0,0.0,0.0,6.03715181350708,169.8339080810547,c1ccccc1,mol_7165dcf6be1f831d,1.0,1.0,1.0,1.0,101.30014038085938,,,,,,,
state_7cee8b828ae85556c278ea1c,2c_42d2383a8e4daebeb5e1,2,binary_vle_english.xlsx,10.1016/j.fluid.2010.08.002,unverified,0.5,isobaric,0.9230769230769231,isobaric,365.39,366.8937683105469,,,-3.814697265625e-05,True,False,48,CCCCCCC,mol_fddb2c852c313396,0.651,0.903,0.9030762314796448,1.275173306465149,87.0289535522461,CCCOCCO,mol_770d75a3bb2412ce,0.349,0.09699999999999998,0.09692373871803284,1.6985208988189697,13.080470085144043,,,,,,,
state_7d7e46b0dee283b52db4aecd,2c_74caf60139062b8ca437,2,binary_vle_english.xlsx,10.1016/j.fluid.2010.08.010,unverified,0.5,isobaric,0.9411764705882353,isobaric,425.45,417.80792236328125,,,0.0001373291015625,True,False,48,CCCCCCO,mol_eb71ecc709e3f0dc,0.8200000000000001,0.7417,0.6170775294303894,1.024552345275879,70.21829223632812,Cc1ccccc1C,mol_61c4de85d258b45d,0.18,0.2583,0.38292253017425537,1.8036757707595825,112.75569915771484,,,,,,,
state_7d9e510e5a43c6a61963c48f,2c_42d2383a8e4daebeb5e1,2,binary_vle_english.xlsx,10.1016/j.fluid.2010.08.002,unverified,0.5,isobaric,0.9230769230769231,isobaric,371.15,371.41217041015625,,,-4.57763671875e-05,True,False,48,CCCCCCC,mol_fddb2c852c313396,1.0,1.0,1.0,1.0,100.0,CCCOCCO,mol_770d75a3bb2412ce,0.0,0.0,0.0,6.063213348388672,15.753925323486328,,,,,,,
state_7db569a8cc3eb69940b1fa8a,2c_6f361cb0ec8be0b0e6dd,2,binary_vle_english.xlsx,10.1016/j.fluid.2006.08.004,unverified,0.5,isobaric,0.95,isobaric,338.34,340.005126953125,,,6.866455078125e-05,True,False,48,CC(C)OC(C)C,mol_1a0ca8e5eeb68da8,0.44,0.578,0.559029757976532,1.4284952878952026,90.09752655029297,CCO,mol_f29e20f49d416e54,0.56,0.42200000000000004,0.4409703016281128,1.263338327407837,63.14094924926758,,,,,,,
state_7ddb3aba98f340b09c4f6e08,2c_d66c7a74cea5d8732e08,2,binary_vle_english.xlsx,10.1016/j.jct.2006.04.006,unverified,0.5,isobaric,0.9444444444444444,isobaric,355.45,355.72381591796875,,,7.62939453125e-06,True,False,48,CC(C)O,mol_db030b5de88f8eaf,1.0,1.0,1.0,1.0,101.29994201660156,O,mol_e81dc06beaa39499,0.0,0.0,0.0,2.881972074508667,53.73691940307617,,,,,,,
state_7dfeca6e93cc885c2307cd39,2c_42d2383a8e4daebeb5e1,2,binary_vle_english.xlsx,10.1016/j.fluid.2010.08.002,unverified,0.5,isobaric,0.9230769230769231,isobaric,415.29999999999995,416.19793701171875,,,0.0001220703125,True,False,48,CCCCCCC,mol_fddb2c852c313396,0.0,0.0,0.0,3.3471269607543945,336.6664733886719,CCCOCCO,mol_770d75a3bb2412ce,1.0,1.0,1.0,1.0,80.00007629394531,,,,,,,
state_7e853f780d84a31a9dcba06f,2c_8d6240d515d92725f365,2,binary_vle_english.xlsx,10.1016/j.fluid.2015.05.031,unverified,0.5,isobaric,0.96875,isobaric,305.76,306.30535888671875,,,0.0012359619140625,True,False,48,CCCCCCCC,mol_8151bb583f7f3ebd,0.07599999999999996,0.015000000000000013,0.012686441652476788,5.224433898925781,3.2373313903808594,COC=O,mol_3beef90b23ffcece,0.924,0.985,0.9873135089874268,1.0192580223083496,106.21824645996094,,,,,,,
state_7fb83c8ada85f63bec56c340,2c_74a658fab9cc22057bbd,2,binary_vle_english.xlsx,10.1016/j.jct.2019.03.036,unverified,0.5,isobaric,0.9473684210526315,isobaric,401.03,399.310546875,,,2.288818359375e-05,True,False,48,CCCOC(C)=O,mol_67043ae833ecd0c7,0.2387,0.8747,0.8866844773292542,1.6695566177368164,225.38487243652344,CS(C)=O,mol_7d3e12eaed0f467c,0.7613,0.12529999999999997,0.11331556737422943,1.0443803071975708,14.437244415283203,,,,,,,
state_7fbd6f4c24933b49c6f50042,2c_a1a0cf7c2f4fd070fb84,2,binary_vle_english.xlsx,10.1016/j.jct.2018.03.019,unverified,0.5,isobaric,0.95,isobaric,365.94,366.9725341796875,,,0.00115966796875,True,False,48,CC(C)=O,mol_e04cf77cea7bbe66,0.2944,0.928,0.9329783320426941,1.0077327489852905,318.5682678222656,O=Cc1ccco1,mol_cfdccd30b0689448,0.7056,0.07199999999999995,0.0670216977596283,0.9925513863563538,9.694334030151367,,,,,,,
state_7fe95f15513f4c125220feac,2c_d66c7a74cea5d8732e08,2,binary_vle_english.xlsx,10.1016/j.fluid.2015.11.034,unverified,0.5,isobaric,0.9333333333333333,isobaric,353.32,353.8117370605469,,,7.62939453125e-06,True,False,48,CC(C)O,mol_db030b5de88f8eaf,0.675,0.674,0.6786055564880371,1.08130943775177,94.18306732177734,O,mol_e81dc06beaa39499,0.32499999999999996,0.32599999999999996,0.3213944137096405,2.010256290435791,49.83251190185547,,,,,,,
state_80426ea9e6b8013d2e6e38d0,2c_6f361cb0ec8be0b0e6dd,2,binary_vle_english.xlsx,10.1016/j.fluid.2006.08.004,unverified,0.5,isobaric,0.95,isobaric,337.30999999999995,339.1899108886719,,,3.814697265625e-05,True,False,48,CC(C)OC(C)C,mol_1a0ca8e5eeb68da8,0.705,0.703,0.6870627403259277,1.1231045722961426,87.90152740478516,CCO,mol_f29e20f49d416e54,0.29500000000000004,0.29700000000000004,0.31293731927871704,1.7599809169769287,61.05717468261719,,,,,,,
state_8057375e862a369948480844,2c_d66c7a74cea5d8732e08,2,binary_vle_english.xlsx,10.1016/j.jct.2017.02.005,unverified,0.5,isobaric,0.96875,isobaric,354.76,354.8752136230469,,,-7.62939453125e-06,True,False,48,CC(C)O,mol_db030b5de88f8eaf,0.233,0.539,0.5253177285194397,2.298557758331299,98.08687591552734,O,mol_e81dc06beaa39499,0.767,0.46099999999999997,0.4746822416782379,1.1907777786254883,51.9729118347168,,,,,,,
state_8079e2903f2aa6484c84ab30,2c_7e396008deb1d14f8e15,2,binary_vle_english.xlsx,10.1016/j.fluid.2015.11.007,passed,1.0,isobaric,0.9090909090909091,isobaric,322.78,326.1766052246094,,,6.67572021484375e-06,True,False,48,CC(=O)N(C)C,mol_b8ccf255e2b62919,0.02100000000000002,0.0,6.872730591567233e-05,0.01296880841255188,1.7664680480957031,CC(=O)O,mol_9ac385b135af0125,0.979,1.0,0.999931275844574,0.9968007206916809,7.172572612762451,,,,,,,
state_809a4c7d4a6350e3b7f61458,2c_1490252da7453cbbebe4,2,binary_vle_english.xlsx,10.1016/j.jct.2011.10.025,unverified,0.5,isobaric,0.9545454545454546,isobaric,351.79999999999995,351.6927795410156,,,4.57763671875e-05,True,False,48,CC(C)CC(C)(C)C,mol_57615b5c3546c298,0.754,0.45099999999999996,0.44797244668006897,1.1499584913253784,52.33679962158203,CC(C)O,mol_db030b5de88f8eaf,0.246,0.549,0.5520275235176086,2.618924856185913,86.79844665527344,,,,,,,
state_80d7bb19e0e4beb4e181aa1c,2c_972bb6b6305c64cb2237,2,binary_vle_english.xlsx,10.1016/j.jct.2017.07.019,unverified,0.5,isobaric,0.95,isobaric,334.83,339.392822265625,,,-1.52587890625e-05,True,False,48,ClC(Cl)Cl,mol_d9e0a2387a6283f9,0.8438,0.921,0.9654576182365417,1.0128709077835083,114.43232727050781,OCC(F)(F)C(F)F,mol_48469952cf716332,0.1562,0.079,0.03454232215881348,1.146905779838562,19.532230377197266,,,,,,,
state_81436882fde98500751e5d17,2c_e923997b8f9df5a64a73,2,binary_vle_english.xlsx,10.1016/j.fluid.2018.03.011,unverified,0.5,isobaric,0.9090909090909091,isobaric,340.95,340.4234924316406,,,2.288818359375e-05,True,False,48,CC(C)O,mol_db030b5de88f8eaf,0.6579999999999999,0.395,0.39109474420547485,1.0893404483795166,55.27156066894531,ClC(Cl)Cl,mol_d9e0a2387a6283f9,0.342,0.605,0.6089051961898804,1.5247132778167725,118.28907775878906,,,,,,,
state_8166eb4d1ccfb07023ed7da2,2c_60db84011f520a374b2a,2,binary_vle_english.xlsx,10.1016/j.fluid.2013.09.060,passed,1.0,isobaric,0.8823529411764706,isobaric,332.4,333.8377685546875,,,0.00130462646484375,True,False,48,C1CCOC1,mol_c59bfa659357f795,0.518,0.507,0.5210692882537842,1.1733083724975586,86.84969329833984,CO,mol_a85d32e4db2ff39c,0.482,0.493,0.4789307415485382,1.1897410154342651,84.60343933105469,,,,,,,
state_816936950422829c599df9d0,2c_ae514b5a938c4d83d1c9,2,binary_vle_english.xlsx,10.1016/j.fluid.2009.08.007,unverified,0.5,full_state,0.0,isobaric,373.27,374.5318298339844,,,0.00030517578125,True,False,48,CCCC,mol_fadb5806094149e6,0.0253,0.4279,0.4756569266319275,4.739590167999268,1688.24072265625,CCO,mol_f29e20f49d416e54,0.9747,0.5721,0.5243430137634277,1.0009859800338745,228.72750854492188,,,,,,,
state_81ca70211e283cbc4d8abc76,3c_50c0ded265c297b30405,3,ternary_vle_english.xlsx,10.1016/j.fluid.2015.03.013,unverified,0.5,isobaric,0.9333333333333333,isobaric,397.88,399.9345703125,,,-2.288818359375e-05,True,False,48,CC(=O)N(C)C,mol_b8ccf255e2b62919,0.581,0.19199999999999995,0.1763843297958374,0.9531675577163696,32.264408111572266,CCC(C)O,mol_06affb0d2c6c8ff2,0.181,0.313,0.3568482995033264,0.7869563102722168,253.78358459472656,CCC(C)OC(C)=O,mol_879306ab1082c162,0.238,0.495,0.46676740050315857,1.2693817615509033,156.50936889648438
state_828bbc834f7fbfe36fe574fe,3c_2cb16216a8c609b7ad27,3,ternary_vle_english.xlsx,10.1016/j.fluid.2005.09.015,unverified,0.5,isobaric,0.9767441860465116,isobaric,401.34999999999997,402.4459228515625,,,0.00034332275390625,True,False,48,CC(=O)OCC(C)C,mol_e7eb29ad965cc8ee,0.285,0.401,0.4019898772239685,0.9595344066619873,148.90879821777344,CC(C)CO,mol_015d21fca05fcd26,0.094,0.228,0.2481783628463745,1.2709137201309204,210.44113159179688,CCCCOC(=O)CC,mol_a9c167bbb331e76a,0.621,0.371,0.34983178973197937,0.9830836057662964,58.04807662963867
state_82949ceca8eda976400b5386,2c_b94de72ffbeb53d6294b,2,binary_vle_english.xlsx,10.1016/j.fluid.2014.04.025,unverified,0.5,isobaric,0.9285714285714286,isobaric,399.95,403.3904113769531,,,-3.814697265625e-05,True,False,48,CS(C)=O,mol_7d3e12eaed0f467c,0.6175999999999999,0.09440000000000004,0.10931700468063354,1.0806822776794434,16.591718673706055,Cc1ccccc1,mol_1c09299644053521,0.3824,0.9056,0.8906829953193665,1.3321201801300049,177.121337890625,,,,,,,
state_82b2422ff67219547eadfe61,2c_26042ad21e725d8f2224,2,binary_vle_english.xlsx,10.1016/j.jct.2019.06.026,unverified,0.5,isobaric,0.9411764705882353,isobaric,411.75,415.0651550292969,,,5.340576171875e-05,True,False,48,CN(C)C=O,mol_ca12d6d2f2ffb170,0.8303,0.5626,0.6301233172416687,0.9916222095489502,77.5271224975586,OCC(F)(F)C(F)F,mol_48469952cf716332,0.1697,0.4374,0.3698766827583313,0.8146654963493347,271.02239990234375,,,,,,,
state_82e3b5d6b7099211b1221b1b,2c_165952a69a69e7a8d3f6,2,binary_vle_english.xlsx,10.1016/j.fluid.2007.06.005,unverified,0.5,isobaric,0.9545454545454546,isobaric,345.34,347.3248596191406,,,0.000701904296875,True,False,48,CC(C)CC(C)(C)C,mol_57615b5c3546c298,0.6930000000000001,0.397,0.3872639834880829,1.2392499446868896,45.68010711669922,CCO,mol_f29e20f49d416e54,0.307,0.603,0.6127360463142395,2.385845184326172,84.74321746826172,,,,,,,
state_82ea89ee86750d37ec5da118,3c_61bfd4ccc52903a74083,3,ternary_vle_english.xlsx,10.1016/j.fluid.2007.03.030,unverified,0.5,isobaric,0.9761904761904762,isobaric,364.12,367.7369384765625,,,5.340576171875e-05,True,False,48,CCCO,mol_5fb2f93dc8caa9dc,0.503,0.71,0.4807453155517578,1.0574195384979248,91.56069946289062,CCCOCCC,mol_e13b90e4aa2e917d,0.204,0.209,0.4544540047645569,1.9437978267669678,116.09622192382812,CCOCCO,mol_ab8630148ae67e51,0.29300000000000004,0.08100000000000007,0.06480066478252411,0.9791988730430603,22.87969970703125
state_832a8c4787d4f1c67f077406,2c_60db84011f520a374b2a,2,binary_vle_english.xlsx,10.1016/j.fluid.2013.09.060,passed,1.0,isobaric,0.9375,isobaric,333.7,334.7500915527344,,,0.00058746337890625,True,False,48,C1CCOC1,mol_c59bfa659357f795,0.782,0.689,0.7168785929679871,1.037183403968811,89.53544616699219,CO,mol_a85d32e4db2ff39c,0.21799999999999997,0.31100000000000005,0.28312140703201294,1.4997978210449219,87.71930694580078,,,,,,,
state_8337a2f1fa583b8f17974947,2c_82cfa7a14fa3ab1984f1,2,binary_vle_english.xlsx,10.1016/j.jct.2019.07.006,unverified,0.5,isobaric,0.9333333333333333,isobaric,359.96,367.51727294921875,,,5.340576171875e-05,True,False,48,CC#N,mol_7028b7cbd3d829b4,0.0433,0.4445,0.2028692066669464,3.199802875518799,148.32501220703125,O,mol_e81dc06beaa39499,0.9567,0.5555,0.797130823135376,1.003614902496338,84.10002136230469,,,,,,,
state_838b0a10ea3b97a569137e70,3c_1a08c4f653f7d812cdc9,3,ternary_vle_english.xlsx,10.1016/j.jct.2019.03.036,unverified,0.5,isobaric,0.972972972972973,isobaric,370.21999999999997,366.5716247558594,,,0.00188446044921875,True,False,48,CCCOC(C)=O,mol_67043ae833ecd0c7,0.0392,0.0433,0.03833020105957985,1.2440521717071533,79.62210083007812,CCOC(C)=O,mol_18876b584acc43d4,0.4534,0.9347,0.936811625957489,1.2585235834121704,166.3131561279297,CS(C)=O,mol_7d3e12eaed0f467c,0.5074,0.02200000000000002,0.024858232587575912,1.1740223169326782,4.22727632522583
state_84270b37a7e7d9796582f747,2c_26042ad21e725d8f2224,2,binary_vle_english.xlsx,10.1016/j.jct.2019.06.026,unverified,0.5,isobaric,0.9411764705882353,isobaric,399.45,402.4609680175781,,,5.340576171875e-05,True,False,48,CN(C)C=O,mol_ca12d6d2f2ffb170,0.5739000000000001,0.27359999999999995,0.2830266058444977,0.9469733834266663,52.7548828125,OCC(F)(F)C(F)F,mol_48469952cf716332,0.4261,0.7264,0.7169733643531799,0.9099932909011841,187.31076049804688,,,,,,,
state_842e4e7da1a4fd032d496118,2c_7b12ee2d0e35e39326bc,2,binary_vle_english.xlsx,10.1016/j.fluid.2011.08.007,unverified,0.5,isobaric,0.9642857142857143,isobaric,389.59999999999997,391.5202331542969,,,-3.0517578125e-05,True,False,48,CCOCCO,mol_ab8630148ae67e51,0.98,0.821,0.8268593549728394,0.9999517798423767,56.2459831237793,CO,mol_a85d32e4db2ff39c,0.02,0.179,0.17314060032367706,0.9654666185379028,597.7184448242188,,,,,,,
state_8430712d9a59c5a0984a0899,2c_7c6b847ee4cb190db3ef,2,binary_vle_english.xlsx,10.1016/j.fluid.2005.06.024,unverified,0.5,isobaric,0.9666666666666667,isobaric,354.66999999999996,353.0226745605469,,,0.000762939453125,True,False,48,CCC(C)=O,mol_4cfc5db0ca2ab00b,0.9291,0.986,0.9864007830619812,1.0005204677581787,107.51890563964844,CCOC(=O)OCC,mol_4df2781fcf4d4a77,0.07089999999999996,0.014000000000000012,0.013599250465631485,1.011423945426941,19.215662002563477,,,,,,,
state_84b241b113c61fda992b9fe3,2c_d66c7a74cea5d8732e08,2,binary_vle_english.xlsx,10.1016/j.jct.2017.02.005,unverified,0.5,isobaric,0.96875,isobaric,353.4,353.8018798828125,,,-6.103515625e-05,True,False,48,CC(C)O,mol_db030b5de88f8eaf,0.522,0.608,0.5997632145881653,1.2203949689865112,94.14750671386719,O,mol_e81dc06beaa39499,0.478,0.392,0.40023675560951233,1.6809163093566895,49.81303024291992,,,,,,,
state_84bbfba97905097ac0477e57,2c_972bb6b6305c64cb2237,2,binary_vle_english.xlsx,10.1016/j.jct.2017.07.019,unverified,0.5,isobaric,0.95,isobaric,336.92999999999995,349.5035095214844,,,3.814697265625e-05,True,False,48,ClC(Cl)Cl,mol_d9e0a2387a6283f9,0.52,0.886,0.8579151630401611,1.0640230178833008,157.0721893310547,OCC(F)(F)C(F)F,mol_48469952cf716332,0.48,0.114,0.14208483695983887,1.0113862752914429,29.648229598999023,,,,,,,
state_84f87f92299eb391974cea19,2c_9f31aad1f9974e54ecb0,2,binary_vle_english.xlsx,10.1016/j.jct.2017.07.019,unverified,0.5,isobaric,0.95,isobaric,379.77,383.048095703125,,,-9.1552734375e-05,True,False,48,Cc1ccc(C)cc1,mol_e7658ba520613aac,0.07320000000000004,0.13180000000000003,0.0706496611237526,2.1421263217926025,45.641788482666016,OCC(F)(F)C(F)F,mol_48469952cf716332,0.9268,0.8682,0.9293503165245056,1.0046306848526,101.11038208007812,,,,,,,
state_85367126bd9dd834c4eb71dc,2c_165952a69a69e7a8d3f6,2,binary_vle_english.xlsx,10.1016/j.fluid.2007.06.005,unverified,0.5,isobaric,0.9130434782608695,isobaric,344.47999999999996,346.3364562988281,,,-7.62939453125e-06,True,False,48,CC(C)CC(C)(C)C,mol_57615b5c3546c298,0.29500000000000004,0.34299999999999997,0.32336318492889404,2.5079939365386963,44.274253845214844,CCO,mol_f29e20f49d416e54,0.705,0.657,0.676636815071106,1.1929209232330322,81.50119018554688,,,,,,,
state_85425c19ef5723479517f192,2c_5e274a8981b66e0477e8,2,binary_vle_english.xlsx,10.1016/j.fluid.2005.02.014,passed,1.0,isobaric,0.9166666666666666,isobaric,343.88,343.83612060546875,,,-3.814697265625e-05,True,False,48,C1CCOCC1,mol_626f3d1f5bbb6f55,0.1496,0.0864,0.08901074528694153,1.0589320659637451,56.91827392578125,CCC(C)Cl,mol_9f4835d3aad75f1c,0.8504,0.9136,0.9109892845153809,1.0033626556396484,108.15363311767578,,,,,,,
state_8544e3a1d7846866a75cd7cf,2c_a1a0cf7c2f4fd070fb84,2,binary_vle_english.xlsx,10.1016/j.jct.2018.03.019,unverified,0.5,isobaric,0.95,isobaric,373.67999999999995,373.66534423828125,,,0.0,True,False,48,CC(C)=O,mol_e04cf77cea7bbe66,0.2401,0.893,0.9054373502731323,1.00021493434906,381.9284973144531,O=Cc1ccco1,mol_cfdccd30b0689448,0.7599,0.10699999999999998,0.09456268697977066,0.9949747920036316,12.66952896118164,,,,,,,
state_857aa77dfb993b3260ec2b8a,3c_2cb16216a8c609b7ad27,3,ternary_vle_english.xlsx,10.1016/j.fluid.2005.09.015,unverified,0.5,isobaric,0.9767441860465116,isobaric,387.2,387.8763122558594,,,0.00045013427734375,True,False,48,CC(=O)OCC(C)C,mol_e7eb29ad965cc8ee,0.201,0.201,0.1984952688217163,1.0481746196746826,95.44023895263672,CC(C)CO,mol_015d21fca05fcd26,0.479,0.669,0.6889979839324951,1.1377543210983276,128.0692901611328,CCCCOC(=O)CC,mol_a9c167bbb331e76a,0.32000000000000006,0.1299999999999999,0.11250679194927216,1.0109431743621826,35.23004150390625
state_860fbcdc91d133b4858adb21,2c_74caf60139062b8ca437,2,binary_vle_english.xlsx,10.1016/j.fluid.2010.08.010,unverified,0.5,isobaric,0.9411764705882353,isobaric,422.45,413.1800537109375,,,0.00131988525390625,True,False,48,CCCCCCO,mol_eb71ecc709e3f0dc,0.6346,0.5213,0.43833547830581665,1.1037403345108032,59.82787322998047,Cc1ccccc1C,mol_61c4de85d258b45d,0.3654,0.4787,0.5616645216941833,1.4812976121902466,99.2042007446289,,,,,,,
state_862d539b224701df44ecb32f,2c_9f31aad1f9974e54ecb0,2,binary_vle_english.xlsx,10.1016/j.jct.2017.07.019,unverified,0.5,isobaric,0.95,isobaric,394.13,396.939453125,,,-2.288818359375e-05,True,False,48,Cc1ccc(C)cc1,mol_e7658ba520613aac,0.8953,0.5633,0.6298913359642029,1.0155620574951172,70.17778778076172,OCC(F)(F)C(F)F,mol_48469952cf716332,0.1047,0.4367,0.3701086640357971,2.2642433643341064,158.14974975585938,,,,,,,
state_865c73d6d16763d7987591a6,3c_2cb16216a8c609b7ad27,3,ternary_vle_english.xlsx,10.1016/j.fluid.2005.09.015,unverified,0.5,isobaric,0.9767441860465116,isobaric,386.01,386.8162841796875,,,4.57763671875e-05,True,False,48,CC(=O)OCC(C)C,mol_e7eb29ad965cc8ee,0.406,0.382,0.3833315074443817,1.0364539623260498,92.2800521850586,CC(C)CO,mol_015d21fca05fcd26,0.388,0.538,0.5487467050552368,1.1615322828292847,123.34406280517578,CCCCOC(=O)CC,mol_a9c167bbb331e76a,0.20599999999999996,0.07999999999999996,0.06792179495096207,0.9845885634422302,33.92317581176758
state_8696607df096c8fa8e415a21,2c_d66c7a74cea5d8732e08,2,binary_vle_english.xlsx,10.1016/j.jct.2017.02.005,unverified,0.5,isobaric,0.96875,isobaric,355.09,355.38330078125,,,-4.57763671875e-05,True,False,48,CC(C)O,mol_db030b5de88f8eaf,1.0,1.0,1.0,1.0,100.0,O,mol_e81dc06beaa39499,0.0,0.0,0.0,2.875924825668335,53.023014068603516,,,,,,,
state_86a40c06acd89d68d4c8525d,2c_f6f5f309e3d6c1952684,2,binary_vle_english.xlsx,10.1016/j.fluid.2012.12.020,passed,1.0,isobaric,0.9545454545454546,isobaric,407.5,406.51007080078125,,,3.814697265625e-05,True,False,48,CCCCCO,mol_243de2450bee5519,0.8617,0.7755,0.6668609976768494,1.0115644931793213,77.26930236816406,CCCCO,mol_ad4ef9c6c876ca2f,0.1383,0.2245,0.3331390619277954,1.395813226699829,174.30001831054688,,,,,,,
state_86c662d43232603932417f25,2c_d66c7a74cea5d8732e08,2,binary_vle_english.xlsx,10.1016/j.fluid.2014.02.006,unverified,0.5,isobaric,0.9411764705882353,isobaric,353.71999999999997,354.4043884277344,,,0.0,True,False,48,CC(C)O,mol_db030b5de88f8eaf,0.464,0.585,0.5700225830078125,1.2917187213897705,96.3419189453125,O,mol_e81dc06beaa39499,0.536,0.41500000000000004,0.4299773871898651,1.5928879976272583,51.01580810546875,,,,,,,
state_86fb335e4d260e641fdaaa46,2c_60db84011f520a374b2a,2,binary_vle_english.xlsx,10.1016/j.fluid.2013.09.060,passed,1.0,isobaric,0.9375,isobaric,332.79999999999995,333.93560791015625,,,0.0011444091796875,True,False,48,C1CCOC1,mol_c59bfa659357f795,0.617,0.569,0.5890876054763794,1.109988808631897,87.13451385498047,CO,mol_a85d32e4db2ff39c,0.383,0.43100000000000005,0.4109123647212982,1.2796403169631958,84.93302917480469,,,,,,,
state_870f6e04ee6c924a8a11f849,2c_a873f6bbdf8411ff9a25,2,binary_vle_english.xlsx,10.1016/j.fluid.2013.05.016,passed,1.0,isobaric,0.9444444444444444,isobaric,356.2,356.1710205078125,,,3.814697265625e-05,True,False,48,CCCCCCCCC,mol_dd70207e50d8bf63,0.13,0.013,0.016376275569200516,1.1787439584732056,10.825841903686523,c1ccccc1,mol_7165dcf6be1f831d,0.87,0.987,0.983623743057251,1.006954550743103,113.73894500732422,,,,,,,
state_87143e3bcfc5b8246ca6740f,3c_61bfd4ccc52903a74083,3,ternary_vle_english.xlsx,10.1016/j.fluid.2007.03.030,unverified,0.5,isobaric,0.9761904761904762,isobaric,360.97999999999996,359.7584228515625,,,-7.62939453125e-06,True,False,48,CCCO,mol_5fb2f93dc8caa9dc,0.287,0.479,0.3014425039291382,1.5857138633728027,67.09758758544922,CCCOCCC,mol_e13b90e4aa2e917d,0.665,0.506,0.6865198612213135,1.1539703607559204,90.62456512451172,CCOCCO,mol_ab8630148ae67e51,0.04800000000000004,0.015000000000000013,0.01203759666532278,1.541965126991272,16.475292205810547
state_87180b6aa29cb52b953ab2be,3c_50c0ded265c297b30405,3,ternary_vle_english.xlsx,10.1016/j.fluid.2015.03.013,unverified,0.5,isobaric,0.9333333333333333,isobaric,398.96999999999997,401.3441162109375,,,-2.288818359375e-05,True,False,48,CC(=O)N(C)C,mol_b8ccf255e2b62919,0.584,0.21199999999999997,0.192082017660141,0.9871078729629517,33.75346374511719,CCC(C)O,mol_06affb0d2c6c8ff2,0.098,0.167,0.19847242534160614,0.7723729610443115,265.6171569824219,CCC(C)OC(C)=O,mol_879306ab1082c162,0.318,0.621,0.6094455718994141,1.1901592016220093,163.12173461914062
state_879e781c81e21192c946e6fa,2c_9f331b7867f625e21322,2,binary_vle_english.xlsx,10.1016/j.jct.2015.03.013,unverified,0.5,isobaric,0.9090909090909091,isobaric,402.7,401.88519287109375,,,0.0007476806640625,True,False,48,CCC(C)=O,mol_4cfc5db0ca2ab00b,0.0332,0.1687,0.13910087943077087,1.3033188581466675,430.77301025390625,COCCO,mol_d291b272a64498d9,0.9668,0.8313,0.8608990907669067,1.0003353357315063,119.28267669677734,,,,,,,
state_87ca432b6c0867c16bfd65f6,3c_61bfd4ccc52903a74083,3,ternary_vle_english.xlsx,10.1016/j.fluid.2007.03.030,unverified,0.5,isobaric,0.9761904761904762,isobaric,374.28999999999996,375.7840270996094,,,0.0001373291015625,True,False,48,CCCO,mol_5fb2f93dc8caa9dc,0.199,0.562,0.2447599470615387,1.007935643196106,123.61302185058594,CCCOCCC,mol_e13b90e4aa2e917d,0.204,0.252,0.5654764771461487,1.9041721820831299,147.4646453857422,CCOCCO,mol_ab8630148ae67e51,0.597,0.18599999999999994,0.189763605594635,1.0249192714691162,31.416563034057617
state_88356f12e036b60f36d6ab66,2c_42d2383a8e4daebeb5e1,2,binary_vle_english.xlsx,10.1016/j.fluid.2010.08.002,unverified,0.5,isobaric,0.9333333333333333,isobaric,354.60999999999996,355.9147033691406,,,-4.1961669921875e-05,True,False,48,CCCCCCC,mol_fddb2c852c313396,0.93,0.961,0.9599918723106384,1.0121957063674927,61.18867874145508,CCCOCCO,mol_770d75a3bb2412ce,0.06999999999999995,0.039000000000000035,0.04000810161232948,4.201178550720215,8.162622451782227,,,,,,,
state_886b0bfaeb1696ce43163799,2c_21b807a1a6c6348c91ac,2,binary_vle_english.xlsx,10.1016/j.fluid.2018.07.027,unverified,0.5,isobaric,0.9629629629629629,isobaric,385.16999999999996,384.2557373046875,,,3.814697265625e-05,True,False,48,CC(C)CC(C)(C)C,mol_57615b5c3546c298,0.033,0.1863,0.24279208481311798,5.693878173828125,130.8946075439453,CCCCO,mol_ad4ef9c6c876ca2f,0.967,0.8137,0.7572078704833984,1.0020800828933716,79.15813446044922,,,,,,,
state_8882c34f3ded2bff4180d2b4,2c_8227101c64130ee5e04f,2,binary_vle_english.xlsx,10.1016/j.jct.2017.07.019,unverified,0.5,isobaric,0.9411764705882353,isobaric,373.46999999999997,375.6836242675781,,,0.00041961669921875,True,False,48,O,mol_e81dc06beaa39499,0.27349999999999997,0.4425,0.42330896854400635,1.3898699283599854,112.8072280883789,OCC(F)(F)C(F)F,mol_48469952cf716332,0.7265,0.5575,0.5766910910606384,1.0217467546463013,78.70010375976562,,,,,,,
state_88f9f26ec19c16739115c370,3c_61bfd4ccc52903a74083,3,ternary_vle_english.xlsx,10.1016/j.fluid.2007.03.030,unverified,0.5,isobaric,0.9761904761904762,isobaric,359.12,360.3050537109375,,,0.00017547607421875,True,False,48,CCCO,mol_5fb2f93dc8caa9dc,0.496,0.603,0.42083871364593506,1.2534202337265015,68.57206726074219,CCCOCCC,mol_e13b90e4aa2e917d,0.45,0.378,0.568769633769989,1.3885643482208252,92.20782470703125,CCOCCO,mol_ab8630148ae67e51,0.05400000000000005,0.019000000000000017,0.010391668416559696,1.156366229057312,16.857999801635742
state_8906db068b00c9fbc76ef784,2c_74a658fab9cc22057bbd,2,binary_vle_english.xlsx,10.1016/j.jct.2019.03.036,unverified,0.5,isobaric,0.9473684210526315,isobaric,393.04999999999995,392.6631774902344,,,0.000274658203125,True,False,48,CCCOC(C)=O,mol_67043ae833ecd0c7,0.336,0.9085,0.9181067943572998,1.4958758354187012,185.04132080078125,CS(C)=O,mol_7d3e12eaed0f467c,0.6639999999999999,0.09150000000000003,0.08189321309328079,1.0922359228134155,11.43862247467041,,,,,,,
state_8916c58a913c2c5b957a386d,2c_7e396008deb1d14f8e15,2,binary_vle_english.xlsx,10.1016/j.fluid.2015.11.007,passed,1.0,isobaric,0.9090909090909091,isobaric,382.28,373.5423278808594,,,5.340576171875e-05,True,False,48,CC(=O)N(C)C,mol_b8ccf255e2b62919,0.642,0.604,0.5664555430412292,0.8133560419082642,13.01761245727539,CC(=O)O,mol_9ac385b135af0125,0.358,0.396,0.43354448676109314,0.2650889456272125,54.82015609741211,,,,,,,
state_891a10ecd80191cf83f14f82,2c_972bb6b6305c64cb2237,2,binary_vle_english.xlsx,10.1016/j.jct.2017.07.019,unverified,0.5,isobaric,0.95,isobaric,334.4,337.6259765625,,,0.00012969970703125,True,False,48,ClC(Cl)Cl,mol_d9e0a2387a6283f9,0.9165,0.9421,0.9817340970039368,1.004164457321167,108.06033325195312,OCC(F)(F)C(F)F,mol_48469952cf716332,0.0835,0.0579,0.01826591044664383,1.2234891653060913,18.111919403076172,,,,,,,
state_8921c0d2592c877f78644329,2c_d66c7a74cea5d8732e08,2,binary_vle_english.xlsx,10.1016/j.fluid.2015.11.034,unverified,0.5,isobaric,0.9333333333333333,isobaric,353.88,354.3545227050781,,,0.0,True,False,48,CC(C)O,mol_db030b5de88f8eaf,0.865,0.831,0.830005407333374,1.010847806930542,96.15860748291016,O,mol_e81dc06beaa39499,0.135,0.16900000000000004,0.16999463737010956,2.505315065383911,50.9152946472168,,,,,,,
state_89273aab8e881f3d6f471924,2c_d66c7a74cea5d8732e08,2,binary_vle_english.xlsx,10.1016/j.jct.2017.02.005,unverified,0.5,isobaric,0.96875,isobaric,353.10999999999996,353.5011291503906,,,-2.288818359375e-05,True,False,48,CC(C)O,mol_db030b5de88f8eaf,0.716,0.702,0.7055191993713379,1.0587525367736816,93.06822204589844,O,mol_e81dc06beaa39499,0.28400000000000003,0.29800000000000004,0.2944808304309845,2.1065940856933594,49.22184753417969,,,,,,,
state_898b08f402ba11779cf3ec07,3c_f0c258463b44c2183ab7,3,ternary_vle_english.xlsx,10.1016/j.fluid.2005.03.014,unverified,0.5,isobaric,0.9767441860465116,isobaric,419.34,416.99859619140625,,,0.00042724609375,True,False,48,CC(=O)OCC(C)C,mol_e7eb29ad965cc8ee,0.044,0.155,0.1548382043838501,1.5835353136062622,225.11721801757812,CC(C)CO,mol_015d21fca05fcd26,0.049,0.114,0.11082173883914948,0.6863093972206116,333.8258361816406,CN(C)C=O,mol_ca12d6d2f2ffb170,0.907,0.731,0.7343400716781616,0.9992967844009399,82.07416534423828
state_8a193729d2d926bf711c17fe,2c_8b8dfc345b3e095c6955,2,binary_vle_english.xlsx,10.1016/j.jct.2012.10.003,unverified,0.5,isothermal,0.9,isothermal,,,420.099981469312,585.016357421875,0.0,True,False,48,CC(C)C,mol_cd0696a421ed56d8,0.139,0.123,0.290873259305954,3.676980972290039,332.9397277832031,FC(F)(F)I,mol_b415a9b082dbafac,0.861,0.877,0.7091267108917236,1.0381190776824951,464.1320495605469,,,,,,,
state_8a615567e2ab2a671c5906ad,2c_3e7cc7d2a95d27d26296,2,binary_vle_english.xlsx,10.1016/j.fluid.2016.12.025,unverified,0.5,isothermal,0.95,isothermal,,,5.900048073472,8.213350296020508,0.0,True,False,48,CCCCCCO,mol_eb71ecc709e3f0dc,0.6526000000000001,0.2721,0.27033311128616333,1.084248661994934,3.137932538986206,CCCCO,mol_ad4ef9c6c876ca2f,0.3474,0.7279,0.7296669483184814,1.2229124307632446,14.106517791748047,,,,,,,
state_8a61b8a32ac7d1b358f331fb,2c_4e1effd6e44016fa9e71,2,binary_vle_english.xlsx,10.1016/j.jct.2006.06.002,unverified,0.5,full_state,0.0,isothermal,,,100.500000866816,95.82798767089844,-7.62939453125e-06,True,False,48,CO,mol_a85d32e4db2ff39c,0.923,0.7959,0.8171364665031433,1.0110821723937988,83.90711212158203,c1ccccc1,mol_7165dcf6be1f831d,0.07699999999999996,0.20409999999999995,0.18286354839801788,4.108792304992676,55.38785934448242,,,,,,,
state_8b1da62b5f6a23edb9e06825,2c_9478a219a5c540597926,2,binary_vle_english.xlsx,10.1016/j.fluid.2009.01.016,unverified,0.5,isothermal,0.9411764705882353,isothermal,,,51.570025198976,51.37306213378906,0.0,True,False,48,CC(=O)C(C)(C)C,mol_61a887e37d396488,0.42069999999999996,0.10880000000000001,0.10488011687994003,1.0801851749420166,11.856537818908691,COC(C)(C)C,mol_b614d6fea320c179,0.5793,0.8912,0.8951199054718018,1.0083225965499878,78.72517395019531,,,,,,,
state_8b3b13f3151e22e65f343b63,2c_6f361cb0ec8be0b0e6dd,2,binary_vle_english.xlsx,10.1016/j.jct.2012.11.005,unverified,0.5,isothermal,0.9166666666666666,isothermal,,,62.56005463795199,56.889129638671875,0.0,True,False,48,CC(C)OC(C)C,mol_1a0ca8e5eeb68da8,0.568,0.654,0.6687812209129333,1.2700392007827759,52.74094772338867,CCO,mol_f29e20f49d416e54,0.43200000000000005,0.346,0.33121874928474426,1.4309842586517334,30.480745315551758,,,,,,,
state_8b3de595a491d8155075d6da,2c_6aab25a5edecf15e2cbf,2,binary_vle_english.xlsx,10.1016/j.fluid.2012.05.016,unverified,0.5,isothermal,0.9166666666666666,isothermal,,,26.850058336255998,27.50381851196289,-1.9073486328125e-06,True,False,48,CCCO,mol_5fb2f93dc8caa9dc,0.15469999999999995,0.07279999999999998,0.07001826912164688,0.9404019117355347,13.237334251403809,CCO,mol_f29e20f49d416e54,0.8453,0.9272,0.9299817085266113,0.9927294850349426,30.480745315551758,,,,,,,
state_8b46dab27b358981781c003f,2c_1490252da7453cbbebe4,2,binary_vle_english.xlsx,10.1016/j.fluid.2007.10.016,unverified,0.5,isothermal,0.9615384615384616,isothermal,,,70.029973594624,68.34312438964844,-7.62939453125e-06,True,False,48,CC(C)CC(C)(C)C,mol_57615b5c3546c298,0.31479999999999997,0.37570000000000003,0.3651549518108368,2.1973202228546143,36.078121185302734,CC(C)O,mol_db030b5de88f8eaf,0.6852,0.6243,0.6348450183868408,1.1659046411514282,54.3102912902832,,,,,,,
state_8b570b5a52778e54b8842ed0,2c_56df7cea200b948181e5,2,binary_vle_english.xlsx,10.1016/j.fluid.2007.07.010,unverified,0.5,isothermal,0.9333333333333333,isothermal,,,149.999929657856,159.4737548828125,0.0,True,False,48,CC(F)F,mol_ed933f1c25fd987c,0.0,0.0,0.0,4.301056861877441,404.8909606933594,CCCC,mol_fadb5806094149e6,1.0,1.0,1.0,1.0,159.4737548828125,,,,,,,
state_8b6999a464c3ad20dab42db1,2c_68be6b27ffcb3843add8,2,binary_vle_english.xlsx,10.1016/j.fluid.2010.09.023,unverified,0.5,isothermal,0.875,isothermal,,,443.500056888832,467.74664306640625,0.0,True,False,48,CCC#N,mol_abe9c8e175e3ffb6,0.2963,0.03380000000000005,0.02650412730872631,2.4691593647003174,16.945072174072266,CCCC,mol_fadb5806094149e6,0.7037,0.9662,0.9734959006309509,1.2633806467056274,512.1804809570312,,,,,,,
state_8bc88a1fba3ede46e43883f4,2c_a160651817afdffd3182,2,binary_vle_english.xlsx,10.1016/j.fluid.2005.05.024,unverified,0.5,isothermal,0.9583333333333334,isothermal,,,28.560051028224,27.829490661621094,-1.9073486328125e-06,True,False,48,CC(=O)CC(C)C,mol_0a895444a9f0f36b,0.4285,0.23909999999999998,0.24261397123336792,1.2550067901611328,12.555214881896973,CC(C)O,mol_db030b5de88f8eaf,0.5715,0.7609,0.7573860287666321,1.0411697626113892,35.422950744628906,,,,,,,
state_8bd9584b1a2e37a59a3a5069,2c_a160651817afdffd3182,2,binary_vle_english.xlsx,10.1016/j.fluid.2005.05.024,unverified,0.5,isothermal,0.96,isothermal,,,52.970043385344,54.31029510498047,-3.814697265625e-06,True,False,48,CC(=O)CC(C)C,mol_0a895444a9f0f36b,0.0,0.0,0.0,1.2393906116485596,18.807552337646484,CC(C)O,mol_db030b5de88f8eaf,1.0,1.0,1.0,1.0,54.3102912902832,,,,,,,
state_8c065b5658263d9541b702e7,2c_c6a565ee5191fe2b2cdb,2,binary_vle_english.xlsx,10.1016/j.fluid.2015.10.041,passed,1.0,isothermal,0.9375,isothermal,,,49.700045665408,47.823516845703125,0.0,True,False,48,CCO,mol_f29e20f49d416e54,0.0,0.0,0.0,2.6059553623199463,71.70257568359375,CCSCC,mol_a7491cfbf016fee6,1.0,1.0,1.0,1.0,47.823516845703125,,,,,,,
state_8cd75e3c30d29c3f62ad4f35,2c_9478a219a5c540597926,2,binary_vle_english.xlsx,10.1016/j.fluid.2009.01.016,unverified,0.5,isothermal,0.9444444444444444,isothermal,,,31.329956545791998,29.954113006591797,0.0,True,False,48,CC(=O)C(C)(C)C,mol_61a887e37d396488,0.8768,0.5219,0.5165635943412781,1.003686785697937,17.582534790039062,COC(C)(C)C,mol_b614d6fea320c179,0.1232,0.4781,0.4834364652633667,1.1006543636322021,106.7908935546875,,,,,,,
state_8d35eb0ae9a9ba50a3a67777,2c_a4e8a38f7f4879124614,2,binary_vle_english.xlsx,10.1016/j.fluid.2012.05.016,unverified,0.5,isothermal,0.9375,isothermal,,,62.109958323583996,63.836830139160156,0.0,True,False,48,CCCO,mol_5fb2f93dc8caa9dc,0.8092,0.5541,0.5455933213233948,1.0343084335327148,41.61351776123047,CCOC(C)=O,mol_18876b584acc43d4,0.1908,0.4459,0.4544066786766052,1.6418120861053467,92.60067749023438,,,,,,,
state_8df09902b34dd48a91a44a36,2c_6aab25a5edecf15e2cbf,2,binary_vle_english.xlsx,10.1016/j.fluid.2012.05.016,unverified,0.5,isothermal,0.9333333333333333,isothermal,,,82.220037667968,81.79360961914062,-7.62939453125e-06,True,False,48,CCCO,mol_5fb2f93dc8caa9dc,0.14159999999999995,0.07469999999999999,0.07953561097383499,1.1040360927581787,41.61351776123047,CCO,mol_f29e20f49d416e54,0.8584,0.9253,0.9204644560813904,1.0019890069961548,87.53337860107422,,,,,,,
state_8e0ca60ea266a9bb4c5940bf,2c_ae99b15d6b25c7962c21,2,binary_vle_english.xlsx,10.1016/j.fluid.2005.05.003,unverified,0.5,isothermal,0.9230769230769231,isothermal,,,25.590028636288,25.553569793701172,0.0,True,False,48,NC1CCCCC1,mol_3cb1d9728851c877,1.0,1.0,1.0,1.0,25.553569793701172,O,mol_e81dc06beaa39499,0.0,0.0,0.0,1.6057554483413696,71.4881820678711,,,,,,,
state_8e1b0e129304a8c17473fd09,2c_56df7cea200b948181e5,2,binary_vle_english.xlsx,10.1016/j.fluid.2007.07.010,unverified,0.5,isothermal,0.75,isothermal,,,487.999996912768,615.6998291015625,6.103515625e-05,True,False,48,CC(F)F,mol_ed933f1c25fd987c,0.137,0.421,0.561956524848938,3.683655023574829,685.6023559570312,CCCC,mol_fadb5806094149e6,0.863,0.579,0.4380434453487396,1.0353773832321167,301.8399963378906,,,,,,,
state_8f261d46ebcd3c92c5dd01db,2c_1490252da7453cbbebe4,2,binary_vle_english.xlsx,10.1016/j.jct.2011.09.007,unverified,0.5,isothermal,0.9444444444444444,isothermal,,,66.18002357388801,65.04704284667969,0.0,True,False,48,CC(C)CC(C)(C)C,mol_57615b5c3546c298,0.14349999999999996,0.2872,0.26217666268348694,3.294016122817993,36.078121185302734,CC(C)O,mol_db030b5de88f8eaf,0.8565,0.7128,0.7378233671188354,1.031740427017212,54.3102912902832,,,,,,,
state_8f5019225eec0cc62341d794,2c_98afb8e6c65a310db5e0,2,binary_vle_english.xlsx,10.1016/j.jct.2012.12.026,unverified,0.5,isothermal,0.9166666666666666,isothermal,,,277.59996830092797,319.67474365234375,0.0,True,False,48,F/C=C/C(F)(F)F,mol_0e763ba6787b2749,0.20699999999999996,0.22099999999999997,0.26138830184936523,1.4398325681686401,280.35748291015625,FC(F)C(F)F,mol_fccff6221e62b4bc,0.793,0.779,0.7386116981506348,1.0235087871551514,290.9107360839844,,,,,,,
state_8f51e370fdd001b44e0a62d8,2c_a160651817afdffd3182,2,binary_vle_english.xlsx,10.1016/j.fluid.2005.05.024,unverified,0.5,isothermal,0.96,isothermal,,,49.039966621439994,48.215354919433594,-3.814697265625e-06,True,False,48,CC(=O)CC(C)C,mol_0a895444a9f0f36b,0.21760000000000002,0.128,0.1266920417547226,1.4926002025604248,18.807552337646484,CC(C)O,mol_db030b5de88f8eaf,0.7824,0.872,0.8733079433441162,0.9909272193908691,54.3102912902832,,,,,,,
state_8fac893b349f859969322e1c,2c_a160651817afdffd3182,2,binary_vle_english.xlsx,10.1016/j.fluid.2005.05.024,unverified,0.5,isothermal,0.9583333333333334,isothermal,,,32.95995581696,34.702903747558594,0.0,True,False,48,CC(=O)CC(C)C,mol_0a895444a9f0f36b,0.030200000000000005,0.023900000000000032,0.012060455046594143,1.1038204431533813,12.555214881896973,CC(C)O,mol_db030b5de88f8eaf,0.9698,0.9761,0.9879395365715027,0.9979970455169678,35.422950744628906,,,,,,,
state_8fff99683ec6341bf9cd32d3,2c_ae99b15d6b25c7962c21,2,binary_vle_english.xlsx,10.1016/j.fluid.2005.05.003,unverified,0.5,isothermal,0.9166666666666666,isothermal,,,21.279983123584,18.030670166015625,-1.9073486328125e-06,True,False,48,NC1CCCCC1,mol_3cb1d9728851c877,0.29800000000000004,0.137,0.15189175307750702,1.2229963541030884,7.514577388763428,O,mol_e81dc06beaa39499,0.702,0.863,0.8481082916259766,1.0437577962875366,20.87018394470215,,,,,,,
state_9041be20f218fec3ddedbcea,2c_9478a219a5c540597926,2,binary_vle_english.xlsx,10.1016/j.fluid.2009.01.016,unverified,0.5,isothermal,0.9411764705882353,isothermal,,,40.9499653312,40.66239929199219,0.0,True,False,48,CC(=O)C(C)(C)C,mol_61a887e37d396488,0.5851999999999999,0.18720000000000003,0.17797033488750458,1.0429857969284058,11.856537818908691,COC(C)(C)C,mol_b614d6fea320c179,0.4148,0.8128,0.8220296502113342,1.023594856262207,78.72517395019531,,,,,,,
state_9075f904f0ec29fa498943a5,2c_6f361cb0ec8be0b0e6dd,2,binary_vle_english.xlsx,10.1016/j.jct.2012.11.005,unverified,0.5,isothermal,0.9166666666666666,isothermal,,,87.47000587507199,75.68858337402344,-7.62939453125e-06,True,False,48,CC(C)OC(C)C,mol_1a0ca8e5eeb68da8,0.3,0.564,0.5108768343925476,1.7670929431915283,72.94002532958984,CCO,mol_f29e20f49d416e54,0.7,0.43600000000000005,0.48912313580513,1.1163859367370605,47.37357711791992,,,,,,,
state_908f1917643bade6ddbf5c80,2c_c6a565ee5191fe2b2cdb,2,binary_vle_english.xlsx,10.1016/j.fluid.2015.10.041,passed,1.0,isothermal,0.9375,isothermal,,,56.30003617088,50.58660888671875,0.0,True,False,48,CCO,mol_f29e20f49d416e54,0.02100000000000002,0.11499999999999999,0.07401923835277557,2.486715793609619,71.70257568359375,CCSCC,mol_a7491cfbf016fee6,0.979,0.885,0.925980806350708,1.0004913806915283,47.823516845703125,,,,,,,
state_913fad1267699bcb61c3d6a5,2c_ae514b5a938c4d83d1c9,2,binary_vle_english.xlsx,10.1016/j.fluid.2014.05.018,unverified,0.5,full_state,0.0,isothermal,,,225.000027809152,218.61160278320312,1.52587890625e-05,True,False,48,CCCC,mol_fadb5806094149e6,0.0,0.0,0.0,4.917440414428711,1644.7623291015625,CCO,mol_f29e20f49d416e54,1.0,1.0,1.0,1.0,218.6116180419922,,,,,,,
state_91f2e7432951724ac8fab4c0,2c_c6a565ee5191fe2b2cdb,2,binary_vle_english.xlsx,10.1016/j.fluid.2010.11.026,passed,1.0,isothermal,0.9333333333333333,isothermal,,,50.100012769407996,47.858558654785156,-3.814697265625e-06,True,False,48,CCO,mol_f29e20f49d416e54,0.0,0.0,0.0,2.605922222137451,71.76038360595703,CCSCC,mol_a7491cfbf016fee6,1.0,1.0,1.0,1.0,47.85855484008789,,,,,,,
state_929f992b1954a81af681b392,2c_98afb8e6c65a310db5e0,2,binary_vle_english.xlsx,10.1016/j.jct.2012.12.026,unverified,0.5,isothermal,0.9166666666666666,isothermal,,,390.799991298688,437.4029541015625,0.0,True,False,48,F/C=C/C(F)(F)F,mol_0e763ba6787b2749,0.20699999999999996,0.21899999999999997,0.27071982622146606,1.5389877557754517,371.7031555175781,FC(F)C(F)F,mol_fccff6221e62b4bc,0.793,0.781,0.7292802333831787,1.0290894508361816,390.8857421875,,,,,,,
state_92b0c1bfbe674ec387dd264d,2c_56df7cea200b948181e5,2,binary_vle_english.xlsx,10.1016/j.fluid.2007.07.010,unverified,0.5,isothermal,0.9333333333333333,isothermal,,,275.99996656256,313.43572998046875,0.0,True,False,48,CC(F)F,mol_ed933f1c25fd987c,0.941,0.923,0.9127273559570312,1.0057495832443237,302.28045654296875,CCCC,mol_fadb5806094149e6,0.05900000000000005,0.07699999999999996,0.08727264404296875,4.142337799072266,111.9255142211914,,,,,,,
state_92b9c5ac4b1ec3beb2c103f6,2c_98afb8e6c65a310db5e0,2,binary_vle_english.xlsx,10.1016/j.jct.2012.12.026,unverified,0.5,isothermal,0.9,isothermal,,,188.099996050688,230.54721069335938,0.0,True,False,48,F/C=C/C(F)(F)F,mol_0e763ba6787b2749,0.728,0.702,0.681695818901062,1.04262113571167,207.0582733154297,FC(F)C(F)F,mol_fccff6221e62b4bc,0.272,0.298,0.3183042109012604,1.2738897800445557,211.78805541992188,,,,,,,
state_9328f3565296924e40a4ceb3,2c_ae99b15d6b25c7962c21,2,binary_vle_english.xlsx,10.1016/j.fluid.2005.05.003,unverified,0.5,isothermal,0.9166666666666666,isothermal,,,12.300055026944,10.567169189453125,0.0,True,False,48,NC1CCCCC1,mol_3cb1d9728851c877,0.839,0.5349999999999999,0.6025912165641785,1.009985089302063,7.514577388763428,O,mol_e81dc06beaa39499,0.161,0.465,0.3974088132381439,1.249809980392456,20.87018394470215,,,,,,,
state_933e4d5f5862b675fcafcae1,2c_98afb8e6c65a310db5e0,2,binary_vle_english.xlsx,10.1016/j.jct.2012.12.026,unverified,0.5,isothermal,0.9166666666666666,isothermal,,,388.099946701952,420.31683349609375,3.0517578125e-05,True,False,48,F/C=C/C(F)(F)F,mol_0e763ba6787b2749,0.11099999999999999,0.12,0.16664022207260132,1.6976079940795898,371.7031555175781,FC(F)C(F)F,mol_fccff6221e62b4bc,0.889,0.88,0.8333597779273987,1.0079935789108276,390.8857421875,,,,,,,
state_9450f61c7fbc752c9f212b82,2c_56df7cea200b948181e5,2,binary_vle_english.xlsx,10.1016/j.jct.2006.12.013,unverified,0.5,full_state,0.0,isothermal,,,494.99995452224,527.91748046875,0.0,True,False,48,CC(F)F,mol_ed933f1c25fd987c,0.0,0.0,0.0,5.748861312866211,1087.6602783203125,CCCC,mol_fadb5806094149e6,1.0,1.0,1.0,1.0,527.91748046875,,,,,,,
state_955d2c9536e9e9ec11976952,2c_a160651817afdffd3182,2,binary_vle_english.xlsx,10.1016/j.fluid.2005.05.024,unverified,0.5,isothermal,0.96,isothermal,,,45.390000152704,44.57145690917969,-3.814697265625e-06,True,False,48,CC(=O)CC(C)C,mol_0a895444a9f0f36b,0.38959999999999995,0.20989999999999998,0.2068829983472824,1.2584336996078491,18.807552337646484,CC(C)O,mol_db030b5de88f8eaf,0.6104,0.7901,0.7931169867515564,1.0663440227508545,54.3102912902832,,,,,,,
state_9573f5a2ade07e99b0dbffac,2c_451f166b8507b1dda896,2,binary_vle_english.xlsx,10.1016/j.fluid.2010.11.026,passed,1.0,isothermal,0.9166666666666666,isothermal,,,93.600035033344,92.23136901855469,0.0,True,False,48,CCCOC(C)=O,mol_67043ae833ecd0c7,0.17400000000000004,0.14900000000000002,0.13990117609500885,1.0496587753295898,70.64845275878906,CCSCC,mol_a7491cfbf016fee6,0.826,0.851,0.8600988388061523,1.0041239261627197,95.6444320678711,,,,,,,
state_9594779be0fb00b13a8bf3ab,2c_1490252da7453cbbebe4,2,binary_vle_english.xlsx,10.1016/j.jct.2011.09.007,unverified,0.5,isothermal,0.9473684210526315,isothermal,,,39.730065664,39.41950988769531,-3.814697265625e-06,True,False,48,CC(C)CC(C)(C)C,mol_57615b5c3546c298,0.0635,0.21289999999999998,0.1544554978609085,3.7303848266601562,25.703197479248047,CC(C)O,mol_db030b5de88f8eaf,0.9365,0.7871,0.8455445170402527,1.0047433376312256,35.422950744628906,,,,,,,
state_95ccdd7f9d01bad72945ea52,2c_d838404dbd73f8b15395,2,binary_vle_english.xlsx,10.1016/j.fluid.2010.02.030,passed,1.0,isothermal,0.9230769230769231,isothermal,,,96.29994630771199,99.45664978027344,0.0,True,False,48,Cc1ccccc1,mol_1c09299644053521,0.6930000000000001,0.719,0.7117655873298645,1.0109528303146362,101.04309844970703,Cc1ccsc1,mol_0a78d16c028484e1,0.307,0.281,0.2882344126701355,1.023542881011963,91.22948455810547,,,,,,,
state_9772a702767df037c5b34bd2,2c_3cf279eea352998261d1,2,binary_vle_english.xlsx,10.1016/j.fluid.2012.05.016,unverified,0.5,isothermal,0.9333333333333333,isothermal,,,30.600016580992,29.80559539794922,-1.9073486328125e-06,True,False,48,CCCOC(C)=O,mol_67043ae833ecd0c7,0.12070000000000003,0.1371,0.09882484376430511,1.6866328716278076,14.468917846679688,CCO,mol_f29e20f49d416e54,0.8793,0.8629,0.9011751413345337,1.0021767616271973,30.480745315551758,,,,,,,
state_980e5d229965cba8c3fad11f,2c_d838404dbd73f8b15395,2,binary_vle_english.xlsx,10.1016/j.fluid.2010.02.030,passed,1.0,isothermal,0.9230769230769231,isothermal,,,88.50005449023999,93.02223205566406,-7.62939453125e-06,True,False,48,Cc1ccccc1,mol_1c09299644053521,0.12,0.135,0.13618679344654083,1.0448015928268433,101.04309844970703,Cc1ccsc1,mol_0a78d16c028484e1,0.88,0.865,0.8638132214546204,1.000895380973816,91.22948455810547,,,,,,,
state_986aebae042f338c2bbe15ae,2c_a4e8a38f7f4879124614,2,binary_vle_english.xlsx,10.1016/j.fluid.2012.05.016,unverified,0.5,isothermal,0.9333333333333333,isothermal,,,29.529971255423998,29.473609924316406,0.0,True,False,48,CCCO,mol_5fb2f93dc8caa9dc,0.5756,0.28049999999999997,0.300913006067276,1.1639999151229858,13.237334251403809,CCOC(C)=O,mol_18876b584acc43d4,0.4244,0.7195,0.6990870237350464,1.2914503812789917,37.593387603759766,,,,,,,
state_990c51b263466bcd64fcb833,2c_451f166b8507b1dda896,2,binary_vle_english.xlsx,10.1016/j.fluid.2010.11.026,passed,1.0,isothermal,0.9166666666666666,isothermal,,,87.300019855872,85.10417175292969,0.0,True,False,48,CCCOC(C)=O,mol_67043ae833ecd0c7,0.483,0.41300000000000003,0.4057208299636841,1.011878490447998,70.64845275878906,CCSCC,mol_a7491cfbf016fee6,0.517,0.587,0.5942791700363159,1.0228009223937988,95.6444320678711,,,,,,,
state_99485dd2f0ae7ae6e8db0c6d,2c_1490252da7453cbbebe4,2,binary_vle_english.xlsx,10.1016/j.fluid.2007.10.016,unverified,0.5,isothermal,0.9615384615384616,isothermal,,,69.580010602624,67.6048583984375,-7.62939453125e-06,True,False,48,CC(C)CC(C)(C)C,mol_57615b5c3546c298,0.5662,0.4414,0.43713927268981934,1.4467180967330933,36.078121185302734,CC(C)O,mol_db030b5de88f8eaf,0.4338,0.5586,0.5628606677055359,1.615128517150879,54.3102912902832,,,,,,,
state_99c50a1c163a1d066c45355f,2c_a4e8a38f7f4879124614,2,binary_vle_english.xlsx,10.1016/j.fluid.2012.05.016,unverified,0.5,isothermal,0.9333333333333333,isothermal,,,12.169932395776,13.237335205078125,-9.5367431640625e-07,True,False,48,CCCO,mol_5fb2f93dc8caa9dc,1.0,1.0,1.0,1.0,13.237334251403809,CCOC(C)=O,mol_18876b584acc43d4,0.0,0.0,0.0,2.16945219039917,37.593387603759766,,,,,,,
state_99d338551d1a3a48209584aa,2c_6aab25a5edecf15e2cbf,2,binary_vle_english.xlsx,10.1016/j.fluid.2015.04.009,unverified,0.5,isothermal,0.8333333333333334,isothermal,,,487.40004625676795,511.2904052734375,0.0,True,False,48,CCCO,mol_5fb2f93dc8caa9dc,0.30810000000000004,0.2026,0.21350829303264618,1.1279079914093018,314.1355285644531,CCO,mol_f29e20f49d416e54,0.6919,0.7974,0.7864917516708374,1.0317970514297485,563.27978515625,,,,,,,
state_9a26917f6f885b3038665a76,2c_c6a565ee5191fe2b2cdb,2,binary_vle_english.xlsx,10.1016/j.fluid.2010.11.026,passed,1.0,isothermal,0.9333333333333333,isothermal,,,86.800060975872,77.10885620117188,0.0,True,False,48,CCO,mol_f29e20f49d416e54,0.793,0.712,0.7713446021080017,1.0451889038085938,71.76038360595703,CCSCC,mol_a7491cfbf016fee6,0.207,0.288,0.22865541279315948,1.7797369956970215,47.85855484008789,,,,,,,
state_9a88d75ca56ed5b424b458b6,2c_a160651817afdffd3182,2,binary_vle_english.xlsx,10.1016/j.fluid.2005.05.024,unverified,0.5,isothermal,0.96,isothermal,,,42.409978583168,42.13627624511719,-3.814697265625e-06,True,False,48,CC(=O)CC(C)C,mol_0a895444a9f0f36b,0.4958,0.26470000000000005,0.2525500953197479,1.1412081718444824,18.807552337646484,CC(C)O,mol_db030b5de88f8eaf,0.5042,0.7353,0.7474499344825745,1.150146722793579,54.3102912902832,,,,,,,
state_9b1549d6ef5e46276df3151d,2c_56df7cea200b948181e5,2,binary_vle_english.xlsx,10.1016/j.jct.2006.12.013,unverified,0.5,full_state,0.0,isothermal,,,376.999926309376,402.76141357421875,3.0517578125e-05,True,False,48,CC(F)F,mol_ed933f1c25fd987c,0.0,0.0,0.0,5.447174549102783,869.927001953125,CCCC,mol_fadb5806094149e6,1.0,1.0,1.0,1.0,402.7614440917969,,,,,,,
state_9b1a23ccde75c0a98b149afa,2c_3cf279eea352998261d1,2,binary_vle_english.xlsx,10.1016/j.fluid.2012.05.016,unverified,0.5,isothermal,0.9375,isothermal,,,41.880022170367994,40.681495666503906,0.0,True,False,48,CCCOC(C)=O,mol_67043ae833ecd0c7,1.0,1.0,1.0,1.0,40.681495666503906,CCO,mol_f29e20f49d416e54,0.0,0.0,0.0,1.7434968948364258,87.53337860107422,,,,,,,
state_8a61b8a32ac7d1b358f331fb,2c_4e1effd6e44016fa9e71,2,binary_vle_english.xlsx,10.1016/j.jct.2006.06.002,unverified,0.5,full_state,0.0,isobaric,333.63,334.84136962890625,,,0.001312255859375,True,False,48,CO,mol_a85d32e4db2ff39c,0.923,0.7959,0.8175820112228394,1.0112053155899048,88.0363540649414,c1ccccc1,mol_7165dcf6be1f831d,0.07699999999999996,0.20409999999999995,0.18241797387599945,4.125443935394287,57.71357727050781,,,,,,,
state_8b1487a0f5df728c2dece350,2c_165952a69a69e7a8d3f6,2,binary_vle_english.xlsx,10.1016/j.fluid.2007.06.005,unverified,0.5,isobaric,0.9545454545454546,isobaric,344.53,346.4332275390625,,,-2.288818359375e-05,True,False,48,CC(C)CC(C)(C)C,mol_57615b5c3546c298,0.45499999999999996,0.369,0.34901124238967896,1.7496590614318848,44.41029357910156,CCO,mol_f29e20f49d416e54,0.545,0.631,0.650988757610321,1.4789693355560303,81.81385803222656,,,,,,,
state_8b3e161908a6d525b81f361f,2c_7c6b847ee4cb190db3ef,2,binary_vle_english.xlsx,10.1016/j.fluid.2005.06.024,unverified,0.5,isobaric,0.9666666666666667,isobaric,368.07,366.428955078125,,,3.814697265625e-05,True,False,48,CCC(C)=O,mol_4cfc5db0ca2ab00b,0.5259,0.8219,0.8526456356048584,1.006274938583374,163.25462341308594,CCOC(=O)OCC,mol_4df2781fcf4d4a77,0.47409999999999997,0.17810000000000004,0.1473543792963028,0.9819702506065369,32.070926666259766,,,,,,,
state_8ba01ecc1d95a7968349e611,2c_42d2383a8e4daebeb5e1,2,binary_vle_english.xlsx,10.1016/j.fluid.2010.08.002,unverified,0.5,isobaric,0.9333333333333333,isobaric,355.91999999999996,357.6881103515625,,,-1.52587890625e-05,True,False,48,CCCCCCC,mol_fddb2c852c313396,0.72,0.919,0.9177145957946777,1.1789811849594116,64.86634063720703,CCCOCCO,mol_770d75a3bb2412ce,0.28,0.08099999999999996,0.08228540420532227,1.9978148937225342,8.825933456420898,,,,,,,
state_8c0b5629f77959b48eebc10f,2c_74a658fab9cc22057bbd,2,binary_vle_english.xlsx,10.1016/j.jct.2019.03.036,unverified,0.5,isobaric,0.9473684210526315,isobaric,463.27,465.2161560058594,,,7.62939453125e-06,True,False,48,CCCOC(C)=O,mol_67043ae833ecd0c7,0.0,0.0,0.0,2.255091667175293,1174.1439208984375,CS(C)=O,mol_7d3e12eaed0f467c,1.0,1.0,1.0,1.0,101.29994201660156,,,,,,,
state_8c51d7d4849aef7d85c8daf2,2c_a1a0cf7c2f4fd070fb84,2,binary_vle_english.xlsx,10.1016/j.jct.2018.03.019,unverified,0.5,isobaric,0.95,isobaric,329.55999999999995,329.6755676269531,,,7.62939453125e-06,True,False,48,CC(C)=O,mol_e04cf77cea7bbe66,1.0,1.0,1.0,1.0,101.29994201660156,O=Cc1ccco1,mol_cfdccd30b0689448,0.0,0.0,0.0,1.1337106227874756,1.7877150774002075,,,,,,,
state_8c5acaf275258d8664e43ef0,2c_d66c7a74cea5d8732e08,2,binary_vle_english.xlsx,10.1016/j.jct.2006.04.006,unverified,0.5,isobaric,0.9444444444444444,isobaric,369.53,370.83392333984375,,,9.918212890625e-05,True,False,48,CC(C)O,mol_db030b5de88f8eaf,0.004,0.092,0.06684549897909164,9.649036407470703,175.4437255859375,O,mol_e81dc06beaa39499,0.996,0.908,0.9331544637680054,1.0000720024108887,94.90138244628906,,,,,,,
state_8c910e5dd4cde5cc2a4de6b8,3c_f0c258463b44c2183ab7,3,ternary_vle_english.xlsx,10.1016/j.fluid.2005.03.014,unverified,0.5,isobaric,0.9767441860465116,isobaric,387.47999999999996,387.4468078613281,,,3.0517578125e-05,True,False,48,CC(=O)OCC(C)C,mol_e7eb29ad965cc8ee,0.687,0.681,0.6777767539024353,1.061508297920227,94.14903259277344,CC(C)CO,mol_015d21fca05fcd26,0.198,0.271,0.2767726182937622,1.1226041316986084,126.13644409179688,CN(C)C=O,mol_ca12d6d2f2ffb170,0.11499999999999999,0.04799999999999993,0.04545065015554428,1.240350365638733,32.27804183959961
state_8cc05c618446613dd316db2a,2c_972bb6b6305c64cb2237,2,binary_vle_english.xlsx,10.1016/j.jct.2017.07.019,unverified,0.5,isobaric,0.95,isobaric,335.26,341.87408447265625,,,-6.866455078125e-05,True,False,48,ClC(Cl)Cl,mol_d9e0a2387a6283f9,0.7492,0.9099,0.9419705867767334,1.0279932022094727,123.8962631225586,OCC(F)(F)C(F)F,mol_48469952cf716332,0.2508,0.0901,0.05802939087152481,1.0807000398635864,21.688232421875,,,,,,,
state_8cd01de4eea7bda3009413a4,2c_82cfa7a14fa3ab1984f1,2,binary_vle_english.xlsx,10.1016/j.jct.2019.07.006,unverified,0.5,isobaric,0.9333333333333333,isobaric,373.12,372.64990234375,,,7.62939453125e-06,True,False,48,CC#N,mol_7028b7cbd3d829b4,0.0,0.0,0.0,3.7689709663391113,174.27757263183594,O,mol_e81dc06beaa39499,1.0,1.0,1.0,1.0,101.29994201660156,,,,,,,
state_8ce987d68ea80c39aa7b7e11,2c_165952a69a69e7a8d3f6,2,binary_vle_english.xlsx,10.1016/j.fluid.2005.01.007,unverified,0.5,isobaric,0.9545454545454546,isobaric,344.44,346.3310546875,,,-4.57763671875e-05,True,False,48,CC(C)CC(C)(C)C,mol_57615b5c3546c298,0.348,0.352,0.3337225317955017,2.194948196411133,44.266658782958984,CCO,mol_f29e20f49d416e54,0.652,0.648,0.6662774682044983,1.270664930343628,81.48377990722656,,,,,,,
state_8cee2f8b08c9e5c38c0086a9,2c_6f361cb0ec8be0b0e6dd,2,binary_vle_english.xlsx,10.1016/j.fluid.2006.08.004,unverified,0.5,isobaric,0.95,isobaric,337.37,339.31353759765625,,,3.814697265625e-05,True,False,48,CC(C)OC(C)C,mol_1a0ca8e5eeb68da8,0.757,0.73,0.7150550484657288,1.0844959020614624,88.23177337646484,CCO,mol_f29e20f49d416e54,0.243,0.27,0.28494489192962646,1.9355850219726562,61.3693733215332,,,,,,,
state_8d2f6dfa6225900071c5635f,2c_972bb6b6305c64cb2237,2,binary_vle_english.xlsx,10.1016/j.jct.2017.07.019,unverified,0.5,isobaric,0.95,isobaric,382.15,383.1042175292969,,,7.62939453125e-06,True,False,48,ClC(Cl)Cl,mol_d9e0a2387a6283f9,0.0,0.0,0.0,1.0935652256011963,399.0817565917969,OCC(F)(F)C(F)F,mol_48469952cf716332,1.0,1.0,1.0,1.0,101.29994201660156,,,,,,,
state_8d5829d363e24ea643299dfa,2c_4e1effd6e44016fa9e71,2,binary_vle_english.xlsx,10.1016/j.fluid.2019.03.022,passed,1.0,isobaric,0.95,isobaric,331.55999999999995,332.67242431640625,,,7.62939453125e-06,True,False,48,CO,mol_a85d32e4db2ff39c,0.6759999999999999,0.633,0.6462480425834656,1.199120044708252,80.76051330566406,c1ccccc1,mol_7165dcf6be1f831d,0.324,0.367,0.35375192761421204,2.0632965564727783,53.60450744628906,,,,,,,
state_8d77ffeea86bc19d2c77be6b,2c_61469365e9d7838600a7,2,binary_vle_english.xlsx,10.1016/j.fluid.2015.05.031,unverified,0.5,isobaric,0.9629629629629629,isobaric,344.59,347.5987243652344,,,0.0002593994140625,True,False,48,CCCCCCC,mol_fddb2c852c313396,0.938,0.41400000000000003,0.42762118577957153,1.0004523992538452,46.16958236694336,COC=O,mol_3beef90b23ffcece,0.062,0.586,0.5723788142204285,2.399750232696533,389.7820129394531,,,,,,,
state_8d7cf76b3ca8634717537ea0,2c_d66c7a74cea5d8732e08,2,binary_vle_english.xlsx,10.1016/j.fluid.2014.02.006,unverified,0.5,isobaric,0.9411764705882353,isobaric,354.85999999999996,355.1133117675781,,,7.62939453125e-06,True,False,48,CC(C)O,mol_db030b5de88f8eaf,0.263,0.545,0.5282078981399536,2.0554797649383545,98.9794692993164,O,mol_e81dc06beaa39499,0.737,0.45499999999999996,0.4717921316623688,1.2360643148422241,52.46278381347656,,,,,,,
state_8d9635063e4aca97a7b85249,2c_b94de72ffbeb53d6294b,2,binary_vle_english.xlsx,10.1016/j.fluid.2014.04.025,unverified,0.5,isobaric,0.9285714285714286,isobaric,450.21999999999997,455.11920166015625,,,3.814697265625e-05,True,False,48,CS(C)=O,mol_7d3e12eaed0f467c,0.9761,0.6852,0.7514227628707886,1.0002845525741577,77.96070861816406,Cc1ccccc1,mol_1c09299644053521,0.0239,0.3148,0.24857725203037262,1.7779698371887207,592.5819091796875,,,,,,,
state_8dd230cc082c69be4ff5fb11,2c_61469365e9d7838600a7,2,binary_vle_english.xlsx,10.1016/j.fluid.2015.05.031,unverified,0.5,isobaric,0.9629629629629629,isobaric,306.19,306.8286437988281,,,0.00110626220703125,True,False,48,CCCCCCC,mol_fddb2c852c313396,0.18200000000000005,0.05500000000000005,0.046064265072345734,2.7557201385498047,9.305876731872559,COC=O,mol_3beef90b23ffcece,0.818,0.945,0.9539356827735901,1.091843605041504,108.2193603515625,,,,,,,
state_8e1ca7f6c5e725e4b27782ec,3c_61bfd4ccc52903a74083,3,ternary_vle_english.xlsx,10.1016/j.fluid.2007.03.030,unverified,0.5,isobaric,0.9761904761904762,isobaric,375.08,368.0116271972656,,,3.814697265625e-05,True,False,48,CCCO,mol_5fb2f93dc8caa9dc,0.045,0.192,0.054854221642017365,1.3346095085144043,92.52362060546875,CCCOCCC,mol_e13b90e4aa2e917d,0.56,0.696,0.8273284435272217,1.278382658958435,117.06805419921875,CCOCCO,mol_ab8630148ae67e51,0.3949999999999999,0.1120000000000001,0.11781732738018036,1.3060842752456665,23.133970260620117
state_8ed212b0e175ec1414811a55,3c_2cb16216a8c609b7ad27,3,ternary_vle_english.xlsx,10.1016/j.fluid.2005.09.015,unverified,0.5,isobaric,0.9767441860465116,isobaric,391.9,393.0406494140625,,,3.814697265625e-05,True,False,48,CC(=O)OCC(C)C,mol_e7eb29ad965cc8ee,0.1,0.111,0.11246369034051895,1.0157197713851929,112.16251373291016,CC(C)CO,mol_015d21fca05fcd26,0.387,0.654,0.6711890697479248,1.1455577611923218,153.364990234375,CCCCOC(=O)CC,mol_a9c167bbb331e76a,0.513,0.235,0.21634721755981445,1.0116198062896729,42.23047637939453
state_8f12d10857dd6de1ec17c17d,2c_e923997b8f9df5a64a73,2,binary_vle_english.xlsx,10.1016/j.fluid.2018.03.011,unverified,0.5,isobaric,0.9090909090909091,isobaric,351.04999999999995,350.3071594238281,,,-1.52587890625e-05,True,False,48,CC(C)O,mol_db030b5de88f8eaf,0.924,0.79,0.7524271607398987,1.0030219554901123,82.24152374267578,ClC(Cl)Cl,mol_d9e0a2387a6283f9,0.076,0.21,0.24757282435894012,2.0502493381500244,160.9503173828125,,,,,,,
state_8f1954daf16dd0842e5800fa,2c_7b12ee2d0e35e39326bc,2,binary_vle_english.xlsx,10.1016/j.fluid.2011.08.007,unverified,0.5,isobaric,0.9666666666666667,isobaric,345.39,345.80865478515625,,,-7.62939453125e-06,True,False,48,CCOCCO,mol_ab8630148ae67e51,0.32499999999999996,0.03500000000000003,0.03176167979836464,1.019359827041626,8.946796417236328,CO,mol_a85d32e4db2ff39c,0.675,0.965,0.9682382941246033,0.9994380474090576,133.9360809326172,,,,,,,
state_8fd03da5f16d1b0c677bdaad,2c_f6f5f309e3d6c1952684,2,binary_vle_english.xlsx,10.1016/j.fluid.2012.12.020,passed,1.0,isobaric,0.9545454545454546,isobaric,403.2,400.5084533691406,,,-1.52587890625e-05,True,False,48,CCCCCO,mol_243de2450bee5519,0.6606000000000001,0.505,0.4329056441783905,1.0637807846069336,62.219093322753906,CCCCO,mol_ad4ef9c6c876ca2f,0.3394,0.495,0.5670943856239319,1.1875823736190796,142.10223388671875,,,,,,,
state_8ff367dcd18d09280a62234b,2c_9f31aad1f9974e54ecb0,2,binary_vle_english.xlsx,10.1016/j.jct.2017.07.019,unverified,0.5,isobaric,0.95,isobaric,380.77,383.04058837890625,,,1.52587890625e-05,True,False,48,Cc1ccc(C)cc1,mol_e7658ba520613aac,0.03849999999999998,0.0826,0.03930416330695152,2.2663614749908447,45.630775451660156,OCC(F)(F)C(F)F,mol_48469952cf716332,0.9615,0.9174,0.9606958627700806,1.0012880563735962,101.08502960205078,,,,,,,
state_8ffc941ebc31dd5db5832fa9,2c_d66c7a74cea5d8732e08,2,binary_vle_english.xlsx,10.1016/j.jct.2017.02.005,unverified,0.5,isobaric,0.96875,isobaric,356.35999999999996,357.3039855957031,,,0.0,True,False,48,CC(C)O,mol_db030b5de88f8eaf,0.083,0.494,0.4610580503940582,5.166295528411865,107.52228546142578,O,mol_e81dc06beaa39499,0.917,0.506,0.5389419198036194,1.028233289718628,57.15854263305664,,,,,,,
state_90360cb0be2ff4716c9ef493,2c_9f331b7867f625e21322,2,binary_vle_english.xlsx,10.1016/j.jct.2015.03.013,unverified,0.5,isobaric,0.9090909090909091,isobaric,353.7,353.35589599609375,,,0.00091552734375,True,False,48,CCC(C)=O,mol_4cfc5db0ca2ab00b,0.555,0.9005,0.8751100897789001,1.0808656215667725,108.68250274658203,COCCO,mol_d291b272a64498d9,0.44499999999999995,0.09950000000000003,0.12488988786935806,1.0835752487182617,19.296113967895508,,,,,,,
state_90382afbabcdd638dd2bc11e,2c_d66c7a74cea5d8732e08,2,binary_vle_english.xlsx,10.1016/j.jct.2006.04.006,unverified,0.5,isobaric,0.9444444444444444,isobaric,353.15999999999997,353.82037353515625,,,5.340576171875e-05,True,False,48,CC(C)O,mol_db030b5de88f8eaf,0.711,0.698,0.7018771171569824,1.0614126920700073,94.21424102783203,O,mol_e81dc06beaa39499,0.28900000000000003,0.30200000000000005,0.2981228530406952,2.0962610244750977,49.84957504272461,,,,,,,
state_903ae9ba7fe4fd4d03e4fb5c,2c_f6f5f309e3d6c1952684,2,binary_vle_english.xlsx,10.1016/j.fluid.2012.12.020,passed,1.0,isobaric,0.9545454545454546,isobaric,401.74,399.565185546875,,,3.0517578125e-05,True,False,48,CCCCCO,mol_243de2450bee5519,0.6167,0.46340000000000003,0.39629748463630676,1.079913854598999,60.100711822509766,CCCCO,mol_ad4ef9c6c876ca2f,0.3833,0.5366,0.6037024855613708,1.1566107273101807,137.53660583496094,,,,,,,
state_90563604d8a013dd80f67ff5,2c_60db84011f520a374b2a,2,binary_vle_english.xlsx,10.1016/j.fluid.2013.09.060,passed,1.0,isobaric,0.9375,isobaric,334.79999999999995,335.78021240234375,,,0.0007781982421875,True,False,48,C1CCOC1,mol_c59bfa659357f795,0.137,0.224,0.20961879193782806,1.6729331016540527,92.64961242675781,CO,mol_a85d32e4db2ff39c,0.863,0.776,0.7903811931610107,1.0155712366104126,91.35407257080078,,,,,,,
state_908c4f205236f1f339de52e6,2c_b94de72ffbeb53d6294b,2,binary_vle_english.xlsx,10.1016/j.fluid.2014.04.025,unverified,0.5,isobaric,0.9285714285714286,isobaric,389.16999999999996,390.2029113769531,,,5.340576171875e-05,True,False,48,CS(C)=O,mol_7d3e12eaed0f467c,0.281,0.037900000000000045,0.04088626429438591,1.4073505401611328,10.47317123413086,Cc1ccccc1,mol_1c09299644053521,0.719,0.9621,0.9591137170791626,1.0925257205963135,123.685546875,,,,,,,
state_90c3d73408a54ec4d0dac537,2c_4c757308eefec1e2dd80,2,binary_vle_english.xlsx,10.1016/j.fluid.2011.11.020,unverified,0.5,isobaric,0.9444444444444444,isobaric,335.21,347.9736633300781,,,1.52587890625e-05,True,False,48,C=C(C)C(C)C,mol_6f1c44bf29e6107c,0.5754,0.7819,0.5610352754592896,1.1468485593795776,86.14946746826172,c1ccsc1,mol_7953343be0b435d5,0.4246,0.2181,0.43896469473838806,1.30653715133667,80.1800308227539,,,,,,,
state_90d93502b68b4606b78ba23d,2c_a873f6bbdf8411ff9a25,2,binary_vle_english.xlsx,10.1016/j.fluid.2013.05.016,passed,1.0,isobaric,0.9444444444444444,isobaric,367.29999999999995,368.2769470214844,,,-6.103515625e-05,True,False,48,CCCCCCCCC,mol_dd70207e50d8bf63,0.455,0.073,0.08052270114421844,1.0294996500015259,17.41364288330078,c1ccccc1,mol_7165dcf6be1f831d,0.5449999999999999,0.927,0.9194773435592651,1.0587772130966187,161.41683959960938,,,,,,,
state_913fad1267699bcb61c3d6a5,2c_ae514b5a938c4d83d1c9,2,binary_vle_english.xlsx,10.1016/j.fluid.2014.05.018,unverified,0.5,full_state,0.0,isobaric,373.2,374.0469970703125,,,0.000213623046875,True,False,48,CCCC,mol_fadb5806094149e6,0.0,0.0,0.0,4.925197124481201,1672.3172607421875,CCO,mol_f29e20f49d416e54,1.0,1.0,1.0,1.0,225.000244140625,,,,,,,
state_9217605573e9fd1b3559efa6,2c_8d6240d515d92725f365,2,binary_vle_english.xlsx,10.1016/j.fluid.2015.05.031,unverified,0.5,isobaric,0.96875,isobaric,304.7,304.9900817871094,,,0.00165557861328125,True,False,48,CCCCCCCC,mol_8151bb583f7f3ebd,0.0,0.0,0.0,8.534165382385254,3.0336310863494873,COC=O,mol_3beef90b23ffcece,1.0,1.0,1.0,1.0,101.32158660888672,,,,,,,
state_92202660518cea8a94f1e4d3,2c_7b12ee2d0e35e39326bc,2,binary_vle_english.xlsx,10.1016/j.fluid.2011.08.007,unverified,0.5,isobaric,0.9666666666666667,isobaric,349.39,349.3917541503906,,,2.288818359375e-05,True,False,48,CCOCCO,mol_ab8630148ae67e51,0.42300000000000004,0.05300000000000005,0.04785997420549393,1.004174828529358,10.514723777770996,CO,mol_a85d32e4db2ff39c,0.577,0.947,0.9521400332450867,1.008193850517273,152.7411651611328,,,,,,,
state_922a3da6bec919512c5c062f,2c_5e274a8981b66e0477e8,2,binary_vle_english.xlsx,10.1016/j.fluid.2005.02.014,passed,1.0,isobaric,0.9166666666666666,isobaric,325.97999999999996,325.6161804199219,,,-3.814697265625e-06,True,False,48,C1CCOCC1,mol_626f3d1f5bbb6f55,0.6547,0.4885,0.48210015892982483,1.0029587745666504,29.367860794067383,CCC(C)Cl,mol_9f4835d3aad75f1c,0.34530000000000005,0.5115000000000001,0.5178998112678528,1.0195879936218262,58.84165573120117,,,,,,,
state_9237d094fd45028e309244c2,2c_7c6b847ee4cb190db3ef,2,binary_vle_english.xlsx,10.1016/j.fluid.2005.06.024,unverified,0.5,isobaric,0.9666666666666667,isobaric,390.39,391.6094970703125,,,5.340576171875e-05,True,False,48,CCC(C)=O,mol_4cfc5db0ca2ab00b,0.1027,0.3048,0.3244328796863556,0.9667025804519653,331.1145935058594,CCOC(=O)OCC,mol_4df2781fcf4d4a77,0.8973,0.6952,0.6755671501159668,0.9992520213127136,76.34359741210938,,,,,,,
state_9278565b9b29a5eeeff1acaf,2c_7b12ee2d0e35e39326bc,2,binary_vle_english.xlsx,10.1016/j.fluid.2011.08.007,unverified,0.5,isobaric,0.9642857142857143,isobaric,350.25,350.95635986328125,,,4.57763671875e-05,True,False,48,CCOCCO,mol_ab8630148ae67e51,0.629,0.10499999999999998,0.10624600946903229,0.9989763498306274,11.27125358581543,CO,mol_a85d32e4db2ff39c,0.371,0.895,0.8937540054321289,0.9935818910598755,161.6240234375,,,,,,,
state_92c550e7d9e76dbb61fc83f8,3c_1a08c4f653f7d812cdc9,3,ternary_vle_english.xlsx,10.1016/j.jct.2019.03.036,unverified,0.5,isobaric,0.972972972972973,isobaric,381.76,374.4394836425781,,,2.288818359375e-05,True,False,48,CCCOC(C)=O,mol_67043ae833ecd0c7,0.2425,0.3995,0.3092750310897827,1.2427865266799927,103.9551010131836,CCOC(C)=O,mol_18876b584acc43d4,0.256,0.5589,0.6567361950874329,1.238348126411438,209.8541259765625,CS(C)=O,mol_7d3e12eaed0f467c,0.5015000000000001,0.04160000000000008,0.033988770097494125,1.185509204864502,5.791203022003174
state_92e44961f855898f59fe8ae5,2c_6eb2e45afed5017e5e33,2,binary_vle_english.xlsx,10.1016/j.fluid.2014.09.021,unverified,0.5,isobaric,0.95,isobaric,385.21,386.07598876953125,,,-3.814697265625e-05,True,False,48,CCC(C)OC(C)=O,mol_879306ab1082c162,0.963,0.978,0.9762386083602905,1.0015674829483032,102.53177642822266,CN(C)C=O,mol_ca12d6d2f2ffb170,0.03700000000000003,0.02200000000000002,0.023761380463838577,2.111924409866333,30.80353546142578,,,,,,,
state_92eed2a5632c8d9815a0624b,3c_61bfd4ccc52903a74083,3,ternary_vle_english.xlsx,10.1016/j.fluid.2007.03.030,unverified,0.5,isobaric,0.9761904761904762,isobaric,363.08,368.7887878417969,,,5.340576171875e-05,True,False,48,CCCO,mol_5fb2f93dc8caa9dc,0.712,0.804,0.6827089786529541,1.0192803144454956,95.2952651977539,CCCOCCC,mol_e13b90e4aa2e917d,0.097,0.123,0.27469897270202637,2.3935489654541016,119.85395812988281,CCOCCO,mol_ab8630148ae67e51,0.19100000000000006,0.07299999999999995,0.042592089623212814,0.9464831948280334,23.866682052612305
state_932aee6407be0f759b747fe6,2c_4e1effd6e44016fa9e71,2,binary_vle_english.xlsx,10.1016/j.fluid.2019.03.022,passed,1.0,isobaric,0.95,isobaric,332.85999999999996,333.8067626953125,,,0.00200653076171875,True,False,48,CO,mol_a85d32e4db2ff39c,0.864,0.741,0.7459303736686707,1.035022497177124,84.49918365478516,c1ccccc1,mol_7165dcf6be1f831d,0.136,0.259,0.25406959652900696,3.3962738513946533,55.72227478027344,,,,,,,
state_93c02ac04cec7673f451888e,2c_97830bff71af0df3111e,2,binary_vle_english.xlsx,10.1016/j.fluid.2018.03.015,unverified,0.5,isobaric,0.9090909090909091,isobaric,332.54999999999995,334.3983459472656,,,0.00089263916015625,True,False,48,CCO,mol_f29e20f49d416e54,0.32099999999999995,0.21599999999999997,0.2522425055503845,1.5932611227035522,49.96194076538086,ClC(Cl)Cl,mol_d9e0a2387a6283f9,0.679,0.784,0.7477574944496155,1.148078203201294,97.1700668334961,,,,,,,
state_9450f61c7fbc752c9f212b82,2c_56df7cea200b948181e5,2,binary_vle_english.xlsx,10.1016/j.jct.2006.12.013,unverified,0.5,full_state,0.0,isobaric,323.15,320.7132568359375,,,0.000335693359375,True,False,48,CC(F)F,mol_ed933f1c25fd987c,0.0,0.0,0.0,5.678365707397461,1031.36376953125,CCCC,mol_fadb5806094149e6,1.0,1.0,1.0,1.0,495.00030517578125,,,,,,,
state_94b52a004dbd3b84a2f5a163,3c_f0c258463b44c2183ab7,3,ternary_vle_english.xlsx,10.1016/j.fluid.2005.03.014,unverified,0.5,isobaric,0.9767441860465116,isobaric,386.17999999999995,386.36767578125,,,5.340576171875e-05,True,False,48,CC(=O)OCC(C)C,mol_e7eb29ad965cc8ee,0.445,0.472,0.4688943922519684,1.1733555793762207,90.96928405761719,CC(C)CO,mol_015d21fca05fcd26,0.389,0.477,0.4807794988155365,1.0313918590545654,121.38975524902344,CN(C)C=O,mol_ca12d6d2f2ffb170,0.16599999999999993,0.051000000000000045,0.050326090306043625,0.987099289894104,31.112411499023438
state_94b76ec07f3011249d729617,2c_d66c7a74cea5d8732e08,2,binary_vle_english.xlsx,10.1016/j.fluid.2014.02.006,unverified,0.5,isobaric,0.9411764705882353,isobaric,353.87,354.43017578125,,,2.288818359375e-05,True,False,48,CC(C)O,mol_db030b5de88f8eaf,0.876,0.833,0.8414440155029297,1.0089918375015259,96.43678283691406,O,mol_e81dc06beaa39499,0.124,0.16700000000000004,0.1585559844970703,2.536428928375244,51.06784439086914,,,,,,,
state_9518eab5b2531fd0194221bd,2c_1490252da7453cbbebe4,2,binary_vle_english.xlsx,10.1016/j.jct.2011.10.025,unverified,0.5,isobaric,0.9545454545454546,isobaric,361.22999999999996,360.4676208496094,,,5.340576171875e-05,True,False,48,CC(C)CC(C)(C)C,mol_57615b5c3546c298,0.947,0.69,0.6414197087287903,1.0074734687805176,68.10328674316406,CC(C)O,mol_db030b5de88f8eaf,0.053,0.31,0.35858026146888733,5.665929317474365,120.96194458007812,,,,,,,
state_95246dd6dc071e5b6962e8bd,2c_60db84011f520a374b2a,2,binary_vle_english.xlsx,10.1016/j.fluid.2016.04.012,passed,1.0,isobaric,0.8888888888888888,isobaric,332.65,333.91796875,,,0.0014801025390625,True,False,48,C1CCOC1,mol_c59bfa659357f795,0.42700000000000005,0.46199999999999997,0.451151967048645,1.2290689945220947,87.08316802978516,CO,mol_a85d32e4db2ff39c,0.573,0.538,0.548848032951355,1.1432489156723022,84.87351989746094,,,,,,,
state_9528c74bb4e549cc51fcf1bc,3c_1a08c4f653f7d812cdc9,3,ternary_vle_english.xlsx,10.1016/j.jct.2019.03.036,unverified,0.5,isobaric,0.972972972972973,isobaric,387.47999999999996,387.3818664550781,,,2.288818359375e-05,True,False,48,CCCOC(C)=O,mol_67043ae833ecd0c7,0.3336,0.777,0.7058690786361694,1.3614057302474976,157.44171142578125,CCOC(C)=O,mol_18876b584acc43d4,0.0595,0.1661,0.23113855719566345,1.3057053089141846,301.3835144042969,CS(C)=O,mol_7d3e12eaed0f467c,0.6069,0.05689999999999995,0.06299234181642532,1.112273097038269,9.452973365783691
state_952ddfbfc7009e6a4b9309d9,2c_61469365e9d7838600a7,2,binary_vle_english.xlsx,10.1016/j.fluid.2015.05.031,unverified,0.5,isobaric,0.9629629629629629,isobaric,367.66999999999996,368.71905517578125,,,1.52587890625e-05,True,False,48,CCCCCCC,mol_fddb2c852c313396,0.994,0.901,0.9034577012062073,1.0000015497207642,92.09068298339844,COC=O,mol_3beef90b23ffcece,0.006,0.099,0.09654231369495392,2.4073269367218018,677.214599609375,,,,,,,
state_9588e975e92704496bbf8d41,2c_d66c7a74cea5d8732e08,2,binary_vle_english.xlsx,10.1016/j.jct.2017.02.005,unverified,0.5,isobaric,0.96875,isobaric,369.28999999999996,370.479736328125,,,3.0517578125e-05,True,False,48,CC(C)O,mol_db030b5de88f8eaf,0.004,0.102,0.06673859059810638,9.628265380859375,173.28831481933594,O,mol_e81dc06beaa39499,0.996,0.898,0.9332613945007324,1.0000718832015991,93.69428253173828,,,,,,,
state_95cc226d0358d67049dc3f1c,2c_5e274a8981b66e0477e8,2,binary_vle_english.xlsx,10.1016/j.fluid.2005.02.014,passed,1.0,isobaric,0.9166666666666666,isobaric,328.97999999999996,328.99176025390625,,,-3.814697265625e-06,True,False,48,C1CCOCC1,mol_626f3d1f5bbb6f55,0.8088,0.6871,0.6754125952720642,1.0006256103515625,33.38234329223633,CCC(C)Cl,mol_9f4835d3aad75f1c,0.19120000000000004,0.31289999999999996,0.32458746433258057,1.0257290601730347,66.20207214355469,,,,,,,
state_95e4393a7585140eb1cb9b58,2c_7b12ee2d0e35e39326bc,2,binary_vle_english.xlsx,10.1016/j.fluid.2011.08.007,unverified,0.5,isobaric,0.9666666666666667,isobaric,392.78,393.1332702636719,,,-7.62939453125e-06,True,False,48,CCOCCO,mol_ab8630148ae67e51,0.94,0.616,0.5996348857879639,0.9996774792671204,59.548946380615234,CO,mol_a85d32e4db2ff39c,0.06,0.384,0.40036508440971375,0.9945356845855713,626.1228637695312,,,,,,,
state_96033e747b1e491e811d1e30,2c_b94de72ffbeb53d6294b,2,binary_vle_english.xlsx,10.1016/j.fluid.2014.04.025,unverified,0.5,isobaric,0.9285714285714286,isobaric,418.78,424.8049621582031,,,9.918212890625e-05,True,False,48,CS(C)=O,mol_7d3e12eaed0f467c,0.8481,0.2368,0.2791508138179779,1.0117477178573608,32.955596923828125,Cc1ccccc1,mol_1c09299644053521,0.1519,0.7632,0.7208492159843445,1.5885814428329468,302.6124267578125,,,,,,,
state_9607cb77c325959fb413c596,2c_9f331b7867f625e21322,2,binary_vle_english.xlsx,10.1016/j.jct.2015.03.013,unverified,0.5,isobaric,0.9090909090909091,isobaric,365.79999999999995,369.1678466796875,,,3.0517578125e-05,True,False,48,CCC(C)=O,mol_4cfc5db0ca2ab00b,0.3934,0.7825,0.7693777084350586,1.1184418201446533,177.13368225097656,COCCO,mol_d291b272a64498d9,0.6066,0.21750000000000003,0.2306222766637802,1.0460044145584106,36.81922149658203,,,,,,,
state_963d58f74fdf15b1df199dbc,2c_a1a0cf7c2f4fd070fb84,2,binary_vle_english.xlsx,10.1016/j.jct.2018.03.019,unverified,0.5,isobaric,0.95,isobaric,392.66999999999996,388.09808349609375,,,3.0517578125e-05,True,False,48,CC(C)=O,mol_e04cf77cea7bbe66,0.1519,0.7548,0.8172831535339355,0.9858365058898926,552.8651123046875,O=Cc1ccco1,mol_cfdccd30b0689448,0.8481,0.24519999999999997,0.18271684646606445,0.9980528354644775,21.866905212402344,,,,,,,
state_9665b7d55e285c26b864ae17,2c_4c757308eefec1e2dd80,2,binary_vle_english.xlsx,10.1016/j.fluid.2011.11.020,unverified,0.5,isobaric,0.9444444444444444,isobaric,336.52,347.9838562011719,,,5.340576171875e-05,True,False,48,C=C(C)C(C)C,mol_6f1c44bf29e6107c,0.4991,0.7388,0.5084073543548584,1.197961688041687,86.1628189086914,c1ccsc1,mol_7953343be0b435d5,0.5009,0.2612,0.4915926158428192,1.2398881912231445,80.20664978027344,,,,,,,
state_96e99e2396f430eeebdb6718,2c_f6f5f309e3d6c1952684,2,binary_vle_english.xlsx,10.1016/j.fluid.2012.12.020,passed,1.0,isobaric,0.9545454545454546,isobaric,396.57,394.8343811035156,,,0.00019073486328125,True,False,48,CCCCCO,mol_243de2450bee5519,0.35119999999999996,0.20799999999999996,0.20848199725151062,1.1898481845855713,50.390018463134766,CCCCO,mol_ad4ef9c6c876ca2f,0.6488,0.792,0.791517972946167,1.0578056573867798,116.48394012451172,,,,,,,
state_96fd7dfcf90bd9fe42a26f1a,2c_9f331b7867f625e21322,2,binary_vle_english.xlsx,10.1016/j.jct.2015.03.013,unverified,0.5,isobaric,0.9090909090909091,isobaric,363.59999999999997,366.71331787109375,,,-3.0517578125e-05,True,False,48,CCC(C)=O,mol_4cfc5db0ca2ab00b,0.4536,0.805,0.8086020350456238,1.0967351198196411,164.6527862548828,COCCO,mol_d291b272a64498d9,0.5464,0.19499999999999995,0.19139795005321503,1.0615332126617432,33.4273567199707,,,,,,,
state_97608e35910772beb808c8b8,3c_2cb16216a8c609b7ad27,3,ternary_vle_english.xlsx,10.1016/j.fluid.2005.09.015,unverified,0.5,isobaric,0.9767441860465116,isobaric,393.57,394.8802490234375,,,6.866455078125e-05,True,False,48,CC(=O)OCC(C)C,mol_e7eb29ad965cc8ee,0.195,0.225,0.22588162124156952,0.9887232780456543,118.68094635009766,CC(C)CO,mol_015d21fca05fcd26,0.283,0.528,0.5438935160636902,1.1918467283248901,163.34901428222656,CCCCOC(=O)CC,mol_a9c167bbb331e76a,0.522,0.247,0.23022492229938507,0.9929429292678833,44.99528503417969
state_9765cda2171f6b866ac82c2f,2c_8227101c64130ee5e04f,2,binary_vle_english.xlsx,10.1016/j.jct.2017.07.019,unverified,0.5,isobaric,0.9411764705882353,isobaric,382.15,383.1042175292969,,,7.62939453125e-06,True,False,48,O,mol_e81dc06beaa39499,0.0,0.0,0.0,1.5687793493270874,145.71868896484375,OCC(F)(F)C(F)F,mol_48469952cf716332,1.0,1.0,1.0,1.0,101.29994201660156,,,,,,,
state_9786d8dc8de8b1a4098123d5,2c_165952a69a69e7a8d3f6,2,binary_vle_english.xlsx,10.1016/j.fluid.2007.06.005,unverified,0.5,isobaric,0.9545454545454546,isobaric,345.21999999999997,347.1905212402344,,,0.00072479248046875,True,False,48,CC(C)CC(C)(C)C,mol_57615b5c3546c298,0.667,0.392,0.38359570503234863,1.2807773351669312,45.48691940307617,CCO,mol_f29e20f49d416e54,0.333,0.608,0.6164043545722961,2.22446608543396,84.29618835449219,,,,,,,
state_97e6157a9e3b42b7b090fc37,2c_d66c7a74cea5d8732e08,2,binary_vle_english.xlsx,10.1016/j.fluid.2017.09.010,unverified,0.5,isobaric,0.9473684210526315,isobaric,367.09999999999997,366.2323913574219,,,5.340576171875e-05,True,False,48,CC(C)O,mol_db030b5de88f8eaf,0.0172,0.2292,0.21851027011871338,8.603647232055664,149.1359100341797,O,mol_e81dc06beaa39499,0.9828,0.7708,0.7814897298812866,1.0013095140457153,80.20680236816406,,,,,,,
state_9821ec0a267a9aee994f1bf8,2c_9f31aad1f9974e54ecb0,2,binary_vle_english.xlsx,10.1016/j.jct.2017.07.019,unverified,0.5,isobaric,0.95,isobaric,386.65999999999997,391.8724060058594,,,0.00023651123046875,True,False,48,Cc1ccc(C)cc1,mol_e7658ba520613aac,0.791,0.4143,0.4979851543903351,1.059416651725769,60.19816970825195,OCC(F)(F)C(F)F,mol_48469952cf716332,0.209,0.5857,0.5020148754119873,1.804595708847046,134.8343505859375,,,,,,,
state_98353b3f692a1cf420cee034,3c_1a08c4f653f7d812cdc9,3,ternary_vle_english.xlsx,10.1016/j.jct.2019.03.036,unverified,0.5,isobaric,0.972972972972973,isobaric,387.46,384.0665588378906,,,-3.814697265625e-05,True,False,48,CCCOC(C)=O,mol_67043ae833ecd0c7,0.4217,0.8221,0.7465218901634216,1.2634249925613403,141.9379425048828,CCOC(C)=O,mol_18876b584acc43d4,0.0615,0.1217,0.20316261053085327,1.2153949737548828,275.334228515625,CS(C)=O,mol_7d3e12eaed0f467c,0.5167999999999999,0.05619999999999992,0.05031551420688629,1.1791377067565918,8.364190101623535
state_98675bf61931ffbf49694840,2c_61469365e9d7838600a7,2,binary_vle_english.xlsx,10.1016/j.fluid.2015.05.031,unverified,0.5,isobaric,0.9629629629629629,isobaric,337.26,340.13970947265625,,,7.62939453125e-05,True,False,48,CCCCCCC,mol_fddb2c852c313396,0.908,0.31000000000000005,0.31808021664619446,1.001356601715088,35.445186614990234,COC=O,mol_3beef90b23ffcece,0.092,0.69,0.6819197535514832,2.380476713180542,315.4835510253906,,,,,,,
state_987ccfb993c5502cd5abf5c1,2c_165952a69a69e7a8d3f6,2,binary_vle_english.xlsx,10.1016/j.fluid.2007.06.005,unverified,0.5,isobaric,0.9545454545454546,isobaric,344.60999999999996,346.44512939453125,,,-7.62939453125e-06,True,False,48,CC(C)CC(C)(C)C,mol_57615b5c3546c298,0.235,0.32299999999999995,0.3065148591995239,2.9740285873413086,44.42707061767578,CCO,mol_f29e20f49d416e54,0.765,0.677,0.6934851408004761,1.1218980550765991,81.85240936279297,,,,,,,
state_98a8cec1f28b82cab95e47bf,2c_d66c7a74cea5d8732e08,2,binary_vle_english.xlsx,10.1016/j.fluid.2014.02.006,unverified,0.5,isobaric,0.9411764705882353,isobaric,353.29999999999995,353.92181396484375,,,-7.62939453125e-06,True,False,48,CC(C)O,mol_db030b5de88f8eaf,0.591,0.638,0.631521463394165,1.1444748640060425,94.5809097290039,O,mol_e81dc06beaa39499,0.40900000000000003,0.362,0.3684785068035126,1.8234320878982544,50.050498962402344,,,,,,,
state_98caab0c4200935f0ac9af6a,2c_f6f5f309e3d6c1952684,2,binary_vle_english.xlsx,10.1016/j.fluid.2012.12.020,passed,1.0,isobaric,0.9545454545454546,isobaric,398.59999999999997,396.5335998535156,,,0.0008544921875,True,False,48,CCCCCO,mol_243de2450bee5519,0.46309999999999996,0.3105,0.27671968936920166,1.12368643283844,53.70874786376953,CCCCO,mol_ad4ef9c6c876ca2f,0.5369,0.6895,0.7232803106307983,1.0999130010604858,123.702880859375,,,,,,,
state_98cfda78b47fdd322b6e798e,2c_21b807a1a6c6348c91ac,2,binary_vle_english.xlsx,10.1016/j.fluid.2018.07.027,unverified,0.5,isobaric,0.9629629629629629,isobaric,374.15,371.76171875,,,1.52587890625e-05,True,False,48,CC(C)CC(C)(C)C,mol_57615b5c3546c298,0.1768,0.5457,0.5802847146987915,3.542844772338867,93.84603881835938,CCCCO,mol_ad4ef9c6c876ca2f,0.8231999999999999,0.45430000000000004,0.4197153151035309,1.0592716932296753,48.758609771728516,,,,,,,
state_993db2d203b785281e2de4ac,2c_165952a69a69e7a8d3f6,2,binary_vle_english.xlsx,10.1016/j.fluid.2005.01.007,unverified,0.5,isobaric,0.9545454545454546,isobaric,345.21999999999997,347.1156921386719,,,0.000946044921875,True,False,48,CC(C)CC(C)(C)C,mol_57615b5c3546c298,0.14,0.28700000000000003,0.25571131706237793,4.078122138977051,45.37959289550781,CCO,mol_f29e20f49d416e54,0.86,0.713,0.7442886829376221,1.0433119535446167,84.04806518554688,,,,,,,
state_99574c07c21840441773f148,2c_d61da005b4125a743b07,2,binary_vle_english.xlsx,10.1016/j.fluid.2009.03.008,unverified,0.5,isobaric,0.9583333333333334,isobaric,368.59999999999997,367.6962585449219,,,-3.0517578125e-05,True,False,48,CC(=O)O,mol_9ac385b135af0125,0.5432,0.2636,0.23496799170970917,0.9989716410636902,43.87670135498047,CCC(C)=O,mol_4cfc5db0ca2ab00b,0.4568,0.7363999999999999,0.7650319933891296,1.000839352607727,169.5615234375,,,,,,,
state_997771bf6467d7a263de4b8c,2c_7e396008deb1d14f8e15,2,binary_vle_english.xlsx,10.1016/j.fluid.2015.11.007,passed,1.0,isobaric,0.9090909090909091,isobaric,346.27,347.6218566894531,,,0.0001010894775390625,True,False,48,CC(=O)N(C)C,mol_b8ccf255e2b62919,0.21199999999999997,0.0010000000000000009,0.012263287790119648,0.14870621263980865,4.667936325073242,CC(=O)O,mol_9ac385b135af0125,0.788,0.999,0.9877367615699768,0.7796464562416077,19.29302215576172,,,,,,,
state_99c28f15a155f85c427ff648,2c_21b807a1a6c6348c91ac,2,binary_vle_english.xlsx,10.1016/j.fluid.2018.07.027,unverified,0.5,isobaric,0.9629629629629629,isobaric,368.24,366.97467041015625,,,-7.62939453125e-06,True,False,48,CC(C)CC(C)(C)C,mol_57615b5c3546c298,0.5028,0.7031,0.7005726099014282,1.7187998294830322,82.11863708496094,CCCCO,mol_ad4ef9c6c876ca2f,0.4972,0.29690000000000005,0.299427330493927,1.5196590423583984,40.14424514770508,,,,,,,
state_99cc9fbb0e833a7a8f4a7b15,2c_e923997b8f9df5a64a73,2,binary_vle_english.xlsx,10.1016/j.fluid.2018.03.011,unverified,0.5,isobaric,0.9090909090909091,isobaric,334.34999999999997,335.1201477050781,,,0.0004425048828125,True,False,48,CC(C)O,mol_db030b5de88f8eaf,0.10199999999999998,0.08899999999999997,0.10364115238189697,2.3272647857666016,44.228004455566406,ClC(Cl)Cl,mol_d9e0a2387a6283f9,0.898,0.911,0.896358847618103,1.0159912109375,99.52373504638672,,,,,,,
state_99d93034ca6cfa5a62d4bbea,3c_1a08c4f653f7d812cdc9,3,ternary_vle_english.xlsx,10.1016/j.jct.2019.03.036,unverified,0.5,isobaric,0.972972972972973,isobaric,376.2,372.8250427246094,,,-5.340576171875e-05,True,False,48,CCCOC(C)=O,mol_67043ae833ecd0c7,0.0737,0.1692,0.09631373733282089,1.3438448905944824,98.51004028320312,CCOC(C)=O,mol_18876b584acc43d4,0.3254,0.7982,0.8679654002189636,1.3494340181350708,200.23599243164062,CS(C)=O,mol_7d3e12eaed0f467c,0.6009,0.03259999999999996,0.03572087362408638,1.1080037355422974,5.434850215911865
state_99dffcb19e43de998c2e15fa,3c_61bfd4ccc52903a74083,3,ternary_vle_english.xlsx,10.1016/j.fluid.2007.03.030,unverified,0.5,isobaric,0.9761904761904762,isobaric,371.66999999999996,370.9645690917969,,,9.918212890625e-05,True,False,48,CCCO,mol_5fb2f93dc8caa9dc,0.193,0.515,0.21153506636619568,1.0734000205993652,103.43630981445312,CCCOCCC,mol_e13b90e4aa2e917d,0.312,0.352,0.6521608829498291,1.6549649238586426,127.94429016113281,CCOCCO,mol_ab8630148ae67e51,0.495,0.133,0.13630405068397522,1.0717943906784058,26.02565574645996
state_99e7b4492279510de72910dc,3c_2cb16216a8c609b7ad27,3,ternary_vle_english.xlsx,10.1016/j.fluid.2005.09.015,unverified,0.5,isobaric,0.9767441860465116,isobaric,404.0,405.36956787109375,,,-2.288818359375e-05,True,False,48,CC(=O)OCC(C)C,mol_e7eb29ad965cc8ee,0.187,0.284,0.2822323739528656,0.9426705837249756,162.1863555908203,CC(C)CO,mol_015d21fca05fcd26,0.094,0.249,0.268262654542923,1.2488141059875488,231.49607849121094,CCCCOC(=O)CC,mol_a9c167bbb331e76a,0.719,0.4670000000000001,0.4495050013065338,0.9912546277046204,63.88949966430664
state_9a1970288bf9fe79c77de017,2c_21b807a1a6c6348c91ac,2,binary_vle_english.xlsx,10.1016/j.fluid.2018.07.027,unverified,0.5,isobaric,0.9629629629629629,isobaric,390.25,390.9431457519531,,,7.62939453125e-06,True,False,48,CC(C)CC(C)(C)C,mol_57615b5c3546c298,0.0,0.0,0.0,6.4369797706604,155.05062866210938,CCCCO,mol_ad4ef9c6c876ca2f,1.0,1.0,1.0,1.0,101.29994201660156,,,,,,,
state_9a80704241a69dba7345c9aa,2c_d61da005b4125a743b07,2,binary_vle_english.xlsx,10.1016/j.fluid.2009.03.008,unverified,0.5,isobaric,0.9583333333333334,isobaric,371.85999999999996,372.1793212890625,,,0.0,True,False,48,CC(=O)O,mol_9ac385b135af0125,0.6515,0.3802,0.33456915616989136,0.9991832375526428,52.07924270629883,CCC(C)=O,mol_4cfc5db0ca2ab00b,0.34850000000000003,0.6198,0.6654308438301086,0.9999483823776245,193.49102783203125,,,,,,,
state_9a9f36ddca9fab44c5c1db8e,2c_5e274a8981b66e0477e8,2,binary_vle_english.xlsx,10.1016/j.fluid.2005.02.014,passed,1.0,isobaric,0.9166666666666666,isobaric,327.16999999999996,326.7756042480469,,,-3.814697265625e-06,True,False,48,C1CCOCC1,mol_626f3d1f5bbb6f55,0.71,0.5588,0.5459029674530029,1.0018517971038818,30.69828224182129,CCC(C)Cl,mol_9f4835d3aad75f1c,0.29000000000000004,0.44120000000000004,0.45409706234931946,1.0219404697418213,61.28942108154297,,,,,,,
state_9ae85066256bcdd833006436,2c_61469365e9d7838600a7,2,binary_vle_english.xlsx,10.1016/j.fluid.2015.05.031,unverified,0.5,isobaric,0.9629629629629629,isobaric,319.14,322.00006103515625,,,-3.814697265625e-05,True,False,48,CCCCCCC,mol_fddb2c852c313396,0.782,0.14200000000000002,0.13902844488620758,1.0172065496444702,17.708528518676758,COC=O,mol_3beef90b23ffcece,0.218,0.858,0.8609715104103088,2.209869861602783,181.0757598876953,,,,,,,
state_9b1549d6ef5e46276df3151d,2c_56df7cea200b948181e5,2,binary_vle_english.xlsx,10.1016/j.jct.2006.12.013,unverified,0.5,full_state,0.0,isobaric,313.15,310.80059814453125,,,9.1552734375e-05,True,False,48,CC(F)F,mol_ed933f1c25fd987c,0.0,0.0,0.0,5.371264934539795,823.731201171875,CCCC,mol_fadb5806094149e6,1.0,1.0,1.0,1.0,377.0000305175781,,,,,,,
state_9b41e1f13bb34429ae378815,2c_03bd4325b126d2709459,2,binary_vle_english.xlsx,10.1016/j.fluid.2011.10.009,unverified,0.5,isobaric,0.9333333333333333,isobaric,410.9,407.0896301269531,,,5.340576171875e-05,True,False,48,C1CCCCC1,mol_893981623557f359,0.08999999999999997,0.32099999999999995,0.4062008857727051,1.095231533050537,417.44744873046875,CCCCCCCCC,mol_dd70207e50d8bf63,0.91,0.679,0.5937991142272949,1.0006273984909058,66.05947875976562,,,,,,,
state_9bf40635a1b0d6e82333c7dc,2c_a4e8a38f7f4879124614,2,binary_vle_english.xlsx,10.1016/j.fluid.2012.05.016,unverified,0.5,isothermal,0.9375,isothermal,,,72.73001819136,73.47218322753906,-7.62939453125e-06,True,False,48,CCCO,mol_5fb2f93dc8caa9dc,0.6547000000000001,0.41379999999999995,0.41040530800819397,1.1067744493484497,41.61351776123047,CCOC(C)=O,mol_18876b584acc43d4,0.3453,0.5862,0.5895947217941284,1.354770541191101,92.60067749023438,,,,,,,
state_9c563153836fa85d3945c0ab,2c_1490252da7453cbbebe4,2,binary_vle_english.xlsx,10.1016/j.fluid.2007.10.016,unverified,0.5,isothermal,0.9615384615384616,isothermal,,,64.81000292032,63.26978302001953,0.0,True,False,48,CC(C)CC(C)(C)C,mol_57615b5c3546c298,0.10629999999999995,0.24780000000000002,0.21982192993164062,3.626521110534668,36.078121185302734,CC(C)O,mol_db030b5de88f8eaf,0.8937,0.7522,0.7801780700683594,1.0169888734817505,54.3102912902832,,,,,,,
state_9c5a239719781350c0c53340,2c_98afb8e6c65a310db5e0,2,binary_vle_english.xlsx,10.1016/j.jct.2012.12.026,unverified,0.5,isothermal,0.9,isothermal,,,189.699997789056,221.48388671875,0.0,True,False,48,F/C=C/C(F)(F)F,mol_0e763ba6787b2749,0.11199999999999999,0.127,0.1469988375902176,1.4039297103881836,207.0582733154297,FC(F)C(F)F,mol_fccff6221e62b4bc,0.888,0.873,0.8530011773109436,1.004563331604004,211.78805541992188,,,,,,,
state_9c84b69e8fe7a29edd03a5d6,2c_913ec9aa8f318623c900,2,binary_vle_english.xlsx,10.1016/j.fluid.2014.02.023,unverified,0.5,isothermal,0.9285714285714286,isothermal,,,44.940037160703994,28.648426055908203,0.0,True,False,48,C1CCCCC1,mol_893981623557f359,0.4212,0.9882,0.9830021858215332,1.2738018035888672,52.48860549926758,Nc1ccccc1,mol_8d11fd6c0d4e62a7,0.5788,0.011800000000000033,0.016997847706079483,1.0930644273757935,0.7696981430053711,,,,,,,
state_9cab44e0cd04484649ecf096,2c_a160651817afdffd3182,2,binary_vle_english.xlsx,10.1016/j.fluid.2005.05.024,unverified,0.5,isothermal,0.96,isothermal,,,46.279926959103996,45.5989990234375,-3.814697265625e-06,True,False,48,CC(=O)CC(C)C,mol_0a895444a9f0f36b,0.3398,0.18779999999999997,0.18607021868228912,1.327628254890442,18.807552337646484,CC(C)O,mol_db030b5de88f8eaf,0.6602,0.8122,0.8139297962188721,1.0351053476333618,54.3102912902832,,,,,,,
state_9dc67931f85299b29e24539a,2c_ae514b5a938c4d83d1c9,2,binary_vle_english.xlsx,10.1016/j.fluid.2009.08.007,unverified,0.5,isothermal,0.8888888888888888,isothermal,,,495.400054948608,485.53106689453125,0.0,True,False,48,CCCC,mol_fadb5806094149e6,0.8111,0.948,0.9612419605255127,1.0871031284332275,529.3032836914062,CCO,mol_f29e20f49d416e54,0.18889999999999996,0.052000000000000046,0.038758065551519394,3.25347638130188,30.61960220336914,,,,,,,
state_9dd1774e7579fc7dc0ed9eb9,2c_ae514b5a938c4d83d1c9,2,binary_vle_english.xlsx,10.1016/j.fluid.2014.05.018,unverified,0.5,isothermal,0.9,isothermal,,,374.000039707008,366.12005615234375,3.0517578125e-05,True,False,48,CCCC,mol_fadb5806094149e6,0.8046,0.9682,0.9678986072540283,1.0919902324676514,403.3245544433594,CCO,mol_f29e20f49d416e54,0.19540000000000002,0.03180000000000005,0.032101407647132874,3.1469361782073975,19.1132755279541,,,,,,,
state_9e5ba5fa79196ffc8db9f6ea,2c_a160651817afdffd3182,2,binary_vle_english.xlsx,10.1016/j.fluid.2005.05.024,unverified,0.5,isothermal,0.96,isothermal,,,28.039960470656002,27.058494567871094,0.0,True,False,48,CC(=O)CC(C)C,mol_0a895444a9f0f36b,0.8699,0.6058,0.6091377139091492,1.0074361562728882,18.807552337646484,CC(C)O,mol_db030b5de88f8eaf,0.1301,0.3942,0.39086228609085083,1.4968146085739136,54.3102912902832,,,,,,,
state_9ec55552dafcd99711f9b70a,2c_3e7cc7d2a95d27d26296,2,binary_vle_english.xlsx,10.1016/j.fluid.2016.12.025,unverified,0.5,isothermal,0.95,isothermal,,,12.999997458944,13.630073547363281,0.0,True,False,48,CCCCCCO,mol_eb71ecc709e3f0dc,0.05410000000000004,0.008399999999999963,0.01979500986635685,1.58932626247406,3.137932538986206,CCCCO,mol_ad4ef9c6c876ca2f,0.9459,0.9916,0.9802049398422241,1.0012673139572144,14.106517791748047,,,,,,,
state_9f53c5f7f7f2d6502afb8d15,2c_ae514b5a938c4d83d1c9,2,binary_vle_english.xlsx,10.1016/j.fluid.2015.10.041,unverified,0.5,isothermal,0.8888888888888888,isothermal,,,372.00007086464,341.5677490234375,0.0,True,False,48,CCCC,mol_fadb5806094149e6,0.205,0.924,0.9241036772727966,2.9112560749053955,528.8875122070312,CCO,mol_f29e20f49d416e54,0.795,0.07599999999999996,0.07589628547430038,1.0664069652557373,30.577871322631836,,,,,,,
state_9ff9374c958b7a567ea9754c,2c_3cf279eea352998261d1,2,binary_vle_english.xlsx,10.1016/j.fluid.2012.05.016,unverified,0.5,isothermal,0.9375,isothermal,,,80.5900383968,73.70005798339844,-7.62939453125e-06,True,False,48,CCCOC(C)=O,mol_67043ae833ecd0c7,0.5299,0.33630000000000004,0.3239091634750366,1.107388973236084,40.681495666503906,CCO,mol_f29e20f49d416e54,0.4701,0.6637,0.6760908365249634,1.2109016180038452,87.53337860107422,,,,,,,
state_a03e871fa98903c8205d997a,2c_68be6b27ffcb3843add8,2,binary_vle_english.xlsx,10.1016/j.fluid.2010.09.023,unverified,0.5,full_state,0.0,isothermal,,,425.399945564416,455.67083740234375,0.0,True,False,48,CCC#N,mol_abe9c8e175e3ffb6,0.5015000000000001,0.03749999999999998,0.028112191706895828,1.5041121244430542,16.98223304748535,CCCC,mol_fadb5806094149e6,0.4985,0.9625,0.9718878269195557,1.732231616973877,512.85693359375,,,,,,,
state_a0b4ca4f4873289a46468af6,2c_451f166b8507b1dda896,2,binary_vle_english.xlsx,10.1016/j.fluid.2010.11.026,passed,1.0,isothermal,0.9166666666666666,isothermal,,,89.900072676608,87.78428649902344,0.0,True,False,48,CCCOC(C)=O,mol_67043ae833ecd0c7,0.373,0.31699999999999995,0.3064163029193878,1.020744800567627,70.64845275878906,CCSCC,mol_a7491cfbf016fee6,0.627,0.683,0.6935836672782898,1.0152860879898071,95.6444320678711,,,,,,,
state_a0e794be1df06264efe71710,2c_1490252da7453cbbebe4,2,binary_vle_english.xlsx,10.1016/j.jct.2011.09.007,unverified,0.5,isothermal,0.9444444444444444,isothermal,,,69.839989220224,68.52101135253906,0.0,True,False,48,CC(C)CC(C)(C)C,mol_57615b5c3546c298,0.40449999999999997,0.40369999999999995,0.39233189821243286,1.8421074151992798,36.078121185302734,CC(C)O,mol_db030b5de88f8eaf,0.5955,0.5963,0.6076681017875671,1.287437915802002,54.3102912902832,,,,,,,
state_a0e8326788ea897138222ad1,2c_6f361cb0ec8be0b0e6dd,2,binary_vle_english.xlsx,10.1016/j.jct.2012.11.005,unverified,0.5,isothermal,0.9166666666666666,isothermal,,,31.970037234559996,27.782367706298828,-1.9073486328125e-06,True,False,48,CC(C)OC(C)C,mol_1a0ca8e5eeb68da8,0.125,0.48,0.392130047082901,2.333204746246338,37.353946685791016,CCO,mol_f29e20f49d416e54,0.875,0.52,0.6078699231147766,1.0122501850128174,19.06707000732422,,,,,,,
state_a1257e8e0cacdcc70d929a4c,2c_56df7cea200b948181e5,2,binary_vle_english.xlsx,10.1016/j.fluid.2007.07.010,unverified,0.5,isothermal,0.8333333333333334,isothermal,,,332.99994516543995,396.113525390625,0.0,True,False,48,CC(F)F,mol_ed933f1c25fd987c,0.09,0.355,0.48309126496315,3.999445915222168,531.6263427734375,CCCC,mol_fadb5806094149e6,0.91,0.645,0.5169087648391724,1.0144554376602173,221.79879760742188,,,,,,,
state_a19eb499b96e88a9a4ad8079,2c_6aab25a5edecf15e2cbf,2,binary_vle_english.xlsx,10.1016/j.fluid.2015.04.009,unverified,0.5,isothermal,0.75,isothermal,,,493.90004498623995,547.048095703125,6.103515625e-05,True,False,48,CCCO,mol_5fb2f93dc8caa9dc,0.7459,0.6357999999999999,0.5977943539619446,1.0242712497711182,428.0375061035156,CCO,mol_f29e20f49d416e54,0.2541,0.3642,0.40220561623573303,1.1560901403427124,748.9922485351562,,,,,,,
state_a23e2002883c7c2ad15000ba,2c_6f361cb0ec8be0b0e6dd,2,binary_vle_english.xlsx,10.1016/j.jct.2012.11.005,unverified,0.5,isothermal,0.9166666666666666,isothermal,,,57.18996297728,50.426002502441406,0.0,True,False,48,CC(C)OC(C)C,mol_1a0ca8e5eeb68da8,0.259,0.567,0.5163981318473816,1.9063010215759277,52.74094772338867,CCO,mol_f29e20f49d416e54,0.741,0.43300000000000005,0.4836018979549408,1.0796891450881958,30.480745315551758,,,,,,,
state_a23ea8530a49e3364b8e29c8,2c_9478a219a5c540597926,2,binary_vle_english.xlsx,10.1016/j.fluid.2009.01.016,unverified,0.5,isothermal,0.9444444444444444,isothermal,,,98.390041070848,96.60903930664062,-7.62939453125e-06,True,False,48,CC(=O)C(C)(C)C,mol_61a887e37d396488,0.12009999999999998,0.027900000000000036,0.026479367166757584,1.2114369869232178,17.582534790039062,COC(C)(C)C,mol_b614d6fea320c179,0.8799,0.9721,0.9735206365585327,1.000910758972168,106.7908935546875,,,,,,,
state_a33880298226a63ea3ade5e7,2c_a4e8a38f7f4879124614,2,binary_vle_english.xlsx,10.1016/j.fluid.2012.05.016,unverified,0.5,isothermal,0.9333333333333333,isothermal,,,17.059930209279997,17.6480712890625,0.0,True,False,48,CCCO,mol_5fb2f93dc8caa9dc,0.9303,0.6669,0.7004647850990295,1.0038295984268188,13.237334251403809,CCOC(C)=O,mol_18876b584acc43d4,0.0697,0.3331,0.2995351552963257,2.0174407958984375,37.593387603759766,,,,,,,
state_a39b988b9e886032aa199974,2c_a160651817afdffd3182,2,binary_vle_english.xlsx,10.1016/j.fluid.2005.05.024,unverified,0.5,isothermal,0.9583333333333334,isothermal,,,16.359987777279997,15.743181228637695,-9.5367431640625e-07,True,False,48,CC(=O)CC(C)C,mol_0a895444a9f0f36b,0.927,0.7266,0.7412770986557007,1.0026957988739014,12.555214881896973,CC(C)O,mol_db030b5de88f8eaf,0.073,0.2734,0.2587229013442993,1.5751420259475708,35.422950744628906,,,,,,,
state_a3cb344d455b5cf3cbbb459b,2c_1490252da7453cbbebe4,2,binary_vle_english.xlsx,10.1016/j.jct.2011.09.007,unverified,0.5,isothermal,0.9444444444444444,isothermal,,,63.749956772352,62.12561798095703,7.62939453125e-06,True,False,48,CC(C)CC(C)(C)C,mol_57615b5c3546c298,0.8354,0.5359,0.5178505778312683,1.0674238204956055,36.078121185302734,CC(C)O,mol_db030b5de88f8eaf,0.1646,0.4641,0.4821494519710541,3.350738048553467,54.3102912902832,,,,,,,
state_a4c1435ed8d0010b4c9ca790,2c_6aab25a5edecf15e2cbf,2,binary_vle_english.xlsx,10.1016/j.fluid.2012.05.016,unverified,0.5,isothermal,0.9166666666666666,isothermal,,,21.559960096384,21.632549285888672,0.0,True,False,48,CCCO,mol_5fb2f93dc8caa9dc,0.4626,0.26459999999999995,0.28033867478370667,0.9903405904769897,13.237334251403809,CCO,mol_f29e20f49d416e54,0.5374,0.7354,0.7196613550186157,0.9504135847091675,30.480745315551758,,,,,,,
state_a4eb1869eeed28070aba6da2,2c_98afb8e6c65a310db5e0,2,binary_vle_english.xlsx,10.1016/j.jct.2012.12.026,unverified,0.5,isothermal,0.8461538461538461,isothermal,,,391.500067053056,449.71673583984375,-3.0517578125e-05,True,False,48,F/C=C/C(F)(F)F,mol_0e763ba6787b2749,0.32699999999999996,0.33099999999999996,0.37063297629356384,1.3713208436965942,371.7031555175781,FC(F)C(F)F,mol_fccff6221e62b4bc,0.673,0.669,0.6293670535087585,1.0759154558181763,390.8857421875,,,,,,,
state_a53f90681ab3f337a8f476cb,2c_1490252da7453cbbebe4,2,binary_vle_english.xlsx,10.1016/j.fluid.2007.10.016,unverified,0.5,isothermal,0.9615384615384616,isothermal,,,45.989950808703995,45.059173583984375,0.0,True,False,48,CC(C)CC(C)(C)C,mol_57615b5c3546c298,0.2673,0.3889,0.3627971112728119,2.379364013671875,25.703197479248047,CC(C)O,mol_db030b5de88f8eaf,0.7327,0.6111,0.6372029185295105,1.1062418222427368,35.422950744628906,,,,,,,
state_a5440f499084e210cea6ddbe,2c_1490252da7453cbbebe4,2,binary_vle_english.xlsx,10.1016/j.fluid.2007.10.016,unverified,0.5,isothermal,0.9615384615384616,isothermal,,,64.10006131072001,62.45506286621094,-3.814697265625e-06,True,False,48,CC(C)CC(C)(C)C,mol_57615b5c3546c298,0.8294,0.5259,0.5137496590614319,1.0722874402999878,36.078121185302734,CC(C)O,mol_db030b5de88f8eaf,0.1706,0.4741,0.4862503409385681,3.2776787281036377,54.3102912902832,,,,,,,
state_a54fd5e9837e69e2e7f6dab5,2c_a4e8a38f7f4879124614,2,binary_vle_english.xlsx,10.1016/j.fluid.2012.05.016,unverified,0.5,isothermal,0.9375,isothermal,,,82.180040957568,82.61294555664062,0.0,True,False,48,CCCO,mol_5fb2f93dc8caa9dc,0.4504,0.2824,0.2812398076057434,1.2396299839019775,41.61351776123047,CCOC(C)=O,mol_18876b584acc43d4,0.5496,0.7176,0.7187601923942566,1.1667323112487793,92.60067749023438,,,,,,,
state_a5dd7b130c532ee516fe9a83,2c_6f361cb0ec8be0b0e6dd,2,binary_vle_english.xlsx,10.1016/j.jct.2012.11.005,unverified,0.5,isothermal,0.9166666666666666,isothermal,,,61.959970659584,56.82219696044922,-3.814697265625e-06,True,False,48,CC(C)OC(C)C,mol_1a0ca8e5eeb68da8,0.881,0.789,0.8353087902069092,1.021506667137146,52.74094772338867,CCO,mol_f29e20f49d416e54,0.119,0.21099999999999997,0.16469119489192963,2.579977035522461,30.480745315551758,,,,,,,
state_a5f2ad4405a3280cfc34310d,2c_6aab25a5edecf15e2cbf,2,binary_vle_english.xlsx,10.1016/j.fluid.2012.05.016,unverified,0.5,isothermal,0.9166666666666666,isothermal,,,25.240057420288,25.658138275146484,0.0,True,False,48,CCCO,mol_5fb2f93dc8caa9dc,0.24950000000000006,0.12370000000000003,0.12388994544744492,0.9624764323234558,13.237334251403809,CCO,mol_f29e20f49d416e54,0.7505,0.8763,0.8761100769042969,0.9826695322990417,30.480745315551758,,,,,,,
state_a642ffbb82c21ded31b46f40,2c_913ec9aa8f318623c900,2,binary_vle_english.xlsx,10.1016/j.fluid.2014.02.023,unverified,0.5,isothermal,0.9285714285714286,isothermal,,,46.790018339072,40.966217041015625,0.0,True,False,48,C1CCCCC1,mol_893981623557f359,0.7111,0.9918,0.9925634860992432,1.089402675628662,52.48860549926758,Nc1ccccc1,mol_8d11fd6c0d4e62a7,0.28890000000000005,0.008199999999999985,0.007436470128595829,1.3700131177902222,0.7696981430053711,,,,,,,
state_a6916c10f15c9be9e2c55d86,2c_1490252da7453cbbebe4,2,binary_vle_english.xlsx,10.1016/j.fluid.2007.10.016,unverified,0.5,isothermal,0.9615384615384616,isothermal,,,46.530039721472,45.42250061035156,0.0,True,False,48,CC(C)CC(C)(C)C,mol_57615b5c3546c298,0.5137,0.4544,0.4505924880504608,1.5500948429107666,25.703197479248047,CC(C)O,mol_db030b5de88f8eaf,0.4863,0.5456,0.5494075417518616,1.448693871498108,35.422950744628906,,,,,,,
state_a6ff49b94900afaa286c3d3c,2c_1490252da7453cbbebe4,2,binary_vle_english.xlsx,10.1016/j.jct.2011.09.007,unverified,0.5,isothermal,0.9473684210526315,isothermal,,,34.629951798528,36.24259948730469,0.0,True,False,48,CC(C)CC(C)(C)C,mol_57615b5c3546c298,0.011700000000000044,0.06030000000000002,0.0339156799018383,4.08739709854126,25.703197479248047,CC(C)O,mol_db030b5de88f8eaf,0.9883,0.9397,0.966084361076355,1.0001400709152222,35.422950744628906,,,,,,,
state_a79315ed4d713568a25371e3,2c_ae514b5a938c4d83d1c9,2,binary_vle_english.xlsx,10.1016/j.fluid.2014.05.018,unverified,0.5,isothermal,0.9,isothermal,,,371.000019782272,358.295654296875,3.0517578125e-05,True,False,48,CCCC,mol_fadb5806094149e6,0.7264,0.9683,0.964339554309845,1.1793454885482788,403.3245544433594,CCO,mol_f29e20f49d416e54,0.27359999999999995,0.03169999999999995,0.035660430788993835,2.443300724029541,19.1132755279541,,,,,,,
state_a7e3e02e693a2ad12bb8eb14,2c_8b8dfc345b3e095c6955,2,binary_vle_english.xlsx,10.1016/j.jct.2012.10.003,unverified,0.5,isothermal,0.9,isothermal,,,302.299936808448,332.939697265625,3.0517578125e-05,True,False,48,CC(C)C,mol_cd0696a421ed56d8,1.0,1.0,1.0,1.0,332.9397277832031,FC(F)(F)I,mol_b415a9b082dbafac,0.0,0.0,0.0,5.083484172821045,464.1320495605469,,,,,,,
state_a8c09abff1b84785a332cb91,2c_ae514b5a938c4d83d1c9,2,binary_vle_english.xlsx,10.1016/j.fluid.2014.05.018,unverified,0.5,isothermal,0.8,isothermal,,,291.00006618623996,295.0140380859375,0.0,True,False,48,CCCC,mol_fadb5806094149e6,0.0965,0.8579,0.8525340557098389,3.8235082626342773,681.6557006835938,CCO,mol_f29e20f49d416e54,0.9035,0.1421,0.1474660038948059,1.0142412185668945,47.47502517700195,,,,,,,
state_a919c474e815956543b9c852,2c_4e1effd6e44016fa9e71,2,binary_vle_english.xlsx,10.1016/j.jct.2006.06.002,unverified,0.5,full_state,0.0,isothermal,,,100.20002553881599,95.04927062988281,0.0,True,False,48,CO,mol_a85d32e4db2ff39c,0.8942,0.7524,0.7771442532539368,1.020915150642395,80.91445922851562,c1ccccc1,mol_7165dcf6be1f831d,0.1058,0.24760000000000004,0.22285574674606323,3.7288713455200195,53.691993713378906,,,,,,,
state_a945f7497a43a21e3a7b23db,2c_6f361cb0ec8be0b0e6dd,2,binary_vle_english.xlsx,10.1016/j.jct.2012.11.005,unverified,0.5,isothermal,0.9166666666666666,isothermal,,,41.760032039167996,39.37040710449219,0.0,True,False,48,CC(C)OC(C)C,mol_1a0ca8e5eeb68da8,0.895,0.821,0.8636002540588379,1.0170050859451294,37.353946685791016,CCO,mol_f29e20f49d416e54,0.10499999999999998,0.17900000000000005,0.1363997608423233,2.6823177337646484,19.06707000732422,,,,,,,
state_aa63fefdf29eac283aade306,2c_3cf279eea352998261d1,2,binary_vle_english.xlsx,10.1016/j.fluid.2012.05.016,unverified,0.5,isothermal,0.9375,isothermal,,,65.49994617472,58.64580535888672,0.0,True,False,48,CCCOC(C)=O,mol_67043ae833ecd0c7,0.7973,0.5302,0.5630435943603516,1.0180293321609497,40.681495666503906,CCO,mol_f29e20f49d416e54,0.2027,0.4698,0.4369564354419708,1.4442676305770874,87.53337860107422,,,,,,,
state_aadd2008aa05550150b70a85,2c_a4e8a38f7f4879124614,2,binary_vle_english.xlsx,10.1016/j.fluid.2012.05.016,unverified,0.5,isothermal,0.9333333333333333,isothermal,,,37.949945406464,37.59339141845703,-3.814697265625e-06,True,False,48,CCCO,mol_5fb2f93dc8caa9dc,0.0,0.0,0.0,2.313225030899048,13.237334251403809,CCOC(C)=O,mol_18876b584acc43d4,1.0,1.0,1.0,1.0,37.593387603759766,,,,,,,
state_aae91475754b21d2f9ec3044,2c_ae514b5a938c4d83d1c9,2,binary_vle_english.xlsx,10.1016/j.fluid.2009.08.007,unverified,0.5,isothermal,0.8888888888888888,isothermal,,,487.40004625676795,471.03778076171875,0.0,True,False,48,CCCC,mol_fadb5806094149e6,0.6856,0.9434,0.9552127718925476,1.2398823499679565,529.3032836914062,CCO,mol_f29e20f49d416e54,0.3144,0.056599999999999984,0.044787224382162094,2.1914312839508057,30.61960220336914,,,,,,,
state_aaf95aa893a02ce0717718eb,2c_303f5d258da9140f9795,2,binary_vle_english.xlsx,10.1016/j.fluid.2012.11.026,unverified,0.5,isothermal,0.9333333333333333,isothermal,,,61.761720298368,33.96563720703125,0.0,True,False,48,CCOC(=O)OCC,mol_4df2781fcf4d4a77,0.8029,0.3044,0.47156742215156555,1.0329395532608032,19.312885284423828,O,mol_e81dc06beaa39499,0.1971,0.6956,0.5284326076507568,1.8760746717453003,48.539207458496094,,,,,,,
state_ab4d9217e3622b7962e70f4b,2c_c6a565ee5191fe2b2cdb,2,binary_vle_english.xlsx,10.1016/j.fluid.2010.11.026,passed,1.0,isothermal,0.9333333333333333,isothermal,,,75.600048807296,72.91349792480469,0.0,True,False,48,CCO,mol_f29e20f49d416e54,0.976,0.937,0.9610893130302429,1.0005460977554321,71.76038360595703,CCSCC,mol_a7491cfbf016fee6,0.024,0.063,0.03891069442033768,2.4700520038604736,47.85855484008789,,,,,,,
state_abcb093ecce91939b233e4b7,2c_98afb8e6c65a310db5e0,2,binary_vle_english.xlsx,10.1016/j.jct.2012.12.026,unverified,0.5,isothermal,0.9166666666666666,isothermal,,,389.79994021631995,454.17327880859375,0.0,True,False,48,F/C=C/C(F)(F)F,mol_0e763ba6787b2749,0.476,0.46799999999999997,0.4723207652568817,1.2124264240264893,371.7031555175781,FC(F)C(F)F,mol_fccff6221e62b4bc,0.524,0.532,0.5276792645454407,1.1700663566589355,390.8857421875,,,,,,,
state_ac7e86fc7c60aca82eb91113,2c_a160651817afdffd3182,2,binary_vle_english.xlsx,10.1016/j.fluid.2005.05.024,unverified,0.5,isothermal,0.9583333333333334,isothermal,,,31.98003641216,31.94320297241211,0.0,True,False,48,CC(=O)CC(C)C,mol_0a895444a9f0f36b,0.15180000000000005,0.10250000000000004,0.08550547063350677,1.4330998659133911,12.555214881896973,CC(C)O,mol_db030b5de88f8eaf,0.8482,0.8975,0.914494514465332,0.9722468852996826,35.422950744628906,,,,,,,
state_acf92abc629f153eb69439ed,2c_56df7cea200b948181e5,2,binary_vle_english.xlsx,10.1016/j.fluid.2007.07.010,unverified,0.5,isothermal,0.75,isothermal,,,405.000023392,484.86505126953125,0.0,True,False,48,CC(F)F,mol_ed933f1c25fd987c,0.065,0.286,0.4134477376937866,4.498376846313477,685.6023559570312,CCCC,mol_fadb5806094149e6,0.935,0.714,0.5865523219108582,1.0077184438705444,301.8399963378906,,,,,,,
state_ad5bafc78321cc725411511a,2c_1490252da7453cbbebe4,2,binary_vle_english.xlsx,10.1016/j.jct.2011.09.007,unverified,0.5,isothermal,0.9,isothermal,,,46.360053702272,45.66131591796875,0.0,True,False,48,CC(C)CC(C)(C)C,mol_57615b5c3546c298,0.395,0.42989999999999995,0.41153404116630554,1.850844383239746,25.703197479248047,CC(C)O,mol_db030b5de88f8eaf,0.605,0.5701,0.5884659886360168,1.253804087638855,35.422950744628906,,,,,,,
state_ae1dd6625d1c9ca280b15ec9,2c_6aab25a5edecf15e2cbf,2,binary_vle_english.xlsx,10.1016/j.fluid.2012.05.016,unverified,0.5,isothermal,0.9333333333333333,isothermal,,,81.5999553344,81.30723571777344,-7.62939453125e-06,True,False,48,CCCO,mol_5fb2f93dc8caa9dc,0.15339999999999998,0.08009999999999995,0.08643337339162827,1.1009074449539185,41.61351776123047,CCO,mol_f29e20f49d416e54,0.8466,0.9199,0.9135666489601135,1.0023454427719116,87.53337860107422,,,,,,,
state_ae5b595abd04797a5d6c85a5,2c_ae514b5a938c4d83d1c9,2,binary_vle_english.xlsx,10.1016/j.fluid.2015.10.041,unverified,0.5,isothermal,0.8888888888888888,isothermal,,,271.800045325824,239.03538513183594,1.52587890625e-05,True,False,48,CCCC,mol_fadb5806094149e6,0.109,0.892,0.8839621543884277,3.665271043777466,528.8875122070312,CCO,mol_f29e20f49d416e54,0.891,0.10799999999999998,0.11603785306215286,1.0180684328079224,30.577871322631836,,,,,,,
state_aeb2918dab3977584a1caac8,2c_303f5d258da9140f9795,2,binary_vle_english.xlsx,10.1016/j.fluid.2012.11.026,unverified,0.5,isothermal,0.9333333333333333,isothermal,,,80.043550010368,71.97659301757812,0.0,True,False,48,CCOC(=O)OCC,mol_4df2781fcf4d4a77,0.009499999999999953,0.13539999999999996,0.015976034104824066,4.263016700744629,28.393545150756836,O,mol_e81dc06beaa39499,0.9905,0.8646,0.984023928642273,1.0002492666244507,71.4881820678711,,,,,,,
state_aeb50fb9fc186cf418c696e1,2c_9478a219a5c540597926,2,binary_vle_english.xlsx,10.1016/j.fluid.2009.01.016,unverified,0.5,isothermal,0.9444444444444444,isothermal,,,85.850005781504,84.70088195800781,0.0,True,False,48,CC(=O)C(C)(C)C,mol_61a887e37d396488,0.26339999999999997,0.06699999999999995,0.06272724270820618,1.1472203731536865,17.582534790039062,COC(C)(C)C,mol_b614d6fea320c179,0.7366,0.933,0.9372727870941162,1.0092250108718872,106.7908935546875,,,,,,,
state_af20e386ca1b289bdfc966d4,2c_6f361cb0ec8be0b0e6dd,2,binary_vle_english.xlsx,10.1016/j.jct.2012.11.005,unverified,0.5,isothermal,0.9166666666666666,isothermal,,,34.900062916096,30.560932159423828,-1.9073486328125e-06,True,False,48,CC(C)OC(C)C,mol_1a0ca8e5eeb68da8,0.179,0.546,0.47282782196998596,2.161125898361206,37.353946685791016,CCO,mol_f29e20f49d416e54,0.821,0.45399999999999996,0.5271722078323364,1.0291814804077148,19.06707000732422,,,,,,,
state_af42be671e790e11153516ac,2c_c6a565ee5191fe2b2cdb,2,binary_vle_english.xlsx,10.1016/j.fluid.2015.10.041,passed,1.0,isothermal,0.9375,isothermal,,,88.299937615872,76.8348388671875,-7.62939453125e-06,True,False,48,CCO,mol_f29e20f49d416e54,0.632,0.625,0.6757237911224365,1.14571213722229,71.70257568359375,CCSCC,mol_a7491cfbf016fee6,0.368,0.375,0.3242761790752411,1.415741205215454,47.823516845703125,,,,,,,
state_9b6534d464fd86a6fc72b226,2c_7c6b847ee4cb190db3ef,2,binary_vle_english.xlsx,10.1016/j.fluid.2005.06.024,unverified,0.5,isobaric,0.9666666666666667,isobaric,377.67999999999995,377.73443603515625,,,6.103515625e-05,True,False,48,CCC(C)=O,mol_4cfc5db0ca2ab00b,0.3034,0.6409,0.6717077493667603,0.9887003898620605,226.89083862304688,CCOC(=O)OCC,mol_4df2781fcf4d4a77,0.6966,0.3591,0.32829225063323975,0.9943946003913879,48.02145004272461,,,,,,,
state_9b88b27fae2d341317438848,2c_21b807a1a6c6348c91ac,2,binary_vle_english.xlsx,10.1016/j.fluid.2018.07.027,unverified,0.5,isobaric,0.9629629629629629,isobaric,382.09999999999997,381.3270263671875,,,7.62939453125e-06,True,False,48,CC(C)CC(C)(C)C,mol_57615b5c3546c298,0.0525,0.2848,0.33373481035232544,5.308271408081055,121.31047821044922,CCCCO,mol_ad4ef9c6c876ca2f,0.9475,0.7152000000000001,0.6662652492523193,1.0052497386932373,70.8603286743164,,,,,,,
state_9c169e4f9b9c10c8d9f5b7e2,2c_7b12ee2d0e35e39326bc,2,binary_vle_english.xlsx,10.1016/j.fluid.2011.08.007,unverified,0.5,isobaric,0.9642857142857143,isobaric,340.77,341.311767578125,,,6.866455078125e-05,True,False,48,CCOCCO,mol_ab8630148ae67e51,0.43200000000000005,0.04800000000000004,0.047330357134342194,1.0045088529586792,7.270560264587402,CO,mol_a85d32e4db2ff39c,0.568,0.952,0.952669620513916,0.9882502555847168,113.13388061523438,,,,,,,
state_9c187cfdf56b83d83a1136d9,2c_7e396008deb1d14f8e15,2,binary_vle_english.xlsx,10.1016/j.fluid.2015.11.007,passed,1.0,isobaric,0.9090909090909091,isobaric,369.58,362.07763671875,,,0.00010776519775390625,True,False,48,CC(=O)N(C)C,mol_b8ccf255e2b62919,0.71,0.774,0.7378725409507751,0.8638389706611633,8.421555519104004,CC(=O)O,mol_9ac385b135af0125,0.29,0.226,0.26212745904922485,0.17983293533325195,35.18417739868164,,,,,,,
state_9c48cc7714909e8b723e1e77,2c_8d6240d515d92725f365,2,binary_vle_english.xlsx,10.1016/j.fluid.2015.05.031,unverified,0.5,isobaric,0.96875,isobaric,398.83,397.02911376953125,,,0.0012664794921875,True,False,48,CCCCCCCC,mol_8151bb583f7f3ebd,1.0,1.0,1.0,1.0,101.32119750976562,COC=O,mol_3beef90b23ffcece,0.0,0.0,0.0,2.3014233112335205,1294.9771728515625,,,,,,,
state_9c4da64a3da213cc8d585b4c,2c_82cfa7a14fa3ab1984f1,2,binary_vle_english.xlsx,10.1016/j.fluid.2014.06.025,unverified,0.5,isobaric,0.9,isobaric,349.95,355.7612609863281,,,1.52587890625e-05,True,False,48,CC#N,mol_7028b7cbd3d829b4,0.5955,0.6662,0.681567907333374,1.1645126342773438,100.74117279052734,O,mol_e81dc06beaa39499,0.40449999999999997,0.3338,0.3184320628643036,1.4993791580200195,53.81589889526367,,,,,,,
state_9c94a90b62e63711d30fd83e,2c_d61da005b4125a743b07,2,binary_vle_english.xlsx,10.1016/j.fluid.2009.03.008,unverified,0.5,isobaric,0.9583333333333334,isobaric,370.9,370.95745849609375,,,3.0517578125e-05,True,False,48,CC(=O)O,mol_9ac385b135af0125,0.6232,0.345,0.30553263425827026,0.9991064071655273,49.72294616699219,CCC(C)=O,mol_4cfc5db0ca2ab00b,0.3768,0.655,0.6944673657417297,1.0002474784851074,186.7118682861328,,,,,,,
state_9ce530175daca16f30bf7aad,2c_d66c7a74cea5d8732e08,2,binary_vle_english.xlsx,10.1016/j.jct.2017.02.005,unverified,0.5,isobaric,0.96875,isobaric,354.95,355.0063171386719,,,7.62939453125e-06,True,False,48,CC(C)O,mol_db030b5de88f8eaf,0.197,0.531,0.5211878418922424,2.6838016510009766,98.5775146484375,O,mol_e81dc06beaa39499,0.8029999999999999,0.469,0.47881215810775757,1.141376256942749,52.242149353027344,,,,,,,
state_9ceebed747e38e4cce414f99,2c_21b807a1a6c6348c91ac,2,binary_vle_english.xlsx,10.1016/j.fluid.2018.07.027,unverified,0.5,isobaric,0.9629629629629629,isobaric,370.41999999999996,372.2306823730469,,,9.918212890625e-05,True,False,48,CC(C)CC(C)(C)C,mol_57615b5c3546c298,0.9827,0.9455,0.923090934753418,1.0009618997573853,95.06388854980469,CCCCO,mol_ad4ef9c6c876ca2f,0.017299999999999982,0.05449999999999999,0.0769091248512268,9.064330101013184,49.68274688720703,,,,,,,
state_9cf86126a13fcd7c87f33466,2c_03bd4325b126d2709459,2,binary_vle_english.xlsx,10.1016/j.fluid.2011.10.009,unverified,0.5,isobaric,0.9333333333333333,isobaric,382.79999999999995,377.8675231933594,,,4.57763671875e-05,True,False,48,C1CCCCC1,mol_893981623557f359,0.404,0.8,0.8516330718994141,1.0535770654678345,202.68154907226562,CCCCCCCCC,mol_dd70207e50d8bf63,0.596,0.2,0.14836688339710236,1.0154622793197632,24.833404541015625,,,,,,,
state_9d0c219b85e262b6e6757d94,2c_60db84011f520a374b2a,2,binary_vle_english.xlsx,10.1016/j.fluid.2013.09.060,passed,1.0,isobaric,0.9375,isobaric,333.2,334.3127136230469,,,0.00127410888671875,True,False,48,C1CCOC1,mol_c59bfa659357f795,0.309,0.381,0.3668651580810547,1.363011360168457,88.23951721191406,CO,mol_a85d32e4db2ff39c,0.6910000000000001,0.619,0.6331347823143005,1.076607346534729,86.21353149414062,,,,,,,
state_9d1c6766bc4529db3e7f9305,2c_a1a0cf7c2f4fd070fb84,2,binary_vle_english.xlsx,10.1016/j.jct.2018.03.019,unverified,0.5,isobaric,0.95,isobaric,417.68999999999994,411.29766845703125,,,0.00022125244140625,True,False,48,CC(C)=O,mol_e04cf77cea7bbe66,0.0606,0.4029,0.5501704216003418,0.9692338705062866,948.8687133789062,O=Cc1ccco1,mol_cfdccd30b0689448,0.9394,0.5971,0.4498295783996582,0.9997174143791199,48.52106475830078,,,,,,,
state_9da7562e5f8d92151aa89661,2c_df88b179a6c12f0b788b,2,binary_vle_english.xlsx,10.1016/j.jct.2006.12.003,unverified,0.5,isobaric,0.9333333333333333,isobaric,369.7,365.5533447265625,,,0.00157928466796875,True,False,48,Cc1ccccc1,mol_1c09299644053521,0.44799999999999995,0.258,0.25704580545425415,0.9856016039848328,58.9721565246582,ClCCCl,mol_e8df6c9e89c6b62a,0.552,0.742,0.7429541945457458,1.005993366241455,135.5325927734375,,,,,,,
state_9dc87fe88170912e0d634ad0,2c_d66c7a74cea5d8732e08,2,binary_vle_english.xlsx,10.1016/j.jct.2006.04.006,unverified,0.5,isobaric,0.8947368421052632,isobaric,353.16999999999996,353.8977966308594,,,0.0,True,False,48,CC(C)O,mol_db030b5de88f8eaf,0.761,0.735,0.7378268837928772,1.0393810272216797,94.4939956665039,O,mol_e81dc06beaa39499,0.239,0.265,0.2621731162071228,2.22230863571167,50.00288772583008,,,,,,,
state_9ea7196e3031833dbc638e48,3c_1a08c4f653f7d812cdc9,3,ternary_vle_english.xlsx,10.1016/j.jct.2019.03.036,unverified,0.5,isobaric,0.972972972972973,isobaric,377.96,374.06402587890625,,,4.57763671875e-05,True,False,48,CCCOC(C)=O,mol_67043ae833ecd0c7,0.0974,0.2235,0.1329176127910614,1.3464891910552979,102.66680145263672,CCOC(C)=O,mol_18876b584acc43d4,0.3002,0.7419,0.8294820785522461,1.348375916481018,207.5843963623047,CS(C)=O,mol_7d3e12eaed0f467c,0.6024,0.034599999999999964,0.03760026395320892,1.1079999208450317,5.706575870513916
state_9ecf0512c258ca2611fc7e70,3c_1a08c4f653f7d812cdc9,3,ternary_vle_english.xlsx,10.1016/j.jct.2019.03.036,unverified,0.5,isobaric,0.972972972972973,isobaric,385.60999999999996,378.88714599609375,,,0.00019073486328125,True,False,48,CCCOC(C)=O,mol_67043ae833ecd0c7,0.3142,0.5855,0.47205841541290283,1.2653582096099854,120.27796173095703,CCOC(C)=O,mol_18876b584acc43d4,0.1672,0.3634,0.4865929186344147,1.2370532751083374,238.31484985351562,CS(C)=O,mol_7d3e12eaed0f467c,0.5186000000000001,0.05109999999999992,0.04134870320558548,1.1740925312042236,6.879185199737549
state_9edd0496041b5bc0af4fbbe6,2c_03bd4325b126d2709459,2,binary_vle_english.xlsx,10.1016/j.fluid.2011.10.009,unverified,0.5,isobaric,0.9333333333333333,isobaric,353.7,353.50946044921875,,,0.0009765625,True,False,48,C1CCCCC1,mol_893981623557f359,1.0,1.0,1.0,1.0,101.30091094970703,CCCCCCCCC,mol_dd70207e50d8bf63,0.0,0.0,0.0,1.2269924879074097,9.709156036376953,,,,,,,
state_9ee1f73723127c9956d6fc78,3c_1a08c4f653f7d812cdc9,3,ternary_vle_english.xlsx,10.1016/j.jct.2019.03.036,unverified,0.5,isobaric,0.972972972972973,isobaric,372.95,368.02862548828125,,,-6.866455078125e-05,True,False,48,CCCOC(C)=O,mol_67043ae833ecd0c7,0.0823,0.1019,0.08447600156068802,1.2419060468673706,83.7247085571289,CCOC(C)=O,mol_18876b584acc43d4,0.4131,0.8724,0.8892270922660828,1.2549086809158325,173.76177978515625,CS(C)=O,mol_7d3e12eaed0f467c,0.5045999999999999,0.025700000000000056,0.026297006756067276,1.1769287586212158,4.485571384429932
state_9f063bddcb1aa2aa70905577,2c_35cc53cd52979773cfcb,2,binary_vle_english.xlsx,10.1016/j.fluid.2015.08.014,unverified,0.5,isobaric,0.9473684210526315,isobaric,338.44,339.95269775390625,,,0.0,True,False,48,CO,mol_a85d32e4db2ff39c,0.957,1.0,0.9998826384544373,0.9853489995002747,107.41283416748047,CS(C)=O,mol_7d3e12eaed0f467c,0.04300000000000004,0.0,0.00011732843267964199,0.21131020784378052,1.3080475330352783,,,,,,,
state_9f2e3de2f1e4d3bbd17fd9d0,3c_61bfd4ccc52903a74083,3,ternary_vle_english.xlsx,10.1016/j.fluid.2007.03.030,unverified,0.5,isobaric,0.9761904761904762,isobaric,370.91999999999996,365.7516174316406,,,0.0,True,False,48,CCCO,mol_5fb2f93dc8caa9dc,0.09,0.282,0.10799392312765121,1.4325156211853027,84.8528823852539,CCCOCCC,mol_e13b90e4aa2e917d,0.613,0.645,0.8053837418556213,1.2180429697036743,109.26698303222656,CCOCCO,mol_ab8630148ae67e51,0.29700000000000004,0.07299999999999995,0.08662234991788864,1.3993897438049316,21.11271095275879
state_9f9fb6b0cd4ba1a2a49ff125,2c_4e1effd6e44016fa9e71,2,binary_vle_english.xlsx,10.1016/j.fluid.2019.03.022,passed,1.0,isobaric,0.95,isobaric,332.60999999999996,334.35870361328125,,,0.00113677978515625,True,False,48,CO,mol_a85d32e4db2ff39c,0.252,0.5569999999999999,0.5243150591850281,2.4402730464935303,86.37088775634766,c1ccccc1,mol_7165dcf6be1f831d,0.748,0.443,0.4756849408149719,1.1346348524093628,56.77742385864258,,,,,,,
state_9fe6de80ff1a2b6c9220236d,2c_82cfa7a14fa3ab1984f1,2,binary_vle_english.xlsx,10.1016/j.fluid.2014.06.025,unverified,0.5,isobaric,0.9,isobaric,351.15,358.7725830078125,,,7.62939453125e-05,True,False,48,CC#N,mol_7028b7cbd3d829b4,0.2815,0.648,0.5218468308448792,1.704108715057373,111.5042495727539,O,mol_e81dc06beaa39499,0.7185,0.352,0.4781531095504761,1.1274020671844482,60.504188537597656,,,,,,,
state_a02cad16e3d27e27c012d49d,2c_8d6240d515d92725f365,2,binary_vle_english.xlsx,10.1016/j.fluid.2015.05.031,unverified,0.5,isobaric,0.96875,isobaric,380.16999999999996,383.2618713378906,,,0.00099945068359375,True,False,48,CCCCCCCC,mol_8151bb583f7f3ebd,0.984,0.581,0.6480332612991333,0.9999427199363708,66.73078918457031,COC=O,mol_3beef90b23ffcece,0.016,0.419,0.3519667387008667,2.3309619426727295,956.1930541992188,,,,,,,
state_a03e871fa98903c8205d997a,2c_68be6b27ffcb3843add8,2,binary_vle_english.xlsx,10.1016/j.fluid.2010.09.023,unverified,0.5,full_state,0.0,isobaric,322.04999999999995,319.55108642578125,,,-0.000152587890625,True,False,48,CCC#N,mol_abe9c8e175e3ffb6,0.5015000000000001,0.03749999999999998,0.026953047141432762,1.5033178329467773,15.208395004272461,CCCC,mol_fadb5806094149e6,0.4985,0.9625,0.9730469584465027,1.730399489402771,479.865478515625,,,,,,,
state_a08a1d7a5c2622504d521bfb,2c_7b12ee2d0e35e39326bc,2,binary_vle_english.xlsx,10.1016/j.fluid.2011.08.007,unverified,0.5,isobaric,0.9666666666666667,isobaric,336.0,336.591796875,,,0.00055694580078125,True,False,48,CCOCCO,mol_ab8630148ae67e51,0.01100000000000001,0.0010000000000000009,0.0006419871933758259,0.9369196891784668,5.813115119934082,CO,mol_a85d32e4db2ff39c,0.989,0.999,0.9993579983711243,0.9999042749404907,94.3070068359375,,,,,,,
state_a0b263c89d2ce0fd75539620,2c_8227101c64130ee5e04f,2,binary_vle_english.xlsx,10.1016/j.jct.2017.07.019,unverified,0.5,isobaric,0.9411764705882353,isobaric,370.69,372.2457275390625,,,0.00011444091796875,True,False,48,O,mol_e81dc06beaa39499,0.9852,0.9153,0.971552312374115,1.0005179643630981,99.84505462646484,OCC(F)(F)C(F)F,mol_48469952cf716332,0.0148,0.0847,0.028447650372982025,2.7905704975128174,69.7752456665039,,,,,,,
state_a120c3a11a9447a5e72ef6f3,3c_2cb16216a8c609b7ad27,3,ternary_vle_english.xlsx,10.1016/j.fluid.2005.09.015,unverified,0.5,isobaric,0.9767441860465116,isobaric,392.9,393.5789489746094,,,-0.0001068115234375,True,False,48,CC(=O)OCC(C)C,mol_e7eb29ad965cc8ee,0.42,0.467,0.4727879464626312,0.9999437928199768,114.03816986083984,CC(C)CO,mol_015d21fca05fcd26,0.192,0.353,0.3687282204627991,1.2452207803726196,156.23109436035156,CCCCOC(=O)CC,mol_a9c167bbb331e76a,0.388,0.17999999999999994,0.1584838479757309,0.961724042892456,43.024070739746094
state_a2a6d305beb1a0553a222f25,2c_6f361cb0ec8be0b0e6dd,2,binary_vle_english.xlsx,10.1016/j.fluid.2006.08.004,unverified,0.5,isobaric,0.95,isobaric,343.72999999999996,344.38653564453125,,,-5.340576171875e-05,True,False,48,CC(C)OC(C)C,mol_1a0ca8e5eeb68da8,0.143,0.339,0.34487083554267883,2.3795247077941895,102.66896057128906,CCO,mol_f29e20f49d416e54,0.857,0.661,0.6551291346549988,1.0268266201019287,75.41503143310547,,,,,,,
state_a2ce4181002b32044a605764,2c_d66c7a74cea5d8732e08,2,binary_vle_english.xlsx,10.1016/j.jct.2006.04.006,unverified,0.5,isobaric,0.9444444444444444,isobaric,365.15,367.55023193359375,,,3.0517578125e-05,True,False,48,CC(C)O,mol_db030b5de88f8eaf,0.013,0.229,0.1789747178554535,8.922538757324219,156.3036651611328,O,mol_e81dc06beaa39499,0.987,0.771,0.8210252523422241,1.0007520914077759,84.20195007324219,,,,,,,
state_a34a30f4651606b9c26d90b3,2c_03bd4325b126d2709459,2,binary_vle_english.xlsx,10.1016/j.fluid.2011.10.009,unverified,0.5,isobaric,0.9333333333333333,isobaric,376.09999999999997,372.00994873046875,,,-4.57763671875e-05,True,False,48,C1CCCCC1,mol_893981623557f359,0.501,0.866,0.8997633457183838,1.0517573356628418,172.9752655029297,CCCCCCCCC,mol_dd70207e50d8bf63,0.499,0.134,0.100236676633358,1.0155495405197144,20.037057876586914,,,,,,,
state_a36d5655e66e8ec4a8b62038,2c_d66c7a74cea5d8732e08,2,binary_vle_english.xlsx,10.1016/j.jct.2017.02.005,unverified,0.5,isobaric,0.96875,isobaric,355.7,355.99072265625,,,-5.340576171875e-05,True,False,48,CC(C)O,mol_db030b5de88f8eaf,0.117,0.512,0.49457722902297974,4.130950450897217,102.3288803100586,O,mol_e81dc06beaa39499,0.883,0.488,0.5054227709770203,1.0540871620178223,54.302215576171875,,,,,,,
state_a3ca7dba377ea0e6e88b88f7,2c_60db84011f520a374b2a,2,binary_vle_english.xlsx,10.1016/j.fluid.2013.09.060,passed,1.0,isobaric,0.9375,isobaric,332.7,333.9936828613281,,,0.0013580322265625,True,False,48,C1CCOC1,mol_c59bfa659357f795,0.393,0.433,0.42767658829689026,1.2627111673355103,87.30394744873047,CO,mol_a85d32e4db2ff39c,0.607,0.567,0.5723233819007874,1.1219919919967651,85.12910461425781,,,,,,,
state_a4009e087841b7613953c884,2c_1490252da7453cbbebe4,2,binary_vle_english.xlsx,10.1016/j.jct.2011.10.025,unverified,0.5,isobaric,0.9545454545454546,isobaric,355.39,355.72381591796875,,,7.62939453125e-06,True,False,48,CC(C)CC(C)(C)C,mol_57615b5c3546c298,0.0,0.0,0.0,5.3791913986206055,59.162105560302734,CC(C)O,mol_db030b5de88f8eaf,1.0,1.0,1.0,1.0,101.29994201660156,,,,,,,
state_a44ac6bf2e088f320e333e86,2c_42d2383a8e4daebeb5e1,2,binary_vle_english.xlsx,10.1016/j.fluid.2010.08.002,unverified,0.5,isobaric,0.9230769230769231,isobaric,413.01,411.11669921875,,,2.288818359375e-05,True,False,48,CCCCCCC,mol_fddb2c852c313396,0.037,0.283,0.34691122174263,3.1539478302001953,297.2777404785156,CCCOCCO,mol_770d75a3bb2412ce,0.963,0.7170000000000001,0.6530887484550476,1.0013582706451416,67.72620391845703,,,,,,,
state_a4eb90962938be5bfb2aca91,2c_6f361cb0ec8be0b0e6dd,2,binary_vle_english.xlsx,10.1016/j.fluid.2006.08.004,unverified,0.5,isobaric,0.95,isobaric,339.91999999999996,341.99151611328125,,,-3.0517578125e-05,True,False,48,CC(C)OC(C)C,mol_1a0ca8e5eeb68da8,0.954,0.915,0.903597891330719,1.0032867193222046,95.6336669921875,CCO,mol_f29e20f49d416e54,0.04600000000000004,0.08499999999999996,0.09640210121870041,3.100316286087036,68.4749526977539,,,,,,,
state_a54df76c0819020922bc3eaf,2c_60db84011f520a374b2a,2,binary_vle_english.xlsx,10.1016/j.fluid.2016.04.012,passed,1.0,isobaric,0.9411764705882353,isobaric,333.95,335.2456359863281,,,0.0009613037109375,True,False,48,C1CCOC1,mol_c59bfa659357f795,0.18300000000000005,0.266,0.2587001323699951,1.5732921361923218,91.02265167236328,CO,mol_a85d32e4db2ff39c,0.817,0.734,0.7412998080253601,1.0275286436080933,89.45223236083984,,,,,,,
state_a54f2d9668d23e0bb5bec07c,2c_df88b179a6c12f0b788b,2,binary_vle_english.xlsx,10.1016/j.jct.2006.12.003,unverified,0.5,isobaric,0.9333333333333333,isobaric,366.54999999999995,361.93731689453125,,,0.000152587890625,True,False,48,Cc1ccccc1,mol_1c09299644053521,0.29000000000000004,0.17000000000000004,0.14821535348892212,0.9870327711105347,52.45337677001953,ClCCCl,mol_e8df6c9e89c6b62a,0.71,0.83,0.8517846465110779,1.0058289766311646,120.82508850097656,,,,,,,
state_a5577df7978c006e55a5412c,2c_165952a69a69e7a8d3f6,2,binary_vle_english.xlsx,10.1016/j.fluid.2005.01.007,unverified,0.5,isobaric,0.9545454545454546,isobaric,346.21999999999997,347.9097900390625,,,0.00026702880859375,True,False,48,CC(C)CC(C)(C)C,mol_57615b5c3546c298,0.09399999999999997,0.237,0.20942285656929016,4.851403713226318,46.52912139892578,CCO,mol_f29e20f49d416e54,0.906,0.763,0.7905771732330322,1.0195937156677246,86.71314239501953,,,,,,,
state_a57d727dfb59e7f0e78d6f2e,2c_9f331b7867f625e21322,2,binary_vle_english.xlsx,10.1016/j.jct.2015.03.013,unverified,0.5,isobaric,0.9090909090909091,isobaric,388.29999999999995,387.5499267578125,,,0.0,True,False,48,CCC(C)=O,mol_4cfc5db0ca2ab00b,0.2138,0.5672,0.5658042430877686,1.1928861141204834,297.2791748046875,COCCO,mol_d291b272a64498d9,0.7862,0.43279999999999996,0.43419572710990906,1.0133283138275146,73.031005859375,,,,,,,
state_a5c21299993a4dcdc90f4bd8,2c_21b807a1a6c6348c91ac,2,binary_vle_english.xlsx,10.1016/j.fluid.2018.07.027,unverified,0.5,isobaric,0.9629629629629629,isobaric,372.15999999999997,374.5591735839844,,,7.62939453125e-06,True,False,48,CC(C)CC(C)(C)C,mol_57615b5c3546c298,1.0,1.0,1.0,1.0,101.29994201660156,CCCCO,mol_ad4ef9c6c876ca2f,0.0,0.0,0.0,10.114686012268066,54.4992561340332,,,,,,,
state_a60253abf7cdc60c38a8decb,2c_61469365e9d7838600a7,2,binary_vle_english.xlsx,10.1016/j.fluid.2015.05.031,unverified,0.5,isobaric,0.9629629629629629,isobaric,353.85999999999996,357.015869140625,,,2.288818359375e-05,True,False,48,CCCCCCC,mol_fddb2c852c313396,0.967,0.577,0.6056320071220398,1.0000851154327393,63.45127868652344,COC=O,mol_3beef90b23ffcece,0.033,0.423,0.3943679630756378,2.408717155456543,502.68609619140625,,,,,,,
state_a61ec1616df847be3a6f17f6,3c_2cb16216a8c609b7ad27,3,ternary_vle_english.xlsx,10.1016/j.fluid.2005.09.015,unverified,0.5,isobaric,0.9767441860465116,isobaric,387.21999999999997,387.88336181640625,,,0.00012969970703125,True,False,48,CC(=O)OCC(C)C,mol_e7eb29ad965cc8ee,0.504,0.482,0.4849866032600403,1.0211286544799805,95.46154022216797,CC(C)CO,mol_015d21fca05fcd26,0.295,0.44,0.44768890738487244,1.2000819444656372,128.10118103027344,CCCCOC(=O)CC,mol_a9c167bbb331e76a,0.20100000000000007,0.07800000000000007,0.06732447445392609,0.962863028049469,35.2388801574707
state_a64def337ad6abdfc7b2038a,2c_9f331b7867f625e21322,2,binary_vle_english.xlsx,10.1016/j.jct.2015.03.013,unverified,0.5,isobaric,0.9090909090909091,isobaric,365.09999999999997,364.9844665527344,,,0.00115966796875,True,False,48,CCC(C)=O,mol_4cfc5db0ca2ab00b,0.7901,0.9512,0.9408619403839111,1.0209150314331055,156.3014373779297,COCCO,mol_d291b272a64498d9,0.20989999999999998,0.048799999999999955,0.05913800373673439,1.2099380493164062,31.2032470703125,,,,,,,
state_a6d2ef06a7d0d9bbe85100c1,2c_7b12ee2d0e35e39326bc,2,binary_vle_english.xlsx,10.1016/j.fluid.2011.08.007,unverified,0.5,isobaric,0.9642857142857143,isobaric,362.53999999999996,363.914306640625,,,0.0011749267578125,True,False,48,CCOCCO,mol_ab8630148ae67e51,0.7969999999999999,0.22799999999999998,0.23363201320171356,0.9978058934211731,19.583972930908203,CO,mol_a85d32e4db2ff39c,0.203,0.772,0.76636803150177,0.9933502674102783,253.3446807861328,,,,,,,
state_a71c9b4b7b25944e8a64b95c,2c_6eb2e45afed5017e5e33,2,binary_vle_english.xlsx,10.1016/j.fluid.2014.09.021,unverified,0.5,isobaric,0.95,isobaric,415.25,414.5040588378906,,,-1.52587890625e-05,True,False,48,CCC(C)OC(C)=O,mol_879306ab1082c162,0.074,0.282,0.3007448613643646,1.7385010719299316,236.810302734375,CN(C)C=O,mol_ca12d6d2f2ffb170,0.926,0.718,0.699255108833313,1.003244161605835,76.24777221679688,,,,,,,
state_a770d2dcbeb4a6672195d806,2c_7c6b847ee4cb190db3ef,2,binary_vle_english.xlsx,10.1016/j.fluid.2005.06.024,unverified,0.5,isobaric,0.9666666666666667,isobaric,397.17999999999995,398.1912841796875,,,-7.62939453125e-06,True,False,48,CCC(C)=O,mol_4cfc5db0ca2ab00b,0.0259,0.0907,0.09585539996623993,0.9553971290588379,392.5088195800781,CCOC(=O)OCC,mol_4df2781fcf4d4a77,0.9741,0.9093,0.9041445851325989,0.9999508857727051,94.05291748046875,,,,,,,
state_a7bce46149b7f40a4ddc9a04,2c_60db84011f520a374b2a,2,binary_vle_english.xlsx,10.1016/j.fluid.2016.04.012,passed,1.0,isobaric,0.9411764705882353,isobaric,338.65,338.4997863769531,,,7.62939453125e-06,True,False,48,C1CCOC1,mol_c59bfa659357f795,1.0,1.0,1.0,1.0,101.29994201660156,CO,mol_a85d32e4db2ff39c,0.0,0.0,0.0,2.0409045219421387,101.56964874267578,,,,,,,
state_a7d3ab22ec383b6d2571b21e,2c_4e1effd6e44016fa9e71,2,binary_vle_english.xlsx,10.1016/j.fluid.2019.03.022,passed,1.0,isobaric,0.95,isobaric,343.83,346.21063232421875,,,0.00154876708984375,True,False,48,CO,mol_a85d32e4db2ff39c,0.027000000000000024,0.281,0.19452963769435883,5.368837833404541,135.94320678710938,c1ccccc1,mol_7165dcf6be1f831d,0.973,0.719,0.8054704070091248,1.00163733959198,83.72247314453125,,,,,,,
state_a7f7c00ef8144b0a347522f1,2c_9f331b7867f625e21322,2,binary_vle_english.xlsx,10.1016/j.jct.2015.03.013,unverified,0.5,isobaric,0.9090909090909091,isobaric,391.5,391.6267395019531,,,0.001953125,True,False,48,CCC(C)=O,mol_4cfc5db0ca2ab00b,0.0489,0.2088,0.2081940919160843,1.3019731044769287,331.2646179199219,COCCO,mol_d291b272a64498d9,0.9511000000000001,0.7912,0.7918059229850769,1.000738501548767,84.27320098876953,,,,,,,
state_a82350ccb9c9cbc6bd94a229,2c_d61da005b4125a743b07,2,binary_vle_english.xlsx,10.1016/j.fluid.2009.03.008,unverified,0.5,isobaric,0.9583333333333334,isobaric,386.96,386.856689453125,,,6.103515625e-05,True,False,48,CC(=O)O,mol_9ac385b135af0125,0.9376,0.8614,0.8213769197463989,0.99996417760849,88.77261352539062,CCC(C)=O,mol_4cfc5db0ca2ab00b,0.06240000000000001,0.13859999999999995,0.17862308025360107,0.9940763115882874,291.7909851074219,,,,,,,
state_a85c17f1f668240f68c6e226,2c_03bd4325b126d2709459,2,binary_vle_english.xlsx,10.1016/j.fluid.2011.10.009,unverified,0.5,isobaric,0.9333333333333333,isobaric,423.79999999999995,421.3279113769531,,,7.62939453125e-06,True,False,48,C1CCCCC1,mol_893981623557f359,0.0,0.0,0.0,1.1074239015579224,572.4290771484375,CCCCCCCCC,mol_dd70207e50d8bf63,1.0,1.0,1.0,1.0,101.29994201660156,,,,,,,
state_a863ea33cf34f59a47b20bfb,2c_8227101c64130ee5e04f,2,binary_vle_english.xlsx,10.1016/j.jct.2017.07.019,unverified,0.5,isobaric,0.9411764705882353,isobaric,372.17999999999995,372.5401916503906,,,0.0001220703125,True,False,48,O,mol_e81dc06beaa39499,0.9963,0.9711,0.9924303889274597,1.0000330209732056,100.90328216552734,OCC(F)(F)C(F)F,mol_48469952cf716332,0.0037,0.0289,0.0075696236453950405,2.9394466876983643,70.50447845458984,,,,,,,
state_a8b77e5cc046fe4f7ea4ad6f,2c_7b12ee2d0e35e39326bc,2,binary_vle_english.xlsx,10.1016/j.fluid.2011.08.007,unverified,0.5,isobaric,0.9666666666666667,isobaric,350.53999999999996,350.4947509765625,,,5.340576171875e-05,True,False,48,CCOCCO,mol_ab8630148ae67e51,0.44999999999999996,0.05900000000000005,0.05331102013587952,1.0011096000671387,11.043280601501465,CO,mol_a85d32e4db2ff39c,0.55,0.941,0.9466889500617981,1.0104953050613403,158.95916748046875,,,,,,,
state_a8e6c49fac3c32ae82843608,2c_61469365e9d7838600a7,2,binary_vle_english.xlsx,10.1016/j.fluid.2015.05.031,unverified,0.5,isobaric,0.9629629629629629,isobaric,305.45,305.731689453125,,,0.0013580322265625,True,False,48,CCCCCCC,mol_fddb2c852c313396,0.06299999999999994,0.03300000000000003,0.026432763785123825,4.797600269317627,8.860916137695312,COC=O,mol_3beef90b23ffcece,0.937,0.967,0.9735672473907471,1.0116875171661377,104.05924987792969,,,,,,,
state_a9087dd099f76d54ab627ffb,3c_61bfd4ccc52903a74083,3,ternary_vle_english.xlsx,10.1016/j.fluid.2007.03.030,unverified,0.5,isobaric,0.9761904761904762,isobaric,365.53,365.1907958984375,,,0.0,True,False,48,CCCO,mol_5fb2f93dc8caa9dc,0.29,0.55,0.27880051732063293,1.172836422920227,83.03617095947266,CCCOCCC,mol_e13b90e4aa2e917d,0.415,0.38,0.6536824107170105,1.485689640045166,107.39889526367188,CCOCCO,mol_ab8630148ae67e51,0.29500000000000004,0.06999999999999995,0.06751707196235657,1.1235339641571045,20.635478973388672
state_a919c474e815956543b9c852,2c_4e1effd6e44016fa9e71,2,binary_vle_english.xlsx,10.1016/j.jct.2006.06.002,unverified,0.5,full_state,0.0,isobaric,332.71999999999997,334.0631103515625,,,0.0017852783203125,True,False,48,CO,mol_a85d32e4db2ff39c,0.8942,0.7524,0.777901291847229,1.021150827407837,85.36414337158203,c1ccccc1,mol_7165dcf6be1f831d,0.1058,0.24760000000000004,0.2220986932516098,3.742138147354126,56.210323333740234,,,,,,,
state_a961b224bd6e43d485a6dbd2,2c_9f331b7867f625e21322,2,binary_vle_english.xlsx,10.1016/j.jct.2015.03.013,unverified,0.5,isobaric,0.9090909090909091,isobaric,367.79999999999995,367.71844482421875,,,4.57763671875e-05,True,False,48,CCC(C)=O,mol_4cfc5db0ca2ab00b,0.6874,0.9074,0.9076347947120667,1.0427781343460083,169.67379760742188,COCCO,mol_d291b272a64498d9,0.3126,0.09260000000000002,0.09236515313386917,1.1383265256881714,34.782230377197266,,,,,,,
state_a9f4e6e94271aa6869682ec0,2c_a873f6bbdf8411ff9a25,2,binary_vle_english.xlsx,10.1016/j.fluid.2013.05.016,passed,1.0,isobaric,0.9444444444444444,isobaric,357.2,357.79034423828125,,,4.57763671875e-05,True,False,48,CCCCCCCCC,mol_dd70207e50d8bf63,0.182,0.018,0.02369110658764839,1.1408802270889282,11.558014869689941,c1ccccc1,mol_7165dcf6be1f831d,0.8180000000000001,0.982,0.9763088822364807,1.0129799842834473,119.35549926757812,,,,,,,
state_aab0282f53484f4291fb87f6,3c_f0c258463b44c2183ab7,3,ternary_vle_english.xlsx,10.1016/j.fluid.2005.03.014,unverified,0.5,isobaric,0.9767441860465116,isobaric,388.92999999999995,388.8695983886719,,,0.00031280517578125,True,False,48,CC(=O)OCC(C)C,mol_e7eb29ad965cc8ee,0.331,0.42,0.4069289565086365,1.2645589113235474,98.4831771850586,CC(C)CO,mol_015d21fca05fcd26,0.393,0.498,0.5064430832862854,0.9842058420181274,132.63638305664062,CN(C)C=O,mol_ca12d6d2f2ffb170,0.276,0.08200000000000007,0.08662793040275574,0.9387008547782898,33.87132263183594
state_aad3705ae6276983a0b897ff,2c_d66c7a74cea5d8732e08,2,binary_vle_english.xlsx,10.1016/j.fluid.2017.09.010,unverified,0.5,isobaric,0.9,isobaric,353.29999999999995,353.79827880859375,,,6.866455078125e-05,True,False,48,CC(C)O,mol_db030b5de88f8eaf,0.7495,0.7121,0.7292226552963257,1.0439046621322632,94.13458251953125,O,mol_e81dc06beaa39499,0.25049999999999994,0.28790000000000004,0.2707773447036743,2.1920218467712402,49.80595016479492,,,,,,,
state_aae5739abf3a095fa6572299,2c_6f361cb0ec8be0b0e6dd,2,binary_vle_english.xlsx,10.1016/j.fluid.2006.08.004,unverified,0.5,isobaric,0.95,isobaric,338.72999999999996,340.7979736328125,,,-3.814697265625e-05,True,False,48,CC(C)OC(C)C,mol_1a0ca8e5eeb68da8,0.907,0.848,0.8370275497436523,1.0131076574325562,92.27538299560547,CCO,mol_f29e20f49d416e54,0.09299999999999997,0.15200000000000002,0.16297243535518646,2.7215845584869385,65.22563934326172,,,,,,,
state_ab21ba23ab833d1e018c3670,2c_7c6b847ee4cb190db3ef,2,binary_vle_english.xlsx,10.1016/j.fluid.2005.06.024,unverified,0.5,isobaric,0.9666666666666667,isobaric,370.71,369.4453430175781,,,4.57763671875e-05,True,False,48,CCC(C)=O,mol_4cfc5db0ca2ab00b,0.4613,0.7779,0.8116593956947327,0.9982640743255615,178.59190368652344,CCOC(=O)OCC,mol_4df2781fcf4d4a77,0.5387,0.22209999999999996,0.18834060430526733,0.9894070029258728,35.80459976196289,,,,,,,
state_ab3a694ddce30e4ad8df5ec1,2c_972bb6b6305c64cb2237,2,binary_vle_english.xlsx,10.1016/j.jct.2017.07.019,unverified,0.5,isobaric,0.95,isobaric,334.22999999999996,336.3526916503906,,,0.00011444091796875,True,False,48,ClC(Cl)Cl,mol_d9e0a2387a6283f9,0.9704,0.9727,0.9934860467910767,1.0005722045898438,103.65068817138672,OCC(F)(F)C(F)F,mol_48469952cf716332,0.0296,0.0273,0.006513998843729496,1.3002976179122925,17.14442253112793,,,,,,,
state_ab67c6258cc18828a2cf27a1,2c_b94de72ffbeb53d6294b,2,binary_vle_english.xlsx,10.1016/j.fluid.2014.04.025,unverified,0.5,isobaric,0.9285714285714286,isobaric,454.45,458.3236389160156,,,0.00057220458984375,True,False,48,CS(C)=O,mol_7d3e12eaed0f467c,0.9843,0.7711,0.8242954015731812,1.0001226663589478,84.8230209350586,Cc1ccccc1,mol_1c09299644053521,0.0157,0.2289,0.17570459842681885,1.7912296056747437,632.9127807617188,,,,,,,
state_ab718242cd97c259f0a2c885,3c_50c0ded265c297b30405,3,ternary_vle_english.xlsx,10.1016/j.fluid.2015.03.013,unverified,0.5,isobaric,0.9333333333333333,isobaric,400.25,400.99249267578125,,,7.62939453125e-05,True,False,48,CC(=O)N(C)C,mol_b8ccf255e2b62919,0.614,0.20300000000000007,0.1852107048034668,0.915512204170227,33.37667465209961,CCC(C)O,mol_06affb0d2c6c8ff2,0.32,0.611,0.660936713218689,0.7966870665550232,262.622314453125,CCC(C)OC(C)=O,mol_879306ab1082c162,0.066,0.186,0.15385256707668304,1.46261465549469,161.45086669921875
state_abeaf47a57986d89448fad85,2c_d66c7a74cea5d8732e08,2,binary_vle_english.xlsx,10.1016/j.fluid.2015.11.034,unverified,0.5,isobaric,0.9333333333333333,isobaric,354.65,355.077392578125,,,7.62939453125e-05,True,False,48,CC(C)O,mol_db030b5de88f8eaf,0.948,0.928,0.9263013601303101,1.0013856887817383,98.84439849853516,O,mol_e81dc06beaa39499,0.052000000000000046,0.07199999999999995,0.07369869202375412,2.7404940128326416,52.388633728027344,,,,,,,
state_ac022316bcd27f896f20c543,3c_61bfd4ccc52903a74083,3,ternary_vle_english.xlsx,10.1016/j.fluid.2007.03.030,unverified,0.5,isobaric,0.9761904761904762,isobaric,368.15,363.89556884765625,,,0.00084686279296875,True,False,48,CCCO,mol_5fb2f93dc8caa9dc,0.116,0.316,0.14288488030433655,1.580126166343689,78.9676742553711,CCCOCCC,mol_e13b90e4aa2e917d,0.677,0.64,0.7952011227607727,1.1531513929367065,103.18458557128906,CCOCCO,mol_ab8630148ae67e51,0.20699999999999996,0.04400000000000004,0.06191396713256836,1.5483351945877075,19.568885803222656
state_ac14bd23983590e6a0dcf9b8,2c_42d2383a8e4daebeb5e1,2,binary_vle_english.xlsx,10.1016/j.fluid.2010.08.002,unverified,0.5,isobaric,0.9230769230769231,isobaric,372.34999999999997,373.3184509277344,,,-2.288818359375e-05,True,False,48,CCCCCCC,mol_fddb2c852c313396,0.73,0.906,0.9046799540519714,1.169916033744812,105.92964172363281,CCCOCCO,mol_770d75a3bb2412ce,0.27,0.09399999999999997,0.09532000869512558,2.07464337348938,17.01676368713379,,,,,,,
state_acb60cafb8cc7fd31aaafded,3c_1a08c4f653f7d812cdc9,3,ternary_vle_english.xlsx,10.1016/j.jct.2019.03.036,unverified,0.5,isobaric,0.972972972972973,isobaric,380.80999999999995,373.5550231933594,,,2.288818359375e-05,True,False,48,CCCOC(C)=O,mol_67043ae833ecd0c7,0.2183,0.3518,0.27081725001335144,1.2449768781661987,100.94168090820312,CCOC(C)=O,mol_18876b584acc43d4,0.2772,0.6086,0.6962589025497437,1.2439695596694946,204.5394287109375,CS(C)=O,mol_7d3e12eaed0f467c,0.5045,0.03959999999999997,0.03292383253574371,1.1818727254867554,5.59355354309082
state_acbb2ddb3350ecf069f573c4,2c_972bb6b6305c64cb2237,2,binary_vle_english.xlsx,10.1016/j.jct.2017.07.019,unverified,0.5,isobaric,0.95,isobaric,347.59999999999997,369.1704406738281,,,-3.814697265625e-05,True,False,48,ClC(Cl)Cl,mol_d9e0a2387a6283f9,0.16279999999999994,0.7518,0.4826990067958832,1.0853137969970703,276.74237060546875,OCC(F)(F)C(F)F,mol_48469952cf716332,0.8372,0.2482,0.5173010230064392,1.000938057899475,62.533958435058594,,,,,,,
state_ad3da86e3cf62721668d87b7,2c_42d2383a8e4daebeb5e1,2,binary_vle_english.xlsx,10.1016/j.fluid.2010.08.002,unverified,0.5,isobaric,0.9333333333333333,isobaric,359.59,360.620849609375,,,2.288818359375e-05,True,False,48,CCCCCCC,mol_fddb2c852c313396,0.486,0.88,0.8878809809684753,1.5363072156906128,71.34964752197266,CCCOCCO,mol_770d75a3bb2412ce,0.514,0.12,0.11211901158094406,1.3053491115570068,10.026304244995117,,,,,,,
state_ada7b09bcc077678fb6f6444,2c_5e274a8981b66e0477e8,2,binary_vle_english.xlsx,10.1016/j.fluid.2005.02.014,passed,1.0,isobaric,0.9166666666666666,isobaric,316.25,316.7454833984375,,,8.0108642578125e-05,True,False,48,C1CCOCC1,mol_626f3d1f5bbb6f55,0.1288,0.0638,0.06938928365707397,1.0409940481185913,20.700918197631836,CCC(C)Cl,mol_9f4835d3aad75f1c,0.8712,0.9362,0.9306106567382812,1.0017081499099731,42.655029296875,,,,,,,
state_adb42c5d1728696309775f37,2c_74a658fab9cc22057bbd,2,binary_vle_english.xlsx,10.1016/j.jct.2019.03.036,unverified,0.5,isobaric,0.9473684210526315,isobaric,454.71999999999997,450.5037841796875,,,-3.814697265625e-05,True,False,48,CCCOC(C)=O,mol_67043ae833ecd0c7,0.018,0.2209,0.3319746255874634,2.2057199478149414,847.014892578125,CS(C)=O,mol_7d3e12eaed0f467c,0.982,0.7791,0.6680254340171814,1.00023353099823,68.89522552490234,,,,,,,
state_ae14a352ac5c93a84ea76d58,2c_d66c7a74cea5d8732e08,2,binary_vle_english.xlsx,10.1016/j.jct.2017.02.005,unverified,0.5,isobaric,0.96875,isobaric,353.34999999999997,353.7279968261719,,,6.866455078125e-05,True,False,48,CC(C)O,mol_db030b5de88f8eaf,0.809,0.772,0.7773442268371582,1.0234951972961426,93.88139343261719,O,mol_e81dc06beaa39499,0.19099999999999995,0.22799999999999998,0.2226557731628418,2.3470964431762695,49.66725540161133,,,,,,,
state_ae67ab33400ed7bc9dbd4b6b,2c_d66c7a74cea5d8732e08,2,binary_vle_english.xlsx,10.1016/j.jct.2016.10.001,unverified,0.5,isobaric,0.9375,isobaric,355.09999999999997,355.1896667480469,,,0.00011444091796875,True,False,48,CC(C)O,mol_db030b5de88f8eaf,0.234,0.531,0.5255440473556519,2.2919070720672607,99.26722717285156,O,mol_e81dc06beaa39499,0.766,0.469,0.4744560122489929,1.192394733428955,52.620723724365234,,,,,,,
state_aeb8cb6ee7267cbcf8a5ae9c,3c_61bfd4ccc52903a74083,3,ternary_vle_english.xlsx,10.1016/j.fluid.2007.03.030,unverified,0.5,isobaric,0.9761904761904762,isobaric,365.24,363.4026184082031,,,0.00078582763671875,True,False,48,CCCO,mol_5fb2f93dc8caa9dc,0.232,0.469,0.2375190556049347,1.3388073444366455,77.46489715576172,CCCOCCC,mol_e13b90e4aa2e917d,0.548,0.481,0.7090758085250854,1.2899090051651,101.6168212890625,CCOCCO,mol_ab8630148ae67e51,0.21999999999999997,0.050000000000000044,0.05340518057346344,1.282396912574768,19.17568016052246
state_af2c88913751638941e87d7d,3c_2cb16216a8c609b7ad27,3,ternary_vle_english.xlsx,10.1016/j.fluid.2005.09.015,unverified,0.5,isobaric,0.9767441860465116,isobaric,383.51,384.0408020019531,,,7.62939453125e-06,True,False,48,CC(=O)OCC(C)C,mol_e7eb29ad965cc8ee,0.562,0.495,0.48870623111724854,1.0434809923171997,84.41822814941406,CC(C)CO,mol_015d21fca05fcd26,0.393,0.489,0.49768707156181335,1.1487598419189453,111.67185974121094,CCCCOC(=O)CC,mol_a9c167bbb331e76a,0.04499999999999993,0.016000000000000014,0.013606718741357327,0.9978521466255188,30.696147918701172
state_af59abf9d3bb978ace4d78ec,2c_a873f6bbdf8411ff9a25,2,binary_vle_english.xlsx,10.1016/j.fluid.2013.05.016,passed,1.0,isobaric,0.9444444444444444,isobaric,392.5,391.0803527832031,,,-3.814697265625e-05,True,False,48,CCCCCCCCC,mol_dd70207e50d8bf63,0.783,0.318,0.3054220974445343,1.0039870738983154,39.35678482055664,c1ccccc1,mol_7165dcf6be1f831d,0.21699999999999997,0.6819999999999999,0.6945779323577881,1.101779818534851,294.28997802734375,,,,,,,
state_aff6950084eca379f9cd3794,2c_6aab25a5edecf15e2cbf,2,binary_vle_english.xlsx,10.1016/j.fluid.2015.04.009,unverified,0.5,isothermal,0.8333333333333334,isothermal,,,319.799964154496,332.06280517578125,3.0517578125e-05,True,False,48,CCCO,mol_5fb2f93dc8caa9dc,0.9574,0.9246,0.9063667058944702,1.0007226467132568,314.1355285644531,CCO,mol_f29e20f49d416e54,0.0426,0.0754,0.09363329410552979,1.2957369089126587,563.27978515625,,,,,,,
state_b06478f79f55a55e6a967983,2c_303f5d258da9140f9795,2,binary_vle_english.xlsx,10.1016/j.fluid.2012.11.026,unverified,0.5,isothermal,0.9333333333333333,isothermal,,,77.624548965376,40.74688720703125,0.0,True,False,48,CCOC(=O)OCC,mol_4df2781fcf4d4a77,0.9036,0.3902,0.6346224546432495,1.00789213180542,28.393545150756836,O,mol_e81dc06beaa39499,0.0964,0.6098,0.3653775751590729,2.1603546142578125,71.4881820678711,,,,,,,
state_b0d9f884c025aec057f88146,2c_56df7cea200b948181e5,2,binary_vle_english.xlsx,10.1016/j.fluid.2007.07.010,unverified,0.5,isothermal,0.75,isothermal,,,283.9999752544,301.8399658203125,3.0517578125e-05,True,False,48,CC(F)F,mol_ed933f1c25fd987c,0.0,0.0,0.0,5.109262943267822,685.6023559570312,CCCC,mol_fadb5806094149e6,1.0,1.0,1.0,1.0,301.8399963378906,,,,,,,
state_b0fd0499d60f07c99878107c,2c_1490252da7453cbbebe4,2,binary_vle_english.xlsx,10.1016/j.fluid.2007.10.016,unverified,0.5,isothermal,0.9615384615384616,isothermal,,,47.88006201984,42.128028869628906,-3.814697265625e-06,True,False,48,CC(C)CC(C)(C)C,mol_57615b5c3546c298,0.9796,0.7431,0.8398372530937195,1.0010908842086792,36.078121185302734,CC(C)O,mol_db030b5de88f8eaf,0.0204,0.2569,0.1601627618074417,6.090042591094971,54.3102912902832,,,,,,,
state_b196e6ef30b40953259f1c8a,2c_c6a565ee5191fe2b2cdb,2,binary_vle_english.xlsx,10.1016/j.fluid.2015.10.041,passed,1.0,isothermal,0.9375,isothermal,,,84.799958811136,76.40596008300781,0.0,True,False,48,CCO,mol_f29e20f49d416e54,0.852,0.756,0.817694365978241,1.022689700126648,71.70257568359375,CCSCC,mol_a7491cfbf016fee6,0.148,0.244,0.18230560421943665,1.967995047569275,47.823516845703125,,,,,,,
state_b1da8bb3f6898d312d0e8fa9,2c_8b8dfc345b3e095c6955,2,binary_vle_english.xlsx,10.1016/j.jct.2012.10.003,unverified,0.5,isothermal,0.9,isothermal,,,157.799954797696,221.44580078125,1.52587890625e-05,True,False,48,CC(C)C,mol_cd0696a421ed56d8,0.14200000000000002,0.124,0.2619378864765167,3.2695107460021973,124.93803405761719,FC(F)(F)I,mol_b415a9b082dbafac,0.858,0.876,0.7380620837211609,1.037247896194458,183.64984130859375,,,,,,,
state_b1fcf028bfcc166e4af52b7f,2c_6f361cb0ec8be0b0e6dd,2,binary_vle_english.xlsx,10.1016/j.jct.2012.11.005,unverified,0.5,isothermal,0.9166666666666666,isothermal,,,59.950002639615995,53.04375457763672,0.0,True,False,48,CC(C)OC(C)C,mol_1a0ca8e5eeb68da8,0.345,0.605,0.5675787329673767,1.6546013355255127,52.74094772338867,CCO,mol_f29e20f49d416e54,0.655,0.395,0.4324212074279785,1.1488791704177856,30.480745315551758,,,,,,,
state_b232004b30c952d86af1969d,2c_a4e8a38f7f4879124614,2,binary_vle_english.xlsx,10.1016/j.fluid.2012.05.016,unverified,0.5,isothermal,0.9375,isothermal,,,52.019988190976,53.51371765136719,0.0,True,False,48,CCCO,mol_5fb2f93dc8caa9dc,0.9168000000000001,0.7268,0.7177333235740662,1.0067442655563354,41.61351776123047,CCOC(C)=O,mol_18876b584acc43d4,0.0832,0.2732,0.28226667642593384,1.9605919122695923,92.60067749023438,,,,,,,
state_b24a8bfae5cba56eff03c54b,2c_9478a219a5c540597926,2,binary_vle_english.xlsx,10.1016/j.fluid.2009.01.016,unverified,0.5,isothermal,0.9411764705882353,isothermal,,,12.250059138944,12.053783416748047,0.0,True,False,48,CC(=O)C(C)(C)C,mol_61a887e37d396488,0.9971,0.9815,0.9807859659194946,1.000002384185791,11.856537818908691,COC(C)(C)C,mol_b614d6fea320c179,0.0029,0.0185,0.019214054569602013,1.0144503116607666,78.72517395019531,,,,,,,
state_b28942d7f0ab1efb312e9947,2c_98afb8e6c65a310db5e0,2,binary_vle_english.xlsx,10.1016/j.jct.2012.12.026,unverified,0.5,isothermal,0.9,isothermal,,,192.50003416179197,232.99932861328125,0.0,True,False,48,F/C=C/C(F)(F)F,mol_0e763ba6787b2749,0.32699999999999996,0.33299999999999996,0.3603309690952301,1.2399835586547852,207.0582733154297,FC(F)C(F)F,mol_fccff6221e62b4bc,0.673,0.667,0.6396690011024475,1.0456671714782715,211.78805541992188,,,,,,,
state_b3551aa6db637798211700dd,2c_3e7cc7d2a95d27d26296,2,binary_vle_english.xlsx,10.1016/j.fluid.2016.12.025,unverified,0.5,isothermal,0.95,isothermal,,,3.2999952527359997,5.031489372253418,0.0,True,False,48,CCCCCCO,mol_eb71ecc709e3f0dc,0.9,0.7152000000000001,0.5656501650810242,1.0077629089355469,3.137932538986206,CCCCO,mol_ad4ef9c6c876ca2f,0.1,0.2848,0.43434980511665344,1.5492316484451294,14.106517791748047,,,,,,,
state_b369800614709b7b5827b841,2c_1490252da7453cbbebe4,2,binary_vle_english.xlsx,10.1016/j.fluid.2007.10.016,unverified,0.5,isothermal,0.9615384615384616,isothermal,,,59.50003964761599,58.745521545410156,-3.814697265625e-06,True,False,48,CC(C)CC(C)(C)C,mol_57615b5c3546c298,0.043300000000000005,0.14,0.11318536102771759,4.256309509277344,36.078121185302734,CC(C)O,mol_db030b5de88f8eaf,0.9567,0.86,0.8868146538734436,1.0026507377624512,54.3102912902832,,,,,,,
state_b3f651f4cd7d4dd9a72c7612,2c_1490252da7453cbbebe4,2,binary_vle_english.xlsx,10.1016/j.jct.2011.09.007,unverified,0.5,isothermal,0.9473684210526315,isothermal,,,43.210046113535995,42.47357177734375,0.0,True,False,48,CC(C)CC(C)(C)C,mol_57615b5c3546c298,0.1351,0.30789999999999995,0.2612987458705902,3.1960501670837402,25.703197479248047,CC(C)O,mol_db030b5de88f8eaf,0.8649,0.6921,0.7387012243270874,1.0240873098373413,35.422950744628906,,,,,,,
state_b47110fd00c0b37ffc639e0a,2c_1490252da7453cbbebe4,2,binary_vle_english.xlsx,10.1016/j.fluid.2007.10.016,unverified,0.5,isothermal,0.9615384615384616,isothermal,,,45.669977125504,44.611534118652344,0.0,True,False,48,CC(C)CC(C)(C)C,mol_57615b5c3546c298,0.6743,0.49260000000000004,0.48507067561149597,1.2485671043395996,25.703197479248047,CC(C)O,mol_db030b5de88f8eaf,0.3257,0.5074,0.5149292945861816,1.9910961389541626,35.422950744628906,,,,,,,
state_b4e1ad775c2d24368c7c7a07,2c_ae99b15d6b25c7962c21,2,binary_vle_english.xlsx,10.1016/j.fluid.2005.05.003,unverified,0.5,isothermal,0.9166666666666666,isothermal,,,22.140045719552,20.348796844482422,-1.9073486328125e-06,True,False,48,NC1CCCCC1,mol_3cb1d9728851c877,0.061000000000000054,0.08699999999999997,0.034617312252521515,1.536730408668518,7.514577388763428,O,mol_e81dc06beaa39499,0.939,0.913,0.9653826951980591,1.00241219997406,20.87018394470215,,,,,,,
state_b5343d777ec8e41b2ccdefc0,2c_3cf279eea352998261d1,2,binary_vle_english.xlsx,10.1016/j.fluid.2012.05.016,unverified,0.5,isothermal,0.9375,isothermal,,,89.63996073664,86.21528625488281,0.0,True,False,48,CCCOC(C)=O,mol_67043ae833ecd0c7,0.1251,0.11780000000000002,0.09878712147474289,1.6735180616378784,40.681495666503906,CCO,mol_f29e20f49d416e54,0.8749,0.8822,0.9012128710746765,1.0145642757415771,87.53337860107422,,,,,,,
state_b5548d70492d989f14141685,2c_68be6b27ffcb3843add8,2,binary_vle_english.xlsx,10.1016/j.fluid.2010.09.023,unverified,0.5,isothermal,0.875,isothermal,,,439.899952985728,467.52301025390625,3.0517578125e-05,True,False,48,CCC#N,mol_abe9c8e175e3ffb6,0.346,0.03469999999999995,0.026546956971287727,2.1168899536132812,16.945072174072266,CCCC,mol_fadb5806094149e6,0.654,0.9653,0.9734530448913574,1.358680248260498,512.1804809570312,,,,,,,
state_b655add3571a14ba48d79e5f,2c_98afb8e6c65a310db5e0,2,binary_vle_english.xlsx,10.1016/j.jct.2012.12.026,unverified,0.5,isothermal,0.9,isothermal,,,179.30005315084802,207.05825805664062,1.52587890625e-05,True,False,48,F/C=C/C(F)(F)F,mol_0e763ba6787b2749,1.0,1.0,1.0,1.0,207.0582733154297,FC(F)C(F)F,mol_fccff6221e62b4bc,0.0,0.0,0.0,1.6064317226409912,211.78805541992188,,,,,,,
state_b675dd10838cfde9ddebc149,2c_56df7cea200b948181e5,2,binary_vle_english.xlsx,10.1016/j.fluid.2007.07.010,unverified,0.5,isothermal,0.9333333333333333,isothermal,,,384.000017241216,434.18280029296875,0.0,True,False,48,CC(F)F,mol_ed933f1c25fd987c,0.602,0.709,0.7343608736991882,1.3081200122833252,404.8909606933594,CCCC,mol_fadb5806094149e6,0.398,0.29100000000000004,0.26563912630081177,1.8171567916870117,159.4737548828125,,,,,,,
state_b75847ce0757518300930a89,2c_c6a565ee5191fe2b2cdb,2,binary_vle_english.xlsx,10.1016/j.fluid.2010.11.026,passed,1.0,isothermal,0.9333333333333333,isothermal,,,77.999984753664,73.78396606445312,-7.62939453125e-06,True,False,48,CCO,mol_f29e20f49d416e54,0.955,0.893,0.9306327104568481,1.0019640922546387,71.76038360595703,CCSCC,mol_a7491cfbf016fee6,0.045,0.107,0.06936732679605484,2.3765382766723633,47.85855484008789,,,,,,,
state_b7ec3b9cd48653d8253fdeaf,2c_303f5d258da9140f9795,2,binary_vle_english.xlsx,10.1016/j.fluid.2012.11.026,unverified,0.5,isothermal,0.9333333333333333,isothermal,,,54.847488971519994,48.8326416015625,0.0,True,False,48,CCOC(=O)OCC,mol_4df2781fcf4d4a77,0.009499999999999953,0.19810000000000005,0.015223540365695953,4.05186653137207,19.312885284423828,O,mol_e81dc06beaa39499,0.9905,0.8019,0.984776496887207,1.0002319812774658,48.539207458496094,,,,,,,
state_b7f2faaf2d5658eea2898a3a,2c_98afb8e6c65a310db5e0,2,binary_vle_english.xlsx,10.1016/j.jct.2012.12.026,unverified,0.5,isothermal,0.8181818181818182,isothermal,,,126.30001223270399,160.34136962890625,0.0,True,False,48,F/C=C/C(F)(F)F,mol_0e763ba6787b2749,0.729,0.7010000000000001,0.7004037499427795,1.031313180923462,149.37432861328125,FC(F)C(F)F,mol_fccff6221e62b4bc,0.271,0.299,0.29959622025489807,1.1782846450805664,150.43968200683594,,,,,,,
state_b7f4abf189ae4cc65345d4d1,2c_6aab25a5edecf15e2cbf,2,binary_vle_english.xlsx,10.1016/j.fluid.2012.05.016,unverified,0.5,isothermal,0.9166666666666666,isothermal,,,29.479975367424,30.48074722290039,-1.9073486328125e-06,True,False,48,CCCO,mol_5fb2f93dc8caa9dc,0.0,0.0,0.0,0.8854614496231079,13.237334251403809,CCO,mol_f29e20f49d416e54,1.0,1.0,1.0,1.0,30.480745315551758,,,,,,,
state_b825d32179a0f8a637159a3f,2c_6aab25a5edecf15e2cbf,2,binary_vle_english.xlsx,10.1016/j.fluid.2012.05.016,unverified,0.5,isothermal,0.9166666666666666,isothermal,,,18.800053756416,18.855121612548828,0.0,True,False,48,CCCO,mol_5fb2f93dc8caa9dc,0.6198,0.4063,0.43709036707878113,1.0044965744018555,13.237334251403809,CCO,mol_f29e20f49d416e54,0.3802,0.5937,0.5629096627235413,0.9158626794815063,30.480745315551758,,,,,,,
state_b8c53a6d2945ff58db869786,2c_68be6b27ffcb3843add8,2,binary_vle_english.xlsx,10.1016/j.fluid.2010.09.023,unverified,0.5,isothermal,0.9,isothermal,,,137.10005729728,144.05276489257812,0.0,True,False,48,CCC#N,mol_abe9c8e175e3ffb6,0.9459,0.12719999999999998,0.11184963583946228,1.0043542385101318,16.959928512573242,CCCC,mol_fadb5806094149e6,0.0541,0.8728,0.8881503343582153,4.614858627319336,512.4511108398438,,,,,,,
state_b8ea2f1d2889991095b7ae11,2c_98afb8e6c65a310db5e0,2,binary_vle_english.xlsx,10.1016/j.jct.2012.12.026,unverified,0.5,isothermal,0.9166666666666666,isothermal,,,277.49997652492794,331.4566650390625,0.0,True,False,48,F/C=C/C(F)(F)F,mol_0e763ba6787b2749,0.477,0.46799999999999997,0.4763895571231842,1.1807514429092407,280.35748291015625,FC(F)C(F)F,mol_fccff6221e62b4bc,0.523,0.532,0.5236104130744934,1.1407057046890259,290.9107360839844,,,,,,,
state_b95c86cd4a0c24cc2ed4fa9c,2c_1490252da7453cbbebe4,2,binary_vle_english.xlsx,10.1016/j.jct.2011.09.007,unverified,0.5,isothermal,0.9444444444444444,isothermal,,,53.460003087744,54.81195831298828,-3.814697265625e-06,True,False,48,CC(C)CC(C)(C)C,mol_57615b5c3546c298,0.0043999999999999595,0.01959999999999995,0.013486803509294987,4.656801700592041,36.078121185302734,CC(C)O,mol_db030b5de88f8eaf,0.9956,0.9804,0.9865131974220276,1.000025749206543,54.3102912902832,,,,,,,
state_b9e28c39aa3cd09cd26787b5,2c_68be6b27ffcb3843add8,2,binary_vle_english.xlsx,10.1016/j.fluid.2010.09.023,unverified,0.5,isothermal,0.8571428571428571,isothermal,,,462.59995265087997,485.27496337890625,0.0,True,False,48,CCC#N,mol_abe9c8e175e3ffb6,0.0998,0.027100000000000013,0.020038196817040443,5.7475409507751465,16.95250701904297,CCCC,mol_fadb5806094149e6,0.9002,0.9729,0.9799618124961853,1.0311462879180908,512.3157958984375,,,,,,,
state_bb23f2e799e20289a4224b4f,2c_9478a219a5c540597926,2,binary_vle_english.xlsx,10.1016/j.fluid.2009.01.016,unverified,0.5,isothermal,0.9444444444444444,isothermal,,,20.339927106816003,19.345569610595703,-1.9073486328125e-06,True,False,48,CC(=O)C(C)(C)C,mol_61a887e37d396488,0.9822,0.8952,0.8927605748176575,1.0000807046890259,17.582534790039062,COC(C)(C)C,mol_b614d6fea320c179,0.0178,0.1048,0.10723942518234253,1.0913944244384766,106.7908935546875,,,,,,,
state_bb9366cb9ec7779bfcb9ec6d,2c_1490252da7453cbbebe4,2,binary_vle_english.xlsx,10.1016/j.fluid.2007.10.016,unverified,0.5,isothermal,0.9615384615384616,isothermal,,,61.420015069184,60.2911376953125,0.0,True,False,48,CC(C)CC(C)(C)C,mol_57615b5c3546c298,0.06169999999999998,0.18010000000000004,0.15013080835342407,4.066251277923584,36.078121185302734,CC(C)O,mol_db030b5de88f8eaf,0.9383,0.8199,0.8498691916465759,1.0054991245269775,54.3102912902832,,,,,,,
state_bbe4e691c5eb3c6abb6259a8,2c_a4e8a38f7f4879124614,2,binary_vle_english.xlsx,10.1016/j.fluid.2012.05.016,unverified,0.5,isothermal,0.9375,isothermal,,,86.249972885504,86.27908325195312,0.0,True,False,48,CCCO,mol_5fb2f93dc8caa9dc,0.3387,0.22419999999999995,0.22290265560150146,1.364492416381836,41.61351776123047,CCOC(C)=O,mol_18876b584acc43d4,0.6613,0.7758,0.7770973443984985,1.0948843955993652,92.60067749023438,,,,,,,
state_bca23ffac8c7987e123cfcd8,2c_98afb8e6c65a310db5e0,2,binary_vle_english.xlsx,10.1016/j.jct.2012.12.026,unverified,0.5,isothermal,0.9166666666666666,isothermal,,,382.899974382848,390.8857421875,0.0,True,False,48,F/C=C/C(F)(F)F,mol_0e763ba6787b2749,0.0,0.0,0.0,1.894605040550232,371.7031555175781,FC(F)C(F)F,mol_fccff6221e62b4bc,1.0,1.0,1.0,1.0,390.8857421875,,,,,,,
state_bcd377e3a6a408d1d488782d,2c_9478a219a5c540597926,2,binary_vle_english.xlsx,10.1016/j.fluid.2009.01.016,unverified,0.5,isothermal,0.9444444444444444,isothermal,,,49.45993208064,48.74053955078125,-3.814697265625e-06,True,False,48,CC(=O)C(C)(C)C,mol_61a887e37d396488,0.6818,0.26480000000000004,0.25207388401031494,1.0248956680297852,17.582534790039062,COC(C)(C)C,mol_b614d6fea320c179,0.3182,0.7352,0.7479261159896851,1.0727896690368652,106.7908935546875,,,,,,,
state_bce11b3ba518fdece8d674ff,2c_1490252da7453cbbebe4,2,binary_vle_english.xlsx,10.1016/j.jct.2011.09.007,unverified,0.5,isothermal,0.9473684210526315,isothermal,,,36.079965872896004,37.106773376464844,-3.814697265625e-06,True,False,48,CC(C)CC(C)(C)C,mol_57615b5c3546c298,0.024599999999999955,0.10470000000000002,0.06826046109199524,4.005899906158447,25.703197479248047,CC(C)O,mol_db030b5de88f8eaf,0.9754,0.8953,0.9317395687103271,1.000645399093628,35.422950744628906,,,,,,,
state_bd4b852c2179a6d3bc8cd9d9,2c_913ec9aa8f318623c900,2,binary_vle_english.xlsx,10.1016/j.fluid.2014.02.023,unverified,0.5,isothermal,0.9285714285714286,isothermal,,,49.21995181824,48.46339416503906,-3.814697265625e-06,True,False,48,C1CCCCC1,mol_893981623557f359,0.9123,0.9935,0.9973021745681763,1.0093408823013306,52.48860549926758,Nc1ccccc1,mol_8d11fd6c0d4e62a7,0.0877,0.00649999999999995,0.002697788178920746,1.9368749856948853,0.7696981430053711,,,,,,,
state_be0e595877632edc0cba8861,2c_913ec9aa8f318623c900,2,binary_vle_english.xlsx,10.1016/j.fluid.2014.02.023,unverified,0.5,isothermal,0.9285714285714286,isothermal,,,45.110023179904,29.54999542236328,-1.9073486328125e-06,True,False,48,C1CCCCC1,mol_893981623557f359,0.4401,0.9892,0.983908474445343,1.2586230039596558,52.48860549926758,Nc1ccccc1,mol_8d11fd6c0d4e62a7,0.5599000000000001,0.010800000000000032,0.01609150320291519,1.10337495803833,0.7696981430053711,,,,,,,
state_be81f888eaec0cfc9f914fff,2c_c6a565ee5191fe2b2cdb,2,binary_vle_english.xlsx,10.1016/j.fluid.2015.10.041,passed,1.0,isothermal,0.9375,isothermal,,,70.700051816192,58.517799377441406,-3.814697265625e-06,True,False,48,CCO,mol_f29e20f49d416e54,0.09799999999999998,0.33999999999999997,0.25522029399871826,2.125408172607422,71.70257568359375,CCSCC,mol_a7491cfbf016fee6,0.902,0.66,0.7447797060012817,1.0103404521942139,47.823516845703125,,,,,,,
state_bf1aedf8fbd7ef1e33fc0177,2c_ae99b15d6b25c7962c21,2,binary_vle_english.xlsx,10.1016/j.fluid.2005.05.003,unverified,0.5,isothermal,0.9230769230769231,isothermal,,,79.43000047283199,70.98844909667969,-7.62939453125e-06,True,False,48,NC1CCCCC1,mol_3cb1d9728851c877,0.04700000000000004,0.11099999999999999,0.03697460889816284,2.185454845428467,25.553569793701172,O,mol_e81dc06beaa39499,0.953,0.889,0.9630253911018372,1.0034557580947876,71.4881820678711,,,,,,,
state_bf820ba4d692528661653c50,2c_ae99b15d6b25c7962c21,2,binary_vle_english.xlsx,10.1016/j.fluid.2005.05.003,unverified,0.5,isothermal,0.9230769230769231,isothermal,,,42.619961312768,37.17113494873047,-3.814697265625e-06,True,False,48,NC1CCCCC1,mol_3cb1d9728851c877,0.859,0.538,0.5963330268859863,1.0098336935043335,25.553569793701172,O,mol_e81dc06beaa39499,0.141,0.462,0.40366700291633606,1.4885917901992798,71.4881820678711,,,,,,,
state_c067b1830a5fd29fc6bca075,2c_ae99b15d6b25c7962c21,2,binary_vle_english.xlsx,10.1016/j.fluid.2005.05.003,unverified,0.5,isothermal,0.9166666666666666,isothermal,,,21.869934601984,18.82596206665039,0.0,True,False,48,NC1CCCCC1,mol_3cb1d9728851c877,0.22199999999999998,0.11399999999999999,0.1147739440202713,1.2952182292938232,7.514577388763428,O,mol_e81dc06beaa39499,0.778,0.886,0.8852260112762451,1.0263736248016357,20.87018394470215,,,,,,,
state_c0f36c82bbb8716c18217189,2c_56df7cea200b948181e5,2,binary_vle_english.xlsx,10.1016/j.fluid.2007.07.010,unverified,0.5,isothermal,0.8333333333333334,isothermal,,,207.999959343104,221.79879760742188,0.0,True,False,48,CC(F)F,mol_ed933f1c25fd987c,0.0,0.0,0.0,4.729004383087158,531.6263427734375,CCCC,mol_fadb5806094149e6,1.0,1.0,1.0,1.0,221.79879760742188,,,,,,,
state_c11d903270bece013e06c99c,2c_303f5d258da9140f9795,2,binary_vle_english.xlsx,10.1016/j.fluid.2012.11.026,unverified,0.5,isothermal,0.875,isothermal,,,90.446294418304,60.527915954589844,0.0,True,False,48,CCOC(=O)OCC,mol_4df2781fcf4d4a77,0.6369,0.45409999999999995,0.3317101299762726,1.1102571487426758,28.393545150756836,O,mol_e81dc06beaa39499,0.3631,0.5459,0.6682898998260498,1.5583325624465942,71.4881820678711,,,,,,,
state_c173104c8a8586405a983c59,2c_ae514b5a938c4d83d1c9,2,binary_vle_english.xlsx,10.1016/j.fluid.2009.08.007,unverified,0.5,full_state,0.0,isothermal,,,224.499935606784,219.13363647460938,1.52587890625e-05,True,False,48,CCCC,mol_fadb5806094149e6,0.0,0.0,0.0,4.918084144592285,1647.0264892578125,CCO,mol_f29e20f49d416e54,1.0,1.0,1.0,1.0,219.13365173339844,,,,,,,
state_c22c9fb64dd8d776d04706cd,2c_98afb8e6c65a310db5e0,2,binary_vle_english.xlsx,10.1016/j.jct.2012.12.026,unverified,0.5,isothermal,0.9166666666666666,isothermal,,,271.29995312345596,290.91070556640625,3.0517578125e-05,True,False,48,F/C=C/C(F)(F)F,mol_0e763ba6787b2749,0.0,0.0,0.0,1.6947340965270996,280.35748291015625,FC(F)C(F)F,mol_fccff6221e62b4bc,1.0,1.0,1.0,1.0,290.9107360839844,,,,,,,
state_c241a94e8a61085d7889a459,2c_a160651817afdffd3182,2,binary_vle_english.xlsx,10.1016/j.fluid.2005.05.024,unverified,0.5,isothermal,0.96,isothermal,,,20.310062896384,19.776947021484375,-1.9073486328125e-06,True,False,48,CC(=O)CC(C)C,mol_0a895444a9f0f36b,0.9864,0.9376,0.9381285905838013,1.0000834465026855,18.807552337646484,CC(C)O,mol_db030b5de88f8eaf,0.0136,0.0624,0.06187139078974724,1.656639575958252,54.3102912902832,,,,,,,
state_c271d93c65461f777ea68158,2c_8b8dfc345b3e095c6955,2,binary_vle_english.xlsx,10.1016/j.jct.2012.10.003,unverified,0.5,isothermal,0.9,isothermal,,,398.899991766528,617.8775634765625,6.103515625e-05,True,False,48,CC(C)C,mol_cd0696a421ed56d8,0.392,0.33299999999999996,0.3942050039768219,1.8662632703781128,332.9397277832031,FC(F)(F)I,mol_b415a9b082dbafac,0.608,0.667,0.6057950258255005,1.3264260292053223,464.1320495605469,,,,,,,
state_c2bcba8513513179e1952874,2c_98afb8e6c65a310db5e0,2,binary_vle_english.xlsx,10.1016/j.jct.2012.12.026,unverified,0.5,isothermal,0.9166666666666666,isothermal,,,278.200052279296,330.79559326171875,0.0,True,False,48,F/C=C/C(F)(F)F,mol_0e763ba6787b2749,0.40900000000000003,0.40900000000000003,0.42796561121940613,1.234619379043579,280.35748291015625,FC(F)C(F)F,mol_fccff6221e62b4bc,0.591,0.591,0.5720343589782715,1.1006128787994385,290.9107360839844,,,,,,,
state_c36bab1b0714e4a5aa4a2e27,2c_a4e8a38f7f4879124614,2,binary_vle_english.xlsx,10.1016/j.fluid.2012.05.016,unverified,0.5,isothermal,0.9333333333333333,isothermal,,,35.070048935296,35.01775360107422,-3.814697265625e-06,True,False,48,CCCO,mol_5fb2f93dc8caa9dc,0.24480000000000002,0.14049999999999996,0.14479826390743256,1.5647308826446533,13.237334251403809,CCOC(C)=O,mol_18876b584acc43d4,0.7552,0.8595,0.8552017211914062,1.054832100868225,37.593387603759766,,,,,,,
state_c3b674abfc82a9bd7aaf4516,2c_a160651817afdffd3182,2,binary_vle_english.xlsx,10.1016/j.fluid.2005.05.024,unverified,0.5,isothermal,0.9583333333333334,isothermal,,,27.619995011456,26.955650329589844,-1.9073486328125e-06,True,False,48,CC(=O)CC(C)C,mol_0a895444a9f0f36b,0.4942,0.2734,0.27136313915252686,1.1788913011550903,12.555214881896973,CC(C)O,mol_db030b5de88f8eaf,0.5058,0.7266,0.7286368608474731,1.0962190628051758,35.422950744628906,,,,,,,
state_c40e3bdab8c89d075e318bc0,2c_3cf279eea352998261d1,2,binary_vle_english.xlsx,10.1016/j.fluid.2012.05.016,unverified,0.5,isothermal,0.9375,isothermal,,,71.359997537792,64.0406494140625,0.0,True,False,48,CCCOC(C)=O,mol_67043ae833ecd0c7,0.7155,0.46299999999999997,0.4707900583744049,1.0358012914657593,40.681495666503906,CCO,mol_f29e20f49d416e54,0.2845,0.537,0.5292100310325623,1.3609049320220947,87.53337860107422,,,,,,,
state_c45894aa5e5a69475c98ebcd,2c_ae99b15d6b25c7962c21,2,binary_vle_english.xlsx,10.1016/j.fluid.2005.05.003,unverified,0.5,isothermal,0.9230769230769231,isothermal,,,49.72004402060799,43.698333740234375,-3.814697265625e-06,True,False,48,NC1CCCCC1,mol_3cb1d9728851c877,0.764,0.41800000000000004,0.459669828414917,1.0288827419281006,25.553569793701172,O,mol_e81dc06beaa39499,0.236,0.582,0.540330171585083,1.3995157480239868,71.4881820678711,,,,,,,
state_afbd9c3201b298cc1107dbc8,2c_21b807a1a6c6348c91ac,2,binary_vle_english.xlsx,10.1016/j.fluid.2018.07.027,unverified,0.5,isobaric,0.9629629629629629,isobaric,367.46,366.7995910644531,,,-3.0517578125e-05,True,False,48,CC(C)CC(C)(C)C,mol_57615b5c3546c298,0.7819,0.7713,0.7200610041618347,1.141653060913086,81.71334075927734,CCCCO,mol_ad4ef9c6c876ca2f,0.21809999999999996,0.22870000000000001,0.27993902564048767,3.262293815612793,39.85600662231445,,,,,,,
state_b0093786b500de8c000c3760,2c_35cc53cd52979773cfcb,2,binary_vle_english.xlsx,10.1016/j.fluid.2015.08.014,unverified,0.5,isobaric,0.9473684210526315,isobaric,373.34999999999997,371.8833923339844,,,1.52587890625e-05,True,False,48,CO,mol_a85d32e4db2ff39c,0.394,0.973,0.9702042937278748,0.7585237622261047,328.8569641113281,CS(C)=O,mol_7d3e12eaed0f467c,0.606,0.027000000000000024,0.02979571372270584,0.9512634873390198,5.235878944396973,,,,,,,
state_b029266ac0b88064fcad06e6,2c_8227101c64130ee5e04f,2,binary_vle_english.xlsx,10.1016/j.jct.2017.07.019,unverified,0.5,isobaric,0.9411764705882353,isobaric,366.77,370.8191223144531,,,-3.814697265625e-05,True,False,48,O,mol_e81dc06beaa39499,0.7712,0.7361,0.7843246459960938,1.0861696004867554,94.85062408447266,OCC(F)(F)C(F)F,mol_48469952cf716332,0.2288,0.2639,0.21567541360855103,1.4395555257797241,66.33232116699219,,,,,,,
state_b0a5fa05c8bc78b7e3d2130f,3c_f0c258463b44c2183ab7,3,ternary_vle_english.xlsx,10.1016/j.fluid.2005.03.014,unverified,0.5,isobaric,0.9767441860465116,isobaric,400.5,400.7017822265625,,,2.288818359375e-05,True,False,48,CC(=O)OCC(C)C,mol_e7eb29ad965cc8ee,0.183,0.397,0.3676259517669678,1.4388997554779053,141.42747497558594,CC(C)CO,mol_015d21fca05fcd26,0.21,0.344,0.3381299674510956,0.8209872841835022,198.67225646972656,CN(C)C=O,mol_ca12d6d2f2ffb170,0.607,0.259,0.29424408078193665,0.9840958118438721,49.89889907836914
state_b0b59d1510a87b7b6272b340,2c_82cfa7a14fa3ab1984f1,2,binary_vle_english.xlsx,10.1016/j.fluid.2014.06.025,unverified,0.5,isobaric,0.9,isobaric,361.2,367.95855712890625,,,-6.103515625e-05,True,False,48,CC#N,mol_7028b7cbd3d829b4,0.042,0.4311,0.19840829074382782,3.219008445739746,150.42218017578125,O,mol_e81dc06beaa39499,0.958,0.5689,0.801591694355011,1.0034105777740479,85.47370147705078,,,,,,,
state_b0d14a0350c8c733c896b9a5,2c_165952a69a69e7a8d3f6,2,binary_vle_english.xlsx,10.1016/j.fluid.2007.06.005,unverified,0.5,isobaric,0.9545454545454546,isobaric,345.32,347.1105651855469,,,0.0009918212890625,True,False,48,CC(C)CC(C)(C)C,mol_57615b5c3546c298,0.14,0.28700000000000003,0.25571537017822266,4.07804536819458,45.37223434448242,CCO,mol_f29e20f49d416e54,0.86,0.713,0.7442846298217773,1.0433106422424316,84.03115844726562,,,,,,,
state_b0e94887278692a6ad1bd834,2c_7b12ee2d0e35e39326bc,2,binary_vle_english.xlsx,10.1016/j.fluid.2011.08.007,unverified,0.5,isobaric,0.9666666666666667,isobaric,395.42999999999995,396.05181884765625,,,4.57763671875e-05,True,False,48,CCOCCO,mol_ab8630148ae67e51,0.955,0.6910000000000001,0.6747552752494812,0.9998077154159546,65.94800567626953,CO,mol_a85d32e4db2ff39c,0.045,0.309,0.3252446949481964,0.9913983941078186,680.3379516601562,,,,,,,
state_b0ff0e32f11769b5c205f9a0,2c_f0a592d91b289fcd0778,2,binary_vle_english.xlsx,10.1016/j.fluid.2005.01.007,unverified,0.5,isobaric,0.9545454545454546,isobaric,364.14,367.1118469238281,,,0.0011138916015625,True,False,48,CC(C)=O,mol_e04cf77cea7bbe66,0.027,0.222,0.20785416662693024,2.4390625953674316,319.7950134277344,CC(C)CC(C)(C)C,mol_57615b5c3546c298,0.973,0.778,0.7921457886695862,1.0006167888641357,82.43737030029297,,,,,,,
state_b116f34f003075a05d088248,3c_50c0ded265c297b30405,3,ternary_vle_english.xlsx,10.1016/j.fluid.2015.03.013,unverified,0.5,isobaric,0.9333333333333333,isobaric,398.15,399.9425964355469,,,3.0517578125e-05,True,False,48,CC(=O)N(C)C,mol_b8ccf255e2b62919,0.59,0.19799999999999995,0.17628194391727448,0.9378408193588257,32.27275085449219,CCC(C)O,mol_06affb0d2c6c8ff2,0.226,0.398,0.44836825132369995,0.7916965484619141,253.8498992919922,CCC(C)OC(C)=O,mol_879306ab1082c162,0.184,0.404,0.375349760055542,1.3200323581695557,156.54638671875
state_b11848c9f8d603c0dfc1dd6c,2c_a873f6bbdf8411ff9a25,2,binary_vle_english.xlsx,10.1016/j.fluid.2013.05.016,passed,1.0,isobaric,0.9444444444444444,isobaric,374.9,375.66455078125,,,3.0517578125e-05,True,False,48,CCCCCCCCC,mol_dd70207e50d8bf63,0.586,0.123,0.1351124346256256,1.0187835693359375,22.92582893371582,c1ccccc1,mol_7165dcf6be1f831d,0.41400000000000003,0.877,0.8648875951766968,1.0706615447998047,197.65892028808594,,,,,,,
state_b12912e4a8de34b3890b8873,2c_d61da005b4125a743b07,2,binary_vle_english.xlsx,10.1016/j.fluid.2009.03.008,unverified,0.5,isobaric,0.9583333333333334,isobaric,365.2,364.1471252441406,,,0.00081634521484375,True,False,48,CC(=O)O,mol_9ac385b135af0125,0.4478,0.1857,0.16862931847572327,0.9990372657775879,38.195228576660156,CCC(C)=O,mol_4cfc5db0ca2ab00b,0.5522,0.8143,0.8313707113265991,1.0011595487594604,152.3831024169922,,,,,,,
state_b13d3e471cc1697e8230ca36,3c_61bfd4ccc52903a74083,3,ternary_vle_english.xlsx,10.1016/j.fluid.2007.03.030,unverified,0.5,isobaric,0.9761904761904762,isobaric,360.53999999999996,360.6644287109375,,,0.00014495849609375,True,False,48,CCCO,mol_5fb2f93dc8caa9dc,0.399,0.56,0.35751694440841675,1.3049553632736206,69.55652618408203,CCCOCCC,mol_e13b90e4aa2e917d,0.511,0.415,0.6237236261367798,1.3258062601089478,93.2612075805664,CCOCCO,mol_ab8630148ae67e51,0.08999999999999997,0.02499999999999991,0.018759429454803467,1.233789324760437,17.11377716064453
state_b1581653bd547d8eb5ef5c2e,3c_f0c258463b44c2183ab7,3,ternary_vle_english.xlsx,10.1016/j.fluid.2005.03.014,unverified,0.5,isobaric,0.9767441860465116,isobaric,382.80999999999995,382.9635009765625,,,0.0,True,False,48,CC(=O)OCC(C)C,mol_e7eb29ad965cc8ee,0.102,0.115,0.11979499459266663,1.4593945741653442,81.52201843261719,CC(C)CO,mol_015d21fca05fcd26,0.808,0.866,0.8611595630645752,1.005228042602539,107.4030990600586,CN(C)C=O,mol_ca12d6d2f2ffb170,0.08999999999999997,0.019000000000000017,0.019045475870370865,0.7748256921768188,27.666515350341797
state_b1a7a0df5913f64e6a23dab6,2c_4c757308eefec1e2dd80,2,binary_vle_english.xlsx,10.1016/j.fluid.2011.11.020,unverified,0.5,isobaric,0.9444444444444444,isobaric,333.9,348.2220764160156,,,1.52587890625e-05,True,False,48,C=C(C)C(C)C,mol_6f1c44bf29e6107c,0.6488,0.8195,0.6079607605934143,1.0980186462402344,86.47555541992188,c1ccsc1,mol_7953343be0b435d5,0.3512,0.1805,0.3920392096042633,1.3993656635284424,80.83177947998047,,,,,,,
state_b1a8df524ff091364b6e076b,2c_d66c7a74cea5d8732e08,2,binary_vle_english.xlsx,10.1016/j.fluid.2015.11.034,unverified,0.5,isobaric,0.9333333333333333,isobaric,354.34,355.15179443359375,,,-2.288818359375e-05,True,False,48,CC(C)O,mol_db030b5de88f8eaf,0.248,0.544,0.5268337726593018,2.1709535121917725,99.12438201904297,O,mol_e81dc06beaa39499,0.752,0.45599999999999996,0.47316616773605347,1.2130980491638184,52.542293548583984,,,,,,,
state_b1b3a374b65f8987aa2ab8b3,3c_61bfd4ccc52903a74083,3,ternary_vle_english.xlsx,10.1016/j.fluid.2007.03.030,unverified,0.5,isobaric,0.9761904761904762,isobaric,367.65,365.1819763183594,,,2.288818359375e-05,True,False,48,CCCO,mol_5fb2f93dc8caa9dc,0.186,0.44,0.19522017240524292,1.2808597087860107,83.00789642333984,CCCOCCC,mol_e13b90e4aa2e917d,0.516,0.492,0.7295174598693848,1.3338699340820312,107.36971282958984,CCOCCO,mol_ab8630148ae67e51,0.29800000000000004,0.06800000000000006,0.07526243478059769,1.240260362625122,20.628061294555664
state_b1defb4592e7d3eb16b74674,2c_74a658fab9cc22057bbd,2,binary_vle_english.xlsx,10.1016/j.jct.2019.03.036,unverified,0.5,isobaric,0.9473684210526315,isobaric,380.77,380.7114562988281,,,1.52587890625e-05,True,False,48,CCCOC(C)=O,mol_67043ae833ecd0c7,0.687,0.9557,0.9657787680625916,1.1163272857666016,127.56708526611328,CS(C)=O,mol_7d3e12eaed0f467c,0.31299999999999994,0.044300000000000006,0.03422123193740845,1.5019683837890625,7.3739423751831055,,,,,,,
state_b24817ed8a9f610b9b450f7b,2c_21b807a1a6c6348c91ac,2,binary_vle_english.xlsx,10.1016/j.fluid.2018.07.027,unverified,0.5,isobaric,0.9629629629629629,isobaric,367.69,367.6094970703125,,,-4.57763671875e-05,True,False,48,CC(C)CC(C)(C)C,mol_57615b5c3546c298,0.8914,0.8153,0.7624105215072632,1.0363540649414062,83.6020736694336,CCCCO,mol_ad4ef9c6c876ca2f,0.10860000000000003,0.18469999999999998,0.23758947849273682,5.3784894943237305,41.20463180541992,,,,,,,
state_b24a34ab39ad955b00e7db3e,2c_d66c7a74cea5d8732e08,2,binary_vle_english.xlsx,10.1016/j.jct.2017.02.005,unverified,0.5,isobaric,0.96875,isobaric,357.67999999999995,359.3407897949219,,,9.1552734375e-05,True,False,48,CC(C)O,mol_db030b5de88f8eaf,0.056,0.464,0.4084707498550415,6.2869553565979,116.02007293701172,O,mol_e81dc06beaa39499,0.944,0.536,0.5915293097496033,1.0132479667663574,61.842796325683594,,,,,,,
state_b2573db869a4a8947adeac7b,2c_74caf60139062b8ca437,2,binary_vle_english.xlsx,10.1016/j.fluid.2010.08.010,unverified,0.5,isobaric,0.9411764705882353,isobaric,428.45,427.0240783691406,,,0.0001068115234375,True,False,48,CCCCCCO,mol_eb71ecc709e3f0dc,1.0,1.0,1.0,1.0,95.60011291503906,Cc1ccccc1C,mol_61c4de85d258b45d,0.0,0.0,0.0,2.305082082748413,144.30795288085938,,,,,,,
state_b2dcdf334dbc06ee4f08d654,2c_6f361cb0ec8be0b0e6dd,2,binary_vle_english.xlsx,10.1016/j.fluid.2006.08.004,unverified,0.5,isobaric,0.9047619047619048,isobaric,337.96999999999997,339.7420654296875,,,5.340576171875e-05,True,False,48,CC(C)OC(C)C,mol_1a0ca8e5eeb68da8,0.489,0.604,0.5809796452522278,1.3464840650558472,89.38409423828125,CCO,mol_f29e20f49d416e54,0.511,0.396,0.4190203547477722,1.3298665285110474,62.46195602416992,,,,,,,
state_b3d4b233c9c6679d6ced42bd,2c_d61da005b4125a743b07,2,binary_vle_english.xlsx,10.1016/j.fluid.2009.03.008,unverified,0.5,isobaric,0.9583333333333334,isobaric,353.88,352.4663391113281,,,0.00025177001953125,True,False,48,CC(=O)O,mol_9ac385b135af0125,0.0522,0.0141,0.012271817773580551,1.0040220022201538,23.726547241210938,CCC(C)=O,mol_4cfc5db0ca2ab00b,0.9478,0.9859,0.9877281785011292,1.0000016689300537,105.5988998413086,,,,,,,
state_b492397d70634348e8f70229,2c_d61da005b4125a743b07,2,binary_vle_english.xlsx,10.1016/j.fluid.2009.03.008,unverified,0.5,isobaric,0.9583333333333334,isobaric,380.12,380.4842224121094,,,4.57763671875e-05,True,False,48,CC(=O)O,mol_9ac385b135af0125,0.8239,0.6471,0.5753514766693115,0.999731183052063,70.78056335449219,CCC(C)=O,mol_4cfc5db0ca2ab00b,0.17610000000000003,0.3529,0.42464858293533325,0.9970263242721558,245.07681274414062,,,,,,,
state_b4eb578ee00a35a56ba05647,2c_7b12ee2d0e35e39326bc,2,binary_vle_english.xlsx,10.1016/j.fluid.2011.08.007,unverified,0.5,isobaric,0.9666666666666667,isobaric,348.32,348.34527587890625,,,-2.288818359375e-05,True,False,48,CCOCCO,mol_ab8630148ae67e51,0.396,0.04800000000000004,0.042912017554044724,1.0078452825546265,10.033783912658691,CO,mol_a85d32e4db2ff39c,0.604,0.952,0.957088053226471,1.0057202577590942,147.0322723388672,,,,,,,
state_b50a13660a8f60aea001c39b,2c_d61da005b4125a743b07,2,binary_vle_english.xlsx,10.1016/j.fluid.2009.03.008,unverified,0.5,isobaric,0.9583333333333334,isobaric,382.25,382.3330993652344,,,6.103515625e-05,True,False,48,CC(=O)O,mol_9ac385b135af0125,0.8583,0.7102,0.6406394839286804,0.9998213052749634,75.64683532714844,CCC(C)=O,mol_4cfc5db0ca2ab00b,0.14170000000000005,0.28979999999999995,0.3593604862689972,0.9962151050567627,257.9561767578125,,,,,,,
state_b5e8d39cba11398113174d3b,2c_4c757308eefec1e2dd80,2,binary_vle_english.xlsx,10.1016/j.fluid.2011.11.020,unverified,0.5,isobaric,0.9444444444444444,isobaric,330.72999999999996,351.9195556640625,,,3.0517578125e-05,True,False,48,C=C(C)C(C)C,mol_6f1c44bf29e6107c,0.8798,0.9332,0.8024791479110718,1.0109946727752686,91.41960906982422,c1ccsc1,mol_7953343be0b435d5,0.1202,0.0668,0.19752083718776703,1.8285868167877197,91.0607681274414,,,,,,,
state_b623670641e5408126749798,2c_d66c7a74cea5d8732e08,2,binary_vle_english.xlsx,10.1016/j.jct.2006.04.006,unverified,0.5,isobaric,0.9444444444444444,isobaric,355.84999999999997,357.4605712890625,,,-5.340576171875e-05,True,False,48,CC(C)O,mol_db030b5de88f8eaf,0.086,0.499,0.4654402732849121,5.069007873535156,108.15621185302734,O,mol_e81dc06beaa39499,0.914,0.501,0.5345597267150879,1.030229926109314,57.507545471191406,,,,,,,
state_b6bd64574f8bc1332dcccf97,2c_7c6b847ee4cb190db3ef,2,binary_vle_english.xlsx,10.1016/j.fluid.2005.06.024,unverified,0.5,isobaric,0.9666666666666667,isobaric,365.85999999999996,364.24566650390625,,,0.000640869140625,True,False,48,CCC(C)=O,mol_4cfc5db0ca2ab00b,0.579,0.8555,0.8793625831604004,1.006866455078125,152.83995056152344,CCOC(=O)OCC,mol_4df2781fcf4d4a77,0.42100000000000004,0.14449999999999996,0.12063737958669662,0.9815666675567627,29.580080032348633,,,,,,,
state_b6eec22978bf9e8fa2578f5c,2c_7c6b847ee4cb190db3ef,2,binary_vle_english.xlsx,10.1016/j.fluid.2005.06.024,unverified,0.5,isobaric,0.9666666666666667,isobaric,394.57,396.13629150390625,,,0.0,True,False,48,CCC(C)=O,mol_4cfc5db0ca2ab00b,0.0489,0.1659,0.17235800623893738,0.9589380621910095,372.43341064453125,CCOC(=O)OCC,mol_4df2781fcf4d4a77,0.9511000000000001,0.8341000000000001,0.827642023563385,0.9998263716697693,88.18777465820312,,,,,,,
state_b6f0604861d2da8abe6d3f58,2c_82cfa7a14fa3ab1984f1,2,binary_vle_english.xlsx,10.1016/j.fluid.2014.06.025,unverified,0.5,isobaric,0.9,isobaric,350.4,356.5369873046875,,,-4.57763671875e-05,True,False,48,CC#N,mol_7028b7cbd3d829b4,0.4897,0.662,0.626186728477478,1.2672513723373413,103.42713928222656,O,mol_e81dc06beaa39499,0.5103,0.33799999999999997,0.37381330132484436,1.3534878492355347,55.475135803222656,,,,,,,
state_b6f42a2822eb16136ecfec9e,2c_d66c7a74cea5d8732e08,2,binary_vle_english.xlsx,10.1016/j.jct.2016.10.001,unverified,0.5,isobaric,0.9375,isobaric,361.7,363.9454650878906,,,7.62939453125e-06,True,False,48,CC(C)O,mol_db030b5de88f8eaf,0.027,0.354,0.29026004672050476,7.9282941818237305,137.35768127441406,O,mol_e81dc06beaa39499,0.973,0.646,0.7097399234771729,1.003188967704773,73.65680694580078,,,,,,,
state_b7562fb8084d50c778f79229,2c_7c6b847ee4cb190db3ef,2,binary_vle_english.xlsx,10.1016/j.fluid.2005.06.024,unverified,0.5,isobaric,0.9666666666666667,isobaric,373.53999999999996,372.88323974609375,,,6.866455078125e-05,True,False,48,CCC(C)=O,mol_4cfc5db0ca2ab00b,0.3913,0.7259,0.7587255239486694,0.9948405027389526,197.4868927001953,CCOC(=O)OCC,mol_4df2781fcf4d4a77,0.6087,0.2741,0.24127444624900818,0.9915602803230286,40.504737854003906,,,,,,,
state_b77fddf4eae27bde48b7bde8,2c_a1a0cf7c2f4fd070fb84,2,binary_vle_english.xlsx,10.1016/j.jct.2018.03.019,unverified,0.5,isobaric,0.95,isobaric,426.53999999999996,422.8508605957031,,,-4.57763671875e-05,True,False,48,CC(C)=O,mol_e04cf77cea7bbe66,0.0286,0.2126,0.33026614785194397,0.9631181955337524,1214.5836181640625,O=Cc1ccco1,mol_cfdccd30b0689448,0.9714,0.7874,0.6697338223457336,0.9999399781227112,69.84561920166016,,,,,,,
state_b823f4c704a0a1deed47af9f,2c_8d6240d515d92725f365,2,binary_vle_english.xlsx,10.1016/j.fluid.2015.05.031,unverified,0.5,isobaric,0.96875,isobaric,332.26,337.110595703125,,,0.00012969970703125,True,False,48,CCCCCCCC,mol_8151bb583f7f3ebd,0.87,0.09399999999999997,0.11013557761907578,0.999673068523407,12.83056640625,COC=O,mol_3beef90b23ffcece,0.13,0.906,0.889864444732666,2.401918649673462,288.7471008300781,,,,,,,
state_b87c47be99249fdf525d7b1a,2c_74caf60139062b8ca437,2,binary_vle_english.xlsx,10.1016/j.fluid.2010.08.010,unverified,0.5,isobaric,0.9411764705882353,isobaric,426.75,420.86334228515625,,,-7.62939453125e-06,True,False,48,CCCCCCO,mol_eb71ecc709e3f0dc,0.8965,0.846,0.7364875674247742,1.0081963539123535,77.89828491210938,Cc1ccccc1C,mol_61c4de85d258b45d,0.1035,0.154,0.26351243257522583,1.9867173433303833,122.51310729980469,,,,,,,
state_b88ebea016d6d321851ee789,2c_9f331b7867f625e21322,2,binary_vle_english.xlsx,10.1016/j.jct.2015.03.013,unverified,0.5,isobaric,0.9090909090909091,isobaric,351.9,350.86077880859375,,,4.57763671875e-05,True,False,48,CCC(C)=O,mol_4cfc5db0ca2ab00b,0.6367,0.9236,0.9052886366844177,1.056991696357727,100.21604919433594,COCCO,mol_d291b272a64498d9,0.36329999999999996,0.07640000000000002,0.09471134841442108,1.120503306388855,17.333253860473633,,,,,,,
state_b8ad99b22efe1b7659be7afe,2c_35cc53cd52979773cfcb,2,binary_vle_english.xlsx,10.1016/j.fluid.2015.08.014,unverified,0.5,isobaric,0.9473684210526315,isobaric,406.23,401.3509521484375,,,3.814697265625e-05,True,False,48,CO,mol_a85d32e4db2ff39c,0.164,0.851,0.8743438124656677,0.6848283410072327,788.6167602539062,CS(C)=O,mol_7d3e12eaed0f467c,0.836,0.14900000000000002,0.1256561279296875,0.9834185242652893,15.482758522033691,,,,,,,
state_b910c8ffaac79a2901c89f0e,2c_82cfa7a14fa3ab1984f1,2,binary_vle_english.xlsx,10.1016/j.jct.2019.07.006,unverified,0.5,isobaric,0.9333333333333333,isobaric,349.64,355.0075378417969,,,3.0517578125e-05,True,False,48,CC#N,mol_7028b7cbd3d829b4,0.6962,0.6939,0.7343527674674988,1.0882378816604614,98.18748474121094,O,mol_e81dc06beaa39499,0.30379999999999996,0.30610000000000004,0.2656472325325012,1.6954487562179565,52.244693756103516,,,,,,,
state_b92b4274791c693e652e0c52,3c_61bfd4ccc52903a74083,3,ternary_vle_english.xlsx,10.1016/j.fluid.2007.03.030,unverified,0.5,isobaric,0.9761904761904762,isobaric,366.4,370.2008361816406,,,-7.62939453125e-06,True,False,48,CCCO,mol_5fb2f93dc8caa9dc,0.412,0.693,0.4277125895023346,1.0462614297866821,100.51334381103516,CCCOCCC,mol_e13b90e4aa2e917d,0.197,0.204,0.4759712815284729,1.9571435451507568,125.05497741699219,CCOCCO,mol_ab8630148ae67e51,0.391,0.10300000000000009,0.09631616622209549,0.9882826209068298,25.249361038208008
state_b9443672a4b376203d2d6ca8,2c_f0a592d91b289fcd0778,2,binary_vle_english.xlsx,10.1016/j.fluid.2005.01.007,unverified,0.5,isobaric,0.9545454545454546,isobaric,344.90999999999997,350.7881774902344,,,0.0,True,False,48,CC(C)=O,mol_e04cf77cea7bbe66,0.138,0.604,0.5599303245544434,2.0590827465057373,199.653076171875,CC(C)CC(C)(C)C,mol_57615b5c3546c298,0.862,0.396,0.44006967544555664,1.0162873268127441,50.89704132080078,,,,,,,
state_b94b09347e1f5593a03b6df7,2c_7b12ee2d0e35e39326bc,2,binary_vle_english.xlsx,10.1016/j.fluid.2011.08.007,unverified,0.5,isobaric,0.9642857142857143,isobaric,366.35999999999996,367.4211120605469,,,-5.340576171875e-05,True,False,48,CCOCCO,mol_ab8630148ae67e51,0.83,0.277,0.2807594835758209,0.9981561303138733,22.590335845947266,CO,mol_a85d32e4db2ff39c,0.17,0.723,0.7192404866218567,0.9910992383956909,284.5593566894531,,,,,,,
state_b9771e7660c1a2af7726ea95,2c_7b12ee2d0e35e39326bc,2,binary_vle_english.xlsx,10.1016/j.fluid.2011.08.007,unverified,0.5,isobaric,0.9666666666666667,isobaric,339.09,339.86700439453125,,,0.0001678466796875,True,False,48,CCOCCO,mol_ab8630148ae67e51,0.132,0.01100000000000001,0.009900589473545551,1.0302644968032837,6.793822288513184,CO,mol_a85d32e4db2ff39c,0.868,0.989,0.9900993704795837,0.9942727088928223,107.06051635742188,,,,,,,
state_b9de9bcb43193ceae7b77d4c,2c_6f361cb0ec8be0b0e6dd,2,binary_vle_english.xlsx,10.1016/j.fluid.2006.08.004,unverified,0.5,isobaric,0.95,isobaric,337.66999999999996,339.4314880371094,,,7.62939453125e-06,True,False,48,CC(C)OC(C)C,mol_1a0ca8e5eeb68da8,0.537,0.631,0.6114020943641663,1.3025201559066772,88.54771423339844,CCO,mol_f29e20f49d416e54,0.46299999999999997,0.369,0.38859793543815613,1.378687858581543,61.66840744018555,,,,,,,
state_b9fa78f65ced6cb1b7338522,2c_7b12ee2d0e35e39326bc,2,binary_vle_english.xlsx,10.1016/j.fluid.2011.08.007,unverified,0.5,isobaric,0.9666666666666667,isobaric,341.72999999999996,342.4283142089844,,,0.0,True,False,48,CCOCCO,mol_ab8630148ae67e51,0.21899999999999997,0.020000000000000018,0.018607208505272865,1.035266637802124,7.658785343170166,CO,mol_a85d32e4db2ff39c,0.781,0.98,0.9813928008079529,0.9935584664344788,118.02483367919922,,,,,,,
state_ba59dea02bac362ffa0f80e7,2c_d66c7a74cea5d8732e08,2,binary_vle_english.xlsx,10.1016/j.fluid.2017.09.010,unverified,0.5,isobaric,0.9473684210526315,isobaric,357.9,357.081298828125,,,-1.52587890625e-05,True,False,48,CC(C)O,mol_db030b5de88f8eaf,0.0924,0.4945,0.47315385937690735,4.850515365600586,106.62613677978516,O,mol_e81dc06beaa39499,0.9076,0.5055000000000001,0.526846170425415,1.0346487760543823,56.66534423828125,,,,,,,
state_bb73607a24e724317d438a96,2c_9f331b7867f625e21322,2,binary_vle_english.xlsx,10.1016/j.jct.2015.03.013,unverified,0.5,isobaric,0.9090909090909091,isobaric,360.5,359.276123046875,,,4.57763671875e-05,True,False,48,CCC(C)=O,mol_4cfc5db0ca2ab00b,0.4017,0.783,0.7914807796478271,1.1192309856414795,131.1521453857422,COCCO,mol_d291b272a64498d9,0.5983,0.21699999999999997,0.20851920545101166,1.049443244934082,24.741424560546875,,,,,,,
state_bbaa6f5f684e6a4b2893e6c6,2c_61469365e9d7838600a7,2,binary_vle_english.xlsx,10.1016/j.fluid.2015.05.031,unverified,0.5,isobaric,0.9629629629629629,isobaric,304.7,304.9900817871094,,,0.00165557861328125,True,False,48,CCCCCCC,mol_fddb2c852c313396,0.0,0.0,0.0,6.889434814453125,8.5704984664917,COC=O,mol_3beef90b23ffcece,1.0,1.0,1.0,1.0,101.32158660888672,,,,,,,
state_bbb6b5e5bb350dae97231cac,2c_165952a69a69e7a8d3f6,2,binary_vle_english.xlsx,10.1016/j.fluid.2007.06.005,unverified,0.5,isobaric,0.9545454545454546,isobaric,344.9,346.9351806640625,,,0.00113677978515625,True,False,48,CC(C)CC(C)(C)C,mol_57615b5c3546c298,0.6,0.382,0.37547871470451355,1.4049608707427979,45.12153244018555,CCO,mol_f29e20f49d416e54,0.4,0.618,0.6245213150978088,1.895237922668457,83.45215606689453,,,,,,,
state_bbefa3404f03563c3eef7901,2c_74caf60139062b8ca437,2,binary_vle_english.xlsx,10.1016/j.fluid.2010.08.010,unverified,0.5,isobaric,0.9411764705882353,isobaric,415.75,410.32177734375,,,6.866455078125e-05,True,False,48,CCCCCCO,mol_eb71ecc709e3f0dc,0.06499999999999995,0.05510000000000004,0.0983063280582428,2.6727585792541504,54.09618377685547,Cc1ccccc1C,mol_61c4de85d258b45d,0.935,0.9449,0.9016936421394348,1.0072731971740723,91.52892303466797,,,,,,,
state_bc1256f14f9285dd266b88e8,2c_7e396008deb1d14f8e15,2,binary_vle_english.xlsx,10.1016/j.fluid.2015.11.007,passed,1.0,isobaric,0.9090909090909091,isobaric,379.46,371.3201599121094,,,1.52587890625e-05,True,False,48,CC(=O)N(C)C,mol_b8ccf255e2b62919,0.56,0.33599999999999997,0.3948364555835724,0.7057083249092102,11.98902416229248,CC(=O)O,mol_9ac385b135af0125,0.44,0.664,0.6051635146141052,0.32738617062568665,50.41265869140625,,,,,,,
state_bc4683e2f486e8e771dee0cf,2c_7b12ee2d0e35e39326bc,2,binary_vle_english.xlsx,10.1016/j.fluid.2011.08.007,unverified,0.5,isobaric,0.9666666666666667,isobaric,359.71999999999997,359.2294006347656,,,8.392333984375e-05,True,False,48,CCOCCO,mol_ab8630148ae67e51,0.619,0.119,0.10679975897073746,0.9993141293525696,16.112131118774414,CO,mol_a85d32e4db2ff39c,0.381,0.881,0.8932002782821655,1.012134313583374,216.15292358398438,,,,,,,
state_bc68eb01d584903d98a659f2,2c_d66c7a74cea5d8732e08,2,binary_vle_english.xlsx,10.1016/j.jct.2006.04.006,unverified,0.5,isobaric,0.8947368421052632,isobaric,353.84999999999997,355.15704345703125,,,3.814697265625e-05,True,False,48,CC(C)O,mol_db030b5de88f8eaf,0.246,0.557,0.5266518592834473,2.187412977218628,99.1441421508789,O,mol_e81dc06beaa39499,0.754,0.44299999999999995,0.47334814071655273,1.2100958824157715,52.553165435791016,,,,,,,
state_bc6e436ac7891663196123ac,2c_82cfa7a14fa3ab1984f1,2,binary_vle_english.xlsx,10.1016/j.fluid.2014.06.025,unverified,0.5,isobaric,0.9,isobaric,350.0,355.1714172363281,,,-3.0517578125e-05,True,False,48,CC#N,mol_7028b7cbd3d829b4,0.7992,0.726,0.7986045479774475,1.037326455116272,98.73802947998047,O,mol_e81dc06beaa39499,0.20079999999999998,0.274,0.20139546692371368,1.9550825357437134,52.58289337158203,,,,,,,
state_bc708a9065db41082cf9efaa,2c_60db84011f520a374b2a,2,binary_vle_english.xlsx,10.1016/j.fluid.2013.09.060,passed,1.0,isobaric,0.9375,isobaric,333.0,334.114990234375,,,0.00095367431640625,True,False,48,C1CCOC1,mol_c59bfa659357f795,0.675,0.61,0.6308442950248718,1.080031156539917,87.65876770019531,CO,mol_a85d32e4db2ff39c,0.32499999999999996,0.39,0.3691556751728058,1.3451471328735352,85.54008483886719,,,,,,,
state_bd404b0f303eb34db0a311e0,3c_61bfd4ccc52903a74083,3,ternary_vle_english.xlsx,10.1016/j.fluid.2007.03.030,unverified,0.5,isobaric,0.9761904761904762,isobaric,366.72999999999996,362.3198547363281,,,0.00031280517578125,True,False,48,CCCO,mol_5fb2f93dc8caa9dc,0.092,0.257,0.13634788990020752,2.0219712257385254,74.24993896484375,CCCOCCC,mol_e13b90e4aa2e917d,0.808,0.723,0.8271092772483826,1.055516004562378,98.24200439453125,CCOCCO,mol_ab8630148ae67e51,0.09999999999999998,0.020000000000000018,0.03654276579618454,2.018869638442993,18.33595848083496
state_be252eecdfdacf1f45fa1d42,3c_61bfd4ccc52903a74083,3,ternary_vle_english.xlsx,10.1016/j.fluid.2007.03.030,unverified,0.5,isobaric,0.9761904761904762,isobaric,366.53999999999996,373.2831726074219,,,-1.52587890625e-05,True,False,48,CCCO,mol_5fb2f93dc8caa9dc,0.515,0.77,0.5831582546234131,1.0172638893127441,112.75989532470703,CCCOCCC,mol_e13b90e4aa2e917d,0.1,0.115,0.31301411986351013,2.3135876655578613,137.0525360107422,CCOCCO,mol_ab8630148ae67e51,0.385,0.11499999999999999,0.10382767021656036,0.9582158923149109,28.510059356689453
state_bea36990c650f23939524e96,2c_165952a69a69e7a8d3f6,2,binary_vle_english.xlsx,10.1016/j.fluid.2005.01.007,unverified,0.5,isobaric,0.9545454545454546,isobaric,344.53,346.52032470703125,,,0.0019073486328125,True,False,48,CC(C)CC(C)(C)C,mol_57615b5c3546c298,0.498,0.374,0.3543170988559723,1.618764042854309,44.53303527832031,CCO,mol_f29e20f49d416e54,0.502,0.626,0.6456828713417053,1.5874344110488892,82.09616088867188,,,,,,,
state_bf40ba5f85ded73d8015f378,2c_6eb2e45afed5017e5e33,2,binary_vle_english.xlsx,10.1016/j.fluid.2014.09.021,unverified,0.5,isobaric,0.95,isobaric,389.96,389.42822265625,,,7.62939453125e-06,True,False,48,CCC(C)OC(C)=O,mol_879306ab1082c162,0.707,0.852,0.8614409565925598,1.0837459564208984,113.89057159423828,CN(C)C=O,mol_ca12d6d2f2ffb170,0.29300000000000004,0.14800000000000002,0.13855905830860138,1.3879395723342896,34.51484298706055,,,,,,,
state_bf64e2e90ca11ad34d9cb05a,2c_8d6240d515d92725f365,2,binary_vle_english.xlsx,10.1016/j.fluid.2015.05.031,unverified,0.5,isobaric,0.96875,isobaric,305.99,306.6903991699219,,,0.001129150390625,True,False,48,CCCCCCCC,mol_8151bb583f7f3ebd,0.10699999999999998,0.017000000000000015,0.015251663513481617,4.377530574798584,3.2991645336151123,COC=O,mol_3beef90b23ffcece,0.893,0.983,0.984748363494873,1.0375460386276245,107.68771362304688,,,,,,,
state_bf6863face6963c91e2a6e56,2c_d66c7a74cea5d8732e08,2,binary_vle_english.xlsx,10.1016/j.fluid.2017.09.010,unverified,0.5,isobaric,0.9473684210526315,isobaric,353.09999999999997,353.7365417480469,,,-6.103515625e-05,True,False,48,CC(C)O,mol_db030b5de88f8eaf,0.6892,0.6858,0.6875969171524048,1.0729711055755615,93.912109375,O,mol_e81dc06beaa39499,0.31079999999999997,0.31420000000000003,0.3124031126499176,2.043327808380127,49.684078216552734,,,,,,,
state_bfea8f55b54f77beeb2af171,3c_f0c258463b44c2183ab7,3,ternary_vle_english.xlsx,10.1016/j.fluid.2005.03.014,unverified,0.5,isobaric,0.9767441860465116,isobaric,389.2,388.4740295410156,,,0.000732421875,True,False,48,CC(=O)OCC(C)C,mol_e7eb29ad965cc8ee,0.099,0.146,0.14349165558815002,1.509598970413208,97.26176452636719,CC(C)CO,mol_015d21fca05fcd26,0.615,0.774,0.7779819369316101,0.9797046184539795,130.8011474609375,CN(C)C=O,mol_ca12d6d2f2ffb170,0.28600000000000003,0.07999999999999996,0.07852640748023987,0.8322089910507202,33.42177963256836
state_bff4b002a7dc99eaff682e13,2c_d66c7a74cea5d8732e08,2,binary_vle_english.xlsx,10.1016/j.fluid.2015.11.034,unverified,0.5,isobaric,0.9333333333333333,isobaric,356.21999999999997,357.91082763671875,,,5.340576171875e-05,True,False,48,CC(C)O,mol_db030b5de88f8eaf,0.078,0.502,0.45399418473243713,5.360251426696777,109.99676513671875,O,mol_e81dc06beaa39499,0.922,0.498,0.5460057854652405,1.0250898599624634,58.52127456665039,,,,,,,
state_c00e975e204b285323a9ea00,2c_d61da005b4125a743b07,2,binary_vle_english.xlsx,10.1016/j.fluid.2009.03.008,unverified,0.5,isobaric,0.9583333333333334,isobaric,377.55999999999995,377.6208190917969,,,0.0004119873046875,True,False,48,CC(=O)O,mol_9ac385b135af0125,0.768,0.5516,0.4831298291683197,0.9995600581169128,63.772560119628906,CCC(C)=O,mol_4cfc5db0ca2ab00b,0.23199999999999998,0.4484,0.5168701410293579,0.9981842637062073,226.16366577148438,,,,,,,
state_c018ac12947bfdfa4ea20308,2c_f0a592d91b289fcd0778,2,binary_vle_english.xlsx,10.1016/j.fluid.2005.01.007,unverified,0.5,isobaric,0.9545454545454546,isobaric,331.60999999999996,336.3692932128906,,,0.00026702880859375,True,False,48,CC(C)=O,mol_e04cf77cea7bbe66,0.455,0.792,0.7932988405227661,1.3934252262115479,126.77621459960938,CC(C)CC(C)(C)C,mol_57615b5c3546c298,0.5449999999999999,0.20799999999999996,0.2067011296749115,1.201851487159729,31.973600387573242,,,,,,,
state_c131c85d460ff26c24896570,2c_26042ad21e725d8f2224,2,binary_vle_english.xlsx,10.1016/j.jct.2019.06.026,unverified,0.5,isobaric,0.9411764705882353,isobaric,426.04999999999995,424.2969665527344,,,7.62939453125e-06,True,False,48,CN(C)C=O,mol_ca12d6d2f2ffb170,1.0,1.0,1.0,1.0,101.29994201660156,OCC(F)(F)C(F)F,mol_48469952cf716332,0.0,0.0,0.0,0.7429847121238708,350.3255615234375,,,,,,,
state_c14e74bb0aa0f4aba2090816,2c_4c757308eefec1e2dd80,2,binary_vle_english.xlsx,10.1016/j.fluid.2011.11.020,unverified,0.5,isobaric,0.9444444444444444,isobaric,352.91999999999996,353.2408752441406,,,0.00067138671875,True,False,48,C=C(C)C(C)C,mol_6f1c44bf29e6107c,0.057499999999999996,0.17869999999999997,0.11353722214698792,2.146178722381592,93.22785949707031,c1ccsc1,mol_7953343be0b435d5,0.9425,0.8213,0.8864628076553345,1.0035955905914307,94.9645767211914,,,,,,,
state_c173104c8a8586405a983c59,2c_ae514b5a938c4d83d1c9,2,binary_vle_english.xlsx,10.1016/j.fluid.2009.08.007,unverified,0.5,full_state,0.0,isobaric,373.27,373.9814453125,,,0.0002593994140625,True,False,48,CCCC,mol_fadb5806094149e6,0.0,0.0,0.0,4.924598217010498,1670.1728515625,CCO,mol_f29e20f49d416e54,1.0,1.0,1.0,1.0,224.5001983642578,,,,,,,
state_c2f6ba91e65a851cb74c82d2,2c_7e396008deb1d14f8e15,2,binary_vle_english.xlsx,10.1016/j.fluid.2015.11.007,passed,1.0,isobaric,0.9090909090909091,isobaric,353.26,351.0012512207031,,,4.76837158203125e-06,True,False,48,CC(=O)N(C)C,mol_b8ccf255e2b62919,0.393,0.050000000000000044,0.11506566405296326,0.3808244466781616,5.381756782531738,CC(=O)O,mol_9ac385b135af0125,0.607,0.95,0.8849343657493591,0.4576042592525482,22.301189422607422,,,,,,,
state_c3279b92474727cb0004f01c,2c_f6f5f309e3d6c1952684,2,binary_vle_english.xlsx,10.1016/j.fluid.2012.12.020,passed,1.0,isobaric,0.9545454545454546,isobaric,404.96,403.0146179199219,,,6.866455078125e-05,True,False,48,CCCCCO,mol_243de2450bee5519,0.7592,0.6236999999999999,0.5295237302780151,1.0334720611572266,68.16352081298828,CCCCO,mol_ad4ef9c6c876ca2f,0.2408,0.3763,0.47047632932662964,1.2742141485214233,154.86753845214844,,,,,,,
state_c34269ffa3b00ee4fb118262,3c_61bfd4ccc52903a74083,3,ternary_vle_english.xlsx,10.1016/j.fluid.2007.03.030,unverified,0.5,isobaric,0.9761904761904762,isobaric,364.57,366.04510498046875,,,2.288818359375e-05,True,False,48,CCCO,mol_5fb2f93dc8caa9dc,0.395,0.635,0.3721599280834198,1.1121618747711182,85.81707763671875,CCCOCCC,mol_e13b90e4aa2e917d,0.309,0.291,0.563457190990448,1.6753771305084229,110.25521850585938,CCOCCO,mol_ab8630148ae67e51,0.29600000000000004,0.07400000000000007,0.06438286602497101,1.031240701675415,21.366226196289062
state_c36db8d6a9f5d82a2972a3bb,2c_82cfa7a14fa3ab1984f1,2,binary_vle_english.xlsx,10.1016/j.jct.2019.07.006,unverified,0.5,isobaric,0.9333333333333333,isobaric,352.78999999999996,355.43212890625,,,-1.52587890625e-05,True,False,48,CC#N,mol_7028b7cbd3d829b4,0.9549,0.9015,0.9407891631126404,1.0018441677093506,99.6192626953125,O,mol_e81dc06beaa39499,0.04510000000000003,0.09850000000000003,0.0592108815908432,2.5034327507019043,53.124900817871094,,,,,,,
state_c36dcb24c5d7567eafac6f07,2c_165952a69a69e7a8d3f6,2,binary_vle_english.xlsx,10.1016/j.fluid.2005.01.007,unverified,0.5,isobaric,0.9545454545454546,isobaric,344.58,346.4192810058594,,,0.0,True,False,48,CC(C)CC(C)(C)C,mol_57615b5c3546c298,0.246,0.33499999999999996,0.3101733326911926,2.877880334854126,44.390647888183594,CCO,mol_f29e20f49d416e54,0.754,0.665,0.6898266673088074,1.133642315864563,81.76876831054688,,,,,,,
state_c37f365506ff4a2b2aca973b,2c_03bd4325b126d2709459,2,binary_vle_english.xlsx,10.1016/j.fluid.2011.10.009,unverified,0.5,isobaric,0.9333333333333333,isobaric,369.59999999999997,367.4748229980469,,,0.0017242431640625,True,False,48,C1CCCCC1,mol_893981623557f359,0.595,0.915,0.9303518533706665,1.038867712020874,152.4707489013672,CCCCCCCCC,mol_dd70207e50d8bf63,0.405,0.085,0.06964816898107529,1.031427025794983,16.890119552612305,,,,,,,
state_c399a30c451e87dc89777009,3c_f0c258463b44c2183ab7,3,ternary_vle_english.xlsx,10.1016/j.fluid.2005.03.014,unverified,0.5,isobaric,0.9767441860465116,isobaric,406.16999999999996,406.3616638183594,,,7.62939453125e-06,True,False,48,CC(=O)OCC(C)C,mol_e7eb29ad965cc8ee,0.077,0.217,0.19999147951602936,1.576339602470398,166.90916442871094,CC(C)CO,mol_015d21fca05fcd26,0.209,0.404,0.38925713300704956,0.7892923355102539,239.03504943847656,CN(C)C=O,mol_ca12d6d2f2ffb170,0.714,0.379,0.41075143218040466,0.9780868291854858,59.581668853759766
state_c3ae1bc2bd6173afad98d6ba,2c_7e396008deb1d14f8e15,2,binary_vle_english.xlsx,10.1016/j.fluid.2015.11.007,passed,1.0,isobaric,0.9090909090909091,isobaric,382.83,373.1383361816406,,,4.482269287109375e-05,True,False,48,CC(=O)N(C)C,mol_b8ccf255e2b62919,0.621,0.509,0.5232199430465698,0.7883327603340149,12.825196266174316,CC(=O)O,mol_9ac385b135af0125,0.379,0.491,0.47678008675575256,0.2795792520046234,53.99516296386719,,,,,,,
state_c3b9e2f629845fb4d5adbea7,2c_9f31aad1f9974e54ecb0,2,binary_vle_english.xlsx,10.1016/j.jct.2017.07.019,unverified,0.5,isobaric,0.95,isobaric,379.4,383.2410888671875,,,7.62939453125e-05,True,False,48,Cc1ccc(C)cc1,mol_e7658ba520613aac,0.1511,0.18430000000000002,0.13053862750530243,1.9056055545806885,45.925201416015625,OCC(F)(F)C(F)F,mol_48469952cf716332,0.8489,0.8157,0.8694613575935364,1.0195575952529907,101.76336669921875,,,,,,,
state_c3bbfbcc92080af760eb9bd5,2c_f0a592d91b289fcd0778,2,binary_vle_english.xlsx,10.1016/j.fluid.2005.01.007,unverified,0.5,isobaric,0.9545454545454546,isobaric,332.46999999999997,337.5946960449219,,,7.62939453125e-05,True,False,48,CC(C)=O,mol_e04cf77cea7bbe66,0.404,0.778,0.7738953828811646,1.470757246017456,131.96388244628906,CC(C)CC(C)(C)C,mol_57615b5c3546c298,0.596,0.22199999999999998,0.22610457241535187,1.153818130493164,33.31355285644531,,,,,,,
state_c3e21d140a92c179a6a98815,2c_42d2383a8e4daebeb5e1,2,binary_vle_english.xlsx,10.1016/j.fluid.2010.08.002,unverified,0.5,isobaric,0.9230769230769231,isobaric,379.32,380.36248779296875,,,0.00083160400390625,True,False,48,CCCCCCC,mol_fddb2c852c313396,0.33,0.828,0.8309682011604309,1.9310258626937866,130.40257263183594,CCCOCCO,mol_770d75a3bb2412ce,0.6699999999999999,0.17200000000000004,0.1690317988395691,1.12250554561615,22.47547721862793,,,,,,,
state_c4b290dc132498e6661cddb9,2c_6aab25a5edecf15e2cbf,2,binary_vle_english.xlsx,10.1016/j.fluid.2015.04.009,unverified,0.5,isothermal,0.8333333333333334,isothermal,,,304.200047197184,314.6170654296875,0.0,True,False,48,CCCO,mol_5fb2f93dc8caa9dc,0.9989,0.9981,0.9973716139793396,1.0000004768371582,314.1355285644531,CCO,mol_f29e20f49d416e54,0.0011,0.0019,0.00262834713794291,1.3345909118652344,563.27978515625,,,,,,,
state_c4d5378c091d02dc864c60fa,2c_913ec9aa8f318623c900,2,binary_vle_english.xlsx,10.1016/j.fluid.2014.02.023,unverified,0.5,isothermal,0.8888888888888888,isothermal,,,81.0699989216,54.97730255126953,0.0,True,False,48,C1CCCCC1,mol_893981623557f359,0.416,0.9801,0.9755092263221741,1.286661148071289,100.19760131835938,Nc1ccccc1,mol_8d11fd6c0d4e62a7,0.5840000000000001,0.01990000000000003,0.02449074387550354,1.0901987552642822,2.114788293838501,,,,,,,
state_c54dcdcd08a122e1a7e2f105,2c_ae99b15d6b25c7962c21,2,binary_vle_english.xlsx,10.1016/j.fluid.2005.05.003,unverified,0.5,isothermal,0.9230769230769231,isothermal,,,59.620029778816,50.40282440185547,0.0,True,False,48,NC1CCCCC1,mol_3cb1d9728851c877,0.648,0.30600000000000005,0.3506280481815338,1.0672736167907715,25.55352020263672,O,mol_e81dc06beaa39499,0.352,0.694,0.6493719220161438,1.3006830215454102,71.4881820678711,,,,,,,
state_c58d6ff6ee41f82ad3c7ea4e,2c_ae514b5a938c4d83d1c9,2,binary_vle_english.xlsx,10.1016/j.fluid.2014.05.018,unverified,0.5,isothermal,0.9,isothermal,,,332.00002740544,312.483642578125,0.0,True,False,48,CCCC,mol_fadb5806094149e6,0.3549,0.9598,0.9520580172538757,2.078404426574707,403.3245544433594,CCO,mol_f29e20f49d416e54,0.6451,0.040200000000000014,0.047941990196704865,1.2150137424468994,19.1132755279541,,,,,,,
state_c5c076f94af8da3e9bd97838,2c_6aab25a5edecf15e2cbf,2,binary_vle_english.xlsx,10.1016/j.fluid.2012.05.016,unverified,0.5,isothermal,0.9166666666666666,isothermal,,,15.710041233279998,16.076583862304688,-1.9073486328125e-06,True,False,48,CCCO,mol_5fb2f93dc8caa9dc,0.7976,0.6212,0.6588416695594788,1.0032036304473877,13.237334251403809,CCO,mol_f29e20f49d416e54,0.2024,0.3788,0.34115836024284363,0.8890243172645569,30.480745315551758,,,,,,,
state_c6387d5730a51b0ee1014d7d,2c_9478a219a5c540597926,2,binary_vle_english.xlsx,10.1016/j.fluid.2009.01.016,unverified,0.5,isothermal,0.9375,isothermal,,,30.010065102591998,27.992977142333984,0.0,True,False,48,CC(=O)C(C)(C)C,mol_61a887e37d396488,0.9817,0.9015,0.8935160040855408,1.0000782012939453,25.4764347076416,COC(C)(C)C,mol_b614d6fea320c179,0.0183,0.0985,0.10648404061794281,1.144765853881836,142.28720092773438,,,,,,,
state_c76c08f94a8f051cb93d95f5,2c_3cf279eea352998261d1,2,binary_vle_english.xlsx,10.1016/j.fluid.2012.05.016,unverified,0.5,isothermal,0.9333333333333333,isothermal,,,30.680010001792,29.38800048828125,-1.9073486328125e-06,True,False,48,CCCOC(C)=O,mol_67043ae833ecd0c7,0.18879999999999997,0.18569999999999998,0.14789356291294098,1.5910404920578003,14.468917846679688,CCO,mol_f29e20f49d416e54,0.8112,0.8143,0.8521063923835754,1.0127687454223633,30.480745315551758,,,,,,,
state_c812215970682eedc57c1849,2c_8b8dfc345b3e095c6955,2,binary_vle_english.xlsx,10.1016/j.jct.2012.10.003,unverified,0.5,isothermal,0.9,isothermal,,,154.69994309696,229.5667724609375,1.52587890625e-05,True,False,48,CC(C)C,mol_cd0696a421ed56d8,0.25,0.21299999999999997,0.3298487067222595,2.4243156909942627,124.93803405761719,FC(F)(F)I,mol_b415a9b082dbafac,0.75,0.787,0.6701512932777405,1.1169418096542358,183.649658203125,,,,,,,
state_c856725d7455e693b2bc38a8,2c_1490252da7453cbbebe4,2,binary_vle_english.xlsx,10.1016/j.fluid.2007.10.016,unverified,0.5,isothermal,0.9615384615384616,isothermal,,,41.199944771199995,38.39722442626953,0.0,True,False,48,CC(C)CC(C)(C)C,mol_57615b5c3546c298,0.9006,0.5861000000000001,0.6177847385406494,1.0247489213943481,25.703224182128906,CC(C)O,mol_db030b5de88f8eaf,0.0994,0.4139,0.3822152018547058,4.168086051940918,35.422950744628906,,,,,,,
state_c8b62b24ab1ea4ec0171769a,2c_451f166b8507b1dda896,2,binary_vle_english.xlsx,10.1016/j.fluid.2010.11.026,passed,1.0,isothermal,0.9166666666666666,isothermal,,,92.000033294976,90.22048950195312,0.0,True,False,48,CCCOC(C)=O,mol_67043ae833ecd0c7,0.267,0.22799999999999998,0.21610893309116364,1.0336273908615112,70.64845275878906,CCSCC,mol_a7491cfbf016fee6,0.733,0.772,0.7838910818099976,1.0087817907333374,95.6444320678711,,,,,,,
state_c8f392bd35d57c561af6aa0e,2c_3cf279eea352998261d1,2,binary_vle_english.xlsx,10.1016/j.fluid.2012.05.016,unverified,0.5,isothermal,0.9375,isothermal,,,76.619964922496,68.99394226074219,0.0,True,False,48,CCCOC(C)=O,mol_67043ae833ecd0c7,0.6281,0.3933,0.3936942219734192,1.063027024269104,40.681495666503906,CCO,mol_f29e20f49d416e54,0.3719,0.6067,0.6063058376312256,1.284999132156372,87.53337860107422,,,,,,,
state_ca362d2d7bcf9daf72d19b30,2c_1490252da7453cbbebe4,2,binary_vle_english.xlsx,10.1016/j.jct.2011.09.007,unverified,0.5,isothermal,0.9473684210526315,isothermal,,,45.949954098304005,45.302001953125,0.0,True,False,48,CC(C)CC(C)(C)C,mol_57615b5c3546c298,0.2964,0.39949999999999997,0.37647634744644165,2.238665819168091,25.703224182128906,CC(C)O,mol_db030b5de88f8eaf,0.7036,0.6005,0.6235235929489136,1.1333388090133667,35.422950744628906,,,,,,,
state_cb37ca23b5de0a5d06e9d779,2c_9478a219a5c540597926,2,binary_vle_english.xlsx,10.1016/j.fluid.2009.01.016,unverified,0.5,isothermal,0.9444444444444444,isothermal,,,39.8100590848,38.36663055419922,0.0,True,False,48,CC(=O)C(C)(C)C,mol_61a887e37d396488,0.7916,0.37570000000000003,0.3665785789489746,1.0104933977127075,17.582534790039062,COC(C)(C)C,mol_b614d6fea320c179,0.2084,0.6243,0.6334214210510254,1.0919795036315918,106.7908935546875,,,,,,,
state_cb53bb5dab1cf31a41b96769,2c_c6a565ee5191fe2b2cdb,2,binary_vle_english.xlsx,10.1016/j.fluid.2010.11.026,passed,1.0,isothermal,0.9333333333333333,isothermal,,,52.699932267776,49.08134460449219,0.0,True,False,48,CCO,mol_f29e20f49d416e54,0.009000000000000008,0.05700000000000005,0.033601533621549606,2.5535731315612793,71.76038360595703,CCSCC,mol_a7491cfbf016fee6,0.991,0.943,0.9663984775543213,1.0000908374786377,47.85855484008789,,,,,,,
state_cc363b7183a9f74de5942366,2c_8b8dfc345b3e095c6955,2,binary_vle_english.xlsx,10.1016/j.jct.2012.10.003,unverified,0.5,isothermal,0.9,isothermal,,,219.80005549004798,326.36627197265625,3.0517578125e-05,True,False,48,CC(C)C,mol_cd0696a421ed56d8,0.251,0.21199999999999997,0.34152209758758545,2.5030887126922607,177.4084014892578,FC(F)(F)I,mol_b415a9b082dbafac,0.749,0.788,0.6584779024124146,1.1213215589523315,255.87893676757812,,,,,,,
state_cc728b09bf07cfe03c0a3485,2c_56df7cea200b948181e5,2,binary_vle_english.xlsx,10.1016/j.fluid.2007.07.010,unverified,0.5,isothermal,0.9333333333333333,isothermal,,,392.999943693056,439.97149658203125,0.0,True,False,48,CC(F)F,mol_ed933f1c25fd987c,0.774,0.798,0.7777193784713745,1.0918636322021484,404.8909606933594,CCCC,mol_fadb5806094149e6,0.22599999999999998,0.20199999999999996,0.22228063642978668,2.713491678237915,159.4737548828125,,,,,,,
state_ccaeb711ccaae359817aef47,2c_98afb8e6c65a310db5e0,2,binary_vle_english.xlsx,10.1016/j.jct.2012.12.026,unverified,0.5,isothermal,0.9,isothermal,,,127.80002219507199,157.76766967773438,0.0,True,False,48,F/C=C/C(F)(F)F,mol_0e763ba6787b2749,0.20799999999999996,0.22599999999999998,0.23776212334632874,1.2073171138763428,149.37432861328125,FC(F)C(F)F,mol_fccff6221e62b4bc,0.792,0.774,0.7622378468513489,1.0093015432357788,150.43968200683594,,,,,,,
state_cd14822b51065c0d3d9321da,2c_6f361cb0ec8be0b0e6dd,2,binary_vle_english.xlsx,10.1016/j.jct.2012.11.005,unverified,0.5,isothermal,0.9166666666666666,isothermal,,,59.510038825216,55.22667694091797,-3.814697265625e-06,True,False,48,CC(C)OC(C)C,mol_1a0ca8e5eeb68da8,0.945,0.862,0.9067349433898926,1.004731297492981,52.74089431762695,CCO,mol_f29e20f49d416e54,0.05500000000000005,0.138,0.09326507896184921,3.072413682937622,30.480745315551758,,,,,,,
state_cee5d8177a4abf41c055c81e,2c_8b8dfc345b3e095c6955,2,binary_vle_english.xlsx,10.1016/j.jct.2012.10.003,unverified,0.5,isothermal,0.9,isothermal,,,130.800042119808,216.58425903320312,0.0,True,False,48,CC(C)C,mol_cd0696a421ed56d8,0.727,0.631,0.4690353572368622,1.1184160709381104,124.93803405761719,FC(F)(F)I,mol_b415a9b082dbafac,0.273,0.369,0.5309646129608154,2.2937161922454834,183.649658203125,,,,,,,
state_cefcf252df92ffcf303de935,2c_ae514b5a938c4d83d1c9,2,binary_vle_english.xlsx,10.1016/j.fluid.2009.08.007,unverified,0.5,full_state,0.0,isothermal,,,110.20000307302399,106.61973571777344,0.0,True,False,48,CCCC,mol_fadb5806094149e6,0.0,0.0,0.0,4.707225799560547,1087.017822265625,CCO,mol_f29e20f49d416e54,1.0,1.0,1.0,1.0,106.61973571777344,,,,,,,
state_cf2356863d310fec2e29311f,2c_1490252da7453cbbebe4,2,binary_vle_english.xlsx,10.1016/j.jct.2011.09.007,unverified,0.5,isothermal,0.9444444444444444,isothermal,,,66.789973407488,65.59843444824219,0.0,True,False,48,CC(C)CC(C)(C)C,mol_57615b5c3546c298,0.7363999999999999,0.4952,0.4731188714504242,1.1681687831878662,36.07815933227539,CC(C)O,mol_db030b5de88f8eaf,0.2636,0.5048,0.5268810391426086,2.414229393005371,54.3102912902832,,,,,,,
state_cf5350ad810e0095e0f13370,2c_303f5d258da9140f9795,2,binary_vle_english.xlsx,10.1016/j.fluid.2012.11.026,unverified,0.5,isothermal,0.875,isothermal,,,63.97607150848,40.929481506347656,0.0,True,False,48,CCOC(=O)OCC,mol_4df2781fcf4d4a77,0.6396,0.2913,0.3354688882827759,1.1115609407424927,19.312868118286133,O,mol_e81dc06beaa39499,0.3604,0.7087,0.6645311713218689,1.5547986030578613,48.539207458496094,,,,,,,
state_cf5a36932b981dbeece976c0,2c_303f5d258da9140f9795,2,binary_vle_english.xlsx,10.1016/j.fluid.2012.11.026,unverified,0.5,isothermal,0.9333333333333333,isothermal,,,63.865280620671996,34.93428039550781,-3.814697265625e-06,True,False,48,CCOC(=O)OCC,mol_4df2781fcf4d4a77,0.9531000000000001,0.5072,0.7761146426200867,1.001890778541565,28.393489837646484,O,mol_e81dc06beaa39499,0.0469,0.4928,0.22388538718223572,2.332761764526367,71.4881820678711,,,,,,,
state_d131ce7ecdb344d51aeb50d6,2c_ae514b5a938c4d83d1c9,2,binary_vle_english.xlsx,10.1016/j.fluid.2009.08.007,unverified,0.5,isothermal,0.8888888888888888,isothermal,,,402.299978795264,365.0709228515625,3.0517578125e-05,True,False,48,CCCC,mol_fadb5806094149e6,0.2379,0.9224,0.9302751421928406,2.697053909301758,529.3032836914062,CCO,mol_f29e20f49d416e54,0.7621,0.0776,0.06972489506006241,1.090821385383606,30.61960220336914,,,,,,,
state_d14144a37237301632de47b9,2c_ae514b5a938c4d83d1c9,2,binary_vle_english.xlsx,10.1016/j.fluid.2015.10.041,unverified,0.5,isothermal,0.8888888888888888,isothermal,,,473.399997715456,458.60443115234375,3.0517578125e-05,True,False,48,CCCC,mol_fadb5806094149e6,0.544,0.943,0.9518728256225586,1.517242431640625,528.8875122070312,CCO,mol_f29e20f49d416e54,0.45599999999999996,0.05700000000000005,0.0481271855533123,1.582911491394043,30.577871322631836,,,,,,,
state_d19d90b91ca8bb3ce2adfcd5,2c_c6a565ee5191fe2b2cdb,2,binary_vle_english.xlsx,10.1016/j.fluid.2015.10.041,passed,1.0,isothermal,0.9375,isothermal,,,79.799970044032,74.37306213378906,-7.62939453125e-06,True,False,48,CCO,mol_f29e20f49d416e54,0.937,0.861,0.9068892002105713,1.0039117336273193,71.70257568359375,CCSCC,mol_a7491cfbf016fee6,0.063,0.139,0.09311080724000931,2.2984426021575928,47.823516845703125,,,,,,,
state_d1c480bfee4ea48ea482302b,2c_ae99b15d6b25c7962c21,2,binary_vle_english.xlsx,10.1016/j.fluid.2005.05.003,unverified,0.5,isothermal,0.9166666666666666,isothermal,,,14.060043606912,11.932182312011719,0.0,True,False,48,NC1CCCCC1,mol_3cb1d9728851c877,0.758,0.43400000000000005,0.48867812752723694,1.0236932039260864,7.514563083648682,O,mol_e81dc06beaa39499,0.242,0.566,0.5113219022750854,1.2080157995224,20.87018394470215,,,,,,,
state_d1d3c68e7afad211c78c32fb,2c_d838404dbd73f8b15395,2,binary_vle_english.xlsx,10.1016/j.fluid.2010.02.030,passed,1.0,isothermal,0.9230769230769231,isothermal,,,94.89992812134399,98.45126342773438,-7.62939453125e-06,True,False,48,Cc1ccccc1,mol_1c09299644053521,0.585,0.618,0.610807478427887,1.017332911491394,101.04309844970703,Cc1ccsc1,mol_0a78d16c028484e1,0.415,0.382,0.3891925513744354,1.0120511054992676,91.22948455810547,,,,,,,
state_d1f626efac76a285d35a53ea,2c_56df7cea200b948181e5,2,binary_vle_english.xlsx,10.1016/j.fluid.2007.07.010,unverified,0.5,isothermal,0.9333333333333333,isothermal,,,170.00001804864,179.44110107421875,1.52587890625e-05,True,False,48,CC(F)F,mol_ed933f1c25fd987c,0.068,0.33,0.41443848609924316,3.6179540157318115,302.28045654296875,CCCC,mol_fadb5806094149e6,0.9319999999999999,0.6699999999999999,0.5855615139007568,1.007278323173523,111.9255142211914,,,,,,,
state_d2856bdd4639838373da2af7,2c_a4e8a38f7f4879124614,2,binary_vle_english.xlsx,10.1016/j.fluid.2012.05.016,unverified,0.5,isothermal,0.9333333333333333,isothermal,,,24.52998248832,24.868045806884766,0.0,True,False,48,CCCO,mol_5fb2f93dc8caa9dc,0.7615000000000001,0.4044,0.4258025586605072,1.0504599809646606,13.237334251403809,CCOC(C)=O,mol_18876b584acc43d4,0.2385,0.5956,0.5741974115371704,1.592586636543274,37.593387603759766,,,,,,,
state_d299fb7febf04f29c519dd41,2c_56df7cea200b948181e5,2,binary_vle_english.xlsx,10.1016/j.fluid.2007.07.010,unverified,0.5,isothermal,0.9333333333333333,isothermal,,,278.999986487296,317.71380615234375,3.0517578125e-05,True,False,48,CC(F)F,mol_ed933f1c25fd987c,0.899,0.881,0.8698220252990723,1.016943335533142,302.28045654296875,CCCC,mol_fadb5806094149e6,0.10099999999999998,0.119,0.13017801940441132,3.658670425415039,111.9255142211914,,,,,,,
state_d2c369b2ba9ef39769afed05,2c_56df7cea200b948181e5,2,binary_vle_english.xlsx,10.1016/j.fluid.2007.07.010,unverified,0.5,isothermal,0.9333333333333333,isothermal,,,103.999979671552,111.92550659179688,7.62939453125e-06,True,False,48,CC(F)F,mol_ed933f1c25fd987c,0.0,0.0,0.0,3.822605848312378,302.28045654296875,CCCC,mol_fadb5806094149e6,1.0,1.0,1.0,1.0,111.9255142211914,,,,,,,
state_d2ee4f8eea9ba16507b9ca6d,2c_6aab25a5edecf15e2cbf,2,binary_vle_english.xlsx,10.1016/j.fluid.2012.05.016,unverified,0.5,isothermal,0.9333333333333333,isothermal,,,59.660026489216,60.99835205078125,0.0,True,False,48,CCCO,mol_5fb2f93dc8caa9dc,0.611,0.4255,0.43058866262435913,1.0330113172531128,41.61351776123047,CCO,mol_f29e20f49d416e54,0.389,0.5745,0.5694112777709961,1.0200486183166504,87.53337860107422,,,,,,,
state_d38c5d038ba1fd57bd1438da,2c_1490252da7453cbbebe4,2,binary_vle_english.xlsx,10.1016/j.jct.2011.09.007,unverified,0.5,isothermal,0.9444444444444444,isothermal,,,40.5699965824,38.58515167236328,0.0,True,False,48,CC(C)CC(C)(C)C,mol_57615b5c3546c298,0.992,0.8935,0.9277028441429138,1.0001683235168457,36.07815933227539,CC(C)O,mol_db030b5de88f8eaf,0.008,0.1065,0.0722971111536026,6.420502662658691,54.3102912902832,,,,,,,
state_d3e98b492ed2f01b647d812d,2c_1490252da7453cbbebe4,2,binary_vle_english.xlsx,10.1016/j.fluid.2007.10.016,unverified,0.5,isothermal,0.9615384615384616,isothermal,,,53.749979238144,54.60807800292969,0.0,True,False,48,CC(C)CC(C)(C)C,mol_57615b5c3546c298,0.0026000000000000467,0.015599999999999947,0.00803009420633316,4.674765586853027,36.07815933227539,CC(C)O,mol_db030b5de88f8eaf,0.9974,0.9844,0.9919699430465698,1.0000089406967163,54.3102912902832,,,,,,,
state_d4f5e9fc11c9b73107c23c81,2c_6aab25a5edecf15e2cbf,2,binary_vle_english.xlsx,10.1016/j.fluid.2012.05.016,unverified,0.5,isothermal,0.9166666666666666,isothermal,,,20.079948489215997,20.070022583007812,-1.9073486328125e-06,True,False,48,CCCO,mol_5fb2f93dc8caa9dc,0.5476,0.3355,0.3620240092277527,1.0023542642593384,13.237334251403809,CCO,mol_f29e20f49d416e54,0.4524,0.6645,0.6379759907722473,0.928547203540802,30.480745315551758,,,,,,,
state_d5bfb0a64bce8224a37fc864,2c_98afb8e6c65a310db5e0,2,binary_vle_english.xlsx,10.1016/j.jct.2012.12.026,unverified,0.5,isothermal,0.9,isothermal,,,190.399940221056,234.50286865234375,0.0,True,False,48,F/C=C/C(F)(F)F,mol_0e763ba6787b2749,0.607,0.585,0.5829131603240967,1.0876039266586304,207.0582733154297,FC(F)C(F)F,mol_fccff6221e62b4bc,0.393,0.415,0.41708680987358093,1.1751155853271484,211.78805541992188,,,,,,,
state_d77b46d3b087fe127b5ef83b,2c_8b8dfc345b3e095c6955,2,binary_vle_english.xlsx,10.1016/j.jct.2012.10.003,unverified,0.5,isothermal,0.9,isothermal,,,295.00000387097595,456.25054931640625,-6.103515625e-05,True,False,48,CC(C)C,mol_cd0696a421ed56d8,0.388,0.32599999999999996,0.38704758882522583,1.8519891500473022,245.7522735595703,FC(F)(F)I,mol_b415a9b082dbafac,0.612,0.674,0.612952470779419,1.3121225833892822,348.2605895996094,,,,,,,
state_d7b669da1db44f50900313b7,2c_6f361cb0ec8be0b0e6dd,2,binary_vle_english.xlsx,10.1016/j.jct.2012.11.005,unverified,0.5,isothermal,0.9166666666666666,isothermal,,,42.189996675968004,39.34870147705078,-7.62939453125e-06,True,False,48,CC(C)OC(C)C,mol_1a0ca8e5eeb68da8,0.651,0.691,0.7283048629760742,1.1784915924072266,37.35390853881836,CCO,mol_f29e20f49d416e54,0.349,0.30900000000000005,0.27169516682624817,1.6065818071365356,19.06707000732422,,,,,,,
state_d8789e5b32c66eeb0d8dd184,2c_913ec9aa8f318623c900,2,binary_vle_english.xlsx,10.1016/j.fluid.2014.02.023,unverified,0.5,isothermal,0.9285714285714286,isothermal,,,47.479961593472,43.955238342285156,-3.814697265625e-06,True,False,48,C1CCCCC1,mol_893981623557f359,0.795,0.9904,0.9944407343864441,1.0475080013275146,52.48860549926758,Nc1ccccc1,mol_8d11fd6c0d4e62a7,0.20499999999999996,0.009600000000000053,0.005559222307056189,1.5486395359039307,0.7696981430053711,,,,,,,
state_d917d413af4e81303863bc1b,2c_ae514b5a938c4d83d1c9,2,binary_vle_english.xlsx,10.1016/j.fluid.2009.08.007,unverified,0.5,isothermal,0.8888888888888888,isothermal,,,429.60000012352,397.81982421875,-3.0517578125e-05,True,False,48,CCCC,mol_fadb5806094149e6,0.3007,0.9281,0.938089907169342,2.3447299003601074,529.3032836914062,CCO,mol_f29e20f49d416e54,0.6993,0.07189999999999996,0.06191011145710945,1.1502306461334229,30.61960220336914,,,,,,,
state_d9337a8ea216a2c72a69a114,2c_303f5d258da9140f9795,2,binary_vle_english.xlsx,10.1016/j.fluid.2012.11.026,unverified,0.5,isothermal,0.9333333333333333,isothermal,,,47.329573962367995,48.539207458496094,0.0,True,False,48,CCOC(=O)OCC,mol_4df2781fcf4d4a77,0.0,0.0,0.0,4.250170707702637,19.312868118286133,O,mol_e81dc06beaa39499,1.0,1.0,1.0,1.0,48.539207458496094,,,,,,,
state_c471742b2323af0dd1b403e4,2c_8d6240d515d92725f365,2,binary_vle_english.xlsx,10.1016/j.fluid.2015.05.031,unverified,0.5,isobaric,0.96875,isobaric,307.79999999999995,308.81585693359375,,,0.000579833984375,True,False,48,CCCCCCCC,mol_8151bb583f7f3ebd,0.495,0.02300000000000002,0.022016506642103195,1.2315397262573242,3.659250497817993,COC=O,mol_3beef90b23ffcece,0.505,0.977,0.9779835343360901,1.6900532245635986,116.101318359375,,,,,,,
state_c494e7cd851b9349cdc20090,2c_26042ad21e725d8f2224,2,binary_vle_english.xlsx,10.1016/j.jct.2019.06.026,unverified,0.5,isobaric,0.9411764705882353,isobaric,420.65,421.6851501464844,,,-1.52587890625e-05,True,False,48,CN(C)C=O,mol_ca12d6d2f2ffb170,0.9527,0.8291,0.8837583065032959,0.9993615746498108,94.0294189453125,OCC(F)(F)C(F)F,mol_48469952cf716332,0.0473,0.1709,0.11624173820018768,0.763272225856781,326.1599426269531,,,,,,,
state_c4b3efc53ca673bd08e3d23f,2c_35cc53cd52979773cfcb,2,binary_vle_english.xlsx,10.1016/j.fluid.2015.08.014,unverified,0.5,isobaric,0.9473684210526315,isobaric,400.01,394.4768371582031,,,0.00011444091796875,True,False,48,CO,mol_a85d32e4db2ff39c,0.2,0.889,0.9058614373207092,0.7051997780799866,650.622802734375,CS(C)=O,mol_7d3e12eaed0f467c,0.8,0.11099999999999999,0.09413857012987137,0.977211594581604,12.198281288146973,,,,,,,
state_c4b958a8d1e672253bb13feb,3c_61bfd4ccc52903a74083,3,ternary_vle_english.xlsx,10.1016/j.fluid.2007.03.030,unverified,0.5,isobaric,0.9761904761904762,isobaric,375.21,370.4774169921875,,,5.340576171875e-05,True,False,48,CCCO,mol_5fb2f93dc8caa9dc,0.097,0.337,0.11129678785800934,1.1444110870361328,101.56363677978516,CCCOCCC,mol_e13b90e4aa2e917d,0.407,0.512,0.7454888820648193,1.4714922904968262,126.0950698852539,CCOCCO,mol_ab8630148ae67e51,0.496,0.15100000000000002,0.1432143598794937,1.145764946937561,25.52811622619629
state_c4c71778339fac32b82e7a63,2c_f0a592d91b289fcd0778,2,binary_vle_english.xlsx,10.1016/j.fluid.2005.01.007,unverified,0.5,isobaric,0.9545454545454546,isobaric,329.53,331.7420959472656,,,0.00157928466796875,True,False,48,CC(C)=O,mol_e04cf77cea7bbe66,0.743,0.845,0.8794930577278137,1.1036674976348877,108.66934204101562,CC(C)CC(C)(C)C,mol_57615b5c3546c298,0.257,0.15500000000000003,0.12050693482160568,1.7398072481155396,27.307342529296875,,,,,,,
state_c4d81e12ae8802c8c8a98924,3c_61bfd4ccc52903a74083,3,ternary_vle_english.xlsx,10.1016/j.fluid.2007.03.030,unverified,0.5,isobaric,0.9761904761904762,isobaric,380.21999999999997,377.8150329589844,,,0.00035858154296875,True,False,48,CCCO,mol_5fb2f93dc8caa9dc,0.104,0.408,0.13736045360565186,1.0054295063018799,133.0722198486328,CCCOCCC,mol_e13b90e4aa2e917d,0.221,0.335,0.6279740333557129,1.8405860662460327,156.38821411132812,CCOCCO,mol_ab8630148ae67e51,0.675,0.257,0.23466545343399048,1.0369762182235718,33.96153259277344
state_c56140a3b927cb5b66c7f70f,2c_6f361cb0ec8be0b0e6dd,2,binary_vle_english.xlsx,10.1016/j.fluid.2006.08.004,unverified,0.5,isobaric,0.9047619047619048,isobaric,337.96999999999997,340.0519104003906,,,3.814697265625e-05,True,False,48,CC(C)OC(C)C,mol_1a0ca8e5eeb68da8,0.859,0.795,0.7876385450363159,1.0294766426086426,90.22494506835938,CCO,mol_f29e20f49d416e54,0.14100000000000001,0.20499999999999996,0.21236145496368408,2.411684989929199,63.26234436035156,,,,,,,
state_c562057b925e786bdba9192a,3c_1a08c4f653f7d812cdc9,3,ternary_vle_english.xlsx,10.1016/j.jct.2019.03.036,unverified,0.5,isobaric,0.972972972972973,isobaric,383.16999999999996,382.2590637207031,,,0.00151824951171875,True,False,48,CCCOC(C)=O,mol_67043ae833ecd0c7,0.257,0.5758,0.45956656336784363,1.3514719009399414,134.03677368164062,CCOC(C)=O,mol_18876b584acc43d4,0.1437,0.3778,0.48884689807891846,1.3157166242599487,261.9204406738281,CS(C)=O,mol_7d3e12eaed0f467c,0.5992999999999999,0.0464,0.05158654600381851,1.115439534187317,7.817389965057373
state_c583606fe2a11a37d24b87b5,2c_d61da005b4125a743b07,2,binary_vle_english.xlsx,10.1016/j.fluid.2009.03.008,unverified,0.5,isobaric,0.9583333333333334,isobaric,378.57,378.8804931640625,,,0.0010833740234375,True,False,48,CC(=O)O,mol_9ac385b135af0125,0.793,0.5824,0.5224099159240723,0.9996395707130432,66.7786636352539,CCC(C)=O,mol_4cfc5db0ca2ab00b,0.20699999999999996,0.41759999999999997,0.4775901436805725,0.9976912140846252,234.33212280273438,,,,,,,
state_c5923f76bcb4ec64d9b625e1,2c_df88b179a6c12f0b788b,2,binary_vle_english.xlsx,10.1016/j.jct.2006.12.003,unverified,0.5,isobaric,0.9333333333333333,isobaric,368.65,364.18365478515625,,,0.000701904296875,True,False,48,Cc1ccccc1,mol_1c09299644053521,0.391,0.19999999999999996,0.2145371288061142,0.9850139021873474,56.4281120300293,ClCCCl,mol_e8df6c9e89c6b62a,0.609,0.8,0.7854628562927246,1.006597638130188,129.79698181152344,,,,,,,
state_c5987874b221a30d4be7b23d,2c_60db84011f520a374b2a,2,binary_vle_english.xlsx,10.1016/j.fluid.2013.09.060,passed,1.0,isobaric,0.9375,isobaric,333.5,334.7120056152344,,,0.00115203857421875,True,False,48,C1CCOC1,mol_c59bfa659357f795,0.244,0.332,0.3147549033164978,1.4613431692123413,89.42203521728516,CO,mol_a85d32e4db2ff39c,0.756,0.6679999999999999,0.6852450370788574,1.048325538635254,87.58748626708984,,,,,,,
state_c6df80db4ad4698cc4e064dc,3c_61bfd4ccc52903a74083,3,ternary_vle_english.xlsx,10.1016/j.fluid.2007.03.030,unverified,0.5,isobaric,0.9761904761904762,isobaric,367.09999999999997,368.46588134765625,,,0.00011444091796875,True,False,48,CCCO,mol_5fb2f93dc8caa9dc,0.306,0.605,0.30922648310661316,1.087459921836853,94.13511657714844,CCCOCCC,mol_e13b90e4aa2e917d,0.303,0.3,0.5948724150657654,1.6756246089935303,118.68999481201172,CCOCCO,mol_ab8630148ae67e51,0.391,0.09499999999999997,0.09590109437704086,1.0545926094055176,23.55980682373047
state_c709c6ec2bb34bae7b03c56a,2c_9f331b7867f625e21322,2,binary_vle_english.xlsx,10.1016/j.jct.2015.03.013,unverified,0.5,isobaric,0.9090909090909091,isobaric,391.7,390.69476318359375,,,0.0001983642578125,True,False,48,CCC(C)=O,mol_4cfc5db0ca2ab00b,0.1661,0.5256,0.4881910979747772,1.2184598445892334,323.232177734375,COCCO,mol_d291b272a64498d9,0.8339,0.47440000000000004,0.5118089318275452,1.0081133842468262,81.58120727539062,,,,,,,
state_c74b6f186a46b7490e4164ad,2c_d66c7a74cea5d8732e08,2,binary_vle_english.xlsx,10.1016/j.jct.2017.02.005,unverified,0.5,isobaric,0.96875,isobaric,353.15999999999997,353.56646728515625,,,-0.0001068115234375,True,False,48,CC(C)O,mol_db030b5de88f8eaf,0.607,0.643,0.6399595737457275,1.1299875974655151,93.30177307128906,O,mol_e81dc06beaa39499,0.393,0.357,0.36004042625427246,1.8564088344573975,49.349735260009766,,,,,,,
state_c82f6e155ac0433d1f1b8ddd,2c_7b12ee2d0e35e39326bc,2,binary_vle_english.xlsx,10.1016/j.fluid.2011.08.007,unverified,0.5,isobaric,0.9666666666666667,isobaric,337.25,337.9966125488281,,,0.0002593994140625,True,False,48,CCOCCO,mol_ab8630148ae67e51,0.06499999999999995,0.0050000000000000044,0.004314559977501631,0.9962983727455139,6.217416763305664,CO,mol_a85d32e4db2ff39c,0.935,0.995,0.9956854581832886,0.997662365436554,99.61005401611328,,,,,,,
state_c87a0f3bedbd4be3a68c290d,2c_9f331b7867f625e21322,2,binary_vle_english.xlsx,10.1016/j.jct.2015.03.013,unverified,0.5,isobaric,0.9090909090909091,isobaric,354.79999999999995,354.5066833496094,,,-3.0517578125e-05,True,False,48,CCC(C)=O,mol_4cfc5db0ca2ab00b,0.8563,0.9572,0.9632485508918762,1.010378122329712,112.78141021728516,COCCO,mol_d291b272a64498d9,0.14370000000000005,0.04279999999999995,0.03675144538283348,1.2784652709960938,20.26458740234375,,,,,,,
state_c8878483d1cec31f4886d451,2c_21b807a1a6c6348c91ac,2,binary_vle_english.xlsx,10.1016/j.fluid.2018.07.027,unverified,0.5,isobaric,0.9629629629629629,isobaric,368.03999999999996,368.3482971191406,,,-3.0517578125e-05,True,False,48,CC(C)CC(C)(C)C,mol_57615b5c3546c298,0.9209,0.8414,0.7910975813865662,1.019518256187439,85.35551452636719,CCCCO,mol_ad4ef9c6c876ca2f,0.07909999999999995,0.15859999999999996,0.20890244841575623,6.299440383911133,42.469207763671875,,,,,,,
state_c8c2cc4d44bdb15847e34147,2c_972bb6b6305c64cb2237,2,binary_vle_english.xlsx,10.1016/j.jct.2017.07.019,unverified,0.5,isobaric,0.95,isobaric,336.03999999999996,345.3012390136719,,,-5.340576171875e-05,True,False,48,ClC(Cl)Cl,mol_d9e0a2387a6283f9,0.6355999999999999,0.8984,0.9069486260414124,1.0473697185516357,138.00909423828125,OCC(F)(F)C(F)F,mol_48469952cf716332,0.3644,0.1016,0.09305136650800705,1.0346587896347046,25.000930786132812,,,,,,,
state_c8ec258574a397e350da40dc,2c_165952a69a69e7a8d3f6,2,binary_vle_english.xlsx,10.1016/j.fluid.2007.06.005,unverified,0.5,isobaric,0.9545454545454546,isobaric,345.5,347.5531921386719,,,0.00046539306640625,True,False,48,CC(C)CC(C)(C)C,mol_57615b5c3546c298,0.727,0.4,0.3929802477359772,1.1901315450668335,46.01002883911133,CCO,mol_f29e20f49d416e54,0.273,0.6,0.6070197820663452,2.6341865062713623,85.50762939453125,,,,,,,
state_c96f51a7be472ec742ad3637,2c_7b12ee2d0e35e39326bc,2,binary_vle_english.xlsx,10.1016/j.fluid.2011.08.007,unverified,0.5,isobaric,0.9642857142857143,isobaric,348.03999999999996,348.83819580078125,,,2.288818359375e-05,True,False,48,CCOCCO,mol_ab8630148ae67e51,0.5920000000000001,0.08799999999999997,0.09111608564853668,1.0001879930496216,10.257866859436035,CO,mol_a85d32e4db2ff39c,0.408,0.912,0.9088839888572693,0.9919628500938416,149.69876098632812,,,,,,,
state_c96fb8f2f367c76e2380bff3,2c_9f331b7867f625e21322,2,binary_vle_english.xlsx,10.1016/j.jct.2015.03.013,unverified,0.5,isobaric,0.9090909090909091,isobaric,356.09999999999997,356.5672912597656,,,-1.52587890625e-05,True,False,48,CCC(C)=O,mol_4cfc5db0ca2ab00b,0.7718,0.9339,0.9401625990867615,1.0245654582977295,120.43912506103516,COCCO,mol_d291b272a64498d9,0.22819999999999996,0.06610000000000005,0.05983741208910942,1.2016856670379639,22.104228973388672,,,,,,,
state_c9e7be20306af4139c2b6087,2c_7b12ee2d0e35e39326bc,2,binary_vle_english.xlsx,10.1016/j.fluid.2011.08.007,unverified,0.5,isobaric,0.9642857142857143,isobaric,384.34999999999997,386.3789367675781,,,7.62939453125e-06,True,False,48,CCOCCO,mol_ab8630148ae67e51,0.956,0.651,0.67022305727005,0.9997864365577698,46.74331283569336,CO,mol_a85d32e4db2ff39c,0.044,0.349,0.32977697253227234,0.9716858863830566,514.1703491210938,,,,,,,
state_c9ec4b3a79caa164c09d095e,2c_7b12ee2d0e35e39326bc,2,binary_vle_english.xlsx,10.1016/j.fluid.2011.08.007,unverified,0.5,isobaric,0.9642857142857143,isobaric,327.35999999999996,327.947021484375,,,-4.57763671875e-05,True,False,48,CCOCCO,mol_ab8630148ae67e51,0.0,0.0,0.0,0.7923867106437683,3.7949583530426025,CO,mol_a85d32e4db2ff39c,1.0,1.0,1.0,1.0,66.6599349975586,,,,,,,
state_ca7b924bade28afc61784f8d,2c_6f361cb0ec8be0b0e6dd,2,binary_vle_english.xlsx,10.1016/j.fluid.2006.08.004,unverified,0.5,isobaric,0.95,isobaric,345.76,346.40557861328125,,,-9.1552734375e-05,True,False,48,CC(C)OC(C)C,mol_1a0ca8e5eeb68da8,0.089,0.256,0.25742459297180176,2.690121650695801,108.91730499267578,CCO,mol_f29e20f49d416e54,0.911,0.744,0.7425754070281982,1.0103670358657837,81.72441101074219,,,,,,,
state_cadcaf22b3f4f5d8046c1f0f,2c_d66c7a74cea5d8732e08,2,binary_vle_english.xlsx,10.1016/j.jct.2016.10.001,unverified,0.5,isobaric,0.9375,isobaric,354.0,354.39508056640625,,,3.814697265625e-05,True,False,48,CC(C)O,mol_db030b5de88f8eaf,0.871,0.844,0.8361988663673401,1.0098106861114502,96.30765533447266,O,mol_e81dc06beaa39499,0.129,0.15600000000000003,0.1638011485338211,2.522270441055298,50.997032165527344,,,,,,,
state_cb038977a154154a48efa548,2c_1490252da7453cbbebe4,2,binary_vle_english.xlsx,10.1016/j.jct.2011.10.025,unverified,0.5,isobaric,0.9545454545454546,isobaric,358.96,358.0914001464844,,,3.814697265625e-05,True,False,48,CC(C)CC(C)(C)C,mol_57615b5c3546c298,0.927,0.64,0.5892225503921509,1.014041781425476,63.49698257446289,CC(C)O,mol_db030b5de88f8eaf,0.073,0.36,0.4107774794101715,5.14729642868042,110.74240112304688,,,,,,,
state_cb2f911ca1ad84b129a45e4e,2c_f6f5f309e3d6c1952684,2,binary_vle_english.xlsx,10.1016/j.fluid.2012.12.020,passed,1.0,isobaric,0.9545454545454546,isobaric,397.88,395.8514099121094,,,0.00054931640625,True,False,48,CCCCCO,mol_243de2450bee5519,0.4204,0.2703,0.24993126094341278,1.1469088792800903,52.35432052612305,CCCCO,mol_ad4ef9c6c876ca2f,0.5796,0.7297,0.750068724155426,1.082364559173584,120.75989532470703,,,,,,,
state_cb74628a3e48903804bee6ef,2c_8d6240d515d92725f365,2,binary_vle_english.xlsx,10.1016/j.fluid.2015.05.031,unverified,0.5,isobaric,0.96875,isobaric,323.03999999999996,326.23858642578125,,,-3.0517578125e-05,True,False,48,CCCCCCCC,mol_8151bb583f7f3ebd,0.806,0.06000000000000005,0.06494864076375961,1.004288911819458,8.12963581085205,COC=O,mol_3beef90b23ffcece,0.194,0.94,0.9350513815879822,2.3557441234588623,207.30050659179688,,,,,,,
state_cc2c286b134a3cf528421661,2c_26042ad21e725d8f2224,2,binary_vle_english.xlsx,10.1016/j.jct.2019.06.026,unverified,0.5,isobaric,0.9411764705882353,isobaric,387.34999999999997,388.3335266113281,,,0.0001678466796875,True,False,48,CN(C)C=O,mol_ca12d6d2f2ffb170,0.19989999999999997,0.06620000000000004,0.05489280819892883,0.8362681865692139,33.263423919677734,OCC(F)(F)C(F)F,mol_48469952cf716332,0.8001,0.9338,0.9451072216033936,0.9944792985916138,120.3236312866211,,,,,,,
state_cc8a6b84404667a778d5792e,2c_42d2383a8e4daebeb5e1,2,binary_vle_english.xlsx,10.1016/j.fluid.2010.08.002,unverified,0.5,isobaric,0.875,isobaric,354.55999999999995,355.4536437988281,,,-7.62939453125e-06,True,False,48,CCCCCCC,mol_fddb2c852c313396,0.982,0.982,0.9870976209640503,1.0008313655853271,60.261356353759766,CCCOCCO,mol_770d75a3bb2412ce,0.018000000000000016,0.018000000000000016,0.012902419082820415,5.377712726593018,7.997463703155518,,,,,,,
state_cc93acd428c95a06ea6d5288,3c_1a08c4f653f7d812cdc9,3,ternary_vle_english.xlsx,10.1016/j.jct.2019.03.036,unverified,0.5,isobaric,0.972972972972973,isobaric,388.67999999999995,388.9307861328125,,,9.918212890625e-05,True,False,48,CCCOC(C)=O,mol_67043ae833ecd0c7,0.3715,0.8586,0.8193405866622925,1.3527718782424927,165.1546173095703,CCOC(C)=O,mol_18876b584acc43d4,0.0286,0.0818,0.11448542773723602,1.2905105352401733,314.2188415527344,CS(C)=O,mol_7d3e12eaed0f467c,0.5999,0.059599999999999986,0.06617393344640732,1.1172000169754028,10.001997947692871
state_ccfb425bddc7d9c8d4fb5f40,2c_21b807a1a6c6348c91ac,2,binary_vle_english.xlsx,10.1016/j.fluid.2018.07.027,unverified,0.5,isobaric,0.9629629629629629,isobaric,367.35999999999996,366.8009948730469,,,3.0517578125e-05,True,False,48,CC(C)CC(C)(C)C,mol_57615b5c3546c298,0.7828,0.7669,0.7202016711235046,1.1405181884765625,81.71662139892578,CCCCO,mol_ad4ef9c6c876ca2f,0.21719999999999995,0.23309999999999997,0.27979832887649536,3.2739765644073486,39.85832595825195,,,,,,,
state_cd299edaec6c128d9f796411,2c_82cfa7a14fa3ab1984f1,2,binary_vle_english.xlsx,10.1016/j.jct.2019.07.006,unverified,0.5,isobaric,0.9333333333333333,isobaric,351.08,358.752197265625,,,0.0,True,False,48,CC#N,mol_7028b7cbd3d829b4,0.2632,0.6282,0.5108309984207153,1.7644331455230713,111.4282455444336,O,mol_e81dc06beaa39499,0.7368,0.3718,0.48916900157928467,1.1124351024627686,60.456607818603516,,,,,,,
state_cd503e52eb762b6d8f939b07,2c_a873f6bbdf8411ff9a25,2,binary_vle_english.xlsx,10.1016/j.fluid.2013.05.016,passed,1.0,isobaric,0.9444444444444444,isobaric,353.29999999999995,352.33935546875,,,0.00020599365234375,True,False,48,CCCCCCCCC,mol_dd70207e50d8bf63,0.0,0.0,0.0,1.3074049949645996,9.250593185424805,c1ccccc1,mol_7165dcf6be1f831d,1.0,1.0,1.0,1.0,101.30014038085938,,,,,,,
state_cdbc6de862edc6f5f655308b,2c_4c757308eefec1e2dd80,2,binary_vle_english.xlsx,10.1016/j.fluid.2011.11.020,unverified,0.5,isobaric,0.9444444444444444,isobaric,356.03,354.60821533203125,,,-6.103515625e-05,True,False,48,C=C(C)C(C)C,mol_6f1c44bf29e6107c,0.01749999999999996,0.05879999999999996,0.038330573588609695,2.333263874053955,95.12210845947266,c1ccsc1,mol_7953343be0b435d5,0.9825,0.9412,0.9616694450378418,1.0003401041030884,99.1479263305664,,,,,,,
state_cdc8569cb0753dd63019e6ed,2c_d66c7a74cea5d8732e08,2,binary_vle_english.xlsx,10.1016/j.jct.2017.02.005,unverified,0.5,isobaric,0.96875,isobaric,353.90999999999997,354.36297607421875,,,9.918212890625e-05,True,False,48,CC(C)O,mol_db030b5de88f8eaf,0.395,0.571,0.5492041110992432,1.445468783378601,96.18970489501953,O,mol_e81dc06beaa39499,0.605,0.42900000000000005,0.45079588890075684,1.4629570245742798,50.93233871459961,,,,,,,
state_ce73b0e60728d47b55509093,2c_4c757308eefec1e2dd80,2,binary_vle_english.xlsx,10.1016/j.fluid.2011.11.020,unverified,0.5,isobaric,0.9444444444444444,isobaric,339.94,348.50469970703125,,,2.288818359375e-05,True,False,48,C=C(C)C(C)C,mol_6f1c44bf29e6107c,0.357,0.6308,0.4177283048629761,1.3652335405349731,86.84746551513672,c1ccsc1,mol_7953343be0b435d5,0.643,0.3692,0.5822716951370239,1.1248035430908203,81.5786361694336,,,,,,,
state_ceca5815dbacf3e89dab8c9f,2c_f0a592d91b289fcd0778,2,binary_vle_english.xlsx,10.1016/j.fluid.2005.01.007,unverified,0.5,isobaric,0.9545454545454546,isobaric,331.09,335.09429931640625,,,0.00022125244140625,True,False,48,CC(C)=O,mol_e04cf77cea7bbe66,0.503,0.8,0.8142248392105103,1.349251389503479,121.55680084228516,CC(C)CC(C)(C)C,mol_57615b5c3546c298,0.497,0.19999999999999996,0.18577517569065094,1.2365875244140625,30.62684440612793,,,,,,,
state_ced1558b0ef56f0d9c5afef9,2c_d66c7a74cea5d8732e08,2,binary_vle_english.xlsx,10.1016/j.fluid.2015.11.034,unverified,0.5,isobaric,0.9333333333333333,isobaric,353.76,354.12615966796875,,,-5.340576171875e-05,True,False,48,CC(C)O,mol_db030b5de88f8eaf,0.825,0.79,0.7913527488708496,1.0193578004837036,95.32316589355469,O,mol_e81dc06beaa39499,0.17500000000000004,0.20999999999999996,0.208647221326828,2.393641471862793,50.45734405517578,,,,,,,
state_cefcf252df92ffcf303de935,2c_ae514b5a938c4d83d1c9,2,binary_vle_english.xlsx,10.1016/j.fluid.2009.08.007,unverified,0.5,full_state,0.0,isobaric,353.26,354.1303405761719,,,-6.866455078125e-05,True,False,48,CCCC,mol_fadb5806094149e6,0.0,0.0,0.0,4.718024730682373,1107.9241943359375,CCO,mol_f29e20f49d416e54,1.0,1.0,1.0,1.0,110.19993591308594,,,,,,,
state_ceff2e50383c7aed2a0b4cba,3c_2cb16216a8c609b7ad27,3,ternary_vle_english.xlsx,10.1016/j.fluid.2005.09.015,unverified,0.5,isobaric,0.9767441860465116,isobaric,391.27,391.4708251953125,,,0.00054168701171875,True,False,48,CC(=O)OCC(C)C,mol_e7eb29ad965cc8ee,0.701,0.734,0.7414414882659912,1.0028579235076904,106.83927917480469,CC(C)CO,mol_015d21fca05fcd26,0.099,0.179,0.1844179928302765,1.2990632057189941,145.26109313964844,CCCCOC(=O)CC,mol_a9c167bbb331e76a,0.20000000000000007,0.08699999999999997,0.0741405263543129,0.9391136765480042,39.98701477050781
state_cf43c0e418aa74a3d7e35404,2c_8d6240d515d92725f365,2,binary_vle_english.xlsx,10.1016/j.fluid.2015.05.031,unverified,0.5,isobaric,0.96875,isobaric,305.47999999999996,305.9469909667969,,,0.001312255859375,True,False,48,CCCCCCCC,mol_8151bb583f7f3ebd,0.052000000000000046,0.01200000000000001,0.009869620203971863,6.046114444732666,3.1806888580322266,COC=O,mol_3beef90b23ffcece,0.948,0.988,0.9901304244995117,1.0091432332992554,104.86528778076172,,,,,,,
state_cfb08e6029fc822e1b23f580,2c_f0a592d91b289fcd0778,2,binary_vle_english.xlsx,10.1016/j.fluid.2005.01.007,unverified,0.5,isobaric,0.9545454545454546,isobaric,372.33,374.5664367675781,,,1.52587890625e-05,True,False,48,CC(C)=O,mol_e04cf77cea7bbe66,0.0,0.0,0.0,2.547187328338623,391.1769714355469,CC(C)CC(C)(C)C,mol_57615b5c3546c298,1.0,1.0,1.0,1.0,101.3199462890625,,,,,,,
state_d0163407465a00ddb9912f71,2c_7c6b847ee4cb190db3ef,2,binary_vle_english.xlsx,10.1016/j.fluid.2005.06.024,unverified,0.5,isobaric,0.9666666666666667,isobaric,387.96,389.278076171875,,,0.0,True,False,48,CCC(C)=O,mol_4cfc5db0ca2ab00b,0.1323,0.3781,0.39456555247306824,0.9706523418426514,311.3236999511719,CCOC(=O)OCC,mol_4df2781fcf4d4a77,0.8677,0.6219,0.6054344177246094,0.998778223991394,70.7856216430664,,,,,,,
state_d06787b7c9dc600c010b3db0,2c_165952a69a69e7a8d3f6,2,binary_vle_english.xlsx,10.1016/j.fluid.2007.06.005,unverified,0.5,isobaric,0.9130434782608695,isobaric,344.47999999999996,346.36358642578125,,,5.340576171875e-05,True,False,48,CC(C)CC(C)(C)C,mol_57615b5c3546c298,0.403,0.36,0.34215033054351807,1.9408700466156006,44.31235885620117,CCO,mol_f29e20f49d416e54,0.597,0.64,0.6578497290611267,1.3681427240371704,81.58876037597656,,,,,,,
state_d0705a094665523cc842c71c,2c_9f31aad1f9974e54ecb0,2,binary_vle_english.xlsx,10.1016/j.jct.2017.07.019,unverified,0.5,isobaric,0.95,isobaric,379.45,383.9432067871094,,,-4.57763671875e-05,True,False,48,Cc1ccc(C)cc1,mol_e7658ba520613aac,0.2782,0.2277,0.20840337872505188,1.6156511306762695,46.96875,OCC(F)(F)C(F)F,mol_48469952cf716332,0.7218,0.7723,0.7915966510772705,1.0664952993392944,104.16866302490234,,,,,,,
state_d07b800a819a2e81847bbf27,2c_7c6b847ee4cb190db3ef,2,binary_vle_english.xlsx,10.1016/j.fluid.2005.06.024,unverified,0.5,isobaric,0.9666666666666667,isobaric,355.58,353.94134521484375,,,-7.62939453125e-06,True,False,48,CCC(C)=O,mol_4cfc5db0ca2ab00b,0.8949,0.9779,0.9792206883430481,1.0010842084884644,110.75211334228516,CCOC(=O)OCC,mol_4df2781fcf4d4a77,0.10509999999999997,0.02210000000000001,0.020779311656951904,1.0053282976150513,19.92677879333496,,,,,,,
state_d113be9e7413436a53e3100c,2c_8d6240d515d92725f365,2,binary_vle_english.xlsx,10.1016/j.fluid.2015.05.031,unverified,0.5,isobaric,0.96875,isobaric,309.14,311.34210205078125,,,0.00016021728515625,True,False,48,CCCCCCCC,mol_8151bb583f7f3ebd,0.596,0.028000000000000025,0.02686881273984909,1.1056898832321167,4.1310882568359375,COC=O,mol_3beef90b23ffcece,0.404,0.972,0.9731311798095703,1.9248497486114502,126.79109191894531,,,,,,,
state_d11d20009f2731b330f311e9,2c_4c757308eefec1e2dd80,2,binary_vle_english.xlsx,10.1016/j.fluid.2011.11.020,unverified,0.5,isobaric,0.9444444444444444,isobaric,332.19,349.31640625,,,0.0,True,False,48,C=C(C)C(C)C,mol_6f1c44bf29e6107c,0.765,0.8714999999999999,0.6921046376228333,1.0426907539367676,87.92110443115234,c1ccsc1,mol_7953343be0b435d5,0.235,0.1285,0.3078954219818115,1.5851174592971802,83.75528717041016,,,,,,,
state_d14359dbc3bcf2dcea8a0427,2c_f6f5f309e3d6c1952684,2,binary_vle_english.xlsx,10.1016/j.fluid.2012.12.020,passed,1.0,isobaric,0.9545454545454546,isobaric,409.7,410.6055603027344,,,6.866455078125e-05,True,False,48,CCCCCO,mol_243de2450bee5519,0.9463,0.91,0.8377730846405029,1.0018168687820435,89.25462341308594,CCCCO,mol_ad4ef9c6c876ca2f,0.0537,0.09,0.16222696006298065,1.5280410051345825,199.68031311035156,,,,,,,
state_d1588e2b31101eb87f81df60,2c_165952a69a69e7a8d3f6,2,binary_vle_english.xlsx,10.1016/j.fluid.2005.01.007,unverified,0.5,isobaric,0.9545454545454546,isobaric,344.74,346.81365966796875,,,0.0013427734375,True,False,48,CC(C)CC(C)(C)C,mol_57615b5c3546c298,0.556,0.379,0.3704245388507843,1.501794457435608,44.948490142822266,CCO,mol_f29e20f49d416e54,0.444,0.621,0.6295754313468933,1.7298578023910522,83.05294799804688,,,,,,,
state_d15ad466a5c1cc12f55f160d,2c_7b12ee2d0e35e39326bc,2,binary_vle_english.xlsx,10.1016/j.fluid.2011.08.007,unverified,0.5,isobaric,0.9642857142857143,isobaric,336.59,337.80780029296875,,,0.00020599365234375,True,False,48,CCOCCO,mol_ab8630148ae67e51,0.33499999999999996,0.031000000000000028,0.031435005366802216,1.0151634216308594,6.16168212890625,CO,mol_a85d32e4db2ff39c,0.665,0.969,0.9685649275779724,0.9818659424781799,98.88294982910156,,,,,,,
state_d1a9fedb1897ec531d75f6d8,2c_6f361cb0ec8be0b0e6dd,2,binary_vle_english.xlsx,10.1016/j.fluid.2006.08.004,unverified,0.5,isobaric,0.95,isobaric,337.58,339.5846862792969,,,1.52587890625e-05,True,False,48,CC(C)OC(C)C,mol_1a0ca8e5eeb68da8,0.809,0.76,0.7481306195259094,1.0530413389205933,88.9595718383789,CCO,mol_f29e20f49d416e54,0.19099999999999995,0.24,0.25186941027641296,2.1525237560272217,62.05879592895508,,,,,,,
state_d1bf572d02c94b9d450181ae,3c_f0c258463b44c2183ab7,3,ternary_vle_english.xlsx,10.1016/j.fluid.2005.03.014,unverified,0.5,isobaric,0.9767441860465116,isobaric,383.80999999999995,384.0249938964844,,,3.814697265625e-05,True,False,48,CC(=O)OCC(C)C,mol_e7eb29ad965cc8ee,0.4,0.394,0.38643839955329895,1.159882664680481,84.37533569335938,CC(C)CO,mol_015d21fca05fcd26,0.502,0.576,0.5877191424369812,1.0626235008239746,111.60819244384766,CN(C)C=O,mol_ca12d6d2f2ffb170,0.09799999999999998,0.030000000000000027,0.025842469185590744,0.9306119084358215,28.70441436767578
state_d1d8974a07a49b98be89575a,2c_d61da005b4125a743b07,2,binary_vle_english.xlsx,10.1016/j.fluid.2009.03.008,unverified,0.5,isobaric,0.9583333333333334,isobaric,363.84999999999997,361.4625244140625,,,0.0001678466796875,True,False,48,CC(=O)O,mol_9ac385b135af0125,0.3688,0.1247,0.1249159723520279,0.9997637271881104,34.32959747314453,CCC(C)=O,mol_4cfc5db0ca2ab00b,0.6312,0.8753,0.8750840425491333,1.0008779764175415,140.359130859375,,,,,,,
state_d1e53612937ac5c3770ba33c,3c_1a08c4f653f7d812cdc9,3,ternary_vle_english.xlsx,10.1016/j.jct.2019.03.036,unverified,0.5,isobaric,0.972972972972973,isobaric,383.28,375.9192199707031,,,3.814697265625e-05,True,False,48,CCCOC(C)=O,mol_67043ae833ecd0c7,0.2787,0.4805,0.3740536570549011,1.245434045791626,109.16553497314453,CCOC(C)=O,mol_18876b584acc43d4,0.2223,0.4748,0.5900124311447144,1.2276992797851562,218.9974365234375,CS(C)=O,mol_7d3e12eaed0f467c,0.499,0.04469999999999996,0.0359339602291584,1.1889766454696655,6.135366439819336
state_d1f37c1ae00999c0eb50fd64,3c_1a08c4f653f7d812cdc9,3,ternary_vle_english.xlsx,10.1016/j.jct.2019.03.036,unverified,0.5,isobaric,0.972972972972973,isobaric,379.29999999999995,372.3171691894531,,,4.57763671875e-05,True,False,48,CCCOC(C)=O,mol_67043ae833ecd0c7,0.1833,0.2851,0.21879571676254272,1.248525619506836,96.84746551513672,CCOC(C)=O,mol_18876b584acc43d4,0.3075,0.6783,0.7497037649154663,1.2518651485443115,197.28604125976562,CS(C)=O,mol_7d3e12eaed0f467c,0.5092,0.036599999999999966,0.03150051832199097,1.1764605045318604,5.326737880706787
state_d201008f6bcaeedeaf1b833c,2c_a873f6bbdf8411ff9a25,2,binary_vle_english.xlsx,10.1016/j.fluid.2013.05.016,passed,1.0,isobaric,0.9444444444444444,isobaric,354.79999999999995,354.1112976074219,,,0.0018768310546875,True,False,48,CCCCCCCCC,mol_dd70207e50d8bf63,0.061,0.006,0.007433690130710602,1.2403868436813354,9.952557563781738,c1ccccc1,mol_7165dcf6be1f831d,0.9390000000000001,0.994,0.9925663471221924,1.0016250610351562,106.9069595336914,,,,,,,
state_d21f6a6c17257eb6afe7b128,2c_6f361cb0ec8be0b0e6dd,2,binary_vle_english.xlsx,10.1016/j.fluid.2006.08.004,unverified,0.5,isobaric,0.95,isobaric,340.08,341.4087829589844,,,-9.918212890625e-05,True,False,48,CC(C)OC(C)C,mol_1a0ca8e5eeb68da8,0.287,0.49,0.4779607951641083,1.7950414419174194,93.98199462890625,CCO,mol_f29e20f49d416e54,0.7130000000000001,0.51,0.5220392346382141,1.1091256141662598,66.87158203125,,,,,,,
state_d24a4fce3569dfe89fa76ea0,2c_6eb2e45afed5017e5e33,2,binary_vle_english.xlsx,10.1016/j.fluid.2014.09.021,unverified,0.5,isobaric,0.95,isobaric,399.04999999999995,398.60931396484375,,,-2.288818359375e-05,True,False,48,CCC(C)OC(C)=O,mol_879306ab1082c162,0.331,0.661,0.6705957651138306,1.363682746887207,150.49722290039062,CN(C)C=O,mol_ca12d6d2f2ffb170,0.669,0.33899999999999997,0.32940420508384705,1.0686832666397095,46.67271423339844,,,,,,,
state_d26d261dbfd4a2372a3c43eb,3c_2cb16216a8c609b7ad27,3,ternary_vle_english.xlsx,10.1016/j.fluid.2005.09.015,unverified,0.5,isobaric,0.9767441860465116,isobaric,385.34999999999997,385.8861389160156,,,0.00017547607421875,True,False,48,CC(=O)OCC(C)C,mol_e7eb29ad965cc8ee,0.301,0.283,0.2799057960510254,1.0515851974487305,89.57994842529297,CC(C)CO,mol_015d21fca05fcd26,0.486,0.636,0.6502822041511536,1.1359440088272095,119.32146453857422,CCCCOC(=O)CC,mol_a9c167bbb331e76a,0.21300000000000008,0.08099999999999996,0.06981202214956284,1.0119130611419678,32.81083679199219
state_d30161472710279edf154f39,2c_d66c7a74cea5d8732e08,2,binary_vle_english.xlsx,10.1016/j.jct.2006.04.006,unverified,0.5,isobaric,0.9444444444444444,isobaric,353.17999999999995,353.89813232421875,,,-7.62939453125e-06,True,False,48,CC(C)O,mol_db030b5de88f8eaf,0.602,0.641,0.6371569633483887,1.1346174478530884,94.49517059326172,O,mol_e81dc06beaa39499,0.398,0.359,0.36284300684928894,1.8469024896621704,50.0035514831543,,,,,,,
state_d35144b517c16127302484e1,2c_7c6b847ee4cb190db3ef,2,binary_vle_english.xlsx,10.1016/j.fluid.2005.06.024,unverified,0.5,isobaric,0.9666666666666667,isobaric,356.45,354.7318115234375,,,3.814697265625e-05,True,False,48,CCC(C)=O,mol_4cfc5db0ca2ab00b,0.8663,0.9701,0.9728527665138245,1.0016703605651855,113.59801483154297,CCOC(=O)OCC,mol_4df2781fcf4d4a77,0.13370000000000004,0.029900000000000038,0.027147244662046432,1.0008299350738525,20.556577682495117,,,,,,,
state_d3bba7c1662f19b87e78da71,2c_7b12ee2d0e35e39326bc,2,binary_vle_english.xlsx,10.1016/j.fluid.2011.08.007,unverified,0.5,isobaric,0.9642857142857143,isobaric,346.09,346.7501220703125,,,0.00103759765625,True,False,48,CCOCCO,mol_ab8630148ae67e51,0.552,0.07699999999999996,0.07747335731983185,1.0019614696502686,9.337577819824219,CO,mol_a85d32e4db2ff39c,0.448,0.923,0.9225266575813293,0.9898473024368286,138.67706298828125,,,,,,,
state_d3cf609c4ca58dffcf69a0cb,2c_165952a69a69e7a8d3f6,2,binary_vle_english.xlsx,10.1016/j.fluid.2007.06.005,unverified,0.5,isobaric,0.9545454545454546,isobaric,348.57,349.5623779296875,,,-6.103515625e-05,True,False,48,CC(C)CC(C)(C)C,mol_57615b5c3546c298,0.04200000000000004,0.17000000000000004,0.12186161428689957,5.998608589172363,48.997737884521484,CCO,mol_f29e20f49d416e54,0.958,0.83,0.8781383633613586,1.0039335489273071,92.49140930175781,,,,,,,
state_d3d570cb50f769b96ce46239,3c_2cb16216a8c609b7ad27,3,ternary_vle_english.xlsx,10.1016/j.fluid.2005.09.015,unverified,0.5,isobaric,0.9767441860465116,isobaric,393.53999999999996,393.8648986816406,,,6.866455078125e-05,True,False,48,CC(=O)OCC(C)C,mol_e7eb29ad965cc8ee,0.597,0.669,0.6780128479003906,1.0000076293945312,115.0455322265625,CC(C)CO,mol_015d21fca05fcd26,0.098,0.19,0.19841186702251434,1.2999327182769775,157.77207946777344,CCCCOC(=O)CC,mol_a9c167bbb331e76a,0.30500000000000005,0.14100000000000001,0.12357527017593384,0.9445900321006775,43.450801849365234
state_d3f32a9d657b2f3dbc3e1694,2c_a873f6bbdf8411ff9a25,2,binary_vle_english.xlsx,10.1016/j.fluid.2013.05.016,passed,1.0,isobaric,0.9444444444444444,isobaric,411.09999999999997,408.504638671875,,,0.00019073486328125,True,False,48,CCCCCCCCC,mol_dd70207e50d8bf63,0.925,0.657,0.6305046081542969,1.000436544418335,69.01873016357422,c1ccccc1,mol_7165dcf6be1f831d,0.07499999999999996,0.34299999999999997,0.36949536204338074,1.1212652921676636,445.091552734375,,,,,,,
state_d45424bf0a9fd5b6bf46c3ea,2c_165952a69a69e7a8d3f6,2,binary_vle_english.xlsx,10.1016/j.fluid.2007.06.005,unverified,0.5,isobaric,0.9545454545454546,isobaric,344.82,346.5926208496094,,,0.00189208984375,True,False,48,CC(C)CC(C)(C)C,mol_57615b5c3546c298,0.19999999999999996,0.31100000000000005,0.2924446761608124,3.3185923099517822,44.635162353515625,CCO,mol_f29e20f49d416e54,0.8,0.689,0.7075552940368652,1.0882381200790405,82.33106231689453,,,,,,,
state_d47aee1cbd35d90d04f43482,3c_2cb16216a8c609b7ad27,3,ternary_vle_english.xlsx,10.1016/j.fluid.2005.09.015,unverified,0.5,isobaric,0.9767441860465116,isobaric,405.59999999999997,406.7861633300781,,,-7.62939453125e-06,True,False,48,CC(=O)OCC(C)C,mol_e7eb29ad965cc8ee,0.266,0.413,0.41954582929611206,0.9456061720848083,168.96493530273438,CC(C)CO,mol_015d21fca05fcd26,0.042,0.112,0.129330113530159,1.2872521877288818,242.3236846923828,CCCCOC(=O)CC,mol_a9c167bbb331e76a,0.692,0.475,0.4511241018772125,0.9872063994407654,66.89460754394531
state_d4a361690298712a07d88484,2c_d66c7a74cea5d8732e08,2,binary_vle_english.xlsx,10.1016/j.fluid.2014.02.006,unverified,0.5,isobaric,0.9411764705882353,isobaric,371.38,370.83392333984375,,,9.918212890625e-05,True,False,48,CC(C)O,mol_db030b5de88f8eaf,0.004,0.065,0.06684549897909164,9.649036407470703,175.4437255859375,O,mol_e81dc06beaa39499,0.996,0.935,0.9331544637680054,1.0000720024108887,94.90138244628906,,,,,,,
state_d4c85d5240fe56414a164dcf,2c_8d6240d515d92725f365,2,binary_vle_english.xlsx,10.1016/j.fluid.2015.05.031,unverified,0.5,isobaric,0.96875,isobaric,306.53,307.2630615234375,,,0.0009002685546875,True,False,48,CCCCCCCC,mol_8151bb583f7f3ebd,0.17600000000000005,0.019000000000000017,0.018223773688077927,3.091991424560547,3.3930177688598633,COC=O,mol_3beef90b23ffcece,0.824,0.981,0.9817761778831482,1.0984266996383667,109.90386199951172,,,,,,,
state_d5a8b7c7a51963f74b52dada,3c_f0c258463b44c2183ab7,3,ternary_vle_english.xlsx,10.1016/j.fluid.2005.03.014,unverified,0.5,isobaric,0.9767441860465116,isobaric,393.58,392.9757995605469,,,0.00078582763671875,True,False,48,CC(=O)OCC(C)C,mol_e7eb29ad965cc8ee,0.641,0.773,0.7786117792129517,1.0992474555969238,111.93863677978516,CC(C)CO,mol_015d21fca05fcd26,0.055,0.075,0.08062470704317093,0.9704254865646362,153.02268981933594,CN(C)C=O,mol_ca12d6d2f2ffb170,0.30399999999999994,0.15200000000000002,0.1407635658979416,1.2074146270751953,38.84836959838867
state_d5f4ca55054e46510fda8f1a,2c_26042ad21e725d8f2224,2,binary_vle_english.xlsx,10.1016/j.jct.2019.06.026,unverified,0.5,isobaric,0.9411764705882353,isobaric,414.65,417.548828125,,,0.00032806396484375,True,False,48,CN(C)C=O,mol_ca12d6d2f2ffb170,0.8768,0.6451,0.7187687158584595,0.9956113696098328,83.40831756591797,OCC(F)(F)C(F)F,mol_48469952cf716332,0.1232,0.3549,0.28123122453689575,0.795400083065033,290.7218933105469,,,,,,,
state_d6635693c5272ffa146733b2,2c_9f31aad1f9974e54ecb0,2,binary_vle_english.xlsx,10.1016/j.jct.2017.07.019,unverified,0.5,isobaric,0.95,isobaric,381.95,388.0955810546875,,,7.62939453125e-06,True,False,48,Cc1ccc(C)cc1,mol_e7658ba520613aac,0.6292,0.31710000000000005,0.39144864678382874,1.1767867803573608,53.5546875,OCC(F)(F)C(F)F,mol_48469952cf716332,0.3708,0.6829,0.6085513234138489,1.392428994178772,119.39705657958984,,,,,,,
state_d737e19b7c154e691acb5be5,2c_42d2383a8e4daebeb5e1,2,binary_vle_english.xlsx,10.1016/j.fluid.2010.08.002,unverified,0.5,isobaric,0.9333333333333333,isobaric,392.24,395.8882751464844,,,3.814697265625e-06,True,False,48,CCCCCCC,mol_fddb2c852c313396,0.034,0.386,0.35410624742507935,3.1110169887542725,200.8646697998047,CCCOCCO,mol_770d75a3bb2412ce,0.966,0.614,0.6458937525749207,1.0011157989501953,40.07291030883789,,,,,,,
state_d7888360973b4ef20c48709c,2c_6eb2e45afed5017e5e33,2,binary_vle_english.xlsx,10.1016/j.fluid.2014.09.021,unverified,0.5,isobaric,0.95,isobaric,386.10999999999996,386.9167175292969,,,3.814697265625e-05,True,False,48,CCC(C)OC(C)=O,mol_879306ab1082c162,0.89,0.939,0.9372050762176514,1.0131562948226929,105.28767395019531,CN(C)C=O,mol_ca12d6d2f2ffb170,0.10999999999999999,0.061000000000000054,0.06279493123292923,1.8241839408874512,31.70097541809082,,,,,,,
state_d7b014838cae11bb48d8ac8f,2c_165952a69a69e7a8d3f6,2,binary_vle_english.xlsx,10.1016/j.fluid.2007.06.005,unverified,0.5,isobaric,0.9545454545454546,isobaric,361.27,362.6687927246094,,,0.00028228759765625,True,False,48,CC(C)CC(C)(C)C,mol_57615b5c3546c298,0.972,0.7130000000000001,0.6982041597366333,1.0021638870239258,72.60855865478516,CCO,mol_f29e20f49d416e54,0.028,0.287,0.3017958402633667,7.226269245147705,151.09547424316406,,,,,,,
state_d7da7dd6a0b37723708638f9,3c_50c0ded265c297b30405,3,ternary_vle_english.xlsx,10.1016/j.fluid.2015.03.013,unverified,0.5,isobaric,0.9333333333333333,isobaric,398.75,400.2626953125,,,3.0517578125e-05,True,False,48,CC(=O)N(C)C,mol_b8ccf255e2b62919,0.601,0.19399999999999995,0.17899778485298157,0.9253053665161133,32.60599136352539,CCC(C)O,mol_06affb0d2c6c8ff2,0.271,0.497,0.5448147654533386,0.7939720749855042,256.497802734375,CCC(C)OC(C)=O,mol_879306ab1082c162,0.128,0.309,0.2761874496936798,1.383143663406372,158.0286865234375
state_d7f6e7e5917fa8d6ce537bde,2c_d66c7a74cea5d8732e08,2,binary_vle_english.xlsx,10.1016/j.jct.2017.02.005,unverified,0.5,isobaric,0.96875,isobaric,354.44,354.764404296875,,,-1.52587890625e-05,True,False,48,CC(C)O,mol_db030b5de88f8eaf,0.95,0.928,0.9290765523910522,1.001267910003662,97.67372131347656,O,mol_e81dc06beaa39499,0.050000000000000044,0.07199999999999995,0.07092341780662537,2.7411983013153076,51.74630355834961,,,,,,,
state_d818f70df8b63f979674f0a1,2c_03bd4325b126d2709459,2,binary_vle_english.xlsx,10.1016/j.fluid.2011.10.009,unverified,0.5,isobaric,0.9333333333333333,isobaric,399.0,394.31829833984375,,,3.814697265625e-05,True,False,48,C1CCCCC1,mol_893981623557f359,0.19799999999999995,0.5569999999999999,0.651730477809906,1.0810052156448364,308.44970703125,CCCCCCCCC,mol_dd70207e50d8bf63,0.802,0.443,0.3482695519924164,1.0031527280807495,43.85139465332031,,,,,,,
state_d840e791c4f599b3eb7f4326,2c_165952a69a69e7a8d3f6,2,binary_vle_english.xlsx,10.1016/j.fluid.2005.01.007,unverified,0.5,isobaric,0.9545454545454546,isobaric,345.84,348.29022216796875,,,0.000152587890625,True,False,48,CC(C)CC(C)(C)C,mol_57615b5c3546c298,0.791,0.41400000000000003,0.4091430604457855,1.1129668951034546,47.088191986083984,CCO,mol_f29e20f49d416e54,0.209,0.586,0.5908569097518921,3.2544188499450684,88.0152816772461,,,,,,,
state_d8548244696a2f103deafb84,3c_f0c258463b44c2183ab7,3,ternary_vle_english.xlsx,10.1016/j.fluid.2005.03.014,unverified,0.5,isobaric,0.9767441860465116,isobaric,396.59999999999997,397.3948974609375,,,-4.57763671875e-05,True,False,48,CC(=O)OCC(C)C,mol_e7eb29ad965cc8ee,0.089,0.19,0.17640702426433563,1.5674155950546265,128.10044860839844,CC(C)CO,mol_015d21fca05fcd26,0.391,0.634,0.6105090975761414,0.8891545534133911,177.88818359375,CN(C)C=O,mol_ca12d6d2f2ffb170,0.52,0.17599999999999993,0.213083878159523,0.9248706102371216,44.8823127746582
state_d86913b5f6218911b26172c1,2c_4e1effd6e44016fa9e71,2,binary_vle_english.xlsx,10.1016/j.fluid.2019.03.022,passed,1.0,isobaric,0.95,isobaric,332.02,333.0199279785156,,,-7.62939453125e-06,True,False,48,CO,mol_a85d32e4db2ff39c,0.785,0.681,0.6900771856307983,1.0874325037002563,81.8907470703125,c1ccccc1,mol_7165dcf6be1f831d,0.215,0.319,0.3099227547645569,2.6918790340423584,54.24610900878906,,,,,,,
state_d89ef1c873c9fa40ec0eae14,2c_165952a69a69e7a8d3f6,2,binary_vle_english.xlsx,10.1016/j.fluid.2007.06.005,unverified,0.5,isobaric,0.9545454545454546,isobaric,372.33,374.5591735839844,,,7.62939453125e-06,True,False,48,CC(C)CC(C)(C)C,mol_57615b5c3546c298,1.0,1.0,1.0,1.0,101.29994201660156,CCO,mol_f29e20f49d416e54,0.0,0.0,0.0,8.385611534118652,228.93919372558594,,,,,,,
state_d8d7a95f8553ef9d8624304d,3c_2cb16216a8c609b7ad27,3,ternary_vle_english.xlsx,10.1016/j.fluid.2005.09.015,unverified,0.5,isobaric,0.9767441860465116,isobaric,385.27,385.8969421386719,,,-5.340576171875e-05,True,False,48,CC(=O)OCC(C)C,mol_e7eb29ad965cc8ee,0.608,0.552,0.5507662892341614,1.0240274667739868,89.6109619140625,CC(C)CO,mol_015d21fca05fcd26,0.299,0.414,0.4200817346572876,1.1923002004623413,119.36744689941406,CCCCOC(=O)CC,mol_a9c167bbb331e76a,0.09299999999999997,0.03400000000000003,0.02915201708674431,0.9674058556556702,32.82357406616211
state_d8fba9b6e211d1bb313eba45,2c_7c6b847ee4cb190db3ef,2,binary_vle_english.xlsx,10.1016/j.fluid.2005.06.024,unverified,0.5,isobaric,0.9666666666666667,isobaric,357.45,355.6279602050781,,,7.62939453125e-06,True,False,48,CCC(C)=O,mol_4cfc5db0ca2ab00b,0.8348,0.9603,0.9654089212417603,1.0024031400680542,116.89691925048828,CCOC(=O)OCC,mol_4df2781fcf4d4a77,0.1652,0.03969999999999996,0.03459107503294945,0.9964877367019653,21.291128158569336,,,,,,,
state_d94598346d72117a9a3a3e01,3c_61bfd4ccc52903a74083,3,ternary_vle_english.xlsx,10.1016/j.fluid.2007.03.030,unverified,0.5,isobaric,0.9761904761904762,isobaric,365.28,373.13067626953125,,,0.000244140625,True,False,48,CCCO,mol_5fb2f93dc8caa9dc,0.652,0.825,0.7295723557472229,1.0109436511993408,112.12539672851562,CCCOCCC,mol_e13b90e4aa2e917d,0.056,0.074,0.19307269155979156,2.5598161220550537,136.43765258789062,CCOCCO,mol_ab8630148ae67e51,0.2919999999999999,0.10100000000000009,0.07735501229763031,0.9469075202941895,28.340547561645508
state_da1b6f610dc07a105e8cedbe,2c_98afb8e6c65a310db5e0,2,binary_vle_english.xlsx,10.1016/j.jct.2012.12.026,unverified,0.5,isothermal,0.9,isothermal,,,124.300043390336,158.34002685546875,0.0,True,False,48,F/C=C/C(F)(F)F,mol_0e763ba6787b2749,0.8049999999999999,0.775,0.7719754576683044,1.0165350437164307,149.37432861328125,FC(F)C(F)F,mol_fccff6221e62b4bc,0.195,0.225,0.22802455723285675,1.2307655811309814,150.43968200683594,,,,,,,
state_da1dcd303b4237f2d3a57519,2c_c6a565ee5191fe2b2cdb,2,binary_vle_english.xlsx,10.1016/j.fluid.2010.11.026,passed,1.0,isothermal,0.9333333333333333,isothermal,,,88.50005449023999,76.70918273925781,0.0,True,False,48,CCO,mol_f29e20f49d416e54,0.611,0.622,0.6647960543632507,1.1630806922912598,71.76038360595703,CCSCC,mol_a7491cfbf016fee6,0.389,0.378,0.3352038860321045,1.381170392036438,47.85855484008789,,,,,,,
state_dadf64eb714d98727ac09549,2c_68be6b27ffcb3843add8,2,binary_vle_english.xlsx,10.1016/j.fluid.2010.09.023,unverified,0.5,isothermal,0.875,isothermal,,,17.400035570048,16.94513702392578,0.0,True,False,48,CCC#N,mol_abe9c8e175e3ffb6,1.0,1.0,1.0,1.0,16.94513702392578,CCCC,mol_fadb5806094149e6,0.0,0.0,0.0,5.059765338897705,512.1804809570312,,,,,,,
state_db46fc34079ac788ff2eda25,2c_3cf279eea352998261d1,2,binary_vle_english.xlsx,10.1016/j.fluid.2012.05.016,unverified,0.5,isothermal,0.9333333333333333,isothermal,,,25.910002319488,22.93280029296875,0.0,True,False,48,CCCOC(C)=O,mol_67043ae833ecd0c7,0.7216,0.4585,0.47580307722091675,1.0450853109359741,14.468917846679688,CCO,mol_f29e20f49d416e54,0.2784,0.5415,0.5241969227790833,1.4166309833526611,30.480745315551758,,,,,,,
state_dcea104a1b769c736a6a6a39,2c_3e7cc7d2a95d27d26296,2,binary_vle_english.xlsx,10.1016/j.fluid.2016.12.025,unverified,0.5,isothermal,0.95,isothermal,,,10.099969310208,11.53433609008789,-9.5367431640625e-07,True,False,48,CCCCCCO,mol_eb71ecc709e3f0dc,0.2993,0.06520000000000004,0.10602930188179016,1.3021714687347412,3.137932538986206,CCCCO,mol_ad4ef9c6c876ca2f,0.7007,0.9348,0.8939706683158875,1.0431911945343018,14.106517791748047,,,,,,,
state_dd1d9383da26853f02d907e6,2c_a160651817afdffd3182,2,binary_vle_english.xlsx,10.1016/j.fluid.2005.05.024,unverified,0.5,isothermal,0.96,isothermal,,,34.709945219328,33.97161865234375,0.0,True,False,48,CC(=O)CC(C)C,mol_0a895444a9f0f36b,0.7291000000000001,0.42369999999999997,0.41740718483924866,1.0340863466262817,18.807552337646484,CC(C)O,mol_db030b5de88f8eaf,0.2709,0.5763,0.5825928449630737,1.3452104330062866,54.3102912902832,,,,,,,
state_dd2cc9ca6c6913098eca4ca1,2c_98afb8e6c65a310db5e0,2,binary_vle_english.xlsx,10.1016/j.jct.2012.12.026,unverified,0.5,isothermal,0.8461538461538461,isothermal,,,391.500067053056,449.01983642578125,0.0,True,False,48,F/C=C/C(F)(F)F,mol_0e763ba6787b2749,0.31699999999999995,0.32299999999999995,0.36316996812820435,1.383948564529419,371.7031555175781,FC(F)C(F)F,mol_fccff6221e62b4bc,0.683,0.677,0.6368300318717957,1.0710716247558594,390.8857421875,,,,,,,
state_dd7849cf97f95ca04532f678,2c_8b8dfc345b3e095c6955,2,binary_vle_english.xlsx,10.1016/j.jct.2012.10.003,unverified,0.5,isothermal,0.9,isothermal,,,212.79996455820802,329.16973876953125,0.0,True,False,48,CC(C)C,mol_cd0696a421ed56d8,0.385,0.32099999999999995,0.3790806531906128,1.826907753944397,177.4084014892578,FC(F)(F)I,mol_b415a9b082dbafac,0.615,0.679,0.6209193468093872,1.2988094091415405,255.87893676757812,,,,,,,
state_dd9d3a40de0980f0d8d047b3,2c_6f361cb0ec8be0b0e6dd,2,binary_vle_english.xlsx,10.1016/j.jct.2012.11.005,unverified,0.5,isothermal,0.9166666666666666,isothermal,,,63.45998062195199,57.76361083984375,0.0,True,False,48,CC(C)OC(C)C,mol_1a0ca8e5eeb68da8,0.779,0.728,0.7622487545013428,1.0716824531555176,52.74089431762695,CCO,mol_f29e20f49d416e54,0.22099999999999997,0.272,0.23775124549865723,2.0387279987335205,30.480745315551758,,,,,,,
state_de373ff13b92713f996ec4eb,2c_3e7cc7d2a95d27d26296,2,binary_vle_english.xlsx,10.1016/j.fluid.2016.12.025,unverified,0.5,isothermal,0.95,isothermal,,,4.200054559104,6.50200080871582,0.0,True,False,48,CCCCCCO,mol_eb71ecc709e3f0dc,0.8005,0.4857,0.39773231744766235,1.0295156240463257,3.137932538986206,CCCCO,mol_ad4ef9c6c876ca2f,0.1995,0.5143,0.6022677421569824,1.391470193862915,14.106517791748047,,,,,,,
state_de74f1b7b9061104478ad165,2c_a4e8a38f7f4879124614,2,binary_vle_english.xlsx,10.1016/j.fluid.2012.05.016,unverified,0.5,isothermal,0.9375,isothermal,,,94.61995114854399,92.60067749023438,0.0,True,False,48,CCCO,mol_5fb2f93dc8caa9dc,0.0,0.0,0.0,2.168543577194214,41.61351776123047,CCOC(C)=O,mol_18876b584acc43d4,1.0,1.0,1.0,1.0,92.60067749023438,,,,,,,
state_df943baa63c7f82c4afa70b4,2c_1490252da7453cbbebe4,2,binary_vle_english.xlsx,10.1016/j.fluid.2007.10.016,unverified,0.5,isothermal,0.9615384615384616,isothermal,,,34.629951798528,36.07708740234375,0.0,True,False,48,CC(C)CC(C)(C)C,mol_57615b5c3546c298,0.009299999999999975,0.04710000000000003,0.02717757783830166,4.101773262023926,25.703224182128906,CC(C)O,mol_db030b5de88f8eaf,0.9907,0.9529,0.9728224277496338,1.000087857246399,35.422950744628906,,,,,,,
state_e04ce822ffb004d1c1aaad65,2c_3cf279eea352998261d1,2,binary_vle_english.xlsx,10.1016/j.fluid.2012.05.016,unverified,0.5,isothermal,0.9333333333333333,isothermal,,,30.050061812992,30.25214385986328,0.0,True,False,48,CCCOC(C)=O,mol_67043ae833ecd0c7,0.04049999999999998,0.05600000000000005,0.03351333364844322,1.7301459312438965,14.468917846679688,CCO,mol_f29e20f49d416e54,0.9595,0.944,0.9664866924285889,0.9997271299362183,30.480745315551758,,,,,,,
state_e06019e50bc3c7e6f272c24e,2c_303f5d258da9140f9795,2,binary_vle_english.xlsx,10.1016/j.fluid.2012.11.026,unverified,0.5,isothermal,0.9333333333333333,isothermal,,,28.271141456767996,20.54409408569336,-1.9073486328125e-06,True,False,48,CCOC(=O)OCC,mol_4df2781fcf4d4a77,0.9877,0.7036,0.92862868309021,1.0001317262649536,19.312868118286133,O,mol_e81dc06beaa39499,0.0123,0.2964,0.07137130200862885,2.455911874771118,48.539207458496094,,,,,,,
state_e10edb9daf77d92938686bde,2c_8b8dfc345b3e095c6955,2,binary_vle_english.xlsx,10.1016/j.jct.2012.10.003,unverified,0.5,isothermal,0.9,isothermal,,,351.700007145856,590.4068603515625,6.103515625e-05,True,False,48,CC(C)C,mol_cd0696a421ed56d8,0.729,0.652,0.4673151969909668,1.13675856590271,332.9397277832031,FC(F)(F)I,mol_b415a9b082dbafac,0.271,0.348,0.5326848030090332,2.500410556793213,464.1316223144531,,,,,,,
state_e24e9276d029c400bb4bb140,2c_8b8dfc345b3e095c6955,2,binary_vle_english.xlsx,10.1016/j.jct.2012.10.003,unverified,0.5,isothermal,0.9,isothermal,,,122.700041651968,194.2900390625,0.0,True,False,48,CC(C)C,mol_cd0696a421ed56d8,0.845,0.765,0.5624120831489563,1.035032033920288,124.93803405761719,FC(F)(F)I,mol_b415a9b082dbafac,0.155,0.235,0.4375878870487213,2.9867165088653564,183.649658203125,,,,,,,
state_e2cf57cff2b75e4feb3180d7,2c_c6a565ee5191fe2b2cdb,2,binary_vle_english.xlsx,10.1016/j.fluid.2015.10.041,passed,1.0,isothermal,0.9375,isothermal,,,82.500014640768,75.68673706054688,-7.62939453125e-06,True,False,48,CCO,mol_f29e20f49d416e54,0.89,0.796,0.8535335063934326,1.0123146772384644,71.70257568359375,CCSCC,mol_a7491cfbf016fee6,0.11,0.204,0.14646652340888977,2.107288122177124,47.823516845703125,,,,,,,
state_e310b20c29e1a02c1bd6e894,2c_3e7cc7d2a95d27d26296,2,binary_vle_english.xlsx,10.1016/j.fluid.2016.12.025,unverified,0.5,isothermal,0.95,isothermal,,,4.800005215104,7.166045188903809,0.0,True,False,48,CCCCCCO,mol_eb71ecc709e3f0dc,0.7474000000000001,0.3953,0.3424164056777954,1.0462546348571777,3.137932538986206,CCCCO,mol_ad4ef9c6c876ca2f,0.2526,0.6047,0.6575836539268494,1.322444200515747,14.106517791748047,,,,,,,
state_e340c045a4e73e14352b6ca6,2c_9478a219a5c540597926,2,binary_vle_english.xlsx,10.1016/j.fluid.2009.01.016,unverified,0.5,isothermal,0.9411764705882353,isothermal,,,76.170001930496,78.72517395019531,0.0,True,False,48,CC(=O)C(C)(C)C,mol_61a887e37d396488,0.0,0.0,0.0,1.1463278532028198,11.856537818908691,COC(C)(C)C,mol_b614d6fea320c179,1.0,1.0,1.0,1.0,78.72517395019531,,,,,,,
state_e343e0c4d79122786f40e466,2c_a160651817afdffd3182,2,binary_vle_english.xlsx,10.1016/j.fluid.2005.05.024,unverified,0.5,isothermal,0.96,isothermal,,,39.129981685632,38.57049560546875,-3.814697265625e-06,True,False,48,CC(=O)CC(C)C,mol_0a895444a9f0f36b,0.6082000000000001,0.3325,0.32039257884025574,1.0803362131118774,18.807552337646484,CC(C)O,mol_db030b5de88f8eaf,0.3918,0.6675,0.6796074509620667,1.2318753004074097,54.3102912902832,,,,,,,
state_e37815e714f4612cc3465ea5,2c_913ec9aa8f318623c900,2,binary_vle_english.xlsx,10.1016/j.fluid.2014.02.023,unverified,0.5,isothermal,0.9285714285714286,isothermal,,,45.659977947904,33.16490173339844,-3.814697265625e-06,True,False,48,C1CCCCC1,mol_893981623557f359,0.5101,0.9896,0.9871201515197754,1.2227236032485962,52.48860549926758,Nc1ccccc1,mol_8d11fd6c0d4e62a7,0.4899,0.010399999999999965,0.012879889458417892,1.132825255393982,0.7696981430053711,,,,,,,
state_e3bb37886390c4e5b3d178d6,2c_ae99b15d6b25c7962c21,2,binary_vle_english.xlsx,10.1016/j.fluid.2005.05.003,unverified,0.5,isothermal,0.9166666666666666,isothermal,,,14.839979459712,12.437383651733398,0.0,True,False,48,NC1CCCCC1,mol_3cb1d9728851c877,0.726,0.402,0.4521632790565491,1.0308226346969604,7.514563083648682,O,mol_e81dc06beaa39499,0.274,0.598,0.5478367209434509,1.1915254592895508,20.87018394470215,,,,,,,
state_e3c70f0c097e455322b85cfb,2c_56df7cea200b948181e5,2,binary_vle_english.xlsx,10.1016/j.fluid.2007.07.010,unverified,0.5,isothermal,0.9333333333333333,isothermal,,,194.99996188415997,215.14044189453125,0.0,True,False,48,CC(F)F,mol_ed933f1c25fd987c,0.114,0.416,0.5292927622795105,3.3044795989990234,302.28045654296875,CCCC,mol_fadb5806094149e6,0.886,0.5840000000000001,0.4707072377204895,1.0211983919143677,111.9255142211914,,,,,,,
state_e3dfec04710f87a8e793834b,2c_9478a219a5c540597926,2,binary_vle_english.xlsx,10.1016/j.fluid.2009.01.016,unverified,0.5,isothermal,0.9375,isothermal,,,45.499991106304,43.61170196533203,0.0,True,False,48,CC(=O)C(C)(C)C,mol_61a887e37d396488,0.868,0.5265,0.5090541243553162,1.0039420127868652,25.4764347076416,COC(C)(C)C,mol_b614d6fea320c179,0.132,0.4735,0.49094584584236145,1.1399790048599243,142.28720092773438,,,,,,,
state_e3ecffc100d37c71abd852ac,2c_a4e8a38f7f4879124614,2,binary_vle_english.xlsx,10.1016/j.fluid.2012.05.016,unverified,0.5,isothermal,0.9375,isothermal,,,89.34998458624,89.0003662109375,-7.62939453125e-06,True,False,48,CCCO,mol_5fb2f93dc8caa9dc,0.23719999999999997,0.1653,0.16861355304718018,1.5203202962875366,41.61351776123047,CCOC(C)=O,mol_18876b584acc43d4,0.7628,0.8347,0.8313864469528198,1.047538161277771,92.60067749023438,,,,,,,
state_e4536e0ac936078ca60ccaf5,2c_9478a219a5c540597926,2,binary_vle_english.xlsx,10.1016/j.fluid.2009.01.016,unverified,0.5,isothermal,0.9444444444444444,isothermal,,,92.809966680576,91.52850341796875,0.0,True,False,48,CC(=O)C(C)(C)C,mol_61a887e37d396488,0.18079999999999996,0.04379999999999995,0.04115148261189461,1.184846043586731,17.582534790039062,COC(C)(C)C,mol_b614d6fea320c179,0.8192,0.9562,0.9588485360145569,1.0031877756118774,106.7908935546875,,,,,,,
state_e5930f63fe666d17f6b6a717,2c_1490252da7453cbbebe4,2,binary_vle_english.xlsx,10.1016/j.jct.2011.09.007,unverified,0.5,isothermal,0.9444444444444444,isothermal,,,69.530014714624,67.90574645996094,-7.62939453125e-06,True,False,48,CC(C)CC(C)(C)C,mol_57615b5c3546c298,0.5177,0.43579999999999997,0.42748695611953735,1.5541996955871582,36.07815933227539,CC(C)O,mol_db030b5de88f8eaf,0.4823,0.5642,0.5725130438804626,1.484200119972229,54.3102912902832,,,,,,,
state_e5dbc72a38551a03914f7230,2c_ae99b15d6b25c7962c21,2,binary_vle_english.xlsx,10.1016/j.fluid.2005.05.003,unverified,0.5,isothermal,0.9166666666666666,isothermal,,,19.699979740416,16.592666625976562,-1.9073486328125e-06,True,False,48,NC1CCCCC1,mol_3cb1d9728851c877,0.42400000000000004,0.19499999999999995,0.21829494833946228,1.136816143989563,7.514563083648682,O,mol_e81dc06beaa39499,0.576,0.805,0.7817050218582153,1.078972339630127,20.87018394470215,,,,,,,
state_e5e7f6110b701857eef2b83c,2c_a160651817afdffd3182,2,binary_vle_english.xlsx,10.1016/j.fluid.2005.05.024,unverified,0.5,isothermal,0.9583333333333334,isothermal,,,20.620037401984,19.901153564453125,0.0,True,False,48,CC(=O)CC(C)C,mol_0a895444a9f0f36b,0.8104,0.5136000000000001,0.5208562016487122,1.0187615156173706,12.555214881896973,CC(C)O,mol_db030b5de88f8eaf,0.1896,0.4864,0.47914382815361023,1.4197800159454346,35.422950744628906,,,,,,,
state_e6fd21057e72a044f2c4b112,2c_6f361cb0ec8be0b0e6dd,2,binary_vle_english.xlsx,10.1016/j.jct.2012.11.005,unverified,0.5,isothermal,0.9166666666666666,isothermal,,,40.0600385248,35.52549743652344,-3.814697265625e-06,True,False,48,CC(C)OC(C)C,mol_1a0ca8e5eeb68da8,0.34,0.64,0.5990397334098816,1.6756401062011719,37.35390853881836,CCO,mol_f29e20f49d416e54,0.6599999999999999,0.36,0.4009603261947632,1.131914496421814,19.06707000732422,,,,,,,
state_e7aaebeadd6b998ddcb99d77,2c_451f166b8507b1dda896,2,binary_vle_english.xlsx,10.1016/j.fluid.2010.11.026,passed,1.0,isothermal,0.9166666666666666,isothermal,,,94.799936345344,93.86015319824219,-7.62939453125e-06,True,False,48,CCCOC(C)=O,mol_67043ae833ecd0c7,0.09399999999999997,0.08199999999999996,0.07556582242250443,1.068011999130249,70.64845275878906,CCSCC,mol_a7491cfbf016fee6,0.906,0.918,0.9244341850280762,1.0013117790222168,95.6444320678711,,,,,,,
state_e89c0620f2cf663a95669d75,2c_1490252da7453cbbebe4,2,binary_vle_english.xlsx,10.1016/j.fluid.2007.10.016,unverified,0.5,isothermal,0.9615384615384616,isothermal,,,70.259954679424,68.527587890625,0.0,True,False,48,CC(C)CC(C)(C)C,mol_57615b5c3546c298,0.39459999999999995,0.39890000000000003,0.38974180817604065,1.8760353326797485,36.07815933227539,CC(C)O,mol_db030b5de88f8eaf,0.6054,0.6011,0.6102582216262817,1.271904468536377,54.3102912902832,,,,,,,
state_e9068112ce1c2bbda10cdf8c,2c_451f166b8507b1dda896,2,binary_vle_english.xlsx,10.1016/j.fluid.2010.11.026,passed,1.0,isothermal,0.9166666666666666,isothermal,,,76.100007687296,75.22743225097656,0.0,True,False,48,CCCOC(C)=O,mol_67043ae833ecd0c7,0.858,0.8009999999999999,0.807833731174469,1.0025551319122314,70.64845275878906,CCSCC,mol_a7491cfbf016fee6,0.142,0.199,0.19216623902320862,1.0644010305404663,95.6444320678711,,,,,,,
state_e907bcced3d88054ff99e3ff,2c_8b8dfc345b3e095c6955,2,binary_vle_english.xlsx,10.1016/j.jct.2012.10.003,unverified,0.5,isothermal,0.9,isothermal,,,149.399979001856,231.3048095703125,0.0,True,False,48,CC(C)C,mol_cd0696a421ed56d8,0.384,0.31999999999999995,0.37032952904701233,1.785447597503662,124.93803405761719,FC(F)(F)I,mol_b415a9b082dbafac,0.616,0.68,0.6296704411506653,1.2874404191970825,183.649658203125,,,,,,,
state_e9147c7b56b0c0e7aff4e371,2c_3e7cc7d2a95d27d26296,2,binary_vle_english.xlsx,10.1016/j.fluid.2016.12.025,unverified,0.5,isothermal,0.95,isothermal,,,6.499998729472,8.728546142578125,-9.5367431640625e-07,True,False,48,CCCCCCO,mol_eb71ecc709e3f0dc,0.6013,0.22260000000000002,0.23970690369606018,1.108887791633606,3.137932538986206,CCCCO,mol_ad4ef9c6c876ca2f,0.3987,0.7774,0.7602930665016174,1.179931640625,14.106517791748047,,,,,,,
state_e985f06ddfa160e6557d2e49,2c_ae514b5a938c4d83d1c9,2,binary_vle_english.xlsx,10.1016/j.fluid.2014.05.018,unverified,0.5,isothermal,0.8,isothermal,,,492.000067919872,491.7269287109375,0.0,True,False,48,CCCC,mol_fadb5806094149e6,0.2524,0.9244,0.9203177094459534,2.630312442779541,681.6557006835938,CCO,mol_f29e20f49d416e54,0.7476,0.0756,0.07968225330114365,1.1039543151855469,47.47502517700195,,,,,,,
state_e9b3685e54e6ec1b7efd36a7,2c_913ec9aa8f318623c900,2,binary_vle_english.xlsx,10.1016/j.fluid.2014.02.023,unverified,0.5,isothermal,0.9285714285714286,isothermal,,,25.02994136832,7.734692573547363,0.0,True,False,48,C1CCCCC1,mol_893981623557f359,0.0835,0.9814,0.9085087776184082,1.6033217906951904,52.48860549926758,Nc1ccccc1,mol_8d11fd6c0d4e62a7,0.9165,0.01859999999999995,0.09149120002985,1.0031583309173584,0.7696981430053711,,,,,,,
state_ea2a1fd8a93431a8ae031129,2c_68be6b27ffcb3843add8,2,binary_vle_english.xlsx,10.1016/j.fluid.2010.09.023,unverified,0.5,isothermal,0.8571428571428571,isothermal,,,479.50002934092794,512.3157958984375,0.0,True,False,48,CCC#N,mol_abe9c8e175e3ffb6,0.0,0.0,0.0,10.456587791442871,16.952571868896484,CCCC,mol_fadb5806094149e6,1.0,1.0,1.0,1.0,512.3157958984375,,,,,,,
state_d94ff64996e0fe999c9ce6e4,2c_74caf60139062b8ca437,2,binary_vle_english.xlsx,10.1016/j.fluid.2010.08.010,unverified,0.5,isobaric,0.9411764705882353,isobaric,417.65,409.6201477050781,,,6.103515625e-05,True,False,48,CCCCCCO,mol_eb71ecc709e3f0dc,0.28890000000000005,0.2146,0.2483188360929489,1.557340383529663,52.76388931274414,Cc1ccccc1C,mol_61c4de85d258b45d,0.7111,0.7854,0.7516812086105347,1.1263206005096436,89.7220458984375,,,,,,,
state_d9c24eb746437129f027d943,3c_1a08c4f653f7d812cdc9,3,ternary_vle_english.xlsx,10.1016/j.jct.2019.03.036,unverified,0.5,isobaric,0.972972972972973,isobaric,374.28999999999996,368.8185119628906,,,6.103515625e-05,True,False,48,CCCOC(C)=O,mol_67043ae833ecd0c7,0.1033,0.1348,0.10895565897226334,1.2420744895935059,86.02234649658203,CCOC(C)=O,mol_18876b584acc43d4,0.3923,0.8374,0.8638893365859985,1.2538398504257202,177.91278076171875,CS(C)=O,mol_7d3e12eaed0f467c,0.5044,0.027799999999999936,0.027154959738254547,1.1775710582733154,4.631230354309082
state_d9f4c2adf2e5597dbeb403b1,2c_1490252da7453cbbebe4,2,binary_vle_english.xlsx,10.1016/j.jct.2011.10.025,unverified,0.5,isobaric,0.9545454545454546,isobaric,372.37,374.5591735839844,,,7.62939453125e-06,True,False,48,CC(C)CC(C)(C)C,mol_57615b5c3546c298,1.0,1.0,1.0,1.0,101.29994201660156,CC(C)O,mol_db030b5de88f8eaf,0.0,0.0,0.0,7.4322710037231445,199.52041625976562,,,,,,,
state_da1961c8d76676308c77fa09,2c_7b12ee2d0e35e39326bc,2,binary_vle_english.xlsx,10.1016/j.fluid.2011.08.007,unverified,0.5,isobaric,0.9666666666666667,isobaric,338.21,338.9887390136719,,,8.392333984375e-05,True,False,48,CCOCCO,mol_ab8630148ae67e51,0.10099999999999998,0.008000000000000007,0.007188181392848492,1.0190283060073853,6.5175862312316895,CO,mol_a85d32e4db2ff39c,0.899,0.992,0.9928118586540222,0.9956799745559692,103.50537872314453,,,,,,,
state_da226cd1beddb4247ef55b05,2c_97830bff71af0df3111e,2,binary_vle_english.xlsx,10.1016/j.fluid.2018.03.015,unverified,0.5,isobaric,0.9090909090909091,isobaric,334.34999999999997,335.9723815917969,,,0.000518798828125,True,False,48,CCO,mol_f29e20f49d416e54,0.528,0.30500000000000005,0.3442109227180481,1.2367370128631592,53.39796829223633,ClC(Cl)Cl,mol_d9e0a2387a6283f9,0.472,0.695,0.6557890772819519,1.3749662637710571,102.3626480102539,,,,,,,
state_da55ed2477b5be9996ce44b5,3c_50c0ded265c297b30405,3,ternary_vle_english.xlsx,10.1016/j.fluid.2015.03.013,unverified,0.5,isobaric,0.9333333333333333,isobaric,401.08,401.58294677734375,,,0.00022125244140625,True,False,48,CC(=O)N(C)C,mol_b8ccf255e2b62919,0.622,0.21399999999999997,0.19145512580871582,0.9167734980583191,34.01141357421875,CCC(C)O,mol_06affb0d2c6c8ff2,0.323,0.627,0.6770414710044861,0.7932804822921753,267.6677551269531,CCC(C)OC(C)=O,mol_879306ab1082c162,0.055,0.159,0.1315034180879593,1.4744811058044434,164.26507568359375
state_da7a8b4b1dffb5c27cbd3a83,2c_8d6240d515d92725f365,2,binary_vle_english.xlsx,10.1016/j.fluid.2015.05.031,unverified,0.5,isobaric,0.96875,isobaric,305.89,306.5515441894531,,,0.00109100341796875,True,False,48,CCCCCCCC,mol_8151bb583f7f3ebd,0.09499999999999997,0.017000000000000015,0.014379769563674927,4.680419921875,3.2767481803894043,COC=O,mol_3beef90b23ffcece,0.905,0.983,0.9856202602386475,1.0297809839248657,107.15581512451172,,,,,,,
state_da7cfaefd08894b8588095c7,3c_f0c258463b44c2183ab7,3,ternary_vle_english.xlsx,10.1016/j.fluid.2005.03.014,unverified,0.5,isobaric,0.9767441860465116,isobaric,383.29999999999995,383.73468017578125,,,2.288818359375e-05,True,False,48,CC(=O)OCC(C)C,mol_e7eb29ad965cc8ee,0.582,0.515,0.5163199305534363,1.0751453638076782,83.58684539794922,CC(C)CO,mol_015d21fca05fcd26,0.384,0.47,0.4732551872730255,1.1303942203521729,110.44434356689453,CN(C)C=O,mol_ca12d6d2f2ffb170,0.03400000000000003,0.015000000000000013,0.01042492501437664,1.0929995775222778,28.41733169555664
state_dacc9392a9d11ae8c22332b1,2c_35cc53cd52979773cfcb,2,binary_vle_english.xlsx,10.1016/j.fluid.2015.08.014,unverified,0.5,isobaric,0.9473684210526315,isobaric,454.75,455.6651916503906,,,9.918212890625e-05,True,False,48,CO,mol_a85d32e4db2ff39c,0.014,0.206,0.23024122416973114,0.5667367577552795,2939.566162109375,CS(C)=O,mol_7d3e12eaed0f467c,0.986,0.794,0.7697587609291077,0.9998448491096497,79.09603118896484,,,,,,,
state_dbcb46f9707b8a273e4f2292,2c_97830bff71af0df3111e,2,binary_vle_english.xlsx,10.1016/j.fluid.2018.03.015,unverified,0.5,isobaric,0.9090909090909091,isobaric,346.4,346.0041198730469,,,2.288818359375e-05,True,False,48,CCO,mol_f29e20f49d416e54,0.915,0.771,0.7299407720565796,1.0046840906143188,80.43521881103516,ClC(Cl)Cl,mol_d9e0a2387a6283f9,0.085,0.229,0.2700592279434204,2.281644582748413,141.05918884277344,,,,,,,
state_dbdc43807ed54d92166957f6,3c_f0c258463b44c2183ab7,3,ternary_vle_english.xlsx,10.1016/j.fluid.2005.03.014,unverified,0.5,isobaric,0.9767441860465116,isobaric,387.94,387.91314697265625,,,9.918212890625e-05,True,False,48,CC(=O)OCC(C)C,mol_e7eb29ad965cc8ee,0.486,0.538,0.5329927802085876,1.162666916847229,95.55189514160156,CC(C)CO,mol_015d21fca05fcd26,0.309,0.393,0.39848050475120544,1.0187026262283325,128.23623657226562,CN(C)C=O,mol_ca12d6d2f2ffb170,0.20500000000000007,0.06899999999999995,0.06852676719427109,1.032601237297058,32.79316329956055
state_dbf966765d7e9c3d19415be2,2c_165952a69a69e7a8d3f6,2,binary_vle_english.xlsx,10.1016/j.fluid.2005.01.007,unverified,0.5,isobaric,0.9545454545454546,isobaric,353.82,356.77630615234375,,,1.52587890625e-05,True,False,48,CC(C)CC(C)(C)C,mol_57615b5c3546c298,0.943,0.5700000000000001,0.5733104348182678,1.0088516473770142,61.05845260620117,CCO,mol_f29e20f49d416e54,0.057,0.43,0.4266895651817322,6.231212615966797,121.71932220458984,,,,,,,
state_dc0545aeeb774edcafcb2c34,2c_6eb2e45afed5017e5e33,2,binary_vle_english.xlsx,10.1016/j.fluid.2014.09.021,unverified,0.5,isobaric,0.95,isobaric,391.97999999999996,392.039306640625,,,0.00026702880859375,True,False,48,CCC(C)OC(C)=O,mol_879306ab1082c162,0.561,0.79,0.803540825843811,1.1753480434417725,123.44937896728516,CN(C)C=O,mol_ca12d6d2f2ffb170,0.43899999999999995,0.20999999999999996,0.19645912945270538,1.2036898136138916,37.66200256347656,,,,,,,
state_dc1c4a7915b2846199d59064,2c_03bd4325b126d2709459,2,binary_vle_english.xlsx,10.1016/j.fluid.2011.10.009,unverified,0.5,isobaric,0.9333333333333333,isobaric,401.4,397.5996398925781,,,0.00025177001953125,True,False,48,C1CCCCC1,mol_893981623557f359,0.16700000000000004,0.523,0.597478449344635,1.0850777626037598,334.0066833496094,CCCCCCCCC,mol_dd70207e50d8bf63,0.833,0.477,0.402521550655365,1.0022101402282715,48.84224319458008,,,,,,,
state_dc2bdbbb9c4b1f199e3159e5,2c_61469365e9d7838600a7,2,binary_vle_english.xlsx,10.1016/j.fluid.2015.05.031,unverified,0.5,isobaric,0.9629629629629629,isobaric,306.24,307.1266174316406,,,0.00101470947265625,True,False,48,CCCCCCC,mol_fddb2c852c313396,0.22999999999999998,0.06000000000000005,0.04929559305310249,2.3028690814971924,9.429967880249023,COC=O,mol_3beef90b23ffcece,0.77,0.94,0.9507043957710266,1.1437890529632568,109.37248992919922,,,,,,,
state_dc81e6d501abae16ed672a08,2c_9f331b7867f625e21322,2,binary_vle_english.xlsx,10.1016/j.jct.2015.03.013,unverified,0.5,isobaric,0.9090909090909091,isobaric,363.09999999999997,362.1806335449219,,,0.00028228759765625,True,False,48,CCC(C)=O,mol_4cfc5db0ca2ab00b,0.3367,0.7349,0.7433005571365356,1.1461420059204102,143.49635314941406,COCCO,mol_d291b272a64498d9,0.6633,0.2651,0.25669941306114197,1.0346025228500366,27.867582321166992,,,,,,,
state_dcca3602e46592b1623be3ff,2c_a1a0cf7c2f4fd070fb84,2,binary_vle_english.xlsx,10.1016/j.jct.2018.03.019,unverified,0.5,isobaric,0.95,isobaric,334.12,334.1926574707031,,,0.00057220458984375,True,False,48,CC(C)=O,mol_e04cf77cea7bbe66,0.8503,0.9965,0.9965366125106812,1.006348967552185,117.97339630126953,O=Cc1ccco1,mol_cfdccd30b0689448,0.14970000000000006,0.0034999999999999476,0.0034634352196007967,1.04701828956604,2.2384254932403564,,,,,,,
state_dcdfdc5d0a1016867480492a,2c_f0a592d91b289fcd0778,2,binary_vle_english.xlsx,10.1016/j.fluid.2005.01.007,unverified,0.5,isobaric,0.9545454545454546,isobaric,329.26,329.6813659667969,,,-8.392333984375e-05,True,False,48,CC(C)=O,mol_e04cf77cea7bbe66,1.0,1.0,1.0,1.0,101.3198471069336,CC(C)CC(C)(C)C,mol_57615b5c3546c298,0.0,0.0,0.0,3.5614612102508545,25.418407440185547,,,,,,,
state_dce62d7c9da080657490e186,2c_8d6240d515d92725f365,2,binary_vle_english.xlsx,10.1016/j.fluid.2015.05.031,unverified,0.5,isobaric,0.96875,isobaric,309.95,313.60748291015625,,,0.0001220703125,True,False,48,CCCCCCCC,mol_8151bb583f7f3ebd,0.654,0.030000000000000027,0.031403861939907074,1.0580940246582031,4.598079204559326,COC=O,mol_3beef90b23ffcece,0.346,0.97,0.9685961604118347,2.0696442127227783,137.04600524902344,,,,,,,
state_dcf46b69b8e7b610e8a743d7,2c_8227101c64130ee5e04f,2,binary_vle_english.xlsx,10.1016/j.jct.2017.07.019,unverified,0.5,isobaric,0.9411764705882353,isobaric,367.37,371.2343444824219,,,0.0,True,False,48,O,mol_e81dc06beaa39499,0.9201,0.7811,0.8863489627838135,1.0135250091552734,96.28185272216797,OCC(F)(F)C(F)F,mol_48469952cf716332,0.0799,0.2189,0.11365102976560593,2.1404123306274414,67.31910705566406,,,,,,,
state_ddd38c4beb08cfdc6182dd76,2c_d66c7a74cea5d8732e08,2,binary_vle_english.xlsx,10.1016/j.jct.2016.10.001,unverified,0.5,isobaric,0.9375,isobaric,364.4,366.3658142089844,,,-3.814697265625e-05,True,False,48,CC(C)O,mol_db030b5de88f8eaf,0.017,0.282,0.21683134138584137,8.622417449951172,149.84873962402344,O,mol_e81dc06beaa39499,0.983,0.718,0.7831686735153198,1.0012798309326172,80.60376739501953,,,,,,,
state_dded2407b721e3766393b8da,3c_f0c258463b44c2183ab7,3,ternary_vle_english.xlsx,10.1016/j.fluid.2005.03.014,unverified,0.5,isobaric,0.9767441860465116,isobaric,390.9,390.5822448730469,,,0.00030517578125,True,False,48,CC(=O)OCC(C)C,mol_e7eb29ad965cc8ee,0.686,0.759,0.7563309669494629,1.074721097946167,103.9207992553711,CC(C)CO,mol_015d21fca05fcd26,0.103,0.144,0.15018394589424133,1.048762321472168,140.83795166015625,CN(C)C=O,mol_ca12d6d2f2ffb170,0.21099999999999997,0.09699999999999998,0.09348510205745697,1.2509843111038208,35.877201080322266
state_de114b08d947c25cf859d642,2c_f6f5f309e3d6c1952684,2,binary_vle_english.xlsx,10.1016/j.fluid.2012.12.020,passed,1.0,isobaric,0.9545454545454546,isobaric,395.92999999999995,394.25787353515625,,,9.918212890625e-05,True,False,48,CCCCCO,mol_243de2450bee5519,0.3087,0.17500000000000004,0.18387077748775482,1.2201282978057861,49.30514144897461,CCCCO,mol_ad4ef9c6c876ca2f,0.6913,0.825,0.816129207611084,1.044862985610962,114.11813354492188,,,,,,,
state_de8d915a78d0d1e1eb7433c0,2c_6eb2e45afed5017e5e33,2,binary_vle_english.xlsx,10.1016/j.fluid.2014.09.021,unverified,0.5,isobaric,0.95,isobaric,391.08,391.0771179199219,,,0.00012969970703125,True,False,48,CCC(C)OC(C)=O,mol_879306ab1082c162,0.61,0.817,0.823786199092865,1.1414283514022827,119.85212707519531,CN(C)C=O,mol_ca12d6d2f2ffb170,0.39,0.18300000000000005,0.17621386051177979,1.2548381090164185,36.475181579589844,,,,,,,
state_dea22424bacdc41085e8931f,2c_7b12ee2d0e35e39326bc,2,binary_vle_english.xlsx,10.1016/j.fluid.2011.08.007,unverified,0.5,isobaric,0.9642857142857143,isobaric,358.15,358.9097595214844,,,-1.52587890625e-05,True,False,48,CCOCCO,mol_ab8630148ae67e51,0.742,0.17400000000000004,0.1765064299106598,0.9975443482398987,15.896060943603516,CO,mol_a85d32e4db2ff39c,0.258,0.826,0.8234935402870178,0.9952077269554138,213.79220581054688,,,,,,,
state_dec4e4334a0f8a142ed286b9,2c_6f361cb0ec8be0b0e6dd,2,binary_vle_english.xlsx,10.1016/j.fluid.2006.08.004,unverified,0.5,isobaric,0.95,isobaric,339.34,340.8157043457031,,,8.392333984375e-05,True,False,48,CC(C)OC(C)C,mol_1a0ca8e5eeb68da8,0.338,0.523,0.5084819793701172,1.650633454322815,92.32467651367188,CCO,mol_f29e20f49d416e54,0.6619999999999999,0.477,0.4915179908275604,1.1522796154022217,65.2729263305664,,,,,,,
state_df80bdbd4879186fa1831147,2c_35cc53cd52979773cfcb,2,binary_vle_english.xlsx,10.1016/j.fluid.2015.08.014,unverified,0.5,isobaric,0.9473684210526315,isobaric,448.42999999999995,447.92840576171875,,,0.0008544921875,True,False,48,CO,mol_a85d32e4db2ff39c,0.027,0.341,0.38339781761169434,0.5788248777389526,2485.1435546875,CS(C)=O,mol_7d3e12eaed0f467c,0.973,0.659,0.6166021823883057,0.9994330406188965,64.23198699951172,,,,,,,
state_df818f51a84ee3de357d57eb,2c_1490252da7453cbbebe4,2,binary_vle_english.xlsx,10.1016/j.jct.2011.10.025,unverified,0.5,isobaric,0.9545454545454546,isobaric,349.84999999999997,350.2392272949219,,,-7.62939453125e-06,True,False,48,CC(C)CC(C)(C)C,mol_57615b5c3546c298,0.30700000000000005,0.352,0.3449895977973938,2.2749218940734863,50.039188385009766,CC(C)O,mol_db030b5de88f8eaf,0.693,0.648,0.6550103425979614,1.167309284210205,82.0234603881836,,,,,,,
state_df89c37cdf3c455b4bbf4ca3,2c_5e274a8981b66e0477e8,2,binary_vle_english.xlsx,10.1016/j.fluid.2005.02.014,passed,1.0,isobaric,0.9166666666666666,isobaric,331.15,331.1236877441406,,,0.0,True,False,48,C1CCOCC1,mol_626f3d1f5bbb6f55,0.8963,0.8138,0.8100760579109192,1.000128984451294,36.14738082885742,CCC(C)Cl,mol_9f4835d3aad75f1c,0.10370000000000001,0.18620000000000003,0.18992392718791962,1.0284881591796875,71.2298583984375,,,,,,,
state_dfb737651b07dc678974d92b,2c_97830bff71af0df3111e,2,binary_vle_english.xlsx,10.1016/j.fluid.2018.03.015,unverified,0.5,isobaric,0.9090909090909091,isobaric,338.65,338.8263244628906,,,0.00019073486328125,True,False,48,CCO,mol_f29e20f49d416e54,0.72,0.45699999999999996,0.45667293667793274,1.0682390928268433,60.147037506103516,ClC(Cl)Cl,mol_d9e0a2387a6283f9,0.28,0.543,0.5433270335197449,1.74950110912323,112.3567123413086,,,,,,,
state_dfce768141e14d9baf5c5685,2c_42d2383a8e4daebeb5e1,2,binary_vle_english.xlsx,10.1016/j.fluid.2010.08.002,unverified,0.5,isobaric,0.9230769230769231,isobaric,372.39,374.1320495605469,,,-7.62939453125e-06,True,False,48,CCCCCCC,mol_fddb2c852c313396,0.309,0.837,0.8322059512138367,1.9849307537078857,108.54670715332031,CCCOCCO,mol_770d75a3bb2412ce,0.6910000000000001,0.16300000000000003,0.16779404878616333,1.1049007177352905,17.581865310668945,,,,,,,
state_dff00c5cee5ee6e3de2bedc0,2c_8d6240d515d92725f365,2,binary_vle_english.xlsx,10.1016/j.fluid.2015.05.031,unverified,0.5,isobaric,0.96875,isobaric,305.33,305.7132873535156,,,0.0013885498046875,True,False,48,CCCCCCCC,mol_8151bb583f7f3ebd,0.038000000000000034,0.010000000000000009,0.007793055847287178,6.608652114868164,3.144214391708374,COC=O,mol_3beef90b23ffcece,0.962,0.99,0.9922069311141968,1.0049256086349487,103.9906005859375,,,,,,,
state_e01207f40843ccae240b820e,2c_8227101c64130ee5e04f,2,binary_vle_english.xlsx,10.1016/j.jct.2017.07.019,unverified,0.5,isobaric,0.9411764705882353,isobaric,368.2,372.2529296875,,,0.00012969970703125,True,False,48,O,mol_e81dc06beaa39499,0.515,0.6531,0.6342644691467285,1.2492072582244873,99.87076568603516,OCC(F)(F)C(F)F,mol_48469952cf716332,0.485,0.3469,0.3657355308532715,1.0945197343826294,69.79295349121094,,,,,,,
state_e039eef642dfe25fc2d05675,2c_61469365e9d7838600a7,2,binary_vle_english.xlsx,10.1016/j.fluid.2015.05.031,unverified,0.5,isobaric,0.9629629629629629,isobaric,350.78999999999996,353.80487060546875,,,0.0013275146484375,True,False,48,CCCCCCC,mol_fddb2c852c313396,0.958,0.518,0.5394068360328674,1.0001592636108398,57.040374755859375,COC=O,mol_3beef90b23ffcece,0.042,0.482,0.4605931043624878,2.407021999359131,461.6242980957031,,,,,,,
state_e08902f95e176c4370b423d8,2c_82cfa7a14fa3ab1984f1,2,binary_vle_english.xlsx,10.1016/j.jct.2019.07.006,unverified,0.5,isobaric,0.9333333333333333,isobaric,349.79999999999995,354.84686279296875,,,-6.866455078125e-05,True,False,48,CC#N,mol_7028b7cbd3d829b4,0.7792,0.7258,0.7851811051368713,1.0453391075134277,97.65007019042969,O,mol_e81dc06beaa39499,0.2208,0.2742,0.21481886506080627,1.8984122276306152,51.914859771728516,,,,,,,
state_e09eb2d5aaa9bbc04381e572,2c_d66c7a74cea5d8732e08,2,binary_vle_english.xlsx,10.1016/j.jct.2017.02.005,unverified,0.5,isobaric,0.96875,isobaric,353.54999999999995,354.0364074707031,,,-9.1552734375e-05,True,False,48,CC(C)O,mol_db030b5de88f8eaf,0.476,0.592,0.5745133757591248,1.2705307006835938,94.99655151367188,O,mol_e81dc06beaa39499,0.524,0.40800000000000003,0.42548659443855286,1.6150057315826416,50.27827072143555,,,,,,,
state_e0c7d48055369d372b5e037e,2c_5e274a8981b66e0477e8,2,binary_vle_english.xlsx,10.1016/j.fluid.2005.02.014,passed,1.0,isobaric,0.9166666666666666,isobaric,357.34999999999997,356.4187927246094,,,-1.52587890625e-05,True,False,48,C1CCOCC1,mol_626f3d1f5bbb6f55,0.8147,0.7185,0.6966522932052612,1.002449631690979,86.4101791381836,CCC(C)Cl,mol_9f4835d3aad75f1c,0.18530000000000002,0.2815,0.30334770679473877,1.0443508625030518,158.79176330566406,,,,,,,
state_e0ca5d1ece01e3aa4778c9d1,2c_8227101c64130ee5e04f,2,binary_vle_english.xlsx,10.1016/j.jct.2017.07.019,unverified,0.5,isobaric,0.9411764705882353,isobaric,366.9,370.8321533203125,,,5.340576171875e-05,True,False,48,O,mol_e81dc06beaa39499,0.8374,0.7476,0.8226746916770935,1.0487204790115356,94.89532470703125,OCC(F)(F)C(F)F,mol_48469952cf716332,0.1626,0.2524,0.1773253232240677,1.6646904945373535,66.3630142211914,,,,,,,
state_e1169389c3844b7851d91f50,2c_165952a69a69e7a8d3f6,2,binary_vle_english.xlsx,10.1016/j.fluid.2005.01.007,unverified,0.5,isobaric,0.9545454545454546,isobaric,348.55999999999995,352.49505615234375,,,0.00043487548828125,True,False,48,CC(C)CC(C)(C)C,mol_57615b5c3546c298,0.903,0.46599999999999997,0.49012520909309387,1.0252176523208618,53.641380310058594,CCO,mol_f29e20f49d416e54,0.097,0.534,0.5098748207092285,5.142999172210693,103.55524444580078,,,,,,,
state_e11d22c6cae5b504cd6b4879,2c_f6f5f309e3d6c1952684,2,binary_vle_english.xlsx,10.1016/j.fluid.2012.12.020,passed,1.0,isobaric,0.9545454545454546,isobaric,410.0,411.1817626953125,,,6.866455078125e-05,True,False,48,CCCCCO,mol_243de2450bee5519,0.956,0.9259,0.8629977107048035,1.0012257099151611,91.06285858154297,CCCCO,mol_ad4ef9c6c876ca2f,0.044,0.0741,0.13700230419635773,1.5454323291778564,203.49169921875,,,,,,,
state_e13478d415fc4c8bcdef5ffe,2c_972bb6b6305c64cb2237,2,binary_vle_english.xlsx,10.1016/j.jct.2017.07.019,unverified,0.5,isobaric,0.95,isobaric,353.77,374.5419921875,,,-3.814697265625e-05,True,False,48,ClC(Cl)Cl,mol_d9e0a2387a6283f9,0.09409999999999996,0.6608,0.32341665029525757,1.0889673233032227,319.7178649902344,OCC(F)(F)C(F)F,mol_48469952cf716332,0.9059,0.3392,0.6765834093093872,1.0002939701080322,75.63493347167969,,,,,,,
state_e1883421975e602712ced9e9,2c_8d6240d515d92725f365,2,binary_vle_english.xlsx,10.1016/j.fluid.2015.05.031,unverified,0.5,isobaric,0.96875,isobaric,371.94,376.1932373046875,,,1.52587890625e-05,True,False,48,CCCCCCCC,mol_8151bb583f7f3ebd,0.974,0.44599999999999995,0.5115019083023071,0.9998600482940674,53.216224670410156,COC=O,mol_3beef90b23ffcece,0.026,0.554,0.4884980618953705,2.3464584350585938,811.281494140625,,,,,,,
state_e198d137ef2e588e55f967db,2c_4c757308eefec1e2dd80,2,binary_vle_english.xlsx,10.1016/j.fluid.2011.11.020,unverified,0.5,isobaric,0.9444444444444444,isobaric,344.08,349.7611389160156,,,0.0018157958984375,True,False,48,C=C(C)C(C)C,mol_6f1c44bf29e6107c,0.22560000000000002,0.4867,0.3171541094779968,1.6094261407852173,88.5128402709961,c1ccsc1,mol_7953343be0b435d5,0.7744,0.5133,0.682845950126648,1.0515936613082886,84.96802520751953,,,,,,,
state_e1bea5d7f219c39c5333fec2,2c_42d2383a8e4daebeb5e1,2,binary_vle_english.xlsx,10.1016/j.fluid.2010.08.002,unverified,0.5,isobaric,0.9230769230769231,isobaric,374.64,375.1971740722656,,,-1.52587890625e-05,True,False,48,CCCCCCC,mol_fddb2c852c313396,0.528,0.88,0.8820708990097046,1.4908901453018188,112.05313873291016,CCCOCCO,mol_770d75a3bb2412ce,0.472,0.12,0.11792910844087601,1.3618584871292114,18.346242904663086,,,,,,,
state_e1f593d1efc3950036c8a3ce,2c_d66c7a74cea5d8732e08,2,binary_vle_english.xlsx,10.1016/j.fluid.2017.09.010,unverified,0.5,isobaric,0.9473684210526315,isobaric,353.59999999999997,354.2580871582031,,,5.340576171875e-05,True,False,48,CC(C)O,mol_db030b5de88f8eaf,0.8618,0.8277,0.826803982257843,1.011413812637329,95.80509948730469,O,mol_e81dc06beaa39499,0.1382,0.1723,0.17319601774215698,2.4955098628997803,50.72148895263672,,,,,,,
state_e27112d6fe166d699b926187,2c_61469365e9d7838600a7,2,binary_vle_english.xlsx,10.1016/j.fluid.2015.05.031,unverified,0.5,isobaric,0.9629629629629629,isobaric,325.59,328.8792419433594,,,-3.0517578125e-05,True,False,48,CCCCCCC,mol_fddb2c852c313396,0.843,0.18899999999999995,0.19466514885425568,1.0063960552215576,23.248046875,COC=O,mol_3beef90b23ffcece,0.157,0.811,0.8053348064422607,2.308558464050293,225.12860107421875,,,,,,,
state_e29f6495e9292747bb2c5bb9,2c_df88b179a6c12f0b788b,2,binary_vle_english.xlsx,10.1016/j.jct.2006.12.003,unverified,0.5,isobaric,0.9333333333333333,isobaric,375.75,376.36944580078125,,,5.340576171875e-05,True,False,48,Cc1ccccc1,mol_1c09299644053521,0.8180000000000001,0.6619999999999999,0.6664581298828125,0.9991858005523682,82.60050201416016,ClCCCl,mol_e8df6c9e89c6b62a,0.182,0.338,0.3335419297218323,0.9843460321426392,188.59954833984375,,,,,,,
state_e2da89e3c1299a47367c3354,2c_e923997b8f9df5a64a73,2,binary_vle_english.xlsx,10.1016/j.fluid.2018.03.011,unverified,0.5,isobaric,0.9090909090909091,isobaric,334.75,335.3406982421875,,,0.00038909912109375,True,False,48,CC(C)O,mol_db030b5de88f8eaf,0.20499999999999996,0.14600000000000002,0.165459543466568,1.831322431564331,44.64614486694336,ClC(Cl)Cl,mol_d9e0a2387a6283f9,0.795,0.854,0.8345404863357544,1.060712456703186,100.25209045410156,,,,,,,
state_e344558f03194adf7f2b049b,2c_d66c7a74cea5d8732e08,2,binary_vle_english.xlsx,10.1016/j.jct.2006.04.006,unverified,0.5,isobaric,0.9444444444444444,isobaric,354.2,355.51611328125,,,3.0517578125e-05,True,False,48,CC(C)O,mol_db030b5de88f8eaf,0.167,0.551,0.5157827138900757,3.1129393577575684,100.50529479980469,O,mol_e81dc06beaa39499,0.833,0.44899999999999995,0.4842173159122467,1.104773998260498,53.30048370361328,,,,,,,
state_e3462b9ef03875cf8ed124cf,2c_7b12ee2d0e35e39326bc,2,binary_vle_english.xlsx,10.1016/j.fluid.2011.08.007,unverified,0.5,isobaric,0.9666666666666667,isobaric,346.33,346.6007080078125,,,0.00164031982421875,True,False,48,CCOCCO,mol_ab8630148ae67e51,0.348,0.039000000000000035,0.03511825576424599,1.0154120922088623,9.274575233459473,CO,mol_a85d32e4db2ff39c,0.652,0.961,0.9648817181587219,1.0013741254806519,137.9154052734375,,,,,,,
state_e3ba8003db0f93019d2c0f32,2c_7b12ee2d0e35e39326bc,2,binary_vle_english.xlsx,10.1016/j.fluid.2011.08.007,unverified,0.5,isobaric,0.9642857142857143,isobaric,355.17999999999995,356.01312255859375,,,-4.57763671875e-05,True,False,48,CCOCCO,mol_ab8630148ae67e51,0.7050000000000001,0.14700000000000002,0.14825013279914856,0.9976784586906433,14.050127983093262,CO,mol_a85d32e4db2ff39c,0.295,0.853,0.8517498970031738,0.9953594207763672,193.36373901367188,,,,,,,
state_e3d05137bafd4c3cf8b1ea45,2c_9f331b7867f625e21322,2,binary_vle_english.xlsx,10.1016/j.jct.2015.03.013,unverified,0.5,isobaric,0.9090909090909091,isobaric,350.59999999999997,349.5919494628906,,,-6.866455078125e-05,True,False,48,CCC(C)=O,mol_4cfc5db0ca2ab00b,0.6822,0.9437,0.9198185801506042,1.0449942350387573,96.12413787841797,COCCO,mol_d291b272a64498d9,0.31779999999999997,0.05630000000000002,0.08018138259649277,1.1458860635757446,16.403409957885742,,,,,,,
state_e3d51c0ccd6bf55a0a295442,2c_165952a69a69e7a8d3f6,2,binary_vle_english.xlsx,10.1016/j.fluid.2007.06.005,unverified,0.5,isobaric,0.9545454545454546,isobaric,346.15999999999997,347.8158264160156,,,0.000274658203125,True,False,48,CC(C)CC(C)(C)C,mol_57615b5c3546c298,0.09799999999999998,0.244,0.2143508940935135,4.776039123535156,46.39185333251953,CCO,mol_f29e20f49d416e54,0.902,0.756,0.7856491208076477,1.0212880373001099,86.39411926269531,,,,,,,
state_e43ba5ff70e124cc3523af1e,2c_82cfa7a14fa3ab1984f1,2,binary_vle_english.xlsx,10.1016/j.jct.2019.07.006,unverified,0.5,isobaric,0.9333333333333333,isobaric,356.72999999999996,365.1373291015625,,,2.288818359375e-05,True,False,48,CC#N,mol_7028b7cbd3d829b4,0.0739,0.5218,0.28874894976615906,2.880112648010254,137.4281768798828,O,mol_e81dc06beaa39499,0.9261,0.47819999999999996,0.7112510204315186,1.0102328062057495,77.0110092163086,,,,,,,
state_e49e10fb930cf14da709b27e,2c_74a658fab9cc22057bbd,2,binary_vle_english.xlsx,10.1016/j.jct.2019.03.036,unverified,0.5,isobaric,0.9473684210526315,isobaric,410.25,406.58477783203125,,,0.00012969970703125,True,False,48,CCCOC(C)=O,mol_67043ae833ecd0c7,0.17,0.8144,0.8453966379165649,1.8145655393600464,277.61865234375,CS(C)=O,mol_7d3e12eaed0f467c,0.83,0.1856,0.15460334718227386,1.021902322769165,18.46465301513672,,,,,,,
state_e4a25ae456883a85a9b23cfc,2c_35cc53cd52979773cfcb,2,binary_vle_english.xlsx,10.1016/j.fluid.2015.08.014,unverified,0.5,isobaric,0.9473684210526315,isobaric,364.53,365.345703125,,,6.103515625e-05,True,False,48,CO,mol_a85d32e4db2ff39c,0.49,0.985,0.9808406829833984,0.7631062865257263,265.7215576171875,CS(C)=O,mol_7d3e12eaed0f467c,0.51,0.015000000000000013,0.01915932446718216,0.9466512799263,4.020031452178955,,,,,,,
state_e4abc321f4da42eb31ff6453,2c_d66c7a74cea5d8732e08,2,binary_vle_english.xlsx,10.1016/j.jct.2016.10.001,unverified,0.5,isobaric,0.9375,isobaric,355.5,355.72381591796875,,,7.62939453125e-06,True,False,48,CC(C)O,mol_db030b5de88f8eaf,1.0,1.0,1.0,1.0,101.29994201660156,O,mol_e81dc06beaa39499,0.0,0.0,0.0,2.8819727897644043,53.73691940307617,,,,,,,
state_e511f838a43f15d5faf3f6a8,2c_42d2383a8e4daebeb5e1,2,binary_vle_english.xlsx,10.1016/j.fluid.2010.08.002,unverified,0.5,isobaric,0.9333333333333333,isobaric,354.7,355.3226013183594,,,-2.6702880859375e-05,True,False,48,CCCCCCC,mol_fddb2c852c313396,1.0,1.0,1.0,1.0,59.99997329711914,CCCOCCO,mol_770d75a3bb2412ce,0.0,0.0,0.0,5.8949809074401855,7.951059341430664,,,,,,,
state_e552f0aece3ebe67c989f95f,2c_4c757308eefec1e2dd80,2,binary_vle_english.xlsx,10.1016/j.fluid.2011.11.020,unverified,0.5,isobaric,0.9444444444444444,isobaric,342.46,349.19219970703125,,,-1.52587890625e-05,True,False,48,C=C(C)C(C)C,mol_6f1c44bf29e6107c,0.2741,0.5475,0.35756582021713257,1.506284236907959,87.75629425048828,c1ccsc1,mol_7953343be0b435d5,0.7259,0.4525,0.6424341797828674,1.0750384330749512,83.4192123413086,,,,,,,
state_e5532e0deaec6f67626c19ca,2c_60db84011f520a374b2a,2,binary_vle_english.xlsx,10.1016/j.fluid.2013.09.060,passed,1.0,isobaric,0.9375,isobaric,334.09999999999997,335.2076110839844,,,0.00049591064453125,True,False,48,C1CCOC1,mol_c59bfa659357f795,0.83,0.715,0.7620165348052979,1.0230491161346436,90.90779113769531,CO,mol_a85d32e4db2ff39c,0.17000000000000004,0.28500000000000003,0.23798349499702454,1.5876994132995605,89.31839752197266,,,,,,,
state_e5ac948486ca4dede1126b79,3c_61bfd4ccc52903a74083,3,ternary_vle_english.xlsx,10.1016/j.fluid.2007.03.030,unverified,0.5,isobaric,0.9761904761904762,isobaric,368.97999999999996,367.5011901855469,,,3.814697265625e-05,True,False,48,CCCO,mol_5fb2f93dc8caa9dc,0.197,0.487,0.20443658530712128,1.1585050821304321,90.74105072021484,CCCOCCC,mol_e13b90e4aa2e917d,0.41,0.416,0.6965857744216919,1.4931164979934692,115.26737213134766,CCOCCO,mol_ab8630148ae67e51,0.393,0.09699999999999998,0.09897761046886444,1.1257165670394897,22.663379669189453
state_e5cfe17ff0874b127c0090e3,3c_2cb16216a8c609b7ad27,3,ternary_vle_english.xlsx,10.1016/j.fluid.2005.09.015,unverified,0.5,isobaric,0.9767441860465116,isobaric,382.35999999999996,382.7751770019531,,,3.814697265625e-05,True,False,48,CC(=O)OCC(C)C,mol_e7eb29ad965cc8ee,0.101,0.1,0.10217416286468506,1.2647720575332642,81.02457427978516,CC(C)CO,mol_015d21fca05fcd26,0.794,0.858,0.860541045665741,1.029229998588562,106.67139434814453,CCCCOC(=O)CC,mol_a9c167bbb331e76a,0.10499999999999998,0.04200000000000004,0.037284813821315765,1.2270822525024414,29.314218521118164
state_e5e35d811e916da46b23f368,2c_4c757308eefec1e2dd80,2,binary_vle_english.xlsx,10.1016/j.fluid.2011.11.020,unverified,0.5,isobaric,0.9444444444444444,isobaric,347.82,351.11199951171875,,,3.814697265625e-05,True,False,48,C=C(C)C(C)C,mol_6f1c44bf29e6107c,0.14290000000000003,0.36129999999999995,0.2333628088235855,1.83201265335083,90.3252944946289,c1ccsc1,mol_7953343be0b435d5,0.8571,0.6387,0.7666372060775757,1.0213505029678345,88.74053955078125,,,,,,,
state_e62a1cff066a16986978fe9c,2c_5e274a8981b66e0477e8,2,binary_vle_english.xlsx,10.1016/j.fluid.2005.02.014,passed,1.0,isobaric,0.9166666666666666,isobaric,321.12,321.03271484375,,,1.1444091796875e-05,True,False,48,C1CCOCC1,mol_626f3d1f5bbb6f55,0.4098,0.2481,0.2541530132293701,1.0095793008804321,24.572166442871094,CCC(C)Cl,mol_9f4835d3aad75f1c,0.5902000000000001,0.7519,0.7458470463752747,1.0121675729751587,49.94116973876953,,,,,,,
state_e72bb675e2d44786a8672621,2c_972bb6b6305c64cb2237,2,binary_vle_english.xlsx,10.1016/j.jct.2017.07.019,unverified,0.5,isobaric,0.95,isobaric,359.88,377.6954650878906,,,0.00048065185546875,True,False,48,ClC(Cl)Cl,mol_d9e0a2387a6283f9,0.057499999999999996,0.5562,0.21505291759967804,1.0908077955245972,347.3285827636719,OCC(F)(F)C(F)F,mol_48469952cf716332,0.9425,0.4438,0.7849470973014832,1.0001065731048584,84.35755157470703,,,,,,,
state_e74554d84a9b190535899edd,2c_d66c7a74cea5d8732e08,2,binary_vle_english.xlsx,10.1016/j.fluid.2014.02.006,unverified,0.5,isobaric,0.9411764705882353,isobaric,353.21999999999997,353.81085205078125,,,-7.62939453125e-06,True,False,48,CC(C)O,mol_db030b5de88f8eaf,0.69,0.689,0.6880561113357544,1.0725698471069336,94.17992401123047,O,mol_e81dc06beaa39499,0.31000000000000005,0.31100000000000005,0.3119438886642456,2.0456271171569824,49.830753326416016,,,,,,,
state_e74e12f94ffc74426829f1bb,2c_7b12ee2d0e35e39326bc,2,binary_vle_english.xlsx,10.1016/j.fluid.2011.08.007,unverified,0.5,isobaric,0.9666666666666667,isobaric,383.10999999999996,382.9148864746094,,,-7.62939453125e-06,True,False,48,CCOCCO,mol_ab8630148ae67e51,0.877,0.40700000000000003,0.3862987160682678,0.9989601969718933,41.148162841796875,CO,mol_a85d32e4db2ff39c,0.123,0.593,0.613701343536377,1.0045419931411743,463.50970458984375,,,,,,,
state_e7929e14c87696ae52a1a786,2c_35cc53cd52979773cfcb,2,binary_vle_english.xlsx,10.1016/j.fluid.2015.08.014,unverified,0.5,isobaric,0.9473684210526315,isobaric,440.36,438.67352294921875,,,2.288818359375e-05,True,False,48,CO,mol_a85d32e4db2ff39c,0.045,0.487,0.5331821441650391,0.5950343608856201,2017.11328125,CS(C)=O,mol_7d3e12eaed0f467c,0.955,0.513,0.46681779623031616,0.9984644055366516,49.593040466308594,,,,,,,
state_e7995837119ab69819e56f14,2c_74a658fab9cc22057bbd,2,binary_vle_english.xlsx,10.1016/j.jct.2019.03.036,unverified,0.5,isobaric,0.9473684210526315,isobaric,377.78,377.19866943359375,,,0.00032806396484375,True,False,48,CCCOC(C)=O,mol_67043ae833ecd0c7,0.8498,0.9798,0.9810240864753723,1.0272061824798584,113.84550476074219,CS(C)=O,mol_7d3e12eaed0f467c,0.1502,0.020199999999999996,0.018975911661982536,1.9851032495498657,6.447037696838379,,,,,,,
state_e79b05b258406bbf2d6ba810,2c_9f331b7867f625e21322,2,binary_vle_english.xlsx,10.1016/j.jct.2015.03.013,unverified,0.5,isobaric,0.9090909090909091,isobaric,358.29999999999995,358.8294372558594,,,3.0517578125e-05,True,False,48,CCC(C)=O,mol_4cfc5db0ca2ab00b,0.6859,0.903,0.9139471650123596,1.04365873336792,129.33351135253906,COCCO,mol_d291b272a64498d9,0.31410000000000005,0.09699999999999998,0.08605284988880157,1.1426194906234741,24.288740158081055,,,,,,,
state_e7c96eea2ca745bd0a4d9897,2c_7c6b847ee4cb190db3ef,2,binary_vle_english.xlsx,10.1016/j.fluid.2005.06.024,unverified,0.5,isobaric,0.9666666666666667,isobaric,361.95,360.2485656738281,,,0.00011444091796875,True,False,48,CCC(C)=O,mol_4cfc5db0ca2ab00b,0.6876,0.909,0.9228067994117737,1.0059291124343872,135.1837921142578,CCOC(=O)OCC,mol_4df2781fcf4d4a77,0.3124,0.09099999999999997,0.07719319313764572,0.9839438199996948,25.44571876525879,,,,,,,
state_e82ad30af723db04e5d5b9e0,2c_61469365e9d7838600a7,2,binary_vle_english.xlsx,10.1016/j.fluid.2015.05.031,unverified,0.5,isobaric,0.9629629629629629,isobaric,309.27,311.9393615722656,,,9.1552734375e-05,True,False,48,CCCCCCC,mol_fddb2c852c313396,0.604,0.08099999999999996,0.07722754776477814,1.1130374670028687,11.639138221740723,COC=O,mol_3beef90b23ffcece,0.396,0.919,0.9227724075317383,1.824118971824646,129.4319610595703,,,,,,,
state_e83a66a8b5ce854891f7e63e,2c_b94de72ffbeb53d6294b,2,binary_vle_english.xlsx,10.1016/j.fluid.2014.04.025,unverified,0.5,isobaric,0.9285714285714286,isobaric,391.15,392.6152038574219,,,-2.288818359375e-05,True,False,48,CS(C)=O,mol_7d3e12eaed0f467c,0.36860000000000004,0.04930000000000001,0.052641984075307846,1.2669341564178467,11.41910171508789,Cc1ccccc1,mol_1c09299644053521,0.6314,0.9507,0.9473580121994019,1.1486554145812988,132.32102966308594,,,,,,,
state_e83caa8706a28a78f02ec56f,2c_03bd4325b126d2709459,2,binary_vle_english.xlsx,10.1016/j.fluid.2011.10.009,unverified,0.5,isobaric,0.9333333333333333,isobaric,389.9,386.3951110839844,,,-3.0517578125e-05,True,False,48,C1CCCCC1,mol_893981623557f359,0.28500000000000003,0.7050000000000001,0.7615707516670227,1.0695146322250366,253.097412109375,CCCCCCCCC,mol_dd70207e50d8bf63,0.715,0.295,0.2384292483329773,1.0069122314453125,33.54833221435547,,,,,,,
state_e89cb7fa917e9f2eaa2620dc,2c_82cfa7a14fa3ab1984f1,2,binary_vle_english.xlsx,10.1016/j.jct.2019.07.006,unverified,0.5,isobaric,0.9333333333333333,isobaric,353.49,362.53173828125,,,0.00086212158203125,True,False,48,CC#N,mol_7028b7cbd3d829b4,0.1228,0.5592,0.3788478672504425,2.4750475883483887,126.26871490478516,O,mol_e81dc06beaa39499,0.8772,0.44079999999999997,0.6211521625518799,1.0270795822143555,69.84062194824219,,,,,,,
state_e8a6a61be72746ae104f9052,2c_97830bff71af0df3111e,2,binary_vle_english.xlsx,10.1016/j.fluid.2018.03.015,unverified,0.5,isobaric,0.9090909090909091,isobaric,333.15,335.0208740234375,,,0.00070953369140625,True,False,48,CCO,mol_f29e20f49d416e54,0.43300000000000005,0.262,0.29686346650123596,1.353895664215088,51.29745864868164,ClC(Cl)Cl,mol_d9e0a2387a6283f9,0.567,0.738,0.7031365633010864,1.2663944959640503,99.19729614257812,,,,,,,
state_e8b5d040731ac43e9313e1d7,2c_82cfa7a14fa3ab1984f1,2,binary_vle_english.xlsx,10.1016/j.jct.2019.07.006,unverified,0.5,isobaric,0.9333333333333333,isobaric,349.78999999999996,355.4472351074219,,,3.814697265625e-05,True,False,48,CC#N,mol_7028b7cbd3d829b4,0.5935,0.6669,0.6810353994369507,1.1662489175796509,99.67058563232422,O,mol_e81dc06beaa39499,0.4065,0.33309999999999995,0.3189646005630493,1.4953246116638184,53.15642547607422,,,,,,,
state_e8bc20d0e77271262d3afef5,2c_21b807a1a6c6348c91ac,2,binary_vle_english.xlsx,10.1016/j.fluid.2018.07.027,unverified,0.5,isobaric,0.9629629629629629,isobaric,367.45,366.97711181640625,,,3.814697265625e-05,True,False,48,CC(C)CC(C)(C)C,mol_57615b5c3546c298,0.8351,0.7856,0.7326619625091553,1.082187533378601,82.12435150146484,CCCCO,mol_ad4ef9c6c876ca2f,0.16490000000000005,0.21440000000000003,0.2673380374908447,4.090554714202881,40.14830780029297,,,,,,,
state_e8cbb0faebb4b7a6d3798513,2c_8d6240d515d92725f365,2,binary_vle_english.xlsx,10.1016/j.fluid.2015.05.031,unverified,0.5,isobaric,0.96875,isobaric,308.35999999999996,309.8740234375,,,0.00034332275390625,True,False,48,CCCCCCCC,mol_8151bb583f7f3ebd,0.538,0.026000000000000023,0.02404768019914627,1.1760549545288086,3.850877046585083,COC=O,mol_3beef90b23ffcece,0.462,0.974,0.9759523272514343,1.7764281034469604,120.48564910888672,,,,,,,
state_e92c537e9bdf689a8d45b8bd,2c_8d6240d515d92725f365,2,binary_vle_english.xlsx,10.1016/j.fluid.2015.05.031,unverified,0.5,isobaric,0.96875,isobaric,306.84,307.6224670410156,,,0.0008087158203125,True,False,48,CCCCCCCC,mol_8151bb583f7f3ebd,0.281,0.020000000000000018,0.019526876509189606,2.0389933586120605,3.453099012374878,COC=O,mol_3beef90b23ffcece,0.719,0.98,0.9804731011390686,1.241241693496704,111.3137435913086,,,,,,,
state_e93d78f9a1319daa4d98223b,2c_7b12ee2d0e35e39326bc,2,binary_vle_english.xlsx,10.1016/j.fluid.2011.08.007,unverified,0.5,isobaric,0.9666666666666667,isobaric,336.35999999999996,336.9435119628906,,,0.00046539306640625,True,False,48,CCOCCO,mol_ab8630148ae67e51,0.025000000000000022,0.0020000000000000018,0.0015135135035961866,0.955610990524292,5.912107467651367,CO,mol_a85d32e4db2ff39c,0.975,0.998,0.9984864592552185,0.9995472431182861,95.61177825927734,,,,,,,
state_e9711919f3aee5479b249f3c,2c_d66c7a74cea5d8732e08,2,binary_vle_english.xlsx,10.1016/j.jct.2017.02.005,unverified,0.5,isobaric,0.96875,isobaric,353.28,353.677490234375,,,-1.52587890625e-05,True,False,48,CC(C)O,mol_db030b5de88f8eaf,0.561,0.622,0.6170849800109863,1.173933506011963,93.69982147216797,O,mol_e81dc06beaa39499,0.43899999999999995,0.378,0.3829149901866913,1.7596991062164307,49.56779479980469,,,,,,,
state_e972ab9404a12054fb93827c,2c_d66c7a74cea5d8732e08,2,binary_vle_english.xlsx,10.1016/j.jct.2017.02.005,unverified,0.5,isobaric,0.96875,isobaric,354.34,354.6662902832031,,,4.57763671875e-05,True,False,48,CC(C)O,mol_db030b5de88f8eaf,0.31,0.556,0.5332693457603455,1.7677918672561646,97.30926513671875,O,mol_e81dc06beaa39499,0.69,0.44399999999999995,0.46673065423965454,1.3122599124908447,51.546329498291016,,,,,,,
state_e98122f4990f9351293dedd1,2c_d66c7a74cea5d8732e08,2,binary_vle_english.xlsx,10.1016/j.fluid.2015.11.034,unverified,0.5,isobaric,0.9333333333333333,isobaric,353.42999999999995,353.9959716796875,,,7.62939453125e-06,True,False,48,CC(C)O,mol_db030b5de88f8eaf,0.562,0.624,0.6173936128616333,1.173272728919983,94.84972381591797,O,mol_e81dc06beaa39499,0.43799999999999994,0.376,0.3826063275337219,1.7627969980239868,50.19782638549805,,,,,,,
state_e998094c73821140c4a21bab,2c_f6f5f309e3d6c1952684,2,binary_vle_english.xlsx,10.1016/j.fluid.2012.12.020,passed,1.0,isobaric,0.9545454545454546,isobaric,411.09999999999997,414.1831359863281,,,7.62939453125e-05,True,False,48,CCCCCO,mol_243de2450bee5519,1.0,1.0,1.0,1.0,101.00003814697266,CCCCO,mol_ad4ef9c6c876ca2f,0.0,0.0,0.0,1.6309014558792114,224.3632049560547,,,,,,,
state_e9be49bee3fc35ab1a3087de,2c_d66c7a74cea5d8732e08,2,binary_vle_english.xlsx,10.1016/j.fluid.2017.09.010,unverified,0.5,isobaric,0.9,isobaric,353.29999999999995,353.7882995605469,,,-8.392333984375e-05,True,False,48,CC(C)O,mol_db030b5de88f8eaf,0.6217,0.6596,0.6476834416389465,1.118200421333313,94.09858703613281,O,mol_e81dc06beaa39499,0.37829999999999997,0.34040000000000004,0.35231661796569824,1.8893336057662964,49.786197662353516,,,,,,,
state_e9c4198959347c18c013c389,3c_61bfd4ccc52903a74083,3,ternary_vle_english.xlsx,10.1016/j.fluid.2007.03.030,unverified,0.5,isobaric,0.9761904761904762,isobaric,369.19,378.73089599609375,,,5.340576171875e-05,True,False,48,CCCO,mol_5fb2f93dc8caa9dc,0.45,0.785,0.602995753288269,0.9869512915611267,137.5356903076172,CCCOCCC,mol_e13b90e4aa2e917d,0.059,0.072,0.23050518333911896,2.4649999141693115,160.55401611328125,CCOCCO,mol_ab8630148ae67e51,0.491,0.14300000000000002,0.1664990782737732,0.9768232703208923,35.16606140136719
state_e9de5c8f0057f733ccea70d2,2c_165952a69a69e7a8d3f6,2,binary_vle_english.xlsx,10.1016/j.fluid.2005.01.007,unverified,0.5,isobaric,0.9545454545454546,isobaric,344.9,346.9404296875,,,0.00115966796875,True,False,48,CC(C)CC(C)(C)C,mol_57615b5c3546c298,0.6,0.382,0.37546759843826294,1.404963731765747,45.12902069091797,CCO,mol_f29e20f49d416e54,0.4,0.618,0.6245324015617371,1.8952538967132568,83.46942901611328,,,,,,,
state_ea19737f5450a96fda5f6ad8,2c_df88b179a6c12f0b788b,2,binary_vle_english.xlsx,10.1016/j.jct.2006.12.003,unverified,0.5,isobaric,0.9333333333333333,isobaric,370.54999999999995,366.81890869140625,,,2.288818359375e-05,True,False,48,Cc1ccccc1,mol_1c09299644053521,0.498,0.28500000000000003,0.2979142665863037,0.9868612289428711,61.406612396240234,ClCCCl,mol_e8df6c9e89c6b62a,0.502,0.715,0.7020857334136963,1.0046720504760742,141.0169677734375,,,,,,,
state_ea2c8cd90e9f13aa65506550,2c_60db84011f520a374b2a,2,binary_vle_english.xlsx,10.1016/j.fluid.2016.04.012,passed,1.0,isobaric,0.8888888888888888,isobaric,333.15,334.4598083496094,,,0.00127410888671875,True,False,48,C1CCOC1,mol_c59bfa659357f795,0.28200000000000003,0.36,0.34599965810775757,1.4016730785369873,88.67362213134766,CO,mol_a85d32e4db2ff39c,0.718,0.64,0.6540003418922424,1.06404709815979,86.71760559082031,,,,,,,
state_eb0f506518ff9aed61995e1a,2c_1490252da7453cbbebe4,2,binary_vle_english.xlsx,10.1016/j.fluid.2007.10.016,unverified,0.5,isothermal,0.9615384615384616,isothermal,,,43.909988545535995,42.63398742675781,0.0,True,False,48,CC(C)CC(C)(C)C,mol_57615b5c3546c298,0.8076,0.5347999999999999,0.530552089214325,1.089682698249817,25.703224182128906,CC(C)O,mol_db030b5de88f8eaf,0.1924,0.4652,0.46944791078567505,2.936659336090088,35.422950744628906,,,,,,,
state_ebac4d1751d69339ab456feb,2c_56df7cea200b948181e5,2,binary_vle_english.xlsx,10.1016/j.fluid.2007.07.010,unverified,0.5,isothermal,0.875,isothermal,,,280.999955329664,320.32220458984375,0.0,True,False,48,CC(F)F,mol_ed933f1c25fd987c,0.838,0.836,0.8256535530090332,1.0440728664398193,302.28045654296875,CCCC,mol_fadb5806094149e6,0.16200000000000003,0.16400000000000003,0.1743464469909668,3.0800375938415527,111.9255142211914,,,,,,,
state_ebbcb84418f38aedf2ffa71e,2c_303f5d258da9140f9795,2,binary_vle_english.xlsx,10.1016/j.fluid.2012.11.026,unverified,0.5,isothermal,0.875,isothermal,,,90.446294418304,72.9256591796875,-7.62939453125e-06,True,False,48,CCOC(=O)OCC,mol_4df2781fcf4d4a77,0.03500000000000003,0.45409999999999995,0.050925903022289276,3.7370786666870117,28.393489837646484,O,mol_e81dc06beaa39499,0.965,0.5459,0.9490740895271301,1.0032724142074585,71.4881820678711,,,,,,,
state_ec3d7030a7994988db703e2e,2c_303f5d258da9140f9795,2,binary_vle_english.xlsx,10.1016/j.fluid.2012.11.026,unverified,0.5,isothermal,0.9333333333333333,isothermal,,,70.07157017344001,71.48818969726562,-7.62939453125e-06,True,False,48,CCOC(=O)OCC,mol_4df2781fcf4d4a77,0.0,0.0,0.0,4.48824405670166,28.393489837646484,O,mol_e81dc06beaa39499,1.0,1.0,1.0,1.0,71.4881820678711,,,,,,,
state_ecf6958f5c521704217a7dcb,2c_d838404dbd73f8b15395,2,binary_vle_english.xlsx,10.1016/j.fluid.2010.02.030,passed,1.0,isothermal,0.9230769230769231,isothermal,,,97.59997271808,100.2332763671875,-7.62939453125e-06,True,False,48,Cc1ccccc1,mol_1c09299644053521,0.7969999999999999,0.8160000000000001,0.8077725768089294,1.005393385887146,101.04309844970703,Cc1ccsc1,mol_0a78d16c028484e1,0.203,0.184,0.19222743809223175,1.0403896570205688,91.22948455810547,,,,,,,
state_ed541375ecac29824463d485,2c_3e7cc7d2a95d27d26296,2,binary_vle_english.xlsx,10.1016/j.fluid.2016.12.025,unverified,0.5,isothermal,0.95,isothermal,,,11.999946376576,12.799861907958984,0.0,True,False,48,CCCCCCO,mol_eb71ecc709e3f0dc,0.1502,0.026800000000000046,0.053860343992710114,1.4627189636230469,3.137932538986206,CCCCO,mol_ad4ef9c6c876ca2f,0.8498,0.9732,0.9461396336555481,1.0102386474609375,14.106517791748047,,,,,,,
state_ed7edf2b06f2101ef75d4255,2c_6f361cb0ec8be0b0e6dd,2,binary_vle_english.xlsx,10.1016/j.jct.2012.11.005,unverified,0.5,isothermal,0.9166666666666666,isothermal,,,44.389949070336,39.80249786376953,0.0,True,False,48,CC(C)OC(C)C,mol_1a0ca8e5eeb68da8,0.086,0.367,0.29512694478034973,2.589841842651367,52.74089431762695,CCO,mol_f29e20f49d416e54,0.914,0.633,0.7048730254173279,1.0070463418960571,30.480745315551758,,,,,,,
state_ee6afcd9b762f7a43dd6b25c,2c_56df7cea200b948181e5,2,binary_vle_english.xlsx,10.1016/j.fluid.2007.07.010,unverified,0.5,isothermal,0.875,isothermal,,,395.00004585779203,437.5357666015625,3.0517578125e-05,True,False,48,CC(F)F,mol_ed933f1c25fd987c,0.856,0.848,0.8210746049880981,1.0365359783172607,404.8909606933594,CCCC,mol_fadb5806094149e6,0.14400000000000002,0.15200000000000002,0.17892536520957947,3.4090535640716553,159.4737548828125,,,,,,,
state_ee84b1bedb6fe98afff86b8b,2c_1490252da7453cbbebe4,2,binary_vle_english.xlsx,10.1016/j.fluid.2007.10.016,unverified,0.5,isothermal,0.9615384615384616,isothermal,,,67.06995038028799,65.72235107421875,0.0,True,False,48,CC(C)CC(C)(C)C,mol_57615b5c3546c298,0.7302,0.4828,0.4713602662086487,1.175925612449646,36.07815933227539,CC(C)O,mol_db030b5de88f8eaf,0.2698,0.5172,0.5286396741867065,2.371093988418579,54.3102912902832,,,,,,,
state_eee97fec3013602aca896c2b,2c_6aab25a5edecf15e2cbf,2,binary_vle_english.xlsx,10.1016/j.fluid.2012.05.016,unverified,0.5,isothermal,0.9166666666666666,isothermal,,,14.380017290111999,14.944259643554688,0.0,True,False,48,CCCO,mol_5fb2f93dc8caa9dc,0.8757,0.7414000000000001,0.7768551111221313,1.0015175342559814,13.237334251403809,CCO,mol_f29e20f49d416e54,0.1243,0.2586,0.22314485907554626,0.8801659345626831,30.480745315551758,,,,,,,
state_efa4694563750e3fb3a06d0a,2c_3cf279eea352998261d1,2,binary_vle_english.xlsx,10.1016/j.fluid.2012.05.016,unverified,0.5,isothermal,0.9333333333333333,isothermal,,,15.319939984512,14.468917846679688,0.0,True,False,48,CCCOC(C)=O,mol_67043ae833ecd0c7,1.0,1.0,1.0,1.0,14.468917846679688,CCO,mol_f29e20f49d416e54,0.0,0.0,0.0,1.8989496231079102,30.480745315551758,,,,,,,
state_efb4b868658b9a3e563ba233,2c_8b8dfc345b3e095c6955,2,binary_vle_english.xlsx,10.1016/j.jct.2012.10.003,unverified,0.5,isothermal,0.9,isothermal,,,200.40005107763199,324.24420166015625,3.0517578125e-05,True,False,48,CC(C)C,mol_cd0696a421ed56d8,0.571,0.479,0.4213915467262268,1.348800778388977,177.4084014892578,FC(F)(F)I,mol_b415a9b082dbafac,0.429,0.521,0.5786084532737732,1.7090911865234375,255.87893676757812,,,,,,,
state_f003d22e6b5c7ad5197e4fed,2c_ae514b5a938c4d83d1c9,2,binary_vle_english.xlsx,10.1016/j.fluid.2014.05.018,unverified,0.5,isothermal,0.8,isothermal,,,50.000020993408,47.47502899169922,-3.814697265625e-06,True,False,48,CCCC,mol_fadb5806094149e6,0.0,0.0,0.0,4.379887104034424,681.6557006835938,CCO,mol_f29e20f49d416e54,1.0,1.0,1.0,1.0,47.47502517700195,,,,,,,
state_f166952b39365f41cc9b1f9b,2c_4e1effd6e44016fa9e71,2,binary_vle_english.xlsx,10.1016/j.jct.2006.06.002,unverified,0.5,full_state,0.0,isothermal,,,99.900050210816,96.22625732421875,0.0,True,False,48,CO,mol_a85d32e4db2ff39c,0.9513,0.8612,0.8682876229286194,1.004428744316101,87.44210052490234,c1ccccc1,mol_7165dcf6be1f831d,0.048699999999999966,0.13880000000000003,0.13171233236789703,4.535576820373535,57.37973403930664,,,,,,,
state_f17d1c83fcb7e0455af6b671,2c_6f361cb0ec8be0b0e6dd,2,binary_vle_english.xlsx,10.1016/j.jct.2012.11.005,unverified,0.5,isothermal,0.9166666666666666,isothermal,,,63.639965818751996,57.73960876464844,0.0,True,False,48,CC(C)OC(C)C,mol_1a0ca8e5eeb68da8,0.696,0.698,0.7206859588623047,1.1336086988449097,52.74089431762695,CCO,mol_f29e20f49d416e54,0.30400000000000005,0.30200000000000005,0.2793140113353729,1.7404735088348389,30.480745315551758,,,,,,,
state_f2211cc0471302b5d3c5c555,2c_98afb8e6c65a310db5e0,2,binary_vle_english.xlsx,10.1016/j.jct.2012.12.026,unverified,0.5,isothermal,0.9,isothermal,,,192.09993373542397,235.48086547851562,0.0,True,False,48,F/C=C/C(F)(F)F,mol_0e763ba6787b2749,0.473,0.46199999999999997,0.476860374212265,1.1465504169464111,207.0582733154297,FC(F)C(F)F,mol_fccff6221e62b4bc,0.527,0.538,0.5231396555900574,1.103725790977478,211.78805541992188,,,,,,,
state_f2722b48f27c7d0b016555f1,2c_3cf279eea352998261d1,2,binary_vle_english.xlsx,10.1016/j.fluid.2012.05.016,unverified,0.5,isothermal,0.9333333333333333,isothermal,,,24.03002360832,21.174640655517578,0.0,True,False,48,CCCOC(C)=O,mol_67043ae833ecd0c7,0.7979,0.5338,0.557784378528595,1.0230523347854614,14.468917846679688,CCO,mol_f29e20f49d416e54,0.2021,0.4662,0.44221559166908264,1.5200512409210205,30.480745315551758,,,,,,,
state_f375c69336bab9ed8e9c6bd5,2c_56df7cea200b948181e5,2,binary_vle_english.xlsx,10.1016/j.fluid.2007.07.010,unverified,0.5,full_state,0.0,isothermal,,,377.99997739174404,402.76141357421875,3.0517578125e-05,True,False,48,CC(F)F,mol_ed933f1c25fd987c,0.0,0.0,0.0,5.447174549102783,869.927001953125,CCCC,mol_fadb5806094149e6,1.0,1.0,1.0,1.0,402.7614440917969,,,,,,,
state_f384834352b56d9a17a25c70,2c_a4e8a38f7f4879124614,2,binary_vle_english.xlsx,10.1016/j.fluid.2012.05.016,unverified,0.5,isothermal,0.9333333333333333,isothermal,,,31.710058616959998,31.746089935302734,0.0,True,False,48,CCCO,mol_5fb2f93dc8caa9dc,0.4645,0.23070000000000002,0.24130254983901978,1.2458503246307373,13.237334251403809,CCOC(C)=O,mol_18876b584acc43d4,0.5355,0.7693,0.7586974501609802,1.1964317560195923,37.593387603759766,,,,,,,
state_f3c6d38e2ca43d600b105f0f,2c_1490252da7453cbbebe4,2,binary_vle_english.xlsx,10.1016/j.jct.2011.09.007,unverified,0.5,isothermal,0.9444444444444444,isothermal,,,66.290014527488,64.79348754882812,0.0,True,False,48,CC(C)CC(C)(C)C,mol_57615b5c3546c298,0.13739999999999997,0.2872,0.2560015618801117,3.346130609512329,36.07815933227539,CC(C)O,mol_db030b5de88f8eaf,0.8626,0.7128,0.7439984083175659,1.028991460800171,54.3102912902832,,,,,,,
state_f42caddd4caa41465308431d,2c_98afb8e6c65a310db5e0,2,binary_vle_english.xlsx,10.1016/j.jct.2012.12.026,unverified,0.5,isothermal,0.9166666666666666,isothermal,,,271.50006999782397,322.23333740234375,3.0517578125e-05,True,False,48,F/C=C/C(F)(F)F,mol_0e763ba6787b2749,0.729,0.702,0.6669643521308899,1.0515586137771606,280.35748291015625,FC(F)C(F)F,mol_fccff6221e62b4bc,0.271,0.298,0.3330356776714325,1.3612322807312012,290.9107360839844,,,,,,,
state_f43aad62a0c2576915222bd1,2c_6aab25a5edecf15e2cbf,2,binary_vle_english.xlsx,10.1016/j.fluid.2015.04.009,unverified,0.5,isothermal,0.8333333333333334,isothermal,,,384.599967897216,414.421875,0.0,True,False,48,CCCO,mol_5fb2f93dc8caa9dc,0.7086,0.5958,0.5533415079116821,1.0301909446716309,314.1355285644531,CCO,mol_f29e20f49d416e54,0.2914,0.4042,0.4466584324836731,1.1277284622192383,563.27978515625,,,,,,,
state_f5609f8e57e16e82676b29c3,2c_c6a565ee5191fe2b2cdb,2,binary_vle_english.xlsx,10.1016/j.fluid.2015.10.041,passed,1.0,isothermal,0.9375,isothermal,,,75.299940156928,72.98680114746094,0.0,True,False,48,CCO,mol_f29e20f49d416e54,0.973,0.931,0.9565425515174866,1.0006933212280273,71.70257568359375,CCSCC,mol_a7491cfbf016fee6,0.027,0.069,0.04345746338367462,2.4564244747161865,47.823516845703125,,,,,,,
state_f61794e33f975a363bff4f86,2c_a160651817afdffd3182,2,binary_vle_english.xlsx,10.1016/j.fluid.2005.05.024,unverified,0.5,isothermal,0.9583333333333334,isothermal,,,22.859986506751998,22.334796905517578,0.0,True,False,48,CC(=O)CC(C)C,mol_0a895444a9f0f36b,0.7252000000000001,0.4264,0.42480459809303284,1.0420516729354858,12.555214881896973,CC(C)O,mol_db030b5de88f8eaf,0.2748,0.5736,0.5751954317092896,1.3197630643844604,35.422950744628906,,,,,,,
state_f7b69a32b5f80f2fcfc21c83,2c_913ec9aa8f318623c900,2,binary_vle_english.xlsx,10.1016/j.fluid.2014.02.023,unverified,0.5,isothermal,0.9285714285714286,isothermal,,,45.879959855104,34.54310607910156,-3.814697265625e-06,True,False,48,C1CCCCC1,mol_893981623557f359,0.5423,0.9886,0.9881875514984131,1.1992123126983643,52.48860549926758,Nc1ccccc1,mol_8d11fd6c0d4e62a7,0.4577,0.011399999999999966,0.011812456883490086,1.1582443714141846,0.7696981430053711,,,,,,,
state_f7cae1347336bda1f69c9d44,2c_98afb8e6c65a310db5e0,2,binary_vle_english.xlsx,10.1016/j.jct.2012.12.026,unverified,0.5,isothermal,0.9,isothermal,,,191.499983079424,227.76681518554688,1.52587890625e-05,True,False,48,F/C=C/C(F)(F)F,mol_0e763ba6787b2749,0.20699999999999996,0.22299999999999998,0.2501499354839325,1.329315185546875,207.0582733154297,FC(F)C(F)F,mol_fccff6221e62b4bc,0.793,0.777,0.7498500347137451,1.0169281959533691,211.78805541992188,,,,,,,
state_f82bef6582a5092e68f364c1,2c_a4e8a38f7f4879124614,2,binary_vle_english.xlsx,10.1016/j.fluid.2012.05.016,unverified,0.5,isothermal,0.9333333333333333,isothermal,,,37.250002974464,37.021514892578125,0.0,True,False,48,CCCO,mol_5fb2f93dc8caa9dc,0.06869999999999998,0.04820000000000002,0.05002899840474129,2.036660671234131,13.237334251403809,CCOC(C)=O,mol_18876b584acc43d4,0.9313,0.9518,0.9499709606170654,1.0045312643051147,37.593387603759766,,,,,,,
state_f833a024890470b548f132e9,2c_1490252da7453cbbebe4,2,binary_vle_english.xlsx,10.1016/j.fluid.2007.10.016,unverified,0.5,isothermal,0.9615384615384616,isothermal,,,65.23996755712,63.837554931640625,-3.814697265625e-06,True,False,48,CC(C)CC(C)(C)C,mol_57615b5c3546c298,0.7988,0.5119,0.4964093863964081,1.0995975732803345,36.07815933227539,CC(C)O,mol_db030b5de88f8eaf,0.2012,0.4881,0.5035905838012695,2.942007541656494,54.3102912902832,,,,,,,
state_f8538f775915bdfc83397468,2c_56df7cea200b948181e5,2,binary_vle_english.xlsx,10.1016/j.fluid.2007.07.010,unverified,0.5,isothermal,0.9333333333333333,isothermal,,,264.000020185984,302.28045654296875,0.0,True,False,48,CC(F)F,mol_ed933f1c25fd987c,1.0,1.0,1.0,1.0,302.28045654296875,CCCC,mol_fadb5806094149e6,0.0,0.0,0.0,4.956552505493164,111.9255142211914,,,,,,,
state_f8cf826606a10abc6a894a75,2c_56df7cea200b948181e5,2,binary_vle_english.xlsx,10.1016/j.fluid.2007.07.010,unverified,0.5,isothermal,0.9333333333333333,isothermal,,,325.999987555968,387.65118408203125,0.0,True,False,48,CC(F)F,mol_ed933f1c25fd987c,0.25,0.536,0.6561142206192017,2.5127105712890625,404.8909606933594,CCCC,mol_fadb5806094149e6,0.75,0.46399999999999997,0.3438858091831207,1.1145637035369873,159.4737548828125,,,,,,,
state_f8e2f50395c03f03bedfc352,2c_98afb8e6c65a310db5e0,2,binary_vle_english.xlsx,10.1016/j.jct.2012.12.026,unverified,0.5,isothermal,0.9166666666666666,isothermal,,,278.300044055296,327.54962158203125,0.0,True,False,48,F/C=C/C(F)(F)F,mol_0e763ba6787b2749,0.31699999999999995,0.32399999999999995,0.3582034409046173,1.320186972618103,280.35748291015625,FC(F)C(F)F,mol_fccff6221e62b4bc,0.683,0.676,0.6417965888977051,1.0580203533172607,290.9107360839844,,,,,,,
state_fa5a536e80463b550c2c0284,2c_1490252da7453cbbebe4,2,binary_vle_english.xlsx,10.1016/j.fluid.2007.10.016,unverified,0.5,isothermal,0.9615384615384616,isothermal,,,44.009980321536,43.01274108886719,0.0,True,False,48,CC(C)CC(C)(C)C,mol_57615b5c3546c298,0.15280000000000005,0.32320000000000004,0.2803472578525543,3.0703117847442627,25.703224182128906,CC(C)O,mol_db030b5de88f8eaf,0.8472,0.6768,0.7196527123451233,1.0314528942108154,35.422950744628906,,,,,,,
state_faa70c2984e17e87064db290,2c_3e7cc7d2a95d27d26296,2,binary_vle_english.xlsx,10.1016/j.fluid.2016.12.025,unverified,0.5,isothermal,0.95,isothermal,,,3.7999541327359996,5.817836761474609,-4.76837158203125e-07,True,False,48,CCCCCCO,mol_eb71ecc709e3f0dc,0.8497,0.5839,0.46614712476730347,1.017127275466919,3.137932538986206,CCCCO,mol_ad4ef9c6c876ca2f,0.1503,0.4161,0.5338528752326965,1.4648876190185547,14.106517791748047,,,,,,,
state_fab1090710724b00bb7586c8,2c_303f5d258da9140f9795,2,binary_vle_english.xlsx,10.1016/j.fluid.2012.11.026,unverified,0.5,isothermal,0.9333333333333333,isothermal,,,86.413959398144,72.39799499511719,-7.62939453125e-06,True,False,48,CCOC(=O)OCC,mol_4df2781fcf4d4a77,0.019299999999999984,0.23870000000000002,0.030640553683042526,4.048060417175293,28.393489837646484,O,mol_e81dc06beaa39499,0.9807,0.7613,0.9693594574928284,1.0010157823562622,71.4881820678711,,,,,,,
state_faf156492340c792d8456a4a,2c_ae514b5a938c4d83d1c9,2,binary_vle_english.xlsx,10.1016/j.fluid.2015.10.041,unverified,0.5,isothermal,0.8888888888888888,isothermal,,,70.19995961382399,62.31011199951172,0.0,True,False,48,CCCC,mol_fadb5806094149e6,0.014,0.568,0.5159988403320312,4.342260837554932,528.8875122070312,CCO,mol_f29e20f49d416e54,0.986,0.43200000000000005,0.484001100063324,1.0002779960632324,30.577871322631836,,,,,,,
state_fb0016d039bf31c84440112e,2c_ae514b5a938c4d83d1c9,2,binary_vle_english.xlsx,10.1016/j.fluid.2014.05.018,unverified,0.5,isothermal,0.9,isothermal,,,379.999946234112,389.54974365234375,0.0,True,False,48,CCCC,mol_fadb5806094149e6,0.9434,0.9745,0.9846014976501465,1.0080286264419556,403.3245544433594,CCO,mol_f29e20f49d416e54,0.056599999999999984,0.025499999999999967,0.015398460440337658,5.544835567474365,19.1132755279541,,,,,,,
state_fb169c085a0d6ba824138a95,2c_a160651817afdffd3182,2,binary_vle_english.xlsx,10.1016/j.fluid.2005.05.024,unverified,0.5,isothermal,0.96,isothermal,,,40.280020432,39.78263854980469,0.0,True,False,48,CC(=O)CC(C)C,mol_0a895444a9f0f36b,0.5703,0.30879999999999996,0.29695549607276917,1.1014107465744019,18.807552337646484,CC(C)O,mol_db030b5de88f8eaf,0.4297,0.6912,0.7030444741249084,1.1984747648239136,54.3102912902832,,,,,,,
state_fc2ccf486c68fb32d019d2dc,2c_6aab25a5edecf15e2cbf,2,binary_vle_english.xlsx,10.1016/j.fluid.2015.04.009,unverified,0.5,isothermal,0.75,isothermal,,,408.00004331673597,428.44805908203125,0.0,True,False,48,CCCO,mol_5fb2f93dc8caa9dc,0.9993,0.9978,0.9983426332473755,1.000000238418579,428.0375061035156,CCO,mol_f29e20f49d416e54,0.0007,0.0022,0.0016573346219956875,1.3543566465377808,748.9922485351562,,,,,,,
state_fc7fb4a97d0f1c01cefd0a2b,2c_1490252da7453cbbebe4,2,binary_vle_english.xlsx,10.1016/j.fluid.2007.10.016,unverified,0.5,isothermal,0.9615384615384616,isothermal,,,45.040028936704,43.97997283935547,0.0,True,False,48,CC(C)CC(C)(C)C,mol_57615b5c3546c298,0.736,0.5099,0.5013058185577393,1.165446400642395,25.703224182128906,CC(C)O,mol_db030b5de88f8eaf,0.264,0.4901,0.49869412183761597,2.3453116416931152,35.422950744628906,,,,,,,
state_fe14f114577710fb4a6c1b76,2c_1490252da7453cbbebe4,2,binary_vle_english.xlsx,10.1016/j.jct.2011.09.007,unverified,0.5,isothermal,0.9444444444444444,isothermal,,,56.969981070079996,57.297401428222656,-3.814697265625e-06,True,False,48,CC(C)CC(C)(C)C,mol_57615b5c3546c298,0.027900000000000036,0.09460000000000002,0.07758595794439316,4.41641092300415,36.07815933227539,CC(C)O,mol_db030b5de88f8eaf,0.9721,0.9054,0.9224140644073486,1.0010775327682495,54.3102912902832,,,,,,,
state_fe33b06831a241a8f9ad4b82,2c_8b8dfc345b3e095c6955,2,binary_vle_english.xlsx,10.1016/j.jct.2012.10.003,unverified,0.5,isothermal,0.9,isothermal,,,258.90003964288,431.6934814453125,3.0517578125e-05,True,False,48,CC(C)C,mol_cd0696a421ed56d8,0.738,0.646,0.4714769423007965,1.1222305297851562,245.7522735595703,FC(F)(F)I,mol_b415a9b082dbafac,0.262,0.354,0.5285230278968811,2.500540256500244,348.2605895996094,,,,,,,
state_ff43de525d625e0ac46bccf3,2c_3e7cc7d2a95d27d26296,2,binary_vle_english.xlsx,10.1016/j.fluid.2016.12.025,unverified,0.5,isothermal,0.95,isothermal,,,5.2999640951039995,7.705898284912109,0.0,True,False,48,CCCCCCO,mol_eb71ecc709e3f0dc,0.7001999999999999,0.33009999999999995,0.3033534586429596,1.0639140605926514,3.137932538986206,CCCCO,mol_ad4ef9c6c876ca2f,0.2998,0.6699,0.6966465711593628,1.269358515739441,14.106517791748047,,,,,,,
state_ea2e9195533ee1d25fd3043a,2c_74caf60139062b8ca437,2,binary_vle_english.xlsx,10.1016/j.fluid.2010.08.010,unverified,0.5,isobaric,0.9411764705882353,isobaric,424.15,415.4464111328125,,,3.0517578125e-05,True,False,48,CCCCCCO,mol_eb71ecc709e3f0dc,0.7403,0.6415,0.5269296765327454,1.051108479499817,64.7374267578125,Cc1ccccc1C,mol_61c4de85d258b45d,0.2597,0.3585,0.47307032346725464,1.6481410264968872,105.66165924072266,,,,,,,
state_ea31fe80431036bf1689fa2a,2c_9f331b7867f625e21322,2,binary_vle_english.xlsx,10.1016/j.jct.2015.03.013,unverified,0.5,isobaric,0.9090909090909091,isobaric,376.29999999999995,375.255859375,,,0.00017547607421875,True,False,48,CCC(C)=O,mol_4cfc5db0ca2ab00b,0.1264,0.4665,0.4515811502933502,1.2587288618087769,211.45303344726562,COCCO,mol_d291b272a64498d9,0.8735999999999999,0.5335,0.5484188199043274,1.0049546957015991,46.538307189941406,,,,,,,
state_ea34acfedcccab2b6e99c6ba,2c_a873f6bbdf8411ff9a25,2,binary_vle_english.xlsx,10.1016/j.fluid.2013.05.016,passed,1.0,isobaric,0.9444444444444444,isobaric,423.79999999999995,421.3279113769531,,,7.62939453125e-06,True,False,48,CCCCCCCCC,mol_dd70207e50d8bf63,1.0,1.0,1.0,1.0,101.29994201660156,c1ccccc1,mol_7165dcf6be1f831d,0.0,0.0,0.0,1.1313368082046509,590.4540405273438,,,,,,,
state_ea63dcde7c57133ff6597bdb,2c_7e396008deb1d14f8e15,2,binary_vle_english.xlsx,10.1016/j.fluid.2015.11.007,passed,1.0,isobaric,0.9090909090909091,isobaric,360.34999999999997,358.7187194824219,,,1.239776611328125e-05,True,False,48,CC(=O)N(C)C,mol_b8ccf255e2b62919,0.352,0.026000000000000023,0.07820218056440353,0.3615491986274719,7.373752593994141,CC(=O)O,mol_9ac385b135af0125,0.648,0.974,0.9217978119850159,0.5554575324058533,30.731910705566406,,,,,,,
state_ea726c9c6da234344694e20a,2c_82cfa7a14fa3ab1984f1,2,binary_vle_english.xlsx,10.1016/j.fluid.2014.06.025,unverified,0.5,isobaric,0.9,isobaric,351.04999999999995,355.5545654296875,,,-6.103515625e-05,True,False,48,CC#N,mol_7028b7cbd3d829b4,0.9266,0.8181,0.9087463021278381,1.0048938989639282,100.03538513183594,O,mol_e81dc06beaa39499,0.07340000000000002,0.18189999999999995,0.09125367552042007,2.387209892272949,53.38106155395508,,,,,,,
state_ea7a8dddc1637b7805dab8d8,3c_2cb16216a8c609b7ad27,3,ternary_vle_english.xlsx,10.1016/j.fluid.2005.09.015,unverified,0.5,isobaric,0.9767441860465116,isobaric,398.53999999999996,399.3743896484375,,,5.340576171875e-05,True,False,48,CC(=O)OCC(C)C,mol_e7eb29ad965cc8ee,0.387,0.501,0.506033182144165,0.9743406176567078,135.94606018066406,CC(C)CO,mol_015d21fca05fcd26,0.097,0.214,0.23429560661315918,1.2871602773666382,190.09432983398438,CCCCOC(=O)CC,mol_a9c167bbb331e76a,0.516,0.28500000000000003,0.25967127084732056,0.9727478623390198,52.40627670288086
state_eb7c679b3cd06fe6343c87de,3c_2cb16216a8c609b7ad27,3,ternary_vle_english.xlsx,10.1016/j.fluid.2005.09.015,unverified,0.5,isobaric,0.9767441860465116,isobaric,389.99,390.85186767578125,,,-7.62939453125e-05,True,False,48,CC(=O)OCC(C)C,mol_e7eb29ad965cc8ee,0.051,0.055,0.055593524128198624,1.0536706447601318,104.79920959472656,CC(C)CO,mol_015d21fca05fcd26,0.48,0.74,0.7598441243171692,1.1279534101486206,142.16770935058594,CCCCOC(=O)CC,mol_a9c167bbb331e76a,0.469,0.20499999999999996,0.18456242978572845,1.0187321901321411,39.1308479309082
state_eb7edf3343687a8716ce2899,2c_9f31aad1f9974e54ecb0,2,binary_vle_english.xlsx,10.1016/j.jct.2017.07.019,unverified,0.5,isobaric,0.95,isobaric,390.7,394.42449951171875,,,0.00101470947265625,True,False,48,Cc1ccc(C)cc1,mol_e7658ba520613aac,0.8529,0.48660000000000003,0.5643411874771118,1.0301662683486938,65.06535339355469,OCC(F)(F)C(F)F,mol_48469952cf716332,0.1471,0.5134,0.43565887212753296,2.0522828102111816,146.18748474121094,,,,,,,
state_eb82b30a1b6ece627b1cae95,3c_61bfd4ccc52903a74083,3,ternary_vle_english.xlsx,10.1016/j.fluid.2007.03.030,unverified,0.5,isobaric,0.9761904761904762,isobaric,362.03999999999996,365.83331298828125,,,1.52587890625e-05,True,False,48,CCCO,mol_5fb2f93dc8caa9dc,0.598,0.726,0.53188556432724,1.0585049390792847,85.12034606933594,CCCOCCC,mol_e13b90e4aa2e917d,0.201,0.213,0.4274061918258667,1.9664175510406494,109.54138946533203,CCOCCO,mol_ab8630148ae67e51,0.20100000000000007,0.061000000000000054,0.040708232671022415,0.9685187339782715,21.18299674987793
state_ebcdcf355548d316cf0c9046,2c_42d2383a8e4daebeb5e1,2,binary_vle_english.xlsx,10.1016/j.fluid.2010.08.002,unverified,0.5,isobaric,0.9230769230769231,isobaric,396.96,398.4043884277344,,,3.0517578125e-05,True,False,48,CCCCCCC,mol_fddb2c852c313396,0.06,0.487,0.4832441210746765,3.0003602504730225,214.7493438720703,CCCOCCO,mol_770d75a3bb2412ce,0.94,0.513,0.5167558789253235,1.0035511255264282,43.82359313964844,,,,,,,
state_ec04b7914a26e5167cb978be,2c_4c757308eefec1e2dd80,2,binary_vle_english.xlsx,10.1016/j.fluid.2011.11.020,unverified,0.5,isobaric,0.9444444444444444,isobaric,349.42999999999995,351.874755859375,,,6.866455078125e-05,True,False,48,C=C(C)C(C)C,mol_6f1c44bf29e6107c,0.1079,0.30069999999999997,0.18956094980239868,1.948569893836975,91.35873413085938,c1ccsc1,mol_7953343be0b435d5,0.8921,0.6993,0.8104390501976013,1.0123590230941772,90.93077087402344,,,,,,,
state_ec9ccd587c7a9194e9e59f04,2c_d66c7a74cea5d8732e08,2,binary_vle_english.xlsx,10.1016/j.jct.2017.02.005,unverified,0.5,isobaric,0.96875,isobaric,353.12,353.4977111816406,,,0.0,True,False,48,CC(C)O,mol_db030b5de88f8eaf,0.658,0.67,0.6685166358947754,1.0917978286743164,93.05597686767578,O,mol_e81dc06beaa39499,0.34199999999999997,0.32999999999999996,0.3314834237098694,1.9694151878356934,49.21512985229492,,,,,,,
state_eca966db1ed539bbeea63c01,3c_1a08c4f653f7d812cdc9,3,ternary_vle_english.xlsx,10.1016/j.jct.2019.03.036,unverified,0.5,isobaric,0.972972972972973,isobaric,379.28999999999996,376.1434631347656,,,3.814697265625e-05,True,False,48,CCCOC(C)=O,mol_67043ae833ecd0c7,0.1501,0.3309,0.21815739572048187,1.3387792110443115,109.9738998413086,CCOC(C)=O,mol_18876b584acc43d4,0.2556,0.6328,0.7413591146469116,1.3330426216125488,220.410888671875,CS(C)=O,mol_7d3e12eaed0f467c,0.5943,0.0363,0.04048354551196098,1.1149603128433228,6.189032077789307
state_ed3e3b4dce8d926ae5e3300a,2c_7b12ee2d0e35e39326bc,2,binary_vle_english.xlsx,10.1016/j.fluid.2011.08.007,unverified,0.5,isobaric,0.9666666666666667,isobaric,340.05999999999995,340.8509521484375,,,6.866455078125e-05,True,False,48,CCOCCO,mol_ab8630148ae67e51,0.16600000000000004,0.014000000000000012,0.013111276552081108,1.035886526107788,7.11541223526001,CO,mol_a85d32e4db2ff39c,0.834,0.986,0.9868887066841125,0.9933565258979797,111.16608428955078,,,,,,,
state_ed5da97e8e764cde073f815c,2c_5e274a8981b66e0477e8,2,binary_vle_english.xlsx,10.1016/j.fluid.2005.02.014,passed,1.0,isobaric,0.9166666666666666,isobaric,352.53,351.2842712402344,,,-7.62939453125e-06,True,False,48,C1CCOCC1,mol_626f3d1f5bbb6f55,0.5818,0.4377,0.42505958676338196,1.011902093887329,73.13861846923828,CCC(C)Cl,mol_9f4835d3aad75f1c,0.4182,0.5623,0.5749403834342957,1.0224366188049316,136.21080017089844,,,,,,,
state_ed6e1b8c47b8e2ca43f869ad,2c_5e274a8981b66e0477e8,2,binary_vle_english.xlsx,10.1016/j.fluid.2005.02.014,passed,1.0,isobaric,0.9166666666666666,isobaric,355.24,353.9366149902344,,,0.0018310546875,True,False,48,C1CCOCC1,mol_626f3d1f5bbb6f55,0.7082,0.5816,0.5609453916549683,1.0059202909469604,79.76605224609375,CCC(C)Cl,mol_9f4835d3aad75f1c,0.29179999999999995,0.4184,0.4390546381473541,1.0332026481628418,147.52471923828125,,,,,,,
state_eda495240e7d7c22df02e117,2c_74caf60139062b8ca437,2,binary_vle_english.xlsx,10.1016/j.fluid.2010.08.010,unverified,0.5,isobaric,0.9411764705882353,isobaric,418.34999999999997,409.8818359375,,,4.57763671875e-05,True,False,48,CCCCCCO,mol_eb71ecc709e3f0dc,0.35,0.26080000000000003,0.2753657400608063,1.4122761487960815,53.257450103759766,Cc1ccccc1C,mol_61c4de85d258b45d,0.65,0.7392,0.7246342897415161,1.17904794216156,90.39246368408203,,,,,,,
state_edae4a6d9cf505d056060b68,3c_61bfd4ccc52903a74083,3,ternary_vle_english.xlsx,10.1016/j.fluid.2007.03.030,unverified,0.5,isobaric,0.9761904761904762,isobaric,361.67999999999995,360.7014465332031,,,0.00012969970703125,True,False,48,CCCO,mol_5fb2f93dc8caa9dc,0.293,0.494,0.29553425312042236,1.4668139219284058,69.65862274169922,CCCOCCC,mol_e13b90e4aa2e917d,0.613,0.482,0.6820165514945984,1.207079291343689,93.3702163696289,CCOCCO,mol_ab8630148ae67e51,0.09400000000000008,0.02400000000000002,0.022449174895882607,1.4114458560943604,17.14028549194336
state_edb108304f91122873795bd0,2c_d61da005b4125a743b07,2,binary_vle_english.xlsx,10.1016/j.fluid.2009.03.008,unverified,0.5,isobaric,0.9583333333333334,isobaric,366.71,365.8447570800781,,,-7.62939453125e-06,True,False,48,CC(=O)O,mol_9ac385b135af0125,0.4947,0.2214,0.1990794539451599,0.9987598657608032,40.828338623046875,CCC(C)=O,mol_4cfc5db0ca2ab00b,0.5053000000000001,0.7786,0.8009205460548401,1.0012439489364624,160.41261291503906,,,,,,,
state_edb4da4ad0252cc80aae0a92,2c_972bb6b6305c64cb2237,2,binary_vle_english.xlsx,10.1016/j.jct.2017.07.019,unverified,0.5,isobaric,0.95,isobaric,371.29999999999995,381.20489501953125,,,5.340576171875e-05,True,False,48,ClC(Cl)Cl,mol_d9e0a2387a6283f9,0.019499999999999962,0.31799999999999995,0.07998000830411911,1.0926508903503418,380.2548522949219,OCC(F)(F)C(F)F,mol_48469952cf716332,0.9805,0.682,0.9200199842453003,1.000011920928955,95.05038452148438,,,,,,,
state_ee01491b4c37c906c120c4dd,2c_a1a0cf7c2f4fd070fb84,2,binary_vle_english.xlsx,10.1016/j.jct.2018.03.019,unverified,0.5,isobaric,0.95,isobaric,399.79999999999995,393.58477783203125,,,-3.814697265625e-05,True,False,48,CC(C)=O,mol_e04cf77cea7bbe66,0.1259,0.6788,0.7705350518226624,0.9812512993812561,631.822998046875,O=Cc1ccco1,mol_cfdccd30b0689448,0.8741,0.32120000000000004,0.22946494817733765,0.998688817024231,26.627721786499023,,,,,,,
state_ee3d3786a95f427c3730146c,2c_42d2383a8e4daebeb5e1,2,binary_vle_english.xlsx,10.1016/j.fluid.2010.08.002,unverified,0.5,isobaric,0.875,isobaric,354.55999999999995,355.6298828125,,,-6.103515625e-05,True,False,48,CCCCCCC,mol_fddb2c852c313396,0.961,0.97,0.9745818972587585,1.0038528442382812,60.614383697509766,CCCOCCO,mol_770d75a3bb2412ce,0.039000000000000035,0.030000000000000027,0.025418085977435112,4.851554870605469,8.060242652893066,,,,,,,
state_ee75a1393b54672148161e1f,2c_8d6240d515d92725f365,2,binary_vle_english.xlsx,10.1016/j.fluid.2015.05.031,unverified,0.5,isobaric,0.96875,isobaric,305.72999999999996,306.3053283691406,,,0.00112152099609375,True,False,48,CCCCCCCC,mol_8151bb583f7f3ebd,0.07599999999999996,0.016000000000000014,0.01268643420189619,5.224435329437256,3.2373251914978027,COC=O,mol_3beef90b23ffcece,0.924,0.984,0.9873135685920715,1.0192580223083496,106.2181396484375,,,,,,,
state_eeb590102b06a631d6bc8ec8,2c_f0a592d91b289fcd0778,2,binary_vle_english.xlsx,10.1016/j.fluid.2005.01.007,unverified,0.5,isobaric,0.9545454545454546,isobaric,328.9,330.7346496582031,,,-3.814697265625e-05,True,False,48,CC(C)=O,mol_e04cf77cea7bbe66,0.847,0.875,0.9123082756996155,1.0391215085983276,105.02352142333984,CC(C)CC(C)(C)C,mol_57615b5c3546c298,0.15300000000000002,0.125,0.08769174665212631,2.2021830081939697,26.36990737915039,,,,,,,
state_ef19313ad27165d92c07b15d,2c_d61da005b4125a743b07,2,binary_vle_english.xlsx,10.1016/j.fluid.2009.03.008,unverified,0.5,isobaric,0.9583333333333334,isobaric,356.59,356.401123046875,,,4.57763671875e-05,True,False,48,CC(=O)O,mol_9ac385b135af0125,0.2015,0.0371,0.05570002645254135,1.0021127462387085,27.951318740844727,CCC(C)=O,mol_4cfc5db0ca2ab00b,0.7985,0.9629,0.9442999958992004,1.0002171993255615,119.80618286132812,,,,,,,
state_efedecdb748cdc29447ca7ea,2c_165952a69a69e7a8d3f6,2,binary_vle_english.xlsx,10.1016/j.fluid.2007.06.005,unverified,0.5,isobaric,0.9545454545454546,isobaric,344.84999999999997,346.80316162109375,,,0.00127410888671875,True,False,48,CC(C)CC(C)(C)C,mol_57615b5c3546c298,0.554,0.38,0.37020358443260193,1.5065186023712158,44.93357467651367,CCO,mol_f29e20f49d416e54,0.446,0.62,0.6297963857650757,1.7230767011642456,83.01858520507812,,,,,,,
state_effe80e27673be0dc7806a2f,2c_21b807a1a6c6348c91ac,2,binary_vle_english.xlsx,10.1016/j.fluid.2018.07.027,unverified,0.5,isobaric,0.9629629629629629,isobaric,379.35999999999996,378.0570983886719,,,0.00156402587890625,True,False,48,CC(C)CC(C)(C)C,mol_57615b5c3546c298,0.0805,0.3863,0.42578569054603577,4.814914703369141,111.2813720703125,CCCCO,mol_ad4ef9c6c876ca2f,0.9195,0.6137,0.5742142796516418,1.0123047828674316,62.49234390258789,,,,,,,
state_f02522d9296f7d97c35b31b4,2c_d66c7a74cea5d8732e08,2,binary_vle_english.xlsx,10.1016/j.fluid.2017.09.010,unverified,0.5,isobaric,0.9473684210526315,isobaric,354.5,354.7533874511719,,,5.340576171875e-05,True,False,48,CC(C)O,mol_db030b5de88f8eaf,0.3576,0.5634,0.5409172177314758,1.5648013353347778,97.63275146484375,O,mol_e81dc06beaa39499,0.6424000000000001,0.4366,0.45908281207084656,1.3954569101333618,51.72380447387695,,,,,,,
state_f029ca7b0048094868d12d7c,2c_165952a69a69e7a8d3f6,2,binary_vle_english.xlsx,10.1016/j.fluid.2005.01.007,unverified,0.5,isobaric,0.9545454545454546,isobaric,345.33,347.1957702636719,,,0.000762939453125,True,False,48,CC(C)CC(C)(C)C,mol_57615b5c3546c298,0.667,0.392,0.38358405232429504,1.2807791233062744,45.494468688964844,CCO,mol_f29e20f49d416e54,0.333,0.608,0.6164159774780273,2.224487543106079,84.31363677978516,,,,,,,
state_f0d8ec809007e845accd32da,2c_82cfa7a14fa3ab1984f1,2,binary_vle_english.xlsx,10.1016/j.fluid.2014.06.025,unverified,0.5,isobaric,0.9,isobaric,352.0,360.68328857421875,,,0.00022125244140625,True,False,48,CC#N,mol_7028b7cbd3d829b4,0.1872,0.6329,0.45277613401412964,2.086512804031372,118.8177490234375,O,mol_e81dc06beaa39499,0.8128,0.3671,0.5472238659858704,1.0599387884140015,65.10662841796875,,,,,,,
state_f1322a5910430dfa2df56093,2c_d66c7a74cea5d8732e08,2,binary_vle_english.xlsx,10.1016/j.jct.2006.04.006,unverified,0.5,isobaric,0.9444444444444444,isobaric,354.25,354.7286376953125,,,2.288818359375e-05,True,False,48,CC(C)O,mol_db030b5de88f8eaf,0.913,0.885,0.882768988609314,1.004152536392212,97.54070281982422,O,mol_e81dc06beaa39499,0.08699999999999997,0.11499999999999999,0.11723103374242783,2.6415956020355225,51.67331314086914,,,,,,,
state_f166952b39365f41cc9b1f9b,2c_4e1effd6e44016fa9e71,2,binary_vle_english.xlsx,10.1016/j.jct.2006.06.002,unverified,0.5,full_state,0.0,isobaric,334.66999999999996,335.6240234375,,,0.00089263916015625,True,False,48,CO,mol_a85d32e4db2ff39c,0.9513,0.8612,0.868455708026886,1.0044711828231812,90.7950668334961,c1ccccc1,mol_7165dcf6be1f831d,0.048699999999999966,0.13880000000000003,0.13154427707195282,4.55367374420166,59.25849914550781,,,,,,,
state_f16b6b7b95d95b2ff9ce0c41,2c_8d6240d515d92725f365,2,binary_vle_english.xlsx,10.1016/j.fluid.2015.05.031,unverified,0.5,isobaric,0.96875,isobaric,306.25,306.9402160644531,,,0.00101470947265625,True,False,48,CCCCCCCC,mol_8151bb583f7f3ebd,0.132,0.019000000000000017,0.01667231135070324,3.8317525386810303,3.339824676513672,COC=O,mol_3beef90b23ffcece,0.868,0.981,0.9833276867866516,1.056448221206665,108.64996337890625,,,,,,,
state_f188c06e9fb4920b8dd6132a,2c_972bb6b6305c64cb2237,2,binary_vle_english.xlsx,10.1016/j.jct.2017.07.019,unverified,0.5,isobaric,0.95,isobaric,344.28999999999996,364.90777587890625,,,0.0010986328125,True,False,48,ClC(Cl)Cl,mol_d9e0a2387a6283f9,0.22419999999999995,0.7945,0.5890381336212158,1.0817062854766846,246.04376220703125,OCC(F)(F)C(F)F,mol_48469952cf716332,0.7758,0.2055,0.4109618365764618,1.0019234418869019,53.5588264465332,,,,,,,
state_f1c107b38b2c1ff8e76bb05d,2c_61469365e9d7838600a7,2,binary_vle_english.xlsx,10.1016/j.fluid.2015.05.031,unverified,0.5,isobaric,0.9629629629629629,isobaric,324.37,327.68670654296875,,,1.52587890625e-05,True,False,48,CCCCCCC,mol_fddb2c852c313396,0.834,0.18000000000000005,0.1840725690126419,1.0075510740280151,22.19478416442871,COC=O,mol_3beef90b23ffcece,0.166,0.82,0.8159274458885193,2.29571270942688,216.93063354492188,,,,,,,
state_f21e5242f6783392786d6dd6,2c_7b12ee2d0e35e39326bc,2,binary_vle_english.xlsx,10.1016/j.fluid.2011.08.007,unverified,0.5,isobaric,0.9642857142857143,isobaric,369.45,371.1520690917969,,,-7.62939453125e-06,True,False,48,CCOCCO,mol_ab8630148ae67e51,0.861,0.32199999999999995,0.3381708264350891,0.9985647797584534,26.21934700012207,CO,mol_a85d32e4db2ff39c,0.139,0.678,0.6618291735649109,0.9880590438842773,321.22796630859375,,,,,,,
state_f21fc47c108f795a79f9a300,2c_d66c7a74cea5d8732e08,2,binary_vle_english.xlsx,10.1016/j.jct.2017.02.005,unverified,0.5,isobaric,0.96875,isobaric,353.72999999999996,354.200439453125,,,6.103515625e-05,True,False,48,CC(C)O,mol_db030b5de88f8eaf,0.435,0.581,0.5604428052902222,1.347753882408142,95.59427642822266,O,mol_e81dc06beaa39499,0.565,0.41900000000000004,0.43955716490745544,1.537326455116272,50.60591506958008,,,,,,,
state_f2263eb5035f3dfee287f006,2c_8d6240d515d92725f365,2,binary_vle_english.xlsx,10.1016/j.fluid.2015.05.031,unverified,0.5,isobaric,0.96875,isobaric,305.28,305.4986572265625,,,0.00139617919921875,True,False,48,CCCCCCCC,mol_8151bb583f7f3ebd,0.026000000000000023,0.007000000000000006,0.005706592462956905,7.148239612579346,3.1110377311706543,COC=O,mol_3beef90b23ffcece,0.974,0.993,0.9942933917045593,1.002324104309082,103.19254302978516,,,,,,,
state_f2948e7b5f8aa3bc51b37fa5,2c_21b807a1a6c6348c91ac,2,binary_vle_english.xlsx,10.1016/j.fluid.2018.07.027,unverified,0.5,isobaric,0.9629629629629629,isobaric,388.96,389.7577209472656,,,3.814697265625e-05,True,False,48,CC(C)CC(C)(C)C,mol_57615b5c3546c298,0.005,0.0385,0.04693030193448067,6.316450595855713,150.52879333496094,CCCCO,mol_ad4ef9c6c876ca2f,0.995,0.9615,0.9530697464942932,1.0000479221343994,97.02644348144531,,,,,,,
state_f2cd7e842948cfc6dae8033e,2c_35cc53cd52979773cfcb,2,binary_vle_english.xlsx,10.1016/j.fluid.2015.08.014,unverified,0.5,isobaric,0.9473684210526315,isobaric,356.4,359.45855712890625,,,8.392333984375e-05,True,False,48,CO,mol_a85d32e4db2ff39c,0.595,0.993,0.9883008003234863,0.7723342776298523,217.8594512939453,CS(C)=O,mol_7d3e12eaed0f467c,0.405,0.007000000000000006,0.01169921550899744,0.9310962557792664,3.1427993774414062,,,,,,,
state_f2ddc6bc7f95f24ad3c28343,3c_61bfd4ccc52903a74083,3,ternary_vle_english.xlsx,10.1016/j.fluid.2007.03.030,unverified,0.5,isobaric,0.9761904761904762,isobaric,361.37,366.969970703125,,,-2.288818359375e-05,True,False,48,CCCO,mol_5fb2f93dc8caa9dc,0.812,0.82,0.7233943939208984,1.0149431228637695,88.9173355102539,CCCOCCC,mol_e13b90e4aa2e917d,0.093,0.134,0.25683704018592834,2.4666264057159424,113.41756439208984,CCOCCO,mol_ab8630148ae67e51,0.09499999999999997,0.04600000000000004,0.019768614321947098,0.9502814412117004,22.18244743347168
state_f34a47b8fcd3bb2c8f1ca1e5,3c_1a08c4f653f7d812cdc9,3,ternary_vle_english.xlsx,10.1016/j.jct.2019.03.036,unverified,0.5,isobaric,0.972972972972973,isobaric,388.16999999999996,388.1558532714844,,,-6.103515625e-05,True,False,48,CCCOC(C)=O,mol_67043ae833ecd0c7,0.352,0.8161,0.7606585025787354,1.357490062713623,161.2572784423828,CCOC(C)=O,mol_18876b584acc43d4,0.0443,0.1259,0.17475387454032898,1.2985053062438965,307.7430419921875,CS(C)=O,mol_7d3e12eaed0f467c,0.6037,0.05799999999999994,0.06458763033151627,1.1145318746566772,9.723991394042969
state_f375c69336bab9ed8e9c6bd5,2c_56df7cea200b948181e5,2,binary_vle_english.xlsx,10.1016/j.fluid.2007.07.010,unverified,0.5,full_state,0.0,isobaric,313.15,310.8940734863281,,,0.00018310546875,True,False,48,CC(F)F,mol_ed933f1c25fd987c,0.0,0.0,0.0,5.374323844909668,825.5344848632812,CCCC,mol_fadb5806094149e6,1.0,1.0,1.0,1.0,378.0001525878906,,,,,,,
state_f39e251ee938dbc3ed6521e1,3c_f0c258463b44c2183ab7,3,ternary_vle_english.xlsx,10.1016/j.fluid.2005.03.014,unverified,0.5,isobaric,0.9767441860465116,isobaric,389.79999999999995,389.45806884765625,,,0.00087738037109375,True,False,48,CC(=O)OCC(C)C,mol_e7eb29ad965cc8ee,0.18,0.262,0.2514764964580536,1.4106916189193726,100.32421112060547,CC(C)CO,mol_015d21fca05fcd26,0.505,0.647,0.6545470952987671,0.9696621894836426,135.4072723388672,CN(C)C=O,mol_ca12d6d2f2ffb170,0.31499999999999995,0.09099999999999997,0.0939764678478241,0.8747392892837524,34.54958724975586
state_f3d20e4a53ccee75f0ace529,2c_7c6b847ee4cb190db3ef,2,binary_vle_english.xlsx,10.1016/j.fluid.2005.06.024,unverified,0.5,isobaric,0.9666666666666667,isobaric,384.45,385.0984191894531,,,2.288818359375e-05,True,False,48,CCC(C)=O,mol_4cfc5db0ca2ab00b,0.1891,0.4772,0.5076180100440979,0.9775658845901489,278.23779296875,CCOC(=O)OCC,mol_4df2781fcf4d4a77,0.8109,0.5227999999999999,0.4923820197582245,0.9975916147232056,61.67353057861328,,,,,,,
state_f408f587b7e717977cbe62d5,2c_5e274a8981b66e0477e8,2,binary_vle_english.xlsx,10.1016/j.fluid.2005.02.014,passed,1.0,isobaric,0.9166666666666666,isobaric,350.53,349.3915710449219,,,-4.57763671875e-05,True,False,48,C1CCOCC1,mol_626f3d1f5bbb6f55,0.4868,0.3436,0.33363017439842224,1.010668158531189,68.69342041015625,CCC(C)Cl,mol_9f4835d3aad75f1c,0.5132,0.6564,0.6663697957992554,1.0230015516281128,128.57643127441406,,,,,,,
state_f40a03a51da2a234a8dd2908,2c_97830bff71af0df3111e,2,binary_vle_english.xlsx,10.1016/j.fluid.2018.03.015,unverified,0.5,isobaric,0.9090909090909091,isobaric,332.65,334.7931823730469,,,0.00046539306640625,True,False,48,CCO,mol_f29e20f49d416e54,0.049000000000000044,0.07399999999999995,0.0722779929637909,2.941105604171753,50.80548095703125,ClC(Cl)Cl,mol_d9e0a2387a6283f9,0.951,0.926,0.9277219772338867,1.0037481784820557,98.45181274414062,,,,,,,
state_f440974b478cdd95a675cbde,2c_60db84011f520a374b2a,2,binary_vle_english.xlsx,10.1016/j.fluid.2016.04.012,passed,1.0,isobaric,0.9411764705882353,isobaric,332.75,333.996337890625,,,0.00145721435546875,True,False,48,C1CCOC1,mol_c59bfa659357f795,0.392,0.43600000000000005,0.4269787669181824,1.2637560367584229,87.31169128417969,CO,mol_a85d32e4db2ff39c,0.608,0.564,0.5730211734771729,1.1213923692703247,85.13829040527344,,,,,,,
state_f5e942a4cb7186cd1f889e98,2c_d66c7a74cea5d8732e08,2,binary_vle_english.xlsx,10.1016/j.jct.2017.02.005,unverified,0.5,isobaric,0.96875,isobaric,372.80999999999995,372.2890625,,,0.000152587890625,True,False,48,CC(C)O,mol_db030b5de88f8eaf,0.0,0.0,0.0,9.974398612976074,184.5383758544922,O,mol_e81dc06beaa39499,1.0,1.0,1.0,1.0,100.00019836425781,,,,,,,
state_f6406fb49bf2a19fe9c9885b,2c_6f361cb0ec8be0b0e6dd,2,binary_vle_english.xlsx,10.1016/j.fluid.2006.08.004,unverified,0.5,isobaric,0.95,isobaric,341.0,342.1203308105469,,,-2.288818359375e-05,True,False,48,CC(C)OC(C)C,mol_1a0ca8e5eeb68da8,0.24,0.452,0.44432979822158813,1.9535446166992188,96.00192260742188,CCO,mol_f29e20f49d416e54,0.76,0.548,0.5556701421737671,1.0759960412979126,68.83381652832031,,,,,,,
state_f641988fef41e04f0a5ee94c,2c_4c757308eefec1e2dd80,2,binary_vle_english.xlsx,10.1016/j.fluid.2011.11.020,unverified,0.5,isobaric,0.9444444444444444,isobaric,337.82,348.1216735839844,,,1.52587890625e-05,True,False,48,C=C(C)C(C)C,mol_6f1c44bf29e6107c,0.4356,0.6938,0.46885421872138977,1.263157844543457,86.34370422363281,c1ccsc1,mol_7953343be0b435d5,0.5644,0.3062,0.5311458110809326,1.1835963726043701,80.56780242919922,,,,,,,
state_f64d8cc72039f9f0ac55f977,3c_2cb16216a8c609b7ad27,3,ternary_vle_english.xlsx,10.1016/j.fluid.2005.09.015,unverified,0.5,isobaric,0.9767441860465116,isobaric,393.71,393.9046936035156,,,0.00170135498046875,True,False,48,CC(=O)OCC(C)C,mol_e7eb29ad965cc8ee,0.688,0.772,0.7824938893318176,1.000250220298767,115.18616485595703,CC(C)CO,mol_015d21fca05fcd26,0.055,0.107,0.1138894185423851,1.3277440071105957,157.98753356933594,CCCCOC(=O)CC,mol_a9c167bbb331e76a,0.257,0.121,0.10361667722463608,0.9386835694313049,43.51047134399414
state_f64fcf2ae22c4f029336948a,3c_1a08c4f653f7d812cdc9,3,ternary_vle_english.xlsx,10.1016/j.jct.2019.03.036,unverified,0.5,isobaric,0.972972972972973,isobaric,376.65,370.36529541015625,,,9.918212890625e-05,True,False,48,CCCOC(C)=O,mol_67043ae833ecd0c7,0.1384,0.1971,0.15434513986110687,1.2458821535110474,90.6753921508789,CCOC(C)=O,mol_18876b584acc43d4,0.354,0.7712,0.8166131377220154,1.2544838190078735,186.27630615234375,CS(C)=O,mol_7d3e12eaed0f467c,0.5076,0.03170000000000006,0.029041696339845657,1.1759997606277466,4.92836332321167
state_f691b0ace00fafbb67015fab,2c_8d6240d515d92725f365,2,binary_vle_english.xlsx,10.1016/j.fluid.2015.05.031,unverified,0.5,isobaric,0.96875,isobaric,306.28,307.07379150390625,,,0.000946044921875,True,False,48,CCCCCCCC,mol_8151bb583f7f3ebd,0.14800000000000002,0.018000000000000016,0.017353808507323265,3.5340049266815186,3.361746072769165,COC=O,mol_3beef90b23ffcece,0.852,0.982,0.9826462268829346,1.0704439878463745,109.16729736328125,,,,,,,
state_f6a590d62452c19305444dee,2c_8d6240d515d92725f365,2,binary_vle_english.xlsx,10.1016/j.fluid.2015.05.031,unverified,0.5,isobaric,0.96875,isobaric,318.16999999999996,320.99053955078125,,,7.62939453125e-06,True,False,48,CCCCCCCC,mol_8151bb583f7f3ebd,0.76,0.04700000000000004,0.048995375633239746,1.0125830173492432,6.450684547424316,COC=O,mol_3beef90b23ffcece,0.24,0.953,0.9510046243667603,2.2910022735595703,175.24305725097656,,,,,,,
state_f6f8cefff583abf24c198eb6,3c_f0c258463b44c2183ab7,3,ternary_vle_english.xlsx,10.1016/j.fluid.2005.03.014,unverified,0.5,isobaric,0.9767441860465116,isobaric,396.66999999999996,396.2028503417969,,,1.52587890625e-05,True,False,48,CC(=O)OCC(C)C,mol_e7eb29ad965cc8ee,0.032,0.068,0.06474067270755768,1.6586567163467407,123.56057739257812,CC(C)CO,mol_015d21fca05fcd26,0.484,0.756,0.7514227032661438,0.9204424619674683,170.8643798828125,CN(C)C=O,mol_ca12d6d2f2ffb170,0.484,0.17599999999999993,0.18383663892745972,0.8910393714904785,43.18163299560547
state_f713c95aef2a05843fadb682,2c_60db84011f520a374b2a,2,binary_vle_english.xlsx,10.1016/j.fluid.2013.09.060,passed,1.0,isobaric,0.8823529411764706,isobaric,332.4,333.8658142089844,,,0.0013427734375,True,False,48,C1CCOC1,mol_c59bfa659357f795,0.466,0.482,0.47773513197898865,1.1946479082107544,86.93132019042969,CO,mol_a85d32e4db2ff39c,0.534,0.518,0.522264838218689,1.16974675655365,84.6978988647461,,,,,,,
state_f75d499eefb0c17b41ae48d8,2c_d66c7a74cea5d8732e08,2,binary_vle_english.xlsx,10.1016/j.jct.2006.04.006,unverified,0.5,isobaric,0.9444444444444444,isobaric,373.15,372.64990234375,,,7.62939453125e-06,True,False,48,CC(C)O,mol_db030b5de88f8eaf,0.0,0.0,0.0,9.996119499206543,186.85418701171875,O,mol_e81dc06beaa39499,1.0,1.0,1.0,1.0,101.29994201660156,,,,,,,
state_f76e7053ebadc0c0a111d355,3c_2cb16216a8c609b7ad27,3,ternary_vle_english.xlsx,10.1016/j.fluid.2005.09.015,unverified,0.5,isobaric,0.9767441860465116,isobaric,381.94,382.3650817871094,,,2.288818359375e-05,True,False,48,CC(=O)OCC(C)C,mol_e7eb29ad965cc8ee,0.353,0.314,0.3065999746322632,1.1004979610443115,79.94981384277344,CC(C)CO,mol_015d21fca05fcd26,0.601,0.669,0.6791796088218689,1.089296817779541,105.09285736083984,CCCCOC(=O)CC,mol_a9c167bbb331e76a,0.04600000000000004,0.016999999999999904,0.014220451936125755,1.0844194889068604,28.878026962280273
state_f7a972a4828f3652005cf679,2c_8d6240d515d92725f365,2,binary_vle_english.xlsx,10.1016/j.fluid.2015.05.031,unverified,0.5,isobaric,0.96875,isobaric,304.91999999999996,305.1326599121094,,,0.0016326904296875,True,False,48,CCCCCCCC,mol_8151bb583f7f3ebd,0.007000000000000006,0.0020000000000000018,0.0017157316906377673,8.12865924835205,3.055162191390991,COC=O,mol_3beef90b23ffcece,0.993,0.998,0.9982842206954956,1.0001707077026367,101.8433609008789,,,,,,,
state_f8728c600d8eccb3db4a231f,2c_8d6240d515d92725f365,2,binary_vle_english.xlsx,10.1016/j.fluid.2015.05.031,unverified,0.5,isobaric,0.96875,isobaric,356.28,362.2724304199219,,,0.00016021728515625,True,False,48,CCCCCCCC,mol_8151bb583f7f3ebd,0.949,0.257,0.31092774868011475,0.9995718002319336,33.21045684814453,COC=O,mol_3beef90b23ffcece,0.051,0.743,0.6890722513198853,2.376427412033081,576.0571899414062,,,,,,,
state_f8985ba1e8a9a2b1449b4d37,2c_5e274a8981b66e0477e8,2,binary_vle_english.xlsx,10.1016/j.fluid.2005.02.014,passed,1.0,isobaric,0.9166666666666666,isobaric,348.25,347.4071044921875,,,0.00040435791015625,True,False,48,C1CCOCC1,mol_626f3d1f5bbb6f55,0.3766,0.2486,0.2437720149755478,1.0201644897460938,64.27531433105469,CCC(C)Cl,mol_9f4835d3aad75f1c,0.6234,0.7514000000000001,0.756227970123291,1.0159988403320312,120.94937133789062,,,,,,,
state_f8a33ce43090afc98cb139b5,2c_60db84011f520a374b2a,2,binary_vle_english.xlsx,10.1016/j.fluid.2016.04.012,passed,1.0,isobaric,0.9411764705882353,isobaric,332.84999999999997,334.17987060546875,,,0.00147247314453125,True,False,48,C1CCOC1,mol_c59bfa659357f795,0.33799999999999997,0.397,0.38847967982292175,1.32534921169281,87.84899139404297,CO,mol_a85d32e4db2ff39c,0.662,0.603,0.6115202903747559,1.0911378860473633,85.76078796386719,,,,,,,
state_f8ad1950e607a9c13813e6ac,2c_35cc53cd52979773cfcb,2,binary_vle_english.xlsx,10.1016/j.fluid.2015.08.014,unverified,0.5,isobaric,0.9473684210526315,isobaric,344.92999999999995,348.5776062011719,,,0.00011444091796875,True,False,48,CO,mol_a85d32e4db2ff39c,0.797,0.999,0.9972153306007385,0.8547619581222534,148.28427124023438,CS(C)=O,mol_7d3e12eaed0f467c,0.20299999999999996,0.0010000000000000009,0.002784697338938713,0.7123322486877441,1.9507832527160645,,,,,,,
state_f969f78324cde4dd02b7474d,2c_f0a592d91b289fcd0778,2,binary_vle_english.xlsx,10.1016/j.fluid.2005.01.007,unverified,0.5,isobaric,0.9545454545454546,isobaric,328.79999999999995,329.9439697265625,,,4.57763671875e-05,True,False,48,CC(C)=O,mol_e04cf77cea7bbe66,0.947,0.938,0.9603438377380371,1.005033016204834,102.23309326171875,CC(C)CC(C)(C)C,mol_57615b5c3546c298,0.05300000000000005,0.062000000000000055,0.039656154811382294,2.9552414417266846,25.652923583984375,,,,,,,
state_f97bd8ac03d3e62cb329a16c,2c_61469365e9d7838600a7,2,binary_vle_english.xlsx,10.1016/j.fluid.2015.05.031,unverified,0.5,isobaric,0.9629629629629629,isobaric,371.55999999999995,371.8444519042969,,,0.0001068115234375,True,False,48,CCCCCCC,mol_fddb2c852c313396,1.0,1.0,1.0,1.0,101.32003784179688,COC=O,mol_3beef90b23ffcece,0.0,0.0,0.0,2.4055817127227783,730.9918823242188,,,,,,,
state_f9f50dd7cb468a583aae5585,2c_35cc53cd52979773cfcb,2,binary_vle_english.xlsx,10.1016/j.fluid.2015.08.014,unverified,0.5,isobaric,0.9473684210526315,isobaric,382.46,379.1927795410156,,,0.00048065185546875,True,False,48,CO,mol_a85d32e4db2ff39c,0.313,0.952,0.9547290802001953,0.7468096017837524,413.74920654296875,CS(C)=O,mol_7d3e12eaed0f467c,0.687,0.04800000000000004,0.04527091607451439,0.9590983986854553,6.960022449493408,,,,,,,
state_fab143e7e5f19c06f64adfb6,2c_a1a0cf7c2f4fd070fb84,2,binary_vle_english.xlsx,10.1016/j.jct.2018.03.019,unverified,0.5,isobaric,0.95,isobaric,408.12,400.8077697753906,,,0.00090789794921875,True,False,48,CC(C)=O,mol_e04cf77cea7bbe66,0.0963,0.5665,0.6948809623718262,0.9758843779563904,749.0293579101562,O=Cc1ccco1,mol_cfdccd30b0689448,0.9037,0.4335,0.3051190674304962,0.9992547631263733,34.22802734375,,,,,,,
state_fab8419a7b71757bd052ac5d,2c_1490252da7453cbbebe4,2,binary_vle_english.xlsx,10.1016/j.jct.2011.10.025,unverified,0.5,isobaric,0.9545454545454546,isobaric,349.99,350.3321533203125,,,-3.814697265625e-05,True,False,48,CC(C)CC(C)(C)C,mol_57615b5c3546c298,0.479,0.391,0.387760728597641,1.6340893507003784,50.183563232421875,CC(C)O,mol_db030b5de88f8eaf,0.521,0.609,0.6122393012046814,1.4460294246673584,82.32188415527344,,,,,,,
state_facbb4b9b462974556a53dfa,3c_1a08c4f653f7d812cdc9,3,ternary_vle_english.xlsx,10.1016/j.jct.2019.03.036,unverified,0.5,isobaric,0.972972972972973,isobaric,382.69,379.6829528808594,,,0.00026702880859375,True,False,48,CCCOC(C)=O,mol_67043ae833ecd0c7,0.1946,0.4464,0.3222426474094391,1.359212875366211,123.41360473632812,CCOC(C)=O,mol_18876b584acc43d4,0.1955,0.5103,0.6304768323898315,1.340402364730835,243.72354125976562,CS(C)=O,mol_7d3e12eaed0f467c,0.6099,0.043300000000000005,0.047280505299568176,1.1073976755142212,7.091370105743408
state_face6425115eaaae1c6f4e34,2c_df88b179a6c12f0b788b,2,binary_vle_english.xlsx,10.1016/j.jct.2006.12.003,unverified,0.5,isobaric,0.9333333333333333,isobaric,380.45,381.2102966308594,,,0.00054931640625,True,False,48,Cc1ccccc1,mol_1c09299644053521,0.95,0.864,0.895117461681366,0.9999560713768005,95.45243835449219,ClCCCl,mol_e8df6c9e89c6b62a,0.05,0.136,0.10488249361515045,0.9777289032936096,217.33319091796875,,,,,,,
state_fae377f22346be834ced183a,2c_60db84011f520a374b2a,2,binary_vle_english.xlsx,10.1016/j.fluid.2016.04.012,passed,1.0,isobaric,0.9411764705882353,isobaric,335.84999999999997,336.6119689941406,,,0.00012969970703125,True,False,48,C1CCOC1,mol_c59bfa659357f795,0.925,0.868,0.8736360669136047,1.0046908855438232,95.22830963134766,CO,mol_a85d32e4db2ff39c,0.075,0.132,0.12636396288871765,1.808357834815979,94.38159942626953,,,,,,,
state_faef4d85a60dbaeb3b45537c,3c_1a08c4f653f7d812cdc9,3,ternary_vle_english.xlsx,10.1016/j.jct.2019.03.036,unverified,0.5,isobaric,0.972972972972973,isobaric,378.85999999999996,371.99981689453125,,,7.62939453125e-06,True,False,48,CCCOC(C)=O,mol_67043ae833ecd0c7,0.1642,0.2549,0.19517475366592407,1.2566115856170654,95.82054138183594,CCOC(C)=O,mol_18876b584acc43d4,0.3178,0.7091,0.7733916640281677,1.2612333297729492,195.46066284179688,CS(C)=O,mol_7d3e12eaed0f467c,0.518,0.03600000000000003,0.03143366053700447,1.1686317920684814,5.260132789611816
state_fb1533487981bb1e6d6ec6f1,2c_7c6b847ee4cb190db3ef,2,binary_vle_english.xlsx,10.1016/j.fluid.2005.06.024,unverified,0.5,isobaric,0.9666666666666667,isobaric,381.7,382.09503173828125,,,0.00157928466796875,True,False,48,CCC(C)=O,mol_4cfc5db0ca2ab00b,0.2333,0.5477,0.579616129398346,0.9823258519172668,256.2674865722656,CCOC(=O)OCC,mol_4df2781fcf4d4a77,0.7666999999999999,0.45230000000000004,0.42038387060165405,0.9964544177055359,55.755340576171875,,,,,,,
state_fbbc59989679c343714f9e89,2c_f0a592d91b289fcd0778,2,binary_vle_english.xlsx,10.1016/j.fluid.2005.01.007,unverified,0.5,isobaric,0.9545454545454546,isobaric,335.24,341.10595703125,,,-1.52587890625e-05,True,False,48,CC(C)=O,mol_e04cf77cea7bbe66,0.296,0.741,0.7197250127792358,1.6668624877929688,147.7984619140625,CC(C)CC(C)(C)C,mol_57615b5c3546c298,0.704,0.259,0.2802749574184418,1.078218698501587,37.4110221862793,,,,,,,
state_fbf18cc1277fefe4c9aadf8a,2c_8227101c64130ee5e04f,2,binary_vle_english.xlsx,10.1016/j.jct.2017.07.019,unverified,0.5,isobaric,0.9411764705882353,isobaric,366.99,371.3001708984375,,,0.0001373291015625,True,False,48,O,mol_e81dc06beaa39499,0.6353,0.7076,0.7100107073783875,1.1730629205703735,96.51048278808594,OCC(F)(F)C(F)F,mol_48469952cf716332,0.3647,0.2924,0.28998929262161255,1.1937189102172852,67.4767074584961,,,,,,,
state_fc842e7391fb4200b3732bf4,2c_d66c7a74cea5d8732e08,2,binary_vle_english.xlsx,10.1016/j.jct.2017.02.005,unverified,0.5,isobaric,0.96875,isobaric,354.74,355.0312194824219,,,-5.340576171875e-05,True,False,48,CC(C)O,mol_db030b5de88f8eaf,0.973,0.961,0.9604054093360901,1.0003514289855957,98.67090606689453,O,mol_e81dc06beaa39499,0.027000000000000024,0.039000000000000035,0.03959459066390991,2.804302215576172,52.2934455871582,,,,,,,
state_fc8e5e9d80b42132561dcac5,2c_6eb2e45afed5017e5e33,2,binary_vle_english.xlsx,10.1016/j.fluid.2014.09.021,unverified,0.5,isobaric,0.95,isobaric,404.46999999999997,403.75457763671875,,,6.866455078125e-05,True,False,48,CCC(C)OC(C)=O,mol_879306ab1082c162,0.216,0.543,0.5627503395080566,1.5084012746810913,174.9663543701172,CN(C)C=O,mol_ca12d6d2f2ffb170,0.784,0.45699999999999996,0.43724966049194336,1.0282987356185913,54.941890716552734,,,,,,,
state_fcb1eba1675fb548147ba8b7,2c_82cfa7a14fa3ab1984f1,2,binary_vle_english.xlsx,10.1016/j.jct.2019.07.006,unverified,0.5,isobaric,0.9333333333333333,isobaric,354.67999999999995,355.9240417480469,,,7.62939453125e-06,True,False,48,CC#N,mol_7028b7cbd3d829b4,1.0,1.0,1.0,1.0,101.29994201660156,O,mol_e81dc06beaa39499,0.0,0.0,0.0,2.7112746238708496,54.16050338745117,,,,,,,
state_fd0d659cd89826fd18dd3f60,2c_74a658fab9cc22057bbd,2,binary_vle_english.xlsx,10.1016/j.jct.2019.03.036,unverified,0.5,isobaric,0.9473684210526315,isobaric,384.05999999999995,383.9873962402344,,,3.814697265625e-05,True,False,48,CCCOC(C)=O,mol_67043ae833ecd0c7,0.5521,0.9435,0.9530901312828064,1.235127568244934,141.5838623046875,CS(C)=O,mol_7d3e12eaed0f467c,0.44789999999999996,0.056499999999999995,0.046909868717193604,1.2721806764602661,8.339570045471191,,,,,,,
state_fd1c03d537183dd088dc2804,3c_1a08c4f653f7d812cdc9,3,ternary_vle_english.xlsx,10.1016/j.jct.2019.03.036,unverified,0.5,isobaric,0.972972972972973,isobaric,379.2,377.1582946777344,,,9.918212890625e-05,True,False,48,CCCOC(C)=O,mol_67043ae833ecd0c7,0.1679,0.3698,0.2527244985103607,1.3411073684692383,113.69534301757812,CCOC(C)=O,mol_18876b584acc43d4,0.2364,0.592,0.7050758600234985,1.3315635919570923,226.9008026123047,CS(C)=O,mol_7d3e12eaed0f467c,0.5957,0.03820000000000001,0.04219963774085045,1.1148263216018677,6.436999320983887
state_fd94e227441210df621b173b,2c_1490252da7453cbbebe4,2,binary_vle_english.xlsx,10.1016/j.jct.2011.10.025,unverified,0.5,isobaric,0.9545454545454546,isobaric,350.39,350.7251892089844,,,7.62939453125e-06,True,False,48,CC(C)CC(C)(C)C,mol_57615b5c3546c298,0.19499999999999995,0.28500000000000003,0.29219964146614075,2.988184690475464,50.79802322387695,CC(C)O,mol_db030b5de88f8eaf,0.805,0.715,0.7078003287315369,1.0654858350753784,83.59425354003906,,,,,,,
state_fdda606af4c466069cd66068,2c_7e396008deb1d14f8e15,2,binary_vle_english.xlsx,10.1016/j.fluid.2015.11.007,passed,1.0,isobaric,0.9090909090909091,isobaric,361.95,357.4071350097656,,,4.291534423828125e-06,True,False,48,CC(=O)N(C)C,mol_b8ccf255e2b62919,0.487,0.15900000000000003,0.2711509168148041,0.5570775866508484,6.9961981773376465,CC(=O)O,mol_9ac385b135af0125,0.513,0.841,0.7288491129875183,0.34140467643737793,29.130399703979492,,,,,,,
state_febcecb7fb46f223ff87f68a,2c_d66c7a74cea5d8732e08,2,binary_vle_english.xlsx,10.1016/j.fluid.2014.02.006,unverified,0.5,isobaric,0.9411764705882353,isobaric,355.46,355.72381591796875,,,7.62939453125e-06,True,False,48,CC(C)O,mol_db030b5de88f8eaf,1.0,1.0,1.0,1.0,101.29994201660156,O,mol_e81dc06beaa39499,0.0,0.0,0.0,2.8819727897644043,53.73691940307617,,,,,,,
state_fec764af143e307f4f53b176,2c_4e1effd6e44016fa9e71,2,binary_vle_english.xlsx,10.1016/j.fluid.2019.03.022,passed,1.0,isobaric,0.95,isobaric,334.03999999999996,334.9330139160156,,,0.001220703125,True,False,48,CO,mol_a85d32e4db2ff39c,0.919,0.8049999999999999,0.8115178346633911,1.0124226808547974,88.35580444335938,c1ccccc1,mol_7165dcf6be1f831d,0.081,0.195,0.1884821504354477,4.07169771194458,57.89273452758789,,,,,,,
state_fedb6fff53fcea490a656f3f,3c_50c0ded265c297b30405,3,ternary_vle_english.xlsx,10.1016/j.fluid.2015.03.013,unverified,0.5,isobaric,0.9333333333333333,isobaric,398.4,400.5813293457031,,,-3.814697265625e-05,True,False,48,CC(=O)N(C)C,mol_b8ccf255e2b62919,0.583,0.20299999999999996,0.18360495567321777,0.9684858322143555,32.94060516357422,CCC(C)O,mol_06affb0d2c6c8ff2,0.142,0.244,0.2831996977329254,0.7795624732971191,259.15673828125,CCC(C)OC(C)=O,mol_879306ab1082c162,0.275,0.553,0.5331953763961792,1.2312889099121094,159.51544189453125
state_ff05fa910da4023fff7a6bda,2c_7b12ee2d0e35e39326bc,2,binary_vle_english.xlsx,10.1016/j.fluid.2011.08.007,unverified,0.5,isobaric,0.9642857142857143,isobaric,361.46999999999997,362.4543762207031,,,0.00041961669921875,True,False,48,CCOCCO,mol_ab8630148ae67e51,0.782,0.21099999999999997,0.21580402553081512,0.9976885914802551,18.438505172729492,CO,mol_a85d32e4db2ff39c,0.218,0.789,0.7841959595680237,0.994074821472168,241.22203063964844,,,,,,,
state_ff4a510dd16861d59352bb5b,2c_82cfa7a14fa3ab1984f1,2,binary_vle_english.xlsx,10.1016/j.fluid.2014.06.025,unverified,0.5,isobaric,0.9,isobaric,349.79999999999995,355.3164367675781,,,3.0517578125e-05,True,False,48,CC#N,mol_7028b7cbd3d829b4,0.7024,0.6888,0.737436830997467,1.084506630897522,99.22747039794922,O,mol_e81dc06beaa39499,0.2976,0.31120000000000003,0.26256316900253296,1.710024118423462,52.88378143310547,,,,,,,
state_ffe75daa2cf59250297b8b79,2c_68be6b27ffcb3843add8,2,binary_vle_english.xlsx,10.1016/j.fluid.2010.09.023,unverified,0.5,isothermal,0.875,isothermal,,,431.799952517888,466.57501220703125,0.0,True,False,48,CCC#N,mol_abe9c8e175e3ffb6,0.44310000000000005,0.03639999999999999,0.026679331436753273,1.6578696966171265,16.945104598999023,CCCC,mol_fadb5806094149e6,0.5569,0.9636,0.9733206629753113,1.5921249389648438,512.1804809570312,,,,,,,
state_ff6a747c6c4d4b94b29ff72a,2c_26042ad21e725d8f2224,2,binary_vle_english.xlsx,10.1016/j.jct.2019.06.026,unverified,0.5,isobaric,0.9411764705882353,isobaric,408.7,411.9046630859375,,,7.62939453125e-05,True,False,48,CN(C)C=O,mol_ca12d6d2f2ffb170,0.7697,0.48260000000000003,0.5277306437492371,0.9844828844070435,70.54920959472656,OCC(F)(F)C(F)F,mol_48469952cf716332,0.2303,0.5174,0.47226932644844055,0.8390910625457764,247.5689697265625,,,,,,,
state_ff8a9bbb992147a7d861510b,2c_82cfa7a14fa3ab1984f1,2,binary_vle_english.xlsx,10.1016/j.fluid.2014.06.025,unverified,0.5,isobaric,0.9,isobaric,350.66999999999996,357.4079895019531,,,-7.62939453125e-06,True,False,48,CC#N,mol_7028b7cbd3d829b4,0.3901,0.655,0.5793584585189819,1.4291856288909912,106.5139389038086,O,mol_e81dc06beaa39499,0.6099,0.345,0.42064154148101807,1.2317981719970703,57.39019012451172,,,,,,,
