baseline_model,component_count,component_id_1,component_id_2,component_id_3,component_smiles_1,component_smiles_2,component_smiles_3,converged,direction,doi,experiment_mode,experiment_mode_confidence,failure_reason,gamma_pred_1,gamma_pred_2,gamma_pred_3,iterations,nonphysical,predicted_pressure_kpa,predicted_temperature_k,pressure_residual_kpa,psat_pred_kpa_1,psat_pred_kpa_2,psat_pred_kpa_3,quality_status,quality_weight,sample_id,source,system_id,target_pressure_kpa,target_temperature_k,x_1,x_2,x_3,y_pred_1,y_pred_2,y_pred_3,y_true_1,y_true_2,y_true_3
nrtl,2,mol_f7989a5c13417f20,mol_1c09299644053521,,CCCCCl,Cc1ccccc1,,True,isobaric,10.1016/j.fluid.2006.02.009,isobaric,0.9545454545454546,,0.997679898523666,0.9986294455182775,,258,False,,365.73879682781734,6.227196536201518e-11,157.73762127913008,58.15665762486098,,unverified,0.5,state_0d58b4f425418d179af18bb6,D:\VLE\paper_structure_worktree\dataset\binary_vle_english.xlsx,2c_079ccab2da1cc47051a9,,365.92999999999995,0.4353,0.5647,,0.6762480245589624,0.32375197544103773,,0.6928,0.30720000000000003,
nrtl,2,mol_f7989a5c13417f20,mol_1c09299644053521,,CCCCCl,Cc1ccccc1,,True,isobaric,10.1016/j.fluid.2006.02.009,isobaric,0.9545454545454546,,0.9998994553031998,0.9941245782835411,,258,False,,353.78837639734195,-5.684341886080802e-14,109.4628407990806,38.917472215142645,,unverified,0.5,state_0e8c0d22ed2be5db6e9960ae,D:\VLE\paper_structure_worktree\dataset\binary_vle_english.xlsx,2c_079ccab2da1cc47051a9,,353.99,0.8848,0.11519999999999997,,0.9560024242856707,0.04399757571432932,,0.9599,0.040100000000000025,
nrtl,2,mol_f7989a5c13417f20,mol_1c09299644053521,,CCCCCl,Cc1ccccc1,,True,isobaric,10.1016/j.fluid.2006.02.009,isobaric,0.9545454545454546,,0.999425460896486,0.9961253533609877,,258,False,,357.58934818274787,3.183231456205249e-12,123.27733812085155,44.35030245542471,,unverified,0.5,state_24cf0f0ff7a0e2807688cbbf,D:\VLE\paper_structure_worktree\dataset\binary_vle_english.xlsx,2c_079ccab2da1cc47051a9,,357.84,0.7228,0.2772,,0.879108813856571,0.120891186143429,,0.8848,0.11519999999999997,
nrtl,2,mol_f7989a5c13417f20,mol_1c09299644053521,,CCCCCl,Cc1ccccc1,,True,isobaric,10.1016/j.fluid.2006.02.009,isobaric,0.9545454545454546,,0.9980735536055918,0.9982775035408356,,258,False,,364.1196561630406,1.7053025658242404e-13,150.33064927283058,55.16117667246179,,unverified,0.5,state_39267f2309319cd1c18b1323,D:\VLE\paper_structure_worktree\dataset\binary_vle_english.xlsx,2c_079ccab2da1cc47051a9,,364.5,0.4868,0.5132,,0.7210269267735557,0.27897307322644427,,0.7292,0.27080000000000004,
nrtl,2,mol_f7989a5c13417f20,mol_1c09299644053521,,CCCCCl,Cc1ccccc1,,True,isobaric,10.1016/j.fluid.2006.02.009,isobaric,0.9545454545454546,,0.9984041317004334,0.9979182870473916,,258,False,,362.70267626182107,7.12219616616494e-10,144.08366301082557,52.646174079996705,,unverified,0.5,state_3dacd6c75f9a09505c08f0cb,D:\VLE\paper_structure_worktree\dataset\binary_vle_english.xlsx,2c_079ccab2da1cc47051a9,,362.90999999999997,0.534,0.46599999999999997,,0.758321205286601,0.24167879471339906,,0.7632,0.2368,
nrtl,2,mol_f7989a5c13417f20,mol_1c09299644053521,,CCCCCl,Cc1ccccc1,,True,isobaric,10.1016/j.fluid.2006.02.009,isobaric,0.9545454545454546,,0.9988507473437256,0.9973030584121145,,258,False,,360.65689075712726,-1.2816769867640687e-10,135.4398961027758,49.18419011216234,,unverified,0.5,state_41586d44d604eeaf3f2a34d9,D:\VLE\paper_structure_worktree\dataset\binary_vle_english.xlsx,2c_079ccab2da1cc47051a9,,360.74,0.6059,0.3941,,0.8091685530649521,0.19083144693504797,,0.8215,0.1785,
nrtl,2,mol_f7989a5c13417f20,mol_1c09299644053521,,CCCCCl,Cc1ccccc1,,True,isobaric,10.1016/j.fluid.2006.02.009,isobaric,0.9545454545454546,,1.0,0.992437519304379,,258,False,,351.3531042320378,-2.842170943040401e-14,101.29993507481598,35.73867291760245,,unverified,0.5,state_4a0ff7d66a88e3fc1be8db97,D:\VLE\paper_structure_worktree\dataset\binary_vle_english.xlsx,2c_079ccab2da1cc47051a9,,351.53,1.0,0.0,,1.0,0.0,,1.0,0.0,
nrtl,2,mol_f7989a5c13417f20,mol_1c09299644053521,,CCCCCl,Cc1ccccc1,,True,isobaric,10.1016/j.fluid.2006.02.009,isobaric,0.9545454545454546,,0.9962649007072135,0.9994537476911076,,258,False,,371.26252423506907,6.981792921578744e-11,185.27774466492383,69.41298098709382,,unverified,0.5,state_53546c314802c817ec22b726,D:\VLE\paper_structure_worktree\dataset\binary_vle_english.xlsx,2c_079ccab2da1cc47051a9,,371.91999999999996,0.2771,0.7229,,0.5049233376272346,0.4950766623727654,,0.5098,0.49019999999999997,
nrtl,2,mol_f7989a5c13417f20,mol_1c09299644053521,,CCCCCl,Cc1ccccc1,,True,isobaric,10.1016/j.fluid.2006.02.009,isobaric,0.9545454545454546,,0.9998187783895036,0.9946548738671591,,258,False,,354.6764739576228,6.201616997714154e-11,112.5708569949613,40.13410934149541,,unverified,0.5,state_5ca1325f625761f364577820,D:\VLE\paper_structure_worktree\dataset\binary_vle_english.xlsx,2c_079ccab2da1cc47051a9,,354.99,0.8451,0.15490000000000004,,0.9389580645463159,0.061041935453683964,,0.9438,0.05620000000000003,
nrtl,2,mol_f7989a5c13417f20,mol_1c09299644053521,,CCCCCl,Cc1ccccc1,,True,isobaric,10.1016/j.fluid.2006.02.009,isobaric,0.9545454545454546,,0.9969499962186609,0.9991241394324949,,258,False,,368.6234981533434,8.58335624798201e-12,171.67013461625572,63.82872493267579,,unverified,0.5,state_66615c135b29eda6bb16271d,D:\VLE\paper_structure_worktree\dataset\binary_vle_english.xlsx,2c_079ccab2da1cc47051a9,,368.94,0.3495,0.6505000000000001,,0.5904812841743265,0.4095187158256734,,0.5962,0.40380000000000005,
nrtl,2,mol_f7989a5c13417f20,mol_1c09299644053521,,CCCCCl,Cc1ccccc1,,True,isobaric,10.1016/j.fluid.2006.02.009,isobaric,0.9545454545454546,,0.9960213159085342,0.9995466075738043,,258,False,,372.1949837327629,5.684341886080802e-14,190.29018335046638,71.48044502510899,,unverified,0.5,state_728f45c228031ecb7b0a8456,D:\VLE\paper_structure_worktree\dataset\binary_vle_english.xlsx,2c_079ccab2da1cc47051a9,,373.13,0.2528,0.7472,,0.47299104675264797,0.5270089532473521,,0.4668,0.5332,
nrtl,2,mol_f7989a5c13417f20,mol_1c09299644053521,,CCCCCl,Cc1ccccc1,,True,isobaric,10.1016/j.fluid.2006.02.009,isobaric,0.9545454545454546,,0.9948961885626125,0.9998465616178587,,258,False,,376.52089161240457,7.058815754135139e-10,215.00503353597236,81.7515076621343,,unverified,0.5,state_7312f6a9494c7864600e80b3,D:\VLE\paper_structure_worktree\dataset\binary_vle_english.xlsx,2c_079ccab2da1cc47051a9,,377.39,0.148,0.852,,0.31252081116963937,0.6874791888303606,,0.3079,0.6920999999999999,
nrtl,2,mol_f7989a5c13417f20,mol_1c09299644053521,,CCCCCl,Cc1ccccc1,,True,isobaric,10.1016/j.fluid.2006.02.009,isobaric,0.9545454545454546,,0.9967530133096704,0.999230345281884,,258,False,,369.38639003292377,-7.105427357601002e-14,175.51741166988253,65.40324287363576,,unverified,0.5,state_7a7cd70bbddbb32950beb6fd,D:\VLE\paper_structure_worktree\dataset\binary_vle_english.xlsx,2c_079ccab2da1cc47051a9,,369.80999999999995,0.328,0.6719999999999999,,0.5664641630803395,0.43353583691966047,,0.5728,0.4272,
nrtl,2,mol_f7989a5c13417f20,mol_1c09299644053521,,CCCCCl,Cc1ccccc1,,True,isobaric,10.1016/j.fluid.2006.02.009,isobaric,0.9545454545454546,,0.9951697466586282,0.9997909124652019,,258,False,,375.46232880657544,-4.263256414560601e-14,208.72977552734739,79.13191268549488,,unverified,0.5,state_96697f7f89113c17bcdd0109,D:\VLE\paper_structure_worktree\dataset\binary_vle_english.xlsx,2c_079ccab2da1cc47051a9,,376.38,0.1725,0.8275,,0.35372153693383696,0.646278463066163,,0.3498,0.6502,
nrtl,2,mol_f7989a5c13417f20,mol_1c09299644053521,,CCCCCl,Cc1ccccc1,,True,isobaric,10.1016/j.fluid.2006.02.009,isobaric,0.9545454545454546,,0.9986463685475213,0.9976068462067433,,258,False,,361.61658353951674,7.105427357601002e-14,139.44036184335707,50.783798230370174,,unverified,0.5,state_acee024716e885aa7c3c8df8,D:\VLE\paper_structure_worktree\dataset\binary_vle_english.xlsx,2c_079ccab2da1cc47051a9,,361.7,0.5716,0.4284,,0.7857479946020246,0.21425200539797537,,0.7989,0.20109999999999995,
nrtl,2,mol_f7989a5c13417f20,mol_1c09299644053521,,CCCCCl,Cc1ccccc1,,True,isobaric,10.1016/j.fluid.2006.02.009,isobaric,0.9545454545454546,,0.9983166903649469,0.9980199619338597,,258,False,,363.08386587928743,9.350742402602918e-12,145.7429629719062,53.31316035658014,,unverified,0.5,state_b5d5650a1eff8bff737db1ce,D:\VLE\paper_structure_worktree\dataset\binary_vle_english.xlsx,2c_079ccab2da1cc47051a9,,363.29999999999995,0.5211,0.4789,,0.7484586856594458,0.2515413143405541,,0.7538,0.24619999999999997,
nrtl,2,mol_f7989a5c13417f20,mol_1c09299644053521,,CCCCCl,Cc1ccccc1,,True,isobaric,10.1016/j.fluid.2006.02.009,isobaric,0.9545454545454546,,0.9974525655931497,0.9988028099153721,,258,False,,366.6500321156925,0.0,162.03527365301323,59.901157571362745,,unverified,0.5,state_bfc58ffc1461eb6f41cb4536,D:\VLE\paper_structure_worktree\dataset\binary_vle_english.xlsx,2c_079ccab2da1cc47051a9,,367.03999999999996,0.4074,0.5926,,0.6500004784386607,0.34999952156133934,,0.6584,0.3416,
nrtl,2,mol_f7989a5c13417f20,mol_1c09299644053521,,CCCCCl,Cc1ccccc1,,True,isobaric,10.1016/j.fluid.2006.02.009,isobaric,0.9545454545454546,,0.9990390684415089,0.9969803934911302,,258,False,,359.725328525126,-2.842170943040401e-14,131.64693909966073,47.67188900921894,,unverified,0.5,state_c1c6906fe604307ab1651156,D:\VLE\paper_structure_worktree\dataset\binary_vle_english.xlsx,2c_079ccab2da1cc47051a9,,359.80999999999995,0.6402,0.3598,,0.8311889112438894,0.1688110887561105,,0.8338,0.16620000000000001,
nrtl,2,mol_f7989a5c13417f20,mol_1c09299644053521,,CCCCCl,Cc1ccccc1,,True,isobaric,10.1016/j.fluid.2006.02.009,isobaric,0.9545454545454546,,0.9931184968240778,1.0,,258,False,,383.6414224463127,-2.842170943040401e-14,261.2981201433592,101.29993507481598,,unverified,0.5,state_d6a3bd645eb057bb8c940a6d,D:\VLE\paper_structure_worktree\dataset\binary_vle_english.xlsx,2c_079ccab2da1cc47051a9,,383.76,0.0,1.0,,0.0,1.0,,0.0,1.0,
nrtl,2,mol_f7989a5c13417f20,mol_1c09299644053521,,CCCCCl,Cc1ccccc1,,True,isobaric,10.1016/j.fluid.2006.02.009,isobaric,0.9545454545454546,,0.9997212511701159,0.9951318727322451,,258,False,,355.54026547795166,-4.263256414560601e-14,115.66292567716171,41.34782521225148,,unverified,0.5,state_dbcbccf74d769f8e22402295,D:\VLE\paper_structure_worktree\dataset\binary_vle_english.xlsx,2c_079ccab2da1cc47051a9,,355.77,0.8076,0.19240000000000002,,0.9218499592608074,0.07815004073919261,,0.9256,0.07440000000000002,
nrtl,2,mol_f7989a5c13417f20,mol_1c09299644053521,,CCCCCl,Cc1ccccc1,,True,isobaric,10.1016/j.fluid.2006.02.009,isobaric,0.9545454545454546,,0.9995880427336523,0.9956374745910557,,258,False,,356.53554115735096,4.263256414560601e-14,119.3116900843391,42.784210762649224,,unverified,0.5,state_e944758c63ca653bd5e816c3,D:\VLE\paper_structure_worktree\dataset\binary_vle_english.xlsx,2c_079ccab2da1cc47051a9,,356.78999999999996,0.7657,0.23429999999999995,,0.9014746738601371,0.09852532613986284,,0.9062,0.0938,
nrtl,2,mol_aad378a01c690c34,mol_db030b5de88f8eaf,,CC(C)C(=O)C(C)C,CC(C)O,,True,isothermal,10.1016/j.jct.2011.09.007,isothermal,0.95,,1.7772527617268759,1.0003789342441194,,1,False,51.54154854695922,,0.0,13.549952226944056,52.29532872865634,,unverified,0.5,state_39d8c43c03096698a0cc8150,D:\VLE\paper_structure_worktree\dataset\binary_vle_english.xlsx,2c_205307aa9c5cc3461d27,52.069984078976,,0.02739999999999998,0.9726,,0.012802066004162872,0.9871979339958371,,0.015599999999999947,0.9844,
nrtl,2,mol_aad378a01c690c34,mol_db030b5de88f8eaf,,CC(C)C(=O)C(C)C,CC(C)O,,True,isothermal,10.1016/j.jct.2011.09.007,isothermal,0.95,,1.7302151788970164,1.0015306298274633,,1,False,50.78995249912172,,0.0,13.549952226944056,52.29532872865634,,unverified,0.5,state_3a4e54d99b6b6ddc9521c945,D:\VLE\paper_structure_worktree\dataset\binary_vle_english.xlsx,2c_205307aa9c5cc3461d27,51.430036712576,,0.05479999999999996,0.9452,,0.0252953465416271,0.974704653458373,,0.03059999999999996,0.9694,
nrtl,2,mol_aad378a01c690c34,mol_db030b5de88f8eaf,,CC(C)C(=O)C(C)C,CC(C)O,,True,isothermal,10.1016/j.jct.2011.09.007,isothermal,0.95,,1.6687852946847668,1.004413697740977,,1,False,49.762073949107446,,0.0,13.549952226944056,52.29532872865634,,unverified,0.5,state_407d57aeaddfaf45a8c1bd0c,D:\VLE\paper_structure_worktree\dataset\binary_vle_english.xlsx,2c_205307aa9c5cc3461d27,50.589972471808004,,0.09240000000000004,0.9076,,0.041986698552502165,0.9580133014474979,,0.04910000000000003,0.9509,
nrtl,2,mol_aad378a01c690c34,mol_db030b5de88f8eaf,,CC(C)C(=O)C(C)C,CC(C)O,,True,isothermal,10.1016/j.jct.2011.09.007,isothermal,0.95,,1.591551440380124,1.0107899062317764,,1,False,48.38452776734677,,0.0,13.549952226944056,52.29532872865634,,unverified,0.5,state_794662c6c1bab05f26158164,D:\VLE\paper_structure_worktree\dataset\binary_vle_english.xlsx,2c_205307aa9c5cc3461d27,49.41993537024,,0.14300000000000002,0.857,,0.06373646531227037,0.9362635346877296,,0.0726,0.9274,
nrtl,2,mol_aad378a01c690c34,mol_db030b5de88f8eaf,,CC(C)C(=O)C(C)C,CC(C)O,,True,isothermal,10.1016/j.jct.2011.09.007,isothermal,0.95,,1.8262798253899297,1.0,,1,False,52.29532872865634,,0.0,13.549952226944056,52.29532872865634,,unverified,0.5,state_be0b679f3ac82b6af9b728ab,D:\VLE\paper_structure_worktree\dataset\binary_vle_english.xlsx,2c_205307aa9c5cc3461d27,52.970043385344,,0.0,1.0,,0.0,1.0,,0.0,1.0,
nrtl,2,mol_aad378a01c690c34,mol_db030b5de88f8eaf,,CC(C)C(=O)C(C)C,CC(C)O,,True,isothermal,10.1016/j.jct.2011.09.007,isothermal,0.95,,1.8090518362905539,1.0000452730899407,,1,False,52.03373756152858,,0.0,13.549952226944056,52.29532872865634,,unverified,0.5,state_d5fba0043205def802fcac6d,D:\VLE\paper_structure_worktree\dataset\binary_vle_english.xlsx,2c_205307aa9c5cc3461d27,52.429954472576,,0.009499999999999953,0.9905,,0.004475353636162686,0.9955246463638374,,0.00649999999999995,0.9935,
nrtl,2,mol_0e763ba6787b2749,mol_28a5ef315edd1f58,,F/C=C/C(F)(F)F,FCC(F)(F)F,,True,isothermal,10.1016/j.jct.2019.04.020,isothermal,0.75,,1.0,1.0,,1,False,463.2082984274765,,0.0,427.84051642132926,573.3869444301655,,unverified,0.5,state_3445b2a1c675cdd840544e90,D:\VLE\paper_structure_worktree\dataset\binary_vle_english.xlsx,2c_21afd4bfcf559acdf81f,485.70005274240003,,0.757,0.243,,0.6992000618953823,0.3007999381046177,,0.696,0.304,
nrtl,2,mol_cbd731ac6eef5e90,mol_1a0ca8e5eeb68da8,,CC(C)(C)Cl,CC(C)OC(C)C,,True,isothermal,10.1016/j.fluid.2011.06.001,isothermal,0.9166666666666666,,1.0045532448447108,1.0230284930382263,,1,False,51.038523738345205,,0.0,59.48495698214768,30.555005676460272,,unverified,0.5,state_591c453abbec503f6db949c1,D:\VLE\paper_structure_worktree\dataset\binary_vle_english.xlsx,2c_23001626ba9c10a2709a,51.364975396992,,0.6941,0.30589999999999995,,0.8126509603424182,0.18734903965758176,,0.8042,0.19579999999999997,
nrtl,2,mol_cbd731ac6eef5e90,mol_1a0ca8e5eeb68da8,,CC(C)(C)Cl,CC(C)OC(C)C,,True,isothermal,10.1016/j.fluid.2011.06.001,isothermal,0.9166666666666666,,1.008503291545921,1.0159866252277432,,1,False,47.86475186013041,,0.0,59.48495698214768,30.555005676460272,,unverified,0.5,state_8344086d3a9dde4068648c95,D:\VLE\paper_structure_worktree\dataset\binary_vle_english.xlsx,2c_23001626ba9c10a2709a,48.12004228224,,0.5811,0.41890000000000005,,0.7283154711503226,0.27168452884967736,,0.7208,0.2792,
nrtl,2,mol_cbd731ac6eef5e90,mol_1a0ca8e5eeb68da8,,CC(C)(C)Cl,CC(C)OC(C)C,,True,isothermal,10.1016/j.fluid.2011.06.001,isothermal,0.9166666666666666,,1.0005208687696405,1.039193739841631,,1,False,56.65631370597698,,0.0,59.48495698214768,30.555005676460272,,unverified,0.5,state_bc19f9ecadce04e8d5133a17,D:\VLE\paper_structure_worktree\dataset\binary_vle_english.xlsx,2c_23001626ba9c10a2709a,56.724934557695995,,0.897,0.10299999999999998,,0.942274486991647,0.057725513008353144,,0.9352,0.06479999999999997,
nrtl,2,mol_cbd731ac6eef5e90,mol_1a0ca8e5eeb68da8,,CC(C)(C)Cl,CC(C)OC(C)C,,True,isothermal,10.1016/j.fluid.2011.06.001,isothermal,0.9166666666666666,,1.00197646042447,1.030798418702278,,1,False,53.95031450070442,,0.0,59.48495698214768,30.555005676460272,,unverified,0.5,state_d0905c3268d98e9cd292b3f7,D:\VLE\paper_structure_worktree\dataset\binary_vle_english.xlsx,2c_23001626ba9c10a2709a,54.115015881728,,0.7989,0.20109999999999995,,0.8825983495693546,0.11740165043064543,,0.8803,0.11970000000000003,
nrtl,2,mol_cbd731ac6eef5e90,mol_1a0ca8e5eeb68da8,,CC(C)(C)Cl,CC(C)OC(C)C,,True,isothermal,10.1016/j.fluid.2011.06.001,isothermal,0.9166666666666666,,1.0001361844462304,1.0439426995962853,,1,False,58.041540773003234,,0.0,59.48495698214768,30.555005676460272,,unverified,0.5,state_e54b2d5984aaaed5d7a31aa9,D:\VLE\paper_structure_worktree\dataset\binary_vle_english.xlsx,2c_23001626ba9c10a2709a,58.070023928447995,,0.9474,0.05259999999999998,,0.9710928123452754,0.02890718765472459,,0.9681,0.03190000000000004,
nrtl,2,mol_57615b5c3546c298,mol_7953343be0b435d5,,CC(C)CC(C)(C)C,c1ccsc1,,True,isothermal,10.1016/j.fluid.2007.06.010,isothermal,0.95,,1.6452239920716238,1.0422090871749004,,1,False,93.03489830771503,,0.0,56.78366075207622,89.18496742938424,,passed,1.0,state_25c1756655827d3ba19477a4,D:\VLE\paper_structure_worktree\dataset\binary_vle_english.xlsx,2c_26b73e2a52ff4a4f03f7,93.16993707417599,,0.18100000000000005,0.819,,0.1817527995780014,0.8182472004219986,,0.17900000000000005,0.821,
nrtl,2,mol_57615b5c3546c298,mol_7953343be0b435d5,,CC(C)CC(C)(C)C,c1ccsc1,,True,isothermal,10.1016/j.fluid.2007.06.010,isothermal,0.95,,1.4931493182152795,1.0692667953443367,,1,False,92.84542680125314,,0.0,56.78366075207622,89.18496742938424,,passed,1.0,state_2852a0ff2fc2aa8f6fb0db62,D:\VLE\paper_structure_worktree\dataset\binary_vle_english.xlsx,2c_26b73e2a52ff4a4f03f7,93.019949410176,,0.238,0.762,,0.21734170403003047,0.7826582959699695,,0.21499999999999997,0.785,
nrtl,2,mol_57615b5c3546c298,mol_7953343be0b435d5,,CC(C)CC(C)(C)C,c1ccsc1,,True,isothermal,10.1016/j.fluid.2007.06.010,isothermal,0.95,,2.1531023143541703,1.0052498095571405,,1,False,91.60964311529125,,0.0,56.78366075207622,89.18496742938424,,passed,1.0,state_9b163e4ccd7a0f671974fdb7,D:\VLE\paper_structure_worktree\dataset\binary_vle_english.xlsx,2c_26b73e2a52ff4a4f03f7,91.870043986176,,0.06000000000000005,0.94,,0.08007521515759948,0.9199247848424005,,0.07799999999999996,0.922,
nrtl,2,mol_57615b5c3546c298,mol_7953343be0b435d5,,CC(C)CC(C)(C)C,c1ccsc1,,True,isothermal,10.1016/j.fluid.2007.06.010,isothermal,0.95,,1.981614572554156,1.0121689448382991,,1,False,92.33979037676676,,0.0,56.78366075207622,89.18496742938424,,passed,1.0,state_b3d28a85b1ad3066e9a38c49,D:\VLE\paper_structure_worktree\dataset\binary_vle_english.xlsx,2c_26b73e2a52ff4a4f03f7,92.569986418176,,0.09299999999999997,0.907,,0.11332784721326963,0.8866721527867304,,0.10999999999999999,0.89,
nrtl,2,mol_57615b5c3546c298,mol_7953343be0b435d5,,CC(C)CC(C)(C)C,c1ccsc1,,True,isothermal,10.1016/j.fluid.2007.06.010,isothermal,0.95,,1.3604669521104722,1.1067822428027,,1,False,92.1857007773505,,0.0,56.78366075207622,89.18496742938424,,passed,1.0,state_be040cbbcca149a742400410,D:\VLE\paper_structure_worktree\dataset\binary_vle_english.xlsx,2c_26b73e2a52ff4a4f03f7,92.340005333376,,0.30400000000000005,0.696,,0.25475423128939234,0.7452457687106077,,0.253,0.747,
nrtl,2,mol_57615b5c3546c298,mol_7953343be0b435d5,,CC(C)CC(C)(C)C,c1ccsc1,,True,isothermal,10.1016/j.fluid.2007.06.010,isothermal,0.95,,1.81010105396298,1.0238818948080233,,1,False,92.840289107774,,0.0,56.78366075207622,89.18496742938424,,passed,1.0,state_bf1779a8e43d49a82e1b5cd7,D:\VLE\paper_structure_worktree\dataset\binary_vle_english.xlsx,2c_26b73e2a52ff4a4f03f7,93.039947765376,,0.133,0.867,,0.147245274295017,0.852754725704983,,0.14400000000000002,0.856,
nrtl,2,mol_0a895444a9f0f36b,mol_1a0ca8e5eeb68da8,,CC(=O)CC(C)C,CC(C)OC(C)C,,True,isothermal,10.1016/j.fluid.2005.05.024,isothermal,0.9285714285714286,,1.6606858986024788,1.0,,1,False,96.31808784951477,,0.0,19.205346429327506,96.31808784951477,,unverified,0.5,state_1d4757581304b0411afdefd0,D:\VLE\paper_structure_worktree\dataset\binary_vle_english.xlsx,2c_2bf990af2d8877fc2ea0,96.96002535168,,0.0,1.0,,0.0,1.0,,0.0,1.0,
nrtl,2,mol_0a895444a9f0f36b,mol_1a0ca8e5eeb68da8,,CC(=O)CC(C)C,CC(C)OC(C)C,,True,isothermal,10.1016/j.fluid.2005.05.024,isothermal,0.9285714285714286,,1.6174151787556375,1.0002604638142276,,1,False,95.06368416065436,,0.0,19.205346429327506,96.31808784951477,,unverified,0.5,state_56454940505285833d9b0f41,D:\VLE\paper_structure_worktree\dataset\binary_vle_english.xlsx,2c_2bf990af2d8877fc2ea0,95.190037594112,,0.01959999999999995,0.9804,,0.006404497936361901,0.9935955020636381,,0.007099999999999995,0.9929,
nrtl,2,mol_0a895444a9f0f36b,mol_1a0ca8e5eeb68da8,,CC(=O)CC(C)C,CC(C)OC(C)C,,True,isothermal,10.1016/j.fluid.2005.05.024,isothermal,0.9285714285714286,,1.4403728707386396,1.0086520175860119,,1,False,89.06296366431009,,0.0,19.205346429327506,96.31808784951477,,unverified,0.5,state_7948c0716f5a1f10c0811c39,D:\VLE\paper_structure_worktree\dataset\binary_vle_english.xlsx,2c_2bf990af2d8877fc2ea0,88.96001665984,,0.11639999999999995,0.8836,,0.03615371382247636,0.9638462861775237,,0.03849999999999998,0.9615,
nrtl,2,mol_0a895444a9f0f36b,mol_1a0ca8e5eeb68da8,,CC(=O)CC(C)C,CC(C)OC(C)C,,True,isothermal,10.1016/j.fluid.2005.05.024,isothermal,0.9285714285714286,,1.541163840342196,1.002195439951945,,1,False,92.67432496062848,,0.0,19.205346429327506,96.31808784951477,,unverified,0.5,state_afade13e9677c1f87f12dff1,D:\VLE\paper_structure_worktree\dataset\binary_vle_english.xlsx,2c_2bf990af2d8877fc2ea0,92.729973259776,,0.057599999999999985,0.9424,,0.01839644931983347,0.9816035506801665,,0.01970000000000005,0.9803,
nrtl,2,mol_fadb5806094149e6,mol_ad4ef9c6c876ca2f,,CCCC,CCCCO,,True,isothermal,10.1016/j.fluid.2007.02.028,isothermal,0.8571428571428571,,2.1994456953346018,1.0209183517924487,,1,False,432.4874427364631,,0.0,1298.7373280589761,36.140795895960046,,unverified,0.5,state_c3e7bc06973654487f546df2,D:\VLE\paper_structure_worktree\dataset\binary_vle_english.xlsx,2c_31d8627ec67697cf0cd9,456.50005434777603,,0.1403,0.8597,,0.9266564127542403,0.07334358724575983,,0.9178,0.08220000000000005,
nrtl,2,mol_4df2781fcf4d4a77,mol_18876b584acc43d4,,CCOC(=O)OCC,CCOC(C)=O,,True,isothermal,10.1016/j.jct.2015.07.024,full_state,0.0,,0.9988307231556558,0.9037582220383878,,1,False,508.2042074169033,,0.0,424.6386020313976,1418.4312144530104,,unverified,0.5,state_633ce3b5126ddbaebf3d46ed,D:\VLE\paper_structure_worktree\dataset\binary_vle_english.xlsx,2c_31dd895be9cb26117aa9,461.70002666688,,0.902,0.098,,0.7528000601580885,0.24719993984191146,,0.755,0.245,
nrtl,2,mol_4df2781fcf4d4a77,mol_18876b584acc43d4,,CCOC(=O)OCC,CCOC(C)=O,,True,isobaric,10.1016/j.jct.2015.07.024,full_state,0.0,,0.9988199669036975,0.9028990331345068,,258,False,,449.0040618938308,1.3073986337985843e-12,384.3873082878587,1304.0965065917278,,unverified,0.5,state_633ce3b5126ddbaebf3d46ed,D:\VLE\paper_structure_worktree\dataset\binary_vle_english.xlsx,2c_31dd895be9cb26117aa9,,453.2,0.902,0.098,,0.7500718954365577,0.24992810456344225,,0.755,0.245,
nrtl,2,mol_4df2781fcf4d4a77,mol_18876b584acc43d4,,CCOC(=O)OCC,CCOC(C)=O,,True,isothermal,10.1016/j.jct.2015.07.024,isothermal,0.8888888888888888,,0.9380852387426932,0.9860089400994845,,1,False,444.96967929973437,,0.0,151.35093590465726,593.905256117234,,unverified,0.5,state_86e7d7c7fee4cd79ad4a0a14,D:\VLE\paper_structure_worktree\dataset\binary_vle_english.xlsx,2c_31dd895be9cb26117aa9,418.899946834944,,0.31699999999999995,0.683,,0.10114775699719651,0.8988522430028035,,0.122,0.878,
nrtl,2,mol_4df2781fcf4d4a77,mol_18876b584acc43d4,,CCOC(=O)OCC,CCOC(C)=O,,True,isothermal,10.1016/j.jct.2015.07.024,isothermal,0.8888888888888888,,0.9101897516830633,0.9957354282414107,,1,False,512.4435930593199,,0.0,151.35093590465726,593.905256117234,,unverified,0.5,state_e740c11ded6339b192657ec2,D:\VLE\paper_structure_worktree\dataset\binary_vle_english.xlsx,2c_31dd895be9cb26117aa9,473.399997715456,,0.17400000000000004,0.826,,0.04677569324370025,0.9532243067562997,,0.05800000000000005,0.942,
nrtl,2,mol_fddb2c852c313396,mol_e7658ba520613aac,,CCCCCCC,Cc1ccc(C)cc1,,True,isothermal,10.1016/j.fluid.2016.02.018,isothermal,0.8,,1.0428357371500088,1.0720533322909696,,1,False,57.585714415302306,,0.0,78.87139366213395,22.601639650768316,,unverified,0.5,state_a44318f058d98af74d46f42c,D:\VLE\paper_structure_worktree\dataset\binary_vle_english.xlsx,2c_35c6612e2ad0f786d394,55.399976864512,,0.5749,0.42510000000000003,,0.8211319866462803,0.1788680133537197,,0.8395,0.16049999999999998,
nrtl,2,mol_fddb2c852c313396,mol_e7658ba520613aac,,CCCCCCC,Cc1ccc(C)cc1,,True,isothermal,10.1016/j.fluid.2016.02.018,isothermal,0.8,,1.012905668996052,1.1382949125642599,,1,False,67.39953601545528,,0.0,78.87139366213395,22.601639650768316,,unverified,0.5,state_fa054f90c52f224caebed33b,D:\VLE\paper_structure_worktree\dataset\binary_vle_english.xlsx,2c_35c6612e2ad0f786d394,64.89999551872,,0.7694,0.23060000000000003,,0.9119768031279016,0.08802319687209831,,0.9005,0.09950000000000003,
nrtl,2,mol_67043ae833ecd0c7,mol_f29e20f49d416e54,,CCCOC(C)=O,CCO,,True,isothermal,10.1016/j.fluid.2012.05.016,isothermal,0.9375,,2.2476045913149436,1.005892963934166,,1,False,89.02068712518684,,0.0,41.47216266321929,88.15440721311967,,unverified,0.5,state_1f16aff5d16471d4c6551b61,D:\VLE\paper_structure_worktree\dataset\binary_vle_english.xlsx,2c_3cf279eea352998261d1,89.68995662464,,0.07640000000000002,0.9236,,0.07999797803745609,0.9200020219625439,,0.0786,0.9214,
nrtl,2,mol_67043ae833ecd0c7,mol_f29e20f49d416e54,,CCCOC(C)=O,CCO,,True,isothermal,10.1016/j.fluid.2012.05.016,isothermal,0.9375,,2.397222230257597,1.001812830724403,,1,False,88.78390587298887,,0.0,41.47216266321929,88.15440721311967,,unverified,0.5,state_556829f12effba5e77a1a591,D:\VLE\paper_structure_worktree\dataset\binary_vle_english.xlsx,2c_3cf279eea352998261d1,89.48997307264,,0.042300000000000004,0.9577,,0.04736647872385116,0.9526335212761489,,0.04720000000000002,0.9528,
nrtl,2,mol_67043ae833ecd0c7,mol_f29e20f49d416e54,,CCCOC(C)=O,CCO,,True,isothermal,10.1016/j.fluid.2012.05.016,isothermal,0.9375,,2.503326942160933,1.0004146464329142,,1,False,88.50663404843847,,0.0,41.47216266321929,88.15440721311967,,unverified,0.5,state_77c89cf97a39583a36004e67,D:\VLE\paper_structure_worktree\dataset\binary_vle_english.xlsx,2c_3cf279eea352998261d1,89.20999609984,,0.020199999999999996,0.9798,,0.023694622915741242,0.9763053770842587,,0.023599999999999954,0.9764,
nrtl,2,mol_67043ae833ecd0c7,mol_f29e20f49d416e54,,CCCOC(C)=O,CCO,,True,isothermal,10.1016/j.fluid.2012.05.016,isothermal,0.9375,,2.060039037839862,1.0157566233625404,,1,False,89.02936847350023,,0.0,41.47216266321929,88.15440721311967,,unverified,0.5,state_b5343d777ec8e41b2ccdefc0,D:\VLE\paper_structure_worktree\dataset\binary_vle_english.xlsx,2c_3cf279eea352998261d1,89.63996073664,,0.1251,0.8749,,0.12004833763729103,0.879951662362709,,0.11780000000000002,0.8822,
nrtl,2,mol_eb71ecc709e3f0dc,mol_ad4ef9c6c876ca2f,,CCCCCCO,CCCCO,,True,isothermal,10.1016/j.fluid.2016.12.025,isothermal,0.95,,0.860480587911459,0.9976074110371396,,1,False,12.809005695173887,,0.0,2.0494439670046685,14.078153900708262,,unverified,0.5,state_0c3f35625b40d88e7c00c30b,D:\VLE\paper_structure_worktree\dataset\binary_vle_english.xlsx,2c_3e7cc7d2a95d27d26296,12.500038578943999,,0.10060000000000002,0.8994,,0.013850316194222011,0.9861496838057779,,0.017900000000000027,0.9821,
nrtl,2,mol_eb71ecc709e3f0dc,mol_ad4ef9c6c876ca2f,,CCCCCCO,CCCCO,,True,isothermal,10.1016/j.fluid.2016.12.025,isothermal,0.95,,0.8433192122979734,0.9992903134826535,,1,False,13.40057816490972,,0.0,2.0494439670046685,14.078153900708262,,unverified,0.5,state_9ec55552dafcd99711f9b70a,D:\VLE\paper_structure_worktree\dataset\binary_vle_english.xlsx,2c_3e7cc7d2a95d27d26296,12.999997458944,,0.05410000000000004,0.9459,,0.006977530960179559,0.9930224690398205,,0.008399999999999963,0.9916,
nrtl,2,mol_eb71ecc709e3f0dc,mol_ad4ef9c6c876ca2f,,CCCCCCO,CCCCO,,True,isothermal,10.1016/j.fluid.2016.12.025,isothermal,0.95,,0.8775241225650031,0.9948100187700286,,1,False,12.17164941170762,,0.0,2.0494439670046685,14.078153900708262,,unverified,0.5,state_ed541375ecac29824463d485,D:\VLE\paper_structure_worktree\dataset\binary_vle_english.xlsx,2c_3e7cc7d2a95d27d26296,11.999946376576,,0.1502,0.8498,,0.022192979439396115,0.977807020560604,,0.026800000000000046,0.9732,
nrtl,2,mol_b650f1cc3cac74aa,mol_57615b5c3546c298,,CC(=O)C(C)C,CC(C)CC(C)(C)C,,True,isothermal,10.1016/j.fluid.2007.10.016,isothermal,0.9473684210526315,,1.0825703107078177,1.6483594701126598,,1,False,48.55964091743691,,0.0,40.59495380963925,36.45583513480328,,unverified,0.5,state_65ae518dd32946f49e4d2444,D:\VLE\paper_structure_worktree\dataset\binary_vle_english.xlsx,2c_3e81da950c7ab7bbfaed,47.98005379584,,0.7143,0.28569999999999995,,0.6464476299718533,0.3535523700281467,,0.6451,0.3549,
nrtl,2,mol_b650f1cc3cac74aa,mol_57615b5c3546c298,,CC(=O)C(C)C,CC(C)CC(C)(C)C,,True,isothermal,10.1016/j.fluid.2007.10.016,isothermal,0.9473684210526315,,1.5122563856344016,1.1291869540532675,,1,False,48.21370028774024,,0.0,40.59495380963925,36.45583513480328,,unverified,0.5,state_8013cf4454cf98ca4a1cb59b,D:\VLE\paper_structure_worktree\dataset\binary_vle_english.xlsx,2c_3e81da950c7ab7bbfaed,47.459963238271996,,0.3485,0.6515,,0.44374124467193415,0.5562587553280659,,0.4263,0.5737,
nrtl,2,mol_b650f1cc3cac74aa,mol_57615b5c3546c298,,CC(=O)C(C)C,CC(C)CC(C)(C)C,,True,isothermal,10.1016/j.fluid.2007.10.016,isothermal,0.9473684210526315,,1.2244077912226854,1.3381073527987306,,1,False,49.28326341192731,,0.0,40.59495380963925,36.45583513480328,,unverified,0.5,state_973fd692f277842ad1ed40e3,D:\VLE\paper_structure_worktree\dataset\binary_vle_english.xlsx,2c_3e81da950c7ab7bbfaed,48.58000445184,,0.5433,0.4567,,0.5479467849839511,0.452053215016049,,0.5384,0.4616,
nrtl,2,mol_b650f1cc3cac74aa,mol_57615b5c3546c298,,CC(=O)C(C)C,CC(C)CC(C)(C)C,,True,isothermal,10.1016/j.fluid.2007.10.016,isothermal,0.9473684210526315,,1.1391268062523496,1.4836374874428033,,1,False,49.116219758758376,,0.0,40.59495380963925,36.45583513480328,,unverified,0.5,state_dd8378bfb42357158d319753,D:\VLE\paper_structure_worktree\dataset\binary_vle_english.xlsx,2c_3e81da950c7ab7bbfaed,48.48001267584,,0.6337,0.36629999999999996,,0.596626991177549,0.40337300882245086,,0.5895,0.4105,
nrtl,2,mol_b650f1cc3cac74aa,mol_57615b5c3546c298,,CC(=O)C(C)C,CC(C)CC(C)(C)C,,True,isothermal,10.1016/j.fluid.2007.10.016,isothermal,0.9473684210526315,,1.3457840609170806,1.2196109401039597,,1,False,49.010006956369736,,0.0,40.59495380963925,36.45583513480328,,unverified,0.5,state_f9af8b9b346708591fa97fa6,D:\VLE\paper_structure_worktree\dataset\binary_vle_english.xlsx,2c_3e81da950c7ab7bbfaed,48.22003405824,,0.4472,0.5528,,0.498499196511861,0.501500803488139,,0.4851,0.5149,
nrtl,2,mol_fddb2c852c313396,mol_1c09299644053521,,CCCCCCC,Cc1ccccc1,,True,isothermal,10.1016/j.fluid.2014.12.025,isothermal,0.8,,1.0143663455995773,1.2530366475679984,,1,False,77.25242850024418,,0.0,78.87139366213395,53.51775937337594,,unverified,0.5,state_0113cc921033591b505d2cce,D:\VLE\paper_structure_worktree\dataset\binary_vle_english.xlsx,2c_40e8c463ab1ddecad6ca,74.999964828928,,0.7874,0.2126,,0.8154505246158154,0.18454947538418456,,0.8142,0.18579999999999997,
nrtl,2,mol_fddb2c852c313396,mol_1c09299644053521,,CCCCCCC,Cc1ccccc1,,True,isothermal,10.1016/j.fluid.2014.12.025,isothermal,0.8,,1.06382671570843,1.1338990618480276,,1,False,73.92942821532982,,0.0,78.87139366213395,53.51775937337594,,unverified,0.5,state_93b0f5ee156f7b695d4f0819,D:\VLE\paper_structure_worktree\dataset\binary_vle_english.xlsx,2c_40e8c463ab1ddecad6ca,72.99999598656,,0.5704,0.4296,,0.6473700107371027,0.35262998926289735,,0.6491,0.3509,
nrtl,2,mol_fddb2c852c313396,mol_770d75a3bb2412ce,,CCCCCCC,CCCOCCO,,True,isobaric,10.1016/j.fluid.2010.08.002,isobaric,0.9230769230769231,,1.0016360329815934,5.023835958414498,,258,False,,370.7592453113187,-2.842170943040401e-14,100.19592751177932,17.32412826028059,,unverified,0.5,state_0bb75bc4f3f87fb6d2354019,D:\VLE\paper_structure_worktree\dataset\binary_vle_english.xlsx,2c_42d2383a8e4daebeb5e1,,370.83,0.973,0.027000000000000024,,0.9765009436709163,0.02349905632908374,,0.98,0.020000000000000018,
nrtl,2,mol_fddb2c852c313396,mol_770d75a3bb2412ce,,CCCCCCC,CCCOCCO,,True,isobaric,10.1016/j.fluid.2010.08.002,isobaric,0.9230769230769231,,2.978914695402334,1.0134184891557951,,258,False,,394.2413371202492,3.979607754445169e-10,198.73776950172962,40.50198451795789,,unverified,0.5,state_28833e345d4b5d188d48f933,D:\VLE\paper_structure_worktree\dataset\binary_vle_english.xlsx,2c_42d2383a8e4daebeb5e1,,398.34,0.107,0.893,,0.6334641964732295,0.36653580352677045,,0.582,0.41800000000000004,
nrtl,2,mol_fddb2c852c313396,mol_770d75a3bb2412ce,,CCCCCCC,CCCOCCO,,True,isobaric,10.1016/j.fluid.2010.08.002,isobaric,0.9230769230769231,,1.0125720754604288,4.104900128811516,,258,False,,371.0312768369715,6.801030849601375e-10,101.04416407870747,17.50617939530957,,unverified,0.5,state_324646a4a8a94e3c68cec043,D:\VLE\paper_structure_worktree\dataset\binary_vle_english.xlsx,2c_42d2383a8e4daebeb5e1,,371.07,0.924,0.07599999999999996,,0.9453855732095795,0.05461442679042051,,0.954,0.04600000000000004,
nrtl,2,mol_fddb2c852c313396,mol_770d75a3bb2412ce,,CCCCCCC,CCCOCCO,,True,isobaric,10.1016/j.fluid.2010.08.002,isobaric,0.9230769230769231,,3.2385058582953405,1.0038252550382383,,258,False,,403.52089341512277,0.0,254.84429578536435,55.13071053152383,,unverified,0.5,state_3cf681327f0a08e6184995a4,D:\VLE\paper_structure_worktree\dataset\binary_vle_english.xlsx,2c_42d2383a8e4daebeb5e1,,407.79999999999995,0.058,0.942,,0.47868235103187284,0.5213176489681272,,0.41,0.5900000000000001,
nrtl,2,mol_fddb2c852c313396,mol_770d75a3bb2412ce,,CCCCCCC,CCCOCCO,,True,isobaric,10.1016/j.fluid.2010.08.002,isobaric,0.9230769230769231,,2.598547185282384,1.0405688590391544,,258,False,,385.8340940273695,9.807195056055207e-10,157.01915938653661,30.240292862870824,,unverified,0.5,state_4601949f89979450be23c45f,D:\VLE\paper_structure_worktree\dataset\binary_vle_english.xlsx,2c_42d2383a8e4daebeb5e1,,388.39,0.182,0.8180000000000001,,0.7425991724788782,0.25740082752112176,,0.727,0.273,
nrtl,2,mol_fddb2c852c313396,mol_770d75a3bb2412ce,,CCCCCCC,CCCOCCO,,True,isobaric,10.1016/j.fluid.2010.08.002,isobaric,0.9230769230769231,,3.4362188743923925,1.0003578771967365,,258,False,,415.3685945994108,4.0458303374180105e-10,344.46412330529904,80.10806006269274,,unverified,0.5,state_51cdf57765d811c268066c35,D:\VLE\paper_structure_worktree\dataset\binary_vle_english.xlsx,2c_42d2383a8e4daebeb5e1,,418.39,0.018,0.982,,0.21305765251249892,0.786942347487501,,0.136,0.864,
nrtl,2,mol_fddb2c852c313396,mol_770d75a3bb2412ce,,CCCCCCC,CCCOCCO,,True,isobaric,10.1016/j.fluid.2010.08.002,isobaric,0.9230769230769231,,3.51280385484788,1.0,,258,False,,422.73574224034525,-4.263256414560601e-14,411.9288762616888,100.00004198681596,,unverified,0.5,state_69f00bca479278f63af87524,D:\VLE\paper_structure_worktree\dataset\binary_vle_english.xlsx,2c_42d2383a8e4daebeb5e1,,422.75,0.0,1.0,,0.0,1.0,,0.0,1.0,
nrtl,2,mol_fddb2c852c313396,mol_770d75a3bb2412ce,,CCCCCCC,CCCOCCO,,True,isobaric,10.1016/j.fluid.2010.08.002,isobaric,0.9230769230769231,,1.0,5.66630667271282,,258,False,,370.6961540958887,-4.263256414560601e-14,100.00004198681596,17.282139149365417,,unverified,0.5,state_7d9e510e5a43c6a61963c48f,D:\VLE\paper_structure_worktree\dataset\binary_vle_english.xlsx,2c_42d2383a8e4daebeb5e1,,371.15,1.0,0.0,,1.0,0.0,,1.0,0.0,
nrtl,2,mol_fddb2c852c313396,mol_770d75a3bb2412ce,,CCCCCCC,CCCOCCO,,True,isobaric,10.1016/j.fluid.2010.08.002,isobaric,0.9230769230769231,,3.345640540341483,1.0015343128330363,,258,False,,409.0969033288733,-1.4210854715202004e-14,294.31437355419234,65.90847940393913,,unverified,0.5,state_a44ac6bf2e088f320e333e86,D:\VLE\paper_structure_worktree\dataset\binary_vle_english.xlsx,2c_42d2383a8e4daebeb5e1,,413.01,0.037,0.963,,0.36432778394456566,0.6356722160554343,,0.283,0.7170000000000001,
nrtl,2,mol_fddb2c852c313396,mol_770d75a3bb2412ce,,CCCCCCC,CCCOCCO,,True,isobaric,10.1016/j.fluid.2010.08.002,isobaric,0.9230769230769231,,1.1484308569062147,2.207824365113903,,258,False,,372.6031363308238,5.684341886080802e-14,106.06243314801362,18.590651439727797,,unverified,0.5,state_ac14bd23983590e6a0dcf9b8,D:\VLE\paper_structure_worktree\dataset\binary_vle_english.xlsx,2c_42d2383a8e4daebeb5e1,,372.34999999999997,0.73,0.27,,0.8891788348579573,0.11082116514204264,,0.906,0.09399999999999997,
nrtl,2,mol_fddb2c852c313396,mol_770d75a3bb2412ce,,CCCCCCC,CCCOCCO,,True,isobaric,10.1016/j.fluid.2010.08.002,isobaric,0.9230769230769231,,1.9908641062542551,1.1475863006161384,,258,False,,378.14512996317836,-1.1368683772161603e-13,125.42489903891936,22.8874215326092,,unverified,0.5,state_c3e21d140a92c179a6a98815,D:\VLE\paper_structure_worktree\dataset\binary_vle_english.xlsx,2c_42d2383a8e4daebeb5e1,,379.32,0.33,0.6699999999999999,,0.8240226214587287,0.17597737854127127,,0.828,0.17200000000000004,
nrtl,2,mol_fddb2c852c313396,mol_770d75a3bb2412ce,,CCCCCCC,CCCOCCO,,True,isobaric,10.1016/j.fluid.2010.08.002,isobaric,0.9230769230769231,,1.4579073706265602,1.4605473600604204,,258,False,,374.4090231818724,-1.0913936421275139e-11,112.07993000535798,19.907360757158887,,unverified,0.5,state_e1bea5d7f219c39c5333fec2,D:\VLE\paper_structure_worktree\dataset\binary_vle_english.xlsx,2c_42d2383a8e4daebeb5e1,,374.64,0.528,0.472,,0.8627630217191272,0.1372369782808727,,0.88,0.12,
nrtl,2,mol_d365f2fae67d24f2,mol_06affb0d2c6c8ff2,,C1COCCO1,CCC(C)O,,True,isothermal,10.1016/j.fluid.2007.11.002,isothermal,0.9130434782608695,,1.0303027406316771,1.193613099814491,,1,False,76.20505147622033,,0.0,71.20719449802586,70.07004077556434,,unverified,0.5,state_3c6396796ac517b5cf6349b9,D:\VLE\paper_structure_worktree\dataset\binary_vle_english.xlsx,2c_47b7572fbd767354910b,74.510005126528,,0.7235,0.2765,,0.6965358996838136,0.3034641003161865,,0.7103999999999999,0.2896,
nrtl,2,mol_d365f2fae67d24f2,mol_06affb0d2c6c8ff2,,C1COCCO1,CCC(C)O,,True,isothermal,10.1016/j.fluid.2007.11.002,isothermal,0.9545454545454546,,1.0452513536146384,1.155602091741505,,1,False,76.65295524815926,,0.0,71.20719449802586,70.07004077556434,,unverified,0.5,state_55494d1299e6e33652014572,D:\VLE\paper_structure_worktree\dataset\binary_vle_english.xlsx,2c_47b7572fbd767354910b,74.649993612928,,0.6602,0.3398,,0.6410490055089479,0.35895099449105194,,0.6537999999999999,0.3462,
nrtl,2,mol_d365f2fae67d24f2,mol_06affb0d2c6c8ff2,,C1COCCO1,CCC(C)O,,True,isothermal,10.1016/j.fluid.2007.11.002,isothermal,0.9130434782608695,,1.1027626178216543,1.075753975255151,,1,False,76.89348282713863,,0.0,71.20719449802586,70.07004077556434,,unverified,0.5,state_81f850342c0747eb48b62161,D:\VLE\paper_structure_worktree\dataset\binary_vle_english.xlsx,2c_47b7572fbd767354910b,74.380015817728,,0.48160000000000003,0.5184,,0.49181623049248024,0.5081837695075196,,0.49439999999999995,0.5056,
nrtl,2,mol_d365f2fae67d24f2,mol_06affb0d2c6c8ff2,,C1COCCO1,CCC(C)O,,True,isothermal,10.1016/j.fluid.2007.11.002,isothermal,0.9130434782608695,,1.0206085289441675,1.2276527451645967,,1,False,75.70310611598819,,0.0,71.20719449802586,70.07004077556434,,unverified,0.5,state_88231dde3a19b43194d9e4de,D:\VLE\paper_structure_worktree\dataset\binary_vle_english.xlsx,2c_47b7572fbd767354910b,74.380015817728,,0.7731,0.2269,,0.7421728153623048,0.25782718463769516,,0.7557,0.2443,
nrtl,2,mol_d365f2fae67d24f2,mol_06affb0d2c6c8ff2,,C1COCCO1,CCC(C)O,,True,isothermal,10.1016/j.fluid.2007.11.002,isothermal,0.9130434782608695,,1.0788478325310367,1.101072785450601,,1,False,76.97120695398638,,0.0,71.20719449802586,70.07004077556434,,unverified,0.5,state_bfcedf3adeb54daa4ddd6ca0,D:\VLE\paper_structure_worktree\dataset\binary_vle_english.xlsx,2c_47b7572fbd767354910b,74.510005126528,,0.5477000000000001,0.4523,,0.5466363564582766,0.4533636435417235,,0.5539000000000001,0.4461,
nrtl,2,mol_d365f2fae67d24f2,mol_06affb0d2c6c8ff2,,C1COCCO1,CCC(C)O,,True,isothermal,10.1016/j.fluid.2007.11.002,isothermal,0.9545454545454546,,1.0624171691855158,1.1240260985465191,,1,False,76.898378234276,,0.0,71.20719449802586,70.07004077556434,,unverified,0.5,state_f40520743614d9164e7c762f,D:\VLE\paper_structure_worktree\dataset\binary_vle_english.xlsx,2c_47b7572fbd767354910b,74.77998292172799,,0.599,0.401,,0.5892893569026963,0.41071064309730365,,0.5994999999999999,0.4005,
nrtl,2,mol_fadb5806094149e6,mol_a7491cfbf016fee6,,CCCC,CCSCC,,True,isothermal,10.1016/j.fluid.2010.01.006,isothermal,0.9629629629629629,,1.000031596906557,1.4393762863147177,,1,False,423.601555428551,,0.0,427.186208438977,19.039618836129616,,unverified,0.5,state_4fccf93d5524fb587fe4194d,D:\VLE\paper_structure_worktree\dataset\binary_vle_english.xlsx,2c_4cc4055379eb0154120e,422.700034290048,,0.991,0.009000000000000008,,0.999417739194963,0.0005822608050370251,,0.9991,0.0009000000000000119,
nrtl,2,mol_fadb5806094149e6,mol_a7491cfbf016fee6,,CCCC,CCSCC,,True,isothermal,10.1016/j.fluid.2010.01.006,isothermal,0.9629629629629629,,1.0003319244911006,1.4173437330315695,,1,False,415.63800633085845,,0.0,427.186208438977,19.039618836129616,,unverified,0.5,state_7f685a93d5fd6414fc99ba2b,D:\VLE\paper_structure_worktree\dataset\binary_vle_english.xlsx,2c_4cc4055379eb0154120e,414.400050270208,,0.9708,0.029200000000000004,,0.9981041628206533,0.0018958371793467122,,0.9972,0.0028000000000000247,
nrtl,2,mol_fadb5806094149e6,mol_a7491cfbf016fee6,,CCCC,CCSCC,,True,isothermal,10.1016/j.fluid.2010.01.006,isothermal,0.9629629629629629,,1.0,1.4494750124473756,,1,False,427.186208438977,,0.0,427.186208438977,19.039618836129616,,unverified,0.5,state_8ba93a34eb1625f92b0cc434,D:\VLE\paper_structure_worktree\dataset\binary_vle_english.xlsx,2c_4cc4055379eb0154120e,426.799963750784,,1.0,0.0,,1.0,0.0,,1.0,0.0,
nrtl,2,mol_fadb5806094149e6,mol_a7491cfbf016fee6,,CCCC,CCSCC,,True,isothermal,10.1016/j.fluid.2010.01.006,isothermal,0.9629629629629629,,1.000959756697269,1.3958524346362764,,1,False,407.6655239271668,,0.0,427.186208438977,19.039618836129616,,unverified,0.5,state_9b4d6d68cdf4785d23667952,D:\VLE\paper_structure_worktree\dataset\binary_vle_english.xlsx,2c_4cc4055379eb0154120e,405.79995759999997,,0.9503,0.049699999999999966,,0.9967599615657178,0.003240038434282232,,0.9953,0.0047000000000000375,
nrtl,2,mol_fadb5806094149e6,mol_a7491cfbf016fee6,,CCCC,CCSCC,,True,isothermal,10.1016/j.fluid.2015.10.041,isothermal,0.875,,1.0031368814298427,1.3560036557062274,,1,False,392.4966286273577,,0.0,427.41872763683233,19.055120511393543,,unverified,0.5,state_be6503bf8ecb6e414bbc8d13,D:\VLE\paper_structure_worktree\dataset\binary_vle_english.xlsx,2c_4cc4055379eb0154120e,390.899983074688,,0.91,0.09,,0.9940751257285031,0.005924874271496918,,0.991,0.009,
nrtl,2,mol_fadb5806094149e6,mol_a7491cfbf016fee6,,CCCC,CCSCC,,True,isothermal,10.1016/j.fluid.2010.01.006,isothermal,0.9629629629629629,,1.003877942228502,1.3465310856635802,,1,False,388.4819540133827,,0.0,427.186208438977,19.039618836129616,,unverified,0.5,state_e7f8001be3f51a72a7a31a5e,D:\VLE\paper_structure_worktree\dataset\binary_vle_english.xlsx,2c_4cc4055379eb0154120e,386.099977859584,,0.8999,0.10009999999999997,,0.9933940107653565,0.006605989234643401,,0.9909,0.009099999999999997,
nrtl,2,mol_f50e4145cb9a22d5,mol_e8df6c9e89c6b62a,,CN1CCCC1=O,ClCCCl,,True,isothermal,10.1016/j.jct.2008.01.024,isothermal,0.8571428571428571,,0.5412750243913629,0.9589551434244633,,1,False,24.435096147963723,,0.0,0.05902927003155757,31.365059337485643,,passed,1.0,state_80c336bebd6e625b2a976068,D:\VLE\paper_structure_worktree\dataset\binary_vle_english.xlsx,2c_4d66ac225ef5e3a977b1,25.087003341824,,0.1878,0.8122,,0.00024556526522603097,0.999754434734774,,0.0041,0.9959,
nrtl,2,mol_f50e4145cb9a22d5,mol_e8df6c9e89c6b62a,,CN1CCCC1=O,ClCCCl,,True,isothermal,10.1016/j.jct.2008.01.024,isothermal,0.8571428571428571,,0.47645650864593686,0.9816508194512861,,1,False,27.01511103170977,,0.0,0.05902927003155757,31.365059337485643,,passed,1.0,state_da5b57b53d343f16112784b5,D:\VLE\paper_structure_worktree\dataset\binary_vle_english.xlsx,2c_4d66ac225ef5e3a977b1,27.603996327296,,0.1227,0.8773,,0.00012774046201613587,0.9998722595379839,,0.0035,0.9965,
nrtl,2,mol_a85d32e4db2ff39c,mol_7165dcf6be1f831d,,CO,c1ccccc1,,False,isobaric,10.1016/j.fluid.2019.03.022,isobaric,0.95,bubble_temperature_not_bracketed,,,,257,False,,,nan,,,,passed,1.0,state_019cdb91894c11468c99b8e4,D:\VLE\paper_structure_worktree\dataset\binary_vle_english.xlsx,2c_4e1effd6e44016fa9e71,,337.75,0.06899999999999995,0.931,,,,,0.42700000000000005,0.573,
nrtl,2,mol_a85d32e4db2ff39c,mol_7165dcf6be1f831d,,CO,c1ccccc1,,False,isobaric,10.1016/j.fluid.2019.03.022,isobaric,0.95,bubble_temperature_not_bracketed,,,,257,False,,,nan,,,,passed,1.0,state_122c2e506c6682ec9695fe56,D:\VLE\paper_structure_worktree\dataset\binary_vle_english.xlsx,2c_4e1effd6e44016fa9e71,,336.25,0.08999999999999997,0.91,,,,,0.46399999999999997,0.536,
nrtl,2,mol_a85d32e4db2ff39c,mol_7165dcf6be1f831d,,CO,c1ccccc1,,True,isobaric,10.1016/j.fluid.2019.03.022,isobaric,0.95,,2.9611929937068426,1.0328516550194238,,258,False,,244.8578141441237,3.1533886613033246e-11,0.6572338315222923,114.1288906118917,,passed,1.0,state_179f68f5a3a41018cb2bfce6,D:\VLE\paper_structure_worktree\dataset\binary_vle_english.xlsx,2c_4e1effd6e44016fa9e71,,333.96999999999997,0.14300000000000002,0.857,,0.002747346864971718,0.9972526531350282,,0.516,0.484,
nrtl,2,mol_a85d32e4db2ff39c,mol_7165dcf6be1f831d,,CO,c1ccccc1,,True,isobaric,10.1016/j.fluid.2019.03.022,isobaric,0.95,,2.1286377684714695,1.2273912310174682,,258,False,,200.7806713813464,1.1979750524915289e-11,0.011826393963978736,124.28588425944555,,passed,1.0,state_293462109bb8588ce21eb39b,D:\VLE\paper_structure_worktree\dataset\binary_vle_english.xlsx,2c_4e1effd6e44016fa9e71,,332.15999999999997,0.33599999999999997,0.664,,8.349956561721461e-05,0.9999165004343828,,0.569,0.431,
nrtl,2,mol_a85d32e4db2ff39c,mol_7165dcf6be1f831d,,CO,c1ccccc1,,True,isobaric,10.1016/j.fluid.2019.03.022,isobaric,0.95,,1.0009469073014974,2.8463840372704228,,258,False,,336.3656831553933,8.526512829121202e-14,95.50555353535593,102.68600426432442,,passed,1.0,state_30d7caaecd5ed53821fb8681,D:\VLE\paper_structure_worktree\dataset\binary_vle_english.xlsx,2c_4e1effd6e44016fa9e71,,335.96999999999997,0.971,0.029,,0.9163254123309911,0.08367458766900895,,0.905,0.095,
nrtl,2,mol_a85d32e4db2ff39c,mol_7165dcf6be1f831d,,CO,c1ccccc1,,True,isobaric,10.1016/j.fluid.2019.03.022,isobaric,0.95,,1.0657567560455983,4.237429741926053,,258,False,,157.69527594570246,2.7984015105175786e-10,2.6577142879407754e-05,141.4555041808835,,passed,1.0,state_4142ac266d1a24611c4451a3,D:\VLE\paper_structure_worktree\dataset\binary_vle_english.xlsx,2c_4e1effd6e44016fa9e71,,332.42999999999995,0.831,0.169,,2.3235832780770186e-07,0.9999997676416722,,0.714,0.286,
nrtl,2,mol_a85d32e4db2ff39c,mol_7165dcf6be1f831d,,CO,c1ccccc1,,False,isobaric,10.1016/j.fluid.2019.03.022,isobaric,0.95,bubble_temperature_not_bracketed,,,,257,False,,,nan,,,,passed,1.0,state_4305fb0c6c7420286646faf7,D:\VLE\paper_structure_worktree\dataset\binary_vle_english.xlsx,2c_4e1effd6e44016fa9e71,,339.9,0.050000000000000044,0.95,,,,,0.372,0.628,
nrtl,2,mol_a85d32e4db2ff39c,mol_7165dcf6be1f831d,,CO,c1ccccc1,,True,isobaric,10.1016/j.fluid.2019.03.022,isobaric,0.95,,1.1624853979448457,2.7495191359613034,,258,False,,174.468860879427,-4.5361048250924796e-11,0.00040834374307260055,133.48788894016425,,passed,1.0,state_53486ae2d2afbd877ea92cb8,D:\VLE\paper_structure_worktree\dataset\binary_vle_english.xlsx,2c_4e1effd6e44016fa9e71,,331.69,0.724,0.276,,3.3926793155305782e-06,0.9999966073206844,,0.651,0.349,
nrtl,2,mol_a85d32e4db2ff39c,mol_7165dcf6be1f831d,,CO,c1ccccc1,,True,isobaric,10.1016/j.fluid.2019.03.022,isobaric,0.95,,1.0,3.0221237702694363,,258,False,,337.85941460492023,-6.710365596518386e-10,101.29993507414497,102.55773810672406,,passed,1.0,state_608500863944deb97cc05e6b,D:\VLE\paper_structure_worktree\dataset\binary_vle_english.xlsx,2c_4e1effd6e44016fa9e71,,337.84999999999997,1.0,0.0,,1.0,0.0,,1.0,0.0,
nrtl,2,mol_a85d32e4db2ff39c,mol_7165dcf6be1f831d,,CO,c1ccccc1,,True,isobaric,10.1016/j.fluid.2019.03.022,isobaric,0.95,,1.7237298252938933,1.4391322294371696,,258,False,,192.56221492006912,2.445688096486265e-11,0.004562002454142767,126.82371828690299,,passed,1.0,state_6b901f878e077011af6f4611,D:\VLE\paper_structure_worktree\dataset\binary_vle_english.xlsx,2c_4e1effd6e44016fa9e71,,331.74,0.44499999999999995,0.555,,3.4544233033513445e-05,0.9999654557669665,,0.5860000000000001,0.414,
nrtl,2,mol_a85d32e4db2ff39c,mol_7165dcf6be1f831d,,CO,c1ccccc1,,True,isobaric,10.1016/j.fluid.2019.03.022,isobaric,0.95,,2.982039222041287,1.0154306864760405,,258,False,,271.1883355537556,-8.526512829121202e-14,3.885431575073269,109.90555849790931,,passed,1.0,state_78ad31a604d73c0fe126534b,D:\VLE\paper_structure_worktree\dataset\binary_vle_english.xlsx,2c_4e1effd6e44016fa9e71,,335.62,0.10299999999999998,0.897,,0.011780959803335406,0.9882190401966645,,0.48,0.52,
nrtl,2,mol_a85d32e4db2ff39c,mol_7165dcf6be1f831d,,CO,c1ccccc1,,True,isobaric,10.1016/j.fluid.2019.03.022,isobaric,0.95,,1.404257919616052,1.8223345878498158,,258,False,,186.22674088232677,2.2737367544323206e-13,0.002066901889227942,128.9723752830161,,passed,1.0,state_7973168cd7b18ebe94b2ef90,D:\VLE\paper_structure_worktree\dataset\binary_vle_english.xlsx,2c_4e1effd6e44016fa9e71,,331.58,0.569,0.431,,1.630308689964456e-05,0.9999836969131003,,0.604,0.396,
nrtl,2,mol_a85d32e4db2ff39c,mol_7165dcf6be1f831d,,CO,c1ccccc1,,True,isobaric,10.1016/j.fluid.2019.03.022,isobaric,0.95,,2.942646554521596,1.0,,258,False,,353.3517525420055,1.5631940186722204e-13,181.203128740305,101.29993507481616,,passed,1.0,state_7c4e5b46671fe5766fd6a2bd,D:\VLE\paper_structure_worktree\dataset\binary_vle_english.xlsx,2c_4e1effd6e44016fa9e71,,353.25,0.0,1.0,,0.0,1.0,,0.0,1.0,
nrtl,2,mol_a85d32e4db2ff39c,mol_7165dcf6be1f831d,,CO,c1ccccc1,,True,isobaric,10.1016/j.fluid.2019.03.022,isobaric,0.95,,1.2225731509893856,2.3757366904800206,,258,False,,179.14511681008972,-1.7855938949651318e-10,0.0007983715612416159,131.6021617070562,,passed,1.0,state_8d5829d363e24ea643299dfa,D:\VLE\paper_structure_worktree\dataset\binary_vle_english.xlsx,2c_4e1effd6e44016fa9e71,,331.55999999999995,0.6759999999999999,0.324,,6.513545353885769e-06,0.9999934864546461,,0.633,0.367,
nrtl,2,mol_a85d32e4db2ff39c,mol_7165dcf6be1f831d,,CO,c1ccccc1,,True,isobaric,10.1016/j.fluid.2019.03.022,isobaric,0.95,,1.021144089306704,2.311758349375553,,258,False,,331.35157863229756,-8.526512829121202e-14,78.0682257181684,103.1262352346405,,passed,1.0,state_932aee6407be0f759b747fe6,D:\VLE\paper_structure_worktree\dataset\binary_vle_english.xlsx,2c_4e1effd6e44016fa9e71,,332.85999999999996,0.864,0.136,,0.679932675349208,0.3200673246507921,,0.741,0.259,
nrtl,2,mol_a85d32e4db2ff39c,mol_7165dcf6be1f831d,,CO,c1ccccc1,,True,isobaric,10.1016/j.fluid.2019.03.022,isobaric,0.95,,2.512128044291913,1.1182448213811351,,258,False,,212.51924366086433,-2.580691216280684e-11,0.04057461260431343,121.07668956758357,,passed,1.0,state_9f9fb6b0cd4ba1a2a49ff125,D:\VLE\paper_structure_worktree\dataset\binary_vle_english.xlsx,2c_4e1effd6e44016fa9e71,,332.60999999999996,0.252,0.748,,0.00025356396110075513,0.9997464360388992,,0.5569999999999999,0.443,
nrtl,2,mol_a85d32e4db2ff39c,mol_7165dcf6be1f831d,,CO,c1ccccc1,,False,isobaric,10.1016/j.fluid.2019.03.022,isobaric,0.95,bubble_temperature_not_bracketed,,,,257,False,,,nan,,,,passed,1.0,state_a7d3ab22ec383b6d2571b21e,D:\VLE\paper_structure_worktree\dataset\binary_vle_english.xlsx,2c_4e1effd6e44016fa9e71,,343.83,0.027000000000000024,0.973,,,,,0.281,0.719,
nrtl,2,mol_a85d32e4db2ff39c,mol_7165dcf6be1f831d,,CO,c1ccccc1,,True,isobaric,10.1016/j.fluid.2019.03.022,isobaric,0.95,,1.1016149517315965,3.436076384048607,,258,False,,166.27442674251003,-4.391154106997419e-11,0.00011515476530578187,137.12210465823188,,passed,1.0,state_d86913b5f6218911b26172c1,D:\VLE\paper_structure_worktree\dataset\binary_vle_english.xlsx,2c_4e1effd6e44016fa9e71,,332.02,0.785,0.215,,9.830423458547112e-07,0.9999990169576541,,0.681,0.319,
nrtl,2,mol_a85d32e4db2ff39c,mol_7165dcf6be1f831d,,CO,c1ccccc1,,True,isobaric,10.1016/j.fluid.2019.03.022,isobaric,0.95,,1.007430215928643,2.5660430435454122,,258,False,,333.82970398656676,2.842170943040401e-14,86.31277484792162,102.90677123792155,,passed,1.0,state_fec764af143e307f4f53b176,D:\VLE\paper_structure_worktree\dataset\binary_vle_english.xlsx,2c_4e1effd6e44016fa9e71,,334.03999999999996,0.919,0.081,,0.7888535708717417,0.21114642912825823,,0.8049999999999999,0.195,
nrtl,2,mol_f7989a5c13417f20,mol_6fdb0ec09de24512,,CCCCCl,CC[N+](=O)[O-],,True,isothermal,10.1016/j.fluid.2012.10.015,isothermal,0.9333333333333333,,1.163080162184358,1.4124581689884201,,1,False,26.766455607932624,,0.0,31.283079350515738,7.615448559206051,,unverified,0.5,state_043ffd3bfbed9a1ed19a7d83,D:\VLE\paper_structure_worktree\dataset\binary_vle_english.xlsx,2c_500953d4ef1e1d57286b,26.940050934656,,0.6247,0.37529999999999997,,0.849180053650898,0.150819946349102,,0.8498,0.1502,
nrtl,2,mol_f7989a5c13417f20,mol_6fdb0ec09de24512,,CCCCCl,CC[N+](=O)[O-],,True,isothermal,10.1016/j.fluid.2012.10.015,isothermal,0.9333333333333333,,1.0273756206768152,2.0084197030896425,,1,False,29.59259129752541,,0.0,31.283079350515738,7.615448559206051,,unverified,0.5,state_5393cabe1465b78e61b58b41,D:\VLE\paper_structure_worktree\dataset\binary_vle_english.xlsx,2c_500953d4ef1e1d57286b,29.829946583424,,0.8488,0.1512,,0.9218518399691259,0.07814816003087414,,0.9216,0.07840000000000003,
nrtl,2,mol_f7989a5c13417f20,mol_6fdb0ec09de24512,,CCCCCl,CC[N+](=O)[O-],,True,isothermal,10.1016/j.fluid.2012.10.015,isothermal,0.9333333333333333,,1.0068329422956792,2.3550976756282904,,1,False,30.48513128845713,,0.0,31.283079350515738,7.615448559206051,,unverified,0.5,state_a8b5742aabc1767a7a9eef2e,D:\VLE\paper_structure_worktree\dataset\binary_vle_english.xlsx,2c_500953d4ef1e1d57286b,30.730005889792,,0.9254,0.0746,,0.9561110520630981,0.04388894793690185,,0.9552,0.04479999999999995,
nrtl,2,mol_f7989a5c13417f20,mol_6fdb0ec09de24512,,CCCCCl,CC[N+](=O)[O-],,True,isothermal,10.1016/j.fluid.2012.10.015,isothermal,0.9333333333333333,,1.105572846050891,1.5599607017148889,,1,False,27.746699185926698,,0.0,31.283079350515738,7.615448559206051,,unverified,0.5,state_b4e746f2b7d562e2bfce2e30,D:\VLE\paper_structure_worktree\dataset\binary_vle_english.xlsx,2c_500953d4ef1e1d57286b,27.909971161856,,0.6988,0.3012,,0.8710406639692606,0.12895933603073942,,0.8718,0.12819999999999998,
nrtl,2,mol_f7989a5c13417f20,mol_6fdb0ec09de24512,,CCCCCl,CC[N+](=O)[O-],,True,isothermal,10.1016/j.fluid.2012.10.015,isothermal,0.9333333333333333,,1.0,2.812185426494966,,1,False,31.283079350515738,,0.0,31.283079350515738,7.615448559206051,,unverified,0.5,state_c7277a98d1c1401b5896e682,D:\VLE\paper_structure_worktree\dataset\binary_vle_english.xlsx,2c_500953d4ef1e1d57286b,31.459945854592,,1.0,0.0,,1.0,0.0,,1.0,0.0,
nrtl,2,mol_f7989a5c13417f20,mol_6fdb0ec09de24512,,CCCCCl,CC[N+](=O)[O-],,True,isothermal,10.1016/j.fluid.2012.10.015,isothermal,0.9333333333333333,,1.0587051398652396,1.7624774998883947,,1,False,28.721105113018506,,0.0,31.283079350515738,7.615448559206051,,unverified,0.5,state_f5cd8f3f8810d934efaaee29,D:\VLE\paper_structure_worktree\dataset\binary_vle_english.xlsx,2c_500953d4ef1e1d57286b,28.880024711424,,0.7767,0.22330000000000005,,0.8956465895858271,0.10435341041417281,,0.8961,0.10389999999999999,
nrtl,2,mol_b6f57216bc07a08c,mol_1a0ca8e5eeb68da8,,CC(C)CCl,CC(C)OC(C)C,,True,isothermal,10.1016/j.fluid.2011.06.001,isothermal,0.9090909090909091,,0.9972540764352389,0.996134225313099,,1,False,30.44570341646364,,0.0,30.537108780246538,30.555005676460272,,passed,1.0,state_286fcf27a00f34f3be2771a3,D:\VLE\paper_structure_worktree\dataset\binary_vle_english.xlsx,2c_5018f9e15dae7c08710f,30.640013291392,,0.5386,0.46140000000000003,,0.5387336128289569,0.46126638717104307,,0.5364,0.4636,
nrtl,2,mol_b6f57216bc07a08c,mol_1a0ca8e5eeb68da8,,CC(C)CCl,CC(C)OC(C)C,,True,isothermal,10.1016/j.fluid.2011.06.001,isothermal,0.9090909090909091,,0.9947131107346068,0.998220695210464,,1,False,30.455260026523867,,0.0,30.537108780246538,30.555005676460272,,passed,1.0,state_6bccebc3b215b10cc0a029cd,D:\VLE\paper_structure_worktree\dataset\binary_vle_english.xlsx,2c_5018f9e15dae7c08710f,30.670010824192,,0.3631,0.6369,,0.362151005520704,0.6378489944792959,,0.3655,0.6345000000000001,
nrtl,2,mol_b6f57216bc07a08c,mol_1a0ca8e5eeb68da8,,CC(C)CCl,CC(C)OC(C)C,,True,isothermal,10.1016/j.fluid.2011.06.001,isothermal,0.9090909090909091,,0.998403383015283,0.9944659833133412,,1,False,30.45219176487697,,0.0,30.537108780246538,30.555005676460272,,passed,1.0,state_797d05b90747a0add386a52e,D:\VLE\paper_structure_worktree\dataset\binary_vle_english.xlsx,2c_5018f9e15dae7c08710f,30.580018225792,,0.647,0.353,,0.6477682906396895,0.35223170936031034,,0.6424,0.35760000000000003,
nrtl,2,mol_b6f57216bc07a08c,mol_1a0ca8e5eeb68da8,,CC(C)CCl,CC(C)OC(C)C,,True,isothermal,10.1016/j.fluid.2011.06.001,isothermal,0.9090909090909091,,0.9962395324964737,0.9971482579347948,,1,False,30.446837382087807,,0.0,30.537108780246538,30.555005676460272,,passed,1.0,state_8bc7185c5b1365482de43c16,D:\VLE\paper_structure_worktree\dataset\binary_vle_english.xlsx,2c_5018f9e15dae7c08710f,30.674943751807998,,0.4613,0.5387,,0.46092785499738237,0.5390721450026176,,0.4612,0.5388,
nrtl,2,mol_b6f57216bc07a08c,mol_1a0ca8e5eeb68da8,,CC(C)CCl,CC(C)OC(C)C,,True,isothermal,10.1016/j.fluid.2011.06.001,isothermal,0.9090909090909091,,0.992387964462539,0.9992255792884435,,1,False,30.477279107445582,,0.0,30.537108780246538,30.555005676460272,,passed,1.0,state_b3fad4805c1f5049c6e8e43b,D:\VLE\paper_structure_worktree\dataset\binary_vle_english.xlsx,2c_5018f9e15dae7c08710f,30.600016580992,,0.2385,0.7615000000000001,,0.2371491627977966,0.7628508372022034,,0.2397,0.7603,
nrtl,2,mol_67043ae833ecd0c7,mol_18876b584acc43d4,,CCCOC(C)=O,CCOC(C)=O,,True,isothermal,10.1016/j.fluid.2012.05.016,isothermal,0.9285714285714286,,1.0218848229904411,1.0087185198889688,,1,False,73.85789514146492,,0.0,41.47216266321929,94.04090567107369,,passed,1.0,state_36c994a8bbcdf4e9313890ef,D:\VLE\paper_structure_worktree\dataset\binary_vle_english.xlsx,2c_6838276ac13c9827691f,73.720070096128,,0.4002,0.5998,,0.22963537429666697,0.770364625703333,,0.2329,0.7671,
nrtl,2,mol_67043ae833ecd0c7,mol_18876b584acc43d4,,CCCOC(C)=O,CCOC(C)=O,,True,isothermal,10.1016/j.fluid.2012.05.016,isothermal,0.9285714285714286,,1.0401907164399873,1.0015241173612985,,1,False,85.41976108073692,,0.0,41.47216266321929,94.04090567107369,,passed,1.0,state_428e6c7787f2745041a9e5b2,D:\VLE\paper_structure_worktree\dataset\binary_vle_english.xlsx,2c_6838276ac13c9827691f,85.650022229504,,0.17169999999999996,0.8283,,0.08671247843238532,0.9132875215676147,,0.08560000000000001,0.9144,
nrtl,2,mol_67043ae833ecd0c7,mol_18876b584acc43d4,,CCCOC(C)=O,CCOC(C)=O,,True,isothermal,10.1016/j.fluid.2012.05.016,isothermal,0.9285714285714286,,1.030801300664225,1.00419168893668,,1,False,79.8959544267836,,0.0,41.47216266321929,94.04090567107369,,passed,1.0,state_7a9b2c08f7199844e905aa68,D:\VLE\paper_structure_worktree\dataset\binary_vle_english.xlsx,2c_6838276ac13c9827691f,79.869964287232,,0.2813,0.7187,,0.15051389138968732,0.8494861086103127,,0.15149999999999997,0.8485,
nrtl,2,mol_67043ae833ecd0c7,mol_18876b584acc43d4,,CCCOC(C)=O,CCOC(C)=O,,True,isothermal,10.1016/j.fluid.2012.05.016,isothermal,0.9285714285714286,,1.0570300629491678,1.0,,1,False,94.04090567107369,,0.0,41.47216266321929,94.04090567107369,,passed,1.0,state_7f7ed49d166eb48fbba26e2f,D:\VLE\paper_structure_worktree\dataset\binary_vle_english.xlsx,2c_6838276ac13c9827691f,94.61995114854399,,0.0,1.0,,0.0,1.0,,0.0,1.0,
nrtl,2,mol_57615b5c3546c298,mol_18876b584acc43d4,,CC(C)CC(C)(C)C,CCOC(C)=O,,True,isothermal,10.1016/j.jct.2012.01.020,isothermal,0.9,,2.069039783536462,1.0132670138586013,,1,False,80.72424243018868,,0.0,40.66420114742345,79.29319106438264,,passed,1.0,state_4af2ead928859bb0777222a9,D:\VLE\paper_structure_worktree\dataset\binary_vle_english.xlsx,2c_6cdeaa0b12c0bcad5378,84.408257693952,,0.09999999999999998,0.9,,0.10422624902613345,0.8957737509738666,,0.10299999999999998,0.897,
nrtl,2,mol_57615b5c3546c298,mol_18876b584acc43d4,,CC(C)CC(C)(C)C,CCOC(C)=O,,True,isothermal,10.1016/j.jct.2012.01.020,isothermal,0.9,,1.2819218823638385,1.1796577067796299,,1,False,76.9332155777854,,0.0,40.66420114742345,79.29319106438264,,passed,1.0,state_9fd561b560559b7ad53aeb88,D:\VLE\paper_structure_worktree\dataset\binary_vle_english.xlsx,2c_6cdeaa0b12c0bcad5378,78.08904409548799,,0.401,0.599,,0.2717091685844777,0.7282908314155224,,0.275,0.725,
nrtl,2,mol_57615b5c3546c298,mol_18876b584acc43d4,,CC(C)CC(C)(C)C,CCOC(C)=O,,True,isothermal,10.1016/j.jct.2012.01.020,isothermal,0.9,,1.6947149797835566,1.049139825740711,,1,False,80.34883730349333,,0.0,40.66420114742345,79.29319106438264,,passed,1.0,state_aef611e2caba568f67d2a810,D:\VLE\paper_structure_worktree\dataset\binary_vle_english.xlsx,2c_6cdeaa0b12c0bcad5378,80.35005813439999,,0.19899999999999995,0.801,,0.17067990520470577,0.8293200947952941,,0.17300000000000004,0.827,
nrtl,2,mol_57615b5c3546c298,mol_18876b584acc43d4,,CC(C)CC(C)(C)C,CCOC(C)=O,,True,isothermal,10.1016/j.jct.2012.01.020,isothermal,0.9,,1.4486241010928103,1.1048416117440973,,1,False,79.02533373646874,,0.0,40.66420114742345,79.29319106438264,,passed,1.0,state_fe33b50cc69bd5c10ec03bfc,D:\VLE\paper_structure_worktree\dataset\binary_vle_english.xlsx,2c_6cdeaa0b12c0bcad5378,75.89162482611201,,0.29900000000000004,0.701,,0.22288087345578686,0.7771191265442131,,0.22899999999999998,0.771,
nrtl,2,mol_1a0ca8e5eeb68da8,mol_f29e20f49d416e54,,CC(C)OC(C)C,CCO,,True,isobaric,10.1016/j.fluid.2006.08.004,isobaric,0.95,,1.7812665709570994,1.2449613116788665,,258,False,,336.6745925485413,-2.842170943040401e-14,86.30937690330394,54.55059060921396,,unverified,0.5,state_31a8bf97eb46c23bd4709071,D:\VLE\paper_structure_worktree\dataset\binary_vle_english.xlsx,2c_6f361cb0ec8be0b0e6dd,,338.79999999999995,0.389,0.611,,0.5903741498433291,0.4096258501566709,,0.552,0.44799999999999995,
nrtl,2,mol_1a0ca8e5eeb68da8,mol_f29e20f49d416e54,,CC(C)OC(C)C,CCO,,True,isobaric,10.1016/j.fluid.2006.08.004,isobaric,0.95,,2.644169728201555,1.054918599482691,,258,False,,339.6363053191709,4.263256414560601e-14,95.17916796736557,61.936395254800985,,unverified,0.5,state_322107743bdc44c01c87f3c4,D:\VLE\paper_structure_worktree\dataset\binary_vle_english.xlsx,2c_6f361cb0ec8be0b0e6dd,,342.15,0.193,0.8069999999999999,,0.47948980204387365,0.5205101979561263,,0.403,0.597,
nrtl,2,mol_1a0ca8e5eeb68da8,mol_f29e20f49d416e54,,CC(C)OC(C)C,CCO,,True,isobaric,10.1016/j.fluid.2006.08.004,isobaric,0.95,,1.2250046193489617,1.87230348314724,,258,False,,335.8380342574153,1.0602718703012215e-09,83.93099223952551,52.60738925722728,,unverified,0.5,state_50e8eb22654716c91b242e90,D:\VLE\paper_structure_worktree\dataset\binary_vle_english.xlsx,2c_6f361cb0ec8be0b0e6dd,,337.34999999999997,0.649,0.351,,0.6587120581745073,0.34128794182549277,,0.675,0.32499999999999996,
nrtl,2,mol_1a0ca8e5eeb68da8,mol_f29e20f49d416e54,,CC(C)OC(C)C,CCO,,True,isobaric,10.1016/j.fluid.2006.08.004,isobaric,0.95,,3.7618268448498338,1.0027523682465267,,258,False,,347.1781396465083,5.684341886080802e-14,121.18583014972121,84.74709027632807,,unverified,0.5,state_59d05d5c262291b8228750ab,D:\VLE\paper_structure_worktree\dataset\binary_vle_english.xlsx,2c_6f361cb0ec8be0b0e6dd,,348.28999999999996,0.044,0.956,,0.19801320488884136,0.8019867951111587,,0.154,0.846,
nrtl,2,mol_1a0ca8e5eeb68da8,mol_f29e20f49d416e54,,CC(C)OC(C)C,CCO,,True,isobaric,10.1016/j.fluid.2006.08.004,isobaric,0.95,,1.300081526324476,1.6964205130462013,,258,False,,335.88385555720936,3.214211119484389e-10,84.05985449998529,52.71225715369495,,unverified,0.5,state_7a73b75c36ef23e6810f43fd,D:\VLE\paper_structure_worktree\dataset\binary_vle_english.xlsx,2c_6f361cb0ec8be0b0e6dd,,337.46999999999997,0.598,0.402,,0.645135941974857,0.354864058025143,,0.651,0.349,
nrtl,2,mol_1a0ca8e5eeb68da8,mol_f29e20f49d416e54,,CC(C)OC(C)C,CCO,,True,isobaric,10.1016/j.fluid.2006.08.004,isobaric,0.95,,1.6325023107706453,1.3249005752667375,,258,False,,336.36657843924576,-4.263256414560601e-14,85.42731610135449,53.828037858993746,,unverified,0.5,state_7db569a8cc3eb69940b1fa8a,D:\VLE\paper_structure_worktree\dataset\binary_vle_english.xlsx,2c_6f361cb0ec8be0b0e6dd,,338.34,0.44,0.56,,0.605750911563509,0.3942490884364909,,0.578,0.42200000000000004,
nrtl,2,mol_1a0ca8e5eeb68da8,mol_f29e20f49d416e54,,CC(C)OC(C)C,CCO,,True,isobaric,10.1016/j.fluid.2006.08.004,isobaric,0.95,,1.1569344912917408,2.1106372953063737,,258,False,,335.8614910114506,7.821370218152879e-10,83.99693886145853,52.66105051943471,,unverified,0.5,state_80426ea9e6b8013d2e6e38d0,D:\VLE\paper_structure_worktree\dataset\binary_vle_english.xlsx,2c_6f361cb0ec8be0b0e6dd,,337.30999999999995,0.705,0.29500000000000004,,0.6763199180705464,0.32368008192945363,,0.703,0.29700000000000004,
nrtl,2,mol_1a0ca8e5eeb68da8,mol_f29e20f49d416e54,,CC(C)OC(C)C,CCO,,True,isobaric,10.1016/j.fluid.2006.08.004,isobaric,0.95,,1.1057798971123833,2.3858992200130493,,258,False,,335.98531590217294,1.4210854715202004e-13,84.34576815256702,52.9451042774934,,unverified,0.5,state_8cee2f8b08c9e5c38c0086a9,D:\VLE\paper_structure_worktree\dataset\binary_vle_english.xlsx,2c_6f361cb0ec8be0b0e6dd,,337.37,0.757,0.243,,0.6969774072793825,0.3030225927206174,,0.73,0.27,
nrtl,2,mol_1a0ca8e5eeb68da8,mol_f29e20f49d416e54,,CC(C)OC(C)C,CCO,,True,isobaric,10.1016/j.fluid.2006.08.004,isobaric,0.95,,2.965385485650571,1.0297167144239505,,258,False,,341.3129606870378,-8.510028237651568e-10,100.5230454649938,66.48759695721496,,unverified,0.5,state_a2a6d305beb1a0553a222f25,D:\VLE\paper_structure_worktree\dataset\binary_vle_english.xlsx,2c_6f361cb0ec8be0b0e6dd,,343.72999999999996,0.143,0.857,,0.42079799861867073,0.5792020013813294,,0.339,0.661,
nrtl,2,mol_1a0ca8e5eeb68da8,mol_f29e20f49d416e54,,CC(C)OC(C)C,CCO,,True,isobaric,10.1016/j.fluid.2006.08.004,isobaric,0.95,,1.0038491551328836,4.2124799160760755,,258,False,,339.1022559781929,0.0,93.52681440475953,60.54429525710475,,unverified,0.5,state_a4eb90962938be5bfb2aca91,D:\VLE\paper_structure_worktree\dataset\binary_vle_english.xlsx,2c_6f361cb0ec8be0b0e6dd,,339.91999999999996,0.954,0.04600000000000004,,0.8841863534236438,0.11581364657635614,,0.915,0.08499999999999996,
nrtl,2,mol_1a0ca8e5eeb68da8,mol_f29e20f49d416e54,,CC(C)OC(C)C,CCO,,True,isobaric,10.1016/j.fluid.2006.08.004,isobaric,0.95,,1.015598611494902,3.624817520697993,,258,False,,337.6494642431655,-2.842170943040401e-14,89.1505842852232,56.89291349009807,,unverified,0.5,state_aae5739abf3a095fa6572299,D:\VLE\paper_structure_worktree\dataset\binary_vle_english.xlsx,2c_6f361cb0ec8be0b0e6dd,,338.72999999999996,0.907,0.09299999999999997,,0.8106705799887813,0.18932942001121872,,0.848,0.15200000000000002,
nrtl,2,mol_1a0ca8e5eeb68da8,mol_f29e20f49d416e54,,CC(C)OC(C)C,CCO,,True,isobaric,10.1016/j.fluid.2006.08.004,isobaric,0.9047619047619048,,1.5107150938976457,1.4176150041187028,,258,False,,336.1546754683105,2.842170943040401e-14,84.8248014984216,53.335754693719224,,unverified,0.5,state_b2dcdf334dbc06ee4f08d654,D:\VLE\paper_structure_worktree\dataset\binary_vle_english.xlsx,2c_6f361cb0ec8be0b0e6dd,,337.96999999999997,0.489,0.511,,0.6185931584894105,0.3814068415105895,,0.604,0.396,
nrtl,2,mol_1a0ca8e5eeb68da8,mol_f29e20f49d416e54,,CC(C)OC(C)C,CCO,,True,isobaric,10.1016/j.fluid.2006.08.004,isobaric,0.95,,1.408658826401084,1.5264783297919116,,258,False,,336.0058275065646,5.684341886080802e-14,84.40366656430804,52.992285226847784,,unverified,0.5,state_b9de9bcb43193ceae7b77d4c,D:\VLE\paper_structure_worktree\dataset\binary_vle_english.xlsx,2c_6f361cb0ec8be0b0e6dd,,337.66999999999996,0.537,0.46299999999999997,,0.6302781515294767,0.36972184847052325,,0.631,0.369,
nrtl,2,mol_1a0ca8e5eeb68da8,mol_f29e20f49d416e54,,CC(C)OC(C)C,CCO,,True,isobaric,10.1016/j.fluid.2006.08.004,isobaric,0.9047619047619048,,1.0356400222755229,3.1374711972818634,,258,False,,336.78145725848026,-5.684341886080802e-14,86.61714866420296,54.80322582030223,,unverified,0.5,state_c56140a3b927cb5b66c7f70f,D:\VLE\paper_structure_worktree\dataset\binary_vle_english.xlsx,2c_6f361cb0ec8be0b0e6dd,,337.96999999999997,0.859,0.14100000000000001,,0.7606707301566367,0.2393292698433633,,0.795,0.20499999999999996,
nrtl,2,mol_1a0ca8e5eeb68da8,mol_f29e20f49d416e54,,CC(C)OC(C)C,CCO,,True,isobaric,10.1016/j.fluid.2006.08.004,isobaric,0.95,,3.372147223784217,1.0113655953012473,,258,False,,343.9678953933057,-1.0314238352293614e-10,109.48595442121386,74.28294165116105,,unverified,0.5,state_ca7b924bade28afc61784f8d,D:\VLE\paper_structure_worktree\dataset\binary_vle_english.xlsx,2c_6f361cb0ec8be0b0e6dd,,345.76,0.089,0.911,,0.3243738050824789,0.6756261949175212,,0.256,0.744,
nrtl,2,mol_1a0ca8e5eeb68da8,mol_f29e20f49d416e54,,CC(C)OC(C)C,CCO,,True,isobaric,10.1016/j.fluid.2006.08.004,isobaric,0.95,,1.0652319498147198,2.72796038979544,,258,False,,336.2668882107163,8.526512829121202e-14,85.14342511703977,53.59595600755985,,unverified,0.5,state_d1a9fedb1897ec531d75f6d8,D:\VLE\paper_structure_worktree\dataset\binary_vle_english.xlsx,2c_6f361cb0ec8be0b0e6dd,,337.58,0.809,0.19099999999999995,,0.7243269683996632,0.2756730316003369,,0.76,0.24,
nrtl,2,mol_1a0ca8e5eeb68da8,mol_f29e20f49d416e54,,CC(C)OC(C)C,CCO,,True,isobaric,10.1016/j.fluid.2006.08.004,isobaric,0.95,,2.162721682003252,1.125975139688033,,258,False,,337.7255533790565,5.684341886080802e-14,89.37553429378914,57.07932652373182,,unverified,0.5,state_d21f6a6c17257eb6afe7b128,D:\VLE\paper_structure_worktree\dataset\binary_vle_english.xlsx,2c_6f361cb0ec8be0b0e6dd,,340.08,0.287,0.7130000000000001,,0.5476360319502424,0.4523639680497576,,0.49,0.51,
nrtl,2,mol_1a0ca8e5eeb68da8,mol_f29e20f49d416e54,,CC(C)OC(C)C,CCO,,True,isobaric,10.1016/j.fluid.2006.08.004,isobaric,0.95,,1.9564103311238086,1.179326545863388,,258,False,,337.10907543445495,-2.2737367544323206e-13,87.56631826230982,55.584036968418815,,unverified,0.5,state_dec4e4334a0f8a142ed286b9,D:\VLE\paper_structure_worktree\dataset\binary_vle_english.xlsx,2c_6f361cb0ec8be0b0e6dd,,339.34,0.338,0.6619999999999999,,0.5716162558066026,0.4283837441933973,,0.523,0.477,
nrtl,2,mol_1a0ca8e5eeb68da8,mol_f29e20f49d416e54,,CC(C)OC(C)C,CCO,,True,isobaric,10.1016/j.fluid.2006.08.004,isobaric,0.95,,2.3853058081359837,1.0863468463288783,,258,False,,338.52395807762036,-6.002665031701326e-10,91.76417070997461,59.067338476061536,,unverified,0.5,state_f6406fb49bf2a19fe9c9885b,D:\VLE\paper_structure_worktree\dataset\binary_vle_english.xlsx,2c_6f361cb0ec8be0b0e6dd,,341.0,0.24,0.76,,0.5185842045318305,0.48141579546816954,,0.452,0.548,
nrtl,2,mol_893981623557f359,mol_a7491cfbf016fee6,,C1CCCCC1,CCSCC,,True,isothermal,10.1016/j.fluid.2006.12.015,isothermal,0.9375,,1.0,1.3860529095312488,,1,False,99.42542318795957,,0.0,99.42542318795957,69.93705902628996,,unverified,0.5,state_7eb4229f6af97841865dc4bf,D:\VLE\paper_structure_worktree\dataset\binary_vle_english.xlsx,2c_7f857c0dd49ce52279af,99.40995718604799,,1.0,0.0,,1.0,0.0,,1.0,0.0,
nrtl,2,mol_893981623557f359,mol_a7491cfbf016fee6,,C1CCCCC1,CCSCC,,True,isothermal,10.1016/j.fluid.2006.12.015,isothermal,0.9375,,1.0025992430392383,1.3079305859191777,,1,False,98.9777049794891,,0.0,99.42542318795957,69.93705902628996,,unverified,0.5,state_ad08cb9b4629be5addd96862,D:\VLE\paper_structure_worktree\dataset\binary_vle_english.xlsx,2c_7f857c0dd49ce52279af,98.790008174848,,0.914,0.086,,0.9205208647710506,0.07947913522894946,,0.921,0.079,
nrtl,2,mol_893981623557f359,mol_a7491cfbf016fee6,,C1CCCCC1,CCSCC,,True,isothermal,10.1016/j.fluid.2006.12.015,isothermal,0.9375,,1.0004849738037285,1.3507925716761795,,1,False,99.28852417607689,,0.0,99.42542318795957,69.93705902628996,,unverified,0.5,state_e9b9a13c21d117fb65454efe,D:\VLE\paper_structure_worktree\dataset\binary_vle_english.xlsx,2c_7f857c0dd49ce52279af,99.12998021324799,,0.963,0.037,,0.9647954580626844,0.03520454193731553,,0.965,0.035,
nrtl,2,mol_893981623557f359,mol_a7491cfbf016fee6,,C1CCCCC1,CCSCC,,True,isothermal,10.1016/j.fluid.2006.12.015,isothermal,0.9375,,1.0068347433556832,1.2653305018565792,,1,False,98.47936373654755,,0.0,99.42542318795957,69.93705902628996,,unverified,0.5,state_f6937a5cdd25c192f97dcb66,D:\VLE\paper_structure_worktree\dataset\binary_vle_english.xlsx,2c_7f857c0dd49ce52279af,98.24005340684799,,0.86,0.14,,0.8741960885064352,0.12580391149356493,,0.875,0.125,
nrtl,2,mol_7e67e5e8df687c0d,mol_a7491cfbf016fee6,,CCOC(C)(C)C,CCSCC,,True,isothermal,10.1016/j.fluid.2006.12.015,isothermal,0.9333333333333333,,1.0082590395436468,1.0739686669674595,,1,False,83.354873117837,,0.0,92.9578712640688,49.842184007930236,,unverified,0.5,state_51e564cd877a1fafe47b404d,D:\VLE\paper_structure_worktree\dataset\binary_vle_english.xlsx,2c_864bef77d14cc27ac844,83.18995789516799,,0.742,0.258,,0.8343172148885127,0.16568278511148718,,0.829,0.171,
nrtl,2,mol_7e67e5e8df687c0d,mol_a7491cfbf016fee6,,CCOC(C)(C)C,CCSCC,,True,isothermal,10.1016/j.fluid.2006.12.015,isothermal,0.9333333333333333,,1.0038490809824316,1.0910318582829734,,1,False,86.42395508761342,,0.0,92.9578712640688,49.842184007930236,,unverified,0.5,state_5863074b67ab5b781ccfb953,D:\VLE\paper_structure_worktree\dataset\binary_vle_english.xlsx,2c_864bef77d14cc27ac844,86.229974530304,,0.823,0.177,,0.8886286137523451,0.11137138624765476,,0.885,0.115,
nrtl,2,mol_7e67e5e8df687c0d,mol_a7491cfbf016fee6,,CCOC(C)(C)C,CCSCC,,True,isothermal,10.1016/j.fluid.2006.12.015,isothermal,0.9333333333333333,,1.0012927071980153,1.108246123480794,,1,False,89.18045354320587,,0.0,92.9578712640688,49.842184007930236,,unverified,0.5,state_5882d6fe9af084c770524d7d,D:\VLE\paper_structure_worktree\dataset\binary_vle_english.xlsx,2c_864bef77d14cc27ac844,88.96001665984,,0.897,0.103,,0.9362029153603495,0.06379708463965052,,0.935,0.065,
nrtl,2,mol_7e67e5e8df687c0d,mol_a7491cfbf016fee6,,CCOC(C)(C)C,CCSCC,,True,isothermal,10.1016/j.fluid.2006.12.015,isothermal,0.9333333333333333,,1.0,1.1348621138935657,,1,False,92.9578712640688,,0.0,92.9578712640688,49.842184007930236,,unverified,0.5,state_cbd99d254001f6586a715700,D:\VLE\paper_structure_worktree\dataset\binary_vle_english.xlsx,2c_864bef77d14cc27ac844,92.95995434457599,,1.0,0.0,,1.0,0.0,,1.0,0.0,
nrtl,2,mol_b650f1cc3cac74aa,mol_7347d05012022dd9,,CC(=O)C(C)C,CC(C)C(C)C,,True,isothermal,10.1016/j.fluid.2013.01.020,isothermal,0.9444444444444444,,1.1760446544772636,1.3820988831273435,,1,False,86.49327345977875,,0.0,31.320650209046406,108.06961903259496,,unverified,0.5,state_6abf288ff615d3599e16d828,D:\VLE\paper_structure_worktree\dataset\binary_vle_english.xlsx,2c_8742372ba72e435a7962,85.420041144704,,0.5587,0.4413,,0.23793093925480258,0.7620690607451975,,0.24750000000000005,0.7525,
nrtl,2,mol_b650f1cc3cac74aa,mol_7347d05012022dd9,,CC(=O)C(C)C,CC(C)C(C)C,,True,isothermal,10.1016/j.fluid.2013.01.020,isothermal,0.9444444444444444,,1.1014553044386828,1.5281919783657456,,1,False,79.86095840094515,,0.0,31.320650209046406,108.06961903259496,,unverified,0.5,state_74bfa1b2969bdce48c5d1f3a,D:\VLE\paper_structure_worktree\dataset\binary_vle_english.xlsx,2c_8742372ba72e435a7962,78.830049816832,,0.6528,0.3472,,0.28199621295428445,0.7180037870457155,,0.29300000000000004,0.707,
nrtl,2,mol_b650f1cc3cac74aa,mol_7347d05012022dd9,,CC(=O)C(C)C,CC(C)C(C)C,,True,isothermal,10.1016/j.fluid.2013.01.020,isothermal,0.9444444444444444,,1.9634663294413657,1.0386375465760138,,1,False,103.39469151733529,,0.0,31.320650209046406,108.06961903259496,,unverified,0.5,state_7603e2e3c91a7a6088ccbf7e,D:\VLE\paper_structure_worktree\dataset\binary_vle_english.xlsx,2c_8742372ba72e435a7962,103.47002325875201,,0.1744,0.8256,,0.10372954341407015,0.8962704565859297,,0.10260000000000002,0.8974,
nrtl,2,mol_b650f1cc3cac74aa,mol_7347d05012022dd9,,CC(=O)C(C)C,CC(C)C(C)C,,True,isothermal,10.1016/j.fluid.2013.01.020,isothermal,0.9444444444444444,,2.9503620319547132,1.0,,1,False,108.06961903259496,,0.0,31.320650209046406,108.06961903259496,,unverified,0.5,state_7b0db0dc4d646f3c6d845004,D:\VLE\paper_structure_worktree\dataset\binary_vle_english.xlsx,2c_8742372ba72e435a7962,107.99005150105599,,0.0,1.0,,0.0,1.0,,0.0,1.0,
nrtl,2,mol_b650f1cc3cac74aa,mol_7347d05012022dd9,,CC(=O)C(C)C,CC(C)C(C)C,,True,isothermal,10.1016/j.fluid.2013.01.020,isothermal,0.9444444444444444,,1.6935643604089268,1.081510162662965,,1,False,100.53666855294873,,0.0,31.320650209046406,108.06961903259496,,unverified,0.5,state_d5536715f1ec8cdb14c053e0,D:\VLE\paper_structure_worktree\dataset\binary_vle_english.xlsx,2c_8742372ba72e435a7962,100.49000168921599,,0.256,0.744,,0.13506659462463186,0.8649334053753682,,0.13480000000000003,0.8652,
nrtl,2,mol_b650f1cc3cac74aa,mol_7347d05012022dd9,,CC(=O)C(C)C,CC(C)C(C)C,,True,isothermal,10.1016/j.fluid.2013.01.020,isothermal,0.9444444444444444,,1.2995348889152185,1.2484848933489092,,1,False,92.37307908170291,,0.0,31.320650209046406,108.06961903259496,,unverified,0.5,state_da09c573027ea083e15a6d91,D:\VLE\paper_structure_worktree\dataset\binary_vle_english.xlsx,2c_8742372ba72e435a7962,91.680059611776,,0.4516,0.5484,,0.1989881552894956,0.8010118447105044,,0.20120000000000005,0.7988,
nrtl,2,mol_b650f1cc3cac74aa,mol_7347d05012022dd9,,CC(=O)C(C)C,CC(C)C(C)C,,True,isothermal,10.1016/j.fluid.2013.01.020,isothermal,0.9444444444444444,,1.4883161758352097,1.1424677138225847,,1,False,97.2752228899939,,0.0,31.320650209046406,108.06961903259496,,unverified,0.5,state_deaad612cb0d7efb6d0e29e9,D:\VLE\paper_structure_worktree\dataset\binary_vle_english.xlsx,2c_8742372ba72e435a7962,97.08001548288,,0.3408,0.6592,,0.16331396494596206,0.8366860350540379,,0.16459999999999997,0.8354,
nrtl,2,mol_b650f1cc3cac74aa,mol_7347d05012022dd9,,CC(=O)C(C)C,CC(C)C(C)C,,True,isothermal,10.1016/j.fluid.2013.01.020,isothermal,0.9444444444444444,,2.2444858868985875,1.0158625736217681,,1,False,105.42077512340765,,0.0,31.320650209046406,108.06961903259496,,unverified,0.5,state_fd9cbfdd8daa47f8ad5adc8c,D:\VLE\paper_structure_worktree\dataset\binary_vle_english.xlsx,2c_8742372ba72e435a7962,105.45999292351999,,0.11050000000000004,0.8895,,0.07368578612217634,0.9263142138778236,,0.07140000000000002,0.9286,
nrtl,2,mol_f7989a5c13417f20,mol_f50e4145cb9a22d5,,CCCCCl,CN1CCCC1=O,,True,isothermal,10.1016/j.jct.2008.01.024,isothermal,0.8571428571428571,,1.0226225967824931,1.5961273632563717,,1,False,30.758240318149582,,0.0,37.919393164524394,0.05902927003155757,,passed,1.0,state_d5a58a81b6c8e8c0a9d108e1,D:\VLE\paper_structure_worktree\dataset\binary_vle_english.xlsx,2c_90730474fd91e7deb074,31.93004052416,,0.7927,0.2073,,0.9993650013939058,0.0006349986060942103,,0.9942,0.0058,
nrtl,2,mol_f7989a5c13417f20,mol_f50e4145cb9a22d5,,CCCCCl,CN1CCCC1=O,,True,isothermal,10.1016/j.jct.2008.01.024,isothermal,0.8571428571428571,,1.0056168662882892,1.7452545652112288,,1,False,34.055633909793556,,0.0,37.919393164524394,0.05902927003155757,,passed,1.0,state_fed3197bb7d187b2b2ac15aa,D:\VLE\paper_structure_worktree\dataset\binary_vle_english.xlsx,2c_90730474fd91e7deb074,34.849933705728,,0.8928,0.1072,,0.9996757111533662,0.00032428884663387954,,0.9946,0.0054,
nrtl,2,mol_893981623557f359,mol_8d11fd6c0d4e62a7,,C1CCCCC1,Nc1ccccc1,,True,isothermal,10.1016/j.fluid.2014.02.023,isothermal,0.8888888888888888,,1.1029136024069308,3.542097788078096,,1,False,89.32832690199999,,0.0,99.42542318795957,2.3902187529062022,,unverified,0.5,state_0d360182c0d1f247bfb681be,D:\VLE\paper_structure_worktree\dataset\binary_vle_english.xlsx,2c_913ec9aa8f318623c900,89.47997389503999,,0.7991,0.20089999999999997,,0.9809590359494105,0.01904096405058953,,0.9877,0.012299999999999978,
nrtl,2,mol_893981623557f359,mol_8d11fd6c0d4e62a7,,C1CCCCC1,Nc1ccccc1,,True,isothermal,10.1016/j.fluid.2014.02.023,isothermal,0.8888888888888888,,1.0231283388452255,5.487848835247081,,1,False,93.42241637452159,,0.0,99.42542318795957,2.3902187529062022,,unverified,0.5,state_1bd9b6b19a83e6ab244f50fe,D:\VLE\paper_structure_worktree\dataset\binary_vle_english.xlsx,2c_913ec9aa8f318623c900,93.16993707417599,,0.9063,0.0937,,0.9868438661227678,0.013156133877232188,,0.9931,0.006900000000000017,
nrtl,2,mol_893981623557f359,mol_8d11fd6c0d4e62a7,,C1CCCCC1,Nc1ccccc1,,True,isothermal,10.1016/j.fluid.2014.02.023,isothermal,0.8888888888888888,,1.2418744094696854,2.49846748765681,,1,False,87.28327120930933,,0.0,99.42542318795957,2.3902187529062022,,unverified,0.5,state_2c462d09ccd2d181b05a426d,D:\VLE\paper_structure_worktree\dataset\binary_vle_english.xlsx,2c_913ec9aa8f318623c900,87.060039593472,,0.692,0.30800000000000005,,0.9789267725875387,0.02107322741246135,,0.9852,0.014800000000000035,
nrtl,2,mol_f29e20f49d416e54,mol_e81dc06beaa39499,,CCO,O,,True,isothermal,10.1016/j.fluid.2019.03.019,isothermal,0.9411764705882353,,4.017559574937643,1.0034208509693614,,1,False,255.7142323766708,,0.0,441.80062041905154,199.92811863363428,,unverified,0.5,state_28402eebfff8486b9fb2839b,D:\VLE\paper_structure_worktree\dataset\binary_vle_english.xlsx,2c_94ed5d0a73a3c26e5ef5,259.00003141888,,0.035,0.965,,0.242941545997797,0.7570584540022031,,0.243,0.757,
nrtl,2,mol_f29e20f49d416e54,mol_e81dc06beaa39499,,CCO,O,,True,isothermal,10.1016/j.fluid.2019.03.019,isothermal,0.9411764705882353,,1.0,2.2514157449790653,,1,False,441.80062041905154,,0.0,441.80062041905154,199.92811863363428,,unverified,0.5,state_34550fbd0b2ef2a7e6fb8fb2,D:\VLE\paper_structure_worktree\dataset\binary_vle_english.xlsx,2c_94ed5d0a73a3c26e5ef5,429.00004946752,,1.0,0.0,,1.0,0.0,,1.0,0.0,
nrtl,2,mol_f29e20f49d416e54,mol_e81dc06beaa39499,,CCO,O,,True,isothermal,10.1016/j.fluid.2012.11.026,isothermal,0.9230769230769231,,1.0149604240269867,1.9880799104823397,,1,False,156.22438209207488,,0.0,157.70546882132376,69.8220185694159,,unverified,0.5,state_44e39c50d059d8c955e1b43f,D:\VLE\paper_structure_worktree\dataset\binary_vle_english.xlsx,2c_94ed5d0a73a3c26e5ef5,159.33876156915198,,0.8193,0.18069999999999997,,0.8394406601089447,0.16055933989105525,,0.833,0.16700000000000004,
nrtl,2,mol_f29e20f49d416e54,mol_e81dc06beaa39499,,CCO,O,,True,isothermal,10.1016/j.fluid.2019.03.019,isothermal,0.9411764705882353,,1.00485420546148,2.0710362451537945,,1,False,440.7772072870564,,0.0,441.80062041905154,199.92811863363428,,unverified,0.5,state_50f88230e1903404ac125d9e,D:\VLE\paper_structure_worktree\dataset\binary_vle_english.xlsx,2c_94ed5d0a73a3c26e5ef5,431.999936069888,,0.894,0.10599999999999998,,0.9004254585612524,0.09957454143874754,,0.886,0.11399999999999999,
nrtl,2,mol_f29e20f49d416e54,mol_e81dc06beaa39499,,CCO,O,,True,isothermal,10.1016/j.fluid.2012.11.026,isothermal,0.9230769230769231,,1.0502251630537922,1.787595606280193,,1,False,153.3579486491806,,0.0,157.70546882132376,69.8220185694159,,unverified,0.5,state_57175ac6dff76bd5ae8f3bf5,D:\VLE\paper_structure_worktree\dataset\binary_vle_english.xlsx,2c_94ed5d0a73a3c26e5ef5,156.57712203839998,,0.6994,0.3006,,0.7553504820875757,0.24464951791242429,,0.768,0.23199999999999998,
nrtl,2,mol_f29e20f49d416e54,mol_e81dc06beaa39499,,CCO,O,,True,isothermal,10.1016/j.fluid.2019.03.019,isothermal,0.9411764705882353,,1.0838355860463669,1.641655337585911,,1,False,424.0113080092129,,0.0,441.80062041905154,199.92811863363428,,unverified,0.5,state_64e288911dec460be45fd0ed,D:\VLE\paper_structure_worktree\dataset\binary_vle_english.xlsx,2c_94ed5d0a73a3c26e5ef5,423.000009618048,,0.636,0.364,,0.7182396961885101,0.2817603038114899,,0.707,0.29300000000000004,
nrtl,2,mol_f29e20f49d416e54,mol_e81dc06beaa39499,,CCO,O,,True,isothermal,10.1016/j.fluid.2019.03.019,isothermal,0.9411764705882353,,1.1466909493772373,1.5122825504868105,,1,False,415.0998593330669,,0.0,441.80062041905154,199.92811863363428,,unverified,0.5,state_65bda137bc7b10d72b1792a8,D:\VLE\paper_structure_worktree\dataset\binary_vle_english.xlsx,2c_94ed5d0a73a3c26e5ef5,415.000000926208,,0.552,0.44799999999999995,,0.6736885988593415,0.3263114011406585,,0.656,0.344,
nrtl,2,mol_f29e20f49d416e54,mol_e81dc06beaa39499,,CCO,O,,True,isothermal,10.1016/j.fluid.2019.03.019,isothermal,0.9411764705882353,,2.0594553901083494,1.0931606651470132,,1,False,358.8905232745377,,0.0,441.80062041905154,199.92811863363428,,unverified,0.5,state_6beba56f9c34f012ed3e920a,D:\VLE\paper_structure_worktree\dataset\binary_vle_english.xlsx,2c_94ed5d0a73a3c26e5ef5,358.000022323328,,0.203,0.7969999999999999,,0.5146509251262128,0.48534907487378715,,0.484,0.516,
nrtl,2,mol_f29e20f49d416e54,mol_e81dc06beaa39499,,CCO,O,,True,isothermal,10.1016/j.fluid.2012.11.026,isothermal,0.9230769230769231,,1.1950720991784216,1.477983668874632,,1,False,146.25897243735105,,0.0,157.70546882132376,69.8220185694159,,unverified,0.5,state_84b13e07ebd92ce89caf9ce4,D:\VLE\paper_structure_worktree\dataset\binary_vle_english.xlsx,2c_94ed5d0a73a3c26e5ef5,148.475521702144,,0.505,0.495,,0.6507433238480992,0.34925667615190087,,0.6838,0.31620000000000004,
nrtl,2,mol_f29e20f49d416e54,mol_e81dc06beaa39499,,CCO,O,,True,isothermal,10.1016/j.fluid.2019.03.019,isothermal,0.9411764705882353,,4.8802128335057615,1.0,,1,False,199.92811863363428,,0.0,441.80062041905154,199.92811863363428,,unverified,0.5,state_8b12ef9b6354a3e185d6521e,D:\VLE\paper_structure_worktree\dataset\binary_vle_english.xlsx,2c_94ed5d0a73a3c26e5ef5,199.000032891264,,0.0,1.0,,0.0,1.0,,0.0,1.0,
nrtl,2,mol_f29e20f49d416e54,mol_e81dc06beaa39499,,CCO,O,,True,isothermal,10.1016/j.fluid.2019.03.019,isothermal,0.9411764705882353,,3.304016826957221,1.0148353770582246,,1,False,297.1558193855993,,0.0,441.80062041905154,199.92811863363428,,unverified,0.5,state_8df749aabed2a158faf0a127,D:\VLE\paper_structure_worktree\dataset\binary_vle_english.xlsx,2c_94ed5d0a73a3c26e5ef5,299.99999263807996,,0.075,0.925,,0.3684220336933338,0.6315779663066662,,0.373,0.627,
nrtl,2,mol_f29e20f49d416e54,mol_e81dc06beaa39499,,CCO,O,,True,isothermal,10.1016/j.fluid.2019.03.019,isothermal,0.9411764705882353,,4.452054976487398,1.0007359509475178,,1,False,228.34478223925623,,0.0,441.80062041905154,199.92811863363428,,unverified,0.5,state_a2e36d9394471c1e99054129,D:\VLE\paper_structure_worktree\dataset\binary_vle_english.xlsx,2c_94ed5d0a73a3c26e5ef5,233.000036500992,,0.016,0.984,,0.1378211058882667,0.8621788941117333,,0.148,0.852,
nrtl,2,mol_f29e20f49d416e54,mol_e81dc06beaa39499,,CCO,O,,True,isothermal,10.1016/j.fluid.2019.03.019,isothermal,0.9411764705882353,,4.553293666523541,1.0004165809073997,,1,False,221.75104361410376,,0.0,441.80062041905154,199.92811863363428,,unverified,0.5,state_b54ee87a39392635fa49ca49,D:\VLE\paper_structure_worktree\dataset\binary_vle_english.xlsx,2c_94ed5d0a73a3c26e5ef5,226.99999665152,,0.012,0.988,,0.10885980606184406,0.8911401939381559,,0.119,0.881,
nrtl,2,mol_f29e20f49d416e54,mol_e81dc06beaa39499,,CCO,O,,True,isothermal,10.1016/j.fluid.2012.11.026,isothermal,0.9230769230769231,,1.0041936053274583,2.1201235559288825,,1,False,157.31673478590176,,0.0,157.70546882132376,69.8220185694159,,unverified,0.5,state_b5a619aa390edb3ccf3f6fc9,D:\VLE\paper_structure_worktree\dataset\binary_vle_english.xlsx,2c_94ed5d0a73a3c26e5ef5,159.27196706278397,,0.8984,0.10160000000000002,,0.9043968161449121,0.09560318385508804,,0.8913,0.10870000000000002,
nrtl,2,mol_f29e20f49d416e54,mol_e81dc06beaa39499,,CCO,O,,True,isothermal,10.1016/j.fluid.2019.03.019,isothermal,0.9411764705882353,,1.0277639547546076,1.8574005001524585,,1,False,434.87567450294074,,0.0,441.80062041905154,199.92811863363428,,unverified,0.5,state_b77f0b3c46f61ca3bbdcb43a,D:\VLE\paper_structure_worktree\dataset\binary_vle_english.xlsx,2c_94ed5d0a73a3c26e5ef5,429.99996722751996,,0.768,0.23199999999999998,,0.8018918662009991,0.1981081337990009,,0.782,0.21799999999999997,
nrtl,2,mol_f29e20f49d416e54,mol_e81dc06beaa39499,,CCO,O,,True,isothermal,10.1016/j.fluid.2019.03.019,isothermal,0.9411764705882353,,3.5443232692051354,1.0096945531779855,,1,False,283.70740562484303,,0.0,441.80062041905154,199.92811863363428,,unverified,0.5,state_cee369f8f1530dbd31f7aa42,D:\VLE\paper_structure_worktree\dataset\binary_vle_english.xlsx,2c_94ed5d0a73a3c26e5ef5,288.000046261504,,0.06,0.94,,0.3311617930843449,0.6688382069156551,,0.325,0.675,
nrtl,2,mol_f29e20f49d416e54,mol_e81dc06beaa39499,,CCO,O,,True,isothermal,10.1016/j.fluid.2012.11.026,isothermal,0.9230769230769231,,1.1055452817672726,1.626254351937542,,1,False,150.0600678901191,,0.0,157.70546882132376,69.8220185694159,,unverified,0.5,state_d6ee77ec550b12431e1c6d34,D:\VLE\paper_structure_worktree\dataset\binary_vle_english.xlsx,2c_94ed5d0a73a3c26e5ef5,153.26472780543997,,0.6005,0.39949999999999997,,0.697703918964855,0.30229608103514505,,0.7219,0.2781,
nrtl,2,mol_f29e20f49d416e54,mol_e81dc06beaa39499,,CCO,O,,True,isothermal,10.1016/j.fluid.2019.03.019,isothermal,0.9411764705882353,,2.9495735704202404,1.0259902211687333,,1,False,316.02220766635253,,0.0,441.80062041905154,199.92811863363428,,unverified,0.5,state_db5616ebd839c23a15cdd1d6,D:\VLE\paper_structure_worktree\dataset\binary_vle_english.xlsx,2c_94ed5d0a73a3c26e5ef5,317.99997886412797,,0.101,0.899,,0.4164753728657866,0.5835246271342134,,0.407,0.593,
nrtl,2,mol_f29e20f49d416e54,mol_e81dc06beaa39499,,CCO,O,,True,isothermal,10.1016/j.fluid.2019.03.019,isothermal,0.9411764705882353,,1.5870770763227988,1.1945584652909718,,1,False,381.6906819798128,,0.0,441.80062041905154,199.92811863363428,,unverified,0.5,state_e00fd30ae1a1ae130a398987,D:\VLE\paper_structure_worktree\dataset\binary_vle_english.xlsx,2c_94ed5d0a73a3c26e5ef5,382.000048398848,,0.309,0.6910000000000001,,0.5676377392830604,0.4323622607169397,,0.546,0.45399999999999996,
nrtl,2,mol_f29e20f49d416e54,mol_e81dc06beaa39499,,CCO,O,,True,isothermal,10.1016/j.fluid.2019.03.019,isothermal,0.9411764705882353,,3.7969839330532706,1.005813843126673,,1,False,269.0057611996188,,0.0,441.80062041905154,199.92811863363428,,unverified,0.5,state_ee3aa4a4103868158f05bd55,D:\VLE\paper_structure_worktree\dataset\binary_vle_english.xlsx,2c_94ed5d0a73a3c26e5ef5,272.000028877824,,0.046,0.954,,0.286854278115506,0.713145721884494,,0.292,0.708,
nrtl,2,mol_f29e20f49d416e54,mol_e81dc06beaa39499,,CCO,O,,True,isothermal,10.1016/j.fluid.2012.11.026,isothermal,0.9230769230769231,,1.0,2.285956209383149,,1,False,157.70546882132376,,0.0,157.70546882132376,69.8220185694159,,unverified,0.5,state_f28fa3a28b5392eeb60f2978,D:\VLE\paper_structure_worktree\dataset\binary_vle_english.xlsx,2c_94ed5d0a73a3c26e5ef5,156.03783305984,,1.0,0.0,,1.0,0.0,,1.0,0.0,
nrtl,2,mol_f29e20f49d416e54,mol_e81dc06beaa39499,,CCO,O,,True,isothermal,10.1016/j.fluid.2019.03.019,isothermal,0.9411764705882353,,1.3482247117637378,1.306723174314138,,1,False,396.3466123711879,,0.0,441.80062041905154,199.92811863363428,,unverified,0.5,state_fe02b94f82054040aceac973,D:\VLE\paper_structure_worktree\dataset\binary_vle_english.xlsx,2c_94ed5d0a73a3c26e5ef5,395.999963617792,,0.404,0.596,,0.6071483499390338,0.3928516500609661,,0.587,0.41300000000000003,
nrtl,2,mol_0e763ba6787b2749,mol_fccff6221e62b4bc,,F/C=C/C(F)(F)F,FC(F)C(F)F,,True,isothermal,10.1016/j.jct.2012.12.026,isothermal,0.9166666666666666,,1.0591721821943474,1.0282355662563023,,1,False,391.74763556154414,,0.0,363.7938980700128,385.3159879623814,,unverified,0.5,state_0e631755624e0dd867984d08,D:\VLE\paper_structure_worktree\dataset\binary_vle_english.xlsx,2c_98afb8e6c65a310db5e0,390.999974850688,,0.40900000000000003,0.591,,0.40228968815908284,0.5977103118409172,,0.40800000000000003,0.592,
nrtl,2,mol_0e763ba6787b2749,mol_fccff6221e62b4bc,,F/C=C/C(F)(F)F,FC(F)C(F)F,,True,isothermal,10.1016/j.jct.2012.12.026,isothermal,0.9166666666666666,,1.1095688743468741,1.0071921854828931,,1,False,391.3096487467353,,0.0,363.7938980700128,385.3159879623814,,unverified,0.5,state_929f992b1954a81af681b392,D:\VLE\paper_structure_worktree\dataset\binary_vle_english.xlsx,2c_98afb8e6c65a310db5e0,390.799991298688,,0.20699999999999996,0.793,,0.21353027752983267,0.7864697224701673,,0.21899999999999997,0.781,
nrtl,2,mol_0e763ba6787b2749,mol_fccff6221e62b4bc,,F/C=C/C(F)(F)F,FC(F)C(F)F,,True,isothermal,10.1016/j.jct.2012.12.026,isothermal,0.9166666666666666,,1.1399196329496317,1.0020676025762103,,1,False,389.28539666142206,,0.0,363.7938980700128,385.3159879623814,,unverified,0.5,state_933e4d5f5862b675fcafcae1,D:\VLE\paper_structure_worktree\dataset\binary_vle_english.xlsx,2c_98afb8e6c65a310db5e0,388.099946701952,,0.11099999999999999,0.889,,0.11824546963443869,0.8817545303655614,,0.12,0.88,
nrtl,2,mol_0e763ba6787b2749,mol_fccff6221e62b4bc,,F/C=C/C(F)(F)F,FC(F)C(F)F,,True,isothermal,10.1016/j.jct.2012.12.026,isothermal,0.8461538461538461,,1.0775422863316124,1.0179927122911074,,1,False,392.1685698835543,,0.0,363.7938980700128,385.3159879623814,,unverified,0.5,state_a4eb1869eeed28070aba6da2,D:\VLE\paper_structure_worktree\dataset\binary_vle_english.xlsx,2c_98afb8e6c65a310db5e0,391.500067053056,,0.32699999999999996,0.673,,0.3268622010590319,0.6731377989409681,,0.33099999999999996,0.669,
nrtl,2,mol_0e763ba6787b2749,mol_fccff6221e62b4bc,,F/C=C/C(F)(F)F,FC(F)C(F)F,,True,isothermal,10.1016/j.jct.2012.12.026,isothermal,0.9166666666666666,,1.0461593920388719,1.038373662832462,,1,False,390.8125621932561,,0.0,363.7938980700128,385.3159879623814,,unverified,0.5,state_abcb093ecce91939b233e4b7,D:\VLE\paper_structure_worktree\dataset\binary_vle_english.xlsx,2c_98afb8e6c65a310db5e0,389.79994021631995,,0.476,0.524,,0.4635447922194171,0.536455207780583,,0.46799999999999997,0.532,
nrtl,2,mol_0e763ba6787b2749,mol_fccff6221e62b4bc,,F/C=C/C(F)(F)F,FC(F)C(F)F,,True,isothermal,10.1016/j.jct.2012.12.026,isothermal,0.8461538461538461,,1.0799728430670568,1.0169039827101054,,1,False,392.1648018989939,,0.0,363.7938980700128,385.3159879623814,,unverified,0.5,state_dd2cc9ca6c6913098eca4ca1,D:\VLE\paper_structure_worktree\dataset\binary_vle_english.xlsx,2c_98afb8e6c65a310db5e0,391.500067053056,,0.31699999999999995,0.683,,0.3175842057478391,0.6824157942521609,,0.32299999999999995,0.677,
nrtl,2,mol_4cfc5db0ca2ab00b,mol_d291b272a64498d9,,CCC(C)=O,COCCO,,True,isobaric,10.1016/j.jct.2015.03.013,isobaric,0.9090909090909091,,1.170812660467298,1.3558341430136094,,258,False,,400.01403195021123,5.684341886080802e-14,101.29993507481598,108.97964904025255,,unverified,0.5,state_284e05ae01fc7057705706ee,D:\VLE\paper_structure_worktree\dataset\binary_vle_english.xlsx,2c_9f331b7867f625e21322,,375.0,0.4719,0.5281,,0.41767800726872517,0.5823219927312748,,0.7956,0.20440000000000003,
nrtl,2,mol_4cfc5db0ca2ab00b,mol_d291b272a64498d9,,CCC(C)=O,COCCO,,True,isobaric,10.1016/j.jct.2015.03.013,isobaric,0.9090909090909091,,1.060535181330063,1.5240105874114658,,258,False,,402.3399879414318,-3.651052793429699e-10,101.29993507481598,117.0428021567503,,unverified,0.5,state_6f20b0b7ebb34da94e5e5680,D:\VLE\paper_structure_worktree\dataset\binary_vle_english.xlsx,2c_9f331b7867f625e21322,,369.5,0.6255,0.37450000000000006,,0.5014834614931754,0.49851653850682476,,0.8759,0.12409999999999999,
nrtl,2,mol_4cfc5db0ca2ab00b,mol_d291b272a64498d9,,CCC(C)=O,COCCO,,True,isobaric,10.1016/j.jct.2015.03.013,isobaric,0.9090909090909091,,1.537784938523597,1.1572349200218324,,258,False,,399.87020340837455,5.684341886080802e-14,101.29993507481598,108.49673837432994,,unverified,0.5,state_75ad095277bc7c95ab30e344,D:\VLE\paper_structure_worktree\dataset\binary_vle_english.xlsx,2c_9f331b7867f625e21322,,385.5,0.2794,0.7206,,0.32480763225408416,0.6751923677459158,,0.6384,0.36160000000000003,
nrtl,2,mol_4cfc5db0ca2ab00b,mol_d291b272a64498d9,,CCC(C)=O,COCCO,,True,isobaric,10.1016/j.jct.2015.03.013,isobaric,0.9090909090909091,,1.100492821419844,1.4461636624023704,,258,False,,400.90232874402614,-1.1368683772161603e-13,101.29993507481598,112.00223364851594,,unverified,0.5,state_762eeb6eda2dd8a4bdacd4d1,D:\VLE\paper_structure_worktree\dataset\binary_vle_english.xlsx,2c_9f331b7867f625e21322,,372.2,0.554,0.44599999999999995,,0.4608941540174044,0.5391058459825955,,0.8392,0.16080000000000005,
nrtl,2,mol_4cfc5db0ca2ab00b,mol_d291b272a64498d9,,CCC(C)=O,COCCO,,True,isobaric,10.1016/j.jct.2015.03.013,isobaric,0.9090909090909091,,3.33120809893415,1.0063622889665824,,258,False,,403.9808778001542,-1.1368683772161603e-13,101.29993507481598,123.02659933777915,,unverified,0.5,state_767e0aec432373151fefcb10,D:\VLE\paper_structure_worktree\dataset\binary_vle_english.xlsx,2c_9f331b7867f625e21322,,401.0,0.0477,0.9523,,0.12012250039132377,0.8798774996086763,,0.2351,0.7649,
nrtl,2,mol_4cfc5db0ca2ab00b,mol_d291b272a64498d9,,CCC(C)=O,COCCO,,True,isobaric,10.1016/j.jct.2015.03.013,isobaric,0.9090909090909091,,3.586017837265554,1.0031536474235012,,258,False,,404.7005590169853,1.3642420526593924e-12,101.29993507481598,125.73061200740435,,unverified,0.5,state_879e781c81e21192c946e6fa,D:\VLE\paper_structure_worktree\dataset\binary_vle_english.xlsx,2c_9f331b7867f625e21322,,402.7,0.0332,0.9668,,0.09000253668697057,0.9099974633130296,,0.1687,0.8313,
nrtl,2,mol_4cfc5db0ca2ab00b,mol_d291b272a64498d9,,CCC(C)=O,COCCO,,True,isobaric,10.1016/j.jct.2015.03.013,isobaric,0.9090909090909091,,1.794447230983016,1.1002931748922467,,258,False,,400.3095273582117,0.0,101.29993507481598,109.977441423724,,unverified,0.5,state_a57d727dfb59e7f0e78d6f2e,D:\VLE\paper_structure_worktree\dataset\binary_vle_english.xlsx,2c_9f331b7867f625e21322,,388.29999999999995,0.2138,0.7862,,0.2900297934978377,0.7099702065021624,,0.5672,0.43279999999999996,
nrtl,2,mol_4cfc5db0ca2ab00b,mol_d291b272a64498d9,,CCC(C)=O,COCCO,,True,isobaric,10.1016/j.jct.2015.03.013,isobaric,0.9090909090909091,,1.0137167620221568,1.6916235415611311,,258,False,,410.3848108262058,-9.663381206337363e-13,101.29993507481598,148.88571862257544,,unverified,0.5,state_a64def337ad6abdfc7b2038a,D:\VLE\paper_structure_worktree\dataset\binary_vle_english.xlsx,2c_9f331b7867f625e21322,,365.09999999999997,0.7901,0.20989999999999998,,0.6054843332547165,0.3945156667452834,,0.9512,0.048799999999999955,
nrtl,2,mol_4cfc5db0ca2ab00b,mol_d291b272a64498d9,,CCC(C)=O,COCCO,,True,isobaric,10.1016/j.jct.2015.03.013,isobaric,0.9090909090909091,,1.0370624406051325,1.5894406743546512,,258,False,,404.335406496795,1.921307557495311e-10,101.29993507481598,124.35250387905748,,unverified,0.5,state_a961b224bd6e43d485a6dbd2,D:\VLE\paper_structure_worktree\dataset\binary_vle_english.xlsx,2c_9f331b7867f625e21322,,367.79999999999995,0.6874,0.3126,,0.5389129929033172,0.4610870070966829,,0.9074,0.09260000000000002,
nrtl,2,mol_4cfc5db0ca2ab00b,mol_d291b272a64498d9,,CCC(C)=O,COCCO,,True,isobaric,10.1016/j.jct.2015.03.013,isobaric,0.9090909090909091,,2.0641968622944287,1.0646351828327036,,258,False,,400.8474839825448,-5.684341886080802e-14,101.29993507481598,111.81360280177915,,unverified,0.5,state_c709c6ec2bb34bae7b03c56a,D:\VLE\paper_structure_worktree\dataset\binary_vle_english.xlsx,2c_9f331b7867f625e21322,,391.7,0.1661,0.8339,,0.2591940136745125,0.7408059863254876,,0.5256,0.47440000000000004,
nrtl,2,mol_0a895444a9f0f36b,mol_db030b5de88f8eaf,,CC(=O)CC(C)C,CC(C)O,,True,isothermal,10.1016/j.fluid.2005.05.024,isothermal,0.96,,1.647711347206844,1.0172269277628316,,1,False,49.90101526485784,,0.0,19.205346429327506,52.29532872865634,,unverified,0.5,state_078fd95a408c6ffa8489e5b0,D:\VLE\paper_structure_worktree\dataset\binary_vle_english.xlsx,2c_a160651817afdffd3182,50.289997143808,,0.15290000000000004,0.8471,,0.09696195909255818,0.9030380409074418,,0.09519999999999995,0.9048,
nrtl,2,mol_0a895444a9f0f36b,mol_db030b5de88f8eaf,,CC(=O)CC(C)C,CC(C)O,,True,isothermal,10.1016/j.fluid.2005.05.024,isothermal,0.96,,1.759742913066253,1.0075424832516306,,1,False,50.77965343754929,,0.0,19.205346429327506,52.29532872865634,,unverified,0.5,state_43312f272226643db563b254,D:\VLE\paper_structure_worktree\dataset\binary_vle_english.xlsx,2c_a160651817afdffd3182,51.25005151577599,,0.10109999999999997,0.8989,,0.06728725218458728,0.9327127478154127,,0.06589999999999996,0.9341,
nrtl,2,mol_0a895444a9f0f36b,mol_db030b5de88f8eaf,,CC(=O)CC(C)C,CC(C)O,,True,isothermal,10.1016/j.fluid.2005.05.024,isothermal,0.96,,1.8574643771878723,1.0027528767684393,,1,False,51.416562610920174,,0.0,19.205346429327506,52.29532872865634,,unverified,0.5,state_5873df493028a0b4d47d4c2d,D:\VLE\paper_structure_worktree\dataset\binary_vle_english.xlsx,2c_a160651817afdffd3182,51.879999704576,,0.061000000000000054,0.939,,0.04232231691473579,0.9576776830852641,,0.04169999999999996,0.9583,
nrtl,2,mol_0a895444a9f0f36b,mol_db030b5de88f8eaf,,CC(=O)CC(C)C,CC(C)O,,True,isothermal,10.1016/j.fluid.2005.05.024,isothermal,0.96,,1.9378957306049949,1.00070835277456,,1,False,51.86533689518987,,0.0,19.205346429327506,52.29532872865634,,unverified,0.5,state_58c0497b77c672f6ec8a4ee5,D:\VLE\paper_structure_worktree\dataset\binary_vle_english.xlsx,2c_a160651817afdffd3182,52.359960229376,,0.03090000000000004,0.9691,,0.022173478421526144,0.9778265215784739,,0.02180000000000004,0.9782,
nrtl,2,mol_0a895444a9f0f36b,mol_db030b5de88f8eaf,,CC(=O)CC(C)C,CC(C)O,,True,isothermal,10.1016/j.fluid.2005.05.024,isothermal,0.96,,1.9961770403995411,1.0000819803272902,,1,False,52.15301130144364,,0.0,19.205346429327506,52.29532872865634,,unverified,0.5,state_643b406da3fa70049e65fcca,D:\VLE\paper_structure_worktree\dataset\binary_vle_english.xlsx,2c_a160651817afdffd3182,52.659935557376,,0.010499999999999954,0.9895,,0.007718468055896433,0.9922815319441035,,0.007600000000000051,0.9924,
nrtl,2,mol_0a895444a9f0f36b,mol_db030b5de88f8eaf,,CC(=O)CC(C)C,CC(C)O,,True,isothermal,10.1016/j.fluid.2005.05.024,isothermal,0.96,,2.0274358122932963,1.0,,1,False,52.29532872865634,,0.0,19.205346429327506,52.29532872865634,,unverified,0.5,state_8bd9584b1a2e37a59a3a5069,D:\VLE\paper_structure_worktree\dataset\binary_vle_english.xlsx,2c_a160651817afdffd3182,52.970043385344,,0.0,1.0,,0.0,1.0,,0.0,1.0,
nrtl,2,mol_0a895444a9f0f36b,mol_db030b5de88f8eaf,,CC(=O)CC(C)C,CC(C)O,,True,isothermal,10.1016/j.fluid.2005.05.024,isothermal,0.96,,1.5272468074310839,1.0349319281256797,,1,False,48.727627014280955,,0.0,19.205346429327506,52.29532872865634,,unverified,0.5,state_8f51e370fdd001b44e0a62d8,D:\VLE\paper_structure_worktree\dataset\binary_vle_english.xlsx,2c_a160651817afdffd3182,49.039966621439994,,0.21760000000000002,0.7824,,0.130983020224596,0.8690169797754039,,0.128,0.872,
nrtl,2,mol_db030b5de88f8eaf,mol_fadb5806094149e6,,CC(C)O,CCCC,,True,isothermal,10.1016/j.fluid.2007.02.028,isothermal,0.8333333333333334,,1.0099162301305067,2.6365172161618755,,1,False,450.2516618553369,,0.0,143.17825295119533,1298.7373280589761,,unverified,0.5,state_5db75cebdc0af4bc80678bea,D:\VLE\paper_structure_worktree\dataset\binary_vle_english.xlsx,2c_a18541f42f9ed55b1ae9,460.999950912512,,0.9068,0.0932,,0.29121825659239003,0.70878174340761,,0.3126,0.6874,
nrtl,2,mol_5fb2f93dc8caa9dc,mol_18876b584acc43d4,,CCCO,CCOC(C)=O,,True,isothermal,10.1016/j.fluid.2012.05.016,isothermal,0.9375,,1.9147536260621725,1.003259764943426,,1,False,93.18095164119592,,0.0,40.208174245038805,94.04090567107369,,unverified,0.5,state_0725f1fc0544212330f00734,D:\VLE\paper_structure_worktree\dataset\binary_vle_english.xlsx,2c_a4e8a38f7f4879124614,93.500043257344,,0.06720000000000004,0.9328,,0.055522547649236094,0.944477452350764,,0.05389999999999995,0.9461,
nrtl,2,mol_5fb2f93dc8caa9dc,mol_18876b584acc43d4,,CCCO,CCOC(C)=O,,True,isothermal,10.1016/j.fluid.2012.05.016,isothermal,0.9375,,1.7194437961694062,1.0165438200037917,,1,False,91.61167402506969,,0.0,40.208174245038805,94.04090567107369,,unverified,0.5,state_12c69d5ccd7efe6f47461c46,D:\VLE\paper_structure_worktree\dataset\binary_vle_english.xlsx,2c_a4e8a38f7f4879124614,91.639929579008,,0.15059999999999996,0.8494,,0.11365184505576122,0.8863481549442388,,0.1139,0.8861,
nrtl,2,mol_5fb2f93dc8caa9dc,mol_18876b584acc43d4,,CCCO,CCOC(C)=O,,True,isothermal,10.1016/j.fluid.2012.05.016,isothermal,0.9375,,2.035711903954536,1.0003707527899406,,1,False,93.7982978620122,,0.0,40.208174245038805,94.04090567107369,,unverified,0.5,state_2512808a563b27c5386b38f7,D:\VLE\paper_structure_worktree\dataset\binary_vle_english.xlsx,2c_a4e8a38f7f4879124614,94.28997828774399,,0.022700000000000053,0.9773,,0.01980895517771668,0.9801910448222834,,0.019000000000000017,0.981,
nrtl,2,mol_5fb2f93dc8caa9dc,mol_18876b584acc43d4,,CCCO,CCOC(C)=O,,True,isothermal,10.1016/j.fluid.2012.05.016,isothermal,0.9375,,2.102500194214789,1.0,,1,False,94.04090567107369,,0.0,40.208174245038805,94.04090567107369,,unverified,0.5,state_de74f1b7b9061104478ad165,D:\VLE\paper_structure_worktree\dataset\binary_vle_english.xlsx,2c_a4e8a38f7f4879124614,94.61995114854399,,0.0,1.0,,0.0,1.0,,0.0,1.0,
nrtl,2,mol_f7989a5c13417f20,mol_09f0d60d139abab5,,CCCCCl,O=C1CCCCC1,,True,isothermal,10.1016/j.jct.2009.04.006,isothermal,0.9285714285714286,,1.0008433543139252,1.2644927544844087,,1,False,30.006801938573737,,0.0,31.283079350515738,1.8675149633939054,,unverified,0.5,state_0136ff04d5a7012c92b7ab4b,D:\VLE\paper_structure_worktree\dataset\binary_vle_english.xlsx,2c_a948b12e7b27db3902e0,30.260044542592,,0.955,0.04500000000000004,,0.9964586142327942,0.0035413857672057353,,0.996,0.0040000000000000036,
nrtl,2,mol_f7989a5c13417f20,mol_09f0d60d139abab5,,CCCCCl,O=C1CCCCC1,,True,isothermal,10.1016/j.jct.2009.04.006,isothermal,0.9285714285714286,,1.0055595404986624,1.199460146047062,,1,False,27.950960201925767,,0.0,31.283079350515738,1.8675149633939054,,unverified,0.5,state_1f13df19230d93b083e6dcbb,D:\VLE\paper_structure_worktree\dataset\binary_vle_english.xlsx,2c_a948b12e7b27db3902e0,28.300072410624,,0.88,0.12,,0.9903831149074449,0.009616885092555188,,0.99,0.010000000000000009,
nrtl,2,mol_f7989a5c13417f20,mol_09f0d60d139abab5,,CCCCCl,O=C1CCCCC1,,True,isothermal,10.1016/j.jct.2009.04.006,isothermal,0.9285714285714286,,1.016941655362729,1.1347298500888374,,1,False,25.280399364033663,,0.0,31.283079350515738,1.8675149633939054,,unverified,0.5,state_3706978f198a82a7ca168fe4,D:\VLE\paper_structure_worktree\dataset\binary_vle_english.xlsx,2c_a948b12e7b27db3902e0,25.490036860288,,0.78,0.21999999999999997,,0.9815585391802627,0.018441460819737274,,0.981,0.019000000000000017,
nrtl,2,mol_f7989a5c13417f20,mol_09f0d60d139abab5,,CCCCCl,O=C1CCCCC1,,True,isothermal,10.1016/j.jct.2009.04.006,isothermal,0.9285714285714286,,1.043600663929484,1.0673023647667885,,1,False,20.96792962826374,,0.0,31.283079350515738,1.8675149633939054,,unverified,0.5,state_a02ce824b93ec6bfb0cdee7b,D:\VLE\paper_structure_worktree\dataset\binary_vle_english.xlsx,2c_a948b12e7b27db3902e0,21.000006150784,,0.619,0.381,,0.963782289976463,0.036217710023536964,,0.962,0.038000000000000034,
nrtl,2,mol_f7989a5c13417f20,mol_09f0d60d139abab5,,CCCCCl,O=C1CCCCC1,,True,isothermal,10.1016/j.jct.2009.04.006,isothermal,0.9285714285714286,,1.0,1.312248823164702,,1,False,31.283079350515738,,0.0,31.283079350515738,1.8675149633939054,,unverified,0.5,state_ba968998063a5420774240cc,D:\VLE\paper_structure_worktree\dataset\binary_vle_english.xlsx,2c_a948b12e7b27db3902e0,31.459945854592,,1.0,0.0,,1.0,0.0,,1.0,0.0,
nrtl,2,mol_f7989a5c13417f20,mol_09f0d60d139abab5,,CCCCCl,O=C1CCCCC1,,True,isothermal,10.1016/j.jct.2009.04.006,isothermal,0.9285714285714286,,1.0280200512420266,1.099514974798018,,1,False,23.338495091404294,,0.0,31.283079350515738,1.8675149633939054,,unverified,0.5,state_e1e9e5f5fe3075f012db3aba,D:\VLE\paper_structure_worktree\dataset\binary_vle_english.xlsx,2c_a948b12e7b27db3902e0,23.299950321152,,0.707,0.29300000000000004,,0.9742213594603406,0.02577864053965932,,0.973,0.027000000000000024,
nrtl,2,mol_0a895444a9f0f36b,mol_57615b5c3546c298,,CC(=O)CC(C)C,CC(C)CC(C)(C)C,,True,isothermal,10.1016/j.fluid.2011.05.011,isothermal,0.9411764705882353,,1.3781575041620686,1.1195530991417582,,1,False,80.70003498611713,,0.0,46.34343268344517,80.26695807158544,,unverified,0.5,state_0796d7ec9dd00e385cf8c7dc,D:\VLE\paper_structure_worktree\dataset\binary_vle_english.xlsx,2c_ab90a05e58432c71abba,80.12994290483199,,0.35250000000000004,0.6475,,0.27897960279866313,0.7210203972013368,,0.2822,0.7178,
nrtl,2,mol_0a895444a9f0f36b,mol_57615b5c3546c298,,CC(=O)CC(C)C,CC(C)CC(C)(C)C,,True,isothermal,10.1016/j.fluid.2011.05.011,isothermal,0.9411764705882353,,2.389328534014683,1.0,,1,False,80.26695807158544,,0.0,46.34343268344517,80.26695807158544,,unverified,0.5,state_959bfccbc75e85ac17334646,D:\VLE\paper_structure_worktree\dataset\binary_vle_english.xlsx,2c_ab90a05e58432c71abba,80.029951128832,,0.0,1.0,,0.0,1.0,,0.0,1.0,
nrtl,2,mol_0a895444a9f0f36b,mol_57615b5c3546c298,,CC(=O)CC(C)C,CC(C)CC(C)(C)C,,True,isothermal,10.1016/j.fluid.2011.05.011,isothermal,0.9411764705882353,,2.0485632962635743,1.0062702119965123,,1,False,81.88520805106798,,0.0,46.34343268344517,80.26695807158544,,unverified,0.5,state_a5691e30be7db0470e580530,D:\VLE\paper_structure_worktree\dataset\binary_vle_english.xlsx,2c_ab90a05e58432c71abba,81.5499594464,,0.07869999999999999,0.9213,,0.09124453492271897,0.9087554650772811,,0.0887,0.9113,
nrtl,2,mol_0a895444a9f0f36b,mol_57615b5c3546c298,,CC(=O)CC(C)C,CC(C)CC(C)(C)C,,True,isothermal,10.1016/j.fluid.2011.05.011,isothermal,0.9411764705882353,,1.7274832060140202,1.031987512507981,,1,False,82.33408358663911,,0.0,46.34343268344517,80.26695807158544,,unverified,0.5,state_cc4c4258d914267290cbaac6,D:\VLE\paper_structure_worktree\dataset\binary_vle_english.xlsx,2c_ab90a05e58432c71abba,81.850068096768,,0.18020000000000003,0.8198,,0.1752173725926999,0.8247826274073001,,0.17300000000000004,0.827,
nrtl,2,mol_0a895444a9f0f36b,mol_57615b5c3546c298,,CC(=O)CC(C)C,CC(C)CC(C)(C)C,,True,isothermal,10.1016/j.fluid.2011.05.011,isothermal,0.9411764705882353,,1.869278510607775,1.0171074843996104,,1,False,82.2936381360048,,0.0,46.34343268344517,80.26695807158544,,unverified,0.5,state_d3d88a7fe35df1a5c5c62804,D:\VLE\paper_structure_worktree\dataset\binary_vle_english.xlsx,2c_ab90a05e58432c71abba,81.830069741568,,0.131,0.869,,0.13790094601301792,0.862099053986982,,0.13529999999999998,0.8647,
nrtl,2,mol_0a895444a9f0f36b,mol_57615b5c3546c298,,CC(=O)CC(C)C,CC(C)CC(C)(C)C,,True,isothermal,10.1016/j.fluid.2011.05.011,isothermal,0.9411764705882353,,1.5782211612787702,1.0572564980634893,,1,False,82.02003811396031,,0.0,46.34343268344517,80.26695807158544,,unverified,0.5,state_f709ab8a1c7c89de09feee9e,D:\VLE\paper_structure_worktree\dataset\binary_vle_english.xlsx,2c_ab90a05e58432c71abba,81.4399684928,,0.24250000000000005,0.7575,,0.21624587781926602,0.7837541221807339,,0.21550000000000002,0.7845,
nrtl,2,mol_0a895444a9f0f36b,mol_57615b5c3546c298,,CC(=O)CC(C)C,CC(C)CC(C)(C)C,,True,isothermal,10.1016/j.fluid.2011.05.011,isothermal,0.9411764705882353,,1.2621445810535938,1.1859847991147687,,1,False,79.04227874140108,,0.0,46.34343268344517,80.26695807158544,,unverified,0.5,state_fa2febe8299950826cc8e254,D:\VLE\paper_structure_worktree\dataset\binary_vle_english.xlsx,2c_ab90a05e58432c71abba,78.429949390464,,0.44010000000000005,0.5599,,0.32567859998253906,0.674321400017461,,0.3335,0.6665,
nrtl,2,mol_0a895444a9f0f36b,mol_cfdccd30b0689448,,CC(=O)CC(C)C,O=Cc1ccco1,,True,isothermal,10.1016/j.fluid.2014.03.033,isothermal,0.8,,1.0018451416637253,1.5921737069389135,,1,False,22.937859565622464,,0.0,23.979984960372956,4.206655587275125,,passed,1.0,state_087cd9842d970061a6478e21,D:\VLE\paper_structure_worktree\dataset\binary_vle_english.xlsx,2c_ac155ac6c9df3bfcf363,23.099966769152,,0.9373,0.0627,,0.981691951450589,0.018308048549410972,,0.9809,0.0191,
nrtl,2,mol_0a895444a9f0f36b,mol_cfdccd30b0689448,,CC(=O)CC(C)C,O=Cc1ccco1,,True,isothermal,10.1016/j.fluid.2014.03.033,isothermal,0.8,,1.006084504097027,1.5239759638912171,,1,False,22.12231920425156,,0.0,23.979984960372956,4.206655587275125,,passed,1.0,state_7c975f15f3c60cb8a5baf1eb,D:\VLE\paper_structure_worktree\dataset\binary_vle_english.xlsx,2c_ac155ac6c9df3bfcf363,22.200040785152,,0.8869,0.1131,,0.9672246736932321,0.03277532630676794,,0.966,0.034,
nrtl,2,mol_5fb2f93dc8caa9dc,mol_67043ae833ecd0c7,,CCCO,CCCOC(C)=O,,True,isobaric,10.1016/j.fluid.2017.05.012,isobaric,0.9444444444444444,,1.0374208676837764,1.6358400132958293,,258,False,,366.96497495034447,-1.4210854715202004e-14,88.47974695313034,82.03154124714953,,unverified,0.5,state_0d38e9d84e3e673690cff2e9,D:\VLE\paper_structure_worktree\dataset\binary_vle_english.xlsx,2c_acf6c70dfacb27974826,,368.5,0.7828,0.21719999999999995,,0.7114239273820935,0.28857607261790663,,0.7382,0.26180000000000003,
nrtl,2,mol_5fb2f93dc8caa9dc,mol_67043ae833ecd0c7,,CCCO,CCCOC(C)=O,,True,isobaric,10.1016/j.fluid.2017.05.012,isobaric,0.9444444444444444,,1.839996984382661,1.0150136161150336,,258,False,,369.0588654179243,-9.746372597874142e-10,96.11779996509213,88.12102197733181,,unverified,0.5,state_1a52ccc3e12d7c0145cb1531,D:\VLE\paper_structure_worktree\dataset\binary_vle_english.xlsx,2c_acf6c70dfacb27974826,,371.2,0.1322,0.8678,,0.23148944163916818,0.7685105583608318,,0.2055,0.7945,
nrtl,2,mol_5fb2f93dc8caa9dc,mol_67043ae833ecd0c7,,CCCO,CCCOC(C)=O,,True,isobaric,10.1016/j.fluid.2017.05.012,isobaric,0.9444444444444444,,1.3741417507872518,1.120233031306118,,258,False,,366.4723767974788,9.947598300641403e-14,86.76097172691631,80.65162508684074,,unverified,0.5,state_29337828d5ea2061826df7fa,D:\VLE\paper_structure_worktree\dataset\binary_vle_english.xlsx,2c_acf6c70dfacb27974826,,368.79999999999995,0.3689,0.6311,,0.4354551157957774,0.5645448842042227,,0.4558,0.5442,
nrtl,2,mol_5fb2f93dc8caa9dc,mol_67043ae833ecd0c7,,CCCO,CCCOC(C)=O,,True,isobaric,10.1016/j.fluid.2017.05.012,isobaric,0.9444444444444444,,2.2541778435570805,1.0,,258,False,,373.11448486320774,-1.2789769243681803e-13,112.53978185602415,100.99995974681588,,unverified,0.5,state_36f4a4fb92b2b52dfd6c832b,D:\VLE\paper_structure_worktree\dataset\binary_vle_english.xlsx,2c_acf6c70dfacb27974826,,374.79999999999995,0.0,1.0,,0.0,1.0,,0.0,1.0,
nrtl,2,mol_5fb2f93dc8caa9dc,mol_67043ae833ecd0c7,,CCCO,CCCOC(C)=O,,True,isobaric,10.1016/j.fluid.2017.05.012,isobaric,0.9444444444444444,,1.5363853449864247,1.0627560879392335,,258,False,,367.1602039865732,-7.105427357601002e-14,89.16902634437814,82.58390698548888,,unverified,0.5,state_3bb286cb16fe35c25c505f7d,D:\VLE\paper_structure_worktree\dataset\binary_vle_english.xlsx,2c_acf6c70dfacb27974826,,369.4,0.2688,0.7312000000000001,,0.3646046844132058,0.6353953155867943,,0.3657,0.6343,
nrtl,2,mol_5fb2f93dc8caa9dc,mol_67043ae833ecd0c7,,CCCO,CCCOC(C)=O,,True,isobaric,10.1016/j.fluid.2017.05.012,isobaric,0.8947368421052632,,1.6889133584641012,1.032473286781704,,258,False,,368.01573875324954,-8.526512829121202e-14,92.24452001430143,85.04154599498202,,unverified,0.5,state_3eff370631673346c075c2ea,D:\VLE\paper_structure_worktree\dataset\binary_vle_english.xlsx,2c_acf6c70dfacb27974826,,370.2,0.1941,0.8059000000000001,,0.29940033424648993,0.7005996657535101,,0.2716,0.7283999999999999,
nrtl,2,mol_5fb2f93dc8caa9dc,mol_67043ae833ecd0c7,,CCCO,CCCOC(C)=O,,True,isobaric,10.1016/j.fluid.2017.05.012,isobaric,0.9444444444444444,,1.083444924059916,1.4548161231441168,,258,False,,366.35119863866356,-8.526512829121202e-14,86.34260056634957,80.31517955952998,,unverified,0.5,state_737f6d4f3f973ed9a0aec22c,D:\VLE\paper_structure_worktree\dataset\binary_vle_english.xlsx,2c_acf6c70dfacb27974826,,368.0,0.6801,0.31989999999999996,,0.6299173037104422,0.3700826962895578,,0.6455,0.35450000000000004,
nrtl,2,mol_5fb2f93dc8caa9dc,mol_67043ae833ecd0c7,,CCCO,CCCOC(C)=O,,True,isobaric,10.1016/j.fluid.2017.05.012,isobaric,0.9444444444444444,,1.1260586004040027,1.3564027867237118,,258,False,,366.1474168461538,-1.7537615804030793e-10,85.64296407237516,79.75205299856857,,unverified,0.5,state_7f4b768eebfdcedb4dfc1ea3,D:\VLE\paper_structure_worktree\dataset\binary_vle_english.xlsx,2c_acf6c70dfacb27974826,,367.79999999999995,0.6114,0.38859999999999995,,0.5837903545696553,0.4162096454303448,,0.6099,0.3901,
nrtl,2,mol_5fb2f93dc8caa9dc,mol_67043ae833ecd0c7,,CCCO,CCCOC(C)=O,,True,isobaric,10.1016/j.fluid.2017.05.012,isobaric,0.8947368421052632,,1.0,2.195865256346041,,258,False,,370.3232541635393,-4.973799150320701e-13,100.9999597468155,91.97886524454637,,unverified,0.5,state_a428a4792ff7ca2776e14613,D:\VLE\paper_structure_worktree\dataset\binary_vle_english.xlsx,2c_acf6c70dfacb27974826,,370.2,1.0,0.0,,1.0,0.0,,1.0,0.0,
nrtl,2,mol_5fb2f93dc8caa9dc,mol_67043ae833ecd0c7,,CCCO,CCCOC(C)=O,,True,isobaric,10.1016/j.fluid.2017.05.012,isobaric,0.9444444444444444,,1.005785683385292,1.9393991926603815,,258,False,,368.52911564550334,2.297184664712404e-10,94.13359513841034,86.54560662760494,,unverified,0.5,state_a537c624dc2c26b70f02f08c,D:\VLE\paper_structure_worktree\dataset\binary_vle_english.xlsx,2c_acf6c70dfacb27974826,,369.29999999999995,0.9136,0.08640000000000003,,0.8564164196139236,0.14358358038607655,,0.8828,0.11719999999999997,
nrtl,2,mol_5fb2f93dc8caa9dc,mol_67043ae833ecd0c7,,CCCO,CCCOC(C)=O,,True,isobaric,10.1016/j.fluid.2017.05.012,isobaric,0.8947368421052632,,1.064833093504265,1.5139819076796737,,258,False,,366.5215434691525,7.105427357601002e-14,86.93121943742638,80.78847198093489,,unverified,0.5,state_a7b04a8c35c71a5f0818aac8,D:\VLE\paper_structure_worktree\dataset\binary_vle_english.xlsx,2c_acf6c70dfacb27974826,,368.09999999999997,0.7165,0.2835,,0.6566777564657005,0.3433222435342995,,0.6829,0.31710000000000005,
nrtl,2,mol_5fb2f93dc8caa9dc,mol_67043ae833ecd0c7,,CCCO,CCCOC(C)=O,,True,isobaric,10.1016/j.fluid.2017.05.012,isobaric,0.9444444444444444,,2.0264733971737385,1.0038869174015514,,258,False,,370.64188645353806,-7.105427357601002e-14,102.26347074738882,92.97313155642932,,unverified,0.5,state_c4033032f564008ef07b7ae7,D:\VLE\paper_structure_worktree\dataset\binary_vle_english.xlsx,2c_acf6c70dfacb27974826,,373.2,0.0673,0.9327,,0.13808779622282288,0.8619122037771771,,0.1181,0.8819,
nrtl,2,mol_5fb2f93dc8caa9dc,mol_67043ae833ecd0c7,,CCCO,CCCOC(C)=O,,True,isobaric,10.1016/j.fluid.2017.05.012,isobaric,0.9444444444444444,,1.253327015341056,1.1969664993348008,,258,False,,366.1472774573061,-1.588915665706736e-10,85.64248719382601,79.75166895486723,,unverified,0.5,state_cbc4f48b4d459193c5ea7087,D:\VLE\paper_structure_worktree\dataset\binary_vle_english.xlsx,2c_acf6c70dfacb27974826,,368.29999999999995,0.4664,0.5336000000000001,,0.4956681499275339,0.5043318500724662,,0.5249,0.47509999999999997,
nrtl,2,mol_5fb2f93dc8caa9dc,mol_67043ae833ecd0c7,,CCCO,CCCOC(C)=O,,True,isobaric,10.1016/j.fluid.2017.05.012,isobaric,0.8947368421052632,,1.2109387379192684,1.2368150046602584,,258,False,,366.09062035151885,-2.5934809855243657e-11,85.4488410494979,79.59569635770633,,unverified,0.5,state_da7ba8566602cb3db3231308,D:\VLE\paper_structure_worktree\dataset\binary_vle_english.xlsx,2c_acf6c70dfacb27974826,,368.09999999999997,0.5081,0.4919,,0.5205426796748139,0.47945732032518606,,0.5658,0.43420000000000003,
nrtl,2,mol_5fb2f93dc8caa9dc,mol_67043ae833ecd0c7,,CCCO,CCCOC(C)=O,,True,isobaric,10.1016/j.fluid.2017.05.012,isobaric,0.9444444444444444,,1.167648116950549,1.289164437040994,,258,False,,366.0821268249045,-1.752198386384407e-11,85.41984395630507,79.57233649151507,,unverified,0.5,state_e1d46e701686a8ec07e7d7c8,D:\VLE\paper_structure_worktree\dataset\binary_vle_english.xlsx,2c_acf6c70dfacb27974826,,367.9,0.5567,0.4433,,0.5497570123099083,0.45024298769009174,,0.5898,0.4102,
nrtl,2,mol_5fb2f93dc8caa9dc,mol_67043ae833ecd0c7,,CCCO,CCCOC(C)=O,,True,isobaric,10.1016/j.fluid.2017.05.012,isobaric,0.9444444444444444,,1.3165817729566127,1.151533832020842,,258,False,,366.2927611016813,1.1269207789155189e-09,86.14146642100135,80.15335319952996,,unverified,0.5,state_fde33f73888f1c1c9851af51,D:\VLE\paper_structure_worktree\dataset\binary_vle_english.xlsx,2c_acf6c70dfacb27974826,,368.59999999999997,0.4121,0.5879,,0.4627447634076507,0.5372552365923493,,0.4895,0.5105,
nrtl,2,mol_5fb2f93dc8caa9dc,mol_67043ae833ecd0c7,,CCCO,CCCOC(C)=O,,True,isobaric,10.1016/j.fluid.2017.05.012,isobaric,0.9444444444444444,,1.0174897538901622,1.7814782118501449,,258,False,,367.63808841680026,-1.5631940186722204e-13,90.87583789779967,83.94921694600208,,unverified,0.5,state_ff1c8cb8551d90b28a9caec5,D:\VLE\paper_structure_worktree\dataset\binary_vle_english.xlsx,2c_acf6c70dfacb27974826,,368.9,0.8505,0.14949999999999997,,0.7786308198609274,0.22136918013907256,,0.8076,0.19240000000000002,
nrtl,2,mol_3cb1d9728851c877,mol_e81dc06beaa39499,,NC1CCCCC1,O,,True,isothermal,10.1016/j.fluid.2005.05.003,isothermal,0.9230769230769231,,3.5122538732559563,1.0283401307743023,,1,False,73.35548254656126,,0.0,25.590028636287993,69.8220185694159,,unverified,0.5,state_128e0229c7016432416f8dc5,D:\VLE\paper_structure_worktree\dataset\binary_vle_english.xlsx,2c_ae99b15d6b25c7962c21,79.350007052032,,0.08599999999999997,0.914,,0.1053713501758187,0.8946286498241813,,0.11099999999999999,0.889,
nrtl,2,mol_3cb1d9728851c877,mol_e81dc06beaa39499,,NC1CCCCC1,O,,True,isothermal,10.1016/j.fluid.2005.05.003,isothermal,0.9230769230769231,,2.124766374849163,1.1114697466769743,,1,False,73.23740225598948,,0.0,25.590028636287993,69.8220185694159,,unverified,0.5,state_77ca1c12d315db6bc350d0ad,D:\VLE\paper_structure_worktree\dataset\binary_vle_english.xlsx,2c_ae99b15d6b25c7962c21,78.84004899443201,,0.18799999999999994,0.812,,0.1395747551408086,0.8604252448591914,,0.11599999999999999,0.884,
nrtl,2,mol_3cb1d9728851c877,mol_e81dc06beaa39499,,NC1CCCCC1,O,,True,isothermal,10.1016/j.fluid.2005.05.003,isothermal,0.9230769230769231,,4.580343564301334,1.0092149600087825,,1,False,72.66247345118896,,0.0,25.590028636287993,69.8220185694159,,unverified,0.5,state_bf1aedf8fbd7ef1e33fc0177,D:\VLE\paper_structure_worktree\dataset\binary_vle_english.xlsx,2c_ae99b15d6b25c7962c21,79.43000047283199,,0.04700000000000004,0.953,,0.07581523884543412,0.9241847611545658,,0.11099999999999999,0.889,
nrtl,2,mol_d291b272a64498d9,mol_e81dc06beaa39499,,COCCO,O,,True,isobaric,10.1016/j.jct.2015.03.013,isobaric,0.8888888888888888,,1.008610004011903,1.3745650132665714,,258,False,,395.68211206747094,5.684341886080802e-14,95.20068123738727,216.90314973171758,,unverified,0.5,state_0dab05cf869d46e8b6901950,D:\VLE\paper_structure_worktree\dataset\binary_vle_english.xlsx,2c_b11dff0fda4f01349610,,395.59999999999997,0.8121,0.1879,,0.5819261746549628,0.4180738253450371,,0.5439,0.4561,
nrtl,2,mol_d291b272a64498d9,mol_e81dc06beaa39499,,COCCO,O,,True,isobaric,10.1016/j.jct.2015.03.013,isobaric,0.8888888888888888,,1.1980489493288227,1.1123480478882113,,258,False,,384.2326572806809,-2.5579538487363607e-13,65.63060425988216,148.77153458420622,,unverified,0.5,state_1a2775f0e33b1bb9a8123dcf,D:\VLE\paper_structure_worktree\dataset\binary_vle_english.xlsx,2c_b11dff0fda4f01349610,,382.79999999999995,0.36250000000000004,0.6375,,0.2127081009275487,0.7872918990724513,,0.21999999999999997,0.78,
nrtl,2,mol_d291b272a64498d9,mol_e81dc06beaa39499,,COCCO,O,,True,isobaric,10.1016/j.jct.2015.03.013,isobaric,0.8888888888888888,,1.2793713758203844,1.0778407907820007,,258,False,,383.34534290792067,1.1368683772161603e-13,63.70667399902839,144.35153277005978,,unverified,0.5,state_298420b37012fb1fdf7a1f29,D:\VLE\paper_structure_worktree\dataset\binary_vle_english.xlsx,2c_b11dff0fda4f01349610,,382.0,0.2914,0.7086,,0.17724180454408262,0.8227581954559173,,0.19299999999999995,0.807,
nrtl,2,mol_d291b272a64498d9,mol_e81dc06beaa39499,,COCCO,O,,True,isobaric,10.1016/j.jct.2015.03.013,isobaric,0.7272727272727273,,1.5804319050671796,1.0196205568253878,,258,False,,381.8711122933525,5.684341886080802e-14,60.615509415391834,137.25380018192863,,unverified,0.5,state_379c6bfc4dcc81260ec12d34,D:\VLE\paper_structure_worktree\dataset\binary_vle_english.xlsx,2c_b11dff0fda4f01349610,,381.5,0.13470000000000004,0.8653,,0.09629909314593715,0.9037009068540629,,0.12209999999999999,0.8779,
nrtl,2,mol_d291b272a64498d9,mol_e81dc06beaa39499,,COCCO,O,,True,isobaric,10.1016/j.jct.2015.03.013,isobaric,0.8888888888888888,,1.027830974743527,1.3011578039768164,,258,False,,391.1426364964914,-3.3068658922275063e-10,82.36196085050477,187.2797493436391,,unverified,0.5,state_858763978277639394673b53,D:\VLE\paper_structure_worktree\dataset\binary_vle_english.xlsx,2c_b11dff0fda4f01349610,,391.4,0.6897,0.3103,,0.43571615139961745,0.5642838486003826,,0.45489999999999997,0.5451,
nrtl,2,mol_d291b272a64498d9,mol_e81dc06beaa39499,,COCCO,O,,True,isobaric,10.1016/j.jct.2015.03.013,isobaric,0.8888888888888888,,1.1037052448642588,1.180298016485417,,258,False,,386.2140226854708,-8.526512829121202e-14,70.10445564178411,159.056456781258,,unverified,0.5,state_888946658524b967ce6ffd55,D:\VLE\paper_structure_worktree\dataset\binary_vle_english.xlsx,2c_b11dff0fda4f01349610,,384.79999999999995,0.4869,0.5131,,0.28114706630806263,0.7188529336919375,,0.29100000000000004,0.709,
nrtl,2,mol_d291b272a64498d9,mol_e81dc06beaa39499,,COCCO,O,,True,isobaric,10.1016/j.jct.2015.03.013,isobaric,0.7272727272727273,,1.7474815655341691,1.0074576814881806,,258,False,,381.5097626371514,-2.8421709430404007e-13,59.87749274545578,135.55993766059152,,unverified,0.5,state_a4ba0efaf0f7d8b784826af7,D:\VLE\paper_structure_worktree\dataset\binary_vle_english.xlsx,2c_b11dff0fda4f01349610,,381.5,0.08050000000000002,0.9195,,0.06285895315132638,0.9371410468486736,,0.07189999999999996,0.9281,
nrtl,2,mol_d291b272a64498d9,mol_e81dc06beaa39499,,COCCO,O,,True,isobaric,10.1016/j.jct.2015.03.013,isobaric,0.8888888888888888,,1.0598021339537411,1.2353030235901652,,258,False,,388.1726157486758,-2.842170943040401e-14,74.77705111638302,169.80787039473142,,unverified,0.5,state_c4a4aee70a3166a277488ac9,D:\VLE\paper_structure_worktree\dataset\binary_vle_english.xlsx,2c_b11dff0fda4f01349610,,387.7,0.5805,0.4195,,0.34331312108021156,0.6566868789197885,,0.356,0.644,
nrtl,2,mol_e04cf77cea7bbe66,mol_06affb0d2c6c8ff2,,CC(C)=O,CCC(C)O,,True,isothermal,10.1016/j.fluid.2013.07.044,isothermal,0.9166666666666666,,1.0018721517903977,1.3255302403455516,,1,False,353.24332690216573,,0.0,370.0521063473695,103.64953367121437,,unverified,0.5,state_1ab9bf2c6beb7be93bc2ef82,D:\VLE\paper_structure_worktree\dataset\binary_vle_english.xlsx,2c_b399893600891028146a,347.19997725875197,,0.925,0.07499999999999996,,0.970829472034805,0.029170527965195096,,0.972,0.028000000000000025,
nrtl,2,mol_e04cf77cea7bbe66,mol_06affb0d2c6c8ff2,,CC(C)=O,CCC(C)O,,True,isothermal,10.1016/j.fluid.2013.07.044,isothermal,0.9166666666666666,,1.1192373863184006,1.0579130999814066,,1,False,236.02963990306603,,0.0,370.0521063473695,103.64953367121437,,unverified,0.5,state_5c16a09b7741070074e8dbb0,D:\VLE\paper_structure_worktree\dataset\binary_vle_english.xlsx,2c_b399893600891028146a,225.20001136115198,,0.415,0.585,,0.7282267738881316,0.2717732261118683,,0.697,0.30300000000000005,
nrtl,2,mol_e04cf77cea7bbe66,mol_06affb0d2c6c8ff2,,CC(C)=O,CCC(C)O,,True,isothermal,10.1016/j.fluid.2013.07.044,isothermal,0.9166666666666666,,1.0097488090256126,1.2535281875173623,,1,False,331.98149113119155,,0.0,370.0521063473695,103.64953367121437,,unverified,0.5,state_67e540d48f774a29060343f6,D:\VLE\paper_structure_worktree\dataset\binary_vle_english.xlsx,2c_b399893600891028146a,320.999998788864,,0.829,0.17100000000000004,,0.9330757218122063,0.06692427818779367,,0.929,0.07099999999999995,
nrtl,2,mol_e04cf77cea7bbe66,mol_06affb0d2c6c8ff2,,CC(C)=O,CCC(C)O,,True,isothermal,10.1016/j.fluid.2013.07.044,isothermal,0.9166666666666666,,1.0493844862238644,1.1333317906709675,,1,False,284.85932563851566,,0.0,370.0521063473695,103.64953367121437,,unverified,0.5,state_ac7a2e9fcc5d1cdf64d5e365,D:\VLE\paper_structure_worktree\dataset\binary_vle_english.xlsx,2c_b399893600891028146a,272.300004205824,,0.618,0.382,,0.8424721503156735,0.15752784968432648,,0.819,0.18100000000000005,
nrtl,2,mol_e04cf77cea7bbe66,mol_06affb0d2c6c8ff2,,CC(C)=O,CCC(C)O,,True,isothermal,10.1016/j.fluid.2013.07.044,isothermal,0.9166666666666666,,1.0060699698954898,1.2791153966856361,,1,False,339.9363008821999,,0.0,370.0521063473695,103.64953367121437,,unverified,0.5,state_b0041ffeabc9b96c04dbcd25,D:\VLE\paper_structure_worktree\dataset\binary_vle_english.xlsx,2c_b399893600891028146a,331.599926979072,,0.865,0.135,,0.9473481902503528,0.05265180974964726,,0.946,0.05400000000000005,
nrtl,2,mol_e04cf77cea7bbe66,mol_06affb0d2c6c8ff2,,CC(C)=O,CCC(C)O,,True,isothermal,10.1016/j.fluid.2013.07.044,isothermal,0.9166666666666666,,1.0703616309268662,1.1025241311851401,,1,False,268.14626341313397,,0.0,370.0521063473695,103.64953367121437,,unverified,0.5,state_bbacba01619e5935ed50a2ee,D:\VLE\paper_structure_worktree\dataset\binary_vle_english.xlsx,2c_b399893600891028146a,257.700005008512,,0.546,0.45399999999999996,,0.8065184492439829,0.19348155075601722,,0.789,0.21099999999999997,
nrtl,2,mol_e04cf77cea7bbe66,mol_06affb0d2c6c8ff2,,CC(C)=O,CCC(C)O,,True,isothermal,10.1016/j.fluid.2013.07.044,isothermal,0.9166666666666666,,1.0011196647072698,1.3395852302748006,,1,False,357.03253537110515,,0.0,370.0521063473695,103.64953367121437,,unverified,0.5,state_bfd7f31b5f637063484bf6c0,D:\VLE\paper_structure_worktree\dataset\binary_vle_english.xlsx,2c_b399893600891028146a,352.099974249856,,0.942,0.05800000000000005,,0.9774442172654726,0.022555782734527387,,0.978,0.02200000000000002,
nrtl,2,mol_e04cf77cea7bbe66,mol_06affb0d2c6c8ff2,,CC(C)=O,CCC(C)O,,True,isothermal,10.1016/j.fluid.2013.07.044,isothermal,0.9166666666666666,,1.0,1.3907485992398565,,1,False,370.0521063473695,,0.0,370.0521063473695,103.64953367121437,,unverified,0.5,state_cf57a680360fa00951adba48,D:\VLE\paper_structure_worktree\dataset\binary_vle_english.xlsx,2c_b399893600891028146a,369.400018043904,,1.0,0.0,,1.0,0.0,,1.0,0.0,
nrtl,2,mol_fadb5806094149e6,mol_a85d32e4db2ff39c,,CCCC,CO,,True,isothermal,10.1016/j.fluid.2007.02.028,isothermal,0.75,,8.474218036776971,1.0012476121260565,,1,False,499.35020910270174,,0.0,1298.7373280589761,267.0679577533936,,unverified,0.5,state_54d12dd0d12f348453001351,D:\VLE\paper_structure_worktree\dataset\binary_vle_english.xlsx,2c_b89c84f688940850528d,496.799939812608,,0.0216,0.9784,,0.47606852814058137,0.5239314718594186,,0.4516,0.5484,
nrtl,2,mol_9f4835d3aad75f1c,mol_1c09299644053521,,CCC(C)Cl,Cc1ccccc1,,True,isobaric,10.1016/j.fluid.2006.02.009,isobaric,0.9545454545454546,,1.006985257479597,1.0230797614670732,,258,False,,350.0586302986106,1.4210854715202004e-14,133.54830136487377,34.13957533126982,,unverified,0.5,state_06af64027592d63600bb6f3e,D:\VLE\paper_structure_worktree\dataset\binary_vle_english.xlsx,2c_ba6de3f53ea6de13738b,,349.95,0.6667,0.33330000000000004,,0.8850804928622754,0.11491950713772454,,0.8903,0.10970000000000002,
nrtl,2,mol_9f4835d3aad75f1c,mol_1c09299644053521,,CCC(C)Cl,Cc1ccccc1,,True,isobaric,10.1016/j.fluid.2006.02.009,isobaric,0.9545454545454546,,1.0328133389531515,1.0016917020714384,,258,False,,369.50011726759857,7.105427357601002e-14,234.30626128658884,65.64070018514113,,unverified,0.5,state_0fac19de72140a7436f878d9,D:\VLE\paper_structure_worktree\dataset\binary_vle_english.xlsx,2c_ba6de3f53ea6de13738b,,370.25,0.2017,0.7983,,0.481839571267779,0.518160428732221,,0.4797,0.5203,
nrtl,2,mol_9f4835d3aad75f1c,mol_1c09299644053521,,CCC(C)Cl,Cc1ccccc1,,True,isobaric,10.1016/j.fluid.2006.02.009,isobaric,0.9545454545454546,,1.0,1.0619361584098077,,258,False,,341.23184427809787,-7.487699349439936e-11,101.29993507474113,24.755802672641515,,unverified,0.5,state_2a486b567908e70b68dbd3a7,D:\VLE\paper_structure_worktree\dataset\binary_vle_english.xlsx,2c_ba6de3f53ea6de13738b,,341.22999999999996,1.0,0.0,,1.0,0.0,,1.0,0.0,
nrtl,2,mol_9f4835d3aad75f1c,mol_1c09299644053521,,CCC(C)Cl,Cc1ccccc1,,True,isobaric,10.1016/j.fluid.2006.02.009,isobaric,0.9545454545454546,,1.0119449629864046,1.0150168123441998,,258,False,,353.7805158475282,-1.4210854715202004e-13,149.43573248672226,38.90684325397171,,unverified,0.5,state_2b5a1663e1ca09feda517cd7,D:\VLE\paper_structure_worktree\dataset\binary_vle_english.xlsx,2c_ba6de3f53ea6de13738b,,353.65,0.5532,0.4468,,0.8258180178001047,0.1741819821998954,,0.8314,0.16859999999999997,
nrtl,2,mol_9f4835d3aad75f1c,mol_1c09299644053521,,CCC(C)Cl,Cc1ccccc1,,True,isobaric,10.1016/j.fluid.2006.02.009,isobaric,0.9545454545454546,,1.0143118548309547,1.012271894254351,,258,False,,355.4817091999062,5.684341886080802e-14,157.19069713611935,41.26458893664805,,unverified,0.5,state_49678da589c293d0d865ee72,D:\VLE\paper_structure_worktree\dataset\binary_vle_english.xlsx,2c_ba6de3f53ea6de13738b,,355.25,0.5059,0.4941,,0.7962580826361789,0.20374191736382108,,0.8017,0.19830000000000003,
nrtl,2,mol_9f4835d3aad75f1c,mol_1c09299644053521,,CCC(C)Cl,Cc1ccccc1,,True,isobaric,10.1016/j.fluid.2006.02.009,isobaric,0.9545454545454546,,1.0352695448018607,1.0011290036864495,,258,False,,371.62284035475795,-4.405364961712621e-12,248.25279318648066,70.20592000163843,,unverified,0.5,state_531b8b6ef9117ce07bb024ee,D:\VLE\paper_structure_worktree\dataset\binary_vle_english.xlsx,2c_ba6de3f53ea6de13738b,,372.75,0.1661,0.8339,,0.42141311495366984,0.57858688504633,,0.4179,0.5821000000000001,
nrtl,2,mol_9f4835d3aad75f1c,mol_1c09299644053521,,CCC(C)Cl,Cc1ccccc1,,True,isobaric,10.1016/j.fluid.2006.02.009,isobaric,0.9545454545454546,,1.030527432594987,1.0023418099647285,,258,False,,367.601463339539,5.684341886080802e-14,222.3711900203847,61.76881752388631,,unverified,0.5,state_5375c40e2ab99b939aeec006,D:\VLE\paper_structure_worktree\dataset\binary_vle_english.xlsx,2c_ba6de3f53ea6de13738b,,368.15,0.2355,0.7645,,0.5327455390429149,0.4672544609570851,,0.5354,0.4646,
nrtl,2,mol_9f4835d3aad75f1c,mol_1c09299644053521,,CCC(C)Cl,Cc1ccccc1,,True,isobaric,10.1016/j.fluid.2006.02.009,isobaric,0.9545454545454546,,1.0174062138878543,1.0093725740474782,,258,False,,357.6935851227804,-8.526512829121202e-14,167.75775329915498,44.507781393784605,,unverified,0.5,state_58a6dd5df8ef6988ad3c96d6,D:\VLE\paper_structure_worktree\dataset\binary_vle_english.xlsx,2c_ba6de3f53ea6de13738b,,357.79999999999995,0.4483,0.5517000000000001,,0.7553296949489896,0.24467030505101034,,0.7532,0.24680000000000002,
nrtl,2,mol_9f4835d3aad75f1c,mol_1c09299644053521,,CCC(C)Cl,Cc1ccccc1,,True,isobaric,10.1016/j.fluid.2006.02.009,isobaric,0.9545454545454546,,1.0382896467120764,1.0006093555998579,,258,False,,374.3674197769786,-9.094947017729282e-13,267.2627217179557,76.49582920954232,,unverified,0.5,state_6fee05c79f9267e4e63eb7fe,D:\VLE\paper_structure_worktree\dataset\binary_vle_english.xlsx,2c_ba6de3f53ea6de13738b,,375.65,0.1232,0.8768,,0.33748808998041313,0.662511910019587,,0.3239,0.6760999999999999,
nrtl,2,mol_9f4835d3aad75f1c,mol_1c09299644053521,,CCC(C)Cl,Cc1ccccc1,,True,isobaric,10.1016/j.fluid.2006.02.009,isobaric,0.9545454545454546,,1.0047273807706387,1.0285403356072604,,258,False,,348.18232152792353,1.5631940186722204e-13,126.0761979295662,31.928584854665676,,unverified,0.5,state_7dcfe1c947105078ddbf084a,D:\VLE\paper_structure_worktree\dataset\binary_vle_english.xlsx,2c_ba6de3f53ea6de13738b,,347.95,0.7296,0.2704,,0.9123405950704435,0.08765940492955644,,0.9123,0.0877,
nrtl,2,mol_9f4835d3aad75f1c,mol_1c09299644053521,,CCC(C)Cl,Cc1ccccc1,,True,isobaric,10.1016/j.fluid.2006.02.009,isobaric,0.9545454545454546,,1.0089384814744187,1.0194243155440796,,258,False,,351.56586254697305,1.010775463328173e-09,139.80789352512826,36.0074129043153,,unverified,0.5,state_928ae957491c6f821e214d25,D:\VLE\paper_structure_worktree\dataset\binary_vle_english.xlsx,2c_ba6de3f53ea6de13738b,,351.49,0.619,0.381,,0.8619416381807752,0.13805836181922482,,0.8667,0.13329999999999997,
nrtl,2,mol_9f4835d3aad75f1c,mol_1c09299644053521,,CCC(C)Cl,Cc1ccccc1,,True,isobaric,10.1016/j.fluid.2006.02.009,isobaric,0.9545454545454546,,1.0021260150542732,1.038055830378861,,258,False,,345.6145752996674,-8.526512829121202e-14,116.4054055742322,29.098717991049757,,unverified,0.5,state_9c884cab64807fe2459ecc77,D:\VLE\paper_structure_worktree\dataset\binary_vle_english.xlsx,2c_ba6de3f53ea6de13738b,,345.34,0.8224,0.17759999999999998,,0.9470423918154987,0.052957608184501265,,0.9503,0.049699999999999966,
nrtl,2,mol_9f4835d3aad75f1c,mol_1c09299644053521,,CCC(C)Cl,Cc1ccccc1,,True,isobaric,10.1016/j.fluid.2006.02.009,isobaric,0.9545454545454546,,1.0248009374795792,1.0046076350539668,,258,False,,363.1111246275597,4.149569576838985e-12,196.08086450201515,53.36112477424836,,unverified,0.5,state_a16190221f606f7444ec2ded,D:\VLE\paper_structure_worktree\dataset\binary_vle_english.xlsx,2c_ba6de3f53ea6de13738b,,363.25,0.3237,0.6763,,0.6421082640891436,0.3578917359108563,,0.6521,0.3479,
nrtl,2,mol_9f4835d3aad75f1c,mol_1c09299644053521,,CCC(C)Cl,Cc1ccccc1,,True,isobaric,10.1016/j.fluid.2006.02.009,isobaric,0.9545454545454546,,1.0221734687353325,1.0060188002083021,,258,False,,361.1501402092513,0.0,185.41529291772721,50.00100128133992,,unverified,0.5,state_a1b33cfb835aa29cc8e95735,D:\VLE\paper_structure_worktree\dataset\binary_vle_english.xlsx,2c_ba6de3f53ea6de13738b,,361.4,0.3663,0.6336999999999999,,0.685327103200575,0.3146728967994249,,0.6895,0.3105,
nrtl,2,mol_9f4835d3aad75f1c,mol_1c09299644053521,,CCC(C)Cl,Cc1ccccc1,,True,isobaric,10.1016/j.fluid.2006.02.009,isobaric,0.9545454545454546,,1.0472631320635015,1.0,,258,False,,383.6414224463127,-2.842170943040401e-14,340.2707229173577,101.29993507481598,,unverified,0.5,state_a25f4e626f5d55714e131c28,D:\VLE\paper_structure_worktree\dataset\binary_vle_english.xlsx,2c_ba6de3f53ea6de13738b,,383.76,0.0,1.0,,0.0,1.0,,0.0,1.0,
nrtl,2,mol_9f4835d3aad75f1c,mol_1c09299644053521,,CCC(C)Cl,Cc1ccccc1,,True,isobaric,10.1016/j.fluid.2006.02.009,isobaric,0.9545454545454546,,1.0003537721075648,1.0514516623938108,,258,False,,342.90397735222,-1.2789769243681803e-13,106.86161846456083,26.34333511166369,,unverified,0.5,state_aa7bfc73feccec44c5ed415f,D:\VLE\paper_structure_worktree\dataset\binary_vle_english.xlsx,2c_ba6de3f53ea6de13738b,,342.79999999999995,0.9293,0.07069999999999999,,0.9806682880523871,0.019331711947612924,,0.989,0.01100000000000001,
nrtl,2,mol_9f4835d3aad75f1c,mol_1c09299644053521,,CCC(C)Cl,Cc1ccccc1,,True,isobaric,10.1016/j.fluid.2006.02.009,isobaric,0.9545454545454546,,1.0448148785101954,1.0000422786601166,,258,False,,380.9179330377192,-1.5631940186722204e-13,317.36017115612947,93.41269151548036,,unverified,0.5,state_aee32d385a6723ecd3bdd0ef,D:\VLE\paper_structure_worktree\dataset\binary_vle_english.xlsx,2c_ba6de3f53ea6de13738b,,381.03999999999996,0.0331,0.9669,,0.1083454298454039,0.891654570154596,,0.117,0.883,
nrtl,2,mol_9f4835d3aad75f1c,mol_1c09299644053521,,CCC(C)Cl,Cc1ccccc1,,True,isobaric,10.1016/j.fluid.2006.02.009,isobaric,0.9545454545454546,,1.0034653219737648,1.0325196119335138,,258,False,,347.0204907797882,9.400196177011821e-10,121.62252475934896,30.620786629103304,,unverified,0.5,state_b6e5a85bfa574158b6357e47,D:\VLE\paper_structure_worktree\dataset\binary_vle_english.xlsx,2c_ba6de3f53ea6de13738b,,347.04999999999995,0.7706,0.22940000000000005,,0.9284023283505841,0.07159767164941588,,0.9296,0.07040000000000002,
nrtl,2,mol_9f4835d3aad75f1c,mol_1c09299644053521,,CCC(C)Cl,Cc1ccccc1,,True,isobaric,10.1016/j.fluid.2006.02.009,isobaric,0.9545454545454546,,1.0027640761721968,1.0351931639519603,,258,False,,346.31470991771306,1.1530687515914906e-10,118.98019362229937,29.84854109015229,,unverified,0.5,state_bd9c4e1a93a6bf3c8c080815,D:\VLE\paper_structure_worktree\dataset\binary_vle_english.xlsx,2c_ba6de3f53ea6de13738b,,346.29999999999995,0.7963,0.2037,,0.9378664215876157,0.062133578412384344,,0.9384,0.06159999999999999,
nrtl,2,mol_9f4835d3aad75f1c,mol_1c09299644053521,,CCC(C)Cl,Cc1ccccc1,,True,isobaric,10.1016/j.fluid.2006.02.009,isobaric,0.9545454545454546,,1.0192473941439837,1.0079388672789718,,258,False,,359.0171715442782,-2.842170943040401e-14,174.35095924845072,46.54840413648774,,unverified,0.5,state_d1ffefa73a961c504f28d86a,D:\VLE\paper_structure_worktree\dataset\binary_vle_english.xlsx,2c_ba6de3f53ea6de13738b,,359.04999999999995,0.4158,0.5842,,0.7294226903455975,0.27057730965440246,,0.7322,0.26780000000000004,
nrtl,2,mol_9f4835d3aad75f1c,mol_1c09299644053521,,CCC(C)Cl,Cc1ccccc1,,True,isobaric,10.1016/j.fluid.2006.02.009,isobaric,0.9545454545454546,,1.0011919625558385,1.0434797814526509,,258,False,,344.4187681012553,8.526512829121202e-14,112.11288351574063,27.85468202262216,,unverified,0.5,state_e0c5e392f8af7987272e927d,D:\VLE\paper_structure_worktree\dataset\binary_vle_english.xlsx,2c_ba6de3f53ea6de13738b,,344.45,0.8684,0.13160000000000005,,0.9622402625489163,0.037759737451083804,,0.9596,0.04039999999999999,
nrtl,2,mol_f29e20f49d416e54,mol_a7491cfbf016fee6,,CCO,CCSCC,,True,isothermal,10.1016/j.fluid.2015.10.041,isothermal,0.9375,,1.1501473398531623,1.9794251412068524,,1,False,87.67440213777007,,0.0,71.7420768915628,49.80744359657232,,passed,1.0,state_298a89ff6091a55da1de781b,D:\VLE\paper_structure_worktree\dataset\binary_vle_english.xlsx,2c_c6a565ee5191fe2b2cdb,87.79997873587199,,0.679,0.321,,0.6390346181075833,0.3609653818924168,,0.638,0.362,
nrtl,2,mol_f29e20f49d416e54,mol_a7491cfbf016fee6,,CCO,CCSCC,,True,isothermal,10.1016/j.fluid.2010.11.026,isothermal,0.9333333333333333,,1.1179770709354433,2.112142991725399,,1,False,87.44810292994019,,0.0,71.80184327708685,49.842184007930236,,passed,1.0,state_2ab58558c0cc5d41b9bc9c7d,D:\VLE\paper_structure_worktree\dataset\binary_vle_english.xlsx,2c_c6a565ee5191fe2b2cdb,88.09995406387199,,0.7130000000000001,0.287,,0.6544969504688184,0.34550304953118155,,0.6639999999999999,0.336,
nrtl,2,mol_f29e20f49d416e54,mol_a7491cfbf016fee6,,CCO,CCSCC,,True,isothermal,10.1016/j.fluid.2015.10.041,isothermal,0.9375,,1.2028175629355313,1.8177897734121788,,1,False,87.85546408711075,,0.0,71.7420768915628,49.80744359657232,,passed,1.0,state_af42be671e790e11153516ac,D:\VLE\paper_structure_worktree\dataset\binary_vle_english.xlsx,2c_c6a565ee5191fe2b2cdb,88.299937615872,,0.632,0.368,,0.6207575451503365,0.37924245484966346,,0.625,0.375,
nrtl,2,mol_f29e20f49d416e54,mol_a7491cfbf016fee6,,CCO,CCSCC,,True,isothermal,10.1016/j.fluid.2010.11.026,isothermal,0.9333333333333333,,1.2297332115327526,1.752845026344381,,1,False,87.9347628892921,,0.0,71.80184327708685,49.842184007930236,,passed,1.0,state_da1dcd303b4237f2d3a57519,D:\VLE\paper_structure_worktree\dataset\binary_vle_english.xlsx,2c_c6a565ee5191fe2b2cdb,88.50005449023999,,0.611,0.389,,0.6135177175468298,0.38648228245317007,,0.622,0.378,
nrtl,2,mol_57615b5c3546c298,mol_015d21fca05fcd26,,CC(C)CC(C)(C)C,CC(C)CO,,True,isothermal,10.1016/j.fluid.2011.05.011,isothermal,0.9285714285714286,,1.3338241119867886,1.8064875773886133,,1,False,102.26594385966828,,0.0,80.26695807158544,52.200600504762356,,unverified,0.5,state_041ad534596353604c7fde09,D:\VLE\paper_structure_worktree\dataset\binary_vle_english.xlsx,2c_c830dc760c5163d2d27d,100.350013202816,,0.6242,0.3758,,0.6534736826295418,0.3465263173704583,,0.6568,0.34319999999999995,
nrtl,2,mol_57615b5c3546c298,mol_015d21fca05fcd26,,CC(C)CC(C)(C)C,CC(C)CO,,True,isothermal,10.1016/j.fluid.2011.05.011,isothermal,0.9285714285714286,,1.0120076277029266,5.019964440586167,,1,False,93.47190765094172,,0.0,80.26695807158544,52.200600504762356,,unverified,0.5,state_5a6f5308467cc05d9aa951f7,D:\VLE\paper_structure_worktree\dataset\binary_vle_english.xlsx,2c_c830dc760c5163d2d27d,92.65997901657599,,0.9323,0.06769999999999998,,0.810205465326392,0.18979453467360802,,0.8228,0.17720000000000002,
nrtl,2,mol_57615b5c3546c298,mol_015d21fca05fcd26,,CC(C)CC(C)(C)C,CC(C)CO,,True,isothermal,10.1016/j.fluid.2011.05.011,isothermal,0.9285714285714286,,1.1781605376255402,2.341428178930499,,1,False,102.12314409361258,,0.0,80.26695807158544,52.200600504762356,,unverified,0.5,state_8c54ef0a11b4f45dc86bb19c,D:\VLE\paper_structure_worktree\dataset\binary_vle_english.xlsx,2c_c830dc760c5163d2d27d,100.230023071616,,0.7268,0.2732,,0.6730262729079444,0.3269737270920557,,0.69,0.31000000000000005,
nrtl,2,mol_57615b5c3546c298,mol_015d21fca05fcd26,,CC(C)CC(C)(C)C,CC(C)CO,,True,isothermal,10.1016/j.fluid.2011.05.011,isothermal,0.9285714285714286,,1.895993140069159,1.2430973703276522,,1,False,99.7473916605119,,0.0,80.26695807158544,52.200600504762356,,unverified,0.5,state_a21abf587d79afa827909ba1,D:\VLE\paper_structure_worktree\dataset\binary_vle_english.xlsx,2c_c830dc760c5163d2d27d,96.58005660287999,,0.3993,0.6007,,0.6092160388181874,0.39078396118181263,,0.5835,0.4165,
nrtl,2,mol_57615b5c3546c298,mol_015d21fca05fcd26,,CC(C)CC(C)(C)C,CC(C)CO,,True,isothermal,10.1016/j.fluid.2011.05.011,isothermal,0.9285714285714286,,1.544810520100016,1.482037398883249,,1,False,101.72950669751361,,0.0,80.26695807158544,52.200600504762356,,unverified,0.5,state_b3b244902eb9b5a31226236d,D:\VLE\paper_structure_worktree\dataset\binary_vle_english.xlsx,2c_c830dc760c5163d2d27d,99.309965410048,,0.5225,0.47750000000000004,,0.63687086130647,0.3631291386935301,,0.6258,0.3742,
nrtl,2,mol_57615b5c3546c298,mol_015d21fca05fcd26,,CC(C)CC(C)(C)C,CC(C)CO,,True,isothermal,10.1016/j.fluid.2011.05.011,isothermal,0.9285714285714286,,1.076988227917781,3.1947173394765866,,1,False,100.65510522387693,,0.0,80.26695807158544,52.200600504762356,,unverified,0.5,state_df4fb6c4a21d8c00d273702c,D:\VLE\paper_structure_worktree\dataset\binary_vle_english.xlsx,2c_c830dc760c5163d2d27d,98.919997483648,,0.8231,0.17689999999999995,,0.7069106999710094,0.2930893000289906,,0.7307,0.2693,
nrtl,2,mol_1a0ca8e5eeb68da8,mol_f7989a5c13417f20,,CC(C)OC(C)C,CCCCCl,,True,isothermal,10.1016/j.fluid.2011.06.001,isothermal,0.9166666666666666,,0.9988960787519839,0.9841018708830161,,1,False,28.51691381134558,,0.0,30.555005676460272,20.89640239758684,,passed,1.0,state_5e89b4a2627850d51aa5e09d,D:\VLE\paper_structure_worktree\dataset\binary_vle_english.xlsx,2c_c879fc0732268fc652fa,28.65497655424,,0.7987,0.2013,,0.8548380371198018,0.14516196288019814,,0.8407,0.1593,
nrtl,2,mol_1a0ca8e5eeb68da8,mol_f7989a5c13417f20,,CC(C)OC(C)C,CCCCCl,,True,isothermal,10.1016/j.fluid.2011.06.001,isothermal,0.9166666666666666,,0.9956467844664126,0.9914973827806741,,1,False,26.473734677803822,,0.0,30.555005676460272,20.89640239758684,,passed,1.0,state_77baf21bba897f8dd1bf1a84,D:\VLE\paper_structure_worktree\dataset\binary_vle_english.xlsx,2c_c879fc0732268fc652fa,26.964982217472,,0.5931,0.4069,,0.6815541651951947,0.3184458348048053,,0.6706,0.3294,
nrtl,2,mol_1a0ca8e5eeb68da8,mol_f7989a5c13417f20,,CC(C)OC(C)C,CCCCCl,,True,isothermal,10.1016/j.fluid.2011.06.001,isothermal,0.9166666666666666,,0.9999200469201988,0.9771918934556842,,1,False,30.010459638540727,,0.0,30.555005676460272,20.89640239758684,,passed,1.0,state_7a0fb617054972fe8e9e6adc,D:\VLE\paper_structure_worktree\dataset\binary_vle_english.xlsx,2c_c879fc0732268fc652fa,30.010065102591998,,0.9465,0.0535,,0.9635973908093334,0.03640260919066666,,0.9595,0.0405,
nrtl,2,mol_1a0ca8e5eeb68da8,mol_f7989a5c13417f20,,CC(C)OC(C)C,CCCCCl,,True,isothermal,10.1016/j.fluid.2011.06.001,isothermal,0.9166666666666666,,0.9974913812523127,0.9881879725130652,,1,False,27.46878198284634,,0.0,30.555005676460272,20.89640239758684,,passed,1.0,state_7ccf8663bebe28cab5479565,D:\VLE\paper_structure_worktree\dataset\binary_vle_english.xlsx,2c_c879fc0732268fc652fa,27.829977741056,,0.6938,0.3062,,0.7698150789799413,0.23018492102005875,,0.7601,0.2399,
nrtl,2,mol_1a0ca8e5eeb68da8,mol_f7989a5c13417f20,,CC(C)OC(C)C,CCCCCl,,True,isothermal,10.1016/j.fluid.2011.06.001,isothermal,0.9166666666666666,,0.9995956537008123,0.980518478845098,,1,False,29.326196469119388,,0.0,30.555005676460272,20.89640239758684,,passed,1.0,state_8f16c6721ed505b635378e90,D:\VLE\paper_structure_worktree\dataset\binary_vle_english.xlsx,2c_c879fc0732268fc652fa,29.459977012223998,,0.879,0.121,,0.9154610331289003,0.08453896687109973,,0.9076,0.0924,
nrtl,2,mol_06affb0d2c6c8ff2,mol_fadb5806094149e6,,CCC(C)O,CCCC,,True,isothermal,10.1016/j.fluid.2007.02.028,isothermal,0.8571428571428571,,1.01927826641885,1.984126607462946,,1,False,433.60201670675605,,0.0,73.96594913822948,1298.7373280589761,,unverified,0.5,state_9a7001b715c4c8c8b3a36d50,D:\VLE\paper_structure_worktree\dataset\binary_vle_english.xlsx,2c_ca271dec406a9ef9abed,448.19993700556796,,0.8568,0.1432,,0.14897478349963156,0.8510252165003684,,0.16410000000000002,0.8359,
nrtl,2,mol_5fb2f93dc8caa9dc,mol_e81dc06beaa39499,,CCCO,O,,True,isothermal,10.1016/j.jct.2012.12.019,isothermal,0.9285714285714286,,5.148120454450041,1.0172916324054018,,1,False,377.03574441043634,,0.0,328.4296259487953,274.61619001042317,,unverified,0.5,state_0815919ad76c5a0d0a927a26,D:\VLE\paper_structure_worktree\dataset\binary_vle_english.xlsx,2c_ca2ff513d4ae36f2f8e1,391.500067053056,,0.0692,0.9308,,0.3103234501715633,0.6896765498284366,,0.3335,0.6665,
nrtl,2,mol_5fb2f93dc8caa9dc,mol_e81dc06beaa39499,,CCCO,O,,True,isothermal,10.1016/j.jct.2012.12.019,isothermal,0.9285714285714286,,3.6964148100349177,1.054463908652755,,1,False,407.6237561721699,,0.0,328.4296259487953,274.61619001042317,,unverified,0.5,state_10970138520ec3674f9f4312,D:\VLE\paper_structure_worktree\dataset\binary_vle_english.xlsx,2c_ca2ff513d4ae36f2f8e1,401.200069259264,,0.1277,0.8723,,0.3803246182029431,0.6196753817970568,,0.3506,0.6494,
nrtl,2,mol_5fb2f93dc8caa9dc,mol_e81dc06beaa39499,,CCCO,O,,True,isothermal,10.1016/j.jct.2012.12.019,isothermal,0.9285714285714286,,1.0846929158599878,2.0745298328007795,,1,False,423.3979768374298,,0.0,328.4296259487953,274.61619001042317,,unverified,0.5,state_4c648e00a314fed75ad18e0e,D:\VLE\paper_structure_worktree\dataset\binary_vle_english.xlsx,2c_ca2ff513d4ae36f2f8e1,395.200029409792,,0.6854,0.3146,,0.576692696189873,0.42330730381012704,,0.5771,0.42290000000000005,
nrtl,2,mol_5fb2f93dc8caa9dc,mol_e81dc06beaa39499,,CCCO,O,,True,isothermal,10.1016/j.jct.2012.12.019,isothermal,0.9285714285714286,,1.9963715370791952,1.2322973595692848,,1,False,428.9861793503701,,0.0,328.4296259487953,274.61619001042317,,unverified,0.5,state_796c1f94736c7d08ab072edb,D:\VLE\paper_structure_worktree\dataset\binary_vle_english.xlsx,2c_ca2ff513d4ae36f2f8e1,414.09994161984,,0.2855,0.7145,,0.4363615812931753,0.5636384187068247,,0.3876,0.6124,
nrtl,2,mol_5fb2f93dc8caa9dc,mol_e81dc06beaa39499,,CCCO,O,,True,isothermal,10.1016/j.jct.2012.12.019,isothermal,0.8666666666666667,,1.178163589887117,1.8012936712852963,,1,False,432.2511022252536,,0.0,328.4296259487953,274.61619001042317,,unverified,0.5,state_843281947d490174fda4fdfe,D:\VLE\paper_structure_worktree\dataset\binary_vle_english.xlsx,2c_ca2ff513d4ae36f2f8e1,412.099972777472,,0.5794,0.4206,,0.5186690150395388,0.48133098496046123,,0.5029,0.4971,
nrtl,2,mol_5fb2f93dc8caa9dc,mol_e81dc06beaa39499,,CCCO,O,,True,isothermal,10.1016/j.jct.2012.12.019,isothermal,0.8333333333333334,,1.0053921101361396,2.7349592335059065,,1,False,506.088055300267,,0.0,452.94813065713095,370.8828390813416,,unverified,0.5,state_8dc8d64ac542cbb4e5fa7ff9,D:\VLE\paper_structure_worktree\dataset\binary_vle_english.xlsx,2c_ca2ff513d4ae36f2f8e1,458.799998518144,,0.9093,0.0907,,0.8182104996854417,0.18178950031455837,,0.816,0.18400000000000005,
nrtl,2,mol_5fb2f93dc8caa9dc,mol_e81dc06beaa39499,,CCCO,O,,True,isothermal,10.1016/j.jct.2012.12.019,isothermal,0.8333333333333334,,1.000000294229239,3.0526052464283415,,1,False,453.42371137323835,,0.0,452.94813065713095,370.8828390813416,,unverified,0.5,state_909f969cda53b06842ff66f7,D:\VLE\paper_structure_worktree\dataset\binary_vle_english.xlsx,2c_ca2ff513d4ae36f2f8e1,408.00004331673597,,0.9993,0.0007000000000000339,,0.9982521619174418,0.0017478380825581429,,0.9978,0.0021999999999999797,
nrtl,2,mol_5fb2f93dc8caa9dc,mol_e81dc06beaa39499,,CCCO,O,,True,isothermal,10.1016/j.jct.2012.12.019,isothermal,0.8666666666666667,,3.0449050705460166,1.0905318491966232,,1,False,417.59200486259283,,0.0,328.4296259487953,274.61619001042317,,unverified,0.5,state_961d52bf1cc42e705fa586ff,D:\VLE\paper_structure_worktree\dataset\binary_vle_english.xlsx,2c_ca2ff513d4ae36f2f8e1,412.099972777472,,0.1686,0.8314,,0.40375831400674395,0.596241685993256,,0.3638,0.6362,
nrtl,2,mol_5fb2f93dc8caa9dc,mol_e81dc06beaa39499,,CCCO,O,,True,isothermal,10.1016/j.jct.2012.12.019,isothermal,0.9285714285714286,,1.5172533808683741,1.4198832899530462,,1,False,433.27814774708037,,0.0,328.4296259487953,274.61619001042317,,unverified,0.5,state_b1147348085d4c168a58fac1,D:\VLE\paper_structure_worktree\dataset\binary_vle_english.xlsx,2c_ca2ff513d4ae36f2f8e1,421.49999965568,,0.4,0.6,,0.46003793446700825,0.5399620655329918,,0.424,0.5760000000000001,
nrtl,2,mol_5fb2f93dc8caa9dc,mol_e81dc06beaa39499,,CCCO,O,,True,isothermal,10.1016/j.jct.2012.12.019,isothermal,0.8333333333333334,,7.152129169707389,1.0008508154677158,,1,False,414.2235691230387,,0.0,452.94813065713095,370.8828390813416,,unverified,0.5,state_dc9e4271f6ad3918383db8d2,D:\VLE\paper_structure_worktree\dataset\binary_vle_english.xlsx,2c_ca2ff513d4ae36f2f8e1,436.099998852992,,0.015,0.985,,0.11731141510715352,0.8826885848928465,,0.1761,0.8239,
nrtl,2,mol_5fb2f93dc8caa9dc,mol_e81dc06beaa39499,,CCCO,O,,True,isothermal,10.1016/j.jct.2012.12.019,isothermal,0.8333333333333334,,6.6397343060091,1.0023802545049143,,1,False,438.4485816954861,,0.0,452.94813065713095,370.8828390813416,,unverified,0.5,state_e0e97853e7beb1012e8e19cc,D:\VLE\paper_structure_worktree\dataset\binary_vle_english.xlsx,2c_ca2ff513d4ae36f2f8e1,463.999970837248,,0.0253,0.9747,,0.1735405719127327,0.8264594280872674,,0.2352,0.7648,
nrtl,2,mol_1a0ca8e5eeb68da8,mol_9f4835d3aad75f1c,,CC(C)OC(C)C,CCC(C)Cl,,True,isothermal,10.1016/j.fluid.2011.06.001,isothermal,0.9230769230769231,,0.9994288679273441,0.999970866483777,,1,False,31.101629956432674,,0.0,30.555005676460272,31.229987464930634,,unverified,0.5,state_0ebeb8da7f1e7aa61ab51719,D:\VLE\paper_structure_worktree\dataset\binary_vle_english.xlsx,2c_d498cbbd8f767d43f3e7,31.54007259776,,0.18430000000000002,0.8157,,0.1809574400160858,0.8190425599839143,,0.18500000000000005,0.815,
nrtl,2,mol_1a0ca8e5eeb68da8,mol_9f4835d3aad75f1c,,CC(C)OC(C)C,CCC(C)Cl,,True,isothermal,10.1016/j.fluid.2011.06.001,isothermal,0.9230769230769231,,0.9993512914662915,0.9999853720558115,,1,False,31.138849014051207,,0.0,30.555005676460272,31.229987464930634,,unverified,0.5,state_27b43c1a729ead7139eadbc9,D:\VLE\paper_structure_worktree\dataset\binary_vle_english.xlsx,2c_d498cbbd8f767d43f3e7,31.545005525376,,0.13060000000000005,0.8694,,0.12806815944576388,0.8719318405542361,,0.13149999999999995,0.8685,
nrtl,2,mol_1a0ca8e5eeb68da8,mol_9f4835d3aad75f1c,,CC(C)OC(C)C,CCC(C)Cl,,True,isothermal,10.1016/j.fluid.2011.06.001,isothermal,0.8571428571428571,,0.9991853817307937,0.9999994380661329,,1,False,31.212053630171873,,0.0,30.555005676460272,31.229987464930634,,unverified,0.5,state_2b8d4bd968dfc1fd87f621b0,D:\VLE\paper_structure_worktree\dataset\binary_vle_english.xlsx,2c_d498cbbd8f767d43f3e7,31.525007170176,,0.025599999999999956,0.9744,,0.025040676705628883,0.9749593232943711,,0.026100000000000012,0.9739,
nrtl,2,mol_1a0ca8e5eeb68da8,mol_9f4835d3aad75f1c,,CC(C)OC(C)C,CCC(C)Cl,,True,isothermal,10.1016/j.fluid.2011.06.001,isothermal,0.8571428571428571,,0.999545216939383,0.9999364390622358,,1,False,31.041030270096158,,0.0,30.555005676460272,31.229987464930634,,unverified,0.5,state_5229b983f144be8d2ae358bc,D:\VLE\paper_structure_worktree\dataset\binary_vle_english.xlsx,2c_d498cbbd8f767d43f3e7,31.525007170176,,0.2722,0.7278,,0.2678161777843363,0.7321838222156637,,0.2714,0.7286,
nrtl,2,mol_1a0ca8e5eeb68da8,mol_9f4835d3aad75f1c,,CC(C)OC(C)C,CCC(C)Cl,,True,isothermal,10.1016/j.fluid.2011.06.001,isothermal,0.9230769230769231,,0.9996415122957281,0.9998925418518151,,1,False,30.98506667540265,,0.0,30.555005676460272,31.229987464930634,,unverified,0.5,state_759d04e1cd2f0cd2082fe292,D:\VLE\paper_structure_worktree\dataset\binary_vle_english.xlsx,2c_d498cbbd8f767d43f3e7,31.499942564992,,0.3539,0.6461,,0.34886289402826365,0.6511371059717364,,0.35029999999999994,0.6497,
nrtl,2,mol_db030b5de88f8eaf,mol_e81dc06beaa39499,,CC(C)O,O,,True,isobaric,10.1016/j.jct.2016.10.001,isobaric,0.9375,,12.252753333522044,1.0002154979141868,,258,False,,369.663195890022,1.2789769243681803e-13,174.045128012375,89.01979322124022,,unverified,0.5,state_0234764deda6f3ceff7091e8,D:\VLE\paper_structure_worktree\dataset\binary_vle_english.xlsx,2c_d66c7a74cea5d8732e08,,369.2,0.006,0.994,,0.1263099736951595,0.8736900263048405,,0.129,0.871,
nrtl,2,mol_db030b5de88f8eaf,mol_e81dc06beaa39499,,CC(C)O,O,,True,isobaric,10.1016/j.fluid.2015.11.034,isobaric,0.9333333333333333,,1.0989062031121333,2.0218794243479854,,258,False,,353.8216022569267,-4.263256414560601e-13,93.90230129810877,48.54400483986949,,unverified,0.5,state_05504160657f1221a450196c,D:\VLE\paper_structure_worktree\dataset\binary_vle_english.xlsx,2c_d66c7a74cea5d8732e08,,353.35999999999996,0.625,0.375,,0.6366602142117915,0.3633397857882086,,0.645,0.355,
nrtl,2,mol_db030b5de88f8eaf,mol_e81dc06beaa39499,,CC(C)O,O,,True,isobaric,10.1016/j.fluid.2015.11.034,isobaric,0.9333333333333333,,4.3078086446640205,1.0780466998088702,,258,False,,354.974801655435,-2.6290081223123707e-12,98.39921932205591,50.82760849739689,,unverified,0.5,state_05b9261e16b48b9f0b7a04fd,D:\VLE\paper_structure_worktree\dataset\binary_vle_english.xlsx,2c_d66c7a74cea5d8732e08,,354.90999999999997,0.126,0.874,,0.5272413148255916,0.4727586851744084,,0.522,0.478,
nrtl,2,mol_db030b5de88f8eaf,mol_e81dc06beaa39499,,CC(C)O,O,,True,isobaric,10.1016/j.jct.2006.04.006,isobaric,0.9444444444444444,,9.34028786380229,1.0071337457922267,,258,False,,360.4742825024832,8.526512829121202e-14,122.48577280185646,63.030256487177006,,unverified,0.5,state_071ef9ac8ec9b2e09726d924,D:\VLE\paper_structure_worktree\dataset\binary_vle_english.xlsx,2c_d66c7a74cea5d8732e08,,359.45,0.035,0.965,,0.39527994931155247,0.6047200506884476,,0.389,0.611,
nrtl,2,mol_db030b5de88f8eaf,mol_e81dc06beaa39499,,CC(C)O,O,,True,isobaric,10.1016/j.fluid.2014.02.006,isobaric,0.9411764705882353,,1.0823463918376244,2.076458817841226,,258,False,,353.81142058006475,-4.121147867408581e-13,93.86339962573331,48.524241851431874,,unverified,0.5,state_0e53aa284c512b595fa35c38,D:\VLE\paper_structure_worktree\dataset\binary_vle_english.xlsx,2c_d66c7a74cea5d8732e08,,353.25,0.649,0.351,,0.6508757382838931,0.3491242617161069,,0.666,0.33399999999999996,
nrtl,2,mol_db030b5de88f8eaf,mol_e81dc06beaa39499,,CC(C)O,O,,True,isobaric,10.1016/j.jct.2016.10.001,isobaric,0.9375,,1.274051409852848,1.691952812156096,,258,False,,354.1360025714852,1.4210854715202004e-14,95.1104002834726,49.15767809919733,,unverified,0.5,state_132f166c485269d43b881a07,D:\VLE\paper_structure_worktree\dataset\binary_vle_english.xlsx,2c_d66c7a74cea5d8732e08,,354.2,0.477,0.523,,0.5705900239082008,0.42940997609179915,,0.584,0.41600000000000004,
nrtl,2,mol_db030b5de88f8eaf,mol_e81dc06beaa39499,,CC(C)O,O,,True,isobaric,10.1016/j.jct.2016.10.001,isobaric,0.9375,,8.083581729690398,1.0141960901745226,,258,False,,358.3106819813662,-1.7053025658242404e-13,112.46623656463231,57.959760455937825,,unverified,0.5,state_153d0064feb5ead294795d0f,D:\VLE\paper_structure_worktree\dataset\binary_vle_english.xlsx,2c_d66c7a74cea5d8732e08,,358.5,0.05,0.95,,0.44873178567659255,0.5512682143234076,,0.455,0.5449999999999999,
nrtl,2,mol_db030b5de88f8eaf,mol_e81dc06beaa39499,,CC(C)O,O,,True,isobaric,10.1016/j.jct.2016.10.001,isobaric,0.9375,,1.444273445861679,1.5340243380305092,,258,False,,354.37843590206893,1.4210854715202004e-14,96.0510777315152,49.635416867896396,,unverified,0.5,state_16ca26179d1669e352bcc926,D:\VLE\paper_structure_worktree\dataset\binary_vle_english.xlsx,2c_d66c7a74cea5d8732e08,,354.5,0.402,0.598,,0.5505142368200941,0.44948576317990585,,0.567,0.43300000000000005,
nrtl,2,mol_db030b5de88f8eaf,mol_e81dc06beaa39499,,CC(C)O,O,,True,isobaric,10.1016/j.fluid.2014.02.006,isobaric,0.9411764705882353,,1.0020160028339455,2.69906409834675,,258,False,,354.96563167323114,-7.815970093361102e-13,98.36274269280779,50.80909248185979,,unverified,0.5,state_1c40ea2f8d8203426d0d38f2,D:\VLE\paper_structure_worktree\dataset\binary_vle_english.xlsx,2c_d66c7a74cea5d8732e08,,354.35999999999996,0.929,0.07099999999999995,,0.9038822008393983,0.09611779916060179,,0.896,0.10399999999999998,
nrtl,2,mol_db030b5de88f8eaf,mol_e81dc06beaa39499,,CC(C)O,O,,True,isobaric,10.1016/j.fluid.2015.11.034,isobaric,0.9333333333333333,,1.5355656104599777,1.475622549138398,,258,False,,354.46732891022043,-2.859223968698643e-10,96.39799694901222,49.81158512756468,,unverified,0.5,state_1ed7da97e64e4b7fbea389f2,D:\VLE\paper_structure_worktree\dataset\binary_vle_english.xlsx,2c_d66c7a74cea5d8732e08,,354.15,0.373,0.627,,0.5450496335299874,0.45495036647001263,,0.554,0.44599999999999995,
nrtl,2,mol_db030b5de88f8eaf,mol_e81dc06beaa39499,,CC(C)O,O,,True,isobaric,10.1016/j.fluid.2014.02.006,isobaric,0.9411764705882353,,1.4558453700108556,1.5258694336720298,,258,False,,354.3911006057203,-1.4210854715202004e-13,96.10043801445582,49.660483071583215,,unverified,0.5,state_22ef7e899f11a80780bbb95b,D:\VLE\paper_structure_worktree\dataset\binary_vle_english.xlsx,2c_d66c7a74cea5d8732e08,,354.03,0.398,0.602,,0.5496858048244587,0.45031419517554133,,0.566,0.43400000000000005,
nrtl,2,mol_db030b5de88f8eaf,mol_e81dc06beaa39499,,CC(C)O,O,,True,isobaric,10.1016/j.fluid.2015.11.034,isobaric,0.9333333333333333,,10.492150009139033,1.0031314687114787,,258,False,,363.16758075417675,2.0889956431346945e-12,136.02103347563806,69.86863339117876,,unverified,0.5,state_289477ac5710eecbbfc4afaf,D:\VLE\paper_structure_worktree\dataset\binary_vle_english.xlsx,2c_d66c7a74cea5d8732e08,,365.41999999999996,0.023,0.977,,0.32403299164131105,0.675967008358689,,0.307,0.6930000000000001,
nrtl,2,mol_db030b5de88f8eaf,mol_e81dc06beaa39499,,CC(C)O,O,,True,isobaric,10.1016/j.fluid.2015.11.034,isobaric,0.9333333333333333,,1.330582826073598,1.6298476850038726,,258,False,,354.2288896735318,8.526512829121202e-14,95.46987445096919,49.34025266839978,,unverified,0.5,state_2a6254b5d291ad81278590ae,D:\VLE\paper_structure_worktree\dataset\binary_vle_english.xlsx,2c_d66c7a74cea5d8732e08,,353.82,0.448,0.552,,0.5617940200613457,0.43820597993865423,,0.574,0.42600000000000005,
nrtl,2,mol_db030b5de88f8eaf,mol_e81dc06beaa39499,,CC(C)O,O,,True,isobaric,10.1016/j.fluid.2014.02.006,isobaric,0.9411764705882353,,8.083581729690398,1.0141960901745226,,258,False,,358.3106819813662,-1.7053025658242404e-13,112.46623656463231,57.959760455937825,,unverified,0.5,state_2d4106dd613c07e6f097baae,D:\VLE\paper_structure_worktree\dataset\binary_vle_english.xlsx,2c_d66c7a74cea5d8732e08,,359.85999999999996,0.05,0.95,,0.44873178567659255,0.5512682143234076,,0.401,0.599,
nrtl,2,mol_db030b5de88f8eaf,mol_e81dc06beaa39499,,CC(C)O,O,,True,isobaric,10.1016/j.jct.2016.10.001,isobaric,0.9375,,1.1105237138125787,1.9878348839385993,,258,False,,353.83495516400615,-4.121147867408581e-13,93.95334050032132,48.569933771651414,,unverified,0.5,state_2d55af3820b4a23e65ab33ce,D:\VLE\paper_structure_worktree\dataset\binary_vle_english.xlsx,2c_d66c7a74cea5d8732e08,,353.59999999999997,0.61,0.39,,0.6282908439149338,0.37170915608506616,,0.644,0.356,
nrtl,2,mol_db030b5de88f8eaf,mol_e81dc06beaa39499,,CC(C)O,O,,True,isobaric,10.1016/j.jct.2016.10.001,isobaric,0.9375,,12.84718725090214,1.0,,258,False,,373.2243207104993,-2.842170943040401e-14,198.50531781019916,101.29993507481598,,unverified,0.5,state_32dcef71322be97c30a81b6f,D:\VLE\paper_structure_worktree\dataset\binary_vle_english.xlsx,2c_d66c7a74cea5d8732e08,,373.2,0.0,1.0,,0.0,1.0,,0.0,1.0,
nrtl,2,mol_db030b5de88f8eaf,mol_e81dc06beaa39499,,CC(C)O,O,,True,isobaric,10.1016/j.jct.2016.10.001,isobaric,0.9375,,1.8844052493915964,1.3317341847113422,,258,False,,354.643509687036,4.512088480623788e-10,97.08875918717882,50.162326919413495,,unverified,0.5,state_381b510e4e698e96cea20896,D:\VLE\paper_structure_worktree\dataset\binary_vle_english.xlsx,2c_d66c7a74cea5d8732e08,,355.0,0.297,0.7030000000000001,,0.5364021852332848,0.4635978147667153,,0.541,0.45899999999999996,
nrtl,2,mol_db030b5de88f8eaf,mol_e81dc06beaa39499,,CC(C)O,O,,True,isobaric,10.1016/j.jct.2006.04.006,isobaric,0.8947368421052632,,1.0585680591140352,2.172069017176936,,258,False,,353.8293903793121,-3.979039320256561e-13,93.93206716064438,48.559126520796646,,unverified,0.5,state_3ca5e196ecdcb72f8707662d,D:\VLE\paper_structure_worktree\dataset\binary_vle_english.xlsx,2c_d66c7a74cea5d8732e08,,353.16999999999996,0.691,0.30900000000000005,,0.6782683403599262,0.3217316596400739,,0.687,0.31299999999999994,
nrtl,2,mol_db030b5de88f8eaf,mol_e81dc06beaa39499,,CC(C)O,O,,True,isobaric,10.1016/j.fluid.2014.02.006,isobaric,0.9411764705882353,,11.106668063730057,1.0017211451044719,,258,False,,365.003681431598,-1.4210854715202004e-13,145.96663395022026,74.8858459910584,,unverified,0.5,state_4a822598c43f46c1454ab707,D:\VLE\paper_structure_worktree\dataset\binary_vle_english.xlsx,2c_d66c7a74cea5d8732e08,,366.49,0.017,0.983,,0.27206779706177986,0.7279322029382201,,0.222,0.778,
nrtl,2,mol_db030b5de88f8eaf,mol_e81dc06beaa39499,,CC(C)O,O,,True,isobaric,10.1016/j.fluid.2014.02.006,isobaric,0.9411764705882353,,1.0373302798056032,2.285551108463575,,258,False,,353.9156167662146,-2.5579538487363607e-13,94.26216396249488,48.726817052941044,,unverified,0.5,state_4b1cd7c7ec07b73dece54a05,D:\VLE\paper_structure_worktree\dataset\binary_vle_english.xlsx,2c_d66c7a74cea5d8732e08,,353.22999999999996,0.741,0.259,,0.7152592808963305,0.2847407191036695,,0.725,0.275,
nrtl,2,mol_db030b5de88f8eaf,mol_e81dc06beaa39499,,CC(C)O,O,,True,isobaric,10.1016/j.fluid.2015.11.034,isobaric,0.9333333333333333,,8.160810237993221,1.0136582840862751,,258,False,,358.4251074172514,4.263256414560601e-14,112.97790839585348,58.21888126454466,,unverified,0.5,state_4cb1f0bc18c73de418123acc,D:\VLE\paper_structure_worktree\dataset\binary_vle_english.xlsx,2c_d66c7a74cea5d8732e08,,358.72999999999996,0.049,0.951,,0.44597829475731443,0.5540217052426856,,0.433,0.567,
nrtl,2,mol_db030b5de88f8eaf,mol_e81dc06beaa39499,,CC(C)O,O,,True,isobaric,10.1016/j.jct.2016.10.001,isobaric,0.9375,,12.45586221763026,1.000095756598706,,258,False,,370.7520208921741,8.526512829121202e-14,181.23411661117922,92.63191937267504,,unverified,0.5,state_54ea64d87a8cf0ccdfee0293,D:\VLE\paper_structure_worktree\dataset\binary_vle_english.xlsx,2c_d66c7a74cea5d8732e08,,369.7,0.004,0.996,,0.08913834679066826,0.9108616532093318,,0.123,0.877,
nrtl,2,mol_db030b5de88f8eaf,mol_e81dc06beaa39499,,CC(C)O,O,,True,isobaric,10.1016/j.fluid.2015.11.034,isobaric,0.9333333333333333,,1.0352182043992744,2.2991152676610422,,258,False,,353.9309920705272,-1.5631940186722204e-13,94.32112939654318,48.75677066568222,,unverified,0.5,state_569103fa56cbef120b6b0751,D:\VLE\paper_structure_worktree\dataset\binary_vle_english.xlsx,2c_d66c7a74cea5d8732e08,,353.45,0.747,0.253,,0.7200328781415162,0.27996712185848377,,0.71,0.29000000000000004,
nrtl,2,mol_db030b5de88f8eaf,mol_e81dc06beaa39499,,CC(C)O,O,,True,isobaric,10.1016/j.jct.2006.04.006,isobaric,0.8947368421052632,,1.007082556943425,2.5789801691366416,,258,False,,354.52444370318204,-1.0757048585219309e-09,96.6214652952948,49.92505827222194,,unverified,0.5,state_5da400f7e0042160797af7bd,D:\VLE\paper_structure_worktree\dataset\binary_vle_english.xlsx,2c_d66c7a74cea5d8732e08,,353.84999999999997,0.873,0.127,,0.8385785897894968,0.16142141021050305,,0.839,0.16100000000000003,
nrtl,2,mol_db030b5de88f8eaf,mol_e81dc06beaa39499,,CC(C)O,O,,True,isobaric,10.1016/j.jct.2006.04.006,isobaric,0.9444444444444444,,1.0122413016445189,2.5024089758856527,,258,False,,354.30581989374787,-4.263256414560601e-14,95.76848026206251,49.491903557587975,,unverified,0.5,state_644e74124ee8f5daae72a480,D:\VLE\paper_structure_worktree\dataset\binary_vle_english.xlsx,2c_d66c7a74cea5d8732e08,,353.54999999999995,0.838,0.16200000000000003,,0.8019393068321092,0.19806069316789085,,0.801,0.19899999999999995,
nrtl,2,mol_db030b5de88f8eaf,mol_e81dc06beaa39499,,CC(C)O,O,,True,isobaric,10.1016/j.jct.2006.04.006,isobaric,0.9444444444444444,,1.2164202819233587,1.770528877585175,,258,False,,354.0292315195854,-1.9895196601282805e-13,94.69863529434603,48.94853069757543,,unverified,0.5,state_671ea9ff4f73ff729abc7eb1,D:\VLE\paper_structure_worktree\dataset\binary_vle_english.xlsx,2c_d66c7a74cea5d8732e08,,353.29999999999995,0.513,0.487,,0.5833585550273157,0.4166414449726844,,0.605,0.395,
nrtl,2,mol_db030b5de88f8eaf,mol_e81dc06beaa39499,,CC(C)O,O,,True,isobaric,10.1016/j.jct.2006.04.006,isobaric,0.9444444444444444,,1.364068862471682,1.5982108318529002,,258,False,,354.2779486120039,-1.1368683772161603e-13,95.6602047113046,49.43691534117221,,unverified,0.5,state_6aa89b887b11e2d8ba19de47,D:\VLE\paper_structure_worktree\dataset\binary_vle_english.xlsx,2c_d66c7a74cea5d8732e08,,353.45,0.433,0.567,,0.5577586710852044,0.44224132891479556,,0.585,0.41500000000000004,
nrtl,2,mol_db030b5de88f8eaf,mol_e81dc06beaa39499,,CC(C)O,O,,True,isobaric,10.1016/j.fluid.2014.02.006,isobaric,0.9411764705882353,,1.014422692329221,2.4759198476838713,,258,False,,354.2406533788941,-8.526512829121202e-14,95.5154834691066,49.36341633838256,,unverified,0.5,state_6c245a33e7513512f7801b99,D:\VLE\paper_structure_worktree\dataset\binary_vle_english.xlsx,2c_d66c7a74cea5d8732e08,,353.58,0.826,0.17400000000000004,,0.7900664396494768,0.20993356035052332,,0.788,0.21199999999999997,
nrtl,2,mol_db030b5de88f8eaf,mol_e81dc06beaa39499,,CC(C)O,O,,True,isobaric,10.1016/j.jct.2016.10.001,isobaric,0.9375,,1.0616008373347816,2.1584153890480717,,258,False,,353.82389383907463,-3.836930773104541e-13,93.9110587812094,48.54845383311385,,unverified,0.5,state_6f0b586bbedbba0810a8207c,D:\VLE\paper_structure_worktree\dataset\binary_vle_english.xlsx,2c_d66c7a74cea5d8732e08,,353.5,0.685,0.31499999999999995,,0.6741544317476144,0.32584556825238564,,0.685,0.31499999999999995,
nrtl,2,mol_db030b5de88f8eaf,mol_e81dc06beaa39499,,CC(C)O,O,,True,isobaric,10.1016/j.jct.2016.10.001,isobaric,0.9375,,11.94256347051584,1.0004846609880882,,258,False,,368.1875938882675,0.0,164.6924548539141,84.31663674906746,,unverified,0.5,state_7494a83b3fdf9ae4da253947,D:\VLE\paper_structure_worktree\dataset\binary_vle_english.xlsx,2c_d66c7a74cea5d8732e08,,367.29999999999995,0.009,0.991,,0.17474493783039136,0.8252550621696088,,0.201,0.7989999999999999,
nrtl,2,mol_db030b5de88f8eaf,mol_e81dc06beaa39499,,CC(C)O,O,,True,isobaric,10.1016/j.fluid.2014.02.006,isobaric,0.9411764705882353,,9.710754432446144,1.0056297873449758,,258,False,,361.2530439093026,-1.4210854715202004e-13,126.27504585621598,64.94595762167889,,unverified,0.5,state_7856b86eabd65f56744b9182,D:\VLE\paper_structure_worktree\dataset\binary_vle_english.xlsx,2c_d66c7a74cea5d8732e08,,362.97999999999996,0.031,0.969,,0.37525201542181114,0.6247479845781889,,0.315,0.685,
nrtl,2,mol_db030b5de88f8eaf,mol_e81dc06beaa39499,,CC(C)O,O,,True,isobaric,10.1016/j.fluid.2014.02.006,isobaric,0.9411764705882353,,4.731145291527351,1.0643141283912507,,258,False,,355.15033832925843,-8.99348151506274e-10,99.0997222519482,51.183169997575,,unverified,0.5,state_789ffa56c1aea48c99cfaada,D:\VLE\paper_structure_worktree\dataset\binary_vle_english.xlsx,2c_d66c7a74cea5d8732e08,,356.53999999999996,0.113,0.887,,0.5230075990665737,0.4769924009334263,,0.497,0.503,
nrtl,2,mol_db030b5de88f8eaf,mol_e81dc06beaa39499,,CC(C)O,O,,True,isobaric,10.1016/j.jct.2006.04.006,isobaric,0.9444444444444444,,1.0,2.846312499500815,,258,False,,355.69482348936253,-1.9895196601282805e-13,101.2999350748158,52.299673503060575,,unverified,0.5,state_7ddb3aba98f340b09c4f6e08,D:\VLE\paper_structure_worktree\dataset\binary_vle_english.xlsx,2c_d66c7a74cea5d8732e08,,355.45,1.0,0.0,,1.0,0.0,,1.0,0.0,
nrtl,2,mol_db030b5de88f8eaf,mol_e81dc06beaa39499,,CC(C)O,O,,True,isobaric,10.1016/j.fluid.2015.11.034,isobaric,0.9333333333333333,,1.0669129986918344,2.1356517540098077,,258,False,,353.816945433889,-3.694822225952521e-13,93.88450700507288,48.534964927126204,,unverified,0.5,state_7fe95f15513f4c125220feac,D:\VLE\paper_structure_worktree\dataset\binary_vle_english.xlsx,2c_d66c7a74cea5d8732e08,,353.32,0.675,0.32499999999999996,,0.6674481632907076,0.3325518367092924,,0.674,0.32599999999999996,
nrtl,2,mol_db030b5de88f8eaf,mol_e81dc06beaa39499,,CC(C)O,O,,True,isobaric,10.1016/j.fluid.2014.02.006,isobaric,0.9411764705882353,,1.2981505644079723,1.6639678359554784,,258,False,,354.17714432876414,-9.947598300641403e-14,95.2694753305738,49.23847274043022,,unverified,0.5,state_86c662d43232603932417f25,D:\VLE\paper_structure_worktree\dataset\binary_vle_english.xlsx,2c_d66c7a74cea5d8732e08,,353.71999999999997,0.464,0.536,,0.5664840072115681,0.4335159927884319,,0.585,0.41500000000000004,
nrtl,2,mol_db030b5de88f8eaf,mol_e81dc06beaa39499,,CC(C)O,O,,True,isobaric,10.1016/j.fluid.2015.11.034,isobaric,0.9333333333333333,,1.0081130141189212,2.5615736402450846,,258,False,,354.47067538792555,-1.6797230273368768e-10,96.4110781548396,49.818227650215704,,unverified,0.5,state_8921c0d2592c877f78644329,D:\VLE\paper_structure_worktree\dataset\binary_vle_english.xlsx,2c_d66c7a74cea5d8732e08,,353.88,0.865,0.135,,0.8299331295830028,0.17006687041699708,,0.831,0.16900000000000004,
nrtl,2,mol_db030b5de88f8eaf,mol_e81dc06beaa39499,,CC(C)O,O,,True,isobaric,10.1016/j.jct.2006.04.006,isobaric,0.9444444444444444,,12.45586221763026,1.000095756598706,,258,False,,370.7520208921741,8.526512829121202e-14,181.23411661117922,92.63191937267504,,unverified,0.5,state_8c5acaf275258d8664e43ef0,D:\VLE\paper_structure_worktree\dataset\binary_vle_english.xlsx,2c_d66c7a74cea5d8732e08,,369.53,0.004,0.996,,0.08913834679066826,0.9108616532093318,,0.092,0.908,
nrtl,2,mol_db030b5de88f8eaf,mol_e81dc06beaa39499,,CC(C)O,O,,True,isobaric,10.1016/j.fluid.2014.02.006,isobaric,0.9411764705882353,,2.1184534955149776,1.2725070147729165,,258,False,,354.6834676262785,2.618492089823121e-10,97.2460159913328,50.24216967395255,,unverified,0.5,state_8d7cf76b3ca8634717537ea0,D:\VLE\paper_structure_worktree\dataset\binary_vle_english.xlsx,2c_d66c7a74cea5d8732e08,,354.85999999999996,0.263,0.737,,0.5348565692347472,0.4651434307652528,,0.545,0.45499999999999996,
nrtl,2,mol_db030b5de88f8eaf,mol_e81dc06beaa39499,,CC(C)O,O,,True,isobaric,10.1016/j.jct.2006.04.006,isobaric,0.9444444444444444,,1.0492459096903028,2.217539429091626,,258,False,,353.85508101596326,-4.263256414560601e-13,94.03031326106428,48.60903700727514,,unverified,0.5,state_90382afbabcdd638dd2bc11e,D:\VLE\paper_structure_worktree\dataset\binary_vle_english.xlsx,2c_d66c7a74cea5d8732e08,,353.15999999999997,0.711,0.28900000000000003,,0.6924773958520047,0.3075226041479952,,0.698,0.30200000000000005,
nrtl,2,mol_db030b5de88f8eaf,mol_e81dc06beaa39499,,CC(C)O,O,,True,isobaric,10.1016/j.fluid.2014.02.006,isobaric,0.9411764705882353,,1.006717540898701,2.585492317251566,,258,False,,354.5451939383581,-1.3578045354734058e-09,96.7027633950784,49.96633883589515,,unverified,0.5,state_94b76ec07f3011249d729617,D:\VLE\paper_structure_worktree\dataset\binary_vle_english.xlsx,2c_d66c7a74cea5d8732e08,,353.87,0.876,0.124,,0.8418630717692309,0.15813692823076916,,0.833,0.16700000000000004,
nrtl,2,mol_db030b5de88f8eaf,mol_e81dc06beaa39499,,CC(C)O,O,,True,isobaric,10.1016/j.fluid.2014.02.006,isobaric,0.9411764705882353,,1.1267972143414322,1.94482552931238,,258,False,,353.8590849521951,-2.5579538487363607e-13,94.04563307598481,48.61681962077701,,unverified,0.5,state_98a8cec1f28b82cab95e47bf,D:\VLE\paper_structure_worktree\dataset\binary_vle_english.xlsx,2c_d66c7a74cea5d8732e08,,353.29999999999995,0.591,0.40900000000000003,,0.6182479895964793,0.3817520104035206,,0.638,0.362,
nrtl,2,mol_db030b5de88f8eaf,mol_e81dc06beaa39499,,CC(C)O,O,,True,isobaric,10.1016/j.jct.2006.04.006,isobaric,0.8947368421052632,,1.030613480393365,2.330704099109927,,258,False,,353.9712121786886,-2.2737367544323206e-13,94.47552673043148,48.83520081022258,,unverified,0.5,state_9dc87fe88170912e0d634ad0,D:\VLE\paper_structure_worktree\dataset\binary_vle_english.xlsx,2c_d66c7a74cea5d8732e08,,353.16999999999996,0.761,0.239,,0.7314600821074776,0.2685399178925224,,0.735,0.265,
nrtl,2,mol_db030b5de88f8eaf,mol_e81dc06beaa39499,,CC(C)O,O,,True,isobaric,10.1016/j.jct.2006.04.006,isobaric,0.9444444444444444,,11.524251000254068,1.0010094145825614,,258,False,,366.4739115446995,-1.7053025658242404e-13,154.37349369351637,79.12218915606347,,unverified,0.5,state_a2ce4181002b32044a605764,D:\VLE\paper_structure_worktree\dataset\binary_vle_english.xlsx,2c_d66c7a74cea5d8732e08,,365.15,0.013,0.987,,0.22830721008213758,0.7716927899178625,,0.229,0.771,
nrtl,2,mol_db030b5de88f8eaf,mol_e81dc06beaa39499,,CC(C)O,O,,True,isobaric,10.1016/j.fluid.2015.11.034,isobaric,0.9333333333333333,,1.0010484368873704,2.7390481930097,,258,False,,355.141740367787,-1.08020969946665e-09,99.06531123861993,51.16570466214671,,unverified,0.5,state_abeaf47a57986d89448fad85,D:\VLE\paper_structure_worktree\dataset\binary_vle_english.xlsx,2c_d66c7a74cea5d8732e08,,354.65,0.948,0.052000000000000046,,0.9280596063419062,0.07194039365809379,,0.928,0.07199999999999995,
nrtl,2,mol_db030b5de88f8eaf,mol_e81dc06beaa39499,,CC(C)O,O,,True,isobaric,10.1016/j.jct.2016.10.001,isobaric,0.9375,,2.3772306253973543,1.224966184441051,,258,False,,354.69852748651977,2.0617108020815067e-10,97.30534181284474,50.27229012423642,,unverified,0.5,state_ae67ab33400ed7bc9dbd4b6b,D:\VLE\paper_structure_worktree\dataset\binary_vle_english.xlsx,2c_d66c7a74cea5d8732e08,,355.09999999999997,0.234,0.766,,0.5343363131064196,0.4656636868935805,,0.531,0.469,
nrtl,2,mol_db030b5de88f8eaf,mol_e81dc06beaa39499,,CC(C)O,O,,True,isobaric,10.1016/j.fluid.2015.11.034,isobaric,0.9333333333333333,,2.2442896926004776,1.2475539941256024,,258,False,,354.6930900802632,2.2578205971512944e-10,97.28391846041077,50.261413260985705,,unverified,0.5,state_b1a8df524ff091364b6e076b,D:\VLE\paper_structure_worktree\dataset\binary_vle_english.xlsx,2c_d66c7a74cea5d8732e08,,354.34,0.248,0.752,,0.5345181833838011,0.46548181661619886,,0.544,0.45599999999999996,
nrtl,2,mol_db030b5de88f8eaf,mol_e81dc06beaa39499,,CC(C)O,O,,True,isobaric,10.1016/j.jct.2006.04.006,isobaric,0.9444444444444444,,5.854542251959162,1.0392280733750372,,258,False,,355.8484832931179,0.0,101.92841210391747,52.61851834122198,,unverified,0.5,state_b623670641e5408126749798,D:\VLE\paper_structure_worktree\dataset\binary_vle_english.xlsx,2c_d66c7a74cea5d8732e08,,355.84999999999997,0.086,0.914,,0.5066143503559141,0.49338564964408593,,0.499,0.501,
nrtl,2,mol_db030b5de88f8eaf,mol_e81dc06beaa39499,,CC(C)O,O,,True,isobaric,10.1016/j.jct.2016.10.001,isobaric,0.9375,,10.095140657453548,1.004294187604827,,258,False,,362.14430306592226,-1.4210854715202004e-13,130.73474752663665,67.19932876536087,,unverified,0.5,state_b6f42a2822eb16136ecfec9e,D:\VLE\paper_structure_worktree\dataset\binary_vle_english.xlsx,2c_d66c7a74cea5d8732e08,,361.7,0.027,0.973,,0.3517693563310784,0.6482306436689215,,0.354,0.646,
nrtl,2,mol_db030b5de88f8eaf,mol_e81dc06beaa39499,,CC(C)O,O,,True,isobaric,10.1016/j.jct.2006.04.006,isobaric,0.8947368421052632,,2.2623089572857533,1.2442848173139458,,258,False,,354.694052703132,2.2231461116462015e-10,97.28771089373433,50.2633387226246,,unverified,0.5,state_bc68eb01d584903d98a659f2,D:\VLE\paper_structure_worktree\dataset\binary_vle_english.xlsx,2c_d66c7a74cea5d8732e08,,353.84999999999997,0.246,0.754,,0.5344853919987086,0.46551460800129135,,0.557,0.44299999999999995,
nrtl,2,mol_db030b5de88f8eaf,mol_e81dc06beaa39499,,CC(C)O,O,,True,isobaric,10.1016/j.fluid.2015.11.034,isobaric,0.9333333333333333,,6.266553521309105,1.0327723000678803,,258,False,,356.19121985203583,0.0,103.34232014398678,53.33571141825667,,unverified,0.5,state_bff4b002a7dc99eaff682e13,D:\VLE\paper_structure_worktree\dataset\binary_vle_english.xlsx,2c_d66c7a74cea5d8732e08,,356.21999999999997,0.078,0.922,,0.4986460654508855,0.5013539345491146,,0.502,0.498,
nrtl,2,mol_db030b5de88f8eaf,mol_e81dc06beaa39499,,CC(C)O,O,,True,isobaric,10.1016/j.jct.2016.10.001,isobaric,0.9375,,1.0073323272573018,2.574634067324126,,258,False,,354.5107884593938,-8.696332542967866e-10,96.56799702458623,49.89790847440342,,unverified,0.5,state_cadcaf22b3f4f5d8046c1f0f,D:\VLE\paper_structure_worktree\dataset\binary_vle_english.xlsx,2c_d66c7a74cea5d8732e08,,354.0,0.871,0.129,,0.8364018467643566,0.16359815323564347,,0.844,0.15600000000000003,
nrtl,2,mol_db030b5de88f8eaf,mol_e81dc06beaa39499,,CC(C)O,O,,True,isobaric,10.1016/j.fluid.2015.11.034,isobaric,0.9333333333333333,,1.0146147158280046,2.4737073612211296,,258,False,,354.2354449088784,-1.8474111129762605e-13,95.49528741586136,49.35315929591835,,unverified,0.5,state_ced1558b0ef56f0d9c5afef9,D:\VLE\paper_structure_worktree\dataset\binary_vle_english.xlsx,2c_d66c7a74cea5d8732e08,,353.76,0.825,0.17500000000000004,,0.7890924329029291,0.21090756709707092,,0.79,0.20999999999999996,
nrtl,2,mol_db030b5de88f8eaf,mol_e81dc06beaa39499,,CC(C)O,O,,True,isobaric,10.1016/j.jct.2006.04.006,isobaric,0.9444444444444444,,1.117154240168584,1.9697080337948434,,258,False,,353.8441607713116,-2.8421709430404007e-13,93.98854126848161,48.587816321374774,,unverified,0.5,state_d30161472710279edf154f39,D:\VLE\paper_structure_worktree\dataset\binary_vle_english.xlsx,2c_d66c7a74cea5d8732e08,,353.17999999999995,0.602,0.398,,0.6239867556808716,0.37601324431912836,,0.641,0.359,
nrtl,2,mol_db030b5de88f8eaf,mol_e81dc06beaa39499,,CC(C)O,O,,True,isobaric,10.1016/j.fluid.2014.02.006,isobaric,0.9411764705882353,,12.45586221763026,1.000095756598706,,258,False,,370.7520208921741,8.526512829121202e-14,181.23411661117922,92.63191937267504,,unverified,0.5,state_d4a361690298712a07d88484,D:\VLE\paper_structure_worktree\dataset\binary_vle_english.xlsx,2c_d66c7a74cea5d8732e08,,371.38,0.004,0.996,,0.08913834679066826,0.9108616532093318,,0.065,0.935,
nrtl,2,mol_db030b5de88f8eaf,mol_e81dc06beaa39499,,CC(C)O,O,,True,isobaric,10.1016/j.jct.2016.10.001,isobaric,0.9375,,11.106668063730057,1.0017211451044719,,258,False,,365.003681431598,-1.4210854715202004e-13,145.96663395022026,74.8858459910584,,unverified,0.5,state_ddd38c4beb08cfdc6182dd76,D:\VLE\paper_structure_worktree\dataset\binary_vle_english.xlsx,2c_d66c7a74cea5d8732e08,,364.4,0.017,0.983,,0.27206779706177986,0.7279322029382201,,0.282,0.718,
nrtl,2,mol_db030b5de88f8eaf,mol_e81dc06beaa39499,,CC(C)O,O,,True,isobaric,10.1016/j.jct.2006.04.006,isobaric,0.9444444444444444,,3.3171941948654737,1.1274751102082514,,258,False,,354.7429289313383,9.15179043659009e-11,97.48043530012285,50.36118539315711,,unverified,0.5,state_e344558f03194adf7f2b049b,D:\VLE\paper_structure_worktree\dataset\binary_vle_english.xlsx,2c_d66c7a74cea5d8732e08,,354.2,0.167,0.833,,0.5330840158306716,0.46691598416932856,,0.551,0.44899999999999995,
nrtl,2,mol_db030b5de88f8eaf,mol_e81dc06beaa39499,,CC(C)O,O,,True,isobaric,10.1016/j.jct.2016.10.001,isobaric,0.9375,,1.0,2.846312499500815,,258,False,,355.69482348936253,-1.9895196601282805e-13,101.2999350748158,52.299673503060575,,unverified,0.5,state_e4abc321f4da42eb31ff6453,D:\VLE\paper_structure_worktree\dataset\binary_vle_english.xlsx,2c_d66c7a74cea5d8732e08,,355.5,1.0,0.0,,1.0,0.0,,1.0,0.0,
nrtl,2,mol_db030b5de88f8eaf,mol_e81dc06beaa39499,,CC(C)O,O,,True,isobaric,10.1016/j.fluid.2014.02.006,isobaric,0.9411764705882353,,1.0590656804550886,2.1697937185641356,,258,False,,353.8284044176892,-5.258016244624741e-13,93.92829840939262,48.55721192089393,,unverified,0.5,state_e74554d84a9b190535899edd,D:\VLE\paper_structure_worktree\dataset\binary_vle_english.xlsx,2c_d66c7a74cea5d8732e08,,353.21999999999997,0.69,0.31000000000000005,,0.6775779635482467,0.3224220364517533,,0.689,0.31100000000000005,
nrtl,2,mol_db030b5de88f8eaf,mol_e81dc06beaa39499,,CC(C)O,O,,True,isobaric,10.1016/j.fluid.2015.11.034,isobaric,0.9333333333333333,,1.155422924768846,1.879519707899946,,258,False,,353.910157541178,-1.5631940186722204e-13,94.2412350662701,48.71618538954773,,unverified,0.5,state_e98122f4990f9351293dedd1,D:\VLE\paper_structure_worktree\dataset\binary_vle_english.xlsx,2c_d66c7a74cea5d8732e08,,353.42999999999995,0.562,0.43799999999999994,,0.6041003644869748,0.39589963551302515,,0.624,0.376,
nrtl,2,mol_db030b5de88f8eaf,mol_e81dc06beaa39499,,CC(C)O,O,,True,isobaric,10.1016/j.jct.2006.04.006,isobaric,0.9444444444444444,,1.0031078388335213,2.6650846392968868,,258,False,,354.82783597806844,1.432454155292362e-11,97.8160145697109,50.531551860117126,,unverified,0.5,state_f1322a5910430dfa2df56093,D:\VLE\paper_structure_worktree\dataset\binary_vle_english.xlsx,2c_d66c7a74cea5d8732e08,,354.25,0.913,0.08699999999999997,,0.8843398562599344,0.11566014374006567,,0.885,0.11499999999999999,
nrtl,2,mol_db030b5de88f8eaf,mol_e81dc06beaa39499,,CC(C)O,O,,True,isobaric,10.1016/j.jct.2006.04.006,isobaric,0.9444444444444444,,12.84718725090214,1.0,,258,False,,373.2243207104993,-2.842170943040401e-14,198.50531781019916,101.29993507481598,,unverified,0.5,state_f75d499eefb0c17b41ae48d8,D:\VLE\paper_structure_worktree\dataset\binary_vle_english.xlsx,2c_d66c7a74cea5d8732e08,,373.15,0.0,1.0,,0.0,1.0,,0.0,1.0,
nrtl,2,mol_db030b5de88f8eaf,mol_e81dc06beaa39499,,CC(C)O,O,,True,isobaric,10.1016/j.fluid.2014.02.006,isobaric,0.9411764705882353,,1.0,2.846312499500815,,258,False,,355.69482348936253,-1.9895196601282805e-13,101.2999350748158,52.299673503060575,,unverified,0.5,state_febcecb7fb46f223ff87f68a,D:\VLE\paper_structure_worktree\dataset\binary_vle_english.xlsx,2c_d66c7a74cea5d8732e08,,355.46,1.0,0.0,,1.0,0.0,,1.0,0.0,
nrtl,2,mol_d365f2fae67d24f2,mol_015d21fca05fcd26,,C1COCCO1,CC(C)CO,,True,isobaric,10.1016/j.jct.2003.09.001,isobaric,0.9285714285714286,,1.0862441815691772,1.1431577872469876,,258,False,,373.84341904626154,1.0980443221342284e-09,101.0131161568107,77.71455167871362,,unverified,0.5,state_19ad6a6817ea25ec9bb618b8,D:\VLE\paper_structure_worktree\dataset\binary_vle_english.xlsx,2c_dc191206ee879c89c4e5,,375.37,0.5966,0.4034,,0.6462183916555294,0.35378160834447064,,0.6416,0.35840000000000005,
nrtl,2,mol_d365f2fae67d24f2,mol_015d21fca05fcd26,,C1COCCO1,CC(C)CO,,True,isobaric,10.1016/j.jct.2003.09.001,isobaric,0.9285714285714286,,1.2681874954203036,1.0172069296360429,,258,False,,376.81701502510424,2.290079237354803e-10,110.9362067983378,87.44545812139272,,unverified,0.5,state_1f9095b5be44ce3324492cb9,D:\VLE\paper_structure_worktree\dataset\binary_vle_english.xlsx,2c_dc191206ee879c89c4e5,,378.4,0.2387,0.7613,,0.33151259329078947,0.6684874067092106,,0.3067,0.6933,
nrtl,2,mol_d365f2fae67d24f2,mol_015d21fca05fcd26,,C1COCCO1,CC(C)CO,,True,isobaric,10.1016/j.jct.2003.09.001,isobaric,0.9285714285714286,,1.2132246548715935,1.0356654770927325,,258,False,,375.77064153177963,-2.2737367544323206e-13,107.3560374720703,83.90749571216038,,unverified,0.5,state_4f58d369c742477f9323edb4,D:\VLE\paper_structure_worktree\dataset\binary_vle_english.xlsx,2c_dc191206ee879c89c4e5,,377.4,0.3322,0.6678,,0.42712811758280367,0.5728718824171964,,0.401,0.599,
nrtl,2,mol_d365f2fae67d24f2,mol_015d21fca05fcd26,,C1COCCO1,CC(C)CO,,True,isobaric,10.1016/j.jct.2003.09.001,isobaric,0.9285714285714286,,1.0210073904728034,1.3281083425596816,,258,False,,373.30103600747225,-1.4210854715202004e-13,99.28531102773783,76.04472504366326,,unverified,0.5,state_5f5f5b6f8c2a55d8041b0fea,D:\VLE\paper_structure_worktree\dataset\binary_vle_english.xlsx,2c_dc191206ee879c89c4e5,,374.59,0.8106,0.1894,,0.8111689507414062,0.18883104925859387,,0.822,0.17800000000000005,
nrtl,2,mol_d365f2fae67d24f2,mol_015d21fca05fcd26,,C1COCCO1,CC(C)CO,,True,isobaric,10.1016/j.jct.2003.09.001,isobaric,0.9285714285714286,,1.1335384488318636,1.0864751879766785,,258,False,,374.47507617129236,-1.8835066839528736e-10,103.05675401001767,79.69917595145782,,unverified,0.5,state_739a3b81ed1fa157523cf769,D:\VLE\paper_structure_worktree\dataset\binary_vle_english.xlsx,2c_dc191206ee879c89c4e5,,375.99,0.4866,0.5134000000000001,,0.5611457171409163,0.43885428285908357,,0.543,0.45699999999999996,
nrtl,2,mol_d365f2fae67d24f2,mol_015d21fca05fcd26,,C1COCCO1,CC(C)CO,,True,isobaric,10.1016/j.jct.2003.09.001,isobaric,0.9285714285714286,,1.0080825225044245,1.4259346540256375,,258,False,,373.3763846497206,2.842170943040401e-14,99.52385938027504,76.27482401160862,,unverified,0.5,state_7ae059545c86c7b9c6a6da49,D:\VLE\paper_structure_worktree\dataset\binary_vle_english.xlsx,2c_dc191206ee879c89c4e5,,374.52,0.8848,0.11519999999999997,,0.8763129732086439,0.1236870267913562,,0.8778,0.12219999999999998,
nrtl,2,mol_d365f2fae67d24f2,mol_015d21fca05fcd26,,C1COCCO1,CC(C)CO,,True,isobaric,10.1016/j.jct.2003.09.001,isobaric,0.9285714285714286,,1.0369681138509204,1.2577992547483248,,258,False,,373.3624598923139,-1.1368683772161603e-13,99.47973873134856,76.23225533965719,,unverified,0.5,state_87a4706dc4d185518e857ae7,D:\VLE\paper_structure_worktree\dataset\binary_vle_english.xlsx,2c_dc191206ee879c89c4e5,,374.78999999999996,0.7446,0.25539999999999996,,0.7582525912798831,0.2417474087201169,,0.7676,0.23240000000000005,
nrtl,2,mol_d365f2fae67d24f2,mol_015d21fca05fcd26,,C1COCCO1,CC(C)CO,,True,isobaric,10.1016/j.jct.2003.09.001,isobaric,0.9285714285714286,,1.3974365828573372,1.000485873452431,,258,False,,379.7824234230669,3.609557097661309e-12,121.62480642086243,98.18205007388636,,unverified,0.5,state_b8a40038668f63badcf3c364,D:\VLE\paper_structure_worktree\dataset\binary_vle_english.xlsx,2c_dc191206ee879c89c4e5,,380.75,0.0428,0.9572,,0.07181065240068153,0.9281893475993185,,0.0618,0.9382,
nrtl,2,mol_d365f2fae67d24f2,mol_015d21fca05fcd26,,C1COCCO1,CC(C)CO,,True,isobaric,10.1016/j.jct.2003.09.001,isobaric,0.9285714285714286,,1.001351482944359,1.5391744741891438,,258,False,,373.6288642180925,1.1368683772161603e-13,100.32666936662376,77.05024653195956,,unverified,0.5,state_c09abcb32deeb267233875dc,D:\VLE\paper_structure_worktree\dataset\binary_vle_english.xlsx,2c_dc191206ee879c89c4e5,,374.49,0.9538,0.04620000000000002,,0.9459127758144904,0.05408722418550956,,0.9536,0.0464,
nrtl,2,mol_d365f2fae67d24f2,mol_015d21fca05fcd26,,C1COCCO1,CC(C)CO,,True,isobaric,10.1016/j.jct.2003.09.001,isobaric,0.9285714285714286,,1.3205697928191804,1.0069445275791735,,258,False,,377.93128023060353,1.4210854715202004e-13,114.85708572146285,91.35416031892646,,unverified,0.5,state_cb1df3893087d54925ba40b5,D:\VLE\paper_structure_worktree\dataset\binary_vle_english.xlsx,2c_dc191206ee879c89c4e5,,379.24,0.156,0.844,,0.2335794238579283,0.7664205761420717,,0.2094,0.7906,
nrtl,2,mol_d365f2fae67d24f2,mol_015d21fca05fcd26,,C1COCCO1,CC(C)CO,,True,isobaric,10.1016/j.jct.2003.09.001,isobaric,0.9285714285714286,,1.0577460326694597,1.1978844600514167,,258,False,,373.5321149383368,-1.4210854715202004e-14,100.0184013131069,76.75230411608891,,unverified,0.5,state_e06a60b1f39eb8a583bb04f9,D:\VLE\paper_structure_worktree\dataset\binary_vle_english.xlsx,2c_dc191206ee879c89c4e5,,375.04999999999995,0.6756,0.3244,,0.7055727304856225,0.2944272695143775,,0.7081,0.29190000000000005,
nrtl,2,mol_d365f2fae67d24f2,mol_015d21fca05fcd26,,C1COCCO1,CC(C)CO,,True,isobaric,10.1016/j.jct.2003.09.001,isobaric,0.9285714285714286,,1.157832192864096,1.0667390285396947,,258,False,,374.8415666567947,1.4210854715202004e-13,104.25815655226424,80.87066512713103,,unverified,0.5,state_ee276a466f4e8f7ea482ff80,D:\VLE\paper_structure_worktree\dataset\binary_vle_english.xlsx,2c_dc191206ee879c89c4e5,,376.35999999999996,0.4364,0.5636,,0.5200333993496554,0.4799666006503446,,0.4962,0.5038,
nrtl,2,mol_d365f2fae67d24f2,mol_015d21fca05fcd26,,C1COCCO1,CC(C)CO,,True,isobaric,10.1016/j.jct.2003.09.001,isobaric,0.9285714285714286,,1.367849230986063,1.0019872815236963,,258,False,,379.03860713755336,0.0,118.86677607322244,95.38729507787174,,unverified,0.5,state_f1805c6522b84eba4add1019,D:\VLE\paper_structure_worktree\dataset\binary_vle_english.xlsx,2c_dc191206ee879c89c4e5,,380.2,0.0854,0.9146,,0.1370715797751816,0.8629284202248184,,0.1206,0.8794,
nrtl,2,mol_fddb2c852c313396,mol_7165dcf6be1f831d,,CCCCCCC,c1ccccc1,,True,isothermal,10.1016/j.fluid.2016.02.018,isothermal,0.8,,0.6467030616579876,0.6970834317430857,,1,False,62.73817109511437,,0.0,78.87139366213395,100.56342476245419,,unverified,0.5,state_e33c1cc69c4cc48d959bac81,D:\VLE\paper_structure_worktree\dataset\binary_vle_english.xlsx,2c_e0c162126f5997f9fcd9,120.799931263232,,0.3856,0.6144000000000001,,0.3134942668359437,0.6865057331640563,,0.2821,0.7179,
nrtl,2,mol_fddb2c852c313396,mol_7165dcf6be1f831d,,CCCCCCC,c1ccccc1,,True,isothermal,10.1016/j.fluid.2016.02.018,isothermal,0.8,,0.36414475551396963,0.876989171059302,,1,False,76.31044297550794,,0.0,78.87139366213395,100.56342476245419,,unverified,0.5,state_fc1aca9a6c7b4d11d336accc,D:\VLE\paper_structure_worktree\dataset\binary_vle_english.xlsx,2c_e0c162126f5997f9fcd9,130.19995814144,,0.1998,0.8002,,0.07519779112536518,0.9248022088746349,,0.1498,0.8502000000000001,
nrtl,2,mol_6fdb0ec09de24512,mol_e8df6c9e89c6b62a,,CC[N+](=O)[O-],ClCCCl,,True,isothermal,10.1016/j.fluid.2010.01.024,isothermal,0.9333333333333333,,1.1707476263091572,1.0038358610450715,,1,False,83.5102621814043,,0.0,32.51271762543602,89.99789909971702,,unverified,0.5,state_4f9d9315058b43e1a20c6769,D:\VLE\paper_structure_worktree\dataset\binary_vle_english.xlsx,2c_e1c33e24ae7f6ab4d0bf,83.59005832153599,,0.13070000000000004,0.8693,,0.059573387856352376,0.9404266121436476,,0.061000000000000054,0.939,
nrtl,2,mol_6fdb0ec09de24512,mol_e8df6c9e89c6b62a,,CC[N+](=O)[O-],ClCCCl,,True,isothermal,10.1016/j.fluid.2010.01.024,isothermal,0.9333333333333333,,1.1076221508666997,1.0188014198440956,,1,False,75.44866194170572,,0.0,32.51271762543602,89.99789909971702,,unverified,0.5,state_72319c92a0c24e288053b2f5,D:\VLE\paper_structure_worktree\dataset\binary_vle_english.xlsx,2c_e1c33e24ae7f6ab4d0bf,75.870026602496,,0.29169999999999996,0.7083,,0.13922902813672008,0.86077097186328,,0.13660000000000005,0.8634,
nrtl,2,mol_6fdb0ec09de24512,mol_e8df6c9e89c6b62a,,CC[N+](=O)[O-],ClCCCl,,True,isothermal,10.1016/j.fluid.2010.01.024,isothermal,0.9333333333333333,,1.0679188188834294,1.039823407662005,,1,False,68.47771453001722,,0.0,32.51271762543602,89.99789909971702,,unverified,0.5,state_847d69ee3897c667d03705cc,D:\VLE\paper_structure_worktree\dataset\binary_vle_english.xlsx,2c_e1c33e24ae7f6ab4d0bf,68.859936493056,,0.4265,0.5735,,0.21625257638010328,0.7837474236198968,,0.20889999999999997,0.7911,
nrtl,2,mol_6fdb0ec09de24512,mol_e8df6c9e89c6b62a,,CC[N+](=O)[O-],ClCCCl,,True,isothermal,10.1016/j.fluid.2010.01.024,isothermal,0.9333333333333333,,1.2369918573433056,1.0,,1,False,89.99789909971702,,0.0,32.51271762543602,89.99789909971702,,unverified,0.5,state_8e50abe107a82ab94ba94235,D:\VLE\paper_structure_worktree\dataset\binary_vle_english.xlsx,2c_e1c33e24ae7f6ab4d0bf,90.350035668608,,0.0,1.0,,0.0,1.0,,0.0,1.0,
nrtl,2,mol_6fdb0ec09de24512,mol_e8df6c9e89c6b62a,,CC[N+](=O)[O-],ClCCCl,,True,isothermal,10.1016/j.fluid.2010.01.024,isothermal,0.9333333333333333,,1.0888626118911804,1.027069169029747,,1,False,72.42717701161197,,0.0,32.51271762543602,89.99789909971702,,unverified,0.5,state_938fd27b8e6d9720d2e0582a,D:\VLE\paper_structure_worktree\dataset\binary_vle_english.xlsx,2c_e1c33e24ae7f6ab4d0bf,72.75001654655999,,0.3508,0.6492,,0.17146851417079256,0.8285314858292073,,0.16610000000000003,0.8339,
nrtl,2,mol_6fdb0ec09de24512,mol_e8df6c9e89c6b62a,,CC[N+](=O)[O-],ClCCCl,,True,isothermal,10.1016/j.fluid.2010.01.024,isothermal,0.9375,,1.2446805052135812,1.0,,1,False,64.64437706340108,,0.0,22.134631412743737,64.64437706340108,,unverified,0.5,state_af084056bb07e4b750b66fa2,D:\VLE\paper_structure_worktree\dataset\binary_vle_english.xlsx,2c_e1c33e24ae7f6ab4d0bf,64.62001854592,,0.0,1.0,,0.0,1.0,,0.0,1.0,
nrtl,2,mol_6fdb0ec09de24512,mol_e8df6c9e89c6b62a,,CC[N+](=O)[O-],ClCCCl,,True,isothermal,10.1016/j.fluid.2010.01.024,isothermal,0.9333333333333333,,1.1408085277927962,1.0090199165231826,,1,False,80.00143255072027,,0.0,32.51271762543602,89.99789909971702,,unverified,0.5,state_dce512510af8a42caba14f2b,D:\VLE\paper_structure_worktree\dataset\binary_vle_english.xlsx,2c_e1c33e24ae7f6ab4d0bf,80.06994783923199,,0.20120000000000005,0.7988,,0.09328165522119398,0.9067183447788061,,0.09299999999999997,0.907,
nrtl,2,mol_bdf6ddfdabc4e204,mol_0a78d16c028484e1,,CC1CCCCC1,Cc1ccsc1,,True,isothermal,10.1016/j.fluid.2009.11.004,isothermal,0.9230769230769231,,1.0,1.432998703179123,,1,False,99.24117724786235,,0.0,99.24117724786235,63.84748154518687,,passed,1.0,state_19ffccd6fe52954b0b254e84,D:\VLE\paper_structure_worktree\dataset\binary_vle_english.xlsx,2c_e91573961a67f00a7d84,99.10998185804799,,1.0,0.0,,1.0,0.0,,1.0,0.0,
nrtl,2,mol_bdf6ddfdabc4e204,mol_0a78d16c028484e1,,CC1CCCCC1,Cc1ccsc1,,True,isothermal,10.1016/j.fluid.2009.11.004,isothermal,0.9230769230769231,,1.0026793622052952,1.3571113645671011,,1,False,98.31119911957047,,0.0,99.24117724786235,63.84748154518687,,passed,1.0,state_f9285760b4b02494fb41ba64,D:\VLE\paper_structure_worktree\dataset\binary_vle_english.xlsx,2c_e91573961a67f00a7d84,98.250052584448,,0.907,0.093,,0.9180329672210836,0.08196703277891634,,0.917,0.083,
nrtl,2,mol_61c4de85d258b45d,mol_0a78d16c028484e1,,Cc1ccccc1C,Cc1ccsc1,,True,isothermal,10.1016/j.fluid.2010.02.030,isothermal,0.9166666666666666,,1.035552086873277,1.0,,1,False,86.69448491644359,,0.0,36.79323831609873,86.69448491644359,,unverified,0.5,state_3665569c737ebe81d878ed9e,D:\VLE\paper_structure_worktree\dataset\binary_vle_english.xlsx,2c_ea3e2b6bf97aba0843ab,86.599944101504,,0.0,1.0,,0.0,1.0,,0.0,1.0,
nrtl,2,mol_61c4de85d258b45d,mol_0a78d16c028484e1,,Cc1ccccc1C,Cc1ccsc1,,True,isothermal,10.1016/j.fluid.2010.02.030,isothermal,0.9166666666666666,,1.0270264584386974,1.0005609477626884,,1,False,80.52576917635172,,0.0,36.79323831609873,86.69448491644359,,unverified,0.5,state_c0cd4e160382e89a0b524090,D:\VLE\paper_structure_worktree\dataset\binary_vle_english.xlsx,2c_ea3e2b6bf97aba0843ab,80.60003757439999,,0.127,0.873,,0.05959618843576509,0.9404038115642349,,0.06399999999999995,0.936,
nrtl,2,mol_1a0ca8e5eeb68da8,mol_a85d32e4db2ff39c,,CC(C)OC(C)C,CO,,True,isothermal,10.1016/j.jct.2012.11.005,isothermal,0.9411764705882353,,1.6881001987031272,1.5896121667714567,,1,False,96.86666623167808,,0.0,57.993556927849696,60.31835128813891,,unverified,0.5,state_14ad75eb3101582ca8c2212e,D:\VLE\paper_structure_worktree\dataset\binary_vle_english.xlsx,2c_ea9da779580d9b792700,96.83003604288,,0.488,0.512,,0.4932004179100943,0.5067995820899057,,0.495,0.505,
nrtl,2,mol_1a0ca8e5eeb68da8,mol_a85d32e4db2ff39c,,CC(C)OC(C)C,CO,,True,isothermal,10.1016/j.jct.2012.11.005,isothermal,0.9411764705882353,,1.7893218082454085,1.5085041251801876,,1,False,96.85588411480774,,0.0,57.993556927849696,60.31835128813891,,unverified,0.5,state_35dd91f0fe1a6bee71f73767,D:\VLE\paper_structure_worktree\dataset\binary_vle_english.xlsx,2c_ea9da779580d9b792700,96.87003275328,,0.459,0.5409999999999999,,0.4917618989033833,0.5082381010966167,,0.49,0.51,
nrtl,2,mol_1a0ca8e5eeb68da8,mol_a85d32e4db2ff39c,,CC(C)OC(C)C,CO,,True,isothermal,10.1016/j.jct.2012.11.005,isothermal,0.9411764705882353,,1.2251908218245533,2.5174798360261934,,1,False,96.18105915795313,,0.0,57.993556927849696,60.31835128813891,,unverified,0.5,state_8664885717bf0dcf56c640c4,D:\VLE\paper_structure_worktree\dataset\binary_vle_english.xlsx,2c_ea9da779580d9b792700,96.76004179968,,0.689,0.31100000000000005,,0.5089945680497547,0.49100543195024526,,0.516,0.484,
nrtl,2,mol_1a0ca8e5eeb68da8,mol_a85d32e4db2ff39c,,CC(C)OC(C)C,CO,,True,isothermal,10.1016/j.jct.2012.11.005,isothermal,0.8888888888888888,,1.3320971150939742,2.143045735530388,,1,False,96.65350186561867,,0.0,57.993556927849696,60.31835128813891,,unverified,0.5,state_8fd0825862af59c782c283c4,D:\VLE\paper_structure_worktree\dataset\binary_vle_english.xlsx,2c_ea9da779580d9b792700,96.84003522048,,0.627,0.373,,0.5011475149717476,0.4988524850282524,,0.515,0.485,
nrtl,2,mol_1a0ca8e5eeb68da8,mol_a85d32e4db2ff39c,,CC(C)OC(C)C,CO,,True,isothermal,10.1016/j.jct.2012.11.005,isothermal,0.9411764705882353,,1.508593015425154,1.794223657146882,,1,False,96.84058292305228,,0.0,57.993556927849696,60.31835128813891,,unverified,0.5,state_9c0f8d399e870ef1c85b220d,D:\VLE\paper_structure_worktree\dataset\binary_vle_english.xlsx,2c_ea9da779580d9b792700,96.94002699648,,0.549,0.45099999999999996,,0.4959829968165521,0.5040170031834479,,0.513,0.487,
nrtl,2,mol_1a0ca8e5eeb68da8,mol_a85d32e4db2ff39c,,CC(C)OC(C)C,CO,,True,isothermal,10.1016/j.jct.2012.11.005,isothermal,0.8888888888888888,,1.6462669167026545,1.6291161424359304,,1,False,96.8664442348132,,0.0,57.993556927849696,60.31835128813891,,unverified,0.5,state_cc9b124ecccbfd44ea47f2e7,D:\VLE\paper_structure_worktree\dataset\binary_vle_english.xlsx,2c_ea9da779580d9b792700,96.84003522048,,0.501,0.499,,0.4937923584179343,0.5062076415820657,,0.5,0.5,
nrtl,2,mol_1a0ca8e5eeb68da8,mol_a85d32e4db2ff39c,,CC(C)OC(C)C,CO,,True,isothermal,10.1016/j.jct.2012.11.005,isothermal,0.9411764705882353,,1.636905250553905,1.6385271735192166,,1,False,96.86599454123771,,0.0,57.993556927849696,60.31835128813891,,unverified,0.5,state_f1fcfeb1c6bfd47b604c98c4,D:\VLE\paper_structure_worktree\dataset\binary_vle_english.xlsx,2c_ea9da779580d9b792700,96.85003439807998,,0.504,0.496,,0.49392667648410454,0.5060733235158954,,0.509,0.491,
nrtl,2,mol_1a0ca8e5eeb68da8,mol_ad4ef9c6c876ca2f,,CC(C)OC(C)C,CCCCO,,True,isothermal,10.1016/j.jct.2012.11.005,isothermal,0.9090909090909091,,1.2679006176255265,1.4670775810464103,,1,False,73.57017756624252,,0.0,90.6389371998586,11.063803635220669,,unverified,0.5,state_9875eb5300415e3725e6b284,D:\VLE\paper_structure_worktree\dataset\binary_vle_english.xlsx,2c_ebc3b99e7d6baac46bdf,74.260025686528,,0.581,0.41900000000000004,,0.907557909442022,0.09244209055797807,,0.912,0.08799999999999997,
nrtl,2,mol_1a0ca8e5eeb68da8,mol_ad4ef9c6c876ca2f,,CC(C)OC(C)C,CCCCO,,True,isothermal,10.1016/j.jct.2012.11.005,isothermal,0.9090909090909091,,1.117927070369934,1.857206213825084,,1,False,78.79011361563298,,0.0,90.6389371998586,11.063803635220669,,unverified,0.5,state_bce3f4cad0dd81fed47cacf0,D:\VLE\paper_structure_worktree\dataset\binary_vle_english.xlsx,2c_ebc3b99e7d6baac46bdf,80.189937970432,,0.721,0.279,,0.927239267303621,0.07276073269637891,,0.932,0.06799999999999995,
nrtl,2,mol_1a0ca8e5eeb68da8,mol_ad4ef9c6c876ca2f,,CC(C)OC(C)C,CCCCO,,True,isothermal,10.1016/j.jct.2012.11.005,isothermal,0.9090909090909091,,1.0048181425145026,3.196945768925639,,1,False,88.01185876032615,,0.0,90.6389371998586,11.063803635220669,,unverified,0.5,state_e6ac0929c8f7653e3ecd5773,D:\VLE\paper_structure_worktree\dataset\binary_vle_english.xlsx,2c_ebc3b99e7d6baac46bdf,88.91002077184,,0.945,0.05500000000000005,,0.9778964910014115,0.022103508998588362,,0.978,0.02200000000000002,
nrtl,2,mol_57615b5c3546c298,mol_b614d6fea320c179,,CC(C)CC(C)(C)C,COC(C)(C)C,,True,isothermal,10.1016/j.fluid.2017.04.014,isothermal,0.9523809523809523,,1.1157984391743885,1.00124612078625,,1,False,67.02484344162683,,0.0,16.066975747946895,72.02907070936034,,unverified,0.5,state_6973a76c2907f4dfe738b2d2,D:\VLE\paper_structure_worktree\dataset\binary_vle_english.xlsx,2c_ecb2aa3282976dc883b8,67.20993886668799,,0.09399999999999997,0.906,,0.025142701137048938,0.974857298862951,,0.010000000000000009,0.99,
nrtl,2,mol_57615b5c3546c298,mol_b614d6fea320c179,,CC(C)CC(C)(C)C,COC(C)(C)C,,True,isothermal,10.1016/j.fluid.2017.04.014,isothermal,0.9523809523809523,,1.1180801052027514,1.001043857961042,,1,False,67.44821083938922,,0.0,16.066975747946895,72.02907070936034,,unverified,0.5,state_99a224b67665fe81c6f68e2e,D:\VLE\paper_structure_worktree\dataset\binary_vle_english.xlsx,2c_ecb2aa3282976dc883b8,67.580041760256,,0.08599999999999997,0.914,,0.02290525206147452,0.9770947479385256,,0.010000000000000009,0.99,
nrtl,2,mol_57615b5c3546c298,mol_b614d6fea320c179,,CC(C)CC(C)(C)C,COC(C)(C)C,,True,isothermal,10.1016/j.fluid.2017.04.014,isothermal,0.9523809523809523,,1.112149597188429,1.0016126042432647,,1,False,66.33765623417558,,0.0,16.066975747946895,72.02907070936034,,unverified,0.5,state_c38ef5b56adea06d830459ed,D:\VLE\paper_structure_worktree\dataset\binary_vle_english.xlsx,2c_ecb2aa3282976dc883b8,66.410004658688,,0.10699999999999998,0.893,,0.028821793433656852,0.9711782065663432,,0.040000000000000036,0.96,
nrtl,2,mol_5fb2f93dc8caa9dc,mol_a7491cfbf016fee6,,CCCO,CCSCC,,True,isothermal,10.1016/j.fluid.2010.11.026,isothermal,0.9285714285714286,,1.3392959897554992,1.2998551901543167,,1,False,95.38914528685923,,0.0,61.77982049406433,82.25870862156219,,passed,1.0,state_37ffdfbba884ea773ab8240a,D:\VLE\paper_structure_worktree\dataset\binary_vle_english.xlsx,2c_f3b319a542cec1b61795,95.99997097971199,,0.477,0.523,,0.41375440659260926,0.5862455934073907,,0.41600000000000004,0.584,
nrtl,2,mol_5fb2f93dc8caa9dc,mol_a7491cfbf016fee6,,CCCO,CCSCC,,True,isothermal,10.1016/j.fluid.2010.11.026,isothermal,0.9285714285714286,,1.5919031241925317,1.1521372298022339,,1,False,96.00998300641265,,0.0,61.77982049406433,82.25870862156219,,passed,1.0,state_9b826322ff20bc8840405ceb,D:\VLE\paper_structure_worktree\dataset\binary_vle_english.xlsx,2c_f3b319a542cec1b61795,96.70004673407999,,0.346,0.654,,0.3544238861129177,0.6455761138870822,,0.353,0.647,
nrtl,2,mol_626f3d1f5bbb6f55,mol_06affb0d2c6c8ff2,,C1CCOCC1,CCC(C)O,,True,isobaric,10.1016/j.fluid.2012.12.021,isobaric,0.9523809523809523,,1.0507426349999058,1.135542586863704,,258,False,,360.58319644283216,-4.0458303374180105e-11,99.95709017711728,63.14902604864237,,unverified,0.5,state_0762a8cc575bebde380522e6,D:\VLE\paper_structure_worktree\dataset\binary_vle_english.xlsx,2c_f4a55bc5fa0e7d69faf8,,360.92999999999995,0.669,0.331,,0.7474948655341205,0.2525051344658796,,0.749,0.251,
nrtl,2,mol_626f3d1f5bbb6f55,mol_06affb0d2c6c8ff2,,C1CCOCC1,CCC(C)O,,True,isobaric,10.1016/j.fluid.2012.12.021,isobaric,0.9523809523809523,,1.0378528998474639,1.1681178591613448,,258,False,,360.1524249982141,1.8241053112433292e-10,98.63575186124174,62.04741238813638,,unverified,0.5,state_0d937f7687d97f280e05fa23,D:\VLE\paper_structure_worktree\dataset\binary_vle_english.xlsx,2c_f4a55bc5fa0e7d69faf8,,360.54999999999995,0.72,0.28,,0.78410603313177,0.21589396686823,,0.789,0.211,
nrtl,2,mol_626f3d1f5bbb6f55,mol_06affb0d2c6c8ff2,,C1CCOCC1,CCC(C)O,,True,isobaric,10.1016/j.fluid.2012.12.021,isobaric,0.9523809523809523,,1.2799203244058746,1.0,,258,False,,370.6028497021717,-1.2789769243681803e-13,135.03523190464915,94.00000213734387,,unverified,0.5,state_165d28a655719b1c437cb402,D:\VLE\paper_structure_worktree\dataset\binary_vle_english.xlsx,2c_f4a55bc5fa0e7d69faf8,,370.63,0.0,1.0,,0.0,1.0,,0.0,1.0,
nrtl,2,mol_626f3d1f5bbb6f55,mol_06affb0d2c6c8ff2,,C1CCOCC1,CCC(C)O,,True,isobaric,10.1016/j.fluid.2012.12.021,isobaric,0.9523809523809523,,1.0929534142799513,1.0699167141827133,,258,False,,362.0168183268539,-1.5631940186722204e-13,104.459532107125,66.93785062602966,,unverified,0.5,state_2304dc27ec4ed360803ebf17,D:\VLE\paper_structure_worktree\dataset\binary_vle_english.xlsx,2c_f4a55bc5fa0e7d69faf8,,362.27,0.526,0.474,,0.6388628109452077,0.3611371890547924,,0.631,0.369,
nrtl,2,mol_626f3d1f5bbb6f55,mol_06affb0d2c6c8ff2,,C1CCOCC1,CCC(C)O,,True,isobaric,10.1016/j.fluid.2012.12.021,isobaric,0.9523809523809523,,1.108648972925085,1.05449796553315,,258,False,,362.5763201783554,-4.263256414560601e-14,106.26118768062531,68.46889794264109,,unverified,0.5,state_2712d7f9512402e61dd68c5f,D:\VLE\paper_structure_worktree\dataset\binary_vle_english.xlsx,2c_f4a55bc5fa0e7d69faf8,,362.78999999999996,0.478,0.522,,0.5990578421991859,0.40094215780081405,,0.589,0.411,
nrtl,2,mol_626f3d1f5bbb6f55,mol_06affb0d2c6c8ff2,,C1CCOCC1,CCC(C)O,,True,isobaric,10.1016/j.fluid.2012.12.021,isobaric,0.9523809523809523,,1.2351038551410132,1.0024720327891892,,258,False,,368.0700759349978,-5.684341886080802e-14,125.34216006919397,85.18153983696392,,unverified,0.5,state_2ed2b84656823c91d0e20c76,D:\VLE\paper_structure_worktree\dataset\binary_vle_english.xlsx,2c_f4a55bc5fa0e7d69faf8,,368.14,0.124,0.876,,0.20421821401646495,0.7957817859835351,,0.18500000000000005,0.815,
nrtl,2,mol_626f3d1f5bbb6f55,mol_06affb0d2c6c8ff2,,C1CCOCC1,CCC(C)O,,True,isobaric,10.1016/j.fluid.2012.12.021,isobaric,0.9523809523809523,,1.255107128068019,1.0007225239032542,,258,False,,369.15393968409444,1.1368683772161603e-13,129.41815043607556,88.86391481717045,,unverified,0.5,state_384a9aa2d213bc37ce1760a6,D:\VLE\paper_structure_worktree\dataset\binary_vle_english.xlsx,2c_f4a55bc5fa0e7d69faf8,,369.21999999999997,0.06899999999999995,0.931,,0.11923320340428452,0.8807667965957156,,0.10499999999999998,0.895,
nrtl,2,mol_626f3d1f5bbb6f55,mol_06affb0d2c6c8ff2,,C1CCOCC1,CCC(C)O,,True,isobaric,10.1016/j.fluid.2012.12.021,isobaric,0.9523809523809523,,1.160089035461264,1.0218980056345817,,258,False,,364.5695676181249,-9.947598300641403e-14,112.88777832978955,74.171674460139,,unverified,0.5,state_440ab4d03919bd74b3afe670,D:\VLE\paper_structure_worktree\dataset\binary_vle_english.xlsx,2c_f4a55bc5fa0e7d69faf8,,364.74,0.32999999999999996,0.67,,0.4597527382668145,0.5402472617331856,,0.44299999999999995,0.557,
nrtl,2,mol_626f3d1f5bbb6f55,mol_06affb0d2c6c8ff2,,C1CCOCC1,CCC(C)O,,True,isobaric,10.1016/j.fluid.2012.12.021,isobaric,0.9523809523809523,,1.010376922386593,1.2956341184254854,,258,False,,359.1752243333621,-2.2737367544323206e-13,95.69137765496725,59.60980225295881,,unverified,0.5,state_53f35abeb9bde53561564b30,D:\VLE\paper_structure_worktree\dataset\binary_vle_english.xlsx,2c_f4a55bc5fa0e7d69faf8,,359.55999999999995,0.862,0.138,,0.8866161290075446,0.11338387099245534,,0.895,0.105,
nrtl,2,mol_626f3d1f5bbb6f55,mol_06affb0d2c6c8ff2,,C1CCOCC1,CCC(C)O,,True,isobaric,10.1016/j.fluid.2012.12.021,isobaric,0.9523809523809523,,1.2153618294187531,1.0053948217744801,,258,False,,367.0675626284069,0.0,121.66599821710571,81.89331055833719,,unverified,0.5,state_5a71dd2774e9ba9911778b20,D:\VLE\paper_structure_worktree\dataset\binary_vle_english.xlsx,2c_f4a55bc5fa0e7d69faf8,,367.09999999999997,0.17800000000000005,0.822,,0.2800057533192027,0.7199942466807974,,0.258,0.742,
nrtl,2,mol_626f3d1f5bbb6f55,mol_06affb0d2c6c8ff2,,C1CCOCC1,CCC(C)O,,True,isobaric,10.1016/j.fluid.2012.12.021,isobaric,0.9523809523809523,,1.0186184367010227,1.2425263828037707,,258,False,,359.4872677320553,-1.1368683772161603e-13,96.62363684266676,60.379027358440474,,unverified,0.5,state_66d69dc2e0b16b7ac9cefc0b,D:\VLE\paper_structure_worktree\dataset\binary_vle_english.xlsx,2c_f4a55bc5fa0e7d69faf8,,359.89,0.8109999999999999,0.189,,0.8491568224393083,0.15084317756069174,,0.857,0.143,
nrtl,2,mol_626f3d1f5bbb6f55,mol_06affb0d2c6c8ff2,,C1CCOCC1,CCC(C)O,,True,isobaric,10.1016/j.fluid.2012.12.021,isobaric,0.9523809523809523,,1.0278935254315296,1.2012018558376352,,258,False,,359.8140629186817,-3.859668140648864e-11,97.60794686147665,61.19380198216088,,unverified,0.5,state_76cb443e0cfbf8b614bc2651,D:\VLE\paper_structure_worktree\dataset\binary_vle_english.xlsx,2c_f4a55bc5fa0e7d69faf8,,360.21999999999997,0.764,0.236,,0.8154527530515423,0.18454724694845767,,0.8220000000000001,0.178,
nrtl,2,mol_626f3d1f5bbb6f55,mol_06affb0d2c6c8ff2,,C1CCOCC1,CCC(C)O,,True,isobaric,10.1016/j.fluid.2012.12.021,isobaric,0.9523809523809523,,1.0051103690035068,1.348345560519237,,258,False,,358.9498274062008,-1.1368683772161603e-13,95.02258676033368,59.05945544659961,,unverified,0.5,state_840dfadf3fa07c7804fc2629,D:\VLE\paper_structure_worktree\dataset\binary_vle_english.xlsx,2c_f4a55bc5fa0e7d69faf8,,359.30999999999995,0.905,0.095,,0.9195202924360927,0.08047970756390728,,0.927,0.073,
nrtl,2,mol_626f3d1f5bbb6f55,mol_06affb0d2c6c8ff2,,C1CCOCC1,CCC(C)O,,True,isobaric,10.1016/j.fluid.2012.12.021,isobaric,0.9523809523809523,,1.0628731550820631,1.111713157852684,,258,False,,360.98831531176893,4.263256414560601e-14,101.2129561220809,64.20041762962049,,unverified,0.5,state_963f9c944a8693fcf22c5abc,D:\VLE\paper_structure_worktree\dataset\binary_vle_english.xlsx,2c_f4a55bc5fa0e7d69faf8,,361.37,0.625,0.375,,0.7152694917727085,0.2847305082272914,,0.7130000000000001,0.287,
nrtl,2,mol_626f3d1f5bbb6f55,mol_06affb0d2c6c8ff2,,C1CCOCC1,CCC(C)O,,True,isobaric,10.1016/j.fluid.2012.12.021,isobaric,0.9523809523809523,,1.0779371978657712,1.0883335959421976,,258,False,,361.49751969522987,7.105427357601002e-14,102.80981007484941,65.54336245932275,,unverified,0.5,state_9edbb91d22e487013a5571d5,D:\VLE\paper_structure_worktree\dataset\binary_vle_english.xlsx,2c_f4a55bc5fa0e7d69faf8,,361.76,0.5740000000000001,0.426,,0.6767247257607291,0.323275274239271,,0.6719999999999999,0.328,
nrtl,2,mol_626f3d1f5bbb6f55,mol_06affb0d2c6c8ff2,,C1CCOCC1,CCC(C)O,,True,isobaric,10.1016/j.fluid.2012.12.021,isobaric,0.9523809523809523,,1.1963420948669774,1.0095265486117442,,258,False,,366.1596635301337,-1.8745538454822963e-10,118.41324672824075,79.01038072492904,,unverified,0.5,state_a5cce83c88b77fbbf62b85cc,D:\VLE\paper_structure_worktree\dataset\binary_vle_english.xlsx,2c_f4a55bc5fa0e7d69faf8,,365.92999999999995,0.22999999999999998,0.77,,0.34662161849908524,0.6533783815009147,,0.32299999999999995,0.677,
nrtl,2,mol_626f3d1f5bbb6f55,mol_06affb0d2c6c8ff2,,C1CCOCC1,CCC(C)O,,True,isobaric,10.1016/j.fluid.2012.12.021,isobaric,0.9523809523809523,,1.0,1.4976539651838758,,258,False,,358.6026629301424,4.263256414560601e-14,94.00000213734404,58.22038688058225,,unverified,0.5,state_b190e41067d2454e478f37ef,D:\VLE\paper_structure_worktree\dataset\binary_vle_english.xlsx,2c_f4a55bc5fa0e7d69faf8,,358.84999999999997,1.0,0.0,,1.0,0.0,,1.0,0.0,
nrtl,2,mol_626f3d1f5bbb6f55,mol_06affb0d2c6c8ff2,,C1CCOCC1,CCC(C)O,,True,isobaric,10.1016/j.fluid.2012.12.021,isobaric,0.9523809523809523,,1.1777691833117114,1.0150358674301763,,258,False,,365.32338847262275,-1.1368683772161603e-13,115.48033845623029,76.4327169768813,,unverified,0.5,state_ccaec6dde97738ed6184f4ad,D:\VLE\paper_structure_worktree\dataset\binary_vle_english.xlsx,2c_f4a55bc5fa0e7d69faf8,,365.46999999999997,0.281,0.719,,0.4065806362799228,0.5934193637200772,,0.385,0.615,
nrtl,2,mol_626f3d1f5bbb6f55,mol_06affb0d2c6c8ff2,,C1CCOCC1,CCC(C)O,,True,isobaric,10.1016/j.fluid.2012.12.021,isobaric,0.9523809523809523,,1.1423108475402195,1.0307262842693397,,258,False,,363.84940653256433,-7.105427357601002e-14,110.45565632751192,72.06571773406966,,unverified,0.5,state_d113e69ed8ba350c721b8347,D:\VLE\paper_structure_worktree\dataset\binary_vle_english.xlsx,2c_f4a55bc5fa0e7d69faf8,,364.07,0.38,0.62,,0.5100679019142997,0.4899320980857003,,0.491,0.509,
nrtl,2,mol_626f3d1f5bbb6f55,mol_06affb0d2c6c8ff2,,C1CCOCC1,CCC(C)O,,True,isobaric,10.1016/j.fluid.2012.12.021,isobaric,0.9523809523809523,,1.0014182068459239,1.4143198347611423,,258,False,,358.75256184224463,4.263256414560601e-14,94.44042008116541,58.58140712671429,,unverified,0.5,state_ef3ec4ad094b9dd813319ff3,D:\VLE\paper_structure_worktree\dataset\binary_vle_english.xlsx,2c_f4a55bc5fa0e7d69faf8,,359.08,0.951,0.049,,0.9568107514466099,0.04318924855339016,,0.962,0.038,
nrtl,3,mol_bdf6ddfdabc4e204,mol_3cb1d9728851c877,mol_8d11fd6c0d4e62a7,CC1CCCCC1,NC1CCCCC1,Nc1ccccc1,True,isothermal,10.1016/j.fluid.2014.02.023,isothermal,0.9166666666666666,,1.199234551291291,1.0284913124693997,2.199299317814168,1,False,61.96398701107797,,0.0,73.97871872988138,25.590028636287993,3.7617559728163257,unverified,0.5,state_250e26f6c2dee1fdeef06ca9,D:\VLE\paper_structure_worktree\dataset\ternary_vle_english.xlsx,3c_26480c03c31f56c69ee8,61.540005200384,,0.615,0.23370000000000002,0.1513,0.8805351544009398,0.09926376820479572,0.020201077394264483,0.8951,0.09009999999999996,0.0148
nrtl,3,mol_bdf6ddfdabc4e204,mol_3cb1d9728851c877,mol_8d11fd6c0d4e62a7,CC1CCCCC1,NC1CCCCC1,Nc1ccccc1,True,isothermal,10.1016/j.fluid.2014.02.023,isothermal,0.9166666666666666,,1.0831287056965477,1.1253529194543592,3.280036710024699,1,False,66.50854731767558,,0.0,73.97871872988138,25.590028636287993,3.7617559728163257,unverified,0.5,state_ad5da7c5c738c9a5a8abd5d1,D:\VLE\paper_structure_worktree\dataset\ternary_vle_english.xlsx,3c_26480c03c31f56c69ee8,66.659984098688,,0.7767,0.09220000000000006,0.1311,0.9357562022099302,0.03992206273884298,0.024321735051226707,0.9509,0.03270000000000006,0.0164
nrtl,3,mol_bdf6ddfdabc4e204,mol_3cb1d9728851c877,mol_8d11fd6c0d4e62a7,CC1CCCCC1,NC1CCCCC1,Nc1ccccc1,True,isothermal,10.1016/j.fluid.2014.02.023,isothermal,0.9166666666666666,,1.6453794096615422,0.7385876889182844,1.5379957663200954,1,False,58.25596048003131,,0.0,73.97871872988138,25.590028636287993,3.7617559728163257,unverified,0.5,state_cebed3d56ef56ce3ba3e3780,D:\VLE\paper_structure_worktree\dataset\ternary_vle_english.xlsx,3c_26480c03c31f56c69ee8,57.930035442048,,0.4346,0.15890000000000004,0.4065,0.9080760437161361,0.05155328767570878,0.04037066860815505,0.9138,0.054400000000000004,0.0318
nrtl,3,mol_0a895444a9f0f36b,mol_57615b5c3546c298,mol_015d21fca05fcd26,CC(=O)CC(C)C,CC(C)CC(C)(C)C,CC(C)CO,True,isothermal,10.1016/j.fluid.2011.05.011,isothermal,0.967741935483871,,1.2511095046933154,2.2919162517316582,1.123694581873836,1,False,93.54095718039841,,0.0,46.34343268344517,80.26695807158544,52.200600504762356,unverified,0.5,state_418a5a4f448049609184fe1b,D:\VLE\paper_structure_worktree\dataset\ternary_vle_english.xlsx,3c_485aadc678c8a7fb274c,90.640011819008,,0.0403,0.2786,0.6811,0.024979673584499915,0.5479170956950467,0.4271032307204535,0.02510000000000001,0.5213,0.4536
nrtl,3,mol_0a895444a9f0f36b,mol_57615b5c3546c298,mol_015d21fca05fcd26,CC(=O)CC(C)C,CC(C)CC(C)(C)C,CC(C)CO,True,isothermal,10.1016/j.fluid.2011.05.011,isothermal,0.967741935483871,,1.5860003664194435,1.0604049896431054,3.5037107659823414,1,False,92.59694800337776,,0.0,46.34343268344517,80.26695807158544,52.200600504762356,unverified,0.5,state_56cf3fbd2abc30bfe34735ca,D:\VLE\paper_structure_worktree\dataset\ternary_vle_english.xlsx,3c_485aadc678c8a7fb274c,91.419947671808,,0.11270000000000002,0.7974,0.0899,0.08945790553337267,0.7329732510859859,0.1775688433806415,0.08830000000000005,0.7462,0.1655
nrtl,3,mol_0a895444a9f0f36b,mol_57615b5c3546c298,mol_015d21fca05fcd26,CC(=O)CC(C)C,CC(C)CC(C)(C)C,CC(C)CO,True,isothermal,10.1016/j.fluid.2011.05.011,isothermal,0.967741935483871,,1.0540473274052584,1.5679638459251655,1.63925378047153,1,False,78.21940640036415,,0.0,46.34343268344517,80.26695807158544,52.200600504762356,unverified,0.5,state_659ca161a591ce28f3122d92,D:\VLE\paper_structure_worktree\dataset\ternary_vle_english.xlsx,3c_485aadc678c8a7fb274c,76.82994765209601,,0.5385,0.3084,0.1531,0.3362942968936882,0.49621821554696666,0.167487487559345,0.34919999999999995,0.4882,0.1626
nrtl,3,mol_0a895444a9f0f36b,mol_57615b5c3546c298,mol_015d21fca05fcd26,CC(=O)CC(C)C,CC(C)CC(C)(C)C,CC(C)CO,True,isothermal,10.1016/j.fluid.2011.05.011,isothermal,0.967741935483871,,1.096435831024589,1.4453699947598917,1.741884581088578,1,False,84.07281749552007,,0.0,46.34343268344517,80.26695807158544,52.200600504762356,unverified,0.5,state_6e555e7c55922ddf69a52724,D:\VLE\paper_structure_worktree\dataset\ternary_vle_english.xlsx,3c_485aadc678c8a7fb274c,82.60000641676801,,0.42210000000000003,0.4017,0.1762,0.2551121652925145,0.5543219409664214,0.19056589374106409,0.2653000000000001,0.5486,0.1861
nrtl,3,mol_0a895444a9f0f36b,mol_57615b5c3546c298,mol_015d21fca05fcd26,CC(=O)CC(C)C,CC(C)CC(C)(C)C,CC(C)CO,True,isothermal,10.1016/j.fluid.2011.05.011,isothermal,0.967741935483871,,1.7607929414143149,1.0323000612069906,4.115644873730672,1,False,94.8754523983545,,0.0,46.34343268344517,80.26695807158544,52.200600504762356,unverified,0.5,state_75f4cac850b2c777ade81b28,D:\VLE\paper_structure_worktree\dataset\ternary_vle_english.xlsx,3c_485aadc678c8a7fb274c,93.57003750054399,,0.03739999999999999,0.8712,0.0914,0.032167271902883994,0.760863524371445,0.206969203725671,0.031300000000000106,0.7757,0.193
nrtl,3,mol_0a895444a9f0f36b,mol_57615b5c3546c298,mol_015d21fca05fcd26,CC(=O)CC(C)C,CC(C)CC(C)(C)C,CC(C)CO,True,isothermal,10.1016/j.fluid.2011.05.011,isothermal,0.967741935483871,,1.2839823909195907,1.2300751248453192,2.12644528890032,1,False,97.43071777237827,,0.0,46.34343268344517,80.26695807158544,52.200600504762356,unverified,0.5,state_80dc44d9484b0ae1bb77e300,D:\VLE\paper_structure_worktree\dataset\ternary_vle_english.xlsx,3c_485aadc678c8a7fb274c,95.620002230912,,0.11099999999999999,0.6403,0.2487,0.06779135951728603,0.6488675274422966,0.28334111304041737,0.0697000000000001,0.6564,0.2739
nrtl,3,mol_0a895444a9f0f36b,mol_57615b5c3546c298,mol_015d21fca05fcd26,CC(=O)CC(C)C,CC(C)CC(C)(C)C,CC(C)CO,True,isothermal,10.1016/j.fluid.2011.05.011,isothermal,0.967741935483871,,1.3556316366788665,1.1918593491774085,2.274138506748055,1,False,100.70932872564929,,0.0,46.34343268344517,80.26695807158544,52.200600504762356,unverified,0.5,state_8e200610e8d7b6a7ddfba191,D:\VLE\paper_structure_worktree\dataset\ternary_vle_english.xlsx,3c_485aadc678c8a7fb274c,98.680017221248,,0.03289999999999993,0.7014,0.2657,0.020523720485855802,0.6662816804421433,0.3131945990720008,0.021100000000000008,0.6796,0.2993
nrtl,3,mol_0a895444a9f0f36b,mol_57615b5c3546c298,mol_015d21fca05fcd26,CC(=O)CC(C)C,CC(C)CC(C)(C)C,CC(C)CO,True,isothermal,10.1016/j.fluid.2011.05.011,isothermal,0.967741935483871,,1.2003370582817414,2.2265049306382014,1.1427613591864825,1,False,90.269942613871,,0.0,46.34343268344517,80.26695807158544,52.200600504762356,unverified,0.5,state_a11fc167a06f883d05d1d2ac,D:\VLE\paper_structure_worktree\dataset\ternary_vle_english.xlsx,3c_485aadc678c8a7fb274c,84.559978548736,,0.11380000000000001,0.261,0.6252,0.07012784754001898,0.516723016375465,0.41314913608451603,0.07109999999999994,0.4944,0.4345
nrtl,3,mol_0a895444a9f0f36b,mol_57615b5c3546c298,mol_015d21fca05fcd26,CC(=O)CC(C)C,CC(C)CC(C)(C)C,CC(C)CO,True,isothermal,10.1016/j.fluid.2011.05.011,isothermal,0.967741935483871,,1.4522469966215785,1.0960867005465513,3.0574808135340836,1,False,90.34102089379863,,0.0,46.34343268344517,80.26695807158544,52.200600504762356,unverified,0.5,state_dc624871dd0dde5b53884f61,D:\VLE\paper_structure_worktree\dataset\ternary_vle_english.xlsx,3c_485aadc678c8a7fb274c,89.38998129664,,0.18680000000000008,0.7263,0.0869,0.1391619686926883,0.7073148285509038,0.15352320275640793,0.13980000000000004,0.7162,0.144
nrtl,3,mol_0a895444a9f0f36b,mol_57615b5c3546c298,mol_015d21fca05fcd26,CC(=O)CC(C)C,CC(C)CC(C)(C)C,CC(C)CO,True,isothermal,10.1016/j.fluid.2011.05.011,isothermal,0.967741935483871,,1.4496184863688852,3.5644018852085577,1.0101212243235231,1,False,69.28261364456792,,0.0,46.34343268344517,80.26695807158544,52.200600504762356,unverified,0.5,state_e6dcd8040101d9e4ae50373c,D:\VLE\paper_structure_worktree\dataset\ternary_vle_english.xlsx,3c_485aadc678c8a7fb274c,68.75994471705599,,0.04249999999999998,0.0683,0.8892,0.04121037676328637,0.2820459774053954,0.6767436458313183,0.038000000000000034,0.2717,0.6903
nrtl,3,mol_0a895444a9f0f36b,mol_57615b5c3546c298,mol_015d21fca05fcd26,CC(=O)CC(C)C,CC(C)CC(C)(C)C,CC(C)CO,True,isothermal,10.1016/j.fluid.2011.05.011,isothermal,0.967741935483871,,1.2281037918375626,1.218057018998233,2.352808637213932,1,False,84.23906556513971,,0.0,46.34343268344517,80.26695807158544,52.200600504762356,unverified,0.5,state_eb4ead580b2018f6d27b023a,D:\VLE\paper_structure_worktree\dataset\ternary_vle_english.xlsx,3c_485aadc678c8a7fb274c,83.099965296768,,0.3749,0.5538,0.0713,0.25329415668731986,0.6427525879722632,0.10395325534041684,0.26060000000000005,0.6415,0.0979
nrtl,3,mol_0a895444a9f0f36b,mol_57615b5c3546c298,mol_015d21fca05fcd26,CC(=O)CC(C)C,CC(C)CC(C)(C)C,CC(C)CO,True,isothermal,10.1016/j.fluid.2011.05.011,isothermal,0.967741935483871,,1.3351567084257303,1.1452531212893586,2.6848816045319097,1,False,87.63154321936128,,0.0,46.34343268344517,80.26695807158544,52.200600504762356,unverified,0.5,state_ecad7ddd448e0ed7082835b1,D:\VLE\paper_structure_worktree\dataset\ternary_vle_english.xlsx,3c_485aadc678c8a7fb274c,86.599944101504,,0.2721,0.6474,0.0805,0.1921270538726709,0.6791262601190868,0.12874668600824235,0.1955,0.6834,0.1211
nrtl,3,mol_0a895444a9f0f36b,mol_57615b5c3546c298,mol_015d21fca05fcd26,CC(=O)CC(C)C,CC(C)CC(C)(C)C,CC(C)CO,True,isothermal,10.1016/j.fluid.2011.05.011,isothermal,0.967741935483871,,1.4827728881577724,3.62184593313395,1.0081358465366157,1,False,70.62297188674961,,0.0,46.34343268344517,80.26695807158544,52.200600504762356,unverified,0.5,state_fe87190584f40adbc12c2ff3,D:\VLE\paper_structure_worktree\dataset\ternary_vle_english.xlsx,3c_485aadc678c8a7fb274c,70.019974417024,,0.01319999999999999,0.0747,0.9121,0.012843718477513179,0.3074973585418154,0.6796589229806713,0.011700000000000044,0.2953,0.693
nrtl,3,mol_c59bfa659357f795,mol_7028b7cbd3d829b4,mol_1c09299644053521,C1CCOC1,CC#N,Cc1ccccc1,True,isothermal,10.1016/j.jct.2012.01.020,isothermal,0.9444444444444444,,1.0026549985544124,1.082068549376571,0.3314896104530161,1,False,56.6326366924245,,0.0,58.88384855975984,39.82756543233386,12.132007571081378,unverified,0.5,state_41e1ed65ba0c28e6e2073320,D:\VLE\paper_structure_worktree\dataset\ternary_vle_english.xlsx,3c_4e70b80f964e5f3efc39,56.935183932032,,0.849,0.151,0.0,0.8850924143938377,0.11490758560616239,0.0,0.869,0.131,0.0
nrtl,3,mol_c59bfa659357f795,mol_7028b7cbd3d829b4,mol_1c09299644053521,C1CCOC1,CC#N,Cc1ccccc1,True,isothermal,10.1016/j.jct.2012.01.020,isothermal,0.9444444444444444,,1.0002079295633557,1.1071632954705286,0.33934310581015065,1,False,58.27447235904153,,0.0,58.88384855975984,39.82756543233386,12.132007571081378,unverified,0.5,state_5078de5051f821141f54bbc6,D:\VLE\paper_structure_worktree\dataset\ternary_vle_english.xlsx,3c_4e70b80f964e5f3efc39,58.334402184191994,,0.958,0.042,0.0,0.9682190862310373,0.03178091376896265,0.0,0.963,0.037,0.0
nrtl,3,mol_c59bfa659357f795,mol_7028b7cbd3d829b4,mol_1c09299644053521,C1CCOC1,CC#N,Cc1ccccc1,True,isothermal,10.1016/j.jct.2012.01.020,isothermal,0.9444444444444444,,1.0137630497818975,1.0465919169306825,0.3227500318681178,1,False,53.44443143816135,,0.0,58.88384855975984,39.82756543233386,12.132007571081378,unverified,0.5,state_eb1a3ec14a4195242bddc811,D:\VLE\paper_structure_worktree\dataset\ternary_vle_english.xlsx,3c_4e70b80f964e5f3efc39,56.85465722176,,0.653,0.347,0.0,0.72936238996281,0.2706376100371899,0.0,0.76,0.24,0.0
nrtl,3,mol_b650f1cc3cac74aa,mol_7347d05012022dd9,mol_1a0ca8e5eeb68da8,CC(=O)C(C)C,CC(C)C(C)C,CC(C)OC(C)C,True,isothermal,10.1016/j.fluid.2013.01.020,isothermal,0.9642857142857143,,1.3308079452981074,1.2331117178871063,1.0331367811183225,1,False,79.69790351132085,,0.0,31.320650209046406,108.06961903259496,76.65059887576692,unverified,0.5,state_093f979aa31f9eec581f5675,D:\VLE\paper_structure_worktree\dataset\ternary_vle_english.xlsx,3c_65250b1389afa8bc1bcc,79.639983202432,,0.3016,0.2186,0.4798,0.15773591679842613,0.3655184518589762,0.47674563134259756,0.16100000000000003,0.3593,0.4797
nrtl,3,mol_b650f1cc3cac74aa,mol_7347d05012022dd9,mol_1a0ca8e5eeb68da8,CC(=O)C(C)C,CC(C)C(C)C,CC(C)OC(C)C,True,isothermal,10.1016/j.fluid.2013.01.020,isothermal,0.9642857142857143,,1.2008767412609898,1.3495925940637643,1.0809438679804688,1,False,81.64740081118464,,0.0,31.320650209046406,108.06961903259496,76.65059887576692,unverified,0.5,state_120341636246ef307166dbf1,D:\VLE\paper_structure_worktree\dataset\ternary_vle_english.xlsx,3c_65250b1389afa8bc1bcc,80.9400096128,,0.47809999999999997,0.3242,0.1977,0.22024475900182147,0.5791311878684781,0.20062405312970044,0.2279,0.5708,0.2013
nrtl,3,mol_b650f1cc3cac74aa,mol_7347d05012022dd9,mol_1a0ca8e5eeb68da8,CC(=O)C(C)C,CC(C)C(C)C,CC(C)OC(C)C,True,isothermal,10.1016/j.fluid.2013.01.020,isothermal,0.9642857142857143,,1.7395578277749055,1.0738192715296,1.007004283165148,1,False,93.81510603595987,,0.0,31.320650209046406,108.06961903259496,76.65059887576692,unverified,0.5,state_247b0ee60f648f0b6d46ebc2,D:\VLE\paper_structure_worktree\dataset\ternary_vle_english.xlsx,3c_65250b1389afa8bc1bcc,93.840015295744,,0.1604000000000001,0.5216,0.318,0.09315394035040034,0.6452078212632987,0.26163823838630096,0.09230000000000005,0.6456,0.2621
nrtl,3,mol_b650f1cc3cac74aa,mol_7347d05012022dd9,mol_1a0ca8e5eeb68da8,CC(=O)C(C)C,CC(C)C(C)C,CC(C)OC(C)C,True,isothermal,10.1016/j.fluid.2013.01.020,isothermal,0.9642857142857143,,1.1534825570491152,1.4183699191485577,1.1122845593203512,1,False,83.13867254153898,,0.0,31.320650209046406,108.06961903259496,76.65059887576692,unverified,0.5,state_300c4b71a64705b13473d82c,D:\VLE\paper_structure_worktree\dataset\ternary_vle_english.xlsx,3c_65250b1389afa8bc1bcc,82.180040957568,,0.569,0.3798,0.0512,0.24725835825961098,0.7002369230664376,0.052504718673951484,0.25529999999999997,0.6917,0.053
nrtl,3,mol_b650f1cc3cac74aa,mol_7347d05012022dd9,mol_1a0ca8e5eeb68da8,CC(=O)C(C)C,CC(C)C(C)C,CC(C)OC(C)C,True,isothermal,10.1016/j.fluid.2013.01.020,isothermal,0.9642857142857143,,1.7344295939280274,1.0764903481688701,1.0049880284540431,1,False,91.06490895408788,,0.0,31.320650209046406,108.06961903259496,76.65059887576692,unverified,0.5,state_405ac3a65dcea7bcfaab32b6,D:\VLE\paper_structure_worktree\dataset\ternary_vle_english.xlsx,3c_65250b1389afa8bc1bcc,91.20996494220799,,0.13339999999999996,0.4341,0.4325,0.07957785273410765,0.5545650411294545,0.36585710613643796,0.07939999999999992,0.5534,0.3672
nrtl,3,mol_b650f1cc3cac74aa,mol_7347d05012022dd9,mol_1a0ca8e5eeb68da8,CC(=O)C(C)C,CC(C)C(C)C,CC(C)OC(C)C,True,isothermal,10.1016/j.fluid.2013.01.020,isothermal,0.9642857142857143,,1.223690365589558,1.3231719780384368,1.0693372750453354,1,False,81.08013512467633,,0.0,31.320650209046406,108.06961903259496,76.65059887576692,unverified,0.5,state_498e2352c35dc4c99e0e7aa2,D:\VLE\paper_structure_worktree\dataset\ternary_vle_english.xlsx,3c_65250b1389afa8bc1bcc,80.5500416864,,0.4404,0.3004,0.2592,0.208178155639772,0.5297919803037533,0.2620298640564747,0.2136,0.5222,0.2642
nrtl,3,mol_b650f1cc3cac74aa,mol_7347d05012022dd9,mol_1a0ca8e5eeb68da8,CC(=O)C(C)C,CC(C)C(C)C,CC(C)OC(C)C,True,isothermal,10.1016/j.fluid.2013.01.020,isothermal,0.9642857142857143,,1.744645698795146,1.0710572156731377,1.0125498734824465,1,False,99.93384970075813,,0.0,31.320650209046406,108.06961903259496,76.65059887576692,unverified,0.5,state_7dd04c6a0d69191f226228d8,D:\VLE\paper_structure_worktree\dataset\ternary_vle_english.xlsx,3c_65250b1389afa8bc1bcc,99.880051855616,,0.2248,0.7207,0.0545,0.12291975967253964,0.8347533989594995,0.04232684136796083,0.11880000000000002,0.8389,0.0423
nrtl,3,mol_b650f1cc3cac74aa,mol_7347d05012022dd9,mol_1a0ca8e5eeb68da8,CC(=O)C(C)C,CC(C)C(C)C,CC(C)OC(C)C,True,isothermal,10.1016/j.fluid.2013.01.020,isothermal,0.9642857142857143,,1.7412854352202325,1.0724433856933666,1.009086990883445,1,False,96.29735998165091,,0.0,31.320650209046406,108.06961903259496,76.65059887576692,unverified,0.5,state_89ee24a8c37e7e217b903f20,D:\VLE\paper_structure_worktree\dataset\ternary_vle_english.xlsx,3c_65250b1389afa8bc1bcc,96.359941373312,,0.1865,0.6019,0.2116,0.10562462787819399,0.7244158731898428,0.16995949893196324,0.10389999999999999,0.7268,0.1693
nrtl,3,mol_b650f1cc3cac74aa,mol_7347d05012022dd9,mol_1a0ca8e5eeb68da8,CC(=O)C(C)C,CC(C)C(C)C,CC(C)OC(C)C,True,isothermal,10.1016/j.fluid.2013.01.020,isothermal,0.9642857142857143,,1.1759330492398015,1.3830216857563142,1.0960493736845798,1,False,82.41767733053317,,0.0,31.320650209046406,108.06961903259496,76.65059887576692,unverified,0.5,state_a84caea8b821cff90369766d,D:\VLE\paper_structure_worktree\dataset\ternary_vle_english.xlsx,3c_65250b1389afa8bc1bcc,81.3799734272,,0.5239,0.3533,0.1228,0.2341215511449216,0.6407017004257611,0.1251767484293174,0.2429,0.6312,0.1259
nrtl,3,mol_b650f1cc3cac74aa,mol_7347d05012022dd9,mol_1a0ca8e5eeb68da8,CC(=O)C(C)C,CC(C)C(C)C,CC(C)OC(C)C,True,isothermal,10.1016/j.fluid.2013.01.020,isothermal,0.9642857142857143,,1.7444160467166958,1.0714135617573053,1.0105225099692858,1,False,97.86848962419697,,0.0,31.320650209046406,108.06961903259496,76.65059887576692,unverified,0.5,state_a85593216a9c499a1391f96e,D:\VLE\paper_structure_worktree\dataset\ternary_vle_english.xlsx,3c_65250b1389afa8bc1bcc,97.78995709248,,0.20219999999999994,0.6529,0.1449,0.11288054760703121,0.7724396214821643,0.11467983091080448,0.1119,0.7733,0.1148
nrtl,3,mol_b650f1cc3cac74aa,mol_7347d05012022dd9,mol_1a0ca8e5eeb68da8,CC(=O)C(C)C,CC(C)C(C)C,CC(C)OC(C)C,True,isothermal,10.1016/j.fluid.2013.01.020,isothermal,0.9642857142857143,,1.7385924946492746,1.0777120646964036,1.0034702216758524,1,False,88.62480407851507,,0.0,31.320650209046406,108.06961903259496,76.65059887576692,unverified,0.5,state_aea9545bfd4b93837a3864c4,D:\VLE\paper_structure_worktree\dataset\ternary_vle_english.xlsx,3c_65250b1389afa8bc1bcc,88.81002899584,,0.10560000000000003,0.356,0.5384,0.0648839378909935,0.4678440117883782,0.4672720503206283,0.06489999999999996,0.4648,0.4703
nrtl,3,mol_b650f1cc3cac74aa,mol_7347d05012022dd9,mol_1a0ca8e5eeb68da8,CC(=O)C(C)C,CC(C)C(C)C,CC(C)OC(C)C,True,isothermal,10.1016/j.fluid.2013.01.020,isothermal,0.9642857142857143,,1.246628498345002,1.3000979508949544,1.059146363774722,1,False,80.25411892861568,,0.0,31.320650209046406,108.06961903259496,76.65059887576692,unverified,0.5,state_c8f6098e49ef49488ebe89aa,D:\VLE\paper_structure_worktree\dataset\ternary_vle_english.xlsx,3c_65250b1389afa8bc1bcc,79.999953596032,,0.40270000000000006,0.2704,0.3269,0.19592150964579716,0.4733899681788319,0.330688522175371,0.20189999999999997,0.4645,0.3336
nrtl,3,mol_b650f1cc3cac74aa,mol_7347d05012022dd9,mol_1a0ca8e5eeb68da8,CC(=O)C(C)C,CC(C)C(C)C,CC(C)OC(C)C,True,isothermal,10.1016/j.fluid.2013.01.020,isothermal,0.9642857142857143,,1.27594008971852,1.2744638324358637,1.048189554785218,1,False,79.33230347120005,,0.0,31.320650209046406,108.06961903259496,76.65059887576692,unverified,0.5,state_fd18772c0f9ff362bd3bf256,D:\VLE\paper_structure_worktree\dataset\ternary_vle_english.xlsx,3c_65250b1389afa8bc1bcc,79.819968399232,,0.35860000000000003,0.2347,0.4067,0.18064305656103796,0.40746861287585245,0.4118883305631096,0.18280000000000007,0.4068,0.4104
nrtl,3,mol_0a895444a9f0f36b,mol_db030b5de88f8eaf,mol_1a0ca8e5eeb68da8,CC(=O)CC(C)C,CC(C)O,CC(C)OC(C)C,True,isothermal,10.1016/j.fluid.2005.05.024,isothermal,0.9782608695652174,,1.4333173738541973,1.112767423026791,1.6871309861354684,1,False,87.81990884832432,,0.0,19.205346429327506,52.29532872865634,96.31808784951477,unverified,0.5,state_030028547d5ee67a3649177d,D:\VLE\paper_structure_worktree\dataset\ternary_vle_english.xlsx,3c_93c3339e467773a7c208,86.23997370790399,,0.04580000000000006,0.6567,0.2975,0.014356117579282403,0.4351523513030305,0.5504915311176871,0.015700000000000047,0.4533,0.531
nrtl,3,mol_0a895444a9f0f36b,mol_db030b5de88f8eaf,mol_1a0ca8e5eeb68da8,CC(=O)CC(C)C,CC(C)O,CC(C)OC(C)C,True,isothermal,10.1016/j.fluid.2005.05.024,isothermal,0.9782608695652174,,1.1558740401587473,1.7994695306465511,1.139633080724795,1,False,84.60889040890751,,0.0,19.205346429327506,52.29532872865634,96.31808784951477,unverified,0.5,state_2960ab83a9d791a0aac2bdaf,D:\VLE\paper_structure_worktree\dataset\ternary_vle_english.xlsx,3c_93c3339e467773a7c208,83.64005420953599,,0.2531,0.1912,0.5557,0.0664062262910141,0.21265680421835947,0.7209369694906265,0.07340000000000002,0.2105,0.7161
nrtl,3,mol_0a895444a9f0f36b,mol_db030b5de88f8eaf,mol_1a0ca8e5eeb68da8,CC(=O)CC(C)C,CC(C)O,CC(C)OC(C)C,True,isothermal,10.1016/j.fluid.2005.05.024,isothermal,0.9574468085106383,,1.2966821715725885,1.258625709279314,1.4083099322737618,1,False,91.30808492074777,,0.0,19.205346429327506,52.29532872865634,96.31808784951477,unverified,0.5,state_2d26d02a9463a6530d816562,D:\VLE\paper_structure_worktree\dataset\ternary_vle_english.xlsx,3c_93c3339e467773a7c208,90.200048004608,,0.08579999999999999,0.4989,0.4153,0.023400963482886172,0.3596365027841464,0.6169625337329674,0.02629999999999999,0.3706,0.6031
nrtl,3,mol_0a895444a9f0f36b,mol_db030b5de88f8eaf,mol_1a0ca8e5eeb68da8,CC(=O)CC(C)C,CC(C)O,CC(C)OC(C)C,True,isothermal,10.1016/j.fluid.2005.05.024,isothermal,0.9782608695652174,,1.262243764825418,1.8426925888310368,1.102188046928382,1,False,95.33885896762658,,0.0,19.205346429327506,52.29532872865634,96.31808784951477,unverified,0.5,state_33493a90023ab98a85318428,D:\VLE\paper_structure_worktree\dataset\ternary_vle_english.xlsx,3c_93c3339e467773a7c208,94.97005568691199,,0.10539999999999994,0.2233,0.6713,0.026800076917870702,0.2257015593723208,0.7474983637098084,0.02950000000000008,0.2234,0.7471
nrtl,3,mol_0a895444a9f0f36b,mol_db030b5de88f8eaf,mol_1a0ca8e5eeb68da8,CC(=O)CC(C)C,CC(C)O,CC(C)OC(C)C,True,isothermal,10.1016/j.fluid.2005.05.024,isothermal,0.9782608695652174,,1.2076741637621906,1.8186145930441444,1.117647462352697,1,False,90.38946638320905,,0.0,19.205346429327506,52.29532872865634,96.31808784951477,unverified,0.5,state_50c4b91d901bfa3124c80bec,D:\VLE\paper_structure_worktree\dataset\ternary_vle_english.xlsx,3c_93c3339e467773a7c208,89.84994346623999,,0.1734,0.2085,0.6181,0.04449417836352267,0.21937735995150603,0.7361284616849713,0.04870000000000008,0.2161,0.7352
nrtl,3,mol_0a895444a9f0f36b,mol_db030b5de88f8eaf,mol_1a0ca8e5eeb68da8,CC(=O)CC(C)C,CC(C)O,CC(C)OC(C)C,True,isothermal,10.1016/j.fluid.2005.05.024,isothermal,0.9782608695652174,,1.4060656861202225,2.26603631855826,1.037220997693983,1,False,101.18703662159989,,0.0,19.205346429327506,52.29532872865634,96.31808784951477,unverified,0.5,state_5bdcd59437a7299df5d3e7df,D:\VLE\paper_structure_worktree\dataset\ternary_vle_english.xlsx,3c_93c3339e467773a7c208,102.38997875558401,,0.021399999999999975,0.1529,0.8257,0.005711059058817031,0.1790656863232537,0.8152232546179293,0.005900000000000016,0.1725,0.8216
nrtl,3,mol_0a895444a9f0f36b,mol_db030b5de88f8eaf,mol_1a0ca8e5eeb68da8,CC(=O)CC(C)C,CC(C)O,CC(C)OC(C)C,True,isothermal,10.1016/j.fluid.2005.05.024,isothermal,0.9782608695652174,,1.358115945299329,2.2227608994650994,1.0427312139264022,1,False,98.34252226952535,,0.0,19.205346429327506,52.29532872865634,96.31808784951477,unverified,0.5,state_5ec3ef9bd67677903b839351,D:\VLE\paper_structure_worktree\dataset\ternary_vle_english.xlsx,3c_93c3339e467773a7c208,99.569944027648,,0.05940000000000001,0.1471,0.7935,0.015754480820223432,0.1738709294741408,0.8103745897056357,0.016900000000000026,0.1691,0.814
nrtl,3,mol_0a895444a9f0f36b,mol_db030b5de88f8eaf,mol_1a0ca8e5eeb68da8,CC(=O)CC(C)C,CC(C)O,CC(C)OC(C)C,True,isothermal,10.1016/j.fluid.2005.05.024,isothermal,0.9782608695652174,,1.2968752526932437,2.1556476176719177,1.0541756077582827,1,False,94.45785763043203,,0.0,19.205346429327506,52.29532872865634,96.31808784951477,unverified,0.5,state_baa4069d21891d3e4fde8193,D:\VLE\paper_structure_worktree\dataset\ternary_vle_english.xlsx,3c_93c3339e467773a7c208,95.210035949312,,0.11309999999999998,0.1419,0.745,0.02982255595694431,0.1693499099311321,0.8008275341119236,0.03259999999999996,0.1639,0.8035
nrtl,3,mol_0a895444a9f0f36b,mol_db030b5de88f8eaf,mol_1a0ca8e5eeb68da8,CC(=O)CC(C)C,CC(C)O,CC(C)OC(C)C,True,isothermal,10.1016/j.fluid.2005.05.024,isothermal,0.9574468085106383,,1.2393454638725665,2.101398678300437,1.068981425565939,1,False,90.05756914935321,,0.0,19.205346429327506,52.29532872865634,96.31808784951477,unverified,0.5,state_c119e60ea001e437fa09e7b1,D:\VLE\paper_structure_worktree\dataset\ternary_vle_english.xlsx,3c_93c3339e467773a7c208,90.200048004608,,0.17470000000000008,0.1334,0.6919,0.046172906319352065,0.16278221790431371,0.7910448757763343,0.05169999999999997,0.1562,0.7921
nrtl,3,mol_0a895444a9f0f36b,mol_db030b5de88f8eaf,mol_1a0ca8e5eeb68da8,CC(=O)CC(C)C,CC(C)O,CC(C)OC(C)C,True,isothermal,10.1016/j.fluid.2005.05.024,isothermal,0.9782608695652174,,1.3903630665029671,1.1190556427016831,1.677755859213519,1,False,84.00152339673312,,0.0,19.205346429327506,52.29532872865634,96.31808784951477,unverified,0.5,state_c5b298d6b79c89d2a14be879,D:\VLE\paper_structure_worktree\dataset\ternary_vle_english.xlsx,3c_93c3339e467773a7c208,82.67999983756799,,0.08909999999999996,0.6362,0.2747,0.028323108103288433,0.4432217675192806,0.528455124377431,0.03069999999999995,0.4585,0.5108
nrtl,3,mol_0a895444a9f0f36b,mol_db030b5de88f8eaf,mol_1a0ca8e5eeb68da8,CC(=O)CC(C)C,CC(C)O,CC(C)OC(C)C,True,isothermal,10.1016/j.fluid.2005.05.024,isothermal,0.9782608695652174,,1.3411857455492067,1.2310152893260382,1.439761066869057,1,False,93.83506888260439,,0.0,19.205346429327506,52.29532872865634,96.31808784951477,unverified,0.5,state_db6ea58a4c2229adf8cce7e5,D:\VLE\paper_structure_worktree\dataset\ternary_vle_english.xlsx,3c_93c3339e467773a7c208,93.69002763174399,,0.04600000000000004,0.5336,0.4204,0.012627103172614434,0.3660808305005901,0.6212920663267956,0.013399999999999967,0.3718,0.6148
nrtl,3,mol_0a895444a9f0f36b,mol_db030b5de88f8eaf,mol_1a0ca8e5eeb68da8,CC(=O)CC(C)C,CC(C)O,CC(C)OC(C)C,True,isothermal,10.1016/j.fluid.2005.05.024,isothermal,0.9782608695652174,,1.3071975893706096,1.8544300287577629,1.0953477779145644,1,False,98.93121995038186,,0.0,19.205346429327506,52.29532872865634,96.31808784951477,unverified,0.5,state_e00adc0a694915145cf38773,D:\VLE\paper_structure_worktree\dataset\ternary_vle_english.xlsx,3c_93c3339e467773a7c208,98.93999583884799,,0.056599999999999984,0.237,0.7064,0.014363042660858907,0.23232092596872567,0.7533160313704154,0.015000000000000013,0.2261,0.7589
nrtl,3,mol_0a895444a9f0f36b,mol_db030b5de88f8eaf,mol_1a0ca8e5eeb68da8,CC(=O)CC(C)C,CC(C)O,CC(C)OC(C)C,True,isothermal,10.1016/j.fluid.2005.05.024,isothermal,0.9782608695652174,,1.2509046178107568,1.2677500205240668,1.4105255959346676,1,False,86.56071717648389,,0.0,19.205346429327506,52.29532872865634,96.31808784951477,unverified,0.5,state_f6848651f01628ec5ad64a10,D:\VLE\paper_structure_worktree\dataset\ternary_vle_english.xlsx,3c_93c3339e467773a7c208,85.450038677504,,0.14529999999999998,0.4751,0.3796,0.04032655375801939,0.3638821130489752,0.5957913331930054,0.04499999999999993,0.3734,0.5816
nrtl,3,mol_0a895444a9f0f36b,mol_db030b5de88f8eaf,mol_1a0ca8e5eeb68da8,CC(=O)CC(C)C,CC(C)O,CC(C)OC(C)C,True,isothermal,10.1016/j.fluid.2005.05.024,isothermal,0.9782608695652174,,1.1757222838922718,2.042604478726206,1.0937400292969606,1,False,84.07275679571967,,0.0,19.205346429327506,52.29532872865634,96.31808784951477,unverified,0.5,state_fa168b10f8319fcbc41bf5e1,D:\VLE\paper_structure_worktree\dataset\ternary_vle_english.xlsx,3c_93c3339e467773a7c208,83.900032827136,,0.2592,0.1216,0.6192,0.06961560533317293,0.15449892560510167,0.7758854690617254,0.07630000000000003,0.1486,0.7751
nrtl,3,mol_b650f1cc3cac74aa,mol_57615b5c3546c298,mol_db030b5de88f8eaf,CC(=O)C(C)C,CC(C)CC(C)(C)C,CC(C)O,True,isothermal,10.1016/j.fluid.2007.10.016,isothermal,0.9705882352941176,,1.4574580734791311,1.2580827791786062,2.2557178837682375,1,False,65.88832301845837,,0.0,40.59495380963925,36.45583513480328,52.29532872865634,unverified,0.5,state_1246300628e579dbce22609c,D:\VLE\paper_structure_worktree\dataset\ternary_vle_english.xlsx,3c_9d99da16f52b34af2793,65.870049068288,,0.1194,0.6249,0.2557,0.10721708477543225,0.4349890652995742,0.45779384992499356,0.1057,0.45499999999999996,0.4393
nrtl,3,mol_b650f1cc3cac74aa,mol_57615b5c3546c298,mol_db030b5de88f8eaf,CC(=O)C(C)C,CC(C)CC(C)(C)C,CC(C)O,True,isothermal,10.1016/j.fluid.2007.10.016,isothermal,0.9705882352941176,,1.3672161618287553,2.537949814536202,1.1419413471450113,1,False,67.56804243986664,,0.0,40.59495380963925,36.45583513480328,52.29532872865634,unverified,0.5,state_3bb5eafc5c699ffe8ea1e9be,D:\VLE\paper_structure_worktree\dataset\ternary_vle_english.xlsx,3c_9d99da16f52b34af2793,67.930012976256,,0.0919,0.2511,0.657,0.07548895433918917,0.34383925527339854,0.5806717903874123,0.0766,0.3339,0.5895
nrtl,3,mol_b650f1cc3cac74aa,mol_57615b5c3546c298,mol_db030b5de88f8eaf,CC(=O)C(C)C,CC(C)CC(C)(C)C,CC(C)O,True,isothermal,10.1016/j.fluid.2007.10.016,isothermal,0.9705882352941176,,1.2089872207306258,2.6014720847803607,1.1779019416658139,1,False,63.64632032767703,,0.0,40.59495380963925,36.45583513480328,52.29532872865634,unverified,0.5,state_46f1ae2847e668c061a06080,D:\VLE\paper_structure_worktree\dataset\ternary_vle_english.xlsx,3c_9d99da16f52b34af2793,63.889945258752,,0.2955,0.17290000000000005,0.5316,0.22786517002422083,0.257636810852846,0.5144980191229331,0.2239,0.2579,0.5182
nrtl,3,mol_b650f1cc3cac74aa,mol_57615b5c3546c298,mol_db030b5de88f8eaf,CC(=O)C(C)C,CC(C)CC(C)(C)C,CC(C)O,True,isothermal,10.1016/j.fluid.2007.10.016,isothermal,0.9705882352941176,,1.4107377644899648,2.528331195145688,1.1398929067925558,1,False,68.25439402932702,,0.0,40.59495380963925,36.45583513480328,52.29532872865634,unverified,0.5,state_47f8de2d4d8d92acb21ecf57,D:\VLE\paper_structure_worktree\dataset\ternary_vle_english.xlsx,3c_9d99da16f52b34af2793,68.459969389056,,0.048,0.2688999999999999,0.6831,0.040274389505151824,0.3631292240327195,0.5965963864621286,0.0408,0.35309999999999997,0.6061
nrtl,3,mol_b650f1cc3cac74aa,mol_57615b5c3546c298,mol_db030b5de88f8eaf,CC(=O)C(C)C,CC(C)CC(C)(C)C,CC(C)O,True,isothermal,10.1016/j.fluid.2007.10.016,isothermal,0.9705882352941176,,1.262406558794148,2.567532254827851,1.1598473123721271,1,False,65.3202721010781,,0.0,40.59495380963925,36.45583513480328,52.29532872865634,unverified,0.5,state_48fe0e58b8c84fee72454dd1,D:\VLE\paper_structure_worktree\dataset\ternary_vle_english.xlsx,3c_9d99da16f52b34af2793,65.61993630591999,,0.2164,0.20339999999999991,0.5802,0.16977766842359518,0.29146467268825926,0.5387576588881456,0.1697,0.2851,0.5452
nrtl,3,mol_b650f1cc3cac74aa,mol_57615b5c3546c298,mol_db030b5de88f8eaf,CC(=O)C(C)C,CC(C)CC(C)(C)C,CC(C)O,True,isothermal,10.1016/j.fluid.2007.10.016,isothermal,0.9705882352941176,,1.4387332273627016,2.4598193761920046,1.1516979512369083,1,False,68.81619338019978,,0.0,40.59495380963925,36.45583513480328,52.29532872865634,unverified,0.5,state_4c6fa674e05bb3d82654346a,D:\VLE\paper_structure_worktree\dataset\ternary_vle_english.xlsx,3c_9d99da16f52b34af2793,68.850070637824,,0.0171,0.29269999999999996,0.6902,0.01451301987642889,0.3814190204995614,0.6040679596240097,0.0152,0.376,0.6088
nrtl,3,mol_b650f1cc3cac74aa,mol_57615b5c3546c298,mol_db030b5de88f8eaf,CC(=O)C(C)C,CC(C)CC(C)(C)C,CC(C)O,True,isothermal,10.1016/j.fluid.2007.10.016,isothermal,0.9705882352941176,,1.3760344191997202,1.2929547121012295,2.1871745476360127,1,False,64.37562790561775,,0.0,40.59495380963925,36.45583513480328,52.29532872865634,unverified,0.5,state_50d80cd619bc35099b9fc192,D:\VLE\paper_structure_worktree\dataset\ternary_vle_english.xlsx,3c_9d99da16f52b34af2793,64.69001278911999,,0.191,0.5774,0.2316,0.16573462040678988,0.4227714644154194,0.41149391517779077,0.1646,0.43069999999999997,0.4047
nrtl,3,mol_b650f1cc3cac74aa,mol_57615b5c3546c298,mol_db030b5de88f8eaf,CC(=O)C(C)C,CC(C)CC(C)(C)C,CC(C)O,True,isothermal,10.1016/j.fluid.2007.10.016,isothermal,0.9705882352941176,,1.31653402276781,2.5519376672505514,1.1476953573253397,1,False,66.5970381853495,,0.0,40.59495380963925,36.45583513480328,52.29532872865634,unverified,0.5,state_7140e3644957d4b42eb5bc27,D:\VLE\paper_structure_worktree\dataset\ternary_vle_english.xlsx,3c_9d99da16f52b34af2793,66.939961071488,,0.1484,0.2288,0.6228,0.11909214691859231,0.319623143878796,0.5612847092026119,0.1197,0.3115,0.5688
nrtl,3,mol_b650f1cc3cac74aa,mol_57615b5c3546c298,mol_db030b5de88f8eaf,CC(=O)C(C)C,CC(C)CC(C)(C)C,CC(C)O,True,isothermal,10.1016/j.fluid.2007.10.016,isothermal,0.9705882352941176,,1.6001340726950268,1.2121833609162398,2.4116863003683413,1,False,67.75792952404841,,0.0,40.59495380963925,36.45583513480328,52.29532872865634,unverified,0.5,state_ca19e5ebd9efeced5e9c6fc3,D:\VLE\paper_structure_worktree\dataset\ternary_vle_english.xlsx,3c_9d99da16f52b34af2793,67.28006643225599,,0.0215,0.6962999999999999,0.2822,0.020611365169672834,0.45412105516258133,0.5252675796677458,0.0212,0.48819999999999997,0.4906
nrtl,3,mol_b650f1cc3cac74aa,mol_57615b5c3546c298,mol_db030b5de88f8eaf,CC(=O)C(C)C,CC(C)CC(C)(C)C,CC(C)O,True,isothermal,10.1016/j.fluid.2007.10.016,isothermal,0.9705882352941176,,1.551871053996846,1.2211265702950458,2.378198953800283,1,False,67.04629946503744,,0.0,40.59495380963925,36.45583513480328,52.29532872865634,unverified,0.5,state_e2da63798f572c7a48909790,D:\VLE\paper_structure_worktree\dataset\ternary_vle_english.xlsx,3c_9d99da16f52b34af2793,66.779974229888,,0.0559,0.6749,0.2692,0.0525248329144529,0.44811795797055864,0.49935720911498843,0.0586,0.4657,0.4757
nrtl,3,mol_61a887e37d396488,mol_dfb42f12fdc989ed,mol_b614d6fea320c179,CC(=O)C(C)(C)C,CC(C)(C)CO,COC(C)(C)C,True,isothermal,10.1016/j.fluid.2009.01.016,isothermal,0.95,,1.057111147863759,1.1539851643448322,1.0319635702849235,1,False,60.93426722263472,,0.0,18.595259956825757,8.806310346292006,107.14712869400664,unverified,0.5,state_03b5472ada39e23b2e3db198,D:\VLE\paper_structure_worktree\dataset\ternary_vle_english.xlsx,3c_a6f39dd395c2cfcf800d,62.059962435584,,0.3865,0.14439999999999997,0.4691,0.1246840246274717,0.024082402601437677,0.8512335727710906,0.1258,0.0252,0.849
nrtl,3,mol_61a887e37d396488,mol_dfb42f12fdc989ed,mol_b614d6fea320c179,CC(=O)C(C)(C)C,CC(C)(C)CO,COC(C)(C)C,True,isothermal,10.1016/j.fluid.2009.01.016,isothermal,0.95,,1.039285458778951,1.150970935230037,1.048762846070413,1,False,66.1615908344026,,0.0,27.761942196367986,14.680245794710169,146.41314778995186,unverified,0.5,state_09211f4c985e5a126dfb0442,D:\VLE\paper_structure_worktree\dataset\ternary_vle_english.xlsx,3c_a6f39dd395c2cfcf800d,66.819970940288,,0.4961,0.18680000000000008,0.3171,0.216345558843263,0.047705518085104114,0.7359489230716328,0.2165,0.04899999999999993,0.7345
nrtl,3,mol_61a887e37d396488,mol_dfb42f12fdc989ed,mol_b614d6fea320c179,CC(=O)C(C)(C)C,CC(C)(C)CO,COC(C)(C)C,True,isothermal,10.1016/j.fluid.2009.01.016,isothermal,0.95,,1.1158192074447044,1.0814996210823682,1.0324096903387416,1,False,58.28204299762928,,0.0,18.595259956825757,8.806310346292006,107.14712869400664,unverified,0.5,state_10b63b535bf6042df3f1cb3f,D:\VLE\paper_structure_worktree\dataset\ternary_vle_english.xlsx,3c_a6f39dd395c2cfcf800d,59.340052806016,,0.1972,0.34240000000000004,0.4604,0.0702050302282787,0.05595248083804318,0.8738424889336781,0.0709,0.05720000000000003,0.8719
nrtl,3,mol_61a887e37d396488,mol_dfb42f12fdc989ed,mol_b614d6fea320c179,CC(=O)C(C)(C)C,CC(C)(C)CO,COC(C)(C)C,True,isothermal,10.1016/j.fluid.2009.01.016,isothermal,0.95,,1.112365977793277,1.0801557351731839,1.0312025408615964,1,False,81.48008016981686,,0.0,27.761942196367986,14.680245794710169,146.41314778995186,unverified,0.5,state_21d0f6aeb58f5fbbd4b8dc53,D:\VLE\paper_structure_worktree\dataset\ternary_vle_english.xlsx,3c_a6f39dd395c2cfcf800d,82.050051648768,,0.1965,0.3397,0.4638,0.07447468071674875,0.06610948930702584,0.8594158299762255,0.0744,0.0676,0.858
nrtl,3,mol_61a887e37d396488,mol_dfb42f12fdc989ed,mol_b614d6fea320c179,CC(=O)C(C)(C)C,CC(C)(C)CO,COC(C)(C)C,True,isothermal,10.1016/j.fluid.2009.01.016,isothermal,0.95,,1.0457215136719085,1.1497811896224388,1.0406263424005,1,False,74.31145871109314,,0.0,27.761942196367986,14.680245794710169,146.41314778995186,unverified,0.5,state_4bc0c132b49190d828085c4b,D:\VLE\paper_structure_worktree\dataset\ternary_vle_english.xlsx,3c_a6f39dd395c2cfcf800d,75.269942624128,,0.4483,0.16800000000000004,0.3837,0.1751373769347897,0.03815944255140415,0.7867031805138062,0.1748,0.0391999999999999,0.786
nrtl,3,mol_61a887e37d396488,mol_dfb42f12fdc989ed,mol_b614d6fea320c179,CC(=O)C(C)(C)C,CC(C)(C)CO,COC(C)(C)C,True,isothermal,10.1016/j.fluid.2009.01.016,isothermal,0.95,,1.0578506455462477,1.1489949141099356,1.0295515440765113,1,False,86.00723900041217,,0.0,27.761942196367986,14.680245794710169,146.41314778995186,unverified,0.5,state_99394ce4a9fb6571036ea034,D:\VLE\paper_structure_worktree\dataset\ternary_vle_english.xlsx,3c_a6f39dd395c2cfcf800d,86.58994492390399,,0.3744,0.1441,0.4815,0.1278424352702444,0.028260536879096663,0.843897027850659,0.1329,0.02959999999999996,0.8375
nrtl,3,mol_61a887e37d396488,mol_dfb42f12fdc989ed,mol_b614d6fea320c179,CC(=O)C(C)(C)C,CC(C)(C)CO,COC(C)(C)C,True,isothermal,10.1016/j.fluid.2009.01.016,isothermal,0.95,,1.1160328402282846,1.0578363073526056,1.053199903219383,1,False,55.49470600833756,,0.0,27.761942196367986,14.680245794710169,146.41314778995186,unverified,0.5,state_d307c2669b2c315ba73f53a0,D:\VLE\paper_structure_worktree\dataset\ternary_vle_english.xlsx,3c_a6f39dd395c2cfcf800d,55.959930810112,,0.2656,0.4758,0.2586,0.14828708760426526,0.13314494382007702,0.7185679685756577,0.1447,0.1342000000000001,0.7211
nrtl,3,mol_61a887e37d396488,mol_dfb42f12fdc989ed,mol_b614d6fea320c179,CC(=O)C(C)(C)C,CC(C)(C)CO,COC(C)(C)C,True,isothermal,10.1016/j.fluid.2009.01.016,isothermal,0.95,,1.111948432160707,1.0708524036299876,1.039055258641511,1,False,71.81699237760333,,0.0,27.761942196367986,14.680245794710169,146.41314778995186,unverified,0.5,state_eceb36c60cec8f52dad4cd49,D:\VLE\paper_structure_worktree\dataset\ternary_vle_english.xlsx,3c_a6f39dd395c2cfcf800d,71.81995970739199,,0.2245,0.3892,0.3863,0.0964991803302524,0.0851939120443905,0.818306907625357,0.0975,0.08939999999999992,0.8131
nrtl,3,mol_aad378a01c690c34,mol_57615b5c3546c298,mol_db030b5de88f8eaf,CC(C)C(=O)C(C)C,CC(C)CC(C)(C)C,CC(C)O,True,isothermal,10.1016/j.jct.2011.09.007,isothermal,0.9696969696969697,,1.3236133159108783,2.6178070554450588,1.124817844569724,1,False,64.45329078423117,,0.0,13.549952226944056,36.45583513480328,52.29532872865634,unverified,0.5,state_0f2a4001d090e391e3afbb69,D:\VLE\paper_structure_worktree\dataset\ternary_vle_english.xlsx,3c_c07bedcaeb0f8ef073f8,61.160036451584,,0.07369999999999999,0.2361,0.6902,0.020507904365715337,0.34958724330597624,0.6299048523283085,0.023500000000000076,0.3354,0.6411
nrtl,3,mol_aad378a01c690c34,mol_57615b5c3546c298,mol_db030b5de88f8eaf,CC(C)C(=O)C(C)C,CC(C)CC(C)(C)C,CC(C)O,True,isothermal,10.1016/j.jct.2011.09.007,isothermal,0.9696969696969697,,1.301227947901793,2.9752583150223098,1.094189544127123,1,False,51.82903993144656,,0.0,13.549952226944056,36.45583513480328,52.29532872865634,unverified,0.5,state_131749862d357a816ee9bf2d,D:\VLE\paper_structure_worktree\dataset\ternary_vle_english.xlsx,3c_c07bedcaeb0f8ef073f8,52.429954472576,,0.258,0.0941,0.6479,0.08776830037501612,0.19692832566562804,0.7153033739593558,0.09250000000000003,0.19,0.7175
nrtl,3,mol_aad378a01c690c34,mol_57615b5c3546c298,mol_db030b5de88f8eaf,CC(C)C(=O)C(C)C,CC(C)CC(C)(C)C,CC(C)O,True,isothermal,10.1016/j.jct.2011.09.007,isothermal,0.9696969696969697,,1.2947720315463738,1.1461841699050828,2.8616225911605717,1,False,58.286061284332874,,0.0,13.549952226944056,36.45583513480328,52.29532872865634,unverified,0.5,state_17027d6d3434d825da5b4fb2,D:\VLE\paper_structure_worktree\dataset\ternary_vle_english.xlsx,3c_c07bedcaeb0f8ef073f8,53.949962790144,,0.12780000000000002,0.6905,0.1817,0.03846778843528627,0.49501736257355433,0.46651484899115936,0.042300000000000004,0.5137,0.444
nrtl,3,mol_aad378a01c690c34,mol_57615b5c3546c298,mol_db030b5de88f8eaf,CC(C)C(=O)C(C)C,CC(C)CC(C)(C)C,CC(C)O,True,isothermal,10.1016/j.jct.2011.09.007,isothermal,0.9696969696969697,,1.201368635119102,1.7770515843739003,1.4103093452054474,1,False,64.42731508774237,,0.0,13.549952226944056,36.45583513480328,52.29532872865634,unverified,0.5,state_2cbf0b4fbebba2827c86f606,D:\VLE\paper_structure_worktree\dataset\ternary_vle_english.xlsx,3c_c07bedcaeb0f8ef073f8,60.009997705216,,0.09860000000000002,0.4079,0.4935,0.024912707854385117,0.4101575955032638,0.5649296966423512,0.09120000000000006,0.4013,0.5075
nrtl,3,mol_aad378a01c690c34,mol_57615b5c3546c298,mol_db030b5de88f8eaf,CC(C)C(=O)C(C)C,CC(C)CC(C)(C)C,CC(C)O,True,isothermal,10.1016/j.jct.2011.09.007,isothermal,0.9696969696969697,,1.4962837170572294,3.5950028160199254,1.0335330900748425,1,False,61.687615058901606,,0.0,13.549952226944056,36.45583513480328,52.29532872865634,unverified,0.5,state_432c731890db5328c8ee558e,D:\VLE\paper_structure_worktree\dataset\ternary_vle_english.xlsx,3c_c07bedcaeb0f8ef073f8,58.779965538048,,0.04949999999999999,0.1209,0.8296,0.01626892783589835,0.2568588934462888,0.7268721787178128,0.019000000000000017,0.2491,0.7319
nrtl,3,mol_aad378a01c690c34,mol_57615b5c3546c298,mol_db030b5de88f8eaf,CC(C)C(=O)C(C)C,CC(C)CC(C)(C)C,CC(C)O,True,isothermal,10.1016/j.jct.2011.09.007,isothermal,0.9696969696969697,,1.4116001233218514,3.120112592923123,1.064810741611527,1,False,63.34187889220247,,0.0,13.549952226944056,36.45583513480328,52.29532872865634,unverified,0.5,state_ab303b32cb275ff1719f9329,D:\VLE\paper_structure_worktree\dataset\ternary_vle_english.xlsx,3c_c07bedcaeb0f8ef073f8,60.19998207961599,,0.060699999999999976,0.1701,0.7692,0.01832935578077208,0.30545742751321664,0.6762132167060113,0.021299999999999986,0.2934,0.6853
nrtl,3,mol_aad378a01c690c34,mol_57615b5c3546c298,mol_db030b5de88f8eaf,CC(C)C(=O)C(C)C,CC(C)CC(C)(C)C,CC(C)O,True,isothermal,10.1016/j.jct.2011.09.007,isothermal,0.9696969696969697,,1.2211275549824827,2.5841115391916323,1.156779454887,1,False,51.491474435530705,,0.0,13.549952226944056,36.45583513480328,52.29532872865634,unverified,0.5,state_b94ce99abb5f254788334930,D:\VLE\paper_structure_worktree\dataset\ternary_vle_english.xlsx,3c_c07bedcaeb0f8ef073f8,52.509947893376,,0.30480000000000007,0.1303,0.5649,0.09794413388527391,0.23838964934271403,0.6636662167720121,0.10729999999999995,0.2237,0.669
nrtl,3,mol_aad378a01c690c34,mol_57615b5c3546c298,mol_db030b5de88f8eaf,CC(C)C(=O)C(C)C,CC(C)CC(C)(C)C,CC(C)O,True,isothermal,10.1016/j.jct.2011.09.007,isothermal,0.9696969696969697,,1.1886895549451901,1.4767032136370153,1.7174878929527997,1,False,63.28540374115535,,0.0,13.549952226944056,36.45583513480328,52.29532872865634,unverified,0.5,state_e86b1a39ecf958f2361cef82,D:\VLE\paper_structure_worktree\dataset\ternary_vle_english.xlsx,3c_c07bedcaeb0f8ef073f8,58.809963070848,,0.11220000000000008,0.5075,0.3803,0.028555877641731432,0.43171065050298146,0.5397334718552872,0.031400000000000095,0.4299,0.5387
nrtl,3,mol_aad378a01c690c34,mol_57615b5c3546c298,mol_db030b5de88f8eaf,CC(C)C(=O)C(C)C,CC(C)CC(C)(C)C,CC(C)O,True,isothermal,10.1016/j.jct.2011.09.007,isothermal,0.9696969696969697,,1.2493996317476739,2.1620153947358456,1.2298273045405164,1,False,64.74584639658102,,0.0,13.549952226944056,36.45583513480328,52.29532872865634,unverified,0.5,state_ec75f589d804aea6c5bc6439,D:\VLE\paper_structure_worktree\dataset\ternary_vle_english.xlsx,3c_c07bedcaeb0f8ef073f8,61.999967369984,,0.08739999999999992,0.3153,0.5973,0.02285275994582325,0.38382909475732885,0.5933181452968479,0.025700000000000056,0.3702,0.6041
nrtl,3,mol_aad378a01c690c34,mol_57615b5c3546c298,mol_db030b5de88f8eaf,CC(C)C(=O)C(C)C,CC(C)CC(C)(C)C,CC(C)O,True,isothermal,10.1016/j.jct.2011.09.007,isothermal,0.9696969696969697,,1.2230740800821478,1.2686835575220061,2.2058579746379903,1,False,61.419896550485326,,0.0,13.549952226944056,36.45583513480328,52.29532872865634,unverified,0.5,state_fbe69128f64d458f0eb9c64a,D:\VLE\paper_structure_worktree\dataset\ternary_vle_english.xlsx,3c_c07bedcaeb0f8ef073f8,56.95998189248,,0.12129999999999996,0.6071,0.2716,0.032729716744548595,0.4571634643802219,0.5101068188752296,0.035800000000000054,0.4647,0.4995
