{"evaluated": 1, "total": 43, "run": "validation_epoch_9"}
{"evaluated": 2, "total": 43, "run": "validation_epoch_9"}
{"evaluated": 3, "total": 43, "run": "validation_epoch_9"}
{"evaluated": 4, "total": 43, "run": "validation_epoch_9"}
{"evaluated": 5, "total": 43, "run": "validation_epoch_9"}
{"evaluated": 6, "total": 43, "run": "validation_epoch_9"}
{"evaluated": 7, "total": 43, "run": "validation_epoch_9"}
{"evaluated": 8, "total": 43, "run": "validation_epoch_9"}
{"evaluated": 9, "total": 43, "run": "validation_epoch_9"}
{"evaluated": 10, "total": 43, "run": "validation_epoch_9"}
{"evaluated": 11, "total": 43, "run": "validation_epoch_9"}
{"evaluated": 12, "total": 43, "run": "validation_epoch_9"}
{"evaluated": 13, "total": 43, "run": "validation_epoch_9"}
{"evaluated": 14, "total": 43, "run": "validation_epoch_9"}
{"evaluated": 15, "total": 43, "run": "validation_epoch_9"}
{"evaluated": 16, "total": 43, "run": "validation_epoch_9"}
{"evaluated": 17, "total": 43, "run": "validation_epoch_9"}
{"evaluated": 18, "total": 43, "run": "validation_epoch_9"}
{"evaluated": 19, "total": 43, "run": "validation_epoch_9"}
{"evaluated": 20, "total": 43, "run": "validation_epoch_9"}
{"evaluated": 21, "total": 43, "run": "validation_epoch_9"}
{"evaluated": 22, "total": 43, "run": "validation_epoch_9"}
{"evaluated": 23, "total": 43, "run": "validation_epoch_9"}
{"evaluated": 24, "total": 43, "run": "validation_epoch_9"}
{"evaluated": 25, "total": 43, "run": "validation_epoch_9"}
{"evaluated": 26, "total": 43, "run": "validation_epoch_9"}
{"evaluated": 27, "total": 43, "run": "validation_epoch_9"}
{"evaluated": 28, "total": 43, "run": "validation_epoch_9"}
{"evaluated": 29, "total": 43, "run": "validation_epoch_9"}
{"evaluated": 30, "total": 43, "run": "validation_epoch_9"}
{"evaluated": 31, "total": 43, "run": "validation_epoch_9"}
{"evaluated": 32, "total": 43, "run": "validation_epoch_9"}
{"evaluated": 33, "total": 43, "run": "validation_epoch_9"}
{"evaluated": 34, "total": 43, "run": "validation_epoch_9"}
{"evaluated": 35, "total": 43, "run": "validation_epoch_9"}
{"evaluated": 36, "total": 43, "run": "validation_epoch_9"}
{"evaluated": 37, "total": 43, "run": "validation_epoch_9"}
{"evaluated": 38, "total": 43, "run": "validation_epoch_9"}
{"evaluated": 39, "total": 43, "run": "validation_epoch_9"}
{"evaluated": 40, "total": 43, "run": "validation_epoch_9"}
{"evaluated": 41, "total": 43, "run": "validation_epoch_9"}
{"evaluated": 42, "total": 43, "run": "validation_epoch_9"}
{"evaluated": 43, "total": 43, "run": "validation_epoch_9"}
{"protocol": "binary-pressure-low", "seed": 0, "epoch": 9, "train_loss": 0.003537133258456985, "seconds": 0.5968663692474365, "final_solver_validation_distance": 0.1205440341842244}
{"evaluated": 1, "total": 43, "run": "validation_epoch_19"}
{"evaluated": 2, "total": 43, "run": "validation_epoch_19"}
{"evaluated": 3, "total": 43, "run": "validation_epoch_19"}
{"evaluated": 4, "total": 43, "run": "validation_epoch_19"}
{"evaluated": 5, "total": 43, "run": "validation_epoch_19"}
{"evaluated": 6, "total": 43, "run": "validation_epoch_19"}
{"evaluated": 7, "total": 43, "run": "validation_epoch_19"}
{"evaluated": 8, "total": 43, "run": "validation_epoch_19"}
{"evaluated": 9, "total": 43, "run": "validation_epoch_19"}
{"evaluated": 10, "total": 43, "run": "validation_epoch_19"}
{"evaluated": 11, "total": 43, "run": "validation_epoch_19"}
{"evaluated": 12, "total": 43, "run": "validation_epoch_19"}
{"evaluated": 13, "total": 43, "run": "validation_epoch_19"}
{"evaluated": 14, "total": 43, "run": "validation_epoch_19"}
{"evaluated": 15, "total": 43, "run": "validation_epoch_19"}
{"evaluated": 16, "total": 43, "run": "validation_epoch_19"}
{"evaluated": 17, "total": 43, "run": "validation_epoch_19"}
{"evaluated": 18, "total": 43, "run": "validation_epoch_19"}
{"evaluated": 19, "total": 43, "run": "validation_epoch_19"}
{"evaluated": 20, "total": 43, "run": "validation_epoch_19"}
{"evaluated": 21, "total": 43, "run": "validation_epoch_19"}
{"evaluated": 22, "total": 43, "run": "validation_epoch_19"}
{"evaluated": 23, "total": 43, "run": "validation_epoch_19"}
{"evaluated": 24, "total": 43, "run": "validation_epoch_19"}
{"evaluated": 25, "total": 43, "run": "validation_epoch_19"}
{"evaluated": 26, "total": 43, "run": "validation_epoch_19"}
{"evaluated": 27, "total": 43, "run": "validation_epoch_19"}
{"evaluated": 28, "total": 43, "run": "validation_epoch_19"}
{"evaluated": 29, "total": 43, "run": "validation_epoch_19"}
{"evaluated": 30, "total": 43, "run": "validation_epoch_19"}
{"evaluated": 31, "total": 43, "run": "validation_epoch_19"}
{"evaluated": 32, "total": 43, "run": "validation_epoch_19"}
{"evaluated": 33, "total": 43, "run": "validation_epoch_19"}
{"evaluated": 34, "total": 43, "run": "validation_epoch_19"}
{"evaluated": 35, "total": 43, "run": "validation_epoch_19"}
{"evaluated": 36, "total": 43, "run": "validation_epoch_19"}
{"evaluated": 37, "total": 43, "run": "validation_epoch_19"}
{"evaluated": 38, "total": 43, "run": "validation_epoch_19"}
{"evaluated": 39, "total": 43, "run": "validation_epoch_19"}
{"evaluated": 40, "total": 43, "run": "validation_epoch_19"}
{"evaluated": 41, "total": 43, "run": "validation_epoch_19"}
{"evaluated": 42, "total": 43, "run": "validation_epoch_19"}
{"evaluated": 43, "total": 43, "run": "validation_epoch_19"}
{"protocol": "binary-pressure-low", "seed": 0, "epoch": 19, "train_loss": 0.0016420787433162332, "seconds": 1.5612373352050781, "final_solver_validation_distance": 0.1146704624722314}
{"evaluated": 1, "total": 43, "run": "validation_epoch_29"}
{"evaluated": 2, "total": 43, "run": "validation_epoch_29"}
{"evaluated": 3, "total": 43, "run": "validation_epoch_29"}
{"evaluated": 4, "total": 43, "run": "validation_epoch_29"}
{"evaluated": 5, "total": 43, "run": "validation_epoch_29"}
{"evaluated": 6, "total": 43, "run": "validation_epoch_29"}
{"evaluated": 7, "total": 43, "run": "validation_epoch_29"}
{"evaluated": 8, "total": 43, "run": "validation_epoch_29"}
{"evaluated": 9, "total": 43, "run": "validation_epoch_29"}
{"evaluated": 10, "total": 43, "run": "validation_epoch_29"}
{"evaluated": 11, "total": 43, "run": "validation_epoch_29"}
{"evaluated": 12, "total": 43, "run": "validation_epoch_29"}
{"evaluated": 13, "total": 43, "run": "validation_epoch_29"}
{"evaluated": 14, "total": 43, "run": "validation_epoch_29"}
{"evaluated": 15, "total": 43, "run": "validation_epoch_29"}
{"evaluated": 16, "total": 43, "run": "validation_epoch_29"}
{"evaluated": 17, "total": 43, "run": "validation_epoch_29"}
{"evaluated": 18, "total": 43, "run": "validation_epoch_29"}
{"evaluated": 19, "total": 43, "run": "validation_epoch_29"}
{"evaluated": 20, "total": 43, "run": "validation_epoch_29"}
{"evaluated": 21, "total": 43, "run": "validation_epoch_29"}
{"evaluated": 22, "total": 43, "run": "validation_epoch_29"}
{"evaluated": 23, "total": 43, "run": "validation_epoch_29"}
{"evaluated": 24, "total": 43, "run": "validation_epoch_29"}
{"evaluated": 25, "total": 43, "run": "validation_epoch_29"}
{"evaluated": 26, "total": 43, "run": "validation_epoch_29"}
{"evaluated": 27, "total": 43, "run": "validation_epoch_29"}
{"evaluated": 28, "total": 43, "run": "validation_epoch_29"}
{"evaluated": 29, "total": 43, "run": "validation_epoch_29"}
{"evaluated": 30, "total": 43, "run": "validation_epoch_29"}
{"evaluated": 31, "total": 43, "run": "validation_epoch_29"}
{"evaluated": 32, "total": 43, "run": "validation_epoch_29"}
{"evaluated": 33, "total": 43, "run": "validation_epoch_29"}
{"evaluated": 34, "total": 43, "run": "validation_epoch_29"}
{"evaluated": 35, "total": 43, "run": "validation_epoch_29"}
{"evaluated": 36, "total": 43, "run": "validation_epoch_29"}
{"evaluated": 37, "total": 43, "run": "validation_epoch_29"}
{"evaluated": 38, "total": 43, "run": "validation_epoch_29"}
{"evaluated": 39, "total": 43, "run": "validation_epoch_29"}
{"evaluated": 40, "total": 43, "run": "validation_epoch_29"}
{"evaluated": 41, "total": 43, "run": "validation_epoch_29"}
{"evaluated": 42, "total": 43, "run": "validation_epoch_29"}
{"evaluated": 43, "total": 43, "run": "validation_epoch_29"}
{"protocol": "binary-pressure-low", "seed": 0, "epoch": 29, "train_loss": 0.0015669860877096653, "seconds": 2.46089243888855, "final_solver_validation_distance": 0.11845738070761988}
{"evaluated": 1, "total": 43, "run": "validation_epoch_39"}
{"evaluated": 2, "total": 43, "run": "validation_epoch_39"}
{"evaluated": 3, "total": 43, "run": "validation_epoch_39"}
{"evaluated": 4, "total": 43, "run": "validation_epoch_39"}
{"evaluated": 5, "total": 43, "run": "validation_epoch_39"}
{"evaluated": 6, "total": 43, "run": "validation_epoch_39"}
{"evaluated": 7, "total": 43, "run": "validation_epoch_39"}
{"evaluated": 8, "total": 43, "run": "validation_epoch_39"}
{"evaluated": 9, "total": 43, "run": "validation_epoch_39"}
{"evaluated": 10, "total": 43, "run": "validation_epoch_39"}
{"evaluated": 11, "total": 43, "run": "validation_epoch_39"}
{"evaluated": 12, "total": 43, "run": "validation_epoch_39"}
{"evaluated": 13, "total": 43, "run": "validation_epoch_39"}
{"evaluated": 14, "total": 43, "run": "validation_epoch_39"}
{"evaluated": 15, "total": 43, "run": "validation_epoch_39"}
{"evaluated": 16, "total": 43, "run": "validation_epoch_39"}
{"evaluated": 17, "total": 43, "run": "validation_epoch_39"}
{"evaluated": 18, "total": 43, "run": "validation_epoch_39"}
{"evaluated": 19, "total": 43, "run": "validation_epoch_39"}
{"evaluated": 20, "total": 43, "run": "validation_epoch_39"}
{"evaluated": 21, "total": 43, "run": "validation_epoch_39"}
{"evaluated": 22, "total": 43, "run": "validation_epoch_39"}
{"evaluated": 23, "total": 43, "run": "validation_epoch_39"}
{"evaluated": 24, "total": 43, "run": "validation_epoch_39"}
{"evaluated": 25, "total": 43, "run": "validation_epoch_39"}
{"evaluated": 26, "total": 43, "run": "validation_epoch_39"}
{"evaluated": 27, "total": 43, "run": "validation_epoch_39"}
{"evaluated": 28, "total": 43, "run": "validation_epoch_39"}
{"evaluated": 29, "total": 43, "run": "validation_epoch_39"}
{"evaluated": 30, "total": 43, "run": "validation_epoch_39"}
{"evaluated": 31, "total": 43, "run": "validation_epoch_39"}
{"evaluated": 32, "total": 43, "run": "validation_epoch_39"}
{"evaluated": 33, "total": 43, "run": "validation_epoch_39"}
{"evaluated": 34, "total": 43, "run": "validation_epoch_39"}
{"evaluated": 35, "total": 43, "run": "validation_epoch_39"}
{"evaluated": 36, "total": 43, "run": "validation_epoch_39"}
{"evaluated": 37, "total": 43, "run": "validation_epoch_39"}
{"evaluated": 38, "total": 43, "run": "validation_epoch_39"}
{"evaluated": 39, "total": 43, "run": "validation_epoch_39"}
{"evaluated": 40, "total": 43, "run": "validation_epoch_39"}
{"evaluated": 41, "total": 43, "run": "validation_epoch_39"}
{"evaluated": 42, "total": 43, "run": "validation_epoch_39"}
{"evaluated": 43, "total": 43, "run": "validation_epoch_39"}
{"protocol": "binary-pressure-low", "seed": 0, "epoch": 39, "train_loss": 0.0015134646867712338, "seconds": 3.33381724357605, "final_solver_validation_distance": 0.11175783085888402}
{"evaluated": 1, "total": 43, "run": "validation_epoch_49"}
{"evaluated": 2, "total": 43, "run": "validation_epoch_49"}
{"evaluated": 3, "total": 43, "run": "validation_epoch_49"}
{"evaluated": 4, "total": 43, "run": "validation_epoch_49"}
{"evaluated": 5, "total": 43, "run": "validation_epoch_49"}
{"evaluated": 6, "total": 43, "run": "validation_epoch_49"}
{"evaluated": 7, "total": 43, "run": "validation_epoch_49"}
{"evaluated": 8, "total": 43, "run": "validation_epoch_49"}
{"evaluated": 9, "total": 43, "run": "validation_epoch_49"}
{"evaluated": 10, "total": 43, "run": "validation_epoch_49"}
{"evaluated": 11, "total": 43, "run": "validation_epoch_49"}
{"evaluated": 12, "total": 43, "run": "validation_epoch_49"}
{"evaluated": 13, "total": 43, "run": "validation_epoch_49"}
{"evaluated": 14, "total": 43, "run": "validation_epoch_49"}
{"evaluated": 15, "total": 43, "run": "validation_epoch_49"}
{"evaluated": 16, "total": 43, "run": "validation_epoch_49"}
{"evaluated": 17, "total": 43, "run": "validation_epoch_49"}
{"evaluated": 18, "total": 43, "run": "validation_epoch_49"}
{"evaluated": 19, "total": 43, "run": "validation_epoch_49"}
{"evaluated": 20, "total": 43, "run": "validation_epoch_49"}
{"evaluated": 21, "total": 43, "run": "validation_epoch_49"}
{"evaluated": 22, "total": 43, "run": "validation_epoch_49"}
{"evaluated": 23, "total": 43, "run": "validation_epoch_49"}
{"evaluated": 24, "total": 43, "run": "validation_epoch_49"}
{"evaluated": 25, "total": 43, "run": "validation_epoch_49"}
{"evaluated": 26, "total": 43, "run": "validation_epoch_49"}
{"evaluated": 27, "total": 43, "run": "validation_epoch_49"}
{"evaluated": 28, "total": 43, "run": "validation_epoch_49"}
{"evaluated": 29, "total": 43, "run": "validation_epoch_49"}
{"evaluated": 30, "total": 43, "run": "validation_epoch_49"}
{"evaluated": 31, "total": 43, "run": "validation_epoch_49"}
{"evaluated": 32, "total": 43, "run": "validation_epoch_49"}
{"evaluated": 33, "total": 43, "run": "validation_epoch_49"}
{"evaluated": 34, "total": 43, "run": "validation_epoch_49"}
{"evaluated": 35, "total": 43, "run": "validation_epoch_49"}
{"evaluated": 36, "total": 43, "run": "validation_epoch_49"}
{"evaluated": 37, "total": 43, "run": "validation_epoch_49"}
{"evaluated": 38, "total": 43, "run": "validation_epoch_49"}
{"evaluated": 39, "total": 43, "run": "validation_epoch_49"}
{"evaluated": 40, "total": 43, "run": "validation_epoch_49"}
{"evaluated": 41, "total": 43, "run": "validation_epoch_49"}
{"evaluated": 42, "total": 43, "run": "validation_epoch_49"}
{"evaluated": 43, "total": 43, "run": "validation_epoch_49"}
{"protocol": "binary-pressure-low", "seed": 0, "epoch": 49, "train_loss": 0.0014308842946775258, "seconds": 4.151211977005005, "final_solver_validation_distance": 0.10964761346600951}
{"evaluated": 1, "total": 43, "run": "validation_epoch_59"}
{"evaluated": 2, "total": 43, "run": "validation_epoch_59"}
{"evaluated": 3, "total": 43, "run": "validation_epoch_59"}
{"evaluated": 4, "total": 43, "run": "validation_epoch_59"}
{"evaluated": 5, "total": 43, "run": "validation_epoch_59"}
{"evaluated": 6, "total": 43, "run": "validation_epoch_59"}
{"evaluated": 7, "total": 43, "run": "validation_epoch_59"}
{"evaluated": 8, "total": 43, "run": "validation_epoch_59"}
{"evaluated": 9, "total": 43, "run": "validation_epoch_59"}
{"evaluated": 10, "total": 43, "run": "validation_epoch_59"}
{"evaluated": 11, "total": 43, "run": "validation_epoch_59"}
{"evaluated": 12, "total": 43, "run": "validation_epoch_59"}
{"evaluated": 13, "total": 43, "run": "validation_epoch_59"}
{"evaluated": 14, "total": 43, "run": "validation_epoch_59"}
{"evaluated": 15, "total": 43, "run": "validation_epoch_59"}
{"evaluated": 16, "total": 43, "run": "validation_epoch_59"}
{"evaluated": 17, "total": 43, "run": "validation_epoch_59"}
{"evaluated": 18, "total": 43, "run": "validation_epoch_59"}
{"evaluated": 19, "total": 43, "run": "validation_epoch_59"}
{"evaluated": 20, "total": 43, "run": "validation_epoch_59"}
{"evaluated": 21, "total": 43, "run": "validation_epoch_59"}
{"evaluated": 22, "total": 43, "run": "validation_epoch_59"}
{"evaluated": 23, "total": 43, "run": "validation_epoch_59"}
{"evaluated": 24, "total": 43, "run": "validation_epoch_59"}
{"evaluated": 25, "total": 43, "run": "validation_epoch_59"}
{"evaluated": 26, "total": 43, "run": "validation_epoch_59"}
{"evaluated": 27, "total": 43, "run": "validation_epoch_59"}
{"evaluated": 28, "total": 43, "run": "validation_epoch_59"}
{"evaluated": 29, "total": 43, "run": "validation_epoch_59"}
{"evaluated": 30, "total": 43, "run": "validation_epoch_59"}
{"evaluated": 31, "total": 43, "run": "validation_epoch_59"}
{"evaluated": 32, "total": 43, "run": "validation_epoch_59"}
{"evaluated": 33, "total": 43, "run": "validation_epoch_59"}
{"evaluated": 34, "total": 43, "run": "validation_epoch_59"}
{"evaluated": 35, "total": 43, "run": "validation_epoch_59"}
{"evaluated": 36, "total": 43, "run": "validation_epoch_59"}
{"evaluated": 37, "total": 43, "run": "validation_epoch_59"}
{"evaluated": 38, "total": 43, "run": "validation_epoch_59"}
{"evaluated": 39, "total": 43, "run": "validation_epoch_59"}
{"evaluated": 40, "total": 43, "run": "validation_epoch_59"}
{"evaluated": 41, "total": 43, "run": "validation_epoch_59"}
{"evaluated": 42, "total": 43, "run": "validation_epoch_59"}
{"evaluated": 43, "total": 43, "run": "validation_epoch_59"}
{"protocol": "binary-pressure-low", "seed": 0, "epoch": 59, "train_loss": 0.0014646912459284067, "seconds": 4.9919655323028564, "final_solver_validation_distance": 0.11145038642545081}
{"evaluated": 1, "total": 43, "run": "validation_epoch_69"}
{"evaluated": 2, "total": 43, "run": "validation_epoch_69"}
{"evaluated": 3, "total": 43, "run": "validation_epoch_69"}
{"evaluated": 4, "total": 43, "run": "validation_epoch_69"}
{"evaluated": 5, "total": 43, "run": "validation_epoch_69"}
{"evaluated": 6, "total": 43, "run": "validation_epoch_69"}
{"evaluated": 7, "total": 43, "run": "validation_epoch_69"}
{"evaluated": 8, "total": 43, "run": "validation_epoch_69"}
{"evaluated": 9, "total": 43, "run": "validation_epoch_69"}
{"evaluated": 10, "total": 43, "run": "validation_epoch_69"}
{"evaluated": 11, "total": 43, "run": "validation_epoch_69"}
{"evaluated": 12, "total": 43, "run": "validation_epoch_69"}
{"evaluated": 13, "total": 43, "run": "validation_epoch_69"}
{"evaluated": 14, "total": 43, "run": "validation_epoch_69"}
{"evaluated": 15, "total": 43, "run": "validation_epoch_69"}
{"evaluated": 16, "total": 43, "run": "validation_epoch_69"}
{"evaluated": 17, "total": 43, "run": "validation_epoch_69"}
{"evaluated": 18, "total": 43, "run": "validation_epoch_69"}
{"evaluated": 19, "total": 43, "run": "validation_epoch_69"}
{"evaluated": 20, "total": 43, "run": "validation_epoch_69"}
{"evaluated": 21, "total": 43, "run": "validation_epoch_69"}
{"evaluated": 22, "total": 43, "run": "validation_epoch_69"}
{"evaluated": 23, "total": 43, "run": "validation_epoch_69"}
{"evaluated": 24, "total": 43, "run": "validation_epoch_69"}
{"evaluated": 25, "total": 43, "run": "validation_epoch_69"}
{"evaluated": 26, "total": 43, "run": "validation_epoch_69"}
{"evaluated": 27, "total": 43, "run": "validation_epoch_69"}
{"evaluated": 28, "total": 43, "run": "validation_epoch_69"}
{"evaluated": 29, "total": 43, "run": "validation_epoch_69"}
{"evaluated": 30, "total": 43, "run": "validation_epoch_69"}
{"evaluated": 31, "total": 43, "run": "validation_epoch_69"}
{"evaluated": 32, "total": 43, "run": "validation_epoch_69"}
{"evaluated": 33, "total": 43, "run": "validation_epoch_69"}
{"evaluated": 34, "total": 43, "run": "validation_epoch_69"}
{"evaluated": 35, "total": 43, "run": "validation_epoch_69"}
{"evaluated": 36, "total": 43, "run": "validation_epoch_69"}
{"evaluated": 37, "total": 43, "run": "validation_epoch_69"}
{"evaluated": 38, "total": 43, "run": "validation_epoch_69"}
{"evaluated": 39, "total": 43, "run": "validation_epoch_69"}
{"evaluated": 40, "total": 43, "run": "validation_epoch_69"}
{"evaluated": 41, "total": 43, "run": "validation_epoch_69"}
{"evaluated": 42, "total": 43, "run": "validation_epoch_69"}
{"evaluated": 43, "total": 43, "run": "validation_epoch_69"}
{"protocol": "binary-pressure-low", "seed": 0, "epoch": 69, "train_loss": 0.0014719291357323527, "seconds": 5.771928071975708, "final_solver_validation_distance": 0.10864698881739453}
{"evaluated": 1, "total": 43, "run": "validation_epoch_79"}
{"evaluated": 2, "total": 43, "run": "validation_epoch_79"}
{"evaluated": 3, "total": 43, "run": "validation_epoch_79"}
{"evaluated": 4, "total": 43, "run": "validation_epoch_79"}
{"evaluated": 5, "total": 43, "run": "validation_epoch_79"}
{"evaluated": 6, "total": 43, "run": "validation_epoch_79"}
{"evaluated": 7, "total": 43, "run": "validation_epoch_79"}
{"evaluated": 8, "total": 43, "run": "validation_epoch_79"}
{"evaluated": 9, "total": 43, "run": "validation_epoch_79"}
{"evaluated": 10, "total": 43, "run": "validation_epoch_79"}
{"evaluated": 11, "total": 43, "run": "validation_epoch_79"}
{"evaluated": 12, "total": 43, "run": "validation_epoch_79"}
{"evaluated": 13, "total": 43, "run": "validation_epoch_79"}
{"evaluated": 14, "total": 43, "run": "validation_epoch_79"}
{"evaluated": 15, "total": 43, "run": "validation_epoch_79"}
{"evaluated": 16, "total": 43, "run": "validation_epoch_79"}
{"evaluated": 17, "total": 43, "run": "validation_epoch_79"}
{"evaluated": 18, "total": 43, "run": "validation_epoch_79"}
{"evaluated": 19, "total": 43, "run": "validation_epoch_79"}
{"evaluated": 20, "total": 43, "run": "validation_epoch_79"}
{"evaluated": 21, "total": 43, "run": "validation_epoch_79"}
{"evaluated": 22, "total": 43, "run": "validation_epoch_79"}
{"evaluated": 23, "total": 43, "run": "validation_epoch_79"}
{"evaluated": 24, "total": 43, "run": "validation_epoch_79"}
{"evaluated": 25, "total": 43, "run": "validation_epoch_79"}
{"evaluated": 26, "total": 43, "run": "validation_epoch_79"}
{"evaluated": 27, "total": 43, "run": "validation_epoch_79"}
{"evaluated": 28, "total": 43, "run": "validation_epoch_79"}
{"evaluated": 29, "total": 43, "run": "validation_epoch_79"}
{"evaluated": 30, "total": 43, "run": "validation_epoch_79"}
{"evaluated": 31, "total": 43, "run": "validation_epoch_79"}
{"evaluated": 32, "total": 43, "run": "validation_epoch_79"}
{"evaluated": 33, "total": 43, "run": "validation_epoch_79"}
{"evaluated": 34, "total": 43, "run": "validation_epoch_79"}
{"evaluated": 35, "total": 43, "run": "validation_epoch_79"}
{"evaluated": 36, "total": 43, "run": "validation_epoch_79"}
{"evaluated": 37, "total": 43, "run": "validation_epoch_79"}
{"evaluated": 38, "total": 43, "run": "validation_epoch_79"}
{"evaluated": 39, "total": 43, "run": "validation_epoch_79"}
{"evaluated": 40, "total": 43, "run": "validation_epoch_79"}
{"evaluated": 41, "total": 43, "run": "validation_epoch_79"}
{"evaluated": 42, "total": 43, "run": "validation_epoch_79"}
{"evaluated": 43, "total": 43, "run": "validation_epoch_79"}
{"protocol": "binary-pressure-low", "seed": 0, "epoch": 79, "train_loss": 0.0014701754553243518, "seconds": 6.575124740600586, "final_solver_validation_distance": 0.11036236786203163}
{"evaluated": 1, "total": 43, "run": "validation_epoch_89"}
{"evaluated": 2, "total": 43, "run": "validation_epoch_89"}
{"evaluated": 3, "total": 43, "run": "validation_epoch_89"}
{"evaluated": 4, "total": 43, "run": "validation_epoch_89"}
{"evaluated": 5, "total": 43, "run": "validation_epoch_89"}
{"evaluated": 6, "total": 43, "run": "validation_epoch_89"}
{"evaluated": 7, "total": 43, "run": "validation_epoch_89"}
{"evaluated": 8, "total": 43, "run": "validation_epoch_89"}
{"evaluated": 9, "total": 43, "run": "validation_epoch_89"}
{"evaluated": 10, "total": 43, "run": "validation_epoch_89"}
{"evaluated": 11, "total": 43, "run": "validation_epoch_89"}
{"evaluated": 12, "total": 43, "run": "validation_epoch_89"}
{"evaluated": 13, "total": 43, "run": "validation_epoch_89"}
{"evaluated": 14, "total": 43, "run": "validation_epoch_89"}
{"evaluated": 15, "total": 43, "run": "validation_epoch_89"}
{"evaluated": 16, "total": 43, "run": "validation_epoch_89"}
{"evaluated": 17, "total": 43, "run": "validation_epoch_89"}
{"evaluated": 18, "total": 43, "run": "validation_epoch_89"}
{"evaluated": 19, "total": 43, "run": "validation_epoch_89"}
{"evaluated": 20, "total": 43, "run": "validation_epoch_89"}
{"evaluated": 21, "total": 43, "run": "validation_epoch_89"}
{"evaluated": 22, "total": 43, "run": "validation_epoch_89"}
{"evaluated": 23, "total": 43, "run": "validation_epoch_89"}
{"evaluated": 24, "total": 43, "run": "validation_epoch_89"}
{"evaluated": 25, "total": 43, "run": "validation_epoch_89"}
{"evaluated": 26, "total": 43, "run": "validation_epoch_89"}
{"evaluated": 27, "total": 43, "run": "validation_epoch_89"}
{"evaluated": 28, "total": 43, "run": "validation_epoch_89"}
{"evaluated": 29, "total": 43, "run": "validation_epoch_89"}
{"evaluated": 30, "total": 43, "run": "validation_epoch_89"}
{"evaluated": 31, "total": 43, "run": "validation_epoch_89"}
{"evaluated": 32, "total": 43, "run": "validation_epoch_89"}
{"evaluated": 33, "total": 43, "run": "validation_epoch_89"}
{"evaluated": 34, "total": 43, "run": "validation_epoch_89"}
{"evaluated": 35, "total": 43, "run": "validation_epoch_89"}
{"evaluated": 36, "total": 43, "run": "validation_epoch_89"}
{"evaluated": 37, "total": 43, "run": "validation_epoch_89"}
{"evaluated": 38, "total": 43, "run": "validation_epoch_89"}
{"evaluated": 39, "total": 43, "run": "validation_epoch_89"}
{"evaluated": 40, "total": 43, "run": "validation_epoch_89"}
{"evaluated": 41, "total": 43, "run": "validation_epoch_89"}
{"evaluated": 42, "total": 43, "run": "validation_epoch_89"}
{"evaluated": 43, "total": 43, "run": "validation_epoch_89"}
{"protocol": "binary-pressure-low", "seed": 0, "epoch": 89, "train_loss": 0.0014151850094397862, "seconds": 7.35085129737854, "final_solver_validation_distance": 0.11629878480999582}
{"evaluated": 1, "total": 43, "run": "validation_epoch_99"}
{"evaluated": 2, "total": 43, "run": "validation_epoch_99"}
{"evaluated": 3, "total": 43, "run": "validation_epoch_99"}
{"evaluated": 4, "total": 43, "run": "validation_epoch_99"}
{"evaluated": 5, "total": 43, "run": "validation_epoch_99"}
{"evaluated": 6, "total": 43, "run": "validation_epoch_99"}
{"evaluated": 7, "total": 43, "run": "validation_epoch_99"}
{"evaluated": 8, "total": 43, "run": "validation_epoch_99"}
{"evaluated": 9, "total": 43, "run": "validation_epoch_99"}
{"evaluated": 10, "total": 43, "run": "validation_epoch_99"}
{"evaluated": 11, "total": 43, "run": "validation_epoch_99"}
{"evaluated": 12, "total": 43, "run": "validation_epoch_99"}
{"evaluated": 13, "total": 43, "run": "validation_epoch_99"}
{"evaluated": 14, "total": 43, "run": "validation_epoch_99"}
{"evaluated": 15, "total": 43, "run": "validation_epoch_99"}
{"evaluated": 16, "total": 43, "run": "validation_epoch_99"}
{"evaluated": 17, "total": 43, "run": "validation_epoch_99"}
{"evaluated": 18, "total": 43, "run": "validation_epoch_99"}
{"evaluated": 19, "total": 43, "run": "validation_epoch_99"}
{"evaluated": 20, "total": 43, "run": "validation_epoch_99"}
{"evaluated": 21, "total": 43, "run": "validation_epoch_99"}
{"evaluated": 22, "total": 43, "run": "validation_epoch_99"}
{"evaluated": 23, "total": 43, "run": "validation_epoch_99"}
{"evaluated": 24, "total": 43, "run": "validation_epoch_99"}
{"evaluated": 25, "total": 43, "run": "validation_epoch_99"}
{"evaluated": 26, "total": 43, "run": "validation_epoch_99"}
{"evaluated": 27, "total": 43, "run": "validation_epoch_99"}
{"evaluated": 28, "total": 43, "run": "validation_epoch_99"}
{"evaluated": 29, "total": 43, "run": "validation_epoch_99"}
{"evaluated": 30, "total": 43, "run": "validation_epoch_99"}
{"evaluated": 31, "total": 43, "run": "validation_epoch_99"}
{"evaluated": 32, "total": 43, "run": "validation_epoch_99"}
{"evaluated": 33, "total": 43, "run": "validation_epoch_99"}
{"evaluated": 34, "total": 43, "run": "validation_epoch_99"}
{"evaluated": 35, "total": 43, "run": "validation_epoch_99"}
{"evaluated": 36, "total": 43, "run": "validation_epoch_99"}
{"evaluated": 37, "total": 43, "run": "validation_epoch_99"}
{"evaluated": 38, "total": 43, "run": "validation_epoch_99"}
{"evaluated": 39, "total": 43, "run": "validation_epoch_99"}
{"evaluated": 40, "total": 43, "run": "validation_epoch_99"}
{"evaluated": 41, "total": 43, "run": "validation_epoch_99"}
{"evaluated": 42, "total": 43, "run": "validation_epoch_99"}
{"evaluated": 43, "total": 43, "run": "validation_epoch_99"}
{"protocol": "binary-pressure-low", "seed": 0, "epoch": 99, "train_loss": 0.0015745940424191456, "seconds": 8.09685468673706, "final_solver_validation_distance": 0.1156395133417103}
{"evaluated": 1, "total": 43, "run": "validation_epoch_109"}
{"evaluated": 2, "total": 43, "run": "validation_epoch_109"}
{"evaluated": 3, "total": 43, "run": "validation_epoch_109"}
{"evaluated": 4, "total": 43, "run": "validation_epoch_109"}
{"evaluated": 5, "total": 43, "run": "validation_epoch_109"}
{"evaluated": 6, "total": 43, "run": "validation_epoch_109"}
{"evaluated": 7, "total": 43, "run": "validation_epoch_109"}
{"evaluated": 8, "total": 43, "run": "validation_epoch_109"}
{"evaluated": 9, "total": 43, "run": "validation_epoch_109"}
{"evaluated": 10, "total": 43, "run": "validation_epoch_109"}
{"evaluated": 11, "total": 43, "run": "validation_epoch_109"}
{"evaluated": 12, "total": 43, "run": "validation_epoch_109"}
{"evaluated": 13, "total": 43, "run": "validation_epoch_109"}
{"evaluated": 14, "total": 43, "run": "validation_epoch_109"}
{"evaluated": 15, "total": 43, "run": "validation_epoch_109"}
{"evaluated": 16, "total": 43, "run": "validation_epoch_109"}
{"evaluated": 17, "total": 43, "run": "validation_epoch_109"}
{"evaluated": 18, "total": 43, "run": "validation_epoch_109"}
{"evaluated": 19, "total": 43, "run": "validation_epoch_109"}
{"evaluated": 20, "total": 43, "run": "validation_epoch_109"}
{"evaluated": 21, "total": 43, "run": "validation_epoch_109"}
{"evaluated": 22, "total": 43, "run": "validation_epoch_109"}
{"evaluated": 23, "total": 43, "run": "validation_epoch_109"}
{"evaluated": 24, "total": 43, "run": "validation_epoch_109"}
{"evaluated": 25, "total": 43, "run": "validation_epoch_109"}
{"evaluated": 26, "total": 43, "run": "validation_epoch_109"}
{"evaluated": 27, "total": 43, "run": "validation_epoch_109"}
{"evaluated": 28, "total": 43, "run": "validation_epoch_109"}
{"evaluated": 29, "total": 43, "run": "validation_epoch_109"}
{"evaluated": 30, "total": 43, "run": "validation_epoch_109"}
{"evaluated": 31, "total": 43, "run": "validation_epoch_109"}
{"evaluated": 32, "total": 43, "run": "validation_epoch_109"}
{"evaluated": 33, "total": 43, "run": "validation_epoch_109"}
{"evaluated": 34, "total": 43, "run": "validation_epoch_109"}
{"evaluated": 35, "total": 43, "run": "validation_epoch_109"}
{"evaluated": 36, "total": 43, "run": "validation_epoch_109"}
{"evaluated": 37, "total": 43, "run": "validation_epoch_109"}
{"evaluated": 38, "total": 43, "run": "validation_epoch_109"}
{"evaluated": 39, "total": 43, "run": "validation_epoch_109"}
{"evaluated": 40, "total": 43, "run": "validation_epoch_109"}
{"evaluated": 41, "total": 43, "run": "validation_epoch_109"}
{"evaluated": 42, "total": 43, "run": "validation_epoch_109"}
{"evaluated": 43, "total": 43, "run": "validation_epoch_109"}
{"protocol": "binary-pressure-low", "seed": 0, "epoch": 109, "train_loss": 0.001400948385708034, "seconds": 8.882879495620728, "final_solver_validation_distance": 0.11294682800621447}
{"evaluated": 1, "total": 43, "run": "seed_0"}
{"evaluated": 2, "total": 43, "run": "seed_0"}
{"evaluated": 3, "total": 43, "run": "seed_0"}
{"evaluated": 4, "total": 43, "run": "seed_0"}
{"evaluated": 5, "total": 43, "run": "seed_0"}
{"evaluated": 6, "total": 43, "run": "seed_0"}
{"evaluated": 7, "total": 43, "run": "seed_0"}
{"evaluated": 8, "total": 43, "run": "seed_0"}
{"evaluated": 9, "total": 43, "run": "seed_0"}
{"evaluated": 10, "total": 43, "run": "seed_0"}
{"evaluated": 11, "total": 43, "run": "seed_0"}
{"evaluated": 12, "total": 43, "run": "seed_0"}
{"evaluated": 13, "total": 43, "run": "seed_0"}
{"evaluated": 14, "total": 43, "run": "seed_0"}
{"evaluated": 15, "total": 43, "run": "seed_0"}
{"evaluated": 16, "total": 43, "run": "seed_0"}
{"evaluated": 17, "total": 43, "run": "seed_0"}
{"evaluated": 18, "total": 43, "run": "seed_0"}
{"evaluated": 19, "total": 43, "run": "seed_0"}
{"evaluated": 20, "total": 43, "run": "seed_0"}
{"evaluated": 21, "total": 43, "run": "seed_0"}
{"evaluated": 22, "total": 43, "run": "seed_0"}
{"evaluated": 23, "total": 43, "run": "seed_0"}
{"evaluated": 24, "total": 43, "run": "seed_0"}
{"evaluated": 25, "total": 43, "run": "seed_0"}
{"evaluated": 26, "total": 43, "run": "seed_0"}
{"evaluated": 27, "total": 43, "run": "seed_0"}
{"evaluated": 28, "total": 43, "run": "seed_0"}
{"evaluated": 29, "total": 43, "run": "seed_0"}
{"evaluated": 30, "total": 43, "run": "seed_0"}
{"evaluated": 31, "total": 43, "run": "seed_0"}
{"evaluated": 32, "total": 43, "run": "seed_0"}
{"evaluated": 33, "total": 43, "run": "seed_0"}
{"evaluated": 34, "total": 43, "run": "seed_0"}
{"evaluated": 35, "total": 43, "run": "seed_0"}
{"evaluated": 36, "total": 43, "run": "seed_0"}
{"evaluated": 37, "total": 43, "run": "seed_0"}
{"evaluated": 38, "total": 43, "run": "seed_0"}
{"evaluated": 39, "total": 43, "run": "seed_0"}
{"evaluated": 40, "total": 43, "run": "seed_0"}
{"evaluated": 41, "total": 43, "run": "seed_0"}
{"evaluated": 42, "total": 43, "run": "seed_0"}
{"evaluated": 43, "total": 43, "run": "seed_0"}
{"completed": "binary-pressure-low", "seed": 0, "test": {"conditions": 43, "successful_conditions": 43, "success_fraction": 1.0, "failure_penalized_set_distance": 0.10859681808942406, "observed_coverage_at_0.02": 0.32558139534883723, "matched_endpoint_r2_successful_only": 0.7696687620812748, "matched_endpoint_mae_successful_only": 0.08521583114836914, "matched_endpoint_rmse_successful_only": 0.19215413643781717, "max_equilibrium_rms": 5.049038510511993e-15, "min_grid_tpd": -1.2490009027033011e-15, "r2_target_met": false}}
{"evaluated": 1, "total": 43, "run": "validation_epoch_9"}
{"evaluated": 2, "total": 43, "run": "validation_epoch_9"}
{"evaluated": 3, "total": 43, "run": "validation_epoch_9"}
{"evaluated": 4, "total": 43, "run": "validation_epoch_9"}
{"evaluated": 5, "total": 43, "run": "validation_epoch_9"}
{"evaluated": 6, "total": 43, "run": "validation_epoch_9"}
{"evaluated": 7, "total": 43, "run": "validation_epoch_9"}
{"evaluated": 8, "total": 43, "run": "validation_epoch_9"}
{"evaluated": 9, "total": 43, "run": "validation_epoch_9"}
{"evaluated": 10, "total": 43, "run": "validation_epoch_9"}
{"evaluated": 11, "total": 43, "run": "validation_epoch_9"}
{"evaluated": 12, "total": 43, "run": "validation_epoch_9"}
{"evaluated": 13, "total": 43, "run": "validation_epoch_9"}
{"evaluated": 14, "total": 43, "run": "validation_epoch_9"}
{"evaluated": 15, "total": 43, "run": "validation_epoch_9"}
{"evaluated": 16, "total": 43, "run": "validation_epoch_9"}
{"evaluated": 17, "total": 43, "run": "validation_epoch_9"}
{"evaluated": 18, "total": 43, "run": "validation_epoch_9"}
{"evaluated": 19, "total": 43, "run": "validation_epoch_9"}
{"evaluated": 20, "total": 43, "run": "validation_epoch_9"}
{"evaluated": 21, "total": 43, "run": "validation_epoch_9"}
{"evaluated": 22, "total": 43, "run": "validation_epoch_9"}
{"evaluated": 23, "total": 43, "run": "validation_epoch_9"}
{"evaluated": 24, "total": 43, "run": "validation_epoch_9"}
{"evaluated": 25, "total": 43, "run": "validation_epoch_9"}
{"evaluated": 26, "total": 43, "run": "validation_epoch_9"}
{"evaluated": 27, "total": 43, "run": "validation_epoch_9"}
{"evaluated": 28, "total": 43, "run": "validation_epoch_9"}
{"evaluated": 29, "total": 43, "run": "validation_epoch_9"}
{"evaluated": 30, "total": 43, "run": "validation_epoch_9"}
{"evaluated": 31, "total": 43, "run": "validation_epoch_9"}
{"evaluated": 32, "total": 43, "run": "validation_epoch_9"}
{"evaluated": 33, "total": 43, "run": "validation_epoch_9"}
{"evaluated": 34, "total": 43, "run": "validation_epoch_9"}
{"evaluated": 35, "total": 43, "run": "validation_epoch_9"}
{"evaluated": 36, "total": 43, "run": "validation_epoch_9"}
{"evaluated": 37, "total": 43, "run": "validation_epoch_9"}
{"evaluated": 38, "total": 43, "run": "validation_epoch_9"}
{"evaluated": 39, "total": 43, "run": "validation_epoch_9"}
{"evaluated": 40, "total": 43, "run": "validation_epoch_9"}
{"evaluated": 41, "total": 43, "run": "validation_epoch_9"}
{"evaluated": 42, "total": 43, "run": "validation_epoch_9"}
{"evaluated": 43, "total": 43, "run": "validation_epoch_9"}
{"protocol": "binary-pressure-low", "seed": 1, "epoch": 9, "train_loss": 0.005094165448099375, "seconds": 0.33831286430358887, "final_solver_validation_distance": 0.12042222721705682}
{"evaluated": 1, "total": 43, "run": "validation_epoch_19"}
{"evaluated": 2, "total": 43, "run": "validation_epoch_19"}
{"evaluated": 3, "total": 43, "run": "validation_epoch_19"}
{"evaluated": 4, "total": 43, "run": "validation_epoch_19"}
{"evaluated": 5, "total": 43, "run": "validation_epoch_19"}
{"evaluated": 6, "total": 43, "run": "validation_epoch_19"}
{"evaluated": 7, "total": 43, "run": "validation_epoch_19"}
{"evaluated": 8, "total": 43, "run": "validation_epoch_19"}
{"evaluated": 9, "total": 43, "run": "validation_epoch_19"}
{"evaluated": 10, "total": 43, "run": "validation_epoch_19"}
{"evaluated": 11, "total": 43, "run": "validation_epoch_19"}
{"evaluated": 12, "total": 43, "run": "validation_epoch_19"}
{"evaluated": 13, "total": 43, "run": "validation_epoch_19"}
{"evaluated": 14, "total": 43, "run": "validation_epoch_19"}
{"evaluated": 15, "total": 43, "run": "validation_epoch_19"}
{"evaluated": 16, "total": 43, "run": "validation_epoch_19"}
{"evaluated": 17, "total": 43, "run": "validation_epoch_19"}
{"evaluated": 18, "total": 43, "run": "validation_epoch_19"}
{"evaluated": 19, "total": 43, "run": "validation_epoch_19"}
{"evaluated": 20, "total": 43, "run": "validation_epoch_19"}
{"evaluated": 21, "total": 43, "run": "validation_epoch_19"}
{"evaluated": 22, "total": 43, "run": "validation_epoch_19"}
{"evaluated": 23, "total": 43, "run": "validation_epoch_19"}
{"evaluated": 24, "total": 43, "run": "validation_epoch_19"}
{"evaluated": 25, "total": 43, "run": "validation_epoch_19"}
{"evaluated": 26, "total": 43, "run": "validation_epoch_19"}
{"evaluated": 27, "total": 43, "run": "validation_epoch_19"}
{"evaluated": 28, "total": 43, "run": "validation_epoch_19"}
{"evaluated": 29, "total": 43, "run": "validation_epoch_19"}
{"evaluated": 30, "total": 43, "run": "validation_epoch_19"}
{"evaluated": 31, "total": 43, "run": "validation_epoch_19"}
{"evaluated": 32, "total": 43, "run": "validation_epoch_19"}
{"evaluated": 33, "total": 43, "run": "validation_epoch_19"}
{"evaluated": 34, "total": 43, "run": "validation_epoch_19"}
{"evaluated": 35, "total": 43, "run": "validation_epoch_19"}
{"evaluated": 36, "total": 43, "run": "validation_epoch_19"}
{"evaluated": 37, "total": 43, "run": "validation_epoch_19"}
{"evaluated": 38, "total": 43, "run": "validation_epoch_19"}
{"evaluated": 39, "total": 43, "run": "validation_epoch_19"}
{"evaluated": 40, "total": 43, "run": "validation_epoch_19"}
{"evaluated": 41, "total": 43, "run": "validation_epoch_19"}
{"evaluated": 42, "total": 43, "run": "validation_epoch_19"}
{"evaluated": 43, "total": 43, "run": "validation_epoch_19"}
{"protocol": "binary-pressure-low", "seed": 1, "epoch": 19, "train_loss": 0.002324042764181892, "seconds": 1.244400978088379, "final_solver_validation_distance": 0.11387453417689897}
{"evaluated": 1, "total": 43, "run": "validation_epoch_29"}
{"evaluated": 2, "total": 43, "run": "validation_epoch_29"}
{"evaluated": 3, "total": 43, "run": "validation_epoch_29"}
{"evaluated": 4, "total": 43, "run": "validation_epoch_29"}
{"evaluated": 5, "total": 43, "run": "validation_epoch_29"}
{"evaluated": 6, "total": 43, "run": "validation_epoch_29"}
{"evaluated": 7, "total": 43, "run": "validation_epoch_29"}
{"evaluated": 8, "total": 43, "run": "validation_epoch_29"}
{"evaluated": 9, "total": 43, "run": "validation_epoch_29"}
{"evaluated": 10, "total": 43, "run": "validation_epoch_29"}
{"evaluated": 11, "total": 43, "run": "validation_epoch_29"}
{"evaluated": 12, "total": 43, "run": "validation_epoch_29"}
{"evaluated": 13, "total": 43, "run": "validation_epoch_29"}
{"evaluated": 14, "total": 43, "run": "validation_epoch_29"}
{"evaluated": 15, "total": 43, "run": "validation_epoch_29"}
{"evaluated": 16, "total": 43, "run": "validation_epoch_29"}
{"evaluated": 17, "total": 43, "run": "validation_epoch_29"}
{"evaluated": 18, "total": 43, "run": "validation_epoch_29"}
{"evaluated": 19, "total": 43, "run": "validation_epoch_29"}
{"evaluated": 20, "total": 43, "run": "validation_epoch_29"}
{"evaluated": 21, "total": 43, "run": "validation_epoch_29"}
{"evaluated": 22, "total": 43, "run": "validation_epoch_29"}
{"evaluated": 23, "total": 43, "run": "validation_epoch_29"}
{"evaluated": 24, "total": 43, "run": "validation_epoch_29"}
{"evaluated": 25, "total": 43, "run": "validation_epoch_29"}
{"evaluated": 26, "total": 43, "run": "validation_epoch_29"}
{"evaluated": 27, "total": 43, "run": "validation_epoch_29"}
{"evaluated": 28, "total": 43, "run": "validation_epoch_29"}
{"evaluated": 29, "total": 43, "run": "validation_epoch_29"}
{"evaluated": 30, "total": 43, "run": "validation_epoch_29"}
{"evaluated": 31, "total": 43, "run": "validation_epoch_29"}
{"evaluated": 32, "total": 43, "run": "validation_epoch_29"}
{"evaluated": 33, "total": 43, "run": "validation_epoch_29"}
{"evaluated": 34, "total": 43, "run": "validation_epoch_29"}
{"evaluated": 35, "total": 43, "run": "validation_epoch_29"}
{"evaluated": 36, "total": 43, "run": "validation_epoch_29"}
{"evaluated": 37, "total": 43, "run": "validation_epoch_29"}
{"evaluated": 38, "total": 43, "run": "validation_epoch_29"}
{"evaluated": 39, "total": 43, "run": "validation_epoch_29"}
{"evaluated": 40, "total": 43, "run": "validation_epoch_29"}
{"evaluated": 41, "total": 43, "run": "validation_epoch_29"}
{"evaluated": 42, "total": 43, "run": "validation_epoch_29"}
{"evaluated": 43, "total": 43, "run": "validation_epoch_29"}
{"protocol": "binary-pressure-low", "seed": 1, "epoch": 29, "train_loss": 0.002004326554015279, "seconds": 2.1722934246063232, "final_solver_validation_distance": 0.11597137461846756}
{"evaluated": 1, "total": 43, "run": "validation_epoch_39"}
{"evaluated": 2, "total": 43, "run": "validation_epoch_39"}
{"evaluated": 3, "total": 43, "run": "validation_epoch_39"}
{"evaluated": 4, "total": 43, "run": "validation_epoch_39"}
{"evaluated": 5, "total": 43, "run": "validation_epoch_39"}
{"evaluated": 6, "total": 43, "run": "validation_epoch_39"}
{"evaluated": 7, "total": 43, "run": "validation_epoch_39"}
{"evaluated": 8, "total": 43, "run": "validation_epoch_39"}
{"evaluated": 9, "total": 43, "run": "validation_epoch_39"}
{"evaluated": 10, "total": 43, "run": "validation_epoch_39"}
{"evaluated": 11, "total": 43, "run": "validation_epoch_39"}
{"evaluated": 12, "total": 43, "run": "validation_epoch_39"}
{"evaluated": 13, "total": 43, "run": "validation_epoch_39"}
{"evaluated": 14, "total": 43, "run": "validation_epoch_39"}
{"evaluated": 15, "total": 43, "run": "validation_epoch_39"}
{"evaluated": 16, "total": 43, "run": "validation_epoch_39"}
{"evaluated": 17, "total": 43, "run": "validation_epoch_39"}
{"evaluated": 18, "total": 43, "run": "validation_epoch_39"}
{"evaluated": 19, "total": 43, "run": "validation_epoch_39"}
{"evaluated": 20, "total": 43, "run": "validation_epoch_39"}
{"evaluated": 21, "total": 43, "run": "validation_epoch_39"}
{"evaluated": 22, "total": 43, "run": "validation_epoch_39"}
{"evaluated": 23, "total": 43, "run": "validation_epoch_39"}
{"evaluated": 24, "total": 43, "run": "validation_epoch_39"}
{"evaluated": 25, "total": 43, "run": "validation_epoch_39"}
{"evaluated": 26, "total": 43, "run": "validation_epoch_39"}
{"evaluated": 27, "total": 43, "run": "validation_epoch_39"}
{"evaluated": 28, "total": 43, "run": "validation_epoch_39"}
{"evaluated": 29, "total": 43, "run": "validation_epoch_39"}
{"evaluated": 30, "total": 43, "run": "validation_epoch_39"}
{"evaluated": 31, "total": 43, "run": "validation_epoch_39"}
{"evaluated": 32, "total": 43, "run": "validation_epoch_39"}
{"evaluated": 33, "total": 43, "run": "validation_epoch_39"}
{"evaluated": 34, "total": 43, "run": "validation_epoch_39"}
{"evaluated": 35, "total": 43, "run": "validation_epoch_39"}
{"evaluated": 36, "total": 43, "run": "validation_epoch_39"}
{"evaluated": 37, "total": 43, "run": "validation_epoch_39"}
{"evaluated": 38, "total": 43, "run": "validation_epoch_39"}
{"evaluated": 39, "total": 43, "run": "validation_epoch_39"}
{"evaluated": 40, "total": 43, "run": "validation_epoch_39"}
{"evaluated": 41, "total": 43, "run": "validation_epoch_39"}
{"evaluated": 42, "total": 43, "run": "validation_epoch_39"}
{"evaluated": 43, "total": 43, "run": "validation_epoch_39"}
{"protocol": "binary-pressure-low", "seed": 1, "epoch": 39, "train_loss": 0.001979426830075681, "seconds": 3.0867958068847656, "final_solver_validation_distance": 0.11506648599879798}
{"evaluated": 1, "total": 43, "run": "validation_epoch_49"}
{"evaluated": 2, "total": 43, "run": "validation_epoch_49"}
{"evaluated": 3, "total": 43, "run": "validation_epoch_49"}
{"evaluated": 4, "total": 43, "run": "validation_epoch_49"}
{"evaluated": 5, "total": 43, "run": "validation_epoch_49"}
{"evaluated": 6, "total": 43, "run": "validation_epoch_49"}
{"evaluated": 7, "total": 43, "run": "validation_epoch_49"}
{"evaluated": 8, "total": 43, "run": "validation_epoch_49"}
{"evaluated": 9, "total": 43, "run": "validation_epoch_49"}
{"evaluated": 10, "total": 43, "run": "validation_epoch_49"}
{"evaluated": 11, "total": 43, "run": "validation_epoch_49"}
{"evaluated": 12, "total": 43, "run": "validation_epoch_49"}
{"evaluated": 13, "total": 43, "run": "validation_epoch_49"}
{"evaluated": 14, "total": 43, "run": "validation_epoch_49"}
{"evaluated": 15, "total": 43, "run": "validation_epoch_49"}
{"evaluated": 16, "total": 43, "run": "validation_epoch_49"}
{"evaluated": 17, "total": 43, "run": "validation_epoch_49"}
{"evaluated": 18, "total": 43, "run": "validation_epoch_49"}
{"evaluated": 19, "total": 43, "run": "validation_epoch_49"}
{"evaluated": 20, "total": 43, "run": "validation_epoch_49"}
{"evaluated": 21, "total": 43, "run": "validation_epoch_49"}
{"evaluated": 22, "total": 43, "run": "validation_epoch_49"}
{"evaluated": 23, "total": 43, "run": "validation_epoch_49"}
{"evaluated": 24, "total": 43, "run": "validation_epoch_49"}
{"evaluated": 25, "total": 43, "run": "validation_epoch_49"}
{"evaluated": 26, "total": 43, "run": "validation_epoch_49"}
{"evaluated": 27, "total": 43, "run": "validation_epoch_49"}
{"evaluated": 28, "total": 43, "run": "validation_epoch_49"}
{"evaluated": 29, "total": 43, "run": "validation_epoch_49"}
{"evaluated": 30, "total": 43, "run": "validation_epoch_49"}
{"evaluated": 31, "total": 43, "run": "validation_epoch_49"}
{"evaluated": 32, "total": 43, "run": "validation_epoch_49"}
{"evaluated": 33, "total": 43, "run": "validation_epoch_49"}
{"evaluated": 34, "total": 43, "run": "validation_epoch_49"}
{"evaluated": 35, "total": 43, "run": "validation_epoch_49"}
{"evaluated": 36, "total": 43, "run": "validation_epoch_49"}
{"evaluated": 37, "total": 43, "run": "validation_epoch_49"}
{"evaluated": 38, "total": 43, "run": "validation_epoch_49"}
{"evaluated": 39, "total": 43, "run": "validation_epoch_49"}
{"evaluated": 40, "total": 43, "run": "validation_epoch_49"}
{"evaluated": 41, "total": 43, "run": "validation_epoch_49"}
{"evaluated": 42, "total": 43, "run": "validation_epoch_49"}
{"evaluated": 43, "total": 43, "run": "validation_epoch_49"}
{"protocol": "binary-pressure-low", "seed": 1, "epoch": 49, "train_loss": 0.0016478716085354488, "seconds": 3.985598564147949, "final_solver_validation_distance": 0.11419476606383651}
{"evaluated": 1, "total": 43, "run": "validation_epoch_59"}
{"evaluated": 2, "total": 43, "run": "validation_epoch_59"}
{"evaluated": 3, "total": 43, "run": "validation_epoch_59"}
{"evaluated": 4, "total": 43, "run": "validation_epoch_59"}
{"evaluated": 5, "total": 43, "run": "validation_epoch_59"}
{"evaluated": 6, "total": 43, "run": "validation_epoch_59"}
{"evaluated": 7, "total": 43, "run": "validation_epoch_59"}
{"evaluated": 8, "total": 43, "run": "validation_epoch_59"}
{"evaluated": 9, "total": 43, "run": "validation_epoch_59"}
{"evaluated": 10, "total": 43, "run": "validation_epoch_59"}
{"evaluated": 11, "total": 43, "run": "validation_epoch_59"}
{"evaluated": 12, "total": 43, "run": "validation_epoch_59"}
{"evaluated": 13, "total": 43, "run": "validation_epoch_59"}
{"evaluated": 14, "total": 43, "run": "validation_epoch_59"}
{"evaluated": 15, "total": 43, "run": "validation_epoch_59"}
{"evaluated": 16, "total": 43, "run": "validation_epoch_59"}
{"evaluated": 17, "total": 43, "run": "validation_epoch_59"}
{"evaluated": 18, "total": 43, "run": "validation_epoch_59"}
{"evaluated": 19, "total": 43, "run": "validation_epoch_59"}
{"evaluated": 20, "total": 43, "run": "validation_epoch_59"}
{"evaluated": 21, "total": 43, "run": "validation_epoch_59"}
{"evaluated": 22, "total": 43, "run": "validation_epoch_59"}
{"evaluated": 23, "total": 43, "run": "validation_epoch_59"}
{"evaluated": 24, "total": 43, "run": "validation_epoch_59"}
{"evaluated": 25, "total": 43, "run": "validation_epoch_59"}
{"evaluated": 26, "total": 43, "run": "validation_epoch_59"}
{"evaluated": 27, "total": 43, "run": "validation_epoch_59"}
{"evaluated": 28, "total": 43, "run": "validation_epoch_59"}
{"evaluated": 29, "total": 43, "run": "validation_epoch_59"}
{"evaluated": 30, "total": 43, "run": "validation_epoch_59"}
{"evaluated": 31, "total": 43, "run": "validation_epoch_59"}
{"evaluated": 32, "total": 43, "run": "validation_epoch_59"}
{"evaluated": 33, "total": 43, "run": "validation_epoch_59"}
{"evaluated": 34, "total": 43, "run": "validation_epoch_59"}
{"evaluated": 35, "total": 43, "run": "validation_epoch_59"}
{"evaluated": 36, "total": 43, "run": "validation_epoch_59"}
{"evaluated": 37, "total": 43, "run": "validation_epoch_59"}
{"evaluated": 38, "total": 43, "run": "validation_epoch_59"}
{"evaluated": 39, "total": 43, "run": "validation_epoch_59"}
{"evaluated": 40, "total": 43, "run": "validation_epoch_59"}
{"evaluated": 41, "total": 43, "run": "validation_epoch_59"}
{"evaluated": 42, "total": 43, "run": "validation_epoch_59"}
{"evaluated": 43, "total": 43, "run": "validation_epoch_59"}
{"protocol": "binary-pressure-low", "seed": 1, "epoch": 59, "train_loss": 0.0014618084533140063, "seconds": 4.873664855957031, "final_solver_validation_distance": 0.11614774815820286}
{"evaluated": 1, "total": 43, "run": "validation_epoch_69"}
{"evaluated": 2, "total": 43, "run": "validation_epoch_69"}
{"evaluated": 3, "total": 43, "run": "validation_epoch_69"}
{"evaluated": 4, "total": 43, "run": "validation_epoch_69"}
{"evaluated": 5, "total": 43, "run": "validation_epoch_69"}
{"evaluated": 6, "total": 43, "run": "validation_epoch_69"}
{"evaluated": 7, "total": 43, "run": "validation_epoch_69"}
{"evaluated": 8, "total": 43, "run": "validation_epoch_69"}
{"evaluated": 9, "total": 43, "run": "validation_epoch_69"}
{"evaluated": 10, "total": 43, "run": "validation_epoch_69"}
{"evaluated": 11, "total": 43, "run": "validation_epoch_69"}
{"evaluated": 12, "total": 43, "run": "validation_epoch_69"}
{"evaluated": 13, "total": 43, "run": "validation_epoch_69"}
{"evaluated": 14, "total": 43, "run": "validation_epoch_69"}
{"evaluated": 15, "total": 43, "run": "validation_epoch_69"}
{"evaluated": 16, "total": 43, "run": "validation_epoch_69"}
{"evaluated": 17, "total": 43, "run": "validation_epoch_69"}
{"evaluated": 18, "total": 43, "run": "validation_epoch_69"}
{"evaluated": 19, "total": 43, "run": "validation_epoch_69"}
{"evaluated": 20, "total": 43, "run": "validation_epoch_69"}
{"evaluated": 21, "total": 43, "run": "validation_epoch_69"}
{"evaluated": 22, "total": 43, "run": "validation_epoch_69"}
{"evaluated": 23, "total": 43, "run": "validation_epoch_69"}
{"evaluated": 24, "total": 43, "run": "validation_epoch_69"}
{"evaluated": 25, "total": 43, "run": "validation_epoch_69"}
{"evaluated": 26, "total": 43, "run": "validation_epoch_69"}
{"evaluated": 27, "total": 43, "run": "validation_epoch_69"}
{"evaluated": 28, "total": 43, "run": "validation_epoch_69"}
{"evaluated": 29, "total": 43, "run": "validation_epoch_69"}
{"evaluated": 30, "total": 43, "run": "validation_epoch_69"}
{"evaluated": 31, "total": 43, "run": "validation_epoch_69"}
{"evaluated": 32, "total": 43, "run": "validation_epoch_69"}
{"evaluated": 33, "total": 43, "run": "validation_epoch_69"}
{"evaluated": 34, "total": 43, "run": "validation_epoch_69"}
{"evaluated": 35, "total": 43, "run": "validation_epoch_69"}
{"evaluated": 36, "total": 43, "run": "validation_epoch_69"}
{"evaluated": 37, "total": 43, "run": "validation_epoch_69"}
{"evaluated": 38, "total": 43, "run": "validation_epoch_69"}
{"evaluated": 39, "total": 43, "run": "validation_epoch_69"}
{"evaluated": 40, "total": 43, "run": "validation_epoch_69"}
{"evaluated": 41, "total": 43, "run": "validation_epoch_69"}
{"evaluated": 42, "total": 43, "run": "validation_epoch_69"}
{"evaluated": 43, "total": 43, "run": "validation_epoch_69"}
{"protocol": "binary-pressure-low", "seed": 1, "epoch": 69, "train_loss": 0.001397105244298776, "seconds": 5.732088804244995, "final_solver_validation_distance": 0.11266029169424109}
{"evaluated": 1, "total": 43, "run": "validation_epoch_79"}
{"evaluated": 2, "total": 43, "run": "validation_epoch_79"}
{"evaluated": 3, "total": 43, "run": "validation_epoch_79"}
{"evaluated": 4, "total": 43, "run": "validation_epoch_79"}
{"evaluated": 5, "total": 43, "run": "validation_epoch_79"}
{"evaluated": 6, "total": 43, "run": "validation_epoch_79"}
{"evaluated": 7, "total": 43, "run": "validation_epoch_79"}
{"evaluated": 8, "total": 43, "run": "validation_epoch_79"}
{"evaluated": 9, "total": 43, "run": "validation_epoch_79"}
{"evaluated": 10, "total": 43, "run": "validation_epoch_79"}
{"evaluated": 11, "total": 43, "run": "validation_epoch_79"}
{"evaluated": 12, "total": 43, "run": "validation_epoch_79"}
{"evaluated": 13, "total": 43, "run": "validation_epoch_79"}
{"evaluated": 14, "total": 43, "run": "validation_epoch_79"}
{"evaluated": 15, "total": 43, "run": "validation_epoch_79"}
{"evaluated": 16, "total": 43, "run": "validation_epoch_79"}
{"evaluated": 17, "total": 43, "run": "validation_epoch_79"}
{"evaluated": 18, "total": 43, "run": "validation_epoch_79"}
{"evaluated": 19, "total": 43, "run": "validation_epoch_79"}
{"evaluated": 20, "total": 43, "run": "validation_epoch_79"}
{"evaluated": 21, "total": 43, "run": "validation_epoch_79"}
{"evaluated": 22, "total": 43, "run": "validation_epoch_79"}
{"evaluated": 23, "total": 43, "run": "validation_epoch_79"}
{"evaluated": 24, "total": 43, "run": "validation_epoch_79"}
{"evaluated": 25, "total": 43, "run": "validation_epoch_79"}
{"evaluated": 26, "total": 43, "run": "validation_epoch_79"}
{"evaluated": 27, "total": 43, "run": "validation_epoch_79"}
{"evaluated": 28, "total": 43, "run": "validation_epoch_79"}
{"evaluated": 29, "total": 43, "run": "validation_epoch_79"}
{"evaluated": 30, "total": 43, "run": "validation_epoch_79"}
{"evaluated": 31, "total": 43, "run": "validation_epoch_79"}
{"evaluated": 32, "total": 43, "run": "validation_epoch_79"}
{"evaluated": 33, "total": 43, "run": "validation_epoch_79"}
{"evaluated": 34, "total": 43, "run": "validation_epoch_79"}
{"evaluated": 35, "total": 43, "run": "validation_epoch_79"}
{"evaluated": 36, "total": 43, "run": "validation_epoch_79"}
{"evaluated": 37, "total": 43, "run": "validation_epoch_79"}
{"evaluated": 38, "total": 43, "run": "validation_epoch_79"}
{"evaluated": 39, "total": 43, "run": "validation_epoch_79"}
{"evaluated": 40, "total": 43, "run": "validation_epoch_79"}
{"evaluated": 41, "total": 43, "run": "validation_epoch_79"}
{"evaluated": 42, "total": 43, "run": "validation_epoch_79"}
{"evaluated": 43, "total": 43, "run": "validation_epoch_79"}
{"protocol": "binary-pressure-low", "seed": 1, "epoch": 79, "train_loss": 0.0013844072818756104, "seconds": 6.576344013214111, "final_solver_validation_distance": 0.1186127834860433}
{"evaluated": 1, "total": 43, "run": "validation_epoch_89"}
{"evaluated": 2, "total": 43, "run": "validation_epoch_89"}
{"evaluated": 3, "total": 43, "run": "validation_epoch_89"}
{"evaluated": 4, "total": 43, "run": "validation_epoch_89"}
{"evaluated": 5, "total": 43, "run": "validation_epoch_89"}
{"evaluated": 6, "total": 43, "run": "validation_epoch_89"}
{"evaluated": 7, "total": 43, "run": "validation_epoch_89"}
{"evaluated": 8, "total": 43, "run": "validation_epoch_89"}
{"evaluated": 9, "total": 43, "run": "validation_epoch_89"}
{"evaluated": 10, "total": 43, "run": "validation_epoch_89"}
{"evaluated": 11, "total": 43, "run": "validation_epoch_89"}
{"evaluated": 12, "total": 43, "run": "validation_epoch_89"}
{"evaluated": 13, "total": 43, "run": "validation_epoch_89"}
{"evaluated": 14, "total": 43, "run": "validation_epoch_89"}
{"evaluated": 15, "total": 43, "run": "validation_epoch_89"}
{"evaluated": 16, "total": 43, "run": "validation_epoch_89"}
{"evaluated": 17, "total": 43, "run": "validation_epoch_89"}
{"evaluated": 18, "total": 43, "run": "validation_epoch_89"}
{"evaluated": 19, "total": 43, "run": "validation_epoch_89"}
{"evaluated": 20, "total": 43, "run": "validation_epoch_89"}
{"evaluated": 21, "total": 43, "run": "validation_epoch_89"}
{"evaluated": 22, "total": 43, "run": "validation_epoch_89"}
{"evaluated": 23, "total": 43, "run": "validation_epoch_89"}
{"evaluated": 24, "total": 43, "run": "validation_epoch_89"}
{"evaluated": 25, "total": 43, "run": "validation_epoch_89"}
{"evaluated": 26, "total": 43, "run": "validation_epoch_89"}
{"evaluated": 27, "total": 43, "run": "validation_epoch_89"}
{"evaluated": 28, "total": 43, "run": "validation_epoch_89"}
{"evaluated": 29, "total": 43, "run": "validation_epoch_89"}
{"evaluated": 30, "total": 43, "run": "validation_epoch_89"}
{"evaluated": 31, "total": 43, "run": "validation_epoch_89"}
{"evaluated": 32, "total": 43, "run": "validation_epoch_89"}
{"evaluated": 33, "total": 43, "run": "validation_epoch_89"}
{"evaluated": 34, "total": 43, "run": "validation_epoch_89"}
{"evaluated": 35, "total": 43, "run": "validation_epoch_89"}
{"evaluated": 36, "total": 43, "run": "validation_epoch_89"}
{"evaluated": 37, "total": 43, "run": "validation_epoch_89"}
{"evaluated": 38, "total": 43, "run": "validation_epoch_89"}
{"evaluated": 39, "total": 43, "run": "validation_epoch_89"}
{"evaluated": 40, "total": 43, "run": "validation_epoch_89"}
{"evaluated": 41, "total": 43, "run": "validation_epoch_89"}
{"evaluated": 42, "total": 43, "run": "validation_epoch_89"}
{"evaluated": 43, "total": 43, "run": "validation_epoch_89"}
{"protocol": "binary-pressure-low", "seed": 1, "epoch": 89, "train_loss": 0.0014385748266552885, "seconds": 7.3802478313446045, "final_solver_validation_distance": 0.11547217602679703}
{"evaluated": 1, "total": 43, "run": "validation_epoch_99"}
{"evaluated": 2, "total": 43, "run": "validation_epoch_99"}
{"evaluated": 3, "total": 43, "run": "validation_epoch_99"}
{"evaluated": 4, "total": 43, "run": "validation_epoch_99"}
{"evaluated": 5, "total": 43, "run": "validation_epoch_99"}
{"evaluated": 6, "total": 43, "run": "validation_epoch_99"}
{"evaluated": 7, "total": 43, "run": "validation_epoch_99"}
{"evaluated": 8, "total": 43, "run": "validation_epoch_99"}
{"evaluated": 9, "total": 43, "run": "validation_epoch_99"}
{"evaluated": 10, "total": 43, "run": "validation_epoch_99"}
{"evaluated": 11, "total": 43, "run": "validation_epoch_99"}
{"evaluated": 12, "total": 43, "run": "validation_epoch_99"}
{"evaluated": 13, "total": 43, "run": "validation_epoch_99"}
{"evaluated": 14, "total": 43, "run": "validation_epoch_99"}
{"evaluated": 15, "total": 43, "run": "validation_epoch_99"}
{"evaluated": 16, "total": 43, "run": "validation_epoch_99"}
{"evaluated": 17, "total": 43, "run": "validation_epoch_99"}
{"evaluated": 18, "total": 43, "run": "validation_epoch_99"}
{"evaluated": 19, "total": 43, "run": "validation_epoch_99"}
{"evaluated": 20, "total": 43, "run": "validation_epoch_99"}
{"evaluated": 21, "total": 43, "run": "validation_epoch_99"}
{"evaluated": 22, "total": 43, "run": "validation_epoch_99"}
{"evaluated": 23, "total": 43, "run": "validation_epoch_99"}
{"evaluated": 24, "total": 43, "run": "validation_epoch_99"}
{"evaluated": 25, "total": 43, "run": "validation_epoch_99"}
{"evaluated": 26, "total": 43, "run": "validation_epoch_99"}
{"evaluated": 27, "total": 43, "run": "validation_epoch_99"}
{"evaluated": 28, "total": 43, "run": "validation_epoch_99"}
{"evaluated": 29, "total": 43, "run": "validation_epoch_99"}
{"evaluated": 30, "total": 43, "run": "validation_epoch_99"}
{"evaluated": 31, "total": 43, "run": "validation_epoch_99"}
{"evaluated": 32, "total": 43, "run": "validation_epoch_99"}
{"evaluated": 33, "total": 43, "run": "validation_epoch_99"}
{"evaluated": 34, "total": 43, "run": "validation_epoch_99"}
{"evaluated": 35, "total": 43, "run": "validation_epoch_99"}
{"evaluated": 36, "total": 43, "run": "validation_epoch_99"}
{"evaluated": 37, "total": 43, "run": "validation_epoch_99"}
{"evaluated": 38, "total": 43, "run": "validation_epoch_99"}
{"evaluated": 39, "total": 43, "run": "validation_epoch_99"}
{"evaluated": 40, "total": 43, "run": "validation_epoch_99"}
{"evaluated": 41, "total": 43, "run": "validation_epoch_99"}
{"evaluated": 42, "total": 43, "run": "validation_epoch_99"}
{"evaluated": 43, "total": 43, "run": "validation_epoch_99"}
{"protocol": "binary-pressure-low", "seed": 1, "epoch": 99, "train_loss": 0.0013862012807900708, "seconds": 8.203033685684204, "final_solver_validation_distance": 0.11519657483487307}
{"evaluated": 1, "total": 43, "run": "validation_epoch_109"}
{"evaluated": 2, "total": 43, "run": "validation_epoch_109"}
{"evaluated": 3, "total": 43, "run": "validation_epoch_109"}
{"evaluated": 4, "total": 43, "run": "validation_epoch_109"}
{"evaluated": 5, "total": 43, "run": "validation_epoch_109"}
{"evaluated": 6, "total": 43, "run": "validation_epoch_109"}
{"evaluated": 7, "total": 43, "run": "validation_epoch_109"}
{"evaluated": 8, "total": 43, "run": "validation_epoch_109"}
{"evaluated": 9, "total": 43, "run": "validation_epoch_109"}
{"evaluated": 10, "total": 43, "run": "validation_epoch_109"}
{"evaluated": 11, "total": 43, "run": "validation_epoch_109"}
{"evaluated": 12, "total": 43, "run": "validation_epoch_109"}
{"evaluated": 13, "total": 43, "run": "validation_epoch_109"}
{"evaluated": 14, "total": 43, "run": "validation_epoch_109"}
{"evaluated": 15, "total": 43, "run": "validation_epoch_109"}
{"evaluated": 16, "total": 43, "run": "validation_epoch_109"}
{"evaluated": 17, "total": 43, "run": "validation_epoch_109"}
{"evaluated": 18, "total": 43, "run": "validation_epoch_109"}
{"evaluated": 19, "total": 43, "run": "validation_epoch_109"}
{"evaluated": 20, "total": 43, "run": "validation_epoch_109"}
{"evaluated": 21, "total": 43, "run": "validation_epoch_109"}
{"evaluated": 22, "total": 43, "run": "validation_epoch_109"}
{"evaluated": 23, "total": 43, "run": "validation_epoch_109"}
{"evaluated": 24, "total": 43, "run": "validation_epoch_109"}
{"evaluated": 25, "total": 43, "run": "validation_epoch_109"}
{"evaluated": 26, "total": 43, "run": "validation_epoch_109"}
{"evaluated": 27, "total": 43, "run": "validation_epoch_109"}
{"evaluated": 28, "total": 43, "run": "validation_epoch_109"}
{"evaluated": 29, "total": 43, "run": "validation_epoch_109"}
{"evaluated": 30, "total": 43, "run": "validation_epoch_109"}
{"evaluated": 31, "total": 43, "run": "validation_epoch_109"}
{"evaluated": 32, "total": 43, "run": "validation_epoch_109"}
{"evaluated": 33, "total": 43, "run": "validation_epoch_109"}
{"evaluated": 34, "total": 43, "run": "validation_epoch_109"}
{"evaluated": 35, "total": 43, "run": "validation_epoch_109"}
{"evaluated": 36, "total": 43, "run": "validation_epoch_109"}
{"evaluated": 37, "total": 43, "run": "validation_epoch_109"}
{"evaluated": 38, "total": 43, "run": "validation_epoch_109"}
{"evaluated": 39, "total": 43, "run": "validation_epoch_109"}
{"evaluated": 40, "total": 43, "run": "validation_epoch_109"}
{"evaluated": 41, "total": 43, "run": "validation_epoch_109"}
{"evaluated": 42, "total": 43, "run": "validation_epoch_109"}
{"evaluated": 43, "total": 43, "run": "validation_epoch_109"}
{"protocol": "binary-pressure-low", "seed": 1, "epoch": 109, "train_loss": 0.0014055037948613365, "seconds": 8.962841272354126, "final_solver_validation_distance": 0.10802098998405038}
{"evaluated": 1, "total": 43, "run": "validation_epoch_119"}
{"evaluated": 2, "total": 43, "run": "validation_epoch_119"}
{"evaluated": 3, "total": 43, "run": "validation_epoch_119"}
{"evaluated": 4, "total": 43, "run": "validation_epoch_119"}
{"evaluated": 5, "total": 43, "run": "validation_epoch_119"}
{"evaluated": 6, "total": 43, "run": "validation_epoch_119"}
{"evaluated": 7, "total": 43, "run": "validation_epoch_119"}
{"evaluated": 8, "total": 43, "run": "validation_epoch_119"}
{"evaluated": 9, "total": 43, "run": "validation_epoch_119"}
{"evaluated": 10, "total": 43, "run": "validation_epoch_119"}
{"evaluated": 11, "total": 43, "run": "validation_epoch_119"}
{"evaluated": 12, "total": 43, "run": "validation_epoch_119"}
{"evaluated": 13, "total": 43, "run": "validation_epoch_119"}
{"evaluated": 14, "total": 43, "run": "validation_epoch_119"}
{"evaluated": 15, "total": 43, "run": "validation_epoch_119"}
{"evaluated": 16, "total": 43, "run": "validation_epoch_119"}
{"evaluated": 17, "total": 43, "run": "validation_epoch_119"}
{"evaluated": 18, "total": 43, "run": "validation_epoch_119"}
{"evaluated": 19, "total": 43, "run": "validation_epoch_119"}
{"evaluated": 20, "total": 43, "run": "validation_epoch_119"}
{"evaluated": 21, "total": 43, "run": "validation_epoch_119"}
{"evaluated": 22, "total": 43, "run": "validation_epoch_119"}
{"evaluated": 23, "total": 43, "run": "validation_epoch_119"}
{"evaluated": 24, "total": 43, "run": "validation_epoch_119"}
{"evaluated": 25, "total": 43, "run": "validation_epoch_119"}
{"evaluated": 26, "total": 43, "run": "validation_epoch_119"}
{"evaluated": 27, "total": 43, "run": "validation_epoch_119"}
{"evaluated": 28, "total": 43, "run": "validation_epoch_119"}
{"evaluated": 29, "total": 43, "run": "validation_epoch_119"}
{"evaluated": 30, "total": 43, "run": "validation_epoch_119"}
{"evaluated": 31, "total": 43, "run": "validation_epoch_119"}
{"evaluated": 32, "total": 43, "run": "validation_epoch_119"}
{"evaluated": 33, "total": 43, "run": "validation_epoch_119"}
{"evaluated": 34, "total": 43, "run": "validation_epoch_119"}
{"evaluated": 35, "total": 43, "run": "validation_epoch_119"}
{"evaluated": 36, "total": 43, "run": "validation_epoch_119"}
{"evaluated": 37, "total": 43, "run": "validation_epoch_119"}
{"evaluated": 38, "total": 43, "run": "validation_epoch_119"}
{"evaluated": 39, "total": 43, "run": "validation_epoch_119"}
{"evaluated": 40, "total": 43, "run": "validation_epoch_119"}
{"evaluated": 41, "total": 43, "run": "validation_epoch_119"}
{"evaluated": 42, "total": 43, "run": "validation_epoch_119"}
{"evaluated": 43, "total": 43, "run": "validation_epoch_119"}
{"protocol": "binary-pressure-low", "seed": 1, "epoch": 119, "train_loss": 0.0014110054665555556, "seconds": 9.772354364395142, "final_solver_validation_distance": 0.11023031559040564}
{"evaluated": 1, "total": 43, "run": "validation_epoch_129"}
{"evaluated": 2, "total": 43, "run": "validation_epoch_129"}
{"evaluated": 3, "total": 43, "run": "validation_epoch_129"}
{"evaluated": 4, "total": 43, "run": "validation_epoch_129"}
{"evaluated": 5, "total": 43, "run": "validation_epoch_129"}
{"evaluated": 6, "total": 43, "run": "validation_epoch_129"}
{"evaluated": 7, "total": 43, "run": "validation_epoch_129"}
{"evaluated": 8, "total": 43, "run": "validation_epoch_129"}
{"evaluated": 9, "total": 43, "run": "validation_epoch_129"}
{"evaluated": 10, "total": 43, "run": "validation_epoch_129"}
{"evaluated": 11, "total": 43, "run": "validation_epoch_129"}
{"evaluated": 12, "total": 43, "run": "validation_epoch_129"}
{"evaluated": 13, "total": 43, "run": "validation_epoch_129"}
{"evaluated": 14, "total": 43, "run": "validation_epoch_129"}
{"evaluated": 15, "total": 43, "run": "validation_epoch_129"}
{"evaluated": 16, "total": 43, "run": "validation_epoch_129"}
{"evaluated": 17, "total": 43, "run": "validation_epoch_129"}
{"evaluated": 18, "total": 43, "run": "validation_epoch_129"}
{"evaluated": 19, "total": 43, "run": "validation_epoch_129"}
{"evaluated": 20, "total": 43, "run": "validation_epoch_129"}
{"evaluated": 21, "total": 43, "run": "validation_epoch_129"}
{"evaluated": 22, "total": 43, "run": "validation_epoch_129"}
{"evaluated": 23, "total": 43, "run": "validation_epoch_129"}
{"evaluated": 24, "total": 43, "run": "validation_epoch_129"}
{"evaluated": 25, "total": 43, "run": "validation_epoch_129"}
{"evaluated": 26, "total": 43, "run": "validation_epoch_129"}
{"evaluated": 27, "total": 43, "run": "validation_epoch_129"}
{"evaluated": 28, "total": 43, "run": "validation_epoch_129"}
{"evaluated": 29, "total": 43, "run": "validation_epoch_129"}
{"evaluated": 30, "total": 43, "run": "validation_epoch_129"}
{"evaluated": 31, "total": 43, "run": "validation_epoch_129"}
{"evaluated": 32, "total": 43, "run": "validation_epoch_129"}
{"evaluated": 33, "total": 43, "run": "validation_epoch_129"}
{"evaluated": 34, "total": 43, "run": "validation_epoch_129"}
{"evaluated": 35, "total": 43, "run": "validation_epoch_129"}
{"evaluated": 36, "total": 43, "run": "validation_epoch_129"}
{"evaluated": 37, "total": 43, "run": "validation_epoch_129"}
{"evaluated": 38, "total": 43, "run": "validation_epoch_129"}
{"evaluated": 39, "total": 43, "run": "validation_epoch_129"}
{"evaluated": 40, "total": 43, "run": "validation_epoch_129"}
{"evaluated": 41, "total": 43, "run": "validation_epoch_129"}
{"evaluated": 42, "total": 43, "run": "validation_epoch_129"}
{"evaluated": 43, "total": 43, "run": "validation_epoch_129"}
{"protocol": "binary-pressure-low", "seed": 1, "epoch": 129, "train_loss": 0.0013745049946010113, "seconds": 10.518280982971191, "final_solver_validation_distance": 0.11503973444355681}
{"evaluated": 1, "total": 43, "run": "validation_epoch_139"}
{"evaluated": 2, "total": 43, "run": "validation_epoch_139"}
{"evaluated": 3, "total": 43, "run": "validation_epoch_139"}
{"evaluated": 4, "total": 43, "run": "validation_epoch_139"}
{"evaluated": 5, "total": 43, "run": "validation_epoch_139"}
{"evaluated": 6, "total": 43, "run": "validation_epoch_139"}
{"evaluated": 7, "total": 43, "run": "validation_epoch_139"}
{"evaluated": 8, "total": 43, "run": "validation_epoch_139"}
{"evaluated": 9, "total": 43, "run": "validation_epoch_139"}
{"evaluated": 10, "total": 43, "run": "validation_epoch_139"}
{"evaluated": 11, "total": 43, "run": "validation_epoch_139"}
{"evaluated": 12, "total": 43, "run": "validation_epoch_139"}
{"evaluated": 13, "total": 43, "run": "validation_epoch_139"}
{"evaluated": 14, "total": 43, "run": "validation_epoch_139"}
{"evaluated": 15, "total": 43, "run": "validation_epoch_139"}
{"evaluated": 16, "total": 43, "run": "validation_epoch_139"}
{"evaluated": 17, "total": 43, "run": "validation_epoch_139"}
{"evaluated": 18, "total": 43, "run": "validation_epoch_139"}
{"evaluated": 19, "total": 43, "run": "validation_epoch_139"}
{"evaluated": 20, "total": 43, "run": "validation_epoch_139"}
{"evaluated": 21, "total": 43, "run": "validation_epoch_139"}
{"evaluated": 22, "total": 43, "run": "validation_epoch_139"}
{"evaluated": 23, "total": 43, "run": "validation_epoch_139"}
{"evaluated": 24, "total": 43, "run": "validation_epoch_139"}
{"evaluated": 25, "total": 43, "run": "validation_epoch_139"}
{"evaluated": 26, "total": 43, "run": "validation_epoch_139"}
{"evaluated": 27, "total": 43, "run": "validation_epoch_139"}
{"evaluated": 28, "total": 43, "run": "validation_epoch_139"}
{"evaluated": 29, "total": 43, "run": "validation_epoch_139"}
{"evaluated": 30, "total": 43, "run": "validation_epoch_139"}
{"evaluated": 31, "total": 43, "run": "validation_epoch_139"}
{"evaluated": 32, "total": 43, "run": "validation_epoch_139"}
{"evaluated": 33, "total": 43, "run": "validation_epoch_139"}
{"evaluated": 34, "total": 43, "run": "validation_epoch_139"}
{"evaluated": 35, "total": 43, "run": "validation_epoch_139"}
{"evaluated": 36, "total": 43, "run": "validation_epoch_139"}
{"evaluated": 37, "total": 43, "run": "validation_epoch_139"}
{"evaluated": 38, "total": 43, "run": "validation_epoch_139"}
{"evaluated": 39, "total": 43, "run": "validation_epoch_139"}
{"evaluated": 40, "total": 43, "run": "validation_epoch_139"}
{"evaluated": 41, "total": 43, "run": "validation_epoch_139"}
{"evaluated": 42, "total": 43, "run": "validation_epoch_139"}
{"evaluated": 43, "total": 43, "run": "validation_epoch_139"}
{"protocol": "binary-pressure-low", "seed": 1, "epoch": 139, "train_loss": 0.0013951349925870697, "seconds": 11.318360090255737, "final_solver_validation_distance": 0.10713315049872414}
{"evaluated": 1, "total": 43, "run": "validation_epoch_149"}
{"evaluated": 2, "total": 43, "run": "validation_epoch_149"}
{"evaluated": 3, "total": 43, "run": "validation_epoch_149"}
{"evaluated": 4, "total": 43, "run": "validation_epoch_149"}
{"evaluated": 5, "total": 43, "run": "validation_epoch_149"}
{"evaluated": 6, "total": 43, "run": "validation_epoch_149"}
{"evaluated": 7, "total": 43, "run": "validation_epoch_149"}
{"evaluated": 8, "total": 43, "run": "validation_epoch_149"}
{"evaluated": 9, "total": 43, "run": "validation_epoch_149"}
{"evaluated": 10, "total": 43, "run": "validation_epoch_149"}
{"evaluated": 11, "total": 43, "run": "validation_epoch_149"}
{"evaluated": 12, "total": 43, "run": "validation_epoch_149"}
{"evaluated": 13, "total": 43, "run": "validation_epoch_149"}
{"evaluated": 14, "total": 43, "run": "validation_epoch_149"}
{"evaluated": 15, "total": 43, "run": "validation_epoch_149"}
{"evaluated": 16, "total": 43, "run": "validation_epoch_149"}
{"evaluated": 17, "total": 43, "run": "validation_epoch_149"}
{"evaluated": 18, "total": 43, "run": "validation_epoch_149"}
{"evaluated": 19, "total": 43, "run": "validation_epoch_149"}
{"evaluated": 20, "total": 43, "run": "validation_epoch_149"}
{"evaluated": 21, "total": 43, "run": "validation_epoch_149"}
{"evaluated": 22, "total": 43, "run": "validation_epoch_149"}
{"evaluated": 23, "total": 43, "run": "validation_epoch_149"}
{"evaluated": 24, "total": 43, "run": "validation_epoch_149"}
{"evaluated": 25, "total": 43, "run": "validation_epoch_149"}
{"evaluated": 26, "total": 43, "run": "validation_epoch_149"}
{"evaluated": 27, "total": 43, "run": "validation_epoch_149"}
{"evaluated": 28, "total": 43, "run": "validation_epoch_149"}
{"evaluated": 29, "total": 43, "run": "validation_epoch_149"}
{"evaluated": 30, "total": 43, "run": "validation_epoch_149"}
{"evaluated": 31, "total": 43, "run": "validation_epoch_149"}
{"evaluated": 32, "total": 43, "run": "validation_epoch_149"}
{"evaluated": 33, "total": 43, "run": "validation_epoch_149"}
{"evaluated": 34, "total": 43, "run": "validation_epoch_149"}
{"evaluated": 35, "total": 43, "run": "validation_epoch_149"}
{"evaluated": 36, "total": 43, "run": "validation_epoch_149"}
{"evaluated": 37, "total": 43, "run": "validation_epoch_149"}
{"evaluated": 38, "total": 43, "run": "validation_epoch_149"}
{"evaluated": 39, "total": 43, "run": "validation_epoch_149"}
{"evaluated": 40, "total": 43, "run": "validation_epoch_149"}
{"evaluated": 41, "total": 43, "run": "validation_epoch_149"}
{"evaluated": 42, "total": 43, "run": "validation_epoch_149"}
{"evaluated": 43, "total": 43, "run": "validation_epoch_149"}
{"protocol": "binary-pressure-low", "seed": 1, "epoch": 149, "train_loss": 0.0013652583584189415, "seconds": 12.28613567352295, "final_solver_validation_distance": 0.1128504267002337}
{"evaluated": 1, "total": 43, "run": "validation_epoch_159"}
{"evaluated": 2, "total": 43, "run": "validation_epoch_159"}
{"evaluated": 3, "total": 43, "run": "validation_epoch_159"}
{"evaluated": 4, "total": 43, "run": "validation_epoch_159"}
{"evaluated": 5, "total": 43, "run": "validation_epoch_159"}
{"evaluated": 6, "total": 43, "run": "validation_epoch_159"}
{"evaluated": 7, "total": 43, "run": "validation_epoch_159"}
{"evaluated": 8, "total": 43, "run": "validation_epoch_159"}
{"evaluated": 9, "total": 43, "run": "validation_epoch_159"}
{"evaluated": 10, "total": 43, "run": "validation_epoch_159"}
{"evaluated": 11, "total": 43, "run": "validation_epoch_159"}
{"evaluated": 12, "total": 43, "run": "validation_epoch_159"}
{"evaluated": 13, "total": 43, "run": "validation_epoch_159"}
{"evaluated": 14, "total": 43, "run": "validation_epoch_159"}
{"evaluated": 15, "total": 43, "run": "validation_epoch_159"}
{"evaluated": 16, "total": 43, "run": "validation_epoch_159"}
{"evaluated": 17, "total": 43, "run": "validation_epoch_159"}
{"evaluated": 18, "total": 43, "run": "validation_epoch_159"}
{"evaluated": 19, "total": 43, "run": "validation_epoch_159"}
{"evaluated": 20, "total": 43, "run": "validation_epoch_159"}
{"evaluated": 21, "total": 43, "run": "validation_epoch_159"}
{"evaluated": 22, "total": 43, "run": "validation_epoch_159"}
{"evaluated": 23, "total": 43, "run": "validation_epoch_159"}
{"evaluated": 24, "total": 43, "run": "validation_epoch_159"}
{"evaluated": 25, "total": 43, "run": "validation_epoch_159"}
{"evaluated": 26, "total": 43, "run": "validation_epoch_159"}
{"evaluated": 27, "total": 43, "run": "validation_epoch_159"}
{"evaluated": 28, "total": 43, "run": "validation_epoch_159"}
{"evaluated": 29, "total": 43, "run": "validation_epoch_159"}
{"evaluated": 30, "total": 43, "run": "validation_epoch_159"}
{"evaluated": 31, "total": 43, "run": "validation_epoch_159"}
{"evaluated": 32, "total": 43, "run": "validation_epoch_159"}
{"evaluated": 33, "total": 43, "run": "validation_epoch_159"}
{"evaluated": 34, "total": 43, "run": "validation_epoch_159"}
{"evaluated": 35, "total": 43, "run": "validation_epoch_159"}
{"evaluated": 36, "total": 43, "run": "validation_epoch_159"}
{"evaluated": 37, "total": 43, "run": "validation_epoch_159"}
{"evaluated": 38, "total": 43, "run": "validation_epoch_159"}
{"evaluated": 39, "total": 43, "run": "validation_epoch_159"}
{"evaluated": 40, "total": 43, "run": "validation_epoch_159"}
{"evaluated": 41, "total": 43, "run": "validation_epoch_159"}
{"evaluated": 42, "total": 43, "run": "validation_epoch_159"}
{"evaluated": 43, "total": 43, "run": "validation_epoch_159"}
{"protocol": "binary-pressure-low", "seed": 1, "epoch": 159, "train_loss": 0.0013370189505318801, "seconds": 13.181816816329956, "final_solver_validation_distance": 0.10861394000133733}
{"evaluated": 1, "total": 43, "run": "seed_1"}
{"evaluated": 2, "total": 43, "run": "seed_1"}
{"evaluated": 3, "total": 43, "run": "seed_1"}
{"evaluated": 4, "total": 43, "run": "seed_1"}
{"evaluated": 5, "total": 43, "run": "seed_1"}
{"evaluated": 6, "total": 43, "run": "seed_1"}
{"evaluated": 7, "total": 43, "run": "seed_1"}
{"evaluated": 8, "total": 43, "run": "seed_1"}
{"evaluated": 9, "total": 43, "run": "seed_1"}
{"evaluated": 10, "total": 43, "run": "seed_1"}
{"evaluated": 11, "total": 43, "run": "seed_1"}
{"evaluated": 12, "total": 43, "run": "seed_1"}
{"evaluated": 13, "total": 43, "run": "seed_1"}
{"evaluated": 14, "total": 43, "run": "seed_1"}
{"evaluated": 15, "total": 43, "run": "seed_1"}
{"evaluated": 16, "total": 43, "run": "seed_1"}
{"evaluated": 17, "total": 43, "run": "seed_1"}
{"evaluated": 18, "total": 43, "run": "seed_1"}
{"evaluated": 19, "total": 43, "run": "seed_1"}
{"evaluated": 20, "total": 43, "run": "seed_1"}
{"evaluated": 21, "total": 43, "run": "seed_1"}
{"evaluated": 22, "total": 43, "run": "seed_1"}
{"evaluated": 23, "total": 43, "run": "seed_1"}
{"evaluated": 24, "total": 43, "run": "seed_1"}
{"evaluated": 25, "total": 43, "run": "seed_1"}
{"evaluated": 26, "total": 43, "run": "seed_1"}
{"evaluated": 27, "total": 43, "run": "seed_1"}
{"evaluated": 28, "total": 43, "run": "seed_1"}
{"evaluated": 29, "total": 43, "run": "seed_1"}
{"evaluated": 30, "total": 43, "run": "seed_1"}
{"evaluated": 31, "total": 43, "run": "seed_1"}
{"evaluated": 32, "total": 43, "run": "seed_1"}
{"evaluated": 33, "total": 43, "run": "seed_1"}
{"evaluated": 34, "total": 43, "run": "seed_1"}
{"evaluated": 35, "total": 43, "run": "seed_1"}
{"evaluated": 36, "total": 43, "run": "seed_1"}
{"evaluated": 37, "total": 43, "run": "seed_1"}
{"evaluated": 38, "total": 43, "run": "seed_1"}
{"evaluated": 39, "total": 43, "run": "seed_1"}
{"evaluated": 40, "total": 43, "run": "seed_1"}
{"evaluated": 41, "total": 43, "run": "seed_1"}
{"evaluated": 42, "total": 43, "run": "seed_1"}
{"evaluated": 43, "total": 43, "run": "seed_1"}
{"completed": "binary-pressure-low", "seed": 1, "test": {"conditions": 43, "successful_conditions": 43, "success_fraction": 1.0, "failure_penalized_set_distance": 0.10603180439024289, "observed_coverage_at_0.02": 0.4186046511627907, "matched_endpoint_r2_successful_only": 0.7813225329721324, "matched_endpoint_mae_successful_only": 0.08418082508311167, "matched_endpoint_rmse_successful_only": 0.18722995560735495, "max_equilibrium_rms": 5.024834887341172e-15, "min_grid_tpd": -1.1969591984239969e-15, "r2_target_met": false}}
{"evaluated": 1, "total": 43, "run": "validation_epoch_9"}
{"evaluated": 2, "total": 43, "run": "validation_epoch_9"}
{"evaluated": 3, "total": 43, "run": "validation_epoch_9"}
{"evaluated": 4, "total": 43, "run": "validation_epoch_9"}
{"evaluated": 5, "total": 43, "run": "validation_epoch_9"}
{"evaluated": 6, "total": 43, "run": "validation_epoch_9"}
{"evaluated": 7, "total": 43, "run": "validation_epoch_9"}
{"evaluated": 8, "total": 43, "run": "validation_epoch_9"}
{"evaluated": 9, "total": 43, "run": "validation_epoch_9"}
{"evaluated": 10, "total": 43, "run": "validation_epoch_9"}
{"evaluated": 11, "total": 43, "run": "validation_epoch_9"}
{"evaluated": 12, "total": 43, "run": "validation_epoch_9"}
{"evaluated": 13, "total": 43, "run": "validation_epoch_9"}
{"evaluated": 14, "total": 43, "run": "validation_epoch_9"}
{"evaluated": 15, "total": 43, "run": "validation_epoch_9"}
{"evaluated": 16, "total": 43, "run": "validation_epoch_9"}
{"evaluated": 17, "total": 43, "run": "validation_epoch_9"}
{"evaluated": 18, "total": 43, "run": "validation_epoch_9"}
{"evaluated": 19, "total": 43, "run": "validation_epoch_9"}
{"evaluated": 20, "total": 43, "run": "validation_epoch_9"}
{"evaluated": 21, "total": 43, "run": "validation_epoch_9"}
{"evaluated": 22, "total": 43, "run": "validation_epoch_9"}
{"evaluated": 23, "total": 43, "run": "validation_epoch_9"}
{"evaluated": 24, "total": 43, "run": "validation_epoch_9"}
{"evaluated": 25, "total": 43, "run": "validation_epoch_9"}
{"evaluated": 26, "total": 43, "run": "validation_epoch_9"}
{"evaluated": 27, "total": 43, "run": "validation_epoch_9"}
{"evaluated": 28, "total": 43, "run": "validation_epoch_9"}
{"evaluated": 29, "total": 43, "run": "validation_epoch_9"}
{"evaluated": 30, "total": 43, "run": "validation_epoch_9"}
{"evaluated": 31, "total": 43, "run": "validation_epoch_9"}
{"evaluated": 32, "total": 43, "run": "validation_epoch_9"}
{"evaluated": 33, "total": 43, "run": "validation_epoch_9"}
{"evaluated": 34, "total": 43, "run": "validation_epoch_9"}
{"evaluated": 35, "total": 43, "run": "validation_epoch_9"}
{"evaluated": 36, "total": 43, "run": "validation_epoch_9"}
{"evaluated": 37, "total": 43, "run": "validation_epoch_9"}
{"evaluated": 38, "total": 43, "run": "validation_epoch_9"}
{"evaluated": 39, "total": 43, "run": "validation_epoch_9"}
{"evaluated": 40, "total": 43, "run": "validation_epoch_9"}
{"evaluated": 41, "total": 43, "run": "validation_epoch_9"}
{"evaluated": 42, "total": 43, "run": "validation_epoch_9"}
{"evaluated": 43, "total": 43, "run": "validation_epoch_9"}
{"protocol": "binary-pressure-low", "seed": 2, "epoch": 9, "train_loss": 0.002752479709063967, "seconds": 0.3502669334411621, "final_solver_validation_distance": 0.12868275506190419}
{"evaluated": 1, "total": 43, "run": "validation_epoch_19"}
{"evaluated": 2, "total": 43, "run": "validation_epoch_19"}
{"evaluated": 3, "total": 43, "run": "validation_epoch_19"}
{"evaluated": 4, "total": 43, "run": "validation_epoch_19"}
{"evaluated": 5, "total": 43, "run": "validation_epoch_19"}
{"evaluated": 6, "total": 43, "run": "validation_epoch_19"}
{"evaluated": 7, "total": 43, "run": "validation_epoch_19"}
{"evaluated": 8, "total": 43, "run": "validation_epoch_19"}
{"evaluated": 9, "total": 43, "run": "validation_epoch_19"}
{"evaluated": 10, "total": 43, "run": "validation_epoch_19"}
{"evaluated": 11, "total": 43, "run": "validation_epoch_19"}
{"evaluated": 12, "total": 43, "run": "validation_epoch_19"}
{"evaluated": 13, "total": 43, "run": "validation_epoch_19"}
{"evaluated": 14, "total": 43, "run": "validation_epoch_19"}
{"evaluated": 15, "total": 43, "run": "validation_epoch_19"}
{"evaluated": 16, "total": 43, "run": "validation_epoch_19"}
{"evaluated": 17, "total": 43, "run": "validation_epoch_19"}
{"evaluated": 18, "total": 43, "run": "validation_epoch_19"}
{"evaluated": 19, "total": 43, "run": "validation_epoch_19"}
{"evaluated": 20, "total": 43, "run": "validation_epoch_19"}
{"evaluated": 21, "total": 43, "run": "validation_epoch_19"}
{"evaluated": 22, "total": 43, "run": "validation_epoch_19"}
{"evaluated": 23, "total": 43, "run": "validation_epoch_19"}
{"evaluated": 24, "total": 43, "run": "validation_epoch_19"}
{"evaluated": 25, "total": 43, "run": "validation_epoch_19"}
{"evaluated": 26, "total": 43, "run": "validation_epoch_19"}
{"evaluated": 27, "total": 43, "run": "validation_epoch_19"}
{"evaluated": 28, "total": 43, "run": "validation_epoch_19"}
{"evaluated": 29, "total": 43, "run": "validation_epoch_19"}
{"evaluated": 30, "total": 43, "run": "validation_epoch_19"}
{"evaluated": 31, "total": 43, "run": "validation_epoch_19"}
{"evaluated": 32, "total": 43, "run": "validation_epoch_19"}
{"evaluated": 33, "total": 43, "run": "validation_epoch_19"}
{"evaluated": 34, "total": 43, "run": "validation_epoch_19"}
{"evaluated": 35, "total": 43, "run": "validation_epoch_19"}
{"evaluated": 36, "total": 43, "run": "validation_epoch_19"}
{"evaluated": 37, "total": 43, "run": "validation_epoch_19"}
{"evaluated": 38, "total": 43, "run": "validation_epoch_19"}
{"evaluated": 39, "total": 43, "run": "validation_epoch_19"}
{"evaluated": 40, "total": 43, "run": "validation_epoch_19"}
{"evaluated": 41, "total": 43, "run": "validation_epoch_19"}
{"evaluated": 42, "total": 43, "run": "validation_epoch_19"}
{"evaluated": 43, "total": 43, "run": "validation_epoch_19"}
{"protocol": "binary-pressure-low", "seed": 2, "epoch": 19, "train_loss": 0.0017203295913835366, "seconds": 1.2055668830871582, "final_solver_validation_distance": 0.1134891631731399}
{"evaluated": 1, "total": 43, "run": "validation_epoch_29"}
{"evaluated": 2, "total": 43, "run": "validation_epoch_29"}
{"evaluated": 3, "total": 43, "run": "validation_epoch_29"}
{"evaluated": 4, "total": 43, "run": "validation_epoch_29"}
{"evaluated": 5, "total": 43, "run": "validation_epoch_29"}
{"evaluated": 6, "total": 43, "run": "validation_epoch_29"}
{"evaluated": 7, "total": 43, "run": "validation_epoch_29"}
{"evaluated": 8, "total": 43, "run": "validation_epoch_29"}
{"evaluated": 9, "total": 43, "run": "validation_epoch_29"}
{"evaluated": 10, "total": 43, "run": "validation_epoch_29"}
{"evaluated": 11, "total": 43, "run": "validation_epoch_29"}
{"evaluated": 12, "total": 43, "run": "validation_epoch_29"}
{"evaluated": 13, "total": 43, "run": "validation_epoch_29"}
{"evaluated": 14, "total": 43, "run": "validation_epoch_29"}
{"evaluated": 15, "total": 43, "run": "validation_epoch_29"}
{"evaluated": 16, "total": 43, "run": "validation_epoch_29"}
{"evaluated": 17, "total": 43, "run": "validation_epoch_29"}
{"evaluated": 18, "total": 43, "run": "validation_epoch_29"}
{"evaluated": 19, "total": 43, "run": "validation_epoch_29"}
{"evaluated": 20, "total": 43, "run": "validation_epoch_29"}
{"evaluated": 21, "total": 43, "run": "validation_epoch_29"}
{"evaluated": 22, "total": 43, "run": "validation_epoch_29"}
{"evaluated": 23, "total": 43, "run": "validation_epoch_29"}
{"evaluated": 24, "total": 43, "run": "validation_epoch_29"}
{"evaluated": 25, "total": 43, "run": "validation_epoch_29"}
{"evaluated": 26, "total": 43, "run": "validation_epoch_29"}
{"evaluated": 27, "total": 43, "run": "validation_epoch_29"}
{"evaluated": 28, "total": 43, "run": "validation_epoch_29"}
{"evaluated": 29, "total": 43, "run": "validation_epoch_29"}
{"evaluated": 30, "total": 43, "run": "validation_epoch_29"}
{"evaluated": 31, "total": 43, "run": "validation_epoch_29"}
{"evaluated": 32, "total": 43, "run": "validation_epoch_29"}
{"evaluated": 33, "total": 43, "run": "validation_epoch_29"}
{"evaluated": 34, "total": 43, "run": "validation_epoch_29"}
{"evaluated": 35, "total": 43, "run": "validation_epoch_29"}
{"evaluated": 36, "total": 43, "run": "validation_epoch_29"}
{"evaluated": 37, "total": 43, "run": "validation_epoch_29"}
{"evaluated": 38, "total": 43, "run": "validation_epoch_29"}
{"evaluated": 39, "total": 43, "run": "validation_epoch_29"}
{"evaluated": 40, "total": 43, "run": "validation_epoch_29"}
{"evaluated": 41, "total": 43, "run": "validation_epoch_29"}
{"evaluated": 42, "total": 43, "run": "validation_epoch_29"}
{"evaluated": 43, "total": 43, "run": "validation_epoch_29"}
{"protocol": "binary-pressure-low", "seed": 2, "epoch": 29, "train_loss": 0.0014506456597397726, "seconds": 2.030090808868408, "final_solver_validation_distance": 0.10903718260192337}
{"evaluated": 1, "total": 43, "run": "validation_epoch_39"}
{"evaluated": 2, "total": 43, "run": "validation_epoch_39"}
{"evaluated": 3, "total": 43, "run": "validation_epoch_39"}
{"evaluated": 4, "total": 43, "run": "validation_epoch_39"}
{"evaluated": 5, "total": 43, "run": "validation_epoch_39"}
{"evaluated": 6, "total": 43, "run": "validation_epoch_39"}
{"evaluated": 7, "total": 43, "run": "validation_epoch_39"}
{"evaluated": 8, "total": 43, "run": "validation_epoch_39"}
{"evaluated": 9, "total": 43, "run": "validation_epoch_39"}
{"evaluated": 10, "total": 43, "run": "validation_epoch_39"}
{"evaluated": 11, "total": 43, "run": "validation_epoch_39"}
{"evaluated": 12, "total": 43, "run": "validation_epoch_39"}
{"evaluated": 13, "total": 43, "run": "validation_epoch_39"}
{"evaluated": 14, "total": 43, "run": "validation_epoch_39"}
{"evaluated": 15, "total": 43, "run": "validation_epoch_39"}
{"evaluated": 16, "total": 43, "run": "validation_epoch_39"}
{"evaluated": 17, "total": 43, "run": "validation_epoch_39"}
{"evaluated": 18, "total": 43, "run": "validation_epoch_39"}
{"evaluated": 19, "total": 43, "run": "validation_epoch_39"}
{"evaluated": 20, "total": 43, "run": "validation_epoch_39"}
{"evaluated": 21, "total": 43, "run": "validation_epoch_39"}
{"evaluated": 22, "total": 43, "run": "validation_epoch_39"}
{"evaluated": 23, "total": 43, "run": "validation_epoch_39"}
{"evaluated": 24, "total": 43, "run": "validation_epoch_39"}
{"evaluated": 25, "total": 43, "run": "validation_epoch_39"}
{"evaluated": 26, "total": 43, "run": "validation_epoch_39"}
{"evaluated": 27, "total": 43, "run": "validation_epoch_39"}
{"evaluated": 28, "total": 43, "run": "validation_epoch_39"}
{"evaluated": 29, "total": 43, "run": "validation_epoch_39"}
{"evaluated": 30, "total": 43, "run": "validation_epoch_39"}
{"evaluated": 31, "total": 43, "run": "validation_epoch_39"}
{"evaluated": 32, "total": 43, "run": "validation_epoch_39"}
{"evaluated": 33, "total": 43, "run": "validation_epoch_39"}
{"evaluated": 34, "total": 43, "run": "validation_epoch_39"}
{"evaluated": 35, "total": 43, "run": "validation_epoch_39"}
{"evaluated": 36, "total": 43, "run": "validation_epoch_39"}
{"evaluated": 37, "total": 43, "run": "validation_epoch_39"}
{"evaluated": 38, "total": 43, "run": "validation_epoch_39"}
{"evaluated": 39, "total": 43, "run": "validation_epoch_39"}
{"evaluated": 40, "total": 43, "run": "validation_epoch_39"}
{"evaluated": 41, "total": 43, "run": "validation_epoch_39"}
{"evaluated": 42, "total": 43, "run": "validation_epoch_39"}
{"evaluated": 43, "total": 43, "run": "validation_epoch_39"}
{"protocol": "binary-pressure-low", "seed": 2, "epoch": 39, "train_loss": 0.0014655924557397764, "seconds": 2.8444743156433105, "final_solver_validation_distance": 0.11257111905310196}
{"evaluated": 1, "total": 43, "run": "validation_epoch_49"}
{"evaluated": 2, "total": 43, "run": "validation_epoch_49"}
{"evaluated": 3, "total": 43, "run": "validation_epoch_49"}
{"evaluated": 4, "total": 43, "run": "validation_epoch_49"}
{"evaluated": 5, "total": 43, "run": "validation_epoch_49"}
{"evaluated": 6, "total": 43, "run": "validation_epoch_49"}
{"evaluated": 7, "total": 43, "run": "validation_epoch_49"}
{"evaluated": 8, "total": 43, "run": "validation_epoch_49"}
{"evaluated": 9, "total": 43, "run": "validation_epoch_49"}
{"evaluated": 10, "total": 43, "run": "validation_epoch_49"}
{"evaluated": 11, "total": 43, "run": "validation_epoch_49"}
{"evaluated": 12, "total": 43, "run": "validation_epoch_49"}
{"evaluated": 13, "total": 43, "run": "validation_epoch_49"}
{"evaluated": 14, "total": 43, "run": "validation_epoch_49"}
{"evaluated": 15, "total": 43, "run": "validation_epoch_49"}
{"evaluated": 16, "total": 43, "run": "validation_epoch_49"}
{"evaluated": 17, "total": 43, "run": "validation_epoch_49"}
{"evaluated": 18, "total": 43, "run": "validation_epoch_49"}
{"evaluated": 19, "total": 43, "run": "validation_epoch_49"}
{"evaluated": 20, "total": 43, "run": "validation_epoch_49"}
{"evaluated": 21, "total": 43, "run": "validation_epoch_49"}
{"evaluated": 22, "total": 43, "run": "validation_epoch_49"}
{"evaluated": 23, "total": 43, "run": "validation_epoch_49"}
{"evaluated": 24, "total": 43, "run": "validation_epoch_49"}
{"evaluated": 25, "total": 43, "run": "validation_epoch_49"}
{"evaluated": 26, "total": 43, "run": "validation_epoch_49"}
{"evaluated": 27, "total": 43, "run": "validation_epoch_49"}
{"evaluated": 28, "total": 43, "run": "validation_epoch_49"}
{"evaluated": 29, "total": 43, "run": "validation_epoch_49"}
{"evaluated": 30, "total": 43, "run": "validation_epoch_49"}
{"evaluated": 31, "total": 43, "run": "validation_epoch_49"}
{"evaluated": 32, "total": 43, "run": "validation_epoch_49"}
{"evaluated": 33, "total": 43, "run": "validation_epoch_49"}
{"evaluated": 34, "total": 43, "run": "validation_epoch_49"}
{"evaluated": 35, "total": 43, "run": "validation_epoch_49"}
{"evaluated": 36, "total": 43, "run": "validation_epoch_49"}
{"evaluated": 37, "total": 43, "run": "validation_epoch_49"}
{"evaluated": 38, "total": 43, "run": "validation_epoch_49"}
{"evaluated": 39, "total": 43, "run": "validation_epoch_49"}
{"evaluated": 40, "total": 43, "run": "validation_epoch_49"}
{"evaluated": 41, "total": 43, "run": "validation_epoch_49"}
{"evaluated": 42, "total": 43, "run": "validation_epoch_49"}
{"evaluated": 43, "total": 43, "run": "validation_epoch_49"}
{"protocol": "binary-pressure-low", "seed": 2, "epoch": 49, "train_loss": 0.0015817359477902453, "seconds": 3.6563615798950195, "final_solver_validation_distance": 0.10836158484876214}
{"evaluated": 1, "total": 43, "run": "validation_epoch_59"}
{"evaluated": 2, "total": 43, "run": "validation_epoch_59"}
{"evaluated": 3, "total": 43, "run": "validation_epoch_59"}
{"evaluated": 4, "total": 43, "run": "validation_epoch_59"}
{"evaluated": 5, "total": 43, "run": "validation_epoch_59"}
{"evaluated": 6, "total": 43, "run": "validation_epoch_59"}
{"evaluated": 7, "total": 43, "run": "validation_epoch_59"}
{"evaluated": 8, "total": 43, "run": "validation_epoch_59"}
{"evaluated": 9, "total": 43, "run": "validation_epoch_59"}
{"evaluated": 10, "total": 43, "run": "validation_epoch_59"}
{"evaluated": 11, "total": 43, "run": "validation_epoch_59"}
{"evaluated": 12, "total": 43, "run": "validation_epoch_59"}
{"evaluated": 13, "total": 43, "run": "validation_epoch_59"}
{"evaluated": 14, "total": 43, "run": "validation_epoch_59"}
{"evaluated": 15, "total": 43, "run": "validation_epoch_59"}
{"evaluated": 16, "total": 43, "run": "validation_epoch_59"}
{"evaluated": 17, "total": 43, "run": "validation_epoch_59"}
{"evaluated": 18, "total": 43, "run": "validation_epoch_59"}
{"evaluated": 19, "total": 43, "run": "validation_epoch_59"}
{"evaluated": 20, "total": 43, "run": "validation_epoch_59"}
{"evaluated": 21, "total": 43, "run": "validation_epoch_59"}
{"evaluated": 22, "total": 43, "run": "validation_epoch_59"}
{"evaluated": 23, "total": 43, "run": "validation_epoch_59"}
{"evaluated": 24, "total": 43, "run": "validation_epoch_59"}
{"evaluated": 25, "total": 43, "run": "validation_epoch_59"}
{"evaluated": 26, "total": 43, "run": "validation_epoch_59"}
{"evaluated": 27, "total": 43, "run": "validation_epoch_59"}
{"evaluated": 28, "total": 43, "run": "validation_epoch_59"}
{"evaluated": 29, "total": 43, "run": "validation_epoch_59"}
{"evaluated": 30, "total": 43, "run": "validation_epoch_59"}
{"evaluated": 31, "total": 43, "run": "validation_epoch_59"}
{"evaluated": 32, "total": 43, "run": "validation_epoch_59"}
{"evaluated": 33, "total": 43, "run": "validation_epoch_59"}
{"evaluated": 34, "total": 43, "run": "validation_epoch_59"}
{"evaluated": 35, "total": 43, "run": "validation_epoch_59"}
{"evaluated": 36, "total": 43, "run": "validation_epoch_59"}
{"evaluated": 37, "total": 43, "run": "validation_epoch_59"}
{"evaluated": 38, "total": 43, "run": "validation_epoch_59"}
{"evaluated": 39, "total": 43, "run": "validation_epoch_59"}
{"evaluated": 40, "total": 43, "run": "validation_epoch_59"}
{"evaluated": 41, "total": 43, "run": "validation_epoch_59"}
{"evaluated": 42, "total": 43, "run": "validation_epoch_59"}
{"evaluated": 43, "total": 43, "run": "validation_epoch_59"}
{"protocol": "binary-pressure-low", "seed": 2, "epoch": 59, "train_loss": 0.0015333466387043397, "seconds": 4.433305025100708, "final_solver_validation_distance": 0.11071713402414426}
{"evaluated": 1, "total": 43, "run": "validation_epoch_69"}
{"evaluated": 2, "total": 43, "run": "validation_epoch_69"}
{"evaluated": 3, "total": 43, "run": "validation_epoch_69"}
{"evaluated": 4, "total": 43, "run": "validation_epoch_69"}
{"evaluated": 5, "total": 43, "run": "validation_epoch_69"}
{"evaluated": 6, "total": 43, "run": "validation_epoch_69"}
{"evaluated": 7, "total": 43, "run": "validation_epoch_69"}
{"evaluated": 8, "total": 43, "run": "validation_epoch_69"}
{"evaluated": 9, "total": 43, "run": "validation_epoch_69"}
{"evaluated": 10, "total": 43, "run": "validation_epoch_69"}
{"evaluated": 11, "total": 43, "run": "validation_epoch_69"}
{"evaluated": 12, "total": 43, "run": "validation_epoch_69"}
{"evaluated": 13, "total": 43, "run": "validation_epoch_69"}
{"evaluated": 14, "total": 43, "run": "validation_epoch_69"}
{"evaluated": 15, "total": 43, "run": "validation_epoch_69"}
{"evaluated": 16, "total": 43, "run": "validation_epoch_69"}
{"evaluated": 17, "total": 43, "run": "validation_epoch_69"}
{"evaluated": 18, "total": 43, "run": "validation_epoch_69"}
{"evaluated": 19, "total": 43, "run": "validation_epoch_69"}
{"evaluated": 20, "total": 43, "run": "validation_epoch_69"}
{"evaluated": 21, "total": 43, "run": "validation_epoch_69"}
{"evaluated": 22, "total": 43, "run": "validation_epoch_69"}
{"evaluated": 23, "total": 43, "run": "validation_epoch_69"}
{"evaluated": 24, "total": 43, "run": "validation_epoch_69"}
{"evaluated": 25, "total": 43, "run": "validation_epoch_69"}
{"evaluated": 26, "total": 43, "run": "validation_epoch_69"}
{"evaluated": 27, "total": 43, "run": "validation_epoch_69"}
{"evaluated": 28, "total": 43, "run": "validation_epoch_69"}
{"evaluated": 29, "total": 43, "run": "validation_epoch_69"}
{"evaluated": 30, "total": 43, "run": "validation_epoch_69"}
{"evaluated": 31, "total": 43, "run": "validation_epoch_69"}
{"evaluated": 32, "total": 43, "run": "validation_epoch_69"}
{"evaluated": 33, "total": 43, "run": "validation_epoch_69"}
{"evaluated": 34, "total": 43, "run": "validation_epoch_69"}
{"evaluated": 35, "total": 43, "run": "validation_epoch_69"}
{"evaluated": 36, "total": 43, "run": "validation_epoch_69"}
{"evaluated": 37, "total": 43, "run": "validation_epoch_69"}
{"evaluated": 38, "total": 43, "run": "validation_epoch_69"}
{"evaluated": 39, "total": 43, "run": "validation_epoch_69"}
{"evaluated": 40, "total": 43, "run": "validation_epoch_69"}
{"evaluated": 41, "total": 43, "run": "validation_epoch_69"}
{"evaluated": 42, "total": 43, "run": "validation_epoch_69"}
{"evaluated": 43, "total": 43, "run": "validation_epoch_69"}
{"protocol": "binary-pressure-low", "seed": 2, "epoch": 69, "train_loss": 0.0015087461797520518, "seconds": 5.199497222900391, "final_solver_validation_distance": 0.11231964353639322}
{"evaluated": 1, "total": 43, "run": "validation_epoch_79"}
{"evaluated": 2, "total": 43, "run": "validation_epoch_79"}
{"evaluated": 3, "total": 43, "run": "validation_epoch_79"}
{"evaluated": 4, "total": 43, "run": "validation_epoch_79"}
{"evaluated": 5, "total": 43, "run": "validation_epoch_79"}
{"evaluated": 6, "total": 43, "run": "validation_epoch_79"}
{"evaluated": 7, "total": 43, "run": "validation_epoch_79"}
{"evaluated": 8, "total": 43, "run": "validation_epoch_79"}
{"evaluated": 9, "total": 43, "run": "validation_epoch_79"}
{"evaluated": 10, "total": 43, "run": "validation_epoch_79"}
{"evaluated": 11, "total": 43, "run": "validation_epoch_79"}
{"evaluated": 12, "total": 43, "run": "validation_epoch_79"}
{"evaluated": 13, "total": 43, "run": "validation_epoch_79"}
{"evaluated": 14, "total": 43, "run": "validation_epoch_79"}
{"evaluated": 15, "total": 43, "run": "validation_epoch_79"}
{"evaluated": 16, "total": 43, "run": "validation_epoch_79"}
{"evaluated": 17, "total": 43, "run": "validation_epoch_79"}
{"evaluated": 18, "total": 43, "run": "validation_epoch_79"}
{"evaluated": 19, "total": 43, "run": "validation_epoch_79"}
{"evaluated": 20, "total": 43, "run": "validation_epoch_79"}
{"evaluated": 21, "total": 43, "run": "validation_epoch_79"}
{"evaluated": 22, "total": 43, "run": "validation_epoch_79"}
{"evaluated": 23, "total": 43, "run": "validation_epoch_79"}
{"evaluated": 24, "total": 43, "run": "validation_epoch_79"}
{"evaluated": 25, "total": 43, "run": "validation_epoch_79"}
{"evaluated": 26, "total": 43, "run": "validation_epoch_79"}
{"evaluated": 27, "total": 43, "run": "validation_epoch_79"}
{"evaluated": 28, "total": 43, "run": "validation_epoch_79"}
{"evaluated": 29, "total": 43, "run": "validation_epoch_79"}
{"evaluated": 30, "total": 43, "run": "validation_epoch_79"}
{"evaluated": 31, "total": 43, "run": "validation_epoch_79"}
{"evaluated": 32, "total": 43, "run": "validation_epoch_79"}
{"evaluated": 33, "total": 43, "run": "validation_epoch_79"}
{"evaluated": 34, "total": 43, "run": "validation_epoch_79"}
{"evaluated": 35, "total": 43, "run": "validation_epoch_79"}
{"evaluated": 36, "total": 43, "run": "validation_epoch_79"}
{"evaluated": 37, "total": 43, "run": "validation_epoch_79"}
{"evaluated": 38, "total": 43, "run": "validation_epoch_79"}
{"evaluated": 39, "total": 43, "run": "validation_epoch_79"}
{"evaluated": 40, "total": 43, "run": "validation_epoch_79"}
{"evaluated": 41, "total": 43, "run": "validation_epoch_79"}
{"evaluated": 42, "total": 43, "run": "validation_epoch_79"}
{"evaluated": 43, "total": 43, "run": "validation_epoch_79"}
{"protocol": "binary-pressure-low", "seed": 2, "epoch": 79, "train_loss": 0.0014231135719455779, "seconds": 5.985523700714111, "final_solver_validation_distance": 0.1090008135065945}
{"evaluated": 1, "total": 43, "run": "validation_epoch_89"}
{"evaluated": 2, "total": 43, "run": "validation_epoch_89"}
{"evaluated": 3, "total": 43, "run": "validation_epoch_89"}
{"evaluated": 4, "total": 43, "run": "validation_epoch_89"}
{"evaluated": 5, "total": 43, "run": "validation_epoch_89"}
{"evaluated": 6, "total": 43, "run": "validation_epoch_89"}
{"evaluated": 7, "total": 43, "run": "validation_epoch_89"}
{"evaluated": 8, "total": 43, "run": "validation_epoch_89"}
{"evaluated": 9, "total": 43, "run": "validation_epoch_89"}
{"evaluated": 10, "total": 43, "run": "validation_epoch_89"}
{"evaluated": 11, "total": 43, "run": "validation_epoch_89"}
{"evaluated": 12, "total": 43, "run": "validation_epoch_89"}
{"evaluated": 13, "total": 43, "run": "validation_epoch_89"}
{"evaluated": 14, "total": 43, "run": "validation_epoch_89"}
{"evaluated": 15, "total": 43, "run": "validation_epoch_89"}
{"evaluated": 16, "total": 43, "run": "validation_epoch_89"}
{"evaluated": 17, "total": 43, "run": "validation_epoch_89"}
{"evaluated": 18, "total": 43, "run": "validation_epoch_89"}
{"evaluated": 19, "total": 43, "run": "validation_epoch_89"}
{"evaluated": 20, "total": 43, "run": "validation_epoch_89"}
{"evaluated": 21, "total": 43, "run": "validation_epoch_89"}
{"evaluated": 22, "total": 43, "run": "validation_epoch_89"}
{"evaluated": 23, "total": 43, "run": "validation_epoch_89"}
{"evaluated": 24, "total": 43, "run": "validation_epoch_89"}
{"evaluated": 25, "total": 43, "run": "validation_epoch_89"}
{"evaluated": 26, "total": 43, "run": "validation_epoch_89"}
{"evaluated": 27, "total": 43, "run": "validation_epoch_89"}
{"evaluated": 28, "total": 43, "run": "validation_epoch_89"}
{"evaluated": 29, "total": 43, "run": "validation_epoch_89"}
{"evaluated": 30, "total": 43, "run": "validation_epoch_89"}
{"evaluated": 31, "total": 43, "run": "validation_epoch_89"}
{"evaluated": 32, "total": 43, "run": "validation_epoch_89"}
{"evaluated": 33, "total": 43, "run": "validation_epoch_89"}
{"evaluated": 34, "total": 43, "run": "validation_epoch_89"}
{"evaluated": 35, "total": 43, "run": "validation_epoch_89"}
{"evaluated": 36, "total": 43, "run": "validation_epoch_89"}
{"evaluated": 37, "total": 43, "run": "validation_epoch_89"}
{"evaluated": 38, "total": 43, "run": "validation_epoch_89"}
{"evaluated": 39, "total": 43, "run": "validation_epoch_89"}
{"evaluated": 40, "total": 43, "run": "validation_epoch_89"}
{"evaluated": 41, "total": 43, "run": "validation_epoch_89"}
{"evaluated": 42, "total": 43, "run": "validation_epoch_89"}
{"evaluated": 43, "total": 43, "run": "validation_epoch_89"}
{"protocol": "binary-pressure-low", "seed": 2, "epoch": 89, "train_loss": 0.0013918010517954826, "seconds": 6.725615739822388, "final_solver_validation_distance": 0.11542473402722163}
{"evaluated": 1, "total": 43, "run": "seed_2"}
{"evaluated": 2, "total": 43, "run": "seed_2"}
{"evaluated": 3, "total": 43, "run": "seed_2"}
{"evaluated": 4, "total": 43, "run": "seed_2"}
{"evaluated": 5, "total": 43, "run": "seed_2"}
{"evaluated": 6, "total": 43, "run": "seed_2"}
{"evaluated": 7, "total": 43, "run": "seed_2"}
{"evaluated": 8, "total": 43, "run": "seed_2"}
{"evaluated": 9, "total": 43, "run": "seed_2"}
{"evaluated": 10, "total": 43, "run": "seed_2"}
{"evaluated": 11, "total": 43, "run": "seed_2"}
{"evaluated": 12, "total": 43, "run": "seed_2"}
{"evaluated": 13, "total": 43, "run": "seed_2"}
{"evaluated": 14, "total": 43, "run": "seed_2"}
{"evaluated": 15, "total": 43, "run": "seed_2"}
{"evaluated": 16, "total": 43, "run": "seed_2"}
{"evaluated": 17, "total": 43, "run": "seed_2"}
{"evaluated": 18, "total": 43, "run": "seed_2"}
{"evaluated": 19, "total": 43, "run": "seed_2"}
{"evaluated": 20, "total": 43, "run": "seed_2"}
{"evaluated": 21, "total": 43, "run": "seed_2"}
{"evaluated": 22, "total": 43, "run": "seed_2"}
{"evaluated": 23, "total": 43, "run": "seed_2"}
{"evaluated": 24, "total": 43, "run": "seed_2"}
{"evaluated": 25, "total": 43, "run": "seed_2"}
{"evaluated": 26, "total": 43, "run": "seed_2"}
{"evaluated": 27, "total": 43, "run": "seed_2"}
{"evaluated": 28, "total": 43, "run": "seed_2"}
{"evaluated": 29, "total": 43, "run": "seed_2"}
{"evaluated": 30, "total": 43, "run": "seed_2"}
{"evaluated": 31, "total": 43, "run": "seed_2"}
{"evaluated": 32, "total": 43, "run": "seed_2"}
{"evaluated": 33, "total": 43, "run": "seed_2"}
{"evaluated": 34, "total": 43, "run": "seed_2"}
{"evaluated": 35, "total": 43, "run": "seed_2"}
{"evaluated": 36, "total": 43, "run": "seed_2"}
{"evaluated": 37, "total": 43, "run": "seed_2"}
{"evaluated": 38, "total": 43, "run": "seed_2"}
{"evaluated": 39, "total": 43, "run": "seed_2"}
{"evaluated": 40, "total": 43, "run": "seed_2"}
{"evaluated": 41, "total": 43, "run": "seed_2"}
{"evaluated": 42, "total": 43, "run": "seed_2"}
{"evaluated": 43, "total": 43, "run": "seed_2"}
{"completed": "binary-pressure-low", "seed": 2, "test": {"conditions": 43, "successful_conditions": 43, "success_fraction": 1.0, "failure_penalized_set_distance": 0.1084782833800864, "observed_coverage_at_0.02": 0.3488372093023256, "matched_endpoint_r2_successful_only": 0.7734031225757964, "matched_endpoint_mae_successful_only": 0.08505445661973869, "matched_endpoint_rmse_successful_only": 0.19059007343004125, "max_equilibrium_rms": 3.806503727288702e-15, "min_grid_tpd": -1.0477729794899915e-15, "r2_target_met": false}}
{"evaluated": 1, "total": 43, "run": "validation_epoch_9"}
{"evaluated": 2, "total": 43, "run": "validation_epoch_9"}
{"evaluated": 3, "total": 43, "run": "validation_epoch_9"}
{"evaluated": 4, "total": 43, "run": "validation_epoch_9"}
{"evaluated": 5, "total": 43, "run": "validation_epoch_9"}
{"evaluated": 6, "total": 43, "run": "validation_epoch_9"}
{"evaluated": 7, "total": 43, "run": "validation_epoch_9"}
{"evaluated": 8, "total": 43, "run": "validation_epoch_9"}
{"evaluated": 9, "total": 43, "run": "validation_epoch_9"}
{"evaluated": 10, "total": 43, "run": "validation_epoch_9"}
{"evaluated": 11, "total": 43, "run": "validation_epoch_9"}
{"evaluated": 12, "total": 43, "run": "validation_epoch_9"}
{"evaluated": 13, "total": 43, "run": "validation_epoch_9"}
{"evaluated": 14, "total": 43, "run": "validation_epoch_9"}
{"evaluated": 15, "total": 43, "run": "validation_epoch_9"}
{"evaluated": 16, "total": 43, "run": "validation_epoch_9"}
{"evaluated": 17, "total": 43, "run": "validation_epoch_9"}
{"evaluated": 18, "total": 43, "run": "validation_epoch_9"}
{"evaluated": 19, "total": 43, "run": "validation_epoch_9"}
{"evaluated": 20, "total": 43, "run": "validation_epoch_9"}
{"evaluated": 21, "total": 43, "run": "validation_epoch_9"}
{"evaluated": 22, "total": 43, "run": "validation_epoch_9"}
{"evaluated": 23, "total": 43, "run": "validation_epoch_9"}
{"evaluated": 24, "total": 43, "run": "validation_epoch_9"}
{"evaluated": 25, "total": 43, "run": "validation_epoch_9"}
{"evaluated": 26, "total": 43, "run": "validation_epoch_9"}
{"evaluated": 27, "total": 43, "run": "validation_epoch_9"}
{"evaluated": 28, "total": 43, "run": "validation_epoch_9"}
{"evaluated": 29, "total": 43, "run": "validation_epoch_9"}
{"evaluated": 30, "total": 43, "run": "validation_epoch_9"}
{"evaluated": 31, "total": 43, "run": "validation_epoch_9"}
{"evaluated": 32, "total": 43, "run": "validation_epoch_9"}
{"evaluated": 33, "total": 43, "run": "validation_epoch_9"}
{"evaluated": 34, "total": 43, "run": "validation_epoch_9"}
{"evaluated": 35, "total": 43, "run": "validation_epoch_9"}
{"evaluated": 36, "total": 43, "run": "validation_epoch_9"}
{"evaluated": 37, "total": 43, "run": "validation_epoch_9"}
{"evaluated": 38, "total": 43, "run": "validation_epoch_9"}
{"evaluated": 39, "total": 43, "run": "validation_epoch_9"}
{"evaluated": 40, "total": 43, "run": "validation_epoch_9"}
{"evaluated": 41, "total": 43, "run": "validation_epoch_9"}
{"evaluated": 42, "total": 43, "run": "validation_epoch_9"}
{"evaluated": 43, "total": 43, "run": "validation_epoch_9"}
{"protocol": "binary-pressure-low", "seed": 3, "epoch": 9, "train_loss": 0.0036297907742361226, "seconds": 0.35097765922546387, "final_solver_validation_distance": 0.12406430973289946}
{"evaluated": 1, "total": 43, "run": "validation_epoch_19"}
{"evaluated": 2, "total": 43, "run": "validation_epoch_19"}
{"evaluated": 3, "total": 43, "run": "validation_epoch_19"}
{"evaluated": 4, "total": 43, "run": "validation_epoch_19"}
{"evaluated": 5, "total": 43, "run": "validation_epoch_19"}
{"evaluated": 6, "total": 43, "run": "validation_epoch_19"}
{"evaluated": 7, "total": 43, "run": "validation_epoch_19"}
{"evaluated": 8, "total": 43, "run": "validation_epoch_19"}
{"evaluated": 9, "total": 43, "run": "validation_epoch_19"}
{"evaluated": 10, "total": 43, "run": "validation_epoch_19"}
{"evaluated": 11, "total": 43, "run": "validation_epoch_19"}
{"evaluated": 12, "total": 43, "run": "validation_epoch_19"}
{"evaluated": 13, "total": 43, "run": "validation_epoch_19"}
{"evaluated": 14, "total": 43, "run": "validation_epoch_19"}
{"evaluated": 15, "total": 43, "run": "validation_epoch_19"}
{"evaluated": 16, "total": 43, "run": "validation_epoch_19"}
{"evaluated": 17, "total": 43, "run": "validation_epoch_19"}
{"evaluated": 18, "total": 43, "run": "validation_epoch_19"}
{"evaluated": 19, "total": 43, "run": "validation_epoch_19"}
{"evaluated": 20, "total": 43, "run": "validation_epoch_19"}
{"evaluated": 21, "total": 43, "run": "validation_epoch_19"}
{"evaluated": 22, "total": 43, "run": "validation_epoch_19"}
{"evaluated": 23, "total": 43, "run": "validation_epoch_19"}
{"evaluated": 24, "total": 43, "run": "validation_epoch_19"}
{"evaluated": 25, "total": 43, "run": "validation_epoch_19"}
{"evaluated": 26, "total": 43, "run": "validation_epoch_19"}
{"evaluated": 27, "total": 43, "run": "validation_epoch_19"}
{"evaluated": 28, "total": 43, "run": "validation_epoch_19"}
{"evaluated": 29, "total": 43, "run": "validation_epoch_19"}
{"evaluated": 30, "total": 43, "run": "validation_epoch_19"}
{"evaluated": 31, "total": 43, "run": "validation_epoch_19"}
{"evaluated": 32, "total": 43, "run": "validation_epoch_19"}
{"evaluated": 33, "total": 43, "run": "validation_epoch_19"}
{"evaluated": 34, "total": 43, "run": "validation_epoch_19"}
{"evaluated": 35, "total": 43, "run": "validation_epoch_19"}
{"evaluated": 36, "total": 43, "run": "validation_epoch_19"}
{"evaluated": 37, "total": 43, "run": "validation_epoch_19"}
{"evaluated": 38, "total": 43, "run": "validation_epoch_19"}
{"evaluated": 39, "total": 43, "run": "validation_epoch_19"}
{"evaluated": 40, "total": 43, "run": "validation_epoch_19"}
{"evaluated": 41, "total": 43, "run": "validation_epoch_19"}
{"evaluated": 42, "total": 43, "run": "validation_epoch_19"}
{"evaluated": 43, "total": 43, "run": "validation_epoch_19"}
{"protocol": "binary-pressure-low", "seed": 3, "epoch": 19, "train_loss": 0.0019349652187277873, "seconds": 1.229891300201416, "final_solver_validation_distance": 0.10987584933767103}
{"evaluated": 1, "total": 43, "run": "validation_epoch_29"}
{"evaluated": 2, "total": 43, "run": "validation_epoch_29"}
{"evaluated": 3, "total": 43, "run": "validation_epoch_29"}
{"evaluated": 4, "total": 43, "run": "validation_epoch_29"}
{"evaluated": 5, "total": 43, "run": "validation_epoch_29"}
{"evaluated": 6, "total": 43, "run": "validation_epoch_29"}
{"evaluated": 7, "total": 43, "run": "validation_epoch_29"}
{"evaluated": 8, "total": 43, "run": "validation_epoch_29"}
{"evaluated": 9, "total": 43, "run": "validation_epoch_29"}
{"evaluated": 10, "total": 43, "run": "validation_epoch_29"}
{"evaluated": 11, "total": 43, "run": "validation_epoch_29"}
{"evaluated": 12, "total": 43, "run": "validation_epoch_29"}
{"evaluated": 13, "total": 43, "run": "validation_epoch_29"}
{"evaluated": 14, "total": 43, "run": "validation_epoch_29"}
{"evaluated": 15, "total": 43, "run": "validation_epoch_29"}
{"evaluated": 16, "total": 43, "run": "validation_epoch_29"}
{"evaluated": 17, "total": 43, "run": "validation_epoch_29"}
{"evaluated": 18, "total": 43, "run": "validation_epoch_29"}
{"evaluated": 19, "total": 43, "run": "validation_epoch_29"}
{"evaluated": 20, "total": 43, "run": "validation_epoch_29"}
{"evaluated": 21, "total": 43, "run": "validation_epoch_29"}
{"evaluated": 22, "total": 43, "run": "validation_epoch_29"}
{"evaluated": 23, "total": 43, "run": "validation_epoch_29"}
{"evaluated": 24, "total": 43, "run": "validation_epoch_29"}
{"evaluated": 25, "total": 43, "run": "validation_epoch_29"}
{"evaluated": 26, "total": 43, "run": "validation_epoch_29"}
{"evaluated": 27, "total": 43, "run": "validation_epoch_29"}
{"evaluated": 28, "total": 43, "run": "validation_epoch_29"}
{"evaluated": 29, "total": 43, "run": "validation_epoch_29"}
{"evaluated": 30, "total": 43, "run": "validation_epoch_29"}
{"evaluated": 31, "total": 43, "run": "validation_epoch_29"}
{"evaluated": 32, "total": 43, "run": "validation_epoch_29"}
{"evaluated": 33, "total": 43, "run": "validation_epoch_29"}
{"evaluated": 34, "total": 43, "run": "validation_epoch_29"}
{"evaluated": 35, "total": 43, "run": "validation_epoch_29"}
{"evaluated": 36, "total": 43, "run": "validation_epoch_29"}
{"evaluated": 37, "total": 43, "run": "validation_epoch_29"}
{"evaluated": 38, "total": 43, "run": "validation_epoch_29"}
{"evaluated": 39, "total": 43, "run": "validation_epoch_29"}
{"evaluated": 40, "total": 43, "run": "validation_epoch_29"}
{"evaluated": 41, "total": 43, "run": "validation_epoch_29"}
{"evaluated": 42, "total": 43, "run": "validation_epoch_29"}
{"evaluated": 43, "total": 43, "run": "validation_epoch_29"}
{"protocol": "binary-pressure-low", "seed": 3, "epoch": 29, "train_loss": 0.0015787096150840323, "seconds": 2.175959825515747, "final_solver_validation_distance": 0.11571072972816554}
{"evaluated": 1, "total": 43, "run": "validation_epoch_39"}
{"evaluated": 2, "total": 43, "run": "validation_epoch_39"}
{"evaluated": 3, "total": 43, "run": "validation_epoch_39"}
{"evaluated": 4, "total": 43, "run": "validation_epoch_39"}
{"evaluated": 5, "total": 43, "run": "validation_epoch_39"}
{"evaluated": 6, "total": 43, "run": "validation_epoch_39"}
{"evaluated": 7, "total": 43, "run": "validation_epoch_39"}
{"evaluated": 8, "total": 43, "run": "validation_epoch_39"}
{"evaluated": 9, "total": 43, "run": "validation_epoch_39"}
{"evaluated": 10, "total": 43, "run": "validation_epoch_39"}
{"evaluated": 11, "total": 43, "run": "validation_epoch_39"}
{"evaluated": 12, "total": 43, "run": "validation_epoch_39"}
{"evaluated": 13, "total": 43, "run": "validation_epoch_39"}
{"evaluated": 14, "total": 43, "run": "validation_epoch_39"}
{"evaluated": 15, "total": 43, "run": "validation_epoch_39"}
{"evaluated": 16, "total": 43, "run": "validation_epoch_39"}
{"evaluated": 17, "total": 43, "run": "validation_epoch_39"}
{"evaluated": 18, "total": 43, "run": "validation_epoch_39"}
{"evaluated": 19, "total": 43, "run": "validation_epoch_39"}
{"evaluated": 20, "total": 43, "run": "validation_epoch_39"}
{"evaluated": 21, "total": 43, "run": "validation_epoch_39"}
{"evaluated": 22, "total": 43, "run": "validation_epoch_39"}
{"evaluated": 23, "total": 43, "run": "validation_epoch_39"}
{"evaluated": 24, "total": 43, "run": "validation_epoch_39"}
{"evaluated": 25, "total": 43, "run": "validation_epoch_39"}
{"evaluated": 26, "total": 43, "run": "validation_epoch_39"}
{"evaluated": 27, "total": 43, "run": "validation_epoch_39"}
{"evaluated": 28, "total": 43, "run": "validation_epoch_39"}
{"evaluated": 29, "total": 43, "run": "validation_epoch_39"}
{"evaluated": 30, "total": 43, "run": "validation_epoch_39"}
{"evaluated": 31, "total": 43, "run": "validation_epoch_39"}
{"evaluated": 32, "total": 43, "run": "validation_epoch_39"}
{"evaluated": 33, "total": 43, "run": "validation_epoch_39"}
{"evaluated": 34, "total": 43, "run": "validation_epoch_39"}
{"evaluated": 35, "total": 43, "run": "validation_epoch_39"}
{"evaluated": 36, "total": 43, "run": "validation_epoch_39"}
{"evaluated": 37, "total": 43, "run": "validation_epoch_39"}
{"evaluated": 38, "total": 43, "run": "validation_epoch_39"}
{"evaluated": 39, "total": 43, "run": "validation_epoch_39"}
{"evaluated": 40, "total": 43, "run": "validation_epoch_39"}
{"evaluated": 41, "total": 43, "run": "validation_epoch_39"}
{"evaluated": 42, "total": 43, "run": "validation_epoch_39"}
{"evaluated": 43, "total": 43, "run": "validation_epoch_39"}
{"protocol": "binary-pressure-low", "seed": 3, "epoch": 39, "train_loss": 0.001481913379393518, "seconds": 3.0793447494506836, "final_solver_validation_distance": 0.1162830751071715}
{"evaluated": 1, "total": 43, "run": "validation_epoch_49"}
{"evaluated": 2, "total": 43, "run": "validation_epoch_49"}
{"evaluated": 3, "total": 43, "run": "validation_epoch_49"}
{"evaluated": 4, "total": 43, "run": "validation_epoch_49"}
{"evaluated": 5, "total": 43, "run": "validation_epoch_49"}
{"evaluated": 6, "total": 43, "run": "validation_epoch_49"}
{"evaluated": 7, "total": 43, "run": "validation_epoch_49"}
{"evaluated": 8, "total": 43, "run": "validation_epoch_49"}
{"evaluated": 9, "total": 43, "run": "validation_epoch_49"}
{"evaluated": 10, "total": 43, "run": "validation_epoch_49"}
{"evaluated": 11, "total": 43, "run": "validation_epoch_49"}
{"evaluated": 12, "total": 43, "run": "validation_epoch_49"}
{"evaluated": 13, "total": 43, "run": "validation_epoch_49"}
{"evaluated": 14, "total": 43, "run": "validation_epoch_49"}
{"evaluated": 15, "total": 43, "run": "validation_epoch_49"}
{"evaluated": 16, "total": 43, "run": "validation_epoch_49"}
{"evaluated": 17, "total": 43, "run": "validation_epoch_49"}
{"evaluated": 18, "total": 43, "run": "validation_epoch_49"}
{"evaluated": 19, "total": 43, "run": "validation_epoch_49"}
{"evaluated": 20, "total": 43, "run": "validation_epoch_49"}
{"evaluated": 21, "total": 43, "run": "validation_epoch_49"}
{"evaluated": 22, "total": 43, "run": "validation_epoch_49"}
{"evaluated": 23, "total": 43, "run": "validation_epoch_49"}
{"evaluated": 24, "total": 43, "run": "validation_epoch_49"}
{"evaluated": 25, "total": 43, "run": "validation_epoch_49"}
{"evaluated": 26, "total": 43, "run": "validation_epoch_49"}
{"evaluated": 27, "total": 43, "run": "validation_epoch_49"}
{"evaluated": 28, "total": 43, "run": "validation_epoch_49"}
{"evaluated": 29, "total": 43, "run": "validation_epoch_49"}
{"evaluated": 30, "total": 43, "run": "validation_epoch_49"}
{"evaluated": 31, "total": 43, "run": "validation_epoch_49"}
{"evaluated": 32, "total": 43, "run": "validation_epoch_49"}
{"evaluated": 33, "total": 43, "run": "validation_epoch_49"}
{"evaluated": 34, "total": 43, "run": "validation_epoch_49"}
{"evaluated": 35, "total": 43, "run": "validation_epoch_49"}
{"evaluated": 36, "total": 43, "run": "validation_epoch_49"}
{"evaluated": 37, "total": 43, "run": "validation_epoch_49"}
{"evaluated": 38, "total": 43, "run": "validation_epoch_49"}
{"evaluated": 39, "total": 43, "run": "validation_epoch_49"}
{"evaluated": 40, "total": 43, "run": "validation_epoch_49"}
{"evaluated": 41, "total": 43, "run": "validation_epoch_49"}
{"evaluated": 42, "total": 43, "run": "validation_epoch_49"}
{"evaluated": 43, "total": 43, "run": "validation_epoch_49"}
{"protocol": "binary-pressure-low", "seed": 3, "epoch": 49, "train_loss": 0.0014729655037323635, "seconds": 4.066816091537476, "final_solver_validation_distance": 0.11398975392052332}
{"evaluated": 1, "total": 43, "run": "validation_epoch_59"}
{"evaluated": 2, "total": 43, "run": "validation_epoch_59"}
{"evaluated": 3, "total": 43, "run": "validation_epoch_59"}
{"evaluated": 4, "total": 43, "run": "validation_epoch_59"}
{"evaluated": 5, "total": 43, "run": "validation_epoch_59"}
{"evaluated": 6, "total": 43, "run": "validation_epoch_59"}
{"evaluated": 7, "total": 43, "run": "validation_epoch_59"}
{"evaluated": 8, "total": 43, "run": "validation_epoch_59"}
{"evaluated": 9, "total": 43, "run": "validation_epoch_59"}
{"evaluated": 10, "total": 43, "run": "validation_epoch_59"}
{"evaluated": 11, "total": 43, "run": "validation_epoch_59"}
{"evaluated": 12, "total": 43, "run": "validation_epoch_59"}
{"evaluated": 13, "total": 43, "run": "validation_epoch_59"}
{"evaluated": 14, "total": 43, "run": "validation_epoch_59"}
{"evaluated": 15, "total": 43, "run": "validation_epoch_59"}
{"evaluated": 16, "total": 43, "run": "validation_epoch_59"}
{"evaluated": 17, "total": 43, "run": "validation_epoch_59"}
{"evaluated": 18, "total": 43, "run": "validation_epoch_59"}
{"evaluated": 19, "total": 43, "run": "validation_epoch_59"}
{"evaluated": 20, "total": 43, "run": "validation_epoch_59"}
{"evaluated": 21, "total": 43, "run": "validation_epoch_59"}
{"evaluated": 22, "total": 43, "run": "validation_epoch_59"}
{"evaluated": 23, "total": 43, "run": "validation_epoch_59"}
{"evaluated": 24, "total": 43, "run": "validation_epoch_59"}
{"evaluated": 25, "total": 43, "run": "validation_epoch_59"}
{"evaluated": 26, "total": 43, "run": "validation_epoch_59"}
{"evaluated": 27, "total": 43, "run": "validation_epoch_59"}
{"evaluated": 28, "total": 43, "run": "validation_epoch_59"}
{"evaluated": 29, "total": 43, "run": "validation_epoch_59"}
{"evaluated": 30, "total": 43, "run": "validation_epoch_59"}
{"evaluated": 31, "total": 43, "run": "validation_epoch_59"}
{"evaluated": 32, "total": 43, "run": "validation_epoch_59"}
{"evaluated": 33, "total": 43, "run": "validation_epoch_59"}
{"evaluated": 34, "total": 43, "run": "validation_epoch_59"}
{"evaluated": 35, "total": 43, "run": "validation_epoch_59"}
{"evaluated": 36, "total": 43, "run": "validation_epoch_59"}
{"evaluated": 37, "total": 43, "run": "validation_epoch_59"}
{"evaluated": 38, "total": 43, "run": "validation_epoch_59"}
{"evaluated": 39, "total": 43, "run": "validation_epoch_59"}
{"evaluated": 40, "total": 43, "run": "validation_epoch_59"}
{"evaluated": 41, "total": 43, "run": "validation_epoch_59"}
{"evaluated": 42, "total": 43, "run": "validation_epoch_59"}
{"evaluated": 43, "total": 43, "run": "validation_epoch_59"}
{"protocol": "binary-pressure-low", "seed": 3, "epoch": 59, "train_loss": 0.0014787004329264164, "seconds": 4.9244704246521, "final_solver_validation_distance": 0.11655724666497008}
{"evaluated": 1, "total": 43, "run": "validation_epoch_69"}
{"evaluated": 2, "total": 43, "run": "validation_epoch_69"}
{"evaluated": 3, "total": 43, "run": "validation_epoch_69"}
{"evaluated": 4, "total": 43, "run": "validation_epoch_69"}
{"evaluated": 5, "total": 43, "run": "validation_epoch_69"}
{"evaluated": 6, "total": 43, "run": "validation_epoch_69"}
{"evaluated": 7, "total": 43, "run": "validation_epoch_69"}
{"evaluated": 8, "total": 43, "run": "validation_epoch_69"}
{"evaluated": 9, "total": 43, "run": "validation_epoch_69"}
{"evaluated": 10, "total": 43, "run": "validation_epoch_69"}
{"evaluated": 11, "total": 43, "run": "validation_epoch_69"}
{"evaluated": 12, "total": 43, "run": "validation_epoch_69"}
{"evaluated": 13, "total": 43, "run": "validation_epoch_69"}
{"evaluated": 14, "total": 43, "run": "validation_epoch_69"}
{"evaluated": 15, "total": 43, "run": "validation_epoch_69"}
{"evaluated": 16, "total": 43, "run": "validation_epoch_69"}
{"evaluated": 17, "total": 43, "run": "validation_epoch_69"}
{"evaluated": 18, "total": 43, "run": "validation_epoch_69"}
{"evaluated": 19, "total": 43, "run": "validation_epoch_69"}
{"evaluated": 20, "total": 43, "run": "validation_epoch_69"}
{"evaluated": 21, "total": 43, "run": "validation_epoch_69"}
{"evaluated": 22, "total": 43, "run": "validation_epoch_69"}
{"evaluated": 23, "total": 43, "run": "validation_epoch_69"}
{"evaluated": 24, "total": 43, "run": "validation_epoch_69"}
{"evaluated": 25, "total": 43, "run": "validation_epoch_69"}
{"evaluated": 26, "total": 43, "run": "validation_epoch_69"}
{"evaluated": 27, "total": 43, "run": "validation_epoch_69"}
{"evaluated": 28, "total": 43, "run": "validation_epoch_69"}
{"evaluated": 29, "total": 43, "run": "validation_epoch_69"}
{"evaluated": 30, "total": 43, "run": "validation_epoch_69"}
{"evaluated": 31, "total": 43, "run": "validation_epoch_69"}
{"evaluated": 32, "total": 43, "run": "validation_epoch_69"}
{"evaluated": 33, "total": 43, "run": "validation_epoch_69"}
{"evaluated": 34, "total": 43, "run": "validation_epoch_69"}
{"evaluated": 35, "total": 43, "run": "validation_epoch_69"}
{"evaluated": 36, "total": 43, "run": "validation_epoch_69"}
{"evaluated": 37, "total": 43, "run": "validation_epoch_69"}
{"evaluated": 38, "total": 43, "run": "validation_epoch_69"}
{"evaluated": 39, "total": 43, "run": "validation_epoch_69"}
{"evaluated": 40, "total": 43, "run": "validation_epoch_69"}
{"evaluated": 41, "total": 43, "run": "validation_epoch_69"}
{"evaluated": 42, "total": 43, "run": "validation_epoch_69"}
{"evaluated": 43, "total": 43, "run": "validation_epoch_69"}
{"protocol": "binary-pressure-low", "seed": 3, "epoch": 69, "train_loss": 0.0015947493957355618, "seconds": 5.7469706535339355, "final_solver_validation_distance": 0.11845088367506963}
{"evaluated": 1, "total": 43, "run": "validation_epoch_79"}
{"evaluated": 2, "total": 43, "run": "validation_epoch_79"}
{"evaluated": 3, "total": 43, "run": "validation_epoch_79"}
{"evaluated": 4, "total": 43, "run": "validation_epoch_79"}
{"evaluated": 5, "total": 43, "run": "validation_epoch_79"}
{"evaluated": 6, "total": 43, "run": "validation_epoch_79"}
{"evaluated": 7, "total": 43, "run": "validation_epoch_79"}
{"evaluated": 8, "total": 43, "run": "validation_epoch_79"}
{"evaluated": 9, "total": 43, "run": "validation_epoch_79"}
{"evaluated": 10, "total": 43, "run": "validation_epoch_79"}
{"evaluated": 11, "total": 43, "run": "validation_epoch_79"}
{"evaluated": 12, "total": 43, "run": "validation_epoch_79"}
{"evaluated": 13, "total": 43, "run": "validation_epoch_79"}
{"evaluated": 14, "total": 43, "run": "validation_epoch_79"}
{"evaluated": 15, "total": 43, "run": "validation_epoch_79"}
{"evaluated": 16, "total": 43, "run": "validation_epoch_79"}
{"evaluated": 17, "total": 43, "run": "validation_epoch_79"}
{"evaluated": 18, "total": 43, "run": "validation_epoch_79"}
{"evaluated": 19, "total": 43, "run": "validation_epoch_79"}
{"evaluated": 20, "total": 43, "run": "validation_epoch_79"}
{"evaluated": 21, "total": 43, "run": "validation_epoch_79"}
{"evaluated": 22, "total": 43, "run": "validation_epoch_79"}
{"evaluated": 23, "total": 43, "run": "validation_epoch_79"}
{"evaluated": 24, "total": 43, "run": "validation_epoch_79"}
{"evaluated": 25, "total": 43, "run": "validation_epoch_79"}
{"evaluated": 26, "total": 43, "run": "validation_epoch_79"}
{"evaluated": 27, "total": 43, "run": "validation_epoch_79"}
{"evaluated": 28, "total": 43, "run": "validation_epoch_79"}
{"evaluated": 29, "total": 43, "run": "validation_epoch_79"}
{"evaluated": 30, "total": 43, "run": "validation_epoch_79"}
{"evaluated": 31, "total": 43, "run": "validation_epoch_79"}
{"evaluated": 32, "total": 43, "run": "validation_epoch_79"}
{"evaluated": 33, "total": 43, "run": "validation_epoch_79"}
{"evaluated": 34, "total": 43, "run": "validation_epoch_79"}
{"evaluated": 35, "total": 43, "run": "validation_epoch_79"}
{"evaluated": 36, "total": 43, "run": "validation_epoch_79"}
{"evaluated": 37, "total": 43, "run": "validation_epoch_79"}
{"evaluated": 38, "total": 43, "run": "validation_epoch_79"}
{"evaluated": 39, "total": 43, "run": "validation_epoch_79"}
{"evaluated": 40, "total": 43, "run": "validation_epoch_79"}
{"evaluated": 41, "total": 43, "run": "validation_epoch_79"}
{"evaluated": 42, "total": 43, "run": "validation_epoch_79"}
{"evaluated": 43, "total": 43, "run": "validation_epoch_79"}
{"protocol": "binary-pressure-low", "seed": 3, "epoch": 79, "train_loss": 0.0014143554338564475, "seconds": 6.551968574523926, "final_solver_validation_distance": 0.1118574001001961}
{"evaluated": 1, "total": 43, "run": "seed_3"}
{"evaluated": 2, "total": 43, "run": "seed_3"}
{"evaluated": 3, "total": 43, "run": "seed_3"}
{"evaluated": 4, "total": 43, "run": "seed_3"}
{"evaluated": 5, "total": 43, "run": "seed_3"}
{"evaluated": 6, "total": 43, "run": "seed_3"}
{"evaluated": 7, "total": 43, "run": "seed_3"}
{"evaluated": 8, "total": 43, "run": "seed_3"}
{"evaluated": 9, "total": 43, "run": "seed_3"}
{"evaluated": 10, "total": 43, "run": "seed_3"}
{"evaluated": 11, "total": 43, "run": "seed_3"}
{"evaluated": 12, "total": 43, "run": "seed_3"}
{"evaluated": 13, "total": 43, "run": "seed_3"}
{"evaluated": 14, "total": 43, "run": "seed_3"}
{"evaluated": 15, "total": 43, "run": "seed_3"}
{"evaluated": 16, "total": 43, "run": "seed_3"}
{"evaluated": 17, "total": 43, "run": "seed_3"}
{"evaluated": 18, "total": 43, "run": "seed_3"}
{"evaluated": 19, "total": 43, "run": "seed_3"}
{"evaluated": 20, "total": 43, "run": "seed_3"}
{"evaluated": 21, "total": 43, "run": "seed_3"}
{"evaluated": 22, "total": 43, "run": "seed_3"}
{"evaluated": 23, "total": 43, "run": "seed_3"}
{"evaluated": 24, "total": 43, "run": "seed_3"}
{"evaluated": 25, "total": 43, "run": "seed_3"}
{"evaluated": 26, "total": 43, "run": "seed_3"}
{"evaluated": 27, "total": 43, "run": "seed_3"}
{"evaluated": 28, "total": 43, "run": "seed_3"}
{"evaluated": 29, "total": 43, "run": "seed_3"}
{"evaluated": 30, "total": 43, "run": "seed_3"}
{"evaluated": 31, "total": 43, "run": "seed_3"}
{"evaluated": 32, "total": 43, "run": "seed_3"}
{"evaluated": 33, "total": 43, "run": "seed_3"}
{"evaluated": 34, "total": 43, "run": "seed_3"}
{"evaluated": 35, "total": 43, "run": "seed_3"}
{"evaluated": 36, "total": 43, "run": "seed_3"}
{"evaluated": 37, "total": 43, "run": "seed_3"}
{"evaluated": 38, "total": 43, "run": "seed_3"}
{"evaluated": 39, "total": 43, "run": "seed_3"}
{"evaluated": 40, "total": 43, "run": "seed_3"}
{"evaluated": 41, "total": 43, "run": "seed_3"}
{"evaluated": 42, "total": 43, "run": "seed_3"}
{"evaluated": 43, "total": 43, "run": "seed_3"}
{"completed": "binary-pressure-low", "seed": 3, "test": {"conditions": 43, "successful_conditions": 43, "success_fraction": 1.0, "failure_penalized_set_distance": 0.1068007184698231, "observed_coverage_at_0.02": 0.3488372093023256, "matched_endpoint_r2_successful_only": 0.7645846722669587, "matched_endpoint_mae_successful_only": 0.08557484767864645, "matched_endpoint_rmse_successful_only": 0.1942632655763188, "max_equilibrium_rms": 3.7904283540468926e-15, "min_grid_tpd": -1.1900203045200897e-15, "r2_target_met": false}}
{"evaluated": 1, "total": 43, "run": "validation_epoch_9"}
{"evaluated": 2, "total": 43, "run": "validation_epoch_9"}
{"evaluated": 3, "total": 43, "run": "validation_epoch_9"}
{"evaluated": 4, "total": 43, "run": "validation_epoch_9"}
{"evaluated": 5, "total": 43, "run": "validation_epoch_9"}
{"evaluated": 6, "total": 43, "run": "validation_epoch_9"}
{"evaluated": 7, "total": 43, "run": "validation_epoch_9"}
{"evaluated": 8, "total": 43, "run": "validation_epoch_9"}
{"evaluated": 9, "total": 43, "run": "validation_epoch_9"}
{"evaluated": 10, "total": 43, "run": "validation_epoch_9"}
{"evaluated": 11, "total": 43, "run": "validation_epoch_9"}
{"evaluated": 12, "total": 43, "run": "validation_epoch_9"}
{"evaluated": 13, "total": 43, "run": "validation_epoch_9"}
{"evaluated": 14, "total": 43, "run": "validation_epoch_9"}
{"evaluated": 15, "total": 43, "run": "validation_epoch_9"}
{"evaluated": 16, "total": 43, "run": "validation_epoch_9"}
{"evaluated": 17, "total": 43, "run": "validation_epoch_9"}
{"evaluated": 18, "total": 43, "run": "validation_epoch_9"}
{"evaluated": 19, "total": 43, "run": "validation_epoch_9"}
{"evaluated": 20, "total": 43, "run": "validation_epoch_9"}
{"evaluated": 21, "total": 43, "run": "validation_epoch_9"}
{"evaluated": 22, "total": 43, "run": "validation_epoch_9"}
{"evaluated": 23, "total": 43, "run": "validation_epoch_9"}
{"evaluated": 24, "total": 43, "run": "validation_epoch_9"}
{"evaluated": 25, "total": 43, "run": "validation_epoch_9"}
{"evaluated": 26, "total": 43, "run": "validation_epoch_9"}
{"evaluated": 27, "total": 43, "run": "validation_epoch_9"}
{"evaluated": 28, "total": 43, "run": "validation_epoch_9"}
{"evaluated": 29, "total": 43, "run": "validation_epoch_9"}
{"evaluated": 30, "total": 43, "run": "validation_epoch_9"}
{"evaluated": 31, "total": 43, "run": "validation_epoch_9"}
{"evaluated": 32, "total": 43, "run": "validation_epoch_9"}
{"evaluated": 33, "total": 43, "run": "validation_epoch_9"}
{"evaluated": 34, "total": 43, "run": "validation_epoch_9"}
{"evaluated": 35, "total": 43, "run": "validation_epoch_9"}
{"evaluated": 36, "total": 43, "run": "validation_epoch_9"}
{"evaluated": 37, "total": 43, "run": "validation_epoch_9"}
{"evaluated": 38, "total": 43, "run": "validation_epoch_9"}
{"evaluated": 39, "total": 43, "run": "validation_epoch_9"}
{"evaluated": 40, "total": 43, "run": "validation_epoch_9"}
{"evaluated": 41, "total": 43, "run": "validation_epoch_9"}
{"evaluated": 42, "total": 43, "run": "validation_epoch_9"}
{"evaluated": 43, "total": 43, "run": "validation_epoch_9"}
{"protocol": "binary-pressure-low", "seed": 4, "epoch": 9, "train_loss": 0.002232914906926453, "seconds": 0.31146812438964844, "final_solver_validation_distance": 0.12090549085729595}
{"evaluated": 1, "total": 43, "run": "validation_epoch_19"}
{"evaluated": 2, "total": 43, "run": "validation_epoch_19"}
{"evaluated": 3, "total": 43, "run": "validation_epoch_19"}
{"evaluated": 4, "total": 43, "run": "validation_epoch_19"}
{"evaluated": 5, "total": 43, "run": "validation_epoch_19"}
{"evaluated": 6, "total": 43, "run": "validation_epoch_19"}
{"evaluated": 7, "total": 43, "run": "validation_epoch_19"}
{"evaluated": 8, "total": 43, "run": "validation_epoch_19"}
{"evaluated": 9, "total": 43, "run": "validation_epoch_19"}
{"evaluated": 10, "total": 43, "run": "validation_epoch_19"}
{"evaluated": 11, "total": 43, "run": "validation_epoch_19"}
{"evaluated": 12, "total": 43, "run": "validation_epoch_19"}
{"evaluated": 13, "total": 43, "run": "validation_epoch_19"}
{"evaluated": 14, "total": 43, "run": "validation_epoch_19"}
{"evaluated": 15, "total": 43, "run": "validation_epoch_19"}
{"evaluated": 16, "total": 43, "run": "validation_epoch_19"}
{"evaluated": 17, "total": 43, "run": "validation_epoch_19"}
{"evaluated": 18, "total": 43, "run": "validation_epoch_19"}
{"evaluated": 19, "total": 43, "run": "validation_epoch_19"}
{"evaluated": 20, "total": 43, "run": "validation_epoch_19"}
{"evaluated": 21, "total": 43, "run": "validation_epoch_19"}
{"evaluated": 22, "total": 43, "run": "validation_epoch_19"}
{"evaluated": 23, "total": 43, "run": "validation_epoch_19"}
{"evaluated": 24, "total": 43, "run": "validation_epoch_19"}
{"evaluated": 25, "total": 43, "run": "validation_epoch_19"}
{"evaluated": 26, "total": 43, "run": "validation_epoch_19"}
{"evaluated": 27, "total": 43, "run": "validation_epoch_19"}
{"evaluated": 28, "total": 43, "run": "validation_epoch_19"}
{"evaluated": 29, "total": 43, "run": "validation_epoch_19"}
{"evaluated": 30, "total": 43, "run": "validation_epoch_19"}
{"evaluated": 31, "total": 43, "run": "validation_epoch_19"}
{"evaluated": 32, "total": 43, "run": "validation_epoch_19"}
{"evaluated": 33, "total": 43, "run": "validation_epoch_19"}
{"evaluated": 34, "total": 43, "run": "validation_epoch_19"}
{"evaluated": 35, "total": 43, "run": "validation_epoch_19"}
{"evaluated": 36, "total": 43, "run": "validation_epoch_19"}
{"evaluated": 37, "total": 43, "run": "validation_epoch_19"}
{"evaluated": 38, "total": 43, "run": "validation_epoch_19"}
{"evaluated": 39, "total": 43, "run": "validation_epoch_19"}
{"evaluated": 40, "total": 43, "run": "validation_epoch_19"}
{"evaluated": 41, "total": 43, "run": "validation_epoch_19"}
{"evaluated": 42, "total": 43, "run": "validation_epoch_19"}
{"evaluated": 43, "total": 43, "run": "validation_epoch_19"}
{"protocol": "binary-pressure-low", "seed": 4, "epoch": 19, "train_loss": 0.0014754388636598985, "seconds": 1.1005525588989258, "final_solver_validation_distance": 0.10793444205470917}
{"evaluated": 1, "total": 43, "run": "validation_epoch_29"}
{"evaluated": 2, "total": 43, "run": "validation_epoch_29"}
{"evaluated": 3, "total": 43, "run": "validation_epoch_29"}
{"evaluated": 4, "total": 43, "run": "validation_epoch_29"}
{"evaluated": 5, "total": 43, "run": "validation_epoch_29"}
{"evaluated": 6, "total": 43, "run": "validation_epoch_29"}
{"evaluated": 7, "total": 43, "run": "validation_epoch_29"}
{"evaluated": 8, "total": 43, "run": "validation_epoch_29"}
{"evaluated": 9, "total": 43, "run": "validation_epoch_29"}
{"evaluated": 10, "total": 43, "run": "validation_epoch_29"}
{"evaluated": 11, "total": 43, "run": "validation_epoch_29"}
{"evaluated": 12, "total": 43, "run": "validation_epoch_29"}
{"evaluated": 13, "total": 43, "run": "validation_epoch_29"}
{"evaluated": 14, "total": 43, "run": "validation_epoch_29"}
{"evaluated": 15, "total": 43, "run": "validation_epoch_29"}
{"evaluated": 16, "total": 43, "run": "validation_epoch_29"}
{"evaluated": 17, "total": 43, "run": "validation_epoch_29"}
{"evaluated": 18, "total": 43, "run": "validation_epoch_29"}
{"evaluated": 19, "total": 43, "run": "validation_epoch_29"}
{"evaluated": 20, "total": 43, "run": "validation_epoch_29"}
{"evaluated": 21, "total": 43, "run": "validation_epoch_29"}
{"evaluated": 22, "total": 43, "run": "validation_epoch_29"}
{"evaluated": 23, "total": 43, "run": "validation_epoch_29"}
{"evaluated": 24, "total": 43, "run": "validation_epoch_29"}
{"evaluated": 25, "total": 43, "run": "validation_epoch_29"}
{"evaluated": 26, "total": 43, "run": "validation_epoch_29"}
{"evaluated": 27, "total": 43, "run": "validation_epoch_29"}
{"evaluated": 28, "total": 43, "run": "validation_epoch_29"}
{"evaluated": 29, "total": 43, "run": "validation_epoch_29"}
{"evaluated": 30, "total": 43, "run": "validation_epoch_29"}
{"evaluated": 31, "total": 43, "run": "validation_epoch_29"}
{"evaluated": 32, "total": 43, "run": "validation_epoch_29"}
{"evaluated": 33, "total": 43, "run": "validation_epoch_29"}
{"evaluated": 34, "total": 43, "run": "validation_epoch_29"}
{"evaluated": 35, "total": 43, "run": "validation_epoch_29"}
{"evaluated": 36, "total": 43, "run": "validation_epoch_29"}
{"evaluated": 37, "total": 43, "run": "validation_epoch_29"}
{"evaluated": 38, "total": 43, "run": "validation_epoch_29"}
{"evaluated": 39, "total": 43, "run": "validation_epoch_29"}
{"evaluated": 40, "total": 43, "run": "validation_epoch_29"}
{"evaluated": 41, "total": 43, "run": "validation_epoch_29"}
{"evaluated": 42, "total": 43, "run": "validation_epoch_29"}
{"evaluated": 43, "total": 43, "run": "validation_epoch_29"}
{"protocol": "binary-pressure-low", "seed": 4, "epoch": 29, "train_loss": 0.001579513307660818, "seconds": 1.918273687362671, "final_solver_validation_distance": 0.1087819863996741}
{"evaluated": 1, "total": 43, "run": "validation_epoch_39"}
{"evaluated": 2, "total": 43, "run": "validation_epoch_39"}
{"evaluated": 3, "total": 43, "run": "validation_epoch_39"}
{"evaluated": 4, "total": 43, "run": "validation_epoch_39"}
{"evaluated": 5, "total": 43, "run": "validation_epoch_39"}
{"evaluated": 6, "total": 43, "run": "validation_epoch_39"}
{"evaluated": 7, "total": 43, "run": "validation_epoch_39"}
{"evaluated": 8, "total": 43, "run": "validation_epoch_39"}
{"evaluated": 9, "total": 43, "run": "validation_epoch_39"}
{"evaluated": 10, "total": 43, "run": "validation_epoch_39"}
{"evaluated": 11, "total": 43, "run": "validation_epoch_39"}
{"evaluated": 12, "total": 43, "run": "validation_epoch_39"}
{"evaluated": 13, "total": 43, "run": "validation_epoch_39"}
{"evaluated": 14, "total": 43, "run": "validation_epoch_39"}
{"evaluated": 15, "total": 43, "run": "validation_epoch_39"}
{"evaluated": 16, "total": 43, "run": "validation_epoch_39"}
{"evaluated": 17, "total": 43, "run": "validation_epoch_39"}
{"evaluated": 18, "total": 43, "run": "validation_epoch_39"}
{"evaluated": 19, "total": 43, "run": "validation_epoch_39"}
{"evaluated": 20, "total": 43, "run": "validation_epoch_39"}
{"evaluated": 21, "total": 43, "run": "validation_epoch_39"}
{"evaluated": 22, "total": 43, "run": "validation_epoch_39"}
{"evaluated": 23, "total": 43, "run": "validation_epoch_39"}
{"evaluated": 24, "total": 43, "run": "validation_epoch_39"}
{"evaluated": 25, "total": 43, "run": "validation_epoch_39"}
{"evaluated": 26, "total": 43, "run": "validation_epoch_39"}
{"evaluated": 27, "total": 43, "run": "validation_epoch_39"}
{"evaluated": 28, "total": 43, "run": "validation_epoch_39"}
{"evaluated": 29, "total": 43, "run": "validation_epoch_39"}
{"evaluated": 30, "total": 43, "run": "validation_epoch_39"}
{"evaluated": 31, "total": 43, "run": "validation_epoch_39"}
{"evaluated": 32, "total": 43, "run": "validation_epoch_39"}
{"evaluated": 33, "total": 43, "run": "validation_epoch_39"}
{"evaluated": 34, "total": 43, "run": "validation_epoch_39"}
{"evaluated": 35, "total": 43, "run": "validation_epoch_39"}
{"evaluated": 36, "total": 43, "run": "validation_epoch_39"}
{"evaluated": 37, "total": 43, "run": "validation_epoch_39"}
{"evaluated": 38, "total": 43, "run": "validation_epoch_39"}
{"evaluated": 39, "total": 43, "run": "validation_epoch_39"}
{"evaluated": 40, "total": 43, "run": "validation_epoch_39"}
{"evaluated": 41, "total": 43, "run": "validation_epoch_39"}
{"evaluated": 42, "total": 43, "run": "validation_epoch_39"}
{"evaluated": 43, "total": 43, "run": "validation_epoch_39"}
{"protocol": "binary-pressure-low", "seed": 4, "epoch": 39, "train_loss": 0.00145079439971596, "seconds": 2.692854166030884, "final_solver_validation_distance": 0.11589121728285862}
{"evaluated": 1, "total": 43, "run": "validation_epoch_49"}
{"evaluated": 2, "total": 43, "run": "validation_epoch_49"}
{"evaluated": 3, "total": 43, "run": "validation_epoch_49"}
{"evaluated": 4, "total": 43, "run": "validation_epoch_49"}
{"evaluated": 5, "total": 43, "run": "validation_epoch_49"}
{"evaluated": 6, "total": 43, "run": "validation_epoch_49"}
{"evaluated": 7, "total": 43, "run": "validation_epoch_49"}
{"evaluated": 8, "total": 43, "run": "validation_epoch_49"}
{"evaluated": 9, "total": 43, "run": "validation_epoch_49"}
{"evaluated": 10, "total": 43, "run": "validation_epoch_49"}
{"evaluated": 11, "total": 43, "run": "validation_epoch_49"}
{"evaluated": 12, "total": 43, "run": "validation_epoch_49"}
{"evaluated": 13, "total": 43, "run": "validation_epoch_49"}
{"evaluated": 14, "total": 43, "run": "validation_epoch_49"}
{"evaluated": 15, "total": 43, "run": "validation_epoch_49"}
{"evaluated": 16, "total": 43, "run": "validation_epoch_49"}
{"evaluated": 17, "total": 43, "run": "validation_epoch_49"}
{"evaluated": 18, "total": 43, "run": "validation_epoch_49"}
{"evaluated": 19, "total": 43, "run": "validation_epoch_49"}
{"evaluated": 20, "total": 43, "run": "validation_epoch_49"}
{"evaluated": 21, "total": 43, "run": "validation_epoch_49"}
{"evaluated": 22, "total": 43, "run": "validation_epoch_49"}
{"evaluated": 23, "total": 43, "run": "validation_epoch_49"}
{"evaluated": 24, "total": 43, "run": "validation_epoch_49"}
{"evaluated": 25, "total": 43, "run": "validation_epoch_49"}
{"evaluated": 26, "total": 43, "run": "validation_epoch_49"}
{"evaluated": 27, "total": 43, "run": "validation_epoch_49"}
{"evaluated": 28, "total": 43, "run": "validation_epoch_49"}
{"evaluated": 29, "total": 43, "run": "validation_epoch_49"}
{"evaluated": 30, "total": 43, "run": "validation_epoch_49"}
{"evaluated": 31, "total": 43, "run": "validation_epoch_49"}
{"evaluated": 32, "total": 43, "run": "validation_epoch_49"}
{"evaluated": 33, "total": 43, "run": "validation_epoch_49"}
{"evaluated": 34, "total": 43, "run": "validation_epoch_49"}
{"evaluated": 35, "total": 43, "run": "validation_epoch_49"}
{"evaluated": 36, "total": 43, "run": "validation_epoch_49"}
{"evaluated": 37, "total": 43, "run": "validation_epoch_49"}
{"evaluated": 38, "total": 43, "run": "validation_epoch_49"}
{"evaluated": 39, "total": 43, "run": "validation_epoch_49"}
{"evaluated": 40, "total": 43, "run": "validation_epoch_49"}
{"evaluated": 41, "total": 43, "run": "validation_epoch_49"}
{"evaluated": 42, "total": 43, "run": "validation_epoch_49"}
{"evaluated": 43, "total": 43, "run": "validation_epoch_49"}
{"protocol": "binary-pressure-low", "seed": 4, "epoch": 49, "train_loss": 0.0014945148723199964, "seconds": 3.464014768600464, "final_solver_validation_distance": 0.11151043421859831}
{"evaluated": 1, "total": 43, "run": "validation_epoch_59"}
{"evaluated": 2, "total": 43, "run": "validation_epoch_59"}
{"evaluated": 3, "total": 43, "run": "validation_epoch_59"}
{"evaluated": 4, "total": 43, "run": "validation_epoch_59"}
{"evaluated": 5, "total": 43, "run": "validation_epoch_59"}
{"evaluated": 6, "total": 43, "run": "validation_epoch_59"}
{"evaluated": 7, "total": 43, "run": "validation_epoch_59"}
{"evaluated": 8, "total": 43, "run": "validation_epoch_59"}
{"evaluated": 9, "total": 43, "run": "validation_epoch_59"}
{"evaluated": 10, "total": 43, "run": "validation_epoch_59"}
{"evaluated": 11, "total": 43, "run": "validation_epoch_59"}
{"evaluated": 12, "total": 43, "run": "validation_epoch_59"}
{"evaluated": 13, "total": 43, "run": "validation_epoch_59"}
{"evaluated": 14, "total": 43, "run": "validation_epoch_59"}
{"evaluated": 15, "total": 43, "run": "validation_epoch_59"}
{"evaluated": 16, "total": 43, "run": "validation_epoch_59"}
{"evaluated": 17, "total": 43, "run": "validation_epoch_59"}
{"evaluated": 18, "total": 43, "run": "validation_epoch_59"}
{"evaluated": 19, "total": 43, "run": "validation_epoch_59"}
{"evaluated": 20, "total": 43, "run": "validation_epoch_59"}
{"evaluated": 21, "total": 43, "run": "validation_epoch_59"}
{"evaluated": 22, "total": 43, "run": "validation_epoch_59"}
{"evaluated": 23, "total": 43, "run": "validation_epoch_59"}
{"evaluated": 24, "total": 43, "run": "validation_epoch_59"}
{"evaluated": 25, "total": 43, "run": "validation_epoch_59"}
{"evaluated": 26, "total": 43, "run": "validation_epoch_59"}
{"evaluated": 27, "total": 43, "run": "validation_epoch_59"}
{"evaluated": 28, "total": 43, "run": "validation_epoch_59"}
{"evaluated": 29, "total": 43, "run": "validation_epoch_59"}
{"evaluated": 30, "total": 43, "run": "validation_epoch_59"}
{"evaluated": 31, "total": 43, "run": "validation_epoch_59"}
{"evaluated": 32, "total": 43, "run": "validation_epoch_59"}
{"evaluated": 33, "total": 43, "run": "validation_epoch_59"}
{"evaluated": 34, "total": 43, "run": "validation_epoch_59"}
{"evaluated": 35, "total": 43, "run": "validation_epoch_59"}
{"evaluated": 36, "total": 43, "run": "validation_epoch_59"}
{"evaluated": 37, "total": 43, "run": "validation_epoch_59"}
{"evaluated": 38, "total": 43, "run": "validation_epoch_59"}
{"evaluated": 39, "total": 43, "run": "validation_epoch_59"}
{"evaluated": 40, "total": 43, "run": "validation_epoch_59"}
{"evaluated": 41, "total": 43, "run": "validation_epoch_59"}
{"evaluated": 42, "total": 43, "run": "validation_epoch_59"}
{"evaluated": 43, "total": 43, "run": "validation_epoch_59"}
{"protocol": "binary-pressure-low", "seed": 4, "epoch": 59, "train_loss": 0.0014173656236380339, "seconds": 4.280477046966553, "final_solver_validation_distance": 0.11149357810085549}
{"evaluated": 1, "total": 43, "run": "validation_epoch_69"}
{"evaluated": 2, "total": 43, "run": "validation_epoch_69"}
{"evaluated": 3, "total": 43, "run": "validation_epoch_69"}
{"evaluated": 4, "total": 43, "run": "validation_epoch_69"}
{"evaluated": 5, "total": 43, "run": "validation_epoch_69"}
{"evaluated": 6, "total": 43, "run": "validation_epoch_69"}
{"evaluated": 7, "total": 43, "run": "validation_epoch_69"}
{"evaluated": 8, "total": 43, "run": "validation_epoch_69"}
{"evaluated": 9, "total": 43, "run": "validation_epoch_69"}
{"evaluated": 10, "total": 43, "run": "validation_epoch_69"}
{"evaluated": 11, "total": 43, "run": "validation_epoch_69"}
{"evaluated": 12, "total": 43, "run": "validation_epoch_69"}
{"evaluated": 13, "total": 43, "run": "validation_epoch_69"}
{"evaluated": 14, "total": 43, "run": "validation_epoch_69"}
{"evaluated": 15, "total": 43, "run": "validation_epoch_69"}
{"evaluated": 16, "total": 43, "run": "validation_epoch_69"}
{"evaluated": 17, "total": 43, "run": "validation_epoch_69"}
{"evaluated": 18, "total": 43, "run": "validation_epoch_69"}
{"evaluated": 19, "total": 43, "run": "validation_epoch_69"}
{"evaluated": 20, "total": 43, "run": "validation_epoch_69"}
{"evaluated": 21, "total": 43, "run": "validation_epoch_69"}
{"evaluated": 22, "total": 43, "run": "validation_epoch_69"}
{"evaluated": 23, "total": 43, "run": "validation_epoch_69"}
{"evaluated": 24, "total": 43, "run": "validation_epoch_69"}
{"evaluated": 25, "total": 43, "run": "validation_epoch_69"}
{"evaluated": 26, "total": 43, "run": "validation_epoch_69"}
{"evaluated": 27, "total": 43, "run": "validation_epoch_69"}
{"evaluated": 28, "total": 43, "run": "validation_epoch_69"}
{"evaluated": 29, "total": 43, "run": "validation_epoch_69"}
{"evaluated": 30, "total": 43, "run": "validation_epoch_69"}
{"evaluated": 31, "total": 43, "run": "validation_epoch_69"}
{"evaluated": 32, "total": 43, "run": "validation_epoch_69"}
{"evaluated": 33, "total": 43, "run": "validation_epoch_69"}
{"evaluated": 34, "total": 43, "run": "validation_epoch_69"}
{"evaluated": 35, "total": 43, "run": "validation_epoch_69"}
{"evaluated": 36, "total": 43, "run": "validation_epoch_69"}
{"evaluated": 37, "total": 43, "run": "validation_epoch_69"}
{"evaluated": 38, "total": 43, "run": "validation_epoch_69"}
{"evaluated": 39, "total": 43, "run": "validation_epoch_69"}
{"evaluated": 40, "total": 43, "run": "validation_epoch_69"}
{"evaluated": 41, "total": 43, "run": "validation_epoch_69"}
{"evaluated": 42, "total": 43, "run": "validation_epoch_69"}
{"evaluated": 43, "total": 43, "run": "validation_epoch_69"}
{"protocol": "binary-pressure-low", "seed": 4, "epoch": 69, "train_loss": 0.0014841840990508597, "seconds": 5.159877300262451, "final_solver_validation_distance": 0.11357415938941004}
{"evaluated": 1, "total": 43, "run": "validation_epoch_79"}
{"evaluated": 2, "total": 43, "run": "validation_epoch_79"}
{"evaluated": 3, "total": 43, "run": "validation_epoch_79"}
{"evaluated": 4, "total": 43, "run": "validation_epoch_79"}
{"evaluated": 5, "total": 43, "run": "validation_epoch_79"}
{"evaluated": 6, "total": 43, "run": "validation_epoch_79"}
{"evaluated": 7, "total": 43, "run": "validation_epoch_79"}
{"evaluated": 8, "total": 43, "run": "validation_epoch_79"}
{"evaluated": 9, "total": 43, "run": "validation_epoch_79"}
{"evaluated": 10, "total": 43, "run": "validation_epoch_79"}
{"evaluated": 11, "total": 43, "run": "validation_epoch_79"}
{"evaluated": 12, "total": 43, "run": "validation_epoch_79"}
{"evaluated": 13, "total": 43, "run": "validation_epoch_79"}
{"evaluated": 14, "total": 43, "run": "validation_epoch_79"}
{"evaluated": 15, "total": 43, "run": "validation_epoch_79"}
{"evaluated": 16, "total": 43, "run": "validation_epoch_79"}
{"evaluated": 17, "total": 43, "run": "validation_epoch_79"}
{"evaluated": 18, "total": 43, "run": "validation_epoch_79"}
{"evaluated": 19, "total": 43, "run": "validation_epoch_79"}
{"evaluated": 20, "total": 43, "run": "validation_epoch_79"}
{"evaluated": 21, "total": 43, "run": "validation_epoch_79"}
{"evaluated": 22, "total": 43, "run": "validation_epoch_79"}
{"evaluated": 23, "total": 43, "run": "validation_epoch_79"}
{"evaluated": 24, "total": 43, "run": "validation_epoch_79"}
{"evaluated": 25, "total": 43, "run": "validation_epoch_79"}
{"evaluated": 26, "total": 43, "run": "validation_epoch_79"}
{"evaluated": 27, "total": 43, "run": "validation_epoch_79"}
{"evaluated": 28, "total": 43, "run": "validation_epoch_79"}
{"evaluated": 29, "total": 43, "run": "validation_epoch_79"}
{"evaluated": 30, "total": 43, "run": "validation_epoch_79"}
{"evaluated": 31, "total": 43, "run": "validation_epoch_79"}
{"evaluated": 32, "total": 43, "run": "validation_epoch_79"}
{"evaluated": 33, "total": 43, "run": "validation_epoch_79"}
{"evaluated": 34, "total": 43, "run": "validation_epoch_79"}
{"evaluated": 35, "total": 43, "run": "validation_epoch_79"}
{"evaluated": 36, "total": 43, "run": "validation_epoch_79"}
{"evaluated": 37, "total": 43, "run": "validation_epoch_79"}
{"evaluated": 38, "total": 43, "run": "validation_epoch_79"}
{"evaluated": 39, "total": 43, "run": "validation_epoch_79"}
{"evaluated": 40, "total": 43, "run": "validation_epoch_79"}
{"evaluated": 41, "total": 43, "run": "validation_epoch_79"}
{"evaluated": 42, "total": 43, "run": "validation_epoch_79"}
{"evaluated": 43, "total": 43, "run": "validation_epoch_79"}
{"protocol": "binary-pressure-low", "seed": 4, "epoch": 79, "train_loss": 0.0013640077086165547, "seconds": 6.06345534324646, "final_solver_validation_distance": 0.11144144637347946}
{"evaluated": 1, "total": 43, "run": "seed_4"}
{"evaluated": 2, "total": 43, "run": "seed_4"}
{"evaluated": 3, "total": 43, "run": "seed_4"}
{"evaluated": 4, "total": 43, "run": "seed_4"}
{"evaluated": 5, "total": 43, "run": "seed_4"}
{"evaluated": 6, "total": 43, "run": "seed_4"}
{"evaluated": 7, "total": 43, "run": "seed_4"}
{"evaluated": 8, "total": 43, "run": "seed_4"}
{"evaluated": 9, "total": 43, "run": "seed_4"}
{"evaluated": 10, "total": 43, "run": "seed_4"}
{"evaluated": 11, "total": 43, "run": "seed_4"}
{"evaluated": 12, "total": 43, "run": "seed_4"}
{"evaluated": 13, "total": 43, "run": "seed_4"}
{"evaluated": 14, "total": 43, "run": "seed_4"}
{"evaluated": 15, "total": 43, "run": "seed_4"}
{"evaluated": 16, "total": 43, "run": "seed_4"}
{"evaluated": 17, "total": 43, "run": "seed_4"}
{"evaluated": 18, "total": 43, "run": "seed_4"}
{"evaluated": 19, "total": 43, "run": "seed_4"}
{"evaluated": 20, "total": 43, "run": "seed_4"}
{"evaluated": 21, "total": 43, "run": "seed_4"}
{"evaluated": 22, "total": 43, "run": "seed_4"}
{"evaluated": 23, "total": 43, "run": "seed_4"}
{"evaluated": 24, "total": 43, "run": "seed_4"}
{"evaluated": 25, "total": 43, "run": "seed_4"}
{"evaluated": 26, "total": 43, "run": "seed_4"}
{"evaluated": 27, "total": 43, "run": "seed_4"}
{"evaluated": 28, "total": 43, "run": "seed_4"}
{"evaluated": 29, "total": 43, "run": "seed_4"}
{"evaluated": 30, "total": 43, "run": "seed_4"}
{"evaluated": 31, "total": 43, "run": "seed_4"}
{"evaluated": 32, "total": 43, "run": "seed_4"}
{"evaluated": 33, "total": 43, "run": "seed_4"}
{"evaluated": 34, "total": 43, "run": "seed_4"}
{"evaluated": 35, "total": 43, "run": "seed_4"}
{"evaluated": 36, "total": 43, "run": "seed_4"}
{"evaluated": 37, "total": 43, "run": "seed_4"}
{"evaluated": 38, "total": 43, "run": "seed_4"}
{"evaluated": 39, "total": 43, "run": "seed_4"}
{"evaluated": 40, "total": 43, "run": "seed_4"}
{"evaluated": 41, "total": 43, "run": "seed_4"}
{"evaluated": 42, "total": 43, "run": "seed_4"}
{"evaluated": 43, "total": 43, "run": "seed_4"}
{"completed": "binary-pressure-low", "seed": 4, "test": {"conditions": 43, "successful_conditions": 43, "success_fraction": 1.0, "failure_penalized_set_distance": 0.10698108127562733, "observed_coverage_at_0.02": 0.37209302325581395, "matched_endpoint_r2_successful_only": 0.7799961611959922, "matched_endpoint_mae_successful_only": 0.085337354745186, "matched_endpoint_rmse_successful_only": 0.18779691182647398, "max_equilibrium_rms": 2.5146813821089453e-15, "min_grid_tpd": -8.881784197001252e-16, "r2_target_met": false}}

$ E:\anaconda\envs\ggnn39\python.exe -m src.thermoformer.lle_tp.verified_fast_campaign --output D:\VLE\VLE\phase_equilibrium\runs\phase_equilibrium\v1\lle\formal\binary-pressure-low --dataset D:\VLE\VLE\phase_equilibrium\datasets/lle --protocol binary-pressure-low --seeds 0 1 2 3 4 --device cuda
