[stage experimental] starting 80 epoch(s)
[stage experimental] [epoch 1/80] train_total=0.762921 val_total=0.076671 best=0.076671 improved=yes epoch_time=2.0s total_time=2.0s
[stage experimental] [epoch 2/80] train_total=0.113073 val_total=0.039031 best=0.039031 improved=yes epoch_time=1.7s total_time=3.7s
[stage experimental] [epoch 3/80] train_total=0.069932 val_total=0.026168 best=0.026168 improved=yes epoch_time=1.7s total_time=5.4s
[stage experimental] [epoch 4/80] train_total=0.067274 val_total=0.056330 best=0.026168 improved=no epoch_time=1.7s total_time=7.1s
[stage experimental] [epoch 5/80] train_total=0.045285 val_total=0.023403 best=0.023403 improved=yes epoch_time=1.7s total_time=8.8s
[stage experimental] [epoch 6/80] train_total=0.042360 val_total=0.024653 best=0.023403 improved=no epoch_time=1.7s total_time=10.5s
[stage experimental] [epoch 7/80] train_total=0.046899 val_total=0.036998 best=0.023403 improved=no epoch_time=1.7s total_time=12.2s
[stage experimental] [epoch 8/80] train_total=0.045789 val_total=0.064859 best=0.023403 improved=no epoch_time=1.7s total_time=13.9s
[stage experimental] [epoch 9/80] train_total=0.041549 val_total=0.046142 best=0.023403 improved=no epoch_time=1.7s total_time=15.5s
[stage experimental] [epoch 10/80] train_total=0.048573 val_total=0.021500 best=0.021500 improved=yes epoch_time=1.7s total_time=17.2s
[stage experimental] [epoch 11/80] train_total=0.039273 val_total=0.028820 best=0.021500 improved=no epoch_time=1.7s total_time=18.9s
[stage experimental] [epoch 12/80] train_total=0.033830 val_total=0.026128 best=0.021500 improved=no epoch_time=1.7s total_time=20.6s
[stage experimental] [epoch 13/80] train_total=0.034260 val_total=0.023388 best=0.021500 improved=no epoch_time=1.7s total_time=22.3s
[stage experimental] [epoch 14/80] train_total=0.038507 val_total=0.025332 best=0.021500 improved=no epoch_time=1.7s total_time=24.0s
[stage experimental] [epoch 15/80] train_total=0.038027 val_total=0.025651 best=0.021500 improved=no epoch_time=1.7s total_time=25.7s
[stage experimental] [epoch 16/80] train_total=0.030742 val_total=0.020566 best=0.020566 improved=yes epoch_time=1.7s total_time=27.4s
[stage experimental] [epoch 17/80] train_total=0.031244 val_total=0.014230 best=0.014230 improved=yes epoch_time=1.7s total_time=29.1s
[stage experimental] [epoch 18/80] train_total=0.030113 val_total=0.028178 best=0.014230 improved=no epoch_time=1.7s total_time=30.8s
[stage experimental] [epoch 19/80] train_total=0.027702 val_total=0.031345 best=0.014230 improved=no epoch_time=1.7s total_time=32.5s
[stage experimental] [epoch 20/80] train_total=0.029845 val_total=0.016328 best=0.014230 improved=no epoch_time=1.7s total_time=34.2s
[stage experimental] [epoch 21/80] train_total=0.023650 val_total=0.012872 best=0.012872 improved=yes epoch_time=1.7s total_time=35.9s
[stage experimental] [epoch 22/80] train_total=0.022516 val_total=0.016414 best=0.012872 improved=no epoch_time=1.7s total_time=37.6s
[stage experimental] [epoch 23/80] train_total=0.024730 val_total=0.011981 best=0.011981 improved=yes epoch_time=1.7s total_time=39.3s
[stage experimental] [epoch 24/80] train_total=0.025661 val_total=0.021834 best=0.011981 improved=no epoch_time=1.7s total_time=41.1s
[stage experimental] [epoch 25/80] train_total=0.023034 val_total=0.015536 best=0.011981 improved=no epoch_time=1.7s total_time=42.8s
[stage experimental] [epoch 26/80] train_total=0.022247 val_total=0.010989 best=0.010989 improved=yes epoch_time=1.7s total_time=44.4s
[stage experimental] [epoch 27/80] train_total=0.021709 val_total=0.016029 best=0.010989 improved=no epoch_time=1.7s total_time=46.1s
[stage experimental] [epoch 28/80] train_total=0.019630 val_total=0.024178 best=0.010989 improved=no epoch_time=1.7s total_time=47.9s
[stage experimental] [epoch 29/80] train_total=0.017411 val_total=0.011898 best=0.010989 improved=no epoch_time=1.7s total_time=49.6s
[stage experimental] [epoch 30/80] train_total=0.018870 val_total=0.017406 best=0.010989 improved=no epoch_time=2.0s total_time=51.6s
[stage experimental] [epoch 31/80] train_total=0.017852 val_total=0.018416 best=0.010989 improved=no epoch_time=2.0s total_time=53.6s
[stage experimental] [epoch 32/80] train_total=0.018837 val_total=0.017836 best=0.010989 improved=no epoch_time=1.9s total_time=55.5s
[stage experimental] [epoch 33/80] train_total=0.017086 val_total=0.016850 best=0.010989 improved=no epoch_time=1.9s total_time=57.4s
[stage experimental] [epoch 34/80] train_total=0.013901 val_total=0.013749 best=0.010989 improved=no epoch_time=1.9s total_time=59.4s
[stage experimental] [epoch 35/80] train_total=0.015591 val_total=0.010709 best=0.010709 improved=yes epoch_time=1.8s total_time=61.2s
[stage experimental] [epoch 36/80] train_total=0.013512 val_total=0.009776 best=0.009776 improved=yes epoch_time=1.8s total_time=63.0s
[stage experimental] [epoch 37/80] train_total=0.013266 val_total=0.009676 best=0.009676 improved=yes epoch_time=2.0s total_time=65.0s
[stage experimental] [epoch 38/80] train_total=0.012573 val_total=0.008394 best=0.008394 improved=yes epoch_time=1.8s total_time=66.8s
[stage experimental] [epoch 39/80] train_total=0.012394 val_total=0.009906 best=0.008394 improved=no epoch_time=1.9s total_time=68.6s
[stage experimental] [epoch 40/80] train_total=0.014793 val_total=0.006944 best=0.006944 improved=yes epoch_time=1.9s total_time=70.5s
[stage experimental] [epoch 41/80] train_total=0.013240 val_total=0.005863 best=0.005863 improved=yes epoch_time=1.8s total_time=72.3s
[stage experimental] [epoch 42/80] train_total=0.010011 val_total=0.007112 best=0.005863 improved=no epoch_time=2.0s total_time=74.4s
[stage experimental] [epoch 43/80] train_total=0.010035 val_total=0.014417 best=0.005863 improved=no epoch_time=1.9s total_time=76.2s
[stage experimental] [epoch 44/80] train_total=0.010848 val_total=0.008012 best=0.005863 improved=no epoch_time=2.0s total_time=78.2s
[stage experimental] [epoch 45/80] train_total=0.009263 val_total=0.013310 best=0.005863 improved=no epoch_time=1.9s total_time=80.1s
[stage experimental] [epoch 46/80] train_total=0.012743 val_total=0.006176 best=0.005863 improved=no epoch_time=1.8s total_time=81.9s
[stage experimental] [epoch 47/80] train_total=0.009145 val_total=0.004788 best=0.004788 improved=yes epoch_time=1.8s total_time=83.7s
[stage experimental] [epoch 48/80] train_total=0.010297 val_total=0.006257 best=0.004788 improved=no epoch_time=1.8s total_time=85.5s
[stage experimental] [epoch 49/80] train_total=0.010525 val_total=0.005092 best=0.004788 improved=no epoch_time=1.8s total_time=87.3s
[stage experimental] [epoch 50/80] train_total=0.012223 val_total=0.007178 best=0.004788 improved=no epoch_time=1.9s total_time=89.1s
[stage experimental] [epoch 51/80] train_total=0.010164 val_total=0.005084 best=0.004788 improved=no epoch_time=1.9s total_time=91.1s
[stage experimental] [epoch 52/80] train_total=0.008373 val_total=0.003895 best=0.003895 improved=yes epoch_time=1.8s total_time=92.9s
[stage experimental] [epoch 53/80] train_total=0.008795 val_total=0.005371 best=0.003895 improved=no epoch_time=1.8s total_time=94.7s
[stage experimental] [epoch 54/80] train_total=0.009223 val_total=0.005626 best=0.003895 improved=no epoch_time=1.6s total_time=96.4s
[stage experimental] [epoch 55/80] train_total=0.009256 val_total=0.004313 best=0.003895 improved=no epoch_time=1.5s total_time=97.9s
[stage experimental] [epoch 56/80] train_total=0.011240 val_total=0.006323 best=0.003895 improved=no epoch_time=1.6s total_time=99.4s
[stage experimental] [epoch 57/80] train_total=0.008352 val_total=0.002996 best=0.002996 improved=yes epoch_time=1.9s total_time=101.4s
[stage experimental] [epoch 58/80] train_total=0.008708 val_total=0.010532 best=0.002996 improved=no epoch_time=1.9s total_time=103.3s
[stage experimental] [epoch 59/80] train_total=0.009443 val_total=0.005881 best=0.002996 improved=no epoch_time=1.9s total_time=105.2s
[stage experimental] [epoch 60/80] train_total=0.010910 val_total=0.006264 best=0.002996 improved=no epoch_time=1.9s total_time=107.1s
[stage experimental] [epoch 61/80] train_total=0.010388 val_total=0.004143 best=0.002996 improved=no epoch_time=1.8s total_time=108.9s
[stage experimental] [epoch 62/80] train_total=0.007670 val_total=0.004669 best=0.002996 improved=no epoch_time=1.9s total_time=110.9s
[stage experimental] [epoch 63/80] train_total=0.009817 val_total=0.004679 best=0.002996 improved=no epoch_time=2.2s total_time=113.1s
[stage experimental] [epoch 64/80] train_total=0.009240 val_total=0.003731 best=0.002996 improved=no epoch_time=2.0s total_time=115.1s
[stage experimental] [epoch 65/80] train_total=0.009548 val_total=0.004832 best=0.002996 improved=no epoch_time=1.9s total_time=117.0s
[stage experimental] [epoch 66/80] train_total=0.009346 val_total=0.004836 best=0.002996 improved=no epoch_time=1.9s total_time=118.9s
[stage experimental] [epoch 67/80] train_total=0.010082 val_total=0.008093 best=0.002996 improved=no epoch_time=1.7s total_time=120.6s
[stage experimental] [epoch 68/80] train_total=0.008964 val_total=0.004584 best=0.002996 improved=no epoch_time=2.0s total_time=122.5s
[stage experimental] [epoch 69/80] train_total=0.007781 val_total=0.005577 best=0.002996 improved=no epoch_time=1.9s total_time=124.5s
[stage experimental] early stopping at epoch 69; best_validation=0.002996
[seed 0] [stage 1/3: direct GE] starting 20 epoch(s)
[seed 0] [stage 1/3: direct GE] [epoch 1/20] train_total=0.004896 val_score=1.339225 best=1.339225 P_MAE=2.6849 kPa y_iso_MAE=0.016359 T_MAE=1.3331 K y_isob_MAE=0.015603 improved=yes epoch_time=10.7s total_time=20.2s
[seed 0] [stage 1/3: direct GE] [epoch 2/20] train_total=0.004522 val_score=1.269222 best=1.269222 P_MAE=2.3947 kPa y_iso_MAE=0.013637 T_MAE=1.3906 K y_isob_MAE=0.015471 improved=yes epoch_time=10.8s total_time=31.0s
[seed 0] [stage 1/3: direct GE] [epoch 3/20] train_total=0.004370 val_score=1.543821 best=1.269222 P_MAE=2.7357 kPa y_iso_MAE=0.014526 T_MAE=1.8961 K y_isob_MAE=0.018710 improved=no epoch_time=10.7s total_time=41.6s
[seed 0] [stage 1/3: direct GE] [epoch 4/20] train_total=0.004118 val_score=1.466536 best=1.269222 P_MAE=2.6603 kPa y_iso_MAE=0.016064 T_MAE=1.6527 K y_isob_MAE=0.017492 improved=no epoch_time=10.9s total_time=52.6s
[seed 0] [stage 1/3: direct GE] [epoch 5/20] train_total=0.004102 val_score=1.655173 best=1.269222 P_MAE=2.8386 kPa y_iso_MAE=0.016812 T_MAE=1.9946 K y_isob_MAE=0.019963 improved=no epoch_time=11.6s total_time=64.2s
[seed 0] [stage 1/3: direct GE] [epoch 6/20] train_total=0.003868 val_score=1.652066 best=1.269222 P_MAE=2.6765 kPa y_iso_MAE=0.018549 T_MAE=1.9275 K y_isob_MAE=0.020027 improved=no epoch_time=11.1s total_time=75.3s
[seed 0] [stage 1/3: direct GE] [epoch 7/20] train_total=0.003802 val_score=1.476859 best=1.269222 P_MAE=2.1668 kPa y_iso_MAE=0.016070 T_MAE=1.7510 K y_isob_MAE=0.019162 improved=no epoch_time=10.9s total_time=86.1s
[seed 0] [stage 1/3: direct GE] [epoch 8/20] train_total=0.003748 val_score=1.815018 best=1.269222 P_MAE=2.7495 kPa y_iso_MAE=0.018293 T_MAE=2.2797 K y_isob_MAE=0.022601 improved=no epoch_time=11.2s total_time=97.3s
[seed 0] [stage 1/3: direct GE] [epoch 9/20] train_total=0.003803 val_score=1.731838 best=1.269222 P_MAE=2.2443 kPa y_iso_MAE=0.016395 T_MAE=2.2832 K y_isob_MAE=0.022986 improved=no epoch_time=11.1s total_time=108.4s
[seed 0] [stage 1/3: direct GE] [epoch 10/20] train_total=0.003716 val_score=1.681775 best=1.269222 P_MAE=2.6653 kPa y_iso_MAE=0.018081 T_MAE=2.0490 K y_isob_MAE=0.020189 improved=no epoch_time=11.5s total_time=119.9s
[seed 0] [stage 1/3: direct GE] [epoch 11/20] train_total=0.003957 val_score=1.571324 best=1.269222 P_MAE=1.9714 kPa y_iso_MAE=0.014760 T_MAE=2.0981 K y_isob_MAE=0.020922 improved=no epoch_time=10.6s total_time=130.5s
[seed 0] [stage 1/3: direct GE] [epoch 12/20] train_total=0.003551 val_score=1.703211 best=1.269222 P_MAE=2.3636 kPa y_iso_MAE=0.016306 T_MAE=2.1561 K y_isob_MAE=0.022901 improved=no epoch_time=10.9s total_time=141.4s
[seed 0] [stage 1/3: direct GE] [epoch 13/20] train_total=0.003547 val_score=1.834577 best=1.269222 P_MAE=2.5689 kPa y_iso_MAE=0.018889 T_MAE=2.2345 K y_isob_MAE=0.024586 improved=no epoch_time=10.8s total_time=152.2s
[seed 0] [stage 1/3: direct GE] [epoch 14/20] train_total=0.003650 val_score=1.935584 best=1.269222 P_MAE=2.5348 kPa y_iso_MAE=0.018610 T_MAE=2.5975 K y_isob_MAE=0.024628 improved=no epoch_time=10.8s total_time=163.0s
[seed 0] [stage 1/3: direct GE] [epoch 15/20] train_total=0.003510 val_score=1.813152 best=1.269222 P_MAE=2.4324 kPa y_iso_MAE=0.017900 T_MAE=2.2041 K y_isob_MAE=0.025633 improved=no epoch_time=11.0s total_time=174.1s
[seed 0] [stage 1/3: direct GE] [epoch 16/20] train_total=0.003614 val_score=1.782689 best=1.269222 P_MAE=2.1504 kPa y_iso_MAE=0.017088 T_MAE=2.3399 K y_isob_MAE=0.024456 improved=no epoch_time=10.9s total_time=185.0s
[seed 0] [stage 1/3: direct GE] [epoch 17/20] train_total=0.003525 val_score=2.017707 best=1.269222 P_MAE=2.8570 kPa y_iso_MAE=0.018738 T_MAE=2.5593 K y_isob_MAE=0.027293 improved=no epoch_time=11.1s total_time=196.0s
[seed 0] [stage 1/3: direct GE] [epoch 18/20] train_total=0.003718 val_score=1.934050 best=1.269222 P_MAE=2.1432 kPa y_iso_MAE=0.016238 T_MAE=2.5811 K y_isob_MAE=0.029046 improved=no epoch_time=10.8s total_time=206.8s
[seed 0] [stage 1/3: direct GE] [epoch 19/20] train_total=0.003562 val_score=2.089356 best=1.269222 P_MAE=2.6272 kPa y_iso_MAE=0.017006 T_MAE=2.9116 K y_isob_MAE=0.028458 improved=no epoch_time=11.0s total_time=217.8s
[seed 0] [stage 1/3: direct GE] [epoch 20/20] train_total=0.003426 val_score=2.102600 best=1.269222 P_MAE=2.8458 kPa y_iso_MAE=0.019410 T_MAE=2.7163 K y_isob_MAE=0.028530 improved=no epoch_time=10.9s total_time=228.7s
[seed 0] [stage 2/3: joint VLE] starting 80 epoch(s)
[seed 0] [stage 2/3: joint VLE] [epoch 1/80] train_total=0.020435 val_score=1.222959 best=1.222959 P_MAE=2.6502 kPa y_iso_MAE=0.014872 T_MAE=1.2405 K y_isob_MAE=0.012933 improved=yes epoch_time=11.9s total_time=240.6s
[seed 0] [stage 2/3: joint VLE] [epoch 2/80] train_total=0.015580 val_score=2.038007 best=1.222959 P_MAE=4.4919 kPa y_iso_MAE=0.024923 T_MAE=2.2130 K y_isob_MAE=0.018928 improved=no epoch_time=12.0s total_time=252.6s
[seed 0] [stage 2/3: joint VLE] [epoch 3/80] train_total=0.014826 val_score=1.091740 best=1.091740 P_MAE=3.0371 kPa y_iso_MAE=0.013536 T_MAE=0.8816 K y_isob_MAE=0.011025 improved=yes epoch_time=12.1s total_time=264.7s
[seed 0] [stage 2/3: joint VLE] [epoch 4/80] train_total=0.014367 val_score=0.955668 best=0.955668 P_MAE=1.5633 kPa y_iso_MAE=0.011467 T_MAE=1.0160 K y_isob_MAE=0.012249 improved=yes epoch_time=11.8s total_time=276.5s
[seed 0] [stage 2/3: joint VLE] [epoch 5/80] train_total=0.016733 val_score=1.159410 best=0.955668 P_MAE=2.1016 kPa y_iso_MAE=0.011070 T_MAE=1.3876 K y_isob_MAE=0.014179 improved=no epoch_time=11.9s total_time=288.4s
[seed 0] [stage 2/3: joint VLE] [epoch 6/80] train_total=0.012880 val_score=1.154632 best=0.955668 P_MAE=2.8895 kPa y_iso_MAE=0.014416 T_MAE=1.0348 K y_isob_MAE=0.011789 improved=no epoch_time=11.8s total_time=300.2s
[seed 0] [stage 2/3: joint VLE] [epoch 7/80] train_total=0.014490 val_score=1.249207 best=0.955668 P_MAE=2.8941 kPa y_iso_MAE=0.018939 T_MAE=0.9590 K y_isob_MAE=0.013199 improved=no epoch_time=12.4s total_time=312.6s
[seed 0] [stage 2/3: joint VLE] [epoch 8/80] train_total=0.013372 val_score=1.161548 best=0.955668 P_MAE=3.6100 kPa y_iso_MAE=0.014854 T_MAE=0.7448 K y_isob_MAE=0.012101 improved=no epoch_time=12.3s total_time=324.9s
[seed 0] [stage 2/3: joint VLE] [epoch 9/80] train_total=0.013930 val_score=1.013655 best=0.955668 P_MAE=1.8369 kPa y_iso_MAE=0.014128 T_MAE=0.9576 K y_isob_MAE=0.011963 improved=no epoch_time=13.4s total_time=338.3s
[seed 0] [stage 2/3: joint VLE] [epoch 10/80] train_total=0.014603 val_score=1.241426 best=0.955668 P_MAE=2.2807 kPa y_iso_MAE=0.014355 T_MAE=1.4246 K y_isob_MAE=0.013588 improved=no epoch_time=12.7s total_time=351.0s
[seed 0] [stage 2/3: joint VLE] [epoch 11/80] train_total=0.015067 val_score=1.311893 best=0.955668 P_MAE=2.8367 kPa y_iso_MAE=0.018724 T_MAE=1.1280 K y_isob_MAE=0.014263 improved=no epoch_time=13.1s total_time=364.1s
[seed 0] [stage 2/3: joint VLE] [epoch 12/80] train_total=0.016353 val_score=1.097374 best=0.955668 P_MAE=2.2424 kPa y_iso_MAE=0.016259 T_MAE=0.9609 K y_isob_MAE=0.011816 improved=no epoch_time=13.0s total_time=377.1s
[seed 0] [stage 2/3: joint VLE] [epoch 13/80] train_total=0.013666 val_score=1.065420 best=0.955668 P_MAE=2.4141 kPa y_iso_MAE=0.015398 T_MAE=0.8953 K y_isob_MAE=0.011125 improved=no epoch_time=12.5s total_time=389.6s
[seed 0] [stage 2/3: joint VLE] [epoch 14/80] train_total=0.012037 val_score=0.998724 best=0.955668 P_MAE=2.1971 kPa y_iso_MAE=0.014048 T_MAE=0.7471 K y_isob_MAE=0.012459 improved=no epoch_time=12.0s total_time=401.6s
[seed 0] [stage 2/3: joint VLE] [epoch 15/80] train_total=0.018029 val_score=1.323013 best=0.955668 P_MAE=3.2131 kPa y_iso_MAE=0.017337 T_MAE=1.1852 K y_isob_MAE=0.013274 improved=no epoch_time=12.0s total_time=413.6s
[seed 0] [stage 2/3: joint VLE] [epoch 16/80] train_total=0.013122 val_score=1.121929 best=0.955668 P_MAE=2.9912 kPa y_iso_MAE=0.017165 T_MAE=0.6950 K y_isob_MAE=0.012042 improved=no epoch_time=12.2s total_time=425.8s
{"direct_ge_parameter_summary": {"stage1_trainable_parameters": 1977601, "stage2_trainable_parameters": 2015043, "stage3": {"groups": [{"learning_rate": 2e-05, "name": "pair_potential", "parameter_count": 110977, "parameter_names": ["pair_potential.0.weight", "pair_potential.0.bias", "pair_potential.2.weight", "pair_potential.2.bias"]}, {"learning_rate": 1e-05, "name": "vapor_pressure", "parameter_count": 37442, "parameter_names": ["vapor_pressure.parameter_head.0.weight", "vapor_pressure.parameter_head.0.bias", "vapor_pressure.parameter_head.2.weight", "vapor_pressure.parameter_head.2.bias"]}, {"learning_rate": 5e-06, "name": "film", "parameter_count": 111744, "parameter_names": ["film.0.weight", "film.0.bias", "film.2.weight", "film.2.bias"]}, {"learning_rate": 5e-06, "name": "mixture_token", "parameter_count": 192, "parameter_names": ["mixture_token"]}], "total_parameters": 2015043, "trainable_fraction": 0.1292056794817778, "trainable_parameters": 260355}, "total_parameters": 2015043, "trainable_fraction": 0.1292056794817778, "trainable_parameters": 260355}}
[seed 0] [stage 3/3: fugacity] starting 10 epoch(s)
[seed 0] [stage 3/3: fugacity] [epoch 1/10] train_total=0.011711 val_score=0.995341 best=0.995341 P_MAE=2.1451 kPa y_iso_MAE=0.012361 T_MAE=0.9153 K y_isob_MAE=0.011709 improved=yes epoch_time=11.7s total_time=437.5s
[seed 0] [stage 3/3: fugacity] [epoch 2/10] train_total=0.010482 val_score=0.974175 best=0.974175 P_MAE=2.2790 kPa y_iso_MAE=0.012203 T_MAE=0.8346 K y_isob_MAE=0.011300 improved=yes epoch_time=11.6s total_time=449.0s
[seed 0] [stage 3/3: fugacity] [epoch 3/10] train_total=0.010207 val_score=0.977502 best=0.974175 P_MAE=2.3066 kPa y_iso_MAE=0.012614 T_MAE=0.8103 K y_isob_MAE=0.011284 improved=no epoch_time=11.4s total_time=460.4s
[seed 0] [stage 3/3: fugacity] [epoch 4/10] train_total=0.009951 val_score=0.960571 best=0.960571 P_MAE=2.2715 kPa y_iso_MAE=0.012544 T_MAE=0.7820 K y_isob_MAE=0.011131 improved=yes epoch_time=12.1s total_time=472.5s
[seed 0] [stage 3/3: fugacity] [epoch 5/10] train_total=0.009878 val_score=0.955625 best=0.955625 P_MAE=2.2991 kPa y_iso_MAE=0.012361 T_MAE=0.7736 K y_isob_MAE=0.011039 improved=yes epoch_time=11.6s total_time=484.1s
[seed 0] [stage 3/3: fugacity] [epoch 6/10] train_total=0.009368 val_score=0.964370 best=0.955625 P_MAE=2.3956 kPa y_iso_MAE=0.012593 T_MAE=0.7542 K y_isob_MAE=0.011015 improved=no epoch_time=11.8s total_time=495.9s
[seed 0] [stage 3/3: fugacity] [epoch 7/10] train_total=0.009420 val_score=0.910575 best=0.910575 P_MAE=2.0854 kPa y_iso_MAE=0.011846 T_MAE=0.7508 K y_isob_MAE=0.010813 improved=yes epoch_time=11.5s total_time=507.4s
[seed 0] [stage 3/3: fugacity] [epoch 8/10] train_total=0.009324 val_score=0.940491 best=0.910575 P_MAE=2.2990 kPa y_iso_MAE=0.012438 T_MAE=0.7330 K y_isob_MAE=0.010829 improved=no epoch_time=11.7s total_time=519.1s
[seed 0] [stage 3/3: fugacity] [epoch 9/10] train_total=0.009074 val_score=0.957642 best=0.910575 P_MAE=2.3311 kPa y_iso_MAE=0.012981 T_MAE=0.7374 K y_isob_MAE=0.010916 improved=no epoch_time=11.7s total_time=530.8s
[seed 0] [stage 3/3: fugacity] [epoch 10/10] train_total=0.009243 val_score=0.929863 best=0.910575 P_MAE=2.2583 kPa y_iso_MAE=0.012315 T_MAE=0.7209 K y_isob_MAE=0.010823 improved=no epoch_time=11.8s total_time=542.6s
{"protocol": "vle_binary_state_temperature_low_extrapolation", "seed": 0, "manifest": "D:\\VLE\\VLE\\thermoformer_project\\runs\\phase_equilibrium\\v1\\vle\\three\\results\\thermoformer_vle_three_stage.on.vle_binary_state_temperature_low_extrapolation\\seed_0\\manifest.json"}
[stage experimental] starting 80 epoch(s)
[stage experimental] [epoch 1/80] train_total=0.700373 val_total=0.050533 best=0.050533 improved=yes epoch_time=1.9s total_time=1.9s
[stage experimental] [epoch 2/80] train_total=0.111223 val_total=0.033400 best=0.033400 improved=yes epoch_time=1.9s total_time=3.8s
[stage experimental] [epoch 3/80] train_total=0.069647 val_total=0.042783 best=0.033400 improved=no epoch_time=1.9s total_time=5.7s
[stage experimental] [epoch 4/80] train_total=0.064125 val_total=0.037330 best=0.033400 improved=no epoch_time=1.9s total_time=7.6s
[stage experimental] [epoch 5/80] train_total=0.046268 val_total=0.050667 best=0.033400 improved=no epoch_time=1.9s total_time=9.5s
[stage experimental] [epoch 6/80] train_total=0.049575 val_total=0.023629 best=0.023629 improved=yes epoch_time=1.8s total_time=11.3s
[stage experimental] [epoch 7/80] train_total=0.048126 val_total=0.028575 best=0.023629 improved=no epoch_time=1.9s total_time=13.1s
[stage experimental] [epoch 8/80] train_total=0.044374 val_total=0.024665 best=0.023629 improved=no epoch_time=1.9s total_time=15.0s
[stage experimental] [epoch 9/80] train_total=0.039819 val_total=0.029747 best=0.023629 improved=no epoch_time=1.9s total_time=16.9s
[stage experimental] [epoch 10/80] train_total=0.038354 val_total=0.031694 best=0.023629 improved=no epoch_time=2.0s total_time=18.9s
[stage experimental] [epoch 11/80] train_total=0.038245 val_total=0.025786 best=0.023629 improved=no epoch_time=2.0s total_time=20.9s
[stage experimental] [epoch 12/80] train_total=0.035860 val_total=0.042406 best=0.023629 improved=no epoch_time=2.1s total_time=23.0s
[stage experimental] [epoch 13/80] train_total=0.037026 val_total=0.031096 best=0.023629 improved=no epoch_time=2.0s total_time=25.0s
[stage experimental] [epoch 14/80] train_total=0.035881 val_total=0.029698 best=0.023629 improved=no epoch_time=1.8s total_time=26.8s
[stage experimental] [epoch 15/80] train_total=0.035471 val_total=0.029489 best=0.023629 improved=no epoch_time=1.7s total_time=28.5s
[stage experimental] [epoch 16/80] train_total=0.034009 val_total=0.033370 best=0.023629 improved=no epoch_time=1.9s total_time=30.4s
[stage experimental] [epoch 17/80] train_total=0.029475 val_total=0.020027 best=0.020027 improved=yes epoch_time=1.8s total_time=32.2s
[stage experimental] [epoch 18/80] train_total=0.028514 val_total=0.049161 best=0.020027 improved=no epoch_time=1.8s total_time=34.0s
[stage experimental] [epoch 19/80] train_total=0.028444 val_total=0.023223 best=0.020027 improved=no epoch_time=1.8s total_time=35.8s
[stage experimental] [epoch 20/80] train_total=0.032940 val_total=0.035425 best=0.020027 improved=no epoch_time=1.8s total_time=37.5s
[stage experimental] [epoch 21/80] train_total=0.030857 val_total=0.020032 best=0.020027 improved=no epoch_time=1.8s total_time=39.3s
[stage experimental] [epoch 22/80] train_total=0.027892 val_total=0.022706 best=0.020027 improved=no epoch_time=1.9s total_time=41.2s
[stage experimental] [epoch 23/80] train_total=0.026206 val_total=0.013476 best=0.013476 improved=yes epoch_time=1.8s total_time=43.0s
[stage experimental] [epoch 24/80] train_total=0.024730 val_total=0.013176 best=0.013176 improved=yes epoch_time=1.8s total_time=44.8s
[stage experimental] [epoch 25/80] train_total=0.023414 val_total=0.017985 best=0.013176 improved=no epoch_time=1.8s total_time=46.6s
[stage experimental] [epoch 26/80] train_total=0.025086 val_total=0.016287 best=0.013176 improved=no epoch_time=1.8s total_time=48.4s
[stage experimental] [epoch 27/80] train_total=0.023487 val_total=0.029095 best=0.013176 improved=no epoch_time=1.8s total_time=50.1s
[stage experimental] [epoch 28/80] train_total=0.023159 val_total=0.018443 best=0.013176 improved=no epoch_time=1.8s total_time=51.9s
[stage experimental] [epoch 29/80] train_total=0.019482 val_total=0.025371 best=0.013176 improved=no epoch_time=1.7s total_time=53.7s
[stage experimental] [epoch 30/80] train_total=0.019286 val_total=0.009900 best=0.009900 improved=yes epoch_time=1.8s total_time=55.5s
[stage experimental] [epoch 31/80] train_total=0.017509 val_total=0.013941 best=0.009900 improved=no epoch_time=1.7s total_time=57.2s
[stage experimental] [epoch 32/80] train_total=0.017353 val_total=0.029587 best=0.009900 improved=no epoch_time=1.7s total_time=58.9s
[stage experimental] [epoch 33/80] train_total=0.018568 val_total=0.008672 best=0.008672 improved=yes epoch_time=1.8s total_time=60.7s
[stage experimental] [epoch 34/80] train_total=0.017544 val_total=0.007386 best=0.007386 improved=yes epoch_time=1.7s total_time=62.5s
[stage experimental] [epoch 35/80] train_total=0.015609 val_total=0.008623 best=0.007386 improved=no epoch_time=1.8s total_time=64.3s
[stage experimental] [epoch 36/80] train_total=0.017914 val_total=0.011743 best=0.007386 improved=no epoch_time=1.8s total_time=66.0s
[stage experimental] [epoch 37/80] train_total=0.014665 val_total=0.012401 best=0.007386 improved=no epoch_time=1.8s total_time=67.8s
[stage experimental] [epoch 38/80] train_total=0.013351 val_total=0.021568 best=0.007386 improved=no epoch_time=1.8s total_time=69.6s
[stage experimental] [epoch 39/80] train_total=0.014136 val_total=0.012103 best=0.007386 improved=no epoch_time=1.8s total_time=71.4s
[stage experimental] [epoch 40/80] train_total=0.016485 val_total=0.009243 best=0.007386 improved=no epoch_time=1.8s total_time=73.2s
[stage experimental] [epoch 41/80] train_total=0.014510 val_total=0.010526 best=0.007386 improved=no epoch_time=1.8s total_time=75.0s
[stage experimental] [epoch 42/80] train_total=0.014442 val_total=0.009448 best=0.007386 improved=no epoch_time=1.8s total_time=76.8s
[stage experimental] [epoch 43/80] train_total=0.013294 val_total=0.011273 best=0.007386 improved=no epoch_time=1.8s total_time=78.6s
[stage experimental] [epoch 44/80] train_total=0.010214 val_total=0.006909 best=0.006909 improved=yes epoch_time=1.8s total_time=80.4s
[stage experimental] [epoch 45/80] train_total=0.010761 val_total=0.006433 best=0.006433 improved=yes epoch_time=1.9s total_time=82.3s
[stage experimental] [epoch 46/80] train_total=0.011998 val_total=0.009848 best=0.006433 improved=no epoch_time=1.9s total_time=84.1s
[stage experimental] [epoch 47/80] train_total=0.010307 val_total=0.006857 best=0.006433 improved=no epoch_time=1.8s total_time=86.0s
[stage experimental] [epoch 48/80] train_total=0.012302 val_total=0.007028 best=0.006433 improved=no epoch_time=1.8s total_time=87.8s
[stage experimental] [epoch 49/80] train_total=0.009185 val_total=0.004347 best=0.004347 improved=yes epoch_time=1.8s total_time=89.6s
[stage experimental] [epoch 50/80] train_total=0.010199 val_total=0.005651 best=0.004347 improved=no epoch_time=1.8s total_time=91.4s
[stage experimental] [epoch 51/80] train_total=0.009204 val_total=0.004123 best=0.004123 improved=yes epoch_time=1.8s total_time=93.2s
[stage experimental] [epoch 52/80] train_total=0.011802 val_total=0.008946 best=0.004123 improved=no epoch_time=1.7s total_time=94.9s
[stage experimental] [epoch 53/80] train_total=0.008924 val_total=0.009817 best=0.004123 improved=no epoch_time=1.8s total_time=96.7s
[stage experimental] [epoch 54/80] train_total=0.010534 val_total=0.006245 best=0.004123 improved=no epoch_time=1.8s total_time=98.5s
[stage experimental] [epoch 55/80] train_total=0.008811 val_total=0.007048 best=0.004123 improved=no epoch_time=1.8s total_time=100.3s
[stage experimental] [epoch 56/80] train_total=0.010578 val_total=0.009691 best=0.004123 improved=no epoch_time=1.8s total_time=102.1s
[stage experimental] [epoch 57/80] train_total=0.009208 val_total=0.006988 best=0.004123 improved=no epoch_time=1.8s total_time=103.9s
[stage experimental] [epoch 58/80] train_total=0.009069 val_total=0.007353 best=0.004123 improved=no epoch_time=1.8s total_time=105.6s
[stage experimental] [epoch 59/80] train_total=0.008524 val_total=0.005276 best=0.004123 improved=no epoch_time=1.7s total_time=107.3s
[stage experimental] [epoch 60/80] train_total=0.008075 val_total=0.004922 best=0.004123 improved=no epoch_time=1.8s total_time=109.1s
[stage experimental] [epoch 61/80] train_total=0.008374 val_total=0.007321 best=0.004123 improved=no epoch_time=1.8s total_time=110.9s
[stage experimental] [epoch 62/80] train_total=0.013093 val_total=0.007032 best=0.004123 improved=no epoch_time=1.8s total_time=112.7s
[stage experimental] [epoch 63/80] train_total=0.017522 val_total=0.006563 best=0.004123 improved=no epoch_time=1.8s total_time=114.5s
[stage experimental] early stopping at epoch 63; best_validation=0.004123
[seed 1] [stage 1/3: direct GE] starting 20 epoch(s)
[seed 1] [stage 1/3: direct GE] [epoch 1/20] train_total=0.005382 val_score=1.390004 best=1.390004 P_MAE=4.2870 kPa y_iso_MAE=0.019790 T_MAE=1.6947 K y_isob_MAE=0.018423 improved=yes epoch_time=11.1s total_time=20.4s
[seed 1] [stage 1/3: direct GE] [epoch 2/20] train_total=0.004676 val_score=1.329462 best=1.329462 P_MAE=3.6563 kPa y_iso_MAE=0.015753 T_MAE=1.7988 K y_isob_MAE=0.020143 improved=yes epoch_time=10.8s total_time=31.3s
[seed 1] [stage 1/3: direct GE] [epoch 3/20] train_total=0.004016 val_score=1.214546 best=1.214546 P_MAE=3.3591 kPa y_iso_MAE=0.016258 T_MAE=1.6242 K y_isob_MAE=0.016653 improved=yes epoch_time=10.6s total_time=41.9s
[seed 1] [stage 1/3: direct GE] [epoch 4/20] train_total=0.003967 val_score=1.199522 best=1.199522 P_MAE=2.8932 kPa y_iso_MAE=0.014686 T_MAE=1.6213 K y_isob_MAE=0.019354 improved=yes epoch_time=10.6s total_time=52.5s
[seed 1] [stage 1/3: direct GE] [epoch 5/20] train_total=0.003839 val_score=1.382567 best=1.199522 P_MAE=3.2856 kPa y_iso_MAE=0.016457 T_MAE=1.9362 K y_isob_MAE=0.022011 improved=no epoch_time=11.1s total_time=63.6s
[seed 1] [stage 1/3: direct GE] [epoch 6/20] train_total=0.003846 val_score=1.258352 best=1.199522 P_MAE=2.5525 kPa y_iso_MAE=0.015762 T_MAE=1.7870 K y_isob_MAE=0.020634 improved=no epoch_time=11.1s total_time=74.7s
[seed 1] [stage 1/3: direct GE] [epoch 7/20] train_total=0.004102 val_score=1.392527 best=1.199522 P_MAE=2.6057 kPa y_iso_MAE=0.013845 T_MAE=2.1921 K y_isob_MAE=0.024347 improved=no epoch_time=11.0s total_time=85.7s
[seed 1] [stage 1/3: direct GE] [epoch 8/20] train_total=0.003699 val_score=1.474554 best=1.199522 P_MAE=3.2312 kPa y_iso_MAE=0.017311 T_MAE=2.1829 K y_isob_MAE=0.023116 improved=no epoch_time=10.9s total_time=96.6s
[seed 1] [stage 1/3: direct GE] [epoch 9/20] train_total=0.004070 val_score=1.324181 best=1.199522 P_MAE=2.1506 kPa y_iso_MAE=0.017131 T_MAE=2.0605 K y_isob_MAE=0.020691 improved=no epoch_time=10.7s total_time=107.3s
[seed 1] [stage 1/3: direct GE] [epoch 10/20] train_total=0.003679 val_score=1.539037 best=1.199522 P_MAE=2.5837 kPa y_iso_MAE=0.017369 T_MAE=2.6106 K y_isob_MAE=0.023208 improved=no epoch_time=10.9s total_time=118.2s
[seed 1] [stage 1/3: direct GE] [epoch 11/20] train_total=0.003781 val_score=1.502182 best=1.199522 P_MAE=2.6061 kPa y_iso_MAE=0.015626 T_MAE=2.4982 K y_isob_MAE=0.024425 improved=no epoch_time=10.7s total_time=128.9s
[seed 1] [stage 1/3: direct GE] [epoch 12/20] train_total=0.003614 val_score=1.506029 best=1.199522 P_MAE=2.4370 kPa y_iso_MAE=0.016401 T_MAE=2.4996 K y_isob_MAE=0.024508 improved=no epoch_time=11.0s total_time=139.9s
[seed 1] [stage 1/3: direct GE] [epoch 13/20] train_total=0.003666 val_score=1.643892 best=1.199522 P_MAE=2.9475 kPa y_iso_MAE=0.021953 T_MAE=2.4824 K y_isob_MAE=0.024945 improved=no epoch_time=10.8s total_time=150.7s
[seed 1] [stage 1/3: direct GE] [epoch 14/20] train_total=0.003432 val_score=1.476529 best=1.199522 P_MAE=1.8407 kPa y_iso_MAE=0.014185 T_MAE=2.6560 K y_isob_MAE=0.025236 improved=no epoch_time=11.0s total_time=161.6s
[seed 1] [stage 1/3: direct GE] [epoch 15/20] train_total=0.003475 val_score=1.498068 best=1.199522 P_MAE=1.9841 kPa y_iso_MAE=0.015720 T_MAE=2.5364 K y_isob_MAE=0.026056 improved=no epoch_time=10.8s total_time=172.4s
[seed 1] [stage 1/3: direct GE] [epoch 16/20] train_total=0.003350 val_score=1.468643 best=1.199522 P_MAE=1.8542 kPa y_iso_MAE=0.014752 T_MAE=2.5587 K y_isob_MAE=0.025549 improved=no epoch_time=11.1s total_time=183.5s
[seed 1] [stage 1/3: direct GE] [epoch 17/20] train_total=0.003536 val_score=1.523761 best=1.199522 P_MAE=1.8880 kPa y_iso_MAE=0.014619 T_MAE=2.7320 K y_isob_MAE=0.026243 improved=no epoch_time=10.8s total_time=194.3s
[seed 1] [stage 1/3: direct GE] [epoch 18/20] train_total=0.003466 val_score=1.673364 best=1.199522 P_MAE=2.3499 kPa y_iso_MAE=0.017378 T_MAE=2.9477 K y_isob_MAE=0.027079 improved=no epoch_time=11.3s total_time=205.6s
[seed 1] [stage 1/3: direct GE] [epoch 19/20] train_total=0.003450 val_score=1.815330 best=1.199522 P_MAE=2.7612 kPa y_iso_MAE=0.024509 T_MAE=2.8652 K y_isob_MAE=0.027465 improved=no epoch_time=11.1s total_time=216.7s
[seed 1] [stage 1/3: direct GE] [epoch 20/20] train_total=0.003714 val_score=1.422473 best=1.199522 P_MAE=1.4158 kPa y_iso_MAE=0.015333 T_MAE=2.4585 K y_isob_MAE=0.025489 improved=no epoch_time=11.1s total_time=227.8s
[seed 1] [stage 2/3: joint VLE] starting 80 epoch(s)
[seed 1] [stage 2/3: joint VLE] [epoch 1/80] train_total=0.020150 val_score=0.988701 best=0.988701 P_MAE=2.9121 kPa y_iso_MAE=0.013164 T_MAE=1.1580 K y_isob_MAE=0.015307 improved=yes epoch_time=11.9s total_time=239.7s
[seed 1] [stage 2/3: joint VLE] [epoch 2/80] train_total=0.016424 val_score=1.204708 best=0.988701 P_MAE=3.7878 kPa y_iso_MAE=0.015805 T_MAE=1.4508 K y_isob_MAE=0.017342 improved=no epoch_time=12.0s total_time=251.7s
[seed 1] [stage 2/3: joint VLE] [epoch 3/80] train_total=0.016843 val_score=0.968573 best=0.968573 P_MAE=2.8317 kPa y_iso_MAE=0.015733 T_MAE=1.0057 K y_isob_MAE=0.013998 improved=yes epoch_time=12.0s total_time=263.7s
[seed 1] [stage 2/3: joint VLE] [epoch 4/80] train_total=0.015111 val_score=0.916352 best=0.916352 P_MAE=2.5797 kPa y_iso_MAE=0.015926 T_MAE=0.9396 K y_isob_MAE=0.012733 improved=yes epoch_time=11.4s total_time=275.1s
[seed 1] [stage 2/3: joint VLE] [epoch 5/80] train_total=0.014481 val_score=1.025293 best=0.916352 P_MAE=3.4936 kPa y_iso_MAE=0.013803 T_MAE=1.1832 K y_isob_MAE=0.014048 improved=no epoch_time=11.3s total_time=286.4s
[seed 1] [stage 2/3: joint VLE] [epoch 6/80] train_total=0.015696 val_score=1.224399 best=0.916352 P_MAE=4.7492 kPa y_iso_MAE=0.017597 T_MAE=1.2644 K y_isob_MAE=0.015437 improved=no epoch_time=11.3s total_time=297.7s
[seed 1] [stage 2/3: joint VLE] [epoch 7/80] train_total=0.014865 val_score=0.911992 best=0.911992 P_MAE=3.2049 kPa y_iso_MAE=0.015946 T_MAE=0.7979 K y_isob_MAE=0.011986 improved=yes epoch_time=11.8s total_time=309.5s
[seed 1] [stage 2/3: joint VLE] [epoch 8/80] train_total=0.014180 val_score=0.971610 best=0.911992 P_MAE=3.4001 kPa y_iso_MAE=0.014710 T_MAE=0.9352 K y_isob_MAE=0.013965 improved=no epoch_time=12.0s total_time=321.6s
[seed 1] [stage 2/3: joint VLE] [epoch 9/80] train_total=0.015331 val_score=0.973613 best=0.911992 P_MAE=2.6009 kPa y_iso_MAE=0.013872 T_MAE=1.2298 K y_isob_MAE=0.013901 improved=no epoch_time=12.0s total_time=333.6s
[seed 1] [stage 2/3: joint VLE] [epoch 10/80] train_total=0.015764 val_score=0.914209 best=0.911992 P_MAE=2.9164 kPa y_iso_MAE=0.014651 T_MAE=0.9682 K y_isob_MAE=0.012154 improved=no epoch_time=11.9s total_time=345.4s
[seed 1] [stage 2/3: joint VLE] [epoch 11/80] train_total=0.012159 val_score=0.804653 best=0.804653 P_MAE=2.2281 kPa y_iso_MAE=0.013708 T_MAE=0.8203 K y_isob_MAE=0.011692 improved=yes epoch_time=11.0s total_time=356.5s
[seed 1] [stage 2/3: joint VLE] [epoch 12/80] train_total=0.015585 val_score=0.814621 best=0.804653 P_MAE=2.0294 kPa y_iso_MAE=0.013225 T_MAE=0.9026 K y_isob_MAE=0.012383 improved=no epoch_time=11.0s total_time=367.5s
[seed 1] [stage 2/3: joint VLE] [epoch 13/80] train_total=0.012603 val_score=1.035863 best=0.804653 P_MAE=2.6690 kPa y_iso_MAE=0.019196 T_MAE=1.0999 K y_isob_MAE=0.013601 improved=no epoch_time=11.3s total_time=378.7s
[seed 1] [stage 2/3: joint VLE] [epoch 14/80] train_total=0.011682 val_score=0.966387 best=0.804653 P_MAE=2.5939 kPa y_iso_MAE=0.015414 T_MAE=1.2516 K y_isob_MAE=0.011577 improved=no epoch_time=11.7s total_time=390.5s
[seed 1] [stage 2/3: joint VLE] [epoch 15/80] train_total=0.013702 val_score=0.885794 best=0.804653 P_MAE=2.6398 kPa y_iso_MAE=0.014526 T_MAE=0.9314 K y_isob_MAE=0.012285 improved=no epoch_time=11.7s total_time=402.1s
[seed 1] [stage 2/3: joint VLE] [epoch 16/80] train_total=0.015475 val_score=0.898684 best=0.804653 P_MAE=2.7308 kPa y_iso_MAE=0.012970 T_MAE=0.9961 K y_isob_MAE=0.013349 improved=no epoch_time=11.7s total_time=413.8s
[seed 1] [stage 2/3: joint VLE] [epoch 17/80] train_total=0.013748 val_score=0.866598 best=0.804653 P_MAE=2.3124 kPa y_iso_MAE=0.016068 T_MAE=0.8099 K y_isob_MAE=0.012657 improved=no epoch_time=11.9s total_time=425.7s
[seed 1] [stage 2/3: joint VLE] [epoch 18/80] train_total=0.012750 val_score=0.857956 best=0.804653 P_MAE=2.5128 kPa y_iso_MAE=0.014112 T_MAE=0.9151 K y_isob_MAE=0.011844 improved=no epoch_time=11.7s total_time=437.4s
[seed 1] [stage 2/3: joint VLE] [epoch 19/80] train_total=0.013945 val_score=0.813709 best=0.804653 P_MAE=1.9231 kPa y_iso_MAE=0.014865 T_MAE=0.8669 K y_isob_MAE=0.011571 improved=no epoch_time=11.6s total_time=449.0s
[seed 1] [stage 2/3: joint VLE] [epoch 20/80] train_total=0.013202 val_score=0.998318 best=0.804653 P_MAE=3.0425 kPa y_iso_MAE=0.016275 T_MAE=1.1156 K y_isob_MAE=0.012709 improved=no epoch_time=11.9s total_time=460.9s
[seed 1] [stage 2/3: joint VLE] [epoch 21/80] train_total=0.013690 val_score=0.826100 best=0.804653 P_MAE=2.2846 kPa y_iso_MAE=0.013119 T_MAE=0.8802 K y_isob_MAE=0.012456 improved=no epoch_time=12.1s total_time=472.9s
[seed 1] [stage 2/3: joint VLE] [epoch 22/80] train_total=0.013136 val_score=0.777626 best=0.777626 P_MAE=2.0172 kPa y_iso_MAE=0.013547 T_MAE=0.8001 K y_isob_MAE=0.011432 improved=yes epoch_time=11.5s total_time=484.4s
[seed 1] [stage 2/3: joint VLE] [epoch 23/80] train_total=0.015453 val_score=0.932122 best=0.777626 P_MAE=3.1500 kPa y_iso_MAE=0.015287 T_MAE=0.9706 K y_isob_MAE=0.011552 improved=no epoch_time=11.6s total_time=496.0s
[seed 1] [stage 2/3: joint VLE] [epoch 24/80] train_total=0.012447 val_score=0.803181 best=0.777626 P_MAE=1.9281 kPa y_iso_MAE=0.014856 T_MAE=0.7776 K y_isob_MAE=0.012249 improved=no epoch_time=12.1s total_time=508.2s
[seed 1] [stage 2/3: joint VLE] [epoch 25/80] train_total=0.011999 val_score=0.817227 best=0.777626 P_MAE=2.2287 kPa y_iso_MAE=0.013127 T_MAE=0.8590 K y_isob_MAE=0.012466 improved=no epoch_time=12.0s total_time=520.1s
[seed 1] [stage 2/3: joint VLE] [epoch 26/80] train_total=0.012181 val_score=0.841335 best=0.777626 P_MAE=3.0830 kPa y_iso_MAE=0.013200 T_MAE=0.7955 K y_isob_MAE=0.011255 improved=no epoch_time=11.9s total_time=532.1s
[seed 1] [stage 2/3: joint VLE] [epoch 27/80] train_total=0.010900 val_score=0.843472 best=0.777626 P_MAE=2.6618 kPa y_iso_MAE=0.011624 T_MAE=0.9189 K y_isob_MAE=0.012935 improved=no epoch_time=11.2s total_time=543.3s
[seed 1] [stage 2/3: joint VLE] [epoch 28/80] train_total=0.011724 val_score=0.807312 best=0.777626 P_MAE=2.5357 kPa y_iso_MAE=0.013041 T_MAE=0.8108 K y_isob_MAE=0.011431 improved=no epoch_time=11.2s total_time=554.5s
[seed 1] [stage 2/3: joint VLE] [epoch 29/80] train_total=0.010116 val_score=0.744927 best=0.744927 P_MAE=2.0984 kPa y_iso_MAE=0.011703 T_MAE=0.7757 K y_isob_MAE=0.011471 improved=yes epoch_time=11.3s total_time=565.9s
[seed 1] [stage 2/3: joint VLE] [epoch 30/80] train_total=0.010667 val_score=0.659868 best=0.659868 P_MAE=1.3619 kPa y_iso_MAE=0.011465 T_MAE=0.7006 K y_isob_MAE=0.010837 improved=yes epoch_time=12.1s total_time=577.9s
[seed 1] [stage 2/3: joint VLE] [epoch 31/80] train_total=0.010199 val_score=0.841924 best=0.659868 P_MAE=2.8090 kPa y_iso_MAE=0.011803 T_MAE=0.9003 K y_isob_MAE=0.012330 improved=no epoch_time=12.6s total_time=590.5s
[seed 1] [stage 2/3: joint VLE] [epoch 32/80] train_total=0.014199 val_score=0.863923 best=0.659868 P_MAE=2.1832 kPa y_iso_MAE=0.016275 T_MAE=0.8815 K y_isob_MAE=0.011764 improved=no epoch_time=12.1s total_time=602.6s
[seed 1] [stage 2/3: joint VLE] [epoch 33/80] train_total=0.010631 val_score=0.929839 best=0.659868 P_MAE=3.0218 kPa y_iso_MAE=0.015552 T_MAE=0.9626 K y_isob_MAE=0.011779 improved=no epoch_time=12.3s total_time=614.9s
[seed 1] [stage 2/3: joint VLE] [epoch 34/80] train_total=0.011798 val_score=0.984513 best=0.659868 P_MAE=3.9865 kPa y_iso_MAE=0.013223 T_MAE=1.0722 K y_isob_MAE=0.011886 improved=no epoch_time=12.5s total_time=627.3s
[seed 1] [stage 2/3: joint VLE] [epoch 35/80] train_total=0.010881 val_score=0.987223 best=0.659868 P_MAE=3.1165 kPa y_iso_MAE=0.014887 T_MAE=1.1578 K y_isob_MAE=0.012593 improved=no epoch_time=12.1s total_time=639.4s
[seed 1] [stage 2/3: joint VLE] [epoch 36/80] train_total=0.011425 val_score=0.854826 best=0.659868 P_MAE=3.0008 kPa y_iso_MAE=0.013279 T_MAE=0.8605 K y_isob_MAE=0.011345 improved=no epoch_time=12.4s total_time=651.8s
[seed 1] [stage 2/3: joint VLE] [epoch 37/80] train_total=0.009860 val_score=0.777787 best=0.659868 P_MAE=2.3462 kPa y_iso_MAE=0.013879 T_MAE=0.7435 K y_isob_MAE=0.010583 improved=no epoch_time=12.0s total_time=663.8s
[seed 1] [stage 2/3: joint VLE] [epoch 38/80] train_total=0.010526 val_score=0.834279 best=0.659868 P_MAE=2.6041 kPa y_iso_MAE=0.013747 T_MAE=0.8641 K y_isob_MAE=0.011214 improved=no epoch_time=11.5s total_time=675.3s
[seed 1] [stage 2/3: joint VLE] [epoch 39/80] train_total=0.010296 val_score=0.742429 best=0.659868 P_MAE=2.2239 kPa y_iso_MAE=0.012436 T_MAE=0.7513 K y_isob_MAE=0.010407 improved=no epoch_time=11.5s total_time=686.8s
[seed 1] [stage 2/3: joint VLE] [epoch 40/80] train_total=0.010704 val_score=0.778013 best=0.659868 P_MAE=2.3028 kPa y_iso_MAE=0.012306 T_MAE=0.8224 K y_isob_MAE=0.011264 improved=no epoch_time=12.2s total_time=699.0s
[seed 1] [stage 2/3: joint VLE] [epoch 41/80] train_total=0.010123 val_score=0.764451 best=0.659868 P_MAE=2.0698 kPa y_iso_MAE=0.011641 T_MAE=0.8936 K y_isob_MAE=0.011072 improved=no epoch_time=11.9s total_time=710.9s
[seed 1] [stage 2/3: joint VLE] [epoch 42/80] train_total=0.015212 val_score=0.832575 best=0.659868 P_MAE=1.6457 kPa y_iso_MAE=0.013863 T_MAE=1.0479 K y_isob_MAE=0.012203 improved=no epoch_time=11.9s total_time=722.8s
{"direct_ge_parameter_summary": {"stage1_trainable_parameters": 1977601, "stage2_trainable_parameters": 2015043, "stage3": {"groups": [{"learning_rate": 2e-05, "name": "pair_potential", "parameter_count": 110977, "parameter_names": ["pair_potential.0.weight", "pair_potential.0.bias", "pair_potential.2.weight", "pair_potential.2.bias"]}, {"learning_rate": 1e-05, "name": "vapor_pressure", "parameter_count": 37442, "parameter_names": ["vapor_pressure.parameter_head.0.weight", "vapor_pressure.parameter_head.0.bias", "vapor_pressure.parameter_head.2.weight", "vapor_pressure.parameter_head.2.bias"]}, {"learning_rate": 5e-06, "name": "film", "parameter_count": 111744, "parameter_names": ["film.0.weight", "film.0.bias", "film.2.weight", "film.2.bias"]}, {"learning_rate": 5e-06, "name": "mixture_token", "parameter_count": 192, "parameter_names": ["mixture_token"]}], "total_parameters": 2015043, "trainable_fraction": 0.1292056794817778, "trainable_parameters": 260355}, "total_parameters": 2015043, "trainable_fraction": 0.1292056794817778, "trainable_parameters": 260355}}
[seed 1] [stage 3/3: fugacity] starting 10 epoch(s)
[seed 1] [stage 3/3: fugacity] [epoch 1/10] train_total=0.009062 val_score=0.696793 best=0.696793 P_MAE=1.8969 kPa y_iso_MAE=0.012240 T_MAE=0.6624 K y_isob_MAE=0.010570 improved=yes epoch_time=11.2s total_time=734.0s
[seed 1] [stage 3/3: fugacity] [epoch 2/10] train_total=0.008512 val_score=0.685265 best=0.685265 P_MAE=1.9498 kPa y_iso_MAE=0.011977 T_MAE=0.6227 K y_isob_MAE=0.010536 improved=yes epoch_time=11.1s total_time=745.2s
[seed 1] [stage 3/3: fugacity] [epoch 3/10] train_total=0.008285 val_score=0.701323 best=0.685265 P_MAE=2.0579 kPa y_iso_MAE=0.012103 T_MAE=0.6362 K y_isob_MAE=0.010707 improved=no epoch_time=12.3s total_time=757.4s
[seed 1] [stage 3/3: fugacity] [epoch 4/10] train_total=0.008288 val_score=0.690346 best=0.685265 P_MAE=2.0090 kPa y_iso_MAE=0.012028 T_MAE=0.6207 K y_isob_MAE=0.010569 improved=no epoch_time=11.3s total_time=768.7s
[seed 1] [stage 3/3: fugacity] [epoch 5/10] train_total=0.008426 val_score=0.687312 best=0.685265 P_MAE=2.0040 kPa y_iso_MAE=0.012008 T_MAE=0.6160 K y_isob_MAE=0.010501 improved=no epoch_time=11.7s total_time=780.4s
[seed 1] [stage 3/3: fugacity] [epoch 6/10] train_total=0.008156 val_score=0.685905 best=0.685265 P_MAE=1.9590 kPa y_iso_MAE=0.012135 T_MAE=0.6146 K y_isob_MAE=0.010489 improved=no epoch_time=11.1s total_time=791.5s
[seed 1] [stage 3/3: fugacity] [epoch 7/10] train_total=0.008070 val_score=0.682966 best=0.682966 P_MAE=1.9903 kPa y_iso_MAE=0.012070 T_MAE=0.6035 K y_isob_MAE=0.010421 improved=yes epoch_time=11.1s total_time=802.5s
[seed 1] [stage 3/3: fugacity] [epoch 8/10] train_total=0.008146 val_score=0.691872 best=0.682966 P_MAE=1.9961 kPa y_iso_MAE=0.012292 T_MAE=0.6200 K y_isob_MAE=0.010445 improved=no epoch_time=11.2s total_time=813.8s
[seed 1] [stage 3/3: fugacity] [epoch 9/10] train_total=0.007757 val_score=0.682642 best=0.682642 P_MAE=2.0090 kPa y_iso_MAE=0.012093 T_MAE=0.6060 K y_isob_MAE=0.010265 improved=yes epoch_time=11.3s total_time=825.1s
[seed 1] [stage 3/3: fugacity] [epoch 10/10] train_total=0.008045 val_score=0.697174 best=0.682642 P_MAE=2.1388 kPa y_iso_MAE=0.012232 T_MAE=0.6073 K y_isob_MAE=0.010423 improved=no epoch_time=12.1s total_time=837.2s
{"protocol": "vle_binary_state_temperature_low_extrapolation", "seed": 1, "manifest": "D:\\VLE\\VLE\\thermoformer_project\\runs\\phase_equilibrium\\v1\\vle\\three\\results\\thermoformer_vle_three_stage.on.vle_binary_state_temperature_low_extrapolation\\seed_1\\manifest.json"}
[stage experimental] starting 80 epoch(s)
[stage experimental] [epoch 1/80] train_total=0.737409 val_total=0.061179 best=0.061179 improved=yes epoch_time=1.9s total_time=1.9s
[stage experimental] [epoch 2/80] train_total=0.101043 val_total=0.046253 best=0.046253 improved=yes epoch_time=1.9s total_time=3.8s
[stage experimental] [epoch 3/80] train_total=0.067426 val_total=0.065897 best=0.046253 improved=no epoch_time=1.9s total_time=5.6s
[stage experimental] [epoch 4/80] train_total=0.060169 val_total=0.071049 best=0.046253 improved=no epoch_time=1.9s total_time=7.5s
[stage experimental] [epoch 5/80] train_total=0.054512 val_total=0.062930 best=0.046253 improved=no epoch_time=1.9s total_time=9.4s
[stage experimental] [epoch 6/80] train_total=0.047638 val_total=0.028788 best=0.028788 improved=yes epoch_time=1.9s total_time=11.3s
[stage experimental] [epoch 7/80] train_total=0.042913 val_total=0.027615 best=0.027615 improved=yes epoch_time=1.9s total_time=13.2s
[stage experimental] [epoch 8/80] train_total=0.037787 val_total=0.029117 best=0.027615 improved=no epoch_time=1.8s total_time=15.0s
[stage experimental] [epoch 9/80] train_total=0.038801 val_total=0.033045 best=0.027615 improved=no epoch_time=1.8s total_time=16.9s
[stage experimental] [epoch 10/80] train_total=0.051723 val_total=0.020118 best=0.020118 improved=yes epoch_time=1.9s total_time=18.8s
[stage experimental] [epoch 11/80] train_total=0.041152 val_total=0.022094 best=0.020118 improved=no epoch_time=1.9s total_time=20.6s
[stage experimental] [epoch 12/80] train_total=0.036842 val_total=0.028617 best=0.020118 improved=no epoch_time=1.9s total_time=22.5s
[stage experimental] [epoch 13/80] train_total=0.036871 val_total=0.035436 best=0.020118 improved=no epoch_time=1.8s total_time=24.4s
[stage experimental] [epoch 14/80] train_total=0.033228 val_total=0.025162 best=0.020118 improved=no epoch_time=1.9s total_time=26.2s
[stage experimental] [epoch 15/80] train_total=0.030745 val_total=0.021588 best=0.020118 improved=no epoch_time=1.8s total_time=28.0s
[stage experimental] [epoch 16/80] train_total=0.028621 val_total=0.025706 best=0.020118 improved=no epoch_time=1.9s total_time=29.9s
[stage experimental] [epoch 17/80] train_total=0.026664 val_total=0.024758 best=0.020118 improved=no epoch_time=2.0s total_time=31.9s
[stage experimental] [epoch 18/80] train_total=0.024486 val_total=0.026101 best=0.020118 improved=no epoch_time=2.1s total_time=34.0s
[stage experimental] [epoch 19/80] train_total=0.025518 val_total=0.013622 best=0.013622 improved=yes epoch_time=1.9s total_time=35.8s
[stage experimental] [epoch 20/80] train_total=0.021502 val_total=0.028561 best=0.013622 improved=no epoch_time=1.8s total_time=37.6s
[stage experimental] [epoch 21/80] train_total=0.025102 val_total=0.021654 best=0.013622 improved=no epoch_time=1.9s total_time=39.5s
[stage experimental] [epoch 22/80] train_total=0.025435 val_total=0.014222 best=0.013622 improved=no epoch_time=1.8s total_time=41.4s
[stage experimental] [epoch 23/80] train_total=0.020946 val_total=0.009567 best=0.009567 improved=yes epoch_time=1.9s total_time=43.2s
[stage experimental] [epoch 24/80] train_total=0.019034 val_total=0.030682 best=0.009567 improved=no epoch_time=1.8s total_time=45.0s
[stage experimental] [epoch 25/80] train_total=0.020061 val_total=0.015052 best=0.009567 improved=no epoch_time=1.9s total_time=46.9s
[stage experimental] [epoch 26/80] train_total=0.017833 val_total=0.012384 best=0.009567 improved=no epoch_time=1.8s total_time=48.7s
[stage experimental] [epoch 27/80] train_total=0.020883 val_total=0.037197 best=0.009567 improved=no epoch_time=1.8s total_time=50.5s
[stage experimental] [epoch 28/80] train_total=0.019629 val_total=0.017735 best=0.009567 improved=no epoch_time=1.8s total_time=52.4s
[stage experimental] [epoch 29/80] train_total=0.016349 val_total=0.020514 best=0.009567 improved=no epoch_time=1.9s total_time=54.2s
[stage experimental] [epoch 30/80] train_total=0.016130 val_total=0.015629 best=0.009567 improved=no epoch_time=1.8s total_time=56.0s
[stage experimental] [epoch 31/80] train_total=0.014701 val_total=0.011684 best=0.009567 improved=no epoch_time=1.8s total_time=57.8s
[stage experimental] [epoch 32/80] train_total=0.014674 val_total=0.016360 best=0.009567 improved=no epoch_time=1.8s total_time=59.6s
[stage experimental] [epoch 33/80] train_total=0.017230 val_total=0.029147 best=0.009567 improved=no epoch_time=1.9s total_time=61.5s
[stage experimental] [epoch 34/80] train_total=0.016147 val_total=0.017336 best=0.009567 improved=no epoch_time=1.9s total_time=63.3s
[stage experimental] [epoch 35/80] train_total=0.013547 val_total=0.008909 best=0.008909 improved=yes epoch_time=1.9s total_time=65.2s
[stage experimental] [epoch 36/80] train_total=0.015538 val_total=0.011711 best=0.008909 improved=no epoch_time=1.9s total_time=67.1s
[stage experimental] [epoch 37/80] train_total=0.016022 val_total=0.007277 best=0.007277 improved=yes epoch_time=1.9s total_time=69.0s
[stage experimental] [epoch 38/80] train_total=0.012564 val_total=0.010852 best=0.007277 improved=no epoch_time=1.8s total_time=70.8s
[stage experimental] [epoch 39/80] train_total=0.011267 val_total=0.007460 best=0.007277 improved=no epoch_time=1.8s total_time=72.6s
[stage experimental] [epoch 40/80] train_total=0.014456 val_total=0.006621 best=0.006621 improved=yes epoch_time=1.8s total_time=74.4s
[stage experimental] [epoch 41/80] train_total=0.013108 val_total=0.005554 best=0.005554 improved=yes epoch_time=1.8s total_time=76.3s
[stage experimental] [epoch 42/80] train_total=0.013208 val_total=0.005681 best=0.005554 improved=no epoch_time=1.8s total_time=78.1s
[stage experimental] [epoch 43/80] train_total=0.012092 val_total=0.007109 best=0.005554 improved=no epoch_time=1.9s total_time=80.0s
[stage experimental] [epoch 44/80] train_total=0.010210 val_total=0.013082 best=0.005554 improved=no epoch_time=1.8s total_time=81.8s
[stage experimental] [epoch 45/80] train_total=0.011827 val_total=0.004476 best=0.004476 improved=yes epoch_time=1.9s total_time=83.7s
[stage experimental] [epoch 46/80] train_total=0.011058 val_total=0.007978 best=0.004476 improved=no epoch_time=1.8s total_time=85.5s
[stage experimental] [epoch 47/80] train_total=0.009707 val_total=0.004560 best=0.004476 improved=no epoch_time=1.8s total_time=87.4s
[stage experimental] [epoch 48/80] train_total=0.009656 val_total=0.008638 best=0.004476 improved=no epoch_time=1.8s total_time=89.2s
[stage experimental] [epoch 49/80] train_total=0.009948 val_total=0.005124 best=0.004476 improved=no epoch_time=1.8s total_time=91.0s
[stage experimental] [epoch 50/80] train_total=0.007934 val_total=0.008706 best=0.004476 improved=no epoch_time=1.8s total_time=92.8s
[stage experimental] [epoch 51/80] train_total=0.009422 val_total=0.005813 best=0.004476 improved=no epoch_time=1.9s total_time=94.8s
[stage experimental] [epoch 52/80] train_total=0.008880 val_total=0.007726 best=0.004476 improved=no epoch_time=1.9s total_time=96.6s
[stage experimental] [epoch 53/80] train_total=0.012891 val_total=0.015202 best=0.004476 improved=no epoch_time=1.8s total_time=98.4s
[stage experimental] [epoch 54/80] train_total=0.013804 val_total=0.008729 best=0.004476 improved=no epoch_time=1.8s total_time=100.2s
[stage experimental] [epoch 55/80] train_total=0.008772 val_total=0.007138 best=0.004476 improved=no epoch_time=1.8s total_time=102.1s
[stage experimental] [epoch 56/80] train_total=0.010248 val_total=0.012333 best=0.004476 improved=no epoch_time=1.9s total_time=104.0s
[stage experimental] [epoch 57/80] train_total=0.012506 val_total=0.007540 best=0.004476 improved=no epoch_time=1.9s total_time=105.8s
[stage experimental] early stopping at epoch 57; best_validation=0.004476
[seed 2] [stage 1/3: direct GE] starting 20 epoch(s)
[seed 2] [stage 1/3: direct GE] [epoch 1/20] train_total=0.005652 val_score=1.592423 best=1.592423 P_MAE=2.8708 kPa y_iso_MAE=0.019186 T_MAE=1.7250 K y_isob_MAE=0.020738 improved=yes epoch_time=10.5s total_time=19.4s
[seed 2] [stage 1/3: direct GE] [epoch 2/20] train_total=0.004658 val_score=1.376649 best=1.376649 P_MAE=2.3957 kPa y_iso_MAE=0.018233 T_MAE=1.4802 K y_isob_MAE=0.017145 improved=yes epoch_time=10.7s total_time=30.1s
[seed 2] [stage 1/3: direct GE] [epoch 3/20] train_total=0.004304 val_score=1.315637 best=1.315637 P_MAE=2.3186 kPa y_iso_MAE=0.016961 T_MAE=1.4819 K y_isob_MAE=0.015650 improved=yes epoch_time=10.7s total_time=40.8s
[seed 2] [stage 1/3: direct GE] [epoch 4/20] train_total=0.004167 val_score=1.570083 best=1.315637 P_MAE=2.9457 kPa y_iso_MAE=0.019896 T_MAE=1.6963 K y_isob_MAE=0.018383 improved=no epoch_time=10.6s total_time=51.4s
[seed 2] [stage 1/3: direct GE] [epoch 5/20] train_total=0.004283 val_score=1.329609 best=1.315637 P_MAE=2.0338 kPa y_iso_MAE=0.018118 T_MAE=1.6505 K y_isob_MAE=0.015528 improved=no epoch_time=10.6s total_time=62.0s
[seed 2] [stage 1/3: direct GE] [epoch 6/20] train_total=0.004068 val_score=1.358462 best=1.315637 P_MAE=1.8439 kPa y_iso_MAE=0.015542 T_MAE=1.8436 K y_isob_MAE=0.018999 improved=no epoch_time=10.5s total_time=72.5s
[seed 2] [stage 1/3: direct GE] [epoch 7/20] train_total=0.003844 val_score=1.403757 best=1.315637 P_MAE=2.1630 kPa y_iso_MAE=0.018907 T_MAE=1.7681 K y_isob_MAE=0.016116 improved=no epoch_time=10.5s total_time=83.0s
[seed 2] [stage 1/3: direct GE] [epoch 8/20] train_total=0.003983 val_score=1.415792 best=1.315637 P_MAE=1.9762 kPa y_iso_MAE=0.018909 T_MAE=1.9091 K y_isob_MAE=0.016578 improved=no epoch_time=10.8s total_time=93.8s
[seed 2] [stage 1/3: direct GE] [epoch 9/20] train_total=0.003753 val_score=1.494325 best=1.315637 P_MAE=1.7297 kPa y_iso_MAE=0.016126 T_MAE=2.3910 K y_isob_MAE=0.019598 improved=no epoch_time=10.8s total_time=104.6s
[seed 2] [stage 1/3: direct GE] [epoch 10/20] train_total=0.003870 val_score=1.730361 best=1.315637 P_MAE=2.8488 kPa y_iso_MAE=0.022416 T_MAE=2.3331 K y_isob_MAE=0.016911 improved=no epoch_time=10.9s total_time=115.5s
[seed 2] [stage 1/3: direct GE] [epoch 11/20] train_total=0.003753 val_score=1.702866 best=1.315637 P_MAE=2.5354 kPa y_iso_MAE=0.021124 T_MAE=2.4592 K y_isob_MAE=0.017854 improved=no epoch_time=10.2s total_time=125.8s
[seed 2] [stage 1/3: direct GE] [epoch 12/20] train_total=0.003798 val_score=1.862256 best=1.315637 P_MAE=2.7975 kPa y_iso_MAE=0.024879 T_MAE=2.5230 K y_isob_MAE=0.019760 improved=no epoch_time=10.4s total_time=136.2s
[seed 2] [stage 1/3: direct GE] [epoch 13/20] train_total=0.003812 val_score=1.618553 best=1.315637 P_MAE=2.3195 kPa y_iso_MAE=0.020242 T_MAE=2.3242 K y_isob_MAE=0.017836 improved=no epoch_time=10.3s total_time=146.4s
[seed 2] [stage 1/3: direct GE] [epoch 14/20] train_total=0.003623 val_score=1.791872 best=1.315637 P_MAE=3.1636 kPa y_iso_MAE=0.024796 T_MAE=2.0781 K y_isob_MAE=0.018608 improved=no epoch_time=10.4s total_time=156.8s
[seed 2] [stage 1/3: direct GE] [epoch 15/20] train_total=0.003639 val_score=1.764536 best=1.315637 P_MAE=2.9079 kPa y_iso_MAE=0.022498 T_MAE=2.3220 K y_isob_MAE=0.018415 improved=no epoch_time=10.1s total_time=166.9s
[seed 2] [stage 1/3: direct GE] [epoch 16/20] train_total=0.003817 val_score=1.918139 best=1.315637 P_MAE=2.6044 kPa y_iso_MAE=0.025187 T_MAE=2.7199 K y_isob_MAE=0.021712 improved=no epoch_time=10.4s total_time=177.3s
[seed 2] [stage 1/3: direct GE] [epoch 17/20] train_total=0.003543 val_score=1.724530 best=1.315637 P_MAE=2.6438 kPa y_iso_MAE=0.023185 T_MAE=2.2668 K y_isob_MAE=0.018628 improved=no epoch_time=10.2s total_time=187.5s
[seed 2] [stage 1/3: direct GE] [epoch 18/20] train_total=0.003592 val_score=1.859760 best=1.315637 P_MAE=3.0383 kPa y_iso_MAE=0.023039 T_MAE=2.4960 K y_isob_MAE=0.019683 improved=no epoch_time=10.2s total_time=197.8s
[seed 2] [stage 1/3: direct GE] [epoch 19/20] train_total=0.003424 val_score=1.990362 best=1.315637 P_MAE=3.6115 kPa y_iso_MAE=0.024938 T_MAE=2.4593 K y_isob_MAE=0.020381 improved=no epoch_time=10.3s total_time=208.1s
[seed 2] [stage 1/3: direct GE] [epoch 20/20] train_total=0.003593 val_score=2.135322 best=1.315637 P_MAE=3.4438 kPa y_iso_MAE=0.027486 T_MAE=2.8752 K y_isob_MAE=0.021790 improved=no epoch_time=10.2s total_time=218.3s
[seed 2] [stage 2/3: joint VLE] starting 80 epoch(s)
[seed 2] [stage 2/3: joint VLE] [epoch 1/80] train_total=0.021625 val_score=1.612350 best=1.612350 P_MAE=3.6924 kPa y_iso_MAE=0.021147 T_MAE=1.4645 K y_isob_MAE=0.015758 improved=yes epoch_time=11.4s total_time=229.7s
[seed 2] [stage 2/3: joint VLE] [epoch 2/80] train_total=0.017772 val_score=1.449934 best=1.449934 P_MAE=3.0107 kPa y_iso_MAE=0.019199 T_MAE=1.4819 K y_isob_MAE=0.014558 improved=yes epoch_time=11.2s total_time=240.9s
[seed 2] [stage 2/3: joint VLE] [epoch 3/80] train_total=0.020667 val_score=1.336212 best=1.336212 P_MAE=3.7377 kPa y_iso_MAE=0.012998 T_MAE=1.1017 K y_isob_MAE=0.013072 improved=yes epoch_time=11.7s total_time=252.7s
[seed 2] [stage 2/3: joint VLE] [epoch 4/80] train_total=0.014374 val_score=1.205549 best=1.205549 P_MAE=2.7092 kPa y_iso_MAE=0.013103 T_MAE=1.2240 K y_isob_MAE=0.013321 improved=yes epoch_time=11.9s total_time=264.5s
[seed 2] [stage 2/3: joint VLE] [epoch 5/80] train_total=0.014776 val_score=1.175525 best=1.175525 P_MAE=3.0224 kPa y_iso_MAE=0.009611 T_MAE=1.1732 K y_isob_MAE=0.013054 improved=yes epoch_time=11.7s total_time=276.2s
[seed 2] [stage 2/3: joint VLE] [epoch 6/80] train_total=0.015158 val_score=1.327807 best=1.175525 P_MAE=2.8516 kPa y_iso_MAE=0.017472 T_MAE=1.2967 K y_isob_MAE=0.013415 improved=no epoch_time=11.7s total_time=287.9s
[seed 2] [stage 2/3: joint VLE] [epoch 7/80] train_total=0.017076 val_score=1.625970 best=1.175525 P_MAE=2.9827 kPa y_iso_MAE=0.022350 T_MAE=1.8437 K y_isob_MAE=0.016585 improved=no epoch_time=11.6s total_time=299.5s
[seed 2] [stage 2/3: joint VLE] [epoch 8/80] train_total=0.017987 val_score=1.631879 best=1.175525 P_MAE=3.3616 kPa y_iso_MAE=0.015707 T_MAE=2.0246 K y_isob_MAE=0.017857 improved=no epoch_time=11.7s total_time=311.2s
[seed 2] [stage 2/3: joint VLE] [epoch 9/80] train_total=0.015312 val_score=1.174384 best=1.174384 P_MAE=2.1003 kPa y_iso_MAE=0.015414 T_MAE=1.2724 K y_isob_MAE=0.014104 improved=yes epoch_time=11.8s total_time=323.0s
[seed 2] [stage 2/3: joint VLE] [epoch 10/80] train_total=0.018151 val_score=1.225245 best=1.174384 P_MAE=2.9803 kPa y_iso_MAE=0.014436 T_MAE=1.0570 K y_isob_MAE=0.012860 improved=no epoch_time=11.8s total_time=334.7s
[seed 2] [stage 2/3: joint VLE] [epoch 11/80] train_total=0.013539 val_score=1.159638 best=1.159638 P_MAE=2.6485 kPa y_iso_MAE=0.014808 T_MAE=1.0931 K y_isob_MAE=0.011264 improved=yes epoch_time=11.8s total_time=346.5s
[seed 2] [stage 2/3: joint VLE] [epoch 12/80] train_total=0.013838 val_score=1.339992 best=1.159638 P_MAE=3.1077 kPa y_iso_MAE=0.016512 T_MAE=1.2630 K y_isob_MAE=0.013206 improved=no epoch_time=11.7s total_time=358.2s
[seed 2] [stage 2/3: joint VLE] [epoch 13/80] train_total=0.015191 val_score=1.101283 best=1.101283 P_MAE=2.1868 kPa y_iso_MAE=0.015270 T_MAE=1.0204 K y_isob_MAE=0.012760 improved=yes epoch_time=11.6s total_time=369.8s
[seed 2] [stage 2/3: joint VLE] [epoch 14/80] train_total=0.014089 val_score=1.203722 best=1.101283 P_MAE=2.9417 kPa y_iso_MAE=0.012363 T_MAE=1.1448 K y_isob_MAE=0.012932 improved=no epoch_time=11.7s total_time=381.6s
[seed 2] [stage 2/3: joint VLE] [epoch 15/80] train_total=0.012998 val_score=1.472532 best=1.101283 P_MAE=4.0351 kPa y_iso_MAE=0.016063 T_MAE=1.1940 K y_isob_MAE=0.013632 improved=no epoch_time=11.5s total_time=393.1s
[seed 2] [stage 2/3: joint VLE] [epoch 16/80] train_total=0.015058 val_score=1.154092 best=1.101283 P_MAE=2.3854 kPa y_iso_MAE=0.013612 T_MAE=1.1826 K y_isob_MAE=0.013424 improved=no epoch_time=11.6s total_time=404.7s
[seed 2] [stage 2/3: joint VLE] [epoch 17/80] train_total=0.013600 val_score=1.356111 best=1.101283 P_MAE=3.0418 kPa y_iso_MAE=0.017616 T_MAE=1.3102 K y_isob_MAE=0.012922 improved=no epoch_time=11.7s total_time=416.4s
[seed 2] [stage 2/3: joint VLE] [epoch 18/80] train_total=0.012748 val_score=1.450965 best=1.101283 P_MAE=4.0362 kPa y_iso_MAE=0.016386 T_MAE=1.0833 K y_isob_MAE=0.013593 improved=no epoch_time=11.7s total_time=428.1s
[seed 2] [stage 2/3: joint VLE] [epoch 19/80] train_total=0.014417 val_score=2.067362 best=1.101283 P_MAE=5.1550 kPa y_iso_MAE=0.024571 T_MAE=2.0378 K y_isob_MAE=0.016674 improved=no epoch_time=11.6s total_time=439.7s
[seed 2] [stage 2/3: joint VLE] [epoch 20/80] train_total=0.015059 val_score=1.242547 best=1.101283 P_MAE=3.6165 kPa y_iso_MAE=0.012107 T_MAE=0.9333 K y_isob_MAE=0.012099 improved=no epoch_time=11.7s total_time=451.4s
[seed 2] [stage 2/3: joint VLE] [epoch 21/80] train_total=0.013802 val_score=1.372058 best=1.101283 P_MAE=3.1153 kPa y_iso_MAE=0.018761 T_MAE=1.2390 K y_isob_MAE=0.012951 improved=no epoch_time=11.8s total_time=463.2s
[seed 2] [stage 2/3: joint VLE] [epoch 22/80] train_total=0.011925 val_score=1.283718 best=1.101283 P_MAE=3.4563 kPa y_iso_MAE=0.014067 T_MAE=0.9843 K y_isob_MAE=0.013198 improved=no epoch_time=11.8s total_time=475.0s
[seed 2] [stage 2/3: joint VLE] [epoch 23/80] train_total=0.011770 val_score=1.206172 best=1.101283 P_MAE=3.2807 kPa y_iso_MAE=0.013989 T_MAE=0.8264 K y_isob_MAE=0.012664 improved=no epoch_time=11.7s total_time=486.7s
[seed 2] [stage 2/3: joint VLE] [epoch 24/80] train_total=0.012490 val_score=1.140181 best=1.101283 P_MAE=2.5067 kPa y_iso_MAE=0.015129 T_MAE=1.1283 K y_isob_MAE=0.010627 improved=no epoch_time=11.9s total_time=498.7s
[seed 2] [stage 2/3: joint VLE] [epoch 25/80] train_total=0.014444 val_score=1.100467 best=1.100467 P_MAE=2.5284 kPa y_iso_MAE=0.012895 T_MAE=1.0194 K y_isob_MAE=0.012031 improved=yes epoch_time=11.8s total_time=510.5s
[seed 2] [stage 2/3: joint VLE] [epoch 26/80] train_total=0.012719 val_score=1.126198 best=1.100467 P_MAE=2.1876 kPa y_iso_MAE=0.014668 T_MAE=1.0736 K y_isob_MAE=0.014090 improved=no epoch_time=11.7s total_time=522.2s
[seed 2] [stage 2/3: joint VLE] [epoch 27/80] train_total=0.011727 val_score=1.333538 best=1.100467 P_MAE=3.2625 kPa y_iso_MAE=0.016639 T_MAE=1.2349 K y_isob_MAE=0.011635 improved=no epoch_time=11.7s total_time=533.9s
[seed 2] [stage 2/3: joint VLE] [epoch 28/80] train_total=0.012913 val_score=1.655962 best=1.100467 P_MAE=4.0152 kPa y_iso_MAE=0.016656 T_MAE=1.6783 K y_isob_MAE=0.016995 improved=no epoch_time=12.0s total_time=545.9s
[seed 2] [stage 2/3: joint VLE] [epoch 29/80] train_total=0.013388 val_score=1.223554 best=1.100467 P_MAE=3.3828 kPa y_iso_MAE=0.015002 T_MAE=0.8508 K y_isob_MAE=0.011289 improved=no epoch_time=11.9s total_time=557.8s
[seed 2] [stage 2/3: joint VLE] [epoch 30/80] train_total=0.010771 val_score=1.177691 best=1.100467 P_MAE=3.1571 kPa y_iso_MAE=0.012591 T_MAE=0.9520 K y_isob_MAE=0.011877 improved=no epoch_time=11.9s total_time=569.7s
[seed 2] [stage 2/3: joint VLE] [epoch 31/80] train_total=0.011441 val_score=1.105172 best=1.100467 P_MAE=2.3498 kPa y_iso_MAE=0.012051 T_MAE=1.1688 K y_isob_MAE=0.012769 improved=no epoch_time=11.8s total_time=581.5s
[seed 2] [stage 2/3: joint VLE] [epoch 32/80] train_total=0.010971 val_score=1.159264 best=1.100467 P_MAE=2.6659 kPa y_iso_MAE=0.015317 T_MAE=0.9775 K y_isob_MAE=0.012176 improved=no epoch_time=11.7s total_time=593.2s
[seed 2] [stage 2/3: joint VLE] [epoch 33/80] train_total=0.013573 val_score=1.365583 best=1.100467 P_MAE=3.8686 kPa y_iso_MAE=0.014411 T_MAE=1.0502 K y_isob_MAE=0.012775 improved=no epoch_time=11.7s total_time=604.9s
[seed 2] [stage 2/3: joint VLE] [epoch 34/80] train_total=0.012098 val_score=1.054255 best=1.054255 P_MAE=2.3091 kPa y_iso_MAE=0.014195 T_MAE=0.8803 K y_isob_MAE=0.012002 improved=yes epoch_time=11.8s total_time=616.7s
[seed 2] [stage 2/3: joint VLE] [epoch 35/80] train_total=0.011497 val_score=1.152560 best=1.054255 P_MAE=2.6297 kPa y_iso_MAE=0.013513 T_MAE=1.0731 K y_isob_MAE=0.012690 improved=no epoch_time=12.0s total_time=628.6s
[seed 2] [stage 2/3: joint VLE] [epoch 36/80] train_total=0.011382 val_score=1.210226 best=1.054255 P_MAE=2.8608 kPa y_iso_MAE=0.017074 T_MAE=0.9729 K y_isob_MAE=0.011501 improved=no epoch_time=11.8s total_time=640.4s
[seed 2] [stage 2/3: joint VLE] [epoch 37/80] train_total=0.010179 val_score=1.287869 best=1.054255 P_MAE=3.3978 kPa y_iso_MAE=0.013469 T_MAE=1.1599 K y_isob_MAE=0.012137 improved=no epoch_time=11.7s total_time=652.1s
[seed 2] [stage 2/3: joint VLE] [epoch 38/80] train_total=0.012410 val_score=1.196674 best=1.054255 P_MAE=2.5735 kPa y_iso_MAE=0.013144 T_MAE=1.1764 K y_isob_MAE=0.014715 improved=no epoch_time=11.8s total_time=663.9s
[seed 2] [stage 2/3: joint VLE] [epoch 39/80] train_total=0.010861 val_score=0.943294 best=0.943294 P_MAE=1.9872 kPa y_iso_MAE=0.011798 T_MAE=0.7930 K y_isob_MAE=0.012367 improved=yes epoch_time=11.8s total_time=675.7s
[seed 2] [stage 2/3: joint VLE] [epoch 40/80] train_total=0.010630 val_score=1.082023 best=0.943294 P_MAE=2.5437 kPa y_iso_MAE=0.014603 T_MAE=0.8400 K y_isob_MAE=0.011542 improved=no epoch_time=11.8s total_time=687.5s
[seed 2] [stage 2/3: joint VLE] [epoch 41/80] train_total=0.012669 val_score=1.034708 best=0.943294 P_MAE=2.0719 kPa y_iso_MAE=0.011353 T_MAE=1.1563 K y_isob_MAE=0.012209 improved=no epoch_time=11.8s total_time=699.3s
[seed 2] [stage 2/3: joint VLE] [epoch 42/80] train_total=0.012203 val_score=1.068615 best=0.943294 P_MAE=2.5590 kPa y_iso_MAE=0.015556 T_MAE=0.7502 K y_isob_MAE=0.010877 improved=no epoch_time=11.7s total_time=711.1s
[seed 2] [stage 2/3: joint VLE] [epoch 43/80] train_total=0.010713 val_score=0.880971 best=0.880971 P_MAE=1.6177 kPa y_iso_MAE=0.012103 T_MAE=0.8768 K y_isob_MAE=0.010710 improved=yes epoch_time=11.7s total_time=722.8s
[seed 2] [stage 2/3: joint VLE] [epoch 44/80] train_total=0.011915 val_score=0.988249 best=0.880971 P_MAE=2.2825 kPa y_iso_MAE=0.014190 T_MAE=0.7692 K y_isob_MAE=0.009990 improved=no epoch_time=11.9s total_time=734.7s
[seed 2] [stage 2/3: joint VLE] [epoch 45/80] train_total=0.010135 val_score=0.788449 best=0.788449 P_MAE=1.4414 kPa y_iso_MAE=0.011934 T_MAE=0.6508 K y_isob_MAE=0.010373 improved=yes epoch_time=11.8s total_time=746.4s
[seed 2] [stage 2/3: joint VLE] [epoch 46/80] train_total=0.009955 val_score=1.257234 best=0.788449 P_MAE=2.9279 kPa y_iso_MAE=0.017561 T_MAE=1.1058 K y_isob_MAE=0.011199 improved=no epoch_time=11.7s total_time=758.1s
[seed 2] [stage 2/3: joint VLE] [epoch 47/80] train_total=0.011441 val_score=1.117134 best=0.788449 P_MAE=2.8596 kPa y_iso_MAE=0.012959 T_MAE=0.7999 K y_isob_MAE=0.012925 improved=no epoch_time=11.7s total_time=769.8s
[seed 2] [stage 2/3: joint VLE] [epoch 48/80] train_total=0.011650 val_score=1.078565 best=0.788449 P_MAE=2.8696 kPa y_iso_MAE=0.014367 T_MAE=0.7450 K y_isob_MAE=0.009865 improved=no epoch_time=11.5s total_time=781.4s
[seed 2] [stage 2/3: joint VLE] [epoch 49/80] train_total=0.010865 val_score=1.107593 best=0.788449 P_MAE=2.5384 kPa y_iso_MAE=0.015757 T_MAE=0.9034 K y_isob_MAE=0.010953 improved=no epoch_time=11.7s total_time=793.1s
[seed 2] [stage 2/3: joint VLE] [epoch 50/80] train_total=0.011282 val_score=0.905414 best=0.788449 P_MAE=2.1592 kPa y_iso_MAE=0.011116 T_MAE=0.6979 K y_isob_MAE=0.010612 improved=no epoch_time=11.9s total_time=805.0s
[seed 2] [stage 2/3: joint VLE] [epoch 51/80] train_total=0.009012 val_score=1.155078 best=0.788449 P_MAE=3.1988 kPa y_iso_MAE=0.012528 T_MAE=0.9054 K y_isob_MAE=0.010895 improved=no epoch_time=11.8s total_time=816.7s
[seed 2] [stage 2/3: joint VLE] [epoch 52/80] train_total=0.013125 val_score=1.207557 best=0.788449 P_MAE=3.3598 kPa y_iso_MAE=0.012774 T_MAE=0.9388 K y_isob_MAE=0.011698 improved=no epoch_time=11.7s total_time=828.5s
[seed 2] [stage 2/3: joint VLE] [epoch 53/80] train_total=0.010467 val_score=0.935564 best=0.788449 P_MAE=1.8754 kPa y_iso_MAE=0.012835 T_MAE=0.8543 K y_isob_MAE=0.010998 improved=no epoch_time=11.8s total_time=840.3s
[seed 2] [stage 2/3: joint VLE] [epoch 54/80] train_total=0.009622 val_score=1.053329 best=0.788449 P_MAE=2.7189 kPa y_iso_MAE=0.014219 T_MAE=0.7185 K y_isob_MAE=0.010351 improved=no epoch_time=12.0s total_time=852.3s
[seed 2] [stage 2/3: joint VLE] [epoch 55/80] train_total=0.011699 val_score=1.146304 best=0.788449 P_MAE=3.0803 kPa y_iso_MAE=0.014052 T_MAE=0.8026 K y_isob_MAE=0.011340 improved=no epoch_time=11.7s total_time=864.0s
[seed 2] [stage 2/3: joint VLE] [epoch 56/80] train_total=0.010081 val_score=0.946544 best=0.788449 P_MAE=2.4397 kPa y_iso_MAE=0.011324 T_MAE=0.7128 K y_isob_MAE=0.009929 improved=no epoch_time=11.7s total_time=875.8s
[seed 2] [stage 2/3: joint VLE] [epoch 57/80] train_total=0.009117 val_score=0.971089 best=0.788449 P_MAE=1.8960 kPa y_iso_MAE=0.012910 T_MAE=0.8750 K y_isob_MAE=0.012498 improved=no epoch_time=11.9s total_time=887.6s
{"direct_ge_parameter_summary": {"stage1_trainable_parameters": 1977601, "stage2_trainable_parameters": 2015043, "stage3": {"groups": [{"learning_rate": 2e-05, "name": "pair_potential", "parameter_count": 110977, "parameter_names": ["pair_potential.0.weight", "pair_potential.0.bias", "pair_potential.2.weight", "pair_potential.2.bias"]}, {"learning_rate": 1e-05, "name": "vapor_pressure", "parameter_count": 37442, "parameter_names": ["vapor_pressure.parameter_head.0.weight", "vapor_pressure.parameter_head.0.bias", "vapor_pressure.parameter_head.2.weight", "vapor_pressure.parameter_head.2.bias"]}, {"learning_rate": 5e-06, "name": "film", "parameter_count": 111744, "parameter_names": ["film.0.weight", "film.0.bias", "film.2.weight", "film.2.bias"]}, {"learning_rate": 5e-06, "name": "mixture_token", "parameter_count": 192, "parameter_names": ["mixture_token"]}], "total_parameters": 2015043, "trainable_fraction": 0.1292056794817778, "trainable_parameters": 260355}, "total_parameters": 2015043, "trainable_fraction": 0.1292056794817778, "trainable_parameters": 260355}}
[seed 2] [stage 3/3: fugacity] starting 10 epoch(s)
[seed 2] [stage 3/3: fugacity] [epoch 1/10] train_total=0.008447 val_score=0.893767 best=0.893767 P_MAE=2.0262 kPa y_iso_MAE=0.012777 T_MAE=0.6388 K y_isob_MAE=0.010261 improved=yes epoch_time=11.5s total_time=899.1s
[seed 2] [stage 3/3: fugacity] [epoch 2/10] train_total=0.007640 val_score=0.904505 best=0.893767 P_MAE=2.1574 kPa y_iso_MAE=0.012654 T_MAE=0.6194 K y_isob_MAE=0.010055 improved=no epoch_time=11.6s total_time=910.7s
[seed 2] [stage 3/3: fugacity] [epoch 3/10] train_total=0.007455 val_score=0.863920 best=0.863920 P_MAE=2.0299 kPa y_iso_MAE=0.012321 T_MAE=0.5755 K y_isob_MAE=0.009871 improved=yes epoch_time=11.6s total_time=922.4s
[seed 2] [stage 3/3: fugacity] [epoch 4/10] train_total=0.007473 val_score=0.896554 best=0.863920 P_MAE=2.1769 kPa y_iso_MAE=0.012414 T_MAE=0.5886 K y_isob_MAE=0.010100 improved=no epoch_time=11.5s total_time=933.9s
[seed 2] [stage 3/3: fugacity] [epoch 5/10] train_total=0.007381 val_score=0.888399 best=0.863920 P_MAE=2.1044 kPa y_iso_MAE=0.012615 T_MAE=0.6073 K y_isob_MAE=0.009831 improved=no epoch_time=11.5s total_time=945.3s
[seed 2] [stage 3/3: fugacity] [epoch 6/10] train_total=0.007248 val_score=0.874094 best=0.863920 P_MAE=2.1260 kPa y_iso_MAE=0.012224 T_MAE=0.5758 K y_isob_MAE=0.009657 improved=no epoch_time=11.5s total_time=956.8s
[seed 2] [stage 3/3: fugacity] [epoch 7/10] train_total=0.007251 val_score=0.883150 best=0.863920 P_MAE=2.1401 kPa y_iso_MAE=0.012445 T_MAE=0.5816 K y_isob_MAE=0.009734 improved=no epoch_time=11.6s total_time=968.4s
[seed 2] [stage 3/3: fugacity] [epoch 8/10] train_total=0.007157 val_score=0.869722 best=0.863920 P_MAE=2.0544 kPa y_iso_MAE=0.012524 T_MAE=0.5809 K y_isob_MAE=0.009685 improved=no epoch_time=11.6s total_time=980.0s
[seed 2] [stage 3/3: fugacity] [epoch 9/10] train_total=0.007354 val_score=0.858604 best=0.858604 P_MAE=2.0240 kPa y_iso_MAE=0.012453 T_MAE=0.5582 K y_isob_MAE=0.009723 improved=yes epoch_time=11.6s total_time=991.6s
[seed 2] [stage 3/3: fugacity] [epoch 10/10] train_total=0.007193 val_score=0.872099 best=0.858604 P_MAE=2.1103 kPa y_iso_MAE=0.012242 T_MAE=0.5687 K y_isob_MAE=0.009770 improved=no epoch_time=11.4s total_time=1003.0s
{"protocol": "vle_binary_state_temperature_low_extrapolation", "seed": 2, "manifest": "D:\\VLE\\VLE\\thermoformer_project\\runs\\phase_equilibrium\\v1\\vle\\three\\results\\thermoformer_vle_three_stage.on.vle_binary_state_temperature_low_extrapolation\\seed_2\\manifest.json"}
[stage experimental] starting 80 epoch(s)
[stage experimental] [epoch 1/80] train_total=0.730975 val_total=0.093244 best=0.093244 improved=yes epoch_time=1.8s total_time=1.8s
[stage experimental] [epoch 2/80] train_total=0.110354 val_total=0.042623 best=0.042623 improved=yes epoch_time=1.7s total_time=3.5s
[stage experimental] [epoch 3/80] train_total=0.065012 val_total=0.035314 best=0.035314 improved=yes epoch_time=1.7s total_time=5.3s
[stage experimental] [epoch 4/80] train_total=0.060750 val_total=0.031840 best=0.031840 improved=yes epoch_time=1.8s total_time=7.1s
[stage experimental] [epoch 5/80] train_total=0.049955 val_total=0.026176 best=0.026176 improved=yes epoch_time=1.8s total_time=8.8s
[stage experimental] [epoch 6/80] train_total=0.050345 val_total=0.039159 best=0.026176 improved=no epoch_time=1.7s total_time=10.6s
[stage experimental] [epoch 7/80] train_total=0.041844 val_total=0.036342 best=0.026176 improved=no epoch_time=1.7s total_time=12.3s
[stage experimental] [epoch 8/80] train_total=0.040311 val_total=0.032445 best=0.026176 improved=no epoch_time=1.7s total_time=14.0s
[stage experimental] [epoch 9/80] train_total=0.041153 val_total=0.031467 best=0.026176 improved=no epoch_time=1.7s total_time=15.7s
[stage experimental] [epoch 10/80] train_total=0.038899 val_total=0.021107 best=0.021107 improved=yes epoch_time=1.8s total_time=17.5s
[stage experimental] [epoch 11/80] train_total=0.035482 val_total=0.034740 best=0.021107 improved=no epoch_time=1.7s total_time=19.2s
[stage experimental] [epoch 12/80] train_total=0.038247 val_total=0.027329 best=0.021107 improved=no epoch_time=1.7s total_time=20.9s
[stage experimental] [epoch 13/80] train_total=0.043097 val_total=0.037271 best=0.021107 improved=no epoch_time=1.7s total_time=22.6s
[stage experimental] [epoch 14/80] train_total=0.035991 val_total=0.032186 best=0.021107 improved=no epoch_time=1.7s total_time=24.4s
[stage experimental] [epoch 15/80] train_total=0.030719 val_total=0.049391 best=0.021107 improved=no epoch_time=1.7s total_time=26.1s
[stage experimental] [epoch 16/80] train_total=0.035983 val_total=0.020623 best=0.020623 improved=yes epoch_time=1.7s total_time=27.9s
[stage experimental] [epoch 17/80] train_total=0.029480 val_total=0.024975 best=0.020623 improved=no epoch_time=1.8s total_time=29.7s
[stage experimental] [epoch 18/80] train_total=0.030981 val_total=0.048729 best=0.020623 improved=no epoch_time=1.8s total_time=31.5s
[stage experimental] [epoch 19/80] train_total=0.033664 val_total=0.013561 best=0.013561 improved=yes epoch_time=1.8s total_time=33.3s
[stage experimental] [epoch 20/80] train_total=0.026235 val_total=0.019294 best=0.013561 improved=no epoch_time=1.8s total_time=35.1s
[stage experimental] [epoch 21/80] train_total=0.025142 val_total=0.029903 best=0.013561 improved=no epoch_time=1.7s total_time=36.8s
[stage experimental] [epoch 22/80] train_total=0.024665 val_total=0.014283 best=0.013561 improved=no epoch_time=1.8s total_time=38.6s
[stage experimental] [epoch 23/80] train_total=0.029922 val_total=0.019332 best=0.013561 improved=no epoch_time=1.7s total_time=40.3s
[stage experimental] [epoch 24/80] train_total=0.022906 val_total=0.027387 best=0.013561 improved=no epoch_time=1.7s total_time=42.0s
[stage experimental] [epoch 25/80] train_total=0.022206 val_total=0.024926 best=0.013561 improved=no epoch_time=1.7s total_time=43.8s
[stage experimental] [epoch 26/80] train_total=0.024124 val_total=0.017368 best=0.013561 improved=no epoch_time=1.7s total_time=45.5s
[stage experimental] [epoch 27/80] train_total=0.022930 val_total=0.023626 best=0.013561 improved=no epoch_time=1.7s total_time=47.2s
[stage experimental] [epoch 28/80] train_total=0.019866 val_total=0.011587 best=0.011587 improved=yes epoch_time=1.8s total_time=49.0s
[stage experimental] [epoch 29/80] train_total=0.017393 val_total=0.010699 best=0.010699 improved=yes epoch_time=1.8s total_time=50.8s
[stage experimental] [epoch 30/80] train_total=0.018656 val_total=0.011270 best=0.010699 improved=no epoch_time=1.8s total_time=52.6s
[stage experimental] [epoch 31/80] train_total=0.018734 val_total=0.014342 best=0.010699 improved=no epoch_time=1.7s total_time=54.3s
[stage experimental] [epoch 32/80] train_total=0.017265 val_total=0.017183 best=0.010699 improved=no epoch_time=1.8s total_time=56.1s
[stage experimental] [epoch 33/80] train_total=0.015587 val_total=0.019400 best=0.010699 improved=no epoch_time=1.7s total_time=57.8s
[stage experimental] [epoch 34/80] train_total=0.018330 val_total=0.008040 best=0.008040 improved=yes epoch_time=1.7s total_time=59.5s
[stage experimental] [epoch 35/80] train_total=0.016412 val_total=0.020041 best=0.008040 improved=no epoch_time=1.7s total_time=61.2s
[stage experimental] [epoch 36/80] train_total=0.015813 val_total=0.007208 best=0.007208 improved=yes epoch_time=1.8s total_time=63.0s
[stage experimental] [epoch 37/80] train_total=0.013405 val_total=0.009737 best=0.007208 improved=no epoch_time=1.7s total_time=64.7s
[stage experimental] [epoch 38/80] train_total=0.013739 val_total=0.011039 best=0.007208 improved=no epoch_time=1.7s total_time=66.5s
[stage experimental] [epoch 39/80] train_total=0.012582 val_total=0.012325 best=0.007208 improved=no epoch_time=1.7s total_time=68.2s
[stage experimental] [epoch 40/80] train_total=0.012185 val_total=0.005728 best=0.005728 improved=yes epoch_time=1.7s total_time=69.9s
[stage experimental] [epoch 41/80] train_total=0.011890 val_total=0.006061 best=0.005728 improved=no epoch_time=1.8s total_time=71.7s
[stage experimental] [epoch 42/80] train_total=0.011303 val_total=0.008875 best=0.005728 improved=no epoch_time=1.8s total_time=73.5s
[stage experimental] [epoch 43/80] train_total=0.011371 val_total=0.006801 best=0.005728 improved=no epoch_time=1.8s total_time=75.3s
[stage experimental] [epoch 44/80] train_total=0.011606 val_total=0.009406 best=0.005728 improved=no epoch_time=1.9s total_time=77.2s
[stage experimental] [epoch 45/80] train_total=0.010962 val_total=0.005940 best=0.005728 improved=no epoch_time=1.9s total_time=79.1s
[stage experimental] [epoch 46/80] train_total=0.012020 val_total=0.006852 best=0.005728 improved=no epoch_time=1.7s total_time=80.8s
[stage experimental] [epoch 47/80] train_total=0.009777 val_total=0.003895 best=0.003895 improved=yes epoch_time=1.4s total_time=82.2s
[stage experimental] [epoch 48/80] train_total=0.010279 val_total=0.005151 best=0.003895 improved=no epoch_time=1.5s total_time=83.7s
[stage experimental] [epoch 49/80] train_total=0.011243 val_total=0.007607 best=0.003895 improved=no epoch_time=1.8s total_time=85.5s
[stage experimental] [epoch 50/80] train_total=0.009979 val_total=0.008081 best=0.003895 improved=no epoch_time=1.8s total_time=87.3s
[stage experimental] [epoch 51/80] train_total=0.010762 val_total=0.007592 best=0.003895 improved=no epoch_time=1.8s total_time=89.1s
[stage experimental] [epoch 52/80] train_total=0.010408 val_total=0.005001 best=0.003895 improved=no epoch_time=1.8s total_time=90.9s
[stage experimental] [epoch 53/80] train_total=0.007866 val_total=0.011741 best=0.003895 improved=no epoch_time=1.8s total_time=92.7s
[stage experimental] [epoch 54/80] train_total=0.008688 val_total=0.006460 best=0.003895 improved=no epoch_time=1.8s total_time=94.5s
[stage experimental] [epoch 55/80] train_total=0.009601 val_total=0.006478 best=0.003895 improved=no epoch_time=1.9s total_time=96.4s
[stage experimental] [epoch 56/80] train_total=0.009461 val_total=0.004737 best=0.003895 improved=no epoch_time=1.8s total_time=98.3s
[stage experimental] [epoch 57/80] train_total=0.011349 val_total=0.008876 best=0.003895 improved=no epoch_time=1.9s total_time=100.1s
[stage experimental] [epoch 58/80] train_total=0.010594 val_total=0.010721 best=0.003895 improved=no epoch_time=1.9s total_time=102.1s
[stage experimental] [epoch 59/80] train_total=0.011707 val_total=0.007603 best=0.003895 improved=no epoch_time=1.7s total_time=103.8s
[stage experimental] early stopping at epoch 59; best_validation=0.003895
[seed 3] [stage 1/3: direct GE] starting 20 epoch(s)
[seed 3] [stage 1/3: direct GE] [epoch 1/20] train_total=0.005216 val_score=1.247175 best=1.247175 P_MAE=2.1209 kPa y_iso_MAE=0.014219 T_MAE=1.7876 K y_isob_MAE=0.016084 improved=yes epoch_time=10.9s total_time=19.9s
[seed 3] [stage 1/3: direct GE] [epoch 2/20] train_total=0.004218 val_score=1.318461 best=1.247175 P_MAE=2.7413 kPa y_iso_MAE=0.015586 T_MAE=1.6043 K y_isob_MAE=0.017611 improved=no epoch_time=10.6s total_time=30.4s
[seed 3] [stage 1/3: direct GE] [epoch 3/20] train_total=0.004199 val_score=1.600199 best=1.247175 P_MAE=3.3758 kPa y_iso_MAE=0.016509 T_MAE=2.4282 K y_isob_MAE=0.017246 improved=no epoch_time=10.6s total_time=41.0s
[seed 3] [stage 1/3: direct GE] [epoch 4/20] train_total=0.004426 val_score=1.571591 best=1.247175 P_MAE=2.8126 kPa y_iso_MAE=0.017965 T_MAE=2.1998 K y_isob_MAE=0.020188 improved=no epoch_time=10.6s total_time=51.7s
[seed 3] [stage 1/3: direct GE] [epoch 5/20] train_total=0.004195 val_score=1.434206 best=1.247175 P_MAE=2.1884 kPa y_iso_MAE=0.013278 T_MAE=2.1519 K y_isob_MAE=0.021838 improved=no epoch_time=10.5s total_time=62.2s
[seed 3] [stage 1/3: direct GE] [epoch 6/20] train_total=0.004154 val_score=1.532766 best=1.247175 P_MAE=2.7695 kPa y_iso_MAE=0.017948 T_MAE=2.1758 K y_isob_MAE=0.018681 improved=no epoch_time=10.8s total_time=73.0s
[seed 3] [stage 1/3: direct GE] [epoch 7/20] train_total=0.003861 val_score=1.387499 best=1.247175 P_MAE=1.9216 kPa y_iso_MAE=0.015349 T_MAE=2.1771 K y_isob_MAE=0.018177 improved=no epoch_time=10.6s total_time=83.6s
[seed 3] [stage 1/3: direct GE] [epoch 8/20] train_total=0.003883 val_score=1.584192 best=1.247175 P_MAE=2.6816 kPa y_iso_MAE=0.017161 T_MAE=2.4068 K y_isob_MAE=0.019636 improved=no epoch_time=10.8s total_time=94.4s
[seed 3] [stage 1/3: direct GE] [epoch 9/20] train_total=0.004147 val_score=1.497719 best=1.247175 P_MAE=2.4029 kPa y_iso_MAE=0.015417 T_MAE=2.3147 K y_isob_MAE=0.019606 improved=no epoch_time=10.6s total_time=105.0s
[seed 3] [stage 1/3: direct GE] [epoch 10/20] train_total=0.003606 val_score=1.531254 best=1.247175 P_MAE=2.5141 kPa y_iso_MAE=0.014479 T_MAE=2.5018 K y_isob_MAE=0.019306 improved=no epoch_time=10.7s total_time=115.7s
[seed 3] [stage 1/3: direct GE] [epoch 11/20] train_total=0.003711 val_score=1.816903 best=1.247175 P_MAE=3.1385 kPa y_iso_MAE=0.017951 T_MAE=2.9122 K y_isob_MAE=0.022014 improved=no epoch_time=10.7s total_time=126.4s
[seed 3] [stage 1/3: direct GE] [epoch 12/20] train_total=0.003564 val_score=1.873034 best=1.247175 P_MAE=3.2187 kPa y_iso_MAE=0.020687 T_MAE=2.8324 K y_isob_MAE=0.022713 improved=no epoch_time=10.5s total_time=136.9s
[seed 3] [stage 1/3: direct GE] [epoch 13/20] train_total=0.003589 val_score=1.670668 best=1.247175 P_MAE=1.8713 kPa y_iso_MAE=0.018099 T_MAE=2.8022 K y_isob_MAE=0.022204 improved=no epoch_time=10.6s total_time=147.5s
[seed 3] [stage 1/3: direct GE] [epoch 14/20] train_total=0.003530 val_score=1.677074 best=1.247175 P_MAE=2.0819 kPa y_iso_MAE=0.016603 T_MAE=2.8383 K y_isob_MAE=0.022562 improved=no epoch_time=10.6s total_time=158.1s
[seed 3] [stage 1/3: direct GE] [epoch 15/20] train_total=0.003647 val_score=1.794942 best=1.247175 P_MAE=2.7471 kPa y_iso_MAE=0.019261 T_MAE=2.8710 K y_isob_MAE=0.022046 improved=no epoch_time=10.6s total_time=168.6s
[seed 3] [stage 1/3: direct GE] [epoch 16/20] train_total=0.003685 val_score=2.028023 best=1.247175 P_MAE=2.8814 kPa y_iso_MAE=0.023645 T_MAE=3.0897 K y_isob_MAE=0.026123 improved=no epoch_time=10.8s total_time=179.4s
[seed 3] [stage 1/3: direct GE] [epoch 17/20] train_total=0.003819 val_score=1.903506 best=1.247175 P_MAE=2.6445 kPa y_iso_MAE=0.019744 T_MAE=3.1998 K y_isob_MAE=0.023446 improved=no epoch_time=10.9s total_time=190.4s
[seed 3] [stage 1/3: direct GE] [epoch 18/20] train_total=0.003402 val_score=1.711309 best=1.247175 P_MAE=1.9686 kPa y_iso_MAE=0.017873 T_MAE=2.8499 K y_isob_MAE=0.023465 improved=no epoch_time=10.7s total_time=201.0s
[seed 3] [stage 1/3: direct GE] [epoch 19/20] train_total=0.003456 val_score=2.136154 best=1.247175 P_MAE=3.0682 kPa y_iso_MAE=0.022377 T_MAE=3.4890 K y_isob_MAE=0.026914 improved=no epoch_time=11.0s total_time=212.0s
[seed 3] [stage 1/3: direct GE] [epoch 20/20] train_total=0.003570 val_score=1.916376 best=1.247175 P_MAE=2.4665 kPa y_iso_MAE=0.018431 T_MAE=3.3318 K y_isob_MAE=0.024715 improved=no epoch_time=10.5s total_time=222.5s
[seed 3] [stage 2/3: joint VLE] starting 80 epoch(s)
[seed 3] [stage 2/3: joint VLE] [epoch 1/80] train_total=0.026190 val_score=1.236312 best=1.236312 P_MAE=2.5253 kPa y_iso_MAE=0.016098 T_MAE=1.5413 K y_isob_MAE=0.014656 improved=yes epoch_time=11.8s total_time=234.4s
[seed 3] [stage 2/3: joint VLE] [epoch 2/80] train_total=0.015947 val_score=1.188486 best=1.188486 P_MAE=2.5707 kPa y_iso_MAE=0.018259 T_MAE=1.2279 K y_isob_MAE=0.013744 improved=yes epoch_time=11.8s total_time=246.1s
[seed 3] [stage 2/3: joint VLE] [epoch 3/80] train_total=0.017010 val_score=1.128286 best=1.128286 P_MAE=2.0063 kPa y_iso_MAE=0.014344 T_MAE=1.4240 K y_isob_MAE=0.015089 improved=yes epoch_time=11.8s total_time=258.0s
[seed 3] [stage 2/3: joint VLE] [epoch 4/80] train_total=0.014548 val_score=0.982791 best=0.982791 P_MAE=2.4158 kPa y_iso_MAE=0.013147 T_MAE=0.9615 K y_isob_MAE=0.012664 improved=yes epoch_time=11.8s total_time=269.7s
[seed 3] [stage 2/3: joint VLE] [epoch 5/80] train_total=0.013360 val_score=1.206205 best=0.982791 P_MAE=3.1037 kPa y_iso_MAE=0.017007 T_MAE=1.1633 K y_isob_MAE=0.014098 improved=no epoch_time=11.9s total_time=281.6s
[seed 3] [stage 2/3: joint VLE] [epoch 6/80] train_total=0.015378 val_score=1.098040 best=0.982791 P_MAE=2.8531 kPa y_iso_MAE=0.012268 T_MAE=1.1750 K y_isob_MAE=0.014593 improved=no epoch_time=11.7s total_time=293.3s
[seed 3] [stage 2/3: joint VLE] [epoch 7/80] train_total=0.020564 val_score=1.138895 best=0.982791 P_MAE=2.5721 kPa y_iso_MAE=0.016166 T_MAE=1.0886 K y_isob_MAE=0.015216 improved=no epoch_time=11.6s total_time=304.9s
[seed 3] [stage 2/3: joint VLE] [epoch 8/80] train_total=0.014012 val_score=1.083012 best=0.982791 P_MAE=2.9443 kPa y_iso_MAE=0.013142 T_MAE=1.1236 K y_isob_MAE=0.013058 improved=no epoch_time=11.9s total_time=316.8s
[seed 3] [stage 2/3: joint VLE] [epoch 9/80] train_total=0.016154 val_score=1.053348 best=0.982791 P_MAE=2.4616 kPa y_iso_MAE=0.015231 T_MAE=0.9482 K y_isob_MAE=0.014124 improved=no epoch_time=11.4s total_time=328.2s
[seed 3] [stage 2/3: joint VLE] [epoch 10/80] train_total=0.012755 val_score=0.880373 best=0.880373 P_MAE=1.8810 kPa y_iso_MAE=0.012270 T_MAE=0.8138 K y_isob_MAE=0.012945 improved=yes epoch_time=11.7s total_time=339.9s
[seed 3] [stage 2/3: joint VLE] [epoch 11/80] train_total=0.012715 val_score=1.215941 best=0.880373 P_MAE=3.3499 kPa y_iso_MAE=0.017893 T_MAE=1.1718 K y_isob_MAE=0.012251 improved=no epoch_time=11.6s total_time=351.6s
[seed 3] [stage 2/3: joint VLE] [epoch 12/80] train_total=0.015869 val_score=1.095343 best=0.880373 P_MAE=3.5505 kPa y_iso_MAE=0.015616 T_MAE=0.8199 K y_isob_MAE=0.011934 improved=no epoch_time=11.8s total_time=363.4s
[seed 3] [stage 2/3: joint VLE] [epoch 13/80] train_total=0.014664 val_score=1.045372 best=0.880373 P_MAE=2.6935 kPa y_iso_MAE=0.013630 T_MAE=1.0018 K y_isob_MAE=0.013480 improved=no epoch_time=11.7s total_time=375.1s
[seed 3] [stage 2/3: joint VLE] [epoch 14/80] train_total=0.013422 val_score=1.033301 best=0.880373 P_MAE=2.2726 kPa y_iso_MAE=0.013238 T_MAE=1.1674 K y_isob_MAE=0.013253 improved=no epoch_time=11.8s total_time=386.8s
[seed 3] [stage 2/3: joint VLE] [epoch 15/80] train_total=0.015041 val_score=0.983222 best=0.880373 P_MAE=2.7698 kPa y_iso_MAE=0.010708 T_MAE=1.0065 K y_isob_MAE=0.012846 improved=no epoch_time=11.6s total_time=398.4s
[seed 3] [stage 2/3: joint VLE] [epoch 16/80] train_total=0.013302 val_score=1.340398 best=0.880373 P_MAE=3.8249 kPa y_iso_MAE=0.016190 T_MAE=1.5064 K y_isob_MAE=0.013731 improved=no epoch_time=11.7s total_time=410.1s
[seed 3] [stage 2/3: joint VLE] [epoch 17/80] train_total=0.014068 val_score=0.827559 best=0.827559 P_MAE=1.5083 kPa y_iso_MAE=0.012992 T_MAE=0.7623 K y_isob_MAE=0.012003 improved=yes epoch_time=11.7s total_time=421.8s
[seed 3] [stage 2/3: joint VLE] [epoch 18/80] train_total=0.013444 val_score=0.982156 best=0.827559 P_MAE=2.5506 kPa y_iso_MAE=0.012638 T_MAE=0.9331 K y_isob_MAE=0.012850 improved=no epoch_time=11.9s total_time=433.7s
[seed 3] [stage 2/3: joint VLE] [epoch 19/80] train_total=0.012266 val_score=0.917786 best=0.827559 P_MAE=2.3512 kPa y_iso_MAE=0.012415 T_MAE=0.8304 K y_isob_MAE=0.012084 improved=no epoch_time=11.8s total_time=445.5s
[seed 3] [stage 2/3: joint VLE] [epoch 20/80] train_total=0.012767 val_score=1.199489 best=0.827559 P_MAE=3.4009 kPa y_iso_MAE=0.015623 T_MAE=1.1329 K y_isob_MAE=0.014072 improved=no epoch_time=11.8s total_time=457.2s
[seed 3] [stage 2/3: joint VLE] [epoch 21/80] train_total=0.011500 val_score=0.966732 best=0.827559 P_MAE=2.2658 kPa y_iso_MAE=0.013394 T_MAE=0.9883 K y_isob_MAE=0.011971 improved=no epoch_time=11.7s total_time=469.0s
[seed 3] [stage 2/3: joint VLE] [epoch 22/80] train_total=0.012972 val_score=1.138184 best=0.827559 P_MAE=3.9156 kPa y_iso_MAE=0.013279 T_MAE=1.0147 K y_isob_MAE=0.012200 improved=no epoch_time=11.9s total_time=480.9s
[seed 3] [stage 2/3: joint VLE] [epoch 23/80] train_total=0.013534 val_score=1.124635 best=0.827559 P_MAE=3.7728 kPa y_iso_MAE=0.012800 T_MAE=1.0254 K y_isob_MAE=0.012600 improved=no epoch_time=11.8s total_time=492.7s
[seed 3] [stage 2/3: joint VLE] [epoch 24/80] train_total=0.012746 val_score=0.988201 best=0.827559 P_MAE=2.8811 kPa y_iso_MAE=0.013404 T_MAE=0.8926 K y_isob_MAE=0.011148 improved=no epoch_time=11.8s total_time=504.5s
[seed 3] [stage 2/3: joint VLE] [epoch 25/80] train_total=0.012757 val_score=1.032912 best=0.827559 P_MAE=2.6129 kPa y_iso_MAE=0.015220 T_MAE=0.8673 K y_isob_MAE=0.013334 improved=no epoch_time=11.8s total_time=516.3s
[seed 3] [stage 2/3: joint VLE] [epoch 26/80] train_total=0.017220 val_score=1.061720 best=0.827559 P_MAE=2.9137 kPa y_iso_MAE=0.015380 T_MAE=0.9238 K y_isob_MAE=0.012354 improved=no epoch_time=11.8s total_time=528.0s
[seed 3] [stage 2/3: joint VLE] [epoch 27/80] train_total=0.012706 val_score=1.024214 best=0.827559 P_MAE=3.0694 kPa y_iso_MAE=0.011875 T_MAE=1.0125 K y_isob_MAE=0.012116 improved=no epoch_time=11.8s total_time=539.8s
[seed 3] [stage 2/3: joint VLE] [epoch 28/80] train_total=0.015963 val_score=0.867064 best=0.827559 P_MAE=1.6372 kPa y_iso_MAE=0.012450 T_MAE=0.8554 K y_isob_MAE=0.012767 improved=no epoch_time=11.8s total_time=551.6s
[seed 3] [stage 2/3: joint VLE] [epoch 29/80] train_total=0.012987 val_score=1.185670 best=0.827559 P_MAE=3.1033 kPa y_iso_MAE=0.014998 T_MAE=1.3280 K y_isob_MAE=0.012955 improved=no epoch_time=11.8s total_time=563.5s
{"direct_ge_parameter_summary": {"stage1_trainable_parameters": 1977601, "stage2_trainable_parameters": 2015043, "stage3": {"groups": [{"learning_rate": 2e-05, "name": "pair_potential", "parameter_count": 110977, "parameter_names": ["pair_potential.0.weight", "pair_potential.0.bias", "pair_potential.2.weight", "pair_potential.2.bias"]}, {"learning_rate": 1e-05, "name": "vapor_pressure", "parameter_count": 37442, "parameter_names": ["vapor_pressure.parameter_head.0.weight", "vapor_pressure.parameter_head.0.bias", "vapor_pressure.parameter_head.2.weight", "vapor_pressure.parameter_head.2.bias"]}, {"learning_rate": 5e-06, "name": "film", "parameter_count": 111744, "parameter_names": ["film.0.weight", "film.0.bias", "film.2.weight", "film.2.bias"]}, {"learning_rate": 5e-06, "name": "mixture_token", "parameter_count": 192, "parameter_names": ["mixture_token"]}], "total_parameters": 2015043, "trainable_fraction": 0.1292056794817778, "trainable_parameters": 260355}, "total_parameters": 2015043, "trainable_fraction": 0.1292056794817778, "trainable_parameters": 260355}}
[seed 3] [stage 3/3: fugacity] starting 10 epoch(s)
[seed 3] [stage 3/3: fugacity] [epoch 1/10] train_total=0.010260 val_score=0.870214 best=0.870214 P_MAE=2.0546 kPa y_iso_MAE=0.013410 T_MAE=0.7239 K y_isob_MAE=0.011465 improved=yes epoch_time=11.6s total_time=575.0s
[seed 3] [stage 3/3: fugacity] [epoch 2/10] train_total=0.009463 val_score=0.866597 best=0.866597 P_MAE=2.1456 kPa y_iso_MAE=0.013184 T_MAE=0.7139 K y_isob_MAE=0.011172 improved=yes epoch_time=11.4s total_time=586.5s
[seed 3] [stage 3/3: fugacity] [epoch 3/10] train_total=0.009538 val_score=0.846955 best=0.846955 P_MAE=2.0433 kPa y_iso_MAE=0.013186 T_MAE=0.6844 K y_isob_MAE=0.011055 improved=yes epoch_time=11.4s total_time=597.9s
[seed 3] [stage 3/3: fugacity] [epoch 4/10] train_total=0.009060 val_score=0.856492 best=0.846955 P_MAE=2.0890 kPa y_iso_MAE=0.013232 T_MAE=0.7047 K y_isob_MAE=0.011001 improved=no epoch_time=11.5s total_time=609.4s
[seed 3] [stage 3/3: fugacity] [epoch 5/10] train_total=0.009047 val_score=0.826259 best=0.826259 P_MAE=2.1111 kPa y_iso_MAE=0.012499 T_MAE=0.6509 K y_isob_MAE=0.010782 improved=yes epoch_time=11.5s total_time=620.8s
[seed 3] [stage 3/3: fugacity] [epoch 6/10] train_total=0.008915 val_score=0.808437 best=0.808437 P_MAE=1.9770 kPa y_iso_MAE=0.012160 T_MAE=0.6610 K y_isob_MAE=0.010767 improved=yes epoch_time=11.5s total_time=632.4s
[seed 3] [stage 3/3: fugacity] [epoch 7/10] train_total=0.009022 val_score=0.824303 best=0.808437 P_MAE=2.0794 kPa y_iso_MAE=0.012789 T_MAE=0.6412 K y_isob_MAE=0.010663 improved=no epoch_time=11.7s total_time=644.1s
[seed 3] [stage 3/3: fugacity] [epoch 8/10] train_total=0.008720 val_score=0.819219 best=0.808437 P_MAE=1.9641 kPa y_iso_MAE=0.012831 T_MAE=0.6544 K y_isob_MAE=0.010777 improved=no epoch_time=11.5s total_time=655.6s
[seed 3] [stage 3/3: fugacity] [epoch 9/10] train_total=0.008775 val_score=0.802439 best=0.802439 P_MAE=1.9638 kPa y_iso_MAE=0.012417 T_MAE=0.6354 K y_isob_MAE=0.010583 improved=yes epoch_time=11.7s total_time=667.3s
[seed 3] [stage 3/3: fugacity] [epoch 10/10] train_total=0.008786 val_score=0.788504 best=0.788504 P_MAE=1.8550 kPa y_iso_MAE=0.012341 T_MAE=0.6283 K y_isob_MAE=0.010590 improved=yes epoch_time=11.3s total_time=678.6s
{"protocol": "vle_binary_state_temperature_low_extrapolation", "seed": 3, "manifest": "D:\\VLE\\VLE\\thermoformer_project\\runs\\phase_equilibrium\\v1\\vle\\three\\results\\thermoformer_vle_three_stage.on.vle_binary_state_temperature_low_extrapolation\\seed_3\\manifest.json"}
[stage experimental] starting 80 epoch(s)
[stage experimental] [epoch 1/80] train_total=0.749813 val_total=0.065016 best=0.065016 improved=yes epoch_time=1.9s total_time=1.9s
[stage experimental] [epoch 2/80] train_total=0.109033 val_total=0.034314 best=0.034314 improved=yes epoch_time=1.9s total_time=3.7s
[stage experimental] [epoch 3/80] train_total=0.081153 val_total=0.044259 best=0.034314 improved=no epoch_time=1.8s total_time=5.5s
[stage experimental] [epoch 4/80] train_total=0.055329 val_total=0.022372 best=0.022372 improved=yes epoch_time=1.8s total_time=7.3s
[stage experimental] [epoch 5/80] train_total=0.051713 val_total=0.043720 best=0.022372 improved=no epoch_time=1.7s total_time=9.0s
[stage experimental] [epoch 6/80] train_total=0.050336 val_total=0.051433 best=0.022372 improved=no epoch_time=1.8s total_time=10.8s
[stage experimental] [epoch 7/80] train_total=0.045242 val_total=0.027121 best=0.022372 improved=no epoch_time=1.7s total_time=12.5s
[stage experimental] [epoch 8/80] train_total=0.044227 val_total=0.021043 best=0.021043 improved=yes epoch_time=1.7s total_time=14.3s
[stage experimental] [epoch 9/80] train_total=0.037284 val_total=0.033010 best=0.021043 improved=no epoch_time=1.8s total_time=16.1s
[stage experimental] [epoch 10/80] train_total=0.039271 val_total=0.029045 best=0.021043 improved=no epoch_time=1.7s total_time=17.8s
[stage experimental] [epoch 11/80] train_total=0.033889 val_total=0.024915 best=0.021043 improved=no epoch_time=1.7s total_time=19.5s
[stage experimental] [epoch 12/80] train_total=0.040116 val_total=0.023486 best=0.021043 improved=no epoch_time=1.7s total_time=21.3s
[stage experimental] [epoch 13/80] train_total=0.039549 val_total=0.042026 best=0.021043 improved=no epoch_time=1.7s total_time=23.0s
[stage experimental] [epoch 14/80] train_total=0.033339 val_total=0.025981 best=0.021043 improved=no epoch_time=1.7s total_time=24.7s
[stage experimental] [epoch 15/80] train_total=0.034550 val_total=0.056993 best=0.021043 improved=no epoch_time=1.8s total_time=26.5s
[stage experimental] [epoch 16/80] train_total=0.031183 val_total=0.024001 best=0.021043 improved=no epoch_time=1.7s total_time=28.2s
[stage experimental] [epoch 17/80] train_total=0.029537 val_total=0.021635 best=0.021043 improved=no epoch_time=1.7s total_time=29.9s
[stage experimental] [epoch 18/80] train_total=0.029350 val_total=0.028900 best=0.021043 improved=no epoch_time=1.7s total_time=31.7s
[stage experimental] [epoch 19/80] train_total=0.030460 val_total=0.024897 best=0.021043 improved=no epoch_time=1.8s total_time=33.5s
[stage experimental] [epoch 20/80] train_total=0.027865 val_total=0.028857 best=0.021043 improved=no epoch_time=1.8s total_time=35.2s
[stage experimental] early stopping at epoch 20; best_validation=0.021043
[seed 4] [stage 1/3: direct GE] starting 20 epoch(s)
[seed 4] [stage 1/3: direct GE] [epoch 1/20] train_total=0.008087 val_score=1.023554 best=1.023554 P_MAE=3.9058 kPa y_iso_MAE=0.035720 T_MAE=3.1410 K y_isob_MAE=0.028973 improved=yes epoch_time=10.3s total_time=19.0s
[seed 4] [stage 1/3: direct GE] [epoch 2/20] train_total=0.005820 val_score=1.061341 best=1.023554 P_MAE=4.3949 kPa y_iso_MAE=0.031478 T_MAE=3.3602 K y_isob_MAE=0.032481 improved=no epoch_time=10.2s total_time=29.2s
[seed 4] [stage 1/3: direct GE] [epoch 3/20] train_total=0.004987 val_score=0.987423 best=0.987423 P_MAE=3.4957 kPa y_iso_MAE=0.028992 T_MAE=3.7491 K y_isob_MAE=0.027417 improved=yes epoch_time=10.7s total_time=39.8s
[seed 4] [stage 1/3: direct GE] [epoch 4/20] train_total=0.004697 val_score=1.044044 best=0.987423 P_MAE=3.9871 kPa y_iso_MAE=0.029498 T_MAE=3.7386 K y_isob_MAE=0.030861 improved=no epoch_time=10.6s total_time=50.4s
[seed 4] [stage 1/3: direct GE] [epoch 5/20] train_total=0.004823 val_score=1.035473 best=0.987423 P_MAE=4.1259 kPa y_iso_MAE=0.027520 T_MAE=3.6459 K y_isob_MAE=0.032039 improved=no epoch_time=10.6s total_time=61.0s
[seed 4] [stage 1/3: direct GE] [epoch 6/20] train_total=0.004508 val_score=1.096055 best=0.987423 P_MAE=5.1368 kPa y_iso_MAE=0.029944 T_MAE=3.5880 K y_isob_MAE=0.030464 improved=no epoch_time=10.7s total_time=71.7s
[seed 4] [stage 1/3: direct GE] [epoch 7/20] train_total=0.004652 val_score=1.126151 best=0.987423 P_MAE=4.3936 kPa y_iso_MAE=0.028831 T_MAE=4.1157 K y_isob_MAE=0.034960 improved=no epoch_time=10.8s total_time=82.4s
[seed 4] [stage 1/3: direct GE] [epoch 8/20] train_total=0.004415 val_score=1.137778 best=0.987423 P_MAE=4.7858 kPa y_iso_MAE=0.032905 T_MAE=3.9692 K y_isob_MAE=0.030705 improved=no epoch_time=11.1s total_time=93.6s
[seed 4] [stage 1/3: direct GE] [epoch 9/20] train_total=0.004468 val_score=1.054709 best=0.987423 P_MAE=3.8522 kPa y_iso_MAE=0.026824 T_MAE=4.0764 K y_isob_MAE=0.032219 improved=no epoch_time=10.6s total_time=104.2s
[seed 4] [stage 1/3: direct GE] [epoch 10/20] train_total=0.004206 val_score=1.120423 best=0.987423 P_MAE=4.3794 kPa y_iso_MAE=0.028676 T_MAE=4.1191 K y_isob_MAE=0.034430 improved=no epoch_time=10.7s total_time=114.8s
[seed 4] [stage 1/3: direct GE] [epoch 11/20] train_total=0.004071 val_score=1.119762 best=0.987423 P_MAE=4.4385 kPa y_iso_MAE=0.028604 T_MAE=4.1141 K y_isob_MAE=0.034034 improved=no epoch_time=10.6s total_time=125.4s
[seed 4] [stage 1/3: direct GE] [epoch 12/20] train_total=0.004245 val_score=1.074795 best=0.987423 P_MAE=4.0504 kPa y_iso_MAE=0.025327 T_MAE=4.2107 K y_isob_MAE=0.033472 improved=no epoch_time=10.7s total_time=136.1s
[seed 4] [stage 1/3: direct GE] [epoch 13/20] train_total=0.004148 val_score=1.141084 best=0.987423 P_MAE=4.0726 kPa y_iso_MAE=0.029682 T_MAE=4.2894 K y_isob_MAE=0.036312 improved=no epoch_time=10.6s total_time=146.6s
[seed 4] [stage 1/3: direct GE] [epoch 14/20] train_total=0.004007 val_score=1.082142 best=0.987423 P_MAE=4.0814 kPa y_iso_MAE=0.024890 T_MAE=4.2136 K y_isob_MAE=0.034687 improved=no epoch_time=10.6s total_time=157.2s
[seed 4] [stage 1/3: direct GE] [epoch 15/20] train_total=0.003887 val_score=1.102324 best=0.987423 P_MAE=3.8769 kPa y_iso_MAE=0.027691 T_MAE=4.2657 K y_isob_MAE=0.035135 improved=no epoch_time=10.7s total_time=168.0s
[seed 4] [stage 1/3: direct GE] [epoch 16/20] train_total=0.003891 val_score=1.177805 best=0.987423 P_MAE=4.8451 kPa y_iso_MAE=0.028687 T_MAE=4.2891 K y_isob_MAE=0.036520 improved=no epoch_time=10.6s total_time=178.5s
[seed 4] [stage 1/3: direct GE] [epoch 17/20] train_total=0.003951 val_score=1.139646 best=0.987423 P_MAE=4.3680 kPa y_iso_MAE=0.023905 T_MAE=4.6293 K y_isob_MAE=0.036272 improved=no epoch_time=10.7s total_time=189.2s
[seed 4] [stage 1/3: direct GE] [epoch 18/20] train_total=0.003758 val_score=1.166873 best=0.987423 P_MAE=4.6774 kPa y_iso_MAE=0.028005 T_MAE=4.3573 K y_isob_MAE=0.036262 improved=no epoch_time=10.7s total_time=199.9s
[seed 4] [stage 1/3: direct GE] [epoch 19/20] train_total=0.003853 val_score=1.127155 best=0.987423 P_MAE=4.3843 kPa y_iso_MAE=0.026908 T_MAE=4.2829 K y_isob_MAE=0.035301 improved=no epoch_time=10.7s total_time=210.6s
[seed 4] [stage 1/3: direct GE] [epoch 20/20] train_total=0.003705 val_score=1.123004 best=0.987423 P_MAE=4.0938 kPa y_iso_MAE=0.028163 T_MAE=4.2286 K y_isob_MAE=0.036189 improved=no epoch_time=10.7s total_time=221.3s
[seed 4] [stage 2/3: joint VLE] starting 80 epoch(s)
[seed 4] [stage 2/3: joint VLE] [epoch 1/80] train_total=0.056571 val_score=1.112917 best=1.112917 P_MAE=5.5007 kPa y_iso_MAE=0.040900 T_MAE=2.6825 K y_isob_MAE=0.028617 improved=yes epoch_time=11.6s total_time=233.0s
[seed 4] [stage 2/3: joint VLE] [epoch 2/80] train_total=0.046267 val_score=1.065633 best=1.065633 P_MAE=6.2585 kPa y_iso_MAE=0.031852 T_MAE=2.5442 K y_isob_MAE=0.028477 improved=yes epoch_time=11.8s total_time=244.7s
[seed 4] [stage 2/3: joint VLE] [epoch 3/80] train_total=0.042788 val_score=0.918153 best=0.918153 P_MAE=3.7334 kPa y_iso_MAE=0.030562 T_MAE=2.6437 K y_isob_MAE=0.028060 improved=yes epoch_time=11.8s total_time=256.6s
[seed 4] [stage 2/3: joint VLE] [epoch 4/80] train_total=0.047066 val_score=0.949829 best=0.918153 P_MAE=4.2120 kPa y_iso_MAE=0.029649 T_MAE=2.6327 K y_isob_MAE=0.029861 improved=no epoch_time=11.6s total_time=268.1s
[seed 4] [stage 2/3: joint VLE] [epoch 5/80] train_total=0.045066 val_score=1.024484 best=0.918153 P_MAE=4.4723 kPa y_iso_MAE=0.032344 T_MAE=2.8158 K y_isob_MAE=0.032623 improved=no epoch_time=11.9s total_time=280.0s
[seed 4] [stage 2/3: joint VLE] [epoch 6/80] train_total=0.039688 val_score=0.980916 best=0.918153 P_MAE=5.8946 kPa y_iso_MAE=0.016142 T_MAE=2.7886 K y_isob_MAE=0.034710 improved=no epoch_time=12.0s total_time=292.0s
[seed 4] [stage 2/3: joint VLE] [epoch 7/80] train_total=0.037767 val_score=0.888603 best=0.888603 P_MAE=3.9939 kPa y_iso_MAE=0.028277 T_MAE=2.3921 K y_isob_MAE=0.027787 improved=yes epoch_time=11.7s total_time=303.7s
[seed 4] [stage 2/3: joint VLE] [epoch 8/80] train_total=0.038935 val_score=0.878247 best=0.878247 P_MAE=4.2672 kPa y_iso_MAE=0.019798 T_MAE=2.6827 K y_isob_MAE=0.030394 improved=yes epoch_time=11.9s total_time=315.6s
[seed 4] [stage 2/3: joint VLE] [epoch 9/80] train_total=0.037605 val_score=0.862157 best=0.862157 P_MAE=4.6854 kPa y_iso_MAE=0.021151 T_MAE=2.2949 K y_isob_MAE=0.028268 improved=yes epoch_time=11.9s total_time=327.4s
[seed 4] [stage 2/3: joint VLE] [epoch 10/80] train_total=0.031794 val_score=0.922229 best=0.862157 P_MAE=4.3809 kPa y_iso_MAE=0.029084 T_MAE=2.5366 K y_isob_MAE=0.026681 improved=no epoch_time=11.7s total_time=339.2s
[seed 4] [stage 2/3: joint VLE] [epoch 11/80] train_total=0.036659 val_score=0.866200 best=0.862157 P_MAE=4.2366 kPa y_iso_MAE=0.025356 T_MAE=2.3477 K y_isob_MAE=0.026792 improved=no epoch_time=11.8s total_time=351.0s
[seed 4] [stage 2/3: joint VLE] [epoch 12/80] train_total=0.032075 val_score=0.832052 best=0.832052 P_MAE=4.5235 kPa y_iso_MAE=0.016283 T_MAE=2.4965 K y_isob_MAE=0.028509 improved=yes epoch_time=11.9s total_time=362.9s
[seed 4] [stage 2/3: joint VLE] [epoch 13/80] train_total=0.030415 val_score=0.714277 best=0.714277 P_MAE=3.0590 kPa y_iso_MAE=0.021250 T_MAE=1.9522 K y_isob_MAE=0.024811 improved=yes epoch_time=11.8s total_time=374.7s
[seed 4] [stage 2/3: joint VLE] [epoch 14/80] train_total=0.029382 val_score=0.673705 best=0.673705 P_MAE=2.9760 kPa y_iso_MAE=0.020394 T_MAE=1.8505 K y_isob_MAE=0.022199 improved=yes epoch_time=11.7s total_time=386.4s
[seed 4] [stage 2/3: joint VLE] [epoch 15/80] train_total=0.028244 val_score=0.890301 best=0.673705 P_MAE=4.6574 kPa y_iso_MAE=0.027668 T_MAE=2.3470 K y_isob_MAE=0.024217 improved=no epoch_time=11.8s total_time=398.2s
[seed 4] [stage 2/3: joint VLE] [epoch 16/80] train_total=0.025494 val_score=0.689680 best=0.673705 P_MAE=2.9001 kPa y_iso_MAE=0.020473 T_MAE=2.0660 K y_isob_MAE=0.022193 improved=no epoch_time=11.9s total_time=410.1s
[seed 4] [stage 2/3: joint VLE] [epoch 17/80] train_total=0.024793 val_score=0.630954 best=0.630954 P_MAE=3.2394 kPa y_iso_MAE=0.018424 T_MAE=1.4467 K y_isob_MAE=0.021634 improved=yes epoch_time=11.9s total_time=422.0s
[seed 4] [stage 2/3: joint VLE] [epoch 18/80] train_total=0.025257 val_score=0.608323 best=0.608323 P_MAE=2.9967 kPa y_iso_MAE=0.015875 T_MAE=1.6903 K y_isob_MAE=0.020341 improved=yes epoch_time=11.8s total_time=433.8s
[seed 4] [stage 2/3: joint VLE] [epoch 19/80] train_total=0.021600 val_score=0.724898 best=0.608323 P_MAE=3.6665 kPa y_iso_MAE=0.024837 T_MAE=1.7550 K y_isob_MAE=0.019961 improved=no epoch_time=11.7s total_time=445.5s
[seed 4] [stage 2/3: joint VLE] [epoch 20/80] train_total=0.020553 val_score=0.568887 best=0.568887 P_MAE=2.3236 kPa y_iso_MAE=0.016441 T_MAE=1.7174 K y_isob_MAE=0.019172 improved=yes epoch_time=11.9s total_time=457.4s
[seed 4] [stage 2/3: joint VLE] [epoch 21/80] train_total=0.018706 val_score=0.533849 best=0.533849 P_MAE=2.4583 kPa y_iso_MAE=0.013396 T_MAE=1.5392 K y_isob_MAE=0.019080 improved=yes epoch_time=11.9s total_time=469.3s
[seed 4] [stage 2/3: joint VLE] [epoch 22/80] train_total=0.026460 val_score=0.579180 best=0.533849 P_MAE=2.5430 kPa y_iso_MAE=0.020184 T_MAE=1.4064 K y_isob_MAE=0.018449 improved=no epoch_time=11.7s total_time=481.0s
[seed 4] [stage 2/3: joint VLE] [epoch 23/80] train_total=0.019739 val_score=0.587007 best=0.533849 P_MAE=2.5267 kPa y_iso_MAE=0.018853 T_MAE=1.7273 K y_isob_MAE=0.017203 improved=no epoch_time=11.9s total_time=492.9s
[seed 4] [stage 2/3: joint VLE] [epoch 24/80] train_total=0.017620 val_score=0.592362 best=0.533849 P_MAE=3.0682 kPa y_iso_MAE=0.014546 T_MAE=1.8068 K y_isob_MAE=0.017732 improved=no epoch_time=11.7s total_time=504.6s
[seed 4] [stage 2/3: joint VLE] [epoch 25/80] train_total=0.019586 val_score=0.546317 best=0.533849 P_MAE=3.1839 kPa y_iso_MAE=0.018161 T_MAE=1.1293 K y_isob_MAE=0.014851 improved=no epoch_time=11.8s total_time=516.4s
[seed 4] [stage 2/3: joint VLE] [epoch 26/80] train_total=0.018182 val_score=0.597460 best=0.533849 P_MAE=3.3593 kPa y_iso_MAE=0.016475 T_MAE=1.5405 K y_isob_MAE=0.017278 improved=no epoch_time=11.8s total_time=528.1s
[seed 4] [stage 2/3: joint VLE] [epoch 27/80] train_total=0.017142 val_score=0.522670 best=0.522670 P_MAE=3.1236 kPa y_iso_MAE=0.015496 T_MAE=1.0755 K y_isob_MAE=0.015817 improved=yes epoch_time=11.8s total_time=539.9s
[seed 4] [stage 2/3: joint VLE] [epoch 28/80] train_total=0.016447 val_score=0.408497 best=0.408497 P_MAE=1.5555 kPa y_iso_MAE=0.014059 T_MAE=1.0813 K y_isob_MAE=0.013927 improved=yes epoch_time=11.7s total_time=551.6s
[seed 4] [stage 2/3: joint VLE] [epoch 29/80] train_total=0.017209 val_score=0.483774 best=0.408497 P_MAE=2.8495 kPa y_iso_MAE=0.013983 T_MAE=1.1304 K y_isob_MAE=0.013710 improved=no epoch_time=11.8s total_time=563.4s
[seed 4] [stage 2/3: joint VLE] [epoch 30/80] train_total=0.014846 val_score=0.440406 best=0.408497 P_MAE=2.3029 kPa y_iso_MAE=0.013227 T_MAE=0.9941 K y_isob_MAE=0.014559 improved=no epoch_time=11.9s total_time=575.3s
[seed 4] [stage 2/3: joint VLE] [epoch 31/80] train_total=0.014542 val_score=0.518925 best=0.408497 P_MAE=2.3607 kPa y_iso_MAE=0.018297 T_MAE=1.2960 K y_isob_MAE=0.015221 improved=no epoch_time=11.6s total_time=586.9s
[seed 4] [stage 2/3: joint VLE] [epoch 32/80] train_total=0.015607 val_score=0.453145 best=0.408497 P_MAE=2.2905 kPa y_iso_MAE=0.012988 T_MAE=1.1481 K y_isob_MAE=0.014750 improved=no epoch_time=11.8s total_time=598.8s
[seed 4] [stage 2/3: joint VLE] [epoch 33/80] train_total=0.013828 val_score=0.517687 best=0.408497 P_MAE=3.0667 kPa y_iso_MAE=0.013498 T_MAE=1.2782 K y_isob_MAE=0.015364 improved=no epoch_time=12.0s total_time=610.8s
[seed 4] [stage 2/3: joint VLE] [epoch 34/80] train_total=0.013534 val_score=0.590103 best=0.408497 P_MAE=3.6622 kPa y_iso_MAE=0.020031 T_MAE=1.1604 K y_isob_MAE=0.014602 improved=no epoch_time=11.7s total_time=622.5s
[seed 4] [stage 2/3: joint VLE] [epoch 35/80] train_total=0.012967 val_score=0.415958 best=0.408497 P_MAE=2.4795 kPa y_iso_MAE=0.012111 T_MAE=0.8869 K y_isob_MAE=0.012508 improved=no epoch_time=11.7s total_time=634.1s
[seed 4] [stage 2/3: joint VLE] [epoch 36/80] train_total=0.013345 val_score=0.474084 best=0.408497 P_MAE=3.0250 kPa y_iso_MAE=0.013744 T_MAE=0.9760 K y_isob_MAE=0.013237 improved=no epoch_time=11.6s total_time=645.7s
[seed 4] [stage 2/3: joint VLE] [epoch 37/80] train_total=0.012004 val_score=0.479780 best=0.408497 P_MAE=2.6809 kPa y_iso_MAE=0.015967 T_MAE=0.9999 K y_isob_MAE=0.013799 improved=no epoch_time=11.7s total_time=657.5s
[resume] stage0 vle_binary_state_temperature_low_extrapolation seed 0
[resume] three vle_binary_state_temperature_low_extrapolation seed 0
{"protocol": "vle_binary_state_temperature_low_extrapolation", "seed": 0, "manifest": "D:\\VLE\\VLE\\thermoformer_project\\runs\\phase_equilibrium\\v1\\vle\\three\\results\\thermoformer_vle_three_stage.on.vle_binary_state_temperature_low_extrapolation\\seed_0\\manifest.json"}
[resume] stage0 vle_binary_state_temperature_low_extrapolation seed 1
[resume] three vle_binary_state_temperature_low_extrapolation seed 1
{"protocol": "vle_binary_state_temperature_low_extrapolation", "seed": 1, "manifest": "D:\\VLE\\VLE\\thermoformer_project\\runs\\phase_equilibrium\\v1\\vle\\three\\results\\thermoformer_vle_three_stage.on.vle_binary_state_temperature_low_extrapolation\\seed_1\\manifest.json"}
[resume] stage0 vle_binary_state_temperature_low_extrapolation seed 2
[resume] three vle_binary_state_temperature_low_extrapolation seed 2
{"protocol": "vle_binary_state_temperature_low_extrapolation", "seed": 2, "manifest": "D:\\VLE\\VLE\\thermoformer_project\\runs\\phase_equilibrium\\v1\\vle\\three\\results\\thermoformer_vle_three_stage.on.vle_binary_state_temperature_low_extrapolation\\seed_2\\manifest.json"}
[resume] stage0 vle_binary_state_temperature_low_extrapolation seed 3
[resume] three vle_binary_state_temperature_low_extrapolation seed 3
{"protocol": "vle_binary_state_temperature_low_extrapolation", "seed": 3, "manifest": "D:\\VLE\\VLE\\thermoformer_project\\runs\\phase_equilibrium\\v1\\vle\\three\\results\\thermoformer_vle_three_stage.on.vle_binary_state_temperature_low_extrapolation\\seed_3\\manifest.json"}
[resume] stage0 vle_binary_state_temperature_low_extrapolation seed 4
[seed 4] [stage 1/3: direct GE] starting 20 epoch(s)
[seed 4] [stage 1/3: direct GE] [epoch 1/20] train_total=0.008087 val_score=1.023554 best=1.023554 P_MAE=3.9058 kPa y_iso_MAE=0.035720 T_MAE=3.1410 K y_isob_MAE=0.028973 improved=yes epoch_time=10.6s total_time=20.2s
[seed 4] [stage 1/3: direct GE] [epoch 2/20] train_total=0.005820 val_score=1.061341 best=1.023554 P_MAE=4.3949 kPa y_iso_MAE=0.031478 T_MAE=3.3602 K y_isob_MAE=0.032481 improved=no epoch_time=10.3s total_time=30.5s
[seed 4] [stage 1/3: direct GE] [epoch 3/20] train_total=0.004987 val_score=0.987423 best=0.987423 P_MAE=3.4957 kPa y_iso_MAE=0.028992 T_MAE=3.7491 K y_isob_MAE=0.027417 improved=yes epoch_time=10.1s total_time=40.6s
[seed 4] [stage 1/3: direct GE] [epoch 4/20] train_total=0.004697 val_score=1.044044 best=0.987423 P_MAE=3.9871 kPa y_iso_MAE=0.029498 T_MAE=3.7386 K y_isob_MAE=0.030861 improved=no epoch_time=10.5s total_time=51.1s
[seed 4] [stage 1/3: direct GE] [epoch 5/20] train_total=0.004823 val_score=1.035473 best=0.987423 P_MAE=4.1259 kPa y_iso_MAE=0.027520 T_MAE=3.6459 K y_isob_MAE=0.032039 improved=no epoch_time=10.3s total_time=61.4s
[seed 4] [stage 1/3: direct GE] [epoch 6/20] train_total=0.004508 val_score=1.096055 best=0.987423 P_MAE=5.1368 kPa y_iso_MAE=0.029944 T_MAE=3.5880 K y_isob_MAE=0.030464 improved=no epoch_time=10.2s total_time=71.6s
[seed 4] [stage 1/3: direct GE] [epoch 7/20] train_total=0.004652 val_score=1.126151 best=0.987423 P_MAE=4.3936 kPa y_iso_MAE=0.028831 T_MAE=4.1157 K y_isob_MAE=0.034960 improved=no epoch_time=9.9s total_time=81.6s
[seed 4] [stage 1/3: direct GE] [epoch 8/20] train_total=0.004415 val_score=1.137778 best=0.987423 P_MAE=4.7858 kPa y_iso_MAE=0.032905 T_MAE=3.9692 K y_isob_MAE=0.030705 improved=no epoch_time=10.4s total_time=92.0s
[seed 4] [stage 1/3: direct GE] [epoch 9/20] train_total=0.004468 val_score=1.054709 best=0.987423 P_MAE=3.8522 kPa y_iso_MAE=0.026824 T_MAE=4.0764 K y_isob_MAE=0.032219 improved=no epoch_time=10.6s total_time=102.5s
[seed 4] [stage 1/3: direct GE] [epoch 10/20] train_total=0.004206 val_score=1.120423 best=0.987423 P_MAE=4.3794 kPa y_iso_MAE=0.028676 T_MAE=4.1191 K y_isob_MAE=0.034430 improved=no epoch_time=10.2s total_time=112.8s
[seed 4] [stage 1/3: direct GE] [epoch 11/20] train_total=0.004071 val_score=1.119762 best=0.987423 P_MAE=4.4385 kPa y_iso_MAE=0.028604 T_MAE=4.1141 K y_isob_MAE=0.034034 improved=no epoch_time=10.2s total_time=123.0s
[seed 4] [stage 1/3: direct GE] [epoch 12/20] train_total=0.004245 val_score=1.074795 best=0.987423 P_MAE=4.0504 kPa y_iso_MAE=0.025327 T_MAE=4.2107 K y_isob_MAE=0.033472 improved=no epoch_time=10.3s total_time=133.3s
[seed 4] [stage 1/3: direct GE] [epoch 13/20] train_total=0.004148 val_score=1.141084 best=0.987423 P_MAE=4.0726 kPa y_iso_MAE=0.029682 T_MAE=4.2894 K y_isob_MAE=0.036312 improved=no epoch_time=10.1s total_time=143.4s
[seed 4] [stage 1/3: direct GE] [epoch 14/20] train_total=0.004007 val_score=1.082142 best=0.987423 P_MAE=4.0814 kPa y_iso_MAE=0.024890 T_MAE=4.2136 K y_isob_MAE=0.034687 improved=no epoch_time=9.9s total_time=153.3s
[seed 4] [stage 1/3: direct GE] [epoch 15/20] train_total=0.003887 val_score=1.102324 best=0.987423 P_MAE=3.8769 kPa y_iso_MAE=0.027691 T_MAE=4.2657 K y_isob_MAE=0.035135 improved=no epoch_time=9.9s total_time=163.2s
[seed 4] [stage 1/3: direct GE] [epoch 16/20] train_total=0.003891 val_score=1.177805 best=0.987423 P_MAE=4.8451 kPa y_iso_MAE=0.028687 T_MAE=4.2891 K y_isob_MAE=0.036520 improved=no epoch_time=10.5s total_time=173.7s
[seed 4] [stage 1/3: direct GE] [epoch 17/20] train_total=0.003951 val_score=1.139646 best=0.987423 P_MAE=4.3680 kPa y_iso_MAE=0.023905 T_MAE=4.6293 K y_isob_MAE=0.036272 improved=no epoch_time=9.8s total_time=183.5s
[seed 4] [stage 1/3: direct GE] [epoch 18/20] train_total=0.003758 val_score=1.166873 best=0.987423 P_MAE=4.6774 kPa y_iso_MAE=0.028005 T_MAE=4.3573 K y_isob_MAE=0.036262 improved=no epoch_time=9.7s total_time=193.2s
[seed 4] [stage 1/3: direct GE] [epoch 19/20] train_total=0.003853 val_score=1.127155 best=0.987423 P_MAE=4.3843 kPa y_iso_MAE=0.026908 T_MAE=4.2829 K y_isob_MAE=0.035301 improved=no epoch_time=10.1s total_time=203.3s
[seed 4] [stage 1/3: direct GE] [epoch 20/20] train_total=0.003705 val_score=1.123004 best=0.987423 P_MAE=4.0938 kPa y_iso_MAE=0.028163 T_MAE=4.2286 K y_isob_MAE=0.036189 improved=no epoch_time=9.6s total_time=212.9s
[seed 4] [stage 2/3: joint VLE] starting 80 epoch(s)
[seed 4] [stage 2/3: joint VLE] [epoch 1/80] train_total=0.056571 val_score=1.112917 best=1.112917 P_MAE=5.5007 kPa y_iso_MAE=0.040900 T_MAE=2.6825 K y_isob_MAE=0.028617 improved=yes epoch_time=11.0s total_time=223.9s
[seed 4] [stage 2/3: joint VLE] [epoch 2/80] train_total=0.046267 val_score=1.065633 best=1.065633 P_MAE=6.2585 kPa y_iso_MAE=0.031852 T_MAE=2.5442 K y_isob_MAE=0.028477 improved=yes epoch_time=10.9s total_time=234.7s
[seed 4] [stage 2/3: joint VLE] [epoch 3/80] train_total=0.042788 val_score=0.918153 best=0.918153 P_MAE=3.7334 kPa y_iso_MAE=0.030562 T_MAE=2.6437 K y_isob_MAE=0.028060 improved=yes epoch_time=11.2s total_time=245.9s
[seed 4] [stage 2/3: joint VLE] [epoch 4/80] train_total=0.047066 val_score=0.949829 best=0.918153 P_MAE=4.2120 kPa y_iso_MAE=0.029649 T_MAE=2.6327 K y_isob_MAE=0.029861 improved=no epoch_time=12.0s total_time=258.0s
[seed 4] [stage 2/3: joint VLE] [epoch 5/80] train_total=0.045066 val_score=1.024484 best=0.918153 P_MAE=4.4723 kPa y_iso_MAE=0.032344 T_MAE=2.8158 K y_isob_MAE=0.032623 improved=no epoch_time=11.3s total_time=269.3s
[seed 4] [stage 2/3: joint VLE] [epoch 6/80] train_total=0.039688 val_score=0.980916 best=0.918153 P_MAE=5.8946 kPa y_iso_MAE=0.016142 T_MAE=2.7886 K y_isob_MAE=0.034710 improved=no epoch_time=10.9s total_time=280.2s
[seed 4] [stage 2/3: joint VLE] [epoch 7/80] train_total=0.037767 val_score=0.888603 best=0.888603 P_MAE=3.9939 kPa y_iso_MAE=0.028277 T_MAE=2.3921 K y_isob_MAE=0.027787 improved=yes epoch_time=11.1s total_time=291.3s
[seed 4] [stage 2/3: joint VLE] [epoch 8/80] train_total=0.038935 val_score=0.878247 best=0.878247 P_MAE=4.2672 kPa y_iso_MAE=0.019798 T_MAE=2.6827 K y_isob_MAE=0.030394 improved=yes epoch_time=11.3s total_time=302.6s
[seed 4] [stage 2/3: joint VLE] [epoch 9/80] train_total=0.037605 val_score=0.862157 best=0.862157 P_MAE=4.6854 kPa y_iso_MAE=0.021151 T_MAE=2.2949 K y_isob_MAE=0.028268 improved=yes epoch_time=11.3s total_time=313.8s
[seed 4] [stage 2/3: joint VLE] [epoch 10/80] train_total=0.031794 val_score=0.922229 best=0.862157 P_MAE=4.3809 kPa y_iso_MAE=0.029084 T_MAE=2.5366 K y_isob_MAE=0.026681 improved=no epoch_time=11.5s total_time=325.4s
[seed 4] [stage 2/3: joint VLE] [epoch 11/80] train_total=0.036659 val_score=0.866200 best=0.862157 P_MAE=4.2366 kPa y_iso_MAE=0.025356 T_MAE=2.3477 K y_isob_MAE=0.026792 improved=no epoch_time=11.4s total_time=336.8s
[seed 4] [stage 2/3: joint VLE] [epoch 12/80] train_total=0.032075 val_score=0.832052 best=0.832052 P_MAE=4.5235 kPa y_iso_MAE=0.016283 T_MAE=2.4965 K y_isob_MAE=0.028509 improved=yes epoch_time=11.0s total_time=347.8s
[seed 4] [stage 2/3: joint VLE] [epoch 13/80] train_total=0.030415 val_score=0.714277 best=0.714277 P_MAE=3.0590 kPa y_iso_MAE=0.021250 T_MAE=1.9522 K y_isob_MAE=0.024811 improved=yes epoch_time=11.3s total_time=359.1s
[seed 4] [stage 2/3: joint VLE] [epoch 14/80] train_total=0.029382 val_score=0.673705 best=0.673705 P_MAE=2.9760 kPa y_iso_MAE=0.020394 T_MAE=1.8505 K y_isob_MAE=0.022199 improved=yes epoch_time=10.8s total_time=369.8s
[seed 4] [stage 2/3: joint VLE] [epoch 15/80] train_total=0.028244 val_score=0.890301 best=0.673705 P_MAE=4.6574 kPa y_iso_MAE=0.027668 T_MAE=2.3470 K y_isob_MAE=0.024217 improved=no epoch_time=10.8s total_time=380.7s
[seed 4] [stage 2/3: joint VLE] [epoch 16/80] train_total=0.025494 val_score=0.689680 best=0.673705 P_MAE=2.9001 kPa y_iso_MAE=0.020473 T_MAE=2.0660 K y_isob_MAE=0.022193 improved=no epoch_time=11.1s total_time=391.8s
[seed 4] [stage 2/3: joint VLE] [epoch 17/80] train_total=0.024793 val_score=0.630954 best=0.630954 P_MAE=3.2394 kPa y_iso_MAE=0.018424 T_MAE=1.4467 K y_isob_MAE=0.021634 improved=yes epoch_time=10.9s total_time=402.7s
[seed 4] [stage 2/3: joint VLE] [epoch 18/80] train_total=0.025257 val_score=0.608323 best=0.608323 P_MAE=2.9967 kPa y_iso_MAE=0.015875 T_MAE=1.6903 K y_isob_MAE=0.020341 improved=yes epoch_time=10.8s total_time=413.5s
[seed 4] [stage 2/3: joint VLE] [epoch 19/80] train_total=0.021600 val_score=0.724898 best=0.608323 P_MAE=3.6665 kPa y_iso_MAE=0.024837 T_MAE=1.7550 K y_isob_MAE=0.019961 improved=no epoch_time=10.9s total_time=424.4s
[seed 4] [stage 2/3: joint VLE] [epoch 20/80] train_total=0.020553 val_score=0.568887 best=0.568887 P_MAE=2.3236 kPa y_iso_MAE=0.016441 T_MAE=1.7174 K y_isob_MAE=0.019172 improved=yes epoch_time=10.8s total_time=435.2s
[seed 4] [stage 2/3: joint VLE] [epoch 21/80] train_total=0.018706 val_score=0.533849 best=0.533849 P_MAE=2.4583 kPa y_iso_MAE=0.013396 T_MAE=1.5392 K y_isob_MAE=0.019080 improved=yes epoch_time=10.9s total_time=446.0s
[seed 4] [stage 2/3: joint VLE] [epoch 22/80] train_total=0.026460 val_score=0.579180 best=0.533849 P_MAE=2.5430 kPa y_iso_MAE=0.020184 T_MAE=1.4064 K y_isob_MAE=0.018449 improved=no epoch_time=10.9s total_time=456.9s
[seed 4] [stage 2/3: joint VLE] [epoch 23/80] train_total=0.019739 val_score=0.587007 best=0.533849 P_MAE=2.5267 kPa y_iso_MAE=0.018853 T_MAE=1.7273 K y_isob_MAE=0.017203 improved=no epoch_time=10.8s total_time=467.7s
[seed 4] [stage 2/3: joint VLE] [epoch 24/80] train_total=0.017620 val_score=0.592362 best=0.533849 P_MAE=3.0682 kPa y_iso_MAE=0.014546 T_MAE=1.8068 K y_isob_MAE=0.017732 improved=no epoch_time=10.7s total_time=478.4s
[seed 4] [stage 2/3: joint VLE] [epoch 25/80] train_total=0.019586 val_score=0.546317 best=0.533849 P_MAE=3.1839 kPa y_iso_MAE=0.018161 T_MAE=1.1293 K y_isob_MAE=0.014851 improved=no epoch_time=10.9s total_time=489.3s
[seed 4] [stage 2/3: joint VLE] [epoch 26/80] train_total=0.018182 val_score=0.597460 best=0.533849 P_MAE=3.3593 kPa y_iso_MAE=0.016475 T_MAE=1.5405 K y_isob_MAE=0.017278 improved=no epoch_time=10.9s total_time=500.2s
[seed 4] [stage 2/3: joint VLE] [epoch 27/80] train_total=0.017142 val_score=0.522670 best=0.522670 P_MAE=3.1236 kPa y_iso_MAE=0.015496 T_MAE=1.0755 K y_isob_MAE=0.015817 improved=yes epoch_time=10.9s total_time=511.1s
[seed 4] [stage 2/3: joint VLE] [epoch 28/80] train_total=0.016447 val_score=0.408497 best=0.408497 P_MAE=1.5555 kPa y_iso_MAE=0.014059 T_MAE=1.0813 K y_isob_MAE=0.013927 improved=yes epoch_time=10.7s total_time=521.8s
[seed 4] [stage 2/3: joint VLE] [epoch 29/80] train_total=0.017209 val_score=0.483774 best=0.408497 P_MAE=2.8495 kPa y_iso_MAE=0.013983 T_MAE=1.1304 K y_isob_MAE=0.013710 improved=no epoch_time=10.7s total_time=532.5s
[seed 4] [stage 2/3: joint VLE] [epoch 30/80] train_total=0.014846 val_score=0.440406 best=0.408497 P_MAE=2.3029 kPa y_iso_MAE=0.013227 T_MAE=0.9941 K y_isob_MAE=0.014559 improved=no epoch_time=11.1s total_time=543.6s
[seed 4] [stage 2/3: joint VLE] [epoch 31/80] train_total=0.014542 val_score=0.518925 best=0.408497 P_MAE=2.3607 kPa y_iso_MAE=0.018297 T_MAE=1.2960 K y_isob_MAE=0.015221 improved=no epoch_time=11.1s total_time=554.6s
[seed 4] [stage 2/3: joint VLE] [epoch 32/80] train_total=0.015607 val_score=0.453145 best=0.408497 P_MAE=2.2905 kPa y_iso_MAE=0.012988 T_MAE=1.1481 K y_isob_MAE=0.014750 improved=no epoch_time=10.9s total_time=565.5s
[seed 4] [stage 2/3: joint VLE] [epoch 33/80] train_total=0.013828 val_score=0.517687 best=0.408497 P_MAE=3.0667 kPa y_iso_MAE=0.013498 T_MAE=1.2782 K y_isob_MAE=0.015364 improved=no epoch_time=10.7s total_time=576.2s
[seed 4] [stage 2/3: joint VLE] [epoch 34/80] train_total=0.013534 val_score=0.590103 best=0.408497 P_MAE=3.6622 kPa y_iso_MAE=0.020031 T_MAE=1.1604 K y_isob_MAE=0.014602 improved=no epoch_time=10.7s total_time=586.9s
[seed 4] [stage 2/3: joint VLE] [epoch 35/80] train_total=0.012967 val_score=0.415958 best=0.408497 P_MAE=2.4795 kPa y_iso_MAE=0.012111 T_MAE=0.8869 K y_isob_MAE=0.012508 improved=no epoch_time=11.1s total_time=597.9s
[seed 4] [stage 2/3: joint VLE] [epoch 36/80] train_total=0.013345 val_score=0.474084 best=0.408497 P_MAE=3.0250 kPa y_iso_MAE=0.013744 T_MAE=0.9760 K y_isob_MAE=0.013237 improved=no epoch_time=10.8s total_time=608.7s
[seed 4] [stage 2/3: joint VLE] [epoch 37/80] train_total=0.012004 val_score=0.479780 best=0.408497 P_MAE=2.6809 kPa y_iso_MAE=0.015967 T_MAE=0.9999 K y_isob_MAE=0.013799 improved=no epoch_time=10.7s total_time=619.4s
[seed 4] [stage 2/3: joint VLE] [epoch 38/80] train_total=0.014601 val_score=0.431602 best=0.408497 P_MAE=2.1110 kPa y_iso_MAE=0.013422 T_MAE=1.0863 K y_isob_MAE=0.013478 improved=no epoch_time=10.7s total_time=630.1s
[seed 4] [stage 2/3: joint VLE] [epoch 39/80] train_total=0.014143 val_score=0.491236 best=0.408497 P_MAE=2.7388 kPa y_iso_MAE=0.015566 T_MAE=1.1896 K y_isob_MAE=0.013028 improved=no epoch_time=10.8s total_time=640.9s
[seed 4] [stage 2/3: joint VLE] [epoch 40/80] train_total=0.013192 val_score=0.514772 best=0.408497 P_MAE=3.0863 kPa y_iso_MAE=0.015020 T_MAE=1.1635 K y_isob_MAE=0.014498 improved=no epoch_time=10.8s total_time=651.7s
{"direct_ge_parameter_summary": {"stage1_trainable_parameters": 1977601, "stage2_trainable_parameters": 2015043, "stage3": {"groups": [{"learning_rate": 2e-05, "name": "pair_potential", "parameter_count": 110977, "parameter_names": ["pair_potential.0.weight", "pair_potential.0.bias", "pair_potential.2.weight", "pair_potential.2.bias"]}, {"learning_rate": 1e-05, "name": "vapor_pressure", "parameter_count": 37442, "parameter_names": ["vapor_pressure.parameter_head.0.weight", "vapor_pressure.parameter_head.0.bias", "vapor_pressure.parameter_head.2.weight", "vapor_pressure.parameter_head.2.bias"]}, {"learning_rate": 5e-06, "name": "film", "parameter_count": 111744, "parameter_names": ["film.0.weight", "film.0.bias", "film.2.weight", "film.2.bias"]}, {"learning_rate": 5e-06, "name": "mixture_token", "parameter_count": 192, "parameter_names": ["mixture_token"]}], "total_parameters": 2015043, "trainable_fraction": 0.1292056794817778, "trainable_parameters": 260355}, "total_parameters": 2015043, "trainable_fraction": 0.1292056794817778, "trainable_parameters": 260355}}
[seed 4] [stage 3/3: fugacity] starting 10 epoch(s)
[seed 4] [stage 3/3: fugacity] [epoch 1/10] train_total=0.012709 val_score=0.440611 best=0.440611 P_MAE=2.2512 kPa y_iso_MAE=0.014354 T_MAE=0.9829 K y_isob_MAE=0.013835 improved=yes epoch_time=10.5s total_time=662.3s
[seed 4] [stage 3/3: fugacity] [epoch 2/10] train_total=0.011778 val_score=0.450174 best=0.440611 P_MAE=2.3489 kPa y_iso_MAE=0.014585 T_MAE=1.0006 K y_isob_MAE=0.013899 improved=no epoch_time=10.6s total_time=672.8s
[seed 4] [stage 3/3: fugacity] [epoch 3/10] train_total=0.011494 val_score=0.445491 best=0.440611 P_MAE=2.3878 kPa y_iso_MAE=0.014052 T_MAE=0.9736 K y_isob_MAE=0.013911 improved=no epoch_time=10.5s total_time=683.3s
[seed 4] [stage 3/3: fugacity] [epoch 4/10] train_total=0.011203 val_score=0.438598 best=0.438598 P_MAE=2.3467 kPa y_iso_MAE=0.013648 T_MAE=0.9568 K y_isob_MAE=0.013961 improved=yes epoch_time=10.5s total_time=693.8s
[seed 4] [stage 3/3: fugacity] [epoch 5/10] train_total=0.011337 val_score=0.446342 best=0.438598 P_MAE=2.3639 kPa y_iso_MAE=0.014267 T_MAE=0.9732 K y_isob_MAE=0.013967 improved=no epoch_time=10.6s total_time=704.4s
[seed 4] [stage 3/3: fugacity] [epoch 6/10] train_total=0.010986 val_score=0.435960 best=0.435960 P_MAE=2.2525 kPa y_iso_MAE=0.014172 T_MAE=0.9444 K y_isob_MAE=0.013876 improved=yes epoch_time=10.4s total_time=714.8s
[seed 4] [stage 3/3: fugacity] [epoch 7/10] train_total=0.010895 val_score=0.439227 best=0.435960 P_MAE=2.3966 kPa y_iso_MAE=0.013910 T_MAE=0.9211 K y_isob_MAE=0.013805 improved=no epoch_time=10.4s total_time=725.2s
[seed 4] [stage 3/3: fugacity] [epoch 8/10] train_total=0.010937 val_score=0.433627 best=0.433627 P_MAE=2.2946 kPa y_iso_MAE=0.013928 T_MAE=0.9261 K y_isob_MAE=0.013746 improved=yes epoch_time=10.6s total_time=735.8s
[seed 4] [stage 3/3: fugacity] [epoch 9/10] train_total=0.010728 val_score=0.432130 best=0.432130 P_MAE=2.2665 kPa y_iso_MAE=0.014044 T_MAE=0.9127 K y_isob_MAE=0.013790 improved=yes epoch_time=10.5s total_time=746.3s
[seed 4] [stage 3/3: fugacity] [epoch 10/10] train_total=0.010734 val_score=0.433460 best=0.432130 P_MAE=2.3117 kPa y_iso_MAE=0.013845 T_MAE=0.9125 K y_isob_MAE=0.013854 improved=no epoch_time=10.6s total_time=756.9s
{"protocol": "vle_binary_state_temperature_low_extrapolation", "seed": 4, "manifest": "D:\\VLE\\VLE\\thermoformer_project\\runs\\phase_equilibrium\\v1\\vle\\three\\results\\thermoformer_vle_three_stage.on.vle_binary_state_temperature_low_extrapolation\\seed_4\\manifest.json"}

$ E:\anaconda\envs\ggnn39\python.exe scripts/run_vle_benchmarks.py --protocol vle_binary_state_temperature_low_extrapolation --seeds 0 1 2 3 4 --output D:\VLE\VLE\phase_equilibrium\runs\phase_equilibrium\v1 --device cuda
