[stage experimental] starting 80 epoch(s)
[stage experimental] [epoch 1/80] train_total=0.820342 val_total=0.133841 best=0.133841 improved=yes epoch_time=2.1s total_time=2.1s
[stage experimental] [epoch 2/80] train_total=0.119904 val_total=0.054050 best=0.054050 improved=yes epoch_time=1.8s total_time=3.9s
[stage experimental] [epoch 3/80] train_total=0.075439 val_total=0.066436 best=0.054050 improved=no epoch_time=1.8s total_time=5.7s
[stage experimental] [epoch 4/80] train_total=0.050578 val_total=0.032129 best=0.032129 improved=yes epoch_time=1.8s total_time=7.5s
[stage experimental] [epoch 5/80] train_total=0.057141 val_total=0.029063 best=0.029063 improved=yes epoch_time=1.8s total_time=9.4s
[stage experimental] [epoch 6/80] train_total=0.048966 val_total=0.024928 best=0.024928 improved=yes epoch_time=1.8s total_time=11.2s
[stage experimental] [epoch 7/80] train_total=0.046852 val_total=0.031430 best=0.024928 improved=no epoch_time=1.8s total_time=13.0s
[stage experimental] [epoch 8/80] train_total=0.047972 val_total=0.030975 best=0.024928 improved=no epoch_time=1.8s total_time=14.8s
[stage experimental] [epoch 9/80] train_total=0.042939 val_total=0.022865 best=0.022865 improved=yes epoch_time=1.8s total_time=16.6s
[stage experimental] [epoch 10/80] train_total=0.038100 val_total=0.019759 best=0.019759 improved=yes epoch_time=1.8s total_time=18.3s
[stage experimental] [epoch 11/80] train_total=0.041118 val_total=0.021800 best=0.019759 improved=no epoch_time=1.9s total_time=20.2s
[stage experimental] [epoch 12/80] train_total=0.042427 val_total=0.024449 best=0.019759 improved=no epoch_time=1.8s total_time=22.0s
[stage experimental] [epoch 13/80] train_total=0.035036 val_total=0.025642 best=0.019759 improved=no epoch_time=1.8s total_time=23.8s
[stage experimental] [epoch 14/80] train_total=0.032742 val_total=0.025384 best=0.019759 improved=no epoch_time=1.8s total_time=25.6s
[stage experimental] [epoch 15/80] train_total=0.034704 val_total=0.024583 best=0.019759 improved=no epoch_time=1.8s total_time=27.4s
[stage experimental] [epoch 16/80] train_total=0.031803 val_total=0.027186 best=0.019759 improved=no epoch_time=1.7s total_time=29.1s
[stage experimental] [epoch 17/80] train_total=0.035992 val_total=0.018148 best=0.018148 improved=yes epoch_time=1.7s total_time=30.9s
[stage experimental] [epoch 18/80] train_total=0.034567 val_total=0.023115 best=0.018148 improved=no epoch_time=1.8s total_time=32.6s
[stage experimental] [epoch 19/80] train_total=0.027975 val_total=0.019635 best=0.018148 improved=no epoch_time=1.8s total_time=34.4s
[stage experimental] [epoch 20/80] train_total=0.031209 val_total=0.026353 best=0.018148 improved=no epoch_time=1.8s total_time=36.2s
[stage experimental] [epoch 21/80] train_total=0.024923 val_total=0.020789 best=0.018148 improved=no epoch_time=1.8s total_time=38.0s
[stage experimental] [epoch 22/80] train_total=0.025221 val_total=0.014588 best=0.014588 improved=yes epoch_time=1.9s total_time=39.9s
[stage experimental] [epoch 23/80] train_total=0.024669 val_total=0.018517 best=0.014588 improved=no epoch_time=1.9s total_time=41.8s
[stage experimental] [epoch 24/80] train_total=0.022898 val_total=0.024470 best=0.014588 improved=no epoch_time=1.9s total_time=43.7s
[stage experimental] [epoch 25/80] train_total=0.021369 val_total=0.009371 best=0.009371 improved=yes epoch_time=2.0s total_time=45.7s
[stage experimental] [epoch 26/80] train_total=0.022200 val_total=0.008476 best=0.008476 improved=yes epoch_time=1.9s total_time=47.5s
[stage experimental] [epoch 27/80] train_total=0.020250 val_total=0.012775 best=0.008476 improved=no epoch_time=2.1s total_time=49.6s
[stage experimental] [epoch 28/80] train_total=0.017625 val_total=0.010598 best=0.008476 improved=no epoch_time=1.9s total_time=51.5s
[stage experimental] [epoch 29/80] train_total=0.018054 val_total=0.018666 best=0.008476 improved=no epoch_time=1.9s total_time=53.4s
[stage experimental] [epoch 30/80] train_total=0.019297 val_total=0.009339 best=0.008476 improved=no epoch_time=1.9s total_time=55.3s
[stage experimental] [epoch 31/80] train_total=0.016397 val_total=0.007425 best=0.007425 improved=yes epoch_time=1.8s total_time=57.2s
[stage experimental] [epoch 32/80] train_total=0.017040 val_total=0.011778 best=0.007425 improved=no epoch_time=1.9s total_time=59.0s
[stage experimental] [epoch 33/80] train_total=0.017711 val_total=0.006697 best=0.006697 improved=yes epoch_time=1.8s total_time=60.8s
[stage experimental] [epoch 34/80] train_total=0.015241 val_total=0.006220 best=0.006220 improved=yes epoch_time=1.9s total_time=62.7s
[stage experimental] [epoch 35/80] train_total=0.015897 val_total=0.010069 best=0.006220 improved=no epoch_time=1.9s total_time=64.7s
[stage experimental] [epoch 36/80] train_total=0.017395 val_total=0.008951 best=0.006220 improved=no epoch_time=1.9s total_time=66.5s
[stage experimental] [epoch 37/80] train_total=0.014656 val_total=0.007794 best=0.006220 improved=no epoch_time=1.9s total_time=68.4s
[stage experimental] [epoch 38/80] train_total=0.013843 val_total=0.008127 best=0.006220 improved=no epoch_time=1.9s total_time=70.3s
[stage experimental] [epoch 39/80] train_total=0.012807 val_total=0.013395 best=0.006220 improved=no epoch_time=1.9s total_time=72.1s
[stage experimental] [epoch 40/80] train_total=0.014700 val_total=0.008718 best=0.006220 improved=no epoch_time=1.8s total_time=73.9s
[stage experimental] [epoch 41/80] train_total=0.014613 val_total=0.009043 best=0.006220 improved=no epoch_time=1.8s total_time=75.8s
[stage experimental] [epoch 42/80] train_total=0.012288 val_total=0.005950 best=0.005950 improved=yes epoch_time=1.9s total_time=77.6s
[stage experimental] [epoch 43/80] train_total=0.010652 val_total=0.006013 best=0.005950 improved=no epoch_time=1.9s total_time=79.5s
[stage experimental] [epoch 44/80] train_total=0.011031 val_total=0.005625 best=0.005625 improved=yes epoch_time=1.8s total_time=81.4s
[stage experimental] [epoch 45/80] train_total=0.011200 val_total=0.010721 best=0.005625 improved=no epoch_time=2.0s total_time=83.3s
[stage experimental] [epoch 46/80] train_total=0.011283 val_total=0.004190 best=0.004190 improved=yes epoch_time=1.8s total_time=85.2s
[stage experimental] [epoch 47/80] train_total=0.010122 val_total=0.004360 best=0.004190 improved=no epoch_time=1.9s total_time=87.1s
[stage experimental] [epoch 48/80] train_total=0.009544 val_total=0.003876 best=0.003876 improved=yes epoch_time=1.9s total_time=89.0s
[stage experimental] [epoch 49/80] train_total=0.009474 val_total=0.006557 best=0.003876 improved=no epoch_time=1.8s total_time=90.8s
[stage experimental] [epoch 50/80] train_total=0.008582 val_total=0.006007 best=0.003876 improved=no epoch_time=2.0s total_time=92.7s
[stage experimental] [epoch 51/80] train_total=0.009597 val_total=0.008823 best=0.003876 improved=no epoch_time=1.9s total_time=94.7s
[stage experimental] [epoch 52/80] train_total=0.016407 val_total=0.009756 best=0.003876 improved=no epoch_time=1.8s total_time=96.5s
[stage experimental] [epoch 53/80] train_total=0.011481 val_total=0.011083 best=0.003876 improved=no epoch_time=1.9s total_time=98.4s
[stage experimental] [epoch 54/80] train_total=0.010614 val_total=0.005772 best=0.003876 improved=no epoch_time=1.9s total_time=100.2s
[stage experimental] [epoch 55/80] train_total=0.007822 val_total=0.007839 best=0.003876 improved=no epoch_time=1.9s total_time=102.1s
[stage experimental] [epoch 56/80] train_total=0.008676 val_total=0.005638 best=0.003876 improved=no epoch_time=1.8s total_time=103.9s
[stage experimental] [epoch 57/80] train_total=0.009929 val_total=0.005271 best=0.003876 improved=no epoch_time=2.0s total_time=106.0s
[stage experimental] [epoch 58/80] train_total=0.009381 val_total=0.006259 best=0.003876 improved=no epoch_time=2.0s total_time=108.0s
[stage experimental] [epoch 59/80] train_total=0.010242 val_total=0.005806 best=0.003876 improved=no epoch_time=2.0s total_time=110.0s
[stage experimental] [epoch 60/80] train_total=0.008334 val_total=0.006944 best=0.003876 improved=no epoch_time=1.8s total_time=111.8s
[stage experimental] early stopping at epoch 60; best_validation=0.003876
[seed 0] [stage 1/3: direct GE] starting 20 epoch(s)
[seed 0] [stage 1/3: direct GE] [epoch 1/20] train_total=0.005491 val_score=1.425198 best=1.425198 P_MAE=2.9634 kPa y_iso_MAE=0.016685 T_MAE=1.9750 K y_isob_MAE=0.031037 improved=yes epoch_time=10.6s total_time=19.5s
[seed 0] [stage 1/3: direct GE] [epoch 2/20] train_total=0.004118 val_score=1.480713 best=1.425198 P_MAE=3.3424 kPa y_iso_MAE=0.015319 T_MAE=1.9467 K y_isob_MAE=0.035310 improved=no epoch_time=10.7s total_time=30.3s
[seed 0] [stage 1/3: direct GE] [epoch 3/20] train_total=0.003824 val_score=1.383446 best=1.383446 P_MAE=3.0211 kPa y_iso_MAE=0.013781 T_MAE=1.9250 K y_isob_MAE=0.032886 improved=yes epoch_time=11.0s total_time=41.2s
[seed 0] [stage 1/3: direct GE] [epoch 4/20] train_total=0.003746 val_score=1.443436 best=1.383446 P_MAE=3.0090 kPa y_iso_MAE=0.013783 T_MAE=2.1389 K y_isob_MAE=0.034251 improved=no epoch_time=11.1s total_time=52.3s
[seed 0] [stage 1/3: direct GE] [epoch 5/20] train_total=0.004125 val_score=1.665863 best=1.383446 P_MAE=3.2933 kPa y_iso_MAE=0.014210 T_MAE=2.7565 K y_isob_MAE=0.038789 improved=no epoch_time=10.6s total_time=63.0s
[seed 0] [stage 1/3: direct GE] [epoch 6/20] train_total=0.003800 val_score=1.418718 best=1.383446 P_MAE=2.7385 kPa y_iso_MAE=0.011561 T_MAE=2.2651 K y_isob_MAE=0.036160 improved=no epoch_time=10.3s total_time=73.3s
[seed 0] [stage 1/3: direct GE] [epoch 7/20] train_total=0.003530 val_score=1.493709 best=1.383446 P_MAE=2.7909 kPa y_iso_MAE=0.012805 T_MAE=2.3797 K y_isob_MAE=0.037921 improved=no epoch_time=10.4s total_time=83.7s
[seed 0] [stage 1/3: direct GE] [epoch 8/20] train_total=0.003423 val_score=1.643106 best=1.383446 P_MAE=3.4142 kPa y_iso_MAE=0.015142 T_MAE=2.5141 K y_isob_MAE=0.038565 improved=no epoch_time=10.4s total_time=94.1s
[seed 0] [stage 1/3: direct GE] [epoch 9/20] train_total=0.003571 val_score=1.656384 best=1.383446 P_MAE=3.4290 kPa y_iso_MAE=0.014731 T_MAE=2.6086 K y_isob_MAE=0.038545 improved=no epoch_time=10.9s total_time=105.0s
[seed 0] [stage 1/3: direct GE] [epoch 10/20] train_total=0.003499 val_score=1.760967 best=1.383446 P_MAE=3.6106 kPa y_iso_MAE=0.016553 T_MAE=2.8497 K y_isob_MAE=0.038294 improved=no epoch_time=11.4s total_time=116.4s
[seed 0] [stage 1/3: direct GE] [epoch 11/20] train_total=0.003520 val_score=1.637104 best=1.383446 P_MAE=3.3072 kPa y_iso_MAE=0.016071 T_MAE=2.5577 K y_isob_MAE=0.036583 improved=no epoch_time=11.1s total_time=127.6s
[seed 0] [stage 1/3: direct GE] [epoch 12/20] train_total=0.003411 val_score=1.826527 best=1.383446 P_MAE=3.5526 kPa y_iso_MAE=0.016969 T_MAE=2.8974 K y_isob_MAE=0.042977 improved=no epoch_time=11.3s total_time=138.9s
[seed 0] [stage 1/3: direct GE] [epoch 13/20] train_total=0.003397 val_score=1.800277 best=1.383446 P_MAE=3.7923 kPa y_iso_MAE=0.014032 T_MAE=3.0746 K y_isob_MAE=0.040265 improved=no epoch_time=11.4s total_time=150.3s
[seed 0] [stage 1/3: direct GE] [epoch 14/20] train_total=0.003303 val_score=1.609786 best=1.383446 P_MAE=2.9106 kPa y_iso_MAE=0.015531 T_MAE=2.7248 K y_isob_MAE=0.035709 improved=no epoch_time=11.2s total_time=161.5s
[seed 0] [stage 1/3: direct GE] [epoch 15/20] train_total=0.003343 val_score=1.797598 best=1.383446 P_MAE=3.9045 kPa y_iso_MAE=0.014137 T_MAE=3.0612 K y_isob_MAE=0.039042 improved=no epoch_time=11.2s total_time=172.7s
[seed 0] [stage 1/3: direct GE] [epoch 16/20] train_total=0.003161 val_score=1.764958 best=1.383446 P_MAE=3.4352 kPa y_iso_MAE=0.013898 T_MAE=3.1291 K y_isob_MAE=0.039719 improved=no epoch_time=11.4s total_time=184.1s
[seed 0] [stage 1/3: direct GE] [epoch 17/20] train_total=0.003180 val_score=1.742037 best=1.383446 P_MAE=3.5836 kPa y_iso_MAE=0.014409 T_MAE=2.9377 K y_isob_MAE=0.039008 improved=no epoch_time=10.6s total_time=194.7s
[seed 0] [stage 1/3: direct GE] [epoch 18/20] train_total=0.003314 val_score=1.936660 best=1.383446 P_MAE=4.0047 kPa y_iso_MAE=0.017052 T_MAE=3.2893 K y_isob_MAE=0.040908 improved=no epoch_time=10.3s total_time=205.0s
[seed 0] [stage 1/3: direct GE] [epoch 19/20] train_total=0.003182 val_score=1.705355 best=1.383446 P_MAE=2.8757 kPa y_iso_MAE=0.014218 T_MAE=3.0374 K y_isob_MAE=0.040885 improved=no epoch_time=10.6s total_time=215.6s
[seed 0] [stage 1/3: direct GE] [epoch 20/20] train_total=0.003284 val_score=1.736733 best=1.383446 P_MAE=3.8871 kPa y_iso_MAE=0.016314 T_MAE=2.6202 K y_isob_MAE=0.038305 improved=no epoch_time=11.2s total_time=226.8s
[seed 0] [stage 2/3: joint VLE] starting 80 epoch(s)
[seed 0] [stage 2/3: joint VLE] [epoch 1/80] train_total=0.020529 val_score=2.005418 best=2.005418 P_MAE=5.6638 kPa y_iso_MAE=0.019520 T_MAE=2.7890 K y_isob_MAE=0.036446 improved=yes epoch_time=11.9s total_time=238.7s
[seed 0] [stage 2/3: joint VLE] [epoch 2/80] train_total=0.024454 val_score=1.688171 best=1.688171 P_MAE=4.4113 kPa y_iso_MAE=0.018982 T_MAE=2.2920 K y_isob_MAE=0.030578 improved=yes epoch_time=12.0s total_time=250.8s
[seed 0] [stage 2/3: joint VLE] [epoch 3/80] train_total=0.018720 val_score=1.536953 best=1.536953 P_MAE=4.6206 kPa y_iso_MAE=0.016363 T_MAE=1.8415 K y_isob_MAE=0.028401 improved=yes epoch_time=11.2s total_time=262.0s
[seed 0] [stage 2/3: joint VLE] [epoch 4/80] train_total=0.020015 val_score=1.573997 best=1.536953 P_MAE=5.0665 kPa y_iso_MAE=0.015631 T_MAE=1.8718 K y_isob_MAE=0.028196 improved=no epoch_time=11.2s total_time=273.2s
[seed 0] [stage 2/3: joint VLE] [epoch 5/80] train_total=0.016218 val_score=1.258843 best=1.258843 P_MAE=3.1037 kPa y_iso_MAE=0.012755 T_MAE=1.6186 K y_isob_MAE=0.028716 improved=yes epoch_time=12.6s total_time=285.9s
[seed 0] [stage 2/3: joint VLE] [epoch 6/80] train_total=0.014619 val_score=1.116423 best=1.116423 P_MAE=3.1829 kPa y_iso_MAE=0.012091 T_MAE=1.2355 K y_isob_MAE=0.023817 improved=yes epoch_time=11.6s total_time=297.5s
[seed 0] [stage 2/3: joint VLE] [epoch 7/80] train_total=0.012563 val_score=1.307458 best=1.116423 P_MAE=3.7035 kPa y_iso_MAE=0.014184 T_MAE=1.5413 K y_isob_MAE=0.026301 improved=no epoch_time=11.9s total_time=309.4s
[seed 0] [stage 2/3: joint VLE] [epoch 8/80] train_total=0.012290 val_score=1.338965 best=1.116423 P_MAE=4.4867 kPa y_iso_MAE=0.013339 T_MAE=1.4048 K y_isob_MAE=0.025780 improved=no epoch_time=11.4s total_time=320.8s
[seed 0] [stage 2/3: joint VLE] [epoch 9/80] train_total=0.011619 val_score=1.185170 best=1.116423 P_MAE=4.0416 kPa y_iso_MAE=0.012343 T_MAE=1.2288 K y_isob_MAE=0.021489 improved=no epoch_time=11.4s total_time=332.2s
[seed 0] [stage 2/3: joint VLE] [epoch 10/80] train_total=0.012796 val_score=0.983337 best=0.983337 P_MAE=2.0193 kPa y_iso_MAE=0.011663 T_MAE=1.2994 K y_isob_MAE=0.022577 improved=yes epoch_time=11.3s total_time=343.5s
[seed 0] [stage 2/3: joint VLE] [epoch 11/80] train_total=0.013699 val_score=1.210636 best=0.983337 P_MAE=2.9759 kPa y_iso_MAE=0.013341 T_MAE=1.5234 K y_isob_MAE=0.026431 improved=no epoch_time=11.4s total_time=354.9s
[seed 0] [stage 2/3: joint VLE] [epoch 12/80] train_total=0.012796 val_score=1.305277 best=0.983337 P_MAE=4.0527 kPa y_iso_MAE=0.013602 T_MAE=1.5043 K y_isob_MAE=0.024552 improved=no epoch_time=12.2s total_time=367.1s
[seed 0] [stage 2/3: joint VLE] [epoch 13/80] train_total=0.013031 val_score=1.043174 best=0.983337 P_MAE=2.8215 kPa y_iso_MAE=0.012462 T_MAE=1.1358 K y_isob_MAE=0.021984 improved=no epoch_time=12.4s total_time=379.4s
[seed 0] [stage 2/3: joint VLE] [epoch 14/80] train_total=0.011412 val_score=1.071685 best=0.983337 P_MAE=2.5874 kPa y_iso_MAE=0.012316 T_MAE=1.3620 K y_isob_MAE=0.022691 improved=no epoch_time=12.4s total_time=391.8s
[seed 0] [stage 2/3: joint VLE] [epoch 15/80] train_total=0.011911 val_score=1.441287 best=0.983337 P_MAE=5.4966 kPa y_iso_MAE=0.015818 T_MAE=1.3231 K y_isob_MAE=0.022471 improved=no epoch_time=12.6s total_time=404.4s
[seed 0] [stage 2/3: joint VLE] [epoch 16/80] train_total=0.011941 val_score=1.300586 best=0.983337 P_MAE=4.2677 kPa y_iso_MAE=0.012823 T_MAE=1.5131 K y_isob_MAE=0.023330 improved=no epoch_time=12.3s total_time=416.7s
[seed 0] [stage 2/3: joint VLE] [epoch 17/80] train_total=0.012132 val_score=1.100454 best=0.983337 P_MAE=3.4388 kPa y_iso_MAE=0.011827 T_MAE=1.1044 K y_isob_MAE=0.022942 improved=no epoch_time=12.2s total_time=428.9s
[seed 0] [stage 2/3: joint VLE] [epoch 18/80] train_total=0.010784 val_score=1.350462 best=0.983337 P_MAE=4.5471 kPa y_iso_MAE=0.011275 T_MAE=1.6848 K y_isob_MAE=0.024598 improved=no epoch_time=11.6s total_time=440.4s
[seed 0] [stage 2/3: joint VLE] [epoch 19/80] train_total=0.010926 val_score=1.181211 best=0.983337 P_MAE=2.9859 kPa y_iso_MAE=0.013219 T_MAE=1.4444 K y_isob_MAE=0.025448 improved=no epoch_time=11.4s total_time=451.9s
[seed 0] [stage 2/3: joint VLE] [epoch 20/80] train_total=0.012595 val_score=1.110710 best=0.983337 P_MAE=3.7218 kPa y_iso_MAE=0.011958 T_MAE=1.1058 K y_isob_MAE=0.020931 improved=no epoch_time=11.7s total_time=463.6s
[seed 0] [stage 2/3: joint VLE] [epoch 21/80] train_total=0.012489 val_score=1.314132 best=0.983337 P_MAE=3.9161 kPa y_iso_MAE=0.013805 T_MAE=1.5613 K y_isob_MAE=0.025183 improved=no epoch_time=11.3s total_time=474.8s
[seed 0] [stage 2/3: joint VLE] [epoch 22/80] train_total=0.012723 val_score=1.161022 best=0.983337 P_MAE=3.3100 kPa y_iso_MAE=0.011148 T_MAE=1.4792 K y_isob_MAE=0.023628 improved=no epoch_time=11.3s total_time=486.1s
{"direct_ge_parameter_summary": {"stage1_trainable_parameters": 1977601, "stage2_trainable_parameters": 2015043, "stage3": {"groups": [{"learning_rate": 2e-05, "name": "pair_potential", "parameter_count": 110977, "parameter_names": ["pair_potential.0.weight", "pair_potential.0.bias", "pair_potential.2.weight", "pair_potential.2.bias"]}, {"learning_rate": 1e-05, "name": "vapor_pressure", "parameter_count": 37442, "parameter_names": ["vapor_pressure.parameter_head.0.weight", "vapor_pressure.parameter_head.0.bias", "vapor_pressure.parameter_head.2.weight", "vapor_pressure.parameter_head.2.bias"]}, {"learning_rate": 5e-06, "name": "film", "parameter_count": 111744, "parameter_names": ["film.0.weight", "film.0.bias", "film.2.weight", "film.2.bias"]}, {"learning_rate": 5e-06, "name": "mixture_token", "parameter_count": 192, "parameter_names": ["mixture_token"]}], "total_parameters": 2015043, "trainable_fraction": 0.1292056794817778, "trainable_parameters": 260355}, "total_parameters": 2015043, "trainable_fraction": 0.1292056794817778, "trainable_parameters": 260355}}
[seed 0] [stage 3/3: fugacity] starting 10 epoch(s)
[seed 0] [stage 3/3: fugacity] [epoch 1/10] train_total=0.010042 val_score=0.994798 best=0.994798 P_MAE=2.8690 kPa y_iso_MAE=0.010863 T_MAE=1.1223 K y_isob_MAE=0.020356 improved=yes epoch_time=11.4s total_time=497.5s
[seed 0] [stage 3/3: fugacity] [epoch 2/10] train_total=0.009289 val_score=1.014608 best=0.994798 P_MAE=3.0907 kPa y_iso_MAE=0.010734 T_MAE=1.0954 K y_isob_MAE=0.020751 improved=no epoch_time=11.9s total_time=509.5s
[seed 0] [stage 3/3: fugacity] [epoch 3/10] train_total=0.008940 val_score=0.997902 best=0.994798 P_MAE=2.9628 kPa y_iso_MAE=0.010438 T_MAE=1.1023 K y_isob_MAE=0.020874 improved=no epoch_time=12.1s total_time=521.6s
[seed 0] [stage 3/3: fugacity] [epoch 4/10] train_total=0.009079 val_score=0.988309 best=0.988309 P_MAE=2.9934 kPa y_iso_MAE=0.010349 T_MAE=1.0591 K y_isob_MAE=0.020711 improved=yes epoch_time=11.9s total_time=533.5s
[seed 0] [stage 3/3: fugacity] [epoch 5/10] train_total=0.008995 val_score=0.960934 best=0.960934 P_MAE=2.7202 kPa y_iso_MAE=0.010437 T_MAE=1.0542 K y_isob_MAE=0.020803 improved=yes epoch_time=11.9s total_time=545.4s
[seed 0] [stage 3/3: fugacity] [epoch 6/10] train_total=0.008826 val_score=1.020471 best=0.960934 P_MAE=3.2610 kPa y_iso_MAE=0.010346 T_MAE=1.0673 K y_isob_MAE=0.020882 improved=no epoch_time=12.0s total_time=557.4s
[seed 0] [stage 3/3: fugacity] [epoch 7/10] train_total=0.008667 val_score=1.006166 best=0.960934 P_MAE=3.1339 kPa y_iso_MAE=0.010351 T_MAE=1.0649 K y_isob_MAE=0.020853 improved=no epoch_time=11.4s total_time=568.9s
[seed 0] [stage 3/3: fugacity] [epoch 8/10] train_total=0.008448 val_score=0.981599 best=0.960934 P_MAE=2.9347 kPa y_iso_MAE=0.010271 T_MAE=1.0570 K y_isob_MAE=0.020850 improved=no epoch_time=11.1s total_time=579.9s
[seed 0] [stage 3/3: fugacity] [epoch 9/10] train_total=0.008357 val_score=0.984610 best=0.960934 P_MAE=3.0292 kPa y_iso_MAE=0.010160 T_MAE=1.0376 K y_isob_MAE=0.020788 improved=no epoch_time=11.2s total_time=591.1s
[seed 0] [stage 3/3: fugacity] [epoch 10/10] train_total=0.008743 val_score=1.004771 best=0.960934 P_MAE=3.1743 kPa y_iso_MAE=0.010172 T_MAE=1.0551 K y_isob_MAE=0.020848 improved=no epoch_time=11.9s total_time=603.0s
{"protocol": "vle_binary_state_temperature_high_extrapolation", "seed": 0, "manifest": "D:\\VLE\\VLE\\thermoformer_project\\runs\\phase_equilibrium\\v1\\vle\\three\\results\\thermoformer_vle_three_stage.on.vle_binary_state_temperature_high_extrapolation\\seed_0\\manifest.json"}
[stage experimental] starting 80 epoch(s)
[stage experimental] [epoch 1/80] train_total=0.843920 val_total=0.144835 best=0.144835 improved=yes epoch_time=1.9s total_time=1.9s
[stage experimental] [epoch 2/80] train_total=0.114196 val_total=0.098758 best=0.098758 improved=yes epoch_time=1.9s total_time=3.8s
[stage experimental] [epoch 3/80] train_total=0.071237 val_total=0.039951 best=0.039951 improved=yes epoch_time=1.7s total_time=5.5s
[stage experimental] [epoch 4/80] train_total=0.059415 val_total=0.035529 best=0.035529 improved=yes epoch_time=1.8s total_time=7.4s
[stage experimental] [epoch 5/80] train_total=0.055925 val_total=0.048958 best=0.035529 improved=no epoch_time=1.9s total_time=9.3s
[stage experimental] [epoch 6/80] train_total=0.043553 val_total=0.026020 best=0.026020 improved=yes epoch_time=1.9s total_time=11.1s
[stage experimental] [epoch 7/80] train_total=0.045848 val_total=0.027892 best=0.026020 improved=no epoch_time=1.9s total_time=13.0s
[stage experimental] [epoch 8/80] train_total=0.047194 val_total=0.030134 best=0.026020 improved=no epoch_time=1.8s total_time=14.8s
[stage experimental] [epoch 9/80] train_total=0.046786 val_total=0.026236 best=0.026020 improved=no epoch_time=1.8s total_time=16.5s
[stage experimental] [epoch 10/80] train_total=0.041925 val_total=0.024168 best=0.024168 improved=yes epoch_time=1.8s total_time=18.4s
[stage experimental] [epoch 11/80] train_total=0.037326 val_total=0.023080 best=0.023080 improved=yes epoch_time=1.9s total_time=20.2s
[stage experimental] [epoch 12/80] train_total=0.040297 val_total=0.023651 best=0.023080 improved=no epoch_time=1.8s total_time=22.1s
[stage experimental] [epoch 13/80] train_total=0.041231 val_total=0.026248 best=0.023080 improved=no epoch_time=1.8s total_time=23.9s
[stage experimental] [epoch 14/80] train_total=0.037976 val_total=0.018154 best=0.018154 improved=yes epoch_time=1.8s total_time=25.7s
[stage experimental] [epoch 15/80] train_total=0.032866 val_total=0.018179 best=0.018154 improved=no epoch_time=1.8s total_time=27.5s
[stage experimental] [epoch 16/80] train_total=0.034994 val_total=0.019792 best=0.018154 improved=no epoch_time=1.8s total_time=29.3s
[stage experimental] [epoch 17/80] train_total=0.040029 val_total=0.024739 best=0.018154 improved=no epoch_time=1.9s total_time=31.2s
[stage experimental] [epoch 18/80] train_total=0.035870 val_total=0.020778 best=0.018154 improved=no epoch_time=1.8s total_time=33.0s
[stage experimental] [epoch 19/80] train_total=0.032113 val_total=0.019659 best=0.018154 improved=no epoch_time=1.8s total_time=34.8s
[stage experimental] [epoch 20/80] train_total=0.028450 val_total=0.036426 best=0.018154 improved=no epoch_time=1.7s total_time=36.6s
[stage experimental] [epoch 21/80] train_total=0.029536 val_total=0.013809 best=0.013809 improved=yes epoch_time=1.9s total_time=38.5s
[stage experimental] [epoch 22/80] train_total=0.025688 val_total=0.015013 best=0.013809 improved=no epoch_time=1.8s total_time=40.3s
[stage experimental] [epoch 23/80] train_total=0.028751 val_total=0.021144 best=0.013809 improved=no epoch_time=1.9s total_time=42.1s
[stage experimental] [epoch 24/80] train_total=0.025152 val_total=0.016531 best=0.013809 improved=no epoch_time=1.8s total_time=43.9s
[stage experimental] [epoch 25/80] train_total=0.026615 val_total=0.015423 best=0.013809 improved=no epoch_time=1.8s total_time=45.8s
[stage experimental] [epoch 26/80] train_total=0.024288 val_total=0.009581 best=0.009581 improved=yes epoch_time=1.8s total_time=47.5s
[stage experimental] [epoch 27/80] train_total=0.022743 val_total=0.010696 best=0.009581 improved=no epoch_time=1.8s total_time=49.4s
[stage experimental] [epoch 28/80] train_total=0.021533 val_total=0.008299 best=0.008299 improved=yes epoch_time=2.0s total_time=51.3s
[stage experimental] [epoch 29/80] train_total=0.021900 val_total=0.006810 best=0.006810 improved=yes epoch_time=1.9s total_time=53.2s
[stage experimental] [epoch 30/80] train_total=0.019881 val_total=0.011429 best=0.006810 improved=no epoch_time=1.8s total_time=55.0s
[stage experimental] [epoch 31/80] train_total=0.019239 val_total=0.012391 best=0.006810 improved=no epoch_time=1.8s total_time=56.8s
[stage experimental] [epoch 32/80] train_total=0.017143 val_total=0.011825 best=0.006810 improved=no epoch_time=1.8s total_time=58.6s
[stage experimental] [epoch 33/80] train_total=0.018343 val_total=0.011946 best=0.006810 improved=no epoch_time=1.9s total_time=60.5s
[stage experimental] [epoch 34/80] train_total=0.017716 val_total=0.016314 best=0.006810 improved=no epoch_time=1.8s total_time=62.3s
[stage experimental] [epoch 35/80] train_total=0.018554 val_total=0.009714 best=0.006810 improved=no epoch_time=1.9s total_time=64.2s
[stage experimental] [epoch 36/80] train_total=0.016110 val_total=0.010501 best=0.006810 improved=no epoch_time=1.9s total_time=66.1s
[stage experimental] [epoch 37/80] train_total=0.014949 val_total=0.006014 best=0.006014 improved=yes epoch_time=1.8s total_time=67.8s
[stage experimental] [epoch 38/80] train_total=0.015457 val_total=0.006166 best=0.006014 improved=no epoch_time=1.8s total_time=69.7s
[stage experimental] [epoch 39/80] train_total=0.012119 val_total=0.012268 best=0.006014 improved=no epoch_time=1.9s total_time=71.5s
[stage experimental] [epoch 40/80] train_total=0.012395 val_total=0.006059 best=0.006014 improved=no epoch_time=1.9s total_time=73.5s
[stage experimental] [epoch 41/80] train_total=0.013106 val_total=0.005803 best=0.005803 improved=yes epoch_time=1.8s total_time=75.3s
[stage experimental] [epoch 42/80] train_total=0.011116 val_total=0.004695 best=0.004695 improved=yes epoch_time=1.8s total_time=77.1s
[stage experimental] [epoch 43/80] train_total=0.011210 val_total=0.007943 best=0.004695 improved=no epoch_time=1.9s total_time=79.0s
[stage experimental] [epoch 44/80] train_total=0.012974 val_total=0.005411 best=0.004695 improved=no epoch_time=1.9s total_time=80.9s
[stage experimental] [epoch 45/80] train_total=0.010876 val_total=0.005550 best=0.004695 improved=no epoch_time=1.9s total_time=82.8s
[stage experimental] [epoch 46/80] train_total=0.012515 val_total=0.014288 best=0.004695 improved=no epoch_time=1.9s total_time=84.7s
[stage experimental] [epoch 47/80] train_total=0.010376 val_total=0.004202 best=0.004202 improved=yes epoch_time=1.9s total_time=86.6s
[stage experimental] [epoch 48/80] train_total=0.012916 val_total=0.006157 best=0.004202 improved=no epoch_time=1.7s total_time=88.3s
[stage experimental] [epoch 49/80] train_total=0.010485 val_total=0.003692 best=0.003692 improved=yes epoch_time=1.8s total_time=90.1s
[stage experimental] [epoch 50/80] train_total=0.010854 val_total=0.005042 best=0.003692 improved=no epoch_time=1.8s total_time=92.0s
[stage experimental] [epoch 51/80] train_total=0.011577 val_total=0.011853 best=0.003692 improved=no epoch_time=1.8s total_time=93.8s
[stage experimental] [epoch 52/80] train_total=0.009924 val_total=0.008770 best=0.003692 improved=no epoch_time=1.9s total_time=95.6s
[stage experimental] [epoch 53/80] train_total=0.010796 val_total=0.008181 best=0.003692 improved=no epoch_time=1.8s total_time=97.4s
[stage experimental] [epoch 54/80] train_total=0.012321 val_total=0.005130 best=0.003692 improved=no epoch_time=1.8s total_time=99.2s
[stage experimental] [epoch 55/80] train_total=0.011580 val_total=0.003739 best=0.003692 improved=no epoch_time=1.8s total_time=101.0s
[stage experimental] [epoch 56/80] train_total=0.008732 val_total=0.005538 best=0.003692 improved=no epoch_time=1.9s total_time=102.9s
[stage experimental] [epoch 57/80] train_total=0.009513 val_total=0.004207 best=0.003692 improved=no epoch_time=1.8s total_time=104.7s
[stage experimental] [epoch 58/80] train_total=0.009188 val_total=0.005358 best=0.003692 improved=no epoch_time=1.9s total_time=106.7s
[stage experimental] [epoch 59/80] train_total=0.008406 val_total=0.005692 best=0.003692 improved=no epoch_time=1.8s total_time=108.4s
[stage experimental] [epoch 60/80] train_total=0.008789 val_total=0.004305 best=0.003692 improved=no epoch_time=1.9s total_time=110.3s
[stage experimental] [epoch 61/80] train_total=0.008462 val_total=0.004245 best=0.003692 improved=no epoch_time=1.8s total_time=112.1s
[stage experimental] early stopping at epoch 61; best_validation=0.003692
[seed 1] [stage 1/3: direct GE] starting 20 epoch(s)
[seed 1] [stage 1/3: direct GE] [epoch 1/20] train_total=0.005246 val_score=1.638975 best=1.638975 P_MAE=4.4580 kPa y_iso_MAE=0.015993 T_MAE=2.4443 K y_isob_MAE=0.035556 improved=yes epoch_time=10.7s total_time=19.5s
[seed 1] [stage 1/3: direct GE] [epoch 2/20] train_total=0.004200 val_score=1.523817 best=1.523817 P_MAE=4.1352 kPa y_iso_MAE=0.013451 T_MAE=2.1947 K y_isob_MAE=0.037541 improved=yes epoch_time=10.6s total_time=30.1s
[seed 1] [stage 1/3: direct GE] [epoch 3/20] train_total=0.003783 val_score=1.404054 best=1.404054 P_MAE=2.9252 kPa y_iso_MAE=0.012752 T_MAE=2.1939 K y_isob_MAE=0.036998 improved=yes epoch_time=10.7s total_time=40.9s
[seed 1] [stage 1/3: direct GE] [epoch 4/20] train_total=0.003938 val_score=1.598095 best=1.404054 P_MAE=4.0582 kPa y_iso_MAE=0.013008 T_MAE=2.5319 K y_isob_MAE=0.038841 improved=no epoch_time=10.7s total_time=51.6s
[seed 1] [stage 1/3: direct GE] [epoch 5/20] train_total=0.003547 val_score=1.485705 best=1.404054 P_MAE=3.5013 kPa y_iso_MAE=0.012026 T_MAE=2.4299 K y_isob_MAE=0.036710 improved=no epoch_time=10.7s total_time=62.3s
[seed 1] [stage 1/3: direct GE] [epoch 6/20] train_total=0.003702 val_score=1.460793 best=1.404054 P_MAE=3.3929 kPa y_iso_MAE=0.012132 T_MAE=2.2736 K y_isob_MAE=0.038272 improved=no epoch_time=10.6s total_time=72.9s
[seed 1] [stage 1/3: direct GE] [epoch 7/20] train_total=0.003667 val_score=1.611312 best=1.404054 P_MAE=3.4382 kPa y_iso_MAE=0.012062 T_MAE=2.8382 K y_isob_MAE=0.040230 improved=no epoch_time=10.5s total_time=83.5s
[seed 1] [stage 1/3: direct GE] [epoch 8/20] train_total=0.003489 val_score=1.551122 best=1.404054 P_MAE=4.0596 kPa y_iso_MAE=0.012740 T_MAE=2.3206 K y_isob_MAE=0.039414 improved=no epoch_time=10.7s total_time=94.2s
[seed 1] [stage 1/3: direct GE] [epoch 9/20] train_total=0.003442 val_score=1.482667 best=1.404054 P_MAE=3.7003 kPa y_iso_MAE=0.014055 T_MAE=2.1096 K y_isob_MAE=0.037606 improved=no epoch_time=10.9s total_time=105.1s
[seed 1] [stage 1/3: direct GE] [epoch 10/20] train_total=0.003427 val_score=1.522420 best=1.404054 P_MAE=4.3765 kPa y_iso_MAE=0.012887 T_MAE=2.1542 K y_isob_MAE=0.037543 improved=no epoch_time=10.5s total_time=115.7s
[seed 1] [stage 1/3: direct GE] [epoch 11/20] train_total=0.003388 val_score=1.612756 best=1.404054 P_MAE=3.9617 kPa y_iso_MAE=0.012894 T_MAE=2.5846 K y_isob_MAE=0.040053 improved=no epoch_time=10.6s total_time=126.3s
[seed 1] [stage 1/3: direct GE] [epoch 12/20] train_total=0.003380 val_score=1.711326 best=1.404054 P_MAE=4.1284 kPa y_iso_MAE=0.016017 T_MAE=2.6942 K y_isob_MAE=0.039488 improved=no epoch_time=10.5s total_time=136.8s
[seed 1] [stage 1/3: direct GE] [epoch 13/20] train_total=0.003387 val_score=2.064036 best=1.404054 P_MAE=5.0756 kPa y_iso_MAE=0.017677 T_MAE=3.4229 K y_isob_MAE=0.046512 improved=no epoch_time=10.7s total_time=147.5s
[seed 1] [stage 1/3: direct GE] [epoch 14/20] train_total=0.003369 val_score=1.681117 best=1.404054 P_MAE=4.1798 kPa y_iso_MAE=0.011559 T_MAE=2.8664 K y_isob_MAE=0.041485 improved=no epoch_time=10.7s total_time=158.2s
[seed 1] [stage 1/3: direct GE] [epoch 15/20] train_total=0.003383 val_score=1.742742 best=1.404054 P_MAE=4.0579 kPa y_iso_MAE=0.014823 T_MAE=2.9315 K y_isob_MAE=0.040332 improved=no epoch_time=10.6s total_time=168.8s
[seed 1] [stage 1/3: direct GE] [epoch 16/20] train_total=0.003300 val_score=1.914735 best=1.404054 P_MAE=4.5789 kPa y_iso_MAE=0.014597 T_MAE=3.4274 K y_isob_MAE=0.042419 improved=no epoch_time=10.4s total_time=179.2s
[seed 1] [stage 1/3: direct GE] [epoch 17/20] train_total=0.003250 val_score=1.766085 best=1.404054 P_MAE=3.9480 kPa y_iso_MAE=0.016094 T_MAE=2.8878 K y_isob_MAE=0.041731 improved=no epoch_time=10.6s total_time=189.8s
[seed 1] [stage 1/3: direct GE] [epoch 18/20] train_total=0.003250 val_score=1.817738 best=1.404054 P_MAE=4.3671 kPa y_iso_MAE=0.013182 T_MAE=3.1748 K y_isob_MAE=0.043091 improved=no epoch_time=10.6s total_time=200.4s
[seed 1] [stage 1/3: direct GE] [epoch 19/20] train_total=0.003197 val_score=1.704293 best=1.404054 P_MAE=4.4318 kPa y_iso_MAE=0.014220 T_MAE=2.7243 K y_isob_MAE=0.039451 improved=no epoch_time=10.6s total_time=211.0s
[seed 1] [stage 1/3: direct GE] [epoch 20/20] train_total=0.003130 val_score=1.882126 best=1.404054 P_MAE=4.5794 kPa y_iso_MAE=0.012474 T_MAE=3.1609 K y_isob_MAE=0.049126 improved=no epoch_time=10.5s total_time=221.5s
[seed 1] [stage 2/3: joint VLE] starting 80 epoch(s)
[seed 1] [stage 2/3: joint VLE] [epoch 1/80] train_total=0.020698 val_score=1.420756 best=1.420756 P_MAE=3.5613 kPa y_iso_MAE=0.014993 T_MAE=2.0849 K y_isob_MAE=0.031598 improved=yes epoch_time=11.7s total_time=233.2s
[seed 1] [stage 2/3: joint VLE] [epoch 2/80] train_total=0.016984 val_score=1.356024 best=1.356024 P_MAE=4.0643 kPa y_iso_MAE=0.015687 T_MAE=1.6582 K y_isob_MAE=0.029335 improved=yes epoch_time=11.8s total_time=245.0s
[seed 1] [stage 2/3: joint VLE] [epoch 3/80] train_total=0.018811 val_score=1.192114 best=1.192114 P_MAE=2.4031 kPa y_iso_MAE=0.015706 T_MAE=1.7005 K y_isob_MAE=0.025807 improved=yes epoch_time=11.7s total_time=256.7s
[seed 1] [stage 2/3: joint VLE] [epoch 4/80] train_total=0.016828 val_score=1.374671 best=1.192114 P_MAE=3.4805 kPa y_iso_MAE=0.014265 T_MAE=1.9606 K y_isob_MAE=0.031969 improved=no epoch_time=11.6s total_time=268.3s
[seed 1] [stage 2/3: joint VLE] [epoch 5/80] train_total=0.020990 val_score=1.308862 best=1.192114 P_MAE=4.5018 kPa y_iso_MAE=0.013934 T_MAE=1.6087 K y_isob_MAE=0.026142 improved=no epoch_time=11.8s total_time=280.0s
[seed 1] [stage 2/3: joint VLE] [epoch 6/80] train_total=0.016020 val_score=1.201733 best=1.192114 P_MAE=3.7064 kPa y_iso_MAE=0.016111 T_MAE=1.3676 K y_isob_MAE=0.022985 improved=no epoch_time=11.6s total_time=291.6s
[seed 1] [stage 2/3: joint VLE] [epoch 7/80] train_total=0.013752 val_score=1.165854 best=1.165854 P_MAE=3.1526 kPa y_iso_MAE=0.011577 T_MAE=1.7303 K y_isob_MAE=0.025213 improved=yes epoch_time=11.8s total_time=303.4s
[seed 1] [stage 2/3: joint VLE] [epoch 8/80] train_total=0.014846 val_score=1.146891 best=1.146891 P_MAE=3.2224 kPa y_iso_MAE=0.012192 T_MAE=1.6301 K y_isob_MAE=0.023809 improved=yes epoch_time=12.0s total_time=315.4s
[seed 1] [stage 2/3: joint VLE] [epoch 9/80] train_total=0.014570 val_score=1.187273 best=1.146891 P_MAE=3.9394 kPa y_iso_MAE=0.012160 T_MAE=1.4863 K y_isob_MAE=0.025184 improved=no epoch_time=11.9s total_time=327.3s
[seed 1] [stage 2/3: joint VLE] [epoch 10/80] train_total=0.011975 val_score=1.064863 best=1.064863 P_MAE=3.4773 kPa y_iso_MAE=0.012103 T_MAE=1.2183 K y_isob_MAE=0.023046 improved=yes epoch_time=11.8s total_time=339.1s
[seed 1] [stage 2/3: joint VLE] [epoch 11/80] train_total=0.013652 val_score=1.222681 best=1.064863 P_MAE=4.8010 kPa y_iso_MAE=0.012512 T_MAE=1.4009 K y_isob_MAE=0.023035 improved=no epoch_time=11.6s total_time=350.7s
[seed 1] [stage 2/3: joint VLE] [epoch 12/80] train_total=0.012924 val_score=1.242416 best=1.064863 P_MAE=4.7148 kPa y_iso_MAE=0.011357 T_MAE=1.4548 K y_isob_MAE=0.026662 improved=no epoch_time=11.9s total_time=362.6s
[seed 1] [stage 2/3: joint VLE] [epoch 13/80] train_total=0.014031 val_score=1.180749 best=1.064863 P_MAE=4.1325 kPa y_iso_MAE=0.012260 T_MAE=1.3746 K y_isob_MAE=0.025251 improved=no epoch_time=11.9s total_time=374.5s
[seed 1] [stage 2/3: joint VLE] [epoch 14/80] train_total=0.012230 val_score=1.211922 best=1.064863 P_MAE=5.4034 kPa y_iso_MAE=0.012277 T_MAE=1.1316 K y_isob_MAE=0.023559 improved=no epoch_time=11.6s total_time=386.1s
[seed 1] [stage 2/3: joint VLE] [epoch 15/80] train_total=0.012446 val_score=1.063910 best=1.063910 P_MAE=3.5634 kPa y_iso_MAE=0.012047 T_MAE=1.2151 K y_isob_MAE=0.022485 improved=yes epoch_time=11.8s total_time=397.9s
[seed 1] [stage 2/3: joint VLE] [epoch 16/80] train_total=0.012626 val_score=1.089402 best=1.063910 P_MAE=3.2184 kPa y_iso_MAE=0.012674 T_MAE=1.3434 K y_isob_MAE=0.023545 improved=no epoch_time=11.7s total_time=409.6s
[seed 1] [stage 2/3: joint VLE] [epoch 17/80] train_total=0.012046 val_score=1.163443 best=1.063910 P_MAE=3.3829 kPa y_iso_MAE=0.014003 T_MAE=1.4362 K y_isob_MAE=0.024604 improved=no epoch_time=11.8s total_time=421.3s
[seed 1] [stage 2/3: joint VLE] [epoch 18/80] train_total=0.014628 val_score=1.234746 best=1.063910 P_MAE=4.7003 kPa y_iso_MAE=0.010936 T_MAE=1.5383 K y_isob_MAE=0.025150 improved=no epoch_time=11.8s total_time=433.1s
[seed 1] [stage 2/3: joint VLE] [epoch 19/80] train_total=0.011926 val_score=1.075815 best=1.063910 P_MAE=3.7059 kPa y_iso_MAE=0.011616 T_MAE=1.2116 K y_isob_MAE=0.023430 improved=no epoch_time=11.7s total_time=444.8s
[seed 1] [stage 2/3: joint VLE] [epoch 20/80] train_total=0.011716 val_score=1.352661 best=1.063910 P_MAE=4.1744 kPa y_iso_MAE=0.013341 T_MAE=1.9631 K y_isob_MAE=0.026452 improved=no epoch_time=11.7s total_time=456.5s
[seed 1] [stage 2/3: joint VLE] [epoch 21/80] train_total=0.012711 val_score=1.080495 best=1.063910 P_MAE=4.2199 kPa y_iso_MAE=0.011723 T_MAE=1.0483 K y_isob_MAE=0.023172 improved=no epoch_time=11.8s total_time=468.3s
[seed 1] [stage 2/3: joint VLE] [epoch 22/80] train_total=0.012403 val_score=1.165188 best=1.063910 P_MAE=2.8716 kPa y_iso_MAE=0.013686 T_MAE=1.6346 K y_isob_MAE=0.025122 improved=no epoch_time=11.6s total_time=480.0s
[seed 1] [stage 2/3: joint VLE] [epoch 23/80] train_total=0.011272 val_score=0.971194 best=0.971194 P_MAE=2.8170 kPa y_iso_MAE=0.011625 T_MAE=1.1445 K y_isob_MAE=0.021850 improved=yes epoch_time=11.9s total_time=491.9s
[seed 1] [stage 2/3: joint VLE] [epoch 24/80] train_total=0.012450 val_score=1.033700 best=0.971194 P_MAE=3.4536 kPa y_iso_MAE=0.012741 T_MAE=1.1463 K y_isob_MAE=0.020589 improved=no epoch_time=11.8s total_time=503.6s
[seed 1] [stage 2/3: joint VLE] [epoch 25/80] train_total=0.012564 val_score=1.066065 best=0.971194 P_MAE=3.7722 kPa y_iso_MAE=0.011260 T_MAE=1.2545 K y_isob_MAE=0.021834 improved=no epoch_time=12.0s total_time=515.6s
[seed 1] [stage 2/3: joint VLE] [epoch 26/80] train_total=0.012288 val_score=1.469847 best=0.971194 P_MAE=6.5794 kPa y_iso_MAE=0.013076 T_MAE=1.7364 K y_isob_MAE=0.024360 improved=no epoch_time=11.8s total_time=527.4s
[seed 1] [stage 2/3: joint VLE] [epoch 27/80] train_total=0.012483 val_score=1.110612 best=0.971194 P_MAE=3.7069 kPa y_iso_MAE=0.011606 T_MAE=1.4005 K y_isob_MAE=0.022726 improved=no epoch_time=11.7s total_time=539.1s
[seed 1] [stage 2/3: joint VLE] [epoch 28/80] train_total=0.010882 val_score=1.052734 best=0.971194 P_MAE=3.8104 kPa y_iso_MAE=0.012176 T_MAE=1.1703 K y_isob_MAE=0.020264 improved=no epoch_time=11.6s total_time=550.7s
[seed 1] [stage 2/3: joint VLE] [epoch 29/80] train_total=0.010952 val_score=1.215274 best=0.971194 P_MAE=4.4925 kPa y_iso_MAE=0.012891 T_MAE=1.4296 K y_isob_MAE=0.023338 improved=no epoch_time=11.4s total_time=562.1s
[seed 1] [stage 2/3: joint VLE] [epoch 30/80] train_total=0.011531 val_score=1.055517 best=0.971194 P_MAE=2.5921 kPa y_iso_MAE=0.011892 T_MAE=1.4613 K y_isob_MAE=0.024226 improved=no epoch_time=11.9s total_time=574.1s
[seed 1] [stage 2/3: joint VLE] [epoch 31/80] train_total=0.010795 val_score=1.241877 best=0.971194 P_MAE=5.2234 kPa y_iso_MAE=0.011280 T_MAE=1.3155 K y_isob_MAE=0.025820 improved=no epoch_time=11.6s total_time=585.7s
[seed 1] [stage 2/3: joint VLE] [epoch 32/80] train_total=0.011631 val_score=1.400772 best=0.971194 P_MAE=5.4603 kPa y_iso_MAE=0.013562 T_MAE=1.7153 K y_isob_MAE=0.025914 improved=no epoch_time=11.7s total_time=597.4s
[seed 1] [stage 2/3: joint VLE] [epoch 33/80] train_total=0.013069 val_score=1.186795 best=0.971194 P_MAE=5.5896 kPa y_iso_MAE=0.011533 T_MAE=1.1880 K y_isob_MAE=0.020116 improved=no epoch_time=11.6s total_time=608.9s
[seed 1] [stage 2/3: joint VLE] [epoch 34/80] train_total=0.011646 val_score=1.010422 best=0.971194 P_MAE=3.3545 kPa y_iso_MAE=0.011116 T_MAE=1.1665 K y_isob_MAE=0.021960 improved=no epoch_time=11.9s total_time=620.8s
[seed 1] [stage 2/3: joint VLE] [epoch 35/80] train_total=0.010787 val_score=1.039115 best=0.971194 P_MAE=3.3408 kPa y_iso_MAE=0.012095 T_MAE=1.1602 K y_isob_MAE=0.022923 improved=no epoch_time=11.7s total_time=632.5s
{"direct_ge_parameter_summary": {"stage1_trainable_parameters": 1977601, "stage2_trainable_parameters": 2015043, "stage3": {"groups": [{"learning_rate": 2e-05, "name": "pair_potential", "parameter_count": 110977, "parameter_names": ["pair_potential.0.weight", "pair_potential.0.bias", "pair_potential.2.weight", "pair_potential.2.bias"]}, {"learning_rate": 1e-05, "name": "vapor_pressure", "parameter_count": 37442, "parameter_names": ["vapor_pressure.parameter_head.0.weight", "vapor_pressure.parameter_head.0.bias", "vapor_pressure.parameter_head.2.weight", "vapor_pressure.parameter_head.2.bias"]}, {"learning_rate": 5e-06, "name": "film", "parameter_count": 111744, "parameter_names": ["film.0.weight", "film.0.bias", "film.2.weight", "film.2.bias"]}, {"learning_rate": 5e-06, "name": "mixture_token", "parameter_count": 192, "parameter_names": ["mixture_token"]}], "total_parameters": 2015043, "trainable_fraction": 0.1292056794817778, "trainable_parameters": 260355}, "total_parameters": 2015043, "trainable_fraction": 0.1292056794817778, "trainable_parameters": 260355}}
[seed 1] [stage 3/3: fugacity] starting 10 epoch(s)
[seed 1] [stage 3/3: fugacity] [epoch 1/10] train_total=0.009457 val_score=0.890766 best=0.890766 P_MAE=2.7496 kPa y_iso_MAE=0.010380 T_MAE=0.9855 K y_isob_MAE=0.020679 improved=yes epoch_time=11.5s total_time=644.0s
[seed 1] [stage 3/3: fugacity] [epoch 2/10] train_total=0.008676 val_score=0.886280 best=0.886280 P_MAE=2.7354 kPa y_iso_MAE=0.010134 T_MAE=0.9879 K y_isob_MAE=0.020806 improved=yes epoch_time=11.4s total_time=655.4s
[seed 1] [stage 3/3: fugacity] [epoch 3/10] train_total=0.008581 val_score=0.924175 best=0.886280 P_MAE=3.1749 kPa y_iso_MAE=0.010277 T_MAE=0.9906 K y_isob_MAE=0.020653 improved=no epoch_time=11.4s total_time=666.9s
[seed 1] [stage 3/3: fugacity] [epoch 4/10] train_total=0.008374 val_score=0.940661 best=0.886280 P_MAE=3.2221 kPa y_iso_MAE=0.010306 T_MAE=1.0221 K y_isob_MAE=0.021107 improved=no epoch_time=11.5s total_time=678.4s
[seed 1] [stage 3/3: fugacity] [epoch 5/10] train_total=0.008131 val_score=0.927589 best=0.886280 P_MAE=3.1935 kPa y_iso_MAE=0.010389 T_MAE=0.9848 K y_isob_MAE=0.020729 improved=no epoch_time=11.6s total_time=690.0s
[seed 1] [stage 3/3: fugacity] [epoch 6/10] train_total=0.007916 val_score=0.957481 best=0.886280 P_MAE=3.4395 kPa y_iso_MAE=0.010271 T_MAE=1.0143 K y_isob_MAE=0.021251 improved=no epoch_time=11.5s total_time=701.4s
[seed 1] [stage 3/3: fugacity] [epoch 7/10] train_total=0.008231 val_score=0.939051 best=0.886280 P_MAE=3.3350 kPa y_iso_MAE=0.010394 T_MAE=0.9892 K y_isob_MAE=0.020617 improved=no epoch_time=11.4s total_time=712.8s
[seed 1] [stage 3/3: fugacity] [epoch 8/10] train_total=0.008083 val_score=0.938006 best=0.886280 P_MAE=3.4356 kPa y_iso_MAE=0.010318 T_MAE=0.9723 K y_isob_MAE=0.020264 improved=no epoch_time=11.5s total_time=724.3s
[seed 1] [stage 3/3: fugacity] [epoch 9/10] train_total=0.008010 val_score=0.942274 best=0.886280 P_MAE=3.4448 kPa y_iso_MAE=0.010248 T_MAE=0.9835 K y_isob_MAE=0.020491 improved=no epoch_time=11.6s total_time=735.9s
[seed 1] [stage 3/3: fugacity] [epoch 10/10] train_total=0.007869 val_score=0.979705 best=0.886280 P_MAE=3.7194 kPa y_iso_MAE=0.010455 T_MAE=1.0117 K y_isob_MAE=0.020886 improved=no epoch_time=11.4s total_time=747.2s
{"protocol": "vle_binary_state_temperature_high_extrapolation", "seed": 1, "manifest": "D:\\VLE\\VLE\\thermoformer_project\\runs\\phase_equilibrium\\v1\\vle\\three\\results\\thermoformer_vle_three_stage.on.vle_binary_state_temperature_high_extrapolation\\seed_1\\manifest.json"}
[stage experimental] starting 80 epoch(s)
[stage experimental] [epoch 1/80] train_total=0.730081 val_total=0.122684 best=0.122684 improved=yes epoch_time=1.8s total_time=1.8s
[stage experimental] [epoch 2/80] train_total=0.106003 val_total=0.086042 best=0.086042 improved=yes epoch_time=1.8s total_time=3.7s
[stage experimental] [epoch 3/80] train_total=0.082973 val_total=0.056253 best=0.056253 improved=yes epoch_time=1.8s total_time=5.4s
[stage experimental] [epoch 4/80] train_total=0.056956 val_total=0.047558 best=0.047558 improved=yes epoch_time=1.8s total_time=7.3s
[stage experimental] [epoch 5/80] train_total=0.055332 val_total=0.036125 best=0.036125 improved=yes epoch_time=1.8s total_time=9.1s
[stage experimental] [epoch 6/80] train_total=0.049176 val_total=0.052060 best=0.036125 improved=no epoch_time=1.8s total_time=11.0s
[stage experimental] [epoch 7/80] train_total=0.047662 val_total=0.032024 best=0.032024 improved=yes epoch_time=1.8s total_time=12.8s
[stage experimental] [epoch 8/80] train_total=0.044870 val_total=0.028404 best=0.028404 improved=yes epoch_time=2.7s total_time=15.5s
[stage experimental] [epoch 9/80] train_total=0.047990 val_total=0.039230 best=0.028404 improved=no epoch_time=2.2s total_time=17.7s
[stage experimental] [epoch 10/80] train_total=0.045614 val_total=0.024248 best=0.024248 improved=yes epoch_time=1.4s total_time=19.1s
[stage experimental] [epoch 11/80] train_total=0.041537 val_total=0.030248 best=0.024248 improved=no epoch_time=1.4s total_time=20.5s
[stage experimental] [epoch 12/80] train_total=0.047183 val_total=0.032156 best=0.024248 improved=no epoch_time=1.6s total_time=22.2s
[stage experimental] [epoch 13/80] train_total=0.039247 val_total=0.017461 best=0.017461 improved=yes epoch_time=1.8s total_time=23.9s
[stage experimental] [epoch 14/80] train_total=0.033175 val_total=0.015551 best=0.015551 improved=yes epoch_time=1.7s total_time=25.7s
[stage experimental] [epoch 15/80] train_total=0.030737 val_total=0.023819 best=0.015551 improved=no epoch_time=1.8s total_time=27.4s
[stage experimental] [epoch 16/80] train_total=0.033380 val_total=0.014154 best=0.014154 improved=yes epoch_time=1.8s total_time=29.2s
[stage experimental] [epoch 17/80] train_total=0.028350 val_total=0.014293 best=0.014154 improved=no epoch_time=1.7s total_time=31.0s
[stage experimental] [epoch 18/80] train_total=0.029280 val_total=0.016269 best=0.014154 improved=no epoch_time=1.8s total_time=32.7s
[stage experimental] [epoch 19/80] train_total=0.031790 val_total=0.021386 best=0.014154 improved=no epoch_time=1.8s total_time=34.5s
[stage experimental] [epoch 20/80] train_total=0.030627 val_total=0.015916 best=0.014154 improved=no epoch_time=1.8s total_time=36.3s
[stage experimental] [epoch 21/80] train_total=0.026681 val_total=0.019242 best=0.014154 improved=no epoch_time=1.8s total_time=38.1s
[stage experimental] [epoch 22/80] train_total=0.025333 val_total=0.013805 best=0.013805 improved=yes epoch_time=1.8s total_time=39.8s
[stage experimental] [epoch 23/80] train_total=0.023734 val_total=0.014890 best=0.013805 improved=no epoch_time=1.7s total_time=41.6s
[stage experimental] [epoch 24/80] train_total=0.023576 val_total=0.012784 best=0.012784 improved=yes epoch_time=1.8s total_time=43.3s
[stage experimental] [epoch 25/80] train_total=0.022996 val_total=0.013775 best=0.012784 improved=no epoch_time=1.8s total_time=45.1s
[stage experimental] [epoch 26/80] train_total=0.020661 val_total=0.017052 best=0.012784 improved=no epoch_time=1.8s total_time=46.9s
[stage experimental] [epoch 27/80] train_total=0.019336 val_total=0.006989 best=0.006989 improved=yes epoch_time=1.8s total_time=48.6s
[stage experimental] [epoch 28/80] train_total=0.016795 val_total=0.007164 best=0.006989 improved=no epoch_time=1.8s total_time=50.4s
[stage experimental] [epoch 29/80] train_total=0.019199 val_total=0.011571 best=0.006989 improved=no epoch_time=1.7s total_time=52.1s
[stage experimental] [epoch 30/80] train_total=0.018635 val_total=0.007495 best=0.006989 improved=no epoch_time=1.8s total_time=53.9s
[stage experimental] [epoch 31/80] train_total=0.016056 val_total=0.006875 best=0.006875 improved=yes epoch_time=1.7s total_time=55.6s
[stage experimental] [epoch 32/80] train_total=0.016066 val_total=0.011794 best=0.006875 improved=no epoch_time=1.8s total_time=57.4s
[stage experimental] [epoch 33/80] train_total=0.015414 val_total=0.010731 best=0.006875 improved=no epoch_time=1.7s total_time=59.1s
[stage experimental] [epoch 34/80] train_total=0.014484 val_total=0.005275 best=0.005275 improved=yes epoch_time=1.8s total_time=60.9s
[stage experimental] [epoch 35/80] train_total=0.017918 val_total=0.006283 best=0.005275 improved=no epoch_time=1.7s total_time=62.6s
[stage experimental] [epoch 36/80] train_total=0.013568 val_total=0.008068 best=0.005275 improved=no epoch_time=1.8s total_time=64.4s
[stage experimental] [epoch 37/80] train_total=0.012891 val_total=0.004121 best=0.004121 improved=yes epoch_time=1.8s total_time=66.2s
[stage experimental] [epoch 38/80] train_total=0.012020 val_total=0.004919 best=0.004121 improved=no epoch_time=1.8s total_time=68.0s
[stage experimental] [epoch 39/80] train_total=0.011379 val_total=0.006025 best=0.004121 improved=no epoch_time=1.8s total_time=69.7s
[stage experimental] [epoch 40/80] train_total=0.012650 val_total=0.003551 best=0.003551 improved=yes epoch_time=1.8s total_time=71.5s
[stage experimental] [epoch 41/80] train_total=0.010443 val_total=0.008627 best=0.003551 improved=no epoch_time=1.8s total_time=73.3s
[stage experimental] [epoch 42/80] train_total=0.010563 val_total=0.010486 best=0.003551 improved=no epoch_time=1.7s total_time=75.0s
[stage experimental] [epoch 43/80] train_total=0.014043 val_total=0.005789 best=0.003551 improved=no epoch_time=1.8s total_time=76.8s
[stage experimental] [epoch 44/80] train_total=0.011215 val_total=0.006758 best=0.003551 improved=no epoch_time=1.7s total_time=78.5s
[stage experimental] [epoch 45/80] train_total=0.010494 val_total=0.004498 best=0.003551 improved=no epoch_time=1.7s total_time=80.2s
[stage experimental] [epoch 46/80] train_total=0.009962 val_total=0.004630 best=0.003551 improved=no epoch_time=1.7s total_time=81.9s
[stage experimental] [epoch 47/80] train_total=0.011770 val_total=0.005982 best=0.003551 improved=no epoch_time=1.7s total_time=83.7s
[stage experimental] [epoch 48/80] train_total=0.010840 val_total=0.004438 best=0.003551 improved=no epoch_time=1.7s total_time=85.4s
[stage experimental] [epoch 49/80] train_total=0.009649 val_total=0.005184 best=0.003551 improved=no epoch_time=1.8s total_time=87.1s
[stage experimental] [epoch 50/80] train_total=0.009981 val_total=0.006585 best=0.003551 improved=no epoch_time=1.7s total_time=88.9s
[stage experimental] [epoch 51/80] train_total=0.009219 val_total=0.010063 best=0.003551 improved=no epoch_time=1.8s total_time=90.6s
[stage experimental] [epoch 52/80] train_total=0.008014 val_total=0.005633 best=0.003551 improved=no epoch_time=1.7s total_time=92.4s
[stage experimental] early stopping at epoch 52; best_validation=0.003551
[seed 2] [stage 1/3: direct GE] starting 20 epoch(s)
[seed 2] [stage 1/3: direct GE] [epoch 1/20] train_total=0.005117 val_score=1.382628 best=1.382628 P_MAE=4.6386 kPa y_iso_MAE=0.015866 T_MAE=1.8895 K y_isob_MAE=0.034877 improved=yes epoch_time=10.3s total_time=18.9s
[seed 2] [stage 1/3: direct GE] [epoch 2/20] train_total=0.004017 val_score=1.354866 best=1.354866 P_MAE=3.6050 kPa y_iso_MAE=0.015811 T_MAE=2.0474 K y_isob_MAE=0.038164 improved=yes epoch_time=10.5s total_time=29.4s
[seed 2] [stage 1/3: direct GE] [epoch 3/20] train_total=0.004295 val_score=1.487299 best=1.354866 P_MAE=4.5173 kPa y_iso_MAE=0.015673 T_MAE=2.2303 K y_isob_MAE=0.040209 improved=no epoch_time=10.2s total_time=39.6s
[seed 2] [stage 1/3: direct GE] [epoch 4/20] train_total=0.003881 val_score=1.355985 best=1.354866 P_MAE=3.8386 kPa y_iso_MAE=0.016126 T_MAE=2.0684 K y_isob_MAE=0.035484 improved=no epoch_time=10.5s total_time=50.1s
[seed 2] [stage 1/3: direct GE] [epoch 5/20] train_total=0.003824 val_score=1.421554 best=1.354866 P_MAE=3.9654 kPa y_iso_MAE=0.016226 T_MAE=2.2365 K y_isob_MAE=0.037581 improved=no epoch_time=10.5s total_time=60.6s
[seed 2] [stage 1/3: direct GE] [epoch 6/20] train_total=0.003705 val_score=1.465529 best=1.354866 P_MAE=4.3046 kPa y_iso_MAE=0.013616 T_MAE=2.4123 K y_isob_MAE=0.040010 improved=no epoch_time=10.5s total_time=71.2s
[seed 2] [stage 1/3: direct GE] [epoch 7/20] train_total=0.003584 val_score=1.546339 best=1.354866 P_MAE=4.1501 kPa y_iso_MAE=0.018011 T_MAE=2.4856 K y_isob_MAE=0.040756 improved=no epoch_time=10.7s total_time=81.8s
[seed 2] [stage 1/3: direct GE] [epoch 8/20] train_total=0.003565 val_score=1.524010 best=1.354866 P_MAE=4.8059 kPa y_iso_MAE=0.018954 T_MAE=2.1119 K y_isob_MAE=0.038177 improved=no epoch_time=10.7s total_time=92.5s
[seed 2] [stage 1/3: direct GE] [epoch 9/20] train_total=0.003674 val_score=1.550206 best=1.354866 P_MAE=4.8426 kPa y_iso_MAE=0.016847 T_MAE=2.3201 K y_isob_MAE=0.040076 improved=no epoch_time=10.6s total_time=103.1s
[seed 2] [stage 1/3: direct GE] [epoch 10/20] train_total=0.003398 val_score=1.574979 best=1.354866 P_MAE=4.9579 kPa y_iso_MAE=0.017637 T_MAE=2.3547 K y_isob_MAE=0.039628 improved=no epoch_time=10.6s total_time=113.7s
[seed 2] [stage 1/3: direct GE] [epoch 11/20] train_total=0.003467 val_score=1.625875 best=1.354866 P_MAE=4.6328 kPa y_iso_MAE=0.018426 T_MAE=2.6434 K y_isob_MAE=0.040918 improved=no epoch_time=10.5s total_time=124.2s
[seed 2] [stage 1/3: direct GE] [epoch 12/20] train_total=0.003478 val_score=1.608927 best=1.354866 P_MAE=4.5789 kPa y_iso_MAE=0.017573 T_MAE=2.6964 K y_isob_MAE=0.040189 improved=no epoch_time=10.5s total_time=134.7s
[seed 2] [stage 1/3: direct GE] [epoch 13/20] train_total=0.003463 val_score=1.566048 best=1.354866 P_MAE=4.5882 kPa y_iso_MAE=0.017097 T_MAE=2.5235 K y_isob_MAE=0.039784 improved=no epoch_time=10.5s total_time=145.2s
[seed 2] [stage 1/3: direct GE] [epoch 14/20] train_total=0.003453 val_score=1.670796 best=1.354866 P_MAE=5.0641 kPa y_iso_MAE=0.019150 T_MAE=2.6329 K y_isob_MAE=0.040642 improved=no epoch_time=10.5s total_time=155.7s
[seed 2] [stage 1/3: direct GE] [epoch 15/20] train_total=0.003390 val_score=1.602428 best=1.354866 P_MAE=4.5621 kPa y_iso_MAE=0.016418 T_MAE=2.6247 K y_isob_MAE=0.042761 improved=no epoch_time=10.6s total_time=166.4s
[seed 2] [stage 1/3: direct GE] [epoch 16/20] train_total=0.003315 val_score=1.668432 best=1.354866 P_MAE=4.9830 kPa y_iso_MAE=0.020395 T_MAE=2.4763 K y_isob_MAE=0.041826 improved=no epoch_time=10.6s total_time=176.9s
[seed 2] [stage 1/3: direct GE] [epoch 17/20] train_total=0.003217 val_score=1.619399 best=1.354866 P_MAE=4.5169 kPa y_iso_MAE=0.015935 T_MAE=2.7836 K y_isob_MAE=0.042764 improved=no epoch_time=10.7s total_time=187.7s
[seed 2] [stage 1/3: direct GE] [epoch 18/20] train_total=0.003301 val_score=1.628765 best=1.354866 P_MAE=4.3504 kPa y_iso_MAE=0.016062 T_MAE=2.8445 K y_isob_MAE=0.043775 improved=no epoch_time=10.9s total_time=198.5s
[seed 2] [stage 1/3: direct GE] [epoch 19/20] train_total=0.003196 val_score=1.669869 best=1.354866 P_MAE=4.9196 kPa y_iso_MAE=0.017536 T_MAE=2.7186 K y_isob_MAE=0.042808 improved=no epoch_time=10.4s total_time=208.9s
[seed 2] [stage 1/3: direct GE] [epoch 20/20] train_total=0.003284 val_score=1.613684 best=1.354866 P_MAE=4.2451 kPa y_iso_MAE=0.016495 T_MAE=2.8635 K y_isob_MAE=0.042214 improved=no epoch_time=10.7s total_time=219.6s
[seed 2] [stage 2/3: joint VLE] starting 80 epoch(s)
[seed 2] [stage 2/3: joint VLE] [epoch 1/80] train_total=0.024260 val_score=1.147782 best=1.147782 P_MAE=3.5554 kPa y_iso_MAE=0.014070 T_MAE=1.6370 K y_isob_MAE=0.028805 improved=yes epoch_time=11.6s total_time=231.2s
[seed 2] [stage 2/3: joint VLE] [epoch 2/80] train_total=0.019201 val_score=1.149702 best=1.147782 P_MAE=3.0113 kPa y_iso_MAE=0.015635 T_MAE=1.6978 K y_isob_MAE=0.029977 improved=no epoch_time=11.8s total_time=243.0s
[seed 2] [stage 2/3: joint VLE] [epoch 3/80] train_total=0.018375 val_score=1.560201 best=1.147782 P_MAE=3.8380 kPa y_iso_MAE=0.015686 T_MAE=3.0949 K y_isob_MAE=0.037815 improved=no epoch_time=11.9s total_time=254.9s
[seed 2] [stage 2/3: joint VLE] [epoch 4/80] train_total=0.019967 val_score=1.462016 best=1.147782 P_MAE=5.2158 kPa y_iso_MAE=0.016469 T_MAE=2.2063 K y_isob_MAE=0.031214 improved=no epoch_time=11.7s total_time=266.6s
[seed 2] [stage 2/3: joint VLE] [epoch 5/80] train_total=0.020973 val_score=1.178943 best=1.147782 P_MAE=3.8345 kPa y_iso_MAE=0.013441 T_MAE=1.7240 K y_isob_MAE=0.028934 improved=no epoch_time=11.6s total_time=278.2s
[seed 2] [stage 2/3: joint VLE] [epoch 6/80] train_total=0.015813 val_score=1.198784 best=1.147782 P_MAE=3.8169 kPa y_iso_MAE=0.013879 T_MAE=1.6547 K y_isob_MAE=0.031459 improved=no epoch_time=11.7s total_time=289.9s
[seed 2] [stage 2/3: joint VLE] [epoch 7/80] train_total=0.015636 val_score=1.146310 best=1.146310 P_MAE=3.1726 kPa y_iso_MAE=0.015356 T_MAE=1.8596 K y_isob_MAE=0.025979 improved=yes epoch_time=11.8s total_time=301.6s
[seed 2] [stage 2/3: joint VLE] [epoch 8/80] train_total=0.012618 val_score=1.025509 best=1.025509 P_MAE=2.9601 kPa y_iso_MAE=0.010814 T_MAE=1.5616 K y_isob_MAE=0.028581 improved=yes epoch_time=11.7s total_time=313.3s
[seed 2] [stage 2/3: joint VLE] [epoch 9/80] train_total=0.013783 val_score=1.098158 best=1.025509 P_MAE=4.1816 kPa y_iso_MAE=0.013673 T_MAE=1.3533 K y_isob_MAE=0.024447 improved=no epoch_time=11.8s total_time=325.1s
[seed 2] [stage 2/3: joint VLE] [epoch 10/80] train_total=0.016737 val_score=0.935434 best=0.935434 P_MAE=2.6052 kPa y_iso_MAE=0.012916 T_MAE=1.2659 K y_isob_MAE=0.024789 improved=yes epoch_time=11.7s total_time=336.8s
[seed 2] [stage 2/3: joint VLE] [epoch 11/80] train_total=0.014968 val_score=0.875837 best=0.875837 P_MAE=1.9225 kPa y_iso_MAE=0.011296 T_MAE=1.4863 K y_isob_MAE=0.023552 improved=yes epoch_time=11.5s total_time=348.2s
[seed 2] [stage 2/3: joint VLE] [epoch 12/80] train_total=0.013446 val_score=1.023825 best=0.875837 P_MAE=3.0413 kPa y_iso_MAE=0.012308 T_MAE=1.4569 K y_isob_MAE=0.027207 improved=no epoch_time=11.7s total_time=359.9s
[seed 2] [stage 2/3: joint VLE] [epoch 13/80] train_total=0.016401 val_score=1.244349 best=0.875837 P_MAE=4.8670 kPa y_iso_MAE=0.015185 T_MAE=1.6103 K y_isob_MAE=0.025799 improved=no epoch_time=11.5s total_time=371.4s
[seed 2] [stage 2/3: joint VLE] [epoch 14/80] train_total=0.014072 val_score=0.924665 best=0.875837 P_MAE=2.0862 kPa y_iso_MAE=0.010909 T_MAE=1.6328 K y_isob_MAE=0.024901 improved=no epoch_time=11.7s total_time=383.1s
[seed 2] [stage 2/3: joint VLE] [epoch 15/80] train_total=0.014197 val_score=0.781497 best=0.781497 P_MAE=1.7170 kPa y_iso_MAE=0.011664 T_MAE=1.1008 K y_isob_MAE=0.022392 improved=yes epoch_time=11.5s total_time=394.6s
[seed 2] [stage 2/3: joint VLE] [epoch 16/80] train_total=0.013946 val_score=1.116925 best=0.781497 P_MAE=5.1047 kPa y_iso_MAE=0.012091 T_MAE=1.2633 K y_isob_MAE=0.022626 improved=no epoch_time=11.8s total_time=406.4s
[seed 2] [stage 2/3: joint VLE] [epoch 17/80] train_total=0.012058 val_score=0.954932 best=0.781497 P_MAE=2.8220 kPa y_iso_MAE=0.013174 T_MAE=1.3793 K y_isob_MAE=0.022484 improved=no epoch_time=11.6s total_time=417.9s
[seed 2] [stage 2/3: joint VLE] [epoch 18/80] train_total=0.012837 val_score=0.886413 best=0.781497 P_MAE=2.4061 kPa y_iso_MAE=0.011712 T_MAE=1.3351 K y_isob_MAE=0.022504 improved=no epoch_time=11.7s total_time=429.7s
[seed 2] [stage 2/3: joint VLE] [epoch 19/80] train_total=0.013068 val_score=0.966998 best=0.781497 P_MAE=2.6595 kPa y_iso_MAE=0.013450 T_MAE=1.4412 K y_isob_MAE=0.023469 improved=no epoch_time=11.6s total_time=441.3s
[seed 2] [stage 2/3: joint VLE] [epoch 20/80] train_total=0.013234 val_score=1.015759 best=0.781497 P_MAE=3.6272 kPa y_iso_MAE=0.011913 T_MAE=1.2966 K y_isob_MAE=0.024984 improved=no epoch_time=11.8s total_time=453.1s
[seed 2] [stage 2/3: joint VLE] [epoch 21/80] train_total=0.012229 val_score=1.045808 best=0.781497 P_MAE=4.3842 kPa y_iso_MAE=0.010242 T_MAE=1.3402 K y_isob_MAE=0.023439 improved=no epoch_time=11.8s total_time=464.9s
[seed 2] [stage 2/3: joint VLE] [epoch 22/80] train_total=0.012366 val_score=0.998823 best=0.781497 P_MAE=4.0667 kPa y_iso_MAE=0.009767 T_MAE=1.3300 K y_isob_MAE=0.022547 improved=no epoch_time=11.8s total_time=476.7s
[seed 2] [stage 2/3: joint VLE] [epoch 23/80] train_total=0.016641 val_score=1.092672 best=0.781497 P_MAE=3.5268 kPa y_iso_MAE=0.013492 T_MAE=1.4831 K y_isob_MAE=0.027389 improved=no epoch_time=11.7s total_time=488.4s
[seed 2] [stage 2/3: joint VLE] [epoch 24/80] train_total=0.012877 val_score=1.016521 best=0.781497 P_MAE=3.1950 kPa y_iso_MAE=0.011583 T_MAE=1.5953 K y_isob_MAE=0.024006 improved=no epoch_time=11.6s total_time=500.0s
[seed 2] [stage 2/3: joint VLE] [epoch 25/80] train_total=0.011901 val_score=0.894645 best=0.781497 P_MAE=2.1788 kPa y_iso_MAE=0.010599 T_MAE=1.4685 K y_isob_MAE=0.024613 improved=no epoch_time=11.6s total_time=511.6s
[seed 2] [stage 2/3: joint VLE] [epoch 26/80] train_total=0.011778 val_score=0.876232 best=0.781497 P_MAE=2.3417 kPa y_iso_MAE=0.011253 T_MAE=1.2773 K y_isob_MAE=0.023788 improved=no epoch_time=11.7s total_time=523.3s
[seed 2] [stage 2/3: joint VLE] [epoch 27/80] train_total=0.011720 val_score=0.897857 best=0.781497 P_MAE=2.7053 kPa y_iso_MAE=0.012022 T_MAE=1.1721 K y_isob_MAE=0.023430 improved=no epoch_time=11.8s total_time=535.1s
{"direct_ge_parameter_summary": {"stage1_trainable_parameters": 1977601, "stage2_trainable_parameters": 2015043, "stage3": {"groups": [{"learning_rate": 2e-05, "name": "pair_potential", "parameter_count": 110977, "parameter_names": ["pair_potential.0.weight", "pair_potential.0.bias", "pair_potential.2.weight", "pair_potential.2.bias"]}, {"learning_rate": 1e-05, "name": "vapor_pressure", "parameter_count": 37442, "parameter_names": ["vapor_pressure.parameter_head.0.weight", "vapor_pressure.parameter_head.0.bias", "vapor_pressure.parameter_head.2.weight", "vapor_pressure.parameter_head.2.bias"]}, {"learning_rate": 5e-06, "name": "film", "parameter_count": 111744, "parameter_names": ["film.0.weight", "film.0.bias", "film.2.weight", "film.2.bias"]}, {"learning_rate": 5e-06, "name": "mixture_token", "parameter_count": 192, "parameter_names": ["mixture_token"]}], "total_parameters": 2015043, "trainable_fraction": 0.1292056794817778, "trainable_parameters": 260355}, "total_parameters": 2015043, "trainable_fraction": 0.1292056794817778, "trainable_parameters": 260355}}
[seed 2] [stage 3/3: fugacity] starting 10 epoch(s)
[seed 2] [stage 3/3: fugacity] [epoch 1/10] train_total=0.009804 val_score=0.823808 best=0.823808 P_MAE=2.6299 kPa y_iso_MAE=0.009892 T_MAE=1.0562 K y_isob_MAE=0.022396 improved=yes epoch_time=11.4s total_time=546.5s
[seed 2] [stage 3/3: fugacity] [epoch 2/10] train_total=0.009505 val_score=0.826527 best=0.823808 P_MAE=2.5731 kPa y_iso_MAE=0.010058 T_MAE=1.0785 K y_isob_MAE=0.022478 improved=no epoch_time=11.5s total_time=558.0s
[seed 2] [stage 3/3: fugacity] [epoch 3/10] train_total=0.009290 val_score=0.811562 best=0.811562 P_MAE=2.5964 kPa y_iso_MAE=0.009792 T_MAE=1.0242 K y_isob_MAE=0.022223 improved=yes epoch_time=11.5s total_time=569.5s
[seed 2] [stage 3/3: fugacity] [epoch 4/10] train_total=0.009093 val_score=0.848147 best=0.811562 P_MAE=2.7781 kPa y_iso_MAE=0.010337 T_MAE=1.0904 K y_isob_MAE=0.022183 improved=no epoch_time=11.5s total_time=581.0s
[seed 2] [stage 3/3: fugacity] [epoch 5/10] train_total=0.008973 val_score=0.822013 best=0.811562 P_MAE=2.7183 kPa y_iso_MAE=0.010058 T_MAE=1.0205 K y_isob_MAE=0.021850 improved=no epoch_time=11.4s total_time=592.4s
[seed 2] [stage 3/3: fugacity] [epoch 6/10] train_total=0.009282 val_score=0.799087 best=0.799087 P_MAE=2.4576 kPa y_iso_MAE=0.010073 T_MAE=1.0061 K y_isob_MAE=0.022062 improved=yes epoch_time=11.6s total_time=604.0s
[seed 2] [stage 3/3: fugacity] [epoch 7/10] train_total=0.008781 val_score=0.830588 best=0.799087 P_MAE=2.8057 kPa y_iso_MAE=0.009958 T_MAE=1.0212 K y_isob_MAE=0.022084 improved=no epoch_time=11.4s total_time=615.4s
[seed 2] [stage 3/3: fugacity] [epoch 8/10] train_total=0.008950 val_score=0.817632 best=0.799087 P_MAE=2.7785 kPa y_iso_MAE=0.009908 T_MAE=0.9807 K y_isob_MAE=0.021858 improved=no epoch_time=11.7s total_time=627.1s
[seed 2] [stage 3/3: fugacity] [epoch 9/10] train_total=0.008707 val_score=0.830261 best=0.799087 P_MAE=2.7921 kPa y_iso_MAE=0.010112 T_MAE=1.0161 K y_isob_MAE=0.022010 improved=no epoch_time=11.4s total_time=638.5s
[seed 2] [stage 3/3: fugacity] [epoch 10/10] train_total=0.008479 val_score=0.824997 best=0.799087 P_MAE=2.7976 kPa y_iso_MAE=0.010006 T_MAE=0.9983 K y_isob_MAE=0.021939 improved=no epoch_time=11.5s total_time=650.0s
{"protocol": "vle_binary_state_temperature_high_extrapolation", "seed": 2, "manifest": "D:\\VLE\\VLE\\thermoformer_project\\runs\\phase_equilibrium\\v1\\vle\\three\\results\\thermoformer_vle_three_stage.on.vle_binary_state_temperature_high_extrapolation\\seed_2\\manifest.json"}
[stage experimental] starting 80 epoch(s)
[stage experimental] [epoch 1/80] train_total=0.790192 val_total=0.089806 best=0.089806 improved=yes epoch_time=1.9s total_time=1.9s
[stage experimental] [epoch 2/80] train_total=0.105008 val_total=0.080399 best=0.080399 improved=yes epoch_time=1.9s total_time=3.7s
[stage experimental] [epoch 3/80] train_total=0.081129 val_total=0.058242 best=0.058242 improved=yes epoch_time=1.8s total_time=5.6s
[stage experimental] [epoch 4/80] train_total=0.064155 val_total=0.039395 best=0.039395 improved=yes epoch_time=1.9s total_time=7.4s
[stage experimental] [epoch 5/80] train_total=0.056329 val_total=0.043273 best=0.039395 improved=no epoch_time=1.8s total_time=9.2s
[stage experimental] [epoch 6/80] train_total=0.053065 val_total=0.024862 best=0.024862 improved=yes epoch_time=1.9s total_time=11.1s
[stage experimental] [epoch 7/80] train_total=0.045098 val_total=0.054402 best=0.024862 improved=no epoch_time=1.8s total_time=13.0s
[stage experimental] [epoch 8/80] train_total=0.044021 val_total=0.054756 best=0.024862 improved=no epoch_time=1.8s total_time=14.8s
[stage experimental] [epoch 9/80] train_total=0.049694 val_total=0.039598 best=0.024862 improved=no epoch_time=1.8s total_time=16.6s
[stage experimental] [epoch 10/80] train_total=0.047340 val_total=0.018091 best=0.018091 improved=yes epoch_time=1.8s total_time=18.4s
[stage experimental] [epoch 11/80] train_total=0.039094 val_total=0.024522 best=0.018091 improved=no epoch_time=1.8s total_time=20.2s
[stage experimental] [epoch 12/80] train_total=0.038662 val_total=0.024609 best=0.018091 improved=no epoch_time=1.8s total_time=22.0s
[stage experimental] [epoch 13/80] train_total=0.044440 val_total=0.016321 best=0.016321 improved=yes epoch_time=1.9s total_time=23.9s
[stage experimental] [epoch 14/80] train_total=0.037403 val_total=0.023868 best=0.016321 improved=no epoch_time=1.9s total_time=25.8s
[stage experimental] [epoch 15/80] train_total=0.036141 val_total=0.019386 best=0.016321 improved=no epoch_time=1.8s total_time=27.6s
[stage experimental] [epoch 16/80] train_total=0.035357 val_total=0.025515 best=0.016321 improved=no epoch_time=1.8s total_time=29.5s
[stage experimental] [epoch 17/80] train_total=0.030768 val_total=0.016128 best=0.016128 improved=yes epoch_time=1.8s total_time=31.3s
[stage experimental] [epoch 18/80] train_total=0.031652 val_total=0.012281 best=0.012281 improved=yes epoch_time=1.9s total_time=33.2s
[stage experimental] [epoch 19/80] train_total=0.029356 val_total=0.015917 best=0.012281 improved=no epoch_time=1.9s total_time=35.0s
[stage experimental] [epoch 20/80] train_total=0.029519 val_total=0.012702 best=0.012281 improved=no epoch_time=1.8s total_time=36.8s
[stage experimental] [epoch 21/80] train_total=0.027077 val_total=0.019721 best=0.012281 improved=no epoch_time=1.8s total_time=38.7s
[stage experimental] [epoch 22/80] train_total=0.028511 val_total=0.011929 best=0.011929 improved=yes epoch_time=1.8s total_time=40.5s
[stage experimental] [epoch 23/80] train_total=0.026059 val_total=0.018725 best=0.011929 improved=no epoch_time=1.9s total_time=42.4s
[stage experimental] [epoch 24/80] train_total=0.025886 val_total=0.024713 best=0.011929 improved=no epoch_time=1.8s total_time=44.2s
[stage experimental] [epoch 25/80] train_total=0.025175 val_total=0.011650 best=0.011650 improved=yes epoch_time=1.9s total_time=46.1s
[stage experimental] [epoch 26/80] train_total=0.023244 val_total=0.014830 best=0.011650 improved=no epoch_time=1.8s total_time=47.9s
[stage experimental] [epoch 27/80] train_total=0.020754 val_total=0.009892 best=0.009892 improved=yes epoch_time=1.8s total_time=49.7s
[stage experimental] [epoch 28/80] train_total=0.020528 val_total=0.015828 best=0.009892 improved=no epoch_time=1.8s total_time=51.6s
[stage experimental] [epoch 29/80] train_total=0.017801 val_total=0.007502 best=0.007502 improved=yes epoch_time=2.7s total_time=54.2s
[stage experimental] [epoch 30/80] train_total=0.017646 val_total=0.007467 best=0.007467 improved=yes epoch_time=2.2s total_time=56.4s
[stage experimental] [epoch 31/80] train_total=0.015839 val_total=0.009640 best=0.007467 improved=no epoch_time=1.7s total_time=58.2s
[stage experimental] [epoch 32/80] train_total=0.016472 val_total=0.013017 best=0.007467 improved=no epoch_time=1.7s total_time=59.9s
[stage experimental] [epoch 33/80] train_total=0.017005 val_total=0.013490 best=0.007467 improved=no epoch_time=1.8s total_time=61.7s
[stage experimental] [epoch 34/80] train_total=0.018473 val_total=0.009104 best=0.007467 improved=no epoch_time=1.9s total_time=63.6s
[stage experimental] [epoch 35/80] train_total=0.015166 val_total=0.006772 best=0.006772 improved=yes epoch_time=1.8s total_time=65.4s
[stage experimental] [epoch 36/80] train_total=0.017999 val_total=0.007747 best=0.006772 improved=no epoch_time=1.8s total_time=67.2s
[stage experimental] [epoch 37/80] train_total=0.012422 val_total=0.014269 best=0.006772 improved=no epoch_time=1.7s total_time=68.9s
[stage experimental] [epoch 38/80] train_total=0.013047 val_total=0.004893 best=0.004893 improved=yes epoch_time=1.8s total_time=70.7s
[stage experimental] [epoch 39/80] train_total=0.013212 val_total=0.005013 best=0.004893 improved=no epoch_time=1.7s total_time=72.4s
[stage experimental] [epoch 40/80] train_total=0.013838 val_total=0.007977 best=0.004893 improved=no epoch_time=1.7s total_time=74.1s
[stage experimental] [epoch 41/80] train_total=0.010944 val_total=0.006518 best=0.004893 improved=no epoch_time=1.8s total_time=75.9s
[stage experimental] [epoch 42/80] train_total=0.012631 val_total=0.006957 best=0.004893 improved=no epoch_time=1.7s total_time=77.6s
[stage experimental] [epoch 43/80] train_total=0.010524 val_total=0.005295 best=0.004893 improved=no epoch_time=1.7s total_time=79.4s
[stage experimental] [epoch 44/80] train_total=0.011590 val_total=0.005260 best=0.004893 improved=no epoch_time=1.7s total_time=81.1s
[stage experimental] [epoch 45/80] train_total=0.010575 val_total=0.004179 best=0.004179 improved=yes epoch_time=1.8s total_time=82.8s
[stage experimental] [epoch 46/80] train_total=0.010918 val_total=0.008665 best=0.004179 improved=no epoch_time=1.8s total_time=84.6s
[stage experimental] [epoch 47/80] train_total=0.009143 val_total=0.003678 best=0.003678 improved=yes epoch_time=1.8s total_time=86.4s
[stage experimental] [epoch 48/80] train_total=0.008802 val_total=0.005325 best=0.003678 improved=no epoch_time=1.7s total_time=88.1s
[stage experimental] [epoch 49/80] train_total=0.010843 val_total=0.004440 best=0.003678 improved=no epoch_time=1.7s total_time=89.8s
[stage experimental] [epoch 50/80] train_total=0.008805 val_total=0.004611 best=0.003678 improved=no epoch_time=1.7s total_time=91.6s
[stage experimental] [epoch 51/80] train_total=0.009769 val_total=0.003171 best=0.003171 improved=yes epoch_time=1.8s total_time=93.4s
[stage experimental] [epoch 52/80] train_total=0.011136 val_total=0.007399 best=0.003171 improved=no epoch_time=1.8s total_time=95.1s
[stage experimental] [epoch 53/80] train_total=0.012027 val_total=0.005156 best=0.003171 improved=no epoch_time=1.9s total_time=97.0s
[stage experimental] [epoch 54/80] train_total=0.011023 val_total=0.003751 best=0.003171 improved=no epoch_time=1.9s total_time=98.9s
[stage experimental] [epoch 55/80] train_total=0.011633 val_total=0.008386 best=0.003171 improved=no epoch_time=1.9s total_time=100.8s
[stage experimental] [epoch 56/80] train_total=0.009602 val_total=0.005127 best=0.003171 improved=no epoch_time=1.9s total_time=102.7s
[stage experimental] [epoch 57/80] train_total=0.009237 val_total=0.005001 best=0.003171 improved=no epoch_time=1.7s total_time=104.4s
[stage experimental] [epoch 58/80] train_total=0.008171 val_total=0.003430 best=0.003171 improved=no epoch_time=1.5s total_time=105.8s
[stage experimental] [epoch 59/80] train_total=0.007633 val_total=0.006507 best=0.003171 improved=no epoch_time=1.6s total_time=107.4s
[stage experimental] [epoch 60/80] train_total=0.010621 val_total=0.009172 best=0.003171 improved=no epoch_time=1.9s total_time=109.3s
[stage experimental] [epoch 61/80] train_total=0.010026 val_total=0.007822 best=0.003171 improved=no epoch_time=1.9s total_time=111.2s
[stage experimental] [epoch 62/80] train_total=0.008674 val_total=0.004488 best=0.003171 improved=no epoch_time=1.9s total_time=113.1s
[stage experimental] [epoch 63/80] train_total=0.008100 val_total=0.003548 best=0.003171 improved=no epoch_time=1.9s total_time=114.9s
[stage experimental] early stopping at epoch 63; best_validation=0.003171
[seed 3] [stage 1/3: direct GE] starting 20 epoch(s)
[seed 3] [stage 1/3: direct GE] [epoch 1/20] train_total=0.004896 val_score=1.939190 best=1.939190 P_MAE=5.3499 kPa y_iso_MAE=0.018709 T_MAE=2.3057 K y_isob_MAE=0.035220 improved=yes epoch_time=10.5s total_time=19.6s
[seed 3] [stage 1/3: direct GE] [epoch 2/20] train_total=0.003899 val_score=1.700461 best=1.700461 P_MAE=4.3225 kPa y_iso_MAE=0.014927 T_MAE=2.1270 K y_isob_MAE=0.035168 improved=yes epoch_time=10.6s total_time=30.2s
[seed 3] [stage 1/3: direct GE] [epoch 3/20] train_total=0.003875 val_score=1.770125 best=1.700461 P_MAE=4.0952 kPa y_iso_MAE=0.016479 T_MAE=2.5181 K y_isob_MAE=0.032748 improved=no epoch_time=10.6s total_time=40.8s
[seed 3] [stage 1/3: direct GE] [epoch 4/20] train_total=0.003755 val_score=1.692379 best=1.692379 P_MAE=3.5433 kPa y_iso_MAE=0.014695 T_MAE=2.4377 K y_isob_MAE=0.036502 improved=yes epoch_time=10.5s total_time=51.3s
[seed 3] [stage 1/3: direct GE] [epoch 5/20] train_total=0.003621 val_score=1.880137 best=1.692379 P_MAE=4.1263 kPa y_iso_MAE=0.018429 T_MAE=2.6533 K y_isob_MAE=0.036000 improved=no epoch_time=10.7s total_time=62.0s
[seed 3] [stage 1/3: direct GE] [epoch 6/20] train_total=0.003587 val_score=1.738050 best=1.692379 P_MAE=3.8561 kPa y_iso_MAE=0.015401 T_MAE=2.5054 K y_isob_MAE=0.034579 improved=no epoch_time=11.0s total_time=73.0s
[seed 3] [stage 1/3: direct GE] [epoch 7/20] train_total=0.003557 val_score=1.816460 best=1.692379 P_MAE=3.6890 kPa y_iso_MAE=0.017762 T_MAE=2.5209 K y_isob_MAE=0.038950 improved=no epoch_time=10.7s total_time=83.6s
[seed 3] [stage 1/3: direct GE] [epoch 8/20] train_total=0.003662 val_score=1.897522 best=1.692379 P_MAE=4.2126 kPa y_iso_MAE=0.014912 T_MAE=2.9276 K y_isob_MAE=0.036938 improved=no epoch_time=10.5s total_time=94.1s
[seed 3] [stage 1/3: direct GE] [epoch 9/20] train_total=0.003500 val_score=1.781047 best=1.692379 P_MAE=3.5736 kPa y_iso_MAE=0.015952 T_MAE=2.8088 K y_isob_MAE=0.033990 improved=no epoch_time=10.6s total_time=104.7s
[seed 3] [stage 1/3: direct GE] [epoch 10/20] train_total=0.003519 val_score=1.842483 best=1.692379 P_MAE=4.4917 kPa y_iso_MAE=0.017349 T_MAE=2.5134 K y_isob_MAE=0.033606 improved=no epoch_time=10.5s total_time=115.2s
[seed 3] [stage 1/3: direct GE] [epoch 11/20] train_total=0.003485 val_score=1.864845 best=1.692379 P_MAE=4.3631 kPa y_iso_MAE=0.016147 T_MAE=2.6892 K y_isob_MAE=0.035333 improved=no epoch_time=10.4s total_time=125.6s
[seed 3] [stage 1/3: direct GE] [epoch 12/20] train_total=0.003688 val_score=1.923584 best=1.692379 P_MAE=4.0689 kPa y_iso_MAE=0.017549 T_MAE=2.9148 K y_isob_MAE=0.036462 improved=no epoch_time=10.7s total_time=136.3s
[seed 3] [stage 1/3: direct GE] [epoch 13/20] train_total=0.003476 val_score=1.961912 best=1.692379 P_MAE=4.5589 kPa y_iso_MAE=0.017978 T_MAE=2.7009 K y_isob_MAE=0.038519 improved=no epoch_time=10.6s total_time=146.9s
[seed 3] [stage 1/3: direct GE] [epoch 14/20] train_total=0.003422 val_score=1.979352 best=1.692379 P_MAE=4.1547 kPa y_iso_MAE=0.018059 T_MAE=3.0665 K y_isob_MAE=0.036417 improved=no epoch_time=10.5s total_time=157.4s
[seed 3] [stage 1/3: direct GE] [epoch 15/20] train_total=0.003297 val_score=1.769809 best=1.692379 P_MAE=3.9503 kPa y_iso_MAE=0.017248 T_MAE=2.3768 K y_isob_MAE=0.035952 improved=no epoch_time=10.6s total_time=168.0s
[seed 3] [stage 1/3: direct GE] [epoch 16/20] train_total=0.003292 val_score=2.037298 best=1.692379 P_MAE=4.1662 kPa y_iso_MAE=0.016902 T_MAE=3.1790 K y_isob_MAE=0.041135 improved=no epoch_time=10.5s total_time=178.6s
[seed 3] [stage 1/3: direct GE] [epoch 17/20] train_total=0.003183 val_score=2.000322 best=1.692379 P_MAE=4.0983 kPa y_iso_MAE=0.017379 T_MAE=3.0702 K y_isob_MAE=0.040027 improved=no epoch_time=10.6s total_time=189.2s
[seed 3] [stage 1/3: direct GE] [epoch 18/20] train_total=0.003175 val_score=1.994278 best=1.692379 P_MAE=4.8133 kPa y_iso_MAE=0.017693 T_MAE=2.6717 K y_isob_MAE=0.039847 improved=no epoch_time=10.7s total_time=199.8s
[seed 3] [stage 1/3: direct GE] [epoch 19/20] train_total=0.003200 val_score=2.036547 best=1.692379 P_MAE=4.2634 kPa y_iso_MAE=0.016755 T_MAE=3.1187 K y_isob_MAE=0.041585 improved=no epoch_time=10.6s total_time=210.5s
[seed 3] [stage 1/3: direct GE] [epoch 20/20] train_total=0.003142 val_score=2.014655 best=1.692379 P_MAE=4.6933 kPa y_iso_MAE=0.018271 T_MAE=2.7973 K y_isob_MAE=0.039252 improved=no epoch_time=10.7s total_time=221.2s
[seed 3] [stage 2/3: joint VLE] starting 80 epoch(s)
[seed 3] [stage 2/3: joint VLE] [epoch 1/80] train_total=0.022697 val_score=1.912076 best=1.912076 P_MAE=7.7396 kPa y_iso_MAE=0.015063 T_MAE=1.5984 K y_isob_MAE=0.028837 improved=yes epoch_time=11.6s total_time=232.8s
[seed 3] [stage 2/3: joint VLE] [epoch 2/80] train_total=0.018233 val_score=1.677794 best=1.677794 P_MAE=4.0656 kPa y_iso_MAE=0.016664 T_MAE=2.0569 K y_isob_MAE=0.034323 improved=yes epoch_time=12.0s total_time=244.7s
[seed 3] [stage 2/3: joint VLE] [epoch 3/80] train_total=0.015694 val_score=1.400449 best=1.400449 P_MAE=4.3358 kPa y_iso_MAE=0.012124 T_MAE=1.5019 K y_isob_MAE=0.026334 improved=yes epoch_time=11.8s total_time=256.6s
[seed 3] [stage 2/3: joint VLE] [epoch 4/80] train_total=0.014739 val_score=1.772492 best=1.400449 P_MAE=6.1564 kPa y_iso_MAE=0.012318 T_MAE=1.9440 K y_isob_MAE=0.030577 improved=no epoch_time=11.4s total_time=268.0s
[seed 3] [stage 2/3: joint VLE] [epoch 5/80] train_total=0.016503 val_score=1.299254 best=1.299254 P_MAE=3.3413 kPa y_iso_MAE=0.015481 T_MAE=1.4524 K y_isob_MAE=0.023001 improved=yes epoch_time=11.7s total_time=279.8s
[seed 3] [stage 2/3: joint VLE] [epoch 6/80] train_total=0.014997 val_score=1.116127 best=1.116127 P_MAE=2.4660 kPa y_iso_MAE=0.010727 T_MAE=1.4633 K y_isob_MAE=0.023972 improved=yes epoch_time=11.8s total_time=291.5s
[seed 3] [stage 2/3: joint VLE] [epoch 7/80] train_total=0.013968 val_score=1.312553 best=1.116127 P_MAE=4.1108 kPa y_iso_MAE=0.012814 T_MAE=1.4292 K y_isob_MAE=0.021163 improved=no epoch_time=11.8s total_time=303.3s
[seed 3] [stage 2/3: joint VLE] [epoch 8/80] train_total=0.018116 val_score=1.465823 best=1.116127 P_MAE=5.0566 kPa y_iso_MAE=0.012466 T_MAE=1.4841 K y_isob_MAE=0.024305 improved=no epoch_time=11.9s total_time=315.2s
[seed 3] [stage 2/3: joint VLE] [epoch 9/80] train_total=0.013343 val_score=1.425189 best=1.116127 P_MAE=4.9981 kPa y_iso_MAE=0.012218 T_MAE=1.3708 K y_isob_MAE=0.024135 improved=no epoch_time=11.9s total_time=327.1s
[seed 3] [stage 2/3: joint VLE] [epoch 10/80] train_total=0.013403 val_score=1.302907 best=1.116127 P_MAE=3.8257 kPa y_iso_MAE=0.010896 T_MAE=1.4932 K y_isob_MAE=0.025340 improved=no epoch_time=12.0s total_time=339.1s
[seed 3] [stage 2/3: joint VLE] [epoch 11/80] train_total=0.013937 val_score=1.374003 best=1.116127 P_MAE=3.4977 kPa y_iso_MAE=0.012245 T_MAE=1.6979 K y_isob_MAE=0.028485 improved=no epoch_time=11.8s total_time=350.9s
[seed 3] [stage 2/3: joint VLE] [epoch 12/80] train_total=0.012842 val_score=1.442557 best=1.116127 P_MAE=5.2197 kPa y_iso_MAE=0.012398 T_MAE=1.4067 K y_isob_MAE=0.022244 improved=no epoch_time=11.8s total_time=362.6s
[seed 3] [stage 2/3: joint VLE] [epoch 13/80] train_total=0.012571 val_score=1.630428 best=1.116127 P_MAE=5.8554 kPa y_iso_MAE=0.012825 T_MAE=1.7263 K y_isob_MAE=0.024770 improved=no epoch_time=11.7s total_time=374.4s
[seed 3] [stage 2/3: joint VLE] [epoch 14/80] train_total=0.013019 val_score=1.325318 best=1.116127 P_MAE=4.1936 kPa y_iso_MAE=0.012260 T_MAE=1.4345 K y_isob_MAE=0.022288 improved=no epoch_time=11.9s total_time=386.3s
[seed 3] [stage 2/3: joint VLE] [epoch 15/80] train_total=0.012698 val_score=1.281669 best=1.116127 P_MAE=3.7027 kPa y_iso_MAE=0.012103 T_MAE=1.3065 K y_isob_MAE=0.026629 improved=no epoch_time=11.9s total_time=398.2s
[seed 3] [stage 2/3: joint VLE] [epoch 16/80] train_total=0.013549 val_score=1.464406 best=1.116127 P_MAE=4.2601 kPa y_iso_MAE=0.014346 T_MAE=1.7498 K y_isob_MAE=0.023676 improved=no epoch_time=11.8s total_time=410.0s
[seed 3] [stage 2/3: joint VLE] [epoch 17/80] train_total=0.012203 val_score=1.268341 best=1.116127 P_MAE=4.1148 kPa y_iso_MAE=0.009952 T_MAE=1.3387 K y_isob_MAE=0.024111 improved=no epoch_time=12.0s total_time=421.9s
[seed 3] [stage 2/3: joint VLE] [epoch 18/80] train_total=0.011880 val_score=1.168296 best=1.116127 P_MAE=3.3816 kPa y_iso_MAE=0.012162 T_MAE=1.2810 K y_isob_MAE=0.020281 improved=no epoch_time=11.7s total_time=433.7s
{"direct_ge_parameter_summary": {"stage1_trainable_parameters": 1977601, "stage2_trainable_parameters": 2015043, "stage3": {"groups": [{"learning_rate": 2e-05, "name": "pair_potential", "parameter_count": 110977, "parameter_names": ["pair_potential.0.weight", "pair_potential.0.bias", "pair_potential.2.weight", "pair_potential.2.bias"]}, {"learning_rate": 1e-05, "name": "vapor_pressure", "parameter_count": 37442, "parameter_names": ["vapor_pressure.parameter_head.0.weight", "vapor_pressure.parameter_head.0.bias", "vapor_pressure.parameter_head.2.weight", "vapor_pressure.parameter_head.2.bias"]}, {"learning_rate": 5e-06, "name": "film", "parameter_count": 111744, "parameter_names": ["film.0.weight", "film.0.bias", "film.2.weight", "film.2.bias"]}, {"learning_rate": 5e-06, "name": "mixture_token", "parameter_count": 192, "parameter_names": ["mixture_token"]}], "total_parameters": 2015043, "trainable_fraction": 0.1292056794817778, "trainable_parameters": 260355}, "total_parameters": 2015043, "trainable_fraction": 0.1292056794817778, "trainable_parameters": 260355}}
[seed 3] [stage 3/3: fugacity] starting 10 epoch(s)
[seed 3] [stage 3/3: fugacity] [epoch 1/10] train_total=0.011289 val_score=1.048803 best=1.048803 P_MAE=2.7863 kPa y_iso_MAE=0.010515 T_MAE=1.1145 K y_isob_MAE=0.022345 improved=yes epoch_time=11.5s total_time=445.1s
[seed 3] [stage 3/3: fugacity] [epoch 2/10] train_total=0.010953 val_score=1.086904 best=1.048803 P_MAE=3.1303 kPa y_iso_MAE=0.010864 T_MAE=1.0635 K y_isob_MAE=0.022583 improved=no epoch_time=11.6s total_time=456.8s
[seed 3] [stage 3/3: fugacity] [epoch 3/10] train_total=0.010463 val_score=1.079792 best=1.048803 P_MAE=3.0488 kPa y_iso_MAE=0.010420 T_MAE=1.0922 K y_isob_MAE=0.022979 improved=no epoch_time=11.4s total_time=468.2s
[seed 3] [stage 3/3: fugacity] [epoch 4/10] train_total=0.010285 val_score=1.070550 best=1.048803 P_MAE=3.0748 kPa y_iso_MAE=0.010408 T_MAE=1.0579 K y_isob_MAE=0.022625 improved=no epoch_time=11.3s total_time=479.5s
[seed 3] [stage 3/3: fugacity] [epoch 5/10] train_total=0.009904 val_score=1.083033 best=1.048803 P_MAE=3.2195 kPa y_iso_MAE=0.010554 T_MAE=1.0230 K y_isob_MAE=0.022696 improved=no epoch_time=11.5s total_time=490.9s
[seed 3] [stage 3/3: fugacity] [epoch 6/10] train_total=0.010056 val_score=1.115647 best=1.048803 P_MAE=3.4233 kPa y_iso_MAE=0.010894 T_MAE=1.0449 K y_isob_MAE=0.022391 improved=no epoch_time=11.4s total_time=502.3s
[seed 3] [stage 3/3: fugacity] [epoch 7/10] train_total=0.009830 val_score=1.088476 best=1.048803 P_MAE=3.2855 kPa y_iso_MAE=0.010594 T_MAE=1.0184 K y_isob_MAE=0.022510 improved=no epoch_time=11.5s total_time=513.8s
[seed 3] [stage 3/3: fugacity] [epoch 8/10] train_total=0.009918 val_score=1.100594 best=1.048803 P_MAE=3.4774 kPa y_iso_MAE=0.010306 T_MAE=1.0067 K y_isob_MAE=0.022310 improved=no epoch_time=11.5s total_time=525.3s
[seed 3] [stage 3/3: fugacity] [epoch 9/10] train_total=0.009528 val_score=1.092911 best=1.048803 P_MAE=3.2428 kPa y_iso_MAE=0.010851 T_MAE=1.0440 K y_isob_MAE=0.022364 improved=no epoch_time=11.5s total_time=536.8s
[seed 3] [stage 3/3: fugacity] [epoch 10/10] train_total=0.009690 val_score=1.086408 best=1.048803 P_MAE=3.2325 kPa y_iso_MAE=0.010898 T_MAE=1.0218 K y_isob_MAE=0.022282 improved=no epoch_time=11.4s total_time=548.2s
[resume] stage0 vle_binary_state_temperature_high_extrapolation seed 0
[resume] three vle_binary_state_temperature_high_extrapolation seed 0
{"protocol": "vle_binary_state_temperature_high_extrapolation", "seed": 0, "manifest": "D:\\VLE\\VLE\\thermoformer_project\\runs\\phase_equilibrium\\v1\\vle\\three\\results\\thermoformer_vle_three_stage.on.vle_binary_state_temperature_high_extrapolation\\seed_0\\manifest.json"}
[resume] stage0 vle_binary_state_temperature_high_extrapolation seed 1
[resume] three vle_binary_state_temperature_high_extrapolation seed 1
{"protocol": "vle_binary_state_temperature_high_extrapolation", "seed": 1, "manifest": "D:\\VLE\\VLE\\thermoformer_project\\runs\\phase_equilibrium\\v1\\vle\\three\\results\\thermoformer_vle_three_stage.on.vle_binary_state_temperature_high_extrapolation\\seed_1\\manifest.json"}
[resume] stage0 vle_binary_state_temperature_high_extrapolation seed 2
[resume] three vle_binary_state_temperature_high_extrapolation seed 2
{"protocol": "vle_binary_state_temperature_high_extrapolation", "seed": 2, "manifest": "D:\\VLE\\VLE\\thermoformer_project\\runs\\phase_equilibrium\\v1\\vle\\three\\results\\thermoformer_vle_three_stage.on.vle_binary_state_temperature_high_extrapolation\\seed_2\\manifest.json"}
[resume] stage0 vle_binary_state_temperature_high_extrapolation seed 3
[seed 3] [stage 1/3: direct GE] starting 20 epoch(s)
[seed 3] [stage 1/3: direct GE] [epoch 1/20] train_total=0.004896 val_score=1.939190 best=1.939190 P_MAE=5.3499 kPa y_iso_MAE=0.018709 T_MAE=2.3057 K y_isob_MAE=0.035220 improved=yes epoch_time=10.4s total_time=20.1s
[seed 3] [stage 1/3: direct GE] [epoch 2/20] train_total=0.003899 val_score=1.700461 best=1.700461 P_MAE=4.3225 kPa y_iso_MAE=0.014927 T_MAE=2.1270 K y_isob_MAE=0.035168 improved=yes epoch_time=10.5s total_time=30.6s
[seed 3] [stage 1/3: direct GE] [epoch 3/20] train_total=0.003875 val_score=1.770125 best=1.700461 P_MAE=4.0952 kPa y_iso_MAE=0.016479 T_MAE=2.5181 K y_isob_MAE=0.032748 improved=no epoch_time=10.3s total_time=40.9s
[seed 3] [stage 1/3: direct GE] [epoch 4/20] train_total=0.003755 val_score=1.692379 best=1.692379 P_MAE=3.5433 kPa y_iso_MAE=0.014695 T_MAE=2.4377 K y_isob_MAE=0.036502 improved=yes epoch_time=10.6s total_time=51.5s
[seed 3] [stage 1/3: direct GE] [epoch 5/20] train_total=0.003621 val_score=1.880137 best=1.692379 P_MAE=4.1263 kPa y_iso_MAE=0.018429 T_MAE=2.6533 K y_isob_MAE=0.036000 improved=no epoch_time=10.3s total_time=61.8s
[seed 3] [stage 1/3: direct GE] [epoch 6/20] train_total=0.003587 val_score=1.738050 best=1.692379 P_MAE=3.8561 kPa y_iso_MAE=0.015401 T_MAE=2.5054 K y_isob_MAE=0.034579 improved=no epoch_time=10.1s total_time=71.9s
[seed 3] [stage 1/3: direct GE] [epoch 7/20] train_total=0.003557 val_score=1.816460 best=1.692379 P_MAE=3.6890 kPa y_iso_MAE=0.017762 T_MAE=2.5209 K y_isob_MAE=0.038950 improved=no epoch_time=9.9s total_time=81.8s
[seed 3] [stage 1/3: direct GE] [epoch 8/20] train_total=0.003662 val_score=1.897522 best=1.692379 P_MAE=4.2126 kPa y_iso_MAE=0.014912 T_MAE=2.9276 K y_isob_MAE=0.036938 improved=no epoch_time=10.4s total_time=92.1s
[seed 3] [stage 1/3: direct GE] [epoch 9/20] train_total=0.003500 val_score=1.781047 best=1.692379 P_MAE=3.5736 kPa y_iso_MAE=0.015952 T_MAE=2.8088 K y_isob_MAE=0.033990 improved=no epoch_time=10.5s total_time=102.7s
[seed 3] [stage 1/3: direct GE] [epoch 10/20] train_total=0.003519 val_score=1.842483 best=1.692379 P_MAE=4.4917 kPa y_iso_MAE=0.017349 T_MAE=2.5134 K y_isob_MAE=0.033606 improved=no epoch_time=10.3s total_time=113.0s
[seed 3] [stage 1/3: direct GE] [epoch 11/20] train_total=0.003485 val_score=1.864845 best=1.692379 P_MAE=4.3631 kPa y_iso_MAE=0.016147 T_MAE=2.6892 K y_isob_MAE=0.035333 improved=no epoch_time=10.4s total_time=123.3s
[seed 3] [stage 1/3: direct GE] [epoch 12/20] train_total=0.003688 val_score=1.923584 best=1.692379 P_MAE=4.0689 kPa y_iso_MAE=0.017549 T_MAE=2.9148 K y_isob_MAE=0.036462 improved=no epoch_time=10.2s total_time=133.5s
[seed 3] [stage 1/3: direct GE] [epoch 13/20] train_total=0.003476 val_score=1.961912 best=1.692379 P_MAE=4.5589 kPa y_iso_MAE=0.017978 T_MAE=2.7009 K y_isob_MAE=0.038519 improved=no epoch_time=10.0s total_time=143.5s
[seed 3] [stage 1/3: direct GE] [epoch 14/20] train_total=0.003422 val_score=1.979352 best=1.692379 P_MAE=4.1547 kPa y_iso_MAE=0.018059 T_MAE=3.0665 K y_isob_MAE=0.036417 improved=no epoch_time=9.9s total_time=153.5s
[seed 3] [stage 1/3: direct GE] [epoch 15/20] train_total=0.003297 val_score=1.769809 best=1.692379 P_MAE=3.9503 kPa y_iso_MAE=0.017248 T_MAE=2.3768 K y_isob_MAE=0.035952 improved=no epoch_time=10.1s total_time=163.6s
[seed 3] [stage 1/3: direct GE] [epoch 16/20] train_total=0.003292 val_score=2.037298 best=1.692379 P_MAE=4.1662 kPa y_iso_MAE=0.016902 T_MAE=3.1790 K y_isob_MAE=0.041135 improved=no epoch_time=10.3s total_time=173.8s
[seed 3] [stage 1/3: direct GE] [epoch 17/20] train_total=0.003183 val_score=2.000322 best=1.692379 P_MAE=4.0983 kPa y_iso_MAE=0.017379 T_MAE=3.0702 K y_isob_MAE=0.040027 improved=no epoch_time=9.7s total_time=183.6s
[seed 3] [stage 1/3: direct GE] [epoch 18/20] train_total=0.003175 val_score=1.994278 best=1.692379 P_MAE=4.8133 kPa y_iso_MAE=0.017693 T_MAE=2.6717 K y_isob_MAE=0.039847 improved=no epoch_time=9.8s total_time=193.4s
[seed 3] [stage 1/3: direct GE] [epoch 19/20] train_total=0.003200 val_score=2.036547 best=1.692379 P_MAE=4.2634 kPa y_iso_MAE=0.016755 T_MAE=3.1187 K y_isob_MAE=0.041585 improved=no epoch_time=9.9s total_time=203.3s
[seed 3] [stage 1/3: direct GE] [epoch 20/20] train_total=0.003142 val_score=2.014655 best=1.692379 P_MAE=4.6933 kPa y_iso_MAE=0.018271 T_MAE=2.7973 K y_isob_MAE=0.039252 improved=no epoch_time=9.7s total_time=213.0s
[seed 3] [stage 2/3: joint VLE] starting 80 epoch(s)
[seed 3] [stage 2/3: joint VLE] [epoch 1/80] train_total=0.022697 val_score=1.912076 best=1.912076 P_MAE=7.7396 kPa y_iso_MAE=0.015063 T_MAE=1.5984 K y_isob_MAE=0.028837 improved=yes epoch_time=10.9s total_time=223.9s
[seed 3] [stage 2/3: joint VLE] [epoch 2/80] train_total=0.018233 val_score=1.677794 best=1.677794 P_MAE=4.0656 kPa y_iso_MAE=0.016664 T_MAE=2.0569 K y_isob_MAE=0.034323 improved=yes epoch_time=10.9s total_time=234.8s
[seed 3] [stage 2/3: joint VLE] [epoch 3/80] train_total=0.015694 val_score=1.400449 best=1.400449 P_MAE=4.3358 kPa y_iso_MAE=0.012124 T_MAE=1.5019 K y_isob_MAE=0.026334 improved=yes epoch_time=11.1s total_time=245.9s
[seed 3] [stage 2/3: joint VLE] [epoch 4/80] train_total=0.014739 val_score=1.772492 best=1.400449 P_MAE=6.1564 kPa y_iso_MAE=0.012318 T_MAE=1.9440 K y_isob_MAE=0.030577 improved=no epoch_time=12.0s total_time=257.9s
[seed 3] [stage 2/3: joint VLE] [epoch 5/80] train_total=0.016503 val_score=1.299254 best=1.299254 P_MAE=3.3413 kPa y_iso_MAE=0.015481 T_MAE=1.4524 K y_isob_MAE=0.023001 improved=yes epoch_time=11.1s total_time=269.0s
[seed 3] [stage 2/3: joint VLE] [epoch 6/80] train_total=0.014997 val_score=1.116127 best=1.116127 P_MAE=2.4660 kPa y_iso_MAE=0.010727 T_MAE=1.4633 K y_isob_MAE=0.023972 improved=yes epoch_time=11.0s total_time=280.0s
[seed 3] [stage 2/3: joint VLE] [epoch 7/80] train_total=0.013968 val_score=1.312553 best=1.116127 P_MAE=4.1108 kPa y_iso_MAE=0.012814 T_MAE=1.4292 K y_isob_MAE=0.021163 improved=no epoch_time=11.1s total_time=291.1s
[seed 3] [stage 2/3: joint VLE] [epoch 8/80] train_total=0.018116 val_score=1.465823 best=1.116127 P_MAE=5.0566 kPa y_iso_MAE=0.012466 T_MAE=1.4841 K y_isob_MAE=0.024305 improved=no epoch_time=11.4s total_time=302.5s
[seed 3] [stage 2/3: joint VLE] [epoch 9/80] train_total=0.013343 val_score=1.425189 best=1.116127 P_MAE=4.9981 kPa y_iso_MAE=0.012218 T_MAE=1.3708 K y_isob_MAE=0.024135 improved=no epoch_time=11.1s total_time=313.6s
[seed 3] [stage 2/3: joint VLE] [epoch 10/80] train_total=0.013403 val_score=1.302907 best=1.116127 P_MAE=3.8257 kPa y_iso_MAE=0.010896 T_MAE=1.4932 K y_isob_MAE=0.025340 improved=no epoch_time=11.3s total_time=325.0s
[seed 3] [stage 2/3: joint VLE] [epoch 11/80] train_total=0.013937 val_score=1.374003 best=1.116127 P_MAE=3.4977 kPa y_iso_MAE=0.012245 T_MAE=1.6979 K y_isob_MAE=0.028485 improved=no epoch_time=11.4s total_time=336.3s
[seed 3] [stage 2/3: joint VLE] [epoch 12/80] train_total=0.012842 val_score=1.442557 best=1.116127 P_MAE=5.2197 kPa y_iso_MAE=0.012398 T_MAE=1.4067 K y_isob_MAE=0.022244 improved=no epoch_time=10.9s total_time=347.2s
[seed 3] [stage 2/3: joint VLE] [epoch 13/80] train_total=0.012571 val_score=1.630428 best=1.116127 P_MAE=5.8554 kPa y_iso_MAE=0.012825 T_MAE=1.7263 K y_isob_MAE=0.024770 improved=no epoch_time=11.2s total_time=358.4s
[seed 3] [stage 2/3: joint VLE] [epoch 14/80] train_total=0.013019 val_score=1.325318 best=1.116127 P_MAE=4.1936 kPa y_iso_MAE=0.012260 T_MAE=1.4345 K y_isob_MAE=0.022288 improved=no epoch_time=10.7s total_time=369.1s
[seed 3] [stage 2/3: joint VLE] [epoch 15/80] train_total=0.012698 val_score=1.281669 best=1.116127 P_MAE=3.7027 kPa y_iso_MAE=0.012103 T_MAE=1.3065 K y_isob_MAE=0.026629 improved=no epoch_time=10.9s total_time=380.0s
[seed 3] [stage 2/3: joint VLE] [epoch 16/80] train_total=0.013549 val_score=1.464406 best=1.116127 P_MAE=4.2601 kPa y_iso_MAE=0.014346 T_MAE=1.7498 K y_isob_MAE=0.023676 improved=no epoch_time=11.1s total_time=391.1s
[seed 3] [stage 2/3: joint VLE] [epoch 17/80] train_total=0.012203 val_score=1.268341 best=1.116127 P_MAE=4.1148 kPa y_iso_MAE=0.009952 T_MAE=1.3387 K y_isob_MAE=0.024111 improved=no epoch_time=10.9s total_time=402.0s
[seed 3] [stage 2/3: joint VLE] [epoch 18/80] train_total=0.011880 val_score=1.168296 best=1.116127 P_MAE=3.3816 kPa y_iso_MAE=0.012162 T_MAE=1.2810 K y_isob_MAE=0.020281 improved=no epoch_time=10.8s total_time=412.8s
{"direct_ge_parameter_summary": {"stage1_trainable_parameters": 1977601, "stage2_trainable_parameters": 2015043, "stage3": {"groups": [{"learning_rate": 2e-05, "name": "pair_potential", "parameter_count": 110977, "parameter_names": ["pair_potential.0.weight", "pair_potential.0.bias", "pair_potential.2.weight", "pair_potential.2.bias"]}, {"learning_rate": 1e-05, "name": "vapor_pressure", "parameter_count": 37442, "parameter_names": ["vapor_pressure.parameter_head.0.weight", "vapor_pressure.parameter_head.0.bias", "vapor_pressure.parameter_head.2.weight", "vapor_pressure.parameter_head.2.bias"]}, {"learning_rate": 5e-06, "name": "film", "parameter_count": 111744, "parameter_names": ["film.0.weight", "film.0.bias", "film.2.weight", "film.2.bias"]}, {"learning_rate": 5e-06, "name": "mixture_token", "parameter_count": 192, "parameter_names": ["mixture_token"]}], "total_parameters": 2015043, "trainable_fraction": 0.1292056794817778, "trainable_parameters": 260355}, "total_parameters": 2015043, "trainable_fraction": 0.1292056794817778, "trainable_parameters": 260355}}
[seed 3] [stage 3/3: fugacity] starting 10 epoch(s)
[seed 3] [stage 3/3: fugacity] [epoch 1/10] train_total=0.011289 val_score=1.048803 best=1.048803 P_MAE=2.7863 kPa y_iso_MAE=0.010515 T_MAE=1.1145 K y_isob_MAE=0.022345 improved=yes epoch_time=10.6s total_time=423.4s
[seed 3] [stage 3/3: fugacity] [epoch 2/10] train_total=0.010953 val_score=1.086904 best=1.048803 P_MAE=3.1303 kPa y_iso_MAE=0.010864 T_MAE=1.0635 K y_isob_MAE=0.022583 improved=no epoch_time=10.5s total_time=433.9s
[seed 3] [stage 3/3: fugacity] [epoch 3/10] train_total=0.010463 val_score=1.079792 best=1.048803 P_MAE=3.0488 kPa y_iso_MAE=0.010420 T_MAE=1.0922 K y_isob_MAE=0.022979 improved=no epoch_time=10.6s total_time=444.5s
[seed 3] [stage 3/3: fugacity] [epoch 4/10] train_total=0.010285 val_score=1.070550 best=1.048803 P_MAE=3.0748 kPa y_iso_MAE=0.010408 T_MAE=1.0579 K y_isob_MAE=0.022625 improved=no epoch_time=10.7s total_time=455.2s
[seed 3] [stage 3/3: fugacity] [epoch 5/10] train_total=0.009904 val_score=1.083033 best=1.048803 P_MAE=3.2195 kPa y_iso_MAE=0.010554 T_MAE=1.0230 K y_isob_MAE=0.022696 improved=no epoch_time=10.5s total_time=465.7s
[seed 3] [stage 3/3: fugacity] [epoch 6/10] train_total=0.010056 val_score=1.115647 best=1.048803 P_MAE=3.4233 kPa y_iso_MAE=0.010894 T_MAE=1.0449 K y_isob_MAE=0.022391 improved=no epoch_time=10.3s total_time=476.0s
[seed 3] [stage 3/3: fugacity] [epoch 7/10] train_total=0.009830 val_score=1.088476 best=1.048803 P_MAE=3.2855 kPa y_iso_MAE=0.010594 T_MAE=1.0184 K y_isob_MAE=0.022510 improved=no epoch_time=10.7s total_time=486.7s
[seed 3] [stage 3/3: fugacity] [epoch 8/10] train_total=0.009918 val_score=1.100594 best=1.048803 P_MAE=3.4774 kPa y_iso_MAE=0.010306 T_MAE=1.0067 K y_isob_MAE=0.022310 improved=no epoch_time=10.6s total_time=497.4s
[seed 3] [stage 3/3: fugacity] [epoch 9/10] train_total=0.009528 val_score=1.092911 best=1.048803 P_MAE=3.2428 kPa y_iso_MAE=0.010851 T_MAE=1.0440 K y_isob_MAE=0.022364 improved=no epoch_time=10.6s total_time=507.9s
[seed 3] [stage 3/3: fugacity] [epoch 10/10] train_total=0.009690 val_score=1.086408 best=1.048803 P_MAE=3.2325 kPa y_iso_MAE=0.010898 T_MAE=1.0218 K y_isob_MAE=0.022282 improved=no epoch_time=10.3s total_time=518.3s
{"protocol": "vle_binary_state_temperature_high_extrapolation", "seed": 3, "manifest": "D:\\VLE\\VLE\\thermoformer_project\\runs\\phase_equilibrium\\v1\\vle\\three\\results\\thermoformer_vle_three_stage.on.vle_binary_state_temperature_high_extrapolation\\seed_3\\manifest.json"}
[stage experimental] starting 80 epoch(s)
[stage experimental] [epoch 1/80] train_total=0.726038 val_total=0.087781 best=0.087781 improved=yes epoch_time=1.8s total_time=1.8s
[stage experimental] [epoch 2/80] train_total=0.107081 val_total=0.077494 best=0.077494 improved=yes epoch_time=1.7s total_time=3.5s
[stage experimental] [epoch 3/80] train_total=0.070657 val_total=0.040329 best=0.040329 improved=yes epoch_time=1.8s total_time=5.3s
[stage experimental] [epoch 4/80] train_total=0.059065 val_total=0.045313 best=0.040329 improved=no epoch_time=1.8s total_time=7.1s
[stage experimental] [epoch 5/80] train_total=0.055015 val_total=0.042906 best=0.040329 improved=no epoch_time=1.7s total_time=8.8s
[stage experimental] [epoch 6/80] train_total=0.050187 val_total=0.032830 best=0.032830 improved=yes epoch_time=1.8s total_time=10.6s
[stage experimental] [epoch 7/80] train_total=0.046296 val_total=0.031255 best=0.031255 improved=yes epoch_time=1.7s total_time=12.3s
[stage experimental] [epoch 8/80] train_total=0.047932 val_total=0.035496 best=0.031255 improved=no epoch_time=1.6s total_time=13.9s
[stage experimental] [epoch 9/80] train_total=0.041021 val_total=0.030206 best=0.030206 improved=yes epoch_time=1.7s total_time=15.6s
[stage experimental] [epoch 10/80] train_total=0.039868 val_total=0.026427 best=0.026427 improved=yes epoch_time=1.7s total_time=17.3s
[stage experimental] [epoch 11/80] train_total=0.039994 val_total=0.022804 best=0.022804 improved=yes epoch_time=1.8s total_time=19.1s
[stage experimental] [epoch 12/80] train_total=0.038309 val_total=0.026694 best=0.022804 improved=no epoch_time=1.7s total_time=20.8s
[stage experimental] [epoch 13/80] train_total=0.044839 val_total=0.041394 best=0.022804 improved=no epoch_time=1.7s total_time=22.5s
[stage experimental] [epoch 14/80] train_total=0.041950 val_total=0.025849 best=0.022804 improved=no epoch_time=1.7s total_time=24.2s
[stage experimental] [epoch 15/80] train_total=0.036104 val_total=0.017143 best=0.017143 improved=yes epoch_time=1.7s total_time=25.9s
[stage experimental] [epoch 16/80] train_total=0.029575 val_total=0.017248 best=0.017143 improved=no epoch_time=1.7s total_time=27.6s
[stage experimental] [epoch 17/80] train_total=0.029394 val_total=0.023609 best=0.017143 improved=no epoch_time=1.7s total_time=29.3s
[stage experimental] [epoch 18/80] train_total=0.028222 val_total=0.013721 best=0.013721 improved=yes epoch_time=1.8s total_time=31.1s
[stage experimental] [epoch 19/80] train_total=0.029175 val_total=0.016958 best=0.013721 improved=no epoch_time=1.8s total_time=32.9s
[stage experimental] [epoch 20/80] train_total=0.027914 val_total=0.015522 best=0.013721 improved=no epoch_time=1.7s total_time=34.6s
[stage experimental] [epoch 21/80] train_total=0.026528 val_total=0.012854 best=0.012854 improved=yes epoch_time=1.7s total_time=36.3s
[stage experimental] [epoch 22/80] train_total=0.023290 val_total=0.010605 best=0.010605 improved=yes epoch_time=1.7s total_time=38.0s
[stage experimental] [epoch 23/80] train_total=0.022666 val_total=0.013440 best=0.010605 improved=no epoch_time=1.7s total_time=39.8s
[stage experimental] [epoch 24/80] train_total=0.020853 val_total=0.012759 best=0.010605 improved=no epoch_time=1.8s total_time=41.5s
[stage experimental] [epoch 25/80] train_total=0.024057 val_total=0.010633 best=0.010605 improved=no epoch_time=1.7s total_time=43.2s
[stage experimental] [epoch 26/80] train_total=0.019578 val_total=0.012529 best=0.010605 improved=no epoch_time=1.7s total_time=45.0s
[stage experimental] [epoch 27/80] train_total=0.017616 val_total=0.009853 best=0.009853 improved=yes epoch_time=1.7s total_time=46.7s
[stage experimental] [epoch 28/80] train_total=0.018490 val_total=0.005879 best=0.005879 improved=yes epoch_time=1.8s total_time=48.4s
[stage experimental] [epoch 29/80] train_total=0.016810 val_total=0.012568 best=0.005879 improved=no epoch_time=1.7s total_time=50.2s
[stage experimental] [epoch 30/80] train_total=0.016300 val_total=0.006983 best=0.005879 improved=no epoch_time=1.8s total_time=51.9s
[stage experimental] [epoch 31/80] train_total=0.016663 val_total=0.012903 best=0.005879 improved=no epoch_time=1.9s total_time=53.8s
[stage experimental] [epoch 32/80] train_total=0.016538 val_total=0.007128 best=0.005879 improved=no epoch_time=1.8s total_time=55.6s
[stage experimental] [epoch 33/80] train_total=0.014069 val_total=0.012828 best=0.005879 improved=no epoch_time=1.8s total_time=57.4s
[stage experimental] [epoch 34/80] train_total=0.014988 val_total=0.010726 best=0.005879 improved=no epoch_time=1.8s total_time=59.2s
[stage experimental] [epoch 35/80] train_total=0.017509 val_total=0.006999 best=0.005879 improved=no epoch_time=1.9s total_time=61.0s
[stage experimental] [epoch 36/80] train_total=0.012759 val_total=0.008149 best=0.005879 improved=no epoch_time=1.7s total_time=62.8s
[stage experimental] [epoch 37/80] train_total=0.012457 val_total=0.006072 best=0.005879 improved=no epoch_time=1.7s total_time=64.5s
[stage experimental] [epoch 38/80] train_total=0.012494 val_total=0.006890 best=0.005879 improved=no epoch_time=1.8s total_time=66.3s
[stage experimental] [epoch 39/80] train_total=0.012716 val_total=0.006786 best=0.005879 improved=no epoch_time=1.8s total_time=68.1s
[stage experimental] [epoch 40/80] train_total=0.011297 val_total=0.010123 best=0.005879 improved=no epoch_time=1.7s total_time=69.8s
[stage experimental] early stopping at epoch 40; best_validation=0.005879
[seed 4] [stage 1/3: direct GE] starting 20 epoch(s)
[seed 4] [stage 1/3: direct GE] [epoch 1/20] train_total=0.005536 val_score=1.468660 best=1.468660 P_MAE=4.5851 kPa y_iso_MAE=0.022987 T_MAE=2.6885 K y_isob_MAE=0.045139 improved=yes epoch_time=10.1s total_time=18.2s
[seed 4] [stage 1/3: direct GE] [epoch 2/20] train_total=0.004470 val_score=1.581545 best=1.468660 P_MAE=4.8077 kPa y_iso_MAE=0.026147 T_MAE=3.1727 K y_isob_MAE=0.042769 improved=no epoch_time=9.9s total_time=28.0s
[seed 4] [stage 1/3: direct GE] [epoch 3/20] train_total=0.004515 val_score=1.494955 best=1.468660 P_MAE=4.9934 kPa y_iso_MAE=0.022673 T_MAE=2.8062 K y_isob_MAE=0.042167 improved=no epoch_time=10.1s total_time=38.1s
[seed 4] [stage 1/3: direct GE] [epoch 4/20] train_total=0.003982 val_score=1.424050 best=1.424050 P_MAE=4.6434 kPa y_iso_MAE=0.020864 T_MAE=2.5892 K y_isob_MAE=0.044189 improved=yes epoch_time=9.9s total_time=48.1s
[seed 4] [stage 1/3: direct GE] [epoch 5/20] train_total=0.003983 val_score=1.359921 best=1.359921 P_MAE=4.1600 kPa y_iso_MAE=0.019300 T_MAE=2.5585 K y_isob_MAE=0.044816 improved=yes epoch_time=9.9s total_time=58.0s
[seed 4] [stage 1/3: direct GE] [epoch 6/20] train_total=0.003856 val_score=1.586913 best=1.359921 P_MAE=5.5517 kPa y_iso_MAE=0.024200 T_MAE=2.9041 K y_isob_MAE=0.043022 improved=no epoch_time=10.1s total_time=68.1s
[seed 4] [stage 1/3: direct GE] [epoch 7/20] train_total=0.003822 val_score=1.482352 best=1.359921 P_MAE=4.1769 kPa y_iso_MAE=0.019454 T_MAE=3.2245 K y_isob_MAE=0.047685 improved=no epoch_time=9.8s total_time=78.0s
[seed 4] [stage 1/3: direct GE] [epoch 8/20] train_total=0.003743 val_score=1.593836 best=1.359921 P_MAE=4.6522 kPa y_iso_MAE=0.020134 T_MAE=3.5501 K y_isob_MAE=0.049226 improved=no epoch_time=9.8s total_time=87.8s
[seed 4] [stage 1/3: direct GE] [epoch 9/20] train_total=0.003575 val_score=1.639822 best=1.359921 P_MAE=4.6328 kPa y_iso_MAE=0.023390 T_MAE=3.5832 K y_isob_MAE=0.049221 improved=no epoch_time=10.0s total_time=97.8s
[seed 4] [stage 1/3: direct GE] [epoch 10/20] train_total=0.003668 val_score=1.508868 best=1.359921 P_MAE=4.8403 kPa y_iso_MAE=0.020674 T_MAE=2.9702 K y_isob_MAE=0.046008 improved=no epoch_time=10.0s total_time=107.8s
[seed 4] [stage 1/3: direct GE] [epoch 11/20] train_total=0.003702 val_score=1.671683 best=1.359921 P_MAE=5.1574 kPa y_iso_MAE=0.022536 T_MAE=3.5890 K y_isob_MAE=0.048536 improved=no epoch_time=9.8s total_time=117.7s
[seed 4] [stage 1/3: direct GE] [epoch 12/20] train_total=0.003593 val_score=1.719631 best=1.359921 P_MAE=5.9183 kPa y_iso_MAE=0.023301 T_MAE=3.4857 K y_isob_MAE=0.046458 improved=no epoch_time=9.9s total_time=127.6s
[seed 4] [stage 1/3: direct GE] [epoch 13/20] train_total=0.003427 val_score=1.666982 best=1.359921 P_MAE=5.5230 kPa y_iso_MAE=0.021073 T_MAE=3.4404 K y_isob_MAE=0.048878 improved=no epoch_time=10.2s total_time=137.8s
[seed 4] [stage 1/3: direct GE] [epoch 14/20] train_total=0.003488 val_score=1.650184 best=1.359921 P_MAE=5.5858 kPa y_iso_MAE=0.021024 T_MAE=3.2915 K y_isob_MAE=0.048827 improved=no epoch_time=10.3s total_time=148.0s
[seed 4] [stage 1/3: direct GE] [epoch 15/20] train_total=0.003477 val_score=1.795948 best=1.359921 P_MAE=5.3405 kPa y_iso_MAE=0.023490 T_MAE=4.0758 K y_isob_MAE=0.051651 improved=no epoch_time=10.1s total_time=158.1s
[seed 4] [stage 1/3: direct GE] [epoch 16/20] train_total=0.003407 val_score=1.682613 best=1.359921 P_MAE=5.9349 kPa y_iso_MAE=0.021550 T_MAE=3.3662 K y_isob_MAE=0.046685 improved=no epoch_time=9.1s total_time=167.2s
[seed 4] [stage 1/3: direct GE] [epoch 17/20] train_total=0.003437 val_score=1.648632 best=1.359921 P_MAE=5.4989 kPa y_iso_MAE=0.020696 T_MAE=3.3901 K y_isob_MAE=0.048386 improved=no epoch_time=9.3s total_time=176.6s
[seed 4] [stage 1/3: direct GE] [epoch 18/20] train_total=0.003438 val_score=1.828519 best=1.359921 P_MAE=6.3911 kPa y_iso_MAE=0.022816 T_MAE=3.7045 K y_isob_MAE=0.051561 improved=no epoch_time=9.6s total_time=186.2s
[seed 4] [stage 1/3: direct GE] [epoch 19/20] train_total=0.003306 val_score=1.770513 best=1.359921 P_MAE=5.8486 kPa y_iso_MAE=0.021284 T_MAE=3.8206 K y_isob_MAE=0.050923 improved=no epoch_time=9.6s total_time=195.8s
[seed 4] [stage 1/3: direct GE] [epoch 20/20] train_total=0.003364 val_score=1.844846 best=1.359921 P_MAE=5.8986 kPa y_iso_MAE=0.023989 T_MAE=4.1044 K y_isob_MAE=0.050064 improved=no epoch_time=9.4s total_time=205.2s
[seed 4] [stage 2/3: joint VLE] starting 80 epoch(s)
[seed 4] [stage 2/3: joint VLE] [epoch 1/80] train_total=0.029399 val_score=1.344355 best=1.344355 P_MAE=5.0091 kPa y_iso_MAE=0.017414 T_MAE=2.2565 K y_isob_MAE=0.041747 improved=yes epoch_time=10.5s total_time=215.7s
[seed 4] [stage 2/3: joint VLE] [epoch 2/80] train_total=0.025112 val_score=1.318468 best=1.318468 P_MAE=5.0823 kPa y_iso_MAE=0.015012 T_MAE=2.5587 K y_isob_MAE=0.036183 improved=yes epoch_time=10.3s total_time=226.0s
[seed 4] [stage 2/3: joint VLE] [epoch 3/80] train_total=0.027619 val_score=1.263551 best=1.263551 P_MAE=4.7341 kPa y_iso_MAE=0.018831 T_MAE=2.0834 K y_isob_MAE=0.035535 improved=yes epoch_time=10.3s total_time=236.4s
[seed 4] [stage 2/3: joint VLE] [epoch 4/80] train_total=0.024049 val_score=1.154856 best=1.154856 P_MAE=3.0512 kPa y_iso_MAE=0.019025 T_MAE=2.5546 K y_isob_MAE=0.032292 improved=yes epoch_time=10.1s total_time=246.4s
[seed 4] [stage 2/3: joint VLE] [epoch 5/80] train_total=0.028121 val_score=1.269591 best=1.154856 P_MAE=5.8094 kPa y_iso_MAE=0.013959 T_MAE=1.9931 K y_isob_MAE=0.033713 improved=no epoch_time=10.1s total_time=256.6s
[seed 4] [stage 2/3: joint VLE] [epoch 6/80] train_total=0.021015 val_score=1.176613 best=1.154856 P_MAE=4.8875 kPa y_iso_MAE=0.017792 T_MAE=1.7291 K y_isob_MAE=0.031003 improved=no epoch_time=10.4s total_time=267.0s
[seed 4] [stage 2/3: joint VLE] [epoch 7/80] train_total=0.018256 val_score=0.940746 best=0.940746 P_MAE=3.3535 kPa y_iso_MAE=0.014211 T_MAE=1.5824 K y_isob_MAE=0.027531 improved=yes epoch_time=10.5s total_time=277.6s
[seed 4] [stage 2/3: joint VLE] [epoch 8/80] train_total=0.018358 val_score=0.880251 best=0.880251 P_MAE=2.4847 kPa y_iso_MAE=0.013625 T_MAE=1.6602 K y_isob_MAE=0.029433 improved=yes epoch_time=10.0s total_time=287.6s
[seed 4] [stage 2/3: joint VLE] [epoch 9/80] train_total=0.017698 val_score=0.927544 best=0.880251 P_MAE=3.2163 kPa y_iso_MAE=0.016126 T_MAE=1.3696 K y_isob_MAE=0.028117 improved=no epoch_time=10.7s total_time=298.3s
[seed 4] [stage 2/3: joint VLE] [epoch 10/80] train_total=0.019410 val_score=0.865365 best=0.865365 P_MAE=2.4062 kPa y_iso_MAE=0.013074 T_MAE=1.5984 K y_isob_MAE=0.030493 improved=yes epoch_time=10.5s total_time=308.8s
[seed 4] [stage 2/3: joint VLE] [epoch 11/80] train_total=0.017631 val_score=1.152596 best=0.865365 P_MAE=5.7281 kPa y_iso_MAE=0.015528 T_MAE=1.4932 K y_isob_MAE=0.026403 improved=no epoch_time=10.8s total_time=319.6s
[seed 4] [stage 2/3: joint VLE] [epoch 12/80] train_total=0.016797 val_score=1.086185 best=0.865365 P_MAE=5.3462 kPa y_iso_MAE=0.013371 T_MAE=1.5494 K y_isob_MAE=0.024994 improved=no epoch_time=10.5s total_time=330.1s
[seed 4] [stage 2/3: joint VLE] [epoch 13/80] train_total=0.015666 val_score=1.146353 best=0.865365 P_MAE=5.3547 kPa y_iso_MAE=0.014600 T_MAE=1.6084 K y_isob_MAE=0.029340 improved=no epoch_time=10.8s total_time=340.9s
[seed 4] [stage 2/3: joint VLE] [epoch 14/80] train_total=0.017520 val_score=0.922203 best=0.865365 P_MAE=3.2565 kPa y_iso_MAE=0.012024 T_MAE=1.7444 K y_isob_MAE=0.027010 improved=no epoch_time=10.6s total_time=351.5s
[seed 4] [stage 2/3: joint VLE] [epoch 15/80] train_total=0.025767 val_score=1.017089 best=0.865365 P_MAE=3.8100 kPa y_iso_MAE=0.015890 T_MAE=1.6052 K y_isob_MAE=0.028697 improved=no epoch_time=10.6s total_time=362.1s
[seed 4] [stage 2/3: joint VLE] [epoch 16/80] train_total=0.013692 val_score=0.928496 best=0.865365 P_MAE=3.6748 kPa y_iso_MAE=0.015057 T_MAE=1.3736 K y_isob_MAE=0.024696 improved=no epoch_time=10.6s total_time=372.7s
[seed 4] [stage 2/3: joint VLE] [epoch 17/80] train_total=0.014077 val_score=0.978287 best=0.865365 P_MAE=4.1614 kPa y_iso_MAE=0.013255 T_MAE=1.5059 K y_isob_MAE=0.025977 improved=no epoch_time=10.7s total_time=383.4s
[seed 4] [stage 2/3: joint VLE] [epoch 18/80] train_total=0.013057 val_score=1.058654 best=0.865365 P_MAE=4.8744 kPa y_iso_MAE=0.014275 T_MAE=1.4536 K y_isob_MAE=0.027165 improved=no epoch_time=10.4s total_time=393.7s
[seed 4] [stage 2/3: joint VLE] [epoch 19/80] train_total=0.013027 val_score=0.876516 best=0.865365 P_MAE=2.9242 kPa y_iso_MAE=0.014589 T_MAE=1.5038 K y_isob_MAE=0.025175 improved=no epoch_time=10.1s total_time=403.9s
[seed 4] [stage 2/3: joint VLE] [epoch 20/80] train_total=0.014776 val_score=0.917398 best=0.865365 P_MAE=3.1936 kPa y_iso_MAE=0.014373 T_MAE=1.5507 K y_isob_MAE=0.026734 improved=no epoch_time=10.3s total_time=414.1s
[seed 4] [stage 2/3: joint VLE] [epoch 21/80] train_total=0.021318 val_score=1.067463 best=0.865365 P_MAE=5.7243 kPa y_iso_MAE=0.012538 T_MAE=1.3917 K y_isob_MAE=0.022558 improved=no epoch_time=10.1s total_time=424.3s
[seed 4] [stage 2/3: joint VLE] [epoch 22/80] train_total=0.014263 val_score=0.903232 best=0.865365 P_MAE=3.2514 kPa y_iso_MAE=0.012194 T_MAE=1.6546 K y_isob_MAE=0.026029 improved=no epoch_time=10.3s total_time=434.6s
{"direct_ge_parameter_summary": {"stage1_trainable_parameters": 1977601, "stage2_trainable_parameters": 2015043, "stage3": {"groups": [{"learning_rate": 2e-05, "name": "pair_potential", "parameter_count": 110977, "parameter_names": ["pair_potential.0.weight", "pair_potential.0.bias", "pair_potential.2.weight", "pair_potential.2.bias"]}, {"learning_rate": 1e-05, "name": "vapor_pressure", "parameter_count": 37442, "parameter_names": ["vapor_pressure.parameter_head.0.weight", "vapor_pressure.parameter_head.0.bias", "vapor_pressure.parameter_head.2.weight", "vapor_pressure.parameter_head.2.bias"]}, {"learning_rate": 5e-06, "name": "film", "parameter_count": 111744, "parameter_names": ["film.0.weight", "film.0.bias", "film.2.weight", "film.2.bias"]}, {"learning_rate": 5e-06, "name": "mixture_token", "parameter_count": 192, "parameter_names": ["mixture_token"]}], "total_parameters": 2015043, "trainable_fraction": 0.1292056794817778, "trainable_parameters": 260355}, "total_parameters": 2015043, "trainable_fraction": 0.1292056794817778, "trainable_parameters": 260355}}
[seed 4] [stage 3/3: fugacity] starting 10 epoch(s)
[seed 4] [stage 3/3: fugacity] [epoch 1/10] train_total=0.014298 val_score=0.962093 best=0.962093 P_MAE=3.7729 kPa y_iso_MAE=0.013672 T_MAE=1.4887 K y_isob_MAE=0.028002 improved=yes epoch_time=10.0s total_time=444.6s
[seed 4] [stage 3/3: fugacity] [epoch 2/10] train_total=0.013188 val_score=0.947456 best=0.947456 P_MAE=3.9184 kPa y_iso_MAE=0.013189 T_MAE=1.3588 K y_isob_MAE=0.027652 improved=yes epoch_time=10.6s total_time=455.2s
[seed 4] [stage 3/3: fugacity] [epoch 3/10] train_total=0.012363 val_score=0.940130 best=0.940130 P_MAE=3.9372 kPa y_iso_MAE=0.013193 T_MAE=1.3387 K y_isob_MAE=0.026875 improved=yes epoch_time=10.6s total_time=465.8s
[seed 4] [stage 3/3: fugacity] [epoch 4/10] train_total=0.012465 val_score=0.920660 best=0.920660 P_MAE=3.8454 kPa y_iso_MAE=0.012603 T_MAE=1.3111 K y_isob_MAE=0.026960 improved=yes epoch_time=10.7s total_time=476.5s
[seed 4] [stage 3/3: fugacity] [epoch 5/10] train_total=0.012042 val_score=0.923174 best=0.920660 P_MAE=3.9576 kPa y_iso_MAE=0.012972 T_MAE=1.2475 K y_isob_MAE=0.026531 improved=no epoch_time=10.4s total_time=486.9s
[seed 4] [stage 3/3: fugacity] [epoch 6/10] train_total=0.011636 val_score=0.919522 best=0.919522 P_MAE=4.0056 kPa y_iso_MAE=0.013053 T_MAE=1.2151 K y_isob_MAE=0.025975 improved=yes epoch_time=10.6s total_time=497.5s
[seed 4] [stage 3/3: fugacity] [epoch 7/10] train_total=0.011862 val_score=0.935295 best=0.919522 P_MAE=4.1958 kPa y_iso_MAE=0.012782 T_MAE=1.2112 K y_isob_MAE=0.026301 improved=no epoch_time=11.0s total_time=508.5s
[seed 4] [stage 3/3: fugacity] [epoch 8/10] train_total=0.011543 val_score=0.929223 best=0.919522 P_MAE=4.0466 kPa y_iso_MAE=0.012273 T_MAE=1.2976 K y_isob_MAE=0.026525 improved=no epoch_time=10.3s total_time=518.8s
[seed 4] [stage 3/3: fugacity] [epoch 9/10] train_total=0.012006 val_score=0.916103 best=0.916103 P_MAE=3.9761 kPa y_iso_MAE=0.013085 T_MAE=1.2122 K y_isob_MAE=0.025883 improved=yes epoch_time=10.5s total_time=529.4s
[seed 4] [stage 3/3: fugacity] [epoch 10/10] train_total=0.011422 val_score=0.940476 best=0.916103 P_MAE=4.2166 kPa y_iso_MAE=0.012779 T_MAE=1.2471 K y_isob_MAE=0.026069 improved=no epoch_time=10.6s total_time=540.0s
{"protocol": "vle_binary_state_temperature_high_extrapolation", "seed": 4, "manifest": "D:\\VLE\\VLE\\thermoformer_project\\runs\\phase_equilibrium\\v1\\vle\\three\\results\\thermoformer_vle_three_stage.on.vle_binary_state_temperature_high_extrapolation\\seed_4\\manifest.json"}

$ E:\anaconda\envs\ggnn39\python.exe scripts/run_vle_benchmarks.py --protocol vle_binary_state_temperature_high_extrapolation --seeds 0 1 2 3 4 --output D:\VLE\VLE\phase_equilibrium\runs\phase_equilibrium\v1 --device cuda
