[stage experimental] starting 80 epoch(s)
[stage experimental] [epoch 1/80] train_total=0.731718 val_total=0.055470 best=0.055470 improved=yes epoch_time=2.3s total_time=2.3s
[stage experimental] [epoch 2/80] train_total=0.116774 val_total=0.056148 best=0.055470 improved=no epoch_time=2.0s total_time=4.3s
[stage experimental] [epoch 3/80] train_total=0.072679 val_total=0.030858 best=0.030858 improved=yes epoch_time=2.3s total_time=6.6s
[stage experimental] [epoch 4/80] train_total=0.068864 val_total=0.032650 best=0.030858 improved=no epoch_time=2.0s total_time=8.6s
[stage experimental] [epoch 5/80] train_total=0.061865 val_total=0.027008 best=0.027008 improved=yes epoch_time=2.0s total_time=10.7s
[stage experimental] [epoch 6/80] train_total=0.056888 val_total=0.030005 best=0.027008 improved=no epoch_time=2.0s total_time=12.7s
[stage experimental] [epoch 7/80] train_total=0.048750 val_total=0.028770 best=0.027008 improved=no epoch_time=2.0s total_time=14.6s
[stage experimental] [epoch 8/80] train_total=0.052973 val_total=0.024924 best=0.024924 improved=yes epoch_time=2.0s total_time=16.6s
[stage experimental] [epoch 9/80] train_total=0.042311 val_total=0.020196 best=0.020196 improved=yes epoch_time=2.0s total_time=18.6s
[stage experimental] [epoch 10/80] train_total=0.038963 val_total=0.020111 best=0.020111 improved=yes epoch_time=2.0s total_time=20.6s
[stage experimental] [epoch 11/80] train_total=0.042510 val_total=0.019239 best=0.019239 improved=yes epoch_time=2.0s total_time=22.6s
[stage experimental] [epoch 12/80] train_total=0.043150 val_total=0.019200 best=0.019200 improved=yes epoch_time=2.0s total_time=24.6s
[stage experimental] [epoch 13/80] train_total=0.042335 val_total=0.027718 best=0.019200 improved=no epoch_time=2.0s total_time=26.7s
[stage experimental] [epoch 14/80] train_total=0.037973 val_total=0.022550 best=0.019200 improved=no epoch_time=2.0s total_time=28.7s
[stage experimental] [epoch 15/80] train_total=0.035867 val_total=0.016199 best=0.016199 improved=yes epoch_time=2.0s total_time=30.7s
[stage experimental] [epoch 16/80] train_total=0.028619 val_total=0.023242 best=0.016199 improved=no epoch_time=2.0s total_time=32.7s
[stage experimental] [epoch 17/80] train_total=0.035977 val_total=0.032212 best=0.016199 improved=no epoch_time=2.3s total_time=35.0s
[stage experimental] [epoch 18/80] train_total=0.033351 val_total=0.017259 best=0.016199 improved=no epoch_time=3.4s total_time=38.4s
[stage experimental] [epoch 19/80] train_total=0.032911 val_total=0.017600 best=0.016199 improved=no epoch_time=1.8s total_time=40.2s
[stage experimental] [epoch 20/80] train_total=0.030252 val_total=0.016986 best=0.016199 improved=no epoch_time=1.6s total_time=41.7s
[stage experimental] [epoch 21/80] train_total=0.032824 val_total=0.016264 best=0.016199 improved=no epoch_time=1.8s total_time=43.5s
[stage experimental] [epoch 22/80] train_total=0.025881 val_total=0.016027 best=0.016027 improved=yes epoch_time=1.9s total_time=45.4s
[stage experimental] [epoch 23/80] train_total=0.024047 val_total=0.013742 best=0.013742 improved=yes epoch_time=1.9s total_time=47.3s
[stage experimental] [epoch 24/80] train_total=0.025212 val_total=0.018648 best=0.013742 improved=no epoch_time=1.9s total_time=49.2s
[stage experimental] [epoch 25/80] train_total=0.023180 val_total=0.010872 best=0.010872 improved=yes epoch_time=1.9s total_time=51.1s
[stage experimental] [epoch 26/80] train_total=0.021585 val_total=0.012407 best=0.010872 improved=no epoch_time=1.9s total_time=53.0s
[stage experimental] [epoch 27/80] train_total=0.022334 val_total=0.011464 best=0.010872 improved=no epoch_time=1.9s total_time=54.9s
[stage experimental] [epoch 28/80] train_total=0.018802 val_total=0.008697 best=0.008697 improved=yes epoch_time=1.9s total_time=56.8s
[stage experimental] [epoch 29/80] train_total=0.020306 val_total=0.009836 best=0.008697 improved=no epoch_time=1.9s total_time=58.7s
[stage experimental] [epoch 30/80] train_total=0.017414 val_total=0.009895 best=0.008697 improved=no epoch_time=1.9s total_time=60.6s
[stage experimental] [epoch 31/80] train_total=0.016098 val_total=0.006758 best=0.006758 improved=yes epoch_time=1.9s total_time=62.5s
[stage experimental] [epoch 32/80] train_total=0.018765 val_total=0.007852 best=0.006758 improved=no epoch_time=1.9s total_time=64.4s
[stage experimental] [epoch 33/80] train_total=0.016699 val_total=0.007656 best=0.006758 improved=no epoch_time=1.9s total_time=66.3s
[stage experimental] [epoch 34/80] train_total=0.015519 val_total=0.006650 best=0.006650 improved=yes epoch_time=2.0s total_time=68.2s
[stage experimental] [epoch 35/80] train_total=0.016883 val_total=0.007149 best=0.006650 improved=no epoch_time=1.9s total_time=70.1s
[stage experimental] [epoch 36/80] train_total=0.013490 val_total=0.006180 best=0.006180 improved=yes epoch_time=1.9s total_time=72.0s
[stage experimental] [epoch 37/80] train_total=0.014430 val_total=0.006977 best=0.006180 improved=no epoch_time=1.9s total_time=74.0s
[stage experimental] [epoch 38/80] train_total=0.014361 val_total=0.005291 best=0.005291 improved=yes epoch_time=1.9s total_time=75.9s
[stage experimental] [epoch 39/80] train_total=0.014177 val_total=0.013248 best=0.005291 improved=no epoch_time=1.9s total_time=77.8s
[stage experimental] [epoch 40/80] train_total=0.014037 val_total=0.007228 best=0.005291 improved=no epoch_time=1.9s total_time=79.7s
[stage experimental] [epoch 41/80] train_total=0.012190 val_total=0.006016 best=0.005291 improved=no epoch_time=2.0s total_time=81.6s
[stage experimental] [epoch 42/80] train_total=0.011746 val_total=0.005617 best=0.005291 improved=no epoch_time=1.9s total_time=83.5s
[stage experimental] [epoch 43/80] train_total=0.014538 val_total=0.005874 best=0.005291 improved=no epoch_time=1.9s total_time=85.4s
[stage experimental] [epoch 44/80] train_total=0.011521 val_total=0.005582 best=0.005291 improved=no epoch_time=2.0s total_time=87.4s
[stage experimental] [epoch 45/80] train_total=0.014069 val_total=0.006620 best=0.005291 improved=no epoch_time=1.9s total_time=89.3s
[stage experimental] [epoch 46/80] train_total=0.010720 val_total=0.006485 best=0.005291 improved=no epoch_time=1.9s total_time=91.2s
[stage experimental] [epoch 47/80] train_total=0.011229 val_total=0.008568 best=0.005291 improved=no epoch_time=1.8s total_time=93.1s
[stage experimental] [epoch 48/80] train_total=0.012767 val_total=0.010824 best=0.005291 improved=no epoch_time=1.9s total_time=94.9s
[stage experimental] [epoch 49/80] train_total=0.013333 val_total=0.004955 best=0.004955 improved=yes epoch_time=1.9s total_time=96.8s
[stage experimental] [epoch 50/80] train_total=0.010903 val_total=0.004995 best=0.004955 improved=no epoch_time=1.9s total_time=98.7s
[stage experimental] [epoch 51/80] train_total=0.010516 val_total=0.004413 best=0.004413 improved=yes epoch_time=1.9s total_time=100.6s
[stage experimental] [epoch 52/80] train_total=0.008890 val_total=0.005394 best=0.004413 improved=no epoch_time=1.9s total_time=102.5s
[stage experimental] [epoch 53/80] train_total=0.008041 val_total=0.003300 best=0.003300 improved=yes epoch_time=1.9s total_time=104.4s
[stage experimental] [epoch 54/80] train_total=0.008811 val_total=0.003139 best=0.003139 improved=yes epoch_time=1.9s total_time=106.4s
[stage experimental] [epoch 55/80] train_total=0.009466 val_total=0.003938 best=0.003139 improved=no epoch_time=2.0s total_time=108.3s
[stage experimental] [epoch 56/80] train_total=0.009345 val_total=0.003979 best=0.003139 improved=no epoch_time=1.9s total_time=110.2s
[stage experimental] [epoch 57/80] train_total=0.011725 val_total=0.007408 best=0.003139 improved=no epoch_time=1.9s total_time=112.1s
[stage experimental] [epoch 58/80] train_total=0.009749 val_total=0.002792 best=0.002792 improved=yes epoch_time=1.9s total_time=114.0s
[stage experimental] [epoch 59/80] train_total=0.011667 val_total=0.003657 best=0.002792 improved=no epoch_time=1.9s total_time=115.8s
[stage experimental] [epoch 60/80] train_total=0.010192 val_total=0.006336 best=0.002792 improved=no epoch_time=1.9s total_time=117.8s
[stage experimental] [epoch 61/80] train_total=0.011600 val_total=0.005299 best=0.002792 improved=no epoch_time=2.0s total_time=119.7s
[stage experimental] [epoch 62/80] train_total=0.008362 val_total=0.005104 best=0.002792 improved=no epoch_time=1.9s total_time=121.6s
[stage experimental] [epoch 63/80] train_total=0.008976 val_total=0.006790 best=0.002792 improved=no epoch_time=1.9s total_time=123.6s
[stage experimental] [epoch 64/80] train_total=0.011798 val_total=0.004316 best=0.002792 improved=no epoch_time=2.1s total_time=125.6s
[stage experimental] [epoch 65/80] train_total=0.009317 val_total=0.003421 best=0.002792 improved=no epoch_time=2.1s total_time=127.7s
[stage experimental] [epoch 66/80] train_total=0.009734 val_total=0.007611 best=0.002792 improved=no epoch_time=1.9s total_time=129.6s
[stage experimental] [epoch 67/80] train_total=0.008133 val_total=0.003158 best=0.002792 improved=no epoch_time=1.8s total_time=131.4s
[stage experimental] [epoch 68/80] train_total=0.008064 val_total=0.003353 best=0.002792 improved=no epoch_time=1.9s total_time=133.3s
[stage experimental] [epoch 69/80] train_total=0.009298 val_total=0.004852 best=0.002792 improved=no epoch_time=1.9s total_time=135.2s
[stage experimental] [epoch 70/80] train_total=0.007979 val_total=0.003450 best=0.002792 improved=no epoch_time=1.8s total_time=137.1s
[stage experimental] early stopping at epoch 70; best_validation=0.002792
[seed 0] [stage 1/3: direct GE] starting 20 epoch(s)
[seed 0] [stage 1/3: direct GE] [epoch 1/20] train_total=0.004031 val_score=1.260426 best=1.260426 P_MAE=3.8223 kPa y_iso_MAE=0.015315 T_MAE=1.4516 K y_isob_MAE=0.022079 improved=yes epoch_time=10.6s total_time=19.2s
[seed 0] [stage 1/3: direct GE] [epoch 2/20] train_total=0.003525 val_score=1.373009 best=1.260426 P_MAE=3.7441 kPa y_iso_MAE=0.014994 T_MAE=1.8201 K y_isob_MAE=0.024399 improved=no epoch_time=11.3s total_time=30.5s
[seed 0] [stage 1/3: direct GE] [epoch 3/20] train_total=0.003428 val_score=1.451255 best=1.260426 P_MAE=4.3457 kPa y_iso_MAE=0.015795 T_MAE=1.7992 K y_isob_MAE=0.025612 improved=no epoch_time=10.8s total_time=41.3s
[seed 0] [stage 1/3: direct GE] [epoch 4/20] train_total=0.003450 val_score=1.529143 best=1.260426 P_MAE=4.4663 kPa y_iso_MAE=0.017573 T_MAE=2.0416 K y_isob_MAE=0.023502 improved=no epoch_time=10.7s total_time=52.0s
[seed 0] [stage 1/3: direct GE] [epoch 5/20] train_total=0.003121 val_score=1.385923 best=1.260426 P_MAE=3.2685 kPa y_iso_MAE=0.014753 T_MAE=2.0680 K y_isob_MAE=0.024069 improved=no epoch_time=10.8s total_time=62.9s
[seed 0] [stage 1/3: direct GE] [epoch 6/20] train_total=0.003146 val_score=1.456217 best=1.260426 P_MAE=3.5359 kPa y_iso_MAE=0.013242 T_MAE=2.2398 K y_isob_MAE=0.026168 improved=no epoch_time=10.9s total_time=73.7s
[seed 0] [stage 1/3: direct GE] [epoch 7/20] train_total=0.003201 val_score=1.514953 best=1.260426 P_MAE=4.1601 kPa y_iso_MAE=0.016484 T_MAE=2.0682 K y_isob_MAE=0.025528 improved=no epoch_time=11.1s total_time=84.8s
[seed 0] [stage 1/3: direct GE] [epoch 8/20] train_total=0.003033 val_score=1.513595 best=1.260426 P_MAE=3.4606 kPa y_iso_MAE=0.015005 T_MAE=2.4091 K y_isob_MAE=0.025411 improved=no epoch_time=10.8s total_time=95.6s
[seed 0] [stage 1/3: direct GE] [epoch 9/20] train_total=0.003032 val_score=1.547845 best=1.260426 P_MAE=3.5733 kPa y_iso_MAE=0.014534 T_MAE=2.4568 K y_isob_MAE=0.026966 improved=no epoch_time=10.6s total_time=106.2s
[seed 0] [stage 1/3: direct GE] [epoch 10/20] train_total=0.003033 val_score=1.457816 best=1.260426 P_MAE=4.0831 kPa y_iso_MAE=0.016012 T_MAE=1.9920 K y_isob_MAE=0.023735 improved=no epoch_time=10.5s total_time=116.7s
[seed 0] [stage 1/3: direct GE] [epoch 11/20] train_total=0.003030 val_score=1.483561 best=1.260426 P_MAE=3.5431 kPa y_iso_MAE=0.013187 T_MAE=2.3889 K y_isob_MAE=0.025253 improved=no epoch_time=10.6s total_time=127.3s
[seed 0] [stage 1/3: direct GE] [epoch 12/20] train_total=0.003065 val_score=1.540853 best=1.260426 P_MAE=3.6597 kPa y_iso_MAE=0.015435 T_MAE=2.3266 K y_isob_MAE=0.027291 improved=no epoch_time=10.5s total_time=137.8s
[seed 0] [stage 1/3: direct GE] [epoch 13/20] train_total=0.003006 val_score=1.574688 best=1.260426 P_MAE=3.9448 kPa y_iso_MAE=0.016589 T_MAE=2.2614 K y_isob_MAE=0.027725 improved=no epoch_time=10.7s total_time=148.5s
[seed 0] [stage 1/3: direct GE] [epoch 14/20] train_total=0.002888 val_score=1.814214 best=1.260426 P_MAE=4.5111 kPa y_iso_MAE=0.016422 T_MAE=2.9253 K y_isob_MAE=0.029078 improved=no epoch_time=10.6s total_time=159.1s
[seed 0] [stage 1/3: direct GE] [epoch 15/20] train_total=0.002839 val_score=1.646153 best=1.260426 P_MAE=3.7447 kPa y_iso_MAE=0.014832 T_MAE=2.6491 K y_isob_MAE=0.029166 improved=no epoch_time=10.6s total_time=169.7s
[seed 0] [stage 1/3: direct GE] [epoch 16/20] train_total=0.002860 val_score=1.643249 best=1.260426 P_MAE=4.1463 kPa y_iso_MAE=0.014193 T_MAE=2.6744 K y_isob_MAE=0.026288 improved=no epoch_time=10.5s total_time=180.2s
[seed 0] [stage 1/3: direct GE] [epoch 17/20] train_total=0.002917 val_score=1.687492 best=1.260426 P_MAE=4.0553 kPa y_iso_MAE=0.016383 T_MAE=2.6822 K y_isob_MAE=0.027414 improved=no epoch_time=10.5s total_time=190.7s
[seed 0] [stage 1/3: direct GE] [epoch 18/20] train_total=0.002907 val_score=1.737203 best=1.260426 P_MAE=4.1195 kPa y_iso_MAE=0.015979 T_MAE=2.8010 K y_isob_MAE=0.028985 improved=no epoch_time=10.9s total_time=201.6s
[seed 0] [stage 1/3: direct GE] [epoch 19/20] train_total=0.002920 val_score=1.765330 best=1.260426 P_MAE=4.4035 kPa y_iso_MAE=0.016628 T_MAE=2.7600 K y_isob_MAE=0.029140 improved=no epoch_time=10.9s total_time=212.5s
[seed 0] [stage 1/3: direct GE] [epoch 20/20] train_total=0.002811 val_score=1.788131 best=1.260426 P_MAE=4.0431 kPa y_iso_MAE=0.017576 T_MAE=2.9809 K y_isob_MAE=0.027720 improved=no epoch_time=10.8s total_time=223.3s
[seed 0] [stage 2/3: joint VLE] starting 80 epoch(s)
[seed 0] [stage 2/3: joint VLE] [epoch 1/80] train_total=0.018635 val_score=1.473798 best=1.473798 P_MAE=4.6514 kPa y_iso_MAE=0.016149 T_MAE=1.8897 K y_isob_MAE=0.022785 improved=yes epoch_time=12.0s total_time=235.3s
[seed 0] [stage 2/3: joint VLE] [epoch 2/80] train_total=0.015670 val_score=1.115309 best=1.115309 P_MAE=2.9507 kPa y_iso_MAE=0.014576 T_MAE=1.2666 K y_isob_MAE=0.021727 improved=yes epoch_time=11.9s total_time=247.2s
[seed 0] [stage 2/3: joint VLE] [epoch 3/80] train_total=0.015099 val_score=1.300646 best=1.115309 P_MAE=3.7139 kPa y_iso_MAE=0.018163 T_MAE=1.4936 K y_isob_MAE=0.021403 improved=no epoch_time=11.3s total_time=258.5s
[seed 0] [stage 2/3: joint VLE] [epoch 4/80] train_total=0.013465 val_score=1.271431 best=1.115309 P_MAE=3.9641 kPa y_iso_MAE=0.014348 T_MAE=1.5296 K y_isob_MAE=0.021575 improved=no epoch_time=12.1s total_time=270.5s
[seed 0] [stage 2/3: joint VLE] [epoch 5/80] train_total=0.013671 val_score=1.257181 best=1.115309 P_MAE=2.7923 kPa y_iso_MAE=0.016117 T_MAE=1.6584 K y_isob_MAE=0.024008 improved=no epoch_time=12.1s total_time=282.6s
[seed 0] [stage 2/3: joint VLE] [epoch 6/80] train_total=0.016641 val_score=1.134922 best=1.115309 P_MAE=2.9888 kPa y_iso_MAE=0.013368 T_MAE=1.4527 K y_isob_MAE=0.020733 improved=no epoch_time=12.1s total_time=294.7s
[seed 0] [stage 2/3: joint VLE] [epoch 7/80] train_total=0.013668 val_score=1.228531 best=1.115309 P_MAE=2.9591 kPa y_iso_MAE=0.013417 T_MAE=1.8122 K y_isob_MAE=0.020862 improved=no epoch_time=12.4s total_time=307.1s
[seed 0] [stage 2/3: joint VLE] [epoch 8/80] train_total=0.015450 val_score=1.142380 best=1.115309 P_MAE=3.7317 kPa y_iso_MAE=0.014079 T_MAE=1.2316 K y_isob_MAE=0.019532 improved=no epoch_time=12.0s total_time=319.2s
[seed 0] [stage 2/3: joint VLE] [epoch 9/80] train_total=0.012904 val_score=1.198927 best=1.115309 P_MAE=2.8173 kPa y_iso_MAE=0.015005 T_MAE=1.6246 K y_isob_MAE=0.021338 improved=no epoch_time=12.0s total_time=331.2s
[seed 0] [stage 2/3: joint VLE] [epoch 10/80] train_total=0.014512 val_score=1.279037 best=1.115309 P_MAE=3.9036 kPa y_iso_MAE=0.017007 T_MAE=1.4739 K y_isob_MAE=0.020230 improved=no epoch_time=12.4s total_time=343.5s
[seed 0] [stage 2/3: joint VLE] [epoch 11/80] train_total=0.012917 val_score=1.157744 best=1.115309 P_MAE=2.9862 kPa y_iso_MAE=0.014453 T_MAE=1.4228 K y_isob_MAE=0.021759 improved=no epoch_time=11.5s total_time=355.0s
[seed 0] [stage 2/3: joint VLE] [epoch 12/80] train_total=0.014153 val_score=1.071285 best=1.071285 P_MAE=2.7092 kPa y_iso_MAE=0.013409 T_MAE=1.3618 K y_isob_MAE=0.019535 improved=yes epoch_time=11.1s total_time=366.1s
[seed 0] [stage 2/3: joint VLE] [epoch 13/80] train_total=0.012090 val_score=1.431131 best=1.071285 P_MAE=4.7655 kPa y_iso_MAE=0.017836 T_MAE=1.5723 K y_isob_MAE=0.022914 improved=no epoch_time=11.4s total_time=377.5s
[seed 0] [stage 2/3: joint VLE] [epoch 14/80] train_total=0.013564 val_score=1.124689 best=1.071285 P_MAE=3.8218 kPa y_iso_MAE=0.013800 T_MAE=1.1091 K y_isob_MAE=0.020394 improved=no epoch_time=11.8s total_time=389.3s
[seed 0] [stage 2/3: joint VLE] [epoch 15/80] train_total=0.015373 val_score=1.045371 best=1.045371 P_MAE=2.6363 kPa y_iso_MAE=0.016015 T_MAE=1.1363 K y_isob_MAE=0.019229 improved=yes epoch_time=11.7s total_time=400.9s
[seed 0] [stage 2/3: joint VLE] [epoch 16/80] train_total=0.012284 val_score=1.153052 best=1.045371 P_MAE=3.2090 kPa y_iso_MAE=0.016343 T_MAE=1.2438 K y_isob_MAE=0.020960 improved=no epoch_time=11.9s total_time=412.8s
[seed 0] [stage 2/3: joint VLE] [epoch 17/80] train_total=0.014309 val_score=1.103330 best=1.045371 P_MAE=2.5962 kPa y_iso_MAE=0.017405 T_MAE=1.2412 K y_isob_MAE=0.020117 improved=no epoch_time=12.6s total_time=425.4s
[seed 0] [stage 2/3: joint VLE] [epoch 18/80] train_total=0.012855 val_score=1.126274 best=1.045371 P_MAE=2.7728 kPa y_iso_MAE=0.016936 T_MAE=1.4028 K y_isob_MAE=0.017888 improved=no epoch_time=11.8s total_time=437.2s
[seed 0] [stage 2/3: joint VLE] [epoch 19/80] train_total=0.010885 val_score=0.980315 best=0.980315 P_MAE=2.8086 kPa y_iso_MAE=0.013053 T_MAE=1.0832 K y_isob_MAE=0.017814 improved=yes epoch_time=11.8s total_time=449.0s
[seed 0] [stage 2/3: joint VLE] [epoch 20/80] train_total=0.012278 val_score=1.022407 best=0.980315 P_MAE=2.9820 kPa y_iso_MAE=0.011650 T_MAE=1.2123 K y_isob_MAE=0.019092 improved=no epoch_time=11.9s total_time=460.9s
[seed 0] [stage 2/3: joint VLE] [epoch 21/80] train_total=0.012110 val_score=1.035281 best=0.980315 P_MAE=2.5076 kPa y_iso_MAE=0.014513 T_MAE=1.2858 K y_isob_MAE=0.018242 improved=no epoch_time=11.5s total_time=472.4s
[seed 0] [stage 2/3: joint VLE] [epoch 22/80] train_total=0.011734 val_score=1.328504 best=0.980315 P_MAE=4.7302 kPa y_iso_MAE=0.016125 T_MAE=1.4615 K y_isob_MAE=0.019544 improved=no epoch_time=11.5s total_time=483.9s
[seed 0] [stage 2/3: joint VLE] [epoch 23/80] train_total=0.014952 val_score=1.202011 best=0.980315 P_MAE=2.9920 kPa y_iso_MAE=0.012820 T_MAE=1.7718 K y_isob_MAE=0.020135 improved=no epoch_time=11.3s total_time=495.3s
[seed 0] [stage 2/3: joint VLE] [epoch 24/80] train_total=0.012614 val_score=1.113896 best=0.980315 P_MAE=3.7171 kPa y_iso_MAE=0.015410 T_MAE=1.1049 K y_isob_MAE=0.018224 improved=no epoch_time=11.3s total_time=506.6s
[seed 0] [stage 2/3: joint VLE] [epoch 25/80] train_total=0.012215 val_score=1.111408 best=0.980315 P_MAE=3.8184 kPa y_iso_MAE=0.012930 T_MAE=1.1470 K y_isob_MAE=0.019722 improved=no epoch_time=11.6s total_time=518.2s
[seed 0] [stage 2/3: joint VLE] [epoch 26/80] train_total=0.010900 val_score=0.961122 best=0.961122 P_MAE=2.6056 kPa y_iso_MAE=0.013459 T_MAE=1.0906 K y_isob_MAE=0.017070 improved=yes epoch_time=11.6s total_time=529.8s
[seed 0] [stage 2/3: joint VLE] [epoch 27/80] train_total=0.010786 val_score=1.091563 best=0.961122 P_MAE=3.4548 kPa y_iso_MAE=0.014153 T_MAE=1.1042 K y_isob_MAE=0.020071 improved=no epoch_time=11.7s total_time=541.4s
[seed 0] [stage 2/3: joint VLE] [epoch 28/80] train_total=0.010814 val_score=0.972589 best=0.961122 P_MAE=2.8274 kPa y_iso_MAE=0.011750 T_MAE=1.0829 K y_isob_MAE=0.018813 improved=no epoch_time=11.7s total_time=553.1s
[seed 0] [stage 2/3: joint VLE] [epoch 29/80] train_total=0.012842 val_score=1.073475 best=0.961122 P_MAE=2.8758 kPa y_iso_MAE=0.013458 T_MAE=1.3315 K y_isob_MAE=0.019051 improved=no epoch_time=11.7s total_time=564.8s
[seed 0] [stage 2/3: joint VLE] [epoch 30/80] train_total=0.011289 val_score=0.952907 best=0.952907 P_MAE=2.9153 kPa y_iso_MAE=0.012582 T_MAE=0.9708 K y_isob_MAE=0.017816 improved=yes epoch_time=11.7s total_time=576.5s
[seed 0] [stage 2/3: joint VLE] [epoch 31/80] train_total=0.010167 val_score=0.946197 best=0.946197 P_MAE=2.5923 kPa y_iso_MAE=0.014926 T_MAE=0.9176 K y_isob_MAE=0.017633 improved=yes epoch_time=11.6s total_time=588.0s
[seed 0] [stage 2/3: joint VLE] [epoch 32/80] train_total=0.009755 val_score=0.942555 best=0.942555 P_MAE=2.5792 kPa y_iso_MAE=0.014473 T_MAE=0.9473 K y_isob_MAE=0.017422 improved=yes epoch_time=11.6s total_time=599.6s
[seed 0] [stage 2/3: joint VLE] [epoch 33/80] train_total=0.010079 val_score=0.965455 best=0.942555 P_MAE=2.8256 kPa y_iso_MAE=0.012706 T_MAE=1.0330 K y_isob_MAE=0.018016 improved=no epoch_time=11.5s total_time=611.1s
[seed 0] [stage 2/3: joint VLE] [epoch 34/80] train_total=0.009868 val_score=0.883145 best=0.883145 P_MAE=2.2485 kPa y_iso_MAE=0.013287 T_MAE=0.9207 K y_isob_MAE=0.017240 improved=yes epoch_time=11.7s total_time=622.8s
[seed 0] [stage 2/3: joint VLE] [epoch 35/80] train_total=0.010503 val_score=0.957924 best=0.883145 P_MAE=2.3848 kPa y_iso_MAE=0.012754 T_MAE=1.1071 K y_isob_MAE=0.019046 improved=no epoch_time=11.4s total_time=634.2s
[seed 0] [stage 2/3: joint VLE] [epoch 36/80] train_total=0.011079 val_score=0.872572 best=0.872572 P_MAE=2.0160 kPa y_iso_MAE=0.013150 T_MAE=0.9378 K y_isob_MAE=0.017932 improved=yes epoch_time=11.4s total_time=645.6s
[seed 0] [stage 2/3: joint VLE] [epoch 37/80] train_total=0.012147 val_score=1.231602 best=0.872572 P_MAE=3.7869 kPa y_iso_MAE=0.015606 T_MAE=1.5213 K y_isob_MAE=0.018160 improved=no epoch_time=11.4s total_time=657.0s
[seed 0] [stage 2/3: joint VLE] [epoch 38/80] train_total=0.009901 val_score=0.873232 best=0.872572 P_MAE=2.3543 kPa y_iso_MAE=0.012560 T_MAE=0.8921 K y_isob_MAE=0.017238 improved=no epoch_time=11.6s total_time=668.6s
[seed 0] [stage 2/3: joint VLE] [epoch 39/80] train_total=0.010051 val_score=1.002455 best=0.872572 P_MAE=3.3874 kPa y_iso_MAE=0.012239 T_MAE=1.0384 K y_isob_MAE=0.017352 improved=no epoch_time=11.5s total_time=680.1s
[seed 0] [stage 2/3: joint VLE] [epoch 40/80] train_total=0.010289 val_score=1.079888 best=0.872572 P_MAE=3.1713 kPa y_iso_MAE=0.015414 T_MAE=1.2062 K y_isob_MAE=0.017387 improved=no epoch_time=11.4s total_time=691.5s
[seed 0] [stage 2/3: joint VLE] [epoch 41/80] train_total=0.010430 val_score=0.946694 best=0.872572 P_MAE=2.6281 kPa y_iso_MAE=0.013617 T_MAE=0.9614 K y_isob_MAE=0.018247 improved=no epoch_time=11.3s total_time=702.9s
[seed 0] [stage 2/3: joint VLE] [epoch 42/80] train_total=0.009495 val_score=0.978273 best=0.872572 P_MAE=3.1239 kPa y_iso_MAE=0.012821 T_MAE=0.9925 K y_isob_MAE=0.017537 improved=no epoch_time=11.2s total_time=714.1s
[seed 0] [stage 2/3: joint VLE] [epoch 43/80] train_total=0.009649 val_score=1.009472 best=0.872572 P_MAE=2.5797 kPa y_iso_MAE=0.013825 T_MAE=1.2654 K y_isob_MAE=0.016985 improved=no epoch_time=11.6s total_time=725.7s
[seed 0] [stage 2/3: joint VLE] [epoch 44/80] train_total=0.011188 val_score=1.079308 best=0.872572 P_MAE=3.1573 kPa y_iso_MAE=0.013089 T_MAE=1.2835 K y_isob_MAE=0.018942 improved=no epoch_time=11.3s total_time=737.1s
[seed 0] [stage 2/3: joint VLE] [epoch 45/80] train_total=0.009755 val_score=0.965624 best=0.872572 P_MAE=2.4374 kPa y_iso_MAE=0.013897 T_MAE=1.0422 K y_isob_MAE=0.019107 improved=no epoch_time=11.4s total_time=748.5s
[seed 0] [stage 2/3: joint VLE] [epoch 46/80] train_total=0.009013 val_score=0.855199 best=0.855199 P_MAE=2.1983 kPa y_iso_MAE=0.012760 T_MAE=0.9132 K y_isob_MAE=0.016228 improved=yes epoch_time=11.6s total_time=760.1s
[seed 0] [stage 2/3: joint VLE] [epoch 47/80] train_total=0.009125 val_score=0.954839 best=0.855199 P_MAE=2.2923 kPa y_iso_MAE=0.014364 T_MAE=0.9956 K y_isob_MAE=0.019664 improved=no epoch_time=11.3s total_time=771.4s
[seed 0] [stage 2/3: joint VLE] [epoch 48/80] train_total=0.008877 val_score=0.891587 best=0.855199 P_MAE=2.5710 kPa y_iso_MAE=0.011308 T_MAE=0.9325 K y_isob_MAE=0.017945 improved=no epoch_time=11.4s total_time=782.8s
[seed 0] [stage 2/3: joint VLE] [epoch 49/80] train_total=0.009095 val_score=0.927784 best=0.855199 P_MAE=2.5073 kPa y_iso_MAE=0.012675 T_MAE=0.9668 K y_isob_MAE=0.018772 improved=no epoch_time=11.4s total_time=794.2s
[seed 0] [stage 2/3: joint VLE] [epoch 50/80] train_total=0.008588 val_score=0.901254 best=0.855199 P_MAE=2.1592 kPa y_iso_MAE=0.013831 T_MAE=0.9139 K y_isob_MAE=0.018771 improved=no epoch_time=11.5s total_time=805.7s
[seed 0] [stage 2/3: joint VLE] [epoch 51/80] train_total=0.010993 val_score=0.939626 best=0.855199 P_MAE=2.2116 kPa y_iso_MAE=0.013890 T_MAE=1.0513 K y_isob_MAE=0.018503 improved=no epoch_time=11.5s total_time=817.2s
[seed 0] [stage 2/3: joint VLE] [epoch 52/80] train_total=0.010563 val_score=1.127614 best=0.855199 P_MAE=3.6726 kPa y_iso_MAE=0.014483 T_MAE=1.1893 K y_isob_MAE=0.019129 improved=no epoch_time=11.9s total_time=829.0s
[seed 0] [stage 2/3: joint VLE] [epoch 53/80] train_total=0.009315 val_score=0.909694 best=0.855199 P_MAE=2.3172 kPa y_iso_MAE=0.013759 T_MAE=0.9566 K y_isob_MAE=0.017479 improved=no epoch_time=11.5s total_time=840.5s
[seed 0] [stage 2/3: joint VLE] [epoch 54/80] train_total=0.008569 val_score=0.935042 best=0.855199 P_MAE=2.1564 kPa y_iso_MAE=0.013107 T_MAE=1.1243 K y_isob_MAE=0.018059 improved=no epoch_time=11.4s total_time=851.9s
[seed 0] [stage 2/3: joint VLE] [epoch 55/80] train_total=0.009140 val_score=0.909800 best=0.855199 P_MAE=2.3580 kPa y_iso_MAE=0.013176 T_MAE=0.9435 K y_isob_MAE=0.018244 improved=no epoch_time=11.6s total_time=863.6s
[seed 0] [stage 2/3: joint VLE] [epoch 56/80] train_total=0.010315 val_score=1.081832 best=0.855199 P_MAE=2.6806 kPa y_iso_MAE=0.014790 T_MAE=1.3996 K y_isob_MAE=0.017945 improved=no epoch_time=11.5s total_time=875.0s
[seed 0] [stage 2/3: joint VLE] [epoch 57/80] train_total=0.010523 val_score=0.974812 best=0.855199 P_MAE=2.6279 kPa y_iso_MAE=0.014186 T_MAE=0.9867 K y_isob_MAE=0.019216 improved=no epoch_time=12.0s total_time=887.0s
[seed 0] [stage 2/3: joint VLE] [epoch 58/80] train_total=0.010073 val_score=0.957587 best=0.855199 P_MAE=2.4978 kPa y_iso_MAE=0.013303 T_MAE=1.0027 K y_isob_MAE=0.019642 improved=no epoch_time=12.1s total_time=899.1s
{"direct_ge_parameter_summary": {"stage1_trainable_parameters": 1977601, "stage2_trainable_parameters": 2015043, "stage3": {"groups": [{"learning_rate": 2e-05, "name": "pair_potential", "parameter_count": 110977, "parameter_names": ["pair_potential.0.weight", "pair_potential.0.bias", "pair_potential.2.weight", "pair_potential.2.bias"]}, {"learning_rate": 1e-05, "name": "vapor_pressure", "parameter_count": 37442, "parameter_names": ["vapor_pressure.parameter_head.0.weight", "vapor_pressure.parameter_head.0.bias", "vapor_pressure.parameter_head.2.weight", "vapor_pressure.parameter_head.2.bias"]}, {"learning_rate": 5e-06, "name": "film", "parameter_count": 111744, "parameter_names": ["film.0.weight", "film.0.bias", "film.2.weight", "film.2.bias"]}, {"learning_rate": 5e-06, "name": "mixture_token", "parameter_count": 192, "parameter_names": ["mixture_token"]}], "total_parameters": 2015043, "trainable_fraction": 0.1292056794817778, "trainable_parameters": 260355}, "total_parameters": 2015043, "trainable_fraction": 0.1292056794817778, "trainable_parameters": 260355}}
[seed 0] [stage 3/3: fugacity] starting 10 epoch(s)
[seed 0] [stage 3/3: fugacity] [epoch 1/10] train_total=0.007842 val_score=0.833571 best=0.833571 P_MAE=2.1565 kPa y_iso_MAE=0.012654 T_MAE=0.8422 K y_isob_MAE=0.016431 improved=yes epoch_time=11.9s total_time=911.0s
[seed 0] [stage 3/3: fugacity] [epoch 2/10] train_total=0.007492 val_score=0.813681 best=0.813681 P_MAE=2.0805 kPa y_iso_MAE=0.012378 T_MAE=0.8228 K y_isob_MAE=0.016172 improved=yes epoch_time=11.6s total_time=922.6s
[seed 0] [stage 3/3: fugacity] [epoch 3/10] train_total=0.007019 val_score=0.810040 best=0.810040 P_MAE=2.0847 kPa y_iso_MAE=0.012401 T_MAE=0.7988 K y_isob_MAE=0.016321 improved=yes epoch_time=11.5s total_time=934.1s
[seed 0] [stage 3/3: fugacity] [epoch 4/10] train_total=0.007270 val_score=0.805116 best=0.805116 P_MAE=2.0740 kPa y_iso_MAE=0.012276 T_MAE=0.7950 K y_isob_MAE=0.016250 improved=yes epoch_time=11.5s total_time=945.6s
[seed 0] [stage 3/3: fugacity] [epoch 5/10] train_total=0.006414 val_score=0.800726 best=0.800726 P_MAE=2.0873 kPa y_iso_MAE=0.012330 T_MAE=0.7707 K y_isob_MAE=0.016238 improved=yes epoch_time=11.2s total_time=956.9s
[seed 0] [stage 3/3: fugacity] [epoch 6/10] train_total=0.006949 val_score=0.810705 best=0.800726 P_MAE=2.1467 kPa y_iso_MAE=0.012280 T_MAE=0.7864 K y_isob_MAE=0.016339 improved=no epoch_time=11.2s total_time=968.0s
[seed 0] [stage 3/3: fugacity] [epoch 7/10] train_total=0.006378 val_score=0.822216 best=0.800726 P_MAE=2.1606 kPa y_iso_MAE=0.012248 T_MAE=0.8197 K y_isob_MAE=0.016506 improved=no epoch_time=11.2s total_time=979.2s
[seed 0] [stage 3/3: fugacity] [epoch 8/10] train_total=0.006556 val_score=0.794421 best=0.794421 P_MAE=2.0174 kPa y_iso_MAE=0.012256 T_MAE=0.7739 K y_isob_MAE=0.016280 improved=yes epoch_time=11.6s total_time=990.8s
[seed 0] [stage 3/3: fugacity] [epoch 9/10] train_total=0.006363 val_score=0.796921 best=0.794421 P_MAE=2.0441 kPa y_iso_MAE=0.012355 T_MAE=0.7603 K y_isob_MAE=0.016437 improved=no epoch_time=11.4s total_time=1002.2s
[seed 0] [stage 3/3: fugacity] [epoch 10/10] train_total=0.006365 val_score=0.801904 best=0.794421 P_MAE=2.1290 kPa y_iso_MAE=0.012289 T_MAE=0.7554 K y_isob_MAE=0.016401 improved=no epoch_time=11.6s total_time=1013.9s
{"protocol": "vle_binary_state_composition_edge_extrapolation", "seed": 0, "manifest": "D:\\VLE\\VLE\\thermoformer_project\\runs\\phase_equilibrium\\v1\\vle\\three\\results\\thermoformer_vle_three_stage.on.vle_binary_state_composition_edge_extrapolation\\seed_0\\manifest.json"}
[stage experimental] starting 80 epoch(s)
[stage experimental] [epoch 1/80] train_total=0.690004 val_total=0.069468 best=0.069468 improved=yes epoch_time=1.9s total_time=1.9s
[stage experimental] [epoch 2/80] train_total=0.105105 val_total=0.045171 best=0.045171 improved=yes epoch_time=1.9s total_time=3.8s
[stage experimental] [epoch 3/80] train_total=0.077397 val_total=0.031879 best=0.031879 improved=yes epoch_time=1.9s total_time=5.7s
[stage experimental] [epoch 4/80] train_total=0.062088 val_total=0.032356 best=0.031879 improved=no epoch_time=1.9s total_time=7.6s
[stage experimental] [epoch 5/80] train_total=0.053599 val_total=0.027915 best=0.027915 improved=yes epoch_time=1.8s total_time=9.5s
[stage experimental] [epoch 6/80] train_total=0.048194 val_total=0.029132 best=0.027915 improved=no epoch_time=1.9s total_time=11.4s
[stage experimental] [epoch 7/80] train_total=0.049430 val_total=0.029359 best=0.027915 improved=no epoch_time=1.9s total_time=13.3s
[stage experimental] [epoch 8/80] train_total=0.049992 val_total=0.027834 best=0.027834 improved=yes epoch_time=2.0s total_time=15.3s
[stage experimental] [epoch 9/80] train_total=0.049541 val_total=0.019895 best=0.019895 improved=yes epoch_time=2.0s total_time=17.4s
[stage experimental] [epoch 10/80] train_total=0.051259 val_total=0.028152 best=0.019895 improved=no epoch_time=2.1s total_time=19.4s
[stage experimental] [epoch 11/80] train_total=0.043814 val_total=0.016975 best=0.016975 improved=yes epoch_time=1.9s total_time=21.3s
[stage experimental] [epoch 12/80] train_total=0.037500 val_total=0.021052 best=0.016975 improved=no epoch_time=2.0s total_time=23.3s
[stage experimental] [epoch 13/80] train_total=0.035738 val_total=0.015768 best=0.015768 improved=yes epoch_time=1.9s total_time=25.3s
[stage experimental] [epoch 14/80] train_total=0.033689 val_total=0.017713 best=0.015768 improved=no epoch_time=1.9s total_time=27.2s
[stage experimental] [epoch 15/80] train_total=0.034001 val_total=0.017908 best=0.015768 improved=no epoch_time=1.9s total_time=29.1s
[stage experimental] [epoch 16/80] train_total=0.033433 val_total=0.016298 best=0.015768 improved=no epoch_time=1.9s total_time=30.9s
[stage experimental] [epoch 17/80] train_total=0.032668 val_total=0.020727 best=0.015768 improved=no epoch_time=1.9s total_time=32.8s
[stage experimental] [epoch 18/80] train_total=0.029139 val_total=0.013935 best=0.013935 improved=yes epoch_time=1.9s total_time=34.7s
[stage experimental] [epoch 19/80] train_total=0.028195 val_total=0.016414 best=0.013935 improved=no epoch_time=1.9s total_time=36.6s
[stage experimental] [epoch 20/80] train_total=0.028749 val_total=0.015290 best=0.013935 improved=no epoch_time=1.9s total_time=38.5s
[stage experimental] [epoch 21/80] train_total=0.027987 val_total=0.014702 best=0.013935 improved=no epoch_time=1.8s total_time=40.3s
[stage experimental] [epoch 22/80] train_total=0.031219 val_total=0.013983 best=0.013935 improved=no epoch_time=1.8s total_time=42.1s
[stage experimental] [epoch 23/80] train_total=0.024437 val_total=0.016426 best=0.013935 improved=no epoch_time=1.9s total_time=44.0s
[stage experimental] [epoch 24/80] train_total=0.026762 val_total=0.012700 best=0.012700 improved=yes epoch_time=1.9s total_time=45.9s
[stage experimental] [epoch 25/80] train_total=0.021010 val_total=0.014871 best=0.012700 improved=no epoch_time=1.9s total_time=47.8s
[stage experimental] [epoch 26/80] train_total=0.019817 val_total=0.010198 best=0.010198 improved=yes epoch_time=1.8s total_time=49.6s
[stage experimental] [epoch 27/80] train_total=0.022835 val_total=0.009940 best=0.009940 improved=yes epoch_time=1.9s total_time=51.5s
[stage experimental] [epoch 28/80] train_total=0.024078 val_total=0.016912 best=0.009940 improved=no epoch_time=1.9s total_time=53.4s
[stage experimental] [epoch 29/80] train_total=0.019379 val_total=0.007457 best=0.007457 improved=yes epoch_time=1.9s total_time=55.3s
[stage experimental] [epoch 30/80] train_total=0.015862 val_total=0.007044 best=0.007044 improved=yes epoch_time=2.0s total_time=57.3s
[stage experimental] [epoch 31/80] train_total=0.019297 val_total=0.013598 best=0.007044 improved=no epoch_time=1.9s total_time=59.2s
[stage experimental] [epoch 32/80] train_total=0.016760 val_total=0.007981 best=0.007044 improved=no epoch_time=1.9s total_time=61.0s
[stage experimental] [epoch 33/80] train_total=0.020666 val_total=0.007522 best=0.007044 improved=no epoch_time=1.9s total_time=63.0s
[stage experimental] [epoch 34/80] train_total=0.016136 val_total=0.007046 best=0.007044 improved=no epoch_time=1.9s total_time=64.9s
[stage experimental] [epoch 35/80] train_total=0.015560 val_total=0.010772 best=0.007044 improved=no epoch_time=1.9s total_time=66.8s
[stage experimental] [epoch 36/80] train_total=0.016630 val_total=0.005739 best=0.005739 improved=yes epoch_time=2.0s total_time=68.8s
[stage experimental] [epoch 37/80] train_total=0.014427 val_total=0.005809 best=0.005739 improved=no epoch_time=1.8s total_time=70.6s
[stage experimental] [epoch 38/80] train_total=0.012666 val_total=0.005066 best=0.005066 improved=yes epoch_time=2.0s total_time=72.6s
[stage experimental] [epoch 39/80] train_total=0.013061 val_total=0.007782 best=0.005066 improved=no epoch_time=1.9s total_time=74.5s
[stage experimental] [epoch 40/80] train_total=0.015054 val_total=0.005591 best=0.005066 improved=no epoch_time=1.9s total_time=76.4s
[stage experimental] [epoch 41/80] train_total=0.012065 val_total=0.009502 best=0.005066 improved=no epoch_time=1.9s total_time=78.3s
[stage experimental] [epoch 42/80] train_total=0.015885 val_total=0.009286 best=0.005066 improved=no epoch_time=1.9s total_time=80.2s
[stage experimental] [epoch 43/80] train_total=0.012063 val_total=0.009157 best=0.005066 improved=no epoch_time=1.8s total_time=82.0s
[stage experimental] [epoch 44/80] train_total=0.017091 val_total=0.005948 best=0.005066 improved=no epoch_time=1.9s total_time=84.0s
[stage experimental] [epoch 45/80] train_total=0.011270 val_total=0.006785 best=0.005066 improved=no epoch_time=1.9s total_time=85.9s
[stage experimental] [epoch 46/80] train_total=0.013884 val_total=0.004065 best=0.004065 improved=yes epoch_time=2.0s total_time=87.8s
[stage experimental] [epoch 47/80] train_total=0.008898 val_total=0.003770 best=0.003770 improved=yes epoch_time=1.9s total_time=89.8s
[stage experimental] [epoch 48/80] train_total=0.011981 val_total=0.006524 best=0.003770 improved=no epoch_time=1.8s total_time=91.6s
[stage experimental] [epoch 49/80] train_total=0.014607 val_total=0.005777 best=0.003770 improved=no epoch_time=2.0s total_time=93.6s
[stage experimental] [epoch 50/80] train_total=0.010483 val_total=0.004549 best=0.003770 improved=no epoch_time=2.0s total_time=95.6s
[stage experimental] [epoch 51/80] train_total=0.010209 val_total=0.005589 best=0.003770 improved=no epoch_time=2.0s total_time=97.6s
[stage experimental] [epoch 52/80] train_total=0.010223 val_total=0.007068 best=0.003770 improved=no epoch_time=2.0s total_time=99.6s
[stage experimental] [epoch 53/80] train_total=0.009680 val_total=0.003810 best=0.003770 improved=no epoch_time=1.9s total_time=101.4s
[stage experimental] [epoch 54/80] train_total=0.009873 val_total=0.004880 best=0.003770 improved=no epoch_time=1.9s total_time=103.3s
[stage experimental] [epoch 55/80] train_total=0.009256 val_total=0.004946 best=0.003770 improved=no epoch_time=2.0s total_time=105.3s
[stage experimental] [epoch 56/80] train_total=0.009646 val_total=0.013576 best=0.003770 improved=no epoch_time=2.0s total_time=107.3s
[stage experimental] [epoch 57/80] train_total=0.009175 val_total=0.003928 best=0.003770 improved=no epoch_time=2.0s total_time=109.3s
[stage experimental] [epoch 58/80] train_total=0.008787 val_total=0.002931 best=0.002931 improved=yes epoch_time=1.9s total_time=111.2s
[stage experimental] [epoch 59/80] train_total=0.010559 val_total=0.005111 best=0.002931 improved=no epoch_time=1.9s total_time=113.1s
[stage experimental] [epoch 60/80] train_total=0.008543 val_total=0.003785 best=0.002931 improved=no epoch_time=1.9s total_time=115.0s
[stage experimental] [epoch 61/80] train_total=0.010755 val_total=0.003674 best=0.002931 improved=no epoch_time=1.9s total_time=117.0s
[stage experimental] [epoch 62/80] train_total=0.009778 val_total=0.005546 best=0.002931 improved=no epoch_time=2.0s total_time=118.9s
[stage experimental] [epoch 63/80] train_total=0.010756 val_total=0.005375 best=0.002931 improved=no epoch_time=1.9s total_time=120.8s
[stage experimental] [epoch 64/80] train_total=0.008891 val_total=0.003571 best=0.002931 improved=no epoch_time=2.0s total_time=122.8s
[stage experimental] [epoch 65/80] train_total=0.009534 val_total=0.004793 best=0.002931 improved=no epoch_time=2.0s total_time=124.7s
[stage experimental] [epoch 66/80] train_total=0.009197 val_total=0.004214 best=0.002931 improved=no epoch_time=1.9s total_time=126.7s
[stage experimental] [epoch 67/80] train_total=0.011186 val_total=0.006134 best=0.002931 improved=no epoch_time=1.9s total_time=128.6s
[stage experimental] [epoch 68/80] train_total=0.010877 val_total=0.005650 best=0.002931 improved=no epoch_time=2.0s total_time=130.6s
[stage experimental] [epoch 69/80] train_total=0.010345 val_total=0.004969 best=0.002931 improved=no epoch_time=1.8s total_time=132.4s
[stage experimental] [epoch 70/80] train_total=0.011292 val_total=0.005735 best=0.002931 improved=no epoch_time=1.9s total_time=134.3s
[stage experimental] early stopping at epoch 70; best_validation=0.002931
[seed 1] [stage 1/3: direct GE] starting 20 epoch(s)
[seed 1] [stage 1/3: direct GE] [epoch 1/20] train_total=0.003945 val_score=1.338510 best=1.338510 P_MAE=3.4370 kPa y_iso_MAE=0.016350 T_MAE=1.8760 K y_isob_MAE=0.024088 improved=yes epoch_time=10.9s total_time=19.8s
[seed 1] [stage 1/3: direct GE] [epoch 2/20] train_total=0.003562 val_score=1.144340 best=1.144340 P_MAE=3.0942 kPa y_iso_MAE=0.013806 T_MAE=1.4596 K y_isob_MAE=0.022503 improved=yes epoch_time=10.6s total_time=30.5s
[seed 1] [stage 1/3: direct GE] [epoch 3/20] train_total=0.003354 val_score=1.245792 best=1.144340 P_MAE=3.8186 kPa y_iso_MAE=0.015454 T_MAE=1.5681 K y_isob_MAE=0.021351 improved=no epoch_time=10.4s total_time=40.9s
[seed 1] [stage 1/3: direct GE] [epoch 4/20] train_total=0.003321 val_score=1.251740 best=1.144340 P_MAE=3.3553 kPa y_iso_MAE=0.015516 T_MAE=1.5857 K y_isob_MAE=0.024502 improved=no epoch_time=10.3s total_time=51.2s
[seed 1] [stage 1/3: direct GE] [epoch 5/20] train_total=0.003189 val_score=1.217991 best=1.144340 P_MAE=3.7592 kPa y_iso_MAE=0.014631 T_MAE=1.4342 K y_isob_MAE=0.023174 improved=no epoch_time=10.5s total_time=61.7s
[seed 1] [stage 1/3: direct GE] [epoch 6/20] train_total=0.003112 val_score=1.501181 best=1.144340 P_MAE=4.3260 kPa y_iso_MAE=0.016672 T_MAE=1.9250 K y_isob_MAE=0.029331 improved=no epoch_time=10.5s total_time=72.3s
[seed 1] [stage 1/3: direct GE] [epoch 7/20] train_total=0.003232 val_score=1.455396 best=1.144340 P_MAE=3.9963 kPa y_iso_MAE=0.015566 T_MAE=2.0953 K y_isob_MAE=0.026159 improved=no epoch_time=10.8s total_time=83.1s
[seed 1] [stage 1/3: direct GE] [epoch 8/20] train_total=0.003133 val_score=1.328070 best=1.144340 P_MAE=3.8971 kPa y_iso_MAE=0.014388 T_MAE=1.7601 K y_isob_MAE=0.024847 improved=no epoch_time=10.5s total_time=93.7s
[seed 1] [stage 1/3: direct GE] [epoch 9/20] train_total=0.003063 val_score=1.280546 best=1.144340 P_MAE=3.5694 kPa y_iso_MAE=0.014844 T_MAE=1.7300 K y_isob_MAE=0.023385 improved=no epoch_time=10.5s total_time=104.1s
[seed 1] [stage 1/3: direct GE] [epoch 10/20] train_total=0.002978 val_score=1.412135 best=1.144340 P_MAE=3.7540 kPa y_iso_MAE=0.015352 T_MAE=2.0582 K y_isob_MAE=0.025421 improved=no epoch_time=10.2s total_time=114.4s
[seed 1] [stage 1/3: direct GE] [epoch 11/20] train_total=0.003040 val_score=1.383497 best=1.144340 P_MAE=3.5864 kPa y_iso_MAE=0.014565 T_MAE=2.1516 K y_isob_MAE=0.023546 improved=no epoch_time=10.6s total_time=125.0s
[seed 1] [stage 1/3: direct GE] [epoch 12/20] train_total=0.003073 val_score=1.337130 best=1.144340 P_MAE=3.6168 kPa y_iso_MAE=0.013912 T_MAE=1.8619 K y_isob_MAE=0.026085 improved=no epoch_time=10.4s total_time=135.4s
[seed 1] [stage 1/3: direct GE] [epoch 13/20] train_total=0.003004 val_score=1.555028 best=1.144340 P_MAE=4.7341 kPa y_iso_MAE=0.015745 T_MAE=2.1860 K y_isob_MAE=0.026946 improved=no epoch_time=10.5s total_time=145.9s
[seed 1] [stage 1/3: direct GE] [epoch 14/20] train_total=0.003001 val_score=1.357038 best=1.144340 P_MAE=3.9117 kPa y_iso_MAE=0.015217 T_MAE=1.7781 K y_isob_MAE=0.025604 improved=no epoch_time=10.6s total_time=156.5s
[seed 1] [stage 1/3: direct GE] [epoch 15/20] train_total=0.002905 val_score=1.413626 best=1.144340 P_MAE=3.8943 kPa y_iso_MAE=0.016359 T_MAE=1.9587 K y_isob_MAE=0.025229 improved=no epoch_time=10.6s total_time=167.1s
[seed 1] [stage 1/3: direct GE] [epoch 16/20] train_total=0.002833 val_score=1.566711 best=1.144340 P_MAE=3.6325 kPa y_iso_MAE=0.015174 T_MAE=2.6397 K y_isob_MAE=0.027325 improved=no epoch_time=10.5s total_time=177.6s
[seed 1] [stage 1/3: direct GE] [epoch 17/20] train_total=0.002864 val_score=1.395139 best=1.144340 P_MAE=3.7840 kPa y_iso_MAE=0.015529 T_MAE=1.9322 K y_isob_MAE=0.026081 improved=no epoch_time=10.3s total_time=188.0s
[seed 1] [stage 1/3: direct GE] [epoch 18/20] train_total=0.002832 val_score=1.418881 best=1.144340 P_MAE=3.6432 kPa y_iso_MAE=0.013236 T_MAE=2.1840 K y_isob_MAE=0.026933 improved=no epoch_time=10.6s total_time=198.5s
[seed 1] [stage 1/3: direct GE] [epoch 19/20] train_total=0.003101 val_score=1.552582 best=1.144340 P_MAE=3.7934 kPa y_iso_MAE=0.016478 T_MAE=2.5046 K y_isob_MAE=0.026099 improved=no epoch_time=10.4s total_time=208.9s
[seed 1] [stage 1/3: direct GE] [epoch 20/20] train_total=0.002969 val_score=1.540532 best=1.144340 P_MAE=4.2783 kPa y_iso_MAE=0.015152 T_MAE=2.3153 K y_isob_MAE=0.027167 improved=no epoch_time=10.5s total_time=219.4s
[seed 1] [stage 2/3: joint VLE] starting 80 epoch(s)
[seed 1] [stage 2/3: joint VLE] [epoch 1/80] train_total=0.018183 val_score=1.097136 best=1.097136 P_MAE=3.0884 kPa y_iso_MAE=0.013751 T_MAE=1.3865 K y_isob_MAE=0.020361 improved=yes epoch_time=11.7s total_time=231.2s
[seed 1] [stage 2/3: joint VLE] [epoch 2/80] train_total=0.017092 val_score=1.299335 best=1.097136 P_MAE=4.6500 kPa y_iso_MAE=0.015290 T_MAE=1.4720 K y_isob_MAE=0.021933 improved=no epoch_time=11.6s total_time=242.7s
[seed 1] [stage 2/3: joint VLE] [epoch 3/80] train_total=0.014904 val_score=1.209422 best=1.097136 P_MAE=3.8410 kPa y_iso_MAE=0.016660 T_MAE=1.4124 K y_isob_MAE=0.019852 improved=no epoch_time=11.7s total_time=254.4s
[seed 1] [stage 2/3: joint VLE] [epoch 4/80] train_total=0.013268 val_score=1.197575 best=1.097136 P_MAE=3.2729 kPa y_iso_MAE=0.014533 T_MAE=1.5666 K y_isob_MAE=0.022468 improved=no epoch_time=12.0s total_time=266.4s
[seed 1] [stage 2/3: joint VLE] [epoch 5/80] train_total=0.013599 val_score=1.196477 best=1.097136 P_MAE=3.3210 kPa y_iso_MAE=0.016153 T_MAE=1.4733 K y_isob_MAE=0.021813 improved=no epoch_time=11.7s total_time=278.1s
[seed 1] [stage 2/3: joint VLE] [epoch 6/80] train_total=0.013484 val_score=1.084758 best=1.084758 P_MAE=3.3278 kPa y_iso_MAE=0.014018 T_MAE=1.2648 K y_isob_MAE=0.019781 improved=yes epoch_time=11.8s total_time=289.9s
[seed 1] [stage 2/3: joint VLE] [epoch 7/80] train_total=0.016288 val_score=1.113838 best=1.084758 P_MAE=3.6286 kPa y_iso_MAE=0.014766 T_MAE=1.1487 K y_isob_MAE=0.021278 improved=no epoch_time=11.5s total_time=301.4s
[seed 1] [stage 2/3: joint VLE] [epoch 8/80] train_total=0.017468 val_score=1.295940 best=1.084758 P_MAE=4.1280 kPa y_iso_MAE=0.014668 T_MAE=1.6861 K y_isob_MAE=0.021879 improved=no epoch_time=11.8s total_time=313.2s
[seed 1] [stage 2/3: joint VLE] [epoch 9/80] train_total=0.014364 val_score=1.072438 best=1.072438 P_MAE=3.3522 kPa y_iso_MAE=0.013425 T_MAE=1.1975 K y_isob_MAE=0.020686 improved=yes epoch_time=11.9s total_time=325.1s
[seed 1] [stage 2/3: joint VLE] [epoch 10/80] train_total=0.014442 val_score=1.288568 best=1.072438 P_MAE=3.6335 kPa y_iso_MAE=0.017789 T_MAE=1.6655 K y_isob_MAE=0.021127 improved=no epoch_time=11.7s total_time=336.8s
[seed 1] [stage 2/3: joint VLE] [epoch 11/80] train_total=0.016208 val_score=1.221590 best=1.072438 P_MAE=3.1633 kPa y_iso_MAE=0.017040 T_MAE=1.6350 K y_isob_MAE=0.020631 improved=no epoch_time=11.9s total_time=348.8s
[seed 1] [stage 2/3: joint VLE] [epoch 12/80] train_total=0.012307 val_score=1.047293 best=1.047293 P_MAE=3.2922 kPa y_iso_MAE=0.016983 T_MAE=1.0296 K y_isob_MAE=0.017904 improved=yes epoch_time=12.1s total_time=360.9s
[seed 1] [stage 2/3: joint VLE] [epoch 13/80] train_total=0.011689 val_score=1.068709 best=1.047293 P_MAE=2.8671 kPa y_iso_MAE=0.014420 T_MAE=1.3495 K y_isob_MAE=0.019524 improved=no epoch_time=11.7s total_time=372.6s
[seed 1] [stage 2/3: joint VLE] [epoch 14/80] train_total=0.012649 val_score=1.141366 best=1.047293 P_MAE=4.1210 kPa y_iso_MAE=0.014799 T_MAE=1.1586 K y_isob_MAE=0.019869 improved=no epoch_time=11.8s total_time=384.4s
[seed 1] [stage 2/3: joint VLE] [epoch 15/80] train_total=0.012611 val_score=1.002786 best=1.002786 P_MAE=3.0710 kPa y_iso_MAE=0.014408 T_MAE=1.0087 K y_isob_MAE=0.019563 improved=yes epoch_time=11.5s total_time=395.9s
[seed 1] [stage 2/3: joint VLE] [epoch 16/80] train_total=0.012678 val_score=1.089818 best=1.002786 P_MAE=2.7800 kPa y_iso_MAE=0.017770 T_MAE=1.2765 K y_isob_MAE=0.018944 improved=no epoch_time=11.5s total_time=407.5s
[seed 1] [stage 2/3: joint VLE] [epoch 17/80] train_total=0.012625 val_score=1.130356 best=1.002786 P_MAE=3.3623 kPa y_iso_MAE=0.016920 T_MAE=1.2684 K y_isob_MAE=0.019377 improved=no epoch_time=11.6s total_time=419.1s
[seed 1] [stage 2/3: joint VLE] [epoch 18/80] train_total=0.011629 val_score=0.917513 best=0.917513 P_MAE=2.4719 kPa y_iso_MAE=0.015312 T_MAE=0.8973 K y_isob_MAE=0.017996 improved=yes epoch_time=11.2s total_time=430.3s
[seed 1] [stage 2/3: joint VLE] [epoch 19/80] train_total=0.011260 val_score=1.049943 best=0.917513 P_MAE=3.0621 kPa y_iso_MAE=0.014249 T_MAE=1.3153 K y_isob_MAE=0.017633 improved=no epoch_time=11.2s total_time=441.5s
[seed 1] [stage 2/3: joint VLE] [epoch 20/80] train_total=0.014728 val_score=1.019621 best=0.917513 P_MAE=2.6197 kPa y_iso_MAE=0.014880 T_MAE=1.1857 K y_isob_MAE=0.019935 improved=no epoch_time=11.8s total_time=453.2s
[seed 1] [stage 2/3: joint VLE] [epoch 21/80] train_total=0.010644 val_score=1.071511 best=0.917513 P_MAE=3.0864 kPa y_iso_MAE=0.013347 T_MAE=1.4000 K y_isob_MAE=0.018649 improved=no epoch_time=11.2s total_time=464.4s
[seed 1] [stage 2/3: joint VLE] [epoch 22/80] train_total=0.014240 val_score=1.104017 best=0.917513 P_MAE=3.7775 kPa y_iso_MAE=0.014618 T_MAE=1.1883 K y_isob_MAE=0.018956 improved=no epoch_time=11.3s total_time=475.7s
[seed 1] [stage 2/3: joint VLE] [epoch 23/80] train_total=0.011422 val_score=1.169228 best=0.917513 P_MAE=3.9382 kPa y_iso_MAE=0.015500 T_MAE=1.2502 K y_isob_MAE=0.020629 improved=no epoch_time=11.3s total_time=487.0s
[seed 1] [stage 2/3: joint VLE] [epoch 24/80] train_total=0.012344 val_score=0.968152 best=0.917513 P_MAE=3.0485 kPa y_iso_MAE=0.014233 T_MAE=0.9247 K y_isob_MAE=0.018858 improved=no epoch_time=11.0s total_time=498.0s
[seed 1] [stage 2/3: joint VLE] [epoch 25/80] train_total=0.012711 val_score=1.011726 best=0.917513 P_MAE=3.1027 kPa y_iso_MAE=0.014738 T_MAE=1.0862 K y_isob_MAE=0.018157 improved=no epoch_time=11.0s total_time=509.0s
[seed 1] [stage 2/3: joint VLE] [epoch 26/80] train_total=0.011345 val_score=0.974048 best=0.917513 P_MAE=2.9789 kPa y_iso_MAE=0.013438 T_MAE=1.0645 K y_isob_MAE=0.018117 improved=no epoch_time=11.0s total_time=520.0s
[seed 1] [stage 2/3: joint VLE] [epoch 27/80] train_total=0.010417 val_score=1.059235 best=0.917513 P_MAE=3.2238 kPa y_iso_MAE=0.012979 T_MAE=1.2089 K y_isob_MAE=0.020869 improved=no epoch_time=11.0s total_time=531.0s
[seed 1] [stage 2/3: joint VLE] [epoch 28/80] train_total=0.010705 val_score=0.993196 best=0.917513 P_MAE=2.4570 kPa y_iso_MAE=0.014186 T_MAE=1.2103 K y_isob_MAE=0.019388 improved=no epoch_time=11.0s total_time=542.0s
[seed 1] [stage 2/3: joint VLE] [epoch 29/80] train_total=0.013562 val_score=1.054930 best=0.917513 P_MAE=3.2351 kPa y_iso_MAE=0.013672 T_MAE=1.2374 K y_isob_MAE=0.019056 improved=no epoch_time=11.1s total_time=553.1s
[seed 1] [stage 2/3: joint VLE] [epoch 30/80] train_total=0.011756 val_score=0.971604 best=0.917513 P_MAE=2.7087 kPa y_iso_MAE=0.014597 T_MAE=1.0066 K y_isob_MAE=0.019392 improved=no epoch_time=11.1s total_time=564.2s
{"direct_ge_parameter_summary": {"stage1_trainable_parameters": 1977601, "stage2_trainable_parameters": 2015043, "stage3": {"groups": [{"learning_rate": 2e-05, "name": "pair_potential", "parameter_count": 110977, "parameter_names": ["pair_potential.0.weight", "pair_potential.0.bias", "pair_potential.2.weight", "pair_potential.2.bias"]}, {"learning_rate": 1e-05, "name": "vapor_pressure", "parameter_count": 37442, "parameter_names": ["vapor_pressure.parameter_head.0.weight", "vapor_pressure.parameter_head.0.bias", "vapor_pressure.parameter_head.2.weight", "vapor_pressure.parameter_head.2.bias"]}, {"learning_rate": 5e-06, "name": "film", "parameter_count": 111744, "parameter_names": ["film.0.weight", "film.0.bias", "film.2.weight", "film.2.bias"]}, {"learning_rate": 5e-06, "name": "mixture_token", "parameter_count": 192, "parameter_names": ["mixture_token"]}], "total_parameters": 2015043, "trainable_fraction": 0.1292056794817778, "trainable_parameters": 260355}, "total_parameters": 2015043, "trainable_fraction": 0.1292056794817778, "trainable_parameters": 260355}}
[seed 1] [stage 3/3: fugacity] starting 10 epoch(s)
[seed 1] [stage 3/3: fugacity] [epoch 1/10] train_total=0.008410 val_score=0.859389 best=0.859389 P_MAE=2.1907 kPa y_iso_MAE=0.014360 T_MAE=0.8477 K y_isob_MAE=0.017531 improved=yes epoch_time=11.1s total_time=575.3s
[seed 1] [stage 3/3: fugacity] [epoch 2/10] train_total=0.008003 val_score=0.852671 best=0.852671 P_MAE=2.1600 kPa y_iso_MAE=0.014372 T_MAE=0.8345 K y_isob_MAE=0.017455 improved=yes epoch_time=11.1s total_time=586.4s
[seed 1] [stage 3/3: fugacity] [epoch 3/10] train_total=0.008088 val_score=0.856256 best=0.852671 P_MAE=2.2294 kPa y_iso_MAE=0.014283 T_MAE=0.8337 K y_isob_MAE=0.017393 improved=no epoch_time=11.8s total_time=598.2s
[seed 1] [stage 3/3: fugacity] [epoch 4/10] train_total=0.007885 val_score=0.861184 best=0.852671 P_MAE=2.3272 kPa y_iso_MAE=0.013916 T_MAE=0.8389 K y_isob_MAE=0.017476 improved=no epoch_time=11.4s total_time=609.6s
[seed 1] [stage 3/3: fugacity] [epoch 5/10] train_total=0.008018 val_score=0.848954 best=0.848954 P_MAE=2.3247 kPa y_iso_MAE=0.013975 T_MAE=0.7985 K y_isob_MAE=0.017244 improved=yes epoch_time=13.0s total_time=622.6s
[seed 1] [stage 3/3: fugacity] [epoch 6/10] train_total=0.007705 val_score=0.849936 best=0.848954 P_MAE=2.3590 kPa y_iso_MAE=0.013968 T_MAE=0.7955 K y_isob_MAE=0.017155 improved=no epoch_time=11.6s total_time=634.2s
[seed 1] [stage 3/3: fugacity] [epoch 7/10] train_total=0.008320 val_score=0.849793 best=0.848954 P_MAE=2.4012 kPa y_iso_MAE=0.013834 T_MAE=0.7886 K y_isob_MAE=0.017160 improved=no epoch_time=11.4s total_time=645.6s
[seed 1] [stage 3/3: fugacity] [epoch 8/10] train_total=0.007987 val_score=0.850284 best=0.848954 P_MAE=2.3625 kPa y_iso_MAE=0.013803 T_MAE=0.8042 K y_isob_MAE=0.017200 improved=no epoch_time=11.4s total_time=657.0s
[seed 1] [stage 3/3: fugacity] [epoch 9/10] train_total=0.007857 val_score=0.848083 best=0.848083 P_MAE=2.3923 kPa y_iso_MAE=0.013782 T_MAE=0.7881 K y_isob_MAE=0.017161 improved=yes epoch_time=11.4s total_time=668.4s
[seed 1] [stage 3/3: fugacity] [epoch 10/10] train_total=0.007679 val_score=0.856089 best=0.848083 P_MAE=2.4031 kPa y_iso_MAE=0.013837 T_MAE=0.8148 K y_isob_MAE=0.017130 improved=no epoch_time=11.7s total_time=680.1s
{"protocol": "vle_binary_state_composition_edge_extrapolation", "seed": 1, "manifest": "D:\\VLE\\VLE\\thermoformer_project\\runs\\phase_equilibrium\\v1\\vle\\three\\results\\thermoformer_vle_three_stage.on.vle_binary_state_composition_edge_extrapolation\\seed_1\\manifest.json"}
[stage experimental] starting 80 epoch(s)
[stage experimental] [epoch 1/80] train_total=0.669462 val_total=0.065405 best=0.065405 improved=yes epoch_time=1.8s total_time=1.8s
[stage experimental] [epoch 2/80] train_total=0.101847 val_total=0.041918 best=0.041918 improved=yes epoch_time=1.8s total_time=3.6s
[stage experimental] [epoch 3/80] train_total=0.080093 val_total=0.034279 best=0.034279 improved=yes epoch_time=1.8s total_time=5.5s
[stage experimental] [epoch 4/80] train_total=0.065801 val_total=0.030867 best=0.030867 improved=yes epoch_time=1.8s total_time=7.3s
[stage experimental] [epoch 5/80] train_total=0.060059 val_total=0.023363 best=0.023363 improved=yes epoch_time=1.8s total_time=9.1s
[stage experimental] [epoch 6/80] train_total=0.055998 val_total=0.026696 best=0.023363 improved=no epoch_time=1.8s total_time=10.9s
[stage experimental] [epoch 7/80] train_total=0.045150 val_total=0.031143 best=0.023363 improved=no epoch_time=1.8s total_time=12.8s
[stage experimental] [epoch 8/80] train_total=0.044230 val_total=0.031182 best=0.023363 improved=no epoch_time=1.8s total_time=14.6s
[stage experimental] [epoch 9/80] train_total=0.045673 val_total=0.027365 best=0.023363 improved=no epoch_time=1.8s total_time=16.4s
[stage experimental] [epoch 10/80] train_total=0.052100 val_total=0.018085 best=0.018085 improved=yes epoch_time=1.8s total_time=18.2s
[stage experimental] [epoch 11/80] train_total=0.039713 val_total=0.020255 best=0.018085 improved=no epoch_time=1.8s total_time=20.0s
[stage experimental] [epoch 12/80] train_total=0.037449 val_total=0.015527 best=0.015527 improved=yes epoch_time=1.8s total_time=21.9s
[stage experimental] [epoch 13/80] train_total=0.035070 val_total=0.017581 best=0.015527 improved=no epoch_time=1.8s total_time=23.7s
[stage experimental] [epoch 14/80] train_total=0.031079 val_total=0.023122 best=0.015527 improved=no epoch_time=1.8s total_time=25.5s
[stage experimental] [epoch 15/80] train_total=0.036868 val_total=0.012875 best=0.012875 improved=yes epoch_time=1.8s total_time=27.3s
[stage experimental] [epoch 16/80] train_total=0.035050 val_total=0.017543 best=0.012875 improved=no epoch_time=1.8s total_time=29.0s
[stage experimental] [epoch 17/80] train_total=0.030736 val_total=0.019158 best=0.012875 improved=no epoch_time=1.9s total_time=31.0s
[stage experimental] [epoch 18/80] train_total=0.028481 val_total=0.014484 best=0.012875 improved=no epoch_time=2.0s total_time=32.9s
[stage experimental] [epoch 19/80] train_total=0.029241 val_total=0.013269 best=0.012875 improved=no epoch_time=2.0s total_time=34.9s
[stage experimental] [epoch 20/80] train_total=0.023194 val_total=0.011978 best=0.011978 improved=yes epoch_time=2.0s total_time=36.9s
[stage experimental] [epoch 21/80] train_total=0.025637 val_total=0.014482 best=0.011978 improved=no epoch_time=1.7s total_time=38.6s
[stage experimental] [epoch 22/80] train_total=0.024951 val_total=0.013327 best=0.011978 improved=no epoch_time=1.5s total_time=40.1s
[stage experimental] [epoch 23/80] train_total=0.024523 val_total=0.014218 best=0.011978 improved=no epoch_time=1.6s total_time=41.7s
[stage experimental] [epoch 24/80] train_total=0.022288 val_total=0.010734 best=0.010734 improved=yes epoch_time=2.0s total_time=43.7s
[stage experimental] [epoch 25/80] train_total=0.020415 val_total=0.011475 best=0.010734 improved=no epoch_time=2.0s total_time=45.6s
[stage experimental] [epoch 26/80] train_total=0.020124 val_total=0.011984 best=0.010734 improved=no epoch_time=2.0s total_time=47.6s
[stage experimental] [epoch 27/80] train_total=0.019509 val_total=0.008265 best=0.008265 improved=yes epoch_time=1.9s total_time=49.5s
[stage experimental] [epoch 28/80] train_total=0.022986 val_total=0.011794 best=0.008265 improved=no epoch_time=1.8s total_time=51.4s
[stage experimental] [epoch 29/80] train_total=0.020541 val_total=0.008315 best=0.008265 improved=no epoch_time=2.0s total_time=53.4s
[stage experimental] [epoch 30/80] train_total=0.019222 val_total=0.010981 best=0.008265 improved=no epoch_time=2.0s total_time=55.3s
[stage experimental] [epoch 31/80] train_total=0.016459 val_total=0.006162 best=0.006162 improved=yes epoch_time=2.0s total_time=57.3s
[stage experimental] [epoch 32/80] train_total=0.014650 val_total=0.009624 best=0.006162 improved=no epoch_time=2.0s total_time=59.3s
[stage experimental] [epoch 33/80] train_total=0.018296 val_total=0.010064 best=0.006162 improved=no epoch_time=2.1s total_time=61.4s
[stage experimental] [epoch 34/80] train_total=0.015847 val_total=0.010830 best=0.006162 improved=no epoch_time=2.0s total_time=63.4s
[stage experimental] [epoch 35/80] train_total=0.012638 val_total=0.007887 best=0.006162 improved=no epoch_time=2.1s total_time=65.5s
[stage experimental] [epoch 36/80] train_total=0.014471 val_total=0.006231 best=0.006162 improved=no epoch_time=2.0s total_time=67.5s
[stage experimental] [epoch 37/80] train_total=0.012735 val_total=0.012163 best=0.006162 improved=no epoch_time=2.2s total_time=69.7s
[stage experimental] [epoch 38/80] train_total=0.013152 val_total=0.008026 best=0.006162 improved=no epoch_time=1.9s total_time=71.6s
[stage experimental] [epoch 39/80] train_total=0.010828 val_total=0.007553 best=0.006162 improved=no epoch_time=2.1s total_time=73.7s
[stage experimental] [epoch 40/80] train_total=0.012474 val_total=0.011015 best=0.006162 improved=no epoch_time=2.0s total_time=75.7s
[stage experimental] [epoch 41/80] train_total=0.013163 val_total=0.004082 best=0.004082 improved=yes epoch_time=2.1s total_time=77.8s
[stage experimental] [epoch 42/80] train_total=0.011674 val_total=0.004556 best=0.004082 improved=no epoch_time=2.1s total_time=79.9s
[stage experimental] [epoch 43/80] train_total=0.012576 val_total=0.009011 best=0.004082 improved=no epoch_time=1.9s total_time=81.8s
[stage experimental] [epoch 44/80] train_total=0.010432 val_total=0.004206 best=0.004082 improved=no epoch_time=2.0s total_time=83.8s
[stage experimental] [epoch 45/80] train_total=0.012661 val_total=0.005738 best=0.004082 improved=no epoch_time=2.1s total_time=85.9s
[stage experimental] [epoch 46/80] train_total=0.011720 val_total=0.005399 best=0.004082 improved=no epoch_time=2.0s total_time=87.9s
[stage experimental] [epoch 47/80] train_total=0.009610 val_total=0.005716 best=0.004082 improved=no epoch_time=2.1s total_time=90.0s
[stage experimental] [epoch 48/80] train_total=0.009786 val_total=0.005117 best=0.004082 improved=no epoch_time=2.0s total_time=92.0s
[stage experimental] [epoch 49/80] train_total=0.012672 val_total=0.005461 best=0.004082 improved=no epoch_time=1.8s total_time=93.8s
[stage experimental] [epoch 50/80] train_total=0.010970 val_total=0.003609 best=0.003609 improved=yes epoch_time=2.0s total_time=95.8s
[stage experimental] [epoch 51/80] train_total=0.012197 val_total=0.006518 best=0.003609 improved=no epoch_time=2.2s total_time=98.0s
[stage experimental] [epoch 52/80] train_total=0.009846 val_total=0.004554 best=0.003609 improved=no epoch_time=2.1s total_time=100.1s
[stage experimental] [epoch 53/80] train_total=0.011548 val_total=0.009270 best=0.003609 improved=no epoch_time=2.1s total_time=102.2s
[stage experimental] [epoch 54/80] train_total=0.010595 val_total=0.006239 best=0.003609 improved=no epoch_time=2.0s total_time=104.1s
[stage experimental] [epoch 55/80] train_total=0.010888 val_total=0.004457 best=0.003609 improved=no epoch_time=2.0s total_time=106.2s
[stage experimental] [epoch 56/80] train_total=0.009198 val_total=0.003373 best=0.003373 improved=yes epoch_time=2.0s total_time=108.1s
[stage experimental] [epoch 57/80] train_total=0.015256 val_total=0.006188 best=0.003373 improved=no epoch_time=2.1s total_time=110.2s
[stage experimental] [epoch 58/80] train_total=0.016866 val_total=0.005802 best=0.003373 improved=no epoch_time=2.1s total_time=112.3s
[stage experimental] [epoch 59/80] train_total=0.010118 val_total=0.004788 best=0.003373 improved=no epoch_time=1.9s total_time=114.3s
[stage experimental] [epoch 60/80] train_total=0.010493 val_total=0.005969 best=0.003373 improved=no epoch_time=2.1s total_time=116.3s
[stage experimental] [epoch 61/80] train_total=0.009831 val_total=0.003543 best=0.003373 improved=no epoch_time=2.0s total_time=118.3s
[stage experimental] [epoch 62/80] train_total=0.009972 val_total=0.004184 best=0.003373 improved=no epoch_time=2.1s total_time=120.4s
[stage experimental] [epoch 63/80] train_total=0.010481 val_total=0.003131 best=0.003131 improved=yes epoch_time=2.0s total_time=122.4s
[stage experimental] [epoch 64/80] train_total=0.008434 val_total=0.004171 best=0.003131 improved=no epoch_time=2.0s total_time=124.4s
[stage experimental] [epoch 65/80] train_total=0.009406 val_total=0.007385 best=0.003131 improved=no epoch_time=2.0s total_time=126.4s
[stage experimental] [epoch 66/80] train_total=0.009699 val_total=0.008842 best=0.003131 improved=no epoch_time=2.0s total_time=128.4s
[stage experimental] [epoch 67/80] train_total=0.008237 val_total=0.003105 best=0.003105 improved=yes epoch_time=2.0s total_time=130.5s
[stage experimental] [epoch 68/80] train_total=0.008341 val_total=0.006299 best=0.003105 improved=no epoch_time=2.0s total_time=132.5s
[stage experimental] [epoch 69/80] train_total=0.009130 val_total=0.003455 best=0.003105 improved=no epoch_time=2.0s total_time=134.5s
[stage experimental] [epoch 70/80] train_total=0.008353 val_total=0.003896 best=0.003105 improved=no epoch_time=1.9s total_time=136.4s
[stage experimental] [epoch 71/80] train_total=0.009683 val_total=0.003549 best=0.003105 improved=no epoch_time=2.0s total_time=138.4s
[stage experimental] [epoch 72/80] train_total=0.007817 val_total=0.003871 best=0.003105 improved=no epoch_time=2.0s total_time=140.5s
[stage experimental] [epoch 73/80] train_total=0.007869 val_total=0.005426 best=0.003105 improved=no epoch_time=2.0s total_time=142.4s
[stage experimental] [epoch 74/80] train_total=0.008183 val_total=0.002830 best=0.002830 improved=yes epoch_time=1.9s total_time=144.4s
[stage experimental] [epoch 75/80] train_total=0.017604 val_total=0.003749 best=0.002830 improved=no epoch_time=1.9s total_time=146.2s
[stage experimental] [epoch 76/80] train_total=0.010709 val_total=0.003922 best=0.002830 improved=no epoch_time=2.0s total_time=148.2s
[stage experimental] [epoch 77/80] train_total=0.009035 val_total=0.003610 best=0.002830 improved=no epoch_time=2.0s total_time=150.3s
[stage experimental] [epoch 78/80] train_total=0.007887 val_total=0.002933 best=0.002830 improved=no epoch_time=2.0s total_time=152.2s
[stage experimental] [epoch 79/80] train_total=0.008772 val_total=0.006623 best=0.002830 improved=no epoch_time=2.0s total_time=154.2s
[stage experimental] [epoch 80/80] train_total=0.008651 val_total=0.005114 best=0.002830 improved=no epoch_time=2.0s total_time=156.2s
[seed 2] [stage 1/3: direct GE] starting 20 epoch(s)
[seed 2] [stage 1/3: direct GE] [epoch 1/20] train_total=0.003760 val_score=1.376525 best=1.376525 P_MAE=3.8509 kPa y_iso_MAE=0.016996 T_MAE=1.6056 K y_isob_MAE=0.022814 improved=yes epoch_time=10.9s total_time=20.3s
[seed 2] [stage 1/3: direct GE] [epoch 2/20] train_total=0.003448 val_score=1.268922 best=1.268922 P_MAE=3.4743 kPa y_iso_MAE=0.013735 T_MAE=1.5168 K y_isob_MAE=0.023550 improved=yes epoch_time=10.8s total_time=31.1s
[seed 2] [stage 1/3: direct GE] [epoch 3/20] train_total=0.003341 val_score=1.359452 best=1.268922 P_MAE=4.1633 kPa y_iso_MAE=0.015641 T_MAE=1.5545 K y_isob_MAE=0.022278 improved=no epoch_time=10.9s total_time=42.0s
[seed 2] [stage 1/3: direct GE] [epoch 4/20] train_total=0.003127 val_score=1.364256 best=1.268922 P_MAE=3.8049 kPa y_iso_MAE=0.014912 T_MAE=1.7360 K y_isob_MAE=0.022483 improved=no epoch_time=10.8s total_time=52.7s
[seed 2] [stage 1/3: direct GE] [epoch 5/20] train_total=0.003237 val_score=1.383708 best=1.268922 P_MAE=3.8900 kPa y_iso_MAE=0.016096 T_MAE=1.7750 K y_isob_MAE=0.020921 improved=no epoch_time=10.8s total_time=63.5s
[seed 2] [stage 1/3: direct GE] [epoch 6/20] train_total=0.003150 val_score=1.453019 best=1.268922 P_MAE=4.0379 kPa y_iso_MAE=0.016649 T_MAE=1.8511 K y_isob_MAE=0.022917 improved=no epoch_time=10.8s total_time=74.3s
[seed 2] [stage 1/3: direct GE] [epoch 7/20] train_total=0.003029 val_score=1.320002 best=1.268922 P_MAE=3.5082 kPa y_iso_MAE=0.015346 T_MAE=1.6858 K y_isob_MAE=0.021536 improved=no epoch_time=10.9s total_time=85.2s
[seed 2] [stage 1/3: direct GE] [epoch 8/20] train_total=0.003067 val_score=1.366442 best=1.268922 P_MAE=3.4448 kPa y_iso_MAE=0.014132 T_MAE=1.7959 K y_isob_MAE=0.025046 improved=no epoch_time=10.9s total_time=96.1s
[seed 2] [stage 1/3: direct GE] [epoch 9/20] train_total=0.002999 val_score=1.365227 best=1.268922 P_MAE=3.4088 kPa y_iso_MAE=0.014451 T_MAE=1.9147 K y_isob_MAE=0.022332 improved=no epoch_time=10.9s total_time=107.0s
[seed 2] [stage 1/3: direct GE] [epoch 10/20] train_total=0.002938 val_score=1.383348 best=1.268922 P_MAE=3.6374 kPa y_iso_MAE=0.014480 T_MAE=1.8795 K y_isob_MAE=0.022813 improved=no epoch_time=10.7s total_time=117.7s
[seed 2] [stage 1/3: direct GE] [epoch 11/20] train_total=0.002928 val_score=1.420242 best=1.268922 P_MAE=3.8204 kPa y_iso_MAE=0.015117 T_MAE=1.8662 K y_isob_MAE=0.023760 improved=no epoch_time=11.0s total_time=128.7s
[seed 2] [stage 1/3: direct GE] [epoch 12/20] train_total=0.002873 val_score=1.509212 best=1.268922 P_MAE=3.9908 kPa y_iso_MAE=0.018135 T_MAE=1.8731 K y_isob_MAE=0.025036 improved=no epoch_time=12.3s total_time=140.9s
[seed 2] [stage 1/3: direct GE] [epoch 13/20] train_total=0.002810 val_score=1.476074 best=1.268922 P_MAE=3.3892 kPa y_iso_MAE=0.015974 T_MAE=2.1145 K y_isob_MAE=0.024810 improved=no epoch_time=11.4s total_time=152.4s
[seed 2] [stage 1/3: direct GE] [epoch 14/20] train_total=0.002800 val_score=1.364451 best=1.268922 P_MAE=3.2104 kPa y_iso_MAE=0.016336 T_MAE=1.8284 K y_isob_MAE=0.022743 improved=no epoch_time=11.0s total_time=163.4s
[seed 2] [stage 1/3: direct GE] [epoch 15/20] train_total=0.002834 val_score=1.435186 best=1.268922 P_MAE=3.8040 kPa y_iso_MAE=0.016263 T_MAE=1.9596 K y_isob_MAE=0.021503 improved=no epoch_time=11.4s total_time=174.8s
[seed 2] [stage 1/3: direct GE] [epoch 16/20] train_total=0.002793 val_score=1.401054 best=1.268922 P_MAE=3.3826 kPa y_iso_MAE=0.015316 T_MAE=2.0103 K y_isob_MAE=0.022109 improved=no epoch_time=11.2s total_time=185.9s
[seed 2] [stage 1/3: direct GE] [epoch 17/20] train_total=0.002773 val_score=1.446039 best=1.268922 P_MAE=3.4153 kPa y_iso_MAE=0.015099 T_MAE=2.0861 K y_isob_MAE=0.024123 improved=no epoch_time=10.9s total_time=196.8s
[seed 2] [stage 1/3: direct GE] [epoch 18/20] train_total=0.002890 val_score=1.525450 best=1.268922 P_MAE=3.5822 kPa y_iso_MAE=0.015999 T_MAE=2.1815 K y_isob_MAE=0.025882 improved=no epoch_time=10.8s total_time=207.7s
[seed 2] [stage 1/3: direct GE] [epoch 19/20] train_total=0.002860 val_score=1.448403 best=1.268922 P_MAE=3.3868 kPa y_iso_MAE=0.017772 T_MAE=1.9541 K y_isob_MAE=0.023408 improved=no epoch_time=10.9s total_time=218.5s
[seed 2] [stage 1/3: direct GE] [epoch 20/20] train_total=0.002740 val_score=1.586402 best=1.268922 P_MAE=3.8921 kPa y_iso_MAE=0.015280 T_MAE=2.3648 K y_isob_MAE=0.025719 improved=no epoch_time=11.2s total_time=229.7s
[seed 2] [stage 2/3: joint VLE] starting 80 epoch(s)
[seed 2] [stage 2/3: joint VLE] [epoch 1/80] train_total=0.019665 val_score=1.397652 best=1.397652 P_MAE=3.7425 kPa y_iso_MAE=0.016008 T_MAE=1.7448 K y_isob_MAE=0.023767 improved=yes epoch_time=12.4s total_time=242.1s
[seed 2] [stage 2/3: joint VLE] [epoch 2/80] train_total=0.013986 val_score=1.075647 best=1.075647 P_MAE=2.7586 kPa y_iso_MAE=0.014049 T_MAE=1.1794 K y_isob_MAE=0.020021 improved=yes epoch_time=13.1s total_time=255.3s
[seed 2] [stage 2/3: joint VLE] [epoch 3/80] train_total=0.019713 val_score=1.224711 best=1.075647 P_MAE=3.5990 kPa y_iso_MAE=0.018163 T_MAE=1.2233 K y_isob_MAE=0.018968 improved=no epoch_time=12.5s total_time=267.8s
[seed 2] [stage 2/3: joint VLE] [epoch 4/80] train_total=0.012356 val_score=1.043864 best=1.043864 P_MAE=2.6634 kPa y_iso_MAE=0.013492 T_MAE=1.1823 K y_isob_MAE=0.018956 improved=yes epoch_time=13.3s total_time=281.1s
[seed 2] [stage 2/3: joint VLE] [epoch 5/80] train_total=0.012561 val_score=1.066362 best=1.043864 P_MAE=2.4580 kPa y_iso_MAE=0.015802 T_MAE=1.1291 K y_isob_MAE=0.019940 improved=no epoch_time=12.6s total_time=293.7s
[seed 2] [stage 2/3: joint VLE] [epoch 6/80] train_total=0.010996 val_score=1.086657 best=1.043864 P_MAE=2.5745 kPa y_iso_MAE=0.013473 T_MAE=1.4169 K y_isob_MAE=0.018132 improved=no epoch_time=12.6s total_time=306.3s
[seed 2] [stage 2/3: joint VLE] [epoch 7/80] train_total=0.015065 val_score=1.100020 best=1.043864 P_MAE=2.9859 kPa y_iso_MAE=0.011536 T_MAE=1.3952 K y_isob_MAE=0.019483 improved=no epoch_time=12.3s total_time=318.5s
[seed 2] [stage 2/3: joint VLE] [epoch 8/80] train_total=0.013209 val_score=1.098452 best=1.043864 P_MAE=3.0779 kPa y_iso_MAE=0.014344 T_MAE=1.2038 K y_isob_MAE=0.018643 improved=no epoch_time=12.2s total_time=330.7s
[seed 2] [stage 2/3: joint VLE] [epoch 9/80] train_total=0.011655 val_score=1.065762 best=1.043864 P_MAE=2.9890 kPa y_iso_MAE=0.013843 T_MAE=1.1833 K y_isob_MAE=0.017862 improved=no epoch_time=12.1s total_time=342.9s
[seed 2] [stage 2/3: joint VLE] [epoch 10/80] train_total=0.014844 val_score=1.195740 best=1.043864 P_MAE=3.1274 kPa y_iso_MAE=0.015170 T_MAE=1.4170 K y_isob_MAE=0.020308 improved=no epoch_time=12.6s total_time=355.4s
[seed 2] [stage 2/3: joint VLE] [epoch 11/80] train_total=0.013281 val_score=1.137272 best=1.043864 P_MAE=3.0534 kPa y_iso_MAE=0.013655 T_MAE=1.3288 K y_isob_MAE=0.020247 improved=no epoch_time=12.2s total_time=367.6s
[seed 2] [stage 2/3: joint VLE] [epoch 12/80] train_total=0.014469 val_score=1.172453 best=1.043864 P_MAE=3.6830 kPa y_iso_MAE=0.013326 T_MAE=1.3250 K y_isob_MAE=0.019121 improved=no epoch_time=12.0s total_time=379.6s
[seed 2] [stage 2/3: joint VLE] [epoch 13/80] train_total=0.013184 val_score=1.098628 best=1.043864 P_MAE=3.0003 kPa y_iso_MAE=0.014201 T_MAE=1.2860 K y_isob_MAE=0.017727 improved=no epoch_time=11.8s total_time=391.4s
[seed 2] [stage 2/3: joint VLE] [epoch 14/80] train_total=0.011536 val_score=0.989504 best=0.989504 P_MAE=2.7100 kPa y_iso_MAE=0.013838 T_MAE=1.0381 K y_isob_MAE=0.016877 improved=yes epoch_time=11.9s total_time=403.4s
[seed 2] [stage 2/3: joint VLE] [epoch 15/80] train_total=0.011505 val_score=1.152109 best=0.989504 P_MAE=3.2956 kPa y_iso_MAE=0.012698 T_MAE=1.3966 K y_isob_MAE=0.019678 improved=no epoch_time=12.0s total_time=415.4s
[seed 2] [stage 2/3: joint VLE] [epoch 16/80] train_total=0.013873 val_score=1.000498 best=0.989504 P_MAE=2.5849 kPa y_iso_MAE=0.014436 T_MAE=1.0059 K y_isob_MAE=0.018409 improved=no epoch_time=12.2s total_time=427.6s
[seed 2] [stage 2/3: joint VLE] [epoch 17/80] train_total=0.010459 val_score=1.003528 best=0.989504 P_MAE=2.9009 kPa y_iso_MAE=0.012351 T_MAE=1.0744 K y_isob_MAE=0.017997 improved=no epoch_time=12.0s total_time=439.5s
[seed 2] [stage 2/3: joint VLE] [epoch 18/80] train_total=0.011263 val_score=1.101765 best=0.989504 P_MAE=2.6131 kPa y_iso_MAE=0.014039 T_MAE=1.3344 K y_isob_MAE=0.019912 improved=no epoch_time=12.1s total_time=451.6s
[seed 2] [stage 2/3: joint VLE] [epoch 19/80] train_total=0.010277 val_score=1.029383 best=0.989504 P_MAE=2.6993 kPa y_iso_MAE=0.015543 T_MAE=0.9758 K y_isob_MAE=0.018891 improved=no epoch_time=12.0s total_time=463.6s
[seed 2] [stage 2/3: joint VLE] [epoch 20/80] train_total=0.009530 val_score=0.994427 best=0.989504 P_MAE=2.6439 kPa y_iso_MAE=0.013552 T_MAE=0.9837 K y_isob_MAE=0.019232 improved=no epoch_time=12.0s total_time=475.6s
[seed 2] [stage 2/3: joint VLE] [epoch 21/80] train_total=0.010857 val_score=1.026141 best=0.989504 P_MAE=2.3193 kPa y_iso_MAE=0.014050 T_MAE=1.2265 K y_isob_MAE=0.018295 improved=no epoch_time=12.1s total_time=487.7s
[seed 2] [stage 2/3: joint VLE] [epoch 22/80] train_total=0.010270 val_score=0.982843 best=0.982843 P_MAE=2.3756 kPa y_iso_MAE=0.014263 T_MAE=1.0285 K y_isob_MAE=0.018287 improved=yes epoch_time=12.4s total_time=500.1s
[seed 2] [stage 2/3: joint VLE] [epoch 23/80] train_total=0.010718 val_score=1.119822 best=0.982843 P_MAE=2.9323 kPa y_iso_MAE=0.014823 T_MAE=1.2592 K y_isob_MAE=0.019505 improved=no epoch_time=12.4s total_time=512.5s
[seed 2] [stage 2/3: joint VLE] [epoch 24/80] train_total=0.010879 val_score=0.997490 best=0.982843 P_MAE=2.8433 kPa y_iso_MAE=0.013191 T_MAE=0.9831 K y_isob_MAE=0.018601 improved=no epoch_time=12.0s total_time=524.5s
[seed 2] [stage 2/3: joint VLE] [epoch 25/80] train_total=0.010714 val_score=1.102306 best=0.982843 P_MAE=3.8129 kPa y_iso_MAE=0.012072 T_MAE=1.1611 K y_isob_MAE=0.017905 improved=no epoch_time=11.8s total_time=536.3s
[seed 2] [stage 2/3: joint VLE] [epoch 26/80] train_total=0.011123 val_score=0.981350 best=0.981350 P_MAE=2.7114 kPa y_iso_MAE=0.012589 T_MAE=0.9733 K y_isob_MAE=0.019327 improved=yes epoch_time=12.1s total_time=548.4s
[seed 2] [stage 2/3: joint VLE] [epoch 27/80] train_total=0.008759 val_score=0.891794 best=0.891794 P_MAE=2.3660 kPa y_iso_MAE=0.014044 T_MAE=0.7993 K y_isob_MAE=0.016291 improved=yes epoch_time=12.1s total_time=560.5s
[seed 2] [stage 2/3: joint VLE] [epoch 28/80] train_total=0.009622 val_score=0.956687 best=0.891794 P_MAE=2.3670 kPa y_iso_MAE=0.012352 T_MAE=1.0012 K y_isob_MAE=0.019588 improved=no epoch_time=11.8s total_time=572.4s
[seed 2] [stage 2/3: joint VLE] [epoch 29/80] train_total=0.015499 val_score=1.407518 best=0.891794 P_MAE=3.7847 kPa y_iso_MAE=0.018929 T_MAE=1.5690 K y_isob_MAE=0.023683 improved=no epoch_time=12.5s total_time=584.9s
[seed 2] [stage 2/3: joint VLE] [epoch 30/80] train_total=0.010555 val_score=0.952611 best=0.891794 P_MAE=2.1201 kPa y_iso_MAE=0.013066 T_MAE=1.0707 K y_isob_MAE=0.018565 improved=no epoch_time=12.7s total_time=597.6s
[seed 2] [stage 2/3: joint VLE] [epoch 31/80] train_total=0.009334 val_score=0.977454 best=0.891794 P_MAE=2.7929 kPa y_iso_MAE=0.013381 T_MAE=0.9303 K y_isob_MAE=0.018212 improved=no epoch_time=12.0s total_time=609.6s
[seed 2] [stage 2/3: joint VLE] [epoch 32/80] train_total=0.009308 val_score=1.069417 best=0.891794 P_MAE=3.3294 kPa y_iso_MAE=0.013047 T_MAE=1.0974 K y_isob_MAE=0.018652 improved=no epoch_time=12.2s total_time=621.8s
[seed 2] [stage 2/3: joint VLE] [epoch 33/80] train_total=0.010840 val_score=1.059051 best=0.891794 P_MAE=2.9714 kPa y_iso_MAE=0.013427 T_MAE=1.2223 K y_isob_MAE=0.017260 improved=no epoch_time=11.9s total_time=633.7s
[seed 2] [stage 2/3: joint VLE] [epoch 34/80] train_total=0.010642 val_score=1.036278 best=0.891794 P_MAE=2.7137 kPa y_iso_MAE=0.012982 T_MAE=1.1698 K y_isob_MAE=0.018998 improved=no epoch_time=12.0s total_time=645.7s
[seed 2] [stage 2/3: joint VLE] [epoch 35/80] train_total=0.011172 val_score=1.080543 best=0.891794 P_MAE=2.8236 kPa y_iso_MAE=0.014997 T_MAE=1.0911 K y_isob_MAE=0.020403 improved=no epoch_time=12.1s total_time=657.8s
[seed 2] [stage 2/3: joint VLE] [epoch 36/80] train_total=0.009837 val_score=1.049357 best=0.891794 P_MAE=3.2309 kPa y_iso_MAE=0.013072 T_MAE=1.0114 K y_isob_MAE=0.019503 improved=no epoch_time=12.3s total_time=670.1s
[seed 2] [stage 2/3: joint VLE] [epoch 37/80] train_total=0.011586 val_score=1.010579 best=0.891794 P_MAE=2.8188 kPa y_iso_MAE=0.014657 T_MAE=0.9747 K y_isob_MAE=0.017880 improved=no epoch_time=13.2s total_time=683.3s
[seed 2] [stage 2/3: joint VLE] [epoch 38/80] train_total=0.011927 val_score=1.116528 best=0.891794 P_MAE=2.5353 kPa y_iso_MAE=0.013542 T_MAE=1.4535 K y_isob_MAE=0.019872 improved=no epoch_time=12.2s total_time=695.5s
[seed 2] [stage 2/3: joint VLE] [epoch 39/80] train_total=0.010320 val_score=1.152251 best=0.891794 P_MAE=3.7669 kPa y_iso_MAE=0.013417 T_MAE=1.1345 K y_isob_MAE=0.020727 improved=no epoch_time=12.2s total_time=707.7s
{"direct_ge_parameter_summary": {"stage1_trainable_parameters": 1977601, "stage2_trainable_parameters": 2015043, "stage3": {"groups": [{"learning_rate": 2e-05, "name": "pair_potential", "parameter_count": 110977, "parameter_names": ["pair_potential.0.weight", "pair_potential.0.bias", "pair_potential.2.weight", "pair_potential.2.bias"]}, {"learning_rate": 1e-05, "name": "vapor_pressure", "parameter_count": 37442, "parameter_names": ["vapor_pressure.parameter_head.0.weight", "vapor_pressure.parameter_head.0.bias", "vapor_pressure.parameter_head.2.weight", "vapor_pressure.parameter_head.2.bias"]}, {"learning_rate": 5e-06, "name": "film", "parameter_count": 111744, "parameter_names": ["film.0.weight", "film.0.bias", "film.2.weight", "film.2.bias"]}, {"learning_rate": 5e-06, "name": "mixture_token", "parameter_count": 192, "parameter_names": ["mixture_token"]}], "total_parameters": 2015043, "trainable_fraction": 0.1292056794817778, "trainable_parameters": 260355}, "total_parameters": 2015043, "trainable_fraction": 0.1292056794817778, "trainable_parameters": 260355}}
[seed 2] [stage 3/3: fugacity] starting 10 epoch(s)
[seed 2] [stage 3/3: fugacity] [epoch 1/10] train_total=0.007624 val_score=0.865241 best=0.865241 P_MAE=2.4163 kPa y_iso_MAE=0.011913 T_MAE=0.8115 K y_isob_MAE=0.016658 improved=yes epoch_time=11.7s total_time=719.4s
[seed 2] [stage 3/3: fugacity] [epoch 2/10] train_total=0.007101 val_score=0.859100 best=0.859100 P_MAE=2.4556 kPa y_iso_MAE=0.012035 T_MAE=0.7714 K y_isob_MAE=0.016553 improved=yes epoch_time=11.9s total_time=731.4s
[seed 2] [stage 3/3: fugacity] [epoch 3/10] train_total=0.006935 val_score=0.859855 best=0.859100 P_MAE=2.4489 kPa y_iso_MAE=0.012537 T_MAE=0.7387 K y_isob_MAE=0.016614 improved=no epoch_time=11.7s total_time=743.1s
[seed 2] [stage 3/3: fugacity] [epoch 4/10] train_total=0.007151 val_score=0.850068 best=0.850068 P_MAE=2.3780 kPa y_iso_MAE=0.012453 T_MAE=0.7316 K y_isob_MAE=0.016616 improved=yes epoch_time=11.9s total_time=755.0s
[seed 2] [stage 3/3: fugacity] [epoch 5/10] train_total=0.006846 val_score=0.846406 best=0.846406 P_MAE=2.3556 kPa y_iso_MAE=0.012409 T_MAE=0.7250 K y_isob_MAE=0.016686 improved=yes epoch_time=12.2s total_time=767.1s
[seed 2] [stage 3/3: fugacity] [epoch 6/10] train_total=0.006712 val_score=0.851330 best=0.846406 P_MAE=2.3625 kPa y_iso_MAE=0.012414 T_MAE=0.7382 K y_isob_MAE=0.016742 improved=no epoch_time=11.6s total_time=778.7s
[seed 2] [stage 3/3: fugacity] [epoch 7/10] train_total=0.006642 val_score=0.850562 best=0.846406 P_MAE=2.3928 kPa y_iso_MAE=0.012311 T_MAE=0.7333 K y_isob_MAE=0.016718 improved=no epoch_time=11.9s total_time=790.6s
[seed 2] [stage 3/3: fugacity] [epoch 8/10] train_total=0.006695 val_score=0.841933 best=0.841933 P_MAE=2.3290 kPa y_iso_MAE=0.012335 T_MAE=0.7210 K y_isob_MAE=0.016710 improved=yes epoch_time=11.6s total_time=802.2s
[seed 2] [stage 3/3: fugacity] [epoch 9/10] train_total=0.006461 val_score=0.844914 best=0.841933 P_MAE=2.3370 kPa y_iso_MAE=0.012458 T_MAE=0.7309 K y_isob_MAE=0.016509 improved=no epoch_time=11.7s total_time=813.9s
[seed 2] [stage 3/3: fugacity] [epoch 10/10] train_total=0.006593 val_score=0.839682 best=0.839682 P_MAE=2.2926 kPa y_iso_MAE=0.012450 T_MAE=0.7194 K y_isob_MAE=0.016662 improved=yes epoch_time=11.6s total_time=825.5s
{"protocol": "vle_binary_state_composition_edge_extrapolation", "seed": 2, "manifest": "D:\\VLE\\VLE\\thermoformer_project\\runs\\phase_equilibrium\\v1\\vle\\three\\results\\thermoformer_vle_three_stage.on.vle_binary_state_composition_edge_extrapolation\\seed_2\\manifest.json"}
[stage experimental] starting 80 epoch(s)
[stage experimental] [epoch 1/80] train_total=0.786805 val_total=0.066779 best=0.066779 improved=yes epoch_time=2.0s total_time=2.0s
[stage experimental] [epoch 2/80] train_total=0.109104 val_total=0.038587 best=0.038587 improved=yes epoch_time=1.9s total_time=3.9s
[stage experimental] [epoch 3/80] train_total=0.077437 val_total=0.029266 best=0.029266 improved=yes epoch_time=2.0s total_time=5.9s
[stage experimental] [epoch 4/80] train_total=0.058382 val_total=0.036122 best=0.029266 improved=no epoch_time=2.0s total_time=7.9s
[stage experimental] [epoch 5/80] train_total=0.067626 val_total=0.031086 best=0.029266 improved=no epoch_time=2.0s total_time=9.9s
[stage experimental] [epoch 6/80] train_total=0.053000 val_total=0.030491 best=0.029266 improved=no epoch_time=2.1s total_time=12.0s
[stage experimental] [epoch 7/80] train_total=0.052161 val_total=0.025169 best=0.025169 improved=yes epoch_time=2.0s total_time=14.1s
[stage experimental] [epoch 8/80] train_total=0.047114 val_total=0.025446 best=0.025169 improved=no epoch_time=2.0s total_time=16.1s
[stage experimental] [epoch 9/80] train_total=0.046763 val_total=0.018924 best=0.018924 improved=yes epoch_time=2.1s total_time=18.2s
[stage experimental] [epoch 10/80] train_total=0.046168 val_total=0.025183 best=0.018924 improved=no epoch_time=2.0s total_time=20.2s
[stage experimental] [epoch 11/80] train_total=0.046256 val_total=0.025877 best=0.018924 improved=no epoch_time=1.9s total_time=22.1s
[stage experimental] [epoch 12/80] train_total=0.039305 val_total=0.022691 best=0.018924 improved=no epoch_time=2.0s total_time=24.1s
[stage experimental] [epoch 13/80] train_total=0.036169 val_total=0.018561 best=0.018561 improved=yes epoch_time=2.0s total_time=26.1s
[stage experimental] [epoch 14/80] train_total=0.035191 val_total=0.016036 best=0.016036 improved=yes epoch_time=2.0s total_time=28.1s
[stage experimental] [epoch 15/80] train_total=0.039793 val_total=0.018482 best=0.016036 improved=no epoch_time=2.0s total_time=30.1s
[stage experimental] [epoch 16/80] train_total=0.031362 val_total=0.015550 best=0.015550 improved=yes epoch_time=2.0s total_time=32.1s
[stage experimental] [epoch 17/80] train_total=0.031568 val_total=0.023331 best=0.015550 improved=no epoch_time=2.1s total_time=34.1s
[stage experimental] [epoch 18/80] train_total=0.028068 val_total=0.014849 best=0.014849 improved=yes epoch_time=2.0s total_time=36.2s
[stage experimental] [epoch 19/80] train_total=0.030263 val_total=0.012759 best=0.012759 improved=yes epoch_time=2.0s total_time=38.1s
[stage experimental] [epoch 20/80] train_total=0.029300 val_total=0.014811 best=0.012759 improved=no epoch_time=2.0s total_time=40.1s
[stage experimental] [epoch 21/80] train_total=0.025417 val_total=0.012632 best=0.012632 improved=yes epoch_time=2.0s total_time=42.1s
[stage experimental] [epoch 22/80] train_total=0.026323 val_total=0.010275 best=0.010275 improved=yes epoch_time=2.0s total_time=44.1s
[stage experimental] [epoch 23/80] train_total=0.022397 val_total=0.013424 best=0.010275 improved=no epoch_time=2.0s total_time=46.1s
[stage experimental] [epoch 24/80] train_total=0.020081 val_total=0.010393 best=0.010275 improved=no epoch_time=1.9s total_time=48.0s
[stage experimental] [epoch 25/80] train_total=0.020909 val_total=0.010751 best=0.010275 improved=no epoch_time=2.0s total_time=50.0s
[stage experimental] [epoch 26/80] train_total=0.019799 val_total=0.011739 best=0.010275 improved=no epoch_time=2.0s total_time=52.0s
[stage experimental] [epoch 27/80] train_total=0.020503 val_total=0.010433 best=0.010275 improved=no epoch_time=3.0s total_time=55.0s
[stage experimental] [epoch 28/80] train_total=0.017153 val_total=0.008863 best=0.008863 improved=yes epoch_time=2.5s total_time=57.4s
[stage experimental] [epoch 29/80] train_total=0.020361 val_total=0.008923 best=0.008863 improved=no epoch_time=1.5s total_time=59.0s
[stage experimental] [epoch 30/80] train_total=0.015726 val_total=0.007035 best=0.007035 improved=yes epoch_time=1.6s total_time=60.6s
[stage experimental] [epoch 31/80] train_total=0.014925 val_total=0.009586 best=0.007035 improved=no epoch_time=1.9s total_time=62.5s
[stage experimental] [epoch 32/80] train_total=0.014384 val_total=0.006610 best=0.006610 improved=yes epoch_time=1.9s total_time=64.4s
[stage experimental] [epoch 33/80] train_total=0.014620 val_total=0.005871 best=0.005871 improved=yes epoch_time=1.9s total_time=66.3s
[stage experimental] [epoch 34/80] train_total=0.013892 val_total=0.007414 best=0.005871 improved=no epoch_time=2.1s total_time=68.4s
[stage experimental] [epoch 35/80] train_total=0.014017 val_total=0.006344 best=0.005871 improved=no epoch_time=1.9s total_time=70.3s
[stage experimental] [epoch 36/80] train_total=0.014571 val_total=0.005673 best=0.005673 improved=yes epoch_time=1.9s total_time=72.2s
[stage experimental] [epoch 37/80] train_total=0.014350 val_total=0.007809 best=0.005673 improved=no epoch_time=1.9s total_time=74.1s
[stage experimental] [epoch 38/80] train_total=0.014176 val_total=0.006469 best=0.005673 improved=no epoch_time=1.9s total_time=76.0s
[stage experimental] [epoch 39/80] train_total=0.013826 val_total=0.005112 best=0.005112 improved=yes epoch_time=1.9s total_time=77.8s
[stage experimental] [epoch 40/80] train_total=0.013315 val_total=0.009778 best=0.005112 improved=no epoch_time=1.9s total_time=79.7s
[stage experimental] [epoch 41/80] train_total=0.012761 val_total=0.006432 best=0.005112 improved=no epoch_time=1.9s total_time=81.6s
[stage experimental] [epoch 42/80] train_total=0.014604 val_total=0.008225 best=0.005112 improved=no epoch_time=1.9s total_time=83.5s
[stage experimental] [epoch 43/80] train_total=0.011591 val_total=0.005501 best=0.005112 improved=no epoch_time=1.9s total_time=85.4s
[stage experimental] [epoch 44/80] train_total=0.011025 val_total=0.013104 best=0.005112 improved=no epoch_time=1.9s total_time=87.2s
[stage experimental] [epoch 45/80] train_total=0.014925 val_total=0.017800 best=0.005112 improved=no epoch_time=1.9s total_time=89.1s
[stage experimental] [epoch 46/80] train_total=0.012738 val_total=0.008030 best=0.005112 improved=no epoch_time=1.9s total_time=91.0s
[stage experimental] [epoch 47/80] train_total=0.020041 val_total=0.005709 best=0.005112 improved=no epoch_time=1.8s total_time=92.8s
[stage experimental] [epoch 48/80] train_total=0.011328 val_total=0.004831 best=0.004831 improved=yes epoch_time=1.9s total_time=94.7s
[stage experimental] [epoch 49/80] train_total=0.009930 val_total=0.006964 best=0.004831 improved=no epoch_time=1.9s total_time=96.6s
[stage experimental] [epoch 50/80] train_total=0.010516 val_total=0.003339 best=0.003339 improved=yes epoch_time=1.9s total_time=98.5s
[stage experimental] [epoch 51/80] train_total=0.010277 val_total=0.005240 best=0.003339 improved=no epoch_time=1.8s total_time=100.3s
[stage experimental] [epoch 52/80] train_total=0.010599 val_total=0.003939 best=0.003339 improved=no epoch_time=1.9s total_time=102.2s
[stage experimental] [epoch 53/80] train_total=0.010073 val_total=0.006689 best=0.003339 improved=no epoch_time=2.0s total_time=104.2s
[stage experimental] [epoch 54/80] train_total=0.011267 val_total=0.006144 best=0.003339 improved=no epoch_time=1.9s total_time=106.2s
[stage experimental] [epoch 55/80] train_total=0.010839 val_total=0.004946 best=0.003339 improved=no epoch_time=1.9s total_time=108.0s
[stage experimental] [epoch 56/80] train_total=0.011082 val_total=0.004216 best=0.003339 improved=no epoch_time=1.9s total_time=109.9s
[stage experimental] [epoch 57/80] train_total=0.008937 val_total=0.003593 best=0.003339 improved=no epoch_time=1.9s total_time=111.8s
[stage experimental] [epoch 58/80] train_total=0.009399 val_total=0.004138 best=0.003339 improved=no epoch_time=1.9s total_time=113.7s
[stage experimental] [epoch 59/80] train_total=0.014934 val_total=0.016148 best=0.003339 improved=no epoch_time=1.9s total_time=115.6s
[stage experimental] [epoch 60/80] train_total=0.012988 val_total=0.004600 best=0.003339 improved=no epoch_time=1.9s total_time=117.5s
[stage experimental] [epoch 61/80] train_total=0.011124 val_total=0.003893 best=0.003339 improved=no epoch_time=2.0s total_time=119.5s
[stage experimental] [epoch 62/80] train_total=0.008569 val_total=0.003934 best=0.003339 improved=no epoch_time=1.9s total_time=121.4s
[stage experimental] early stopping at epoch 62; best_validation=0.003339
[seed 3] [stage 1/3: direct GE] starting 20 epoch(s)
[seed 3] [stage 1/3: direct GE] [epoch 1/20] train_total=0.004221 val_score=1.259332 best=1.259332 P_MAE=3.6820 kPa y_iso_MAE=0.014549 T_MAE=1.7297 K y_isob_MAE=0.027083 improved=yes epoch_time=10.5s total_time=19.0s
[seed 3] [stage 1/3: direct GE] [epoch 2/20] train_total=0.003562 val_score=1.177263 best=1.177263 P_MAE=3.3545 kPa y_iso_MAE=0.013974 T_MAE=1.6814 K y_isob_MAE=0.024241 improved=yes epoch_time=10.5s total_time=29.5s
[seed 3] [stage 1/3: direct GE] [epoch 3/20] train_total=0.003280 val_score=1.440255 best=1.177263 P_MAE=4.5131 kPa y_iso_MAE=0.017210 T_MAE=2.0442 K y_isob_MAE=0.026898 improved=no epoch_time=10.7s total_time=40.2s
[seed 3] [stage 1/3: direct GE] [epoch 4/20] train_total=0.003564 val_score=1.326750 best=1.177263 P_MAE=3.6209 kPa y_iso_MAE=0.016743 T_MAE=1.9176 K y_isob_MAE=0.026659 improved=no epoch_time=10.9s total_time=51.1s
[seed 3] [stage 1/3: direct GE] [epoch 5/20] train_total=0.003221 val_score=1.388026 best=1.177263 P_MAE=3.8347 kPa y_iso_MAE=0.014990 T_MAE=2.2705 K y_isob_MAE=0.026168 improved=no epoch_time=10.6s total_time=61.7s
[seed 3] [stage 1/3: direct GE] [epoch 6/20] train_total=0.003224 val_score=1.601089 best=1.177263 P_MAE=4.1320 kPa y_iso_MAE=0.015570 T_MAE=2.9508 K y_isob_MAE=0.028480 improved=no epoch_time=10.7s total_time=72.4s
[seed 3] [stage 1/3: direct GE] [epoch 7/20] train_total=0.003255 val_score=1.363204 best=1.177263 P_MAE=3.8962 kPa y_iso_MAE=0.013631 T_MAE=2.3379 K y_isob_MAE=0.024307 improved=no epoch_time=10.9s total_time=83.3s
[seed 3] [stage 1/3: direct GE] [epoch 8/20] train_total=0.003155 val_score=1.417307 best=1.177263 P_MAE=3.7572 kPa y_iso_MAE=0.014036 T_MAE=2.4882 K y_isob_MAE=0.026441 improved=no epoch_time=11.3s total_time=94.6s
[seed 3] [stage 1/3: direct GE] [epoch 9/20] train_total=0.003170 val_score=1.444157 best=1.177263 P_MAE=3.8545 kPa y_iso_MAE=0.015294 T_MAE=2.4173 K y_isob_MAE=0.027570 improved=no epoch_time=11.5s total_time=106.1s
[seed 3] [stage 1/3: direct GE] [epoch 10/20] train_total=0.003032 val_score=1.571079 best=1.177263 P_MAE=3.7353 kPa y_iso_MAE=0.017702 T_MAE=2.8218 K y_isob_MAE=0.028212 improved=no epoch_time=10.9s total_time=117.0s
[seed 3] [stage 1/3: direct GE] [epoch 11/20] train_total=0.003040 val_score=1.523529 best=1.177263 P_MAE=3.6528 kPa y_iso_MAE=0.016896 T_MAE=2.6337 K y_isob_MAE=0.029390 improved=no epoch_time=11.0s total_time=128.1s
[seed 3] [stage 1/3: direct GE] [epoch 12/20] train_total=0.003075 val_score=1.616159 best=1.177263 P_MAE=3.8631 kPa y_iso_MAE=0.017118 T_MAE=3.0220 K y_isob_MAE=0.028183 improved=no epoch_time=10.8s total_time=138.9s
[seed 3] [stage 1/3: direct GE] [epoch 13/20] train_total=0.003084 val_score=1.618296 best=1.177263 P_MAE=3.9761 kPa y_iso_MAE=0.018216 T_MAE=2.8810 K y_isob_MAE=0.028661 improved=no epoch_time=10.7s total_time=149.6s
[seed 3] [stage 1/3: direct GE] [epoch 14/20] train_total=0.003000 val_score=1.784915 best=1.177263 P_MAE=4.2502 kPa y_iso_MAE=0.017124 T_MAE=3.4161 K y_isob_MAE=0.032222 improved=no epoch_time=10.7s total_time=160.3s
[seed 3] [stage 1/3: direct GE] [epoch 15/20] train_total=0.003015 val_score=1.538516 best=1.177263 P_MAE=3.7823 kPa y_iso_MAE=0.015062 T_MAE=2.8611 K y_isob_MAE=0.028064 improved=no epoch_time=10.9s total_time=171.1s
[seed 3] [stage 1/3: direct GE] [epoch 16/20] train_total=0.002928 val_score=1.625082 best=1.177263 P_MAE=3.9575 kPa y_iso_MAE=0.016824 T_MAE=2.9775 K y_isob_MAE=0.029479 improved=no epoch_time=11.3s total_time=182.5s
[seed 3] [stage 1/3: direct GE] [epoch 17/20] train_total=0.002903 val_score=1.715176 best=1.177263 P_MAE=3.7457 kPa y_iso_MAE=0.017386 T_MAE=3.3572 K y_isob_MAE=0.030683 improved=no epoch_time=11.2s total_time=193.6s
[seed 3] [stage 1/3: direct GE] [epoch 18/20] train_total=0.002891 val_score=1.694527 best=1.177263 P_MAE=3.9794 kPa y_iso_MAE=0.019140 T_MAE=3.1013 K y_isob_MAE=0.029653 improved=no epoch_time=11.1s total_time=204.7s
[seed 3] [stage 1/3: direct GE] [epoch 19/20] train_total=0.002779 val_score=1.710800 best=1.177263 P_MAE=3.7362 kPa y_iso_MAE=0.019082 T_MAE=3.2194 K y_isob_MAE=0.030601 improved=no epoch_time=10.8s total_time=215.6s
[seed 3] [stage 1/3: direct GE] [epoch 20/20] train_total=0.002804 val_score=1.683484 best=1.177263 P_MAE=3.9694 kPa y_iso_MAE=0.018106 T_MAE=3.0674 K y_isob_MAE=0.030833 improved=no epoch_time=11.1s total_time=226.6s
[seed 3] [stage 2/3: joint VLE] starting 80 epoch(s)
[seed 3] [stage 2/3: joint VLE] [epoch 1/80] train_total=0.022006 val_score=1.331044 best=1.331044 P_MAE=3.3597 kPa y_iso_MAE=0.018538 T_MAE=1.8829 K y_isob_MAE=0.027020 improved=yes epoch_time=12.0s total_time=238.7s
[seed 3] [stage 2/3: joint VLE] [epoch 2/80] train_total=0.016707 val_score=1.217786 best=1.217786 P_MAE=3.3346 kPa y_iso_MAE=0.014166 T_MAE=1.9194 K y_isob_MAE=0.023114 improved=yes epoch_time=12.3s total_time=250.9s
[seed 3] [stage 2/3: joint VLE] [epoch 3/80] train_total=0.015747 val_score=0.976903 best=0.976903 P_MAE=2.8955 kPa y_iso_MAE=0.014415 T_MAE=1.1694 K y_isob_MAE=0.019637 improved=yes epoch_time=12.4s total_time=263.3s
[seed 3] [stage 2/3: joint VLE] [epoch 4/80] train_total=0.017969 val_score=1.239951 best=0.976903 P_MAE=4.1511 kPa y_iso_MAE=0.016346 T_MAE=1.5229 K y_isob_MAE=0.023570 improved=no epoch_time=12.4s total_time=275.7s
[seed 3] [stage 2/3: joint VLE] [epoch 5/80] train_total=0.014272 val_score=0.933327 best=0.933327 P_MAE=2.9653 kPa y_iso_MAE=0.013784 T_MAE=1.0400 K y_isob_MAE=0.018777 improved=yes epoch_time=12.3s total_time=287.9s
[seed 3] [stage 2/3: joint VLE] [epoch 6/80] train_total=0.014024 val_score=1.081241 best=0.933327 P_MAE=3.1305 kPa y_iso_MAE=0.013663 T_MAE=1.5493 K y_isob_MAE=0.020701 improved=no epoch_time=12.1s total_time=300.0s
[seed 3] [stage 2/3: joint VLE] [epoch 7/80] train_total=0.015870 val_score=1.030316 best=0.933327 P_MAE=3.5915 kPa y_iso_MAE=0.012746 T_MAE=1.2599 K y_isob_MAE=0.019837 improved=no epoch_time=11.9s total_time=311.9s
[seed 3] [stage 2/3: joint VLE] [epoch 8/80] train_total=0.015182 val_score=1.035855 best=0.933327 P_MAE=3.1317 kPa y_iso_MAE=0.015578 T_MAE=1.2328 K y_isob_MAE=0.020129 improved=no epoch_time=11.9s total_time=323.7s
[seed 3] [stage 2/3: joint VLE] [epoch 9/80] train_total=0.014048 val_score=1.077715 best=0.933327 P_MAE=4.1734 kPa y_iso_MAE=0.016378 T_MAE=1.0418 K y_isob_MAE=0.018768 improved=no epoch_time=12.0s total_time=335.7s
[seed 3] [stage 2/3: joint VLE] [epoch 10/80] train_total=0.012007 val_score=0.944296 best=0.933327 P_MAE=2.7507 kPa y_iso_MAE=0.012499 T_MAE=1.2405 K y_isob_MAE=0.019251 improved=no epoch_time=11.9s total_time=347.6s
[seed 3] [stage 2/3: joint VLE] [epoch 11/80] train_total=0.013404 val_score=1.021886 best=0.933327 P_MAE=3.2144 kPa y_iso_MAE=0.014126 T_MAE=1.2546 K y_isob_MAE=0.019977 improved=no epoch_time=12.0s total_time=359.7s
[seed 3] [stage 2/3: joint VLE] [epoch 12/80] train_total=0.013291 val_score=1.065151 best=0.933327 P_MAE=4.1368 kPa y_iso_MAE=0.012589 T_MAE=1.2345 K y_isob_MAE=0.019611 improved=no epoch_time=11.9s total_time=371.5s
[seed 3] [stage 2/3: joint VLE] [epoch 13/80] train_total=0.013624 val_score=0.915232 best=0.915232 P_MAE=2.7701 kPa y_iso_MAE=0.012768 T_MAE=1.1495 K y_isob_MAE=0.018015 improved=yes epoch_time=12.2s total_time=383.8s
[seed 3] [stage 2/3: joint VLE] [epoch 14/80] train_total=0.014653 val_score=0.977722 best=0.915232 P_MAE=2.8227 kPa y_iso_MAE=0.013203 T_MAE=1.2465 K y_isob_MAE=0.020447 improved=no epoch_time=12.0s total_time=395.7s
[seed 3] [stage 2/3: joint VLE] [epoch 15/80] train_total=0.011747 val_score=1.033894 best=0.915232 P_MAE=3.2572 kPa y_iso_MAE=0.017005 T_MAE=1.1825 K y_isob_MAE=0.018078 improved=no epoch_time=11.7s total_time=407.4s
[seed 3] [stage 2/3: joint VLE] [epoch 16/80] train_total=0.013051 val_score=1.022449 best=0.915232 P_MAE=3.2469 kPa y_iso_MAE=0.012781 T_MAE=1.2151 K y_isob_MAE=0.022344 improved=no epoch_time=11.8s total_time=419.3s
[seed 3] [stage 2/3: joint VLE] [epoch 17/80] train_total=0.012228 val_score=1.165343 best=0.915232 P_MAE=3.4697 kPa y_iso_MAE=0.015137 T_MAE=1.6623 K y_isob_MAE=0.021228 improved=no epoch_time=12.0s total_time=431.2s
[seed 3] [stage 2/3: joint VLE] [epoch 18/80] train_total=0.013692 val_score=0.914384 best=0.914384 P_MAE=2.9047 kPa y_iso_MAE=0.014043 T_MAE=1.0340 K y_isob_MAE=0.017392 improved=yes epoch_time=12.4s total_time=443.6s
[seed 3] [stage 2/3: joint VLE] [epoch 19/80] train_total=0.014417 val_score=0.992537 best=0.914384 P_MAE=3.0508 kPa y_iso_MAE=0.014088 T_MAE=1.1181 K y_isob_MAE=0.021232 improved=no epoch_time=12.8s total_time=456.4s
[seed 3] [stage 2/3: joint VLE] [epoch 20/80] train_total=0.011609 val_score=0.893640 best=0.893640 P_MAE=2.8736 kPa y_iso_MAE=0.012144 T_MAE=1.0468 K y_isob_MAE=0.018240 improved=yes epoch_time=12.8s total_time=469.2s
[seed 3] [stage 2/3: joint VLE] [epoch 21/80] train_total=0.012511 val_score=0.877667 best=0.877667 P_MAE=2.7197 kPa y_iso_MAE=0.013289 T_MAE=1.0113 K y_isob_MAE=0.017081 improved=yes epoch_time=12.6s total_time=481.8s
[seed 3] [stage 2/3: joint VLE] [epoch 22/80] train_total=0.014817 val_score=1.145371 best=0.877667 P_MAE=4.4157 kPa y_iso_MAE=0.016245 T_MAE=1.1950 K y_isob_MAE=0.020055 improved=no epoch_time=14.4s total_time=496.2s
[seed 3] [stage 2/3: joint VLE] [epoch 23/80] train_total=0.011371 val_score=1.039280 best=0.877667 P_MAE=2.7600 kPa y_iso_MAE=0.013518 T_MAE=1.5517 K y_isob_MAE=0.019959 improved=no epoch_time=12.7s total_time=508.9s
[seed 3] [stage 2/3: joint VLE] [epoch 24/80] train_total=0.011786 val_score=0.968506 best=0.877667 P_MAE=3.2503 kPa y_iso_MAE=0.012236 T_MAE=1.1966 K y_isob_MAE=0.018946 improved=no epoch_time=13.0s total_time=522.0s
[seed 3] [stage 2/3: joint VLE] [epoch 25/80] train_total=0.012082 val_score=1.059891 best=0.877667 P_MAE=3.0882 kPa y_iso_MAE=0.015827 T_MAE=1.3732 K y_isob_MAE=0.019512 improved=no epoch_time=13.3s total_time=535.2s
[seed 3] [stage 2/3: joint VLE] [epoch 26/80] train_total=0.014238 val_score=1.115042 best=0.877667 P_MAE=3.7683 kPa y_iso_MAE=0.014204 T_MAE=1.4039 K y_isob_MAE=0.020994 improved=no epoch_time=13.3s total_time=548.5s
[seed 3] [stage 2/3: joint VLE] [epoch 27/80] train_total=0.014222 val_score=0.984360 best=0.877667 P_MAE=3.6468 kPa y_iso_MAE=0.014351 T_MAE=1.0279 K y_isob_MAE=0.017717 improved=no epoch_time=12.3s total_time=560.8s
[seed 3] [stage 2/3: joint VLE] [epoch 28/80] train_total=0.011346 val_score=0.882573 best=0.877667 P_MAE=2.3784 kPa y_iso_MAE=0.013406 T_MAE=1.0627 K y_isob_MAE=0.018753 improved=no epoch_time=12.8s total_time=573.6s
[seed 3] [stage 2/3: joint VLE] [epoch 29/80] train_total=0.011713 val_score=0.947314 best=0.877667 P_MAE=3.0508 kPa y_iso_MAE=0.013367 T_MAE=1.0136 K y_isob_MAE=0.020387 improved=no epoch_time=13.0s total_time=586.6s
[seed 3] [stage 2/3: joint VLE] [epoch 30/80] train_total=0.014741 val_score=0.970411 best=0.877667 P_MAE=2.9452 kPa y_iso_MAE=0.012930 T_MAE=1.1934 K y_isob_MAE=0.020334 improved=no epoch_time=13.0s total_time=599.6s
[seed 3] [stage 2/3: joint VLE] [epoch 31/80] train_total=0.010806 val_score=0.984661 best=0.877667 P_MAE=2.6538 kPa y_iso_MAE=0.015615 T_MAE=1.1340 K y_isob_MAE=0.020969 improved=no epoch_time=13.7s total_time=613.3s
[seed 3] [stage 2/3: joint VLE] [epoch 32/80] train_total=0.015264 val_score=1.278875 best=0.877667 P_MAE=3.1774 kPa y_iso_MAE=0.017745 T_MAE=1.9508 K y_isob_MAE=0.023812 improved=no epoch_time=12.9s total_time=626.2s
[seed 3] [stage 2/3: joint VLE] [epoch 33/80] train_total=0.012871 val_score=0.981072 best=0.877667 P_MAE=2.7845 kPa y_iso_MAE=0.016114 T_MAE=1.1155 K y_isob_MAE=0.019429 improved=no epoch_time=12.8s total_time=639.0s
{"direct_ge_parameter_summary": {"stage1_trainable_parameters": 1977601, "stage2_trainable_parameters": 2015043, "stage3": {"groups": [{"learning_rate": 2e-05, "name": "pair_potential", "parameter_count": 110977, "parameter_names": ["pair_potential.0.weight", "pair_potential.0.bias", "pair_potential.2.weight", "pair_potential.2.bias"]}, {"learning_rate": 1e-05, "name": "vapor_pressure", "parameter_count": 37442, "parameter_names": ["vapor_pressure.parameter_head.0.weight", "vapor_pressure.parameter_head.0.bias", "vapor_pressure.parameter_head.2.weight", "vapor_pressure.parameter_head.2.bias"]}, {"learning_rate": 5e-06, "name": "film", "parameter_count": 111744, "parameter_names": ["film.0.weight", "film.0.bias", "film.2.weight", "film.2.bias"]}, {"learning_rate": 5e-06, "name": "mixture_token", "parameter_count": 192, "parameter_names": ["mixture_token"]}], "total_parameters": 2015043, "trainable_fraction": 0.1292056794817778, "trainable_parameters": 260355}, "total_parameters": 2015043, "trainable_fraction": 0.1292056794817778, "trainable_parameters": 260355}}
[seed 3] [stage 3/3: fugacity] starting 10 epoch(s)
[seed 3] [stage 3/3: fugacity] [epoch 1/10] train_total=0.009370 val_score=0.861393 best=0.861393 P_MAE=2.7573 kPa y_iso_MAE=0.012647 T_MAE=0.9900 K y_isob_MAE=0.016738 improved=yes epoch_time=12.0s total_time=651.0s
[seed 3] [stage 3/3: fugacity] [epoch 2/10] train_total=0.008754 val_score=0.845145 best=0.845145 P_MAE=2.7638 kPa y_iso_MAE=0.012691 T_MAE=0.9129 K y_isob_MAE=0.016700 improved=yes epoch_time=12.3s total_time=663.3s
[seed 3] [stage 3/3: fugacity] [epoch 3/10] train_total=0.008773 val_score=0.829405 best=0.829405 P_MAE=2.6777 kPa y_iso_MAE=0.012757 T_MAE=0.8846 K y_isob_MAE=0.016425 improved=yes epoch_time=12.0s total_time=675.3s
[seed 3] [stage 3/3: fugacity] [epoch 4/10] train_total=0.008422 val_score=0.826649 best=0.826649 P_MAE=2.6681 kPa y_iso_MAE=0.013061 T_MAE=0.8538 K y_isob_MAE=0.016414 improved=yes epoch_time=12.3s total_time=687.6s
[seed 3] [stage 3/3: fugacity] [epoch 5/10] train_total=0.008387 val_score=0.818737 best=0.818737 P_MAE=2.6869 kPa y_iso_MAE=0.012791 T_MAE=0.8329 K y_isob_MAE=0.016380 improved=yes epoch_time=13.2s total_time=700.8s
[seed 3] [stage 3/3: fugacity] [epoch 6/10] train_total=0.008039 val_score=0.829379 best=0.818737 P_MAE=2.6805 kPa y_iso_MAE=0.013071 T_MAE=0.8435 K y_isob_MAE=0.016728 improved=no epoch_time=12.4s total_time=713.2s
[seed 3] [stage 3/3: fugacity] [epoch 7/10] train_total=0.008409 val_score=0.811985 best=0.811985 P_MAE=2.6259 kPa y_iso_MAE=0.012947 T_MAE=0.8190 K y_isob_MAE=0.016286 improved=yes epoch_time=12.0s total_time=725.2s
[seed 3] [stage 3/3: fugacity] [epoch 8/10] train_total=0.008156 val_score=0.817032 best=0.811985 P_MAE=2.6441 kPa y_iso_MAE=0.013038 T_MAE=0.8163 K y_isob_MAE=0.016503 improved=no epoch_time=12.3s total_time=737.5s
[seed 3] [stage 3/3: fugacity] [epoch 9/10] train_total=0.007945 val_score=0.810241 best=0.810241 P_MAE=2.5714 kPa y_iso_MAE=0.013008 T_MAE=0.8184 K y_isob_MAE=0.016449 improved=yes epoch_time=12.6s total_time=750.1s
[seed 3] [stage 3/3: fugacity] [epoch 10/10] train_total=0.007980 val_score=0.811030 best=0.810241 P_MAE=2.6376 kPa y_iso_MAE=0.012692 T_MAE=0.8133 K y_isob_MAE=0.016578 improved=no epoch_time=12.5s total_time=762.6s
{"protocol": "vle_binary_state_composition_edge_extrapolation", "seed": 3, "manifest": "D:\\VLE\\VLE\\thermoformer_project\\runs\\phase_equilibrium\\v1\\vle\\three\\results\\thermoformer_vle_three_stage.on.vle_binary_state_composition_edge_extrapolation\\seed_3\\manifest.json"}
[stage experimental] starting 80 epoch(s)
[stage experimental] [epoch 1/80] train_total=0.687213 val_total=0.104060 best=0.104060 improved=yes epoch_time=2.0s total_time=2.0s
[stage experimental] [epoch 2/80] train_total=0.102688 val_total=0.042504 best=0.042504 improved=yes epoch_time=2.0s total_time=3.9s
[stage experimental] [epoch 3/80] train_total=0.072183 val_total=0.031222 best=0.031222 improved=yes epoch_time=1.9s total_time=5.9s
[stage experimental] [epoch 4/80] train_total=0.065746 val_total=0.030339 best=0.030339 improved=yes epoch_time=2.0s total_time=7.9s
[stage experimental] [epoch 5/80] train_total=0.052471 val_total=0.023614 best=0.023614 improved=yes epoch_time=2.0s total_time=9.8s
[stage experimental] [epoch 6/80] train_total=0.058253 val_total=0.023869 best=0.023614 improved=no epoch_time=2.0s total_time=11.8s
[stage experimental] [epoch 7/80] train_total=0.055639 val_total=0.022503 best=0.022503 improved=yes epoch_time=1.9s total_time=13.7s
[stage experimental] [epoch 8/80] train_total=0.050298 val_total=0.029446 best=0.022503 improved=no epoch_time=1.9s total_time=15.6s
[stage experimental] [epoch 9/80] train_total=0.040253 val_total=0.020431 best=0.020431 improved=yes epoch_time=1.9s total_time=17.6s
[stage experimental] [epoch 10/80] train_total=0.042691 val_total=0.018763 best=0.018763 improved=yes epoch_time=1.9s total_time=19.5s
[stage experimental] [epoch 11/80] train_total=0.042767 val_total=0.024696 best=0.018763 improved=no epoch_time=1.9s total_time=21.4s
[stage experimental] [epoch 12/80] train_total=0.041720 val_total=0.019969 best=0.018763 improved=no epoch_time=1.9s total_time=23.4s
[stage experimental] [epoch 13/80] train_total=0.034726 val_total=0.025558 best=0.018763 improved=no epoch_time=2.0s total_time=25.4s
[stage experimental] [epoch 14/80] train_total=0.036975 val_total=0.023586 best=0.018763 improved=no epoch_time=2.0s total_time=27.3s
[stage experimental] [epoch 15/80] train_total=0.040418 val_total=0.020460 best=0.018763 improved=no epoch_time=2.0s total_time=29.3s
[stage experimental] [epoch 16/80] train_total=0.034366 val_total=0.016597 best=0.016597 improved=yes epoch_time=2.0s total_time=31.3s
[stage experimental] [epoch 17/80] train_total=0.030675 val_total=0.018025 best=0.016597 improved=no epoch_time=1.9s total_time=33.2s
[stage experimental] [epoch 18/80] train_total=0.033228 val_total=0.016512 best=0.016512 improved=yes epoch_time=2.0s total_time=35.1s
[stage experimental] [epoch 19/80] train_total=0.028866 val_total=0.015935 best=0.015935 improved=yes epoch_time=1.9s total_time=37.1s
[stage experimental] [epoch 20/80] train_total=0.028655 val_total=0.015579 best=0.015579 improved=yes epoch_time=2.0s total_time=39.1s
[stage experimental] [epoch 21/80] train_total=0.024896 val_total=0.014434 best=0.014434 improved=yes epoch_time=1.9s total_time=41.0s
[stage experimental] [epoch 22/80] train_total=0.026359 val_total=0.013198 best=0.013198 improved=yes epoch_time=1.9s total_time=42.9s
[stage experimental] [epoch 23/80] train_total=0.026975 val_total=0.017300 best=0.013198 improved=no epoch_time=1.9s total_time=44.9s
[stage experimental] [epoch 24/80] train_total=0.025066 val_total=0.013995 best=0.013198 improved=no epoch_time=1.9s total_time=46.8s
[stage experimental] [epoch 25/80] train_total=0.023627 val_total=0.014612 best=0.013198 improved=no epoch_time=2.6s total_time=49.4s
[stage experimental] [epoch 26/80] train_total=0.022482 val_total=0.018670 best=0.013198 improved=no epoch_time=3.0s total_time=52.3s
[stage experimental] [epoch 27/80] train_total=0.025038 val_total=0.012713 best=0.012713 improved=yes epoch_time=1.6s total_time=53.9s
[stage experimental] [epoch 28/80] train_total=0.030098 val_total=0.012497 best=0.012497 improved=yes epoch_time=1.5s total_time=55.4s
[stage experimental] [epoch 29/80] train_total=0.022431 val_total=0.010940 best=0.010940 improved=yes epoch_time=1.5s total_time=56.9s
[stage experimental] [epoch 30/80] train_total=0.022842 val_total=0.008231 best=0.008231 improved=yes epoch_time=1.5s total_time=58.4s
[stage experimental] [epoch 31/80] train_total=0.019489 val_total=0.008248 best=0.008231 improved=no epoch_time=1.7s total_time=60.2s
[stage experimental] [epoch 32/80] train_total=0.018542 val_total=0.008649 best=0.008231 improved=no epoch_time=1.8s total_time=62.0s
[stage experimental] [epoch 33/80] train_total=0.022875 val_total=0.013898 best=0.008231 improved=no epoch_time=1.8s total_time=63.8s
[stage experimental] [epoch 34/80] train_total=0.016941 val_total=0.011274 best=0.008231 improved=no epoch_time=1.8s total_time=65.6s
[stage experimental] [epoch 35/80] train_total=0.017000 val_total=0.006540 best=0.006540 improved=yes epoch_time=1.8s total_time=67.5s
[stage experimental] [epoch 36/80] train_total=0.015304 val_total=0.006895 best=0.006540 improved=no epoch_time=1.8s total_time=69.3s
[stage experimental] [epoch 37/80] train_total=0.013659 val_total=0.004925 best=0.004925 improved=yes epoch_time=1.8s total_time=71.1s
[stage experimental] [epoch 38/80] train_total=0.015610 val_total=0.007052 best=0.004925 improved=no epoch_time=1.8s total_time=72.9s
[stage experimental] [epoch 39/80] train_total=0.014597 val_total=0.006016 best=0.004925 improved=no epoch_time=1.8s total_time=74.8s
[stage experimental] [epoch 40/80] train_total=0.015916 val_total=0.008744 best=0.004925 improved=no epoch_time=1.8s total_time=76.6s
[stage experimental] [epoch 41/80] train_total=0.013715 val_total=0.007922 best=0.004925 improved=no epoch_time=1.8s total_time=78.4s
[stage experimental] [epoch 42/80] train_total=0.013358 val_total=0.005652 best=0.004925 improved=no epoch_time=1.8s total_time=80.2s
[stage experimental] [epoch 43/80] train_total=0.013240 val_total=0.005035 best=0.004925 improved=no epoch_time=1.8s total_time=82.0s
[stage experimental] [epoch 44/80] train_total=0.011735 val_total=0.008726 best=0.004925 improved=no epoch_time=1.8s total_time=83.8s
[stage experimental] [epoch 45/80] train_total=0.013304 val_total=0.008162 best=0.004925 improved=no epoch_time=1.8s total_time=85.6s
[stage experimental] [epoch 46/80] train_total=0.012094 val_total=0.004738 best=0.004738 improved=yes epoch_time=1.8s total_time=87.4s
[stage experimental] [epoch 47/80] train_total=0.015897 val_total=0.006181 best=0.004738 improved=no epoch_time=1.8s total_time=89.3s
[stage experimental] [epoch 48/80] train_total=0.011079 val_total=0.004546 best=0.004546 improved=yes epoch_time=1.8s total_time=91.1s
[stage experimental] [epoch 49/80] train_total=0.014514 val_total=0.006083 best=0.004546 improved=no epoch_time=1.8s total_time=92.9s
[stage experimental] [epoch 50/80] train_total=0.012807 val_total=0.004191 best=0.004191 improved=yes epoch_time=1.8s total_time=94.7s
[stage experimental] [epoch 51/80] train_total=0.010839 val_total=0.004081 best=0.004081 improved=yes epoch_time=1.8s total_time=96.6s
[stage experimental] [epoch 52/80] train_total=0.009660 val_total=0.004891 best=0.004081 improved=no epoch_time=1.8s total_time=98.4s
[stage experimental] [epoch 53/80] train_total=0.010711 val_total=0.004784 best=0.004081 improved=no epoch_time=1.9s total_time=100.3s
[stage experimental] [epoch 54/80] train_total=0.012405 val_total=0.004783 best=0.004081 improved=no epoch_time=1.8s total_time=102.1s
[stage experimental] [epoch 55/80] train_total=0.013045 val_total=0.007113 best=0.004081 improved=no epoch_time=1.8s total_time=103.9s
[stage experimental] [epoch 56/80] train_total=0.016316 val_total=0.004988 best=0.004081 improved=no epoch_time=1.8s total_time=105.8s
[stage experimental] [epoch 57/80] train_total=0.010684 val_total=0.012433 best=0.004081 improved=no epoch_time=1.9s total_time=107.6s
[stage experimental] [epoch 58/80] train_total=0.009532 val_total=0.003270 best=0.003270 improved=yes epoch_time=2.0s total_time=109.6s
[stage experimental] [epoch 59/80] train_total=0.010959 val_total=0.008826 best=0.003270 improved=no epoch_time=2.0s total_time=111.7s
[stage experimental] [epoch 60/80] train_total=0.011206 val_total=0.005626 best=0.003270 improved=no epoch_time=2.1s total_time=113.7s
[stage experimental] [epoch 61/80] train_total=0.008164 val_total=0.007343 best=0.003270 improved=no epoch_time=2.1s total_time=115.8s
[stage experimental] [epoch 62/80] train_total=0.008994 val_total=0.003928 best=0.003270 improved=no epoch_time=2.1s total_time=117.9s
[stage experimental] [epoch 63/80] train_total=0.008315 val_total=0.003912 best=0.003270 improved=no epoch_time=2.0s total_time=119.9s
[stage experimental] [epoch 64/80] train_total=0.008560 val_total=0.003165 best=0.003165 improved=yes epoch_time=1.9s total_time=121.8s
[stage experimental] [epoch 65/80] train_total=0.009692 val_total=0.006940 best=0.003165 improved=no epoch_time=2.0s total_time=123.9s
[stage experimental] [epoch 66/80] train_total=0.010620 val_total=0.003306 best=0.003165 improved=no epoch_time=1.9s total_time=125.8s
[stage experimental] [epoch 67/80] train_total=0.009034 val_total=0.003855 best=0.003165 improved=no epoch_time=2.0s total_time=127.8s
[stage experimental] [epoch 68/80] train_total=0.008680 val_total=0.003956 best=0.003165 improved=no epoch_time=2.0s total_time=129.8s
[stage experimental] [epoch 69/80] train_total=0.009015 val_total=0.006297 best=0.003165 improved=no epoch_time=2.0s total_time=131.8s
[stage experimental] [epoch 70/80] train_total=0.010218 val_total=0.007485 best=0.003165 improved=no epoch_time=2.0s total_time=133.8s
[stage experimental] [epoch 71/80] train_total=0.011247 val_total=0.005048 best=0.003165 improved=no epoch_time=2.1s total_time=135.9s
[stage experimental] [epoch 72/80] train_total=0.008866 val_total=0.005890 best=0.003165 improved=no epoch_time=2.2s total_time=138.0s
[stage experimental] [epoch 73/80] train_total=0.011468 val_total=0.004624 best=0.003165 improved=no epoch_time=1.9s total_time=139.9s
[stage experimental] [epoch 74/80] train_total=0.008370 val_total=0.003176 best=0.003165 improved=no epoch_time=1.9s total_time=141.8s
[stage experimental] [epoch 75/80] train_total=0.008489 val_total=0.006046 best=0.003165 improved=no epoch_time=1.9s total_time=143.7s
[stage experimental] [epoch 76/80] train_total=0.009877 val_total=0.003523 best=0.003165 improved=no epoch_time=1.9s total_time=145.6s
[stage experimental] early stopping at epoch 76; best_validation=0.003165
[seed 4] [stage 1/3: direct GE] starting 20 epoch(s)
[seed 4] [stage 1/3: direct GE] [epoch 1/20] train_total=0.003923 val_score=1.346619 best=1.346619 P_MAE=4.5035 kPa y_iso_MAE=0.015086 T_MAE=1.9226 K y_isob_MAE=0.027030 improved=yes epoch_time=11.3s total_time=20.0s
[seed 4] [stage 1/3: direct GE] [epoch 2/20] train_total=0.003621 val_score=1.329173 best=1.329173 P_MAE=4.3090 kPa y_iso_MAE=0.014354 T_MAE=2.0500 K y_isob_MAE=0.025623 improved=yes epoch_time=11.0s total_time=31.1s
[seed 4] [stage 1/3: direct GE] [epoch 3/20] train_total=0.003261 val_score=1.304729 best=1.304729 P_MAE=3.9847 kPa y_iso_MAE=0.012491 T_MAE=2.2121 K y_isob_MAE=0.025388 improved=yes epoch_time=10.8s total_time=41.8s
[seed 4] [stage 1/3: direct GE] [epoch 4/20] train_total=0.003215 val_score=1.272549 best=1.272549 P_MAE=4.1247 kPa y_iso_MAE=0.014316 T_MAE=1.9045 K y_isob_MAE=0.024746 improved=yes epoch_time=11.0s total_time=52.9s
[seed 4] [stage 1/3: direct GE] [epoch 5/20] train_total=0.003271 val_score=1.258125 best=1.258125 P_MAE=3.4803 kPa y_iso_MAE=0.015203 T_MAE=1.9828 K y_isob_MAE=0.024885 improved=yes epoch_time=10.8s total_time=63.7s
[seed 4] [stage 1/3: direct GE] [epoch 6/20] train_total=0.003103 val_score=1.362382 best=1.258125 P_MAE=3.7606 kPa y_iso_MAE=0.014708 T_MAE=2.3303 K y_isob_MAE=0.026266 improved=no epoch_time=10.6s total_time=74.3s
[seed 4] [stage 1/3: direct GE] [epoch 7/20] train_total=0.003109 val_score=1.325699 best=1.258125 P_MAE=3.7292 kPa y_iso_MAE=0.013316 T_MAE=2.1692 K y_isob_MAE=0.028183 improved=no epoch_time=10.9s total_time=85.2s
[seed 4] [stage 1/3: direct GE] [epoch 8/20] train_total=0.003020 val_score=1.392295 best=1.258125 P_MAE=3.9553 kPa y_iso_MAE=0.015769 T_MAE=2.2596 K y_isob_MAE=0.027246 improved=no epoch_time=11.2s total_time=96.3s
[seed 4] [stage 1/3: direct GE] [epoch 9/20] train_total=0.003016 val_score=1.443683 best=1.258125 P_MAE=4.7286 kPa y_iso_MAE=0.013885 T_MAE=2.3358 K y_isob_MAE=0.028012 improved=no epoch_time=11.6s total_time=108.0s
[seed 4] [stage 1/3: direct GE] [epoch 10/20] train_total=0.002995 val_score=1.448652 best=1.258125 P_MAE=4.1166 kPa y_iso_MAE=0.014456 T_MAE=2.5550 K y_isob_MAE=0.027528 improved=no epoch_time=11.2s total_time=119.1s
[seed 4] [stage 1/3: direct GE] [epoch 11/20] train_total=0.003146 val_score=1.538022 best=1.258125 P_MAE=4.9333 kPa y_iso_MAE=0.016251 T_MAE=2.4535 K y_isob_MAE=0.029064 improved=no epoch_time=11.3s total_time=130.4s
[seed 4] [stage 1/3: direct GE] [epoch 12/20] train_total=0.003010 val_score=1.417886 best=1.258125 P_MAE=3.8615 kPa y_iso_MAE=0.012616 T_MAE=2.5659 K y_isob_MAE=0.028926 improved=no epoch_time=11.3s total_time=141.7s
[seed 4] [stage 1/3: direct GE] [epoch 13/20] train_total=0.002961 val_score=1.549496 best=1.258125 P_MAE=5.0424 kPa y_iso_MAE=0.018002 T_MAE=2.3517 K y_isob_MAE=0.028673 improved=no epoch_time=11.2s total_time=152.9s
[seed 4] [stage 1/3: direct GE] [epoch 14/20] train_total=0.002999 val_score=1.697070 best=1.258125 P_MAE=4.6842 kPa y_iso_MAE=0.017667 T_MAE=2.8904 K y_isob_MAE=0.033826 improved=no epoch_time=11.1s total_time=164.0s
[seed 4] [stage 1/3: direct GE] [epoch 15/20] train_total=0.002868 val_score=1.737165 best=1.258125 P_MAE=4.4424 kPa y_iso_MAE=0.016706 T_MAE=3.2021 K y_isob_MAE=0.034451 improved=no epoch_time=10.9s total_time=174.9s
[seed 4] [stage 1/3: direct GE] [epoch 16/20] train_total=0.002804 val_score=1.536625 best=1.258125 P_MAE=4.1860 kPa y_iso_MAE=0.014904 T_MAE=2.7957 K y_isob_MAE=0.029403 improved=no epoch_time=10.8s total_time=185.7s
[seed 4] [stage 1/3: direct GE] [epoch 17/20] train_total=0.002964 val_score=1.686468 best=1.258125 P_MAE=4.4715 kPa y_iso_MAE=0.016270 T_MAE=3.1214 K y_isob_MAE=0.032213 improved=no epoch_time=10.8s total_time=196.5s
[seed 4] [stage 1/3: direct GE] [epoch 18/20] train_total=0.002823 val_score=1.560049 best=1.258125 P_MAE=4.5359 kPa y_iso_MAE=0.015552 T_MAE=2.6677 K y_isob_MAE=0.030484 improved=no epoch_time=11.1s total_time=207.6s
[seed 4] [stage 1/3: direct GE] [epoch 19/20] train_total=0.002762 val_score=1.764793 best=1.258125 P_MAE=4.7776 kPa y_iso_MAE=0.017217 T_MAE=3.2796 K y_isob_MAE=0.032636 improved=no epoch_time=10.9s total_time=218.5s
[seed 4] [stage 1/3: direct GE] [epoch 20/20] train_total=0.002854 val_score=1.735995 best=1.258125 P_MAE=5.0078 kPa y_iso_MAE=0.015692 T_MAE=3.1325 K y_isob_MAE=0.033567 improved=no epoch_time=11.0s total_time=229.5s
[seed 4] [stage 2/3: joint VLE] starting 80 epoch(s)
[seed 4] [stage 2/3: joint VLE] [epoch 1/80] train_total=0.017790 val_score=1.049327 best=1.049327 P_MAE=3.6452 kPa y_iso_MAE=0.015144 T_MAE=1.2312 K y_isob_MAE=0.020178 improved=yes epoch_time=12.3s total_time=241.9s
[seed 4] [stage 2/3: joint VLE] [epoch 2/80] train_total=0.015222 val_score=0.990349 best=0.990349 P_MAE=3.7579 kPa y_iso_MAE=0.012469 T_MAE=1.1752 K y_isob_MAE=0.019422 improved=yes epoch_time=12.1s total_time=253.9s
[seed 4] [stage 2/3: joint VLE] [epoch 3/80] train_total=0.012625 val_score=1.024331 best=0.990349 P_MAE=3.4060 kPa y_iso_MAE=0.016016 T_MAE=1.1206 K y_isob_MAE=0.020306 improved=no epoch_time=11.9s total_time=265.8s
[seed 4] [stage 2/3: joint VLE] [epoch 4/80] train_total=0.014292 val_score=1.060689 best=0.990349 P_MAE=3.1729 kPa y_iso_MAE=0.017169 T_MAE=1.2440 K y_isob_MAE=0.020907 improved=no epoch_time=12.0s total_time=277.9s
[seed 4] [stage 2/3: joint VLE] [epoch 5/80] train_total=0.014736 val_score=0.967980 best=0.967980 P_MAE=2.6702 kPa y_iso_MAE=0.015460 T_MAE=1.2055 K y_isob_MAE=0.019507 improved=yes epoch_time=11.9s total_time=289.7s
[seed 4] [stage 2/3: joint VLE] [epoch 6/80] train_total=0.014527 val_score=0.921859 best=0.921859 P_MAE=2.9125 kPa y_iso_MAE=0.014191 T_MAE=0.9896 K y_isob_MAE=0.019811 improved=yes epoch_time=12.1s total_time=301.8s
[seed 4] [stage 2/3: joint VLE] [epoch 7/80] train_total=0.014051 val_score=0.973362 best=0.921859 P_MAE=3.4122 kPa y_iso_MAE=0.014031 T_MAE=1.1394 K y_isob_MAE=0.018601 improved=no epoch_time=11.9s total_time=313.7s
[seed 4] [stage 2/3: joint VLE] [epoch 8/80] train_total=0.010915 val_score=0.922056 best=0.921859 P_MAE=3.4155 kPa y_iso_MAE=0.013979 T_MAE=0.9904 K y_isob_MAE=0.017107 improved=no epoch_time=12.0s total_time=325.7s
[seed 4] [stage 2/3: joint VLE] [epoch 9/80] train_total=0.012243 val_score=1.018122 best=0.921859 P_MAE=2.7383 kPa y_iso_MAE=0.014478 T_MAE=1.4723 K y_isob_MAE=0.019886 improved=no epoch_time=12.5s total_time=338.2s
[seed 4] [stage 2/3: joint VLE] [epoch 10/80] train_total=0.012414 val_score=0.967273 best=0.921859 P_MAE=3.2379 kPa y_iso_MAE=0.014144 T_MAE=1.1166 K y_isob_MAE=0.019389 improved=no epoch_time=12.8s total_time=350.9s
[seed 4] [stage 2/3: joint VLE] [epoch 11/80] train_total=0.012601 val_score=1.014025 best=0.921859 P_MAE=2.6981 kPa y_iso_MAE=0.016653 T_MAE=1.2854 K y_isob_MAE=0.020014 improved=no epoch_time=12.3s total_time=363.2s
[seed 4] [stage 2/3: joint VLE] [epoch 12/80] train_total=0.011904 val_score=1.105747 best=0.921859 P_MAE=3.3831 kPa y_iso_MAE=0.015241 T_MAE=1.4703 K y_isob_MAE=0.022019 improved=no epoch_time=13.7s total_time=376.9s
[seed 4] [stage 2/3: joint VLE] [epoch 13/80] train_total=0.016191 val_score=1.268854 best=0.921859 P_MAE=4.2523 kPa y_iso_MAE=0.020241 T_MAE=1.5074 K y_isob_MAE=0.022368 improved=no epoch_time=13.3s total_time=390.2s
[seed 4] [stage 2/3: joint VLE] [epoch 14/80] train_total=0.013361 val_score=1.078592 best=0.921859 P_MAE=3.2795 kPa y_iso_MAE=0.014580 T_MAE=1.5369 K y_isob_MAE=0.020240 improved=no epoch_time=13.2s total_time=403.4s
[seed 4] [stage 2/3: joint VLE] [epoch 15/80] train_total=0.016960 val_score=1.073218 best=0.921859 P_MAE=3.2669 kPa y_iso_MAE=0.015980 T_MAE=1.2694 K y_isob_MAE=0.022537 improved=no epoch_time=13.5s total_time=416.9s
[seed 4] [stage 2/3: joint VLE] [epoch 16/80] train_total=0.012598 val_score=0.864528 best=0.864528 P_MAE=2.7544 kPa y_iso_MAE=0.014857 T_MAE=0.8784 K y_isob_MAE=0.017173 improved=yes epoch_time=12.4s total_time=429.2s
[seed 4] [stage 2/3: joint VLE] [epoch 17/80] train_total=0.010209 val_score=0.893205 best=0.864528 P_MAE=2.4597 kPa y_iso_MAE=0.014305 T_MAE=1.0861 K y_isob_MAE=0.018421 improved=no epoch_time=12.4s total_time=441.6s
[seed 4] [stage 2/3: joint VLE] [epoch 18/80] train_total=0.012354 val_score=0.957002 best=0.864528 P_MAE=3.1149 kPa y_iso_MAE=0.012968 T_MAE=1.2522 K y_isob_MAE=0.018596 improved=no epoch_time=12.0s total_time=453.6s
[seed 4] [stage 2/3: joint VLE] [epoch 19/80] train_total=0.012306 val_score=1.027415 best=0.864528 P_MAE=2.9808 kPa y_iso_MAE=0.016596 T_MAE=1.2706 K y_isob_MAE=0.019729 improved=no epoch_time=12.1s total_time=465.7s
[seed 4] [stage 2/3: joint VLE] [epoch 20/80] train_total=0.011522 val_score=1.040887 best=0.864528 P_MAE=3.8987 kPa y_iso_MAE=0.014155 T_MAE=1.1720 K y_isob_MAE=0.020357 improved=no epoch_time=12.2s total_time=477.9s
[seed 4] [stage 2/3: joint VLE] [epoch 21/80] train_total=0.011635 val_score=0.957912 best=0.864528 P_MAE=2.9846 kPa y_iso_MAE=0.013006 T_MAE=1.2158 K y_isob_MAE=0.020014 improved=no epoch_time=11.9s total_time=489.7s
[seed 4] [stage 2/3: joint VLE] [epoch 22/80] train_total=0.009763 val_score=0.901757 best=0.864528 P_MAE=2.7219 kPa y_iso_MAE=0.015025 T_MAE=0.9507 K y_isob_MAE=0.018867 improved=no epoch_time=12.4s total_time=502.1s
[seed 4] [stage 2/3: joint VLE] [epoch 23/80] train_total=0.010413 val_score=0.987066 best=0.864528 P_MAE=2.6602 kPa y_iso_MAE=0.014585 T_MAE=1.2493 K y_isob_MAE=0.021536 improved=no epoch_time=12.2s total_time=514.4s
[seed 4] [stage 2/3: joint VLE] [epoch 24/80] train_total=0.011739 val_score=0.952913 best=0.864528 P_MAE=2.5494 kPa y_iso_MAE=0.014762 T_MAE=1.2542 K y_isob_MAE=0.019150 improved=no epoch_time=12.1s total_time=526.4s
[seed 4] [stage 2/3: joint VLE] [epoch 25/80] train_total=0.010628 val_score=1.036323 best=0.864528 P_MAE=4.0481 kPa y_iso_MAE=0.012083 T_MAE=1.3828 K y_isob_MAE=0.018339 improved=no epoch_time=12.3s total_time=538.8s
[seed 4] [stage 2/3: joint VLE] [epoch 26/80] train_total=0.013721 val_score=0.872966 best=0.864528 P_MAE=2.2891 kPa y_iso_MAE=0.014694 T_MAE=1.0376 K y_isob_MAE=0.018122 improved=no epoch_time=12.0s total_time=550.8s
[seed 4] [stage 2/3: joint VLE] [epoch 27/80] train_total=0.011040 val_score=0.843787 best=0.843787 P_MAE=2.4066 kPa y_iso_MAE=0.013785 T_MAE=1.0471 K y_isob_MAE=0.016176 improved=yes epoch_time=12.2s total_time=563.0s
[seed 4] [stage 2/3: joint VLE] [epoch 28/80] train_total=0.010917 val_score=0.915729 best=0.843787 P_MAE=2.9415 kPa y_iso_MAE=0.014957 T_MAE=0.9998 K y_isob_MAE=0.017929 improved=no epoch_time=12.1s total_time=575.1s
[seed 4] [stage 2/3: joint VLE] [epoch 29/80] train_total=0.010804 val_score=0.859378 best=0.843787 P_MAE=2.7077 kPa y_iso_MAE=0.013429 T_MAE=0.9658 K y_isob_MAE=0.017500 improved=no epoch_time=12.4s total_time=587.5s
[seed 4] [stage 2/3: joint VLE] [epoch 30/80] train_total=0.012248 val_score=0.935086 best=0.843787 P_MAE=2.7200 kPa y_iso_MAE=0.014095 T_MAE=1.1154 K y_isob_MAE=0.019995 improved=no epoch_time=12.3s total_time=599.7s
[seed 4] [stage 2/3: joint VLE] [epoch 31/80] train_total=0.010870 val_score=0.918047 best=0.843787 P_MAE=3.6358 kPa y_iso_MAE=0.012884 T_MAE=0.9757 K y_isob_MAE=0.017225 improved=no epoch_time=12.3s total_time=612.1s
[seed 4] [stage 2/3: joint VLE] [epoch 32/80] train_total=0.010668 val_score=0.837642 best=0.837642 P_MAE=2.4260 kPa y_iso_MAE=0.011421 T_MAE=1.1288 K y_isob_MAE=0.017408 improved=yes epoch_time=12.7s total_time=624.8s
[seed 4] [stage 2/3: joint VLE] [epoch 33/80] train_total=0.009686 val_score=0.930650 best=0.837642 P_MAE=2.8739 kPa y_iso_MAE=0.014850 T_MAE=1.1467 K y_isob_MAE=0.017158 improved=no epoch_time=12.0s total_time=636.8s
[seed 4] [stage 2/3: joint VLE] [epoch 34/80] train_total=0.010836 val_score=0.948899 best=0.837642 P_MAE=3.7244 kPa y_iso_MAE=0.015510 T_MAE=0.8832 K y_isob_MAE=0.017146 improved=no epoch_time=12.0s total_time=648.8s
[seed 4] [stage 2/3: joint VLE] [epoch 35/80] train_total=0.011106 val_score=0.938764 best=0.837642 P_MAE=2.5584 kPa y_iso_MAE=0.014055 T_MAE=1.2040 K y_isob_MAE=0.019793 improved=no epoch_time=12.1s total_time=660.9s
[seed 4] [stage 2/3: joint VLE] [epoch 36/80] train_total=0.010892 val_score=0.899230 best=0.837642 P_MAE=2.2568 kPa y_iso_MAE=0.014292 T_MAE=1.0326 K y_isob_MAE=0.021041 improved=no epoch_time=12.1s total_time=673.0s
[seed 4] [stage 2/3: joint VLE] [epoch 37/80] train_total=0.011088 val_score=0.879753 best=0.837642 P_MAE=2.8269 kPa y_iso_MAE=0.013378 T_MAE=1.0691 K y_isob_MAE=0.016721 improved=no epoch_time=12.2s total_time=685.3s
[seed 4] [stage 2/3: joint VLE] [epoch 38/80] train_total=0.010494 val_score=0.827348 best=0.827348 P_MAE=2.1827 kPa y_iso_MAE=0.014711 T_MAE=0.8955 K y_isob_MAE=0.017522 improved=yes epoch_time=12.1s total_time=697.4s
[seed 4] [stage 2/3: joint VLE] [epoch 39/80] train_total=0.017165 val_score=1.216849 best=0.827348 P_MAE=3.1956 kPa y_iso_MAE=0.017557 T_MAE=1.8125 K y_isob_MAE=0.022977 improved=no epoch_time=13.0s total_time=710.3s
[seed 4] [stage 2/3: joint VLE] [epoch 40/80] train_total=0.015594 val_score=1.140494 best=0.827348 P_MAE=2.8000 kPa y_iso_MAE=0.017312 T_MAE=1.5928 K y_isob_MAE=0.023337 improved=no epoch_time=12.5s total_time=722.8s
[seed 4] [stage 2/3: joint VLE] [epoch 41/80] train_total=0.010002 val_score=0.899929 best=0.827348 P_MAE=2.5778 kPa y_iso_MAE=0.013785 T_MAE=1.1407 K y_isob_MAE=0.018033 improved=no epoch_time=13.1s total_time=735.9s
[seed 4] [stage 2/3: joint VLE] [epoch 42/80] train_total=0.009199 val_score=0.872324 best=0.827348 P_MAE=2.9353 kPa y_iso_MAE=0.014214 T_MAE=0.8825 K y_isob_MAE=0.017525 improved=no epoch_time=12.5s total_time=748.4s
[seed 4] [stage 2/3: joint VLE] [epoch 43/80] train_total=0.009536 val_score=0.900178 best=0.827348 P_MAE=3.0253 kPa y_iso_MAE=0.014057 T_MAE=0.9128 K y_isob_MAE=0.018907 improved=no epoch_time=13.0s total_time=761.3s
[seed 4] [stage 2/3: joint VLE] [epoch 44/80] train_total=0.009091 val_score=0.861611 best=0.827348 P_MAE=2.6198 kPa y_iso_MAE=0.014178 T_MAE=1.0371 K y_isob_MAE=0.015960 improved=no epoch_time=12.8s total_time=774.2s
[seed 4] [stage 2/3: joint VLE] [epoch 45/80] train_total=0.009295 val_score=1.075210 best=0.827348 P_MAE=3.7002 kPa y_iso_MAE=0.017581 T_MAE=1.2337 K y_isob_MAE=0.018537 improved=no epoch_time=12.7s total_time=786.9s
[seed 4] [stage 2/3: joint VLE] [epoch 46/80] train_total=0.010438 val_score=0.957545 best=0.827348 P_MAE=3.9261 kPa y_iso_MAE=0.012324 T_MAE=1.0134 K y_isob_MAE=0.018767 improved=no epoch_time=12.2s total_time=799.1s
[seed 4] [stage 2/3: joint VLE] [epoch 47/80] train_total=0.009014 val_score=0.863265 best=0.827348 P_MAE=2.8367 kPa y_iso_MAE=0.013821 T_MAE=0.9917 K y_isob_MAE=0.016064 improved=no epoch_time=12.4s total_time=811.5s
[seed 4] [stage 2/3: joint VLE] [epoch 48/80] train_total=0.010029 val_score=0.964525 best=0.827348 P_MAE=2.5576 kPa y_iso_MAE=0.013459 T_MAE=1.4513 K y_isob_MAE=0.018442 improved=no epoch_time=12.1s total_time=823.6s
[seed 4] [stage 2/3: joint VLE] [epoch 49/80] train_total=0.010655 val_score=0.857097 best=0.827348 P_MAE=2.3521 kPa y_iso_MAE=0.014062 T_MAE=1.0390 K y_isob_MAE=0.017321 improved=no epoch_time=12.4s total_time=836.0s
[seed 4] [stage 2/3: joint VLE] [epoch 50/80] train_total=0.010121 val_score=0.894347 best=0.827348 P_MAE=2.4548 kPa y_iso_MAE=0.014359 T_MAE=1.0808 K y_isob_MAE=0.018557 improved=no epoch_time=13.0s total_time=849.0s
{"direct_ge_parameter_summary": {"stage1_trainable_parameters": 1977601, "stage2_trainable_parameters": 2015043, "stage3": {"groups": [{"learning_rate": 2e-05, "name": "pair_potential", "parameter_count": 110977, "parameter_names": ["pair_potential.0.weight", "pair_potential.0.bias", "pair_potential.2.weight", "pair_potential.2.bias"]}, {"learning_rate": 1e-05, "name": "vapor_pressure", "parameter_count": 37442, "parameter_names": ["vapor_pressure.parameter_head.0.weight", "vapor_pressure.parameter_head.0.bias", "vapor_pressure.parameter_head.2.weight", "vapor_pressure.parameter_head.2.bias"]}, {"learning_rate": 5e-06, "name": "film", "parameter_count": 111744, "parameter_names": ["film.0.weight", "film.0.bias", "film.2.weight", "film.2.bias"]}, {"learning_rate": 5e-06, "name": "mixture_token", "parameter_count": 192, "parameter_names": ["mixture_token"]}], "total_parameters": 2015043, "trainable_fraction": 0.1292056794817778, "trainable_parameters": 260355}, "total_parameters": 2015043, "trainable_fraction": 0.1292056794817778, "trainable_parameters": 260355}}
[seed 4] [stage 3/3: fugacity] starting 10 epoch(s)
[seed 4] [stage 3/3: fugacity] [epoch 1/10] train_total=0.007800 val_score=0.794230 best=0.794230 P_MAE=2.1341 kPa y_iso_MAE=0.013762 T_MAE=0.8383 K y_isob_MAE=0.017447 improved=yes epoch_time=12.9s total_time=861.9s
[seed 4] [stage 3/3: fugacity] [epoch 2/10] train_total=0.006921 val_score=0.769693 best=0.769693 P_MAE=2.0336 kPa y_iso_MAE=0.013547 T_MAE=0.7866 K y_isob_MAE=0.017266 improved=yes epoch_time=12.1s total_time=874.0s
[seed 4] [stage 3/3: fugacity] [epoch 3/10] train_total=0.007172 val_score=0.769015 best=0.769015 P_MAE=2.0834 kPa y_iso_MAE=0.013319 T_MAE=0.7784 K y_isob_MAE=0.017368 improved=yes epoch_time=12.0s total_time=886.0s
[seed 4] [stage 3/3: fugacity] [epoch 4/10] train_total=0.006580 val_score=0.765823 best=0.765823 P_MAE=2.0502 kPa y_iso_MAE=0.013093 T_MAE=0.7865 K y_isob_MAE=0.017482 improved=yes epoch_time=11.9s total_time=897.9s
[seed 4] [stage 3/3: fugacity] [epoch 5/10] train_total=0.006632 val_score=0.755218 best=0.755218 P_MAE=2.0032 kPa y_iso_MAE=0.013050 T_MAE=0.7613 K y_isob_MAE=0.017406 improved=yes epoch_time=11.8s total_time=909.7s
[seed 4] [stage 3/3: fugacity] [epoch 6/10] train_total=0.006610 val_score=0.755374 best=0.755218 P_MAE=2.0134 kPa y_iso_MAE=0.013115 T_MAE=0.7581 K y_isob_MAE=0.017324 improved=no epoch_time=11.7s total_time=921.4s
[seed 4] [stage 3/3: fugacity] [epoch 7/10] train_total=0.006444 val_score=0.764608 best=0.755218 P_MAE=2.0807 kPa y_iso_MAE=0.013220 T_MAE=0.7657 K y_isob_MAE=0.017386 improved=no epoch_time=11.8s total_time=933.2s
[seed 4] [stage 3/3: fugacity] [epoch 8/10] train_total=0.006580 val_score=0.751967 best=0.751967 P_MAE=2.0121 kPa y_iso_MAE=0.013093 T_MAE=0.7518 K y_isob_MAE=0.017196 improved=yes epoch_time=12.3s total_time=945.5s
[seed 4] [stage 3/3: fugacity] [epoch 9/10] train_total=0.006437 val_score=0.763148 best=0.751967 P_MAE=2.0706 kPa y_iso_MAE=0.013221 T_MAE=0.7620 K y_isob_MAE=0.017390 improved=no epoch_time=12.0s total_time=957.5s
[seed 4] [stage 3/3: fugacity] [epoch 10/10] train_total=0.006297 val_score=0.767684 best=0.751967 P_MAE=2.0786 kPa y_iso_MAE=0.013304 T_MAE=0.7707 K y_isob_MAE=0.017442 improved=no epoch_time=12.0s total_time=969.5s
{"protocol": "vle_binary_state_composition_edge_extrapolation", "seed": 4, "manifest": "D:\\VLE\\VLE\\thermoformer_project\\runs\\phase_equilibrium\\v1\\vle\\three\\results\\thermoformer_vle_three_stage.on.vle_binary_state_composition_edge_extrapolation\\seed_4\\manifest.json"}

$ E:\anaconda\envs\ggnn39\python.exe scripts/run_vle_benchmarks.py --protocol vle_binary_state_composition_edge_extrapolation --seeds 0 1 2 3 4 --output D:\VLE\VLE\phase_equilibrium\runs\phase_equilibrium\v1 --device cuda
[resume] stage0 vle_binary_state_composition_edge_extrapolation seed 0
[resume] three vle_binary_state_composition_edge_extrapolation seed 0
{"protocol": "vle_binary_state_composition_edge_extrapolation", "seed": 0, "manifest": "D:\\VLE\\VLE\\thermoformer_project\\runs\\phase_equilibrium\\v1\\vle\\three\\results\\thermoformer_vle_three_stage.on.vle_binary_state_composition_edge_extrapolation\\seed_0\\manifest.json"}
[resume] stage0 vle_binary_state_composition_edge_extrapolation seed 1
[resume] three vle_binary_state_composition_edge_extrapolation seed 1
{"protocol": "vle_binary_state_composition_edge_extrapolation", "seed": 1, "manifest": "D:\\VLE\\VLE\\thermoformer_project\\runs\\phase_equilibrium\\v1\\vle\\three\\results\\thermoformer_vle_three_stage.on.vle_binary_state_composition_edge_extrapolation\\seed_1\\manifest.json"}
[resume] stage0 vle_binary_state_composition_edge_extrapolation seed 2
[resume] three vle_binary_state_composition_edge_extrapolation seed 2
{"protocol": "vle_binary_state_composition_edge_extrapolation", "seed": 2, "manifest": "D:\\VLE\\VLE\\thermoformer_project\\runs\\phase_equilibrium\\v1\\vle\\three\\results\\thermoformer_vle_three_stage.on.vle_binary_state_composition_edge_extrapolation\\seed_2\\manifest.json"}
[resume] stage0 vle_binary_state_composition_edge_extrapolation seed 3
[resume] three vle_binary_state_composition_edge_extrapolation seed 3
{"protocol": "vle_binary_state_composition_edge_extrapolation", "seed": 3, "manifest": "D:\\VLE\\VLE\\thermoformer_project\\runs\\phase_equilibrium\\v1\\vle\\three\\results\\thermoformer_vle_three_stage.on.vle_binary_state_composition_edge_extrapolation\\seed_3\\manifest.json"}
[resume] stage0 vle_binary_state_composition_edge_extrapolation seed 4
[resume] three vle_binary_state_composition_edge_extrapolation seed 4
{"protocol": "vle_binary_state_composition_edge_extrapolation", "seed": 4, "manifest": "D:\\VLE\\VLE\\thermoformer_project\\runs\\phase_equilibrium\\v1\\vle\\three\\results\\thermoformer_vle_three_stage.on.vle_binary_state_composition_edge_extrapolation\\seed_4\\manifest.json"}

$ E:\anaconda\envs\ggnn39\python.exe scripts/run_vle_benchmarks.py --protocol vle_binary_state_composition_edge_extrapolation --seeds 0 1 2 3 4 --output D:\VLE\VLE\phase_equilibrium\runs\phase_equilibrium\v1 --device cuda
