[stage experimental] starting 80 epoch(s)
[stage experimental] [epoch 1/80] train_total=0.675744 val_total=0.090570 best=0.090570 improved=yes epoch_time=2.3s total_time=2.3s
[stage experimental] [epoch 2/80] train_total=0.097128 val_total=0.047620 best=0.047620 improved=yes epoch_time=2.0s total_time=4.4s
[stage experimental] [epoch 3/80] train_total=0.064227 val_total=0.033306 best=0.033306 improved=yes epoch_time=2.0s total_time=6.4s
[stage experimental] [epoch 4/80] train_total=0.073223 val_total=0.027701 best=0.027701 improved=yes epoch_time=2.0s total_time=8.4s
[stage experimental] [epoch 5/80] train_total=0.049929 val_total=0.045189 best=0.027701 improved=no epoch_time=2.0s total_time=10.4s
[stage experimental] [epoch 6/80] train_total=0.053272 val_total=0.031525 best=0.027701 improved=no epoch_time=1.9s total_time=12.3s
[stage experimental] [epoch 7/80] train_total=0.042968 val_total=0.023835 best=0.023835 improved=yes epoch_time=2.0s total_time=14.3s
[stage experimental] [epoch 8/80] train_total=0.043545 val_total=0.025202 best=0.023835 improved=no epoch_time=2.0s total_time=16.3s
[stage experimental] [epoch 9/80] train_total=0.042786 val_total=0.018984 best=0.018984 improved=yes epoch_time=2.0s total_time=18.3s
[stage experimental] [epoch 10/80] train_total=0.037920 val_total=0.018744 best=0.018744 improved=yes epoch_time=2.0s total_time=20.3s
[stage experimental] [epoch 11/80] train_total=0.038707 val_total=0.015966 best=0.015966 improved=yes epoch_time=1.9s total_time=22.3s
[stage experimental] [epoch 12/80] train_total=0.032964 val_total=0.017130 best=0.015966 improved=no epoch_time=2.0s total_time=24.3s
[stage experimental] [epoch 13/80] train_total=0.030672 val_total=0.012863 best=0.012863 improved=yes epoch_time=2.0s total_time=26.3s
[stage experimental] [epoch 14/80] train_total=0.032784 val_total=0.014861 best=0.012863 improved=no epoch_time=1.9s total_time=28.3s
[stage experimental] [epoch 15/80] train_total=0.030623 val_total=0.021781 best=0.012863 improved=no epoch_time=2.0s total_time=30.3s
[stage experimental] [epoch 16/80] train_total=0.032373 val_total=0.019571 best=0.012863 improved=no epoch_time=2.0s total_time=32.2s
[stage experimental] [epoch 17/80] train_total=0.028440 val_total=0.022133 best=0.012863 improved=no epoch_time=2.0s total_time=34.2s
[stage experimental] [epoch 18/80] train_total=0.030028 val_total=0.013092 best=0.012863 improved=no epoch_time=2.0s total_time=36.2s
[stage experimental] [epoch 19/80] train_total=0.026198 val_total=0.010369 best=0.010369 improved=yes epoch_time=2.0s total_time=38.2s
[stage experimental] [epoch 20/80] train_total=0.023181 val_total=0.008894 best=0.008894 improved=yes epoch_time=2.0s total_time=40.3s
[stage experimental] [epoch 21/80] train_total=0.023474 val_total=0.009710 best=0.008894 improved=no epoch_time=1.9s total_time=42.2s
[stage experimental] [epoch 22/80] train_total=0.024956 val_total=0.009486 best=0.008894 improved=no epoch_time=2.0s total_time=44.2s
[stage experimental] [epoch 23/80] train_total=0.026681 val_total=0.009042 best=0.008894 improved=no epoch_time=2.0s total_time=46.2s
[stage experimental] [epoch 24/80] train_total=0.021188 val_total=0.014388 best=0.008894 improved=no epoch_time=1.9s total_time=48.2s
[stage experimental] [epoch 25/80] train_total=0.023395 val_total=0.012014 best=0.008894 improved=no epoch_time=2.0s total_time=50.2s
[stage experimental] [epoch 26/80] train_total=0.019625 val_total=0.010508 best=0.008894 improved=no epoch_time=1.9s total_time=52.1s
[stage experimental] [epoch 27/80] train_total=0.017366 val_total=0.009939 best=0.008894 improved=no epoch_time=2.1s total_time=54.2s
[stage experimental] [epoch 28/80] train_total=0.018313 val_total=0.009594 best=0.008894 improved=no epoch_time=2.1s total_time=56.3s
[stage experimental] [epoch 29/80] train_total=0.015592 val_total=0.006015 best=0.006015 improved=yes epoch_time=1.9s total_time=58.2s
[stage experimental] [epoch 30/80] train_total=0.013725 val_total=0.014107 best=0.006015 improved=no epoch_time=2.0s total_time=60.2s
[stage experimental] [epoch 31/80] train_total=0.022620 val_total=0.021170 best=0.006015 improved=no epoch_time=2.0s total_time=62.2s
[stage experimental] [epoch 32/80] train_total=0.020834 val_total=0.008295 best=0.006015 improved=no epoch_time=2.0s total_time=64.2s
[stage experimental] [epoch 33/80] train_total=0.014446 val_total=0.004769 best=0.004769 improved=yes epoch_time=2.0s total_time=66.2s
[stage experimental] [epoch 34/80] train_total=0.013688 val_total=0.007465 best=0.004769 improved=no epoch_time=2.0s total_time=68.2s
[stage experimental] [epoch 35/80] train_total=0.013542 val_total=0.007528 best=0.004769 improved=no epoch_time=2.0s total_time=70.3s
[stage experimental] [epoch 36/80] train_total=0.011119 val_total=0.005887 best=0.004769 improved=no epoch_time=2.0s total_time=72.2s
[stage experimental] [epoch 37/80] train_total=0.010911 val_total=0.010409 best=0.004769 improved=no epoch_time=2.0s total_time=74.2s
[stage experimental] [epoch 38/80] train_total=0.010691 val_total=0.006386 best=0.004769 improved=no epoch_time=2.0s total_time=76.2s
[stage experimental] [epoch 39/80] train_total=0.011574 val_total=0.004149 best=0.004149 improved=yes epoch_time=1.9s total_time=78.2s
[stage experimental] [epoch 40/80] train_total=0.010704 val_total=0.005346 best=0.004149 improved=no epoch_time=2.1s total_time=80.2s
[stage experimental] [epoch 41/80] train_total=0.010314 val_total=0.004565 best=0.004149 improved=no epoch_time=2.0s total_time=82.2s
[stage experimental] [epoch 42/80] train_total=0.011684 val_total=0.008648 best=0.004149 improved=no epoch_time=2.0s total_time=84.1s
[stage experimental] [epoch 43/80] train_total=0.010894 val_total=0.007009 best=0.004149 improved=no epoch_time=1.9s total_time=86.1s
[stage experimental] [epoch 44/80] train_total=0.009526 val_total=0.002883 best=0.002883 improved=yes epoch_time=2.0s total_time=88.0s
[stage experimental] [epoch 45/80] train_total=0.008481 val_total=0.005462 best=0.002883 improved=no epoch_time=2.0s total_time=90.0s
[stage experimental] [epoch 46/80] train_total=0.008509 val_total=0.003764 best=0.002883 improved=no epoch_time=2.0s total_time=92.0s
[stage experimental] [epoch 47/80] train_total=0.010198 val_total=0.005493 best=0.002883 improved=no epoch_time=2.0s total_time=94.0s
[stage experimental] [epoch 48/80] train_total=0.010928 val_total=0.004072 best=0.002883 improved=no epoch_time=2.0s total_time=96.0s
[stage experimental] [epoch 49/80] train_total=0.007832 val_total=0.004864 best=0.002883 improved=no epoch_time=2.0s total_time=98.0s
[stage experimental] [epoch 50/80] train_total=0.009263 val_total=0.003553 best=0.002883 improved=no epoch_time=2.1s total_time=100.1s
[stage experimental] [epoch 51/80] train_total=0.008057 val_total=0.008021 best=0.002883 improved=no epoch_time=2.0s total_time=102.0s
[stage experimental] [epoch 52/80] train_total=0.007966 val_total=0.010921 best=0.002883 improved=no epoch_time=2.0s total_time=104.1s
[stage experimental] [epoch 53/80] train_total=0.010262 val_total=0.003492 best=0.002883 improved=no epoch_time=2.1s total_time=106.2s
[stage experimental] [epoch 54/80] train_total=0.007845 val_total=0.002940 best=0.002883 improved=no epoch_time=2.0s total_time=108.2s
[stage experimental] [epoch 55/80] train_total=0.008324 val_total=0.002965 best=0.002883 improved=no epoch_time=2.0s total_time=110.2s
[stage experimental] [epoch 56/80] train_total=0.008969 val_total=0.005830 best=0.002883 improved=no epoch_time=2.0s total_time=112.2s
[stage experimental] early stopping at epoch 56; best_validation=0.002883
[seed 0] [stage 1/3: direct GE] starting 20 epoch(s)
[seed 0] [stage 1/3: direct GE] [epoch 1/20] train_total=0.004905 val_score=1.283608 best=1.283608 P_MAE=2.2528 kPa y_iso_MAE=0.012760 T_MAE=1.4528 K y_isob_MAE=0.020711 improved=yes epoch_time=10.8s total_time=20.0s
[seed 0] [stage 1/3: direct GE] [epoch 2/20] train_total=0.004576 val_score=1.330939 best=1.283608 P_MAE=2.2199 kPa y_iso_MAE=0.012052 T_MAE=1.6360 K y_isob_MAE=0.021770 improved=no epoch_time=10.8s total_time=30.8s
[seed 0] [stage 1/3: direct GE] [epoch 3/20] train_total=0.003957 val_score=1.355159 best=1.283608 P_MAE=2.3602 kPa y_iso_MAE=0.012511 T_MAE=1.6516 K y_isob_MAE=0.021164 improved=no epoch_time=10.8s total_time=41.6s
[seed 0] [stage 1/3: direct GE] [epoch 4/20] train_total=0.003771 val_score=1.383150 best=1.283608 P_MAE=2.3415 kPa y_iso_MAE=0.012053 T_MAE=1.8243 K y_isob_MAE=0.020635 improved=no epoch_time=10.8s total_time=52.4s
[seed 0] [stage 1/3: direct GE] [epoch 5/20] train_total=0.003785 val_score=1.487693 best=1.283608 P_MAE=2.5322 kPa y_iso_MAE=0.011556 T_MAE=1.9682 K y_isob_MAE=0.023903 improved=no epoch_time=10.7s total_time=63.0s
[seed 0] [stage 1/3: direct GE] [epoch 6/20] train_total=0.003967 val_score=1.540418 best=1.283608 P_MAE=2.7389 kPa y_iso_MAE=0.013619 T_MAE=1.9503 K y_isob_MAE=0.023004 improved=no epoch_time=11.2s total_time=74.2s
[seed 0] [stage 1/3: direct GE] [epoch 7/20] train_total=0.003619 val_score=1.559795 best=1.283608 P_MAE=2.8216 kPa y_iso_MAE=0.011173 T_MAE=2.1452 K y_isob_MAE=0.023285 improved=no epoch_time=11.5s total_time=85.7s
[seed 0] [stage 1/3: direct GE] [epoch 8/20] train_total=0.003817 val_score=1.454091 best=1.283608 P_MAE=2.6855 kPa y_iso_MAE=0.013781 T_MAE=1.7167 K y_isob_MAE=0.021818 improved=no epoch_time=11.1s total_time=96.8s
[seed 0] [stage 1/3: direct GE] [epoch 9/20] train_total=0.003611 val_score=1.289101 best=1.283608 P_MAE=2.0200 kPa y_iso_MAE=0.010987 T_MAE=1.6494 K y_isob_MAE=0.022043 improved=no epoch_time=10.9s total_time=107.7s
[seed 0] [stage 1/3: direct GE] [epoch 10/20] train_total=0.003360 val_score=1.368881 best=1.283608 P_MAE=2.2062 kPa y_iso_MAE=0.011341 T_MAE=1.7523 K y_isob_MAE=0.023271 improved=no epoch_time=10.7s total_time=118.3s
[seed 0] [stage 1/3: direct GE] [epoch 11/20] train_total=0.003337 val_score=1.540493 best=1.283608 P_MAE=2.4593 kPa y_iso_MAE=0.012312 T_MAE=2.0798 K y_isob_MAE=0.025016 improved=no epoch_time=10.4s total_time=128.7s
[seed 0] [stage 1/3: direct GE] [epoch 12/20] train_total=0.004340 val_score=2.117383 best=1.283608 P_MAE=4.7388 kPa y_iso_MAE=0.016613 T_MAE=2.4797 K y_isob_MAE=0.029184 improved=no epoch_time=10.3s total_time=139.0s
[seed 0] [stage 1/3: direct GE] [epoch 13/20] train_total=0.004941 val_score=2.267336 best=1.283608 P_MAE=4.0497 kPa y_iso_MAE=0.017622 T_MAE=3.1746 K y_isob_MAE=0.031362 improved=no epoch_time=11.0s total_time=150.1s
[seed 0] [stage 1/3: direct GE] [epoch 14/20] train_total=0.003612 val_score=1.944216 best=1.283608 P_MAE=3.0664 kPa y_iso_MAE=0.014755 T_MAE=2.8266 K y_isob_MAE=0.029234 improved=no epoch_time=11.0s total_time=161.1s
[seed 0] [stage 1/3: direct GE] [epoch 15/20] train_total=0.003491 val_score=1.930585 best=1.283608 P_MAE=2.9825 kPa y_iso_MAE=0.012533 T_MAE=2.8938 K y_isob_MAE=0.030924 improved=no epoch_time=11.1s total_time=172.2s
[seed 0] [stage 1/3: direct GE] [epoch 16/20] train_total=0.003439 val_score=1.981587 best=1.283608 P_MAE=2.9084 kPa y_iso_MAE=0.014289 T_MAE=2.8926 K y_isob_MAE=0.032648 improved=no epoch_time=10.8s total_time=182.9s
[seed 0] [stage 1/3: direct GE] [epoch 17/20] train_total=0.003251 val_score=1.873718 best=1.283608 P_MAE=2.5027 kPa y_iso_MAE=0.012922 T_MAE=2.8729 K y_isob_MAE=0.031429 improved=no epoch_time=11.0s total_time=194.0s
[seed 0] [stage 1/3: direct GE] [epoch 18/20] train_total=0.003312 val_score=2.010745 best=1.283608 P_MAE=3.0576 kPa y_iso_MAE=0.013445 T_MAE=3.0640 K y_isob_MAE=0.031186 improved=no epoch_time=11.0s total_time=205.0s
[seed 0] [stage 1/3: direct GE] [epoch 19/20] train_total=0.003373 val_score=1.825532 best=1.283608 P_MAE=2.7450 kPa y_iso_MAE=0.012899 T_MAE=2.7027 K y_isob_MAE=0.029121 improved=no epoch_time=11.0s total_time=216.0s
[seed 0] [stage 1/3: direct GE] [epoch 20/20] train_total=0.003297 val_score=1.846090 best=1.283608 P_MAE=2.7051 kPa y_iso_MAE=0.013963 T_MAE=2.7065 K y_isob_MAE=0.029336 improved=no epoch_time=11.0s total_time=227.1s
[seed 0] [stage 2/3: joint VLE] starting 80 epoch(s)
[seed 0] [stage 2/3: joint VLE] [epoch 1/80] train_total=0.016702 val_score=1.259396 best=1.259396 P_MAE=2.5261 kPa y_iso_MAE=0.010494 T_MAE=1.4539 K y_isob_MAE=0.019640 improved=yes epoch_time=12.2s total_time=239.3s
[seed 0] [stage 2/3: joint VLE] [epoch 2/80] train_total=0.017558 val_score=1.772012 best=1.259396 P_MAE=2.6965 kPa y_iso_MAE=0.015467 T_MAE=2.5147 K y_isob_MAE=0.025917 improved=no epoch_time=12.2s total_time=251.4s
[seed 0] [stage 2/3: joint VLE] [epoch 3/80] train_total=0.018765 val_score=1.423242 best=1.259396 P_MAE=3.6357 kPa y_iso_MAE=0.011852 T_MAE=1.3794 K y_isob_MAE=0.019828 improved=no epoch_time=12.1s total_time=263.5s
[seed 0] [stage 2/3: joint VLE] [epoch 4/80] train_total=0.014391 val_score=1.440660 best=1.259396 P_MAE=3.2640 kPa y_iso_MAE=0.014855 T_MAE=1.4473 K y_isob_MAE=0.019047 improved=no epoch_time=12.2s total_time=275.7s
[seed 0] [stage 2/3: joint VLE] [epoch 5/80] train_total=0.014425 val_score=1.084534 best=1.084534 P_MAE=2.2619 kPa y_iso_MAE=0.010080 T_MAE=1.1078 K y_isob_MAE=0.017355 improved=yes epoch_time=12.2s total_time=287.9s
[seed 0] [stage 2/3: joint VLE] [epoch 6/80] train_total=0.014635 val_score=1.414508 best=1.084534 P_MAE=3.5303 kPa y_iso_MAE=0.012595 T_MAE=1.4469 K y_isob_MAE=0.017930 improved=no epoch_time=12.1s total_time=299.9s
[seed 0] [stage 2/3: joint VLE] [epoch 7/80] train_total=0.014650 val_score=1.076956 best=1.076956 P_MAE=2.1687 kPa y_iso_MAE=0.010412 T_MAE=1.1477 K y_isob_MAE=0.016507 improved=yes epoch_time=12.4s total_time=312.3s
[seed 0] [stage 2/3: joint VLE] [epoch 8/80] train_total=0.013868 val_score=1.096491 best=1.076956 P_MAE=2.1567 kPa y_iso_MAE=0.011378 T_MAE=1.1690 K y_isob_MAE=0.016202 improved=no epoch_time=11.8s total_time=324.1s
[seed 0] [stage 2/3: joint VLE] [epoch 9/80] train_total=0.012202 val_score=1.051017 best=1.051017 P_MAE=2.0339 kPa y_iso_MAE=0.011169 T_MAE=1.1321 K y_isob_MAE=0.015259 improved=yes epoch_time=12.5s total_time=336.6s
[seed 0] [stage 2/3: joint VLE] [epoch 10/80] train_total=0.013329 val_score=2.049685 best=1.051017 P_MAE=3.7340 kPa y_iso_MAE=0.017436 T_MAE=2.9590 K y_isob_MAE=0.023914 improved=no epoch_time=11.5s total_time=348.2s
[seed 0] [stage 2/3: joint VLE] [epoch 11/80] train_total=0.023143 val_score=1.483520 best=1.051017 P_MAE=3.1482 kPa y_iso_MAE=0.013872 T_MAE=1.7029 K y_isob_MAE=0.019607 improved=no epoch_time=11.3s total_time=359.5s
[seed 0] [stage 2/3: joint VLE] [epoch 12/80] train_total=0.016943 val_score=1.264653 best=1.051017 P_MAE=2.9169 kPa y_iso_MAE=0.012073 T_MAE=1.3080 K y_isob_MAE=0.016874 improved=no epoch_time=11.3s total_time=370.8s
[seed 0] [stage 2/3: joint VLE] [epoch 13/80] train_total=0.012891 val_score=1.060758 best=1.051017 P_MAE=2.0105 kPa y_iso_MAE=0.011127 T_MAE=1.1055 K y_isob_MAE=0.016694 improved=no epoch_time=12.1s total_time=382.9s
[seed 0] [stage 2/3: joint VLE] [epoch 14/80] train_total=0.012460 val_score=1.000846 best=1.000846 P_MAE=2.0927 kPa y_iso_MAE=0.009157 T_MAE=1.0516 K y_isob_MAE=0.015619 improved=yes epoch_time=11.8s total_time=394.7s
[seed 0] [stage 2/3: joint VLE] [epoch 15/80] train_total=0.013089 val_score=0.971922 best=0.971922 P_MAE=1.8177 kPa y_iso_MAE=0.009331 T_MAE=1.1215 K y_isob_MAE=0.014692 improved=yes epoch_time=12.0s total_time=406.7s
[seed 0] [stage 2/3: joint VLE] [epoch 16/80] train_total=0.012373 val_score=1.125883 best=0.971922 P_MAE=1.9050 kPa y_iso_MAE=0.010380 T_MAE=1.3725 K y_isob_MAE=0.018119 improved=no epoch_time=12.1s total_time=418.8s
[seed 0] [stage 2/3: joint VLE] [epoch 17/80] train_total=0.011436 val_score=1.037596 best=0.971922 P_MAE=2.2467 kPa y_iso_MAE=0.009941 T_MAE=1.0338 K y_isob_MAE=0.015903 improved=no epoch_time=12.0s total_time=430.8s
[seed 0] [stage 2/3: joint VLE] [epoch 18/80] train_total=0.011923 val_score=1.147428 best=0.971922 P_MAE=2.8459 kPa y_iso_MAE=0.010813 T_MAE=1.0959 K y_isob_MAE=0.015340 improved=no epoch_time=12.5s total_time=443.3s
[seed 0] [stage 2/3: joint VLE] [epoch 19/80] train_total=0.014293 val_score=1.054650 best=0.971922 P_MAE=1.6976 kPa y_iso_MAE=0.011066 T_MAE=1.2943 K y_isob_MAE=0.015764 improved=no epoch_time=12.4s total_time=455.7s
[seed 0] [stage 2/3: joint VLE] [epoch 20/80] train_total=0.013280 val_score=1.097104 best=0.971922 P_MAE=2.5161 kPa y_iso_MAE=0.010246 T_MAE=1.1512 K y_isob_MAE=0.014782 improved=no epoch_time=12.1s total_time=467.8s
[seed 0] [stage 2/3: joint VLE] [epoch 21/80] train_total=0.011192 val_score=1.253304 best=0.971922 P_MAE=2.8502 kPa y_iso_MAE=0.011182 T_MAE=1.3440 K y_isob_MAE=0.017295 improved=no epoch_time=12.0s total_time=479.8s
[seed 0] [stage 2/3: joint VLE] [epoch 22/80] train_total=0.011943 val_score=1.125199 best=0.971922 P_MAE=2.6109 kPa y_iso_MAE=0.011314 T_MAE=1.0754 K y_isob_MAE=0.015728 improved=no epoch_time=12.2s total_time=492.0s
[seed 0] [stage 2/3: joint VLE] [epoch 23/80] train_total=0.011737 val_score=1.033398 best=0.971922 P_MAE=1.9658 kPa y_iso_MAE=0.010416 T_MAE=1.0987 K y_isob_MAE=0.016377 improved=no epoch_time=12.1s total_time=504.1s
[seed 0] [stage 2/3: joint VLE] [epoch 24/80] train_total=0.010572 val_score=0.928959 best=0.928959 P_MAE=1.7113 kPa y_iso_MAE=0.009629 T_MAE=0.9691 K y_isob_MAE=0.015223 improved=yes epoch_time=12.1s total_time=516.2s
[seed 0] [stage 2/3: joint VLE] [epoch 25/80] train_total=0.010488 val_score=0.960713 best=0.928959 P_MAE=1.8326 kPa y_iso_MAE=0.010663 T_MAE=0.9816 K y_isob_MAE=0.014565 improved=no epoch_time=11.9s total_time=528.1s
[seed 0] [stage 2/3: joint VLE] [epoch 26/80] train_total=0.011124 val_score=1.049339 best=0.928959 P_MAE=2.0732 kPa y_iso_MAE=0.010221 T_MAE=1.1202 K y_isob_MAE=0.016316 improved=no epoch_time=12.4s total_time=540.5s
[seed 0] [stage 2/3: joint VLE] [epoch 27/80] train_total=0.012138 val_score=0.931029 best=0.928959 P_MAE=1.8832 kPa y_iso_MAE=0.010033 T_MAE=0.9070 K y_isob_MAE=0.014356 improved=no epoch_time=12.0s total_time=552.5s
[seed 0] [stage 2/3: joint VLE] [epoch 28/80] train_total=0.011494 val_score=1.106244 best=0.928959 P_MAE=2.3103 kPa y_iso_MAE=0.012215 T_MAE=1.1786 K y_isob_MAE=0.014082 improved=no epoch_time=12.2s total_time=564.7s
[seed 0] [stage 2/3: joint VLE] [epoch 29/80] train_total=0.011326 val_score=1.008101 best=0.928959 P_MAE=1.8561 kPa y_iso_MAE=0.009443 T_MAE=1.2177 K y_isob_MAE=0.014819 improved=no epoch_time=12.3s total_time=577.0s
[seed 0] [stage 2/3: joint VLE] [epoch 30/80] train_total=0.010797 val_score=1.181112 best=0.928959 P_MAE=3.1164 kPa y_iso_MAE=0.012865 T_MAE=0.9407 K y_isob_MAE=0.015140 improved=no epoch_time=12.1s total_time=589.1s
[seed 0] [stage 2/3: joint VLE] [epoch 31/80] train_total=0.010146 val_score=1.046162 best=0.928959 P_MAE=1.6479 kPa y_iso_MAE=0.009636 T_MAE=1.3907 K y_isob_MAE=0.015833 improved=no epoch_time=12.2s total_time=601.3s
[seed 0] [stage 2/3: joint VLE] [epoch 32/80] train_total=0.010415 val_score=1.134955 best=0.928959 P_MAE=3.2323 kPa y_iso_MAE=0.010142 T_MAE=0.9126 K y_isob_MAE=0.015241 improved=no epoch_time=12.2s total_time=613.4s
[seed 0] [stage 2/3: joint VLE] [epoch 33/80] train_total=0.012487 val_score=1.057331 best=0.928959 P_MAE=2.0448 kPa y_iso_MAE=0.009551 T_MAE=1.2243 K y_isob_MAE=0.016103 improved=no epoch_time=12.1s total_time=625.5s
[seed 0] [stage 2/3: joint VLE] [epoch 34/80] train_total=0.010672 val_score=0.985696 best=0.928959 P_MAE=1.9942 kPa y_iso_MAE=0.009945 T_MAE=1.0324 K y_isob_MAE=0.014785 improved=no epoch_time=12.5s total_time=638.0s
[seed 0] [stage 2/3: joint VLE] [epoch 35/80] train_total=0.009378 val_score=0.951733 best=0.928959 P_MAE=1.8504 kPa y_iso_MAE=0.010794 T_MAE=0.9923 K y_isob_MAE=0.013409 improved=no epoch_time=12.3s total_time=650.3s
[seed 0] [stage 2/3: joint VLE] [epoch 36/80] train_total=0.011159 val_score=1.066023 best=0.928959 P_MAE=1.9755 kPa y_iso_MAE=0.009685 T_MAE=1.2774 K y_isob_MAE=0.016159 improved=no epoch_time=12.6s total_time=663.0s
{"direct_ge_parameter_summary": {"stage1_trainable_parameters": 1977601, "stage2_trainable_parameters": 2015043, "stage3": {"groups": [{"learning_rate": 2e-05, "name": "pair_potential", "parameter_count": 110977, "parameter_names": ["pair_potential.0.weight", "pair_potential.0.bias", "pair_potential.2.weight", "pair_potential.2.bias"]}, {"learning_rate": 1e-05, "name": "vapor_pressure", "parameter_count": 37442, "parameter_names": ["vapor_pressure.parameter_head.0.weight", "vapor_pressure.parameter_head.0.bias", "vapor_pressure.parameter_head.2.weight", "vapor_pressure.parameter_head.2.bias"]}, {"learning_rate": 5e-06, "name": "film", "parameter_count": 111744, "parameter_names": ["film.0.weight", "film.0.bias", "film.2.weight", "film.2.bias"]}, {"learning_rate": 5e-06, "name": "mixture_token", "parameter_count": 192, "parameter_names": ["mixture_token"]}], "total_parameters": 2015043, "trainable_fraction": 0.1292056794817778, "trainable_parameters": 260355}, "total_parameters": 2015043, "trainable_fraction": 0.1292056794817778, "trainable_parameters": 260355}}
[seed 0] [stage 3/3: fugacity] starting 10 epoch(s)
[seed 0] [stage 3/3: fugacity] [epoch 1/10] train_total=0.008925 val_score=0.808254 best=0.808254 P_MAE=1.5242 kPa y_iso_MAE=0.009024 T_MAE=0.7538 K y_isob_MAE=0.013692 improved=yes epoch_time=11.8s total_time=674.8s
[seed 0] [stage 3/3: fugacity] [epoch 2/10] train_total=0.008333 val_score=0.792563 best=0.792563 P_MAE=1.5610 kPa y_iso_MAE=0.008918 T_MAE=0.7130 K y_isob_MAE=0.013198 improved=yes epoch_time=11.9s total_time=686.7s
[seed 0] [stage 3/3: fugacity] [epoch 3/10] train_total=0.007990 val_score=0.777367 best=0.777367 P_MAE=1.5690 kPa y_iso_MAE=0.008678 T_MAE=0.6835 K y_isob_MAE=0.012983 improved=yes epoch_time=12.5s total_time=699.3s
[seed 0] [stage 3/3: fugacity] [epoch 4/10] train_total=0.007842 val_score=0.757720 best=0.757720 P_MAE=1.4630 kPa y_iso_MAE=0.008473 T_MAE=0.6871 K y_isob_MAE=0.012864 improved=yes epoch_time=11.7s total_time=711.0s
[seed 0] [stage 3/3: fugacity] [epoch 5/10] train_total=0.007666 val_score=0.753531 best=0.753531 P_MAE=1.4723 kPa y_iso_MAE=0.008680 T_MAE=0.6546 K y_isob_MAE=0.012815 improved=yes epoch_time=11.3s total_time=722.3s
[seed 0] [stage 3/3: fugacity] [epoch 6/10] train_total=0.008219 val_score=0.742281 best=0.742281 P_MAE=1.4157 kPa y_iso_MAE=0.008642 T_MAE=0.6466 K y_isob_MAE=0.012787 improved=yes epoch_time=10.8s total_time=733.1s
[seed 0] [stage 3/3: fugacity] [epoch 7/10] train_total=0.007557 val_score=0.746914 best=0.742281 P_MAE=1.4547 kPa y_iso_MAE=0.008478 T_MAE=0.6529 K y_isob_MAE=0.012845 improved=no epoch_time=11.7s total_time=744.8s
[seed 0] [stage 3/3: fugacity] [epoch 8/10] train_total=0.007624 val_score=0.748894 best=0.742281 P_MAE=1.4341 kPa y_iso_MAE=0.008390 T_MAE=0.6770 K y_isob_MAE=0.012843 improved=no epoch_time=11.8s total_time=756.6s
[seed 0] [stage 3/3: fugacity] [epoch 9/10] train_total=0.007536 val_score=0.733805 best=0.733805 P_MAE=1.3793 kPa y_iso_MAE=0.008353 T_MAE=0.6520 K y_isob_MAE=0.012855 improved=yes epoch_time=11.8s total_time=768.4s
[seed 0] [stage 3/3: fugacity] [epoch 10/10] train_total=0.007421 val_score=0.742657 best=0.733805 P_MAE=1.4443 kPa y_iso_MAE=0.008335 T_MAE=0.6553 K y_isob_MAE=0.012808 improved=no epoch_time=11.9s total_time=780.2s
{"protocol": "vle_binary_state_composition_interpolation", "seed": 0, "manifest": "D:\\VLE\\VLE\\thermoformer_project\\runs\\phase_equilibrium\\v1\\vle\\three\\results\\thermoformer_vle_three_stage.on.vle_binary_state_composition_interpolation\\seed_0\\manifest.json"}
[stage experimental] starting 80 epoch(s)
[stage experimental] [epoch 1/80] train_total=0.671800 val_total=0.071373 best=0.071373 improved=yes epoch_time=1.9s total_time=1.9s
[stage experimental] [epoch 2/80] train_total=0.103020 val_total=0.053374 best=0.053374 improved=yes epoch_time=1.9s total_time=3.8s
[stage experimental] [epoch 3/80] train_total=0.070078 val_total=0.033657 best=0.033657 improved=yes epoch_time=1.9s total_time=5.8s
[stage experimental] [epoch 4/80] train_total=0.058520 val_total=0.035377 best=0.033657 improved=no epoch_time=2.0s total_time=7.7s
[stage experimental] [epoch 5/80] train_total=0.057003 val_total=0.030925 best=0.030925 improved=yes epoch_time=2.0s total_time=9.7s
[stage experimental] [epoch 6/80] train_total=0.047056 val_total=0.034126 best=0.030925 improved=no epoch_time=1.9s total_time=11.6s
[stage experimental] [epoch 7/80] train_total=0.047494 val_total=0.027459 best=0.027459 improved=yes epoch_time=2.0s total_time=13.6s
[stage experimental] [epoch 8/80] train_total=0.044867 val_total=0.032527 best=0.027459 improved=no epoch_time=1.9s total_time=15.5s
[stage experimental] [epoch 9/80] train_total=0.041618 val_total=0.030517 best=0.027459 improved=no epoch_time=1.9s total_time=17.4s
[stage experimental] [epoch 10/80] train_total=0.037044 val_total=0.026604 best=0.026604 improved=yes epoch_time=1.9s total_time=19.3s
[stage experimental] [epoch 11/80] train_total=0.038736 val_total=0.026583 best=0.026583 improved=yes epoch_time=1.9s total_time=21.2s
[stage experimental] [epoch 12/80] train_total=0.037975 val_total=0.020821 best=0.020821 improved=yes epoch_time=1.9s total_time=23.2s
[stage experimental] [epoch 13/80] train_total=0.034362 val_total=0.020783 best=0.020783 improved=yes epoch_time=2.0s total_time=25.2s
[stage experimental] [epoch 14/80] train_total=0.031326 val_total=0.016511 best=0.016511 improved=yes epoch_time=1.9s total_time=27.1s
[stage experimental] [epoch 15/80] train_total=0.029538 val_total=0.025659 best=0.016511 improved=no epoch_time=1.9s total_time=29.0s
[stage experimental] [epoch 16/80] train_total=0.032055 val_total=0.020956 best=0.016511 improved=no epoch_time=1.9s total_time=30.9s
[stage experimental] [epoch 17/80] train_total=0.029054 val_total=0.013644 best=0.013644 improved=yes epoch_time=2.0s total_time=32.9s
[stage experimental] [epoch 18/80] train_total=0.028494 val_total=0.014285 best=0.013644 improved=no epoch_time=1.9s total_time=34.8s
[stage experimental] [epoch 19/80] train_total=0.029604 val_total=0.019144 best=0.013644 improved=no epoch_time=2.0s total_time=36.8s
[stage experimental] [epoch 20/80] train_total=0.027836 val_total=0.018085 best=0.013644 improved=no epoch_time=1.9s total_time=38.8s
[stage experimental] [epoch 21/80] train_total=0.027876 val_total=0.009732 best=0.009732 improved=yes epoch_time=1.9s total_time=40.7s
[stage experimental] [epoch 22/80] train_total=0.021667 val_total=0.010598 best=0.009732 improved=no epoch_time=1.9s total_time=42.6s
[stage experimental] [epoch 23/80] train_total=0.026097 val_total=0.014452 best=0.009732 improved=no epoch_time=1.9s total_time=44.5s
[stage experimental] [epoch 24/80] train_total=0.026039 val_total=0.015608 best=0.009732 improved=no epoch_time=2.0s total_time=46.5s
[stage experimental] [epoch 25/80] train_total=0.021712 val_total=0.013158 best=0.009732 improved=no epoch_time=1.9s total_time=48.5s
[stage experimental] [epoch 26/80] train_total=0.023930 val_total=0.011729 best=0.009732 improved=no epoch_time=1.9s total_time=50.4s
[stage experimental] [epoch 27/80] train_total=0.022021 val_total=0.009580 best=0.009580 improved=yes epoch_time=1.9s total_time=52.3s
[stage experimental] [epoch 28/80] train_total=0.025527 val_total=0.011832 best=0.009580 improved=no epoch_time=1.9s total_time=54.2s
[stage experimental] [epoch 29/80] train_total=0.019453 val_total=0.007763 best=0.007763 improved=yes epoch_time=1.9s total_time=56.2s
[stage experimental] [epoch 30/80] train_total=0.016962 val_total=0.006905 best=0.006905 improved=yes epoch_time=1.9s total_time=58.0s
[stage experimental] [epoch 31/80] train_total=0.016738 val_total=0.006315 best=0.006315 improved=yes epoch_time=2.0s total_time=60.0s
[stage experimental] [epoch 32/80] train_total=0.015521 val_total=0.006681 best=0.006315 improved=no epoch_time=1.9s total_time=61.9s
[stage experimental] [epoch 33/80] train_total=0.013665 val_total=0.006053 best=0.006053 improved=yes epoch_time=1.9s total_time=63.8s
[stage experimental] [epoch 34/80] train_total=0.014922 val_total=0.007717 best=0.006053 improved=no epoch_time=2.0s total_time=65.8s
[stage experimental] [epoch 35/80] train_total=0.015685 val_total=0.007147 best=0.006053 improved=no epoch_time=1.9s total_time=67.7s
[stage experimental] [epoch 36/80] train_total=0.016037 val_total=0.006710 best=0.006053 improved=no epoch_time=1.9s total_time=69.6s
[stage experimental] [epoch 37/80] train_total=0.013075 val_total=0.004578 best=0.004578 improved=yes epoch_time=1.9s total_time=71.5s
[stage experimental] [epoch 38/80] train_total=0.015649 val_total=0.005278 best=0.004578 improved=no epoch_time=1.9s total_time=73.4s
[stage experimental] [epoch 39/80] train_total=0.011377 val_total=0.005470 best=0.004578 improved=no epoch_time=1.9s total_time=75.3s
[stage experimental] [epoch 40/80] train_total=0.011677 val_total=0.006552 best=0.004578 improved=no epoch_time=1.9s total_time=77.1s
[stage experimental] [epoch 41/80] train_total=0.012771 val_total=0.007178 best=0.004578 improved=no epoch_time=1.9s total_time=79.0s
[stage experimental] [epoch 42/80] train_total=0.012585 val_total=0.007721 best=0.004578 improved=no epoch_time=1.9s total_time=80.8s
[stage experimental] [epoch 43/80] train_total=0.012056 val_total=0.006411 best=0.004578 improved=no epoch_time=2.1s total_time=82.9s
[stage experimental] [epoch 44/80] train_total=0.010929 val_total=0.004524 best=0.004524 improved=yes epoch_time=2.2s total_time=85.1s
[stage experimental] [epoch 45/80] train_total=0.008915 val_total=0.003900 best=0.003900 improved=yes epoch_time=2.0s total_time=87.1s
[stage experimental] [epoch 46/80] train_total=0.012005 val_total=0.008532 best=0.003900 improved=no epoch_time=1.8s total_time=88.9s
[stage experimental] [epoch 47/80] train_total=0.011010 val_total=0.002946 best=0.002946 improved=yes epoch_time=1.9s total_time=90.9s
[stage experimental] [epoch 48/80] train_total=0.008958 val_total=0.003774 best=0.002946 improved=no epoch_time=2.0s total_time=92.8s
[stage experimental] [epoch 49/80] train_total=0.011224 val_total=0.003923 best=0.002946 improved=no epoch_time=1.8s total_time=94.7s
[stage experimental] [epoch 50/80] train_total=0.009662 val_total=0.003757 best=0.002946 improved=no epoch_time=2.0s total_time=96.6s
[stage experimental] [epoch 51/80] train_total=0.010139 val_total=0.003829 best=0.002946 improved=no epoch_time=1.9s total_time=98.6s
[stage experimental] [epoch 52/80] train_total=0.009547 val_total=0.008696 best=0.002946 improved=no epoch_time=1.9s total_time=100.5s
[stage experimental] [epoch 53/80] train_total=0.009919 val_total=0.009132 best=0.002946 improved=no epoch_time=2.1s total_time=102.6s
[stage experimental] [epoch 54/80] train_total=0.008624 val_total=0.003781 best=0.002946 improved=no epoch_time=1.6s total_time=104.3s
[stage experimental] [epoch 55/80] train_total=0.010404 val_total=0.003543 best=0.002946 improved=no epoch_time=1.5s total_time=105.8s
[stage experimental] [epoch 56/80] train_total=0.007010 val_total=0.002941 best=0.002941 improved=yes epoch_time=1.9s total_time=107.7s
[stage experimental] [epoch 57/80] train_total=0.007121 val_total=0.003892 best=0.002941 improved=no epoch_time=2.0s total_time=109.7s
[stage experimental] [epoch 58/80] train_total=0.008845 val_total=0.003129 best=0.002941 improved=no epoch_time=2.1s total_time=111.8s
[stage experimental] [epoch 59/80] train_total=0.007824 val_total=0.003951 best=0.002941 improved=no epoch_time=2.0s total_time=113.9s
[stage experimental] [epoch 60/80] train_total=0.007028 val_total=0.003631 best=0.002941 improved=no epoch_time=1.9s total_time=115.8s
[stage experimental] [epoch 61/80] train_total=0.009970 val_total=0.002554 best=0.002554 improved=yes epoch_time=2.0s total_time=117.8s
[stage experimental] [epoch 62/80] train_total=0.010130 val_total=0.007343 best=0.002554 improved=no epoch_time=2.1s total_time=119.9s
[stage experimental] [epoch 63/80] train_total=0.008106 val_total=0.002211 best=0.002211 improved=yes epoch_time=2.0s total_time=121.9s
[stage experimental] [epoch 64/80] train_total=0.007689 val_total=0.017344 best=0.002211 improved=no epoch_time=2.1s total_time=124.0s
[stage experimental] [epoch 65/80] train_total=0.012242 val_total=0.002234 best=0.002211 improved=no epoch_time=2.0s total_time=126.0s
[stage experimental] [epoch 66/80] train_total=0.007659 val_total=0.002829 best=0.002211 improved=no epoch_time=2.0s total_time=128.0s
[stage experimental] [epoch 67/80] train_total=0.007767 val_total=0.003270 best=0.002211 improved=no epoch_time=2.1s total_time=130.1s
[stage experimental] [epoch 68/80] train_total=0.007565 val_total=0.003053 best=0.002211 improved=no epoch_time=2.1s total_time=132.2s
[stage experimental] [epoch 69/80] train_total=0.009746 val_total=0.003198 best=0.002211 improved=no epoch_time=2.1s total_time=134.3s
[stage experimental] [epoch 70/80] train_total=0.007035 val_total=0.006405 best=0.002211 improved=no epoch_time=2.2s total_time=136.5s
[stage experimental] [epoch 71/80] train_total=0.007566 val_total=0.002967 best=0.002211 improved=no epoch_time=2.0s total_time=138.4s
[stage experimental] [epoch 72/80] train_total=0.011136 val_total=0.004107 best=0.002211 improved=no epoch_time=2.1s total_time=140.5s
[stage experimental] [epoch 73/80] train_total=0.007693 val_total=0.005282 best=0.002211 improved=no epoch_time=2.1s total_time=142.6s
[stage experimental] [epoch 74/80] train_total=0.009416 val_total=0.003705 best=0.002211 improved=no epoch_time=2.1s total_time=144.7s
[stage experimental] [epoch 75/80] train_total=0.007235 val_total=0.005272 best=0.002211 improved=no epoch_time=2.1s total_time=146.8s
[stage experimental] early stopping at epoch 75; best_validation=0.002211
[seed 1] [stage 1/3: direct GE] starting 20 epoch(s)
[seed 1] [stage 1/3: direct GE] [epoch 1/20] train_total=0.004605 val_score=1.613351 best=1.613351 P_MAE=3.0619 kPa y_iso_MAE=0.013186 T_MAE=1.5851 K y_isob_MAE=0.017728 improved=yes epoch_time=11.1s total_time=20.7s
[seed 1] [stage 1/3: direct GE] [epoch 2/20] train_total=0.004200 val_score=1.827327 best=1.613351 P_MAE=3.3131 kPa y_iso_MAE=0.014568 T_MAE=1.7681 K y_isob_MAE=0.022376 improved=no epoch_time=11.2s total_time=31.8s
[seed 1] [stage 1/3: direct GE] [epoch 3/20] train_total=0.005385 val_score=1.768888 best=1.613351 P_MAE=3.0403 kPa y_iso_MAE=0.015144 T_MAE=1.8353 K y_isob_MAE=0.019387 improved=no epoch_time=10.7s total_time=42.5s
[seed 1] [stage 1/3: direct GE] [epoch 4/20] train_total=0.003733 val_score=1.992853 best=1.613351 P_MAE=3.5008 kPa y_iso_MAE=0.015988 T_MAE=2.1127 K y_isob_MAE=0.021962 improved=no epoch_time=10.7s total_time=53.2s
[seed 1] [stage 1/3: direct GE] [epoch 5/20] train_total=0.003674 val_score=1.817498 best=1.613351 P_MAE=2.9886 kPa y_iso_MAE=0.014347 T_MAE=1.9495 K y_isob_MAE=0.021672 improved=no epoch_time=10.7s total_time=63.8s
[seed 1] [stage 1/3: direct GE] [epoch 6/20] train_total=0.003465 val_score=1.891884 best=1.613351 P_MAE=3.2192 kPa y_iso_MAE=0.015822 T_MAE=1.9674 K y_isob_MAE=0.021465 improved=no epoch_time=10.5s total_time=74.3s
[seed 1] [stage 1/3: direct GE] [epoch 7/20] train_total=0.003587 val_score=1.765546 best=1.613351 P_MAE=2.9241 kPa y_iso_MAE=0.014797 T_MAE=1.8836 K y_isob_MAE=0.019822 improved=no epoch_time=10.7s total_time=85.0s
[seed 1] [stage 1/3: direct GE] [epoch 8/20] train_total=0.003418 val_score=1.785933 best=1.613351 P_MAE=2.7491 kPa y_iso_MAE=0.015782 T_MAE=1.9660 K y_isob_MAE=0.019560 improved=no epoch_time=10.7s total_time=95.8s
[seed 1] [stage 1/3: direct GE] [epoch 9/20] train_total=0.003229 val_score=1.869034 best=1.613351 P_MAE=2.9889 kPa y_iso_MAE=0.015491 T_MAE=2.1055 K y_isob_MAE=0.020167 improved=no epoch_time=10.7s total_time=106.5s
[seed 1] [stage 1/3: direct GE] [epoch 10/20] train_total=0.003649 val_score=2.203654 best=1.613351 P_MAE=3.7574 kPa y_iso_MAE=0.017393 T_MAE=2.4515 K y_isob_MAE=0.023625 improved=no epoch_time=10.7s total_time=117.2s
[seed 1] [stage 1/3: direct GE] [epoch 11/20] train_total=0.003420 val_score=1.961257 best=1.613351 P_MAE=2.8446 kPa y_iso_MAE=0.015545 T_MAE=2.3402 K y_isob_MAE=0.022325 improved=no epoch_time=10.5s total_time=127.7s
[seed 1] [stage 1/3: direct GE] [epoch 12/20] train_total=0.003230 val_score=2.252506 best=1.613351 P_MAE=3.7854 kPa y_iso_MAE=0.017770 T_MAE=2.5155 K y_isob_MAE=0.024452 improved=no epoch_time=10.7s total_time=138.4s
[seed 1] [stage 1/3: direct GE] [epoch 13/20] train_total=0.003307 val_score=2.082147 best=1.613351 P_MAE=3.2758 kPa y_iso_MAE=0.017173 T_MAE=2.4523 K y_isob_MAE=0.021168 improved=no epoch_time=10.9s total_time=149.3s
[seed 1] [stage 1/3: direct GE] [epoch 14/20] train_total=0.003928 val_score=2.209668 best=1.613351 P_MAE=3.2518 kPa y_iso_MAE=0.015380 T_MAE=2.7287 K y_isob_MAE=0.026213 improved=no epoch_time=11.1s total_time=160.3s
[seed 1] [stage 1/3: direct GE] [epoch 15/20] train_total=0.003472 val_score=2.073693 best=1.613351 P_MAE=3.1861 kPa y_iso_MAE=0.015648 T_MAE=2.4354 K y_isob_MAE=0.023932 improved=no epoch_time=11.0s total_time=171.3s
[seed 1] [stage 1/3: direct GE] [epoch 16/20] train_total=0.003221 val_score=2.074646 best=1.613351 P_MAE=3.1506 kPa y_iso_MAE=0.015733 T_MAE=2.4710 K y_isob_MAE=0.023536 improved=no epoch_time=11.1s total_time=182.4s
[seed 1] [stage 1/3: direct GE] [epoch 17/20] train_total=0.003439 val_score=1.990636 best=1.613351 P_MAE=3.2643 kPa y_iso_MAE=0.014289 T_MAE=2.2440 K y_isob_MAE=0.023953 improved=no epoch_time=11.1s total_time=193.5s
[seed 1] [stage 1/3: direct GE] [epoch 18/20] train_total=0.003249 val_score=2.214841 best=1.613351 P_MAE=3.1616 kPa y_iso_MAE=0.015998 T_MAE=2.7219 K y_isob_MAE=0.026487 improved=no epoch_time=10.3s total_time=203.8s
[seed 1] [stage 1/3: direct GE] [epoch 19/20] train_total=0.003066 val_score=2.370931 best=1.613351 P_MAE=3.3784 kPa y_iso_MAE=0.017340 T_MAE=2.9353 K y_isob_MAE=0.027717 improved=no epoch_time=10.6s total_time=214.5s
[seed 1] [stage 1/3: direct GE] [epoch 20/20] train_total=0.003156 val_score=2.347707 best=1.613351 P_MAE=3.7048 kPa y_iso_MAE=0.018313 T_MAE=2.6662 K y_isob_MAE=0.027016 improved=no epoch_time=11.1s total_time=225.6s
[seed 1] [stage 2/3: joint VLE] starting 80 epoch(s)
[seed 1] [stage 2/3: joint VLE] [epoch 1/80] train_total=0.015212 val_score=1.550239 best=1.550239 P_MAE=3.1817 kPa y_iso_MAE=0.012841 T_MAE=1.2899 K y_isob_MAE=0.018878 improved=yes epoch_time=12.2s total_time=237.7s
[seed 1] [stage 2/3: joint VLE] [epoch 2/80] train_total=0.012321 val_score=1.657134 best=1.550239 P_MAE=2.3819 kPa y_iso_MAE=0.015113 T_MAE=1.8538 K y_isob_MAE=0.018368 improved=no epoch_time=12.4s total_time=250.1s
[seed 1] [stage 2/3: joint VLE] [epoch 3/80] train_total=0.013092 val_score=1.309588 best=1.309588 P_MAE=2.4522 kPa y_iso_MAE=0.010482 T_MAE=1.1629 K y_isob_MAE=0.017154 improved=yes epoch_time=12.1s total_time=262.3s
[seed 1] [stage 2/3: joint VLE] [epoch 4/80] train_total=0.016604 val_score=1.604544 best=1.309588 P_MAE=3.6590 kPa y_iso_MAE=0.011770 T_MAE=1.3597 K y_isob_MAE=0.018237 improved=no epoch_time=11.9s total_time=274.2s
[seed 1] [stage 2/3: joint VLE] [epoch 5/80] train_total=0.014263 val_score=1.442138 best=1.309588 P_MAE=2.3566 kPa y_iso_MAE=0.010406 T_MAE=1.4916 K y_isob_MAE=0.019696 improved=no epoch_time=12.0s total_time=286.2s
[seed 1] [stage 2/3: joint VLE] [epoch 6/80] train_total=0.011129 val_score=1.371956 best=1.309588 P_MAE=2.6590 kPa y_iso_MAE=0.011223 T_MAE=1.2008 K y_isob_MAE=0.017178 improved=no epoch_time=12.1s total_time=298.4s
[seed 1] [stage 2/3: joint VLE] [epoch 7/80] train_total=0.011913 val_score=1.491459 best=1.309588 P_MAE=3.1907 kPa y_iso_MAE=0.013760 T_MAE=1.1830 K y_isob_MAE=0.016076 improved=no epoch_time=11.2s total_time=309.5s
[seed 1] [stage 2/3: joint VLE] [epoch 8/80] train_total=0.014999 val_score=1.329896 best=1.309588 P_MAE=2.2102 kPa y_iso_MAE=0.011677 T_MAE=1.2508 K y_isob_MAE=0.017049 improved=no epoch_time=11.2s total_time=320.7s
[seed 1] [stage 2/3: joint VLE] [epoch 9/80] train_total=0.011457 val_score=1.227636 best=1.227636 P_MAE=2.2518 kPa y_iso_MAE=0.010270 T_MAE=1.0898 K y_isob_MAE=0.015842 improved=yes epoch_time=11.9s total_time=332.6s
[seed 1] [stage 2/3: joint VLE] [epoch 10/80] train_total=0.011777 val_score=1.126181 best=1.126181 P_MAE=2.0068 kPa y_iso_MAE=0.009298 T_MAE=0.9780 K y_isob_MAE=0.015581 improved=yes epoch_time=11.9s total_time=344.5s
[seed 1] [stage 2/3: joint VLE] [epoch 11/80] train_total=0.012526 val_score=1.368605 best=1.126181 P_MAE=2.8433 kPa y_iso_MAE=0.011160 T_MAE=1.1911 K y_isob_MAE=0.015714 improved=no epoch_time=11.8s total_time=356.3s
[seed 1] [stage 2/3: joint VLE] [epoch 12/80] train_total=0.010911 val_score=1.256801 best=1.126181 P_MAE=2.0861 kPa y_iso_MAE=0.011417 T_MAE=1.0964 K y_isob_MAE=0.017088 improved=no epoch_time=12.3s total_time=368.6s
[seed 1] [stage 2/3: joint VLE] [epoch 13/80] train_total=0.010179 val_score=1.400841 best=1.126181 P_MAE=2.1296 kPa y_iso_MAE=0.013442 T_MAE=1.3846 K y_isob_MAE=0.016799 improved=no epoch_time=12.1s total_time=380.7s
[seed 1] [stage 2/3: joint VLE] [epoch 14/80] train_total=0.011806 val_score=1.223122 best=1.126181 P_MAE=2.0842 kPa y_iso_MAE=0.011225 T_MAE=1.0717 K y_isob_MAE=0.015933 improved=no epoch_time=12.0s total_time=392.8s
[seed 1] [stage 2/3: joint VLE] [epoch 15/80] train_total=0.011860 val_score=1.276743 best=1.126181 P_MAE=2.6565 kPa y_iso_MAE=0.011077 T_MAE=0.9762 K y_isob_MAE=0.016034 improved=no epoch_time=11.9s total_time=404.7s
[seed 1] [stage 2/3: joint VLE] [epoch 16/80] train_total=0.012702 val_score=1.541793 best=1.126181 P_MAE=2.5520 kPa y_iso_MAE=0.013484 T_MAE=1.5324 K y_isob_MAE=0.018487 improved=no epoch_time=11.7s total_time=416.4s
[seed 1] [stage 2/3: joint VLE] [epoch 17/80] train_total=0.011635 val_score=1.333859 best=1.126181 P_MAE=2.1290 kPa y_iso_MAE=0.011450 T_MAE=1.2969 K y_isob_MAE=0.017467 improved=no epoch_time=11.7s total_time=428.1s
[seed 1] [stage 2/3: joint VLE] [epoch 18/80] train_total=0.011767 val_score=1.435843 best=1.126181 P_MAE=2.5547 kPa y_iso_MAE=0.012104 T_MAE=1.3390 K y_isob_MAE=0.017925 improved=no epoch_time=11.7s total_time=439.8s
[seed 1] [stage 2/3: joint VLE] [epoch 19/80] train_total=0.010793 val_score=1.467528 best=1.126181 P_MAE=2.1507 kPa y_iso_MAE=0.012457 T_MAE=1.5272 K y_isob_MAE=0.019260 improved=no epoch_time=11.4s total_time=451.2s
[seed 1] [stage 2/3: joint VLE] [epoch 20/80] train_total=0.013477 val_score=1.250601 best=1.126181 P_MAE=2.4330 kPa y_iso_MAE=0.009814 T_MAE=1.0768 K y_isob_MAE=0.016494 improved=no epoch_time=11.5s total_time=462.7s
[seed 1] [stage 2/3: joint VLE] [epoch 21/80] train_total=0.011222 val_score=1.187557 best=1.126181 P_MAE=2.5066 kPa y_iso_MAE=0.009842 T_MAE=0.9130 K y_isob_MAE=0.015193 improved=no epoch_time=11.3s total_time=474.1s
[seed 1] [stage 2/3: joint VLE] [epoch 22/80] train_total=0.010604 val_score=1.033553 best=1.033553 P_MAE=1.9767 kPa y_iso_MAE=0.009053 T_MAE=0.8175 K y_isob_MAE=0.013830 improved=yes epoch_time=11.5s total_time=485.6s
[seed 1] [stage 2/3: joint VLE] [epoch 23/80] train_total=0.009719 val_score=1.142704 best=1.033553 P_MAE=1.9615 kPa y_iso_MAE=0.010994 T_MAE=0.9161 K y_isob_MAE=0.015530 improved=no epoch_time=11.8s total_time=497.4s
[seed 1] [stage 2/3: joint VLE] [epoch 24/80] train_total=0.009627 val_score=1.169804 best=1.033553 P_MAE=2.1300 kPa y_iso_MAE=0.009727 T_MAE=1.0158 K y_isob_MAE=0.015709 improved=no epoch_time=11.9s total_time=509.3s
[seed 1] [stage 2/3: joint VLE] [epoch 25/80] train_total=0.009019 val_score=1.113807 best=1.033553 P_MAE=2.3013 kPa y_iso_MAE=0.009693 T_MAE=0.8276 K y_isob_MAE=0.014502 improved=no epoch_time=11.6s total_time=520.9s
[seed 1] [stage 2/3: joint VLE] [epoch 26/80] train_total=0.011938 val_score=1.227323 best=1.033553 P_MAE=2.2173 kPa y_iso_MAE=0.011000 T_MAE=1.0516 K y_isob_MAE=0.015733 improved=no epoch_time=11.6s total_time=532.5s
[seed 1] [stage 2/3: joint VLE] [epoch 27/80] train_total=0.010714 val_score=1.152789 best=1.033553 P_MAE=1.7723 kPa y_iso_MAE=0.011018 T_MAE=0.9910 K y_isob_MAE=0.016326 improved=no epoch_time=11.7s total_time=544.2s
[seed 1] [stage 2/3: joint VLE] [epoch 28/80] train_total=0.010886 val_score=1.252407 best=1.033553 P_MAE=2.0893 kPa y_iso_MAE=0.010284 T_MAE=1.1838 K y_isob_MAE=0.016912 improved=no epoch_time=11.8s total_time=555.9s
[seed 1] [stage 2/3: joint VLE] [epoch 29/80] train_total=0.011805 val_score=1.163335 best=1.033553 P_MAE=2.3076 kPa y_iso_MAE=0.009656 T_MAE=0.9154 K y_isob_MAE=0.015728 improved=no epoch_time=11.8s total_time=567.7s
[seed 1] [stage 2/3: joint VLE] [epoch 30/80] train_total=0.010485 val_score=1.068232 best=1.033553 P_MAE=1.6667 kPa y_iso_MAE=0.010523 T_MAE=0.8992 K y_isob_MAE=0.014809 improved=no epoch_time=11.5s total_time=579.3s
[seed 1] [stage 2/3: joint VLE] [epoch 31/80] train_total=0.009295 val_score=1.430481 best=1.033553 P_MAE=3.5969 kPa y_iso_MAE=0.011706 T_MAE=0.9541 K y_isob_MAE=0.016247 improved=no epoch_time=11.5s total_time=590.8s
[seed 1] [stage 2/3: joint VLE] [epoch 32/80] train_total=0.010003 val_score=1.296892 best=1.033553 P_MAE=2.1810 kPa y_iso_MAE=0.010142 T_MAE=1.2827 K y_isob_MAE=0.017098 improved=no epoch_time=11.5s total_time=602.3s
[seed 1] [stage 2/3: joint VLE] [epoch 33/80] train_total=0.011839 val_score=1.437666 best=1.033553 P_MAE=3.0792 kPa y_iso_MAE=0.012785 T_MAE=1.1845 K y_isob_MAE=0.015379 improved=no epoch_time=11.4s total_time=613.7s
[seed 1] [stage 2/3: joint VLE] [epoch 34/80] train_total=0.009885 val_score=1.200620 best=1.033553 P_MAE=1.6663 kPa y_iso_MAE=0.011069 T_MAE=1.2209 K y_isob_MAE=0.015774 improved=no epoch_time=11.8s total_time=625.5s
{"direct_ge_parameter_summary": {"stage1_trainable_parameters": 1977601, "stage2_trainable_parameters": 2015043, "stage3": {"groups": [{"learning_rate": 2e-05, "name": "pair_potential", "parameter_count": 110977, "parameter_names": ["pair_potential.0.weight", "pair_potential.0.bias", "pair_potential.2.weight", "pair_potential.2.bias"]}, {"learning_rate": 1e-05, "name": "vapor_pressure", "parameter_count": 37442, "parameter_names": ["vapor_pressure.parameter_head.0.weight", "vapor_pressure.parameter_head.0.bias", "vapor_pressure.parameter_head.2.weight", "vapor_pressure.parameter_head.2.bias"]}, {"learning_rate": 5e-06, "name": "film", "parameter_count": 111744, "parameter_names": ["film.0.weight", "film.0.bias", "film.2.weight", "film.2.bias"]}, {"learning_rate": 5e-06, "name": "mixture_token", "parameter_count": 192, "parameter_names": ["mixture_token"]}], "total_parameters": 2015043, "trainable_fraction": 0.1292056794817778, "trainable_parameters": 260355}, "total_parameters": 2015043, "trainable_fraction": 0.1292056794817778, "trainable_parameters": 260355}}
[seed 1] [stage 3/3: fugacity] starting 10 epoch(s)
[seed 1] [stage 3/3: fugacity] [epoch 1/10] train_total=0.008246 val_score=0.913300 best=0.913300 P_MAE=1.4511 kPa y_iso_MAE=0.008507 T_MAE=0.7480 K y_isob_MAE=0.013512 improved=yes epoch_time=11.1s total_time=636.6s
[seed 1] [stage 3/3: fugacity] [epoch 2/10] train_total=0.007511 val_score=0.890878 best=0.890878 P_MAE=1.4019 kPa y_iso_MAE=0.008125 T_MAE=0.7372 K y_isob_MAE=0.013409 improved=yes epoch_time=11.4s total_time=648.0s
[seed 1] [stage 3/3: fugacity] [epoch 3/10] train_total=0.007283 val_score=0.881857 best=0.881857 P_MAE=1.3956 kPa y_iso_MAE=0.007855 T_MAE=0.7282 K y_isob_MAE=0.013503 improved=yes epoch_time=11.4s total_time=659.4s
[seed 1] [stage 3/3: fugacity] [epoch 4/10] train_total=0.007234 val_score=0.890778 best=0.881857 P_MAE=1.4360 kPa y_iso_MAE=0.007841 T_MAE=0.7309 K y_isob_MAE=0.013636 improved=no epoch_time=11.2s total_time=670.6s
[seed 1] [stage 3/3: fugacity] [epoch 5/10] train_total=0.007438 val_score=0.871043 best=0.871043 P_MAE=1.3909 kPa y_iso_MAE=0.007930 T_MAE=0.6974 K y_isob_MAE=0.013372 improved=yes epoch_time=11.1s total_time=681.7s
[seed 1] [stage 3/3: fugacity] [epoch 6/10] train_total=0.007223 val_score=0.874480 best=0.871043 P_MAE=1.4199 kPa y_iso_MAE=0.007857 T_MAE=0.6972 K y_isob_MAE=0.013431 improved=no epoch_time=11.5s total_time=693.2s
[seed 1] [stage 3/3: fugacity] [epoch 7/10] train_total=0.006942 val_score=0.886265 best=0.871043 P_MAE=1.4542 kPa y_iso_MAE=0.007741 T_MAE=0.7199 K y_isob_MAE=0.013570 improved=no epoch_time=11.2s total_time=704.4s
[seed 1] [stage 3/3: fugacity] [epoch 8/10] train_total=0.007083 val_score=0.873733 best=0.871043 P_MAE=1.4174 kPa y_iso_MAE=0.007987 T_MAE=0.6851 K y_isob_MAE=0.013435 improved=no epoch_time=11.4s total_time=715.8s
[seed 1] [stage 3/3: fugacity] [epoch 9/10] train_total=0.007003 val_score=0.869899 best=0.869899 P_MAE=1.3749 kPa y_iso_MAE=0.008098 T_MAE=0.6917 K y_isob_MAE=0.013301 improved=yes epoch_time=11.5s total_time=727.3s
[seed 1] [stage 3/3: fugacity] [epoch 10/10] train_total=0.006745 val_score=0.875848 best=0.869899 P_MAE=1.3792 kPa y_iso_MAE=0.008214 T_MAE=0.6995 K y_isob_MAE=0.013293 improved=no epoch_time=11.1s total_time=738.4s
{"protocol": "vle_binary_state_composition_interpolation", "seed": 1, "manifest": "D:\\VLE\\VLE\\thermoformer_project\\runs\\phase_equilibrium\\v1\\vle\\three\\results\\thermoformer_vle_three_stage.on.vle_binary_state_composition_interpolation\\seed_1\\manifest.json"}
[stage experimental] starting 80 epoch(s)
[stage experimental] [epoch 1/80] train_total=0.624132 val_total=0.083309 best=0.083309 improved=yes epoch_time=2.0s total_time=2.0s
[stage experimental] [epoch 2/80] train_total=0.110455 val_total=0.055749 best=0.055749 improved=yes epoch_time=2.0s total_time=4.0s
[stage experimental] [epoch 3/80] train_total=0.067297 val_total=0.041594 best=0.041594 improved=yes epoch_time=2.0s total_time=6.0s
[stage experimental] [epoch 4/80] train_total=0.055787 val_total=0.030353 best=0.030353 improved=yes epoch_time=2.0s total_time=8.0s
[stage experimental] [epoch 5/80] train_total=0.049862 val_total=0.025999 best=0.025999 improved=yes epoch_time=2.2s total_time=10.2s
[stage experimental] [epoch 6/80] train_total=0.041710 val_total=0.035488 best=0.025999 improved=no epoch_time=2.1s total_time=12.2s
[stage experimental] [epoch 7/80] train_total=0.039137 val_total=0.021088 best=0.021088 improved=yes epoch_time=2.0s total_time=14.2s
[stage experimental] [epoch 8/80] train_total=0.037586 val_total=0.020601 best=0.020601 improved=yes epoch_time=1.9s total_time=16.1s
[stage experimental] [epoch 9/80] train_total=0.035552 val_total=0.021442 best=0.020601 improved=no epoch_time=1.9s total_time=18.0s
[stage experimental] [epoch 10/80] train_total=0.039828 val_total=0.019574 best=0.019574 improved=yes epoch_time=1.9s total_time=20.0s
[stage experimental] [epoch 11/80] train_total=0.041537 val_total=0.030324 best=0.019574 improved=no epoch_time=1.9s total_time=21.9s
[stage experimental] [epoch 12/80] train_total=0.035730 val_total=0.015750 best=0.015750 improved=yes epoch_time=1.9s total_time=23.8s
[stage experimental] [epoch 13/80] train_total=0.030211 val_total=0.014794 best=0.014794 improved=yes epoch_time=2.0s total_time=25.8s
[stage experimental] [epoch 14/80] train_total=0.032935 val_total=0.022870 best=0.014794 improved=no epoch_time=2.0s total_time=27.8s
[stage experimental] [epoch 15/80] train_total=0.029276 val_total=0.017639 best=0.014794 improved=no epoch_time=1.9s total_time=29.7s
[stage experimental] [epoch 16/80] train_total=0.028226 val_total=0.020205 best=0.014794 improved=no epoch_time=2.0s total_time=31.8s
[stage experimental] [epoch 17/80] train_total=0.026311 val_total=0.013024 best=0.013024 improved=yes epoch_time=2.0s total_time=33.7s
[stage experimental] [epoch 18/80] train_total=0.025820 val_total=0.012524 best=0.012524 improved=yes epoch_time=2.1s total_time=35.8s
[stage experimental] [epoch 19/80] train_total=0.022480 val_total=0.012347 best=0.012347 improved=yes epoch_time=2.0s total_time=37.8s
[stage experimental] [epoch 20/80] train_total=0.025780 val_total=0.019103 best=0.012347 improved=no epoch_time=2.0s total_time=39.8s
[stage experimental] [epoch 21/80] train_total=0.024767 val_total=0.011695 best=0.011695 improved=yes epoch_time=1.9s total_time=41.7s
[stage experimental] [epoch 22/80] train_total=0.019280 val_total=0.011243 best=0.011243 improved=yes epoch_time=1.9s total_time=43.6s
[stage experimental] [epoch 23/80] train_total=0.019984 val_total=0.008440 best=0.008440 improved=yes epoch_time=2.0s total_time=45.5s
[stage experimental] [epoch 24/80] train_total=0.018759 val_total=0.012057 best=0.008440 improved=no epoch_time=2.0s total_time=47.5s
[stage experimental] [epoch 25/80] train_total=0.016681 val_total=0.008652 best=0.008440 improved=no epoch_time=2.0s total_time=49.5s
[stage experimental] [epoch 26/80] train_total=0.019750 val_total=0.017929 best=0.008440 improved=no epoch_time=2.0s total_time=51.5s
[stage experimental] [epoch 27/80] train_total=0.016253 val_total=0.006451 best=0.006451 improved=yes epoch_time=1.9s total_time=53.4s
[stage experimental] [epoch 28/80] train_total=0.015672 val_total=0.006197 best=0.006197 improved=yes epoch_time=1.9s total_time=55.4s
[stage experimental] [epoch 29/80] train_total=0.013590 val_total=0.010517 best=0.006197 improved=no epoch_time=2.0s total_time=57.3s
[stage experimental] [epoch 30/80] train_total=0.016502 val_total=0.008307 best=0.006197 improved=no epoch_time=1.9s total_time=59.2s
[stage experimental] [epoch 31/80] train_total=0.014575 val_total=0.009114 best=0.006197 improved=no epoch_time=1.9s total_time=61.1s
[stage experimental] [epoch 32/80] train_total=0.014964 val_total=0.005931 best=0.005931 improved=yes epoch_time=2.0s total_time=63.1s
[stage experimental] [epoch 33/80] train_total=0.015280 val_total=0.015826 best=0.005931 improved=no epoch_time=1.9s total_time=65.0s
[stage experimental] [epoch 34/80] train_total=0.011654 val_total=0.007918 best=0.005931 improved=no epoch_time=2.0s total_time=67.0s
[stage experimental] [epoch 35/80] train_total=0.012701 val_total=0.015021 best=0.005931 improved=no epoch_time=1.9s total_time=68.9s
[stage experimental] [epoch 36/80] train_total=0.013809 val_total=0.005523 best=0.005523 improved=yes epoch_time=2.2s total_time=71.2s
[stage experimental] [epoch 37/80] train_total=0.010717 val_total=0.007161 best=0.005523 improved=no epoch_time=2.2s total_time=73.3s
[stage experimental] [epoch 38/80] train_total=0.011358 val_total=0.007646 best=0.005523 improved=no epoch_time=2.1s total_time=75.5s
[stage experimental] [epoch 39/80] train_total=0.009996 val_total=0.008466 best=0.005523 improved=no epoch_time=2.2s total_time=77.6s
[stage experimental] [epoch 40/80] train_total=0.009212 val_total=0.006965 best=0.005523 improved=no epoch_time=2.0s total_time=79.6s
[stage experimental] [epoch 41/80] train_total=0.010026 val_total=0.006960 best=0.005523 improved=no epoch_time=2.0s total_time=81.6s
[stage experimental] [epoch 42/80] train_total=0.009247 val_total=0.005920 best=0.005523 improved=no epoch_time=1.9s total_time=83.5s
[stage experimental] [epoch 43/80] train_total=0.010975 val_total=0.008132 best=0.005523 improved=no epoch_time=2.0s total_time=85.5s
[stage experimental] [epoch 44/80] train_total=0.009836 val_total=0.005892 best=0.005523 improved=no epoch_time=2.1s total_time=87.5s
[stage experimental] [epoch 45/80] train_total=0.009929 val_total=0.005295 best=0.005295 improved=yes epoch_time=2.0s total_time=89.5s
[stage experimental] [epoch 46/80] train_total=0.010263 val_total=0.009843 best=0.005295 improved=no epoch_time=2.1s total_time=91.6s
[stage experimental] [epoch 47/80] train_total=0.010794 val_total=0.006697 best=0.005295 improved=no epoch_time=2.0s total_time=93.5s
[stage experimental] [epoch 48/80] train_total=0.009404 val_total=0.004371 best=0.004371 improved=yes epoch_time=1.9s total_time=95.4s
[stage experimental] [epoch 49/80] train_total=0.007794 val_total=0.006759 best=0.004371 improved=no epoch_time=1.9s total_time=97.3s
[stage experimental] [epoch 50/80] train_total=0.008379 val_total=0.005314 best=0.004371 improved=no epoch_time=1.9s total_time=99.2s
[stage experimental] [epoch 51/80] train_total=0.008248 val_total=0.004969 best=0.004371 improved=no epoch_time=2.0s total_time=101.2s
[stage experimental] [epoch 52/80] train_total=0.008174 val_total=0.006951 best=0.004371 improved=no epoch_time=2.0s total_time=103.1s
[stage experimental] [epoch 53/80] train_total=0.008400 val_total=0.002933 best=0.002933 improved=yes epoch_time=2.0s total_time=105.1s
[stage experimental] [epoch 54/80] train_total=0.010414 val_total=0.005073 best=0.002933 improved=no epoch_time=1.9s total_time=107.0s
[stage experimental] [epoch 55/80] train_total=0.010116 val_total=0.005863 best=0.002933 improved=no epoch_time=1.9s total_time=109.0s
[stage experimental] [epoch 56/80] train_total=0.008823 val_total=0.004710 best=0.002933 improved=no epoch_time=1.8s total_time=110.8s
[stage experimental] [epoch 57/80] train_total=0.007723 val_total=0.002870 best=0.002870 improved=yes epoch_time=1.9s total_time=112.7s
[stage experimental] [epoch 58/80] train_total=0.008142 val_total=0.015574 best=0.002870 improved=no epoch_time=1.9s total_time=114.6s
[stage experimental] [epoch 59/80] train_total=0.011188 val_total=0.006876 best=0.002870 improved=no epoch_time=1.9s total_time=116.5s
[stage experimental] [epoch 60/80] train_total=0.010629 val_total=0.009011 best=0.002870 improved=no epoch_time=1.9s total_time=118.4s
[stage experimental] [epoch 61/80] train_total=0.009816 val_total=0.005504 best=0.002870 improved=no epoch_time=1.9s total_time=120.3s
[stage experimental] [epoch 62/80] train_total=0.009495 val_total=0.005027 best=0.002870 improved=no epoch_time=1.9s total_time=122.2s
[stage experimental] [epoch 63/80] train_total=0.008452 val_total=0.004576 best=0.002870 improved=no epoch_time=1.9s total_time=124.1s
[stage experimental] [epoch 64/80] train_total=0.008243 val_total=0.004709 best=0.002870 improved=no epoch_time=1.9s total_time=126.0s
[stage experimental] [epoch 65/80] train_total=0.007292 val_total=0.008712 best=0.002870 improved=no epoch_time=1.9s total_time=127.9s
[stage experimental] [epoch 66/80] train_total=0.008107 val_total=0.007675 best=0.002870 improved=no epoch_time=1.9s total_time=129.8s
[stage experimental] [epoch 67/80] train_total=0.010406 val_total=0.011141 best=0.002870 improved=no epoch_time=1.9s total_time=131.7s
[stage experimental] [epoch 68/80] train_total=0.008873 val_total=0.006634 best=0.002870 improved=no epoch_time=1.9s total_time=133.6s
[stage experimental] [epoch 69/80] train_total=0.008363 val_total=0.006935 best=0.002870 improved=no epoch_time=2.0s total_time=135.6s
[stage experimental] early stopping at epoch 69; best_validation=0.002870
[seed 2] [stage 1/3: direct GE] starting 20 epoch(s)
[seed 2] [stage 1/3: direct GE] [epoch 1/20] train_total=0.004665 val_score=1.505988 best=1.505988 P_MAE=3.8776 kPa y_iso_MAE=0.013519 T_MAE=1.3446 K y_isob_MAE=0.020016 improved=yes epoch_time=10.4s total_time=19.2s
[seed 2] [stage 1/3: direct GE] [epoch 2/20] train_total=0.004180 val_score=1.420526 best=1.420526 P_MAE=3.1872 kPa y_iso_MAE=0.012002 T_MAE=1.4514 K y_isob_MAE=0.019131 improved=yes epoch_time=10.3s total_time=29.5s
[seed 2] [stage 1/3: direct GE] [epoch 3/20] train_total=0.003958 val_score=1.644841 best=1.420526 P_MAE=3.3869 kPa y_iso_MAE=0.011323 T_MAE=1.8940 K y_isob_MAE=0.023298 improved=no epoch_time=10.3s total_time=39.8s
[seed 2] [stage 1/3: direct GE] [epoch 4/20] train_total=0.004025 val_score=1.474400 best=1.420526 P_MAE=2.9069 kPa y_iso_MAE=0.011963 T_MAE=1.6803 K y_isob_MAE=0.019589 improved=no epoch_time=10.8s total_time=50.6s
[seed 2] [stage 1/3: direct GE] [epoch 5/20] train_total=0.004099 val_score=1.502598 best=1.420526 P_MAE=3.0384 kPa y_iso_MAE=0.011293 T_MAE=1.7153 K y_isob_MAE=0.020642 improved=no epoch_time=10.4s total_time=61.0s
[seed 2] [stage 1/3: direct GE] [epoch 6/20] train_total=0.003602 val_score=1.568341 best=1.420526 P_MAE=3.2748 kPa y_iso_MAE=0.012949 T_MAE=1.6828 K y_isob_MAE=0.021391 improved=no epoch_time=11.6s total_time=72.6s
[seed 2] [stage 1/3: direct GE] [epoch 7/20] train_total=0.003703 val_score=1.645140 best=1.420526 P_MAE=3.3550 kPa y_iso_MAE=0.011826 T_MAE=1.9248 K y_isob_MAE=0.022332 improved=no epoch_time=9.6s total_time=82.2s
[seed 2] [stage 1/3: direct GE] [epoch 8/20] train_total=0.003449 val_score=1.609301 best=1.420526 P_MAE=3.5270 kPa y_iso_MAE=0.012592 T_MAE=1.7345 K y_isob_MAE=0.021824 improved=no epoch_time=10.4s total_time=92.6s
[seed 2] [stage 1/3: direct GE] [epoch 9/20] train_total=0.003491 val_score=1.632777 best=1.420526 P_MAE=3.3962 kPa y_iso_MAE=0.012780 T_MAE=1.8793 K y_isob_MAE=0.021050 improved=no epoch_time=10.5s total_time=103.1s
[seed 2] [stage 1/3: direct GE] [epoch 10/20] train_total=0.003565 val_score=1.689199 best=1.420526 P_MAE=3.9739 kPa y_iso_MAE=0.014278 T_MAE=1.7420 K y_isob_MAE=0.021523 improved=no epoch_time=10.1s total_time=113.2s
[seed 2] [stage 1/3: direct GE] [epoch 11/20] train_total=0.003603 val_score=1.865668 best=1.420526 P_MAE=4.0927 kPa y_iso_MAE=0.013347 T_MAE=2.1318 K y_isob_MAE=0.024786 improved=no epoch_time=9.9s total_time=123.1s
[seed 2] [stage 1/3: direct GE] [epoch 12/20] train_total=0.004157 val_score=1.826517 best=1.420526 P_MAE=3.7629 kPa y_iso_MAE=0.014346 T_MAE=2.0730 K y_isob_MAE=0.024171 improved=no epoch_time=10.3s total_time=133.4s
[seed 2] [stage 1/3: direct GE] [epoch 13/20] train_total=0.003513 val_score=1.936279 best=1.420526 P_MAE=3.5930 kPa y_iso_MAE=0.014869 T_MAE=2.3325 K y_isob_MAE=0.025797 improved=no epoch_time=10.0s total_time=143.4s
[seed 2] [stage 1/3: direct GE] [epoch 14/20] train_total=0.003369 val_score=2.087589 best=1.420526 P_MAE=3.8020 kPa y_iso_MAE=0.013495 T_MAE=2.6355 K y_isob_MAE=0.029288 improved=no epoch_time=10.4s total_time=153.8s
[seed 2] [stage 1/3: direct GE] [epoch 15/20] train_total=0.003495 val_score=2.058309 best=1.420526 P_MAE=4.0953 kPa y_iso_MAE=0.016485 T_MAE=2.3976 K y_isob_MAE=0.026546 improved=no epoch_time=10.3s total_time=164.1s
[seed 2] [stage 1/3: direct GE] [epoch 16/20] train_total=0.003444 val_score=2.118689 best=1.420526 P_MAE=4.2043 kPa y_iso_MAE=0.015992 T_MAE=2.4889 K y_isob_MAE=0.028242 improved=no epoch_time=10.2s total_time=174.3s
[seed 2] [stage 1/3: direct GE] [epoch 17/20] train_total=0.003289 val_score=1.900748 best=1.420526 P_MAE=3.3352 kPa y_iso_MAE=0.015106 T_MAE=2.3488 K y_isob_MAE=0.024675 improved=no epoch_time=10.3s total_time=184.7s
[seed 2] [stage 1/3: direct GE] [epoch 18/20] train_total=0.003261 val_score=1.934174 best=1.420526 P_MAE=3.4391 kPa y_iso_MAE=0.013368 T_MAE=2.4805 K y_isob_MAE=0.025836 improved=no epoch_time=10.1s total_time=194.8s
[seed 2] [stage 1/3: direct GE] [epoch 19/20] train_total=0.003226 val_score=1.770408 best=1.420526 P_MAE=2.9817 kPa y_iso_MAE=0.013087 T_MAE=2.2086 K y_isob_MAE=0.024493 improved=no epoch_time=10.1s total_time=205.0s
[seed 2] [stage 1/3: direct GE] [epoch 20/20] train_total=0.003237 val_score=2.348831 best=1.420526 P_MAE=4.8710 kPa y_iso_MAE=0.020303 T_MAE=2.7325 K y_isob_MAE=0.027481 improved=no epoch_time=11.0s total_time=216.0s
[seed 2] [stage 2/3: joint VLE] starting 80 epoch(s)
[seed 2] [stage 2/3: joint VLE] [epoch 1/80] train_total=0.016334 val_score=1.308591 best=1.308591 P_MAE=3.3179 kPa y_iso_MAE=0.012121 T_MAE=1.1863 K y_isob_MAE=0.016889 improved=yes epoch_time=11.7s total_time=227.7s
[seed 2] [stage 2/3: joint VLE] [epoch 2/80] train_total=0.013225 val_score=1.203995 best=1.203995 P_MAE=2.7690 kPa y_iso_MAE=0.010364 T_MAE=1.1645 K y_isob_MAE=0.016741 improved=yes epoch_time=11.8s total_time=239.6s
[seed 2] [stage 2/3: joint VLE] [epoch 3/80] train_total=0.013067 val_score=1.176987 best=1.176987 P_MAE=2.9847 kPa y_iso_MAE=0.011312 T_MAE=1.0799 K y_isob_MAE=0.014458 improved=yes epoch_time=11.7s total_time=251.2s
[seed 2] [stage 2/3: joint VLE] [epoch 4/80] train_total=0.012349 val_score=1.364944 best=1.176987 P_MAE=3.5558 kPa y_iso_MAE=0.013278 T_MAE=1.1473 K y_isob_MAE=0.017864 improved=no epoch_time=11.3s total_time=262.6s
[seed 2] [stage 2/3: joint VLE] [epoch 5/80] train_total=0.014009 val_score=1.190593 best=1.176987 P_MAE=2.9031 kPa y_iso_MAE=0.010223 T_MAE=1.1128 K y_isob_MAE=0.016394 improved=no epoch_time=11.4s total_time=274.0s
[seed 2] [stage 2/3: joint VLE] [epoch 6/80] train_total=0.013583 val_score=1.538048 best=1.176987 P_MAE=4.4217 kPa y_iso_MAE=0.012168 T_MAE=1.5739 K y_isob_MAE=0.016705 improved=no epoch_time=11.8s total_time=285.8s
[seed 2] [stage 2/3: joint VLE] [epoch 7/80] train_total=0.013399 val_score=1.261943 best=1.176987 P_MAE=3.8846 kPa y_iso_MAE=0.011312 T_MAE=1.0659 K y_isob_MAE=0.014553 improved=no epoch_time=11.6s total_time=297.4s
[seed 2] [stage 2/3: joint VLE] [epoch 8/80] train_total=0.014472 val_score=1.274498 best=1.176987 P_MAE=2.8076 kPa y_iso_MAE=0.011332 T_MAE=1.2993 K y_isob_MAE=0.016779 improved=no epoch_time=11.9s total_time=309.3s
[seed 2] [stage 2/3: joint VLE] [epoch 9/80] train_total=0.014161 val_score=1.343499 best=1.176987 P_MAE=3.1534 kPa y_iso_MAE=0.012933 T_MAE=1.2903 K y_isob_MAE=0.016808 improved=no epoch_time=11.5s total_time=320.9s
[seed 2] [stage 2/3: joint VLE] [epoch 10/80] train_total=0.021435 val_score=2.288361 best=1.176987 P_MAE=4.2828 kPa y_iso_MAE=0.017352 T_MAE=3.0897 K y_isob_MAE=0.024930 improved=no epoch_time=11.4s total_time=332.3s
[seed 2] [stage 2/3: joint VLE] [epoch 11/80] train_total=0.015599 val_score=1.155788 best=1.155788 P_MAE=3.0391 kPa y_iso_MAE=0.010438 T_MAE=1.0421 K y_isob_MAE=0.014786 improved=yes epoch_time=11.4s total_time=343.7s
[seed 2] [stage 2/3: joint VLE] [epoch 12/80] train_total=0.013168 val_score=1.021567 best=1.021567 P_MAE=2.4462 kPa y_iso_MAE=0.009073 T_MAE=0.9910 K y_isob_MAE=0.013310 improved=yes epoch_time=11.6s total_time=355.3s
[seed 2] [stage 2/3: joint VLE] [epoch 13/80] train_total=0.013019 val_score=1.206830 best=1.021567 P_MAE=3.9288 kPa y_iso_MAE=0.008944 T_MAE=1.0837 K y_isob_MAE=0.014057 improved=no epoch_time=11.7s total_time=367.1s
[seed 2] [stage 2/3: joint VLE] [epoch 14/80] train_total=0.010651 val_score=0.978644 best=0.978644 P_MAE=2.7254 kPa y_iso_MAE=0.008366 T_MAE=0.8684 K y_isob_MAE=0.012562 improved=yes epoch_time=11.6s total_time=378.7s
[seed 2] [stage 2/3: joint VLE] [epoch 15/80] train_total=0.012212 val_score=1.417174 best=0.978644 P_MAE=3.2187 kPa y_iso_MAE=0.011863 T_MAE=1.5659 K y_isob_MAE=0.017025 improved=no epoch_time=11.7s total_time=390.4s
[seed 2] [stage 2/3: joint VLE] [epoch 16/80] train_total=0.012749 val_score=1.024364 best=0.978644 P_MAE=2.7779 kPa y_iso_MAE=0.009491 T_MAE=0.8762 K y_isob_MAE=0.013176 improved=no epoch_time=11.6s total_time=401.9s
[seed 2] [stage 2/3: joint VLE] [epoch 17/80] train_total=0.011023 val_score=1.408504 best=0.978644 P_MAE=3.2965 kPa y_iso_MAE=0.014282 T_MAE=1.3998 K y_isob_MAE=0.015973 improved=no epoch_time=11.3s total_time=413.3s
[seed 2] [stage 2/3: joint VLE] [epoch 18/80] train_total=0.011912 val_score=1.212399 best=0.978644 P_MAE=3.3063 kPa y_iso_MAE=0.011205 T_MAE=1.1027 K y_isob_MAE=0.014422 improved=no epoch_time=11.3s total_time=424.6s
[seed 2] [stage 2/3: joint VLE] [epoch 19/80] train_total=0.011899 val_score=1.031075 best=0.978644 P_MAE=2.5073 kPa y_iso_MAE=0.009504 T_MAE=0.9648 K y_isob_MAE=0.013405 improved=no epoch_time=11.6s total_time=436.2s
[seed 2] [stage 2/3: joint VLE] [epoch 20/80] train_total=0.011368 val_score=1.247981 best=0.978644 P_MAE=2.6588 kPa y_iso_MAE=0.011683 T_MAE=1.2893 K y_isob_MAE=0.015877 improved=no epoch_time=11.7s total_time=447.9s
[seed 2] [stage 2/3: joint VLE] [epoch 21/80] train_total=0.012774 val_score=1.031548 best=0.978644 P_MAE=2.6293 kPa y_iso_MAE=0.010288 T_MAE=0.9292 K y_isob_MAE=0.012430 improved=no epoch_time=11.6s total_time=459.6s
[seed 2] [stage 2/3: joint VLE] [epoch 22/80] train_total=0.010882 val_score=0.992764 best=0.978644 P_MAE=2.7801 kPa y_iso_MAE=0.009160 T_MAE=0.7855 K y_isob_MAE=0.013443 improved=no epoch_time=11.5s total_time=471.1s
[seed 2] [stage 2/3: joint VLE] [epoch 23/80] train_total=0.011313 val_score=1.193557 best=0.978644 P_MAE=3.2022 kPa y_iso_MAE=0.011576 T_MAE=1.0654 K y_isob_MAE=0.014133 improved=no epoch_time=12.0s total_time=483.1s
[seed 2] [stage 2/3: joint VLE] [epoch 24/80] train_total=0.013687 val_score=0.964583 best=0.964583 P_MAE=2.3534 kPa y_iso_MAE=0.010133 T_MAE=0.8218 K y_isob_MAE=0.012325 improved=yes epoch_time=12.0s total_time=495.1s
[seed 2] [stage 2/3: joint VLE] [epoch 25/80] train_total=0.010778 val_score=1.047967 best=0.964583 P_MAE=2.3856 kPa y_iso_MAE=0.009306 T_MAE=1.0563 K y_isob_MAE=0.013619 improved=no epoch_time=11.8s total_time=506.9s
[seed 2] [stage 2/3: joint VLE] [epoch 26/80] train_total=0.011129 val_score=1.073008 best=0.964583 P_MAE=2.6913 kPa y_iso_MAE=0.009587 T_MAE=1.0808 K y_isob_MAE=0.012604 improved=no epoch_time=11.5s total_time=518.4s
[seed 2] [stage 2/3: joint VLE] [epoch 27/80] train_total=0.011642 val_score=0.904641 best=0.904641 P_MAE=2.1774 kPa y_iso_MAE=0.008417 T_MAE=0.8284 K y_isob_MAE=0.012086 improved=yes epoch_time=11.8s total_time=530.2s
[seed 2] [stage 2/3: joint VLE] [epoch 28/80] train_total=0.012047 val_score=0.975511 best=0.904641 P_MAE=2.2328 kPa y_iso_MAE=0.009700 T_MAE=0.9397 K y_isob_MAE=0.012064 improved=no epoch_time=11.9s total_time=542.1s
[seed 2] [stage 2/3: joint VLE] [epoch 29/80] train_total=0.009666 val_score=0.994122 best=0.904641 P_MAE=2.6844 kPa y_iso_MAE=0.007944 T_MAE=0.9475 K y_isob_MAE=0.012774 improved=no epoch_time=11.9s total_time=554.0s
[seed 2] [stage 2/3: joint VLE] [epoch 30/80] train_total=0.010182 val_score=1.020203 best=0.904641 P_MAE=2.6535 kPa y_iso_MAE=0.010059 T_MAE=0.8406 K y_isob_MAE=0.013493 improved=no epoch_time=11.8s total_time=565.8s
[seed 2] [stage 2/3: joint VLE] [epoch 31/80] train_total=0.011121 val_score=0.987780 best=0.904641 P_MAE=2.3198 kPa y_iso_MAE=0.008047 T_MAE=0.9881 K y_isob_MAE=0.013499 improved=no epoch_time=12.2s total_time=578.0s
[seed 2] [stage 2/3: joint VLE] [epoch 32/80] train_total=0.009210 val_score=1.201771 best=0.904641 P_MAE=2.9524 kPa y_iso_MAE=0.009645 T_MAE=1.3173 K y_isob_MAE=0.013986 improved=no epoch_time=11.8s total_time=589.8s
[seed 2] [stage 2/3: joint VLE] [epoch 33/80] train_total=0.009814 val_score=1.066856 best=0.904641 P_MAE=2.4655 kPa y_iso_MAE=0.010161 T_MAE=1.0806 K y_isob_MAE=0.012733 improved=no epoch_time=11.8s total_time=601.7s
[seed 2] [stage 2/3: joint VLE] [epoch 34/80] train_total=0.011350 val_score=1.041419 best=0.904641 P_MAE=2.7454 kPa y_iso_MAE=0.010512 T_MAE=0.8694 K y_isob_MAE=0.013089 improved=no epoch_time=11.7s total_time=613.4s
[seed 2] [stage 2/3: joint VLE] [epoch 35/80] train_total=0.011101 val_score=1.027590 best=0.904641 P_MAE=2.2191 kPa y_iso_MAE=0.010090 T_MAE=0.9577 K y_isob_MAE=0.014096 improved=no epoch_time=11.6s total_time=624.9s
[seed 2] [stage 2/3: joint VLE] [epoch 36/80] train_total=0.010075 val_score=0.936766 best=0.904641 P_MAE=2.2138 kPa y_iso_MAE=0.008900 T_MAE=0.8792 K y_isob_MAE=0.012135 improved=no epoch_time=11.8s total_time=636.8s
[seed 2] [stage 2/3: joint VLE] [epoch 37/80] train_total=0.009493 val_score=1.074400 best=0.904641 P_MAE=2.5541 kPa y_iso_MAE=0.009386 T_MAE=1.0435 K y_isob_MAE=0.014267 improved=no epoch_time=11.2s total_time=648.0s
[seed 2] [stage 2/3: joint VLE] [epoch 38/80] train_total=0.009613 val_score=1.245406 best=0.904641 P_MAE=4.3429 kPa y_iso_MAE=0.010928 T_MAE=0.9806 K y_isob_MAE=0.013243 improved=no epoch_time=11.3s total_time=659.3s
[seed 2] [stage 2/3: joint VLE] [epoch 39/80] train_total=0.008830 val_score=0.980496 best=0.904641 P_MAE=3.0768 kPa y_iso_MAE=0.009177 T_MAE=0.7390 K y_isob_MAE=0.012034 improved=no epoch_time=11.6s total_time=670.9s
{"direct_ge_parameter_summary": {"stage1_trainable_parameters": 1977601, "stage2_trainable_parameters": 2015043, "stage3": {"groups": [{"learning_rate": 2e-05, "name": "pair_potential", "parameter_count": 110977, "parameter_names": ["pair_potential.0.weight", "pair_potential.0.bias", "pair_potential.2.weight", "pair_potential.2.bias"]}, {"learning_rate": 1e-05, "name": "vapor_pressure", "parameter_count": 37442, "parameter_names": ["vapor_pressure.parameter_head.0.weight", "vapor_pressure.parameter_head.0.bias", "vapor_pressure.parameter_head.2.weight", "vapor_pressure.parameter_head.2.bias"]}, {"learning_rate": 5e-06, "name": "film", "parameter_count": 111744, "parameter_names": ["film.0.weight", "film.0.bias", "film.2.weight", "film.2.bias"]}, {"learning_rate": 5e-06, "name": "mixture_token", "parameter_count": 192, "parameter_names": ["mixture_token"]}], "total_parameters": 2015043, "trainable_fraction": 0.1292056794817778, "trainable_parameters": 260355}, "total_parameters": 2015043, "trainable_fraction": 0.1292056794817778, "trainable_parameters": 260355}}
[seed 2] [stage 3/3: fugacity] starting 10 epoch(s)
[seed 2] [stage 3/3: fugacity] [epoch 1/10] train_total=0.008292 val_score=0.824062 best=0.824062 P_MAE=1.9797 kPa y_iso_MAE=0.007964 T_MAE=0.7005 K y_isob_MAE=0.011577 improved=yes epoch_time=11.4s total_time=682.3s
[seed 2] [stage 3/3: fugacity] [epoch 2/10] train_total=0.007979 val_score=0.804405 best=0.804405 P_MAE=1.9136 kPa y_iso_MAE=0.008134 T_MAE=0.6609 K y_isob_MAE=0.011338 improved=yes epoch_time=10.8s total_time=693.1s
[seed 2] [stage 3/3: fugacity] [epoch 3/10] train_total=0.007737 val_score=0.791995 best=0.791995 P_MAE=1.8747 kPa y_iso_MAE=0.008148 T_MAE=0.6399 K y_isob_MAE=0.011220 improved=yes epoch_time=11.4s total_time=704.6s
[seed 2] [stage 3/3: fugacity] [epoch 4/10] train_total=0.007474 val_score=0.794424 best=0.791995 P_MAE=1.8595 kPa y_iso_MAE=0.008317 T_MAE=0.6449 K y_isob_MAE=0.011133 improved=no epoch_time=11.0s total_time=715.6s
[seed 2] [stage 3/3: fugacity] [epoch 5/10] train_total=0.007296 val_score=0.773041 best=0.773041 P_MAE=1.8344 kPa y_iso_MAE=0.007878 T_MAE=0.6155 K y_isob_MAE=0.011176 improved=yes epoch_time=10.9s total_time=726.5s
[seed 2] [stage 3/3: fugacity] [epoch 6/10] train_total=0.007265 val_score=0.766830 best=0.766830 P_MAE=1.7944 kPa y_iso_MAE=0.008062 T_MAE=0.6093 K y_isob_MAE=0.010930 improved=yes epoch_time=11.0s total_time=737.4s
[seed 2] [stage 3/3: fugacity] [epoch 7/10] train_total=0.007301 val_score=0.757413 best=0.757413 P_MAE=1.7833 kPa y_iso_MAE=0.007907 T_MAE=0.5973 K y_isob_MAE=0.010886 improved=yes epoch_time=11.0s total_time=748.4s
[seed 2] [stage 3/3: fugacity] [epoch 8/10] train_total=0.007142 val_score=0.759568 best=0.757413 P_MAE=1.8114 kPa y_iso_MAE=0.007904 T_MAE=0.5961 K y_isob_MAE=0.010879 improved=no epoch_time=10.8s total_time=759.2s
[seed 2] [stage 3/3: fugacity] [epoch 9/10] train_total=0.007150 val_score=0.757822 best=0.757413 P_MAE=1.7934 kPa y_iso_MAE=0.007758 T_MAE=0.6079 K y_isob_MAE=0.010861 improved=no epoch_time=10.9s total_time=770.1s
[seed 2] [stage 3/3: fugacity] [epoch 10/10] train_total=0.007102 val_score=0.753620 best=0.753620 P_MAE=1.7618 kPa y_iso_MAE=0.007753 T_MAE=0.6064 K y_isob_MAE=0.010833 improved=yes epoch_time=10.9s total_time=781.1s
{"protocol": "vle_binary_state_composition_interpolation", "seed": 2, "manifest": "D:\\VLE\\VLE\\thermoformer_project\\runs\\phase_equilibrium\\v1\\vle\\three\\results\\thermoformer_vle_three_stage.on.vle_binary_state_composition_interpolation\\seed_2\\manifest.json"}
[stage experimental] starting 80 epoch(s)
[stage experimental] [epoch 1/80] train_total=0.646459 val_total=0.088223 best=0.088223 improved=yes epoch_time=2.0s total_time=2.0s
[stage experimental] [epoch 2/80] train_total=0.106536 val_total=0.053798 best=0.053798 improved=yes epoch_time=2.0s total_time=4.0s
[stage experimental] [epoch 3/80] train_total=0.064782 val_total=0.066514 best=0.053798 improved=no epoch_time=2.0s total_time=6.0s
[stage experimental] [epoch 4/80] train_total=0.057370 val_total=0.050036 best=0.050036 improved=yes epoch_time=2.0s total_time=8.0s
[stage experimental] [epoch 5/80] train_total=0.057469 val_total=0.036987 best=0.036987 improved=yes epoch_time=2.0s total_time=10.0s
[stage experimental] [epoch 6/80] train_total=0.048329 val_total=0.029971 best=0.029971 improved=yes epoch_time=2.0s total_time=12.0s
[stage experimental] [epoch 7/80] train_total=0.042399 val_total=0.029328 best=0.029328 improved=yes epoch_time=2.0s total_time=14.0s
[stage experimental] [epoch 8/80] train_total=0.040305 val_total=0.028269 best=0.028269 improved=yes epoch_time=2.0s total_time=16.0s
[stage experimental] [epoch 9/80] train_total=0.038661 val_total=0.022316 best=0.022316 improved=yes epoch_time=2.0s total_time=18.0s
[stage experimental] [epoch 10/80] train_total=0.035132 val_total=0.020591 best=0.020591 improved=yes epoch_time=2.0s total_time=20.0s
[stage experimental] [epoch 11/80] train_total=0.038340 val_total=0.019229 best=0.019229 improved=yes epoch_time=2.0s total_time=22.0s
[stage experimental] [epoch 12/80] train_total=0.035833 val_total=0.023830 best=0.019229 improved=no epoch_time=2.0s total_time=24.0s
[stage experimental] [epoch 13/80] train_total=0.034137 val_total=0.025458 best=0.019229 improved=no epoch_time=2.0s total_time=26.0s
[stage experimental] [epoch 14/80] train_total=0.031291 val_total=0.018078 best=0.018078 improved=yes epoch_time=2.0s total_time=28.0s
[stage experimental] [epoch 15/80] train_total=0.033820 val_total=0.021470 best=0.018078 improved=no epoch_time=2.0s total_time=30.0s
[stage experimental] [epoch 16/80] train_total=0.031267 val_total=0.019903 best=0.018078 improved=no epoch_time=2.0s total_time=32.0s
[stage experimental] [epoch 17/80] train_total=0.030120 val_total=0.021769 best=0.018078 improved=no epoch_time=2.0s total_time=34.1s
[stage experimental] [epoch 18/80] train_total=0.029968 val_total=0.024896 best=0.018078 improved=no epoch_time=2.0s total_time=36.1s
[stage experimental] [epoch 19/80] train_total=0.025187 val_total=0.017166 best=0.017166 improved=yes epoch_time=2.0s total_time=38.1s
[stage experimental] [epoch 20/80] train_total=0.025422 val_total=0.020492 best=0.017166 improved=no epoch_time=2.0s total_time=40.1s
[stage experimental] [epoch 21/80] train_total=0.025249 val_total=0.011876 best=0.011876 improved=yes epoch_time=2.0s total_time=42.1s
[stage experimental] [epoch 22/80] train_total=0.021194 val_total=0.016716 best=0.011876 improved=no epoch_time=2.0s total_time=44.1s
[stage experimental] [epoch 23/80] train_total=0.022167 val_total=0.014057 best=0.011876 improved=no epoch_time=2.0s total_time=46.1s
[stage experimental] [epoch 24/80] train_total=0.020010 val_total=0.010896 best=0.010896 improved=yes epoch_time=2.0s total_time=48.1s
[stage experimental] [epoch 25/80] train_total=0.018092 val_total=0.008887 best=0.008887 improved=yes epoch_time=2.0s total_time=50.1s
[stage experimental] [epoch 26/80] train_total=0.020011 val_total=0.011397 best=0.008887 improved=no epoch_time=2.0s total_time=52.0s
[stage experimental] [epoch 27/80] train_total=0.021094 val_total=0.016363 best=0.008887 improved=no epoch_time=2.0s total_time=54.0s
[stage experimental] [epoch 28/80] train_total=0.018378 val_total=0.010269 best=0.008887 improved=no epoch_time=2.0s total_time=56.0s
[stage experimental] [epoch 29/80] train_total=0.018064 val_total=0.008714 best=0.008714 improved=yes epoch_time=2.0s total_time=58.0s
[stage experimental] [epoch 30/80] train_total=0.015644 val_total=0.009446 best=0.008714 improved=no epoch_time=2.0s total_time=60.0s
[stage experimental] [epoch 31/80] train_total=0.013783 val_total=0.008965 best=0.008714 improved=no epoch_time=2.0s total_time=62.0s
[stage experimental] [epoch 32/80] train_total=0.014865 val_total=0.008922 best=0.008714 improved=no epoch_time=2.0s total_time=64.0s
[stage experimental] [epoch 33/80] train_total=0.013859 val_total=0.008985 best=0.008714 improved=no epoch_time=2.0s total_time=66.0s
[stage experimental] [epoch 34/80] train_total=0.013303 val_total=0.005696 best=0.005696 improved=yes epoch_time=2.0s total_time=68.0s
[stage experimental] [epoch 35/80] train_total=0.011221 val_total=0.007346 best=0.005696 improved=no epoch_time=2.0s total_time=70.0s
[stage experimental] [epoch 36/80] train_total=0.012350 val_total=0.008059 best=0.005696 improved=no epoch_time=2.0s total_time=72.0s
[stage experimental] [epoch 37/80] train_total=0.012084 val_total=0.006062 best=0.005696 improved=no epoch_time=2.0s total_time=74.0s
[stage experimental] [epoch 38/80] train_total=0.010995 val_total=0.013166 best=0.005696 improved=no epoch_time=2.0s total_time=75.9s
[stage experimental] [epoch 39/80] train_total=0.013216 val_total=0.011145 best=0.005696 improved=no epoch_time=2.0s total_time=77.9s
[stage experimental] [epoch 40/80] train_total=0.013011 val_total=0.006653 best=0.005696 improved=no epoch_time=2.0s total_time=79.9s
[stage experimental] [epoch 41/80] train_total=0.010822 val_total=0.008338 best=0.005696 improved=no epoch_time=2.0s total_time=81.9s
[stage experimental] [epoch 42/80] train_total=0.010252 val_total=0.006191 best=0.005696 improved=no epoch_time=2.0s total_time=83.9s
[stage experimental] [epoch 43/80] train_total=0.010474 val_total=0.006946 best=0.005696 improved=no epoch_time=1.9s total_time=85.9s
[stage experimental] [epoch 44/80] train_total=0.011279 val_total=0.008369 best=0.005696 improved=no epoch_time=2.0s total_time=87.9s
[stage experimental] [epoch 45/80] train_total=0.011938 val_total=0.008245 best=0.005696 improved=no epoch_time=2.0s total_time=89.8s
[stage experimental] [epoch 46/80] train_total=0.011604 val_total=0.005378 best=0.005378 improved=yes epoch_time=2.0s total_time=91.8s
[stage experimental] [epoch 47/80] train_total=0.017226 val_total=0.007993 best=0.005378 improved=no epoch_time=2.0s total_time=93.8s
[stage experimental] [epoch 48/80] train_total=0.012297 val_total=0.005363 best=0.005363 improved=yes epoch_time=2.0s total_time=95.8s
[stage experimental] [epoch 49/80] train_total=0.007979 val_total=0.004961 best=0.004961 improved=yes epoch_time=1.9s total_time=97.7s
[stage experimental] [epoch 50/80] train_total=0.007888 val_total=0.014159 best=0.004961 improved=no epoch_time=2.0s total_time=99.7s
[stage experimental] [epoch 51/80] train_total=0.009750 val_total=0.004622 best=0.004622 improved=yes epoch_time=2.0s total_time=101.7s
[stage experimental] [epoch 52/80] train_total=0.008251 val_total=0.006990 best=0.004622 improved=no epoch_time=2.0s total_time=103.7s
[stage experimental] [epoch 53/80] train_total=0.007801 val_total=0.005672 best=0.004622 improved=no epoch_time=2.1s total_time=105.8s
[stage experimental] [epoch 54/80] train_total=0.010908 val_total=0.007728 best=0.004622 improved=no epoch_time=3.2s total_time=109.0s
[stage experimental] [epoch 55/80] train_total=0.007506 val_total=0.005669 best=0.004622 improved=no epoch_time=1.9s total_time=111.0s
[stage experimental] [epoch 56/80] train_total=0.008967 val_total=0.007917 best=0.004622 improved=no epoch_time=1.5s total_time=112.5s
[stage experimental] [epoch 57/80] train_total=0.008456 val_total=0.004806 best=0.004622 improved=no epoch_time=1.6s total_time=114.1s
[stage experimental] [epoch 58/80] train_total=0.006944 val_total=0.006674 best=0.004622 improved=no epoch_time=1.8s total_time=115.9s
[stage experimental] [epoch 59/80] train_total=0.007704 val_total=0.019019 best=0.004622 improved=no epoch_time=1.8s total_time=117.7s
[stage experimental] [epoch 60/80] train_total=0.008596 val_total=0.004589 best=0.004589 improved=yes epoch_time=1.8s total_time=119.6s
[stage experimental] [epoch 61/80] train_total=0.007240 val_total=0.003445 best=0.003445 improved=yes epoch_time=1.8s total_time=121.4s
[stage experimental] [epoch 62/80] train_total=0.010211 val_total=0.006799 best=0.003445 improved=no epoch_time=1.8s total_time=123.2s
[stage experimental] [epoch 63/80] train_total=0.008359 val_total=0.004184 best=0.003445 improved=no epoch_time=1.8s total_time=125.0s
[stage experimental] [epoch 64/80] train_total=0.007152 val_total=0.009145 best=0.003445 improved=no epoch_time=1.8s total_time=126.9s
[stage experimental] [epoch 65/80] train_total=0.007641 val_total=0.005966 best=0.003445 improved=no epoch_time=1.8s total_time=128.7s
[stage experimental] [epoch 66/80] train_total=0.009807 val_total=0.005359 best=0.003445 improved=no epoch_time=1.8s total_time=130.5s
[stage experimental] [epoch 67/80] train_total=0.008340 val_total=0.006196 best=0.003445 improved=no epoch_time=1.9s total_time=132.4s
[stage experimental] [epoch 68/80] train_total=0.007271 val_total=0.012944 best=0.003445 improved=no epoch_time=1.8s total_time=134.2s
[stage experimental] [epoch 69/80] train_total=0.008357 val_total=0.006328 best=0.003445 improved=no epoch_time=1.8s total_time=136.1s
[stage experimental] [epoch 70/80] train_total=0.007664 val_total=0.006445 best=0.003445 improved=no epoch_time=1.8s total_time=137.9s
[stage experimental] [epoch 71/80] train_total=0.011759 val_total=0.007618 best=0.003445 improved=no epoch_time=1.8s total_time=139.7s
[stage experimental] [epoch 72/80] train_total=0.008221 val_total=0.007963 best=0.003445 improved=no epoch_time=1.8s total_time=141.5s
[stage experimental] [epoch 73/80] train_total=0.006630 val_total=0.006293 best=0.003445 improved=no epoch_time=1.8s total_time=143.3s
[stage experimental] early stopping at epoch 73; best_validation=0.003445
[seed 3] [stage 1/3: direct GE] starting 20 epoch(s)
[seed 3] [stage 1/3: direct GE] [epoch 1/20] train_total=0.005039 val_score=1.514485 best=1.514485 P_MAE=2.9690 kPa y_iso_MAE=0.014840 T_MAE=1.6254 K y_isob_MAE=0.024268 improved=yes epoch_time=10.0s total_time=18.1s
[seed 3] [stage 1/3: direct GE] [epoch 2/20] train_total=0.004565 val_score=1.373457 best=1.373457 P_MAE=3.2919 kPa y_iso_MAE=0.012625 T_MAE=1.4111 K y_isob_MAE=0.020314 improved=yes epoch_time=11.1s total_time=29.2s
[seed 3] [stage 1/3: direct GE] [epoch 3/20] train_total=0.003902 val_score=1.506219 best=1.373457 P_MAE=3.1665 kPa y_iso_MAE=0.011288 T_MAE=1.8106 K y_isob_MAE=0.024866 improved=no epoch_time=10.7s total_time=39.9s
[seed 3] [stage 1/3: direct GE] [epoch 4/20] train_total=0.003761 val_score=1.393352 best=1.373457 P_MAE=3.2269 kPa y_iso_MAE=0.010641 T_MAE=1.6610 K y_isob_MAE=0.020863 improved=no epoch_time=10.6s total_time=50.5s
[seed 3] [stage 1/3: direct GE] [epoch 5/20] train_total=0.003581 val_score=1.645279 best=1.373457 P_MAE=3.5290 kPa y_iso_MAE=0.013678 T_MAE=1.9748 K y_isob_MAE=0.024543 improved=no epoch_time=10.5s total_time=61.0s
[seed 3] [stage 1/3: direct GE] [epoch 6/20] train_total=0.003763 val_score=1.666590 best=1.373457 P_MAE=3.9630 kPa y_iso_MAE=0.016952 T_MAE=1.6920 K y_isob_MAE=0.022581 improved=no epoch_time=10.7s total_time=71.7s
[seed 3] [stage 1/3: direct GE] [epoch 7/20] train_total=0.003558 val_score=1.619878 best=1.373457 P_MAE=3.1323 kPa y_iso_MAE=0.012984 T_MAE=2.0099 K y_isob_MAE=0.026163 improved=no epoch_time=10.6s total_time=82.3s
[seed 3] [stage 1/3: direct GE] [epoch 8/20] train_total=0.003391 val_score=1.533843 best=1.373457 P_MAE=3.0957 kPa y_iso_MAE=0.014040 T_MAE=1.7742 K y_isob_MAE=0.023316 improved=no epoch_time=10.5s total_time=92.8s
[seed 3] [stage 1/3: direct GE] [epoch 9/20] train_total=0.003447 val_score=1.714980 best=1.373457 P_MAE=3.7505 kPa y_iso_MAE=0.014596 T_MAE=2.0594 K y_isob_MAE=0.024518 improved=no epoch_time=10.3s total_time=103.1s
[seed 3] [stage 1/3: direct GE] [epoch 10/20] train_total=0.003821 val_score=1.918748 best=1.373457 P_MAE=4.2000 kPa y_iso_MAE=0.014910 T_MAE=2.3855 K y_isob_MAE=0.028275 improved=no epoch_time=10.4s total_time=113.5s
[seed 3] [stage 1/3: direct GE] [epoch 11/20] train_total=0.003684 val_score=1.713772 best=1.373457 P_MAE=3.2397 kPa y_iso_MAE=0.012973 T_MAE=2.2669 K y_isob_MAE=0.026959 improved=no epoch_time=11.2s total_time=124.7s
[seed 3] [stage 1/3: direct GE] [epoch 12/20] train_total=0.003525 val_score=1.847358 best=1.373457 P_MAE=3.8511 kPa y_iso_MAE=0.014135 T_MAE=2.3733 K y_isob_MAE=0.027568 improved=no epoch_time=10.8s total_time=135.5s
[seed 3] [stage 1/3: direct GE] [epoch 13/20] train_total=0.003441 val_score=1.860199 best=1.373457 P_MAE=3.9155 kPa y_iso_MAE=0.014878 T_MAE=2.4911 K y_isob_MAE=0.024672 improved=no epoch_time=11.0s total_time=146.5s
[seed 3] [stage 1/3: direct GE] [epoch 14/20] train_total=0.003610 val_score=1.805538 best=1.373457 P_MAE=3.9463 kPa y_iso_MAE=0.015176 T_MAE=2.2244 K y_isob_MAE=0.025150 improved=no epoch_time=10.7s total_time=157.3s
[seed 3] [stage 1/3: direct GE] [epoch 15/20] train_total=0.003312 val_score=1.763826 best=1.373457 P_MAE=3.6635 kPa y_iso_MAE=0.015508 T_MAE=2.1858 K y_isob_MAE=0.024565 improved=no epoch_time=10.6s total_time=167.9s
[seed 3] [stage 1/3: direct GE] [epoch 16/20] train_total=0.003170 val_score=1.842499 best=1.373457 P_MAE=3.7288 kPa y_iso_MAE=0.014518 T_MAE=2.4733 K y_isob_MAE=0.025722 improved=no epoch_time=10.8s total_time=178.7s
[seed 3] [stage 1/3: direct GE] [epoch 17/20] train_total=0.003286 val_score=1.911434 best=1.373457 P_MAE=3.6894 kPa y_iso_MAE=0.014219 T_MAE=2.6363 K y_isob_MAE=0.028047 improved=no epoch_time=11.0s total_time=189.7s
[seed 3] [stage 1/3: direct GE] [epoch 18/20] train_total=0.003565 val_score=1.835088 best=1.373457 P_MAE=4.2929 kPa y_iso_MAE=0.015099 T_MAE=2.2171 K y_isob_MAE=0.024902 improved=no epoch_time=10.9s total_time=200.7s
[seed 3] [stage 1/3: direct GE] [epoch 19/20] train_total=0.003414 val_score=1.988552 best=1.373457 P_MAE=3.8621 kPa y_iso_MAE=0.016160 T_MAE=2.6261 K y_isob_MAE=0.028850 improved=no epoch_time=11.1s total_time=211.8s
[seed 3] [stage 1/3: direct GE] [epoch 20/20] train_total=0.003087 val_score=2.042041 best=1.373457 P_MAE=4.1580 kPa y_iso_MAE=0.015877 T_MAE=2.7269 K y_isob_MAE=0.028927 improved=no epoch_time=10.9s total_time=222.6s
[seed 3] [stage 2/3: joint VLE] starting 80 epoch(s)
[seed 3] [stage 2/3: joint VLE] [epoch 1/80] train_total=0.015550 val_score=1.121410 best=1.121410 P_MAE=2.5541 kPa y_iso_MAE=0.010622 T_MAE=1.1377 K y_isob_MAE=0.017259 improved=yes epoch_time=12.0s total_time=234.7s
[seed 3] [stage 2/3: joint VLE] [epoch 2/80] train_total=0.013610 val_score=1.287219 best=1.121410 P_MAE=4.0925 kPa y_iso_MAE=0.012073 T_MAE=1.0570 K y_isob_MAE=0.016344 improved=no epoch_time=11.9s total_time=246.5s
[seed 3] [stage 2/3: joint VLE] [epoch 3/80] train_total=0.011780 val_score=1.158380 best=1.121410 P_MAE=2.6244 kPa y_iso_MAE=0.011131 T_MAE=1.2106 K y_isob_MAE=0.017045 improved=no epoch_time=12.2s total_time=258.8s
[seed 3] [stage 2/3: joint VLE] [epoch 4/80] train_total=0.015176 val_score=1.384359 best=1.121410 P_MAE=4.5687 kPa y_iso_MAE=0.010856 T_MAE=1.2270 K y_isob_MAE=0.018277 improved=no epoch_time=13.4s total_time=272.2s
[seed 3] [stage 2/3: joint VLE] [epoch 5/80] train_total=0.016602 val_score=1.493790 best=1.121410 P_MAE=3.5865 kPa y_iso_MAE=0.013831 T_MAE=1.6241 K y_isob_MAE=0.020317 improved=no epoch_time=12.4s total_time=284.5s
[seed 3] [stage 2/3: joint VLE] [epoch 6/80] train_total=0.012739 val_score=1.184423 best=1.121410 P_MAE=3.0006 kPa y_iso_MAE=0.010979 T_MAE=1.1389 K y_isob_MAE=0.017622 improved=no epoch_time=12.2s total_time=296.7s
[seed 3] [stage 2/3: joint VLE] [epoch 7/80] train_total=0.015195 val_score=1.223524 best=1.121410 P_MAE=3.9439 kPa y_iso_MAE=0.010714 T_MAE=1.0587 K y_isob_MAE=0.015446 improved=no epoch_time=12.5s total_time=309.2s
[seed 3] [stage 2/3: joint VLE] [epoch 8/80] train_total=0.012989 val_score=1.272172 best=1.121410 P_MAE=2.8258 kPa y_iso_MAE=0.011105 T_MAE=1.4510 K y_isob_MAE=0.018785 improved=no epoch_time=12.2s total_time=321.5s
[seed 3] [stage 2/3: joint VLE] [epoch 9/80] train_total=0.011927 val_score=1.154680 best=1.121410 P_MAE=2.5971 kPa y_iso_MAE=0.010490 T_MAE=1.2630 K y_isob_MAE=0.017112 improved=no epoch_time=12.2s total_time=333.6s
[seed 3] [stage 2/3: joint VLE] [epoch 10/80] train_total=0.011061 val_score=1.235835 best=1.121410 P_MAE=4.1330 kPa y_iso_MAE=0.011181 T_MAE=0.9890 K y_isob_MAE=0.015397 improved=no epoch_time=12.2s total_time=345.8s
[seed 3] [stage 2/3: joint VLE] [epoch 11/80] train_total=0.012556 val_score=1.093928 best=1.093928 P_MAE=2.8574 kPa y_iso_MAE=0.010390 T_MAE=1.0109 K y_isob_MAE=0.015994 improved=yes epoch_time=12.2s total_time=357.9s
[seed 3] [stage 2/3: joint VLE] [epoch 12/80] train_total=0.010696 val_score=1.576232 best=1.093928 P_MAE=3.9309 kPa y_iso_MAE=0.013636 T_MAE=1.7845 K y_isob_MAE=0.020731 improved=no epoch_time=12.6s total_time=370.5s
[seed 3] [stage 2/3: joint VLE] [epoch 13/80] train_total=0.013629 val_score=1.116464 best=1.093928 P_MAE=2.8193 kPa y_iso_MAE=0.010026 T_MAE=1.1097 K y_isob_MAE=0.016561 improved=no epoch_time=13.2s total_time=383.7s
[seed 3] [stage 2/3: joint VLE] [epoch 14/80] train_total=0.012556 val_score=1.189348 best=1.093928 P_MAE=3.0004 kPa y_iso_MAE=0.011890 T_MAE=1.1163 K y_isob_MAE=0.016861 improved=no epoch_time=12.7s total_time=396.5s
[seed 3] [stage 2/3: joint VLE] [epoch 15/80] train_total=0.011533 val_score=1.110108 best=1.093928 P_MAE=3.0377 kPa y_iso_MAE=0.010442 T_MAE=0.9517 K y_isob_MAE=0.016746 improved=no epoch_time=13.2s total_time=409.7s
[seed 3] [stage 2/3: joint VLE] [epoch 16/80] train_total=0.011495 val_score=1.258362 best=1.093928 P_MAE=2.9782 kPa y_iso_MAE=0.012632 T_MAE=1.2186 K y_isob_MAE=0.018454 improved=no epoch_time=12.7s total_time=422.4s
[seed 3] [stage 2/3: joint VLE] [epoch 17/80] train_total=0.012129 val_score=1.269697 best=1.093928 P_MAE=2.7489 kPa y_iso_MAE=0.012141 T_MAE=1.4459 K y_isob_MAE=0.017569 improved=no epoch_time=12.6s total_time=435.0s
[seed 3] [stage 2/3: joint VLE] [epoch 18/80] train_total=0.010339 val_score=1.134327 best=1.093928 P_MAE=3.2947 kPa y_iso_MAE=0.010462 T_MAE=1.0921 K y_isob_MAE=0.014022 improved=no epoch_time=12.3s total_time=447.3s
[seed 3] [stage 2/3: joint VLE] [epoch 19/80] train_total=0.011915 val_score=1.299740 best=1.093928 P_MAE=3.0450 kPa y_iso_MAE=0.012826 T_MAE=1.3775 K y_isob_MAE=0.017546 improved=no epoch_time=12.5s total_time=459.7s
[seed 3] [stage 2/3: joint VLE] [epoch 20/80] train_total=0.012050 val_score=1.093279 best=1.093279 P_MAE=2.9993 kPa y_iso_MAE=0.009792 T_MAE=1.0262 K y_isob_MAE=0.015670 improved=yes epoch_time=12.1s total_time=471.8s
[seed 3] [stage 2/3: joint VLE] [epoch 21/80] train_total=0.010835 val_score=1.176248 best=1.093279 P_MAE=3.1982 kPa y_iso_MAE=0.011821 T_MAE=1.0135 K y_isob_MAE=0.016570 improved=no epoch_time=12.8s total_time=484.6s
[seed 3] [stage 2/3: joint VLE] [epoch 22/80] train_total=0.011126 val_score=1.143248 best=1.093279 P_MAE=3.2759 kPa y_iso_MAE=0.009750 T_MAE=1.0935 K y_isob_MAE=0.015854 improved=no epoch_time=12.2s total_time=496.8s
[seed 3] [stage 2/3: joint VLE] [epoch 23/80] train_total=0.011595 val_score=1.325774 best=1.093279 P_MAE=3.5617 kPa y_iso_MAE=0.009702 T_MAE=1.6112 K y_isob_MAE=0.016593 improved=no epoch_time=11.8s total_time=508.6s
[seed 3] [stage 2/3: joint VLE] [epoch 24/80] train_total=0.014194 val_score=1.386624 best=1.093279 P_MAE=4.0295 kPa y_iso_MAE=0.013878 T_MAE=1.2748 K y_isob_MAE=0.016423 improved=no epoch_time=12.0s total_time=520.6s
[seed 3] [stage 2/3: joint VLE] [epoch 25/80] train_total=0.011029 val_score=1.094242 best=1.093279 P_MAE=2.6638 kPa y_iso_MAE=0.011936 T_MAE=1.0099 K y_isob_MAE=0.014870 improved=no epoch_time=12.1s total_time=532.7s
[seed 3] [stage 2/3: joint VLE] [epoch 26/80] train_total=0.011357 val_score=1.062249 best=1.062249 P_MAE=2.5466 kPa y_iso_MAE=0.011632 T_MAE=0.9248 K y_isob_MAE=0.015612 improved=yes epoch_time=12.0s total_time=544.7s
[seed 3] [stage 2/3: joint VLE] [epoch 27/80] train_total=0.014177 val_score=1.209182 best=1.062249 P_MAE=3.4357 kPa y_iso_MAE=0.008724 T_MAE=1.3123 K y_isob_MAE=0.016805 improved=no epoch_time=12.0s total_time=556.7s
[seed 3] [stage 2/3: joint VLE] [epoch 28/80] train_total=0.012493 val_score=1.127933 best=1.062249 P_MAE=2.8593 kPa y_iso_MAE=0.010482 T_MAE=1.1122 K y_isob_MAE=0.016240 improved=no epoch_time=12.1s total_time=568.8s
[seed 3] [stage 2/3: joint VLE] [epoch 29/80] train_total=0.009345 val_score=1.088311 best=1.062249 P_MAE=3.4144 kPa y_iso_MAE=0.009424 T_MAE=0.9533 K y_isob_MAE=0.014356 improved=no epoch_time=12.1s total_time=580.8s
[seed 3] [stage 2/3: joint VLE] [epoch 30/80] train_total=0.009466 val_score=1.075453 best=1.062249 P_MAE=3.7943 kPa y_iso_MAE=0.009390 T_MAE=0.8514 K y_isob_MAE=0.012743 improved=no epoch_time=12.0s total_time=592.8s
[seed 3] [stage 2/3: joint VLE] [epoch 31/80] train_total=0.009237 val_score=1.050810 best=1.050810 P_MAE=2.6612 kPa y_iso_MAE=0.011007 T_MAE=0.9961 K y_isob_MAE=0.013840 improved=yes epoch_time=12.3s total_time=605.1s
[seed 3] [stage 2/3: joint VLE] [epoch 32/80] train_total=0.009111 val_score=1.109470 best=1.050810 P_MAE=3.9690 kPa y_iso_MAE=0.008882 T_MAE=0.8751 K y_isob_MAE=0.014129 improved=no epoch_time=12.2s total_time=617.3s
[seed 3] [stage 2/3: joint VLE] [epoch 33/80] train_total=0.008551 val_score=1.019604 best=1.019604 P_MAE=3.0097 kPa y_iso_MAE=0.008180 T_MAE=0.9355 K y_isob_MAE=0.015065 improved=yes epoch_time=12.2s total_time=629.5s
[seed 3] [stage 2/3: joint VLE] [epoch 34/80] train_total=0.009284 val_score=1.094938 best=1.019604 P_MAE=3.2695 kPa y_iso_MAE=0.010574 T_MAE=0.8798 K y_isob_MAE=0.015214 improved=no epoch_time=12.3s total_time=641.8s
[seed 3] [stage 2/3: joint VLE] [epoch 35/80] train_total=0.008463 val_score=1.097079 best=1.019604 P_MAE=2.3411 kPa y_iso_MAE=0.009652 T_MAE=1.2600 K y_isob_MAE=0.016588 improved=no epoch_time=11.9s total_time=653.7s
[seed 3] [stage 2/3: joint VLE] [epoch 36/80] train_total=0.010218 val_score=1.096697 best=1.019604 P_MAE=3.1659 kPa y_iso_MAE=0.009115 T_MAE=1.0236 K y_isob_MAE=0.015878 improved=no epoch_time=12.1s total_time=665.8s
[seed 3] [stage 2/3: joint VLE] [epoch 37/80] train_total=0.011619 val_score=1.086553 best=1.019604 P_MAE=2.9331 kPa y_iso_MAE=0.008869 T_MAE=1.1141 K y_isob_MAE=0.015645 improved=no epoch_time=11.9s total_time=677.7s
[seed 3] [stage 2/3: joint VLE] [epoch 38/80] train_total=0.008811 val_score=1.196213 best=1.019604 P_MAE=2.8868 kPa y_iso_MAE=0.010811 T_MAE=1.2326 K y_isob_MAE=0.017791 improved=no epoch_time=12.4s total_time=690.1s
[seed 3] [stage 2/3: joint VLE] [epoch 39/80] train_total=0.009055 val_score=1.269202 best=1.019604 P_MAE=5.3450 kPa y_iso_MAE=0.009656 T_MAE=0.8641 K y_isob_MAE=0.013820 improved=no epoch_time=11.9s total_time=701.9s
[seed 3] [stage 2/3: joint VLE] [epoch 40/80] train_total=0.010472 val_score=1.097344 best=1.019604 P_MAE=3.2634 kPa y_iso_MAE=0.010764 T_MAE=0.9121 K y_isob_MAE=0.014536 improved=no epoch_time=12.9s total_time=714.8s
[seed 3] [stage 2/3: joint VLE] [epoch 41/80] train_total=0.010237 val_score=1.231323 best=1.019604 P_MAE=2.8625 kPa y_iso_MAE=0.011110 T_MAE=1.3730 K y_isob_MAE=0.017265 improved=no epoch_time=12.6s total_time=727.5s
[seed 3] [stage 2/3: joint VLE] [epoch 42/80] train_total=0.010663 val_score=0.977072 best=0.977072 P_MAE=2.3037 kPa y_iso_MAE=0.009590 T_MAE=0.9414 K y_isob_MAE=0.014827 improved=yes epoch_time=12.2s total_time=739.7s
[seed 3] [stage 2/3: joint VLE] [epoch 43/80] train_total=0.009393 val_score=0.942417 best=0.942417 P_MAE=2.2961 kPa y_iso_MAE=0.008216 T_MAE=0.9411 K y_isob_MAE=0.014882 improved=yes epoch_time=12.0s total_time=751.7s
[seed 3] [stage 2/3: joint VLE] [epoch 44/80] train_total=0.008670 val_score=1.098325 best=0.942417 P_MAE=3.8985 kPa y_iso_MAE=0.008782 T_MAE=0.9023 K y_isob_MAE=0.013584 improved=no epoch_time=12.2s total_time=764.0s
[seed 3] [stage 2/3: joint VLE] [epoch 45/80] train_total=0.008981 val_score=1.087684 best=0.942417 P_MAE=2.5815 kPa y_iso_MAE=0.009769 T_MAE=1.1099 K y_isob_MAE=0.016769 improved=no epoch_time=12.1s total_time=776.1s
[seed 3] [stage 2/3: joint VLE] [epoch 46/80] train_total=0.011779 val_score=1.171276 best=0.942417 P_MAE=2.9789 kPa y_iso_MAE=0.010970 T_MAE=1.2082 K y_isob_MAE=0.015722 improved=no epoch_time=12.2s total_time=788.2s
[seed 3] [stage 2/3: joint VLE] [epoch 47/80] train_total=0.009443 val_score=1.010634 best=0.942417 P_MAE=2.8184 kPa y_iso_MAE=0.009539 T_MAE=0.8689 K y_isob_MAE=0.014782 improved=no epoch_time=12.5s total_time=800.7s
[seed 3] [stage 2/3: joint VLE] [epoch 48/80] train_total=0.008058 val_score=0.976805 best=0.942417 P_MAE=3.1189 kPa y_iso_MAE=0.007751 T_MAE=0.8675 K y_isob_MAE=0.013446 improved=no epoch_time=12.7s total_time=813.4s
[seed 3] [stage 2/3: joint VLE] [epoch 49/80] train_total=0.009062 val_score=1.037729 best=0.942417 P_MAE=3.1239 kPa y_iso_MAE=0.009184 T_MAE=0.8865 K y_isob_MAE=0.014674 improved=no epoch_time=12.2s total_time=825.6s
[seed 3] [stage 2/3: joint VLE] [epoch 50/80] train_total=0.011039 val_score=1.309794 best=0.942417 P_MAE=2.9635 kPa y_iso_MAE=0.011247 T_MAE=1.4823 K y_isob_MAE=0.019471 improved=no epoch_time=12.2s total_time=837.8s
[seed 3] [stage 2/3: joint VLE] [epoch 51/80] train_total=0.012186 val_score=1.108489 best=0.942417 P_MAE=2.9324 kPa y_iso_MAE=0.011773 T_MAE=0.9302 K y_isob_MAE=0.015593 improved=no epoch_time=12.1s total_time=849.8s
[seed 3] [stage 2/3: joint VLE] [epoch 52/80] train_total=0.009566 val_score=1.137253 best=0.942417 P_MAE=2.8317 kPa y_iso_MAE=0.010064 T_MAE=1.1793 K y_isob_MAE=0.016529 improved=no epoch_time=11.8s total_time=861.6s
[seed 3] [stage 2/3: joint VLE] [epoch 53/80] train_total=0.010793 val_score=1.030554 best=0.942417 P_MAE=2.9260 kPa y_iso_MAE=0.009262 T_MAE=0.8909 K y_isob_MAE=0.015381 improved=no epoch_time=12.0s total_time=873.6s
[seed 3] [stage 2/3: joint VLE] [epoch 54/80] train_total=0.008479 val_score=0.953686 best=0.942417 P_MAE=2.7650 kPa y_iso_MAE=0.008402 T_MAE=0.8567 K y_isob_MAE=0.013543 improved=no epoch_time=12.3s total_time=885.9s
[seed 3] [stage 2/3: joint VLE] [epoch 55/80] train_total=0.008070 val_score=1.022380 best=0.942417 P_MAE=3.0100 kPa y_iso_MAE=0.008719 T_MAE=0.8960 K y_isob_MAE=0.015063 improved=no epoch_time=12.3s total_time=898.2s
{"direct_ge_parameter_summary": {"stage1_trainable_parameters": 1977601, "stage2_trainable_parameters": 2015043, "stage3": {"groups": [{"learning_rate": 2e-05, "name": "pair_potential", "parameter_count": 110977, "parameter_names": ["pair_potential.0.weight", "pair_potential.0.bias", "pair_potential.2.weight", "pair_potential.2.bias"]}, {"learning_rate": 1e-05, "name": "vapor_pressure", "parameter_count": 37442, "parameter_names": ["vapor_pressure.parameter_head.0.weight", "vapor_pressure.parameter_head.0.bias", "vapor_pressure.parameter_head.2.weight", "vapor_pressure.parameter_head.2.bias"]}, {"learning_rate": 5e-06, "name": "film", "parameter_count": 111744, "parameter_names": ["film.0.weight", "film.0.bias", "film.2.weight", "film.2.bias"]}, {"learning_rate": 5e-06, "name": "mixture_token", "parameter_count": 192, "parameter_names": ["mixture_token"]}], "total_parameters": 2015043, "trainable_fraction": 0.1292056794817778, "trainable_parameters": 260355}, "total_parameters": 2015043, "trainable_fraction": 0.1292056794817778, "trainable_parameters": 260355}}
[seed 3] [stage 3/3: fugacity] starting 10 epoch(s)
[seed 3] [stage 3/3: fugacity] [epoch 1/10] train_total=0.007866 val_score=0.889929 best=0.889929 P_MAE=2.5442 kPa y_iso_MAE=0.007493 T_MAE=0.7954 K y_isob_MAE=0.013521 improved=yes epoch_time=11.8s total_time=910.0s
[seed 3] [stage 3/3: fugacity] [epoch 2/10] train_total=0.007140 val_score=0.864664 best=0.864664 P_MAE=2.5819 kPa y_iso_MAE=0.007081 T_MAE=0.7491 K y_isob_MAE=0.013116 improved=yes epoch_time=11.8s total_time=921.9s
[seed 3] [stage 3/3: fugacity] [epoch 3/10] train_total=0.006940 val_score=0.840251 best=0.840251 P_MAE=2.4936 kPa y_iso_MAE=0.006940 T_MAE=0.7162 K y_isob_MAE=0.012962 improved=yes epoch_time=11.8s total_time=933.7s
[seed 3] [stage 3/3: fugacity] [epoch 4/10] train_total=0.006710 val_score=0.839220 best=0.839220 P_MAE=2.5124 kPa y_iso_MAE=0.007037 T_MAE=0.7054 K y_isob_MAE=0.012799 improved=yes epoch_time=11.6s total_time=945.3s
[seed 3] [stage 3/3: fugacity] [epoch 5/10] train_total=0.006588 val_score=0.836241 best=0.836241 P_MAE=2.5327 kPa y_iso_MAE=0.006928 T_MAE=0.6993 K y_isob_MAE=0.012752 improved=yes epoch_time=11.7s total_time=957.0s
[seed 3] [stage 3/3: fugacity] [epoch 6/10] train_total=0.006433 val_score=0.829158 best=0.829158 P_MAE=2.4091 kPa y_iso_MAE=0.007146 T_MAE=0.7001 K y_isob_MAE=0.012783 improved=yes epoch_time=11.8s total_time=968.9s
[seed 3] [stage 3/3: fugacity] [epoch 7/10] train_total=0.006469 val_score=0.836986 best=0.829158 P_MAE=2.4910 kPa y_iso_MAE=0.007168 T_MAE=0.6986 K y_isob_MAE=0.012711 improved=no epoch_time=11.7s total_time=980.5s
[seed 3] [stage 3/3: fugacity] [epoch 8/10] train_total=0.006392 val_score=0.840542 best=0.829158 P_MAE=2.5844 kPa y_iso_MAE=0.007095 T_MAE=0.6783 K y_isob_MAE=0.012768 improved=no epoch_time=12.3s total_time=992.9s
[seed 3] [stage 3/3: fugacity] [epoch 9/10] train_total=0.006398 val_score=0.833736 best=0.829158 P_MAE=2.5001 kPa y_iso_MAE=0.007085 T_MAE=0.6942 K y_isob_MAE=0.012650 improved=no epoch_time=12.1s total_time=1005.0s
[seed 3] [stage 3/3: fugacity] [epoch 10/10] train_total=0.006407 val_score=0.835125 best=0.829158 P_MAE=2.4970 kPa y_iso_MAE=0.007240 T_MAE=0.6858 K y_isob_MAE=0.012659 improved=no epoch_time=11.5s total_time=1016.4s
{"protocol": "vle_binary_state_composition_interpolation", "seed": 3, "manifest": "D:\\VLE\\VLE\\thermoformer_project\\runs\\phase_equilibrium\\v1\\vle\\three\\results\\thermoformer_vle_three_stage.on.vle_binary_state_composition_interpolation\\seed_3\\manifest.json"}
[stage experimental] starting 80 epoch(s)
[stage experimental] [epoch 1/80] train_total=0.667823 val_total=0.079097 best=0.079097 improved=yes epoch_time=1.9s total_time=1.9s
[stage experimental] [epoch 2/80] train_total=0.086455 val_total=0.057620 best=0.057620 improved=yes epoch_time=1.9s total_time=3.9s
[stage experimental] [epoch 3/80] train_total=0.066178 val_total=0.030126 best=0.030126 improved=yes epoch_time=2.0s total_time=5.8s
[stage experimental] [epoch 4/80] train_total=0.053859 val_total=0.039789 best=0.030126 improved=no epoch_time=2.0s total_time=7.8s
[stage experimental] [epoch 5/80] train_total=0.044523 val_total=0.029826 best=0.029826 improved=yes epoch_time=2.0s total_time=9.8s
[stage experimental] [epoch 6/80] train_total=0.044552 val_total=0.030569 best=0.029826 improved=no epoch_time=1.9s total_time=11.7s
[stage experimental] [epoch 7/80] train_total=0.041421 val_total=0.023583 best=0.023583 improved=yes epoch_time=1.9s total_time=13.7s
[stage experimental] [epoch 8/80] train_total=0.043768 val_total=0.024013 best=0.023583 improved=no epoch_time=1.9s total_time=15.6s
[stage experimental] [epoch 9/80] train_total=0.038552 val_total=0.027978 best=0.023583 improved=no epoch_time=1.9s total_time=17.4s
[stage experimental] [epoch 10/80] train_total=0.036634 val_total=0.024510 best=0.023583 improved=no epoch_time=1.9s total_time=19.3s
[stage experimental] [epoch 11/80] train_total=0.038884 val_total=0.017679 best=0.017679 improved=yes epoch_time=1.9s total_time=21.2s
[stage experimental] [epoch 12/80] train_total=0.036073 val_total=0.028766 best=0.017679 improved=no epoch_time=1.9s total_time=23.1s
[stage experimental] [epoch 13/80] train_total=0.032236 val_total=0.020731 best=0.017679 improved=no epoch_time=1.9s total_time=25.0s
[stage experimental] [epoch 14/80] train_total=0.029928 val_total=0.023174 best=0.017679 improved=no epoch_time=1.9s total_time=26.9s
[stage experimental] [epoch 15/80] train_total=0.034400 val_total=0.018261 best=0.017679 improved=no epoch_time=1.9s total_time=28.9s
[stage experimental] [epoch 16/80] train_total=0.027857 val_total=0.014723 best=0.014723 improved=yes epoch_time=1.9s total_time=30.8s
[stage experimental] [epoch 17/80] train_total=0.029603 val_total=0.016240 best=0.014723 improved=no epoch_time=1.9s total_time=32.7s
[stage experimental] [epoch 18/80] train_total=0.025001 val_total=0.012946 best=0.012946 improved=yes epoch_time=1.9s total_time=34.6s
[stage experimental] [epoch 19/80] train_total=0.022002 val_total=0.016185 best=0.012946 improved=no epoch_time=1.9s total_time=36.5s
[stage experimental] [epoch 20/80] train_total=0.023610 val_total=0.030597 best=0.012946 improved=no epoch_time=2.0s total_time=38.5s
[stage experimental] [epoch 21/80] train_total=0.029711 val_total=0.021796 best=0.012946 improved=no epoch_time=1.9s total_time=40.4s
[stage experimental] [epoch 22/80] train_total=0.024669 val_total=0.011365 best=0.011365 improved=yes epoch_time=1.9s total_time=42.2s
[stage experimental] [epoch 23/80] train_total=0.022066 val_total=0.010262 best=0.010262 improved=yes epoch_time=2.1s total_time=44.3s
[stage experimental] [epoch 24/80] train_total=0.019308 val_total=0.009820 best=0.009820 improved=yes epoch_time=1.9s total_time=46.2s
[stage experimental] [epoch 25/80] train_total=0.018563 val_total=0.009480 best=0.009480 improved=yes epoch_time=1.9s total_time=48.1s
[stage experimental] [epoch 26/80] train_total=0.029061 val_total=0.013052 best=0.009480 improved=no epoch_time=2.0s total_time=50.1s
[stage experimental] [epoch 27/80] train_total=0.019023 val_total=0.012043 best=0.009480 improved=no epoch_time=1.9s total_time=52.0s
[stage experimental] [epoch 28/80] train_total=0.017662 val_total=0.008049 best=0.008049 improved=yes epoch_time=2.0s total_time=54.0s
[stage experimental] [epoch 29/80] train_total=0.021482 val_total=0.007205 best=0.007205 improved=yes epoch_time=1.9s total_time=55.9s
[stage experimental] [epoch 30/80] train_total=0.014467 val_total=0.007245 best=0.007205 improved=no epoch_time=1.9s total_time=57.9s
[stage experimental] [epoch 31/80] train_total=0.015869 val_total=0.005947 best=0.005947 improved=yes epoch_time=2.0s total_time=59.9s
[stage experimental] [epoch 32/80] train_total=0.013724 val_total=0.005570 best=0.005570 improved=yes epoch_time=2.1s total_time=62.0s
[stage experimental] [epoch 33/80] train_total=0.012943 val_total=0.010929 best=0.005570 improved=no epoch_time=2.1s total_time=64.1s
[stage experimental] [epoch 34/80] train_total=0.014220 val_total=0.005082 best=0.005082 improved=yes epoch_time=2.1s total_time=66.2s
[stage experimental] [epoch 35/80] train_total=0.012690 val_total=0.005951 best=0.005082 improved=no epoch_time=2.0s total_time=68.3s
[stage experimental] [epoch 36/80] train_total=0.012102 val_total=0.006595 best=0.005082 improved=no epoch_time=2.0s total_time=70.3s
[stage experimental] [epoch 37/80] train_total=0.011170 val_total=0.003676 best=0.003676 improved=yes epoch_time=1.8s total_time=72.0s
[stage experimental] [epoch 38/80] train_total=0.014231 val_total=0.003723 best=0.003676 improved=no epoch_time=1.9s total_time=73.9s
[stage experimental] [epoch 39/80] train_total=0.012000 val_total=0.005571 best=0.003676 improved=no epoch_time=2.0s total_time=76.0s
[stage experimental] [epoch 40/80] train_total=0.013051 val_total=0.004595 best=0.003676 improved=no epoch_time=2.0s total_time=77.9s
[stage experimental] [epoch 41/80] train_total=0.010498 val_total=0.004197 best=0.003676 improved=no epoch_time=2.0s total_time=79.9s
[stage experimental] [epoch 42/80] train_total=0.011231 val_total=0.004304 best=0.003676 improved=no epoch_time=2.0s total_time=82.0s
[stage experimental] [epoch 43/80] train_total=0.009111 val_total=0.003373 best=0.003373 improved=yes epoch_time=1.9s total_time=83.9s
[stage experimental] [epoch 44/80] train_total=0.008697 val_total=0.003169 best=0.003169 improved=yes epoch_time=2.0s total_time=85.9s
[stage experimental] [epoch 45/80] train_total=0.008720 val_total=0.003555 best=0.003169 improved=no epoch_time=2.0s total_time=88.0s
[stage experimental] [epoch 46/80] train_total=0.010502 val_total=0.013872 best=0.003169 improved=no epoch_time=2.1s total_time=90.0s
[stage experimental] [epoch 47/80] train_total=0.008971 val_total=0.005546 best=0.003169 improved=no epoch_time=2.0s total_time=92.1s
[stage experimental] [epoch 48/80] train_total=0.009695 val_total=0.004203 best=0.003169 improved=no epoch_time=2.0s total_time=94.0s
[stage experimental] [epoch 49/80] train_total=0.009051 val_total=0.002960 best=0.002960 improved=yes epoch_time=2.0s total_time=96.0s
[stage experimental] [epoch 50/80] train_total=0.009194 val_total=0.003365 best=0.002960 improved=no epoch_time=2.0s total_time=98.0s
[stage experimental] [epoch 51/80] train_total=0.007815 val_total=0.004755 best=0.002960 improved=no epoch_time=2.0s total_time=100.0s
[stage experimental] [epoch 52/80] train_total=0.009386 val_total=0.007615 best=0.002960 improved=no epoch_time=2.1s total_time=102.0s
[stage experimental] [epoch 53/80] train_total=0.010390 val_total=0.005976 best=0.002960 improved=no epoch_time=2.0s total_time=104.1s
[stage experimental] [epoch 54/80] train_total=0.010131 val_total=0.012790 best=0.002960 improved=no epoch_time=2.1s total_time=106.1s
[stage experimental] [epoch 55/80] train_total=0.010000 val_total=0.003013 best=0.002960 improved=no epoch_time=2.0s total_time=108.2s
[stage experimental] [epoch 56/80] train_total=0.007908 val_total=0.006353 best=0.002960 improved=no epoch_time=2.0s total_time=110.2s
[stage experimental] [epoch 57/80] train_total=0.007773 val_total=0.005079 best=0.002960 improved=no epoch_time=1.9s total_time=112.1s
[stage experimental] [epoch 58/80] train_total=0.007533 val_total=0.004385 best=0.002960 improved=no epoch_time=2.0s total_time=114.1s
[stage experimental] [epoch 59/80] train_total=0.008290 val_total=0.002967 best=0.002960 improved=no epoch_time=1.9s total_time=116.0s
[stage experimental] [epoch 60/80] train_total=0.007456 val_total=0.003918 best=0.002960 improved=no epoch_time=2.1s total_time=118.1s
[stage experimental] [epoch 61/80] train_total=0.008322 val_total=0.003907 best=0.002960 improved=no epoch_time=2.0s total_time=120.1s
[stage experimental] early stopping at epoch 61; best_validation=0.002960
[seed 4] [stage 1/3: direct GE] starting 20 epoch(s)
[seed 4] [stage 1/3: direct GE] [epoch 1/20] train_total=0.005012 val_score=1.356274 best=1.356274 P_MAE=3.8175 kPa y_iso_MAE=0.013835 T_MAE=1.6420 K y_isob_MAE=0.023383 improved=yes epoch_time=10.9s total_time=19.5s
[seed 4] [stage 1/3: direct GE] [epoch 2/20] train_total=0.004160 val_score=1.495396 best=1.356274 P_MAE=4.0996 kPa y_iso_MAE=0.015708 T_MAE=1.8340 K y_isob_MAE=0.025493 improved=no epoch_time=10.9s total_time=30.4s
[seed 4] [stage 1/3: direct GE] [epoch 3/20] train_total=0.004793 val_score=1.491198 best=1.356274 P_MAE=4.1310 kPa y_iso_MAE=0.013749 T_MAE=1.9066 K y_isob_MAE=0.026327 improved=no epoch_time=11.8s total_time=42.2s
[seed 4] [stage 1/3: direct GE] [epoch 4/20] train_total=0.003768 val_score=1.444209 best=1.356274 P_MAE=3.6684 kPa y_iso_MAE=0.013150 T_MAE=1.9004 K y_isob_MAE=0.026817 improved=no epoch_time=11.0s total_time=53.3s
[seed 4] [stage 1/3: direct GE] [epoch 5/20] train_total=0.003702 val_score=1.551658 best=1.356274 P_MAE=3.5460 kPa y_iso_MAE=0.013591 T_MAE=2.1973 K y_isob_MAE=0.029365 improved=no epoch_time=10.7s total_time=64.0s
[seed 4] [stage 1/3: direct GE] [epoch 6/20] train_total=0.003834 val_score=1.692190 best=1.356274 P_MAE=4.5435 kPa y_iso_MAE=0.014319 T_MAE=2.4091 K y_isob_MAE=0.028460 improved=no epoch_time=10.9s total_time=74.9s
[seed 4] [stage 1/3: direct GE] [epoch 7/20] train_total=0.003618 val_score=1.566186 best=1.356274 P_MAE=3.6490 kPa y_iso_MAE=0.014048 T_MAE=2.3584 K y_isob_MAE=0.026609 improved=no epoch_time=10.8s total_time=85.7s
[seed 4] [stage 1/3: direct GE] [epoch 8/20] train_total=0.003517 val_score=1.752172 best=1.356274 P_MAE=4.5229 kPa y_iso_MAE=0.015067 T_MAE=2.4445 K y_isob_MAE=0.031030 improved=no epoch_time=11.2s total_time=96.9s
[seed 4] [stage 1/3: direct GE] [epoch 9/20] train_total=0.003511 val_score=1.622548 best=1.356274 P_MAE=3.7985 kPa y_iso_MAE=0.014378 T_MAE=2.3434 K y_isob_MAE=0.029248 improved=no epoch_time=10.8s total_time=107.7s
[seed 4] [stage 1/3: direct GE] [epoch 10/20] train_total=0.003449 val_score=1.514461 best=1.356274 P_MAE=3.5733 kPa y_iso_MAE=0.013098 T_MAE=2.1781 K y_isob_MAE=0.027681 improved=no epoch_time=11.3s total_time=118.9s
[seed 4] [stage 1/3: direct GE] [epoch 11/20] train_total=0.003322 val_score=1.630778 best=1.356274 P_MAE=3.9788 kPa y_iso_MAE=0.014069 T_MAE=2.2962 K y_isob_MAE=0.029851 improved=no epoch_time=11.4s total_time=130.3s
[seed 4] [stage 1/3: direct GE] [epoch 12/20] train_total=0.003346 val_score=1.676973 best=1.356274 P_MAE=3.5656 kPa y_iso_MAE=0.014687 T_MAE=2.5682 K y_isob_MAE=0.030270 improved=no epoch_time=11.1s total_time=141.4s
[seed 4] [stage 1/3: direct GE] [epoch 13/20] train_total=0.003334 val_score=1.647735 best=1.356274 P_MAE=4.0336 kPa y_iso_MAE=0.014360 T_MAE=2.3573 K y_isob_MAE=0.029317 improved=no epoch_time=11.0s total_time=152.4s
[seed 4] [stage 1/3: direct GE] [epoch 14/20] train_total=0.003345 val_score=1.712663 best=1.356274 P_MAE=4.2408 kPa y_iso_MAE=0.013810 T_MAE=2.4865 K y_isob_MAE=0.031005 improved=no epoch_time=11.0s total_time=163.4s
[seed 4] [stage 1/3: direct GE] [epoch 15/20] train_total=0.003521 val_score=1.823728 best=1.356274 P_MAE=4.3529 kPa y_iso_MAE=0.015520 T_MAE=2.8476 K y_isob_MAE=0.029819 improved=no epoch_time=10.9s total_time=174.4s
[seed 4] [stage 1/3: direct GE] [epoch 16/20] train_total=0.003277 val_score=1.819864 best=1.356274 P_MAE=4.2699 kPa y_iso_MAE=0.016258 T_MAE=2.7974 K y_isob_MAE=0.029925 improved=no epoch_time=11.0s total_time=185.4s
[seed 4] [stage 1/3: direct GE] [epoch 17/20] train_total=0.003271 val_score=1.700079 best=1.356274 P_MAE=4.1377 kPa y_iso_MAE=0.015547 T_MAE=2.5180 K y_isob_MAE=0.028131 improved=no epoch_time=11.3s total_time=196.6s
[seed 4] [stage 1/3: direct GE] [epoch 18/20] train_total=0.003582 val_score=1.757911 best=1.356274 P_MAE=4.0836 kPa y_iso_MAE=0.017127 T_MAE=2.7023 K y_isob_MAE=0.027377 improved=no epoch_time=11.5s total_time=208.1s
[seed 4] [stage 1/3: direct GE] [epoch 19/20] train_total=0.003368 val_score=1.679822 best=1.356274 P_MAE=4.2146 kPa y_iso_MAE=0.014418 T_MAE=2.5425 K y_isob_MAE=0.027367 improved=no epoch_time=11.2s total_time=219.3s
[seed 4] [stage 1/3: direct GE] [epoch 20/20] train_total=0.003398 val_score=1.756975 best=1.356274 P_MAE=4.1337 kPa y_iso_MAE=0.016772 T_MAE=2.6022 K y_isob_MAE=0.029036 improved=no epoch_time=11.1s total_time=230.4s
[seed 4] [stage 2/3: joint VLE] starting 80 epoch(s)
[seed 4] [stage 2/3: joint VLE] [epoch 1/80] train_total=0.020132 val_score=1.533237 best=1.533237 P_MAE=3.7705 kPa y_iso_MAE=0.021747 T_MAE=1.8112 K y_isob_MAE=0.022757 improved=yes epoch_time=12.2s total_time=242.7s
[seed 4] [stage 2/3: joint VLE] [epoch 2/80] train_total=0.017646 val_score=1.082701 best=1.082701 P_MAE=3.0932 kPa y_iso_MAE=0.011972 T_MAE=1.3316 K y_isob_MAE=0.016914 improved=yes epoch_time=12.2s total_time=254.9s
[seed 4] [stage 2/3: joint VLE] [epoch 3/80] train_total=0.014016 val_score=0.991227 best=0.991227 P_MAE=2.5084 kPa y_iso_MAE=0.010936 T_MAE=1.1848 K y_isob_MAE=0.017965 improved=yes epoch_time=12.3s total_time=267.1s
[seed 4] [stage 2/3: joint VLE] [epoch 4/80] train_total=0.015652 val_score=1.109717 best=0.991227 P_MAE=2.8208 kPa y_iso_MAE=0.012858 T_MAE=1.3416 K y_isob_MAE=0.019033 improved=no epoch_time=11.8s total_time=278.9s
[seed 4] [stage 2/3: joint VLE] [epoch 5/80] train_total=0.016197 val_score=1.259460 best=0.991227 P_MAE=2.9329 kPa y_iso_MAE=0.017411 T_MAE=1.6837 K y_isob_MAE=0.017143 improved=no epoch_time=12.0s total_time=290.9s
[seed 4] [stage 2/3: joint VLE] [epoch 6/80] train_total=0.023479 val_score=1.146486 best=0.991227 P_MAE=3.4513 kPa y_iso_MAE=0.016130 T_MAE=1.1958 K y_isob_MAE=0.015946 improved=no epoch_time=12.0s total_time=302.9s
[seed 4] [stage 2/3: joint VLE] [epoch 7/80] train_total=0.012913 val_score=0.958779 best=0.958779 P_MAE=2.5658 kPa y_iso_MAE=0.010882 T_MAE=1.0701 K y_isob_MAE=0.017368 improved=yes epoch_time=12.0s total_time=315.0s
[seed 4] [stage 2/3: joint VLE] [epoch 8/80] train_total=0.012552 val_score=1.093709 best=0.958779 P_MAE=3.0066 kPa y_iso_MAE=0.010474 T_MAE=1.3777 K y_isob_MAE=0.019288 improved=no epoch_time=12.3s total_time=327.2s
[seed 4] [stage 2/3: joint VLE] [epoch 9/80] train_total=0.014081 val_score=1.178218 best=0.958779 P_MAE=3.0821 kPa y_iso_MAE=0.014787 T_MAE=1.4382 K y_isob_MAE=0.018065 improved=no epoch_time=12.1s total_time=339.3s
[seed 4] [stage 2/3: joint VLE] [epoch 10/80] train_total=0.013713 val_score=0.954669 best=0.954669 P_MAE=2.2532 kPa y_iso_MAE=0.010328 T_MAE=1.2732 K y_isob_MAE=0.016437 improved=yes epoch_time=12.1s total_time=351.4s
[seed 4] [stage 2/3: joint VLE] [epoch 11/80] train_total=0.012649 val_score=0.996900 best=0.954669 P_MAE=2.2188 kPa y_iso_MAE=0.013079 T_MAE=1.1338 K y_isob_MAE=0.018178 improved=no epoch_time=11.9s total_time=363.3s
[seed 4] [stage 2/3: joint VLE] [epoch 12/80] train_total=0.012549 val_score=0.905411 best=0.905411 P_MAE=2.1626 kPa y_iso_MAE=0.009965 T_MAE=1.1049 K y_isob_MAE=0.016841 improved=yes epoch_time=12.0s total_time=375.3s
[seed 4] [stage 2/3: joint VLE] [epoch 13/80] train_total=0.013560 val_score=0.919174 best=0.905411 P_MAE=2.2759 kPa y_iso_MAE=0.011374 T_MAE=1.0028 K y_isob_MAE=0.016929 improved=no epoch_time=12.6s total_time=387.9s
[seed 4] [stage 2/3: joint VLE] [epoch 14/80] train_total=0.011633 val_score=0.801995 best=0.801995 P_MAE=1.8069 kPa y_iso_MAE=0.009968 T_MAE=0.8722 K y_isob_MAE=0.015813 improved=yes epoch_time=13.0s total_time=400.9s
[seed 4] [stage 2/3: joint VLE] [epoch 15/80] train_total=0.011351 val_score=0.912374 best=0.801995 P_MAE=2.0682 kPa y_iso_MAE=0.010898 T_MAE=1.1624 K y_isob_MAE=0.015788 improved=no epoch_time=12.3s total_time=413.2s
[seed 4] [stage 2/3: joint VLE] [epoch 16/80] train_total=0.011736 val_score=0.936546 best=0.801995 P_MAE=2.2650 kPa y_iso_MAE=0.010165 T_MAE=1.2227 K y_isob_MAE=0.016176 improved=no epoch_time=13.8s total_time=427.1s
[seed 4] [stage 2/3: joint VLE] [epoch 17/80] train_total=0.012317 val_score=0.968204 best=0.801995 P_MAE=2.1536 kPa y_iso_MAE=0.013070 T_MAE=1.0950 K y_isob_MAE=0.017304 improved=no epoch_time=13.5s total_time=440.5s
[seed 4] [stage 2/3: joint VLE] [epoch 18/80] train_total=0.011448 val_score=0.950156 best=0.801995 P_MAE=2.4422 kPa y_iso_MAE=0.010528 T_MAE=1.1687 K y_isob_MAE=0.016422 improved=no epoch_time=12.7s total_time=453.3s
[seed 4] [stage 2/3: joint VLE] [epoch 19/80] train_total=0.011139 val_score=1.034857 best=0.801995 P_MAE=2.7021 kPa y_iso_MAE=0.012444 T_MAE=1.1503 K y_isob_MAE=0.018348 improved=no epoch_time=12.8s total_time=466.1s
[seed 4] [stage 2/3: joint VLE] [epoch 20/80] train_total=0.011744 val_score=0.881468 best=0.801995 P_MAE=2.2949 kPa y_iso_MAE=0.011545 T_MAE=0.9092 K y_isob_MAE=0.015603 improved=no epoch_time=13.2s total_time=479.2s
[seed 4] [stage 2/3: joint VLE] [epoch 21/80] train_total=0.011186 val_score=0.791640 best=0.791640 P_MAE=1.7084 kPa y_iso_MAE=0.011014 T_MAE=0.9137 K y_isob_MAE=0.013760 improved=yes epoch_time=13.0s total_time=492.2s
[seed 4] [stage 2/3: joint VLE] [epoch 22/80] train_total=0.011369 val_score=1.003677 best=0.791640 P_MAE=2.8187 kPa y_iso_MAE=0.010390 T_MAE=1.2353 K y_isob_MAE=0.016836 improved=no epoch_time=12.2s total_time=504.5s
[seed 4] [stage 2/3: joint VLE] [epoch 23/80] train_total=0.011930 val_score=0.833985 best=0.791640 P_MAE=2.0091 kPa y_iso_MAE=0.009977 T_MAE=0.9380 K y_isob_MAE=0.015673 improved=no epoch_time=13.0s total_time=517.4s
[seed 4] [stage 2/3: joint VLE] [epoch 24/80] train_total=0.012460 val_score=0.855144 best=0.791640 P_MAE=2.3556 kPa y_iso_MAE=0.011010 T_MAE=0.8695 K y_isob_MAE=0.014808 improved=no epoch_time=13.1s total_time=530.5s
[seed 4] [stage 2/3: joint VLE] [epoch 25/80] train_total=0.010734 val_score=0.859187 best=0.791640 P_MAE=1.9064 kPa y_iso_MAE=0.010270 T_MAE=1.0357 K y_isob_MAE=0.016029 improved=no epoch_time=13.2s total_time=543.7s
[seed 4] [stage 2/3: joint VLE] [epoch 26/80] train_total=0.009991 val_score=0.797860 best=0.791640 P_MAE=2.2061 kPa y_iso_MAE=0.009652 T_MAE=0.8390 K y_isob_MAE=0.014103 improved=no epoch_time=13.4s total_time=557.1s
[seed 4] [stage 2/3: joint VLE] [epoch 27/80] train_total=0.008843 val_score=0.941335 best=0.791640 P_MAE=1.8292 kPa y_iso_MAE=0.011835 T_MAE=1.2489 K y_isob_MAE=0.016571 improved=no epoch_time=13.1s total_time=570.2s
[seed 4] [stage 2/3: joint VLE] [epoch 28/80] train_total=0.011510 val_score=1.033296 best=0.791640 P_MAE=2.1458 kPa y_iso_MAE=0.011112 T_MAE=1.4372 K y_isob_MAE=0.018672 improved=no epoch_time=12.8s total_time=583.1s
[seed 4] [stage 2/3: joint VLE] [epoch 29/80] train_total=0.011993 val_score=0.890688 best=0.791640 P_MAE=2.3098 kPa y_iso_MAE=0.010445 T_MAE=1.0510 K y_isob_MAE=0.015257 improved=no epoch_time=12.1s total_time=595.2s
[seed 4] [stage 2/3: joint VLE] [epoch 30/80] train_total=0.011847 val_score=0.861167 best=0.791640 P_MAE=2.0175 kPa y_iso_MAE=0.010816 T_MAE=0.9505 K y_isob_MAE=0.016165 improved=no epoch_time=12.4s total_time=607.6s
[seed 4] [stage 2/3: joint VLE] [epoch 31/80] train_total=0.009647 val_score=0.970796 best=0.791640 P_MAE=2.0687 kPa y_iso_MAE=0.011541 T_MAE=1.3327 K y_isob_MAE=0.016137 improved=no epoch_time=12.3s total_time=619.9s
[seed 4] [stage 2/3: joint VLE] [epoch 32/80] train_total=0.010512 val_score=0.847899 best=0.791640 P_MAE=2.0301 kPa y_iso_MAE=0.010534 T_MAE=1.0005 K y_isob_MAE=0.014785 improved=no epoch_time=13.0s total_time=633.0s
[seed 4] [stage 2/3: joint VLE] [epoch 33/80] train_total=0.010612 val_score=1.074797 best=0.791640 P_MAE=2.6674 kPa y_iso_MAE=0.012488 T_MAE=1.3488 K y_isob_MAE=0.017995 improved=no epoch_time=13.0s total_time=646.0s
{"direct_ge_parameter_summary": {"stage1_trainable_parameters": 1977601, "stage2_trainable_parameters": 2015043, "stage3": {"groups": [{"learning_rate": 2e-05, "name": "pair_potential", "parameter_count": 110977, "parameter_names": ["pair_potential.0.weight", "pair_potential.0.bias", "pair_potential.2.weight", "pair_potential.2.bias"]}, {"learning_rate": 1e-05, "name": "vapor_pressure", "parameter_count": 37442, "parameter_names": ["vapor_pressure.parameter_head.0.weight", "vapor_pressure.parameter_head.0.bias", "vapor_pressure.parameter_head.2.weight", "vapor_pressure.parameter_head.2.bias"]}, {"learning_rate": 5e-06, "name": "film", "parameter_count": 111744, "parameter_names": ["film.0.weight", "film.0.bias", "film.2.weight", "film.2.bias"]}, {"learning_rate": 5e-06, "name": "mixture_token", "parameter_count": 192, "parameter_names": ["mixture_token"]}], "total_parameters": 2015043, "trainable_fraction": 0.1292056794817778, "trainable_parameters": 260355}, "total_parameters": 2015043, "trainable_fraction": 0.1292056794817778, "trainable_parameters": 260355}}
[seed 4] [stage 3/3: fugacity] starting 10 epoch(s)
[seed 4] [stage 3/3: fugacity] [epoch 1/10] train_total=0.010226 val_score=0.730609 best=0.730609 P_MAE=1.6219 kPa y_iso_MAE=0.009926 T_MAE=0.7768 K y_isob_MAE=0.013776 improved=yes epoch_time=12.5s total_time=658.4s
[seed 4] [stage 3/3: fugacity] [epoch 2/10] train_total=0.009151 val_score=0.748014 best=0.730609 P_MAE=1.6911 kPa y_iso_MAE=0.009891 T_MAE=0.8003 K y_isob_MAE=0.014183 improved=no epoch_time=11.9s total_time=670.4s
[seed 4] [stage 3/3: fugacity] [epoch 3/10] train_total=0.008970 val_score=0.724168 best=0.724168 P_MAE=1.6229 kPa y_iso_MAE=0.009890 T_MAE=0.7451 K y_isob_MAE=0.013891 improved=yes epoch_time=12.1s total_time=682.5s
[seed 4] [stage 3/3: fugacity] [epoch 4/10] train_total=0.008313 val_score=0.716559 best=0.716559 P_MAE=1.5674 kPa y_iso_MAE=0.009759 T_MAE=0.7479 K y_isob_MAE=0.013838 improved=yes epoch_time=12.8s total_time=695.3s
[seed 4] [stage 3/3: fugacity] [epoch 5/10] train_total=0.008067 val_score=0.713749 best=0.713749 P_MAE=1.5965 kPa y_iso_MAE=0.009532 T_MAE=0.7527 K y_isob_MAE=0.013689 improved=yes epoch_time=12.8s total_time=708.1s
[seed 4] [stage 3/3: fugacity] [epoch 6/10] train_total=0.008201 val_score=0.711141 best=0.711141 P_MAE=1.5823 kPa y_iso_MAE=0.009648 T_MAE=0.7366 K y_isob_MAE=0.013711 improved=yes epoch_time=12.1s total_time=720.2s
[seed 4] [stage 3/3: fugacity] [epoch 7/10] train_total=0.007868 val_score=0.704839 best=0.704839 P_MAE=1.5776 kPa y_iso_MAE=0.009634 T_MAE=0.7217 K y_isob_MAE=0.013576 improved=yes epoch_time=11.6s total_time=731.8s
[seed 4] [stage 3/3: fugacity] [epoch 8/10] train_total=0.007941 val_score=0.702402 best=0.702402 P_MAE=1.5319 kPa y_iso_MAE=0.009743 T_MAE=0.7189 K y_isob_MAE=0.013597 improved=yes epoch_time=12.0s total_time=743.9s
[seed 4] [stage 3/3: fugacity] [epoch 9/10] train_total=0.007822 val_score=0.704022 best=0.702402 P_MAE=1.5340 kPa y_iso_MAE=0.009899 T_MAE=0.7252 K y_isob_MAE=0.013396 improved=no epoch_time=11.9s total_time=755.8s
[seed 4] [stage 3/3: fugacity] [epoch 10/10] train_total=0.007728 val_score=0.698521 best=0.698521 P_MAE=1.5639 kPa y_iso_MAE=0.009610 T_MAE=0.7087 K y_isob_MAE=0.013479 improved=yes epoch_time=11.6s total_time=767.3s
{"protocol": "vle_binary_state_composition_interpolation", "seed": 4, "manifest": "D:\\VLE\\VLE\\thermoformer_project\\runs\\phase_equilibrium\\v1\\vle\\three\\results\\thermoformer_vle_three_stage.on.vle_binary_state_composition_interpolation\\seed_4\\manifest.json"}

$ E:\anaconda\envs\ggnn39\python.exe scripts/run_vle_benchmarks.py --protocol vle_binary_state_composition_interpolation --seeds 0 1 2 3 4 --output D:\VLE\VLE\phase_equilibrium\runs\phase_equilibrium\v1 --device cuda
[resume] stage0 vle_binary_state_composition_interpolation seed 0
[resume] three vle_binary_state_composition_interpolation seed 0
{"protocol": "vle_binary_state_composition_interpolation", "seed": 0, "manifest": "D:\\VLE\\VLE\\thermoformer_project\\runs\\phase_equilibrium\\v1\\vle\\three\\results\\thermoformer_vle_three_stage.on.vle_binary_state_composition_interpolation\\seed_0\\manifest.json"}
[resume] stage0 vle_binary_state_composition_interpolation seed 1
[resume] three vle_binary_state_composition_interpolation seed 1
{"protocol": "vle_binary_state_composition_interpolation", "seed": 1, "manifest": "D:\\VLE\\VLE\\thermoformer_project\\runs\\phase_equilibrium\\v1\\vle\\three\\results\\thermoformer_vle_three_stage.on.vle_binary_state_composition_interpolation\\seed_1\\manifest.json"}
[resume] stage0 vle_binary_state_composition_interpolation seed 2
[resume] three vle_binary_state_composition_interpolation seed 2
{"protocol": "vle_binary_state_composition_interpolation", "seed": 2, "manifest": "D:\\VLE\\VLE\\thermoformer_project\\runs\\phase_equilibrium\\v1\\vle\\three\\results\\thermoformer_vle_three_stage.on.vle_binary_state_composition_interpolation\\seed_2\\manifest.json"}
[resume] stage0 vle_binary_state_composition_interpolation seed 3
[resume] three vle_binary_state_composition_interpolation seed 3
{"protocol": "vle_binary_state_composition_interpolation", "seed": 3, "manifest": "D:\\VLE\\VLE\\thermoformer_project\\runs\\phase_equilibrium\\v1\\vle\\three\\results\\thermoformer_vle_three_stage.on.vle_binary_state_composition_interpolation\\seed_3\\manifest.json"}
[resume] stage0 vle_binary_state_composition_interpolation seed 4
[resume] three vle_binary_state_composition_interpolation seed 4
{"protocol": "vle_binary_state_composition_interpolation", "seed": 4, "manifest": "D:\\VLE\\VLE\\thermoformer_project\\runs\\phase_equilibrium\\v1\\vle\\three\\results\\thermoformer_vle_three_stage.on.vle_binary_state_composition_interpolation\\seed_4\\manifest.json"}

$ E:\anaconda\envs\ggnn39\python.exe scripts/run_vle_benchmarks.py --protocol vle_binary_state_composition_interpolation --seeds 0 1 2 3 4 --output D:\VLE\VLE\phase_equilibrium\runs\phase_equilibrium\v1 --device cuda
