[stage experimental] starting 80 epoch(s)
[stage experimental] [epoch 1/80] train_total=0.352624 val_total=0.111999 best=0.111999 improved=yes epoch_time=2.0s total_time=2.0s
[stage experimental] [epoch 2/80] train_total=0.065565 val_total=0.076216 best=0.076216 improved=yes epoch_time=1.7s total_time=3.6s
[stage experimental] [epoch 3/80] train_total=0.039344 val_total=0.068644 best=0.068644 improved=yes epoch_time=1.7s total_time=5.4s
[stage experimental] [epoch 4/80] train_total=0.041874 val_total=0.088532 best=0.068644 improved=no epoch_time=1.7s total_time=7.0s
[stage experimental] [epoch 5/80] train_total=0.042238 val_total=0.079768 best=0.068644 improved=no epoch_time=1.7s total_time=8.8s
[stage experimental] [epoch 6/80] train_total=0.036571 val_total=0.059452 best=0.059452 improved=yes epoch_time=1.6s total_time=10.4s
[stage experimental] [epoch 7/80] train_total=0.039594 val_total=0.055805 best=0.055805 improved=yes epoch_time=1.7s total_time=12.1s
[stage experimental] [epoch 8/80] train_total=0.031109 val_total=0.057678 best=0.055805 improved=no epoch_time=1.6s total_time=13.7s
[stage experimental] [epoch 9/80] train_total=0.031861 val_total=0.064664 best=0.055805 improved=no epoch_time=1.6s total_time=15.3s
[stage experimental] [epoch 10/80] train_total=0.028021 val_total=0.056528 best=0.055805 improved=no epoch_time=1.6s total_time=16.9s
[stage experimental] [epoch 11/80] train_total=0.029536 val_total=0.055786 best=0.055786 improved=yes epoch_time=1.6s total_time=18.5s
[stage experimental] [epoch 12/80] train_total=0.027933 val_total=0.052930 best=0.052930 improved=yes epoch_time=1.7s total_time=20.2s
[stage experimental] [epoch 13/80] train_total=0.026981 val_total=0.058032 best=0.052930 improved=no epoch_time=1.6s total_time=21.8s
[stage experimental] [epoch 14/80] train_total=0.028019 val_total=0.060452 best=0.052930 improved=no epoch_time=1.7s total_time=23.5s
[stage experimental] [epoch 15/80] train_total=0.024323 val_total=0.067345 best=0.052930 improved=no epoch_time=1.7s total_time=25.2s
[stage experimental] [epoch 16/80] train_total=0.024819 val_total=0.055680 best=0.052930 improved=no epoch_time=1.7s total_time=26.8s
[stage experimental] [epoch 17/80] train_total=0.024781 val_total=0.054540 best=0.052930 improved=no epoch_time=1.7s total_time=28.5s
[stage experimental] [epoch 18/80] train_total=0.022821 val_total=0.066175 best=0.052930 improved=no epoch_time=1.7s total_time=30.2s
[stage experimental] [epoch 19/80] train_total=0.019847 val_total=0.060956 best=0.052930 improved=no epoch_time=1.8s total_time=32.1s
[stage experimental] [epoch 20/80] train_total=0.018999 val_total=0.058336 best=0.052930 improved=no epoch_time=1.7s total_time=33.8s
[stage experimental] [epoch 21/80] train_total=0.018860 val_total=0.053396 best=0.052930 improved=no epoch_time=1.4s total_time=35.2s
[stage experimental] [epoch 22/80] train_total=0.019201 val_total=0.068062 best=0.052930 improved=no epoch_time=1.3s total_time=36.6s
[stage experimental] [epoch 23/80] train_total=0.015864 val_total=0.060154 best=0.052930 improved=no epoch_time=1.4s total_time=38.0s
[stage experimental] [epoch 24/80] train_total=0.014555 val_total=0.057052 best=0.052930 improved=no epoch_time=1.8s total_time=39.8s
[stage experimental] early stopping at epoch 24; best_validation=0.052930
[seed 0] [stage 1/3: direct GE] starting 20 epoch(s)
[seed 0] [stage 1/3: direct GE] [epoch 1/20] train_total=0.006549 val_score=1.044358 best=1.044358 P_MAE=3.5243 kPa y_iso_MAE=0.020411 T_MAE=4.5334 K y_isob_MAE=0.045395 improved=yes epoch_time=8.0s total_time=14.3s
[seed 0] [stage 1/3: direct GE] [epoch 2/20] train_total=0.004985 val_score=0.969354 best=0.969354 P_MAE=2.8685 kPa y_iso_MAE=0.020698 T_MAE=4.5731 K y_isob_MAE=0.040453 improved=yes epoch_time=8.2s total_time=22.5s
[seed 0] [stage 1/3: direct GE] [epoch 3/20] train_total=0.004818 val_score=1.112353 best=0.969354 P_MAE=3.7999 kPa y_iso_MAE=0.022351 T_MAE=5.0208 K y_isob_MAE=0.044464 improved=no epoch_time=8.2s total_time=30.7s
[seed 0] [stage 1/3: direct GE] [epoch 4/20] train_total=0.004281 val_score=1.113061 best=0.969354 P_MAE=3.9281 kPa y_iso_MAE=0.021374 T_MAE=4.8759 K y_isob_MAE=0.046275 improved=no epoch_time=8.0s total_time=38.7s
[seed 0] [stage 1/3: direct GE] [epoch 5/20] train_total=0.004284 val_score=1.092760 best=0.969354 P_MAE=3.6041 kPa y_iso_MAE=0.021241 T_MAE=5.0430 K y_isob_MAE=0.045818 improved=no epoch_time=8.2s total_time=46.9s
[seed 0] [stage 1/3: direct GE] [epoch 6/20] train_total=0.003973 val_score=1.181249 best=0.969354 P_MAE=4.1234 kPa y_iso_MAE=0.024566 T_MAE=5.0646 K y_isob_MAE=0.047040 improved=no epoch_time=8.1s total_time=55.0s
[seed 0] [stage 1/3: direct GE] [epoch 7/20] train_total=0.004001 val_score=1.066454 best=0.969354 P_MAE=3.4582 kPa y_iso_MAE=0.021453 T_MAE=4.8309 K y_isob_MAE=0.045006 improved=no epoch_time=8.0s total_time=63.0s
[seed 0] [stage 1/3: direct GE] [epoch 8/20] train_total=0.003902 val_score=1.175651 best=0.969354 P_MAE=3.8853 kPa y_iso_MAE=0.024526 T_MAE=5.0277 K y_isob_MAE=0.049875 improved=no epoch_time=8.3s total_time=71.3s
[seed 0] [stage 1/3: direct GE] [epoch 9/20] train_total=0.003823 val_score=1.106282 best=0.969354 P_MAE=3.6831 kPa y_iso_MAE=0.021358 T_MAE=4.9561 K y_isob_MAE=0.047739 improved=no epoch_time=8.2s total_time=79.4s
[seed 0] [stage 1/3: direct GE] [epoch 10/20] train_total=0.003741 val_score=1.160009 best=0.969354 P_MAE=3.5581 kPa y_iso_MAE=0.024610 T_MAE=5.0757 K y_isob_MAE=0.051069 improved=no epoch_time=8.1s total_time=87.6s
[seed 0] [stage 1/3: direct GE] [epoch 11/20] train_total=0.003877 val_score=1.099613 best=0.969354 P_MAE=3.5390 kPa y_iso_MAE=0.021161 T_MAE=5.0772 K y_isob_MAE=0.047749 improved=no epoch_time=8.1s total_time=95.7s
[seed 0] [stage 1/3: direct GE] [epoch 12/20] train_total=0.003642 val_score=1.112760 best=0.969354 P_MAE=3.4863 kPa y_iso_MAE=0.023044 T_MAE=5.0254 K y_isob_MAE=0.047492 improved=no epoch_time=8.2s total_time=103.9s
[seed 0] [stage 1/3: direct GE] [epoch 13/20] train_total=0.003618 val_score=1.185026 best=0.969354 P_MAE=3.9192 kPa y_iso_MAE=0.024286 T_MAE=5.0691 K y_isob_MAE=0.051107 improved=no epoch_time=8.2s total_time=112.1s
[seed 0] [stage 1/3: direct GE] [epoch 14/20] train_total=0.003590 val_score=1.162193 best=0.969354 P_MAE=3.7531 kPa y_iso_MAE=0.024061 T_MAE=5.1355 K y_isob_MAE=0.049208 improved=no epoch_time=8.0s total_time=120.2s
[seed 0] [stage 1/3: direct GE] [epoch 15/20] train_total=0.003490 val_score=1.097406 best=0.969354 P_MAE=3.4203 kPa y_iso_MAE=0.021724 T_MAE=5.0288 K y_isob_MAE=0.048385 improved=no epoch_time=8.2s total_time=128.4s
[seed 0] [stage 1/3: direct GE] [epoch 16/20] train_total=0.003535 val_score=1.076191 best=0.969354 P_MAE=2.9122 kPa y_iso_MAE=0.022063 T_MAE=5.1284 K y_isob_MAE=0.050094 improved=no epoch_time=8.2s total_time=136.6s
[seed 0] [stage 1/3: direct GE] [epoch 17/20] train_total=0.003495 val_score=1.125604 best=0.969354 P_MAE=3.4215 kPa y_iso_MAE=0.024039 T_MAE=4.9482 K y_isob_MAE=0.049427 improved=no epoch_time=8.4s total_time=145.0s
[seed 0] [stage 1/3: direct GE] [epoch 18/20] train_total=0.003524 val_score=1.106634 best=0.969354 P_MAE=3.2861 kPa y_iso_MAE=0.023020 T_MAE=5.0677 K y_isob_MAE=0.048847 improved=no epoch_time=8.6s total_time=153.6s
[seed 0] [stage 1/3: direct GE] [epoch 19/20] train_total=0.003353 val_score=1.042401 best=0.969354 P_MAE=3.0615 kPa y_iso_MAE=0.020398 T_MAE=5.0339 K y_isob_MAE=0.046425 improved=no epoch_time=8.7s total_time=162.3s
[seed 0] [stage 1/3: direct GE] [epoch 20/20] train_total=0.003518 val_score=1.161056 best=0.969354 P_MAE=3.6213 kPa y_iso_MAE=0.023086 T_MAE=5.3071 K y_isob_MAE=0.051083 improved=no epoch_time=8.3s total_time=170.6s
[seed 0] [stage 2/3: joint VLE] starting 80 epoch(s)
[seed 0] [stage 2/3: joint VLE] [epoch 1/80] train_total=0.041477 val_score=0.950487 best=0.950487 P_MAE=3.2099 kPa y_iso_MAE=0.015786 T_MAE=4.8043 K y_isob_MAE=0.039970 improved=yes epoch_time=9.2s total_time=179.8s
[seed 0] [stage 2/3: joint VLE] [epoch 2/80] train_total=0.038697 val_score=1.116974 best=0.950487 P_MAE=3.9655 kPa y_iso_MAE=0.022180 T_MAE=4.9967 K y_isob_MAE=0.043541 improved=no epoch_time=9.2s total_time=189.0s
[seed 0] [stage 2/3: joint VLE] [epoch 3/80] train_total=0.031328 val_score=1.129089 best=0.950487 P_MAE=4.3931 kPa y_iso_MAE=0.022491 T_MAE=4.7448 K y_isob_MAE=0.041613 improved=no epoch_time=9.4s total_time=198.4s
[seed 0] [stage 2/3: joint VLE] [epoch 4/80] train_total=0.029359 val_score=0.880977 best=0.880977 P_MAE=3.0409 kPa y_iso_MAE=0.014678 T_MAE=4.2975 K y_isob_MAE=0.037630 improved=yes epoch_time=9.1s total_time=207.4s
[seed 0] [stage 2/3: joint VLE] [epoch 5/80] train_total=0.028533 val_score=1.047877 best=0.880977 P_MAE=4.5420 kPa y_iso_MAE=0.016438 T_MAE=4.6253 K y_isob_MAE=0.038836 improved=no epoch_time=9.3s total_time=216.8s
[seed 0] [stage 2/3: joint VLE] [epoch 6/80] train_total=0.026357 val_score=0.975832 best=0.880977 P_MAE=3.8522 kPa y_iso_MAE=0.015395 T_MAE=4.3378 K y_isob_MAE=0.040993 improved=no epoch_time=9.6s total_time=226.4s
[seed 0] [stage 2/3: joint VLE] [epoch 7/80] train_total=0.024410 val_score=0.963697 best=0.880977 P_MAE=3.4268 kPa y_iso_MAE=0.015384 T_MAE=4.7285 K y_isob_MAE=0.040839 improved=no epoch_time=9.5s total_time=235.9s
[seed 0] [stage 2/3: joint VLE] [epoch 8/80] train_total=0.025735 val_score=0.865543 best=0.865543 P_MAE=2.8403 kPa y_iso_MAE=0.015332 T_MAE=4.1628 K y_isob_MAE=0.037801 improved=yes epoch_time=9.3s total_time=245.2s
[seed 0] [stage 2/3: joint VLE] [epoch 9/80] train_total=0.023063 val_score=0.868084 best=0.865543 P_MAE=3.1290 kPa y_iso_MAE=0.016701 T_MAE=3.7711 K y_isob_MAE=0.035431 improved=no epoch_time=9.6s total_time=254.8s
[seed 0] [stage 2/3: joint VLE] [epoch 10/80] train_total=0.021181 val_score=0.870563 best=0.865543 P_MAE=3.2350 kPa y_iso_MAE=0.014197 T_MAE=4.0834 K y_isob_MAE=0.036259 improved=no epoch_time=9.7s total_time=264.5s
[seed 0] [stage 2/3: joint VLE] [epoch 11/80] train_total=0.020673 val_score=0.825916 best=0.825916 P_MAE=2.6837 kPa y_iso_MAE=0.012682 T_MAE=4.1471 K y_isob_MAE=0.038616 improved=yes epoch_time=9.7s total_time=274.2s
[seed 0] [stage 2/3: joint VLE] [epoch 12/80] train_total=0.019422 val_score=0.879943 best=0.825916 P_MAE=3.3685 kPa y_iso_MAE=0.014107 T_MAE=4.0379 K y_isob_MAE=0.036682 improved=no epoch_time=9.9s total_time=284.2s
[seed 0] [stage 2/3: joint VLE] [epoch 13/80] train_total=0.017139 val_score=0.825878 best=0.825878 P_MAE=2.9311 kPa y_iso_MAE=0.016331 T_MAE=3.5100 K y_isob_MAE=0.034254 improved=yes epoch_time=9.7s total_time=293.9s
[seed 0] [stage 2/3: joint VLE] [epoch 14/80] train_total=0.017415 val_score=0.870634 best=0.825878 P_MAE=3.3891 kPa y_iso_MAE=0.015260 T_MAE=3.8013 K y_isob_MAE=0.034845 improved=no epoch_time=9.7s total_time=303.6s
[seed 0] [stage 2/3: joint VLE] [epoch 15/80] train_total=0.016441 val_score=0.756085 best=0.756085 P_MAE=2.8830 kPa y_iso_MAE=0.010525 T_MAE=3.8407 K y_isob_MAE=0.031103 improved=yes epoch_time=9.7s total_time=313.3s
[seed 0] [stage 2/3: joint VLE] [epoch 16/80] train_total=0.015816 val_score=0.771504 best=0.756085 P_MAE=2.9124 kPa y_iso_MAE=0.010818 T_MAE=3.7271 K y_isob_MAE=0.033976 improved=no epoch_time=9.8s total_time=323.1s
[seed 0] [stage 2/3: joint VLE] [epoch 17/80] train_total=0.014100 val_score=0.856231 best=0.756085 P_MAE=3.4391 kPa y_iso_MAE=0.010508 T_MAE=4.2529 K y_isob_MAE=0.036649 improved=no epoch_time=9.5s total_time=332.6s
[seed 0] [stage 2/3: joint VLE] [epoch 18/80] train_total=0.015642 val_score=0.796371 best=0.756085 P_MAE=3.0405 kPa y_iso_MAE=0.012820 T_MAE=3.5837 K y_isob_MAE=0.033935 improved=no epoch_time=9.5s total_time=342.1s
[seed 0] [stage 2/3: joint VLE] [epoch 19/80] train_total=0.012355 val_score=0.775412 best=0.756085 P_MAE=2.8337 kPa y_iso_MAE=0.012477 T_MAE=3.7371 K y_isob_MAE=0.032278 improved=no epoch_time=9.3s total_time=351.5s
[seed 0] [stage 2/3: joint VLE] [epoch 20/80] train_total=0.011758 val_score=0.806901 best=0.756085 P_MAE=3.2186 kPa y_iso_MAE=0.013446 T_MAE=3.4356 K y_isob_MAE=0.033529 improved=no epoch_time=10.0s total_time=361.5s
[seed 0] [stage 2/3: joint VLE] [epoch 21/80] train_total=0.012233 val_score=0.821231 best=0.756085 P_MAE=3.1179 kPa y_iso_MAE=0.011906 T_MAE=3.8996 K y_isob_MAE=0.035818 improved=no epoch_time=10.1s total_time=371.5s
[seed 0] [stage 2/3: joint VLE] [epoch 22/80] train_total=0.011482 val_score=0.737439 best=0.737439 P_MAE=2.5132 kPa y_iso_MAE=0.013351 T_MAE=3.4520 K y_isob_MAE=0.031281 improved=yes epoch_time=9.2s total_time=380.7s
[seed 0] [stage 2/3: joint VLE] [epoch 23/80] train_total=0.011569 val_score=0.743852 best=0.737439 P_MAE=2.7082 kPa y_iso_MAE=0.011075 T_MAE=3.4802 K y_isob_MAE=0.034019 improved=no epoch_time=9.2s total_time=389.9s
[seed 0] [stage 2/3: joint VLE] [epoch 24/80] train_total=0.010345 val_score=0.810165 best=0.737439 P_MAE=3.2314 kPa y_iso_MAE=0.012220 T_MAE=3.6114 K y_isob_MAE=0.034610 improved=no epoch_time=9.4s total_time=399.3s
[seed 0] [stage 2/3: joint VLE] [epoch 25/80] train_total=0.010617 val_score=0.721980 best=0.721980 P_MAE=2.7938 kPa y_iso_MAE=0.010029 T_MAE=3.5490 K y_isob_MAE=0.030393 improved=yes epoch_time=9.8s total_time=409.1s
[seed 0] [stage 2/3: joint VLE] [epoch 26/80] train_total=0.011147 val_score=0.739873 best=0.721980 P_MAE=2.4866 kPa y_iso_MAE=0.011716 T_MAE=3.5839 K y_isob_MAE=0.034061 improved=no epoch_time=9.6s total_time=418.7s
[seed 0] [stage 2/3: joint VLE] [epoch 27/80] train_total=0.010615 val_score=0.765874 best=0.721980 P_MAE=2.7224 kPa y_iso_MAE=0.010318 T_MAE=3.6710 K y_isob_MAE=0.037267 improved=no epoch_time=9.5s total_time=428.2s
[seed 0] [stage 2/3: joint VLE] [epoch 28/80] train_total=0.010281 val_score=0.722870 best=0.721980 P_MAE=2.7289 kPa y_iso_MAE=0.009628 T_MAE=3.5563 K y_isob_MAE=0.032207 improved=no epoch_time=9.9s total_time=438.1s
[seed 0] [stage 2/3: joint VLE] [epoch 29/80] train_total=0.010523 val_score=0.713322 best=0.713322 P_MAE=3.0169 kPa y_iso_MAE=0.009577 T_MAE=3.0914 K y_isob_MAE=0.031381 improved=yes epoch_time=9.8s total_time=447.8s
[seed 0] [stage 2/3: joint VLE] [epoch 30/80] train_total=0.010584 val_score=0.791487 best=0.713322 P_MAE=3.0770 kPa y_iso_MAE=0.011604 T_MAE=3.5818 K y_isob_MAE=0.035066 improved=no epoch_time=9.7s total_time=457.6s
[seed 0] [stage 2/3: joint VLE] [epoch 31/80] train_total=0.012179 val_score=0.740033 best=0.713322 P_MAE=2.7820 kPa y_iso_MAE=0.010643 T_MAE=3.4052 K y_isob_MAE=0.033966 improved=no epoch_time=10.2s total_time=467.7s
[seed 0] [stage 2/3: joint VLE] [epoch 32/80] train_total=0.009229 val_score=0.743397 best=0.713322 P_MAE=2.8312 kPa y_iso_MAE=0.009365 T_MAE=3.5740 K y_isob_MAE=0.034730 improved=no epoch_time=9.7s total_time=477.5s
[seed 0] [stage 2/3: joint VLE] [epoch 33/80] train_total=0.011043 val_score=0.757260 best=0.713322 P_MAE=2.8897 kPa y_iso_MAE=0.010147 T_MAE=3.5002 K y_isob_MAE=0.035508 improved=no epoch_time=9.8s total_time=487.2s
[seed 0] [stage 2/3: joint VLE] [epoch 34/80] train_total=0.010930 val_score=0.754237 best=0.713322 P_MAE=2.7874 kPa y_iso_MAE=0.009876 T_MAE=3.5269 K y_isob_MAE=0.036696 improved=no epoch_time=9.7s total_time=497.0s
[seed 0] [stage 2/3: joint VLE] [epoch 35/80] train_total=0.009933 val_score=0.789169 best=0.713322 P_MAE=3.3122 kPa y_iso_MAE=0.010658 T_MAE=3.6202 K y_isob_MAE=0.032880 improved=no epoch_time=9.7s total_time=506.7s
[seed 0] [stage 2/3: joint VLE] [epoch 36/80] train_total=0.010083 val_score=0.749312 best=0.713322 P_MAE=2.9782 kPa y_iso_MAE=0.010282 T_MAE=3.4621 K y_isob_MAE=0.032981 improved=no epoch_time=9.8s total_time=516.5s
[seed 0] [stage 2/3: joint VLE] [epoch 37/80] train_total=0.009481 val_score=0.737055 best=0.713322 P_MAE=2.9415 kPa y_iso_MAE=0.010253 T_MAE=3.3008 K y_isob_MAE=0.033070 improved=no epoch_time=9.8s total_time=526.3s
[seed 0] [stage 2/3: joint VLE] [epoch 38/80] train_total=0.009133 val_score=0.743806 best=0.713322 P_MAE=3.2130 kPa y_iso_MAE=0.008724 T_MAE=3.4729 K y_isob_MAE=0.031774 improved=no epoch_time=9.7s total_time=536.0s
[seed 0] [stage 2/3: joint VLE] [epoch 39/80] train_total=0.009494 val_score=0.768731 best=0.713322 P_MAE=3.3245 kPa y_iso_MAE=0.009452 T_MAE=3.4251 K y_isob_MAE=0.033592 improved=no epoch_time=9.8s total_time=545.9s
[seed 0] [stage 2/3: joint VLE] [epoch 40/80] train_total=0.010906 val_score=0.788354 best=0.713322 P_MAE=3.4782 kPa y_iso_MAE=0.011362 T_MAE=3.3933 K y_isob_MAE=0.031303 improved=no epoch_time=9.9s total_time=555.7s
[seed 0] [stage 2/3: joint VLE] [epoch 41/80] train_total=0.009772 val_score=0.759450 best=0.713322 P_MAE=3.2137 kPa y_iso_MAE=0.009049 T_MAE=3.3261 K y_isob_MAE=0.035368 improved=no epoch_time=9.9s total_time=565.7s
{"direct_ge_parameter_summary": {"stage1_trainable_parameters": 1977601, "stage2_trainable_parameters": 2015043, "stage3": {"groups": [{"learning_rate": 2e-05, "name": "pair_potential", "parameter_count": 110977, "parameter_names": ["pair_potential.0.weight", "pair_potential.0.bias", "pair_potential.2.weight", "pair_potential.2.bias"]}, {"learning_rate": 1e-05, "name": "vapor_pressure", "parameter_count": 37442, "parameter_names": ["vapor_pressure.parameter_head.0.weight", "vapor_pressure.parameter_head.0.bias", "vapor_pressure.parameter_head.2.weight", "vapor_pressure.parameter_head.2.bias"]}, {"learning_rate": 5e-06, "name": "film", "parameter_count": 111744, "parameter_names": ["film.0.weight", "film.0.bias", "film.2.weight", "film.2.bias"]}, {"learning_rate": 5e-06, "name": "mixture_token", "parameter_count": 192, "parameter_names": ["mixture_token"]}], "total_parameters": 2015043, "trainable_fraction": 0.1292056794817778, "trainable_parameters": 260355}, "total_parameters": 2015043, "trainable_fraction": 0.1292056794817778, "trainable_parameters": 260355}}
[seed 0] [stage 3/3: fugacity] starting 10 epoch(s)
[seed 0] [stage 3/3: fugacity] [epoch 1/10] train_total=0.008602 val_score=0.695828 best=0.695828 P_MAE=2.7762 kPa y_iso_MAE=0.009336 T_MAE=3.1394 K y_isob_MAE=0.031693 improved=yes epoch_time=9.4s total_time=575.1s
[seed 0] [stage 3/3: fugacity] [epoch 2/10] train_total=0.008299 val_score=0.688335 best=0.688335 P_MAE=2.6630 kPa y_iso_MAE=0.009400 T_MAE=3.1560 K y_isob_MAE=0.031668 improved=yes epoch_time=9.7s total_time=584.8s
[seed 0] [stage 3/3: fugacity] [epoch 3/10] train_total=0.008035 val_score=0.687907 best=0.687907 P_MAE=2.6368 kPa y_iso_MAE=0.009335 T_MAE=3.1748 K y_isob_MAE=0.031900 improved=yes epoch_time=9.3s total_time=594.0s
[seed 0] [stage 3/3: fugacity] [epoch 4/10] train_total=0.007953 val_score=0.693459 best=0.687907 P_MAE=2.6848 kPa y_iso_MAE=0.009355 T_MAE=3.1758 K y_isob_MAE=0.032149 improved=no epoch_time=9.1s total_time=603.2s
[seed 0] [stage 3/3: fugacity] [epoch 5/10] train_total=0.007931 val_score=0.698357 best=0.687907 P_MAE=2.6930 kPa y_iso_MAE=0.009450 T_MAE=3.2090 K y_isob_MAE=0.032358 improved=no epoch_time=9.0s total_time=612.2s
[seed 0] [stage 3/3: fugacity] [epoch 6/10] train_total=0.007804 val_score=0.696151 best=0.687907 P_MAE=2.6838 kPa y_iso_MAE=0.009221 T_MAE=3.2359 K y_isob_MAE=0.032288 improved=no epoch_time=9.1s total_time=621.3s
[seed 0] [stage 3/3: fugacity] [epoch 7/10] train_total=0.008059 val_score=0.706089 best=0.687907 P_MAE=2.7230 kPa y_iso_MAE=0.009493 T_MAE=3.2671 K y_isob_MAE=0.032606 improved=no epoch_time=9.3s total_time=630.7s
[seed 0] [stage 3/3: fugacity] [epoch 8/10] train_total=0.007472 val_score=0.697986 best=0.687907 P_MAE=2.6852 kPa y_iso_MAE=0.009130 T_MAE=3.2528 K y_isob_MAE=0.032603 improved=no epoch_time=9.1s total_time=639.8s
[seed 0] [stage 3/3: fugacity] [epoch 9/10] train_total=0.007740 val_score=0.701431 best=0.687907 P_MAE=2.6735 kPa y_iso_MAE=0.009253 T_MAE=3.2883 K y_isob_MAE=0.032756 improved=no epoch_time=9.5s total_time=649.3s
[seed 0] [stage 3/3: fugacity] [epoch 10/10] train_total=0.007792 val_score=0.702704 best=0.687907 P_MAE=2.6812 kPa y_iso_MAE=0.009193 T_MAE=3.3017 K y_isob_MAE=0.032854 improved=no epoch_time=9.7s total_time=659.0s
{"protocol": "vle_binary_unseen_component", "seed": 0, "manifest": "D:\\VLE\\VLE\\thermoformer_project\\runs\\phase_equilibrium\\v1\\vle\\three\\results\\thermoformer_vle_three_stage.on.vle_binary_unseen_component\\seed_0\\manifest.json"}
[stage experimental] starting 80 epoch(s)
[stage experimental] [epoch 1/80] train_total=0.359900 val_total=0.111235 best=0.111235 improved=yes epoch_time=1.6s total_time=1.6s
[stage experimental] [epoch 2/80] train_total=0.055972 val_total=0.130107 best=0.111235 improved=no epoch_time=1.6s total_time=3.2s
[stage experimental] [epoch 3/80] train_total=0.044203 val_total=0.123674 best=0.111235 improved=no epoch_time=1.5s total_time=4.8s
[stage experimental] [epoch 4/80] train_total=0.040433 val_total=0.078459 best=0.078459 improved=yes epoch_time=1.6s total_time=6.4s
[stage experimental] [epoch 5/80] train_total=0.039078 val_total=0.122508 best=0.078459 improved=no epoch_time=1.7s total_time=8.1s
[stage experimental] [epoch 6/80] train_total=0.033705 val_total=0.107469 best=0.078459 improved=no epoch_time=1.7s total_time=9.9s
[stage experimental] [epoch 7/80] train_total=0.031950 val_total=0.086504 best=0.078459 improved=no epoch_time=1.7s total_time=11.6s
[stage experimental] [epoch 8/80] train_total=0.029972 val_total=0.086472 best=0.078459 improved=no epoch_time=1.6s total_time=13.2s
[stage experimental] [epoch 9/80] train_total=0.028688 val_total=0.092642 best=0.078459 improved=no epoch_time=1.7s total_time=14.9s
[stage experimental] [epoch 10/80] train_total=0.027279 val_total=0.078601 best=0.078459 improved=no epoch_time=1.7s total_time=16.6s
[stage experimental] [epoch 11/80] train_total=0.026923 val_total=0.075617 best=0.075617 improved=yes epoch_time=1.6s total_time=18.2s
[stage experimental] [epoch 12/80] train_total=0.029513 val_total=0.084039 best=0.075617 improved=no epoch_time=1.6s total_time=19.8s
[stage experimental] [epoch 13/80] train_total=0.028039 val_total=0.074395 best=0.074395 improved=yes epoch_time=1.8s total_time=21.6s
[stage experimental] [epoch 14/80] train_total=0.025015 val_total=0.074773 best=0.074395 improved=no epoch_time=1.7s total_time=23.3s
[stage experimental] [epoch 15/80] train_total=0.024312 val_total=0.078443 best=0.074395 improved=no epoch_time=1.7s total_time=25.0s
[stage experimental] [epoch 16/80] train_total=0.024270 val_total=0.077172 best=0.074395 improved=no epoch_time=1.7s total_time=26.7s
[stage experimental] [epoch 17/80] train_total=0.023450 val_total=0.071097 best=0.071097 improved=yes epoch_time=1.7s total_time=28.4s
[stage experimental] [epoch 18/80] train_total=0.022252 val_total=0.073058 best=0.071097 improved=no epoch_time=1.7s total_time=30.0s
[stage experimental] [epoch 19/80] train_total=0.024347 val_total=0.080210 best=0.071097 improved=no epoch_time=1.5s total_time=31.6s
[stage experimental] [epoch 20/80] train_total=0.023516 val_total=0.073783 best=0.071097 improved=no epoch_time=1.6s total_time=33.2s
[stage experimental] [epoch 21/80] train_total=0.020106 val_total=0.075158 best=0.071097 improved=no epoch_time=1.7s total_time=34.9s
[stage experimental] [epoch 22/80] train_total=0.018853 val_total=0.074828 best=0.071097 improved=no epoch_time=1.7s total_time=36.6s
[stage experimental] [epoch 23/80] train_total=0.019257 val_total=0.063421 best=0.063421 improved=yes epoch_time=1.7s total_time=38.3s
[stage experimental] [epoch 24/80] train_total=0.016996 val_total=0.061975 best=0.061975 improved=yes epoch_time=1.6s total_time=39.9s
[stage experimental] [epoch 25/80] train_total=0.017025 val_total=0.063365 best=0.061975 improved=no epoch_time=1.7s total_time=41.6s
[stage experimental] [epoch 26/80] train_total=0.016978 val_total=0.063680 best=0.061975 improved=no epoch_time=1.6s total_time=43.2s
[stage experimental] [epoch 27/80] train_total=0.018431 val_total=0.075669 best=0.061975 improved=no epoch_time=1.6s total_time=44.8s
[stage experimental] [epoch 28/80] train_total=0.018299 val_total=0.067466 best=0.061975 improved=no epoch_time=1.6s total_time=46.4s
[stage experimental] [epoch 29/80] train_total=0.014692 val_total=0.056069 best=0.056069 improved=yes epoch_time=1.7s total_time=48.0s
[stage experimental] [epoch 30/80] train_total=0.013509 val_total=0.058764 best=0.056069 improved=no epoch_time=1.7s total_time=49.7s
[stage experimental] [epoch 31/80] train_total=0.013176 val_total=0.054710 best=0.054710 improved=yes epoch_time=1.8s total_time=51.5s
[stage experimental] [epoch 32/80] train_total=0.013787 val_total=0.059800 best=0.054710 improved=no epoch_time=1.6s total_time=53.1s
[stage experimental] [epoch 33/80] train_total=0.012555 val_total=0.062281 best=0.054710 improved=no epoch_time=1.6s total_time=54.7s
[stage experimental] [epoch 34/80] train_total=0.012057 val_total=0.054489 best=0.054489 improved=yes epoch_time=1.6s total_time=56.2s
[stage experimental] [epoch 35/80] train_total=0.010807 val_total=0.059680 best=0.054489 improved=no epoch_time=1.5s total_time=57.8s
[stage experimental] [epoch 36/80] train_total=0.010553 val_total=0.054159 best=0.054159 improved=yes epoch_time=1.6s total_time=59.3s
[stage experimental] [epoch 37/80] train_total=0.009538 val_total=0.055752 best=0.054159 improved=no epoch_time=1.7s total_time=61.0s
[stage experimental] [epoch 38/80] train_total=0.009623 val_total=0.052605 best=0.052605 improved=yes epoch_time=1.7s total_time=62.7s
[stage experimental] [epoch 39/80] train_total=0.009754 val_total=0.053537 best=0.052605 improved=no epoch_time=1.6s total_time=64.3s
[stage experimental] [epoch 40/80] train_total=0.010054 val_total=0.051434 best=0.051434 improved=yes epoch_time=1.6s total_time=65.9s
[stage experimental] [epoch 41/80] train_total=0.008131 val_total=0.045290 best=0.045290 improved=yes epoch_time=1.8s total_time=67.6s
[stage experimental] [epoch 42/80] train_total=0.008224 val_total=0.048604 best=0.045290 improved=no epoch_time=1.5s total_time=69.2s
[stage experimental] [epoch 43/80] train_total=0.009828 val_total=0.054547 best=0.045290 improved=no epoch_time=1.6s total_time=70.8s
[stage experimental] [epoch 44/80] train_total=0.007384 val_total=0.048401 best=0.045290 improved=no epoch_time=1.7s total_time=72.4s
[stage experimental] [epoch 45/80] train_total=0.007202 val_total=0.047215 best=0.045290 improved=no epoch_time=1.6s total_time=74.1s
[stage experimental] [epoch 46/80] train_total=0.007855 val_total=0.050207 best=0.045290 improved=no epoch_time=1.9s total_time=75.9s
[stage experimental] [epoch 47/80] train_total=0.006789 val_total=0.048823 best=0.045290 improved=no epoch_time=1.7s total_time=77.6s
[stage experimental] [epoch 48/80] train_total=0.006175 val_total=0.046972 best=0.045290 improved=no epoch_time=1.6s total_time=79.2s
[stage experimental] [epoch 49/80] train_total=0.006336 val_total=0.046332 best=0.045290 improved=no epoch_time=1.6s total_time=80.9s
[stage experimental] [epoch 50/80] train_total=0.006063 val_total=0.049905 best=0.045290 improved=no epoch_time=1.5s total_time=82.4s
[stage experimental] [epoch 51/80] train_total=0.009377 val_total=0.044318 best=0.044318 improved=yes epoch_time=1.5s total_time=83.9s
[stage experimental] [epoch 52/80] train_total=0.006437 val_total=0.045353 best=0.044318 improved=no epoch_time=1.6s total_time=85.5s
[stage experimental] [epoch 53/80] train_total=0.005948 val_total=0.043937 best=0.043937 improved=yes epoch_time=1.6s total_time=87.1s
[stage experimental] [epoch 54/80] train_total=0.006333 val_total=0.043555 best=0.043555 improved=yes epoch_time=1.6s total_time=88.6s
[stage experimental] [epoch 55/80] train_total=0.006206 val_total=0.042336 best=0.042336 improved=yes epoch_time=1.6s total_time=90.3s
[stage experimental] [epoch 56/80] train_total=0.005848 val_total=0.044446 best=0.042336 improved=no epoch_time=1.5s total_time=91.8s
[stage experimental] [epoch 57/80] train_total=0.006815 val_total=0.044834 best=0.042336 improved=no epoch_time=1.5s total_time=93.3s
[stage experimental] [epoch 58/80] train_total=0.006808 val_total=0.043601 best=0.042336 improved=no epoch_time=1.6s total_time=94.9s
[stage experimental] [epoch 59/80] train_total=0.005921 val_total=0.046558 best=0.042336 improved=no epoch_time=1.7s total_time=96.6s
[stage experimental] [epoch 60/80] train_total=0.006007 val_total=0.042318 best=0.042318 improved=yes epoch_time=1.7s total_time=98.3s
[stage experimental] [epoch 61/80] train_total=0.005233 val_total=0.044488 best=0.042318 improved=no epoch_time=1.6s total_time=99.9s
[stage experimental] [epoch 62/80] train_total=0.006395 val_total=0.050330 best=0.042318 improved=no epoch_time=1.6s total_time=101.5s
[stage experimental] [epoch 63/80] train_total=0.007695 val_total=0.043552 best=0.042318 improved=no epoch_time=1.6s total_time=103.1s
[stage experimental] [epoch 64/80] train_total=0.006115 val_total=0.045038 best=0.042318 improved=no epoch_time=1.5s total_time=104.6s
[stage experimental] [epoch 65/80] train_total=0.005855 val_total=0.045032 best=0.042318 improved=no epoch_time=1.5s total_time=106.1s
[stage experimental] [epoch 66/80] train_total=0.005777 val_total=0.041420 best=0.041420 improved=yes epoch_time=1.6s total_time=107.7s
[stage experimental] [epoch 67/80] train_total=0.007511 val_total=0.046977 best=0.041420 improved=no epoch_time=1.7s total_time=109.3s
[stage experimental] [epoch 68/80] train_total=0.006843 val_total=0.043436 best=0.041420 improved=no epoch_time=1.7s total_time=111.1s
[stage experimental] [epoch 69/80] train_total=0.005680 val_total=0.043902 best=0.041420 improved=no epoch_time=1.6s total_time=112.7s
[stage experimental] [epoch 70/80] train_total=0.005747 val_total=0.044261 best=0.041420 improved=no epoch_time=1.6s total_time=114.3s
[stage experimental] [epoch 71/80] train_total=0.005299 val_total=0.043875 best=0.041420 improved=no epoch_time=1.6s total_time=115.9s
[stage experimental] [epoch 72/80] train_total=0.005944 val_total=0.047126 best=0.041420 improved=no epoch_time=1.6s total_time=117.4s
[stage experimental] [epoch 73/80] train_total=0.005668 val_total=0.043943 best=0.041420 improved=no epoch_time=1.5s total_time=119.0s
[stage experimental] [epoch 74/80] train_total=0.005249 val_total=0.046995 best=0.041420 improved=no epoch_time=1.6s total_time=120.5s
[stage experimental] [epoch 75/80] train_total=0.005834 val_total=0.043012 best=0.041420 improved=no epoch_time=1.7s total_time=122.3s
[stage experimental] [epoch 76/80] train_total=0.005021 val_total=0.043462 best=0.041420 improved=no epoch_time=1.7s total_time=123.9s
[stage experimental] [epoch 77/80] train_total=0.004819 val_total=0.045070 best=0.041420 improved=no epoch_time=1.7s total_time=125.6s
[stage experimental] [epoch 78/80] train_total=0.004778 val_total=0.040328 best=0.040328 improved=yes epoch_time=1.7s total_time=127.3s
[stage experimental] [epoch 79/80] train_total=0.006094 val_total=0.043486 best=0.040328 improved=no epoch_time=1.6s total_time=128.9s
[stage experimental] [epoch 80/80] train_total=0.005967 val_total=0.043557 best=0.040328 improved=no epoch_time=1.5s total_time=130.4s
[seed 1] [stage 1/3: direct GE] starting 20 epoch(s)
[seed 1] [stage 1/3: direct GE] [epoch 1/20] train_total=0.004101 val_score=1.045993 best=1.045993 P_MAE=2.3390 kPa y_iso_MAE=0.014754 T_MAE=4.4686 K y_isob_MAE=0.042287 improved=yes epoch_time=7.7s total_time=13.5s
[seed 1] [stage 1/3: direct GE] [epoch 2/20] train_total=0.003586 val_score=1.076549 best=1.045993 P_MAE=2.2325 kPa y_iso_MAE=0.014542 T_MAE=4.9238 K y_isob_MAE=0.045390 improved=no epoch_time=7.5s total_time=20.9s
[seed 1] [stage 1/3: direct GE] [epoch 3/20] train_total=0.003446 val_score=0.945484 best=0.945484 P_MAE=1.9084 kPa y_iso_MAE=0.013115 T_MAE=4.1912 K y_isob_MAE=0.041282 improved=yes epoch_time=7.3s total_time=28.3s
[seed 1] [stage 1/3: direct GE] [epoch 4/20] train_total=0.003348 val_score=1.000318 best=0.945484 P_MAE=1.9430 kPa y_iso_MAE=0.016243 T_MAE=4.3069 K y_isob_MAE=0.040617 improved=no epoch_time=8.4s total_time=36.6s
[seed 1] [stage 1/3: direct GE] [epoch 5/20] train_total=0.003249 val_score=0.886296 best=0.886296 P_MAE=1.8270 kPa y_iso_MAE=0.011485 T_MAE=4.0230 K y_isob_MAE=0.039039 improved=yes epoch_time=7.7s total_time=44.3s
[seed 1] [stage 1/3: direct GE] [epoch 6/20] train_total=0.003086 val_score=0.971631 best=0.886296 P_MAE=2.0259 kPa y_iso_MAE=0.015005 T_MAE=4.1187 K y_isob_MAE=0.039261 improved=no epoch_time=7.9s total_time=52.2s
[seed 1] [stage 1/3: direct GE] [epoch 7/20] train_total=0.003323 val_score=0.925865 best=0.886296 P_MAE=1.7416 kPa y_iso_MAE=0.012597 T_MAE=4.3656 K y_isob_MAE=0.041013 improved=no epoch_time=7.5s total_time=59.7s
[seed 1] [stage 1/3: direct GE] [epoch 8/20] train_total=0.003225 val_score=0.967725 best=0.886296 P_MAE=1.7455 kPa y_iso_MAE=0.015989 T_MAE=4.2556 K y_isob_MAE=0.040370 improved=no epoch_time=7.7s total_time=67.4s
[seed 1] [stage 1/3: direct GE] [epoch 9/20] train_total=0.003152 val_score=0.969121 best=0.886296 P_MAE=1.8761 kPa y_iso_MAE=0.016492 T_MAE=4.1089 K y_isob_MAE=0.038245 improved=no epoch_time=7.3s total_time=74.7s
[seed 1] [stage 1/3: direct GE] [epoch 10/20] train_total=0.003131 val_score=1.021388 best=0.886296 P_MAE=1.6627 kPa y_iso_MAE=0.016953 T_MAE=4.7000 K y_isob_MAE=0.043916 improved=no epoch_time=7.6s total_time=82.3s
[seed 1] [stage 1/3: direct GE] [epoch 11/20] train_total=0.002983 val_score=0.976305 best=0.886296 P_MAE=2.1941 kPa y_iso_MAE=0.012741 T_MAE=4.3723 K y_isob_MAE=0.039862 improved=no epoch_time=7.8s total_time=90.1s
[seed 1] [stage 1/3: direct GE] [epoch 12/20] train_total=0.003089 val_score=0.945282 best=0.886296 P_MAE=1.9948 kPa y_iso_MAE=0.013166 T_MAE=4.1260 K y_isob_MAE=0.040080 improved=no epoch_time=7.7s total_time=97.8s
[seed 1] [stage 1/3: direct GE] [epoch 13/20] train_total=0.002973 val_score=1.054321 best=0.886296 P_MAE=2.3225 kPa y_iso_MAE=0.015526 T_MAE=4.3909 K y_isob_MAE=0.042776 improved=no epoch_time=7.4s total_time=105.2s
[seed 1] [stage 1/3: direct GE] [epoch 14/20] train_total=0.003013 val_score=0.913384 best=0.886296 P_MAE=1.9613 kPa y_iso_MAE=0.011106 T_MAE=4.1998 K y_isob_MAE=0.039985 improved=no epoch_time=7.7s total_time=112.8s
[seed 1] [stage 1/3: direct GE] [epoch 15/20] train_total=0.002953 val_score=1.021815 best=0.886296 P_MAE=2.1291 kPa y_iso_MAE=0.016166 T_MAE=4.2029 K y_isob_MAE=0.041587 improved=no epoch_time=7.7s total_time=120.5s
[seed 1] [stage 1/3: direct GE] [epoch 16/20] train_total=0.002888 val_score=1.063968 best=0.886296 P_MAE=2.3752 kPa y_iso_MAE=0.017726 T_MAE=4.2367 K y_isob_MAE=0.039421 improved=no epoch_time=7.2s total_time=127.7s
[seed 1] [stage 1/3: direct GE] [epoch 17/20] train_total=0.002859 val_score=0.997754 best=0.886296 P_MAE=2.0936 kPa y_iso_MAE=0.014478 T_MAE=4.3549 K y_isob_MAE=0.041135 improved=no epoch_time=7.4s total_time=135.1s
[seed 1] [stage 1/3: direct GE] [epoch 18/20] train_total=0.002878 val_score=1.021210 best=0.886296 P_MAE=1.9154 kPa y_iso_MAE=0.015730 T_MAE=4.5139 K y_isob_MAE=0.043732 improved=no epoch_time=6.9s total_time=142.0s
[seed 1] [stage 1/3: direct GE] [epoch 19/20] train_total=0.002897 val_score=0.941770 best=0.886296 P_MAE=1.9773 kPa y_iso_MAE=0.012233 T_MAE=4.3056 K y_isob_MAE=0.040436 improved=no epoch_time=7.8s total_time=149.8s
[seed 1] [stage 1/3: direct GE] [epoch 20/20] train_total=0.002884 val_score=1.077630 best=0.886296 P_MAE=2.1325 kPa y_iso_MAE=0.018130 T_MAE=4.6036 K y_isob_MAE=0.041817 improved=no epoch_time=7.8s total_time=157.7s
[seed 1] [stage 2/3: joint VLE] starting 80 epoch(s)
[seed 1] [stage 2/3: joint VLE] [epoch 1/80] train_total=0.010637 val_score=0.879960 best=0.879960 P_MAE=1.5341 kPa y_iso_MAE=0.012656 T_MAE=4.1396 K y_isob_MAE=0.039745 improved=yes epoch_time=9.2s total_time=166.9s
[seed 1] [stage 2/3: joint VLE] [epoch 2/80] train_total=0.009057 val_score=0.890275 best=0.879960 P_MAE=1.5255 kPa y_iso_MAE=0.012671 T_MAE=4.3008 K y_isob_MAE=0.039988 improved=no epoch_time=8.2s total_time=175.0s
[seed 1] [stage 2/3: joint VLE] [epoch 3/80] train_total=0.009612 val_score=1.075536 best=0.879960 P_MAE=2.5266 kPa y_iso_MAE=0.016726 T_MAE=4.3100 K y_isob_MAE=0.040064 improved=no epoch_time=8.7s total_time=183.7s
[seed 1] [stage 2/3: joint VLE] [epoch 4/80] train_total=0.009421 val_score=1.098543 best=0.879960 P_MAE=2.6558 kPa y_iso_MAE=0.015295 T_MAE=4.4448 K y_isob_MAE=0.043395 improved=no epoch_time=8.6s total_time=192.3s
[seed 1] [stage 2/3: joint VLE] [epoch 5/80] train_total=0.010032 val_score=0.903616 best=0.879960 P_MAE=1.9310 kPa y_iso_MAE=0.011450 T_MAE=4.0547 K y_isob_MAE=0.039558 improved=no epoch_time=9.1s total_time=201.4s
[seed 1] [stage 2/3: joint VLE] [epoch 6/80] train_total=0.008718 val_score=0.882515 best=0.879960 P_MAE=1.9538 kPa y_iso_MAE=0.010261 T_MAE=4.0364 K y_isob_MAE=0.038839 improved=no epoch_time=9.1s total_time=210.6s
[seed 1] [stage 2/3: joint VLE] [epoch 7/80] train_total=0.010821 val_score=0.948533 best=0.879960 P_MAE=1.8479 kPa y_iso_MAE=0.013440 T_MAE=4.3308 K y_isob_MAE=0.040834 improved=no epoch_time=8.6s total_time=219.1s
[seed 1] [stage 2/3: joint VLE] [epoch 8/80] train_total=0.009602 val_score=1.075654 best=0.879960 P_MAE=2.8874 kPa y_iso_MAE=0.014321 T_MAE=4.2849 K y_isob_MAE=0.039201 improved=no epoch_time=8.6s total_time=227.7s
[seed 1] [stage 2/3: joint VLE] [epoch 9/80] train_total=0.009032 val_score=1.067188 best=0.879960 P_MAE=2.4749 kPa y_iso_MAE=0.015267 T_MAE=4.5376 K y_isob_MAE=0.041135 improved=no epoch_time=8.7s total_time=236.5s
[seed 1] [stage 2/3: joint VLE] [epoch 10/80] train_total=0.008118 val_score=1.001055 best=0.879960 P_MAE=2.5950 kPa y_iso_MAE=0.012346 T_MAE=4.0844 K y_isob_MAE=0.039711 improved=no epoch_time=8.7s total_time=245.1s
[seed 1] [stage 2/3: joint VLE] [epoch 11/80] train_total=0.007930 val_score=1.047929 best=0.879960 P_MAE=2.9088 kPa y_iso_MAE=0.011018 T_MAE=4.4336 K y_isob_MAE=0.041007 improved=no epoch_time=8.7s total_time=253.8s
[seed 1] [stage 2/3: joint VLE] [epoch 12/80] train_total=0.009252 val_score=1.021544 best=0.879960 P_MAE=2.1117 kPa y_iso_MAE=0.014060 T_MAE=4.6361 K y_isob_MAE=0.042908 improved=no epoch_time=8.5s total_time=262.3s
[seed 1] [stage 2/3: joint VLE] [epoch 13/80] train_total=0.008289 val_score=1.022103 best=0.879960 P_MAE=2.4616 kPa y_iso_MAE=0.013130 T_MAE=4.3773 K y_isob_MAE=0.040948 improved=no epoch_time=8.7s total_time=271.0s
{"direct_ge_parameter_summary": {"stage1_trainable_parameters": 1977601, "stage2_trainable_parameters": 2015043, "stage3": {"groups": [{"learning_rate": 2e-05, "name": "pair_potential", "parameter_count": 110977, "parameter_names": ["pair_potential.0.weight", "pair_potential.0.bias", "pair_potential.2.weight", "pair_potential.2.bias"]}, {"learning_rate": 1e-05, "name": "vapor_pressure", "parameter_count": 37442, "parameter_names": ["vapor_pressure.parameter_head.0.weight", "vapor_pressure.parameter_head.0.bias", "vapor_pressure.parameter_head.2.weight", "vapor_pressure.parameter_head.2.bias"]}, {"learning_rate": 5e-06, "name": "film", "parameter_count": 111744, "parameter_names": ["film.0.weight", "film.0.bias", "film.2.weight", "film.2.bias"]}, {"learning_rate": 5e-06, "name": "mixture_token", "parameter_count": 192, "parameter_names": ["mixture_token"]}], "total_parameters": 2015043, "trainable_fraction": 0.1292056794817778, "trainable_parameters": 260355}, "total_parameters": 2015043, "trainable_fraction": 0.1292056794817778, "trainable_parameters": 260355}}
[seed 1] [stage 3/3: fugacity] starting 10 epoch(s)
[seed 1] [stage 3/3: fugacity] [epoch 1/10] train_total=0.008136 val_score=0.923138 best=0.923138 P_MAE=1.9297 kPa y_iso_MAE=0.012809 T_MAE=4.0452 K y_isob_MAE=0.039461 improved=yes epoch_time=8.1s total_time=279.1s
[seed 1] [stage 3/3: fugacity] [epoch 2/10] train_total=0.007466 val_score=0.921038 best=0.921038 P_MAE=1.9643 kPa y_iso_MAE=0.012663 T_MAE=4.0240 K y_isob_MAE=0.039019 improved=yes epoch_time=7.7s total_time=286.8s
[seed 1] [stage 3/3: fugacity] [epoch 3/10] train_total=0.007281 val_score=0.922830 best=0.921038 P_MAE=1.9518 kPa y_iso_MAE=0.012477 T_MAE=4.0889 K y_isob_MAE=0.039384 improved=no epoch_time=7.9s total_time=294.7s
[seed 1] [stage 3/3: fugacity] [epoch 4/10] train_total=0.007130 val_score=0.943854 best=0.921038 P_MAE=2.0615 kPa y_iso_MAE=0.012735 T_MAE=4.1396 K y_isob_MAE=0.039491 improved=no epoch_time=7.5s total_time=302.2s
[seed 1] [stage 3/3: fugacity] [epoch 5/10] train_total=0.007219 val_score=0.935837 best=0.921038 P_MAE=2.0725 kPa y_iso_MAE=0.012512 T_MAE=4.0844 K y_isob_MAE=0.039072 improved=no epoch_time=7.8s total_time=310.0s
[seed 1] [stage 3/3: fugacity] [epoch 6/10] train_total=0.007007 val_score=0.939443 best=0.921038 P_MAE=2.1088 kPa y_iso_MAE=0.012541 T_MAE=4.0782 K y_isob_MAE=0.038933 improved=no epoch_time=7.5s total_time=317.5s
[seed 1] [stage 3/3: fugacity] [epoch 7/10] train_total=0.006939 val_score=0.946515 best=0.921038 P_MAE=2.1660 kPa y_iso_MAE=0.012511 T_MAE=4.0871 K y_isob_MAE=0.038936 improved=no epoch_time=7.6s total_time=325.2s
[seed 1] [stage 3/3: fugacity] [epoch 8/10] train_total=0.007040 val_score=0.957966 best=0.921038 P_MAE=2.2197 kPa y_iso_MAE=0.012667 T_MAE=4.1247 K y_isob_MAE=0.038979 improved=no epoch_time=7.7s total_time=332.8s
[seed 1] [stage 3/3: fugacity] [epoch 9/10] train_total=0.006938 val_score=0.953312 best=0.921038 P_MAE=2.1986 kPa y_iso_MAE=0.012642 T_MAE=4.0960 K y_isob_MAE=0.038980 improved=no epoch_time=7.6s total_time=340.4s
[seed 1] [stage 3/3: fugacity] [epoch 10/10] train_total=0.006835 val_score=0.962765 best=0.921038 P_MAE=2.2415 kPa y_iso_MAE=0.012677 T_MAE=4.1399 K y_isob_MAE=0.039151 improved=no epoch_time=7.8s total_time=348.2s
{"protocol": "vle_binary_unseen_component", "seed": 1, "manifest": "D:\\VLE\\VLE\\thermoformer_project\\runs\\phase_equilibrium\\v1\\vle\\three\\results\\thermoformer_vle_three_stage.on.vle_binary_unseen_component\\seed_1\\manifest.json"}
[stage experimental] starting 80 epoch(s)
[stage experimental] [epoch 1/80] train_total=0.357178 val_total=0.108437 best=0.108437 improved=yes epoch_time=1.4s total_time=1.4s
[stage experimental] [epoch 2/80] train_total=0.050364 val_total=0.099284 best=0.099284 improved=yes epoch_time=1.4s total_time=2.9s
[stage experimental] [epoch 3/80] train_total=0.046392 val_total=0.071442 best=0.071442 improved=yes epoch_time=1.5s total_time=4.4s
[stage experimental] [epoch 4/80] train_total=0.036572 val_total=0.074851 best=0.071442 improved=no epoch_time=1.6s total_time=6.0s
[stage experimental] [epoch 5/80] train_total=0.035514 val_total=0.073314 best=0.071442 improved=no epoch_time=1.6s total_time=7.6s
[stage experimental] [epoch 6/80] train_total=0.031183 val_total=0.073811 best=0.071442 improved=no epoch_time=1.5s total_time=9.1s
[stage experimental] [epoch 7/80] train_total=0.030972 val_total=0.090531 best=0.071442 improved=no epoch_time=1.5s total_time=10.6s
[stage experimental] [epoch 8/80] train_total=0.033003 val_total=0.073317 best=0.071442 improved=no epoch_time=1.4s total_time=12.0s
[stage experimental] [epoch 9/80] train_total=0.030533 val_total=0.087865 best=0.071442 improved=no epoch_time=1.4s total_time=13.4s
[stage experimental] [epoch 10/80] train_total=0.030201 val_total=0.070912 best=0.070912 improved=yes epoch_time=1.4s total_time=14.8s
[stage experimental] [epoch 11/80] train_total=0.029036 val_total=0.105200 best=0.070912 improved=no epoch_time=1.5s total_time=16.3s
[stage experimental] [epoch 12/80] train_total=0.026351 val_total=0.069997 best=0.069997 improved=yes epoch_time=1.6s total_time=17.9s
[stage experimental] [epoch 13/80] train_total=0.025771 val_total=0.068435 best=0.068435 improved=yes epoch_time=1.6s total_time=19.5s
[stage experimental] [epoch 14/80] train_total=0.022420 val_total=0.087941 best=0.068435 improved=no epoch_time=1.6s total_time=21.0s
[stage experimental] [epoch 15/80] train_total=0.022947 val_total=0.070829 best=0.068435 improved=no epoch_time=1.5s total_time=22.6s
[stage experimental] [epoch 16/80] train_total=0.021529 val_total=0.074320 best=0.068435 improved=no epoch_time=1.5s total_time=24.0s
[stage experimental] [epoch 17/80] train_total=0.018299 val_total=0.069662 best=0.068435 improved=no epoch_time=1.4s total_time=25.5s
[stage experimental] [epoch 18/80] train_total=0.018359 val_total=0.076861 best=0.068435 improved=no epoch_time=1.4s total_time=26.9s
[stage experimental] [epoch 19/80] train_total=0.016086 val_total=0.067606 best=0.067606 improved=yes epoch_time=1.5s total_time=28.3s
[stage experimental] [epoch 20/80] train_total=0.016406 val_total=0.071735 best=0.067606 improved=no epoch_time=1.6s total_time=29.9s
[stage experimental] [epoch 21/80] train_total=0.014346 val_total=0.069702 best=0.067606 improved=no epoch_time=1.6s total_time=31.5s
[stage experimental] [epoch 22/80] train_total=0.014603 val_total=0.063859 best=0.063859 improved=yes epoch_time=1.6s total_time=33.1s
[stage experimental] [epoch 23/80] train_total=0.014043 val_total=0.066531 best=0.063859 improved=no epoch_time=1.5s total_time=34.6s
[stage experimental] [epoch 24/80] train_total=0.013482 val_total=0.067649 best=0.063859 improved=no epoch_time=1.5s total_time=36.1s
[stage experimental] [epoch 25/80] train_total=0.013331 val_total=0.067448 best=0.063859 improved=no epoch_time=1.4s total_time=37.5s
[stage experimental] [epoch 26/80] train_total=0.012199 val_total=0.057900 best=0.057900 improved=yes epoch_time=1.4s total_time=39.0s
[stage experimental] [epoch 27/80] train_total=0.009765 val_total=0.058223 best=0.057900 improved=no epoch_time=1.4s total_time=40.4s
[stage experimental] [epoch 28/80] train_total=0.010954 val_total=0.054870 best=0.054870 improved=yes epoch_time=1.5s total_time=41.9s
[stage experimental] [epoch 29/80] train_total=0.010108 val_total=0.056782 best=0.054870 improved=no epoch_time=1.6s total_time=43.5s
[stage experimental] [epoch 30/80] train_total=0.008711 val_total=0.059595 best=0.054870 improved=no epoch_time=1.6s total_time=45.1s
[stage experimental] [epoch 31/80] train_total=0.010624 val_total=0.055731 best=0.054870 improved=no epoch_time=1.5s total_time=46.6s
[stage experimental] [epoch 32/80] train_total=0.008191 val_total=0.052257 best=0.052257 improved=yes epoch_time=1.5s total_time=48.1s
[stage experimental] [epoch 33/80] train_total=0.009110 val_total=0.052444 best=0.052257 improved=no epoch_time=1.5s total_time=49.6s
[stage experimental] [epoch 34/80] train_total=0.007367 val_total=0.051010 best=0.051010 improved=yes epoch_time=1.4s total_time=51.0s
[stage experimental] [epoch 35/80] train_total=0.007082 val_total=0.054210 best=0.051010 improved=no epoch_time=1.4s total_time=52.4s
[stage experimental] [epoch 36/80] train_total=0.007776 val_total=0.055009 best=0.051010 improved=no epoch_time=1.5s total_time=53.9s
[stage experimental] [epoch 37/80] train_total=0.008027 val_total=0.051811 best=0.051010 improved=no epoch_time=1.6s total_time=55.5s
[stage experimental] [epoch 38/80] train_total=0.006949 val_total=0.057761 best=0.051010 improved=no epoch_time=1.6s total_time=57.1s
[stage experimental] [epoch 39/80] train_total=0.006421 val_total=0.053607 best=0.051010 improved=no epoch_time=1.6s total_time=58.6s
[stage experimental] [epoch 40/80] train_total=0.007193 val_total=0.056813 best=0.051010 improved=no epoch_time=1.5s total_time=60.1s
[stage experimental] [epoch 41/80] train_total=0.008315 val_total=0.054013 best=0.051010 improved=no epoch_time=1.5s total_time=61.6s
[stage experimental] [epoch 42/80] train_total=0.006327 val_total=0.054542 best=0.051010 improved=no epoch_time=1.4s total_time=63.0s
[stage experimental] [epoch 43/80] train_total=0.006820 val_total=0.054042 best=0.051010 improved=no epoch_time=1.4s total_time=64.4s
[stage experimental] [epoch 44/80] train_total=0.005950 val_total=0.052961 best=0.051010 improved=no epoch_time=1.4s total_time=65.8s
[stage experimental] [epoch 45/80] train_total=0.007621 val_total=0.052503 best=0.051010 improved=no epoch_time=1.6s total_time=67.4s
[stage experimental] [epoch 46/80] train_total=0.007341 val_total=0.053619 best=0.051010 improved=no epoch_time=1.6s total_time=69.0s
[stage experimental] early stopping at epoch 46; best_validation=0.051010
[seed 2] [stage 1/3: direct GE] starting 20 epoch(s)
[seed 2] [stage 1/3: direct GE] [epoch 1/20] train_total=0.005688 val_score=1.099497 best=1.099497 P_MAE=1.6199 kPa y_iso_MAE=0.012131 T_MAE=3.9158 K y_isob_MAE=0.038314 improved=yes epoch_time=5.7s total_time=9.8s
[seed 2] [stage 1/3: direct GE] [epoch 2/20] train_total=0.004148 val_score=0.935549 best=0.935549 P_MAE=1.0082 kPa y_iso_MAE=0.011690 T_MAE=3.4341 K y_isob_MAE=0.034304 improved=yes epoch_time=5.4s total_time=15.3s
[seed 2] [stage 1/3: direct GE] [epoch 3/20] train_total=0.003875 val_score=1.147570 best=0.935549 P_MAE=1.6703 kPa y_iso_MAE=0.015616 T_MAE=3.6393 K y_isob_MAE=0.033925 improved=no epoch_time=5.7s total_time=21.0s
[seed 2] [stage 1/3: direct GE] [epoch 4/20] train_total=0.003805 val_score=1.288702 best=0.935549 P_MAE=2.5309 kPa y_iso_MAE=0.016399 T_MAE=3.5511 K y_isob_MAE=0.033764 improved=no epoch_time=5.4s total_time=26.5s
[seed 2] [stage 1/3: direct GE] [epoch 5/20] train_total=0.003732 val_score=1.195090 best=0.935549 P_MAE=2.0823 kPa y_iso_MAE=0.014693 T_MAE=3.6241 K y_isob_MAE=0.035508 improved=no epoch_time=5.7s total_time=32.2s
[seed 2] [stage 1/3: direct GE] [epoch 6/20] train_total=0.003649 val_score=1.052744 best=0.935549 P_MAE=1.5468 kPa y_iso_MAE=0.012882 T_MAE=3.4811 K y_isob_MAE=0.034702 improved=no epoch_time=5.6s total_time=37.7s
[seed 2] [stage 1/3: direct GE] [epoch 7/20] train_total=0.003505 val_score=1.030733 best=0.935549 P_MAE=1.5175 kPa y_iso_MAE=0.010659 T_MAE=3.8490 K y_isob_MAE=0.036853 improved=no epoch_time=5.6s total_time=43.3s
[seed 2] [stage 1/3: direct GE] [epoch 8/20] train_total=0.003695 val_score=1.080107 best=0.935549 P_MAE=2.4050 kPa y_iso_MAE=0.010322 T_MAE=3.1636 K y_isob_MAE=0.033082 improved=no epoch_time=5.8s total_time=49.2s
[seed 2] [stage 1/3: direct GE] [epoch 9/20] train_total=0.003754 val_score=1.198971 best=0.935549 P_MAE=2.3402 kPa y_iso_MAE=0.012819 T_MAE=3.9184 K y_isob_MAE=0.034770 improved=no epoch_time=5.6s total_time=54.7s
[seed 2] [stage 1/3: direct GE] [epoch 10/20] train_total=0.003411 val_score=1.104618 best=0.935549 P_MAE=1.7617 kPa y_iso_MAE=0.012568 T_MAE=3.7358 K y_isob_MAE=0.036214 improved=no epoch_time=5.9s total_time=60.7s
[seed 2] [stage 1/3: direct GE] [epoch 11/20] train_total=0.003380 val_score=1.052807 best=0.935549 P_MAE=1.4983 kPa y_iso_MAE=0.011683 T_MAE=3.8906 K y_isob_MAE=0.036211 improved=no epoch_time=5.6s total_time=66.3s
[seed 2] [stage 1/3: direct GE] [epoch 12/20] train_total=0.003331 val_score=1.141848 best=0.935549 P_MAE=1.5718 kPa y_iso_MAE=0.013777 T_MAE=3.9764 K y_isob_MAE=0.038642 improved=no epoch_time=5.7s total_time=72.0s
[seed 2] [stage 1/3: direct GE] [epoch 13/20] train_total=0.003276 val_score=1.227603 best=0.935549 P_MAE=2.1309 kPa y_iso_MAE=0.014360 T_MAE=3.9052 K y_isob_MAE=0.037582 improved=no epoch_time=5.5s total_time=77.5s
[seed 2] [stage 1/3: direct GE] [epoch 14/20] train_total=0.003315 val_score=1.148837 best=0.935549 P_MAE=1.4192 kPa y_iso_MAE=0.014240 T_MAE=4.2071 K y_isob_MAE=0.038914 improved=no epoch_time=6.1s total_time=83.6s
[seed 2] [stage 1/3: direct GE] [epoch 15/20] train_total=0.003251 val_score=1.482650 best=0.935549 P_MAE=2.3495 kPa y_iso_MAE=0.021474 T_MAE=4.2237 K y_isob_MAE=0.039678 improved=no epoch_time=5.8s total_time=89.3s
[seed 2] [stage 1/3: direct GE] [epoch 16/20] train_total=0.003345 val_score=1.240064 best=0.935549 P_MAE=1.7952 kPa y_iso_MAE=0.015079 T_MAE=4.2709 K y_isob_MAE=0.040180 improved=no epoch_time=6.1s total_time=95.4s
[seed 2] [stage 1/3: direct GE] [epoch 17/20] train_total=0.003199 val_score=1.415621 best=0.935549 P_MAE=1.9740 kPa y_iso_MAE=0.020074 T_MAE=4.3825 K y_isob_MAE=0.041693 improved=no epoch_time=6.0s total_time=101.4s
[seed 2] [stage 1/3: direct GE] [epoch 18/20] train_total=0.003176 val_score=1.560864 best=0.935549 P_MAE=3.4439 kPa y_iso_MAE=0.017729 T_MAE=4.3392 K y_isob_MAE=0.040471 improved=no epoch_time=6.1s total_time=107.5s
[seed 2] [stage 1/3: direct GE] [epoch 19/20] train_total=0.003158 val_score=1.465959 best=0.935549 P_MAE=2.1248 kPa y_iso_MAE=0.021008 T_MAE=4.4561 K y_isob_MAE=0.041496 improved=no epoch_time=6.1s total_time=113.5s
[seed 2] [stage 1/3: direct GE] [epoch 20/20] train_total=0.003165 val_score=1.526829 best=0.935549 P_MAE=3.2091 kPa y_iso_MAE=0.016170 T_MAE=4.5761 K y_isob_MAE=0.044005 improved=no epoch_time=5.8s total_time=119.4s
[seed 2] [stage 2/3: joint VLE] starting 80 epoch(s)
[seed 2] [stage 2/3: joint VLE] [epoch 1/80] train_total=0.015921 val_score=1.248162 best=1.248162 P_MAE=2.0917 kPa y_iso_MAE=0.016789 T_MAE=3.6777 K y_isob_MAE=0.034583 improved=yes epoch_time=7.1s total_time=126.4s
[seed 2] [stage 2/3: joint VLE] [epoch 2/80] train_total=0.013974 val_score=1.131371 best=1.131371 P_MAE=1.7787 kPa y_iso_MAE=0.013018 T_MAE=4.1671 K y_isob_MAE=0.033912 improved=yes epoch_time=7.5s total_time=133.9s
[seed 2] [stage 2/3: joint VLE] [epoch 3/80] train_total=0.012184 val_score=0.943908 best=0.943908 P_MAE=1.2397 kPa y_iso_MAE=0.009800 T_MAE=3.8709 K y_isob_MAE=0.033450 improved=yes epoch_time=7.3s total_time=141.2s
[seed 2] [stage 2/3: joint VLE] [epoch 4/80] train_total=0.013058 val_score=0.918086 best=0.918086 P_MAE=1.5474 kPa y_iso_MAE=0.006475 T_MAE=3.8425 K y_isob_MAE=0.035838 improved=yes epoch_time=7.1s total_time=148.3s
[seed 2] [stage 2/3: joint VLE] [epoch 5/80] train_total=0.013256 val_score=1.222915 best=0.918086 P_MAE=2.3153 kPa y_iso_MAE=0.013295 T_MAE=4.0443 K y_isob_MAE=0.035697 improved=no epoch_time=6.8s total_time=155.1s
[seed 2] [stage 2/3: joint VLE] [epoch 6/80] train_total=0.012061 val_score=1.016024 best=0.918086 P_MAE=1.4461 kPa y_iso_MAE=0.010975 T_MAE=3.9793 K y_isob_MAE=0.033928 improved=no epoch_time=6.9s total_time=162.0s
[seed 2] [stage 2/3: joint VLE] [epoch 7/80] train_total=0.011522 val_score=1.147082 best=0.918086 P_MAE=1.6507 kPa y_iso_MAE=0.013198 T_MAE=4.1460 K y_isob_MAE=0.038254 improved=no epoch_time=7.0s total_time=169.1s
[seed 2] [stage 2/3: joint VLE] [epoch 8/80] train_total=0.012745 val_score=0.809490 best=0.809490 P_MAE=0.6900 kPa y_iso_MAE=0.006274 T_MAE=4.1380 K y_isob_MAE=0.036392 improved=yes epoch_time=6.8s total_time=175.9s
[seed 2] [stage 2/3: joint VLE] [epoch 9/80] train_total=0.010907 val_score=0.795630 best=0.795630 P_MAE=0.6979 kPa y_iso_MAE=0.007612 T_MAE=3.8561 K y_isob_MAE=0.032116 improved=yes epoch_time=6.9s total_time=182.8s
[seed 2] [stage 2/3: joint VLE] [epoch 10/80] train_total=0.009904 val_score=0.850511 best=0.795630 P_MAE=1.1905 kPa y_iso_MAE=0.005388 T_MAE=4.1151 K y_isob_MAE=0.035205 improved=no epoch_time=7.1s total_time=189.9s
[seed 2] [stage 2/3: joint VLE] [epoch 11/80] train_total=0.012702 val_score=1.124809 best=0.795630 P_MAE=1.6272 kPa y_iso_MAE=0.010394 T_MAE=4.6652 K y_isob_MAE=0.040934 improved=no epoch_time=6.7s total_time=196.6s
[seed 2] [stage 2/3: joint VLE] [epoch 12/80] train_total=0.011921 val_score=0.994478 best=0.795630 P_MAE=1.3691 kPa y_iso_MAE=0.011512 T_MAE=3.7397 K y_isob_MAE=0.032831 improved=no epoch_time=7.1s total_time=203.7s
[seed 2] [stage 2/3: joint VLE] [epoch 13/80] train_total=0.011270 val_score=0.914301 best=0.795630 P_MAE=1.0205 kPa y_iso_MAE=0.008278 T_MAE=4.1248 K y_isob_MAE=0.036979 improved=no epoch_time=6.7s total_time=210.4s
[seed 2] [stage 2/3: joint VLE] [epoch 14/80] train_total=0.010040 val_score=0.726477 best=0.726477 P_MAE=0.5999 kPa y_iso_MAE=0.004789 T_MAE=3.7646 K y_isob_MAE=0.035618 improved=yes epoch_time=7.2s total_time=217.6s
[seed 2] [stage 2/3: joint VLE] [epoch 15/80] train_total=0.009753 val_score=0.956740 best=0.726477 P_MAE=1.5487 kPa y_iso_MAE=0.007802 T_MAE=4.1463 K y_isob_MAE=0.033525 improved=no epoch_time=7.0s total_time=224.6s
[seed 2] [stage 2/3: joint VLE] [epoch 16/80] train_total=0.009845 val_score=0.909942 best=0.726477 P_MAE=1.5211 kPa y_iso_MAE=0.007039 T_MAE=3.8286 K y_isob_MAE=0.033349 improved=no epoch_time=7.0s total_time=231.6s
[seed 2] [stage 2/3: joint VLE] [epoch 17/80] train_total=0.009957 val_score=0.878183 best=0.726477 P_MAE=1.4325 kPa y_iso_MAE=0.007014 T_MAE=3.6512 K y_isob_MAE=0.032525 improved=no epoch_time=6.8s total_time=238.4s
[seed 2] [stage 2/3: joint VLE] [epoch 18/80] train_total=0.009967 val_score=0.901413 best=0.726477 P_MAE=1.2391 kPa y_iso_MAE=0.006905 T_MAE=4.1438 K y_isob_MAE=0.035495 improved=no epoch_time=7.1s total_time=245.5s
[seed 2] [stage 2/3: joint VLE] [epoch 19/80] train_total=0.010735 val_score=0.917378 best=0.726477 P_MAE=1.7227 kPa y_iso_MAE=0.006887 T_MAE=3.9764 K y_isob_MAE=0.029410 improved=no epoch_time=6.9s total_time=252.4s
[seed 2] [stage 2/3: joint VLE] [epoch 20/80] train_total=0.011038 val_score=0.849795 best=0.726477 P_MAE=0.7978 kPa y_iso_MAE=0.006335 T_MAE=4.2335 K y_isob_MAE=0.038637 improved=no epoch_time=7.2s total_time=259.6s
[seed 2] [stage 2/3: joint VLE] [epoch 21/80] train_total=0.011181 val_score=0.851401 best=0.726477 P_MAE=1.1430 kPa y_iso_MAE=0.006401 T_MAE=4.0534 K y_isob_MAE=0.033221 improved=no epoch_time=6.9s total_time=266.4s
[seed 2] [stage 2/3: joint VLE] [epoch 22/80] train_total=0.009304 val_score=0.926179 best=0.726477 P_MAE=1.0462 kPa y_iso_MAE=0.010355 T_MAE=3.8775 K y_isob_MAE=0.032909 improved=no epoch_time=7.2s total_time=273.7s
[seed 2] [stage 2/3: joint VLE] [epoch 23/80] train_total=0.008892 val_score=0.899176 best=0.726477 P_MAE=1.3809 kPa y_iso_MAE=0.007754 T_MAE=3.7238 K y_isob_MAE=0.033134 improved=no epoch_time=6.8s total_time=280.5s
[seed 2] [stage 2/3: joint VLE] [epoch 24/80] train_total=0.009110 val_score=0.795279 best=0.726477 P_MAE=0.6959 kPa y_iso_MAE=0.007377 T_MAE=3.7595 K y_isob_MAE=0.033863 improved=no epoch_time=7.0s total_time=287.5s
[seed 2] [stage 2/3: joint VLE] [epoch 25/80] train_total=0.009822 val_score=0.739668 best=0.726477 P_MAE=0.7275 kPa y_iso_MAE=0.006375 T_MAE=3.4632 K y_isob_MAE=0.031914 improved=no epoch_time=6.8s total_time=294.3s
[seed 2] [stage 2/3: joint VLE] [epoch 26/80] train_total=0.010265 val_score=0.906951 best=0.726477 P_MAE=1.1210 kPa y_iso_MAE=0.010153 T_MAE=3.7203 K y_isob_MAE=0.030915 improved=no epoch_time=6.9s total_time=301.2s
{"direct_ge_parameter_summary": {"stage1_trainable_parameters": 1977601, "stage2_trainable_parameters": 2015043, "stage3": {"groups": [{"learning_rate": 2e-05, "name": "pair_potential", "parameter_count": 110977, "parameter_names": ["pair_potential.0.weight", "pair_potential.0.bias", "pair_potential.2.weight", "pair_potential.2.bias"]}, {"learning_rate": 1e-05, "name": "vapor_pressure", "parameter_count": 37442, "parameter_names": ["vapor_pressure.parameter_head.0.weight", "vapor_pressure.parameter_head.0.bias", "vapor_pressure.parameter_head.2.weight", "vapor_pressure.parameter_head.2.bias"]}, {"learning_rate": 5e-06, "name": "film", "parameter_count": 111744, "parameter_names": ["film.0.weight", "film.0.bias", "film.2.weight", "film.2.bias"]}, {"learning_rate": 5e-06, "name": "mixture_token", "parameter_count": 192, "parameter_names": ["mixture_token"]}], "total_parameters": 2015043, "trainable_fraction": 0.1292056794817778, "trainable_parameters": 260355}, "total_parameters": 2015043, "trainable_fraction": 0.1292056794817778, "trainable_parameters": 260355}}
[seed 2] [stage 3/3: fugacity] starting 10 epoch(s)
[seed 2] [stage 3/3: fugacity] [epoch 1/10] train_total=0.008910 val_score=0.784394 best=0.784394 P_MAE=0.6144 kPa y_iso_MAE=0.006617 T_MAE=3.9087 K y_isob_MAE=0.035379 improved=yes epoch_time=6.4s total_time=307.6s
[seed 2] [stage 3/3: fugacity] [epoch 2/10] train_total=0.007924 val_score=0.772489 best=0.772489 P_MAE=0.5806 kPa y_iso_MAE=0.006242 T_MAE=3.9446 K y_isob_MAE=0.035445 improved=yes epoch_time=6.2s total_time=313.8s
[seed 2] [stage 3/3: fugacity] [epoch 3/10] train_total=0.007907 val_score=0.765453 best=0.765453 P_MAE=0.5880 kPa y_iso_MAE=0.005839 T_MAE=3.9629 K y_isob_MAE=0.035608 improved=yes epoch_time=6.8s total_time=320.6s
[seed 2] [stage 3/3: fugacity] [epoch 4/10] train_total=0.008015 val_score=0.788774 best=0.765453 P_MAE=0.6574 kPa y_iso_MAE=0.006356 T_MAE=3.9698 K y_isob_MAE=0.035472 improved=no epoch_time=6.4s total_time=327.0s
[seed 2] [stage 3/3: fugacity] [epoch 5/10] train_total=0.007775 val_score=0.794052 best=0.765453 P_MAE=0.6183 kPa y_iso_MAE=0.006633 T_MAE=4.0187 K y_isob_MAE=0.035549 improved=no epoch_time=6.9s total_time=333.9s
[seed 2] [stage 3/3: fugacity] [epoch 6/10] train_total=0.007936 val_score=0.796615 best=0.765453 P_MAE=0.6380 kPa y_iso_MAE=0.006540 T_MAE=4.0352 K y_isob_MAE=0.035678 improved=no epoch_time=6.4s total_time=340.3s
[seed 2] [stage 3/3: fugacity] [epoch 7/10] train_total=0.007664 val_score=0.786700 best=0.765453 P_MAE=0.6153 kPa y_iso_MAE=0.006344 T_MAE=4.0180 K y_isob_MAE=0.035645 improved=no epoch_time=6.9s total_time=347.2s
[seed 2] [stage 3/3: fugacity] [epoch 8/10] train_total=0.007726 val_score=0.793548 best=0.765453 P_MAE=0.6782 kPa y_iso_MAE=0.006377 T_MAE=3.9954 K y_isob_MAE=0.035389 improved=no epoch_time=6.6s total_time=353.7s
[seed 2] [stage 3/3: fugacity] [epoch 9/10] train_total=0.007388 val_score=0.805924 best=0.765453 P_MAE=0.6580 kPa y_iso_MAE=0.006834 T_MAE=4.0422 K y_isob_MAE=0.035430 improved=no epoch_time=6.7s total_time=360.4s
[seed 2] [stage 3/3: fugacity] [epoch 10/10] train_total=0.007507 val_score=0.789313 best=0.765453 P_MAE=0.6355 kPa y_iso_MAE=0.006414 T_MAE=4.0148 K y_isob_MAE=0.035367 improved=no epoch_time=6.5s total_time=366.9s
{"protocol": "vle_binary_unseen_component", "seed": 2, "manifest": "D:\\VLE\\VLE\\thermoformer_project\\runs\\phase_equilibrium\\v1\\vle\\three\\results\\thermoformer_vle_three_stage.on.vle_binary_unseen_component\\seed_2\\manifest.json"}
[stage experimental] starting 80 epoch(s)
[stage experimental] [epoch 1/80] train_total=0.393889 val_total=0.047604 best=0.047604 improved=yes epoch_time=1.5s total_time=1.5s
[stage experimental] [epoch 2/80] train_total=0.060904 val_total=0.032801 best=0.032801 improved=yes epoch_time=1.7s total_time=3.2s
[stage experimental] [epoch 3/80] train_total=0.042353 val_total=0.028298 best=0.028298 improved=yes epoch_time=1.7s total_time=4.9s
[stage experimental] [epoch 4/80] train_total=0.039077 val_total=0.019735 best=0.019735 improved=yes epoch_time=1.7s total_time=6.6s
[stage experimental] [epoch 5/80] train_total=0.039423 val_total=0.017433 best=0.017433 improved=yes epoch_time=1.6s total_time=8.2s
[stage experimental] [epoch 6/80] train_total=0.033457 val_total=0.038592 best=0.017433 improved=no epoch_time=1.6s total_time=9.8s
[stage experimental] [epoch 7/80] train_total=0.031258 val_total=0.023501 best=0.017433 improved=no epoch_time=1.5s total_time=11.3s
[stage experimental] [epoch 8/80] train_total=0.029220 val_total=0.019605 best=0.017433 improved=no epoch_time=1.6s total_time=12.9s
[stage experimental] [epoch 9/80] train_total=0.033280 val_total=0.025902 best=0.017433 improved=no epoch_time=1.6s total_time=14.5s
[stage experimental] [epoch 10/80] train_total=0.031340 val_total=0.022580 best=0.017433 improved=no epoch_time=1.7s total_time=16.2s
[stage experimental] [epoch 11/80] train_total=0.028758 val_total=0.019529 best=0.017433 improved=no epoch_time=1.7s total_time=17.9s
[stage experimental] [epoch 12/80] train_total=0.026575 val_total=0.026164 best=0.017433 improved=no epoch_time=1.7s total_time=19.6s
[stage experimental] [epoch 13/80] train_total=0.026013 val_total=0.018674 best=0.017433 improved=no epoch_time=1.6s total_time=21.2s
[stage experimental] [epoch 14/80] train_total=0.023060 val_total=0.023068 best=0.017433 improved=no epoch_time=1.5s total_time=22.7s
[stage experimental] [epoch 15/80] train_total=0.024977 val_total=0.015153 best=0.015153 improved=yes epoch_time=1.5s total_time=24.2s
[stage experimental] [epoch 16/80] train_total=0.022949 val_total=0.016988 best=0.015153 improved=no epoch_time=1.5s total_time=25.7s
[stage experimental] [epoch 17/80] train_total=0.020199 val_total=0.017193 best=0.015153 improved=no epoch_time=1.7s total_time=27.4s
[stage experimental] [epoch 18/80] train_total=0.018896 val_total=0.015182 best=0.015153 improved=no epoch_time=1.7s total_time=29.1s
[stage experimental] [epoch 19/80] train_total=0.019267 val_total=0.015019 best=0.015019 improved=yes epoch_time=1.7s total_time=30.7s
[stage experimental] [epoch 20/80] train_total=0.017742 val_total=0.018822 best=0.015019 improved=no epoch_time=1.6s total_time=32.4s
[stage experimental] [epoch 21/80] train_total=0.015369 val_total=0.016582 best=0.015019 improved=no epoch_time=1.6s total_time=33.9s
[stage experimental] [epoch 22/80] train_total=0.014751 val_total=0.016982 best=0.015019 improved=no epoch_time=1.6s total_time=35.5s
[stage experimental] [epoch 23/80] train_total=0.015073 val_total=0.011763 best=0.011763 improved=yes epoch_time=1.5s total_time=37.1s
[stage experimental] [epoch 24/80] train_total=0.013181 val_total=0.012610 best=0.011763 improved=no epoch_time=1.6s total_time=38.7s
[stage experimental] [epoch 25/80] train_total=0.010531 val_total=0.013145 best=0.011763 improved=no epoch_time=1.7s total_time=40.4s
[stage experimental] [epoch 26/80] train_total=0.011766 val_total=0.015761 best=0.011763 improved=no epoch_time=1.7s total_time=42.1s
[stage experimental] [epoch 27/80] train_total=0.012628 val_total=0.018250 best=0.011763 improved=no epoch_time=1.6s total_time=43.7s
[stage experimental] [epoch 28/80] train_total=0.011454 val_total=0.010410 best=0.010410 improved=yes epoch_time=1.6s total_time=45.2s
[stage experimental] [epoch 29/80] train_total=0.008742 val_total=0.010030 best=0.010030 improved=yes epoch_time=1.5s total_time=46.8s
[stage experimental] [epoch 30/80] train_total=0.010555 val_total=0.009213 best=0.009213 improved=yes epoch_time=1.5s total_time=48.3s
[stage experimental] [epoch 31/80] train_total=0.009424 val_total=0.011238 best=0.009213 improved=no epoch_time=1.5s total_time=49.8s
[stage experimental] [epoch 32/80] train_total=0.008318 val_total=0.012045 best=0.009213 improved=no epoch_time=1.6s total_time=51.5s
[stage experimental] [epoch 33/80] train_total=0.008655 val_total=0.012744 best=0.009213 improved=no epoch_time=1.7s total_time=53.2s
[stage experimental] [epoch 34/80] train_total=0.009164 val_total=0.013258 best=0.009213 improved=no epoch_time=1.7s total_time=54.9s
[stage experimental] [epoch 35/80] train_total=0.007684 val_total=0.008133 best=0.008133 improved=yes epoch_time=1.6s total_time=56.5s
[stage experimental] [epoch 36/80] train_total=0.007877 val_total=0.008873 best=0.008133 improved=no epoch_time=1.5s total_time=58.0s
[stage experimental] [epoch 37/80] train_total=0.007242 val_total=0.008657 best=0.008133 improved=no epoch_time=1.6s total_time=59.6s
[stage experimental] [epoch 38/80] train_total=0.007898 val_total=0.008827 best=0.008133 improved=no epoch_time=1.5s total_time=61.1s
[stage experimental] [epoch 39/80] train_total=0.007794 val_total=0.009676 best=0.008133 improved=no epoch_time=1.7s total_time=62.8s
[stage experimental] [epoch 40/80] train_total=0.007478 val_total=0.008503 best=0.008133 improved=no epoch_time=1.6s total_time=64.4s
[stage experimental] [epoch 41/80] train_total=0.006961 val_total=0.008328 best=0.008133 improved=no epoch_time=1.6s total_time=66.0s
[stage experimental] [epoch 42/80] train_total=0.006726 val_total=0.008168 best=0.008133 improved=no epoch_time=1.6s total_time=67.7s
[stage experimental] [epoch 43/80] train_total=0.007383 val_total=0.007633 best=0.007633 improved=yes epoch_time=1.6s total_time=69.2s
[stage experimental] [epoch 44/80] train_total=0.007768 val_total=0.012712 best=0.007633 improved=no epoch_time=1.6s total_time=70.8s
[stage experimental] [epoch 45/80] train_total=0.007302 val_total=0.012158 best=0.007633 improved=no epoch_time=1.5s total_time=72.3s
[stage experimental] [epoch 46/80] train_total=0.007293 val_total=0.008356 best=0.007633 improved=no epoch_time=1.5s total_time=73.8s
[stage experimental] [epoch 47/80] train_total=0.006321 val_total=0.010684 best=0.007633 improved=no epoch_time=1.6s total_time=75.4s
[stage experimental] [epoch 48/80] train_total=0.006159 val_total=0.010402 best=0.007633 improved=no epoch_time=1.6s total_time=77.0s
[stage experimental] [epoch 49/80] train_total=0.007747 val_total=0.009864 best=0.007633 improved=no epoch_time=1.5s total_time=78.5s
[stage experimental] [epoch 50/80] train_total=0.006985 val_total=0.011028 best=0.007633 improved=no epoch_time=1.5s total_time=80.1s
[stage experimental] [epoch 51/80] train_total=0.006564 val_total=0.010223 best=0.007633 improved=no epoch_time=1.5s total_time=81.6s
[stage experimental] [epoch 52/80] train_total=0.006303 val_total=0.011685 best=0.007633 improved=no epoch_time=1.6s total_time=83.2s
[stage experimental] [epoch 53/80] train_total=0.006761 val_total=0.010132 best=0.007633 improved=no epoch_time=1.5s total_time=84.8s
[stage experimental] [epoch 54/80] train_total=0.006342 val_total=0.009495 best=0.007633 improved=no epoch_time=1.6s total_time=86.3s
[stage experimental] [epoch 55/80] train_total=0.006811 val_total=0.010394 best=0.007633 improved=no epoch_time=1.7s total_time=88.0s
[stage experimental] early stopping at epoch 55; best_validation=0.007633
[seed 3] [stage 1/3: direct GE] starting 20 epoch(s)
[seed 3] [stage 1/3: direct GE] [epoch 1/20] train_total=0.004934 val_score=1.276213 best=1.276213 P_MAE=3.2657 kPa y_iso_MAE=0.023613 T_MAE=2.3622 K y_isob_MAE=0.020198 improved=yes epoch_time=7.6s total_time=13.5s
[seed 3] [stage 1/3: direct GE] [epoch 2/20] train_total=0.004216 val_score=1.488944 best=1.276213 P_MAE=3.5189 kPa y_iso_MAE=0.025209 T_MAE=2.6359 K y_isob_MAE=0.028922 improved=no epoch_time=7.5s total_time=21.0s
[seed 3] [stage 1/3: direct GE] [epoch 3/20] train_total=0.003942 val_score=1.787400 best=1.276213 P_MAE=4.1217 kPa y_iso_MAE=0.032308 T_MAE=3.8070 K y_isob_MAE=0.027668 improved=no epoch_time=7.5s total_time=28.5s
[seed 3] [stage 1/3: direct GE] [epoch 4/20] train_total=0.003865 val_score=1.512306 best=1.276213 P_MAE=3.7042 kPa y_iso_MAE=0.025318 T_MAE=2.7539 K y_isob_MAE=0.028025 improved=no epoch_time=7.5s total_time=36.0s
[seed 3] [stage 1/3: direct GE] [epoch 5/20] train_total=0.003770 val_score=1.657154 best=1.276213 P_MAE=3.8010 kPa y_iso_MAE=0.027948 T_MAE=3.3164 K y_isob_MAE=0.029623 improved=no epoch_time=7.5s total_time=43.5s
[seed 3] [stage 1/3: direct GE] [epoch 6/20] train_total=0.003641 val_score=1.705462 best=1.276213 P_MAE=3.9441 kPa y_iso_MAE=0.029241 T_MAE=3.4225 K y_isob_MAE=0.029723 improved=no epoch_time=7.4s total_time=50.9s
[seed 3] [stage 1/3: direct GE] [epoch 7/20] train_total=0.003635 val_score=1.667154 best=1.276213 P_MAE=3.5550 kPa y_iso_MAE=0.028928 T_MAE=3.4698 K y_isob_MAE=0.029731 improved=no epoch_time=7.3s total_time=58.2s
[seed 3] [stage 1/3: direct GE] [epoch 8/20] train_total=0.003567 val_score=1.897755 best=1.276213 P_MAE=4.3616 kPa y_iso_MAE=0.033143 T_MAE=3.4858 K y_isob_MAE=0.035637 improved=no epoch_time=7.4s total_time=65.6s
[seed 3] [stage 1/3: direct GE] [epoch 9/20] train_total=0.003495 val_score=1.845417 best=1.276213 P_MAE=4.1848 kPa y_iso_MAE=0.032069 T_MAE=3.8532 K y_isob_MAE=0.030983 improved=no epoch_time=7.3s total_time=72.9s
[seed 3] [stage 1/3: direct GE] [epoch 10/20] train_total=0.003625 val_score=1.749780 best=1.276213 P_MAE=3.6529 kPa y_iso_MAE=0.029032 T_MAE=3.4420 K y_isob_MAE=0.034829 improved=no epoch_time=7.2s total_time=80.0s
[seed 3] [stage 1/3: direct GE] [epoch 11/20] train_total=0.003698 val_score=2.316895 best=1.276213 P_MAE=5.3082 kPa y_iso_MAE=0.043195 T_MAE=5.0317 K y_isob_MAE=0.033989 improved=no epoch_time=7.4s total_time=87.4s
[seed 3] [stage 1/3: direct GE] [epoch 12/20] train_total=0.003489 val_score=1.812290 best=1.276213 P_MAE=3.7971 kPa y_iso_MAE=0.031125 T_MAE=3.7818 K y_isob_MAE=0.033008 improved=no epoch_time=7.6s total_time=95.0s
[seed 3] [stage 1/3: direct GE] [epoch 13/20] train_total=0.003505 val_score=2.200492 best=1.276213 P_MAE=5.1168 kPa y_iso_MAE=0.042431 T_MAE=4.4504 K y_isob_MAE=0.033419 improved=no epoch_time=7.2s total_time=102.2s
[seed 3] [stage 1/3: direct GE] [epoch 14/20] train_total=0.003198 val_score=2.144542 best=1.276213 P_MAE=4.8962 kPa y_iso_MAE=0.039942 T_MAE=4.2900 K y_isob_MAE=0.034967 improved=no epoch_time=7.4s total_time=109.6s
[seed 3] [stage 1/3: direct GE] [epoch 15/20] train_total=0.003284 val_score=1.990420 best=1.276213 P_MAE=4.3524 kPa y_iso_MAE=0.036477 T_MAE=4.1959 K y_isob_MAE=0.032421 improved=no epoch_time=7.5s total_time=117.1s
[seed 3] [stage 1/3: direct GE] [epoch 16/20] train_total=0.003388 val_score=2.148398 best=1.276213 P_MAE=4.6258 kPa y_iso_MAE=0.036376 T_MAE=4.3394 K y_isob_MAE=0.040048 improved=no epoch_time=7.3s total_time=124.5s
[seed 3] [stage 1/3: direct GE] [epoch 17/20] train_total=0.003203 val_score=2.237844 best=1.276213 P_MAE=4.6871 kPa y_iso_MAE=0.039863 T_MAE=4.8068 K y_isob_MAE=0.038180 improved=no epoch_time=7.5s total_time=131.9s
[seed 3] [stage 1/3: direct GE] [epoch 18/20] train_total=0.003263 val_score=2.184852 best=1.276213 P_MAE=5.1688 kPa y_iso_MAE=0.041001 T_MAE=4.1750 K y_isob_MAE=0.035837 improved=no epoch_time=7.4s total_time=139.3s
[seed 3] [stage 1/3: direct GE] [epoch 19/20] train_total=0.003357 val_score=2.292661 best=1.276213 P_MAE=5.2567 kPa y_iso_MAE=0.042978 T_MAE=4.7101 K y_isob_MAE=0.035835 improved=no epoch_time=7.3s total_time=146.6s
[seed 3] [stage 1/3: direct GE] [epoch 20/20] train_total=0.003261 val_score=2.138193 best=1.276213 P_MAE=4.0757 kPa y_iso_MAE=0.036046 T_MAE=4.5700 K y_isob_MAE=0.041461 improved=no epoch_time=7.5s total_time=154.1s
[seed 3] [stage 2/3: joint VLE] starting 80 epoch(s)
[seed 3] [stage 2/3: joint VLE] [epoch 1/80] train_total=0.016757 val_score=0.972602 best=0.972602 P_MAE=2.1668 kPa y_iso_MAE=0.016291 T_MAE=1.9703 K y_isob_MAE=0.017728 improved=yes epoch_time=8.3s total_time=162.4s
[seed 3] [stage 2/3: joint VLE] [epoch 2/80] train_total=0.011837 val_score=1.190831 best=0.972602 P_MAE=3.1310 kPa y_iso_MAE=0.021722 T_MAE=1.8507 K y_isob_MAE=0.021766 improved=no epoch_time=8.5s total_time=170.9s
[seed 3] [stage 2/3: joint VLE] [epoch 3/80] train_total=0.012514 val_score=1.393418 best=0.972602 P_MAE=3.6676 kPa y_iso_MAE=0.025790 T_MAE=2.1068 K y_isob_MAE=0.025626 improved=no epoch_time=8.4s total_time=179.3s
[seed 3] [stage 2/3: joint VLE] [epoch 4/80] train_total=0.011591 val_score=1.135983 best=0.972602 P_MAE=2.8883 kPa y_iso_MAE=0.020166 T_MAE=1.7399 K y_isob_MAE=0.022217 improved=no epoch_time=8.3s total_time=187.6s
[seed 3] [stage 2/3: joint VLE] [epoch 5/80] train_total=0.011080 val_score=1.390251 best=0.972602 P_MAE=3.6110 kPa y_iso_MAE=0.025608 T_MAE=2.4327 K y_isob_MAE=0.023013 improved=no epoch_time=8.5s total_time=196.1s
[seed 3] [stage 2/3: joint VLE] [epoch 6/80] train_total=0.011922 val_score=1.152813 best=0.972602 P_MAE=2.5505 kPa y_iso_MAE=0.017151 T_MAE=2.1432 K y_isob_MAE=0.024919 improved=no epoch_time=8.1s total_time=204.2s
[seed 3] [stage 2/3: joint VLE] [epoch 7/80] train_total=0.012270 val_score=1.185672 best=0.972602 P_MAE=3.0887 kPa y_iso_MAE=0.020780 T_MAE=1.9794 K y_isob_MAE=0.021427 improved=no epoch_time=8.4s total_time=212.6s
[seed 3] [stage 2/3: joint VLE] [epoch 8/80] train_total=0.012361 val_score=1.365559 best=0.972602 P_MAE=3.3412 kPa y_iso_MAE=0.023316 T_MAE=2.6016 K y_isob_MAE=0.023856 improved=no epoch_time=8.0s total_time=220.5s
[seed 3] [stage 2/3: joint VLE] [epoch 9/80] train_total=0.010390 val_score=1.403803 best=0.972602 P_MAE=3.6736 kPa y_iso_MAE=0.024443 T_MAE=2.1957 K y_isob_MAE=0.026748 improved=no epoch_time=8.4s total_time=228.9s
[seed 3] [stage 2/3: joint VLE] [epoch 10/80] train_total=0.011270 val_score=1.414361 best=0.972602 P_MAE=4.0860 kPa y_iso_MAE=0.026842 T_MAE=1.7400 K y_isob_MAE=0.026442 improved=no epoch_time=8.1s total_time=237.0s
[seed 3] [stage 2/3: joint VLE] [epoch 11/80] train_total=0.011055 val_score=1.306221 best=0.972602 P_MAE=3.5746 kPa y_iso_MAE=0.023899 T_MAE=1.9129 K y_isob_MAE=0.023880 improved=no epoch_time=8.5s total_time=245.5s
[seed 3] [stage 2/3: joint VLE] [epoch 12/80] train_total=0.009574 val_score=1.410065 best=0.972602 P_MAE=3.9925 kPa y_iso_MAE=0.025208 T_MAE=2.1779 K y_isob_MAE=0.024358 improved=no epoch_time=8.2s total_time=253.8s
[seed 3] [stage 2/3: joint VLE] [epoch 13/80] train_total=0.010949 val_score=1.511674 best=0.972602 P_MAE=4.3396 kPa y_iso_MAE=0.028411 T_MAE=2.3485 K y_isob_MAE=0.024264 improved=no epoch_time=8.4s total_time=262.1s
{"direct_ge_parameter_summary": {"stage1_trainable_parameters": 1977601, "stage2_trainable_parameters": 2015043, "stage3": {"groups": [{"learning_rate": 2e-05, "name": "pair_potential", "parameter_count": 110977, "parameter_names": ["pair_potential.0.weight", "pair_potential.0.bias", "pair_potential.2.weight", "pair_potential.2.bias"]}, {"learning_rate": 1e-05, "name": "vapor_pressure", "parameter_count": 37442, "parameter_names": ["vapor_pressure.parameter_head.0.weight", "vapor_pressure.parameter_head.0.bias", "vapor_pressure.parameter_head.2.weight", "vapor_pressure.parameter_head.2.bias"]}, {"learning_rate": 5e-06, "name": "film", "parameter_count": 111744, "parameter_names": ["film.0.weight", "film.0.bias", "film.2.weight", "film.2.bias"]}, {"learning_rate": 5e-06, "name": "mixture_token", "parameter_count": 192, "parameter_names": ["mixture_token"]}], "total_parameters": 2015043, "trainable_fraction": 0.1292056794817778, "trainable_parameters": 260355}, "total_parameters": 2015043, "trainable_fraction": 0.1292056794817778, "trainable_parameters": 260355}}
[seed 3] [stage 3/3: fugacity] starting 10 epoch(s)
[seed 3] [stage 3/3: fugacity] [epoch 1/10] train_total=0.011077 val_score=1.079134 best=1.079134 P_MAE=2.7543 kPa y_iso_MAE=0.020142 T_MAE=1.7780 K y_isob_MAE=0.018964 improved=yes epoch_time=8.0s total_time=270.1s
[seed 3] [stage 3/3: fugacity] [epoch 2/10] train_total=0.009685 val_score=1.156914 best=1.079134 P_MAE=3.0242 kPa y_iso_MAE=0.022104 T_MAE=1.8540 K y_isob_MAE=0.019820 improved=no epoch_time=8.0s total_time=278.1s
[seed 3] [stage 3/3: fugacity] [epoch 3/10] train_total=0.009320 val_score=1.118217 best=1.079134 P_MAE=2.9653 kPa y_iso_MAE=0.021368 T_MAE=1.7328 K y_isob_MAE=0.019394 improved=no epoch_time=8.0s total_time=286.1s
[seed 3] [stage 3/3: fugacity] [epoch 4/10] train_total=0.009277 val_score=1.146931 best=1.079134 P_MAE=3.0541 kPa y_iso_MAE=0.021979 T_MAE=1.7742 K y_isob_MAE=0.019772 improved=no epoch_time=8.1s total_time=294.2s
[seed 3] [stage 3/3: fugacity] [epoch 5/10] train_total=0.009163 val_score=1.143339 best=1.079134 P_MAE=3.0582 kPa y_iso_MAE=0.021998 T_MAE=1.7602 K y_isob_MAE=0.019607 improved=no epoch_time=8.5s total_time=302.7s
[seed 3] [stage 3/3: fugacity] [epoch 6/10] train_total=0.008964 val_score=1.151610 best=1.079134 P_MAE=3.0997 kPa y_iso_MAE=0.022320 T_MAE=1.7872 K y_isob_MAE=0.019328 improved=no epoch_time=8.0s total_time=310.7s
[seed 3] [stage 3/3: fugacity] [epoch 7/10] train_total=0.008721 val_score=1.147217 best=1.079134 P_MAE=3.0917 kPa y_iso_MAE=0.022043 T_MAE=1.7981 K y_isob_MAE=0.019247 improved=no epoch_time=8.5s total_time=319.2s
[seed 3] [stage 3/3: fugacity] [epoch 8/10] train_total=0.008867 val_score=1.142136 best=1.079134 P_MAE=3.0843 kPa y_iso_MAE=0.022071 T_MAE=1.7907 K y_isob_MAE=0.018993 improved=no epoch_time=8.0s total_time=327.2s
[seed 3] [stage 3/3: fugacity] [epoch 9/10] train_total=0.008676 val_score=1.157584 best=1.079134 P_MAE=3.1428 kPa y_iso_MAE=0.022476 T_MAE=1.8304 K y_isob_MAE=0.018890 improved=no epoch_time=8.1s total_time=335.3s
[seed 3] [stage 3/3: fugacity] [epoch 10/10] train_total=0.008653 val_score=1.171269 best=1.079134 P_MAE=3.1997 kPa y_iso_MAE=0.022808 T_MAE=1.8012 K y_isob_MAE=0.019375 improved=no epoch_time=7.5s total_time=342.8s
{"protocol": "vle_binary_unseen_component", "seed": 3, "manifest": "D:\\VLE\\VLE\\thermoformer_project\\runs\\phase_equilibrium\\v1\\vle\\three\\results\\thermoformer_vle_three_stage.on.vle_binary_unseen_component\\seed_3\\manifest.json"}
[stage experimental] starting 80 epoch(s)
[stage experimental] [epoch 1/80] train_total=0.407989 val_total=0.045325 best=0.045325 improved=yes epoch_time=1.8s total_time=1.8s
[stage experimental] [epoch 2/80] train_total=0.060606 val_total=0.046432 best=0.045325 improved=no epoch_time=1.5s total_time=3.2s
[stage experimental] [epoch 3/80] train_total=0.045701 val_total=0.051955 best=0.045325 improved=no epoch_time=1.5s total_time=4.7s
[stage experimental] [epoch 4/80] train_total=0.039196 val_total=0.059789 best=0.045325 improved=no epoch_time=1.5s total_time=6.2s
[stage experimental] [epoch 5/80] train_total=0.036699 val_total=0.049922 best=0.045325 improved=no epoch_time=1.5s total_time=7.7s
[stage experimental] [epoch 6/80] train_total=0.033050 val_total=0.054442 best=0.045325 improved=no epoch_time=1.5s total_time=9.2s
[stage experimental] [epoch 7/80] train_total=0.035337 val_total=0.043962 best=0.043962 improved=yes epoch_time=1.8s total_time=11.1s
[stage experimental] [epoch 8/80] train_total=0.029248 val_total=0.045121 best=0.043962 improved=no epoch_time=1.6s total_time=12.6s
[stage experimental] [epoch 9/80] train_total=0.035141 val_total=0.049313 best=0.043962 improved=no epoch_time=1.7s total_time=14.3s
[stage experimental] [epoch 10/80] train_total=0.032441 val_total=0.043235 best=0.043235 improved=yes epoch_time=1.5s total_time=15.8s
[stage experimental] [epoch 11/80] train_total=0.032001 val_total=0.045097 best=0.043235 improved=no epoch_time=1.4s total_time=17.2s
[stage experimental] [epoch 12/80] train_total=0.029483 val_total=0.044783 best=0.043235 improved=no epoch_time=1.4s total_time=18.6s
[stage experimental] [epoch 13/80] train_total=0.027408 val_total=0.044705 best=0.043235 improved=no epoch_time=1.4s total_time=20.0s
[stage experimental] [epoch 14/80] train_total=0.028308 val_total=0.037287 best=0.037287 improved=yes epoch_time=1.5s total_time=21.5s
[stage experimental] [epoch 15/80] train_total=0.025409 val_total=0.039940 best=0.037287 improved=no epoch_time=1.6s total_time=23.2s
[stage experimental] [epoch 16/80] train_total=0.026013 val_total=0.038166 best=0.037287 improved=no epoch_time=1.6s total_time=24.8s
[stage experimental] [epoch 17/80] train_total=0.022973 val_total=0.043672 best=0.037287 improved=no epoch_time=1.5s total_time=26.3s
[stage experimental] [epoch 18/80] train_total=0.023409 val_total=0.038052 best=0.037287 improved=no epoch_time=1.5s total_time=27.8s
[stage experimental] [epoch 19/80] train_total=0.021402 val_total=0.038713 best=0.037287 improved=no epoch_time=1.5s total_time=29.2s
[stage experimental] [epoch 20/80] train_total=0.020765 val_total=0.043620 best=0.037287 improved=no epoch_time=1.5s total_time=30.7s
[stage experimental] [epoch 21/80] train_total=0.020039 val_total=0.038934 best=0.037287 improved=no epoch_time=1.5s total_time=32.2s
[stage experimental] [epoch 22/80] train_total=0.019401 val_total=0.039294 best=0.037287 improved=no epoch_time=1.4s total_time=33.6s
[stage experimental] [epoch 23/80] train_total=0.017629 val_total=0.037250 best=0.037250 improved=yes epoch_time=1.4s total_time=35.0s
[stage experimental] [epoch 24/80] train_total=0.017788 val_total=0.036435 best=0.036435 improved=yes epoch_time=1.4s total_time=36.4s
[stage experimental] [epoch 25/80] train_total=0.016190 val_total=0.039435 best=0.036435 improved=no epoch_time=1.4s total_time=37.8s
[stage experimental] [epoch 26/80] train_total=0.015803 val_total=0.034646 best=0.034646 improved=yes epoch_time=1.4s total_time=39.2s
[stage experimental] [epoch 27/80] train_total=0.013413 val_total=0.038278 best=0.034646 improved=no epoch_time=1.4s total_time=40.6s
[stage experimental] [epoch 28/80] train_total=0.012601 val_total=0.034548 best=0.034548 improved=yes epoch_time=1.4s total_time=42.0s
[stage experimental] [epoch 29/80] train_total=0.010976 val_total=0.033773 best=0.033773 improved=yes epoch_time=1.4s total_time=43.4s
[stage experimental] [epoch 30/80] train_total=0.010735 val_total=0.035468 best=0.033773 improved=no epoch_time=1.4s total_time=44.8s
[stage experimental] [epoch 31/80] train_total=0.012643 val_total=0.039799 best=0.033773 improved=no epoch_time=1.4s total_time=46.2s
[stage experimental] [epoch 32/80] train_total=0.010572 val_total=0.034311 best=0.033773 improved=no epoch_time=1.4s total_time=47.5s
[stage experimental] [epoch 33/80] train_total=0.009187 val_total=0.031624 best=0.031624 improved=yes epoch_time=1.6s total_time=49.2s
[stage experimental] [epoch 34/80] train_total=0.012429 val_total=0.031113 best=0.031113 improved=yes epoch_time=1.7s total_time=50.9s
[stage experimental] [epoch 35/80] train_total=0.009754 val_total=0.030288 best=0.030288 improved=yes epoch_time=1.5s total_time=52.4s
[stage experimental] [epoch 36/80] train_total=0.009535 val_total=0.035463 best=0.030288 improved=no epoch_time=1.5s total_time=53.9s
[stage experimental] [epoch 37/80] train_total=0.009188 val_total=0.036482 best=0.030288 improved=no epoch_time=1.6s total_time=55.5s
[stage experimental] [epoch 38/80] train_total=0.009023 val_total=0.030526 best=0.030288 improved=no epoch_time=1.5s total_time=57.0s
[stage experimental] [epoch 39/80] train_total=0.008252 val_total=0.031658 best=0.030288 improved=no epoch_time=1.4s total_time=58.4s
[stage experimental] [epoch 40/80] train_total=0.009005 val_total=0.031718 best=0.030288 improved=no epoch_time=1.4s total_time=59.9s
[stage experimental] [epoch 41/80] train_total=0.007918 val_total=0.032272 best=0.030288 improved=no epoch_time=1.5s total_time=61.4s
[stage experimental] [epoch 42/80] train_total=0.007163 val_total=0.032989 best=0.030288 improved=no epoch_time=1.4s total_time=62.8s
[stage experimental] [epoch 43/80] train_total=0.007313 val_total=0.033110 best=0.030288 improved=no epoch_time=1.5s total_time=64.3s
[stage experimental] [epoch 44/80] train_total=0.006659 val_total=0.033216 best=0.030288 improved=no epoch_time=1.4s total_time=65.7s
[stage experimental] [epoch 45/80] train_total=0.007450 val_total=0.029503 best=0.029503 improved=yes epoch_time=1.5s total_time=67.2s
[stage experimental] [epoch 46/80] train_total=0.006793 val_total=0.028112 best=0.028112 improved=yes epoch_time=1.6s total_time=68.8s
[stage experimental] [epoch 47/80] train_total=0.006483 val_total=0.033163 best=0.028112 improved=no epoch_time=1.7s total_time=70.4s
[stage experimental] [epoch 48/80] train_total=0.006848 val_total=0.030263 best=0.028112 improved=no epoch_time=1.6s total_time=72.0s
[stage experimental] [epoch 49/80] train_total=0.007312 val_total=0.027840 best=0.027840 improved=yes epoch_time=1.6s total_time=73.7s
[stage experimental] [epoch 50/80] train_total=0.007498 val_total=0.034976 best=0.027840 improved=no epoch_time=1.5s total_time=75.2s
[stage experimental] [epoch 51/80] train_total=0.007622 val_total=0.031482 best=0.027840 improved=no epoch_time=1.7s total_time=76.9s
[stage experimental] [epoch 52/80] train_total=0.008623 val_total=0.031674 best=0.027840 improved=no epoch_time=1.8s total_time=78.7s
[stage experimental] [epoch 53/80] train_total=0.008428 val_total=0.031753 best=0.027840 improved=no epoch_time=1.5s total_time=80.2s
[stage experimental] [epoch 54/80] train_total=0.007961 val_total=0.028057 best=0.027840 improved=no epoch_time=1.5s total_time=81.7s
[stage experimental] [epoch 55/80] train_total=0.007199 val_total=0.032559 best=0.027840 improved=no epoch_time=1.5s total_time=83.2s
[stage experimental] [epoch 56/80] train_total=0.006678 val_total=0.033758 best=0.027840 improved=no epoch_time=1.4s total_time=84.7s
[stage experimental] [epoch 57/80] train_total=0.006594 val_total=0.034510 best=0.027840 improved=no epoch_time=1.4s total_time=86.1s
[stage experimental] [epoch 58/80] train_total=0.005417 val_total=0.033131 best=0.027840 improved=no epoch_time=1.4s total_time=87.6s
[stage experimental] [epoch 59/80] train_total=0.006343 val_total=0.030649 best=0.027840 improved=no epoch_time=1.5s total_time=89.0s
[stage experimental] [epoch 60/80] train_total=0.005823 val_total=0.030938 best=0.027840 improved=no epoch_time=1.6s total_time=90.6s
[stage experimental] [epoch 61/80] train_total=0.006363 val_total=0.030384 best=0.027840 improved=no epoch_time=1.5s total_time=92.1s
[stage experimental] early stopping at epoch 61; best_validation=0.027840
[seed 4] [stage 1/3: direct GE] starting 20 epoch(s)
[seed 4] [stage 1/3: direct GE] [epoch 1/20] train_total=0.004821 val_score=1.065647 best=1.065647 P_MAE=3.7433 kPa y_iso_MAE=0.018500 T_MAE=2.1447 K y_isob_MAE=0.027684 improved=yes epoch_time=8.4s total_time=15.9s
[seed 4] [stage 1/3: direct GE] [epoch 2/20] train_total=0.004108 val_score=0.853555 best=0.853555 P_MAE=2.8314 kPa y_iso_MAE=0.011081 T_MAE=2.1219 K y_isob_MAE=0.026606 improved=yes epoch_time=8.7s total_time=24.6s
[seed 4] [stage 1/3: direct GE] [epoch 3/20] train_total=0.003861 val_score=1.011123 best=0.853555 P_MAE=3.4855 kPa y_iso_MAE=0.015165 T_MAE=2.3077 K y_isob_MAE=0.028731 improved=no epoch_time=9.2s total_time=33.8s
[seed 4] [stage 1/3: direct GE] [epoch 4/20] train_total=0.003952 val_score=0.936559 best=0.853555 P_MAE=3.0439 kPa y_iso_MAE=0.012445 T_MAE=2.4387 K y_isob_MAE=0.027820 improved=no epoch_time=9.1s total_time=42.8s
[seed 4] [stage 1/3: direct GE] [epoch 5/20] train_total=0.003952 val_score=0.992591 best=0.853555 P_MAE=3.3362 kPa y_iso_MAE=0.015472 T_MAE=2.2253 K y_isob_MAE=0.027885 improved=no epoch_time=8.5s total_time=51.3s
[seed 4] [stage 1/3: direct GE] [epoch 6/20] train_total=0.003657 val_score=1.036115 best=0.853555 P_MAE=3.6002 kPa y_iso_MAE=0.017118 T_MAE=2.1795 K y_isob_MAE=0.027950 improved=no epoch_time=8.7s total_time=60.0s
[seed 4] [stage 1/3: direct GE] [epoch 7/20] train_total=0.003634 val_score=1.031450 best=0.853555 P_MAE=3.8459 kPa y_iso_MAE=0.016772 T_MAE=2.1542 K y_isob_MAE=0.027093 improved=no epoch_time=8.7s total_time=68.7s
[seed 4] [stage 1/3: direct GE] [epoch 8/20] train_total=0.003585 val_score=1.064063 best=0.853555 P_MAE=3.8398 kPa y_iso_MAE=0.019775 T_MAE=1.9835 K y_isob_MAE=0.026033 improved=no epoch_time=8.6s total_time=77.3s
[seed 4] [stage 1/3: direct GE] [epoch 9/20] train_total=0.003622 val_score=1.043761 best=0.853555 P_MAE=3.6444 kPa y_iso_MAE=0.016955 T_MAE=2.1915 K y_isob_MAE=0.028695 improved=no epoch_time=8.6s total_time=85.9s
[seed 4] [stage 1/3: direct GE] [epoch 10/20] train_total=0.003411 val_score=1.111479 best=0.853555 P_MAE=4.2005 kPa y_iso_MAE=0.018765 T_MAE=2.2289 K y_isob_MAE=0.028416 improved=no epoch_time=9.2s total_time=95.0s
[seed 4] [stage 1/3: direct GE] [epoch 11/20] train_total=0.003256 val_score=1.197422 best=0.853555 P_MAE=4.3639 kPa y_iso_MAE=0.021810 T_MAE=2.3927 K y_isob_MAE=0.028319 improved=no epoch_time=8.7s total_time=103.8s
[seed 4] [stage 1/3: direct GE] [epoch 12/20] train_total=0.003336 val_score=1.204748 best=0.853555 P_MAE=3.8898 kPa y_iso_MAE=0.021067 T_MAE=2.4458 K y_isob_MAE=0.032652 improved=no epoch_time=8.1s total_time=111.9s
[seed 4] [stage 1/3: direct GE] [epoch 13/20] train_total=0.003369 val_score=1.116548 best=0.853555 P_MAE=3.6893 kPa y_iso_MAE=0.020135 T_MAE=2.1877 K y_isob_MAE=0.029360 improved=no epoch_time=9.1s total_time=121.0s
[seed 4] [stage 1/3: direct GE] [epoch 14/20] train_total=0.003168 val_score=1.161836 best=0.853555 P_MAE=4.1112 kPa y_iso_MAE=0.021299 T_MAE=2.1910 K y_isob_MAE=0.029216 improved=no epoch_time=8.5s total_time=129.5s
[seed 4] [stage 1/3: direct GE] [epoch 15/20] train_total=0.003205 val_score=1.173182 best=0.853555 P_MAE=4.2164 kPa y_iso_MAE=0.022133 T_MAE=2.1949 K y_isob_MAE=0.028039 improved=no epoch_time=8.3s total_time=137.8s
[seed 4] [stage 1/3: direct GE] [epoch 16/20] train_total=0.003314 val_score=1.105089 best=0.853555 P_MAE=3.9257 kPa y_iso_MAE=0.020279 T_MAE=2.1529 K y_isob_MAE=0.026955 improved=no epoch_time=8.9s total_time=146.7s
[seed 4] [stage 1/3: direct GE] [epoch 17/20] train_total=0.003162 val_score=1.124961 best=0.853555 P_MAE=3.7066 kPa y_iso_MAE=0.019549 T_MAE=2.4174 K y_isob_MAE=0.028960 improved=no epoch_time=8.8s total_time=155.4s
[seed 4] [stage 1/3: direct GE] [epoch 18/20] train_total=0.003313 val_score=1.161819 best=0.853555 P_MAE=3.6812 kPa y_iso_MAE=0.018119 T_MAE=2.5915 K y_isob_MAE=0.033990 improved=no epoch_time=8.4s total_time=163.8s
[seed 4] [stage 1/3: direct GE] [epoch 19/20] train_total=0.003301 val_score=1.056123 best=0.853555 P_MAE=3.9720 kPa y_iso_MAE=0.018557 T_MAE=1.9896 K y_isob_MAE=0.026934 improved=no epoch_time=8.6s total_time=172.4s
[seed 4] [stage 1/3: direct GE] [epoch 20/20] train_total=0.003142 val_score=1.249528 best=0.853555 P_MAE=4.6497 kPa y_iso_MAE=0.023385 T_MAE=2.3623 K y_isob_MAE=0.029122 improved=no epoch_time=9.2s total_time=181.6s
[seed 4] [stage 2/3: joint VLE] starting 80 epoch(s)
[seed 4] [stage 2/3: joint VLE] [epoch 1/80] train_total=0.013848 val_score=1.000172 best=1.000172 P_MAE=4.2669 kPa y_iso_MAE=0.013346 T_MAE=2.4262 K y_isob_MAE=0.025829 improved=yes epoch_time=9.1s total_time=190.7s
[seed 4] [stage 2/3: joint VLE] [epoch 2/80] train_total=0.011974 val_score=0.865708 best=0.865708 P_MAE=3.9942 kPa y_iso_MAE=0.010941 T_MAE=2.0684 K y_isob_MAE=0.022276 improved=yes epoch_time=9.1s total_time=199.8s
[seed 4] [stage 2/3: joint VLE] [epoch 3/80] train_total=0.012438 val_score=0.942301 best=0.865708 P_MAE=3.5951 kPa y_iso_MAE=0.012378 T_MAE=2.2675 K y_isob_MAE=0.027264 improved=no epoch_time=9.1s total_time=209.0s
[seed 4] [stage 2/3: joint VLE] [epoch 4/80] train_total=0.012230 val_score=0.950556 best=0.865708 P_MAE=4.1526 kPa y_iso_MAE=0.010665 T_MAE=2.3866 K y_isob_MAE=0.027322 improved=no epoch_time=9.0s total_time=218.0s
[seed 4] [stage 2/3: joint VLE] [epoch 5/80] train_total=0.011801 val_score=0.853136 best=0.853136 P_MAE=3.5653 kPa y_iso_MAE=0.011293 T_MAE=2.0698 K y_isob_MAE=0.022625 improved=yes epoch_time=8.9s total_time=226.9s
[seed 4] [stage 2/3: joint VLE] [epoch 6/80] train_total=0.010713 val_score=1.071004 best=0.853136 P_MAE=4.9051 kPa y_iso_MAE=0.013537 T_MAE=2.6597 K y_isob_MAE=0.026721 improved=no epoch_time=9.1s total_time=236.0s
[seed 4] [stage 2/3: joint VLE] [epoch 7/80] train_total=0.011191 val_score=1.164692 best=0.853136 P_MAE=4.7512 kPa y_iso_MAE=0.017032 T_MAE=2.4059 K y_isob_MAE=0.032526 improved=no epoch_time=9.1s total_time=245.1s
[seed 4] [stage 2/3: joint VLE] [epoch 8/80] train_total=0.010136 val_score=0.982226 best=0.853136 P_MAE=2.9395 kPa y_iso_MAE=0.014152 T_MAE=2.2750 K y_isob_MAE=0.031213 improved=no epoch_time=9.4s total_time=254.5s
[seed 4] [stage 2/3: joint VLE] [epoch 9/80] train_total=0.010730 val_score=0.951702 best=0.853136 P_MAE=4.5931 kPa y_iso_MAE=0.010097 T_MAE=2.2549 K y_isob_MAE=0.027531 improved=no epoch_time=9.1s total_time=263.6s
[seed 4] [stage 2/3: joint VLE] [epoch 10/80] train_total=0.012558 val_score=0.947622 best=0.853136 P_MAE=4.5569 kPa y_iso_MAE=0.013344 T_MAE=2.0840 K y_isob_MAE=0.022412 improved=no epoch_time=8.9s total_time=272.5s
[seed 4] [stage 2/3: joint VLE] [epoch 11/80] train_total=0.011695 val_score=0.941023 best=0.853136 P_MAE=4.5619 kPa y_iso_MAE=0.010704 T_MAE=2.1666 K y_isob_MAE=0.026281 improved=no epoch_time=9.3s total_time=281.8s
[seed 4] [stage 2/3: joint VLE] [epoch 12/80] train_total=0.010100 val_score=0.973509 best=0.853136 P_MAE=4.7084 kPa y_iso_MAE=0.012615 T_MAE=2.1064 K y_isob_MAE=0.025471 improved=no epoch_time=9.1s total_time=291.0s
[seed 4] [stage 2/3: joint VLE] [epoch 13/80] train_total=0.011062 val_score=1.002897 best=0.853136 P_MAE=3.8759 kPa y_iso_MAE=0.015185 T_MAE=2.1289 K y_isob_MAE=0.027540 improved=no epoch_time=8.9s total_time=299.9s
[seed 4] [stage 2/3: joint VLE] [epoch 14/80] train_total=0.012236 val_score=1.001663 best=0.853136 P_MAE=5.2090 kPa y_iso_MAE=0.012265 T_MAE=2.1563 K y_isob_MAE=0.025782 improved=no epoch_time=9.4s total_time=309.3s
[seed 4] [stage 2/3: joint VLE] [epoch 15/80] train_total=0.011113 val_score=0.914396 best=0.853136 P_MAE=4.5168 kPa y_iso_MAE=0.012069 T_MAE=1.9119 K y_isob_MAE=0.023640 improved=no epoch_time=9.2s total_time=318.4s
[seed 4] [stage 2/3: joint VLE] [epoch 16/80] train_total=0.009872 val_score=0.990289 best=0.853136 P_MAE=5.4013 kPa y_iso_MAE=0.012456 T_MAE=2.2588 K y_isob_MAE=0.022123 improved=no epoch_time=9.4s total_time=327.8s
[seed 4] [stage 2/3: joint VLE] [epoch 17/80] train_total=0.009454 val_score=1.064413 best=0.853136 P_MAE=4.9123 kPa y_iso_MAE=0.012794 T_MAE=2.4973 K y_isob_MAE=0.029202 improved=no epoch_time=10.2s total_time=338.0s
{"direct_ge_parameter_summary": {"stage1_trainable_parameters": 1977601, "stage2_trainable_parameters": 2015043, "stage3": {"groups": [{"learning_rate": 2e-05, "name": "pair_potential", "parameter_count": 110977, "parameter_names": ["pair_potential.0.weight", "pair_potential.0.bias", "pair_potential.2.weight", "pair_potential.2.bias"]}, {"learning_rate": 1e-05, "name": "vapor_pressure", "parameter_count": 37442, "parameter_names": ["vapor_pressure.parameter_head.0.weight", "vapor_pressure.parameter_head.0.bias", "vapor_pressure.parameter_head.2.weight", "vapor_pressure.parameter_head.2.bias"]}, {"learning_rate": 5e-06, "name": "film", "parameter_count": 111744, "parameter_names": ["film.0.weight", "film.0.bias", "film.2.weight", "film.2.bias"]}, {"learning_rate": 5e-06, "name": "mixture_token", "parameter_count": 192, "parameter_names": ["mixture_token"]}], "total_parameters": 2015043, "trainable_fraction": 0.1292056794817778, "trainable_parameters": 260355}, "total_parameters": 2015043, "trainable_fraction": 0.1292056794817778, "trainable_parameters": 260355}}
[seed 4] [stage 3/3: fugacity] starting 10 epoch(s)
[seed 4] [stage 3/3: fugacity] [epoch 1/10] train_total=0.008562 val_score=0.881294 best=0.881294 P_MAE=3.9645 kPa y_iso_MAE=0.011376 T_MAE=2.0318 K y_isob_MAE=0.023508 improved=yes epoch_time=9.3s total_time=347.2s
[seed 4] [stage 3/3: fugacity] [epoch 2/10] train_total=0.008640 val_score=0.879885 best=0.879885 P_MAE=3.9878 kPa y_iso_MAE=0.011206 T_MAE=2.0555 K y_isob_MAE=0.023340 improved=yes epoch_time=8.7s total_time=356.0s
[seed 4] [stage 3/3: fugacity] [epoch 3/10] train_total=0.008369 val_score=0.879161 best=0.879161 P_MAE=3.9733 kPa y_iso_MAE=0.011114 T_MAE=2.0569 K y_isob_MAE=0.023520 improved=yes epoch_time=8.9s total_time=364.9s
[seed 4] [stage 3/3: fugacity] [epoch 4/10] train_total=0.008153 val_score=0.878874 best=0.878874 P_MAE=3.8997 kPa y_iso_MAE=0.011155 T_MAE=2.0416 K y_isob_MAE=0.023971 improved=yes epoch_time=8.8s total_time=373.7s
[seed 4] [stage 3/3: fugacity] [epoch 5/10] train_total=0.008095 val_score=0.878256 best=0.878256 P_MAE=3.9536 kPa y_iso_MAE=0.011049 T_MAE=2.0484 K y_isob_MAE=0.023757 improved=yes epoch_time=8.7s total_time=382.4s
[seed 4] [stage 3/3: fugacity] [epoch 6/10] train_total=0.008189 val_score=0.883038 best=0.878256 P_MAE=4.0777 kPa y_iso_MAE=0.010940 T_MAE=2.0788 K y_isob_MAE=0.023473 improved=no epoch_time=8.8s total_time=391.2s
[seed 4] [stage 3/3: fugacity] [epoch 7/10] train_total=0.008069 val_score=0.894248 best=0.878256 P_MAE=4.1024 kPa y_iso_MAE=0.010944 T_MAE=2.1334 K y_isob_MAE=0.023906 improved=no epoch_time=9.1s total_time=400.2s
[seed 4] [stage 3/3: fugacity] [epoch 8/10] train_total=0.007945 val_score=0.891898 best=0.878256 P_MAE=4.0742 kPa y_iso_MAE=0.011003 T_MAE=2.1165 K y_isob_MAE=0.023877 improved=no epoch_time=9.0s total_time=409.3s
[seed 4] [stage 3/3: fugacity] [epoch 9/10] train_total=0.008010 val_score=0.899047 best=0.878256 P_MAE=4.1451 kPa y_iso_MAE=0.011129 T_MAE=2.1269 K y_isob_MAE=0.023846 improved=no epoch_time=9.1s total_time=418.3s
[seed 4] [stage 3/3: fugacity] [epoch 10/10] train_total=0.007799 val_score=0.897863 best=0.878256 P_MAE=4.0772 kPa y_iso_MAE=0.011121 T_MAE=2.1240 K y_isob_MAE=0.024145 improved=no epoch_time=9.4s total_time=427.7s
{"protocol": "vle_binary_unseen_component", "seed": 4, "manifest": "D:\\VLE\\VLE\\thermoformer_project\\runs\\phase_equilibrium\\v1\\vle\\three\\results\\thermoformer_vle_three_stage.on.vle_binary_unseen_component\\seed_4\\manifest.json"}

$ E:\anaconda\envs\ggnn39\python.exe scripts/run_vle_benchmarks.py --protocol vle_binary_unseen_component --seeds 0 1 2 3 4 --output D:\VLE\VLE\phase_equilibrium\runs\phase_equilibrium\v1 --device cuda
