[stage experimental] starting 80 epoch(s)
[stage experimental] [epoch 1/80] train_total=1.004722 val_total=0.047847 best=0.047847 improved=yes epoch_time=2.0s total_time=2.0s
[stage experimental] [epoch 2/80] train_total=0.131078 val_total=0.048518 best=0.047847 improved=no epoch_time=1.6s total_time=3.6s
[stage experimental] [epoch 3/80] train_total=0.079251 val_total=0.041030 best=0.041030 improved=yes epoch_time=1.6s total_time=5.3s
[stage experimental] [epoch 4/80] train_total=0.064284 val_total=0.021699 best=0.021699 improved=yes epoch_time=1.6s total_time=6.9s
[stage experimental] [epoch 5/80] train_total=0.053939 val_total=0.023542 best=0.021699 improved=no epoch_time=1.6s total_time=8.5s
[stage experimental] [epoch 6/80] train_total=0.049908 val_total=0.030636 best=0.021699 improved=no epoch_time=1.6s total_time=10.2s
[stage experimental] [epoch 7/80] train_total=0.052106 val_total=0.028680 best=0.021699 improved=no epoch_time=1.6s total_time=11.8s
[stage experimental] [epoch 8/80] train_total=0.044957 val_total=0.025409 best=0.021699 improved=no epoch_time=1.6s total_time=13.3s
[stage experimental] [epoch 9/80] train_total=0.041822 val_total=0.025833 best=0.021699 improved=no epoch_time=1.6s total_time=14.9s
[stage experimental] [epoch 10/80] train_total=0.038059 val_total=0.026575 best=0.021699 improved=no epoch_time=1.6s total_time=16.5s
[stage experimental] [epoch 11/80] train_total=0.040758 val_total=0.021995 best=0.021699 improved=no epoch_time=1.5s total_time=18.0s
[stage experimental] [epoch 12/80] train_total=0.038036 val_total=0.018005 best=0.018005 improved=yes epoch_time=1.6s total_time=19.6s
[stage experimental] [epoch 13/80] train_total=0.037227 val_total=0.027207 best=0.018005 improved=no epoch_time=1.6s total_time=21.2s
[stage experimental] [epoch 14/80] train_total=0.038393 val_total=0.023633 best=0.018005 improved=no epoch_time=1.6s total_time=22.8s
[stage experimental] [epoch 15/80] train_total=0.033910 val_total=0.029486 best=0.018005 improved=no epoch_time=1.6s total_time=24.4s
[stage experimental] [epoch 16/80] train_total=0.037494 val_total=0.030493 best=0.018005 improved=no epoch_time=1.6s total_time=26.0s
[stage experimental] [epoch 17/80] train_total=0.032924 val_total=0.022314 best=0.018005 improved=no epoch_time=1.6s total_time=27.6s
[stage experimental] [epoch 18/80] train_total=0.031104 val_total=0.019314 best=0.018005 improved=no epoch_time=1.6s total_time=29.2s
[stage experimental] [epoch 19/80] train_total=0.030627 val_total=0.020336 best=0.018005 improved=no epoch_time=1.6s total_time=30.9s
[stage experimental] [epoch 20/80] train_total=0.031966 val_total=0.022177 best=0.018005 improved=no epoch_time=1.5s total_time=32.4s
[stage experimental] [epoch 21/80] train_total=0.029562 val_total=0.024698 best=0.018005 improved=no epoch_time=1.6s total_time=34.0s
[stage experimental] [epoch 22/80] train_total=0.031299 val_total=0.019417 best=0.018005 improved=no epoch_time=1.6s total_time=35.6s
[stage experimental] [epoch 23/80] train_total=0.027720 val_total=0.018519 best=0.018005 improved=no epoch_time=1.6s total_time=37.2s
[stage experimental] [epoch 24/80] train_total=0.027495 val_total=0.020960 best=0.018005 improved=no epoch_time=1.6s total_time=38.8s
[stage experimental] early stopping at epoch 24; best_validation=0.018005
[seed 0] [stage 1/3: direct GE] starting 20 epoch(s)
[seed 0] [stage 1/3: direct GE] [epoch 1/20] train_total=0.007926 val_score=0.854698 best=0.854698 P_MAE=1.6631 kPa y_iso_MAE=0.017512 T_MAE=3.7146 K y_isob_MAE=0.045494 improved=yes epoch_time=22.0s total_time=42.5s
[seed 0] [stage 1/3: direct GE] [epoch 2/20] train_total=0.006828 val_score=1.020299 best=0.854698 P_MAE=2.7343 kPa y_iso_MAE=0.019672 T_MAE=3.7271 K y_isob_MAE=0.048475 improved=no epoch_time=21.3s total_time=63.8s
[seed 0] [stage 1/3: direct GE] [epoch 3/20] train_total=0.005647 val_score=0.995984 best=0.854698 P_MAE=2.5295 kPa y_iso_MAE=0.018849 T_MAE=3.9955 K y_isob_MAE=0.046852 improved=no epoch_time=22.6s total_time=86.4s
[seed 0] [stage 1/3: direct GE] [epoch 4/20] train_total=0.005222 val_score=1.028324 best=0.854698 P_MAE=2.4034 kPa y_iso_MAE=0.020330 T_MAE=4.1314 K y_isob_MAE=0.051239 improved=no epoch_time=21.5s total_time=107.9s
[seed 0] [stage 1/3: direct GE] [epoch 5/20] train_total=0.005195 val_score=1.057194 best=0.854698 P_MAE=3.2002 kPa y_iso_MAE=0.019612 T_MAE=3.4726 K y_isob_MAE=0.048271 improved=no epoch_time=22.0s total_time=129.9s
[seed 0] [stage 1/3: direct GE] [epoch 6/20] train_total=0.005188 val_score=0.978433 best=0.854698 P_MAE=2.2146 kPa y_iso_MAE=0.021740 T_MAE=3.6862 K y_isob_MAE=0.048276 improved=no epoch_time=23.2s total_time=153.0s
[seed 0] [stage 1/3: direct GE] [epoch 7/20] train_total=0.005443 val_score=1.004485 best=0.854698 P_MAE=2.4729 kPa y_iso_MAE=0.020090 T_MAE=3.7008 K y_isob_MAE=0.050844 improved=no epoch_time=22.8s total_time=175.8s
[seed 0] [stage 1/3: direct GE] [epoch 8/20] train_total=0.005317 val_score=1.120323 best=0.854698 P_MAE=2.9086 kPa y_iso_MAE=0.025363 T_MAE=3.8632 K y_isob_MAE=0.050078 improved=no epoch_time=21.9s total_time=197.7s
[seed 0] [stage 1/3: direct GE] [epoch 9/20] train_total=0.004557 val_score=1.114472 best=0.854698 P_MAE=3.1286 kPa y_iso_MAE=0.023627 T_MAE=3.8261 K y_isob_MAE=0.048059 improved=no epoch_time=22.1s total_time=219.7s
[seed 0] [stage 1/3: direct GE] [epoch 10/20] train_total=0.004402 val_score=1.132968 best=0.854698 P_MAE=2.9747 kPa y_iso_MAE=0.022688 T_MAE=4.3866 K y_isob_MAE=0.050302 improved=no epoch_time=22.6s total_time=242.3s
[seed 0] [stage 1/3: direct GE] [epoch 11/20] train_total=0.004737 val_score=1.080570 best=0.854698 P_MAE=2.8502 kPa y_iso_MAE=0.023592 T_MAE=3.6623 K y_isob_MAE=0.049960 improved=no epoch_time=22.4s total_time=264.7s
[seed 0] [stage 1/3: direct GE] [epoch 12/20] train_total=0.004531 val_score=1.081475 best=0.854698 P_MAE=2.8141 kPa y_iso_MAE=0.024293 T_MAE=3.6812 K y_isob_MAE=0.049212 improved=no epoch_time=22.2s total_time=287.0s
[seed 0] [stage 1/3: direct GE] [epoch 13/20] train_total=0.004284 val_score=1.138868 best=0.854698 P_MAE=3.2284 kPa y_iso_MAE=0.021048 T_MAE=4.3166 K y_isob_MAE=0.050030 improved=no epoch_time=22.4s total_time=309.3s
[seed 0] [stage 1/3: direct GE] [epoch 14/20] train_total=0.004732 val_score=1.115458 best=0.854698 P_MAE=2.8891 kPa y_iso_MAE=0.022024 T_MAE=4.2393 K y_isob_MAE=0.052130 improved=no epoch_time=22.4s total_time=331.7s
[seed 0] [stage 1/3: direct GE] [epoch 15/20] train_total=0.004399 val_score=1.159947 best=0.854698 P_MAE=3.1295 kPa y_iso_MAE=0.022656 T_MAE=4.4723 K y_isob_MAE=0.051032 improved=no epoch_time=22.6s total_time=354.4s
[seed 0] [stage 1/3: direct GE] [epoch 16/20] train_total=0.004076 val_score=1.144413 best=0.854698 P_MAE=2.8360 kPa y_iso_MAE=0.022447 T_MAE=4.5586 K y_isob_MAE=0.054156 improved=no epoch_time=22.6s total_time=377.0s
[seed 0] [stage 1/3: direct GE] [epoch 17/20] train_total=0.004183 val_score=1.159780 best=0.854698 P_MAE=3.0760 kPa y_iso_MAE=0.024216 T_MAE=4.3020 K y_isob_MAE=0.050978 improved=no epoch_time=22.8s total_time=399.8s
[seed 0] [stage 1/3: direct GE] [epoch 18/20] train_total=0.004212 val_score=1.218977 best=0.854698 P_MAE=3.8070 kPa y_iso_MAE=0.023284 T_MAE=4.1853 K y_isob_MAE=0.049193 improved=no epoch_time=22.7s total_time=422.5s
[seed 0] [stage 1/3: direct GE] [epoch 19/20] train_total=0.003941 val_score=1.117232 best=0.854698 P_MAE=3.2073 kPa y_iso_MAE=0.022168 T_MAE=4.0291 K y_isob_MAE=0.047409 improved=no epoch_time=23.4s total_time=445.9s
[seed 0] [stage 1/3: direct GE] [epoch 20/20] train_total=0.003973 val_score=1.216450 best=0.854698 P_MAE=3.5115 kPa y_iso_MAE=0.022882 T_MAE=4.4114 K y_isob_MAE=0.053600 improved=no epoch_time=22.9s total_time=468.8s
[seed 0] [stage 2/3: joint VLE] starting 80 epoch(s)
[seed 0] [stage 2/3: joint VLE] [epoch 1/80] train_total=0.056302 val_score=1.285413 best=1.285413 P_MAE=4.5396 kPa y_iso_MAE=0.020301 T_MAE=4.8013 K y_isob_MAE=0.044077 improved=yes epoch_time=24.2s total_time=493.0s
[seed 0] [stage 2/3: joint VLE] [epoch 2/80] train_total=0.045422 val_score=1.226271 best=1.226271 P_MAE=4.6745 kPa y_iso_MAE=0.021068 T_MAE=3.5979 K y_isob_MAE=0.042689 improved=yes epoch_time=23.6s total_time=516.6s
[seed 0] [stage 2/3: joint VLE] [epoch 3/80] train_total=0.043729 val_score=1.114103 best=1.114103 P_MAE=3.5153 kPa y_iso_MAE=0.023992 T_MAE=3.7964 K y_isob_MAE=0.038574 improved=yes epoch_time=23.8s total_time=540.3s
[seed 0] [stage 2/3: joint VLE] [epoch 4/80] train_total=0.047039 val_score=1.322599 best=1.114103 P_MAE=4.8188 kPa y_iso_MAE=0.023360 T_MAE=4.0174 K y_isob_MAE=0.048114 improved=no epoch_time=23.3s total_time=563.6s
[seed 0] [stage 2/3: joint VLE] [epoch 5/80] train_total=0.046498 val_score=0.997246 best=0.997246 P_MAE=2.5629 kPa y_iso_MAE=0.022923 T_MAE=4.0097 K y_isob_MAE=0.037252 improved=yes epoch_time=24.3s total_time=588.0s
[seed 0] [stage 2/3: joint VLE] [epoch 6/80] train_total=0.041322 val_score=0.991494 best=0.991494 P_MAE=3.1536 kPa y_iso_MAE=0.021931 T_MAE=3.0495 K y_isob_MAE=0.036616 improved=yes epoch_time=23.8s total_time=611.8s
[seed 0] [stage 2/3: joint VLE] [epoch 7/80] train_total=0.043816 val_score=1.222485 best=0.991494 P_MAE=4.0792 kPa y_iso_MAE=0.026345 T_MAE=3.4782 K y_isob_MAE=0.045767 improved=no epoch_time=24.0s total_time=635.8s
[seed 0] [stage 2/3: joint VLE] [epoch 8/80] train_total=0.042501 val_score=1.103351 best=0.991494 P_MAE=3.6820 kPa y_iso_MAE=0.020556 T_MAE=3.9010 K y_isob_MAE=0.038757 improved=no epoch_time=24.3s total_time=660.1s
[seed 0] [stage 2/3: joint VLE] [epoch 9/80] train_total=0.035363 val_score=0.973983 best=0.973983 P_MAE=2.9130 kPa y_iso_MAE=0.020769 T_MAE=3.4593 K y_isob_MAE=0.036132 improved=yes epoch_time=23.9s total_time=684.0s
[seed 0] [stage 2/3: joint VLE] [epoch 10/80] train_total=0.036587 val_score=0.999875 best=0.973983 P_MAE=2.7711 kPa y_iso_MAE=0.019970 T_MAE=4.2127 K y_isob_MAE=0.036829 improved=no epoch_time=24.2s total_time=708.2s
[seed 0] [stage 2/3: joint VLE] [epoch 11/80] train_total=0.032689 val_score=1.055959 best=0.973983 P_MAE=3.0572 kPa y_iso_MAE=0.022889 T_MAE=4.0855 K y_isob_MAE=0.036498 improved=no epoch_time=23.5s total_time=731.7s
[seed 0] [stage 2/3: joint VLE] [epoch 12/80] train_total=0.036300 val_score=1.086595 best=0.973983 P_MAE=3.5525 kPa y_iso_MAE=0.021838 T_MAE=3.3554 K y_isob_MAE=0.042510 improved=no epoch_time=24.0s total_time=755.6s
[seed 0] [stage 2/3: joint VLE] [epoch 13/80] train_total=0.034100 val_score=0.964561 best=0.964561 P_MAE=2.9835 kPa y_iso_MAE=0.018673 T_MAE=3.5328 K y_isob_MAE=0.036280 improved=yes epoch_time=23.3s total_time=778.9s
[seed 0] [stage 2/3: joint VLE] [epoch 14/80] train_total=0.030767 val_score=1.074605 best=0.964561 P_MAE=3.6806 kPa y_iso_MAE=0.021755 T_MAE=3.5395 K y_isob_MAE=0.035028 improved=no epoch_time=23.1s total_time=802.0s
[seed 0] [stage 2/3: joint VLE] [epoch 15/80] train_total=0.032895 val_score=1.150344 best=0.964561 P_MAE=4.4434 kPa y_iso_MAE=0.019059 T_MAE=3.3365 K y_isob_MAE=0.040714 improved=no epoch_time=23.2s total_time=825.2s
[seed 0] [stage 2/3: joint VLE] [epoch 16/80] train_total=0.029377 val_score=1.055333 best=0.964561 P_MAE=3.4636 kPa y_iso_MAE=0.020827 T_MAE=3.6551 K y_isob_MAE=0.036836 improved=no epoch_time=24.1s total_time=849.3s
[seed 0] [stage 2/3: joint VLE] [epoch 17/80] train_total=0.027886 val_score=0.961829 best=0.961829 P_MAE=3.3965 kPa y_iso_MAE=0.018214 T_MAE=2.9436 K y_isob_MAE=0.034545 improved=yes epoch_time=23.4s total_time=872.7s
[seed 0] [stage 2/3: joint VLE] [epoch 18/80] train_total=0.025599 val_score=0.984045 best=0.961829 P_MAE=3.2123 kPa y_iso_MAE=0.019229 T_MAE=3.6578 K y_isob_MAE=0.032031 improved=no epoch_time=23.1s total_time=895.8s
[seed 0] [stage 2/3: joint VLE] [epoch 19/80] train_total=0.028576 val_score=0.937767 best=0.937767 P_MAE=3.0439 kPa y_iso_MAE=0.019492 T_MAE=2.9624 K y_isob_MAE=0.034956 improved=yes epoch_time=23.2s total_time=919.0s
[seed 0] [stage 2/3: joint VLE] [epoch 20/80] train_total=0.024933 val_score=0.953920 best=0.937767 P_MAE=3.5696 kPa y_iso_MAE=0.018558 T_MAE=2.6180 K y_isob_MAE=0.032297 improved=no epoch_time=23.6s total_time=942.6s
[seed 0] [stage 2/3: joint VLE] [epoch 21/80] train_total=0.025432 val_score=0.778072 best=0.778072 P_MAE=2.0936 kPa y_iso_MAE=0.017988 T_MAE=2.7351 K y_isob_MAE=0.031599 improved=yes epoch_time=23.9s total_time=966.4s
[seed 0] [stage 2/3: joint VLE] [epoch 22/80] train_total=0.022910 val_score=0.967930 best=0.778072 P_MAE=3.5990 kPa y_iso_MAE=0.020500 T_MAE=2.5333 K y_isob_MAE=0.031209 improved=no epoch_time=25.2s total_time=991.7s
[seed 0] [stage 2/3: joint VLE] [epoch 23/80] train_total=0.024844 val_score=0.993515 best=0.778072 P_MAE=3.4969 kPa y_iso_MAE=0.020371 T_MAE=3.1781 K y_isob_MAE=0.030823 improved=no epoch_time=24.8s total_time=1016.5s
[seed 0] [stage 2/3: joint VLE] [epoch 24/80] train_total=0.022161 val_score=0.949942 best=0.778072 P_MAE=3.4179 kPa y_iso_MAE=0.017800 T_MAE=2.8936 K y_isob_MAE=0.033227 improved=no epoch_time=24.0s total_time=1040.5s
[seed 0] [stage 2/3: joint VLE] [epoch 25/80] train_total=0.019389 val_score=0.986888 best=0.778072 P_MAE=3.8788 kPa y_iso_MAE=0.018853 T_MAE=2.6190 K y_isob_MAE=0.030974 improved=no epoch_time=23.3s total_time=1063.9s
[seed 0] [stage 2/3: joint VLE] [epoch 26/80] train_total=0.023695 val_score=0.976739 best=0.778072 P_MAE=3.1092 kPa y_iso_MAE=0.018856 T_MAE=3.4074 K y_isob_MAE=0.036943 improved=no epoch_time=23.8s total_time=1087.7s
[seed 0] [stage 2/3: joint VLE] [epoch 27/80] train_total=0.019859 val_score=0.787174 best=0.778072 P_MAE=2.2425 kPa y_iso_MAE=0.021480 T_MAE=2.4291 K y_isob_MAE=0.026160 improved=no epoch_time=24.6s total_time=1112.3s
[seed 0] [stage 2/3: joint VLE] [epoch 28/80] train_total=0.017491 val_score=0.994891 best=0.778072 P_MAE=3.9387 kPa y_iso_MAE=0.019901 T_MAE=2.5316 K y_isob_MAE=0.029974 improved=no epoch_time=24.2s total_time=1136.5s
[seed 0] [stage 2/3: joint VLE] [epoch 29/80] train_total=0.018200 val_score=1.024118 best=0.778072 P_MAE=3.8994 kPa y_iso_MAE=0.018700 T_MAE=3.3058 K y_isob_MAE=0.029562 improved=no epoch_time=24.2s total_time=1160.7s
[seed 0] [stage 2/3: joint VLE] [epoch 30/80] train_total=0.018499 val_score=1.069961 best=0.778072 P_MAE=3.9826 kPa y_iso_MAE=0.023945 T_MAE=2.7756 K y_isob_MAE=0.031909 improved=no epoch_time=24.0s total_time=1184.7s
[seed 0] [stage 2/3: joint VLE] [epoch 31/80] train_total=0.017631 val_score=1.033708 best=0.778072 P_MAE=4.0691 kPa y_iso_MAE=0.020108 T_MAE=2.9095 K y_isob_MAE=0.029421 improved=no epoch_time=24.1s total_time=1208.8s
[seed 0] [stage 2/3: joint VLE] [epoch 32/80] train_total=0.016992 val_score=1.010031 best=0.778072 P_MAE=4.1227 kPa y_iso_MAE=0.018705 T_MAE=2.7299 K y_isob_MAE=0.028810 improved=no epoch_time=23.6s total_time=1232.4s
[seed 0] [stage 2/3: joint VLE] [epoch 33/80] train_total=0.016428 val_score=0.928959 best=0.778072 P_MAE=3.4942 kPa y_iso_MAE=0.020206 T_MAE=2.4966 K y_isob_MAE=0.027039 improved=no epoch_time=24.7s total_time=1257.2s
{"direct_ge_parameter_summary": {"stage1_trainable_parameters": 1977601, "stage2_trainable_parameters": 2015043, "stage3": {"groups": [{"learning_rate": 2e-05, "name": "pair_potential", "parameter_count": 110977, "parameter_names": ["pair_potential.0.weight", "pair_potential.0.bias", "pair_potential.2.weight", "pair_potential.2.bias"]}, {"learning_rate": 1e-05, "name": "vapor_pressure", "parameter_count": 37442, "parameter_names": ["vapor_pressure.parameter_head.0.weight", "vapor_pressure.parameter_head.0.bias", "vapor_pressure.parameter_head.2.weight", "vapor_pressure.parameter_head.2.bias"]}, {"learning_rate": 5e-06, "name": "film", "parameter_count": 111744, "parameter_names": ["film.0.weight", "film.0.bias", "film.2.weight", "film.2.bias"]}, {"learning_rate": 5e-06, "name": "mixture_token", "parameter_count": 192, "parameter_names": ["mixture_token"]}], "total_parameters": 2015043, "trainable_fraction": 0.1292056794817778, "trainable_parameters": 260355}, "total_parameters": 2015043, "trainable_fraction": 0.1292056794817778, "trainable_parameters": 260355}}
[seed 0] [stage 3/3: fugacity] starting 10 epoch(s)
[seed 0] [stage 3/3: fugacity] [epoch 1/10] train_total=0.019833 val_score=0.804885 best=0.804885 P_MAE=2.5926 kPa y_iso_MAE=0.018119 T_MAE=2.3588 K y_isob_MAE=0.029744 improved=yes epoch_time=24.1s total_time=1281.3s
[seed 0] [stage 3/3: fugacity] [epoch 2/10] train_total=0.017952 val_score=0.835275 best=0.804885 P_MAE=2.8568 kPa y_iso_MAE=0.018534 T_MAE=2.3048 K y_isob_MAE=0.029387 improved=no epoch_time=24.1s total_time=1305.3s
[seed 0] [stage 3/3: fugacity] [epoch 3/10] train_total=0.017349 val_score=0.848885 best=0.804885 P_MAE=2.9292 kPa y_iso_MAE=0.018515 T_MAE=2.3711 K y_isob_MAE=0.029602 improved=no epoch_time=23.9s total_time=1329.3s
[seed 0] [stage 3/3: fugacity] [epoch 4/10] train_total=0.016854 val_score=0.853691 best=0.804885 P_MAE=2.9491 kPa y_iso_MAE=0.018476 T_MAE=2.4076 K y_isob_MAE=0.029720 improved=no epoch_time=24.5s total_time=1353.8s
[seed 0] [stage 3/3: fugacity] [epoch 5/10] train_total=0.016944 val_score=0.859154 best=0.804885 P_MAE=2.9437 kPa y_iso_MAE=0.018574 T_MAE=2.4736 K y_isob_MAE=0.029883 improved=no epoch_time=24.6s total_time=1378.4s
[seed 0] [stage 3/3: fugacity] [epoch 6/10] train_total=0.016919 val_score=0.863566 best=0.804885 P_MAE=2.9617 kPa y_iso_MAE=0.018660 T_MAE=2.4938 K y_isob_MAE=0.029894 improved=no epoch_time=24.4s total_time=1402.7s
[seed 0] [stage 3/3: fugacity] [epoch 7/10] train_total=0.016576 val_score=0.880987 best=0.804885 P_MAE=3.0982 kPa y_iso_MAE=0.018898 T_MAE=2.4760 K y_isob_MAE=0.029870 improved=no epoch_time=25.2s total_time=1427.9s
[seed 0] [stage 3/3: fugacity] [epoch 8/10] train_total=0.016726 val_score=0.867762 best=0.804885 P_MAE=3.0270 kPa y_iso_MAE=0.018977 T_MAE=2.4024 K y_isob_MAE=0.029663 improved=no epoch_time=25.0s total_time=1452.9s
[seed 0] [stage 3/3: fugacity] [epoch 9/10] train_total=0.016782 val_score=0.873893 best=0.804885 P_MAE=3.0578 kPa y_iso_MAE=0.018851 T_MAE=2.4495 K y_isob_MAE=0.029843 improved=no epoch_time=24.1s total_time=1477.0s
[seed 0] [stage 3/3: fugacity] [epoch 10/10] train_total=0.016740 val_score=0.883544 best=0.804885 P_MAE=3.1164 kPa y_iso_MAE=0.019541 T_MAE=2.3951 K y_isob_MAE=0.029566 improved=no epoch_time=23.5s total_time=1500.5s
{"protocol": "vle_overall_binary", "seed": 0, "manifest": "D:\\VLE\\VLE\\thermoformer_project\\runs\\phase_equilibrium\\v1\\vle\\three\\results\\thermoformer_vle_three_stage.on.vle_overall_binary\\seed_0\\manifest.json"}
[stage experimental] starting 80 epoch(s)
[stage experimental] [epoch 1/80] train_total=1.069754 val_total=0.105673 best=0.105673 improved=yes epoch_time=1.7s total_time=1.7s
[stage experimental] [epoch 2/80] train_total=0.114951 val_total=0.059351 best=0.059351 improved=yes epoch_time=1.7s total_time=3.4s
[stage experimental] [epoch 3/80] train_total=0.070919 val_total=0.043024 best=0.043024 improved=yes epoch_time=1.7s total_time=5.1s
[stage experimental] [epoch 4/80] train_total=0.060282 val_total=0.056258 best=0.043024 improved=no epoch_time=1.7s total_time=6.9s
[stage experimental] [epoch 5/80] train_total=0.061159 val_total=0.051820 best=0.043024 improved=no epoch_time=1.7s total_time=8.6s
[stage experimental] [epoch 6/80] train_total=0.054499 val_total=0.034841 best=0.034841 improved=yes epoch_time=1.7s total_time=10.3s
[stage experimental] [epoch 7/80] train_total=0.041206 val_total=0.041979 best=0.034841 improved=no epoch_time=1.7s total_time=12.0s
[stage experimental] [epoch 8/80] train_total=0.042897 val_total=0.036243 best=0.034841 improved=no epoch_time=1.7s total_time=13.7s
[stage experimental] [epoch 9/80] train_total=0.042268 val_total=0.039902 best=0.034841 improved=no epoch_time=1.7s total_time=15.4s
[stage experimental] [epoch 10/80] train_total=0.038245 val_total=0.031831 best=0.031831 improved=yes epoch_time=1.8s total_time=17.2s
[stage experimental] [epoch 11/80] train_total=0.039401 val_total=0.038340 best=0.031831 improved=no epoch_time=1.8s total_time=19.0s
[stage experimental] [epoch 12/80] train_total=0.035978 val_total=0.028200 best=0.028200 improved=yes epoch_time=1.6s total_time=20.6s
[stage experimental] [epoch 13/80] train_total=0.033906 val_total=0.034288 best=0.028200 improved=no epoch_time=2.0s total_time=22.6s
[stage experimental] [epoch 14/80] train_total=0.036654 val_total=0.028057 best=0.028057 improved=yes epoch_time=2.3s total_time=24.9s
[stage experimental] [epoch 15/80] train_total=0.035608 val_total=0.045532 best=0.028057 improved=no epoch_time=1.8s total_time=26.7s
[stage experimental] [epoch 16/80] train_total=0.038916 val_total=0.028744 best=0.028057 improved=no epoch_time=2.0s total_time=28.7s
[stage experimental] [epoch 17/80] train_total=0.031815 val_total=0.029278 best=0.028057 improved=no epoch_time=1.8s total_time=30.5s
[stage experimental] [epoch 18/80] train_total=0.034199 val_total=0.029938 best=0.028057 improved=no epoch_time=1.8s total_time=32.3s
[stage experimental] [epoch 19/80] train_total=0.032604 val_total=0.034879 best=0.028057 improved=no epoch_time=1.7s total_time=34.0s
[stage experimental] [epoch 20/80] train_total=0.030440 val_total=0.024712 best=0.024712 improved=yes epoch_time=1.6s total_time=35.7s
[stage experimental] [epoch 21/80] train_total=0.030854 val_total=0.034412 best=0.024712 improved=no epoch_time=1.7s total_time=37.4s
[stage experimental] [epoch 22/80] train_total=0.028381 val_total=0.027362 best=0.024712 improved=no epoch_time=1.7s total_time=39.0s
[stage experimental] [epoch 23/80] train_total=0.026391 val_total=0.029800 best=0.024712 improved=no epoch_time=1.8s total_time=40.8s
[stage experimental] [epoch 24/80] train_total=0.027648 val_total=0.020710 best=0.020710 improved=yes epoch_time=1.8s total_time=42.5s
[stage experimental] [epoch 25/80] train_total=0.025244 val_total=0.025481 best=0.020710 improved=no epoch_time=1.7s total_time=44.2s
[stage experimental] [epoch 26/80] train_total=0.024575 val_total=0.024754 best=0.020710 improved=no epoch_time=1.7s total_time=45.9s
[stage experimental] [epoch 27/80] train_total=0.023033 val_total=0.030082 best=0.020710 improved=no epoch_time=1.6s total_time=47.5s
[stage experimental] [epoch 28/80] train_total=0.025713 val_total=0.029313 best=0.020710 improved=no epoch_time=1.6s total_time=49.1s
[stage experimental] [epoch 29/80] train_total=0.022460 val_total=0.024302 best=0.020710 improved=no epoch_time=1.7s total_time=50.8s
[stage experimental] [epoch 30/80] train_total=0.021853 val_total=0.017298 best=0.017298 improved=yes epoch_time=1.7s total_time=52.5s
[stage experimental] [epoch 31/80] train_total=0.020169 val_total=0.023458 best=0.017298 improved=no epoch_time=1.7s total_time=54.1s
[stage experimental] [epoch 32/80] train_total=0.020695 val_total=0.025328 best=0.017298 improved=no epoch_time=1.6s total_time=55.8s
[stage experimental] [epoch 33/80] train_total=0.020358 val_total=0.017781 best=0.017298 improved=no epoch_time=1.7s total_time=57.5s
[stage experimental] [epoch 34/80] train_total=0.019305 val_total=0.025451 best=0.017298 improved=no epoch_time=1.6s total_time=59.1s
[stage experimental] [epoch 35/80] train_total=0.018570 val_total=0.024073 best=0.017298 improved=no epoch_time=1.7s total_time=60.8s
[stage experimental] [epoch 36/80] train_total=0.016713 val_total=0.016926 best=0.016926 improved=yes epoch_time=1.6s total_time=62.4s
[stage experimental] [epoch 37/80] train_total=0.017030 val_total=0.015620 best=0.015620 improved=yes epoch_time=1.7s total_time=64.2s
[stage experimental] [epoch 38/80] train_total=0.017386 val_total=0.018747 best=0.015620 improved=no epoch_time=1.6s total_time=65.8s
[stage experimental] [epoch 39/80] train_total=0.013725 val_total=0.018274 best=0.015620 improved=no epoch_time=1.7s total_time=67.5s
[stage experimental] [epoch 40/80] train_total=0.016038 val_total=0.018904 best=0.015620 improved=no epoch_time=2.1s total_time=69.6s
[stage experimental] [epoch 41/80] train_total=0.013556 val_total=0.016097 best=0.015620 improved=no epoch_time=1.9s total_time=71.5s
[stage experimental] [epoch 42/80] train_total=0.013809 val_total=0.020789 best=0.015620 improved=no epoch_time=2.0s total_time=73.5s
[stage experimental] [epoch 43/80] train_total=0.012793 val_total=0.014814 best=0.014814 improved=yes epoch_time=1.9s total_time=75.3s
[stage experimental] [epoch 44/80] train_total=0.012574 val_total=0.018060 best=0.014814 improved=no epoch_time=2.0s total_time=77.3s
[stage experimental] [epoch 45/80] train_total=0.014241 val_total=0.024254 best=0.014814 improved=no epoch_time=1.9s total_time=79.1s
[stage experimental] [epoch 46/80] train_total=0.015976 val_total=0.013171 best=0.013171 improved=yes epoch_time=1.8s total_time=80.9s
[stage experimental] [epoch 47/80] train_total=0.011512 val_total=0.015539 best=0.013171 improved=no epoch_time=2.0s total_time=82.9s
[stage experimental] [epoch 48/80] train_total=0.011756 val_total=0.012010 best=0.012010 improved=yes epoch_time=2.0s total_time=84.9s
[stage experimental] [epoch 49/80] train_total=0.010702 val_total=0.014405 best=0.012010 improved=no epoch_time=2.1s total_time=87.0s
[stage experimental] [epoch 50/80] train_total=0.012514 val_total=0.015508 best=0.012010 improved=no epoch_time=2.0s total_time=89.0s
[stage experimental] [epoch 51/80] train_total=0.009149 val_total=0.016492 best=0.012010 improved=no epoch_time=2.2s total_time=91.2s
[stage experimental] [epoch 52/80] train_total=0.008897 val_total=0.016653 best=0.012010 improved=no epoch_time=1.9s total_time=93.2s
[stage experimental] [epoch 53/80] train_total=0.011990 val_total=0.019217 best=0.012010 improved=no epoch_time=2.1s total_time=95.3s
[stage experimental] [epoch 54/80] train_total=0.011358 val_total=0.026322 best=0.012010 improved=no epoch_time=2.0s total_time=97.2s
[stage experimental] [epoch 55/80] train_total=0.010201 val_total=0.015734 best=0.012010 improved=no epoch_time=2.0s total_time=99.2s
[stage experimental] [epoch 56/80] train_total=0.010511 val_total=0.013045 best=0.012010 improved=no epoch_time=2.0s total_time=101.2s
[stage experimental] [epoch 57/80] train_total=0.009026 val_total=0.014202 best=0.012010 improved=no epoch_time=2.0s total_time=103.2s
[stage experimental] [epoch 58/80] train_total=0.007983 val_total=0.013649 best=0.012010 improved=no epoch_time=2.0s total_time=105.2s
[stage experimental] [epoch 59/80] train_total=0.008262 val_total=0.016541 best=0.012010 improved=no epoch_time=2.1s total_time=107.3s
[stage experimental] [epoch 60/80] train_total=0.009044 val_total=0.012577 best=0.012010 improved=no epoch_time=2.0s total_time=109.2s
[stage experimental] early stopping at epoch 60; best_validation=0.012010
[seed 1] [stage 1/3: direct GE] starting 20 epoch(s)
[seed 1] [stage 1/3: direct GE] [epoch 1/20] train_total=0.004848 val_score=0.899466 best=0.899466 P_MAE=7.3299 kPa y_iso_MAE=0.012959 T_MAE=1.9524 K y_isob_MAE=0.024468 improved=yes epoch_time=26.9s total_time=53.4s
[seed 1] [stage 1/3: direct GE] [epoch 2/20] train_total=0.003680 val_score=0.931967 best=0.899466 P_MAE=8.1645 kPa y_iso_MAE=0.013498 T_MAE=1.9779 K y_isob_MAE=0.024060 improved=no epoch_time=26.8s total_time=80.2s
[seed 1] [stage 1/3: direct GE] [epoch 3/20] train_total=0.003980 val_score=1.096891 best=0.899466 P_MAE=9.9282 kPa y_iso_MAE=0.018976 T_MAE=2.2843 K y_isob_MAE=0.023184 improved=no epoch_time=26.8s total_time=107.1s
[seed 1] [stage 1/3: direct GE] [epoch 4/20] train_total=0.003329 val_score=1.037655 best=0.899466 P_MAE=9.5086 kPa y_iso_MAE=0.018665 T_MAE=1.8987 K y_isob_MAE=0.023888 improved=no epoch_time=26.3s total_time=133.4s
[seed 1] [stage 1/3: direct GE] [epoch 5/20] train_total=0.003521 val_score=1.026486 best=0.899466 P_MAE=9.8755 kPa y_iso_MAE=0.017452 T_MAE=1.9132 K y_isob_MAE=0.023263 improved=no epoch_time=27.2s total_time=160.6s
[seed 1] [stage 1/3: direct GE] [epoch 6/20] train_total=0.003106 val_score=0.959378 best=0.899466 P_MAE=8.6199 kPa y_iso_MAE=0.018540 T_MAE=1.6180 K y_isob_MAE=0.022448 improved=no epoch_time=28.8s total_time=189.4s
[seed 1] [stage 1/3: direct GE] [epoch 7/20] train_total=0.003220 val_score=1.180543 best=0.899466 P_MAE=10.6555 kPa y_iso_MAE=0.022102 T_MAE=2.2170 K y_isob_MAE=0.025623 improved=no epoch_time=28.4s total_time=217.8s
[seed 1] [stage 1/3: direct GE] [epoch 8/20] train_total=0.004335 val_score=1.273028 best=0.899466 P_MAE=10.2358 kPa y_iso_MAE=0.026814 T_MAE=2.2372 K y_isob_MAE=0.028978 improved=no epoch_time=28.8s total_time=246.6s
[seed 1] [stage 1/3: direct GE] [epoch 9/20] train_total=0.003250 val_score=1.235078 best=0.899466 P_MAE=10.8492 kPa y_iso_MAE=0.024565 T_MAE=2.0117 K y_isob_MAE=0.029532 improved=no epoch_time=28.2s total_time=274.8s
[seed 1] [stage 1/3: direct GE] [epoch 10/20] train_total=0.003875 val_score=1.352597 best=0.899466 P_MAE=11.2192 kPa y_iso_MAE=0.026883 T_MAE=2.4191 K y_isob_MAE=0.031625 improved=no epoch_time=28.2s total_time=302.9s
[seed 1] [stage 1/3: direct GE] [epoch 11/20] train_total=0.002968 val_score=1.249482 best=0.899466 P_MAE=9.8713 kPa y_iso_MAE=0.027120 T_MAE=2.0670 K y_isob_MAE=0.029437 improved=no epoch_time=28.0s total_time=331.0s
[seed 1] [stage 1/3: direct GE] [epoch 12/20] train_total=0.002903 val_score=1.213429 best=0.899466 P_MAE=10.6502 kPa y_iso_MAE=0.025359 T_MAE=1.9164 K y_isob_MAE=0.027955 improved=no epoch_time=28.7s total_time=359.6s
[seed 1] [stage 1/3: direct GE] [epoch 13/20] train_total=0.002951 val_score=1.319393 best=0.899466 P_MAE=10.6271 kPa y_iso_MAE=0.027951 T_MAE=2.3382 K y_isob_MAE=0.029478 improved=no epoch_time=27.2s total_time=386.9s
[seed 1] [stage 1/3: direct GE] [epoch 14/20] train_total=0.003680 val_score=0.953184 best=0.899466 P_MAE=7.9699 kPa y_iso_MAE=0.016945 T_MAE=1.6518 K y_isob_MAE=0.025824 improved=no epoch_time=24.7s total_time=411.6s
[seed 1] [stage 1/3: direct GE] [epoch 15/20] train_total=0.003581 val_score=1.102880 best=0.899466 P_MAE=9.5634 kPa y_iso_MAE=0.017662 T_MAE=1.9880 K y_isob_MAE=0.030785 improved=no epoch_time=24.6s total_time=436.1s
[seed 1] [stage 1/3: direct GE] [epoch 16/20] train_total=0.002901 val_score=1.158151 best=0.899466 P_MAE=9.2672 kPa y_iso_MAE=0.017944 T_MAE=2.3722 K y_isob_MAE=0.031960 improved=no epoch_time=24.3s total_time=460.4s
[seed 1] [stage 1/3: direct GE] [epoch 17/20] train_total=0.003033 val_score=1.040602 best=0.899466 P_MAE=9.0383 kPa y_iso_MAE=0.017042 T_MAE=1.8975 K y_isob_MAE=0.028143 improved=no epoch_time=25.5s total_time=485.9s
[seed 1] [stage 1/3: direct GE] [epoch 18/20] train_total=0.002780 val_score=0.998103 best=0.899466 P_MAE=8.8517 kPa y_iso_MAE=0.016501 T_MAE=1.8206 K y_isob_MAE=0.026181 improved=no epoch_time=24.6s total_time=510.5s
[seed 1] [stage 1/3: direct GE] [epoch 19/20] train_total=0.002793 val_score=1.052934 best=0.899466 P_MAE=8.1289 kPa y_iso_MAE=0.017857 T_MAE=2.0385 K y_isob_MAE=0.029160 improved=no epoch_time=25.8s total_time=536.3s
[seed 1] [stage 1/3: direct GE] [epoch 20/20] train_total=0.002776 val_score=1.032130 best=0.899466 P_MAE=9.2795 kPa y_iso_MAE=0.017661 T_MAE=1.9334 K y_isob_MAE=0.025113 improved=no epoch_time=26.1s total_time=562.5s
[seed 1] [stage 2/3: joint VLE] starting 80 epoch(s)
[seed 1] [stage 2/3: joint VLE] [epoch 1/80] train_total=0.022333 val_score=1.192450 best=1.192450 P_MAE=9.6955 kPa y_iso_MAE=0.019823 T_MAE=2.6009 K y_isob_MAE=0.028315 improved=yes epoch_time=26.1s total_time=588.6s
[seed 1] [stage 2/3: joint VLE] [epoch 2/80] train_total=0.018537 val_score=0.999891 best=0.999891 P_MAE=10.1567 kPa y_iso_MAE=0.015527 T_MAE=1.7731 K y_isob_MAE=0.024412 improved=yes epoch_time=25.5s total_time=614.2s
[seed 1] [stage 2/3: joint VLE] [epoch 3/80] train_total=0.014891 val_score=1.072883 best=0.999891 P_MAE=12.2929 kPa y_iso_MAE=0.018878 T_MAE=1.6080 K y_isob_MAE=0.022306 improved=no epoch_time=27.3s total_time=641.4s
[seed 1] [stage 2/3: joint VLE] [epoch 4/80] train_total=0.016653 val_score=1.000735 best=0.999891 P_MAE=9.9212 kPa y_iso_MAE=0.016703 T_MAE=1.7663 K y_isob_MAE=0.023526 improved=no epoch_time=25.5s total_time=666.9s
[seed 1] [stage 2/3: joint VLE] [epoch 5/80] train_total=0.016208 val_score=0.992607 best=0.992607 P_MAE=9.5846 kPa y_iso_MAE=0.016681 T_MAE=1.7314 K y_isob_MAE=0.024223 improved=yes epoch_time=26.6s total_time=693.5s
[seed 1] [stage 2/3: joint VLE] [epoch 6/80] train_total=0.015692 val_score=1.183447 best=0.992607 P_MAE=11.7532 kPa y_iso_MAE=0.019342 T_MAE=2.2595 K y_isob_MAE=0.026166 improved=no epoch_time=26.6s total_time=720.1s
[seed 1] [stage 2/3: joint VLE] [epoch 7/80] train_total=0.015737 val_score=1.074010 best=0.992607 P_MAE=9.0342 kPa y_iso_MAE=0.016806 T_MAE=2.2382 K y_isob_MAE=0.027520 improved=no epoch_time=25.7s total_time=745.8s
[seed 1] [stage 2/3: joint VLE] [epoch 8/80] train_total=0.015459 val_score=0.988324 best=0.988324 P_MAE=11.1343 kPa y_iso_MAE=0.015594 T_MAE=1.6558 K y_isob_MAE=0.021608 improved=yes epoch_time=25.8s total_time=771.6s
[seed 1] [stage 2/3: joint VLE] [epoch 9/80] train_total=0.013592 val_score=0.989069 best=0.988324 P_MAE=10.8359 kPa y_iso_MAE=0.015765 T_MAE=1.6987 K y_isob_MAE=0.021794 improved=no epoch_time=26.3s total_time=797.9s
[seed 1] [stage 2/3: joint VLE] [epoch 10/80] train_total=0.012790 val_score=0.969440 best=0.969440 P_MAE=9.2271 kPa y_iso_MAE=0.015917 T_MAE=1.8229 K y_isob_MAE=0.022932 improved=yes epoch_time=26.3s total_time=824.2s
[seed 1] [stage 2/3: joint VLE] [epoch 11/80] train_total=0.014521 val_score=1.299958 best=0.969440 P_MAE=13.7513 kPa y_iso_MAE=0.020639 T_MAE=2.5270 K y_isob_MAE=0.026469 improved=no epoch_time=28.7s total_time=852.9s
[seed 1] [stage 2/3: joint VLE] [epoch 12/80] train_total=0.012311 val_score=1.039271 best=0.969440 P_MAE=11.3698 kPa y_iso_MAE=0.016968 T_MAE=1.8306 K y_isob_MAE=0.021743 improved=no epoch_time=26.9s total_time=879.8s
[seed 1] [stage 2/3: joint VLE] [epoch 13/80] train_total=0.015298 val_score=0.974985 best=0.969440 P_MAE=9.8952 kPa y_iso_MAE=0.016180 T_MAE=1.7469 K y_isob_MAE=0.022012 improved=no epoch_time=26.3s total_time=906.0s
[seed 1] [stage 2/3: joint VLE] [epoch 14/80] train_total=0.014478 val_score=1.058517 best=0.969440 P_MAE=11.5137 kPa y_iso_MAE=0.016373 T_MAE=1.8666 K y_isob_MAE=0.023712 improved=no epoch_time=26.3s total_time=932.4s
[seed 1] [stage 2/3: joint VLE] [epoch 15/80] train_total=0.011765 val_score=0.986410 best=0.969440 P_MAE=10.7052 kPa y_iso_MAE=0.015178 T_MAE=1.7130 K y_isob_MAE=0.022637 improved=no epoch_time=26.3s total_time=958.6s
[seed 1] [stage 2/3: joint VLE] [epoch 16/80] train_total=0.012218 val_score=1.159877 best=0.969440 P_MAE=10.5837 kPa y_iso_MAE=0.019924 T_MAE=2.2035 K y_isob_MAE=0.027218 improved=no epoch_time=25.8s total_time=984.4s
[seed 1] [stage 2/3: joint VLE] [epoch 17/80] train_total=0.014480 val_score=0.999126 best=0.969440 P_MAE=9.1570 kPa y_iso_MAE=0.016992 T_MAE=1.8313 K y_isob_MAE=0.024450 improved=no epoch_time=25.9s total_time=1010.3s
[seed 1] [stage 2/3: joint VLE] [epoch 18/80] train_total=0.014518 val_score=1.027569 best=0.969440 P_MAE=11.8718 kPa y_iso_MAE=0.015870 T_MAE=1.7034 K y_isob_MAE=0.022308 improved=no epoch_time=26.9s total_time=1037.2s
[seed 1] [stage 2/3: joint VLE] [epoch 19/80] train_total=0.011395 val_score=0.932424 best=0.932424 P_MAE=8.8783 kPa y_iso_MAE=0.016365 T_MAE=1.7422 K y_isob_MAE=0.020580 improved=yes epoch_time=26.6s total_time=1063.8s
[seed 1] [stage 2/3: joint VLE] [epoch 20/80] train_total=0.011744 val_score=1.042104 best=0.932424 P_MAE=11.5864 kPa y_iso_MAE=0.016224 T_MAE=1.8312 K y_isob_MAE=0.022487 improved=no epoch_time=25.4s total_time=1089.2s
[seed 1] [stage 2/3: joint VLE] [epoch 21/80] train_total=0.018433 val_score=1.066997 best=0.932424 P_MAE=11.7122 kPa y_iso_MAE=0.016796 T_MAE=1.9386 K y_isob_MAE=0.022385 improved=no epoch_time=26.2s total_time=1115.4s
[seed 1] [stage 2/3: joint VLE] [epoch 22/80] train_total=0.014944 val_score=0.944763 best=0.932424 P_MAE=8.9455 kPa y_iso_MAE=0.016288 T_MAE=1.7667 K y_isob_MAE=0.021437 improved=no epoch_time=25.7s total_time=1141.1s
[seed 1] [stage 2/3: joint VLE] [epoch 23/80] train_total=0.010286 val_score=0.933011 best=0.932424 P_MAE=9.8553 kPa y_iso_MAE=0.015343 T_MAE=1.5962 K y_isob_MAE=0.021058 improved=no epoch_time=27.5s total_time=1168.5s
[seed 1] [stage 2/3: joint VLE] [epoch 24/80] train_total=0.010445 val_score=1.022957 best=0.932424 P_MAE=10.8180 kPa y_iso_MAE=0.016267 T_MAE=2.0550 K y_isob_MAE=0.019935 improved=no epoch_time=28.7s total_time=1197.2s
[seed 1] [stage 2/3: joint VLE] [epoch 25/80] train_total=0.013150 val_score=1.357598 best=0.932424 P_MAE=14.0529 kPa y_iso_MAE=0.021666 T_MAE=2.7627 K y_isob_MAE=0.026824 improved=no epoch_time=27.7s total_time=1224.9s
[seed 1] [stage 2/3: joint VLE] [epoch 26/80] train_total=0.014794 val_score=0.999728 best=0.932424 P_MAE=10.9792 kPa y_iso_MAE=0.016590 T_MAE=1.7150 K y_isob_MAE=0.020974 improved=no epoch_time=27.7s total_time=1252.7s
[seed 1] [stage 2/3: joint VLE] [epoch 27/80] train_total=0.010161 val_score=1.001475 best=0.932424 P_MAE=9.8191 kPa y_iso_MAE=0.017458 T_MAE=1.7549 K y_isob_MAE=0.022916 improved=no epoch_time=28.4s total_time=1281.1s
[seed 1] [stage 2/3: joint VLE] [epoch 28/80] train_total=0.010636 val_score=1.084439 best=0.932424 P_MAE=10.6037 kPa y_iso_MAE=0.018468 T_MAE=2.1328 K y_isob_MAE=0.022548 improved=no epoch_time=26.9s total_time=1308.0s
[seed 1] [stage 2/3: joint VLE] [epoch 29/80] train_total=0.010921 val_score=0.938653 best=0.932424 P_MAE=10.8142 kPa y_iso_MAE=0.015408 T_MAE=1.5278 K y_isob_MAE=0.019449 improved=no epoch_time=26.4s total_time=1334.3s
[seed 1] [stage 2/3: joint VLE] [epoch 30/80] train_total=0.012863 val_score=1.083550 best=0.932424 P_MAE=11.2370 kPa y_iso_MAE=0.016653 T_MAE=2.0842 K y_isob_MAE=0.023887 improved=no epoch_time=26.5s total_time=1360.8s
[seed 1] [stage 2/3: joint VLE] [epoch 31/80] train_total=0.012451 val_score=1.091234 best=0.932424 P_MAE=12.3642 kPa y_iso_MAE=0.017677 T_MAE=1.8824 K y_isob_MAE=0.022235 improved=no epoch_time=26.3s total_time=1387.1s
{"direct_ge_parameter_summary": {"stage1_trainable_parameters": 1977601, "stage2_trainable_parameters": 2015043, "stage3": {"groups": [{"learning_rate": 2e-05, "name": "pair_potential", "parameter_count": 110977, "parameter_names": ["pair_potential.0.weight", "pair_potential.0.bias", "pair_potential.2.weight", "pair_potential.2.bias"]}, {"learning_rate": 1e-05, "name": "vapor_pressure", "parameter_count": 37442, "parameter_names": ["vapor_pressure.parameter_head.0.weight", "vapor_pressure.parameter_head.0.bias", "vapor_pressure.parameter_head.2.weight", "vapor_pressure.parameter_head.2.bias"]}, {"learning_rate": 5e-06, "name": "film", "parameter_count": 111744, "parameter_names": ["film.0.weight", "film.0.bias", "film.2.weight", "film.2.bias"]}, {"learning_rate": 5e-06, "name": "mixture_token", "parameter_count": 192, "parameter_names": ["mixture_token"]}], "total_parameters": 2015043, "trainable_fraction": 0.1292056794817778, "trainable_parameters": 260355}, "total_parameters": 2015043, "trainable_fraction": 0.1292056794817778, "trainable_parameters": 260355}}
[seed 1] [stage 3/3: fugacity] starting 10 epoch(s)
[seed 1] [stage 3/3: fugacity] [epoch 1/10] train_total=0.009111 val_score=0.963566 best=0.963566 P_MAE=9.7910 kPa y_iso_MAE=0.016136 T_MAE=1.7990 K y_isob_MAE=0.020554 improved=yes epoch_time=30.8s total_time=1418.0s
[seed 1] [stage 3/3: fugacity] [epoch 2/10] train_total=0.008392 val_score=0.940036 best=0.940036 P_MAE=9.7800 kPa y_iso_MAE=0.015559 T_MAE=1.7144 K y_isob_MAE=0.020150 improved=yes epoch_time=34.2s total_time=1452.2s
[seed 1] [stage 3/3: fugacity] [epoch 3/10] train_total=0.007958 val_score=0.951802 best=0.940036 P_MAE=9.8556 kPa y_iso_MAE=0.015644 T_MAE=1.7588 K y_isob_MAE=0.020416 improved=no epoch_time=31.4s total_time=1483.6s
[seed 1] [stage 3/3: fugacity] [epoch 4/10] train_total=0.007780 val_score=0.936781 best=0.936781 P_MAE=9.7909 kPa y_iso_MAE=0.015432 T_MAE=1.6982 K y_isob_MAE=0.020186 improved=yes epoch_time=32.1s total_time=1515.7s
[seed 1] [stage 3/3: fugacity] [epoch 5/10] train_total=0.007728 val_score=0.933487 best=0.933487 P_MAE=9.8669 kPa y_iso_MAE=0.015420 T_MAE=1.6631 K y_isob_MAE=0.020086 improved=yes epoch_time=33.6s total_time=1549.3s
[seed 1] [stage 3/3: fugacity] [epoch 6/10] train_total=0.007587 val_score=0.943852 best=0.933487 P_MAE=10.0496 kPa y_iso_MAE=0.015599 T_MAE=1.6793 K y_isob_MAE=0.020099 improved=no epoch_time=33.2s total_time=1582.5s
[seed 1] [stage 3/3: fugacity] [epoch 7/10] train_total=0.007628 val_score=0.923999 best=0.923999 P_MAE=9.7249 kPa y_iso_MAE=0.015179 T_MAE=1.6550 K y_isob_MAE=0.020025 improved=yes epoch_time=32.1s total_time=1614.6s
[seed 1] [stage 3/3: fugacity] [epoch 8/10] train_total=0.007737 val_score=0.923615 best=0.923615 P_MAE=9.7247 kPa y_iso_MAE=0.015187 T_MAE=1.6511 K y_isob_MAE=0.020025 improved=yes epoch_time=29.2s total_time=1643.8s
[seed 1] [stage 3/3: fugacity] [epoch 9/10] train_total=0.007522 val_score=0.936803 best=0.923615 P_MAE=9.8920 kPa y_iso_MAE=0.015395 T_MAE=1.6817 K y_isob_MAE=0.020145 improved=no epoch_time=29.5s total_time=1673.2s
[seed 1] [stage 3/3: fugacity] [epoch 10/10] train_total=0.007386 val_score=0.921385 best=0.921385 P_MAE=9.8191 kPa y_iso_MAE=0.015200 T_MAE=1.6192 K y_isob_MAE=0.019897 improved=yes epoch_time=29.0s total_time=1702.3s
{"protocol": "vle_overall_binary", "seed": 1, "manifest": "D:\\VLE\\VLE\\thermoformer_project\\runs\\phase_equilibrium\\v1\\vle\\three\\results\\thermoformer_vle_three_stage.on.vle_overall_binary\\seed_1\\manifest.json"}
[stage experimental] starting 80 epoch(s)
[stage experimental] [epoch 1/80] train_total=0.962110 val_total=0.084893 best=0.084893 improved=yes epoch_time=2.2s total_time=2.2s
[stage experimental] [epoch 2/80] train_total=0.106354 val_total=0.087652 best=0.084893 improved=no epoch_time=2.0s total_time=4.2s
[stage experimental] [epoch 3/80] train_total=0.081930 val_total=0.093512 best=0.084893 improved=no epoch_time=2.2s total_time=6.4s
[stage experimental] [epoch 4/80] train_total=0.053562 val_total=0.089275 best=0.084893 improved=no epoch_time=1.9s total_time=8.4s
[stage experimental] [epoch 5/80] train_total=0.046816 val_total=0.101327 best=0.084893 improved=no epoch_time=1.9s total_time=10.2s
[stage experimental] [epoch 6/80] train_total=0.042042 val_total=0.104501 best=0.084893 improved=no epoch_time=2.0s total_time=12.3s
[stage experimental] [epoch 7/80] train_total=0.039467 val_total=0.075505 best=0.075505 improved=yes epoch_time=2.1s total_time=14.3s
[stage experimental] [epoch 8/80] train_total=0.037212 val_total=0.076810 best=0.075505 improved=no epoch_time=2.0s total_time=16.4s
[stage experimental] [epoch 9/80] train_total=0.040693 val_total=0.072584 best=0.072584 improved=yes epoch_time=2.2s total_time=18.5s
[stage experimental] [epoch 10/80] train_total=0.040728 val_total=0.082714 best=0.072584 improved=no epoch_time=2.0s total_time=20.5s
[stage experimental] [epoch 11/80] train_total=0.036410 val_total=0.075768 best=0.072584 improved=no epoch_time=2.0s total_time=22.5s
[stage experimental] [epoch 12/80] train_total=0.043238 val_total=0.074398 best=0.072584 improved=no epoch_time=1.9s total_time=24.4s
[stage experimental] [epoch 13/80] train_total=0.031546 val_total=0.078719 best=0.072584 improved=no epoch_time=2.1s total_time=26.5s
[stage experimental] [epoch 14/80] train_total=0.031569 val_total=0.062826 best=0.062826 improved=yes epoch_time=2.0s total_time=28.5s
[stage experimental] [epoch 15/80] train_total=0.027746 val_total=0.092027 best=0.062826 improved=no epoch_time=2.1s total_time=30.6s
[stage experimental] [epoch 16/80] train_total=0.031089 val_total=0.071609 best=0.062826 improved=no epoch_time=2.2s total_time=32.8s
[stage experimental] [epoch 17/80] train_total=0.031258 val_total=0.079656 best=0.062826 improved=no epoch_time=2.2s total_time=35.0s
[stage experimental] [epoch 18/80] train_total=0.028871 val_total=0.066920 best=0.062826 improved=no epoch_time=2.0s total_time=37.1s
[stage experimental] [epoch 19/80] train_total=0.029511 val_total=0.065046 best=0.062826 improved=no epoch_time=1.8s total_time=38.9s
[stage experimental] [epoch 20/80] train_total=0.029688 val_total=0.052121 best=0.052121 improved=yes epoch_time=1.9s total_time=40.8s
[stage experimental] [epoch 21/80] train_total=0.027265 val_total=0.061294 best=0.052121 improved=no epoch_time=1.9s total_time=42.7s
[stage experimental] [epoch 22/80] train_total=0.027200 val_total=0.057917 best=0.052121 improved=no epoch_time=1.9s total_time=44.6s
[stage experimental] [epoch 23/80] train_total=0.025717 val_total=0.060135 best=0.052121 improved=no epoch_time=1.8s total_time=46.3s
[stage experimental] [epoch 24/80] train_total=0.023983 val_total=0.048262 best=0.048262 improved=yes epoch_time=1.9s total_time=48.2s
[stage experimental] [epoch 25/80] train_total=0.025924 val_total=0.055902 best=0.048262 improved=no epoch_time=1.9s total_time=50.1s
[stage experimental] [epoch 26/80] train_total=0.020970 val_total=0.072387 best=0.048262 improved=no epoch_time=1.9s total_time=51.9s
[stage experimental] [epoch 27/80] train_total=0.022839 val_total=0.052158 best=0.048262 improved=no epoch_time=1.9s total_time=53.8s
[stage experimental] [epoch 28/80] train_total=0.022210 val_total=0.072311 best=0.048262 improved=no epoch_time=2.0s total_time=55.8s
[stage experimental] [epoch 29/80] train_total=0.024185 val_total=0.060105 best=0.048262 improved=no epoch_time=2.0s total_time=57.8s
[stage experimental] [epoch 30/80] train_total=0.022814 val_total=0.051728 best=0.048262 improved=no epoch_time=2.0s total_time=59.7s
[stage experimental] [epoch 31/80] train_total=0.020900 val_total=0.052801 best=0.048262 improved=no epoch_time=2.1s total_time=61.8s
[stage experimental] [epoch 32/80] train_total=0.018886 val_total=0.053139 best=0.048262 improved=no epoch_time=2.0s total_time=63.8s
[stage experimental] [epoch 33/80] train_total=0.018351 val_total=0.051621 best=0.048262 improved=no epoch_time=2.0s total_time=65.8s
[stage experimental] [epoch 34/80] train_total=0.028697 val_total=0.048766 best=0.048262 improved=no epoch_time=2.0s total_time=67.8s
[stage experimental] [epoch 35/80] train_total=0.022800 val_total=0.050601 best=0.048262 improved=no epoch_time=2.1s total_time=69.9s
[stage experimental] [epoch 36/80] train_total=0.020184 val_total=0.056617 best=0.048262 improved=no epoch_time=2.1s total_time=72.0s
[stage experimental] early stopping at epoch 36; best_validation=0.048262
[seed 2] [stage 1/3: direct GE] starting 20 epoch(s)
[seed 2] [stage 1/3: direct GE] [epoch 1/20] train_total=0.005461 val_score=1.151119 best=1.151119 P_MAE=13.5558 kPa y_iso_MAE=0.043309 T_MAE=4.7057 K y_isob_MAE=0.047526 improved=yes epoch_time=30.8s total_time=59.1s
[seed 2] [stage 1/3: direct GE] [epoch 2/20] train_total=0.003944 val_score=1.152920 best=1.151119 P_MAE=14.0090 kPa y_iso_MAE=0.044757 T_MAE=4.5094 K y_isob_MAE=0.046477 improved=no epoch_time=27.2s total_time=86.2s
[seed 2] [stage 1/3: direct GE] [epoch 3/20] train_total=0.003613 val_score=1.243054 best=1.151119 P_MAE=15.6119 kPa y_iso_MAE=0.045630 T_MAE=4.9802 K y_isob_MAE=0.049319 improved=no epoch_time=32.6s total_time=118.8s
[seed 2] [stage 1/3: direct GE] [epoch 4/20] train_total=0.003690 val_score=1.157140 best=1.151119 P_MAE=13.9473 kPa y_iso_MAE=0.044929 T_MAE=4.5903 K y_isob_MAE=0.046448 improved=no epoch_time=28.6s total_time=147.4s
[seed 2] [stage 1/3: direct GE] [epoch 5/20] train_total=0.003437 val_score=1.211577 best=1.151119 P_MAE=15.4007 kPa y_iso_MAE=0.045578 T_MAE=4.7642 K y_isob_MAE=0.047100 improved=no epoch_time=26.6s total_time=174.1s
[seed 2] [stage 1/3: direct GE] [epoch 6/20] train_total=0.003373 val_score=1.269576 best=1.151119 P_MAE=15.6503 kPa y_iso_MAE=0.048199 T_MAE=5.3381 K y_isob_MAE=0.047360 improved=no epoch_time=25.9s total_time=199.9s
[seed 2] [stage 1/3: direct GE] [epoch 7/20] train_total=0.003286 val_score=1.268357 best=1.151119 P_MAE=15.6867 kPa y_iso_MAE=0.048028 T_MAE=5.3543 K y_isob_MAE=0.046991 improved=no epoch_time=25.8s total_time=225.8s
[seed 2] [stage 1/3: direct GE] [epoch 8/20] train_total=0.003297 val_score=1.294537 best=1.151119 P_MAE=14.3440 kPa y_iso_MAE=0.048509 T_MAE=5.9473 K y_isob_MAE=0.050611 improved=no epoch_time=25.8s total_time=251.6s
[seed 2] [stage 1/3: direct GE] [epoch 9/20] train_total=0.003171 val_score=1.259198 best=1.151119 P_MAE=15.6312 kPa y_iso_MAE=0.045034 T_MAE=5.2991 K y_isob_MAE=0.049268 improved=no epoch_time=25.6s total_time=277.2s
[seed 2] [stage 1/3: direct GE] [epoch 10/20] train_total=0.002957 val_score=1.198942 best=1.151119 P_MAE=15.9217 kPa y_iso_MAE=0.047708 T_MAE=4.4293 K y_isob_MAE=0.044020 improved=no epoch_time=25.1s total_time=302.3s
[seed 2] [stage 1/3: direct GE] [epoch 11/20] train_total=0.003473 val_score=1.136061 best=1.136061 P_MAE=14.7962 kPa y_iso_MAE=0.046256 T_MAE=4.1977 K y_isob_MAE=0.041899 improved=yes epoch_time=24.7s total_time=327.0s
[seed 2] [stage 1/3: direct GE] [epoch 12/20] train_total=0.002960 val_score=1.189783 best=1.136061 P_MAE=16.9670 kPa y_iso_MAE=0.046681 T_MAE=4.1958 K y_isob_MAE=0.041399 improved=no epoch_time=24.8s total_time=351.8s
[seed 2] [stage 1/3: direct GE] [epoch 13/20] train_total=0.003050 val_score=1.200543 best=1.136061 P_MAE=16.0424 kPa y_iso_MAE=0.049405 T_MAE=4.2374 K y_isob_MAE=0.044084 improved=no epoch_time=23.9s total_time=375.7s
[seed 2] [stage 1/3: direct GE] [epoch 14/20] train_total=0.002990 val_score=1.180932 best=1.136061 P_MAE=16.2572 kPa y_iso_MAE=0.045237 T_MAE=4.3783 K y_isob_MAE=0.042478 improved=no epoch_time=24.2s total_time=399.9s
[seed 2] [stage 1/3: direct GE] [epoch 15/20] train_total=0.002949 val_score=1.213374 best=1.136061 P_MAE=16.7424 kPa y_iso_MAE=0.044771 T_MAE=4.5022 K y_isob_MAE=0.045177 improved=no epoch_time=23.7s total_time=423.6s
[seed 2] [stage 1/3: direct GE] [epoch 16/20] train_total=0.002774 val_score=1.211580 best=1.136061 P_MAE=15.9879 kPa y_iso_MAE=0.048682 T_MAE=4.3506 K y_isob_MAE=0.045777 improved=no epoch_time=23.4s total_time=447.1s
[seed 2] [stage 1/3: direct GE] [epoch 17/20] train_total=0.002902 val_score=1.250350 best=1.136061 P_MAE=16.9799 kPa y_iso_MAE=0.047794 T_MAE=4.4952 K y_isob_MAE=0.047583 improved=no epoch_time=23.3s total_time=470.4s
[seed 2] [stage 1/3: direct GE] [epoch 18/20] train_total=0.002602 val_score=1.260519 best=1.136061 P_MAE=15.7705 kPa y_iso_MAE=0.048398 T_MAE=4.8581 K y_isob_MAE=0.050150 improved=no epoch_time=23.8s total_time=494.2s
[seed 2] [stage 1/3: direct GE] [epoch 19/20] train_total=0.002647 val_score=1.197460 best=1.136061 P_MAE=15.3609 kPa y_iso_MAE=0.046627 T_MAE=4.4657 K y_isob_MAE=0.046915 improved=no epoch_time=24.6s total_time=518.7s
[seed 2] [stage 1/3: direct GE] [epoch 20/20] train_total=0.002684 val_score=1.241805 best=1.136061 P_MAE=16.7242 kPa y_iso_MAE=0.045257 T_MAE=4.6312 K y_isob_MAE=0.048345 improved=no epoch_time=24.9s total_time=543.6s
[seed 2] [stage 2/3: joint VLE] starting 80 epoch(s)
[seed 2] [stage 2/3: joint VLE] [epoch 1/80] train_total=0.038542 val_score=1.143061 best=1.143061 P_MAE=13.1487 kPa y_iso_MAE=0.045873 T_MAE=4.6485 K y_isob_MAE=0.045892 improved=yes epoch_time=26.2s total_time=569.8s
[seed 2] [stage 2/3: joint VLE] [epoch 2/80] train_total=0.033735 val_score=1.080696 best=1.080696 P_MAE=13.3161 kPa y_iso_MAE=0.045450 T_MAE=3.8866 K y_isob_MAE=0.042818 improved=yes epoch_time=26.3s total_time=596.1s
[seed 2] [stage 2/3: joint VLE] [epoch 3/80] train_total=0.028142 val_score=1.124300 best=1.080696 P_MAE=14.2294 kPa y_iso_MAE=0.041631 T_MAE=4.8215 K y_isob_MAE=0.040402 improved=no epoch_time=26.5s total_time=622.6s
[seed 2] [stage 2/3: joint VLE] [epoch 4/80] train_total=0.028059 val_score=0.986671 best=0.986671 P_MAE=10.4715 kPa y_iso_MAE=0.043109 T_MAE=3.9355 K y_isob_MAE=0.040679 improved=yes epoch_time=24.4s total_time=647.0s
[seed 2] [stage 2/3: joint VLE] [epoch 5/80] train_total=0.029432 val_score=1.072875 best=0.986671 P_MAE=11.6644 kPa y_iso_MAE=0.039964 T_MAE=4.6694 K y_isob_MAE=0.045914 improved=no epoch_time=24.1s total_time=671.1s
[seed 2] [stage 2/3: joint VLE] [epoch 6/80] train_total=0.024528 val_score=1.066259 best=0.986671 P_MAE=11.9425 kPa y_iso_MAE=0.040721 T_MAE=4.7608 K y_isob_MAE=0.041812 improved=no epoch_time=24.2s total_time=695.4s
[seed 2] [stage 2/3: joint VLE] [epoch 7/80] train_total=0.026328 val_score=1.000389 best=0.986671 P_MAE=11.2854 kPa y_iso_MAE=0.039454 T_MAE=4.0188 K y_isob_MAE=0.042361 improved=no epoch_time=24.1s total_time=719.4s
[seed 2] [stage 2/3: joint VLE] [epoch 8/80] train_total=0.025365 val_score=1.036227 best=0.986671 P_MAE=10.9440 kPa y_iso_MAE=0.041471 T_MAE=4.5000 K y_isob_MAE=0.042931 improved=no epoch_time=24.3s total_time=743.7s
[seed 2] [stage 2/3: joint VLE] [epoch 9/80] train_total=0.025212 val_score=1.041894 best=0.986671 P_MAE=13.3325 kPa y_iso_MAE=0.041377 T_MAE=3.9181 K y_isob_MAE=0.039797 improved=no epoch_time=23.9s total_time=767.6s
[seed 2] [stage 2/3: joint VLE] [epoch 10/80] train_total=0.025393 val_score=0.992366 best=0.986671 P_MAE=12.4944 kPa y_iso_MAE=0.038735 T_MAE=3.8234 K y_isob_MAE=0.038509 improved=no epoch_time=23.3s total_time=790.9s
[seed 2] [stage 2/3: joint VLE] [epoch 11/80] train_total=0.023639 val_score=0.968626 best=0.968626 P_MAE=9.2078 kPa y_iso_MAE=0.036751 T_MAE=4.5231 K y_isob_MAE=0.043266 improved=yes epoch_time=23.5s total_time=814.3s
[seed 2] [stage 2/3: joint VLE] [epoch 12/80] train_total=0.021701 val_score=1.010807 best=0.968626 P_MAE=13.7829 kPa y_iso_MAE=0.039772 T_MAE=3.6783 K y_isob_MAE=0.036599 improved=no epoch_time=23.5s total_time=837.9s
[seed 2] [stage 2/3: joint VLE] [epoch 13/80] train_total=0.019776 val_score=0.866678 best=0.866678 P_MAE=10.4562 kPa y_iso_MAE=0.038481 T_MAE=3.0781 K y_isob_MAE=0.033651 improved=yes epoch_time=23.0s total_time=860.9s
[seed 2] [stage 2/3: joint VLE] [epoch 14/80] train_total=0.027702 val_score=0.964263 best=0.866678 P_MAE=13.2306 kPa y_iso_MAE=0.039839 T_MAE=3.2312 K y_isob_MAE=0.035572 improved=no epoch_time=23.6s total_time=884.5s
[seed 2] [stage 2/3: joint VLE] [epoch 15/80] train_total=0.021830 val_score=1.013892 best=0.866678 P_MAE=12.3562 kPa y_iso_MAE=0.040425 T_MAE=4.1966 K y_isob_MAE=0.037180 improved=no epoch_time=23.7s total_time=908.2s
[seed 2] [stage 2/3: joint VLE] [epoch 16/80] train_total=0.021357 val_score=1.008531 best=0.866678 P_MAE=12.5586 kPa y_iso_MAE=0.039774 T_MAE=4.0736 K y_isob_MAE=0.037333 improved=no epoch_time=24.0s total_time=932.2s
[seed 2] [stage 2/3: joint VLE] [epoch 17/80] train_total=0.017653 val_score=0.894941 best=0.866678 P_MAE=11.5593 kPa y_iso_MAE=0.041368 T_MAE=2.9093 K y_isob_MAE=0.032630 improved=no epoch_time=24.2s total_time=956.5s
[seed 2] [stage 2/3: joint VLE] [epoch 18/80] train_total=0.021203 val_score=0.817588 best=0.817588 P_MAE=8.8158 kPa y_iso_MAE=0.036306 T_MAE=2.9370 K y_isob_MAE=0.035948 improved=yes epoch_time=24.2s total_time=980.6s
[seed 2] [stage 2/3: joint VLE] [epoch 19/80] train_total=0.017632 val_score=0.971550 best=0.817588 P_MAE=12.0259 kPa y_iso_MAE=0.037512 T_MAE=4.1474 K y_isob_MAE=0.034727 improved=no epoch_time=25.3s total_time=1005.9s
[seed 2] [stage 2/3: joint VLE] [epoch 20/80] train_total=0.017969 val_score=0.773566 best=0.773566 P_MAE=8.9072 kPa y_iso_MAE=0.037367 T_MAE=2.5523 K y_isob_MAE=0.030886 improved=yes epoch_time=25.5s total_time=1031.4s
[seed 2] [stage 2/3: joint VLE] [epoch 21/80] train_total=0.017546 val_score=0.862389 best=0.773566 P_MAE=11.6355 kPa y_iso_MAE=0.037945 T_MAE=2.8805 K y_isob_MAE=0.030417 improved=no epoch_time=25.9s total_time=1057.3s
[seed 2] [stage 2/3: joint VLE] [epoch 22/80] train_total=0.018284 val_score=0.905730 best=0.773566 P_MAE=12.7994 kPa y_iso_MAE=0.042398 T_MAE=2.6491 K y_isob_MAE=0.030827 improved=no epoch_time=25.9s total_time=1083.1s
[seed 2] [stage 2/3: joint VLE] [epoch 23/80] train_total=0.016184 val_score=0.842492 best=0.773566 P_MAE=10.3910 kPa y_iso_MAE=0.038843 T_MAE=2.6944 K y_isob_MAE=0.033426 improved=no epoch_time=26.2s total_time=1109.4s
[seed 2] [stage 2/3: joint VLE] [epoch 24/80] train_total=0.015631 val_score=0.878001 best=0.773566 P_MAE=10.8435 kPa y_iso_MAE=0.036223 T_MAE=3.0968 K y_isob_MAE=0.036038 improved=no epoch_time=25.8s total_time=1135.1s
[seed 2] [stage 2/3: joint VLE] [epoch 25/80] train_total=0.017438 val_score=0.779699 best=0.773566 P_MAE=9.4490 kPa y_iso_MAE=0.038016 T_MAE=2.6616 K y_isob_MAE=0.027777 improved=no epoch_time=26.3s total_time=1161.5s
[seed 2] [stage 2/3: joint VLE] [epoch 26/80] train_total=0.014080 val_score=0.743566 best=0.743566 P_MAE=9.3216 kPa y_iso_MAE=0.037842 T_MAE=2.3818 K y_isob_MAE=0.025185 improved=yes epoch_time=26.0s total_time=1187.4s
[seed 2] [stage 2/3: joint VLE] [epoch 27/80] train_total=0.015198 val_score=0.803897 best=0.743566 P_MAE=11.5269 kPa y_iso_MAE=0.036238 T_MAE=2.3273 K y_isob_MAE=0.028308 improved=no epoch_time=25.3s total_time=1212.7s
[seed 2] [stage 2/3: joint VLE] [epoch 28/80] train_total=0.015193 val_score=0.781549 best=0.743566 P_MAE=10.2034 kPa y_iso_MAE=0.036876 T_MAE=2.4133 K y_isob_MAE=0.028613 improved=no epoch_time=25.4s total_time=1238.1s
[seed 2] [stage 2/3: joint VLE] [epoch 29/80] train_total=0.015081 val_score=0.908136 best=0.743566 P_MAE=11.9087 kPa y_iso_MAE=0.037574 T_MAE=3.5684 K y_isob_MAE=0.030273 improved=no epoch_time=27.0s total_time=1265.1s
[seed 2] [stage 2/3: joint VLE] [epoch 30/80] train_total=0.012445 val_score=0.704341 best=0.704341 P_MAE=9.4104 kPa y_iso_MAE=0.036518 T_MAE=2.0407 K y_isob_MAE=0.022932 improved=yes epoch_time=27.4s total_time=1292.5s
[seed 2] [stage 2/3: joint VLE] [epoch 31/80] train_total=0.015499 val_score=0.745062 best=0.704341 P_MAE=8.3088 kPa y_iso_MAE=0.035601 T_MAE=2.5719 K y_isob_MAE=0.030114 improved=no epoch_time=37.8s total_time=1330.3s
[seed 2] [stage 2/3: joint VLE] [epoch 32/80] train_total=0.016250 val_score=0.665275 best=0.665275 P_MAE=7.8094 kPa y_iso_MAE=0.034358 T_MAE=2.2683 K y_isob_MAE=0.022876 improved=yes epoch_time=33.6s total_time=1364.0s
[seed 2] [stage 2/3: joint VLE] [epoch 33/80] train_total=0.015567 val_score=0.682711 best=0.665275 P_MAE=8.6486 kPa y_iso_MAE=0.033651 T_MAE=2.0749 K y_isob_MAE=0.025032 improved=no epoch_time=26.6s total_time=1390.6s
[seed 2] [stage 2/3: joint VLE] [epoch 34/80] train_total=0.014195 val_score=0.764963 best=0.665275 P_MAE=10.4776 kPa y_iso_MAE=0.035835 T_MAE=2.2725 K y_isob_MAE=0.027083 improved=no epoch_time=26.8s total_time=1417.3s
[seed 2] [stage 2/3: joint VLE] [epoch 35/80] train_total=0.015280 val_score=0.834761 best=0.665275 P_MAE=10.9441 kPa y_iso_MAE=0.034664 T_MAE=3.1198 K y_isob_MAE=0.029411 improved=no epoch_time=25.7s total_time=1443.1s
[seed 2] [stage 2/3: joint VLE] [epoch 36/80] train_total=0.012806 val_score=0.688385 best=0.665275 P_MAE=8.1766 kPa y_iso_MAE=0.032695 T_MAE=2.3395 K y_isob_MAE=0.026240 improved=no epoch_time=26.8s total_time=1469.8s
[seed 2] [stage 2/3: joint VLE] [epoch 37/80] train_total=0.011282 val_score=0.731508 best=0.665275 P_MAE=10.1148 kPa y_iso_MAE=0.033940 T_MAE=2.1586 K y_isob_MAE=0.025971 improved=no epoch_time=26.2s total_time=1496.1s
[seed 2] [stage 2/3: joint VLE] [epoch 38/80] train_total=0.010477 val_score=0.650066 best=0.650066 P_MAE=7.6776 kPa y_iso_MAE=0.031976 T_MAE=2.0825 K y_isob_MAE=0.025195 improved=yes epoch_time=25.8s total_time=1521.9s
[seed 2] [stage 2/3: joint VLE] [epoch 39/80] train_total=0.010769 val_score=0.698708 best=0.650066 P_MAE=9.9855 kPa y_iso_MAE=0.034543 T_MAE=1.9635 K y_isob_MAE=0.022278 improved=no epoch_time=25.9s total_time=1547.8s
[seed 2] [stage 2/3: joint VLE] [epoch 40/80] train_total=0.012063 val_score=0.682861 best=0.650066 P_MAE=8.9948 kPa y_iso_MAE=0.034414 T_MAE=2.1705 K y_isob_MAE=0.021762 improved=no epoch_time=26.7s total_time=1574.5s
[seed 2] [stage 2/3: joint VLE] [epoch 41/80] train_total=0.011107 val_score=0.645915 best=0.645915 P_MAE=8.1484 kPa y_iso_MAE=0.033317 T_MAE=1.8664 K y_isob_MAE=0.023353 improved=yes epoch_time=26.1s total_time=1600.6s
[seed 2] [stage 2/3: joint VLE] [epoch 42/80] train_total=0.012174 val_score=0.643988 best=0.643988 P_MAE=7.9007 kPa y_iso_MAE=0.032067 T_MAE=2.0890 K y_isob_MAE=0.023004 improved=yes epoch_time=26.6s total_time=1627.2s
[seed 2] [stage 2/3: joint VLE] [epoch 43/80] train_total=0.010576 val_score=0.735676 best=0.643988 P_MAE=10.8075 kPa y_iso_MAE=0.034366 T_MAE=2.2802 K y_isob_MAE=0.021960 improved=no epoch_time=26.4s total_time=1653.5s
[seed 2] [stage 2/3: joint VLE] [epoch 44/80] train_total=0.012230 val_score=0.661300 best=0.643988 P_MAE=8.3905 kPa y_iso_MAE=0.032119 T_MAE=2.1529 K y_isob_MAE=0.023158 improved=no epoch_time=26.1s total_time=1679.7s
[seed 2] [stage 2/3: joint VLE] [epoch 45/80] train_total=0.011240 val_score=0.691328 best=0.643988 P_MAE=9.3122 kPa y_iso_MAE=0.032890 T_MAE=1.9928 K y_isob_MAE=0.025292 improved=no epoch_time=25.9s total_time=1705.6s
[seed 2] [stage 2/3: joint VLE] [epoch 46/80] train_total=0.011522 val_score=0.707141 best=0.643988 P_MAE=8.3690 kPa y_iso_MAE=0.033019 T_MAE=2.8162 K y_isob_MAE=0.023281 improved=no epoch_time=26.6s total_time=1732.2s
[seed 2] [stage 2/3: joint VLE] [epoch 47/80] train_total=0.013728 val_score=0.661571 best=0.643988 P_MAE=8.4699 kPa y_iso_MAE=0.033186 T_MAE=2.1013 K y_isob_MAE=0.022321 improved=no epoch_time=26.2s total_time=1758.4s
[seed 2] [stage 2/3: joint VLE] [epoch 48/80] train_total=0.010160 val_score=0.704397 best=0.643988 P_MAE=8.5105 kPa y_iso_MAE=0.032986 T_MAE=2.5587 K y_isob_MAE=0.024954 improved=no epoch_time=25.6s total_time=1784.0s
[seed 2] [stage 2/3: joint VLE] [epoch 49/80] train_total=0.011128 val_score=0.662584 best=0.643988 P_MAE=9.6875 kPa y_iso_MAE=0.034042 T_MAE=1.6718 K y_isob_MAE=0.020887 improved=no epoch_time=26.1s total_time=1810.1s
[seed 2] [stage 2/3: joint VLE] [epoch 50/80] train_total=0.009816 val_score=0.672041 best=0.643988 P_MAE=8.5248 kPa y_iso_MAE=0.032103 T_MAE=2.3063 K y_isob_MAE=0.022832 improved=no epoch_time=25.7s total_time=1835.8s
[seed 2] [stage 2/3: joint VLE] [epoch 51/80] train_total=0.012298 val_score=0.688112 best=0.643988 P_MAE=8.8925 kPa y_iso_MAE=0.034499 T_MAE=2.1155 K y_isob_MAE=0.023619 improved=no epoch_time=26.0s total_time=1861.9s
[seed 2] [stage 2/3: joint VLE] [epoch 52/80] train_total=0.010103 val_score=0.620801 best=0.620801 P_MAE=8.2748 kPa y_iso_MAE=0.032460 T_MAE=1.7759 K y_isob_MAE=0.020261 improved=yes epoch_time=26.0s total_time=1887.8s
[seed 2] [stage 2/3: joint VLE] [epoch 53/80] train_total=0.010639 val_score=0.645005 best=0.620801 P_MAE=8.6953 kPa y_iso_MAE=0.032495 T_MAE=1.9334 K y_isob_MAE=0.020940 improved=no epoch_time=25.8s total_time=1913.6s
[seed 2] [stage 2/3: joint VLE] [epoch 54/80] train_total=0.011070 val_score=0.726473 best=0.620801 P_MAE=8.7862 kPa y_iso_MAE=0.034772 T_MAE=2.7633 K y_isob_MAE=0.023611 improved=no epoch_time=25.7s total_time=1939.3s
[seed 2] [stage 2/3: joint VLE] [epoch 55/80] train_total=0.011568 val_score=0.640907 best=0.620801 P_MAE=8.3256 kPa y_iso_MAE=0.031584 T_MAE=2.0165 K y_isob_MAE=0.021880 improved=no epoch_time=25.8s total_time=1965.1s
[seed 2] [stage 2/3: joint VLE] [epoch 56/80] train_total=0.010094 val_score=0.733753 best=0.620801 P_MAE=10.9773 kPa y_iso_MAE=0.033734 T_MAE=2.0696 K y_isob_MAE=0.023764 improved=no epoch_time=25.8s total_time=1990.9s
[seed 2] [stage 2/3: joint VLE] [epoch 57/80] train_total=0.010029 val_score=0.626727 best=0.620801 P_MAE=7.8062 kPa y_iso_MAE=0.031393 T_MAE=1.9325 K y_isob_MAE=0.022755 improved=no epoch_time=26.3s total_time=2017.1s
[seed 2] [stage 2/3: joint VLE] [epoch 58/80] train_total=0.009754 val_score=0.663169 best=0.620801 P_MAE=8.1016 kPa y_iso_MAE=0.030321 T_MAE=2.5294 K y_isob_MAE=0.022574 improved=no epoch_time=26.0s total_time=2043.1s
[seed 2] [stage 2/3: joint VLE] [epoch 59/80] train_total=0.012195 val_score=0.655156 best=0.620801 P_MAE=8.5496 kPa y_iso_MAE=0.031351 T_MAE=2.0767 K y_isob_MAE=0.022985 improved=no epoch_time=25.7s total_time=2068.8s
[seed 2] [stage 2/3: joint VLE] [epoch 60/80] train_total=0.012750 val_score=0.718098 best=0.620801 P_MAE=10.2399 kPa y_iso_MAE=0.033684 T_MAE=2.2662 K y_isob_MAE=0.022210 improved=no epoch_time=26.0s total_time=2094.8s
[seed 2] [stage 2/3: joint VLE] [epoch 61/80] train_total=0.010719 val_score=0.756319 best=0.620801 P_MAE=12.0020 kPa y_iso_MAE=0.035109 T_MAE=2.0984 K y_isob_MAE=0.021531 improved=no epoch_time=25.7s total_time=2120.5s
[seed 2] [stage 2/3: joint VLE] [epoch 62/80] train_total=0.008722 val_score=0.632090 best=0.620801 P_MAE=8.5935 kPa y_iso_MAE=0.032396 T_MAE=1.7694 K y_isob_MAE=0.020975 improved=no epoch_time=26.0s total_time=2146.5s
[seed 2] [stage 2/3: joint VLE] [epoch 63/80] train_total=0.009995 val_score=0.708506 best=0.620801 P_MAE=9.6837 kPa y_iso_MAE=0.033999 T_MAE=2.3035 K y_isob_MAE=0.022242 improved=no epoch_time=26.1s total_time=2172.5s
[seed 2] [stage 2/3: joint VLE] [epoch 64/80] train_total=0.009557 val_score=0.765156 best=0.620801 P_MAE=12.5093 kPa y_iso_MAE=0.035199 T_MAE=1.9842 K y_isob_MAE=0.021983 improved=no epoch_time=25.6s total_time=2198.1s
{"direct_ge_parameter_summary": {"stage1_trainable_parameters": 1977601, "stage2_trainable_parameters": 2015043, "stage3": {"groups": [{"learning_rate": 2e-05, "name": "pair_potential", "parameter_count": 110977, "parameter_names": ["pair_potential.0.weight", "pair_potential.0.bias", "pair_potential.2.weight", "pair_potential.2.bias"]}, {"learning_rate": 1e-05, "name": "vapor_pressure", "parameter_count": 37442, "parameter_names": ["vapor_pressure.parameter_head.0.weight", "vapor_pressure.parameter_head.0.bias", "vapor_pressure.parameter_head.2.weight", "vapor_pressure.parameter_head.2.bias"]}, {"learning_rate": 5e-06, "name": "film", "parameter_count": 111744, "parameter_names": ["film.0.weight", "film.0.bias", "film.2.weight", "film.2.bias"]}, {"learning_rate": 5e-06, "name": "mixture_token", "parameter_count": 192, "parameter_names": ["mixture_token"]}], "total_parameters": 2015043, "trainable_fraction": 0.1292056794817778, "trainable_parameters": 260355}, "total_parameters": 2015043, "trainable_fraction": 0.1292056794817778, "trainable_parameters": 260355}}
[seed 2] [stage 3/3: fugacity] starting 10 epoch(s)
[seed 2] [stage 3/3: fugacity] [epoch 1/10] train_total=0.007863 val_score=0.625141 best=0.625141 P_MAE=8.5382 kPa y_iso_MAE=0.032617 T_MAE=1.7675 K y_isob_MAE=0.019800 improved=yes epoch_time=26.1s total_time=2224.1s
[seed 2] [stage 3/3: fugacity] [epoch 2/10] train_total=0.007017 val_score=0.631031 best=0.625141 P_MAE=8.6712 kPa y_iso_MAE=0.032542 T_MAE=1.7953 K y_isob_MAE=0.020029 improved=no epoch_time=25.6s total_time=2249.7s
[seed 2] [stage 3/3: fugacity] [epoch 3/10] train_total=0.007272 val_score=0.629964 best=0.625141 P_MAE=8.7622 kPa y_iso_MAE=0.032455 T_MAE=1.7586 K y_isob_MAE=0.019925 improved=no epoch_time=25.4s total_time=2275.2s
[seed 2] [stage 3/3: fugacity] [epoch 4/10] train_total=0.007167 val_score=0.634045 best=0.625141 P_MAE=8.9213 kPa y_iso_MAE=0.032706 T_MAE=1.7533 K y_isob_MAE=0.019744 improved=no epoch_time=25.5s total_time=2300.7s
[seed 2] [stage 3/3: fugacity] [epoch 5/10] train_total=0.007111 val_score=0.632856 best=0.625141 P_MAE=8.7332 kPa y_iso_MAE=0.032228 T_MAE=1.8147 K y_isob_MAE=0.020190 improved=no epoch_time=25.4s total_time=2326.1s
[seed 2] [stage 3/3: fugacity] [epoch 6/10] train_total=0.006898 val_score=0.634777 best=0.625141 P_MAE=8.8408 kPa y_iso_MAE=0.032346 T_MAE=1.7936 K y_isob_MAE=0.020161 improved=no epoch_time=25.8s total_time=2351.9s
[seed 2] [stage 3/3: fugacity] [epoch 7/10] train_total=0.006740 val_score=0.634749 best=0.625141 P_MAE=8.8809 kPa y_iso_MAE=0.032502 T_MAE=1.7660 K y_isob_MAE=0.020115 improved=no epoch_time=25.6s total_time=2377.5s
[seed 2] [stage 3/3: fugacity] [epoch 8/10] train_total=0.006953 val_score=0.637764 best=0.625141 P_MAE=8.8382 kPa y_iso_MAE=0.032169 T_MAE=1.8458 K y_isob_MAE=0.020319 improved=no epoch_time=25.6s total_time=2403.1s
[seed 2] [stage 3/3: fugacity] [epoch 9/10] train_total=0.006732 val_score=0.636120 best=0.625141 P_MAE=8.8685 kPa y_iso_MAE=0.032335 T_MAE=1.7923 K y_isob_MAE=0.020300 improved=no epoch_time=25.5s total_time=2428.6s
[seed 2] [stage 3/3: fugacity] [epoch 10/10] train_total=0.006811 val_score=0.636700 best=0.625141 P_MAE=8.9051 kPa y_iso_MAE=0.032440 T_MAE=1.7742 K y_isob_MAE=0.020327 improved=no epoch_time=25.9s total_time=2454.5s
{"protocol": "vle_overall_binary", "seed": 2, "manifest": "D:\\VLE\\VLE\\thermoformer_project\\runs\\phase_equilibrium\\v1\\vle\\three\\results\\thermoformer_vle_three_stage.on.vle_overall_binary\\seed_2\\manifest.json"}
[stage experimental] starting 80 epoch(s)
[stage experimental] [epoch 1/80] train_total=0.981160 val_total=0.120366 best=0.120366 improved=yes epoch_time=1.7s total_time=1.7s
[stage experimental] [epoch 2/80] train_total=0.097981 val_total=0.098442 best=0.098442 improved=yes epoch_time=1.7s total_time=3.4s
[stage experimental] [epoch 3/80] train_total=0.066136 val_total=0.090532 best=0.090532 improved=yes epoch_time=1.7s total_time=5.1s
[stage experimental] [epoch 4/80] train_total=0.058329 val_total=0.094590 best=0.090532 improved=no epoch_time=1.7s total_time=6.9s
[stage experimental] [epoch 5/80] train_total=0.047774 val_total=0.083022 best=0.083022 improved=yes epoch_time=1.8s total_time=8.6s
[stage experimental] [epoch 6/80] train_total=0.040820 val_total=0.076964 best=0.076964 improved=yes epoch_time=1.7s total_time=10.3s
[stage experimental] [epoch 7/80] train_total=0.046222 val_total=0.073872 best=0.073872 improved=yes epoch_time=1.9s total_time=12.2s
[stage experimental] [epoch 8/80] train_total=0.046728 val_total=0.106807 best=0.073872 improved=no epoch_time=1.7s total_time=13.9s
[stage experimental] [epoch 9/80] train_total=0.043953 val_total=0.075801 best=0.073872 improved=no epoch_time=1.7s total_time=15.6s
[stage experimental] [epoch 10/80] train_total=0.037554 val_total=0.071371 best=0.071371 improved=yes epoch_time=1.7s total_time=17.3s
[stage experimental] [epoch 11/80] train_total=0.034117 val_total=0.072438 best=0.071371 improved=no epoch_time=1.7s total_time=19.0s
[stage experimental] [epoch 12/80] train_total=0.033407 val_total=0.081196 best=0.071371 improved=no epoch_time=1.7s total_time=20.7s
[stage experimental] [epoch 13/80] train_total=0.036359 val_total=0.073101 best=0.071371 improved=no epoch_time=1.7s total_time=22.4s
[stage experimental] [epoch 14/80] train_total=0.031573 val_total=0.071224 best=0.071224 improved=yes epoch_time=1.7s total_time=24.1s
[stage experimental] [epoch 15/80] train_total=0.034094 val_total=0.067476 best=0.067476 improved=yes epoch_time=1.9s total_time=26.0s
[stage experimental] [epoch 16/80] train_total=0.031720 val_total=0.075553 best=0.067476 improved=no epoch_time=1.7s total_time=27.7s
[stage experimental] [epoch 17/80] train_total=0.035066 val_total=0.067632 best=0.067476 improved=no epoch_time=1.9s total_time=29.6s
[stage experimental] [epoch 18/80] train_total=0.033477 val_total=0.071328 best=0.067476 improved=no epoch_time=1.7s total_time=31.3s
[stage experimental] [epoch 19/80] train_total=0.030843 val_total=0.083449 best=0.067476 improved=no epoch_time=1.6s total_time=32.9s
[stage experimental] [epoch 20/80] train_total=0.029053 val_total=0.062324 best=0.062324 improved=yes epoch_time=1.7s total_time=34.6s
[stage experimental] [epoch 21/80] train_total=0.025620 val_total=0.074146 best=0.062324 improved=no epoch_time=1.7s total_time=36.4s
[stage experimental] [epoch 22/80] train_total=0.029104 val_total=0.068322 best=0.062324 improved=no epoch_time=1.7s total_time=38.1s
[stage experimental] [epoch 23/80] train_total=0.024133 val_total=0.062921 best=0.062324 improved=no epoch_time=1.7s total_time=39.7s
[stage experimental] [epoch 24/80] train_total=0.025018 val_total=0.064767 best=0.062324 improved=no epoch_time=1.7s total_time=41.4s
[stage experimental] [epoch 25/80] train_total=0.023214 val_total=0.070623 best=0.062324 improved=no epoch_time=1.8s total_time=43.2s
[stage experimental] [epoch 26/80] train_total=0.021380 val_total=0.067834 best=0.062324 improved=no epoch_time=1.7s total_time=44.9s
[stage experimental] [epoch 27/80] train_total=0.021628 val_total=0.058401 best=0.058401 improved=yes epoch_time=1.8s total_time=46.7s
[stage experimental] [epoch 28/80] train_total=0.024073 val_total=0.058457 best=0.058401 improved=no epoch_time=1.7s total_time=48.4s
[stage experimental] [epoch 29/80] train_total=0.022177 val_total=0.058860 best=0.058401 improved=no epoch_time=1.7s total_time=50.1s
[stage experimental] [epoch 30/80] train_total=0.024101 val_total=0.054109 best=0.054109 improved=yes epoch_time=1.8s total_time=51.8s
[stage experimental] [epoch 31/80] train_total=0.023964 val_total=0.057955 best=0.054109 improved=no epoch_time=1.7s total_time=53.5s
[stage experimental] [epoch 32/80] train_total=0.021164 val_total=0.056517 best=0.054109 improved=no epoch_time=1.7s total_time=55.2s
[stage experimental] [epoch 33/80] train_total=0.020539 val_total=0.070149 best=0.054109 improved=no epoch_time=1.6s total_time=56.9s
[stage experimental] [epoch 34/80] train_total=0.020369 val_total=0.058687 best=0.054109 improved=no epoch_time=1.7s total_time=58.6s
[stage experimental] [epoch 35/80] train_total=0.019663 val_total=0.061180 best=0.054109 improved=no epoch_time=1.9s total_time=60.5s
[stage experimental] [epoch 36/80] train_total=0.021240 val_total=0.054231 best=0.054109 improved=no epoch_time=1.7s total_time=62.2s
[stage experimental] [epoch 37/80] train_total=0.020049 val_total=0.050266 best=0.050266 improved=yes epoch_time=1.7s total_time=63.9s
[stage experimental] [epoch 38/80] train_total=0.017461 val_total=0.045629 best=0.045629 improved=yes epoch_time=1.7s total_time=65.6s
[stage experimental] [epoch 39/80] train_total=0.016913 val_total=0.053698 best=0.045629 improved=no epoch_time=1.7s total_time=67.3s
[stage experimental] [epoch 40/80] train_total=0.017819 val_total=0.060593 best=0.045629 improved=no epoch_time=1.8s total_time=69.1s
[stage experimental] [epoch 41/80] train_total=0.016605 val_total=0.052901 best=0.045629 improved=no epoch_time=1.7s total_time=70.8s
[stage experimental] [epoch 42/80] train_total=0.016634 val_total=0.051539 best=0.045629 improved=no epoch_time=1.7s total_time=72.5s
[stage experimental] [epoch 43/80] train_total=0.019329 val_total=0.050540 best=0.045629 improved=no epoch_time=1.7s total_time=74.2s
[stage experimental] [epoch 44/80] train_total=0.016050 val_total=0.047656 best=0.045629 improved=no epoch_time=1.7s total_time=75.9s
[stage experimental] [epoch 45/80] train_total=0.015066 val_total=0.052742 best=0.045629 improved=no epoch_time=1.7s total_time=77.6s
[stage experimental] [epoch 46/80] train_total=0.014932 val_total=0.054749 best=0.045629 improved=no epoch_time=1.7s total_time=79.3s
[stage experimental] [epoch 47/80] train_total=0.016394 val_total=0.047700 best=0.045629 improved=no epoch_time=1.9s total_time=81.2s
[stage experimental] [epoch 48/80] train_total=0.013467 val_total=0.041582 best=0.041582 improved=yes epoch_time=1.7s total_time=82.8s
[stage experimental] [epoch 49/80] train_total=0.014639 val_total=0.041219 best=0.041219 improved=yes epoch_time=1.7s total_time=84.5s
[stage experimental] [epoch 50/80] train_total=0.015513 val_total=0.047367 best=0.041219 improved=no epoch_time=1.8s total_time=86.3s
[stage experimental] [epoch 51/80] train_total=0.015066 val_total=0.045329 best=0.041219 improved=no epoch_time=1.7s total_time=88.0s
[stage experimental] [epoch 52/80] train_total=0.014883 val_total=0.040160 best=0.040160 improved=yes epoch_time=1.8s total_time=89.8s
[stage experimental] [epoch 53/80] train_total=0.014136 val_total=0.040102 best=0.040102 improved=yes epoch_time=1.7s total_time=91.5s
[stage experimental] [epoch 54/80] train_total=0.014583 val_total=0.037288 best=0.037288 improved=yes epoch_time=1.7s total_time=93.1s
[stage experimental] [epoch 55/80] train_total=0.012790 val_total=0.042678 best=0.037288 improved=no epoch_time=1.7s total_time=94.9s
[stage experimental] [epoch 56/80] train_total=0.014184 val_total=0.041055 best=0.037288 improved=no epoch_time=1.7s total_time=96.6s
[stage experimental] [epoch 57/80] train_total=0.014503 val_total=0.036523 best=0.036523 improved=yes epoch_time=1.7s total_time=98.3s
[stage experimental] [epoch 58/80] train_total=0.012879 val_total=0.036773 best=0.036523 improved=no epoch_time=1.6s total_time=100.0s
[stage experimental] [epoch 59/80] train_total=0.012986 val_total=0.038520 best=0.036523 improved=no epoch_time=1.6s total_time=101.6s
[stage experimental] [epoch 60/80] train_total=0.012564 val_total=0.042991 best=0.036523 improved=no epoch_time=1.7s total_time=103.3s
[stage experimental] [epoch 61/80] train_total=0.010751 val_total=0.035614 best=0.035614 improved=yes epoch_time=1.7s total_time=105.0s
[stage experimental] [epoch 62/80] train_total=0.010601 val_total=0.031098 best=0.031098 improved=yes epoch_time=1.8s total_time=106.8s
[stage experimental] [epoch 63/80] train_total=0.012437 val_total=0.041426 best=0.031098 improved=no epoch_time=1.7s total_time=108.6s
[stage experimental] [epoch 64/80] train_total=0.009971 val_total=0.032110 best=0.031098 improved=no epoch_time=1.8s total_time=110.3s
[stage experimental] [epoch 65/80] train_total=0.010217 val_total=0.033527 best=0.031098 improved=no epoch_time=1.8s total_time=112.1s
[stage experimental] [epoch 66/80] train_total=0.012902 val_total=0.032448 best=0.031098 improved=no epoch_time=1.7s total_time=113.8s
[stage experimental] [epoch 67/80] train_total=0.009965 val_total=0.032021 best=0.031098 improved=no epoch_time=1.8s total_time=115.6s
[stage experimental] [epoch 68/80] train_total=0.009765 val_total=0.030249 best=0.030249 improved=yes epoch_time=1.7s total_time=117.3s
[stage experimental] [epoch 69/80] train_total=0.008867 val_total=0.028740 best=0.028740 improved=yes epoch_time=1.8s total_time=119.1s
[stage experimental] [epoch 70/80] train_total=0.011305 val_total=0.040132 best=0.028740 improved=no epoch_time=1.8s total_time=120.9s
[stage experimental] [epoch 71/80] train_total=0.011326 val_total=0.030329 best=0.028740 improved=no epoch_time=1.8s total_time=122.6s
[stage experimental] [epoch 72/80] train_total=0.009866 val_total=0.031789 best=0.028740 improved=no epoch_time=1.8s total_time=124.4s
[stage experimental] [epoch 73/80] train_total=0.008936 val_total=0.028596 best=0.028596 improved=yes epoch_time=1.8s total_time=126.2s
[stage experimental] [epoch 74/80] train_total=0.008694 val_total=0.030034 best=0.028596 improved=no epoch_time=1.8s total_time=128.0s
[stage experimental] [epoch 75/80] train_total=0.010397 val_total=0.029599 best=0.028596 improved=no epoch_time=1.8s total_time=129.8s
[stage experimental] [epoch 76/80] train_total=0.008011 val_total=0.029944 best=0.028596 improved=no epoch_time=1.8s total_time=131.5s
[stage experimental] [epoch 77/80] train_total=0.009593 val_total=0.029591 best=0.028596 improved=no epoch_time=1.8s total_time=133.4s
[stage experimental] [epoch 78/80] train_total=0.014523 val_total=0.029940 best=0.028596 improved=no epoch_time=1.8s total_time=135.2s
[stage experimental] [epoch 79/80] train_total=0.012341 val_total=0.033103 best=0.028596 improved=no epoch_time=1.8s total_time=136.9s
[stage experimental] [epoch 80/80] train_total=0.009137 val_total=0.031108 best=0.028596 improved=no epoch_time=1.7s total_time=138.6s
[seed 3] [stage 1/3: direct GE] starting 20 epoch(s)
[seed 3] [stage 1/3: direct GE] [epoch 1/20] train_total=0.004248 val_score=1.046081 best=1.046081 P_MAE=12.8177 kPa y_iso_MAE=0.042479 T_MAE=3.0205 K y_isob_MAE=0.033392 improved=yes epoch_time=26.4s total_time=51.0s
[seed 3] [stage 1/3: direct GE] [epoch 2/20] train_total=0.003457 val_score=1.046903 best=1.046081 P_MAE=12.2146 kPa y_iso_MAE=0.041814 T_MAE=3.1255 K y_isob_MAE=0.034390 improved=no epoch_time=26.1s total_time=77.1s
[seed 3] [stage 1/3: direct GE] [epoch 3/20] train_total=0.003320 val_score=1.037784 best=1.037784 P_MAE=12.5808 kPa y_iso_MAE=0.040275 T_MAE=2.9992 K y_isob_MAE=0.034927 improved=yes epoch_time=26.5s total_time=103.6s
[seed 3] [stage 1/3: direct GE] [epoch 4/20] train_total=0.003337 val_score=1.070257 best=1.037784 P_MAE=12.3941 kPa y_iso_MAE=0.041199 T_MAE=3.3767 K y_isob_MAE=0.034735 improved=no epoch_time=26.6s total_time=130.2s
[seed 3] [stage 1/3: direct GE] [epoch 5/20] train_total=0.003280 val_score=1.002063 best=1.002063 P_MAE=11.5599 kPa y_iso_MAE=0.040052 T_MAE=3.0212 K y_isob_MAE=0.032904 improved=yes epoch_time=26.2s total_time=156.5s
[seed 3] [stage 1/3: direct GE] [epoch 6/20] train_total=0.003147 val_score=0.967703 best=0.967703 P_MAE=11.4354 kPa y_iso_MAE=0.037612 T_MAE=2.8483 K y_isob_MAE=0.032698 improved=yes epoch_time=26.4s total_time=182.9s
[seed 3] [stage 1/3: direct GE] [epoch 7/20] train_total=0.002992 val_score=1.079725 best=0.967703 P_MAE=13.6881 kPa y_iso_MAE=0.041985 T_MAE=3.1576 K y_isob_MAE=0.034439 improved=no epoch_time=26.2s total_time=209.1s
[seed 3] [stage 1/3: direct GE] [epoch 8/20] train_total=0.002938 val_score=1.126388 best=0.967703 P_MAE=13.0408 kPa y_iso_MAE=0.040865 T_MAE=3.6408 K y_isob_MAE=0.037663 improved=no epoch_time=26.4s total_time=235.5s
[seed 3] [stage 1/3: direct GE] [epoch 9/20] train_total=0.002991 val_score=1.012682 best=0.967703 P_MAE=11.1057 kPa y_iso_MAE=0.039070 T_MAE=3.1790 K y_isob_MAE=0.034465 improved=no epoch_time=26.2s total_time=261.7s
[seed 3] [stage 1/3: direct GE] [epoch 10/20] train_total=0.002997 val_score=1.023083 best=0.967703 P_MAE=11.4460 kPa y_iso_MAE=0.039398 T_MAE=3.1787 K y_isob_MAE=0.034674 improved=no epoch_time=26.5s total_time=288.2s
[seed 3] [stage 1/3: direct GE] [epoch 11/20] train_total=0.002983 val_score=1.062043 best=0.967703 P_MAE=13.1195 kPa y_iso_MAE=0.041426 T_MAE=3.1390 K y_isob_MAE=0.034259 improved=no epoch_time=25.9s total_time=314.1s
[seed 3] [stage 1/3: direct GE] [epoch 12/20] train_total=0.002961 val_score=1.036442 best=0.967703 P_MAE=12.9311 kPa y_iso_MAE=0.038964 T_MAE=3.0749 K y_isob_MAE=0.034179 improved=no epoch_time=26.1s total_time=340.2s
[seed 3] [stage 1/3: direct GE] [epoch 13/20] train_total=0.002856 val_score=1.082537 best=0.967703 P_MAE=13.9449 kPa y_iso_MAE=0.041327 T_MAE=3.0633 K y_isob_MAE=0.035680 improved=no epoch_time=26.0s total_time=366.2s
[seed 3] [stage 1/3: direct GE] [epoch 14/20] train_total=0.002940 val_score=1.092718 best=0.967703 P_MAE=13.8942 kPa y_iso_MAE=0.041998 T_MAE=3.1124 K y_isob_MAE=0.036016 improved=no epoch_time=25.8s total_time=392.0s
[seed 3] [stage 1/3: direct GE] [epoch 15/20] train_total=0.002782 val_score=1.097455 best=0.967703 P_MAE=14.3430 kPa y_iso_MAE=0.041007 T_MAE=3.1859 K y_isob_MAE=0.035552 improved=no epoch_time=25.9s total_time=418.0s
[seed 3] [stage 1/3: direct GE] [epoch 16/20] train_total=0.002685 val_score=1.129703 best=0.967703 P_MAE=15.0296 kPa y_iso_MAE=0.040891 T_MAE=3.2702 K y_isob_MAE=0.037115 improved=no epoch_time=26.2s total_time=444.2s
[seed 3] [stage 1/3: direct GE] [epoch 17/20] train_total=0.002598 val_score=1.124600 best=0.967703 P_MAE=14.1314 kPa y_iso_MAE=0.041038 T_MAE=3.3318 K y_isob_MAE=0.037889 improved=no epoch_time=25.8s total_time=470.0s
[seed 3] [stage 1/3: direct GE] [epoch 18/20] train_total=0.002653 val_score=1.098481 best=0.967703 P_MAE=13.7566 kPa y_iso_MAE=0.040747 T_MAE=3.2034 K y_isob_MAE=0.037121 improved=no epoch_time=26.3s total_time=496.3s
[seed 3] [stage 1/3: direct GE] [epoch 19/20] train_total=0.002687 val_score=1.170686 best=0.967703 P_MAE=13.0866 kPa y_iso_MAE=0.041943 T_MAE=3.7164 K y_isob_MAE=0.041402 improved=no epoch_time=26.5s total_time=522.8s
[seed 3] [stage 1/3: direct GE] [epoch 20/20] train_total=0.002693 val_score=1.171868 best=0.967703 P_MAE=14.8151 kPa y_iso_MAE=0.042512 T_MAE=3.4438 K y_isob_MAE=0.039759 improved=no epoch_time=26.4s total_time=549.3s
[seed 3] [stage 2/3: joint VLE] starting 80 epoch(s)
[seed 3] [stage 2/3: joint VLE] [epoch 1/80] train_total=0.017956 val_score=0.988549 best=0.988549 P_MAE=11.2329 kPa y_iso_MAE=0.038467 T_MAE=2.9785 K y_isob_MAE=0.033734 improved=yes epoch_time=27.4s total_time=576.6s
[seed 3] [stage 2/3: joint VLE] [epoch 2/80] train_total=0.015338 val_score=1.001816 best=0.988549 P_MAE=11.4958 kPa y_iso_MAE=0.038945 T_MAE=3.1595 K y_isob_MAE=0.032476 improved=no epoch_time=27.0s total_time=603.6s
[seed 3] [stage 2/3: joint VLE] [epoch 3/80] train_total=0.013124 val_score=0.883475 best=0.883475 P_MAE=10.0833 kPa y_iso_MAE=0.034823 T_MAE=2.7369 K y_isob_MAE=0.028902 improved=yes epoch_time=27.0s total_time=630.7s
[seed 3] [stage 2/3: joint VLE] [epoch 4/80] train_total=0.014314 val_score=0.972295 best=0.883475 P_MAE=13.2483 kPa y_iso_MAE=0.035824 T_MAE=2.9198 K y_isob_MAE=0.029584 improved=no epoch_time=27.2s total_time=657.8s
[seed 3] [stage 2/3: joint VLE] [epoch 5/80] train_total=0.013458 val_score=0.983420 best=0.883475 P_MAE=15.1656 kPa y_iso_MAE=0.037031 T_MAE=2.5725 K y_isob_MAE=0.028987 improved=no epoch_time=27.1s total_time=684.9s
[seed 3] [stage 2/3: joint VLE] [epoch 6/80] train_total=0.011651 val_score=0.881241 best=0.881241 P_MAE=10.0432 kPa y_iso_MAE=0.034188 T_MAE=2.6145 K y_isob_MAE=0.030508 improved=yes epoch_time=27.2s total_time=712.1s
[seed 3] [stage 2/3: joint VLE] [epoch 7/80] train_total=0.014882 val_score=1.006640 best=0.881241 P_MAE=13.7484 kPa y_iso_MAE=0.039009 T_MAE=2.9034 K y_isob_MAE=0.030255 improved=no epoch_time=27.0s total_time=739.1s
[seed 3] [stage 2/3: joint VLE] [epoch 8/80] train_total=0.012528 val_score=0.938411 best=0.881241 P_MAE=12.2907 kPa y_iso_MAE=0.037657 T_MAE=2.6308 K y_isob_MAE=0.029226 improved=no epoch_time=27.1s total_time=766.2s
[seed 3] [stage 2/3: joint VLE] [epoch 9/80] train_total=0.013175 val_score=0.897387 best=0.881241 P_MAE=11.2267 kPa y_iso_MAE=0.033629 T_MAE=2.6881 K y_isob_MAE=0.029338 improved=no epoch_time=27.2s total_time=793.4s
[seed 3] [stage 2/3: joint VLE] [epoch 10/80] train_total=0.013220 val_score=0.861137 best=0.861137 P_MAE=11.3897 kPa y_iso_MAE=0.035138 T_MAE=2.3550 K y_isob_MAE=0.026699 improved=yes epoch_time=26.9s total_time=820.3s
[seed 3] [stage 2/3: joint VLE] [epoch 11/80] train_total=0.011466 val_score=0.912228 best=0.861137 P_MAE=11.3496 kPa y_iso_MAE=0.034427 T_MAE=2.7793 K y_isob_MAE=0.029292 improved=no epoch_time=26.9s total_time=847.2s
[seed 3] [stage 2/3: joint VLE] [epoch 12/80] train_total=0.012640 val_score=0.880469 best=0.861137 P_MAE=10.5754 kPa y_iso_MAE=0.033825 T_MAE=2.6422 K y_isob_MAE=0.029130 improved=no epoch_time=27.1s total_time=874.3s
[seed 3] [stage 2/3: joint VLE] [epoch 13/80] train_total=0.012141 val_score=0.960744 best=0.861137 P_MAE=13.0583 kPa y_iso_MAE=0.037357 T_MAE=2.8294 K y_isob_MAE=0.028317 improved=no epoch_time=27.0s total_time=901.2s
[seed 3] [stage 2/3: joint VLE] [epoch 14/80] train_total=0.014546 val_score=0.975714 best=0.861137 P_MAE=13.9772 kPa y_iso_MAE=0.035605 T_MAE=2.7243 K y_isob_MAE=0.030463 improved=no epoch_time=26.0s total_time=927.2s
[seed 3] [stage 2/3: joint VLE] [epoch 15/80] train_total=0.012363 val_score=0.909015 best=0.861137 P_MAE=11.6089 kPa y_iso_MAE=0.034829 T_MAE=2.5444 K y_isob_MAE=0.030393 improved=no epoch_time=25.6s total_time=952.8s
[seed 3] [stage 2/3: joint VLE] [epoch 16/80] train_total=0.013850 val_score=0.893559 best=0.861137 P_MAE=10.5919 kPa y_iso_MAE=0.034763 T_MAE=2.7498 K y_isob_MAE=0.028840 improved=no epoch_time=25.5s total_time=978.4s
[seed 3] [stage 2/3: joint VLE] [epoch 17/80] train_total=0.011801 val_score=0.954576 best=0.861137 P_MAE=12.3851 kPa y_iso_MAE=0.035071 T_MAE=2.9902 K y_isob_MAE=0.029338 improved=no epoch_time=25.7s total_time=1004.1s
[seed 3] [stage 2/3: joint VLE] [epoch 18/80] train_total=0.010691 val_score=0.853219 best=0.853219 P_MAE=10.1107 kPa y_iso_MAE=0.033195 T_MAE=2.4358 K y_isob_MAE=0.029523 improved=yes epoch_time=25.6s total_time=1029.7s
[seed 3] [stage 2/3: joint VLE] [epoch 19/80] train_total=0.011870 val_score=0.946799 best=0.853219 P_MAE=10.9953 kPa y_iso_MAE=0.035959 T_MAE=2.9136 K y_isob_MAE=0.031812 improved=no epoch_time=26.0s total_time=1055.7s
[seed 3] [stage 2/3: joint VLE] [epoch 20/80] train_total=0.010072 val_score=0.899111 best=0.853219 P_MAE=11.5086 kPa y_iso_MAE=0.033564 T_MAE=2.6034 K y_isob_MAE=0.029806 improved=no epoch_time=25.7s total_time=1081.4s
[seed 3] [stage 2/3: joint VLE] [epoch 21/80] train_total=0.009804 val_score=0.902599 best=0.853219 P_MAE=12.5449 kPa y_iso_MAE=0.034229 T_MAE=2.5390 K y_isob_MAE=0.027874 improved=no epoch_time=25.5s total_time=1106.9s
[seed 3] [stage 2/3: joint VLE] [epoch 22/80] train_total=0.010225 val_score=1.042303 best=0.853219 P_MAE=16.4043 kPa y_iso_MAE=0.039266 T_MAE=2.7167 K y_isob_MAE=0.030012 improved=no epoch_time=25.9s total_time=1132.7s
[seed 3] [stage 2/3: joint VLE] [epoch 23/80] train_total=0.015512 val_score=0.916789 best=0.853219 P_MAE=10.5683 kPa y_iso_MAE=0.034244 T_MAE=2.9132 K y_isob_MAE=0.030497 improved=no epoch_time=25.4s total_time=1158.1s
[seed 3] [stage 2/3: joint VLE] [epoch 24/80] train_total=0.010620 val_score=0.821138 best=0.821138 P_MAE=9.2346 kPa y_iso_MAE=0.032978 T_MAE=2.4057 K y_isob_MAE=0.028142 improved=yes epoch_time=25.7s total_time=1183.8s
[seed 3] [stage 2/3: joint VLE] [epoch 25/80] train_total=0.010617 val_score=0.939446 best=0.821138 P_MAE=14.5202 kPa y_iso_MAE=0.035279 T_MAE=2.4022 K y_isob_MAE=0.028264 improved=no epoch_time=25.6s total_time=1209.4s
[seed 3] [stage 2/3: joint VLE] [epoch 26/80] train_total=0.011673 val_score=0.905048 best=0.821138 P_MAE=12.2989 kPa y_iso_MAE=0.032993 T_MAE=2.5689 K y_isob_MAE=0.029455 improved=no epoch_time=25.8s total_time=1235.2s
[seed 3] [stage 2/3: joint VLE] [epoch 27/80] train_total=0.011518 val_score=0.898452 best=0.821138 P_MAE=12.2580 kPa y_iso_MAE=0.034685 T_MAE=2.5135 K y_isob_MAE=0.027951 improved=no epoch_time=25.9s total_time=1261.1s
[seed 3] [stage 2/3: joint VLE] [epoch 28/80] train_total=0.009242 val_score=0.921063 best=0.821138 P_MAE=13.7742 kPa y_iso_MAE=0.035818 T_MAE=2.4505 K y_isob_MAE=0.026846 improved=no epoch_time=26.0s total_time=1287.1s
[seed 3] [stage 2/3: joint VLE] [epoch 29/80] train_total=0.010076 val_score=0.905660 best=0.821138 P_MAE=13.7632 kPa y_iso_MAE=0.032112 T_MAE=2.4660 K y_isob_MAE=0.027776 improved=no epoch_time=25.8s total_time=1312.8s
[seed 3] [stage 2/3: joint VLE] [epoch 30/80] train_total=0.011557 val_score=0.955474 best=0.821138 P_MAE=12.1044 kPa y_iso_MAE=0.037908 T_MAE=2.7737 K y_isob_MAE=0.030104 improved=no epoch_time=25.6s total_time=1338.4s
[seed 3] [stage 2/3: joint VLE] [epoch 31/80] train_total=0.009931 val_score=0.867822 best=0.821138 P_MAE=11.9061 kPa y_iso_MAE=0.034157 T_MAE=2.3148 K y_isob_MAE=0.027492 improved=no epoch_time=27.4s total_time=1365.9s
[seed 3] [stage 2/3: joint VLE] [epoch 32/80] train_total=0.011333 val_score=0.886916 best=0.821138 P_MAE=11.4280 kPa y_iso_MAE=0.035411 T_MAE=2.4316 K y_isob_MAE=0.028792 improved=no epoch_time=25.4s total_time=1391.2s
[seed 3] [stage 2/3: joint VLE] [epoch 33/80] train_total=0.009391 val_score=0.924091 best=0.821138 P_MAE=11.8575 kPa y_iso_MAE=0.033912 T_MAE=2.7188 K y_isob_MAE=0.030586 improved=no epoch_time=25.5s total_time=1416.7s
[seed 3] [stage 2/3: joint VLE] [epoch 34/80] train_total=0.009296 val_score=0.889843 best=0.821138 P_MAE=11.3428 kPa y_iso_MAE=0.033492 T_MAE=2.6002 K y_isob_MAE=0.029146 improved=no epoch_time=25.2s total_time=1441.9s
[seed 3] [stage 2/3: joint VLE] [epoch 35/80] train_total=0.009605 val_score=0.969563 best=0.821138 P_MAE=13.9894 kPa y_iso_MAE=0.037032 T_MAE=2.6558 K y_isob_MAE=0.029236 improved=no epoch_time=25.3s total_time=1467.2s
[seed 3] [stage 2/3: joint VLE] [epoch 36/80] train_total=0.011950 val_score=0.942039 best=0.821138 P_MAE=12.3757 kPa y_iso_MAE=0.037067 T_MAE=2.6378 K y_isob_MAE=0.029873 improved=no epoch_time=25.4s total_time=1492.5s
{"direct_ge_parameter_summary": {"stage1_trainable_parameters": 1977601, "stage2_trainable_parameters": 2015043, "stage3": {"groups": [{"learning_rate": 2e-05, "name": "pair_potential", "parameter_count": 110977, "parameter_names": ["pair_potential.0.weight", "pair_potential.0.bias", "pair_potential.2.weight", "pair_potential.2.bias"]}, {"learning_rate": 1e-05, "name": "vapor_pressure", "parameter_count": 37442, "parameter_names": ["vapor_pressure.parameter_head.0.weight", "vapor_pressure.parameter_head.0.bias", "vapor_pressure.parameter_head.2.weight", "vapor_pressure.parameter_head.2.bias"]}, {"learning_rate": 5e-06, "name": "film", "parameter_count": 111744, "parameter_names": ["film.0.weight", "film.0.bias", "film.2.weight", "film.2.bias"]}, {"learning_rate": 5e-06, "name": "mixture_token", "parameter_count": 192, "parameter_names": ["mixture_token"]}], "total_parameters": 2015043, "trainable_fraction": 0.1292056794817778, "trainable_parameters": 260355}, "total_parameters": 2015043, "trainable_fraction": 0.1292056794817778, "trainable_parameters": 260355}}
[seed 3] [stage 3/3: fugacity] starting 10 epoch(s)
[seed 3] [stage 3/3: fugacity] [epoch 1/10] train_total=0.008160 val_score=0.832882 best=0.832882 P_MAE=9.8200 kPa y_iso_MAE=0.033075 T_MAE=2.4285 K y_isob_MAE=0.027871 improved=yes epoch_time=25.3s total_time=1517.8s
[seed 3] [stage 3/3: fugacity] [epoch 2/10] train_total=0.007707 val_score=0.838978 best=0.832882 P_MAE=10.0412 kPa y_iso_MAE=0.033285 T_MAE=2.4095 K y_isob_MAE=0.028123 improved=no epoch_time=25.4s total_time=1543.3s
[seed 3] [stage 3/3: fugacity] [epoch 3/10] train_total=0.007746 val_score=0.839479 best=0.832882 P_MAE=10.2415 kPa y_iso_MAE=0.033263 T_MAE=2.3961 K y_isob_MAE=0.027859 improved=no epoch_time=24.0s total_time=1567.3s
[seed 3] [stage 3/3: fugacity] [epoch 4/10] train_total=0.007746 val_score=0.837024 best=0.832882 P_MAE=10.1777 kPa y_iso_MAE=0.033143 T_MAE=2.4044 K y_isob_MAE=0.027718 improved=no epoch_time=24.4s total_time=1591.7s
[seed 3] [stage 3/3: fugacity] [epoch 5/10] train_total=0.007280 val_score=0.840161 best=0.832882 P_MAE=10.2962 kPa y_iso_MAE=0.033326 T_MAE=2.3977 K y_isob_MAE=0.027745 improved=no epoch_time=24.4s total_time=1616.1s
[seed 3] [stage 3/3: fugacity] [epoch 6/10] train_total=0.007233 val_score=0.843133 best=0.832882 P_MAE=10.4592 kPa y_iso_MAE=0.033571 T_MAE=2.3759 K y_isob_MAE=0.027751 improved=no epoch_time=24.7s total_time=1640.9s
[seed 3] [stage 3/3: fugacity] [epoch 7/10] train_total=0.007360 val_score=0.841956 best=0.832882 P_MAE=10.3435 kPa y_iso_MAE=0.033648 T_MAE=2.3702 K y_isob_MAE=0.027882 improved=no epoch_time=24.7s total_time=1665.5s
[seed 3] [stage 3/3: fugacity] [epoch 8/10] train_total=0.007182 val_score=0.841398 best=0.832882 P_MAE=10.4466 kPa y_iso_MAE=0.033408 T_MAE=2.3728 K y_isob_MAE=0.027729 improved=no epoch_time=24.1s total_time=1689.6s
[seed 3] [stage 3/3: fugacity] [epoch 9/10] train_total=0.007155 val_score=0.840948 best=0.832882 P_MAE=10.3751 kPa y_iso_MAE=0.033696 T_MAE=2.3607 K y_isob_MAE=0.027741 improved=no epoch_time=24.5s total_time=1714.1s
[seed 3] [stage 3/3: fugacity] [epoch 10/10] train_total=0.007397 val_score=0.843086 best=0.832882 P_MAE=10.6270 kPa y_iso_MAE=0.033490 T_MAE=2.3586 K y_isob_MAE=0.027586 improved=no epoch_time=24.4s total_time=1738.5s
{"protocol": "vle_overall_binary", "seed": 3, "manifest": "D:\\VLE\\VLE\\thermoformer_project\\runs\\phase_equilibrium\\v1\\vle\\three\\results\\thermoformer_vle_three_stage.on.vle_overall_binary\\seed_3\\manifest.json"}
[stage experimental] starting 80 epoch(s)
[stage experimental] [epoch 1/80] train_total=0.916348 val_total=0.091538 best=0.091538 improved=yes epoch_time=1.7s total_time=1.7s
[stage experimental] [epoch 2/80] train_total=0.118113 val_total=0.072800 best=0.072800 improved=yes epoch_time=1.7s total_time=3.5s
[stage experimental] [epoch 3/80] train_total=0.070714 val_total=0.068122 best=0.068122 improved=yes epoch_time=1.8s total_time=5.2s
[stage experimental] [epoch 4/80] train_total=0.059581 val_total=0.065980 best=0.065980 improved=yes epoch_time=1.7s total_time=7.0s
[stage experimental] [epoch 5/80] train_total=0.056519 val_total=0.093778 best=0.065980 improved=no epoch_time=1.7s total_time=8.7s
[stage experimental] [epoch 6/80] train_total=0.048802 val_total=0.062071 best=0.062071 improved=yes epoch_time=1.7s total_time=10.4s
[stage experimental] [epoch 7/80] train_total=0.041169 val_total=0.083716 best=0.062071 improved=no epoch_time=1.7s total_time=12.1s
[stage experimental] [epoch 8/80] train_total=0.039077 val_total=0.057964 best=0.057964 improved=yes epoch_time=1.7s total_time=13.8s
[stage experimental] [epoch 9/80] train_total=0.039798 val_total=0.066276 best=0.057964 improved=no epoch_time=1.7s total_time=15.5s
[stage experimental] [epoch 10/80] train_total=0.034476 val_total=0.060125 best=0.057964 improved=no epoch_time=1.7s total_time=17.2s
[stage experimental] [epoch 11/80] train_total=0.035202 val_total=0.070941 best=0.057964 improved=no epoch_time=1.9s total_time=19.1s
[stage experimental] [epoch 12/80] train_total=0.036034 val_total=0.057969 best=0.057964 improved=no epoch_time=1.7s total_time=20.9s
[stage experimental] [epoch 13/80] train_total=0.032560 val_total=0.063017 best=0.057964 improved=no epoch_time=1.8s total_time=22.6s
[stage experimental] [epoch 14/80] train_total=0.034226 val_total=0.051808 best=0.051808 improved=yes epoch_time=1.7s total_time=24.4s
[stage experimental] [epoch 15/80] train_total=0.030348 val_total=0.063660 best=0.051808 improved=no epoch_time=1.6s total_time=26.0s
[stage experimental] [epoch 16/80] train_total=0.032751 val_total=0.054398 best=0.051808 improved=no epoch_time=1.7s total_time=27.7s
[stage experimental] [epoch 17/80] train_total=0.032935 val_total=0.051515 best=0.051515 improved=yes epoch_time=1.7s total_time=29.4s
[stage experimental] [epoch 18/80] train_total=0.028315 val_total=0.053404 best=0.051515 improved=no epoch_time=1.7s total_time=31.1s
[stage experimental] [epoch 19/80] train_total=0.029875 val_total=0.053205 best=0.051515 improved=no epoch_time=1.7s total_time=32.8s
[stage experimental] [epoch 20/80] train_total=0.026399 val_total=0.046075 best=0.046075 improved=yes epoch_time=1.7s total_time=34.5s
[stage experimental] [epoch 21/80] train_total=0.026239 val_total=0.053450 best=0.046075 improved=no epoch_time=1.7s total_time=36.2s
[stage experimental] [epoch 22/80] train_total=0.025908 val_total=0.047060 best=0.046075 improved=no epoch_time=1.7s total_time=37.9s
[stage experimental] [epoch 23/80] train_total=0.024917 val_total=0.049584 best=0.046075 improved=no epoch_time=1.7s total_time=39.7s
[stage experimental] [epoch 24/80] train_total=0.029114 val_total=0.061916 best=0.046075 improved=no epoch_time=1.7s total_time=41.3s
[stage experimental] [epoch 25/80] train_total=0.025602 val_total=0.044937 best=0.044937 improved=yes epoch_time=1.7s total_time=43.1s
[stage experimental] [epoch 26/80] train_total=0.022655 val_total=0.052026 best=0.044937 improved=no epoch_time=1.8s total_time=44.8s
[stage experimental] [epoch 27/80] train_total=0.020134 val_total=0.044310 best=0.044310 improved=yes epoch_time=1.8s total_time=46.6s
[stage experimental] [epoch 28/80] train_total=0.023101 val_total=0.047179 best=0.044310 improved=no epoch_time=1.8s total_time=48.4s
[stage experimental] [epoch 29/80] train_total=0.020820 val_total=0.059367 best=0.044310 improved=no epoch_time=1.7s total_time=50.1s
[stage experimental] [epoch 30/80] train_total=0.023994 val_total=0.048109 best=0.044310 improved=no epoch_time=1.8s total_time=52.0s
[stage experimental] [epoch 31/80] train_total=0.020452 val_total=0.047286 best=0.044310 improved=no epoch_time=1.6s total_time=53.6s
[stage experimental] [epoch 32/80] train_total=0.018104 val_total=0.043377 best=0.043377 improved=yes epoch_time=1.7s total_time=55.3s
[stage experimental] [epoch 33/80] train_total=0.017465 val_total=0.041185 best=0.041185 improved=yes epoch_time=1.7s total_time=57.0s
[stage experimental] [epoch 34/80] train_total=0.019321 val_total=0.042352 best=0.041185 improved=no epoch_time=1.7s total_time=58.7s
[stage experimental] [epoch 35/80] train_total=0.018072 val_total=0.040151 best=0.040151 improved=yes epoch_time=1.7s total_time=60.4s
[stage experimental] [epoch 36/80] train_total=0.015853 val_total=0.037946 best=0.037946 improved=yes epoch_time=1.7s total_time=62.1s
[stage experimental] [epoch 37/80] train_total=0.019063 val_total=0.035682 best=0.035682 improved=yes epoch_time=1.7s total_time=63.8s
[stage experimental] [epoch 38/80] train_total=0.014729 val_total=0.033621 best=0.033621 improved=yes epoch_time=1.8s total_time=65.6s
[stage experimental] [epoch 39/80] train_total=0.017574 val_total=0.037646 best=0.033621 improved=no epoch_time=1.7s total_time=67.3s
[stage experimental] [epoch 40/80] train_total=0.014496 val_total=0.037421 best=0.033621 improved=no epoch_time=1.7s total_time=69.0s
[stage experimental] [epoch 41/80] train_total=0.014046 val_total=0.034027 best=0.033621 improved=no epoch_time=1.7s total_time=70.8s
[stage experimental] [epoch 42/80] train_total=0.017885 val_total=0.041764 best=0.033621 improved=no epoch_time=1.7s total_time=72.5s
[stage experimental] [epoch 43/80] train_total=0.015706 val_total=0.034632 best=0.033621 improved=no epoch_time=1.7s total_time=74.2s
[stage experimental] [epoch 44/80] train_total=0.018273 val_total=0.042940 best=0.033621 improved=no epoch_time=1.7s total_time=76.0s
[stage experimental] [epoch 45/80] train_total=0.015499 val_total=0.032619 best=0.032619 improved=yes epoch_time=1.7s total_time=77.6s
[stage experimental] [epoch 46/80] train_total=0.012811 val_total=0.029521 best=0.029521 improved=yes epoch_time=1.7s total_time=79.3s
[stage experimental] [epoch 47/80] train_total=0.012822 val_total=0.027941 best=0.027941 improved=yes epoch_time=1.7s total_time=81.0s
[stage experimental] [epoch 48/80] train_total=0.012330 val_total=0.027205 best=0.027205 improved=yes epoch_time=1.7s total_time=82.7s
[stage experimental] [epoch 49/80] train_total=0.011445 val_total=0.027230 best=0.027205 improved=no epoch_time=1.8s total_time=84.5s
[stage experimental] [epoch 50/80] train_total=0.012227 val_total=0.026932 best=0.026932 improved=yes epoch_time=1.7s total_time=86.2s
[stage experimental] [epoch 51/80] train_total=0.009906 val_total=0.032060 best=0.026932 improved=no epoch_time=1.7s total_time=87.9s
[stage experimental] [epoch 52/80] train_total=0.010803 val_total=0.027901 best=0.026932 improved=no epoch_time=1.7s total_time=89.6s
[stage experimental] [epoch 53/80] train_total=0.012185 val_total=0.026858 best=0.026858 improved=yes epoch_time=1.7s total_time=91.3s
[stage experimental] [epoch 54/80] train_total=0.011154 val_total=0.029632 best=0.026858 improved=no epoch_time=1.7s total_time=93.1s
[stage experimental] [epoch 55/80] train_total=0.011642 val_total=0.028840 best=0.026858 improved=no epoch_time=1.7s total_time=94.8s
[stage experimental] [epoch 56/80] train_total=0.010237 val_total=0.026611 best=0.026611 improved=yes epoch_time=1.7s total_time=96.5s
[stage experimental] [epoch 57/80] train_total=0.010142 val_total=0.025003 best=0.025003 improved=yes epoch_time=1.7s total_time=98.3s
[stage experimental] [epoch 58/80] train_total=0.008962 val_total=0.027525 best=0.025003 improved=no epoch_time=1.8s total_time=100.0s
[stage experimental] [epoch 59/80] train_total=0.011836 val_total=0.024586 best=0.024586 improved=yes epoch_time=1.7s total_time=101.8s
[stage experimental] [epoch 60/80] train_total=0.009446 val_total=0.023710 best=0.023710 improved=yes epoch_time=1.7s total_time=103.4s
[stage experimental] [epoch 61/80] train_total=0.009074 val_total=0.022967 best=0.022967 improved=yes epoch_time=1.6s total_time=105.0s
[stage experimental] [epoch 62/80] train_total=0.009151 val_total=0.027651 best=0.022967 improved=no epoch_time=1.7s total_time=106.7s
[stage experimental] [epoch 63/80] train_total=0.010678 val_total=0.026007 best=0.022967 improved=no epoch_time=1.7s total_time=108.4s
[stage experimental] [epoch 64/80] train_total=0.008287 val_total=0.021841 best=0.021841 improved=yes epoch_time=1.7s total_time=110.1s
[stage experimental] [epoch 65/80] train_total=0.007138 val_total=0.021576 best=0.021576 improved=yes epoch_time=1.7s total_time=111.8s
[stage experimental] [epoch 66/80] train_total=0.008346 val_total=0.023143 best=0.021576 improved=no epoch_time=1.7s total_time=113.5s
[stage experimental] [epoch 67/80] train_total=0.009236 val_total=0.020768 best=0.020768 improved=yes epoch_time=1.8s total_time=115.3s
[stage experimental] [epoch 68/80] train_total=0.008725 val_total=0.025104 best=0.020768 improved=no epoch_time=1.7s total_time=117.0s
[stage experimental] [epoch 69/80] train_total=0.009200 val_total=0.021087 best=0.020768 improved=no epoch_time=1.8s total_time=118.8s
[stage experimental] [epoch 70/80] train_total=0.010078 val_total=0.024218 best=0.020768 improved=no epoch_time=1.7s total_time=120.5s
[stage experimental] [epoch 71/80] train_total=0.009094 val_total=0.021749 best=0.020768 improved=no epoch_time=1.7s total_time=122.2s
[stage experimental] [epoch 72/80] train_total=0.008860 val_total=0.023331 best=0.020768 improved=no epoch_time=1.7s total_time=123.9s
[stage experimental] [epoch 73/80] train_total=0.009357 val_total=0.022702 best=0.020768 improved=no epoch_time=1.7s total_time=125.6s
[stage experimental] [epoch 74/80] train_total=0.008986 val_total=0.022923 best=0.020768 improved=no epoch_time=1.7s total_time=127.4s
[stage experimental] [epoch 75/80] train_total=0.008080 val_total=0.021817 best=0.020768 improved=no epoch_time=1.7s total_time=129.1s
[stage experimental] [epoch 76/80] train_total=0.008051 val_total=0.021524 best=0.020768 improved=no epoch_time=1.6s total_time=130.7s
[stage experimental] [epoch 77/80] train_total=0.007834 val_total=0.020028 best=0.020028 improved=yes epoch_time=1.7s total_time=132.4s
[stage experimental] [epoch 78/80] train_total=0.007752 val_total=0.023843 best=0.020028 improved=no epoch_time=1.7s total_time=134.1s
[stage experimental] [epoch 79/80] train_total=0.008401 val_total=0.023757 best=0.020028 improved=no epoch_time=1.7s total_time=135.8s
[stage experimental] [epoch 80/80] train_total=0.009525 val_total=0.022895 best=0.020028 improved=no epoch_time=1.7s total_time=137.5s
[seed 4] [stage 1/3: direct GE] starting 20 epoch(s)
[seed 4] [stage 1/3: direct GE] [epoch 1/20] train_total=0.004137 val_score=1.147366 best=1.147366 P_MAE=10.5059 kPa y_iso_MAE=0.030884 T_MAE=2.8232 K y_isob_MAE=0.025766 improved=yes epoch_time=23.0s total_time=44.5s
[seed 4] [stage 1/3: direct GE] [epoch 2/20] train_total=0.003666 val_score=1.137596 best=1.137596 P_MAE=9.9219 kPa y_iso_MAE=0.029684 T_MAE=2.8032 K y_isob_MAE=0.027767 improved=yes epoch_time=23.1s total_time=67.6s
[seed 4] [stage 1/3: direct GE] [epoch 3/20] train_total=0.003211 val_score=1.151160 best=1.137596 P_MAE=9.6284 kPa y_iso_MAE=0.031724 T_MAE=2.8367 K y_isob_MAE=0.027682 improved=no epoch_time=23.4s total_time=91.0s
[seed 4] [stage 1/3: direct GE] [epoch 4/20] train_total=0.003241 val_score=1.139883 best=1.137596 P_MAE=9.7243 kPa y_iso_MAE=0.027737 T_MAE=2.9165 K y_isob_MAE=0.029308 improved=no epoch_time=22.6s total_time=113.6s
[seed 4] [stage 1/3: direct GE] [epoch 5/20] train_total=0.003101 val_score=1.115554 best=1.115554 P_MAE=9.7605 kPa y_iso_MAE=0.030709 T_MAE=2.5564 K y_isob_MAE=0.027424 improved=yes epoch_time=23.2s total_time=136.8s
[seed 4] [stage 1/3: direct GE] [epoch 6/20] train_total=0.002900 val_score=1.133314 best=1.115554 P_MAE=9.8548 kPa y_iso_MAE=0.030264 T_MAE=2.7203 K y_isob_MAE=0.027767 improved=no epoch_time=23.3s total_time=160.1s
[seed 4] [stage 1/3: direct GE] [epoch 7/20] train_total=0.003126 val_score=1.163796 best=1.115554 P_MAE=9.9572 kPa y_iso_MAE=0.031822 T_MAE=2.8329 K y_isob_MAE=0.027915 improved=no epoch_time=23.5s total_time=183.5s
[seed 4] [stage 1/3: direct GE] [epoch 8/20] train_total=0.003202 val_score=1.186657 best=1.115554 P_MAE=10.1981 kPa y_iso_MAE=0.032637 T_MAE=2.7365 K y_isob_MAE=0.029559 improved=no epoch_time=23.3s total_time=206.8s
[seed 4] [stage 1/3: direct GE] [epoch 9/20] train_total=0.002907 val_score=1.163379 best=1.115554 P_MAE=10.1089 kPa y_iso_MAE=0.030105 T_MAE=2.7887 K y_isob_MAE=0.029454 improved=no epoch_time=23.1s total_time=230.0s
[seed 4] [stage 1/3: direct GE] [epoch 10/20] train_total=0.003014 val_score=1.137203 best=1.115554 P_MAE=9.7175 kPa y_iso_MAE=0.028192 T_MAE=2.9881 K y_isob_MAE=0.027988 improved=no epoch_time=23.1s total_time=253.0s
[seed 4] [stage 1/3: direct GE] [epoch 11/20] train_total=0.002824 val_score=1.232613 best=1.115554 P_MAE=10.6039 kPa y_iso_MAE=0.033409 T_MAE=3.0039 K y_isob_MAE=0.029646 improved=no epoch_time=23.2s total_time=276.2s
[seed 4] [stage 1/3: direct GE] [epoch 12/20] train_total=0.002951 val_score=1.147305 best=1.115554 P_MAE=9.1536 kPa y_iso_MAE=0.026478 T_MAE=3.0579 K y_isob_MAE=0.031488 improved=no epoch_time=23.1s total_time=299.3s
[seed 4] [stage 1/3: direct GE] [epoch 13/20] train_total=0.002971 val_score=1.186938 best=1.115554 P_MAE=10.1312 kPa y_iso_MAE=0.032262 T_MAE=2.9016 K y_isob_MAE=0.028603 improved=no epoch_time=23.1s total_time=322.4s
[seed 4] [stage 1/3: direct GE] [epoch 14/20] train_total=0.002768 val_score=1.221179 best=1.115554 P_MAE=10.0651 kPa y_iso_MAE=0.033336 T_MAE=2.9022 K y_isob_MAE=0.031064 improved=no epoch_time=23.0s total_time=345.5s
[seed 4] [stage 1/3: direct GE] [epoch 15/20] train_total=0.002746 val_score=1.147223 best=1.115554 P_MAE=9.9753 kPa y_iso_MAE=0.029193 T_MAE=2.8524 K y_isob_MAE=0.028543 improved=no epoch_time=23.2s total_time=368.7s
[seed 4] [stage 1/3: direct GE] [epoch 16/20] train_total=0.002660 val_score=1.274927 best=1.115554 P_MAE=10.2821 kPa y_iso_MAE=0.034113 T_MAE=3.2307 K y_isob_MAE=0.031859 improved=no epoch_time=23.0s total_time=391.7s
[seed 4] [stage 1/3: direct GE] [epoch 17/20] train_total=0.002666 val_score=1.229446 best=1.115554 P_MAE=10.8404 kPa y_iso_MAE=0.032098 T_MAE=3.0168 K y_isob_MAE=0.029781 improved=no epoch_time=22.9s total_time=414.6s
[seed 4] [stage 1/3: direct GE] [epoch 18/20] train_total=0.002664 val_score=1.225517 best=1.115554 P_MAE=10.1623 kPa y_iso_MAE=0.031313 T_MAE=2.9797 K y_isob_MAE=0.032376 improved=no epoch_time=23.1s total_time=437.7s
[seed 4] [stage 1/3: direct GE] [epoch 19/20] train_total=0.002793 val_score=1.225145 best=1.115554 P_MAE=10.5493 kPa y_iso_MAE=0.030429 T_MAE=3.0575 K y_isob_MAE=0.031363 improved=no epoch_time=22.9s total_time=460.6s
[seed 4] [stage 1/3: direct GE] [epoch 20/20] train_total=0.002710 val_score=1.219219 best=1.115554 P_MAE=10.5326 kPa y_iso_MAE=0.031013 T_MAE=3.0828 K y_isob_MAE=0.030066 improved=no epoch_time=23.1s total_time=483.7s
[seed 4] [stage 2/3: joint VLE] starting 80 epoch(s)
[seed 4] [stage 2/3: joint VLE] [epoch 1/80] train_total=0.019201 val_score=1.064795 best=1.064795 P_MAE=9.1129 kPa y_iso_MAE=0.028092 T_MAE=2.6589 K y_isob_MAE=0.025869 improved=yes epoch_time=24.2s total_time=507.9s
[seed 4] [stage 2/3: joint VLE] [epoch 2/80] train_total=0.014000 val_score=1.119215 best=1.064795 P_MAE=9.0137 kPa y_iso_MAE=0.028232 T_MAE=2.8732 K y_isob_MAE=0.029257 improved=no epoch_time=24.0s total_time=531.9s
[seed 4] [stage 2/3: joint VLE] [epoch 3/80] train_total=0.014619 val_score=1.083692 best=1.064795 P_MAE=8.9773 kPa y_iso_MAE=0.029450 T_MAE=2.6479 K y_isob_MAE=0.026896 improved=no epoch_time=24.6s total_time=556.5s
[seed 4] [stage 2/3: joint VLE] [epoch 4/80] train_total=0.024120 val_score=1.335688 best=1.064795 P_MAE=10.0008 kPa y_iso_MAE=0.033375 T_MAE=3.6273 K y_isob_MAE=0.035505 improved=no epoch_time=24.0s total_time=580.4s
[seed 4] [stage 2/3: joint VLE] [epoch 5/80] train_total=0.017533 val_score=1.127169 best=1.064795 P_MAE=9.2046 kPa y_iso_MAE=0.032735 T_MAE=2.8036 K y_isob_MAE=0.025935 improved=no epoch_time=23.9s total_time=604.4s
[seed 4] [stage 2/3: joint VLE] [epoch 6/80] train_total=0.012819 val_score=1.081847 best=1.064795 P_MAE=8.9103 kPa y_iso_MAE=0.028460 T_MAE=2.6611 K y_isob_MAE=0.027706 improved=no epoch_time=24.0s total_time=628.4s
[seed 4] [stage 2/3: joint VLE] [epoch 7/80] train_total=0.009517 val_score=0.964682 best=0.964682 P_MAE=8.0054 kPa y_iso_MAE=0.026224 T_MAE=2.3796 K y_isob_MAE=0.023688 improved=yes epoch_time=23.8s total_time=652.2s
[seed 4] [stage 2/3: joint VLE] [epoch 8/80] train_total=0.011252 val_score=1.095300 best=0.964682 P_MAE=9.1436 kPa y_iso_MAE=0.028283 T_MAE=2.9193 K y_isob_MAE=0.026131 improved=no epoch_time=23.8s total_time=676.0s
[seed 4] [stage 2/3: joint VLE] [epoch 9/80] train_total=0.012809 val_score=1.068186 best=0.964682 P_MAE=9.1860 kPa y_iso_MAE=0.026438 T_MAE=2.9225 K y_isob_MAE=0.025102 improved=no epoch_time=24.3s total_time=700.4s
[seed 4] [stage 2/3: joint VLE] [epoch 10/80] train_total=0.012655 val_score=1.095870 best=0.964682 P_MAE=9.2988 kPa y_iso_MAE=0.027335 T_MAE=2.7784 K y_isob_MAE=0.027928 improved=no epoch_time=23.9s total_time=724.2s
[seed 4] [stage 2/3: joint VLE] [epoch 11/80] train_total=0.009878 val_score=1.048517 best=0.964682 P_MAE=8.9711 kPa y_iso_MAE=0.027115 T_MAE=2.5869 K y_isob_MAE=0.026277 improved=no epoch_time=24.0s total_time=748.3s
[seed 4] [stage 2/3: joint VLE] [epoch 12/80] train_total=0.012306 val_score=1.090326 best=0.964682 P_MAE=10.2155 kPa y_iso_MAE=0.028225 T_MAE=2.6522 K y_isob_MAE=0.025162 improved=no epoch_time=24.0s total_time=772.3s
[seed 4] [stage 2/3: joint VLE] [epoch 13/80] train_total=0.010974 val_score=1.102156 best=0.964682 P_MAE=11.0984 kPa y_iso_MAE=0.029175 T_MAE=2.4031 K y_isob_MAE=0.025230 improved=no epoch_time=24.1s total_time=796.4s
[seed 4] [stage 2/3: joint VLE] [epoch 14/80] train_total=0.009763 val_score=1.039026 best=0.964682 P_MAE=8.2356 kPa y_iso_MAE=0.026950 T_MAE=2.5871 K y_isob_MAE=0.027580 improved=no epoch_time=24.0s total_time=820.3s
[seed 4] [stage 2/3: joint VLE] [epoch 15/80] train_total=0.010588 val_score=1.077761 best=0.964682 P_MAE=8.9568 kPa y_iso_MAE=0.028524 T_MAE=2.9101 K y_isob_MAE=0.024835 improved=no epoch_time=24.0s total_time=844.3s
[seed 4] [stage 2/3: joint VLE] [epoch 16/80] train_total=0.011660 val_score=1.060249 best=0.964682 P_MAE=9.1283 kPa y_iso_MAE=0.030519 T_MAE=2.5567 K y_isob_MAE=0.024072 improved=no epoch_time=24.2s total_time=868.5s
[seed 4] [stage 2/3: joint VLE] [epoch 17/80] train_total=0.012003 val_score=1.014140 best=0.964682 P_MAE=9.2356 kPa y_iso_MAE=0.025964 T_MAE=2.4358 K y_isob_MAE=0.024705 improved=no epoch_time=24.3s total_time=892.8s
[seed 4] [stage 2/3: joint VLE] [epoch 18/80] train_total=0.009767 val_score=1.041938 best=0.964682 P_MAE=9.2851 kPa y_iso_MAE=0.027119 T_MAE=2.5259 K y_isob_MAE=0.025325 improved=no epoch_time=24.6s total_time=917.4s
[seed 4] [stage 2/3: joint VLE] [epoch 19/80] train_total=0.010341 val_score=1.016918 best=0.964682 P_MAE=8.8878 kPa y_iso_MAE=0.025152 T_MAE=2.5160 K y_isob_MAE=0.025962 improved=no epoch_time=24.2s total_time=941.6s
{"direct_ge_parameter_summary": {"stage1_trainable_parameters": 1977601, "stage2_trainable_parameters": 2015043, "stage3": {"groups": [{"learning_rate": 2e-05, "name": "pair_potential", "parameter_count": 110977, "parameter_names": ["pair_potential.0.weight", "pair_potential.0.bias", "pair_potential.2.weight", "pair_potential.2.bias"]}, {"learning_rate": 1e-05, "name": "vapor_pressure", "parameter_count": 37442, "parameter_names": ["vapor_pressure.parameter_head.0.weight", "vapor_pressure.parameter_head.0.bias", "vapor_pressure.parameter_head.2.weight", "vapor_pressure.parameter_head.2.bias"]}, {"learning_rate": 5e-06, "name": "film", "parameter_count": 111744, "parameter_names": ["film.0.weight", "film.0.bias", "film.2.weight", "film.2.bias"]}, {"learning_rate": 5e-06, "name": "mixture_token", "parameter_count": 192, "parameter_names": ["mixture_token"]}], "total_parameters": 2015043, "trainable_fraction": 0.1292056794817778, "trainable_parameters": 260355}, "total_parameters": 2015043, "trainable_fraction": 0.1292056794817778, "trainable_parameters": 260355}}
[seed 4] [stage 3/3: fugacity] starting 10 epoch(s)
[seed 4] [stage 3/3: fugacity] [epoch 1/10] train_total=0.008214 val_score=0.972435 best=0.972435 P_MAE=8.1450 kPa y_iso_MAE=0.026115 T_MAE=2.4361 K y_isob_MAE=0.023622 improved=yes epoch_time=23.9s total_time=965.5s
[seed 4] [stage 3/3: fugacity] [epoch 2/10] train_total=0.007828 val_score=0.982584 best=0.972435 P_MAE=8.2348 kPa y_iso_MAE=0.025875 T_MAE=2.4682 K y_isob_MAE=0.024270 improved=no epoch_time=23.9s total_time=989.4s
[seed 4] [stage 3/3: fugacity] [epoch 3/10] train_total=0.007863 val_score=0.991277 best=0.972435 P_MAE=8.2928 kPa y_iso_MAE=0.026007 T_MAE=2.4980 K y_isob_MAE=0.024543 improved=no epoch_time=23.8s total_time=1013.2s
[seed 4] [stage 3/3: fugacity] [epoch 4/10] train_total=0.007771 val_score=0.989468 best=0.972435 P_MAE=8.3475 kPa y_iso_MAE=0.025868 T_MAE=2.4851 K y_isob_MAE=0.024465 improved=no epoch_time=23.6s total_time=1036.7s
[seed 4] [stage 3/3: fugacity] [epoch 5/10] train_total=0.007482 val_score=0.987209 best=0.972435 P_MAE=8.2562 kPa y_iso_MAE=0.025811 T_MAE=2.4908 K y_isob_MAE=0.024505 improved=no epoch_time=23.9s total_time=1060.6s
[seed 4] [stage 3/3: fugacity] [epoch 6/10] train_total=0.007523 val_score=0.987658 best=0.972435 P_MAE=8.1976 kPa y_iso_MAE=0.025844 T_MAE=2.5093 K y_isob_MAE=0.024511 improved=no epoch_time=23.7s total_time=1084.4s
[seed 4] [stage 3/3: fugacity] [epoch 7/10] train_total=0.007230 val_score=0.988674 best=0.972435 P_MAE=8.2371 kPa y_iso_MAE=0.025764 T_MAE=2.4858 K y_isob_MAE=0.024788 improved=no epoch_time=23.9s total_time=1108.3s
[seed 4] [stage 3/3: fugacity] [epoch 8/10] train_total=0.007177 val_score=0.992614 best=0.972435 P_MAE=8.2115 kPa y_iso_MAE=0.025834 T_MAE=2.4902 K y_isob_MAE=0.025132 improved=no epoch_time=23.8s total_time=1132.1s
[seed 4] [stage 3/3: fugacity] [epoch 9/10] train_total=0.007274 val_score=0.993306 best=0.972435 P_MAE=8.3227 kPa y_iso_MAE=0.025952 T_MAE=2.4936 K y_isob_MAE=0.024746 improved=no epoch_time=23.6s total_time=1155.7s
[seed 4] [stage 3/3: fugacity] [epoch 10/10] train_total=0.007181 val_score=0.994236 best=0.972435 P_MAE=8.2141 kPa y_iso_MAE=0.026103 T_MAE=2.5126 K y_isob_MAE=0.024825 improved=no epoch_time=24.4s total_time=1180.2s
{"protocol": "vle_overall_binary", "seed": 4, "manifest": "D:\\VLE\\VLE\\thermoformer_project\\runs\\phase_equilibrium\\v1\\vle\\three\\results\\thermoformer_vle_three_stage.on.vle_overall_binary\\seed_4\\manifest.json"}

$ E:\anaconda\envs\ggnn39\python.exe scripts/run_vle_benchmarks.py --protocol vle_overall_binary --seeds 0 1 2 3 4 --output D:\VLE\VLE\phase_equilibrium\runs\phase_equilibrium\v1 --device cuda
[resume] stage0 vle_overall_binary seed 0
[resume] three vle_overall_binary seed 0
{"protocol": "vle_overall_binary", "seed": 0, "manifest": "D:\\VLE\\VLE\\thermoformer_project\\runs\\phase_equilibrium\\v1\\vle\\three\\results\\thermoformer_vle_three_stage.on.vle_overall_binary\\seed_0\\manifest.json"}
[resume] stage0 vle_overall_binary seed 1
[resume] three vle_overall_binary seed 1
{"protocol": "vle_overall_binary", "seed": 1, "manifest": "D:\\VLE\\VLE\\thermoformer_project\\runs\\phase_equilibrium\\v1\\vle\\three\\results\\thermoformer_vle_three_stage.on.vle_overall_binary\\seed_1\\manifest.json"}
[resume] stage0 vle_overall_binary seed 2
[resume] three vle_overall_binary seed 2
{"protocol": "vle_overall_binary", "seed": 2, "manifest": "D:\\VLE\\VLE\\thermoformer_project\\runs\\phase_equilibrium\\v1\\vle\\three\\results\\thermoformer_vle_three_stage.on.vle_overall_binary\\seed_2\\manifest.json"}
[resume] stage0 vle_overall_binary seed 3
[resume] three vle_overall_binary seed 3
{"protocol": "vle_overall_binary", "seed": 3, "manifest": "D:\\VLE\\VLE\\thermoformer_project\\runs\\phase_equilibrium\\v1\\vle\\three\\results\\thermoformer_vle_three_stage.on.vle_overall_binary\\seed_3\\manifest.json"}
[resume] stage0 vle_overall_binary seed 4
[resume] three vle_overall_binary seed 4
{"protocol": "vle_overall_binary", "seed": 4, "manifest": "D:\\VLE\\VLE\\thermoformer_project\\runs\\phase_equilibrium\\v1\\vle\\three\\results\\thermoformer_vle_three_stage.on.vle_overall_binary\\seed_4\\manifest.json"}

$ E:\anaconda\envs\ggnn39\python.exe scripts/run_vle_benchmarks.py --protocol vle_overall_binary --seeds 0 1 2 3 4 --output D:\VLE\VLE\phase_equilibrium\runs\phase_equilibrium\v1 --device cuda
