[stage experimental] starting 80 epoch(s)
[stage experimental] [epoch 1/80] train_total=0.794987 val_total=0.076716 best=0.076716 improved=yes epoch_time=1.9s total_time=1.9s
[stage experimental] [epoch 2/80] train_total=0.129264 val_total=0.060949 best=0.060949 improved=yes epoch_time=1.6s total_time=3.5s
[stage experimental] [epoch 3/80] train_total=0.068053 val_total=0.056707 best=0.056707 improved=yes epoch_time=1.6s total_time=5.1s
[stage experimental] [epoch 4/80] train_total=0.061461 val_total=0.037137 best=0.037137 improved=yes epoch_time=1.6s total_time=6.6s
[stage experimental] [epoch 5/80] train_total=0.053208 val_total=0.043652 best=0.037137 improved=no epoch_time=1.5s total_time=8.2s
[stage experimental] [epoch 6/80] train_total=0.052191 val_total=0.022607 best=0.022607 improved=yes epoch_time=1.5s total_time=9.7s
[stage experimental] [epoch 7/80] train_total=0.048610 val_total=0.031032 best=0.022607 improved=no epoch_time=1.7s total_time=11.4s
[stage experimental] [epoch 8/80] train_total=0.041682 val_total=0.027543 best=0.022607 improved=no epoch_time=1.6s total_time=13.0s
[stage experimental] [epoch 9/80] train_total=0.040230 val_total=0.018109 best=0.018109 improved=yes epoch_time=1.5s total_time=14.6s
[stage experimental] [epoch 10/80] train_total=0.042709 val_total=0.030577 best=0.018109 improved=no epoch_time=1.6s total_time=16.1s
[stage experimental] [epoch 11/80] train_total=0.041486 val_total=0.019125 best=0.018109 improved=no epoch_time=1.5s total_time=17.6s
[stage experimental] [epoch 12/80] train_total=0.038638 val_total=0.029445 best=0.018109 improved=no epoch_time=1.5s total_time=19.2s
[stage experimental] [epoch 13/80] train_total=0.037088 val_total=0.017115 best=0.017115 improved=yes epoch_time=1.7s total_time=20.8s
[stage experimental] [epoch 14/80] train_total=0.032926 val_total=0.014996 best=0.014996 improved=yes epoch_time=1.6s total_time=22.5s
[stage experimental] [epoch 15/80] train_total=0.035722 val_total=0.015521 best=0.014996 improved=no epoch_time=1.5s total_time=24.0s
[stage experimental] [epoch 16/80] train_total=0.033643 val_total=0.016834 best=0.014996 improved=no epoch_time=1.6s total_time=25.6s
[stage experimental] [epoch 17/80] train_total=0.031974 val_total=0.021715 best=0.014996 improved=no epoch_time=1.5s total_time=27.1s
[stage experimental] [epoch 18/80] train_total=0.031655 val_total=0.047371 best=0.014996 improved=no epoch_time=1.7s total_time=28.8s
[stage experimental] [epoch 19/80] train_total=0.033237 val_total=0.016819 best=0.014996 improved=no epoch_time=1.6s total_time=30.4s
[stage experimental] [epoch 20/80] train_total=0.031733 val_total=0.012965 best=0.012965 improved=yes epoch_time=1.7s total_time=32.1s
[stage experimental] [epoch 21/80] train_total=0.031383 val_total=0.021039 best=0.012965 improved=no epoch_time=1.5s total_time=33.6s
[stage experimental] [epoch 22/80] train_total=0.028467 val_total=0.020378 best=0.012965 improved=no epoch_time=1.5s total_time=35.2s
[stage experimental] [epoch 23/80] train_total=0.025822 val_total=0.017973 best=0.012965 improved=no epoch_time=1.5s total_time=36.7s
[stage experimental] [epoch 24/80] train_total=0.026594 val_total=0.016201 best=0.012965 improved=no epoch_time=1.5s total_time=38.2s
[stage experimental] [epoch 25/80] train_total=0.024859 val_total=0.016025 best=0.012965 improved=no epoch_time=1.6s total_time=39.8s
[stage experimental] [epoch 26/80] train_total=0.023494 val_total=0.012591 best=0.012591 improved=yes epoch_time=1.5s total_time=41.3s
[stage experimental] [epoch 27/80] train_total=0.023122 val_total=0.019165 best=0.012591 improved=no epoch_time=1.6s total_time=42.9s
[stage experimental] [epoch 28/80] train_total=0.018097 val_total=0.009272 best=0.009272 improved=yes epoch_time=1.5s total_time=44.4s
[stage experimental] [epoch 29/80] train_total=0.019941 val_total=0.006899 best=0.006899 improved=yes epoch_time=1.5s total_time=45.9s
[stage experimental] [epoch 30/80] train_total=0.019668 val_total=0.010389 best=0.006899 improved=no epoch_time=1.6s total_time=47.5s
[stage experimental] [epoch 31/80] train_total=0.021149 val_total=0.014878 best=0.006899 improved=no epoch_time=1.5s total_time=49.1s
[stage experimental] [epoch 32/80] train_total=0.019154 val_total=0.008386 best=0.006899 improved=no epoch_time=1.6s total_time=50.6s
[stage experimental] [epoch 33/80] train_total=0.016965 val_total=0.007444 best=0.006899 improved=no epoch_time=1.5s total_time=52.1s
[stage experimental] [epoch 34/80] train_total=0.015496 val_total=0.006324 best=0.006324 improved=yes epoch_time=1.6s total_time=53.7s
[stage experimental] [epoch 35/80] train_total=0.016182 val_total=0.009163 best=0.006324 improved=no epoch_time=1.7s total_time=55.4s
[stage experimental] [epoch 36/80] train_total=0.014370 val_total=0.006579 best=0.006324 improved=no epoch_time=1.5s total_time=56.9s
[stage experimental] [epoch 37/80] train_total=0.018475 val_total=0.006631 best=0.006324 improved=no epoch_time=1.6s total_time=58.5s
[stage experimental] [epoch 38/80] train_total=0.014187 val_total=0.006214 best=0.006214 improved=yes epoch_time=1.6s total_time=60.0s
[stage experimental] [epoch 39/80] train_total=0.013671 val_total=0.008385 best=0.006214 improved=no epoch_time=1.6s total_time=61.6s
[stage experimental] [epoch 40/80] train_total=0.014847 val_total=0.005853 best=0.005853 improved=yes epoch_time=1.6s total_time=63.2s
[stage experimental] [epoch 41/80] train_total=0.013843 val_total=0.007241 best=0.005853 improved=no epoch_time=1.6s total_time=64.8s
[stage experimental] [epoch 42/80] train_total=0.014069 val_total=0.008826 best=0.005853 improved=no epoch_time=1.5s total_time=66.3s
[stage experimental] [epoch 43/80] train_total=0.012119 val_total=0.005754 best=0.005754 improved=yes epoch_time=1.6s total_time=67.8s
[stage experimental] [epoch 44/80] train_total=0.011672 val_total=0.006024 best=0.005754 improved=no epoch_time=1.6s total_time=69.4s
[stage experimental] [epoch 45/80] train_total=0.011439 val_total=0.003693 best=0.003693 improved=yes epoch_time=1.5s total_time=70.9s
[stage experimental] [epoch 46/80] train_total=0.011612 val_total=0.007147 best=0.003693 improved=no epoch_time=1.6s total_time=72.5s
[stage experimental] [epoch 47/80] train_total=0.012971 val_total=0.006238 best=0.003693 improved=no epoch_time=1.5s total_time=74.0s
[stage experimental] [epoch 48/80] train_total=0.011866 val_total=0.009164 best=0.003693 improved=no epoch_time=1.6s total_time=75.6s
[stage experimental] [epoch 49/80] train_total=0.012668 val_total=0.005373 best=0.003693 improved=no epoch_time=1.5s total_time=77.1s
[stage experimental] [epoch 50/80] train_total=0.010690 val_total=0.004251 best=0.003693 improved=no epoch_time=1.5s total_time=78.6s
[stage experimental] [epoch 51/80] train_total=0.009539 val_total=0.006689 best=0.003693 improved=no epoch_time=1.5s total_time=80.1s
[stage experimental] [epoch 52/80] train_total=0.011295 val_total=0.003875 best=0.003693 improved=no epoch_time=1.6s total_time=81.7s
[stage experimental] [epoch 53/80] train_total=0.010028 val_total=0.007832 best=0.003693 improved=no epoch_time=1.5s total_time=83.2s
[stage experimental] [epoch 54/80] train_total=0.011339 val_total=0.004686 best=0.003693 improved=no epoch_time=1.6s total_time=84.7s
[stage experimental] [epoch 55/80] train_total=0.009234 val_total=0.003865 best=0.003693 improved=no epoch_time=1.5s total_time=86.3s
[stage experimental] [epoch 56/80] train_total=0.008719 val_total=0.003781 best=0.003693 improved=no epoch_time=1.5s total_time=87.8s
[stage experimental] [epoch 57/80] train_total=0.009121 val_total=0.003353 best=0.003353 improved=yes epoch_time=1.6s total_time=89.4s
[stage experimental] [epoch 58/80] train_total=0.008064 val_total=0.009250 best=0.003353 improved=no epoch_time=1.6s total_time=91.0s
[stage experimental] [epoch 59/80] train_total=0.009259 val_total=0.002486 best=0.002486 improved=yes epoch_time=1.5s total_time=92.5s
[stage experimental] [epoch 60/80] train_total=0.010663 val_total=0.003952 best=0.002486 improved=no epoch_time=1.5s total_time=94.0s
[stage experimental] [epoch 61/80] train_total=0.010316 val_total=0.002473 best=0.002473 improved=yes epoch_time=1.5s total_time=95.5s
[stage experimental] [epoch 62/80] train_total=0.009324 val_total=0.002646 best=0.002473 improved=no epoch_time=1.6s total_time=97.1s
[stage experimental] [epoch 63/80] train_total=0.010878 val_total=0.004060 best=0.002473 improved=no epoch_time=1.6s total_time=98.8s
[stage experimental] [epoch 64/80] train_total=0.010449 val_total=0.003349 best=0.002473 improved=no epoch_time=1.6s total_time=100.4s
[stage experimental] [epoch 65/80] train_total=0.010239 val_total=0.006268 best=0.002473 improved=no epoch_time=1.6s total_time=102.0s
[stage experimental] [epoch 66/80] train_total=0.010436 val_total=0.003980 best=0.002473 improved=no epoch_time=1.6s total_time=103.7s
[stage experimental] [epoch 67/80] train_total=0.010565 val_total=0.002964 best=0.002473 improved=no epoch_time=1.5s total_time=105.2s
[stage experimental] [epoch 68/80] train_total=0.008646 val_total=0.003425 best=0.002473 improved=no epoch_time=1.6s total_time=106.8s
[stage experimental] [epoch 69/80] train_total=0.009215 val_total=0.008504 best=0.002473 improved=no epoch_time=1.5s total_time=108.3s
[stage experimental] [epoch 70/80] train_total=0.009596 val_total=0.003877 best=0.002473 improved=no epoch_time=1.5s total_time=109.8s
[stage experimental] [epoch 71/80] train_total=0.010300 val_total=0.003619 best=0.002473 improved=no epoch_time=1.6s total_time=111.4s
[stage experimental] [epoch 72/80] train_total=0.008673 val_total=0.004249 best=0.002473 improved=no epoch_time=1.6s total_time=113.0s
[stage experimental] [epoch 73/80] train_total=0.008541 val_total=0.003115 best=0.002473 improved=no epoch_time=1.6s total_time=114.5s
[stage experimental] early stopping at epoch 73; best_validation=0.002473
[seed 0] [stage 1/3: direct GE] starting 20 epoch(s)
[seed 0] [stage 1/3: direct GE] [epoch 1/20] train_total=0.004402 val_score=1.588323 best=1.588323 P_MAE=2.7739 kPa y_iso_MAE=0.016034 T_MAE=2.2461 K y_isob_MAE=0.016569 improved=yes epoch_time=6.4s total_time=11.2s
[seed 0] [stage 1/3: direct GE] [epoch 2/20] train_total=0.004032 val_score=1.448235 best=1.448235 P_MAE=2.9491 kPa y_iso_MAE=0.014276 T_MAE=1.5106 K y_isob_MAE=0.020094 improved=yes epoch_time=6.2s total_time=17.4s
[seed 0] [stage 1/3: direct GE] [epoch 3/20] train_total=0.003710 val_score=1.607676 best=1.448235 P_MAE=2.5316 kPa y_iso_MAE=0.014196 T_MAE=2.0805 K y_isob_MAE=0.023710 improved=no epoch_time=6.4s total_time=23.8s
[seed 0] [stage 1/3: direct GE] [epoch 4/20] train_total=0.003500 val_score=1.789306 best=1.448235 P_MAE=2.6432 kPa y_iso_MAE=0.014313 T_MAE=2.5534 K y_isob_MAE=0.025822 improved=no epoch_time=6.6s total_time=30.4s
[seed 0] [stage 1/3: direct GE] [epoch 5/20] train_total=0.003315 val_score=1.754313 best=1.448235 P_MAE=2.7690 kPa y_iso_MAE=0.014351 T_MAE=2.3834 K y_isob_MAE=0.025399 improved=no epoch_time=6.2s total_time=36.6s
[seed 0] [stage 1/3: direct GE] [epoch 6/20] train_total=0.003352 val_score=2.056468 best=1.448235 P_MAE=2.9944 kPa y_iso_MAE=0.014389 T_MAE=3.0059 K y_isob_MAE=0.031139 improved=no epoch_time=6.4s total_time=43.0s
[seed 0] [stage 1/3: direct GE] [epoch 7/20] train_total=0.003297 val_score=2.075814 best=1.448235 P_MAE=2.9196 kPa y_iso_MAE=0.015120 T_MAE=3.0607 K y_isob_MAE=0.031183 improved=no epoch_time=6.5s total_time=49.5s
[seed 0] [stage 1/3: direct GE] [epoch 8/20] train_total=0.003799 val_score=2.237073 best=1.448235 P_MAE=2.6467 kPa y_iso_MAE=0.013771 T_MAE=3.7452 K y_isob_MAE=0.033522 improved=no epoch_time=6.3s total_time=55.8s
[seed 0] [stage 1/3: direct GE] [epoch 9/20] train_total=0.003619 val_score=2.687355 best=1.448235 P_MAE=3.1633 kPa y_iso_MAE=0.016091 T_MAE=4.5102 K y_isob_MAE=0.040703 improved=no epoch_time=6.4s total_time=62.2s
[seed 0] [stage 1/3: direct GE] [epoch 10/20] train_total=0.003281 val_score=2.227031 best=1.448235 P_MAE=2.5981 kPa y_iso_MAE=0.013117 T_MAE=3.6860 K y_isob_MAE=0.034872 improved=no epoch_time=6.4s total_time=68.6s
[seed 0] [stage 1/3: direct GE] [epoch 11/20] train_total=0.003149 val_score=2.757955 best=1.448235 P_MAE=3.0127 kPa y_iso_MAE=0.015307 T_MAE=5.1740 K y_isob_MAE=0.036932 improved=no epoch_time=6.3s total_time=74.9s
[seed 0] [stage 1/3: direct GE] [epoch 12/20] train_total=0.003256 val_score=2.887425 best=1.448235 P_MAE=3.0752 kPa y_iso_MAE=0.015865 T_MAE=5.1440 K y_isob_MAE=0.043334 improved=no epoch_time=6.5s total_time=81.4s
[seed 0] [stage 1/3: direct GE] [epoch 13/20] train_total=0.003150 val_score=2.698268 best=1.448235 P_MAE=3.0771 kPa y_iso_MAE=0.015697 T_MAE=4.6467 K y_isob_MAE=0.040385 improved=no epoch_time=6.6s total_time=88.0s
[seed 0] [stage 1/3: direct GE] [epoch 14/20] train_total=0.003171 val_score=2.773004 best=1.448235 P_MAE=3.2691 kPa y_iso_MAE=0.016806 T_MAE=4.7510 K y_isob_MAE=0.040357 improved=no epoch_time=6.4s total_time=94.3s
[seed 0] [stage 1/3: direct GE] [epoch 15/20] train_total=0.003212 val_score=2.828387 best=1.448235 P_MAE=3.3407 kPa y_iso_MAE=0.016733 T_MAE=5.0493 K y_isob_MAE=0.038626 improved=no epoch_time=6.3s total_time=100.6s
[seed 0] [stage 1/3: direct GE] [epoch 16/20] train_total=0.003048 val_score=2.660801 best=1.448235 P_MAE=2.4949 kPa y_iso_MAE=0.013666 T_MAE=5.0457 K y_isob_MAE=0.039045 improved=no epoch_time=6.1s total_time=106.7s
[seed 0] [stage 1/3: direct GE] [epoch 17/20] train_total=0.003055 val_score=2.677249 best=1.448235 P_MAE=2.7564 kPa y_iso_MAE=0.015164 T_MAE=5.0121 K y_isob_MAE=0.036920 improved=no epoch_time=6.1s total_time=112.9s
[seed 0] [stage 1/3: direct GE] [epoch 18/20] train_total=0.003038 val_score=2.678060 best=1.448235 P_MAE=2.6968 kPa y_iso_MAE=0.015099 T_MAE=4.9723 K y_isob_MAE=0.038043 improved=no epoch_time=6.2s total_time=119.0s
[seed 0] [stage 1/3: direct GE] [epoch 19/20] train_total=0.003132 val_score=2.781482 best=1.448235 P_MAE=2.9980 kPa y_iso_MAE=0.015792 T_MAE=5.0375 K y_isob_MAE=0.039767 improved=no epoch_time=6.1s total_time=125.1s
[seed 0] [stage 1/3: direct GE] [epoch 20/20] train_total=0.003065 val_score=2.900813 best=1.448235 P_MAE=3.0974 kPa y_iso_MAE=0.016126 T_MAE=5.2102 K y_isob_MAE=0.042672 improved=no epoch_time=6.2s total_time=131.3s
[seed 0] [stage 2/3: joint VLE] starting 80 epoch(s)
[seed 0] [stage 2/3: joint VLE] [epoch 1/80] train_total=0.018314 val_score=1.227679 best=1.227679 P_MAE=2.2403 kPa y_iso_MAE=0.013729 T_MAE=1.7086 K y_isob_MAE=0.011090 improved=yes epoch_time=7.1s total_time=138.4s
[seed 0] [stage 2/3: joint VLE] [epoch 2/80] train_total=0.013767 val_score=1.197053 best=1.197053 P_MAE=3.1612 kPa y_iso_MAE=0.015127 T_MAE=0.8062 K y_isob_MAE=0.014137 improved=yes epoch_time=7.0s total_time=145.4s
[seed 0] [stage 2/3: joint VLE] [epoch 3/80] train_total=0.014230 val_score=1.171639 best=1.171639 P_MAE=2.4707 kPa y_iso_MAE=0.016935 T_MAE=1.0321 K y_isob_MAE=0.012701 improved=yes epoch_time=7.1s total_time=152.5s
[seed 0] [stage 2/3: joint VLE] [epoch 4/80] train_total=0.014226 val_score=1.052459 best=1.052459 P_MAE=2.2447 kPa y_iso_MAE=0.015869 T_MAE=0.8327 K y_isob_MAE=0.011887 improved=yes epoch_time=6.9s total_time=159.4s
[seed 0] [stage 2/3: joint VLE] [epoch 5/80] train_total=0.014103 val_score=1.493629 best=1.052459 P_MAE=2.9242 kPa y_iso_MAE=0.013319 T_MAE=1.8216 K y_isob_MAE=0.019279 improved=no epoch_time=7.0s total_time=166.4s
[seed 0] [stage 2/3: joint VLE] [epoch 6/80] train_total=0.014336 val_score=1.202304 best=1.052459 P_MAE=2.9185 kPa y_iso_MAE=0.011833 T_MAE=1.2740 K y_isob_MAE=0.012953 improved=no epoch_time=7.1s total_time=173.5s
[seed 0] [stage 2/3: joint VLE] [epoch 7/80] train_total=0.014776 val_score=1.155494 best=1.052459 P_MAE=2.0686 kPa y_iso_MAE=0.011970 T_MAE=1.0445 K y_isob_MAE=0.019824 improved=no epoch_time=7.3s total_time=180.8s
[seed 0] [stage 2/3: joint VLE] [epoch 8/80] train_total=0.013195 val_score=1.367466 best=1.052459 P_MAE=2.4111 kPa y_iso_MAE=0.019122 T_MAE=1.6229 K y_isob_MAE=0.012972 improved=no epoch_time=7.4s total_time=188.2s
[seed 0] [stage 2/3: joint VLE] [epoch 9/80] train_total=0.013292 val_score=1.007766 best=1.007766 P_MAE=2.3535 kPa y_iso_MAE=0.014830 T_MAE=0.6065 K y_isob_MAE=0.013003 improved=yes epoch_time=7.4s total_time=195.6s
[seed 0] [stage 2/3: joint VLE] [epoch 10/80] train_total=0.013607 val_score=1.277974 best=1.007766 P_MAE=2.3391 kPa y_iso_MAE=0.013369 T_MAE=1.4818 K y_isob_MAE=0.016723 improved=no epoch_time=7.4s total_time=203.0s
[seed 0] [stage 2/3: joint VLE] [epoch 11/80] train_total=0.013987 val_score=1.210114 best=1.007766 P_MAE=2.2683 kPa y_iso_MAE=0.013061 T_MAE=1.2577 K y_isob_MAE=0.017107 improved=no epoch_time=7.2s total_time=210.2s
[seed 0] [stage 2/3: joint VLE] [epoch 12/80] train_total=0.011703 val_score=1.155105 best=1.007766 P_MAE=2.2855 kPa y_iso_MAE=0.013340 T_MAE=1.2458 K y_isob_MAE=0.013877 improved=no epoch_time=7.3s total_time=217.5s
[seed 0] [stage 2/3: joint VLE] [epoch 13/80] train_total=0.010938 val_score=0.897476 best=0.897476 P_MAE=2.3258 kPa y_iso_MAE=0.012804 T_MAE=0.5598 K y_isob_MAE=0.010028 improved=yes epoch_time=7.3s total_time=224.8s
[seed 0] [stage 2/3: joint VLE] [epoch 14/80] train_total=0.011765 val_score=1.516963 best=0.897476 P_MAE=2.0498 kPa y_iso_MAE=0.013213 T_MAE=2.4237 K y_isob_MAE=0.018447 improved=no epoch_time=7.3s total_time=232.1s
[seed 0] [stage 2/3: joint VLE] [epoch 15/80] train_total=0.013582 val_score=1.186494 best=0.897476 P_MAE=3.0809 kPa y_iso_MAE=0.014874 T_MAE=0.8828 K y_isob_MAE=0.013322 improved=no epoch_time=7.3s total_time=239.4s
[seed 0] [stage 2/3: joint VLE] [epoch 16/80] train_total=0.011946 val_score=0.976570 best=0.897476 P_MAE=1.8381 kPa y_iso_MAE=0.011476 T_MAE=1.0421 K y_isob_MAE=0.012377 improved=no epoch_time=7.2s total_time=246.7s
[seed 0] [stage 2/3: joint VLE] [epoch 17/80] train_total=0.011491 val_score=1.007236 best=0.897476 P_MAE=2.0372 kPa y_iso_MAE=0.014428 T_MAE=0.9140 K y_isob_MAE=0.011310 improved=no epoch_time=7.1s total_time=253.8s
[seed 0] [stage 2/3: joint VLE] [epoch 18/80] train_total=0.014407 val_score=1.810553 best=0.897476 P_MAE=3.0579 kPa y_iso_MAE=0.018354 T_MAE=2.3551 K y_isob_MAE=0.022520 improved=no epoch_time=7.8s total_time=261.6s
[seed 0] [stage 2/3: joint VLE] [epoch 19/80] train_total=0.014690 val_score=1.287679 best=0.897476 P_MAE=3.0820 kPa y_iso_MAE=0.017073 T_MAE=1.1844 K y_isob_MAE=0.012159 improved=no epoch_time=7.2s total_time=268.9s
[seed 0] [stage 2/3: joint VLE] [epoch 20/80] train_total=0.011309 val_score=1.151131 best=0.897476 P_MAE=2.3268 kPa y_iso_MAE=0.015046 T_MAE=1.2469 K y_isob_MAE=0.011549 improved=no epoch_time=7.6s total_time=276.5s
[seed 0] [stage 2/3: joint VLE] [epoch 21/80] train_total=0.011254 val_score=1.092530 best=0.897476 P_MAE=2.1783 kPa y_iso_MAE=0.013690 T_MAE=1.1181 K y_isob_MAE=0.012740 improved=no epoch_time=7.2s total_time=283.7s
[seed 0] [stage 2/3: joint VLE] [epoch 22/80] train_total=0.011224 val_score=1.357990 best=0.897476 P_MAE=2.6866 kPa y_iso_MAE=0.016735 T_MAE=1.5550 K y_isob_MAE=0.013913 improved=no epoch_time=7.4s total_time=291.0s
[seed 0] [stage 2/3: joint VLE] [epoch 23/80] train_total=0.012655 val_score=1.184196 best=0.897476 P_MAE=2.3911 kPa y_iso_MAE=0.013950 T_MAE=1.1816 K y_isob_MAE=0.014956 improved=no epoch_time=7.7s total_time=298.7s
[seed 0] [stage 2/3: joint VLE] [epoch 24/80] train_total=0.011165 val_score=1.093678 best=0.897476 P_MAE=2.8752 kPa y_iso_MAE=0.014331 T_MAE=0.6724 K y_isob_MAE=0.013397 improved=no epoch_time=7.3s total_time=306.0s
[seed 0] [stage 2/3: joint VLE] [epoch 25/80] train_total=0.010728 val_score=1.031856 best=0.897476 P_MAE=2.1978 kPa y_iso_MAE=0.012682 T_MAE=0.9522 K y_isob_MAE=0.012749 improved=no epoch_time=7.5s total_time=313.6s
{"direct_ge_parameter_summary": {"stage1_trainable_parameters": 1977601, "stage2_trainable_parameters": 2015043, "stage3": {"groups": [{"learning_rate": 2e-05, "name": "pair_potential", "parameter_count": 110977, "parameter_names": ["pair_potential.0.weight", "pair_potential.0.bias", "pair_potential.2.weight", "pair_potential.2.bias"]}, {"learning_rate": 1e-05, "name": "vapor_pressure", "parameter_count": 37442, "parameter_names": ["vapor_pressure.parameter_head.0.weight", "vapor_pressure.parameter_head.0.bias", "vapor_pressure.parameter_head.2.weight", "vapor_pressure.parameter_head.2.bias"]}, {"learning_rate": 5e-06, "name": "film", "parameter_count": 111744, "parameter_names": ["film.0.weight", "film.0.bias", "film.2.weight", "film.2.bias"]}, {"learning_rate": 5e-06, "name": "mixture_token", "parameter_count": 192, "parameter_names": ["mixture_token"]}], "total_parameters": 2015043, "trainable_fraction": 0.1292056794817778, "trainable_parameters": 260355}, "total_parameters": 2015043, "trainable_fraction": 0.1292056794817778, "trainable_parameters": 260355}}
[seed 0] [stage 3/3: fugacity] starting 10 epoch(s)
[seed 0] [stage 3/3: fugacity] [epoch 1/10] train_total=0.008959 val_score=0.912720 best=0.912720 P_MAE=2.0507 kPa y_iso_MAE=0.011134 T_MAE=0.8235 K y_isob_MAE=0.010850 improved=yes epoch_time=7.4s total_time=321.0s
[seed 0] [stage 3/3: fugacity] [epoch 2/10] train_total=0.008651 val_score=0.852096 best=0.852096 P_MAE=2.0391 kPa y_iso_MAE=0.011539 T_MAE=0.6386 K y_isob_MAE=0.009877 improved=yes epoch_time=7.3s total_time=328.3s
[seed 0] [stage 3/3: fugacity] [epoch 3/10] train_total=0.008402 val_score=0.839850 best=0.839850 P_MAE=1.9578 kPa y_iso_MAE=0.011211 T_MAE=0.6285 K y_isob_MAE=0.010302 improved=yes epoch_time=7.1s total_time=335.4s
[seed 0] [stage 3/3: fugacity] [epoch 4/10] train_total=0.008025 val_score=0.876316 best=0.839850 P_MAE=1.9769 kPa y_iso_MAE=0.010919 T_MAE=0.7457 K y_isob_MAE=0.010762 improved=no epoch_time=7.0s total_time=342.4s
[seed 0] [stage 3/3: fugacity] [epoch 5/10] train_total=0.008224 val_score=0.858028 best=0.839850 P_MAE=1.9369 kPa y_iso_MAE=0.011046 T_MAE=0.7012 K y_isob_MAE=0.010571 improved=no epoch_time=6.9s total_time=349.3s
[seed 0] [stage 3/3: fugacity] [epoch 6/10] train_total=0.008016 val_score=0.845143 best=0.839850 P_MAE=1.9011 kPa y_iso_MAE=0.011154 T_MAE=0.6773 K y_isob_MAE=0.010365 improved=no epoch_time=7.0s total_time=356.3s
[seed 0] [stage 3/3: fugacity] [epoch 7/10] train_total=0.008066 val_score=0.839983 best=0.839850 P_MAE=1.9352 kPa y_iso_MAE=0.011372 T_MAE=0.6609 K y_isob_MAE=0.009842 improved=no epoch_time=7.1s total_time=363.5s
[seed 0] [stage 3/3: fugacity] [epoch 8/10] train_total=0.007992 val_score=0.832660 best=0.832660 P_MAE=1.8942 kPa y_iso_MAE=0.011068 T_MAE=0.6364 K y_isob_MAE=0.010418 improved=yes epoch_time=7.1s total_time=370.5s
[seed 0] [stage 3/3: fugacity] [epoch 9/10] train_total=0.008100 val_score=0.873164 best=0.832660 P_MAE=1.8428 kPa y_iso_MAE=0.010484 T_MAE=0.7985 K y_isob_MAE=0.011278 improved=no epoch_time=7.0s total_time=377.6s
[seed 0] [stage 3/3: fugacity] [epoch 10/10] train_total=0.007964 val_score=0.831166 best=0.831166 P_MAE=1.8599 kPa y_iso_MAE=0.011241 T_MAE=0.6656 K y_isob_MAE=0.009988 improved=yes epoch_time=7.0s total_time=384.6s
{"protocol": "vle_binary_state_pressure_low_extrapolation", "seed": 0, "manifest": "D:\\VLE\\VLE\\thermoformer_project\\runs\\phase_equilibrium\\v1\\vle\\three\\results\\thermoformer_vle_three_stage.on.vle_binary_state_pressure_low_extrapolation\\seed_0\\manifest.json"}
[stage experimental] starting 80 epoch(s)
[stage experimental] [epoch 1/80] train_total=0.768447 val_total=0.070881 best=0.070881 improved=yes epoch_time=1.6s total_time=1.6s
[stage experimental] [epoch 2/80] train_total=0.115733 val_total=0.044617 best=0.044617 improved=yes epoch_time=1.5s total_time=3.1s
[stage experimental] [epoch 3/80] train_total=0.073534 val_total=0.040827 best=0.040827 improved=yes epoch_time=1.5s total_time=4.6s
[stage experimental] [epoch 4/80] train_total=0.054530 val_total=0.027225 best=0.027225 improved=yes epoch_time=1.5s total_time=6.1s
[stage experimental] [epoch 5/80] train_total=0.051887 val_total=0.028059 best=0.027225 improved=no epoch_time=1.6s total_time=7.7s
[stage experimental] [epoch 6/80] train_total=0.056752 val_total=0.046448 best=0.027225 improved=no epoch_time=1.6s total_time=9.3s
[stage experimental] [epoch 7/80] train_total=0.054703 val_total=0.040012 best=0.027225 improved=no epoch_time=1.5s total_time=10.8s
[stage experimental] [epoch 8/80] train_total=0.056115 val_total=0.023914 best=0.023914 improved=yes epoch_time=1.5s total_time=12.4s
[stage experimental] [epoch 9/80] train_total=0.041224 val_total=0.027264 best=0.023914 improved=no epoch_time=1.5s total_time=13.9s
[stage experimental] [epoch 10/80] train_total=0.038382 val_total=0.023603 best=0.023603 improved=yes epoch_time=1.5s total_time=15.4s
[stage experimental] [epoch 11/80] train_total=0.043414 val_total=0.026943 best=0.023603 improved=no epoch_time=1.5s total_time=17.0s
[stage experimental] [epoch 12/80] train_total=0.038489 val_total=0.022253 best=0.022253 improved=yes epoch_time=1.5s total_time=18.5s
[stage experimental] [epoch 13/80] train_total=0.044996 val_total=0.025602 best=0.022253 improved=no epoch_time=1.5s total_time=20.0s
[stage experimental] [epoch 14/80] train_total=0.032234 val_total=0.021906 best=0.021906 improved=yes epoch_time=1.6s total_time=21.6s
[stage experimental] [epoch 15/80] train_total=0.036402 val_total=0.022537 best=0.021906 improved=no epoch_time=1.6s total_time=23.1s
[stage experimental] [epoch 16/80] train_total=0.033925 val_total=0.019034 best=0.019034 improved=yes epoch_time=1.7s total_time=24.8s
[stage experimental] [epoch 17/80] train_total=0.031801 val_total=0.013363 best=0.013363 improved=yes epoch_time=1.6s total_time=26.4s
[stage experimental] [epoch 18/80] train_total=0.028844 val_total=0.014523 best=0.013363 improved=no epoch_time=1.5s total_time=28.0s
[stage experimental] [epoch 19/80] train_total=0.028394 val_total=0.014207 best=0.013363 improved=no epoch_time=1.6s total_time=29.6s
[stage experimental] [epoch 20/80] train_total=0.031752 val_total=0.019064 best=0.013363 improved=no epoch_time=1.7s total_time=31.3s
[stage experimental] [epoch 21/80] train_total=0.031651 val_total=0.012611 best=0.012611 improved=yes epoch_time=1.6s total_time=32.8s
[stage experimental] [epoch 22/80] train_total=0.027657 val_total=0.024557 best=0.012611 improved=no epoch_time=1.7s total_time=34.5s
[stage experimental] [epoch 23/80] train_total=0.028488 val_total=0.013722 best=0.012611 improved=no epoch_time=1.5s total_time=36.0s
[stage experimental] [epoch 24/80] train_total=0.027918 val_total=0.017761 best=0.012611 improved=no epoch_time=1.6s total_time=37.6s
[stage experimental] [epoch 25/80] train_total=0.028189 val_total=0.013926 best=0.012611 improved=no epoch_time=1.6s total_time=39.2s
[stage experimental] [epoch 26/80] train_total=0.023916 val_total=0.012243 best=0.012243 improved=yes epoch_time=1.7s total_time=40.9s
[stage experimental] [epoch 27/80] train_total=0.024419 val_total=0.011909 best=0.011909 improved=yes epoch_time=2.4s total_time=43.3s
[stage experimental] [epoch 28/80] train_total=0.024146 val_total=0.014652 best=0.011909 improved=no epoch_time=1.5s total_time=44.8s
[stage experimental] [epoch 29/80] train_total=0.020766 val_total=0.009786 best=0.009786 improved=yes epoch_time=1.2s total_time=46.0s
[stage experimental] [epoch 30/80] train_total=0.020608 val_total=0.013916 best=0.009786 improved=no epoch_time=1.2s total_time=47.2s
[stage experimental] [epoch 31/80] train_total=0.020956 val_total=0.006648 best=0.006648 improved=yes epoch_time=1.2s total_time=48.4s
[stage experimental] [epoch 32/80] train_total=0.020285 val_total=0.011064 best=0.006648 improved=no epoch_time=1.2s total_time=49.7s
[stage experimental] [epoch 33/80] train_total=0.021010 val_total=0.012629 best=0.006648 improved=no epoch_time=1.3s total_time=51.0s
[stage experimental] [epoch 34/80] train_total=0.021934 val_total=0.010860 best=0.006648 improved=no epoch_time=1.5s total_time=52.4s
[stage experimental] [epoch 35/80] train_total=0.019085 val_total=0.007350 best=0.006648 improved=no epoch_time=1.5s total_time=53.9s
[stage experimental] [epoch 36/80] train_total=0.017147 val_total=0.005304 best=0.005304 improved=yes epoch_time=1.6s total_time=55.5s
[stage experimental] [epoch 37/80] train_total=0.015550 val_total=0.007673 best=0.005304 improved=no epoch_time=1.5s total_time=56.9s
[stage experimental] [epoch 38/80] train_total=0.016244 val_total=0.009099 best=0.005304 improved=no epoch_time=1.5s total_time=58.4s
[stage experimental] [epoch 39/80] train_total=0.014758 val_total=0.007127 best=0.005304 improved=no epoch_time=1.5s total_time=59.9s
[stage experimental] [epoch 40/80] train_total=0.015722 val_total=0.005024 best=0.005024 improved=yes epoch_time=1.5s total_time=61.4s
[stage experimental] [epoch 41/80] train_total=0.013130 val_total=0.005685 best=0.005024 improved=no epoch_time=1.4s total_time=62.9s
[stage experimental] [epoch 42/80] train_total=0.016034 val_total=0.007435 best=0.005024 improved=no epoch_time=1.4s total_time=64.3s
[stage experimental] [epoch 43/80] train_total=0.015024 val_total=0.004698 best=0.004698 improved=yes epoch_time=1.5s total_time=65.8s
[stage experimental] [epoch 44/80] train_total=0.012451 val_total=0.007536 best=0.004698 improved=no epoch_time=1.4s total_time=67.2s
[stage experimental] [epoch 45/80] train_total=0.013463 val_total=0.004963 best=0.004698 improved=no epoch_time=1.5s total_time=68.7s
[stage experimental] [epoch 46/80] train_total=0.011914 val_total=0.007412 best=0.004698 improved=no epoch_time=1.5s total_time=70.1s
[stage experimental] [epoch 47/80] train_total=0.013991 val_total=0.006881 best=0.004698 improved=no epoch_time=1.5s total_time=71.6s
[stage experimental] [epoch 48/80] train_total=0.011736 val_total=0.006454 best=0.004698 improved=no epoch_time=1.4s total_time=73.0s
[stage experimental] [epoch 49/80] train_total=0.013950 val_total=0.004823 best=0.004698 improved=no epoch_time=1.4s total_time=74.5s
[stage experimental] [epoch 50/80] train_total=0.011819 val_total=0.003484 best=0.003484 improved=yes epoch_time=1.5s total_time=76.0s
[stage experimental] [epoch 51/80] train_total=0.010880 val_total=0.005977 best=0.003484 improved=no epoch_time=1.4s total_time=77.5s
[stage experimental] [epoch 52/80] train_total=0.010020 val_total=0.004632 best=0.003484 improved=no epoch_time=1.5s total_time=79.0s
[stage experimental] [epoch 53/80] train_total=0.009764 val_total=0.004709 best=0.003484 improved=no epoch_time=1.6s total_time=80.6s
[stage experimental] [epoch 54/80] train_total=0.010351 val_total=0.003817 best=0.003484 improved=no epoch_time=1.6s total_time=82.1s
[stage experimental] [epoch 55/80] train_total=0.011039 val_total=0.003940 best=0.003484 improved=no epoch_time=1.4s total_time=83.5s
[stage experimental] [epoch 56/80] train_total=0.011036 val_total=0.003115 best=0.003115 improved=yes epoch_time=1.2s total_time=84.7s
[stage experimental] [epoch 57/80] train_total=0.009707 val_total=0.003140 best=0.003115 improved=no epoch_time=1.3s total_time=86.0s
[stage experimental] [epoch 58/80] train_total=0.009132 val_total=0.002635 best=0.002635 improved=yes epoch_time=1.5s total_time=87.5s
[stage experimental] [epoch 59/80] train_total=0.009080 val_total=0.004342 best=0.002635 improved=no epoch_time=1.5s total_time=89.0s
[stage experimental] [epoch 60/80] train_total=0.009014 val_total=0.003493 best=0.002635 improved=no epoch_time=1.6s total_time=90.6s
[stage experimental] [epoch 61/80] train_total=0.010673 val_total=0.005503 best=0.002635 improved=no epoch_time=1.4s total_time=92.0s
[stage experimental] [epoch 62/80] train_total=0.010393 val_total=0.005200 best=0.002635 improved=no epoch_time=1.5s total_time=93.5s
[stage experimental] [epoch 63/80] train_total=0.008863 val_total=0.003300 best=0.002635 improved=no epoch_time=1.6s total_time=95.1s
[stage experimental] [epoch 64/80] train_total=0.010257 val_total=0.009609 best=0.002635 improved=no epoch_time=1.7s total_time=96.8s
[stage experimental] [epoch 65/80] train_total=0.010587 val_total=0.004704 best=0.002635 improved=no epoch_time=1.7s total_time=98.4s
[stage experimental] [epoch 66/80] train_total=0.010607 val_total=0.004416 best=0.002635 improved=no epoch_time=1.6s total_time=100.1s
[stage experimental] [epoch 67/80] train_total=0.009838 val_total=0.005196 best=0.002635 improved=no epoch_time=1.6s total_time=101.7s
[stage experimental] [epoch 68/80] train_total=0.008271 val_total=0.009929 best=0.002635 improved=no epoch_time=1.6s total_time=103.2s
[stage experimental] [epoch 69/80] train_total=0.008572 val_total=0.003528 best=0.002635 improved=no epoch_time=1.4s total_time=104.7s
[stage experimental] [epoch 70/80] train_total=0.009989 val_total=0.007357 best=0.002635 improved=no epoch_time=1.5s total_time=106.2s
[stage experimental] early stopping at epoch 70; best_validation=0.002635
[seed 1] [stage 1/3: direct GE] starting 20 epoch(s)
[seed 1] [stage 1/3: direct GE] [epoch 1/20] train_total=0.004514 val_score=1.648312 best=1.648312 P_MAE=2.7687 kPa y_iso_MAE=0.017206 T_MAE=2.0733 K y_isob_MAE=0.017353 improved=yes epoch_time=6.2s total_time=10.9s
[seed 1] [stage 1/3: direct GE] [epoch 2/20] train_total=0.003749 val_score=1.625242 best=1.625242 P_MAE=2.6390 kPa y_iso_MAE=0.013918 T_MAE=1.9541 K y_isob_MAE=0.021408 improved=yes epoch_time=6.4s total_time=17.3s
[seed 1] [stage 1/3: direct GE] [epoch 3/20] train_total=0.003553 val_score=1.773438 best=1.625242 P_MAE=2.8809 kPa y_iso_MAE=0.014429 T_MAE=2.3881 K y_isob_MAE=0.019954 improved=no epoch_time=6.3s total_time=23.6s
[seed 1] [stage 1/3: direct GE] [epoch 4/20] train_total=0.003564 val_score=1.697436 best=1.625242 P_MAE=2.9524 kPa y_iso_MAE=0.016577 T_MAE=2.1837 K y_isob_MAE=0.017408 improved=no epoch_time=6.3s total_time=29.9s
[seed 1] [stage 1/3: direct GE] [epoch 5/20] train_total=0.003399 val_score=1.895214 best=1.625242 P_MAE=2.7895 kPa y_iso_MAE=0.016925 T_MAE=2.4955 K y_isob_MAE=0.022725 improved=no epoch_time=6.5s total_time=36.4s
[seed 1] [stage 1/3: direct GE] [epoch 6/20] train_total=0.003401 val_score=1.720645 best=1.625242 P_MAE=2.8921 kPa y_iso_MAE=0.016511 T_MAE=2.0239 K y_isob_MAE=0.021414 improved=no epoch_time=6.3s total_time=42.7s
[seed 1] [stage 1/3: direct GE] [epoch 7/20] train_total=0.003398 val_score=1.599662 best=1.599662 P_MAE=2.5566 kPa y_iso_MAE=0.013248 T_MAE=1.8194 K y_isob_MAE=0.023277 improved=yes epoch_time=6.5s total_time=49.2s
[seed 1] [stage 1/3: direct GE] [epoch 8/20] train_total=0.003395 val_score=1.815311 best=1.599662 P_MAE=2.8970 kPa y_iso_MAE=0.016006 T_MAE=2.0866 K y_isob_MAE=0.025345 improved=no epoch_time=6.3s total_time=55.5s
[seed 1] [stage 1/3: direct GE] [epoch 9/20] train_total=0.003346 val_score=1.696879 best=1.599662 P_MAE=3.0178 kPa y_iso_MAE=0.016298 T_MAE=1.8766 K y_isob_MAE=0.022000 improved=no epoch_time=6.7s total_time=62.3s
[seed 1] [stage 1/3: direct GE] [epoch 10/20] train_total=0.003333 val_score=1.945634 best=1.599662 P_MAE=2.7079 kPa y_iso_MAE=0.016339 T_MAE=2.6775 K y_isob_MAE=0.023241 improved=no epoch_time=6.5s total_time=68.7s
[seed 1] [stage 1/3: direct GE] [epoch 11/20] train_total=0.003232 val_score=1.848805 best=1.599662 P_MAE=2.5837 kPa y_iso_MAE=0.016752 T_MAE=2.6138 K y_isob_MAE=0.019989 improved=no epoch_time=6.1s total_time=74.9s
[seed 1] [stage 1/3: direct GE] [epoch 12/20] train_total=0.003299 val_score=1.847226 best=1.599662 P_MAE=2.6647 kPa y_iso_MAE=0.017041 T_MAE=2.5668 K y_isob_MAE=0.019949 improved=no epoch_time=6.3s total_time=81.1s
[seed 1] [stage 1/3: direct GE] [epoch 13/20] train_total=0.003143 val_score=2.084686 best=1.599662 P_MAE=2.7699 kPa y_iso_MAE=0.014829 T_MAE=3.0019 K y_isob_MAE=0.025671 improved=no epoch_time=6.4s total_time=87.5s
[seed 1] [stage 1/3: direct GE] [epoch 14/20] train_total=0.003155 val_score=2.083081 best=1.599662 P_MAE=2.8630 kPa y_iso_MAE=0.017982 T_MAE=3.1796 K y_isob_MAE=0.019838 improved=no epoch_time=6.2s total_time=93.7s
[seed 1] [stage 1/3: direct GE] [epoch 15/20] train_total=0.003054 val_score=2.221602 best=1.599662 P_MAE=2.6031 kPa y_iso_MAE=0.016969 T_MAE=3.2978 K y_isob_MAE=0.026948 improved=no epoch_time=6.4s total_time=100.1s
[seed 1] [stage 1/3: direct GE] [epoch 16/20] train_total=0.003110 val_score=2.045649 best=1.599662 P_MAE=2.5082 kPa y_iso_MAE=0.015073 T_MAE=3.0420 K y_isob_MAE=0.024508 improved=no epoch_time=6.4s total_time=106.5s
[seed 1] [stage 1/3: direct GE] [epoch 17/20] train_total=0.003120 val_score=2.208199 best=1.599662 P_MAE=2.7580 kPa y_iso_MAE=0.015625 T_MAE=3.1868 K y_isob_MAE=0.028172 improved=no epoch_time=6.6s total_time=113.1s
[seed 1] [stage 1/3: direct GE] [epoch 18/20] train_total=0.003067 val_score=2.378176 best=1.599662 P_MAE=2.9093 kPa y_iso_MAE=0.017083 T_MAE=3.8252 K y_isob_MAE=0.024376 improved=no epoch_time=6.2s total_time=119.3s
[seed 1] [stage 1/3: direct GE] [epoch 19/20] train_total=0.003278 val_score=2.326768 best=1.599662 P_MAE=2.9357 kPa y_iso_MAE=0.017120 T_MAE=3.3461 K y_isob_MAE=0.029188 improved=no epoch_time=6.2s total_time=125.5s
[seed 1] [stage 1/3: direct GE] [epoch 20/20] train_total=0.003048 val_score=2.206500 best=1.599662 P_MAE=2.8244 kPa y_iso_MAE=0.019702 T_MAE=3.5469 K y_isob_MAE=0.018934 improved=no epoch_time=6.2s total_time=131.7s
[seed 1] [stage 2/3: joint VLE] starting 80 epoch(s)
[seed 1] [stage 2/3: joint VLE] [epoch 1/80] train_total=0.018187 val_score=1.623353 best=1.623353 P_MAE=2.9011 kPa y_iso_MAE=0.018071 T_MAE=2.0877 K y_isob_MAE=0.014488 improved=yes epoch_time=7.5s total_time=139.2s
[seed 1] [stage 2/3: joint VLE] [epoch 2/80] train_total=0.015828 val_score=1.123671 best=1.123671 P_MAE=2.5281 kPa y_iso_MAE=0.014815 T_MAE=0.8990 K y_isob_MAE=0.013717 improved=yes epoch_time=7.5s total_time=146.8s
[seed 1] [stage 2/3: joint VLE] [epoch 3/80] train_total=0.016019 val_score=1.553962 best=1.123671 P_MAE=3.1578 kPa y_iso_MAE=0.019699 T_MAE=1.5457 K y_isob_MAE=0.016843 improved=no epoch_time=7.7s total_time=154.4s
[seed 1] [stage 2/3: joint VLE] [epoch 4/80] train_total=0.014426 val_score=1.056737 best=1.056737 P_MAE=2.5229 kPa y_iso_MAE=0.015615 T_MAE=0.7431 K y_isob_MAE=0.012343 improved=yes epoch_time=7.4s total_time=161.9s
[seed 1] [stage 2/3: joint VLE] [epoch 5/80] train_total=0.014143 val_score=1.254500 best=1.056737 P_MAE=2.9122 kPa y_iso_MAE=0.011600 T_MAE=1.3263 K y_isob_MAE=0.013596 improved=no epoch_time=7.2s total_time=169.1s
[seed 1] [stage 2/3: joint VLE] [epoch 6/80] train_total=0.015445 val_score=1.161106 best=1.056737 P_MAE=2.4533 kPa y_iso_MAE=0.013586 T_MAE=0.9119 K y_isob_MAE=0.016701 improved=no epoch_time=7.5s total_time=176.6s
[seed 1] [stage 2/3: joint VLE] [epoch 7/80] train_total=0.012832 val_score=1.105888 best=1.056737 P_MAE=2.3426 kPa y_iso_MAE=0.012080 T_MAE=1.0967 K y_isob_MAE=0.012985 improved=no epoch_time=7.3s total_time=183.8s
[seed 1] [stage 2/3: joint VLE] [epoch 8/80] train_total=0.013007 val_score=1.332981 best=1.056737 P_MAE=2.1490 kPa y_iso_MAE=0.015842 T_MAE=1.6630 K y_isob_MAE=0.013278 improved=no epoch_time=7.2s total_time=191.1s
[seed 1] [stage 2/3: joint VLE] [epoch 9/80] train_total=0.013076 val_score=1.011408 best=1.011408 P_MAE=2.4282 kPa y_iso_MAE=0.014520 T_MAE=0.7142 K y_isob_MAE=0.012017 improved=yes epoch_time=7.4s total_time=198.5s
[seed 1] [stage 2/3: joint VLE] [epoch 10/80] train_total=0.012509 val_score=1.115685 best=1.011408 P_MAE=2.8045 kPa y_iso_MAE=0.012330 T_MAE=0.8485 K y_isob_MAE=0.014435 improved=no epoch_time=7.3s total_time=205.7s
[seed 1] [stage 2/3: joint VLE] [epoch 11/80] train_total=0.015744 val_score=1.273269 best=1.011408 P_MAE=2.2707 kPa y_iso_MAE=0.019390 T_MAE=1.3297 K y_isob_MAE=0.012142 improved=no epoch_time=7.2s total_time=213.0s
[seed 1] [stage 2/3: joint VLE] [epoch 12/80] train_total=0.015113 val_score=1.647918 best=1.011408 P_MAE=2.1378 kPa y_iso_MAE=0.015051 T_MAE=2.1598 K y_isob_MAE=0.021334 improved=no epoch_time=7.2s total_time=220.2s
[seed 1] [stage 2/3: joint VLE] [epoch 13/80] train_total=0.012510 val_score=1.353763 best=1.011408 P_MAE=2.5332 kPa y_iso_MAE=0.013435 T_MAE=1.2083 K y_isob_MAE=0.020984 improved=no epoch_time=7.3s total_time=227.5s
[seed 1] [stage 2/3: joint VLE] [epoch 14/80] train_total=0.011028 val_score=1.386192 best=1.011408 P_MAE=2.1884 kPa y_iso_MAE=0.014773 T_MAE=1.5374 K y_isob_MAE=0.018387 improved=no epoch_time=7.3s total_time=234.8s
[seed 1] [stage 2/3: joint VLE] [epoch 15/80] train_total=0.011643 val_score=0.992472 best=0.992472 P_MAE=2.1945 kPa y_iso_MAE=0.013750 T_MAE=0.7675 K y_isob_MAE=0.012238 improved=yes epoch_time=7.4s total_time=242.3s
[seed 1] [stage 2/3: joint VLE] [epoch 16/80] train_total=0.012862 val_score=1.219327 best=0.992472 P_MAE=2.1438 kPa y_iso_MAE=0.011050 T_MAE=1.5295 K y_isob_MAE=0.013646 improved=no epoch_time=7.4s total_time=249.6s
[seed 1] [stage 2/3: joint VLE] [epoch 17/80] train_total=0.012906 val_score=1.146422 best=0.992472 P_MAE=2.4086 kPa y_iso_MAE=0.016437 T_MAE=1.0977 K y_isob_MAE=0.011153 improved=no epoch_time=7.3s total_time=256.9s
[seed 1] [stage 2/3: joint VLE] [epoch 18/80] train_total=0.013054 val_score=1.243317 best=0.992472 P_MAE=2.3401 kPa y_iso_MAE=0.012058 T_MAE=1.2186 K y_isob_MAE=0.017714 improved=no epoch_time=7.4s total_time=264.3s
[seed 1] [stage 2/3: joint VLE] [epoch 19/80] train_total=0.011534 val_score=0.962418 best=0.962418 P_MAE=2.1333 kPa y_iso_MAE=0.011015 T_MAE=0.8693 K y_isob_MAE=0.011686 improved=yes epoch_time=7.2s total_time=271.6s
[seed 1] [stage 2/3: joint VLE] [epoch 20/80] train_total=0.013470 val_score=1.119669 best=0.962418 P_MAE=2.7790 kPa y_iso_MAE=0.016045 T_MAE=0.8583 K y_isob_MAE=0.011744 improved=no epoch_time=7.3s total_time=278.9s
[seed 1] [stage 2/3: joint VLE] [epoch 21/80] train_total=0.012369 val_score=1.308722 best=0.962418 P_MAE=2.3122 kPa y_iso_MAE=0.012931 T_MAE=1.2816 K y_isob_MAE=0.019359 improved=no epoch_time=7.5s total_time=286.4s
[seed 1] [stage 2/3: joint VLE] [epoch 22/80] train_total=0.012451 val_score=1.085236 best=0.962418 P_MAE=2.2116 kPa y_iso_MAE=0.012714 T_MAE=1.1371 K y_isob_MAE=0.011636 improved=no epoch_time=7.7s total_time=294.1s
[seed 1] [stage 2/3: joint VLE] [epoch 23/80] train_total=0.010123 val_score=1.048052 best=0.962418 P_MAE=2.2025 kPa y_iso_MAE=0.012023 T_MAE=0.9971 K y_isob_MAE=0.012621 improved=no epoch_time=7.2s total_time=301.3s
[seed 1] [stage 2/3: joint VLE] [epoch 24/80] train_total=0.010652 val_score=1.257942 best=0.962418 P_MAE=1.8624 kPa y_iso_MAE=0.012087 T_MAE=1.7738 K y_isob_MAE=0.012530 improved=no epoch_time=7.1s total_time=308.4s
[seed 1] [stage 2/3: joint VLE] [epoch 25/80] train_total=0.011001 val_score=0.932955 best=0.932955 P_MAE=2.4399 kPa y_iso_MAE=0.012320 T_MAE=0.8119 K y_isob_MAE=0.008368 improved=yes epoch_time=7.5s total_time=315.9s
[seed 1] [stage 2/3: joint VLE] [epoch 26/80] train_total=0.010294 val_score=1.147104 best=0.932955 P_MAE=2.3310 kPa y_iso_MAE=0.014268 T_MAE=1.1007 K y_isob_MAE=0.013273 improved=no epoch_time=7.4s total_time=323.3s
[seed 1] [stage 2/3: joint VLE] [epoch 27/80] train_total=0.011869 val_score=0.915671 best=0.915671 P_MAE=2.0214 kPa y_iso_MAE=0.011190 T_MAE=0.7876 K y_isob_MAE=0.011231 improved=yes epoch_time=7.3s total_time=330.6s
[seed 1] [stage 2/3: joint VLE] [epoch 28/80] train_total=0.011219 val_score=1.005630 best=0.915671 P_MAE=2.1433 kPa y_iso_MAE=0.012135 T_MAE=0.9059 K y_isob_MAE=0.012263 improved=no epoch_time=7.4s total_time=338.0s
[seed 1] [stage 2/3: joint VLE] [epoch 29/80] train_total=0.011922 val_score=1.129613 best=0.915671 P_MAE=2.3367 kPa y_iso_MAE=0.012640 T_MAE=1.1147 K y_isob_MAE=0.013445 improved=no epoch_time=7.1s total_time=345.2s
[seed 1] [stage 2/3: joint VLE] [epoch 30/80] train_total=0.011263 val_score=0.988935 best=0.915671 P_MAE=2.1061 kPa y_iso_MAE=0.012903 T_MAE=0.7722 K y_isob_MAE=0.013166 improved=no epoch_time=7.2s total_time=352.4s
[seed 1] [stage 2/3: joint VLE] [epoch 31/80] train_total=0.011700 val_score=0.926247 best=0.915671 P_MAE=1.9900 kPa y_iso_MAE=0.011169 T_MAE=0.7414 K y_isob_MAE=0.012657 improved=no epoch_time=7.4s total_time=359.8s
[seed 1] [stage 2/3: joint VLE] [epoch 32/80] train_total=0.010118 val_score=1.163274 best=0.915671 P_MAE=2.0228 kPa y_iso_MAE=0.015065 T_MAE=1.4702 K y_isob_MAE=0.009472 improved=no epoch_time=7.5s total_time=367.3s
[seed 1] [stage 2/3: joint VLE] [epoch 33/80] train_total=0.010294 val_score=1.027740 best=0.915671 P_MAE=2.4700 kPa y_iso_MAE=0.011260 T_MAE=0.9909 K y_isob_MAE=0.010775 improved=no epoch_time=7.2s total_time=374.5s
[seed 1] [stage 2/3: joint VLE] [epoch 34/80] train_total=0.010855 val_score=1.068346 best=0.915671 P_MAE=2.0981 kPa y_iso_MAE=0.011644 T_MAE=1.1176 K y_isob_MAE=0.012619 improved=no epoch_time=7.6s total_time=382.0s
[seed 1] [stage 2/3: joint VLE] [epoch 35/80] train_total=0.010263 val_score=0.895678 best=0.895678 P_MAE=2.0579 kPa y_iso_MAE=0.014437 T_MAE=0.6441 K y_isob_MAE=0.009777 improved=yes epoch_time=7.4s total_time=389.4s
[seed 1] [stage 2/3: joint VLE] [epoch 36/80] train_total=0.011712 val_score=1.171150 best=0.895678 P_MAE=2.0800 kPa y_iso_MAE=0.014024 T_MAE=1.5044 K y_isob_MAE=0.009791 improved=no epoch_time=7.3s total_time=396.7s
[seed 1] [stage 2/3: joint VLE] [epoch 37/80] train_total=0.011283 val_score=0.834027 best=0.834027 P_MAE=1.7456 kPa y_iso_MAE=0.012873 T_MAE=0.7800 K y_isob_MAE=0.007733 improved=yes epoch_time=7.2s total_time=403.9s
[seed 1] [stage 2/3: joint VLE] [epoch 38/80] train_total=0.010400 val_score=0.898295 best=0.834027 P_MAE=2.0978 kPa y_iso_MAE=0.014524 T_MAE=0.6098 K y_isob_MAE=0.010136 improved=no epoch_time=7.2s total_time=411.1s
[seed 1] [stage 2/3: joint VLE] [epoch 39/80] train_total=0.009879 val_score=1.030703 best=0.834027 P_MAE=1.8611 kPa y_iso_MAE=0.013405 T_MAE=0.9274 K y_isob_MAE=0.013792 improved=no epoch_time=7.2s total_time=418.3s
[seed 1] [stage 2/3: joint VLE] [epoch 40/80] train_total=0.009188 val_score=1.123539 best=0.834027 P_MAE=2.0449 kPa y_iso_MAE=0.013010 T_MAE=1.4039 K y_isob_MAE=0.010062 improved=no epoch_time=7.6s total_time=425.9s
[seed 1] [stage 2/3: joint VLE] [epoch 41/80] train_total=0.010027 val_score=0.968490 best=0.834027 P_MAE=2.0821 kPa y_iso_MAE=0.011358 T_MAE=0.8394 K y_isob_MAE=0.012475 improved=no epoch_time=7.3s total_time=433.3s
[seed 1] [stage 2/3: joint VLE] [epoch 42/80] train_total=0.010727 val_score=0.950083 best=0.834027 P_MAE=2.0814 kPa y_iso_MAE=0.013415 T_MAE=0.7725 K y_isob_MAE=0.011043 improved=no epoch_time=7.4s total_time=440.6s
[seed 1] [stage 2/3: joint VLE] [epoch 43/80] train_total=0.009754 val_score=0.867946 best=0.834027 P_MAE=1.6730 kPa y_iso_MAE=0.010523 T_MAE=0.8544 K y_isob_MAE=0.010447 improved=no epoch_time=7.4s total_time=448.1s
[seed 1] [stage 2/3: joint VLE] [epoch 44/80] train_total=0.011054 val_score=0.963670 best=0.834027 P_MAE=2.2443 kPa y_iso_MAE=0.011415 T_MAE=0.8187 K y_isob_MAE=0.011578 improved=no epoch_time=7.4s total_time=455.5s
[seed 1] [stage 2/3: joint VLE] [epoch 45/80] train_total=0.012304 val_score=0.885914 best=0.834027 P_MAE=2.2735 kPa y_iso_MAE=0.013823 T_MAE=0.5318 K y_isob_MAE=0.010276 improved=no epoch_time=7.4s total_time=462.9s
[seed 1] [stage 2/3: joint VLE] [epoch 46/80] train_total=0.009957 val_score=1.133548 best=0.834027 P_MAE=2.0143 kPa y_iso_MAE=0.013949 T_MAE=1.4015 K y_isob_MAE=0.010029 improved=no epoch_time=7.4s total_time=470.3s
[seed 1] [stage 2/3: joint VLE] [epoch 47/80] train_total=0.010283 val_score=0.998636 best=0.834027 P_MAE=2.0220 kPa y_iso_MAE=0.012294 T_MAE=0.9372 K y_isob_MAE=0.012024 improved=no epoch_time=7.1s total_time=477.4s
[seed 1] [stage 2/3: joint VLE] [epoch 48/80] train_total=0.010408 val_score=1.328226 best=0.834027 P_MAE=2.1331 kPa y_iso_MAE=0.012747 T_MAE=1.7633 K y_isob_MAE=0.013978 improved=no epoch_time=7.1s total_time=484.5s
[seed 1] [stage 2/3: joint VLE] [epoch 49/80] train_total=0.010313 val_score=1.071462 best=0.834027 P_MAE=2.1354 kPa y_iso_MAE=0.013291 T_MAE=1.2385 K y_isob_MAE=0.009393 improved=no epoch_time=7.5s total_time=492.0s
{"direct_ge_parameter_summary": {"stage1_trainable_parameters": 1977601, "stage2_trainable_parameters": 2015043, "stage3": {"groups": [{"learning_rate": 2e-05, "name": "pair_potential", "parameter_count": 110977, "parameter_names": ["pair_potential.0.weight", "pair_potential.0.bias", "pair_potential.2.weight", "pair_potential.2.bias"]}, {"learning_rate": 1e-05, "name": "vapor_pressure", "parameter_count": 37442, "parameter_names": ["vapor_pressure.parameter_head.0.weight", "vapor_pressure.parameter_head.0.bias", "vapor_pressure.parameter_head.2.weight", "vapor_pressure.parameter_head.2.bias"]}, {"learning_rate": 5e-06, "name": "film", "parameter_count": 111744, "parameter_names": ["film.0.weight", "film.0.bias", "film.2.weight", "film.2.bias"]}, {"learning_rate": 5e-06, "name": "mixture_token", "parameter_count": 192, "parameter_names": ["mixture_token"]}], "total_parameters": 2015043, "trainable_fraction": 0.1292056794817778, "trainable_parameters": 260355}, "total_parameters": 2015043, "trainable_fraction": 0.1292056794817778, "trainable_parameters": 260355}}
[seed 1] [stage 3/3: fugacity] starting 10 epoch(s)
[seed 1] [stage 3/3: fugacity] [epoch 1/10] train_total=0.008187 val_score=0.723818 best=0.723818 P_MAE=1.6350 kPa y_iso_MAE=0.011730 T_MAE=0.5070 K y_isob_MAE=0.008226 improved=yes epoch_time=7.4s total_time=499.4s
[seed 1] [stage 3/3: fugacity] [epoch 2/10] train_total=0.007714 val_score=0.750034 best=0.723818 P_MAE=1.6260 kPa y_iso_MAE=0.011003 T_MAE=0.5674 K y_isob_MAE=0.009159 improved=no epoch_time=7.0s total_time=506.5s
[seed 1] [stage 3/3: fugacity] [epoch 3/10] train_total=0.007319 val_score=0.745596 best=0.723818 P_MAE=1.6272 kPa y_iso_MAE=0.011446 T_MAE=0.5466 K y_isob_MAE=0.008918 improved=no epoch_time=7.1s total_time=513.6s
[seed 1] [stage 3/3: fugacity] [epoch 4/10] train_total=0.007062 val_score=0.763759 best=0.723818 P_MAE=1.6568 kPa y_iso_MAE=0.011124 T_MAE=0.5818 K y_isob_MAE=0.009320 improved=no epoch_time=7.2s total_time=520.8s
[seed 1] [stage 3/3: fugacity] [epoch 5/10] train_total=0.007067 val_score=0.753159 best=0.723818 P_MAE=1.6195 kPa y_iso_MAE=0.011170 T_MAE=0.5720 K y_isob_MAE=0.009146 improved=no epoch_time=7.1s total_time=527.8s
[seed 1] [stage 3/3: fugacity] [epoch 6/10] train_total=0.006986 val_score=0.755788 best=0.723818 P_MAE=1.5951 kPa y_iso_MAE=0.011241 T_MAE=0.5714 K y_isob_MAE=0.009368 improved=no epoch_time=7.1s total_time=534.9s
[seed 1] [stage 3/3: fugacity] [epoch 7/10] train_total=0.006951 val_score=0.755636 best=0.723818 P_MAE=1.5879 kPa y_iso_MAE=0.011170 T_MAE=0.5582 K y_isob_MAE=0.009663 improved=no epoch_time=7.5s total_time=542.5s
[seed 1] [stage 3/3: fugacity] [epoch 8/10] train_total=0.006782 val_score=0.756578 best=0.723818 P_MAE=1.6239 kPa y_iso_MAE=0.011069 T_MAE=0.5629 K y_isob_MAE=0.009504 improved=no epoch_time=7.2s total_time=549.7s
[seed 1] [stage 3/3: fugacity] [epoch 9/10] train_total=0.006797 val_score=0.745442 best=0.723818 P_MAE=1.6293 kPa y_iso_MAE=0.011382 T_MAE=0.5342 K y_isob_MAE=0.009144 improved=no epoch_time=7.3s total_time=556.9s
[seed 1] [stage 3/3: fugacity] [epoch 10/10] train_total=0.006698 val_score=0.749532 best=0.723818 P_MAE=1.6022 kPa y_iso_MAE=0.011666 T_MAE=0.5503 K y_isob_MAE=0.009027 improved=no epoch_time=7.0s total_time=563.9s
{"protocol": "vle_binary_state_pressure_low_extrapolation", "seed": 1, "manifest": "D:\\VLE\\VLE\\thermoformer_project\\runs\\phase_equilibrium\\v1\\vle\\three\\results\\thermoformer_vle_three_stage.on.vle_binary_state_pressure_low_extrapolation\\seed_1\\manifest.json"}
[stage experimental] starting 80 epoch(s)
[stage experimental] [epoch 1/80] train_total=0.841987 val_total=0.059322 best=0.059322 improved=yes epoch_time=1.6s total_time=1.6s
[stage experimental] [epoch 2/80] train_total=0.108953 val_total=0.032316 best=0.032316 improved=yes epoch_time=1.5s total_time=3.1s
[stage experimental] [epoch 3/80] train_total=0.064932 val_total=0.047818 best=0.032316 improved=no epoch_time=1.5s total_time=4.6s
[stage experimental] [epoch 4/80] train_total=0.055145 val_total=0.034737 best=0.032316 improved=no epoch_time=1.7s total_time=6.3s
[stage experimental] [epoch 5/80] train_total=0.049663 val_total=0.042148 best=0.032316 improved=no epoch_time=1.7s total_time=8.0s
[stage experimental] [epoch 6/80] train_total=0.057147 val_total=0.037905 best=0.032316 improved=no epoch_time=1.7s total_time=9.6s
[stage experimental] [epoch 7/80] train_total=0.052673 val_total=0.025481 best=0.025481 improved=yes epoch_time=1.6s total_time=11.3s
[stage experimental] [epoch 8/80] train_total=0.045137 val_total=0.031575 best=0.025481 improved=no epoch_time=1.7s total_time=12.9s
[stage experimental] [epoch 9/80] train_total=0.043492 val_total=0.021316 best=0.021316 improved=yes epoch_time=1.6s total_time=14.5s
[stage experimental] [epoch 10/80] train_total=0.040329 val_total=0.023130 best=0.021316 improved=no epoch_time=1.6s total_time=16.2s
[stage experimental] [epoch 11/80] train_total=0.040245 val_total=0.024541 best=0.021316 improved=no epoch_time=1.6s total_time=17.8s
[stage experimental] [epoch 12/80] train_total=0.034955 val_total=0.023900 best=0.021316 improved=no epoch_time=1.7s total_time=19.5s
[stage experimental] [epoch 13/80] train_total=0.035859 val_total=0.019685 best=0.019685 improved=yes epoch_time=1.6s total_time=21.1s
[stage experimental] [epoch 14/80] train_total=0.034289 val_total=0.019081 best=0.019081 improved=yes epoch_time=1.6s total_time=22.7s
[stage experimental] [epoch 15/80] train_total=0.038225 val_total=0.031668 best=0.019081 improved=no epoch_time=1.6s total_time=24.2s
[stage experimental] [epoch 16/80] train_total=0.036522 val_total=0.017591 best=0.017591 improved=yes epoch_time=1.6s total_time=25.8s
[stage experimental] [epoch 17/80] train_total=0.032956 val_total=0.017194 best=0.017194 improved=yes epoch_time=1.6s total_time=27.4s
[stage experimental] [epoch 18/80] train_total=0.030730 val_total=0.017939 best=0.017194 improved=no epoch_time=2.0s total_time=29.4s
[stage experimental] [epoch 19/80] train_total=0.030815 val_total=0.018434 best=0.017194 improved=no epoch_time=1.3s total_time=30.7s
[stage experimental] [epoch 20/80] train_total=0.026616 val_total=0.014642 best=0.014642 improved=yes epoch_time=1.3s total_time=32.0s
[stage experimental] [epoch 21/80] train_total=0.027224 val_total=0.013502 best=0.013502 improved=yes epoch_time=1.2s total_time=33.2s
[stage experimental] [epoch 22/80] train_total=0.026366 val_total=0.015933 best=0.013502 improved=no epoch_time=1.4s total_time=34.6s
[stage experimental] [epoch 23/80] train_total=0.029878 val_total=0.011418 best=0.011418 improved=yes epoch_time=1.4s total_time=36.1s
[stage experimental] [epoch 24/80] train_total=0.027317 val_total=0.014892 best=0.011418 improved=no epoch_time=1.5s total_time=37.5s
[stage experimental] [epoch 25/80] train_total=0.024389 val_total=0.015396 best=0.011418 improved=no epoch_time=1.5s total_time=39.0s
[stage experimental] [epoch 26/80] train_total=0.022566 val_total=0.012079 best=0.011418 improved=no epoch_time=1.5s total_time=40.5s
[stage experimental] [epoch 27/80] train_total=0.027050 val_total=0.013559 best=0.011418 improved=no epoch_time=1.5s total_time=42.0s
[stage experimental] [epoch 28/80] train_total=0.019850 val_total=0.010238 best=0.010238 improved=yes epoch_time=1.5s total_time=43.5s
[stage experimental] [epoch 29/80] train_total=0.019860 val_total=0.011349 best=0.010238 improved=no epoch_time=1.5s total_time=45.0s
[stage experimental] [epoch 30/80] train_total=0.019143 val_total=0.009116 best=0.009116 improved=yes epoch_time=1.7s total_time=46.7s
[stage experimental] [epoch 31/80] train_total=0.020802 val_total=0.010341 best=0.009116 improved=no epoch_time=1.7s total_time=48.4s
[stage experimental] [epoch 32/80] train_total=0.017674 val_total=0.010207 best=0.009116 improved=no epoch_time=1.6s total_time=50.0s
[stage experimental] [epoch 33/80] train_total=0.017607 val_total=0.011321 best=0.009116 improved=no epoch_time=1.6s total_time=51.6s
[stage experimental] [epoch 34/80] train_total=0.017674 val_total=0.011020 best=0.009116 improved=no epoch_time=1.5s total_time=53.1s
[stage experimental] [epoch 35/80] train_total=0.019363 val_total=0.007497 best=0.007497 improved=yes epoch_time=1.5s total_time=54.6s
[stage experimental] [epoch 36/80] train_total=0.014444 val_total=0.006809 best=0.006809 improved=yes epoch_time=1.5s total_time=56.0s
[stage experimental] [epoch 37/80] train_total=0.015147 val_total=0.004846 best=0.004846 improved=yes epoch_time=1.5s total_time=57.5s
[stage experimental] [epoch 38/80] train_total=0.013534 val_total=0.007079 best=0.004846 improved=no epoch_time=1.4s total_time=58.9s
[stage experimental] [epoch 39/80] train_total=0.012924 val_total=0.006527 best=0.004846 improved=no epoch_time=1.4s total_time=60.4s
[stage experimental] [epoch 40/80] train_total=0.013111 val_total=0.008542 best=0.004846 improved=no epoch_time=1.5s total_time=61.8s
[stage experimental] [epoch 41/80] train_total=0.013429 val_total=0.005666 best=0.004846 improved=no epoch_time=1.4s total_time=63.2s
[stage experimental] [epoch 42/80] train_total=0.013224 val_total=0.005939 best=0.004846 improved=no epoch_time=1.5s total_time=64.7s
[stage experimental] [epoch 43/80] train_total=0.013196 val_total=0.010199 best=0.004846 improved=no epoch_time=1.5s total_time=66.2s
[stage experimental] [epoch 44/80] train_total=0.012008 val_total=0.005131 best=0.004846 improved=no epoch_time=1.4s total_time=67.6s
[stage experimental] [epoch 45/80] train_total=0.012102 val_total=0.004706 best=0.004706 improved=yes epoch_time=1.5s total_time=69.1s
[stage experimental] [epoch 46/80] train_total=0.012485 val_total=0.006716 best=0.004706 improved=no epoch_time=1.4s total_time=70.5s
[stage experimental] [epoch 47/80] train_total=0.011197 val_total=0.013190 best=0.004706 improved=no epoch_time=1.5s total_time=72.0s
[stage experimental] [epoch 48/80] train_total=0.016176 val_total=0.013482 best=0.004706 improved=no epoch_time=1.5s total_time=73.4s
[stage experimental] [epoch 49/80] train_total=0.012294 val_total=0.006634 best=0.004706 improved=no epoch_time=1.5s total_time=74.9s
[stage experimental] [epoch 50/80] train_total=0.015032 val_total=0.009301 best=0.004706 improved=no epoch_time=1.4s total_time=76.3s
[stage experimental] [epoch 51/80] train_total=0.014754 val_total=0.005936 best=0.004706 improved=no epoch_time=1.5s total_time=77.7s
[stage experimental] [epoch 52/80] train_total=0.013431 val_total=0.007693 best=0.004706 improved=no epoch_time=1.4s total_time=79.2s
[stage experimental] [epoch 53/80] train_total=0.010956 val_total=0.006982 best=0.004706 improved=no epoch_time=1.4s total_time=80.6s
[stage experimental] [epoch 54/80] train_total=0.012982 val_total=0.012103 best=0.004706 improved=no epoch_time=1.5s total_time=82.1s
[stage experimental] [epoch 55/80] train_total=0.010132 val_total=0.004009 best=0.004009 improved=yes epoch_time=1.5s total_time=83.6s
[stage experimental] [epoch 56/80] train_total=0.013643 val_total=0.007055 best=0.004009 improved=no epoch_time=1.4s total_time=85.0s
[stage experimental] [epoch 57/80] train_total=0.009804 val_total=0.003026 best=0.003026 improved=yes epoch_time=1.5s total_time=86.5s
[stage experimental] [epoch 58/80] train_total=0.009352 val_total=0.008518 best=0.003026 improved=no epoch_time=1.6s total_time=88.1s
[stage experimental] [epoch 59/80] train_total=0.009921 val_total=0.006468 best=0.003026 improved=no epoch_time=1.6s total_time=89.6s
[stage experimental] [epoch 60/80] train_total=0.010464 val_total=0.004373 best=0.003026 improved=no epoch_time=1.5s total_time=91.1s
[stage experimental] [epoch 61/80] train_total=0.010757 val_total=0.006163 best=0.003026 improved=no epoch_time=1.5s total_time=92.6s
[stage experimental] [epoch 62/80] train_total=0.008345 val_total=0.003275 best=0.003026 improved=no epoch_time=1.4s total_time=94.0s
[stage experimental] [epoch 63/80] train_total=0.008102 val_total=0.003492 best=0.003026 improved=no epoch_time=1.4s total_time=95.5s
[stage experimental] [epoch 64/80] train_total=0.009108 val_total=0.002847 best=0.002847 improved=yes epoch_time=1.5s total_time=97.0s
[stage experimental] [epoch 65/80] train_total=0.008500 val_total=0.004234 best=0.002847 improved=no epoch_time=1.5s total_time=98.4s
[stage experimental] [epoch 66/80] train_total=0.008572 val_total=0.003371 best=0.002847 improved=no epoch_time=1.5s total_time=99.9s
[stage experimental] [epoch 67/80] train_total=0.008475 val_total=0.003749 best=0.002847 improved=no epoch_time=1.5s total_time=101.4s
[stage experimental] [epoch 68/80] train_total=0.007358 val_total=0.004024 best=0.002847 improved=no epoch_time=1.4s total_time=102.9s
[stage experimental] [epoch 69/80] train_total=0.008926 val_total=0.004846 best=0.002847 improved=no epoch_time=1.5s total_time=104.3s
[stage experimental] [epoch 70/80] train_total=0.010024 val_total=0.003401 best=0.002847 improved=no epoch_time=1.5s total_time=105.8s
[stage experimental] [epoch 71/80] train_total=0.007518 val_total=0.002862 best=0.002847 improved=no epoch_time=1.6s total_time=107.4s
[stage experimental] [epoch 72/80] train_total=0.009522 val_total=0.004882 best=0.002847 improved=no epoch_time=1.6s total_time=109.0s
[stage experimental] [epoch 73/80] train_total=0.008395 val_total=0.005206 best=0.002847 improved=no epoch_time=1.5s total_time=110.5s
[stage experimental] [epoch 74/80] train_total=0.009368 val_total=0.002930 best=0.002847 improved=no epoch_time=1.5s total_time=112.1s
[stage experimental] [epoch 75/80] train_total=0.009260 val_total=0.004998 best=0.002847 improved=no epoch_time=1.5s total_time=113.6s
[stage experimental] [epoch 76/80] train_total=0.010364 val_total=0.003660 best=0.002847 improved=no epoch_time=1.5s total_time=115.1s
[stage experimental] early stopping at epoch 76; best_validation=0.002847
[seed 2] [stage 1/3: direct GE] starting 20 epoch(s)
[seed 2] [stage 1/3: direct GE] [epoch 1/20] train_total=0.004212 val_score=1.818567 best=1.818567 P_MAE=2.9990 kPa y_iso_MAE=0.012566 T_MAE=2.5087 K y_isob_MAE=0.022805 improved=yes epoch_time=6.1s total_time=10.8s
[seed 2] [stage 1/3: direct GE] [epoch 2/20] train_total=0.003916 val_score=1.757404 best=1.757404 P_MAE=2.5405 kPa y_iso_MAE=0.012704 T_MAE=2.4092 K y_isob_MAE=0.024650 improved=yes epoch_time=6.2s total_time=16.9s
[seed 2] [stage 1/3: direct GE] [epoch 3/20] train_total=0.003699 val_score=2.408010 best=1.757404 P_MAE=3.2389 kPa y_iso_MAE=0.016984 T_MAE=3.5563 K y_isob_MAE=0.031633 improved=no epoch_time=5.8s total_time=22.7s
[seed 2] [stage 1/3: direct GE] [epoch 4/20] train_total=0.003519 val_score=1.609939 best=1.609939 P_MAE=2.6549 kPa y_iso_MAE=0.012743 T_MAE=1.8286 K y_isob_MAE=0.025478 improved=yes epoch_time=6.2s total_time=29.0s
[seed 2] [stage 1/3: direct GE] [epoch 5/20] train_total=0.003557 val_score=2.117483 best=1.609939 P_MAE=2.5605 kPa y_iso_MAE=0.013943 T_MAE=3.0788 K y_isob_MAE=0.032200 improved=no epoch_time=6.3s total_time=35.3s
[seed 2] [stage 1/3: direct GE] [epoch 6/20] train_total=0.003442 val_score=1.959651 best=1.609939 P_MAE=2.7698 kPa y_iso_MAE=0.013359 T_MAE=2.5867 K y_isob_MAE=0.030726 improved=no epoch_time=6.7s total_time=42.0s
[seed 2] [stage 1/3: direct GE] [epoch 7/20] train_total=0.003477 val_score=1.897811 best=1.609939 P_MAE=2.8292 kPa y_iso_MAE=0.013415 T_MAE=2.4987 K y_isob_MAE=0.028116 improved=no epoch_time=6.4s total_time=48.4s
[seed 2] [stage 1/3: direct GE] [epoch 8/20] train_total=0.003309 val_score=2.240412 best=1.609939 P_MAE=2.6346 kPa y_iso_MAE=0.012292 T_MAE=3.5096 K y_isob_MAE=0.032891 improved=no epoch_time=6.7s total_time=55.1s
[seed 2] [stage 1/3: direct GE] [epoch 9/20] train_total=0.003208 val_score=2.024658 best=1.609939 P_MAE=2.4900 kPa y_iso_MAE=0.013155 T_MAE=3.1073 K y_isob_MAE=0.027676 improved=no epoch_time=6.4s total_time=61.6s
[seed 2] [stage 1/3: direct GE] [epoch 10/20] train_total=0.003279 val_score=2.145061 best=1.609939 P_MAE=2.8510 kPa y_iso_MAE=0.013592 T_MAE=3.0737 K y_isob_MAE=0.031904 improved=no epoch_time=6.4s total_time=68.0s
[seed 2] [stage 1/3: direct GE] [epoch 11/20] train_total=0.003312 val_score=1.986467 best=1.609939 P_MAE=2.4304 kPa y_iso_MAE=0.011033 T_MAE=2.8598 K y_isob_MAE=0.032795 improved=no epoch_time=6.4s total_time=74.3s
[seed 2] [stage 1/3: direct GE] [epoch 12/20] train_total=0.003291 val_score=2.112608 best=1.609939 P_MAE=2.9312 kPa y_iso_MAE=0.012498 T_MAE=3.0008 K y_isob_MAE=0.031877 improved=no epoch_time=6.4s total_time=80.7s
[seed 2] [stage 1/3: direct GE] [epoch 13/20] train_total=0.003115 val_score=2.170054 best=1.609939 P_MAE=2.7767 kPa y_iso_MAE=0.012994 T_MAE=3.1494 K y_isob_MAE=0.033298 improved=no epoch_time=6.3s total_time=87.1s
[seed 2] [stage 1/3: direct GE] [epoch 14/20] train_total=0.003148 val_score=2.515689 best=1.609939 P_MAE=2.7154 kPa y_iso_MAE=0.013380 T_MAE=4.0850 K y_isob_MAE=0.036810 improved=no epoch_time=6.2s total_time=93.3s
[seed 2] [stage 1/3: direct GE] [epoch 15/20] train_total=0.003210 val_score=2.370826 best=1.609939 P_MAE=2.6758 kPa y_iso_MAE=0.013162 T_MAE=3.7981 K y_isob_MAE=0.034035 improved=no epoch_time=6.2s total_time=99.5s
[seed 2] [stage 1/3: direct GE] [epoch 16/20] train_total=0.003022 val_score=2.560254 best=1.609939 P_MAE=2.5315 kPa y_iso_MAE=0.011735 T_MAE=4.3799 K y_isob_MAE=0.037473 improved=no epoch_time=6.1s total_time=105.7s
[seed 2] [stage 1/3: direct GE] [epoch 17/20] train_total=0.003045 val_score=2.800651 best=1.609939 P_MAE=2.7834 kPa y_iso_MAE=0.014342 T_MAE=4.7508 K y_isob_MAE=0.039909 improved=no epoch_time=6.3s total_time=112.0s
[seed 2] [stage 1/3: direct GE] [epoch 18/20] train_total=0.003097 val_score=2.376639 best=1.609939 P_MAE=2.4582 kPa y_iso_MAE=0.012925 T_MAE=3.8817 K y_isob_MAE=0.034935 improved=no epoch_time=6.3s total_time=118.3s
[seed 2] [stage 1/3: direct GE] [epoch 19/20] train_total=0.003042 val_score=2.837601 best=1.609939 P_MAE=2.5512 kPa y_iso_MAE=0.011757 T_MAE=5.0896 K y_isob_MAE=0.040786 improved=no epoch_time=6.2s total_time=124.5s
[seed 2] [stage 1/3: direct GE] [epoch 20/20] train_total=0.002977 val_score=2.565539 best=1.609939 P_MAE=2.4716 kPa y_iso_MAE=0.014296 T_MAE=4.4444 K y_isob_MAE=0.034227 improved=no epoch_time=6.2s total_time=130.8s
[seed 2] [stage 2/3: joint VLE] starting 80 epoch(s)
[seed 2] [stage 2/3: joint VLE] [epoch 1/80] train_total=0.019970 val_score=1.141954 best=1.141954 P_MAE=3.1959 kPa y_iso_MAE=0.015230 T_MAE=0.6651 K y_isob_MAE=0.011659 improved=yes epoch_time=7.2s total_time=138.0s
[seed 2] [stage 2/3: joint VLE] [epoch 2/80] train_total=0.016160 val_score=1.374358 best=1.141954 P_MAE=2.2366 kPa y_iso_MAE=0.012528 T_MAE=1.7287 K y_isob_MAE=0.017099 improved=no epoch_time=7.2s total_time=145.1s
[seed 2] [stage 2/3: joint VLE] [epoch 3/80] train_total=0.015799 val_score=1.512693 best=1.141954 P_MAE=2.0100 kPa y_iso_MAE=0.014164 T_MAE=1.9475 K y_isob_MAE=0.021333 improved=no epoch_time=7.2s total_time=152.4s
[seed 2] [stage 2/3: joint VLE] [epoch 4/80] train_total=0.017329 val_score=1.428855 best=1.141954 P_MAE=2.9859 kPa y_iso_MAE=0.016898 T_MAE=1.5856 K y_isob_MAE=0.011766 improved=no epoch_time=7.3s total_time=159.6s
[seed 2] [stage 2/3: joint VLE] [epoch 5/80] train_total=0.014882 val_score=1.160831 best=1.141954 P_MAE=2.3335 kPa y_iso_MAE=0.014918 T_MAE=1.2215 K y_isob_MAE=0.010195 improved=no epoch_time=7.8s total_time=167.5s
[seed 2] [stage 2/3: joint VLE] [epoch 6/80] train_total=0.014469 val_score=1.134682 best=1.134682 P_MAE=2.0609 kPa y_iso_MAE=0.013526 T_MAE=1.0427 K y_isob_MAE=0.015723 improved=yes epoch_time=7.5s total_time=175.0s
[seed 2] [stage 2/3: joint VLE] [epoch 7/80] train_total=0.012688 val_score=1.127384 best=1.127384 P_MAE=2.1332 kPa y_iso_MAE=0.017165 T_MAE=1.0465 K y_isob_MAE=0.010525 improved=yes epoch_time=7.6s total_time=182.6s
[seed 2] [stage 2/3: joint VLE] [epoch 8/80] train_total=0.011745 val_score=1.017861 best=1.017861 P_MAE=2.1598 kPa y_iso_MAE=0.014549 T_MAE=0.8195 K y_isob_MAE=0.010902 improved=yes epoch_time=7.4s total_time=190.0s
[seed 2] [stage 2/3: joint VLE] [epoch 9/80] train_total=0.010804 val_score=1.068091 best=1.017861 P_MAE=2.4095 kPa y_iso_MAE=0.012437 T_MAE=0.7942 K y_isob_MAE=0.014632 improved=no epoch_time=7.5s total_time=197.4s
[seed 2] [stage 2/3: joint VLE] [epoch 10/80] train_total=0.011606 val_score=1.294776 best=1.017861 P_MAE=2.4883 kPa y_iso_MAE=0.016233 T_MAE=1.4344 K y_isob_MAE=0.011474 improved=no epoch_time=7.5s total_time=204.9s
[seed 2] [stage 2/3: joint VLE] [epoch 11/80] train_total=0.011566 val_score=1.283051 best=1.017861 P_MAE=2.8365 kPa y_iso_MAE=0.014018 T_MAE=1.2691 K y_isob_MAE=0.013384 improved=no epoch_time=7.3s total_time=212.2s
[seed 2] [stage 2/3: joint VLE] [epoch 12/80] train_total=0.011926 val_score=1.395772 best=1.017861 P_MAE=2.3284 kPa y_iso_MAE=0.017793 T_MAE=1.7584 K y_isob_MAE=0.011131 improved=no epoch_time=7.5s total_time=219.7s
[seed 2] [stage 2/3: joint VLE] [epoch 13/80] train_total=0.013465 val_score=1.049772 best=1.017861 P_MAE=2.0315 kPa y_iso_MAE=0.013299 T_MAE=1.0124 K y_isob_MAE=0.011761 improved=no epoch_time=7.5s total_time=227.3s
[seed 2] [stage 2/3: joint VLE] [epoch 14/80] train_total=0.013445 val_score=1.126091 best=1.017861 P_MAE=1.9553 kPa y_iso_MAE=0.011597 T_MAE=1.2044 K y_isob_MAE=0.015334 improved=no epoch_time=7.3s total_time=234.6s
[seed 2] [stage 2/3: joint VLE] [epoch 15/80] train_total=0.011491 val_score=1.215686 best=1.017861 P_MAE=2.7475 kPa y_iso_MAE=0.016913 T_MAE=1.0063 K y_isob_MAE=0.011651 improved=no epoch_time=7.3s total_time=241.8s
[seed 2] [stage 2/3: joint VLE] [epoch 16/80] train_total=0.011787 val_score=1.025231 best=1.017861 P_MAE=1.7443 kPa y_iso_MAE=0.013934 T_MAE=0.9317 K y_isob_MAE=0.013443 improved=no epoch_time=7.2s total_time=249.1s
[seed 2] [stage 2/3: joint VLE] [epoch 17/80] train_total=0.010727 val_score=1.089729 best=1.017861 P_MAE=1.9416 kPa y_iso_MAE=0.014346 T_MAE=1.0151 K y_isob_MAE=0.013637 improved=no epoch_time=7.4s total_time=256.5s
[seed 2] [stage 2/3: joint VLE] [epoch 18/80] train_total=0.011058 val_score=1.091150 best=1.017861 P_MAE=2.4815 kPa y_iso_MAE=0.012466 T_MAE=0.8722 K y_isob_MAE=0.013947 improved=no epoch_time=8.0s total_time=264.5s
[seed 2] [stage 2/3: joint VLE] [epoch 19/80] train_total=0.010867 val_score=1.208518 best=1.017861 P_MAE=2.0789 kPa y_iso_MAE=0.015702 T_MAE=1.3742 K y_isob_MAE=0.011470 improved=no epoch_time=7.5s total_time=272.0s
[seed 2] [stage 2/3: joint VLE] [epoch 20/80] train_total=0.010221 val_score=0.892954 best=0.892954 P_MAE=1.7612 kPa y_iso_MAE=0.013515 T_MAE=0.7122 K y_isob_MAE=0.009948 improved=yes epoch_time=7.8s total_time=279.8s
[seed 2] [stage 2/3: joint VLE] [epoch 21/80] train_total=0.010293 val_score=1.122227 best=0.892954 P_MAE=2.3529 kPa y_iso_MAE=0.012089 T_MAE=1.0792 K y_isob_MAE=0.013521 improved=no epoch_time=7.2s total_time=287.0s
[seed 2] [stage 2/3: joint VLE] [epoch 22/80] train_total=0.012346 val_score=1.594491 best=0.892954 P_MAE=2.5782 kPa y_iso_MAE=0.016266 T_MAE=1.9280 K y_isob_MAE=0.019432 improved=no epoch_time=7.3s total_time=294.3s
[seed 2] [stage 2/3: joint VLE] [epoch 23/80] train_total=0.011933 val_score=1.040721 best=0.892954 P_MAE=2.4778 kPa y_iso_MAE=0.014076 T_MAE=0.6867 K y_isob_MAE=0.012552 improved=no epoch_time=7.3s total_time=301.6s
[seed 2] [stage 2/3: joint VLE] [epoch 24/80] train_total=0.012537 val_score=1.184802 best=0.892954 P_MAE=1.6200 kPa y_iso_MAE=0.012140 T_MAE=1.4502 K y_isob_MAE=0.016515 improved=no epoch_time=7.2s total_time=308.8s
[seed 2] [stage 2/3: joint VLE] [epoch 25/80] train_total=0.010005 val_score=1.178365 best=0.892954 P_MAE=2.0845 kPa y_iso_MAE=0.015137 T_MAE=1.4461 K y_isob_MAE=0.008978 improved=no epoch_time=7.2s total_time=316.0s
[seed 2] [stage 2/3: joint VLE] [epoch 26/80] train_total=0.013065 val_score=1.042150 best=0.892954 P_MAE=1.9726 kPa y_iso_MAE=0.013663 T_MAE=1.1096 K y_isob_MAE=0.009627 improved=no epoch_time=7.3s total_time=323.3s
[seed 2] [stage 2/3: joint VLE] [epoch 27/80] train_total=0.012137 val_score=1.047457 best=0.892954 P_MAE=2.1218 kPa y_iso_MAE=0.011870 T_MAE=1.0937 K y_isob_MAE=0.011010 improved=no epoch_time=7.3s total_time=330.6s
[seed 2] [stage 2/3: joint VLE] [epoch 28/80] train_total=0.010884 val_score=1.005099 best=0.892954 P_MAE=2.1202 kPa y_iso_MAE=0.012113 T_MAE=0.8224 K y_isob_MAE=0.013170 improved=no epoch_time=7.4s total_time=338.0s
[seed 2] [stage 2/3: joint VLE] [epoch 29/80] train_total=0.011075 val_score=1.108881 best=0.892954 P_MAE=2.5165 kPa y_iso_MAE=0.015381 T_MAE=0.8583 K y_isob_MAE=0.011674 improved=no epoch_time=7.4s total_time=345.5s
[seed 2] [stage 2/3: joint VLE] [epoch 30/80] train_total=0.010469 val_score=1.108659 best=0.892954 P_MAE=2.1073 kPa y_iso_MAE=0.011761 T_MAE=1.0538 K y_isob_MAE=0.015588 improved=no epoch_time=7.4s total_time=352.9s
[seed 2] [stage 2/3: joint VLE] [epoch 31/80] train_total=0.010377 val_score=1.181340 best=0.892954 P_MAE=1.9959 kPa y_iso_MAE=0.011714 T_MAE=1.4396 K y_isob_MAE=0.013864 improved=no epoch_time=7.5s total_time=360.4s
[seed 2] [stage 2/3: joint VLE] [epoch 32/80] train_total=0.010655 val_score=1.292595 best=0.892954 P_MAE=2.1257 kPa y_iso_MAE=0.012563 T_MAE=1.5077 K y_isob_MAE=0.017160 improved=no epoch_time=7.4s total_time=367.8s
{"direct_ge_parameter_summary": {"stage1_trainable_parameters": 1977601, "stage2_trainable_parameters": 2015043, "stage3": {"groups": [{"learning_rate": 2e-05, "name": "pair_potential", "parameter_count": 110977, "parameter_names": ["pair_potential.0.weight", "pair_potential.0.bias", "pair_potential.2.weight", "pair_potential.2.bias"]}, {"learning_rate": 1e-05, "name": "vapor_pressure", "parameter_count": 37442, "parameter_names": ["vapor_pressure.parameter_head.0.weight", "vapor_pressure.parameter_head.0.bias", "vapor_pressure.parameter_head.2.weight", "vapor_pressure.parameter_head.2.bias"]}, {"learning_rate": 5e-06, "name": "film", "parameter_count": 111744, "parameter_names": ["film.0.weight", "film.0.bias", "film.2.weight", "film.2.bias"]}, {"learning_rate": 5e-06, "name": "mixture_token", "parameter_count": 192, "parameter_names": ["mixture_token"]}], "total_parameters": 2015043, "trainable_fraction": 0.1292056794817778, "trainable_parameters": 260355}, "total_parameters": 2015043, "trainable_fraction": 0.1292056794817778, "trainable_parameters": 260355}}
[seed 2] [stage 3/3: fugacity] starting 10 epoch(s)
[seed 2] [stage 3/3: fugacity] [epoch 1/10] train_total=0.008231 val_score=0.832980 best=0.832980 P_MAE=1.6579 kPa y_iso_MAE=0.011594 T_MAE=0.6671 K y_isob_MAE=0.010248 improved=yes epoch_time=7.1s total_time=374.9s
[seed 2] [stage 3/3: fugacity] [epoch 2/10] train_total=0.007529 val_score=0.815075 best=0.815075 P_MAE=1.6896 kPa y_iso_MAE=0.011689 T_MAE=0.6053 K y_isob_MAE=0.009942 improved=yes epoch_time=7.1s total_time=382.1s
[seed 2] [stage 3/3: fugacity] [epoch 3/10] train_total=0.007540 val_score=0.813477 best=0.813477 P_MAE=1.6361 kPa y_iso_MAE=0.011594 T_MAE=0.6365 K y_isob_MAE=0.009832 improved=yes epoch_time=7.3s total_time=389.3s
[seed 2] [stage 3/3: fugacity] [epoch 4/10] train_total=0.007438 val_score=0.829584 best=0.813477 P_MAE=1.6001 kPa y_iso_MAE=0.010803 T_MAE=0.7009 K y_isob_MAE=0.010804 improved=no epoch_time=7.2s total_time=396.5s
[seed 2] [stage 3/3: fugacity] [epoch 5/10] train_total=0.007326 val_score=0.796286 best=0.796286 P_MAE=1.5908 kPa y_iso_MAE=0.011554 T_MAE=0.6091 K y_isob_MAE=0.009735 improved=yes epoch_time=7.3s total_time=403.8s
[seed 2] [stage 3/3: fugacity] [epoch 6/10] train_total=0.007387 val_score=0.784878 best=0.784878 P_MAE=1.5657 kPa y_iso_MAE=0.011109 T_MAE=0.5783 K y_isob_MAE=0.010330 improved=yes epoch_time=7.3s total_time=411.0s
[seed 2] [stage 3/3: fugacity] [epoch 7/10] train_total=0.007268 val_score=0.788395 best=0.784878 P_MAE=1.6236 kPa y_iso_MAE=0.011559 T_MAE=0.5849 K y_isob_MAE=0.009431 improved=no epoch_time=7.3s total_time=418.4s
[seed 2] [stage 3/3: fugacity] [epoch 8/10] train_total=0.007174 val_score=0.785603 best=0.784878 P_MAE=1.5615 kPa y_iso_MAE=0.011629 T_MAE=0.5815 K y_isob_MAE=0.009763 improved=no epoch_time=7.2s total_time=425.5s
[seed 2] [stage 3/3: fugacity] [epoch 9/10] train_total=0.007411 val_score=0.773029 best=0.773029 P_MAE=1.5912 kPa y_iso_MAE=0.011286 T_MAE=0.5465 K y_isob_MAE=0.009797 improved=yes epoch_time=7.2s total_time=432.7s
[seed 2] [stage 3/3: fugacity] [epoch 10/10] train_total=0.007148 val_score=0.771531 best=0.771531 P_MAE=1.5456 kPa y_iso_MAE=0.011428 T_MAE=0.5586 K y_isob_MAE=0.009706 improved=yes epoch_time=7.1s total_time=439.8s
{"protocol": "vle_binary_state_pressure_low_extrapolation", "seed": 2, "manifest": "D:\\VLE\\VLE\\thermoformer_project\\runs\\phase_equilibrium\\v1\\vle\\three\\results\\thermoformer_vle_three_stage.on.vle_binary_state_pressure_low_extrapolation\\seed_2\\manifest.json"}
[stage experimental] starting 80 epoch(s)
[stage experimental] [epoch 1/80] train_total=0.982602 val_total=0.090672 best=0.090672 improved=yes epoch_time=1.6s total_time=1.6s
[stage experimental] [epoch 2/80] train_total=0.104536 val_total=0.041532 best=0.041532 improved=yes epoch_time=1.5s total_time=3.2s
[stage experimental] [epoch 3/80] train_total=0.065562 val_total=0.030228 best=0.030228 improved=yes epoch_time=1.6s total_time=4.8s
[stage experimental] [epoch 4/80] train_total=0.057887 val_total=0.051948 best=0.030228 improved=no epoch_time=1.6s total_time=6.4s
[stage experimental] [epoch 5/80] train_total=0.061708 val_total=0.042005 best=0.030228 improved=no epoch_time=1.6s total_time=7.9s
[stage experimental] [epoch 6/80] train_total=0.052103 val_total=0.053471 best=0.030228 improved=no epoch_time=1.5s total_time=9.4s
[stage experimental] [epoch 7/80] train_total=0.063508 val_total=0.034522 best=0.030228 improved=no epoch_time=1.5s total_time=10.9s
[stage experimental] [epoch 8/80] train_total=0.045380 val_total=0.024458 best=0.024458 improved=yes epoch_time=1.6s total_time=12.5s
[stage experimental] [epoch 9/80] train_total=0.043189 val_total=0.023204 best=0.023204 improved=yes epoch_time=1.6s total_time=14.0s
[stage experimental] [epoch 10/80] train_total=0.041761 val_total=0.021717 best=0.021717 improved=yes epoch_time=1.5s total_time=15.6s
[stage experimental] [epoch 11/80] train_total=0.039169 val_total=0.023568 best=0.021717 improved=no epoch_time=1.2s total_time=16.8s
[stage experimental] [epoch 12/80] train_total=0.037825 val_total=0.026810 best=0.021717 improved=no epoch_time=1.3s total_time=18.1s
[stage experimental] [epoch 13/80] train_total=0.045030 val_total=0.023749 best=0.021717 improved=no epoch_time=1.5s total_time=19.6s
[stage experimental] [epoch 14/80] train_total=0.039573 val_total=0.019331 best=0.019331 improved=yes epoch_time=1.6s total_time=21.2s
[stage experimental] [epoch 15/80] train_total=0.035117 val_total=0.019689 best=0.019331 improved=no epoch_time=1.6s total_time=22.8s
[stage experimental] [epoch 16/80] train_total=0.033523 val_total=0.017269 best=0.017269 improved=yes epoch_time=1.5s total_time=24.2s
[stage experimental] [epoch 17/80] train_total=0.032012 val_total=0.016287 best=0.016287 improved=yes epoch_time=1.6s total_time=25.8s
[stage experimental] [epoch 18/80] train_total=0.031258 val_total=0.016736 best=0.016287 improved=no epoch_time=1.7s total_time=27.5s
[stage experimental] [epoch 19/80] train_total=0.029086 val_total=0.016044 best=0.016044 improved=yes epoch_time=1.6s total_time=29.1s
[stage experimental] [epoch 20/80] train_total=0.026660 val_total=0.020266 best=0.016044 improved=no epoch_time=1.5s total_time=30.5s
[stage experimental] [epoch 21/80] train_total=0.031628 val_total=0.019048 best=0.016044 improved=no epoch_time=1.6s total_time=32.1s
[stage experimental] [epoch 22/80] train_total=0.029124 val_total=0.025924 best=0.016044 improved=no epoch_time=1.6s total_time=33.7s
[stage experimental] [epoch 23/80] train_total=0.026973 val_total=0.014327 best=0.014327 improved=yes epoch_time=1.6s total_time=35.3s
[stage experimental] [epoch 24/80] train_total=0.028919 val_total=0.016444 best=0.014327 improved=no epoch_time=1.5s total_time=36.8s
[stage experimental] [epoch 25/80] train_total=0.026496 val_total=0.010749 best=0.010749 improved=yes epoch_time=1.6s total_time=38.3s
[stage experimental] [epoch 26/80] train_total=0.023478 val_total=0.011252 best=0.010749 improved=no epoch_time=1.5s total_time=39.8s
[stage experimental] [epoch 27/80] train_total=0.025058 val_total=0.015751 best=0.010749 improved=no epoch_time=1.6s total_time=41.4s
[stage experimental] [epoch 28/80] train_total=0.021156 val_total=0.018446 best=0.010749 improved=no epoch_time=1.5s total_time=42.9s
[stage experimental] [epoch 29/80] train_total=0.019601 val_total=0.006408 best=0.006408 improved=yes epoch_time=1.6s total_time=44.5s
[stage experimental] [epoch 30/80] train_total=0.018650 val_total=0.007193 best=0.006408 improved=no epoch_time=1.7s total_time=46.2s
[stage experimental] [epoch 31/80] train_total=0.018352 val_total=0.006104 best=0.006104 improved=yes epoch_time=1.6s total_time=47.7s
[stage experimental] [epoch 32/80] train_total=0.017698 val_total=0.009765 best=0.006104 improved=no epoch_time=1.5s total_time=49.2s
[stage experimental] [epoch 33/80] train_total=0.018171 val_total=0.006971 best=0.006104 improved=no epoch_time=1.6s total_time=50.8s
[stage experimental] [epoch 34/80] train_total=0.016371 val_total=0.011576 best=0.006104 improved=no epoch_time=1.6s total_time=52.4s
[stage experimental] [epoch 35/80] train_total=0.018998 val_total=0.006830 best=0.006104 improved=no epoch_time=1.6s total_time=54.0s
[stage experimental] [epoch 36/80] train_total=0.014738 val_total=0.010955 best=0.006104 improved=no epoch_time=1.5s total_time=55.5s
[stage experimental] [epoch 37/80] train_total=0.014629 val_total=0.006195 best=0.006104 improved=no epoch_time=1.8s total_time=57.2s
[stage experimental] [epoch 38/80] train_total=0.015934 val_total=0.007666 best=0.006104 improved=no epoch_time=1.6s total_time=58.9s
[stage experimental] [epoch 39/80] train_total=0.012911 val_total=0.016037 best=0.006104 improved=no epoch_time=1.6s total_time=60.4s
[stage experimental] [epoch 40/80] train_total=0.017414 val_total=0.005918 best=0.005918 improved=yes epoch_time=1.6s total_time=62.0s
[stage experimental] [epoch 41/80] train_total=0.014039 val_total=0.005487 best=0.005487 improved=yes epoch_time=1.6s total_time=63.6s
[stage experimental] [epoch 42/80] train_total=0.011772 val_total=0.009753 best=0.005487 improved=no epoch_time=1.6s total_time=65.3s
[stage experimental] [epoch 43/80] train_total=0.012744 val_total=0.004796 best=0.004796 improved=yes epoch_time=1.6s total_time=66.8s
[stage experimental] [epoch 44/80] train_total=0.012612 val_total=0.006573 best=0.004796 improved=no epoch_time=1.6s total_time=68.4s
[stage experimental] [epoch 45/80] train_total=0.012363 val_total=0.004463 best=0.004463 improved=yes epoch_time=1.6s total_time=70.0s
[stage experimental] [epoch 46/80] train_total=0.016730 val_total=0.004611 best=0.004463 improved=no epoch_time=1.6s total_time=71.5s
[stage experimental] [epoch 47/80] train_total=0.013939 val_total=0.008636 best=0.004463 improved=no epoch_time=1.6s total_time=73.1s
[stage experimental] [epoch 48/80] train_total=0.013106 val_total=0.003213 best=0.003213 improved=yes epoch_time=1.6s total_time=74.7s
[stage experimental] [epoch 49/80] train_total=0.010988 val_total=0.004011 best=0.003213 improved=no epoch_time=1.6s total_time=76.3s
[stage experimental] [epoch 50/80] train_total=0.010497 val_total=0.010688 best=0.003213 improved=no epoch_time=1.6s total_time=77.9s
[stage experimental] [epoch 51/80] train_total=0.010984 val_total=0.004769 best=0.003213 improved=no epoch_time=1.6s total_time=79.5s
[stage experimental] [epoch 52/80] train_total=0.009194 val_total=0.002847 best=0.002847 improved=yes epoch_time=1.6s total_time=81.0s
[stage experimental] [epoch 53/80] train_total=0.012110 val_total=0.004227 best=0.002847 improved=no epoch_time=1.6s total_time=82.7s
[stage experimental] [epoch 54/80] train_total=0.010513 val_total=0.003807 best=0.002847 improved=no epoch_time=1.7s total_time=84.4s
[stage experimental] [epoch 55/80] train_total=0.009763 val_total=0.004416 best=0.002847 improved=no epoch_time=1.5s total_time=85.9s
[stage experimental] [epoch 56/80] train_total=0.010066 val_total=0.010217 best=0.002847 improved=no epoch_time=1.6s total_time=87.5s
[stage experimental] [epoch 57/80] train_total=0.011110 val_total=0.008631 best=0.002847 improved=no epoch_time=1.7s total_time=89.2s
[stage experimental] [epoch 58/80] train_total=0.012681 val_total=0.005051 best=0.002847 improved=no epoch_time=1.6s total_time=90.8s
[stage experimental] [epoch 59/80] train_total=0.011760 val_total=0.003831 best=0.002847 improved=no epoch_time=1.5s total_time=92.2s
[stage experimental] [epoch 60/80] train_total=0.011378 val_total=0.008755 best=0.002847 improved=no epoch_time=1.6s total_time=93.9s
[stage experimental] [epoch 61/80] train_total=0.009704 val_total=0.008086 best=0.002847 improved=no epoch_time=1.7s total_time=95.6s
[stage experimental] [epoch 62/80] train_total=0.012443 val_total=0.005970 best=0.002847 improved=no epoch_time=1.7s total_time=97.3s
[stage experimental] [epoch 63/80] train_total=0.010088 val_total=0.004603 best=0.002847 improved=no epoch_time=1.5s total_time=98.8s
[stage experimental] [epoch 64/80] train_total=0.012027 val_total=0.040007 best=0.002847 improved=no epoch_time=1.7s total_time=100.5s
[stage experimental] early stopping at epoch 64; best_validation=0.002847
[seed 3] [stage 1/3: direct GE] starting 20 epoch(s)
[seed 3] [stage 1/3: direct GE] [epoch 1/20] train_total=0.004475 val_score=1.612890 best=1.612890 P_MAE=2.3521 kPa y_iso_MAE=0.014760 T_MAE=2.0203 K y_isob_MAE=0.019439 improved=yes epoch_time=6.1s total_time=10.9s
[seed 3] [stage 1/3: direct GE] [epoch 2/20] train_total=0.003746 val_score=1.787767 best=1.612890 P_MAE=2.6813 kPa y_iso_MAE=0.016405 T_MAE=2.2502 K y_isob_MAE=0.020878 improved=no epoch_time=6.2s total_time=17.1s
[seed 3] [stage 1/3: direct GE] [epoch 3/20] train_total=0.003576 val_score=1.856830 best=1.612890 P_MAE=2.6939 kPa y_iso_MAE=0.018141 T_MAE=2.4241 K y_isob_MAE=0.019286 improved=no epoch_time=6.1s total_time=23.2s
[seed 3] [stage 1/3: direct GE] [epoch 4/20] train_total=0.003577 val_score=2.025290 best=1.612890 P_MAE=2.3578 kPa y_iso_MAE=0.015099 T_MAE=3.0887 K y_isob_MAE=0.019699 improved=no epoch_time=6.0s total_time=29.2s
[seed 3] [stage 1/3: direct GE] [epoch 5/20] train_total=0.003544 val_score=1.706286 best=1.612890 P_MAE=2.3540 kPa y_iso_MAE=0.015862 T_MAE=2.2190 K y_isob_MAE=0.019362 improved=no epoch_time=6.1s total_time=35.3s
[seed 3] [stage 1/3: direct GE] [epoch 6/20] train_total=0.003503 val_score=1.873952 best=1.612890 P_MAE=2.3397 kPa y_iso_MAE=0.017892 T_MAE=2.5399 K y_isob_MAE=0.020003 improved=no epoch_time=6.2s total_time=41.5s
[seed 3] [stage 1/3: direct GE] [epoch 7/20] train_total=0.003472 val_score=2.068214 best=1.612890 P_MAE=2.5754 kPa y_iso_MAE=0.016839 T_MAE=2.9723 K y_isob_MAE=0.021536 improved=no epoch_time=6.2s total_time=47.7s
[seed 3] [stage 1/3: direct GE] [epoch 8/20] train_total=0.003351 val_score=2.244571 best=1.612890 P_MAE=2.5766 kPa y_iso_MAE=0.015108 T_MAE=3.4962 K y_isob_MAE=0.022148 improved=no epoch_time=7.0s total_time=54.7s
[seed 3] [stage 1/3: direct GE] [epoch 9/20] train_total=0.003295 val_score=2.628932 best=1.612890 P_MAE=2.9793 kPa y_iso_MAE=0.017410 T_MAE=4.4127 K y_isob_MAE=0.019897 improved=no epoch_time=7.0s total_time=61.7s
[seed 3] [stage 1/3: direct GE] [epoch 10/20] train_total=0.003439 val_score=1.757282 best=1.612890 P_MAE=2.7143 kPa y_iso_MAE=0.020439 T_MAE=2.2666 K y_isob_MAE=0.014668 improved=no epoch_time=6.7s total_time=68.4s
[seed 3] [stage 1/3: direct GE] [epoch 11/20] train_total=0.003289 val_score=2.225567 best=1.612890 P_MAE=2.4438 kPa y_iso_MAE=0.016502 T_MAE=3.4257 K y_isob_MAE=0.021882 improved=no epoch_time=6.8s total_time=75.2s
[seed 3] [stage 1/3: direct GE] [epoch 12/20] train_total=0.003223 val_score=2.254970 best=1.612890 P_MAE=2.5212 kPa y_iso_MAE=0.013507 T_MAE=3.5745 K y_isob_MAE=0.023004 improved=no epoch_time=6.6s total_time=81.9s
[seed 3] [stage 1/3: direct GE] [epoch 13/20] train_total=0.003281 val_score=2.377395 best=1.612890 P_MAE=2.4635 kPa y_iso_MAE=0.014853 T_MAE=3.8339 K y_isob_MAE=0.023348 improved=no epoch_time=6.4s total_time=88.3s
[seed 3] [stage 1/3: direct GE] [epoch 14/20] train_total=0.003158 val_score=2.462001 best=1.612890 P_MAE=2.1340 kPa y_iso_MAE=0.016348 T_MAE=3.9848 K y_isob_MAE=0.025169 improved=no epoch_time=6.2s total_time=94.5s
[seed 3] [stage 1/3: direct GE] [epoch 15/20] train_total=0.003195 val_score=2.433649 best=1.612890 P_MAE=2.5657 kPa y_iso_MAE=0.020424 T_MAE=3.9904 K y_isob_MAE=0.017105 improved=no epoch_time=6.6s total_time=101.1s
[seed 3] [stage 1/3: direct GE] [epoch 16/20] train_total=0.003064 val_score=2.487646 best=1.612890 P_MAE=2.8439 kPa y_iso_MAE=0.016145 T_MAE=3.9028 K y_isob_MAE=0.024631 improved=no epoch_time=6.2s total_time=107.2s
[seed 3] [stage 1/3: direct GE] [epoch 17/20] train_total=0.003129 val_score=2.577593 best=1.612890 P_MAE=2.8783 kPa y_iso_MAE=0.020274 T_MAE=4.1628 K y_isob_MAE=0.019910 improved=no epoch_time=6.8s total_time=114.0s
[seed 3] [stage 1/3: direct GE] [epoch 18/20] train_total=0.003151 val_score=2.996710 best=1.612890 P_MAE=2.5589 kPa y_iso_MAE=0.017601 T_MAE=5.1040 K y_isob_MAE=0.027916 improved=no epoch_time=6.2s total_time=120.2s
[seed 3] [stage 1/3: direct GE] [epoch 19/20] train_total=0.003097 val_score=2.835090 best=1.612890 P_MAE=2.8764 kPa y_iso_MAE=0.020238 T_MAE=4.8061 K y_isob_MAE=0.020839 improved=no epoch_time=6.4s total_time=126.6s
[seed 3] [stage 1/3: direct GE] [epoch 20/20] train_total=0.003103 val_score=2.929687 best=1.612890 P_MAE=2.4192 kPa y_iso_MAE=0.018071 T_MAE=5.1883 K y_isob_MAE=0.022794 improved=no epoch_time=6.2s total_time=132.8s
[seed 3] [stage 2/3: joint VLE] starting 80 epoch(s)
[seed 3] [stage 2/3: joint VLE] [epoch 1/80] train_total=0.020713 val_score=1.445965 best=1.445965 P_MAE=2.3060 kPa y_iso_MAE=0.015067 T_MAE=1.5633 K y_isob_MAE=0.019629 improved=yes epoch_time=7.2s total_time=140.0s
[seed 3] [stage 2/3: joint VLE] [epoch 2/80] train_total=0.016974 val_score=1.737138 best=1.445965 P_MAE=2.6102 kPa y_iso_MAE=0.014418 T_MAE=2.2340 K y_isob_MAE=0.020800 improved=no epoch_time=7.2s total_time=147.2s
[seed 3] [stage 2/3: joint VLE] [epoch 3/80] train_total=0.018605 val_score=1.178553 best=1.178553 P_MAE=2.9695 kPa y_iso_MAE=0.016406 T_MAE=0.8481 K y_isob_MAE=0.014766 improved=yes epoch_time=7.2s total_time=154.3s
[seed 3] [stage 2/3: joint VLE] [epoch 4/80] train_total=0.015746 val_score=1.454087 best=1.178553 P_MAE=2.6765 kPa y_iso_MAE=0.013016 T_MAE=1.6399 K y_isob_MAE=0.018546 improved=no epoch_time=7.3s total_time=161.6s
[seed 3] [stage 2/3: joint VLE] [epoch 5/80] train_total=0.014575 val_score=0.987460 best=0.987460 P_MAE=2.0678 kPa y_iso_MAE=0.012511 T_MAE=0.8992 K y_isob_MAE=0.011993 improved=yes epoch_time=7.3s total_time=168.9s
[seed 3] [stage 2/3: joint VLE] [epoch 6/80] train_total=0.013583 val_score=1.269061 best=0.987460 P_MAE=2.6799 kPa y_iso_MAE=0.013793 T_MAE=1.2893 K y_isob_MAE=0.014822 improved=no epoch_time=7.3s total_time=176.1s
[seed 3] [stage 2/3: joint VLE] [epoch 7/80] train_total=0.014028 val_score=1.391925 best=0.987460 P_MAE=3.0715 kPa y_iso_MAE=0.012227 T_MAE=1.3795 K y_isob_MAE=0.019150 improved=no epoch_time=7.3s total_time=183.5s
[seed 3] [stage 2/3: joint VLE] [epoch 8/80] train_total=0.015138 val_score=1.256614 best=0.987460 P_MAE=2.6087 kPa y_iso_MAE=0.013379 T_MAE=1.3235 K y_isob_MAE=0.014233 improved=no epoch_time=7.3s total_time=190.8s
[seed 3] [stage 2/3: joint VLE] [epoch 9/80] train_total=0.014015 val_score=1.204942 best=0.987460 P_MAE=2.6167 kPa y_iso_MAE=0.012822 T_MAE=1.0559 K y_isob_MAE=0.017416 improved=no epoch_time=7.3s total_time=198.1s
[seed 3] [stage 2/3: joint VLE] [epoch 10/80] train_total=0.019314 val_score=1.078936 best=0.987460 P_MAE=2.7137 kPa y_iso_MAE=0.015154 T_MAE=0.8135 K y_isob_MAE=0.012648 improved=no epoch_time=7.3s total_time=205.4s
[seed 3] [stage 2/3: joint VLE] [epoch 11/80] train_total=0.013589 val_score=0.926461 best=0.926461 P_MAE=2.2164 kPa y_iso_MAE=0.010454 T_MAE=0.7627 K y_isob_MAE=0.012705 improved=yes epoch_time=7.2s total_time=212.6s
[seed 3] [stage 2/3: joint VLE] [epoch 12/80] train_total=0.013648 val_score=1.253174 best=0.926461 P_MAE=2.4940 kPa y_iso_MAE=0.013912 T_MAE=1.3154 K y_isob_MAE=0.014298 improved=no epoch_time=7.3s total_time=219.9s
[seed 3] [stage 2/3: joint VLE] [epoch 13/80] train_total=0.014154 val_score=1.236731 best=0.926461 P_MAE=2.4361 kPa y_iso_MAE=0.015866 T_MAE=1.3144 K y_isob_MAE=0.011783 improved=no epoch_time=7.4s total_time=227.2s
[seed 3] [stage 2/3: joint VLE] [epoch 14/80] train_total=0.016317 val_score=1.216381 best=0.926461 P_MAE=3.1850 kPa y_iso_MAE=0.015589 T_MAE=1.1019 K y_isob_MAE=0.011272 improved=no epoch_time=7.4s total_time=234.6s
[seed 3] [stage 2/3: joint VLE] [epoch 15/80] train_total=0.014573 val_score=1.235212 best=0.926461 P_MAE=2.3702 kPa y_iso_MAE=0.013812 T_MAE=1.2017 K y_isob_MAE=0.016421 improved=no epoch_time=7.3s total_time=241.9s
[seed 3] [stage 2/3: joint VLE] [epoch 16/80] train_total=0.012521 val_score=1.204896 best=0.926461 P_MAE=2.4658 kPa y_iso_MAE=0.015039 T_MAE=1.3538 K y_isob_MAE=0.009891 improved=no epoch_time=7.2s total_time=249.1s
[seed 3] [stage 2/3: joint VLE] [epoch 17/80] train_total=0.012163 val_score=1.341896 best=0.926461 P_MAE=2.6234 kPa y_iso_MAE=0.012255 T_MAE=1.5954 K y_isob_MAE=0.014356 improved=no epoch_time=7.2s total_time=256.2s
[seed 3] [stage 2/3: joint VLE] [epoch 18/80] train_total=0.014168 val_score=1.152932 best=0.926461 P_MAE=3.3222 kPa y_iso_MAE=0.014994 T_MAE=0.8854 K y_isob_MAE=0.012100 improved=no epoch_time=7.3s total_time=263.5s
[seed 3] [stage 2/3: joint VLE] [epoch 19/80] train_total=0.013220 val_score=1.151651 best=0.926461 P_MAE=2.6619 kPa y_iso_MAE=0.016598 T_MAE=0.9843 K y_isob_MAE=0.011958 improved=no epoch_time=7.3s total_time=270.9s
[seed 3] [stage 2/3: joint VLE] [epoch 20/80] train_total=0.012437 val_score=1.380268 best=0.926461 P_MAE=2.5227 kPa y_iso_MAE=0.015749 T_MAE=1.7461 K y_isob_MAE=0.010419 improved=no epoch_time=7.1s total_time=278.0s
[seed 3] [stage 2/3: joint VLE] [epoch 21/80] train_total=0.012442 val_score=1.224683 best=0.926461 P_MAE=2.5666 kPa y_iso_MAE=0.012235 T_MAE=1.3509 K y_isob_MAE=0.013287 improved=no epoch_time=7.3s total_time=285.3s
[seed 3] [stage 2/3: joint VLE] [epoch 22/80] train_total=0.012182 val_score=1.367398 best=0.926461 P_MAE=2.3450 kPa y_iso_MAE=0.014431 T_MAE=1.6228 K y_isob_MAE=0.014523 improved=no epoch_time=7.2s total_time=292.6s
[seed 3] [stage 2/3: joint VLE] [epoch 23/80] train_total=0.013018 val_score=0.924450 best=0.924450 P_MAE=2.2151 kPa y_iso_MAE=0.012342 T_MAE=0.7321 K y_isob_MAE=0.011349 improved=yes epoch_time=7.3s total_time=299.9s
[seed 3] [stage 2/3: joint VLE] [epoch 24/80] train_total=0.011938 val_score=1.424649 best=0.924450 P_MAE=2.3448 kPa y_iso_MAE=0.014092 T_MAE=1.7887 K y_isob_MAE=0.014590 improved=no epoch_time=7.3s total_time=307.2s
[seed 3] [stage 2/3: joint VLE] [epoch 25/80] train_total=0.013384 val_score=1.072218 best=0.924450 P_MAE=2.5400 kPa y_iso_MAE=0.014093 T_MAE=0.8826 K y_isob_MAE=0.012852 improved=no epoch_time=7.7s total_time=314.9s
[seed 3] [stage 2/3: joint VLE] [epoch 26/80] train_total=0.017165 val_score=1.367724 best=0.924450 P_MAE=2.3294 kPa y_iso_MAE=0.013283 T_MAE=1.5559 K y_isob_MAE=0.017146 improved=no epoch_time=7.3s total_time=322.2s
[seed 3] [stage 2/3: joint VLE] [epoch 27/80] train_total=0.014874 val_score=1.247934 best=0.924450 P_MAE=2.3244 kPa y_iso_MAE=0.012927 T_MAE=1.3964 K y_isob_MAE=0.014242 improved=no epoch_time=7.5s total_time=329.7s
[seed 3] [stage 2/3: joint VLE] [epoch 28/80] train_total=0.011272 val_score=1.185545 best=0.924450 P_MAE=2.3937 kPa y_iso_MAE=0.012912 T_MAE=1.2839 K y_isob_MAE=0.012779 improved=no epoch_time=7.5s total_time=337.2s
[seed 3] [stage 2/3: joint VLE] [epoch 29/80] train_total=0.012222 val_score=1.748775 best=0.924450 P_MAE=2.2990 kPa y_iso_MAE=0.015907 T_MAE=2.1417 K y_isob_MAE=0.023531 improved=no epoch_time=7.4s total_time=344.6s
[seed 3] [stage 2/3: joint VLE] [epoch 30/80] train_total=0.011707 val_score=1.085781 best=0.924450 P_MAE=2.5916 kPa y_iso_MAE=0.014026 T_MAE=0.7796 K y_isob_MAE=0.015502 improved=no epoch_time=7.4s total_time=352.0s
[seed 3] [stage 2/3: joint VLE] [epoch 31/80] train_total=0.010823 val_score=0.952881 best=0.924450 P_MAE=2.2592 kPa y_iso_MAE=0.013353 T_MAE=0.7910 K y_isob_MAE=0.010450 improved=no epoch_time=7.4s total_time=359.4s
[seed 3] [stage 2/3: joint VLE] [epoch 32/80] train_total=0.010279 val_score=0.947970 best=0.924450 P_MAE=1.9691 kPa y_iso_MAE=0.012042 T_MAE=0.8445 K y_isob_MAE=0.011952 improved=no epoch_time=7.4s total_time=366.8s
[seed 3] [stage 2/3: joint VLE] [epoch 33/80] train_total=0.013382 val_score=1.207971 best=0.924450 P_MAE=2.1641 kPa y_iso_MAE=0.015849 T_MAE=1.3488 K y_isob_MAE=0.010984 improved=no epoch_time=7.3s total_time=374.1s
[seed 3] [stage 2/3: joint VLE] [epoch 34/80] train_total=0.012140 val_score=1.057349 best=0.924450 P_MAE=1.9156 kPa y_iso_MAE=0.013134 T_MAE=1.0635 K y_isob_MAE=0.012643 improved=no epoch_time=7.2s total_time=381.3s
[seed 3] [stage 2/3: joint VLE] [epoch 35/80] train_total=0.010895 val_score=1.056653 best=0.924450 P_MAE=2.4322 kPa y_iso_MAE=0.014153 T_MAE=0.8393 K y_isob_MAE=0.013412 improved=no epoch_time=7.3s total_time=388.6s
{"direct_ge_parameter_summary": {"stage1_trainable_parameters": 1977601, "stage2_trainable_parameters": 2015043, "stage3": {"groups": [{"learning_rate": 2e-05, "name": "pair_potential", "parameter_count": 110977, "parameter_names": ["pair_potential.0.weight", "pair_potential.0.bias", "pair_potential.2.weight", "pair_potential.2.bias"]}, {"learning_rate": 1e-05, "name": "vapor_pressure", "parameter_count": 37442, "parameter_names": ["vapor_pressure.parameter_head.0.weight", "vapor_pressure.parameter_head.0.bias", "vapor_pressure.parameter_head.2.weight", "vapor_pressure.parameter_head.2.bias"]}, {"learning_rate": 5e-06, "name": "film", "parameter_count": 111744, "parameter_names": ["film.0.weight", "film.0.bias", "film.2.weight", "film.2.bias"]}, {"learning_rate": 5e-06, "name": "mixture_token", "parameter_count": 192, "parameter_names": ["mixture_token"]}], "total_parameters": 2015043, "trainable_fraction": 0.1292056794817778, "trainable_parameters": 260355}, "total_parameters": 2015043, "trainable_fraction": 0.1292056794817778, "trainable_parameters": 260355}}
[seed 3] [stage 3/3: fugacity] starting 10 epoch(s)
[seed 3] [stage 3/3: fugacity] [epoch 1/10] train_total=0.010198 val_score=0.926766 best=0.926766 P_MAE=2.1403 kPa y_iso_MAE=0.011704 T_MAE=0.7474 K y_isob_MAE=0.012202 improved=yes epoch_time=7.5s total_time=396.2s
[seed 3] [stage 3/3: fugacity] [epoch 2/10] train_total=0.009445 val_score=0.919516 best=0.919516 P_MAE=2.1414 kPa y_iso_MAE=0.012122 T_MAE=0.7268 K y_isob_MAE=0.011805 improved=yes epoch_time=7.8s total_time=404.0s
[seed 3] [stage 3/3: fugacity] [epoch 3/10] train_total=0.009211 val_score=0.950982 best=0.919516 P_MAE=2.1003 kPa y_iso_MAE=0.011667 T_MAE=0.8185 K y_isob_MAE=0.012319 improved=no epoch_time=7.2s total_time=411.1s
[seed 3] [stage 3/3: fugacity] [epoch 4/10] train_total=0.009152 val_score=0.893516 best=0.893516 P_MAE=2.1271 kPa y_iso_MAE=0.012185 T_MAE=0.6644 K y_isob_MAE=0.011677 improved=yes epoch_time=7.3s total_time=418.5s
[seed 3] [stage 3/3: fugacity] [epoch 5/10] train_total=0.008856 val_score=0.896977 best=0.893516 P_MAE=2.0415 kPa y_iso_MAE=0.012018 T_MAE=0.6872 K y_isob_MAE=0.012026 improved=no epoch_time=7.2s total_time=425.6s
[seed 3] [stage 3/3: fugacity] [epoch 6/10] train_total=0.008713 val_score=0.907450 best=0.893516 P_MAE=2.0424 kPa y_iso_MAE=0.012406 T_MAE=0.7081 K y_isob_MAE=0.011779 improved=no epoch_time=7.3s total_time=432.9s
[seed 3] [stage 3/3: fugacity] [epoch 7/10] train_total=0.008586 val_score=0.908335 best=0.893516 P_MAE=2.0722 kPa y_iso_MAE=0.012469 T_MAE=0.7140 K y_isob_MAE=0.011482 improved=no epoch_time=7.2s total_time=440.1s
[seed 3] [stage 3/3: fugacity] [epoch 8/10] train_total=0.008473 val_score=0.895761 best=0.893516 P_MAE=1.9848 kPa y_iso_MAE=0.012332 T_MAE=0.7076 K y_isob_MAE=0.011534 improved=no epoch_time=7.1s total_time=447.2s
[seed 3] [stage 3/3: fugacity] [epoch 9/10] train_total=0.008499 val_score=0.913892 best=0.893516 P_MAE=1.9916 kPa y_iso_MAE=0.012173 T_MAE=0.7347 K y_isob_MAE=0.012091 improved=no epoch_time=7.3s total_time=454.6s
[seed 3] [stage 3/3: fugacity] [epoch 10/10] train_total=0.008413 val_score=0.919514 best=0.893516 P_MAE=2.0252 kPa y_iso_MAE=0.012643 T_MAE=0.7463 K y_isob_MAE=0.011510 improved=no epoch_time=7.4s total_time=462.0s
{"protocol": "vle_binary_state_pressure_low_extrapolation", "seed": 3, "manifest": "D:\\VLE\\VLE\\thermoformer_project\\runs\\phase_equilibrium\\v1\\vle\\three\\results\\thermoformer_vle_three_stage.on.vle_binary_state_pressure_low_extrapolation\\seed_3\\manifest.json"}
[stage experimental] starting 80 epoch(s)
[stage experimental] [epoch 1/80] train_total=0.750672 val_total=0.087228 best=0.087228 improved=yes epoch_time=1.6s total_time=1.6s
[stage experimental] [epoch 2/80] train_total=0.105449 val_total=0.050671 best=0.050671 improved=yes epoch_time=1.6s total_time=3.2s
[stage experimental] [epoch 3/80] train_total=0.077950 val_total=0.040974 best=0.040974 improved=yes epoch_time=1.6s total_time=4.8s
[stage experimental] [epoch 4/80] train_total=0.054538 val_total=0.041469 best=0.040974 improved=no epoch_time=1.5s total_time=6.3s
[stage experimental] [epoch 5/80] train_total=0.050163 val_total=0.025494 best=0.025494 improved=yes epoch_time=1.7s total_time=8.0s
[stage experimental] [epoch 6/80] train_total=0.046728 val_total=0.037156 best=0.025494 improved=no epoch_time=1.7s total_time=9.7s
[stage experimental] [epoch 7/80] train_total=0.045713 val_total=0.025203 best=0.025203 improved=yes epoch_time=1.7s total_time=11.4s
[stage experimental] [epoch 8/80] train_total=0.046272 val_total=0.020098 best=0.020098 improved=yes epoch_time=1.6s total_time=13.0s
[stage experimental] [epoch 9/80] train_total=0.048852 val_total=0.035684 best=0.020098 improved=no epoch_time=1.6s total_time=14.7s
[stage experimental] [epoch 10/80] train_total=0.044214 val_total=0.023553 best=0.020098 improved=no epoch_time=1.6s total_time=16.2s
[stage experimental] [epoch 11/80] train_total=0.039227 val_total=0.034252 best=0.020098 improved=no epoch_time=1.5s total_time=17.8s
[stage experimental] [epoch 12/80] train_total=0.034973 val_total=0.019229 best=0.019229 improved=yes epoch_time=1.6s total_time=19.4s
[stage experimental] [epoch 13/80] train_total=0.037930 val_total=0.015316 best=0.015316 improved=yes epoch_time=1.6s total_time=21.0s
[stage experimental] [epoch 14/80] train_total=0.036561 val_total=0.015472 best=0.015316 improved=no epoch_time=1.6s total_time=22.6s
[stage experimental] [epoch 15/80] train_total=0.034641 val_total=0.019758 best=0.015316 improved=no epoch_time=1.6s total_time=24.2s
[stage experimental] [epoch 16/80] train_total=0.031274 val_total=0.019969 best=0.015316 improved=no epoch_time=1.6s total_time=25.8s
[stage experimental] [epoch 17/80] train_total=0.032943 val_total=0.016882 best=0.015316 improved=no epoch_time=1.6s total_time=27.4s
[stage experimental] [epoch 18/80] train_total=0.030311 val_total=0.033853 best=0.015316 improved=no epoch_time=1.6s total_time=29.0s
[stage experimental] [epoch 19/80] train_total=0.034353 val_total=0.018580 best=0.015316 improved=no epoch_time=1.6s total_time=30.6s
[stage experimental] [epoch 20/80] train_total=0.032534 val_total=0.015356 best=0.015316 improved=no epoch_time=1.6s total_time=32.2s
[stage experimental] [epoch 21/80] train_total=0.028029 val_total=0.014547 best=0.014547 improved=yes epoch_time=1.6s total_time=33.8s
[stage experimental] [epoch 22/80] train_total=0.025996 val_total=0.014868 best=0.014547 improved=no epoch_time=1.6s total_time=35.4s
[stage experimental] [epoch 23/80] train_total=0.025585 val_total=0.012352 best=0.012352 improved=yes epoch_time=1.6s total_time=36.9s
[stage experimental] [epoch 24/80] train_total=0.027179 val_total=0.013384 best=0.012352 improved=no epoch_time=1.6s total_time=38.5s
[stage experimental] [epoch 25/80] train_total=0.025932 val_total=0.014976 best=0.012352 improved=no epoch_time=1.5s total_time=40.0s
[stage experimental] [epoch 26/80] train_total=0.030446 val_total=0.009646 best=0.009646 improved=yes epoch_time=1.6s total_time=41.6s
[stage experimental] [epoch 27/80] train_total=0.024584 val_total=0.010153 best=0.009646 improved=no epoch_time=1.7s total_time=43.3s
[stage experimental] [epoch 28/80] train_total=0.022751 val_total=0.014125 best=0.009646 improved=no epoch_time=1.7s total_time=45.0s
[stage experimental] [epoch 29/80] train_total=0.024051 val_total=0.013824 best=0.009646 improved=no epoch_time=1.7s total_time=46.7s
[stage experimental] [epoch 30/80] train_total=0.021835 val_total=0.012688 best=0.009646 improved=no epoch_time=1.6s total_time=48.2s
[stage experimental] [epoch 31/80] train_total=0.020159 val_total=0.009174 best=0.009174 improved=yes epoch_time=1.6s total_time=49.8s
[stage experimental] [epoch 32/80] train_total=0.019556 val_total=0.008843 best=0.008843 improved=yes epoch_time=1.6s total_time=51.4s
[stage experimental] [epoch 33/80] train_total=0.018382 val_total=0.006446 best=0.006446 improved=yes epoch_time=1.7s total_time=53.1s
[stage experimental] [epoch 34/80] train_total=0.018094 val_total=0.008161 best=0.006446 improved=no epoch_time=1.6s total_time=54.8s
[stage experimental] [epoch 35/80] train_total=0.015625 val_total=0.008216 best=0.006446 improved=no epoch_time=1.7s total_time=56.5s
[stage experimental] [epoch 36/80] train_total=0.016149 val_total=0.007772 best=0.006446 improved=no epoch_time=1.7s total_time=58.2s
[stage experimental] [epoch 37/80] train_total=0.018670 val_total=0.007898 best=0.006446 improved=no epoch_time=1.6s total_time=59.8s
[stage experimental] [epoch 38/80] train_total=0.015016 val_total=0.005349 best=0.005349 improved=yes epoch_time=1.6s total_time=61.4s
[stage experimental] [epoch 39/80] train_total=0.014931 val_total=0.006389 best=0.005349 improved=no epoch_time=1.6s total_time=63.0s
[stage experimental] [epoch 40/80] train_total=0.015251 val_total=0.006575 best=0.005349 improved=no epoch_time=1.7s total_time=64.7s
[stage experimental] [epoch 41/80] train_total=0.013300 val_total=0.005051 best=0.005051 improved=yes epoch_time=1.7s total_time=66.4s
[stage experimental] [epoch 42/80] train_total=0.013302 val_total=0.005963 best=0.005051 improved=no epoch_time=1.6s total_time=68.0s
[stage experimental] [epoch 43/80] train_total=0.014767 val_total=0.008117 best=0.005051 improved=no epoch_time=1.6s total_time=69.6s
[stage experimental] [epoch 44/80] train_total=0.013735 val_total=0.004950 best=0.004950 improved=yes epoch_time=1.6s total_time=71.2s
[stage experimental] [epoch 45/80] train_total=0.014111 val_total=0.007919 best=0.004950 improved=no epoch_time=1.7s total_time=72.9s
[stage experimental] [epoch 46/80] train_total=0.013019 val_total=0.008867 best=0.004950 improved=no epoch_time=1.6s total_time=74.5s
[stage experimental] [epoch 47/80] train_total=0.014083 val_total=0.005336 best=0.004950 improved=no epoch_time=1.6s total_time=76.2s
[stage experimental] [epoch 48/80] train_total=0.011240 val_total=0.003806 best=0.003806 improved=yes epoch_time=1.6s total_time=77.8s
[stage experimental] [epoch 49/80] train_total=0.011135 val_total=0.004133 best=0.003806 improved=no epoch_time=1.6s total_time=79.4s
[stage experimental] [epoch 50/80] train_total=0.009485 val_total=0.004085 best=0.003806 improved=no epoch_time=1.6s total_time=81.1s
[stage experimental] [epoch 51/80] train_total=0.010039 val_total=0.004224 best=0.003806 improved=no epoch_time=1.6s total_time=82.7s
[stage experimental] [epoch 52/80] train_total=0.011725 val_total=0.006139 best=0.003806 improved=no epoch_time=1.6s total_time=84.3s
[stage experimental] [epoch 53/80] train_total=0.011004 val_total=0.003082 best=0.003082 improved=yes epoch_time=1.7s total_time=85.9s
[stage experimental] [epoch 54/80] train_total=0.010230 val_total=0.005041 best=0.003082 improved=no epoch_time=1.6s total_time=87.6s
[stage experimental] [epoch 55/80] train_total=0.010379 val_total=0.003485 best=0.003082 improved=no epoch_time=1.6s total_time=89.2s
[stage experimental] [epoch 56/80] train_total=0.009623 val_total=0.006716 best=0.003082 improved=no epoch_time=1.6s total_time=90.8s
[stage experimental] [epoch 57/80] train_total=0.010372 val_total=0.005164 best=0.003082 improved=no epoch_time=1.6s total_time=92.4s
[stage experimental] [epoch 58/80] train_total=0.009752 val_total=0.003324 best=0.003082 improved=no epoch_time=1.6s total_time=93.9s
[stage experimental] [epoch 59/80] train_total=0.008075 val_total=0.002699 best=0.002699 improved=yes epoch_time=1.7s total_time=95.6s
[stage experimental] [epoch 60/80] train_total=0.008400 val_total=0.002993 best=0.002699 improved=no epoch_time=1.7s total_time=97.3s
[stage experimental] [epoch 61/80] train_total=0.010053 val_total=0.002211 best=0.002211 improved=yes epoch_time=1.6s total_time=98.9s
[stage experimental] [epoch 62/80] train_total=0.009001 val_total=0.004198 best=0.002211 improved=no epoch_time=1.6s total_time=100.5s
[stage experimental] [epoch 63/80] train_total=0.009157 val_total=0.011202 best=0.002211 improved=no epoch_time=1.7s total_time=102.2s
[stage experimental] [epoch 64/80] train_total=0.011951 val_total=0.004507 best=0.002211 improved=no epoch_time=1.7s total_time=103.9s
[stage experimental] [epoch 65/80] train_total=0.008694 val_total=0.009031 best=0.002211 improved=no epoch_time=1.6s total_time=105.5s
[stage experimental] [epoch 66/80] train_total=0.009895 val_total=0.004630 best=0.002211 improved=no epoch_time=1.7s total_time=107.2s
[stage experimental] [epoch 67/80] train_total=0.009819 val_total=0.002481 best=0.002211 improved=no epoch_time=1.7s total_time=108.9s
[stage experimental] [epoch 68/80] train_total=0.008213 val_total=0.005118 best=0.002211 improved=no epoch_time=1.7s total_time=110.6s
[stage experimental] [epoch 69/80] train_total=0.010495 val_total=0.003317 best=0.002211 improved=no epoch_time=1.7s total_time=112.3s
[stage experimental] [epoch 70/80] train_total=0.007903 val_total=0.003355 best=0.002211 improved=no epoch_time=1.5s total_time=113.9s
[stage experimental] [epoch 71/80] train_total=0.009675 val_total=0.002426 best=0.002211 improved=no epoch_time=1.6s total_time=115.5s
[stage experimental] [epoch 72/80] train_total=0.008744 val_total=0.007715 best=0.002211 improved=no epoch_time=1.6s total_time=117.1s
[stage experimental] [epoch 73/80] train_total=0.010313 val_total=0.002457 best=0.002211 improved=no epoch_time=1.6s total_time=118.7s
[stage experimental] early stopping at epoch 73; best_validation=0.002211
[seed 4] [stage 1/3: direct GE] starting 20 epoch(s)
[seed 4] [stage 1/3: direct GE] [epoch 1/20] train_total=0.004280 val_score=1.627857 best=1.627857 P_MAE=2.5619 kPa y_iso_MAE=0.017134 T_MAE=1.6340 K y_isob_MAE=0.016860 improved=yes epoch_time=6.6s total_time=11.4s
[seed 4] [stage 1/3: direct GE] [epoch 2/20] train_total=0.003858 val_score=2.178939 best=1.627857 P_MAE=3.1927 kPa y_iso_MAE=0.020776 T_MAE=2.6372 K y_isob_MAE=0.016349 improved=no epoch_time=6.8s total_time=18.1s
[seed 4] [stage 1/3: direct GE] [epoch 3/20] train_total=0.003528 val_score=2.003182 best=1.627857 P_MAE=2.9919 kPa y_iso_MAE=0.016864 T_MAE=2.2919 K y_isob_MAE=0.019041 improved=no epoch_time=6.6s total_time=24.7s
[seed 4] [stage 1/3: direct GE] [epoch 4/20] train_total=0.003481 val_score=2.070594 best=1.627857 P_MAE=3.1514 kPa y_iso_MAE=0.017176 T_MAE=2.2054 K y_isob_MAE=0.022833 improved=no epoch_time=6.8s total_time=31.5s
[seed 4] [stage 1/3: direct GE] [epoch 5/20] train_total=0.003571 val_score=1.929456 best=1.627857 P_MAE=2.7901 kPa y_iso_MAE=0.019371 T_MAE=1.9773 K y_isob_MAE=0.020978 improved=no epoch_time=6.7s total_time=38.3s
[seed 4] [stage 1/3: direct GE] [epoch 6/20] train_total=0.003569 val_score=2.300651 best=1.627857 P_MAE=2.8958 kPa y_iso_MAE=0.018374 T_MAE=2.6195 K y_isob_MAE=0.025266 improved=no epoch_time=6.6s total_time=44.8s
[seed 4] [stage 1/3: direct GE] [epoch 7/20] train_total=0.003333 val_score=2.147805 best=1.627857 P_MAE=3.2503 kPa y_iso_MAE=0.021199 T_MAE=2.3241 K y_isob_MAE=0.020552 improved=no epoch_time=6.5s total_time=51.3s
[seed 4] [stage 1/3: direct GE] [epoch 8/20] train_total=0.003306 val_score=2.258895 best=1.627857 P_MAE=2.9868 kPa y_iso_MAE=0.018010 T_MAE=2.5519 K y_isob_MAE=0.024584 improved=no epoch_time=6.5s total_time=57.9s
[seed 4] [stage 1/3: direct GE] [epoch 9/20] train_total=0.003216 val_score=2.534952 best=1.627857 P_MAE=2.6861 kPa y_iso_MAE=0.016685 T_MAE=3.2268 K y_isob_MAE=0.026007 improved=no epoch_time=6.7s total_time=64.6s
[seed 4] [stage 1/3: direct GE] [epoch 10/20] train_total=0.003125 val_score=2.457555 best=1.627857 P_MAE=3.0376 kPa y_iso_MAE=0.018657 T_MAE=2.7518 K y_isob_MAE=0.028868 improved=no epoch_time=6.4s total_time=71.0s
[seed 4] [stage 1/3: direct GE] [epoch 11/20] train_total=0.003333 val_score=2.783600 best=1.627857 P_MAE=3.6664 kPa y_iso_MAE=0.026840 T_MAE=3.3089 K y_isob_MAE=0.023690 improved=no epoch_time=6.5s total_time=77.5s
[seed 4] [stage 1/3: direct GE] [epoch 12/20] train_total=0.003262 val_score=2.615755 best=1.627857 P_MAE=2.6995 kPa y_iso_MAE=0.019001 T_MAE=3.5365 K y_isob_MAE=0.021765 improved=no epoch_time=6.6s total_time=84.1s
[seed 4] [stage 1/3: direct GE] [epoch 13/20] train_total=0.003127 val_score=2.796524 best=1.627857 P_MAE=2.8039 kPa y_iso_MAE=0.017598 T_MAE=3.7343 K y_isob_MAE=0.026561 improved=no epoch_time=6.7s total_time=90.8s
[seed 4] [stage 1/3: direct GE] [epoch 14/20] train_total=0.003224 val_score=3.132695 best=1.627857 P_MAE=3.5986 kPa y_iso_MAE=0.022160 T_MAE=4.1185 K y_isob_MAE=0.027181 improved=no epoch_time=6.8s total_time=97.6s
[seed 4] [stage 1/3: direct GE] [epoch 15/20] train_total=0.003244 val_score=2.808111 best=1.627857 P_MAE=2.8346 kPa y_iso_MAE=0.020818 T_MAE=3.3022 K y_isob_MAE=0.033084 improved=no epoch_time=6.7s total_time=104.3s
[seed 4] [stage 1/3: direct GE] [epoch 16/20] train_total=0.003133 val_score=2.854025 best=1.627857 P_MAE=2.7705 kPa y_iso_MAE=0.018658 T_MAE=3.7305 K y_isob_MAE=0.028586 improved=no epoch_time=6.6s total_time=111.0s
[seed 4] [stage 1/3: direct GE] [epoch 17/20] train_total=0.003190 val_score=2.952894 best=1.627857 P_MAE=2.9145 kPa y_iso_MAE=0.018250 T_MAE=4.0080 K y_isob_MAE=0.027217 improved=no epoch_time=6.7s total_time=117.6s
[seed 4] [stage 1/3: direct GE] [epoch 18/20] train_total=0.003166 val_score=2.938785 best=1.627857 P_MAE=3.2719 kPa y_iso_MAE=0.023292 T_MAE=3.8576 K y_isob_MAE=0.024230 improved=no epoch_time=6.5s total_time=124.1s
[seed 4] [stage 1/3: direct GE] [epoch 19/20] train_total=0.003158 val_score=3.465208 best=1.627857 P_MAE=2.9573 kPa y_iso_MAE=0.018281 T_MAE=5.0697 K y_isob_MAE=0.029102 improved=no epoch_time=6.4s total_time=130.5s
[seed 4] [stage 1/3: direct GE] [epoch 20/20] train_total=0.003260 val_score=2.927100 best=1.627857 P_MAE=2.7776 kPa y_iso_MAE=0.016698 T_MAE=3.9018 K y_isob_MAE=0.029909 improved=no epoch_time=6.5s total_time=137.0s
[seed 4] [stage 2/3: joint VLE] starting 80 epoch(s)
[seed 4] [stage 2/3: joint VLE] [epoch 1/80] train_total=0.018942 val_score=1.506940 best=1.506940 P_MAE=2.6242 kPa y_iso_MAE=0.016540 T_MAE=1.4240 K y_isob_MAE=0.015727 improved=yes epoch_time=7.9s total_time=144.9s
[seed 4] [stage 2/3: joint VLE] [epoch 2/80] train_total=0.013502 val_score=1.603941 best=1.506940 P_MAE=2.2472 kPa y_iso_MAE=0.015264 T_MAE=1.7390 K y_isob_MAE=0.016503 improved=no epoch_time=8.3s total_time=153.2s
[seed 4] [stage 2/3: joint VLE] [epoch 3/80] train_total=0.015589 val_score=1.418713 best=1.418713 P_MAE=2.4310 kPa y_iso_MAE=0.013384 T_MAE=1.2449 K y_isob_MAE=0.018486 improved=yes epoch_time=7.9s total_time=161.1s
[seed 4] [stage 2/3: joint VLE] [epoch 4/80] train_total=0.017396 val_score=1.483103 best=1.418713 P_MAE=2.6862 kPa y_iso_MAE=0.015127 T_MAE=1.3064 K y_isob_MAE=0.017741 improved=no epoch_time=7.8s total_time=168.9s
[seed 4] [stage 2/3: joint VLE] [epoch 5/80] train_total=0.016285 val_score=1.285164 best=1.285164 P_MAE=3.2410 kPa y_iso_MAE=0.016211 T_MAE=0.8688 K y_isob_MAE=0.014194 improved=yes epoch_time=7.5s total_time=176.4s
[seed 4] [stage 2/3: joint VLE] [epoch 6/80] train_total=0.016029 val_score=1.614465 best=1.285164 P_MAE=2.1565 kPa y_iso_MAE=0.012367 T_MAE=1.8752 K y_isob_MAE=0.016834 improved=no epoch_time=7.6s total_time=184.1s
[seed 4] [stage 2/3: joint VLE] [epoch 7/80] train_total=0.014272 val_score=1.375362 best=1.285164 P_MAE=2.3819 kPa y_iso_MAE=0.014113 T_MAE=1.2908 K y_isob_MAE=0.015313 improved=no epoch_time=7.6s total_time=191.7s
[seed 4] [stage 2/3: joint VLE] [epoch 8/80] train_total=0.013560 val_score=1.464371 best=1.285164 P_MAE=1.9732 kPa y_iso_MAE=0.012090 T_MAE=1.4294 K y_isob_MAE=0.019899 improved=no epoch_time=7.7s total_time=199.3s
[seed 4] [stage 2/3: joint VLE] [epoch 9/80] train_total=0.013118 val_score=1.378045 best=1.285164 P_MAE=2.1149 kPa y_iso_MAE=0.013667 T_MAE=1.2179 K y_isob_MAE=0.018391 improved=no epoch_time=7.5s total_time=206.9s
[seed 4] [stage 2/3: joint VLE] [epoch 10/80] train_total=0.012981 val_score=1.445431 best=1.285164 P_MAE=2.4093 kPa y_iso_MAE=0.015025 T_MAE=1.3412 K y_isob_MAE=0.016673 improved=no epoch_time=7.6s total_time=214.5s
[seed 4] [stage 2/3: joint VLE] [epoch 11/80] train_total=0.015749 val_score=1.284781 best=1.284781 P_MAE=2.6965 kPa y_iso_MAE=0.013494 T_MAE=0.9867 K y_isob_MAE=0.016288 improved=yes epoch_time=7.5s total_time=222.0s
[seed 4] [stage 2/3: joint VLE] [epoch 12/80] train_total=0.013324 val_score=1.379625 best=1.284781 P_MAE=2.3766 kPa y_iso_MAE=0.014086 T_MAE=1.5468 K y_isob_MAE=0.010504 improved=no epoch_time=7.7s total_time=229.7s
[seed 4] [stage 2/3: joint VLE] [epoch 13/80] train_total=0.012842 val_score=1.034369 best=1.034369 P_MAE=1.7531 kPa y_iso_MAE=0.012009 T_MAE=0.8867 K y_isob_MAE=0.012314 improved=yes epoch_time=7.8s total_time=237.5s
[seed 4] [stage 2/3: joint VLE] [epoch 14/80] train_total=0.010977 val_score=1.106026 best=1.034369 P_MAE=2.6040 kPa y_iso_MAE=0.013904 T_MAE=0.7892 K y_isob_MAE=0.012258 improved=no epoch_time=7.9s total_time=245.4s
[seed 4] [stage 2/3: joint VLE] [epoch 15/80] train_total=0.010881 val_score=1.099229 best=1.034369 P_MAE=2.1872 kPa y_iso_MAE=0.013674 T_MAE=0.8323 K y_isob_MAE=0.013134 improved=no epoch_time=7.7s total_time=253.1s
[seed 4] [stage 2/3: joint VLE] [epoch 16/80] train_total=0.012124 val_score=1.323486 best=1.034369 P_MAE=2.5639 kPa y_iso_MAE=0.012782 T_MAE=1.1138 K y_isob_MAE=0.016641 improved=no epoch_time=7.7s total_time=260.8s
[seed 4] [stage 2/3: joint VLE] [epoch 17/80] train_total=0.013271 val_score=1.210713 best=1.034369 P_MAE=2.6032 kPa y_iso_MAE=0.014616 T_MAE=0.9396 K y_isob_MAE=0.013477 improved=no epoch_time=7.9s total_time=268.7s
[seed 4] [stage 2/3: joint VLE] [epoch 18/80] train_total=0.013806 val_score=1.677251 best=1.034369 P_MAE=2.4907 kPa y_iso_MAE=0.018873 T_MAE=1.8196 K y_isob_MAE=0.014456 improved=no epoch_time=7.8s total_time=276.5s
[seed 4] [stage 2/3: joint VLE] [epoch 19/80] train_total=0.011795 val_score=1.358909 best=1.034369 P_MAE=2.0062 kPa y_iso_MAE=0.015654 T_MAE=1.5583 K y_isob_MAE=0.009840 improved=no epoch_time=7.6s total_time=284.1s
[seed 4] [stage 2/3: joint VLE] [epoch 20/80] train_total=0.013884 val_score=1.495074 best=1.034369 P_MAE=2.1248 kPa y_iso_MAE=0.013938 T_MAE=1.4492 K y_isob_MAE=0.018847 improved=no epoch_time=7.6s total_time=291.6s
[seed 4] [stage 2/3: joint VLE] [epoch 21/80] train_total=0.010176 val_score=1.254646 best=1.034369 P_MAE=2.3765 kPa y_iso_MAE=0.013429 T_MAE=1.1028 K y_isob_MAE=0.014122 improved=no epoch_time=7.6s total_time=299.2s
[seed 4] [stage 2/3: joint VLE] [epoch 22/80] train_total=0.010169 val_score=1.162182 best=1.034369 P_MAE=2.2645 kPa y_iso_MAE=0.012507 T_MAE=0.9940 K y_isob_MAE=0.013293 improved=no epoch_time=7.5s total_time=306.8s
[seed 4] [stage 2/3: joint VLE] [epoch 23/80] train_total=0.013863 val_score=1.336553 best=1.034369 P_MAE=2.4879 kPa y_iso_MAE=0.012910 T_MAE=1.1812 K y_isob_MAE=0.016144 improved=no epoch_time=7.5s total_time=314.3s
[seed 4] [stage 2/3: joint VLE] [epoch 24/80] train_total=0.011222 val_score=0.848347 best=0.848347 P_MAE=1.8193 kPa y_iso_MAE=0.011081 T_MAE=0.5831 K y_isob_MAE=0.010328 improved=yes epoch_time=7.7s total_time=322.0s
[seed 4] [stage 2/3: joint VLE] [epoch 25/80] train_total=0.011483 val_score=1.194144 best=0.848347 P_MAE=2.1907 kPa y_iso_MAE=0.014526 T_MAE=1.1200 K y_isob_MAE=0.011085 improved=no epoch_time=7.5s total_time=329.4s
[seed 4] [stage 2/3: joint VLE] [epoch 26/80] train_total=0.010467 val_score=1.106701 best=0.848347 P_MAE=2.2428 kPa y_iso_MAE=0.014064 T_MAE=0.8943 K y_isob_MAE=0.011712 improved=no epoch_time=7.7s total_time=337.1s
[seed 4] [stage 2/3: joint VLE] [epoch 27/80] train_total=0.011018 val_score=1.349527 best=0.848347 P_MAE=2.0685 kPa y_iso_MAE=0.012145 T_MAE=1.4581 K y_isob_MAE=0.013707 improved=no epoch_time=7.5s total_time=344.6s
[seed 4] [stage 2/3: joint VLE] [epoch 28/80] train_total=0.011408 val_score=1.116254 best=0.848347 P_MAE=1.7256 kPa y_iso_MAE=0.011692 T_MAE=1.1915 K y_isob_MAE=0.010343 improved=no epoch_time=7.5s total_time=352.0s
[seed 4] [stage 2/3: joint VLE] [epoch 29/80] train_total=0.012806 val_score=1.348886 best=0.848347 P_MAE=1.7864 kPa y_iso_MAE=0.012830 T_MAE=1.4594 K y_isob_MAE=0.014405 improved=no epoch_time=7.6s total_time=359.6s
[seed 4] [stage 2/3: joint VLE] [epoch 30/80] train_total=0.010162 val_score=inf best=0.848347 P_MAE=1.9169 kPa y_iso_MAE=0.015376 T_MAE=0.8926 K y_isob_MAE=0.011126 improved=no epoch_time=7.4s total_time=367.1s
[seed 4] [stage 2/3: joint VLE] [epoch 31/80] train_total=0.011692 val_score=1.415264 best=0.848347 P_MAE=1.8603 kPa y_iso_MAE=0.013899 T_MAE=1.4300 K y_isob_MAE=0.016850 improved=no epoch_time=7.4s total_time=374.5s
[seed 4] [stage 2/3: joint VLE] [epoch 32/80] train_total=0.010909 val_score=1.206034 best=0.848347 P_MAE=2.0799 kPa y_iso_MAE=0.014189 T_MAE=1.0190 K y_isob_MAE=0.014351 improved=no epoch_time=7.6s total_time=382.1s
[seed 4] [stage 2/3: joint VLE] [epoch 33/80] train_total=0.012236 val_score=1.075984 best=0.848347 P_MAE=2.4467 kPa y_iso_MAE=0.012451 T_MAE=0.7652 K y_isob_MAE=0.013156 improved=no epoch_time=7.5s total_time=389.6s
[seed 4] [stage 2/3: joint VLE] [epoch 34/80] train_total=0.010256 val_score=1.374295 best=0.848347 P_MAE=2.4687 kPa y_iso_MAE=0.014157 T_MAE=1.1648 K y_isob_MAE=0.017329 improved=no epoch_time=7.5s total_time=397.0s
[seed 4] [stage 2/3: joint VLE] [epoch 35/80] train_total=0.011550 val_score=1.080748 best=0.848347 P_MAE=1.6823 kPa y_iso_MAE=0.010730 T_MAE=1.0226 K y_isob_MAE=0.012981 improved=no epoch_time=7.6s total_time=404.6s
[seed 4] [stage 2/3: joint VLE] [epoch 36/80] train_total=0.010891 val_score=0.934483 best=0.848347 P_MAE=1.6845 kPa y_iso_MAE=0.013022 T_MAE=0.7049 K y_isob_MAE=0.010967 improved=no epoch_time=7.4s total_time=412.0s
{"direct_ge_parameter_summary": {"stage1_trainable_parameters": 1977601, "stage2_trainable_parameters": 2015043, "stage3": {"groups": [{"learning_rate": 2e-05, "name": "pair_potential", "parameter_count": 110977, "parameter_names": ["pair_potential.0.weight", "pair_potential.0.bias", "pair_potential.2.weight", "pair_potential.2.bias"]}, {"learning_rate": 1e-05, "name": "vapor_pressure", "parameter_count": 37442, "parameter_names": ["vapor_pressure.parameter_head.0.weight", "vapor_pressure.parameter_head.0.bias", "vapor_pressure.parameter_head.2.weight", "vapor_pressure.parameter_head.2.bias"]}, {"learning_rate": 5e-06, "name": "film", "parameter_count": 111744, "parameter_names": ["film.0.weight", "film.0.bias", "film.2.weight", "film.2.bias"]}, {"learning_rate": 5e-06, "name": "mixture_token", "parameter_count": 192, "parameter_names": ["mixture_token"]}], "total_parameters": 2015043, "trainable_fraction": 0.1292056794817778, "trainable_parameters": 260355}, "total_parameters": 2015043, "trainable_fraction": 0.1292056794817778, "trainable_parameters": 260355}}
[seed 4] [stage 3/3: fugacity] starting 10 epoch(s)
[seed 4] [stage 3/3: fugacity] [epoch 1/10] train_total=0.008200 val_score=0.878588 best=0.878588 P_MAE=1.6844 kPa y_iso_MAE=0.011296 T_MAE=0.6583 K y_isob_MAE=0.010648 improved=yes epoch_time=7.3s total_time=419.2s
[seed 4] [stage 3/3: fugacity] [epoch 2/10] train_total=0.008005 val_score=0.873282 best=0.873282 P_MAE=1.6284 kPa y_iso_MAE=0.011579 T_MAE=0.6492 K y_isob_MAE=0.010630 improved=yes epoch_time=7.7s total_time=426.9s
[seed 4] [stage 3/3: fugacity] [epoch 3/10] train_total=0.007867 val_score=0.850110 best=0.850110 P_MAE=1.6497 kPa y_iso_MAE=0.011558 T_MAE=0.6088 K y_isob_MAE=0.010307 improved=yes epoch_time=7.4s total_time=434.3s
[seed 4] [stage 3/3: fugacity] [epoch 4/10] train_total=0.007829 val_score=0.892649 best=0.850110 P_MAE=1.6616 kPa y_iso_MAE=0.011161 T_MAE=0.6809 K y_isob_MAE=0.011036 improved=no epoch_time=7.2s total_time=441.5s
[seed 4] [stage 3/3: fugacity] [epoch 5/10] train_total=0.007802 val_score=0.943643 best=0.850110 P_MAE=1.6501 kPa y_iso_MAE=0.011110 T_MAE=0.7727 K y_isob_MAE=0.011608 improved=no epoch_time=7.3s total_time=448.8s
[seed 4] [stage 3/3: fugacity] [epoch 6/10] train_total=0.007550 val_score=0.920694 best=0.850110 P_MAE=1.6425 kPa y_iso_MAE=0.011063 T_MAE=0.7393 K y_isob_MAE=0.011304 improved=no epoch_time=7.3s total_time=456.1s
[seed 4] [stage 3/3: fugacity] [epoch 7/10] train_total=0.007856 val_score=0.909969 best=0.850110 P_MAE=1.6629 kPa y_iso_MAE=0.011060 T_MAE=0.7143 K y_isob_MAE=0.011225 improved=no epoch_time=7.2s total_time=463.3s
[seed 4] [stage 3/3: fugacity] [epoch 8/10] train_total=0.007721 val_score=0.886594 best=0.850110 P_MAE=1.6202 kPa y_iso_MAE=0.011390 T_MAE=0.6871 K y_isob_MAE=0.010658 improved=no epoch_time=7.3s total_time=470.6s
[seed 4] [stage 3/3: fugacity] [epoch 9/10] train_total=0.007465 val_score=0.897711 best=0.850110 P_MAE=1.6188 kPa y_iso_MAE=0.011105 T_MAE=0.7034 K y_isob_MAE=0.011053 improved=no epoch_time=7.3s total_time=477.9s
[seed 4] [stage 3/3: fugacity] [epoch 10/10] train_total=0.007573 val_score=0.863950 best=0.850110 P_MAE=1.6407 kPa y_iso_MAE=0.011539 T_MAE=0.6410 K y_isob_MAE=0.010347 improved=no epoch_time=7.3s total_time=485.2s
{"protocol": "vle_binary_state_pressure_low_extrapolation", "seed": 4, "manifest": "D:\\VLE\\VLE\\thermoformer_project\\runs\\phase_equilibrium\\v1\\vle\\three\\results\\thermoformer_vle_three_stage.on.vle_binary_state_pressure_low_extrapolation\\seed_4\\manifest.json"}

$ E:\anaconda\envs\ggnn39\python.exe scripts/run_vle_benchmarks.py --protocol vle_binary_state_pressure_low_extrapolation --seeds 0 1 2 3 4 --output D:\VLE\VLE\phase_equilibrium\runs\phase_equilibrium\v1 --device cuda
