[stage experimental] starting 80 epoch(s)
[stage experimental] [epoch 1/80] train_total=0.813764 val_total=0.080952 best=0.080952 improved=yes epoch_time=1.8s total_time=1.8s
[stage experimental] [epoch 2/80] train_total=0.111653 val_total=0.089116 best=0.080952 improved=no epoch_time=1.5s total_time=3.2s
[stage experimental] [epoch 3/80] train_total=0.070850 val_total=0.026941 best=0.026941 improved=yes epoch_time=1.6s total_time=4.8s
[stage experimental] [epoch 4/80] train_total=0.056227 val_total=0.042267 best=0.026941 improved=no epoch_time=1.4s total_time=6.2s
[stage experimental] [epoch 5/80] train_total=0.049569 val_total=0.075280 best=0.026941 improved=no epoch_time=1.4s total_time=7.6s
[stage experimental] [epoch 6/80] train_total=0.047551 val_total=0.037310 best=0.026941 improved=no epoch_time=1.5s total_time=9.1s
[stage experimental] [epoch 7/80] train_total=0.040999 val_total=0.016022 best=0.016022 improved=yes epoch_time=1.5s total_time=10.6s
[stage experimental] [epoch 8/80] train_total=0.045969 val_total=0.039541 best=0.016022 improved=no epoch_time=1.4s total_time=12.0s
[stage experimental] [epoch 9/80] train_total=0.046859 val_total=0.056893 best=0.016022 improved=no epoch_time=1.4s total_time=13.4s
[stage experimental] [epoch 10/80] train_total=0.039452 val_total=0.043267 best=0.016022 improved=no epoch_time=1.5s total_time=14.9s
[stage experimental] [epoch 11/80] train_total=0.043897 val_total=0.017534 best=0.016022 improved=no epoch_time=1.4s total_time=16.3s
[stage experimental] [epoch 12/80] train_total=0.043340 val_total=0.028886 best=0.016022 improved=no epoch_time=1.5s total_time=17.8s
[stage experimental] [epoch 13/80] train_total=0.041210 val_total=0.018806 best=0.016022 improved=no epoch_time=1.5s total_time=19.3s
[stage experimental] [epoch 14/80] train_total=0.037758 val_total=0.028431 best=0.016022 improved=no epoch_time=1.5s total_time=20.7s
[stage experimental] [epoch 15/80] train_total=0.034692 val_total=0.029498 best=0.016022 improved=no epoch_time=1.5s total_time=22.2s
[stage experimental] [epoch 16/80] train_total=0.030668 val_total=0.021851 best=0.016022 improved=no epoch_time=1.4s total_time=23.6s
[stage experimental] [epoch 17/80] train_total=0.033364 val_total=0.045151 best=0.016022 improved=no epoch_time=1.5s total_time=25.1s
[stage experimental] [epoch 18/80] train_total=0.029642 val_total=0.028166 best=0.016022 improved=no epoch_time=1.4s total_time=26.5s
[stage experimental] [epoch 19/80] train_total=0.027575 val_total=0.028648 best=0.016022 improved=no epoch_time=1.5s total_time=28.0s
[stage experimental] early stopping at epoch 19; best_validation=0.016022
[seed 0] [stage 1/3: direct GE] starting 20 epoch(s)
[seed 0] [stage 1/3: direct GE] [epoch 1/20] train_total=0.008341 val_score=1.360907 best=1.360907 P_MAE=6.3811 kPa y_iso_MAE=0.018099 T_MAE=7.4818 K y_isob_MAE=0.064564 improved=yes epoch_time=6.3s total_time=10.9s
[seed 0] [stage 1/3: direct GE] [epoch 2/20] train_total=0.005692 val_score=1.549190 best=1.360907 P_MAE=7.3940 kPa y_iso_MAE=0.019829 T_MAE=8.6471 K y_isob_MAE=0.072394 improved=no epoch_time=6.2s total_time=17.1s
[seed 0] [stage 1/3: direct GE] [epoch 3/20] train_total=0.004880 val_score=1.469725 best=1.360907 P_MAE=6.8181 kPa y_iso_MAE=0.018734 T_MAE=8.1715 K y_isob_MAE=0.071422 improved=no epoch_time=6.1s total_time=23.2s
[seed 0] [stage 1/3: direct GE] [epoch 4/20] train_total=0.004266 val_score=1.478624 best=1.360907 P_MAE=6.5591 kPa y_iso_MAE=0.018760 T_MAE=8.3582 K y_isob_MAE=0.073338 improved=no epoch_time=5.6s total_time=28.8s
[seed 0] [stage 1/3: direct GE] [epoch 5/20] train_total=0.004298 val_score=1.492563 best=1.360907 P_MAE=6.1644 kPa y_iso_MAE=0.017064 T_MAE=9.1956 K y_isob_MAE=0.073274 improved=no epoch_time=6.1s total_time=34.9s
[seed 0] [stage 1/3: direct GE] [epoch 6/20] train_total=0.004018 val_score=1.458691 best=1.360907 P_MAE=6.1453 kPa y_iso_MAE=0.017145 T_MAE=8.9754 K y_isob_MAE=0.069222 improved=no epoch_time=6.2s total_time=41.1s
[seed 0] [stage 1/3: direct GE] [epoch 7/20] train_total=0.004220 val_score=1.559080 best=1.360907 P_MAE=6.6565 kPa y_iso_MAE=0.017135 T_MAE=9.8028 K y_isob_MAE=0.073337 improved=no epoch_time=6.5s total_time=47.5s
[seed 0] [stage 1/3: direct GE] [epoch 8/20] train_total=0.003988 val_score=1.642781 best=1.360907 P_MAE=7.2497 kPa y_iso_MAE=0.020829 T_MAE=9.1083 K y_isob_MAE=0.084418 improved=no epoch_time=6.2s total_time=53.8s
[seed 0] [stage 1/3: direct GE] [epoch 9/20] train_total=0.003993 val_score=1.590015 best=1.360907 P_MAE=6.3842 kPa y_iso_MAE=0.019637 T_MAE=9.3811 K y_isob_MAE=0.081863 improved=no epoch_time=6.5s total_time=60.3s
[seed 0] [stage 1/3: direct GE] [epoch 10/20] train_total=0.003948 val_score=1.662718 best=1.360907 P_MAE=7.5134 kPa y_iso_MAE=0.021007 T_MAE=9.4335 K y_isob_MAE=0.080766 improved=no epoch_time=6.8s total_time=67.1s
[seed 0] [stage 1/3: direct GE] [epoch 11/20] train_total=0.003705 val_score=1.530744 best=1.360907 P_MAE=7.1712 kPa y_iso_MAE=0.017363 T_MAE=9.0352 K y_isob_MAE=0.072108 improved=no epoch_time=6.5s total_time=73.5s
[seed 0] [stage 1/3: direct GE] [epoch 12/20] train_total=0.003572 val_score=1.557897 best=1.360907 P_MAE=6.9419 kPa y_iso_MAE=0.021741 T_MAE=7.9529 K y_isob_MAE=0.083580 improved=no epoch_time=6.4s total_time=79.9s
[seed 0] [stage 1/3: direct GE] [epoch 13/20] train_total=0.003712 val_score=1.465515 best=1.360907 P_MAE=6.4107 kPa y_iso_MAE=0.019389 T_MAE=8.0338 K y_isob_MAE=0.075001 improved=no epoch_time=6.3s total_time=86.2s
[seed 0] [stage 1/3: direct GE] [epoch 14/20] train_total=0.003497 val_score=1.532552 best=1.360907 P_MAE=6.7078 kPa y_iso_MAE=0.019830 T_MAE=8.0822 K y_isob_MAE=0.084096 improved=no epoch_time=7.0s total_time=93.2s
[seed 0] [stage 1/3: direct GE] [epoch 15/20] train_total=0.003636 val_score=1.578118 best=1.360907 P_MAE=7.3274 kPa y_iso_MAE=0.019105 T_MAE=9.0320 K y_isob_MAE=0.075741 improved=no epoch_time=6.4s total_time=99.5s
[seed 0] [stage 1/3: direct GE] [epoch 16/20] train_total=0.003631 val_score=1.720421 best=1.360907 P_MAE=7.9169 kPa y_iso_MAE=0.021837 T_MAE=9.1007 K y_isob_MAE=0.091075 improved=no epoch_time=6.1s total_time=105.6s
[seed 0] [stage 1/3: direct GE] [epoch 17/20] train_total=0.003617 val_score=1.772776 best=1.360907 P_MAE=8.0561 kPa y_iso_MAE=0.021982 T_MAE=10.0269 K y_isob_MAE=0.087197 improved=no epoch_time=6.1s total_time=111.7s
[seed 0] [stage 1/3: direct GE] [epoch 18/20] train_total=0.003519 val_score=1.796415 best=1.360907 P_MAE=7.5659 kPa y_iso_MAE=0.021614 T_MAE=10.6331 K y_isob_MAE=0.089831 improved=no epoch_time=6.3s total_time=118.0s
[seed 0] [stage 1/3: direct GE] [epoch 19/20] train_total=0.003413 val_score=1.765212 best=1.360907 P_MAE=7.3105 kPa y_iso_MAE=0.023257 T_MAE=10.0391 K y_isob_MAE=0.089855 improved=no epoch_time=6.3s total_time=124.3s
[seed 0] [stage 1/3: direct GE] [epoch 20/20] train_total=0.003465 val_score=1.766887 best=1.360907 P_MAE=7.5601 kPa y_iso_MAE=0.023870 T_MAE=9.8831 K y_isob_MAE=0.088097 improved=no epoch_time=6.2s total_time=130.5s
[seed 0] [stage 2/3: joint VLE] starting 80 epoch(s)
[seed 0] [stage 2/3: joint VLE] [epoch 1/80] train_total=0.064155 val_score=1.431372 best=1.431372 P_MAE=6.8522 kPa y_iso_MAE=0.022871 T_MAE=8.6632 K y_isob_MAE=0.044818 improved=yes epoch_time=7.5s total_time=137.9s
[seed 0] [stage 2/3: joint VLE] [epoch 2/80] train_total=0.052390 val_score=1.203757 best=1.203757 P_MAE=8.2916 kPa y_iso_MAE=0.021182 T_MAE=4.7682 K y_isob_MAE=0.041067 improved=yes epoch_time=7.2s total_time=145.1s
[seed 0] [stage 2/3: joint VLE] [epoch 3/80] train_total=0.047088 val_score=1.072452 best=1.072452 P_MAE=9.0944 kPa y_iso_MAE=0.019336 T_MAE=2.9815 K y_isob_MAE=0.035086 improved=yes epoch_time=7.0s total_time=152.1s
[seed 0] [stage 2/3: joint VLE] [epoch 4/80] train_total=0.053567 val_score=1.030735 best=1.030735 P_MAE=4.8531 kPa y_iso_MAE=0.017080 T_MAE=5.9201 K y_isob_MAE=0.035953 improved=yes epoch_time=7.1s total_time=159.2s
[seed 0] [stage 2/3: joint VLE] [epoch 5/80] train_total=0.047006 val_score=1.015379 best=1.015379 P_MAE=5.6071 kPa y_iso_MAE=0.019727 T_MAE=4.5513 K y_isob_MAE=0.036809 improved=yes epoch_time=7.5s total_time=166.6s
[seed 0] [stage 2/3: joint VLE] [epoch 6/80] train_total=0.042745 val_score=1.263659 best=1.015379 P_MAE=8.1889 kPa y_iso_MAE=0.018216 T_MAE=6.0853 K y_isob_MAE=0.044296 improved=no epoch_time=7.4s total_time=174.0s
[seed 0] [stage 2/3: joint VLE] [epoch 7/80] train_total=0.041153 val_score=0.961344 best=0.961344 P_MAE=6.4649 kPa y_iso_MAE=0.018787 T_MAE=3.2254 K y_isob_MAE=0.037570 improved=yes epoch_time=7.7s total_time=181.8s
[seed 0] [stage 2/3: joint VLE] [epoch 8/80] train_total=0.044297 val_score=1.057182 best=0.961344 P_MAE=5.8266 kPa y_iso_MAE=0.016573 T_MAE=5.4689 K y_isob_MAE=0.038950 improved=no epoch_time=7.1s total_time=188.8s
[seed 0] [stage 2/3: joint VLE] [epoch 9/80] train_total=0.039671 val_score=0.897221 best=0.897221 P_MAE=6.3976 kPa y_iso_MAE=0.014256 T_MAE=3.1810 K y_isob_MAE=0.037723 improved=yes epoch_time=7.3s total_time=196.1s
[seed 0] [stage 2/3: joint VLE] [epoch 10/80] train_total=0.037350 val_score=1.282655 best=0.897221 P_MAE=9.0416 kPa y_iso_MAE=0.021593 T_MAE=5.6895 K y_isob_MAE=0.035662 improved=no epoch_time=7.3s total_time=203.3s
[seed 0] [stage 2/3: joint VLE] [epoch 11/80] train_total=0.039312 val_score=0.863022 best=0.863022 P_MAE=5.5039 kPa y_iso_MAE=0.017414 T_MAE=3.1863 K y_isob_MAE=0.031316 improved=yes epoch_time=7.3s total_time=210.6s
[seed 0] [stage 2/3: joint VLE] [epoch 12/80] train_total=0.032802 val_score=0.857967 best=0.857967 P_MAE=7.0634 kPa y_iso_MAE=0.015380 T_MAE=2.2995 K y_isob_MAE=0.031761 improved=yes epoch_time=7.4s total_time=218.0s
[seed 0] [stage 2/3: joint VLE] [epoch 13/80] train_total=0.033183 val_score=1.023005 best=0.857967 P_MAE=6.3949 kPa y_iso_MAE=0.019479 T_MAE=4.4639 K y_isob_MAE=0.031984 improved=no epoch_time=7.3s total_time=225.2s
[seed 0] [stage 2/3: joint VLE] [epoch 14/80] train_total=0.033225 val_score=0.897378 best=0.857967 P_MAE=5.3021 kPa y_iso_MAE=0.018158 T_MAE=3.6215 K y_isob_MAE=0.032537 improved=no epoch_time=7.3s total_time=232.5s
[seed 0] [stage 2/3: joint VLE] [epoch 15/80] train_total=0.033153 val_score=0.918669 best=0.857967 P_MAE=6.4756 kPa y_iso_MAE=0.016322 T_MAE=4.0781 K y_isob_MAE=0.023172 improved=no epoch_time=7.3s total_time=239.8s
[seed 0] [stage 2/3: joint VLE] [epoch 16/80] train_total=0.028200 val_score=0.683362 best=0.683362 P_MAE=4.1992 kPa y_iso_MAE=0.013933 T_MAE=2.5823 K y_isob_MAE=0.025251 improved=yes epoch_time=7.2s total_time=247.0s
[seed 0] [stage 2/3: joint VLE] [epoch 17/80] train_total=0.028566 val_score=0.947513 best=0.683362 P_MAE=6.9266 kPa y_iso_MAE=0.015575 T_MAE=4.3260 K y_isob_MAE=0.023017 improved=no epoch_time=7.2s total_time=254.2s
[seed 0] [stage 2/3: joint VLE] [epoch 18/80] train_total=0.030543 val_score=0.936919 best=0.683362 P_MAE=5.6013 kPa y_iso_MAE=0.016305 T_MAE=4.5010 K y_isob_MAE=0.030360 improved=no epoch_time=7.3s total_time=261.5s
[seed 0] [stage 2/3: joint VLE] [epoch 19/80] train_total=0.025404 val_score=1.127923 best=0.683362 P_MAE=6.4978 kPa y_iso_MAE=0.018377 T_MAE=5.7243 K y_isob_MAE=0.038247 improved=no epoch_time=7.6s total_time=269.1s
[seed 0] [stage 2/3: joint VLE] [epoch 20/80] train_total=0.023812 val_score=0.700895 best=0.683362 P_MAE=4.8773 kPa y_iso_MAE=0.014122 T_MAE=2.2826 K y_isob_MAE=0.025473 improved=no epoch_time=7.4s total_time=276.5s
[seed 0] [stage 2/3: joint VLE] [epoch 21/80] train_total=0.021050 val_score=0.665837 best=0.665837 P_MAE=4.0088 kPa y_iso_MAE=0.013172 T_MAE=2.2482 K y_isob_MAE=0.030344 improved=yes epoch_time=7.3s total_time=283.8s
[seed 0] [stage 2/3: joint VLE] [epoch 22/80] train_total=0.021594 val_score=0.718227 best=0.665837 P_MAE=4.8375 kPa y_iso_MAE=0.013431 T_MAE=2.8714 K y_isob_MAE=0.023138 improved=no epoch_time=7.2s total_time=291.0s
[seed 0] [stage 2/3: joint VLE] [epoch 23/80] train_total=0.023583 val_score=0.652394 best=0.652394 P_MAE=5.4522 kPa y_iso_MAE=0.011801 T_MAE=2.0414 K y_isob_MAE=0.018882 improved=yes epoch_time=7.3s total_time=298.3s
[seed 0] [stage 2/3: joint VLE] [epoch 24/80] train_total=0.023260 val_score=0.659761 best=0.652394 P_MAE=6.4585 kPa y_iso_MAE=0.012351 T_MAE=1.4539 K y_isob_MAE=0.016562 improved=no epoch_time=7.4s total_time=305.6s
[seed 0] [stage 2/3: joint VLE] [epoch 25/80] train_total=0.020379 val_score=0.585397 best=0.585397 P_MAE=5.1636 kPa y_iso_MAE=0.013578 T_MAE=1.1075 K y_isob_MAE=0.016139 improved=yes epoch_time=7.5s total_time=313.2s
[seed 0] [stage 2/3: joint VLE] [epoch 26/80] train_total=0.020398 val_score=0.554536 best=0.554536 P_MAE=4.3948 kPa y_iso_MAE=0.011766 T_MAE=1.3234 K y_isob_MAE=0.019662 improved=yes epoch_time=7.6s total_time=320.8s
[seed 0] [stage 2/3: joint VLE] [epoch 27/80] train_total=0.018596 val_score=0.634086 best=0.554536 P_MAE=5.4173 kPa y_iso_MAE=0.012964 T_MAE=1.8993 K y_isob_MAE=0.014236 improved=no epoch_time=7.3s total_time=328.1s
[seed 0] [stage 2/3: joint VLE] [epoch 28/80] train_total=0.016524 val_score=0.555309 best=0.554536 P_MAE=4.5946 kPa y_iso_MAE=0.011655 T_MAE=1.3131 K y_isob_MAE=0.018157 improved=no epoch_time=7.1s total_time=335.2s
[seed 0] [stage 2/3: joint VLE] [epoch 29/80] train_total=0.016206 val_score=0.520428 best=0.520428 P_MAE=4.7635 kPa y_iso_MAE=0.010392 T_MAE=1.0490 K y_isob_MAE=0.016177 improved=yes epoch_time=7.3s total_time=342.4s
[seed 0] [stage 2/3: joint VLE] [epoch 30/80] train_total=0.014873 val_score=0.579662 best=0.520428 P_MAE=4.8988 kPa y_iso_MAE=0.011955 T_MAE=1.4487 K y_isob_MAE=0.017346 improved=no epoch_time=7.4s total_time=349.8s
[seed 0] [stage 2/3: joint VLE] [epoch 31/80] train_total=0.016588 val_score=0.663375 best=0.520428 P_MAE=6.8003 kPa y_iso_MAE=0.010930 T_MAE=1.4781 K y_isob_MAE=0.017226 improved=no epoch_time=7.1s total_time=356.9s
[seed 0] [stage 2/3: joint VLE] [epoch 32/80] train_total=0.014886 val_score=0.576010 best=0.520428 P_MAE=4.7323 kPa y_iso_MAE=0.011834 T_MAE=1.6024 K y_isob_MAE=0.016503 improved=no epoch_time=7.7s total_time=364.6s
[seed 0] [stage 2/3: joint VLE] [epoch 33/80] train_total=0.014757 val_score=0.738355 best=0.520428 P_MAE=5.2649 kPa y_iso_MAE=0.014527 T_MAE=2.9285 K y_isob_MAE=0.019071 improved=no epoch_time=7.0s total_time=371.7s
[seed 0] [stage 2/3: joint VLE] [epoch 34/80] train_total=0.015079 val_score=0.803981 best=0.520428 P_MAE=5.3464 kPa y_iso_MAE=0.016505 T_MAE=3.0247 K y_isob_MAE=0.025295 improved=no epoch_time=7.3s total_time=379.0s
[seed 0] [stage 2/3: joint VLE] [epoch 35/80] train_total=0.016906 val_score=0.452601 best=0.452601 P_MAE=3.2130 kPa y_iso_MAE=0.010825 T_MAE=1.1275 K y_isob_MAE=0.016018 improved=yes epoch_time=7.2s total_time=386.1s
[seed 0] [stage 2/3: joint VLE] [epoch 36/80] train_total=0.016783 val_score=0.692999 best=0.452601 P_MAE=6.3942 kPa y_iso_MAE=0.013091 T_MAE=1.7616 K y_isob_MAE=0.017897 improved=no epoch_time=7.5s total_time=393.7s
[seed 0] [stage 2/3: joint VLE] [epoch 37/80] train_total=0.014935 val_score=0.613391 best=0.452601 P_MAE=6.4769 kPa y_iso_MAE=0.011646 T_MAE=1.0140 K y_isob_MAE=0.014709 improved=no epoch_time=7.1s total_time=400.7s
[seed 0] [stage 2/3: joint VLE] [epoch 38/80] train_total=0.013160 val_score=0.499886 best=0.452601 P_MAE=3.5563 kPa y_iso_MAE=0.011580 T_MAE=1.1879 K y_isob_MAE=0.019439 improved=no epoch_time=7.3s total_time=408.0s
[seed 0] [stage 2/3: joint VLE] [epoch 39/80] train_total=0.014086 val_score=0.609250 best=0.452601 P_MAE=4.2618 kPa y_iso_MAE=0.012637 T_MAE=2.1077 K y_isob_MAE=0.019184 improved=no epoch_time=7.4s total_time=415.4s
[seed 0] [stage 2/3: joint VLE] [epoch 40/80] train_total=0.015132 val_score=0.521254 best=0.452601 P_MAE=4.2758 kPa y_iso_MAE=0.012428 T_MAE=1.1964 K y_isob_MAE=0.013900 improved=no epoch_time=7.3s total_time=422.7s
[seed 0] [stage 2/3: joint VLE] [epoch 41/80] train_total=0.016116 val_score=0.586838 best=0.452601 P_MAE=3.7307 kPa y_iso_MAE=0.012496 T_MAE=2.3013 K y_isob_MAE=0.017743 improved=no epoch_time=7.2s total_time=429.9s
[seed 0] [stage 2/3: joint VLE] [epoch 42/80] train_total=0.013223 val_score=0.527268 best=0.452601 P_MAE=4.8828 kPa y_iso_MAE=0.010612 T_MAE=0.9583 K y_isob_MAE=0.017033 improved=no epoch_time=7.2s total_time=437.1s
[seed 0] [stage 2/3: joint VLE] [epoch 43/80] train_total=0.016159 val_score=0.661000 best=0.452601 P_MAE=5.2798 kPa y_iso_MAE=0.013581 T_MAE=2.2417 K y_isob_MAE=0.014859 improved=no epoch_time=7.3s total_time=444.4s
[seed 0] [stage 2/3: joint VLE] [epoch 44/80] train_total=0.012457 val_score=0.647785 best=0.452601 P_MAE=5.1439 kPa y_iso_MAE=0.012284 T_MAE=2.0627 K y_isob_MAE=0.019559 improved=no epoch_time=7.3s total_time=451.7s
[seed 0] [stage 2/3: joint VLE] [epoch 45/80] train_total=0.013364 val_score=0.532150 best=0.452601 P_MAE=3.8102 kPa y_iso_MAE=0.011730 T_MAE=1.6605 K y_isob_MAE=0.016489 improved=no epoch_time=7.5s total_time=459.2s
[seed 0] [stage 2/3: joint VLE] [epoch 46/80] train_total=0.012903 val_score=0.407459 best=0.407459 P_MAE=2.9198 kPa y_iso_MAE=0.009549 T_MAE=1.1891 K y_isob_MAE=0.012215 improved=yes epoch_time=7.3s total_time=466.5s
[seed 0] [stage 2/3: joint VLE] [epoch 47/80] train_total=0.011816 val_score=0.591107 best=0.407459 P_MAE=5.5430 kPa y_iso_MAE=0.012258 T_MAE=1.1040 K y_isob_MAE=0.016965 improved=no epoch_time=7.2s total_time=473.7s
[seed 0] [stage 2/3: joint VLE] [epoch 48/80] train_total=0.010877 val_score=0.538283 best=0.407459 P_MAE=5.2388 kPa y_iso_MAE=0.011356 T_MAE=1.0013 K y_isob_MAE=0.012959 improved=no epoch_time=7.5s total_time=481.2s
[seed 0] [stage 2/3: joint VLE] [epoch 49/80] train_total=0.011078 val_score=0.516337 best=0.407459 P_MAE=3.4196 kPa y_iso_MAE=0.013404 T_MAE=1.4807 K y_isob_MAE=0.015268 improved=no epoch_time=7.3s total_time=488.5s
[seed 0] [stage 2/3: joint VLE] [epoch 50/80] train_total=0.011576 val_score=0.524065 best=0.407459 P_MAE=5.1326 kPa y_iso_MAE=0.009897 T_MAE=1.1108 K y_isob_MAE=0.013515 improved=no epoch_time=7.6s total_time=496.0s
[seed 0] [stage 2/3: joint VLE] [epoch 51/80] train_total=0.011915 val_score=0.619439 best=0.407459 P_MAE=5.2078 kPa y_iso_MAE=0.014031 T_MAE=1.4556 K y_isob_MAE=0.016709 improved=no epoch_time=7.0s total_time=503.1s
[seed 0] [stage 2/3: joint VLE] [epoch 52/80] train_total=0.013278 val_score=0.541802 best=0.407459 P_MAE=4.9035 kPa y_iso_MAE=0.011379 T_MAE=1.2139 K y_isob_MAE=0.014193 improved=no epoch_time=7.1s total_time=510.2s
[seed 0] [stage 2/3: joint VLE] [epoch 53/80] train_total=0.011053 val_score=0.550611 best=0.407459 P_MAE=4.1020 kPa y_iso_MAE=0.012680 T_MAE=1.4548 K y_isob_MAE=0.017600 improved=no epoch_time=7.2s total_time=517.4s
[seed 0] [stage 2/3: joint VLE] [epoch 54/80] train_total=0.009961 val_score=0.589221 best=0.407459 P_MAE=6.3447 kPa y_iso_MAE=0.011059 T_MAE=0.9518 K y_isob_MAE=0.013490 improved=no epoch_time=7.5s total_time=524.9s
[seed 0] [stage 2/3: joint VLE] [epoch 55/80] train_total=0.012143 val_score=0.544724 best=0.407459 P_MAE=4.7950 kPa y_iso_MAE=0.013035 T_MAE=1.1546 K y_isob_MAE=0.012289 improved=no epoch_time=7.4s total_time=532.3s
[seed 0] [stage 2/3: joint VLE] [epoch 56/80] train_total=0.011903 val_score=0.776659 best=0.407459 P_MAE=6.0034 kPa y_iso_MAE=0.015148 T_MAE=2.6726 K y_isob_MAE=0.021236 improved=no epoch_time=7.1s total_time=539.5s
[seed 0] [stage 2/3: joint VLE] [epoch 57/80] train_total=0.014556 val_score=0.589872 best=0.407459 P_MAE=4.7243 kPa y_iso_MAE=0.014272 T_MAE=1.5861 K y_isob_MAE=0.013107 improved=no epoch_time=7.3s total_time=546.7s
[seed 0] [stage 2/3: joint VLE] [epoch 58/80] train_total=0.012050 val_score=0.495518 best=0.407459 P_MAE=4.1578 kPa y_iso_MAE=0.011985 T_MAE=0.9853 K y_isob_MAE=0.013904 improved=no epoch_time=7.4s total_time=554.1s
{"direct_ge_parameter_summary": {"stage1_trainable_parameters": 1977601, "stage2_trainable_parameters": 2015043, "stage3": {"groups": [{"learning_rate": 2e-05, "name": "pair_potential", "parameter_count": 110977, "parameter_names": ["pair_potential.0.weight", "pair_potential.0.bias", "pair_potential.2.weight", "pair_potential.2.bias"]}, {"learning_rate": 1e-05, "name": "vapor_pressure", "parameter_count": 37442, "parameter_names": ["vapor_pressure.parameter_head.0.weight", "vapor_pressure.parameter_head.0.bias", "vapor_pressure.parameter_head.2.weight", "vapor_pressure.parameter_head.2.bias"]}, {"learning_rate": 5e-06, "name": "film", "parameter_count": 111744, "parameter_names": ["film.0.weight", "film.0.bias", "film.2.weight", "film.2.bias"]}, {"learning_rate": 5e-06, "name": "mixture_token", "parameter_count": 192, "parameter_names": ["mixture_token"]}], "total_parameters": 2015043, "trainable_fraction": 0.1292056794817778, "trainable_parameters": 260355}, "total_parameters": 2015043, "trainable_fraction": 0.1292056794817778, "trainable_parameters": 260355}}
[seed 0] [stage 3/3: fugacity] starting 10 epoch(s)
[seed 0] [stage 3/3: fugacity] [epoch 1/10] train_total=0.010239 val_score=0.455295 best=0.455295 P_MAE=4.0548 kPa y_iso_MAE=0.009773 T_MAE=1.0012 K y_isob_MAE=0.012315 improved=yes epoch_time=7.1s total_time=561.2s
[seed 0] [stage 3/3: fugacity] [epoch 2/10] train_total=0.009267 val_score=0.453566 best=0.453566 P_MAE=4.1968 kPa y_iso_MAE=0.009681 T_MAE=0.8922 K y_isob_MAE=0.012233 improved=yes epoch_time=7.4s total_time=568.6s
[seed 0] [stage 3/3: fugacity] [epoch 3/10] train_total=0.008961 val_score=0.453442 best=0.453442 P_MAE=4.0961 kPa y_iso_MAE=0.009860 T_MAE=0.9257 K y_isob_MAE=0.012314 improved=yes epoch_time=7.2s total_time=575.8s
[seed 0] [stage 3/3: fugacity] [epoch 4/10] train_total=0.009014 val_score=0.440426 best=0.440426 P_MAE=3.9298 kPa y_iso_MAE=0.009782 T_MAE=0.8842 K y_isob_MAE=0.012127 improved=yes epoch_time=7.5s total_time=583.3s
[seed 0] [stage 3/3: fugacity] [epoch 5/10] train_total=0.008717 val_score=0.442243 best=0.440426 P_MAE=4.0308 kPa y_iso_MAE=0.009655 T_MAE=0.8592 K y_isob_MAE=0.012140 improved=no epoch_time=7.0s total_time=590.3s
[seed 0] [stage 3/3: fugacity] [epoch 6/10] train_total=0.009230 val_score=0.437862 best=0.437862 P_MAE=3.9374 kPa y_iso_MAE=0.009719 T_MAE=0.8324 K y_isob_MAE=0.012407 improved=yes epoch_time=7.1s total_time=597.4s
[seed 0] [stage 3/3: fugacity] [epoch 7/10] train_total=0.008883 val_score=0.430707 best=0.430707 P_MAE=3.8601 kPa y_iso_MAE=0.009678 T_MAE=0.8135 K y_isob_MAE=0.012096 improved=yes epoch_time=6.8s total_time=604.2s
[seed 0] [stage 3/3: fugacity] [epoch 8/10] train_total=0.009076 val_score=0.442142 best=0.430707 P_MAE=4.0160 kPa y_iso_MAE=0.009866 T_MAE=0.7995 K y_isob_MAE=0.012543 improved=no epoch_time=7.0s total_time=611.3s
[seed 0] [stage 3/3: fugacity] [epoch 9/10] train_total=0.008698 val_score=0.438934 best=0.430707 P_MAE=4.1014 kPa y_iso_MAE=0.009610 T_MAE=0.7606 K y_isob_MAE=0.012206 improved=no epoch_time=7.0s total_time=618.2s
[seed 0] [stage 3/3: fugacity] [epoch 10/10] train_total=0.008658 val_score=0.448117 best=0.430707 P_MAE=3.9801 kPa y_iso_MAE=0.009986 T_MAE=0.8518 K y_isob_MAE=0.013116 improved=no epoch_time=7.5s total_time=625.7s
{"protocol": "vle_binary_state_pressure_high_extrapolation", "seed": 0, "manifest": "D:\\VLE\\VLE\\thermoformer_project\\runs\\phase_equilibrium\\v1\\vle\\three\\results\\thermoformer_vle_three_stage.on.vle_binary_state_pressure_high_extrapolation\\seed_0\\manifest.json"}
[stage experimental] starting 80 epoch(s)
[stage experimental] [epoch 1/80] train_total=0.818283 val_total=0.145195 best=0.145195 improved=yes epoch_time=1.5s total_time=1.5s
[stage experimental] [epoch 2/80] train_total=0.112397 val_total=0.036198 best=0.036198 improved=yes epoch_time=1.5s total_time=2.9s
[stage experimental] [epoch 3/80] train_total=0.073780 val_total=0.027890 best=0.027890 improved=yes epoch_time=1.4s total_time=4.4s
[stage experimental] [epoch 4/80] train_total=0.059515 val_total=0.052064 best=0.027890 improved=no epoch_time=1.5s total_time=5.8s
[stage experimental] [epoch 5/80] train_total=0.050809 val_total=0.032056 best=0.027890 improved=no epoch_time=1.5s total_time=7.3s
[stage experimental] [epoch 6/80] train_total=0.051396 val_total=0.070088 best=0.027890 improved=no epoch_time=1.5s total_time=8.8s
[stage experimental] [epoch 7/80] train_total=0.048874 val_total=0.026895 best=0.026895 improved=yes epoch_time=1.5s total_time=10.2s
[stage experimental] [epoch 8/80] train_total=0.041714 val_total=0.029710 best=0.026895 improved=no epoch_time=1.5s total_time=11.7s
[stage experimental] [epoch 9/80] train_total=0.042355 val_total=0.057930 best=0.026895 improved=no epoch_time=1.7s total_time=13.4s
[stage experimental] [epoch 10/80] train_total=0.041556 val_total=0.028045 best=0.026895 improved=no epoch_time=1.6s total_time=15.0s
[stage experimental] [epoch 11/80] train_total=0.040111 val_total=0.020371 best=0.020371 improved=yes epoch_time=1.6s total_time=16.6s
[stage experimental] [epoch 12/80] train_total=0.043372 val_total=0.037465 best=0.020371 improved=no epoch_time=1.6s total_time=18.2s
[stage experimental] [epoch 13/80] train_total=0.035429 val_total=0.022217 best=0.020371 improved=no epoch_time=1.4s total_time=19.6s
[stage experimental] [epoch 14/80] train_total=0.033359 val_total=0.018204 best=0.018204 improved=yes epoch_time=1.5s total_time=21.1s
[stage experimental] [epoch 15/80] train_total=0.034176 val_total=0.025666 best=0.018204 improved=no epoch_time=1.4s total_time=22.5s
[stage experimental] [epoch 16/80] train_total=0.033474 val_total=0.012469 best=0.012469 improved=yes epoch_time=1.4s total_time=23.9s
[stage experimental] [epoch 17/80] train_total=0.033099 val_total=0.021519 best=0.012469 improved=no epoch_time=1.4s total_time=25.3s
[stage experimental] [epoch 18/80] train_total=0.030672 val_total=0.044234 best=0.012469 improved=no epoch_time=1.4s total_time=26.8s
[stage experimental] [epoch 19/80] train_total=0.034184 val_total=0.029755 best=0.012469 improved=no epoch_time=1.5s total_time=28.2s
[stage experimental] [epoch 20/80] train_total=0.029576 val_total=0.047864 best=0.012469 improved=no epoch_time=1.4s total_time=29.6s
[stage experimental] [epoch 21/80] train_total=0.027130 val_total=0.026934 best=0.012469 improved=no epoch_time=1.4s total_time=31.1s
[stage experimental] [epoch 22/80] train_total=0.023634 val_total=0.025514 best=0.012469 improved=no epoch_time=1.5s total_time=32.6s
[stage experimental] [epoch 23/80] train_total=0.022219 val_total=0.011904 best=0.011904 improved=yes epoch_time=1.4s total_time=34.0s
[stage experimental] [epoch 24/80] train_total=0.022655 val_total=0.013562 best=0.011904 improved=no epoch_time=1.4s total_time=35.5s
[stage experimental] [epoch 25/80] train_total=0.027046 val_total=0.018385 best=0.011904 improved=no epoch_time=1.4s total_time=36.9s
[stage experimental] [epoch 26/80] train_total=0.020559 val_total=0.025913 best=0.011904 improved=no epoch_time=1.4s total_time=38.3s
[stage experimental] [epoch 27/80] train_total=0.019466 val_total=0.023660 best=0.011904 improved=no epoch_time=1.4s total_time=39.7s
[stage experimental] [epoch 28/80] train_total=0.021004 val_total=0.018303 best=0.011904 improved=no epoch_time=1.4s total_time=41.1s
[stage experimental] [epoch 29/80] train_total=0.020583 val_total=0.012493 best=0.011904 improved=no epoch_time=1.4s total_time=42.5s
[stage experimental] [epoch 30/80] train_total=0.016356 val_total=0.015120 best=0.011904 improved=no epoch_time=1.4s total_time=43.9s
[stage experimental] [epoch 31/80] train_total=0.017371 val_total=0.024132 best=0.011904 improved=no epoch_time=1.5s total_time=45.4s
[stage experimental] [epoch 32/80] train_total=0.018624 val_total=0.022352 best=0.011904 improved=no epoch_time=1.5s total_time=46.8s
[stage experimental] [epoch 33/80] train_total=0.017814 val_total=0.018106 best=0.011904 improved=no epoch_time=1.4s total_time=48.3s
[stage experimental] [epoch 34/80] train_total=0.015214 val_total=0.009980 best=0.009980 improved=yes epoch_time=1.4s total_time=49.7s
[stage experimental] [epoch 35/80] train_total=0.015174 val_total=0.012416 best=0.009980 improved=no epoch_time=1.4s total_time=51.1s
[stage experimental] [epoch 36/80] train_total=0.014165 val_total=0.010107 best=0.009980 improved=no epoch_time=1.5s total_time=52.6s
[stage experimental] [epoch 37/80] train_total=0.014305 val_total=0.013662 best=0.009980 improved=no epoch_time=1.5s total_time=54.1s
[stage experimental] [epoch 38/80] train_total=0.014504 val_total=0.014249 best=0.009980 improved=no epoch_time=1.5s total_time=55.6s
[stage experimental] [epoch 39/80] train_total=0.013146 val_total=0.008556 best=0.008556 improved=yes epoch_time=1.5s total_time=57.1s
[stage experimental] [epoch 40/80] train_total=0.011051 val_total=0.016560 best=0.008556 improved=no epoch_time=1.4s total_time=58.5s
[stage experimental] [epoch 41/80] train_total=0.011430 val_total=0.009037 best=0.008556 improved=no epoch_time=1.5s total_time=60.0s
[stage experimental] [epoch 42/80] train_total=0.012771 val_total=0.007187 best=0.007187 improved=yes epoch_time=1.5s total_time=61.4s
[stage experimental] [epoch 43/80] train_total=0.010339 val_total=0.011081 best=0.007187 improved=no epoch_time=1.5s total_time=62.9s
[stage experimental] [epoch 44/80] train_total=0.012454 val_total=0.009725 best=0.007187 improved=no epoch_time=1.4s total_time=64.3s
[stage experimental] [epoch 45/80] train_total=0.012789 val_total=0.015019 best=0.007187 improved=no epoch_time=1.5s total_time=65.8s
[stage experimental] [epoch 46/80] train_total=0.010893 val_total=0.007327 best=0.007187 improved=no epoch_time=1.4s total_time=67.2s
[stage experimental] [epoch 47/80] train_total=0.008960 val_total=0.026635 best=0.007187 improved=no epoch_time=1.4s total_time=68.6s
[stage experimental] [epoch 48/80] train_total=0.010833 val_total=0.013791 best=0.007187 improved=no epoch_time=1.4s total_time=70.1s
[stage experimental] [epoch 49/80] train_total=0.009201 val_total=0.012516 best=0.007187 improved=no epoch_time=1.5s total_time=71.6s
[stage experimental] [epoch 50/80] train_total=0.012448 val_total=0.007318 best=0.007187 improved=no epoch_time=1.5s total_time=73.0s
[stage experimental] [epoch 51/80] train_total=0.009598 val_total=0.005879 best=0.005879 improved=yes epoch_time=1.5s total_time=74.6s
[stage experimental] [epoch 52/80] train_total=0.009335 val_total=0.006264 best=0.005879 improved=no epoch_time=1.5s total_time=76.1s
[stage experimental] [epoch 53/80] train_total=0.008482 val_total=0.008236 best=0.005879 improved=no epoch_time=1.5s total_time=77.6s
[stage experimental] [epoch 54/80] train_total=0.008848 val_total=0.005157 best=0.005157 improved=yes epoch_time=1.5s total_time=79.1s
[stage experimental] [epoch 55/80] train_total=0.007596 val_total=0.009947 best=0.005157 improved=no epoch_time=1.5s total_time=80.6s
[stage experimental] [epoch 56/80] train_total=0.010379 val_total=0.005096 best=0.005096 improved=yes epoch_time=1.5s total_time=82.1s
[stage experimental] [epoch 57/80] train_total=0.009508 val_total=0.009290 best=0.005096 improved=no epoch_time=1.6s total_time=83.6s
[stage experimental] [epoch 58/80] train_total=0.010605 val_total=0.007245 best=0.005096 improved=no epoch_time=1.6s total_time=85.2s
[stage experimental] [epoch 59/80] train_total=0.009380 val_total=0.003381 best=0.003381 improved=yes epoch_time=1.5s total_time=86.7s
[stage experimental] [epoch 60/80] train_total=0.008872 val_total=0.008739 best=0.003381 improved=no epoch_time=1.4s total_time=88.1s
[stage experimental] [epoch 61/80] train_total=0.008670 val_total=0.005935 best=0.003381 improved=no epoch_time=1.2s total_time=89.3s
[stage experimental] [epoch 62/80] train_total=0.008300 val_total=0.009301 best=0.003381 improved=no epoch_time=1.5s total_time=90.8s
[stage experimental] [epoch 63/80] train_total=0.007727 val_total=0.020399 best=0.003381 improved=no epoch_time=1.7s total_time=92.4s
[stage experimental] [epoch 64/80] train_total=0.010726 val_total=0.014553 best=0.003381 improved=no epoch_time=1.6s total_time=94.0s
[stage experimental] [epoch 65/80] train_total=0.009206 val_total=0.004017 best=0.003381 improved=no epoch_time=1.5s total_time=95.5s
[stage experimental] [epoch 66/80] train_total=0.010955 val_total=0.006725 best=0.003381 improved=no epoch_time=1.6s total_time=97.0s
[stage experimental] [epoch 67/80] train_total=0.008223 val_total=0.006218 best=0.003381 improved=no epoch_time=1.6s total_time=98.6s
[stage experimental] [epoch 68/80] train_total=0.008020 val_total=0.009583 best=0.003381 improved=no epoch_time=1.6s total_time=100.2s
[stage experimental] [epoch 69/80] train_total=0.007351 val_total=0.003536 best=0.003381 improved=no epoch_time=1.5s total_time=101.7s
[stage experimental] [epoch 70/80] train_total=0.009125 val_total=0.006270 best=0.003381 improved=no epoch_time=1.5s total_time=103.2s
[stage experimental] [epoch 71/80] train_total=0.007687 val_total=0.006967 best=0.003381 improved=no epoch_time=1.6s total_time=104.8s
[stage experimental] early stopping at epoch 71; best_validation=0.003381
[seed 1] [stage 1/3: direct GE] starting 20 epoch(s)
[seed 1] [stage 1/3: direct GE] [epoch 1/20] train_total=0.005044 val_score=1.543114 best=1.543114 P_MAE=5.7163 kPa y_iso_MAE=0.011845 T_MAE=1.9635 K y_isob_MAE=0.018352 improved=yes epoch_time=6.3s total_time=11.1s
[seed 1] [stage 1/3: direct GE] [epoch 2/20] train_total=0.003844 val_score=1.703904 best=1.543114 P_MAE=6.0123 kPa y_iso_MAE=0.013042 T_MAE=2.2050 K y_isob_MAE=0.021136 improved=no epoch_time=6.5s total_time=17.6s
[seed 1] [stage 1/3: direct GE] [epoch 3/20] train_total=0.003710 val_score=1.941109 best=1.543114 P_MAE=5.6537 kPa y_iso_MAE=0.012130 T_MAE=2.8126 K y_isob_MAE=0.029075 improved=no epoch_time=6.3s total_time=23.9s
[seed 1] [stage 1/3: direct GE] [epoch 4/20] train_total=0.003429 val_score=1.820046 best=1.543114 P_MAE=5.9573 kPa y_iso_MAE=0.012337 T_MAE=2.5038 K y_isob_MAE=0.024834 improved=no epoch_time=6.6s total_time=30.6s
[seed 1] [stage 1/3: direct GE] [epoch 5/20] train_total=0.003618 val_score=2.000871 best=1.543114 P_MAE=5.7635 kPa y_iso_MAE=0.012328 T_MAE=3.0249 K y_isob_MAE=0.028864 improved=no epoch_time=6.7s total_time=37.3s
[seed 1] [stage 1/3: direct GE] [epoch 6/20] train_total=0.003280 val_score=2.218729 best=1.543114 P_MAE=5.4828 kPa y_iso_MAE=0.012218 T_MAE=3.9557 K y_isob_MAE=0.030150 improved=no epoch_time=6.1s total_time=43.4s
[seed 1] [stage 1/3: direct GE] [epoch 7/20] train_total=0.003302 val_score=2.052313 best=1.543114 P_MAE=5.7921 kPa y_iso_MAE=0.011803 T_MAE=3.2381 K y_isob_MAE=0.029519 improved=no epoch_time=6.5s total_time=49.9s
[seed 1] [stage 1/3: direct GE] [epoch 8/20] train_total=0.003289 val_score=2.016335 best=1.543114 P_MAE=6.2993 kPa y_iso_MAE=0.011907 T_MAE=3.0578 K y_isob_MAE=0.027538 improved=no epoch_time=6.3s total_time=56.2s
[seed 1] [stage 1/3: direct GE] [epoch 9/20] train_total=0.003224 val_score=2.092315 best=1.543114 P_MAE=6.0208 kPa y_iso_MAE=0.011810 T_MAE=3.4303 K y_isob_MAE=0.028230 improved=no epoch_time=6.3s total_time=62.5s
[seed 1] [stage 1/3: direct GE] [epoch 10/20] train_total=0.003341 val_score=2.406367 best=1.543114 P_MAE=6.9113 kPa y_iso_MAE=0.014205 T_MAE=3.9687 K y_isob_MAE=0.031377 improved=no epoch_time=6.3s total_time=68.8s
[seed 1] [stage 1/3: direct GE] [epoch 11/20] train_total=0.003252 val_score=2.399199 best=1.543114 P_MAE=6.3144 kPa y_iso_MAE=0.013187 T_MAE=4.0843 K y_isob_MAE=0.033459 improved=no epoch_time=6.2s total_time=75.0s
[seed 1] [stage 1/3: direct GE] [epoch 12/20] train_total=0.003240 val_score=2.141610 best=1.543114 P_MAE=6.8260 kPa y_iso_MAE=0.012220 T_MAE=3.2374 K y_isob_MAE=0.029375 improved=no epoch_time=6.4s total_time=81.4s
[seed 1] [stage 1/3: direct GE] [epoch 13/20] train_total=0.003150 val_score=2.495478 best=1.543114 P_MAE=7.1524 kPa y_iso_MAE=0.014049 T_MAE=3.7582 K y_isob_MAE=0.038140 improved=no epoch_time=6.2s total_time=87.6s
[seed 1] [stage 1/3: direct GE] [epoch 14/20] train_total=0.003278 val_score=2.597734 best=1.543114 P_MAE=7.4129 kPa y_iso_MAE=0.015020 T_MAE=4.0550 K y_isob_MAE=0.037465 improved=no epoch_time=6.3s total_time=93.9s
[seed 1] [stage 1/3: direct GE] [epoch 15/20] train_total=0.003305 val_score=2.396648 best=1.543114 P_MAE=6.6777 kPa y_iso_MAE=0.012113 T_MAE=4.1492 K y_isob_MAE=0.032365 improved=no epoch_time=6.3s total_time=100.2s
[seed 1] [stage 1/3: direct GE] [epoch 16/20] train_total=0.003058 val_score=2.344926 best=1.543114 P_MAE=7.0116 kPa y_iso_MAE=0.012691 T_MAE=3.8367 K y_isob_MAE=0.031335 improved=no epoch_time=6.2s total_time=106.4s
[seed 1] [stage 1/3: direct GE] [epoch 17/20] train_total=0.003143 val_score=2.452107 best=1.543114 P_MAE=7.7687 kPa y_iso_MAE=0.013061 T_MAE=3.7931 K y_isob_MAE=0.033985 improved=no epoch_time=6.3s total_time=112.7s
[seed 1] [stage 1/3: direct GE] [epoch 18/20] train_total=0.003190 val_score=2.375401 best=1.543114 P_MAE=7.6541 kPa y_iso_MAE=0.012327 T_MAE=3.6868 K y_isob_MAE=0.032648 improved=no epoch_time=6.3s total_time=119.0s
[seed 1] [stage 1/3: direct GE] [epoch 19/20] train_total=0.002946 val_score=2.425149 best=1.543114 P_MAE=6.9980 kPa y_iso_MAE=0.012480 T_MAE=4.0428 K y_isob_MAE=0.033414 improved=no epoch_time=6.3s total_time=125.3s
[seed 1] [stage 1/3: direct GE] [epoch 20/20] train_total=0.003058 val_score=2.261992 best=1.543114 P_MAE=7.6791 kPa y_iso_MAE=0.012616 T_MAE=3.5125 K y_isob_MAE=0.028187 improved=no epoch_time=6.4s total_time=131.7s
[seed 1] [stage 2/3: joint VLE] starting 80 epoch(s)
[seed 1] [stage 2/3: joint VLE] [epoch 1/80] train_total=0.020054 val_score=1.606565 best=1.606565 P_MAE=7.1505 kPa y_iso_MAE=0.014679 T_MAE=1.5880 K y_isob_MAE=0.016616 improved=yes epoch_time=7.4s total_time=139.1s
[seed 1] [stage 2/3: joint VLE] [epoch 2/80] train_total=0.013392 val_score=1.228210 best=1.228210 P_MAE=5.4386 kPa y_iso_MAE=0.010708 T_MAE=1.2408 K y_isob_MAE=0.013175 improved=yes epoch_time=7.8s total_time=146.9s
[seed 1] [stage 2/3: joint VLE] [epoch 3/80] train_total=0.013557 val_score=1.587066 best=1.228210 P_MAE=4.1266 kPa y_iso_MAE=0.013628 T_MAE=2.1883 K y_isob_MAE=0.022324 improved=no epoch_time=7.4s total_time=154.3s
[seed 1] [stage 2/3: joint VLE] [epoch 4/80] train_total=0.014260 val_score=1.423220 best=1.228210 P_MAE=4.6776 kPa y_iso_MAE=0.010478 T_MAE=1.6487 K y_isob_MAE=0.022198 improved=no epoch_time=7.3s total_time=161.7s
[seed 1] [stage 2/3: joint VLE] [epoch 5/80] train_total=0.018404 val_score=1.411715 best=1.228210 P_MAE=4.1799 kPa y_iso_MAE=0.011473 T_MAE=1.9537 K y_isob_MAE=0.018440 improved=no epoch_time=7.6s total_time=169.3s
[seed 1] [stage 2/3: joint VLE] [epoch 6/80] train_total=0.014803 val_score=1.317540 best=1.228210 P_MAE=4.0782 kPa y_iso_MAE=0.013256 T_MAE=1.3174 K y_isob_MAE=0.019514 improved=no epoch_time=7.4s total_time=176.7s
[seed 1] [stage 2/3: joint VLE] [epoch 7/80] train_total=0.015622 val_score=1.769828 best=1.228210 P_MAE=6.6191 kPa y_iso_MAE=0.014067 T_MAE=2.2073 K y_isob_MAE=0.020698 improved=no epoch_time=7.6s total_time=184.2s
[seed 1] [stage 2/3: joint VLE] [epoch 8/80] train_total=0.013768 val_score=1.295427 best=1.228210 P_MAE=5.1204 kPa y_iso_MAE=0.011471 T_MAE=1.3480 K y_isob_MAE=0.015818 improved=no epoch_time=7.1s total_time=191.4s
[seed 1] [stage 2/3: joint VLE] [epoch 9/80] train_total=0.015978 val_score=1.106917 best=1.106917 P_MAE=3.8537 kPa y_iso_MAE=0.011423 T_MAE=1.1965 K y_isob_MAE=0.012999 improved=yes epoch_time=7.5s total_time=198.8s
[seed 1] [stage 2/3: joint VLE] [epoch 10/80] train_total=0.012533 val_score=1.133337 best=1.106917 P_MAE=5.6773 kPa y_iso_MAE=0.010880 T_MAE=0.7548 K y_isob_MAE=0.012983 improved=no epoch_time=7.4s total_time=206.2s
[seed 1] [stage 2/3: joint VLE] [epoch 11/80] train_total=0.013228 val_score=1.813257 best=1.106917 P_MAE=6.2920 kPa y_iso_MAE=0.014259 T_MAE=2.4371 K y_isob_MAE=0.021269 improved=no epoch_time=7.3s total_time=213.5s
[seed 1] [stage 2/3: joint VLE] [epoch 12/80] train_total=0.012534 val_score=1.248041 best=1.106917 P_MAE=6.1859 kPa y_iso_MAE=0.009956 T_MAE=1.1756 K y_isob_MAE=0.012887 improved=no epoch_time=7.3s total_time=220.8s
[seed 1] [stage 2/3: joint VLE] [epoch 13/80] train_total=0.011044 val_score=1.192875 best=1.106917 P_MAE=5.2262 kPa y_iso_MAE=0.012384 T_MAE=0.9587 K y_isob_MAE=0.013528 improved=no epoch_time=7.3s total_time=228.1s
[seed 1] [stage 2/3: joint VLE] [epoch 14/80] train_total=0.012423 val_score=1.312873 best=1.106917 P_MAE=5.3862 kPa y_iso_MAE=0.012502 T_MAE=1.4118 K y_isob_MAE=0.013400 improved=no epoch_time=7.3s total_time=235.4s
[seed 1] [stage 2/3: joint VLE] [epoch 15/80] train_total=0.012338 val_score=1.240239 best=1.106917 P_MAE=4.3312 kPa y_iso_MAE=0.013193 T_MAE=1.2500 K y_isob_MAE=0.015142 improved=no epoch_time=7.9s total_time=243.3s
[seed 1] [stage 2/3: joint VLE] [epoch 16/80] train_total=0.012605 val_score=1.155838 best=1.106917 P_MAE=5.3917 kPa y_iso_MAE=0.010195 T_MAE=0.9392 K y_isob_MAE=0.014002 improved=no epoch_time=7.5s total_time=250.8s
[seed 1] [stage 2/3: joint VLE] [epoch 17/80] train_total=0.011712 val_score=1.243964 best=1.106917 P_MAE=4.5420 kPa y_iso_MAE=0.012968 T_MAE=1.3941 K y_isob_MAE=0.012879 improved=no epoch_time=7.6s total_time=258.4s
[seed 1] [stage 2/3: joint VLE] [epoch 18/80] train_total=0.013634 val_score=1.398345 best=1.106917 P_MAE=5.2863 kPa y_iso_MAE=0.012974 T_MAE=1.3591 K y_isob_MAE=0.018552 improved=no epoch_time=7.3s total_time=265.7s
[seed 1] [stage 2/3: joint VLE] [epoch 19/80] train_total=0.011169 val_score=1.130437 best=1.106917 P_MAE=5.1383 kPa y_iso_MAE=0.009987 T_MAE=0.9995 K y_isob_MAE=0.013213 improved=no epoch_time=7.3s total_time=273.0s
[seed 1] [stage 2/3: joint VLE] [epoch 20/80] train_total=0.011095 val_score=1.201642 best=1.106917 P_MAE=4.8701 kPa y_iso_MAE=0.011230 T_MAE=1.1776 K y_isob_MAE=0.014291 improved=no epoch_time=7.3s total_time=280.3s
[seed 1] [stage 2/3: joint VLE] [epoch 21/80] train_total=0.011495 val_score=1.129026 best=1.106917 P_MAE=4.4051 kPa y_iso_MAE=0.010990 T_MAE=1.1213 K y_isob_MAE=0.013379 improved=no epoch_time=7.3s total_time=287.6s
{"direct_ge_parameter_summary": {"stage1_trainable_parameters": 1977601, "stage2_trainable_parameters": 2015043, "stage3": {"groups": [{"learning_rate": 2e-05, "name": "pair_potential", "parameter_count": 110977, "parameter_names": ["pair_potential.0.weight", "pair_potential.0.bias", "pair_potential.2.weight", "pair_potential.2.bias"]}, {"learning_rate": 1e-05, "name": "vapor_pressure", "parameter_count": 37442, "parameter_names": ["vapor_pressure.parameter_head.0.weight", "vapor_pressure.parameter_head.0.bias", "vapor_pressure.parameter_head.2.weight", "vapor_pressure.parameter_head.2.bias"]}, {"learning_rate": 5e-06, "name": "film", "parameter_count": 111744, "parameter_names": ["film.0.weight", "film.0.bias", "film.2.weight", "film.2.bias"]}, {"learning_rate": 5e-06, "name": "mixture_token", "parameter_count": 192, "parameter_names": ["mixture_token"]}], "total_parameters": 2015043, "trainable_fraction": 0.1292056794817778, "trainable_parameters": 260355}, "total_parameters": 2015043, "trainable_fraction": 0.1292056794817778, "trainable_parameters": 260355}}
[seed 1] [stage 3/3: fugacity] starting 10 epoch(s)
[seed 1] [stage 3/3: fugacity] [epoch 1/10] train_total=0.011725 val_score=1.183464 best=1.183464 P_MAE=4.3806 kPa y_iso_MAE=0.010984 T_MAE=1.3452 K y_isob_MAE=0.013585 improved=yes epoch_time=7.2s total_time=294.8s
[seed 1] [stage 3/3: fugacity] [epoch 2/10] train_total=0.010078 val_score=1.112883 best=1.112883 P_MAE=4.3556 kPa y_iso_MAE=0.010784 T_MAE=1.0899 K y_isob_MAE=0.013394 improved=yes epoch_time=7.2s total_time=302.0s
[seed 1] [stage 3/3: fugacity] [epoch 3/10] train_total=0.009439 val_score=1.112436 best=1.112436 P_MAE=4.3675 kPa y_iso_MAE=0.010671 T_MAE=1.0745 K y_isob_MAE=0.013670 improved=yes epoch_time=7.1s total_time=309.0s
[seed 1] [stage 3/3: fugacity] [epoch 4/10] train_total=0.009193 val_score=1.058523 best=1.058523 P_MAE=4.4016 kPa y_iso_MAE=0.010513 T_MAE=0.8811 K y_isob_MAE=0.013280 improved=yes epoch_time=7.3s total_time=316.3s
[seed 1] [stage 3/3: fugacity] [epoch 5/10] train_total=0.009200 val_score=1.068420 best=1.058523 P_MAE=4.3546 kPa y_iso_MAE=0.010554 T_MAE=0.8981 K y_isob_MAE=0.013750 improved=no epoch_time=7.2s total_time=323.5s
[seed 1] [stage 3/3: fugacity] [epoch 6/10] train_total=0.008806 val_score=1.083451 best=1.058523 P_MAE=4.3346 kPa y_iso_MAE=0.010553 T_MAE=0.9380 K y_isob_MAE=0.014145 improved=no epoch_time=7.3s total_time=330.8s
[seed 1] [stage 3/3: fugacity] [epoch 7/10] train_total=0.009054 val_score=1.070076 best=1.058523 P_MAE=4.2017 kPa y_iso_MAE=0.010536 T_MAE=0.9312 K y_isob_MAE=0.014100 improved=no epoch_time=7.3s total_time=338.1s
[seed 1] [stage 3/3: fugacity] [epoch 8/10] train_total=0.009067 val_score=1.044249 best=1.044249 P_MAE=4.1614 kPa y_iso_MAE=0.010422 T_MAE=0.8475 K y_isob_MAE=0.014095 improved=yes epoch_time=7.2s total_time=345.3s
[seed 1] [stage 3/3: fugacity] [epoch 9/10] train_total=0.008814 val_score=1.030980 best=1.030980 P_MAE=4.2584 kPa y_iso_MAE=0.010264 T_MAE=0.8019 K y_isob_MAE=0.013751 improved=yes epoch_time=7.1s total_time=352.4s
[seed 1] [stage 3/3: fugacity] [epoch 10/10] train_total=0.008964 val_score=1.049374 best=1.030980 P_MAE=4.2694 kPa y_iso_MAE=0.010334 T_MAE=0.8540 K y_isob_MAE=0.013943 improved=no epoch_time=7.1s total_time=359.5s
{"protocol": "vle_binary_state_pressure_high_extrapolation", "seed": 1, "manifest": "D:\\VLE\\VLE\\thermoformer_project\\runs\\phase_equilibrium\\v1\\vle\\three\\results\\thermoformer_vle_three_stage.on.vle_binary_state_pressure_high_extrapolation\\seed_1\\manifest.json"}
[stage experimental] starting 80 epoch(s)
[stage experimental] [epoch 1/80] train_total=0.852355 val_total=0.063496 best=0.063496 improved=yes epoch_time=1.6s total_time=1.6s
[stage experimental] [epoch 2/80] train_total=0.098780 val_total=0.030647 best=0.030647 improved=yes epoch_time=1.6s total_time=3.2s
[stage experimental] [epoch 3/80] train_total=0.069128 val_total=0.041268 best=0.030647 improved=no epoch_time=1.6s total_time=4.7s
[stage experimental] [epoch 4/80] train_total=0.059159 val_total=0.049791 best=0.030647 improved=no epoch_time=1.5s total_time=6.3s
[stage experimental] [epoch 5/80] train_total=0.054798 val_total=0.044449 best=0.030647 improved=no epoch_time=1.5s total_time=7.8s
[stage experimental] [epoch 6/80] train_total=0.049037 val_total=0.027270 best=0.027270 improved=yes epoch_time=1.6s total_time=9.4s
[stage experimental] [epoch 7/80] train_total=0.043484 val_total=0.033982 best=0.027270 improved=no epoch_time=1.6s total_time=11.0s
[stage experimental] [epoch 8/80] train_total=0.049232 val_total=0.021995 best=0.021995 improved=yes epoch_time=1.6s total_time=12.6s
[stage experimental] [epoch 9/80] train_total=0.048372 val_total=0.036164 best=0.021995 improved=no epoch_time=1.6s total_time=14.2s
[stage experimental] [epoch 10/80] train_total=0.041673 val_total=0.021936 best=0.021936 improved=yes epoch_time=1.7s total_time=15.9s
[stage experimental] [epoch 11/80] train_total=0.035940 val_total=0.041514 best=0.021936 improved=no epoch_time=1.6s total_time=17.5s
[stage experimental] [epoch 12/80] train_total=0.038012 val_total=0.041753 best=0.021936 improved=no epoch_time=1.6s total_time=19.2s
[stage experimental] [epoch 13/80] train_total=0.036424 val_total=0.046599 best=0.021936 improved=no epoch_time=1.5s total_time=20.7s
[stage experimental] [epoch 14/80] train_total=0.037609 val_total=0.035459 best=0.021936 improved=no epoch_time=1.6s total_time=22.2s
[stage experimental] [epoch 15/80] train_total=0.031576 val_total=0.024143 best=0.021936 improved=no epoch_time=1.6s total_time=23.8s
[stage experimental] [epoch 16/80] train_total=0.032887 val_total=0.039473 best=0.021936 improved=no epoch_time=1.6s total_time=25.4s
[stage experimental] [epoch 17/80] train_total=0.031144 val_total=0.030111 best=0.021936 improved=no epoch_time=1.6s total_time=27.0s
[stage experimental] [epoch 18/80] train_total=0.030051 val_total=0.033537 best=0.021936 improved=no epoch_time=1.6s total_time=28.6s
[stage experimental] [epoch 19/80] train_total=0.026023 val_total=0.012674 best=0.012674 improved=yes epoch_time=1.6s total_time=30.2s
[stage experimental] [epoch 20/80] train_total=0.025212 val_total=0.029309 best=0.012674 improved=no epoch_time=1.6s total_time=31.8s
[stage experimental] [epoch 21/80] train_total=0.022216 val_total=0.042851 best=0.012674 improved=no epoch_time=1.6s total_time=33.4s
[stage experimental] [epoch 22/80] train_total=0.024881 val_total=0.030782 best=0.012674 improved=no epoch_time=1.6s total_time=34.9s
[stage experimental] [epoch 23/80] train_total=0.020081 val_total=0.014691 best=0.012674 improved=no epoch_time=1.7s total_time=36.6s
[stage experimental] [epoch 24/80] train_total=0.019504 val_total=0.028162 best=0.012674 improved=no epoch_time=1.6s total_time=38.2s
[stage experimental] [epoch 25/80] train_total=0.025514 val_total=0.012552 best=0.012552 improved=yes epoch_time=1.6s total_time=39.8s
[stage experimental] [epoch 26/80] train_total=0.019725 val_total=0.026681 best=0.012552 improved=no epoch_time=1.5s total_time=41.3s
[stage experimental] [epoch 27/80] train_total=0.016975 val_total=0.011597 best=0.011597 improved=yes epoch_time=1.6s total_time=42.9s
[stage experimental] [epoch 28/80] train_total=0.015876 val_total=0.018614 best=0.011597 improved=no epoch_time=1.5s total_time=44.4s
[stage experimental] [epoch 29/80] train_total=0.017907 val_total=0.021249 best=0.011597 improved=no epoch_time=1.6s total_time=46.0s
[stage experimental] [epoch 30/80] train_total=0.018742 val_total=0.004610 best=0.004610 improved=yes epoch_time=1.6s total_time=47.6s
[stage experimental] [epoch 31/80] train_total=0.019332 val_total=0.008944 best=0.004610 improved=no epoch_time=1.6s total_time=49.1s
[stage experimental] [epoch 32/80] train_total=0.014723 val_total=0.008601 best=0.004610 improved=no epoch_time=1.9s total_time=51.1s
[stage experimental] [epoch 33/80] train_total=0.013898 val_total=0.008498 best=0.004610 improved=no epoch_time=1.7s total_time=52.8s
[stage experimental] [epoch 34/80] train_total=0.014070 val_total=0.006227 best=0.004610 improved=no epoch_time=1.6s total_time=54.4s
[stage experimental] [epoch 35/80] train_total=0.013248 val_total=0.008825 best=0.004610 improved=no epoch_time=1.3s total_time=55.6s
[stage experimental] [epoch 36/80] train_total=0.014116 val_total=0.009740 best=0.004610 improved=no epoch_time=1.5s total_time=57.2s
[stage experimental] [epoch 37/80] train_total=0.012487 val_total=0.011298 best=0.004610 improved=no epoch_time=1.5s total_time=58.7s
[stage experimental] [epoch 38/80] train_total=0.013877 val_total=0.018466 best=0.004610 improved=no epoch_time=1.5s total_time=60.2s
[stage experimental] [epoch 39/80] train_total=0.013847 val_total=0.009118 best=0.004610 improved=no epoch_time=1.5s total_time=61.7s
[stage experimental] [epoch 40/80] train_total=0.011988 val_total=0.014149 best=0.004610 improved=no epoch_time=1.5s total_time=63.2s
[stage experimental] [epoch 41/80] train_total=0.011100 val_total=0.012354 best=0.004610 improved=no epoch_time=1.5s total_time=64.7s
[stage experimental] [epoch 42/80] train_total=0.010965 val_total=0.007774 best=0.004610 improved=no epoch_time=1.4s total_time=66.1s
[stage experimental] early stopping at epoch 42; best_validation=0.004610
[seed 2] [stage 1/3: direct GE] starting 20 epoch(s)
[seed 2] [stage 1/3: direct GE] [epoch 1/20] train_total=0.005217 val_score=1.299514 best=1.299514 P_MAE=4.7770 kPa y_iso_MAE=0.013214 T_MAE=1.9337 K y_isob_MAE=0.023063 improved=yes epoch_time=6.0s total_time=10.7s
[seed 2] [stage 1/3: direct GE] [epoch 2/20] train_total=0.004027 val_score=1.598403 best=1.299514 P_MAE=4.7896 kPa y_iso_MAE=0.013895 T_MAE=2.7940 K y_isob_MAE=0.030745 improved=no epoch_time=6.1s total_time=16.8s
[seed 2] [stage 1/3: direct GE] [epoch 3/20] train_total=0.004088 val_score=2.200198 best=1.299514 P_MAE=6.5710 kPa y_iso_MAE=0.016969 T_MAE=4.1568 K y_isob_MAE=0.039973 improved=no epoch_time=6.2s total_time=23.0s
[seed 2] [stage 1/3: direct GE] [epoch 4/20] train_total=0.004163 val_score=1.754738 best=1.299514 P_MAE=5.5100 kPa y_iso_MAE=0.016322 T_MAE=3.1990 K y_isob_MAE=0.027733 improved=no epoch_time=6.2s total_time=29.2s
[seed 2] [stage 1/3: direct GE] [epoch 5/20] train_total=0.003668 val_score=1.774789 best=1.299514 P_MAE=5.7222 kPa y_iso_MAE=0.014846 T_MAE=3.4574 K y_isob_MAE=0.025582 improved=no epoch_time=6.1s total_time=35.3s
[seed 2] [stage 1/3: direct GE] [epoch 6/20] train_total=0.003634 val_score=1.942706 best=1.299514 P_MAE=5.6358 kPa y_iso_MAE=0.015555 T_MAE=4.1696 K y_isob_MAE=0.025319 improved=no epoch_time=6.4s total_time=41.7s
[seed 2] [stage 1/3: direct GE] [epoch 7/20] train_total=0.003514 val_score=1.962676 best=1.299514 P_MAE=5.3817 kPa y_iso_MAE=0.014144 T_MAE=4.2377 K y_isob_MAE=0.029698 improved=no epoch_time=6.2s total_time=47.9s
[seed 2] [stage 1/3: direct GE] [epoch 8/20] train_total=0.003499 val_score=2.052422 best=1.299514 P_MAE=5.9020 kPa y_iso_MAE=0.016767 T_MAE=4.1217 K y_isob_MAE=0.032162 improved=no epoch_time=6.2s total_time=54.1s
[seed 2] [stage 1/3: direct GE] [epoch 9/20] train_total=0.003427 val_score=2.033991 best=1.299514 P_MAE=6.0716 kPa y_iso_MAE=0.015431 T_MAE=4.3358 K y_isob_MAE=0.027547 improved=no epoch_time=6.1s total_time=60.2s
[seed 2] [stage 1/3: direct GE] [epoch 10/20] train_total=0.003496 val_score=2.253886 best=1.299514 P_MAE=6.3772 kPa y_iso_MAE=0.018125 T_MAE=4.8663 K y_isob_MAE=0.029645 improved=no epoch_time=6.2s total_time=66.4s
[seed 2] [stage 1/3: direct GE] [epoch 11/20] train_total=0.003354 val_score=2.390045 best=1.299514 P_MAE=6.1859 kPa y_iso_MAE=0.017277 T_MAE=5.3892 K y_isob_MAE=0.033729 improved=no epoch_time=6.1s total_time=72.5s
[seed 2] [stage 1/3: direct GE] [epoch 12/20] train_total=0.003356 val_score=2.566457 best=1.299514 P_MAE=5.7870 kPa y_iso_MAE=0.016486 T_MAE=6.1952 K y_isob_MAE=0.036833 improved=no epoch_time=6.4s total_time=78.9s
[seed 2] [stage 1/3: direct GE] [epoch 13/20] train_total=0.003227 val_score=2.941880 best=1.299514 P_MAE=6.9213 kPa y_iso_MAE=0.018348 T_MAE=7.0491 K y_isob_MAE=0.042472 improved=no epoch_time=6.7s total_time=85.6s
[seed 2] [stage 1/3: direct GE] [epoch 14/20] train_total=0.003310 val_score=2.553725 best=1.299514 P_MAE=6.1767 kPa y_iso_MAE=0.019082 T_MAE=5.8470 K y_isob_MAE=0.035817 improved=no epoch_time=5.7s total_time=91.2s
[seed 2] [stage 1/3: direct GE] [epoch 15/20] train_total=0.003231 val_score=2.729289 best=1.299514 P_MAE=6.9728 kPa y_iso_MAE=0.018872 T_MAE=6.2687 K y_isob_MAE=0.038263 improved=no epoch_time=6.2s total_time=97.4s
[seed 2] [stage 1/3: direct GE] [epoch 16/20] train_total=0.003361 val_score=2.922763 best=1.299514 P_MAE=7.1348 kPa y_iso_MAE=0.018868 T_MAE=7.1709 K y_isob_MAE=0.036160 improved=no epoch_time=6.2s total_time=103.6s
[seed 2] [stage 1/3: direct GE] [epoch 17/20] train_total=0.003213 val_score=2.565407 best=1.299514 P_MAE=6.2790 kPa y_iso_MAE=0.017619 T_MAE=5.9101 K y_isob_MAE=0.037493 improved=no epoch_time=6.1s total_time=109.7s
[seed 2] [stage 1/3: direct GE] [epoch 18/20] train_total=0.003095 val_score=2.658110 best=1.299514 P_MAE=6.5077 kPa y_iso_MAE=0.019568 T_MAE=6.3418 K y_isob_MAE=0.032193 improved=no epoch_time=6.0s total_time=115.7s
[seed 2] [stage 1/3: direct GE] [epoch 19/20] train_total=0.003165 val_score=2.666003 best=1.299514 P_MAE=6.8784 kPa y_iso_MAE=0.018927 T_MAE=6.3654 K y_isob_MAE=0.031268 improved=no epoch_time=6.1s total_time=121.8s
[seed 2] [stage 1/3: direct GE] [epoch 20/20] train_total=0.003191 val_score=2.787334 best=1.299514 P_MAE=6.7323 kPa y_iso_MAE=0.017520 T_MAE=6.6718 K y_isob_MAE=0.039083 improved=no epoch_time=6.0s total_time=127.9s
[seed 2] [stage 2/3: joint VLE] starting 80 epoch(s)
[seed 2] [stage 2/3: joint VLE] [epoch 1/80] train_total=0.032290 val_score=1.726546 best=1.726546 P_MAE=5.8260 kPa y_iso_MAE=0.012634 T_MAE=3.4740 K y_isob_MAE=0.024234 improved=yes epoch_time=7.1s total_time=135.0s
[seed 2] [stage 2/3: joint VLE] [epoch 2/80] train_total=0.026661 val_score=1.783281 best=1.726546 P_MAE=5.3312 kPa y_iso_MAE=0.017626 T_MAE=3.2044 K y_isob_MAE=0.028949 improved=no epoch_time=7.4s total_time=142.4s
[seed 2] [stage 2/3: joint VLE] [epoch 3/80] train_total=0.021822 val_score=1.248929 best=1.248929 P_MAE=5.0108 kPa y_iso_MAE=0.014212 T_MAE=1.4989 K y_isob_MAE=0.024186 improved=yes epoch_time=7.3s total_time=149.7s
[seed 2] [stage 2/3: joint VLE] [epoch 4/80] train_total=0.022319 val_score=1.527049 best=1.248929 P_MAE=5.3569 kPa y_iso_MAE=0.015004 T_MAE=2.3965 K y_isob_MAE=0.027083 improved=no epoch_time=8.0s total_time=157.6s
[seed 2] [stage 2/3: joint VLE] [epoch 5/80] train_total=0.022592 val_score=1.472391 best=1.248929 P_MAE=6.2521 kPa y_iso_MAE=0.012801 T_MAE=2.1201 K y_isob_MAE=0.026208 improved=no epoch_time=7.4s total_time=165.1s
[seed 2] [stage 2/3: joint VLE] [epoch 6/80] train_total=0.022378 val_score=1.834750 best=1.248929 P_MAE=6.0053 kPa y_iso_MAE=0.015262 T_MAE=3.6147 K y_isob_MAE=0.025239 improved=no epoch_time=7.3s total_time=172.4s
[seed 2] [stage 2/3: joint VLE] [epoch 7/80] train_total=0.022150 val_score=1.356796 best=1.248929 P_MAE=4.3524 kPa y_iso_MAE=0.012912 T_MAE=2.4256 K y_isob_MAE=0.021336 improved=no epoch_time=7.2s total_time=179.6s
[seed 2] [stage 2/3: joint VLE] [epoch 8/80] train_total=0.016174 val_score=1.093264 best=1.093264 P_MAE=6.1125 kPa y_iso_MAE=0.012505 T_MAE=1.1183 K y_isob_MAE=0.014440 improved=yes epoch_time=7.3s total_time=186.9s
[seed 2] [stage 2/3: joint VLE] [epoch 9/80] train_total=0.019532 val_score=1.167995 best=1.093264 P_MAE=5.6794 kPa y_iso_MAE=0.012538 T_MAE=1.3471 K y_isob_MAE=0.018976 improved=no epoch_time=7.1s total_time=194.0s
[seed 2] [stage 2/3: joint VLE] [epoch 10/80] train_total=0.015295 val_score=1.223191 best=1.093264 P_MAE=4.3051 kPa y_iso_MAE=0.012271 T_MAE=2.1194 K y_isob_MAE=0.017172 improved=no epoch_time=7.1s total_time=201.1s
[seed 2] [stage 2/3: joint VLE] [epoch 11/80] train_total=0.020737 val_score=1.213217 best=1.093264 P_MAE=5.9951 kPa y_iso_MAE=0.014077 T_MAE=1.3493 K y_isob_MAE=0.018304 improved=no epoch_time=7.2s total_time=208.4s
[seed 2] [stage 2/3: joint VLE] [epoch 12/80] train_total=0.016377 val_score=0.781108 best=0.781108 P_MAE=3.7019 kPa y_iso_MAE=0.009822 T_MAE=0.6835 K y_isob_MAE=0.015136 improved=yes epoch_time=7.1s total_time=215.5s
[seed 2] [stage 2/3: joint VLE] [epoch 13/80] train_total=0.016265 val_score=1.234502 best=0.781108 P_MAE=5.6861 kPa y_iso_MAE=0.011350 T_MAE=1.5150 K y_isob_MAE=0.023459 improved=no epoch_time=6.9s total_time=222.4s
[seed 2] [stage 2/3: joint VLE] [epoch 14/80] train_total=0.015128 val_score=0.902913 best=0.781108 P_MAE=4.7552 kPa y_iso_MAE=0.011330 T_MAE=0.8036 K y_isob_MAE=0.014370 improved=no epoch_time=7.1s total_time=229.5s
[seed 2] [stage 2/3: joint VLE] [epoch 15/80] train_total=0.016388 val_score=0.912809 best=0.781108 P_MAE=4.2706 kPa y_iso_MAE=0.010227 T_MAE=1.0357 K y_isob_MAE=0.015452 improved=no epoch_time=7.1s total_time=236.6s
[seed 2] [stage 2/3: joint VLE] [epoch 16/80] train_total=0.014985 val_score=1.189428 best=0.781108 P_MAE=4.9014 kPa y_iso_MAE=0.012201 T_MAE=1.7846 K y_isob_MAE=0.017411 improved=no epoch_time=7.2s total_time=243.7s
[seed 2] [stage 2/3: joint VLE] [epoch 17/80] train_total=0.013162 val_score=0.848862 best=0.781108 P_MAE=4.5963 kPa y_iso_MAE=0.011095 T_MAE=0.7836 K y_isob_MAE=0.011416 improved=no epoch_time=7.4s total_time=251.2s
[seed 2] [stage 2/3: joint VLE] [epoch 18/80] train_total=0.017670 val_score=1.303448 best=0.781108 P_MAE=4.8912 kPa y_iso_MAE=0.013241 T_MAE=2.1585 K y_isob_MAE=0.018166 improved=no epoch_time=7.3s total_time=258.5s
[seed 2] [stage 2/3: joint VLE] [epoch 19/80] train_total=0.020398 val_score=1.099155 best=0.781108 P_MAE=5.6242 kPa y_iso_MAE=0.011203 T_MAE=1.2749 K y_isob_MAE=0.017049 improved=no epoch_time=7.4s total_time=265.9s
[seed 2] [stage 2/3: joint VLE] [epoch 20/80] train_total=0.013387 val_score=1.059710 best=0.781108 P_MAE=4.6408 kPa y_iso_MAE=0.012470 T_MAE=1.3169 K y_isob_MAE=0.016541 improved=no epoch_time=7.3s total_time=273.2s
[seed 2] [stage 2/3: joint VLE] [epoch 21/80] train_total=0.015683 val_score=1.089687 best=0.781108 P_MAE=5.3786 kPa y_iso_MAE=0.010439 T_MAE=1.4130 K y_isob_MAE=0.016274 improved=no epoch_time=7.3s total_time=280.5s
[seed 2] [stage 2/3: joint VLE] [epoch 22/80] train_total=0.014344 val_score=0.838027 best=0.781108 P_MAE=3.7714 kPa y_iso_MAE=0.010636 T_MAE=0.8854 K y_isob_MAE=0.014243 improved=no epoch_time=7.4s total_time=287.9s
[seed 2] [stage 2/3: joint VLE] [epoch 23/80] train_total=0.014076 val_score=1.042212 best=0.781108 P_MAE=4.6891 kPa y_iso_MAE=0.010819 T_MAE=1.3501 K y_isob_MAE=0.016913 improved=no epoch_time=7.2s total_time=295.1s
[seed 2] [stage 2/3: joint VLE] [epoch 24/80] train_total=0.014582 val_score=1.361943 best=0.781108 P_MAE=6.2572 kPa y_iso_MAE=0.014913 T_MAE=1.7731 K y_isob_MAE=0.019792 improved=no epoch_time=7.3s total_time=302.4s
{"direct_ge_parameter_summary": {"stage1_trainable_parameters": 1977601, "stage2_trainable_parameters": 2015043, "stage3": {"groups": [{"learning_rate": 2e-05, "name": "pair_potential", "parameter_count": 110977, "parameter_names": ["pair_potential.0.weight", "pair_potential.0.bias", "pair_potential.2.weight", "pair_potential.2.bias"]}, {"learning_rate": 1e-05, "name": "vapor_pressure", "parameter_count": 37442, "parameter_names": ["vapor_pressure.parameter_head.0.weight", "vapor_pressure.parameter_head.0.bias", "vapor_pressure.parameter_head.2.weight", "vapor_pressure.parameter_head.2.bias"]}, {"learning_rate": 5e-06, "name": "film", "parameter_count": 111744, "parameter_names": ["film.0.weight", "film.0.bias", "film.2.weight", "film.2.bias"]}, {"learning_rate": 5e-06, "name": "mixture_token", "parameter_count": 192, "parameter_names": ["mixture_token"]}], "total_parameters": 2015043, "trainable_fraction": 0.1292056794817778, "trainable_parameters": 260355}, "total_parameters": 2015043, "trainable_fraction": 0.1292056794817778, "trainable_parameters": 260355}}
[seed 2] [stage 3/3: fugacity] starting 10 epoch(s)
[seed 2] [stage 3/3: fugacity] [epoch 1/10] train_total=0.011881 val_score=0.958158 best=0.958158 P_MAE=4.3004 kPa y_iso_MAE=0.010142 T_MAE=1.2557 K y_isob_MAE=0.014984 improved=yes epoch_time=7.0s total_time=309.4s
[seed 2] [stage 3/3: fugacity] [epoch 2/10] train_total=0.011641 val_score=0.934746 best=0.934746 P_MAE=4.3392 kPa y_iso_MAE=0.009974 T_MAE=1.1755 K y_isob_MAE=0.014595 improved=yes epoch_time=7.1s total_time=316.5s
[seed 2] [stage 3/3: fugacity] [epoch 3/10] train_total=0.010997 val_score=0.890499 best=0.890499 P_MAE=4.2895 kPa y_iso_MAE=0.009933 T_MAE=1.0251 K y_isob_MAE=0.014105 improved=yes epoch_time=7.2s total_time=323.7s
[seed 2] [stage 3/3: fugacity] [epoch 4/10] train_total=0.010749 val_score=0.927561 best=0.890499 P_MAE=4.4287 kPa y_iso_MAE=0.009943 T_MAE=1.1261 K y_isob_MAE=0.014465 improved=no epoch_time=7.1s total_time=330.8s
[seed 2] [stage 3/3: fugacity] [epoch 5/10] train_total=0.010664 val_score=0.902503 best=0.890499 P_MAE=4.2289 kPa y_iso_MAE=0.009829 T_MAE=1.0892 K y_isob_MAE=0.014424 improved=no epoch_time=7.1s total_time=337.9s
[seed 2] [stage 3/3: fugacity] [epoch 6/10] train_total=0.010261 val_score=0.880031 best=0.880031 P_MAE=4.4065 kPa y_iso_MAE=0.009662 T_MAE=0.9469 K y_isob_MAE=0.014514 improved=yes epoch_time=7.0s total_time=344.9s
[seed 2] [stage 3/3: fugacity] [epoch 7/10] train_total=0.010538 val_score=0.885622 best=0.880031 P_MAE=4.3998 kPa y_iso_MAE=0.009872 T_MAE=0.9474 K y_isob_MAE=0.014671 improved=no epoch_time=7.1s total_time=352.0s
[seed 2] [stage 3/3: fugacity] [epoch 8/10] train_total=0.010186 val_score=0.848866 best=0.848866 P_MAE=4.3417 kPa y_iso_MAE=0.009701 T_MAE=0.8258 K y_isob_MAE=0.014536 improved=yes epoch_time=6.9s total_time=358.9s
[seed 2] [stage 3/3: fugacity] [epoch 9/10] train_total=0.010360 val_score=0.892583 best=0.848866 P_MAE=4.2715 kPa y_iso_MAE=0.009852 T_MAE=0.9973 K y_isob_MAE=0.015094 improved=no epoch_time=7.3s total_time=366.3s
[seed 2] [stage 3/3: fugacity] [epoch 10/10] train_total=0.010018 val_score=0.947162 best=0.848866 P_MAE=4.4426 kPa y_iso_MAE=0.010030 T_MAE=1.1497 K y_isob_MAE=0.015473 improved=no epoch_time=6.9s total_time=373.2s
{"protocol": "vle_binary_state_pressure_high_extrapolation", "seed": 2, "manifest": "D:\\VLE\\VLE\\thermoformer_project\\runs\\phase_equilibrium\\v1\\vle\\three\\results\\thermoformer_vle_three_stage.on.vle_binary_state_pressure_high_extrapolation\\seed_2\\manifest.json"}
[stage experimental] starting 80 epoch(s)
[stage experimental] [epoch 1/80] train_total=0.878133 val_total=0.101424 best=0.101424 improved=yes epoch_time=1.6s total_time=1.6s
[stage experimental] [epoch 2/80] train_total=0.104613 val_total=0.108892 best=0.101424 improved=no epoch_time=1.5s total_time=3.1s
[stage experimental] [epoch 3/80] train_total=0.069523 val_total=0.045680 best=0.045680 improved=yes epoch_time=1.5s total_time=4.6s
[stage experimental] [epoch 4/80] train_total=0.064078 val_total=0.064701 best=0.045680 improved=no epoch_time=1.5s total_time=6.2s
[stage experimental] [epoch 5/80] train_total=0.051171 val_total=0.049788 best=0.045680 improved=no epoch_time=1.6s total_time=7.7s
[stage experimental] [epoch 6/80] train_total=0.051455 val_total=0.035023 best=0.035023 improved=yes epoch_time=1.6s total_time=9.3s
[stage experimental] [epoch 7/80] train_total=0.051484 val_total=0.033575 best=0.033575 improved=yes epoch_time=1.5s total_time=10.8s
[stage experimental] [epoch 8/80] train_total=0.043475 val_total=0.022892 best=0.022892 improved=yes epoch_time=1.5s total_time=12.4s
[stage experimental] [epoch 9/80] train_total=0.045538 val_total=0.050398 best=0.022892 improved=no epoch_time=1.5s total_time=13.9s
[stage experimental] [epoch 10/80] train_total=0.049596 val_total=0.024198 best=0.022892 improved=no epoch_time=1.5s total_time=15.4s
[stage experimental] [epoch 11/80] train_total=0.037289 val_total=0.047457 best=0.022892 improved=no epoch_time=1.5s total_time=16.9s
[stage experimental] [epoch 12/80] train_total=0.044331 val_total=0.032049 best=0.022892 improved=no epoch_time=1.5s total_time=18.4s
[stage experimental] [epoch 13/80] train_total=0.040113 val_total=0.015718 best=0.015718 improved=yes epoch_time=1.5s total_time=20.0s
[stage experimental] [epoch 14/80] train_total=0.039635 val_total=0.046495 best=0.015718 improved=no epoch_time=1.6s total_time=21.5s
[stage experimental] [epoch 15/80] train_total=0.037749 val_total=0.010167 best=0.010167 improved=yes epoch_time=1.5s total_time=23.1s
[stage experimental] [epoch 16/80] train_total=0.033072 val_total=0.052312 best=0.010167 improved=no epoch_time=1.5s total_time=24.6s
[stage experimental] [epoch 17/80] train_total=0.031143 val_total=0.032578 best=0.010167 improved=no epoch_time=1.5s total_time=26.1s
[stage experimental] [epoch 18/80] train_total=0.036436 val_total=0.019622 best=0.010167 improved=no epoch_time=1.5s total_time=27.6s
[stage experimental] [epoch 19/80] train_total=0.029364 val_total=0.025262 best=0.010167 improved=no epoch_time=1.5s total_time=29.1s
[stage experimental] [epoch 20/80] train_total=0.031574 val_total=0.024287 best=0.010167 improved=no epoch_time=1.5s total_time=30.7s
[stage experimental] [epoch 21/80] train_total=0.030826 val_total=0.016715 best=0.010167 improved=no epoch_time=1.6s total_time=32.3s
[stage experimental] [epoch 22/80] train_total=0.027992 val_total=0.017162 best=0.010167 improved=no epoch_time=1.6s total_time=33.8s
[stage experimental] [epoch 23/80] train_total=0.027357 val_total=0.036554 best=0.010167 improved=no epoch_time=1.5s total_time=35.4s
[stage experimental] [epoch 24/80] train_total=0.024769 val_total=0.021004 best=0.010167 improved=no epoch_time=1.5s total_time=36.9s
[stage experimental] [epoch 25/80] train_total=0.025565 val_total=0.017574 best=0.010167 improved=no epoch_time=1.5s total_time=38.5s
[stage experimental] [epoch 26/80] train_total=0.027146 val_total=0.017952 best=0.010167 improved=no epoch_time=1.5s total_time=40.0s
[stage experimental] [epoch 27/80] train_total=0.022332 val_total=0.021139 best=0.010167 improved=no epoch_time=1.5s total_time=41.5s
[stage experimental] early stopping at epoch 27; best_validation=0.010167
[seed 3] [stage 1/3: direct GE] starting 20 epoch(s)
[seed 3] [stage 1/3: direct GE] [epoch 1/20] train_total=0.006347 val_score=1.728542 best=1.728542 P_MAE=5.7454 kPa y_iso_MAE=0.018319 T_MAE=4.0660 K y_isob_MAE=0.045630 improved=yes epoch_time=6.1s total_time=11.1s
[seed 3] [stage 1/3: direct GE] [epoch 2/20] train_total=0.004456 val_score=1.843811 best=1.728542 P_MAE=6.0987 kPa y_iso_MAE=0.020214 T_MAE=4.4057 K y_isob_MAE=0.046469 improved=no epoch_time=6.5s total_time=17.5s
[seed 3] [stage 1/3: direct GE] [epoch 3/20] train_total=0.004149 val_score=2.128914 best=1.728542 P_MAE=6.8478 kPa y_iso_MAE=0.021173 T_MAE=5.6071 K y_isob_MAE=0.047341 improved=no epoch_time=6.8s total_time=24.3s
[seed 3] [stage 1/3: direct GE] [epoch 4/20] train_total=0.004253 val_score=1.984703 best=1.728542 P_MAE=6.4680 kPa y_iso_MAE=0.019426 T_MAE=5.0311 K y_isob_MAE=0.048099 improved=no epoch_time=6.4s total_time=30.7s
[seed 3] [stage 1/3: direct GE] [epoch 5/20] train_total=0.004075 val_score=1.845444 best=1.728542 P_MAE=5.8266 kPa y_iso_MAE=0.019724 T_MAE=4.8277 K y_isob_MAE=0.040319 improved=no epoch_time=6.3s total_time=37.0s
[seed 3] [stage 1/3: direct GE] [epoch 6/20] train_total=0.003789 val_score=2.307495 best=1.728542 P_MAE=6.4324 kPa y_iso_MAE=0.020730 T_MAE=6.6958 K y_isob_MAE=0.047513 improved=no epoch_time=6.5s total_time=43.5s
[seed 3] [stage 1/3: direct GE] [epoch 7/20] train_total=0.003669 val_score=2.178204 best=1.728542 P_MAE=6.8571 kPa y_iso_MAE=0.022605 T_MAE=6.2522 K y_isob_MAE=0.037457 improved=no epoch_time=6.6s total_time=50.1s
[seed 3] [stage 1/3: direct GE] [epoch 8/20] train_total=0.003822 val_score=2.391783 best=1.728542 P_MAE=7.0100 kPa y_iso_MAE=0.023765 T_MAE=7.2297 K y_isob_MAE=0.038168 improved=no epoch_time=6.5s total_time=56.6s
[seed 3] [stage 1/3: direct GE] [epoch 9/20] train_total=0.003569 val_score=2.324468 best=1.728542 P_MAE=6.5078 kPa y_iso_MAE=0.020194 T_MAE=7.3089 K y_isob_MAE=0.037281 improved=no epoch_time=6.6s total_time=63.2s
[seed 3] [stage 1/3: direct GE] [epoch 10/20] train_total=0.003672 val_score=2.274814 best=1.728542 P_MAE=6.2453 kPa y_iso_MAE=0.020746 T_MAE=7.1508 K y_isob_MAE=0.035781 improved=no epoch_time=6.7s total_time=69.9s
[seed 3] [stage 1/3: direct GE] [epoch 11/20] train_total=0.003571 val_score=2.253904 best=1.728542 P_MAE=6.4947 kPa y_iso_MAE=0.021581 T_MAE=6.8060 K y_isob_MAE=0.037911 improved=no epoch_time=6.6s total_time=76.5s
[seed 3] [stage 1/3: direct GE] [epoch 12/20] train_total=0.003476 val_score=2.277653 best=1.728542 P_MAE=6.2749 kPa y_iso_MAE=0.021571 T_MAE=6.9947 K y_isob_MAE=0.037887 improved=no epoch_time=6.6s total_time=83.1s
[seed 3] [stage 1/3: direct GE] [epoch 13/20] train_total=0.003498 val_score=2.206850 best=1.728542 P_MAE=5.4437 kPa y_iso_MAE=0.018716 T_MAE=7.1372 K y_isob_MAE=0.036128 improved=no epoch_time=6.7s total_time=89.8s
[seed 3] [stage 1/3: direct GE] [epoch 14/20] train_total=0.003357 val_score=2.606190 best=1.728542 P_MAE=7.0424 kPa y_iso_MAE=0.023868 T_MAE=8.2596 K y_isob_MAE=0.040114 improved=no epoch_time=6.5s total_time=96.3s
[seed 3] [stage 1/3: direct GE] [epoch 15/20] train_total=0.003290 val_score=2.490490 best=1.728542 P_MAE=6.4891 kPa y_iso_MAE=0.022919 T_MAE=7.7952 K y_isob_MAE=0.041491 improved=no epoch_time=6.6s total_time=102.9s
[seed 3] [stage 1/3: direct GE] [epoch 16/20] train_total=0.003423 val_score=2.419759 best=1.728542 P_MAE=6.2404 kPa y_iso_MAE=0.022711 T_MAE=7.7216 K y_isob_MAE=0.037033 improved=no epoch_time=6.5s total_time=109.3s
[seed 3] [stage 1/3: direct GE] [epoch 17/20] train_total=0.003442 val_score=2.277352 best=1.728542 P_MAE=6.2662 kPa y_iso_MAE=0.022562 T_MAE=6.8894 K y_isob_MAE=0.038596 improved=no epoch_time=6.5s total_time=115.8s
[seed 3] [stage 1/3: direct GE] [epoch 18/20] train_total=0.003273 val_score=2.315936 best=1.728542 P_MAE=6.3985 kPa y_iso_MAE=0.024652 T_MAE=6.9915 K y_isob_MAE=0.036918 improved=no epoch_time=6.2s total_time=122.1s
[seed 3] [stage 1/3: direct GE] [epoch 19/20] train_total=0.003335 val_score=2.629833 best=1.728542 P_MAE=6.6979 kPa y_iso_MAE=0.024004 T_MAE=8.4779 K y_isob_MAE=0.039962 improved=no epoch_time=6.0s total_time=128.1s
[seed 3] [stage 1/3: direct GE] [epoch 20/20] train_total=0.003260 val_score=2.504325 best=1.728542 P_MAE=6.9043 kPa y_iso_MAE=0.024835 T_MAE=7.6215 K y_isob_MAE=0.041409 improved=no epoch_time=6.3s total_time=134.5s
[seed 3] [stage 2/3: joint VLE] starting 80 epoch(s)
[seed 3] [stage 2/3: joint VLE] [epoch 1/80] train_total=0.049902 val_score=1.574160 best=1.574160 P_MAE=7.2844 kPa y_iso_MAE=0.018065 T_MAE=3.2957 K y_isob_MAE=0.036383 improved=yes epoch_time=7.0s total_time=141.5s
[seed 3] [stage 2/3: joint VLE] [epoch 2/80] train_total=0.039663 val_score=1.688946 best=1.574160 P_MAE=6.5243 kPa y_iso_MAE=0.016140 T_MAE=3.9934 K y_isob_MAE=0.041664 improved=no epoch_time=7.2s total_time=148.6s
[seed 3] [stage 2/3: joint VLE] [epoch 3/80] train_total=0.040587 val_score=2.033096 best=1.574160 P_MAE=6.8519 kPa y_iso_MAE=0.015707 T_MAE=5.4441 K y_isob_MAE=0.048228 improved=no epoch_time=6.9s total_time=155.5s
[seed 3] [stage 2/3: joint VLE] [epoch 4/80] train_total=0.039332 val_score=1.683999 best=1.574160 P_MAE=6.8371 kPa y_iso_MAE=0.014830 T_MAE=3.9360 K y_isob_MAE=0.042458 improved=no epoch_time=7.0s total_time=162.5s
[seed 3] [stage 2/3: joint VLE] [epoch 5/80] train_total=0.035970 val_score=1.436516 best=1.436516 P_MAE=5.6256 kPa y_iso_MAE=0.014272 T_MAE=3.4000 K y_isob_MAE=0.034148 improved=yes epoch_time=7.4s total_time=169.9s
[seed 3] [stage 2/3: joint VLE] [epoch 6/80] train_total=0.040331 val_score=1.465211 best=1.436516 P_MAE=6.8963 kPa y_iso_MAE=0.017107 T_MAE=3.1569 K y_isob_MAE=0.030984 improved=no epoch_time=7.1s total_time=177.1s
[seed 3] [stage 2/3: joint VLE] [epoch 7/80] train_total=0.032715 val_score=1.442285 best=1.436516 P_MAE=6.1848 kPa y_iso_MAE=0.014602 T_MAE=3.2636 K y_isob_MAE=0.033947 improved=no epoch_time=7.4s total_time=184.4s
[seed 3] [stage 2/3: joint VLE] [epoch 8/80] train_total=0.033167 val_score=1.773119 best=1.436516 P_MAE=6.5697 kPa y_iso_MAE=0.016271 T_MAE=4.5627 K y_isob_MAE=0.038771 improved=no epoch_time=7.2s total_time=191.6s
[seed 3] [stage 2/3: joint VLE] [epoch 9/80] train_total=0.034233 val_score=1.132525 best=1.132525 P_MAE=5.7714 kPa y_iso_MAE=0.015720 T_MAE=2.1635 K y_isob_MAE=0.023471 improved=yes epoch_time=7.3s total_time=198.9s
[seed 3] [stage 2/3: joint VLE] [epoch 10/80] train_total=0.040341 val_score=1.703079 best=1.132525 P_MAE=6.4781 kPa y_iso_MAE=0.015726 T_MAE=4.4139 K y_isob_MAE=0.035527 improved=no epoch_time=7.0s total_time=205.9s
[seed 3] [stage 2/3: joint VLE] [epoch 11/80] train_total=0.031648 val_score=1.366575 best=1.132525 P_MAE=5.1965 kPa y_iso_MAE=0.015054 T_MAE=3.1290 K y_isob_MAE=0.033338 improved=no epoch_time=7.3s total_time=213.2s
[seed 3] [stage 2/3: joint VLE] [epoch 12/80] train_total=0.027118 val_score=1.391758 best=1.132525 P_MAE=4.9012 kPa y_iso_MAE=0.013179 T_MAE=3.5491 K y_isob_MAE=0.031913 improved=no epoch_time=7.4s total_time=220.6s
[seed 3] [stage 2/3: joint VLE] [epoch 13/80] train_total=0.024787 val_score=1.425168 best=1.132525 P_MAE=6.1472 kPa y_iso_MAE=0.015186 T_MAE=3.3215 K y_isob_MAE=0.030285 improved=no epoch_time=7.2s total_time=227.8s
[seed 3] [stage 2/3: joint VLE] [epoch 14/80] train_total=0.025879 val_score=1.286324 best=1.132525 P_MAE=4.5879 kPa y_iso_MAE=0.012262 T_MAE=3.2302 K y_isob_MAE=0.030068 improved=no epoch_time=7.4s total_time=235.2s
[seed 3] [stage 2/3: joint VLE] [epoch 15/80] train_total=0.026480 val_score=1.339264 best=1.132525 P_MAE=5.4192 kPa y_iso_MAE=0.013025 T_MAE=3.1888 K y_isob_MAE=0.030893 improved=no epoch_time=7.3s total_time=242.5s
[seed 3] [stage 2/3: joint VLE] [epoch 16/80] train_total=0.022072 val_score=1.389595 best=1.132525 P_MAE=6.9429 kPa y_iso_MAE=0.014171 T_MAE=2.9459 K y_isob_MAE=0.031107 improved=no epoch_time=6.8s total_time=249.3s
[seed 3] [stage 2/3: joint VLE] [epoch 17/80] train_total=0.025545 val_score=0.995460 best=0.995460 P_MAE=6.0073 kPa y_iso_MAE=0.015139 T_MAE=1.3387 K y_isob_MAE=0.024921 improved=yes epoch_time=7.2s total_time=256.4s
[seed 3] [stage 2/3: joint VLE] [epoch 18/80] train_total=0.025271 val_score=1.123547 best=0.995460 P_MAE=7.7700 kPa y_iso_MAE=0.013993 T_MAE=1.6484 K y_isob_MAE=0.024339 improved=no epoch_time=7.5s total_time=263.9s
[seed 3] [stage 2/3: joint VLE] [epoch 19/80] train_total=0.022100 val_score=0.906184 best=0.906184 P_MAE=5.5114 kPa y_iso_MAE=0.012043 T_MAE=1.4727 K y_isob_MAE=0.019826 improved=yes epoch_time=7.6s total_time=271.5s
[seed 3] [stage 2/3: joint VLE] [epoch 20/80] train_total=0.021635 val_score=0.997294 best=0.906184 P_MAE=4.8989 kPa y_iso_MAE=0.013185 T_MAE=1.9392 K y_isob_MAE=0.021954 improved=no epoch_time=7.8s total_time=279.4s
[seed 3] [stage 2/3: joint VLE] [epoch 21/80] train_total=0.020665 val_score=1.003393 best=0.906184 P_MAE=6.0982 kPa y_iso_MAE=0.011925 T_MAE=1.7113 K y_isob_MAE=0.022397 improved=no epoch_time=7.4s total_time=286.8s
[seed 3] [stage 2/3: joint VLE] [epoch 22/80] train_total=0.018654 val_score=0.955527 best=0.906184 P_MAE=6.4206 kPa y_iso_MAE=0.013569 T_MAE=1.4337 K y_isob_MAE=0.018670 improved=no epoch_time=7.3s total_time=294.1s
[seed 3] [stage 2/3: joint VLE] [epoch 23/80] train_total=0.019257 val_score=1.108694 best=0.906184 P_MAE=3.6093 kPa y_iso_MAE=0.011400 T_MAE=2.9176 K y_isob_MAE=0.023922 improved=no epoch_time=7.3s total_time=301.4s
[seed 3] [stage 2/3: joint VLE] [epoch 24/80] train_total=0.017687 val_score=0.952317 best=0.906184 P_MAE=4.6083 kPa y_iso_MAE=0.015358 T_MAE=1.7628 K y_isob_MAE=0.019129 improved=no epoch_time=7.3s total_time=308.7s
[seed 3] [stage 2/3: joint VLE] [epoch 25/80] train_total=0.018494 val_score=1.041518 best=0.906184 P_MAE=4.7060 kPa y_iso_MAE=0.011060 T_MAE=2.3368 K y_isob_MAE=0.022834 improved=no epoch_time=7.3s total_time=316.0s
[seed 3] [stage 2/3: joint VLE] [epoch 26/80] train_total=0.017947 val_score=0.774562 best=0.774562 P_MAE=4.7466 kPa y_iso_MAE=0.010829 T_MAE=1.2615 K y_isob_MAE=0.015915 improved=yes epoch_time=7.5s total_time=323.5s
[seed 3] [stage 2/3: joint VLE] [epoch 27/80] train_total=0.015158 val_score=0.840999 best=0.774562 P_MAE=5.3215 kPa y_iso_MAE=0.012399 T_MAE=1.0743 K y_isob_MAE=0.021402 improved=no epoch_time=7.6s total_time=331.1s
[seed 3] [stage 2/3: joint VLE] [epoch 28/80] train_total=0.015086 val_score=0.979551 best=0.774562 P_MAE=4.1071 kPa y_iso_MAE=0.012357 T_MAE=2.4229 K y_isob_MAE=0.015844 improved=no epoch_time=7.4s total_time=338.6s
[seed 3] [stage 2/3: joint VLE] [epoch 29/80] train_total=0.016066 val_score=1.291499 best=0.774562 P_MAE=7.4575 kPa y_iso_MAE=0.016137 T_MAE=2.5594 K y_isob_MAE=0.022628 improved=no epoch_time=7.7s total_time=346.3s
[seed 3] [stage 2/3: joint VLE] [epoch 30/80] train_total=0.015689 val_score=0.871089 best=0.774562 P_MAE=5.5564 kPa y_iso_MAE=0.011667 T_MAE=1.4563 K y_isob_MAE=0.016668 improved=no epoch_time=7.2s total_time=353.5s
[seed 3] [stage 2/3: joint VLE] [epoch 31/80] train_total=0.015481 val_score=0.793862 best=0.774562 P_MAE=5.2089 kPa y_iso_MAE=0.011641 T_MAE=1.0117 K y_isob_MAE=0.019309 improved=no epoch_time=7.4s total_time=360.8s
[seed 3] [stage 2/3: joint VLE] [epoch 32/80] train_total=0.014096 val_score=0.773628 best=0.773628 P_MAE=4.7474 kPa y_iso_MAE=0.011600 T_MAE=1.4268 K y_isob_MAE=0.011339 improved=yes epoch_time=7.4s total_time=368.2s
[seed 3] [stage 2/3: joint VLE] [epoch 33/80] train_total=0.012612 val_score=0.738348 best=0.738348 P_MAE=4.1856 kPa y_iso_MAE=0.011093 T_MAE=1.3432 K y_isob_MAE=0.013086 improved=yes epoch_time=7.3s total_time=375.6s
[seed 3] [stage 2/3: joint VLE] [epoch 34/80] train_total=0.012948 val_score=0.770960 best=0.738348 P_MAE=5.0022 kPa y_iso_MAE=0.011036 T_MAE=1.1354 K y_isob_MAE=0.016360 improved=no epoch_time=7.2s total_time=382.8s
[seed 3] [stage 2/3: joint VLE] [epoch 35/80] train_total=0.014754 val_score=1.168545 best=0.738348 P_MAE=6.4100 kPa y_iso_MAE=0.013518 T_MAE=2.4198 K y_isob_MAE=0.021818 improved=no epoch_time=7.7s total_time=390.5s
[seed 3] [stage 2/3: joint VLE] [epoch 36/80] train_total=0.012909 val_score=0.728706 best=0.728706 P_MAE=4.5089 kPa y_iso_MAE=0.010967 T_MAE=1.0792 K y_isob_MAE=0.015781 improved=yes epoch_time=7.7s total_time=398.2s
[seed 3] [stage 2/3: joint VLE] [epoch 37/80] train_total=0.013779 val_score=0.762837 best=0.728706 P_MAE=5.4753 kPa y_iso_MAE=0.012138 T_MAE=0.9333 K y_isob_MAE=0.015345 improved=no epoch_time=8.4s total_time=406.6s
[seed 3] [stage 2/3: joint VLE] [epoch 38/80] train_total=0.015097 val_score=0.739901 best=0.728706 P_MAE=4.4393 kPa y_iso_MAE=0.011499 T_MAE=1.0927 K y_isob_MAE=0.016328 improved=no epoch_time=7.7s total_time=414.3s
[seed 3] [stage 2/3: joint VLE] [epoch 39/80] train_total=0.012077 val_score=0.663403 best=0.663403 P_MAE=3.4322 kPa y_iso_MAE=0.011265 T_MAE=1.1268 K y_isob_MAE=0.013319 improved=yes epoch_time=7.6s total_time=422.0s
[seed 3] [stage 2/3: joint VLE] [epoch 40/80] train_total=0.011533 val_score=0.913303 best=0.663403 P_MAE=5.9271 kPa y_iso_MAE=0.011164 T_MAE=1.5167 K y_isob_MAE=0.018672 improved=no epoch_time=7.7s total_time=429.6s
[seed 3] [stage 2/3: joint VLE] [epoch 41/80] train_total=0.013401 val_score=0.704322 best=0.663403 P_MAE=4.2747 kPa y_iso_MAE=0.011182 T_MAE=1.0886 K y_isob_MAE=0.013948 improved=no epoch_time=7.3s total_time=437.0s
[seed 3] [stage 2/3: joint VLE] [epoch 42/80] train_total=0.012304 val_score=0.883938 best=0.663403 P_MAE=5.0472 kPa y_iso_MAE=0.013162 T_MAE=1.4946 K y_isob_MAE=0.017936 improved=no epoch_time=7.6s total_time=444.6s
[seed 3] [stage 2/3: joint VLE] [epoch 43/80] train_total=0.012810 val_score=0.805617 best=0.663403 P_MAE=4.6278 kPa y_iso_MAE=0.013409 T_MAE=1.3004 K y_isob_MAE=0.015388 improved=no epoch_time=7.4s total_time=452.0s
[seed 3] [stage 2/3: joint VLE] [epoch 44/80] train_total=0.012815 val_score=0.794077 best=0.663403 P_MAE=5.3104 kPa y_iso_MAE=0.010193 T_MAE=1.2377 K y_isob_MAE=0.016294 improved=no epoch_time=7.5s total_time=459.5s
[seed 3] [stage 2/3: joint VLE] [epoch 45/80] train_total=0.015281 val_score=0.903070 best=0.663403 P_MAE=4.8493 kPa y_iso_MAE=0.014714 T_MAE=1.7704 K y_isob_MAE=0.013256 improved=no epoch_time=7.6s total_time=467.1s
[seed 3] [stage 2/3: joint VLE] [epoch 46/80] train_total=0.012824 val_score=0.958117 best=0.663403 P_MAE=4.3880 kPa y_iso_MAE=0.011487 T_MAE=2.1458 K y_isob_MAE=0.018849 improved=no epoch_time=7.7s total_time=474.7s
[seed 3] [stage 2/3: joint VLE] [epoch 47/80] train_total=0.012395 val_score=0.616274 best=0.616274 P_MAE=5.1336 kPa y_iso_MAE=0.009365 T_MAE=0.6076 K y_isob_MAE=0.012054 improved=yes epoch_time=7.6s total_time=482.3s
[seed 3] [stage 2/3: joint VLE] [epoch 48/80] train_total=0.012156 val_score=1.052300 best=0.616274 P_MAE=6.4884 kPa y_iso_MAE=0.014112 T_MAE=1.8677 K y_isob_MAE=0.019155 improved=no epoch_time=7.6s total_time=490.0s
[seed 3] [stage 2/3: joint VLE] [epoch 49/80] train_total=0.012787 val_score=0.699456 best=0.616274 P_MAE=4.9519 kPa y_iso_MAE=0.011702 T_MAE=0.8926 K y_isob_MAE=0.012872 improved=no epoch_time=7.7s total_time=497.7s
[seed 3] [stage 2/3: joint VLE] [epoch 50/80] train_total=0.011805 val_score=0.649476 best=0.616274 P_MAE=4.4295 kPa y_iso_MAE=0.011526 T_MAE=0.8599 K y_isob_MAE=0.011300 improved=no epoch_time=7.7s total_time=505.4s
[seed 3] [stage 2/3: joint VLE] [epoch 51/80] train_total=0.011525 val_score=0.752474 best=0.616274 P_MAE=4.4853 kPa y_iso_MAE=0.010193 T_MAE=1.3120 K y_isob_MAE=0.014884 improved=no epoch_time=7.8s total_time=513.3s
[seed 3] [stage 2/3: joint VLE] [epoch 52/80] train_total=0.012869 val_score=1.020787 best=0.616274 P_MAE=6.2246 kPa y_iso_MAE=0.012781 T_MAE=1.7965 K y_isob_MAE=0.020598 improved=no epoch_time=7.7s total_time=521.0s
[seed 3] [stage 2/3: joint VLE] [epoch 53/80] train_total=0.011657 val_score=0.687433 best=0.616274 P_MAE=3.0120 kPa y_iso_MAE=0.011848 T_MAE=1.3100 K y_isob_MAE=0.013690 improved=no epoch_time=7.6s total_time=528.6s
[seed 3] [stage 2/3: joint VLE] [epoch 54/80] train_total=0.011799 val_score=0.671481 best=0.616274 P_MAE=4.1472 kPa y_iso_MAE=0.010639 T_MAE=1.0570 K y_isob_MAE=0.012540 improved=no epoch_time=7.6s total_time=536.3s
[seed 3] [stage 2/3: joint VLE] [epoch 55/80] train_total=0.010873 val_score=0.630821 best=0.616274 P_MAE=4.3664 kPa y_iso_MAE=0.011764 T_MAE=0.7938 K y_isob_MAE=0.010629 improved=no epoch_time=7.5s total_time=543.7s
[seed 3] [stage 2/3: joint VLE] [epoch 56/80] train_total=0.012832 val_score=0.745333 best=0.616274 P_MAE=4.6005 kPa y_iso_MAE=0.013146 T_MAE=1.1408 K y_isob_MAE=0.012647 improved=no epoch_time=7.4s total_time=551.1s
[seed 3] [stage 2/3: joint VLE] [epoch 57/80] train_total=0.011553 val_score=0.687460 best=0.616274 P_MAE=5.0738 kPa y_iso_MAE=0.011436 T_MAE=0.9533 K y_isob_MAE=0.010055 improved=no epoch_time=7.4s total_time=558.5s
[seed 3] [stage 2/3: joint VLE] [epoch 58/80] train_total=0.011583 val_score=0.804902 best=0.616274 P_MAE=4.4512 kPa y_iso_MAE=0.013096 T_MAE=1.3021 K y_isob_MAE=0.016714 improved=no epoch_time=7.6s total_time=566.1s
[seed 3] [stage 2/3: joint VLE] [epoch 59/80] train_total=0.009614 val_score=0.643372 best=0.616274 P_MAE=4.5661 kPa y_iso_MAE=0.010639 T_MAE=0.7765 K y_isob_MAE=0.012862 improved=no epoch_time=7.4s total_time=573.5s
{"direct_ge_parameter_summary": {"stage1_trainable_parameters": 1977601, "stage2_trainable_parameters": 2015043, "stage3": {"groups": [{"learning_rate": 2e-05, "name": "pair_potential", "parameter_count": 110977, "parameter_names": ["pair_potential.0.weight", "pair_potential.0.bias", "pair_potential.2.weight", "pair_potential.2.bias"]}, {"learning_rate": 1e-05, "name": "vapor_pressure", "parameter_count": 37442, "parameter_names": ["vapor_pressure.parameter_head.0.weight", "vapor_pressure.parameter_head.0.bias", "vapor_pressure.parameter_head.2.weight", "vapor_pressure.parameter_head.2.bias"]}, {"learning_rate": 5e-06, "name": "film", "parameter_count": 111744, "parameter_names": ["film.0.weight", "film.0.bias", "film.2.weight", "film.2.bias"]}, {"learning_rate": 5e-06, "name": "mixture_token", "parameter_count": 192, "parameter_names": ["mixture_token"]}], "total_parameters": 2015043, "trainable_fraction": 0.1292056794817778, "trainable_parameters": 260355}, "total_parameters": 2015043, "trainable_fraction": 0.1292056794817778, "trainable_parameters": 260355}}
[seed 3] [stage 3/3: fugacity] starting 10 epoch(s)
[seed 3] [stage 3/3: fugacity] [epoch 1/10] train_total=0.009653 val_score=0.576177 best=0.576177 P_MAE=4.4761 kPa y_iso_MAE=0.009095 T_MAE=0.6372 K y_isob_MAE=0.011175 improved=yes epoch_time=7.3s total_time=580.8s
[seed 3] [stage 3/3: fugacity] [epoch 2/10] train_total=0.009266 val_score=0.557606 best=0.557606 P_MAE=4.2261 kPa y_iso_MAE=0.009057 T_MAE=0.6199 K y_isob_MAE=0.010964 improved=yes epoch_time=7.2s total_time=588.0s
[seed 3] [stage 3/3: fugacity] [epoch 3/10] train_total=0.009344 val_score=0.578339 best=0.557606 P_MAE=4.3915 kPa y_iso_MAE=0.009266 T_MAE=0.6585 K y_isob_MAE=0.011199 improved=no epoch_time=7.3s total_time=595.3s
[seed 3] [stage 3/3: fugacity] [epoch 4/10] train_total=0.008641 val_score=0.568359 best=0.557606 P_MAE=4.2125 kPa y_iso_MAE=0.009182 T_MAE=0.6505 K y_isob_MAE=0.011399 improved=no epoch_time=7.4s total_time=602.7s
[seed 3] [stage 3/3: fugacity] [epoch 5/10] train_total=0.008681 val_score=0.570156 best=0.557606 P_MAE=4.3312 kPa y_iso_MAE=0.009138 T_MAE=0.6364 K y_isob_MAE=0.011285 improved=no epoch_time=7.3s total_time=610.1s
[seed 3] [stage 3/3: fugacity] [epoch 6/10] train_total=0.008637 val_score=0.570652 best=0.557606 P_MAE=4.3000 kPa y_iso_MAE=0.009139 T_MAE=0.6732 K y_isob_MAE=0.010764 improved=no epoch_time=7.3s total_time=617.4s
[seed 3] [stage 3/3: fugacity] [epoch 7/10] train_total=0.008915 val_score=0.570476 best=0.557606 P_MAE=4.2963 kPa y_iso_MAE=0.009158 T_MAE=0.6539 K y_isob_MAE=0.011129 improved=no epoch_time=7.4s total_time=624.8s
[seed 3] [stage 3/3: fugacity] [epoch 8/10] train_total=0.008465 val_score=0.574664 best=0.557606 P_MAE=4.3656 kPa y_iso_MAE=0.009216 T_MAE=0.6625 K y_isob_MAE=0.010937 improved=no epoch_time=7.0s total_time=631.7s
[seed 3] [stage 3/3: fugacity] [epoch 9/10] train_total=0.008427 val_score=0.593161 best=0.557606 P_MAE=4.5420 kPa y_iso_MAE=0.009364 T_MAE=0.6809 K y_isob_MAE=0.011366 improved=no epoch_time=7.2s total_time=639.0s
[seed 3] [stage 3/3: fugacity] [epoch 10/10] train_total=0.008338 val_score=0.587237 best=0.557606 P_MAE=4.4370 kPa y_iso_MAE=0.009242 T_MAE=0.6816 K y_isob_MAE=0.011474 improved=no epoch_time=7.6s total_time=646.6s
{"protocol": "vle_binary_state_pressure_high_extrapolation", "seed": 3, "manifest": "D:\\VLE\\VLE\\thermoformer_project\\runs\\phase_equilibrium\\v1\\vle\\three\\results\\thermoformer_vle_three_stage.on.vle_binary_state_pressure_high_extrapolation\\seed_3\\manifest.json"}
[stage experimental] starting 80 epoch(s)
[stage experimental] [epoch 1/80] train_total=0.877075 val_total=0.184828 best=0.184828 improved=yes epoch_time=1.6s total_time=1.6s
[stage experimental] [epoch 2/80] train_total=0.109982 val_total=0.057635 best=0.057635 improved=yes epoch_time=1.6s total_time=3.2s
[stage experimental] [epoch 3/80] train_total=0.067723 val_total=0.056124 best=0.056124 improved=yes epoch_time=1.7s total_time=4.9s
[stage experimental] [epoch 4/80] train_total=0.059394 val_total=0.029392 best=0.029392 improved=yes epoch_time=1.6s total_time=6.5s
[stage experimental] [epoch 5/80] train_total=0.053680 val_total=0.052012 best=0.029392 improved=no epoch_time=1.7s total_time=8.2s
[stage experimental] [epoch 6/80] train_total=0.045434 val_total=0.049129 best=0.029392 improved=no epoch_time=1.6s total_time=9.8s
[stage experimental] [epoch 7/80] train_total=0.048151 val_total=0.026657 best=0.026657 improved=yes epoch_time=1.7s total_time=11.5s
[stage experimental] [epoch 8/80] train_total=0.052219 val_total=0.048116 best=0.026657 improved=no epoch_time=1.7s total_time=13.2s
[stage experimental] [epoch 9/80] train_total=0.045788 val_total=0.084395 best=0.026657 improved=no epoch_time=1.6s total_time=14.8s
[stage experimental] [epoch 10/80] train_total=0.043825 val_total=0.033159 best=0.026657 improved=no epoch_time=1.7s total_time=16.5s
[stage experimental] [epoch 11/80] train_total=0.041567 val_total=0.023184 best=0.023184 improved=yes epoch_time=1.5s total_time=18.0s
[stage experimental] [epoch 12/80] train_total=0.040119 val_total=0.039023 best=0.023184 improved=no epoch_time=1.6s total_time=19.6s
[stage experimental] [epoch 13/80] train_total=0.038492 val_total=0.027136 best=0.023184 improved=no epoch_time=1.6s total_time=21.2s
[stage experimental] [epoch 14/80] train_total=0.036919 val_total=0.030996 best=0.023184 improved=no epoch_time=1.6s total_time=22.8s
[stage experimental] [epoch 15/80] train_total=0.039043 val_total=0.040941 best=0.023184 improved=no epoch_time=1.6s total_time=24.3s
[stage experimental] [epoch 16/80] train_total=0.032113 val_total=0.032209 best=0.023184 improved=no epoch_time=1.7s total_time=26.0s
[stage experimental] [epoch 17/80] train_total=0.034039 val_total=0.011883 best=0.011883 improved=yes epoch_time=1.6s total_time=27.6s
[stage experimental] [epoch 18/80] train_total=0.030489 val_total=0.026173 best=0.011883 improved=no epoch_time=1.6s total_time=29.2s
[stage experimental] [epoch 19/80] train_total=0.033205 val_total=0.022882 best=0.011883 improved=no epoch_time=1.6s total_time=30.8s
[stage experimental] [epoch 20/80] train_total=0.028388 val_total=0.057309 best=0.011883 improved=no epoch_time=1.6s total_time=32.4s
[stage experimental] [epoch 21/80] train_total=0.028342 val_total=0.025343 best=0.011883 improved=no epoch_time=1.6s total_time=34.0s
[stage experimental] [epoch 22/80] train_total=0.025706 val_total=0.026260 best=0.011883 improved=no epoch_time=1.6s total_time=35.6s
[stage experimental] [epoch 23/80] train_total=0.024063 val_total=0.018776 best=0.011883 improved=no epoch_time=1.6s total_time=37.2s
[stage experimental] [epoch 24/80] train_total=0.025590 val_total=0.027043 best=0.011883 improved=no epoch_time=1.6s total_time=38.8s
[stage experimental] [epoch 25/80] train_total=0.023522 val_total=0.027345 best=0.011883 improved=no epoch_time=1.6s total_time=40.4s
[stage experimental] [epoch 26/80] train_total=0.023661 val_total=0.018902 best=0.011883 improved=no epoch_time=1.6s total_time=42.0s
[stage experimental] [epoch 27/80] train_total=0.020497 val_total=0.026642 best=0.011883 improved=no epoch_time=1.6s total_time=43.6s
[stage experimental] [epoch 28/80] train_total=0.019884 val_total=0.011298 best=0.011298 improved=yes epoch_time=1.6s total_time=45.2s
[stage experimental] [epoch 29/80] train_total=0.020917 val_total=0.025248 best=0.011298 improved=no epoch_time=1.6s total_time=46.8s
[stage experimental] [epoch 30/80] train_total=0.018491 val_total=0.011225 best=0.011225 improved=yes epoch_time=1.6s total_time=48.4s
[stage experimental] [epoch 31/80] train_total=0.017479 val_total=0.017573 best=0.011225 improved=no epoch_time=1.6s total_time=50.1s
[stage experimental] [epoch 32/80] train_total=0.017843 val_total=0.009089 best=0.009089 improved=yes epoch_time=1.6s total_time=51.7s
[stage experimental] [epoch 33/80] train_total=0.014618 val_total=0.016409 best=0.009089 improved=no epoch_time=1.7s total_time=53.4s
[stage experimental] [epoch 34/80] train_total=0.017309 val_total=0.009174 best=0.009089 improved=no epoch_time=1.7s total_time=55.0s
[stage experimental] [epoch 35/80] train_total=0.016260 val_total=0.012769 best=0.009089 improved=no epoch_time=1.6s total_time=56.6s
[stage experimental] [epoch 36/80] train_total=0.013518 val_total=0.008648 best=0.008648 improved=yes epoch_time=1.6s total_time=58.3s
[stage experimental] [epoch 37/80] train_total=0.013850 val_total=0.017870 best=0.008648 improved=no epoch_time=1.7s total_time=59.9s
[stage experimental] [epoch 38/80] train_total=0.014913 val_total=0.012201 best=0.008648 improved=no epoch_time=1.6s total_time=61.5s
[stage experimental] [epoch 39/80] train_total=0.014767 val_total=0.009806 best=0.008648 improved=no epoch_time=1.6s total_time=63.1s
[stage experimental] [epoch 40/80] train_total=0.012408 val_total=0.010124 best=0.008648 improved=no epoch_time=1.6s total_time=64.6s
[stage experimental] [epoch 41/80] train_total=0.012255 val_total=0.009282 best=0.008648 improved=no epoch_time=1.6s total_time=66.2s
[stage experimental] [epoch 42/80] train_total=0.013408 val_total=0.014866 best=0.008648 improved=no epoch_time=1.7s total_time=67.9s
[stage experimental] [epoch 43/80] train_total=0.011252 val_total=0.019010 best=0.008648 improved=no epoch_time=1.6s total_time=69.5s
[stage experimental] [epoch 44/80] train_total=0.011590 val_total=0.017319 best=0.008648 improved=no epoch_time=1.6s total_time=71.1s
[stage experimental] [epoch 45/80] train_total=0.009673 val_total=0.019760 best=0.008648 improved=no epoch_time=1.6s total_time=72.8s
[stage experimental] [epoch 46/80] train_total=0.009660 val_total=0.007483 best=0.007483 improved=yes epoch_time=1.7s total_time=74.5s
[stage experimental] [epoch 47/80] train_total=0.011670 val_total=0.009021 best=0.007483 improved=no epoch_time=1.7s total_time=76.2s
[stage experimental] [epoch 48/80] train_total=0.010597 val_total=0.008914 best=0.007483 improved=no epoch_time=1.8s total_time=78.0s
[stage experimental] [epoch 49/80] train_total=0.009475 val_total=0.008809 best=0.007483 improved=no epoch_time=2.1s total_time=80.0s
[stage experimental] [epoch 50/80] train_total=0.009725 val_total=0.009402 best=0.007483 improved=no epoch_time=1.4s total_time=81.4s
[stage experimental] [epoch 51/80] train_total=0.010267 val_total=0.005024 best=0.005024 improved=yes epoch_time=1.2s total_time=82.6s
[stage experimental] [epoch 52/80] train_total=0.010757 val_total=0.009718 best=0.005024 improved=no epoch_time=1.3s total_time=83.8s
[stage experimental] [epoch 53/80] train_total=0.010274 val_total=0.006716 best=0.005024 improved=no epoch_time=1.3s total_time=85.1s
[stage experimental] [epoch 54/80] train_total=0.010744 val_total=0.010857 best=0.005024 improved=no epoch_time=1.2s total_time=86.3s
[stage experimental] [epoch 55/80] train_total=0.008793 val_total=0.010574 best=0.005024 improved=no epoch_time=1.3s total_time=87.6s
[stage experimental] [epoch 56/80] train_total=0.008013 val_total=0.007453 best=0.005024 improved=no epoch_time=1.5s total_time=89.1s
[stage experimental] [epoch 57/80] train_total=0.008946 val_total=0.020675 best=0.005024 improved=no epoch_time=1.5s total_time=90.6s
[stage experimental] [epoch 58/80] train_total=0.009991 val_total=0.005704 best=0.005024 improved=no epoch_time=1.4s total_time=92.0s
[stage experimental] [epoch 59/80] train_total=0.009049 val_total=0.014325 best=0.005024 improved=no epoch_time=1.4s total_time=93.5s
[stage experimental] [epoch 60/80] train_total=0.012754 val_total=0.007830 best=0.005024 improved=no epoch_time=1.4s total_time=94.9s
[stage experimental] [epoch 61/80] train_total=0.008586 val_total=0.010879 best=0.005024 improved=no epoch_time=1.4s total_time=96.3s
[stage experimental] [epoch 62/80] train_total=0.010640 val_total=0.006595 best=0.005024 improved=no epoch_time=1.5s total_time=97.8s
[stage experimental] [epoch 63/80] train_total=0.009143 val_total=0.003494 best=0.003494 improved=yes epoch_time=1.4s total_time=99.2s
[stage experimental] [epoch 64/80] train_total=0.009704 val_total=0.017637 best=0.003494 improved=no epoch_time=1.4s total_time=100.6s
[stage experimental] [epoch 65/80] train_total=0.009314 val_total=0.009977 best=0.003494 improved=no epoch_time=1.4s total_time=102.0s
[stage experimental] [epoch 66/80] train_total=0.009131 val_total=0.006383 best=0.003494 improved=no epoch_time=1.4s total_time=103.4s
[stage experimental] [epoch 67/80] train_total=0.007092 val_total=0.011598 best=0.003494 improved=no epoch_time=1.4s total_time=104.8s
[stage experimental] [epoch 68/80] train_total=0.009156 val_total=0.013723 best=0.003494 improved=no epoch_time=1.4s total_time=106.3s
[stage experimental] [epoch 69/80] train_total=0.010129 val_total=0.004814 best=0.003494 improved=no epoch_time=1.5s total_time=107.7s
[stage experimental] [epoch 70/80] train_total=0.009072 val_total=0.007058 best=0.003494 improved=no epoch_time=1.4s total_time=109.2s
[stage experimental] [epoch 71/80] train_total=0.008421 val_total=0.009877 best=0.003494 improved=no epoch_time=1.4s total_time=110.6s
[stage experimental] [epoch 72/80] train_total=0.008154 val_total=0.008976 best=0.003494 improved=no epoch_time=1.5s total_time=112.0s
[stage experimental] [epoch 73/80] train_total=0.008246 val_total=0.004553 best=0.003494 improved=no epoch_time=1.4s total_time=113.5s
[stage experimental] [epoch 74/80] train_total=0.008806 val_total=0.007526 best=0.003494 improved=no epoch_time=1.4s total_time=114.9s
[stage experimental] [epoch 75/80] train_total=0.008539 val_total=0.011895 best=0.003494 improved=no epoch_time=1.4s total_time=116.3s
[stage experimental] early stopping at epoch 75; best_validation=0.003494
[seed 4] [stage 1/3: direct GE] starting 20 epoch(s)
[seed 4] [stage 1/3: direct GE] [epoch 1/20] train_total=0.004513 val_score=1.552539 best=1.552539 P_MAE=5.8793 kPa y_iso_MAE=0.012792 T_MAE=1.6701 K y_isob_MAE=0.023338 improved=yes epoch_time=6.0s total_time=10.6s
[seed 4] [stage 1/3: direct GE] [epoch 2/20] train_total=0.004081 val_score=1.473358 best=1.473358 P_MAE=5.6418 kPa y_iso_MAE=0.012679 T_MAE=1.6609 K y_isob_MAE=0.019869 improved=yes epoch_time=5.9s total_time=16.5s
[seed 4] [stage 1/3: direct GE] [epoch 3/20] train_total=0.003686 val_score=1.508645 best=1.473358 P_MAE=5.6915 kPa y_iso_MAE=0.010953 T_MAE=1.7677 K y_isob_MAE=0.022857 improved=no epoch_time=6.2s total_time=22.7s
[seed 4] [stage 1/3: direct GE] [epoch 4/20] train_total=0.003482 val_score=1.316256 best=1.316256 P_MAE=5.0110 kPa y_iso_MAE=0.010061 T_MAE=1.4670 K y_isob_MAE=0.020123 improved=yes epoch_time=6.3s total_time=29.0s
[seed 4] [stage 1/3: direct GE] [epoch 5/20] train_total=0.003493 val_score=1.481843 best=1.316256 P_MAE=5.7315 kPa y_iso_MAE=0.010827 T_MAE=1.7039 K y_isob_MAE=0.022262 improved=no epoch_time=6.4s total_time=35.4s
[seed 4] [stage 1/3: direct GE] [epoch 6/20] train_total=0.003534 val_score=1.589792 best=1.316256 P_MAE=5.4257 kPa y_iso_MAE=0.011335 T_MAE=1.9810 K y_isob_MAE=0.024949 improved=no epoch_time=6.3s total_time=41.7s
[seed 4] [stage 1/3: direct GE] [epoch 7/20] train_total=0.003393 val_score=1.810632 best=1.316256 P_MAE=6.4511 kPa y_iso_MAE=0.011230 T_MAE=2.4136 K y_isob_MAE=0.027509 improved=no epoch_time=6.4s total_time=48.1s
[seed 4] [stage 1/3: direct GE] [epoch 8/20] train_total=0.003261 val_score=1.641673 best=1.316256 P_MAE=5.1615 kPa y_iso_MAE=0.009740 T_MAE=2.4500 K y_isob_MAE=0.024437 improved=no epoch_time=6.4s total_time=54.5s
[seed 4] [stage 1/3: direct GE] [epoch 9/20] train_total=0.003114 val_score=1.498742 best=1.316256 P_MAE=5.8449 kPa y_iso_MAE=0.010583 T_MAE=1.6903 K y_isob_MAE=0.023405 improved=no epoch_time=6.2s total_time=60.8s
[seed 4] [stage 1/3: direct GE] [epoch 10/20] train_total=0.003260 val_score=1.879701 best=1.316256 P_MAE=5.9189 kPa y_iso_MAE=0.011596 T_MAE=2.7431 K y_isob_MAE=0.028204 improved=no epoch_time=6.3s total_time=67.1s
[seed 4] [stage 1/3: direct GE] [epoch 11/20] train_total=0.003194 val_score=1.625717 best=1.316256 P_MAE=6.0759 kPa y_iso_MAE=0.010979 T_MAE=2.2474 K y_isob_MAE=0.020882 improved=no epoch_time=6.4s total_time=73.4s
[seed 4] [stage 1/3: direct GE] [epoch 12/20] train_total=0.003151 val_score=1.636123 best=1.316256 P_MAE=5.9788 kPa y_iso_MAE=0.010709 T_MAE=2.0506 K y_isob_MAE=0.025368 improved=no epoch_time=6.3s total_time=79.7s
[seed 4] [stage 1/3: direct GE] [epoch 13/20] train_total=0.003161 val_score=1.692780 best=1.316256 P_MAE=6.0138 kPa y_iso_MAE=0.010725 T_MAE=2.3208 K y_isob_MAE=0.024442 improved=no epoch_time=6.2s total_time=85.9s
[seed 4] [stage 1/3: direct GE] [epoch 14/20] train_total=0.003171 val_score=1.699528 best=1.316256 P_MAE=6.2064 kPa y_iso_MAE=0.010764 T_MAE=2.2286 K y_isob_MAE=0.025415 improved=no epoch_time=6.4s total_time=92.3s
[seed 4] [stage 1/3: direct GE] [epoch 15/20] train_total=0.003111 val_score=1.689790 best=1.316256 P_MAE=5.6041 kPa y_iso_MAE=0.009553 T_MAE=2.4427 K y_isob_MAE=0.025917 improved=no epoch_time=6.4s total_time=98.7s
[seed 4] [stage 1/3: direct GE] [epoch 16/20] train_total=0.003108 val_score=1.969479 best=1.316256 P_MAE=6.2672 kPa y_iso_MAE=0.011262 T_MAE=3.0810 K y_isob_MAE=0.027486 improved=no epoch_time=6.5s total_time=105.2s
[seed 4] [stage 1/3: direct GE] [epoch 17/20] train_total=0.003100 val_score=2.272175 best=1.316256 P_MAE=6.0016 kPa y_iso_MAE=0.012867 T_MAE=3.9606 K y_isob_MAE=0.030716 improved=no epoch_time=6.4s total_time=111.5s
[seed 4] [stage 1/3: direct GE] [epoch 18/20] train_total=0.003099 val_score=1.830522 best=1.316256 P_MAE=6.0585 kPa y_iso_MAE=0.010725 T_MAE=2.7943 K y_isob_MAE=0.025250 improved=no epoch_time=6.5s total_time=118.1s
[seed 4] [stage 1/3: direct GE] [epoch 19/20] train_total=0.003407 val_score=2.113364 best=1.316256 P_MAE=6.5124 kPa y_iso_MAE=0.012589 T_MAE=3.3090 K y_isob_MAE=0.029536 improved=no epoch_time=6.2s total_time=124.3s
[seed 4] [stage 1/3: direct GE] [epoch 20/20] train_total=0.003153 val_score=1.885099 best=1.316256 P_MAE=6.9897 kPa y_iso_MAE=0.011512 T_MAE=2.8204 K y_isob_MAE=0.023053 improved=no epoch_time=6.3s total_time=130.6s
[seed 4] [stage 2/3: joint VLE] starting 80 epoch(s)
[seed 4] [stage 2/3: joint VLE] [epoch 1/80] train_total=0.019635 val_score=1.397619 best=1.397619 P_MAE=5.4048 kPa y_iso_MAE=0.013781 T_MAE=1.5072 K y_isob_MAE=0.016924 improved=yes epoch_time=7.2s total_time=137.8s
[seed 4] [stage 2/3: joint VLE] [epoch 2/80] train_total=0.013330 val_score=1.253766 best=1.253766 P_MAE=6.0845 kPa y_iso_MAE=0.011593 T_MAE=1.1901 K y_isob_MAE=0.013792 improved=yes epoch_time=7.2s total_time=145.0s
[seed 4] [stage 2/3: joint VLE] [epoch 3/80] train_total=0.012936 val_score=1.143266 best=1.143266 P_MAE=5.3784 kPa y_iso_MAE=0.011555 T_MAE=0.9985 K y_isob_MAE=0.013068 improved=yes epoch_time=7.1s total_time=152.1s
[seed 4] [stage 2/3: joint VLE] [epoch 4/80] train_total=0.017128 val_score=1.231814 best=1.143266 P_MAE=5.7128 kPa y_iso_MAE=0.013638 T_MAE=1.0672 K y_isob_MAE=0.012682 improved=no epoch_time=7.5s total_time=159.6s
[seed 4] [stage 2/3: joint VLE] [epoch 5/80] train_total=0.014372 val_score=1.341670 best=1.143266 P_MAE=5.0511 kPa y_iso_MAE=0.013051 T_MAE=1.4307 K y_isob_MAE=0.017344 improved=no epoch_time=7.5s total_time=167.2s
[seed 4] [stage 2/3: joint VLE] [epoch 6/80] train_total=0.013194 val_score=1.394320 best=1.143266 P_MAE=4.6963 kPa y_iso_MAE=0.014084 T_MAE=1.6281 K y_isob_MAE=0.017306 improved=no epoch_time=7.7s total_time=174.8s
[seed 4] [stage 2/3: joint VLE] [epoch 7/80] train_total=0.012587 val_score=1.160018 best=1.143266 P_MAE=6.2464 kPa y_iso_MAE=0.010487 T_MAE=0.9226 K y_isob_MAE=0.013345 improved=no epoch_time=7.4s total_time=182.2s
[seed 4] [stage 2/3: joint VLE] [epoch 8/80] train_total=0.013375 val_score=1.056814 best=1.056814 P_MAE=4.0300 kPa y_iso_MAE=0.011246 T_MAE=1.0073 K y_isob_MAE=0.013774 improved=yes epoch_time=7.3s total_time=189.5s
[seed 4] [stage 2/3: joint VLE] [epoch 9/80] train_total=0.012490 val_score=1.396175 best=1.056814 P_MAE=5.5962 kPa y_iso_MAE=0.012426 T_MAE=1.6828 K y_isob_MAE=0.015471 improved=no epoch_time=7.5s total_time=197.0s
[seed 4] [stage 2/3: joint VLE] [epoch 10/80] train_total=0.012391 val_score=1.035400 best=1.035400 P_MAE=3.6851 kPa y_iso_MAE=0.012491 T_MAE=1.0575 K y_isob_MAE=0.011173 improved=yes epoch_time=7.3s total_time=204.3s
[seed 4] [stage 2/3: joint VLE] [epoch 11/80] train_total=0.011968 val_score=1.516258 best=1.035400 P_MAE=4.4689 kPa y_iso_MAE=0.012744 T_MAE=2.1359 K y_isob_MAE=0.019862 improved=no epoch_time=7.3s total_time=211.6s
[seed 4] [stage 2/3: joint VLE] [epoch 12/80] train_total=0.013760 val_score=1.073731 best=1.035400 P_MAE=4.1432 kPa y_iso_MAE=0.011260 T_MAE=0.9676 K y_isob_MAE=0.014916 improved=no epoch_time=7.5s total_time=219.1s
[seed 4] [stage 2/3: joint VLE] [epoch 13/80] train_total=0.012734 val_score=1.213665 best=1.035400 P_MAE=6.3702 kPa y_iso_MAE=0.009390 T_MAE=1.0667 K y_isob_MAE=0.015569 improved=no epoch_time=7.3s total_time=226.4s
[seed 4] [stage 2/3: joint VLE] [epoch 14/80] train_total=0.012650 val_score=1.706883 best=1.035400 P_MAE=5.2915 kPa y_iso_MAE=0.014892 T_MAE=2.6101 K y_isob_MAE=0.017253 improved=no epoch_time=7.5s total_time=233.9s
[seed 4] [stage 2/3: joint VLE] [epoch 15/80] train_total=0.014201 val_score=0.987728 best=0.987728 P_MAE=3.4670 kPa y_iso_MAE=0.011156 T_MAE=0.8971 K y_isob_MAE=0.013779 improved=yes epoch_time=7.7s total_time=241.6s
[seed 4] [stage 2/3: joint VLE] [epoch 16/80] train_total=0.011371 val_score=1.157478 best=0.987728 P_MAE=3.5437 kPa y_iso_MAE=0.012045 T_MAE=1.4372 K y_isob_MAE=0.013953 improved=no epoch_time=7.5s total_time=249.2s
[seed 4] [stage 2/3: joint VLE] [epoch 17/80] train_total=0.012246 val_score=1.192672 best=0.987728 P_MAE=6.6155 kPa y_iso_MAE=0.010617 T_MAE=1.0663 K y_isob_MAE=0.011368 improved=no epoch_time=7.3s total_time=256.5s
[seed 4] [stage 2/3: joint VLE] [epoch 18/80] train_total=0.012561 val_score=1.038347 best=0.987728 P_MAE=3.8957 kPa y_iso_MAE=0.012051 T_MAE=0.9584 K y_isob_MAE=0.012703 improved=no epoch_time=7.8s total_time=264.4s
[seed 4] [stage 2/3: joint VLE] [epoch 19/80] train_total=0.013342 val_score=1.417834 best=0.987728 P_MAE=4.4789 kPa y_iso_MAE=0.014127 T_MAE=1.6099 K y_isob_MAE=0.019832 improved=no epoch_time=7.4s total_time=271.8s
[seed 4] [stage 2/3: joint VLE] [epoch 20/80] train_total=0.011306 val_score=0.927406 best=0.927406 P_MAE=3.3495 kPa y_iso_MAE=0.009294 T_MAE=0.9452 K y_isob_MAE=0.012819 improved=yes epoch_time=8.0s total_time=279.8s
[seed 4] [stage 2/3: joint VLE] [epoch 21/80] train_total=0.012505 val_score=1.052420 best=0.927406 P_MAE=4.4910 kPa y_iso_MAE=0.011636 T_MAE=0.8969 K y_isob_MAE=0.012697 improved=no epoch_time=7.7s total_time=287.5s
[seed 4] [stage 2/3: joint VLE] [epoch 22/80] train_total=0.013860 val_score=1.375095 best=0.927406 P_MAE=6.5702 kPa y_iso_MAE=0.010674 T_MAE=1.3565 K y_isob_MAE=0.017975 improved=no epoch_time=7.6s total_time=295.0s
[seed 4] [stage 2/3: joint VLE] [epoch 23/80] train_total=0.011457 val_score=0.962648 best=0.927406 P_MAE=4.2886 kPa y_iso_MAE=0.010464 T_MAE=0.7852 K y_isob_MAE=0.011694 improved=no epoch_time=7.8s total_time=302.8s
[seed 4] [stage 2/3: joint VLE] [epoch 24/80] train_total=0.010637 val_score=1.270962 best=0.927406 P_MAE=5.4549 kPa y_iso_MAE=0.011820 T_MAE=1.2399 K y_isob_MAE=0.016300 improved=no epoch_time=7.8s total_time=310.6s
[seed 4] [stage 2/3: joint VLE] [epoch 25/80] train_total=0.010606 val_score=1.404708 best=0.927406 P_MAE=6.0770 kPa y_iso_MAE=0.012249 T_MAE=1.6040 K y_isob_MAE=0.015496 improved=no epoch_time=7.5s total_time=318.1s
[seed 4] [stage 2/3: joint VLE] [epoch 26/80] train_total=0.009678 val_score=0.941029 best=0.927406 P_MAE=2.9881 kPa y_iso_MAE=0.010510 T_MAE=0.8395 K y_isob_MAE=0.014846 improved=no epoch_time=7.6s total_time=325.7s
[seed 4] [stage 2/3: joint VLE] [epoch 27/80] train_total=0.012089 val_score=1.158590 best=0.927406 P_MAE=4.7646 kPa y_iso_MAE=0.013033 T_MAE=1.0076 K y_isob_MAE=0.014054 improved=no epoch_time=7.7s total_time=333.4s
[seed 4] [stage 2/3: joint VLE] [epoch 28/80] train_total=0.010548 val_score=1.148462 best=0.927406 P_MAE=4.5297 kPa y_iso_MAE=0.011803 T_MAE=1.1645 K y_isob_MAE=0.013929 improved=no epoch_time=7.5s total_time=340.9s
[seed 4] [stage 2/3: joint VLE] [epoch 29/80] train_total=0.009943 val_score=1.073374 best=0.927406 P_MAE=3.6936 kPa y_iso_MAE=0.010885 T_MAE=1.2878 K y_isob_MAE=0.012400 improved=no epoch_time=7.8s total_time=348.6s
[seed 4] [stage 2/3: joint VLE] [epoch 30/80] train_total=0.010350 val_score=0.994730 best=0.927406 P_MAE=3.9755 kPa y_iso_MAE=0.011188 T_MAE=0.8469 K y_isob_MAE=0.012825 improved=no epoch_time=7.5s total_time=356.1s
[seed 4] [stage 2/3: joint VLE] [epoch 31/80] train_total=0.011173 val_score=1.096623 best=0.927406 P_MAE=3.4542 kPa y_iso_MAE=0.012378 T_MAE=1.1618 K y_isob_MAE=0.014383 improved=no epoch_time=7.7s total_time=363.8s
[seed 4] [stage 2/3: joint VLE] [epoch 32/80] train_total=0.011011 val_score=1.110248 best=0.927406 P_MAE=4.0424 kPa y_iso_MAE=0.012211 T_MAE=1.0812 K y_isob_MAE=0.014282 improved=no epoch_time=8.0s total_time=371.8s
{"direct_ge_parameter_summary": {"stage1_trainable_parameters": 1977601, "stage2_trainable_parameters": 2015043, "stage3": {"groups": [{"learning_rate": 2e-05, "name": "pair_potential", "parameter_count": 110977, "parameter_names": ["pair_potential.0.weight", "pair_potential.0.bias", "pair_potential.2.weight", "pair_potential.2.bias"]}, {"learning_rate": 1e-05, "name": "vapor_pressure", "parameter_count": 37442, "parameter_names": ["vapor_pressure.parameter_head.0.weight", "vapor_pressure.parameter_head.0.bias", "vapor_pressure.parameter_head.2.weight", "vapor_pressure.parameter_head.2.bias"]}, {"learning_rate": 5e-06, "name": "film", "parameter_count": 111744, "parameter_names": ["film.0.weight", "film.0.bias", "film.2.weight", "film.2.bias"]}, {"learning_rate": 5e-06, "name": "mixture_token", "parameter_count": 192, "parameter_names": ["mixture_token"]}], "total_parameters": 2015043, "trainable_fraction": 0.1292056794817778, "trainable_parameters": 260355}, "total_parameters": 2015043, "trainable_fraction": 0.1292056794817778, "trainable_parameters": 260355}}
[seed 4] [stage 3/3: fugacity] starting 10 epoch(s)
[seed 4] [stage 3/3: fugacity] [epoch 1/10] train_total=0.009433 val_score=0.942133 best=0.942133 P_MAE=4.0365 kPa y_iso_MAE=0.008933 T_MAE=0.8878 K y_isob_MAE=0.012326 improved=yes epoch_time=7.8s total_time=379.6s
[seed 4] [stage 3/3: fugacity] [epoch 2/10] train_total=0.008558 val_score=0.917453 best=0.917453 P_MAE=4.0167 kPa y_iso_MAE=0.008918 T_MAE=0.8163 K y_isob_MAE=0.012047 improved=yes epoch_time=7.3s total_time=386.9s
[seed 4] [stage 3/3: fugacity] [epoch 3/10] train_total=0.008560 val_score=0.938846 best=0.917453 P_MAE=4.1508 kPa y_iso_MAE=0.008999 T_MAE=0.8379 K y_isob_MAE=0.012321 improved=no epoch_time=7.1s total_time=393.9s
[seed 4] [stage 3/3: fugacity] [epoch 4/10] train_total=0.008525 val_score=0.930678 best=0.917453 P_MAE=4.2325 kPa y_iso_MAE=0.009065 T_MAE=0.7866 K y_isob_MAE=0.012180 improved=no epoch_time=7.2s total_time=401.1s
[seed 4] [stage 3/3: fugacity] [epoch 5/10] train_total=0.008146 val_score=0.922493 best=0.917453 P_MAE=4.1769 kPa y_iso_MAE=0.009034 T_MAE=0.7667 K y_isob_MAE=0.012272 improved=no epoch_time=7.2s total_time=408.3s
[seed 4] [stage 3/3: fugacity] [epoch 6/10] train_total=0.008151 val_score=0.896502 best=0.896502 P_MAE=4.0262 kPa y_iso_MAE=0.009107 T_MAE=0.7225 K y_isob_MAE=0.011895 improved=yes epoch_time=7.4s total_time=415.6s
[seed 4] [stage 3/3: fugacity] [epoch 7/10] train_total=0.008068 val_score=0.949808 best=0.896502 P_MAE=3.9750 kPa y_iso_MAE=0.009343 T_MAE=0.8879 K y_isob_MAE=0.012396 improved=no epoch_time=7.4s total_time=423.0s
[seed 4] [stage 3/3: fugacity] [epoch 8/10] train_total=0.007900 val_score=0.924846 best=0.896502 P_MAE=4.1302 kPa y_iso_MAE=0.009300 T_MAE=0.7578 K y_isob_MAE=0.012326 improved=no epoch_time=7.5s total_time=430.5s
[seed 4] [stage 3/3: fugacity] [epoch 9/10] train_total=0.007783 val_score=0.932881 best=0.896502 P_MAE=4.0589 kPa y_iso_MAE=0.009462 T_MAE=0.7802 K y_isob_MAE=0.012503 improved=no epoch_time=7.5s total_time=438.0s
[seed 4] [stage 3/3: fugacity] [epoch 10/10] train_total=0.007744 val_score=0.938302 best=0.896502 P_MAE=4.0329 kPa y_iso_MAE=0.009591 T_MAE=0.8056 K y_isob_MAE=0.012342 improved=no epoch_time=7.3s total_time=445.3s
{"protocol": "vle_binary_state_pressure_high_extrapolation", "seed": 4, "manifest": "D:\\VLE\\VLE\\thermoformer_project\\runs\\phase_equilibrium\\v1\\vle\\three\\results\\thermoformer_vle_three_stage.on.vle_binary_state_pressure_high_extrapolation\\seed_4\\manifest.json"}

$ E:\anaconda\envs\ggnn39\python.exe scripts/run_vle_benchmarks.py --protocol vle_binary_state_pressure_high_extrapolation --seeds 0 1 2 3 4 --output D:\VLE\VLE\phase_equilibrium\runs\phase_equilibrium\v1 --device cuda
