[stage experimental] starting 80 epoch(s)
[stage experimental] [epoch 1/80] train_total=0.805780 val_total=0.075631 best=0.075631 improved=yes epoch_time=2.2s total_time=2.2s
[stage experimental] [epoch 2/80] train_total=0.121502 val_total=0.052648 best=0.052648 improved=yes epoch_time=1.9s total_time=4.1s
[stage experimental] [epoch 3/80] train_total=0.064654 val_total=0.029043 best=0.029043 improved=yes epoch_time=1.8s total_time=5.9s
[stage experimental] [epoch 4/80] train_total=0.057292 val_total=0.035965 best=0.029043 improved=no epoch_time=1.8s total_time=7.7s
[stage experimental] [epoch 5/80] train_total=0.058650 val_total=0.029440 best=0.029043 improved=no epoch_time=1.9s total_time=9.6s
[stage experimental] [epoch 6/80] train_total=0.045775 val_total=0.023232 best=0.023232 improved=yes epoch_time=1.8s total_time=11.4s
[stage experimental] [epoch 7/80] train_total=0.041529 val_total=0.024727 best=0.023232 improved=no epoch_time=1.8s total_time=13.2s
[stage experimental] [epoch 8/80] train_total=0.042024 val_total=0.024971 best=0.023232 improved=no epoch_time=1.8s total_time=15.0s
[stage experimental] [epoch 9/80] train_total=0.047842 val_total=0.030633 best=0.023232 improved=no epoch_time=1.8s total_time=16.8s
[stage experimental] [epoch 10/80] train_total=0.044667 val_total=0.022836 best=0.022836 improved=yes epoch_time=1.7s total_time=18.5s
[stage experimental] [epoch 11/80] train_total=0.037331 val_total=0.021225 best=0.021225 improved=yes epoch_time=1.8s total_time=20.4s
[stage experimental] [epoch 12/80] train_total=0.037171 val_total=0.020119 best=0.020119 improved=yes epoch_time=1.8s total_time=22.1s
[stage experimental] [epoch 13/80] train_total=0.035261 val_total=0.022924 best=0.020119 improved=no epoch_time=1.8s total_time=24.0s
[stage experimental] [epoch 14/80] train_total=0.036294 val_total=0.022714 best=0.020119 improved=no epoch_time=1.8s total_time=25.8s
[stage experimental] [epoch 15/80] train_total=0.034956 val_total=0.028464 best=0.020119 improved=no epoch_time=1.8s total_time=27.6s
[stage experimental] [epoch 16/80] train_total=0.033698 val_total=0.022594 best=0.020119 improved=no epoch_time=1.8s total_time=29.5s
[stage experimental] [epoch 17/80] train_total=0.035027 val_total=0.024149 best=0.020119 improved=no epoch_time=1.9s total_time=31.3s
[stage experimental] [epoch 18/80] train_total=0.030371 val_total=0.018867 best=0.018867 improved=yes epoch_time=1.8s total_time=33.1s
[stage experimental] [epoch 19/80] train_total=0.033964 val_total=0.019823 best=0.018867 improved=no epoch_time=1.8s total_time=34.9s
[stage experimental] [epoch 20/80] train_total=0.032223 val_total=0.024464 best=0.018867 improved=no epoch_time=1.8s total_time=36.8s
[stage experimental] [epoch 21/80] train_total=0.027341 val_total=0.018307 best=0.018307 improved=yes epoch_time=1.8s total_time=38.6s
[stage experimental] [epoch 22/80] train_total=0.031669 val_total=0.029868 best=0.018307 improved=no epoch_time=1.9s total_time=40.5s
[stage experimental] [epoch 23/80] train_total=0.029429 val_total=0.016925 best=0.016925 improved=yes epoch_time=2.0s total_time=42.5s
[stage experimental] [epoch 24/80] train_total=0.025404 val_total=0.019753 best=0.016925 improved=no epoch_time=1.9s total_time=44.4s
[stage experimental] [epoch 25/80] train_total=0.024145 val_total=0.017877 best=0.016925 improved=no epoch_time=1.9s total_time=46.3s
[stage experimental] [epoch 26/80] train_total=0.027538 val_total=0.018928 best=0.016925 improved=no epoch_time=2.0s total_time=48.3s
[stage experimental] [epoch 27/80] train_total=0.024153 val_total=0.019527 best=0.016925 improved=no epoch_time=1.9s total_time=50.2s
[stage experimental] [epoch 28/80] train_total=0.020682 val_total=0.022234 best=0.016925 improved=no epoch_time=2.0s total_time=52.2s
[stage experimental] [epoch 29/80] train_total=0.020327 val_total=0.017569 best=0.016925 improved=no epoch_time=2.0s total_time=54.1s
[stage experimental] [epoch 30/80] train_total=0.018473 val_total=0.020816 best=0.016925 improved=no epoch_time=1.9s total_time=56.1s
[stage experimental] [epoch 31/80] train_total=0.019529 val_total=0.016707 best=0.016707 improved=yes epoch_time=1.9s total_time=58.0s
[stage experimental] [epoch 32/80] train_total=0.021098 val_total=0.022145 best=0.016707 improved=no epoch_time=1.8s total_time=59.8s
[stage experimental] [epoch 33/80] train_total=0.016849 val_total=0.014934 best=0.014934 improved=yes epoch_time=1.5s total_time=61.3s
[stage experimental] [epoch 34/80] train_total=0.017860 val_total=0.015406 best=0.014934 improved=no epoch_time=1.5s total_time=62.8s
[stage experimental] [epoch 35/80] train_total=0.018508 val_total=0.017987 best=0.014934 improved=no epoch_time=1.9s total_time=64.8s
[stage experimental] [epoch 36/80] train_total=0.016524 val_total=0.019346 best=0.014934 improved=no epoch_time=1.9s total_time=66.7s
[stage experimental] [epoch 37/80] train_total=0.014596 val_total=0.013869 best=0.013869 improved=yes epoch_time=1.9s total_time=68.6s
[stage experimental] [epoch 38/80] train_total=0.016306 val_total=0.014598 best=0.013869 improved=no epoch_time=2.0s total_time=70.6s
[stage experimental] [epoch 39/80] train_total=0.013876 val_total=0.014609 best=0.013869 improved=no epoch_time=2.0s total_time=72.6s
[stage experimental] [epoch 40/80] train_total=0.012290 val_total=0.014515 best=0.013869 improved=no epoch_time=1.9s total_time=74.5s
[stage experimental] [epoch 41/80] train_total=0.014063 val_total=0.013617 best=0.013617 improved=yes epoch_time=2.0s total_time=76.4s
[stage experimental] [epoch 42/80] train_total=0.014591 val_total=0.017877 best=0.013617 improved=no epoch_time=1.9s total_time=78.3s
[stage experimental] [epoch 43/80] train_total=0.012094 val_total=0.016282 best=0.013617 improved=no epoch_time=1.9s total_time=80.3s
[stage experimental] [epoch 44/80] train_total=0.013015 val_total=0.015055 best=0.013617 improved=no epoch_time=1.9s total_time=82.2s
[stage experimental] [epoch 45/80] train_total=0.011899 val_total=0.016099 best=0.013617 improved=no epoch_time=1.9s total_time=84.1s
[stage experimental] [epoch 46/80] train_total=0.012083 val_total=0.016754 best=0.013617 improved=no epoch_time=1.9s total_time=86.0s
[stage experimental] [epoch 47/80] train_total=0.010597 val_total=0.016390 best=0.013617 improved=no epoch_time=1.9s total_time=88.0s
[stage experimental] [epoch 48/80] train_total=0.012746 val_total=0.013782 best=0.013617 improved=no epoch_time=1.9s total_time=89.8s
[stage experimental] [epoch 49/80] train_total=0.012653 val_total=0.014997 best=0.013617 improved=no epoch_time=1.9s total_time=91.7s
[stage experimental] [epoch 50/80] train_total=0.010302 val_total=0.016064 best=0.013617 improved=no epoch_time=1.9s total_time=93.6s
[stage experimental] [epoch 51/80] train_total=0.011897 val_total=0.012790 best=0.012790 improved=yes epoch_time=1.9s total_time=95.5s
[stage experimental] [epoch 52/80] train_total=0.012841 val_total=0.014581 best=0.012790 improved=no epoch_time=1.9s total_time=97.4s
[stage experimental] [epoch 53/80] train_total=0.012005 val_total=0.012028 best=0.012028 improved=yes epoch_time=2.0s total_time=99.4s
[stage experimental] [epoch 54/80] train_total=0.008993 val_total=0.015744 best=0.012028 improved=no epoch_time=2.0s total_time=101.4s
[stage experimental] [epoch 55/80] train_total=0.009534 val_total=0.013800 best=0.012028 improved=no epoch_time=1.9s total_time=103.4s
[stage experimental] [epoch 56/80] train_total=0.008676 val_total=0.013106 best=0.012028 improved=no epoch_time=1.9s total_time=105.2s
[stage experimental] [epoch 57/80] train_total=0.010841 val_total=0.012023 best=0.012023 improved=yes epoch_time=1.9s total_time=107.2s
[stage experimental] [epoch 58/80] train_total=0.011673 val_total=0.012418 best=0.012023 improved=no epoch_time=2.0s total_time=109.1s
[stage experimental] [epoch 59/80] train_total=0.011000 val_total=0.016716 best=0.012023 improved=no epoch_time=1.9s total_time=111.0s
[stage experimental] [epoch 60/80] train_total=0.011900 val_total=0.011213 best=0.011213 improved=yes epoch_time=1.9s total_time=112.9s
[stage experimental] [epoch 61/80] train_total=0.010930 val_total=0.015832 best=0.011213 improved=no epoch_time=1.9s total_time=114.8s
[stage experimental] [epoch 62/80] train_total=0.014947 val_total=0.013400 best=0.011213 improved=no epoch_time=1.9s total_time=116.7s
[stage experimental] [epoch 63/80] train_total=0.008736 val_total=0.014868 best=0.011213 improved=no epoch_time=1.9s total_time=118.6s
[stage experimental] [epoch 64/80] train_total=0.011487 val_total=0.014445 best=0.011213 improved=no epoch_time=1.9s total_time=120.4s
[stage experimental] [epoch 65/80] train_total=0.009755 val_total=0.013954 best=0.011213 improved=no epoch_time=1.9s total_time=122.3s
[stage experimental] [epoch 66/80] train_total=0.013719 val_total=0.017249 best=0.011213 improved=no epoch_time=1.9s total_time=124.2s
[stage experimental] [epoch 67/80] train_total=0.009480 val_total=0.014427 best=0.011213 improved=no epoch_time=1.9s total_time=126.0s
[stage experimental] [epoch 68/80] train_total=0.009888 val_total=0.012867 best=0.011213 improved=no epoch_time=1.8s total_time=127.8s
[stage experimental] [epoch 69/80] train_total=0.007818 val_total=0.014520 best=0.011213 improved=no epoch_time=1.9s total_time=129.7s
[stage experimental] [epoch 70/80] train_total=0.009564 val_total=0.015023 best=0.011213 improved=no epoch_time=1.9s total_time=131.6s
[stage experimental] [epoch 71/80] train_total=0.009051 val_total=0.011594 best=0.011213 improved=no epoch_time=1.9s total_time=133.5s
[stage experimental] [epoch 72/80] train_total=0.011695 val_total=0.016504 best=0.011213 improved=no epoch_time=2.1s total_time=135.6s
[stage experimental] early stopping at epoch 72; best_validation=0.011213
[seed 0] [stage 1/3: direct GE] starting 20 epoch(s)
[seed 0] [stage 1/3: direct GE] [epoch 1/20] train_total=0.005077 val_score=1.127837 best=1.127837 P_MAE=3.4171 kPa y_iso_MAE=0.022070 T_MAE=2.6440 K y_isob_MAE=0.028756 improved=yes epoch_time=26.9s total_time=50.8s
[seed 0] [stage 1/3: direct GE] [epoch 2/20] train_total=0.004613 val_score=1.133005 best=1.127837 P_MAE=3.3237 kPa y_iso_MAE=0.021131 T_MAE=2.6753 K y_isob_MAE=0.030671 improved=no epoch_time=26.6s total_time=77.4s
[seed 0] [stage 1/3: direct GE] [epoch 3/20] train_total=0.004260 val_score=1.152889 best=1.127837 P_MAE=3.0657 kPa y_iso_MAE=0.019762 T_MAE=2.9561 K y_isob_MAE=0.032697 improved=no epoch_time=25.5s total_time=103.0s
[seed 0] [stage 1/3: direct GE] [epoch 4/20] train_total=0.004030 val_score=1.074695 best=1.074695 P_MAE=2.4300 kPa y_iso_MAE=0.019216 T_MAE=2.9650 K y_isob_MAE=0.029874 improved=yes epoch_time=26.0s total_time=129.0s
[seed 0] [stage 1/3: direct GE] [epoch 5/20] train_total=0.004086 val_score=1.114019 best=1.074695 P_MAE=2.5778 kPa y_iso_MAE=0.018597 T_MAE=3.1961 K y_isob_MAE=0.030757 improved=no epoch_time=26.3s total_time=155.3s
[seed 0] [stage 1/3: direct GE] [epoch 6/20] train_total=0.004049 val_score=1.089915 best=1.074695 P_MAE=2.7069 kPa y_iso_MAE=0.018952 T_MAE=2.9635 K y_isob_MAE=0.029858 improved=no epoch_time=25.8s total_time=181.1s
[seed 0] [stage 1/3: direct GE] [epoch 7/20] train_total=0.004059 val_score=1.160071 best=1.074695 P_MAE=2.7474 kPa y_iso_MAE=0.017724 T_MAE=3.3558 K y_isob_MAE=0.033306 improved=no epoch_time=25.7s total_time=206.8s
[seed 0] [stage 1/3: direct GE] [epoch 8/20] train_total=0.003952 val_score=1.222405 best=1.074695 P_MAE=3.7201 kPa y_iso_MAE=0.019566 T_MAE=3.1957 K y_isob_MAE=0.032525 improved=no epoch_time=25.9s total_time=232.7s
[seed 0] [stage 1/3: direct GE] [epoch 9/20] train_total=0.003845 val_score=1.210271 best=1.074695 P_MAE=3.3368 kPa y_iso_MAE=0.019536 T_MAE=3.2311 K y_isob_MAE=0.033516 improved=no epoch_time=26.2s total_time=258.9s
[seed 0] [stage 1/3: direct GE] [epoch 10/20] train_total=0.003787 val_score=1.111538 best=1.074695 P_MAE=3.1530 kPa y_iso_MAE=0.018521 T_MAE=2.8743 K y_isob_MAE=0.030580 improved=no epoch_time=26.0s total_time=284.9s
[seed 0] [stage 1/3: direct GE] [epoch 11/20] train_total=0.003645 val_score=1.249700 best=1.074695 P_MAE=3.2263 kPa y_iso_MAE=0.019444 T_MAE=3.4519 K y_isob_MAE=0.035600 improved=no epoch_time=26.7s total_time=311.6s
[seed 0] [stage 1/3: direct GE] [epoch 12/20] train_total=0.003657 val_score=1.155512 best=1.074695 P_MAE=3.1701 kPa y_iso_MAE=0.018744 T_MAE=3.1750 K y_isob_MAE=0.030924 improved=no epoch_time=27.1s total_time=338.8s
[seed 0] [stage 1/3: direct GE] [epoch 13/20] train_total=0.003649 val_score=1.139430 best=1.074695 P_MAE=2.6921 kPa y_iso_MAE=0.018985 T_MAE=3.1402 K y_isob_MAE=0.032656 improved=no epoch_time=26.7s total_time=365.4s
[seed 0] [stage 1/3: direct GE] [epoch 14/20] train_total=0.003608 val_score=1.171632 best=1.074695 P_MAE=3.0676 kPa y_iso_MAE=0.018509 T_MAE=3.1606 K y_isob_MAE=0.033640 improved=no epoch_time=27.0s total_time=392.4s
[seed 0] [stage 1/3: direct GE] [epoch 15/20] train_total=0.003562 val_score=1.218093 best=1.074695 P_MAE=3.4168 kPa y_iso_MAE=0.020457 T_MAE=3.1879 K y_isob_MAE=0.033120 improved=no epoch_time=26.6s total_time=419.0s
[seed 0] [stage 1/3: direct GE] [epoch 16/20] train_total=0.003586 val_score=1.234421 best=1.074695 P_MAE=3.2241 kPa y_iso_MAE=0.017701 T_MAE=3.6311 K y_isob_MAE=0.034154 improved=no epoch_time=26.8s total_time=445.8s
[seed 0] [stage 1/3: direct GE] [epoch 17/20] train_total=0.003694 val_score=1.174204 best=1.074695 P_MAE=3.0392 kPa y_iso_MAE=0.018491 T_MAE=3.2278 K y_isob_MAE=0.033309 improved=no epoch_time=26.2s total_time=472.0s
[seed 0] [stage 1/3: direct GE] [epoch 18/20] train_total=0.003493 val_score=1.250082 best=1.074695 P_MAE=3.1114 kPa y_iso_MAE=0.019784 T_MAE=3.4084 K y_isob_MAE=0.036499 improved=no epoch_time=27.6s total_time=499.6s
[seed 0] [stage 1/3: direct GE] [epoch 19/20] train_total=0.003494 val_score=1.245739 best=1.074695 P_MAE=3.0910 kPa y_iso_MAE=0.020144 T_MAE=3.3234 K y_isob_MAE=0.036771 improved=no epoch_time=26.5s total_time=526.1s
[seed 0] [stage 1/3: direct GE] [epoch 20/20] train_total=0.003644 val_score=1.126251 best=1.074695 P_MAE=2.5026 kPa y_iso_MAE=0.018173 T_MAE=3.2260 K y_isob_MAE=0.032621 improved=no epoch_time=27.4s total_time=553.5s
[seed 0] [stage 2/3: joint VLE] starting 80 epoch(s)
[seed 0] [stage 2/3: joint VLE] [epoch 1/80] train_total=0.023122 val_score=1.030895 best=1.030895 P_MAE=3.1218 kPa y_iso_MAE=0.020585 T_MAE=2.3303 K y_isob_MAE=0.026810 improved=yes epoch_time=27.7s total_time=581.3s
[seed 0] [stage 2/3: joint VLE] [epoch 2/80] train_total=0.015971 val_score=1.086024 best=1.030895 P_MAE=3.6249 kPa y_iso_MAE=0.019278 T_MAE=2.4820 K y_isob_MAE=0.028652 improved=no epoch_time=27.9s total_time=609.2s
[seed 0] [stage 2/3: joint VLE] [epoch 3/80] train_total=0.017006 val_score=0.937016 best=0.937016 P_MAE=2.6448 kPa y_iso_MAE=0.018776 T_MAE=1.9987 K y_isob_MAE=0.026983 improved=yes epoch_time=27.7s total_time=636.9s
[seed 0] [stage 2/3: joint VLE] [epoch 4/80] train_total=0.014562 val_score=0.980012 best=0.937016 P_MAE=2.4469 kPa y_iso_MAE=0.017468 T_MAE=2.5336 K y_isob_MAE=0.027785 improved=no epoch_time=27.7s total_time=664.6s
[seed 0] [stage 2/3: joint VLE] [epoch 5/80] train_total=0.014117 val_score=1.014132 best=0.937016 P_MAE=3.0728 kPa y_iso_MAE=0.018283 T_MAE=2.2999 K y_isob_MAE=0.028699 improved=no epoch_time=26.5s total_time=691.1s
[seed 0] [stage 2/3: joint VLE] [epoch 6/80] train_total=0.017370 val_score=1.062584 best=0.937016 P_MAE=2.4307 kPa y_iso_MAE=0.016581 T_MAE=2.9565 K y_isob_MAE=0.032040 improved=no epoch_time=27.2s total_time=718.4s
[seed 0] [stage 2/3: joint VLE] [epoch 7/80] train_total=0.015433 val_score=1.056306 best=0.937016 P_MAE=3.8865 kPa y_iso_MAE=0.018240 T_MAE=2.3409 K y_isob_MAE=0.026958 improved=no epoch_time=27.9s total_time=746.3s
[seed 0] [stage 2/3: joint VLE] [epoch 8/80] train_total=0.018135 val_score=1.028648 best=0.937016 P_MAE=2.9814 kPa y_iso_MAE=0.018830 T_MAE=2.5483 K y_isob_MAE=0.027113 improved=no epoch_time=27.4s total_time=773.7s
[seed 0] [stage 2/3: joint VLE] [epoch 9/80] train_total=0.016434 val_score=1.040224 best=0.937016 P_MAE=3.8887 kPa y_iso_MAE=0.017696 T_MAE=2.2734 K y_isob_MAE=0.026844 improved=no epoch_time=26.7s total_time=800.4s
[seed 0] [stage 2/3: joint VLE] [epoch 10/80] train_total=0.011855 val_score=1.052184 best=0.937016 P_MAE=3.8014 kPa y_iso_MAE=0.018030 T_MAE=2.3885 K y_isob_MAE=0.026820 improved=no epoch_time=26.9s total_time=827.3s
[seed 0] [stage 2/3: joint VLE] [epoch 11/80] train_total=0.014220 val_score=1.069411 best=0.937016 P_MAE=3.5684 kPa y_iso_MAE=0.016778 T_MAE=2.6039 K y_isob_MAE=0.029050 improved=no epoch_time=28.1s total_time=855.4s
[seed 0] [stage 2/3: joint VLE] [epoch 12/80] train_total=0.014286 val_score=1.027467 best=0.937016 P_MAE=3.1894 kPa y_iso_MAE=0.017501 T_MAE=2.6077 K y_isob_MAE=0.026546 improved=no epoch_time=28.7s total_time=884.1s
[seed 0] [stage 2/3: joint VLE] [epoch 13/80] train_total=0.012805 val_score=0.925229 best=0.925229 P_MAE=2.4545 kPa y_iso_MAE=0.017473 T_MAE=2.2072 K y_isob_MAE=0.026243 improved=yes epoch_time=29.1s total_time=913.2s
[seed 0] [stage 2/3: joint VLE] [epoch 14/80] train_total=0.013656 val_score=1.013633 best=0.925229 P_MAE=3.9281 kPa y_iso_MAE=0.017212 T_MAE=2.2247 K y_isob_MAE=0.025161 improved=no epoch_time=27.5s total_time=940.6s
[seed 0] [stage 2/3: joint VLE] [epoch 15/80] train_total=0.013878 val_score=0.967709 best=0.925229 P_MAE=3.2369 kPa y_iso_MAE=0.017051 T_MAE=2.1194 K y_isob_MAE=0.026730 improved=no epoch_time=27.1s total_time=967.7s
[seed 0] [stage 2/3: joint VLE] [epoch 16/80] train_total=0.012951 val_score=1.013460 best=0.925229 P_MAE=3.1579 kPa y_iso_MAE=0.018166 T_MAE=2.3868 K y_isob_MAE=0.027183 improved=no epoch_time=28.2s total_time=995.9s
[seed 0] [stage 2/3: joint VLE] [epoch 17/80] train_total=0.011919 val_score=0.990602 best=0.925229 P_MAE=2.8360 kPa y_iso_MAE=0.018470 T_MAE=2.4112 K y_isob_MAE=0.026435 improved=no epoch_time=28.5s total_time=1024.5s
[seed 0] [stage 2/3: joint VLE] [epoch 18/80] train_total=0.012854 val_score=0.982358 best=0.925229 P_MAE=3.2110 kPa y_iso_MAE=0.017527 T_MAE=2.1862 K y_isob_MAE=0.026956 improved=no epoch_time=27.6s total_time=1052.1s
[seed 0] [stage 2/3: joint VLE] [epoch 19/80] train_total=0.013252 val_score=1.018896 best=0.925229 P_MAE=3.7418 kPa y_iso_MAE=0.018643 T_MAE=2.1120 K y_isob_MAE=0.026483 improved=no epoch_time=28.1s total_time=1080.2s
[seed 0] [stage 2/3: joint VLE] [epoch 20/80] train_total=0.011075 val_score=0.961584 best=0.925229 P_MAE=2.5777 kPa y_iso_MAE=0.016995 T_MAE=2.3089 K y_isob_MAE=0.028356 improved=no epoch_time=27.9s total_time=1108.1s
[seed 0] [stage 2/3: joint VLE] [epoch 21/80] train_total=0.013112 val_score=1.136534 best=0.925229 P_MAE=3.7277 kPa y_iso_MAE=0.020357 T_MAE=2.7846 K y_isob_MAE=0.027984 improved=no epoch_time=28.5s total_time=1136.6s
[seed 0] [stage 2/3: joint VLE] [epoch 22/80] train_total=0.015085 val_score=1.077690 best=0.925229 P_MAE=3.4425 kPa y_iso_MAE=0.018108 T_MAE=2.7419 K y_isob_MAE=0.027424 improved=no epoch_time=28.8s total_time=1165.4s
[seed 0] [stage 2/3: joint VLE] [epoch 23/80] train_total=0.014950 val_score=0.926372 best=0.925229 P_MAE=2.5553 kPa y_iso_MAE=0.017428 T_MAE=2.1516 K y_isob_MAE=0.026397 improved=no epoch_time=28.1s total_time=1193.5s
[seed 0] [stage 2/3: joint VLE] [epoch 24/80] train_total=0.012664 val_score=0.982716 best=0.925229 P_MAE=2.4265 kPa y_iso_MAE=0.016299 T_MAE=2.6868 K y_isob_MAE=0.027814 improved=no epoch_time=28.6s total_time=1222.1s
[seed 0] [stage 2/3: joint VLE] [epoch 25/80] train_total=0.011271 val_score=1.094430 best=0.925229 P_MAE=3.4348 kPa y_iso_MAE=0.020054 T_MAE=2.6029 K y_isob_MAE=0.028351 improved=no epoch_time=28.7s total_time=1250.9s
{"direct_ge_parameter_summary": {"stage1_trainable_parameters": 1977601, "stage2_trainable_parameters": 2015043, "stage3": {"groups": [{"learning_rate": 2e-05, "name": "pair_potential", "parameter_count": 110977, "parameter_names": ["pair_potential.0.weight", "pair_potential.0.bias", "pair_potential.2.weight", "pair_potential.2.bias"]}, {"learning_rate": 1e-05, "name": "vapor_pressure", "parameter_count": 37442, "parameter_names": ["vapor_pressure.parameter_head.0.weight", "vapor_pressure.parameter_head.0.bias", "vapor_pressure.parameter_head.2.weight", "vapor_pressure.parameter_head.2.bias"]}, {"learning_rate": 5e-06, "name": "film", "parameter_count": 111744, "parameter_names": ["film.0.weight", "film.0.bias", "film.2.weight", "film.2.bias"]}, {"learning_rate": 5e-06, "name": "mixture_token", "parameter_count": 192, "parameter_names": ["mixture_token"]}], "total_parameters": 2015043, "trainable_fraction": 0.1292056794817778, "trainable_parameters": 260355}, "total_parameters": 2015043, "trainable_fraction": 0.1292056794817778, "trainable_parameters": 260355}}
[seed 0] [stage 3/3: fugacity] starting 10 epoch(s)
[seed 0] [stage 3/3: fugacity] [epoch 1/10] train_total=0.011129 val_score=0.953330 best=0.953330 P_MAE=3.0598 kPa y_iso_MAE=0.018019 T_MAE=2.1068 K y_isob_MAE=0.025463 improved=yes epoch_time=28.5s total_time=1279.4s
[seed 0] [stage 3/3: fugacity] [epoch 2/10] train_total=0.009791 val_score=0.977576 best=0.953330 P_MAE=3.4880 kPa y_iso_MAE=0.018348 T_MAE=2.0527 K y_isob_MAE=0.025209 improved=no epoch_time=28.9s total_time=1308.3s
[seed 0] [stage 3/3: fugacity] [epoch 3/10] train_total=0.009216 val_score=0.974609 best=0.953330 P_MAE=3.5121 kPa y_iso_MAE=0.018130 T_MAE=2.0418 K y_isob_MAE=0.025157 improved=no epoch_time=29.2s total_time=1337.5s
[seed 0] [stage 3/3: fugacity] [epoch 4/10] train_total=0.009031 val_score=0.970050 best=0.953330 P_MAE=3.5205 kPa y_iso_MAE=0.017708 T_MAE=2.0494 K y_isob_MAE=0.025088 improved=no epoch_time=28.6s total_time=1366.1s
[seed 0] [stage 3/3: fugacity] [epoch 5/10] train_total=0.009192 val_score=0.967133 best=0.953330 P_MAE=3.4738 kPa y_iso_MAE=0.017523 T_MAE=2.0722 K y_isob_MAE=0.025073 improved=no epoch_time=27.5s total_time=1393.6s
[seed 0] [stage 3/3: fugacity] [epoch 6/10] train_total=0.009350 val_score=0.962854 best=0.953330 P_MAE=3.4752 kPa y_iso_MAE=0.017602 T_MAE=2.0379 K y_isob_MAE=0.024953 improved=no epoch_time=27.0s total_time=1420.6s
[seed 0] [stage 3/3: fugacity] [epoch 7/10] train_total=0.008900 val_score=0.962368 best=0.953330 P_MAE=3.5118 kPa y_iso_MAE=0.017678 T_MAE=2.0093 K y_isob_MAE=0.024907 improved=no epoch_time=26.8s total_time=1447.4s
[seed 0] [stage 3/3: fugacity] [epoch 8/10] train_total=0.008799 val_score=0.966494 best=0.953330 P_MAE=3.5243 kPa y_iso_MAE=0.017565 T_MAE=2.0361 K y_isob_MAE=0.025048 improved=no epoch_time=26.8s total_time=1474.2s
[seed 0] [stage 3/3: fugacity] [epoch 9/10] train_total=0.008614 val_score=0.964364 best=0.953330 P_MAE=3.5365 kPa y_iso_MAE=0.017454 T_MAE=2.0286 K y_isob_MAE=0.024985 improved=no epoch_time=28.3s total_time=1502.4s
[seed 0] [stage 3/3: fugacity] [epoch 10/10] train_total=0.008788 val_score=0.964704 best=0.953330 P_MAE=3.5481 kPa y_iso_MAE=0.017481 T_MAE=2.0230 K y_isob_MAE=0.024973 improved=no epoch_time=26.8s total_time=1529.3s
{"protocol": "vle_overall_binary_ternary", "seed": 0, "manifest": "D:\\VLE\\VLE\\thermoformer_project\\runs\\phase_equilibrium\\v1\\vle\\three\\results\\thermoformer_vle_three_stage.on.vle_overall_binary_ternary\\seed_0\\manifest.json"}
[stage experimental] starting 80 epoch(s)
[stage experimental] [epoch 1/80] train_total=0.868230 val_total=0.071058 best=0.071058 improved=yes epoch_time=2.1s total_time=2.1s
[stage experimental] [epoch 2/80] train_total=0.120690 val_total=0.088706 best=0.071058 improved=no epoch_time=2.0s total_time=4.1s
[stage experimental] [epoch 3/80] train_total=0.074552 val_total=0.045752 best=0.045752 improved=yes epoch_time=2.0s total_time=6.2s
[stage experimental] [epoch 4/80] train_total=0.059391 val_total=0.041126 best=0.041126 improved=yes epoch_time=2.1s total_time=8.2s
[stage experimental] [epoch 5/80] train_total=0.053537 val_total=0.036318 best=0.036318 improved=yes epoch_time=2.2s total_time=10.4s
[stage experimental] [epoch 6/80] train_total=0.046492 val_total=0.044935 best=0.036318 improved=no epoch_time=2.1s total_time=12.5s
[stage experimental] [epoch 7/80] train_total=0.048620 val_total=0.038808 best=0.036318 improved=no epoch_time=2.1s total_time=14.6s
[stage experimental] [epoch 8/80] train_total=0.039275 val_total=0.038414 best=0.036318 improved=no epoch_time=2.1s total_time=16.7s
[stage experimental] [epoch 9/80] train_total=0.039509 val_total=0.025416 best=0.025416 improved=yes epoch_time=2.1s total_time=18.8s
[stage experimental] [epoch 10/80] train_total=0.039830 val_total=0.028004 best=0.025416 improved=no epoch_time=2.1s total_time=20.9s
[stage experimental] [epoch 11/80] train_total=0.037991 val_total=0.041530 best=0.025416 improved=no epoch_time=2.0s total_time=22.9s
[stage experimental] [epoch 12/80] train_total=0.040056 val_total=0.038835 best=0.025416 improved=no epoch_time=2.0s total_time=24.9s
[stage experimental] [epoch 13/80] train_total=0.035403 val_total=0.033109 best=0.025416 improved=no epoch_time=2.1s total_time=27.0s
[stage experimental] [epoch 14/80] train_total=0.034904 val_total=0.037198 best=0.025416 improved=no epoch_time=2.0s total_time=29.0s
[stage experimental] [epoch 15/80] train_total=0.038315 val_total=0.033529 best=0.025416 improved=no epoch_time=2.1s total_time=31.1s
[stage experimental] [epoch 16/80] train_total=0.037429 val_total=0.026817 best=0.025416 improved=no epoch_time=2.1s total_time=33.3s
[stage experimental] [epoch 17/80] train_total=0.031381 val_total=0.029174 best=0.025416 improved=no epoch_time=2.0s total_time=35.3s
[stage experimental] [epoch 18/80] train_total=0.033177 val_total=0.031556 best=0.025416 improved=no epoch_time=2.0s total_time=37.3s
[stage experimental] [epoch 19/80] train_total=0.031720 val_total=0.033365 best=0.025416 improved=no epoch_time=2.1s total_time=39.4s
[stage experimental] [epoch 20/80] train_total=0.029726 val_total=0.025689 best=0.025416 improved=no epoch_time=2.0s total_time=41.4s
[stage experimental] [epoch 21/80] train_total=0.026785 val_total=0.027387 best=0.025416 improved=no epoch_time=2.0s total_time=43.5s
[stage experimental] early stopping at epoch 21; best_validation=0.025416
[seed 1] [stage 1/3: direct GE] starting 20 epoch(s)
[seed 1] [stage 1/3: direct GE] [epoch 1/20] train_total=0.008617 val_score=1.020724 best=1.020724 P_MAE=12.0713 kPa y_iso_MAE=0.028427 T_MAE=3.4814 K y_isob_MAE=0.037808 improved=yes epoch_time=32.4s total_time=61.8s
[seed 1] [stage 1/3: direct GE] [epoch 2/20] train_total=0.005516 val_score=1.026510 best=1.020724 P_MAE=12.3668 kPa y_iso_MAE=0.029347 T_MAE=3.2963 K y_isob_MAE=0.039138 improved=no epoch_time=32.8s total_time=94.6s
[seed 1] [stage 1/3: direct GE] [epoch 3/20] train_total=0.005362 val_score=1.057983 best=1.020724 P_MAE=11.0604 kPa y_iso_MAE=0.027301 T_MAE=3.8791 K y_isob_MAE=0.042952 improved=no epoch_time=33.5s total_time=128.2s
[seed 1] [stage 1/3: direct GE] [epoch 4/20] train_total=0.004679 val_score=1.122508 best=1.020724 P_MAE=13.7180 kPa y_iso_MAE=0.030826 T_MAE=3.6900 K y_isob_MAE=0.042774 improved=no epoch_time=31.9s total_time=160.1s
[seed 1] [stage 1/3: direct GE] [epoch 5/20] train_total=0.004482 val_score=1.030709 best=1.020724 P_MAE=11.9347 kPa y_iso_MAE=0.028585 T_MAE=3.5389 K y_isob_MAE=0.038811 improved=no epoch_time=32.6s total_time=192.7s
[seed 1] [stage 1/3: direct GE] [epoch 6/20] train_total=0.004435 val_score=1.060216 best=1.020724 P_MAE=9.4855 kPa y_iso_MAE=0.025396 T_MAE=4.2588 K y_isob_MAE=0.045550 improved=no epoch_time=31.7s total_time=224.4s
[seed 1] [stage 1/3: direct GE] [epoch 7/20] train_total=0.004123 val_score=1.029870 best=1.020724 P_MAE=8.9370 kPa y_iso_MAE=0.025748 T_MAE=4.2265 K y_isob_MAE=0.042315 improved=no epoch_time=32.3s total_time=256.7s
[seed 1] [stage 1/3: direct GE] [epoch 8/20] train_total=0.004056 val_score=1.090118 best=1.020724 P_MAE=9.8700 kPa y_iso_MAE=0.027883 T_MAE=4.3006 K y_isob_MAE=0.045070 improved=no epoch_time=28.5s total_time=285.2s
[seed 1] [stage 1/3: direct GE] [epoch 9/20] train_total=0.003819 val_score=1.088959 best=1.020724 P_MAE=9.9298 kPa y_iso_MAE=0.025811 T_MAE=4.4824 K y_isob_MAE=0.045059 improved=no epoch_time=28.1s total_time=313.3s
[seed 1] [stage 1/3: direct GE] [epoch 10/20] train_total=0.003777 val_score=1.121800 best=1.020724 P_MAE=10.7002 kPa y_iso_MAE=0.028014 T_MAE=4.3362 K y_isob_MAE=0.046913 improved=no epoch_time=28.2s total_time=341.5s
[seed 1] [stage 1/3: direct GE] [epoch 11/20] train_total=0.004017 val_score=1.154875 best=1.020724 P_MAE=10.9374 kPa y_iso_MAE=0.028155 T_MAE=4.4663 K y_isob_MAE=0.049479 improved=no epoch_time=29.1s total_time=370.6s
[seed 1] [stage 1/3: direct GE] [epoch 12/20] train_total=0.003807 val_score=1.175089 best=1.020724 P_MAE=10.6654 kPa y_iso_MAE=0.027820 T_MAE=4.9764 K y_isob_MAE=0.046850 improved=no epoch_time=28.9s total_time=399.5s
[seed 1] [stage 1/3: direct GE] [epoch 13/20] train_total=0.003760 val_score=1.177637 best=1.020724 P_MAE=11.2039 kPa y_iso_MAE=0.026925 T_MAE=4.8209 K y_isob_MAE=0.049051 improved=no epoch_time=30.0s total_time=429.6s
[seed 1] [stage 1/3: direct GE] [epoch 14/20] train_total=0.003594 val_score=1.189520 best=1.020724 P_MAE=10.9731 kPa y_iso_MAE=0.029389 T_MAE=4.8428 K y_isob_MAE=0.047890 improved=no epoch_time=29.4s total_time=459.0s
[seed 1] [stage 1/3: direct GE] [epoch 15/20] train_total=0.003628 val_score=1.190850 best=1.020724 P_MAE=10.8449 kPa y_iso_MAE=0.028809 T_MAE=4.8965 K y_isob_MAE=0.048567 improved=no epoch_time=28.3s total_time=487.3s
[seed 1] [stage 1/3: direct GE] [epoch 16/20] train_total=0.003674 val_score=1.253529 best=1.020724 P_MAE=10.0705 kPa y_iso_MAE=0.027994 T_MAE=5.4329 K y_isob_MAE=0.054680 improved=no epoch_time=30.0s total_time=517.2s
[seed 1] [stage 1/3: direct GE] [epoch 17/20] train_total=0.003655 val_score=1.281776 best=1.020724 P_MAE=10.8145 kPa y_iso_MAE=0.027987 T_MAE=5.4563 K y_isob_MAE=0.056604 improved=no epoch_time=28.5s total_time=545.8s
[seed 1] [stage 1/3: direct GE] [epoch 18/20] train_total=0.003651 val_score=1.237399 best=1.020724 P_MAE=11.2513 kPa y_iso_MAE=0.030483 T_MAE=5.0183 K y_isob_MAE=0.050730 improved=no epoch_time=29.3s total_time=575.1s
[seed 1] [stage 1/3: direct GE] [epoch 19/20] train_total=0.003512 val_score=1.246907 best=1.020724 P_MAE=10.2176 kPa y_iso_MAE=0.026686 T_MAE=5.4946 K y_isob_MAE=0.054130 improved=no epoch_time=29.0s total_time=604.0s
[seed 1] [stage 1/3: direct GE] [epoch 20/20] train_total=0.003469 val_score=1.291784 best=1.020724 P_MAE=11.3159 kPa y_iso_MAE=0.031668 T_MAE=5.1800 K y_isob_MAE=0.055353 improved=no epoch_time=28.0s total_time=632.1s
[seed 1] [stage 2/3: joint VLE] starting 80 epoch(s)
[seed 1] [stage 2/3: joint VLE] [epoch 1/80] train_total=0.056791 val_score=0.993514 best=0.993514 P_MAE=11.7559 kPa y_iso_MAE=0.024746 T_MAE=3.3635 K y_isob_MAE=0.041276 improved=yes epoch_time=30.2s total_time=662.3s
[seed 1] [stage 2/3: joint VLE] [epoch 2/80] train_total=0.052121 val_score=1.056890 best=0.993514 P_MAE=12.8181 kPa y_iso_MAE=0.031085 T_MAE=3.2603 K y_isob_MAE=0.040688 improved=no epoch_time=30.4s total_time=692.7s
[seed 1] [stage 2/3: joint VLE] [epoch 3/80] train_total=0.042142 val_score=0.995824 best=0.993514 P_MAE=11.3266 kPa y_iso_MAE=0.028615 T_MAE=3.0304 K y_isob_MAE=0.042223 improved=no epoch_time=33.0s total_time=725.7s
[seed 1] [stage 2/3: joint VLE] [epoch 4/80] train_total=0.039446 val_score=0.966779 best=0.966779 P_MAE=11.3130 kPa y_iso_MAE=0.026256 T_MAE=3.1877 K y_isob_MAE=0.038685 improved=yes epoch_time=30.6s total_time=756.3s
[seed 1] [stage 2/3: joint VLE] [epoch 5/80] train_total=0.043732 val_score=1.093984 best=0.966779 P_MAE=15.3873 kPa y_iso_MAE=0.028685 T_MAE=3.1763 K y_isob_MAE=0.043258 improved=no epoch_time=29.7s total_time=786.0s
[seed 1] [stage 2/3: joint VLE] [epoch 6/80] train_total=0.042670 val_score=1.027779 best=0.966779 P_MAE=13.2547 kPa y_iso_MAE=0.028590 T_MAE=3.1348 K y_isob_MAE=0.039931 improved=no epoch_time=30.4s total_time=816.5s
[seed 1] [stage 2/3: joint VLE] [epoch 7/80] train_total=0.041274 val_score=0.995407 best=0.966779 P_MAE=11.0605 kPa y_iso_MAE=0.030910 T_MAE=3.1168 K y_isob_MAE=0.038511 improved=no epoch_time=29.8s total_time=846.2s
[seed 1] [stage 2/3: joint VLE] [epoch 8/80] train_total=0.037743 val_score=0.905463 best=0.905463 P_MAE=9.1451 kPa y_iso_MAE=0.024042 T_MAE=3.0036 K y_isob_MAE=0.041278 improved=yes epoch_time=29.5s total_time=875.7s
[seed 1] [stage 2/3: joint VLE] [epoch 9/80] train_total=0.035346 val_score=1.059017 best=0.905463 P_MAE=14.1698 kPa y_iso_MAE=0.025351 T_MAE=3.5989 K y_isob_MAE=0.040146 improved=no epoch_time=31.4s total_time=907.1s
[seed 1] [stage 2/3: joint VLE] [epoch 10/80] train_total=0.033101 val_score=0.941648 best=0.905463 P_MAE=11.2754 kPa y_iso_MAE=0.024774 T_MAE=3.0014 K y_isob_MAE=0.039475 improved=no epoch_time=30.4s total_time=937.4s
[seed 1] [stage 2/3: joint VLE] [epoch 11/80] train_total=0.034227 val_score=0.888322 best=0.888322 P_MAE=9.3449 kPa y_iso_MAE=0.027801 T_MAE=2.7018 K y_isob_MAE=0.036829 improved=yes epoch_time=29.2s total_time=966.7s
[seed 1] [stage 2/3: joint VLE] [epoch 12/80] train_total=0.034932 val_score=0.969388 best=0.888322 P_MAE=11.9334 kPa y_iso_MAE=0.023555 T_MAE=3.1753 K y_isob_MAE=0.041172 improved=no epoch_time=30.0s total_time=996.7s
[seed 1] [stage 2/3: joint VLE] [epoch 13/80] train_total=0.031024 val_score=0.921422 best=0.888322 P_MAE=12.3976 kPa y_iso_MAE=0.022492 T_MAE=2.9065 K y_isob_MAE=0.037281 improved=no epoch_time=29.9s total_time=1026.6s
[seed 1] [stage 2/3: joint VLE] [epoch 14/80] train_total=0.028105 val_score=0.831579 best=0.831579 P_MAE=8.8728 kPa y_iso_MAE=0.024830 T_MAE=2.4691 K y_isob_MAE=0.036632 improved=yes epoch_time=32.3s total_time=1058.9s
[seed 1] [stage 2/3: joint VLE] [epoch 15/80] train_total=0.030462 val_score=0.873848 best=0.831579 P_MAE=10.2956 kPa y_iso_MAE=0.021873 T_MAE=2.9981 K y_isob_MAE=0.035729 improved=no epoch_time=32.0s total_time=1090.9s
[seed 1] [stage 2/3: joint VLE] [epoch 16/80] train_total=0.030747 val_score=0.920117 best=0.831579 P_MAE=14.1687 kPa y_iso_MAE=0.024501 T_MAE=2.5187 K y_isob_MAE=0.034187 improved=no epoch_time=31.6s total_time=1122.5s
[seed 1] [stage 2/3: joint VLE] [epoch 17/80] train_total=0.027322 val_score=0.983906 best=0.831579 P_MAE=15.8458 kPa y_iso_MAE=0.026266 T_MAE=2.7033 K y_isob_MAE=0.034154 improved=no epoch_time=32.1s total_time=1154.6s
[seed 1] [stage 2/3: joint VLE] [epoch 18/80] train_total=0.025834 val_score=0.764623 best=0.764623 P_MAE=7.6228 kPa y_iso_MAE=0.019903 T_MAE=2.4612 K y_isob_MAE=0.036799 improved=yes epoch_time=31.0s total_time=1185.6s
[seed 1] [stage 2/3: joint VLE] [epoch 19/80] train_total=0.025886 val_score=0.877571 best=0.764623 P_MAE=11.1286 kPa y_iso_MAE=0.022339 T_MAE=2.8201 K y_isob_MAE=0.035590 improved=no epoch_time=30.3s total_time=1215.9s
[seed 1] [stage 2/3: joint VLE] [epoch 20/80] train_total=0.024399 val_score=0.870018 best=0.764623 P_MAE=12.7741 kPa y_iso_MAE=0.024169 T_MAE=2.4268 K y_isob_MAE=0.032210 improved=no epoch_time=29.9s total_time=1245.8s
[seed 1] [stage 2/3: joint VLE] [epoch 21/80] train_total=0.024892 val_score=0.883598 best=0.764623 P_MAE=14.0369 kPa y_iso_MAE=0.024795 T_MAE=2.3106 K y_isob_MAE=0.031222 improved=no epoch_time=32.5s total_time=1278.4s
[seed 1] [stage 2/3: joint VLE] [epoch 22/80] train_total=0.022503 val_score=0.860818 best=0.764623 P_MAE=13.5517 kPa y_iso_MAE=0.024993 T_MAE=2.1146 K y_isob_MAE=0.031547 improved=no epoch_time=39.2s total_time=1317.5s
[seed 1] [stage 2/3: joint VLE] [epoch 23/80] train_total=0.021095 val_score=0.750408 best=0.750408 P_MAE=9.6535 kPa y_iso_MAE=0.019288 T_MAE=2.2360 K y_isob_MAE=0.032224 improved=yes epoch_time=37.7s total_time=1355.2s
[seed 1] [stage 2/3: joint VLE] [epoch 24/80] train_total=0.023049 val_score=0.758044 best=0.750408 P_MAE=9.8569 kPa y_iso_MAE=0.022031 T_MAE=2.1463 K y_isob_MAE=0.030208 improved=no epoch_time=36.5s total_time=1391.8s
[seed 1] [stage 2/3: joint VLE] [epoch 25/80] train_total=0.020139 val_score=0.720906 best=0.720906 P_MAE=9.2472 kPa y_iso_MAE=0.021154 T_MAE=2.0063 K y_isob_MAE=0.029329 improved=yes epoch_time=38.7s total_time=1430.5s
[seed 1] [stage 2/3: joint VLE] [epoch 26/80] train_total=0.021574 val_score=0.769146 best=0.720906 P_MAE=11.2175 kPa y_iso_MAE=0.022780 T_MAE=1.9315 K y_isob_MAE=0.029736 improved=no epoch_time=38.3s total_time=1468.8s
[seed 1] [stage 2/3: joint VLE] [epoch 27/80] train_total=0.021209 val_score=0.810863 best=0.720906 P_MAE=11.2137 kPa y_iso_MAE=0.022244 T_MAE=2.4033 K y_isob_MAE=0.030574 improved=no epoch_time=35.7s total_time=1504.5s
[seed 1] [stage 2/3: joint VLE] [epoch 28/80] train_total=0.017862 val_score=0.803164 best=0.720906 P_MAE=12.2938 kPa y_iso_MAE=0.021884 T_MAE=2.1056 K y_isob_MAE=0.030683 improved=no epoch_time=34.0s total_time=1538.4s
[seed 1] [stage 2/3: joint VLE] [epoch 29/80] train_total=0.016720 val_score=0.802759 best=0.720906 P_MAE=11.6799 kPa y_iso_MAE=0.022392 T_MAE=2.0583 K y_isob_MAE=0.032483 improved=no epoch_time=34.4s total_time=1572.9s
[seed 1] [stage 2/3: joint VLE] [epoch 30/80] train_total=0.016732 val_score=0.755843 best=0.720906 P_MAE=11.2843 kPa y_iso_MAE=0.021780 T_MAE=1.8398 K y_isob_MAE=0.030091 improved=no epoch_time=34.5s total_time=1607.4s
[seed 1] [stage 2/3: joint VLE] [epoch 31/80] train_total=0.018084 val_score=0.694402 best=0.694402 P_MAE=8.0185 kPa y_iso_MAE=0.018392 T_MAE=2.1105 K y_isob_MAE=0.031317 improved=yes epoch_time=36.1s total_time=1643.5s
[seed 1] [stage 2/3: joint VLE] [epoch 32/80] train_total=0.017525 val_score=0.694879 best=0.694402 P_MAE=9.7216 kPa y_iso_MAE=0.021021 T_MAE=1.8146 K y_isob_MAE=0.026545 improved=no epoch_time=35.4s total_time=1678.9s
[seed 1] [stage 2/3: joint VLE] [epoch 33/80] train_total=0.016067 val_score=0.646697 best=0.646697 P_MAE=7.6525 kPa y_iso_MAE=0.017143 T_MAE=2.0494 K y_isob_MAE=0.027379 improved=yes epoch_time=35.4s total_time=1714.4s
[seed 1] [stage 2/3: joint VLE] [epoch 34/80] train_total=0.017100 val_score=0.709381 best=0.646697 P_MAE=9.7679 kPa y_iso_MAE=0.017767 T_MAE=2.1380 K y_isob_MAE=0.028775 improved=no epoch_time=35.0s total_time=1749.4s
[seed 1] [stage 2/3: joint VLE] [epoch 35/80] train_total=0.014971 val_score=0.688956 best=0.646697 P_MAE=10.3662 kPa y_iso_MAE=0.018787 T_MAE=1.7625 K y_isob_MAE=0.027477 improved=no epoch_time=32.8s total_time=1782.2s
[seed 1] [stage 2/3: joint VLE] [epoch 36/80] train_total=0.017195 val_score=0.714729 best=0.646697 P_MAE=10.3919 kPa y_iso_MAE=0.020526 T_MAE=1.8611 K y_isob_MAE=0.027705 improved=no epoch_time=32.9s total_time=1815.1s
[seed 1] [stage 2/3: joint VLE] [epoch 37/80] train_total=0.015445 val_score=0.661827 best=0.646697 P_MAE=8.2458 kPa y_iso_MAE=0.019246 T_MAE=1.8753 K y_isob_MAE=0.027459 improved=no epoch_time=33.7s total_time=1848.8s
[seed 1] [stage 2/3: joint VLE] [epoch 38/80] train_total=0.013961 val_score=0.745021 best=0.646697 P_MAE=11.0324 kPa y_iso_MAE=0.022432 T_MAE=1.9998 K y_isob_MAE=0.025940 improved=no epoch_time=37.2s total_time=1886.1s
[seed 1] [stage 2/3: joint VLE] [epoch 39/80] train_total=0.015156 val_score=0.710579 best=0.646697 P_MAE=10.9074 kPa y_iso_MAE=0.019105 T_MAE=1.8640 K y_isob_MAE=0.027397 improved=no epoch_time=34.8s total_time=1920.9s
[seed 1] [stage 2/3: joint VLE] [epoch 40/80] train_total=0.016222 val_score=0.726973 best=0.646697 P_MAE=12.2056 kPa y_iso_MAE=0.020437 T_MAE=1.7684 K y_isob_MAE=0.025463 improved=no epoch_time=36.2s total_time=1957.1s
[seed 1] [stage 2/3: joint VLE] [epoch 41/80] train_total=0.013913 val_score=0.746044 best=0.646697 P_MAE=12.3726 kPa y_iso_MAE=0.019241 T_MAE=1.9909 K y_isob_MAE=0.026571 improved=no epoch_time=38.5s total_time=1995.6s
[seed 1] [stage 2/3: joint VLE] [epoch 42/80] train_total=0.012042 val_score=0.691143 best=0.646697 P_MAE=9.8061 kPa y_iso_MAE=0.018988 T_MAE=1.9209 K y_isob_MAE=0.027052 improved=no epoch_time=37.5s total_time=2033.1s
[seed 1] [stage 2/3: joint VLE] [epoch 43/80] train_total=0.013057 val_score=0.676861 best=0.646697 P_MAE=10.6066 kPa y_iso_MAE=0.019588 T_MAE=1.6907 K y_isob_MAE=0.024654 improved=no epoch_time=40.1s total_time=2073.2s
[seed 1] [stage 2/3: joint VLE] [epoch 44/80] train_total=0.013487 val_score=0.745991 best=0.646697 P_MAE=11.7016 kPa y_iso_MAE=0.020797 T_MAE=1.8215 K y_isob_MAE=0.028849 improved=no epoch_time=37.3s total_time=2110.5s
[seed 1] [stage 2/3: joint VLE] [epoch 45/80] train_total=0.012181 val_score=0.717446 best=0.646697 P_MAE=11.8925 kPa y_iso_MAE=0.019007 T_MAE=1.8702 K y_isob_MAE=0.025486 improved=no epoch_time=33.3s total_time=2143.8s
{"direct_ge_parameter_summary": {"stage1_trainable_parameters": 1977601, "stage2_trainable_parameters": 2015043, "stage3": {"groups": [{"learning_rate": 2e-05, "name": "pair_potential", "parameter_count": 110977, "parameter_names": ["pair_potential.0.weight", "pair_potential.0.bias", "pair_potential.2.weight", "pair_potential.2.bias"]}, {"learning_rate": 1e-05, "name": "vapor_pressure", "parameter_count": 37442, "parameter_names": ["vapor_pressure.parameter_head.0.weight", "vapor_pressure.parameter_head.0.bias", "vapor_pressure.parameter_head.2.weight", "vapor_pressure.parameter_head.2.bias"]}, {"learning_rate": 5e-06, "name": "film", "parameter_count": 111744, "parameter_names": ["film.0.weight", "film.0.bias", "film.2.weight", "film.2.bias"]}, {"learning_rate": 5e-06, "name": "mixture_token", "parameter_count": 192, "parameter_names": ["mixture_token"]}], "total_parameters": 2015043, "trainable_fraction": 0.1292056794817778, "trainable_parameters": 260355}, "total_parameters": 2015043, "trainable_fraction": 0.1292056794817778, "trainable_parameters": 260355}}
[seed 1] [stage 3/3: fugacity] starting 10 epoch(s)
[seed 1] [stage 3/3: fugacity] [epoch 1/10] train_total=0.015931 val_score=0.694675 best=0.694675 P_MAE=9.9061 kPa y_iso_MAE=0.018983 T_MAE=1.9465 K y_isob_MAE=0.026955 improved=yes epoch_time=32.3s total_time=2176.1s
[seed 1] [stage 3/3: fugacity] [epoch 2/10] train_total=0.014425 val_score=0.704905 best=0.694675 P_MAE=10.3265 kPa y_iso_MAE=0.019202 T_MAE=1.9381 K y_isob_MAE=0.027106 improved=no epoch_time=32.2s total_time=2208.3s
[seed 1] [stage 3/3: fugacity] [epoch 3/10] train_total=0.013898 val_score=0.713570 best=0.694675 P_MAE=10.5894 kPa y_iso_MAE=0.019383 T_MAE=1.9570 K y_isob_MAE=0.027162 improved=no epoch_time=32.3s total_time=2240.6s
[seed 1] [stage 3/3: fugacity] [epoch 4/10] train_total=0.012804 val_score=0.706467 best=0.694675 P_MAE=10.5581 kPa y_iso_MAE=0.019276 T_MAE=1.8970 K y_isob_MAE=0.027112 improved=no epoch_time=31.3s total_time=2271.9s
[seed 1] [stage 3/3: fugacity] [epoch 5/10] train_total=0.012389 val_score=0.720836 best=0.694675 P_MAE=10.5873 kPa y_iso_MAE=0.019517 T_MAE=2.0122 K y_isob_MAE=0.027373 improved=no epoch_time=31.4s total_time=2303.3s
[seed 1] [stage 3/3: fugacity] [epoch 6/10] train_total=0.012110 val_score=0.709286 best=0.694675 P_MAE=10.6326 kPa y_iso_MAE=0.019279 T_MAE=1.9030 K y_isob_MAE=0.027248 improved=no epoch_time=30.3s total_time=2333.5s
[seed 1] [stage 3/3: fugacity] [epoch 7/10] train_total=0.011905 val_score=0.703320 best=0.694675 P_MAE=10.3892 kPa y_iso_MAE=0.019140 T_MAE=1.9028 K y_isob_MAE=0.027242 improved=no epoch_time=30.6s total_time=2364.2s
[seed 1] [stage 3/3: fugacity] [epoch 8/10] train_total=0.011893 val_score=0.695907 best=0.694675 P_MAE=10.2493 kPa y_iso_MAE=0.018861 T_MAE=1.8768 K y_isob_MAE=0.027243 improved=no epoch_time=29.8s total_time=2394.0s
[seed 1] [stage 3/3: fugacity] [epoch 9/10] train_total=0.011348 val_score=0.708407 best=0.694675 P_MAE=10.4769 kPa y_iso_MAE=0.019464 T_MAE=1.9043 K y_isob_MAE=0.027311 improved=no epoch_time=29.8s total_time=2423.8s
[seed 1] [stage 3/3: fugacity] [epoch 10/10] train_total=0.011833 val_score=0.688464 best=0.688464 P_MAE=10.0720 kPa y_iso_MAE=0.018761 T_MAE=1.8434 K y_isob_MAE=0.027208 improved=yes epoch_time=29.9s total_time=2453.7s
{"protocol": "vle_overall_binary_ternary", "seed": 1, "manifest": "D:\\VLE\\VLE\\thermoformer_project\\runs\\phase_equilibrium\\v1\\vle\\three\\results\\thermoformer_vle_three_stage.on.vle_overall_binary_ternary\\seed_1\\manifest.json"}
[stage experimental] starting 80 epoch(s)
[stage experimental] [epoch 1/80] train_total=0.722719 val_total=0.115507 best=0.115507 improved=yes epoch_time=2.0s total_time=2.0s
[stage experimental] [epoch 2/80] train_total=0.102250 val_total=0.081753 best=0.081753 improved=yes epoch_time=1.9s total_time=4.0s
[stage experimental] [epoch 3/80] train_total=0.074254 val_total=0.081788 best=0.081753 improved=no epoch_time=2.0s total_time=5.9s
[stage experimental] [epoch 4/80] train_total=0.049958 val_total=0.068423 best=0.068423 improved=yes epoch_time=1.9s total_time=7.9s
[stage experimental] [epoch 5/80] train_total=0.049436 val_total=0.073998 best=0.068423 improved=no epoch_time=2.0s total_time=9.8s
[stage experimental] [epoch 6/80] train_total=0.045977 val_total=0.058862 best=0.058862 improved=yes epoch_time=1.9s total_time=11.8s
[stage experimental] [epoch 7/80] train_total=0.043065 val_total=0.076457 best=0.058862 improved=no epoch_time=2.0s total_time=13.8s
[stage experimental] [epoch 8/80] train_total=0.047747 val_total=0.080644 best=0.058862 improved=no epoch_time=2.0s total_time=15.7s
[stage experimental] [epoch 9/80] train_total=0.039612 val_total=0.076025 best=0.058862 improved=no epoch_time=2.0s total_time=17.7s
[stage experimental] [epoch 10/80] train_total=0.035550 val_total=0.073405 best=0.058862 improved=no epoch_time=1.9s total_time=19.7s
[stage experimental] [epoch 11/80] train_total=0.041225 val_total=0.063469 best=0.058862 improved=no epoch_time=1.9s total_time=21.6s
[stage experimental] [epoch 12/80] train_total=0.033927 val_total=0.059362 best=0.058862 improved=no epoch_time=1.9s total_time=23.5s
[stage experimental] [epoch 13/80] train_total=0.030499 val_total=0.065365 best=0.058862 improved=no epoch_time=2.0s total_time=25.5s
[stage experimental] [epoch 14/80] train_total=0.033190 val_total=0.055190 best=0.055190 improved=yes epoch_time=2.1s total_time=27.6s
[stage experimental] [epoch 15/80] train_total=0.027111 val_total=0.059673 best=0.055190 improved=no epoch_time=2.0s total_time=29.6s
[stage experimental] [epoch 16/80] train_total=0.029978 val_total=0.057890 best=0.055190 improved=no epoch_time=2.0s total_time=31.6s
[stage experimental] [epoch 17/80] train_total=0.028008 val_total=0.052839 best=0.052839 improved=yes epoch_time=1.9s total_time=33.5s
[stage experimental] [epoch 18/80] train_total=0.033666 val_total=0.058752 best=0.052839 improved=no epoch_time=1.9s total_time=35.4s
[stage experimental] [epoch 19/80] train_total=0.027347 val_total=0.054048 best=0.052839 improved=no epoch_time=2.0s total_time=37.4s
[stage experimental] [epoch 20/80] train_total=0.028241 val_total=0.070416 best=0.052839 improved=no epoch_time=1.9s total_time=39.3s
[stage experimental] [epoch 21/80] train_total=0.026419 val_total=0.057200 best=0.052839 improved=no epoch_time=1.9s total_time=41.3s
[stage experimental] [epoch 22/80] train_total=0.024053 val_total=0.060678 best=0.052839 improved=no epoch_time=2.0s total_time=43.3s
[stage experimental] [epoch 23/80] train_total=0.025740 val_total=0.056542 best=0.052839 improved=no epoch_time=2.0s total_time=45.2s
[stage experimental] [epoch 24/80] train_total=0.026813 val_total=0.062354 best=0.052839 improved=no epoch_time=1.9s total_time=47.2s
[stage experimental] [epoch 25/80] train_total=0.026723 val_total=0.053946 best=0.052839 improved=no epoch_time=2.0s total_time=49.2s
[stage experimental] [epoch 26/80] train_total=0.022731 val_total=0.052641 best=0.052641 improved=yes epoch_time=2.0s total_time=51.1s
[stage experimental] [epoch 27/80] train_total=0.021651 val_total=0.052968 best=0.052641 improved=no epoch_time=1.9s total_time=53.1s
[stage experimental] [epoch 28/80] train_total=0.021823 val_total=0.049506 best=0.049506 improved=yes epoch_time=2.0s total_time=55.0s
[stage experimental] [epoch 29/80] train_total=0.021644 val_total=0.056687 best=0.049506 improved=no epoch_time=1.9s total_time=57.0s
[stage experimental] [epoch 30/80] train_total=0.020051 val_total=0.047200 best=0.047200 improved=yes epoch_time=2.0s total_time=59.0s
[stage experimental] [epoch 31/80] train_total=0.018844 val_total=0.049222 best=0.047200 improved=no epoch_time=1.9s total_time=60.9s
[stage experimental] [epoch 32/80] train_total=0.017546 val_total=0.037145 best=0.037145 improved=yes epoch_time=2.0s total_time=62.9s
[stage experimental] [epoch 33/80] train_total=0.017380 val_total=0.053341 best=0.037145 improved=no epoch_time=1.9s total_time=64.8s
[stage experimental] [epoch 34/80] train_total=0.014800 val_total=0.042108 best=0.037145 improved=no epoch_time=1.9s total_time=66.7s
[stage experimental] [epoch 35/80] train_total=0.017238 val_total=0.041350 best=0.037145 improved=no epoch_time=1.9s total_time=68.6s
[stage experimental] [epoch 36/80] train_total=0.015527 val_total=0.039401 best=0.037145 improved=no epoch_time=2.0s total_time=70.6s
[stage experimental] [epoch 37/80] train_total=0.013853 val_total=0.033161 best=0.033161 improved=yes epoch_time=2.0s total_time=72.6s
[stage experimental] [epoch 38/80] train_total=0.016795 val_total=0.037724 best=0.033161 improved=no epoch_time=2.0s total_time=74.5s
[stage experimental] [epoch 39/80] train_total=0.015343 val_total=0.038283 best=0.033161 improved=no epoch_time=1.9s total_time=76.5s
[stage experimental] [epoch 40/80] train_total=0.015835 val_total=0.033597 best=0.033161 improved=no epoch_time=2.0s total_time=78.5s
[stage experimental] [epoch 41/80] train_total=0.013954 val_total=0.034171 best=0.033161 improved=no epoch_time=2.0s total_time=80.4s
[stage experimental] [epoch 42/80] train_total=0.014585 val_total=0.037108 best=0.033161 improved=no epoch_time=2.0s total_time=82.5s
[stage experimental] [epoch 43/80] train_total=0.011612 val_total=0.038933 best=0.033161 improved=no epoch_time=2.0s total_time=84.4s
[stage experimental] [epoch 44/80] train_total=0.010695 val_total=0.037148 best=0.033161 improved=no epoch_time=2.0s total_time=86.4s
[stage experimental] [epoch 45/80] train_total=0.014451 val_total=0.032626 best=0.032626 improved=yes epoch_time=2.0s total_time=88.4s
[stage experimental] [epoch 46/80] train_total=0.012106 val_total=0.028806 best=0.028806 improved=yes epoch_time=2.0s total_time=90.3s
[stage experimental] [epoch 47/80] train_total=0.011627 val_total=0.029220 best=0.028806 improved=no epoch_time=1.9s total_time=92.3s
[stage experimental] [epoch 48/80] train_total=0.010122 val_total=0.025802 best=0.025802 improved=yes epoch_time=1.9s total_time=94.1s
[stage experimental] [epoch 49/80] train_total=0.010919 val_total=0.029026 best=0.025802 improved=no epoch_time=1.8s total_time=96.0s
[stage experimental] [epoch 50/80] train_total=0.009773 val_total=0.026636 best=0.025802 improved=no epoch_time=1.9s total_time=97.9s
[stage experimental] [epoch 51/80] train_total=0.012004 val_total=0.026076 best=0.025802 improved=no epoch_time=1.9s total_time=99.8s
[stage experimental] [epoch 52/80] train_total=0.012799 val_total=0.041473 best=0.025802 improved=no epoch_time=2.0s total_time=101.8s
[stage experimental] [epoch 53/80] train_total=0.011150 val_total=0.028502 best=0.025802 improved=no epoch_time=2.0s total_time=103.7s
[stage experimental] [epoch 54/80] train_total=0.009373 val_total=0.029614 best=0.025802 improved=no epoch_time=2.0s total_time=105.7s
[stage experimental] [epoch 55/80] train_total=0.010078 val_total=0.024598 best=0.024598 improved=yes epoch_time=2.0s total_time=107.7s
[stage experimental] [epoch 56/80] train_total=0.010051 val_total=0.027129 best=0.024598 improved=no epoch_time=2.0s total_time=109.7s
[stage experimental] [epoch 57/80] train_total=0.008980 val_total=0.030145 best=0.024598 improved=no epoch_time=1.9s total_time=111.6s
[stage experimental] [epoch 58/80] train_total=0.010204 val_total=0.022049 best=0.022049 improved=yes epoch_time=2.0s total_time=113.6s
[stage experimental] [epoch 59/80] train_total=0.009721 val_total=0.022910 best=0.022049 improved=no epoch_time=2.0s total_time=115.6s
[stage experimental] [epoch 60/80] train_total=0.009013 val_total=0.022386 best=0.022049 improved=no epoch_time=2.0s total_time=117.6s
[stage experimental] [epoch 61/80] train_total=0.010191 val_total=0.024120 best=0.022049 improved=no epoch_time=2.0s total_time=119.5s
[stage experimental] [epoch 62/80] train_total=0.007704 val_total=0.022037 best=0.022037 improved=yes epoch_time=2.0s total_time=121.5s
[stage experimental] [epoch 63/80] train_total=0.008183 val_total=0.021653 best=0.021653 improved=yes epoch_time=1.9s total_time=123.5s
[stage experimental] [epoch 64/80] train_total=0.009112 val_total=0.024225 best=0.021653 improved=no epoch_time=2.0s total_time=125.5s
[stage experimental] [epoch 65/80] train_total=0.009322 val_total=0.025113 best=0.021653 improved=no epoch_time=2.0s total_time=127.4s
[stage experimental] [epoch 66/80] train_total=0.010904 val_total=0.023021 best=0.021653 improved=no epoch_time=1.9s total_time=129.3s
[stage experimental] [epoch 67/80] train_total=0.007058 val_total=0.021885 best=0.021653 improved=no epoch_time=2.0s total_time=131.3s
[stage experimental] [epoch 68/80] train_total=0.008712 val_total=0.021314 best=0.021314 improved=yes epoch_time=2.0s total_time=133.4s
[stage experimental] [epoch 69/80] train_total=0.008499 val_total=0.021362 best=0.021314 improved=no epoch_time=2.0s total_time=135.3s
[stage experimental] [epoch 70/80] train_total=0.008504 val_total=0.024090 best=0.021314 improved=no epoch_time=2.0s total_time=137.3s
[stage experimental] [epoch 71/80] train_total=0.009249 val_total=0.020455 best=0.020455 improved=yes epoch_time=2.0s total_time=139.3s
[stage experimental] [epoch 72/80] train_total=0.009604 val_total=0.024499 best=0.020455 improved=no epoch_time=2.1s total_time=141.4s
[stage experimental] [epoch 73/80] train_total=0.009810 val_total=0.029945 best=0.020455 improved=no epoch_time=2.0s total_time=143.5s
[stage experimental] [epoch 74/80] train_total=0.009977 val_total=0.023344 best=0.020455 improved=no epoch_time=2.0s total_time=145.4s
[stage experimental] [epoch 75/80] train_total=0.009960 val_total=0.020739 best=0.020455 improved=no epoch_time=2.0s total_time=147.4s
[stage experimental] [epoch 76/80] train_total=0.006393 val_total=0.020357 best=0.020357 improved=yes epoch_time=2.0s total_time=149.4s
[stage experimental] [epoch 77/80] train_total=0.007694 val_total=0.025658 best=0.020357 improved=no epoch_time=2.0s total_time=151.4s
[stage experimental] [epoch 78/80] train_total=0.007706 val_total=0.021027 best=0.020357 improved=no epoch_time=1.8s total_time=153.2s
[stage experimental] [epoch 79/80] train_total=0.008374 val_total=0.022334 best=0.020357 improved=no epoch_time=1.9s total_time=155.2s
[stage experimental] [epoch 80/80] train_total=0.007337 val_total=0.021238 best=0.020357 improved=no epoch_time=1.9s total_time=157.1s
[seed 2] [stage 1/3: direct GE] starting 20 epoch(s)
[seed 2] [stage 1/3: direct GE] [epoch 1/20] train_total=0.004216 val_score=1.132974 best=1.132974 P_MAE=7.7619 kPa y_iso_MAE=0.032350 T_MAE=2.4545 K y_isob_MAE=0.034849 improved=yes epoch_time=28.7s total_time=54.4s
[seed 2] [stage 1/3: direct GE] [epoch 2/20] train_total=0.003739 val_score=1.093005 best=1.093005 P_MAE=7.9297 kPa y_iso_MAE=0.030433 T_MAE=2.3546 K y_isob_MAE=0.032721 improved=yes epoch_time=28.6s total_time=83.0s
[seed 2] [stage 1/3: direct GE] [epoch 3/20] train_total=0.003376 val_score=1.183067 best=1.093005 P_MAE=7.8333 kPa y_iso_MAE=0.032949 T_MAE=2.8041 K y_isob_MAE=0.034971 improved=no epoch_time=28.8s total_time=111.8s
[seed 2] [stage 1/3: direct GE] [epoch 4/20] train_total=0.003595 val_score=1.145546 best=1.093005 P_MAE=7.8900 kPa y_iso_MAE=0.030827 T_MAE=2.7697 K y_isob_MAE=0.032875 improved=no epoch_time=28.9s total_time=140.7s
[seed 2] [stage 1/3: direct GE] [epoch 5/20] train_total=0.003284 val_score=1.205183 best=1.093005 P_MAE=7.9689 kPa y_iso_MAE=0.031883 T_MAE=3.0570 K y_isob_MAE=0.034494 improved=no epoch_time=29.0s total_time=169.7s
[seed 2] [stage 1/3: direct GE] [epoch 6/20] train_total=0.003150 val_score=1.151546 best=1.093005 P_MAE=7.4127 kPa y_iso_MAE=0.028974 T_MAE=2.9351 K y_isob_MAE=0.034995 improved=no epoch_time=29.3s total_time=199.0s
[seed 2] [stage 1/3: direct GE] [epoch 7/20] train_total=0.003122 val_score=1.166299 best=1.093005 P_MAE=8.4333 kPa y_iso_MAE=0.032046 T_MAE=2.7055 K y_isob_MAE=0.032779 improved=no epoch_time=29.2s total_time=228.3s
[seed 2] [stage 1/3: direct GE] [epoch 8/20] train_total=0.003119 val_score=1.104250 best=1.093005 P_MAE=7.5039 kPa y_iso_MAE=0.030436 T_MAE=2.5488 K y_isob_MAE=0.033093 improved=no epoch_time=29.0s total_time=257.2s
[seed 2] [stage 1/3: direct GE] [epoch 9/20] train_total=0.002998 val_score=1.197768 best=1.093005 P_MAE=7.9032 kPa y_iso_MAE=0.031615 T_MAE=2.9971 K y_isob_MAE=0.034983 improved=no epoch_time=28.2s total_time=285.4s
[seed 2] [stage 1/3: direct GE] [epoch 10/20] train_total=0.003131 val_score=1.230636 best=1.093005 P_MAE=7.2857 kPa y_iso_MAE=0.030199 T_MAE=3.2799 K y_isob_MAE=0.038758 improved=no epoch_time=30.4s total_time=315.8s
[seed 2] [stage 1/3: direct GE] [epoch 11/20] train_total=0.003030 val_score=1.247287 best=1.093005 P_MAE=7.3251 kPa y_iso_MAE=0.030390 T_MAE=3.4286 K y_isob_MAE=0.038295 improved=no epoch_time=38.4s total_time=354.2s
[seed 2] [stage 1/3: direct GE] [epoch 12/20] train_total=0.003028 val_score=1.256457 best=1.093005 P_MAE=7.7239 kPa y_iso_MAE=0.032806 T_MAE=3.3718 K y_isob_MAE=0.036226 improved=no epoch_time=39.9s total_time=394.1s
[seed 2] [stage 1/3: direct GE] [epoch 13/20] train_total=0.002997 val_score=1.262312 best=1.093005 P_MAE=7.6596 kPa y_iso_MAE=0.031289 T_MAE=3.5062 K y_isob_MAE=0.036746 improved=no epoch_time=29.9s total_time=424.0s
[seed 2] [stage 1/3: direct GE] [epoch 14/20] train_total=0.003060 val_score=1.285500 best=1.093005 P_MAE=8.0844 kPa y_iso_MAE=0.030785 T_MAE=3.5860 K y_isob_MAE=0.037058 improved=no epoch_time=29.8s total_time=453.8s
[seed 2] [stage 1/3: direct GE] [epoch 15/20] train_total=0.002964 val_score=1.287700 best=1.093005 P_MAE=7.7982 kPa y_iso_MAE=0.031944 T_MAE=3.6899 K y_isob_MAE=0.035966 improved=no epoch_time=30.0s total_time=483.8s
[seed 2] [stage 1/3: direct GE] [epoch 16/20] train_total=0.002969 val_score=1.337104 best=1.093005 P_MAE=8.1778 kPa y_iso_MAE=0.031733 T_MAE=3.8858 K y_isob_MAE=0.037620 improved=no epoch_time=29.3s total_time=513.1s
[seed 2] [stage 1/3: direct GE] [epoch 17/20] train_total=0.002898 val_score=1.272933 best=1.093005 P_MAE=7.5992 kPa y_iso_MAE=0.031446 T_MAE=3.5681 K y_isob_MAE=0.037220 improved=no epoch_time=28.9s total_time=542.0s
[seed 2] [stage 1/3: direct GE] [epoch 18/20] train_total=0.002778 val_score=1.319466 best=1.093005 P_MAE=7.6357 kPa y_iso_MAE=0.031443 T_MAE=3.8828 K y_isob_MAE=0.038121 improved=no epoch_time=28.4s total_time=570.4s
[seed 2] [stage 1/3: direct GE] [epoch 19/20] train_total=0.002832 val_score=1.393786 best=1.093005 P_MAE=7.9200 kPa y_iso_MAE=0.030952 T_MAE=4.3778 K y_isob_MAE=0.039196 improved=no epoch_time=29.8s total_time=600.2s
[seed 2] [stage 1/3: direct GE] [epoch 20/20] train_total=0.002780 val_score=1.390628 best=1.093005 P_MAE=7.9180 kPa y_iso_MAE=0.032523 T_MAE=4.3360 K y_isob_MAE=0.037934 improved=no epoch_time=28.9s total_time=629.1s
[seed 2] [stage 2/3: joint VLE] starting 80 epoch(s)
[seed 2] [stage 2/3: joint VLE] [epoch 1/80] train_total=0.018061 val_score=1.101063 best=1.101063 P_MAE=9.6755 kPa y_iso_MAE=0.033546 T_MAE=1.9619 K y_isob_MAE=0.028961 improved=yes epoch_time=31.2s total_time=660.3s
[seed 2] [stage 2/3: joint VLE] [epoch 2/80] train_total=0.013244 val_score=1.052996 best=1.052996 P_MAE=7.6213 kPa y_iso_MAE=0.032753 T_MAE=2.1527 K y_isob_MAE=0.029957 improved=yes epoch_time=30.3s total_time=690.7s
[seed 2] [stage 2/3: joint VLE] [epoch 3/80] train_total=0.013333 val_score=1.076142 best=1.052996 P_MAE=7.3847 kPa y_iso_MAE=0.032794 T_MAE=2.2856 K y_isob_MAE=0.031735 improved=no epoch_time=30.0s total_time=720.6s
[seed 2] [stage 2/3: joint VLE] [epoch 4/80] train_total=0.012646 val_score=1.045856 best=1.045856 P_MAE=7.5821 kPa y_iso_MAE=0.031559 T_MAE=2.1437 K y_isob_MAE=0.030540 improved=yes epoch_time=30.7s total_time=751.3s
[seed 2] [stage 2/3: joint VLE] [epoch 5/80] train_total=0.011990 val_score=1.096691 best=1.045856 P_MAE=8.0170 kPa y_iso_MAE=0.032419 T_MAE=2.2662 K y_isob_MAE=0.032136 improved=no epoch_time=30.3s total_time=781.6s
[seed 2] [stage 2/3: joint VLE] [epoch 6/80] train_total=0.012251 val_score=1.161294 best=1.045856 P_MAE=8.9794 kPa y_iso_MAE=0.032193 T_MAE=2.5822 K y_isob_MAE=0.031517 improved=no epoch_time=29.9s total_time=811.6s
[seed 2] [stage 2/3: joint VLE] [epoch 7/80] train_total=0.013640 val_score=1.162217 best=1.045856 P_MAE=9.2807 kPa y_iso_MAE=0.034266 T_MAE=2.4216 K y_isob_MAE=0.030645 improved=no epoch_time=30.0s total_time=841.6s
[seed 2] [stage 2/3: joint VLE] [epoch 8/80] train_total=0.012023 val_score=1.253781 best=1.045856 P_MAE=10.5310 kPa y_iso_MAE=0.034517 T_MAE=2.6229 K y_isob_MAE=0.033091 improved=no epoch_time=29.9s total_time=871.5s
[seed 2] [stage 2/3: joint VLE] [epoch 9/80] train_total=0.013412 val_score=1.124105 best=1.045856 P_MAE=8.9946 kPa y_iso_MAE=0.033916 T_MAE=2.2893 K y_isob_MAE=0.029564 improved=no epoch_time=30.4s total_time=901.8s
[seed 2] [stage 2/3: joint VLE] [epoch 10/80] train_total=0.013444 val_score=1.065677 best=1.045856 P_MAE=7.6462 kPa y_iso_MAE=0.032850 T_MAE=2.1748 K y_isob_MAE=0.030924 improved=no epoch_time=30.0s total_time=931.8s
[seed 2] [stage 2/3: joint VLE] [epoch 11/80] train_total=0.013158 val_score=1.196442 best=1.045856 P_MAE=10.4796 kPa y_iso_MAE=0.036145 T_MAE=2.1820 K y_isob_MAE=0.031210 improved=no epoch_time=29.8s total_time=961.6s
[seed 2] [stage 2/3: joint VLE] [epoch 12/80] train_total=0.011069 val_score=1.109191 best=1.045856 P_MAE=9.1523 kPa y_iso_MAE=0.033278 T_MAE=2.1150 K y_isob_MAE=0.030193 improved=no epoch_time=29.8s total_time=991.4s
[seed 2] [stage 2/3: joint VLE] [epoch 13/80] train_total=0.010631 val_score=1.128568 best=1.045856 P_MAE=10.3205 kPa y_iso_MAE=0.033590 T_MAE=1.9624 K y_isob_MAE=0.029446 improved=no epoch_time=30.0s total_time=1021.4s
[seed 2] [stage 2/3: joint VLE] [epoch 14/80] train_total=0.011350 val_score=1.104755 best=1.045856 P_MAE=7.7262 kPa y_iso_MAE=0.031578 T_MAE=2.5010 K y_isob_MAE=0.031822 improved=no epoch_time=30.2s total_time=1051.6s
[seed 2] [stage 2/3: joint VLE] [epoch 15/80] train_total=0.016797 val_score=1.090037 best=1.045856 P_MAE=7.9270 kPa y_iso_MAE=0.033625 T_MAE=2.2359 K y_isob_MAE=0.031017 improved=no epoch_time=29.9s total_time=1081.4s
[seed 2] [stage 2/3: joint VLE] [epoch 16/80] train_total=0.012383 val_score=1.135195 best=1.045856 P_MAE=8.5441 kPa y_iso_MAE=0.033349 T_MAE=2.3738 K y_isob_MAE=0.032067 improved=no epoch_time=29.8s total_time=1111.2s
{"direct_ge_parameter_summary": {"stage1_trainable_parameters": 1977601, "stage2_trainable_parameters": 2015043, "stage3": {"groups": [{"learning_rate": 2e-05, "name": "pair_potential", "parameter_count": 110977, "parameter_names": ["pair_potential.0.weight", "pair_potential.0.bias", "pair_potential.2.weight", "pair_potential.2.bias"]}, {"learning_rate": 1e-05, "name": "vapor_pressure", "parameter_count": 37442, "parameter_names": ["vapor_pressure.parameter_head.0.weight", "vapor_pressure.parameter_head.0.bias", "vapor_pressure.parameter_head.2.weight", "vapor_pressure.parameter_head.2.bias"]}, {"learning_rate": 5e-06, "name": "film", "parameter_count": 111744, "parameter_names": ["film.0.weight", "film.0.bias", "film.2.weight", "film.2.bias"]}, {"learning_rate": 5e-06, "name": "mixture_token", "parameter_count": 192, "parameter_names": ["mixture_token"]}], "total_parameters": 2015043, "trainable_fraction": 0.1292056794817778, "trainable_parameters": 260355}, "total_parameters": 2015043, "trainable_fraction": 0.1292056794817778, "trainable_parameters": 260355}}
[seed 2] [stage 3/3: fugacity] starting 10 epoch(s)
[seed 2] [stage 3/3: fugacity] [epoch 1/10] train_total=0.011858 val_score=1.010068 best=1.010068 P_MAE=7.4843 kPa y_iso_MAE=0.031843 T_MAE=1.9033 K y_isob_MAE=0.029846 improved=yes epoch_time=29.6s total_time=1140.8s
[seed 2] [stage 3/3: fugacity] [epoch 2/10] train_total=0.010541 val_score=1.000762 best=1.000762 P_MAE=7.3568 kPa y_iso_MAE=0.031556 T_MAE=1.8873 K y_isob_MAE=0.029784 improved=yes epoch_time=29.8s total_time=1170.6s
[seed 2] [stage 3/3: fugacity] [epoch 3/10] train_total=0.009930 val_score=0.995816 best=0.995816 P_MAE=7.3279 kPa y_iso_MAE=0.031546 T_MAE=1.8727 K y_isob_MAE=0.029542 improved=yes epoch_time=29.7s total_time=1200.3s
[seed 2] [stage 3/3: fugacity] [epoch 4/10] train_total=0.008940 val_score=0.993458 best=0.993458 P_MAE=7.3008 kPa y_iso_MAE=0.031431 T_MAE=1.8583 K y_isob_MAE=0.029686 improved=yes epoch_time=29.4s total_time=1229.6s
[seed 2] [stage 3/3: fugacity] [epoch 5/10] train_total=0.008668 val_score=0.995953 best=0.993458 P_MAE=7.3038 kPa y_iso_MAE=0.031519 T_MAE=1.8764 K y_isob_MAE=0.029629 improved=no epoch_time=29.8s total_time=1259.5s
[seed 2] [stage 3/3: fugacity] [epoch 6/10] train_total=0.008366 val_score=0.991255 best=0.991255 P_MAE=7.2329 kPa y_iso_MAE=0.031269 T_MAE=1.8684 K y_isob_MAE=0.029723 improved=yes epoch_time=29.4s total_time=1288.9s
[seed 2] [stage 3/3: fugacity] [epoch 7/10] train_total=0.008073 val_score=0.992666 best=0.991255 P_MAE=7.2591 kPa y_iso_MAE=0.031340 T_MAE=1.8665 K y_isob_MAE=0.029739 improved=no epoch_time=29.5s total_time=1318.4s
[seed 2] [stage 3/3: fugacity] [epoch 8/10] train_total=0.007956 val_score=0.991446 best=0.991255 P_MAE=7.1445 kPa y_iso_MAE=0.031004 T_MAE=1.9117 K y_isob_MAE=0.029762 improved=no epoch_time=29.7s total_time=1348.1s
[seed 2] [stage 3/3: fugacity] [epoch 9/10] train_total=0.008030 val_score=0.987803 best=0.987803 P_MAE=7.2057 kPa y_iso_MAE=0.031152 T_MAE=1.8647 K y_isob_MAE=0.029599 improved=yes epoch_time=30.0s total_time=1378.0s
[seed 2] [stage 3/3: fugacity] [epoch 10/10] train_total=0.007995 val_score=0.995340 best=0.987803 P_MAE=7.3133 kPa y_iso_MAE=0.031390 T_MAE=1.8707 K y_isob_MAE=0.029720 improved=no epoch_time=29.7s total_time=1407.7s
{"protocol": "vle_overall_binary_ternary", "seed": 2, "manifest": "D:\\VLE\\VLE\\thermoformer_project\\runs\\phase_equilibrium\\v1\\vle\\three\\results\\thermoformer_vle_three_stage.on.vle_overall_binary_ternary\\seed_2\\manifest.json"}
[stage experimental] starting 80 epoch(s)
[stage experimental] [epoch 1/80] train_total=0.923845 val_total=0.111370 best=0.111370 improved=yes epoch_time=2.1s total_time=2.1s
[stage experimental] [epoch 2/80] train_total=0.113561 val_total=0.102698 best=0.102698 improved=yes epoch_time=2.0s total_time=4.1s
[stage experimental] [epoch 3/80] train_total=0.072626 val_total=0.076856 best=0.076856 improved=yes epoch_time=2.0s total_time=6.2s
[stage experimental] [epoch 4/80] train_total=0.060336 val_total=0.066497 best=0.066497 improved=yes epoch_time=2.0s total_time=8.2s
[stage experimental] [epoch 5/80] train_total=0.045221 val_total=0.066997 best=0.066497 improved=no epoch_time=2.0s total_time=10.2s
[stage experimental] [epoch 6/80] train_total=0.039530 val_total=0.072975 best=0.066497 improved=no epoch_time=2.1s total_time=12.3s
[stage experimental] [epoch 7/80] train_total=0.044431 val_total=0.085534 best=0.066497 improved=no epoch_time=2.0s total_time=14.3s
[stage experimental] [epoch 8/80] train_total=0.037783 val_total=0.089723 best=0.066497 improved=no epoch_time=2.0s total_time=16.3s
[stage experimental] [epoch 9/80] train_total=0.039490 val_total=0.078320 best=0.066497 improved=no epoch_time=2.0s total_time=18.3s
[stage experimental] [epoch 10/80] train_total=0.038624 val_total=0.062247 best=0.062247 improved=yes epoch_time=2.0s total_time=20.3s
[stage experimental] [epoch 11/80] train_total=0.033166 val_total=0.075483 best=0.062247 improved=no epoch_time=2.0s total_time=22.4s
[stage experimental] [epoch 12/80] train_total=0.031867 val_total=0.062813 best=0.062247 improved=no epoch_time=2.2s total_time=24.5s
[stage experimental] [epoch 13/80] train_total=0.030964 val_total=0.060235 best=0.060235 improved=yes epoch_time=2.1s total_time=26.6s
[stage experimental] [epoch 14/80] train_total=0.031566 val_total=0.065278 best=0.060235 improved=no epoch_time=2.1s total_time=28.7s
[stage experimental] [epoch 15/80] train_total=0.031373 val_total=0.057017 best=0.057017 improved=yes epoch_time=2.1s total_time=30.7s
[stage experimental] [epoch 16/80] train_total=0.032261 val_total=0.053994 best=0.053994 improved=yes epoch_time=2.2s total_time=32.9s
[stage experimental] [epoch 17/80] train_total=0.030641 val_total=0.058798 best=0.053994 improved=no epoch_time=2.1s total_time=34.9s
[stage experimental] [epoch 18/80] train_total=0.032303 val_total=0.068911 best=0.053994 improved=no epoch_time=2.0s total_time=37.0s
[stage experimental] [epoch 19/80] train_total=0.028126 val_total=0.070060 best=0.053994 improved=no epoch_time=2.0s total_time=39.0s
[stage experimental] [epoch 20/80] train_total=0.032264 val_total=0.057515 best=0.053994 improved=no epoch_time=2.5s total_time=41.4s
[stage experimental] [epoch 21/80] train_total=0.028091 val_total=0.060451 best=0.053994 improved=no epoch_time=1.7s total_time=43.1s
[stage experimental] [epoch 22/80] train_total=0.029316 val_total=0.065323 best=0.053994 improved=no epoch_time=1.6s total_time=44.7s
[stage experimental] [epoch 23/80] train_total=0.024380 val_total=0.054590 best=0.053994 improved=no epoch_time=1.8s total_time=46.5s
[stage experimental] [epoch 24/80] train_total=0.034431 val_total=0.049927 best=0.049927 improved=yes epoch_time=1.9s total_time=48.4s
[stage experimental] [epoch 25/80] train_total=0.028924 val_total=0.060662 best=0.049927 improved=no epoch_time=2.0s total_time=50.5s
[stage experimental] [epoch 26/80] train_total=0.026417 val_total=0.059601 best=0.049927 improved=no epoch_time=1.9s total_time=52.4s
[stage experimental] [epoch 27/80] train_total=0.029581 val_total=0.054465 best=0.049927 improved=no epoch_time=2.0s total_time=54.4s
[stage experimental] [epoch 28/80] train_total=0.022773 val_total=0.061550 best=0.049927 improved=no epoch_time=2.0s total_time=56.4s
[stage experimental] [epoch 29/80] train_total=0.023836 val_total=0.047641 best=0.047641 improved=yes epoch_time=2.0s total_time=58.4s
[stage experimental] [epoch 30/80] train_total=0.020571 val_total=0.051828 best=0.047641 improved=no epoch_time=1.9s total_time=60.3s
[stage experimental] [epoch 31/80] train_total=0.022310 val_total=0.050440 best=0.047641 improved=no epoch_time=2.0s total_time=62.3s
[stage experimental] [epoch 32/80] train_total=0.020273 val_total=0.045410 best=0.045410 improved=yes epoch_time=2.0s total_time=64.3s
[stage experimental] [epoch 33/80] train_total=0.022685 val_total=0.059375 best=0.045410 improved=no epoch_time=2.0s total_time=66.2s
[stage experimental] [epoch 34/80] train_total=0.021128 val_total=0.039237 best=0.039237 improved=yes epoch_time=2.0s total_time=68.2s
[stage experimental] [epoch 35/80] train_total=0.018968 val_total=0.040302 best=0.039237 improved=no epoch_time=2.0s total_time=70.2s
[stage experimental] [epoch 36/80] train_total=0.019797 val_total=0.052496 best=0.039237 improved=no epoch_time=2.0s total_time=72.2s
[stage experimental] [epoch 37/80] train_total=0.019150 val_total=0.045598 best=0.039237 improved=no epoch_time=1.9s total_time=74.1s
[stage experimental] [epoch 38/80] train_total=0.016205 val_total=0.041040 best=0.039237 improved=no epoch_time=1.9s total_time=76.0s
[stage experimental] [epoch 39/80] train_total=0.018210 val_total=0.049329 best=0.039237 improved=no epoch_time=1.9s total_time=77.9s
[stage experimental] [epoch 40/80] train_total=0.017323 val_total=0.046936 best=0.039237 improved=no epoch_time=1.9s total_time=79.8s
[stage experimental] [epoch 41/80] train_total=0.015635 val_total=0.040813 best=0.039237 improved=no epoch_time=2.0s total_time=81.8s
[stage experimental] [epoch 42/80] train_total=0.014522 val_total=0.037632 best=0.037632 improved=yes epoch_time=1.9s total_time=83.7s
[stage experimental] [epoch 43/80] train_total=0.017693 val_total=0.033127 best=0.033127 improved=yes epoch_time=2.0s total_time=85.7s
[stage experimental] [epoch 44/80] train_total=0.015004 val_total=0.043463 best=0.033127 improved=no epoch_time=2.0s total_time=87.7s
[stage experimental] [epoch 45/80] train_total=0.016137 val_total=0.031479 best=0.031479 improved=yes epoch_time=2.0s total_time=89.7s
[stage experimental] [epoch 46/80] train_total=0.015785 val_total=0.035320 best=0.031479 improved=no epoch_time=1.9s total_time=91.6s
[stage experimental] [epoch 47/80] train_total=0.016765 val_total=0.033541 best=0.031479 improved=no epoch_time=2.0s total_time=93.6s
[stage experimental] [epoch 48/80] train_total=0.013568 val_total=0.036496 best=0.031479 improved=no epoch_time=1.9s total_time=95.6s
[stage experimental] [epoch 49/80] train_total=0.014028 val_total=0.033224 best=0.031479 improved=no epoch_time=1.9s total_time=97.5s
[stage experimental] [epoch 50/80] train_total=0.014064 val_total=0.033014 best=0.031479 improved=no epoch_time=2.0s total_time=99.5s
[stage experimental] [epoch 51/80] train_total=0.013964 val_total=0.044337 best=0.031479 improved=no epoch_time=1.9s total_time=101.3s
[stage experimental] [epoch 52/80] train_total=0.014281 val_total=0.035008 best=0.031479 improved=no epoch_time=1.9s total_time=103.3s
[stage experimental] [epoch 53/80] train_total=0.014562 val_total=0.029120 best=0.029120 improved=yes epoch_time=2.2s total_time=105.5s
[stage experimental] [epoch 54/80] train_total=0.013823 val_total=0.031906 best=0.029120 improved=no epoch_time=2.0s total_time=107.5s
[stage experimental] [epoch 55/80] train_total=0.012584 val_total=0.037121 best=0.029120 improved=no epoch_time=1.9s total_time=109.4s
[stage experimental] [epoch 56/80] train_total=0.012379 val_total=0.027597 best=0.027597 improved=yes epoch_time=2.0s total_time=111.3s
[stage experimental] [epoch 57/80] train_total=0.013612 val_total=0.027869 best=0.027597 improved=no epoch_time=2.0s total_time=113.3s
[stage experimental] [epoch 58/80] train_total=0.014352 val_total=0.041378 best=0.027597 improved=no epoch_time=2.1s total_time=115.4s
[stage experimental] [epoch 59/80] train_total=0.012001 val_total=0.026494 best=0.026494 improved=yes epoch_time=1.9s total_time=117.3s
[stage experimental] [epoch 60/80] train_total=0.010620 val_total=0.027371 best=0.026494 improved=no epoch_time=1.9s total_time=119.2s
[stage experimental] [epoch 61/80] train_total=0.011063 val_total=0.026121 best=0.026121 improved=yes epoch_time=1.9s total_time=121.1s
[stage experimental] [epoch 62/80] train_total=0.011498 val_total=0.024036 best=0.024036 improved=yes epoch_time=1.9s total_time=123.1s
[stage experimental] [epoch 63/80] train_total=0.013442 val_total=0.033426 best=0.024036 improved=no epoch_time=1.9s total_time=125.0s
[stage experimental] [epoch 64/80] train_total=0.012785 val_total=0.023723 best=0.023723 improved=yes epoch_time=2.0s total_time=127.0s
[stage experimental] [epoch 65/80] train_total=0.009755 val_total=0.021515 best=0.021515 improved=yes epoch_time=1.9s total_time=128.9s
[stage experimental] [epoch 66/80] train_total=0.009920 val_total=0.022866 best=0.021515 improved=no epoch_time=1.9s total_time=130.9s
[stage experimental] [epoch 67/80] train_total=0.009441 val_total=0.022232 best=0.021515 improved=no epoch_time=2.0s total_time=132.9s
[stage experimental] [epoch 68/80] train_total=0.010978 val_total=0.021331 best=0.021331 improved=yes epoch_time=1.9s total_time=134.8s
[stage experimental] [epoch 69/80] train_total=0.010200 val_total=0.023851 best=0.021331 improved=no epoch_time=2.0s total_time=136.8s
[stage experimental] [epoch 70/80] train_total=0.017650 val_total=0.030985 best=0.021331 improved=no epoch_time=1.9s total_time=138.6s
[stage experimental] [epoch 71/80] train_total=0.013606 val_total=0.022818 best=0.021331 improved=no epoch_time=1.9s total_time=140.6s
[stage experimental] [epoch 72/80] train_total=0.008927 val_total=0.023952 best=0.021331 improved=no epoch_time=1.9s total_time=142.5s
[stage experimental] [epoch 73/80] train_total=0.009848 val_total=0.025626 best=0.021331 improved=no epoch_time=1.9s total_time=144.4s
[stage experimental] [epoch 74/80] train_total=0.008016 val_total=0.023162 best=0.021331 improved=no epoch_time=1.9s total_time=146.3s
[stage experimental] [epoch 75/80] train_total=0.009163 val_total=0.023211 best=0.021331 improved=no epoch_time=2.0s total_time=148.3s
[stage experimental] [epoch 76/80] train_total=0.009034 val_total=0.022776 best=0.021331 improved=no epoch_time=1.9s total_time=150.2s
[stage experimental] [epoch 77/80] train_total=0.009495 val_total=0.023734 best=0.021331 improved=no epoch_time=2.0s total_time=152.2s
[stage experimental] [epoch 78/80] train_total=0.010694 val_total=0.021207 best=0.021207 improved=yes epoch_time=2.0s total_time=154.2s
[stage experimental] [epoch 79/80] train_total=0.009972 val_total=0.019783 best=0.019783 improved=yes epoch_time=2.0s total_time=156.2s
[stage experimental] [epoch 80/80] train_total=0.009141 val_total=0.022249 best=0.019783 improved=no epoch_time=2.0s total_time=158.2s
[seed 3] [stage 1/3: direct GE] starting 20 epoch(s)
[seed 3] [stage 1/3: direct GE] [epoch 1/20] train_total=0.004714 val_score=0.994945 best=0.994945 P_MAE=10.1396 kPa y_iso_MAE=0.028508 T_MAE=2.4108 K y_isob_MAE=0.032753 improved=yes epoch_time=28.7s total_time=55.1s
[seed 3] [stage 1/3: direct GE] [epoch 2/20] train_total=0.003962 val_score=1.089493 best=0.994945 P_MAE=10.6885 kPa y_iso_MAE=0.032373 T_MAE=2.6759 K y_isob_MAE=0.035295 improved=no epoch_time=28.9s total_time=83.9s
[seed 3] [stage 1/3: direct GE] [epoch 3/20] train_total=0.004031 val_score=1.029068 best=0.994945 P_MAE=10.8898 kPa y_iso_MAE=0.029334 T_MAE=2.4727 K y_isob_MAE=0.033228 improved=no epoch_time=28.8s total_time=112.7s
[seed 3] [stage 1/3: direct GE] [epoch 4/20] train_total=0.003697 val_score=1.074546 best=0.994945 P_MAE=11.6334 kPa y_iso_MAE=0.032842 T_MAE=2.4942 K y_isob_MAE=0.032856 improved=no epoch_time=29.3s total_time=142.0s
[seed 3] [stage 1/3: direct GE] [epoch 5/20] train_total=0.003657 val_score=0.978217 best=0.978217 P_MAE=9.5812 kPa y_iso_MAE=0.028495 T_MAE=2.3760 K y_isob_MAE=0.032686 improved=yes epoch_time=29.0s total_time=171.0s
[seed 3] [stage 1/3: direct GE] [epoch 6/20] train_total=0.003412 val_score=1.048742 best=0.978217 P_MAE=9.7480 kPa y_iso_MAE=0.030186 T_MAE=2.7210 K y_isob_MAE=0.034505 improved=no epoch_time=28.7s total_time=199.8s
[seed 3] [stage 1/3: direct GE] [epoch 7/20] train_total=0.003440 val_score=1.019975 best=0.978217 P_MAE=9.5914 kPa y_iso_MAE=0.026425 T_MAE=2.7411 K y_isob_MAE=0.035050 improved=no epoch_time=29.1s total_time=228.9s
[seed 3] [stage 1/3: direct GE] [epoch 8/20] train_total=0.003400 val_score=1.092009 best=0.978217 P_MAE=10.0023 kPa y_iso_MAE=0.030791 T_MAE=2.8558 K y_isob_MAE=0.036693 improved=no epoch_time=28.9s total_time=257.7s
[seed 3] [stage 1/3: direct GE] [epoch 9/20] train_total=0.003490 val_score=1.049447 best=0.978217 P_MAE=10.3917 kPa y_iso_MAE=0.030243 T_MAE=2.6688 K y_isob_MAE=0.033494 improved=no epoch_time=28.5s total_time=286.2s
[seed 3] [stage 1/3: direct GE] [epoch 10/20] train_total=0.003270 val_score=1.027540 best=0.978217 P_MAE=9.7096 kPa y_iso_MAE=0.029998 T_MAE=2.5757 K y_isob_MAE=0.034151 improved=no epoch_time=29.1s total_time=315.3s
[seed 3] [stage 1/3: direct GE] [epoch 11/20] train_total=0.003617 val_score=1.145205 best=0.978217 P_MAE=9.2499 kPa y_iso_MAE=0.030596 T_MAE=3.3248 K y_isob_MAE=0.039170 improved=no epoch_time=28.6s total_time=343.9s
[seed 3] [stage 1/3: direct GE] [epoch 12/20] train_total=0.003192 val_score=1.079331 best=0.978217 P_MAE=8.8385 kPa y_iso_MAE=0.028338 T_MAE=3.0888 K y_isob_MAE=0.037711 improved=no epoch_time=28.4s total_time=372.4s
[seed 3] [stage 1/3: direct GE] [epoch 13/20] train_total=0.003265 val_score=1.202203 best=0.978217 P_MAE=9.6566 kPa y_iso_MAE=0.032908 T_MAE=3.4924 K y_isob_MAE=0.040412 improved=no epoch_time=28.6s total_time=401.0s
[seed 3] [stage 1/3: direct GE] [epoch 14/20] train_total=0.003300 val_score=1.089680 best=0.978217 P_MAE=9.4655 kPa y_iso_MAE=0.028812 T_MAE=3.0040 K y_isob_MAE=0.037933 improved=no epoch_time=28.6s total_time=429.5s
[seed 3] [stage 1/3: direct GE] [epoch 15/20] train_total=0.003256 val_score=1.221597 best=0.978217 P_MAE=10.0422 kPa y_iso_MAE=0.033385 T_MAE=3.5529 K y_isob_MAE=0.040443 improved=no epoch_time=28.8s total_time=458.3s
[seed 3] [stage 1/3: direct GE] [epoch 16/20] train_total=0.003072 val_score=1.162205 best=0.978217 P_MAE=9.1199 kPa y_iso_MAE=0.030751 T_MAE=3.3893 K y_isob_MAE=0.040582 improved=no epoch_time=28.7s total_time=487.0s
[seed 3] [stage 1/3: direct GE] [epoch 17/20] train_total=0.003028 val_score=1.088051 best=0.978217 P_MAE=9.1542 kPa y_iso_MAE=0.029467 T_MAE=2.9765 K y_isob_MAE=0.038260 improved=no epoch_time=28.4s total_time=515.5s
[seed 3] [stage 1/3: direct GE] [epoch 18/20] train_total=0.003008 val_score=1.203608 best=0.978217 P_MAE=9.0678 kPa y_iso_MAE=0.030974 T_MAE=3.6155 K y_isob_MAE=0.042540 improved=no epoch_time=28.8s total_time=544.3s
[seed 3] [stage 1/3: direct GE] [epoch 19/20] train_total=0.003154 val_score=1.263644 best=0.978217 P_MAE=10.4060 kPa y_iso_MAE=0.033884 T_MAE=3.6108 K y_isob_MAE=0.043329 improved=no epoch_time=28.8s total_time=573.1s
[seed 3] [stage 1/3: direct GE] [epoch 20/20] train_total=0.002956 val_score=1.256530 best=0.978217 P_MAE=10.7454 kPa y_iso_MAE=0.032888 T_MAE=3.6393 K y_isob_MAE=0.042196 improved=no epoch_time=28.6s total_time=601.6s
[seed 3] [stage 2/3: joint VLE] starting 80 epoch(s)
[seed 3] [stage 2/3: joint VLE] [epoch 1/80] train_total=0.015134 val_score=0.942482 best=0.942482 P_MAE=9.4341 kPa y_iso_MAE=0.029192 T_MAE=2.1463 K y_isob_MAE=0.031049 improved=yes epoch_time=29.6s total_time=631.3s
[seed 3] [stage 2/3: joint VLE] [epoch 2/80] train_total=0.015381 val_score=1.170437 best=0.942482 P_MAE=12.3031 kPa y_iso_MAE=0.033048 T_MAE=2.9963 K y_isob_MAE=0.035876 improved=no epoch_time=29.7s total_time=661.0s
[seed 3] [stage 2/3: joint VLE] [epoch 3/80] train_total=0.016730 val_score=1.034635 best=0.942482 P_MAE=9.8585 kPa y_iso_MAE=0.030690 T_MAE=2.6357 K y_isob_MAE=0.033092 improved=no epoch_time=29.8s total_time=690.8s
[seed 3] [stage 2/3: joint VLE] [epoch 4/80] train_total=0.013411 val_score=0.980547 best=0.942482 P_MAE=9.1768 kPa y_iso_MAE=0.030002 T_MAE=2.4279 K y_isob_MAE=0.031794 improved=no epoch_time=29.6s total_time=720.4s
[seed 3] [stage 2/3: joint VLE] [epoch 5/80] train_total=0.014673 val_score=1.096437 best=0.942482 P_MAE=11.9780 kPa y_iso_MAE=0.031938 T_MAE=2.8056 K y_isob_MAE=0.031379 improved=no epoch_time=29.9s total_time=750.3s
[seed 3] [stage 2/3: joint VLE] [epoch 6/80] train_total=0.013700 val_score=0.967205 best=0.942482 P_MAE=10.7129 kPa y_iso_MAE=0.030233 T_MAE=2.0608 K y_isob_MAE=0.030693 improved=no epoch_time=29.9s total_time=780.2s
[seed 3] [stage 2/3: joint VLE] [epoch 7/80] train_total=0.014793 val_score=1.128505 best=0.942482 P_MAE=12.4126 kPa y_iso_MAE=0.033160 T_MAE=2.8877 K y_isob_MAE=0.031767 improved=no epoch_time=29.4s total_time=809.6s
[seed 3] [stage 2/3: joint VLE] [epoch 8/80] train_total=0.014294 val_score=0.969475 best=0.942482 P_MAE=10.8034 kPa y_iso_MAE=0.028900 T_MAE=2.1916 K y_isob_MAE=0.030364 improved=no epoch_time=29.5s total_time=839.1s
[seed 3] [stage 2/3: joint VLE] [epoch 9/80] train_total=0.011629 val_score=0.944228 best=0.942482 P_MAE=11.1261 kPa y_iso_MAE=0.027955 T_MAE=2.0536 K y_isob_MAE=0.029229 improved=no epoch_time=29.6s total_time=868.7s
[seed 3] [stage 2/3: joint VLE] [epoch 10/80] train_total=0.012472 val_score=0.950764 best=0.942482 P_MAE=9.8239 kPa y_iso_MAE=0.027577 T_MAE=2.2237 K y_isob_MAE=0.031660 improved=no epoch_time=29.9s total_time=898.5s
[seed 3] [stage 2/3: joint VLE] [epoch 11/80] train_total=0.012348 val_score=1.055495 best=0.942482 P_MAE=11.9575 kPa y_iso_MAE=0.029980 T_MAE=2.5524 K y_isob_MAE=0.031847 improved=no epoch_time=29.8s total_time=928.3s
[seed 3] [stage 2/3: joint VLE] [epoch 12/80] train_total=0.011461 val_score=0.972525 best=0.942482 P_MAE=11.7808 kPa y_iso_MAE=0.029298 T_MAE=2.0787 K y_isob_MAE=0.029199 improved=no epoch_time=28.4s total_time=956.7s
[seed 3] [stage 2/3: joint VLE] [epoch 13/80] train_total=0.014576 val_score=1.027880 best=0.942482 P_MAE=12.6753 kPa y_iso_MAE=0.029968 T_MAE=2.3287 K y_isob_MAE=0.029530 improved=no epoch_time=28.3s total_time=985.0s
{"direct_ge_parameter_summary": {"stage1_trainable_parameters": 1977601, "stage2_trainable_parameters": 2015043, "stage3": {"groups": [{"learning_rate": 2e-05, "name": "pair_potential", "parameter_count": 110977, "parameter_names": ["pair_potential.0.weight", "pair_potential.0.bias", "pair_potential.2.weight", "pair_potential.2.bias"]}, {"learning_rate": 1e-05, "name": "vapor_pressure", "parameter_count": 37442, "parameter_names": ["vapor_pressure.parameter_head.0.weight", "vapor_pressure.parameter_head.0.bias", "vapor_pressure.parameter_head.2.weight", "vapor_pressure.parameter_head.2.bias"]}, {"learning_rate": 5e-06, "name": "film", "parameter_count": 111744, "parameter_names": ["film.0.weight", "film.0.bias", "film.2.weight", "film.2.bias"]}, {"learning_rate": 5e-06, "name": "mixture_token", "parameter_count": 192, "parameter_names": ["mixture_token"]}], "total_parameters": 2015043, "trainable_fraction": 0.1292056794817778, "trainable_parameters": 260355}, "total_parameters": 2015043, "trainable_fraction": 0.1292056794817778, "trainable_parameters": 260355}}
[seed 3] [stage 3/3: fugacity] starting 10 epoch(s)
[seed 3] [stage 3/3: fugacity] [epoch 1/10] train_total=0.013427 val_score=0.948093 best=0.948093 P_MAE=9.3047 kPa y_iso_MAE=0.029040 T_MAE=2.1580 K y_isob_MAE=0.032090 improved=yes epoch_time=27.8s total_time=1012.8s
[seed 3] [stage 3/3: fugacity] [epoch 2/10] train_total=0.012108 val_score=0.947387 best=0.947387 P_MAE=9.2397 kPa y_iso_MAE=0.028940 T_MAE=2.1578 K y_isob_MAE=0.032285 improved=yes epoch_time=28.2s total_time=1041.0s
[seed 3] [stage 3/3: fugacity] [epoch 3/10] train_total=0.011724 val_score=0.950607 best=0.947387 P_MAE=9.3232 kPa y_iso_MAE=0.028881 T_MAE=2.1671 K y_isob_MAE=0.032393 improved=no epoch_time=27.9s total_time=1069.0s
[seed 3] [stage 3/3: fugacity] [epoch 4/10] train_total=0.011352 val_score=0.951472 best=0.947387 P_MAE=9.2382 kPa y_iso_MAE=0.028841 T_MAE=2.1890 K y_isob_MAE=0.032476 improved=no epoch_time=28.0s total_time=1097.0s
[seed 3] [stage 3/3: fugacity] [epoch 5/10] train_total=0.010512 val_score=0.952386 best=0.947387 P_MAE=9.3033 kPa y_iso_MAE=0.028804 T_MAE=2.2026 K y_isob_MAE=0.032269 improved=no epoch_time=27.6s total_time=1124.6s
[seed 3] [stage 3/3: fugacity] [epoch 6/10] train_total=0.010490 val_score=0.951938 best=0.947387 P_MAE=9.3608 kPa y_iso_MAE=0.028731 T_MAE=2.2062 K y_isob_MAE=0.032085 improved=no epoch_time=27.9s total_time=1152.5s
[seed 3] [stage 3/3: fugacity] [epoch 7/10] train_total=0.009850 val_score=0.953449 best=0.947387 P_MAE=9.2718 kPa y_iso_MAE=0.028671 T_MAE=2.2251 K y_isob_MAE=0.032320 improved=no epoch_time=27.7s total_time=1180.3s
[seed 3] [stage 3/3: fugacity] [epoch 8/10] train_total=0.010149 val_score=0.956152 best=0.947387 P_MAE=9.3295 kPa y_iso_MAE=0.028740 T_MAE=2.2383 K y_isob_MAE=0.032248 improved=no epoch_time=27.7s total_time=1208.0s
[seed 3] [stage 3/3: fugacity] [epoch 9/10] train_total=0.010039 val_score=0.952878 best=0.947387 P_MAE=9.2451 kPa y_iso_MAE=0.028622 T_MAE=2.2321 K y_isob_MAE=0.032279 improved=no epoch_time=27.6s total_time=1235.6s
[seed 3] [stage 3/3: fugacity] [epoch 10/10] train_total=0.009470 val_score=0.952188 best=0.947387 P_MAE=9.2826 kPa y_iso_MAE=0.028619 T_MAE=2.2355 K y_isob_MAE=0.032051 improved=no epoch_time=28.1s total_time=1263.7s
{"protocol": "vle_overall_binary_ternary", "seed": 3, "manifest": "D:\\VLE\\VLE\\thermoformer_project\\runs\\phase_equilibrium\\v1\\vle\\three\\results\\thermoformer_vle_three_stage.on.vle_overall_binary_ternary\\seed_3\\manifest.json"}
[stage experimental] starting 80 epoch(s)
[stage experimental] [epoch 1/80] train_total=0.742883 val_total=0.120657 best=0.120657 improved=yes epoch_time=2.0s total_time=2.0s
[stage experimental] [epoch 2/80] train_total=0.092397 val_total=0.053665 best=0.053665 improved=yes epoch_time=1.9s total_time=3.9s
[stage experimental] [epoch 3/80] train_total=0.065610 val_total=0.059121 best=0.053665 improved=no epoch_time=1.9s total_time=5.9s
[stage experimental] [epoch 4/80] train_total=0.059983 val_total=0.052913 best=0.052913 improved=yes epoch_time=1.9s total_time=7.8s
[stage experimental] [epoch 5/80] train_total=0.051002 val_total=0.053817 best=0.052913 improved=no epoch_time=2.0s total_time=9.7s
[stage experimental] [epoch 6/80] train_total=0.049377 val_total=0.063883 best=0.052913 improved=no epoch_time=1.9s total_time=11.7s
[stage experimental] [epoch 7/80] train_total=0.039468 val_total=0.054372 best=0.052913 improved=no epoch_time=1.9s total_time=13.6s
[stage experimental] [epoch 8/80] train_total=0.038834 val_total=0.060116 best=0.052913 improved=no epoch_time=1.9s total_time=15.6s
[stage experimental] [epoch 9/80] train_total=0.034812 val_total=0.060585 best=0.052913 improved=no epoch_time=2.0s total_time=17.5s
[stage experimental] [epoch 10/80] train_total=0.034537 val_total=0.056695 best=0.052913 improved=no epoch_time=1.9s total_time=19.5s
[stage experimental] [epoch 11/80] train_total=0.042700 val_total=0.063560 best=0.052913 improved=no epoch_time=1.9s total_time=21.4s
[stage experimental] [epoch 12/80] train_total=0.037529 val_total=0.047689 best=0.047689 improved=yes epoch_time=1.9s total_time=23.3s
[stage experimental] [epoch 13/80] train_total=0.037111 val_total=0.039795 best=0.039795 improved=yes epoch_time=2.0s total_time=25.2s
[stage experimental] [epoch 14/80] train_total=0.037027 val_total=0.048211 best=0.039795 improved=no epoch_time=1.9s total_time=27.2s
[stage experimental] [epoch 15/80] train_total=0.031760 val_total=0.048517 best=0.039795 improved=no epoch_time=1.9s total_time=29.1s
[stage experimental] [epoch 16/80] train_total=0.034172 val_total=0.054394 best=0.039795 improved=no epoch_time=2.0s total_time=31.1s
[stage experimental] [epoch 17/80] train_total=0.027439 val_total=0.041681 best=0.039795 improved=no epoch_time=2.0s total_time=33.1s
[stage experimental] [epoch 18/80] train_total=0.024548 val_total=0.049112 best=0.039795 improved=no epoch_time=1.9s total_time=35.1s
[stage experimental] [epoch 19/80] train_total=0.027392 val_total=0.050228 best=0.039795 improved=no epoch_time=1.9s total_time=37.0s
[stage experimental] [epoch 20/80] train_total=0.025627 val_total=0.040626 best=0.039795 improved=no epoch_time=1.9s total_time=38.9s
[stage experimental] [epoch 21/80] train_total=0.028121 val_total=0.045452 best=0.039795 improved=no epoch_time=1.9s total_time=40.8s
[stage experimental] [epoch 22/80] train_total=0.028867 val_total=0.046372 best=0.039795 improved=no epoch_time=2.0s total_time=42.8s
[stage experimental] [epoch 23/80] train_total=0.025173 val_total=0.039006 best=0.039006 improved=yes epoch_time=1.9s total_time=44.7s
[stage experimental] [epoch 24/80] train_total=0.022741 val_total=0.039139 best=0.039006 improved=no epoch_time=1.9s total_time=46.6s
[stage experimental] [epoch 25/80] train_total=0.026285 val_total=0.039454 best=0.039006 improved=no epoch_time=1.9s total_time=48.5s
[stage experimental] [epoch 26/80] train_total=0.024148 val_total=0.038236 best=0.038236 improved=yes epoch_time=2.0s total_time=50.5s
[stage experimental] [epoch 27/80] train_total=0.021257 val_total=0.035228 best=0.035228 improved=yes epoch_time=2.0s total_time=52.5s
[stage experimental] [epoch 28/80] train_total=0.022333 val_total=0.036379 best=0.035228 improved=no epoch_time=1.9s total_time=54.4s
[stage experimental] [epoch 29/80] train_total=0.019421 val_total=0.038069 best=0.035228 improved=no epoch_time=2.0s total_time=56.3s
[stage experimental] [epoch 30/80] train_total=0.022254 val_total=0.034696 best=0.034696 improved=yes epoch_time=1.9s total_time=58.3s
[stage experimental] [epoch 31/80] train_total=0.020027 val_total=0.040640 best=0.034696 improved=no epoch_time=1.9s total_time=60.2s
[stage experimental] [epoch 32/80] train_total=0.016669 val_total=0.034110 best=0.034110 improved=yes epoch_time=1.9s total_time=62.1s
[stage experimental] [epoch 33/80] train_total=0.018476 val_total=0.028688 best=0.028688 improved=yes epoch_time=2.0s total_time=64.0s
[stage experimental] [epoch 34/80] train_total=0.018494 val_total=0.047202 best=0.028688 improved=no epoch_time=2.0s total_time=66.0s
[stage experimental] [epoch 35/80] train_total=0.018014 val_total=0.032204 best=0.028688 improved=no epoch_time=2.0s total_time=67.9s
[stage experimental] [epoch 36/80] train_total=0.017076 val_total=0.031736 best=0.028688 improved=no epoch_time=1.9s total_time=69.8s
[stage experimental] [epoch 37/80] train_total=0.017900 val_total=0.029819 best=0.028688 improved=no epoch_time=2.0s total_time=71.8s
[stage experimental] [epoch 38/80] train_total=0.019741 val_total=0.032669 best=0.028688 improved=no epoch_time=2.0s total_time=73.8s
[stage experimental] [epoch 39/80] train_total=0.016083 val_total=0.033952 best=0.028688 improved=no epoch_time=2.0s total_time=75.7s
[stage experimental] [epoch 40/80] train_total=0.014407 val_total=0.028626 best=0.028626 improved=yes epoch_time=2.0s total_time=77.7s
[stage experimental] [epoch 41/80] train_total=0.016262 val_total=0.035099 best=0.028626 improved=no epoch_time=2.0s total_time=79.7s
[stage experimental] [epoch 42/80] train_total=0.015951 val_total=0.032119 best=0.028626 improved=no epoch_time=2.0s total_time=81.7s
[stage experimental] [epoch 43/80] train_total=0.014838 val_total=0.026468 best=0.026468 improved=yes epoch_time=2.0s total_time=83.7s
[stage experimental] [epoch 44/80] train_total=0.013908 val_total=0.024579 best=0.024579 improved=yes epoch_time=2.0s total_time=85.6s
[stage experimental] [epoch 45/80] train_total=0.014622 val_total=0.028498 best=0.024579 improved=no epoch_time=1.9s total_time=87.6s
[stage experimental] [epoch 46/80] train_total=0.012490 val_total=0.026900 best=0.024579 improved=no epoch_time=2.0s total_time=89.5s
[stage experimental] [epoch 47/80] train_total=0.011999 val_total=0.022963 best=0.022963 improved=yes epoch_time=2.1s total_time=91.6s
[stage experimental] [epoch 48/80] train_total=0.010669 val_total=0.023779 best=0.022963 improved=no epoch_time=2.0s total_time=93.6s
[stage experimental] [epoch 49/80] train_total=0.012366 val_total=0.026741 best=0.022963 improved=no epoch_time=2.0s total_time=95.6s
[stage experimental] [epoch 50/80] train_total=0.013642 val_total=0.021355 best=0.021355 improved=yes epoch_time=2.0s total_time=97.6s
[stage experimental] [epoch 51/80] train_total=0.010867 val_total=0.022102 best=0.021355 improved=no epoch_time=1.9s total_time=99.5s
[stage experimental] [epoch 52/80] train_total=0.010070 val_total=0.022976 best=0.021355 improved=no epoch_time=1.9s total_time=101.5s
[stage experimental] [epoch 53/80] train_total=0.012853 val_total=0.024442 best=0.021355 improved=no epoch_time=1.9s total_time=103.4s
[stage experimental] [epoch 54/80] train_total=0.012914 val_total=0.019724 best=0.019724 improved=yes epoch_time=2.0s total_time=105.3s
[stage experimental] [epoch 55/80] train_total=0.010389 val_total=0.018335 best=0.018335 improved=yes epoch_time=2.0s total_time=107.3s
[stage experimental] [epoch 56/80] train_total=0.009450 val_total=0.022323 best=0.018335 improved=no epoch_time=2.0s total_time=109.3s
[stage experimental] [epoch 57/80] train_total=0.009649 val_total=0.020659 best=0.018335 improved=no epoch_time=2.0s total_time=111.3s
[stage experimental] [epoch 58/80] train_total=0.009136 val_total=0.019979 best=0.018335 improved=no epoch_time=2.0s total_time=113.3s
[stage experimental] [epoch 59/80] train_total=0.010000 val_total=0.019775 best=0.018335 improved=no epoch_time=2.0s total_time=115.3s
[stage experimental] [epoch 60/80] train_total=0.012046 val_total=0.017778 best=0.017778 improved=yes epoch_time=2.0s total_time=117.2s
[stage experimental] [epoch 61/80] train_total=0.008372 val_total=0.018200 best=0.017778 improved=no epoch_time=1.9s total_time=119.1s
[stage experimental] [epoch 62/80] train_total=0.009116 val_total=0.017854 best=0.017778 improved=no epoch_time=1.9s total_time=121.1s
[stage experimental] [epoch 63/80] train_total=0.008382 val_total=0.021127 best=0.017778 improved=no epoch_time=1.9s total_time=123.0s
[stage experimental] [epoch 64/80] train_total=0.008940 val_total=0.017643 best=0.017643 improved=yes epoch_time=1.9s total_time=125.0s
[stage experimental] [epoch 65/80] train_total=0.009984 val_total=0.017493 best=0.017493 improved=yes epoch_time=2.0s total_time=126.9s
[stage experimental] [epoch 66/80] train_total=0.012877 val_total=0.020431 best=0.017493 improved=no epoch_time=2.0s total_time=128.9s
[stage experimental] [epoch 67/80] train_total=0.009738 val_total=0.018960 best=0.017493 improved=no epoch_time=2.0s total_time=130.8s
[stage experimental] [epoch 68/80] train_total=0.009390 val_total=0.017978 best=0.017493 improved=no epoch_time=1.9s total_time=132.8s
[stage experimental] [epoch 69/80] train_total=0.009703 val_total=0.019397 best=0.017493 improved=no epoch_time=1.9s total_time=134.7s
[stage experimental] [epoch 70/80] train_total=0.007213 val_total=0.016666 best=0.016666 improved=yes epoch_time=1.9s total_time=136.6s
[stage experimental] [epoch 71/80] train_total=0.009897 val_total=0.016755 best=0.016666 improved=no epoch_time=2.0s total_time=138.6s
[stage experimental] [epoch 72/80] train_total=0.008879 val_total=0.015074 best=0.015074 improved=yes epoch_time=2.0s total_time=140.6s
[stage experimental] [epoch 73/80] train_total=0.008357 val_total=0.018819 best=0.015074 improved=no epoch_time=1.9s total_time=142.5s
[stage experimental] [epoch 74/80] train_total=0.009791 val_total=0.017945 best=0.015074 improved=no epoch_time=1.9s total_time=144.4s
[stage experimental] [epoch 75/80] train_total=0.010547 val_total=0.020215 best=0.015074 improved=no epoch_time=2.0s total_time=146.3s
[stage experimental] [epoch 76/80] train_total=0.008919 val_total=0.019401 best=0.015074 improved=no epoch_time=1.9s total_time=148.3s
[stage experimental] [epoch 77/80] train_total=0.007484 val_total=0.017696 best=0.015074 improved=no epoch_time=2.0s total_time=150.2s
[stage experimental] [epoch 78/80] train_total=0.008205 val_total=0.019294 best=0.015074 improved=no epoch_time=1.9s total_time=152.1s
[stage experimental] [epoch 79/80] train_total=0.008427 val_total=0.016273 best=0.015074 improved=no epoch_time=1.9s total_time=154.1s
[stage experimental] [epoch 80/80] train_total=0.009040 val_total=0.017310 best=0.015074 improved=no epoch_time=2.0s total_time=156.1s
[seed 4] [stage 1/3: direct GE] starting 20 epoch(s)
[seed 4] [stage 1/3: direct GE] [epoch 1/20] train_total=0.004331 val_score=1.196194 best=1.196194 P_MAE=8.5235 kPa y_iso_MAE=0.023775 T_MAE=2.6616 K y_isob_MAE=0.026371 improved=yes epoch_time=27.0s total_time=52.5s
[seed 4] [stage 1/3: direct GE] [epoch 2/20] train_total=0.003694 val_score=1.303858 best=1.196194 P_MAE=9.0297 kPa y_iso_MAE=0.029077 T_MAE=2.6229 K y_isob_MAE=0.029321 improved=no epoch_time=27.0s total_time=79.5s
[seed 4] [stage 1/3: direct GE] [epoch 3/20] train_total=0.003757 val_score=1.185188 best=1.185188 P_MAE=8.5595 kPa y_iso_MAE=0.024660 T_MAE=2.4655 K y_isob_MAE=0.026645 improved=yes epoch_time=28.2s total_time=107.7s
[seed 4] [stage 1/3: direct GE] [epoch 4/20] train_total=0.003432 val_score=1.235122 best=1.185188 P_MAE=8.2064 kPa y_iso_MAE=0.026898 T_MAE=2.6577 K y_isob_MAE=0.027376 improved=no epoch_time=26.7s total_time=134.4s
[seed 4] [stage 1/3: direct GE] [epoch 5/20] train_total=0.003422 val_score=1.225464 best=1.185188 P_MAE=8.2272 kPa y_iso_MAE=0.025927 T_MAE=2.6344 K y_isob_MAE=0.027762 improved=no epoch_time=27.0s total_time=161.4s
[seed 4] [stage 1/3: direct GE] [epoch 6/20] train_total=0.003472 val_score=1.379407 best=1.185188 P_MAE=9.9482 kPa y_iso_MAE=0.027669 T_MAE=3.0225 K y_isob_MAE=0.030369 improved=no epoch_time=27.2s total_time=188.6s
[seed 4] [stage 1/3: direct GE] [epoch 7/20] train_total=0.003323 val_score=1.333699 best=1.185188 P_MAE=8.4230 kPa y_iso_MAE=0.026693 T_MAE=2.9725 K y_isob_MAE=0.031988 improved=no epoch_time=27.2s total_time=215.8s
[seed 4] [stage 1/3: direct GE] [epoch 8/20] train_total=0.003356 val_score=1.407001 best=1.185188 P_MAE=9.7718 kPa y_iso_MAE=0.030359 T_MAE=2.9379 K y_isob_MAE=0.031397 improved=no epoch_time=27.2s total_time=242.9s
[seed 4] [stage 1/3: direct GE] [epoch 9/20] train_total=0.003352 val_score=1.309497 best=1.185188 P_MAE=9.0818 kPa y_iso_MAE=0.027929 T_MAE=2.8104 K y_isob_MAE=0.028723 improved=no epoch_time=26.9s total_time=269.9s
[seed 4] [stage 1/3: direct GE] [epoch 10/20] train_total=0.003088 val_score=1.355150 best=1.185188 P_MAE=9.0107 kPa y_iso_MAE=0.030431 T_MAE=2.9911 K y_isob_MAE=0.028199 improved=no epoch_time=26.3s total_time=296.2s
[seed 4] [stage 1/3: direct GE] [epoch 11/20] train_total=0.003093 val_score=1.403580 best=1.185188 P_MAE=9.1080 kPa y_iso_MAE=0.028258 T_MAE=3.2696 K y_isob_MAE=0.031231 improved=no epoch_time=26.3s total_time=322.5s
[seed 4] [stage 1/3: direct GE] [epoch 12/20] train_total=0.003092 val_score=1.392966 best=1.185188 P_MAE=9.0080 kPa y_iso_MAE=0.029120 T_MAE=3.1149 K y_isob_MAE=0.031444 improved=no epoch_time=26.1s total_time=348.7s
[seed 4] [stage 1/3: direct GE] [epoch 13/20] train_total=0.003064 val_score=1.418629 best=1.185188 P_MAE=9.2489 kPa y_iso_MAE=0.029710 T_MAE=3.1423 K y_isob_MAE=0.032115 improved=no epoch_time=25.9s total_time=374.5s
[seed 4] [stage 1/3: direct GE] [epoch 14/20] train_total=0.003084 val_score=1.372645 best=1.185188 P_MAE=8.8544 kPa y_iso_MAE=0.027341 T_MAE=3.0545 K y_isob_MAE=0.032629 improved=no epoch_time=25.9s total_time=400.4s
[seed 4] [stage 1/3: direct GE] [epoch 15/20] train_total=0.003041 val_score=1.378729 best=1.185188 P_MAE=8.9227 kPa y_iso_MAE=0.027741 T_MAE=3.0824 K y_isob_MAE=0.032241 improved=no epoch_time=26.4s total_time=426.8s
[seed 4] [stage 1/3: direct GE] [epoch 16/20] train_total=0.003018 val_score=1.489264 best=1.185188 P_MAE=9.6130 kPa y_iso_MAE=0.031171 T_MAE=3.3245 K y_isob_MAE=0.033690 improved=no epoch_time=26.2s total_time=453.0s
[seed 4] [stage 1/3: direct GE] [epoch 17/20] train_total=0.002951 val_score=1.422919 best=1.185188 P_MAE=9.0706 kPa y_iso_MAE=0.029651 T_MAE=3.1525 K y_isob_MAE=0.032901 improved=no epoch_time=26.9s total_time=479.9s
[seed 4] [stage 1/3: direct GE] [epoch 18/20] train_total=0.003009 val_score=1.426552 best=1.185188 P_MAE=9.2006 kPa y_iso_MAE=0.029742 T_MAE=3.1438 K y_isob_MAE=0.032880 improved=no epoch_time=26.9s total_time=506.9s
[seed 4] [stage 1/3: direct GE] [epoch 19/20] train_total=0.002987 val_score=1.436696 best=1.185188 P_MAE=9.0389 kPa y_iso_MAE=0.030849 T_MAE=3.0769 K y_isob_MAE=0.033800 improved=no epoch_time=26.9s total_time=533.7s
[seed 4] [stage 1/3: direct GE] [epoch 20/20] train_total=0.003152 val_score=1.382040 best=1.185188 P_MAE=9.1097 kPa y_iso_MAE=0.027920 T_MAE=3.1113 K y_isob_MAE=0.031520 improved=no epoch_time=27.4s total_time=561.1s
[seed 4] [stage 2/3: joint VLE] starting 80 epoch(s)
[seed 4] [stage 2/3: joint VLE] [epoch 1/80] train_total=0.018662 val_score=1.170829 best=1.170829 P_MAE=8.8178 kPa y_iso_MAE=0.022309 T_MAE=2.6310 K y_isob_MAE=0.025272 improved=yes epoch_time=27.8s total_time=588.9s
[seed 4] [stage 2/3: joint VLE] [epoch 2/80] train_total=0.013573 val_score=1.176558 best=1.170829 P_MAE=11.8515 kPa y_iso_MAE=0.023686 T_MAE=2.0128 K y_isob_MAE=0.023460 improved=no epoch_time=28.1s total_time=616.9s
[seed 4] [stage 2/3: joint VLE] [epoch 3/80] train_total=0.014377 val_score=1.180660 best=1.170829 P_MAE=9.3796 kPa y_iso_MAE=0.024138 T_MAE=2.5137 K y_isob_MAE=0.024089 improved=no epoch_time=28.2s total_time=645.2s
[seed 4] [stage 2/3: joint VLE] [epoch 4/80] train_total=0.014342 val_score=1.085420 best=1.085420 P_MAE=8.3081 kPa y_iso_MAE=0.023644 T_MAE=2.2167 K y_isob_MAE=0.022538 improved=yes epoch_time=27.9s total_time=673.1s
[seed 4] [stage 2/3: joint VLE] [epoch 5/80] train_total=0.018209 val_score=1.104983 best=1.085420 P_MAE=7.7739 kPa y_iso_MAE=0.023000 T_MAE=2.2728 K y_isob_MAE=0.025671 improved=no epoch_time=27.8s total_time=700.9s
[seed 4] [stage 2/3: joint VLE] [epoch 6/80] train_total=0.012474 val_score=1.166428 best=1.085420 P_MAE=10.1812 kPa y_iso_MAE=0.023896 T_MAE=2.3154 K y_isob_MAE=0.023274 improved=no epoch_time=27.8s total_time=728.6s
[seed 4] [stage 2/3: joint VLE] [epoch 7/80] train_total=0.012323 val_score=1.084544 best=1.084544 P_MAE=7.6137 kPa y_iso_MAE=0.022434 T_MAE=2.3167 K y_isob_MAE=0.024400 improved=yes epoch_time=27.9s total_time=756.5s
[seed 4] [stage 2/3: joint VLE] [epoch 8/80] train_total=0.014354 val_score=1.076777 best=1.076777 P_MAE=7.3734 kPa y_iso_MAE=0.022568 T_MAE=2.3407 K y_isob_MAE=0.023939 improved=yes epoch_time=27.8s total_time=784.3s
[seed 4] [stage 2/3: joint VLE] [epoch 9/80] train_total=0.013603 val_score=1.103088 best=1.076777 P_MAE=7.6678 kPa y_iso_MAE=0.021242 T_MAE=2.6014 K y_isob_MAE=0.023850 improved=no epoch_time=27.7s total_time=812.0s
[seed 4] [stage 2/3: joint VLE] [epoch 10/80] train_total=0.011385 val_score=1.144474 best=1.076777 P_MAE=8.9877 kPa y_iso_MAE=0.021718 T_MAE=2.5186 K y_isob_MAE=0.024439 improved=no epoch_time=27.9s total_time=839.9s
[seed 4] [stage 2/3: joint VLE] [epoch 11/80] train_total=0.011398 val_score=1.096986 best=1.076777 P_MAE=8.5207 kPa y_iso_MAE=0.021436 T_MAE=2.3001 K y_isob_MAE=0.024333 improved=no epoch_time=28.2s total_time=868.1s
[seed 4] [stage 2/3: joint VLE] [epoch 12/80] train_total=0.011698 val_score=1.000362 best=1.000362 P_MAE=7.1509 kPa y_iso_MAE=0.020409 T_MAE=2.1983 K y_isob_MAE=0.021761 improved=yes epoch_time=27.5s total_time=895.6s
[seed 4] [stage 2/3: joint VLE] [epoch 13/80] train_total=0.011999 val_score=1.071838 best=1.000362 P_MAE=7.3739 kPa y_iso_MAE=0.020594 T_MAE=2.3949 K y_isob_MAE=0.024946 improved=no epoch_time=27.9s total_time=923.5s
[seed 4] [stage 2/3: joint VLE] [epoch 14/80] train_total=0.011248 val_score=1.126801 best=1.000362 P_MAE=9.3554 kPa y_iso_MAE=0.020881 T_MAE=2.4953 K y_isob_MAE=0.023076 improved=no epoch_time=28.2s total_time=951.7s
[seed 4] [stage 2/3: joint VLE] [epoch 15/80] train_total=0.014113 val_score=1.071807 best=1.000362 P_MAE=8.5377 kPa y_iso_MAE=0.020941 T_MAE=2.2982 K y_isob_MAE=0.022636 improved=no epoch_time=28.2s total_time=979.9s
[seed 4] [stage 2/3: joint VLE] [epoch 16/80] train_total=0.013604 val_score=1.084730 best=1.000362 P_MAE=7.8949 kPa y_iso_MAE=0.021834 T_MAE=2.3652 K y_isob_MAE=0.023747 improved=no epoch_time=28.1s total_time=1008.0s
[seed 4] [stage 2/3: joint VLE] [epoch 17/80] train_total=0.010528 val_score=1.040510 best=1.000362 P_MAE=7.7119 kPa y_iso_MAE=0.022276 T_MAE=2.1698 K y_isob_MAE=0.022161 improved=no epoch_time=27.9s total_time=1035.9s
[seed 4] [stage 2/3: joint VLE] [epoch 18/80] train_total=0.011801 val_score=1.159117 best=1.000362 P_MAE=8.0181 kPa y_iso_MAE=0.023976 T_MAE=2.6833 K y_isob_MAE=0.024013 improved=no epoch_time=27.9s total_time=1063.7s
[seed 4] [stage 2/3: joint VLE] [epoch 19/80] train_total=0.010393 val_score=1.055971 best=1.000362 P_MAE=7.9679 kPa y_iso_MAE=0.022535 T_MAE=2.1377 K y_isob_MAE=0.022932 improved=no epoch_time=28.0s total_time=1091.7s
[seed 4] [stage 2/3: joint VLE] [epoch 20/80] train_total=0.009726 val_score=1.112683 best=1.000362 P_MAE=8.0354 kPa y_iso_MAE=0.023146 T_MAE=2.4063 K y_isob_MAE=0.023971 improved=no epoch_time=28.2s total_time=1119.9s
[seed 4] [stage 2/3: joint VLE] [epoch 21/80] train_total=0.012003 val_score=1.122806 best=1.000362 P_MAE=8.4262 kPa y_iso_MAE=0.022629 T_MAE=2.4572 K y_isob_MAE=0.023781 improved=no epoch_time=27.9s total_time=1147.8s
[seed 4] [stage 2/3: joint VLE] [epoch 22/80] train_total=0.011815 val_score=1.043058 best=1.000362 P_MAE=7.7976 kPa y_iso_MAE=0.021261 T_MAE=2.2256 K y_isob_MAE=0.022577 improved=no epoch_time=27.7s total_time=1175.5s
[seed 4] [stage 2/3: joint VLE] [epoch 23/80] train_total=0.010461 val_score=1.059648 best=1.000362 P_MAE=9.3952 kPa y_iso_MAE=0.021191 T_MAE=2.1210 K y_isob_MAE=0.021099 improved=no epoch_time=28.1s total_time=1203.6s
[seed 4] [stage 2/3: joint VLE] [epoch 24/80] train_total=0.011573 val_score=1.086131 best=1.000362 P_MAE=8.2622 kPa y_iso_MAE=0.022343 T_MAE=2.2945 K y_isob_MAE=0.023186 improved=no epoch_time=28.1s total_time=1231.7s
{"direct_ge_parameter_summary": {"stage1_trainable_parameters": 1977601, "stage2_trainable_parameters": 2015043, "stage3": {"groups": [{"learning_rate": 2e-05, "name": "pair_potential", "parameter_count": 110977, "parameter_names": ["pair_potential.0.weight", "pair_potential.0.bias", "pair_potential.2.weight", "pair_potential.2.bias"]}, {"learning_rate": 1e-05, "name": "vapor_pressure", "parameter_count": 37442, "parameter_names": ["vapor_pressure.parameter_head.0.weight", "vapor_pressure.parameter_head.0.bias", "vapor_pressure.parameter_head.2.weight", "vapor_pressure.parameter_head.2.bias"]}, {"learning_rate": 5e-06, "name": "film", "parameter_count": 111744, "parameter_names": ["film.0.weight", "film.0.bias", "film.2.weight", "film.2.bias"]}, {"learning_rate": 5e-06, "name": "mixture_token", "parameter_count": 192, "parameter_names": ["mixture_token"]}], "total_parameters": 2015043, "trainable_fraction": 0.1292056794817778, "trainable_parameters": 260355}, "total_parameters": 2015043, "trainable_fraction": 0.1292056794817778, "trainable_parameters": 260355}}
[seed 4] [stage 3/3: fugacity] starting 10 epoch(s)
[seed 4] [stage 3/3: fugacity] [epoch 1/10] train_total=0.009131 val_score=0.972925 best=0.972925 P_MAE=7.0137 kPa y_iso_MAE=0.020144 T_MAE=2.0548 K y_isob_MAE=0.021656 improved=yes epoch_time=27.5s total_time=1259.2s
[seed 4] [stage 3/3: fugacity] [epoch 2/10] train_total=0.008170 val_score=0.980567 best=0.972925 P_MAE=7.1711 kPa y_iso_MAE=0.020596 T_MAE=2.0436 K y_isob_MAE=0.021565 improved=no epoch_time=27.6s total_time=1286.8s
[seed 4] [stage 3/3: fugacity] [epoch 3/10] train_total=0.008041 val_score=0.988304 best=0.972925 P_MAE=7.2176 kPa y_iso_MAE=0.020938 T_MAE=2.0435 K y_isob_MAE=0.021760 improved=no epoch_time=27.7s total_time=1314.6s
[seed 4] [stage 3/3: fugacity] [epoch 4/10] train_total=0.007708 val_score=0.993802 best=0.972925 P_MAE=7.2619 kPa y_iso_MAE=0.021096 T_MAE=2.0576 K y_isob_MAE=0.021796 improved=no epoch_time=28.0s total_time=1342.5s
[seed 4] [stage 3/3: fugacity] [epoch 5/10] train_total=0.007345 val_score=0.992968 best=0.972925 P_MAE=7.2862 kPa y_iso_MAE=0.021010 T_MAE=2.0609 K y_isob_MAE=0.021711 improved=no epoch_time=27.9s total_time=1370.4s
[seed 4] [stage 3/3: fugacity] [epoch 6/10] train_total=0.007375 val_score=0.998041 best=0.972925 P_MAE=7.3269 kPa y_iso_MAE=0.021067 T_MAE=2.0724 K y_isob_MAE=0.021854 improved=no epoch_time=27.8s total_time=1398.2s
[seed 4] [stage 3/3: fugacity] [epoch 7/10] train_total=0.007205 val_score=0.999960 best=0.972925 P_MAE=7.4138 kPa y_iso_MAE=0.021104 T_MAE=2.0754 K y_isob_MAE=0.021720 improved=no epoch_time=27.9s total_time=1426.1s
[seed 4] [stage 3/3: fugacity] [epoch 8/10] train_total=0.007271 val_score=0.997992 best=0.972925 P_MAE=7.3585 kPa y_iso_MAE=0.021031 T_MAE=2.0857 K y_isob_MAE=0.021653 improved=no epoch_time=27.8s total_time=1453.9s
[seed 4] [stage 3/3: fugacity] [epoch 9/10] train_total=0.007460 val_score=1.004011 best=0.972925 P_MAE=7.4367 kPa y_iso_MAE=0.021203 T_MAE=2.0875 K y_isob_MAE=0.021770 improved=no epoch_time=27.8s total_time=1481.7s
[seed 4] [stage 3/3: fugacity] [epoch 10/10] train_total=0.006936 val_score=1.006044 best=0.972925 P_MAE=7.4557 kPa y_iso_MAE=0.021206 T_MAE=2.0891 K y_isob_MAE=0.021876 improved=no epoch_time=27.8s total_time=1509.5s
{"protocol": "vle_overall_binary_ternary", "seed": 4, "manifest": "D:\\VLE\\VLE\\thermoformer_project\\runs\\phase_equilibrium\\v1\\vle\\three\\results\\thermoformer_vle_three_stage.on.vle_overall_binary_ternary\\seed_4\\manifest.json"}

$ E:\anaconda\envs\ggnn39\python.exe scripts/run_vle_benchmarks.py --protocol vle_overall_binary_ternary --seeds 0 1 2 3 4 --output D:\VLE\VLE\phase_equilibrium\runs\phase_equilibrium\v1 --device cuda
[resume] stage0 vle_overall_binary_ternary seed 0
[resume] three vle_overall_binary_ternary seed 0
{"protocol": "vle_overall_binary_ternary", "seed": 0, "manifest": "D:\\VLE\\VLE\\thermoformer_project\\runs\\phase_equilibrium\\v1\\vle\\three\\results\\thermoformer_vle_three_stage.on.vle_overall_binary_ternary\\seed_0\\manifest.json"}
[resume] stage0 vle_overall_binary_ternary seed 1
[resume] three vle_overall_binary_ternary seed 1
{"protocol": "vle_overall_binary_ternary", "seed": 1, "manifest": "D:\\VLE\\VLE\\thermoformer_project\\runs\\phase_equilibrium\\v1\\vle\\three\\results\\thermoformer_vle_three_stage.on.vle_overall_binary_ternary\\seed_1\\manifest.json"}
[resume] stage0 vle_overall_binary_ternary seed 2
[resume] three vle_overall_binary_ternary seed 2
{"protocol": "vle_overall_binary_ternary", "seed": 2, "manifest": "D:\\VLE\\VLE\\thermoformer_project\\runs\\phase_equilibrium\\v1\\vle\\three\\results\\thermoformer_vle_three_stage.on.vle_overall_binary_ternary\\seed_2\\manifest.json"}
[resume] stage0 vle_overall_binary_ternary seed 3
[resume] three vle_overall_binary_ternary seed 3
{"protocol": "vle_overall_binary_ternary", "seed": 3, "manifest": "D:\\VLE\\VLE\\thermoformer_project\\runs\\phase_equilibrium\\v1\\vle\\three\\results\\thermoformer_vle_three_stage.on.vle_overall_binary_ternary\\seed_3\\manifest.json"}
[resume] stage0 vle_overall_binary_ternary seed 4
[resume] three vle_overall_binary_ternary seed 4
{"protocol": "vle_overall_binary_ternary", "seed": 4, "manifest": "D:\\VLE\\VLE\\thermoformer_project\\runs\\phase_equilibrium\\v1\\vle\\three\\results\\thermoformer_vle_three_stage.on.vle_overall_binary_ternary\\seed_4\\manifest.json"}

$ E:\anaconda\envs\ggnn39\python.exe scripts/run_vle_benchmarks.py --protocol vle_overall_binary_ternary --seeds 0 1 2 3 4 --output D:\VLE\VLE\phase_equilibrium\runs\phase_equilibrium\v1 --device cuda
