sample_id,system_id,component_count,source,doi,quality_status,quality_weight,experiment_mode,experiment_mode_confidence,direction,target_temperature_k,predicted_temperature_k,target_pressure_kpa,predicted_pressure_kpa,pressure_residual_kpa,converged,nonphysical,iterations,component_smiles_1,component_id_1,x_1,y_true_1,y_pred_1,gamma_pred_1,psat_pred_kpa_1,component_smiles_2,component_id_2,x_2,y_true_2,y_pred_2,gamma_pred_2,psat_pred_kpa_2,component_smiles_3,component_id_3,x_3,y_true_3,y_pred_3,gamma_pred_3,psat_pred_kpa_3,strict_unseen
state_001c6a924aa7e81dde33eab7,2c_679d20c0c097df83b478,2,binary_vle_english.xlsx,10.1016/j.fluid.2010.10.022,unverified,0.5,isothermal,0.9,isothermal,,,11.0057614784,38.95188903808594,-3.814697265625e-06,True,False,48,C#CCCCC,mol_532ee0519201d73c,0.7329,0.9185,0.9658932685852051,1.0330268144607544,49.69369888305664,CCCOC(C)=O,mol_67043ae833ecd0c7,0.2671,0.0815,0.03410672768950462,1.2675726413726807,3.9239349365234375,,,,,,,,False
state_0099828b1023796a64e3e1be,2c_f1d29e917192fdde6ee4,2,binary_vle_english.xlsx,10.1016/j.fluid.2012.11.008,unverified,0.5,isothermal,0.9285714285714286,isothermal,,,280.20002112166395,260.20526123046875,3.0517578125e-05,True,False,48,CCOC(C)=O,mol_18876b584acc43d4,0.61,0.478,0.4786521792411804,1.0441514253616333,195.5432586669922,COC(C)(C)C,mol_b614d6fea320c179,0.39,0.522,0.5213478803634644,1.1982890367507935,290.2802734375,,,,,,,,False
state_009df1618b8d46f80933c008,2c_fcb25ad973d4e5c4a4fe,2,binary_vle_english.xlsx,10.1016/j.fluid.2010.10.022,unverified,0.5,isothermal,0.875,isothermal,,,63.204934931968005,235.05886840820312,0.0,True,False,48,CC#CCCC,mol_a64b37cfa024f8e7,1.0,1.0,1.0,1.0,235.05886840820312,CCCOC(C)=O,mol_67043ae833ecd0c7,0.0,0.0,0.0,2.0123114585876465,34.7778205871582,,,,,,,,False
state_0125fd17136e647479514462,2c_9478a219a5c540597926,2,binary_vle_english.xlsx,10.1016/j.fluid.2009.01.016,unverified,0.5,isothermal,0.9444444444444444,isothermal,,,78.950039948032,69.45626831054688,-7.62939453125e-06,True,False,48,CC(=O)C(C)(C)C,mol_61a887e37d396488,0.3435,0.09160000000000001,0.10952672362327576,1.2189850807189941,18.16796875,COC(C)(C)C,mol_b614d6fea320c179,0.6565,0.9084,0.8904733061790466,1.0701714754104614,88.0327377319336,,,,,,,,True
state_01fe6365a1767c76abed583c,2c_61ebe4a2edff80d5fa4f,2,binary_vle_english.xlsx,10.1016/j.fluid.2009.01.016,unverified,0.5,isothermal,0.9090909090909091,isothermal,,,8.82994043264,20.70696258544922,-1.9073486328125e-06,True,False,48,CC(=O)C(C)(C)C,mol_61a887e37d396488,0.0,0.0,0.0,1.057080626487732,18.16796875,CC(C)(C)CO,mol_dfb42f12fdc989ed,1.0,1.0,1.0,1.0,20.706960678100586,,,,,,,,True
state_02124ec9e79f92e445b8951e,2c_200d73d6cf44caf265a9,2,binary_vle_english.xlsx,10.1016/j.fluid.2010.10.022,unverified,0.5,isothermal,0.8888888888888888,isothermal,,,83.01890529702399,309.26727294921875,0.0,True,False,48,CCC#CCC,mol_7f5d60b87bc7cd44,0.6247,0.7498,0.9244145750999451,1.1256436109542847,406.5634765625,CCCOC(C)=O,mol_67043ae833ecd0c7,0.3753,0.2502,0.07558539509773254,1.2467329502105713,49.95970153808594,,,,,,,,False
state_0295e81e8a38e73d43768975,2c_200d73d6cf44caf265a9,2,binary_vle_english.xlsx,10.1016/j.fluid.2010.10.022,unverified,0.5,isothermal,0.8888888888888888,isothermal,,,3.3646566012159997,38.42182922363281,0.0,True,False,48,CCC#CCC,mol_7f5d60b87bc7cd44,0.3591,0.6232,0.9580394625663757,1.251859188079834,81.88239288330078,CCCOC(C)=O,mol_67043ae833ecd0c7,0.6409,0.3768,0.041960518807172775,1.0878814458847046,2.3123152256011963,,,,,,,,False
state_02add3e00ebe04bce52a8349,2c_635bd51c750eee04b7c9,2,binary_vle_english.xlsx,10.1016/j.fluid.2006.10.023,unverified,0.5,isothermal,0.9230769230769231,isothermal,,,335.89997331417595,211.60400390625,0.0,True,False,48,C1CC1,mol_5b0fb88d8ed110b0,0.058,0.1543,0.0491570420563221,2.5960938930511475,69.08141326904297,FCC(F)(F)F,mol_28a5ef315edd1f58,0.942,0.8457,0.9508429765701294,1.0035854578018188,212.8273468017578,,,,,,,,False
state_02b71b7add266ac79a3a3155,2c_ab02ff6614bbff27b5cc,2,binary_vle_english.xlsx,10.1016/j.fluid.2015.08.008,unverified,0.5,isothermal,0.6666666666666666,isothermal,,,6.2000234014719995,6.676002502441406,-4.76837158203125e-07,True,False,48,C1CN=C2CCCN2C1,mol_b2e98fe3254a8c98,0.08940000000000003,9.999999999998899e-05,0.007628325372934341,1.231452465057373,0.46258386969566345,O,mol_e81dc06beaa39499,0.9106,0.9999,0.992371678352356,1.0061691999435425,7.230896472930908,,,,,,,,False
state_02d03f141d0639bf0da2a617,2c_61ebe4a2edff80d5fa4f,2,binary_vle_english.xlsx,10.1016/j.fluid.2009.01.016,unverified,0.5,isothermal,0.9090909090909091,isothermal,,,17.059930209279997,20.081504821777344,-1.9073486328125e-06,True,False,48,CC(=O)C(C)(C)C,mol_61a887e37d396488,0.7894,0.8669,0.7322748303413391,1.0253374576568604,18.16796875,CC(C)(C)CO,mol_dfb42f12fdc989ed,0.2106,0.1331,0.2677251398563385,1.2328511476516724,20.706960678100586,,,,,,,,True
state_02ecfb527b6372a586530006,2c_6b00d1757b554f4dca5e,2,binary_vle_english.xlsx,10.1016/j.fluid.2009.01.016,unverified,0.5,isothermal,0.9166666666666666,isothermal,,,72.31005273216,61.18089294433594,0.0,True,False,48,CC(C)(C)CO,mol_dfb42f12fdc989ed,0.06599999999999995,0.00649999999999995,0.022638065740466118,1.605292558670044,13.072450637817383,COC(C)(C)C,mol_b614d6fea320c179,0.934,0.9935,0.9773619174957275,1.0038176774978638,63.777793884277344,,,,,,,,True
state_031c871af7ffd2e122337cab,2c_200d73d6cf44caf265a9,2,binary_vle_english.xlsx,10.1016/j.fluid.2010.10.022,unverified,0.5,isothermal,0.8888888888888888,isothermal,,,7.476451752704,59.65705871582031,-3.814697265625e-06,True,False,48,CCC#CCC,mol_7f5d60b87bc7cd44,0.3591,0.6006,0.9412549734115601,1.271520972251892,122.97876739501953,CCCOC(C)=O,mol_67043ae833ecd0c7,0.6409,0.3994,0.05874502286314964,1.0840789079666138,5.044076919555664,,,,,,,,False
state_0337b85f2fd4788674f6b44f,3c_a6f39dd395c2cfcf800d,3,ternary_vle_english.xlsx,10.1016/j.fluid.2009.01.016,unverified,0.5,isothermal,0.9333333333333333,isothermal,,,37.080016955264,36.546661376953125,0.0,True,False,48,CC(=O)C(C)(C)C,mol_61a887e37d396488,0.4531,0.1635,0.1663007140159607,1.1082175970077515,12.103827476501465,CC(C)(C)CO,mol_dfb42f12fdc989ed,0.17059999999999997,0.030200000000000005,0.07469628006219864,1.224082350730896,13.072450637817383,COC(C)(C)C,mol_b614d6fea320c179,0.3763,0.8063,0.7590030431747437,1.1558128595352173,63.777793884277344,True
state_0352063328bf17060aed48c4,2c_ab02ff6614bbff27b5cc,2,binary_vle_english.xlsx,10.1016/j.fluid.2015.08.008,unverified,0.5,isothermal,0.9,isothermal,,,12.100071474943999,27.34817123413086,0.0,True,False,48,C1CN=C2CCCN2C1,mol_b2e98fe3254a8c98,0.4569,0.00990000000000002,0.057167742401361465,1.2084038257598877,2.8316922187805176,O,mol_e81dc06beaa39499,0.5431,0.9901,0.9428322911262512,1.204686164855957,39.41023254394531,,,,,,,,False
state_03b5472ada39e23b2e3db198,3c_a6f39dd395c2cfcf800d,3,ternary_vle_english.xlsx,10.1016/j.fluid.2009.01.016,unverified,0.5,isothermal,0.95,isothermal,,,62.059962435584,58.917877197265625,-3.814697265625e-06,True,False,48,CC(=O)C(C)(C)C,mol_61a887e37d396488,0.3865,0.1258,0.13666264712810516,1.1466766595840454,18.16796875,CC(C)(C)CO,mol_dfb42f12fdc989ed,0.14439999999999997,0.0252,0.06685063987970352,1.3172526359558105,20.706960678100586,COC(C)(C)C,mol_b614d6fea320c179,0.4691,0.849,0.7964867353439331,1.1363600492477417,88.0327377319336,True
state_03f1d5531fa066acec6b2363,2c_01fbe79446fb7e5c19eb,2,binary_vle_english.xlsx,10.1016/j.jct.2006.01.010,unverified,0.5,isothermal,0.9473684210526315,isothermal,,,13.439961273344,13.85067367553711,-9.5367431640625e-07,True,False,48,ClC(Cl)C(Cl)Cl,mol_a1518926d4831a12,0.30569999999999997,0.1291,0.13425792753696442,0.674044668674469,9.02457332611084,O=C1CCCC1,mol_e42ea752b52da6b7,0.6943,0.8709,0.865742027759552,0.9041672348976135,19.101322174072266,,,,,,,,False
state_048670b1c87b63714d01dbd6,2c_ab02ff6614bbff27b5cc,2,binary_vle_english.xlsx,10.1016/j.fluid.2015.08.008,unverified,0.5,isothermal,0.8333333333333334,isothermal,,,26.900054224256,34.636627197265625,-3.814697265625e-06,True,False,48,C1CN=C2CCCN2C1,mol_b2e98fe3254a8c98,0.20889999999999997,0.0010000000000000009,0.02758881263434887,1.6147124767303467,2.8329238891601562,O,mol_e81dc06beaa39499,0.7911,0.999,0.9724112153053284,1.0798619985580444,39.42628479003906,,,,,,,,False
state_051cac046e5c2c03ce43197b,2c_ab02ff6614bbff27b5cc,2,binary_vle_english.xlsx,10.1016/j.fluid.2015.08.008,unverified,0.5,isothermal,0.9444444444444444,isothermal,,,14.400015645312,15.995635986328125,-9.5367431640625e-07,True,False,48,C1CN=C2CCCN2C1,mol_b2e98fe3254a8c98,0.14149999999999996,0.00029999999999996696,0.016680115833878517,1.5547411441802979,1.2127912044525146,O,mol_e81dc06beaa39499,0.8585,0.9997,0.983319878578186,1.028018832206726,17.821937561035156,,,,,,,,False
state_057edbef6590a96005e2c2a2,2c_e87fea44a6b8ad1299a3,2,binary_vle_english.xlsx,10.1016/j.fluid.2010.03.001,unverified,0.5,isothermal,0.9444444444444444,isothermal,,,4.410037288704,9.420211791992188,-9.5367431640625e-07,True,False,48,C=C(C)[C@H]1CC=C(C)CC1,mol_768bd4f5442f0a79,0.45099999999999996,0.30700000000000005,0.7347611784934998,1.5684982538223267,9.784671783447266,CCCCCO,mol_243de2450bee5519,0.549,0.693,0.26523885130882263,1.2157527208328247,3.7435200214385986,,,,,,,,False
state_0601bec919a6a54841ec48df,2c_6b00d1757b554f4dca5e,2,binary_vle_english.xlsx,10.1016/j.fluid.2009.01.016,unverified,0.5,isothermal,0.9166666666666666,isothermal,,,75.990016733696,71.58741760253906,0.0,True,False,48,CC(C)(C)CO,mol_dfb42f12fdc989ed,0.3358,0.04569999999999996,0.11755192279815674,1.2102340459823608,20.706960678100586,COC(C)(C)C,mol_b614d6fea320c179,0.6642,0.9543,0.8824480772018433,1.0803955793380737,88.0327377319336,,,,,,,,True
state_064e1b401626b115078e3867,2c_679d20c0c097df83b478,2,binary_vle_english.xlsx,10.1016/j.fluid.2010.10.022,unverified,0.5,isothermal,0.9,isothermal,,,80.430451522304,106.42933654785156,0.0,True,False,48,C#CCCCC,mol_532ee0519201d73c,0.09560000000000002,0.2027,0.3997616171836853,1.4148154258728027,314.5609436035156,CCCOC(C)=O,mol_67043ae833ecd0c7,0.9044,0.7973,0.6002383232116699,1.0040407180786133,70.35147857666016,,,,,,,,False
state_06b050ef589c8c4bc5127bd7,2c_fcb25ad973d4e5c4a4fe,2,binary_vle_english.xlsx,10.1016/j.fluid.2010.10.022,unverified,0.5,isothermal,0.875,isothermal,,,102.23025855872,254.58493041992188,0.0,True,False,48,CC#CCCC,mol_a64b37cfa024f8e7,0.5441,0.6692,0.8561081290245056,1.1420741081237793,350.742431640625,CCCOC(C)=O,mol_67043ae833ecd0c7,0.4559,0.3308,0.14389191567897797,1.1421581506729126,70.35147857666016,,,,,,,,False
state_06e78eee025cbd323a2358ce,3c_a6f39dd395c2cfcf800d,3,ternary_vle_english.xlsx,10.1016/j.fluid.2009.01.016,unverified,0.5,isothermal,0.9333333333333333,isothermal,,,25.700019589887997,26.943531036376953,0.0,True,False,48,CC(=O)C(C)(C)C,mol_61a887e37d396488,0.5703,0.3115,0.27304914593696594,1.0657840967178345,12.103827476501465,CC(C)(C)CO,mol_dfb42f12fdc989ed,0.22239999999999993,0.06140000000000001,0.1260441243648529,1.168114185333252,13.072450637817383,COC(C)(C)C,mol_b614d6fea320c179,0.2073,0.6271,0.6009067296981812,1.2245959043502808,63.777793884277344,True
state_0724b566fe5652f931b55d52,2c_007e04d60827397d74ab,2,binary_vle_english.xlsx,10.1016/j.fluid.2013.09.056,unverified,0.5,isothermal,0.9090909090909091,isothermal,,,349.09995432512,139.41134643554688,0.0,True,False,48,FC(C(F)(F)F)C(F)(F)F,mol_6b18cff9be152ebc,0.5686,0.47130000000000005,0.050915900617837906,1.0090014934539795,12.372369766235352,FCC(F)(F)F,mol_28a5ef315edd1f58,0.4314,0.5287,0.9490841031074524,1.0495938062667847,292.2142639160156,,,,,,,,False
state_073df3226cda4b52b8f2e9ed,2c_6b00d1757b554f4dca5e,2,binary_vle_english.xlsx,10.1016/j.fluid.2009.01.016,unverified,0.5,isothermal,0.9166666666666666,isothermal,,,101.560047014784,84.89915466308594,-7.62939453125e-06,True,False,48,CC(C)(C)CO,mol_dfb42f12fdc989ed,0.06569999999999998,0.007800000000000029,0.02715732902288437,1.6947616338729858,20.706960678100586,COC(C)(C)C,mol_b614d6fea320c179,0.9343,0.9922,0.9728426933288574,1.0041887760162354,88.0327377319336,,,,,,,,True
state_07bf1b5968a55163424d38e5,2c_679d20c0c097df83b478,2,binary_vle_english.xlsx,10.1016/j.fluid.2010.10.022,unverified,0.5,isothermal,0.9,isothermal,,,9.838390824191999,34.68928527832031,0.0,True,False,48,C#CCCCC,mol_532ee0519201d73c,0.6242,0.8713,0.9493615627288818,1.0617002248764038,49.69369888305664,CCCOC(C)=O,mol_67043ae833ecd0c7,0.3758,0.1287,0.05063841491937637,1.1912333965301514,3.9239349365234375,,,,,,,,False
state_07d2c36d737839a04064c3fb,2c_f481f8e2e3c46fec24b0,2,binary_vle_english.xlsx,10.1016/j.fluid.2012.11.008,unverified,0.5,full_state,0.0,isothermal,,,453.10006731904,667.2608642578125,0.0,True,False,48,CCC(C)(C)OC,mol_25226214deaceb17,0.956,0.857,0.7878813147544861,1.0039618015289307,547.7487182617188,CCO,mol_f29e20f49d416e54,0.044,0.143,0.2121187299489975,4.249933242797852,756.9024047851562,,,,,,,,False
state_084f224503f604fd94ebca5b,2c_68327a02527de440bdc0,2,binary_vle_english.xlsx,10.1016/j.fluid.2015.10.041,unverified,0.5,isothermal,0.9090909090909091,isothermal,,,85.900001669504,123.71275329589844,0.0,True,False,48,CCCCCO,mol_243de2450bee5519,0.06000000000000005,0.07999999999999996,0.08720653504133224,3.996311902999878,44.99382400512695,CCCCCS,mol_22ade86f58436479,0.94,0.92,0.9127934575080872,1.0090018510818481,119.06036376953125,,,,,,,,False
state_08b8f67daf190057ca4a7262,2c_fcb25ad973d4e5c4a4fe,2,binary_vle_english.xlsx,10.1016/j.fluid.2010.10.022,unverified,0.5,isothermal,0.875,isothermal,,,36.031436530944,129.17257690429688,0.0,True,False,48,CC#CCCC,mol_a64b37cfa024f8e7,0.5441,0.6888000000000001,0.9036831855773926,1.1351749897003174,188.99267578125,CCCOC(C)=O,mol_67043ae833ecd0c7,0.4559,0.3112,0.09631674736738205,1.1520246267318726,23.688674926757812,,,,,,,,False
state_08d989d991159403137abf14,2c_679d20c0c097df83b478,2,binary_vle_english.xlsx,10.1016/j.fluid.2010.10.022,unverified,0.5,isothermal,0.9,isothermal,,,7.295799944064,15.304889678955078,0.0,True,False,48,C#CCCCC,mol_532ee0519201d73c,0.09560000000000002,0.272,0.6180421113967896,1.4519230127334595,68.14701080322266,CCCOC(C)=O,mol_67043ae833ecd0c7,0.9044,0.728,0.38195785880088806,1.005173683166504,6.4304890632629395,,,,,,,,False
state_09211f4c985e5a126dfb0442,3c_a6f39dd395c2cfcf800d,3,ternary_vle_english.xlsx,10.1016/j.fluid.2009.01.016,unverified,0.5,isothermal,0.95,isothermal,,,66.819970940288,68.52273559570312,-7.62939453125e-06,True,False,48,CC(=O)C(C)(C)C,mol_61a887e37d396488,0.4961,0.2165,0.21018342673778534,1.0903083086013794,26.626529693603516,CC(C)(C)CO,mol_dfb42f12fdc989ed,0.18680000000000008,0.04899999999999993,0.1133643314242363,1.3025927543640137,31.924604415893555,COC(C)(C)C,mol_b614d6fea320c179,0.3171,0.7345,0.6764522194862366,1.2259997129440308,119.22989654541016,True
state_09fbeb09816718aa452f44e9,2c_200d73d6cf44caf265a9,2,binary_vle_english.xlsx,10.1016/j.fluid.2010.10.022,unverified,0.5,isothermal,0.8888888888888888,isothermal,,,23.332347656576,23.688674926757812,0.0,True,False,48,CCC#CCC,mol_7f5d60b87bc7cd44,0.0,0.0,0.0,1.844576358795166,275.5061340332031,CCCOC(C)=O,mol_67043ae833ecd0c7,1.0,1.0,1.0,1.0,23.688674926757812,,,,,,,,False
state_0a59f4add688de01ebf5e266,2c_679d20c0c097df83b478,2,binary_vle_english.xlsx,10.1016/j.fluid.2010.10.022,unverified,0.5,isothermal,0.9,isothermal,,,137.408565256832,243.83023071289062,0.0,True,False,48,C#CCCCC,mol_532ee0519201d73c,0.6242,0.8014,0.8747217655181885,1.0862479209899902,314.5609436035156,CCCOC(C)=O,mol_67043ae833ecd0c7,0.3758,0.1986,0.12527820467948914,1.1554018259048462,70.35147857666016,,,,,,,,False
state_0aaaa9c151a99fa7fd3400af,2c_fcb25ad973d4e5c4a4fe,2,binary_vle_english.xlsx,10.1016/j.fluid.2010.10.022,unverified,0.5,isothermal,0.875,isothermal,,,47.143855903744,131.43618774414062,0.0,True,False,48,CC#CCCC,mol_a64b37cfa024f8e7,0.3709,0.5279,0.8221188187599182,1.2394130229949951,235.05886840820312,CCCOC(C)=O,mol_67043ae833ecd0c7,0.6291,0.4721,0.1778811663389206,1.068618893623352,34.7778205871582,,,,,,,,False
state_0acea187d52195237d87196a,2c_ab02ff6614bbff27b5cc,2,binary_vle_english.xlsx,10.1016/j.fluid.2015.08.008,unverified,0.5,isothermal,0.9,isothermal,,,40.4000105632,38.89320373535156,0.0,True,False,48,C1CN=C2CCCN2C1,mol_b2e98fe3254a8c98,0.018299999999999983,0.0,0.004352392628788948,3.266664981842041,2.8316922187805176,O,mol_e81dc06beaa39499,0.9817,1.0,0.995647668838501,1.0009020566940308,39.41023254394531,,,,,,,,False
state_0aede7aa6ced03ee8fbbffe3,2c_e87fea44a6b8ad1299a3,2,binary_vle_english.xlsx,10.1016/j.fluid.2010.03.001,unverified,0.5,isothermal,0.9473684210526315,isothermal,,,5.8700505406720005,9.881303787231445,0.0,True,False,48,C=C(C)[C@H]1CC=C(C)CC1,mol_768bd4f5442f0a79,0.279,0.23299999999999998,0.6204090714454651,1.9555245637893677,11.236340522766113,CCCCCO,mol_243de2450bee5519,0.721,0.767,0.3795909285545349,1.0707255601882935,4.85866117477417,,,,,,,,False
state_0bbe7ee6e4f9697cfd6e65ac,3c_a6f39dd395c2cfcf800d,3,ternary_vle_english.xlsx,10.1016/j.fluid.2009.01.016,unverified,0.5,isothermal,0.95,isothermal,,,53.390008844544,52.764259338378906,-3.814697265625e-06,True,False,48,CC(=O)C(C)(C)C,mol_61a887e37d396488,0.452,0.1695,0.17261840403079987,1.1091291904449463,18.16796875,CC(C)(C)CO,mol_dfb42f12fdc989ed,0.17009999999999992,0.034499999999999975,0.08531168103218079,1.277990460395813,20.706960678100586,COC(C)(C)C,mol_b614d6fea320c179,0.3779,0.796,0.7420699000358582,1.1769649982452393,88.0327377319336,True
state_0c4e690aa04e697449f3c5c9,2c_26b0c25a9dccaa9e1115,2,binary_vle_english.xlsx,10.1016/j.fluid.2016.01.027,unverified,0.5,isothermal,0.8333333333333334,isothermal,,,186.40000253632,284.420654296875,3.0517578125e-05,True,False,48,C=C(Cl)C(F)(F)F,mol_41055367d2729aad,0.87,0.862,0.9548132419586182,1.0067423582077026,310.0573425292969,CC(F)(Cl)C(F)(F)F,mol_c4c59740db0baaf4,0.13,0.138,0.045186713337898254,1.242826223373413,79.54597473144531,,,,,,,,True
state_0d984d04599736219a424325,2c_200d73d6cf44caf265a9,2,binary_vle_english.xlsx,10.1016/j.fluid.2010.10.022,unverified,0.5,isothermal,0.8888888888888888,isothermal,,,113.898232238976,375.5079345703125,0.0,True,False,48,CCC#CCC,mol_7f5d60b87bc7cd44,0.6247,0.743,0.9125123023986816,1.1285995244979858,486.0113830566406,CCCOC(C)=O,mol_67043ae833ecd0c7,0.3753,0.257,0.08748771995306015,1.2442694902420044,70.35147857666016,,,,,,,,False
state_0e0e2cdf3915bb12fb428469,2c_fcb25ad973d4e5c4a4fe,2,binary_vle_english.xlsx,10.1016/j.fluid.2010.10.022,unverified,0.5,isothermal,0.875,isothermal,,,8.010274514176,35.70411682128906,-3.814697265625e-06,True,False,48,CC#CCCC,mol_a64b37cfa024f8e7,0.258,0.45189999999999997,0.8611471652984619,1.3225892782211304,90.10543060302734,CCCOC(C)=O,mol_67043ae833ecd0c7,0.742,0.5481,0.1388528048992157,1.03902268409729,6.4304890632629395,,,,,,,,False
state_0e1d8a4f8cf0c56923d692fb,2c_9478a219a5c540597926,2,binary_vle_english.xlsx,10.1016/j.fluid.2009.01.016,unverified,0.5,isothermal,0.9444444444444444,isothermal,,,19.160024150016,18.51415252685547,0.0,True,False,48,CC(=O)C(C)(C)C,mol_61a887e37d396488,0.9967,0.9696,0.9780669212341309,1.0000035762786865,18.16796875,COC(C)(C)C,mol_b614d6fea320c179,0.0033,0.0304,0.021933089941740036,1.397801399230957,88.0327377319336,,,,,,,,True
state_0e582b4ff6630b2bf105439d,3c_a6f39dd395c2cfcf800d,3,ternary_vle_english.xlsx,10.1016/j.fluid.2009.01.016,unverified,0.5,isothermal,0.95,isothermal,,,24.58997755392,34.4510383605957,0.0,True,False,48,CC(=O)C(C)(C)C,mol_61a887e37d396488,0.4514,0.5464,0.3999686539173126,1.1464420557022095,26.626529693603516,CC(C)(C)CO,mol_dfb42f12fdc989ed,0.5324,0.34319999999999995,0.5241490006446838,1.0624133348464966,31.924604415893555,COC(C)(C)C,mol_b614d6fea320c179,0.0162,0.1104,0.07588233798742294,1.3534519672393799,119.22989654541016,True
state_0e69d636583525e6f2f29e34,2c_200d73d6cf44caf265a9,2,binary_vle_english.xlsx,10.1016/j.fluid.2010.10.022,unverified,0.5,isothermal,0.8888888888888888,isothermal,,,81.749009741824,164.80755615234375,0.0,True,False,48,CCC#CCC,mol_7f5d60b87bc7cd44,0.13549999999999995,0.24329999999999996,0.6270149350166321,1.5691673755645752,486.0113830566406,CCCOC(C)=O,mol_67043ae833ecd0c7,0.8645,0.7567,0.3729850947856903,1.010718822479248,70.35147857666016,,,,,,,,False
state_0ec452e1001482d249676347,2c_e87fea44a6b8ad1299a3,2,binary_vle_english.xlsx,10.1016/j.fluid.2010.03.001,unverified,0.5,isothermal,0.8947368421052632,isothermal,,,2.500061044736,8.686269760131836,-9.5367431640625e-07,True,False,48,C=C(C)[C@H]1CC=C(C)CC1,mol_768bd4f5442f0a79,0.953,0.517,0.9359358549118042,1.0053602457046509,8.485251426696777,CCCCCO,mol_243de2450bee5519,0.047,0.483,0.0640641525387764,4.137197971343994,2.8618323802948,,,,,,,,False
state_0edb424dffd5e3f3ab58ce34,2c_a894ec22c70022e7cf39,2,binary_vle_english.xlsx,10.1016/j.jct.2009.04.006,unverified,0.5,isothermal,0.9333333333333333,isothermal,,,6.260018467072,3.1748600006103516,-2.384185791015625e-07,True,False,48,CC(Cl)(Cl)Cl,mol_d8a2276bed4f13b6,0.36,0.934,0.8969873785972595,0.5975916385650635,13.237435340881348,O=C1CCCCC1,mol_09f0d60d139abab5,0.64,0.06599999999999995,0.10301262140274048,0.9028263092041016,0.5660187602043152,,,,,,,,False
state_0edef0f6e0884a4f12223405,2c_fcb25ad973d4e5c4a4fe,2,binary_vle_english.xlsx,10.1016/j.fluid.2010.10.022,unverified,0.5,isothermal,0.875,isothermal,,,5.874450178816,6.430489540100098,-4.76837158203125e-07,True,False,48,CC#CCCC,mol_a64b37cfa024f8e7,0.0,0.0,0.0,1.7094084024429321,90.10543060302734,CCCOC(C)=O,mol_67043ae833ecd0c7,1.0,1.0,1.0,1.0,6.4304890632629395,,,,,,,,False
state_0f3ac8641a9ab7bf02db331d,2c_ab02ff6614bbff27b5cc,2,binary_vle_english.xlsx,10.1016/j.fluid.2015.08.008,unverified,0.5,isothermal,0.8571428571428571,isothermal,,,3.7999541327359996,15.977720260620117,-9.5367431640625e-07,True,False,48,C1CN=C2CCCN2C1,mol_b2e98fe3254a8c98,0.7511,0.08099999999999996,0.13951942324638367,1.048561930656433,2.8304638862609863,O,mol_e81dc06beaa39499,0.2489,0.919,0.860480546951294,1.4021626710891724,39.39422607421875,,,,,,,,False
state_0f615a1033828c15b122bbe7,2c_200d73d6cf44caf265a9,2,binary_vle_english.xlsx,10.1016/j.fluid.2010.10.022,unverified,0.5,isothermal,0.8888888888888888,isothermal,,,8.238922375296,94.24136352539062,-7.62939453125e-06,True,False,48,CCC#CCC,mol_7f5d60b87bc7cd44,0.8492999999999999,0.925,0.9901529550552368,1.0184131860733032,107.88440704345703,CCCOC(C)=O,mol_67043ae833ecd0c7,0.1507,0.075,0.009847058914601803,1.5693254470825195,3.9239349365234375,,,,,,,,False
state_0f78978312f8895d133beaaf,2c_fcb25ad973d4e5c4a4fe,2,binary_vle_english.xlsx,10.1016/j.fluid.2010.10.022,unverified,0.5,isothermal,0.875,isothermal,,,2.142757098496,26.13541030883789,0.0,True,False,48,CC#CCCC,mol_a64b37cfa024f8e7,0.6716,0.8317,0.9792150259017944,1.0437654256820679,36.50848388671875,CCCOC(C)=O,mol_67043ae833ecd0c7,0.3284,0.1683,0.020785029977560043,1.2618896961212158,1.3108574151992798,,,,,,,,False
state_0f7a72584ecc55e14aa7f577,2c_e87fea44a6b8ad1299a3,2,binary_vle_english.xlsx,10.1016/j.fluid.2010.03.001,unverified,0.5,isothermal,0.9444444444444444,isothermal,,,3.359990318336,5.626760482788086,-4.76837158203125e-07,True,False,48,C=C(C)[C@H]1CC=C(C)CC1,mol_768bd4f5442f0a79,0.17100000000000004,0.19999999999999996,0.5691530108451843,2.207123279571533,8.485251426696777,CCCCCO,mol_243de2450bee5519,0.829,0.8,0.4308469891548157,1.0218394994735718,2.8618323802948,,,,,,,,False
state_0f899919f5d11d1f86064589,2c_a894ec22c70022e7cf39,2,binary_vle_english.xlsx,10.1016/j.jct.2009.04.006,unverified,0.5,isothermal,0.9333333333333333,isothermal,,,16.83994830208,12.03628921508789,-9.5367431640625e-07,True,False,48,CC(Cl)(Cl)Cl,mol_d8a2276bed4f13b6,0.652,0.976,0.9784626364707947,0.8930914998054504,20.225221633911133,O=C1CCCCC1,mol_09f0d60d139abab5,0.348,0.02400000000000002,0.02153734304010868,0.7524712681770325,0.9899551868438721,,,,,,,,False
state_0febc4d6194248a028b56d1c,2c_fcb25ad973d4e5c4a4fe,2,binary_vle_english.xlsx,10.1016/j.fluid.2010.10.022,unverified,0.5,isothermal,0.875,isothermal,,,66.920895972864,166.38433837890625,1.52587890625e-05,True,False,48,CC#CCCC,mol_a64b37cfa024f8e7,0.3709,0.5187999999999999,0.7984839677810669,1.240447998046875,288.76416015625,CCCOC(C)=O,mol_67043ae833ecd0c7,0.6291,0.4812,0.20151600241661072,1.0667986869812012,49.95970153808594,,,,,,,,False
state_0febf26f827ad2dcc4ebfebd,2c_200d73d6cf44caf265a9,2,binary_vle_english.xlsx,10.1016/j.fluid.2010.10.022,unverified,0.5,isothermal,0.8888888888888888,isothermal,,,70.66432142156799,225.27728271484375,1.52587890625e-05,True,False,48,CCC#CCC,mol_7f5d60b87bc7cd44,0.3591,0.5313,0.8474922776222229,1.3077038526535034,406.5634765625,CCCOC(C)=O,mol_67043ae833ecd0c7,0.6409,0.4687,0.1525077074766159,1.0729985237121582,49.95970153808594,,,,,,,,False
state_10897e4134185b5a5e5e4f4f,2c_f481f8e2e3c46fec24b0,2,binary_vle_english.xlsx,10.1016/j.fluid.2012.11.008,unverified,0.5,isothermal,0.8888888888888888,isothermal,,,460.100024928512,614.667724609375,6.103515625e-05,True,False,48,CCC(C)(C)OC,mol_25226214deaceb17,0.6819999999999999,0.483,0.5189852118492126,1.1903883218765259,392.9365234375,CCO,mol_f29e20f49d416e54,0.318,0.517,0.48101481795310974,1.9063389301300049,487.7212219238281,,,,,,,,False
state_10b63b535bf6042df3f1cb3f,3c_a6f39dd395c2cfcf800d,3,ternary_vle_english.xlsx,10.1016/j.fluid.2009.01.016,unverified,0.5,isothermal,0.95,isothermal,,,59.340052806016,59.00312805175781,-3.814697265625e-06,True,False,48,CC(=O)C(C)(C)C,mol_61a887e37d396488,0.1972,0.0709,0.07720567286014557,1.2714842557907104,18.16796875,CC(C)(C)CO,mol_dfb42f12fdc989ed,0.34240000000000004,0.05720000000000003,0.13816402852535248,1.1497935056686401,20.706960678100586,COC(C)(C)C,mol_b614d6fea320c179,0.4604,0.8719,0.784630298614502,1.142248511314392,88.0327377319336,True
state_10bb94626ba5ad3ecd2a40c0,2c_01fbe79446fb7e5c19eb,2,binary_vle_english.xlsx,10.1016/j.jct.2006.01.010,unverified,0.5,isothermal,0.9473684210526315,isothermal,,,12.830011439744,12.622785568237305,0.0,True,False,48,ClC(Cl)C(Cl)Cl,mol_a1518926d4831a12,0.015900000000000025,0.0030999999999999917,0.0028199581429362297,0.3772321939468384,5.934607028961182,O=C1CCCC1,mol_e42ea752b52da6b7,0.9841,0.9969,0.9971800446510315,0.9996857047080994,12.794581413269043,,,,,,,,False
state_1156524718a7417dc90f5c53,2c_679d20c0c097df83b478,2,binary_vle_english.xlsx,10.1016/j.fluid.2010.10.022,unverified,0.5,isothermal,0.9,isothermal,,,62.93242401177599,140.54049682617188,0.0,True,False,48,C#CCCCC,mol_532ee0519201d73c,0.849,0.9424,0.9643551111221313,1.0177637338638306,156.84974670410156,CCCOC(C)=O,mol_67043ae833ecd0c7,0.151,0.0576,0.035644885152578354,1.4004932641983032,23.688674926757812,,,,,,,,False
state_117a86476435c79038eb621f,2c_200d73d6cf44caf265a9,2,binary_vle_english.xlsx,10.1016/j.fluid.2010.10.022,unverified,0.5,isothermal,0.8888888888888888,isothermal,,,2.745240879488,52.734954833984375,-3.814697265625e-06,True,False,48,CCC#CCC,mol_7f5d60b87bc7cd44,0.8492999999999999,0.9306,0.9943191409111023,1.0137022733688354,60.90497970581055,CCCOC(C)=O,mol_67043ae833ecd0c7,0.1507,0.0694,0.005680880043655634,1.5165106058120728,1.3108574151992798,,,,,,,,False
state_119145dc4049e4ae19c20926,2c_01fbe79446fb7e5c19eb,2,binary_vle_english.xlsx,10.1016/j.jct.2006.01.010,unverified,0.5,isothermal,0.9473684210526315,isothermal,,,22.210039962752,22.639854431152344,0.0,True,False,48,ClC(Cl)C(Cl)Cl,mol_a1518926d4831a12,0.2217,0.07509999999999994,0.0849851444363594,0.6471645832061768,13.410229682922363,O=C1CCCC1,mol_e42ea752b52da6b7,0.7783,0.9249,0.9150148630142212,0.9541995525360107,27.894306182861328,,,,,,,,False
state_11b777a94a7987ce9ecafa34,3c_a6f39dd395c2cfcf800d,3,ternary_vle_english.xlsx,10.1016/j.fluid.2009.01.016,unverified,0.5,isothermal,0.95,isothermal,,,25.910002319488,35.86231231689453,-3.814697265625e-06,True,False,48,CC(=O)C(C)(C)C,mol_61a887e37d396488,0.4485,0.5132,0.38196617364883423,1.1470597982406616,26.626529693603516,CC(C)(C)CO,mol_dfb42f12fdc989ed,0.5246999999999999,0.32499999999999996,0.49769851565361023,1.065535545349121,31.924604415893555,COC(C)(C)C,mol_b614d6fea320c179,0.0268,0.1618,0.12033532559871674,1.3505522012710571,119.22989654541016,True
state_12085192ef63459bfefed257,2c_a894ec22c70022e7cf39,2,binary_vle_english.xlsx,10.1016/j.jct.2009.04.006,unverified,0.5,isothermal,0.9333333333333333,isothermal,,,11.639975982976,7.007737159729004,-4.76837158203125e-07,True,False,48,CC(Cl)(Cl)Cl,mol_d8a2276bed4f13b6,0.44,0.943,0.9306409955024719,0.7328481078147888,20.225221633911133,O=C1CCCCC1,mol_09f0d60d139abab5,0.56,0.05700000000000005,0.06935901194810867,0.8767526745796204,0.9899551868438721,,,,,,,,False
state_122e3d7bcbf6203f3cdceeff,2c_9478a219a5c540597926,2,binary_vle_english.xlsx,10.1016/j.fluid.2009.01.016,unverified,0.5,isothermal,0.9411764705882353,isothermal,,,12.129935685376,12.103828430175781,-9.5367431640625e-07,True,False,48,CC(=O)C(C)(C)C,mol_61a887e37d396488,1.0,1.0,1.0,1.0,12.103827476501465,COC(C)(C)C,mol_b614d6fea320c179,0.0,0.0,0.0,1.3493924140930176,63.777793884277344,,,,,,,,True
state_12d6a863b9a9f8028c608a5a,2c_3718df32cb8e1a8658b3,2,binary_vle_english.xlsx,10.1016/j.fluid.2010.03.022,passed,1.0,isothermal,0.9230769230769231,isothermal,,,60.019996882816,82.28582763671875,-7.62939453125e-06,True,False,48,C1CCSC1,mol_e61c7ae663276e1e,0.19,0.148,0.08838013559579849,1.1370930671691895,33.66123580932617,C=C(C)CC(C)(C)C,mol_c01ea75a8687ed16,0.81,0.852,0.9116199016571045,1.0091323852539062,91.77103424072266,,,,,,,,False
state_13154031a4da0a2ebc3a5809,2c_3718df32cb8e1a8658b3,2,binary_vle_english.xlsx,10.1016/j.fluid.2010.03.022,passed,1.0,isothermal,0.9333333333333333,isothermal,,,62.960021741952,60.88066864013672,0.0,True,False,48,C1CCSC1,mol_e61c7ae663276e1e,0.796,0.609,0.6148075461387634,1.0080543756484985,46.64677047729492,C=C(C)CC(C)(C)C,mol_c01ea75a8687ed16,0.20399999999999996,0.391,0.38519248366355896,1.100145936012268,104.490478515625,,,,,,,,False
state_134ed52bb82c3e31eaee100e,2c_01fbe79446fb7e5c19eb,2,binary_vle_english.xlsx,10.1016/j.jct.2006.01.010,unverified,0.5,isothermal,0.9473684210526315,isothermal,,,10.399944638208,9.010150909423828,-9.5367431640625e-07,True,False,48,ClC(Cl)C(Cl)Cl,mol_a1518926d4831a12,0.8855999999999999,0.9152,0.8801639080047607,0.9922733306884766,9.02457332611084,O=C1CCCC1,mol_e42ea752b52da6b7,0.1144,0.0848,0.11983604729175568,0.49411728978157043,19.101322174072266,,,,,,,,False
state_1355a409d64c578ef6ef1aeb,2c_fcb25ad973d4e5c4a4fe,2,binary_vle_english.xlsx,10.1016/j.fluid.2010.10.022,unverified,0.5,isothermal,0.875,isothermal,,,2.60178601152,36.50848388671875,0.0,True,False,48,CC#CCCC,mol_a64b37cfa024f8e7,1.0,1.0,1.0,1.0,36.50848388671875,CCCOC(C)=O,mol_67043ae833ecd0c7,0.0,0.0,0.0,1.6572258472442627,1.3108574151992798,,,,,,,,False
state_136c711a3594362cad0fc6fe,2c_679d20c0c097df83b478,2,binary_vle_english.xlsx,10.1016/j.fluid.2010.10.022,unverified,0.5,isothermal,0.9,isothermal,,,15.466194622208,51.23413848876953,-3.814697265625e-06,True,False,48,C#CCCCC,mol_532ee0519201d73c,0.849,0.9565,0.9793780446052551,1.0129268169403076,58.34773635864258,CCCOC(C)=O,mol_67043ae833ecd0c7,0.151,0.0435,0.02062196657061577,1.3871736526489258,5.044076919555664,,,,,,,,False
state_137fa431948f50314803f359,2c_3718df32cb8e1a8658b3,2,binary_vle_english.xlsx,10.1016/j.fluid.2010.03.022,passed,1.0,isothermal,0.9333333333333333,isothermal,,,48.74999047103999,48.16687774658203,-3.814697265625e-06,True,False,48,C1CCSC1,mol_e61c7ae663276e1e,0.979,0.933,0.9481937885284424,1.0000951290130615,46.64677047729492,C=C(C)CC(C)(C)C,mol_c01ea75a8687ed16,0.02100000000000002,0.06699999999999995,0.05180615931749344,1.1371921300888062,104.490478515625,,,,,,,,False
state_13cac81efe44bfe078c340a7,2c_e87fea44a6b8ad1299a3,2,binary_vle_english.xlsx,10.1016/j.fluid.2010.03.001,unverified,0.5,isothermal,0.8947368421052632,isothermal,,,4.480031531904,7.5931396484375,0.0,True,False,48,C=C(C)[C@H]1CC=C(C)CC1,mol_768bd4f5442f0a79,0.22299999999999998,0.21999999999999997,0.6010361313819885,2.091562509536743,9.784671783447266,CCCCCO,mol_243de2450bee5519,0.777,0.78,0.3989638388156891,1.0414867401123047,3.7435200214385986,,,,,,,,False
state_13fa4b30ce0da31705a4c1f6,2c_9478a219a5c540597926,2,binary_vle_english.xlsx,10.1016/j.fluid.2009.01.016,unverified,0.5,isothermal,0.9375,isothermal,,,92.040030005376,85.21295166015625,0.0,True,False,48,CC(=O)C(C)(C)C,mol_61a887e37d396488,0.4818,0.15839999999999999,0.16903182864189148,1.1227749586105347,26.626529693603516,COC(C)(C)C,mol_b614d6fea320c179,0.5182,0.8416,0.8309681415557861,1.1460602283477783,119.22989654541016,,,,,,,,True
state_14660bcf85db441ba13c7cf3,2c_e87fea44a6b8ad1299a3,2,binary_vle_english.xlsx,10.1016/j.fluid.2010.03.001,unverified,0.5,isothermal,0.9473684210526315,isothermal,,,2.440065979136,11.23634147644043,-9.5367431640625e-07,True,False,48,C=C(C)[C@H]1CC=C(C)CC1,mol_768bd4f5442f0a79,1.0,1.0,1.0,1.0,11.236340522766113,CCCCCO,mol_243de2450bee5519,0.0,0.0,0.0,5.2194085121154785,4.85866117477417,,,,,,,,False
state_14b73127aa81eab99282f8ac,2c_fcb25ad973d4e5c4a4fe,2,binary_vle_english.xlsx,10.1016/j.fluid.2010.10.022,unverified,0.5,isothermal,0.875,isothermal,,,6.235620473728,30.601356506347656,0.0,True,False,48,CC#CCCC,mol_a64b37cfa024f8e7,0.258,0.45899999999999996,0.8728304505348206,1.3188930749893188,78.494873046875,CCCOC(C)=O,mol_67043ae833ecd0c7,0.742,0.541,0.12716956436634064,1.039772391319275,5.044076919555664,,,,,,,,False
state_14fe1c12e854a32db99d40ae,2c_200d73d6cf44caf265a9,2,binary_vle_english.xlsx,10.1016/j.fluid.2010.10.022,unverified,0.5,isothermal,0.8888888888888888,isothermal,,,9.215375398528,86.74072265625,-7.62939453125e-06,True,False,48,CCC#CCC,mol_7f5d60b87bc7cd44,0.6247,0.7971,0.9725180268287659,1.0980421304702759,122.97876739501953,CCCOC(C)=O,mol_67043ae833ecd0c7,0.3753,0.2029,0.02748194895684719,1.2592450380325317,5.044076919555664,,,,,,,,False
state_15a45f147f7795663d83fca8,2c_679d20c0c097df83b478,2,binary_vle_english.xlsx,10.1016/j.fluid.2010.10.022,unverified,0.5,isothermal,0.9,isothermal,,,3.2739973909759996,11.998128890991211,0.0,True,False,48,C#CCCCC,mol_532ee0519201d73c,0.22340000000000004,0.5473,0.845956563949585,1.2820641994476318,35.43795394897461,CCCOC(C)=O,mol_67043ae833ecd0c7,0.7766,0.4527,0.15404348075389862,1.0292298793792725,2.3123152256011963,,,,,,,,False
state_165ff08d2a6fa18b12b90f26,2c_e87fea44a6b8ad1299a3,2,binary_vle_english.xlsx,10.1016/j.fluid.2010.03.001,unverified,0.5,isothermal,0.9444444444444444,isothermal,,,4.380039755904,9.561910629272461,-9.5367431640625e-07,True,False,48,C=C(C)[C@H]1CC=C(C)CC1,mol_768bd4f5442f0a79,0.482,0.32099999999999995,0.7451164722442627,1.510690450668335,9.784671783447266,CCCCCO,mol_243de2450bee5519,0.518,0.679,0.2548835277557373,1.256829857826233,3.7435200214385986,,,,,,,,False
state_1660bbc1c83f2c0086e2d711,2c_9478a219a5c540597926,2,binary_vle_english.xlsx,10.1016/j.fluid.2009.01.016,unverified,0.5,isothermal,0.9444444444444444,isothermal,,,25.00994301312,24.65979766845703,-1.9073486328125e-06,True,False,48,CC(=O)C(C)(C)C,mol_61a887e37d396488,0.937,0.6968,0.6912285089492798,1.0013021230697632,18.16796875,COC(C)(C)C,mol_b614d6fea320c179,0.063,0.3032,0.3087714910507202,1.372909426689148,88.0327377319336,,,,,,,,True
state_16c147914c47fdc054ad7f56,2c_fcb25ad973d4e5c4a4fe,2,binary_vle_english.xlsx,10.1016/j.fluid.2010.10.022,unverified,0.5,isothermal,0.875,isothermal,,,6.549594650367999,50.16132354736328,0.0,True,False,48,CC#CCCC,mol_a64b37cfa024f8e7,0.6716,0.8127,0.9676342010498047,1.0618946552276611,68.05939483642578,CCCOC(C)=O,mol_67043ae833ecd0c7,0.3284,0.1873,0.03236578777432442,1.259883165359497,3.9239349365234375,,,,,,,,False
state_16f9561539fe2bc1fa1706ea,2c_e87fea44a6b8ad1299a3,2,binary_vle_english.xlsx,10.1016/j.fluid.2010.03.001,unverified,0.5,isothermal,0.9473684210526315,isothermal,,,5.890048895872,9.214277267456055,0.0,True,False,48,C=C(C)[C@H]1CC=C(C)CC1,mol_768bd4f5442f0a79,0.22299999999999998,0.21299999999999997,0.5725940465927124,2.10561203956604,11.236340522766113,CCCCCO,mol_243de2450bee5519,0.777,0.787,0.4274059236049652,1.0431917905807495,4.85866117477417,,,,,,,,False
state_17e73fc2eef9b9693e46b306,2c_9478a219a5c540597926,2,binary_vle_english.xlsx,10.1016/j.fluid.2009.01.016,unverified,0.5,isothermal,0.9375,isothermal,,,32.90995992896,32.260597229003906,-3.814697265625e-06,True,False,48,CC(=O)C(C)(C)C,mol_61a887e37d396488,0.9606,0.8055,0.7932192087173462,1.0004799365997314,26.626529693603516,COC(C)(C)C,mol_b614d6fea320c179,0.0394,0.1945,0.2067808210849762,1.4200421571731567,119.22989654541016,,,,,,,,True
state_1800dc86b207ac77c9f0a34e,2c_200d73d6cf44caf265a9,2,binary_vle_english.xlsx,10.1016/j.fluid.2010.10.022,unverified,0.5,isothermal,0.8888888888888888,isothermal,,,4.423236203136,26.032859802246094,-1.9073486328125e-06,True,False,48,CCC#CCC,mol_7f5d60b87bc7cd44,0.13549999999999995,0.3277,0.8679642081260681,1.5457017421722412,107.88440704345703,CCCOC(C)=O,mol_67043ae833ecd0c7,0.8645,0.6723,0.13203582167625427,1.01327383518219,3.9239349365234375,,,,,,,,False
state_18340706cd93f60d2a03cfb5,2c_fcb25ad973d4e5c4a4fe,2,binary_vle_english.xlsx,10.1016/j.fluid.2010.10.022,unverified,0.5,isothermal,0.875,isothermal,,,44.322754596863994,188.99267578125,0.0,True,False,48,CC#CCCC,mol_a64b37cfa024f8e7,1.0,1.0,1.0,1.0,188.99267578125,CCCOC(C)=O,mol_67043ae833ecd0c7,0.0,0.0,0.0,1.9879975318908691,23.688674926757812,,,,,,,,False
state_1893ee85d47bdf31f833f878,2c_9478a219a5c540597926,2,binary_vle_english.xlsx,10.1016/j.fluid.2009.01.016,unverified,0.5,isothermal,0.9375,isothermal,,,146.970045522688,119.22988891601562,7.62939453125e-06,True,False,48,CC(=O)C(C)(C)C,mol_61a887e37d396488,0.0,0.0,0.0,1.8858853578567505,26.626529693603516,COC(C)(C)C,mol_b614d6fea320c179,1.0,1.0,1.0,1.0,119.22989654541016,,,,,,,,True
state_18b2e22e9732a1084c6c83dd,2c_e87fea44a6b8ad1299a3,2,binary_vle_english.xlsx,10.1016/j.fluid.2010.03.001,unverified,0.5,isothermal,0.9473684210526315,isothermal,,,5.780057942271999,11.277551651000977,0.0,True,False,48,C=C(C)[C@H]1CC=C(C)CC1,mol_768bd4f5442f0a79,0.46399999999999997,0.29300000000000004,0.7144814729690552,1.5454784631729126,11.236340522766113,CCCCCO,mol_243de2450bee5519,0.536,0.707,0.28551849722862244,1.2364246845245361,4.85866117477417,,,,,,,,False
state_195a4d8a75ac496334b096ca,3c_a6f39dd395c2cfcf800d,3,ternary_vle_english.xlsx,10.1016/j.fluid.2009.01.016,unverified,0.5,isothermal,0.95,isothermal,,,31.970037234559996,41.863189697265625,0.0,True,False,48,CC(=O)C(C)(C)C,mol_61a887e37d396488,0.4237,0.3936,0.3114146888256073,1.1555756330490112,26.626529693603516,CC(C)(C)CO,mol_dfb42f12fdc989ed,0.5037,0.25239999999999996,0.41252368688583374,1.0739492177963257,31.924604415893555,COC(C)(C)C,mol_b614d6fea320c179,0.0726,0.354,0.2760615646839142,1.3351082801818848,119.22989654541016,True
state_198c373736b9f1c7cb464c5b,2c_fcb25ad973d4e5c4a4fe,2,binary_vle_english.xlsx,10.1016/j.fluid.2010.10.022,unverified,0.5,isothermal,0.875,isothermal,,,5.316362746367999,33.32756805419922,-3.814697265625e-06,True,False,48,CC#CCCC,mol_a64b37cfa024f8e7,0.3709,0.5864,0.9199768304824829,1.2146064043045044,68.05939483642578,CCCOC(C)=O,mol_67043ae833ecd0c7,0.6291,0.4136,0.08002316951751709,1.08038330078125,3.9239349365234375,,,,,,,,False
state_1a00e47a4363b917318f0f18,2c_200d73d6cf44caf265a9,2,binary_vle_english.xlsx,10.1016/j.fluid.2010.10.022,unverified,0.5,isothermal,0.8888888888888888,isothermal,,,89.458242349056,221.55072021484375,1.52587890625e-05,True,False,48,CCC#CCC,mol_7f5d60b87bc7cd44,0.23919999999999997,0.38380000000000003,0.7506452202796936,1.4305410385131836,486.0113830566406,CCCOC(C)=O,mol_67043ae833ecd0c7,0.7608,0.6162,0.2493547946214676,1.0321604013442993,70.35147857666016,,,,,,,,False
state_1a075a834a50fa33fd99192f,2c_200d73d6cf44caf265a9,2,binary_vle_english.xlsx,10.1016/j.fluid.2010.10.022,unverified,0.5,isothermal,0.8888888888888888,isothermal,,,136.23946141183998,486.0113525390625,3.0517578125e-05,True,False,48,CCC#CCC,mol_7f5d60b87bc7cd44,1.0,1.0,1.0,1.0,486.0113830566406,CCCOC(C)=O,mol_67043ae833ecd0c7,0.0,0.0,0.0,2.3567936420440674,70.35147857666016,,,,,,,,False
state_1a7712c373d2c5d14370b1c0,2c_ecb2aa3282976dc883b8,2,binary_vle_english.xlsx,10.1016/j.fluid.2017.04.014,unverified,0.5,isothermal,0.9523809523809523,isothermal,,,26.119985049087997,23.02050018310547,0.0,True,False,48,CC(C)CC(C)(C)C,mol_57615b5c3546c298,0.841,0.55,0.562843918800354,1.0056695938110352,15.319740295410156,COC(C)(C)C,mol_b614d6fea320c179,0.159,0.45,0.43715614080429077,1.0574860572814941,59.85212707519531,,,,,,,,False
state_1a94de0a3a1c8431b27b8df4,2c_679d20c0c097df83b478,2,binary_vle_english.xlsx,10.1016/j.fluid.2010.10.022,unverified,0.5,isothermal,0.9,isothermal,,,4.514028735744,5.044076919555664,0.0,True,False,48,C#CCCCC,mol_532ee0519201d73c,0.0,0.0,0.0,1.600890040397644,58.34773635864258,CCCOC(C)=O,mol_67043ae833ecd0c7,1.0,1.0,1.0,1.0,5.044076919555664,,,,,,,,False
state_1a96edf4799d2961fb00359d,2c_ab02ff6614bbff27b5cc,2,binary_vle_english.xlsx,10.1016/j.fluid.2015.08.008,unverified,0.5,isothermal,0.8571428571428571,isothermal,,,1.400018186368,8.741209030151367,0.0,True,False,48,C1CN=C2CCCN2C1,mol_b2e98fe3254a8c98,0.8967,0.2663,0.2927972674369812,1.0084019899368286,2.8304638862609863,O,mol_e81dc06beaa39499,0.1033,0.7337,0.707202672958374,1.5190865993499756,39.39422607421875,,,,,,,,False
state_1bc633584e9da0b37183ceca,2c_3718df32cb8e1a8658b3,2,binary_vle_english.xlsx,10.1016/j.fluid.2010.03.022,passed,1.0,isothermal,0.9230769230769231,isothermal,,,55.829941501312,69.67523193359375,-7.62939453125e-06,True,False,48,C1CCSC1,mol_e61c7ae663276e1e,0.424,0.304,0.2162211388349533,1.0555543899536133,33.66123580932617,C=C(C)CC(C)(C)C,mol_c01ea75a8687ed16,0.5760000000000001,0.696,0.7837788462638855,1.0331034660339355,91.77103424072266,,,,,,,,False
state_1c0a72884f2b9a6666ab54f8,2c_679d20c0c097df83b478,2,binary_vle_english.xlsx,10.1016/j.fluid.2010.10.022,unverified,0.5,isothermal,0.9,isothermal,,,13.8088642656,49.693702697753906,-3.814697265625e-06,True,False,48,C#CCCCC,mol_532ee0519201d73c,1.0,1.0,1.0,1.0,49.69369888305664,CCCOC(C)=O,mol_67043ae833ecd0c7,0.0,0.0,0.0,1.6275728940963745,3.9239349365234375,,,,,,,,False
state_00b249253a19dcd76481667f,2c_500d21d465db933527d2,2,binary_vle_english.xlsx,10.1016/j.fluid.2014.09.006,unverified,0.5,isobaric,0.9230769230769231,isobaric,448.95,368.43194580078125,,,9.5367431640625e-07,True,False,48,CCCCCCCCCCCCCC(=O)OC,mol_de3754c1966b59a2,0.344,0.5869,0.3500894010066986,0.7791315317153931,1.8287051916122437,CCCCCCCCCCCCCCCC(=O)OC,mol_e51b7f78035080f4,0.656,0.4131,0.6499106287956238,0.930342435836792,1.4908740520477295,,,,,,,,True
state_01f43e15b39d39b5bfd4182c,2c_8affb2d94018c3a50639,2,binary_vle_english.xlsx,10.1016/j.jct.2017.09.020,unverified,0.5,isobaric,0.9285714285714286,isobaric,424.78,386.3177185058594,,,6.794929504394531e-05,True,False,48,CCCCCCCCCC(=O)OC,mol_95d9432584d71e0d,0.1524,0.4075,0.15546616911888123,0.8289228677749634,4.922632694244385,CCCCCCCCCCCC(=O)OC,mol_5c1fd649aae595b4,0.8476,0.5925,0.8445338010787964,0.9926508665084839,4.015042781829834,,,,,,,,False
state_02a5028ad8f69aa27690bc43,2c_f17e33a6fb9a3b89984d,2,binary_vle_english.xlsx,10.1016/j.fluid.2015.07.030,unverified,0.5,isobaric,0.9375,isobaric,389.25,377.83624267578125,,,4.57763671875e-05,True,False,48,O,mol_e81dc06beaa39499,0.5998,0.99395,0.9559221267700195,1.35807204246521,112.64692687988281,OCCOCCOCCO,mol_f34461328d644291,0.4002,0.00605,0.04407783970236778,1.2049790620803833,8.773841857910156,,,,,,,,False
state_03100ef2161060a36bffbda9,2c_f21c5beff7e3dc67c753,2,binary_vle_english.xlsx,10.1016/j.fluid.2014.01.034,unverified,0.5,isobaric,0.9375,isobaric,508.02,465.027587890625,,,8.7738037109375e-05,True,False,48,O=[N+]([O-])c1ccc(Cl)c(Cl)c1,mol_d71344439e314718,0.519,0.529,0.5145572423934937,1.128077745437622,52.73259735107422,O=[N+]([O-])c1cccc(Cl)c1Cl,mol_aa6ec9bb4303db75,0.481,0.471,0.48544278740882874,1.1459718942642212,52.84098434448242,,,,,,,,True
state_03de5f77399ad8a42975acf2,2c_1694e8275721c8f0a44b,2,binary_vle_english.xlsx,10.1016/j.fluid.2013.02.005,unverified,0.5,isobaric,0.9545454545454546,isobaric,352.64,365.58038330078125,,,0.00054931640625,True,False,48,CC(C)OC(C)C,mol_1a0ca8e5eeb68da8,0.325,0.533,0.8712637424468994,1.3366420269012451,188.53048706054688,Cc1ccc(C)o1,mol_8abd2666cf37a39e,0.675,0.46699999999999997,0.12873628735542297,1.0372428894042969,17.28411293029785,,,,,,,,False
state_0411338e1b4fa1a7759f9120,2c_f17e33a6fb9a3b89984d,2,binary_vle_english.xlsx,10.1016/j.fluid.2015.07.030,unverified,0.5,isobaric,0.9375,isobaric,380.7,375.6013488769531,,,0.000701904296875,True,False,48,O,mol_e81dc06beaa39499,0.7529,0.99759,0.9664226174354553,1.1830698251724243,104.14740753173828,OCCOCCOCCO,mol_f34461328d644291,0.2471,0.0024100000000000232,0.03357737138867378,1.6288381814956665,8.008018493652344,,,,,,,,False
state_0447aef9850bf56cde9c7cf6,2c_500d21d465db933527d2,2,binary_vle_english.xlsx,10.1016/j.fluid.2014.09.006,unverified,0.5,isobaric,0.9285714285714286,isobaric,437.74,361.0744323730469,,,1.537799835205078e-05,True,False,48,CCCCCCCCCCCCCC(=O)OC,mol_de3754c1966b59a2,0.4759,0.7101,0.5196037292480469,0.8096851110458374,1.3485569953918457,CCCCCCCCCCCCCCCC(=O)OC,mol_e51b7f78035080f4,0.5241,0.28990000000000005,0.48039624094963074,0.8324317336082458,1.101198673248291,,,,,,,,True
state_0460075c74257a3042420e60,2c_f17e33a6fb9a3b89984d,2,binary_vle_english.xlsx,10.1016/j.fluid.2015.07.030,unverified,0.5,isobaric,0.9375,isobaric,448.54999999999995,388.9252624511719,,,0.000335693359375,True,False,48,O,mol_e81dc06beaa39499,0.2001,0.98361,0.8334614634513855,1.6924891471862793,164.05137634277344,OCCOCCOCCO,mol_f34461328d644291,0.7999,0.016390000000000016,0.1665385514497757,1.021155595779419,13.59109878540039,,,,,,,,False
state_04e68ee5a9bc35ed4993ba33,2c_1694e8275721c8f0a44b,2,binary_vle_english.xlsx,10.1016/j.fluid.2013.02.005,unverified,0.5,isobaric,0.9473684210526315,isobaric,336.7,351.9444885253906,,,3.0517578125e-05,True,False,48,CC(C)OC(C)C,mol_1a0ca8e5eeb68da8,0.231,0.434,0.8434703946113586,1.4095603227615356,129.5223388671875,Cc1ccc(C)o1,mol_8abd2666cf37a39e,0.769,0.5660000000000001,0.15652959048748016,1.0182609558105469,9.994970321655273,,,,,,,,False
state_059ccbddd7306fcdaef53c3a,2c_500d21d465db933527d2,2,binary_vle_english.xlsx,10.1016/j.fluid.2014.09.006,unverified,0.5,isobaric,0.9285714285714286,isobaric,430.46,357.0968017578125,,,0.0009230375289916992,True,False,48,CCCCCCCCCCCCCC(=O)OC,mol_de3754c1966b59a2,0.808,0.9159,0.8935728073120117,0.972864031791687,1.1378612518310547,CCCCCCCCCCCCCCCC(=O)OC,mol_e51b7f78035080f4,0.19199999999999995,0.08409999999999995,0.1064271479845047,0.5966216921806335,0.9299830794334412,,,,,,,,True
state_05b7fccd14e885015acd9a24,2c_8affb2d94018c3a50639,2,binary_vle_english.xlsx,10.1016/j.jct.2017.09.020,unverified,0.5,isobaric,0.9285714285714286,isobaric,417.53,368.43878173828125,,,-3.5762786865234375e-07,True,False,48,CCCCCCCCCC(=O)OC,mol_95d9432584d71e0d,0.0,0.0,0.0,0.5266159176826477,2.4454588890075684,CCCCCCCCCCCC(=O)OC,mol_5c1fd649aae595b4,1.0,1.0,1.0,1.0,1.9999685287475586,,,,,,,,False
state_05c4f0389034348177df62d1,2c_14f322a5589c2ae1768c,2,binary_vle_english.xlsx,10.1016/j.jct.2016.11.024,unverified,0.5,isobaric,0.9285714285714286,isobaric,374.22999999999996,366.70361328125,,,0.0008834600448608398,True,False,48,CCCCCCCC(=O)OC,mol_b57df1d978ebac66,0.2702,0.6436,0.19867421686649323,0.7958764433860779,1.848525881767273,CCCCCCCCCC(=O)OC,mol_95d9432584d71e0d,0.7298,0.35640000000000005,0.8013258576393127,0.9649944305419922,2.276646137237549,,,,,,,,False
state_05d18635ea432447148d2efb,2c_f17e33a6fb9a3b89984d,2,binary_vle_english.xlsx,10.1016/j.fluid.2015.07.030,unverified,0.5,isobaric,0.9375,isobaric,383.63,372.89764404296875,,,0.00011444091796875,True,False,48,O,mol_e81dc06beaa39499,0.5998,0.99786,0.956696093082428,1.3487111330032349,94.59858703613281,OCCOCCOCCO,mol_f34461328d644291,0.4002,0.0021400000000000308,0.043303899466991425,1.2088758945465088,7.159854888916016,,,,,,,,False
state_06676c03bf44cce6e3ba1aed,2c_500d21d465db933527d2,2,binary_vle_english.xlsx,10.1016/j.fluid.2014.09.006,unverified,0.5,isobaric,0.9285714285714286,isobaric,435.51,343.22491455078125,,,0.0003261566162109375,True,False,48,CCCCCCCCCCCCCC(=O)OC,mol_de3754c1966b59a2,0.0,0.0,0.0,0.2825761139392853,0.6101002097129822,CCCCCCCCCCCCCCCC(=O)OC,mol_e51b7f78035080f4,1.0,1.0,1.0,1.0,0.5002850294113159,,,,,,,,True
state_07d2c36d737839a04064c3fb,2c_f481f8e2e3c46fec24b0,2,binary_vle_english.xlsx,10.1016/j.fluid.2012.11.008,unverified,0.5,full_state,0.0,isobaric,413.18999999999994,396.9188232421875,,,-0.00030517578125,True,False,48,CCC(C)(C)OC,mol_25226214deaceb17,0.956,0.857,0.8070853352546692,1.003952980041504,381.0149841308594,CCO,mol_f29e20f49d416e54,0.044,0.143,0.19291463494300842,4.242663860321045,468.2391662597656,,,,,,,,False
state_08c9cefc5f3c8836a8e251d5,2c_f21c5beff7e3dc67c753,2,binary_vle_english.xlsx,10.1016/j.fluid.2014.01.034,unverified,0.5,isobaric,0.9375,isobaric,530.02,488.04302978515625,,,7.62939453125e-06,True,False,48,O=[N+]([O-])c1ccc(Cl)c(Cl)c1,mol_d71344439e314718,0.112,0.118,0.1626880019903183,1.5551245212554932,94.61969757080078,O=[N+]([O-])c1cccc(Cl)c1Cl,mol_aa6ec9bb4303db75,0.888,0.882,0.8373119831085205,1.0069514513015747,94.85823059082031,,,,,,,,True
state_099fe03a1616a3ec0b41d9b6,2c_14f322a5589c2ae1768c,2,binary_vle_english.xlsx,10.1016/j.jct.2016.11.024,unverified,0.5,isobaric,0.9285714285714286,isobaric,386.71999999999997,394.7348937988281,,,2.765655517578125e-05,True,False,48,CCCCCCCC(=O)OC,mol_b57df1d978ebac66,0.6476,0.8825,0.6047107577323914,1.0048125982284546,5.575860500335693,CCCCCCCCCC(=O)OC,mol_95d9432584d71e0d,0.35240000000000005,0.11750000000000005,0.39528924226760864,1.0053651332855225,6.69439697265625,,,,,,,,False
state_0a5908b26e7de0b47b44347e,2c_8affb2d94018c3a50639,2,binary_vle_english.xlsx,10.1016/j.jct.2017.09.020,unverified,0.5,isobaric,0.9285714285714286,isobaric,428.75,396.15716552734375,,,3.6716461181640625e-05,True,False,48,CCCCCCCCCC(=O)OC,mol_95d9432584d71e0d,0.295,0.6019,0.332960307598114,0.9616479873657227,7.042245864868164,CCCCCCCCCCCC(=O)OC,mol_5c1fd649aae595b4,0.7050000000000001,0.3981,0.667039692401886,0.9897252917289734,5.735941410064697,,,,,,,,False
state_0b91ddda9454989ae915c2d1,2c_8affb2d94018c3a50639,2,binary_vle_english.xlsx,10.1016/j.jct.2017.09.020,unverified,0.5,isobaric,0.9285714285714286,isobaric,404.15,380.8348388671875,,,4.76837158203125e-06,True,False,48,CCCCCCCCCC(=O)OC,mol_95d9432584d71e0d,1.0,1.0,1.0,1.0,3.9999425411224365,CCCCCCCCCCCC(=O)OC,mol_5c1fd649aae595b4,0.0,0.0,0.0,0.7954460382461548,3.265078544616699,,,,,,,,False
state_0babca8f4451a09ac389afaf,2c_f17e33a6fb9a3b89984d,2,binary_vle_english.xlsx,10.1016/j.fluid.2015.07.030,unverified,0.5,isobaric,0.9375,isobaric,366.72999999999996,368.2735595703125,,,6.103515625e-05,True,False,48,O,mol_e81dc06beaa39499,1.0,1.0,1.0,1.0,79.9900131225586,OCCOCCOCCO,mol_f34461328d644291,0.0,0.0,0.0,6.229069232940674,5.889721393585205,,,,,,,,False
state_0bbcfa0a60cafb9f614809ea,2c_f17e33a6fb9a3b89984d,2,binary_vle_english.xlsx,10.1016/j.fluid.2015.07.030,unverified,0.5,isobaric,0.9375,isobaric,363.25,364.0300598144531,,,7.62939453125e-06,True,False,48,O,mol_e81dc06beaa39499,0.9541,0.99999,0.985702395439148,1.0080063343048096,68.3209457397461,OCCOCCOCCO,mol_f34461328d644291,0.04590000000000005,9.99999999995449e-06,0.014297670684754848,4.235924243927002,4.90195894241333,,,,,,,,False
state_0cd4dc2b16cb829245509e7d,2c_1694e8275721c8f0a44b,2,binary_vle_english.xlsx,10.1016/j.fluid.2013.02.005,unverified,0.5,isobaric,0.95,isobaric,334.16999999999996,337.2049560546875,,,3.814697265625e-05,True,False,48,CC(C)OC(C)C,mol_1a0ca8e5eeb68da8,0.87,0.939,0.9848477244377136,1.0177202224731445,83.42240142822266,Cc1ccc(C)o1,mol_8abd2666cf37a39e,0.13,0.061000000000000054,0.015152244828641415,1.6617523431777954,5.260519027709961,,,,,,,,False
state_0eb571bf714f4d12c25e168b,2c_f21c5beff7e3dc67c753,2,binary_vle_english.xlsx,10.1016/j.fluid.2014.01.034,unverified,0.5,isobaric,0.9375,isobaric,528.9399999999999,485.45635986328125,,,-5.340576171875e-05,True,False,48,O=[N+]([O-])c1ccc(Cl)c(Cl)c1,mol_d71344439e314718,0.66,0.668,0.618340253829956,1.0681840181350708,88.84774780273438,O=[N+]([O-])c1cccc(Cl)c1Cl,mol_aa6ec9bb4303db75,0.33999999999999997,0.33199999999999996,0.38165971636772156,1.2766975164413452,89.06729888916016,,,,,,,,True
state_0ef1d306767cb50156cbe1fe,2c_8affb2d94018c3a50639,2,binary_vle_english.xlsx,10.1016/j.jct.2017.09.020,unverified,0.5,isobaric,0.9285714285714286,isobaric,408.15,383.01806640625,,,4.5299530029296875e-06,True,False,48,CCCCCCCCCC(=O)OC,mol_95d9432584d71e0d,0.758,0.9108,0.8145377039909363,0.9886404871940613,4.347677230834961,CCCCCCCCCCCC(=O)OC,mol_5c1fd649aae595b4,0.242,0.08919999999999995,0.1854623258113861,0.8640453219413757,3.5477869510650635,,,,,,,,False
state_0f269c8d230e36f71a3ecac5,2c_f17e33a6fb9a3b89984d,2,binary_vle_english.xlsx,10.1016/j.fluid.2015.07.030,unverified,0.5,isobaric,0.9375,isobaric,543.87,435.3512878417969,,,0.00026702880859375,True,False,48,O,mol_e81dc06beaa39499,0.0,0.0,0.0,2.039123058319092,642.9778442382812,OCCOCCOCCO,mol_f34461328d644291,1.0,1.0,1.0,1.0,66.66024780273438,,,,,,,,False
state_0fae77ea04c85eeb5a0c60f1,2c_f21c5beff7e3dc67c753,2,binary_vle_english.xlsx,10.1016/j.fluid.2014.01.034,unverified,0.5,isobaric,0.9375,isobaric,470.95,431.257080078125,,,9.5367431640625e-06,True,False,48,O=[N+]([O-])c1ccc(Cl)c(Cl)c1,mol_d71344439e314718,0.0,0.0,0.0,1.363553524017334,19.97434425354004,O=[N+]([O-])c1cccc(Cl)c1Cl,mol_aa6ec9bb4303db75,1.0,1.0,1.0,1.0,19.999963760375977,,,,,,,,True
state_11e34e5d373529382995e19f,2c_1694e8275721c8f0a44b,2,binary_vle_english.xlsx,10.1016/j.fluid.2013.02.005,unverified,0.5,isobaric,0.9545454545454546,isobaric,341.09,344.54058837890625,,,0.0,True,False,48,CC(C)OC(C)C,mol_1a0ca8e5eeb68da8,0.87,0.937,0.9831792116165161,1.018184781074524,104.33131408691406,Cc1ccc(C)o1,mol_8abd2666cf37a39e,0.13,0.06299999999999994,0.016820814460515976,1.6683636903762817,7.290222644805908,,,,,,,,False
state_1330e6afcb8a5900eed3d3b6,2c_851f25357ae6f5ac55a7,2,binary_vle_english.xlsx,10.1016/j.fluid.2006.03.014,unverified,0.5,isobaric,0.9,isobaric,385.84999999999997,375.8493347167969,,,0.000885009765625,True,False,48,CC(C)(N)CO,mol_5dd0884957432481,0.641,0.114,0.1762596219778061,1.1243114471435547,19.566030502319336,O,mol_e81dc06beaa39499,0.359,0.886,0.8237403035163879,1.7471952438354492,105.06279754638672,,,,,,,,False
state_134d6d1e2cdc99ced15e3d58,2c_851f25357ae6f5ac55a7,2,binary_vle_english.xlsx,10.1016/j.fluid.2006.03.014,unverified,0.5,isobaric,0.9,isobaric,368.54999999999995,367.6819152832031,,,-7.62939453125e-06,True,False,48,CC(C)(N)CO,mol_5dd0884957432481,0.121,0.014,0.08014979958534241,3.790440559387207,13.980319023132324,O,mol_e81dc06beaa39499,0.879,0.986,0.91985023021698,1.0696343183517456,78.26770782470703,,,,,,,,False
state_13882c7b4ec298715c756419,2c_1694e8275721c8f0a44b,2,binary_vle_english.xlsx,10.1016/j.fluid.2013.02.005,unverified,0.5,isobaric,0.9545454545454546,isobaric,349.46999999999997,358.603515625,,,0.0,True,False,48,CC(C)OC(C)C,mol_1a0ca8e5eeb68da8,0.441,0.654,0.915518581867218,1.2498114109039307,156.13919067382812,Cc1ccc(C)o1,mol_8abd2666cf37a39e,0.5589999999999999,0.346,0.08448142558336258,1.0821192264556885,13.128108978271484,,,,,,,,False
state_144da0e1efae126ba8e23b17,2c_f17e33a6fb9a3b89984d,2,binary_vle_english.xlsx,10.1016/j.fluid.2015.07.030,unverified,0.5,isobaric,0.9375,isobaric,378.5,375.25653076171875,,,0.00049591064453125,True,False,48,O,mol_e81dc06beaa39499,0.8009,0.99835,0.968510627746582,1.1282333135604858,102.8857650756836,OCCOCCOCCO,mol_f34461328d644291,0.19910000000000005,0.0016500000000000403,0.03148936107754707,1.9229044914245605,7.89519739151001,,,,,,,,False
state_14ec92bc3d0433eaf0cce338,2c_f21c5beff7e3dc67c753,2,binary_vle_english.xlsx,10.1016/j.fluid.2014.01.034,unverified,0.5,isobaric,0.9375,isobaric,469.56999999999994,428.8726806640625,,,1.9073486328125e-06,True,False,48,O=[N+]([O-])c1ccc(Cl)c(Cl)c1,mol_d71344439e314718,0.603,0.617,0.5880703926086426,1.0518301725387573,18.543659210205078,O=[N+]([O-])c1cccc(Cl)c1Cl,mol_aa6ec9bb4303db75,0.397,0.383,0.4119296073913574,1.117726445198059,18.566326141357422,,,,,,,,True
state_154abdb58000987efe1633af,2c_500d21d465db933527d2,2,binary_vle_english.xlsx,10.1016/j.fluid.2014.09.006,unverified,0.5,isobaric,0.9285714285714286,isobaric,450.96999999999997,358.79583740234375,,,1.3113021850585938e-06,True,False,48,CCCCCCCCCCCCCC(=O)OC,mol_de3754c1966b59a2,0.0,0.0,0.0,0.44418737292289734,1.2240647077560425,CCCCCCCCCCCCCCCC(=O)OC,mol_e51b7f78035080f4,1.0,1.0,1.0,1.0,1.0000524520874023,,,,,,,,True
state_1583bd6baae97365b93243fb,2c_1694e8275721c8f0a44b,2,binary_vle_english.xlsx,10.1016/j.fluid.2013.02.005,unverified,0.5,isobaric,0.9473684210526315,isobaric,329.69,335.4267883300781,,,9.918212890625e-05,True,False,48,CC(C)OC(C)C,mol_1a0ca8e5eeb68da8,0.499,0.714,0.9455003142356873,1.200698733329773,78.90383911132812,Cc1ccc(C)o1,mol_8abd2666cf37a39e,0.501,0.28600000000000003,0.054499708116054535,1.1214599609375,4.850022315979004,,,,,,,,False
state_15f1d20d3a240f0a126cefa8,2c_f21c5beff7e3dc67c753,2,binary_vle_english.xlsx,10.1016/j.fluid.2014.01.034,unverified,0.5,isobaric,0.9375,isobaric,469.71999999999997,428.7929382324219,,,0.0,True,False,48,O=[N+]([O-])c1ccc(Cl)c(Cl)c1,mol_d71344439e314718,0.518,0.534,0.515903651714325,1.0768579244613647,18.497346878051758,O=[N+]([O-])c1cccc(Cl)c1Cl,mol_aa6ec9bb4303db75,0.482,0.46599999999999997,0.4840962886810303,1.0846112966537476,18.519941329956055,,,,,,,,True
state_19018cefd3c0c2cfd313a4fd,2c_8affb2d94018c3a50639,2,binary_vle_english.xlsx,10.1016/j.jct.2017.09.020,unverified,0.5,isobaric,0.9285714285714286,isobaric,406.87,382.3894958496094,,,4.5299530029296875e-06,True,False,48,CCCCCCCCCC(=O)OC,mol_95d9432584d71e0d,0.8291,0.9398,0.8750856518745422,0.9945369958877563,4.244987487792969,CCCCCCCCCCCC(=O)OC,mol_5c1fd649aae595b4,0.17090000000000005,0.06020000000000003,0.12491434812545776,0.8439314365386963,3.464310646057129,,,,,,,,False
state_1c39e3f2980a11c52f23dcf4,2c_1694e8275721c8f0a44b,2,binary_vle_english.xlsx,10.1016/j.fluid.2013.02.005,unverified,0.5,isobaric,0.9545454545454546,isobaric,362.32,402.9678955078125,,,0.0,True,False,48,CC(C)OC(C)C,mol_1a0ca8e5eeb68da8,0.046,0.103,0.3485475480556488,1.5375555753707886,463.2348327636719,Cc1ccc(C)o1,mol_8abd2666cf37a39e,0.954,0.897,0.6514524817466736,1.0004730224609375,64.15888977050781,,,,,,,,False
state_1c7b0e5b37a2589d658267fa,2c_3718df32cb8e1a8658b3,2,binary_vle_english.xlsx,10.1016/j.fluid.2010.03.022,passed,1.0,isothermal,0.9333333333333333,isothermal,,,46.400050412672,46.64677429199219,-3.814697265625e-06,True,False,48,C1CCSC1,mol_e61c7ae663276e1e,1.0,1.0,1.0,1.0,46.64677047729492,C=C(C)CC(C)(C)C,mol_c01ea75a8687ed16,0.0,0.0,0.0,1.142007827758789,104.490478515625,,,,,,,,False
state_1ca0d8dab074515396c54080,2c_a894ec22c70022e7cf39,2,binary_vle_english.xlsx,10.1016/j.jct.2009.04.006,unverified,0.5,isothermal,0.9333333333333333,isothermal,,,12.019944731775999,8.898727416992188,0.0,True,False,48,CC(Cl)(Cl)Cl,mol_d8a2276bed4f13b6,0.725,0.985,0.9884433746337891,0.9165113568305969,13.237435340881348,O=C1CCCCC1,mol_09f0d60d139abab5,0.275,0.015000000000000013,0.011556698009371758,0.6606906056404114,0.5660187602043152,,,,,,,,False
state_1ccd6df9ee7102ef5e11e3c9,2c_679d20c0c097df83b478,2,binary_vle_english.xlsx,10.1016/j.fluid.2010.10.022,unverified,0.5,isothermal,0.9,isothermal,,,3.8522165009919997,18.820026397705078,0.0,True,False,48,C#CCCCC,mol_532ee0519201d73c,0.7329,0.9335,0.9765529036521912,1.0171535015106201,24.653852462768555,CCCOC(C)=O,mol_67043ae833ecd0c7,0.2671,0.0665,0.023447081446647644,1.2603166103363037,1.3108574151992798,,,,,,,,False
state_1d05f356448285b5826e67cd,2c_fcb25ad973d4e5c4a4fe,2,binary_vle_english.xlsx,10.1016/j.fluid.2010.10.022,unverified,0.5,isothermal,0.875,isothermal,,,1.6902609815040002,16.92324447631836,0.0,True,False,48,CC#CCCC,mol_a64b37cfa024f8e7,0.3709,0.6185,0.9469974637031555,1.1835380792617798,36.50844955444336,CCCOC(C)=O,mol_67043ae833ecd0c7,0.6291,0.3815,0.05300257354974747,1.0876907110214233,1.3108574151992798,,,,,,,,False
state_1e1c6a9bba3c8d830d4bcf37,2c_679d20c0c097df83b478,2,binary_vle_english.xlsx,10.1016/j.fluid.2010.10.022,unverified,0.5,isothermal,0.9,isothermal,,,3.4063865024,16.545822143554688,0.0,True,False,48,C#CCCCC,mol_532ee0519201d73c,0.6242,0.8933,0.9642701148986816,1.036760687828064,24.653852462768555,CCCOC(C)=O,mol_67043ae833ecd0c7,0.3758,0.1067,0.03572988137602806,1.2000731229782104,1.3108574151992798,,,,,,,,False
state_1e3a105ac5c185093e52340d,2c_3718df32cb8e1a8658b3,2,binary_vle_english.xlsx,10.1016/j.fluid.2010.03.022,passed,1.0,isothermal,0.9333333333333333,isothermal,,,81.93006151756799,96.12474060058594,-7.62939453125e-06,True,False,48,C1CCSC1,mol_e61c7ae663276e1e,0.183,0.149,0.10318433493375778,1.1619200706481934,46.64677047729492,C=C(C)CC(C)(C)C,mol_c01ea75a8687ed16,0.817,0.851,0.8968157172203064,1.0098098516464233,104.490478515625,,,,,,,,False
state_1f583b33cf3f8b613e8ecbfd,2c_679d20c0c097df83b478,2,binary_vle_english.xlsx,10.1016/j.fluid.2010.10.022,unverified,0.5,isothermal,0.9,isothermal,,,14.707856993023999,34.827354431152344,0.0,True,False,48,C#CCCCC,mol_532ee0519201d73c,0.22340000000000004,0.48850000000000005,0.766669750213623,1.3050053119659424,91.58689880371094,CCCOC(C)=O,mol_67043ae833ecd0c7,0.7766,0.5115,0.23333021998405457,1.0247746706008911,10.210939407348633,,,,,,,,False
state_200c13a5d0b2a6f7d3686e21,2c_e87fea44a6b8ad1299a3,2,binary_vle_english.xlsx,10.1016/j.fluid.2010.03.001,unverified,0.5,isothermal,0.9473684210526315,isothermal,,,5.860051363072,8.459428787231445,0.0,True,False,48,C=C(C)[C@H]1CC=C(C)CC1,mol_768bd4f5442f0a79,0.17100000000000004,0.18300000000000005,0.5122596025466919,2.2553300857543945,11.236340522766113,CCCCCO,mol_243de2450bee5519,0.829,0.817,0.4877404570579529,1.02437424659729,4.85866117477417,,,,,,,,False
state_20307e59a27a10cc7ffc1aec,2c_9478a219a5c540597926,2,binary_vle_english.xlsx,10.1016/j.fluid.2009.01.016,unverified,0.5,isothermal,0.9375,isothermal,,,37.190007908864,36.441749572753906,0.0,True,False,48,CC(=O)C(C)(C)C,mol_61a887e37d396488,0.9306,0.6898,0.6809741258621216,1.0015029907226562,26.626529693603516,COC(C)(C)C,mol_b614d6fea320c179,0.0694,0.3102,0.31902581453323364,1.4050132036209106,119.22989654541016,,,,,,,,True
state_2032599f54c42720a995c142,2c_679d20c0c097df83b478,2,binary_vle_english.xlsx,10.1016/j.fluid.2010.10.022,unverified,0.5,isothermal,0.9,isothermal,,,34.640084298496,34.77782440185547,-3.814697265625e-06,True,False,48,C#CCCCC,mol_532ee0519201d73c,0.0,0.0,0.0,1.5803061723709106,200.49147033691406,CCCOC(C)=O,mol_67043ae833ecd0c7,1.0,1.0,1.0,1.0,34.7778205871582,,,,,,,,False
state_21119bb2cb31e0d54770c52b,2c_26b0c25a9dccaa9e1115,2,binary_vle_english.xlsx,10.1016/j.fluid.2016.01.027,unverified,0.5,isothermal,0.9090909090909091,isothermal,,,327.799972846336,162.06976318359375,1.52587890625e-05,True,False,48,C=C(Cl)C(F)(F)F,mol_41055367d2729aad,0.0,0.0,0.0,1.1262471675872803,532.781005859375,CC(F)(Cl)C(F)(F)F,mol_c4c59740db0baaf4,1.0,1.0,1.0,1.0,162.0697784423828,,,,,,,,True
state_2124c4b2d6d38a6956ff2b0c,2c_9478a219a5c540597926,2,binary_vle_english.xlsx,10.1016/j.fluid.2009.01.016,unverified,0.5,isothermal,0.9411764705882353,isothermal,,,60.840062768384,52.550819396972656,0.0,True,False,48,CC(=O)C(C)(C)C,mol_61a887e37d396488,0.2669,0.062100000000000044,0.07827615737915039,1.2733203172683716,12.103827476501465,COC(C)(C)C,mol_b614d6fea320c179,0.7331,0.9379,0.9217238426208496,1.0359710454940796,63.777793884277344,,,,,,,,True
state_213b9f62c7367e6c5cc400c6,2c_01fbe79446fb7e5c19eb,2,binary_vle_english.xlsx,10.1016/j.jct.2006.01.010,unverified,0.5,isothermal,0.9473684210526315,isothermal,,,7.169943628672001,5.872699737548828,-4.76837158203125e-07,True,False,48,ClC(Cl)C(Cl)Cl,mol_a1518926d4831a12,0.9352,0.9503,0.9422926306724548,0.9970741868019104,5.934601783752441,O=C1CCCC1,mol_e42ea752b52da6b7,0.0648,0.0497,0.057707421481609344,0.4087599515914917,12.794581413269043,,,,,,,,False
state_2189b0e742f66f4998b6fde2,2c_e87fea44a6b8ad1299a3,2,binary_vle_english.xlsx,10.1016/j.fluid.2010.03.001,unverified,0.5,isothermal,0.9444444444444444,isothermal,,,2.530058577536,5.543586730957031,-4.76837158203125e-07,True,False,48,C=C(C)[C@H]1CC=C(C)CC1,mol_768bd4f5442f0a79,0.272,0.261,0.6981402635574341,1.9420801401138306,7.326514720916748,CCCCCO,mol_243de2450bee5519,0.728,0.739,0.3018597662448883,1.0592801570892334,2.1699705123901367,,,,,,,,False
state_21a3af718824828f560a47ed,2c_ecb2aa3282976dc883b8,2,binary_vle_english.xlsx,10.1016/j.fluid.2017.04.014,unverified,0.5,isothermal,0.9523809523809523,isothermal,,,21.089998749183998,18.930461883544922,0.0,True,False,48,CC(C)CC(C)(C)C,mol_57615b5c3546c298,0.926,0.72,0.7503173351287842,1.0012528896331787,15.319740295410156,COC(C)(C)C,mol_b614d6fea320c179,0.074,0.28,0.24968266487121582,1.0671814680099487,59.85212707519531,,,,,,,,False
state_21d0f6aeb58f5fbbd4b8dc53,3c_a6f39dd395c2cfcf800d,3,ternary_vle_english.xlsx,10.1016/j.fluid.2009.01.016,unverified,0.5,isothermal,0.95,isothermal,,,82.050051648768,83.54945373535156,-7.62939453125e-06,True,False,48,CC(=O)C(C)(C)C,mol_61a887e37d396488,0.1965,0.0744,0.0804823786020279,1.2851897478103638,26.626529693603516,CC(C)(C)CO,mol_dfb42f12fdc989ed,0.3397,0.0676,0.15302278101444244,1.1789065599441528,31.924543380737305,COC(C)(C)C,mol_b614d6fea320c179,0.4638,0.858,0.766494870185852,1.1580755710601807,119.22989654541016,True
state_21da7f7683bb0ed126fb7121,2c_f1d29e917192fdde6ee4,2,binary_vle_english.xlsx,10.1016/j.fluid.2012.11.008,unverified,0.5,isothermal,0.9285714285714286,isothermal,,,314.100032955392,281.0975341796875,0.0,True,False,48,CCOC(C)=O,mol_18876b584acc43d4,0.4,0.29700000000000004,0.3160826861858368,1.1359407901763916,195.5428924560547,COC(C)(C)C,mol_b614d6fea320c179,0.6,0.703,0.6839173436164856,1.1038037538528442,290.2802734375,,,,,,,,False
state_226397453891713880007f8b,2c_e87fea44a6b8ad1299a3,2,binary_vle_english.xlsx,10.1016/j.fluid.2010.03.001,unverified,0.5,isothermal,0.9444444444444444,isothermal,,,1.0800445031680002,7.326515197753906,-4.76837158203125e-07,True,False,48,C=C(C)[C@H]1CC=C(C)CC1,mol_768bd4f5442f0a79,1.0,1.0,1.0,1.0,7.326514720916748,CCCCCO,mol_243de2450bee5519,0.0,0.0,0.0,5.148421287536621,2.1699705123901367,,,,,,,,False
state_234dfb93efe529eee8ab1e95,2c_01fbe79446fb7e5c19eb,2,binary_vle_english.xlsx,10.1016/j.jct.2006.01.010,unverified,0.5,isothermal,0.9473684210526315,isothermal,,,28.610046916223997,27.894306182861328,0.0,True,False,48,ClC(Cl)C(Cl)Cl,mol_a1518926d4831a12,0.0,0.0,0.0,0.46448686718940735,13.410204887390137,O=C1CCCC1,mol_e42ea752b52da6b7,1.0,1.0,1.0,1.0,27.894306182861328,,,,,,,,False
state_23ef0c0f80a10958ea8ddc25,2c_6b00d1757b554f4dca5e,2,binary_vle_english.xlsx,10.1016/j.fluid.2009.01.016,unverified,0.5,isothermal,0.9166666666666666,isothermal,,,53.629989106943995,50.07148742675781,0.0,True,False,48,CC(C)(C)CO,mol_dfb42f12fdc989ed,0.3468,0.03839999999999999,0.10628943890333176,1.1739383935928345,13.072425842285156,COC(C)(C)C,mol_b614d6fea320c179,0.6532,0.9616,0.8937105536460876,1.0741667747497559,63.777793884277344,,,,,,,,True
state_2453bd01a5f0d14efccf9adb,2c_ab02ff6614bbff27b5cc,2,binary_vle_english.xlsx,10.1016/j.fluid.2015.08.008,unverified,0.5,isothermal,0.8,isothermal,,,10.599928190207999,10.883785247802734,-9.5367431640625e-07,True,False,48,C1CN=C2CCCN2C1,mol_b2e98fe3254a8c98,0.08940000000000003,9.999999999998899e-05,0.009564721025526524,1.5022372007369995,0.775132954120636,O,mol_e81dc06beaa39499,0.9106,0.9999,0.9904353022575378,1.0098812580108643,11.722171783447266,,,,,,,,False
state_24bee0111adc3d4ab81aea59,2c_635bd51c750eee04b7c9,2,binary_vle_english.xlsx,10.1016/j.fluid.2006.10.023,unverified,0.5,isothermal,0.8571428571428571,isothermal,,,221.400057228416,72.93118286132812,0.0,True,False,48,C1CC1,mol_5b0fb88d8ed110b0,0.6749,0.6389,0.31198686361312866,1.120873212814331,30.078325271606445,FCC(F)(F)F,mol_28a5ef315edd1f58,0.32509999999999994,0.3611,0.6880130767822266,1.473816990852356,104.72477722167969,,,,,,,,False
state_24c47abf928fabc128a8528e,2c_679d20c0c097df83b478,2,binary_vle_english.xlsx,10.1016/j.fluid.2010.10.022,unverified,0.5,isothermal,0.9,isothermal,,,73.64340973452799,150.84518432617188,1.52587890625e-05,True,False,48,C#CCCCC,mol_532ee0519201d73c,0.6242,0.8203,0.8990606665611267,1.083679437637329,200.49147033691406,CCCOC(C)=O,mol_67043ae833ecd0c7,0.3758,0.1797,0.1009392961859703,1.16501784324646,34.7778205871582,,,,,,,,False
state_24f918df04ed772bad5fb71b,2c_ab02ff6614bbff27b5cc,2,binary_vle_english.xlsx,10.1016/j.fluid.2015.08.008,unverified,0.5,isothermal,0.8571428571428571,isothermal,,,2.0999606183679997,11.368766784667969,0.0,True,False,48,C1CN=C2CCCN2C1,mol_b2e98fe3254a8c98,0.8481,0.17520000000000002,0.21499833464622498,1.018226981163025,2.830458402633667,O,mol_e81dc06beaa39499,0.1519,0.8248,0.7850016951560974,1.4913983345031738,39.39422607421875,,,,,,,,False
state_259cc9ca7b949dab4738833e,2c_200d73d6cf44caf265a9,2,binary_vle_english.xlsx,10.1016/j.fluid.2010.10.022,unverified,0.5,isothermal,0.8888888888888888,isothermal,,,5.2310364308479995,81.88230895996094,0.0,True,False,48,CCC#CCC,mol_7f5d60b87bc7cd44,1.0,1.0,1.0,1.0,81.88230895996094,CCCOC(C)=O,mol_67043ae833ecd0c7,0.0,0.0,0.0,1.937021017074585,2.3123152256011963,,,,,,,,False
state_25c9045b0e0b341e122e9401,2c_200d73d6cf44caf265a9,2,binary_vle_english.xlsx,10.1016/j.fluid.2010.10.022,unverified,0.5,isothermal,0.8888888888888888,isothermal,,,1.860380323072,27.925643920898438,-1.9073486328125e-06,True,False,48,CCC#CCC,mol_7f5d60b87bc7cd44,0.3591,0.6395,0.9671881198883057,1.2349413633346558,60.9049186706543,CCCOC(C)=O,mol_67043ae833ecd0c7,0.6409,0.3605,0.032811880111694336,1.0906578302383423,1.3108574151992798,,,,,,,,False
state_264c1b0f1500112044e3ecc5,2c_e87fea44a6b8ad1299a3,2,binary_vle_english.xlsx,10.1016/j.fluid.2010.03.001,unverified,0.5,isothermal,0.9473684210526315,isothermal,,,4.670015906304,11.972684860229492,-9.5367431640625e-07,True,False,48,C=C(C)[C@H]1CC=C(C)CC1,mol_768bd4f5442f0a79,0.899,0.44199999999999995,0.8638061881065369,1.023819088935852,11.236340522766113,CCCCCO,mol_243de2450bee5519,0.101,0.558,0.13619384169578552,3.32285213470459,4.85866117477417,,,,,,,,False
state_264f5c5c28186b9a0dc38eba,2c_9478a219a5c540597926,2,binary_vle_english.xlsx,10.1016/j.fluid.2009.01.016,unverified,0.5,isothermal,0.9411764705882353,isothermal,,,66.16002521868799,56.197410583496094,3.814697265625e-06,True,False,48,CC(=O)C(C)(C)C,mol_61a887e37d396488,0.17920000000000003,0.03969999999999996,0.05292388051748276,1.3712204694747925,12.103827476501465,COC(C)(C)C,mol_b614d6fea320c179,0.8208,0.9603,0.9470760822296143,1.0167036056518555,63.777793884277344,,,,,,,,True
state_26b31f3e36f15f943a6aa07a,2c_01fbe79446fb7e5c19eb,2,binary_vle_english.xlsx,10.1016/j.jct.2006.01.010,unverified,0.5,isothermal,0.9473684210526315,isothermal,,,11.849958712576,11.82097053527832,-9.5367431640625e-07,True,False,48,ClC(Cl)C(Cl)Cl,mol_a1518926d4831a12,0.08509999999999995,0.014900000000000024,0.01859544776380062,0.43524983525276184,5.934601783752441,O=C1CCCC1,mol_e42ea752b52da6b7,0.9149,0.9851,0.9814045429229736,0.9910634160041809,12.794581413269043,,,,,,,,False
state_26fad241e59067462b955943,2c_679d20c0c097df83b478,2,binary_vle_english.xlsx,10.1016/j.fluid.2010.10.022,unverified,0.5,isothermal,0.9,isothermal,,,20.479515626112,55.08320617675781,-3.814697265625e-06,True,False,48,C#CCCCC,mol_532ee0519201d73c,0.47219999999999995,0.7519,0.8921766877174377,1.1363462209701538,91.58689880371094,CCCOC(C)=O,mol_67043ae833ecd0c7,0.5278,0.2481,0.10782333463430405,1.1020386219024658,10.210939407348633,,,,,,,,False
state_274a3616452e1be0bb5cbab3,2c_68327a02527de440bdc0,2,binary_vle_english.xlsx,10.1016/j.fluid.2015.10.041,unverified,0.5,isothermal,0.9,isothermal,,,28.300072410624,28.73172378540039,-1.9073486328125e-06,True,False,48,CCCCCO,mol_243de2450bee5519,0.944,0.8029999999999999,0.6495292782783508,1.003077745437622,19.70850944519043,CCCCCS,mol_22ade86f58436479,0.056,0.197,0.35047075152397156,2.947849750518799,60.99862289428711,,,,,,,,False
state_27a3cc8fdcb11b131abb74e5,2c_635bd51c750eee04b7c9,2,binary_vle_english.xlsx,10.1016/j.fluid.2006.10.023,unverified,0.5,isothermal,0.9230769230769231,isothermal,,,178.49998562047998,100.86631774902344,0.0,True,False,48,C1CC1,mol_5b0fb88d8ed110b0,0.1153,0.3087,0.0710015594959259,2.0650525093078613,30.078325271606445,FCC(F)(F)F,mol_28a5ef315edd1f58,0.8847,0.6913,0.9289984107017517,1.011383056640625,104.72477722167969,,,,,,,,False
state_27d419b0bb8746ede4c4c150,2c_01fbe79446fb7e5c19eb,2,binary_vle_english.xlsx,10.1016/j.jct.2006.01.010,unverified,0.5,isothermal,0.9473684210526315,isothermal,,,10.670055755776,8.998964309692383,0.0,True,False,48,ClC(Cl)C(Cl)Cl,mol_a1518926d4831a12,0.9377,0.9503,0.9383206963539124,0.9978234767913818,9.024563789367676,O=C1CCCC1,mol_e42ea752b52da6b7,0.0623,0.0497,0.061679329723119736,0.46642380952835083,19.101322174072266,,,,,,,,False
state_2836e7ad2fbd84d17b8878d0,2c_200d73d6cf44caf265a9,2,binary_vle_english.xlsx,10.1016/j.fluid.2010.10.022,unverified,0.5,isothermal,0.8888888888888888,isothermal,,,57.46914001587199,239.06805419921875,1.52587890625e-05,True,False,48,CCC#CCC,mol_7f5d60b87bc7cd44,0.5698,0.7183999999999999,0.9249616265296936,1.1530040502548218,336.5828552246094,CCCOC(C)=O,mol_67043ae833ecd0c7,0.4302,0.2816,0.07503839582204819,1.1990363597869873,34.7778205871582,,,,,,,,False
state_284e2d5e44c228277e02a22b,2c_679d20c0c097df83b478,2,binary_vle_english.xlsx,10.1016/j.fluid.2010.10.022,unverified,0.5,isothermal,0.9,isothermal,,,88.277272813312,180.7215576171875,0.0,True,False,48,C#CCCCC,mol_532ee0519201d73c,0.849,0.9384,0.9593552350997925,1.018558144569397,200.49147033691406,CCCOC(C)=O,mol_67043ae833ecd0c7,0.151,0.0616,0.040644776076078415,1.3987349271774292,34.7778205871582,,,,,,,,False
state_28fa2ffd89e2f317c68369fd,2c_61ebe4a2edff80d5fa4f,2,binary_vle_english.xlsx,10.1016/j.fluid.2009.01.016,unverified,0.5,isothermal,0.9090909090909091,isothermal,,,17.670013365248,19.53720474243164,-1.9073486328125e-06,True,False,48,CC(=O)C(C)(C)C,mol_61a887e37d396488,0.8683,0.9168,0.8156341314315796,1.010140061378479,18.16796875,CC(C)(C)CO,mol_dfb42f12fdc989ed,0.13170000000000004,0.08320000000000005,0.1843658834695816,1.3208141326904297,20.706920623779297,,,,,,,,True
state_292108b9ce5dbb356a0f944a,2c_679d20c0c097df83b478,2,binary_vle_english.xlsx,10.1016/j.fluid.2010.10.022,unverified,0.5,isothermal,0.9,isothermal,,,9.00325951104,28.390533447265625,0.0,True,False,48,C#CCCCC,mol_532ee0519201d73c,0.35950000000000004,0.6795,0.8787781596183777,1.1894054412841797,58.34773635864258,CCCOC(C)=O,mol_67043ae833ecd0c7,0.6405,0.3205,0.12122181802988052,1.065254807472229,5.044076919555664,,,,,,,,False
state_2951164be714adf22dda156b,2c_01fbe79446fb7e5c19eb,2,binary_vle_english.xlsx,10.1016/j.jct.2006.01.010,unverified,0.5,isothermal,0.9473684210526315,isothermal,,,6.639987215872,6.145150184631348,0.0,True,False,48,ClC(Cl)C(Cl)Cl,mol_a1518926d4831a12,0.6597999999999999,0.6108,0.5762585401535034,0.9043696522712708,5.934601783752441,O=C1CCCC1,mol_e42ea752b52da6b7,0.3402,0.3892,0.4237414300441742,0.5982366800308228,12.794581413269043,,,,,,,,False
state_29a7e4f8b4afd09bd8261c11,2c_200d73d6cf44caf265a9,2,binary_vle_english.xlsx,10.1016/j.fluid.2010.10.022,unverified,0.5,isothermal,0.8888888888888888,isothermal,,,97.603839066752,277.0548095703125,0.0,True,False,48,CCC#CCC,mol_7f5d60b87bc7cd44,0.3591,0.5266,0.8256393671035767,1.3106731176376343,486.0111999511719,CCCOC(C)=O,mol_67043ae833ecd0c7,0.6409,0.4734,0.17436066269874573,1.0713976621627808,70.35147857666016,,,,,,,,False
state_29b0b34b9fcf791955de0713,2c_200d73d6cf44caf265a9,2,binary_vle_english.xlsx,10.1016/j.fluid.2010.10.022,unverified,0.5,isothermal,0.8888888888888888,isothermal,,,5.874450178816,6.430489540100098,-4.76837158203125e-07,True,False,48,CCC#CCC,mol_7f5d60b87bc7cd44,0.0,0.0,0.0,1.8070876598358154,139.58056640625,CCCOC(C)=O,mol_67043ae833ecd0c7,1.0,1.0,1.0,1.0,6.4304890632629395,,,,,,,,False
state_2a3ef27b77024f5fac52ecbb,2c_e87fea44a6b8ad1299a3,2,binary_vle_english.xlsx,10.1016/j.fluid.2010.03.001,unverified,0.5,isothermal,0.9444444444444444,isothermal,,,4.450033999104,6.1333208084106445,0.0,True,False,48,C=C(C)[C@H]1CC=C(C)CC1,mol_768bd4f5442f0a79,0.121,0.15500000000000003,0.4576050639152527,2.3705813884735107,9.784671783447266,CCCCCO,mol_243de2450bee5519,0.879,0.845,0.5423949360847473,1.010979413986206,3.7435200214385986,,,,,,,,False
state_2a84d74f0e12df4b98a3a3f5,3c_a6f39dd395c2cfcf800d,3,ternary_vle_english.xlsx,10.1016/j.fluid.2009.01.016,unverified,0.5,isothermal,0.9333333333333333,isothermal,,,13.910055942912,16.154163360595703,-1.9073486328125e-06,True,False,48,CC(=O)C(C)(C)C,mol_61a887e37d396488,0.6782,0.6271,0.5307592153549194,1.0444831848144531,12.103827476501465,CC(C)(C)CO,mol_dfb42f12fdc989ed,0.2781,0.12770000000000004,0.24915964901447296,1.107146143913269,13.072425842285156,COC(C)(C)C,mol_b614d6fea320c179,0.0437,0.2452,0.2200811207294464,1.2756052017211914,63.777793884277344,True
state_2b0b4309cf0cf55c1fe6049f,2c_679d20c0c097df83b478,2,binary_vle_english.xlsx,10.1016/j.fluid.2010.10.022,unverified,0.5,isothermal,0.9,isothermal,,,120.94271951936,210.31793212890625,0.0,True,False,48,C#CCCCC,mol_532ee0519201d73c,0.47219999999999995,0.6854,0.8085421323776245,1.1448488235473633,314.5609436035156,CCCOC(C)=O,mol_67043ae833ecd0c7,0.5278,0.3146,0.19145789742469788,1.0844435691833496,70.35147857666016,,,,,,,,False
state_2b60062cf92022c187961692,2c_679d20c0c097df83b478,2,binary_vle_english.xlsx,10.1016/j.fluid.2010.10.022,unverified,0.5,isothermal,0.9,isothermal,,,7.430322213376,30.835002899169922,0.0,True,False,48,C#CCCCC,mol_532ee0519201d73c,0.849,0.9626,0.984579861164093,1.0090638399124146,35.43795394897461,CCCOC(C)=O,mol_67043ae833ecd0c7,0.151,0.0374,0.015420103445649147,1.361781120300293,2.3123152256011963,,,,,,,,False
state_2be0037efd60c82b5be9f6e0,2c_68327a02527de440bdc0,2,binary_vle_english.xlsx,10.1016/j.fluid.2015.10.041,unverified,0.5,isothermal,0.9090909090909091,isothermal,,,83.099965296768,119.06036376953125,0.0,True,False,48,CCCCCO,mol_243de2450bee5519,0.0,0.0,0.0,5.374117374420166,44.99382400512695,CCCCCS,mol_22ade86f58436479,1.0,1.0,1.0,1.0,119.06036376953125,,,,,,,,False
state_2be2ceaeecf2ba30dc76c11b,2c_e87fea44a6b8ad1299a3,2,binary_vle_english.xlsx,10.1016/j.fluid.2010.03.001,unverified,0.5,isothermal,0.8947368421052632,isothermal,,,2.520059399936,5.080047607421875,0.0,True,False,48,C=C(C)[C@H]1CC=C(C)CC1,mol_768bd4f5442f0a79,0.21999999999999997,0.237,0.6547600030899048,2.0636203289031982,7.326514720916748,CCCCCO,mol_243de2450bee5519,0.78,0.763,0.3452400267124176,1.0361926555633545,2.1699705123901367,,,,,,,,False
state_2bfd5cbfd682432b1f317d1b,2c_01fbe79446fb7e5c19eb,2,binary_vle_english.xlsx,10.1016/j.jct.2006.01.010,unverified,0.5,isothermal,0.9473684210526315,isothermal,,,6.749978169472,5.839410781860352,0.0,True,False,48,ClC(Cl)C(Cl)Cl,mol_a1518926d4831a12,0.842,0.8734,0.839622437953949,0.9811815619468689,5.934601783752441,O=C1CCCC1,mol_e42ea752b52da6b7,0.158,0.1266,0.16037757694721222,0.4632650315761566,12.794581413269043,,,,,,,,False
state_2dd0af0653b5811c46e0cfca,2c_f481f8e2e3c46fec24b0,2,binary_vle_english.xlsx,10.1016/j.fluid.2012.11.008,unverified,0.5,isothermal,0.8888888888888888,isothermal,,,322.999967631232,475.01300048828125,3.0517578125e-05,True,False,48,CCC(C)(C)OC,mol_25226214deaceb17,0.951,0.845,0.7905277609825134,1.0048917531967163,392.9369201660156,CCO,mol_f29e20f49d416e54,0.049,0.155,0.20947225391864777,4.163555145263672,487.7212219238281,,,,,,,,False
state_2e14ceeb3e83e04d453411bb,2c_ab02ff6614bbff27b5cc,2,binary_vle_english.xlsx,10.1016/j.fluid.2015.08.008,unverified,0.5,isothermal,0.8333333333333334,isothermal,,,40.7999776672,39.42628479003906,0.0,True,False,48,C1CN=C2CCCN2C1,mol_b2e98fe3254a8c98,0.0,0.0,0.0,3.6246681213378906,2.832918405532837,O,mol_e81dc06beaa39499,1.0,1.0,1.0,1.0,39.42628479003906,,,,,,,,False
state_2e2b8caa063584ebf793472d,2c_f1d29e917192fdde6ee4,2,binary_vle_english.xlsx,10.1016/j.fluid.2012.11.008,unverified,0.5,isothermal,0.9285714285714286,isothermal,,,293.499993908608,268.76959228515625,0.0,True,False,48,CCOC(C)=O,mol_18876b584acc43d4,0.5349999999999999,0.40800000000000003,0.4157436788082123,1.068095088005066,195.5428924560547,COC(C)(C)C,mol_b614d6fea320c179,0.465,0.592,0.5842564105987549,1.1633572578430176,290.2802734375,,,,,,,,False
state_2e487a9dd888e47f4e072944,2c_fcb25ad973d4e5c4a4fe,2,binary_vle_english.xlsx,10.1016/j.fluid.2010.10.022,unverified,0.5,isothermal,0.875,isothermal,,,108.200167553024,284.261962890625,0.0,True,False,48,CC#CCCC,mol_a64b37cfa024f8e7,0.6716,0.7681,0.8994513750076294,1.0854202508926392,350.7420654296875,CCCOC(C)=O,mol_67043ae833ecd0c7,0.3284,0.2319,0.1005486249923706,1.237139105796814,70.35147857666016,,,,,,,,False
state_2ef3389d30dfbf076b6bfd04,2c_a894ec22c70022e7cf39,2,binary_vle_english.xlsx,10.1016/j.jct.2009.04.006,unverified,0.5,isothermal,0.9333333333333333,isothermal,,,32.49999364736,25.49304962158203,0.0,True,False,48,CC(Cl)(Cl)Cl,mol_d8a2276bed4f13b6,0.855,0.991,0.9937376379966736,0.9847301244735718,30.089168548583984,O=C1CCCCC1,mol_09f0d60d139abab5,0.14500000000000002,0.009000000000000008,0.006262403912842274,0.6586534976959229,1.6716212034225464,,,,,,,,False
state_2f31293a32c636e77a3ad18f,2c_679d20c0c097df83b478,2,binary_vle_english.xlsx,10.1016/j.fluid.2010.10.022,unverified,0.5,isothermal,0.9,isothermal,,,2.333941374208,11.085113525390625,-9.5367431640625e-07,True,False,48,C#CCCCC,mol_532ee0519201d73c,0.35950000000000004,0.7273000000000001,0.9185161590576172,1.148796796798706,24.653852462768555,CCCOC(C)=O,mol_67043ae833ecd0c7,0.6405,0.2727,0.08148382604122162,1.0758132934570312,1.3108574151992798,,,,,,,,False
state_304fbdce7b3c7155f72eab50,2c_01fbe79446fb7e5c19eb,2,binary_vle_english.xlsx,10.1016/j.jct.2006.01.010,unverified,0.5,isothermal,0.9473684210526315,isothermal,,,10.169963553408001,9.158975601196289,-9.5367431640625e-07,True,False,48,ClC(Cl)C(Cl)Cl,mol_a1518926d4831a12,0.7831,0.8041,0.7482954859733582,0.9697874188423157,9.024563789367676,O=C1CCCC1,mol_e42ea752b52da6b7,0.2169,0.1959,0.25170451402664185,0.5564355850219727,19.101322174072266,,,,,,,,False
state_3054ab5216f119b86ca7b0a2,2c_01fbe79446fb7e5c19eb,2,binary_vle_english.xlsx,10.1016/j.jct.2006.01.010,unverified,0.5,isothermal,0.9473684210526315,isothermal,,,24.09001867392,24.435245513916016,-1.9073486328125e-06,True,False,48,ClC(Cl)C(Cl)Cl,mol_a1518926d4831a12,0.14800000000000002,0.041200000000000014,0.047662872821092606,0.5868130326271057,13.410204887390137,O=C1CCCC1,mol_e42ea752b52da6b7,0.852,0.9588,0.9523371458053589,0.9791567921638489,27.894306182861328,,,,,,,,False
state_31a577d9a0ccc6d5596076dd,2c_679d20c0c097df83b478,2,binary_vle_english.xlsx,10.1016/j.fluid.2010.10.022,unverified,0.5,isothermal,0.9,isothermal,,,23.332347656576,23.688674926757812,0.0,True,False,48,C#CCCCC,mol_532ee0519201d73c,0.0,0.0,0.0,1.5934045314788818,156.84974670410156,CCCOC(C)=O,mol_67043ae833ecd0c7,1.0,1.0,1.0,1.0,23.688674926757812,,,,,,,,False
state_31e96c0e432f71984de5d2e1,2c_6b00d1757b554f4dca5e,2,binary_vle_english.xlsx,10.1016/j.fluid.2009.01.016,unverified,0.5,isothermal,0.9166666666666666,isothermal,,,68.109998173056,58.960411071777344,0.0,True,False,48,CC(C)(C)CO,mol_dfb42f12fdc989ed,0.12370000000000003,0.012599999999999945,0.04030061513185501,1.4694210290908813,13.072425842285156,COC(C)(C)C,mol_b614d6fea320c179,0.8763,0.9874,0.9596993923187256,1.0124496221542358,63.777793884277344,,,,,,,,True
state_323433d7b7a91bf27b6b62a2,3c_a6f39dd395c2cfcf800d,3,ternary_vle_english.xlsx,10.1016/j.fluid.2009.01.016,unverified,0.5,isothermal,0.9333333333333333,isothermal,,,19.559991254015998,23.28695297241211,-1.9073486328125e-06,True,False,48,CC(=O)C(C)(C)C,mol_61a887e37d396488,0.2914,0.2485,0.18025147914886475,1.1900883913040161,12.103827476501465,CC(C)(C)CO,mol_dfb42f12fdc989ed,0.5554,0.19510000000000005,0.3144533932209015,1.0085718631744385,13.072425842285156,COC(C)(C)C,mol_b614d6fea320c179,0.1532,0.5564,0.5052950978279114,1.2042856216430664,63.777793884277344,True
state_326ed33b0b3e29f25d3db0d8,2c_9478a219a5c540597926,2,binary_vle_english.xlsx,10.1016/j.fluid.2009.01.016,unverified,0.5,isothermal,0.9444444444444444,isothermal,,,27.000046000256,26.599227905273438,0.0,True,False,48,CC(=O)C(C)(C)C,mol_61a887e37d396488,0.9176,0.6349,0.6281444430351257,1.0022331476211548,18.16796875,COC(C)(C)C,mol_b614d6fea320c179,0.0824,0.3651,0.37185561656951904,1.3635526895523071,88.0327377319336,,,,,,,,True
state_32bddb4fc0ba8877ca727c72,2c_9478a219a5c540597926,2,binary_vle_english.xlsx,10.1016/j.fluid.2009.01.016,unverified,0.5,isothermal,0.9444444444444444,isothermal,,,108.140039165056,88.03274536132812,-7.62939453125e-06,True,False,48,CC(=O)C(C)(C)C,mol_61a887e37d396488,0.0,0.0,0.0,1.7810741662979126,18.16796875,COC(C)(C)C,mol_b614d6fea320c179,1.0,1.0,1.0,1.0,88.0327377319336,,,,,,,,True
state_32eda4ae28e50ad2fae519d1,2c_9478a219a5c540597926,2,binary_vle_english.xlsx,10.1016/j.fluid.2009.01.016,unverified,0.5,isothermal,0.9375,isothermal,,,109.25994705625601,95.3709716796875,-7.62939453125e-06,True,False,48,CC(=O)C(C)(C)C,mol_61a887e37d396488,0.34950000000000003,0.09860000000000002,0.11960934102535248,1.2257996797561646,26.626529693603516,COC(C)(C)C,mol_b614d6fea320c179,0.6505,0.9014,0.8803906440734863,1.0825778245925903,119.22989654541016,,,,,,,,True
state_333f34beb72005c588bac76b,2c_679d20c0c097df83b478,2,binary_vle_english.xlsx,10.1016/j.fluid.2010.10.022,unverified,0.5,isothermal,0.9,isothermal,,,18.297428429055998,31.046855926513672,0.0,True,False,48,C#CCCCC,mol_532ee0519201d73c,0.09560000000000002,0.24539999999999995,0.5388575196266174,1.4479706287384033,120.85758972167969,CCCOC(C)=O,mol_67043ae833ecd0c7,0.9044,0.7546,0.4611424505710602,1.004694938659668,15.75643539428711,,,,,,,,False
state_337369b6c495bc84a766b0a0,2c_e87fea44a6b8ad1299a3,2,binary_vle_english.xlsx,10.1016/j.fluid.2010.03.001,unverified,0.5,isothermal,0.8947368421052632,isothermal,,,3.319993607936,4.84288215637207,0.0,True,False,48,C=C(C)[C@H]1CC=C(C)CC1,mol_768bd4f5442f0a79,0.11499999999999999,0.15500000000000003,0.47226682305336,2.343844175338745,8.485251426696777,CCCCCO,mol_243de2450bee5519,0.885,0.845,0.5277332663536072,1.0090923309326172,2.8618323802948,,,,,,,,False
state_349186bf2c3c71630f386761,2c_007e04d60827397d74ab,2,binary_vle_english.xlsx,10.1016/j.fluid.2013.09.056,unverified,0.5,isothermal,0.9090909090909091,isothermal,,,278.899994711296,12.372369766235352,0.0,True,False,48,FC(C(F)(F)F)C(F)(F)F,mol_6b18cff9be152ebc,1.0,1.0,1.0,1.0,12.372369766235352,FCC(F)(F)F,mol_28a5ef315edd1f58,0.0,0.0,0.0,0.4761439263820648,292.2142639160156,,,,,,,,False
state_34df98c592dab1744546de58,2c_e87fea44a6b8ad1299a3,2,binary_vle_english.xlsx,10.1016/j.fluid.2010.03.001,unverified,0.5,isothermal,0.9444444444444444,isothermal,,,2.4600643343360002,6.568195343017578,0.0,True,False,48,C=C(C)[C@H]1CC=C(C)CC1,mol_768bd4f5442f0a79,0.44199999999999995,0.31899999999999995,0.7796368598937988,1.5813162326812744,7.326514720916748,CCCCCO,mol_243de2450bee5519,0.558,0.681,0.22036318480968475,1.1953554153442383,2.1699705123901367,,,,,,,,False
state_34e357bfd67ed7c29f29d3ef,2c_9478a219a5c540597926,2,binary_vle_english.xlsx,10.1016/j.fluid.2009.01.016,unverified,0.5,isothermal,0.9411764705882353,isothermal,,,13.369967030144,13.401744842529297,-9.5367431640625e-07,True,False,48,CC(=O)C(C)(C)C,mol_61a887e37d396488,0.9824,0.8899,0.8873569965362549,1.0001119375228882,12.103827476501465,COC(C)(C)C,mol_b614d6fea320c179,0.0176,0.1101,0.11264300346374512,1.3448795080184937,63.777793884277344,,,,,,,,True
state_34e80736359e6a211a8eec2d,2c_3718df32cb8e1a8658b3,2,binary_vle_english.xlsx,10.1016/j.fluid.2010.03.022,passed,1.0,isothermal,0.9333333333333333,isothermal,,,84.35999499673599,104.490478515625,0.0,True,False,48,C1CCSC1,mol_e61c7ae663276e1e,0.0,0.0,0.0,1.3031119108200073,46.64677047729492,C=C(C)CC(C)(C)C,mol_c01ea75a8687ed16,1.0,1.0,1.0,1.0,104.490478515625,,,,,,,,False
state_34f1560dae283cac1c663a89,2c_6b00d1757b554f4dca5e,2,binary_vle_english.xlsx,10.1016/j.fluid.2009.01.016,unverified,0.5,isothermal,0.9166666666666666,isothermal,,,83.35994391436799,75.70845031738281,0.0,True,False,48,CC(C)(C)CO,mol_dfb42f12fdc989ed,0.25649999999999995,0.033299999999999996,0.0912080705165863,1.3000938892364502,20.706920623779297,COC(C)(C)C,mol_b614d6fea320c179,0.7435,0.9667,0.9087919592857361,1.0511958599090576,88.0327377319336,,,,,,,,True
state_351c191992ebc4e948bee3d1,2c_e87fea44a6b8ad1299a3,2,binary_vle_english.xlsx,10.1016/j.fluid.2010.03.001,unverified,0.5,isothermal,0.9444444444444444,isothermal,,,3.379988673536,7.252893447875977,0.0,True,False,48,C=C(C)[C@H]1CC=C(C)CC1,mol_768bd4f5442f0a79,0.33799999999999997,0.275,0.7118294835090637,1.800138235092163,8.485251426696777,CCCCCO,mol_243de2450bee5519,0.662,0.725,0.2881705164909363,1.1032111644744873,2.8618323802948,,,,,,,,False
state_354a98076fa05ba61dd84af4,2c_ab02ff6614bbff27b5cc,2,binary_vle_english.xlsx,10.1016/j.fluid.2015.08.008,unverified,0.5,isothermal,0.9444444444444444,isothermal,,,18.299961554048,17.821937561035156,0.0,True,False,48,C1CN=C2CCCN2C1,mol_b2e98fe3254a8c98,0.0,0.0,0.0,2.4573917388916016,1.2127889394760132,O,mol_e81dc06beaa39499,1.0,1.0,1.0,1.0,17.821937561035156,,,,,,,,False
state_359ac1637921de84bdcd090f,2c_a894ec22c70022e7cf39,2,binary_vle_english.xlsx,10.1016/j.jct.2009.04.006,unverified,0.5,isothermal,0.9333333333333333,isothermal,,,19.899963292416,13.29865837097168,9.5367431640625e-07,True,False,48,CC(Cl)(Cl)Cl,mol_d8a2276bed4f13b6,0.507,0.952,0.9468435049057007,0.825406551361084,30.089168548583984,O=C1CCCCC1,mol_09f0d60d139abab5,0.493,0.04800000000000004,0.053156498819589615,0.857787013053894,1.6716212034225464,,,,,,,,False
state_35cf7c6873b621a2f7b9ee71,2c_fcb25ad973d4e5c4a4fe,2,binary_vle_english.xlsx,10.1016/j.fluid.2010.10.022,unverified,0.5,isothermal,0.875,isothermal,,,25.897869984,114.83917236328125,7.62939453125e-06,True,False,48,CC#CCCC,mol_a64b37cfa024f8e7,0.6716,0.7904,0.9436172246932983,1.0762804746627808,149.9166259765625,CCCOC(C)=O,mol_67043ae833ecd0c7,0.3284,0.2096,0.05638277903199196,1.251340389251709,15.75643539428711,,,,,,,,False
state_35e2b827a81ab487a42e2c50,2c_61ebe4a2edff80d5fa4f,2,binary_vle_english.xlsx,10.1016/j.fluid.2009.01.016,unverified,0.5,isothermal,0.9,isothermal,,,5.1099797207040005,13.072425842285156,0.0,True,False,48,CC(=O)C(C)(C)C,mol_61a887e37d396488,0.0,0.0,0.0,0.8373512029647827,12.103827476501465,CC(C)(C)CO,mol_dfb42f12fdc989ed,1.0,1.0,1.0,1.0,13.072425842285156,,,,,,,,True
state_36eb22cb85966fb7e592702c,2c_a894ec22c70022e7cf39,2,binary_vle_english.xlsx,10.1016/j.jct.2009.04.006,unverified,0.5,isothermal,0.9333333333333333,isothermal,,,3.2100026543360003,1.2741913795471191,-1.1920928955078125e-07,True,False,48,CC(Cl)(Cl)Cl,mol_d8a2276bed4f13b6,0.165,0.831,0.6373037695884705,0.3717862069606781,13.237435340881348,O=C1CCCCC1,mol_09f0d60d139abab5,0.835,0.16900000000000004,0.36269626021385193,0.9778233766555786,0.5660187602043152,,,,,,,,False
state_371d5e84e957af318ec659c9,2c_ab02ff6614bbff27b5cc,2,binary_vle_english.xlsx,10.1016/j.fluid.2015.08.008,unverified,0.5,isothermal,0.8,isothermal,,,43.899989367935994,41.923622131347656,0.0,True,False,48,C1CN=C2CCCN2C1,mol_b2e98fe3254a8c98,0.035599999999999965,0.0,0.008125290274620056,3.0807383060455322,3.1059389114379883,O,mol_e81dc06beaa39499,0.9644,1.0,0.9918746948242188,1.0034030675888062,42.97174835205078,,,,,,,,False
state_37e396830b8ed64637b2761c,2c_635bd51c750eee04b7c9,2,binary_vle_english.xlsx,10.1016/j.fluid.2006.10.023,unverified,0.5,isothermal,0.9230769230769231,isothermal,,,426.100021318784,198.3016357421875,0.0,True,False,48,C1CC1,mol_5b0fb88d8ed110b0,0.3077,0.4609,0.1813381314277649,1.6917130947113037,69.08141326904297,FCC(F)(F)F,mol_28a5ef315edd1f58,0.6923,0.5391,0.8186619281768799,1.1018160581588745,212.8273468017578,,,,,,,,False
state_3865edab6d5e4396ddddda0c,2c_679d20c0c097df83b478,2,binary_vle_english.xlsx,10.1016/j.fluid.2010.10.022,unverified,0.5,isothermal,0.9,isothermal,,,2.475529729024,6.961574554443359,0.0,True,False,48,C#CCCCC,mol_532ee0519201d73c,0.09560000000000002,0.3033,0.6978390216827393,1.4339572191238403,35.43795394897461,CCCOC(C)=O,mol_67043ae833ecd0c7,0.9044,0.6967,0.30216091871261597,1.005861520767212,2.3123152256011963,,,,,,,,False
state_38adaefc47b70edb6bef3d5b,2c_ab02ff6614bbff27b5cc,2,binary_vle_english.xlsx,10.1016/j.fluid.2015.08.008,unverified,0.5,isothermal,0.9444444444444444,isothermal,,,1.100042858368,5.312594413757324,-4.76837158203125e-07,True,False,48,C1CN=C2CCCN2C1,mol_b2e98fe3254a8c98,0.8002,0.08999999999999997,0.18792299926280975,1.028733253479004,1.2127889394760132,O,mol_e81dc06beaa39499,0.1998,0.91,0.812076985836029,1.2115837335586548,17.821937561035156,,,,,,,,False
state_38c60212d26d967be5d4b0ff,2c_01fbe79446fb7e5c19eb,2,binary_vle_english.xlsx,10.1016/j.jct.2006.01.010,unverified,0.5,isothermal,0.9473684210526315,isothermal,,,6.969960076672001,5.848509788513184,-4.76837158203125e-07,True,False,48,ClC(Cl)C(Cl)Cl,mol_a1518926d4831a12,0.8955,0.9252,0.901512086391449,0.9921094179153442,5.934601783752441,O=C1CCCC1,mol_e42ea752b52da6b7,0.1045,0.0748,0.09848788380622864,0.4308098256587982,12.794581413269043,,,,,,,,False
state_38d3925ad44245cd55d573ab,2c_fcb25ad973d4e5c4a4fe,2,binary_vle_english.xlsx,10.1016/j.fluid.2010.10.022,unverified,0.5,isothermal,0.875,isothermal,,,1.909042987392,2.3123154640197754,-2.384185791015625e-07,True,False,48,CC#CCCC,mol_a64b37cfa024f8e7,0.0,0.0,0.0,1.6426972150802612,50.39842987060547,CCCOC(C)=O,mol_67043ae833ecd0c7,1.0,1.0,1.0,1.0,2.3123152256011963,,,,,,,,False
state_1eae683e4518f127360a6b27,2c_1694e8275721c8f0a44b,2,binary_vle_english.xlsx,10.1016/j.fluid.2013.02.005,unverified,0.5,isobaric,0.95,isobaric,335.22999999999996,338.7432861328125,,,7.62939453125e-06,True,False,48,CC(C)OC(C)C,mol_1a0ca8e5eeb68da8,0.809,0.908,0.9783227443695068,1.0365593433380127,87.49848937988281,Cc1ccc(C)o1,mol_8abd2666cf37a39e,0.19099999999999995,0.09199999999999997,0.021677210927009583,1.5093013048171997,5.639688968658447,,,,,,,,False
state_1f9679b69829b819776ed9e0,2c_f17e33a6fb9a3b89984d,2,binary_vle_english.xlsx,10.1016/j.fluid.2015.07.030,unverified,0.5,isobaric,0.9375,isobaric,479.86,405.7755432128906,,,4.57763671875e-05,True,False,48,O,mol_e81dc06beaa39499,0.151,0.91325,0.774074137210846,1.7621855735778809,279.2415771484375,OCCOCCOCCO,mol_f34461328d644291,0.849,0.08675,0.22592586278915405,1.011820673942566,25.245315551757812,,,,,,,,False
state_1fb35dfd132cc0c39f768567,2c_f21c5beff7e3dc67c753,2,binary_vle_english.xlsx,10.1016/j.fluid.2014.01.034,unverified,0.5,isobaric,0.9375,isobaric,507.64,466.5080261230469,,,3.814697265625e-05,True,False,48,O=[N+]([O-])c1ccc(Cl)c(Cl)c1,mol_d71344439e314718,0.805,0.809,0.750623345375061,1.02003014087677,54.84849548339844,O=[N+]([O-])c1cccc(Cl)c1Cl,mol_aa6ec9bb4303db75,0.19499999999999995,0.19099999999999995,0.24937668442726135,1.3960539102554321,54.963016510009766,,,,,,,,True
state_2020bf764312b91ec51dbfa5,2c_f21c5beff7e3dc67c753,2,binary_vle_english.xlsx,10.1016/j.fluid.2014.01.034,unverified,0.5,isobaric,0.9375,isobaric,507.89,465.1677551269531,,,6.103515625e-05,True,False,48,O=[N+]([O-])c1ccc(Cl)c(Cl)c1,mol_d71344439e314718,0.602,0.611,0.5766271948814392,1.0857975482940674,52.92995071411133,O=[N+]([O-])c1cccc(Cl)c1Cl,mol_aa6ec9bb4303db75,0.398,0.389,0.423372745513916,1.203363060951233,53.038944244384766,,,,,,,,True
state_2068948d5b35714bf35e890c,2c_f21c5beff7e3dc67c753,2,binary_vle_english.xlsx,10.1016/j.fluid.2014.01.034,unverified,0.5,isobaric,0.9375,isobaric,507.5,468.7283020019531,,,1.52587890625e-05,True,False,48,O=[N+]([O-])c1ccc(Cl)c(Cl)c1,mol_d71344439e314718,0.949,0.95,0.9210705757141113,1.0013623237609863,58.15496826171875,O=[N+]([O-])c1cccc(Cl)c1Cl,mol_aa6ec9bb4303db75,0.051000000000000045,0.050000000000000044,0.07892944663763046,1.593335747718811,58.279109954833984,,,,,,,,True
state_2139d02f26d821d297a72a0d,2c_f21c5beff7e3dc67c753,2,binary_vle_english.xlsx,10.1016/j.fluid.2014.01.034,unverified,0.5,isobaric,0.9375,isobaric,508.25,465.2091064453125,,,5.340576171875e-05,True,False,48,O=[N+]([O-])c1ccc(Cl)c(Cl)c1,mol_d71344439e314718,0.387,0.399,0.4146926701068878,1.213353157043457,52.98828125,O=[N+]([O-])c1cccc(Cl)c1Cl,mol_aa6ec9bb4303db75,0.613,0.601,0.5853073596954346,1.0789505243301392,53.09744644165039,,,,,,,,True
state_23024e2f8230b35b0fc88c47,2c_14f322a5589c2ae1768c,2,binary_vle_english.xlsx,10.1016/j.jct.2016.11.024,unverified,0.5,isobaric,0.9285714285714286,isobaric,418.71,406.4002685546875,,,2.956390380859375e-05,True,False,48,CCCCCCCC(=O)OC,mol_b57df1d978ebac66,0.0921,0.3112,0.08771143108606339,1.1283258199691772,8.440385818481445,CCCCCCCCCC(=O)OC,mol_95d9432584d71e0d,0.9079,0.6888000000000001,0.9122885465621948,1.0011292695999146,10.037009239196777,,,,,,,,False
state_241b6566d9a24b2b5101a068,2c_f21c5beff7e3dc67c753,2,binary_vle_english.xlsx,10.1016/j.fluid.2014.01.034,unverified,0.5,isobaric,0.9375,isobaric,528.5899999999999,490.87799072265625,,,7.62939453125e-06,True,False,48,O=[N+]([O-])c1ccc(Cl)c(Cl)c1,mol_d71344439e314718,1.0,1.0,1.0,1.0,101.29994201660156,O=[N+]([O-])c1cccc(Cl)c1Cl,mol_aa6ec9bb4303db75,0.0,0.0,0.0,1.7621625661849976,101.56092834472656,,,,,,,,True
state_24aba0a993c962c339e5a000,2c_f17e33a6fb9a3b89984d,2,binary_vle_english.xlsx,10.1016/j.fluid.2015.07.030,unverified,0.5,isobaric,0.9375,isobaric,511.30999999999995,407.09130859375,,,3.814697265625e-06,True,False,48,O,mol_e81dc06beaa39499,0.05,0.50849,0.5283625721931458,1.9396378993988037,290.5447692871094,OCCOCCOCCO,mol_f34461328d644291,0.95,0.49151,0.47163742780685425,1.001413345336914,26.43887710571289,,,,,,,,False
state_24c63bab313bbc18ec1d0459,2c_851f25357ae6f5ac55a7,2,binary_vle_english.xlsx,10.1016/j.fluid.2006.03.014,unverified,0.5,isobaric,0.8181818181818182,isobaric,375.34999999999997,368.82672119140625,,,1.52587890625e-05,True,False,48,CC(C)(N)CO,mol_5dd0884957432481,0.388,0.044,0.09621846675872803,1.3525315523147583,14.667940139770508,O,mol_e81dc06beaa39499,0.612,0.956,0.9037815928459167,1.4472894668579102,81.62937927246094,,,,,,,,False
state_26cc56029c71bf0c27fbcb09,2c_14f322a5589c2ae1768c,2,binary_vle_english.xlsx,10.1016/j.jct.2016.11.024,unverified,0.5,isobaric,0.9285714285714286,isobaric,379.59999999999997,365.2619323730469,,,0.0004075765609741211,True,False,48,CCCCCCCC(=O)OC,mol_b57df1d978ebac66,0.1403,0.4554,0.08765716105699539,0.7188959717750549,1.738502860069275,CCCCCCCCCC(=O)OC,mol_95d9432584d71e0d,0.8597,0.5446,0.9123428463935852,0.9900621175765991,2.1441760063171387,,,,,,,,False
state_26fb560909e0c5aebd208b6b,2c_1694e8275721c8f0a44b,2,binary_vle_english.xlsx,10.1016/j.fluid.2013.02.005,unverified,0.5,isobaric,0.9545454545454546,isobaric,343.28,347.6360168457031,,,0.000152587890625,True,False,48,CC(C)OC(C)C,mol_1a0ca8e5eeb68da8,0.751,0.872,0.9691888093948364,1.0610239505767822,114.33306121826172,Cc1ccc(C)o1,mol_8abd2666cf37a39e,0.249,0.128,0.030811196193099022,1.3960241079330444,8.331915855407715,,,,,,,,False
state_272c3d7688efd745fa32db0b,2c_8affb2d94018c3a50639,2,binary_vle_english.xlsx,10.1016/j.jct.2017.09.020,unverified,0.5,isobaric,0.9285714285714286,isobaric,439.01,397.2016906738281,,,5.1975250244140625e-05,True,False,48,CCCCCCCCCC(=O)OC,mol_95d9432584d71e0d,0.0676,0.2139,0.07577722519636154,0.9204121828079224,7.307478904724121,CCCCCCCCCCCC(=O)OC,mol_5c1fd649aae595b4,0.9324,0.7861,0.9242227673530579,0.9993854761123657,5.951128005981445,,,,,,,,False
state_27efc8afa6b801cb84a51026,2c_14f322a5589c2ae1768c,2,binary_vle_english.xlsx,10.1016/j.jct.2016.11.024,unverified,0.5,isobaric,0.9285714285714286,isobaric,403.53,392.35601806640625,,,4.76837158203125e-07,True,False,48,CCCCCCCC(=O)OC,mol_b57df1d978ebac66,0.1437,0.4425,0.12324776500463486,1.0073847770690918,5.1083550453186035,CCCCCCCCCC(=O)OC,mol_95d9432584d71e0d,0.8563000000000001,0.5575,0.8767522573471069,0.9996474981307983,6.145514488220215,,,,,,,,False
state_2878c147b717ecf32639020c,2c_1694e8275721c8f0a44b,2,binary_vle_english.xlsx,10.1016/j.fluid.2013.02.005,unverified,0.5,isobaric,0.9545454545454546,isobaric,354.35999999999996,369.71002197265625,,,7.62939453125e-06,True,False,48,CC(C)OC(C)C,mol_1a0ca8e5eeb68da8,0.273,0.467,0.8396669626235962,1.3762191534042358,210.0800018310547,Cc1ccc(C)o1,mol_8abd2666cf37a39e,0.727,0.5329999999999999,0.16033300757408142,1.0242204666137695,20.24057960510254,,,,,,,,False
state_28c43c5a31224b71ab2187a6,2c_500d21d465db933527d2,2,binary_vle_english.xlsx,10.1016/j.fluid.2014.09.006,unverified,0.5,isobaric,0.9285714285714286,isobaric,419.55999999999995,347.1292724609375,,,1.1920928955078125e-05,True,False,48,CCCCCCCCCCCCCC(=O)OC,mol_de3754c1966b59a2,0.5484,0.7955,0.6287608742713928,0.7844345569610596,0.7307620644569397,CCCCCCCCCCCCCCCC(=O)OC,mol_e51b7f78035080f4,0.4516,0.20450000000000002,0.3712391257286072,0.6865400671958923,0.5986576676368713,,,,,,,,True
state_28c8180d39ceda21bf9b230b,2c_f21c5beff7e3dc67c753,2,binary_vle_english.xlsx,10.1016/j.fluid.2014.01.034,unverified,0.5,isobaric,0.9375,isobaric,529.03,485.1928405761719,,,-3.814697265625e-05,True,False,48,O=[N+]([O-])c1ccc(Cl)c(Cl)c1,mol_d71344439e314718,0.602,0.611,0.5740529894828796,1.0942565202713013,88.27655029296875,O=[N+]([O-])c1cccc(Cl)c1Cl,mol_aa6ec9bb4303db75,0.398,0.389,0.42594704031944275,1.2250843048095703,88.49435424804688,,,,,,,,True
state_28fadb97f4f9428fe994a99a,2c_4c8ca30e57e6c11f5778,2,binary_vle_english.xlsx,10.1016/j.fluid.2015.03.030,unverified,0.5,isobaric,0.9166666666666666,isobaric,516.56,462.1698303222656,,,0.000469207763671875,True,False,48,O=C1OC(=O)c2cc(Cl)ccc21,mol_df66df7dbda573ad,0.757,0.6099,0.6607671976089478,1.0371966361999512,34.782527923583984,O=C1OC(=O)c2cc(F)ccc21,mol_12d7c05b7c8fe7d9,0.243,0.3901,0.33923277258872986,1.4015178680419922,41.16826248168945,,,,,,,,True
state_291e85f927847612cd83c372,2c_14f322a5589c2ae1768c,2,binary_vle_english.xlsx,10.1016/j.jct.2016.11.024,unverified,0.5,isobaric,0.9285714285714286,isobaric,397.19,392.9469909667969,,,3.814697265625e-06,True,False,48,CCCCCCCC(=O)OC,mol_b57df1d978ebac66,0.2727,0.6353,0.2395046353340149,1.0092790126800537,5.221219062805176,CCCCCCCCCC(=O)OC,mol_95d9432584d71e0d,0.7273000000000001,0.3647,0.7604953646659851,0.9993265271186829,6.278125286102295,,,,,,,,False
state_293ae5ee7105e4d5bc2f19d4,2c_f17e33a6fb9a3b89984d,2,binary_vle_english.xlsx,10.1016/j.fluid.2015.07.030,unverified,0.5,isobaric,0.9375,isobaric,390.22999999999996,370.9841003417969,,,6.866455078125e-05,True,False,48,O,mol_e81dc06beaa39499,0.5002,0.99784,0.9444507360458374,1.4254200458526611,88.2995376586914,OCCOCCOCCO,mol_f34461328d644291,0.4998,0.0021600000000000508,0.05554927885532379,1.1212013959884644,6.607910633087158,,,,,,,,False
state_2ad44546692a8a6d1f5579ce,2c_f21c5beff7e3dc67c753,2,binary_vle_english.xlsx,10.1016/j.fluid.2014.01.034,unverified,0.5,isobaric,0.9375,isobaric,509.01,468.8036804199219,,,1.1444091796875e-05,True,False,48,O=[N+]([O-])c1ccc(Cl)c(Cl)c1,mol_d71344439e314718,0.045,0.048,0.06959378719329834,1.5924415588378906,58.27010726928711,O=[N+]([O-])c1cccc(Cl)c1Cl,mol_aa6ec9bb4303db75,0.955,0.952,0.9304062128067017,1.0010325908660889,58.394554138183594,,,,,,,,True
state_2adba6fd95db7b944ce8b22b,2c_14f322a5589c2ae1768c,2,binary_vle_english.xlsx,10.1016/j.jct.2016.11.024,unverified,0.5,isobaric,0.9285714285714286,isobaric,393.96,393.3681945800781,,,5.7220458984375e-06,True,False,48,CCCCCCCC(=O)OC,mol_b57df1d978ebac66,0.364,0.7241,0.3246675729751587,1.0091898441314697,5.302970886230469,CCCCCCCCCC(=O)OC,mol_95d9432584d71e0d,0.636,0.27590000000000003,0.6753324270248413,0.9995253682136536,6.374134063720703,,,,,,,,False
state_2b0bc45898c563de15e105a4,2c_851f25357ae6f5ac55a7,2,binary_vle_english.xlsx,10.1016/j.fluid.2006.03.014,unverified,0.5,isobaric,0.9,isobaric,418.04999999999995,399.4237060546875,,,0.00026702880859375,True,False,48,CC(C)(N)CO,mol_5dd0884957432481,0.901,0.486,0.42960578203201294,1.010572910308838,47.79560852050781,O,mol_e81dc06beaa39499,0.09899999999999998,0.514,0.5703942179679871,2.5407302379608154,229.71624755859375,,,,,,,,False
state_2b912cab49d904548a59364c,2c_4c8ca30e57e6c11f5778,2,binary_vle_english.xlsx,10.1016/j.fluid.2015.03.030,unverified,0.5,isobaric,0.9166666666666666,isobaric,488.74,438.6213073730469,,,0.0,True,False,48,O=C1OC(=O)c2cc(Cl)ccc21,mol_df66df7dbda573ad,0.5884,0.4101,0.5275839567184448,1.0954598188400269,17.458740234375,O=C1OC(=O)c2cc(F)ccc21,mol_12d7c05b7c8fe7d9,0.4116,0.5899,0.47241607308387756,1.1947163343429565,20.49155616760254,,,,,,,,True
state_2baf6bbe03e82fd78a63685d,2c_14f322a5589c2ae1768c,2,binary_vle_english.xlsx,10.1016/j.jct.2016.11.024,unverified,0.5,isobaric,0.9285714285714286,isobaric,361.10999999999996,369.1079406738281,,,2.5033950805664062e-06,True,False,48,CCCCCCCC(=O)OC,mol_b57df1d978ebac66,0.8258,0.9546,0.8354005813598633,0.9890885353088379,2.0455424785614014,CCCCCCCCCC(=O)OC,mol_95d9432584d71e0d,0.17420000000000002,0.045399999999999996,0.16459937393665314,0.751867413520813,2.5134053230285645,,,,,,,,False
state_2d7d2bf28e0171e134c3266e,2c_1694e8275721c8f0a44b,2,binary_vle_english.xlsx,10.1016/j.fluid.2013.02.005,unverified,0.5,isobaric,0.95,isobaric,348.62,366.05224609375,,,0.0006866455078125,True,False,48,CC(C)OC(C)C,mol_1a0ca8e5eeb68da8,0.227,0.417,0.8156278729438782,1.4116452932357788,190.89987182617188,Cc1ccc(C)o1,mol_8abd2666cf37a39e,0.773,0.583,0.18437212705612183,1.0162956714630127,17.601947784423828,,,,,,,,False
state_2ebc497c92232f5f558bb7cb,2c_4c8ca30e57e6c11f5778,2,binary_vle_english.xlsx,10.1016/j.fluid.2015.03.030,unverified,0.5,isobaric,0.9166666666666666,isobaric,496.16999999999996,441.6468505859375,,,2.09808349609375e-05,True,False,48,O=C1OC(=O)c2cc(Cl)ccc21,mol_df66df7dbda573ad,0.8582,0.7419,0.7792806029319763,1.0111961364746094,19.1540584564209,O=C1OC(=O)c2cc(F)ccc21,mol_12d7c05b7c8fe7d9,0.1418,0.2581,0.22071939706802368,1.4751737117767334,22.5067081451416,,,,,,,,True
state_2f26f271159237406c996854,2c_1694e8275721c8f0a44b,2,binary_vle_english.xlsx,10.1016/j.fluid.2013.02.005,unverified,0.5,isobaric,0.95,isobaric,347.19,361.6681213378906,,,9.918212890625e-05,True,False,48,CC(C)OC(C)C,mol_1a0ca8e5eeb68da8,0.274,0.478,0.85275799036026,1.3749104738235474,169.7705841064453,Cc1ccc(C)o1,mol_8abd2666cf37a39e,0.726,0.522,0.14724203944206238,1.0254645347595215,14.833243370056152,,,,,,,,False
state_2f4485c389d153a89b18b246,2c_f17e33a6fb9a3b89984d,2,binary_vle_english.xlsx,10.1016/j.fluid.2015.07.030,unverified,0.5,isobaric,0.9375,isobaric,362.77,359.70703125,,,0.0001068115234375,True,False,48,O,mol_e81dc06beaa39499,0.8009,0.99972,0.9717625975608826,1.1164178848266602,57.95990753173828,OCCOCCOCCO,mol_f34461328d644291,0.19910000000000005,0.00027999999999994696,0.028237411752343178,1.8685768842697144,4.047764301300049,,,,,,,,False
state_2f4492bc413f3ceb9e41f2eb,2c_1694e8275721c8f0a44b,2,binary_vle_english.xlsx,10.1016/j.fluid.2013.02.005,unverified,0.5,isobaric,0.9545454545454546,isobaric,350.69,361.1255798339844,,,8.392333984375e-05,True,False,48,CC(C)OC(C)C,mol_1a0ca8e5eeb68da8,0.394,0.604,0.900700569152832,1.2845183610916138,167.29083251953125,Cc1ccc(C)o1,mol_8abd2666cf37a39e,0.606,0.396,0.09929941594600677,1.0609371662139893,14.518194198608398,,,,,,,,False
state_2f65fadbfdab437e834336aa,2c_f17e33a6fb9a3b89984d,2,binary_vle_english.xlsx,10.1016/j.fluid.2015.07.030,unverified,0.5,isobaric,0.9375,isobaric,542.62,426.14727783203125,,,-7.62939453125e-05,True,False,48,O,mol_e81dc06beaa39499,0.05,0.39346,0.5045614838600159,1.9288889169692993,502.1834716796875,OCCOCCOCCO,mol_f34461328d644291,0.95,0.6065400000000001,0.49543848633766174,1.0013389587402344,49.99315643310547,,,,,,,,False
state_306edee73f0bdaa5c03ffc70,2c_f17e33a6fb9a3b89984d,2,binary_vle_english.xlsx,10.1016/j.fluid.2015.07.030,unverified,0.5,isobaric,0.9375,isobaric,420.75,380.87066650390625,,,4.57763671875e-05,True,False,48,O,mol_e81dc06beaa39499,0.3003,0.99499,0.8912747502326965,1.5811847448349,125.12357330322266,OCCOCCOCCO,mol_f34461328d644291,0.6997,0.005009999999999959,0.10872522741556168,1.044684648513794,9.91513729095459,,,,,,,,False
state_30822535e01d2ca67aa91b46,2c_4c8ca30e57e6c11f5778,2,binary_vle_english.xlsx,10.1016/j.fluid.2015.03.030,unverified,0.5,isobaric,0.9166666666666666,isobaric,531.78,476.49176025390625,,,1.9073486328125e-05,True,False,48,O=C1OC(=O)c2cc(Cl)ccc21,mol_df66df7dbda573ad,0.7579,0.6205,0.6569931507110596,1.039131999015808,51.1624641418457,O=C1OC(=O)c2cc(F)ccc21,mol_12d7c05b7c8fe7d9,0.2421,0.3795,0.3430068790912628,1.4282054901123047,60.84019088745117,,,,,,,,True
state_309432b3a643d9290b788a46,2c_8affb2d94018c3a50639,2,binary_vle_english.xlsx,10.1016/j.jct.2017.09.020,unverified,0.5,isobaric,0.9285714285714286,isobaric,433.71,386.2167053222656,,,5.078315734863281e-05,True,False,48,CCCCCCCCCC(=O)OC,mol_95d9432584d71e0d,0.0,0.0,0.0,0.7569034099578857,4.904109954833984,CCCCCCCCCCCC(=O)OC,mol_5c1fd649aae595b4,1.0,1.0,1.0,1.0,3.999988555908203,,,,,,,,False
state_30b84d75b7a6f1b6f27aed6f,2c_f21c5beff7e3dc67c753,2,binary_vle_english.xlsx,10.1016/j.fluid.2014.01.034,unverified,0.5,isobaric,0.9375,isobaric,530.2,489.4817199707031,,,1.52587890625e-05,True,False,48,O=[N+]([O-])c1ccc(Cl)c(Cl)c1,mol_d71344439e314718,0.046,0.049,0.07399320602416992,1.6633481979370117,97.96253967285156,O=[N+]([O-])c1cccc(Cl)c1Cl,mol_aa6ec9bb4303db75,0.954,0.951,0.9260067939758301,1.0011730194091797,98.2123031616211,,,,,,,,True
state_30c972a8b0987fe364da6a37,2c_4c8ca30e57e6c11f5778,2,binary_vle_english.xlsx,10.1016/j.fluid.2015.03.030,unverified,0.5,isobaric,0.9166666666666666,isobaric,505.48,459.7616882324219,,,0.000949859619140625,True,False,48,O=C1OC(=O)c2cc(Cl)ccc21,mol_df66df7dbda573ad,0.28659999999999997,0.1765,0.30452507734298706,1.350408673286438,32.52043533325195,O=C1OC(=O)c2cc(F)ccc21,mol_12d7c05b7c8fe7d9,0.7134,0.8235,0.6954749226570129,1.0476597547531128,38.45942687988281,,,,,,,,True
state_31b80e559c4e3fc41419f83f,2c_500d21d465db933527d2,2,binary_vle_english.xlsx,10.1016/j.fluid.2014.09.006,unverified,0.5,isobaric,0.9285714285714286,isobaric,430.31999999999994,346.4520263671875,,,2.6464462280273438e-05,True,False,48,CCCCCCCCCCCCCC(=O)OC,mol_de3754c1966b59a2,0.217,0.465,0.14446094632148743,0.46982938051223755,0.7084478139877319,CCCCCCCCCCCCCCCC(=O)OC,mol_e51b7f78035080f4,0.783,0.5349999999999999,0.855539083480835,0.9411389231681824,0.580472469329834,,,,,,,,True
state_33f0d885d4808ca77bf76ead,2c_4c8ca30e57e6c11f5778,2,binary_vle_english.xlsx,10.1016/j.fluid.2015.03.030,unverified,0.5,isobaric,0.9166666666666666,isobaric,533.49,484.45391845703125,,,7.62939453125e-06,True,False,48,O=C1OC(=O)c2cc(Cl)ccc21,mol_df66df7dbda573ad,0.39039999999999997,0.26280000000000003,0.3836497664451599,1.273033618927002,62.78211975097656,O=C1OC(=O)c2cc(F)ccc21,mol_12d7c05b7c8fe7d9,0.6096,0.7372,0.6163502335548401,1.0986950397491455,74.8438491821289,,,,,,,,True
state_3497178fa520d8674db0738c,2c_500d21d465db933527d2,2,binary_vle_english.xlsx,10.1016/j.fluid.2014.09.006,unverified,0.5,isobaric,0.9285714285714286,isobaric,424.46,347.90435791015625,,,3.3974647521972656e-06,True,False,48,CCCCCCCCCCCCCC(=O)OC,mol_de3754c1966b59a2,0.3996,0.68,0.3915940225124359,0.6471753716468811,0.7570521235466003,CCCCCCCCCCCCCCCC(=O)OC,mol_e51b7f78035080f4,0.6004,0.31999999999999995,0.6084059476852417,0.8170391917228699,0.6200791597366333,,,,,,,,True
state_34dc7fb1a6e66b3b89614458,2c_1694e8275721c8f0a44b,2,binary_vle_english.xlsx,10.1016/j.fluid.2013.02.005,unverified,0.5,isobaric,0.95,isobaric,333.37,335.65301513671875,,,0.0001068115234375,True,False,48,CC(C)OC(C)C,mol_1a0ca8e5eeb68da8,0.931,0.969,0.991618275642395,1.0052343606948853,79.4674301147461,Cc1ccc(C)o1,mol_8abd2666cf37a39e,0.06899999999999995,0.031000000000000028,0.008381740190088749,1.8590584993362427,4.9006500244140625,,,,,,,,False
state_35cd04675b27d892c5e6cacc,2c_500d21d465db933527d2,2,binary_vle_english.xlsx,10.1016/j.fluid.2014.09.006,unverified,0.5,isobaric,0.9230769230769231,isobaric,455.96999999999997,367.5318603515625,,,0.0007108449935913086,True,False,48,CCCCCCCCCCCCCC(=O)OC,mol_de3754c1966b59a2,0.084,0.2106,0.06404514610767365,0.6057808995246887,1.7629724740982056,CCCCCCCCCCCCCCCC(=O)OC,mol_e51b7f78035080f4,0.916,0.7894,0.9359548687934875,0.9956030249595642,1.437564492225647,,,,,,,,True
state_35ddd6c9245ab666005bc15c,2c_1694e8275721c8f0a44b,2,binary_vle_english.xlsx,10.1016/j.fluid.2013.02.005,unverified,0.5,isobaric,0.9473684210526315,isobaric,321.82,323.3111877441406,,,5.7220458984375e-05,True,False,48,CC(C)OC(C)C,mol_1a0ca8e5eeb68da8,0.93,0.97,0.9930079579353333,1.005092740058899,53.11709976196289,Cc1ccc(C)o1,mol_8abd2666cf37a39e,0.06999999999999995,0.030000000000000027,0.006992020644247532,1.8343218564987183,2.7227001190185547,,,,,,,,False
state_3605a8bb2951de2d4dab9c61,2c_8affb2d94018c3a50639,2,binary_vle_english.xlsx,10.1016/j.jct.2017.09.020,unverified,0.5,isobaric,0.9285714285714286,isobaric,411.63,369.2013244628906,,,9.5367431640625e-07,True,False,48,CCCCCCCCCC(=O)OC,mol_95d9432584d71e0d,0.0935,0.2926,0.07064083218574524,0.5988907217979431,2.5230162143707275,CCCCCCCCCCCC(=O)OC,mol_5c1fd649aae595b4,0.9065,0.7074,0.9293591380119324,0.9938217997550964,2.0631494522094727,,,,,,,,False
state_36fbf6a1b4800a8b5fffc0aa,2c_14f322a5589c2ae1768c,2,binary_vle_english.xlsx,10.1016/j.jct.2016.11.024,unverified,0.5,isobaric,0.9285714285714286,isobaric,394.76,409.7347717285156,,,-4.76837158203125e-06,True,False,48,CCCCCCCC(=O)OC,mol_b57df1d978ebac66,0.8352,0.9526,0.7938779592514038,1.004655361175537,9.461172103881836,CCCCCCCCCC(=O)OC,mol_95d9432584d71e0d,0.16479999999999995,0.0474,0.20612208545207977,1.1146125793457031,11.221273422241211,,,,,,,,False
state_37062d71f05a766faa6e9f4b,2c_8affb2d94018c3a50639,2,binary_vle_english.xlsx,10.1016/j.jct.2017.09.020,unverified,0.5,isobaric,0.9285714285714286,isobaric,409.16999999999996,369.5438537597656,,,1.0728836059570312e-06,True,False,48,CCCCCCCCCC(=O)OC,mol_95d9432584d71e0d,0.1438,0.4007,0.11722949892282486,0.6372484564781189,2.5585429668426514,CCCCCCCCCCCC(=O)OC,mol_5c1fd649aae595b4,0.8562,0.5992999999999999,0.8827704787254333,0.98563551902771,2.0920870304107666,,,,,,,,False
state_3785be59177b67088260a316,2c_f17e33a6fb9a3b89984d,2,binary_vle_english.xlsx,10.1016/j.fluid.2015.07.030,unverified,0.5,isobaric,0.9375,isobaric,368.9,365.4456787109375,,,7.62939453125e-06,True,False,48,O,mol_e81dc06beaa39499,0.8009,0.99952,0.9705275893211365,1.1212916374206543,72.0404281616211,OCCOCCOCCO,mol_f34461328d644291,0.19910000000000005,0.00048000000000003595,0.029472382739186287,1.8925105333328247,5.213998794555664,,,,,,,,False
state_379551acc528d770747eb63a,2c_851f25357ae6f5ac55a7,2,binary_vle_english.xlsx,10.1016/j.fluid.2006.03.014,unverified,0.5,isobaric,0.9,isobaric,361.84999999999997,363.39306640625,,,0.0016021728515625,True,False,48,CC(C)(N)CO,mol_5dd0884957432481,0.0,0.0,0.0,11.032526969909668,11.647432327270508,O,mol_e81dc06beaa39499,1.0,1.0,1.0,1.0,66.70158386230469,,,,,,,,False
state_383376531e1d71a616441f2b,2c_f21c5beff7e3dc67c753,2,binary_vle_english.xlsx,10.1016/j.fluid.2014.01.034,unverified,0.5,isobaric,0.9375,isobaric,470.64,430.16925048828125,,,9.5367431640625e-06,True,False,48,O=[N+]([O-])c1ccc(Cl)c(Cl)c1,mol_d71344439e314718,0.113,0.122,0.13913296163082123,1.2752331495285034,19.31039810180664,O=[N+]([O-])c1cccc(Cl)c1Cl,mol_aa6ec9bb4303db75,0.887,0.878,0.8608670830726624,1.0039335489273071,19.334667205810547,,,,,,,,True
state_3903329b0cd59a1d6cfa60d1,2c_01fbe79446fb7e5c19eb,2,binary_vle_english.xlsx,10.1016/j.jct.2006.01.010,unverified,0.5,isothermal,0.9473684210526315,isothermal,,,7.52004816704,7.524048805236816,0.0,True,False,48,ClC(Cl)C(Cl)Cl,mol_a1518926d4831a12,0.44730000000000003,0.27559999999999996,0.2649584710597992,0.7509982585906982,5.934601783752441,O=C1CCCC1,mol_e42ea752b52da6b7,0.5527,0.7244,0.7350415587425232,0.7820742130279541,12.794581413269043,,,,,,,,False
state_3912d33c6a5ded31c1585ef9,2c_ab02ff6614bbff27b5cc,2,binary_vle_english.xlsx,10.1016/j.fluid.2015.08.008,unverified,0.5,isothermal,0.8333333333333334,isothermal,,,17.800002674048,17.409202575683594,-1.9073486328125e-06,True,False,48,C1CN=C2CCCN2C1,mol_b2e98fe3254a8c98,0.02959999999999996,0.0,0.004472669214010239,2.167999029159546,1.2133742570877075,O,mol_e81dc06beaa39499,0.9704,1.0,0.9955273270606995,1.0016822814941406,17.82999610900879,,,,,,,,False
state_3928c59775cbddf203f724a0,2c_200d73d6cf44caf265a9,2,binary_vle_english.xlsx,10.1016/j.fluid.2010.10.022,unverified,0.5,isothermal,0.8888888888888888,isothermal,,,50.036284677504,181.56100463867188,1.52587890625e-05,True,False,48,CCC#CCC,mol_7f5d60b87bc7cd44,0.3591,0.5426,0.868064820766449,1.3039692640304565,336.5828552246094,CCCOC(C)=O,mol_67043ae833ecd0c7,0.6409,0.4574,0.13193516433238983,1.074708104133606,34.7778205871582,,,,,,,,False
state_394bf7e6a1aa774e0ce7ca9c,2c_635bd51c750eee04b7c9,2,binary_vle_english.xlsx,10.1016/j.fluid.2006.10.023,unverified,0.5,isothermal,0.9230769230769231,isothermal,,,185.599935005952,35.62590026855469,-3.814697265625e-06,True,False,48,C1CC1,mol_5b0fb88d8ed110b0,0.9719,0.904,0.8213082551956177,1.0009139776229858,30.078325271606445,FCC(F)(F)F,mol_28a5ef315edd1f58,0.028100000000000014,0.09599999999999997,0.17869175970554352,2.1632890701293945,104.72477722167969,,,,,,,,False
state_39d1a3774ca0328725358811,2c_ab02ff6614bbff27b5cc,2,binary_vle_english.xlsx,10.1016/j.fluid.2015.08.008,unverified,0.5,isothermal,0.9444444444444444,isothermal,,,18.099978002047997,17.716259002685547,0.0,True,False,48,C1CN=C2CCCN2C1,mol_b2e98fe3254a8c98,0.007199999999999984,0.0,0.001172887277789414,2.379636287689209,1.2127889394760132,O,mol_e81dc06beaa39499,0.9928,1.0,0.9988271594047546,1.0001051425933838,17.821937561035156,,,,,,,,False
state_3a2a7c29dbf3673995589d97,3c_a6f39dd395c2cfcf800d,3,ternary_vle_english.xlsx,10.1016/j.fluid.2009.01.016,unverified,0.5,isothermal,0.95,isothermal,,,21.089998749183998,24.15001678466797,-1.9073486328125e-06,True,False,48,CC(=O)C(C)(C)C,mol_61a887e37d396488,0.6859,0.6371,0.5388152599334717,1.0442155599594116,18.16796875,CC(C)(C)CO,mol_dfb42f12fdc989ed,0.27590000000000003,0.1401,0.27616846561431885,1.167412281036377,20.706920623779297,COC(C)(C)C,mol_b614d6fea320c179,0.0382,0.2228,0.18501624464988708,1.3286778926849365,88.0327377319336,True
state_3a3980f896a49d68e2f7ed4b,2c_f481f8e2e3c46fec24b0,2,binary_vle_english.xlsx,10.1016/j.fluid.2012.11.008,unverified,0.5,full_state,0.0,isothermal,,,400.000034624896,547.7491455078125,6.103515625e-05,True,False,48,CCC(C)(C)OC,mol_25226214deaceb17,1.0,1.0,1.0,1.0,547.7492065429688,CCO,mol_f29e20f49d416e54,0.0,0.0,0.0,5.060443878173828,756.9024047851562,,,,,,,,False
state_3a4a9922776bcb8c1ac6a147,2c_a894ec22c70022e7cf39,2,binary_vle_english.xlsx,10.1016/j.jct.2009.04.006,unverified,0.5,isothermal,0.9333333333333333,isothermal,,,4.949992879104,2.2841124534606934,0.0,True,False,48,CC(Cl)(Cl)Cl,mol_d8a2276bed4f13b6,0.165,0.805,0.6450707316398621,0.4415171444416046,20.225221633911133,O=C1CCCCC1,mol_09f0d60d139abab5,0.835,0.19499999999999995,0.3549292981624603,0.9807477593421936,0.9899551868438721,,,,,,,,False
state_3ba72ee738f861cebe0ad0af,2c_ab02ff6614bbff27b5cc,2,binary_vle_english.xlsx,10.1016/j.fluid.2015.08.008,unverified,0.5,isothermal,0.9444444444444444,isothermal,,,1.9999688423679998,7.093376159667969,-4.76837158203125e-07,True,False,48,C1CN=C2CCCN2C1,mol_b2e98fe3254a8c98,0.7018,0.04149999999999998,0.12746524810791016,1.0622975826263428,1.2127889394760132,O,mol_e81dc06beaa39499,0.2982,0.9585,0.8725347518920898,1.1645901203155518,17.821937561035156,,,,,,,,False
state_3bf2c0777acb74fec1c8b020,2c_3718df32cb8e1a8658b3,2,binary_vle_english.xlsx,10.1016/j.fluid.2010.03.022,passed,1.0,isothermal,0.9230769230769231,isothermal,,,36.450068766464,36.66859436035156,0.0,True,False,48,C1CCSC1,mol_e61c7ae663276e1e,0.954,0.869,0.8760775327682495,1.0003646612167358,33.66123580932617,C=C(C)CC(C)(C)C,mol_c01ea75a8687ed16,0.04600000000000004,0.131,0.12392246723175049,1.0764176845550537,91.77103424072266,,,,,,,,False
state_3c6ed9e66e3b48411369d25f,2c_200d73d6cf44caf265a9,2,binary_vle_english.xlsx,10.1016/j.fluid.2010.10.022,unverified,0.5,isothermal,0.8888888888888888,isothermal,,,5.755793271296,30.262998580932617,-5.7220458984375e-06,True,False,48,CCC#CCC,mol_7f5d60b87bc7cd44,0.13549999999999995,0.31989999999999996,0.854030430316925,1.5510157346725464,122.97865295410156,CCCOC(C)=O,mol_67043ae833ecd0c7,0.8645,0.6801,0.14596959948539734,1.0130424499511719,5.044076919555664,,,,,,,,False
state_3cb4e859e4e956117dc6b532,2c_200d73d6cf44caf265a9,2,binary_vle_english.xlsx,10.1016/j.fluid.2010.10.022,unverified,0.5,isothermal,0.8888888888888888,isothermal,,,13.358501306496,122.48779296875,0.0,True,False,48,CCC#CCC,mol_7f5d60b87bc7cd44,0.8492999999999999,0.9221,0.9874305129051208,1.0202655792236328,139.58056640625,CCCOC(C)=O,mol_67043ae833ecd0c7,0.1507,0.0779,0.012569483369588852,1.5887404680252075,6.4304890632629395,,,,,,,,False
state_3d4e3915469c0c31b485e4c6,2c_6b00d1757b554f4dca5e,2,binary_vle_english.xlsx,10.1016/j.fluid.2009.01.016,unverified,0.5,isothermal,0.8888888888888888,isothermal,,,77.12005712486399,82.10075378417969,0.0,True,False,48,CC(C)(C)CO,mol_dfb42f12fdc989ed,0.5605,0.11719999999999997,0.23442916572093964,1.0756189823150635,31.924543380737305,COC(C)(C)C,mol_b614d6fea320c179,0.4395,0.8828,0.7655708193778992,1.199467420578003,119.22989654541016,,,,,,,,True
state_3d5610fcbe7a98fd0d029028,2c_26b0c25a9dccaa9e1115,2,binary_vle_english.xlsx,10.1016/j.fluid.2016.01.027,unverified,0.5,isothermal,0.9090909090909091,isothermal,,,184.600017245952,222.561767578125,1.52587890625e-05,True,False,48,C=C(Cl)C(F)(F)F,mol_41055367d2729aad,0.573,0.598,0.8380393385887146,1.0498294830322266,310.0570373535156,CC(F)(Cl)C(F)(F)F,mol_c4c59740db0baaf4,0.42700000000000005,0.402,0.161960631608963,1.061241865158081,79.5458984375,,,,,,,,True
state_3d9a910a5e14980e2e669882,3c_a6f39dd395c2cfcf800d,3,ternary_vle_english.xlsx,10.1016/j.fluid.2009.01.016,unverified,0.5,isothermal,0.95,isothermal,,,21.010005328383997,27.234769821166992,0.0,True,False,48,CC(=O)C(C)(C)C,mol_61a887e37d396488,0.4206,0.4101,0.32113194465637207,1.144541621208191,18.16796875,CC(C)(C)CO,mol_dfb42f12fdc989ed,0.5142,0.23570000000000002,0.4075935482978821,1.0425657033920288,20.706920623779297,COC(C)(C)C,mol_b614d6fea320c179,0.0652,0.3542,0.2712744474411011,1.287184476852417,88.0327377319336,True
state_3dc1babec30b49d13c749964,2c_200d73d6cf44caf265a9,2,binary_vle_english.xlsx,10.1016/j.fluid.2010.10.022,unverified,0.5,isothermal,0.8888888888888888,isothermal,,,1.909042987392,2.3123154640197754,-2.384185791015625e-07,True,False,48,CCC#CCC,mol_7f5d60b87bc7cd44,0.0,0.0,0.0,1.7244824171066284,81.88230895996094,CCCOC(C)=O,mol_67043ae833ecd0c7,1.0,1.0,1.0,1.0,2.3123152256011963,,,,,,,,False
state_3ddbc152c7f9715346005fb7,3c_a6f39dd395c2cfcf800d,3,ternary_vle_english.xlsx,10.1016/j.fluid.2009.01.016,unverified,0.5,isothermal,0.95,isothermal,,,51.270049870976,52.60185241699219,-3.814697265625e-06,True,False,48,CC(=O)C(C)(C)C,mol_61a887e37d396488,0.2286,0.095,0.09839369356632233,1.2461940050125122,18.16796875,CC(C)(C)CO,mol_dfb42f12fdc989ed,0.4041,0.07669999999999999,0.17558541893959045,1.1037864685058594,20.706920623779297,COC(C)(C)C,mol_b614d6fea320c179,0.3673,0.8283,0.726020872592926,1.1810953617095947,88.0327377319336,True
state_3e16e2ab67ce965cf021b838,2c_fcb25ad973d4e5c4a4fe,2,binary_vle_english.xlsx,10.1016/j.fluid.2010.10.022,unverified,0.5,isothermal,0.875,isothermal,,,92.897826121088,208.5653839111328,0.0,True,False,48,CC#CCCC,mol_a64b37cfa024f8e7,0.3709,0.5103,0.7739869952201843,1.2408840656280518,350.7420654296875,CCCOC(C)=O,mol_67043ae833ecd0c7,0.6291,0.4897,0.22601301968097687,1.0650813579559326,70.35147857666016,,,,,,,,False
state_3e2922cbebff7875df8b600c,2c_e87fea44a6b8ad1299a3,2,binary_vle_english.xlsx,10.1016/j.fluid.2010.03.001,unverified,0.5,isothermal,0.9444444444444444,isothermal,,,2.3699384135679997,2.5981578826904297,-2.384185791015625e-07,True,False,48,C=C(C)[C@H]1CC=C(C)CC1,mol_768bd4f5442f0a79,0.028000000000000025,0.08799999999999997,0.18789806962013245,2.3797554969787598,7.326514720916748,CCCCCO,mol_243de2450bee5519,0.972,0.912,0.8121019601821899,1.0003591775894165,2.1699705123901367,,,,,,,,False
state_3ec714c818bec7f3fd23227c,2c_ab02ff6614bbff27b5cc,2,binary_vle_english.xlsx,10.1016/j.fluid.2015.08.008,unverified,0.5,isothermal,0.8947368421052632,isothermal,,,6.2000234014719995,11.710346221923828,-9.5367431640625e-07,True,False,48,C1CN=C2CCCN2C1,mol_b2e98fe3254a8c98,0.4283,0.005900000000000016,0.05259194225072861,1.1856476068496704,1.2127889394760132,O,mol_e81dc06beaa39499,0.5717,0.9941,0.9474080801010132,1.088889241218567,17.821937561035156,,,,,,,,False
state_3ef77109100030a0b236efa0,2c_fcb25ad973d4e5c4a4fe,2,binary_vle_english.xlsx,10.1016/j.fluid.2010.10.022,unverified,0.5,isothermal,0.875,isothermal,,,78.36035511436799,230.5234375,1.52587890625e-05,True,False,48,CC#CCCC,mol_a64b37cfa024f8e7,0.6716,0.7731,0.911694347858429,1.0837037563323975,288.7640380859375,CCCOC(C)=O,mol_67043ae833ecd0c7,0.3284,0.2269,0.08830562233924866,1.2407392263412476,49.95970153808594,,,,,,,,False
state_3f18e2e308abb7fb5beeaaf1,2c_6b00d1757b554f4dca5e,2,binary_vle_english.xlsx,10.1016/j.fluid.2009.01.016,unverified,0.5,isothermal,0.9166666666666666,isothermal,,,48.59000362944,52.93257141113281,-3.814697265625e-06,True,False,48,CC(C)(C)CO,mol_dfb42f12fdc989ed,0.6292,0.12080000000000002,0.25712448358535767,1.0446292161941528,20.706920623779297,COC(C)(C)C,mol_b614d6fea320c179,0.3708,0.8792,0.7428755164146423,1.2046338319778442,88.0327377319336,,,,,,,,True
state_3f39b07bf0be72dcd02376d4,3c_a6f39dd395c2cfcf800d,3,ternary_vle_english.xlsx,10.1016/j.fluid.2009.01.016,unverified,0.5,isothermal,0.95,isothermal,,,26.699937349888,38.07500457763672,-3.814697265625e-06,True,False,48,CC(=O)C(C)(C)C,mol_61a887e37d396488,0.3359,0.3845,0.28368908166885376,1.2076969146728516,26.626529693603516,CC(C)(C)CO,mol_dfb42f12fdc989ed,0.6221000000000001,0.3638,0.5390388369560242,1.0334157943725586,31.924543380737305,COC(C)(C)C,mol_b614d6fea320c179,0.042,0.2517,0.17727208137512207,1.3478631973266602,119.22989654541016,True
state_3f8f2a87c001826e2dfccd7f,2c_200d73d6cf44caf265a9,2,binary_vle_english.xlsx,10.1016/j.fluid.2010.10.022,unverified,0.5,isothermal,0.8888888888888888,isothermal,,,34.640084298496,34.77782440185547,-3.814697265625e-06,True,False,48,CCC#CCC,mol_7f5d60b87bc7cd44,0.0,0.0,0.0,1.8445563316345215,336.5828552246094,CCCOC(C)=O,mol_67043ae833ecd0c7,1.0,1.0,1.0,1.0,34.7778205871582,,,,,,,,False
state_3f92ae60836600679646bffe,2c_26b0c25a9dccaa9e1115,2,binary_vle_english.xlsx,10.1016/j.fluid.2016.01.027,unverified,0.5,isothermal,0.9090909090909091,isothermal,,,249.79998809267198,236.79052734375,0.0,True,False,48,C=C(Cl)C(F)(F)F,mol_41055367d2729aad,0.354,0.378,0.6800824403762817,1.1096181869506836,409.9671630859375,CC(F)(Cl)C(F)(F)F,mol_c4c59740db0baaf4,0.646,0.622,0.3199175298213959,1.021115779876709,114.84043884277344,,,,,,,,True
state_3fa0ef0b03ac99420d1d91af,2c_a894ec22c70022e7cf39,2,binary_vle_english.xlsx,10.1016/j.jct.2009.04.006,unverified,0.5,isothermal,0.9333333333333333,isothermal,,,11.519985851776,6.21653938293457,0.0,True,False,48,CC(Cl)(Cl)Cl,mol_d8a2276bed4f13b6,0.271,0.876,0.8127980828285217,0.6196576952934265,30.089168548583984,O=C1CCCCC1,mol_09f0d60d139abab5,0.729,0.124,0.18720196187496185,0.9549788236618042,1.6716212034225464,,,,,,,,False
state_404643a7260cd59d10da09c2,2c_007e04d60827397d74ab,2,binary_vle_english.xlsx,10.1016/j.fluid.2013.09.056,unverified,0.5,isothermal,0.9090909090909091,isothermal,,,292.59993460223995,25.975658416748047,-1.9073486328125e-06,True,False,48,FC(C(F)(F)F)C(F)(F)F,mol_6b18cff9be152ebc,0.927,0.892,0.4408198893070221,0.9983782768249512,12.372369766235352,FCC(F)(F)F,mol_28a5ef315edd1f58,0.073,0.108,0.5591800808906555,0.6809166669845581,292.2142639160156,,,,,,,,False
state_4057f09c6fefda4e366b9c88,2c_61ebe4a2edff80d5fa4f,2,binary_vle_english.xlsx,10.1016/j.fluid.2009.01.016,unverified,0.5,isothermal,0.9090909090909091,isothermal,,,16.15000504768,20.629776000976562,-1.9073486328125e-06,True,False,48,CC(=O)C(C)(C)C,mol_61a887e37d396488,0.6694,0.7891,0.6249000430107117,1.0600173473358154,18.16796875,CC(C)(C)CO,mol_dfb42f12fdc989ed,0.3306,0.21089999999999998,0.37509992718696594,1.1303764581680298,20.706920623779297,,,,,,,,True
state_40be0fedfdf72398ce3414ec,2c_fcb25ad973d4e5c4a4fe,2,binary_vle_english.xlsx,10.1016/j.fluid.2010.10.022,unverified,0.5,isothermal,0.875,isothermal,,,1.006050588928,1.3108575344085693,-1.1920928955078125e-07,True,False,48,CC#CCCC,mol_a64b37cfa024f8e7,0.0,0.0,0.0,1.5718010663986206,36.50844955444336,CCCOC(C)=O,mol_67043ae833ecd0c7,1.0,1.0,1.0,1.0,1.3108574151992798,,,,,,,,False
state_4172831f8e0151a5fd5bd6e4,2c_26b0c25a9dccaa9e1115,2,binary_vle_english.xlsx,10.1016/j.fluid.2016.01.027,unverified,0.5,isothermal,0.8333333333333334,isothermal,,,253.599942225408,349.67352294921875,0.0,True,False,48,C=C(Cl)C(F)(F)F,mol_41055367d2729aad,0.749,0.758,0.9019955396652222,1.0271556377410889,409.9671630859375,CC(F)(Cl)C(F)(F)F,mol_c4c59740db0baaf4,0.251,0.242,0.09800445288419724,1.1888854503631592,114.84043884277344,,,,,,,,True
state_41d05508436c30a17cab6bdd,2c_635bd51c750eee04b7c9,2,binary_vle_english.xlsx,10.1016/j.fluid.2006.10.023,unverified,0.5,isothermal,0.9230769230769231,isothermal,,,219.39995506367998,68.41470336914062,0.0,True,False,48,C1CC1,mol_5b0fb88d8ed110b0,0.7305,0.6605,0.34794989228248596,1.0834085941314697,30.078325271606445,FCC(F)(F)F,mol_28a5ef315edd1f58,0.26949999999999996,0.3395,0.6520501375198364,1.5806009769439697,104.72477722167969,,,,,,,,False
state_42d03bfd97db1b17d9e38da4,2c_200d73d6cf44caf265a9,2,binary_vle_english.xlsx,10.1016/j.fluid.2010.10.022,unverified,0.5,isothermal,0.8888888888888888,isothermal,,,31.529140163584,197.41229248046875,0.0,True,False,48,CCC#CCC,mol_7f5d60b87bc7cd44,0.8492999999999999,0.9162,0.9805507659912109,1.0232815742492676,222.7347412109375,CCCOC(C)=O,mol_67043ae833ecd0c7,0.1507,0.0838,0.01944923959672451,1.6169835329055786,15.75643539428711,,,,,,,,False
state_42ebdf0313109b0ee64e0a08,3c_a6f39dd395c2cfcf800d,3,ternary_vle_english.xlsx,10.1016/j.fluid.2009.01.016,unverified,0.5,isothermal,0.95,isothermal,,,25.470038505088,31.22207260131836,0.0,True,False,48,CC(=O)C(C)(C)C,mol_61a887e37d396488,0.7082,0.7894,0.6307331323623657,1.0443278551101685,26.626529693603516,CC(C)(C)CO,mol_dfb42f12fdc989ed,0.2891999999999999,0.19230000000000003,0.3555583953857422,1.202401876449585,31.924543380737305,COC(C)(C)C,mol_b614d6fea320c179,0.0026,0.0183,0.013708549551665783,1.3806853294372559,119.22989654541016,True
state_439ccf3a7aee0928b923b28d,2c_9478a219a5c540597926,2,binary_vle_english.xlsx,10.1016/j.fluid.2009.01.016,unverified,0.5,isothermal,0.9375,isothermal,,,56.52001807808,55.41332244873047,0.0,True,False,48,CC(=O)C(C)(C)C,mol_61a887e37d396488,0.7826,0.3889,0.38212156295776367,1.0161582231521606,26.626529693603516,COC(C)(C)C,mol_b614d6fea320c179,0.2174,0.6111,0.6178784370422363,1.3209079504013062,119.22989654541016,,,,,,,,True
state_43cab4ea9e8318f352738334,2c_26b0c25a9dccaa9e1115,2,binary_vle_english.xlsx,10.1016/j.fluid.2016.01.027,unverified,0.5,isothermal,0.9090909090909091,isothermal,,,245.099974653568,114.84043884277344,0.0,True,False,48,C=C(Cl)C(F)(F)F,mol_41055367d2729aad,0.0,0.0,0.0,1.0207397937774658,409.9671630859375,CC(F)(Cl)C(F)(F)F,mol_c4c59740db0baaf4,1.0,1.0,1.0,1.0,114.84043884277344,,,,,,,,True
state_442eb74d457e738ead50cf48,2c_a894ec22c70022e7cf39,2,binary_vle_english.xlsx,10.1016/j.jct.2009.04.006,unverified,0.5,isothermal,0.9333333333333333,isothermal,,,17.370038037248,11.089302062988281,-9.5367431640625e-07,True,False,48,CC(Cl)(Cl)Cl,mol_d8a2276bed4f13b6,0.44,0.938,0.9249125719070435,0.774715006351471,30.089168548583984,O=C1CCCCC1,mol_09f0d60d139abab5,0.56,0.062000000000000055,0.07508742064237595,0.8894990086555481,1.6716212034225464,,,,,,,,False
state_443cfdf63fd7988eeed54a80,2c_e87fea44a6b8ad1299a3,2,binary_vle_english.xlsx,10.1016/j.fluid.2010.03.001,unverified,0.5,isothermal,0.9444444444444444,isothermal,,,3.719960711936,10.271270751953125,0.0,True,False,48,C=C(C)[C@H]1CC=C(C)CC1,mol_768bd4f5442f0a79,0.887,0.43899999999999995,0.8699503540992737,1.0295530557632446,9.784671783447266,CCCCCO,mol_243de2450bee5519,0.113,0.561,0.1300496906042099,3.157729387283325,3.7435200214385986,,,,,,,,False
state_444d0f670f0164ed0fb13c97,2c_ab02ff6614bbff27b5cc,2,binary_vle_english.xlsx,10.1016/j.fluid.2015.08.008,unverified,0.5,isothermal,0.8333333333333334,isothermal,,,30.899991908992,35.729270935058594,0.0,True,False,48,C1CN=C2CCCN2C1,mol_b2e98fe3254a8c98,0.15759999999999996,0.0004999999999999449,0.02298046089708805,1.8390460014343262,2.832918405532837,O,mol_e81dc06beaa39499,0.8424,0.9995,0.9770195484161377,1.0510495901107788,39.42628479003906,,,,,,,,False
state_449b40c645b843649c5fa084,2c_a894ec22c70022e7cf39,2,binary_vle_english.xlsx,10.1016/j.jct.2009.04.006,unverified,0.5,isothermal,0.9333333333333333,isothermal,,,4.480031531904,2.4576358795166016,0.0,True,False,48,CC(Cl)(Cl)Cl,mol_d8a2276bed4f13b6,0.075,0.597,0.3731464147567749,0.40637344121932983,30.089168548583984,O=C1CCCCC1,mol_09f0d60d139abab5,0.925,0.403,0.6268535852432251,0.9963319897651672,1.6716212034225464,,,,,,,,False
state_44e15ab1a7d4a3137672db9e,2c_679d20c0c097df83b478,2,binary_vle_english.xlsx,10.1016/j.fluid.2010.10.022,unverified,0.5,isothermal,0.9,isothermal,,,5.661934324224,12.674972534179688,-9.5367431640625e-07,True,False,48,C#CCCCC,mol_532ee0519201d73c,0.09560000000000002,0.2793,0.6381736397743225,1.4501200914382935,58.34773635864258,CCCOC(C)=O,mol_67043ae833ecd0c7,0.9044,0.7207,0.3618263602256775,1.0053213834762573,5.044076919555664,,,,,,,,False
state_44f1d6620d728996ced8e41e,2c_200d73d6cf44caf265a9,2,binary_vle_english.xlsx,10.1016/j.fluid.2010.10.022,unverified,0.5,isothermal,0.8888888888888888,isothermal,,,1.006050588928,1.3108575344085693,-1.1920928955078125e-07,True,False,48,CCC#CCC,mol_7f5d60b87bc7cd44,0.0,0.0,0.0,1.650226354598999,60.9049186706543,CCCOC(C)=O,mol_67043ae833ecd0c7,1.0,1.0,1.0,1.0,1.3108574151992798,,,,,,,,False
state_45aa5cf30f6de4adb4d19d04,2c_9478a219a5c540597926,2,binary_vle_english.xlsx,10.1016/j.fluid.2009.01.016,unverified,0.5,isothermal,0.9411764705882353,isothermal,,,34.119993740927995,32.48906707763672,0.0,True,False,48,CC(=O)C(C)(C)C,mol_61a887e37d396488,0.6905,0.2691,0.26649293303489685,1.0359445810317993,12.103827476501465,COC(C)(C)C,mol_b614d6fea320c179,0.3095,0.7309,0.7335070967674255,1.207289457321167,63.777793884277344,,,,,,,,True
state_45d3b7282f09093f08077356,3c_a6f39dd395c2cfcf800d,3,ternary_vle_english.xlsx,10.1016/j.fluid.2009.01.016,unverified,0.5,isothermal,0.95,isothermal,,,47.059996134272,47.844444274902344,0.0,True,False,48,CC(=O)C(C)(C)C,mol_61a887e37d396488,0.5,0.2102,0.20659606158733368,1.088120937347412,18.16796875,CC(C)(C)CO,mol_dfb42f12fdc989ed,0.1894,0.043099999999999916,0.1028255969285965,1.2544034719467163,20.706920623779297,COC(C)(C)C,mol_b614d6fea320c179,0.3106,0.7467,0.6905783414840698,1.2083667516708374,88.0327377319336,True
state_467d4cb7b7819d7eac1f7f8a,2c_a894ec22c70022e7cf39,2,binary_vle_english.xlsx,10.1016/j.jct.2009.04.006,unverified,0.5,isothermal,0.9333333333333333,isothermal,,,22.320030916351996,15.501461029052734,-9.5367431640625e-07,True,False,48,CC(Cl)(Cl)Cl,mol_d8a2276bed4f13b6,0.571,0.962,0.9618300199508667,0.867810070514679,30.089168548583984,O=C1CCCCC1,mol_09f0d60d139abab5,0.42900000000000005,0.038000000000000034,0.03816993907094002,0.825085461139679,1.6716212034225464,,,,,,,,False
state_46dbfb30676ca65483be8541,2c_68327a02527de440bdc0,2,binary_vle_english.xlsx,10.1016/j.fluid.2015.10.041,unverified,0.5,isothermal,0.9,isothermal,,,45.100024002304,60.998626708984375,-3.814697265625e-06,True,False,48,CCCCCO,mol_243de2450bee5519,0.0,0.0,0.0,5.607950210571289,19.70850944519043,CCCCCS,mol_22ade86f58436479,1.0,1.0,1.0,1.0,60.99862289428711,,,,,,,,False
state_4756ce49343fc265fc9c5427,2c_679d20c0c097df83b478,2,binary_vle_english.xlsx,10.1016/j.fluid.2010.10.022,unverified,0.5,isothermal,0.9,isothermal,,,162.633690571904,287.135986328125,0.0,True,False,48,C#CCCCC,mol_532ee0519201d73c,0.849,0.9305,0.9484860897064209,1.019779086112976,314.5609436035156,CCCOC(C)=O,mol_67043ae833ecd0c7,0.151,0.0695,0.051513928920030594,1.392393946647644,70.35147857666016,,,,,,,,False
state_4838af4a421fb9fdaaea3dda,2c_a894ec22c70022e7cf39,2,binary_vle_english.xlsx,10.1016/j.jct.2009.04.006,unverified,0.5,isothermal,0.9333333333333333,isothermal,,,14.410014822912,8.60580062866211,-9.5367431640625e-07,True,False,48,CC(Cl)(Cl)Cl,mol_d8a2276bed4f13b6,0.359,0.915,0.8849821090698242,0.7050518989562988,30.089168548583984,O=C1CCCCC1,mol_09f0d60d139abab5,0.641,0.08499999999999996,0.11501792818307877,0.9237636923789978,1.6716212034225464,,,,,,,,False
state_4860afae5d3b51c11c97e3e6,2c_635bd51c750eee04b7c9,2,binary_vle_english.xlsx,10.1016/j.fluid.2006.10.023,unverified,0.5,isothermal,0.9230769230769231,isothermal,,,196.900072272896,98.03126525878906,-7.62939453125e-06,True,False,48,C1CC1,mol_5b0fb88d8ed110b0,0.1892,0.4063,0.10732176154851913,1.8487473726272583,30.078325271606445,FCC(F)(F)F,mol_28a5ef315edd1f58,0.8108,0.5937,0.8926782011985779,1.0306146144866943,104.72477722167969,,,,,,,,False
state_489ecb5cf8c3ba7d6d2c8fa0,2c_fcb25ad973d4e5c4a4fe,2,binary_vle_english.xlsx,10.1016/j.fluid.2010.10.022,unverified,0.5,isothermal,0.875,isothermal,,,7.884284876416,68.05934143066406,-7.62939453125e-06,True,False,48,CC#CCCC,mol_a64b37cfa024f8e7,1.0,1.0,1.0,1.0,68.05933380126953,CCCOC(C)=O,mol_67043ae833ecd0c7,0.0,0.0,0.0,1.819832682609558,3.9239349365234375,,,,,,,,False
state_491172c80fcc0471c2d5ed8e,2c_200d73d6cf44caf265a9,2,binary_vle_english.xlsx,10.1016/j.fluid.2010.10.022,unverified,0.5,isothermal,0.8888888888888888,isothermal,,,8.897134906111999,107.88435363769531,0.0,True,False,48,CCC#CCC,mol_7f5d60b87bc7cd44,1.0,1.0,1.0,1.0,107.88435363769531,CCCOC(C)=O,mol_67043ae833ecd0c7,0.0,0.0,0.0,2.018110513687134,3.9239349365234375,,,,,,,,False
state_4923df1e5d526f4e59b2111c,3c_a6f39dd395c2cfcf800d,3,ternary_vle_english.xlsx,10.1016/j.fluid.2009.01.016,unverified,0.5,isothermal,0.9333333333333333,isothermal,,,26.980047645055997,29.541488647460938,0.0,True,False,48,CC(=O)C(C)(C)C,mol_61a887e37d396488,0.2644,0.1592,0.131099134683609,1.210174560546875,12.103827476501465,CC(C)(C)CO,mol_dfb42f12fdc989ed,0.4825999999999999,0.12,0.22118814289569855,1.0357398986816406,13.072425842285156,COC(C)(C)C,mol_b614d6fea320c179,0.253,0.7208,0.647712767124176,1.1858365535736084,63.777793884277344,True
state_493e3ee340cfa36aec91c33f,2c_e87fea44a6b8ad1299a3,2,binary_vle_english.xlsx,10.1016/j.fluid.2010.03.001,unverified,0.5,isothermal,0.9444444444444444,isothermal,,,3.130009233536,2.861832618713379,-2.384185791015625e-07,True,False,48,C=C(C)[C@H]1CC=C(C)CC1,mol_768bd4f5442f0a79,0.0,0.0,0.0,2.4925804138183594,8.485251426696777,CCCCCO,mol_243de2450bee5519,1.0,1.0,1.0,1.0,2.8618323802948,,,,,,,,False
state_496c00c3d29e3b721e3950f8,2c_fcb25ad973d4e5c4a4fe,2,binary_vle_english.xlsx,10.1016/j.fluid.2010.10.022,unverified,0.5,isothermal,0.875,isothermal,,,6.879034221696,38.93017578125,-3.814697265625e-06,True,False,48,CC#CCCC,mol_a64b37cfa024f8e7,0.3709,0.5792999999999999,0.9120586514472961,1.2195830345153809,78.49479675292969,CCCOC(C)=O,mol_67043ae833ecd0c7,0.6291,0.4207,0.08794138580560684,1.0788925886154175,5.044076919555664,,,,,,,,False
state_497703c4fd2fd584b292228b,2c_ab02ff6614bbff27b5cc,2,binary_vle_english.xlsx,10.1016/j.fluid.2015.08.008,unverified,0.5,isothermal,0.8333333333333334,isothermal,,,4.099929460736,9.517391204833984,-9.5367431640625e-07,True,False,48,C1CN=C2CCCN2C1,mol_b2e98fe3254a8c98,0.5581,0.014700000000000046,0.08003008365631104,1.1247717142105103,1.2133742570877075,O,mol_e81dc06beaa39499,0.4419,0.9853,0.919969916343689,1.1112613677978516,17.82999610900879,,,,,,,,False
state_499b84834513bc6ac55ded5a,2c_fcb25ad973d4e5c4a4fe,2,binary_vle_english.xlsx,10.1016/j.fluid.2010.10.022,unverified,0.5,isothermal,0.875,isothermal,,,7.806957902976,50.36802673339844,-3.814697265625e-06,True,False,48,CC#CCCC,mol_a64b37cfa024f8e7,0.5441,0.7207,0.9467893838882446,1.1165770292282104,78.49479675292969,CCCOC(C)=O,mol_67043ae833ecd0c7,0.4559,0.2793,0.05321061238646507,1.1654720306396484,5.044076919555664,,,,,,,,False
state_4a8fa414fee1d6b38e23cce4,2c_61ebe4a2edff80d5fa4f,2,binary_vle_english.xlsx,10.1016/j.fluid.2009.01.016,unverified,0.5,isothermal,0.9,isothermal,,,10.870039307775999,12.996898651123047,0.0,True,False,48,CC(=O)C(C)(C)C,mol_61a887e37d396488,0.7814,0.8724,0.7469584941864014,1.0264554023742676,12.103827476501465,CC(C)(C)CO,mol_dfb42f12fdc989ed,0.21860000000000002,0.12760000000000005,0.25304147601127625,1.1508668661117554,13.072425842285156,,,,,,,,True
state_4b5ecf54f95827f15a76d002,2c_e87fea44a6b8ad1299a3,2,binary_vle_english.xlsx,10.1016/j.fluid.2010.03.001,unverified,0.5,isothermal,0.8947368421052632,isothermal,,,2.500061044736,4.517102241516113,-4.76837158203125e-07,True,False,48,C=C(C)[C@H]1CC=C(C)CC1,mol_768bd4f5442f0a79,0.16700000000000004,0.20599999999999996,0.5921366214752197,2.186089515686035,7.326514720916748,CCCCCO,mol_243de2450bee5519,0.833,0.794,0.4078633785247803,1.0192383527755737,2.1699705123901367,,,,,,,,False
state_4b72e98716fdf6fc8a1254b4,2c_ab02ff6614bbff27b5cc,2,binary_vle_english.xlsx,10.1016/j.fluid.2015.08.008,unverified,0.5,isothermal,0.8,isothermal,,,23.60005897152,26.00617218017578,0.0,True,False,48,C1CN=C2CCCN2C1,mol_b2e98fe3254a8c98,0.12749999999999995,0.00019999999999997797,0.018075870350003242,1.8483463525772095,1.994720697402954,O,mol_e81dc06beaa39499,0.8725,0.9998,0.9819241762161255,1.0308351516723633,28.392244338989258,,,,,,,,False
state_4bc0c132b49190d828085c4b,3c_a6f39dd395c2cfcf800d,3,ternary_vle_english.xlsx,10.1016/j.fluid.2009.01.016,unverified,0.5,isothermal,0.95,isothermal,,,75.269942624128,74.92718505859375,-7.62939453125e-06,True,False,48,CC(=O)C(C)(C)C,mol_61a887e37d396488,0.4483,0.1748,0.17718176543712616,1.1121799945831299,26.626529693603516,CC(C)(C)CO,mol_dfb42f12fdc989ed,0.16800000000000004,0.0391999999999999,0.09498091042041779,1.3269108533859253,31.924543380737305,COC(C)(C)C,mol_b614d6fea320c179,0.3837,0.786,0.727837324142456,1.1920561790466309,119.22989654541016,True
state_4c3e4d42a7ffc0fc51feeb8a,2c_679d20c0c097df83b478,2,binary_vle_english.xlsx,10.1016/j.fluid.2010.10.022,unverified,0.5,isothermal,0.9,isothermal,,,94.108126577792,146.425537109375,0.0,True,False,48,C#CCCCC,mol_532ee0519201d73c,0.22340000000000004,0.4102,0.6192672848701477,1.2903484106063843,314.5609436035156,CCCOC(C)=O,mol_67043ae833ecd0c7,0.7766,0.5898,0.3807327449321747,1.0203906297683716,70.35147857666016,,,,,,,,False
state_4c4ab5be0ff90eb7b79acca7,2c_679d20c0c097df83b478,2,binary_vle_english.xlsx,10.1016/j.fluid.2010.10.022,unverified,0.5,isothermal,0.9,isothermal,,,30.780668389631998,74.213134765625,0.0,True,False,48,C#CCCCC,mol_532ee0519201d73c,0.47219999999999995,0.7377,0.8769657015800476,1.1404165029525757,120.85758972167969,CCCOC(C)=O,mol_67043ae833ecd0c7,0.5278,0.2623,0.12303431332111359,1.097942590713501,15.75643539428711,,,,,,,,False
state_4c4b00d9d4a938e4b6d9945e,2c_679d20c0c097df83b478,2,binary_vle_english.xlsx,10.1016/j.fluid.2010.10.022,unverified,0.5,isothermal,0.9,isothermal,,,70.637390303232,70.35148620605469,-7.62939453125e-06,True,False,48,C#CCCCC,mol_532ee0519201d73c,0.0,0.0,0.0,1.5498613119125366,314.5609436035156,CCCOC(C)=O,mol_67043ae833ecd0c7,1.0,1.0,1.0,1.0,70.35147857666016,,,,,,,,False
state_4d3461427a2c56002cd83050,2c_26b0c25a9dccaa9e1115,2,binary_vle_english.xlsx,10.1016/j.fluid.2016.01.027,unverified,0.5,isothermal,0.8333333333333334,isothermal,,,253.80005909977598,370.43115234375,3.0517578125e-05,True,False,48,C=C(Cl)C(F)(F)F,mol_41055367d2729aad,0.834,0.84,0.9348596930503845,1.0128353834152222,409.9671630859375,CC(F)(Cl)C(F)(F)F,mol_c4c59740db0baaf4,0.16600000000000004,0.16000000000000003,0.06514035165309906,1.2657698392868042,114.84043884277344,,,,,,,,True
state_4d39b07e975074223e9066ab,2c_200d73d6cf44caf265a9,2,binary_vle_english.xlsx,10.1016/j.fluid.2010.10.022,unverified,0.5,isothermal,0.8888888888888888,isothermal,,,27.952767641984,162.36251831054688,1.52587890625e-05,True,False,48,CCC#CCC,mol_7f5d60b87bc7cd44,0.6247,0.7732,0.9543208479881287,1.1135783195495605,222.7347412109375,CCCOC(C)=O,mol_67043ae833ecd0c7,0.3753,0.2268,0.04567909613251686,1.2541999816894531,15.75643539428711,,,,,,,,False
state_4d825eab3b28c2111c58f9b9,2c_679d20c0c097df83b478,2,binary_vle_english.xlsx,10.1016/j.fluid.2010.10.022,unverified,0.5,isothermal,0.9,isothermal,,,178.53398282432,314.5609130859375,3.0517578125e-05,True,False,48,C#CCCCC,mol_532ee0519201d73c,1.0,1.0,1.0,1.0,314.5609436035156,CCCOC(C)=O,mol_67043ae833ecd0c7,0.0,0.0,0.0,1.809420108795166,70.35147857666016,,,,,,,,False
state_4da517ab1b1ecaeb7cc4eb56,2c_6b00d1757b554f4dca5e,2,binary_vle_english.xlsx,10.1016/j.fluid.2009.01.016,unverified,0.5,isothermal,0.9166666666666666,isothermal,,,8.82994043264,20.706920623779297,0.0,True,False,48,CC(C)(C)CO,mol_dfb42f12fdc989ed,1.0,1.0,1.0,1.0,20.706920623779297,COC(C)(C)C,mol_b614d6fea320c179,0.0,0.0,0.0,1.2412174940109253,88.0327377319336,,,,,,,,True
state_4e716085782d74365f597d33,2c_fcb25ad973d4e5c4a4fe,2,binary_vle_english.xlsx,10.1016/j.fluid.2010.10.022,unverified,0.5,isothermal,0.875,isothermal,,,27.35041718336,63.05316925048828,0.0,True,False,48,CC#CCCC,mol_a64b37cfa024f8e7,0.15649999999999997,0.27880000000000005,0.6787771582603455,1.4470221996307373,188.9925079345703,CCCOC(C)=O,mol_67043ae833ecd0c7,0.8435,0.7212,0.32122284173965454,1.0136487483978271,23.688674926757812,,,,,,,,False
state_4e87adbb28c2bb200eb9d24f,2c_200d73d6cf44caf265a9,2,binary_vle_english.xlsx,10.1016/j.fluid.2010.10.022,unverified,0.5,isothermal,0.8888888888888888,isothermal,,,3.429984561536,3.9239349365234375,0.0,True,False,48,CCC#CCC,mol_7f5d60b87bc7cd44,0.0,0.0,0.0,1.774255394935608,107.88435363769531,CCCOC(C)=O,mol_67043ae833ecd0c7,1.0,1.0,1.0,1.0,3.9239349365234375,,,,,,,,False
state_4f89a65a518040d55ba534d2,2c_6b00d1757b554f4dca5e,2,binary_vle_english.xlsx,10.1016/j.fluid.2009.01.016,unverified,0.5,isothermal,0.8888888888888888,isothermal,,,70.529932474624,77.58477783203125,0.0,True,False,48,CC(C)(C)CO,mol_dfb42f12fdc989ed,0.6094999999999999,0.13849999999999996,0.2649712562561035,1.0565179586410522,31.924543380737305,COC(C)(C)C,mol_b614d6fea320c179,0.3905,0.8615,0.7350286841392517,1.2248265743255615,119.22989654541016,,,,,,,,True
state_4ff328eea0c50f12ce37c484,2c_9478a219a5c540597926,2,binary_vle_english.xlsx,10.1016/j.fluid.2009.01.016,unverified,0.5,isothermal,0.9375,isothermal,,,27.719986787455998,26.626529693603516,0.0,True,False,48,CC(=O)C(C)(C)C,mol_61a887e37d396488,1.0,1.0,1.0,1.0,26.626529693603516,COC(C)(C)C,mol_b614d6fea320c179,0.0,0.0,0.0,1.4377000331878662,119.22989654541016,,,,,,,,True
state_500b921a8396f8b2ae838ebe,2c_ab02ff6614bbff27b5cc,2,binary_vle_english.xlsx,10.1016/j.fluid.2015.08.008,unverified,0.5,isothermal,0.9444444444444444,isothermal,,,3.2000034767359997,8.716663360595703,0.0,True,False,48,C1CN=C2CCCN2C1,mol_b2e98fe3254a8c98,0.6057,0.020499999999999963,0.09296482056379318,1.103128433227539,1.2127889394760132,O,mol_e81dc06beaa39499,0.3943,0.9795,0.9070351719856262,1.1251040697097778,17.821937561035156,,,,,,,,False
state_508e0f8b96ded6ef68779f59,2c_9478a219a5c540597926,2,binary_vle_english.xlsx,10.1016/j.fluid.2009.01.016,unverified,0.5,isothermal,0.9411764705882353,isothermal,,,69.769994977024,58.642051696777344,0.0,True,False,48,CC(=O)C(C)(C)C,mol_61a887e37d396488,0.12050000000000005,0.02629999999999999,0.036099664866924286,1.4514516592025757,12.103827476501465,COC(C)(C)C,mol_b614d6fea320c179,0.8795,0.9737,0.9639003276824951,1.0077109336853027,63.777793884277344,,,,,,,,True
state_515c7e6fe2e7eaa315a359aa,2c_679d20c0c097df83b478,2,binary_vle_english.xlsx,10.1016/j.fluid.2010.10.022,unverified,0.5,isothermal,0.9,isothermal,,,1.909042987392,2.3123154640197754,-2.384185791015625e-07,True,False,48,C#CCCCC,mol_532ee0519201d73c,0.0,0.0,0.0,1.559231162071228,35.43795394897461,CCCOC(C)=O,mol_67043ae833ecd0c7,1.0,1.0,1.0,1.0,2.3123152256011963,,,,,,,,False
state_51b548fc06590d55c3e27a6c,2c_007e04d60827397d74ab,2,binary_vle_english.xlsx,10.1016/j.fluid.2013.09.056,unverified,0.5,isothermal,0.9090909090909091,isothermal,,,384.000017241216,215.25204467773438,1.52587890625e-05,True,False,48,FC(C(F)(F)F)C(F)(F)F,mol_6b18cff9be152ebc,0.2996,0.23570000000000002,0.018859900534152985,1.0951963663101196,12.372369766235352,FCC(F)(F)F,mol_28a5ef315edd1f58,0.7004,0.7643,0.9811400771141052,1.0318838357925415,292.2142639160156,,,,,,,,False
state_5217f78effd7944529789330,2c_ab02ff6614bbff27b5cc,2,binary_vle_english.xlsx,10.1016/j.fluid.2015.08.008,unverified,0.5,isothermal,0.8,isothermal,,,19.799971516416,25.182720184326172,-1.9073486328125e-06,True,False,48,C1CN=C2CCCN2C1,mol_b2e98fe3254a8c98,0.17620000000000002,0.0004999999999999449,0.022740883752703667,1.629378318786621,1.994720697402954,O,mol_e81dc06beaa39499,0.8238,0.9995,0.97725909948349,1.0521818399429321,28.392244338989258,,,,,,,,False
state_5240ea40cee6bab7a660b46d,2c_fcb25ad973d4e5c4a4fe,2,binary_vle_english.xlsx,10.1016/j.fluid.2010.10.022,unverified,0.5,isothermal,0.875,isothermal,,,4.644151366912,50.39842987060547,0.0,True,False,48,CC#CCCC,mol_a64b37cfa024f8e7,1.0,1.0,1.0,1.0,50.39842987060547,CCCOC(C)=O,mol_67043ae833ecd0c7,0.0,0.0,0.0,1.7478867769241333,2.3123152256011963,,,,,,,,False
state_528bb0364edc65329c8f3508,2c_679d20c0c097df83b478,2,binary_vle_english.xlsx,10.1016/j.fluid.2010.10.022,unverified,0.5,isothermal,0.9,isothermal,,,121.052843795328,229.22811889648438,0.0,True,False,48,C#CCCCC,mol_532ee0519201d73c,0.849,0.9345,0.9540609121322632,1.019216775894165,252.73753356933594,CCCOC(C)=O,mol_67043ae833ecd0c7,0.151,0.0655,0.04593908041715622,1.3958972692489624,49.95970153808594,,,,,,,,False
state_52cc603342344b7fa00937fa,2c_3718df32cb8e1a8658b3,2,binary_vle_english.xlsx,10.1016/j.fluid.2010.03.022,passed,1.0,isothermal,0.9230769230769231,isothermal,,,33.09994430336,33.66123962402344,-3.814697265625e-06,True,False,48,C1CCSC1,mol_e61c7ae663276e1e,1.0,1.0,1.0,1.0,33.66123580932617,C=C(C)CC(C)(C)C,mol_c01ea75a8687ed16,0.0,0.0,0.0,1.0778828859329224,91.77103424072266,,,,,,,,False
state_530d236022e137db3bdfe5b3,2c_e87fea44a6b8ad1299a3,2,binary_vle_english.xlsx,10.1016/j.fluid.2010.03.001,unverified,0.5,isothermal,0.9444444444444444,isothermal,,,3.3999870287359997,6.7229814529418945,-4.76837158203125e-07,True,False,48,C=C(C)[C@H]1CC=C(C)CC1,mol_768bd4f5442f0a79,0.272,0.254,0.6708530783653259,1.9541399478912354,8.485251426696777,CCCCCO,mol_243de2450bee5519,0.728,0.746,0.32914695143699646,1.0621262788772583,2.8618323802948,,,,,,,,False
state_53c727804351a01ef1247409,2c_ecb2aa3282976dc883b8,2,binary_vle_english.xlsx,10.1016/j.fluid.2017.04.014,unverified,0.5,isothermal,0.9523809523809523,isothermal,,,37.939946228863995,32.049110412597656,-3.814697265625e-06,True,False,48,CC(C)CC(C)(C)C,mol_57615b5c3546c298,0.645,0.29000000000000004,0.3168688118457794,1.0277425050735474,15.319740295410156,COC(C)(C)C,mol_b614d6fea320c179,0.355,0.71,0.683131217956543,1.0304149389266968,59.85212707519531,,,,,,,,False
state_543d7530ecca127a5b624568,3c_a6f39dd395c2cfcf800d,3,ternary_vle_english.xlsx,10.1016/j.fluid.2009.01.016,unverified,0.5,isothermal,0.95,isothermal,,,17.859997739648,21.641948699951172,0.0,True,False,48,CC(=O)C(C)(C)C,mol_61a887e37d396488,0.6985,0.7468,0.6118331551551819,1.0434138774871826,18.16796875,CC(C)(C)CO,mol_dfb42f12fdc989ed,0.28869999999999996,0.16869999999999996,0.3186541497707367,1.1535955667495728,20.706920623779297,COC(C)(C)C,mol_b614d6fea320c179,0.0128,0.0845,0.06951271742582321,1.3350774049758911,88.0327377319336,True
state_54543799108ae9c322de9282,2c_6b00d1757b554f4dca5e,2,binary_vle_english.xlsx,10.1016/j.fluid.2009.01.016,unverified,0.5,isothermal,0.9166666666666666,isothermal,,,68.919931558656,67.18302917480469,-7.62939453125e-06,True,False,48,CC(C)(C)CO,mol_dfb42f12fdc989ed,0.4143,0.059799999999999964,0.14628712832927704,1.1456058025360107,20.706920623779297,COC(C)(C)C,mol_b614d6fea320c179,0.5857,0.9402,0.8537128567695618,1.1123769283294678,88.0327377319336,,,,,,,,True
state_55274ec4f8a3d5adc6f4f4e3,2c_26b0c25a9dccaa9e1115,2,binary_vle_english.xlsx,10.1016/j.fluid.2016.01.027,unverified,0.5,isothermal,0.9090909090909091,isothermal,,,252.80000801740798,331.42950439453125,3.0517578125e-05,True,False,48,C=C(Cl)C(F)(F)F,mol_41055367d2729aad,0.677,0.69,0.8725738525390625,1.0419710874557495,409.9671630859375,CC(F)(Cl)C(F)(F)F,mol_c4c59740db0baaf4,0.32299999999999995,0.31000000000000005,0.1274261474609375,1.1385507583618164,114.84043884277344,,,,,,,,True
state_3a2e7aa8ddec72374c8d7118,2c_8affb2d94018c3a50639,2,binary_vle_english.xlsx,10.1016/j.jct.2017.09.020,unverified,0.5,isobaric,0.9285714285714286,isobaric,417.09999999999997,393.28448486328125,,,4.76837158203125e-07,True,False,48,CCCCCCCCCC(=O)OC,mol_95d9432584d71e0d,0.7596,0.9099,0.8024976849555969,0.997471809387207,6.354953765869141,CCCCCCCCCCCC(=O)OC,mol_5c1fd649aae595b4,0.24039999999999995,0.09009999999999996,0.1975022852420807,0.951949954032898,5.178186893463135,,,,,,,,False
state_3a3980f896a49d68e2f7ed4b,2c_f481f8e2e3c46fec24b0,2,binary_vle_english.xlsx,10.1016/j.fluid.2012.11.008,unverified,0.5,full_state,0.0,isobaric,413.18999999999994,399.0238342285156,,,0.0,True,False,48,CCC(C)(C)OC,mol_25226214deaceb17,1.0,1.0,1.0,1.0,400.0000305175781,CCO,mol_f29e20f49d416e54,0.0,0.0,0.0,5.052106857299805,499.3543395996094,,,,,,,,False
state_3adf8c5028e6c63caeb6b4d1,2c_f17e33a6fb9a3b89984d,2,binary_vle_english.xlsx,10.1016/j.fluid.2015.07.030,unverified,0.5,isobaric,0.9375,isobaric,374.10999999999996,362.43145751953125,,,0.00077056884765625,True,False,48,O,mol_e81dc06beaa39499,0.5998,0.99894,0.9583029747009277,1.3247514963150024,64.319091796875,OCCOCCOCCO,mol_f34461328d644291,0.4002,0.0010599999999999499,0.04169704020023346,1.2160598039627075,4.569315433502197,,,,,,,,False
state_3afe7d65463789f0d5f6da3a,2c_1694e8275721c8f0a44b,2,binary_vle_english.xlsx,10.1016/j.fluid.2013.02.005,unverified,0.5,isobaric,0.9545454545454546,isobaric,360.27,392.4091491699219,,,3.0517578125e-05,True,False,48,CC(C)OC(C)C,mol_1a0ca8e5eeb68da8,0.096,0.203,0.5620710253715515,1.5051093101501465,365.6620788574219,Cc1ccc(C)o1,mol_8abd2666cf37a39e,0.904,0.7969999999999999,0.4379290044307709,1.0022448301315308,45.43489074707031,,,,,,,,False
state_3b4e84607ead0e8a24a1a008,2c_14f322a5589c2ae1768c,2,binary_vle_english.xlsx,10.1016/j.jct.2016.11.024,unverified,0.5,isobaric,0.9285714285714286,isobaric,382.67999999999995,364.6405029296875,,,0.00028693675994873047,True,False,48,CCCCCCCC(=O)OC,mol_b57df1d978ebac66,0.0876,0.3286,0.050803057849407196,0.6852484345436096,1.6928684711456299,CCCCCCCCCC(=O)OC,mol_95d9432584d71e0d,0.9124,0.6714,0.9491969347000122,0.9960518479347229,2.0891740322113037,,,,,,,,False
state_3b5223ec65bccda79f196755,2c_14f322a5589c2ae1768c,2,binary_vle_english.xlsx,10.1016/j.jct.2016.11.024,unverified,0.5,isobaric,0.9285714285714286,isobaric,364.2,369.0389709472656,,,3.4570693969726562e-06,True,False,48,CCCCCCCC(=O)OC,mol_b57df1d978ebac66,0.6194,0.8883,0.5974612832069397,0.9458183646202087,2.0396459102630615,CCCCCCCCCC(=O)OC,mol_95d9432584d71e0d,0.38060000000000005,0.11170000000000002,0.4025387167930603,0.8439669609069824,2.5063250064849854,,,,,,,,False
state_3cf218ff5a213f688667c333,2c_1694e8275721c8f0a44b,2,binary_vle_english.xlsx,10.1016/j.fluid.2013.02.005,unverified,0.5,isobaric,0.9545454545454546,isobaric,342.32,346.1885986328125,,,0.0009613037109375,True,False,48,CC(C)OC(C)C,mol_1a0ca8e5eeb68da8,0.806,0.903,0.9756755232810974,1.0385631322860718,109.56448364257812,Cc1ccc(C)o1,mol_8abd2666cf37a39e,0.19399999999999995,0.09699999999999998,0.02432444505393505,1.5052967071533203,7.829813003540039,,,,,,,,False
state_3d5acf4e10adedeb03f56a8d,2c_f21c5beff7e3dc67c753,2,binary_vle_english.xlsx,10.1016/j.fluid.2014.01.034,unverified,0.5,isobaric,0.9375,isobaric,469.11,430.34002685546875,,,3.814697265625e-06,True,False,48,O=[N+]([O-])c1ccc(Cl)c(Cl)c1,mol_d71344439e314718,0.907,0.91,0.882882833480835,1.0028226375579834,19.413360595703125,O=[N+]([O-])c1cccc(Cl)c1Cl,mol_aa6ec9bb4303db75,0.09299999999999997,0.08999999999999997,0.11711721867322922,1.2957422733306885,19.437850952148438,,,,,,,,True
state_3e4da3ce33e10f7f56a915fe,2c_14f322a5589c2ae1768c,2,binary_vle_english.xlsx,10.1016/j.jct.2016.11.024,unverified,0.5,isobaric,0.9285714285714286,isobaric,393.91999999999996,410.1157531738281,,,0.0,True,False,48,CCCCCCCC(=O)OC,mol_b57df1d978ebac66,0.8785,0.9657,0.8441293835639954,1.0025537014007568,9.584260940551758,CCCCCCCCCC(=O)OC,mol_95d9432584d71e0d,0.12150000000000005,0.0343,0.15587057173252106,1.1289132833480835,11.363869667053223,,,,,,,,False
state_3f85435a7822213e14fc8b16,2c_4c8ca30e57e6c11f5778,2,binary_vle_english.xlsx,10.1016/j.fluid.2015.03.030,unverified,0.5,isobaric,0.9166666666666666,isobaric,550.71,494.9131774902344,,,7.62939453125e-06,True,False,48,O=C1OC(=O)c2cc(Cl)ccc21,mol_df66df7dbda573ad,1.0,1.0,1.0,1.0,81.32998657226562,O=C1OC(=O)c2cc(F)ccc21,mol_12d7c05b7c8fe7d9,0.0,0.0,0.0,1.9362297058105469,97.2607421875,,,,,,,,True
state_40120a13a81af19332c1e436,2c_500d21d465db933527d2,2,binary_vle_english.xlsx,10.1016/j.fluid.2014.09.006,unverified,0.5,isobaric,0.9285714285714286,isobaric,415.27,343.39910888671875,,,0.0003094673156738281,True,False,48,CCCCCCCCCCCCCC(=O)OC,mol_de3754c1966b59a2,0.7684,0.9142,0.8872597813606262,0.9391397833824158,0.6150864958763123,CCCCCCCCCCCCCCCC(=O)OC,mol_e51b7f78035080f4,0.23160000000000003,0.08579999999999999,0.11274022608995438,0.4828470051288605,0.5043520927429199,,,,,,,,True
state_40d7736bffaf893f4d7a6bc5,2c_8affb2d94018c3a50639,2,binary_vle_english.xlsx,10.1016/j.jct.2017.09.020,unverified,0.5,isobaric,0.9285714285714286,isobaric,443.29999999999995,397.4348449707031,,,5.14984130859375e-05,True,False,48,CCCCCCCCCC(=O)OC,mol_95d9432584d71e0d,0.0,0.0,0.0,0.9045152068138123,7.36784029006958,CCCCCCCCCCCC(=O)OC,mol_5c1fd649aae595b4,1.0,1.0,1.0,1.0,6.000091552734375,,,,,,,,False
state_4172881684b07a06303d9800,2c_8affb2d94018c3a50639,2,binary_vle_english.xlsx,10.1016/j.jct.2017.09.020,unverified,0.5,isobaric,0.9285714285714286,isobaric,413.52,368.9613952636719,,,2.384185791015625e-07,True,False,48,CCCCCCCCCC(=O)OC,mol_95d9432584d71e0d,0.0623,0.2137,0.044737882912158966,0.5748457312583923,2.498385190963745,CCCCCCCCCCCC(=O)OC,mol_5c1fd649aae595b4,0.9377,0.7863,0.9552620649337769,0.9972299933433533,2.043085813522339,,,,,,,,False
state_42ad917a6377ca2106b3c8e4,2c_8affb2d94018c3a50639,2,binary_vle_english.xlsx,10.1016/j.jct.2017.09.020,unverified,0.5,isobaric,0.9285714285714286,isobaric,413.56999999999994,391.6949768066406,,,-5.245208740234375e-06,True,False,48,CCCCCCCCCC(=O)OC,mol_95d9432584d71e0d,1.0,1.0,1.0,1.0,6.000034809112549,CCCCCCCCCCCC(=O)OC,mol_5c1fd649aae595b4,0.0,0.0,0.0,0.9349626302719116,4.890070915222168,,,,,,,,False
state_42cb4931d34b286a6a62567a,2c_851f25357ae6f5ac55a7,2,binary_vle_english.xlsx,10.1016/j.fluid.2006.03.014,unverified,0.5,isobaric,0.8181818181818182,isobaric,375.34999999999997,367.3551025390625,,,0.0,True,False,48,CC(C)(N)CO,mol_5dd0884957432481,0.529,0.069,0.13102984428405762,1.1981185674667358,13.78924560546875,O,mol_e81dc06beaa39499,0.471,0.931,0.8689702153205872,1.5913360118865967,77.32996368408203,,,,,,,,False
state_42d7d3c1bc9797e998be3066,2c_f17e33a6fb9a3b89984d,2,binary_vle_english.xlsx,10.1016/j.fluid.2015.07.030,unverified,0.5,isobaric,0.9375,isobaric,357.46,358.225830078125,,,-2.6702880859375e-05,True,False,48,O,mol_e81dc06beaa39499,0.9541,0.99999,0.9867809414863586,1.0077208280563354,54.73411560058594,OCCOCCOCCO,mol_f34461328d644291,0.04590000000000005,9.99999999995449e-06,0.013219048269093037,4.0559844970703125,3.7867157459259033,,,,,,,,False
state_4359630697852da0415a8652,2c_500d21d465db933527d2,2,binary_vle_english.xlsx,10.1016/j.fluid.2014.09.006,unverified,0.5,isobaric,0.9285714285714286,isobaric,432.25,345.4891357421875,,,6.711483001708984e-05,True,False,48,CCCCCCCCCCCCCC(=O)OC,mol_de3754c1966b59a2,0.1499,0.3562,0.08280802518129349,0.4075634181499481,0.677747905254364,CCCCCCCCCCCCCCCC(=O)OC,mol_e51b7f78035080f4,0.8501,0.6437999999999999,0.9171919822692871,0.9712687730789185,0.5554479956626892,,,,,,,,True
state_435e085c7a80373854976915,2c_14f322a5589c2ae1768c,2,binary_vle_english.xlsx,10.1016/j.jct.2016.11.024,unverified,0.5,isobaric,0.9285714285714286,isobaric,405.66999999999996,407.08172607421875,,,9.1552734375e-05,True,False,48,CCCCCCCC(=O)OC,mol_b57df1d978ebac66,0.3662,0.7087,0.3367040455341339,1.0640734434127808,8.640947341918945,CCCCCCCCCC(=O)OC,mol_95d9432584d71e0d,0.6337999999999999,0.2913,0.6632959842681885,1.0190379619598389,10.269935607910156,,,,,,,,False
state_43a0232c271a436bbcfd04f8,2c_f21c5beff7e3dc67c753,2,binary_vle_english.xlsx,10.1016/j.fluid.2014.01.034,unverified,0.5,isobaric,0.9375,isobaric,469.05999999999995,430.72320556640625,,,1.1444091796875e-05,True,False,48,O=[N+]([O-])c1ccc(Cl)c(Cl)c1,mol_d71344439e314718,0.948,0.95,0.9320465922355652,1.0008796453475952,19.646114349365234,O=[N+]([O-])c1cccc(Cl)c1Cl,mol_aa6ec9bb4303db75,0.052000000000000046,0.050000000000000044,0.0679534375667572,1.3286464214324951,19.671066284179688,,,,,,,,True
state_43f697160ae546129cfbac11,2c_500d21d465db933527d2,2,binary_vle_english.xlsx,10.1016/j.fluid.2014.09.006,unverified,0.5,isobaric,0.9230769230769231,isobaric,438.21,364.33795166015625,,,0.00015425682067871094,True,False,48,CCCCCCCCCCCCCC(=O)OC,mol_de3754c1966b59a2,0.8229,0.9188,0.8929356336593628,0.9827753901481628,1.54596745967865,CCCCCCCCCCCCCCCC(=O)OC,mol_e51b7f78035080f4,0.17710000000000004,0.08120000000000005,0.10706430673599243,0.671002984046936,1.2614883184432983,,,,,,,,True
state_441e34a1df2cdf2bcd322a0e,2c_f17e33a6fb9a3b89984d,2,binary_vle_english.xlsx,10.1016/j.fluid.2015.07.030,unverified,0.5,isobaric,0.9375,isobaric,370.99,369.8639831542969,,,4.57763671875e-05,True,False,48,O,mol_e81dc06beaa39499,0.8594,0.99952,0.9726807475090027,1.067858099937439,84.78073120117188,OCCOCCOCCO,mol_f34461328d644291,0.14059999999999995,0.00048000000000003595,0.027319177985191345,2.466123104095459,6.302360534667969,,,,,,,,False
state_44be2c1d2e0cbddacf25e6fd,2c_8affb2d94018c3a50639,2,binary_vle_english.xlsx,10.1016/j.jct.2017.09.020,unverified,0.5,isobaric,0.9285714285714286,isobaric,409.7,383.7662353515625,,,1.3113021850585938e-05,True,False,48,CCCCCCCCCC(=O)OC,mol_95d9432584d71e0d,0.6695,0.8696,0.7320078611373901,0.9778017401695251,4.472692489624023,CCCCCCCCCCCC(=O)OC,mol_5c1fd649aae595b4,0.3305,0.13039999999999996,0.26799213886260986,0.8887571692466736,3.6494054794311523,,,,,,,,False
state_4506f350b4c7bd5abce30bc3,2c_14f322a5589c2ae1768c,2,binary_vle_english.xlsx,10.1016/j.jct.2016.11.024,unverified,0.5,isobaric,0.9285714285714286,isobaric,424.42999999999995,406.2907409667969,,,1.811981201171875e-05,True,False,48,CCCCCCCC(=O)OC,mol_b57df1d978ebac66,0.0,0.0,0.0,1.1546266078948975,8.408530235290527,CCCCCCCCCC(=O)OC,mol_95d9432584d71e0d,1.0,1.0,1.0,1.0,9.999995231628418,,,,,,,,False
state_45d8e40ccdb13aa4ae807e61,2c_4c8ca30e57e6c11f5778,2,binary_vle_english.xlsx,10.1016/j.fluid.2015.03.030,unverified,0.5,isobaric,0.9166666666666666,isobaric,520.15,473.8442077636719,,,6.4849853515625e-05,True,False,48,O=C1OC(=O)c2cc(Cl)ccc21,mol_df66df7dbda573ad,0.30789999999999995,0.1945,0.3229297995567322,1.3478389978408813,47.723690032958984,O=C1OC(=O)c2cc(F)ccc21,mol_12d7c05b7c8fe7d9,0.6921,0.8055,0.6770702004432678,1.0581144094467163,56.70296859741211,,,,,,,,True
state_46056fc28bb055540c18dbd2,2c_14f322a5589c2ae1768c,2,binary_vle_english.xlsx,10.1016/j.jct.2016.11.024,unverified,0.5,isobaric,0.9285714285714286,isobaric,413.48,406.56512451171875,,,4.673004150390625e-05,True,False,48,CCCCCCCC(=O)OC,mol_b57df1d978ebac66,0.1821,0.4928,0.17078691720962524,1.1048741340637207,8.488537788391113,CCCCCCCCCC(=O)OC,mol_95d9432584d71e0d,0.8179,0.5072,0.8292130827903748,1.0044983625411987,10.092940330505371,,,,,,,,False
state_460e81158220d924fb5931bc,2c_f17e33a6fb9a3b89984d,2,binary_vle_english.xlsx,10.1016/j.fluid.2015.07.030,unverified,0.5,isobaric,0.9375,isobaric,403.46999999999997,380.12847900390625,,,7.62939453125e-05,True,False,48,O,mol_e81dc06beaa39499,0.4011,0.99585,0.922685444355011,1.5086499452590942,121.96868896484375,OCCOCCOCCO,mol_f34461328d644291,0.5989,0.004149999999999987,0.07731456309556961,1.0728909969329834,9.624700546264648,,,,,,,,False
state_46390422d0ae02e7118e54f5,2c_1694e8275721c8f0a44b,2,binary_vle_english.xlsx,10.1016/j.fluid.2013.02.005,unverified,0.5,isobaric,0.9545454545454546,isobaric,357.16999999999996,379.23944091796875,,,7.62939453125e-05,True,False,48,CC(C)OC(C)C,mol_1a0ca8e5eeb68da8,0.182,0.346,0.7474096417427063,1.4443573951721191,267.26422119140625,Cc1ccc(C)o1,mol_8abd2666cf37a39e,0.8180000000000001,0.654,0.2525903582572937,1.009310007095337,28.75855827331543,,,,,,,,False
state_474b58a16c26099f7236e2b1,2c_4c8ca30e57e6c11f5778,2,binary_vle_english.xlsx,10.1016/j.fluid.2015.03.030,unverified,0.5,isobaric,0.9166666666666666,isobaric,499.92999999999995,462.309814453125,,,0.000637054443359375,True,False,48,O=C1OC(=O)c2cc(Cl)ccc21,mol_df66df7dbda573ad,0.0,0.0,0.0,1.7816510200500488,34.917999267578125,O=C1OC(=O)c2cc(F)ccc21,mol_12d7c05b7c8fe7d9,1.0,1.0,1.0,1.0,41.330570220947266,,,,,,,,True
state_482f31614f8f726116b75450,2c_1694e8275721c8f0a44b,2,binary_vle_english.xlsx,10.1016/j.fluid.2013.02.005,unverified,0.5,isobaric,0.9473684210526315,isobaric,323.79999999999995,326.2312316894531,,,0.0,True,False,48,CC(C)OC(C)C,mol_1a0ca8e5eeb68da8,0.81,0.912,0.9820036888122559,1.0346053838729858,58.59001159667969,Cc1ccc(C)o1,mol_8abd2666cf37a39e,0.18999999999999995,0.08799999999999997,0.01799628883600235,1.5075198411941528,3.141495943069458,,,,,,,,False
state_4b001e91dc2977f1b917cf89,2c_1694e8275721c8f0a44b,2,binary_vle_english.xlsx,10.1016/j.fluid.2013.02.005,unverified,0.5,isobaric,0.9473684210526315,isobaric,330.95,337.71246337890625,,,-3.814697265625e-06,True,False,48,CC(C)OC(C)C,mol_1a0ca8e5eeb68da8,0.445,0.669,0.9348748326301575,1.2394390106201172,84.74976348876953,Cc1ccc(C)o1,mol_8abd2666cf37a39e,0.5549999999999999,0.33099999999999996,0.06512520462274551,1.0899218320846558,5.383081436157227,,,,,,,,False
state_4bc6635b15447b820c83e204,2c_851f25357ae6f5ac55a7,2,binary_vle_english.xlsx,10.1016/j.fluid.2006.03.014,unverified,0.5,isobaric,0.9,isobaric,400.65,384.3713684082031,,,-3.0517578125e-05,True,False,48,CC(C)(N)CO,mol_5dd0884957432481,0.815,0.276,0.28898048400878906,1.0365443229675293,27.366079330444336,O,mol_e81dc06beaa39499,0.18500000000000005,0.724,0.7110195159912109,2.1813509464263916,140.9528350830078,,,,,,,,False
state_4cf69959eacf5af258c00dd8,2c_f21c5beff7e3dc67c753,2,binary_vle_english.xlsx,10.1016/j.fluid.2014.01.034,unverified,0.5,isobaric,0.9375,isobaric,507.46,469.921630859375,,,-2.6702880859375e-05,True,False,48,O=[N+]([O-])c1ccc(Cl)c(Cl)c1,mol_d71344439e314718,1.0,1.0,1.0,1.0,59.99997329711914,O=[N+]([O-])c1cccc(Cl)c1Cl,mol_aa6ec9bb4303db75,0.0,0.0,0.0,1.6788294315338135,60.129547119140625,,,,,,,,True
state_4d3f903c452e99f37babb0d6,2c_4c8ca30e57e6c11f5778,2,binary_vle_english.xlsx,10.1016/j.fluid.2015.03.030,unverified,0.5,isobaric,0.9166666666666666,isobaric,503.14,460.2191467285156,,,0.0009002685546875,True,False,48,O=C1OC(=O)c2cc(Cl)ccc21,mol_df66df7dbda573ad,0.18079999999999996,0.10540000000000005,0.21341121196746826,1.4810340404510498,32.94032669067383,O=C1OC(=O)c2cc(F)ccc21,mol_12d7c05b7c8fe7d9,0.8192,0.8946,0.7865888476371765,1.0185683965682983,38.96205139160156,,,,,,,,True
state_4db96457f1ba361638e9859e,2c_f21c5beff7e3dc67c753,2,binary_vle_english.xlsx,10.1016/j.fluid.2014.01.034,unverified,0.5,isobaric,0.9375,isobaric,528.8399999999999,486.0468444824219,,,7.62939453125e-06,True,False,48,O=[N+]([O-])c1ccc(Cl)c(Cl)c1,mol_d71344439e314718,0.74,0.746,0.6842759847640991,1.0391942262649536,90.13885498046875,O=[N+]([O-])c1cccc(Cl)c1Cl,mol_aa6ec9bb4303db75,0.26,0.254,0.31572407484054565,1.361301302909851,90.36272430419922,,,,,,,,True
state_4e7847f5d3e12b1b9d1a697e,2c_8affb2d94018c3a50639,2,binary_vle_english.xlsx,10.1016/j.jct.2017.09.020,unverified,0.5,isobaric,0.9285714285714286,isobaric,419.12,386.0470886230469,,,6.198883056640625e-05,True,False,48,CCCCCCCCCC(=O)OC,mol_95d9432584d71e0d,0.2908,0.603,0.3130916655063629,0.8837483525276184,4.873134613037109,CCCCCCCCCCCC(=O)OC,mol_5c1fd649aae595b4,0.7092,0.397,0.6869083642959595,0.9747030138969421,3.9748222827911377,,,,,,,,False
state_4ef901434c42a635d78fc1ba,2c_851f25357ae6f5ac55a7,2,binary_vle_english.xlsx,10.1016/j.fluid.2006.03.014,unverified,0.5,isobaric,0.9,isobaric,377.75,374.0681457519531,,,0.00022125244140625,True,False,48,CC(C)(N)CO,mol_5dd0884957432481,0.251,0.03,0.08506282418966293,1.8856770992279053,18.20576286315918,O,mol_e81dc06beaa39499,0.749,0.97,0.9149371981620789,1.2545280456542969,98.63684844970703,,,,,,,,False
state_4f393a4306df6750cb515628,2c_500d21d465db933527d2,2,binary_vle_english.xlsx,10.1016/j.fluid.2014.09.006,unverified,0.5,isobaric,0.9285714285714286,isobaric,428.09,347.39434814453125,,,8.404254913330078e-06,True,False,48,CCCCCCCCCCCCCC(=O)OC,mol_de3754c1966b59a2,0.3007,0.5755,0.24495956301689148,0.5506420731544495,0.739661693572998,CCCCCCCCCCCCCCCC(=O)OC,mol_e51b7f78035080f4,0.6993,0.4245,0.7550404071807861,0.8909233212471008,0.6059097051620483,,,,,,,,True
state_4fe04d75deeeb29f6c9ada72,2c_1694e8275721c8f0a44b,2,binary_vle_english.xlsx,10.1016/j.fluid.2013.02.005,unverified,0.5,isobaric,0.9473684210526315,isobaric,326.78,330.5115661621094,,,0.00098419189453125,True,False,48,CC(C)OC(C)C,mol_1a0ca8e5eeb68da8,0.646,0.817,0.96588134765625,1.1086055040359497,67.4361801147461,Cc1ccc(C)o1,mol_8abd2666cf37a39e,0.354,0.18300000000000005,0.03411862254142761,1.249488353729248,3.856867790222168,,,,,,,,False
state_50f48f752ffaed3c7c8164d3,2c_14f322a5589c2ae1768c,2,binary_vle_english.xlsx,10.1016/j.jct.2016.11.024,unverified,0.5,isobaric,0.9285714285714286,isobaric,401.31999999999994,407.71832275390625,,,0.000202178955078125,True,False,48,CCCCCCCC(=O)OC,mol_b57df1d978ebac66,0.5213,0.8163,0.4775538742542267,1.0372523069381714,8.831978797912598,CCCCCCCCCC(=O)OC,mol_95d9432584d71e0d,0.4787,0.18369999999999997,0.5224460959434509,1.0402567386627197,10.49168586730957,,,,,,,,False
state_52315eab48ab2e4b840083db,2c_4c8ca30e57e6c11f5778,2,binary_vle_english.xlsx,10.1016/j.fluid.2015.03.030,unverified,0.5,isobaric,0.9166666666666666,isobaric,527.61,485.9752502441406,,,-7.62939453125e-06,True,False,48,O=C1OC(=O)c2cc(Cl)ccc21,mol_df66df7dbda573ad,0.10009999999999997,0.05889999999999995,0.13387472927570343,1.6673516035079956,65.23609161376953,O=C1OC(=O)c2cc(F)ccc21,mol_12d7c05b7c8fe7d9,0.8999,0.9411,0.866125226020813,1.006066918373108,77.80548095703125,,,,,,,,True
state_526eee88353457ee70d42111,2c_f17e33a6fb9a3b89984d,2,binary_vle_english.xlsx,10.1016/j.fluid.2015.07.030,unverified,0.5,isobaric,0.9375,isobaric,397.4,380.84912109375,,,-3.0517578125e-05,True,False,48,O,mol_e81dc06beaa39499,0.5002,0.99017,0.9425572156906128,1.4466785192489624,125.03101348876953,OCCOCCOCCO,mol_f34461328d644291,0.4998,0.009830000000000005,0.057442765682935715,1.1136280298233032,9.906601905822754,,,,,,,,False
state_52856a5c64b07b3b26e207ad,2c_500d21d465db933527d2,2,binary_vle_english.xlsx,10.1016/j.fluid.2014.09.006,unverified,0.5,isobaric,0.9230769230769231,isobaric,437.21999999999997,362.8811950683594,,,6.246566772460938e-05,True,False,48,CCCCCCCCCCCCCC(=O)OC,mol_de3754c1966b59a2,0.9306,0.9688,0.9645165801048279,0.9973594546318054,1.4549498558044434,CCCCCCCCCCCCCCCC(=O)OC,mol_e51b7f78035080f4,0.06940000000000002,0.031200000000000006,0.03548339009284973,0.6027653813362122,1.1876007318496704,,,,,,,,True
state_52c9909e747f1d0657a98a81,2c_8affb2d94018c3a50639,2,binary_vle_english.xlsx,10.1016/j.jct.2017.09.020,unverified,0.5,isobaric,0.9285714285714286,isobaric,389.09999999999997,363.6035461425781,,,0.00015223026275634766,True,False,48,CCCCCCCCCC(=O)OC,mol_95d9432584d71e0d,1.0,1.0,1.0,1.0,2.0001211166381836,CCCCCCCCCCCC(=O)OC,mol_5c1fd649aae595b4,0.0,0.0,0.0,0.5693421959877014,1.6370269060134888,,,,,,,,False
state_5361f3c51779cbc093814eea,2c_500d21d465db933527d2,2,binary_vle_english.xlsx,10.1016/j.fluid.2014.09.006,unverified,0.5,isobaric,0.9230769230769231,isobaric,450.48,368.32843017578125,,,9.5367431640625e-07,True,False,48,CCCCCCCCCCCCCC(=O)OC,mol_de3754c1966b59a2,0.2427,0.4649,0.2255139946937561,0.7143629193305969,1.8210372924804688,CCCCCCCCCCCCCCCC(=O)OC,mol_e51b7f78035080f4,0.7573,0.5351,0.7744860053062439,0.9643918871879578,1.4846566915512085,,,,,,,,True
state_54a3a6dc241f32b25cfd5eab,2c_851f25357ae6f5ac55a7,2,binary_vle_english.xlsx,10.1016/j.fluid.2006.03.014,unverified,0.5,isobaric,0.9,isobaric,367.54999999999995,363.0960998535156,,,0.00147247314453125,True,False,48,CC(C)(N)CO,mol_5dd0884957432481,0.273,0.028,0.0816095694899559,1.7339757680892944,11.499282836914062,O,mol_e81dc06beaa39499,0.727,0.972,0.9183903932571411,1.2775019407272339,65.95787811279297,,,,,,,,False
state_55204a3882dfd80b83eb3c92,2c_4c8ca30e57e6c11f5778,2,binary_vle_english.xlsx,10.1016/j.fluid.2015.03.030,unverified,0.5,isobaric,0.9166666666666666,isobaric,509.83,459.95635986328125,,,0.00084686279296875,True,False,48,O=C1OC(=O)c2cc(Cl)ccc21,mol_df66df7dbda573ad,0.5006999999999999,0.34530000000000005,0.46024206280708313,1.1618592739105225,32.698570251464844,O=C1OC(=O)c2cc(F)ccc21,mol_12d7c05b7c8fe7d9,0.4993,0.6547,0.5397579669952393,1.155333399772644,38.67263412475586,,,,,,,,True
state_556364465f419bc7135f1000,2c_61ebe4a2edff80d5fa4f,2,binary_vle_english.xlsx,10.1016/j.fluid.2009.01.016,unverified,0.5,isothermal,0.9090909090909091,isothermal,,,12.430044335744,20.90237808227539,0.0,True,False,48,CC(=O)C(C)(C)C,mol_61a887e37d396488,0.2794,0.4782,0.29229819774627686,1.203619122505188,18.16796875,CC(C)(C)CO,mol_dfb42f12fdc989ed,0.7206,0.5218,0.7077018022537231,0.9913691878318787,20.706960678100586,,,,,,,,True
state_55979c3bacdeecea8159fa8c,2c_01fbe79446fb7e5c19eb,2,binary_vle_english.xlsx,10.1016/j.jct.2006.01.010,unverified,0.5,isothermal,0.9473684210526315,isothermal,,,17.720009253248,17.78866958618164,-1.9073486328125e-06,True,False,48,ClC(Cl)C(Cl)Cl,mol_a1518926d4831a12,0.0806,0.016800000000000037,0.01974581554532051,0.4828995168209076,9.02457332611084,O=C1CCCC1,mol_e42ea752b52da6b7,0.9194,0.9832,0.9802541732788086,0.9929198622703552,19.101322174072266,,,,,,,,False
state_55e6b58e65ea6f7ae91c61f4,2c_61ebe4a2edff80d5fa4f,2,binary_vle_english.xlsx,10.1016/j.fluid.2009.01.016,unverified,0.5,isothermal,0.9,isothermal,,,11.949950488576,12.180147171020508,-9.5367431640625e-07,True,False,48,CC(=O)C(C)(C)C,mol_61a887e37d396488,0.9878,0.9926,0.9816977977752686,1.0000888109207153,12.103827476501465,CC(C)(C)CO,mol_dfb42f12fdc989ed,0.012199999999999989,0.007399999999999962,0.018302204087376595,1.3977806568145752,13.072450637817383,,,,,,,,True
state_570dce5501e76fea5fb7d98b,2c_ab02ff6614bbff27b5cc,2,binary_vle_english.xlsx,10.1016/j.fluid.2015.08.008,unverified,0.5,isothermal,0.9444444444444444,isothermal,,,9.600010430208,14.040395736694336,0.0,True,False,48,C1CN=C2CCCN2C1,mol_b2e98fe3254a8c98,0.28559999999999997,0.0018000000000000238,0.031612467020750046,1.2814258337020874,1.2127912044525146,O,mol_e81dc06beaa39499,0.7144,0.9982,0.9683875441551208,1.0679038763046265,17.821937561035156,,,,,,,,False
state_57c539067a86175df250d428,2c_9478a219a5c540597926,2,binary_vle_english.xlsx,10.1016/j.fluid.2009.01.016,unverified,0.5,isothermal,0.9375,isothermal,,,69.979977706624,67.42448425292969,-7.62939453125e-06,True,False,48,CC(=O)C(C)(C)C,mol_61a887e37d396488,0.6744,0.27459999999999996,0.2769244611263275,1.039792776107788,26.626529693603516,COC(C)(C)C,mol_b614d6fea320c179,0.3256,0.7254,0.7230755686759949,1.2558324337005615,119.22989654541016,,,,,,,,True
state_57e245bb6a645d2cc297cac7,2c_3718df32cb8e1a8658b3,2,binary_vle_english.xlsx,10.1016/j.fluid.2010.03.022,passed,1.0,isothermal,0.9333333333333333,isothermal,,,51.290048226176,49.96013641357422,0.0,True,False,48,C1CCSC1,mol_e61c7ae663276e1e,0.954,0.866,0.8911300301551819,1.00044846534729,46.64677047729492,C=C(C)CC(C)(C)C,mol_c01ea75a8687ed16,0.04600000000000004,0.134,0.10886995494365692,1.1316108703613281,104.490478515625,,,,,,,,False
state_5866d118a4c884e8f9ee53ad,2c_e87fea44a6b8ad1299a3,2,binary_vle_english.xlsx,10.1016/j.fluid.2010.03.001,unverified,0.5,isothermal,0.9444444444444444,isothermal,,,2.4299334791679996,6.7773542404174805,-4.76837158203125e-07,True,False,48,C=C(C)[C@H]1CC=C(C)CC1,mol_768bd4f5442f0a79,0.497,0.33099999999999996,0.7957927584648132,1.4811748266220093,7.326514720916748,CCCCCO,mol_243de2450bee5519,0.503,0.669,0.20420724153518677,1.2679712772369385,2.1699705123901367,,,,,,,,False
state_586b82802fc3485fcf63f551,2c_01fbe79446fb7e5c19eb,2,binary_vle_english.xlsx,10.1016/j.jct.2006.01.010,unverified,0.5,isothermal,0.9473684210526315,isothermal,,,13.029994991744001,12.79458236694336,-9.5367431640625e-07,True,False,48,ClC(Cl)C(Cl)Cl,mol_a1518926d4831a12,0.0,0.0,0.0,0.3642641007900238,5.934607028961182,O=C1CCCC1,mol_e42ea752b52da6b7,1.0,1.0,1.0,1.0,12.794581413269043,,,,,,,,False
state_58a7e10a6d16f697646a25f2,2c_200d73d6cf44caf265a9,2,binary_vle_english.xlsx,10.1016/j.fluid.2010.10.022,unverified,0.5,isothermal,0.8888888888888888,isothermal,,,7.180342773376,75.59428405761719,0.0,True,False,48,CCC#CCC,mol_7f5d60b87bc7cd44,0.6247,0.8024,0.9754554033279419,1.0941230058670044,107.88440704345703,CCCOC(C)=O,mol_67043ae833ecd0c7,0.3753,0.1976,0.024544574320316315,1.2599233388900757,3.9239349365234375,,,,,,,,False
state_5911a6bee5e1499cf28afc98,2c_200d73d6cf44caf265a9,2,binary_vle_english.xlsx,10.1016/j.fluid.2010.10.022,unverified,0.5,isothermal,0.8888888888888888,isothermal,,,5.793256856704001,51.76115417480469,-3.814697265625e-06,True,False,48,CCC#CCC,mol_7f5d60b87bc7cd44,0.3591,0.6079,0.9472696781158447,1.2656203508377075,107.88440704345703,CCCOC(C)=O,mol_67043ae833ecd0c7,0.6409,0.3921,0.05273030325770378,1.0853056907653809,3.9239349365234375,,,,,,,,False
state_59796397c801885608647e6e,2c_fcb25ad973d4e5c4a4fe,2,binary_vle_english.xlsx,10.1016/j.fluid.2010.10.022,unverified,0.5,isothermal,0.875,isothermal,,,86.65780600921599,174.221435546875,0.0,True,False,48,CC#CCCC,mol_a64b37cfa024f8e7,0.258,0.3861,0.6906322240829468,1.3296594619750977,350.742431640625,CCCOC(C)=O,mol_67043ae833ecd0c7,0.742,0.6139,0.309367835521698,1.0325226783752441,70.35147857666016,,,,,,,,False
state_5983165f87185dd7f5dfa2f4,2c_e87fea44a6b8ad1299a3,2,binary_vle_english.xlsx,10.1016/j.fluid.2010.03.001,unverified,0.5,isothermal,0.9444444444444444,isothermal,,,2.4699301895679997,3.86911678314209,-2.384185791015625e-07,True,False,48,C=C(C)[C@H]1CC=C(C)CC1,mol_768bd4f5442f0a79,0.11499999999999999,0.16100000000000003,0.4995633065700531,2.294072151184082,7.326514720916748,CCCCCO,mol_243de2450bee5519,0.885,0.839,0.5004367232322693,1.0082398653030396,2.1699705123901367,,,,,,,,False
state_5998fa05bb021df0bd9a9bd7,2c_9478a219a5c540597926,2,binary_vle_english.xlsx,10.1016/j.fluid.2009.01.016,unverified,0.5,isothermal,0.9444444444444444,isothermal,,,18.649932770048,18.16796875,0.0,True,False,48,CC(=O)C(C)(C)C,mol_61a887e37d396488,1.0,1.0,1.0,1.0,18.16796875,COC(C)(C)C,mol_b614d6fea320c179,0.0,0.0,0.0,1.3989323377609253,88.0327377319336,,,,,,,,True
state_5a109d048a63f1f9b37dd229,2c_fcb25ad973d4e5c4a4fe,2,binary_vle_english.xlsx,10.1016/j.fluid.2010.10.022,unverified,0.5,isothermal,0.875,isothermal,,,16.946872841216,88.61273193359375,0.0,True,False,48,CC#CCCC,mol_a64b37cfa024f8e7,0.6716,0.7972,0.9525246620178223,1.0725829601287842,117.17388153076172,CCCOC(C)=O,mol_67043ae833ecd0c7,0.3284,0.2028,0.04747531935572624,1.2545709609985352,10.210939407348633,,,,,,,,False
state_5a9c75464eb117b0768ea274,2c_200d73d6cf44caf265a9,2,binary_vle_english.xlsx,10.1016/j.fluid.2010.10.022,unverified,0.5,isothermal,0.8888888888888888,isothermal,,,71.783162733824,336.5830078125,0.0,True,False,48,CCC#CCC,mol_7f5d60b87bc7cd44,1.0,1.0,1.0,1.0,336.5830078125,CCCOC(C)=O,mol_67043ae833ecd0c7,0.0,0.0,0.0,2.290886402130127,34.7778205871582,,,,,,,,False
state_5abd34be07c8efecb6014e11,2c_679d20c0c097df83b478,2,binary_vle_english.xlsx,10.1016/j.fluid.2010.10.022,unverified,0.5,isothermal,0.9,isothermal,,,29.567034873727998,81.12039184570312,-7.62939453125e-06,True,False,48,C#CCCCC,mol_532ee0519201d73c,0.849,0.9505,0.9734249711036682,1.0155270099639893,91.58689880371094,CCCOC(C)=O,mol_67043ae833ecd0c7,0.151,0.0495,0.026575064286589622,1.3981754779815674,10.210939407348633,,,,,,,,False
state_5adaa69dccae2d91887890d4,2c_01fbe79446fb7e5c19eb,2,binary_vle_english.xlsx,10.1016/j.jct.2006.01.010,unverified,0.5,isothermal,0.9473684210526315,isothermal,,,18.800053756416,19.15845489501953,-1.9073486328125e-06,True,False,48,ClC(Cl)C(Cl)Cl,mol_a1518926d4831a12,0.374,0.19210000000000005,0.2002875655889511,0.7650795578956604,13.410229682922363,O=C1CCCC1,mol_e42ea752b52da6b7,0.626,0.8079,0.7997124791145325,0.8774136900901794,27.894306182861328,,,,,,,,False
state_5b31a9541a2880fb45376ee1,2c_fcb25ad973d4e5c4a4fe,2,binary_vle_english.xlsx,10.1016/j.fluid.2010.10.022,unverified,0.5,isothermal,0.875,isothermal,,,6.057368467711999,43.2720947265625,-3.814697265625e-06,True,False,48,CC#CCCC,mol_a64b37cfa024f8e7,0.5441,0.7263999999999999,0.9517279267311096,1.1121257543563843,68.05939483642578,CCCOC(C)=O,mol_67043ae833ecd0c7,0.4559,0.2736,0.04827209562063217,1.1676498651504517,3.9239349365234375,,,,,,,,False
state_5b4e17bf51cc72270aa984a7,2c_635bd51c750eee04b7c9,2,binary_vle_english.xlsx,10.1016/j.fluid.2006.10.023,unverified,0.5,isothermal,0.9230769230769231,isothermal,,,446.60006858956797,162.21038818359375,0.0,True,False,48,C1CC1,mol_5b0fb88d8ed110b0,0.6859,0.6354,0.32929378747940063,1.127301812171936,69.08141326904297,FCC(F)(F)F,mol_28a5ef315edd1f58,0.31410000000000005,0.36460000000000004,0.6707062125205994,1.627479910850525,212.8273468017578,,,,,,,,False
state_5b7d251edec2ec2b1580e138,2c_fcb25ad973d4e5c4a4fe,2,binary_vle_english.xlsx,10.1016/j.fluid.2010.10.022,unverified,0.5,isothermal,0.875,isothermal,,,29.89154151744,83.14825439453125,0.0,True,False,48,CC#CCCC,mol_a64b37cfa024f8e7,0.258,0.4153,0.7811329960823059,1.3320282697677612,188.99267578125,CCCOC(C)=O,mol_67043ae833ecd0c7,0.742,0.5847,0.2188669890165329,1.035353660583496,23.688674926757812,,,,,,,,False
state_5b9553e23194a957a2dd8169,2c_61ebe4a2edff80d5fa4f,2,binary_vle_english.xlsx,10.1016/j.fluid.2009.01.016,unverified,0.5,isothermal,0.9090909090909091,isothermal,,,18.149973890048,18.877582550048828,0.0,True,False,48,CC(=O)C(C)(C)C,mol_61a887e37d396488,0.9398,0.9605,0.9064272046089172,1.0021610260009766,18.16796875,CC(C)(C)CO,mol_dfb42f12fdc989ed,0.06020000000000003,0.03949999999999998,0.09357281029224396,1.417043685913086,20.706960678100586,,,,,,,,True
state_5c0d0e899e9550fb076d50c3,2c_e87fea44a6b8ad1299a3,2,binary_vle_english.xlsx,10.1016/j.fluid.2010.03.001,unverified,0.5,isothermal,0.9473684210526315,isothermal,,,5.810055475072,10.955852508544922,0.0,True,False,48,C=C(C)[C@H]1CC=C(C)CC1,mol_768bd4f5442f0a79,0.40700000000000003,0.275,0.6923032999038696,1.6585298776626587,11.236340522766113,CCCCCO,mol_243de2450bee5519,0.593,0.725,0.30769672989845276,1.170032024383545,4.85866117477417,,,,,,,,False
state_5c19a213dc40dcc8dba5b816,2c_e87fea44a6b8ad1299a3,2,binary_vle_english.xlsx,10.1016/j.fluid.2010.03.001,unverified,0.5,isothermal,0.9473684210526315,isothermal,,,5.009987944704,12.047147750854492,-9.5367431640625e-07,True,False,48,C=C(C)[C@H]1CC=C(C)CC1,mol_768bd4f5442f0a79,0.859,0.40700000000000003,0.837396502494812,1.0451948642730713,11.236340522766113,CCCCCO,mol_243de2450bee5519,0.141,0.593,0.1626034677028656,2.859421968460083,4.85866117477417,,,,,,,,False
state_5c22df1efd5f3c7a12aedbd2,2c_68327a02527de440bdc0,2,binary_vle_english.xlsx,10.1016/j.fluid.2015.10.041,unverified,0.5,isothermal,0.9,isothermal,,,35.699997124096,44.39611053466797,-3.814697265625e-06,True,False,48,CCCCCO,mol_243de2450bee5519,0.7969999999999999,0.548,0.36777958273887634,1.0394902229309082,19.70850944519043,CCCCCS,mol_22ade86f58436479,0.203,0.452,0.6322203874588013,2.2667171955108643,60.99862289428711,,,,,,,,False
state_5cb45fa9183a3bb8716d0599,2c_9478a219a5c540597926,2,binary_vle_english.xlsx,10.1016/j.fluid.2009.01.016,unverified,0.5,isothermal,0.9411764705882353,isothermal,,,55.739948902912,49.04072570800781,-3.814697265625e-06,True,False,48,CC(=O)C(C)(C)C,mol_61a887e37d396488,0.3499,0.08620000000000005,0.10366099327802658,1.2003434896469116,12.103827476501465,COC(C)(C)C,mol_b614d6fea320c179,0.6501,0.9138,0.8963389992713928,1.0601797103881836,63.777793884277344,,,,,,,,True
state_5d1a8b4b0428ae9e1cd755af,2c_9478a219a5c540597926,2,binary_vle_english.xlsx,10.1016/j.fluid.2009.01.016,unverified,0.5,isothermal,0.9444444444444444,isothermal,,,73.34996720256,65.7579345703125,0.0,True,False,48,CC(=O)C(C)(C)C,mol_61a887e37d396488,0.4082,0.11439999999999995,0.13155288994312286,1.1664581298828125,18.16796875,COC(C)(C)C,mol_b614d6fea320c179,0.5918,0.8856,0.8684470653533936,1.0961560010910034,88.0327377319336,,,,,,,,True
state_5d4be97c7ae3bd06ad1d505b,2c_635bd51c750eee04b7c9,2,binary_vle_english.xlsx,10.1016/j.fluid.2006.10.023,unverified,0.5,isothermal,0.9230769230769231,isothermal,,,450.500014498304,173.06329345703125,1.52587890625e-05,True,False,48,C1CC1,mol_5b0fb88d8ed110b0,0.6012,0.5977,0.28953295946121216,1.2064875364303589,69.08141326904297,FCC(F)(F)F,mol_28a5ef315edd1f58,0.39880000000000004,0.4023,0.7104670405387878,1.4486597776412964,212.8273468017578,,,,,,,,False
state_5d6c6ee45a247e9cedd40643,2c_ab02ff6614bbff27b5cc,2,binary_vle_english.xlsx,10.1016/j.fluid.2015.08.008,unverified,0.5,isothermal,0.6666666666666666,isothermal,,,40.00004345919999,40.55609893798828,0.0,True,False,48,C1CN=C2CCCN2C1,mol_b2e98fe3254a8c98,0.08940000000000003,9.999999999998899e-05,0.016373394057154655,2.391462802886963,3.105944871902466,O,mol_e81dc06beaa39499,0.9106,0.9999,0.983626663684845,1.0194731950759888,42.97174835205078,,,,,,,,False
state_5d7317c69bccfed9a477fb26,2c_679d20c0c097df83b478,2,binary_vle_english.xlsx,10.1016/j.fluid.2010.10.022,unverified,0.5,isothermal,0.9,isothermal,,,4.309912190336,21.31073760986328,0.0,True,False,48,C#CCCCC,mol_532ee0519201d73c,0.849,0.9666,0.9876222610473633,1.005534291267395,24.653852462768555,CCCOC(C)=O,mol_67043ae833ecd0c7,0.151,0.0334,0.012377703562378883,1.332619547843933,1.3108574151992798,,,,,,,,False
state_5db7d242dd0899f5f7ba7235,2c_26b0c25a9dccaa9e1115,2,binary_vle_english.xlsx,10.1016/j.fluid.2016.01.027,unverified,0.5,isothermal,0.9090909090909091,isothermal,,,252.60002446540798,409.967529296875,3.0517578125e-05,True,False,48,C=C(Cl)C(F)(F)F,mol_41055367d2729aad,1.0,1.0,1.0,1.0,409.9675598144531,CC(F)(Cl)C(F)(F)F,mol_c4c59740db0baaf4,0.0,0.0,0.0,1.494172215461731,114.84054565429688,,,,,,,,True
state_5de4cb3573f9d177c1c9b06e,2c_679d20c0c097df83b478,2,binary_vle_english.xlsx,10.1016/j.fluid.2010.10.022,unverified,0.5,isothermal,0.9,isothermal,,,63.944207462528,128.34823608398438,1.52587890625e-05,True,False,48,C#CCCCC,mol_532ee0519201d73c,0.47219999999999995,0.7107,0.8440072536468506,1.1442334651947021,200.4912872314453,CCCOC(C)=O,mol_67043ae833ecd0c7,0.5278,0.2893,0.15599273145198822,1.0907433032989502,34.7778205871582,,,,,,,,False
state_5e11da7d223f5bd2a5751034,2c_200d73d6cf44caf265a9,2,binary_vle_english.xlsx,10.1016/j.fluid.2010.10.022,unverified,0.5,isothermal,0.8888888888888888,isothermal,,,7.411790404224,35.05061340332031,-3.814697265625e-06,True,False,48,CCC#CCC,mol_7f5d60b87bc7cd44,0.13549999999999995,0.3125,0.8393629789352417,1.555538296699524,139.58070373535156,CCCOC(C)=O,mol_67043ae833ecd0c7,0.8645,0.6875,0.16063706576824188,1.0128201246261597,6.4304890632629395,,,,,,,,False
state_5e8d5cfe89535d8443705798,3c_a6f39dd395c2cfcf800d,3,ternary_vle_english.xlsx,10.1016/j.fluid.2009.01.016,unverified,0.5,isothermal,0.95,isothermal,,,41.3099357248,46.54167938232422,0.0,True,False,48,CC(=O)C(C)(C)C,mol_61a887e37d396488,0.6315,0.4329,0.38056421279907227,1.0533727407455444,26.626529693603516,CC(C)(C)CO,mol_dfb42f12fdc989ed,0.24870000000000003,0.10329999999999995,0.21188145875930786,1.242034673690796,31.924604415893555,COC(C)(C)C,mol_b614d6fea320c179,0.1198,0.4638,0.4075542986392975,1.3279616832733154,119.22989654541016,True
state_5ea3432d68a5b228aec10833,2c_635bd51c750eee04b7c9,2,binary_vle_english.xlsx,10.1016/j.fluid.2006.10.023,unverified,0.5,isothermal,0.9230769230769231,isothermal,,,171.20005268300798,30.078327178955078,-1.9073486328125e-06,True,False,48,C1CC1,mol_5b0fb88d8ed110b0,1.0,1.0,1.0,1.0,30.078325271606445,FCC(F)(F)F,mol_28a5ef315edd1f58,0.0,0.0,0.0,2.1973798274993896,104.72477722167969,,,,,,,,False
state_5f0aa4434222c2a1be0fcb74,2c_e87fea44a6b8ad1299a3,2,binary_vle_english.xlsx,10.1016/j.fluid.2010.03.001,unverified,0.5,isothermal,0.9473684210526315,isothermal,,,5.479949291904,11.95753288269043,-9.5367431640625e-07,True,False,48,C=C(C)[C@H]1CC=C(C)CC1,mol_768bd4f5442f0a79,0.6910000000000001,0.33799999999999997,0.7776334881782532,1.1976048946380615,11.236340522766113,CCCCCO,mol_243de2450bee5519,0.309,0.662,0.22236652672290802,1.7710707187652588,4.85866117477417,,,,,,,,False
state_5f0bd62584548d12e705866e,2c_3718df32cb8e1a8658b3,2,binary_vle_english.xlsx,10.1016/j.fluid.2010.03.022,passed,1.0,isothermal,0.9230769230769231,isothermal,,,40.08003688,40.52738952636719,0.0,True,False,48,C1CCSC1,mol_e61c7ae663276e1e,0.895,0.752,0.7447342276573181,1.0018365383148193,33.66123580932617,C=C(C)CC(C)(C)C,mol_c01ea75a8687ed16,0.10499999999999998,0.248,0.2552657723426819,1.0736093521118164,91.77103424072266,,,,,,,,False
state_5f1a7ac81aa6b9e40ed8f89b,2c_ab02ff6614bbff27b5cc,2,binary_vle_english.xlsx,10.1016/j.fluid.2015.08.008,unverified,0.5,isothermal,0.8333333333333334,isothermal,,,23.299950321152,33.45979309082031,0.0,True,False,48,C1CN=C2CCCN2C1,mol_b2e98fe3254a8c98,0.2592,0.0018000000000000238,0.03221304714679718,1.4678617715835571,2.8329238891601562,O,mol_e81dc06beaa39499,0.7408,0.9982,0.9677869081497192,1.1087054014205933,39.42628479003906,,,,,,,,False
state_5f1e4fa79b0642d86e9c3719,2c_679d20c0c097df83b478,2,binary_vle_english.xlsx,10.1016/j.fluid.2010.10.022,unverified,0.5,isothermal,0.9,isothermal,,,40.3866783264,59.067840576171875,0.0,True,False,48,C#CCCCC,mol_532ee0519201d73c,0.09560000000000002,0.22260000000000002,0.46520161628723145,1.4336360692977905,200.4912872314453,CCCOC(C)=O,mol_67043ae833ecd0c7,0.9044,0.7774,0.5347983837127686,1.0043342113494873,34.7778205871582,,,,,,,,False
state_5f1e9a592a897b58a7b73d69,2c_61ebe4a2edff80d5fa4f,2,binary_vle_english.xlsx,10.1016/j.fluid.2009.01.016,unverified,0.5,isothermal,0.9,isothermal,,,9.610009607808,13.221071243286133,0.0,True,False,48,CC(=O)C(C)(C)C,mol_61a887e37d396488,0.5577,0.7449,0.5590343475341797,1.0949184894561768,12.103827476501465,CC(C)(C)CO,mol_dfb42f12fdc989ed,0.4423,0.2551,0.4409657120704651,1.0083180665969849,13.072450637817383,,,,,,,,True
state_5f22f37a13b27994a04c596f,2c_ecb2aa3282976dc883b8,2,binary_vle_english.xlsx,10.1016/j.fluid.2017.04.014,unverified,0.5,isothermal,0.9523809523809523,isothermal,,,20.660034112384,18.687366485595703,0.0,True,False,48,CC(C)CC(C)(C)C,mol_57615b5c3546c298,0.931,0.73,0.7640584707260132,1.0010911226272583,15.319740295410156,COC(C)(C)C,mol_b614d6fea320c179,0.069,0.27,0.23594149947166443,1.067637324333191,59.85212707519531,,,,,,,,False
state_5fd7362c7e356ec739a0a9ef,2c_679d20c0c097df83b478,2,binary_vle_english.xlsx,10.1016/j.fluid.2010.10.022,unverified,0.5,isothermal,0.9,isothermal,,,7.029021885696,23.839012145996094,0.0,True,False,48,C#CCCCC,mol_532ee0519201d73c,0.35950000000000004,0.6887,0.887505292892456,1.1842925548553467,49.69369888305664,CCCOC(C)=O,mol_67043ae833ecd0c7,0.6405,0.3113,0.11249466985464096,1.067036509513855,3.9239349365234375,,,,,,,,False
state_5fde0cc2ea93a2604784fafb,2c_200d73d6cf44caf265a9,2,binary_vle_english.xlsx,10.1016/j.fluid.2010.10.022,unverified,0.5,isothermal,0.8888888888888888,isothermal,,,20.959742795648,88.03129577636719,0.0,True,False,48,CCC#CCC,mol_7f5d60b87bc7cd44,0.23919999999999997,0.4354,0.8589589595794678,1.4192540645599365,222.73486328125,CCCOC(C)=O,mol_67043ae833ecd0c7,0.7608,0.5646,0.14104099571704865,1.0357476472854614,15.75643539428711,,,,,,,,False
state_60f18be7ed6b2f856be35379,2c_a894ec22c70022e7cf39,2,binary_vle_english.xlsx,10.1016/j.jct.2009.04.006,unverified,0.5,isothermal,0.9333333333333333,isothermal,,,9.690003028607999,6.284371376037598,-4.76837158203125e-07,True,False,48,CC(Cl)(Cl)Cl,mol_d8a2276bed4f13b6,0.571,0.971,0.9700255393981934,0.8065012097358704,13.237435340881348,O=C1CCCCC1,mol_09f0d60d139abab5,0.42900000000000005,0.029000000000000026,0.029974475502967834,0.775756299495697,0.5660187602043152,,,,,,,,False
state_61095732cc3bc4690ad44a93,3c_a6f39dd395c2cfcf800d,3,ternary_vle_english.xlsx,10.1016/j.fluid.2009.01.016,unverified,0.5,isothermal,0.95,isothermal,,,31.669928584192,36.93694305419922,0.0,True,False,48,CC(=O)C(C)(C)C,mol_61a887e37d396488,0.6831,0.6149,0.5151492953300476,1.046152949333191,26.626529693603516,CC(C)(C)CO,mol_dfb42f12fdc989ed,0.2718999999999999,0.1483,0.2867547571659088,1.2202163934707642,31.924604415893555,COC(C)(C)C,mol_b614d6fea320c179,0.045,0.2368,0.19809596240520477,1.3637629747390747,119.22989654541016,True
state_6124aefbec1c373f2055e65c,2c_26b0c25a9dccaa9e1115,2,binary_vle_english.xlsx,10.1016/j.fluid.2016.01.027,unverified,0.5,isothermal,0.9090909090909091,isothermal,,,251.89994871104,303.51861572265625,0.0,True,False,48,C=C(Cl)C(F)(F)F,mol_41055367d2729aad,0.573,0.59,0.8247848749160767,1.065667986869812,409.9675598144531,CC(F)(Cl)C(F)(F)F,mol_c4c59740db0baaf4,0.42700000000000005,0.41000000000000003,0.17521512508392334,1.0845106840133667,114.84054565429688,,,,,,,,True
state_6196470adcaf638e24ffd9d8,2c_200d73d6cf44caf265a9,2,binary_vle_english.xlsx,10.1016/j.fluid.2010.10.022,unverified,0.5,isothermal,0.8888888888888888,isothermal,,,1.608934337024,20.89361572265625,0.0,True,False,48,CCC#CCC,mol_7f5d60b87bc7cd44,0.23919999999999997,0.5183,0.9502583742141724,1.3628289699554443,60.90497970581055,CCCOC(C)=O,mol_67043ae833ecd0c7,0.7608,0.4817,0.049741603434085846,1.0420953035354614,1.3108574151992798,,,,,,,,False
state_625dd9bdbab8a4e52d8ee821,2c_e87fea44a6b8ad1299a3,2,binary_vle_english.xlsx,10.1016/j.fluid.2010.03.001,unverified,0.5,isothermal,0.8947368421052632,isothermal,,,3.319993607936,7.562747955322266,-4.76837158203125e-07,True,False,48,C=C(C)[C@H]1CC=C(C)CC1,mol_768bd4f5442f0a79,0.386,0.29300000000000004,0.7345749139785767,1.6961477994918823,8.485251426696777,CCCCCO,mol_243de2450bee5519,0.614,0.707,0.26542508602142334,1.1423758268356323,2.8618323802948,,,,,,,,False
state_627224b6a5a1d8348b472e4e,2c_9478a219a5c540597926,2,binary_vle_english.xlsx,10.1016/j.fluid.2009.01.016,unverified,0.5,isothermal,0.9375,isothermal,,,28.510055140223997,27.464920043945312,0.0,True,False,48,CC(=O)C(C)(C)C,mol_61a887e37d396488,0.9942,0.9669,0.9638611674308777,1.000010371208191,26.626529693603516,COC(C)(C)C,mol_b614d6fea320c179,0.0058,0.0331,0.03613884001970291,1.4352891445159912,119.22989654541016,,,,,,,,True
state_62808a8c315a89f2f4e5df4e,2c_9478a219a5c540597926,2,binary_vle_english.xlsx,10.1016/j.fluid.2009.01.016,unverified,0.5,isothermal,0.9444444444444444,isothermal,,,57.980031330048,54.457794189453125,0.0,True,False,48,CC(=O)C(C)(C)C,mol_61a887e37d396488,0.5860000000000001,0.20750000000000002,0.20899976789951324,1.0690593719482422,18.16796875,COC(C)(C)C,mol_b614d6fea320c179,0.414,0.7925,0.791000247001648,1.1819310188293457,88.0327377319336,,,,,,,,True
state_62b6300a4ea9002dbd250632,2c_e87fea44a6b8ad1299a3,2,binary_vle_english.xlsx,10.1016/j.fluid.2010.03.001,unverified,0.5,isothermal,0.8947368421052632,isothermal,,,2.520059399936,5.975705146789551,0.0,True,False,48,C=C(C)[C@H]1CC=C(C)CC1,mol_768bd4f5442f0a79,0.33099999999999996,0.28600000000000003,0.7340869903564453,1.808886170387268,7.326514720916748,CCCCCO,mol_243de2450bee5519,0.669,0.714,0.26591306924819946,1.094583511352539,2.1699705123901367,,,,,,,,False
state_6365561479ea625da6444268,2c_679d20c0c097df83b478,2,binary_vle_english.xlsx,10.1016/j.fluid.2010.10.022,unverified,0.5,isothermal,0.9,isothermal,,,12.237926803456,43.50603485107422,-3.814697265625e-06,True,False,48,C#CCCCC,mol_532ee0519201d73c,0.849,0.9586,0.9811962246894836,1.0118038654327393,49.69369888305664,CCCOC(C)=O,mol_67043ae833ecd0c7,0.151,0.0414,0.018803728744387627,1.3806853294372559,3.9239349365234375,,,,,,,,False
state_63ea786eec9396cc1094e038,2c_9478a219a5c540597926,2,binary_vle_english.xlsx,10.1016/j.fluid.2009.01.016,unverified,0.5,isothermal,0.9444444444444444,isothermal,,,22.070051476352,21.663875579833984,-1.9073486328125e-06,True,False,48,CC(=O)C(C)(C)C,mol_61a887e37d396488,0.9664,0.8119000000000001,0.8107522130012512,1.0003706216812134,18.16796875,COC(C)(C)C,mol_b614d6fea320c179,0.0336,0.1881,0.18924778699874878,1.3860646486282349,88.0327377319336,,,,,,,,True
state_64b455270de525b447bcc3c0,2c_679d20c0c097df83b478,2,binary_vle_english.xlsx,10.1016/j.fluid.2010.10.022,unverified,0.5,isothermal,0.9,isothermal,,,8.193592770176,28.59552764892578,0.0,True,False,48,C#CCCCC,mol_532ee0519201d73c,0.47219999999999995,0.7818,0.91948401927948,1.120508074760437,49.69369888305664,CCCOC(C)=O,mol_67043ae833ecd0c7,0.5278,0.2182,0.08051595091819763,1.1117031574249268,3.9239349365234375,,,,,,,,False
state_64feceb286bf37c36c070d7f,2c_007e04d60827397d74ab,2,binary_vle_english.xlsx,10.1016/j.fluid.2013.09.056,unverified,0.5,isothermal,0.9090909090909091,isothermal,,,413.99994984384,292.2142333984375,3.0517578125e-05,True,False,48,FC(C(F)(F)F)C(F)(F)F,mol_6b18cff9be152ebc,0.0,0.0,0.0,1.4240570068359375,12.372369766235352,FCC(F)(F)F,mol_28a5ef315edd1f58,1.0,1.0,1.0,1.0,292.2142639160156,,,,,,,,False
state_650653b3926f457c9e874147,2c_9478a219a5c540597926,2,binary_vle_english.xlsx,10.1016/j.fluid.2009.01.016,unverified,0.5,isothermal,0.9411764705882353,isothermal,,,13.970051008512,13.966630935668945,0.0,True,False,48,CC(=O)C(C)(C)C,mol_61a887e37d396488,0.9747,0.8549,0.8448935151100159,1.0002301931381226,12.103827476501465,COC(C)(C)C,mol_b614d6fea320c179,0.0253,0.1451,0.15510648488998413,1.3425534963607788,63.777793884277344,,,,,,,,True
state_6520fc723229e1ddd59a8c01,2c_9478a219a5c540597926,2,binary_vle_english.xlsx,10.1016/j.fluid.2009.01.016,unverified,0.5,isothermal,0.9375,isothermal,,,100.180027183616,90.33554077148438,0.0,True,False,48,CC(=O)C(C)(C)C,mol_61a887e37d396488,0.4172,0.12719999999999998,0.14352305233478546,1.1671359539031982,26.626529693603516,COC(C)(C)C,mol_b614d6fea320c179,0.5828,0.8728,0.8564769625663757,1.1134471893310547,119.22989654541016,,,,,,,,True
state_652be77d92bb1dcf9d19cf30,2c_26b0c25a9dccaa9e1115,2,binary_vle_english.xlsx,10.1016/j.fluid.2016.01.027,unverified,0.5,isothermal,0.9090909090909091,isothermal,,,179.500036702848,79.54597473144531,0.0,True,False,48,C=C(Cl)C(F)(F)F,mol_41055367d2729aad,0.0,0.0,0.0,0.896044135093689,310.0573425292969,CC(F)(Cl)C(F)(F)F,mol_c4c59740db0baaf4,1.0,1.0,1.0,1.0,79.54597473144531,,,,,,,,True
state_653be74a96e5d18edbf00e76,2c_61ebe4a2edff80d5fa4f,2,binary_vle_english.xlsx,10.1016/j.fluid.2009.01.016,unverified,0.5,isothermal,0.9090909090909091,isothermal,,,27.579998301055998,26.903369903564453,0.0,True,False,48,CC(=O)C(C)(C)C,mol_61a887e37d396488,0.9884,0.9918,0.9783103466033936,1.0000829696655273,26.626529693603516,CC(C)(C)CO,mol_dfb42f12fdc989ed,0.011600000000000055,0.008199999999999985,0.02168961986899376,1.5757057666778564,31.924604415893555,,,,,,,,True
state_657e5d8067845c528ffdb765,2c_fcb25ad973d4e5c4a4fe,2,binary_vle_english.xlsx,10.1016/j.fluid.2010.10.022,unverified,0.5,isothermal,0.875,isothermal,,,4.273115216768,18.66228485107422,0.0,True,False,48,CC#CCCC,mol_a64b37cfa024f8e7,0.15649999999999997,0.32299999999999995,0.8198510408401489,1.4364726543426514,68.05939483642578,CCCOC(C)=O,mol_67043ae833ecd0c7,0.8435,0.677,0.18014894425868988,1.015756607055664,3.9239349365234375,,,,,,,,False
state_6666c46b2681d0b9631c00fc,2c_200d73d6cf44caf265a9,2,binary_vle_english.xlsx,10.1016/j.fluid.2010.10.022,unverified,0.5,isothermal,0.8888888888888888,isothermal,,,4.871332681984,71.21214294433594,-7.62939453125e-06,True,False,48,CCC#CCC,mol_7f5d60b87bc7cd44,0.8492999999999999,0.9278,0.9924372434616089,1.016261339187622,81.88239288330078,CCCOC(C)=O,mol_67043ae833ecd0c7,0.1507,0.0722,0.00756278308108449,1.5455225706100464,2.3123152256011963,,,,,,,,False
state_66a1c5729c071b47d34141f5,2c_26b0c25a9dccaa9e1115,2,binary_vle_english.xlsx,10.1016/j.fluid.2016.01.027,unverified,0.5,isothermal,0.9090909090909091,isothermal,,,185.499943229952,245.48809814453125,0.0,True,False,48,C=C(Cl)C(F)(F)F,mol_41055367d2729aad,0.678,0.693,0.8846288323402405,1.0330463647842407,310.0573425292969,CC(F)(Cl)C(F)(F)F,mol_c4c59740db0baaf4,0.32199999999999995,0.30700000000000005,0.11537116020917892,1.1057415008544922,79.54597473144531,,,,,,,,True
state_66bc3eabb47a621877bcd4c6,2c_e87fea44a6b8ad1299a3,2,binary_vle_english.xlsx,10.1016/j.fluid.2010.03.001,unverified,0.5,isothermal,0.9444444444444444,isothermal,,,3.279996897536,8.104053497314453,0.0,True,False,48,C=C(C)[C@H]1CC=C(C)CC1,mol_768bd4f5442f0a79,0.502,0.32299999999999995,0.7746497988700867,1.4738025665283203,8.485251426696777,CCCCCO,mol_243de2450bee5519,0.498,0.677,0.22535017132759094,1.2814056873321533,2.8618323802948,,,,,,,,False
state_67118a6efcff56331e22e0a4,2c_679d20c0c097df83b478,2,binary_vle_english.xlsx,10.1016/j.fluid.2010.10.022,unverified,0.5,isothermal,0.9,isothermal,,,4.148458802688,16.492504119873047,-1.9073486328125e-06,True,False,48,C#CCCCC,mol_532ee0519201d73c,0.35950000000000004,0.7076,0.9038176536560059,1.1700377464294434,35.43795394897461,CCCOC(C)=O,mol_67043ae833ecd0c7,0.6405,0.2924,0.09618233144283295,1.0710645914077759,2.3123152256011963,,,,,,,,False
state_6733c456558533a6d8494922,2c_61ebe4a2edff80d5fa4f,2,binary_vle_english.xlsx,10.1016/j.fluid.2009.01.016,unverified,0.5,isothermal,0.9090909090909091,isothermal,,,19.819969871616,32.558738708496094,0.0,True,False,48,CC(=O)C(C)(C)C,mol_61a887e37d396488,0.2928,0.4528,0.29861608147621155,1.2470823526382446,26.626529693603516,CC(C)(C)CO,mol_dfb42f12fdc989ed,0.7072,0.5472,0.7013840079307556,1.0114761590957642,31.924604415893555,,,,,,,,True
state_675f91507a6b72bc2ec28033,2c_200d73d6cf44caf265a9,2,binary_vle_english.xlsx,10.1016/j.fluid.2010.10.022,unverified,0.5,isothermal,0.8888888888888888,isothermal,,,41.229675659264,203.58892822265625,1.52587890625e-05,True,False,48,CCC#CCC,mol_7f5d60b87bc7cd44,0.6247,0.7648,0.9453381299972534,1.1182491779327393,275.5061340332031,CCCOC(C)=O,mol_67043ae833ecd0c7,0.3753,0.2352,0.05466190725564957,1.251755952835083,23.688674926757812,,,,,,,,False
state_6769a4765195a7848be90629,2c_9478a219a5c540597926,2,binary_vle_english.xlsx,10.1016/j.fluid.2009.01.016,unverified,0.5,isothermal,0.9375,isothermal,,,80.360057312,76.22552490234375,-7.62939453125e-06,True,False,48,CC(=O)C(C)(C)C,mol_61a887e37d396488,0.5848,0.21099999999999997,0.21870563924312592,1.0706275701522827,26.626529693603516,COC(C)(C)C,mol_b614d6fea320c179,0.4152,0.789,0.7812944054603577,1.2030192613601685,119.22989654541016,,,,,,,,True
state_677b2287e85d8dc6de06f798,2c_635bd51c750eee04b7c9,2,binary_vle_english.xlsx,10.1016/j.fluid.2006.10.023,unverified,0.5,isothermal,0.9230769230769231,isothermal,,,216.199951586944,89.43234252929688,0.0,True,False,48,C1CC1,mol_5b0fb88d8ed110b0,0.3884,0.533,0.18814978003501892,1.4403414726257324,30.078325271606445,FCC(F)(F)F,mol_28a5ef315edd1f58,0.6115999999999999,0.46699999999999997,0.8118502497673035,1.133583664894104,104.72477722167969,,,,,,,,False
state_67808115c5121d569fc6107f,2c_200d73d6cf44caf265a9,2,binary_vle_english.xlsx,10.1016/j.fluid.2010.10.022,unverified,0.5,isothermal,0.8888888888888888,isothermal,,,11.2924045696,93.1766357421875,-7.62939453125e-06,True,False,48,CCC#CCC,mol_7f5d60b87bc7cd44,0.5698,0.7563,0.9640598297119141,1.1294398307800293,139.58070373535156,CCCOC(C)=O,mol_67043ae833ecd0c7,0.4302,0.2437,0.035940151661634445,1.2105214595794678,6.4304890632629395,,,,,,,,False
state_67e5fbdf2347f14cbbf078d0,2c_200d73d6cf44caf265a9,2,binary_vle_english.xlsx,10.1016/j.fluid.2010.10.022,unverified,0.5,isothermal,0.8888888888888888,isothermal,,,27.977965569536,79.31622314453125,0.0,True,False,48,CCC#CCC,mol_7f5d60b87bc7cd44,0.13549999999999995,0.274,0.7387989163398743,1.5697038173675537,275.5061340332031,CCCOC(C)=O,mol_67043ae833ecd0c7,0.8645,0.726,0.2612011432647705,1.0116523504257202,23.688674926757812,,,,,,,,False
state_68a97be6f17f54d1d54a070f,2c_200d73d6cf44caf265a9,2,binary_vle_english.xlsx,10.1016/j.fluid.2010.10.022,unverified,0.5,isothermal,0.8888888888888888,isothermal,,,15.253678767616,15.75643539428711,0.0,True,False,48,CCC#CCC,mol_7f5d60b87bc7cd44,0.0,0.0,0.0,1.8395520448684692,222.73486328125,CCCOC(C)=O,mol_67043ae833ecd0c7,1.0,1.0,1.0,1.0,15.75643539428711,,,,,,,,False
state_6930b8b2ba71580b5ad56443,2c_9478a219a5c540597926,2,binary_vle_english.xlsx,10.1016/j.fluid.2009.01.016,unverified,0.5,isothermal,0.9411764705882353,isothermal,,,15.73003958848,15.545995712280273,-9.5367431640625e-07,True,False,48,CC(=O)C(C)(C)C,mol_61a887e37d396488,0.953,0.7469,0.742571234703064,1.00078547000885,12.103827476501465,COC(C)(C)C,mol_b614d6fea320c179,0.047,0.2531,0.2574287950992584,1.3350831270217896,63.777793884277344,,,,,,,,True
state_693444e29558bd0e1f51c8a9,2c_26b0c25a9dccaa9e1115,2,binary_vle_english.xlsx,10.1016/j.fluid.2016.01.027,unverified,0.5,isothermal,0.8333333333333334,isothermal,,,340.49999497728,486.33355712890625,0.0,True,False,48,C=C(Cl)C(F)(F)F,mol_41055367d2729aad,0.834,0.836,0.9271978139877319,1.0148255825042725,532.7815551757812,CC(F)(Cl)C(F)(F)F,mol_c4c59740db0baaf4,0.16600000000000004,0.16400000000000003,0.07280217856168747,1.3160368204116821,162.0699462890625,,,,,,,,True
state_6973a76c2907f4dfe738b2d2,2c_ecb2aa3282976dc883b8,2,binary_vle_english.xlsx,10.1016/j.fluid.2017.04.014,unverified,0.5,isothermal,0.9523809523809523,isothermal,,,67.20993886668799,55.84605407714844,-3.814697265625e-06,True,False,48,CC(C)CC(C)(C)C,mol_57615b5c3546c298,0.09399999999999997,0.010000000000000009,0.029422560706734657,1.1410211324691772,15.319740295410156,COC(C)(C)C,mol_b614d6fea320c179,0.906,0.99,0.9705774188041687,0.9995737671852112,59.85212707519531,,,,,,,,False
state_697da830fc512296f317dd3b,2c_fcb25ad973d4e5c4a4fe,2,binary_vle_english.xlsx,10.1016/j.fluid.2010.10.022,unverified,0.5,isothermal,0.875,isothermal,,,50.067482111615995,49.95970153808594,0.0,True,False,48,CC#CCCC,mol_a64b37cfa024f8e7,0.0,0.0,0.0,1.6991629600524902,288.76416015625,CCCOC(C)=O,mol_67043ae833ecd0c7,1.0,1.0,1.0,1.0,49.95970153808594,,,,,,,,False
state_69b3214cb2263602028c928d,2c_68327a02527de440bdc0,2,binary_vle_english.xlsx,10.1016/j.fluid.2015.10.041,unverified,0.5,isothermal,0.9,isothermal,,,46.600033964672,63.054969787597656,0.0,True,False,48,CCCCCO,mol_243de2450bee5519,0.16200000000000003,0.16600000000000004,0.13929139077663422,2.7509000301361084,19.70850944519043,CCCCCS,mol_22ade86f58436479,0.838,0.834,0.8607085943222046,1.0617234706878662,60.99862289428711,,,,,,,,False
state_6c3424eace0822f984f24353,2c_ab02ff6614bbff27b5cc,2,binary_vle_english.xlsx,10.1016/j.fluid.2015.08.008,unverified,0.5,isothermal,0.8181818181818182,isothermal,,,0.399967104,2.8316922187805176,0.0,True,False,48,C1CN=C2CCCN2C1,mol_b2e98fe3254a8c98,1.0,1.0,1.0,1.0,2.8316922187805176,O,mol_e81dc06beaa39499,0.0,0.0,0.0,1.3799729347229004,39.41023254394531,,,,,,,,False
state_6c7f08a176b9fba33a56037d,2c_a894ec22c70022e7cf39,2,binary_vle_english.xlsx,10.1016/j.jct.2009.04.006,unverified,0.5,isothermal,0.9333333333333333,isothermal,,,35.939977386496,28.519756317138672,0.0,True,False,48,CC(Cl)(Cl)Cl,mol_d8a2276bed4f13b6,0.948,0.997,0.9981779456138611,0.9980108737945557,30.089168548583984,O=C1CCCCC1,mol_09f0d60d139abab5,0.052000000000000046,0.0030000000000000027,0.001822050311602652,0.5978124737739563,1.6716212034225464,,,,,,,,False
state_6cf778c70e1c0de91401755e,2c_61ebe4a2edff80d5fa4f,2,binary_vle_english.xlsx,10.1016/j.fluid.2009.01.016,unverified,0.5,isothermal,0.9090909090909091,isothermal,,,22.540012823551997,32.334320068359375,0.0,True,False,48,CC(=O)C(C)(C)C,mol_61a887e37d396488,0.4963,0.642,0.4660877585411072,1.1404403448104858,26.626529693603516,CC(C)(C)CO,mol_dfb42f12fdc989ed,0.5037,0.358,0.5339123010635376,1.0735843181610107,31.924604415893555,,,,,,,,True
state_6d03bb184e5dfe92fb573676,2c_200d73d6cf44caf265a9,2,binary_vle_english.xlsx,10.1016/j.fluid.2010.10.022,unverified,0.5,isothermal,0.8888888888888888,isothermal,,,92.170552603648,366.80426025390625,0.0,True,False,48,CCC#CCC,mol_7f5d60b87bc7cd44,0.8492999999999999,0.9068,0.9663105010986328,1.0265061855316162,406.5634765625,CCCOC(C)=O,mol_67043ae833ecd0c7,0.1507,0.0932,0.03368952125310898,1.6413308382034302,49.95970153808594,,,,,,,,False
state_6d12551d7377d1b773336012,2c_26b0c25a9dccaa9e1115,2,binary_vle_english.xlsx,10.1016/j.fluid.2016.01.027,unverified,0.5,isothermal,0.9090909090909091,isothermal,,,247.90001102630399,179.50607299804688,0.0,True,False,48,C=C(Cl)C(F)(F)F,mol_41055367d2729aad,0.189,0.196,0.4794488847255707,1.1107343435287476,409.9675598144531,CC(F)(Cl)C(F)(F)F,mol_c4c59740db0baaf4,0.8109999999999999,0.804,0.5205511450767517,1.0032899379730225,114.84054565429688,,,,,,,,True
state_6d1eed923e580eb31981ba5d,2c_e87fea44a6b8ad1299a3,2,binary_vle_english.xlsx,10.1016/j.fluid.2010.03.001,unverified,0.5,isothermal,0.8947368421052632,isothermal,,,4.480031531904,8.159730911254883,0.0,True,False,48,C=C(C)[C@H]1CC=C(C)CC1,mol_768bd4f5442f0a79,0.275,0.247,0.645348072052002,1.9570003747940063,9.784671783447266,CCCCCO,mol_243de2450bee5519,0.725,0.753,0.35465189814567566,1.0662522315979004,3.7435200214385986,,,,,,,,False
state_6d3aac77d4647209f31fe405,2c_e87fea44a6b8ad1299a3,2,binary_vle_english.xlsx,10.1016/j.fluid.2010.03.001,unverified,0.5,isothermal,0.9444444444444444,isothermal,,,4.110061960704,10.224479675292969,0.0,True,False,48,C=C(C)[C@H]1CC=C(C)CC1,mol_768bd4f5442f0a79,0.754,0.378,0.8148084878921509,1.1292214393615723,9.784671783447266,CCCCCO,mol_243de2450bee5519,0.246,0.622,0.18519152700901031,2.0561132431030273,3.7435200214385986,,,,,,,,False
state_6d3ddd2012d7352a1ef7f1ec,2c_fcb25ad973d4e5c4a4fe,2,binary_vle_english.xlsx,10.1016/j.fluid.2010.10.022,unverified,0.5,isothermal,0.875,isothermal,,,32.401868384512,102.70401000976562,7.62939453125e-06,True,False,48,CC#CCCC,mol_a64b37cfa024f8e7,0.3709,0.5377000000000001,0.8446592092514038,1.2375625371932983,188.99267578125,CCCOC(C)=O,mol_67043ae833ecd0c7,0.6291,0.4623,0.155340775847435,1.070563554763794,23.688674926757812,,,,,,,,False
state_6d822a1f52e95461d4e0f578,2c_200d73d6cf44caf265a9,2,binary_vle_english.xlsx,10.1016/j.fluid.2010.10.022,unverified,0.5,isothermal,0.8888888888888888,isothermal,,,46.2528625184,245.529541015625,1.52587890625e-05,True,False,48,CCC#CCC,mol_7f5d60b87bc7cd44,0.8492999999999999,0.9131,0.9763444662094116,1.024505853652954,275.5061340332031,CCCOC(C)=O,mol_67043ae833ecd0c7,0.1507,0.0869,0.023655518889427185,1.626979947090149,23.688674926757812,,,,,,,,False
state_6dc4fce27382d30e6f9eb508,2c_f481f8e2e3c46fec24b0,2,binary_vle_english.xlsx,10.1016/j.fluid.2012.11.008,unverified,0.5,isothermal,0.8888888888888888,isothermal,,,496.299980932608,628.176025390625,0.0,True,False,48,CCC(C)(C)OC,mol_25226214deaceb17,0.5469999999999999,0.394,0.47380781173706055,1.3847578763961792,392.9365234375,CCO,mol_f29e20f49d416e54,0.453,0.606,0.5261922478675842,1.4960837364196777,487.7212219238281,,,,,,,,False
state_6df6c21c0d65d845c7934070,2c_9478a219a5c540597926,2,binary_vle_english.xlsx,10.1016/j.fluid.2009.01.016,unverified,0.5,isothermal,0.9411764705882353,isothermal,,,46.360053702272,42.2481689453125,-3.814697265625e-06,True,False,48,CC(=O)C(C)(C)C,mol_61a887e37d396488,0.5013000000000001,0.1421,0.15870532393455505,1.1050423383712769,12.103827476501465,COC(C)(C)C,mol_b614d6fea320c179,0.4987,0.8579,0.8412946462631226,1.1174989938735962,63.777793884277344,,,,,,,,True
state_6e4544cd31dd865c4355a042,2c_6b00d1757b554f4dca5e,2,binary_vle_english.xlsx,10.1016/j.fluid.2009.01.016,unverified,0.5,isothermal,0.9166666666666666,isothermal,,,5.1099797207040005,13.072450637817383,0.0,True,False,48,CC(C)(C)CO,mol_dfb42f12fdc989ed,1.0,1.0,1.0,1.0,13.072450637817383,COC(C)(C)C,mol_b614d6fea320c179,0.0,0.0,0.0,1.0967320203781128,63.777793884277344,,,,,,,,True
state_6e51ddd54725b5e01efa0d0d,2c_fcb25ad973d4e5c4a4fe,2,binary_vle_english.xlsx,10.1016/j.fluid.2010.10.022,unverified,0.5,isothermal,0.875,isothermal,,,55.535165745663996,184.9720458984375,0.0,True,False,48,CC#CCCC,mol_a64b37cfa024f8e7,0.6716,0.7785,0.9231683611869812,1.0816822052001953,235.05886840820312,CCCOC(C)=O,mol_67043ae833ecd0c7,0.3284,0.2215,0.0768316239118576,1.2443444728851318,34.7778205871582,,,,,,,,False
state_6f0f21c80a8b9bcfa4b2ef39,2c_fcb25ad973d4e5c4a4fe,2,binary_vle_english.xlsx,10.1016/j.fluid.2010.10.022,unverified,0.5,isothermal,0.875,isothermal,,,11.605978779136,35.275634765625,0.0,True,False,48,CC#CCCC,mol_a64b37cfa024f8e7,0.15649999999999997,0.2986,0.7522810697555542,1.447137713432312,117.17388153076172,CCCOC(C)=O,mol_67043ae833ecd0c7,0.8435,0.7014,0.2477189004421234,1.0145727396011353,10.210939407348633,,,,,,,,False
state_6f4e9aeed2d2a4c91152ad80,2c_61ebe4a2edff80d5fa4f,2,binary_vle_english.xlsx,10.1016/j.fluid.2009.01.016,unverified,0.5,isothermal,0.9090909090909091,isothermal,,,24.56997919872,31.362302780151367,0.0,True,False,48,CC(=O)C(C)(C)C,mol_61a887e37d396488,0.6776,0.7773,0.6099725365638733,1.0603036880493164,26.626529693603516,CC(C)(C)CO,mol_dfb42f12fdc989ed,0.3224,0.2227,0.3900274336338043,1.188454508781433,31.924604415893555,,,,,,,,True
state_6fc39041771c0b5d12a02a49,2c_61ebe4a2edff80d5fa4f,2,binary_vle_english.xlsx,10.1016/j.fluid.2009.01.016,unverified,0.5,isothermal,0.9090909090909091,isothermal,,,14.659994262912,31.924606323242188,-1.9073486328125e-06,True,False,48,CC(=O)C(C)(C)C,mol_61a887e37d396488,0.0,0.0,0.0,1.2567137479782104,26.626529693603516,CC(C)(C)CO,mol_dfb42f12fdc989ed,1.0,1.0,1.0,1.0,31.924604415893555,,,,,,,,True
state_700bf8e11434e9f0e1e04ff9,2c_f1d29e917192fdde6ee4,2,binary_vle_english.xlsx,10.1016/j.fluid.2012.11.008,unverified,0.5,isothermal,0.9285714285714286,isothermal,,,265.400038372352,248.03573608398438,0.0,True,False,48,CCOC(C)=O,mol_18876b584acc43d4,0.702,0.5700000000000001,0.5666101574897766,1.023808240890503,195.5432586669922,COC(C)(C)C,mol_b614d6fea320c179,0.298,0.43,0.433389812707901,1.2426795959472656,290.2802734375,,,,,,,,False
state_701c24c4ce73090b39eda6af,2c_e87fea44a6b8ad1299a3,2,binary_vle_english.xlsx,10.1016/j.fluid.2010.03.001,unverified,0.5,isothermal,0.9444444444444444,isothermal,,,2.3299417031679996,7.24732780456543,-4.76837158203125e-07,True,False,48,C=C(C)[C@H]1CC=C(C)CC1,mol_768bd4f5442f0a79,0.7010000000000001,0.387,0.8400956392288208,1.1854716539382935,7.326514720916748,CCCCCO,mol_243de2450bee5519,0.299,0.613,0.1599043756723404,1.786130666732788,2.1699705123901367,,,,,,,,False
state_70797869c23c4cbeb939f82e,2c_9478a219a5c540597926,2,binary_vle_english.xlsx,10.1016/j.fluid.2009.01.016,unverified,0.5,isothermal,0.9411764705882353,isothermal,,,14.719989328512,14.718772888183594,-9.5367431640625e-07,True,False,48,CC(=O)C(C)(C)C,mol_61a887e37d396488,0.9644,0.8006,0.7934234738349915,1.000452995300293,12.103827476501465,COC(C)(C)C,mol_b614d6fea320c179,0.0356,0.1994,0.20657654106616974,1.339161992073059,63.777793884277344,,,,,,,,True
state_711043afeaadb38c7c894d0c,2c_6b00d1757b554f4dca5e,2,binary_vle_english.xlsx,10.1016/j.fluid.2009.01.016,unverified,0.5,isothermal,0.9166666666666666,isothermal,,,40.170029478400004,40.72820281982422,0.0,True,False,48,CC(C)(C)CO,mol_dfb42f12fdc989ed,0.5450999999999999,0.08509999999999995,0.1860557198524475,1.0634207725524902,13.072450637817383,COC(C)(C)C,mol_b614d6fea320c179,0.4549,0.9149,0.8139442205429077,1.1426268815994263,63.777793884277344,,,,,,,,True
state_71283dd4b5bcd18425c5b5b4,2c_f1d29e917192fdde6ee4,2,binary_vle_english.xlsx,10.1016/j.fluid.2012.11.008,unverified,0.5,isothermal,0.9285714285714286,isothermal,,,203.900029882368,195.54324340820312,1.52587890625e-05,True,False,48,CCOC(C)=O,mol_18876b584acc43d4,1.0,1.0,1.0,1.0,195.5432586669922,COC(C)(C)C,mol_b614d6fea320c179,0.0,0.0,0.0,1.4091596603393555,290.2802734375,,,,,,,,False
state_55b72d60c2111c8828a77bb0,2c_f17e33a6fb9a3b89984d,2,binary_vle_english.xlsx,10.1016/j.fluid.2015.07.030,unverified,0.5,isobaric,0.9375,isobaric,373.15999999999997,373.93377685546875,,,0.00025177001953125,True,False,48,O,mol_e81dc06beaa39499,0.9541,0.99964,0.9839329123497009,1.0084112882614136,98.16595458984375,OCCOCCOCCO,mol_f34461328d644291,0.04590000000000005,0.00036000000000002697,0.016067050397396088,4.495008945465088,7.475151062011719,,,,,,,,False
state_5663090c399dcf34c10bd59a,2c_1694e8275721c8f0a44b,2,binary_vle_english.xlsx,10.1016/j.fluid.2013.02.005,unverified,0.5,isobaric,0.9473684210526315,isobaric,324.84999999999997,327.7184753417969,,,-2.288818359375e-05,True,False,48,CC(C)OC(C)C,mol_1a0ca8e5eeb68da8,0.75,0.88,0.9764723777770996,1.0576575994491577,61.549373626708984,Cc1ccc(C)o1,mol_8abd2666cf37a39e,0.25,0.12,0.02352762408554554,1.393958330154419,3.375656843185425,,,,,,,,False
state_5772079be4c45d8e411da0d7,2c_1694e8275721c8f0a44b,2,binary_vle_english.xlsx,10.1016/j.fluid.2013.02.005,unverified,0.5,isobaric,0.95,isobaric,341.53999999999996,348.4581604003906,,,-5.340576171875e-05,True,False,48,CC(C)OC(C)C,mol_1a0ca8e5eeb68da8,0.496,0.702,0.9353107810020447,1.2075986862182617,117.11495971679688,Cc1ccc(C)o1,mol_8abd2666cf37a39e,0.504,0.29800000000000004,0.06468921154737473,1.1155377626419067,8.62934398651123,,,,,,,,False
state_5979163ad981eba7cdadc4c0,2c_14f322a5589c2ae1768c,2,binary_vle_english.xlsx,10.1016/j.jct.2016.11.024,unverified,0.5,isobaric,0.9285714285714286,isobaric,356.53,368.5703125,,,-3.5762786865234375e-07,True,False,48,CCCCCCCC(=O)OC,mol_b57df1d978ebac66,1.0,1.0,1.0,1.0,1.9999685287475586,CCCCCCCCCC(=O)OC,mol_95d9432584d71e0d,0.0,0.0,0.0,0.6707174777984619,2.4586875438690186,,,,,,,,False
state_5a10d89f6ac9920bb783978d,2c_500d21d465db933527d2,2,binary_vle_english.xlsx,10.1016/j.fluid.2014.09.006,unverified,0.5,isobaric,0.9230769230769231,isobaric,459.02,366.8893737792969,,,0.0005110502243041992,True,False,48,CCCCCCCCCCCCCC(=O)OC,mol_de3754c1966b59a2,0.0,0.0,0.0,0.5470390319824219,1.7173165082931519,CCCCCCCCCCCCCCCC(=O)OC,mol_e51b7f78035080f4,1.0,1.0,1.0,1.0,1.4005292654037476,,,,,,,,True
state_5a143bf4a67740aa829556d4,2c_1694e8275721c8f0a44b,2,binary_vle_english.xlsx,10.1016/j.fluid.2013.02.005,unverified,0.5,isobaric,0.9545454545454546,isobaric,353.54999999999995,367.8686218261719,,,0.0016326904296875,True,False,48,CC(C)OC(C)C,mol_1a0ca8e5eeb68da8,0.295,0.493,0.8543128371238708,1.359484076499939,200.2424774169922,Cc1ccc(C)o1,mol_8abd2666cf37a39e,0.7050000000000001,0.507,0.14568717777729034,1.0292770862579346,18.87275505065918,,,,,,,,False
state_5adf921c69aa0274ef27eb0b,2c_f17e33a6fb9a3b89984d,2,binary_vle_english.xlsx,10.1016/j.fluid.2015.07.030,unverified,0.5,isobaric,0.9375,isobaric,356.15999999999997,357.5576477050781,,,1.52587890625e-05,True,False,48,O,mol_e81dc06beaa39499,1.0,1.0,1.0,1.0,53.33002853393555,OCCOCCOCCO,mol_f34461328d644291,0.0,0.0,0.0,5.658289432525635,3.6738739013671875,,,,,,,,False
state_5b299033077e6bb369cfadcc,2c_f21c5beff7e3dc67c753,2,binary_vle_english.xlsx,10.1016/j.fluid.2014.01.034,unverified,0.5,isobaric,0.9375,isobaric,529.16,485.0279235839844,,,7.62939453125e-06,True,False,48,O=[N+]([O-])c1ccc(Cl)c(Cl)c1,mol_d71344439e314718,0.517,0.528,0.5125066041946411,1.1421607732772827,87.92064666748047,O=[N+]([O-])c1cccc(Cl)c1Cl,mol_aa6ec9bb4303db75,0.483,0.472,0.4874933958053589,1.1600366830825806,88.13716125488281,,,,,,,,True
state_5bbbe73dd5c46766933048e7,2c_f17e33a6fb9a3b89984d,2,binary_vle_english.xlsx,10.1016/j.fluid.2015.07.030,unverified,0.5,isobaric,0.9375,isobaric,375.38,370.6466979980469,,,-7.62939453125e-06,True,False,48,O,mol_e81dc06beaa39499,0.7529,0.99883,0.9673239588737488,1.17820405960083,87.22671508789062,OCCOCCOCCO,mol_f34461328d644291,0.2471,0.0011700000000000044,0.03267602249979973,1.6237066984176636,6.514547348022461,,,,,,,,False
state_5d22eef4a7955180b6e42298,2c_f17e33a6fb9a3b89984d,2,binary_vle_english.xlsx,10.1016/j.fluid.2015.07.030,unverified,0.5,isobaric,0.9375,isobaric,368.09,368.91455078125,,,-1.52587890625e-05,True,False,48,O,mol_e81dc06beaa39499,0.9541,0.99998,0.9848182797431946,1.0082179307937622,81.8923110961914,OCCOCCOCCO,mol_f34461328d644291,0.04590000000000005,2.0000000000020002e-05,0.015181709080934525,4.370845794677734,6.053100109100342,,,,,,,,False
state_622a8c0d071ffac2a02ad4d6,2c_14f322a5589c2ae1768c,2,binary_vle_english.xlsx,10.1016/j.jct.2016.11.024,unverified,0.5,isobaric,0.9285714285714286,isobaric,415.46,406.48876953125,,,3.62396240234375e-05,True,False,48,CCCCCCCC(=O)OC,mol_b57df1d978ebac66,0.1442,0.4286,0.13605812191963196,1.1144764423370361,8.466207504272461,CCCCCCCCCC(=O)OC,mol_95d9432584d71e0d,0.8558,0.5714,0.8639418482780457,1.002795934677124,10.067004203796387,,,,,,,,False
state_63232bdd3a643b386a136dcb,2c_4c8ca30e57e6c11f5778,2,binary_vle_english.xlsx,10.1016/j.fluid.2015.03.030,unverified,0.5,isobaric,0.9166666666666666,isobaric,516.05,475.20428466796875,,,6.103515625e-05,True,False,48,O=C1OC(=O)c2cc(Cl)ccc21,mol_df66df7dbda573ad,0.09899999999999998,0.05679999999999996,0.13121634721755981,1.6433403491973877,49.465084075927734,O=C1OC(=O)c2cc(F)ccc21,mol_12d7c05b7c8fe7d9,0.901,0.9432,0.8687836527824402,1.005772590637207,58.797733306884766,,,,,,,,True
state_64bb8eb7608ff94c3cd3cf7e,2c_4c8ca30e57e6c11f5778,2,binary_vle_english.xlsx,10.1016/j.fluid.2015.03.030,unverified,0.5,isobaric,0.9166666666666666,isobaric,493.24,440.1001892089844,,,2.288818359375e-05,True,False,48,O=C1OC(=O)c2cc(Cl)ccc21,mol_df66df7dbda573ad,0.7556,0.6,0.6687589883804321,1.0332695245742798,18.27069091796875,O=C1OC(=O)c2cc(F)ccc21,mol_12d7c05b7c8fe7d9,0.2444,0.4,0.3312409818172455,1.3473366498947144,21.456438064575195,,,,,,,,True
state_6637af6b93d3713a0a91492c,2c_1694e8275721c8f0a44b,2,binary_vle_english.xlsx,10.1016/j.fluid.2013.02.005,unverified,0.5,isobaric,0.9473684210526315,isobaric,328.63,333.4371337890625,,,0.000324249267578125,True,False,48,CC(C)OC(C)C,mol_1a0ca8e5eeb68da8,0.553,0.755,0.9541040658950806,1.1644268035888672,74.085205078125,Cc1ccc(C)o1,mol_8abd2666cf37a39e,0.44699999999999995,0.245,0.045895908027887344,1.1604409217834473,4.424013137817383,,,,,,,,False
state_6774fcb950be47215afea434,2c_14f322a5589c2ae1768c,2,binary_vle_english.xlsx,10.1016/j.jct.2016.11.024,unverified,0.5,isobaric,0.9285714285714286,isobaric,406.81999999999994,392.10931396484375,,,1.9073486328125e-06,True,False,48,CCCCCCCC(=O)OC,mol_b57df1d978ebac66,0.0899,0.3179,0.07627588510513306,1.0057059526443481,5.061868190765381,CCCCCCCCCC(=O)OC,mol_95d9432584d71e0d,0.9101,0.6820999999999999,0.9237240552902222,0.9998341202735901,6.090872287750244,,,,,,,,False
state_67844020e373dadc5a8b5b1a,2c_1694e8275721c8f0a44b,2,binary_vle_english.xlsx,10.1016/j.fluid.2013.02.005,unverified,0.5,isobaric,0.95,isobaric,353.0,384.1088562011719,,,0.00156402587890625,True,False,48,CC(C)OC(C)C,mol_1a0ca8e5eeb68da8,0.097,0.214,0.5874596834182739,1.5097711086273193,300.8605651855469,Cc1ccc(C)o1,mol_8abd2666cf37a39e,0.903,0.786,0.41254037618637085,1.0024334192276,34.181671142578125,,,,,,,,False
state_680ab86b064e4f7ef07582bc,2c_f17e33a6fb9a3b89984d,2,binary_vle_english.xlsx,10.1016/j.fluid.2015.07.030,unverified,0.5,isobaric,0.9375,isobaric,366.35999999999996,365.0032653808594,,,-3.814697265625e-05,True,False,48,O,mol_e81dc06beaa39499,0.8594,0.99973,0.9738138318061829,1.065970778465271,70.85985565185547,OCCOCCOCCO,mol_f34461328d644291,0.14059999999999995,0.00026999999999999247,0.026186145842075348,2.4273574352264404,5.114668369293213,,,,,,,,False
state_68fa5677642c16e34226fb1f,2c_f17e33a6fb9a3b89984d,2,binary_vle_english.xlsx,10.1016/j.fluid.2015.07.030,unverified,0.5,isobaric,0.9375,isobaric,483.53,395.7591247558594,,,1.1444091796875e-05,True,False,48,O,mol_e81dc06beaa39499,0.099,0.82466,0.7013106346130371,1.845910906791687,204.6615753173828,OCCOCCOCCO,mol_f34461328d644291,0.901,0.17534000000000005,0.2986893653869629,1.0055062770843506,17.58255386352539,,,,,,,,False
state_6a216f49d74bde3e925761e5,2c_f21c5beff7e3dc67c753,2,binary_vle_english.xlsx,10.1016/j.fluid.2014.01.034,unverified,0.5,isobaric,0.9375,isobaric,529.8199999999999,486.7763977050781,,,3.0517578125e-05,True,False,48,O=[N+]([O-])c1ccc(Cl)c(Cl)c1,mol_d71344439e314718,0.193,0.201,0.2519685626029968,1.4413386583328247,91.75553894042969,O=[N+]([O-])c1cccc(Cl)c1Cl,mol_aa6ec9bb4303db75,0.8069999999999999,0.7989999999999999,0.7480314373970032,1.0207990407943726,91.98464965820312,,,,,,,,True
state_6a8a89b8ee9ba4dfe6e8d343,2c_1694e8275721c8f0a44b,2,binary_vle_english.xlsx,10.1016/j.fluid.2013.02.005,unverified,0.5,isobaric,0.9473684210526315,isobaric,321.03,321.536376953125,,,0.0,True,False,48,CC(C)OC(C)C,mol_1a0ca8e5eeb68da8,1.0,1.0,1.0,1.0,50.000022888183594,Cc1ccc(C)o1,mol_8abd2666cf37a39e,0.0,0.0,0.0,2.113919496536255,2.4927661418914795,,,,,,,,False
state_6aad153d4f9544550e04814d,2c_8affb2d94018c3a50639,2,binary_vle_english.xlsx,10.1016/j.jct.2017.09.020,unverified,0.5,isobaric,0.9285714285714286,isobaric,432.01,396.57220458984375,,,4.38690185546875e-05,True,False,48,CCCCCCCCCC(=O)OC,mol_95d9432584d71e0d,0.2136,0.4971,0.24142016470432281,0.9489176869392395,7.146626949310303,CCCCCCCCCCCC(=O)OC,mol_5c1fd649aae595b4,0.7864,0.5029,0.7585798501968384,0.9943620562553406,5.8206377029418945,,,,,,,,False
state_6b0b2922becd9d9cff9e256a,2c_f17e33a6fb9a3b89984d,2,binary_vle_english.xlsx,10.1016/j.fluid.2015.07.030,unverified,0.5,isobaric,0.9375,isobaric,411.96,374.7554931640625,,,0.00032806396484375,True,False,48,O,mol_e81dc06beaa39499,0.3003,0.99587,0.8938392996788025,1.5704748630523682,101.07586669921875,OCCOCCOCCO,mol_f34461328d644291,0.6997,0.004129999999999967,0.10616070032119751,1.0462532043457031,7.733738422393799,,,,,,,,False
state_6b95f526a496142c5967e66e,2c_f17e33a6fb9a3b89984d,2,binary_vle_english.xlsx,10.1016/j.fluid.2015.07.030,unverified,0.5,isobaric,0.9375,isobaric,535.65,428.18011474609375,,,1.52587890625e-05,True,False,48,O,mol_e81dc06beaa39499,0.0,0.0,0.0,2.044147491455078,530.8425903320312,OCCOCCOCCO,mol_f34461328d644291,1.0,1.0,1.0,1.0,53.33002853393555,,,,,,,,False
state_6bb0dfdea48d60f32969c748,2c_f21c5beff7e3dc67c753,2,binary_vle_english.xlsx,10.1016/j.fluid.2014.01.034,unverified,0.5,isobaric,0.9375,isobaric,469.99,428.8993835449219,,,3.814697265625e-06,True,False,48,O=[N+]([O-])c1ccc(Cl)c(Cl)c1,mol_d71344439e314718,0.388,0.404,0.4046003818511963,1.1237378120422363,18.559173583984375,O=[N+]([O-])c1cccc(Cl)c1Cl,mol_aa6ec9bb4303db75,0.612,0.596,0.5953996777534485,1.0471194982528687,18.58189582824707,,,,,,,,True
state_6ce716e8e5a78a6beb254b84,2c_8affb2d94018c3a50639,2,binary_vle_english.xlsx,10.1016/j.jct.2017.09.020,unverified,0.5,isobaric,0.9285714285714286,isobaric,403.65999999999997,370.09759521484375,,,2.2649765014648438e-06,True,False,48,CCCCCCCCCC(=O)OC,mol_95d9432584d71e0d,0.2852,0.6049,0.2761530578136444,0.7400109767913818,2.6168923377990723,CCCCCCCCCCCC(=O)OC,mol_5c1fd649aae595b4,0.7148,0.3951,0.723846971988678,0.9465638399124146,2.1396169662475586,,,,,,,,False
state_6dc6c4a70de46e1008c05cc8,2c_f21c5beff7e3dc67c753,2,binary_vle_english.xlsx,10.1016/j.fluid.2014.01.034,unverified,0.5,isobaric,0.9375,isobaric,528.76,486.7500305175781,,,-7.62939453125e-06,True,False,48,O=[N+]([O-])c1ccc(Cl)c(Cl)c1,mol_d71344439e314718,0.804,0.808,0.7438741326332092,1.0221121311187744,91.6967544555664,O=[N+]([O-])c1cccc(Cl)c1Cl,mol_aa6ec9bb4303db75,0.19599999999999995,0.19199999999999995,0.25612592697143555,1.4400248527526855,91.9256362915039,,,,,,,,True
state_6e836d688e2e1eebc443a6bb,2c_1694e8275721c8f0a44b,2,binary_vle_english.xlsx,10.1016/j.fluid.2013.02.005,unverified,0.5,isobaric,0.9473684210526315,isobaric,345.24,395.2828063964844,,,0.0,True,False,48,CC(C)OC(C)C,mol_1a0ca8e5eeb68da8,0.0,0.0,0.0,1.5913981199264526,390.4628601074219,Cc1ccc(C)o1,mol_8abd2666cf37a39e,1.0,1.0,1.0,1.0,50.000022888183594,,,,,,,,False
state_700de8b500ea19883514cdb2,2c_4c8ca30e57e6c11f5778,2,binary_vle_english.xlsx,10.1016/j.fluid.2015.03.030,unverified,0.5,isobaric,0.9166666666666666,isobaric,538.8299999999999,485.2778625488281,,,3.814697265625e-05,True,False,48,O=C1OC(=O)c2cc(Cl)ccc21,mol_df66df7dbda573ad,0.5885,0.4356,0.5190862417221069,1.1191192865371704,64.10140228271484,O=C1OC(=O)c2cc(F)ccc21,mol_12d7c05b7c8fe7d9,0.4115,0.5644,0.48091375827789307,1.2435132265090942,76.43597412109375,,,,,,,,True
state_700ed14402d6b270cef88924,2c_851f25357ae6f5ac55a7,2,binary_vle_english.xlsx,10.1016/j.fluid.2006.03.014,unverified,0.5,isobaric,0.9,isobaric,381.65,371.88153076171875,,,6.103515625e-05,True,False,48,CC(C)(N)CO,mol_5dd0884957432481,0.665,0.117,0.18448683619499207,1.1114436388015747,16.648778915405273,O,mol_e81dc06beaa39499,0.33499999999999996,0.883,0.8155131340026855,1.7802484035491943,91.20773315429688,,,,,,,,False
state_708d2996146c15d2c1925047,2c_500d21d465db933527d2,2,binary_vle_english.xlsx,10.1016/j.fluid.2014.09.006,unverified,0.5,isobaric,0.9285714285714286,isobaric,416.88,344.7917175292969,,,0.0001227855682373047,True,False,48,CCCCCCCCCCCCCC(=O)OC,mol_de3754c1966b59a2,0.6975,0.8815,0.8218720555305481,0.8979149460792542,0.6562445759773254,CCCCCCCCCCCCCCCC(=O)OC,mol_e51b7f78035080f4,0.3025,0.11850000000000005,0.1781279444694519,0.5474348664283752,0.5379168391227722,,,,,,,,True
state_7153483b854d9dc6568527f8,2c_f21c5beff7e3dc67c753,2,binary_vle_english.xlsx,10.1016/j.fluid.2014.01.034,unverified,0.5,isobaric,0.9375,isobaric,529.4,485.2330322265625,,,3.814697265625e-05,True,False,48,O=[N+]([O-])c1ccc(Cl)c(Cl)c1,mol_d71344439e314718,0.388,0.399,0.4180672764778137,1.235239028930664,88.36347198486328,O=[N+]([O-])c1cccc(Cl)c1Cl,mol_aa6ec9bb4303db75,0.612,0.601,0.5819327235221863,1.0873959064483643,88.58149719238281,,,,,,,,True
state_71d2371783ee4eb7c12f84b8,2c_4c8ca30e57e6c11f5778,2,binary_vle_english.xlsx,10.1016/j.fluid.2015.03.030,unverified,0.5,isobaric,0.9166666666666666,isobaric,529.5999999999999,475.42694091796875,,,3.4332275390625e-05,True,False,48,O=C1OC(=O)c2cc(Cl)ccc21,mol_df66df7dbda573ad,0.6792,0.5286,0.5890470743179321,1.0690232515335083,49.75520324707031,O=C1OC(=O)c2cc(F)ccc21,mol_12d7c05b7c8fe7d9,0.3208,0.4714,0.41095295548439026,1.3283120393753052,59.14676284790039,,,,,,,,True
state_71ff338fba690405c5b6a5fc,2c_200d73d6cf44caf265a9,2,binary_vle_english.xlsx,10.1016/j.fluid.2010.10.022,unverified,0.5,isothermal,0.8888888888888888,isothermal,,,8.877936485120001,81.47840881347656,-7.62939453125e-06,True,False,48,CCC#CCC,mol_7f5d60b87bc7cd44,0.5698,0.7619,0.967724621295929,1.1252321004867554,122.97865295410156,CCCOC(C)=O,mol_67043ae833ecd0c7,0.4302,0.2381,0.03227533772587776,1.2118842601776123,5.044076919555664,,,,,,,,False
state_72295a1e36569ea5a13b499d,2c_ecb2aa3282976dc883b8,2,binary_vle_english.xlsx,10.1016/j.fluid.2017.04.014,unverified,0.5,isothermal,0.9523809523809523,isothermal,,,33.27992950016,28.525135040283203,-1.9073486328125e-06,True,False,48,CC(C)CC(C)(C)C,mol_57615b5c3546c298,0.723,0.35,0.3948942720890045,1.0169939994812012,15.319755554199219,COC(C)(C)C,mol_b614d6fea320c179,0.277,0.65,0.6051056981086731,1.0411170721054077,59.85212707519531,,,,,,,,False
state_7280360b9d272a970152d11a,2c_e87fea44a6b8ad1299a3,2,binary_vle_english.xlsx,10.1016/j.fluid.2010.03.001,unverified,0.5,isothermal,0.9473684210526315,isothermal,,,5.3099632727040005,12.048925399780273,-9.5367431640625e-07,True,False,48,C=C(C)[C@H]1CC=C(C)CC1,mol_768bd4f5442f0a79,0.77,0.37,0.7999505996704102,1.1140272617340088,11.236340522766113,CCCCCO,mol_243de2450bee5519,0.23,0.63,0.20004944503307343,2.1569554805755615,4.85866117477417,,,,,,,,False
state_728047a762fa5fc38adf034b,3c_a6f39dd395c2cfcf800d,3,ternary_vle_english.xlsx,10.1016/j.fluid.2009.01.016,unverified,0.5,isothermal,0.95,isothermal,,,42.239992563968,52.932777404785156,0.0,True,False,48,CC(=O)C(C)(C)C,mol_61a887e37d396488,0.2968,0.2133,0.18305347859859467,1.226093053817749,26.62657928466797,CC(C)(C)CO,mol_dfb42f12fdc989ed,0.5429999999999999,0.2008000000000001,0.3461923599243164,1.0571037530899048,31.924543380737305,COC(C)(C)C,mol_b614d6fea320c179,0.1602,0.5859,0.4707542061805725,1.3045815229415894,119.22989654541016,True
state_7303b0650bf0cc69985c1330,2c_200d73d6cf44caf265a9,2,binary_vle_english.xlsx,10.1016/j.fluid.2010.10.022,unverified,0.5,isothermal,0.8888888888888888,isothermal,,,59.21193001036799,252.269287109375,0.0,True,False,48,CCC#CCC,mol_7f5d60b87bc7cd44,0.6247,0.7571,0.935365617275238,1.1222310066223145,336.5828552246094,CCCOC(C)=O,mol_67043ae833ecd0c7,0.3753,0.2429,0.06463437527418137,1.2492432594299316,34.7778205871582,,,,,,,,False
state_73dea29e39f5d1fa0d28f45f,2c_e87fea44a6b8ad1299a3,2,binary_vle_english.xlsx,10.1016/j.fluid.2010.03.001,unverified,0.5,isothermal,0.9444444444444444,isothermal,,,2.139957328768,7.445766448974609,-4.76837158203125e-07,True,False,48,C=C(C)[C@H]1CC=C(C)CC1,mol_768bd4f5442f0a79,0.867,0.44699999999999995,0.8875464797019958,1.0403608083724976,7.326514720916748,CCCCCO,mol_243de2450bee5519,0.133,0.553,0.11245351284742355,2.9011950492858887,2.1699705123901367,,,,,,,,False
state_74014369a2a92e478a546478,2c_9478a219a5c540597926,2,binary_vle_english.xlsx,10.1016/j.fluid.2009.01.016,unverified,0.5,isothermal,0.9375,isothermal,,,40.130032768,39.292442321777344,-3.814697265625e-06,True,False,48,CC(=O)C(C)(C)C,mol_61a887e37d396488,0.9097,0.6238,0.6180422306060791,1.0025674104690552,26.62657928466797,COC(C)(C)C,mol_b614d6fea320c179,0.0903,0.3762,0.3819577991962433,1.3939636945724487,119.22989654541016,,,,,,,,True
state_7439a82ee7dc01f0e85c70fa,2c_6b00d1757b554f4dca5e,2,binary_vle_english.xlsx,10.1016/j.fluid.2009.01.016,unverified,0.5,isothermal,0.9166666666666666,isothermal,,,95.60000387571199,81.93734741210938,-7.62939453125e-06,True,False,48,CC(C)(C)CO,mol_dfb42f12fdc989ed,0.12819999999999998,0.015800000000000036,0.04947811737656593,1.5271843671798706,20.706920623779297,COC(C)(C)C,mol_b614d6fea320c179,0.8718,0.9842,0.9505218267440796,1.0148056745529175,88.0327377319336,,,,,,,,True
state_750445285710e5186f1d2561,2c_6b00d1757b554f4dca5e,2,binary_vle_english.xlsx,10.1016/j.fluid.2009.01.016,unverified,0.5,isothermal,0.9166666666666666,isothermal,,,74.090039667328,62.209381103515625,-3.814697265625e-06,True,False,48,CC(C)(C)CO,mol_dfb42f12fdc989ed,0.03959999999999997,0.0038000000000000256,0.013985737226903439,1.6806986331939697,13.072425842285156,COC(C)(C)C,mol_b614d6fea320c179,0.9604,0.9962,0.9860142469406128,1.001422643661499,63.777793884277344,,,,,,,,True
state_755b80ac48755ec1c4be38e8,2c_007e04d60827397d74ab,2,binary_vle_english.xlsx,10.1016/j.fluid.2013.09.056,unverified,0.5,isothermal,0.9090909090909091,isothermal,,,335.100039106176,105.12864685058594,7.62939453125e-06,True,False,48,FC(C(F)(F)F)C(F)(F)F,mol_6b18cff9be152ebc,0.6762,0.5857,0.07943828403949738,0.9982122778892517,12.372369766235352,FCC(F)(F)F,mol_28a5ef315edd1f58,0.3238,0.4143,0.920561671257019,1.0228118896484375,292.2142639160156,,,,,,,,False
state_756e7278248297d07ae67575,2c_ecb2aa3282976dc883b8,2,binary_vle_english.xlsx,10.1016/j.fluid.2017.04.014,unverified,0.5,isothermal,0.9523809523809523,isothermal,,,46.930006825472,39.53662109375,-3.814697265625e-06,True,False,48,CC(C)CC(C)(C)C,mol_57615b5c3546c298,0.474,0.17000000000000004,0.19458797574043274,1.0594618320465088,15.319755554199219,COC(C)(C)C,mol_b614d6fea320c179,0.526,0.83,0.8054119944572449,1.0114681720733643,59.85212707519531,,,,,,,,False
state_759896da53150d19ad3bcc83,2c_ecb2aa3282976dc883b8,2,binary_vle_english.xlsx,10.1016/j.fluid.2017.04.014,unverified,0.5,isothermal,0.9523809523809523,isothermal,,,31.91004216896,27.469135284423828,0.0,True,False,48,CC(C)CC(C)(C)C,mol_57615b5c3546c298,0.746,0.38,0.42200595140457153,1.014315128326416,15.319755554199219,COC(C)(C)C,mol_b614d6fea320c179,0.254,0.62,0.5779940485954285,1.0443716049194336,59.85212707519531,,,,,,,,False
state_7604eebd6c4c470755226a3c,2c_3718df32cb8e1a8658b3,2,binary_vle_english.xlsx,10.1016/j.fluid.2010.03.022,passed,1.0,isothermal,0.9230769230769231,isothermal,,,58.180014882048,76.46800231933594,0.0,True,False,48,C1CCSC1,mol_e61c7ae663276e1e,0.301,0.221,0.144501730799675,1.0905767679214478,33.66123580932617,C=C(C)CC(C)(C)C,mol_c01ea75a8687ed16,0.6990000000000001,0.779,0.8554982542991638,1.0198020935058594,91.77107238769531,,,,,,,,False
state_76698e05236dcf88a2475679,2c_ab02ff6614bbff27b5cc,2,binary_vle_english.xlsx,10.1016/j.fluid.2015.08.008,unverified,0.5,isothermal,0.8333333333333334,isothermal,,,1.5000099623679999,6.229238510131836,0.0,True,False,48,C1CN=C2CCCN2C1,mol_b2e98fe3254a8c98,0.751,0.06059999999999999,0.1527482271194458,1.0441786050796509,1.21337890625,O,mol_e81dc06beaa39499,0.249,0.9394,0.8472517728805542,1.1887685060501099,17.829978942871094,,,,,,,,False
state_769cc6657276f49d89b52243,2c_679d20c0c097df83b478,2,binary_vle_english.xlsx,10.1016/j.fluid.2010.10.022,unverified,0.5,isothermal,0.9,isothermal,,,24.146947325055997,65.97990417480469,-7.62939453125e-06,True,False,48,C#CCCCC,mol_532ee0519201d73c,0.6242,0.8502000000000001,0.9313416481018066,1.0748897790908813,91.5868148803711,CCCOC(C)=O,mol_67043ae833ecd0c7,0.3758,0.1498,0.06865834444761276,1.1805447340011597,10.210939407348633,,,,,,,,False
state_77702432cd5c8d6c5cf1130c,2c_ecb2aa3282976dc883b8,2,binary_vle_english.xlsx,10.1016/j.fluid.2017.04.014,unverified,0.5,isothermal,0.9523809523809523,isothermal,,,19.689980562816,18.151878356933594,0.0,True,False,48,CC(C)CC(C)(C)C,mol_57615b5c3546c298,0.942,0.76,0.7956411838531494,1.0007741451263428,15.319755554199219,COC(C)(C)C,mol_b614d6fea320c179,0.058,0.24,0.2043588012456894,1.0685807466506958,59.85212707519531,,,,,,,,False
state_7817cc1ca536e39b641213b3,2c_9478a219a5c540597926,2,binary_vle_english.xlsx,10.1016/j.fluid.2009.01.016,unverified,0.5,isothermal,0.9375,isothermal,,,118.260006830464,101.57838439941406,0.0,True,False,48,CC(=O)C(C)(C)C,mol_61a887e37d396488,0.2611,0.07230000000000003,0.09076110273599625,1.3261078596115112,26.62657928466797,COC(C)(C)C,mol_b614d6fea320c179,0.7389,0.9277,0.909238874912262,1.048355221748352,119.22989654541016,,,,,,,,True
state_781e80722a9add0670dc10c1,2c_fcb25ad973d4e5c4a4fe,2,binary_vle_english.xlsx,10.1016/j.fluid.2010.10.022,unverified,0.5,isothermal,0.875,isothermal,,,30.248045529471998,149.91653442382812,1.52587890625e-05,True,False,48,CC#CCCC,mol_a64b37cfa024f8e7,1.0,1.0,1.0,1.0,149.9165496826172,CCCOC(C)=O,mol_67043ae833ecd0c7,0.0,0.0,0.0,1.958460807800293,15.75643539428711,,,,,,,,False
state_784b6e6f0c018113828f3040,2c_679d20c0c097df83b478,2,binary_vle_english.xlsx,10.1016/j.fluid.2010.10.022,unverified,0.5,isothermal,0.9,isothermal,,,10.446740789376,33.96826171875,0.0,True,False,48,C#CCCCC,mol_532ee0519201d73c,0.47219999999999995,0.7741,0.9130766987800598,1.1257215738296509,58.34768295288086,CCCOC(C)=O,mol_67043ae833ecd0c7,0.5278,0.2259,0.08692331612110138,1.1090688705444336,5.044076919555664,,,,,,,,False
state_786c95a2025473bdc57578b2,2c_f1d29e917192fdde6ee4,2,binary_vle_english.xlsx,10.1016/j.fluid.2012.11.008,unverified,0.5,isothermal,0.9285714285714286,isothermal,,,237.700049940096,224.40518188476562,1.52587890625e-05,True,False,48,CCOC(C)=O,mol_18876b584acc43d4,0.851,0.748,0.745628833770752,1.0055025815963745,195.5432586669922,COC(C)(C)C,mol_b614d6fea320c179,0.149,0.252,0.25437119603157043,1.3197662830352783,290.2802734375,,,,,,,,False
state_788398eac624658b7db7638b,2c_200d73d6cf44caf265a9,2,binary_vle_english.xlsx,10.1016/j.fluid.2010.10.022,unverified,0.5,isothermal,0.8888888888888888,isothermal,,,45.549053737728,142.2509765625,1.52587890625e-05,True,False,48,CCC#CCC,mol_7f5d60b87bc7cd44,0.23919999999999997,0.4083,0.8077064752578735,1.4271042346954346,336.5828552246094,CCCOC(C)=O,mol_67043ae833ecd0c7,0.7608,0.5917,0.19229352474212646,1.033825159072876,34.7778205871582,,,,,,,,False
state_789cd632782027bb0c544941,2c_26b0c25a9dccaa9e1115,2,binary_vle_english.xlsx,10.1016/j.fluid.2016.01.027,unverified,0.5,isothermal,0.9090909090909091,isothermal,,,340.40000320128,461.59320068359375,0.0,True,False,48,C=C(Cl)C(F)(F)F,mol_41055367d2729aad,0.749,0.754,0.8919272422790527,1.0317105054855347,532.7815551757812,CC(F)(Cl)C(F)(F)F,mol_c4c59740db0baaf4,0.251,0.246,0.10807273536920547,1.2263073921203613,162.0699462890625,,,,,,,,True
state_78fc30ad7db124a639397be2,2c_200d73d6cf44caf265a9,2,binary_vle_english.xlsx,10.1016/j.fluid.2010.10.022,unverified,0.5,isothermal,0.8888888888888888,isothermal,,,5.116645839104,39.074745178222656,-3.814697265625e-06,True,False,48,CCC#CCC,mol_7f5d60b87bc7cd44,0.23919999999999997,0.482,0.9206011295318604,1.3939526081085205,107.88435363769531,CCCOC(C)=O,mol_67043ae833ecd0c7,0.7608,0.518,0.07939889281988144,1.0392457246780396,3.9239349365234375,,,,,,,,False
state_791a8e1788988a8095ea43e7,2c_01fbe79446fb7e5c19eb,2,binary_vle_english.xlsx,10.1016/j.jct.2006.01.010,unverified,0.5,isothermal,0.9473684210526315,isothermal,,,8.79994289984,9.077032089233398,-9.5367431640625e-07,True,False,48,ClC(Cl)C(Cl)Cl,mol_a1518926d4831a12,0.30400000000000005,0.12039999999999995,0.12477418780326843,0.6277741193771362,5.934601783752441,O=C1CCCC1,mol_e42ea752b52da6b7,0.696,0.8796,0.8752257823944092,0.892130970954895,12.794581413269043,,,,,,,,False
state_79651ac19ee07ac6b146367e,2c_fcb25ad973d4e5c4a4fe,2,binary_vle_english.xlsx,10.1016/j.fluid.2010.10.022,unverified,0.5,isothermal,0.875,isothermal,,,4.8042715308799995,26.107872009277344,0.0,True,False,48,CC#CCCC,mol_a64b37cfa024f8e7,0.258,0.46640000000000004,0.8839542269706726,1.3142993450164795,68.05926513671875,CCCOC(C)=O,mol_67043ae833ecd0c7,0.742,0.5336,0.11604583263397217,1.0405796766281128,3.9239349365234375,,,,,,,,False
state_79a69ae29bd0dc0a71f38bec,2c_fcb25ad973d4e5c4a4fe,2,binary_vle_english.xlsx,10.1016/j.fluid.2010.10.022,unverified,0.5,isothermal,0.875,isothermal,,,2.430333446272,13.217605590820312,0.0,True,False,48,CC#CCCC,mol_a64b37cfa024f8e7,0.15649999999999997,0.3376,0.8500005006790161,1.4244296550750732,50.39838409423828,CCCOC(C)=O,mol_67043ae833ecd0c7,0.8435,0.6624,0.14999952912330627,1.0165073871612549,2.3123152256011963,,,,,,,,False
state_7a5c7a172d9827a2cd33a986,2c_9478a219a5c540597926,2,binary_vle_english.xlsx,10.1016/j.fluid.2009.01.016,unverified,0.5,isothermal,0.9444444444444444,isothermal,,,66.130027685888,60.57463836669922,-3.814697265625e-06,True,False,48,CC(=O)C(C)(C)C,mol_61a887e37d396488,0.49360000000000004,0.16290000000000004,0.16465647518634796,1.1122123003005981,18.167985916137695,COC(C)(C)C,mol_b614d6fea320c179,0.5064,0.8371,0.8353435397148132,1.135057806968689,88.0327377319336,,,,,,,,True
state_7a5d5eea89832f1f2d91c524,2c_200d73d6cf44caf265a9,2,binary_vle_english.xlsx,10.1016/j.fluid.2010.10.022,unverified,0.5,isothermal,0.8888888888888888,isothermal,,,9.645073390592,10.210939407348633,0.0,True,False,48,CCC#CCC,mol_7f5d60b87bc7cd44,0.0,0.0,0.0,1.8277993202209473,177.64260864257812,CCCOC(C)=O,mol_67043ae833ecd0c7,1.0,1.0,1.0,1.0,10.210939407348633,,,,,,,,False
state_7a81649b61ff4bbb00982575,2c_200d73d6cf44caf265a9,2,binary_vle_english.xlsx,10.1016/j.fluid.2010.10.022,unverified,0.5,isothermal,0.8888888888888888,isothermal,,,66.076432093952,301.73883056640625,0.0,True,False,48,CCC#CCC,mol_7f5d60b87bc7cd44,0.8492999999999999,0.91,0.9716020822525024,1.0255728960037231,336.5828552246094,CCCOC(C)=O,mol_67043ae833ecd0c7,0.1507,0.09,0.028397897258400917,1.6349397897720337,34.7778205871582,,,,,,,,False
state_7ab67932afa8eca09a956595,2c_01fbe79446fb7e5c19eb,2,binary_vle_english.xlsx,10.1016/j.jct.2006.01.010,unverified,0.5,isothermal,0.9473684210526315,isothermal,,,10.179962731007999,9.342142105102539,-9.5367431640625e-07,True,False,48,ClC(Cl)C(Cl)Cl,mol_a1518926d4831a12,0.7259,0.7214,0.6660563349723816,0.9498485922813416,9.024563789367676,O=C1CCCC1,mol_e42ea752b52da6b7,0.2741,0.2786,0.33394360542297363,0.595863938331604,19.101322174072266,,,,,,,,False
state_7ac59536167e7dacd6a79390,2c_26b0c25a9dccaa9e1115,2,binary_vle_english.xlsx,10.1016/j.fluid.2016.01.027,unverified,0.5,isothermal,0.9090909090909091,isothermal,,,339.80005254528,439.690185546875,3.0517578125e-05,True,False,48,C=C(Cl)C(F)(F)F,mol_41055367d2729aad,0.677,0.686,0.8609959483146667,1.0495667457580566,532.7815551757812,CC(F)(Cl)C(F)(F)F,mol_c4c59740db0baaf4,0.32299999999999995,0.31399999999999995,0.13900400698184967,1.1675328016281128,162.0699462890625,,,,,,,,True
state_7b598357b259cadf3daf5c62,3c_a6f39dd395c2cfcf800d,3,ternary_vle_english.xlsx,10.1016/j.fluid.2009.01.016,unverified,0.5,isothermal,0.95,isothermal,,,29.030012375423997,32.11427307128906,-3.814697265625e-06,True,False,48,CC(=O)C(C)(C)C,mol_61a887e37d396488,0.6294,0.4153,0.37482014298439026,1.0526583194732666,18.167985916137695,CC(C)(C)CO,mol_dfb42f12fdc989ed,0.24860000000000004,0.08899999999999997,0.19173870980739594,1.1961652040481567,20.706920623779297,COC(C)(C)C,mol_b614d6fea320c179,0.122,0.4957,0.4334411323070526,1.296057105064392,88.0327377319336,True
state_7bad5dd46e84c44955ab2e63,2c_68327a02527de440bdc0,2,binary_vle_english.xlsx,10.1016/j.fluid.2015.10.041,unverified,0.5,isothermal,0.9090909090909091,isothermal,,,59.099939221248,60.308349609375,3.814697265625e-06,True,False,48,CCCCCO,mol_243de2450bee5519,0.948,0.853,0.7090543508529663,1.0025262832641602,44.99382400512695,CCCCCS,mol_22ade86f58436479,0.052,0.147,0.2909456193447113,2.8341257572174072,119.06025695800781,,,,,,,,False
state_7bc77c3659bc9eaf216a0f78,2c_ab02ff6614bbff27b5cc,2,binary_vle_english.xlsx,10.1016/j.fluid.2015.08.008,unverified,0.5,isothermal,0.9444444444444444,isothermal,,,17.400035570048,17.129661560058594,0.0,True,False,48,C1CN=C2CCCN2C1,mol_b2e98fe3254a8c98,0.050000000000000044,0.0,0.007107560522854328,2.007763147354126,1.2127934694290161,O,mol_e81dc06beaa39499,0.95,1.0,0.9928924441337585,1.0045539140701294,17.8219051361084,,,,,,,,False
state_7ca94c45a694fcd97d587944,2c_fcb25ad973d4e5c4a4fe,2,binary_vle_english.xlsx,10.1016/j.fluid.2010.10.022,unverified,0.5,isothermal,0.875,isothermal,,,4.514028735744,5.044076919555664,0.0,True,False,48,CC#CCCC,mol_a64b37cfa024f8e7,0.0,0.0,0.0,1.6995835304260254,78.49472045898438,CCCOC(C)=O,mol_67043ae833ecd0c7,1.0,1.0,1.0,1.0,5.044076919555664,,,,,,,,False
state_7ce1dbbcc661d6c853a92f7b,2c_679d20c0c097df83b478,2,binary_vle_english.xlsx,10.1016/j.fluid.2010.10.022,unverified,0.5,isothermal,0.9,isothermal,,,7.267268957312,20.95623779296875,0.0,True,False,48,C#CCCCC,mol_532ee0519201d73c,0.22340000000000004,0.5166,0.8080821633338928,1.2991583347320557,58.34768295288086,CCCOC(C)=O,mol_67043ae833ecd0c7,0.7766,0.4834,0.19191782176494598,1.0267140865325928,5.044076919555664,,,,,,,,False
state_7ce1fe133b08dd7d05688e0d,2c_3718df32cb8e1a8658b3,2,binary_vle_english.xlsx,10.1016/j.fluid.2010.03.022,passed,1.0,isothermal,0.9333333333333333,isothermal,,,54.710033610112,52.651527404785156,0.0,True,False,48,C1CCSC1,mol_e61c7ae663276e1e,0.916,0.784,0.8127157092094421,1.0014575719833374,46.64677047729492,C=C(C)CC(C)(C)C,mol_c01ea75a8687ed16,0.08399999999999996,0.21599999999999997,0.18728433549404144,1.1234557628631592,104.49058532714844,,,,,,,,False
state_7d07cafa37d7ade22eca32e7,2c_ab02ff6614bbff27b5cc,2,binary_vle_english.xlsx,10.1016/j.fluid.2015.08.008,unverified,0.5,isothermal,0.9,isothermal,,,38.900000600832,37.902610778808594,-3.814697265625e-06,True,False,48,C1CN=C2CCCN2C1,mol_b2e98fe3254a8c98,0.05689999999999995,0.0,0.011414346285164356,2.685106039047241,2.8316948413848877,O,mol_e81dc06beaa39499,0.9431,1.0,0.9885857105255127,1.0081321001052856,39.410160064697266,,,,,,,,False
state_7d456c1abfafb3f81a5cf37f,2c_fcb25ad973d4e5c4a4fe,2,binary_vle_english.xlsx,10.1016/j.fluid.2010.10.022,unverified,0.5,isothermal,0.875,isothermal,,,7.1835425102079995,25.862964630126953,-1.9073486328125e-06,True,False,48,CC#CCCC,mol_a64b37cfa024f8e7,0.15649999999999997,0.30010000000000003,0.7871032357215881,1.4435954093933105,90.10525512695312,CCCOC(C)=O,mol_67043ae833ecd0c7,0.8435,0.6999,0.21289680898189545,1.0151221752166748,6.4304890632629395,,,,,,,,False
state_7d57a1a9bf15676933b67ff7,2c_a894ec22c70022e7cf39,2,binary_vle_english.xlsx,10.1016/j.jct.2009.04.006,unverified,0.5,isothermal,0.9333333333333333,isothermal,,,30.210048654591997,23.43316650390625,-1.9073486328125e-06,True,False,48,CC(Cl)(Cl)Cl,mol_d8a2276bed4f13b6,0.795,0.986,0.9898175597190857,0.9696360230445862,30.089168548583984,O=C1CCCCC1,mol_09f0d60d139abab5,0.20499999999999996,0.014000000000000012,0.01018250547349453,0.6962959170341492,1.6716212034225464,,,,,,,,False
state_7dd873a26d12542032ed61bc,2c_f1d29e917192fdde6ee4,2,binary_vle_english.xlsx,10.1016/j.fluid.2012.11.008,unverified,0.5,isothermal,0.9285714285714286,isothermal,,,221.19994035404798,211.1646728515625,1.52587890625e-05,True,False,48,CCOC(C)=O,mol_18876b584acc43d4,0.923,0.861,0.8559548854827881,1.00144624710083,195.5432586669922,COC(C)(C)C,mol_b614d6fea320c179,0.077,0.139,0.14404511451721191,1.3608540296554565,290.2802734375,,,,,,,,False
state_7e1e9c9629b2182c3b838a4f,2c_26b0c25a9dccaa9e1115,2,binary_vle_english.xlsx,10.1016/j.fluid.2016.01.027,unverified,0.5,isothermal,0.8333333333333334,isothermal,,,340.49999497728,496.8377685546875,0.0,True,False,48,C=C(Cl)C(F)(F)F,mol_41055367d2729aad,0.871,0.86,0.9426206350326538,1.0092161893844604,532.7815551757812,CC(F)(Cl)C(F)(F)F,mol_c4c59740db0baaf4,0.129,0.14,0.057379383593797684,1.3635727167129517,162.0699462890625,,,,,,,,True
state_7e994e426996e5b9243b7e6b,2c_68327a02527de440bdc0,2,binary_vle_english.xlsx,10.1016/j.fluid.2015.10.041,unverified,0.5,isothermal,0.9,isothermal,,,44.199964695935996,59.631988525390625,0.0,True,False,48,CCCCCO,mol_243de2450bee5519,0.45699999999999996,0.31499999999999995,0.2078305184841156,1.3760006427764893,19.70850944519043,CCCCCS,mol_22ade86f58436479,0.543,0.685,0.7921695113182068,1.426192045211792,60.99856185913086,,,,,,,,False
state_7ea0643fb2437934d77ada75,3c_a6f39dd395c2cfcf800d,3,ternary_vle_english.xlsx,10.1016/j.fluid.2009.01.016,unverified,0.5,isothermal,0.95,isothermal,,,16.83994830208,23.249603271484375,-1.9073486328125e-06,True,False,48,CC(=O)C(C)(C)C,mol_61a887e37d396488,0.4433,0.5347,0.39311233162879944,1.1348217725753784,18.167985916137695,CC(C)(C)CO,mol_dfb42f12fdc989ed,0.5328999999999999,0.30290000000000006,0.49037715792655945,1.0332002639770508,20.706920623779297,COC(C)(C)C,mol_b614d6fea320c179,0.0238,0.1624,0.11651048809289932,1.2928835153579712,88.0327377319336,True
state_7f20251f2d3bae8409f73c8c,2c_200d73d6cf44caf265a9,2,binary_vle_english.xlsx,10.1016/j.fluid.2010.10.022,unverified,0.5,isothermal,0.8888888888888888,isothermal,,,2.924559464448,60.90492248535156,-3.814697265625e-06,True,False,48,CCC#CCC,mol_7f5d60b87bc7cd44,1.0,1.0,1.0,1.0,60.9049186706543,CCCOC(C)=O,mol_67043ae833ecd0c7,0.0,0.0,0.0,1.8436301946640015,1.3108574151992798,,,,,,,,False
state_7f37af9477291c1b908abf64,3c_a6f39dd395c2cfcf800d,3,ternary_vle_english.xlsx,10.1016/j.fluid.2009.01.016,unverified,0.5,isothermal,0.95,isothermal,,,28.570050205824,35.27880859375,0.0,True,False,48,CC(=O)C(C)(C)C,mol_61a887e37d396488,0.2953,0.2306,0.18376630544662476,1.2083967924118042,18.167985916137695,CC(C)(C)CO,mol_dfb42f12fdc989ed,0.5522,0.19989999999999997,0.33544647693634033,1.0349639654159546,20.706920623779297,COC(C)(C)C,mol_b614d6fea320c179,0.1525,0.5695,0.4807871878147125,1.2634345293045044,88.0327377319336,True
state_7f3f41a02acd0b0b5dc38a0a,2c_635bd51c750eee04b7c9,2,binary_vle_english.xlsx,10.1016/j.fluid.2006.10.023,unverified,0.5,isothermal,0.9230769230769231,isothermal,,,291.80000039424,212.82733154296875,1.52587890625e-05,True,False,48,C1CC1,mol_5b0fb88d8ed110b0,0.0,0.0,0.0,2.9302797317504883,69.08135223388672,FCC(F)(F)F,mol_28a5ef315edd1f58,1.0,1.0,1.0,1.0,212.8273468017578,,,,,,,,False
state_7f60acb0c9867101b22a7fb9,2c_01fbe79446fb7e5c19eb,2,binary_vle_english.xlsx,10.1016/j.jct.2006.01.010,unverified,0.5,isothermal,0.9473684210526315,isothermal,,,8.15999553344,8.269609451293945,0.0,True,False,48,ClC(Cl)C(Cl)Cl,mol_a1518926d4831a12,0.374,0.19069999999999998,0.1849220246076584,0.68898606300354,5.934601783752441,O=C1CCCC1,mol_e42ea752b52da6b7,0.626,0.8093,0.8150779604911804,0.8415574431419373,12.794581413269043,,,,,,,,False
state_7f9773e48bdef88f003a7ef0,2c_200d73d6cf44caf265a9,2,binary_vle_english.xlsx,10.1016/j.fluid.2010.10.022,unverified,0.5,isothermal,0.8888888888888888,isothermal,,,31.334489506304,112.48246765136719,0.0,True,False,48,CCC#CCC,mol_7f5d60b87bc7cd44,0.23919999999999997,0.4215,0.8342086672782898,1.42385995388031,275.5060119628906,CCCOC(C)=O,mol_67043ae833ecd0c7,0.7608,0.5785,0.1657913774251938,1.0347501039505005,23.688674926757812,,,,,,,,False
state_7fa9ba0d8b2562952927e4ba,2c_679d20c0c097df83b478,2,binary_vle_english.xlsx,10.1016/j.fluid.2010.10.022,unverified,0.5,isothermal,0.9,isothermal,,,33.074879698176,91.58682250976562,-7.62939453125e-06,True,False,48,C#CCCCC,mol_532ee0519201d73c,1.0,1.0,1.0,1.0,91.5868148803711,CCCOC(C)=O,mol_67043ae833ecd0c7,0.0,0.0,0.0,1.7220600843429565,10.210939407348633,,,,,,,,False
state_800870dc49a2abcf2e2ee78d,2c_200d73d6cf44caf265a9,2,binary_vle_english.xlsx,10.1016/j.fluid.2010.10.022,unverified,0.5,isothermal,0.8888888888888888,isothermal,,,11.93835144256,46.54698944091797,-3.814697265625e-06,True,False,48,CCC#CCC,mol_7f5d60b87bc7cd44,0.13549999999999995,0.2986,0.8080043196678162,1.5624955892562866,177.64260864257812,CCCOC(C)=O,mol_67043ae833ecd0c7,0.8645,0.7014,0.19199569523334503,1.0124006271362305,10.210939407348633,,,,,,,,False
state_802099c83b028b74d3e4867e,2c_61ebe4a2edff80d5fa4f,2,binary_vle_english.xlsx,10.1016/j.fluid.2009.01.016,unverified,0.5,isothermal,0.9090909090909091,isothermal,,,19.080030729216,32.494789123535156,-3.814697265625e-06,True,False,48,CC(=O)C(C)(C)C,mol_61a887e37d396488,0.2424,0.3961,0.25215646624565125,1.2695090770721436,26.62657928466797,CC(C)(C)CO,mol_dfb42f12fdc989ed,0.7576,0.6039,0.7478435039520264,1.0047539472579956,31.924543380737305,,,,,,,,True
state_804e725a469163bd469eb0d4,2c_3718df32cb8e1a8658b3,2,binary_vle_english.xlsx,10.1016/j.fluid.2010.03.022,passed,1.0,isothermal,0.9333333333333333,isothermal,,,79.799970044032,90.42387390136719,-7.62939453125e-06,True,False,48,C1CCSC1,mol_e61c7ae663276e1e,0.298,0.228,0.17015327513217926,1.1068416833877563,46.64677047729492,C=C(C)CC(C)(C)C,mol_c01ea75a8687ed16,0.702,0.772,0.8298467397689819,1.0229789018630981,104.49058532714844,,,,,,,,False
state_809a80be669d93d298e716bf,2c_fcb25ad973d4e5c4a4fe,2,binary_vle_english.xlsx,10.1016/j.fluid.2010.10.022,unverified,0.5,isothermal,0.875,isothermal,,,73.861791773312,205.2432861328125,0.0,True,False,48,CC#CCCC,mol_a64b37cfa024f8e7,0.5441,0.6751,0.8729002475738525,1.1402819156646729,288.76373291015625,CCCOC(C)=O,mol_67043ae833ecd0c7,0.4559,0.3249,0.12709972262382507,1.145312786102295,49.95970153808594,,,,,,,,False
state_80eb53ca9a20b96ac2454606,2c_e87fea44a6b8ad1299a3,2,binary_vle_english.xlsx,10.1016/j.fluid.2010.03.001,unverified,0.5,isothermal,0.9473684210526315,isothermal,,,5.840053007872,10.5123291015625,0.0,True,False,48,C=C(C)[C@H]1CC=C(C)CC1,mol_768bd4f5442f0a79,0.346,0.261,0.6628350019454956,1.7922698259353638,11.236340522766113,CCCCCO,mol_243de2450bee5519,0.654,0.739,0.337164968252182,1.115442156791687,4.85866117477417,,,,,,,,False
state_81044f7c147a519dc3b4bd34,2c_ecb2aa3282976dc883b8,2,binary_vle_english.xlsx,10.1016/j.fluid.2017.04.014,unverified,0.5,isothermal,0.9523809523809523,isothermal,,,44.029978676736,37.11155700683594,0.0,True,False,48,CC(C)CC(C)(C)C,mol_57615b5c3546c298,0.53,0.18999999999999995,0.22928208112716675,1.0479767322540283,15.319755554199219,COC(C)(C)C,mol_b614d6fea320c179,0.47,0.81,0.7707179188728333,1.0167804956436157,59.85212707519531,,,,,,,,False
state_81054a3bba6a21ae22efc839,2c_fcb25ad973d4e5c4a4fe,2,binary_vle_english.xlsx,10.1016/j.fluid.2010.10.022,unverified,0.5,isothermal,0.875,isothermal,,,19.901296516096,63.58869171142578,-3.814697265625e-06,True,False,48,CC#CCCC,mol_a64b37cfa024f8e7,0.258,0.4266,0.8094401359558105,1.3307465314865112,149.9165496826172,CCCOC(C)=O,mol_67043ae833ecd0c7,0.742,0.5734,0.19055983424186707,1.0364524126052856,15.75643539428711,,,,,,,,False
state_81228507f19d00d43eaa8046,2c_200d73d6cf44caf265a9,2,binary_vle_english.xlsx,10.1016/j.fluid.2010.10.022,unverified,0.5,isothermal,0.8888888888888888,isothermal,,,110.828751360512,357.399169921875,3.0517578125e-05,True,False,48,CCC#CCC,mol_7f5d60b87bc7cd44,0.5698,0.7032,0.8989169001579285,1.1601239442825317,486.0111999511719,CCCOC(C)=O,mol_67043ae833ecd0c7,0.4302,0.2968,0.10108308494091034,1.1936813592910767,70.35147857666016,,,,,,,,False
state_813342793781344f0f4feb88,2c_ab02ff6614bbff27b5cc,2,binary_vle_english.xlsx,10.1016/j.fluid.2015.08.008,unverified,0.5,isothermal,0.8,isothermal,,,7.50004981184,10.091859817504883,0.0,True,False,48,C1CN=C2CCCN2C1,mol_b2e98fe3254a8c98,0.17610000000000003,0.00039999999999995595,0.017621658742427826,1.3028091192245483,0.7751359343528748,O,mol_e81dc06beaa39499,0.8239,0.9996,0.9823783040046692,1.026521921157837,11.722149848937988,,,,,,,,False
state_8184997f3ba6432e9c4ceae0,2c_a894ec22c70022e7cf39,2,binary_vle_english.xlsx,10.1016/j.jct.2009.04.006,unverified,0.5,isothermal,0.9333333333333333,isothermal,,,4.770007682304,2.1656808853149414,-2.384185791015625e-07,True,False,48,CC(Cl)(Cl)Cl,mol_d8a2276bed4f13b6,0.271,0.903,0.8203634023666382,0.4952535033226013,13.237435340881348,O=C1CCCCC1,mol_09f0d60d139abab5,0.729,0.09699999999999998,0.17963659763336182,0.9428246021270752,0.5660187602043152,,,,,,,,False
state_821bf981ccd687e829622a41,2c_ab02ff6614bbff27b5cc,2,binary_vle_english.xlsx,10.1016/j.fluid.2015.08.008,unverified,0.5,isothermal,0.6666666666666666,isothermal,,,5.2999640951039995,6.440058708190918,0.0,True,False,48,C1CN=C2CCCN2C1,mol_b2e98fe3254a8c98,0.12749999999999995,9.999999999998899e-05,0.01076941192150116,1.1759268045425415,0.4625847637653351,O,mol_e81dc06beaa39499,0.8725,0.9999,0.9892306327819824,1.009788990020752,7.23088264465332,,,,,,,,False
state_82db829cc0d02238dd525512,2c_200d73d6cf44caf265a9,2,binary_vle_english.xlsx,10.1016/j.fluid.2010.10.022,unverified,0.5,isothermal,0.8888888888888888,isothermal,,,64.56375650662399,178.25714111328125,0.0,True,False,48,CCC#CCC,mol_7f5d60b87bc7cd44,0.23919999999999997,0.39580000000000004,0.7797433733940125,1.4292536973953247,406.5632629394531,CCCOC(C)=O,mol_67043ae833ecd0c7,0.7608,0.6042,0.22025656700134277,1.0329647064208984,49.95970153808594,,,,,,,,False
state_83023f42c33ed0dbcf6174ec,2c_01fbe79446fb7e5c19eb,2,binary_vle_english.xlsx,10.1016/j.jct.2006.01.010,unverified,0.5,isothermal,0.9473684210526315,isothermal,,,27.809979385856,27.135574340820312,-1.9073486328125e-06,True,False,48,ClC(Cl)C(Cl)Cl,mol_a1518926d4831a12,0.03420000000000001,0.0049000000000000155,0.008325117640197277,0.49256986379623413,13.410204887390137,O=C1CCCC1,mol_e42ea752b52da6b7,0.9658,0.9951,0.9916749000549316,0.9988621473312378,27.894306182861328,,,,,,,,False
state_831e72533d14431000582392,2c_ab02ff6614bbff27b5cc,2,binary_vle_english.xlsx,10.1016/j.fluid.2015.08.008,unverified,0.5,isothermal,0.9444444444444444,isothermal,,,12.600030354944,15.414426803588867,-9.5367431640625e-07,True,False,48,C1CN=C2CCCN2C1,mol_b2e98fe3254a8c98,0.18769999999999998,0.0004999999999999449,0.021114276722073555,1.4297246932983398,1.2127934694290161,O,mol_e81dc06beaa39499,0.8123,0.9995,0.9788857102394104,1.042290449142456,17.8219051361084,,,,,,,,False
state_83852a9ca8d197005f2385a9,2c_a894ec22c70022e7cf39,2,binary_vle_english.xlsx,10.1016/j.jct.2009.04.006,unverified,0.5,isothermal,0.9333333333333333,isothermal,,,20.380057139584,15.597654342651367,0.0,True,False,48,CC(Cl)(Cl)Cl,mol_d8a2276bed4f13b6,0.795,0.988,0.9914939403533936,0.9618092179298401,20.225221633911133,O=C1CCCCC1,mol_09f0d60d139abab5,0.20499999999999996,0.01200000000000001,0.008506027981638908,0.6537575721740723,0.9899551868438721,,,,,,,,False
state_83897643a141d48c63bdb49c,2c_01fbe79446fb7e5c19eb,2,binary_vle_english.xlsx,10.1016/j.jct.2006.01.010,unverified,0.5,isothermal,0.9473684210526315,isothermal,,,16.64996392768,13.410205841064453,-9.5367431640625e-07,True,False,48,ClC(Cl)C(Cl)Cl,mol_a1518926d4831a12,1.0,1.0,1.0,1.0,13.410204887390137,O=C1CCCC1,mol_e42ea752b52da6b7,0.0,0.0,0.0,0.4950565993785858,27.894306182861328,,,,,,,,False
state_83a9ddbd16ac0cc84ca3b78d,2c_679d20c0c097df83b478,2,binary_vle_english.xlsx,10.1016/j.fluid.2010.10.022,unverified,0.5,isothermal,0.9,isothermal,,,26.766998500992,73.38490295410156,-7.62939453125e-06,True,False,48,C#CCCCC,mol_532ee0519201d73c,0.7329,0.9038,0.9530466794967651,1.0419410467147827,91.5868148803711,CCCOC(C)=O,mol_67043ae833ecd0c7,0.2671,0.0962,0.04695333540439606,1.263378620147705,10.210939407348633,,,,,,,,False
state_83b19a76908424d4101ddb8d,2c_e87fea44a6b8ad1299a3,2,binary_vle_english.xlsx,10.1016/j.fluid.2010.03.001,unverified,0.5,isothermal,0.9473684210526315,isothermal,,,5.559942712704,4.858661651611328,-4.76837158203125e-07,True,False,48,C=C(C)[C@H]1CC=C(C)CC1,mol_768bd4f5442f0a79,0.0,0.0,0.0,2.725672483444214,11.236340522766113,CCCCCO,mol_243de2450bee5519,1.0,1.0,1.0,1.0,4.85866117477417,,,,,,,,False
state_83b5e636723ace093efb8b9c,2c_fcb25ad973d4e5c4a4fe,2,binary_vle_english.xlsx,10.1016/j.fluid.2010.10.022,unverified,0.5,isothermal,0.875,isothermal,,,24.20934219328,100.59658813476562,-7.62939453125e-06,True,False,48,CC#CCCC,mol_a64b37cfa024f8e7,0.5441,0.6967,0.9174806475639343,1.1314929723739624,149.9165496826172,CCCOC(C)=O,mol_67043ae833ecd0c7,0.4559,0.3033,0.08251935243606567,1.15561044216156,15.75643539428711,,,,,,,,False
state_84384a6f80eaff95eb091c53,2c_f1d29e917192fdde6ee4,2,binary_vle_english.xlsx,10.1016/j.fluid.2012.11.008,unverified,0.5,isothermal,0.9285714285714286,isothermal,,,306.49999136755196,276.8172607421875,3.0517578125e-05,True,False,48,CCOC(C)=O,mol_18876b584acc43d4,0.45199999999999996,0.33599999999999997,0.3529003858566284,1.1052590608596802,195.5432586669922,COC(C)(C)C,mol_b614d6fea320c179,0.548,0.664,0.6470996141433716,1.1260722875595093,290.2802734375,,,,,,,,False
state_847b6011c3c00dbc92166879,3c_a6f39dd395c2cfcf800d,3,ternary_vle_english.xlsx,10.1016/j.fluid.2009.01.016,unverified,0.5,isothermal,0.95,isothermal,,,25.570030281088,31.684131622314453,0.0,True,False,48,CC(=O)C(C)(C)C,mol_61a887e37d396488,0.683,0.7612,0.6037138104438782,1.0518088340759277,26.62657928466797,CC(C)(C)CO,mol_dfb42f12fdc989ed,0.3125,0.21089999999999998,0.3729860186576843,1.1845670938491821,31.924543380737305,COC(C)(C)C,mol_b614d6fea320c179,0.0045,0.0279,0.023300204426050186,1.3759537935256958,119.22989654541016,True
state_84da170c073f637101d1ef01,2c_01fbe79446fb7e5c19eb,2,binary_vle_english.xlsx,10.1016/j.jct.2006.01.010,unverified,0.5,isothermal,0.9473684210526315,isothermal,,,19.200020860416,18.853904724121094,-1.9073486328125e-06,True,False,48,ClC(Cl)C(Cl)Cl,mol_a1518926d4831a12,0.015900000000000025,0.00039999999999995595,0.003262793878093362,0.4287138879299164,9.024563789367676,O=C1CCCC1,mol_e42ea752b52da6b7,0.9841,0.9996,0.9967372417449951,0.9997221231460571,19.101322174072266,,,,,,,,False
state_84f8f21503b404f65da3bcdd,2c_fcb25ad973d4e5c4a4fe,2,binary_vle_english.xlsx,10.1016/j.fluid.2010.10.022,unverified,0.5,isothermal,0.875,isothermal,,,40.174295794176,82.86415100097656,0.0,True,False,48,CC#CCCC,mol_a64b37cfa024f8e7,0.15649999999999997,0.2701,0.6412954926490784,1.444556474685669,235.05853271484375,CCCOC(C)=O,mol_67043ae833ecd0c7,0.8435,0.7299,0.35870450735092163,1.0132488012313843,34.7778205871582,,,,,,,,False
state_859484d4bc894b03df5470bc,2c_ab02ff6614bbff27b5cc,2,binary_vle_english.xlsx,10.1016/j.fluid.2015.08.008,unverified,0.5,isothermal,0.8,isothermal,,,14.899974525312,16.938304901123047,0.0,True,False,48,C1CN=C2CCCN2C1,mol_b2e98fe3254a8c98,0.12749999999999995,0.00019999999999997797,0.015594599768519402,1.6269105672836304,1.2734160423278809,O,mol_e81dc06beaa39499,0.8725,0.9998,0.9844053387641907,1.0244674682617188,18.65435791015625,,,,,,,,False
state_85b9700ba71a9d47b1f087f9,2c_679d20c0c097df83b478,2,binary_vle_english.xlsx,10.1016/j.fluid.2010.10.022,unverified,0.5,isothermal,0.9,isothermal,,,11.761832627328,21.99158477783203,0.0,True,False,48,C#CCCCC,mol_532ee0519201d73c,0.09560000000000002,0.2582,0.5780129432678223,1.4517881870269775,91.5868148803711,CCCOC(C)=O,mol_67043ae833ecd0c7,0.9044,0.7418,0.42198699712753296,1.0049149990081787,10.210939407348633,,,,,,,,False
state_85c27732d4458fec56a02a17,2c_e87fea44a6b8ad1299a3,2,binary_vle_english.xlsx,10.1016/j.fluid.2010.03.001,unverified,0.5,isothermal,0.9444444444444444,isothermal,,,4.470032354304,6.911494255065918,0.0,True,False,48,C=C(C)[C@H]1CC=C(C)CC1,mol_768bd4f5442f0a79,0.17100000000000004,0.18999999999999995,0.5405706763267517,2.2329657077789307,9.784671783447266,CCCCCO,mol_243de2450bee5519,0.829,0.81,0.4594293534755707,1.0231893062591553,3.7435200214385986,,,,,,,,False
state_86341acf8eae40dd093dd0b5,2c_a894ec22c70022e7cf39,2,binary_vle_english.xlsx,10.1016/j.jct.2009.04.006,unverified,0.5,isothermal,0.9333333333333333,isothermal,,,14.360018934912,11.088760375976562,-9.5367431640625e-07,True,False,48,CC(Cl)(Cl)Cl,mol_d8a2276bed4f13b6,0.855,0.993,0.9959060549736023,0.9757338166236877,13.237435340881348,O=C1CCCCC1,mol_09f0d60d139abab5,0.14500000000000002,0.007000000000000006,0.004093967378139496,0.553131639957428,0.5660187602043152,,,,,,,,False
state_8635de9ca56f9259fc205a63,2c_26b0c25a9dccaa9e1115,2,binary_vle_english.xlsx,10.1016/j.fluid.2016.01.027,unverified,0.5,isothermal,0.8333333333333334,isothermal,,,253.80005909977598,379.29730224609375,0.0,True,False,48,C=C(Cl)C(F)(F)F,mol_41055367d2729aad,0.871,0.861,0.9489723443984985,1.0080119371414185,409.9675598144531,CC(F)(Cl)C(F)(F)F,mol_c4c59740db0baaf4,0.129,0.139,0.05102761462330818,1.3064719438552856,114.84054565429688,,,,,,,,True
state_867e8cc5e4e34396a3c8225f,2c_200d73d6cf44caf265a9,2,binary_vle_english.xlsx,10.1016/j.fluid.2010.10.022,unverified,0.5,isothermal,0.8888888888888888,isothermal,,,10.542999539072,107.6697998046875,7.62939453125e-06,True,False,48,CCC#CCC,mol_7f5d60b87bc7cd44,0.8492999999999999,0.9236,0.9888485074043274,1.0193723440170288,122.97865295410156,CCCOC(C)=O,mol_67043ae833ecd0c7,0.1507,0.0764,0.011151446960866451,1.5795384645462036,5.044076919555664,,,,,,,,False
state_86b3e944abc37fcfb86a3d01,2c_679d20c0c097df83b478,2,binary_vle_english.xlsx,10.1016/j.fluid.2010.10.022,unverified,0.5,isothermal,0.9,isothermal,,,4.88426495168,19.882415771484375,-1.9073486328125e-06,True,False,48,C#CCCCC,mol_532ee0519201d73c,0.47219999999999995,0.7975,0.9314062595367432,1.1066595315933228,35.43791961669922,CCCOC(C)=O,mol_67043ae833ecd0c7,0.5278,0.2025,0.06859380006790161,1.1174741983413696,2.3123152256011963,,,,,,,,False
state_870460376a8039235ca0546c,2c_01fbe79446fb7e5c19eb,2,binary_vle_english.xlsx,10.1016/j.jct.2006.01.010,unverified,0.5,isothermal,0.9473684210526315,isothermal,,,12.530036111744,12.755121231079102,0.0,True,False,48,ClC(Cl)C(Cl)Cl,mol_a1518926d4831a12,0.374,0.18930000000000002,0.1930655539035797,0.7296112775802612,9.024563789367676,O=C1CCCC1,mol_e42ea752b52da6b7,0.626,0.8107,0.8069344758987427,0.8607660531997681,19.101322174072266,,,,,,,,False
state_87d0dee8c05cc3ccba9936df,2c_68327a02527de440bdc0,2,binary_vle_english.xlsx,10.1016/j.fluid.2015.10.041,unverified,0.5,isothermal,0.9090909090909091,isothermal,,,88.199945839872,125.19427490234375,7.62939453125e-06,True,False,48,CCCCCO,mol_243de2450bee5519,0.17200000000000004,0.18100000000000005,0.15908536314964294,2.573554277420044,44.99382400512695,CCCCCS,mol_22ade86f58436479,0.828,0.819,0.8409146070480347,1.0679212808609009,119.06025695800781,,,,,,,,False
state_88099f886d0797484c6c3667,2c_007e04d60827397d74ab,2,binary_vle_english.xlsx,10.1016/j.fluid.2013.09.056,unverified,0.5,isothermal,0.9090909090909091,isothermal,,,317.799995312128,71.57133483886719,0.0,True,False,48,FC(C(F)(F)F)C(F)(F)F,mol_6b18cff9be152ebc,0.7772,0.6942999999999999,0.13371366262435913,0.9952432513237,12.372369766235352,FCC(F)(F)F,mol_28a5ef315edd1f58,0.2228,0.3057,0.8662862777709961,0.9523223042488098,292.2142639160156,,,,,,,,False
state_882acda261fa375e7bca51cb,2c_01fbe79446fb7e5c19eb,2,binary_vle_english.xlsx,10.1016/j.jct.2006.01.010,unverified,0.5,isothermal,0.9473684210526315,isothermal,,,16.13000669248,13.461179733276367,0.0,True,False,48,ClC(Cl)C(Cl)Cl,mol_a1518926d4831a12,0.9377,0.9478,0.9325129985809326,0.9982485175132751,13.410204887390137,O=C1CCCC1,mol_e42ea752b52da6b7,0.0623,0.0522,0.06748705357313156,0.5227571129798889,27.894306182861328,,,,,,,,False
state_885b821c5c1b246c9e3d0ed1,2c_679d20c0c097df83b478,2,binary_vle_english.xlsx,10.1016/j.fluid.2010.10.022,unverified,0.5,isothermal,0.9,isothermal,,,15.253678767616,15.75643539428711,0.0,True,False,48,C#CCCCC,mol_532ee0519201d73c,0.0,0.0,0.0,1.6035478115081787,120.85748291015625,CCCOC(C)=O,mol_67043ae833ecd0c7,1.0,1.0,1.0,1.0,15.75643539428711,,,,,,,,False
state_889577f29e185cc468317fa3,2c_200d73d6cf44caf265a9,2,binary_vle_english.xlsx,10.1016/j.fluid.2010.10.022,unverified,0.5,isothermal,0.8888888888888888,isothermal,,,34.569290121087995,144.88571166992188,0.0,True,False,48,CCC#CCC,mol_7f5d60b87bc7cd44,0.3591,0.5543,0.887192964553833,1.2992631196975708,275.5060119628906,CCCOC(C)=O,mol_67043ae833ecd0c7,0.6409,0.4457,0.11280705034732819,1.0765414237976074,23.688674926757812,,,,,,,,False
state_88eb5d8754bc35822dc0af54,2c_635bd51c750eee04b7c9,2,binary_vle_english.xlsx,10.1016/j.fluid.2006.10.023,unverified,0.5,isothermal,0.9230769230769231,isothermal,,,447.89996167756794,181.5716552734375,0.0,True,False,48,C1CC1,mol_5b0fb88d8ed110b0,0.5183,0.5708,0.25754305720329285,1.3060381412506104,69.08135223388672,FCC(F)(F)F,mol_28a5ef315edd1f58,0.4817,0.4292,0.7424569129943848,1.3149679899215698,212.8273468017578,,,,,,,,False
state_88ebb47a71f5d867c06ae601,2c_ab02ff6614bbff27b5cc,2,binary_vle_english.xlsx,10.1016/j.fluid.2015.08.008,unverified,0.5,isothermal,0.8,isothermal,,,16.79995159168,17.419525146484375,-1.9073486328125e-06,True,False,48,C1CN=C2CCCN2C1,mol_b2e98fe3254a8c98,0.08940000000000003,9.999999999998899e-05,0.011761527508497238,1.7996670007705688,1.2734160423278809,O,mol_e81dc06beaa39499,0.9106,0.9999,0.988238513469696,1.0134214162826538,18.65435791015625,,,,,,,,False
state_89274befd6401990bae9e7db,2c_9478a219a5c540597926,2,binary_vle_english.xlsx,10.1016/j.fluid.2009.01.016,unverified,0.5,isothermal,0.9411764705882353,isothermal,,,27.020044355456,26.010231018066406,0.0,True,False,48,CC(=O)C(C)(C)C,mol_61a887e37d396488,0.7988999999999999,0.3791,0.3771477937698364,1.014472484588623,12.103837966918945,COC(C)(C)C,mol_b614d6fea320c179,0.2011,0.6209,0.6228522062301636,1.2631287574768066,63.777793884277344,,,,,,,,True
state_893c64750179938d51919f3e,2c_26b0c25a9dccaa9e1115,2,binary_vle_english.xlsx,10.1016/j.fluid.2016.01.027,unverified,0.5,isothermal,0.9090909090909091,isothermal,,,338.10005903091195,532.781494140625,6.103515625e-05,True,False,48,C=C(Cl)C(F)(F)F,mol_41055367d2729aad,1.0,1.0,1.0,1.0,532.7815551757812,CC(F)(Cl)C(F)(F)F,mol_c4c59740db0baaf4,0.0,0.0,0.0,1.5833693742752075,162.0699462890625,,,,,,,,True
state_894bf8ee9fb56ec98501a970,2c_200d73d6cf44caf265a9,2,binary_vle_english.xlsx,10.1016/j.fluid.2010.10.022,unverified,0.5,isothermal,0.8888888888888888,isothermal,,,4.053266631936,53.01073455810547,0.0,True,False,48,CCC#CCC,mol_7f5d60b87bc7cd44,0.5698,0.78,0.9771887063980103,1.1102728843688965,81.88230895996094,CCCOC(C)=O,mol_67043ae833ecd0c7,0.4302,0.22,0.022811327129602432,1.2156174182891846,2.3123152256011963,,,,,,,,False
state_89da2db520d1e43c3fbd1ab0,2c_6b00d1757b554f4dca5e,2,binary_vle_english.xlsx,10.1016/j.fluid.2009.01.016,unverified,0.5,isothermal,0.8888888888888888,isothermal,,,146.970045522688,119.22988891601562,7.62939453125e-06,True,False,48,CC(C)(C)CO,mol_dfb42f12fdc989ed,0.0,0.0,0.0,2.046299695968628,31.924543380737305,COC(C)(C)C,mol_b614d6fea320c179,1.0,1.0,1.0,1.0,119.22989654541016,,,,,,,,True
state_89f6f3bbca4f306173323a3f,3c_a6f39dd395c2cfcf800d,3,ternary_vle_english.xlsx,10.1016/j.fluid.2009.01.016,unverified,0.5,isothermal,0.95,isothermal,,,26.990046822656,32.85993957519531,-3.814697265625e-06,True,False,48,CC(=O)C(C)(C)C,mol_61a887e37d396488,0.7027,0.7328,0.5946304202079773,1.0443077087402344,26.62657928466797,CC(C)(C)CO,mol_dfb42f12fdc989ed,0.28259999999999996,0.17910000000000004,0.33195239305496216,1.209053874015808,31.924543380737305,COC(C)(C)C,mol_b614d6fea320c179,0.0147,0.0881,0.07341719418764114,1.3764548301696777,119.22989654541016,True
state_8a7184e6afc4892e7ab03f74,2c_a894ec22c70022e7cf39,2,binary_vle_english.xlsx,10.1016/j.jct.2009.04.006,unverified,0.5,isothermal,0.9333333333333333,isothermal,,,25.220059065087998,18.365081787109375,0.0,True,False,48,CC(Cl)(Cl)Cl,mol_d8a2276bed4f13b6,0.652,0.973,0.9752664566040039,0.912973940372467,30.089168548583984,O=C1CCCCC1,mol_09f0d60d139abab5,0.348,0.027000000000000024,0.024733569473028183,0.7808409333229065,1.6716212034225464,,,,,,,,False
state_8b1395f39eb6d812e41ee95e,2c_6b00d1757b554f4dca5e,2,binary_vle_english.xlsx,10.1016/j.fluid.2009.01.016,unverified,0.5,isothermal,0.9166666666666666,isothermal,,,57.650058469248,59.646026611328125,0.0,True,False,48,CC(C)(C)CO,mol_dfb42f12fdc989ed,0.5345,0.08899999999999997,0.200148344039917,1.0786244869232178,20.706920623779297,COC(C)(C)C,mol_b614d6fea320c179,0.4655,0.911,0.799851655960083,1.1641985177993774,88.0327377319336,,,,,,,,True
state_8b18785fc5b523143c2060fc,2c_fcb25ad973d4e5c4a4fe,2,binary_vle_english.xlsx,10.1016/j.fluid.2010.10.022,unverified,0.5,isothermal,0.875,isothermal,,,119.75375064153599,350.741943359375,0.0,True,False,48,CC#CCCC,mol_a64b37cfa024f8e7,1.0,1.0,1.0,1.0,350.741943359375,CCCOC(C)=O,mol_67043ae833ecd0c7,0.0,0.0,0.0,2.049985408782959,70.35147857666016,,,,,,,,False
state_8b1da62b5f6a23edb9e06825,2c_9478a219a5c540597926,2,binary_vle_english.xlsx,10.1016/j.fluid.2009.01.016,unverified,0.5,isothermal,0.9411764705882353,isothermal,,,51.570025198976,45.94569396972656,-3.814697265625e-06,True,False,48,CC(=O)C(C)(C)C,mol_61a887e37d396488,0.42069999999999996,0.10880000000000001,0.1274988204240799,1.1504170894622803,12.103837966918945,COC(C)(C)C,mol_b614d6fea320c179,0.5793,0.8912,0.8725011944770813,1.0850200653076172,63.777793884277344,,,,,,,,True
state_71df619991c0f1bad0222a8a,2c_1694e8275721c8f0a44b,2,binary_vle_english.xlsx,10.1016/j.fluid.2013.02.005,unverified,0.5,isobaric,0.9545454545454546,isobaric,339.57,341.08111572265625,,,7.62939453125e-06,True,False,48,CC(C)OC(C)C,mol_1a0ca8e5eeb68da8,1.0,1.0,1.0,1.0,94.00000762939453,Cc1ccc(C)o1,mol_8abd2666cf37a39e,0.0,0.0,0.0,2.1800992488861084,6.261364936828613,,,,,,,,False
state_74721940aede2c89ceb9f07c,2c_f21c5beff7e3dc67c753,2,binary_vle_english.xlsx,10.1016/j.fluid.2014.01.034,unverified,0.5,isobaric,0.9375,isobaric,530.3299999999999,490.77056884765625,,,7.62939453125e-06,True,False,48,O=[N+]([O-])c1ccc(Cl)c(Cl)c1,mol_d71344439e314718,0.0,0.0,0.0,1.7486270666122437,101.0399169921875,O=[N+]([O-])c1cccc(Cl)c1Cl,mol_aa6ec9bb4303db75,1.0,1.0,1.0,1.0,101.29994201660156,,,,,,,,True
state_75d2b0615413870720c951c4,2c_f21c5beff7e3dc67c753,2,binary_vle_english.xlsx,10.1016/j.fluid.2014.01.034,unverified,0.5,isobaric,0.9375,isobaric,507.53999999999996,467.8938293457031,,,0.0,True,False,48,O=[N+]([O-])c1ccc(Cl)c(Cl)c1,mol_d71344439e314718,0.905,0.907,0.862196683883667,1.0047283172607422,56.89320373535156,O=[N+]([O-])c1cccc(Cl)c1Cl,mol_aa6ec9bb4303db75,0.09499999999999997,0.09299999999999997,0.1378033459186554,1.5265421867370605,57.013614654541016,,,,,,,,True
state_7629b425ec682122668c0dab,2c_8affb2d94018c3a50639,2,binary_vle_english.xlsx,10.1016/j.jct.2017.09.020,unverified,0.5,isobaric,0.9285714285714286,isobaric,396.71999999999997,369.21392822265625,,,1.5497207641601562e-06,True,False,48,CCCCCCCCCC(=O)OC,mol_95d9432584d71e0d,0.5346,0.8102,0.5992850661277771,0.8881459832191467,2.52431583404541,CCCCCCCCCCCC(=O)OC,mol_5c1fd649aae595b4,0.46540000000000004,0.18979999999999997,0.4007149636745453,0.8342165946960449,2.0642101764678955,,,,,,,,False
state_78665b091b258fb3bf48001a,2c_4c8ca30e57e6c11f5778,2,binary_vle_english.xlsx,10.1016/j.fluid.2015.03.030,unverified,0.5,isobaric,0.9166666666666666,isobaric,482.5,437.9480285644531,,,-1.9073486328125e-06,True,False,48,O=C1OC(=O)c2cc(Cl)ccc21,mol_df66df7dbda573ad,0.30779999999999996,0.1815,0.3171916604042053,1.2854719161987305,17.099403381347656,O=C1OC(=O)c2cc(F)ccc21,mol_12d7c05b7c8fe7d9,0.6922,0.8185,0.6828083395957947,1.0486350059509277,20.064725875854492,,,,,,,,True
state_79af14fe923bad72b34a44b3,2c_f17e33a6fb9a3b89984d,2,binary_vle_english.xlsx,10.1016/j.fluid.2015.07.030,unverified,0.5,isobaric,0.9375,isobaric,426.62,391.3966064453125,,,0.0014801025390625,True,False,48,O,mol_e81dc06beaa39499,0.3003,0.97908,0.8865743279457092,1.593266248703003,177.87054443359375,OCCOCCOCCO,mol_f34461328d644291,0.6997,0.02092000000000005,0.11342563480138779,1.0420444011688232,14.932952880859375,,,,,,,,False
state_7c543e281f169c35ca9e380f,2c_f21c5beff7e3dc67c753,2,binary_vle_english.xlsx,10.1016/j.fluid.2014.01.034,unverified,0.5,isobaric,0.9375,isobaric,528.63,489.39794921875,,,-7.62939453125e-06,True,False,48,O=[N+]([O-])c1ccc(Cl)c(Cl)c1,mol_d71344439e314718,0.948,0.949,0.9163346290588379,1.0015448331832886,97.76524353027344,O=[N+]([O-])c1cccc(Cl)c1Cl,mol_aa6ec9bb4303db75,0.052000000000000046,0.051000000000000045,0.0836654007434845,1.662886619567871,98.01421356201172,,,,,,,,True
state_7d36035f7fc107b2eade0878,2c_f21c5beff7e3dc67c753,2,binary_vle_english.xlsx,10.1016/j.fluid.2014.01.034,unverified,0.5,isobaric,0.9375,isobaric,508.84,467.5899658203125,,,0.0,True,False,48,O=[N+]([O-])c1ccc(Cl)c(Cl)c1,mol_d71344439e314718,0.112,0.119,0.15761342644691467,1.496040940284729,56.43947219848633,O=[N+]([O-])c1cccc(Cl)c1Cl,mol_aa6ec9bb4303db75,0.888,0.881,0.8423865437507629,1.0063555240631104,56.55855178833008,,,,,,,,True
state_7da1f1b7545304cd1c1a6762,2c_f17e33a6fb9a3b89984d,2,binary_vle_english.xlsx,10.1016/j.fluid.2015.07.030,unverified,0.5,isobaric,0.9375,isobaric,402.78,375.1404724121094,,,0.00041961669921875,True,False,48,O,mol_e81dc06beaa39499,0.4011,0.99719,0.9240792989730835,1.498830795288086,102.4641342163086,OCCOCCOCCO,mol_f34461328d644291,0.5989,0.002809999999999979,0.0759207159280777,1.0754425525665283,7.857542037963867,,,,,,,,False
state_7dbb007d6b72590833a71a16,2c_851f25357ae6f5ac55a7,2,binary_vle_english.xlsx,10.1016/j.fluid.2006.03.014,unverified,0.5,isobaric,0.9,isobaric,390.95,381.02490234375,,,-5.340576171875e-05,True,False,48,CC(C)(N)CO,mol_5dd0884957432481,0.605,0.117,0.16409634053707123,1.1433533430099487,24.031009674072266,O,mol_e81dc06beaa39499,0.395,0.883,0.8359036445617676,1.704236388206482,125.78771209716797,,,,,,,,False
state_7dbc34694f871fc2d33a402c,2c_500d21d465db933527d2,2,binary_vle_english.xlsx,10.1016/j.fluid.2014.09.006,unverified,0.5,isobaric,0.9230769230769231,isobaric,446.17999999999995,368.0401306152344,,,0.0009990930557250977,True,False,48,CCCCCCCCCCCCCC(=O)OC,mol_de3754c1966b59a2,0.4704,0.7052,0.5146779417991638,0.8516857624053955,1.7998335361480713,CCCCCCCCCCCCCCCC(=O)OC,mol_e51b7f78035080f4,0.5296000000000001,0.29479999999999995,0.48532208800315857,0.874901294708252,1.4674607515335083,,,,,,,,True
state_7e85b31bd53f6b7e2cc72828,2c_14f322a5589c2ae1768c,2,binary_vle_english.xlsx,10.1016/j.jct.2016.11.024,unverified,0.5,isobaric,0.9285714285714286,isobaric,398.42999999999995,408.4010009765625,,,0.000408172607421875,True,False,48,CCCCCCCC(=O)OC,mol_b57df1d978ebac66,0.6485,0.8814,0.5982763767242432,1.0204675197601318,9.040853500366211,CCCCCCCCCC(=O)OC,mol_95d9432584d71e0d,0.35150000000000003,0.11860000000000004,0.40172359347343445,1.0647715330123901,10.734017372131348,,,,,,,,False
state_80327690d69320fe80a7021e,2c_1694e8275721c8f0a44b,2,binary_vle_english.xlsx,10.1016/j.fluid.2013.02.005,unverified,0.5,isobaric,0.95,isobaric,332.65,333.8229064941406,,,0.0003662109375,True,False,48,CC(C)OC(C)C,mol_1a0ca8e5eeb68da8,1.0,1.0,1.0,1.0,75.00032806396484,Cc1ccc(C)o1,mol_8abd2666cf37a39e,0.0,0.0,0.0,2.156215190887451,4.503965377807617,,,,,,,,False
state_8076657fbeff07216b693cc5,2c_4c8ca30e57e6c11f5778,2,binary_vle_english.xlsx,10.1016/j.fluid.2015.03.030,unverified,0.5,isobaric,0.9166666666666666,isobaric,514.38,461.19873046875,,,0.00063323974609375,True,False,48,O=C1OC(=O)c2cc(Cl)ccc21,mol_df66df7dbda573ad,0.6784,0.516,0.5920690298080444,1.0654596090316772,33.85485076904297,O=C1OC(=O)c2cc(F)ccc21,mol_12d7c05b7c8fe7d9,0.3216,0.484,0.4079309105873108,1.308765172958374,40.057167053222656,,,,,,,,True
state_8339992f0c69f798c78666c3,2c_f21c5beff7e3dc67c753,2,binary_vle_english.xlsx,10.1016/j.fluid.2014.01.034,unverified,0.5,isobaric,0.9375,isobaric,469.16999999999996,429.9958801269531,,,3.814697265625e-06,True,False,48,O=[N+]([O-])c1ccc(Cl)c(Cl)c1,mol_d71344439e314718,0.864,0.869,0.8346839547157288,1.0059881210327148,19.206336975097656,O=[N+]([O-])c1cccc(Cl)c1Cl,mol_aa6ec9bb4303db75,0.136,0.131,0.16531608998775482,1.2642056941986084,19.230365753173828,,,,,,,,True
state_834b6122bc02fc5d821cdacc,2c_500d21d465db933527d2,2,binary_vle_english.xlsx,10.1016/j.fluid.2014.09.006,unverified,0.5,isobaric,0.9285714285714286,isobaric,442.4,361.0182189941406,,,1.4066696166992188e-05,True,False,48,CCCCCCCCCCCCCC(=O)OC,mol_de3754c1966b59a2,0.2432,0.4685,0.20830950140953064,0.6367020606994629,1.3453571796417236,CCCCCCCCCCCCCCCC(=O)OC,mol_e51b7f78035080f4,0.7568,0.5315,0.791690468788147,0.9522760510444641,1.0986003875732422,,,,,,,,True
state_8495030c8c2639a7bf7ff49e,2c_851f25357ae6f5ac55a7,2,binary_vle_english.xlsx,10.1016/j.fluid.2006.03.014,unverified,0.5,isobaric,0.9,isobaric,373.15,374.81805419921875,,,0.000396728515625,True,False,48,CC(C)(N)CO,mol_5dd0884957432481,0.0,0.0,0.0,11.840455055236816,18.768096923828125,O,mol_e81dc06beaa39499,1.0,1.0,1.0,1.0,101.30033111572266,,,,,,,,False
state_86087be7eab8e079feb7adce,2c_8affb2d94018c3a50639,2,binary_vle_english.xlsx,10.1016/j.jct.2017.09.020,unverified,0.5,isobaric,0.9285714285714286,isobaric,421.95,394.7290344238281,,,8.58306884765625e-06,True,False,48,CCCCCCCCCC(=O)OC,mol_95d9432584d71e0d,0.5375,0.7933,0.5918009281158447,0.9870327711105347,6.692992210388184,CCCCCCCCCCCC(=O)OC,mol_5c1fd649aae595b4,0.4625,0.2067,0.40819910168647766,0.9712163209915161,5.452543258666992,,,,,,,,False
state_8618412508e74ad8ac052bf1,2c_1694e8275721c8f0a44b,2,binary_vle_english.xlsx,10.1016/j.fluid.2013.02.005,unverified,0.5,isobaric,0.95,isobaric,355.03,393.8537292480469,,,0.0001678466796875,True,False,48,CC(C)OC(C)C,mol_1a0ca8e5eeb68da8,0.051,0.115,0.396269291639328,1.5417836904525757,377.9712829589844,Cc1ccc(C)o1,mol_8abd2666cf37a39e,0.949,0.885,0.6037306785583496,1.0006245374679565,47.683475494384766,,,,,,,,False
state_86623d32fb4ff5f42bbd8b61,2c_500d21d465db933527d2,2,binary_vle_english.xlsx,10.1016/j.fluid.2014.09.006,unverified,0.5,isobaric,0.9285714285714286,isobaric,433.46,344.7260437011719,,,0.00012314319610595703,True,False,48,CCCCCCCCCCCCCC(=O)OC,mol_de3754c1966b59a2,0.1003,0.26,0.047731462866067886,0.3637479543685913,0.6542511582374573,CCCCCCCCCCCCCCCC(=O)OC,mol_e51b7f78035080f4,0.8996999999999999,0.74,0.9522684812545776,0.9869665503501892,0.5362910032272339,,,,,,,,True
state_86b6390000d7148e83fbd41c,2c_14f322a5589c2ae1768c,2,binary_vle_english.xlsx,10.1016/j.jct.2016.11.024,unverified,0.5,isobaric,0.9285714285714286,isobaric,383.09999999999997,395.73443603515625,,,6.008148193359375e-05,True,False,48,CCCCCCCC(=O)OC,mol_b57df1d978ebac66,0.834,0.9563,0.8049207329750061,1.0013588666915894,5.783034801483154,CCCCCCCCCC(=O)OC,mol_95d9432584d71e0d,0.16600000000000004,0.04369999999999996,0.1950792670249939,1.0164190530776978,6.937273025512695,,,,,,,,False
state_86d8cfd1d91609ffe0e96bba,2c_f17e33a6fb9a3b89984d,2,binary_vle_english.xlsx,10.1016/j.fluid.2015.07.030,unverified,0.5,isobaric,0.9375,isobaric,559.01,447.6029968261719,,,4.57763671875e-05,True,False,48,O,mol_e81dc06beaa39499,0.0,0.0,0.0,2.0239505767822266,879.4719848632812,OCCOCCOCCO,mol_f34461328d644291,1.0,1.0,1.0,1.0,95.99002075195312,,,,,,,,False
state_86dc06c92f031b9e12541d4e,2c_14f322a5589c2ae1768c,2,binary_vle_english.xlsx,10.1016/j.jct.2016.11.024,unverified,0.5,isobaric,0.9285714285714286,isobaric,366.71999999999997,368.6111755371094,,,1.3113021850585938e-06,True,False,48,CCCCCCCC(=O)OC,mol_b57df1d978ebac66,0.5113,0.8351,0.46580126881599426,0.9094535708427429,2.0034008026123047,CCCCCCCCCC(=O)OC,mol_95d9432584d71e0d,0.4887,0.16490000000000005,0.5341987609863281,0.8876737356185913,2.462808609008789,,,,,,,,False
state_873834a860ca9df8d4b53b48,2c_500d21d465db933527d2,2,binary_vle_english.xlsx,10.1016/j.fluid.2014.09.006,unverified,0.5,isobaric,0.9285714285714286,isobaric,432.03999999999996,358.0816345214844,,,2.384185791015625e-07,True,False,48,CCCCCCCCCCCCCC(=O)OC,mol_de3754c1966b59a2,0.7428,0.8833,0.8390693664550781,0.9515668749809265,1.1871591806411743,CCCCCCCCCCCCCCCC(=O)OC,mol_e51b7f78035080f4,0.2572,0.11670000000000003,0.16093061864376068,0.6450477242469788,0.9700590372085571,,,,,,,,True
state_878ce4e2c693a94b50b21c03,2c_4c8ca30e57e6c11f5778,2,binary_vle_english.xlsx,10.1016/j.fluid.2015.03.030,unverified,0.5,isobaric,0.9166666666666666,isobaric,480.68999999999994,438.25518798828125,,,1.9073486328125e-05,True,False,48,O=C1OC(=O)c2cc(Cl)ccc21,mol_df66df7dbda573ad,0.19469999999999998,0.10770000000000002,0.22062137722969055,1.4001272916793823,17.262548446655273,O=C1OC(=O)c2cc(F)ccc21,mol_12d7c05b7c8fe7d9,0.8053,0.8923,0.7793786525726318,1.0189993381500244,20.258520126342773,,,,,,,,True
state_881df71b52c21e2ab8d976f0,2c_8affb2d94018c3a50639,2,binary_vle_english.xlsx,10.1016/j.jct.2017.09.020,unverified,0.5,isobaric,0.9285714285714286,isobaric,415.62,385.6280212402344,,,4.887580871582031e-05,True,False,48,CCCCCCCCCC(=O)OC,mol_95d9432584d71e0d,0.3932,0.7036,0.4325908422470093,0.9173244833946228,4.797327518463135,CCCCCCCCCCCC(=O)OC,mol_5c1fd649aae595b4,0.6068,0.2964,0.5674091577529907,0.9558155536651611,3.9132282733917236,,,,,,,,False
state_882e7e2626154ea260684623,2c_851f25357ae6f5ac55a7,2,binary_vle_english.xlsx,10.1016/j.fluid.2006.03.014,unverified,0.5,isobaric,0.9,isobaric,398.65,385.8662109375,,,1.52587890625e-05,True,False,48,CC(C)(N)CO,mol_5dd0884957432481,0.723,0.181,0.2229037582874298,1.0776557922363281,28.98065948486328,O,mol_e81dc06beaa39499,0.277,0.819,0.7770962715148926,1.9174540042877197,148.2106170654297,,,,,,,,False
state_892a523a4089d2f116451866,2c_8affb2d94018c3a50639,2,binary_vle_english.xlsx,10.1016/j.jct.2017.09.020,unverified,0.5,isobaric,0.9285714285714286,isobaric,406.77,369.8487854003906,,,2.86102294921875e-06,True,False,48,CCCCCCCCCC(=O)OC,mol_95d9432584d71e0d,0.2009,0.4941,0.17690686881542206,0.6798288822174072,2.5905323028564453,CCCCCCCCCCCC(=O)OC,mol_5c1fd649aae595b4,0.7991,0.5059,0.8230931162834167,0.9725581407546997,2.118147134780884,,,,,,,,False
state_8996e79595c009074c546672,2c_500d21d465db933527d2,2,binary_vle_english.xlsx,10.1016/j.fluid.2014.09.006,unverified,0.5,isobaric,0.9285714285714286,isobaric,414.48,341.531982421875,,,0.0008094906806945801,True,False,48,CCCCCCCCCCCCCC(=O)OC,mol_de3754c1966b59a2,0.8621,0.9515,0.9488158226013184,0.9781379699707031,0.5634573101997375,CCCCCCCCCCCCCCCC(=O)OC,mol_e51b7f78035080f4,0.13790000000000002,0.04849999999999999,0.05118419602513313,0.4021134078502655,0.46223193407058716,,,,,,,,True
state_89d5e7c0c662252e1bf53342,2c_14f322a5589c2ae1768c,2,binary_vle_english.xlsx,10.1016/j.jct.2016.11.024,unverified,0.5,isobaric,0.9285714285714286,isobaric,401.40999999999997,392.51904296875,,,5.245208740234375e-06,True,False,48,CCCCCCCC(=O)OC,mol_b57df1d978ebac66,0.1793,0.5024,0.1548348218202591,1.0081865787506104,5.139276504516602,CCCCCCCCCC(=O)OC,mol_95d9432584d71e0d,0.8207,0.49760000000000004,0.8451651334762573,0.9995235204696655,6.181853294372559,,,,,,,,False
state_8aaebf5b413b4a15009d2312,2c_f21c5beff7e3dc67c753,2,binary_vle_english.xlsx,10.1016/j.fluid.2014.01.034,unverified,0.5,isobaric,0.9375,isobaric,507.71,465.915771484375,,,3.4332275390625e-05,True,False,48,O=[N+]([O-])c1ccc(Cl)c(Cl)c1,mol_d71344439e314718,0.742,0.747,0.6912336945533752,1.035213828086853,53.99361801147461,O=[N+]([O-])c1cccc(Cl)c1Cl,mol_aa6ec9bb4303db75,0.258,0.253,0.30876630544662476,1.3271478414535522,54.10562515258789,,,,,,,,True
state_8c13650fc8337244c415eeac,3c_a6f39dd395c2cfcf800d,3,ternary_vle_english.xlsx,10.1016/j.fluid.2009.01.016,unverified,0.5,isothermal,0.9333333333333333,isothermal,,,29.189999217024003,30.030712127685547,0.0,True,False,48,CC(=O)C(C)(C)C,mol_61a887e37d396488,0.5343,0.2586,0.23179055750370026,1.0763498544692993,12.103827476501465,CC(C)(C)CO,mol_dfb42f12fdc989ed,0.20690000000000008,0.05059999999999998,0.106608085334301,1.1836907863616943,13.072450637817383,COC(C)(C)C,mol_b614d6fea320c179,0.2588,0.6908,0.6616013646125793,1.2037277221679688,63.777793884277344,True
state_8c1bf229848e1dd55a92764f,2c_e87fea44a6b8ad1299a3,2,binary_vle_english.xlsx,10.1016/j.fluid.2010.03.001,unverified,0.5,isothermal,0.9444444444444444,isothermal,,,2.380070913536,7.135073661804199,0.0,True,False,48,C=C(C)[C@H]1CC=C(C)CC1,mol_768bd4f5442f0a79,0.636,0.372,0.8271011114120483,1.266492247581482,7.326514720916748,CCCCCO,mol_243de2450bee5519,0.364,0.628,0.17289891839027405,1.5618363618850708,2.1699705123901367,,,,,,,,False
state_8c2620c1d237104c46dc2ce9,2c_f1d29e917192fdde6ee4,2,binary_vle_english.xlsx,10.1016/j.fluid.2012.11.008,unverified,0.5,isothermal,0.9285714285714286,isothermal,,,254.300017979776,239.26544189453125,0.0,True,False,48,CCOC(C)=O,mol_18876b584acc43d4,0.761,0.637,0.6311026215553284,1.0147346258163452,195.5432586669922,COC(C)(C)C,mol_b614d6fea320c179,0.239,0.363,0.36889734864234924,1.2722431421279907,290.2802734375,,,,,,,,False
state_8cd75e3c30d29c3f62ad4f35,2c_9478a219a5c540597926,2,binary_vle_english.xlsx,10.1016/j.fluid.2009.01.016,unverified,0.5,isothermal,0.9444444444444444,isothermal,,,31.329956545791998,30.572010040283203,0.0,True,False,48,CC(=O)C(C)(C)C,mol_61a887e37d396488,0.8768,0.5219,0.5236847400665283,1.0050485134124756,18.16796875,COC(C)(C)C,mol_b614d6fea320c179,0.1232,0.4781,0.4763152301311493,1.3426523208618164,88.0327377319336,,,,,,,,True
state_8cdb99ceb3cb1faa4f1eebde,2c_ab02ff6614bbff27b5cc,2,binary_vle_english.xlsx,10.1016/j.fluid.2015.08.008,unverified,0.5,isothermal,0.8,isothermal,,,12.400046802943999,16.314285278320312,-1.9073486328125e-06,True,False,48,C1CN=C2CCCN2C1,mol_b2e98fe3254a8c98,0.17620000000000002,0.0004999999999999449,0.02026461437344551,1.4734350442886353,1.2734135389328003,O,mol_e81dc06beaa39499,0.8238,0.9995,0.9797353744506836,1.0400980710983276,18.654375076293945,,,,,,,,False
state_8d8d118909cb91f2faa26dc2,2c_e87fea44a6b8ad1299a3,2,binary_vle_english.xlsx,10.1016/j.fluid.2010.03.001,unverified,0.5,isothermal,0.9444444444444444,isothermal,,,3.329992785536,10.028753280639648,-9.5367431640625e-07,True,False,48,C=C(C)[C@H]1CC=C(C)CC1,mol_768bd4f5442f0a79,0.968,0.5369999999999999,0.9468165040016174,1.0025155544281006,9.784671783447266,CCCCCO,mol_243de2450bee5519,0.032,0.463,0.05318348482251167,4.452393531799316,3.7435200214385986,,,,,,,,False
state_8d9e063558757c86391c9303,2c_f1d29e917192fdde6ee4,2,binary_vle_english.xlsx,10.1016/j.fluid.2012.11.008,unverified,0.5,isothermal,0.9285714285714286,isothermal,,,335.50000621017597,290.70574951171875,3.0517578125e-05,True,False,48,CCOC(C)=O,mol_18876b584acc43d4,0.235,0.16700000000000004,0.20397327840328217,1.2903759479522705,195.5432586669922,COC(C)(C)C,mol_b614d6fea320c179,0.765,0.833,0.7960267066955566,1.0420830249786377,290.2802734375,,,,,,,,False
state_8ded297f5af8ecbdfc532665,2c_01fbe79446fb7e5c19eb,2,binary_vle_english.xlsx,10.1016/j.jct.2006.01.010,unverified,0.5,isothermal,0.9473684210526315,isothermal,,,7.0799510302719995,6.915628433227539,0.0,True,False,48,ClC(Cl)C(Cl)Cl,mol_a1518926d4831a12,0.5197,0.374,0.36068475246429443,0.8087508678436279,5.934607028961182,O=C1CCCC1,mol_e42ea752b52da6b7,0.4803,0.626,0.6393152475357056,0.7194622159004211,12.794581413269043,,,,,,,,False
state_8ea137be085c6a44a3cb5e32,2c_200d73d6cf44caf265a9,2,binary_vle_english.xlsx,10.1016/j.fluid.2010.10.022,unverified,0.5,isothermal,0.8888888888888888,isothermal,,,11.408661674496,122.978759765625,7.62939453125e-06,True,False,48,CCC#CCC,mol_7f5d60b87bc7cd44,1.0,1.0,1.0,1.0,122.97876739501953,CCCOC(C)=O,mol_67043ae833ecd0c7,0.0,0.0,0.0,2.0546975135803223,5.044076919555664,,,,,,,,False
state_8ef94536ec76ceaea169f849,2c_fcb25ad973d4e5c4a4fe,2,binary_vle_english.xlsx,10.1016/j.fluid.2010.10.022,unverified,0.5,isothermal,0.875,isothermal,,,34.640084298496,34.77782440185547,-3.814697265625e-06,True,False,48,CC#CCCC,mol_a64b37cfa024f8e7,0.0,0.0,0.0,1.7095353603363037,235.05886840820312,CCCOC(C)=O,mol_67043ae833ecd0c7,1.0,1.0,1.0,1.0,34.7778205871582,,,,,,,,False
state_8eff2a096842ff135b4ff723,2c_f481f8e2e3c46fec24b0,2,binary_vle_english.xlsx,10.1016/j.fluid.2012.11.008,unverified,0.5,isothermal,0.8888888888888888,isothermal,,,409.700036831104,582.6856689453125,0.0,True,False,48,CCC(C)(C)OC,mol_25226214deaceb17,0.81,0.587,0.5843334794044495,1.0697633028030396,392.9365234375,CCO,mol_f29e20f49d416e54,0.19,0.413,0.41566652059555054,2.6136903762817383,487.7212219238281,,,,,,,,False
state_8f6a263f179665ae0d43b09a,2c_fcb25ad973d4e5c4a4fe,2,binary_vle_english.xlsx,10.1016/j.fluid.2010.10.022,unverified,0.5,isothermal,0.875,isothermal,,,1.963971803008,22.27774429321289,-1.9073486328125e-06,True,False,48,CC#CCCC,mol_a64b37cfa024f8e7,0.5441,0.7523,0.9684179425239563,1.0860791206359863,36.50848388671875,CCCOC(C)=O,mol_67043ae833ecd0c7,0.4559,0.2477,0.031582061201334,1.1772984266281128,1.3108574151992798,,,,,,,,False
state_8fc6264030cb4f658002ce07,2c_ab02ff6614bbff27b5cc,2,binary_vle_english.xlsx,10.1016/j.fluid.2015.08.008,unverified,0.5,isothermal,0.8,isothermal,,,28.800031290624,27.64725112915039,-1.9073486328125e-06,True,False,48,C1CN=C2CCCN2C1,mol_b2e98fe3254a8c98,0.035599999999999965,0.0,0.006698647513985634,2.6079912185668945,1.9947245121002197,O,mol_e81dc06beaa39499,0.9644,1.0,0.9933013319969177,1.002942442893982,28.392244338989258,,,,,,,,False
state_901984213c2023eeff0516c0,2c_679d20c0c097df83b478,2,binary_vle_english.xlsx,10.1016/j.fluid.2010.10.022,unverified,0.5,isothermal,0.9,isothermal,,,22.527747165696,47.7613525390625,0.0,True,False,48,C#CCCCC,mol_532ee0519201d73c,0.22340000000000004,0.47109999999999996,0.7377279996871948,1.3050169944763184,120.85748291015625,CCCOC(C)=O,mol_67043ae833ecd0c7,0.7766,0.5289,0.26227205991744995,1.0237013101577759,15.75643539428711,,,,,,,,False
state_9041be20f218fec3ddedbcea,2c_9478a219a5c540597926,2,binary_vle_english.xlsx,10.1016/j.fluid.2009.01.016,unverified,0.5,isothermal,0.9411764705882353,isothermal,,,40.9499653312,38.13494873046875,-3.814697265625e-06,True,False,48,CC(=O)C(C)(C)C,mol_61a887e37d396488,0.5851999999999999,0.18720000000000003,0.1984945833683014,1.068672776222229,12.103827476501465,COC(C)(C)C,mol_b614d6fea320c179,0.4148,0.8128,0.8015053868293762,1.1553707122802734,63.777793884277344,,,,,,,,True
state_905bb386f43665ebf3f06c8c,2c_ab02ff6614bbff27b5cc,2,binary_vle_english.xlsx,10.1016/j.fluid.2015.08.008,unverified,0.5,isothermal,0.8,isothermal,,,18.600070204416,18.13241958618164,-1.9073486328125e-06,True,False,48,C1CN=C2CCCN2C1,mol_b2e98fe3254a8c98,0.035599999999999965,0.0,0.005407597869634628,2.1629209518432617,1.2734135389328003,O,mol_e81dc06beaa39499,0.9644,1.0,0.9945923686027527,1.0024505853652954,18.654375076293945,,,,,,,,False
state_907264ad491e90943a3d8758,2c_61ebe4a2edff80d5fa4f,2,binary_vle_english.xlsx,10.1016/j.fluid.2009.01.016,unverified,0.5,isothermal,0.9,isothermal,,,10.229958619007999,13.182422637939453,0.0,True,False,48,CC(=O)C(C)(C)C,mol_61a887e37d396488,0.6589,0.8056,0.6417034268379211,1.0606871843338013,12.103827476501465,CC(C)(C)CO,mol_dfb42f12fdc989ed,0.34109999999999996,0.19440000000000002,0.35829657316207886,1.0592516660690308,13.072450637817383,,,,,,,,True
state_914a2999a198201f170c8242,2c_3718df32cb8e1a8658b3,2,binary_vle_english.xlsx,10.1016/j.fluid.2010.03.022,passed,1.0,isothermal,0.9230769230769231,isothermal,,,62.239947632384,91.77104187011719,-7.62939453125e-06,True,False,48,C1CCSC1,mol_e61c7ae663276e1e,0.0,0.0,0.0,1.268527626991272,33.66123580932617,C=C(C)CC(C)(C)C,mol_c01ea75a8687ed16,1.0,1.0,1.0,1.0,91.77103424072266,,,,,,,,False
state_9189c31a3f0cbfd695856618,2c_200d73d6cf44caf265a9,2,binary_vle_english.xlsx,10.1016/j.fluid.2010.10.022,unverified,0.5,isothermal,0.8888888888888888,isothermal,,,22.665069204736,177.6427001953125,0.0,True,False,48,CCC#CCC,mol_7f5d60b87bc7cd44,1.0,1.0,1.0,1.0,177.6427001953125,CCCOC(C)=O,mol_67043ae833ecd0c7,0.0,0.0,0.0,2.150587797164917,10.210939407348633,,,,,,,,False
state_91c4d2677f864148b5443bb2,2c_fcb25ad973d4e5c4a4fe,2,binary_vle_english.xlsx,10.1016/j.fluid.2010.10.022,unverified,0.5,isothermal,0.875,isothermal,,,21.6682178592,79.28227233886719,0.0,True,False,48,CC#CCCC,mol_a64b37cfa024f8e7,0.3709,0.5483,0.8658889532089233,1.2346140146255493,149.91677856445312,CCCOC(C)=O,mol_67043ae833ecd0c7,0.6291,0.4517,0.13411101698875427,1.0726619958877563,15.75643539428711,,,,,,,,False
state_91ef492202f4a2cfb27e0a61,2c_f1d29e917192fdde6ee4,2,binary_vle_english.xlsx,10.1016/j.fluid.2012.11.008,unverified,0.5,isothermal,0.9285714285714286,isothermal,,,363.299986418432,290.2802734375,0.0,True,False,48,CCOC(C)=O,mol_18876b584acc43d4,0.0,0.0,0.0,1.8012312650680542,195.5432586669922,COC(C)(C)C,mol_b614d6fea320c179,1.0,1.0,1.0,1.0,290.2802734375,,,,,,,,False
state_92df3bb6ecba5f22c0b78560,2c_6b00d1757b554f4dca5e,2,binary_vle_english.xlsx,10.1016/j.fluid.2009.01.016,unverified,0.5,isothermal,0.9166666666666666,isothermal,,,76.08000933209601,63.33850860595703,0.0,True,False,48,CC(C)(C)CO,mol_dfb42f12fdc989ed,0.01100000000000001,0.0010999999999999899,0.004027278628200293,1.7739028930664062,13.072450637817383,COC(C)(C)C,mol_b614d6fea320c179,0.989,0.9989,0.995972752571106,1.0001139640808105,63.777793884277344,,,,,,,,True
state_93000743022aca65ba854d97,2c_61ebe4a2edff80d5fa4f,2,binary_vle_english.xlsx,10.1016/j.fluid.2009.01.016,unverified,0.5,isothermal,0.9090909090909091,isothermal,,,18.529942638848,18.294418334960938,0.0,True,False,48,CC(=O)C(C)(C)C,mol_61a887e37d396488,0.9902,0.9922,0.9834129810333252,1.0000581741333008,18.16796875,CC(C)(C)CO,mol_dfb42f12fdc989ed,0.009800000000000031,0.007800000000000029,0.016586968675255775,1.4953511953353882,20.706960678100586,,,,,,,,True
state_936697685623c25ecfddb561,2c_fcb25ad973d4e5c4a4fe,2,binary_vle_english.xlsx,10.1016/j.fluid.2010.10.022,unverified,0.5,isothermal,0.875,isothermal,,,70.63752362560001,70.35148620605469,-7.62939453125e-06,True,False,48,CC#CCCC,mol_a64b37cfa024f8e7,0.0,0.0,0.0,1.6872671842575073,350.742431640625,CCCOC(C)=O,mol_67043ae833ecd0c7,1.0,1.0,1.0,1.0,70.35147857666016,,,,,,,,False
state_939b33561be75c20e5673efd,2c_635bd51c750eee04b7c9,2,binary_vle_english.xlsx,10.1016/j.fluid.2006.10.023,unverified,0.5,isothermal,0.9230769230769231,isothermal,,,210.30003683584002,52.76024627685547,0.0,True,False,48,C1CC1,mol_5b0fb88d8ed110b0,0.8703,0.7456,0.5058708190917969,1.0195858478546143,30.078325271606445,FCC(F)(F)F,mol_28a5ef315edd1f58,0.12970000000000004,0.25439999999999996,0.4941291809082031,1.9193663597106934,104.72477722167969,,,,,,,,False
state_942c64854d6ac13f3aaab1fb,2c_26b0c25a9dccaa9e1115,2,binary_vle_english.xlsx,10.1016/j.fluid.2016.01.027,unverified,0.5,isothermal,0.9090909090909091,isothermal,,,185.299959677952,310.05731201171875,3.0517578125e-05,True,False,48,C=C(Cl)C(F)(F)F,mol_41055367d2729aad,1.0,1.0,1.0,1.0,310.0573425292969,CC(F)(Cl)C(F)(F)F,mol_c4c59740db0baaf4,0.0,0.0,0.0,1.3988819122314453,79.54597473144531,,,,,,,,True
state_9620b9936cd70f2b1235f740,2c_200d73d6cf44caf265a9,2,binary_vle_english.xlsx,10.1016/j.fluid.2010.10.022,unverified,0.5,isothermal,0.8888888888888888,isothermal,,,27.049508598784,153.25228881835938,0.0,True,False,48,CCC#CCC,mol_7f5d60b87bc7cd44,0.5698,0.736,0.9467124342918396,1.1431794166564941,222.73486328125,CCCOC(C)=O,mol_67043ae833ecd0c7,0.4302,0.264,0.05328755080699921,1.204770565032959,15.75643539428711,,,,,,,,False
state_9623d52cb8e6392bd3579be4,2c_a894ec22c70022e7cf39,2,binary_vle_english.xlsx,10.1016/j.jct.2009.04.006,unverified,0.5,isothermal,0.9333333333333333,isothermal,,,18.689929480448,13.862071990966797,-9.5367431640625e-07,True,False,48,CC(Cl)(Cl)Cl,mol_d8a2276bed4f13b6,0.725,0.983,0.9861868619918823,0.9323006868362427,20.225221633911133,O=C1CCCCC1,mol_09f0d60d139abab5,0.275,0.017000000000000015,0.013813161291182041,0.7033523917198181,0.9899551868438721,,,,,,,,False
state_9669d02b90d70c20a0251b6f,2c_a894ec22c70022e7cf39,2,binary_vle_english.xlsx,10.1016/j.jct.2009.04.006,unverified,0.5,isothermal,0.9333333333333333,isothermal,,,22.170043252352,17.044818878173828,-1.9073486328125e-06,True,False,48,CC(Cl)(Cl)Cl,mol_d8a2276bed4f13b6,0.855,0.993,0.9948672652244568,0.9806138873100281,20.225221633911133,O=C1CCCCC1,mol_09f0d60d139abab5,0.14500000000000002,0.007000000000000006,0.005132690072059631,0.6094720959663391,0.9899551868438721,,,,,,,,False
state_968d535d67b52b88bd56d609,2c_200d73d6cf44caf265a9,2,binary_vle_english.xlsx,10.1016/j.fluid.2010.10.022,unverified,0.5,isothermal,0.8888888888888888,isothermal,,,2.52445903808,19.02793312072754,0.0,True,False,48,CCC#CCC,mol_7f5d60b87bc7cd44,0.13549999999999995,0.34450000000000003,0.8934978246688843,1.5323405265808105,81.88239288330078,CCCOC(C)=O,mol_67043ae833ecd0c7,0.8645,0.6555,0.10650219768285751,1.0137670040130615,2.3123152256011963,,,,,,,,False
state_96d811fb37d2628bd8bc9f3c,2c_fcb25ad973d4e5c4a4fe,2,binary_vle_english.xlsx,10.1016/j.fluid.2010.10.022,unverified,0.5,isothermal,0.875,isothermal,,,3.429984561536,3.9239349365234375,0.0,True,False,48,CC#CCCC,mol_a64b37cfa024f8e7,0.0,0.0,0.0,1.6857802867889404,68.05939483642578,CCCOC(C)=O,mol_67043ae833ecd0c7,1.0,1.0,1.0,1.0,3.9239349365234375,,,,,,,,False
state_97188b1a3da72c79136e0212,2c_200d73d6cf44caf265a9,2,binary_vle_english.xlsx,10.1016/j.fluid.2010.10.022,unverified,0.5,isothermal,0.8888888888888888,isothermal,,,50.28786398592,275.506103515625,3.0517578125e-05,True,False,48,CCC#CCC,mol_7f5d60b87bc7cd44,1.0,1.0,1.0,1.0,275.5061340332031,CCCOC(C)=O,mol_67043ae833ecd0c7,0.0,0.0,0.0,2.250636577606201,23.688674926757812,,,,,,,,False
state_9737b83f64486d586b8aaaa8,2c_679d20c0c097df83b478,2,binary_vle_english.xlsx,10.1016/j.fluid.2010.10.022,unverified,0.5,isothermal,0.9,isothermal,,,1.811317691648,7.994694709777832,0.0,True,False,48,C#CCCCC,mol_532ee0519201d73c,0.22340000000000004,0.5695,0.8686715960502625,1.2609258890151978,24.653852462768555,CCCOC(C)=O,mol_67043ae833ecd0c7,0.7766,0.4305,0.13132838904857635,1.0313537120819092,1.3108574151992798,,,,,,,,False
state_9790356a08292590c938d93f,2c_679d20c0c097df83b478,2,binary_vle_english.xlsx,10.1016/j.fluid.2010.10.022,unverified,0.5,isothermal,0.9,isothermal,,,57.358215805696,128.28924560546875,0.0,True,False,48,C#CCCCC,mol_532ee0519201d73c,0.7329,0.8895,0.9381154179573059,1.0469307899475098,156.84974670410156,CCCOC(C)=O,mol_67043ae833ecd0c7,0.2671,0.1105,0.0618845634162426,1.2547520399093628,23.688674926757812,,,,,,,,False
state_9792be8747e98087f12f78b0,2c_ecb2aa3282976dc883b8,2,binary_vle_english.xlsx,10.1016/j.fluid.2017.04.014,unverified,0.5,isothermal,0.9523809523809523,isothermal,,,58.889956491648,49.44635009765625,0.0,True,False,48,CC(C)CC(C)(C)C,mol_57615b5c3546c298,0.243,0.06999999999999995,0.08374632894992828,1.1123521327972412,15.319740295410156,COC(C)(C)C,mol_b614d6fea320c179,0.757,0.93,0.9162536859512329,0.9999412894248962,59.85212707519531,,,,,,,,False
state_97bd53b497a33b8d548ef24f,2c_68327a02527de440bdc0,2,binary_vle_english.xlsx,10.1016/j.fluid.2015.10.041,unverified,0.5,isothermal,0.9,isothermal,,,40.1000352352,52.04686737060547,0.0,True,False,48,CCCCCO,mol_243de2450bee5519,0.679,0.43999999999999995,0.2837040424346924,1.1034090518951416,19.70850944519043,CCCCCS,mol_22ade86f58436479,0.321,0.56,0.7162959575653076,1.9039784669876099,60.99862289428711,,,,,,,,False
state_9883f9068a766e63fe23c026,2c_e87fea44a6b8ad1299a3,2,binary_vle_english.xlsx,10.1016/j.fluid.2010.03.001,unverified,0.5,isothermal,0.9444444444444444,isothermal,,,4.290047157504,3.8744969367980957,-2.384185791015625e-07,True,False,48,C=C(C)[C@H]1CC=C(C)CC1,mol_768bd4f5442f0a79,0.006000000000000005,0.04500000000000004,0.03958134353160858,2.6122114658355713,9.784671783447266,CCCCCO,mol_243de2450bee5519,0.994,0.955,0.9604186415672302,1.0000214576721191,3.7435200214385986,,,,,,,,False
state_98f90a4b47e9e733bdbc3769,3c_a6f39dd395c2cfcf800d,3,ternary_vle_english.xlsx,10.1016/j.fluid.2009.01.016,unverified,0.5,isothermal,0.95,isothermal,,,39.159979218432,44.111732482910156,0.0,True,False,48,CC(=O)C(C)(C)C,mol_61a887e37d396488,0.2657,0.1431,0.13392631709575653,1.2238328456878662,18.16796875,CC(C)(C)CO,mol_dfb42f12fdc989ed,0.478,0.11639999999999995,0.23868189752101898,1.0637249946594238,20.706960678100586,COC(C)(C)C,mol_b614d6fea320c179,0.2563,0.7405,0.6273918151855469,1.2265920639038086,88.0327377319336,True
state_99394ce4a9fb6571036ea034,3c_a6f39dd395c2cfcf800d,3,ternary_vle_english.xlsx,10.1016/j.fluid.2009.01.016,unverified,0.5,isothermal,0.95,isothermal,,,86.58994492390399,83.52969360351562,-7.62939453125e-06,True,False,48,CC(=O)C(C)(C)C,mol_61a887e37d396488,0.3744,0.1329,0.13813169300556183,1.1574007272720337,26.626529693603516,CC(C)(C)CO,mol_dfb42f12fdc989ed,0.1441,0.02959999999999996,0.07534866034984589,1.3681285381317139,31.924604415893555,COC(C)(C)C,mol_b614d6fea320c179,0.4815,0.8375,0.7865196466445923,1.1443766355514526,119.22989654541016,True
state_99503883ea71677f6cbcc41d,2c_6b00d1757b554f4dca5e,2,binary_vle_english.xlsx,10.1016/j.fluid.2009.01.016,unverified,0.5,isothermal,0.9166666666666666,isothermal,,,61.120039741183994,61.658233642578125,0.0,True,False,48,CC(C)(C)CO,mol_dfb42f12fdc989ed,0.504,0.07999999999999996,0.18495231866836548,1.0927075147628784,20.706960678100586,COC(C)(C)C,mol_b614d6fea320c179,0.496,0.92,0.8150476813316345,1.150928258895874,88.0327377319336,,,,,,,,True
state_99a11a9d3c1ca89989ddc958,2c_3718df32cb8e1a8658b3,2,binary_vle_english.xlsx,10.1016/j.fluid.2010.03.022,passed,1.0,isothermal,0.9333333333333333,isothermal,,,59.580033068416,57.159507751464844,0.0,True,False,48,C1CCSC1,mol_e61c7ae663276e1e,0.851,0.678,0.6975489854812622,1.004412293434143,46.64677047729492,C=C(C)CC(C)(C)C,mol_c01ea75a8687ed16,0.14900000000000002,0.32199999999999995,0.3024510443210602,1.1104028224945068,104.490478515625,,,,,,,,False
state_99a224b67665fe81c6f68e2e,2c_ecb2aa3282976dc883b8,2,binary_vle_english.xlsx,10.1016/j.fluid.2017.04.014,unverified,0.5,isothermal,0.9523809523809523,isothermal,,,67.580041760256,56.18894958496094,0.0,True,False,48,CC(C)CC(C)(C)C,mol_57615b5c3546c298,0.08599999999999997,0.010000000000000009,0.026780929416418076,1.142159342765808,15.319740295410156,COC(C)(C)C,mol_b614d6fea320c179,0.914,0.99,0.973219096660614,0.9996219277381897,59.85212707519531,,,,,,,,False
state_99bddf1041e5c17a68f9c417,2c_ab02ff6614bbff27b5cc,2,binary_vle_english.xlsx,10.1016/j.fluid.2015.08.008,unverified,0.5,isothermal,0.9,isothermal,,,17.200052018047998,30.682571411132812,-1.9073486328125e-06,True,False,48,C1CN=C2CCCN2C1,mol_b2e98fe3254a8c98,0.3577,0.0047000000000000375,0.04292401298880577,1.30025053024292,2.8316922187805176,O,mol_e81dc06beaa39499,0.6423,0.9953,0.9570760130882263,1.1600887775421143,39.41023254394531,,,,,,,,False
state_9a0d6e259d634a47ec0017b1,3c_a6f39dd395c2cfcf800d,3,ternary_vle_english.xlsx,10.1016/j.fluid.2009.01.016,unverified,0.5,isothermal,0.95,isothermal,,,22.060052298751998,28.95819854736328,0.0,True,False,48,CC(=O)C(C)(C)C,mol_61a887e37d396488,0.3204,0.3178,0.23976674675941467,1.1927834749221802,18.16796875,CC(C)(C)CO,mol_dfb42f12fdc989ed,0.596,0.2688999999999999,0.4350641071796417,1.0208505392074585,20.706960678100586,COC(C)(C)C,mol_b614d6fea320c179,0.0836,0.4133,0.325169175863266,1.2794708013534546,88.0327377319336,True
state_9a1d69956be5679f345dbc9b,3c_a6f39dd395c2cfcf800d,3,ternary_vle_english.xlsx,10.1016/j.fluid.2009.01.016,unverified,0.5,isothermal,0.95,isothermal,,,33.340057888128,43.95173645019531,-3.814697265625e-06,True,False,48,CC(=O)C(C)(C)C,mol_61a887e37d396488,0.3213,0.3005,0.23658537864685059,1.2154542207717896,26.626529693603516,CC(C)(C)CO,mol_dfb42f12fdc989ed,0.5914,0.2832,0.4475167393684387,1.041785717010498,31.924604415893555,COC(C)(C)C,mol_b614d6fea320c179,0.0873,0.4163,0.3158978521823883,1.3338998556137085,119.22989654541016,True
state_9a47dc303e564f5c4beb3337,2c_679d20c0c097df83b478,2,binary_vle_english.xlsx,10.1016/j.fluid.2010.10.022,unverified,0.5,isothermal,0.9,isothermal,,,17.870396884351997,46.41188049316406,0.0,True,False,48,C#CCCCC,mol_532ee0519201d73c,0.35950000000000004,0.6533,0.8505396842956543,1.1989237070083618,91.58689880371094,CCCOC(C)=O,mol_67043ae833ecd0c7,0.6405,0.3467,0.14946027100086212,1.0606451034545898,10.210939407348633,,,,,,,,False
state_9a7b16c885f58c2b7bdc2a41,2c_679d20c0c097df83b478,2,binary_vle_english.xlsx,10.1016/j.fluid.2010.10.022,unverified,0.5,isothermal,0.9,isothermal,,,13.191581701759999,40.11840057373047,-3.814697265625e-06,True,False,48,C#CCCCC,mol_532ee0519201d73c,0.47219999999999995,0.7666,0.9063827395439148,1.1300102472305298,68.14701080322266,CCCOC(C)=O,mol_67043ae833ecd0c7,0.5278,0.2334,0.09361732006072998,1.1065890789031982,6.4304890632629395,,,,,,,,False
state_9b2a215d4b7bcc37949ea595,2c_ab02ff6614bbff27b5cc,2,binary_vle_english.xlsx,10.1016/j.fluid.2015.08.008,unverified,0.5,isothermal,0.8333333333333334,isothermal,,,2.500061044736,7.916896820068359,0.0,True,False,48,C1CN=C2CCCN2C1,mol_b2e98fe3254a8c98,0.6537,0.029000000000000026,0.10841017216444016,1.0820589065551758,1.2133766412734985,O,mol_e81dc06beaa39499,0.3463,0.971,0.8915898203849792,1.1431845426559448,17.82999610900879,,,,,,,,False
state_9b3950d6ac4928cde729821e,2c_679d20c0c097df83b478,2,binary_vle_english.xlsx,10.1016/j.fluid.2010.10.022,unverified,0.5,isothermal,0.9,isothermal,,,33.4672474272,64.47288513183594,-7.62939453125e-06,True,False,48,C#CCCCC,mol_532ee0519201d73c,0.22340000000000004,0.4546,0.7081687450408936,1.3030071258544922,156.84974670410156,CCCOC(C)=O,mol_67043ae833ecd0c7,0.7766,0.5454,0.29183128476142883,1.0227528810501099,23.688674926757812,,,,,,,,False
state_9c1d52415b12791b3e0204c8,2c_679d20c0c097df83b478,2,binary_vle_english.xlsx,10.1016/j.fluid.2010.10.022,unverified,0.5,isothermal,0.9,isothermal,,,4.347509098112,10.44131088256836,0.0,True,False,48,C#CCCCC,mol_532ee0519201d73c,0.09560000000000002,0.28700000000000003,0.6582548022270203,1.4467377662658691,49.69369888305664,CCCOC(C)=O,mol_67043ae833ecd0c7,0.9044,0.713,0.34174519777297974,1.005483865737915,3.9239349365234375,,,,,,,,False
state_9c2100d5be35ea8887516db1,2c_fcb25ad973d4e5c4a4fe,2,binary_vle_english.xlsx,10.1016/j.fluid.2010.10.022,unverified,0.5,isothermal,0.875,isothermal,,,10.731117400319999,67.27964782714844,-7.62939453125e-06,True,False,48,CC#CCCC,mol_a64b37cfa024f8e7,0.6716,0.8046,0.9605304002761841,1.067906141281128,90.10543060302734,CCCOC(C)=O,mol_67043ae833ecd0c7,0.3284,0.1954,0.03946961089968681,1.2574750185012817,6.4304890632629395,,,,,,,,False
state_9c3f1b73b59030c9c1e5ff26,2c_ab02ff6614bbff27b5cc,2,binary_vle_english.xlsx,10.1016/j.fluid.2015.08.008,unverified,0.5,isothermal,0.8,isothermal,,,36.299947780096,39.688819885253906,0.0,True,False,48,C1CN=C2CCCN2C1,mol_b2e98fe3254a8c98,0.12760000000000005,0.00029999999999996696,0.020624786615371704,2.065443277359009,3.105944871902466,O,mol_e81dc06beaa39499,0.8724,0.9997,0.9793752431869507,1.0368564128875732,42.97174835205078,,,,,,,,False
state_9cb1d1cc0bb9140b223e647b,3c_a6f39dd395c2cfcf800d,3,ternary_vle_english.xlsx,10.1016/j.fluid.2009.01.016,unverified,0.5,isothermal,0.9333333333333333,isothermal,,,11.619977627775999,14.019632339477539,0.0,True,False,48,CC(=O)C(C)(C)C,mol_61a887e37d396488,0.6958,0.7505,0.6260600686073303,1.0421866178512573,12.103827476501465,CC(C)(C)CO,mol_dfb42f12fdc989ed,0.29070000000000007,0.15260000000000007,0.2954671084880829,1.0900431871414185,13.072450637817383,COC(C)(C)C,mol_b614d6fea320c179,0.0135,0.0969,0.07847283035516739,1.277769923210144,63.777793884277344,True
state_9cc38052506cb8e7c018a407,2c_679d20c0c097df83b478,2,binary_vle_english.xlsx,10.1016/j.fluid.2010.10.022,unverified,0.5,isothermal,0.9,isothermal,,,48.738258102656,120.85748291015625,0.0,True,False,48,C#CCCCC,mol_532ee0519201d73c,1.0,1.0,1.0,1.0,120.85748291015625,CCCOC(C)=O,mol_67043ae833ecd0c7,0.0,0.0,0.0,1.75138521194458,15.75643539428711,,,,,,,,False
state_9d12e4d4e1251a85d18cbbdc,2c_200d73d6cf44caf265a9,2,binary_vle_english.xlsx,10.1016/j.fluid.2010.10.022,unverified,0.5,isothermal,0.8888888888888888,isothermal,,,17.7718716544,120.38104248046875,7.62939453125e-06,True,False,48,CCC#CCC,mol_7f5d60b87bc7cd44,0.5698,0.7458,0.9559313058853149,1.1368809938430786,177.6427001953125,CCCOC(C)=O,mol_67043ae833ecd0c7,0.4302,0.2542,0.044068727642297745,1.2076817750930786,10.210939407348633,,,,,,,,False
state_9d26abbe1a4118edffe64713,2c_a894ec22c70022e7cf39,2,binary_vle_english.xlsx,10.1016/j.jct.2009.04.006,unverified,0.5,isothermal,0.9333333333333333,isothermal,,,7.60004158784,3.8839306831359863,0.0,True,False,48,CC(Cl)(Cl)Cl,mol_d8a2276bed4f13b6,0.165,0.787,0.6468477249145508,0.5060335993766785,30.089168548583984,O=C1CCCCC1,mol_09f0d60d139abab5,0.835,0.21299999999999997,0.3531522750854492,0.9826732277870178,1.6716212034225464,,,,,,,,False
state_9d707b3c40434c7164089ade,2c_01fbe79446fb7e5c19eb,2,binary_vle_english.xlsx,10.1016/j.jct.2006.01.010,unverified,0.5,isothermal,0.9473684210526315,isothermal,,,16.259996001279998,16.612411499023438,0.0,True,False,48,ClC(Cl)C(Cl)Cl,mol_a1518926d4831a12,0.14800000000000002,0.043200000000000016,0.043442707508802414,0.5403326153755188,9.02457332611084,O=C1CCCC1,mol_e42ea752b52da6b7,0.852,0.9568,0.9565572738647461,0.9764289259910583,19.101322174072266,,,,,,,,False
state_9da7bc6542129c6fd9215761,2c_200d73d6cf44caf265a9,2,binary_vle_english.xlsx,10.1016/j.fluid.2010.10.022,unverified,0.5,isothermal,0.8888888888888888,isothermal,,,6.6313212619519994,45.158668518066406,0.0,True,False,48,CCC#CCC,mol_7f5d60b87bc7cd44,0.23919999999999997,0.4736,0.9117404818534851,1.3996551036834717,122.97876739501953,CCCOC(C)=O,mol_67043ae833ecd0c7,0.7608,0.5264,0.08825951814651489,1.0386050939559937,5.044076919555664,,,,,,,,False
state_9dbd54aef45127388cc5dafc,2c_679d20c0c097df83b478,2,binary_vle_english.xlsx,10.1016/j.fluid.2010.10.022,unverified,0.5,isothermal,0.9,isothermal,,,9.279636779904,24.946788787841797,3.814697265625e-06,True,False,48,C#CCCCC,mol_532ee0519201d73c,0.22340000000000004,0.5069,0.7946094870567322,1.3020824193954468,68.14701080322266,CCCOC(C)=O,mol_67043ae833ecd0c7,0.7766,0.4931,0.20539048314094543,1.026014804840088,6.4304890632629395,,,,,,,,False
state_9e1110f201f66d9e3327762a,2c_200d73d6cf44caf265a9,2,binary_vle_english.xlsx,10.1016/j.fluid.2010.10.022,unverified,0.5,isothermal,0.8888888888888888,isothermal,,,4.514028735744,5.044076919555664,0.0,True,False,48,CCC#CCC,mol_7f5d60b87bc7cd44,0.0,0.0,0.0,1.7924377918243408,122.97876739501953,CCCOC(C)=O,mol_67043ae833ecd0c7,1.0,1.0,1.0,1.0,5.044076919555664,,,,,,,,False
state_9e59eb582061113fb0844501,2c_01fbe79446fb7e5c19eb,2,binary_vle_english.xlsx,10.1016/j.jct.2006.01.010,unverified,0.5,isothermal,0.9473684210526315,isothermal,,,20.159941910016,20.620811462402344,-1.9073486328125e-06,True,False,48,ClC(Cl)C(Cl)Cl,mol_a1518926d4831a12,0.3073,0.1341,0.14288179576396942,0.7149633765220642,13.410229682922363,O=C1CCCC1,mol_e42ea752b52da6b7,0.6927,0.8659,0.8571181893348694,0.9147146940231323,27.894306182861328,,,,,,,,False
state_9edb092d398863782947dd1c,2c_635bd51c750eee04b7c9,2,binary_vle_english.xlsx,10.1016/j.fluid.2006.10.023,unverified,0.5,isothermal,0.9230769230769231,isothermal,,,133.499953394176,104.72477722167969,0.0,True,False,48,C1CC1,mol_5b0fb88d8ed110b0,0.0,0.0,0.0,2.508253574371338,30.078325271606445,FCC(F)(F)F,mol_28a5ef315edd1f58,1.0,1.0,1.0,1.0,104.72477722167969,,,,,,,,False
state_9f731cc90f8dfa3215be07dd,2c_fcb25ad973d4e5c4a4fe,2,binary_vle_english.xlsx,10.1016/j.fluid.2010.10.022,unverified,0.5,isothermal,0.875,isothermal,,,5.569675245568,22.016735076904297,-1.9073486328125e-06,True,False,48,CC#CCCC,mol_a64b37cfa024f8e7,0.15649999999999997,0.3164,0.8037712574005127,1.4405544996261597,78.494873046875,CCCOC(C)=O,mol_67043ae833ecd0c7,0.8435,0.6836,0.1962287575006485,1.0154271125793457,5.044076919555664,,,,,,,,False
state_9f953986c11507d820a94978,3c_a6f39dd395c2cfcf800d,3,ternary_vle_english.xlsx,10.1016/j.fluid.2009.01.016,unverified,0.5,isothermal,0.9333333333333333,isothermal,,,35.110045645696,35.690460205078125,0.0,True,False,48,CC(=O)C(C)(C)C,mol_61a887e37d396488,0.2306,0.0929,0.09639575332403183,1.2326165437698364,12.103827476501465,CC(C)(C)CO,mol_dfb42f12fdc989ed,0.4092,0.06459999999999999,0.1606828272342682,1.0720844268798828,13.072450637817383,COC(C)(C)C,mol_b614d6fea320c179,0.3602,0.8425,0.7429213523864746,1.1542019844055176,63.777793884277344,True
state_a0045077c8614ec37169a2b1,2c_200d73d6cf44caf265a9,2,binary_vle_english.xlsx,10.1016/j.fluid.2010.10.022,unverified,0.5,isothermal,0.8888888888888888,isothermal,,,99.988176296064,406.5634765625,0.0,True,False,48,CCC#CCC,mol_7f5d60b87bc7cd44,1.0,1.0,1.0,1.0,406.5634765625,CCCOC(C)=O,mol_67043ae833ecd0c7,0.0,0.0,0.0,2.325946807861328,49.95970153808594,,,,,,,,False
state_a01b05db8681905e99579842,2c_6b00d1757b554f4dca5e,2,binary_vle_english.xlsx,10.1016/j.fluid.2009.01.016,unverified,0.5,isothermal,0.8888888888888888,isothermal,,,14.659994262912,31.924606323242188,-1.9073486328125e-06,True,False,48,CC(C)(C)CO,mol_dfb42f12fdc989ed,1.0,1.0,1.0,1.0,31.924604415893555,COC(C)(C)C,mol_b614d6fea320c179,0.0,0.0,0.0,1.352929949760437,119.22989654541016,,,,,,,,True
state_a03dca86454b2eab8d6f9a00,2c_007e04d60827397d74ab,2,binary_vle_english.xlsx,10.1016/j.fluid.2013.09.056,unverified,0.5,isothermal,0.9090909090909091,isothermal,,,363.39997819443204,168.72122192382812,1.52587890625e-05,True,False,48,FC(C(F)(F)F)C(F)(F)F,mol_6b18cff9be152ebc,0.47030000000000005,0.3832,0.03546895459294319,1.028466820716858,12.372369766235352,FCC(F)(F)F,mol_28a5ef315edd1f58,0.5297,0.6168,0.9645310640335083,1.0513676404953003,292.2142639160156,,,,,,,,False
state_a041e0b52a0628123d5e8bda,2c_ecb2aa3282976dc883b8,2,binary_vle_english.xlsx,10.1016/j.fluid.2017.04.014,unverified,0.5,isothermal,0.9523809523809523,isothermal,,,20.210071120383997,18.444068908691406,0.0,True,False,48,CC(C)CC(C)(C)C,mol_57615b5c3546c298,0.9359999999999999,0.74,0.7781776785850525,1.0009404420852661,15.319740295410156,COC(C)(C)C,mol_b614d6fea320c179,0.064,0.26,0.22182229161262512,1.068076491355896,59.85212707519531,,,,,,,,False
state_a102b217524b2c19a2ac4ada,2c_3718df32cb8e1a8658b3,2,binary_vle_english.xlsx,10.1016/j.fluid.2010.03.022,passed,1.0,isothermal,0.9230769230769231,isothermal,,,45.320005909504,48.112098693847656,-3.814697265625e-06,True,False,48,C1CCSC1,mol_e61c7ae663276e1e,0.778,0.58,0.5485660433769226,1.0077980756759644,33.66123580932617,C=C(C)CC(C)(C)C,mol_c01ea75a8687ed16,0.22199999999999998,0.42000000000000004,0.4514339566230774,1.0660802125930786,91.77103424072266,,,,,,,,False
state_a128f8f02b2def4538cf8ba1,2c_01fbe79446fb7e5c19eb,2,binary_vle_english.xlsx,10.1016/j.jct.2006.01.010,unverified,0.5,isothermal,0.9473684210526315,isothermal,,,15.74003876608,13.552240371704102,0.0,True,False,48,ClC(Cl)C(Cl)Cl,mol_a1518926d4831a12,0.8855999999999999,0.9103,0.8708392381668091,0.993745744228363,13.410229682922363,O=C1CCCC1,mol_e42ea752b52da6b7,0.1144,0.0897,0.1291607916355133,0.5485298037528992,27.894306182861328,,,,,,,,False
state_a1c9977d4ac977a3d6758d4c,2c_fcb25ad973d4e5c4a4fe,2,binary_vle_english.xlsx,10.1016/j.fluid.2010.10.022,unverified,0.5,isothermal,0.875,isothermal,,,38.429372641792,146.69467163085938,1.52587890625e-05,True,False,48,CC#CCCC,mol_a64b37cfa024f8e7,0.6716,0.7842,0.9338226318359375,1.0792526006698608,188.99267578125,CCCOC(C)=O,mol_67043ae833ecd0c7,0.3284,0.2158,0.06617742776870728,1.2479016780853271,23.688674926757812,,,,,,,,False
state_a1e44372fc969fff8cc17dca,2c_01fbe79446fb7e5c19eb,2,binary_vle_english.xlsx,10.1016/j.jct.2006.01.010,unverified,0.5,isothermal,0.9473684210526315,isothermal,,,10.920035195775998,10.880268096923828,0.0,True,False,48,ClC(Cl)C(Cl)Cl,mol_a1518926d4831a12,0.5158,0.37749999999999995,0.35726335644721985,0.8350645303726196,9.02457332611084,O=C1CCCC1,mol_e42ea752b52da6b7,0.4842,0.6225,0.6427366733551025,0.7561091184616089,19.101322174072266,,,,,,,,False
state_a1e95009146a53735e2ea23f,2c_ab02ff6614bbff27b5cc,2,binary_vle_english.xlsx,10.1016/j.fluid.2015.08.008,unverified,0.5,isothermal,0.9444444444444444,isothermal,,,8.39997579584,13.309341430664062,0.0,True,False,48,C1CN=C2CCCN2C1,mol_b2e98fe3254a8c98,0.33230000000000004,0.0028000000000000247,0.03759964182972908,1.2417205572128296,1.2127912044525146,O,mol_e81dc06beaa39499,0.6677,0.9972,0.9624003767967224,1.0764058828353882,17.821937561035156,,,,,,,,False
state_a23ea8530a49e3364b8e29c8,2c_9478a219a5c540597926,2,binary_vle_english.xlsx,10.1016/j.fluid.2009.01.016,unverified,0.5,isothermal,0.9444444444444444,isothermal,,,98.390041070848,81.49888610839844,0.0,True,False,48,CC(=O)C(C)(C)C,mol_61a887e37d396488,0.12009999999999998,0.027900000000000036,0.0404665581882,1.5114666223526,18.16796875,COC(C)(C)C,mol_b614d6fea320c179,0.8799,0.9721,0.9595333933830261,1.009564995765686,88.0327377319336,,,,,,,,True
state_a24e3344acf8a3f2217b86ab,2c_679d20c0c097df83b478,2,binary_vle_english.xlsx,10.1016/j.fluid.2010.10.022,unverified,0.5,isothermal,0.9,isothermal,,,35.992773044224,88.34510803222656,0.0,True,False,48,C#CCCCC,mol_532ee0519201d73c,0.6242,0.84,0.9212305545806885,1.0788313150405884,120.85748291015625,CCCOC(C)=O,mol_67043ae833ecd0c7,0.3758,0.16,0.07876937836408615,1.1752361059188843,15.75643539428711,,,,,,,,False
state_a2b98d9839032a820a25ae16,2c_ab02ff6614bbff27b5cc,2,binary_vle_english.xlsx,10.1016/j.fluid.2015.08.008,unverified,0.5,isothermal,0.8333333333333334,isothermal,,,35.600005348096,36.83204650878906,-3.814697265625e-06,True,False,48,C1CN=C2CCCN2C1,mol_b2e98fe3254a8c98,0.1049,0.00019999999999997797,0.017687788233160973,2.192244291305542,2.8329238891601562,O,mol_e81dc06beaa39499,0.8951,0.9998,0.9823122024536133,1.0252220630645752,39.42628479003906,,,,,,,,False
state_a32f797effe05c92d08fd759,2c_635bd51c750eee04b7c9,2,binary_vle_english.xlsx,10.1016/j.fluid.2006.10.023,unverified,0.5,isothermal,0.9230769230769231,isothermal,,,405.99994115199996,109.31381225585938,7.62939453125e-06,True,False,48,C1CC1,mol_5b0fb88d8ed110b0,0.9101,0.8055,0.5812196135520935,1.0105668306350708,69.08141326904297,FCC(F)(F)F,mol_28a5ef315edd1f58,0.08989999999999998,0.1945,0.4187803566455841,2.392622947692871,212.8273468017578,,,,,,,,False
state_a41cc48f80a688b92cde6662,2c_fcb25ad973d4e5c4a4fe,2,binary_vle_english.xlsx,10.1016/j.fluid.2010.10.022,unverified,0.5,isothermal,0.875,isothermal,,,23.332347656576,23.688674926757812,0.0,True,False,48,CC#CCCC,mol_a64b37cfa024f8e7,0.0,0.0,0.0,1.717454195022583,188.99267578125,CCCOC(C)=O,mol_67043ae833ecd0c7,1.0,1.0,1.0,1.0,23.688674926757812,,,,,,,,False
state_a47102e98b249e16ad4d5e45,2c_200d73d6cf44caf265a9,2,binary_vle_english.xlsx,10.1016/j.fluid.2010.10.022,unverified,0.5,isothermal,0.8888888888888888,isothermal,,,18.395953659007997,127.78387451171875,0.0,True,False,48,CCC#CCC,mol_7f5d60b87bc7cd44,0.6247,0.7823,0.9623191952705383,1.10809326171875,177.6427001953125,CCCOC(C)=O,mol_67043ae833ecd0c7,0.3753,0.2177,0.03768083453178406,1.2564705610275269,10.210939407348633,,,,,,,,False
state_a4a8bb468ccc00a66009a207,2c_6b00d1757b554f4dca5e,2,binary_vle_english.xlsx,10.1016/j.fluid.2009.01.016,unverified,0.5,isothermal,0.8888888888888888,isothermal,,,81.15999151999999,85.66375732421875,-7.62939453125e-06,True,False,48,CC(C)(C)CO,mol_dfb42f12fdc989ed,0.5195000000000001,0.10450000000000004,0.21197278797626495,1.0948790311813354,31.924604415893555,COC(C)(C)C,mol_b614d6fea320c179,0.4805,0.8955,0.7880271673202515,1.1783103942871094,119.22989654541016,,,,,,,,True
state_a520af57d99520bae5b9506c,2c_e87fea44a6b8ad1299a3,2,binary_vle_english.xlsx,10.1016/j.fluid.2010.03.001,unverified,0.5,isothermal,0.9444444444444444,isothermal,,,3.389987851136,6.206193923950195,0.0,True,False,48,C=C(C)[C@H]1CC=C(C)CC1,mol_768bd4f5442f0a79,0.21999999999999997,0.22999999999999998,0.6265259385108948,2.0829410552978516,8.485251426696777,CCCCCO,mol_243de2450bee5519,0.78,0.77,0.37347403168678284,1.0383576154708862,2.8618323802948,,,,,,,,False
state_a55ac4cb80e8579d8765f803,2c_a894ec22c70022e7cf39,2,binary_vle_english.xlsx,10.1016/j.jct.2009.04.006,unverified,0.5,isothermal,0.9333333333333333,isothermal,,,15.78003547648,12.522449493408203,-9.5367431640625e-07,True,False,48,CC(Cl)(Cl)Cl,mol_d8a2276bed4f13b6,0.948,0.998,0.998890221118927,0.9967697262763977,13.237435340881348,O=C1CCCCC1,mol_09f0d60d139abab5,0.052000000000000046,0.0020000000000000018,0.0011097810929641128,0.47216349840164185,0.5660187602043152,,,,,,,,False
state_a58a9dc1e52f855f362a5334,2c_fcb25ad973d4e5c4a4fe,2,binary_vle_english.xlsx,10.1016/j.fluid.2010.10.022,unverified,0.5,isothermal,0.875,isothermal,,,15.790434621184,77.22970581054688,-7.62939453125e-06,True,False,48,CC#CCCC,mol_a64b37cfa024f8e7,0.5441,0.7056,0.9301161170005798,1.1267095804214478,117.17388153076172,CCCOC(C)=O,mol_67043ae833ecd0c7,0.4559,0.2944,0.06988385319709778,1.1593801975250244,10.210939407348633,,,,,,,,False
state_a58f199094033e09ace8d925,2c_679d20c0c097df83b478,2,binary_vle_english.xlsx,10.1016/j.fluid.2010.10.022,unverified,0.5,isothermal,0.9,isothermal,,,27.056441361919997,62.89423370361328,-3.814697265625e-06,True,False,48,C#CCCCC,mol_532ee0519201d73c,0.35950000000000004,0.6367,0.8302264213562012,1.2018074989318848,120.85748291015625,CCCOC(C)=O,mol_67043ae833ecd0c7,0.6405,0.3633,0.16977359354496002,1.058044195175171,15.75643539428711,,,,,,,,False
state_a5a56e7a7d71cb96fbd2d8ae,2c_01fbe79446fb7e5c19eb,2,binary_vle_english.xlsx,10.1016/j.jct.2006.01.010,unverified,0.5,isothermal,0.9473684210526315,isothermal,,,15.38006837248,13.908378601074219,-9.5367431640625e-07,True,False,48,ClC(Cl)C(Cl)Cl,mol_a1518926d4831a12,0.7831,0.8041,0.7363728880882263,0.9752609133720398,13.410229682922363,O=C1CCCC1,mol_e42ea752b52da6b7,0.2169,0.1959,0.2636270821094513,0.6060261726379395,27.894306182861328,,,,,,,,False
state_a5df0f2401e53a3993580e86,2c_e87fea44a6b8ad1299a3,2,binary_vle_english.xlsx,10.1016/j.fluid.2010.03.001,unverified,0.5,isothermal,0.8947368421052632,isothermal,,,3.220001831936,3.356125831604004,0.0,True,False,48,C=C(C)[C@H]1CC=C(C)CC1,mol_768bd4f5442f0a79,0.027000000000000024,0.08199999999999996,0.16997133195400238,2.489920139312744,8.485251426696777,CCCCCO,mol_243de2450bee5519,0.973,0.918,0.8300287127494812,1.000401496887207,2.8618323802948,,,,,,,,False
state_a60e2c7fb7f93e40021cb3e7,2c_e87fea44a6b8ad1299a3,2,binary_vle_english.xlsx,10.1016/j.fluid.2010.03.001,unverified,0.5,isothermal,0.9444444444444444,isothermal,,,4.190055381504,3.7435202598571777,-2.384185791015625e-07,True,False,48,C=C(C)[C@H]1CC=C(C)CC1,mol_768bd4f5442f0a79,0.0,0.0,0.0,2.616661787033081,9.784671783447266,CCCCCO,mol_243de2450bee5519,1.0,1.0,1.0,1.0,3.7435200214385986,,,,,,,,False
state_a657b895627df8ce6a1fde19,2c_679d20c0c097df83b478,2,binary_vle_english.xlsx,10.1016/j.fluid.2010.10.022,unverified,0.5,isothermal,0.9,isothermal,,,57.656857910015994,79.79206848144531,-7.62939453125e-06,True,False,48,C#CCCCC,mol_532ee0519201d73c,0.09560000000000002,0.21230000000000004,0.4313661456108093,1.4245513677597046,252.73753356933594,CCCOC(C)=O,mol_67043ae833ecd0c7,0.9044,0.7877,0.5686338543891907,1.0041810274124146,49.95970153808594,,,,,,,,False
state_8b46bd73e268d741ac8e7147,2c_500d21d465db933527d2,2,binary_vle_english.xlsx,10.1016/j.fluid.2014.09.006,unverified,0.5,isobaric,0.9285714285714286,isobaric,440.62,361.38226318359375,,,1.728534698486328e-05,True,False,48,CCCCCCCCCCCCCC(=O)OC,mol_de3754c1966b59a2,0.3488,0.5911,0.34247612953186035,0.7187402248382568,1.3661915063858032,CCCCCCCCCCCCCCCC(=O)OC,mol_e51b7f78035080f4,0.6512,0.40890000000000004,0.6575238704681396,0.905209481716156,1.1155210733413696,,,,,,,,True
state_8c2d178564465b4ed78a700a,2c_8affb2d94018c3a50639,2,binary_vle_english.xlsx,10.1016/j.jct.2017.09.020,unverified,0.5,isobaric,0.9285714285714286,isobaric,415.90999999999997,392.774658203125,,,9.5367431640625e-07,True,False,48,CCCCCCCCCC(=O)OC,mol_95d9432584d71e0d,0.8365,0.9407,0.8689596056938171,0.9989843964576721,6.239203453063965,CCCCCCCCCCCC(=O)OC,mol_5c1fd649aae595b4,0.16349999999999998,0.05930000000000002,0.13104043900966644,0.9458378553390503,5.084228992462158,,,,,,,,False
state_8ce9d4428e5c1e65947791fb,2c_1694e8275721c8f0a44b,2,binary_vle_english.xlsx,10.1016/j.fluid.2013.02.005,unverified,0.5,isobaric,0.9545454545454546,isobaric,348.21999999999997,356.0568542480469,,,-8.392333984375e-05,True,False,48,CC(C)OC(C)C,mol_1a0ca8e5eeb68da8,0.496,0.7,0.9293189644813538,1.2105469703674316,145.4886016845703,Cc1ccc(C)o1,mol_8abd2666cf37a39e,0.504,0.30000000000000004,0.07068105787038803,1.1131740808486938,11.84232234954834,,,,,,,,False
state_8d167515c19e732049a18127,2c_f17e33a6fb9a3b89984d,2,binary_vle_english.xlsx,10.1016/j.fluid.2015.07.030,unverified,0.5,isobaric,0.9375,isobaric,369.63,369.5565490722656,,,7.62939453125e-06,True,False,48,O,mol_e81dc06beaa39499,0.8959,0.99959,0.9757057428359985,1.0391154289245605,83.8360824584961,OCCOCCOCCO,mol_f34461328d644291,0.10409999999999997,0.00041000000000002146,0.024294249713420868,3.000887155532837,6.2206902503967285,,,,,,,,False
state_8e931cc9e70fbfd329f1d4d6,2c_f17e33a6fb9a3b89984d,2,binary_vle_english.xlsx,10.1016/j.fluid.2015.07.030,unverified,0.5,isobaric,0.9375,isobaric,361.89,363.37713623046875,,,0.0015411376953125,True,False,48,O,mol_e81dc06beaa39499,1.0,1.0,1.0,1.0,66.6615219116211,OCCOCCOCCO,mol_f34461328d644291,0.0,0.0,0.0,5.982171058654785,4.763622760772705,,,,,,,,False
state_905b9daf53befe633a0670a1,2c_851f25357ae6f5ac55a7,2,binary_vle_english.xlsx,10.1016/j.fluid.2006.03.014,unverified,0.5,isobaric,0.9,isobaric,406.54999999999995,390.618896484375,,,2.288818359375e-05,True,False,48,CC(C)(N)CO,mol_5dd0884957432481,0.807,0.273,0.28707432746887207,1.0392875671386719,34.67323303222656,O,mol_e81dc06beaa39499,0.19299999999999995,0.727,0.7129257321357727,2.1577327251434326,173.4197540283203,,,,,,,,False
state_909603c69f5b937e50d50c6f,2c_f17e33a6fb9a3b89984d,2,binary_vle_english.xlsx,10.1016/j.fluid.2015.07.030,unverified,0.5,isobaric,0.9375,isobaric,360.39,359.23150634765625,,,8.0108642578125e-05,True,False,48,O,mol_e81dc06beaa39499,0.8594,0.99988,0.9752062559127808,1.0634275674819946,56.906982421875,OCCOCCOCCO,mol_f34461328d644291,0.14059999999999995,0.00012000000000000899,0.024793758988380432,2.3734638690948486,3.962294816970825,,,,,,,,False
state_91663bea68e362dfb23f6edd,2c_4c8ca30e57e6c11f5778,2,binary_vle_english.xlsx,10.1016/j.fluid.2015.03.030,unverified,0.5,isobaric,0.9166666666666666,isobaric,477.38,439.90966796875,,,2.6702880859375e-05,True,False,48,O=C1OC(=O)c2cc(Cl)ccc21,mol_df66df7dbda573ad,0.0,0.0,0.0,1.666577935218811,18.16431427001953,O=C1OC(=O)c2cc(F)ccc21,mol_12d7c05b7c8fe7d9,1.0,1.0,1.0,1.0,21.330005645751953,,,,,,,,True
state_939f7db516d178e2644b4399,2c_4c8ca30e57e6c11f5778,2,binary_vle_english.xlsx,10.1016/j.fluid.2015.03.030,unverified,0.5,isobaric,0.9166666666666666,isobaric,514.63,476.79510498046875,,,9.5367431640625e-05,True,False,48,O=C1OC(=O)c2cc(Cl)ccc21,mol_df66df7dbda573ad,0.0,0.0,0.0,1.8352736234664917,51.56938934326172,O=C1OC(=O)c2cc(F)ccc21,mol_12d7c05b7c8fe7d9,1.0,1.0,1.0,1.0,61.330116271972656,,,,,,,,True
state_9415302691eb9eaa92702ed3,2c_1694e8275721c8f0a44b,2,binary_vle_english.xlsx,10.1016/j.fluid.2013.02.005,unverified,0.5,isobaric,0.9473684210526315,isobaric,338.32,357.63714599609375,,,1.52587890625e-05,True,False,48,CC(C)OC(C)C,mol_1a0ca8e5eeb68da8,0.179,0.357,0.7905512452125549,1.4525359869003296,152.02688598632812,Cc1ccc(C)o1,mol_8abd2666cf37a39e,0.821,0.643,0.20944878458976746,1.0102174282073975,12.626708984375,,,,,,,,False
state_94d463b290d4e7e61246ac80,2c_f17e33a6fb9a3b89984d,2,binary_vle_english.xlsx,10.1016/j.fluid.2015.07.030,unverified,0.5,isobaric,0.9375,isobaric,456.66999999999996,399.9418640136719,,,0.0,True,False,48,O,mol_e81dc06beaa39499,0.2001,0.96185,0.8257689476013184,1.6967904567718506,233.4581756591797,OCCOCCOCCO,mol_f34461328d644291,0.7999,0.03815000000000002,0.17423106729984283,1.0201729536056519,20.494720458984375,,,,,,,,False
state_95787948884d33b0fd7edf82,2c_f21c5beff7e3dc67c753,2,binary_vle_english.xlsx,10.1016/j.fluid.2014.01.034,unverified,0.5,isobaric,0.9375,isobaric,508.42999999999995,465.65997314453125,,,4.57763671875e-05,True,False,48,O=[N+]([O-])c1ccc(Cl)c(Cl)c1,mol_d71344439e314718,0.294,0.305,0.3394162654876709,1.291654348373413,53.62787628173828,O=[N+]([O-])c1cccc(Cl)c1Cl,mol_aa6ec9bb4303db75,0.706,0.6950000000000001,0.6605836749076843,1.044688105583191,53.73881530761719,,,,,,,,True
state_9580f458904648bcee5c405c,2c_14f322a5589c2ae1768c,2,binary_vle_english.xlsx,10.1016/j.jct.2016.11.024,unverified,0.5,isobaric,0.9285714285714286,isobaric,391.77,411.3722839355469,,,0.0,True,False,48,CCCCCCCC(=O)OC,mol_b57df1d978ebac66,1.0,1.0,1.0,1.0,9.999977111816406,CCCCCCCCCC(=O)OC,mol_95d9432584d71e0d,0.0,0.0,0.0,1.1755574941635132,11.845168113708496,,,,,,,,False
state_9648d71722303ac9b686a473,2c_14f322a5589c2ae1768c,2,binary_vle_english.xlsx,10.1016/j.jct.2016.11.024,unverified,0.5,isobaric,0.9285714285714286,isobaric,380.5,396.7495422363281,,,0.000125885009765625,True,False,48,CCCCCCCC(=O)OC,mol_b57df1d978ebac66,1.0,1.0,1.0,1.0,6.000165939331055,CCCCCCCCCC(=O)OC,mol_95d9432584d71e0d,0.0,0.0,0.0,1.033560037612915,7.1916351318359375,,,,,,,,False
state_96d23c71eb6fc4443a633e42,2c_500d21d465db933527d2,2,binary_vle_english.xlsx,10.1016/j.fluid.2014.09.006,unverified,0.5,isobaric,0.9285714285714286,isobaric,428.41999999999996,354.13458251953125,,,0.00010335445404052734,True,False,48,CCCCCCCCCCCCCC(=O)OC,mol_de3754c1966b59a2,1.0,1.0,1.0,1.0,1.0001544952392578,CCCCCCCCCCCCCCCC(=O)OC,mol_e51b7f78035080f4,0.0,0.0,0.0,0.45833539962768555,0.8179918527603149,,,,,,,,True
state_97609da85cbf78f9e9d6c376,2c_1694e8275721c8f0a44b,2,binary_vle_english.xlsx,10.1016/j.fluid.2013.02.005,unverified,0.5,isobaric,0.95,isobaric,342.62,350.837158203125,,,-3.0517578125e-05,True,False,48,CC(C)OC(C)C,mol_1a0ca8e5eeb68da8,0.443,0.662,0.9230896234512329,1.2455250024795532,125.47249603271484,Cc1ccc(C)o1,mol_8abd2666cf37a39e,0.5569999999999999,0.33799999999999997,0.07691033184528351,1.0852676630020142,9.542308807373047,,,,,,,,False
state_9a7657a8d3a86106ac331696,2c_500d21d465db933527d2,2,binary_vle_english.xlsx,10.1016/j.fluid.2014.09.006,unverified,0.5,isobaric,0.9230769230769231,isobaric,436.11,361.96380615234375,,,3.421306610107422e-05,True,False,48,CCCCCCCCCCCCCC(=O)OC,mol_de3754c1966b59a2,1.0,1.0,1.0,1.0,1.4000524282455444,CCCCCCCCCCCCCCCC(=O)OC,mol_e51b7f78035080f4,0.0,0.0,0.0,0.5590983629226685,1.1430219411849976,,,,,,,,True
state_9aed1d5d03b818cf53f793c0,2c_8affb2d94018c3a50639,2,binary_vle_english.xlsx,10.1016/j.jct.2017.09.020,unverified,0.5,isobaric,0.9285714285714286,isobaric,400.44,370.0252685546875,,,3.6954879760742188e-06,True,False,48,CCCCCCCCCC(=O)OC,mol_95d9432584d71e0d,0.3889,0.7027,0.40989190340042114,0.8078800439834595,2.6092071533203125,CCCCCCCCCCCC(=O)OC,mol_5c1fd649aae595b4,0.6111,0.2973,0.5901080965995789,0.9052748084068298,2.1333537101745605,,,,,,,,False
state_9b0af97f4dccf66a76feffa2,2c_f17e33a6fb9a3b89984d,2,binary_vle_english.xlsx,10.1016/j.fluid.2015.07.030,unverified,0.5,isobaric,0.9375,isobaric,458.13,387.8992614746094,,,0.00017547607421875,True,False,48,O,mol_e81dc06beaa39499,0.151,0.93368,0.7893739342689514,1.7579765319824219,158.58639526367188,OCCOCCOCCO,mol_f34461328d644291,0.849,0.06632000000000005,0.21062606573104858,1.012632966041565,13.065484046936035,,,,,,,,False
state_9b4e50784aa9f3c6bf3c89ae,2c_1694e8275721c8f0a44b,2,binary_vle_english.xlsx,10.1016/j.fluid.2013.02.005,unverified,0.5,isobaric,0.9473684210526315,isobaric,322.84999999999997,324.8005676269531,,,1.52587890625e-05,True,False,48,CC(C)OC(C)C,mol_1a0ca8e5eeb68da8,0.869,0.941,0.9873455166816711,1.0171078443527222,55.853797912597656,Cc1ccc(C)o1,mol_8abd2666cf37a39e,0.131,0.05900000000000005,0.012654450722038746,1.64858078956604,2.929760456085205,,,,,,,,False
state_9b5ef1142f819443dbaa7fd0,2c_500d21d465db933527d2,2,binary_vle_english.xlsx,10.1016/j.fluid.2014.09.006,unverified,0.5,isobaric,0.9285714285714286,isobaric,434.77,360.13189697265625,,,7.748603820800781e-06,True,False,48,CCCCCCCCCCCCCC(=O)OC,mol_de3754c1966b59a2,0.5882,0.7896,0.6699178814888,0.8789985775947571,1.295788049697876,CCCCCCCCCCCCCCCC(=O)OC,mol_e51b7f78035080f4,0.41180000000000005,0.21040000000000003,0.33008208870887756,0.7574250102043152,1.05833101272583,,,,,,,,True
state_9b8c905de19e1185d10f79d2,2c_1694e8275721c8f0a44b,2,binary_vle_english.xlsx,10.1016/j.fluid.2013.02.005,unverified,0.5,isobaric,0.9473684210526315,isobaric,333.69,343.6860656738281,,,1.9073486328125e-05,True,False,48,CC(C)OC(C)C,mol_1a0ca8e5eeb68da8,0.335,0.561,0.9024701118469238,1.3244794607162476,101.69816589355469,Cc1ccc(C)o1,mol_8abd2666cf37a39e,0.665,0.43899999999999995,0.09752988070249557,1.0441006422042847,7.023345947265625,,,,,,,,False
state_9be099b88b7359bd5a59aebc,2c_500d21d465db933527d2,2,binary_vle_english.xlsx,10.1016/j.fluid.2014.09.006,unverified,0.5,isobaric,0.9230769230769231,isobaric,440.01,365.5493469238281,,,0.000301361083984375,True,False,48,CCCCCCCCCCCCCC(=O)OC,mol_de3754c1966b59a2,0.7302,0.8739,0.8137817978858948,0.960149347782135,1.6253784894943237,CCCCCCCCCCCCCCCC(=O)OC,mol_e51b7f78035080f4,0.26980000000000004,0.1261,0.18621817231178284,0.7289294600486755,1.325933575630188,,,,,,,,True
state_9be358c3d49ed7d29c3be14b,2c_1694e8275721c8f0a44b,2,binary_vle_english.xlsx,10.1016/j.fluid.2013.02.005,unverified,0.5,isobaric,0.95,isobaric,357.21,407.9339599609375,,,7.62939453125e-06,True,False,48,CC(C)OC(C)C,mol_1a0ca8e5eeb68da8,0.0,0.0,0.0,1.5745307207107544,515.5555419921875,Cc1ccc(C)o1,mol_8abd2666cf37a39e,1.0,1.0,1.0,1.0,74.99996948242188,,,,,,,,False
state_9be4a7334cb85727c8968c00,2c_f17e33a6fb9a3b89984d,2,binary_vle_english.xlsx,10.1016/j.fluid.2015.07.030,unverified,0.5,isobaric,0.9375,isobaric,438.38,382.5261535644531,,,-2.6702880859375e-05,True,False,48,O,mol_e81dc06beaa39499,0.2001,0.96648,0.8376973867416382,1.686122179031372,132.4105224609375,OCCOCCOCCO,mol_f34461328d644291,0.7999,0.033519999999999994,0.16230259835720062,1.0217442512512207,10.590563774108887,,,,,,,,False
state_9c4f95ae6246a620537ed48b,2c_851f25357ae6f5ac55a7,2,binary_vle_english.xlsx,10.1016/j.fluid.2006.03.014,unverified,0.5,isobaric,0.9,isobaric,364.45,362.9207458496094,,,0.001251220703125,True,False,48,CC(C)(N)CO,mol_5dd0884957432481,0.118,0.012,0.07687655091285706,3.8076930046081543,11.412579536437988,O,mol_e81dc06beaa39499,0.882,0.988,0.9231234192848206,1.0654603242874146,65.5220947265625,,,,,,,,False
state_a04e7b19bbc4e308a5738e6a,2c_500d21d465db933527d2,2,binary_vle_english.xlsx,10.1016/j.fluid.2014.09.006,unverified,0.5,isobaric,0.9230769230769231,isobaric,454.96,367.8420715332031,,,0.0008319616317749023,True,False,48,CCCCCCCCCCCCCC(=O)OC,mol_de3754c1966b59a2,0.1313,0.3004,0.10688211023807526,0.6387019157409668,1.7853928804397583,CCCCCCCCCCCCCCCC(=O)OC,mol_e51b7f78035080f4,0.8687,0.6996,0.8931179046630859,0.9893375635147095,1.4557478427886963,,,,,,,,True
state_a12f26d7e48daec060b0f869,2c_f17e33a6fb9a3b89984d,2,binary_vle_english.xlsx,10.1016/j.fluid.2015.07.030,unverified,0.5,isobaric,0.9375,isobaric,359.01,358.896728515625,,,8.0108642578125e-05,True,False,48,O,mol_e81dc06beaa39499,0.8959,0.99996,0.9782751202583313,1.0366346836090088,56.1756477355957,OCCOCCOCCO,mol_f34461328d644291,0.10409999999999997,4.0000000000040004e-05,0.021724840626120567,2.8514859676361084,3.903075695037842,,,,,,,,False
state_a14bd32d392a87bc9d074701,2c_14f322a5589c2ae1768c,2,binary_vle_english.xlsx,10.1016/j.jct.2016.11.024,unverified,0.5,isobaric,0.9285714285714286,isobaric,421.06999999999994,406.3564147949219,,,1.811981201171875e-05,True,False,48,CCCCCCCC(=O)OC,mol_b57df1d978ebac66,0.0609,0.2296,0.058360736817121506,1.1371010541915894,8.427605628967285,CCCCCCCCCC(=O)OC,mol_95d9432584d71e0d,0.9391,0.7704,0.9416393041610718,1.0004850625991821,10.022173881530762,,,,,,,,False
state_a1c7f7a143e0f81fa1898707,2c_8affb2d94018c3a50639,2,binary_vle_english.xlsx,10.1016/j.jct.2017.09.020,unverified,0.5,isobaric,0.9285714285714286,isobaric,434.63,396.8431396484375,,,4.1961669921875e-05,True,False,48,CCCCCCCCCC(=O)OC,mol_95d9432584d71e0d,0.1552,0.4028,0.17515239119529724,0.938461184501648,7.215479850769043,CCCCCCCCCCCC(=O)OC,mol_5c1fd649aae595b4,0.8448,0.5972,0.8248476386070251,0.9969167709350586,5.876491546630859,,,,,,,,False
state_a1caf699d02be43cfda1782f,2c_8affb2d94018c3a50639,2,binary_vle_english.xlsx,10.1016/j.jct.2017.09.020,unverified,0.5,isobaric,0.9285714285714286,isobaric,405.74,381.89923095703125,,,9.5367431640625e-07,True,False,48,CCCCCCCCCC(=O)OC,mol_95d9432584d71e0d,0.8834,0.9611,0.9178804159164429,0.997530996799469,4.166348934173584,CCCCCCCCCCCC(=O)OC,mol_5c1fd649aae595b4,0.11660000000000004,0.038900000000000046,0.08211957663297653,0.8284645676612854,3.400380849838257,,,,,,,,False
state_a1e88a712c43eda62781a4f2,2c_500d21d465db933527d2,2,binary_vle_english.xlsx,10.1016/j.fluid.2014.09.006,unverified,0.5,isobaric,0.9285714285714286,isobaric,429.64,355.98724365234375,,,0.0004628896713256836,True,False,48,CCCCCCCCCCCCCC(=O)OC,mol_de3754c1966b59a2,0.8778,0.9464,0.9409616589546204,0.9889745116233826,1.084462285041809,CCCCCCCCCCCCCCCC(=O)OC,mol_e51b7f78035080f4,0.12219999999999998,0.05359999999999998,0.05903838202357292,0.5452253818511963,0.8865645527839661,,,,,,,,True
state_a22a2e546cf5ee9b6e73e61d,2c_4c8ca30e57e6c11f5778,2,binary_vle_english.xlsx,10.1016/j.fluid.2015.03.030,unverified,0.5,isobaric,0.9166666666666666,isobaric,512.06,460.42486572265625,,,0.00072479248046875,True,False,48,O=C1OC(=O)c2cc(Cl)ccc21,mol_df66df7dbda573ad,0.5876,0.4234,0.5222429633140564,1.1087501049041748,33.130615234375,O=C1OC(=O)c2cc(F)ccc21,mol_12d7c05b7c8fe7d9,0.4124,0.5766,0.477757066488266,1.2217609882354736,39.18993377685547,,,,,,,,True
state_a34f08fdaabb6b5bc5130e93,2c_500d21d465db933527d2,2,binary_vle_english.xlsx,10.1016/j.fluid.2014.09.006,unverified,0.5,isobaric,0.9285714285714286,isobaric,433.98,344.230712890625,,,0.00017547607421875,True,False,48,CCCCCCCCCCCCCC(=O)OC,mol_de3754c1966b59a2,0.0682,0.1898,0.029348529875278473,0.33660998940467834,0.639383852481842,CCCCCCCCCCCCCCCC(=O)OC,mol_e51b7f78035080f4,0.9318,0.8102,0.9706514477729797,0.9939329028129578,0.5241676568984985,,,,,,,,True
state_a3ab1b06b0ac8fe767631cf6,2c_f21c5beff7e3dc67c753,2,binary_vle_english.xlsx,10.1016/j.fluid.2014.01.034,unverified,0.5,isobaric,0.9375,isobaric,469.0,431.2984313964844,,,9.5367431640625e-06,True,False,48,O=[N+]([O-])c1ccc(Cl)c(Cl)c1,mol_d71344439e314718,1.0,1.0,1.0,1.0,19.999963760375977,O=[N+]([O-])c1cccc(Cl)c1Cl,mol_aa6ec9bb4303db75,0.0,0.0,0.0,1.3738043308258057,20.025632858276367,,,,,,,,True
state_a4749ed3c0755c64f7a7b381,2c_14f322a5589c2ae1768c,2,binary_vle_english.xlsx,10.1016/j.jct.2016.11.024,unverified,0.5,isobaric,0.9285714285714286,isobaric,389.09999999999997,363.6035461425781,,,0.00015223026275634766,True,False,48,CCCCCCCC(=O)OC,mol_b57df1d978ebac66,0.0,0.0,0.0,0.6270276308059692,1.619038701057434,CCCCCCCCCC(=O)OC,mol_95d9432584d71e0d,1.0,1.0,1.0,1.0,2.0001211166381836,,,,,,,,False
state_a48b228feacd00f89e710049,2c_4c8ca30e57e6c11f5778,2,binary_vle_english.xlsx,10.1016/j.fluid.2015.03.030,unverified,0.5,isobaric,0.9166666666666666,isobaric,491.05999999999995,439.28924560546875,,,-3.814697265625e-06,True,False,48,O=C1OC(=O)c2cc(Cl)ccc21,mol_df66df7dbda573ad,0.6784,0.5059,0.5995814800262451,1.05780827999115,17.821563720703125,O=C1OC(=O)c2cc(F)ccc21,mol_12d7c05b7c8fe7d9,0.3216,0.4941,0.4004184603691101,1.2693214416503906,20.92265510559082,,,,,,,,True
state_a52930bd1745790f3e8b96b0,2c_14f322a5589c2ae1768c,2,binary_vle_english.xlsx,10.1016/j.jct.2016.11.024,unverified,0.5,isobaric,0.9285714285714286,isobaric,384.53999999999996,364.3113708496094,,,0.00023567676544189453,True,False,48,CCCCCCCC(=O)OC,mol_b57df1d978ebac66,0.0599,0.2468,0.033345866948366165,0.6671163439750671,1.6691218614578247,CCCCCCCCCC(=O)OC,mol_95d9432584d71e0d,0.9401,0.7532,0.9666541218757629,0.998136579990387,2.060542106628418,,,,,,,,False
state_a587ec1fa69d861ef5bf3626,2c_851f25357ae6f5ac55a7,2,binary_vle_english.xlsx,10.1016/j.fluid.2006.03.014,unverified,0.5,isobaric,0.9,isobaric,429.75,414.41461181640625,,,0.0001220703125,True,False,48,CC(C)(N)CO,mol_5dd0884957432481,1.0,1.0,1.0,1.0,80.00007629394531,O,mol_e81dc06beaa39499,0.0,0.0,0.0,3.107170581817627,360.6854553222656,,,,,,,,False
state_a683c1d5f0cac0f979475df4,2c_f17e33a6fb9a3b89984d,2,binary_vle_english.xlsx,10.1016/j.fluid.2015.07.030,unverified,0.5,isobaric,0.9375,isobaric,421.05999999999995,386.049072265625,,,5.340576171875e-05,True,False,48,O,mol_e81dc06beaa39499,0.3003,0.99211,0.888999879360199,1.587985873222351,149.11984252929688,OCCOCCOCCO,mol_f34461328d644291,0.6997,0.007889999999999953,0.11100013554096222,1.043378233909607,12.162016868591309,,,,,,,,False
state_a6bcd5b0fdb835141eb5deef,2c_fcb25ad973d4e5c4a4fe,2,binary_vle_english.xlsx,10.1016/j.fluid.2010.10.022,unverified,0.5,isothermal,0.875,isothermal,,,43.666941868672,107.47512817382812,0.0,True,False,48,CC#CCCC,mol_a64b37cfa024f8e7,0.258,0.40490000000000004,0.7516506314277649,1.3320717811584473,235.05886840820312,CCCOC(C)=O,mol_67043ae833ecd0c7,0.742,0.5951,0.2483493685722351,1.0343434810638428,34.7778205871582,,,,,,,,False
state_a718f38618688370a7574f4f,2c_fcb25ad973d4e5c4a4fe,2,binary_vle_english.xlsx,10.1016/j.fluid.2010.10.022,unverified,0.5,isothermal,0.875,isothermal,,,3.072014003456,24.03924560546875,-1.9073486328125e-06,True,False,48,CC#CCCC,mol_a64b37cfa024f8e7,0.3709,0.6017,0.9344208240509033,1.2016805410385132,50.39847946166992,CCCOC(C)=O,mol_67043ae833ecd0c7,0.6291,0.3983,0.0655791386961937,1.0837266445159912,2.3123152256011963,,,,,,,,False
state_a784b071ac14f6880713c2a3,2c_679d20c0c097df83b478,2,binary_vle_english.xlsx,10.1016/j.fluid.2010.10.022,unverified,0.5,isothermal,0.9,isothermal,,,12.48430653952,41.07209014892578,0.0,True,False,48,C#CCCCC,mol_532ee0519201d73c,0.6242,0.866,0.9451435208320618,1.0658516883850098,58.34773635864258,CCCOC(C)=O,mol_67043ae833ecd0c7,0.3758,0.134,0.054856494069099426,1.1886017322540283,5.044076919555664,,,,,,,,False
state_a79e03ce771cc34ec8c7ee70,2c_635bd51c750eee04b7c9,2,binary_vle_english.xlsx,10.1016/j.fluid.2006.10.023,unverified,0.5,isothermal,0.9230769230769231,isothermal,,,450.20003917030397,171.68402099609375,0.0,True,False,48,C1CC1,mol_5b0fb88d8ed110b0,0.6132,0.6042,0.2945934236049652,1.1939594745635986,69.08141326904297,FCC(F)(F)F,mol_28a5ef315edd1f58,0.38680000000000003,0.39580000000000004,0.7054065465927124,1.4711449146270752,212.8273468017578,,,,,,,,False
state_a7d65467cef454c7aae831a5,2c_679d20c0c097df83b478,2,binary_vle_english.xlsx,10.1016/j.fluid.2010.10.022,unverified,0.5,isothermal,0.9,isothermal,,,17.412834517375998,58.347740173339844,-3.814697265625e-06,True,False,48,C#CCCCC,mol_532ee0519201d73c,1.0,1.0,1.0,1.0,58.34773635864258,CCCOC(C)=O,mol_67043ae833ecd0c7,0.0,0.0,0.0,1.6567723751068115,5.044076919555664,,,,,,,,False
state_a7d673ba4068fa6c7e7c1787,2c_679d20c0c097df83b478,2,binary_vle_english.xlsx,10.1016/j.fluid.2010.10.022,unverified,0.5,isothermal,0.9,isothermal,,,50.067348789248,49.95970153808594,0.0,True,False,48,C#CCCCC,mol_532ee0519201d73c,0.0,0.0,0.0,1.5655158758163452,252.73753356933594,CCCOC(C)=O,mol_67043ae833ecd0c7,1.0,1.0,1.0,1.0,49.95970153808594,,,,,,,,False
state_a809258c48d2106b93dc71ef,2c_01fbe79446fb7e5c19eb,2,binary_vle_english.xlsx,10.1016/j.jct.2006.01.010,unverified,0.5,isothermal,0.9473684210526315,isothermal,,,12.560033644544,12.418693542480469,0.0,True,False,48,ClC(Cl)C(Cl)Cl,mol_a1518926d4831a12,0.03420000000000001,0.0040000000000000036,0.006412130780518055,0.3923377990722656,5.934607028961182,O=C1CCCC1,mol_e42ea752b52da6b7,0.9658,0.996,0.9935879111289978,0.9985479712486267,12.794581413269043,,,,,,,,False
state_a82b00825c24ad5313bc5feb,2c_ecb2aa3282976dc883b8,2,binary_vle_english.xlsx,10.1016/j.fluid.2017.04.014,unverified,0.5,isothermal,0.9523809523809523,isothermal,,,41.07995464,34.48705291748047,0.0,True,False,48,CC(C)CC(C)(C)C,mol_57615b5c3546c298,0.5900000000000001,0.26,0.27173444628715515,1.0368057489395142,15.319740295410156,COC(C)(C)C,mol_b614d6fea320c179,0.41,0.74,0.7282654643058777,1.0234870910644531,59.85212707519531,,,,,,,,False
state_a86ec69a9fd47f905946e09d,2c_fcb25ad973d4e5c4a4fe,2,binary_vle_english.xlsx,10.1016/j.fluid.2010.10.022,unverified,0.5,isothermal,0.875,isothermal,,,9.645073390592,10.210939407348633,0.0,True,False,48,CC#CCCC,mol_a64b37cfa024f8e7,0.0,0.0,0.0,1.719873309135437,117.17388153076172,CCCOC(C)=O,mol_67043ae833ecd0c7,1.0,1.0,1.0,1.0,10.210939407348633,,,,,,,,False
state_a98643517833312070858a15,2c_635bd51c750eee04b7c9,2,binary_vle_english.xlsx,10.1016/j.fluid.2006.10.023,unverified,0.5,isothermal,0.9230769230769231,isothermal,,,394.700070529792,206.05438232421875,0.0,True,False,48,C1CC1,mol_5b0fb88d8ed110b0,0.183,0.3588,0.12622776627540588,2.057427167892456,69.08141326904297,FCC(F)(F)F,mol_28a5ef315edd1f58,0.817,0.6412,0.8737722635269165,1.0354535579681396,212.8273468017578,,,,,,,,False
state_a9d443d512d984d2ab824c9f,2c_679d20c0c097df83b478,2,binary_vle_english.xlsx,10.1016/j.fluid.2010.10.022,unverified,0.5,isothermal,0.9,isothermal,,,6.661052150016,27.434635162353516,0.0,True,False,48,C#CCCCC,mol_532ee0519201d73c,0.7329,0.926,0.9714973568916321,1.0261892080307007,35.43795394897461,CCCOC(C)=O,mol_67043ae833ecd0c7,0.2671,0.074,0.02850261889398098,1.2660853862762451,2.3123152256011963,,,,,,,,False
state_aa252afdbf060e33cf7e8083,2c_007e04d60827397d74ab,2,binary_vle_english.xlsx,10.1016/j.fluid.2013.09.056,unverified,0.5,isothermal,0.8333333333333334,isothermal,,,463.400020181248,149.7724609375,0.0,True,False,48,FC(C(F)(F)F)C(F)(F)F,mol_6b18cff9be152ebc,0.6762,0.5902000000000001,0.08991467207670212,1.0048085451126099,19.820018768310547,FCC(F)(F)F,mol_28a5ef315edd1f58,0.3238,0.4098,0.9100853800773621,1.072148323059082,392.6289978027344,,,,,,,,False
state_aa54b754b5b91e396cac4595,2c_61ebe4a2edff80d5fa4f,2,binary_vle_english.xlsx,10.1016/j.fluid.2009.01.016,unverified,0.5,isothermal,0.9,isothermal,,,12.129935685376,12.103828430175781,-9.5367431640625e-07,True,False,48,CC(=O)C(C)(C)C,mol_61a887e37d396488,1.0,1.0,1.0,1.0,12.103827476501465,CC(C)(C)CO,mol_dfb42f12fdc989ed,0.0,0.0,0.0,1.416771411895752,13.072450637817383,,,,,,,,True
state_aa71914166724a4e84395759,2c_679d20c0c097df83b478,2,binary_vle_english.xlsx,10.1016/j.fluid.2010.10.022,unverified,0.5,isothermal,0.9,isothermal,,,8.422373953664,35.437957763671875,-3.814697265625e-06,True,False,48,C#CCCCC,mol_532ee0519201d73c,1.0,1.0,1.0,1.0,35.43795394897461,CCCOC(C)=O,mol_67043ae833ecd0c7,0.0,0.0,0.0,1.5552257299423218,2.3123152256011963,,,,,,,,False
state_aaa4ccd2b80521ac1487d42e,2c_e87fea44a6b8ad1299a3,2,binary_vle_english.xlsx,10.1016/j.fluid.2010.03.001,unverified,0.5,isothermal,0.9444444444444444,isothermal,,,2.299944170368,2.1699705123901367,0.0,True,False,48,C=C(C)[C@H]1CC=C(C)CC1,mol_768bd4f5442f0a79,0.0,0.0,0.0,2.353034734725952,7.326514720916748,CCCCCO,mol_243de2450bee5519,1.0,1.0,1.0,1.0,2.1699705123901367,,,,,,,,False
state_aaca661cee43d26815ffe2b5,2c_200d73d6cf44caf265a9,2,binary_vle_english.xlsx,10.1016/j.fluid.2010.10.022,unverified,0.5,isothermal,0.8888888888888888,isothermal,,,15.154886892928001,89.10636901855469,-1.52587890625e-05,True,False,48,CCC#CCC,mol_7f5d60b87bc7cd44,0.3591,0.5797,0.9206361770629883,1.285979151725769,177.6427001953125,CCCOC(C)=O,mol_67043ae833ecd0c7,0.6409,0.4203,0.0793638527393341,1.0806260108947754,10.210939407348633,,,,,,,,False
state_aaf55558baa1ee2dc9304df6,2c_ab02ff6614bbff27b5cc,2,binary_vle_english.xlsx,10.1016/j.fluid.2015.08.008,unverified,0.5,isothermal,0.9444444444444444,isothermal,,,0.099991776,1.2127912044525146,0.0,True,False,48,C1CN=C2CCCN2C1,mol_b2e98fe3254a8c98,1.0,1.0,1.0,1.0,1.2127912044525146,O,mol_e81dc06beaa39499,0.0,0.0,0.0,1.068872332572937,17.821937561035156,,,,,,,,False
state_ab235432552ab4196cd7910d,2c_200d73d6cf44caf265a9,2,binary_vle_english.xlsx,10.1016/j.fluid.2010.10.022,unverified,0.5,isothermal,0.8888888888888888,isothermal,,,2.364605518848,41.508033752441406,-3.814697265625e-06,True,False,48,CCC#CCC,mol_7f5d60b87bc7cd44,0.6247,0.8258,0.9850538969039917,1.074651837348938,60.90497970581055,CCCOC(C)=O,mol_67043ae833ecd0c7,0.3753,0.1742,0.014946126379072666,1.2610338926315308,1.3108574151992798,,,,,,,,False
state_aba019415928a52b2ba78aa1,2c_ab02ff6614bbff27b5cc,2,binary_vle_english.xlsx,10.1016/j.fluid.2015.08.008,unverified,0.5,isothermal,0.8181818181818182,isothermal,,,40.00004345919999,38.50867462158203,-3.814697265625e-06,True,False,48,C1CN=C2CCCN2C1,mol_b2e98fe3254a8c98,0.03269999999999995,0.0,0.007274827919900417,3.025432586669922,2.8316922187805176,O,mol_e81dc06beaa39499,0.9673,1.0,0.9927251935005188,1.0028070211410522,39.41023254394531,,,,,,,,False
state_abab82df88fba094e3cef983,2c_6b00d1757b554f4dca5e,2,binary_vle_english.xlsx,10.1016/j.fluid.2009.01.016,unverified,0.5,isothermal,0.8888888888888888,isothermal,,,87.909969689472,89.42272186279297,0.0,True,False,48,CC(C)(C)CO,mol_dfb42f12fdc989ed,0.4737,0.08850000000000002,0.18949942290782928,1.1205388307571411,31.924604415893555,COC(C)(C)C,mol_b614d6fea320c179,0.5263,0.9115,0.8105005621910095,1.1550017595291138,119.22989654541016,,,,,,,,True
state_ac5628bedbd6b7fb49f640b8,2c_e87fea44a6b8ad1299a3,2,binary_vle_english.xlsx,10.1016/j.fluid.2010.03.001,unverified,0.5,isothermal,0.9444444444444444,isothermal,,,2.309943347968,7.286259651184082,-4.76837158203125e-07,True,False,48,C=C(C)[C@H]1CC=C(C)CC1,mol_768bd4f5442f0a79,0.727,0.398,0.8455570936203003,1.1566866636276245,7.326514720916748,CCCCCO,mol_243de2450bee5519,0.273,0.602,0.1544428914785385,1.8995732069015503,2.1699705123901367,,,,,,,,False
state_ad1f42fd71b2f764fb61f32f,2c_01fbe79446fb7e5c19eb,2,binary_vle_english.xlsx,10.1016/j.jct.2006.01.010,unverified,0.5,isothermal,0.9473684210526315,isothermal,,,9.720000561408,9.98924446105957,-9.5367431640625e-07,True,False,48,ClC(Cl)C(Cl)Cl,mol_a1518926d4831a12,0.23050000000000004,0.06879999999999997,0.07704345881938934,0.56260746717453,5.934607028961182,O=C1CCCC1,mol_e42ea752b52da6b7,0.7695,0.9312,0.9229565858840942,0.9364382028579712,12.794581413269043,,,,,,,,False
state_ad7076c7fda70c269feab659,2c_26b0c25a9dccaa9e1115,2,binary_vle_english.xlsx,10.1016/j.fluid.2016.01.027,unverified,0.5,isothermal,0.9090909090909091,isothermal,,,181.300021993216,125.23054504394531,0.0,True,False,48,C=C(Cl)C(F)(F)F,mol_41055367d2729aad,0.189,0.198,0.484778493642807,1.0359762907028198,310.0573425292969,CC(F)(Cl)C(F)(F)F,mol_c4c59740db0baaf4,0.8109999999999999,0.802,0.5152214765548706,1.0001500844955444,79.54597473144531,,,,,,,,True
state_adb5c39e27e6c480286e3d2e,2c_635bd51c750eee04b7c9,2,binary_vle_english.xlsx,10.1016/j.fluid.2006.10.023,unverified,0.5,isothermal,0.9230769230769231,isothermal,,,366.000031015168,79.90167236328125,-7.62939453125e-06,True,False,48,C1CC1,mol_5b0fb88d8ed110b0,0.9785,0.9342,0.8465031981468201,1.0006043910980225,69.08141326904297,FCC(F)(F)F,mol_28a5ef315edd1f58,0.021499999999999964,0.06579999999999997,0.15349678695201874,2.6803359985351562,212.8273468017578,,,,,,,,False
state_ade5d5951264b8cfb6266862,2c_f481f8e2e3c46fec24b0,2,binary_vle_english.xlsx,10.1016/j.fluid.2012.11.008,unverified,0.5,isothermal,0.8888888888888888,isothermal,,,285.799960544768,392.9365234375,0.0,True,False,48,CCC(C)(C)OC,mol_25226214deaceb17,1.0,1.0,1.0,1.0,392.9365234375,CCO,mol_f29e20f49d416e54,0.0,0.0,0.0,5.051575660705566,487.7212219238281,,,,,,,,False
state_ae41bbd4bc173f9e8b8d644e,3c_a6f39dd395c2cfcf800d,3,ternary_vle_english.xlsx,10.1016/j.fluid.2009.01.016,unverified,0.5,isothermal,0.9333333333333333,isothermal,,,10.700053288576001,13.297052383422852,0.0,True,False,48,CC(=O)C(C)(C)C,mol_61a887e37d396488,0.6802,0.7989,0.6483233571052551,1.0470988750457764,12.103827476501465,CC(C)(C)CO,mol_dfb42f12fdc989ed,0.31679999999999997,0.1795,0.33339932560920715,1.0704784393310547,13.072450637817383,COC(C)(C)C,mol_b614d6fea320c179,0.003,0.0216,0.018277274444699287,1.2702115774154663,63.777793884277344,True
state_aeb50fb9fc186cf418c696e1,2c_9478a219a5c540597926,2,binary_vle_english.xlsx,10.1016/j.fluid.2009.01.016,unverified,0.5,isothermal,0.9444444444444444,isothermal,,,85.850005781504,73.84910583496094,0.0,True,False,48,CC(=O)C(C)(C)C,mol_61a887e37d396488,0.26339999999999997,0.06699999999999995,0.0843069925904274,1.3010282516479492,18.16796875,COC(C)(C)C,mol_b614d6fea320c179,0.7366,0.933,0.9156929850578308,1.0428436994552612,88.0327377319336,,,,,,,,True
state_af39a3626ccbe737eea7ee3a,2c_fcb25ad973d4e5c4a4fe,2,binary_vle_english.xlsx,10.1016/j.fluid.2010.10.022,unverified,0.5,isothermal,0.875,isothermal,,,1.313625291904,9.155818939208984,-9.5367431640625e-07,True,False,48,CC#CCCC,mol_a64b37cfa024f8e7,0.15649999999999997,0.35409999999999997,0.877130925655365,1.4055731296539307,36.50848388671875,CCCOC(C)=O,mol_67043ae833ecd0c7,0.8435,0.6459,0.12286907434463501,1.0174174308776855,1.3108574151992798,,,,,,,,False
state_af6aaccff83bd0d02b2fba3d,2c_68327a02527de440bdc0,2,binary_vle_english.xlsx,10.1016/j.fluid.2015.10.041,unverified,0.5,isothermal,0.9,isothermal,,,24.300001403519996,19.708511352539062,-1.9073486328125e-06,True,False,48,CCCCCO,mol_243de2450bee5519,1.0,1.0,1.0,1.0,19.70850944519043,CCCCCS,mol_22ade86f58436479,0.0,0.0,0.0,3.3524391651153564,60.99862289428711,,,,,,,,False
state_b0ab88ff84577cbf857f4aee,2c_ecb2aa3282976dc883b8,2,binary_vle_english.xlsx,10.1016/j.fluid.2017.04.014,unverified,0.5,isothermal,0.9523809523809523,isothermal,,,54.990010582912,46.31617736816406,0.0,True,False,48,CC(C)CC(C)(C)C,mol_57615b5c3546c298,0.31599999999999995,0.09999999999999998,0.11450963467359543,1.095560073852539,15.319740295410156,COC(C)(C)C,mol_b614d6fea320c179,0.684,0.9,0.885490357875824,1.0017995834350586,59.85212707519531,,,,,,,,False
state_b0ea2ed90598f3a3786e6a81,2c_01fbe79446fb7e5c19eb,2,binary_vle_english.xlsx,10.1016/j.jct.2006.01.010,unverified,0.5,isothermal,0.9473684210526315,isothermal,,,10.229958619007999,9.694572448730469,0.0,True,False,48,ClC(Cl)C(Cl)Cl,mol_a1518926d4831a12,0.6554,0.6108,0.5602394342422485,0.918267548084259,9.02457332611084,O=C1CCCC1,mol_e42ea752b52da6b7,0.3446,0.3892,0.43976062536239624,0.6476886868476868,19.101322174072266,,,,,,,,False
state_b169a17af12b042f29a12dfb,2c_ab02ff6614bbff27b5cc,2,binary_vle_english.xlsx,10.1016/j.fluid.2015.08.008,unverified,0.5,isothermal,0.8,isothermal,,,9.100051550208,10.542194366455078,0.0,True,False,48,C1CN=C2CCCN2C1,mol_b2e98fe3254a8c98,0.12749999999999995,0.00019999999999997797,0.01307644136250019,1.3948687314987183,0.7751344442367554,O,mol_e81dc06beaa39499,0.8725,0.9998,0.9869235157966614,1.017281174659729,11.722171783447266,,,,,,,,False
state_b21b846bfca86e2ebb34756b,2c_01fbe79446fb7e5c19eb,2,binary_vle_english.xlsx,10.1016/j.jct.2006.01.010,unverified,0.5,isothermal,0.9473684210526315,isothermal,,,15.360070017279998,14.240625381469727,0.0,True,False,48,ClC(Cl)C(Cl)Cl,mol_a1518926d4831a12,0.7259,0.7147,0.6553004384040833,0.9586421847343445,13.410229682922363,O=C1CCCC1,mol_e42ea752b52da6b7,0.2741,0.2853,0.34469956159591675,0.6420150399208069,27.894306182861328,,,,,,,,False
state_b24a8bfae5cba56eff03c54b,2c_9478a219a5c540597926,2,binary_vle_english.xlsx,10.1016/j.fluid.2009.01.016,unverified,0.5,isothermal,0.9411764705882353,isothermal,,,12.250059138944,12.318220138549805,0.0,True,False,48,CC(=O)C(C)(C)C,mol_61a887e37d396488,0.9971,0.9815,0.9797489643096924,1.0000030994415283,12.103827476501465,COC(C)(C)C,mol_b614d6fea320c179,0.0029,0.0185,0.02025098353624344,1.348734974861145,63.777793884277344,,,,,,,,True
state_b24f54d4b18386725ab49aca,2c_ab02ff6614bbff27b5cc,2,binary_vle_english.xlsx,10.1016/j.fluid.2015.08.008,unverified,0.5,isothermal,0.9444444444444444,isothermal,,,11.100020392576,14.78260612487793,-9.5367431640625e-07,True,False,48,C1CN=C2CCCN2C1,mol_b2e98fe3254a8c98,0.23470000000000002,0.0010000000000000009,0.025875328108668327,1.3438096046447754,1.2127912044525146,O,mol_e81dc06beaa39499,0.7653,0.999,0.9741246700286865,1.055793285369873,17.821937561035156,,,,,,,,False
state_b28e2e9f3e2131138264e762,2c_200d73d6cf44caf265a9,2,binary_vle_english.xlsx,10.1016/j.fluid.2010.10.022,unverified,0.5,isothermal,0.8888888888888888,isothermal,,,1.369487364096,13.648584365844727,0.0,True,False,48,CCC#CCC,mol_7f5d60b87bc7cd44,0.13549999999999995,0.363,0.9157822132110596,1.5145643949508667,60.90497970581055,CCCOC(C)=O,mol_67043ae833ecd0c7,0.8645,0.637,0.08421777188777924,1.0143104791641235,1.3108574151992798,,,,,,,,False
state_b2bfb39f61ade6cf2be64af7,2c_26b0c25a9dccaa9e1115,2,binary_vle_english.xlsx,10.1016/j.fluid.2016.01.027,unverified,0.5,isothermal,0.9090909090909091,isothermal,,,332.00002740544,250.06637573242188,1.52587890625e-05,True,False,48,C=C(Cl)C(F)(F)F,mol_41055367d2729aad,0.189,0.192,0.4714222252368927,1.1707236766815186,532.7815551757812,CC(F)(Cl)C(F)(F)F,mol_c4c59740db0baaf4,0.8109999999999999,0.808,0.5285777449607849,1.005636215209961,162.0699462890625,,,,,,,,True
state_b2e926126768d108639ef9ce,2c_ecb2aa3282976dc883b8,2,binary_vle_english.xlsx,10.1016/j.fluid.2017.04.014,unverified,0.5,isothermal,0.9523809523809523,isothermal,,,29.649961386624,25.799842834472656,0.0,True,False,48,CC(C)CC(C)(C)C,mol_57615b5c3546c298,0.782,0.42000000000000004,0.46925774216651917,1.010579228401184,15.319740295410156,COC(C)(C)C,mol_b614d6fea320c179,0.218,0.58,0.5307422280311584,1.0494569540023804,59.85212707519531,,,,,,,,False
state_b3118eebdc6cbf739de19ab7,2c_679d20c0c097df83b478,2,binary_vle_english.xlsx,10.1016/j.fluid.2010.10.022,unverified,0.5,isothermal,0.9,isothermal,,,11.418394207359999,33.61863708496094,0.0,True,False,48,C#CCCCC,mol_532ee0519201d73c,0.35950000000000004,0.6706,0.8696942329406738,1.1934411525726318,68.14701080322266,CCCOC(C)=O,mol_67043ae833ecd0c7,0.6405,0.3294,0.13030581176280975,1.0636059045791626,6.4304890632629395,,,,,,,,False
state_b365fef422be61b363032f53,2c_679d20c0c097df83b478,2,binary_vle_english.xlsx,10.1016/j.fluid.2010.10.022,unverified,0.5,isothermal,0.9,isothermal,,,52.145311216896,116.31578063964844,0.0,True,False,48,C#CCCCC,mol_532ee0519201d73c,0.6242,0.83,0.9104501605033875,1.081651210784912,156.84974670410156,CCCOC(C)=O,mol_67043ae833ecd0c7,0.3758,0.17,0.08954983949661255,1.1700539588928223,23.688674926757812,,,,,,,,False
state_b3e4ef8a576487a0f323063c,2c_679d20c0c097df83b478,2,binary_vle_english.xlsx,10.1016/j.fluid.2010.10.022,unverified,0.5,isothermal,0.9,isothermal,,,39.738331650816,97.84326171875,0.0,True,False,48,C#CCCCC,mol_532ee0519201d73c,0.7329,0.8966,0.9458301663398743,1.044782280921936,120.85748291015625,CCCOC(C)=O,mol_67043ae833ecd0c7,0.2671,0.1034,0.05416988953948021,1.2593804597854614,15.75643539428711,,,,,,,,False
state_b4140b91cf6962fc16af63ae,2c_3718df32cb8e1a8658b3,2,binary_vle_english.xlsx,10.1016/j.fluid.2010.03.022,passed,1.0,isothermal,0.9333333333333333,isothermal,,,67.870017910656,67.61930847167969,0.0,True,False,48,C1CCSC1,mol_e61c7ae663276e1e,0.693,0.509,0.4865157902240753,1.017683744430542,46.64677047729492,C=C(C)CC(C)(C)C,mol_c01ea75a8687ed16,0.30700000000000005,0.491,0.5134841799736023,1.0823873281478882,104.490478515625,,,,,,,,False
state_b43c9c3b3fec46507c439ea6,3c_a6f39dd395c2cfcf800d,3,ternary_vle_english.xlsx,10.1016/j.fluid.2009.01.016,unverified,0.5,isothermal,0.95,isothermal,,,15.91002478528,22.352909088134766,-1.9073486328125e-06,True,False,48,CC(=O)C(C)(C)C,mol_61a887e37d396488,0.4468,0.5704,0.41150322556495667,1.1331508159637451,18.16796875,CC(C)(C)CO,mol_dfb42f12fdc989ed,0.5386,0.3232999999999999,0.5141429901123047,1.0304696559906006,20.706960678100586,COC(C)(C)C,mol_b614d6fea320c179,0.0146,0.1063,0.07435376197099686,1.2931231260299683,88.0327377319336,True
state_b4419ae1a78ae9f48fa1b7c0,2c_200d73d6cf44caf265a9,2,binary_vle_english.xlsx,10.1016/j.fluid.2010.10.022,unverified,0.5,isothermal,0.8888888888888888,isothermal,,,9.551347765888,68.46296691894531,-7.62939453125e-06,True,False,48,CCC#CCC,mol_7f5d60b87bc7cd44,0.3591,0.5933999999999999,0.9348127245903015,1.2768489122390747,139.58070373535156,CCCOC(C)=O,mol_67043ae833ecd0c7,0.6409,0.4066,0.06518731266260147,1.0828903913497925,6.4304890632629395,,,,,,,,False
state_b4771d2af8c4bb75064e61af,2c_200d73d6cf44caf265a9,2,binary_vle_english.xlsx,10.1016/j.fluid.2010.10.022,unverified,0.5,isothermal,0.8888888888888888,isothermal,,,34.280647194367994,222.73486328125,0.0,True,False,48,CCC#CCC,mol_7f5d60b87bc7cd44,1.0,1.0,1.0,1.0,222.73486328125,CCCOC(C)=O,mol_67043ae833ecd0c7,0.0,0.0,0.0,2.204195022583008,15.75643539428711,,,,,,,,False
state_b545fb54741c41f145293859,2c_007e04d60827397d74ab,2,binary_vle_english.xlsx,10.1016/j.fluid.2013.09.056,unverified,0.5,isothermal,0.8333333333333334,isothermal,,,387.999954925952,19.820018768310547,0.0,True,False,48,FC(C(F)(F)F)C(F)(F)F,mol_6b18cff9be152ebc,1.0,1.0,1.0,1.0,19.820018768310547,FCC(F)(F)F,mol_28a5ef315edd1f58,0.0,0.0,0.0,0.5941957831382751,392.6289978027344,,,,,,,,False
state_b5503c487f2ebbbfb8abcfd6,3c_a6f39dd395c2cfcf800d,3,ternary_vle_english.xlsx,10.1016/j.fluid.2009.01.016,unverified,0.5,isothermal,0.9333333333333333,isothermal,,,43.150051047935996,40.968955993652344,0.0,True,False,48,CC(=O)C(C)(C)C,mol_61a887e37d396488,0.3901,0.1266,0.1316443532705307,1.1422429084777832,12.103827476501465,CC(C)(C)CO,mol_dfb42f12fdc989ed,0.1461,0.02320000000000011,0.05869323015213013,1.2590289115905762,13.072450637817383,COC(C)(C)C,mol_b614d6fea320c179,0.4638,0.8502,0.809662401676178,1.1213949918746948,63.777793884277344,True
state_b570317a5a3de7c570fd45d2,2c_ab02ff6614bbff27b5cc,2,binary_vle_english.xlsx,10.1016/j.fluid.2015.08.008,unverified,0.5,isothermal,0.8,isothermal,,,11.599979272576,11.37405014038086,-9.5367431640625e-07,True,False,48,C1CN=C2CCCN2C1,mol_b2e98fe3254a8c98,0.035599999999999965,0.0,0.004203171003609896,1.732467770576477,0.7751344442367554,O,mol_e81dc06beaa39499,0.9644,1.0,0.9957968592643738,1.0018912553787231,11.722171783447266,,,,,,,,False
state_b5a9a48c2e525d6da527c1ed,2c_6b00d1757b554f4dca5e,2,binary_vle_english.xlsx,10.1016/j.fluid.2009.01.016,unverified,0.5,isothermal,0.8888888888888888,isothermal,,,94.479962662144,93.91374206542969,0.0,True,False,48,CC(C)(C)CO,mol_dfb42f12fdc989ed,0.4151,0.07469999999999999,0.16383333504199982,1.1610559225082397,31.924604415893555,COC(C)(C)C,mol_b614d6fea320c179,0.5849,0.9253,0.8361666798591614,1.1260435581207275,119.22989654541016,,,,,,,,True
state_b5b5e67845fccea9ba464629,2c_ab02ff6614bbff27b5cc,2,binary_vle_english.xlsx,10.1016/j.fluid.2015.08.008,unverified,0.5,isothermal,0.8571428571428571,isothermal,,,0.900059306368,6.359775543212891,0.0,True,False,48,C1CN=C2CCCN2C1,mol_b2e98fe3254a8c98,0.938,0.399,0.41871681809425354,1.0030018091201782,2.8304638862609863,O,mol_e81dc06beaa39499,0.062,0.601,0.5812831521034241,1.5135796070098877,39.39422607421875,,,,,,,,False
state_b608e04d25740050802741ac,2c_e87fea44a6b8ad1299a3,2,binary_vle_english.xlsx,10.1016/j.fluid.2010.03.001,unverified,0.5,isothermal,0.9444444444444444,isothermal,,,4.260049624704,10.076141357421875,0.0,True,False,48,C=C(C)[C@H]1CC=C(C)CC1,mol_768bd4f5442f0a79,0.657,0.35,0.7907333970069885,1.239403486251831,9.784671783447266,CCCCCO,mol_243de2450bee5519,0.343,0.65,0.20926660299301147,1.642176866531372,3.7435200214385986,,,,,,,,False
state_b60a97a4952702de03d9578c,2c_fcb25ad973d4e5c4a4fe,2,binary_vle_english.xlsx,10.1016/j.fluid.2010.10.022,unverified,0.5,isothermal,0.875,isothermal,,,18.099978002047997,47.45191955566406,-3.814697265625e-06,True,False,48,CC#CCCC,mol_a64b37cfa024f8e7,0.15649999999999997,0.2882,0.7159699201583862,1.4480513334274292,149.91677856445312,CCCOC(C)=O,mol_67043ae833ecd0c7,0.8435,0.7118,0.28403010964393616,1.0140866041183472,15.75643539428711,,,,,,,,False
state_b63a22aa4e0d1d934ab4e7c4,2c_a894ec22c70022e7cf39,2,binary_vle_english.xlsx,10.1016/j.jct.2009.04.006,unverified,0.5,isothermal,0.9333333333333333,isothermal,,,13.499956338944,10.093988418579102,0.0,True,False,48,CC(Cl)(Cl)Cl,mol_d8a2276bed4f13b6,0.795,0.99,0.9930597543716431,0.9525048136711121,13.237435340881348,O=C1CCCCC1,mol_09f0d60d139abab5,0.20499999999999996,0.010000000000000009,0.0069402907975018024,0.603748083114624,0.5660187602043152,,,,,,,,False
state_b661c42c83b83cbe254c5a40,2c_ab02ff6614bbff27b5cc,2,binary_vle_english.xlsx,10.1016/j.fluid.2015.08.008,unverified,0.5,isothermal,0.8,isothermal,,,25.999994917888,26.655052185058594,0.0,True,False,48,C1CN=C2CCCN2C1,mol_b2e98fe3254a8c98,0.08940000000000003,9.999999999998899e-05,0.0140040572732687,2.0932109355926514,1.9947245121002197,O,mol_e81dc06beaa39499,0.9106,0.9999,0.985995888710022,1.016546607017517,28.392244338989258,,,,,,,,False
state_b79fadffd9ff5e784e4f3046,2c_01fbe79446fb7e5c19eb,2,binary_vle_english.xlsx,10.1016/j.jct.2006.01.010,unverified,0.5,isothermal,0.9473684210526315,isothermal,,,16.579969684479998,16.49435806274414,-1.9073486328125e-06,True,False,48,ClC(Cl)C(Cl)Cl,mol_a1518926d4831a12,0.5197,0.37749999999999995,0.36432379484176636,0.8622515201568604,13.410229682922363,O=C1CCCC1,mol_e42ea752b52da6b7,0.4803,0.6225,0.6356762647628784,0.7826060652732849,27.894306182861328,,,,,,,,False
state_b8446f0011535bb4a2e49b78,2c_ab02ff6614bbff27b5cc,2,binary_vle_english.xlsx,10.1016/j.fluid.2015.08.008,unverified,0.5,isothermal,0.9444444444444444,isothermal,,,0.799934208,4.3927412033081055,0.0,True,False,48,C1CN=C2CCCN2C1,mol_b2e98fe3254a8c98,0.8469,0.13319999999999999,0.23778104782104492,1.0169384479522705,1.2127912044525146,O,mol_e81dc06beaa39499,0.1531,0.8668,0.7622188925743103,1.2271149158477783,17.821937561035156,,,,,,,,False
state_b88877e09a43e3686031620c,2c_679d20c0c097df83b478,2,binary_vle_english.xlsx,10.1016/j.fluid.2010.10.022,unverified,0.5,isothermal,0.9,isothermal,,,44.94430347648,98.327880859375,-7.62939453125e-06,True,False,48,C#CCCCC,mol_532ee0519201d73c,0.47219999999999995,0.7239,0.8608665466308594,1.1428853273391724,156.84974670410156,CCCOC(C)=O,mol_67043ae833ecd0c7,0.5278,0.2761,0.13913345336914062,1.0942033529281616,23.688674926757812,,,,,,,,False
state_b961d7748337b31d3e25a5f2,2c_007e04d60827397d74ab,2,binary_vle_english.xlsx,10.1016/j.fluid.2013.09.056,unverified,0.5,isothermal,0.8333333333333334,isothermal,,,441.19997939609596,105.296875,0.0,True,False,48,FC(C(F)(F)F)C(F)(F)F,mol_6b18cff9be152ebc,0.7772,0.7001999999999999,0.14612969756126404,0.9988888502120972,19.820018768310547,FCC(F)(F)F,mol_28a5ef315edd1f58,0.2228,0.2998,0.8538702726364136,1.02780282497406,392.6289978027344,,,,,,,,False
state_bab621036184d9b1fd54f3b4,2c_679d20c0c097df83b478,2,binary_vle_english.xlsx,10.1016/j.fluid.2010.10.022,unverified,0.5,isothermal,0.9,isothermal,,,88.874557021952,165.30026245117188,0.0,True,False,48,C#CCCCC,mol_532ee0519201d73c,0.47219999999999995,0.6978,0.8265211582183838,1.144805669784546,252.73753356933594,CCCOC(C)=O,mol_67043ae833ecd0c7,0.5278,0.3022,0.17347891628742218,1.087504267692566,49.95970153808594,,,,,,,,False
state_bb030f904110808c88cf567a,2c_a894ec22c70022e7cf39,2,binary_vle_english.xlsx,10.1016/j.jct.2009.04.006,unverified,0.5,isothermal,0.9333333333333333,isothermal,,,37.609973368064004,30.089168548583984,0.0,True,False,48,CC(Cl)(Cl)Cl,mol_d8a2276bed4f13b6,1.0,1.0,1.0,1.0,30.089168548583984,O=C1CCCCC1,mol_09f0d60d139abab5,0.0,0.0,0.0,0.5623995661735535,1.6716212034225464,,,,,,,,False
state_bb0ff7a45bb580409d00fccc,2c_01fbe79446fb7e5c19eb,2,binary_vle_english.xlsx,10.1016/j.jct.2006.01.010,unverified,0.5,isothermal,0.9473684210526315,isothermal,,,11.230009701376,9.024574279785156,-9.5367431640625e-07,True,False,48,ClC(Cl)C(Cl)Cl,mol_a1518926d4831a12,1.0,1.0,1.0,1.0,9.02457332611084,O=C1CCCC1,mol_e42ea752b52da6b7,0.0,0.0,0.0,0.4367595911026001,19.101322174072266,,,,,,,,False
state_bb23f2e799e20289a4224b4f,2c_9478a219a5c540597926,2,binary_vle_english.xlsx,10.1016/j.fluid.2009.01.016,unverified,0.5,isothermal,0.9444444444444444,isothermal,,,20.339927106816003,20.028411865234375,-1.9073486328125e-06,True,False,48,CC(=O)C(C)(C)C,mol_61a887e37d396488,0.9822,0.8952,0.8910562992095947,1.000104308128357,18.16796875,COC(C)(C)C,mol_b614d6fea320c179,0.0178,0.1048,0.1089436411857605,1.3924646377563477,88.0327377319336,,,,,,,,True
state_bcd377e3a6a408d1d488782d,2c_9478a219a5c540597926,2,binary_vle_english.xlsx,10.1016/j.fluid.2009.01.016,unverified,0.5,isothermal,0.9444444444444444,isothermal,,,49.45993208064,47.4267578125,0.0,True,False,48,CC(=O)C(C)(C)C,mol_61a887e37d396488,0.6818,0.26480000000000004,0.2710455358028412,1.0377728939056396,18.16796875,COC(C)(C)C,mol_b614d6fea320c179,0.3182,0.7352,0.7289544939994812,1.2341828346252441,88.0327377319336,,,,,,,,True
state_bcf7585396dca85b06362626,2c_e87fea44a6b8ad1299a3,2,binary_vle_english.xlsx,10.1016/j.fluid.2010.03.001,unverified,0.5,isothermal,0.9444444444444444,isothermal,,,1.440014896768,8.485252380371094,-9.5367431640625e-07,True,False,48,C=C(C)[C@H]1CC=C(C)CC1,mol_768bd4f5442f0a79,1.0,1.0,1.0,1.0,8.485251426696777,CCCCCO,mol_243de2450bee5519,0.0,0.0,0.0,5.174408912658691,2.8618323802948,,,,,,,,False
state_bd04c271211e57c92919acff,2c_fcb25ad973d4e5c4a4fe,2,binary_vle_english.xlsx,10.1016/j.fluid.2010.10.022,unverified,0.5,isothermal,0.875,isothermal,,,12.810146406912,90.10543823242188,-7.62939453125e-06,True,False,48,CC#CCCC,mol_a64b37cfa024f8e7,1.0,1.0,1.0,1.0,90.10543060302734,CCCOC(C)=O,mol_67043ae833ecd0c7,0.0,0.0,0.0,1.8767882585525513,6.4304890632629395,,,,,,,,False
state_be2da7698972c62ad351d506,2c_ab02ff6614bbff27b5cc,2,binary_vle_english.xlsx,10.1016/j.fluid.2015.08.008,unverified,0.5,isothermal,0.9,isothermal,,,9.999977534208,25.564300537109375,0.0,True,False,48,C1CN=C2CCCN2C1,mol_b2e98fe3254a8c98,0.5063,0.013900000000000023,0.0658676028251648,1.1744967699050903,2.8316922187805176,O,mol_e81dc06beaa39499,0.4937,0.9861,0.9341323971748352,1.2273551225662231,39.41023254394531,,,,,,,,False
state_bf1e900eebde6ce886207e1f,2c_e87fea44a6b8ad1299a3,2,binary_vle_english.xlsx,10.1016/j.fluid.2010.03.001,unverified,0.5,isothermal,0.9444444444444444,isothermal,,,3.140008411136,8.601125717163086,0.0,True,False,48,C=C(C)[C@H]1CC=C(C)CC1,mol_768bd4f5442f0a79,0.7090000000000001,0.376,0.822911262512207,1.176514744758606,8.485251426696777,CCCCCO,mol_243de2450bee5519,0.291,0.624,0.1770886927843094,1.8289798498153687,2.8618323802948,,,,,,,,False
state_bf5a1cc2f8d716468edff486,2c_68327a02527de440bdc0,2,binary_vle_english.xlsx,10.1016/j.fluid.2015.10.041,unverified,0.5,isothermal,0.9,isothermal,,,46.099941762304,62.746437072753906,0.0,True,False,48,CCCCCO,mol_243de2450bee5519,0.05800000000000005,0.07499999999999996,0.0764194130897522,4.194797515869141,19.70850944519043,CCCCCS,mol_22ade86f58436479,0.942,0.925,0.9235805869102478,1.0085395574569702,60.99862289428711,,,,,,,,False
state_bf62123b6a972b305de7ad00,2c_200d73d6cf44caf265a9,2,binary_vle_english.xlsx,10.1016/j.fluid.2010.10.022,unverified,0.5,isothermal,0.8888888888888888,isothermal,,,23.239955255551997,114.33880615234375,0.0,True,False,48,CCC#CCC,mol_7f5d60b87bc7cd44,0.3591,0.5667,0.9047468900680542,1.2933531999588013,222.73486328125,CCCOC(C)=O,mol_67043ae833ecd0c7,0.6409,0.4333,0.095253124833107,1.078511118888855,15.75643539428711,,,,,,,,False
state_bff0989a235eb7c4756fffea,2c_679d20c0c097df83b478,2,binary_vle_english.xlsx,10.1016/j.fluid.2010.10.022,unverified,0.5,isothermal,0.9,isothermal,,,149.69715456012798,265.58050537109375,0.0,True,False,48,C#CCCCC,mol_532ee0519201d73c,0.7329,0.8688,0.9123092889785767,1.0509662628173828,314.5609436035156,CCCOC(C)=O,mol_67043ae833ecd0c7,0.2671,0.1312,0.08769065141677856,1.2393739223480225,70.35147857666016,,,,,,,,False
state_c00aed8f8991c31854ccdbd5,2c_679d20c0c097df83b478,2,binary_vle_english.xlsx,10.1016/j.fluid.2010.10.022,unverified,0.5,isothermal,0.9,isothermal,,,101.643373494784,192.97402954101562,0.0,True,False,48,C#CCCCC,mol_532ee0519201d73c,0.6242,0.8107,0.8871281147003174,1.0851547718048096,252.73753356933594,CCCOC(C)=O,mol_67043ae833ecd0c7,0.3758,0.1893,0.11287189275026321,1.160133719444275,49.95970153808594,,,,,,,,False
state_c031c5d9796c4cf02735c466,2c_e87fea44a6b8ad1299a3,2,binary_vle_english.xlsx,10.1016/j.fluid.2010.03.001,unverified,0.5,isothermal,0.9444444444444444,isothermal,,,2.480062689536,6.258109092712402,0.0,True,False,48,C=C(C)[C@H]1CC=C(C)CC1,mol_768bd4f5442f0a79,0.378,0.30400000000000005,0.7560702562332153,1.7085041999816895,7.326514720916748,CCCCCO,mol_243de2450bee5519,0.622,0.696,0.2439296841621399,1.1310025453567505,2.1699705123901367,,,,,,,,False
state_c03ae323a9cee890c647351c,2c_200d73d6cf44caf265a9,2,binary_vle_english.xlsx,10.1016/j.fluid.2010.10.022,unverified,0.5,isothermal,0.8888888888888888,isothermal,,,40.991828554752,102.04183959960938,0.0,True,False,48,CCC#CCC,mol_7f5d60b87bc7cd44,0.13549999999999995,0.2631,0.702026903629303,1.5707263946533203,336.5830078125,CCCOC(C)=O,mol_67043ae833ecd0c7,0.8645,0.7369,0.2979731261730194,1.0113186836242676,34.7778205871582,,,,,,,,False
state_c04a06fdf32fb3872ca84876,2c_fcb25ad973d4e5c4a4fe,2,binary_vle_english.xlsx,10.1016/j.fluid.2010.10.022,unverified,0.5,isothermal,0.875,isothermal,,,57.525002088064,107.80642700195312,0.0,True,False,48,CC#CCCC,mol_a64b37cfa024f8e7,0.15649999999999997,0.2622,0.6040705442428589,1.4410356283187866,288.76416015625,CCCOC(C)=O,mol_67043ae833ecd0c7,0.8435,0.7378,0.3959294855594635,1.0128790140151978,49.95970153808594,,,,,,,,False
state_c0d21486f2ae4b02e5cc7fb7,2c_ab02ff6614bbff27b5cc,2,binary_vle_english.xlsx,10.1016/j.fluid.2015.08.008,unverified,0.5,isothermal,0.8571428571428571,isothermal,,,2.900028148736,13.837915420532227,0.0,True,False,48,C1CN=C2CCCN2C1,mol_b2e98fe3254a8c98,0.7982,0.11699999999999999,0.16851045191287994,1.0321152210235596,2.8304638862609863,O,mol_e81dc06beaa39499,0.2018,0.883,0.8314895033836365,1.4473505020141602,39.39422607421875,,,,,,,,False
state_c0d2870233ed547c4b1bd166,2c_200d73d6cf44caf265a9,2,binary_vle_english.xlsx,10.1016/j.fluid.2010.10.022,unverified,0.5,isothermal,0.8888888888888888,isothermal,,,14.478942487168,139.5806884765625,1.52587890625e-05,True,False,48,CCC#CCC,mol_7f5d60b87bc7cd44,1.0,1.0,1.0,1.0,139.58070373535156,CCCOC(C)=O,mol_67043ae833ecd0c7,0.0,0.0,0.0,2.0888829231262207,6.4304890632629395,,,,,,,,False
state_c0d90c2751a78ba103d30e45,2c_679d20c0c097df83b478,2,binary_vle_english.xlsx,10.1016/j.fluid.2010.10.022,unverified,0.5,isothermal,0.9,isothermal,,,1.006050588928,1.3108575344085693,-1.1920928955078125e-07,True,False,48,C#CCCCC,mol_532ee0519201d73c,0.0,0.0,0.0,1.5007219314575195,24.653852462768555,CCCOC(C)=O,mol_67043ae833ecd0c7,1.0,1.0,1.0,1.0,1.3108574151992798,,,,,,,,False
state_c189bb5d8c79ab8b3c837bd7,2c_61ebe4a2edff80d5fa4f,2,binary_vle_english.xlsx,10.1016/j.fluid.2009.01.016,unverified,0.5,isothermal,0.9090909090909091,isothermal,,,15.429930938112,20.886699676513672,-1.9073486328125e-06,True,False,48,CC(=O)C(C)(C)C,mol_61a887e37d396488,0.5709,0.7281,0.544743001461029,1.0969706773757935,18.16796875,CC(C)(C)CO,mol_dfb42f12fdc989ed,0.42910000000000004,0.27190000000000003,0.45525696873664856,1.0701669454574585,20.706960678100586,,,,,,,,True
state_c193796c439094d69fb39571,3c_a6f39dd395c2cfcf800d,3,ternary_vle_english.xlsx,10.1016/j.fluid.2009.01.016,unverified,0.5,isothermal,0.9333333333333333,isothermal,,,42.319985984767996,41.20648193359375,-3.814697265625e-06,True,False,48,CC(=O)C(C)(C)C,mol_61a887e37d396488,0.1953,0.0656,0.07232276350259781,1.2607110738754272,12.103827476501465,CC(C)(C)CO,mol_dfb42f12fdc989ed,0.3386,0.04600000000000004,0.12030418962240219,1.1199594736099243,13.072450637817383,COC(C)(C)C,mol_b614d6fea320c179,0.4661,0.8884,0.807373046875,1.119157314300537,63.777793884277344,True
state_c1a3e63360479a61403ccd94,2c_01fbe79446fb7e5c19eb,2,binary_vle_english.xlsx,10.1016/j.jct.2006.01.010,unverified,0.5,isothermal,0.9473684210526315,isothermal,,,6.629988038272,5.871366500854492,0.0,True,False,48,ClC(Cl)C(Cl)Cl,mol_a1518926d4831a12,0.7831,0.8110999999999999,0.7623458504676819,0.963123619556427,5.934607028961182,O=C1CCCC1,mol_e42ea752b52da6b7,0.2169,0.1889,0.23765413463115692,0.5028042197227478,12.794581413269043,,,,,,,,False
state_c1bc18874383d6c10675d520,2c_a894ec22c70022e7cf39,2,binary_vle_english.xlsx,10.1016/j.jct.2009.04.006,unverified,0.5,isothermal,0.9333333333333333,isothermal,,,7.5100489894399995,3.762709140777588,0.0,True,False,48,CC(Cl)(Cl)Cl,mol_d8a2276bed4f13b6,0.271,0.886,0.8177875280380249,0.5614079833030701,20.225221633911133,O=C1CCCCC1,mol_09f0d60d139abab5,0.729,0.11399999999999999,0.18221241235733032,0.9500262141227722,0.9899551868438721,,,,,,,,False
state_c1c16a29565207a68808c240,2c_fcb25ad973d4e5c4a4fe,2,binary_vle_english.xlsx,10.1016/j.fluid.2010.10.022,unverified,0.5,isothermal,0.875,isothermal,,,14.055110679296,60.368919372558594,0.0,True,False,48,CC#CCCC,mol_a64b37cfa024f8e7,0.3709,0.5599000000000001,0.8856168389320374,1.2301883697509766,117.17388153076172,CCCOC(C)=O,mol_67043ae833ecd0c7,0.6291,0.4401,0.11438316106796265,1.0749545097351074,10.210939407348633,,,,,,,,False
state_c23d8c5e94a570f70c87b86b,2c_635bd51c750eee04b7c9,2,binary_vle_english.xlsx,10.1016/j.fluid.2006.10.023,unverified,0.5,isothermal,0.9230769230769231,isothermal,,,220.699981474048,83.63665771484375,-7.62939453125e-06,True,False,48,C1CC1,mol_5b0fb88d8ed110b0,0.5044,0.5797,0.23258854448795319,1.2822012901306152,30.078325271606445,FCC(F)(F)F,mol_28a5ef315edd1f58,0.49560000000000004,0.4203,0.767411470413208,1.236642599105835,104.72477722167969,,,,,,,,False
state_c2865a327ceb7a360aa18aab,3c_a6f39dd395c2cfcf800d,3,ternary_vle_english.xlsx,10.1016/j.fluid.2009.01.016,unverified,0.5,isothermal,0.95,isothermal,,,37.539979124864,39.827964782714844,-3.814697265625e-06,True,False,48,CC(=O)C(C)(C)C,mol_61a887e37d396488,0.5693,0.3052,0.27678391337394714,1.0658137798309326,18.16796875,CC(C)(C)CO,mol_dfb42f12fdc989ed,0.2207,0.06530000000000002,0.14027009904384613,1.2224594354629517,20.706960678100586,COC(C)(C)C,mol_b614d6fea320c179,0.21,0.6295,0.5829460024833679,1.2558937072753906,88.0327377319336,True
state_c2945d4a133d622628d7cbf0,2c_200d73d6cf44caf265a9,2,binary_vle_english.xlsx,10.1016/j.fluid.2010.10.022,unverified,0.5,isothermal,0.8888888888888888,isothermal,,,2.2654136770560003,38.78535461425781,-3.814697265625e-06,True,False,48,CCC#CCC,mol_7f5d60b87bc7cd44,0.5698,0.7932,0.9822934865951538,1.097826600074768,60.90497970581055,CCCOC(C)=O,mol_67043ae833ecd0c7,0.4302,0.2068,0.01770646683871746,1.2177938222885132,1.3108574151992798,,,,,,,,False
state_c2b65deefeb5e30bf543a40f,2c_3718df32cb8e1a8658b3,2,binary_vle_english.xlsx,10.1016/j.fluid.2010.03.022,passed,1.0,isothermal,0.9230769230769231,isothermal,,,61.190033984384,86.83151245117188,0.0,True,False,48,C1CCSC1,mol_e61c7ae663276e1e,0.1,0.08,0.04610838741064072,1.189398169517517,33.66123580932617,C=C(C)CC(C)(C)C,mol_c01ea75a8687ed16,0.9,0.92,0.9538915753364563,1.0028321743011475,91.77103424072266,,,,,,,,False
state_c2d0712ff5872342a528a404,2c_679d20c0c097df83b478,2,binary_vle_english.xlsx,10.1016/j.fluid.2010.10.022,unverified,0.5,isothermal,0.9,isothermal,,,2.778838116224,13.431827545166016,0.0,True,False,48,C#CCCCC,mol_532ee0519201d73c,0.47219999999999995,0.8137,0.9421072006225586,1.0869877338409424,24.653852462768555,CCCOC(C)=O,mol_67043ae833ecd0c7,0.5278,0.1863,0.05789276957511902,1.1239179372787476,1.3108574151992798,,,,,,,,False
state_c2e5796812f38617eb23e745,2c_a894ec22c70022e7cf39,2,binary_vle_english.xlsx,10.1016/j.jct.2009.04.006,unverified,0.5,isothermal,0.9333333333333333,isothermal,,,9.580012075008,5.335498809814453,0.0,True,False,48,CC(Cl)(Cl)Cl,mol_d8a2276bed4f13b6,0.359,0.922,0.8911489248275757,0.6548435688018799,20.225221633911133,O=C1CCCCC1,mol_09f0d60d139abab5,0.641,0.07799999999999996,0.10885109752416611,0.9152385592460632,0.9899551868438721,,,,,,,,False
state_c2e842c830d8d59e80b8a87d,2c_fcb25ad973d4e5c4a4fe,2,binary_vle_english.xlsx,10.1016/j.fluid.2010.10.022,unverified,0.5,isothermal,0.875,isothermal,,,8.811141978752,45.25725555419922,-3.814697265625e-06,True,False,48,CC#CCCC,mol_a64b37cfa024f8e7,0.3709,0.5726,0.9036852717399597,1.2237637042999268,90.10543060302734,CCCOC(C)=O,mol_67043ae833ecd0c7,0.6291,0.4274,0.09631473571062088,1.0774997472763062,6.4304890632629395,,,,,,,,False
state_c3486f06426b4f86ecf501ca,2c_679d20c0c097df83b478,2,binary_vle_english.xlsx,10.1016/j.fluid.2010.10.022,unverified,0.5,isothermal,0.9,isothermal,,,5.874450178816,6.430489540100098,-4.76837158203125e-07,True,False,48,C#CCCCC,mol_532ee0519201d73c,0.0,0.0,0.0,1.6063170433044434,68.14701080322266,CCCOC(C)=O,mol_67043ae833ecd0c7,1.0,1.0,1.0,1.0,6.4304890632629395,,,,,,,,False
state_c3702530b8443ca0be566a9d,2c_6b00d1757b554f4dca5e,2,binary_vle_english.xlsx,10.1016/j.fluid.2009.01.016,unverified,0.5,isothermal,0.9166666666666666,isothermal,,,44.970034693504,44.27622985839844,0.0,True,False,48,CC(C)(C)CO,mol_dfb42f12fdc989ed,0.47430000000000005,0.06340000000000001,0.15310706198215485,1.0933412313461304,13.072450637817383,COC(C)(C)C,mol_b614d6fea320c179,0.5257,0.9366,0.8468929529190063,1.118385910987854,63.777793884277344,,,,,,,,True
state_c38ef5b56adea06d830459ed,2c_ecb2aa3282976dc883b8,2,binary_vle_english.xlsx,10.1016/j.fluid.2017.04.014,unverified,0.5,isothermal,0.9523809523809523,isothermal,,,66.410004658688,55.28840637207031,0.0,True,False,48,CC(C)CC(C)(C)C,mol_57615b5c3546c298,0.10699999999999998,0.040000000000000036,0.03377117961645126,1.1390560865402222,15.319740295410156,COC(C)(C)C,mol_b614d6fea320c179,0.893,0.96,0.9662288427352905,0.9995005130767822,59.85212707519531,,,,,,,,False
state_c3b6e05422237150e3925cee,2c_679d20c0c097df83b478,2,binary_vle_english.xlsx,10.1016/j.fluid.2010.10.022,unverified,0.5,isothermal,0.9,isothermal,,,48.376954485376004,85.80914306640625,0.0,True,False,48,C#CCCCC,mol_532ee0519201d73c,0.22340000000000004,0.43910000000000005,0.6783570051193237,1.2996104955673218,200.4912872314453,CCCOC(C)=O,mol_67043ae833ecd0c7,0.7766,0.5609,0.32164299488067627,1.021898865699768,34.7778205871582,,,,,,,,False
state_c43a75c114213ee5bab6c819,2c_01fbe79446fb7e5c19eb,2,binary_vle_english.xlsx,10.1016/j.jct.2006.01.010,unverified,0.5,isothermal,0.9473684210526315,isothermal,,,11.689971870976,11.781530380249023,0.0,True,False,48,ClC(Cl)C(Cl)Cl,mol_a1518926d4831a12,0.44179999999999997,0.27559999999999996,0.26466256380081177,0.7820631861686707,9.02457332611084,O=C1CCCC1,mol_e42ea752b52da6b7,0.5582,0.7244,0.7353373765945435,0.8125219345092773,19.101322174072266,,,,,,,,False
state_c44cea46b4fc1005f2672697,3c_a6f39dd395c2cfcf800d,3,ternary_vle_english.xlsx,10.1016/j.fluid.2009.01.016,unverified,0.5,isothermal,0.9333333333333333,isothermal,,,20.219936975616,21.936450958251953,0.0,True,False,48,CC(=O)C(C)(C)C,mol_61a887e37d396488,0.6234,0.4442,0.36241060495376587,1.0536048412322998,12.103827476501465,CC(C)(C)CO,mol_dfb42f12fdc989ed,0.248,0.09109999999999996,0.16882145404815674,1.1423135995864868,13.072450637817383,COC(C)(C)C,mol_b614d6fea320c179,0.1286,0.4647,0.4687678813934326,1.2537580728530884,63.777793884277344,True
state_a6b568bf8b0127cb8b4d5615,2c_f17e33a6fb9a3b89984d,2,binary_vle_english.xlsx,10.1016/j.fluid.2015.07.030,unverified,0.5,isobaric,0.9375,isobaric,382.72999999999996,365.2398376464844,,,3.814697265625e-05,True,False,48,O,mol_e81dc06beaa39499,0.5002,0.9981,0.9454936385154724,1.4100914001464844,71.48907470703125,OCCOCCOCCO,mol_f34461328d644291,0.4998,0.0019000000000000128,0.05450630933046341,1.1254736185073853,5.167580604553223,,,,,,,,False
state_a8c0dc72624d86a4ffececb7,2c_1694e8275721c8f0a44b,2,binary_vle_english.xlsx,10.1016/j.fluid.2013.02.005,unverified,0.5,isobaric,0.95,isobaric,345.78,357.4412841796875,,,-2.288818359375e-05,True,False,48,CC(C)OC(C)C,mol_1a0ca8e5eeb68da8,0.329,0.535,0.8834618926048279,1.331954836845398,151.2040252685547,Cc1ccc(C)o1,mol_8abd2666cf37a39e,0.671,0.46499999999999997,0.11653812974691391,1.0398129224777222,12.527120590209961,,,,,,,,False
state_a95d3bba6542754e14f1600f,2c_8affb2d94018c3a50639,2,binary_vle_english.xlsx,10.1016/j.jct.2017.09.020,unverified,0.5,isobaric,0.9285714285714286,isobaric,415.12,392.4849853515625,,,0.0,True,False,48,CCCCCCCCCC(=O)OC,mol_95d9432584d71e0d,0.8802,0.9577,0.9053047299385071,0.9995018243789673,6.174246788024902,CCCCCCCCCCCC(=O)OC,mol_5c1fd649aae595b4,0.11980000000000002,0.042300000000000004,0.09469522535800934,0.9426013231277466,5.031498908996582,,,,,,,,False
state_aa29028bf2663e91498a2631,2c_f17e33a6fb9a3b89984d,2,binary_vle_english.xlsx,10.1016/j.fluid.2015.07.030,unverified,0.5,isobaric,0.9375,isobaric,371.71,373.3056945800781,,,0.0001373291015625,True,False,48,O,mol_e81dc06beaa39499,1.0,1.0,1.0,1.0,95.9901123046875,OCCOCCOCCO,mol_f34461328d644291,0.0,0.0,0.0,6.459417819976807,7.282613754272461,,,,,,,,False
state_ab343f9946760dc871513936,2c_14f322a5589c2ae1768c,2,binary_vle_english.xlsx,10.1016/j.jct.2016.11.024,unverified,0.5,isobaric,0.9285714285714286,isobaric,396.5,409.0763854980469,,,0.0007419586181640625,True,False,48,CCCCCCCC(=O)OC,mol_b57df1d978ebac66,0.7507,0.9228,0.7017477750778198,1.0104793310165405,9.251633644104004,CCCCCCCCCC(=O)OC,mol_95d9432584d71e0d,0.24929999999999997,0.07720000000000005,0.29825225472450256,1.089813470840454,10.978437423706055,,,,,,,,False
state_ab8a408461e6b1f53735a91b,2c_f21c5beff7e3dc67c753,2,binary_vle_english.xlsx,10.1016/j.fluid.2014.01.034,unverified,0.5,isobaric,0.9375,isobaric,507.80999999999995,465.39434814453125,,,6.103515625e-05,True,False,48,O=[N+]([O-])c1ccc(Cl)c(Cl)c1,mol_d71344439e314718,0.66,0.667,0.6221650838851929,1.0621637105941772,53.25028610229492,O=[N+]([O-])c1cccc(Cl)c1Cl,mol_aa6ec9bb4303db75,0.33999999999999997,0.33299999999999996,0.37783491611480713,1.24956214427948,53.360145568847656,,,,,,,,True
state_ae0b19bbe79911dcf45edf63,2c_500d21d465db933527d2,2,binary_vle_english.xlsx,10.1016/j.fluid.2014.09.006,unverified,0.5,isobaric,0.9230769230769231,isobaric,442.05999999999995,367.0685729980469,,,0.0006432533264160156,True,False,48,CCCCCCCCCCCCCC(=O)OC,mol_de3754c1966b59a2,0.5955,0.7919,0.6704906821250916,0.911614716053009,1.7299473285675049,CCCCCCCCCCCCCCCC(=O)OC,mol_e51b7f78035080f4,0.40449999999999997,0.20809999999999995,0.32950934767723083,0.8087693452835083,1.410774827003479,,,,,,,,True
state_ae479a9958bfa0fb4a659c25,2c_14f322a5589c2ae1768c,2,binary_vle_english.xlsx,10.1016/j.jct.2016.11.024,unverified,0.5,isobaric,0.9285714285714286,isobaric,389.4,394.0924377441406,,,8.58306884765625e-06,True,False,48,CCCCCCCC(=O)OC,mol_b57df1d978ebac66,0.5175,0.8312,0.47316402196884155,1.007326364517212,5.446104049682617,CCCCCCCCCC(=O)OC,mol_95d9432584d71e0d,0.48250000000000004,0.16879999999999995,0.5268359184265137,1.001408576965332,6.542165756225586,,,,,,,,False
state_af3faddbabae7383abb75a0c,2c_14f322a5589c2ae1768c,2,binary_vle_english.xlsx,10.1016/j.jct.2016.11.024,unverified,0.5,isobaric,0.9285714285714286,isobaric,362.66999999999996,369.1895751953125,,,3.5762786865234375e-06,True,False,48,CCCCCCCC(=O)OC,mol_b57df1d978ebac66,0.7321,0.9251,0.7315592169761658,0.9736701250076294,2.0525381565093994,CCCCCCCCCC(=O)OC,mol_95d9432584d71e0d,0.2679,0.07489999999999997,0.26844078302383423,0.7946730852127075,2.521803855895996,,,,,,,,False
state_af730d1ed7be0af12893e74c,2c_4c8ca30e57e6c11f5778,2,binary_vle_english.xlsx,10.1016/j.fluid.2015.03.030,unverified,0.5,isobaric,0.9166666666666666,isobaric,484.21,437.94512939453125,,,-3.814697265625e-06,True,False,48,O=C1OC(=O)c2cc(Cl)ccc21,mol_df66df7dbda573ad,0.39149999999999996,0.2409,0.3815979063510895,1.2159702777862549,17.097854614257812,O=C1OC(=O)c2cc(F)ccc21,mol_12d7c05b7c8fe7d9,0.6085,0.7591,0.6184020638465881,1.0804553031921387,20.062908172607422,,,,,,,,True
state_b0d9a378ca3a14641564a734,2c_500d21d465db933527d2,2,binary_vle_english.xlsx,10.1016/j.fluid.2014.09.006,unverified,0.5,isobaric,0.9285714285714286,isobaric,446.01,360.2464294433594,,,6.9141387939453125e-06,True,False,48,CCCCCCCCCCCCCC(=O)OC,mol_de3754c1966b59a2,0.1418,0.3253,0.10258771479129791,0.5556468963623047,1.3021032810211182,CCCCCCCCCCCCCCCC(=O)OC,mol_e51b7f78035080f4,0.8582,0.6747000000000001,0.8974122405052185,0.9833472371101379,1.0634615421295166,,,,,,,,True
state_b26ce02f8681bbc86112fc45,2c_8affb2d94018c3a50639,2,binary_vle_english.xlsx,10.1016/j.jct.2017.09.020,unverified,0.5,isobaric,0.9285714285714286,isobaric,412.11,384.781005859375,,,2.6941299438476562e-05,True,False,48,CCCCCCCCCC(=O)OC,mol_95d9432584d71e0d,0.5354,0.7983,0.593254804611206,0.9537346363067627,4.647202014923096,CCCCCCCCCCCC(=O)OC,mol_5c1fd649aae595b4,0.4646,0.2017,0.40674516558647156,0.9236745238304138,3.7912325859069824,,,,,,,,False
state_b3264955c36a3c5b1d8500fa,2c_851f25357ae6f5ac55a7,2,binary_vle_english.xlsx,10.1016/j.fluid.2006.03.014,unverified,0.5,isobaric,0.9,isobaric,436.84999999999997,421.66729736328125,,,7.62939453125e-06,True,False,48,CC(C)(N)CO,mol_5dd0884957432481,1.0,1.0,1.0,1.0,101.29994201660156,O,mol_e81dc06beaa39499,0.0,0.0,0.0,3.099790573120117,443.5305480957031,,,,,,,,False
state_b3fdefecb9a53e771565a62e,2c_f17e33a6fb9a3b89984d,2,binary_vle_english.xlsx,10.1016/j.fluid.2015.07.030,unverified,0.5,isobaric,0.9375,isobaric,374.75,374.5647277832031,,,0.0003509521484375,True,False,48,O,mol_e81dc06beaa39499,0.8959,0.9991,0.9745544195175171,1.0400800704956055,100.39388275146484,OCCOCCOCCO,mol_f34461328d644291,0.10409999999999997,0.0009000000000000119,0.02544557675719261,3.057896137237549,7.673019886016846,,,,,,,,False
state_b47e64e07f41c3e12285c15d,2c_4c8ca30e57e6c11f5778,2,binary_vle_english.xlsx,10.1016/j.fluid.2015.03.030,unverified,0.5,isobaric,0.9166666666666666,isobaric,541.16,486.1537780761719,,,7.62939453125e-06,True,False,48,O=C1OC(=O)c2cc(Cl)ccc21,mol_df66df7dbda573ad,0.6783,0.53,0.5859025716781616,1.0720605850219727,65.52921295166016,O=C1OC(=O)c2cc(F)ccc21,mol_12d7c05b7c8fe7d9,0.3217,0.47,0.414097398519516,1.3394315242767334,78.15947723388672,,,,,,,,True
state_b49edc611ed21d08bd54ae67,2c_f21c5beff7e3dc67c753,2,binary_vle_english.xlsx,10.1016/j.fluid.2014.01.034,unverified,0.5,isobaric,0.9375,isobaric,529.5899999999999,485.76812744140625,,,-2.288818359375e-05,True,False,48,O=[N+]([O-])c1ccc(Cl)c(Cl)c1,mol_d71344439e314718,0.293,0.303,0.3430568277835846,1.3248019218444824,89.52751159667969,O=[N+]([O-])c1cccc(Cl)c1Cl,mol_aa6ec9bb4303db75,0.7070000000000001,0.6970000000000001,0.6569432020187378,1.0487843751907349,89.74934387207031,,,,,,,,True
state_b57d255728cf003aeb195aad,2c_4c8ca30e57e6c11f5778,2,binary_vle_english.xlsx,10.1016/j.fluid.2015.03.030,unverified,0.5,isobaric,0.9166666666666666,isobaric,519.49,463.97454833984375,,,0.00028228759765625,True,False,48,O=C1OC(=O)c2cc(Cl)ccc21,mol_df66df7dbda573ad,0.8568,0.7479,0.7677693367004395,1.012907862663269,36.56360626220703,O=C1OC(=O)c2cc(F)ccc21,mol_12d7c05b7c8fe7d9,0.1432,0.2521,0.23223061859607697,1.5478521585464478,43.302669525146484,,,,,,,,True
state_b5bc1e8024aba7d5300437cb,2c_14f322a5589c2ae1768c,2,binary_vle_english.xlsx,10.1016/j.jct.2016.11.024,unverified,0.5,isobaric,0.9285714285714286,isobaric,378.04999999999995,365.68829345703125,,,0.0005131959915161133,True,False,48,CCCCCCCC(=O)OC,mol_b57df1d978ebac66,0.1772,0.5127,0.11631421744823456,0.7416952252388,1.7704280614852905,CCCCCCCCCC(=O)OC,mol_95d9432584d71e0d,0.8228,0.48729999999999996,0.8836857080459595,0.9843671321868896,2.1826350688934326,,,,,,,,False
state_b60b02a813958e106b192910,2c_8affb2d94018c3a50639,2,binary_vle_english.xlsx,10.1016/j.jct.2017.09.020,unverified,0.5,isobaric,0.9285714285714286,isobaric,393.75,367.8679504394531,,,1.0728836059570312e-06,True,False,48,CCCCCCCCCC(=O)OC,mol_95d9432584d71e0d,0.6691,0.8797,0.7543842196464539,0.9439569711685181,2.3887619972229004,CCCCCCCCCCCC(=O)OC,mol_5c1fd649aae595b4,0.33089999999999997,0.12029999999999996,0.24561581015586853,0.759814441204071,1.9537789821624756,,,,,,,,False
state_b7cea08fdbde5f8d270e079a,2c_1694e8275721c8f0a44b,2,binary_vle_english.xlsx,10.1016/j.fluid.2013.02.005,unverified,0.5,isobaric,0.9545454545454546,isobaric,345.25,350.545166015625,,,-1.52587890625e-05,True,False,48,CC(C)OC(C)C,mol_1a0ca8e5eeb68da8,0.649,0.809,0.9560816884040833,1.112965703010559,124.42176055908203,Cc1ccc(C)o1,mol_8abd2666cf37a39e,0.351,0.19099999999999995,0.043918266892433167,1.2477879524230957,9.425948143005371,,,,,,,,False
state_ba58f4b1956be3d4d00ad026,2c_1694e8275721c8f0a44b,2,binary_vle_english.xlsx,10.1016/j.fluid.2013.02.005,unverified,0.5,isobaric,0.95,isobaric,338.38,343.0858154296875,,,7.62939453125e-06,True,False,48,CC(C)OC(C)C,mol_1a0ca8e5eeb68da8,0.649,0.813,0.9599919319152832,1.1107125282287598,99.88086700439453,Cc1ccc(C)o1,mol_8abd2666cf37a39e,0.351,0.18700000000000006,0.0400080606341362,1.249634027481079,6.84098482131958,,,,,,,,False
state_bbdd5733c3d51c12bc444b68,2c_500d21d465db933527d2,2,binary_vle_english.xlsx,10.1016/j.fluid.2014.09.006,unverified,0.5,isobaric,0.9230769230769231,isobaric,452.34,368.1991882324219,,,0.0010001659393310547,True,False,48,CCCCCCCCCCCCCC(=O)OC,mol_de3754c1966b59a2,0.2006,0.408,0.17798179388046265,0.686196506023407,1.811506986618042,CCCCCCCCCCCCCCCC(=O)OC,mol_e51b7f78035080f4,0.7994,0.5920000000000001,0.8220182061195374,0.9754438996315002,1.476926326751709,,,,,,,,True
state_bcab867bb5f1dd9175082c03,2c_f17e33a6fb9a3b89984d,2,binary_vle_english.xlsx,10.1016/j.fluid.2015.07.030,unverified,0.5,isobaric,0.9375,isobaric,497.34999999999997,408.2817077636719,,,-1.52587890625e-05,True,False,48,O,mol_e81dc06beaa39499,0.099,0.81078,0.6879215836524963,1.8459967374801636,301.09820556640625,OCCOCCOCCO,mol_f34461328d644291,0.901,0.18922000000000005,0.3120783567428589,1.005289912223816,27.560232162475586,,,,,,,,False
state_bcd0151b7cb5f9b5d4a89837,2c_851f25357ae6f5ac55a7,2,binary_vle_english.xlsx,10.1016/j.fluid.2006.03.014,unverified,0.5,isobaric,0.9,isobaric,380.84999999999997,374.9107666015625,,,0.0005340576171875,True,False,48,CC(C)(N)CO,mol_5dd0884957432481,0.375,0.05,0.09584047645330429,1.374292254447937,18.838661193847656,O,mol_e81dc06beaa39499,0.625,0.95,0.9041594862937927,1.441910743713379,101.6337890625,,,,,,,,False
state_bd0c0da1abaa54f8ea2a450d,2c_4c8ca30e57e6c11f5778,2,binary_vle_english.xlsx,10.1016/j.fluid.2015.03.030,unverified,0.5,isobaric,0.9166666666666666,isobaric,539.15,483.53009033203125,,,-1.9073486328125e-05,True,False,48,O=C1OC(=O)c2cc(Cl)ccc21,mol_df66df7dbda573ad,1.0,1.0,1.0,1.0,61.33000183105469,O=C1OC(=O)c2cc(F)ccc21,mol_12d7c05b7c8fe7d9,0.0,0.0,0.0,1.8932991027832031,73.09203338623047,,,,,,,,True
state_bd7d2fab09feb2a617a22cf1,2c_4c8ca30e57e6c11f5778,2,binary_vle_english.xlsx,10.1016/j.fluid.2015.03.030,unverified,0.5,isobaric,0.9166666666666666,isobaric,486.56999999999994,438.19317626953125,,,5.7220458984375e-06,True,False,48,O=C1OC(=O)c2cc(Cl)ccc21,mol_df66df7dbda573ad,0.499,0.32899999999999996,0.4608246684074402,1.1432807445526123,17.22950553894043,O=C1OC(=O)c2cc(F)ccc21,mol_12d7c05b7c8fe7d9,0.501,0.671,0.5391753315925598,1.1353181600570679,20.219261169433594,,,,,,,,True
state_bdf951a55985ff25a2fe072a,2c_4c8ca30e57e6c11f5778,2,binary_vle_english.xlsx,10.1016/j.fluid.2015.03.030,unverified,0.5,isobaric,0.9166666666666666,isobaric,523.93,468.4631652832031,,,8.7738037109375e-05,True,False,48,O=C1OC(=O)c2cc(Cl)ccc21,mol_df66df7dbda573ad,1.0,1.0,1.0,1.0,41.330020904541016,O=C1OC(=O)c2cc(F)ccc21,mol_12d7c05b7c8fe7d9,0.0,0.0,0.0,1.830466628074646,49.02054977416992,,,,,,,,True
state_be6913a7a300139067de3568,2c_1694e8275721c8f0a44b,2,binary_vle_english.xlsx,10.1016/j.fluid.2013.02.005,unverified,0.5,isobaric,0.9473684210526315,isobaric,341.34,370.37896728515625,,,7.62939453125e-06,True,False,48,CC(C)OC(C)C,mol_1a0ca8e5eeb68da8,0.096,0.213,0.6237133145332336,1.519791841506958,213.74696350097656,Cc1ccc(C)o1,mol_8abd2666cf37a39e,0.904,0.787,0.37628668546676636,1.0026129484176636,20.758089065551758,,,,,,,,False
state_c18320f3a1985174f5b68361,2c_f17e33a6fb9a3b89984d,2,binary_vle_english.xlsx,10.1016/j.fluid.2015.07.030,unverified,0.5,isobaric,0.9375,isobaric,551.3299999999999,441.39129638671875,,,6.103515625e-05,True,False,48,O,mol_e81dc06beaa39499,0.0,0.0,0.0,2.032510995864868,751.9682006835938,OCCOCCOCCO,mol_f34461328d644291,1.0,1.0,1.0,1.0,79.9900131225586,,,,,,,,False
state_c2e0052df24d46d62f2e5b2a,2c_1694e8275721c8f0a44b,2,binary_vle_english.xlsx,10.1016/j.fluid.2013.02.005,unverified,0.5,isobaric,0.9473684210526315,isobaric,327.52,331.861083984375,,,0.00061798095703125,True,False,48,CC(C)OC(C)C,mol_1a0ca8e5eeb68da8,0.601,0.789,0.9605600237846375,1.1345008611679077,70.44023132324219,Cc1ccc(C)o1,mol_8abd2666cf37a39e,0.399,0.21099999999999997,0.03943996503949165,1.2025128602981567,4.110072612762451,,,,,,,,False
state_c383425e24cf959f2591a2ae,2c_f21c5beff7e3dc67c753,2,binary_vle_english.xlsx,10.1016/j.fluid.2014.01.034,unverified,0.5,isobaric,0.9375,isobaric,470.81999999999994,430.761474609375,,,1.52587890625e-05,True,False,48,O=[N+]([O-])c1ccc(Cl)c(Cl)c1,mol_d71344439e314718,0.046,0.05,0.059949662536382675,1.3251502513885498,19.669490814208984,O=[N+]([O-])c1cccc(Cl)c1Cl,mol_aa6ec9bb4303db75,0.954,0.95,0.9400503039360046,1.0006625652313232,19.694475173950195,,,,,,,,True
state_c398493858a2be65dfdebb20,2c_1694e8275721c8f0a44b,2,binary_vle_english.xlsx,10.1016/j.fluid.2013.02.005,unverified,0.5,isobaric,0.9545454545454546,isobaric,347.38,353.8918762207031,,,0.00115203857421875,True,False,48,CC(C)OC(C)C,mol_1a0ca8e5eeb68da8,0.55,0.736,0.9402657151222229,1.173879623413086,136.89813232421875,Cc1ccc(C)o1,mol_8abd2666cf37a39e,0.44999999999999996,0.264,0.05973424017429352,1.1515167951583862,10.836119651794434,,,,,,,,False
state_c4465ab91bb37e35524bf51a,2c_4c8ca30e57e6c11f5778,2,binary_vle_english.xlsx,10.1016/j.fluid.2015.03.030,unverified,0.5,isobaric,0.9166666666666666,isobaric,543.3299999999999,487.2723693847656,,,-7.62939453125e-06,True,False,48,O=C1OC(=O)c2cc(Cl)ccc21,mol_df66df7dbda573ad,0.7565,0.6236999999999999,0.6526132822036743,1.0411040782928467,67.39124298095703,O=C1OC(=O)c2cc(F)ccc21,mol_12d7c05b7c8fe7d9,0.2435,0.3763,0.34738674759864807,1.4430019855499268,80.40776824951172,,,,,,,,True
state_c4fd7eecd7271d25f1f86bc7,2c_e87fea44a6b8ad1299a3,2,binary_vle_english.xlsx,10.1016/j.fluid.2010.03.001,unverified,0.5,isothermal,0.9473684210526315,isothermal,,,5.600072745472,5.01268196105957,0.0,True,False,48,C=C(C)[C@H]1CC=C(C)CC1,mol_768bd4f5442f0a79,0.006000000000000005,0.017000000000000015,0.03651823103427887,2.715212106704712,11.236340522766113,CCCCCO,mol_243de2450bee5519,0.994,0.983,0.9634817242622375,1.000024437904358,4.85866117477417,,,,,,,,False
state_c512e1cfb544a37a53efe747,2c_26b0c25a9dccaa9e1115,2,binary_vle_english.xlsx,10.1016/j.fluid.2016.01.027,unverified,0.5,isothermal,0.9090909090909091,isothermal,,,338.700009686912,404.8614501953125,0.0,True,False,48,C=C(Cl)C(F)(F)F,mol_41055367d2729aad,0.57,0.586,0.8101938962936401,1.0801184177398682,532.7815551757812,CC(F)(Cl)C(F)(F)F,mol_c4c59740db0baaf4,0.43000000000000005,0.41400000000000003,0.18980614840984344,1.102670431137085,162.0699462890625,,,,,,,,True
state_c554ebbf0a78771ec6ad45a6,2c_e87fea44a6b8ad1299a3,2,binary_vle_english.xlsx,10.1016/j.fluid.2010.03.001,unverified,0.5,isothermal,0.9473684210526315,isothermal,,,5.720062876672,11.510316848754883,-9.5367431640625e-07,True,False,48,C=C(C)[C@H]1CC=C(C)CC1,mol_768bd4f5442f0a79,0.517,0.30400000000000005,0.7318055629730225,1.449998378753662,11.236340522766113,CCCCCO,mol_243de2450bee5519,0.483,0.696,0.26819440722465515,1.3154466152191162,4.85866117477417,,,,,,,,False
state_c55c1dce7a4368bebeb85b17,2c_26b0c25a9dccaa9e1115,2,binary_vle_english.xlsx,10.1016/j.fluid.2016.01.027,unverified,0.5,isothermal,0.9090909090909091,isothermal,,,186.10002720832,260.2215576171875,3.0517578125e-05,True,False,48,C=C(Cl)C(F)(F)F,mol_41055367d2729aad,0.749,0.761,0.9120221734046936,1.0219388008117676,310.0573425292969,CC(F)(Cl)C(F)(F)F,mol_c4c59740db0baaf4,0.251,0.239,0.0879778265953064,1.1466336250305176,79.54597473144531,,,,,,,,True
state_c5de42ec74f34bda064d3862,2c_e87fea44a6b8ad1299a3,2,binary_vle_english.xlsx,10.1016/j.fluid.2010.03.001,unverified,0.5,isothermal,0.9473684210526315,isothermal,,,5.689932021503999,6.092411994934082,0.0,True,False,48,C=C(C)[C@H]1CC=C(C)CC1,mol_768bd4f5442f0a79,0.050000000000000044,0.07599999999999996,0.24098750948905945,2.613297700881958,11.236340522766113,CCCCCO,mol_243de2450bee5519,0.95,0.924,0.7590124607086182,1.0018390417099,4.85866117477417,,,,,,,,False
state_c6387d5730a51b0ee1014d7d,2c_9478a219a5c540597926,2,binary_vle_english.xlsx,10.1016/j.fluid.2009.01.016,unverified,0.5,isothermal,0.9375,isothermal,,,30.010065102591998,29.261768341064453,0.0,True,False,48,CC(=O)C(C)(C)C,mol_61a887e37d396488,0.9817,0.9015,0.8933828473091125,1.000103235244751,26.626529693603516,COC(C)(C)C,mol_b614d6fea320c179,0.0183,0.0985,0.10661716759204865,1.429853081703186,119.22989654541016,,,,,,,,True
state_c67c56878b16161cb011d114,3c_a6f39dd395c2cfcf800d,3,ternary_vle_english.xlsx,10.1016/j.fluid.2009.01.016,unverified,0.5,isothermal,0.95,isothermal,,,18.379954974847998,24.792755126953125,-1.9073486328125e-06,True,False,48,CC(=O)C(C)(C)C,mol_61a887e37d396488,0.4313,0.4764,0.36032262444496155,1.1400671005249023,18.16796875,CC(C)(C)CO,mol_dfb42f12fdc989ed,0.5289999999999999,0.2731,0.45768359303474426,1.035900592803955,20.706960678100586,COC(C)(C)C,mol_b614d6fea320c179,0.0397,0.2505,0.1819937825202942,1.291060447692871,88.0327377319336,True
state_c6b9d3f2895fa18f68005f33,2c_e87fea44a6b8ad1299a3,2,binary_vle_english.xlsx,10.1016/j.fluid.2010.03.001,unverified,0.5,isothermal,0.9473684210526315,isothermal,,,3.819952487936,11.30453872680664,0.0,True,False,48,C=C(C)[C@H]1CC=C(C)CC1,mol_768bd4f5442f0a79,0.995,0.645,0.9890595078468323,1.0000628232955933,11.236340522766113,CCCCCO,mol_243de2450bee5519,0.005,0.355,0.010940526612102985,5.0910162925720215,4.85866117477417,,,,,,,,False
state_c6c9fef38f0f15e29cd16c4b,2c_61ebe4a2edff80d5fa4f,2,binary_vle_english.xlsx,10.1016/j.fluid.2009.01.016,unverified,0.5,isothermal,0.9090909090909091,isothermal,,,25.710018767488002,30.208683013916016,-1.9073486328125e-06,True,False,48,CC(=O)C(C)(C)C,mol_61a887e37d396488,0.7955,0.8584,0.7185785174369812,1.0248286724090576,26.626529693603516,CC(C)(C)CO,mol_dfb42f12fdc989ed,0.20450000000000002,0.14159999999999995,0.2814214825630188,1.3021774291992188,31.924604415893555,,,,,,,,True
state_c6da15a257abbfc44f8d52a1,2c_007e04d60827397d74ab,2,binary_vle_english.xlsx,10.1016/j.fluid.2013.09.056,unverified,0.5,isothermal,0.9090909090909091,isothermal,,,405.599974048,262.15777587890625,0.0,True,False,48,FC(C(F)(F)F)C(F)(F)F,mol_6b18cff9be152ebc,0.11460000000000004,0.0907,0.006758686620742083,1.2496474981307983,12.372369766235352,FCC(F)(F)F,mol_28a5ef315edd1f58,0.8854,0.9093,0.9932413101196289,1.0064138174057007,292.2142639160156,,,,,,,,False
state_c6f7cad2bdf34f342140e8ae,2c_679d20c0c097df83b478,2,binary_vle_english.xlsx,10.1016/j.fluid.2010.10.022,unverified,0.5,isothermal,0.9,isothermal,,,21.75221095104,68.14701843261719,-7.62939453125e-06,True,False,48,C#CCCCC,mol_532ee0519201d73c,1.0,1.0,1.0,1.0,68.14701080322266,CCCOC(C)=O,mol_67043ae833ecd0c7,0.0,0.0,0.0,1.6819437742233276,6.4304890632629395,,,,,,,,False
state_c71a0a7dc5c8a49b33b0677a,2c_f1d29e917192fdde6ee4,2,binary_vle_english.xlsx,10.1016/j.fluid.2012.11.008,unverified,0.5,isothermal,0.9285714285714286,isothermal,,,343.600006678016,292.5804443359375,0.0,True,False,48,CCOC(C)=O,mol_18876b584acc43d4,0.17400000000000004,0.127,0.16043320298194885,1.3795818090438843,195.5432586669922,COC(C)(C)C,mol_b614d6fea320c179,0.826,0.873,0.8395668268203735,1.0244789123535156,290.2802734375,,,,,,,,False
state_c71febb5122b40d30e65db41,2c_26b0c25a9dccaa9e1115,2,binary_vle_english.xlsx,10.1016/j.fluid.2016.01.027,unverified,0.5,isothermal,0.9090909090909091,isothermal,,,339.60006899328,514.765625,6.103515625e-05,True,False,48,C=C(Cl)C(F)(F)F,mol_41055367d2729aad,0.935,0.929,0.9701050519943237,1.0024611949920654,532.7815551757812,CC(F)(Cl)C(F)(F)F,mol_c4c59740db0baaf4,0.06499999999999995,0.07099999999999995,0.02989494986832142,1.460802674293518,162.0699462890625,,,,,,,,True
state_c73dbb282b9f9a0d152d6a5a,2c_e87fea44a6b8ad1299a3,2,binary_vle_english.xlsx,10.1016/j.fluid.2010.03.001,unverified,0.5,isothermal,0.9444444444444444,isothermal,,,2.900028148736,8.764911651611328,0.0,True,False,48,C=C(C)[C@H]1CC=C(C)CC1,mol_768bd4f5442f0a79,0.872,0.44299999999999995,0.8758522868156433,1.0375217199325562,8.485251426696777,CCCCCO,mol_243de2450bee5519,0.128,0.557,0.12414772063493729,2.97051739692688,2.8618323802948,,,,,,,,False
state_c778f9f5858ce480db407c45,3c_a6f39dd395c2cfcf800d,3,ternary_vle_english.xlsx,10.1016/j.fluid.2009.01.016,unverified,0.5,isothermal,0.95,isothermal,,,34.950058804095995,46.34156799316406,0.0,True,False,48,CC(=O)C(C)(C)C,mol_61a887e37d396488,0.3135,0.273,0.21963956952095032,1.2193522453308105,26.626529693603516,CC(C)(C)CO,mol_dfb42f12fdc989ed,0.5803,0.25980000000000003,0.4177601635456085,1.0450080633163452,31.924604415893555,COC(C)(C)C,mol_b614d6fea320c179,0.1062,0.4672,0.36260029673576355,1.327055811882019,119.22989654541016,True
state_c7b1808d9dce48946cf34e50,2c_f481f8e2e3c46fec24b0,2,binary_vle_english.xlsx,10.1016/j.fluid.2012.11.008,unverified,0.5,isothermal,0.8888888888888888,isothermal,,,307.40005067392,440.9490966796875,0.0,True,False,48,CCC(C)(C)OC,mol_25226214deaceb17,0.974,0.906,0.8691552877426147,1.0013928413391113,392.9365234375,CCO,mol_f29e20f49d416e54,0.026,0.094,0.13084468245506287,4.549875736236572,487.7212219238281,,,,,,,,False
state_c7e1bc0e1939d488fe21d10f,2c_200d73d6cf44caf265a9,2,binary_vle_english.xlsx,10.1016/j.fluid.2010.10.022,unverified,0.5,isothermal,0.8888888888888888,isothermal,,,2.9433579183360004,28.864482879638672,0.0,True,False,48,CCC#CCC,mol_7f5d60b87bc7cd44,0.23919999999999997,0.49950000000000006,0.9365779757499695,1.380244493484497,81.88239288330078,CCCOC(C)=O,mol_67043ae833ecd0c7,0.7608,0.5005,0.06342204660177231,1.0406063795089722,2.3123152256011963,,,,,,,,False
state_c7e1e1c8373b0427c9412738,2c_26b0c25a9dccaa9e1115,2,binary_vle_english.xlsx,10.1016/j.fluid.2016.01.027,unverified,0.5,isothermal,0.8333333333333334,isothermal,,,253.599942225408,394.51800537109375,3.0517578125e-05,True,False,48,C=C(Cl)C(F)(F)F,mol_41055367d2729aad,0.935,0.93,0.9737072587013245,1.0021532773971558,409.9675598144531,CC(F)(Cl)C(F)(F)F,mol_c4c59740db0baaf4,0.06499999999999995,0.06999999999999995,0.026292696595191956,1.3896114826202393,114.84054565429688,,,,,,,,True
state_c82ce85f3480a4a1ee3e08c9,2c_679d20c0c097df83b478,2,binary_vle_english.xlsx,10.1016/j.fluid.2010.10.022,unverified,0.5,isothermal,0.9,isothermal,,,15.691776068863998,48.354339599609375,0.0,True,False,48,C#CCCCC,mol_532ee0519201d73c,0.6242,0.8607,0.9407317042350769,1.0693765878677368,68.14701080322266,CCCOC(C)=O,mol_67043ae833ecd0c7,0.3758,0.1393,0.05926826596260071,1.1859240531921387,6.4304890632629395,,,,,,,,False
state_c8ecb11a2400a9f3026c64b6,2c_fcb25ad973d4e5c4a4fe,2,binary_vle_english.xlsx,10.1016/j.fluid.2010.10.022,unverified,0.5,isothermal,0.875,isothermal,,,12.846276768640001,48.0023193359375,-3.814697265625e-06,True,False,48,CC#CCCC,mol_a64b37cfa024f8e7,0.258,0.4387,0.8362187743186951,1.3277968168258667,117.17388153076172,CCCOC(C)=O,mol_67043ae833ecd0c7,0.742,0.5613,0.16378121078014374,1.0376638174057007,10.210939407348633,,,,,,,,False
state_c95c12d71c91a4f7727110df,3c_a6f39dd395c2cfcf800d,3,ternary_vle_english.xlsx,10.1016/j.fluid.2009.01.016,unverified,0.5,isothermal,0.9333333333333333,isothermal,,,9.480020299007998,13.623481750488281,0.0,True,False,48,CC(=O)C(C)(C)C,mol_61a887e37d396488,0.4391,0.6225,0.43572762608528137,1.1169071197509766,12.103827476501465,CC(C)(C)CO,mol_dfb42f12fdc989ed,0.5536000000000001,0.3136,0.5231391191482544,0.9848094582557678,13.072450637817383,COC(C)(C)C,mol_b614d6fea320c179,0.0073,0.0639,0.04113330319523811,1.2036198377609253,63.777793884277344,True
state_c9aef9cfd53324d3272fa813,2c_6b00d1757b554f4dca5e,2,binary_vle_english.xlsx,10.1016/j.fluid.2009.01.016,unverified,0.5,isothermal,0.9166666666666666,isothermal,,,63.589969930752,56.34938049316406,0.0,True,False,48,CC(C)(C)CO,mol_dfb42f12fdc989ed,0.1916,0.02080000000000004,0.05994410067796707,1.3485997915267944,13.072450637817383,COC(C)(C)C,mol_b614d6fea320c179,0.8084,0.9792,0.9400559067726135,1.0274176597595215,63.777793884277344,,,,,,,,True
state_c9b75392501b62f05d6f35aa,2c_007e04d60827397d74ab,2,binary_vle_english.xlsx,10.1016/j.fluid.2013.09.056,unverified,0.5,isothermal,0.9090909090909091,isothermal,,,396.70003937215995,243.126220703125,1.52587890625e-05,True,False,48,FC(C(F)(F)F)C(F)(F)F,mol_6b18cff9be152ebc,0.19010000000000005,0.1483,0.011340663768351078,1.1722906827926636,12.372369766235352,FCC(F)(F)F,mol_28a5ef315edd1f58,0.8099,0.8517,0.9886593222618103,1.0156537294387817,292.2142639160156,,,,,,,,False
state_ca1b9e6d2ac4037e7bf7c61e,2c_200d73d6cf44caf265a9,2,binary_vle_english.xlsx,10.1016/j.fluid.2010.10.022,unverified,0.5,isothermal,0.8888888888888888,isothermal,,,6.910631622912001,70.93785095214844,0.0,True,False,48,CCC#CCC,mol_7f5d60b87bc7cd44,0.5698,0.7677,0.9711301326751709,1.1206611394882202,107.88440704345703,CCCOC(C)=O,mol_67043ae833ecd0c7,0.4302,0.2323,0.02886982634663582,1.2131931781768799,3.9239349365234375,,,,,,,,False
state_ca3c3830a8d35be050f737ba,2c_ab02ff6614bbff27b5cc,2,binary_vle_english.xlsx,10.1016/j.fluid.2015.08.008,unverified,0.5,isothermal,0.9,isothermal,,,14.500007421312,29.079082489013672,0.0,True,False,48,C1CN=C2CCCN2C1,mol_b2e98fe3254a8c98,0.40700000000000003,0.006900000000000017,0.04950525611639023,1.2490837574005127,2.8316922187805176,O,mol_e81dc06beaa39499,0.593,0.9931,0.9504947662353516,1.1826785802841187,39.41023254394531,,,,,,,,False
state_ca71a7ec50149fc515d4d21f,2c_200d73d6cf44caf265a9,2,binary_vle_english.xlsx,10.1016/j.fluid.2010.10.022,unverified,0.5,isothermal,0.8888888888888888,isothermal,,,50.067348789248,49.95970153808594,0.0,True,False,48,CCC#CCC,mol_7f5d60b87bc7cd44,0.0,0.0,0.0,1.8408130407333374,406.5634765625,CCCOC(C)=O,mol_67043ae833ecd0c7,1.0,1.0,1.0,1.0,49.95970153808594,,,,,,,,False
state_ca769a17c3366d505c3a4627,2c_68327a02527de440bdc0,2,binary_vle_english.xlsx,10.1016/j.fluid.2015.10.041,unverified,0.5,isothermal,0.9090909090909091,isothermal,,,81.39997178239999,110.68342590332031,0.0,True,False,48,CCCCCO,mol_243de2450bee5519,0.61,0.44999999999999996,0.2856605052947998,1.1519935131072998,44.99382400512695,CCCCCS,mol_22ade86f58436479,0.39,0.55,0.7143394947052002,1.7027679681777954,119.06036376953125,,,,,,,,False
state_cad79bb4e132f158c99a2ec7,2c_26b0c25a9dccaa9e1115,2,binary_vle_english.xlsx,10.1016/j.fluid.2016.01.027,unverified,0.5,isothermal,0.9090909090909091,isothermal,,,185.80005188031998,297.2135009765625,0.0,True,False,48,C=C(Cl)C(F)(F)F,mol_41055367d2729aad,0.935,0.931,0.977166473865509,1.0018055438995361,310.0573425292969,CC(F)(Cl)C(F)(F)F,mol_c4c59740db0baaf4,0.06499999999999995,0.06899999999999995,0.022833535447716713,1.3125327825546265,79.54597473144531,,,,,,,,True
state_cb37ca23b5de0a5d06e9d779,2c_9478a219a5c540597926,2,binary_vle_english.xlsx,10.1016/j.fluid.2009.01.016,unverified,0.5,isothermal,0.9444444444444444,isothermal,,,39.8100590848,38.37406921386719,0.0,True,False,48,CC(=O)C(C)(C)C,mol_61a887e37d396488,0.7916,0.37570000000000003,0.3804176449775696,1.0150474309921265,18.16796875,COC(C)(C)C,mol_b614d6fea320c179,0.2084,0.6243,0.6195822954177856,1.29597008228302,88.0327377319336,,,,,,,,True
state_cb689bfe4ebf0684cb5ab18e,2c_fcb25ad973d4e5c4a4fe,2,binary_vle_english.xlsx,10.1016/j.fluid.2010.10.022,unverified,0.5,isothermal,0.875,isothermal,,,20.024219739392,117.17387390136719,7.62939453125e-06,True,False,48,CC#CCCC,mol_a64b37cfa024f8e7,1.0,1.0,1.0,1.0,117.17388153076172,CCCOC(C)=O,mol_67043ae833ecd0c7,0.0,0.0,0.0,1.922092318534851,10.210939407348633,,,,,,,,False
state_cc4ff3469ec2fdb372625efd,2c_fcb25ad973d4e5c4a4fe,2,binary_vle_english.xlsx,10.1016/j.fluid.2010.10.022,unverified,0.5,isothermal,0.875,isothermal,,,3.5318428506879997,31.427688598632812,0.0,True,False,48,CC#CCCC,mol_a64b37cfa024f8e7,0.5441,0.7385999999999999,0.9606780409812927,1.1010173559188843,50.39847946166992,CCCOC(C)=O,mol_67043ae833ecd0c7,0.4559,0.2614,0.03932192176580429,1.172277808189392,2.3123152256011963,,,,,,,,False
state_ccc9404fa491ed6fba333007,2c_ab02ff6614bbff27b5cc,2,binary_vle_english.xlsx,10.1016/j.fluid.2015.08.008,unverified,0.5,isothermal,0.8,isothermal,,,6.999957609471999,7.004940032958984,-4.76837158203125e-07,True,False,48,C1CN=C2CCCN2C1,mol_b2e98fe3254a8c98,0.035599999999999965,0.0,0.0031964436639100313,1.3596620559692383,0.46258386969566345,O,mol_e81dc06beaa39499,0.9644,1.0,0.9968035817146301,1.0013009309768677,7.230896472930908,,,,,,,,False
state_ce0b4be1db29d8fc68399da6,2c_01fbe79446fb7e5c19eb,2,binary_vle_english.xlsx,10.1016/j.jct.2006.01.010,unverified,0.5,isothermal,0.9473684210526315,isothermal,,,15.60005027968,13.66357421875,0.0,True,False,48,ClC(Cl)C(Cl)Cl,mol_a1518926d4831a12,0.8444,0.8686,0.8187472224235535,0.9879381060600281,13.410229682922363,O=C1CCCC1,mol_e42ea752b52da6b7,0.1556,0.1314,0.18125279247760773,0.5705896615982056,27.894306182861328,,,,,,,,False
state_ce41df784ced799e111ba166,2c_007e04d60827397d74ab,2,binary_vle_english.xlsx,10.1016/j.fluid.2013.09.056,unverified,0.5,isothermal,0.8333333333333334,isothermal,,,484.10005100403197,194.52865600585938,1.52587890625e-05,True,False,48,FC(C(F)(F)F)C(F)(F)F,mol_6b18cff9be152ebc,0.5686,0.47740000000000005,0.05907663330435753,1.0197376012802124,19.820018768310547,FCC(F)(F)F,mol_28a5ef315edd1f58,0.4314,0.5226,0.9409233927726746,1.0806258916854858,392.6289978027344,,,,,,,,False
state_ce73b5c7cdf997de60e5c628,2c_3718df32cb8e1a8658b3,2,binary_vle_english.xlsx,10.1016/j.fluid.2010.03.022,passed,1.0,isothermal,0.9333333333333333,isothermal,,,70.500068264192,71.77513122558594,0.0,True,False,48,C1CCSC1,mol_e61c7ae663276e1e,0.627,0.454,0.4180687665939331,1.0259652137756348,46.64677047729492,C=C(C)CC(C)(C)C,mol_c01ea75a8687ed16,0.373,0.546,0.5819311738014221,1.0716675519943237,104.490478515625,,,,,,,,False
state_ceca28b9077a4e3c0a65e182,2c_e87fea44a6b8ad1299a3,2,binary_vle_english.xlsx,10.1016/j.fluid.2010.03.001,unverified,0.5,isothermal,0.9444444444444444,isothermal,,,4.4200364663039995,9.104951858520508,0.0,True,False,48,C=C(C)[C@H]1CC=C(C)CC1,mol_768bd4f5442f0a79,0.394,0.28200000000000003,0.7125498056411743,1.6828691959381104,9.784671783447266,CCCCCO,mol_243de2450bee5519,0.606,0.718,0.2874501943588257,1.1536855697631836,3.7435200214385986,,,,,,,,False
state_ceeb71119b7d730f77737e1b,2c_679d20c0c097df83b478,2,binary_vle_english.xlsx,10.1016/j.fluid.2010.10.022,unverified,0.5,isothermal,0.9,isothermal,,,69.837856062336,156.8497314453125,1.52587890625e-05,True,False,48,C#CCCCC,mol_532ee0519201d73c,1.0,1.0,1.0,1.0,156.84974670410156,CCCOC(C)=O,mol_67043ae833ecd0c7,0.0,0.0,0.0,1.77280855178833,23.688674926757812,,,,,,,,False
state_cef92c034b7dfdd77a826f5d,2c_01fbe79446fb7e5c19eb,2,binary_vle_english.xlsx,10.1016/j.jct.2006.01.010,unverified,0.5,isothermal,0.9473684210526315,isothermal,,,28.400064186624,27.545833587646484,0.0,True,False,48,ClC(Cl)C(Cl)Cl,mol_a1518926d4831a12,0.015900000000000025,0.0030999999999999917,0.0036962642334401608,0.4775134027004242,13.410229682922363,O=C1CCCC1,mol_e42ea752b52da6b7,0.9841,0.9969,0.9963037371635437,0.9997534155845642,27.894306182861328,,,,,,,,False
state_cf4ef98eb8dd4668b1918e49,2c_679d20c0c097df83b478,2,binary_vle_english.xlsx,10.1016/j.fluid.2010.10.022,unverified,0.5,isothermal,0.9,isothermal,,,1.3386898970880001,4.517358779907227,0.0,True,False,48,C#CCCCC,mol_532ee0519201d73c,0.09560000000000002,0.32130000000000003,0.7358990907669067,1.4104580879211426,24.653852462768555,CCCOC(C)=O,mol_67043ae833ecd0c7,0.9044,0.6787,0.26410093903541565,1.006325602531433,1.3108574151992798,,,,,,,,False
state_cfd058f4cdf8f366af770e9e,2c_ab02ff6614bbff27b5cc,2,binary_vle_english.xlsx,10.1016/j.fluid.2015.08.008,unverified,0.5,isothermal,0.8,isothermal,,,30.700008356992,38.62177276611328,0.0,True,False,48,C1CN=C2CCCN2C1,mol_b2e98fe3254a8c98,0.17620000000000002,0.0006000000000000449,0.025170201435685158,1.7763118743896484,3.105944871902466,O,mol_e81dc06beaa39499,0.8238,0.9994,0.9748297929763794,1.0635457038879395,42.97174835205078,,,,,,,,False
state_cfda46c791107b9ee4b1fb93,2c_679d20c0c097df83b478,2,binary_vle_english.xlsx,10.1016/j.fluid.2010.10.022,unverified,0.5,isothermal,0.9,isothermal,,,5.923646132608,24.290565490722656,-1.9073486328125e-06,True,False,48,C#CCCCC,mol_532ee0519201d73c,0.6242,0.8822,0.9572086930274963,1.0511188507080078,35.43795394897461,CCCOC(C)=O,mol_67043ae833ecd0c7,0.3758,0.1178,0.042791273444890976,1.1961592435836792,2.3123152256011963,,,,,,,,False
state_cff44c1f5d86abf9c63f9e4f,2c_01fbe79446fb7e5c19eb,2,binary_vle_english.xlsx,10.1016/j.jct.2006.01.010,unverified,0.5,isothermal,0.9473684210526315,isothermal,,,19.609987142016,19.101322174072266,0.0,True,False,48,ClC(Cl)C(Cl)Cl,mol_a1518926d4831a12,0.0,0.0,0.0,0.4156166911125183,9.02457332611084,O=C1CCCC1,mol_e42ea752b52da6b7,1.0,1.0,1.0,1.0,19.101322174072266,,,,,,,,False
state_cff9363b8a85f2c95b9f4f13,2c_ecb2aa3282976dc883b8,2,binary_vle_english.xlsx,10.1016/j.fluid.2017.04.014,unverified,0.5,isothermal,0.9523809523809523,isothermal,,,25.06993807872,22.11434555053711,0.0,True,False,48,CC(C)CC(C)(C)C,mol_57615b5c3546c298,0.86,0.5900000000000001,0.5983933210372925,1.004409909248352,15.319740295410156,COC(C)(C)C,mol_b614d6fea320c179,0.14,0.41,0.40160664916038513,1.0599061250686646,59.85212707519531,,,,,,,,False
state_d0251031de8634918f19c091,2c_a894ec22c70022e7cf39,2,binary_vle_english.xlsx,10.1016/j.jct.2009.04.006,unverified,0.5,isothermal,0.9333333333333333,isothermal,,,10.820043419775999,7.644936561584473,0.0,True,False,48,CC(Cl)(Cl)Cl,mol_d8a2276bed4f13b6,0.652,0.979,0.9815217852592468,0.8694055080413818,13.237435340881348,O=C1CCCCC1,mol_09f0d60d139abab5,0.348,0.02100000000000002,0.018478238955140114,0.7171737551689148,0.5660187602043152,,,,,,,,False
state_d0a97b6d173f499968466466,2c_ab02ff6614bbff27b5cc,2,binary_vle_english.xlsx,10.1016/j.fluid.2015.08.008,unverified,0.5,isothermal,0.8947368421052632,isothermal,,,5.2999640951039995,10.878366470336914,0.0,True,False,48,C1CN=C2CCCN2C1,mol_b2e98fe3254a8c98,0.47719999999999996,0.008399999999999963,0.061829403042793274,1.1621769666671753,1.2127912044525146,O,mol_e81dc06beaa39499,0.5228,0.9916,0.9381706118583679,1.0953552722930908,17.821937561035156,,,,,,,,False
state_d0b32e6dbbd2c0a61c0260e4,2c_01fbe79446fb7e5c19eb,2,binary_vle_english.xlsx,10.1016/j.jct.2006.01.010,unverified,0.5,isothermal,0.9473684210526315,isothermal,,,14.779984394111999,15.24928092956543,0.0,True,False,48,ClC(Cl)C(Cl)Cl,mol_a1518926d4831a12,0.2247,0.07620000000000005,0.08056890964508057,0.6058806777000427,9.02457332611084,O=C1CCCC1,mol_e42ea752b52da6b7,0.7753,0.9238,0.9194310903549194,0.9467500448226929,19.101322174072266,,,,,,,,False
state_d138ad4acd7240464a48063f,2c_a894ec22c70022e7cf39,2,binary_vle_english.xlsx,10.1016/j.jct.2009.04.006,unverified,0.5,isothermal,0.9333333333333333,isothermal,,,1.9199754215679998,1.671621322631836,-1.1920928955078125e-07,True,False,48,CC(Cl)(Cl)Cl,mol_d8a2276bed4f13b6,0.0,0.0,0.0,0.3292776048183441,30.089168548583984,O=C1CCCCC1,mol_09f0d60d139abab5,1.0,1.0,1.0,1.0,1.6716212034225464,,,,,,,,False
state_d202cf36d7fb6b78bd83cf57,2c_ab02ff6614bbff27b5cc,2,binary_vle_english.xlsx,10.1016/j.fluid.2015.08.008,unverified,0.5,isothermal,0.8,isothermal,,,4.400038111104,6.1244354248046875,-4.76837158203125e-07,True,False,48,C1CN=C2CCCN2C1,mol_b2e98fe3254a8c98,0.17610000000000003,0.00029999999999996696,0.015082674100995064,1.1339516639709473,0.46258386969566345,O,mol_e81dc06beaa39499,0.8239,0.9997,0.9849173426628113,1.0125095844268799,7.230896472930908,,,,,,,,False
state_d206e39b535a78f3aac14ec0,2c_e87fea44a6b8ad1299a3,2,binary_vle_english.xlsx,10.1016/j.fluid.2010.03.001,unverified,0.5,isothermal,0.9444444444444444,isothermal,,,3.2000034767359997,2.9717206954956055,0.0,True,False,48,C=C(C)[C@H]1CC=C(C)CC1,mol_768bd4f5442f0a79,0.006000000000000005,0.02200000000000002,0.042738787829875946,2.494676351547241,8.485251426696777,CCCCCO,mol_243de2450bee5519,0.994,0.978,0.9572612047195435,1.0000181198120117,2.8618323802948,,,,,,,,False
state_d289b0443fb8681abfc5c529,2c_6b00d1757b554f4dca5e,2,binary_vle_english.xlsx,10.1016/j.fluid.2009.01.016,unverified,0.5,isothermal,0.9166666666666666,isothermal,,,76.170001930496,63.777793884277344,0.0,True,False,48,CC(C)(C)CO,mol_dfb42f12fdc989ed,0.0,0.0,0.0,1.8133609294891357,13.072450637817383,COC(C)(C)C,mol_b614d6fea320c179,1.0,1.0,1.0,1.0,63.777793884277344,,,,,,,,True
state_d29d8b33253085d95572f30b,2c_635bd51c750eee04b7c9,2,binary_vle_english.xlsx,10.1016/j.fluid.2006.10.023,unverified,0.5,isothermal,0.9230769230769231,isothermal,,,344.70004953638403,69.0814208984375,-7.62939453125e-06,True,False,48,C1CC1,mol_5b0fb88d8ed110b0,1.0,1.0,1.0,1.0,69.08141326904297,FCC(F)(F)F,mol_28a5ef315edd1f58,0.0,0.0,0.0,2.752345085144043,212.8273468017578,,,,,,,,False
state_d29ea051433e1e6119474ec0,2c_3718df32cb8e1a8658b3,2,binary_vle_english.xlsx,10.1016/j.fluid.2010.03.022,passed,1.0,isothermal,0.9230769230769231,isothermal,,,48.41001843264,52.886940002441406,0.0,True,False,48,C1CCSC1,mol_e61c7ae663276e1e,0.703,0.51,0.45358043909072876,1.0137184858322144,33.66123580932617,C=C(C)CC(C)(C)C,mol_c01ea75a8687ed16,0.29700000000000004,0.49,0.5464195013046265,1.060260534286499,91.77103424072266,,,,,,,,False
state_d2c0d7c11317664ca48302dc,2c_f481f8e2e3c46fec24b0,2,binary_vle_english.xlsx,10.1016/j.fluid.2012.11.008,unverified,0.5,isothermal,0.8888888888888888,isothermal,,,364.89998815679996,537.779541015625,6.103515625e-05,True,False,48,CCC(C)(C)OC,mol_25226214deaceb17,0.89,0.7090000000000001,0.6659075021743774,1.024013876914978,392.9365234375,CCO,mol_f29e20f49d416e54,0.11,0.291,0.33409246802330017,3.3489346504211426,487.7212219238281,,,,,,,,False
state_d2d281e12c0567c8f3cfaea8,2c_679d20c0c097df83b478,2,binary_vle_english.xlsx,10.1016/j.fluid.2010.10.022,unverified,0.5,isothermal,0.9,isothermal,,,108.82904916288,182.99703979492188,0.0,True,False,48,C#CCCCC,mol_532ee0519201d73c,0.35950000000000004,0.577,0.7415036559104919,1.1999238729476929,314.5609436035156,CCCOC(C)=O,mol_67043ae833ecd0c7,0.6405,0.423,0.25849634408950806,1.049798846244812,70.35147857666016,,,,,,,,False
state_d2e35911ccb4912eb18e1d88,2c_6b00d1757b554f4dca5e,2,binary_vle_english.xlsx,10.1016/j.fluid.2009.01.016,unverified,0.5,isothermal,0.9166666666666666,isothermal,,,53.140029404544,56.212493896484375,-3.814697265625e-06,True,False,48,CC(C)(C)CO,mol_dfb42f12fdc989ed,0.5842,0.10450000000000004,0.22792157530784607,1.0591081380844116,20.706960678100586,COC(C)(C)C,mol_b614d6fea320c179,0.4158,0.8955,0.7720784544944763,1.1856746673583984,88.0327377319336,,,,,,,,True
state_d2f94da2022997b142987936,3c_a6f39dd395c2cfcf800d,3,ternary_vle_english.xlsx,10.1016/j.fluid.2009.01.016,unverified,0.5,isothermal,0.9333333333333333,isothermal,,,12.979999103744,16.910999298095703,0.0,True,False,48,CC(=O)C(C)(C)C,mol_61a887e37d396488,0.4186,0.4654,0.3387901186943054,1.1307798624038696,12.103827476501465,CC(C)(C)CO,mol_dfb42f12fdc989ed,0.526,0.248,0.40708842873573303,1.0011870861053467,13.072450637817383,COC(C)(C)C,mol_b614d6fea320c179,0.0554,0.2866,0.25412142276763916,1.2162736654281616,63.777793884277344,True
state_d30495fd039ae1b56dbf2ae9,2c_26b0c25a9dccaa9e1115,2,binary_vle_english.xlsx,10.1016/j.fluid.2016.01.027,unverified,0.5,isothermal,0.9090909090909091,isothermal,,,334.699938679808,323.350830078125,3.0517578125e-05,True,False,48,C=C(Cl)C(F)(F)F,mol_41055367d2729aad,0.354,0.372,0.666975200176239,1.1434870958328247,532.7815551757812,CC(F)(Cl)C(F)(F)F,mol_c4c59740db0baaf4,0.646,0.628,0.3330247700214386,1.0285266637802124,162.0699462890625,,,,,,,,True
state_d307c2669b2c315ba73f53a0,3c_a6f39dd395c2cfcf800d,3,ternary_vle_english.xlsx,10.1016/j.fluid.2009.01.016,unverified,0.5,isothermal,0.95,isothermal,,,55.959930810112,64.03475952148438,-7.62939453125e-06,True,False,48,CC(=O)C(C)(C)C,mol_61a887e37d396488,0.2656,0.1447,0.1367965191602707,1.238648772239685,26.626529693603516,CC(C)(C)CO,mol_dfb42f12fdc989ed,0.4758,0.1342000000000001,0.25734323263168335,1.0848720073699951,31.924604415893555,COC(C)(C)C,mol_b614d6fea320c179,0.2586,0.7211,0.6058602333068848,1.2582718133926392,119.22989654541016,True
state_d3444bc1d51f235d707b4824,2c_679d20c0c097df83b478,2,binary_vle_english.xlsx,10.1016/j.fluid.2010.10.022,unverified,0.5,isothermal,0.9,isothermal,,,27.574132116864,43.13770294189453,0.0,True,False,48,C#CCCCC,mol_532ee0519201d73c,0.09560000000000002,0.23360000000000003,0.5011202692985535,1.4416415691375732,156.84974670410156,CCCOC(C)=O,mol_67043ae833ecd0c7,0.9044,0.7664,0.49887970089912415,1.0045037269592285,23.688674926757812,,,,,,,,False
state_d34cb5ce50dfb5a7a4bde78d,2c_ab02ff6614bbff27b5cc,2,binary_vle_english.xlsx,10.1016/j.fluid.2015.08.008,unverified,0.5,isothermal,0.9444444444444444,isothermal,,,7.199941161471999,12.527275085449219,-9.5367431640625e-07,True,False,48,C1CN=C2CCCN2C1,mol_b2e98fe3254a8c98,0.3799,0.0040999999999999925,0.04454808309674263,1.211240291595459,1.2127912044525146,O,mol_e81dc06beaa39499,0.6201,0.9959,0.9554519057273865,1.0830506086349487,17.821937561035156,,,,,,,,False
state_d3ca3478cc5c6d03b27262df,2c_e87fea44a6b8ad1299a3,2,binary_vle_english.xlsx,10.1016/j.fluid.2010.03.001,unverified,0.5,isothermal,0.9444444444444444,isothermal,,,4.4300356439040005,8.690834045410156,0.0,True,False,48,C=C(C)[C@H]1CC=C(C)CC1,mol_768bd4f5442f0a79,0.33499999999999996,0.268,0.6836884021759033,1.8127111196517944,9.784671783447266,CCCCCO,mol_243de2450bee5519,0.665,0.732,0.3163115978240967,1.1042686700820923,3.7435200214385986,,,,,,,,False
state_d3def3239a53946d080db2a5,2c_679d20c0c097df83b478,2,binary_vle_english.xlsx,10.1016/j.fluid.2010.10.022,unverified,0.5,isothermal,0.9,isothermal,,,4.9083963002880004,24.653854370117188,-1.9073486328125e-06,True,False,48,C#CCCCC,mol_532ee0519201d73c,1.0,1.0,1.0,1.0,24.653852462768555,CCCOC(C)=O,mol_67043ae833ecd0c7,0.0,0.0,0.0,1.4615274667739868,1.3108574151992798,,,,,,,,False
state_d454f6e9fb4a78511a14b42f,2c_fcb25ad973d4e5c4a4fe,2,binary_vle_english.xlsx,10.1016/j.fluid.2010.10.022,unverified,0.5,isothermal,0.875,isothermal,,,2.757639859712,18.715049743652344,-1.9073486328125e-06,True,False,48,CC#CCCC,mol_a64b37cfa024f8e7,0.258,0.48240000000000005,0.9044352769851685,1.301761269569397,50.39847946166992,CCCOC(C)=O,mol_67043ae833ecd0c7,0.742,0.5176,0.09556467831134796,1.0424072742462158,2.3123152256011963,,,,,,,,False
state_d5c576ed05492110df9f57c4,2c_01fbe79446fb7e5c19eb,2,binary_vle_english.xlsx,10.1016/j.jct.2006.01.010,unverified,0.5,isothermal,0.9473684210526315,isothermal,,,10.730050821376,11.023187637329102,0.0,True,False,48,ClC(Cl)C(Cl)Cl,mol_a1518926d4831a12,0.1493,0.03520000000000001,0.03945467993617058,0.4908558428287506,5.934607028961182,O=C1CCCC1,mol_e42ea752b52da6b7,0.8507,0.9648,0.9605453014373779,0.9727976322174072,12.794581413269043,,,,,,,,False
state_d62e5f91f3263ef3307c86d9,2c_679d20c0c097df83b478,2,binary_vle_english.xlsx,10.1016/j.fluid.2010.10.022,unverified,0.5,isothermal,0.9,isothermal,,,111.064465307136,211.0821533203125,1.52587890625e-05,True,False,48,C#CCCCC,mol_532ee0519201d73c,0.7329,0.8756,0.921318769454956,1.0498977899551392,252.73753356933594,CCCOC(C)=O,mol_67043ae833ecd0c7,0.2671,0.1244,0.07868120819330215,1.244597315788269,49.95970153808594,,,,,,,,False
state_d6cc33f4c9e00439e42b7ea7,2c_fcb25ad973d4e5c4a4fe,2,binary_vle_english.xlsx,10.1016/j.fluid.2010.10.022,unverified,0.5,isothermal,0.875,isothermal,,,9.963447205376,58.341514587402344,-3.814697265625e-06,True,False,48,CC#CCCC,mol_a64b37cfa024f8e7,0.5441,0.7154,0.9415404796600342,1.1204358339309692,90.10543060302734,CCCOC(C)=O,mol_67043ae833ecd0c7,0.4559,0.2846,0.058459509164094925,1.1633737087249756,6.4304890632629395,,,,,,,,False
state_d6f2200ace3f7fd940c70d77,2c_fcb25ad973d4e5c4a4fe,2,binary_vle_english.xlsx,10.1016/j.fluid.2010.10.022,unverified,0.5,isothermal,0.875,isothermal,,,8.424507111552,58.23384094238281,0.0,True,False,48,CC#CCCC,mol_a64b37cfa024f8e7,0.6716,0.8085,0.9641944766044617,1.0650943517684937,78.494873046875,CCCOC(C)=O,mol_67043ae833ecd0c7,0.3284,0.1915,0.03580556437373161,1.258754849433899,5.044076919555664,,,,,,,,False
state_d726e161ea16a4cff5d5b2bb,2c_61ebe4a2edff80d5fa4f,2,binary_vle_english.xlsx,10.1016/j.fluid.2009.01.016,unverified,0.5,isothermal,0.9090909090909091,isothermal,,,23.59005979392,31.99740219116211,0.0,True,False,48,CC(=O)C(C)(C)C,mol_61a887e37d396488,0.5781,0.708,0.5296263694763184,1.1009479761123657,26.626529693603516,CC(C)(C)CO,mol_dfb42f12fdc989ed,0.42190000000000005,0.29200000000000004,0.47037360072135925,1.1174359321594238,31.924604415893555,,,,,,,,True
state_d8e44bfcd9cf06a1d5537a7f,2c_679d20c0c097df83b478,2,binary_vle_english.xlsx,10.1016/j.fluid.2010.10.022,unverified,0.5,isothermal,0.9,isothermal,,,133.3490324736,252.73751831054688,1.52587890625e-05,True,False,48,C#CCCCC,mol_532ee0519201d73c,1.0,1.0,1.0,1.0,252.73753356933594,CCCOC(C)=O,mol_67043ae833ecd0c7,0.0,0.0,0.0,1.8003743886947632,49.95970153808594,,,,,,,,False
state_d8eaa2dd9206323cbdc8f414,2c_a894ec22c70022e7cf39,2,binary_vle_english.xlsx,10.1016/j.jct.2009.04.006,unverified,0.5,isothermal,0.9333333333333333,isothermal,,,14.959969590912,10.039779663085938,-9.5367431640625e-07,True,False,48,CC(Cl)(Cl)Cl,mol_d8a2276bed4f13b6,0.571,0.966,0.966012179851532,0.8398028612136841,20.225221633911133,O=C1CCCCC1,mol_09f0d60d139abab5,0.42900000000000005,0.03400000000000003,0.033987805247306824,0.8034788370132446,0.9899551868438721,,,,,,,,False
state_d91402e1332dab364bb72185,2c_01fbe79446fb7e5c19eb,2,binary_vle_english.xlsx,10.1016/j.jct.2006.01.010,unverified,0.5,isothermal,0.9473684210526315,isothermal,,,17.620017477248,17.715133666992188,0.0,True,False,48,ClC(Cl)C(Cl)Cl,mol_a1518926d4831a12,0.44730000000000003,0.27559999999999996,0.2764355540275574,0.816400408744812,13.410229682922363,O=C1CCCC1,mol_e42ea752b52da6b7,0.5527,0.7244,0.7235644459724426,0.831412672996521,27.894306182861328,,,,,,,,False
state_d94dcbbda059d7bc8a7cf8a4,2c_e87fea44a6b8ad1299a3,2,binary_vle_english.xlsx,10.1016/j.fluid.2010.03.001,unverified,0.5,isothermal,0.9444444444444444,isothermal,,,3.1000117007359997,8.647560119628906,0.0,True,False,48,C=C(C)[C@H]1CC=C(C)CC1,mol_768bd4f5442f0a79,0.741,0.391,0.8304530382156372,1.1421568393707275,8.485251426696777,CCCCCO,mol_243de2450bee5519,0.259,0.609,0.16954690217971802,1.9780598878860474,2.8618323802948,,,,,,,,False
state_d95ea1c5efb7c1c4244c00eb,2c_68327a02527de440bdc0,2,binary_vle_english.xlsx,10.1016/j.fluid.2015.10.041,unverified,0.5,isothermal,0.9,isothermal,,,32.30001009536,37.71820068359375,0.0,True,False,48,CCCCCO,mol_243de2450bee5519,0.87,0.649,0.46195557713508606,1.0161975622177124,19.70850944519043,CCCCCS,mol_22ade86f58436479,0.13,0.351,0.5380443930625916,2.559208631515503,60.99862289428711,,,,,,,,False
state_d97b7301e8b9e8ea1fa626e9,2c_ab02ff6614bbff27b5cc,2,binary_vle_english.xlsx,10.1016/j.fluid.2015.08.008,unverified,0.5,isothermal,0.7142857142857143,isothermal,,,0.399967104,2.405974864959717,0.0,True,False,48,C1CN=C2CCCN2C1,mol_b2e98fe3254a8c98,0.9409,0.33899999999999997,0.4756973385810852,1.0024961233139038,1.2133766412734985,O,mol_e81dc06beaa39499,0.0591,0.661,0.52430260181427,1.197110891342163,17.82999610900879,,,,,,,,False
state_d985984485171b0c4022a722,3c_a6f39dd395c2cfcf800d,3,ternary_vle_english.xlsx,10.1016/j.fluid.2009.01.016,unverified,0.5,isothermal,0.95,isothermal,,,54.670036899712,57.18168640136719,0.0,True,False,48,CC(=O)C(C)(C)C,mol_61a887e37d396488,0.5696,0.3017,0.2828379273414612,1.0663751363754272,26.626529693603516,CC(C)(C)CO,mol_dfb42f12fdc989ed,0.22040000000000004,0.06990000000000007,0.1559796929359436,1.2676163911819458,31.924604415893555,COC(C)(C)C,mol_b614d6fea320c179,0.21,0.6284,0.5611823797225952,1.2816118001937866,119.22989654541016,True
state_d98739f0419921405b5f1328,2c_a894ec22c70022e7cf39,2,binary_vle_english.xlsx,10.1016/j.jct.2009.04.006,unverified,0.5,isothermal,0.9333333333333333,isothermal,,,0.6399473663999999,0.56601881980896,-5.960464477539063e-08,True,False,48,CC(Cl)(Cl)Cl,mol_d8a2276bed4f13b6,0.0,0.0,0.0,0.21536290645599365,13.237435340881348,O=C1CCCCC1,mol_09f0d60d139abab5,1.0,1.0,1.0,1.0,0.5660187602043152,,,,,,,,False
state_d993213e1ec3b4ea4c7a9613,2c_a894ec22c70022e7cf39,2,binary_vle_english.xlsx,10.1016/j.jct.2009.04.006,unverified,0.5,isothermal,0.9333333333333333,isothermal,,,1.729991047168,0.7966965436935425,0.0,True,False,48,CC(Cl)(Cl)Cl,mol_d8a2276bed4f13b6,0.075,0.666,0.3459300100803375,0.2775977849960327,13.237435340881348,O=C1CCCCC1,mol_09f0d60d139abab5,0.925,0.33399999999999996,0.6540699601173401,0.9952783584594727,0.5660187602043152,,,,,,,,False
state_da2ca138bac8dcc529e6cdb6,2c_3718df32cb8e1a8658b3,2,binary_vle_english.xlsx,10.1016/j.fluid.2010.03.022,passed,1.0,isothermal,0.9230769230769231,isothermal,,,51.100063851776,58.121238708496094,0.0,True,False,48,C1CCSC1,mol_e61c7ae663276e1e,0.619,0.443,0.36658021807670593,1.0225467681884766,33.66123580932617,C=C(C)CC(C)(C)C,mol_c01ea75a8687ed16,0.381,0.5569999999999999,0.6334198117256165,1.0529212951660156,91.77103424072266,,,,,,,,False
state_dac593242f3a292458058669,2c_01fbe79446fb7e5c19eb,2,binary_vle_english.xlsx,10.1016/j.jct.2006.01.010,unverified,0.5,isothermal,0.9473684210526315,isothermal,,,10.490070558976,10.269660949707031,0.0,True,False,48,ClC(Cl)C(Cl)Cl,mol_a1518926d4831a12,0.5778,0.4716,0.44432470202445984,0.8750892877578735,9.02457332611084,O=C1CCCC1,mol_e42ea752b52da6b7,0.4222,0.5284,0.5556753277778625,0.7076125741004944,19.101322174072266,,,,,,,,False
state_db5b14adc75ee81782ce9506,2c_679d20c0c097df83b478,2,binary_vle_english.xlsx,10.1016/j.fluid.2010.10.022,unverified,0.5,isothermal,0.9,isothermal,,,3.429984561536,3.9239349365234375,0.0,True,False,48,C#CCCCC,mol_532ee0519201d73c,0.0,0.0,0.0,1.5917948484420776,49.69369888305664,CCCOC(C)=O,mol_67043ae833ecd0c7,1.0,1.0,1.0,1.0,3.9239349365234375,,,,,,,,False
state_dbdaa07b7c8be40c68f30a56,2c_3718df32cb8e1a8658b3,2,binary_vle_english.xlsx,10.1016/j.fluid.2010.03.022,passed,1.0,isothermal,0.9333333333333333,isothermal,,,77.020065348864,84.14532470703125,0.0,True,False,48,C1CCSC1,mol_e61c7ae663276e1e,0.416,0.307,0.24625062942504883,1.0678061246871948,46.64677047729492,C=C(C)CC(C)(C)C,mol_c01ea75a8687ed16,0.5840000000000001,0.6930000000000001,0.753749430179596,1.0393633842468262,104.490478515625,,,,,,,,False
state_dc397476785dab9c550afb62,2c_a894ec22c70022e7cf39,2,binary_vle_english.xlsx,10.1016/j.jct.2009.04.006,unverified,0.5,isothermal,0.9333333333333333,isothermal,,,24.36999564672,19.15213394165039,-1.9073486328125e-06,True,False,48,CC(Cl)(Cl)Cl,mol_d8a2276bed4f13b6,0.948,0.998,0.9985543489456177,0.9974409937858582,20.225221633911133,O=C1CCCCC1,mol_09f0d60d139abab5,0.052000000000000046,0.0020000000000000018,0.0014456852804869413,0.5378634333610535,0.9899551868438721,,,,,,,,False
state_dc73cc1776f0f4a4e4ea4a1d,2c_fcb25ad973d4e5c4a4fe,2,binary_vle_english.xlsx,10.1016/j.fluid.2010.10.022,unverified,0.5,isothermal,0.875,isothermal,,,87.96023222220799,288.76416015625,0.0,True,False,48,CC#CCCC,mol_a64b37cfa024f8e7,1.0,1.0,1.0,1.0,288.76416015625,CCCOC(C)=O,mol_67043ae833ecd0c7,0.0,0.0,0.0,2.032647132873535,49.95970153808594,,,,,,,,False
state_dc880148b7733606b70c1943,2c_e87fea44a6b8ad1299a3,2,binary_vle_english.xlsx,10.1016/j.fluid.2010.03.001,unverified,0.5,isothermal,0.8947368421052632,isothermal,,,3.220001831936,8.453060150146484,-9.5367431640625e-07,True,False,48,C=C(C)[C@H]1CC=C(C)CC1,mol_768bd4f5442f0a79,0.627,0.357,0.8050104379653931,1.2790372371673584,8.485251426696777,CCCCCO,mol_243de2450bee5519,0.373,0.643,0.19498959183692932,1.5440889596939087,2.8618323802948,,,,,,,,False
state_dca0308709b44839fe5a39ea,2c_679d20c0c097df83b478,2,binary_vle_english.xlsx,10.1016/j.fluid.2010.10.022,unverified,0.5,isothermal,0.9,isothermal,,,39.770329019136,83.84461975097656,0.0,True,False,48,C#CCCCC,mol_532ee0519201d73c,0.35950000000000004,0.6208,0.8089566826820374,1.2028675079345703,156.84974670410156,CCCOC(C)=O,mol_67043ae833ecd0c7,0.6405,0.3792,0.19104328751564026,1.0557159185409546,23.688674926757812,,,,,,,,False
state_dcef4028f45fabc89e3249cb,2c_f1d29e917192fdde6ee4,2,binary_vle_english.xlsx,10.1016/j.fluid.2012.11.008,unverified,0.5,isothermal,0.9285714285714286,isothermal,,,325.899995779968,286.8218994140625,3.0517578125e-05,True,False,48,CCOC(C)=O,mol_18876b584acc43d4,0.31499999999999995,0.22299999999999998,0.2582385241985321,1.2024859189987183,195.5432586669922,COC(C)(C)C,mol_b614d6fea320c179,0.685,0.777,0.7417614459991455,1.0699623823165894,290.2802734375,,,,,,,,False
state_dd5097e6d00cc86bd959df43,2c_e87fea44a6b8ad1299a3,2,binary_vle_english.xlsx,10.1016/j.fluid.2010.03.001,unverified,0.5,isothermal,0.9444444444444444,isothermal,,,2.349940058368,2.2608132362365723,0.0,True,False,48,C=C(C)[C@H]1CC=C(C)CC1,mol_768bd4f5442f0a79,0.006000000000000005,0.020000000000000018,0.04592663422226906,2.362004041671753,7.326514720916748,CCCCCO,mol_243de2450bee5519,0.994,0.98,0.9540733695030212,1.000014305114746,2.1699705123901367,,,,,,,,False
state_de6e447542a4f73b0646a871,2c_26b0c25a9dccaa9e1115,2,binary_vle_english.xlsx,10.1016/j.fluid.2016.01.027,unverified,0.5,isothermal,0.8333333333333334,isothermal,,,186.40000253632,276.904052734375,3.0517578125e-05,True,False,48,C=C(Cl)C(F)(F)F,mol_41055367d2729aad,0.832,0.845,0.9416798949241638,1.0108047723770142,310.0573425292969,CC(F)(Cl)C(F)(F)F,mol_c4c59740db0baaf4,0.16800000000000004,0.15500000000000003,0.05832010880112648,1.2084264755249023,79.54597473144531,,,,,,,,True
state_df99c3bd42bcb90a5047312f,2c_679d20c0c097df83b478,2,binary_vle_english.xlsx,10.1016/j.fluid.2010.10.022,unverified,0.5,isothermal,0.9,isothermal,,,9.644940068224,10.210939407348633,0.0,True,False,48,C#CCCCC,mol_532ee0519201d73c,0.0,0.0,0.0,1.6088154315948486,91.58689880371094,CCCOC(C)=O,mol_67043ae833ecd0c7,1.0,1.0,1.0,1.0,10.210939407348633,,,,,,,,False
state_dfa200328758327dc57a457a,2c_679d20c0c097df83b478,2,binary_vle_english.xlsx,10.1016/j.fluid.2010.10.022,unverified,0.5,isothermal,0.9,isothermal,,,97.59597304703999,200.49127197265625,1.52587890625e-05,True,False,48,C#CCCCC,mol_532ee0519201d73c,1.0,1.0,1.0,1.0,200.4912872314453,CCCOC(C)=O,mol_67043ae833ecd0c7,0.0,0.0,0.0,1.7885788679122925,34.7778205871582,,,,,,,,False
state_dfdd6c81a3166d7feb8f8437,2c_61ebe4a2edff80d5fa4f,2,binary_vle_english.xlsx,10.1016/j.fluid.2009.01.016,unverified,0.5,isothermal,0.9090909090909091,isothermal,,,26.489954620288,29.13573455810547,-1.9073486328125e-06,True,False,48,CC(=O)C(C)(C)C,mol_61a887e37d396488,0.8731,0.9127,0.8056515455245972,1.0097053050994873,26.626529693603516,CC(C)(C)CO,mol_dfb42f12fdc989ed,0.1269,0.08730000000000004,0.19434846937656403,1.397719144821167,31.924604415893555,,,,,,,,True
state_c48c557877f265f1b9091e51,2c_f21c5beff7e3dc67c753,2,binary_vle_english.xlsx,10.1016/j.fluid.2014.01.034,unverified,0.5,isobaric,0.9375,isobaric,469.34999999999997,429.2752990722656,,,-3.814697265625e-06,True,False,48,O=[N+]([O-])c1ccc(Cl)c(Cl)c1,mol_d71344439e314718,0.739,0.748,0.7092252969741821,1.0221115350723267,18.77890968322754,O=[N+]([O-])c1cccc(Cl)c1Cl,mol_aa6ec9bb4303db75,0.261,0.252,0.29077479243278503,1.1850570440292358,18.802080154418945,,,,,,,,True
state_c5a667e65b5dabdb3a3ffb84,2c_f17e33a6fb9a3b89984d,2,binary_vle_english.xlsx,10.1016/j.fluid.2015.07.030,unverified,0.5,isobaric,0.9375,isobaric,394.65,369.2458190917969,,,1.9073486328125e-05,True,False,48,O,mol_e81dc06beaa39499,0.4011,0.99766,0.9256480932235718,1.484775185585022,82.89042663574219,OCCOCCOCCO,mol_f34461328d644291,0.5989,0.0023400000000000087,0.07435193657875061,1.0784666538238525,6.139077186584473,,,,,,,,False
state_c712d41c801717e8300b3191,2c_1694e8275721c8f0a44b,2,binary_vle_english.xlsx,10.1016/j.fluid.2013.02.005,unverified,0.5,isobaric,0.95,isobaric,343.66999999999996,353.274169921875,,,0.000518798828125,True,False,48,CC(C)OC(C)C,mol_1a0ca8e5eeb68da8,0.396,0.614,0.9095221757888794,1.2805163860321045,134.5231475830078,Cc1ccc(C)o1,mol_8abd2666cf37a39e,0.604,0.386,0.0904778391122818,1.0636155605316162,10.562936782836914,,,,,,,,False
state_c79a9766a1e94534844dbf62,2c_14f322a5589c2ae1768c,2,binary_vle_english.xlsx,10.1016/j.jct.2016.11.024,unverified,0.5,isobaric,0.9285714285714286,isobaric,384.71,395.2379455566406,,,3.910064697265625e-05,True,False,48,CCCCCCCC(=O)OC,mol_b57df1d978ebac66,0.7441,0.9226,0.7063577771186829,1.0028935670852661,5.679310321807861,CCCCCCCCCC(=O)OC,mol_95d9432584d71e0d,0.2559,0.07740000000000002,0.29364219307899475,1.0101698637008667,6.815704822540283,,,,,,,,False
state_c88e298a3c4be91b5b51d8b2,2c_4c8ca30e57e6c11f5778,2,binary_vle_english.xlsx,10.1016/j.fluid.2015.03.030,unverified,0.5,isobaric,0.9166666666666666,isobaric,517.8399999999999,474.3294372558594,,,7.62939453125e-05,True,False,48,O=C1OC(=O)c2cc(Cl)ccc21,mol_df66df7dbda573ad,0.19310000000000005,0.11499999999999999,0.22740304470062256,1.4941370487213135,48.338951110839844,O=C1OC(=O)c2cc(F)ccc21,mol_12d7c05b7c8fe7d9,0.8069,0.885,0.7725969552993774,1.0222793817520142,57.44302749633789,,,,,,,,True
state_c8e641d1a205b8b51249113f,2c_8affb2d94018c3a50639,2,binary_vle_english.xlsx,10.1016/j.jct.2017.09.020,unverified,0.5,isobaric,0.9285714285714286,isobaric,418.92999999999995,393.85577392578125,,,4.291534423828125e-06,True,False,48,CCCCCCCCCC(=O)OC,mol_95d9432584d71e0d,0.673,0.8703,0.7236295342445374,0.994540274143219,6.486841678619385,CCCCCCCCCCCC(=O)OC,mol_5c1fd649aae595b4,0.32699999999999996,0.12970000000000004,0.27637046575546265,0.9594759941101074,5.285234451293945,,,,,,,,False
state_cc6db7a550fa8f00e9e7cdc8,2c_8affb2d94018c3a50639,2,binary_vle_english.xlsx,10.1016/j.jct.2017.09.020,unverified,0.5,isobaric,0.9285714285714286,isobaric,390.42999999999995,365.1259460449219,,,0.0003687143325805664,True,False,48,CCCCCCCCCC(=O)OC,mol_95d9432584d71e0d,0.8836,0.9631,0.9355164766311646,0.9933561086654663,2.132033586502075,CCCCCCCCCCCC(=O)OC,mol_5c1fd649aae595b4,0.11639999999999995,0.036900000000000044,0.06448356807231903,0.6352037191390991,1.7445616722106934,,,,,,,,False
state_ccb0b8d7a02bbe1aa7e853b7,2c_8affb2d94018c3a50639,2,binary_vle_english.xlsx,10.1016/j.jct.2017.09.020,unverified,0.5,isobaric,0.9285714285714286,isobaric,392.09,366.8369445800781,,,0.0008851289749145508,True,False,48,CCCCCCCCCC(=O)OC,mol_95d9432584d71e0d,0.7541,0.9167,0.8364869356155396,0.9695112705230713,2.289247512817383,CCCCCCCCCCCC(=O)OC,mol_5c1fd649aae595b4,0.2459,0.08330000000000004,0.1635129749774933,0.7104654312133789,1.8726911544799805,,,,,,,,False
state_ccc709e642a40593c581ae3f,2c_4c8ca30e57e6c11f5778,2,binary_vle_english.xlsx,10.1016/j.fluid.2015.03.030,unverified,0.5,isobaric,0.9166666666666666,isobaric,507.18999999999994,459.68182373046875,,,0.000946044921875,True,False,48,O=C1OC(=O)c2cc(Cl)ccc21,mol_df66df7dbda573ad,0.38339999999999996,0.24739999999999995,0.37743648886680603,1.2539602518081665,32.44760513305664,O=C1OC(=O)c2cc(F)ccc21,mol_12d7c05b7c8fe7d9,0.6166,0.7526,0.6225635409355164,1.0875191688537598,38.37230682373047,,,,,,,,True
state_cd9b02ad859e69fd44f351fc,2c_f21c5beff7e3dc67c753,2,binary_vle_english.xlsx,10.1016/j.fluid.2014.01.034,unverified,0.5,isobaric,0.9375,isobaric,528.7,487.66070556640625,,,7.62939453125e-06,True,False,48,O=[N+]([O-])c1ccc(Cl)c(Cl)c1,mol_d71344439e314718,0.865,0.868,0.8088575005531311,1.010428547859192,93.7474594116211,O=[N+]([O-])c1cccc(Cl)c1Cl,mol_aa6ec9bb4303db75,0.135,0.132,0.1911424845457077,1.5261000394821167,93.98307037353516,,,,,,,,True
state_cea7fe2f43ea47fdaa46492e,2c_4c8ca30e57e6c11f5778,2,binary_vle_english.xlsx,10.1016/j.fluid.2015.03.030,unverified,0.5,isobaric,0.9166666666666666,isobaric,522.24,473.7977294921875,,,3.4332275390625e-05,True,False,48,O=C1OC(=O)c2cc(Cl)ccc21,mol_df66df7dbda573ad,0.3893,0.25639999999999996,0.3824255168437958,1.2639667987823486,47.665061950683594,O=C1OC(=O)c2cc(F)ccc21,mol_12d7c05b7c8fe7d9,0.6107,0.7436,0.6175745129585266,1.095137596130371,56.63254928588867,,,,,,,,True
state_cebc6e16d727e7bbfa8013be,2c_f17e33a6fb9a3b89984d,2,binary_vle_english.xlsx,10.1016/j.fluid.2015.07.030,unverified,0.5,isobaric,0.9375,isobaric,468.34999999999997,400.03125,,,9.918212890625e-05,True,False,48,O,mol_e81dc06beaa39499,0.151,0.93812,0.779131293296814,1.7629971504211426,234.10897827148438,OCCOCCOCCO,mol_f34461328d644291,0.849,0.061880000000000046,0.22086867690086365,1.0120768547058105,20.56122398376465,,,,,,,,False
state_cec64d1ed12971a905b5708b,2c_1694e8275721c8f0a44b,2,binary_vle_english.xlsx,10.1016/j.fluid.2013.02.005,unverified,0.5,isobaric,0.9545454545454546,isobaric,364.37,415.3371887207031,,,0.000640869140625,True,False,48,CC(C)OC(C)C,mol_1a0ca8e5eeb68da8,0.0,0.0,0.0,1.5648390054702759,601.8580322265625,Cc1ccc(C)o1,mol_8abd2666cf37a39e,1.0,1.0,1.0,1.0,94.00064086914062,,,,,,,,False
state_cfe9393dcef98db270bb81bd,2c_500d21d465db933527d2,2,binary_vle_english.xlsx,10.1016/j.fluid.2014.09.006,unverified,0.5,isobaric,0.9285714285714286,isobaric,412.03,339.0182800292969,,,5.125999450683594e-06,True,False,48,CCCCCCCCCCCCCC(=O)OC,mol_de3754c1966b59a2,1.0,1.0,1.0,1.0,0.49996399879455566,CCCCCCCCCCCCCCCC(=O)OC,mol_e51b7f78035080f4,0.0,0.0,0.0,0.2969672381877899,0.41040387749671936,,,,,,,,True
state_d0a188361fcc87e726fff12d,2c_f17e33a6fb9a3b89984d,2,binary_vle_english.xlsx,10.1016/j.fluid.2015.07.030,unverified,0.5,isobaric,0.9375,isobaric,518.45,414.1066589355469,,,-2.288818359375e-05,True,False,48,O,mol_e81dc06beaa39499,0.05,0.49779,0.5196932554244995,1.9381884336471558,357.475341796875,OCCOCCOCCO,mol_f34461328d644291,0.95,0.50221,0.48030680418014526,1.0013855695724487,33.65571594238281,,,,,,,,False
state_d128a3fb375dd9a3ee4ca406,2c_f17e33a6fb9a3b89984d,2,binary_vle_english.xlsx,10.1016/j.fluid.2015.07.030,unverified,0.5,isobaric,0.9375,isobaric,408.98,385.27618408203125,,,2.288818359375e-05,True,False,48,O,mol_e81dc06beaa39499,0.4011,0.98601,0.9211978912353516,1.5171678066253662,145.3090362548828,OCCOCCOCCO,mol_f34461328d644291,0.5989,0.013989999999999947,0.07880216836929321,1.0702669620513916,11.800969123840332,,,,,,,,False
state_d362bd6edecfc1dcc4685369,2c_f17e33a6fb9a3b89984d,2,binary_vle_english.xlsx,10.1016/j.fluid.2015.07.030,unverified,0.5,isobaric,0.9375,isobaric,492.67999999999995,402.5422668457031,,,0.000946044921875,True,False,48,O,mol_e81dc06beaa39499,0.099,0.82001,0.6941475868225098,1.847283959388733,253.01968383789062,OCCOCCOCCO,mol_f34461328d644291,0.901,0.17998999999999998,0.30585238337516785,1.005387783050537,22.507373809814453,,,,,,,,False
state_d5180bb2aeec90cc2942fcd8,2c_f17e33a6fb9a3b89984d,2,binary_vle_english.xlsx,10.1016/j.fluid.2015.07.030,unverified,0.5,isobaric,0.9375,isobaric,449.0,394.34466552734375,,,3.814697265625e-05,True,False,48,O,mol_e81dc06beaa39499,0.2001,0.98114,0.8297296166419983,1.6954973936080933,195.6266326904297,OCCOCCOCCO,mol_f34461328d644291,0.7999,0.018859999999999988,0.17027036845684052,1.020668625831604,16.682235717773438,,,,,,,,False
state_d5c2efbec213a1a19cb353ec,2c_500d21d465db933527d2,2,binary_vle_english.xlsx,10.1016/j.fluid.2014.09.006,unverified,0.5,isobaric,0.9285714285714286,isobaric,429.12,355.21942138671875,,,0.0002655982971191406,True,False,48,CCCCCCCCCCCCCC(=O)OC,mol_de3754c1966b59a2,0.927,0.9673,0.9681073427200317,0.9960682988166809,1.04879891872406,CCCCCCCCCCCCCCCC(=O)OC,mol_e51b7f78035080f4,0.07299999999999995,0.03269999999999995,0.03189261257648468,0.509611964225769,0.8575612902641296,,,,,,,,True
state_d5d154e9e94b156e6953a86a,2c_14f322a5589c2ae1768c,2,binary_vle_english.xlsx,10.1016/j.jct.2016.11.024,unverified,0.5,isobaric,0.9285714285714286,isobaric,370.96,367.54180908203125,,,1.3113021850585938e-06,True,False,48,CCCCCCCC(=O)OC,mol_b57df1d978ebac66,0.3594,0.7283,0.2900480031967163,0.8427360653877258,1.9152424335479736,CCCCCCCCCC(=O)OC,mol_95d9432584d71e0d,0.6406000000000001,0.27170000000000005,0.7099519371986389,0.9404314756393433,2.3568849563598633,,,,,,,,False
state_d6f2572c282f43a960253fb8,2c_f21c5beff7e3dc67c753,2,binary_vle_english.xlsx,10.1016/j.fluid.2014.01.034,unverified,0.5,isobaric,0.9375,isobaric,470.42999999999995,429.6276550292969,,,1.9073486328125e-06,True,False,48,O=[N+]([O-])c1ccc(Cl)c(Cl)c1,mol_d71344439e314718,0.193,0.205,0.22418783605098724,1.2235723733901978,18.986902236938477,O=[N+]([O-])c1cccc(Cl)c1Cl,mol_aa6ec9bb4303db75,0.8069999999999999,0.795,0.7758122086524963,1.0113911628723145,19.010475158691406,,,,,,,,True
state_d6ffb15461806418667130cc,2c_4c8ca30e57e6c11f5778,2,binary_vle_english.xlsx,10.1016/j.fluid.2015.03.030,unverified,0.5,isobaric,0.9166666666666666,isobaric,534.71,478.5462646484375,,,5.340576171875e-05,True,False,48,O=C1OC(=O)c2cc(Cl)ccc21,mol_df66df7dbda573ad,0.8599,0.7599,0.7666524648666382,1.013104796409607,53.97214889526367,O=C1OC(=O)c2cc(F)ccc21,mol_12d7c05b7c8fe7d9,0.1401,0.2401,0.23334753513336182,1.5905482769012451,64.2231674194336,,,,,,,,True
state_d74f39b59e38fbceaa7f7819,2c_4c8ca30e57e6c11f5778,2,binary_vle_english.xlsx,10.1016/j.fluid.2015.03.030,unverified,0.5,isobaric,0.9166666666666666,isobaric,525.79,487.7236328125,,,7.62939453125e-06,True,False,48,O=C1OC(=O)c2cc(Cl)ccc21,mol_df66df7dbda573ad,0.0,0.0,0.0,1.8699686527252197,68.15481567382812,O=C1OC(=O)c2cc(F)ccc21,mol_12d7c05b7c8fe7d9,1.0,1.0,1.0,1.0,81.32998657226562,,,,,,,,True
state_d7b43b2964d7971a44bec5a7,2c_851f25357ae6f5ac55a7,2,binary_vle_english.xlsx,10.1016/j.fluid.2006.03.014,unverified,0.5,isobaric,0.9,isobaric,395.25,379.7210388183594,,,-7.62939453125e-06,True,False,48,CC(C)(N)CO,mol_5dd0884957432481,0.821,0.267,0.29070401191711426,1.0344791412353516,22.83030891418457,O,mol_e81dc06beaa39499,0.17900000000000005,0.733,0.7092959880828857,2.1976513862609863,120.26557922363281,,,,,,,,False
state_d85e42de3a9c0730206d3a27,2c_f21c5beff7e3dc67c753,2,binary_vle_english.xlsx,10.1016/j.fluid.2014.01.034,unverified,0.5,isobaric,0.9375,isobaric,469.46999999999997,428.9983825683594,,,1.52587890625e-05,True,False,48,O=[N+]([O-])c1ccc(Cl)c(Cl)c1,mol_d71344439e314718,0.66,0.672,0.6375383734703064,1.0377333164215088,18.616838455200195,O=[N+]([O-])c1cccc(Cl)c1Cl,mol_aa6ec9bb4303db75,0.33999999999999997,0.32799999999999996,0.3624615967273712,1.143863558769226,18.63966941833496,,,,,,,,True
state_d9149ac5c90b9d734798a15c,2c_1694e8275721c8f0a44b,2,binary_vle_english.xlsx,10.1016/j.fluid.2013.02.005,unverified,0.5,isobaric,0.9473684210526315,isobaric,343.13,380.47576904296875,,,0.00067138671875,True,False,48,CC(C)OC(C)C,mol_1a0ca8e5eeb68da8,0.05,0.121,0.4284774363040924,1.5552923679351807,275.5002136230469,Cc1ccc(C)o1,mol_8abd2666cf37a39e,0.95,0.879,0.5715225338935852,1.0006626844406128,30.060632705688477,,,,,,,,False
state_dab7c99f0864dd28769082f4,2c_1694e8275721c8f0a44b,2,binary_vle_english.xlsx,10.1016/j.fluid.2013.02.005,unverified,0.5,isobaric,0.95,isobaric,349.92999999999995,370.7569580078125,,,3.0517578125e-05,True,False,48,CC(C)OC(C)C,mol_1a0ca8e5eeb68da8,0.185,0.358,0.7688726782798767,1.4441406726837158,215.84124755859375,Cc1ccc(C)o1,mol_8abd2666cf37a39e,0.815,0.642,0.2311273217201233,1.0101587772369385,21.055484771728516,,,,,,,,False
state_db9e6ced8075daef0ecfe6f6,2c_851f25357ae6f5ac55a7,2,binary_vle_english.xlsx,10.1016/j.fluid.2006.03.014,unverified,0.5,isobaric,0.9,isobaric,374.34999999999997,374.0496826171875,,,0.0002899169921875,True,False,48,CC(C)(N)CO,mol_5dd0884957432481,0.12,0.015,0.08393151313066483,3.8946762084960938,18.192102432250977,O,mol_e81dc06beaa39499,0.88,0.985,0.9160684943199158,1.0697981119155884,98.57205963134766,,,,,,,,False
state_dba436e5d7a52f35a36d5f4f,2c_8affb2d94018c3a50639,2,binary_vle_english.xlsx,10.1016/j.jct.2017.09.020,unverified,0.5,isobaric,0.9285714285714286,isobaric,391.15,365.9378967285156,,,0.0005661249160766602,True,False,48,CCCCCCCCCC(=O)OC,mol_95d9432584d71e0d,0.8227,0.9423,0.8927766680717468,0.9843608736991882,2.2054293155670166,CCCCCCCCCCCC(=O)OC,mol_5c1fd649aae595b4,0.1773,0.057699999999999974,0.1072232648730278,0.6704984903335571,1.8043826818466187,,,,,,,,False
state_dc5e3abb4d8b1c98a8bbfe20,2c_f21c5beff7e3dc67c753,2,binary_vle_english.xlsx,10.1016/j.fluid.2014.01.034,unverified,0.5,isobaric,0.9375,isobaric,509.17999999999995,469.8391418457031,,,3.4332275390625e-05,True,False,48,O=[N+]([O-])c1ccc(Cl)c(Cl)c1,mol_d71344439e314718,0.0,0.0,0.0,1.6658806800842285,59.870906829833984,O=[N+]([O-])c1cccc(Cl)c1Cl,mol_aa6ec9bb4303db75,1.0,1.0,1.0,1.0,60.00003433227539,,,,,,,,True
state_dc60b0ad49e7a49b9b1c95af,2c_4c8ca30e57e6c11f5778,2,binary_vle_english.xlsx,10.1016/j.fluid.2015.03.030,unverified,0.5,isobaric,0.9166666666666666,isobaric,546.26,489.4403991699219,,,-2.288818359375e-05,True,False,48,O=C1OC(=O)c2cc(Cl)ccc21,mol_df66df7dbda573ad,0.8578,0.762,0.7607029676437378,1.0140291452407837,71.12612915039062,O=C1OC(=O)c2cc(F)ccc21,mol_12d7c05b7c8fe7d9,0.1422,0.238,0.2392970621585846,1.6116830110549927,84.91974639892578,,,,,,,,True
state_dd0fb8421111781f6d7f735e,2c_1694e8275721c8f0a44b,2,binary_vle_english.xlsx,10.1016/j.fluid.2013.02.005,unverified,0.5,isobaric,0.95,isobaric,336.0,340.1332702636719,,,7.62939453125e-06,True,False,48,CC(C)OC(C)C,mol_1a0ca8e5eeb68da8,0.755,0.878,0.9724951982498169,1.057894229888916,91.31861877441406,Cc1ccc(C)o1,mol_8abd2666cf37a39e,0.245,0.122,0.02750476449728012,1.402720332145691,6.002495288848877,,,,,,,,False
state_dd549a7ab02118eb2293796e,2c_f17e33a6fb9a3b89984d,2,binary_vle_english.xlsx,10.1016/j.fluid.2015.07.030,unverified,0.5,isobaric,0.9375,isobaric,511.26,414.2063293457031,,,0.00087738037109375,True,False,48,O,mol_e81dc06beaa39499,0.099,0.7725,0.6813854575157166,1.8428242206573486,358.51190185546875,OCCOCCOCCO,mol_f34461328d644291,0.901,0.22750000000000004,0.31861457228660583,1.0051900148391724,33.76933670043945,,,,,,,,False
state_dd883d2008fa3b1b5562d3d7,2c_f17e33a6fb9a3b89984d,2,binary_vle_english.xlsx,10.1016/j.fluid.2015.07.030,unverified,0.5,isobaric,0.9375,isobaric,376.15999999999997,374.8616943359375,,,0.00043487548828125,True,False,48,O,mol_e81dc06beaa39499,0.8594,0.9991,0.9715496897697449,1.0695829391479492,101.45724487304688,OCCOCCOCCO,mol_f34461328d644291,0.14059999999999995,0.0009000000000000119,0.028450313955545425,2.500553846359253,7.767717361450195,,,,,,,,False
state_decd574461c76c2f5a741b63,2c_851f25357ae6f5ac55a7,2,binary_vle_english.xlsx,10.1016/j.fluid.2006.03.014,unverified,0.5,isobaric,0.9,isobaric,424.45,408.99615478515625,,,1.52587890625e-05,True,False,48,CC(C)(N)CO,mol_5dd0884957432481,1.0,1.0,1.0,1.0,66.69999694824219,O,mol_e81dc06beaa39499,0.0,0.0,0.0,3.108731746673584,307.5846252441406,,,,,,,,False
state_df718e39e964e498dcf86714,2c_1694e8275721c8f0a44b,2,binary_vle_english.xlsx,10.1016/j.fluid.2013.02.005,unverified,0.5,isobaric,0.9545454545454546,isobaric,340.13,342.95489501953125,,,8.392333984375e-05,True,False,48,CC(C)OC(C)C,mol_1a0ca8e5eeb68da8,0.931,0.968,0.9906546473503113,1.0053801536560059,99.48796081542969,Cc1ccc(C)o1,mol_8abd2666cf37a39e,0.06899999999999995,0.03200000000000003,0.00934531632810831,1.871766209602356,6.801764011383057,,,,,,,,False
state_dfc7e789c0bac69a4709fba8,2c_f17e33a6fb9a3b89984d,2,binary_vle_english.xlsx,10.1016/j.fluid.2015.07.030,unverified,0.5,isobaric,0.9375,isobaric,381.05999999999995,368.1051940917969,,,1.52587890625e-05,True,False,48,O,mol_e81dc06beaa39499,0.5998,0.9986,0.9574381113052368,1.338507890701294,79.4966049194336,OCCOCCOCCO,mol_f34461328d644291,0.4002,0.0013999999999999568,0.04256194457411766,1.2123923301696777,5.84744930267334,,,,,,,,False
state_dffd6f30508bbf436f1dc065,2c_200d73d6cf44caf265a9,2,binary_vle_english.xlsx,10.1016/j.fluid.2010.10.022,unverified,0.5,isothermal,0.8888888888888888,isothermal,,,80.68216415308801,293.70330810546875,0.0,True,False,48,CCC#CCC,mol_7f5d60b87bc7cd44,0.5698,0.7105,0.9124568104743958,1.1568326950073242,406.5632629394531,CCCOC(C)=O,mol_67043ae833ecd0c7,0.4302,0.2895,0.08754318207502365,1.1963021755218506,49.95970153808594,,,,,,,,False
state_e0154b94c1131233ceb7ffe6,2c_e87fea44a6b8ad1299a3,2,binary_vle_english.xlsx,10.1016/j.fluid.2010.03.001,unverified,0.5,isothermal,0.9473684210526315,isothermal,,,5.339960805503999,12.037485122680664,0.0,True,False,48,C=C(C)[C@H]1CC=C(C)CC1,mol_768bd4f5442f0a79,0.756,0.362,0.7955590486526489,1.1273571252822876,11.236340522766113,CCCCCO,mol_243de2450bee5519,0.244,0.638,0.2044409066438675,2.0758554935455322,4.85866117477417,,,,,,,,False
state_e02811b39efc44f5f7c74ffb,2c_61ebe4a2edff80d5fa4f,2,binary_vle_english.xlsx,10.1016/j.fluid.2009.01.016,unverified,0.5,isothermal,0.9090909090909091,isothermal,,,18.649932770048,18.16796875,0.0,True,False,48,CC(=O)C(C)(C)C,mol_61a887e37d396488,1.0,1.0,1.0,1.0,18.16796875,CC(C)(C)CO,mol_dfb42f12fdc989ed,0.0,0.0,0.0,1.5116584300994873,20.706920623779297,,,,,,,,True
state_e028bd38c1c23098a63aba44,2c_e87fea44a6b8ad1299a3,2,binary_vle_english.xlsx,10.1016/j.fluid.2010.03.001,unverified,0.5,isothermal,0.9444444444444444,isothermal,,,4.180056203904,10.190305709838867,0.0,True,False,48,C=C(C)[C@H]1CC=C(C)CC1,mol_768bd4f5442f0a79,0.727,0.366,0.8075855374336243,1.156898021697998,9.784671783447266,CCCCCO,mol_243de2450bee5519,0.273,0.634,0.19241443276405334,1.9185893535614014,3.7435200214385986,,,,,,,,False
state_e056ade5c3e1b64ab07f9b02,2c_a894ec22c70022e7cf39,2,binary_vle_english.xlsx,10.1016/j.jct.2009.04.006,unverified,0.5,isothermal,0.9333333333333333,isothermal,,,7.59004241024,4.253801345825195,0.0,True,False,48,CC(Cl)(Cl)Cl,mol_d8a2276bed4f13b6,0.44,0.952,0.9359516501426697,0.6835559606552124,13.237435340881348,O=C1CCCCC1,mol_09f0d60d139abab5,0.56,0.04800000000000004,0.06404832005500793,0.8595399856567383,0.5660187602043152,,,,,,,,False
state_e0b998380047597bf6d8c60b,2c_635bd51c750eee04b7c9,2,binary_vle_english.xlsx,10.1016/j.fluid.2006.10.023,unverified,0.5,isothermal,0.9230769230769231,isothermal,,,445.8000010592,186.97000122070312,0.0,True,False,48,C1CC1,mol_5b0fb88d8ed110b0,0.4574,0.5359,0.2358286827802658,1.3954399824142456,69.08141326904297,FCC(F)(F)F,mol_28a5ef315edd1f58,0.5426,0.46409999999999996,0.764171302318573,1.2372442483901978,212.8273468017578,,,,,,,,False
state_e19c732284774e5a22311ea9,2c_26b0c25a9dccaa9e1115,2,binary_vle_english.xlsx,10.1016/j.fluid.2016.01.027,unverified,0.5,isothermal,0.9090909090909091,isothermal,,,182.800031955584,169.26412963867188,1.52587890625e-05,True,False,48,C=C(Cl)C(F)(F)F,mol_41055367d2729aad,0.354,0.383,0.6928553581237793,1.06847083568573,310.0570373535156,CC(F)(Cl)C(F)(F)F,mol_c4c59740db0baaf4,0.646,0.617,0.3071446418762207,1.0117136240005493,79.5458984375,,,,,,,,True
state_e1fe7444049ec966f3c3468c,2c_679d20c0c097df83b478,2,binary_vle_english.xlsx,10.1016/j.fluid.2010.10.022,unverified,0.5,isothermal,0.9,isothermal,,,19.362807471744,60.013336181640625,-3.814697265625e-06,True,False,48,C#CCCCC,mol_532ee0519201d73c,0.849,0.9545,0.9774762988090515,1.013910174369812,68.14701080322266,CCCOC(C)=O,mol_67043ae833ecd0c7,0.151,0.0455,0.022523697465658188,1.3920873403549194,6.4304890632629395,,,,,,,,False
state_e237ba35551d4076745be201,2c_61ebe4a2edff80d5fa4f,2,binary_vle_english.xlsx,10.1016/j.fluid.2009.01.016,unverified,0.5,isothermal,0.9090909090909091,isothermal,,,14.580000842112,20.995258331298828,-1.9073486328125e-06,True,False,48,CC(=O)C(C)(C)C,mol_61a887e37d396488,0.4851,0.6639,0.47552505135536194,1.1328096389770508,18.16796875,CC(C)(C)CO,mol_dfb42f12fdc989ed,0.5149,0.33609999999999995,0.5244749784469604,1.0327792167663574,20.706920623779297,,,,,,,,True
state_e2d24bee5cf3bf6040ee26cd,2c_a894ec22c70022e7cf39,2,binary_vle_english.xlsx,10.1016/j.jct.2009.04.006,unverified,0.5,isothermal,0.9333333333333333,isothermal,,,16.63996475008,13.237436294555664,-9.5367431640625e-07,True,False,48,CC(Cl)(Cl)Cl,mol_d8a2276bed4f13b6,1.0,1.0,1.0,1.0,13.237435340881348,O=C1CCCCC1,mol_09f0d60d139abab5,0.0,0.0,0.0,0.42600956559181213,0.5660187602043152,,,,,,,,False
state_e320a9a308a6ad145b859aca,2c_a894ec22c70022e7cf39,2,binary_vle_english.xlsx,10.1016/j.jct.2009.04.006,unverified,0.5,isothermal,0.9333333333333333,isothermal,,,2.8300339055359998,1.4314756393432617,-1.1920928955078125e-07,True,False,48,CC(Cl)(Cl)Cl,mol_d8a2276bed4f13b6,0.075,0.629,0.3629162907600403,0.34248051047325134,20.225221633911133,O=C1CCCCC1,mol_09f0d60d139abab5,0.925,0.371,0.6370837092399597,0.9959169626235962,0.9899551868438721,,,,,,,,False
state_e340c045a4e73e14352b6ca6,2c_9478a219a5c540597926,2,binary_vle_english.xlsx,10.1016/j.fluid.2009.01.016,unverified,0.5,isothermal,0.9411764705882353,isothermal,,,76.170001930496,63.777793884277344,0.0,True,False,48,CC(=O)C(C)(C)C,mol_61a887e37d396488,0.0,0.0,0.0,1.6640938520431519,12.103827476501465,COC(C)(C)C,mol_b614d6fea320c179,1.0,1.0,1.0,1.0,63.777793884277344,,,,,,,,True
state_e34d23a6a21833a92840d5e4,2c_fcb25ad973d4e5c4a4fe,2,binary_vle_english.xlsx,10.1016/j.fluid.2010.10.022,unverified,0.5,isothermal,0.875,isothermal,,,1.5061427912960001,13.103925704956055,0.0,True,False,48,CC#CCCC,mol_a64b37cfa024f8e7,0.258,0.5002,0.9224628210067749,1.2833266258239746,36.50844955444336,CCCOC(C)=O,mol_67043ae833ecd0c7,0.742,0.4998,0.07753723859786987,1.0446057319641113,1.3108574151992798,,,,,,,,False
state_e3dfec04710f87a8e793834b,2c_9478a219a5c540597926,2,binary_vle_english.xlsx,10.1016/j.fluid.2009.01.016,unverified,0.5,isothermal,0.9375,isothermal,,,45.499991106304,44.816802978515625,0.0,True,False,48,CC(=O)C(C)(C)C,mol_61a887e37d396488,0.868,0.5265,0.5185890197753906,1.0056108236312866,26.626529693603516,COC(C)(C)C,mol_b614d6fea320c179,0.132,0.4735,0.481410950422287,1.3708746433258057,119.22989654541016,,,,,,,,True
state_e4259398f15852bca329ab9e,2c_200d73d6cf44caf265a9,2,binary_vle_english.xlsx,10.1016/j.fluid.2010.10.022,unverified,0.5,isothermal,0.8888888888888888,isothermal,,,11.710236870912,99.09745788574219,0.0,True,False,48,CCC#CCC,mol_7f5d60b87bc7cd44,0.6247,0.792,0.9693529009819031,1.101660966873169,139.58056640625,CCCOC(C)=O,mol_67043ae833ecd0c7,0.3753,0.208,0.030647095292806625,1.2584306001663208,6.4304890632629395,,,,,,,,False
state_e4536e0ac936078ca60ccaf5,2c_9478a219a5c540597926,2,binary_vle_english.xlsx,10.1016/j.fluid.2009.01.016,unverified,0.5,isothermal,0.9444444444444444,isothermal,,,92.809966680576,78.2652587890625,0.0,True,False,48,CC(=O)C(C)(C)C,mol_61a887e37d396488,0.18079999999999996,0.04379999999999995,0.05919812247157097,1.4104969501495361,18.16796875,COC(C)(C)C,mol_b614d6fea320c179,0.8192,0.9562,0.9408018589019775,1.0210171937942505,88.0327377319336,,,,,,,,True
state_e46afed304068535ec7a1fb3,2c_ab02ff6614bbff27b5cc,2,binary_vle_english.xlsx,10.1016/j.fluid.2015.08.008,unverified,0.5,isothermal,0.8571428571428571,isothermal,,,4.999988767104,18.02520751953125,0.0,True,False,48,C1CN=C2CCCN2C1,mol_b2e98fe3254a8c98,0.7027,0.05620000000000003,0.11790481209754944,1.0685259103775024,2.830458402633667,O,mol_e81dc06beaa39499,0.2973,0.9438,0.882095217704773,1.357588768005371,39.39422607421875,,,,,,,,False
state_e4a31e6744fc221bf4e03bee,2c_679d20c0c097df83b478,2,binary_vle_english.xlsx,10.1016/j.fluid.2010.10.022,unverified,0.5,isothermal,0.9,isothermal,,,13.931654166527998,46.0,-3.814697265625e-06,True,False,48,C#CCCCC,mol_532ee0519201d73c,0.7329,0.9148000000000001,0.9628850817680359,1.0357704162597656,58.34773635864258,CCCOC(C)=O,mol_67043ae833ecd0c7,0.2671,0.0852,0.0371149517595768,1.2672173976898193,5.044076919555664,,,,,,,,False
state_e567aeb6ba3589d44496a289,2c_200d73d6cf44caf265a9,2,binary_vle_english.xlsx,10.1016/j.fluid.2010.10.022,unverified,0.5,isothermal,0.8888888888888888,isothermal,,,8.50463385472,51.9774169921875,-7.62939453125e-06,True,False,48,CCC#CCC,mol_7f5d60b87bc7cd44,0.23919999999999997,0.4655,0.9023004174232483,1.4046874046325684,139.58056640625,CCCOC(C)=O,mol_67043ae833ecd0c7,0.7608,0.5345,0.09769955277442932,1.0379889011383057,6.4304890632629395,,,,,,,,False
state_e5c69198890ec39a6a0de1e5,2c_fcb25ad973d4e5c4a4fe,2,binary_vle_english.xlsx,10.1016/j.fluid.2010.10.022,unverified,0.5,isothermal,0.875,isothermal,,,80.492446423424,138.95037841796875,1.52587890625e-05,True,False,48,CC#CCCC,mol_a64b37cfa024f8e7,0.15649999999999997,0.2548,0.5675776600837708,1.436755657196045,350.7420654296875,CCCOC(C)=O,mol_67043ae833ecd0c7,0.8435,0.7452,0.4324222803115845,1.0125337839126587,70.35147857666016,,,,,,,,False
state_e6567ab197cc058c5f4c758c,2c_fcb25ad973d4e5c4a4fe,2,binary_vle_english.xlsx,10.1016/j.fluid.2010.10.022,unverified,0.5,isothermal,0.875,isothermal,,,15.253678767616,15.75643539428711,0.0,True,False,48,CC#CCCC,mol_a64b37cfa024f8e7,0.0,0.0,0.0,1.7215651273727417,149.9166259765625,CCCOC(C)=O,mol_67043ae833ecd0c7,1.0,1.0,1.0,1.0,15.75643539428711,,,,,,,,False
state_e688e78f65eb9f4d6fcee715,2c_e87fea44a6b8ad1299a3,2,binary_vle_english.xlsx,10.1016/j.fluid.2010.03.001,unverified,0.5,isothermal,0.9473684210526315,isothermal,,,5.800056297472,7.813442230224609,0.0,True,False,48,C=C(C)[C@H]1CC=C(C)CC1,mol_768bd4f5442f0a79,0.133,0.15800000000000003,0.45317167043685913,2.3693466186523438,11.236340522766113,CCCCCO,mol_243de2450bee5519,0.867,0.842,0.5468283295631409,1.0142796039581299,4.85866117477417,,,,,,,,False
state_e69d27f4214470b4c08abc2c,2c_679d20c0c097df83b478,2,binary_vle_english.xlsx,10.1016/j.fluid.2010.10.022,unverified,0.5,isothermal,0.9,isothermal,,,80.72709379110401,165.68890380859375,0.0,True,False,48,C#CCCCC,mol_532ee0519201d73c,0.7329,0.8825000000000001,0.9299334287643433,1.048587441444397,200.49147033691406,CCCOC(C)=O,mol_67043ae833ecd0c7,0.2671,0.1175,0.07006658613681793,1.249764323234558,34.7778205871582,,,,,,,,False
state_e6a6f6a55b83ef5208bd8a34,2c_e87fea44a6b8ad1299a3,2,binary_vle_english.xlsx,10.1016/j.fluid.2010.03.001,unverified,0.5,isothermal,0.9444444444444444,isothermal,,,3.2999952527359997,7.897893905639648,0.0,True,False,48,C=C(C)[C@H]1CC=C(C)CC1,mol_768bd4f5442f0a79,0.45099999999999996,0.30800000000000005,0.7590529918670654,1.566542148590088,8.485251426696777,CCCCCO,mol_243de2450bee5519,0.549,0.692,0.24094705283641815,1.2112014293670654,2.8618323802948,,,,,,,,False
state_e6b5489236d2be5036458e06,3c_a6f39dd395c2cfcf800d,3,ternary_vle_english.xlsx,10.1016/j.fluid.2009.01.016,unverified,0.5,isothermal,0.95,isothermal,,,23.319948676352,30.694416046142578,-1.9073486328125e-06,True,False,48,CC(=O)C(C)(C)C,mol_61a887e37d396488,0.31,0.2927,0.22003640234470367,1.1991840600967407,18.16796875,CC(C)(C)CO,mol_dfb42f12fdc989ed,0.5878,0.2542,0.40592631697654724,1.023673415184021,20.706920623779297,COC(C)(C)C,mol_b614d6fea320c179,0.1022,0.4531,0.3740372955799103,1.2760837078094482,88.0327377319336,True
state_e740d9ed06c29c2bfc85f9c5,2c_200d73d6cf44caf265a9,2,binary_vle_english.xlsx,10.1016/j.fluid.2010.10.022,unverified,0.5,isothermal,0.8888888888888888,isothermal,,,39.958980169856,192.54376220703125,0.0,True,False,48,CCC#CCC,mol_7f5d60b87bc7cd44,0.5698,0.7268,0.9363880157470703,1.148501992225647,275.5060119628906,CCCOC(C)=O,mol_67043ae833ecd0c7,0.4302,0.2732,0.06361202150583267,1.2018699645996094,23.688674926757812,,,,,,,,False
state_e7578e625e00e6d935f73495,2c_68327a02527de440bdc0,2,binary_vle_english.xlsx,10.1016/j.fluid.2015.10.041,unverified,0.5,isothermal,0.9090909090909091,isothermal,,,87.69998695987199,125.22451782226562,7.62939453125e-06,True,False,48,CCCCCO,mol_243de2450bee5519,0.135,0.15100000000000002,0.14226016402244568,2.932823896408081,44.99382400512695,CCCCCS,mol_22ade86f58436479,0.865,0.849,0.8577398657798767,1.0429456233978271,119.06036376953125,,,,,,,,False
state_e75ee60e05e99841653ecd4c,3c_a6f39dd395c2cfcf800d,3,ternary_vle_english.xlsx,10.1016/j.fluid.2009.01.016,unverified,0.5,isothermal,0.95,isothermal,,,16.87994501248,20.850112915039062,-1.9073486328125e-06,True,False,48,CC(=O)C(C)(C)C,mol_61a887e37d396488,0.6801,0.7777,0.6220363974571228,1.0496512651443481,18.16796875,CC(C)(C)CO,mol_dfb42f12fdc989ed,0.31589999999999996,0.19510000000000005,0.35547584295272827,1.1330610513687134,20.706920623779297,COC(C)(C)C,mol_b614d6fea320c179,0.004,0.0272,0.022487767040729523,1.3315285444259644,88.0327377319336,True
state_e762479eb7ef6782e3e0ef07,2c_e87fea44a6b8ad1299a3,2,binary_vle_english.xlsx,10.1016/j.fluid.2010.03.001,unverified,0.5,isothermal,0.8947368421052632,isothermal,,,1.8999770663679998,7.439349174499512,-4.76837158203125e-07,True,False,48,C=C(C)[C@H]1CC=C(C)CC1,mol_768bd4f5442f0a79,0.953,0.517,0.9435741305351257,1.0053577423095703,7.326514720916748,CCCCCO,mol_243de2450bee5519,0.047,0.483,0.05642585828900337,4.115868091583252,2.1699705123901367,,,,,,,,False
state_e7cb8e7a72b1da23245696cf,2c_ab02ff6614bbff27b5cc,2,binary_vle_english.xlsx,10.1016/j.fluid.2015.08.008,unverified,0.5,isothermal,0.9,isothermal,,,20.099946844416,32.139442443847656,-3.814697265625e-06,True,False,48,C1CN=C2CCCN2C1,mol_b2e98fe3254a8c98,0.3086,0.0030000000000000027,0.037230223417282104,1.3692816495895386,2.8316867351531982,O,mol_e81dc06beaa39499,0.6914,0.997,0.9627698063850403,1.1355921030044556,39.41023254394531,,,,,,,,False
state_e8edc6ea355e23f142977c69,2c_01fbe79446fb7e5c19eb,2,binary_vle_english.xlsx,10.1016/j.jct.2006.01.010,unverified,0.5,isothermal,0.9473684210526315,isothermal,,,6.789974879872,6.530531883239746,-4.76837158203125e-07,True,False,48,ClC(Cl)C(Cl)Cl,mol_a1518926d4831a12,0.5778,0.4716,0.4470825791358948,0.8514657020568848,5.934601783752441,O=C1CCCC1,mol_e42ea752b52da6b7,0.4222,0.5284,0.5529174208641052,0.6684431433677673,12.794581413269043,,,,,,,,False
state_e906417d046b62c09648895b,2c_3718df32cb8e1a8658b3,2,binary_vle_english.xlsx,10.1016/j.fluid.2010.03.022,passed,1.0,isothermal,0.9333333333333333,isothermal,,,73.950051180928,77.93400573730469,0.0,True,False,48,C1CCSC1,mol_e61c7ae663276e1e,0.525,0.383,0.32767564058303833,1.0427742004394531,46.64677047729492,C=C(C)CC(C)(C)C,mol_c01ea75a8687ed16,0.475,0.617,0.6723243594169617,1.0556879043579102,104.490478515625,,,,,,,,False
state_e954c576fb0d74afc8afbff2,2c_01fbe79446fb7e5c19eb,2,binary_vle_english.xlsx,10.1016/j.jct.2006.01.010,unverified,0.5,isothermal,0.9473684210526315,isothermal,,,10.319951217408,9.049690246582031,0.0,True,False,48,ClC(Cl)C(Cl)Cl,mol_a1518926d4831a12,0.842,0.8734,0.826793909072876,0.9846744537353516,9.024563789367676,O=C1CCCC1,mol_e42ea752b52da6b7,0.158,0.1266,0.1732061356306076,0.5193694829940796,19.101322174072266,,,,,,,,False
state_e9aa96aec5d01337993f7872,2c_a894ec22c70022e7cf39,2,binary_vle_english.xlsx,10.1016/j.jct.2009.04.006,unverified,0.5,isothermal,0.9333333333333333,isothermal,,,8.67995276864,5.258545875549316,-4.76837158203125e-07,True,False,48,CC(Cl)(Cl)Cl,mol_d8a2276bed4f13b6,0.507,0.963,0.95656418800354,0.7494935393333435,13.237435340881348,O=C1CCCCC1,mol_09f0d60d139abab5,0.493,0.03700000000000003,0.04343579337000847,0.8185319900512695,0.5660187602043152,,,,,,,,False
state_e9dd4271a77006de99a44ca9,2c_200d73d6cf44caf265a9,2,binary_vle_english.xlsx,10.1016/j.fluid.2010.10.022,unverified,0.5,isothermal,0.8888888888888888,isothermal,,,125.82951759603199,441.50634765625,3.0517578125e-05,True,False,48,CCC#CCC,mol_7f5d60b87bc7cd44,0.8492999999999999,0.9035,0.9604609608650208,1.027328372001648,486.0111999511719,CCCOC(C)=O,mol_67043ae833ecd0c7,0.1507,0.0965,0.03953900188207626,1.646554946899414,70.35147857666016,,,,,,,,False
state_e9e0f121ae63f0b16c123136,2c_007e04d60827397d74ab,2,binary_vle_english.xlsx,10.1016/j.fluid.2013.09.056,unverified,0.5,isothermal,0.8333333333333334,isothermal,,,406.600025130368,41.448448181152344,0.0,True,False,48,FC(C(F)(F)F)C(F)(F)F,mol_6b18cff9be152ebc,0.927,0.8936,0.44282305240631104,0.9989752173423767,19.820018768310547,FCC(F)(F)F,mol_28a5ef315edd1f58,0.073,0.1064,0.5571768879890442,0.8057422637939453,392.6289978027344,,,,,,,,False
state_ea371085c5bb3ae098cb0e4b,2c_fcb25ad973d4e5c4a4fe,2,binary_vle_english.xlsx,10.1016/j.fluid.2010.10.022,unverified,0.5,isothermal,0.875,isothermal,,,3.8351512378879997,36.635353088378906,0.0,True,False,48,CC#CCCC,mol_a64b37cfa024f8e7,0.6716,0.8217,0.9738516211509705,1.054060459136963,50.39842987060547,CCCOC(C)=O,mol_67043ae833ecd0c7,0.3284,0.1783,0.026148317381739616,1.261519432067871,2.3123152256011963,,,,,,,,False
state_ead655e9de102885a3ace1e7,2c_200d73d6cf44caf265a9,2,binary_vle_english.xlsx,10.1016/j.fluid.2010.10.022,unverified,0.5,isothermal,0.8888888888888888,isothermal,,,13.587815779456,68.09510803222656,-7.62939453125e-06,True,False,48,CCC#CCC,mol_7f5d60b87bc7cd44,0.23919999999999997,0.44999999999999996,0.8817160725593567,1.4129809141159058,177.64260864257812,CCCOC(C)=O,mol_67043ae833ecd0c7,0.7608,0.55,0.1182839572429657,1.0368250608444214,10.210939407348633,,,,,,,,False
state_eb23b890996e9ebf5135d6f4,2c_3718df32cb8e1a8658b3,2,binary_vle_english.xlsx,10.1016/j.fluid.2010.03.022,passed,1.0,isothermal,0.9230769230769231,isothermal,,,53.569994041343996,63.8040771484375,0.0,True,False,48,C1CCSC1,mol_e61c7ae663276e1e,0.525,0.374,0.286907821893692,1.0358610153198242,33.66123580932617,C=C(C)CC(C)(C)C,mol_c01ea75a8687ed16,0.475,0.626,0.7130921483039856,1.0437461137771606,91.77103424072266,,,,,,,,False
state_ebc5613ea34582fb92e401a1,2c_01fbe79446fb7e5c19eb,2,binary_vle_english.xlsx,10.1016/j.jct.2006.01.010,unverified,0.5,isothermal,0.9473684210526315,isothermal,,,7.239937871872,5.934601783752441,0.0,True,False,48,ClC(Cl)C(Cl)Cl,mol_a1518926d4831a12,1.0,1.0,1.0,1.0,5.934601783752441,O=C1CCCC1,mol_e42ea752b52da6b7,0.0,0.0,0.0,0.37637996673583984,12.794581413269043,,,,,,,,False
state_ebd438193b2e6240ea29dbb1,2c_f481f8e2e3c46fec24b0,2,binary_vle_english.xlsx,10.1016/j.fluid.2012.11.008,unverified,0.5,isothermal,0.8888888888888888,isothermal,,,498.29994977497597,487.72119140625,3.0517578125e-05,True,False,48,CCC(C)(C)OC,mol_25226214deaceb17,0.0,0.0,0.0,4.39957332611084,392.9369201660156,CCO,mol_f29e20f49d416e54,1.0,1.0,1.0,1.0,487.7212219238281,,,,,,,,False
state_ebff65837154cda669db1280,2c_68327a02527de440bdc0,2,binary_vle_english.xlsx,10.1016/j.fluid.2015.10.041,unverified,0.5,isothermal,0.9090909090909091,isothermal,,,86.099985221504,120.68453979492188,7.62939453125e-06,True,False,48,CCCCCO,mol_243de2450bee5519,0.41600000000000004,0.32999999999999996,0.2234010100364685,1.4404246807098389,44.99382400512695,CCCCCS,mol_22ade86f58436479,0.584,0.67,0.7765989899635315,1.347933292388916,119.06036376953125,,,,,,,,False
state_ec09e6257addc8c9bc8ca147,2c_a894ec22c70022e7cf39,2,binary_vle_english.xlsx,10.1016/j.jct.2009.04.006,unverified,0.5,isothermal,0.9333333333333333,isothermal,,,13.209980188544,8.517950057983398,0.0,True,False,48,CC(Cl)(Cl)Cl,mol_d8a2276bed4f13b6,0.507,0.956,0.9518234729766846,0.7906608581542969,20.225221633911133,O=C1CCCCC1,mol_09f0d60d139abab5,0.493,0.04400000000000004,0.04817651957273483,0.8408297300338745,0.9899551868438721,,,,,,,,False
state_ecaaf11947e675150c6ed775,2c_679d20c0c097df83b478,2,binary_vle_english.xlsx,10.1016/j.fluid.2010.10.022,unverified,0.5,isothermal,0.9,isothermal,,,68.227855146368,112.75166320800781,7.62939453125e-06,True,False,48,C#CCCCC,mol_532ee0519201d73c,0.22340000000000004,0.4242,0.6486259698867798,1.2952821254730225,252.73753356933594,CCCOC(C)=O,mol_67043ae833ecd0c7,0.7766,0.5758,0.3513740599155426,1.021116852760315,49.95970153808594,,,,,,,,False
state_eceb36c60cec8f52dad4cd49,3c_a6f39dd395c2cfcf800d,3,ternary_vle_english.xlsx,10.1016/j.fluid.2009.01.016,unverified,0.5,isothermal,0.95,isothermal,,,71.81995970739199,76.71473693847656,-7.62939453125e-06,True,False,48,CC(=O)C(C)(C)C,mol_61a887e37d396488,0.2245,0.0975,0.09830564260482788,1.261613368988037,26.626529693603516,CC(C)(C)CO,mol_dfb42f12fdc989ed,0.3892,0.08939999999999992,0.18413151800632477,1.1368662118911743,31.924543380737305,COC(C)(C)C,mol_b614d6fea320c179,0.3863,0.8131,0.7175628542900085,1.1951676607131958,119.22989654541016,True
state_ecf38e957f37998156d960a6,2c_6b00d1757b554f4dca5e,2,binary_vle_english.xlsx,10.1016/j.fluid.2009.01.016,unverified,0.5,isothermal,0.9166666666666666,isothermal,,,59.039944155648,53.69153594970703,-3.814697265625e-06,True,False,48,CC(C)(C)CO,mol_dfb42f12fdc989ed,0.2592,0.027699999999999947,0.07943303138017654,1.2586811780929565,13.072425842285156,COC(C)(C)C,mol_b614d6fea320c179,0.7408,0.9723,0.920566976070404,1.0461422204971313,63.777793884277344,,,,,,,,True
state_ed6f2b5a88aa28966313b1fc,2c_68327a02527de440bdc0,2,binary_vle_english.xlsx,10.1016/j.fluid.2015.10.041,unverified,0.5,isothermal,0.9090909090909091,isothermal,,,65.800054825088,76.48265075683594,0.0,True,False,48,CCCCCO,mol_243de2450bee5519,0.877,0.72,0.5230227112770081,1.0137503147125244,44.99382400512695,CCCCCS,mol_22ade86f58436479,0.123,0.28,0.4769773483276367,2.491084098815918,119.06036376953125,,,,,,,,False
state_ed7140fb0dac62f70bcddd6a,2c_e87fea44a6b8ad1299a3,2,binary_vle_english.xlsx,10.1016/j.fluid.2010.03.001,unverified,0.5,isothermal,0.9444444444444444,isothermal,,,4.300046335104,4.348812103271484,0.0,True,False,48,C=C(C)[C@H]1CC=C(C)CC1,mol_768bd4f5442f0a79,0.028000000000000025,0.07599999999999996,0.1628708690404892,2.5852928161621094,9.784671783447266,CCCCCO,mol_243de2450bee5519,0.972,0.924,0.8371291160583496,1.0004990100860596,3.7435200214385986,,,,,,,,False
state_ed9153267649900a39aac66d,2c_01fbe79446fb7e5c19eb,2,binary_vle_english.xlsx,10.1016/j.jct.2006.01.010,unverified,0.5,isothermal,0.9473684210526315,isothermal,,,18.880047177216,18.56139373779297,0.0,True,False,48,ClC(Cl)C(Cl)Cl,mol_a1518926d4831a12,0.03420000000000001,0.0049000000000000155,0.007381313014775515,0.44390687346458435,9.024563789367676,O=C1CCCC1,mol_e42ea752b52da6b7,0.9658,0.9951,0.99261873960495,0.9987169504165649,19.101322174072266,,,,,,,,False
state_ee13bd85770f21d4594828bb,2c_679d20c0c097df83b478,2,binary_vle_english.xlsx,10.1016/j.fluid.2010.10.022,unverified,0.5,isothermal,0.9,isothermal,,,56.927851201792,110.15281677246094,0.0,True,False,48,C#CCCCC,mol_532ee0519201d73c,0.35950000000000004,0.6056,0.7869411110877991,1.2026605606079102,200.49147033691406,CCCOC(C)=O,mol_67043ae833ecd0c7,0.6405,0.3944,0.21305891871452332,1.0535953044891357,34.7778205871582,,,,,,,,False
state_ee7e0f4da55ce224b0919c87,2c_a894ec22c70022e7cf39,2,binary_vle_english.xlsx,10.1016/j.jct.2009.04.006,unverified,0.5,isothermal,0.9333333333333333,isothermal,,,1.160037923968,0.9899551868438721,0.0,True,False,48,CC(Cl)(Cl)Cl,mol_d8a2276bed4f13b6,0.0,0.0,0.0,0.27134060859680176,20.225221633911133,O=C1CCCCC1,mol_09f0d60d139abab5,1.0,1.0,1.0,1.0,0.9899551868438721,,,,,,,,False
state_eee804b4689dbc834d32ddcd,2c_e87fea44a6b8ad1299a3,2,binary_vle_english.xlsx,10.1016/j.fluid.2010.03.001,unverified,0.5,isothermal,0.8947368421052632,isothermal,,,1.8999770663679998,9.784671783447266,0.0,True,False,48,C=C(C)[C@H]1CC=C(C)CC1,mol_768bd4f5442f0a79,1.0,1.0,1.0,1.0,9.784671783447266,CCCCCO,mol_243de2450bee5519,0.0,0.0,0.0,5.1979193687438965,3.7435200214385986,,,,,,,,False
state_ef9d152ca47d933b14059662,2c_61ebe4a2edff80d5fa4f,2,binary_vle_english.xlsx,10.1016/j.fluid.2009.01.016,unverified,0.5,isothermal,0.9090909090909091,isothermal,,,27.719986787455998,26.626529693603516,0.0,True,False,48,CC(=O)C(C)(C)C,mol_61a887e37d396488,1.0,1.0,1.0,1.0,26.626529693603516,CC(C)(C)CO,mol_dfb42f12fdc989ed,0.0,0.0,0.0,1.5962376594543457,31.924543380737305,,,,,,,,True
state_efaa227bffbb93061cd526e9,2c_ab02ff6614bbff27b5cc,2,binary_vle_english.xlsx,10.1016/j.fluid.2015.08.008,unverified,0.5,full_state,0.0,isothermal,,,16.10000915968,16.541507720947266,-1.9073486328125e-06,True,False,48,C1CN=C2CCCN2C1,mol_b2e98fe3254a8c98,0.09619999999999995,9.999999999998899e-05,0.012231697328388691,1.7350496053695679,1.212201476097107,O,mol_e81dc06beaa39499,0.9038,0.9999,0.9877682328224182,1.014845609664917,17.81385040283203,,,,,,,,False
state_efb660e68291f391027aa8be,2c_fcb25ad973d4e5c4a4fe,2,binary_vle_english.xlsx,10.1016/j.fluid.2010.10.022,unverified,0.5,isothermal,0.875,isothermal,,,62.214616382464,137.48422241210938,0.0,True,False,48,CC#CCCC,mol_a64b37cfa024f8e7,0.258,0.3952,0.7213615775108337,1.331199288368225,288.7640380859375,CCCOC(C)=O,mol_67043ae833ecd0c7,0.742,0.6048,0.27863845229148865,1.0334041118621826,49.95970153808594,,,,,,,,False
state_efc40bd003df186797573558,2c_679d20c0c097df83b478,2,binary_vle_english.xlsx,10.1016/j.fluid.2010.10.022,unverified,0.5,isothermal,0.9,isothermal,,,43.74720193420799,107.6619873046875,7.62939453125e-06,True,False,48,C#CCCCC,mol_532ee0519201d73c,0.849,0.9465,0.9690485000610352,1.0167784690856934,120.85758972167969,CCCOC(C)=O,mol_67043ae833ecd0c7,0.151,0.0535,0.03095150925219059,1.4005845785140991,15.75643539428711,,,,,,,,False
state_f10fc44b903b1980416b0b22,2c_200d73d6cf44caf265a9,2,binary_vle_english.xlsx,10.1016/j.fluid.2010.10.022,unverified,0.5,isothermal,0.8888888888888888,isothermal,,,18.565139744,61.08036804199219,-3.814697265625e-06,True,False,48,CCC#CCC,mol_7f5d60b87bc7cd44,0.13549999999999995,0.28580000000000005,0.7743127346038818,1.5670785903930664,222.7347412109375,CCCOC(C)=O,mol_67043ae833ecd0c7,0.8645,0.7142,0.22568729519844055,1.012012243270874,15.75643539428711,,,,,,,,False
state_f19570aed0d676697521dd12,2c_61ebe4a2edff80d5fa4f,2,binary_vle_english.xlsx,10.1016/j.fluid.2009.01.016,unverified,0.5,isothermal,0.9,isothermal,,,11.749966936576,12.451093673706055,0.0,True,False,48,CC(=O)C(C)(C)C,mol_61a887e37d396488,0.9385,0.9635,0.9143493175506592,1.0022190809249878,12.103827476501465,CC(C)(C)CO,mol_dfb42f12fdc989ed,0.0615,0.03649999999999998,0.08565065264701843,1.3264987468719482,13.072425842285156,,,,,,,,True
state_f245f6ac1f9535b1523937a3,2c_6b00d1757b554f4dca5e,2,binary_vle_english.xlsx,10.1016/j.fluid.2009.01.016,unverified,0.5,isothermal,0.8888888888888888,isothermal,,,58.879957314048,68.70538330078125,0.0,True,False,48,CC(C)(C)CO,mol_dfb42f12fdc989ed,0.6979,0.18310000000000004,0.3342796564102173,1.0308200120925903,31.924543380737305,COC(C)(C)C,mol_b614d6fea320c179,0.3021,0.8169,0.6657204031944275,1.2698333263397217,119.22989654541016,,,,,,,,True
state_f25d1063aebc6790408b8161,2c_200d73d6cf44caf265a9,2,binary_vle_english.xlsx,10.1016/j.fluid.2010.10.022,unverified,0.5,isothermal,0.8888888888888888,isothermal,,,20.865750526208,156.64132690429688,1.52587890625e-05,True,False,48,CCC#CCC,mol_7f5d60b87bc7cd44,0.8492999999999999,0.9192,0.9842386841773987,1.0218768119812012,177.64260864257812,CCCOC(C)=O,mol_67043ae833ecd0c7,0.1507,0.0808,0.015761306509375572,1.6044259071350098,10.210939407348633,,,,,,,,False
state_f28f4cf08ab23ba1f5eca373,2c_68327a02527de440bdc0,2,binary_vle_english.xlsx,10.1016/j.fluid.2015.10.041,unverified,0.5,isothermal,0.9090909090909091,isothermal,,,53.400008022144,44.99382781982422,-3.814697265625e-06,True,False,48,CCCCCO,mol_243de2450bee5519,1.0,1.0,1.0,1.0,44.99382400512695,CCCCCS,mol_22ade86f58436479,0.0,0.0,0.0,3.1696770191192627,119.06036376953125,,,,,,,,False
state_f29738527501ed9d4a5e8f02,2c_01fbe79446fb7e5c19eb,2,binary_vle_english.xlsx,10.1016/j.jct.2006.01.010,unverified,0.5,isothermal,0.9473684210526315,isothermal,,,6.559993795072,5.962968826293945,-4.76837158203125e-07,True,False,48,ClC(Cl)C(Cl)Cl,mol_a1518926d4831a12,0.7237,0.7282,0.6757130026817322,0.9381551742553711,5.934601783752441,O=C1CCCC1,mol_e42ea752b52da6b7,0.2763,0.2718,0.3242869973182678,0.5469971299171448,12.794581413269043,,,,,,,,False
state_f29b3a50fc7c76860fe9fcc9,2c_679d20c0c097df83b478,2,binary_vle_english.xlsx,10.1016/j.fluid.2010.10.022,unverified,0.5,isothermal,0.9,isothermal,,,79.564656064512,142.82635498046875,0.0,True,False,48,C#CCCCC,mol_532ee0519201d73c,0.35950000000000004,0.591,0.7643890380859375,1.2015841007232666,252.73753356933594,CCCOC(C)=O,mol_67043ae833ecd0c7,0.6405,0.409,0.2356109321117401,1.051634430885315,49.95970153808594,,,,,,,,False
state_f30fae6e78d3ba69280fa42d,2c_61ebe4a2edff80d5fa4f,2,binary_vle_english.xlsx,10.1016/j.fluid.2009.01.016,unverified,0.5,isothermal,0.9,isothermal,,,9.050055662207999,13.186166763305664,0.0,True,False,48,CC(=O)C(C)(C)C,mol_61a887e37d396488,0.4715,0.6845,0.48616307973861694,1.1233009099960327,12.103827476501465,CC(C)(C)CO,mol_dfb42f12fdc989ed,0.5285,0.3155,0.5138369202613831,0.980714738368988,13.072425842285156,,,,,,,,True
state_f40be891833af4c6cadca03e,3c_a6f39dd395c2cfcf800d,3,ternary_vle_english.xlsx,10.1016/j.fluid.2009.01.016,unverified,0.5,isothermal,0.95,isothermal,,,16.86994583488,20.60681915283203,0.0,True,False,48,CC(=O)C(C)(C)C,mol_61a887e37d396488,0.7026,0.7978,0.6463227868080139,1.0433881282806396,18.16796875,CC(C)(C)CO,mol_dfb42f12fdc989ed,0.29500000000000004,0.18920000000000003,0.3399704396724701,1.1468709707260132,20.706920623779297,COC(C)(C)C,mol_b614d6fea320c179,0.0024,0.013,0.013706660829484463,1.33686363697052,88.0327377319336,True
state_f4e6c6c2789fd3026bb9d9c1,2c_01fbe79446fb7e5c19eb,2,binary_vle_english.xlsx,10.1016/j.jct.2006.01.010,unverified,0.5,isothermal,0.9473684210526315,isothermal,,,26.079988338688,25.952415466308594,-1.9073486328125e-06,True,False,48,ClC(Cl)C(Cl)Cl,mol_a1518926d4831a12,0.08509999999999995,0.016800000000000037,0.023511596024036407,0.5346811413764954,13.410204887390137,O=C1CCCC1,mol_e42ea752b52da6b7,0.9149,0.9832,0.9764884114265442,0.9930146932601929,27.894306182861328,,,,,,,,False
state_f53398b348277ce86b59d4a8,2c_fcb25ad973d4e5c4a4fe,2,binary_vle_english.xlsx,10.1016/j.fluid.2010.10.022,unverified,0.5,isothermal,0.875,isothermal,,,52.213572269312,163.7607421875,1.52587890625e-05,True,False,48,CC#CCCC,mol_a64b37cfa024f8e7,0.5441,0.6816,0.8887935280799866,1.1380352973937988,235.05865478515625,CCCOC(C)=O,mol_67043ae833ecd0c7,0.4559,0.3184,0.11120645701885223,1.1485975980758667,34.7778205871582,,,,,,,,False
state_f5b6ce42420830a5931d3ebe,2c_a894ec22c70022e7cf39,2,binary_vle_english.xlsx,10.1016/j.jct.2009.04.006,unverified,0.5,isothermal,0.9333333333333333,isothermal,,,25.850007253888,20.225223541259766,-1.9073486328125e-06,True,False,48,CC(Cl)(Cl)Cl,mol_d8a2276bed4f13b6,1.0,1.0,1.0,1.0,20.225221633911133,O=C1CCCCC1,mol_09f0d60d139abab5,0.0,0.0,0.0,0.4963837265968323,0.9899551868438721,,,,,,,,False
state_f5c80c47bc4055fae1538f4e,2c_fcb25ad973d4e5c4a4fe,2,binary_vle_english.xlsx,10.1016/j.fluid.2010.10.022,unverified,0.5,isothermal,0.875,isothermal,,,10.101569178624,78.49479675292969,0.0,True,False,48,CC#CCCC,mol_a64b37cfa024f8e7,1.0,1.0,1.0,1.0,78.49479675292969,CCCOC(C)=O,mol_67043ae833ecd0c7,0.0,0.0,0.0,1.849961757659912,5.044076919555664,,,,,,,,False
state_f61827aabc5f781cf2e61e76,2c_a894ec22c70022e7cf39,2,binary_vle_english.xlsx,10.1016/j.jct.2009.04.006,unverified,0.5,isothermal,0.9333333333333333,isothermal,,,27.979965405056,20.966567993164062,0.0,True,False,48,CC(Cl)(Cl)Cl,mol_d8a2276bed4f13b6,0.725,0.981,0.9838055372238159,0.945558488368988,30.089168548583984,O=C1CCCCC1,mol_09f0d60d139abab5,0.275,0.019000000000000017,0.016194483265280724,0.7386247515678406,1.6716212034225464,,,,,,,,False
state_f63bb1080bae654916f6faee,2c_200d73d6cf44caf265a9,2,binary_vle_english.xlsx,10.1016/j.fluid.2010.10.022,unverified,0.5,isothermal,0.8888888888888888,isothermal,,,4.220586203776,56.60675048828125,-3.814697265625e-06,True,False,48,CCC#CCC,mol_7f5d60b87bc7cd44,0.6247,0.8137,0.9806711077690125,1.0852504968643188,81.88230895996094,CCCOC(C)=O,mol_67043ae833ecd0c7,0.3753,0.1863,0.019328899681568146,1.2608102560043335,2.3123152256011963,,,,,,,,False
state_f64bb08dda45b9a26a749cac,2c_200d73d6cf44caf265a9,2,binary_vle_english.xlsx,10.1016/j.fluid.2010.10.022,unverified,0.5,isothermal,0.8888888888888888,isothermal,,,70.63752362560001,70.35148620605469,-7.62939453125e-06,True,False,48,CCC#CCC,mol_7f5d60b87bc7cd44,0.0,0.0,0.0,1.8343926668167114,486.0111999511719,CCCOC(C)=O,mol_67043ae833ecd0c7,1.0,1.0,1.0,1.0,70.35147857666016,,,,,,,,False
state_f778757f6ce7c89fcf04b501,2c_ecb2aa3282976dc883b8,2,binary_vle_english.xlsx,10.1016/j.fluid.2017.04.014,unverified,0.5,isothermal,0.9523809523809523,isothermal,,,21.519963385984,19.60992431640625,-1.9073486328125e-06,True,False,48,CC(C)CC(C)(C)C,mol_57615b5c3546c298,0.912,0.69,0.7137329578399658,1.001763939857483,15.319740295410156,COC(C)(C)C,mol_b614d6fea320c179,0.088,0.31,0.2862670123577118,1.0658226013183594,59.85212707519531,,,,,,,,False
state_f7a3f5d5256daf6acf588dcb,2c_01fbe79446fb7e5c19eb,2,binary_vle_english.xlsx,10.1016/j.jct.2006.01.010,unverified,0.5,isothermal,0.9473684210526315,isothermal,,,15.97001985088,15.703529357910156,-9.5367431640625e-07,True,False,48,ClC(Cl)C(Cl)Cl,mol_a1518926d4831a12,0.5757,0.47919999999999996,0.43941670656204224,0.8938037157058716,13.410204887390137,O=C1CCCC1,mol_e42ea752b52da6b7,0.4243,0.5208,0.5605832934379578,0.743787407875061,27.894306182861328,,,,,,,,False
state_f863c82b86872582b81e9fb6,2c_61ebe4a2edff80d5fa4f,2,binary_vle_english.xlsx,10.1016/j.fluid.2009.01.016,unverified,0.5,isothermal,0.9,isothermal,,,11.230009701376,12.756011962890625,-9.5367431640625e-07,True,False,48,CC(=O)C(C)(C)C,mol_61a887e37d396488,0.8658,0.9202,0.8299975991249084,1.0103024244308472,12.103827476501465,CC(C)(C)CO,mol_dfb42f12fdc989ed,0.13419999999999999,0.07979999999999998,0.17000241577625275,1.2361217737197876,13.072425842285156,,,,,,,,True
state_f8f74547a915e14b01661610,2c_01fbe79446fb7e5c19eb,2,binary_vle_english.xlsx,10.1016/j.jct.2006.01.010,unverified,0.5,isothermal,0.9473684210526315,isothermal,,,15.53005603648,14.80671501159668,0.0,True,False,48,ClC(Cl)C(Cl)Cl,mol_a1518926d4831a12,0.656,0.6088,0.5538733601570129,0.9322447180747986,13.410204887390137,O=C1CCCC1,mol_e42ea752b52da6b7,0.344,0.3912,0.44612663984298706,0.6884031891822815,27.894306182861328,,,,,,,,False
state_f8f821d9364048f8ed0d9a86,2c_6b00d1757b554f4dca5e,2,binary_vle_english.xlsx,10.1016/j.fluid.2009.01.016,unverified,0.5,isothermal,0.9166666666666666,isothermal,,,108.140039165056,88.03274536132812,-7.62939453125e-06,True,False,48,CC(C)(C)CO,mol_dfb42f12fdc989ed,0.0,0.0,0.0,1.933691382408142,20.706920623779297,COC(C)(C)C,mol_b614d6fea320c179,1.0,1.0,1.0,1.0,88.0327377319336,,,,,,,,True
state_f945c74dc8e6999da32060e3,2c_ecb2aa3282976dc883b8,2,binary_vle_english.xlsx,10.1016/j.fluid.2017.04.014,unverified,0.5,isothermal,0.9523809523809523,isothermal,,,57.319952286079996,48.20219421386719,0.0,True,False,48,CC(C)CC(C)(C)C,mol_57615b5c3546c298,0.272,0.07999999999999996,0.09559133648872375,1.105770468711853,15.319740295410156,COC(C)(C)C,mol_b614d6fea320c179,0.728,0.92,0.9044086933135986,1.0005080699920654,59.85212707519531,,,,,,,,False
state_f954a1e58214fba5a9647a06,2c_635bd51c750eee04b7c9,2,binary_vle_english.xlsx,10.1016/j.fluid.2006.10.023,unverified,0.5,isothermal,0.9230769230769231,isothermal,,,209.199993977472,93.46209716796875,0.0,True,False,48,C1CC1,mol_5b0fb88d8ed110b0,0.299,0.4885,0.15375329554080963,1.5978466272354126,30.078325271606445,FCC(F)(F)F,mol_28a5ef315edd1f58,0.7010000000000001,0.5115000000000001,0.8462467193603516,1.077370524406433,104.72477722167969,,,,,,,,False
state_f979ef1e99d39cf39ff8a7d7,2c_ab02ff6614bbff27b5cc,2,binary_vle_english.xlsx,10.1016/j.fluid.2015.08.008,unverified,0.5,isothermal,0.9444444444444444,isothermal,,,0.599950656,3.4121499061584473,0.0,True,False,48,C1CN=C2CCCN2C1,mol_b2e98fe3254a8c98,0.894,0.2047,0.32033219933509827,1.0081055164337158,1.2127889394760132,O,mol_e81dc06beaa39499,0.106,0.7953,0.6796677708625793,1.2276201248168945,17.821937561035156,,,,,,,,False
state_fb4550cb6ef888be9398f07d,2c_200d73d6cf44caf265a9,2,binary_vle_english.xlsx,10.1016/j.fluid.2010.10.022,unverified,0.5,isothermal,0.8888888888888888,isothermal,,,58.555450670336,130.1810302734375,0.0,True,False,48,CCC#CCC,mol_7f5d60b87bc7cd44,0.13549999999999995,0.2529,0.6645777821540833,1.570457100868225,406.5632629394531,CCCOC(C)=O,mol_67043ae833ecd0c7,0.8645,0.7471,0.33542224764823914,1.011008381843567,49.95970153808594,,,,,,,,False
state_fc5c1b5d8e8c045ad677dd77,2c_635bd51c750eee04b7c9,2,binary_vle_english.xlsx,10.1016/j.fluid.2006.10.023,unverified,0.5,isothermal,0.8571428571428571,isothermal,,,221.400057228416,76.949951171875,-7.62939453125e-06,True,False,48,C1CC1,mol_5b0fb88d8ed110b0,0.6176,0.6167,0.2817099392414093,1.1669427156448364,30.078325271606445,FCC(F)(F)F,mol_28a5ef315edd1f58,0.38239999999999996,0.3833,0.7182900905609131,1.380196213722229,104.72477722167969,,,,,,,,False
state_fd940232b6331aafd726646d,2c_68327a02527de440bdc0,2,binary_vle_english.xlsx,10.1016/j.fluid.2015.10.041,unverified,0.5,isothermal,0.9090909090909091,isothermal,,,72.30005355456,91.16239929199219,0.0,True,False,48,CCCCCO,mol_243de2450bee5519,0.791,0.608,0.4058595895767212,1.0395902395248413,44.99382400512695,CCCCCS,mol_22ade86f58436479,0.209,0.392,0.5941404700279236,2.176663875579834,119.06036376953125,,,,,,,,False
state_e03d48c770f5128227832af3,2c_1694e8275721c8f0a44b,2,binary_vle_english.xlsx,10.1016/j.fluid.2013.02.005,unverified,0.5,isobaric,0.9545454545454546,isobaric,358.83,386.0997314453125,,,3.0517578125e-05,True,False,48,CC(C)OC(C)C,mol_1a0ca8e5eeb68da8,0.133,0.272,0.6605307459831238,1.4796292781829834,315.5124206542969,Cc1ccc(C)o1,mol_8abd2666cf37a39e,0.867,0.728,0.339469313621521,1.0045835971832275,36.637290954589844,,,,,,,,False
state_e066dad96ca33d102d393437,2c_500d21d465db933527d2,2,binary_vle_english.xlsx,10.1016/j.fluid.2014.09.006,unverified,0.5,isobaric,0.9285714285714286,isobaric,445.23,360.4751281738281,,,9.059906005859375e-06,True,False,48,CCCCCCCCCCCCCC(=O)OC,mol_de3754c1966b59a2,0.1678,0.3615,0.1271752119064331,0.5764743089675903,1.3147910833358765,CCCCCCCCCCCCCCCC(=O)OC,mol_e51b7f78035080f4,0.8322,0.6385000000000001,0.8728247880935669,0.9768186211585999,1.0737707614898682,,,,,,,,True
state_e25eb6c23f7fe83d0133a01e,2c_500d21d465db933527d2,2,binary_vle_english.xlsx,10.1016/j.fluid.2014.09.006,unverified,0.5,isobaric,0.9285714285714286,isobaric,413.80999999999995,340.5248718261719,,,1.3709068298339844e-06,True,False,48,CCCCCCCCCCCCCC(=O)OC,mol_de3754c1966b59a2,0.9128,0.9701,0.9722176194190979,0.9912279844284058,0.5372170209884644,CCCCCCCCCCCCCCCC(=O)OC,mol_e51b7f78035080f4,0.08720000000000006,0.029900000000000038,0.027782408520579338,0.3613522946834564,0.4408167004585266,,,,,,,,True
state_e2f8db4e078c44578561d22b,2c_f17e33a6fb9a3b89984d,2,binary_vle_english.xlsx,10.1016/j.fluid.2015.07.030,unverified,0.5,isobaric,0.9375,isobaric,373.25,370.2816162109375,,,1.52587890625e-05,True,False,48,O,mol_e81dc06beaa39499,0.8009,0.99923,0.9695201516151428,1.1249146461486816,86.0784683227539,OCCOCCOCCO,mol_f34461328d644291,0.19910000000000005,0.0007700000000000484,0.030479796230793,1.9089412689208984,6.414809226989746,,,,,,,,False
state_e4da0248f1f37d68a48cefeb,2c_851f25357ae6f5ac55a7,2,binary_vle_english.xlsx,10.1016/j.fluid.2006.03.014,unverified,0.5,isobaric,0.9,isobaric,371.04999999999995,364.5864562988281,,,7.62939453125e-06,True,False,48,CC(C)(N)CO,mol_5dd0884957432481,0.414,0.045,0.09989656507968903,1.3127940893173218,12.259685516357422,O,mol_e81dc06beaa39499,0.5860000000000001,0.955,0.9001033902168274,1.4685766696929932,69.76280212402344,,,,,,,,False
state_e721268281698e10406fc8c4,2c_8affb2d94018c3a50639,2,binary_vle_english.xlsx,10.1016/j.jct.2017.09.020,unverified,0.5,isobaric,0.9285714285714286,isobaric,429.37,386.3094787597656,,,6.151199340820312e-05,True,False,48,CCCCCCCCCC(=O)OC,mol_95d9432584d71e0d,0.0659,0.2162,0.06400573253631592,0.7894585132598877,4.921121120452881,CCCCCCCCCCCC(=O)OC,mol_5c1fd649aae595b4,0.9341,0.7838,0.9359942674636841,0.9985791444778442,4.0138139724731445,,,,,,,,False
state_e807c911827201fa53584ff8,2c_f21c5beff7e3dc67c753,2,binary_vle_english.xlsx,10.1016/j.fluid.2014.01.034,unverified,0.5,isobaric,0.9375,isobaric,469.25,429.6078186035156,,,-1.9073486328125e-06,True,False,48,O=[N+]([O-])c1ccc(Cl)c(Cl)c1,mol_d71344439e314718,0.805,0.812,0.7731335163116455,1.0122846364974976,18.97513771057129,O=[N+]([O-])c1cccc(Cl)c1Cl,mol_aa6ec9bb4303db75,0.19499999999999995,0.18799999999999994,0.22686649858951569,1.2247306108474731,18.99871253967285,,,,,,,,True
state_e8b587d4a83725010097e28e,2c_4c8ca30e57e6c11f5778,2,binary_vle_english.xlsx,10.1016/j.fluid.2015.03.030,unverified,0.5,isobaric,0.9166666666666666,isobaric,527.49,474.58551025390625,,,1.1444091796875e-05,True,False,48,O=C1OC(=O)c2cc(Cl)ccc21,mol_df66df7dbda573ad,0.5882000000000001,0.4326,0.5203866958618164,1.1149259805679321,48.66630172729492,O=C1OC(=O)c2cc(F)ccc21,mol_12d7c05b7c8fe7d9,0.4118,0.5674,0.4796133041381836,1.2350212335586548,57.83671951293945,,,,,,,,True
state_e8c653854f3906a6dc5e5da2,2c_1694e8275721c8f0a44b,2,binary_vle_english.xlsx,10.1016/j.fluid.2013.02.005,unverified,0.5,isobaric,0.9473684210526315,isobaric,339.85999999999996,363.848876953125,,,0.000209808349609375,True,False,48,CC(C)OC(C)C,mol_1a0ca8e5eeb68da8,0.134,0.285,0.7186129689216614,1.4893819093704224,180.03469848632812,Cc1ccc(C)o1,mol_8abd2666cf37a39e,0.866,0.7150000000000001,0.28138700127601624,1.005373477935791,16.159605026245117,,,,,,,,False
state_e8ec06bd528cf0e26a7423c9,2c_f17e33a6fb9a3b89984d,2,binary_vle_english.xlsx,10.1016/j.fluid.2015.07.030,unverified,0.5,isobaric,0.9375,isobaric,365.04999999999995,360.123291015625,,,0.0001068115234375,True,False,48,O,mol_e81dc06beaa39499,0.7529,0.99947,0.9693064093589783,1.1657804250717163,58.89515686035156,OCCOCCOCCO,mol_f34461328d644291,0.2471,0.0005300000000000304,0.030693618580698967,1.6063450574874878,4.123908996582031,,,,,,,,False
state_ead2ce8194ed20ff8f09906b,2c_f21c5beff7e3dc67c753,2,binary_vle_english.xlsx,10.1016/j.fluid.2014.01.034,unverified,0.5,isobaric,0.9375,isobaric,508.65,466.5362243652344,,,5.340576171875e-05,True,False,48,O=[N+]([O-])c1ccc(Cl)c(Cl)c1,mol_d71344439e314718,0.192,0.201,0.24539312720298767,1.3970880508422852,54.889469146728516,O=[N+]([O-])c1cccc(Cl)c1Cl,mol_aa6ec9bb4303db75,0.808,0.7989999999999999,0.7546069025993347,1.01874577999115,55.004119873046875,,,,,,,,True
state_eafc055f4878e208fdcd3923,2c_f21c5beff7e3dc67c753,2,binary_vle_english.xlsx,10.1016/j.fluid.2014.01.034,unverified,0.5,isobaric,0.9375,isobaric,528.66,488.4156799316406,,,-1.52587890625e-05,True,False,48,O=[N+]([O-])c1ccc(Cl)c(Cl)c1,mol_d71344439e314718,0.905,0.907,0.8573750257492065,1.0051614046096802,95.47628784179688,O=[N+]([O-])c1cccc(Cl)c1Cl,mol_aa6ec9bb4303db75,0.09499999999999997,0.09299999999999997,0.14262494444847107,1.5888699293136597,95.71778869628906,,,,,,,,True
state_eb8df31ed4a2331b879cf943,2c_f17e33a6fb9a3b89984d,2,binary_vle_english.xlsx,10.1016/j.fluid.2015.07.030,unverified,0.5,isobaric,0.9375,isobaric,468.13,394.468505859375,,,0.0,True,False,48,O,mol_e81dc06beaa39499,0.151,0.94186,0.7839158773422241,1.7620066404342651,196.40391540527344,OCCOCCOCCO,mol_f34461328d644291,0.849,0.05813999999999997,0.2160840779542923,1.0123283863067627,16.759414672851562,,,,,,,,False
state_ebb0981146e5c82ac96ac46d,2c_1694e8275721c8f0a44b,2,binary_vle_english.xlsx,10.1016/j.fluid.2013.02.005,unverified,0.5,isobaric,0.9473684210526315,isobaric,332.03,340.1166687011719,,,-1.1444091796875e-05,True,False,48,CC(C)OC(C)C,mol_1a0ca8e5eeb68da8,0.396,0.623,0.9227060079574585,1.2764378786087036,91.272216796875,Cc1ccc(C)o1,mol_8abd2666cf37a39e,0.604,0.377,0.0772939920425415,1.0667662620544434,5.998043537139893,,,,,,,,False
state_ec925357b1a53defc2e5352f,2c_4c8ca30e57e6c11f5778,2,binary_vle_english.xlsx,10.1016/j.fluid.2015.03.030,unverified,0.5,isobaric,0.9166666666666666,isobaric,531.4,484.5107116699219,,,3.0517578125e-05,True,False,48,O=C1OC(=O)c2cc(Cl)ccc21,mol_df66df7dbda573ad,0.30720000000000003,0.19799999999999995,0.3234871029853821,1.3621559143066406,62.87235641479492,O=C1OC(=O)c2cc(F)ccc21,mol_12d7c05b7c8fe7d9,0.6928,0.802,0.6765128374099731,1.0595749616622925,74.95270538330078,,,,,,,,True
state_eced34ae91d86d5b931529f8,2c_f21c5beff7e3dc67c753,2,binary_vle_english.xlsx,10.1016/j.fluid.2014.01.034,unverified,0.5,isobaric,0.9375,isobaric,507.58,467.2492370605469,,,6.103515625e-05,True,False,48,O=[N+]([O-])c1ccc(Cl)c(Cl)c1,mol_d71344439e314718,0.864,0.867,0.8132584095001221,1.0096899271011353,55.9343376159668,O=[N+]([O-])c1cccc(Cl)c1Cl,mol_aa6ec9bb4303db75,0.136,0.133,0.18674157559871674,1.4698154926300049,56.051979064941406,,,,,,,,True
state_ee294395e947954e802441dd,2c_14f322a5589c2ae1768c,2,binary_vle_english.xlsx,10.1016/j.jct.2016.11.024,unverified,0.5,isobaric,0.9285714285714286,isobaric,360.38,369.0052185058594,,,1.5497207641601562e-06,True,False,48,CCCCCCCC(=O)OC,mol_b57df1d978ebac66,0.8732,0.9679,0.8841825127601624,0.9942848682403564,2.0367650985717773,CCCCCCCCCC(=O)OC,mol_95d9432584d71e0d,0.12680000000000002,0.03210000000000002,0.11581747978925705,0.729861319065094,2.50286865234375,,,,,,,,False
state_ee5ce421b87c29ac7b8388bd,2c_1694e8275721c8f0a44b,2,binary_vle_english.xlsx,10.1016/j.fluid.2013.02.005,unverified,0.5,isobaric,0.9545454545454546,isobaric,355.54999999999995,373.7835388183594,,,6.103515625e-05,True,False,48,CC(C)OC(C)C,mol_1a0ca8e5eeb68da8,0.23,0.414,0.8038157820701599,1.408721923828125,233.2016143798828,Cc1ccc(C)o1,mol_8abd2666cf37a39e,0.77,0.5860000000000001,0.1961842179298401,1.0160590410232544,23.571245193481445,,,,,,,,False
state_eeca7e10f1d32c6eb218a5bc,2c_4c8ca30e57e6c11f5778,2,binary_vle_english.xlsx,10.1016/j.fluid.2015.03.030,unverified,0.5,isobaric,0.9166666666666666,isobaric,501.68999999999994,460.7835388183594,,,0.000823974609375,True,False,48,O=C1OC(=O)c2cc(Cl)ccc21,mol_df66df7dbda573ad,0.11160000000000003,0.06310000000000004,0.1430603712797165,1.583223819732666,33.46464157104492,O=C1OC(=O)c2cc(F)ccc21,mol_12d7c05b7c8fe7d9,0.8884,0.9369,0.8569396734237671,1.0070041418075562,39.58984375,,,,,,,,True
state_ef25052cb9cae16d653afdcf,2c_8affb2d94018c3a50639,2,binary_vle_english.xlsx,10.1016/j.jct.2017.09.020,unverified,0.5,isobaric,0.9285714285714286,isobaric,437.06999999999994,397.0762023925781,,,5.3882598876953125e-05,True,False,48,CCCCCCCCCC(=O)OC,mol_95d9432584d71e0d,0.1,0.2936,0.11245064437389374,0.9274214506149292,7.275165557861328,CCCCCCCCCCCC(=O)OC,mol_5c1fd649aae595b4,0.9,0.7063999999999999,0.8875493407249451,0.9986791610717773,5.924914360046387,,,,,,,,False
state_ef4443d2c907c65baae200d9,2c_f17e33a6fb9a3b89984d,2,binary_vle_english.xlsx,10.1016/j.fluid.2015.07.030,unverified,0.5,isobaric,0.9375,isobaric,364.88,364.6842956542969,,,6.103515625e-05,True,False,48,O,mol_e81dc06beaa39499,0.8959,0.99986,0.9768593311309814,1.038059115409851,70.0190200805664,OCCOCCOCCO,mol_f34461328d644291,0.10409999999999997,0.000140000000000029,0.02314070053398609,2.9377152919769287,5.044076919555664,,,,,,,,False
state_efaa227bffbb93061cd526e9,2c_ab02ff6614bbff27b5cc,2,binary_vle_english.xlsx,10.1016/j.fluid.2015.08.008,unverified,0.5,full_state,0.0,isobaric,331.46999999999997,330.8825378417969,,,3.814697265625e-06,True,False,48,C1CN=C2CCCN2C1,mol_b2e98fe3254a8c98,0.09619999999999995,9.999999999998899e-05,0.012094336561858654,1.718069076538086,1.1781283617019653,O,mol_e81dc06beaa39499,0.9038,0.9999,0.9879056811332703,1.0146114826202393,17.344812393188477,,,,,,,,False
state_f004d933ebd40c6ab574d26b,2c_4c8ca30e57e6c11f5778,2,binary_vle_english.xlsx,10.1016/j.fluid.2015.03.030,unverified,0.5,isobaric,0.9166666666666666,isobaric,529.39,485.0293273925781,,,-7.62939453125e-05,True,False,48,O=C1OC(=O)c2cc(Cl)ccc21,mol_df66df7dbda573ad,0.19440000000000002,0.11909999999999998,0.23018339276313782,1.5117555856704712,63.701019287109375,O=C1OC(=O)c2cc(F)ccc21,mol_12d7c05b7c8fe7d9,0.8056,0.8809,0.7698165774345398,1.0232340097427368,75.95268249511719,,,,,,,,True
state_f10a8966913fa90af258e7b5,2c_1694e8275721c8f0a44b,2,binary_vle_english.xlsx,10.1016/j.fluid.2013.02.005,unverified,0.5,isobaric,0.95,isobaric,340.21999999999997,346.314453125,,,0.00078582763671875,True,False,48,CC(C)OC(C)C,mol_1a0ca8e5eeb68da8,0.551,0.745,0.9455784559249878,1.1703788042068481,109.97274780273438,Cc1ccc(C)o1,mol_8abd2666cf37a39e,0.44899999999999995,0.255,0.054421525448560715,1.1547349691390991,7.872408390045166,,,,,,,,False
state_f2cdf544f8707f9301e79c99,2c_1694e8275721c8f0a44b,2,binary_vle_english.xlsx,10.1016/j.fluid.2013.02.005,unverified,0.5,isobaric,0.95,isobaric,351.46999999999997,377.02911376953125,,,6.103515625e-05,True,False,48,CC(C)OC(C)C,mol_1a0ca8e5eeb68da8,0.139,0.287,0.6935741305351257,1.479038119316101,253.0230712890625,Cc1ccc(C)o1,mol_8abd2666cf37a39e,0.861,0.7130000000000001,0.3064258396625519,1.0053378343582153,26.550432205200195,,,,,,,,False
state_f369c947f8ba4e124d5b900a,2c_500d21d465db933527d2,2,binary_vle_english.xlsx,10.1016/j.fluid.2014.09.006,unverified,0.5,isobaric,0.9285714285714286,isobaric,447.08,359.65667724609375,,,4.172325134277344e-06,True,False,48,CCCCCCCCCCCCCC(=O)OC,mol_de3754c1966b59a2,0.0813,0.21,0.052387554198503494,0.507461667060852,1.2698674201965332,CCCCCCCCCCCCCCCC(=O)OC,mol_e51b7f78035080f4,0.9187,0.79,0.9476125240325928,0.9944614768028259,1.0372731685638428,,,,,,,,True
state_f36b1de09f2a9bb1674476cf,2c_14f322a5589c2ae1768c,2,binary_vle_english.xlsx,10.1016/j.jct.2016.11.024,unverified,0.5,isobaric,0.9285714285714286,isobaric,409.12,406.7959899902344,,,6.4849853515625e-05,True,False,48,CCCCCCCC(=O)OC,mol_b57df1d978ebac66,0.2753,0.6246,0.255108505487442,1.0830073356628418,8.55636215209961,CCCCCCCCCC(=O)OC,mol_95d9432584d71e0d,0.7247,0.37539999999999996,0.7448915243148804,1.010514497756958,10.171711921691895,,,,,,,,False
state_f39755aed3fcad8922c2a83c,2c_14f322a5589c2ae1768c,2,binary_vle_english.xlsx,10.1016/j.jct.2016.11.024,unverified,0.5,isobaric,0.9285714285714286,isobaric,412.92999999999995,391.6949768066406,,,-5.245208740234375e-06,True,False,48,CCCCCCCC(=O)OC,mol_b57df1d978ebac66,0.0,0.0,0.0,1.0013705492019653,4.984607696533203,CCCCCCCCCC(=O)OC,mol_95d9432584d71e0d,1.0,1.0,1.0,1.0,6.000034809112549,,,,,,,,False
state_f3fc045b29daa086dd7f7fd3,2c_8affb2d94018c3a50639,2,binary_vle_english.xlsx,10.1016/j.jct.2017.09.020,unverified,0.5,isobaric,0.9285714285714286,isobaric,425.49,395.596435546875,,,2.193450927734375e-05,True,False,48,CCCCCCCCCC(=O)OC,mol_95d9432584d71e0d,0.3951,0.6933,0.44289520382881165,0.9743008017539978,6.9032979011535645,CCCCCCCCCCCC(=O)OC,mol_5c1fd649aae595b4,0.6049,0.3067,0.557104766368866,0.982711136341095,5.623195171356201,,,,,,,,False
state_f55098535c3bf6bb1dd03448,2c_851f25357ae6f5ac55a7,2,binary_vle_english.xlsx,10.1016/j.fluid.2006.03.014,unverified,0.5,isobaric,0.9,isobaric,407.25,387.2063903808594,,,0.000244140625,True,False,48,CC(C)(N)CO,mol_5dd0884957432481,0.901,0.486,0.41638630628585815,1.0107290744781494,30.497493743896484,O,mol_e81dc06beaa39499,0.09899999999999998,0.514,0.5836136937141418,2.5370678901672363,154.9835205078125,,,,,,,,False
state_f553f76b9ccee3c6e5659177,2c_8affb2d94018c3a50639,2,binary_vle_english.xlsx,10.1016/j.jct.2017.09.020,unverified,0.5,isobaric,0.9285714285714286,isobaric,422.18999999999994,386.2484436035156,,,6.699562072753906e-05,True,False,48,CCCCCCCCCC(=O)OC,mol_95d9432584d71e0d,0.2096,0.5032,0.2194167524576187,0.8528338074684143,4.909922122955322,CCCCCCCCCCCC(=O)OC,mol_5c1fd649aae595b4,0.7904,0.4968,0.7805832624435425,0.9864186644554138,4.004714012145996,,,,,,,,False
state_f5b9ef66dcb2cf8e861de45c,2c_1694e8275721c8f0a44b,2,binary_vle_english.xlsx,10.1016/j.fluid.2013.02.005,unverified,0.5,isobaric,0.9545454545454546,isobaric,344.0,348.9286804199219,,,3.0517578125e-05,True,False,48,CC(C)OC(C)C,mol_1a0ca8e5eeb68da8,0.704,0.845,0.9634017944335938,1.0834206342697144,118.73143005371094,Cc1ccc(C)o1,mol_8abd2666cf37a39e,0.29600000000000004,0.15500000000000003,0.03659823164343834,1.3201804161071777,8.803656578063965,,,,,,,,False
state_f5ce6edaab2da0005182ead3,2c_1694e8275721c8f0a44b,2,binary_vle_english.xlsx,10.1016/j.fluid.2013.02.005,unverified,0.5,isobaric,0.95,isobaric,338.83,344.5881652832031,,,3.814697265625e-05,True,False,48,CC(C)OC(C)C,mol_1a0ca8e5eeb68da8,0.601,0.784,0.9534165263175964,1.13877534866333,104.47957611083984,Cc1ccc(C)o1,mol_8abd2666cf37a39e,0.399,0.21599999999999997,0.04658348858356476,1.1986169815063477,7.305332660675049,,,,,,,,False
state_f6d0f4f97e861ae651250f06,2c_851f25357ae6f5ac55a7,2,binary_vle_english.xlsx,10.1016/j.fluid.2006.03.014,unverified,0.5,isobaric,0.9,isobaric,366.65,368.2769470214844,,,-3.0517578125e-05,True,False,48,CC(C)(N)CO,mol_5dd0884957432481,0.0,0.0,0.0,11.397932052612305,14.334144592285156,O,mol_e81dc06beaa39499,1.0,1.0,1.0,1.0,79.99992370605469,,,,,,,,False
state_f727fb540b224d1f453611b5,2c_f17e33a6fb9a3b89984d,2,binary_vle_english.xlsx,10.1016/j.fluid.2015.07.030,unverified,0.5,isobaric,0.9375,isobaric,529.77,420.03521728515625,,,2.288818359375e-05,True,False,48,O,mol_e81dc06beaa39499,0.05,0.4583,0.5122631192207336,1.9345120191574097,423.6304626464844,OCCOCCOCCO,mol_f34461328d644291,0.95,0.5417000000000001,0.48773694038391113,1.0013625621795654,41.01155471801758,,,,,,,,False
state_f8d00454723241335b33c3ae,2c_4c8ca30e57e6c11f5778,2,binary_vle_english.xlsx,10.1016/j.fluid.2015.03.030,unverified,0.5,isobaric,0.9166666666666666,isobaric,478.88,438.8419189453125,,,-7.62939453125e-06,True,False,48,O=C1OC(=O)c2cc(Cl)ccc21,mol_df66df7dbda573ad,0.10019999999999996,0.05279999999999996,0.1252819299697876,1.5172061920166016,17.5778751373291,O=C1OC(=O)c2cc(F)ccc21,mol_12d7c05b7c8fe7d9,0.8998,0.9472,0.8747180700302124,1.004958987236023,20.63307762145996,,,,,,,,True
state_f9e164ff4616072152ed8ac9,2c_4c8ca30e57e6c11f5778,2,binary_vle_english.xlsx,10.1016/j.fluid.2015.03.030,unverified,0.5,isobaric,0.9166666666666666,isobaric,536.13,484.7352600097656,,,-7.62939453125e-06,True,False,48,O=C1OC(=O)c2cc(Cl)ccc21,mol_df66df7dbda573ad,0.49870000000000003,0.35129999999999995,0.4573788344860077,1.1796795129776,63.230010986328125,O=C1OC(=O)c2cc(F)ccc21,mol_12d7c05b7c8fe7d9,0.5013,0.6487,0.5426211953163147,1.1678003072738647,75.38433074951172,,,,,,,,True
state_f9ee3a70f3171ffe70e8e870,2c_851f25357ae6f5ac55a7,2,binary_vle_english.xlsx,10.1016/j.fluid.2006.03.014,unverified,0.5,isobaric,0.9,isobaric,372.15,367.8616638183594,,,7.62939453125e-06,True,False,48,CC(C)(N)CO,mol_5dd0884957432481,0.289,0.031,0.08428044617176056,1.6562236547470093,14.086392402648926,O,mol_e81dc06beaa39499,0.7110000000000001,0.969,0.9157195687294006,1.3077503442764282,78.78759002685547,,,,,,,,False
state_fa58b8d51f2ca336ce85c60a,2c_4c8ca30e57e6c11f5778,2,binary_vle_english.xlsx,10.1016/j.fluid.2015.03.030,unverified,0.5,isobaric,0.9166666666666666,isobaric,524.5799999999999,474.0688171386719,,,1.9073486328125e-05,True,False,48,O=C1OC(=O)c2cc(Cl)ccc21,mol_df66df7dbda573ad,0.4982,0.34730000000000005,0.4576195180416107,1.1734468936920166,48.007667541503906,O=C1OC(=O)c2cc(F)ccc21,mol_12d7c05b7c8fe7d9,0.5018,0.6527,0.5423805117607117,1.1620713472366333,57.04450988769531,,,,,,,,True
state_fa9d07a9aef860a34b5e30b7,2c_f17e33a6fb9a3b89984d,2,binary_vle_english.xlsx,10.1016/j.fluid.2015.07.030,unverified,0.5,isobaric,0.9375,isobaric,371.34999999999997,365.83270263671875,,,-7.62939453125e-06,True,False,48,O,mol_e81dc06beaa39499,0.7529,0.99925,0.9682177305221558,1.172902226448059,73.0868148803711,OCCOCCOCCO,mol_f34461328d644291,0.2471,0.0007500000000000284,0.031782250851392746,1.6170183420181274,5.302273273468018,,,,,,,,False
state_fab08b5d6861677c1e97886f,2c_14f322a5589c2ae1768c,2,binary_vle_english.xlsx,10.1016/j.jct.2016.11.024,unverified,0.5,isobaric,0.9285714285714286,isobaric,408.87,391.9695739746094,,,3.814697265625e-06,True,False,48,CCCCCCCC(=O)OC,mol_b57df1d978ebac66,0.0595,0.2304,0.050160910934209824,1.0044851303100586,5.035694122314453,CCCCCCCCCC(=O)OC,mol_95d9432584d71e0d,0.9405,0.7696000000000001,0.9498390555381775,0.9999203085899353,6.06010627746582,,,,,,,,False
state_fab3b3852f3c350590b1dd37,2c_851f25357ae6f5ac55a7,2,binary_vle_english.xlsx,10.1016/j.fluid.2006.03.014,unverified,0.5,isobaric,0.9,isobaric,412.25,392.42010498046875,,,3.0517578125e-05,True,False,48,CC(C)(N)CO,mol_5dd0884957432481,0.901,0.484,0.4219517111778259,1.0106688737869263,37.0696907043457,O,mol_e81dc06beaa39499,0.09899999999999998,0.516,0.5780483484268188,2.540374517440796,183.87432861328125,,,,,,,,False
state_fb27d4fda7ccc91166bb9876,2c_1694e8275721c8f0a44b,2,binary_vle_english.xlsx,10.1016/j.fluid.2013.02.005,unverified,0.5,isobaric,0.9545454545454546,isobaric,346.27,352.252197265625,,,7.62939453125e-05,True,False,48,CC(C)OC(C)C,mol_1a0ca8e5eeb68da8,0.596,0.771,0.9481541514396667,1.1444528102874756,130.66612243652344,Cc1ccc(C)o1,mol_8abd2666cf37a39e,0.404,0.22899999999999998,0.05184587463736534,1.1915394067764282,10.124011039733887,,,,,,,,False
state_fb5db6dc24448f399b31f16a,2c_14f322a5589c2ae1768c,2,binary_vle_english.xlsx,10.1016/j.jct.2016.11.024,unverified,0.5,isobaric,0.9285714285714286,isobaric,382.33,395.98602294921875,,,6.961822509765625e-05,True,False,48,CCCCCCCC(=O)OC,mol_b57df1d978ebac66,0.8774,0.967,0.8540970683097839,1.0007789134979248,5.836206912994385,CCCCCCCCCC(=O)OC,mol_95d9432584d71e0d,0.12260000000000004,0.03300000000000003,0.14590293169021606,1.0201420783996582,6.999581813812256,,,,,,,,False
state_fb6c513cb70daab8697c51d2,2c_f21c5beff7e3dc67c753,2,binary_vle_english.xlsx,10.1016/j.fluid.2014.01.034,unverified,0.5,isobaric,0.9375,isobaric,470.2,429.1639404296875,,,-1.9073486328125e-05,True,False,48,O=[N+]([O-])c1ccc(Cl)c(Cl)c1,mol_d71344439e314718,0.292,0.307,0.31924012303352356,1.168439507484436,18.713584899902344,O=[N+]([O-])c1cccc(Cl)c1Cl,mol_aa6ec9bb4303db75,0.708,0.6930000000000001,0.680759847164154,1.0263549089431763,18.73663902282715,,,,,,,,True
state_fcac9c07ce94f9d57ba74181,2c_8affb2d94018c3a50639,2,binary_vle_english.xlsx,10.1016/j.jct.2017.09.020,unverified,0.5,isobaric,0.9285714285714286,isobaric,427.42999999999995,386.327880859375,,,6.270408630371094e-05,True,False,48,CCCCCCCCCC(=O)OC,mol_95d9432584d71e0d,0.0973,0.295,0.09633778780698776,0.8042324781417847,4.924501419067383,CCCCCCCCCCCC(=O)OC,mol_5c1fd649aae595b4,0.9027000000000001,0.7050000000000001,0.9036622047424316,0.9969388246536255,4.016559600830078,,,,,,,,False
state_ff0377a2650528add8014886,2c_3718df32cb8e1a8658b3,2,binary_vle_english.xlsx,10.1016/j.fluid.2010.03.022,passed,1.0,isothermal,0.9333333333333333,isothermal,,,83.670051742336,101.42543029785156,0.0,True,False,48,C1CCSC1,mol_e61c7ae663276e1e,0.069,0.06,0.039357032626867294,1.2402194738388062,46.64677047729492,C=C(C)CC(C)(C)C,mol_c01ea75a8687ed16,0.931,0.94,0.96064293384552,1.001572608947754,104.490478515625,,,,,,,,False
state_ff7a21ed1c1c107b3bece749,2c_679d20c0c097df83b478,2,binary_vle_english.xlsx,10.1016/j.fluid.2010.10.022,unverified,0.5,isothermal,0.9,isothermal,,,17.470429780352,54.02476501464844,0.0,True,False,48,C#CCCCC,mol_532ee0519201d73c,0.7329,0.9111,0.9597402811050415,1.0381379127502441,68.14701080322266,CCCOC(C)=O,mol_67043ae833ecd0c7,0.2671,0.0889,0.04025974124670029,1.2663284540176392,6.430483341217041,,,,,,,,False
state_ffaedae7d8edd1bca57befcd,2c_679d20c0c097df83b478,2,binary_vle_english.xlsx,10.1016/j.fluid.2010.10.022,unverified,0.5,isothermal,0.9,isothermal,,,5.633669982208,17.507667541503906,-1.9073486328125e-06,True,False,48,C#CCCCC,mol_532ee0519201d73c,0.22340000000000004,0.5265,0.8211609721183777,1.2950068712234497,49.69369888305664,CCCOC(C)=O,mol_67043ae833ecd0c7,0.7766,0.4735,0.17883898317813873,1.0274769067764282,3.9239275455474854,,,,,,,,False
state_fe89fc7eaabf8e5fdca62e06,2c_851f25357ae6f5ac55a7,2,binary_vle_english.xlsx,10.1016/j.fluid.2006.03.014,unverified,0.5,isobaric,0.9,isobaric,379.75,371.5543518066406,,,8.392333984375e-05,True,False,48,CC(C)(N)CO,mol_5dd0884957432481,0.51,0.069,0.1266573965549469,1.209530234336853,16.426076889038086,O,mol_e81dc06beaa39499,0.49,0.931,0.8733425736427307,1.5818686485290527,90.1380844116211,,,,,,,,False
state_fea23cc482a99f6a004b8d56,2c_4c8ca30e57e6c11f5778,2,binary_vle_english.xlsx,10.1016/j.fluid.2015.03.030,unverified,0.5,isobaric,0.9166666666666666,isobaric,500.61,445.212646484375,,,0.00012969970703125,True,False,48,O=C1OC(=O)c2cc(Cl)ccc21,mol_df66df7dbda573ad,1.0,1.0,1.0,1.0,21.330108642578125,O=C1OC(=O)c2cc(F)ccc21,mol_12d7c05b7c8fe7d9,0.0,0.0,0.0,1.7095602750778198,25.09648323059082,,,,,,,,True
state_ffafa55b294da4ebaa40eb2d,2c_f17e33a6fb9a3b89984d,2,binary_vle_english.xlsx,10.1016/j.fluid.2015.07.030,unverified,0.5,isobaric,0.9375,isobaric,391.45,375.8409729003906,,,0.00067138671875,True,False,48,O,mol_e81dc06beaa39499,0.5002,0.99664,0.94353187084198,1.4365867376327515,105.0316390991211,OCCOCCOCCO,mol_f34461328d644291,0.4998,0.0033600000000000296,0.05646814405918121,1.1174975633621216,8.08722972869873,,,,,,,,False
