sample_id,system_id,component_count,source,doi,quality_status,quality_weight,experiment_mode,experiment_mode_confidence,direction,target_temperature_k,predicted_temperature_k,target_pressure_kpa,predicted_pressure_kpa,pressure_residual_kpa,converged,nonphysical,iterations,component_smiles_1,component_id_1,x_1,y_true_1,y_pred_1,gamma_pred_1,psat_pred_kpa_1,component_smiles_2,component_id_2,x_2,y_true_2,y_pred_2,gamma_pred_2,psat_pred_kpa_2,component_smiles_3,component_id_3,x_3,y_true_3,y_pred_3,gamma_pred_3,psat_pred_kpa_3
state_01501f267da57d57d35ca95e,2c_5018f9e15dae7c08710f,2,binary_vle_english.xlsx,10.1016/j.fluid.2011.06.001,passed,1.0,isothermal,0.9090909090909091,isothermal,,,30.56,30.580711364746094,0.0,True,False,48,CC(C)CCl,mol_b6f57216bc07a08c,0.142,0.1461,0.14828723669052124,1.0907726287841797,29.27714729309082,CC(C)OC(C)C,mol_1a0ca8e5eeb68da8,0.858,0.8539,0.8517127633094788,1.0056519508361816,30.18601417541504,,,,,,,
state_038fc88c4359e71d4c6738f7,2c_ea9da779580d9b792700,2,binary_vle_english.xlsx,10.1016/j.jct.2012.11.005,unverified,0.5,isothermal,0.9411764705882353,isothermal,,,96.87,97.47492980957031,0.0,True,False,48,CC(C)OC(C)C,mol_1a0ca8e5eeb68da8,0.459,0.49,0.4881632626056671,1.793504238128662,57.80200958251953,CO,mol_a85d32e4db2ff39c,0.5409999999999999,0.51,0.5118367075920105,1.5233118534088135,60.539424896240234,,,,,,,
state_057d5f7da076f132f4977a62,2c_5018f9e15dae7c08710f,2,binary_vle_english.xlsx,10.1016/j.fluid.2011.06.001,passed,1.0,isothermal,0.9090909090909091,isothermal,,,30.535000000000004,29.557464599609375,0.0,True,False,48,CC(C)CCl,mol_b6f57216bc07a08c,0.8323,0.8285,0.8212934732437134,0.9962238073348999,29.27714729309082,CC(C)OC(C)C,mol_1a0ca8e5eeb68da8,0.16769999999999996,0.17149999999999999,0.17870652675628662,1.0434430837631226,30.18601417541504,,,,,,,
state_0993d0425b7d586341eeeceb,2c_3dbba2317f4e40b6415a,2,binary_vle_english.xlsx,10.1016/j.fluid.2014.07.025,unverified,0.5,isothermal,0.9444444444444444,isothermal,,,9.94,9.409759521484375,0.0,True,False,48,CC(C)CO,mol_015d21fca05fcd26,0.0,0.0,0.0,0.6650254726409912,71.5357894897461,CCCC(=O)O,mol_1ce6f73d446ad30c,1.0,1.0,1.0,1.0,9.409759521484375,,,,,,,
state_0c04ece4cf18302bd16b730d,2c_500953d4ef1e1d57286b,2,binary_vle_english.xlsx,10.1016/j.fluid.2012.10.015,unverified,0.5,isothermal,0.9333333333333333,isothermal,,,21.5,18.63561248779297,-1.9073486328125e-06,True,False,48,CCCCCl,mol_f7989a5c13417f20,0.3237,0.7399,0.6950523853302002,1.5376728773117065,26.0228271484375,CC[N+](=O)[O-],mol_6fdb0ec09de24512,0.6763,0.2601,0.3049476444721222,1.0898305177688599,7.710287094116211,,,,,,,
state_0c31a851edb98677100c0020,2c_4cc4055379eb0154120e,2,binary_vle_english.xlsx,10.1016/j.fluid.2015.10.041,unverified,0.5,isothermal,0.8,isothermal,,,223.09999999999997,279.6392822265625,0.0,True,False,48,CCCC,mol_fadb5806094149e6,0.19499999999999995,0.8140000000000001,0.8536733984947205,1.5114027261734009,809.9815673828125,CCSCC,mol_a7491cfbf016fee6,0.805,0.186,0.14632664620876312,1.026545524597168,49.51622009277344,,,,,,,
state_0d966b6bc0b2241a131c10f5,2c_ab90a05e58432c71abba,2,binary_vle_english.xlsx,10.1016/j.fluid.2011.05.011,unverified,0.5,isothermal,0.9411764705882353,isothermal,,,81.55,83.09626770019531,-7.62939453125e-06,True,False,48,CC(=O)CC(C)C,mol_0a895444a9f0f36b,0.07869999999999999,0.0887,0.10347883403301239,2.3469274044036865,46.554176330566406,CC(C)CC(C)(C)C,mol_57615b5c3546c298,0.9213,0.9113,0.8965212106704712,1.0099906921386719,80.06147766113281,,,,,,,
state_0ee4152325a2bd779ca9364f,2c_6cdeaa0b12c0bcad5378,2,binary_vle_english.xlsx,10.1016/j.jct.2012.01.020,passed,1.0,isothermal,0.9,isothermal,,,50.57469999999999,54.97657012939453,0.0,True,False,48,CC(C)CC(C)(C)C,mol_57615b5c3546c298,0.902,0.726,0.6778002977371216,1.0101988315582275,40.89460372924805,CCOC(C)=O,mol_18876b584acc43d4,0.098,0.274,0.3221997618675232,2.2764217853546143,79.40065002441406,,,,,,,
state_0f11a0f79cb2cdef5aad5421,2c_5018f9e15dae7c08710f,2,binary_vle_english.xlsx,10.1016/j.fluid.2011.06.001,passed,1.0,isothermal,0.9090909090909091,isothermal,,,30.64,30.310832977294922,0.0,True,False,48,CC(C)CCl,mol_b6f57216bc07a08c,0.5386,0.5364,0.5195944905281067,0.998773992061615,29.27714729309082,CC(C)OC(C)C,mol_1a0ca8e5eeb68da8,0.46140000000000003,0.4636,0.4804055392742157,1.0454963445663452,30.18601417541504,,,,,,,
state_1059a2a9cff664b934068b15,2c_3dbba2317f4e40b6415a,2,binary_vle_english.xlsx,10.1016/j.fluid.2014.07.025,unverified,0.5,isothermal,0.9444444444444444,isothermal,,,50.52,44.58030700683594,0.0,True,False,48,CC(C)CO,mol_015d21fca05fcd26,0.6257,0.9232,0.933305561542511,0.9295598864555359,71.5357894897461,CCCC(=O)O,mol_1ce6f73d446ad30c,0.37429999999999997,0.07679999999999998,0.06669444590806961,0.8441786766052246,9.409759521484375,,,,,,,
state_13966b48925bde8914f83980,2c_ab90a05e58432c71abba,2,binary_vle_english.xlsx,10.1016/j.fluid.2011.05.011,unverified,0.5,isothermal,0.9411764705882353,isothermal,,,47.33,47.37353515625,-3.814697265625e-06,True,False,48,CC(=O)CC(C)C,mol_0a895444a9f0f36b,0.994,0.9797,0.9768343567848206,1.000026822090149,46.554176330566406,CC(C)CC(C)(C)C,mol_57615b5c3546c298,0.006,0.0203,0.023165686056017876,2.284578323364258,80.06147766113281,,,,,,,
state_139cf80aec110f8f6b251a01,2c_94ed5d0a73a3c26e5ef5,2,binary_vle_english.xlsx,10.1016/j.fluid.2019.03.019,unverified,0.5,isothermal,0.9411764705882353,isothermal,,,288.0,290.16827392578125,3.0517578125e-05,True,False,48,CCO,mol_f29e20f49d416e54,0.06,0.325,0.3488922417163849,3.9539365768432617,426.737060546875,O,mol_e81dc06beaa39499,0.94,0.675,0.6511077284812927,1.0136399269104004,198.28564453125,,,,,,,
state_13f5a391df93f92ccc48c602,2c_3dbba2317f4e40b6415a,2,binary_vle_english.xlsx,10.1016/j.fluid.2014.07.025,unverified,0.5,isothermal,0.9444444444444444,isothermal,,,63.330000000000005,58.335548400878906,0.0,True,False,48,CC(C)CO,mol_015d21fca05fcd26,0.8118,0.9814,0.9777199625968933,0.9821444749832153,71.5357894897461,CCCC(=O)O,mol_1ce6f73d446ad30c,0.18820000000000003,0.01859999999999995,0.022280000150203705,0.7339227199554443,9.409759521484375,,,,,,,
state_169db9a2ca9d13611fad72af,2c_0cbde1e0afdbf0e12df4,2,binary_vle_english.xlsx,10.1016/j.fluid.2014.05.018,unverified,0.5,full_state,0.0,isothermal,,,223.99999999999997,224.885986328125,1.52587890625e-05,True,False,48,CC(C)C,mol_cd0696a421ed56d8,0.0,0.0,0.0,6.3229079246521,1989.9803466796875,CCO,mol_f29e20f49d416e54,1.0,1.0,1.0,1.0,224.88600158691406,,,,,,,
state_185a13cd1b5f70e61ddb64ab,2c_ac155ac6c9df3bfcf363,2,binary_vle_english.xlsx,10.1016/j.fluid.2014.03.033,passed,1.0,full_state,0.0,isothermal,,,9.9,8.561117172241211,-9.5367431640625e-07,True,False,48,CC(=O)CC(C)C,mol_0a895444a9f0f36b,0.18589999999999995,0.643,0.6228113174438477,1.1905851364135742,24.09056854248047,O=Cc1ccco1,mol_cfdccd30b0689448,0.8141,0.357,0.37718865275382996,1.0053284168243408,3.94551157951355,,,,,,,
state_188e6c152ade68de895cbaee,2c_e1c33e24ae7f6ab4d0bf,2,binary_vle_english.xlsx,10.1016/j.fluid.2010.01.024,unverified,0.5,isothermal,0.9333333333333333,isothermal,,,83.59,84.68984985351562,0.0,True,False,48,CC[N+](=O)[O-],mol_6fdb0ec09de24512,0.13070000000000004,0.061000000000000054,0.0647977665066719,1.262092113494873,33.26784896850586,ClCCCl,mol_e8df6c9e89c6b62a,0.8693,0.939,0.9352021813392639,1.0091251134872437,90.28636169433594,,,,,,,
state_1c6e2b3f6bc730af7a71290e,2c_e1c33e24ae7f6ab4d0bf,2,binary_vle_english.xlsx,10.1016/j.fluid.2010.01.024,unverified,0.5,isothermal,0.9333333333333333,isothermal,,,68.86,70.7496337890625,0.0,True,False,48,CC[N+](=O)[O-],mol_6fdb0ec09de24512,0.4265,0.20889999999999997,0.21477960050106049,1.0709606409072876,33.26784896850586,ClCCCl,mol_e8df6c9e89c6b62a,0.5735,0.7911,0.7852204442024231,1.0729024410247803,90.28636169433594,,,,,,,
state_1c7b2486c3a6838579e39a74,2c_ab90a05e58432c71abba,2,binary_vle_english.xlsx,10.1016/j.fluid.2011.05.011,unverified,0.5,isothermal,0.9411764705882353,isothermal,,,66.94,69.53367614746094,0.0,True,False,48,CC(=O)CC(C)C,mol_0a895444a9f0f36b,0.7497,0.5515,0.5256556272506714,1.0472500324249268,46.554176330566406,CC(C)CC(C)(C)C,mol_57615b5c3546c298,0.2503,0.4485,0.474344402551651,1.6459040641784668,80.06147766113281,,,,,,,
state_1d05162f24f8860e65aa37a5,2c_d498cbbd8f767d43f3e7,2,binary_vle_english.xlsx,10.1016/j.fluid.2011.06.001,unverified,0.5,isothermal,0.9230769230769231,isothermal,,,31.499999999999996,30.523292541503906,0.0,True,False,48,CC(C)OC(C)C,mol_1a0ca8e5eeb68da8,0.3539,0.35029999999999994,0.3663686215877533,1.0467990636825562,30.18601417541504,CCC(C)Cl,mol_9f4835d3aad75f1c,0.6461,0.6497,0.6336314082145691,0.9873569011688232,30.317554473876953,,,,,,,
state_1d6fde5dd436d2f14750f6dc,2c_e1c33e24ae7f6ab4d0bf,2,binary_vle_english.xlsx,10.1016/j.fluid.2010.01.024,unverified,0.5,isothermal,0.9333333333333333,isothermal,,,72.75,74.58810424804688,-7.62939453125e-06,True,False,48,CC[N+](=O)[O-],mol_6fdb0ec09de24512,0.3508,0.16610000000000003,0.17232391238212585,1.1013636589050293,33.26784896850586,ClCCCl,mol_e8df6c9e89c6b62a,0.6492,0.8339,0.8276760578155518,1.0532445907592773,90.28636169433594,,,,,,,
state_1e46c3706d194924d65d77ae,2c_3dbba2317f4e40b6415a,2,binary_vle_english.xlsx,10.1016/j.fluid.2014.07.025,unverified,0.5,isothermal,0.9444444444444444,isothermal,,,38.27,32.618812561035156,-3.814697265625e-06,True,False,48,CC(C)CO,mol_015d21fca05fcd26,0.452,0.8321,0.8537395000457764,0.8612548112869263,71.5357894897461,CCCC(=O)O,mol_1ce6f73d446ad30c,0.548,0.16790000000000005,0.14626048505306244,0.9252008199691772,9.409759521484375,,,,,,,
state_1fe18090d456ea19f9b6a928,2c_5018f9e15dae7c08710f,2,binary_vle_english.xlsx,10.1016/j.fluid.2011.06.001,passed,1.0,isothermal,0.9090909090909091,isothermal,,,30.565000000000005,29.83685302734375,-1.9073486328125e-06,True,False,48,CC(C)CCl,mol_b6f57216bc07a08c,0.7247,0.7202,0.7067230939865112,0.9938371777534485,29.27714729309082,CC(C)OC(C)C,mol_1a0ca8e5eeb68da8,0.2753,0.27980000000000005,0.29327690601348877,1.0529769659042358,30.18601417541504,,,,,,,
state_25827ca90aa08eb6f94cd47b,2c_94ed5d0a73a3c26e5ef5,2,binary_vle_english.xlsx,10.1016/j.fluid.2019.03.019,unverified,0.5,isothermal,0.9411764705882353,isothermal,,,431.99999999999994,431.03875732421875,3.0517578125e-05,True,False,48,CCO,mol_f29e20f49d416e54,0.894,0.886,0.8916417360305786,1.0074161291122437,426.737060546875,O,mol_e81dc06beaa39499,0.10599999999999998,0.11399999999999999,0.1083582267165184,2.2221896648406982,198.28564453125,,,,,,,
state_270ab16097e617047c3b1128,2c_ea9da779580d9b792700,2,binary_vle_english.xlsx,10.1016/j.jct.2012.11.005,unverified,0.5,isothermal,0.9411764705882353,isothermal,,,96.94,97.4429931640625,0.0,True,False,48,CC(C)OC(C)C,mol_1a0ca8e5eeb68da8,0.549,0.513,0.49603649973869324,1.5231720209121704,57.80200958251953,CO,mol_a85d32e4db2ff39c,0.45099999999999996,0.487,0.5039634704589844,1.7986009120941162,60.539424896240234,,,,,,,
state_2833d95069ec570a680bc751,2c_94ed5d0a73a3c26e5ef5,2,binary_vle_english.xlsx,10.1016/j.fluid.2019.03.019,unverified,0.5,isothermal,0.9411764705882353,isothermal,,,395.99999999999994,393.5633544921875,0.0,True,False,48,CCO,mol_f29e20f49d416e54,0.404,0.587,0.6057964563369751,1.3829282522201538,426.737060546875,O,mol_e81dc06beaa39499,0.596,0.41300000000000003,0.3942035436630249,1.3127973079681396,198.28564453125,,,,,,,
state_2877fe9ada3b954017cfed43,2c_c879fc0732268fc652fa,2,binary_vle_english.xlsx,10.1016/j.fluid.2011.06.001,passed,1.0,isothermal,0.9166666666666666,isothermal,,,28.65500000000001,28.18163299560547,0.0,True,False,48,CC(C)OC(C)C,mol_1a0ca8e5eeb68da8,0.7987,0.8407,0.8652122020721436,1.0113450288772583,30.18601417541504,CCCCCl,mol_f7989a5c13417f20,0.2013,0.1593,0.13478778302669525,1.0803717374801636,17.466251373291016,,,,,,,
state_2bc83ecfd86c4621e5cbd0f6,2c_500953d4ef1e1d57286b,2,binary_vle_english.xlsx,10.1016/j.fluid.2012.10.015,unverified,0.5,isothermal,0.9333333333333333,isothermal,,,11.0,10.37075424194336,0.0,True,False,48,CCCCCl,mol_f7989a5c13417f20,0.051,0.3614,0.29293292760849,2.2890424728393555,26.0228271484375,CC[N+](=O)[O-],mol_6fdb0ec09de24512,0.949,0.6386000000000001,0.70706707239151,1.0021533966064453,7.710287094116211,,,,,,,
state_2bd4f725f0327bd865120271,2c_c879fc0732268fc652fa,2,binary_vle_english.xlsx,10.1016/j.fluid.2011.06.001,passed,1.0,isothermal,0.9166666666666666,isothermal,,,25.19,23.171329498291016,0.0,True,False,48,CC(C)OC(C)C,mol_1a0ca8e5eeb68da8,0.397,0.489,0.5467504262924194,1.0571675300598145,30.18601417541504,CCCCCl,mol_f7989a5c13417f20,0.603,0.511,0.4532495141029358,0.9971747994422913,17.466251373291016,,,,,,,
state_2c38ec3c1340d2c0fec1d52d,2c_ab90a05e58432c71abba,2,binary_vle_english.xlsx,10.1016/j.fluid.2011.05.011,unverified,0.5,isothermal,0.9411764705882353,isothermal,,,78.43,81.21231079101562,0.0,True,False,48,CC(=O)CC(C)C,mol_0a895444a9f0f36b,0.44010000000000005,0.3335,0.32288357615470886,1.27984619140625,46.554176330566406,CC(C)CC(C)(C)C,mol_57615b5c3546c298,0.5599,0.6665,0.6771164536476135,1.2267361879348755,80.06147766113281,,,,,,,
state_2d2465f3e6a70d343d8f3601,2c_6cdeaa0b12c0bcad5378,2,binary_vle_english.xlsx,10.1016/j.jct.2012.01.020,passed,1.0,isothermal,0.9,isothermal,,,62.14489999999999,64.37591552734375,0.0,True,False,48,CC(C)CC(C)(C)C,mol_57615b5c3546c298,0.8,0.556,0.5290414094924927,1.0410152673721313,40.89460372924805,CCOC(C)=O,mol_18876b584acc43d4,0.2,0.444,0.4709585905075073,1.9092029333114624,79.40065002441406,,,,,,,
state_2d6720245bd56df6a518482c,2c_94ed5d0a73a3c26e5ef5,2,binary_vle_english.xlsx,10.1016/j.fluid.2019.03.019,unverified,0.5,isothermal,0.9411764705882353,isothermal,,,232.99999999999997,232.08346557617188,0.0,True,False,48,CCO,mol_f29e20f49d416e54,0.016,0.148,0.15842700004577637,5.3850908279418945,426.737060546875,O,mol_e81dc06beaa39499,0.984,0.852,0.8415730595588684,1.0010358095169067,198.28564453125,,,,,,,
state_309b03111faf970c6a42fe10,2c_ab90a05e58432c71abba,2,binary_vle_english.xlsx,10.1016/j.fluid.2011.05.011,unverified,0.5,isothermal,0.9411764705882353,isothermal,,,53.000000000000014,53.86204528808594,3.814697265625e-06,True,False,48,CC(=O)CC(C)C,mol_0a895444a9f0f36b,0.9411,0.835,0.8155126571655273,1.0025802850723267,46.554176330566406,CC(C)CC(C)(C)C,mol_57615b5c3546c298,0.0589,0.165,0.18448732793331146,2.1072232723236084,80.06147766113281,,,,,,,
state_318632659cbeb0a5d29aa4ed,2c_4cc4055379eb0154120e,2,binary_vle_english.xlsx,10.1016/j.fluid.2015.10.041,unverified,0.5,isothermal,0.8,isothermal,,,371.7,443.0223388671875,0.0,True,False,48,CCCC,mol_fadb5806094149e6,0.392,0.904,0.9240136742591858,1.2892669439315796,809.9815673828125,CCSCC,mol_a7491cfbf016fee6,0.608,0.096,0.0759863331913948,1.118175745010376,49.51622009277344,,,,,,,
state_31e35edb3ba86ed17311c5a0,2c_94ed5d0a73a3c26e5ef5,2,binary_vle_english.xlsx,10.1016/j.fluid.2019.03.019,unverified,0.5,isothermal,0.9411764705882353,isothermal,,,381.99999999999994,377.24652099609375,0.0,True,False,48,CCO,mol_f29e20f49d416e54,0.309,0.546,0.5608091950416565,1.6044328212738037,426.737060546875,O,mol_e81dc06beaa39499,0.6910000000000001,0.45399999999999996,0.4391908645629883,1.209230899810791,198.28564453125,,,,,,,
state_3277bad134a3fe6c60cf86ae,2c_ab90a05e58432c71abba,2,binary_vle_english.xlsx,10.1016/j.fluid.2011.05.011,unverified,0.5,isothermal,0.9411764705882353,isothermal,,,80.03,80.06147766113281,0.0,True,False,48,CC(=O)CC(C)C,mol_0a895444a9f0f36b,0.0,0.0,0.0,3.0202810764312744,46.554176330566406,CC(C)CC(C)(C)C,mol_57615b5c3546c298,1.0,1.0,1.0,1.0,80.06147766113281,,,,,,,
state_327d5db4d552cb2fd7a7514f,2c_ea9da779580d9b792700,2,binary_vle_english.xlsx,10.1016/j.jct.2012.11.005,unverified,0.5,isothermal,0.9411764705882353,isothermal,,,82.85,82.94508361816406,0.0,True,False,48,CC(C)OC(C)C,mol_1a0ca8e5eeb68da8,0.079,0.32,0.31700944900512695,5.7582807540893555,57.80200958251953,CO,mol_a85d32e4db2ff39c,0.921,0.6799999999999999,0.6829904913902283,1.0160319805145264,60.539424896240234,,,,,,,
state_32bbab5350c9d7ad5d5d3006,2c_e1c33e24ae7f6ab4d0bf,2,binary_vle_english.xlsx,10.1016/j.fluid.2010.01.024,unverified,0.5,isothermal,0.9333333333333333,isothermal,,,45.1,46.465057373046875,0.0,True,False,48,CC[N+](=O)[O-],mol_6fdb0ec09de24512,0.8244,0.6105,0.5932288765907288,1.0050462484359741,33.26784896850586,ClCCCl,mol_e8df6c9e89c6b62a,0.1756,0.3895,0.40677109360694885,1.1921472549438477,90.28636169433594,,,,,,,
state_331621fc4e3401392a305029,2c_94ed5d0a73a3c26e5ef5,2,binary_vle_english.xlsx,10.1016/j.fluid.2019.03.019,unverified,0.5,isothermal,0.9411764705882353,isothermal,,,272.00000000000006,275.9573974609375,0.0,True,False,48,CCO,mol_f29e20f49d416e54,0.046,0.292,0.3088912069797516,4.342395782470703,426.737060546875,O,mol_e81dc06beaa39499,0.954,0.708,0.691108763217926,1.0082048177719116,198.28564453125,,,,,,,
state_34a17d64b5f9bd3688cdbeb4,2c_ea9da779580d9b792700,2,binary_vle_english.xlsx,10.1016/j.jct.2012.11.005,unverified,0.5,isothermal,0.9411764705882353,isothermal,,,68.86,68.63331604003906,-7.62939453125e-06,True,False,48,CC(C)OC(C)C,mol_1a0ca8e5eeb68da8,0.021,0.126,0.13544879853725433,7.658573150634766,57.80200958251953,CO,mol_a85d32e4db2ff39c,0.979,0.874,0.8645511865615845,1.0011627674102783,60.539424896240234,,,,,,,
state_35c8a6d1ec0576316e43eaf0,2c_500953d4ef1e1d57286b,2,binary_vle_english.xlsx,10.1016/j.fluid.2012.10.015,unverified,0.5,isothermal,0.9333333333333333,isothermal,,,26.939999999999998,22.821895599365234,-1.9073486328125e-06,True,False,48,CCCCCl,mol_f7989a5c13417f20,0.6247,0.8498,0.8220605850219727,1.1540629863739014,26.0228271484375,CC[N+](=O)[O-],mol_6fdb0ec09de24512,0.37529999999999997,0.1502,0.17793945968151093,1.4033786058425903,7.710287094116211,,,,,,,
state_3751ca80fbfa2cd3a58a6166,2c_94ed5d0a73a3c26e5ef5,2,binary_vle_english.xlsx,10.1016/j.fluid.2019.03.019,unverified,0.5,isothermal,0.9411764705882353,isothermal,,,300.0,302.32452392578125,3.0517578125e-05,True,False,48,CCO,mol_f29e20f49d416e54,0.075,0.373,0.38073182106018066,3.5964245796203613,426.737060546875,O,mol_e81dc06beaa39499,0.925,0.627,0.6192681789398193,1.0207494497299194,198.28564453125,,,,,,,
state_3793eeffc24d4ceec6701476,2c_5018f9e15dae7c08710f,2,binary_vle_english.xlsx,10.1016/j.fluid.2011.06.001,passed,1.0,isothermal,0.9090909090909091,isothermal,,,30.545,30.492084503173828,-1.9073486328125e-06,True,False,48,CC(C)CCl,mol_b6f57216bc07a08c,0.0943,0.0985,0.1009969636797905,1.1154624223709106,29.27714729309082,CC(C)OC(C)C,mol_1a0ca8e5eeb68da8,0.9057,0.9015,0.8990030884742737,1.002670168876648,30.18601417541504,,,,,,,
state_3819e5ecfbfb3edf4f6aa7a9,2c_98afb8e6c65a310db5e0,2,binary_vle_english.xlsx,10.1016/j.jct.2012.12.026,unverified,0.5,isothermal,0.9166666666666666,isothermal,,,388.1,338.86041259765625,0.0,True,False,48,F/C=C/C(F)(F)F,mol_0e763ba6787b2749,0.11099999999999999,0.12,0.09012999385595322,1.0307210683822632,266.9476013183594,FC(F)C(F)F,mol_fccff6221e62b4bc,0.889,0.88,0.9098700284957886,0.9983741044998169,347.3802490234375,,,,,,,
state_3986c5e4ce80091d18bc546f,2c_6aab25a5edecf15e2cbf,2,binary_vle_english.xlsx,10.1016/j.fluid.2015.04.009,unverified,0.5,isothermal,0.75,isothermal,,,408.0,413.37322998046875,0.0,True,False,48,CCCO,mol_5fb2f93dc8caa9dc,0.9993,0.9978,0.9987546801567078,1.0,413.1476745605469,CCO,mol_f29e20f49d416e54,0.0007,0.0022,0.0012453057570382953,0.9741425514221191,754.91455078125,,,,,,,
state_3a4184e5a72c95ff39428a02,2c_5018f9e15dae7c08710f,2,binary_vle_english.xlsx,10.1016/j.fluid.2011.06.001,passed,1.0,isothermal,0.9090909090909091,isothermal,,,30.675000000000004,30.465229034423828,0.0,True,False,48,CC(C)CCl,mol_b6f57216bc07a08c,0.4613,0.4612,0.44600072503089905,1.0060690641403198,29.27714729309082,CC(C)OC(C)C,mol_1a0ca8e5eeb68da8,0.5387,0.5388,0.5539992451667786,1.0379128456115723,30.18601417541504,,,,,,,
state_007850e0adedfb76540204b4,2c_443810127d849cf82a31,2,binary_vle_english.xlsx,10.1016/j.fluid.2014.09.021,unverified,0.5,isobaric,0.9545454545454546,isobaric,421.40999999999997,422.2978515625,,,9.1552734375e-05,True,False,48,CCC(C)O,mol_06affb0d2c6c8ff2,0.047,0.138,0.11265047639608383,0.7001135945320129,346.7979736328125,CN(C)C=O,mol_ca12d6d2f2ffb170,0.953,0.862,0.8873494863510132,0.9995975494384766,94.35968780517578,,,,,,,
state_0079e7c975a9b2797bf6cd6f,2c_375f45238dade7281e25,2,binary_vle_english.xlsx,10.1016/j.jct.2019.03.036,unverified,0.5,isobaric,0.9473684210526315,isobaric,452.5,442.40130615234375,,,0.0005340576171875,True,False,48,CCOC(C)=O,mol_18876b584acc43d4,0.0153,0.2863,0.4522678554058075,2.950256824493408,1014.9769897460938,CS(C)=O,mol_7d3e12eaed0f467c,0.9847,0.7137,0.5477321743965149,1.0002458095550537,56.333831787109375,,,,,,,
state_0091f6af415ca513263fb1b0,2c_1490252da7453cbbebe4,2,binary_vle_english.xlsx,10.1016/j.jct.2011.10.025,unverified,0.5,isobaric,0.9545454545454546,isobaric,350.39,349.48773193359375,,,-0.00018310546875,True,False,48,CC(C)CC(C)(C)C,mol_57615b5c3546c298,0.19499999999999995,0.28500000000000003,0.29745689034461975,3.0542800426483154,50.59286117553711,CC(C)O,mol_db030b5de88f8eaf,0.805,0.715,0.7025430798530579,1.080223798751831,81.8412094116211,,,,,,,
state_019190138d4d7d1ba8563096,2c_df88b179a6c12f0b788b,2,binary_vle_english.xlsx,10.1016/j.jct.2006.12.003,unverified,0.5,isobaric,0.9333333333333333,isobaric,378.25,380.1717529296875,,,0.0003204345703125,True,False,48,Cc1ccccc1,mol_1c09299644053521,0.888,0.78,0.8006678819656372,1.00141441822052,91.208740234375,ClCCCl,mol_e8df6c9e89c6b62a,0.112,0.22,0.19933205842971802,0.9074306488037109,198.6810760498047,,,,,,,
state_01b7a40f24aacee3ff921045,2c_f3783588430c6c1dd8cb,2,binary_vle_english.xlsx,10.1016/j.fluid.2007.06.005,unverified,0.5,isobaric,0.9545454545454546,isobaric,368.6,366.34588623046875,,,0.001068115234375,True,False,48,CC(C)CC(C)(C)C,mol_57615b5c3546c298,0.97,0.875,0.8198651075363159,1.0021189451217651,85.4408187866211,CCC(C)=O,mol_4cfc5db0ca2ab00b,0.03,0.125,0.18013489246368408,3.931680679321289,154.70787048339844,,,,,,,
state_0344f9484ed065b3d3d78f22,2c_ba6de3f53ea6de13738b,2,binary_vle_english.xlsx,10.1016/j.fluid.2006.02.009,unverified,0.5,isobaric,0.95,isobaric,369.94,371.76312255859375,,,-0.0001373291015625,True,False,48,CCC(C)Cl,mol_9f4835d3aad75f1c,0.0794,0.2393,0.18406611680984497,0.8615058660507202,215.27040100097656,Cc1ccccc1,mol_1c09299644053521,0.9206,0.7606999999999999,0.815933883190155,0.9991607069969177,70.9639663696289,,,,,,,
state_047c7825195d111655085479,2c_d66c7a74cea5d8732e08,2,binary_vle_english.xlsx,10.1016/j.jct.2017.02.005,unverified,0.5,isobaric,0.96875,isobaric,371.44,371.02294921875,,,4.57763671875e-05,True,False,48,CC(C)O,mol_db030b5de88f8eaf,0.002,0.05,0.06368082016706467,17.102760314941406,186.17124938964844,O,mol_e81dc06beaa39499,0.998,0.95,0.9363191723823547,1.0000286102294922,93.81690979003906,,,,,,,
state_05d55a0034d1f48cffa0fca3,2c_d66c7a74cea5d8732e08,2,binary_vle_english.xlsx,10.1016/j.jct.2017.02.005,unverified,0.5,isobaric,0.96875,isobaric,366.74,366.249755859375,,,-0.0003204345703125,True,False,48,CC(C)O,mol_db030b5de88f8eaf,0.009,0.179,0.21911825239658356,15.519335746765137,156.8778076171875,O,mol_e81dc06beaa39499,0.991,0.821,0.7808817028999329,1.0005743503570557,78.75186920166016,,,,,,,
state_05fdd7b529a462ecc1bc5db5,2c_4cf4774918df9099eea7,2,binary_vle_english.xlsx,10.1016/j.jct.2019.02.006,unverified,0.5,isobaric,0.9333333333333333,isobaric,421.27,427.6435546875,,,9.5367431640625e-06,True,False,48,COC(=O)CCCC(=O)OC,mol_7d99b26f6710b2c1,0.3068,0.4659,0.5100305676460266,1.2826753854751587,12.96058177947998,COC(=O)CCCCC(=O)OC,mol_54b4f1c698cac66b,0.6932,0.5341,0.4899693727493286,1.0517616271972656,6.72037410736084,,,,,,,
state_069d1fc78f5521abcbc63164,2c_30c0b771d8db238964cd,2,binary_vle_english.xlsx,10.1016/j.jct.2003.09.001,unverified,0.5,isobaric,0.9285714285714286,isobaric,352.15,353.4427185058594,,,-0.0009918212890625,True,False,48,C1COCO1,mol_7a351e48494919fc,0.121,0.2052,0.18763072788715363,1.538411021232605,102.10604095458984,CC(C)(C)O,mol_9c31aaa032950e85,0.879,0.7948,0.8123692870140076,1.00705885887146,92.96403503417969,,,,,,,
state_06f0f507b2519c486c0d9e8e,2c_95bb6818e3b103875b44,2,binary_vle_english.xlsx,10.1016/j.fluid.2012.09.019,passed,1.0,isobaric,0.9285714285714286,isobaric,393.12,393.1153564453125,,,2.86102294921875e-05,True,False,48,CCCCCCCCCC,mol_91b5da48af8329ea,1.0,1.0,1.0,1.0,20.000028610229492,Cc1ccccc1C,mol_61c4de85d258b45d,0.0,0.0,0.0,1.1624443531036377,50.75969314575195,,,,,,,
state_078cc6748c6f964d0435b397,2c_132d59f7f663b60d969d,2,binary_vle_english.xlsx,10.1016/j.fluid.2006.02.002,unverified,0.5,isobaric,0.9545454545454546,isobaric,472.67999999999995,474.33758544921875,,,-5.340576171875e-05,True,False,48,CC(=O)O,mol_9ac385b135af0125,0.1081,0.2112,0.10630861669778824,0.12447960674762726,800.538818359375,CN1CCCC1=O,mol_f50e4145cb9a22d5,0.8919,0.7888,0.89369136095047,0.9617166519165039,105.57524108886719,,,,,,,
state_07bc196aa89e25728e02f18e,2c_70d91a5b69e7fd494bfd,2,binary_vle_english.xlsx,10.1016/j.jct.2004.09.009,unverified,0.5,isobaric,0.9696969696969697,isobaric,357.07,358.2375183105469,,,-9.1552734375e-05,True,False,48,CC(C)O,mol_db030b5de88f8eaf,0.1582,0.3118,0.29380765557289124,1.6204490661621094,116.0994873046875,COC(=O)OC,mol_0ec85594f0f896ea,0.8418,0.6881999999999999,0.7061923742294312,1.0177987813949585,83.49514770507812,,,,,,,
state_084a4ef3c2e3435cfc222298,2c_acf6c70dfacb27974826,2,binary_vle_english.xlsx,10.1016/j.fluid.2017.05.012,unverified,0.5,isobaric,0.9444444444444444,isobaric,374.79999999999995,374.4825134277344,,,-0.00067901611328125,True,False,48,CCCO,mol_5fb2f93dc8caa9dc,0.0,0.0,0.0,1.9649144411087036,118.20094299316406,CCCOC(C)=O,mol_67043ae833ecd0c7,1.0,1.0,1.0,1.0,100.99932098388672,,,,,,,
state_09f88631c6bfa166d8167c27,2c_f4a55bc5fa0e7d69faf8,2,binary_vle_english.xlsx,10.1016/j.fluid.2012.12.021,unverified,0.5,isobaric,0.9523809523809523,isobaric,365.47,366.59100341796875,,,0.0018310546875,True,False,48,C1CCOCC1,mol_626f3d1f5bbb6f55,0.281,0.385,0.42752259969711304,1.234478235244751,115.85256958007812,CCC(C)O,mol_06affb0d2c6c8ff2,0.719,0.615,0.572477400302887,1.016312837600708,73.6441650390625,,,,,,,
state_0ab9ed2880a81ec4b69ed68f,2c_d66c7a74cea5d8732e08,2,binary_vle_english.xlsx,10.1016/j.jct.2006.04.006,unverified,0.5,isobaric,0.9444444444444444,isobaric,373.15,373.160888671875,,,0.0003814697265625,True,False,48,CC(C)O,mol_db030b5de88f8eaf,0.0,0.0,0.0,17.591129302978516,200.63426208496094,O,mol_e81dc06beaa39499,1.0,1.0,1.0,1.0,101.30038452148438,,,,,,,
state_0cc127635273612616cb1b58,2c_f4090d8339a2ac959e8c,2,binary_vle_english.xlsx,10.1016/j.fluid.2017.09.010,unverified,0.5,isobaric,0.9411764705882353,isobaric,371.8,370.71337890625,,,0.0001983642578125,True,False,48,CC(C)O,mol_db030b5de88f8eaf,0.0548,0.115,0.1578492522239685,1.579839825630188,184.14974975585938,CCCOC(C)=O,mol_67043ae833ecd0c7,0.9452,0.885,0.8421506881713867,1.0016522407531738,89.84033203125,,,,,,,
state_0ccd5786de8ddacd4d4c025a,2c_f0a592d91b289fcd0778,2,binary_vle_english.xlsx,10.1016/j.fluid.2005.01.007,unverified,0.5,isobaric,0.9545454545454546,isobaric,364.14,357.66143798828125,,,0.00048065185546875,True,False,48,CC(C)=O,mol_e04cf77cea7bbe66,0.027,0.222,0.36770784854888916,5.627942085266113,245.18096923828125,CC(C)CC(C)(C)C,mol_57615b5c3546c298,0.973,0.778,0.6322920918464661,1.002105712890625,65.70352172851562,,,,,,,
state_0cefdbad04b155f815a59ffb,2c_d66c7a74cea5d8732e08,2,binary_vle_english.xlsx,10.1016/j.jct.2006.04.006,unverified,0.5,isobaric,0.9444444444444444,isobaric,369.53,369.8104553222656,,,0.0,True,False,48,CC(C)O,mol_db030b5de88f8eaf,0.004,0.092,0.1171591505408287,16.636316299438477,178.3480987548828,O,mol_e81dc06beaa39499,0.996,0.908,0.8828408122062683,1.0001139640808105,89.78071594238281,,,,,,,
state_0d220465f1949205803d564c,2c_dc191206ee879c89c4e5,2,binary_vle_english.xlsx,10.1016/j.jct.2003.09.001,unverified,0.5,isobaric,0.9285714285714286,isobaric,380.2,382.1821594238281,,,0.00138092041015625,True,False,48,C1COCCO1,mol_d365f2fae67d24f2,0.0854,0.1206,0.14235348999500275,1.3279856443405151,127.15465545654297,CC(C)CO,mol_015d21fca05fcd26,0.9146,0.8794,0.8576464653015137,1.0027436017990112,94.73328399658203,,,,,,,
state_0ef353e1d31fe7b7ed0b2f49,2c_e923997b8f9df5a64a73,2,binary_vle_english.xlsx,10.1016/j.fluid.2018.03.011,unverified,0.5,isobaric,0.9090909090909091,isobaric,351.05,349.2475891113281,,,0.00011444091796875,True,False,48,CC(C)O,mol_db030b5de88f8eaf,0.924,0.79,0.7427550554275513,1.0048938989639282,81.03327178955078,ClC(Cl)Cl,mol_d9e0a2387a6283f9,0.076,0.21,0.2572449743747711,2.1256754398345947,161.30442810058594,,,,,,,
state_0f3b252b37a6e474c7252211,2c_30c0b771d8db238964cd,2,binary_vle_english.xlsx,10.1016/j.jct.2003.09.001,unverified,0.5,isobaric,0.9285714285714286,isobaric,351.02,351.8865051269531,,,0.000152587890625,True,False,48,C1COCO1,mol_7a351e48494919fc,0.2437,0.3397,0.3304365277290344,1.409500002861023,97.44902801513672,CC(C)(C)O,mol_9c31aaa032950e85,0.7563,0.6603,0.6695635318756104,1.026883840560913,87.33463287353516,,,,,,,
state_1022add1445b56ae925ea90a,2c_106af91fffdb87d7c4f6,2,binary_vle_english.xlsx,10.1016/j.fluid.2013.05.016,unverified,0.5,isobaric,0.9444444444444444,isobaric,414.29999999999995,414.53680419921875,,,0.00112152099609375,True,False,48,Cc1ccccc1,mol_1c09299644053521,0.069,0.147,0.13882750272750854,0.9044661521911621,225.34523010253906,Cc1ccccc1C,mol_61c4de85d258b45d,0.931,0.853,0.8611724972724915,0.9993516802787781,93.76405334472656,,,,,,,
state_1053f5e0c10bac890c62f15e,2c_ba6de3f53ea6de13738b,2,binary_vle_english.xlsx,10.1016/j.fluid.2006.02.009,unverified,0.5,isobaric,0.9545454545454546,isobaric,375.65,377.9195556640625,,,-0.00032806396484375,True,False,48,CCC(C)Cl,mol_9f4835d3aad75f1c,0.1232,0.3239,0.26287850737571716,0.8601823449134827,251.28228759765625,Cc1ccccc1,mol_1c09299644053521,0.8768,0.6760999999999999,0.7371214628219604,0.9973658323287964,85.3870620727539,,,,,,,
state_11ba30058362e9caed73eca2,2c_132d59f7f663b60d969d,2,binary_vle_english.xlsx,10.1016/j.fluid.2006.02.002,unverified,0.5,isobaric,0.9545454545454546,isobaric,470.4,473.4007263183594,,,-7.62939453125e-06,True,False,48,CC(=O)O,mol_9ac385b135af0125,0.1761,0.3266,0.23546229302883148,0.17249177396297455,785.4736938476562,CN1CCCC1=O,mol_f50e4145cb9a22d5,0.8239,0.6734,0.7645377516746521,0.9113373160362244,103.17709350585938,,,,,,,
state_1284bb0da9f6815f030b6e40,2c_a1a215858c9235f0cf6a,2,binary_vle_english.xlsx,10.1016/j.fluid.2015.03.013,unverified,0.5,isobaric,0.9666666666666667,isobaric,433.34999999999997,428.85845947265625,,,7.62939453125e-06,True,False,48,CC(=O)N(C)C,mol_b8ccf255e2b62919,0.948,0.8069999999999999,0.8702449798583984,0.9989293217658997,93.0910415649414,CCC(C)O,mol_06affb0d2c6c8ff2,0.052,0.193,0.12975506484508514,0.623603880405426,405.3420104980469,,,,,,,
state_128e90de547bc1ec17bfa51b,2c_079ccab2da1cc47051a9,2,binary_vle_english.xlsx,10.1016/j.fluid.2006.02.009,unverified,0.5,isobaric,0.9545454545454546,isobaric,376.38,378.7690734863281,,,-6.866455078125e-05,True,False,48,CCCCCl,mol_f7989a5c13417f20,0.1725,0.3498,0.2865334153175354,0.9050926566123962,185.90980529785156,Cc1ccccc1,mol_1c09299644053521,0.8275,0.6502,0.7134665846824646,0.9976360201835632,87.54727935791016,,,,,,,
state_159ac69e1c7d46e786444922,2c_ba6de3f53ea6de13738b,2,binary_vle_english.xlsx,10.1016/j.fluid.2006.02.009,unverified,0.5,isobaric,0.95,isobaric,372.78,373.9615173339844,,,0.0003204345703125,True,False,48,CCC(C)Cl,mol_9f4835d3aad75f1c,0.0351,0.1276,0.08502037078142166,0.8512963652610779,227.6285858154297,Cc1ccccc1,mol_1c09299644053521,0.9649,0.8724000000000001,0.9149796366691589,0.999846875667572,75.87301635742188,,,,,,,
state_164efcc0fde861e782521b67,2c_4cf4774918df9099eea7,2,binary_vle_english.xlsx,10.1016/j.jct.2019.02.006,unverified,0.5,isobaric,0.9375,isobaric,421.62,432.1994934082031,,,0.00029277801513671875,True,False,48,COC(=O)CCCC(=O)OC,mol_7d99b26f6710b2c1,0.0315,0.0676,0.09033948928117752,1.5902769565582275,14.968826293945312,COC(=O)CCCCC(=O)OC,mol_54b4f1c698cac66b,0.9685,0.9324,0.9096605181694031,1.000551462173462,7.791726589202881,,,,,,,
state_167f4602c6366ff50e22beac,2c_165952a69a69e7a8d3f6,2,binary_vle_english.xlsx,10.1016/j.fluid.2007.06.005,unverified,0.5,isobaric,0.9545454545454546,isobaric,353.92,352.9969482421875,,,0.0009918212890625,True,False,48,CC(C)CC(C)(C)C,mol_57615b5c3546c298,0.942,0.5700000000000001,0.5348559617996216,1.0144342184066772,56.69904708862305,CCO,mol_f29e20f49d416e54,0.058,0.43,0.4651440680027008,7.549501895904541,107.61056518554688,,,,,,,
state_169db9a2ca9d13611fad72af,2c_0cbde1e0afdbf0e12df4,2,binary_vle_english.xlsx,10.1016/j.fluid.2014.05.018,unverified,0.5,full_state,0.0,isobaric,373.2,373.0844421386719,,,-0.0012054443359375,True,False,48,CC(C)C,mol_cd0696a421ed56d8,0.0,0.0,0.0,6.322412967681885,1985.690185546875,CCO,mol_f29e20f49d416e54,1.0,1.0,1.0,1.0,223.99879455566406,,,,,,,
state_16c25d61e72e5c31d107dd59,2c_6bea4d4b457d21637176,2,binary_vle_english.xlsx,10.1016/j.fluid.2006.07.003,unverified,0.5,isobaric,0.9545454545454546,isobaric,410.62,411.0025329589844,,,-0.00029754638671875,True,False,48,CCCCCO,mol_243de2450bee5519,1.0,1.0,1.0,1.0,101.2997055053711,CCCO,mol_5fb2f93dc8caa9dc,0.0,0.0,0.0,0.8624742031097412,387.9483337402344,,,,,,,
state_16dd54d0bd762117cd83ec17,2c_ce7e822d00d743846419,2,binary_vle_english.xlsx,10.1016/j.fluid.2005.07.010,unverified,0.5,isobaric,0.9629629629629629,isobaric,387.90999999999997,389.63818359375,,,-9.1552734375e-05,True,False,48,CC(=O)O,mol_9ac385b135af0125,0.9634,0.8811,0.918541431427002,0.9991963505744934,96.68463897705078,CCOC(C)=O,mol_18876b584acc43d4,0.0366,0.1189,0.08145859092473984,0.7114379405975342,316.9822692871094,,,,,,,
state_16ff64033f8885012e73e353,2c_1490252da7453cbbebe4,2,binary_vle_english.xlsx,10.1016/j.jct.2011.10.025,unverified,0.5,isobaric,0.9545454545454546,isobaric,353.17,352.2322998046875,,,0.00069427490234375,True,False,48,CC(C)CC(C)(C)C,mol_57615b5c3546c298,0.04700000000000004,0.125,0.1341579258441925,5.226805210113525,55.32158279418945,CC(C)O,mol_db030b5de88f8eaf,0.953,0.875,0.8658420443534851,1.0052635669708252,91.55419158935547,,,,,,,
state_179df9e3a0e661d7df6d8e7c,2c_784276d4500715f79c89,2,binary_vle_english.xlsx,10.1016/j.fluid.2013.05.019,passed,1.0,isobaric,0.8235294117647058,isobaric,371.32,371.52935791015625,,,1.52587890625e-05,True,False,48,CCCCCCC,mol_fddb2c852c313396,0.999666,0.999236,0.9990400075912476,1.0,101.26657104492188,c1ccsc1,mol_7953343be0b435d5,0.000334,0.000764,0.000959957716986537,1.8989862203598022,153.36346435546875,,,,,,,
state_18350a25287e987a06a6acaa,2c_045f196d049de4abb690,2,binary_vle_english.xlsx,10.1016/j.jct.2004.09.009,unverified,0.5,isobaric,0.9696969696969697,isobaric,369.99,373.55621337890625,,,4.57763671875e-05,True,False,48,CCC(C)O,mol_06affb0d2c6c8ff2,0.9255,0.8383,0.8413810729980469,1.0045448541641235,91.67620849609375,COC(=O)OC,mol_0ec85594f0f896ea,0.0745,0.1617,0.1586189568042755,1.6265536546707153,132.59893798828125,,,,,,,
state_185a13cd1b5f70e61ddb64ab,2c_ac155ac6c9df3bfcf363,2,binary_vle_english.xlsx,10.1016/j.fluid.2014.03.033,passed,1.0,full_state,0.0,isobaric,345.82,349.35614013671875,,,-4.76837158203125e-06,True,False,48,CC(=O)CC(C)C,mol_0a895444a9f0f36b,0.18589999999999995,0.643,0.6195622682571411,1.1979111433029175,27.543296813964844,O=Cc1ccco1,mol_cfdccd30b0689448,0.8141,0.357,0.3804377615451813,1.0058650970458984,4.599399089813232,,,,,,,
state_1a2caba259eba6b6b2fda321,2c_13472c827f6dfc626c13,2,binary_vle_english.xlsx,10.1016/j.fluid.2012.08.030,unverified,0.5,isobaric,0.9375,isobaric,470.95,467.4730529785156,,,8.392333984375e-05,True,False,48,CCOCCO,mol_ab8630148ae67e51,0.018000000000000016,0.11099999999999999,0.0825963094830513,1.0112797021865845,432.42437744140625,CN1CCCC1=O,mol_f50e4145cb9a22d5,0.982,0.889,0.9174036979675293,1.000052571296692,89.02653503417969,,,,,,,
state_1a384aa599bf1d35e3612c64,2c_72d232cf7a8125302e6c,2,binary_vle_english.xlsx,10.1016/j.fluid.2009.01.006,unverified,0.5,isobaric,0.9333333333333333,isobaric,408.9,406.17376708984375,,,2.288818359375e-05,True,False,48,CN(C)C=O,mol_ca12d6d2f2ffb170,0.9588,0.6449,0.5630906820297241,1.000525951385498,59.460906982421875,ClC(Cl)Cl,mol_d9e0a2387a6283f9,0.0412,0.3551,0.4369092881679535,1.6203261613845825,662.9811401367188,,,,,,,
state_1a9261436b28d93ce939a1f2,2c_a4ea92aaad2e5eb91802,2,binary_vle_english.xlsx,10.1016/j.fluid.2015.08.014,unverified,0.5,isobaric,0.9444444444444444,isobaric,437.11,431.6763916015625,,,3.0517578125e-05,True,False,48,COC(C)=O,mol_b9c4464ceb7b1e3f,0.021,0.526,0.6039472818374634,2.1450533866882324,1358.160888671875,CS(C)=O,mol_7d3e12eaed0f467c,0.979,0.474,0.396052747964859,1.000303030014038,40.96833801269531,,,,,,,
state_1b54cd69317f6f92bd30faec,2c_f25584e0c98fb6639876,2,binary_vle_english.xlsx,10.1016/j.jct.2019.01.004,unverified,0.5,isobaric,0.9166666666666666,isobaric,366.1,365.98553466796875,,,0.0001220703125,True,False,48,CO,mol_a85d32e4db2ff39c,0.046,0.274,0.26279160380363464,2.0666637420654297,280.0230712890625,O,mol_e81dc06beaa39499,0.954,0.726,0.737208366394043,1.0038360357284546,77.98104858398438,,,,,,,
state_1c013c03186cb246ef05be98,2c_50cae961bcfb98dfb10a,2,binary_vle_english.xlsx,10.1016/j.fluid.2011.11.020,passed,1.0,isobaric,0.9375,isobaric,353.61,354.91644287109375,,,-0.0003662109375,True,False,48,CC(C)=C(C)C,mol_ac85c03b48dc0205,0.10860000000000003,0.2027,0.1707332581281662,1.0730507373809814,148.45831298828125,c1ccsc1,mol_7953343be0b435d5,0.8914,0.7973,0.8292667269706726,1.0035432577133179,93.93383026123047,,,,,,,
state_1c36bdc6e3d81f44b8f977ed,2c_f6e4afdc0101fe369605,2,binary_vle_english.xlsx,10.1016/j.jct.2004.09.009,unverified,0.5,isobaric,0.9629629629629629,isobaric,396.87,404.623046875,,,-9.1552734375e-05,True,False,48,CC1CCCCC1,mol_bdf6ddfdabc4e204,0.0296,0.1002,0.13492001593112946,2.0709145069122314,222.9623565673828,CCOC(=O)OCC,mol_4df2781fcf4d4a77,0.9704,0.8998,0.8650799989700317,1.0007456541061401,90.23828887939453,,,,,,,
state_1c4e451779c6f3a93624559d,2c_41231e1cce231dacd490,2,binary_vle_english.xlsx,10.1016/j.jct.2019.01.027,unverified,0.5,isobaric,0.9411764705882353,isobaric,407.95,407.984619140625,,,0.00042724609375,True,False,48,COC(=O)OC,mol_0ec85594f0f896ea,0.024,0.1129,0.11238739639520645,1.4360040426254272,330.3406066894531,Cc1ccc(C)cc1,mol_e7658ba520613aac,0.976,0.8871,0.8876125812530518,1.0002613067626953,92.10250091552734,,,,,,,
state_1d077a5ce748c7187c3fc050,2c_d66c7a74cea5d8732e08,2,binary_vle_english.xlsx,10.1016/j.fluid.2015.11.034,unverified,0.5,isobaric,0.9333333333333333,isobaric,365.42,360.97564697265625,,,0.000274658203125,True,False,48,CC(C)O,mol_db030b5de88f8eaf,0.023,0.307,0.3755841851234436,12.829826354980469,128.93455505371094,O,mol_e81dc06beaa39499,0.977,0.6930000000000001,0.6244158148765564,1.0037049055099487,64.50359344482422,,,,,,,
state_1d408fc2457f3837babe3cda,2c_1f5028f9412924c6aa2e,2,binary_vle_english.xlsx,10.1016/j.fluid.2005.02.014,passed,1.0,isobaric,0.9285714285714286,isobaric,357.35,356.46087646484375,,,6.866455078125e-05,True,False,48,C1CCOCC1,mol_626f3d1f5bbb6f55,0.9235,0.8208,0.7838218808174133,1.0023854970932007,85.77396392822266,CC(C)(C)Cl,mol_cbd731ac6eef5e90,0.07650000000000001,0.17920000000000003,0.21617811918258667,1.395819067955017,205.08360290527344,,,,,,,
state_1edd8defa1f001b0aea6384b,2c_70d91a5b69e7fd494bfd,2,binary_vle_english.xlsx,10.1016/j.jct.2004.09.009,unverified,0.5,isobaric,0.9696969696969697,isobaric,361.68,363.0774841308594,,,0.0002593994140625,True,False,48,CC(C)O,mol_db030b5de88f8eaf,0.0246,0.0939,0.06517177075147629,1.9231939315795898,139.5442352294922,COC(=O)OC,mol_0ec85594f0f896ea,0.9754,0.9061,0.9348282217979431,1.0004576444625854,97.04226684570312,,,,,,,
state_2045880ae5fc281ef6d15dbf,2c_079ccab2da1cc47051a9,2,binary_vle_english.xlsx,10.1016/j.fluid.2006.02.009,unverified,0.5,isobaric,0.9545454545454546,isobaric,371.92,375.78558349609375,,,6.866455078125e-05,True,False,48,CCCCCl,mol_f7989a5c13417f20,0.2771,0.5098,0.4325549304485321,0.923197865486145,171.28514099121094,Cc1ccccc1,mol_1c09299644053521,0.7229,0.49019999999999997,0.5674450993537903,0.992129385471344,80.14696502685547,,,,,,,
state_20790b07c77113a45266b86a,2c_1490252da7453cbbebe4,2,binary_vle_english.xlsx,10.1016/j.jct.2011.10.025,unverified,0.5,isobaric,0.9545454545454546,isobaric,351.8,350.56768798828125,,,3.0517578125e-05,True,False,48,CC(C)CC(C)(C)C,mol_57615b5c3546c298,0.754,0.45099999999999996,0.4709375500679016,1.2071422338485718,52.41349411010742,CC(C)O,mol_db030b5de88f8eaf,0.246,0.549,0.5290625095367432,2.5463759899139404,85.55766296386719,,,,,,,
state_21406b22f9589fb17c488fdb,2c_31c2824ab8cdf543aad1,2,binary_vle_english.xlsx,10.1016/j.fluid.2018.06.017,passed,1.0,isobaric,0.9375,isobaric,352.25,352.5834045410156,,,7.62939453125e-06,True,False,48,CC#N,mol_7028b7cbd3d829b4,0.96,0.895,0.902176022529602,1.001756191253662,95.03148651123047,CCO,mol_f29e20f49d416e54,0.040000000000000036,0.10499999999999998,0.09782397747039795,2.339639663696289,105.88777160644531,,,,,,,
state_2185b017d3b5db2c390ef4ce,2c_1490252da7453cbbebe4,2,binary_vle_english.xlsx,10.1016/j.jct.2011.10.025,unverified,0.5,isobaric,0.9545454545454546,isobaric,354.77,351.6627197265625,,,-0.000335693359375,True,False,48,CC(C)CC(C)(C)C,mol_57615b5c3546c298,0.862,0.532,0.49958276748657227,1.0809590816497803,54.31239318847656,CC(C)O,mol_db030b5de88f8eaf,0.138,0.468,0.5004172325134277,4.105921268463135,89.46446990966797,,,,,,,
state_21e6ce2790b4b8500a2d9b9f,2c_6bea4d4b457d21637176,2,binary_vle_english.xlsx,10.1016/j.fluid.2006.07.003,unverified,0.5,isobaric,0.9545454545454546,isobaric,403.01,404.7195129394531,,,0.00016021728515625,True,False,48,CCCCCO,mol_243de2450bee5519,0.905,0.694,0.7333213090896606,0.9988959431648254,82.17422485351562,CCCO,mol_5fb2f93dc8caa9dc,0.095,0.306,0.26667866110801697,0.8818153738975525,322.475830078125,,,,,,,
state_23b771a489f1fc6915c0f711,2c_112489fd04ba2d890a8f,2,binary_vle_english.xlsx,10.1016/j.fluid.2014.03.027,unverified,0.5,isobaric,0.9090909090909091,isobaric,348.5,347.5126037597656,,,0.00042724609375,True,False,48,C1CCOC1,mol_c59bfa659357f795,0.098,0.202,0.22412514686584473,1.7547191381454468,132.02865600585938,CCO,mol_f29e20f49d416e54,0.902,0.798,0.7758748531341553,1.00664484500885,86.56057739257812,,,,,,,
state_23ce75b64707fb86920171ea,2c_21b807a1a6c6348c91ac,2,binary_vle_english.xlsx,10.1016/j.fluid.2018.07.027,unverified,0.5,isobaric,0.9629629629629629,isobaric,390.25,390.75067138671875,,,0.0004730224609375,True,False,48,CC(C)CC(C)(C)C,mol_57615b5c3546c298,0.0,0.0,0.0,5.085928916931152,166.27597045898438,CCCCO,mol_ad4ef9c6c876ca2f,1.0,1.0,1.0,1.0,101.30047607421875,,,,,,,
state_24133e33250c9b847d7191a1,2c_acbe0e6e906b285e5990,2,binary_vle_english.xlsx,10.1016/j.fluid.2006.07.003,unverified,0.5,isobaric,0.9565217391304348,isobaric,406.04999999999995,405.2362060546875,,,0.0016021728515625,True,False,48,CCCCCO,mol_243de2450bee5519,0.967,0.819,0.7989465594291687,1.0008060932159424,83.62914276123047,CCCOCCC,mol_e13b90e4aa2e917d,0.033,0.181,0.2010534703731537,2.238229990005493,275.7460021972656,,,,,,,
state_24bf517607b71ebd0bf9821d,2c_f4a55bc5fa0e7d69faf8,2,binary_vle_english.xlsx,10.1016/j.fluid.2012.12.021,unverified,0.5,isobaric,0.9523809523809523,isobaric,364.07,364.6397399902344,,,0.0006866455078125,True,False,48,C1CCOCC1,mol_626f3d1f5bbb6f55,0.38,0.491,0.5287718772888184,1.1947931051254272,109.47705078125,CCC(C)O,mol_06affb0d2c6c8ff2,0.62,0.509,0.47122809290885925,1.0330718755722046,69.1576156616211,,,,,,,
state_2582ef94d1875dfca0e27ef2,2c_dc191206ee879c89c4e5,2,binary_vle_english.xlsx,10.1016/j.jct.2003.09.001,unverified,0.5,isobaric,0.9285714285714286,isobaric,377.4,377.885986328125,,,0.0001220703125,True,False,48,C1COCCO1,mol_d365f2fae67d24f2,0.3322,0.401,0.43488648533821106,1.1830395460128784,112.0951919555664,CC(C)CO,mol_015d21fca05fcd26,0.6678,0.599,0.5651135444641113,1.0324969291687012,83.02531433105469,,,,,,,
state_25b533b066f5a53ebd1d86d9,2c_e94406f9abae6913c6d1,2,binary_vle_english.xlsx,10.1016/j.fluid.2005.02.014,unverified,0.5,isobaric,0.9285714285714286,isobaric,359.61,361.599853515625,,,3.814697265625e-05,True,False,48,C1CCOCC1,mol_626f3d1f5bbb6f55,0.8006,0.7564,0.7860809564590454,0.9934919476509094,100.114501953125,CCCCCl,mol_f7989a5c13417f20,0.19940000000000002,0.24360000000000004,0.2139190435409546,0.9541875123977661,113.89382934570312,,,,,,,
state_276438e0bc6c7891151f77d7,2c_74a658fab9cc22057bbd,2,binary_vle_english.xlsx,10.1016/j.jct.2019.03.036,unverified,0.5,isobaric,0.9473684210526315,isobaric,448.92999999999995,435.72760009765625,,,-3.814697265625e-05,True,False,48,CCCOC(C)=O,mol_67043ae833ecd0c7,0.0328,0.3602,0.5571717023849487,3.5504422187805176,484.6654052734375,CS(C)=O,mol_7d3e12eaed0f467c,0.9672,0.6397999999999999,0.44282832741737366,1.001624345779419,46.304534912109375,,,,,,,
state_27a5262adad00fce9a7cf368,2c_a1a215858c9235f0cf6a,2,binary_vle_english.xlsx,10.1016/j.fluid.2015.03.013,unverified,0.5,isobaric,0.9666666666666667,isobaric,436.9,430.91302490234375,,,-6.103515625e-05,True,False,48,CC(=O)N(C)C,mol_b8ccf255e2b62919,0.981,0.924,0.9514908194541931,0.9998635649681091,98.26617431640625,CCC(C)O,mol_06affb0d2c6c8ff2,0.019,0.076,0.04850918427109718,0.6082279086112976,425.2195739746094,,,,,,,
state_28838bd7174ed433a5b1295d,2c_4c362b8bfe2b289cf5ff,2,binary_vle_english.xlsx,10.1016/j.fluid.2016.06.022,passed,1.0,isobaric,0.9230769230769231,isobaric,352.45,352.9583740234375,,,0.00058746337890625,True,False,48,CC#N,mol_7028b7cbd3d829b4,0.921,0.875,0.8761082291603088,1.0021103620529175,96.16002655029297,CCOC(C)=O,mol_18876b584acc43d4,0.079,0.125,0.12389175593852997,1.43976628780365,110.34058380126953,,,,,,,
state_28d42e08fffcf4edb8ae6439,2c_dc191206ee879c89c4e5,2,binary_vle_english.xlsx,10.1016/j.jct.2003.09.001,unverified,0.5,isobaric,0.9285714285714286,isobaric,376.35999999999996,376.6034851074219,,,0.0001068115234375,True,False,48,C1COCCO1,mol_d365f2fae67d24f2,0.4364,0.4962,0.5323027968406677,1.1452808380126953,107.8876953125,CC(C)CO,mol_015d21fca05fcd26,0.5636,0.5038,0.4676972031593323,1.053779125213623,79.77266693115234,,,,,,,
state_295113336ddf0fd0e586fff6,2c_21b807a1a6c6348c91ac,2,binary_vle_english.xlsx,10.1016/j.fluid.2018.07.027,unverified,0.5,isobaric,0.9629629629629629,isobaric,385.16999999999996,385.0814208984375,,,-0.00075531005859375,True,False,48,CC(C)CC(C)(C)C,mol_57615b5c3546c298,0.033,0.1863,0.21031025052070618,4.49281120300293,143.69264221191406,CCCCO,mol_ad4ef9c6c876ca2f,0.967,0.8137,0.7896897792816162,1.0020768642425537,82.55345153808594,,,,,,,
state_29d8f14a271a4467a4cc144b,2c_972bb6b6305c64cb2237,2,binary_vle_english.xlsx,10.1016/j.jct.2017.07.019,unverified,0.5,isobaric,0.95,isobaric,371.3,369.4109802246094,,,0.00091552734375,True,False,48,ClC(Cl)Cl,mol_d9e0a2387a6283f9,0.019499999999999962,0.31799999999999995,0.25550374388694763,4.717426300048828,281.36553955078125,OCC(F)(F)C(F)F,mol_48469952cf716332,0.9805,0.682,0.74449622631073,1.0006921291351318,76.86485290527344,,,,,,,
state_2a850eacb64c676018578129,2c_9f31aad1f9974e54ecb0,2,binary_vle_english.xlsx,10.1016/j.jct.2017.07.019,unverified,0.5,isobaric,0.95,isobaric,404.54999999999995,403.4054260253906,,,0.00146484375,True,False,48,Cc1ccc(C)cc1,mol_e7658ba520613aac,0.9675,0.8013,0.7769145965576172,1.0023835897445679,81.15291595458984,OCC(F)(F)C(F)F,mol_48469952cf716332,0.0325,0.1987,0.22308538854122162,4.094228744506836,169.83665466308594,,,,,,,
state_2b0f0c853be19ff8a32fe2b1,2c_70d91a5b69e7fd494bfd,2,binary_vle_english.xlsx,10.1016/j.jct.2004.09.009,unverified,0.5,isobaric,0.9696969696969697,isobaric,359.69,360.699462890625,,,-1.52587890625e-05,True,False,48,CC(C)O,mol_db030b5de88f8eaf,0.078,0.195,0.1755671203136444,1.7870635986328125,127.59038543701172,COC(=O)OC,mol_0ec85594f0f896ea,0.922,0.8049999999999999,0.8244328498840332,1.0044718980789185,90.17704010009766,,,,,,,
state_2b547dc2070a8a44a56f9841,2c_d66c7a74cea5d8732e08,2,binary_vle_english.xlsx,10.1016/j.fluid.2017.09.010,unverified,0.5,isobaric,0.9473684210526315,isobaric,373.0,373.0777587890625,,,0.00028228759765625,True,False,48,CC(C)O,mol_db030b5de88f8eaf,0.0,0.0,0.0,17.590221405029297,200.055908203125,O,mol_e81dc06beaa39499,1.0,1.0,1.0,1.0,101.00028228759766,,,,,,,
state_2b63360051a59dbe3e89b210,2c_5904aa1d0c1e598f9ed3,2,binary_vle_english.xlsx,10.1016/j.fluid.2010.08.010,unverified,0.5,isobaric,0.9375,isobaric,428.45,428.0400390625,,,-0.00029754638671875,True,False,48,CC#N,mol_7028b7cbd3d829b4,0.0,0.0,0.0,2.7935421466827393,663.2119750976562,CCCCCCO,mol_eb71ecc709e3f0dc,1.0,1.0,1.0,1.0,95.59970092773438,,,,,,,
state_2be39db88c5cd3b37448b5fa,2c_35cc53cd52979773cfcb,2,binary_vle_english.xlsx,10.1016/j.fluid.2015.08.014,unverified,0.5,isobaric,0.9473684210526315,isobaric,448.42999999999995,449.9508056640625,,,0.00018310546875,True,False,48,CO,mol_a85d32e4db2ff39c,0.027,0.341,0.33012694120407104,0.4893302321434021,2531.19384765625,CS(C)=O,mol_7d3e12eaed0f467c,0.973,0.659,0.6698731184005737,0.9998359680175781,69.75272369384766,,,,,,,
state_2d27ac02b1c4f9c4c925ef55,2c_8227101c64130ee5e04f,2,binary_vle_english.xlsx,10.1016/j.jct.2017.07.019,unverified,0.5,isobaric,0.9411764705882353,isobaric,382.15,380.5776062011719,,,3.814697265625e-05,True,False,48,O,mol_e81dc06beaa39499,0.0,0.0,0.0,2.1959688663482666,131.1954803466797,OCC(F)(F)C(F)F,mol_48469952cf716332,1.0,1.0,1.0,1.0,101.30004119873047,,,,,,,
state_2dd4e37cd35532e2ff1a3c18,2c_40a7324bb73b275b7c8c,2,binary_vle_english.xlsx,10.1016/j.jct.2019.01.027,unverified,0.5,isobaric,0.9375,isobaric,389.54999999999995,394.8807373046875,,,0.0002288818359375,True,False,48,CC(=O)OCC(C)C,mol_e7eb29ad965cc8ee,1.0,1.0,1.0,1.0,101.30023193359375,COC(=O)OC,mol_0ec85594f0f896ea,0.0,0.0,0.0,1.1938142776489258,237.80813598632812,,,,,,,
state_2dee9f8d972e7eed88d55c41,2c_165952a69a69e7a8d3f6,2,binary_vle_english.xlsx,10.1016/j.fluid.2005.01.007,unverified,0.5,isobaric,0.9545454545454546,isobaric,362.55,359.63568115234375,,,-0.0004425048828125,True,False,48,CC(C)CC(C)(C)C,mol_57615b5c3546c298,0.976,0.749,0.6744762659072876,1.002587080001831,69.83739471435547,CCO,mol_f29e20f49d416e54,0.024,0.251,0.32552370429039,9.915742874145508,138.59239196777344,,,,,,,
state_2f173b1957cf2cee811dca69,2c_b11dff0fda4f01349610,2,binary_vle_english.xlsx,10.1016/j.jct.2015.03.013,unverified,0.5,isobaric,0.8888888888888888,isobaric,391.4,389.4717102050781,,,0.0006103515625,True,False,48,COCCO,mol_d291b272a64498d9,0.6897,0.45489999999999997,0.39720529317855835,1.0205425024032593,75.6189193725586,O,mol_e81dc06beaa39499,0.3103,0.5451,0.6027947068214417,1.4767812490463257,176.2699432373047,,,,,,,
state_30d028aae4b758ec8ee1a5a2,2c_c9ecb5bf12ebfafc6a51,2,binary_vle_english.xlsx,10.1016/j.fluid.2005.03.014,unverified,0.5,isobaric,0.9545454545454546,isobaric,423.84,423.3211669921875,,,0.0005950927734375,True,False,48,CC(=O)OCC(C)C,mol_e7eb29ad965cc8ee,0.016,0.065,0.057362545281648636,1.6547882556915283,219.47142028808594,CN(C)C=O,mol_ca12d6d2f2ffb170,0.984,0.935,0.9426374435424805,1.0001288652420044,97.02991485595703,,,,,,,
state_3183e1e42506fd5dba346988,2c_e06683c33855ee8d702b,2,binary_vle_english.xlsx,10.1016/j.fluid.2012.12.020,unverified,0.5,isobaric,0.9565217391304348,isobaric,389.12,389.40460205078125,,,0.0010986328125,True,False,48,CC(C)O,mol_db030b5de88f8eaf,0.0227,0.0672,0.06569596379995346,0.8548204898834229,341.9510803222656,CCCCO,mol_ad4ef9c6c876ca2f,0.9773,0.9328,0.9343039989471436,0.9999038577079773,96.5668716430664,,,,,,,
state_31c44d80f5992c60dbb789b3,2c_9f331b7867f625e21322,2,binary_vle_english.xlsx,10.1016/j.jct.2015.03.013,unverified,0.5,isobaric,0.9090909090909091,isobaric,402.7,404.2108459472656,,,0.0001678466796875,True,False,48,CCC(C)=O,mol_4cfc5db0ca2ab00b,0.0332,0.1687,0.15851756930351257,1.536097526550293,416.5104064941406,COCCO,mol_d291b272a64498d9,0.9668,0.8313,0.8414824604988098,1.0004429817199707,116.57929992675781,,,,,,,
state_3311f8440b1a177bd1d63085,2c_f4a55bc5fa0e7d69faf8,2,binary_vle_english.xlsx,10.1016/j.fluid.2012.12.021,unverified,0.5,isobaric,0.9545454545454546,isobaric,364.72,367.1612243652344,,,-3.0517578125e-05,True,False,48,C1CCOCC1,mol_626f3d1f5bbb6f55,0.0,0.0,0.0,1.352848768234253,117.7715072631836,CCC(C)O,mol_06affb0d2c6c8ff2,1.0,1.0,1.0,1.0,74.99996948242188,,,,,,,
state_33d63983a76727b8244c48b2,2c_079ccab2da1cc47051a9,2,binary_vle_english.xlsx,10.1016/j.fluid.2006.02.009,unverified,0.5,isobaric,0.9523809523809523,isobaric,369.51,371.6526794433594,,,-7.62939453125e-06,True,False,48,CCCCCl,mol_f7989a5c13417f20,0.1339,0.2873,0.23468804359436035,0.9190001487731934,152.57546997070312,Cc1ccccc1,mol_1c09299644053521,0.8661,0.7127,0.7653119564056396,0.9995221495628357,70.72418975830078,,,,,,,
state_341ef04f82876b18fb666567,2c_34804c7fdf5c7dc9c9e5,2,binary_vle_english.xlsx,10.1016/j.fluid.2005.02.014,unverified,0.5,isobaric,0.9090909090909091,isobaric,357.61,358.3348388671875,,,3.814697265625e-05,True,False,48,C1CCOCC1,mol_626f3d1f5bbb6f55,0.8408,0.754,0.7538896203041077,1.0003740787506104,90.7950668334961,CC(C)CCl,mol_b6f57216bc07a08c,0.1592,0.246,0.24611036479473114,1.0843727588653564,144.41685485839844,,,,,,,
state_364b9c3de488cca723151c42,2c_f25584e0c98fb6639876,2,binary_vle_english.xlsx,10.1016/j.jct.2019.05.005,unverified,0.5,isobaric,0.9090909090909091,isobaric,369.5,369.0439147949219,,,-7.62939453125e-05,True,False,48,CO,mol_a85d32e4db2ff39c,0.023,0.123,0.15712670981884003,2.2375705242156982,309.2819519042969,O,mol_e81dc06beaa39499,0.977,0.877,0.8428732752799988,1.0010172128677368,87.30423736572266,,,,,,,
state_37fe8d282351b283838717c4,2c_7e396008deb1d14f8e15,2,binary_vle_english.xlsx,10.1016/j.fluid.2015.11.007,passed,1.0,isobaric,0.9090909090909091,isobaric,381.75,376.7703552246094,,,8.678436279296875e-05,True,False,48,CC(=O)N(C)C,mol_b8ccf255e2b62919,0.735,0.83,0.8652427196502686,0.7284786105155945,19.391803741455078,CC(=O)O,mol_9ac385b135af0125,0.265,0.17,0.13475725054740906,0.09547751396894455,63.91305160522461,,,,,,,
state_38674d08b73ab87b7e085814,2c_4edb251d66039b2a207c,2,binary_vle_english.xlsx,10.1016/j.jct.2006.12.003,unverified,0.5,isobaric,0.9444444444444444,isobaric,389.65,384.1205139160156,,,0.0001373291015625,True,False,48,CC(=O)O,mol_9ac385b135af0125,0.949,0.849,0.763262152671814,1.0024951696395874,81.27094268798828,ClCCCl,mol_e8df6c9e89c6b62a,0.051,0.151,0.23673784732818604,2.131542921066284,220.6040496826172,,,,,,,
state_39129b88545d3bb3337e9ab6,2c_784276d4500715f79c89,2,binary_vle_english.xlsx,10.1016/j.fluid.2013.05.019,passed,1.0,isobaric,0.8235294117647058,isobaric,371.3,371.51788330078125,,,0.00084686279296875,True,False,48,CCCCCCC,mol_fddb2c852c313396,0.999484,0.998501,0.9985177516937256,1.0000001192092896,101.23287200927734,c1ccsc1,mol_7953343be0b435d5,0.000516,0.001499,0.0014822629746049643,1.8986153602600098,153.31346130371094,,,,,,,
state_391fefd318f30afa38876534,2c_784276d4500715f79c89,2,binary_vle_english.xlsx,10.1016/j.fluid.2013.05.019,passed,1.0,isobaric,0.8235294117647058,isobaric,371.3,371.5243225097656,,,0.000152587890625,True,False,48,CCCCCCC,mol_fddb2c852c313396,0.999588,0.998966,0.9988160729408264,1.0000001192092896,101.25189208984375,c1ccsc1,mol_7953343be0b435d5,0.000412,0.001034,0.001183867920190096,1.898827075958252,153.34136962890625,,,,,,,
state_39912349351175f19428851b,2c_30c0b771d8db238964cd,2,binary_vle_english.xlsx,10.1016/j.jct.2003.09.001,unverified,0.5,isobaric,0.9285714285714286,isobaric,354.19,355.1824645996094,,,0.00023651123046875,True,False,48,C1COCO1,mol_7a351e48494919fc,0.0206,0.0603,0.0368417426943779,1.684912919998169,107.52413177490234,CC(C)(C)O,mol_9c31aaa032950e85,0.9794,0.9397,0.9631582498550415,1.000228762626648,99.5975570678711,,,,,,,
state_3ab3d263e0a0bfead88f458e,2c_e1c33e24ae7f6ab4d0bf,2,binary_vle_english.xlsx,10.1016/j.fluid.2010.01.024,unverified,0.5,isothermal,0.9333333333333333,isothermal,,,57.03999999999999,59.8306884765625,0.0,True,False,48,CC[N+](=O)[O-],mol_6fdb0ec09de24512,0.6199,0.3698,0.35345861315727234,1.0254541635513306,33.26784896850586,ClCCCl,mol_e8df6c9e89c6b62a,0.3801,0.6302,0.6465413570404053,1.1271981000900269,90.28636169433594,,,,,,,
state_3bcf204bc693da62de5f36f7,2c_94ed5d0a73a3c26e5ef5,2,binary_vle_english.xlsx,10.1016/j.fluid.2019.03.019,unverified,0.5,isothermal,0.9411764705882353,isothermal,,,429.0,426.737060546875,0.0,True,False,48,CCO,mol_f29e20f49d416e54,1.0,1.0,1.0,1.0,426.737060546875,O,mol_e81dc06beaa39499,0.0,0.0,0.0,2.5342979431152344,198.28564453125,,,,,,,
state_3e44e3ee6e9e0fbfb46b34d3,2c_e1c33e24ae7f6ab4d0bf,2,binary_vle_english.xlsx,10.1016/j.fluid.2010.01.024,unverified,0.5,isothermal,0.9333333333333333,isothermal,,,80.07,81.58538818359375,-7.62939453125e-06,True,False,48,CC[N+](=O)[O-],mol_6fdb0ec09de24512,0.20120000000000005,0.09299999999999997,0.09810180217027664,1.19573974609375,33.26784896850586,ClCCCl,mol_e8df6c9e89c6b62a,0.7988,0.907,0.9018982648849487,1.0202572345733643,90.28636169433594,,,,,,,
state_3e5f99e8a400ecd853746f62,2c_5018f9e15dae7c08710f,2,binary_vle_english.xlsx,10.1016/j.fluid.2011.06.001,passed,1.0,isothermal,0.9090909090909091,isothermal,,,30.669999999999998,30.603160858154297,0.0,True,False,48,CC(C)CCl,mol_b6f57216bc07a08c,0.3631,0.3655,0.3547500669956207,1.0212539434432983,29.27714729309082,CC(C)OC(C)C,mol_1a0ca8e5eeb68da8,0.6369,0.6345000000000001,0.6452499032020569,1.0271105766296387,30.18601417541504,,,,,,,
state_3e74decdbaa9fe001174ba6e,2c_23001626ba9c10a2709a,2,binary_vle_english.xlsx,10.1016/j.fluid.2011.06.001,unverified,0.5,isothermal,0.9166666666666666,isothermal,,,58.06999999999999,55.337181091308594,-3.814697265625e-06,True,False,48,CC(C)(C)Cl,mol_cbd731ac6eef5e90,0.9474,0.9681,0.9671059250831604,0.9998700618743896,56.49552917480469,CC(C)OC(C)C,mol_1a0ca8e5eeb68da8,0.05259999999999998,0.03190000000000004,0.032894108444452286,1.146419644355774,30.18601417541504,,,,,,,
state_3eb158b5fbc164d510fc1bf9,2c_ab90a05e58432c71abba,2,binary_vle_english.xlsx,10.1016/j.fluid.2011.05.011,unverified,0.5,isothermal,0.9411764705882353,isothermal,,,61.25,63.05480194091797,-3.814697265625e-06,True,False,48,CC(=O)CC(C)C,mol_0a895444a9f0f36b,0.8438,0.6567000000000001,0.6343008279800415,1.018158197402954,46.554176330566406,CC(C)CC(C)(C)C,mol_57615b5c3546c298,0.1562,0.3433,0.3656991422176361,1.8439003229141235,80.06147766113281,,,,,,,
state_40b02392635aefb3e074afab,2c_6cdeaa0b12c0bcad5378,2,binary_vle_english.xlsx,10.1016/j.jct.2012.01.020,passed,1.0,isothermal,0.9,isothermal,,,84.4082,82.03294372558594,0.0,True,False,48,CC(C)CC(C)(C)C,mol_57615b5c3546c298,0.09999999999999998,0.10299999999999998,0.1167592853307724,2.342144727706909,40.89460372924805,CCOC(C)=O,mol_18876b584acc43d4,0.9,0.897,0.8832406997680664,1.0139132738113403,79.40065002441406,,,,,,,
state_430350088ab798aaad74ebc2,2c_6aab25a5edecf15e2cbf,2,binary_vle_english.xlsx,10.1016/j.fluid.2015.04.009,unverified,0.5,isothermal,0.8333333333333334,isothermal,,,487.3999999999999,493.0174560546875,3.0517578125e-05,True,False,48,CCCO,mol_5fb2f93dc8caa9dc,0.30810000000000004,0.2026,0.1917610764503479,0.9961756467819214,308.03155517578125,CCO,mol_f29e20f49d416e54,0.6919,0.7974,0.8082389235496521,1.005448341369629,572.794677734375,,,,,,,
state_444621094bfa84a4fd7cb521,2c_98afb8e6c65a310db5e0,2,binary_vle_english.xlsx,10.1016/j.jct.2012.12.026,unverified,0.5,isothermal,0.9166666666666666,isothermal,,,377.79999999999995,287.27294921875,0.0,True,False,48,F/C=C/C(F)(F)F,mol_0e763ba6787b2749,0.8009999999999999,0.779,0.7502049207687378,1.007896900177002,266.9476013183594,FC(F)C(F)F,mol_fccff6221e62b4bc,0.199,0.221,0.24979504942893982,1.0380549430847168,347.3802490234375,,,,,,,
state_45cdd710dc24de5215ed7d76,2c_98afb8e6c65a310db5e0,2,binary_vle_english.xlsx,10.1016/j.jct.2012.12.026,unverified,0.5,isothermal,0.9166666666666666,isothermal,,,382.90000000000003,347.3802490234375,0.0,True,False,48,F/C=C/C(F)(F)F,mol_0e763ba6787b2749,0.0,0.0,0.0,1.0067189931869507,266.9476013183594,FC(F)C(F)F,mol_fccff6221e62b4bc,1.0,1.0,1.0,1.0,347.3802490234375,,,,,,,
state_4af35ed5a2f6738f0f265cbf,2c_500953d4ef1e1d57286b,2,binary_vle_english.xlsx,10.1016/j.fluid.2012.10.015,unverified,0.5,isothermal,0.9333333333333333,isothermal,,,28.879999999999995,24.266857147216797,0.0,True,False,48,CCCCCl,mol_f7989a5c13417f20,0.7767,0.8961,0.8772076964378357,1.05319344997406,26.0228271484375,CC[N+](=O)[O-],mol_6fdb0ec09de24512,0.22330000000000005,0.10389999999999999,0.12279236316680908,1.730715274810791,7.710287094116211,,,,,,,
state_4d040c9b16059e391f003a90,2c_c879fc0732268fc652fa,2,binary_vle_english.xlsx,10.1016/j.fluid.2011.06.001,passed,1.0,isothermal,0.9166666666666666,isothermal,,,27.829999999999995,27.00784683227539,0.0,True,False,48,CC(C)OC(C)C,mol_1a0ca8e5eeb68da8,0.6938,0.7601,0.7932841777801514,1.0230072736740112,30.18601417541504,CCCCCl,mol_f7989a5c13417f20,0.3062,0.2399,0.20671582221984863,1.0438997745513916,17.466251373291016,,,,,,,
state_56e890a7a352165a34bd4a75,2c_e0c162126f5997f9fcd9,2,binary_vle_english.xlsx,10.1016/j.fluid.2016.02.018,unverified,0.5,isothermal,0.8,isothermal,,,130.2,131.16290283203125,1.52587890625e-05,True,False,48,CCCCCCC,mol_fddb2c852c313396,0.1998,0.1498,0.15106117725372314,1.2598726749420166,78.71215057373047,c1ccccc1,mol_7165dcf6be1f831d,0.8002,0.8502000000000001,0.8489387631416321,1.0216282606124878,136.2059326171875,,,,,,,
state_57860df1b79ed0ff1fb995e2,2c_3dbba2317f4e40b6415a,2,binary_vle_english.xlsx,10.1016/j.fluid.2014.07.025,unverified,0.5,isothermal,0.9444444444444444,isothermal,,,19.100000000000005,16.285308837890625,0.0,True,False,48,CC(C)CO,mol_015d21fca05fcd26,0.16,0.5156,0.5180403590202332,0.7370813488960266,71.53592681884766,CCCC(=O)O,mol_1ce6f73d446ad30c,0.84,0.48440000000000005,0.4819597005844116,0.9929993152618408,9.409759521484375,,,,,,,
state_57af0dd99b0eee00881a1013,2c_23001626ba9c10a2709a,2,binary_vle_english.xlsx,10.1016/j.fluid.2011.06.001,unverified,0.5,isothermal,0.9166666666666666,isothermal,,,40.34,40.80195617675781,0.0,True,False,48,CC(C)(C)Cl,mol_cbd731ac6eef5e90,0.3126,0.4637,0.4703802168369293,1.0867433547973633,56.49552917480469,CC(C)OC(C)C,mol_1a0ca8e5eeb68da8,0.6874,0.5363,0.5296197533607483,1.0414295196533203,30.18601417541504,,,,,,,
state_58122e806e9edd073e8c149c,2c_0cbde1e0afdbf0e12df4,2,binary_vle_english.xlsx,10.1016/j.fluid.2014.05.018,unverified,0.5,full_state,0.0,isothermal,,,374.99999999999994,462.6629333496094,0.0,True,False,48,CC(C)C,mol_cd0696a421ed56d8,0.0205,0.4069,0.5234798192977905,5.936931133270264,1989.9803466796875,CCO,mol_f29e20f49d416e54,0.9795,0.5931,0.4765201508998871,1.000873327255249,224.88600158691406,,,,,,,
state_584ad700bbdc436029324f25,2c_500953d4ef1e1d57286b,2,binary_vle_english.xlsx,10.1016/j.fluid.2012.10.015,unverified,0.5,isothermal,0.9333333333333333,isothermal,,,19.729999999999997,17.546367645263672,0.0,True,False,48,CCCCCl,mol_f7989a5c13417f20,0.2715,0.7099,0.6599199175834656,1.638906478881836,26.0228271484375,CC[N+](=O)[O-],mol_6fdb0ec09de24512,0.7284999999999999,0.2901,0.34008005261421204,1.0623515844345093,7.710287094116211,,,,,,,
state_5978f03d729486d08b4389fc,2c_ab90a05e58432c71abba,2,binary_vle_english.xlsx,10.1016/j.fluid.2011.05.011,unverified,0.5,isothermal,0.9411764705882353,isothermal,,,56.50999999999999,57.732208251953125,-3.814697265625e-06,True,False,48,CC(=O)CC(C)C,mol_0a895444a9f0f36b,0.904,0.7556,0.7339613437652588,1.0068488121032715,46.554176330566406,CC(C)CC(C)(C)C,mol_57615b5c3546c298,0.096,0.2444,0.2660386562347412,1.9983336925506592,80.06147766113281,,,,,,,
state_5c722093a2fc128f9a80e838,2c_4cc4055379eb0154120e,2,binary_vle_english.xlsx,10.1016/j.fluid.2015.10.041,unverified,0.5,isothermal,0.8,isothermal,,,80.6,88.25202941894531,-7.62939453125e-06,True,False,48,CCCC,mol_fadb5806094149e6,0.031000000000000028,0.396,0.45605388283729553,1.602890968322754,809.9815673828125,CCSCC,mol_a7491cfbf016fee6,0.969,0.604,0.5439461469650269,1.0004820823669434,49.51622009277344,,,,,,,
state_5ca8aa49b2fc124712e3d942,2c_e1c33e24ae7f6ab4d0bf,2,binary_vle_english.xlsx,10.1016/j.fluid.2010.01.024,unverified,0.5,isothermal,0.9333333333333333,isothermal,,,48.68,50.33763885498047,0.0,True,False,48,CC[N+](=O)[O-],mol_6fdb0ec09de24512,0.7681,0.5205,0.5121327042579651,1.0088645219802856,33.26784896850586,ClCCCl,mol_e8df6c9e89c6b62a,0.2319,0.4795,0.4878672957420349,1.172928810119629,90.28636169433594,,,,,,,
state_5d348ef1b735a4d343a80b01,2c_d498cbbd8f767d43f3e7,2,binary_vle_english.xlsx,10.1016/j.fluid.2011.06.001,unverified,0.5,isothermal,0.9230769230769231,isothermal,,,31.045,30.803955078125,0.0,True,False,48,CC(C)OC(C)C,mol_1a0ca8e5eeb68da8,0.7859,0.7736000000000001,0.7790830731391907,1.0116195678710938,30.18601417541504,CCC(C)Cl,mol_9f4835d3aad75f1c,0.2141,0.2264,0.22091694176197052,1.0483943223953247,30.317554473876953,,,,,,,
state_5d7f5441a23dca9d01f32fc9,2c_d498cbbd8f767d43f3e7,2,binary_vle_english.xlsx,10.1016/j.fluid.2011.06.001,unverified,0.5,isothermal,0.9230769230769231,isothermal,,,31.390000000000004,30.779315948486328,-1.9073486328125e-06,True,False,48,CC(C)OC(C)C,mol_1a0ca8e5eeb68da8,0.5305,0.5222,0.5396835207939148,1.0373060703277588,30.18601417541504,CCC(C)Cl,mol_9f4835d3aad75f1c,0.4695,0.4778,0.4603165090084076,0.9953726530075073,30.317554473876953,,,,,,,
state_5e08f2452e30b56a5fea76f9,2c_c879fc0732268fc652fa,2,binary_vle_english.xlsx,10.1016/j.fluid.2011.06.001,passed,1.0,isothermal,0.9166666666666666,isothermal,,,26.965000000000003,25.792865753173828,0.0,True,False,48,CC(C)OC(C)C,mol_1a0ca8e5eeb68da8,0.5931,0.6706,0.7188570499420166,1.0356390476226807,30.18601417541504,CCCCCl,mol_f7989a5c13417f20,0.4069,0.3294,0.2811429500579834,1.020327091217041,17.466251373291016,,,,,,,
state_5f8a65a32c5554bee500f6cf,2c_40e8c463ab1ddecad6ca,2,binary_vle_english.xlsx,10.1016/j.fluid.2014.12.025,unverified,0.5,isothermal,0.8,isothermal,,,69.39999999999999,68.53091430664062,0.0,True,False,48,CCCCCCC,mol_fddb2c852c313396,0.3779,0.4777,0.4818491041660309,1.1101429462432861,78.71215057373047,Cc1ccccc1,mol_1c09299644053521,0.6221,0.5223,0.518150806427002,1.0532113313674927,54.19597244262695,,,,,,,
state_60bcc8eb788c6ea83a978373,2c_ab90a05e58432c71abba,2,binary_vle_english.xlsx,10.1016/j.fluid.2011.05.011,unverified,0.5,isothermal,0.9411764705882353,isothermal,,,46.64000000000001,46.554176330566406,0.0,True,False,48,CC(=O)CC(C)C,mol_0a895444a9f0f36b,1.0,1.0,1.0,1.0,46.554176330566406,CC(C)CC(C)(C)C,mol_57615b5c3546c298,0.0,0.0,0.0,2.3065667152404785,80.06147766113281,,,,,,,
state_61471b46d149fdaba405310d,2c_23001626ba9c10a2709a,2,binary_vle_english.xlsx,10.1016/j.fluid.2011.06.001,unverified,0.5,isothermal,0.9166666666666666,isothermal,,,36.90500000000001,37.51732635498047,-3.814697265625e-06,True,False,48,CC(C)(C)Cl,mol_cbd731ac6eef5e90,0.1949,0.3289,0.3397831618785858,1.1577311754226685,56.49552917480469,CC(C)OC(C)C,mol_1a0ca8e5eeb68da8,0.8051,0.6711,0.6602168679237366,1.0192080736160278,30.18601417541504,,,,,,,
state_642d0d6bcc7ecb76feff8bdb,2c_d498cbbd8f767d43f3e7,2,binary_vle_english.xlsx,10.1016/j.fluid.2011.06.001,unverified,0.5,isothermal,0.9230769230769231,isothermal,,,31.475,30.663455963134766,0.0,True,False,48,CC(C)OC(C)C,mol_1a0ca8e5eeb68da8,0.4414,0.43520000000000003,0.4537305235862732,1.0441935062408447,30.18601417541504,CCC(C)Cl,mol_9f4835d3aad75f1c,0.5586,0.5648,0.5462694764137268,0.9890833497047424,30.317554473876953,,,,,,,
state_672cb6bd7d8a3a18cbe04b26,2c_ea9da779580d9b792700,2,binary_vle_english.xlsx,10.1016/j.jct.2012.11.005,unverified,0.5,isothermal,0.9411764705882353,isothermal,,,96.76,96.76689147949219,-7.62939453125e-06,True,False,48,CC(C)OC(C)C,mol_1a0ca8e5eeb68da8,0.689,0.516,0.5103068947792053,1.239926815032959,57.80200958251953,CO,mol_a85d32e4db2ff39c,0.31100000000000005,0.484,0.4896930754184723,2.516819477081299,60.539424896240234,,,,,,,
state_6787e930cd931ed8e017fd88,2c_35c6612e2ad0f786d394,2,binary_vle_english.xlsx,10.1016/j.fluid.2016.02.018,unverified,0.5,isothermal,0.8,isothermal,,,36.199999999999996,36.58970642089844,0.0,True,False,48,CCCCCCC,mol_fddb2c852c313396,0.1856,0.5211,0.48834583163261414,1.2231132984161377,78.71215057373047,Cc1ccc(C)cc1,mol_e7658ba520613aac,0.8144,0.4789,0.5116540789604187,1.0141125917434692,22.66790771484375,,,,,,,
state_68486b3a2b779d50838061a8,2c_3dbba2317f4e40b6415a,2,binary_vle_english.xlsx,10.1016/j.fluid.2014.07.025,unverified,0.5,isothermal,0.9444444444444444,isothermal,,,59.49,53.89158630371094,0.0,True,False,48,CC(C)CO,mol_015d21fca05fcd26,0.7518,0.968,0.966601550579071,0.9685943126678467,71.53592681884766,CCCC(=O)O,mol_1ce6f73d446ad30c,0.24819999999999998,0.03200000000000003,0.03339848294854164,0.7706681489944458,9.409759521484375,,,,,,,
state_6d3c22cb4577aab01b332f7d,2c_6aab25a5edecf15e2cbf,2,binary_vle_english.xlsx,10.1016/j.fluid.2015.04.009,unverified,0.5,isothermal,0.75,isothermal,,,429.0,429.86016845703125,3.0517578125e-05,True,False,48,CCCO,mol_5fb2f93dc8caa9dc,0.9487,0.9253,0.9116616249084473,0.9998312592506409,413.1476745605469,CCO,mol_f29e20f49d416e54,0.0513,0.0747,0.08833836019039154,0.9805312156677246,754.91455078125,,,,,,,
state_6f99601cef46e6771a9f91b2,2c_d498cbbd8f767d43f3e7,2,binary_vle_english.xlsx,10.1016/j.fluid.2011.06.001,unverified,0.5,isothermal,0.9230769230769231,isothermal,,,31.545000000000005,30.238079071044922,-1.9073486328125e-06,True,False,48,CC(C)OC(C)C,mol_1a0ca8e5eeb68da8,0.13060000000000005,0.13149999999999995,0.1319955438375473,1.0124287605285645,30.18601417541504,CCC(C)Cl,mol_9f4835d3aad75f1c,0.8694,0.8685,0.8680044412612915,0.9957774877548218,30.317554473876953,,,,,,,
state_6ffafcd74abf3e7b6b9729b9,2c_ac155ac6c9df3bfcf363,2,binary_vle_english.xlsx,10.1016/j.fluid.2014.03.033,passed,1.0,isothermal,0.8,isothermal,,,14.199999999999996,12.96596908569336,0.0,True,False,48,CC(=O)CC(C)C,mol_0a895444a9f0f36b,0.3861,0.8,0.8065595030784607,1.1247620582580566,24.081356048583984,O=Cc1ccco1,mol_cfdccd30b0689448,0.6139,0.2,0.1934405267238617,1.0359556674957275,3.943788528442383,,,,,,,
state_70874577dfec9e923ca9abdc,2c_98afb8e6c65a310db5e0,2,binary_vle_english.xlsx,10.1016/j.jct.2012.12.026,unverified,0.5,isothermal,0.9166666666666666,isothermal,,,386.49999999999994,303.2197265625,0.0,True,False,48,F/C=C/C(F)(F)F,mol_0e763ba6787b2749,0.608,0.585,0.5491812825202942,1.0259910821914673,266.9476013183594,FC(F)C(F)F,mol_fccff6221e62b4bc,0.392,0.415,0.4508187770843506,1.003848671913147,347.3802490234375,,,,,,,
state_74aead4276d071031dcf23bd,2c_94ed5d0a73a3c26e5ef5,2,binary_vle_english.xlsx,10.1016/j.jct.2017.07.021,unverified,0.5,full_state,0.0,isothermal,,,94.192,94.39776611328125,-7.62939453125e-06,True,False,48,CCO,mol_f29e20f49d416e54,0.0043,0.0632,0.05122096836566925,5.611113548278809,200.39732360839844,O,mol_e81dc06beaa39499,0.9957,0.9368,0.9487790465354919,1.0000725984573364,89.94286346435547,,,,,,,
state_74c9e58729c19dd3ee4f701a,2c_40e8c463ab1ddecad6ca,2,binary_vle_english.xlsx,10.1016/j.fluid.2014.12.025,unverified,0.5,isothermal,0.8,isothermal,,,63.70000000000001,62.72685241699219,-3.814697265625e-06,True,False,48,CCCCCCC,mol_fddb2c852c313396,0.1862,0.2928,0.2867012023925781,1.2270480394363403,78.71215057373047,Cc1ccccc1,mol_1c09299644053521,0.8138,0.7072,0.7132987976074219,1.014472484588623,54.19597244262695,,,,,,,
state_7586c7ded08b33f7af463107,2c_6cdeaa0b12c0bcad5378,2,binary_vle_english.xlsx,10.1016/j.jct.2012.01.020,passed,1.0,isothermal,0.9,isothermal,,,67.7748,74.64079284667969,-7.62939453125e-06,True,False,48,CC(C)CC(C)(C)C,mol_57615b5c3546c298,0.6,0.398,0.38528645038604736,1.1720407009124756,40.89460372924805,CCOC(C)=O,mol_18876b584acc43d4,0.4,0.602,0.6147135496139526,1.444657564163208,79.40065002441406,,,,,,,
state_7627f2d57fcf432f43e6897d,2c_3dbba2317f4e40b6415a,2,binary_vle_english.xlsx,10.1016/j.fluid.2014.07.025,unverified,0.5,isothermal,0.9444444444444444,isothermal,,,76.32,71.53593444824219,-7.62939453125e-06,True,False,48,CC(C)CO,mol_015d21fca05fcd26,1.0,1.0,1.0,1.0,71.53592681884766,CCCC(=O)O,mol_1ce6f73d446ad30c,0.0,0.0,0.0,0.624854564666748,9.409759521484375,,,,,,,
state_7aeb42c5d1bed0569f7f1259,2c_94ed5d0a73a3c26e5ef5,2,binary_vle_english.xlsx,10.1016/j.fluid.2019.03.019,unverified,0.5,isothermal,0.9411764705882353,isothermal,,,318.0,318.1044921875,0.0,True,False,48,CCO,mol_f29e20f49d416e54,0.101,0.407,0.4195815622806549,3.096737861633301,426.737060546875,O,mol_e81dc06beaa39499,0.899,0.593,0.5804184079170227,1.035762071609497,198.28564453125,,,,,,,
state_3a8951366d1a10386c6ec691,2c_acf6c70dfacb27974826,2,binary_vle_english.xlsx,10.1016/j.fluid.2017.05.012,unverified,0.5,isobaric,0.9444444444444444,isobaric,373.2,372.1636962890625,,,0.0001983642578125,True,False,48,CCCO,mol_5fb2f93dc8caa9dc,0.0673,0.1181,0.1288740187883377,1.7826756238937378,108.49263000488281,CCCOC(C)=O,mol_67043ae833ecd0c7,0.9327,0.8819,0.8711259365081787,1.003401279449463,94.01270294189453,,,,,,,
state_3abc68ba13324547b27c3789,2c_7089ceccf9a6ce828d93,2,binary_vle_english.xlsx,10.1016/j.fluid.2018.07.013,unverified,0.5,isobaric,0.9545454545454546,isobaric,382.15,378.1083679199219,,,0.000152587890625,True,False,48,CCCCCCCC,mol_8151bb583f7f3ebd,0.9692,0.3641,0.5258119106292725,1.0026028156280518,54.81484603881836,CCO,mol_f29e20f49d416e54,0.0308,0.6359,0.4741881191730499,5.879834175109863,265.24365234375,,,,,,,
state_3bb0136f95840feaa9a9ee20,2c_a4ea92aaad2e5eb91802,2,binary_vle_english.xlsx,10.1016/j.fluid.2015.08.014,unverified,0.5,isobaric,0.9444444444444444,isobaric,434.34999999999997,428.2796325683594,,,0.00023651123046875,True,False,48,COC(C)=O,mol_b9c4464ceb7b1e3f,0.024,0.562,0.6443899273872375,2.1369576454162598,1272.7762451171875,CS(C)=O,mol_7d3e12eaed0f467c,0.976,0.43799999999999994,0.35561007261276245,1.0003957748413086,36.89459991455078,,,,,,,
state_3bd419229c543a40c8784137,2c_b94de72ffbeb53d6294b,2,binary_vle_english.xlsx,10.1016/j.fluid.2014.04.025,unverified,0.5,isobaric,0.9285714285714286,isobaric,454.45,455.2581481933594,,,0.00147247314453125,True,False,48,CS(C)=O,mol_7d3e12eaed0f467c,0.9843,0.7711,0.7839348316192627,1.0002597570419312,80.65948486328125,Cc1ccccc1,mol_1c09299644053521,0.0157,0.2289,0.2160651534795761,2.5828182697296143,539.767822265625,,,,,,,
state_3c4d16290825de02eb6aa90d,2c_6ce3ca627d5d8bfa6a1b,2,binary_vle_english.xlsx,10.1016/j.fluid.2018.07.013,unverified,0.5,isobaric,0.95,isobaric,346.15,349.9465637207031,,,-0.00023651123046875,True,False,48,CCCCCC,mol_c55e04e90e298cf6,0.006000000000000005,0.2218,0.06344342231750488,8.27913761138916,129.37747192382812,CCO,mol_f29e20f49d416e54,0.994,0.7782,0.9365565776824951,1.0001171827316284,95.43445587158203,,,,,,,
state_3de1c262eb61d028fc590340,2c_1490252da7453cbbebe4,2,binary_vle_english.xlsx,10.1016/j.jct.2011.10.025,unverified,0.5,isobaric,0.9545454545454546,isobaric,349.99,349.1085205078125,,,-0.000701904296875,True,False,48,CC(C)CC(C)(C)C,mol_57615b5c3546c298,0.479,0.391,0.4010528028011322,1.697475790977478,49.96534729003906,CC(C)O,mol_db030b5de88f8eaf,0.521,0.609,0.5989471673965454,1.445419192314148,80.56815338134766,,,,,,,
state_3e3578ced3e71733101a4475,2c_9f331b7867f625e21322,2,binary_vle_english.xlsx,10.1016/j.jct.2015.03.013,unverified,0.5,isobaric,0.9090909090909091,isobaric,391.7,390.2574462890625,,,0.0001983642578125,True,False,48,CCC(C)=O,mol_4cfc5db0ca2ab00b,0.1661,0.5256,0.512517511844635,1.39444899559021,296.51171875,COCCO,mol_d291b272a64498d9,0.8339,0.47440000000000004,0.4874825179576874,1.0114396810531616,77.44805908203125,,,,,,,
state_3e55f01156c1521a3e1017b6,2c_ce7e822d00d743846419,2,binary_vle_english.xlsx,10.1016/j.fluid.2005.07.010,unverified,0.5,isobaric,0.9629629629629629,isobaric,386.9700000000001,389.1564025878906,,,0.0002899169921875,True,False,48,CC(=O)O,mol_9ac385b135af0125,0.9524,0.8482000000000001,0.8941097259521484,0.9986708164215088,95.25042724609375,CCOC(C)=O,mol_18876b584acc43d4,0.0476,0.1518,0.10589023679494858,0.7199199795722961,313.0996398925781,,,,,,,
state_3e8605b11d780618110a9862,2c_784276d4500715f79c89,2,binary_vle_english.xlsx,10.1016/j.fluid.2013.05.019,passed,1.0,isobaric,0.8235294117647058,isobaric,371.32,371.53387451171875,,,0.00025177001953125,True,False,48,CCCCCCC,mol_fddb2c852c313396,0.999735,0.999447,0.9992381930351257,1.0,101.27989959716797,c1ccsc1,mol_7953343be0b435d5,0.000265,0.000553,0.0007617920055054128,1.899126648902893,153.38247680664062,,,,,,,
state_3f18138d5e9b355e193baa80,2c_f4a55bc5fa0e7d69faf8,2,binary_vle_english.xlsx,10.1016/j.fluid.2012.12.021,unverified,0.5,isobaric,0.9523809523809523,isobaric,370.63,374.3691711425781,,,7.62939453125e-06,True,False,48,C1CCOCC1,mol_626f3d1f5bbb6f55,0.0,0.0,0.0,1.3483312129974365,144.32791137695312,CCC(C)O,mol_06affb0d2c6c8ff2,1.0,1.0,1.0,1.0,94.00000762939453,,,,,,,
state_4016336c8c83edb0a25981ae,2c_13472c827f6dfc626c13,2,binary_vle_english.xlsx,10.1016/j.fluid.2012.08.030,unverified,0.5,isobaric,0.9375,isobaric,474.01,470.19091796875,,,8.392333984375e-05,True,False,48,CCOCCO,mol_ab8630148ae67e51,0.0,0.0,0.0,1.017146110534668,458.60711669921875,CN1CCCC1=O,mol_f50e4145cb9a22d5,1.0,1.0,1.0,1.0,95.30008697509766,,,,,,,
state_41481117cb88c932f99f69df,2c_e0ef8174c7b6fc15273a,2,binary_vle_english.xlsx,10.1016/j.fluid.2005.06.024,unverified,0.5,isobaric,0.9743589743589743,isobaric,392.57,401.5362243652344,,,-6.103515625e-05,True,False,48,CC(C)=O,mol_e04cf77cea7bbe66,0.0372,0.2054,0.21792703866958618,0.808600664138794,734.0919189453125,CCOC(=O)OCC,mol_4df2781fcf4d4a77,0.9628,0.7946,0.7820729613304138,0.9995108842849731,82.34552001953125,,,,,,,
state_415b49b63c84d1ecbbdfaab1,2c_6ce3ca627d5d8bfa6a1b,2,binary_vle_english.xlsx,10.1016/j.fluid.2018.07.013,unverified,0.5,isobaric,0.95,isobaric,347.55,350.8041076660156,,,-1.52587890625e-05,True,False,48,CCCCCC,mol_c55e04e90e298cf6,0.0024999999999999467,0.17290000000000005,0.02773134596645832,8.46896743774414,132.6813507080078,CCO,mol_f29e20f49d416e54,0.9975,0.8271,0.9722687005996704,1.0000205039978027,98.73562622070312,,,,,,,
state_419a08aaa6c1c5b81865a9cf,2c_6f361cb0ec8be0b0e6dd,2,binary_vle_english.xlsx,10.1016/j.fluid.2006.08.004,unverified,0.5,isobaric,0.95,isobaric,342.15,337.9793395996094,,,0.0001678466796875,True,False,48,CC(C)OC(C)C,mol_1a0ca8e5eeb68da8,0.193,0.403,0.5038243532180786,2.938447952270508,89.99408721923828,CCO,mol_f29e20f49d416e54,0.8069999999999999,0.597,0.496175616979599,1.0715714693069458,58.123390197753906,,,,,,,
state_428fa53dc0739019780a8c48,2c_6bea4d4b457d21637176,2,binary_vle_english.xlsx,10.1016/j.fluid.2006.07.003,unverified,0.5,isobaric,0.9545454545454546,isobaric,406.39,407.7907409667969,,,0.00067138671875,True,False,48,CCCCCO,mol_243de2450bee5519,0.953,0.827,0.8570526242256165,0.9997357130050659,91.1258773803711,CCCO,mol_5fb2f93dc8caa9dc,0.047,0.173,0.14294742047786713,0.872069776058197,353.29669189453125,,,,,,,
state_43341757ab086367236d5a84,2c_dc191206ee879c89c4e5,2,binary_vle_english.xlsx,10.1016/j.jct.2003.09.001,unverified,0.5,isobaric,0.9285714285714286,isobaric,375.99,376.0736999511719,,,8.392333984375e-05,True,False,48,C1COCCO1,mol_d365f2fae67d24f2,0.4866,0.543,0.5755731463432312,1.1284120082855225,106.18679809570312,CC(C)CO,mol_015d21fca05fcd26,0.5134000000000001,0.45699999999999996,0.4244268536567688,1.0673500299453735,78.46029663085938,,,,,,,
state_43e0e081364d66806600b170,2c_f98cab4acf014d5210d4,2,binary_vle_english.xlsx,10.1016/j.fluid.2007.03.030,unverified,0.5,isobaric,0.9545454545454546,isobaric,404.5,405.3121032714844,,,2.288818359375e-05,True,False,48,CCCO,mol_5fb2f93dc8caa9dc,0.043,0.138,0.14125482738018036,1.0137670040130615,328.2511291503906,CCOCCO,mol_ab8630148ae67e51,0.957,0.862,0.8587451577186584,1.0000442266464233,90.89556884765625,,,,,,,
state_45615f70a19476f9d4d78f55,2c_01b27b0603388a2088b7,2,binary_vle_english.xlsx,10.1016/j.fluid.2005.01.007,unverified,0.5,isobaric,0.9545454545454546,isobaric,351.44,351.458984375,,,-0.0001068115234375,True,False,48,CC(C)=O,mol_e04cf77cea7bbe66,0.0,0.0,0.0,2.035512924194336,204.89700317382812,CCO,mol_f29e20f49d416e54,1.0,1.0,1.0,1.0,101.31989288330078,,,,,,,
state_4801ecf4911872f469a765c2,2c_03ee8ab4245c0677d4ed,2,binary_vle_english.xlsx,10.1016/j.fluid.2018.05.024,unverified,0.5,isobaric,0.95,isobaric,357.15,356.88226318359375,,,0.0001220703125,True,False,48,CCO,mol_f29e20f49d416e54,0.119,0.291,0.2957160472869873,2.01459002494812,124.95430755615234,COC(=O)OC,mol_0ec85594f0f896ea,0.881,0.7090000000000001,0.7042839527130127,1.0123329162597656,79.99420928955078,,,,,,,
state_48b2c1ecb3899a100e55ea50,2c_4cf4774918df9099eea7,2,binary_vle_english.xlsx,10.1016/j.jct.2019.02.006,unverified,0.5,isobaric,0.9333333333333333,isobaric,423.66999999999996,431.5585021972656,,,0.00018024444580078125,True,False,48,COC(=O)CCCC(=O)OC,mol_7d99b26f6710b2c1,0.1685,0.2822,0.35525164008140564,1.4370715618133545,14.671198844909668,COC(=O)CCCCC(=O)OC,mol_54b4f1c698cac66b,0.8315,0.7178,0.6447483897209167,1.0159170627593994,7.632688999176025,,,,,,,
state_4979717ff53f209986433067,2c_97830bff71af0df3111e,2,binary_vle_english.xlsx,10.1016/j.fluid.2018.03.015,unverified,0.5,isobaric,0.9090909090909091,isobaric,341.95,339.7672424316406,,,7.62939453125e-05,True,False,48,CCO,mol_f29e20f49d416e54,0.817,0.585,0.5261355638504028,1.0394986867904663,62.756893157958984,ClC(Cl)Cl,mol_d9e0a2387a6283f9,0.183,0.415,0.47386449575424194,2.1694655418395996,120.90940856933594,,,,,,,
state_498946fd5af70e5b471fbabe,2c_045f196d049de4abb690,2,binary_vle_english.xlsx,10.1016/j.jct.2004.09.009,unverified,0.5,isobaric,0.9696969696969697,isobaric,371.33,375.25128173828125,,,0.0,True,False,48,CCC(C)O,mol_06affb0d2c6c8ff2,0.968,0.9158,0.9236875176429749,1.0008951425552368,96.57630920410156,COC(=O)OC,mol_0ec85594f0f896ea,0.032,0.0842,0.07631245255470276,1.7349817752838135,139.2386932373047,,,,,,,
state_4a22d7517854fe6b4a4fbc0e,2c_1423cf5c6cbb9a123e33,2,binary_vle_english.xlsx,10.1016/j.fluid.2008.09.010,unverified,0.5,isobaric,0.8823529411764706,isobaric,398.65,400.6496887207031,,,2.384185791015625e-05,True,False,48,CC(=O)O,mol_9ac385b135af0125,0.2041,0.1774,0.2006370723247528,0.09738167375326157,134.56182861328125,CS(C)=O,mol_7d3e12eaed0f467c,0.7959,0.8226,0.7993629574775696,0.9183235764503479,14.578763961791992,,,,,,,
state_4aa4f6033a1ce35128727699,2c_e584d9baea666806df78,2,binary_vle_english.xlsx,10.1016/j.jct.2010.02.001,unverified,0.5,isobaric,0.9444444444444444,isobaric,387.25,387.12078857421875,,,0.00112152099609375,True,False,48,CCCCO,mol_ad4ef9c6c876ca2f,0.9688,0.9002,0.9436923265457153,0.9998961687088013,88.94417572021484,CCCO,mol_5fb2f93dc8caa9dc,0.0312,0.0998,0.056307628750801086,0.8941302299499512,184.28414916992188,,,,,,,
state_4b3f20bedcf30111d6d77c66,2c_3cfe39df0799bd753b3a,2,binary_vle_english.xlsx,10.1016/j.jct.2017.11.009,passed,1.0,isobaric,0.9444444444444444,isobaric,475.43999999999994,472.65478515625,,,3.814697265625e-05,True,False,48,C=CCO,mol_04e1450f7a0596df,0.0,0.0,0.0,1.2224458456039429,1009.0564575195312,CN1CCCC1=O,mol_f50e4145cb9a22d5,1.0,1.0,1.0,1.0,101.30004119873047,,,,,,,
state_4ca4f092e07e0abef7eadd9e,2c_0537ca75f0252274a31e,2,binary_vle_english.xlsx,10.1016/j.jct.2013.12.021,unverified,0.5,isobaric,0.9565217391304348,isobaric,366.35,367.79718017578125,,,1.52587890625e-05,True,False,48,CCC(C)O,mol_06affb0d2c6c8ff2,0.8953,0.7082999999999999,0.6762006878852844,0.9999471306800842,76.53641510009766,CO,mol_a85d32e4db2ff39c,0.1047,0.2917,0.32379934191703796,1.0548999309539795,297.06817626953125,,,,,,,
state_4d209e67d7d7ca9393cc2c42,2c_6f361cb0ec8be0b0e6dd,2,binary_vle_english.xlsx,10.1016/j.fluid.2006.08.004,unverified,0.5,isobaric,0.95,isobaric,340.08,336.37603759765625,,,0.000457763671875,True,False,48,CC(C)OC(C)C,mol_1a0ca8e5eeb68da8,0.287,0.49,0.5589942932128906,2.312411069869995,85.32413482666016,CCO,mol_f29e20f49d416e54,0.7130000000000001,0.51,0.4410057067871094,1.1556897163391113,54.21567153930664,,,,,,,
state_4d2af8045462a8a41b737585,2c_fb0ad4b474929fdd899d,2,binary_vle_english.xlsx,10.1016/j.fluid.2007.09.014,unverified,0.5,isobaric,0.9583333333333334,isobaric,393.2,394.1810607910156,,,0.0001678466796875,True,False,48,CC(C)OC(C)C,mol_1a0ca8e5eeb68da8,0.009,0.124,0.14742915332317352,3.8510332107543945,430.8973388671875,COCCO,mol_d291b272a64498d9,0.991,0.876,0.8525708317756653,1.0000977516174316,87.14140319824219,,,,,,,
state_4d60e296d16efe7103a84dc1,2c_0537ca75f0252274a31e,2,binary_vle_english.xlsx,10.1016/j.jct.2013.12.021,unverified,0.5,isobaric,0.9565217391304348,isobaric,372.35,376.82916259765625,,,-7.62939453125e-06,True,False,48,CCC(C)O,mol_06affb0d2c6c8ff2,1.0,1.0,1.0,1.0,101.32999420166016,CO,mol_a85d32e4db2ff39c,0.0,0.0,0.0,1.0531997680664062,395.095458984375,,,,,,,
state_4dcb8495fa82661f450c01c7,2c_4c757308eefec1e2dd80,2,binary_vle_english.xlsx,10.1016/j.fluid.2011.11.020,unverified,0.5,isobaric,0.9444444444444444,isobaric,356.03,357.01434326171875,,,-4.57763671875e-05,True,False,48,C=C(C)C(C)C,mol_6f1c44bf29e6107c,0.01749999999999996,0.05879999999999996,0.027999715879559517,1.2190476655960083,132.99420166015625,c1ccsc1,mol_7953343be0b435d5,0.9825,0.9412,0.972000241279602,1.0001182556152344,100.23521423339844,,,,,,,
state_4e83bfa8b97702a07b075834,2c_1490252da7453cbbebe4,2,binary_vle_english.xlsx,10.1016/j.jct.2011.10.025,unverified,0.5,isobaric,0.9545454545454546,isobaric,361.23,355.5179443359375,,,-9.918212890625e-05,True,False,48,CC(C)CC(C)(C)C,mol_57615b5c3546c298,0.947,0.69,0.5820796489715576,1.01349675655365,61.43545913696289,CC(C)O,mol_db030b5de88f8eaf,0.053,0.31,0.41792032122612,7.651435852050781,104.39596557617188,,,,,,,
state_4fea37bf63a9585e6023a853,2c_045f196d049de4abb690,2,binary_vle_english.xlsx,10.1016/j.jct.2004.09.009,unverified,0.5,isobaric,0.9696969696969697,isobaric,366.55,370.01483154296875,,,-3.814697265625e-05,True,False,48,CCC(C)O,mol_06affb0d2c6c8ff2,0.7978000000000001,0.6489,0.6647502779960632,1.0280907154083252,82.09984588623047,COC(=O)OC,mol_0ec85594f0f896ea,0.2022,0.3511,0.33524972200393677,1.4048118591308594,119.55794525146484,,,,,,,
state_503a9663c1e993245ca71a6f,2c_0537ca75f0252274a31e,2,binary_vle_english.xlsx,10.1016/j.jct.2013.12.021,unverified,0.5,isobaric,0.9565217391304348,isobaric,368.15,370.2495422363281,,,0.0001678466796875,True,False,48,CCC(C)O,mol_06affb0d2c6c8ff2,0.9274,0.785,0.7569039463996887,0.9999217987060547,82.7077865600586,CO,mol_a85d32e4db2ff39c,0.0726,0.215,0.24309605360031128,1.055432915687561,321.4766540527344,,,,,,,
state_50b3eece0f8296482d2b68f8,2c_50cae961bcfb98dfb10a,2,binary_vle_english.xlsx,10.1016/j.fluid.2011.11.020,passed,1.0,isobaric,0.9375,isobaric,355.14,356.075927734375,,,-0.00016021728515625,True,False,48,CC(C)=C(C)C,mol_ac85c03b48dc0205,0.05489999999999995,0.11509999999999998,0.09089311957359314,1.1049946546554565,151.8223876953125,c1ccsc1,mol_7953343be0b435d5,0.9451,0.8849,0.9091069102287292,1.0009607076644897,97.37725830078125,,,,,,,
state_50c22338e596211c9811fba2,2c_95bb6818e3b103875b44,2,binary_vle_english.xlsx,10.1016/j.fluid.2012.09.019,passed,1.0,isobaric,0.9285714285714286,isobaric,391.33,390.86700439453125,,,0.0006694793701171875,True,False,48,CCCCCCCCCC,mol_91b5da48af8329ea,0.958,0.899,0.8851082921028137,1.0001436471939087,18.47621726989746,Cc1ccccc1C,mol_61c4de85d258b45d,0.04200000000000004,0.10099999999999998,0.1148916557431221,1.1549376249313354,47.372379302978516,,,,,,,
state_51329837b6ad4175bb14001a,2c_079ccab2da1cc47051a9,2,binary_vle_english.xlsx,10.1016/j.fluid.2006.02.009,unverified,0.5,isobaric,0.9523809523809523,isobaric,375.65999999999997,375.7240905761719,,,0.0001983642578125,True,False,48,CCCCCl,mol_f7989a5c13417f20,0.0,0.0,0.0,0.9136005640029907,170.99395751953125,Cc1ccccc1,mol_1c09299644053521,1.0,1.0,1.0,1.0,80.00019836425781,,,,,,,
state_528fd01568a5c3325c3931aa,2c_e0ef8174c7b6fc15273a,2,binary_vle_english.xlsx,10.1016/j.fluid.2005.06.024,unverified,0.5,isobaric,0.9743589743589743,isobaric,393.62,403.1065979003906,,,-1.52587890625e-05,True,False,48,CC(C)=O,mol_e04cf77cea7bbe66,0.0287,0.1689,0.17310933768749237,0.804317831993103,759.8492431640625,CCOC(=O)OCC,mol_4df2781fcf4d4a77,0.9713,0.8311,0.8268907070159912,0.9997066855430603,86.2856674194336,,,,,,,
state_5291378d4bf7a14d005a0663,2c_079ccab2da1cc47051a9,2,binary_vle_english.xlsx,10.1016/j.fluid.2006.02.009,unverified,0.5,isobaric,0.9545454545454546,isobaric,368.94,373.74066162109375,,,-1.52587890625e-05,True,False,48,CCCCCl,mol_f7989a5c13417f20,0.3495,0.5962,0.5228628516197205,0.936583936214447,161.8092498779297,Cc1ccccc1,mol_1c09299644053521,0.6505000000000001,0.40380000000000005,0.47713714838027954,0.9858700633049011,75.36776733398438,,,,,,,
state_529dd7cb35b15ab3973582df,2c_443810127d849cf82a31,2,binary_vle_english.xlsx,10.1016/j.fluid.2014.09.021,unverified,0.5,isobaric,0.9545454545454546,isobaric,422.56999999999994,423.07275390625,,,0.0004730224609375,True,False,48,CCC(C)O,mol_06affb0d2c6c8ff2,0.033,0.098,0.08017855137586594,0.6965751051902771,353.3359375,CN(C)C=O,mol_ca12d6d2f2ffb170,0.967,0.902,0.9198214411735535,0.9998116493225098,96.37632751464844,,,,,,,
state_52d8805a2bb39efdb1ebd13d,2c_7b12ee2d0e35e39326bc,2,binary_vle_english.xlsx,10.1016/j.fluid.2011.08.007,unverified,0.5,isobaric,0.9642857142857143,isobaric,384.34999999999997,385.11077880859375,,,6.103515625e-05,True,False,48,CCOCCO,mol_ab8630148ae67e51,0.956,0.651,0.7039589285850525,0.9991384148597717,49.1280517578125,CO,mol_a85d32e4db2ff39c,0.044,0.349,0.2960410714149475,0.8854230642318726,506.5405578613281,,,,,,,
state_5383ffd46f3a2f0f0f549ac2,2c_e8b98868a6b90d408930,2,binary_vle_english.xlsx,10.1016/j.fluid.2015.09.039,unverified,0.5,isobaric,0.96875,isobaric,456.84999999999997,457.4114074707031,,,0.0002288818359375,True,False,48,CN(C)C=O,mol_ca12d6d2f2ffb170,0.099,0.216,0.23703165352344513,1.072508692741394,226.1417694091797,CS(C)=O,mol_7d3e12eaed0f467c,0.901,0.784,0.7629683613777161,1.0037444829940796,85.46119689941406,,,,,,,
state_54931158aaabd4d8ddf0c7f0,2c_03bd4325b126d2709459,2,binary_vle_english.xlsx,10.1016/j.fluid.2011.10.009,unverified,0.5,isobaric,0.9333333333333333,isobaric,423.79999999999995,423.796142578125,,,0.00066375732421875,True,False,48,C1CCCCC1,mol_893981623557f359,0.0,0.0,0.0,0.9410246014595032,560.2546997070312,CCCCCCCCC,mol_dd70207e50d8bf63,1.0,1.0,1.0,1.0,101.30066680908203,,,,,,,
state_54df7dc2e337e7eeb470a1a2,2c_7c57a80413db66443080,2,binary_vle_english.xlsx,10.1016/j.jct.2010.05.014,unverified,0.5,isobaric,0.9615384615384616,isobaric,413.04999999999995,413.94873046875,,,0.0016632080078125,True,False,48,CCC(=O)O,mol_86c4db256d6270c6,0.4972,0.4858,0.4813518524169922,0.8818713426589966,100.23168182373047,CCCCCO,mol_243de2450bee5519,0.5028,0.5142,0.5186482071876526,0.8453653454780579,111.4068374633789,,,,,,,
state_5597d8f60c582dd0f318c434,2c_7c6b847ee4cb190db3ef,2,binary_vle_english.xlsx,10.1016/j.fluid.2005.06.024,unverified,0.5,isobaric,0.9666666666666667,isobaric,397.17999999999995,405.97998046875,,,2.288818359375e-05,True,False,48,CCC(C)=O,mol_4cfc5db0ca2ab00b,0.0259,0.0907,0.09739662706851959,0.8778648972511292,434.04339599609375,CCOC(=O)OCC,mol_4df2781fcf4d4a77,0.9741,0.9093,0.9026033878326416,0.9998540282249451,93.90171813964844,,,,,,,
state_5679dde9c75af1b23e7fff59,2c_d66c7a74cea5d8732e08,2,binary_vle_english.xlsx,10.1016/j.jct.2016.10.001,unverified,0.5,isobaric,0.9375,isobaric,369.2,368.4158630371094,,,0.0,True,False,48,CC(C)O,mol_db030b5de88f8eaf,0.006,0.129,0.16261082887649536,16.180356979370117,169.6756591796875,O,mol_e81dc06beaa39499,0.994,0.871,0.8373891115188599,1.000256061553955,85.31771087646484,,,,,,,
state_56bfd2609157f3f8014e6814,2c_079ccab2da1cc47051a9,2,binary_vle_english.xlsx,10.1016/j.fluid.2006.02.009,unverified,0.5,isobaric,0.9545454545454546,isobaric,369.81,374.3457336425781,,,-0.00034332275390625,True,False,48,CCCCCl,mol_f7989a5c13417f20,0.328,0.5728,0.49695101380348206,0.9326164722442627,164.5677032470703,Cc1ccccc1,mol_1c09299644053521,0.6719999999999999,0.4272,0.5030489563941956,0.9879373908042908,76.75727844238281,,,,,,,
state_5748cdc2c257f654c624eaac,2c_7b12ee2d0e35e39326bc,2,binary_vle_english.xlsx,10.1016/j.fluid.2011.08.007,unverified,0.5,isobaric,0.9642857142857143,isobaric,389.59999999999997,390.1639709472656,,,0.00017547607421875,True,False,48,CCOCCO,mol_ab8630148ae67e51,0.98,0.821,0.8473083972930908,0.9998071193695068,57.645530700683594,CO,mol_a85d32e4db2ff39c,0.02,0.179,0.15269158780574799,0.8682850003242493,586.1237182617188,,,,,,,
state_579ad42b1db0f22943a70aa1,2c_fb0ad4b474929fdd899d,2,binary_vle_english.xlsx,10.1016/j.fluid.2007.09.014,unverified,0.5,isobaric,0.9583333333333334,isobaric,387.75,387.99005126953125,,,-3.814697265625e-05,True,False,48,CC(C)OC(C)C,mol_1a0ca8e5eeb68da8,0.022,0.279,0.3018864393234253,3.739535093307495,371.7171630859375,COCCO,mol_d291b272a64498d9,0.978,0.721,0.6981135606765747,1.0005848407745361,72.2674331665039,,,,,,,
state_58122e806e9edd073e8c149c,2c_0cbde1e0afdbf0e12df4,2,binary_vle_english.xlsx,10.1016/j.fluid.2014.05.018,unverified,0.5,full_state,0.0,isobaric,373.2,365.3792724609375,,,0.00018310546875,True,False,48,CC(C)C,mol_cd0696a421ed56d8,0.0205,0.4069,0.5529483556747437,5.898744583129883,1714.757080078125,CCO,mol_f29e20f49d416e54,0.9795,0.5931,0.44705161452293396,1.0008631944656372,171.00546264648438,,,,,,,
state_587aa2b59cd28d29db6ec83d,2c_03ee8ab4245c0677d4ed,2,binary_vle_english.xlsx,10.1016/j.fluid.2018.05.024,unverified,0.5,isobaric,0.95,isobaric,360.25,360.090087890625,,,1.52587890625e-05,True,False,48,CCO,mol_f29e20f49d416e54,0.056,0.164,0.1731516420841217,2.222092390060425,140.956787109375,COC(=O)OC,mol_0ec85594f0f896ea,0.944,0.836,0.8268483877182007,1.0027689933776855,88.48355102539062,,,,,,,
state_5931ab692342b6ca367c5328,2c_1f5028f9412924c6aa2e,2,binary_vle_english.xlsx,10.1016/j.fluid.2005.02.014,passed,1.0,isobaric,0.9285714285714286,isobaric,360.2,360.2772521972656,,,-7.62939453125e-06,True,False,48,C1CCOCC1,mol_626f3d1f5bbb6f55,0.9781,0.9429,0.9295336008071899,1.0002104043960571,96.24980926513672,CC(C)(C)Cl,mol_cbd731ac6eef5e90,0.02190000000000003,0.05710000000000004,0.07046638429164886,1.4567475318908691,223.74996948242188,,,,,,,
state_5976a86e6355de1eb3cb9b41,2c_dc191206ee879c89c4e5,2,binary_vle_english.xlsx,10.1016/j.jct.2003.09.001,unverified,0.5,isobaric,0.9285714285714286,isobaric,378.4,379.2635803222656,,,0.000244140625,True,False,48,C1COCCO1,mol_d365f2fae67d24f2,0.2387,0.3067,0.337003231048584,1.224894642829895,116.75981903076172,CC(C)CO,mol_015d21fca05fcd26,0.7613,0.6933,0.662996768951416,1.0182236433029175,86.6408920288086,,,,,,,
state_5a0a34bd578e4414fcb7b745,2c_94ed5d0a73a3c26e5ef5,2,binary_vle_english.xlsx,10.1016/j.jct.2013.08.020,unverified,0.5,isobaric,0.9411764705882353,isobaric,369.27,369.06158447265625,,,-6.866455078125e-05,True,False,48,CCO,mol_f29e20f49d416e54,0.015,0.139,0.14979970455169678,5.1911797523498535,194.87799072265625,O,mol_e81dc06beaa39499,0.985,0.861,0.8502002954483032,1.0008717775344849,87.36062622070312,,,,,,,
state_5a18255f328f45d1a50fbdbf,2c_f98cab4acf014d5210d4,2,binary_vle_english.xlsx,10.1016/j.fluid.2007.03.030,unverified,0.5,isobaric,0.9545454545454546,isobaric,407.95,409.09210205078125,,,0.000518798828125,True,False,48,CCCO,mol_5fb2f93dc8caa9dc,0.0,0.0,0.0,1.015750765800476,367.0335388183594,CCOCCO,mol_ab8630148ae67e51,1.0,1.0,1.0,1.0,101.30052185058594,,,,,,,
state_5a8cd0d5e381c750a51d396b,2c_c75645cb5ece049b7827,2,binary_vle_english.xlsx,10.1016/j.fluid.2015.10.035,passed,1.0,isobaric,0.9375,isobaric,354.59,354.62255859375,,,8.392333984375e-05,True,False,48,CC#N,mol_7028b7cbd3d829b4,1.0,1.0,1.0,1.0,101.30008697509766,CC(C)O,mol_db030b5de88f8eaf,0.0,0.0,0.0,2.6844189167022705,100.75899505615234,,,,,,,
state_5e6800b409a371a98089d6c3,2c_c9ecb5bf12ebfafc6a51,2,binary_vle_english.xlsx,10.1016/j.fluid.2005.03.014,unverified,0.5,isobaric,0.9545454545454546,isobaric,420.74,420.9060974121094,,,0.00020599365234375,True,False,48,CC(=O)OCC(C)C,mol_e7eb29ad965cc8ee,0.043,0.172,0.14118848741054535,1.6118042469024658,206.36158752441406,CN(C)C=O,mol_ca12d6d2f2ffb170,0.957,0.8280000000000001,0.8588115572929382,1.0009300708770752,90.82230377197266,,,,,,,
state_5efbdbf398ad38e66e6de6de,2c_46777e532a11b24ee585,2,binary_vle_english.xlsx,10.1016/j.fluid.2012.12.020,unverified,0.5,isobaric,0.9629629629629629,isobaric,404.90999999999997,405.3202209472656,,,0.000457763671875,True,False,48,CC(C)O,mol_db030b5de88f8eaf,0.0495,0.2355,0.21118362247943878,0.7889721393585205,546.156005859375,CCCCCO,mol_243de2450bee5519,0.9505,0.7645,0.7888163924217224,0.9994328022003174,83.86746978759766,,,,,,,
state_61c8b444becee5e95ddbdebc,2c_e06683c33855ee8d702b,2,binary_vle_english.xlsx,10.1016/j.fluid.2012.12.020,unverified,0.5,isobaric,0.9565217391304348,isobaric,390.85999999999996,390.66693115234375,,,0.00066375732421875,True,False,48,CC(C)O,mol_db030b5de88f8eaf,0.0,0.0,0.0,0.8475292325019836,355.5467529296875,CCCCO,mol_ad4ef9c6c876ca2f,1.0,1.0,1.0,1.0,101.00066375732422,,,,,,,
state_6215b38ac1d87688ceb1ddd3,2c_34804c7fdf5c7dc9c9e5,2,binary_vle_english.xlsx,10.1016/j.fluid.2005.02.014,unverified,0.5,isobaric,0.9090909090909091,isobaric,359.04,359.7229309082031,,,4.57763671875e-05,True,False,48,C1CCOCC1,mol_626f3d1f5bbb6f55,0.903,0.8481,0.8439890742301941,1.000142216682434,94.66663360595703,CC(C)CCl,mol_b6f57216bc07a08c,0.09699999999999998,0.15190000000000003,0.1560109555721283,1.0863072872161865,149.98240661621094,,,,,,,
state_6297e153e59f30f28951f56b,2c_d89740e05ac3f0ccc959,2,binary_vle_english.xlsx,10.1016/j.fluid.2008.09.010,passed,1.0,isobaric,0.9411764705882353,isobaric,388.15,386.10772705078125,,,2.193450927734375e-05,True,False,48,CS(C)=O,mol_7d3e12eaed0f467c,0.912,0.6182000000000001,0.574144721031189,0.9979884028434753,8.408759117126465,O,mol_e81dc06beaa39499,0.088,0.3818,0.42585527896881104,0.40846315026283264,157.92735290527344,,,,,,,
state_62ff0903fcb8ea190545e993,2c_d61da005b4125a743b07,2,binary_vle_english.xlsx,10.1016/j.fluid.2009.03.008,unverified,0.5,isobaric,0.9583333333333334,isobaric,383.79999999999995,383.6089172363281,,,0.00025177001953125,True,False,48,CC(=O)O,mol_9ac385b135af0125,0.8821,0.7525,0.6979548931121826,1.0028355121612549,79.95008850097656,CCC(C)=O,mol_4cfc5db0ca2ab00b,0.1179,0.24750000000000005,0.3020451068878174,1.039481520652771,249.73553466796875,,,,,,,
state_636d051f2a4e173d80af0e84,2c_f0a592d91b289fcd0778,2,binary_vle_english.xlsx,10.1016/j.fluid.2005.01.007,unverified,0.5,isobaric,0.9545454545454546,isobaric,356.94,349.3912353515625,,,0.00035858154296875,True,False,48,CC(C)=O,mol_e04cf77cea7bbe66,0.058,0.387,0.5266589522361755,4.774624347686768,192.68991088867188,CC(C)CC(C)(C)C,mol_57615b5c3546c298,0.942,0.613,0.47334107756614685,1.009497880935669,50.43297576904297,,,,,,,
state_6507f492d9dd2f622104b7da,2c_6eb2e45afed5017e5e33,2,binary_vle_english.xlsx,10.1016/j.fluid.2014.09.021,unverified,0.5,isobaric,0.95,isobaric,409.9,410.66021728515625,,,0.0007781982421875,True,False,48,CCC(C)OC(C)=O,mol_879306ab1082c162,0.135,0.422,0.41215696930885315,1.7408705949783325,177.65406799316406,CN(C)C=O,mol_ca12d6d2f2ffb170,0.865,0.5780000000000001,0.5878430008888245,1.0137784481048584,67.90706634521484,,,,,,,
state_650c90cd0957923a743d6557,2c_f4a55bc5fa0e7d69faf8,2,binary_vle_english.xlsx,10.1016/j.fluid.2012.12.021,unverified,0.5,isobaric,0.9523809523809523,isobaric,368.14,370.46600341796875,,,0.0,True,False,48,C1CCOCC1,mol_626f3d1f5bbb6f55,0.124,0.18500000000000005,0.22198745608329773,1.300405502319336,129.4064178466797,CCC(C)O,mol_06affb0d2c6c8ff2,0.876,0.815,0.7780125141143799,1.0025659799575806,83.27169036865234,,,,,,,
state_65f17f0fba9843f03b25caa4,2c_4e1effd6e44016fa9e71,2,binary_vle_english.xlsx,10.1016/j.fluid.2019.03.022,passed,1.0,isobaric,0.95,isobaric,343.83,345.9025573730469,,,-0.000213623046875,True,False,48,CO,mol_a85d32e4db2ff39c,0.027000000000000024,0.281,0.22747327387332916,6.149206161499023,138.78933715820312,c1ccccc1,mol_7165dcf6be1f831d,0.973,0.719,0.772526741027832,1.0020382404327393,80.26476287841797,,,,,,,
state_664e2b4db83051aa9e2c0309,2c_acf6c70dfacb27974826,2,binary_vle_english.xlsx,10.1016/j.fluid.2017.05.012,unverified,0.5,isobaric,0.9444444444444444,isobaric,369.3,368.8485412597656,,,0.0002593994140625,True,False,48,CCCO,mol_5fb2f93dc8caa9dc,0.9136,0.8828,0.8715001940727234,1.0062001943588257,95.75234985351562,CCCOC(C)=O,mol_67043ae833ecd0c7,0.08640000000000003,0.11719999999999997,0.1284998208284378,1.7736715078353882,84.69115447998047,,,,,,,
state_6786879fa58d089a7a98d8f0,2c_7e396008deb1d14f8e15,2,binary_vle_english.xlsx,10.1016/j.fluid.2015.11.007,passed,1.0,isobaric,0.9090909090909091,isobaric,382.83,379.86663818359375,,,0.00040435791015625,True,False,48,CC(=O)N(C)C,mol_b8ccf255e2b62919,0.621,0.509,0.6178640127182007,0.5541888475418091,21.544649124145508,CC(=O)O,mol_9ac385b135af0125,0.379,0.491,0.38213595747947693,0.1708735227584839,70.81084442138672,,,,,,,
state_68ecf60135f7708ae1975ddd,2c_74a658fab9cc22057bbd,2,binary_vle_english.xlsx,10.1016/j.jct.2019.03.036,unverified,0.5,isobaric,0.9473684210526315,isobaric,463.27,463.8832092285156,,,0.00018310546875,True,False,48,CCCOC(C)=O,mol_67043ae833ecd0c7,0.0,0.0,0.0,3.889815330505371,852.2252807617188,CS(C)=O,mol_7d3e12eaed0f467c,1.0,1.0,1.0,1.0,101.30018615722656,,,,,,,
state_692a3c8a2e16da37a78b6b7f,2c_3bae50989ad7bd0bfb6d,2,binary_vle_english.xlsx,10.1016/j.tca.2019.178318,unverified,0.5,isobaric,0.9523809523809523,isobaric,518.78,532.956787109375,,,-0.00012969970703125,True,False,48,C=C1CC/C=C(\C)CC[C@@H]2[C@@H]1CC2(C)C,mol_45521ebc0c228c36,0.9796,0.8349,0.8885585069656372,0.9999300241470337,91.9189682006836,CC1=CCC2CC1C2(C)C,mol_58edf3e3e0a48fcf,0.0204,0.1651,0.1114414855837822,0.9247512817382812,598.5897827148438,,,,,,,
state_6a553e343710cb9ed67a6071,2c_784276d4500715f79c89,2,binary_vle_english.xlsx,10.1016/j.fluid.2013.05.019,passed,1.0,isobaric,0.8235294117647058,isobaric,371.32,371.5317687988281,,,-0.00061798095703125,True,False,48,CCCCCCC,mol_fddb2c852c313396,0.999707,0.999367,0.9991577863693237,1.0,101.27371978759766,c1ccsc1,mol_7953343be0b435d5,0.000293,0.000633,0.0008422154351137578,1.8990696668624878,153.3734130859375,,,,,,,
state_6a6d15d1b605a88ca84d9ce0,2c_f4a55bc5fa0e7d69faf8,2,binary_vle_english.xlsx,10.1016/j.fluid.2012.12.021,unverified,0.5,isobaric,0.9523809523809523,isobaric,364.74,365.5835266113281,,,0.00103759765625,True,False,48,C1CCOCC1,mol_626f3d1f5bbb6f55,0.32999999999999996,0.44299999999999995,0.47976669669151306,1.2145159244537354,112.52410888671875,CCC(C)O,mol_06affb0d2c6c8ff2,0.67,0.557,0.5202333331108093,1.0237078666687012,71.29843139648438,,,,,,,
state_6b0770c938397acc2d23960b,2c_50cae961bcfb98dfb10a,2,binary_vle_english.xlsx,10.1016/j.fluid.2011.11.020,passed,1.0,isobaric,0.9375,isobaric,356.25,356.8044738769531,,,-0.00080108642578125,True,False,48,CC(C)=C(C)C,mol_ac85c03b48dc0205,0.023299999999999987,0.05469999999999997,0.039887044578790665,1.1266597509384155,153.9635009765625,c1ccsc1,mol_7953343be0b435d5,0.9767,0.9453,0.9601129293441772,1.0001789331436157,99.59053039550781,,,,,,,
state_6bd3e35ab7a92062040a3169,2c_9f31aad1f9974e54ecb0,2,binary_vle_english.xlsx,10.1016/j.jct.2017.07.019,unverified,0.5,isobaric,0.95,isobaric,406.87,405.8128662109375,,,-0.00066375732421875,True,False,48,Cc1ccc(C)cc1,mol_e7658ba520613aac,0.9788,0.8598,0.8393034338951111,1.0010366439819336,86.77241516113281,OCC(F)(F)C(F)F,mol_48469952cf716332,0.0212,0.1402,0.16069656610488892,4.2958574295043945,178.74237060546875,,,,,,,
state_6c5859f44d140e3eb004a5ec,2c_04f90ce0e2369daa246a,2,binary_vle_english.xlsx,10.1016/j.fluid.2005.09.015,unverified,0.5,isobaric,0.9545454545454546,isobaric,411.13,417.46392822265625,,,6.103515625e-05,True,False,48,CC(C)CO,mol_015d21fca05fcd26,0.082,0.27,0.2589288055896759,1.266409158706665,252.58187866210938,CCCCOC(=O)CC,mol_a9c167bbb331e76a,0.918,0.73,0.7410712242126465,1.0019831657409668,81.6143569946289,,,,,,,
state_6cf11b36947b32dbfae69783,2c_bcadcb4c5d803465b404,2,binary_vle_english.xlsx,10.1016/j.fluid.2007.09.014,unverified,0.5,isobaric,0.9523809523809523,isobaric,388.35999999999996,389.57366943359375,,,-7.62939453125e-06,True,False,48,CC(C)O,mol_db030b5de88f8eaf,0.099,0.328,0.3253374397754669,0.9684303402900696,343.7477722167969,COCCO,mol_d291b272a64498d9,0.901,0.6719999999999999,0.6746625900268555,0.999980092048645,75.85424041748047,,,,,,,
state_6d3245c64d17aa8785d2b9cb,2c_e584d9baea666806df78,2,binary_vle_english.xlsx,10.1016/j.jct.2010.02.001,unverified,0.5,isobaric,0.9444444444444444,isobaric,386.15,386.2585144042969,,,-0.0001678466796875,True,False,48,CCCCO,mol_ad4ef9c6c876ca2f,0.9315,0.8587,0.8789622187614441,0.9994856119155884,86.19474792480469,CCCO,mol_5fb2f93dc8caa9dc,0.0685,0.1413,0.12103776633739471,0.9012695550918579,178.9969482421875,,,,,,,
state_6e9c9e1d2a2eeb4735574c14,2c_7c6b847ee4cb190db3ef,2,binary_vle_english.xlsx,10.1016/j.fluid.2005.06.024,unverified,0.5,isobaric,0.9666666666666667,isobaric,387.96,395.9316101074219,,,0.0001220703125,True,False,48,CCC(C)=O,mol_4cfc5db0ca2ab00b,0.1323,0.3781,0.40705206990242004,0.9127508401870728,341.550537109375,CCOC(=O)OCC,mol_4df2781fcf4d4a77,0.8677,0.6219,0.5929479598999023,0.9965121150016785,69.48347473144531,,,,,,,
state_6fb1671d2f7442c986396160,2c_165952a69a69e7a8d3f6,2,binary_vle_english.xlsx,10.1016/j.fluid.2007.06.005,unverified,0.5,isobaric,0.9545454545454546,isobaric,361.27,358.458984375,,,-6.103515625e-05,True,False,48,CC(C)CC(C)(C)C,mol_57615b5c3546c298,0.972,0.7130000000000001,0.6484996676445007,1.0035039186477661,67.34938049316406,CCO,mol_f29e20f49d416e54,0.028,0.287,0.3515003025531769,9.588759422302246,132.62164306640625,,,,,,,
state_6fe1e224ca396d7615b57eec,2c_21b807a1a6c6348c91ac,2,binary_vle_english.xlsx,10.1016/j.fluid.2018.07.027,unverified,0.5,isobaric,0.9629629629629629,isobaric,385.90999999999997,386.8645935058594,,,9.1552734375e-05,True,False,48,CC(C)CC(C)(C)C,mol_57615b5c3546c298,0.0212,0.132,0.14781519770622253,4.692312717437744,150.5241241455078,CCCCO,mol_ad4ef9c6c876ca2f,0.9788,0.868,0.8521847724914551,1.000862717628479,88.1201400756836,,,,,,,
state_7191f4346e45d71c36298d76,2c_03bd4325b126d2709459,2,binary_vle_english.xlsx,10.1016/j.fluid.2011.10.009,unverified,0.5,isobaric,0.9333333333333333,isobaric,420.79999999999995,420.9991760253906,,,-0.000732421875,True,False,48,C1CCCCC1,mol_893981623557f359,0.018000000000000016,0.08799999999999997,0.08881738036870956,0.9436843395233154,529.6696166992188,CCCCCCCCC,mol_dd70207e50d8bf63,0.982,0.912,0.9111825823783875,0.9999721050262451,93.99665069580078,,,,,,,
state_7249dd1816b2c97d0a19fe2b,2c_01b27b0603388a2088b7,2,binary_vle_english.xlsx,10.1016/j.fluid.2005.01.007,unverified,0.5,isobaric,0.9545454545454546,isobaric,348.91,348.3180236816406,,,2.288818359375e-05,True,False,48,CC(C)=O,mol_e04cf77cea7bbe66,0.044,0.129,0.1551288515329361,1.9145257472991943,186.58380126953125,CCO,mol_f29e20f49d416e54,0.956,0.871,0.8448711633682251,1.0013922452926636,89.41773223876953,,,,,,,
state_73036ff1f443c0d17bc25acd,2c_ba6de3f53ea6de13738b,2,binary_vle_english.xlsx,10.1016/j.fluid.2006.02.009,unverified,0.5,isobaric,0.95,isobaric,375.65999999999997,375.7240905761719,,,0.0001983642578125,True,False,48,CCC(C)Cl,mol_9f4835d3aad75f1c,0.0,0.0,0.0,0.8436464071273804,237.9349365234375,Cc1ccccc1,mol_1c09299644053521,1.0,1.0,1.0,1.0,80.00019836425781,,,,,,,
state_733f3133ab46cc921e4eecea,2c_b11dff0fda4f01349610,2,binary_vle_english.xlsx,10.1016/j.jct.2015.03.013,unverified,0.5,isobaric,0.8888888888888888,isobaric,387.7,386.3070373535156,,,-0.00030517578125,True,False,48,COCCO,mol_d291b272a64498d9,0.5805,0.356,0.31621554493904114,1.0638712644577026,68.61131286621094,O,mol_e81dc06beaa39499,0.4195,0.644,0.6837843656539917,1.3739759922027588,158.9687957763672,,,,,,,
state_7492400dcf252459badb46e1,2c_e94406f9abae6913c6d1,2,binary_vle_english.xlsx,10.1016/j.fluid.2005.02.014,unverified,0.5,isobaric,0.9285714285714286,isobaric,361.18,361.9790344238281,,,0.0001220703125,True,False,48,C1CCOCC1,mol_626f3d1f5bbb6f55,0.978,0.9736,0.9773803949356079,0.9999060034751892,101.24546813964844,CCCCCl,mol_f7989a5c13417f20,0.02200000000000002,0.02639999999999998,0.0226195827126503,0.9041776657104492,115.19088745117188,,,,,,,
state_749fc345106b925237866395,2c_9f31aad1f9974e54ecb0,2,binary_vle_english.xlsx,10.1016/j.jct.2017.07.019,unverified,0.5,isobaric,0.95,isobaric,411.45,411.509765625,,,-7.62939453125e-06,True,False,48,Cc1ccc(C)cc1,mol_e7658ba520613aac,1.0,1.0,1.0,1.0,101.29999542236328,OCC(F)(F)C(F)F,mol_48469952cf716332,0.0,0.0,0.0,4.728753566741943,201.2412567138672,,,,,,,
state_74aead4276d071031dcf23bd,2c_94ed5d0a73a3c26e5ef5,2,binary_vle_english.xlsx,10.1016/j.jct.2017.07.021,unverified,0.5,full_state,0.0,isobaric,369.86,369.80010986328125,,,-3.814697265625e-05,True,False,48,CCO,mol_f29e20f49d416e54,0.0043,0.0632,0.05121874436736107,5.61037015914917,199.978271484375,O,mol_e81dc06beaa39499,0.9957,0.9368,0.9487812519073486,1.0000725984573364,89.74699401855469,,,,,,,
state_757b6e2c1c357a782c2ea7d1,2c_d66c7a74cea5d8732e08,2,binary_vle_english.xlsx,10.1016/j.fluid.2014.02.006,unverified,0.5,isobaric,0.9411764705882353,isobaric,366.49,362.9339599609375,,,0.0016632080078125,True,False,48,CC(C)O,mol_db030b5de88f8eaf,0.017,0.222,0.32403475046157837,13.911505699157715,138.79859924316406,O,mol_e81dc06beaa39499,0.983,0.778,0.6759653091430664,1.0020350217819214,69.5191650390625,,,,,,,
state_75f2ce910b83b63932f49898,2c_94ed5d0a73a3c26e5ef5,2,binary_vle_english.xlsx,10.1016/j.fluid.2017.03.010,unverified,0.5,isobaric,0.9444444444444444,isobaric,368.38,368.4231872558594,,,-5.340576171875e-05,True,False,48,CCO,mol_f29e20f49d416e54,0.018,0.165,0.1718384176492691,5.07600212097168,190.55526733398438,O,mol_e81dc06beaa39499,0.982,0.835,0.8281615972518921,1.001249074935913,85.34074401855469,,,,,,,
state_79383932d277b05443e0ac45,2c_3cfe39df0799bd753b3a,2,binary_vle_english.xlsx,10.1016/j.jct.2017.11.009,passed,1.0,isobaric,0.9444444444444444,isobaric,467.37,467.64398193359375,,,-4.57763671875e-05,True,False,48,C=CCO,mol_04e1450f7a0596df,0.0114,0.224,0.1274133026599884,1.2170906066894531,930.2426147460938,CN1CCCC1=O,mol_f50e4145cb9a22d5,0.9886,0.776,0.872586727142334,1.000018835067749,89.41061401367188,,,,,,,
state_7b1f9b90a3cc22bb7c80286e,2c_acbe0e6e906b285e5990,2,binary_vle_english.xlsx,10.1016/j.fluid.2006.07.003,unverified,0.5,isobaric,0.9565217391304348,isobaric,410.62,411.0025329589844,,,-0.00029754638671875,True,False,48,CCCCCO,mol_243de2450bee5519,1.0,1.0,1.0,1.0,101.2997055053711,CCCOCCC,mol_e13b90e4aa2e917d,0.0,0.0,0.0,2.340632438659668,315.7453918457031,,,,,,,
state_7bf8a3fe3768627171f4209a,2c_7c6b847ee4cb190db3ef,2,binary_vle_english.xlsx,10.1016/j.fluid.2005.06.024,unverified,0.5,isobaric,0.9666666666666667,isobaric,390.39,398.601318359375,,,0.00128936767578125,True,False,48,CCC(C)=O,mol_4cfc5db0ca2ab00b,0.1027,0.3048,0.3338794410228729,0.903782844543457,364.4830017089844,CCOC(=O)OCC,mol_4df2781fcf4d4a77,0.8973,0.6952,0.6661205291748047,0.997844398021698,75.3831787109375,,,,,,,
state_7dcf3dba997e2c91cfa00c7c,2c_e0c162126f5997f9fcd9,2,binary_vle_english.xlsx,10.1016/j.fluid.2016.02.018,unverified,0.5,isothermal,0.8,isothermal,,,95.1,97.3189697265625,0.0,True,False,48,CCCCCCC,mol_fddb2c852c313396,0.8008,0.6597,0.6531495451927185,1.008426547050476,78.71215057373047,c1ccccc1,mol_7165dcf6be1f831d,0.19920000000000004,0.34030000000000005,0.3468504250049591,1.244097352027893,136.2059326171875,,,,,,,
state_819bb81a2524437bf66bf922,2c_23001626ba9c10a2709a,2,binary_vle_english.xlsx,10.1016/j.fluid.2011.06.001,unverified,0.5,isothermal,0.9166666666666666,isothermal,,,43.4,43.276214599609375,-3.814697265625e-06,True,False,48,CC(C)(C)Cl,mol_cbd731ac6eef5e90,0.4116,0.5728,0.5637242794036865,1.0491232872009277,56.49552917480469,CC(C)OC(C)C,mol_1a0ca8e5eeb68da8,0.5884,0.4272,0.4362757205963135,1.062996506690979,30.18601417541504,,,,,,,
state_81c5129e8cedc32a54a1fb24,2c_94ed5d0a73a3c26e5ef5,2,binary_vle_english.xlsx,10.1016/j.fluid.2019.03.019,unverified,0.5,isothermal,0.9411764705882353,isothermal,,,199.0,198.28564453125,0.0,True,False,48,CCO,mol_f29e20f49d416e54,0.0,0.0,0.0,6.070348739624023,426.737060546875,O,mol_e81dc06beaa39499,1.0,1.0,1.0,1.0,198.28564453125,,,,,,,
state_829a4138393693161e6f021e,2c_98afb8e6c65a310db5e0,2,binary_vle_english.xlsx,10.1016/j.jct.2012.12.026,unverified,0.5,isothermal,0.9166666666666666,isothermal,,,364.20000000000005,266.94757080078125,3.0517578125e-05,True,False,48,F/C=C/C(F)(F)F,mol_0e763ba6787b2749,1.0,1.0,1.0,1.0,266.9476013183594,FC(F)C(F)F,mol_fccff6221e62b4bc,0.0,0.0,0.0,1.0995997190475464,347.3802490234375,,,,,,,
state_82becdd91da8ffcfd1c4239a,2c_e1c33e24ae7f6ab4d0bf,2,binary_vle_english.xlsx,10.1016/j.fluid.2010.01.024,unverified,0.5,isothermal,0.9333333333333333,isothermal,,,32.78,33.267852783203125,-3.814697265625e-06,True,False,48,CC[N+](=O)[O-],mol_6fdb0ec09de24512,1.0,1.0,1.0,1.0,33.26784896850586,ClCCCl,mol_e8df6c9e89c6b62a,0.0,0.0,0.0,1.263853907585144,90.28636169433594,,,,,,,
state_8436328c6e8fb8487e4eb0c3,2c_23001626ba9c10a2709a,2,binary_vle_english.xlsx,10.1016/j.fluid.2011.06.001,unverified,0.5,isothermal,0.9166666666666666,isothermal,,,46.4,45.818145751953125,0.0,True,False,48,CC(C)(C)Cl,mol_cbd731ac6eef5e90,0.5201,0.6711,0.6561083793640137,1.0230860710144043,56.49552917480469,CC(C)OC(C)C,mol_1a0ca8e5eeb68da8,0.4799,0.32889999999999997,0.34389156103134155,1.0876834392547607,30.18601417541504,,,,,,,
state_88e76d7ceac6ba09768f2666,2c_3dbba2317f4e40b6415a,2,binary_vle_english.xlsx,10.1016/j.fluid.2014.07.025,unverified,0.5,isothermal,0.9444444444444444,isothermal,,,43.58,37.87480163574219,0.0,True,False,48,CC(C)CO,mol_015d21fca05fcd26,0.5309,0.8751,0.8960421085357666,0.8935973048210144,71.53592681884766,CCCC(=O)O,mol_1ce6f73d446ad30c,0.46909999999999996,0.12490000000000001,0.10395794361829758,0.8919984102249146,9.409759521484375,,,,,,,
state_8c9fd2bd6c99e78681e92112,2c_6cdeaa0b12c0bcad5378,2,binary_vle_english.xlsx,10.1016/j.jct.2012.01.020,passed,1.0,isothermal,0.9,isothermal,,,64.6965,70.48023986816406,0.0,True,False,48,CC(C)CC(C)(C)C,mol_57615b5c3546c298,0.7,0.46699999999999997,0.44411778450012207,1.0934563875198364,40.89460372924805,CCOC(C)=O,mol_18876b584acc43d4,0.3,0.533,0.5558822751045227,1.6447688341140747,79.40065002441406,,,,,,,
state_8d9b13d20fef4c17feac4c91,2c_3dbba2317f4e40b6415a,2,binary_vle_english.xlsx,10.1016/j.fluid.2014.07.025,unverified,0.5,isothermal,0.9444444444444444,isothermal,,,33.34,28.488906860351562,0.0,True,False,48,CC(C)CO,mol_015d21fca05fcd26,0.386,0.7745,0.8077452182769775,0.8333715200424194,71.53592681884766,CCCC(=O)O,mol_1ce6f73d446ad30c,0.614,0.22550000000000003,0.19225479662418365,0.9479950666427612,9.409759521484375,,,,,,,
state_8f0e665eb5e531d76c633a4e,2c_94ed5d0a73a3c26e5ef5,2,binary_vle_english.xlsx,10.1016/j.fluid.2019.03.019,unverified,0.5,isothermal,0.9411764705882353,isothermal,,,415.00000000000006,411.732421875,0.0,True,False,48,CCO,mol_f29e20f49d416e54,0.552,0.656,0.6710432767868042,1.1729140281677246,426.737060546875,O,mol_e81dc06beaa39499,0.44799999999999995,0.344,0.3289567232131958,1.5247005224227905,198.28564453125,,,,,,,
state_928b7574de567d0c8d1d4fe7,2c_ab90a05e58432c71abba,2,binary_vle_english.xlsx,10.1016/j.fluid.2011.05.011,unverified,0.5,isothermal,0.9411764705882353,isothermal,,,75.31,78.12850189208984,0.0,True,False,48,CC(=O)CC(C)C,mol_0a895444a9f0f36b,0.5555,0.40369999999999995,0.3845605254173279,1.1618003845214844,46.554176330566406,CC(C)CC(C)(C)C,mol_57615b5c3546c298,0.4445,0.5963,0.6154394745826721,1.3511372804641724,80.06147766113281,,,,,,,
state_943c44510997ef702ba2b0b8,2c_94ed5d0a73a3c26e5ef5,2,binary_vle_english.xlsx,10.1016/j.fluid.2019.03.019,unverified,0.5,isothermal,0.9411764705882353,isothermal,,,358.0,352.97613525390625,-3.0517578125e-05,True,False,48,CCO,mol_f29e20f49d416e54,0.203,0.484,0.5012533664703369,2.0424253940582275,426.737060546875,O,mol_e81dc06beaa39499,0.7969999999999999,0.516,0.4987466633319855,1.1139756441116333,198.28564453125,,,,,,,
state_97444763e2af2d8db29ea732,2c_ea9da779580d9b792700,2,binary_vle_english.xlsx,10.1016/j.jct.2012.11.005,unverified,0.5,isothermal,0.9411764705882353,isothermal,,,76.95,74.10455322265625,0.0,True,False,48,CC(C)OC(C)C,mol_1a0ca8e5eeb68da8,0.957,0.728,0.750461995601654,1.005353331565857,57.80200958251953,CO,mol_a85d32e4db2ff39c,0.04300000000000004,0.272,0.24953804910182953,7.103541374206543,60.539424896240234,,,,,,,
state_986785318b5c8abc5717dfb7,2c_d498cbbd8f767d43f3e7,2,binary_vle_english.xlsx,10.1016/j.fluid.2011.06.001,unverified,0.5,isothermal,0.9230769230769231,isothermal,,,31.54,30.275741577148438,0.0,True,False,48,CC(C)OC(C)C,mol_1a0ca8e5eeb68da8,0.18430000000000002,0.18500000000000005,0.18894736468791962,1.0282636880874634,30.18601417541504,CCC(C)Cl,mol_9f4835d3aad75f1c,0.8157,0.815,0.8110526204109192,0.9929313063621521,30.317554473876953,,,,,,,
state_986d6531368d1d165cbb1106,2c_ea9da779580d9b792700,2,binary_vle_english.xlsx,10.1016/j.jct.2012.11.005,unverified,0.5,isothermal,0.8888888888888888,isothermal,,,96.84,97.21000671386719,-7.62939453125e-06,True,False,48,CC(C)OC(C)C,mol_1a0ca8e5eeb68da8,0.627,0.515,0.5027889013290405,1.348609209060669,57.80200958251953,CO,mol_a85d32e4db2ff39c,0.373,0.485,0.49721112847328186,2.1404478549957275,60.539424896240234,,,,,,,
state_998710b12bf5586b080e7aac,2c_3dbba2317f4e40b6415a,2,binary_vle_english.xlsx,10.1016/j.fluid.2014.07.025,unverified,0.5,isothermal,0.9444444444444444,isothermal,,,47.71000000000001,41.216819763183594,-3.814697265625e-06,True,False,48,CC(C)CO,mol_015d21fca05fcd26,0.5788,0.9033,0.9164531826972961,0.9122880101203918,71.53592681884766,CCCC(=O)O,mol_1ce6f73d446ad30c,0.4212,0.09670000000000001,0.08354680240154266,0.8688350915908813,9.409759521484375,,,,,,,
state_9a9a1292cd8f57579668eb3f,2c_e1c33e24ae7f6ab4d0bf,2,binary_vle_english.xlsx,10.1016/j.fluid.2010.01.024,unverified,0.5,isothermal,0.9333333333333333,isothermal,,,38.26,39.46702575683594,0.0,True,False,48,CC[N+](=O)[O-],mol_6fdb0ec09de24512,0.9206,0.7981,0.7768024802207947,1.0010350942611694,33.26784896850586,ClCCCl,mol_e8df6c9e89c6b62a,0.0794,0.2019,0.22319748997688293,1.2287994623184204,90.28636169433594,,,,,,,
state_9b79316db67e6aa8013251cb,2c_500953d4ef1e1d57286b,2,binary_vle_english.xlsx,10.1016/j.fluid.2012.10.015,unverified,0.5,isothermal,0.9333333333333333,isothermal,,,27.909999999999997,23.551334381103516,-1.9073486328125e-06,True,False,48,CCCCCl,mol_f7989a5c13417f20,0.6988,0.8718,0.847824215888977,1.0980292558670044,26.0228271484375,CC[N+](=O)[O-],mol_6fdb0ec09de24512,0.3012,0.12819999999999998,0.15217579901218414,1.5432474613189697,7.710287094116211,,,,,,,
state_9cd7cf0ac80a03ce1d9d503f,2c_d498cbbd8f767d43f3e7,2,binary_vle_english.xlsx,10.1016/j.fluid.2011.06.001,unverified,0.5,isothermal,0.9230769230769231,isothermal,,,30.585000000000004,30.461952209472656,0.0,True,False,48,CC(C)OC(C)C,mol_1a0ca8e5eeb68da8,0.9369,0.9291,0.9296025037765503,1.0012810230255127,30.18601417541504,CCC(C)Cl,mol_9f4835d3aad75f1c,0.0631,0.0709,0.07039748132228851,1.1209630966186523,30.317554473876953,,,,,,,
state_9ce0bebf1ce2783dd66c1147,2c_d498cbbd8f767d43f3e7,2,binary_vle_english.xlsx,10.1016/j.fluid.2011.06.001,unverified,0.5,isothermal,0.9230769230769231,isothermal,,,31.184999999999995,30.858570098876953,0.0,True,False,48,CC(C)OC(C)C,mol_1a0ca8e5eeb68da8,0.7095,0.6982999999999999,0.7072539329528809,1.019044041633606,30.18601417541504,CCC(C)Cl,mol_9f4835d3aad75f1c,0.2905,0.3017,0.2927461266517639,1.0257149934768677,30.317554473876953,,,,,,,
state_9e3be7456ff451ed72deb331,2c_ab90a05e58432c71abba,2,binary_vle_english.xlsx,10.1016/j.fluid.2011.05.011,unverified,0.5,isothermal,0.9411764705882353,isothermal,,,81.83,83.88723754882812,0.0,True,False,48,CC(=O)CC(C)C,mol_0a895444a9f0f36b,0.131,0.13529999999999998,0.14918403327465057,2.0520517826080322,46.554176330566406,CC(C)CC(C)(C)C,mol_57615b5c3546c298,0.869,0.8647,0.850816011428833,1.0258601903915405,80.06147766113281,,,,,,,
state_9fc492410f5efeaac2b68235,2c_5018f9e15dae7c08710f,2,binary_vle_english.xlsx,10.1016/j.fluid.2011.06.001,passed,1.0,isothermal,0.9090909090909091,isothermal,,,30.58,30.04553985595703,0.0,True,False,48,CC(C)CCl,mol_b6f57216bc07a08c,0.647,0.6424,0.6267220377922058,0.9940813779830933,29.27714729309082,CC(C)OC(C)C,mol_1a0ca8e5eeb68da8,0.353,0.35760000000000003,0.3732779920101166,1.0525238513946533,30.18601417541504,,,,,,,
state_9ff797dde13fe57b2b1c2a30,2c_ab90a05e58432c71abba,2,binary_vle_english.xlsx,10.1016/j.fluid.2011.05.011,unverified,0.5,isothermal,0.9411764705882353,isothermal,,,81.43999999999998,83.9859619140625,0.0,True,False,48,CC(=O)CC(C)C,mol_0a895444a9f0f36b,0.24250000000000005,0.21550000000000002,0.2213108092546463,1.6464135646820068,46.554176330566406,CC(C)CC(C)(C)C,mol_57615b5c3546c298,0.7575,0.7845,0.7786892056465149,1.0783621072769165,80.06147766113281,,,,,,,
state_a138312724b428bc5ba3ca12,2c_3dbba2317f4e40b6415a,2,binary_vle_english.xlsx,10.1016/j.fluid.2014.07.025,unverified,0.5,isothermal,0.9444444444444444,isothermal,,,66.21,61.93846130371094,0.0,True,False,48,CC(C)CO,mol_015d21fca05fcd26,0.8612,0.9858,0.9851580858230591,0.9904627203941345,71.53592681884766,CCCC(=O)O,mol_1ce6f73d446ad30c,0.13880000000000003,0.01419999999999999,0.014841887168586254,0.7038523554801941,9.409759521484375,,,,,,,
state_a16d1c64b1c8c7a10bb327db,2c_94ed5d0a73a3c26e5ef5,2,binary_vle_english.xlsx,10.1016/j.fluid.2019.03.019,unverified,0.5,isothermal,0.9411764705882353,isothermal,,,258.99999999999994,262.31011962890625,0.0,True,False,48,CCO,mol_f29e20f49d416e54,0.035,0.243,0.26701292395591736,4.689417362213135,426.737060546875,O,mol_e81dc06beaa39499,0.965,0.757,0.732987105846405,1.0048304796218872,198.28564453125,,,,,,,
state_a452e728b1faed75dfb14f09,2c_3dbba2317f4e40b6415a,2,binary_vle_english.xlsx,10.1016/j.fluid.2014.07.025,unverified,0.5,isothermal,0.9444444444444444,isothermal,,,53.730000000000004,48.23542785644531,0.0,True,False,48,CC(C)CO,mol_015d21fca05fcd26,0.6756,0.9479,0.9483562707901001,0.946506917476654,71.53592681884766,CCCC(=O)O,mol_1ce6f73d446ad30c,0.3244,0.052100000000000035,0.05164378881454468,0.8160651922225952,9.409759521484375,,,,,,,
state_a47e04c668f1a1d9ba082336,2c_ab90a05e58432c71abba,2,binary_vle_english.xlsx,10.1016/j.fluid.2011.05.011,unverified,0.5,isothermal,0.9411764705882353,isothermal,,,80.12999999999998,82.82443237304688,0.0,True,False,48,CC(=O)CC(C)C,mol_0a895444a9f0f36b,0.35250000000000004,0.2822,0.27897003293037415,1.407985806465149,46.554176330566406,CC(C)CC(C)(C)C,mol_57615b5c3546c298,0.6475,0.7178,0.7210299372673035,1.151989221572876,80.06147766113281,,,,,,,
state_a590c95beac39e9d0efe3618,2c_c879fc0732268fc652fa,2,binary_vle_english.xlsx,10.1016/j.fluid.2011.06.001,passed,1.0,isothermal,0.9166666666666666,isothermal,,,26.16,24.611339569091797,-1.9073486328125e-06,True,False,48,CC(C)OC(C)C,mol_1a0ca8e5eeb68da8,0.5016,0.5904,0.6440652012825012,1.0468915700912476,30.18601417541504,CCCCCl,mol_f7989a5c13417f20,0.4984,0.4096,0.3559347987174988,1.0063011646270752,17.466251373291016,,,,,,,
state_a6233234862a6e4188856517,2c_3dbba2317f4e40b6415a,2,binary_vle_english.xlsx,10.1016/j.fluid.2014.07.025,unverified,0.5,isothermal,0.9444444444444444,isothermal,,,55.28,49.81108093261719,-3.814697265625e-06,True,False,48,CC(C)CO,mol_015d21fca05fcd26,0.6969,0.9528,0.9539856314659119,0.9531759023666382,71.53592681884766,CCCC(=O)O,mol_1ce6f73d446ad30c,0.30310000000000004,0.04720000000000002,0.04601437598466873,0.8036279082298279,9.409759521484375,,,,,,,
state_a81a2ce3977f5b4912cff022,2c_c879fc0732268fc652fa,2,binary_vle_english.xlsx,10.1016/j.fluid.2011.06.001,passed,1.0,isothermal,0.9166666666666666,isothermal,,,21.544999999999998,17.970012664794922,-1.9073486328125e-06,True,False,48,CC(C)OC(C)C,mol_1a0ca8e5eeb68da8,0.03969999999999996,0.06020000000000003,0.0669773742556572,1.0043387413024902,30.18601417541504,CCCCCl,mol_f7989a5c13417f20,0.9603,0.9398,0.9330226182937622,0.9996174573898315,17.466251373291016,,,,,,,
state_a9bc23d3097deff8fb3ffd75,2c_4cc4055379eb0154120e,2,binary_vle_english.xlsx,10.1016/j.fluid.2015.10.041,unverified,0.5,isothermal,0.8,isothermal,,,49.7,49.51622009277344,0.0,True,False,48,CCCC,mol_fadb5806094149e6,0.0,0.0,0.0,1.552122950553894,809.9815673828125,CCSCC,mol_a7491cfbf016fee6,1.0,1.0,1.0,1.0,49.51622009277344,,,,,,,
state_ada18880edd8c2aa03fadcf7,2c_5018f9e15dae7c08710f,2,binary_vle_english.xlsx,10.1016/j.fluid.2011.06.001,passed,1.0,isothermal,0.9090909090909091,isothermal,,,30.499999999999996,29.361045837402344,0.0,True,False,48,CC(C)CCl,mol_b6f57216bc07a08c,0.9285,0.9276,0.9249578714370728,0.9990398287773132,29.27714729309082,CC(C)OC(C)C,mol_1a0ca8e5eeb68da8,0.07150000000000001,0.07240000000000002,0.07504216581583023,1.020857334136963,30.18601417541504,,,,,,,
state_afd344f981dd7f45c7031bb0,2c_c879fc0732268fc652fa,2,binary_vle_english.xlsx,10.1016/j.fluid.2011.06.001,passed,1.0,isothermal,0.9166666666666666,isothermal,,,30.009999999999998,29.684783935546875,-1.9073486328125e-06,True,False,48,CC(C)OC(C)C,mol_1a0ca8e5eeb68da8,0.9465,0.9595,0.9634127020835876,1.0009671449661255,30.18601417541504,CCCCCl,mol_f7989a5c13417f20,0.0535,0.0405,0.036587316542863846,1.1622804403305054,17.466251373291016,,,,,,,
state_b0829483b553d20a4e493821,2c_d498cbbd8f767d43f3e7,2,binary_vle_english.xlsx,10.1016/j.fluid.2011.06.001,unverified,0.5,isothermal,0.9230769230769231,isothermal,,,30.750000000000004,30.673316955566406,0.0,True,False,48,CC(C)OC(C)C,mol_1a0ca8e5eeb68da8,0.8639,0.8536,0.8546808958053589,1.0052995681762695,30.18601417541504,CCC(C)Cl,mol_9f4835d3aad75f1c,0.1361,0.1464,0.14531907439231873,1.0802669525146484,30.317554473876953,,,,,,,
state_b2dfb4fc3920b83628bc115c,2c_ab90a05e58432c71abba,2,binary_vle_english.xlsx,10.1016/j.fluid.2011.05.011,unverified,0.5,isothermal,0.9411764705882353,isothermal,,,49.14,49.432342529296875,0.0,True,False,48,CC(=O)CC(C)C,mol_0a895444a9f0f36b,0.9783,0.9323,0.9216622114181519,1.0003507137298584,46.554176330566406,CC(C)CC(C)(C)C,mol_57615b5c3546c298,0.0217,0.0677,0.07833780348300934,2.2289445400238037,80.06147766113281,,,,,,,
state_b314bbfda0dd55154f5ab0bf,2c_3dbba2317f4e40b6415a,2,binary_vle_english.xlsx,10.1016/j.fluid.2014.07.025,unverified,0.5,isothermal,0.9444444444444444,isothermal,,,40.9,34.995819091796875,0.0,True,False,48,CC(C)CO,mol_015d21fca05fcd26,0.4883,0.853,0.8746969699859619,0.8763202428817749,71.53592681884766,CCCC(=O)O,mol_1ce6f73d446ad30c,0.5117,0.14700000000000002,0.1253030002117157,0.9107176065444946,9.409759521484375,,,,,,,
state_b3707d276d50d42b4e27d42c,2c_ab90a05e58432c71abba,2,binary_vle_english.xlsx,10.1016/j.fluid.2011.05.011,unverified,0.5,isothermal,0.9411764705882353,isothermal,,,71.48,74.24092102050781,0.0,True,False,48,CC(=O)CC(C)C,mol_0a895444a9f0f36b,0.6579999999999999,0.47140000000000004,0.4500904083251953,1.0908337831497192,46.554176330566406,CC(C)CC(C)(C)C,mol_57615b5c3546c298,0.342,0.5286,0.5499096512794495,1.4910252094268799,80.06147766113281,,,,,,,
state_b475aac01a4533cdb080988b,2c_98afb8e6c65a310db5e0,2,binary_vle_english.xlsx,10.1016/j.jct.2012.12.026,unverified,0.5,isothermal,0.8461538461538461,isothermal,,,391.49999999999994,324.033203125,3.0517578125e-05,True,False,48,F/C=C/C(F)(F)F,mol_0e763ba6787b2749,0.31699999999999995,0.32299999999999995,0.2728937566280365,1.0449556112289429,266.9476013183594,FC(F)C(F)F,mol_fccff6221e62b4bc,0.683,0.677,0.7271062135696411,0.9930281639099121,347.3802490234375,,,,,,,
state_b5ee8e1e7cc3d0a8bc6c9810,2c_c879fc0732268fc652fa,2,binary_vle_english.xlsx,10.1016/j.fluid.2011.06.001,passed,1.0,isothermal,0.9166666666666666,isothermal,,,24.190000000000005,21.501808166503906,0.0,True,False,48,CC(C)OC(C)C,mol_1a0ca8e5eeb68da8,0.2825,0.3647,0.4206590950489044,1.0606719255447388,30.18601417541504,CCCCCl,mol_f7989a5c13417f20,0.7175,0.6353,0.579340934753418,0.9940028190612793,17.466251373291016,,,,,,,
state_7c2730b86cc62733c6f73253,2c_d66c7a74cea5d8732e08,2,binary_vle_english.xlsx,10.1016/j.fluid.2017.09.010,unverified,0.5,isobaric,0.9473684210526315,isobaric,367.1,362.7812194824219,,,0.000579833984375,True,False,48,CC(C)O,mol_db030b5de88f8eaf,0.0172,0.2292,0.32605230808258057,13.873246192932129,138.0081024169922,O,mol_e81dc06beaa39499,0.9828,0.7708,0.6739476919174194,1.0020825862884521,69.11644744873047,,,,,,,
state_7cd685ba069c474b2bc506c7,2c_5e274a8981b66e0477e8,2,binary_vle_english.xlsx,10.1016/j.fluid.2005.02.014,passed,1.0,isobaric,0.9166666666666666,isobaric,358.77,359.3167419433594,,,-7.62939453125e-06,True,False,48,C1CCOCC1,mol_626f3d1f5bbb6f55,0.8755,0.8029,0.8074486255645752,0.9989955425262451,93.52001953125,CCC(C)Cl,mol_9f4835d3aad75f1c,0.12450000000000006,0.19710000000000005,0.1925513744354248,1.0112192630767822,154.9320831298828,,,,,,,
state_7cd9a88b3eb2ac14aa51dd1c,2c_f6e4afdc0101fe369605,2,binary_vle_english.xlsx,10.1016/j.jct.2004.09.009,unverified,0.5,isobaric,0.9629629629629629,isobaric,392.91999999999996,400.2695617675781,,,-3.0517578125e-05,True,False,48,CC1CCCCC1,mol_bdf6ddfdabc4e204,0.0696,0.2058,0.26895374059677124,1.9464356899261475,201.11183166503906,CCOC(=O)OCC,mol_4df2781fcf4d4a77,0.9304,0.7942,0.7310463190078735,1.003999948501587,79.27765655517578,,,,,,,
state_7cf27e2873dbbaa12ce4265b,2c_4e1effd6e44016fa9e71,2,binary_vle_english.xlsx,10.1016/j.fluid.2019.03.022,passed,1.0,isobaric,0.95,isobaric,353.25,353.2706298828125,,,0.00057220458984375,True,False,48,CO,mol_a85d32e4db2ff39c,0.0,0.0,0.0,7.115320682525635,181.4440460205078,c1ccccc1,mol_7165dcf6be1f831d,1.0,1.0,1.0,1.0,101.30057525634766,,,,,,,
state_7d01159ac35694d1680fbf72,2c_106af91fffdb87d7c4f6,2,binary_vle_english.xlsx,10.1016/j.fluid.2013.05.016,unverified,0.5,isobaric,0.9444444444444444,isobaric,413.2,413.49420166015625,,,0.00037384033203125,True,False,48,Cc1ccccc1,mol_1c09299644053521,0.094,0.196,0.18564558029174805,0.910207986831665,219.79974365234375,Cc1ccccc1C,mol_61c4de85d258b45d,0.906,0.804,0.814354419708252,0.9988057613372803,91.16230010986328,,,,,,,
state_7d107ce422391689dfb25615,2c_04f90ce0e2369daa246a,2,binary_vle_english.xlsx,10.1016/j.fluid.2005.09.015,unverified,0.5,isobaric,0.9545454545454546,isobaric,415.26,421.7968444824219,,,0.00067901611328125,True,False,48,CC(C)CO,mol_015d21fca05fcd26,0.033,0.12,0.11926136910915375,1.299583077430725,281.7047424316406,CCCCOC(=O)CC,mol_a9c167bbb331e76a,0.967,0.88,0.8807386159896851,1.000342607498169,92.23253631591797,,,,,,,
state_7d12ae9e4c2adaa989a9f30c,2c_21b807a1a6c6348c91ac,2,binary_vle_english.xlsx,10.1016/j.fluid.2018.07.027,unverified,0.5,isobaric,0.9629629629629629,isobaric,388.96,389.7438659667969,,,0.001220703125,True,False,48,CC(C)CC(C)(C)C,mol_57615b5c3546c298,0.005,0.0385,0.03990933299064636,4.9887871742248535,162.0780487060547,CCCCO,mol_ad4ef9c6c876ca2f,0.995,0.9615,0.960090696811676,1.0000485181808472,97.74235534667969,,,,,,,
state_7d30f57a37e1573533dbda8f,2c_7c57a80413db66443080,2,binary_vle_english.xlsx,10.1016/j.jct.2010.05.014,unverified,0.5,isobaric,0.9615384615384616,isobaric,412.95,413.6756591796875,,,0.00102996826171875,True,False,48,CCC(=O)O,mol_86c4db256d6270c6,0.6800999999999999,0.7015,0.7088521718978882,0.9576088786125183,99.37345886230469,CCCCCO,mol_243de2450bee5519,0.3199,0.2985,0.2911478579044342,0.7524179220199585,110.43733215332031,,,,,,,
state_7ddd9306742739247f35bf36,2c_f84a6616de8e67ab84b6,2,binary_vle_english.xlsx,10.1016/j.fluid.2005.06.019,unverified,0.5,isobaric,0.96,isobaric,430.05999999999995,429.8955993652344,,,-7.62939453125e-06,True,False,48,CC(C)CO,mol_015d21fca05fcd26,0.0,0.0,0.0,0.7623964548110962,343.4107666015625,CCCCCCO,mol_eb71ecc709e3f0dc,1.0,1.0,1.0,1.0,101.29999542236328,,,,,,,
state_7f1440b1294ae6c01890be9d,2c_d66c7a74cea5d8732e08,2,binary_vle_english.xlsx,10.1016/j.fluid.2014.02.006,unverified,0.5,isobaric,0.9411764705882353,isobaric,371.38,369.8104248046875,,,-0.00032806396484375,True,False,48,CC(C)O,mol_db030b5de88f8eaf,0.004,0.065,0.11715953052043915,16.636316299438477,178.3480987548828,O,mol_e81dc06beaa39499,0.996,0.935,0.8828404545783997,1.0001139640808105,89.78038024902344,,,,,,,
state_7fc557edd8a97d0e96fbf8ed,2c_ef978bac8ab2c7c131e7,2,binary_vle_english.xlsx,10.1016/j.fluid.2015.03.013,unverified,0.5,isobaric,0.9629629629629629,isobaric,430.06999999999994,424.33343505859375,,,0.00046539306640625,True,False,48,CC(=O)N(C)C,mol_b8ccf255e2b62919,0.952,0.766,0.7763523459434509,1.001559853553772,82.48148345947266,CCC(C)OC(C)=O,mol_879306ab1082c162,0.048,0.234,0.22364763915538788,1.8614636659622192,253.5595703125,,,,,,,
state_7fe53d73ef512640edead261,2c_ef978bac8ab2c7c131e7,2,binary_vle_english.xlsx,10.1016/j.fluid.2015.03.013,unverified,0.5,isobaric,0.9629629629629629,isobaric,431.53999999999996,425.7358093261719,,,0.00127410888671875,True,False,48,CC(=O)N(C)C,mol_b8ccf255e2b62919,0.962,0.8049999999999999,0.8142300248146057,1.0009782314300537,85.65689849853516,CCC(C)OC(C)=O,mol_879306ab1082c162,0.038,0.195,0.1857699751853943,1.885565996170044,262.642578125,,,,,,,
state_8048bb64dd8e853f67bccfd7,2c_e0ef8174c7b6fc15273a,2,binary_vle_english.xlsx,10.1016/j.fluid.2005.06.024,unverified,0.5,isobaric,0.9743589743589743,isobaric,395.28,404.5709228515625,,,7.62939453125e-06,True,False,48,CC(C)=O,mol_e04cf77cea7bbe66,0.0209,0.1206,0.12950314581394196,0.8003321886062622,784.477294921875,CCOC(=O)OCC,mol_4df2781fcf4d4a77,0.9791,0.8794,0.8704968094825745,0.9998433589935303,90.10000610351562,,,,,,,
state_80ce2b4e9bad61b88bad69d5,2c_f98cab4acf014d5210d4,2,binary_vle_english.xlsx,10.1016/j.fluid.2007.03.030,unverified,0.5,isobaric,0.9545454545454546,isobaric,400.89,401.371337890625,,,-1.52587890625e-05,True,False,48,CCCO,mol_5fb2f93dc8caa9dc,0.095,0.267,0.27608251571655273,1.01051664352417,291.32733154296875,CCOCCO,mol_ab8630148ae67e51,0.905,0.733,0.7239174842834473,1.0002813339233398,81.00796508789062,,,,,,,
state_8254712ce2d99eb3fdfec301,2c_acf6c70dfacb27974826,2,binary_vle_english.xlsx,10.1016/j.fluid.2017.05.012,unverified,0.5,isobaric,0.8947368421052632,isobaric,370.2,369.5989685058594,,,0.000213623046875,True,False,48,CCCO,mol_5fb2f93dc8caa9dc,0.1941,0.2716,0.2893253266811371,1.5280773639678955,98.5230484008789,CCCOC(C)=O,mol_67043ae833ecd0c7,0.8059000000000001,0.7283999999999999,0.7106747031211853,1.02688467502594,86.73419189453125,,,,,,,
state_827e6c20a05d7ec27746a371,2c_165952a69a69e7a8d3f6,2,binary_vle_english.xlsx,10.1016/j.fluid.2005.01.007,unverified,0.5,isobaric,0.9545454545454546,isobaric,372.33,372.2520751953125,,,-0.00058746337890625,True,False,48,CC(C)CC(C)(C)C,mol_57615b5c3546c298,1.0,1.0,1.0,1.0,101.31941223144531,CCO,mol_f29e20f49d416e54,0.0,0.0,0.0,12.19248104095459,217.69984436035156,,,,,,,
state_833fa41c00fab8e85a60386e,2c_0cbe98474ca1c811520c,2,binary_vle_english.xlsx,10.1016/j.fluid.2006.08.004,unverified,0.5,isobaric,0.9473684210526315,isobaric,363.99,362.80340576171875,,,0.0001220703125,True,False,48,CC(C)CC(C)(C)C,mol_57615b5c3546c298,0.821,0.657,0.6269400715827942,1.0059702396392822,76.8967056274414,CC(C)OC(C)C,mol_1a0ca8e5eeb68da8,0.179,0.343,0.3730598986148834,1.0986480712890625,192.16616821289062,,,,,,,
state_8518ea0b605bc0bae145edb9,2c_e06683c33855ee8d702b,2,binary_vle_english.xlsx,10.1016/j.fluid.2012.12.020,unverified,0.5,isobaric,0.9565217391304348,isobaric,387.53,388.0524597167969,,,0.00067138671875,True,False,48,CC(C)O,mol_db030b5de88f8eaf,0.0474,0.1362,0.13272202014923096,0.8626322150230408,327.8409729003906,CCCCO,mol_ad4ef9c6c876ca2f,0.9526,0.8638,0.867277979850769,0.9995808601379395,91.99285125732422,,,,,,,
state_862c7f01abbb0ab1316817ac,2c_46777e532a11b24ee585,2,binary_vle_english.xlsx,10.1016/j.fluid.2012.12.020,unverified,0.5,isobaric,0.9629629629629629,isobaric,408.67999999999995,409.09197998046875,,,0.0001373291015625,True,False,48,CC(C)O,mol_db030b5de88f8eaf,0.0156,0.0741,0.07271669805049896,0.7769082188606262,605.9849243164062,CCCCCO,mol_243de2450bee5519,0.9844,0.9259,0.9272832870483398,0.9999445080757141,95.14520263671875,,,,,,,
state_8690ce32175a1216e1bcaace,2c_f6e4afdc0101fe369605,2,binary_vle_english.xlsx,10.1016/j.jct.2004.09.009,unverified,0.5,isobaric,0.9629629629629629,isobaric,398.09,407.45758056640625,,,0.00023651123046875,True,False,48,CC1CCCCC1,mol_bdf6ddfdabc4e204,0.0079,0.0223,0.03986826166510582,2.1468324661254883,238.12913513183594,CCOC(=O)OCC,mol_4df2781fcf4d4a77,0.9921,0.9777,0.9601317048072815,1.0000540018081665,98.03076171875,,,,,,,
state_8757ad3bdb5779358d1cd1b7,2c_375f45238dade7281e25,2,binary_vle_english.xlsx,10.1016/j.jct.2019.03.036,unverified,0.5,isobaric,0.9473684210526315,isobaric,463.27,463.8832092285156,,,0.00018310546875,True,False,48,CCOC(C)=O,mol_18876b584acc43d4,0.0,0.0,0.0,3.0331058502197266,1502.32373046875,CS(C)=O,mol_7d3e12eaed0f467c,1.0,1.0,1.0,1.0,101.30018615722656,,,,,,,
state_878e94a9df8350c3e31fc135,2c_7b12ee2d0e35e39326bc,2,binary_vle_english.xlsx,10.1016/j.fluid.2011.08.007,unverified,0.5,isobaric,0.9666666666666667,isobaric,392.78,392.8671569824219,,,-2.288818359375e-05,True,False,48,CCOCCO,mol_ab8630148ae67e51,0.94,0.616,0.6305513978004456,0.9985969662666321,62.68693542480469,CO,mol_a85d32e4db2ff39c,0.06,0.384,0.36944860219955444,0.9082825779914856,632.6397094726562,,,,,,,
state_880259b0ea42606762752545,2c_e923997b8f9df5a64a73,2,binary_vle_english.xlsx,10.1016/j.fluid.2018.03.011,unverified,0.5,isobaric,0.9090909090909091,isobaric,346.75,344.4346923828125,,,-0.00041961669921875,True,False,48,CC(C)O,mol_db030b5de88f8eaf,0.8240000000000001,0.596,0.5519883036613464,1.0255968570709229,66.16580963134766,ClC(Cl)Cl,mol_d9e0a2387a6283f9,0.176,0.404,0.44801172614097595,1.8462061882019043,139.6703338623047,,,,,,,
state_88c5f2bc42579aeb8092435e,2c_6eb2e45afed5017e5e33,2,binary_vle_english.xlsx,10.1016/j.fluid.2014.09.021,unverified,0.5,isobaric,0.95,isobaric,419.65,419.83331298828125,,,9.1552734375e-05,True,False,48,CCC(C)OC(C)=O,mol_879306ab1082c162,0.036,0.162,0.1601371169090271,1.9927780628204346,226.12074279785156,CN(C)C=O,mol_ca12d6d2f2ffb170,0.964,0.838,0.8398628234863281,1.0009866952896118,88.16838836669922,,,,,,,
state_89c2c32ab590197c0f0107e4,2c_f4090d8339a2ac959e8c,2,binary_vle_english.xlsx,10.1016/j.fluid.2017.09.010,unverified,0.5,isobaric,0.9411764705882353,isobaric,374.2,374.4825134277344,,,-0.00067901611328125,True,False,48,CC(C)O,mol_db030b5de88f8eaf,0.0,0.0,0.0,1.6735584735870361,210.01258850097656,CCCOC(C)=O,mol_67043ae833ecd0c7,1.0,1.0,1.0,1.0,100.99932098388672,,,,,,,
state_8a155d25a657369be0906c53,2c_ef978bac8ab2c7c131e7,2,binary_vle_english.xlsx,10.1016/j.fluid.2015.03.013,unverified,0.5,isobaric,0.9629629629629629,isobaric,433.56999999999994,428.02850341796875,,,-7.62939453125e-06,True,False,48,CC(=O)N(C)C,mol_b8ccf255e2b62919,0.977,0.867,0.8786043524742126,1.0003588199615479,91.06519317626953,CCC(C)OC(C)=O,mol_879306ab1082c162,0.023,0.133,0.12139564007520676,1.9228510856628418,278.0603332519531,,,,,,,
state_8a2ad9cb51c7656f45725973,2c_b94de72ffbeb53d6294b,2,binary_vle_english.xlsx,10.1016/j.fluid.2014.04.025,unverified,0.5,isobaric,0.9285714285714286,isobaric,450.2200000000001,451.3974914550781,,,0.00019073486328125,True,False,48,CS(C)=O,mol_7d3e12eaed0f467c,0.9761,0.6852,0.6999655365943909,1.0006000995635986,72.5992431640625,Cc1ccccc1,mol_1c09299644053521,0.0239,0.3148,0.30003443360328674,2.540334701538086,500.6019287109375,,,,,,,
state_8a6944d15f169ca8f19f9669,2c_0cbe98474ca1c811520c,2,binary_vle_english.xlsx,10.1016/j.fluid.2006.08.004,unverified,0.5,isobaric,0.9473684210526315,isobaric,366.3,365.2454833984375,,,-0.0002593994140625,True,False,48,CC(C)CC(C)(C)C,mol_57615b5c3546c298,0.875,0.746,0.7166033387184143,1.0030394792556763,82.71058654785156,CC(C)OC(C)C,mol_1a0ca8e5eeb68da8,0.125,0.254,0.2833966910839081,1.116073727607727,205.7786102294922,,,,,,,
state_8b16db6f7c7d81ce64f364b1,2c_35cc53cd52979773cfcb,2,binary_vle_english.xlsx,10.1016/j.fluid.2015.08.014,unverified,0.5,isobaric,0.9473684210526315,isobaric,460.43999999999994,461.5882263183594,,,0.00142669677734375,True,False,48,CO,mol_a85d32e4db2ff39c,0.004,0.067,0.061691764742136,0.4856473207473755,3217.0791015625,CS(C)=O,mol_7d3e12eaed0f467c,0.996,0.933,0.9383082389831543,0.9999967813491821,95.43400573730469,,,,,,,
state_8b1af055c1c3df31a9df05e7,2c_4cf4774918df9099eea7,2,binary_vle_english.xlsx,10.1016/j.jct.2019.02.006,unverified,0.5,isobaric,0.9375,isobaric,420.39,429.814208984375,,,3.910064697265625e-05,True,False,48,COC(=O)CCCC(=O)OC,mol_7d99b26f6710b2c1,0.077,0.152,0.1951850801706314,1.5150872468948364,13.886678695678711,COC(=O)CCCCC(=O)OC,mol_54b4f1c698cac66b,0.923,0.848,0.8048149347305298,1.0032391548156738,7.213897705078125,,,,,,,
state_8c50f4fdd0a9eb44a86b60aa,2c_31c2824ab8cdf543aad1,2,binary_vle_english.xlsx,10.1016/j.fluid.2018.06.017,passed,1.0,isobaric,0.9375,isobaric,354.3,354.62255859375,,,8.392333984375e-05,True,False,48,CC#N,mol_7028b7cbd3d829b4,1.0,1.0,1.0,1.0,101.30008697509766,CCO,mol_f29e20f49d416e54,0.0,0.0,0.0,2.550746440887451,114.60723114013672,,,,,,,
state_8cb5655749a44078bbf742ec,2c_f25584e0c98fb6639876,2,binary_vle_english.xlsx,10.1016/j.jct.2019.05.005,unverified,0.5,isobaric,0.9090909090909091,isobaric,365.15,363.4104919433594,,,0.0012969970703125,True,False,48,CO,mol_a85d32e4db2ff39c,0.071,0.311,0.3452852964401245,1.915623664855957,257.1724853515625,O,mol_e81dc06beaa39499,0.929,0.6890000000000001,0.6547147631645203,1.0085422992706299,70.7876205444336,,,,,,,
state_8d0ec93edec2ba8dc3bba074,2c_82cfa7a14fa3ab1984f1,2,binary_vle_english.xlsx,10.1016/j.jct.2019.07.006,unverified,0.5,isobaric,0.9333333333333333,isobaric,371.72,370.7304992675781,,,0.00023651123046875,True,False,48,CC#N,mol_7028b7cbd3d829b4,0.0102,0.0628,0.09271450340747833,5.633509635925293,163.44772338867188,O,mol_e81dc06beaa39499,0.9898,0.9372,0.9072855114936829,1.0002723932266235,92.83008575439453,,,,,,,
state_8d2cd8ce0a246bad563c255a,2c_375f45238dade7281e25,2,binary_vle_english.xlsx,10.1016/j.jct.2019.03.036,unverified,0.5,isobaric,0.9473684210526315,isobaric,458.73,452.8671569824219,,,-7.62939453125e-06,True,False,48,CCOC(C)=O,mol_18876b584acc43d4,0.0071,0.1598,0.25909072160720825,2.9947972297668457,1234.3419189453125,CS(C)=O,mol_7d3e12eaed0f467c,0.9929,0.8402000000000001,0.7409092783927917,1.0000529289245605,75.58679962158203,,,,,,,
state_8fcfb0822ef438cd5a9c6527,2c_c7052cf3bd6baff652ca,2,binary_vle_english.xlsx,10.1016/j.fluid.2014.04.025,unverified,0.5,isobaric,0.9285714285714286,isobaric,458.52,457.9129333496094,,,6.866455078125e-05,True,False,48,COCCO,mol_d291b272a64498d9,0.0549,0.1862,0.1916211098432541,0.7930276989936829,445.85369873046875,CS(C)=O,mol_7d3e12eaed0f467c,0.9451,0.8138,0.8083788752555847,1.0003896951675415,86.6119384765625,,,,,,,
state_9315a9b5f30977d775fdf2ac,2c_70d91a5b69e7fd494bfd,2,binary_vle_english.xlsx,10.1016/j.jct.2004.09.009,unverified,0.5,isobaric,0.9696969696969697,isobaric,360.09,361.2914123535156,,,7.62939453125e-05,True,False,48,CC(C)O,mol_db030b5de88f8eaf,0.063,0.1646,0.14793802797794342,1.8229988813400269,130.48561096191406,COC(=O)OC,mol_0ec85594f0f896ea,0.937,0.8354,0.852061927318573,1.002939224243164,91.84738159179688,,,,,,,
state_94b6c6f28681f02af69626e8,2c_4cf4774918df9099eea7,2,binary_vle_english.xlsx,10.1016/j.jct.2019.02.006,unverified,0.5,isobaric,0.9375,isobaric,422.4700000000001,434.17919921875,,,0.0009517669677734375,True,False,48,COC(=O)CCCC(=O)OC,mol_7d99b26f6710b2c1,0.0,0.0,0.0,1.6483930349349976,15.920790672302246,COC(=O)CCCCC(=O)OC,mol_54b4f1c698cac66b,1.0,1.0,1.0,1.0,8.300951957702637,,,,,,,
state_95c02afae5701138c74f5511,2c_784276d4500715f79c89,2,binary_vle_english.xlsx,10.1016/j.fluid.2013.05.019,passed,1.0,isobaric,0.9333333333333333,isobaric,371.34,371.54180908203125,,,0.00019073486328125,True,False,48,CCCCCCC,mol_fddb2c852c313396,0.999862,0.999752,0.9996031522750854,1.0,101.303955078125,c1ccsc1,mol_7953343be0b435d5,0.000138,0.000248,0.0003968500532209873,1.8993855714797974,153.41685485839844,,,,,,,
state_95d5d5dcc0f53b3ad268c236,2c_1490252da7453cbbebe4,2,binary_vle_english.xlsx,10.1016/j.jct.2011.10.025,unverified,0.5,isobaric,0.9545454545454546,isobaric,350.23,349.380859375,,,0.0,True,False,48,CC(C)CC(C)(C)C,mol_57615b5c3546c298,0.5680000000000001,0.403,0.4229799509048462,1.4962985515594482,50.41532897949219,CC(C)O,mol_db030b5de88f8eaf,0.432,0.597,0.577019989490509,1.6605844497680664,81.48086547851562,,,,,,,
state_9623fd6750bfac8ac5207442,2c_f4a55bc5fa0e7d69faf8,2,binary_vle_english.xlsx,10.1016/j.fluid.2012.12.021,unverified,0.5,isobaric,0.9523809523809523,isobaric,365.93,367.7339172363281,,,4.57763671875e-05,True,False,48,C1CCOCC1,mol_626f3d1f5bbb6f55,0.22999999999999998,0.32299999999999995,0.367877334356308,1.2557990550994873,119.72451782226562,CCC(C)O,mol_06affb0d2c6c8ff2,0.77,0.677,0.6321226358413696,1.0102882385253906,76.38241577148438,,,,,,,
state_9631af37f813934da0be3b69,2c_6eb2e45afed5017e5e33,2,binary_vle_english.xlsx,10.1016/j.fluid.2014.09.021,unverified,0.5,isobaric,0.95,isobaric,415.25,415.66943359375,,,-0.00049591064453125,True,False,48,CCC(C)OC(C)=O,mol_879306ab1082c162,0.074,0.282,0.279924601316452,1.8882462978363037,202.9355010986328,CN(C)C=O,mol_ca12d6d2f2ffb170,0.926,0.718,0.7200754284858704,1.004155158996582,78.44648742675781,,,,,,,
state_9642d1c9ea9ba01dfdce907e,2c_0afc81efacf81d2f9881,2,binary_vle_english.xlsx,10.1016/j.fluid.2011.10.009,unverified,0.5,isobaric,0.9375,isobaric,420.7,421.69232177734375,,,0.00030517578125,True,False,48,CCCCCCCCC,mol_dd70207e50d8bf63,0.973,0.916,0.9198668003082275,1.0000108480453491,95.76750946044922,Cc1ccccc1,mol_1c09299644053521,0.027000000000000024,0.08399999999999996,0.08013319969177246,1.1287243366241455,266.361572265625,,,,,,,
state_96c699889552f443b7ced5a5,2c_c7052cf3bd6baff652ca,2,binary_vle_english.xlsx,10.1016/j.fluid.2014.04.025,unverified,0.5,isobaric,0.9285714285714286,isobaric,453.71,453.61236572265625,,,-9.1552734375e-05,True,False,48,COCCO,mol_d291b272a64498d9,0.0995,0.3204,0.3137146830558777,0.7883177995681763,405.1534118652344,CS(C)=O,mol_7d3e12eaed0f467c,0.9005,0.6796,0.6862853765487671,1.000818133354187,77.13916015625,,,,,,,
state_97850254ea246f55f643045c,2c_e584d9baea666806df78,2,binary_vle_english.xlsx,10.1016/j.jct.2010.02.001,unverified,0.5,isobaric,0.9444444444444444,isobaric,383.9,383.97564697265625,,,0.0002288818359375,True,False,48,CCCCO,mol_ad4ef9c6c876ca2f,0.8321000000000001,0.6859999999999999,0.7199535369873047,0.99681156873703,79.24790954589844,CCCO,mol_5fb2f93dc8caa9dc,0.1679,0.314,0.28004640340805054,0.919678807258606,165.5827178955078,,,,,,,
state_979c84da3077ae873d5e91d6,2c_acf6c70dfacb27974826,2,binary_vle_english.xlsx,10.1016/j.fluid.2017.05.012,unverified,0.5,isobaric,0.8947368421052632,isobaric,370.2,370.25537109375,,,-0.0001068115234375,True,False,48,CCCO,mol_5fb2f93dc8caa9dc,1.0,1.0,1.0,1.0,100.99989318847656,CCCOC(C)=O,mol_67043ae833ecd0c7,0.0,0.0,0.0,2.0366125106811523,88.552734375,,,,,,,
state_97eabc35904799e7b3607a01,2c_01b27b0603388a2088b7,2,binary_vle_english.xlsx,10.1016/j.fluid.2005.01.007,unverified,0.5,isobaric,0.9545454545454546,isobaric,346.65,345.9064025878906,,,2.288818359375e-05,True,False,48,CC(C)=O,mol_e04cf77cea7bbe66,0.085,0.232,0.26392072439193726,1.8140920400619507,173.41653442382812,CCO,mol_f29e20f49d416e54,0.915,0.768,0.7360792756080627,1.0051559209823608,81.08963012695312,,,,,,,
state_98e23ef4d748249c3a110550,2c_d66c7a74cea5d8732e08,2,binary_vle_english.xlsx,10.1016/j.jct.2016.10.001,unverified,0.5,isobaric,0.9375,isobaric,369.7,369.8104248046875,,,-0.00032806396484375,True,False,48,CC(C)O,mol_db030b5de88f8eaf,0.004,0.123,0.11715953052043915,16.636316299438477,178.3480987548828,O,mol_e81dc06beaa39499,0.996,0.877,0.8828404545783997,1.0001139640808105,89.78038024902344,,,,,,,
state_991712b763f7c34fa88640f8,2c_165952a69a69e7a8d3f6,2,binary_vle_english.xlsx,10.1016/j.fluid.2007.06.005,unverified,0.5,isobaric,0.9545454545454546,isobaric,372.33,372.2451477050781,,,-0.0001983642578125,True,False,48,CC(C)CC(C)(C)C,mol_57615b5c3546c298,1.0,1.0,1.0,1.0,101.2998046875,CCO,mol_f29e20f49d416e54,0.0,0.0,0.0,12.19272232055664,217.6485595703125,,,,,,,
state_9a55d3173abda486a819ad4a,2c_9f331b7867f625e21322,2,binary_vle_english.xlsx,10.1016/j.jct.2015.03.013,unverified,0.5,isobaric,0.9090909090909091,isobaric,391.5,392.1319274902344,,,0.000152587890625,True,False,48,CCC(C)=O,mol_4cfc5db0ca2ab00b,0.0489,0.2088,0.22972726821899414,1.530957818031311,310.84979248046875,COCCO,mol_d291b272a64498d9,0.9511000000000001,0.7912,0.7702727317810059,1.0009742975234985,81.9606704711914,,,,,,,
state_9a66edbe04c4b43036f236b6,2c_972bb6b6305c64cb2237,2,binary_vle_english.xlsx,10.1016/j.jct.2017.07.019,unverified,0.5,isobaric,0.95,isobaric,382.15,380.5776062011719,,,3.814697265625e-05,True,False,48,ClC(Cl)Cl,mol_d9e0a2387a6283f9,0.0,0.0,0.0,5.059856414794922,372.0917053222656,OCC(F)(F)C(F)F,mol_48469952cf716332,1.0,1.0,1.0,1.0,101.30004119873047,,,,,,,
state_9af992f48a47f398c5847c56,2c_3ee312d94970782dd931,2,binary_vle_english.xlsx,10.1016/j.jct.2019.02.006,unverified,0.5,isobaric,0.9230769230769231,isobaric,369.87,369.6675109863281,,,0.0003662109375,True,False,48,C1CCCCC1,mol_893981623557f359,0.0801,0.1237,0.12977708876132965,1.0324238538742065,158.97122192382812,CCCCCCC,mol_fddb2c852c313396,0.9198999999999999,0.8763,0.8702228665351868,0.9999758005142212,95.83219146728516,,,,,,,
state_9b743b0a6802d4d6604319af,2c_be94156040a0f89bf1c4,2,binary_vle_english.xlsx,10.1016/j.fluid.2013.05.016,passed,1.0,isobaric,0.9411764705882353,isobaric,420.7,421.2254333496094,,,0.0002593994140625,True,False,48,CCCCCCC,mol_fddb2c852c313396,0.03500000000000003,0.10899999999999999,0.09934818744659424,0.8010841012001038,358.94207763671875,CCCCCCCCC,mol_dd70207e50d8bf63,0.965,0.891,0.9006518125534058,0.9997151494026184,94.57229614257812,,,,,,,
state_9cbab0b64eb0644e387dd894,2c_a1a215858c9235f0cf6a,2,binary_vle_english.xlsx,10.1016/j.fluid.2015.03.013,unverified,0.5,isobaric,0.9666666666666667,isobaric,435.15,429.7977600097656,,,7.62939453125e-06,True,False,48,CC(=O)N(C)C,mol_b8ccf255e2b62919,0.963,0.857,0.9067003726959229,0.9994689226150513,95.42840576171875,CCC(C)O,mol_06affb0d2c6c8ff2,0.037,0.143,0.09329966455698013,0.6165041923522949,414.3351745605469,,,,,,,
state_9d2da95e020c98df39d60d82,2c_ef978bac8ab2c7c131e7,2,binary_vle_english.xlsx,10.1016/j.fluid.2015.03.013,unverified,0.5,isobaric,0.9629629629629629,isobaric,435.65999999999997,429.5285339355469,,,2.288818359375e-05,True,False,48,CC(=O)N(C)C,mol_b8ccf255e2b62919,0.986,0.911,0.9224035143852234,1.0001330375671387,94.75361633300781,CCC(C)OC(C)=O,mol_879306ab1082c162,0.014,0.089,0.07759653031826019,1.945892572402954,288.5392761230469,,,,,,,
state_a373e236247f06ae24f4e880,2c_82cfa7a14fa3ab1984f1,2,binary_vle_english.xlsx,10.1016/j.fluid.2014.06.025,unverified,0.5,isobaric,0.9,isobaric,361.2,365.58477783203125,,,8.392333984375e-05,True,False,48,CC#N,mol_7028b7cbd3d829b4,0.042,0.4311,0.278820276260376,4.8271284103393555,140.9647216796875,O,mol_e81dc06beaa39499,0.958,0.5689,0.721179723739624,1.0044093132019043,76.82303619384766,,,,,,,
state_a44e63c2ed34c4fdcf2b7e2c,2c_97830bff71af0df3111e,2,binary_vle_english.xlsx,10.1016/j.fluid.2018.03.015,unverified,0.5,isobaric,0.9090909090909091,isobaric,346.4,344.3309631347656,,,-0.0001068115234375,True,False,48,CCO,mol_f29e20f49d416e54,0.915,0.771,0.6927063465118408,1.0089938640594482,76.00611877441406,ClC(Cl)Cl,mol_d9e0a2387a6283f9,0.085,0.229,0.3072936534881592,2.6303439140319824,139.22946166992188,,,,,,,
state_a518c493a659ec06e31f6f1b,2c_1490252da7453cbbebe4,2,binary_vle_english.xlsx,10.1016/j.jct.2011.10.025,unverified,0.5,isobaric,0.9545454545454546,isobaric,372.37,372.2451477050781,,,-0.0001983642578125,True,False,48,CC(C)CC(C)(C)C,mol_57615b5c3546c298,1.0,1.0,1.0,1.0,101.2998046875,CC(C)O,mol_db030b5de88f8eaf,0.0,0.0,0.0,12.485528945922852,194.33328247070312,,,,,,,
state_a62d284e73c2b590a921d5a7,2c_c9ecb5bf12ebfafc6a51,2,binary_vle_english.xlsx,10.1016/j.fluid.2005.03.014,unverified,0.5,isobaric,0.9545454545454546,isobaric,425.63,424.91241455078125,,,0.00066375732421875,True,False,48,CC(=O)OCC(C)C,mol_e7eb29ad965cc8ee,0.0,0.0,0.0,1.681418776512146,228.47396850585938,CN(C)C=O,mol_ca12d6d2f2ffb170,1.0,1.0,1.0,1.0,101.30066680908203,,,,,,,
state_a6fb355e43ecfcdc2a72da2d,2c_4c757308eefec1e2dd80,2,binary_vle_english.xlsx,10.1016/j.fluid.2011.11.020,unverified,0.5,isobaric,0.9444444444444444,isobaric,351.9,356.0142517089844,,,0.00038909912109375,True,False,48,C=C(C)C(C)C,mol_6f1c44bf29e6107c,0.07110000000000005,0.21499999999999997,0.1073974221944809,1.1739429235458374,130.38182067871094,c1ccsc1,mol_7953343be0b435d5,0.9289,0.785,0.8926025629043579,1.0018420219421387,97.19180297851562,,,,,,,
state_a74440338e2868a92982de1c,2c_f0a592d91b289fcd0778,2,binary_vle_english.xlsx,10.1016/j.fluid.2005.01.007,unverified,0.5,isobaric,0.9545454545454546,isobaric,372.33,372.2520751953125,,,-0.00058746337890625,True,False,48,CC(C)=O,mol_e04cf77cea7bbe66,0.0,0.0,0.0,6.548897743225098,364.3436584472656,CC(C)CC(C)(C)C,mol_57615b5c3546c298,1.0,1.0,1.0,1.0,101.31941223144531,,,,,,,
state_a7490cb646402de687709ce7,2c_d66c7a74cea5d8732e08,2,binary_vle_english.xlsx,10.1016/j.jct.2016.10.001,unverified,0.5,isobaric,0.9375,isobaric,373.2,373.160888671875,,,0.0003814697265625,True,False,48,CC(C)O,mol_db030b5de88f8eaf,0.0,0.0,0.0,17.591129302978516,200.63426208496094,O,mol_e81dc06beaa39499,1.0,1.0,1.0,1.0,101.30038452148438,,,,,,,
state_a768a9043884811662ff19e1,2c_4e1effd6e44016fa9e71,2,binary_vle_english.xlsx,10.1016/j.fluid.2019.03.022,passed,1.0,isobaric,0.95,isobaric,337.85,337.6784362792969,,,-7.62939453125e-06,True,False,48,CO,mol_a85d32e4db2ff39c,1.0,1.0,1.0,1.0,101.29999542236328,c1ccccc1,mol_7165dcf6be1f831d,0.0,0.0,0.0,6.133875846862793,61.02140426635742,,,,,,,
state_a7d90758c496d1d2e63caad0,2c_30c0b771d8db238964cd,2,binary_vle_english.xlsx,10.1016/j.jct.2003.09.001,unverified,0.5,isobaric,0.9285714285714286,isobaric,351.89,352.7270202636719,,,-0.00057220458984375,True,False,48,C1COCO1,mol_7a351e48494919fc,0.1725,0.2643,0.25182414054870605,1.4796720743179321,99.94241333007812,CC(C)(C)O,mol_9c31aaa032950e85,0.8275,0.7357,0.748175859451294,1.0138306617736816,90.33941650390625,,,,,,,
state_a92a7d26972b8a4a398b78ca,2c_4cf4774918df9099eea7,2,binary_vle_english.xlsx,10.1016/j.jct.2019.02.006,unverified,0.5,isobaric,0.9333333333333333,isobaric,419.91999999999996,425.890625,,,6.67572021484375e-06,True,False,48,COC(=O)CCCC(=O)OC,mol_7d99b26f6710b2c1,0.3925,0.5638,0.5820700526237488,1.210428237915039,12.251713752746582,COC(=O)CCCCC(=O)OC,mol_54b4f1c698cac66b,0.6074999999999999,0.43620000000000003,0.4179299473762512,1.0845434665679932,6.343231201171875,,,,,,,
state_aa6cb4ccfd315d2b36d1cec7,2c_045f196d049de4abb690,2,binary_vle_english.xlsx,10.1016/j.jct.2004.09.009,unverified,0.5,isobaric,0.9696969696969697,isobaric,366.57,370.0761413574219,,,3.0517578125e-05,True,False,48,CCC(C)O,mol_06affb0d2c6c8ff2,0.8006,0.6493,0.6679273843765259,1.0274102687835693,82.25823211669922,COC(=O)OC,mol_0ec85594f0f896ea,0.1994,0.3507,0.3320726156234741,1.4084875583648682,119.7745361328125,,,,,,,
state_aaa41256e4321b0fa5024d00,2c_1490252da7453cbbebe4,2,binary_vle_english.xlsx,10.1016/j.jct.2011.10.025,unverified,0.5,isobaric,0.9545454545454546,isobaric,350.17,349.369140625,,,-0.00060272216796875,True,False,48,CC(C)CC(C)(C)C,mol_57615b5c3546c298,0.21299999999999997,0.30800000000000005,0.30748623609542847,2.9017293453216553,50.395999908447266,CC(C)O,mol_db030b5de88f8eaf,0.787,0.692,0.6925137639045715,1.09450101852417,81.44124603271484,,,,,,,
state_aabba9a6f06b1a6b0cbc547d,2c_df88b179a6c12f0b788b,2,binary_vle_english.xlsx,10.1016/j.jct.2006.12.003,unverified,0.5,isobaric,0.9333333333333333,isobaric,380.45,382.1181945800781,,,0.00011444091796875,True,False,48,Cc1ccccc1,mol_1c09299644053521,0.95,0.864,0.9052133560180664,1.000382661819458,96.48751831054688,ClCCCl,mol_e8df6c9e89c6b62a,0.05,0.136,0.094786636531353,0.9176788330078125,209.26486206054688,,,,,,,
state_ab20c987ad32234bb76a0746,2c_3ee312d94970782dd931,2,binary_vle_english.xlsx,10.1016/j.jct.2019.02.006,unverified,0.5,isobaric,0.9230769230769231,isobaric,371.53,371.54034423828125,,,-0.00040435791015625,True,False,48,C1CCCCC1,mol_893981623557f359,0.0,0.0,0.0,1.0311410427093506,167.23365783691406,CCCCCCC,mol_fddb2c852c313396,1.0,1.0,1.0,1.0,101.29959869384766,,,,,,,
state_ab2ce0896e5ad294f86e2ab9,2c_1490252da7453cbbebe4,2,binary_vle_english.xlsx,10.1016/j.jct.2011.10.025,unverified,0.5,isobaric,0.9545454545454546,isobaric,358.96,353.7812805175781,,,0.001861572265625,True,False,48,CC(C)CC(C)(C)C,mol_57615b5c3546c298,0.927,0.64,0.5453327894210815,1.0249927043914795,58.14046859741211,CC(C)O,mol_db030b5de88f8eaf,0.073,0.36,0.45466724038124084,6.47537899017334,97.43681335449219,,,,,,,
state_ac82ffef6654f9db63b9c37d,2c_079ccab2da1cc47051a9,2,binary_vle_english.xlsx,10.1016/j.fluid.2006.02.009,unverified,0.5,isobaric,0.9545454545454546,isobaric,383.76,383.8208312988281,,,0.0008544921875,True,False,48,CCCCCl,mol_f7989a5c13417f20,0.0,0.0,0.0,0.8845081925392151,212.95668029785156,Cc1ccccc1,mol_1c09299644053521,1.0,1.0,1.0,1.0,101.30085754394531,,,,,,,
state_ad3e3e1e8e7a3517046a290c,2c_d89740e05ac3f0ccc959,2,binary_vle_english.xlsx,10.1016/j.fluid.2008.09.010,passed,1.0,isobaric,0.9411764705882353,isobaric,386.27,385.4087829589844,,,2.86102294921875e-05,True,False,48,CS(C)=O,mol_7d3e12eaed0f467c,0.9061,0.5920000000000001,0.5547115206718445,0.9976860880851746,8.17952823638916,O,mol_e81dc06beaa39499,0.0939,0.408,0.44528844952583313,0.4096228778362274,154.32017517089844,,,,,,,
state_ad6cddbcd35ff1333f4e2a47,2c_1490252da7453cbbebe4,2,binary_vle_english.xlsx,10.1016/j.jct.2011.10.025,unverified,0.5,isobaric,0.9545454545454546,isobaric,350.57,349.6886291503906,,,-2.288818359375e-05,True,False,48,CC(C)CC(C)(C)C,mol_57615b5c3546c298,0.634,0.41900000000000004,0.438993364572525,1.3772867918014526,50.92765426635742,CC(C)O,mol_db030b5de88f8eaf,0.366,0.581,0.5610066056251526,1.8815829753875732,82.52259826660156,,,,,,,
state_adc4b00f5b971af9bb067903,2c_7c57a80413db66443080,2,binary_vle_english.xlsx,10.1016/j.jct.2010.05.014,unverified,0.5,isobaric,0.9259259259259259,isobaric,413.15,413.9824523925781,,,0.001434326171875,True,False,48,CCC(=O)O,mol_86c4db256d6270c6,0.5124,0.5031,0.5010243654251099,0.8897347450256348,100.33831787109375,CCCCCO,mol_243de2450bee5519,0.4876,0.4969,0.49897560477256775,0.8377496004104614,111.52674102783203,,,,,,,
state_aded910b39cac2bdb69d9303,2c_dc191206ee879c89c4e5,2,binary_vle_english.xlsx,10.1016/j.jct.2003.09.001,unverified,0.5,isobaric,0.9285714285714286,isobaric,379.24,380.7094421386719,,,0.00057220458984375,True,False,48,C1COCCO1,mol_d365f2fae67d24f2,0.156,0.2094,0.2389589101076126,1.2737634181976318,121.82087707519531,CC(C)CO,mol_015d21fca05fcd26,0.844,0.7906,0.7610411047935486,1.0084829330444336,90.57514190673828,,,,,,,
state_ae61c35b73f6dcc99665a76c,2c_e584d9baea666806df78,2,binary_vle_english.xlsx,10.1016/j.jct.2010.02.001,unverified,0.5,isobaric,0.9444444444444444,isobaric,388.04999999999995,387.8432312011719,,,0.0001983642578125,True,False,48,CCCCO,mol_ad4ef9c6c876ca2f,1.0,1.0,1.0,1.0,91.30020141601562,CCCO,mol_5fb2f93dc8caa9dc,0.0,0.0,0.0,0.8882144093513489,188.8109130859375,,,,,,,
state_ae7a6d6f484dea7da2a1fdfa,2c_f84a6616de8e67ab84b6,2,binary_vle_english.xlsx,10.1016/j.fluid.2005.06.019,unverified,0.5,isobaric,0.96,isobaric,424.27,427.1053466796875,,,0.00064849853515625,True,False,48,CC(C)CO,mol_015d21fca05fcd26,0.054,0.211,0.13373909890651703,0.7815030217170715,321.0304260253906,CCCCCCO,mol_eb71ecc709e3f0dc,0.946,0.789,0.8662608861923218,0.999311625957489,92.82583618164062,,,,,,,
state_af861d731971b7364a60579c,2c_c75645cb5ece049b7827,2,binary_vle_english.xlsx,10.1016/j.fluid.2015.10.035,passed,1.0,isobaric,0.9375,isobaric,355.49,354.75732421875,,,-0.00040435791015625,True,False,48,CC#N,mol_7028b7cbd3d829b4,0.0,0.0,0.0,2.124242067337036,101.72586059570312,CC(C)O,mol_db030b5de88f8eaf,1.0,1.0,1.0,1.0,101.29959869384766,,,,,,,
state_afed0b70145f81d21375f918,2c_4edb251d66039b2a207c,2,binary_vle_english.xlsx,10.1016/j.jct.2006.12.003,unverified,0.5,isobaric,0.9444444444444444,isobaric,379.34999999999997,378.5300598144531,,,0.000732421875,True,False,48,CC(=O)O,mol_9ac385b135af0125,0.89,0.6579999999999999,0.6021553874015808,1.0114479064941406,67.76222229003906,ClCCCl,mol_e8df6c9e89c6b62a,0.11,0.342,0.3978446424007416,1.927466630935669,190.08445739746094,,,,,,,
state_b12db21f459b10be38e5e410,2c_34804c7fdf5c7dc9c9e5,2,binary_vle_english.xlsx,10.1016/j.fluid.2005.02.014,unverified,0.5,isobaric,0.9090909090909091,isobaric,360.49,361.09429931640625,,,0.00014495849609375,True,False,48,C1CCOCC1,mol_626f3d1f5bbb6f55,0.9622,0.9308,0.9367916584014893,1.0000255107879639,98.62265014648438,CC(C)CCl,mol_b6f57216bc07a08c,0.037799999999999945,0.06920000000000004,0.06320831924676895,1.0883082151412964,155.64694213867188,,,,,,,
state_b17c9906d947e4e7b97714cb,2c_d66c7a74cea5d8732e08,2,binary_vle_english.xlsx,10.1016/j.jct.2017.02.005,unverified,0.5,isobaric,0.96875,isobaric,372.81,372.7991638183594,,,0.00014495849609375,True,False,48,CC(C)O,mol_db030b5de88f8eaf,0.0,0.0,0.0,17.587194442749023,198.12554931640625,O,mol_e81dc06beaa39499,1.0,1.0,1.0,1.0,100.0001449584961,,,,,,,
state_b2cc7b62ebca0e91f61697b8,2c_ce7e822d00d743846419,2,binary_vle_english.xlsx,10.1016/j.fluid.2005.07.010,unverified,0.5,isobaric,0.9629629629629629,isobaric,388.85999999999996,390.18536376953125,,,0.00012969970703125,True,False,48,CC(=O)O,mol_9ac385b135af0125,0.9762,0.9175,0.947058379650116,0.9996512532234192,98.33465576171875,CCOC(C)=O,mol_18876b584acc43d4,0.0238,0.0825,0.05294167250394821,0.7012038826942444,321.4352722167969,,,,,,,
state_b3263204ba27941cad433738,2c_e0ef8174c7b6fc15273a,2,binary_vle_english.xlsx,10.1016/j.fluid.2005.06.024,unverified,0.5,isobaric,0.9743589743589743,isobaric,387.5,395.2744140625,,,0.00030517578125,True,False,48,CC(C)=O,mol_e04cf77cea7bbe66,0.0727,0.3447,0.377966970205307,0.8257736563682556,637.9348754882812,CCOC(=O)OCC,mol_4df2781fcf4d4a77,0.9273,0.6553,0.6220329999923706,0.998195230960846,68.09192657470703,,,,,,,
state_b3943c17d1d01e85c351022d,2c_94ed5d0a73a3c26e5ef5,2,binary_vle_english.xlsx,10.1016/j.jct.2017.07.021,unverified,0.5,isobaric,0.8,isobaric,371.5,371.0154724121094,,,-0.00022125244140625,True,False,48,CCO,mol_f29e20f49d416e54,0.0,0.0,0.0,5.801209449768066,208.60951232910156,O,mol_e81dc06beaa39499,1.0,1.0,1.0,1.0,93.79177856445312,,,,,,,
state_b3da3fd5edc86d1afcc33261,2c_f3783588430c6c1dd8cb,2,binary_vle_english.xlsx,10.1016/j.fluid.2007.06.005,unverified,0.5,isobaric,0.9545454545454546,isobaric,364.92,361.8101806640625,,,-5.340576171875e-05,True,False,48,CC(C)CC(C)(C)C,mol_57615b5c3546c298,0.931,0.771,0.6932968497276306,1.0108591318130493,74.62564849853516,CCC(C)=O,mol_4cfc5db0ca2ab00b,0.069,0.229,0.3067031800746918,3.329434633255005,135.24085998535156,,,,,,,
state_b416afcef5bc326572447170,2c_5481356f0b4c42a123fa,2,binary_vle_english.xlsx,10.1016/j.fluid.2014.04.025,unverified,0.5,isobaric,0.9375,isobaric,391.9,393.2237243652344,,,0.00029754638671875,True,False,48,COCCO,mol_d291b272a64498d9,0.9405,0.787,0.7894312739372253,1.004022240638733,84.68820190429688,Cc1ccccc1,mol_1c09299644053521,0.0595,0.213,0.21056868135929108,2.7285666465759277,131.38717651367188,,,,,,,
state_b4921c3a6da2cfe7d00be37b,2c_4c362b8bfe2b289cf5ff,2,binary_vle_english.xlsx,10.1016/j.fluid.2016.06.022,passed,1.0,isobaric,0.9230769230769231,isobaric,354.65,354.62255859375,,,8.392333984375e-05,True,False,48,CC#N,mol_7028b7cbd3d829b4,1.0,1.0,1.0,1.0,101.30008697509766,CCOC(C)=O,mol_18876b584acc43d4,0.0,0.0,0.0,1.5144904851913452,116.42024993896484,,,,,,,
state_b4a6bfbfdf2ce1d2e3f7a129,2c_72801d7427f9871710ea,2,binary_vle_english.xlsx,10.1016/j.jct.2013.08.011,unverified,0.5,isobaric,0.95,isobaric,361.37,362.0953674316406,,,0.0006256103515625,True,False,48,CC#N,mol_7028b7cbd3d829b4,0.111,0.32,0.346802681684494,2.488508462905884,127.18400573730469,CCCO,mol_5fb2f93dc8caa9dc,0.889,0.6799999999999999,0.6531973481178284,1.0117247104644775,73.56859588623047,,,,,,,
state_b517968602ecc890cb084eb5,2c_4cf4774918df9099eea7,2,binary_vle_english.xlsx,10.1016/j.jct.2019.02.006,unverified,0.5,isobaric,0.9333333333333333,isobaric,422.7,429.8061218261719,,,4.100799560546875e-05,True,False,48,COC(=O)CCCC(=O)OC,mol_7d99b26f6710b2c1,0.2231,0.3893,0.42422544956207275,1.3696573972702026,13.883116722106934,COC(=O)CCCCC(=O)OC,mol_54b4f1c698cac66b,0.7769,0.6107,0.5757745504379272,1.0276211500167847,7.212006092071533,,,,,,,
state_b54575659991a89c8ff2201e,2c_70d91a5b69e7fd494bfd,2,binary_vle_english.xlsx,10.1016/j.jct.2004.09.009,unverified,0.5,isobaric,0.9696969696969697,isobaric,358.28,359.2055358886719,,,7.62939453125e-05,True,False,48,CC(C)O,mol_db030b5de88f8eaf,0.1226,0.2611,0.24642205238342285,1.6895191669464111,120.51351928710938,COC(=O)OC,mol_0ec85594f0f896ea,0.8774,0.7389,0.7535780072212219,1.0108309984207153,86.07198333740234,,,,,,,
state_b6fb1aeb7b3ecf18bbcc2f1e,2c_31dd895be9cb26117aa9,2,binary_vle_english.xlsx,10.1016/j.jct.2015.07.024,unverified,0.5,full_state,0.0,isothermal,,,461.70000000000005,410.00469970703125,0.0,True,False,48,CCOC(=O)OCC,mol_4df2781fcf4d4a77,0.902,0.755,0.7110205292701721,0.9996061325073242,323.32220458984375,CCOC(C)=O,mol_18876b584acc43d4,0.098,0.245,0.2889794409275055,0.9735466241836548,1241.8609619140625,,,,,,,
state_b72e92f64f2b5ef317b34c41,2c_d498cbbd8f767d43f3e7,2,binary_vle_english.xlsx,10.1016/j.fluid.2011.06.001,unverified,0.5,isothermal,0.8571428571428571,isothermal,,,31.525000000000002,30.279094696044922,0.0,True,False,48,CC(C)OC(C)C,mol_1a0ca8e5eeb68da8,0.025599999999999956,0.026100000000000012,0.024573899805545807,0.9628779292106628,30.18601417541504,CCC(C)Cl,mol_9f4835d3aad75f1c,0.9744,0.9739,0.9754260778427124,0.9997831583023071,30.317554473876953,,,,,,,
state_b7406dd4b7b1df96a83d4a9d,2c_ea9da779580d9b792700,2,binary_vle_english.xlsx,10.1016/j.jct.2012.11.005,unverified,0.5,isothermal,0.8888888888888888,isothermal,,,96.84,97.49049377441406,0.0,True,False,48,CC(C)OC(C)C,mol_1a0ca8e5eeb68da8,0.501,0.5,0.49201810359954834,1.6563904285430908,57.80200958251953,CO,mol_a85d32e4db2ff39c,0.499,0.5,0.5079819560050964,1.6393500566482544,60.539424896240234,,,,,,,
state_b744ddb513e820a1eeac2792,2c_6cdeaa0b12c0bcad5378,2,binary_vle_english.xlsx,10.1016/j.jct.2012.01.020,passed,1.0,isothermal,0.9,isothermal,,,74.9825,77.61680603027344,-7.62939453125e-06,True,False,48,CC(C)CC(C)(C)C,mol_57615b5c3546c298,0.501,0.32799999999999996,0.3375645875930786,1.2788183689117432,40.89460372924805,CCOC(C)=O,mol_18876b584acc43d4,0.499,0.672,0.6624354720115662,1.297701120376587,79.40065002441406,,,,,,,
state_b8d5ad1d085c3369507beb25,2c_23001626ba9c10a2709a,2,binary_vle_english.xlsx,10.1016/j.fluid.2011.06.001,unverified,0.5,isothermal,0.9166666666666666,isothermal,,,51.365,49.725746154785156,-3.814697265625e-06,True,False,48,CC(C)(C)Cl,mol_cbd731ac6eef5e90,0.6941,0.8042,0.7913780212402344,1.0035271644592285,56.49552917480469,CC(C)OC(C)C,mol_1a0ca8e5eeb68da8,0.30589999999999995,0.19579999999999997,0.20862199366092682,1.1234560012817383,30.18601417541504,,,,,,,
state_b9714f2032656f12e4ed459a,2c_6cdeaa0b12c0bcad5378,2,binary_vle_english.xlsx,10.1016/j.jct.2012.01.020,passed,1.0,isothermal,0.9,isothermal,,,80.3501,82.34848022460938,-7.62939453125e-06,True,False,48,CC(C)CC(C)(C)C,mol_57615b5c3546c298,0.19899999999999995,0.17300000000000004,0.18817074596881866,1.904094934463501,40.89460372924805,CCOC(C)=O,mol_18876b584acc43d4,0.801,0.827,0.8118292093276978,1.0511474609375,79.40065002441406,,,,,,,
state_b99d6115457428102723663d,2c_ea9da779580d9b792700,2,binary_vle_english.xlsx,10.1016/j.jct.2012.11.005,unverified,0.5,isothermal,0.9411764705882353,isothermal,,,96.85,97.48945617675781,0.0,True,False,48,CC(C)OC(C)C,mol_1a0ca8e5eeb68da8,0.504,0.509,0.49227824807167053,1.6473839282989502,57.80200958251953,CO,mol_a85d32e4db2ff39c,0.496,0.491,0.5077217817306519,1.6484034061431885,60.539424896240234,,,,,,,
state_b9a323249557b26e05fc6c54,2c_c879fc0732268fc652fa,2,binary_vle_english.xlsx,10.1016/j.fluid.2011.06.001,passed,1.0,isothermal,0.9166666666666666,isothermal,,,22.319999999999993,18.816295623779297,0.0,True,False,48,CC(C)OC(C)C,mol_1a0ca8e5eeb68da8,0.10129999999999995,0.1432,0.16744278371334076,1.0303514003753662,30.18601417541504,CCCCCl,mol_f7989a5c13417f20,0.8987,0.8568,0.8325571417808533,0.9980073571205139,17.466251373291016,,,,,,,
state_bb92afec2c381a909f1ff23e,2c_6cdeaa0b12c0bcad5378,2,binary_vle_english.xlsx,10.1016/j.jct.2012.01.020,passed,1.0,isothermal,0.9,isothermal,,,78.089,79.88219451904297,0.0,True,False,48,CC(C)CC(C)(C)C,mol_57615b5c3546c298,0.401,0.275,0.29180559515953064,1.4214555025100708,40.89460372924805,CCOC(C)=O,mol_18876b584acc43d4,0.599,0.725,0.708194375038147,1.189464807510376,79.40065002441406,,,,,,,
state_bd8a8b9837c6dee1b48dfe90,2c_35c6612e2ad0f786d394,2,binary_vle_english.xlsx,10.1016/j.fluid.2016.02.018,unverified,0.5,isothermal,0.8,isothermal,,,64.9,67.1920166015625,0.0,True,False,48,CCCCCCC,mol_fddb2c852c313396,0.7694,0.9005,0.9096158146858215,1.0092103481292725,78.71215057373047,Cc1ccc(C)cc1,mol_e7658ba520613aac,0.23060000000000003,0.09950000000000003,0.09038423746824265,1.1618220806121826,22.66790771484375,,,,,,,
state_be58f354983437b2807a37b7,2c_ab90a05e58432c71abba,2,binary_vle_english.xlsx,10.1016/j.fluid.2011.05.011,unverified,0.5,isothermal,0.9411764705882353,isothermal,,,81.85,84.13511657714844,0.0,True,False,48,CC(=O)CC(C)C,mol_0a895444a9f0f36b,0.18020000000000003,0.17300000000000004,0.18388527631759644,1.8442119359970093,46.554176330566406,CC(C)CC(C)(C)C,mol_57615b5c3546c298,0.8198,0.827,0.8161147236824036,1.0461573600769043,80.06147766113281,,,,,,,
state_c17a639ba931cbfef7c9388f,2c_6aab25a5edecf15e2cbf,2,binary_vle_english.xlsx,10.1016/j.fluid.2015.04.009,unverified,0.5,isothermal,0.75,isothermal,,,493.9,498.83770751953125,0.0,True,False,48,CCCO,mol_5fb2f93dc8caa9dc,0.7459,0.6357999999999999,0.6157179474830627,0.9966787099838257,413.1476745605469,CCO,mol_f29e20f49d416e54,0.2541,0.3642,0.38428202271461487,0.9993253350257874,754.91455078125,,,,,,,
state_c4947c4b2d960f823f18b6fa,2c_e0c162126f5997f9fcd9,2,binary_vle_english.xlsx,10.1016/j.fluid.2016.02.018,unverified,0.5,isothermal,0.8,isothermal,,,108.0,111.95443725585938,0.0,True,False,48,CCCCCCC,mol_fddb2c852c313396,0.5997,0.4354,0.43901434540748596,1.0412241220474243,78.71215057373047,c1ccccc1,mol_7165dcf6be1f831d,0.4003,0.5646,0.5609856843948364,1.1518912315368652,136.2059326171875,,,,,,,
state_c51c6bf06ea168ea98dedd3d,2c_6aab25a5edecf15e2cbf,2,binary_vle_english.xlsx,10.1016/j.fluid.2015.04.009,unverified,0.5,isothermal,0.8333333333333334,isothermal,,,319.79999999999995,318.78912353515625,0.0,True,False,48,CCCO,mol_5fb2f93dc8caa9dc,0.9574,0.9246,0.924985945224762,0.999884843826294,308.03155517578125,CCO,mol_f29e20f49d416e54,0.0426,0.0754,0.07501406967639923,0.9800261855125427,572.794677734375,,,,,,,
state_c6cd5c55047dfd69ce291c15,2c_d498cbbd8f767d43f3e7,2,binary_vle_english.xlsx,10.1016/j.fluid.2011.06.001,unverified,0.5,isothermal,0.8571428571428571,isothermal,,,31.525000000000002,30.390056610107422,0.0,True,False,48,CC(C)OC(C)C,mol_1a0ca8e5eeb68da8,0.2722,0.2714,0.2819608449935913,1.042860984802246,30.18601417541504,CCC(C)Cl,mol_9f4835d3aad75f1c,0.7278,0.7286,0.7180391550064087,0.9889479279518127,30.317554473876953,,,,,,,
state_c7361699f9dcc155e585c8c1,2c_500953d4ef1e1d57286b,2,binary_vle_english.xlsx,10.1016/j.fluid.2012.10.015,unverified,0.5,isothermal,0.9333333333333333,isothermal,,,30.73,25.510135650634766,-1.9073486328125e-06,True,False,48,CCCCCl,mol_f7989a5c13417f20,0.9254,0.9552,0.9495053291320801,1.005833625793457,26.0228271484375,CC[N+](=O)[O-],mol_6fdb0ec09de24512,0.0746,0.04479999999999995,0.050494711846113205,2.239490509033203,7.710287094116211,,,,,,,
state_c8a2f120e2fd06ee59b41a4b,2c_6aab25a5edecf15e2cbf,2,binary_vle_english.xlsx,10.1016/j.fluid.2015.04.009,unverified,0.5,isothermal,0.8333333333333334,isothermal,,,416.6,421.96734619140625,3.0517578125e-05,True,False,48,CCCO,mol_5fb2f93dc8caa9dc,0.571,0.4256,0.4139708876609802,0.9931557774543762,308.03155517578125,CCO,mol_f29e20f49d416e54,0.429,0.5744,0.5860291123390198,1.0063332319259644,572.794677734375,,,,,,,
state_ca737400f0257c394c5f74ec,2c_d498cbbd8f767d43f3e7,2,binary_vle_english.xlsx,10.1016/j.fluid.2011.06.001,unverified,0.5,isothermal,0.9230769230769231,isothermal,,,31.300000000000004,30.849594116210938,-1.9073486328125e-06,True,False,48,CC(C)OC(C)C,mol_1a0ca8e5eeb68da8,0.6194,0.6194,0.623318076133728,1.0284476280212402,30.18601417541504,CCC(C)Cl,mol_9f4835d3aad75f1c,0.3806,0.3806,0.376681923866272,1.0070736408233643,30.317554473876953,,,,,,,
state_caece085466835c110f4475c,2c_5018f9e15dae7c08710f,2,binary_vle_english.xlsx,10.1016/j.fluid.2011.06.001,passed,1.0,isothermal,0.9090909090909091,isothermal,,,30.599999999999998,30.658443450927734,-1.9073486328125e-06,True,False,48,CC(C)CCl,mol_b6f57216bc07a08c,0.2385,0.2397,0.23978807032108307,1.052835464477539,29.27714729309082,CC(C)OC(C)C,mol_1a0ca8e5eeb68da8,0.7615000000000001,0.7603,0.7602119445800781,1.0139325857162476,30.18601417541504,,,,,,,
state_ccab79e29b45de333d0d70d8,2c_6aab25a5edecf15e2cbf,2,binary_vle_english.xlsx,10.1016/j.fluid.2015.04.009,unverified,0.5,isothermal,0.8333333333333334,isothermal,,,384.6,384.47308349609375,0.0,True,False,48,CCCO,mol_5fb2f93dc8caa9dc,0.7086,0.5958,0.5653828978538513,0.9958920478820801,308.03155517578125,CCO,mol_f29e20f49d416e54,0.2914,0.4042,0.43461716175079346,1.0011157989501953,572.794677734375,,,,,,,
state_cd0c3910a99e6b39c28070d8,2c_6cdeaa0b12c0bcad5378,2,binary_vle_english.xlsx,10.1016/j.jct.2012.01.020,passed,1.0,isothermal,0.9,isothermal,,,75.8916,81.51870727539062,0.0,True,False,48,CC(C)CC(C)(C)C,mol_57615b5c3546c298,0.29900000000000004,0.22899999999999998,0.24297325313091278,1.6198639869689941,40.89460372924805,CCOC(C)=O,mol_18876b584acc43d4,0.701,0.771,0.7570267915725708,1.108731746673584,79.40065002441406,,,,,,,
state_d15b6f53993e2886a893a0a2,2c_23001626ba9c10a2709a,2,binary_vle_english.xlsx,10.1016/j.fluid.2011.06.001,unverified,0.5,isothermal,0.9166666666666666,isothermal,,,54.11500000000001,52.049842834472656,0.0,True,False,48,CC(C)(C)Cl,mol_cbd731ac6eef5e90,0.7989,0.8803,0.867201566696167,1.0000759363174438,56.49552917480469,CC(C)OC(C)C,mol_1a0ca8e5eeb68da8,0.20109999999999995,0.11970000000000003,0.13279841840267181,1.1386611461639404,30.18601417541504,,,,,,,
state_d2266059696e90228a251716,2c_ea9da779580d9b792700,2,binary_vle_english.xlsx,10.1016/j.jct.2012.11.005,unverified,0.5,isothermal,0.9411764705882353,isothermal,,,86.87,85.54696655273438,-7.62939453125e-06,True,False,48,CC(C)OC(C)C,mol_1a0ca8e5eeb68da8,0.901,0.627,0.6248998641967773,1.0264723300933838,57.80200958251953,CO,mol_a85d32e4db2ff39c,0.09899999999999998,0.373,0.37510013580322266,5.353999137878418,60.539424896240234,,,,,,,
state_d32f689a2672c261a2d0aa2d,2c_23001626ba9c10a2709a,2,binary_vle_english.xlsx,10.1016/j.fluid.2011.06.001,unverified,0.5,isothermal,0.9166666666666666,isothermal,,,48.120000000000005,47.202247619628906,-3.814697265625e-06,True,False,48,CC(C)(C)Cl,mol_cbd731ac6eef5e90,0.5811,0.7208,0.7050052881240845,1.0136548280715942,56.49552917480469,CC(C)OC(C)C,mol_1a0ca8e5eeb68da8,0.41890000000000005,0.2792,0.2949947118759155,1.1011861562728882,30.18601417541504,,,,,,,
state_d332c3ca48377f4335d1f81c,2c_98afb8e6c65a310db5e0,2,binary_vle_english.xlsx,10.1016/j.jct.2012.12.026,unverified,0.5,isothermal,0.9166666666666666,isothermal,,,381.00000000000006,293.57818603515625,0.0,True,False,48,F/C=C/C(F)(F)F,mol_0e763ba6787b2749,0.729,0.704,0.6719824075698853,1.0137436389923096,266.9476013183594,FC(F)C(F)F,mol_fccff6221e62b4bc,0.271,0.296,0.32801759243011475,1.022931456565857,347.3802490234375,,,,,,,
state_d40dae64358aea06f99293db,2c_500953d4ef1e1d57286b,2,binary_vle_english.xlsx,10.1016/j.fluid.2012.10.015,unverified,0.5,isothermal,0.9333333333333333,isothermal,,,18.789999999999996,16.465255737304688,-1.9073486328125e-06,True,False,48,CCCCCl,mol_f7989a5c13417f20,0.2264,0.6774,0.6221615672111511,1.7387641668319702,26.0228271484375,CC[N+](=O)[O-],mol_6fdb0ec09de24512,0.7736000000000001,0.3226,0.3778384029865265,1.043007731437683,7.710287094116211,,,,,,,
state_d48a60c0719b47aa68e4e6fd,2c_e1c33e24ae7f6ab4d0bf,2,binary_vle_english.xlsx,10.1016/j.fluid.2010.01.024,unverified,0.5,isothermal,0.9333333333333333,isothermal,,,90.35,90.28636169433594,0.0,True,False,48,CC[N+](=O)[O-],mol_6fdb0ec09de24512,0.0,0.0,0.0,1.4395605325698853,33.26784896850586,ClCCCl,mol_e8df6c9e89c6b62a,1.0,1.0,1.0,1.0,90.28636169433594,,,,,,,
state_d7692b2dbe58175c2b6a6e1d,2c_ac155ac6c9df3bfcf363,2,binary_vle_english.xlsx,10.1016/j.fluid.2014.03.033,passed,1.0,isothermal,0.8,isothermal,,,16.100000000000005,14.906387329101562,-9.5367431640625e-07,True,False,48,CC(=O)CC(C)C,mol_0a895444a9f0f36b,0.4859,0.844,0.8553279638290405,1.089625358581543,24.081356048583984,O=Cc1ccco1,mol_cfdccd30b0689448,0.5141,0.156,0.14467203617095947,1.0636426210403442,3.943788528442383,,,,,,,
state_d9010e490dde80a5f09d1c95,2c_ea9da779580d9b792700,2,binary_vle_english.xlsx,10.1016/j.jct.2012.11.005,unverified,0.5,isothermal,0.9411764705882353,isothermal,,,96.47,96.55738830566406,-7.62939453125e-06,True,False,48,CC(C)OC(C)C,mol_1a0ca8e5eeb68da8,0.3,0.471,0.46604490280151367,2.595069646835327,57.80200958251953,CO,mol_a85d32e4db2ff39c,0.7,0.529,0.5339550971984863,1.2166169881820679,60.539424896240234,,,,,,,
state_d9d642ee6bcfd95aeadfb40f,2c_ac155ac6c9df3bfcf363,2,binary_vle_english.xlsx,10.1016/j.fluid.2014.03.033,passed,1.0,isothermal,0.8,isothermal,,,12.2,10.904136657714844,0.0,True,False,48,CC(=O)CC(C)C,mol_0a895444a9f0f36b,0.28800000000000003,0.739,0.738112211227417,1.1604869365692139,24.081356048583984,O=Cc1ccco1,mol_cfdccd30b0689448,0.712,0.261,0.2618878483772278,1.0169813632965088,3.943788528442383,,,,,,,
state_da49fcd535206a24f1b0bae2,2c_c879fc0732268fc652fa,2,binary_vle_english.xlsx,10.1016/j.fluid.2011.06.001,passed,1.0,isothermal,0.9166666666666666,isothermal,,,23.235000000000003,20.250194549560547,0.0,True,False,48,CC(C)OC(C)C,mol_1a0ca8e5eeb68da8,0.19889999999999997,0.2691,0.3124627470970154,1.053869605064392,30.18601417541504,CCCCCl,mol_f7989a5c13417f20,0.8011,0.7309,0.6875372529029846,0.9950364232063293,17.466251373291016,,,,,,,
state_da6791922a08de068656abc6,2c_6aab25a5edecf15e2cbf,2,binary_vle_english.xlsx,10.1016/j.fluid.2015.04.009,unverified,0.5,isothermal,0.8333333333333334,isothermal,,,304.19999999999993,308.3070068359375,3.0517578125e-05,True,False,48,CCCO,mol_5fb2f93dc8caa9dc,0.9989,0.9981,0.9980074167251587,1.0,308.03155517578125,CCO,mol_f29e20f49d416e54,0.0011,0.0019,0.0019926000386476517,0.9750164747238159,572.794677734375,,,,,,,
state_da826846c22c82e282ce86f7,2c_98afb8e6c65a310db5e0,2,binary_vle_english.xlsx,10.1016/j.jct.2012.12.026,unverified,0.5,isothermal,0.9166666666666666,isothermal,,,389.80000000000007,312.88580322265625,0.0,True,False,48,F/C=C/C(F)(F)F,mol_0e763ba6787b2749,0.476,0.46799999999999997,0.4214351177215576,1.037728190422058,266.9476013183594,FC(F)C(F)F,mol_fccff6221e62b4bc,0.524,0.532,0.5785649418830872,0.9944925904273987,347.3802490234375,,,,,,,
state_da861dd874ee11ef8cc555db,2c_3dbba2317f4e40b6415a,2,binary_vle_english.xlsx,10.1016/j.fluid.2014.07.025,unverified,0.5,isothermal,0.9444444444444444,isothermal,,,13.679999999999998,11.676214218139648,0.0,True,False,48,CC(C)CO,mol_015d21fca05fcd26,0.0567,0.242,0.24036939442157745,0.6919488310813904,71.53592681884766,CCCC(=O)O,mol_1ce6f73d446ad30c,0.9433,0.758,0.7596306204795837,0.9992546439170837,9.409759521484375,,,,,,,
state_db04ba8c0621bd26539a2a7c,2c_e1c33e24ae7f6ab4d0bf,2,binary_vle_english.xlsx,10.1016/j.fluid.2010.01.024,unverified,0.5,isothermal,0.9333333333333333,isothermal,,,60.57000000000001,62.958274841308594,0.0,True,False,48,CC[N+](=O)[O-],mol_6fdb0ec09de24512,0.5674,0.31420000000000003,0.3101342022418976,1.0343998670578003,33.26784896850586,ClCCCl,mol_e8df6c9e89c6b62a,0.4326,0.6858,0.6898658275604248,1.1120102405548096,90.28636169433594,,,,,,,
state_dbc3b4e656cfc0d9e1a43d01,2c_e1c33e24ae7f6ab4d0bf,2,binary_vle_english.xlsx,10.1016/j.fluid.2010.01.024,unverified,0.5,isothermal,0.9333333333333333,isothermal,,,52.69,54.66822814941406,-3.814697265625e-06,True,False,48,CC[N+](=O)[O-],mol_6fdb0ec09de24512,0.7024,0.4434,0.4338062107563019,1.0148959159851074,33.26784896850586,ClCCCl,mol_e8df6c9e89c6b62a,0.2976,0.5566,0.5661937594413757,1.1519801616668701,90.28636169433594,,,,,,,
state_dc9aa3678da80027c9b7e40a,2c_ea9da779580d9b792700,2,binary_vle_english.xlsx,10.1016/j.jct.2012.11.005,unverified,0.5,isothermal,0.9411764705882353,isothermal,,,96.83,97.49183654785156,0.0,True,False,48,CC(C)OC(C)C,mol_1a0ca8e5eeb68da8,0.488,0.495,0.49087008833885193,1.6965711116790771,57.80200958251953,CO,mol_a85d32e4db2ff39c,0.512,0.505,0.5091299414634705,1.6013586521148682,60.539424896240234,,,,,,,
state_dcc06bc78c8ca5eaed40fdf4,2c_94ed5d0a73a3c26e5ef5,2,binary_vle_english.xlsx,10.1016/j.fluid.2019.03.019,unverified,0.5,isothermal,0.9411764705882353,isothermal,,,422.99999999999994,419.72613525390625,3.0517578125e-05,True,False,48,CCO,mol_f29e20f49d416e54,0.636,0.707,0.7132396697998047,1.1030217409133911,426.737060546875,O,mol_e81dc06beaa39499,0.364,0.29300000000000004,0.2867603302001953,1.667602300643921,198.28564453125,,,,,,,
state_dd677cf66559ca4896098249,2c_3dbba2317f4e40b6415a,2,binary_vle_english.xlsx,10.1016/j.fluid.2014.07.025,unverified,0.5,isothermal,0.9444444444444444,isothermal,,,29.310000000000006,24.905155181884766,0.0,True,False,48,CC(C)CO,mol_015d21fca05fcd26,0.3251,0.7247,0.7539302110671997,0.8073822855949402,71.53592681884766,CCCC(=O)O,mol_1ce6f73d446ad30c,0.6749,0.2753,0.2460697591304779,0.9650049805641174,9.409759521484375,,,,,,,
state_e0f54561e0ad81d7c0795e1a,2c_e1c33e24ae7f6ab4d0bf,2,binary_vle_english.xlsx,10.1016/j.fluid.2010.01.024,unverified,0.5,isothermal,0.9333333333333333,isothermal,,,41.66,42.82605743408203,0.0,True,False,48,CC[N+](=O)[O-],mol_6fdb0ec09de24512,0.8753,0.6892,0.681674599647522,1.0025442838668823,33.26784896850586,ClCCCl,mol_e8df6c9e89c6b62a,0.1247,0.3108,0.3183254301548004,1.2108511924743652,90.28636169433594,,,,,,,
state_e3a3c4604c9ae18eb8bee0b9,2c_35c6612e2ad0f786d394,2,binary_vle_english.xlsx,10.1016/j.fluid.2016.02.018,unverified,0.5,isothermal,0.8,isothermal,,,45.1,46.479942321777344,-3.814697265625e-06,True,False,48,CCCCCCC,mol_fddb2c852c313396,0.3568,0.6922,0.6720141768455505,1.1121858358383179,78.71215057373047,Cc1ccc(C)cc1,mol_e7658ba520613aac,0.6432,0.30779999999999996,0.32798582315444946,1.0455942153930664,22.66790771484375,,,,,,,
state_e3dc18421de2b693415882f7,2c_ea9da779580d9b792700,2,binary_vle_english.xlsx,10.1016/j.jct.2012.11.005,unverified,0.5,isothermal,0.9411764705882353,isothermal,,,90.96,91.87835693359375,0.0,True,False,48,CC(C)OC(C)C,mol_1a0ca8e5eeb68da8,0.159,0.409,0.411067932844162,4.109478950500488,57.80200958251953,CO,mol_a85d32e4db2ff39c,0.841,0.591,0.5889320969581604,1.0627819299697876,60.539424896240234,,,,,,,
state_e3eee59cd513bc12cdb25db8,2c_98afb8e6c65a310db5e0,2,binary_vle_english.xlsx,10.1016/j.jct.2012.12.026,unverified,0.5,isothermal,0.9166666666666666,isothermal,,,390.79999999999995,331.822509765625,0.0,True,False,48,F/C=C/C(F)(F)F,mol_0e763ba6787b2749,0.20699999999999996,0.21899999999999997,0.1734621822834015,1.0416319370269775,266.9476013183594,FC(F)C(F)F,mol_fccff6221e62b4bc,0.793,0.781,0.8265378475189209,0.9956124424934387,347.3802490234375,,,,,,,
state_e48644542e3a8498e01ac135,2c_500953d4ef1e1d57286b,2,binary_vle_english.xlsx,10.1016/j.fluid.2012.10.015,unverified,0.5,isothermal,0.9333333333333333,isothermal,,,29.830000000000002,24.893512725830078,-1.9073486328125e-06,True,False,48,CCCCCl,mol_f7989a5c13417f20,0.8488,0.9216,0.9087190628051758,1.0241320133209229,26.0228271484375,CC[N+](=O)[O-],mol_6fdb0ec09de24512,0.1512,0.07840000000000003,0.09128091484308243,1.9491435289382935,7.710287094116211,,,,,,,
state_e5100728ac65cea1c9245db7,2c_e0c162126f5997f9fcd9,2,binary_vle_english.xlsx,10.1016/j.fluid.2016.02.018,unverified,0.5,isothermal,0.8,isothermal,,,120.8,123.69950866699219,0.0,True,False,48,CCCCCCC,mol_fddb2c852c313396,0.3856,0.2821,0.27538079023361206,1.1223357915878296,78.71215057373047,c1ccccc1,mol_7165dcf6be1f831d,0.6144000000000001,0.7179,0.7246192097663879,1.0711013078689575,136.2059326171875,,,,,,,
state_e71ae3c1a426c8cf912ab647,2c_500953d4ef1e1d57286b,2,binary_vle_english.xlsx,10.1016/j.fluid.2012.10.015,unverified,0.5,isothermal,0.9333333333333333,isothermal,,,31.460000000000004,26.0228271484375,0.0,True,False,48,CCCCCl,mol_f7989a5c13417f20,1.0,1.0,1.0,1.0,26.0228271484375,CC[N+](=O)[O-],mol_6fdb0ec09de24512,0.0,0.0,0.0,2.5958445072174072,7.710287094116211,,,,,,,
state_e76605279144b774c82f3f49,2c_98afb8e6c65a310db5e0,2,binary_vle_english.xlsx,10.1016/j.jct.2012.12.026,unverified,0.5,isothermal,0.8461538461538461,isothermal,,,391.49999999999994,323.33343505859375,3.0517578125e-05,True,False,48,F/C=C/C(F)(F)F,mol_0e763ba6787b2749,0.32699999999999996,0.33099999999999996,0.28208431601524353,1.0448545217514038,266.9476013183594,FC(F)C(F)F,mol_fccff6221e62b4bc,0.673,0.669,0.7179156541824341,0.992896318435669,347.3802490234375,,,,,,,
state_e9337a2d7481b84fd8ef25c6,2c_c879fc0732268fc652fa,2,binary_vle_english.xlsx,10.1016/j.fluid.2011.06.001,passed,1.0,isothermal,0.9166666666666666,isothermal,,,29.459999999999997,29.019695281982422,-1.9073486328125e-06,True,False,48,CC(C)OC(C)C,mol_1a0ca8e5eeb68da8,0.879,0.9076,0.9184755086898804,1.004536509513855,30.18601417541504,CCCCCl,mol_f7989a5c13417f20,0.121,0.0924,0.08152447640895844,1.119426965713501,17.466251373291016,,,,,,,
state_b6fb1aeb7b3ecf18bbcc2f1e,2c_31dd895be9cb26117aa9,2,binary_vle_english.xlsx,10.1016/j.jct.2015.07.024,unverified,0.5,full_state,0.0,isobaric,453.2,458.6034240722656,,,-0.000274658203125,True,False,48,CCOC(=O)OCC,mol_4df2781fcf4d4a77,0.902,0.755,0.7156910300254822,0.9996523857116699,366.46258544921875,CCOC(C)=O,mol_18876b584acc43d4,0.098,0.245,0.2843089699745178,0.9785069227218628,1368.8638916015625,,,,,,,
state_b6fbea6153dbc507b9c2f3a1,2c_0afc81efacf81d2f9881,2,binary_vle_english.xlsx,10.1016/j.fluid.2011.10.009,unverified,0.5,isobaric,0.9375,isobaric,423.79999999999995,423.7960510253906,,,-0.0001068115234375,True,False,48,CCCCCCCCC,mol_dd70207e50d8bf63,1.0,1.0,1.0,1.0,101.29989624023438,Cc1ccccc1,mol_1c09299644053521,0.0,0.0,0.0,1.129619836807251,279.4441833496094,,,,,,,
state_b7f3bdbd3f96bcf0fc725a04,2c_7b12ee2d0e35e39326bc,2,binary_vle_english.xlsx,10.1016/j.fluid.2011.08.007,unverified,0.5,isobaric,0.9642857142857143,isobaric,394.55999999999995,394.8728332519531,,,0.00075531005859375,True,False,48,CCOCCO,mol_ab8630148ae67e51,1.0,1.0,1.0,1.0,66.66075897216797,CO,mol_a85d32e4db2ff39c,0.0,0.0,0.0,0.8522888422012329,669.0379028320312,,,,,,,
state_ba4f4418b630e33f2f389bbc,2c_82cfa7a14fa3ab1984f1,2,binary_vle_english.xlsx,10.1016/j.jct.2019.07.006,unverified,0.5,isobaric,0.9333333333333333,isobaric,373.12,373.160888671875,,,0.0003814697265625,True,False,48,CC#N,mol_7028b7cbd3d829b4,0.0,0.0,0.0,5.942916393280029,175.01966857910156,O,mol_e81dc06beaa39499,1.0,1.0,1.0,1.0,101.30038452148438,,,,,,,
state_ba58b87665d7240af82e5247,2c_f84a6616de8e67ab84b6,2,binary_vle_english.xlsx,10.1016/j.fluid.2005.06.019,unverified,0.5,isobaric,0.96,isobaric,429.13,429.4861755371094,,,-0.0001220703125,True,False,48,CC(C)CO,mol_015d21fca05fcd26,0.008,0.037,0.020548783242702484,0.7651773691177368,340.05010986328125,CCCCCCO,mol_eb71ecc709e3f0dc,0.992,0.963,0.9794512391090393,0.9999855160713196,100.01988983154297,,,,,,,
state_ba9d4911b58b977034e762fe,2c_ba6de3f53ea6de13738b,2,binary_vle_english.xlsx,10.1016/j.fluid.2006.02.009,unverified,0.5,isobaric,0.9545454545454546,isobaric,370.25,374.1918640136719,,,0.0001373291015625,True,False,48,CCC(C)Cl,mol_9f4835d3aad75f1c,0.2017,0.4797,0.4024255871772766,0.882753312587738,228.95513916015625,Cc1ccccc1,mol_1c09299644053521,0.7983,0.5203,0.5975744128227234,0.9924942255020142,76.40255737304688,,,,,,,
state_babe92f31d58698a301cfb9f,2c_045f196d049de4abb690,2,binary_vle_english.xlsx,10.1016/j.jct.2004.09.009,unverified,0.5,isobaric,0.9696969696969697,isobaric,368.15,371.6431884765625,,,-7.62939453125e-06,True,False,48,CCC(C)O,mol_06affb0d2c6c8ff2,0.8644000000000001,0.7323,0.7473676800727844,1.0137758255004883,86.39469146728516,COC(=O)OC,mol_0ec85594f0f896ea,0.1356,0.2677,0.2526323199272156,1.5048035383224487,125.4177017211914,,,,,,,
state_bc5051483d16019a4793e51a,2c_5e274a8981b66e0477e8,2,binary_vle_english.xlsx,10.1016/j.fluid.2005.02.014,passed,1.0,isobaric,0.9166666666666666,isobaric,359.8,360.4253234863281,,,0.0,True,False,48,C1CCOCC1,mol_626f3d1f5bbb6f55,0.9271,0.8855,0.8844760656356812,0.9996513724327087,96.67638397216797,CCC(C)Cl,mol_9f4835d3aad75f1c,0.07289999999999996,0.11450000000000005,0.11552397906780243,1.0052858591079712,159.68515014648438,,,,,,,
state_be36ef4d15fea7307dcd9116,2c_5e274a8981b66e0477e8,2,binary_vle_english.xlsx,10.1016/j.fluid.2005.02.014,passed,1.0,isobaric,0.9166666666666666,isobaric,360.57,361.209716796875,,,-2.288818359375e-05,True,False,48,C1CCOCC1,mol_626f3d1f5bbb6f55,0.9635,0.9381,0.9411773085594177,0.9999130368232727,98.96163177490234,CCC(C)Cl,mol_9f4835d3aad75f1c,0.03649999999999998,0.061899999999999955,0.058822713792324066,1.0008295774459839,163.11782836914062,,,,,,,
state_be96b9f87d8eab325d550b0f,2c_7c57a80413db66443080,2,binary_vle_english.xlsx,10.1016/j.jct.2010.05.014,unverified,0.5,isobaric,0.8928571428571429,isobaric,413.25,414.01690673828125,,,0.00119781494140625,True,False,48,CCC(=O)O,mol_86c4db256d6270c6,0.5610999999999999,0.5609,0.5636399984359741,0.9130637049674988,100.44699096679688,CCCCCO,mol_243de2450bee5519,0.4389,0.4391,0.43636003136634827,0.8130162954330444,111.64945220947266,,,,,,,
state_beb2888701593bac6650a3c4,2c_1490252da7453cbbebe4,2,binary_vle_english.xlsx,10.1016/j.jct.2011.10.025,unverified,0.5,isobaric,0.9545454545454546,isobaric,356.86,352.5765686035156,,,0.0009613037109375,True,False,48,CC(C)CC(C)(C)C,mol_57615b5c3546c298,0.902,0.5840000000000001,0.5197698473930359,1.0435380935668945,55.93836975097656,CC(C)O,mol_db030b5de88f8eaf,0.098,0.416,0.4802301228046417,5.347120761871338,92.83610534667969,,,,,,,
state_bfa18f24954e256d8d94c37e,2c_e0ef8174c7b6fc15273a,2,binary_vle_english.xlsx,10.1016/j.fluid.2005.06.024,unverified,0.5,isobaric,0.9743589743589743,isobaric,385.53999999999996,392.8083801269531,,,0.00012969970703125,True,False,48,CC(C)=O,mol_e04cf77cea7bbe66,0.0875,0.3934,0.433419406414032,0.832577109336853,602.827392578125,CCOC(=O)OCC,mol_4df2781fcf4d4a77,0.9125,0.6066,0.566580593585968,0.9974256157875061,63.07619094848633,,,,,,,
state_bfebe0fd5c5821a08f3fb0d8,2c_1490252da7453cbbebe4,2,binary_vle_english.xlsx,10.1016/j.jct.2011.10.025,unverified,0.5,isobaric,0.9545454545454546,isobaric,353.35,351.2207946777344,,,0.00034332275390625,True,False,48,CC(C)CC(C)(C)C,mol_57615b5c3546c298,0.825,0.501,0.48897454142570496,1.1214131116867065,53.5399055480957,CC(C)O,mol_db030b5de88f8eaf,0.175,0.499,0.5110254287719727,3.366429567337036,87.87106323242188,,,,,,,
state_c11f880f52a5edaecfff0192,2c_4e1effd6e44016fa9e71,2,binary_vle_english.xlsx,10.1016/j.fluid.2019.03.022,passed,1.0,isobaric,0.95,isobaric,339.9,342.2848205566406,,,-9.918212890625e-05,True,False,48,CO,mol_a85d32e4db2ff39c,0.050000000000000044,0.372,0.3269273340702057,5.469749450683594,121.09404754638672,c1ccccc1,mol_7165dcf6be1f831d,0.95,0.628,0.6730726957321167,1.006814956665039,71.2849349975586,,,,,,,
state_c196ed69253692773ba4e2bb,2c_74caf60139062b8ca437,2,binary_vle_english.xlsx,10.1016/j.fluid.2010.08.010,unverified,0.5,isobaric,0.9411764705882353,isobaric,428.45,428.0400390625,,,-0.00029754638671875,True,False,48,CCCCCCO,mol_eb71ecc709e3f0dc,1.0,1.0,1.0,1.0,95.59970092773438,Cc1ccccc1C,mol_61c4de85d258b45d,0.0,0.0,0.0,1.1989870071411133,133.04322814941406,,,,,,,
state_c1d10cb8d4cbb16fdb8416e2,2c_784276d4500715f79c89,2,binary_vle_english.xlsx,10.1016/j.fluid.2013.05.019,passed,1.0,isobaric,0.8235294117647058,isobaric,371.3,371.5118713378906,,,0.00042724609375,True,False,48,CCCCCCC,mol_fddb2c852c313396,0.999392,0.998207,0.9982538819313049,1.000000238418579,101.21501159667969,c1ccsc1,mol_7953343be0b435d5,0.000608,0.001793,0.0017460875678807497,1.8984277248382568,153.28802490234375,,,,,,,
state_c264d4aa062b3727eb36c4a3,2c_7c57a80413db66443080,2,binary_vle_english.xlsx,10.1016/j.jct.2010.05.014,unverified,0.5,isobaric,0.9615384615384616,isobaric,413.2,414.0044250488281,,,0.001129150390625,True,False,48,CCC(=O)O,mol_86c4db256d6270c6,0.527,0.5204,0.5198860168457031,0.8970301151275635,100.40762329101562,CCCCCO,mol_243de2450bee5519,0.473,0.4796,0.4801139235496521,0.8303797245025635,111.60472869873047,,,,,,,
state_c281afb5805597b5ecc3e5a7,2c_72801d7427f9871710ea,2,binary_vle_english.xlsx,10.1016/j.jct.2013.08.011,unverified,0.5,isobaric,0.95,isobaric,360.18,360.1728515625,,,-0.000152587890625,True,False,48,CC#N,mol_7028b7cbd3d829b4,0.151,0.391,0.41679540276527405,2.328791618347168,120.06714630126953,CCCO,mol_5fb2f93dc8caa9dc,0.849,0.609,0.5832046270370483,1.0219156742095947,68.09371185302734,,,,,,,
state_c3cd7aacb3ceaca3f55bc6a6,2c_fb0ad4b474929fdd899d,2,binary_vle_english.xlsx,10.1016/j.fluid.2007.09.014,unverified,0.5,isobaric,0.9583333333333334,isobaric,397.44,399.3065185546875,,,3.814697265625e-05,True,False,48,CC(C)OC(C)C,mol_1a0ca8e5eeb68da8,0.0,0.0,0.0,3.930161714553833,485.0630798339844,COCCO,mol_d291b272a64498d9,1.0,1.0,1.0,1.0,101.30004119873047,,,,,,,
state_c3fbcf532cf725a10c1f0ad1,2c_e8b98868a6b90d408930,2,binary_vle_english.xlsx,10.1016/j.fluid.2015.09.039,unverified,0.5,isobaric,0.96875,isobaric,462.9,462.2588806152344,,,-0.0003662109375,True,False,48,CN(C)C=O,mol_ca12d6d2f2ffb170,0.022,0.051,0.062160786241292953,1.1355416774749756,252.0569305419922,CS(C)=O,mol_7d3e12eaed0f467c,0.978,0.949,0.9378392100334167,1.0002168416976929,97.11878967285156,,,,,,,
state_c63658c76186f7515a96a5cd,2c_d66c7a74cea5d8732e08,2,binary_vle_english.xlsx,10.1016/j.jct.2016.10.001,unverified,0.5,isobaric,0.9375,isobaric,364.4,362.93389892578125,,,0.00115203857421875,True,False,48,CC(C)O,mol_db030b5de88f8eaf,0.017,0.282,0.3240339457988739,13.911505699157715,138.79754638671875,O,mol_e81dc06beaa39499,0.983,0.718,0.6759660840034485,1.0020350217819214,69.5188980102539,,,,,,,
state_c8754cd1e8fc55eaa03adc56,2c_acf6c70dfacb27974826,2,binary_vle_english.xlsx,10.1016/j.fluid.2017.05.012,unverified,0.5,isobaric,0.9444444444444444,isobaric,371.2,370.6415710449219,,,0.0001220703125,True,False,48,CCCO,mol_5fb2f93dc8caa9dc,0.1322,0.2055,0.22000201046466827,1.6401035785675049,102.48157501220703,CCCOC(C)=O,mol_67043ae833ecd0c7,0.8678,0.7945,0.7799980044364929,1.0127577781677246,89.63758850097656,,,,,,,
state_c99acc70950bb6d1a9f78d8f,2c_1423cf5c6cbb9a123e33,2,binary_vle_english.xlsx,10.1016/j.fluid.2008.09.010,unverified,0.5,isobaric,0.8823529411764706,isobaric,398.65,400.15447998046875,,,0.0002689361572265625,True,False,48,CC(=O)O,mol_9ac385b135af0125,0.2809,0.3106,0.33892518281936646,0.12126538902521133,132.6337890625,CS(C)=O,mol_7d3e12eaed0f467c,0.7191000000000001,0.6894,0.6610747575759888,0.8558414578437805,14.318808555603027,,,,,,,
state_c9b605a9c68d956596307687,2c_7c57a80413db66443080,2,binary_vle_english.xlsx,10.1016/j.jct.2010.05.014,unverified,0.5,isobaric,0.8928571428571429,isobaric,413.25,414.015380859375,,,0.00110626220703125,True,False,48,CCC(=O)O,mol_86c4db256d6270c6,0.5398000000000001,0.5343,0.5363696813583374,0.9032151699066162,100.44219207763672,CCCCCO,mol_243de2450bee5519,0.4602,0.4657,0.4636303186416626,0.8238826990127563,111.64412689208984,,,,,,,
state_ca10c6e16b3b7946664ee24c,2c_6f361cb0ec8be0b0e6dd,2,binary_vle_english.xlsx,10.1016/j.fluid.2006.08.004,unverified,0.5,isobaric,0.95,isobaric,348.29,345.6329040527344,,,0.0001068115234375,True,False,48,CC(C)OC(C)C,mol_1a0ca8e5eeb68da8,0.044,0.154,0.24022376537322998,4.801366329193115,115.18830871582031,CCO,mol_f29e20f49d416e54,0.956,0.846,0.75977623462677,1.003998875617981,80.18710327148438,,,,,,,
state_ca3b475fe995c033acc1a96d,2c_e0ef8174c7b6fc15273a,2,binary_vle_english.xlsx,10.1016/j.fluid.2005.06.024,unverified,0.5,isobaric,0.9743589743589743,isobaric,390.39,399.02716064453125,,,0.00146484375,True,False,48,CC(C)=O,mol_e04cf77cea7bbe66,0.0511,0.2675,0.28554001450538635,0.8154646158218384,694.3265991210938,CCOC(=O)OCC,mol_4df2781fcf4d4a77,0.9489,0.7324999999999999,0.714460015296936,0.9990891218185425,76.36180114746094,,,,,,,
state_caa02e6a661f0e7d6724e9c3,2c_e584d9baea666806df78,2,binary_vle_english.xlsx,10.1016/j.jct.2010.02.001,unverified,0.5,isobaric,0.9444444444444444,isobaric,382.09999999999997,382.6090087890625,,,-0.000396728515625,True,False,48,CCCCO,mol_ad4ef9c6c876ca2f,0.772,0.575,0.6329557299613953,0.9939659833908081,75.31013488769531,CCCO,mol_5fb2f93dc8caa9dc,0.228,0.425,0.3670443296432495,0.9305508732795715,157.9473876953125,,,,,,,
state_cad409bb6b1388c8e43208e6,2c_72d232cf7a8125302e6c,2,binary_vle_english.xlsx,10.1016/j.fluid.2009.01.006,unverified,0.5,isobaric,0.9333333333333333,isobaric,401.4,394.506591796875,,,0.0002593994140625,True,False,48,CN(C)C=O,mol_ca12d6d2f2ffb170,0.923,0.48240000000000005,0.3777840733528137,1.0017650127410889,41.389163970947266,ClC(Cl)Cl,mol_d9e0a2387a6283f9,0.077,0.5176,0.6222158670425415,1.590659499168396,514.6165161132812,,,,,,,
state_cbf78e193b4511419020ed87,2c_acf6c70dfacb27974826,2,binary_vle_english.xlsx,10.1016/j.fluid.2017.05.012,unverified,0.5,isobaric,0.9444444444444444,isobaric,369.4,368.69488525390625,,,3.0517578125e-05,True,False,48,CCCO,mol_5fb2f93dc8caa9dc,0.2688,0.3657,0.3590438961982727,1.4172154664993286,95.19275665283203,CCCOC(C)=O,mol_67043ae833ecd0c7,0.7312000000000001,0.6343,0.6409561038017273,1.0505132675170898,84.27758026123047,,,,,,,
state_cc09ffec7d89bafd7403fdce,2c_d66c7a74cea5d8732e08,2,binary_vle_english.xlsx,10.1016/j.jct.2006.04.006,unverified,0.5,isobaric,0.9444444444444444,isobaric,365.15,364.58282470703125,,,3.814697265625e-05,True,False,48,CC(C)O,mol_db030b5de88f8eaf,0.013,0.229,0.2782216966152191,14.691634178161621,147.5662841796875,O,mol_e81dc06beaa39499,0.987,0.771,0.7217783331871033,1.0011942386627197,73.99083709716797,,,,,,,
state_cc19f1ed6e9fd281cfeb9163,2c_e94406f9abae6913c6d1,2,binary_vle_english.xlsx,10.1016/j.fluid.2005.02.014,unverified,0.5,isobaric,0.9285714285714286,isobaric,360.4,361.8531494140625,,,7.62939453125e-05,True,False,48,C1CCOCC1,mol_626f3d1f5bbb6f55,0.896,0.8712,0.8904443979263306,0.9980473518371582,100.86892700195312,CCCCCl,mol_f7989a5c13417f20,0.10399999999999998,0.12880000000000003,0.10955563932657242,0.9298757314682007,114.75887298583984,,,,,,,
state_ccd8f1ed248d83db4d0b55bc,2c_443810127d849cf82a31,2,binary_vle_english.xlsx,10.1016/j.fluid.2014.09.021,unverified,0.5,isobaric,0.9545454545454546,isobaric,424.08,424.0176086425781,,,-1.52587890625e-05,True,False,48,CCC(C)O,mol_06affb0d2c6c8ff2,0.016,0.049,0.039538655430078506,0.6925857663154602,361.4412536621094,CN(C)C=O,mol_ca12d6d2f2ffb170,0.984,0.951,0.9604613780975342,0.9999586343765259,98.8808364868164,,,,,,,
state_cd1a3dfcdd76030d153dda21,2c_04f90ce0e2369daa246a,2,binary_vle_english.xlsx,10.1016/j.fluid.2005.09.015,unverified,0.5,isobaric,0.9545454545454546,isobaric,418.68999999999994,425.1802673339844,,,3.814697265625e-05,True,False,48,CC(C)CO,mol_015d21fca05fcd26,0.0,0.0,0.0,1.3253910541534424,306.28729248046875,CCCCOC(=O)CC,mol_a9c167bbb331e76a,1.0,1.0,1.0,1.0,101.30004119873047,,,,,,,
state_ce1e9da37c85651e5610a7c2,2c_d66c7a74cea5d8732e08,2,binary_vle_english.xlsx,10.1016/j.jct.2017.02.005,unverified,0.5,isobaric,0.96875,isobaric,369.29,369.455810546875,,,8.392333984375e-05,True,False,48,CC(C)O,mol_db030b5de88f8eaf,0.004,0.102,0.11716771125793457,16.63279151916504,176.10964965820312,O,mol_e81dc06beaa39499,0.996,0.898,0.8828322887420654,1.0001139640808105,88.62775421142578,,,,,,,
state_ceaf19f3bb609c500cfb5f82,2c_1490252da7453cbbebe4,2,binary_vle_english.xlsx,10.1016/j.jct.2011.10.025,unverified,0.5,isobaric,0.9545454545454546,isobaric,349.96,349.0829162597656,,,0.0002288818359375,True,False,48,CC(C)CC(C)(C)C,mol_57615b5c3546c298,0.46699999999999997,0.387,0.3979119658470154,1.7289232015609741,49.92348098754883,CC(C)O,mol_db030b5de88f8eaf,0.533,0.613,0.6020880937576294,1.4218034744262695,80.48291015625,,,,,,,
state_cffe1a7932640948badbd3f0,2c_9f331b7867f625e21322,2,binary_vle_english.xlsx,10.1016/j.jct.2015.03.013,unverified,0.5,isobaric,0.9090909090909091,isobaric,401.0,402.2727966308594,,,3.0517578125e-05,True,False,48,CCC(C)=O,mol_4cfc5db0ca2ab00b,0.0477,0.2351,0.21520507335662842,1.5192607641220093,397.9300231933594,COCCO,mol_d291b272a64498d9,0.9523,0.7649,0.7847949862480164,1.0009173154830933,110.328857421875,,,,,,,
state_d1117426e5753358cb68dd76,2c_6f361cb0ec8be0b0e6dd,2,binary_vle_english.xlsx,10.1016/j.fluid.2006.08.004,unverified,0.5,isobaric,0.95,isobaric,339.34,335.8683776855469,,,0.00038909912109375,True,False,48,CC(C)OC(C)C,mol_1a0ca8e5eeb68da8,0.338,0.523,0.578574538230896,2.0670948028564453,83.88674926757812,CCO,mol_f29e20f49d416e54,0.6619999999999999,0.477,0.421425461769104,1.2161667346954346,53.02500915527344,,,,,,,
state_d189fdb81b9c33ed592671ce,2c_132d59f7f663b60d969d,2,binary_vle_english.xlsx,10.1016/j.fluid.2006.02.002,unverified,0.5,isobaric,0.9545454545454546,isobaric,475.02,473.8846740722656,,,-5.340576171875e-05,True,False,48,CC(=O)O,mol_9ac385b135af0125,0.06,0.1123,0.04389648512005806,0.09345856308937073,793.2265014648438,CN1CCCC1=O,mol_f50e4145cb9a22d5,0.94,0.8877,0.956103503704071,0.9871250987052917,104.41014862060547,,,,,,,
state_d1bff467b95b0879302575a4,2c_d61da005b4125a743b07,2,binary_vle_english.xlsx,10.1016/j.fluid.2009.03.008,unverified,0.5,isobaric,0.9583333333333334,isobaric,388.55999999999995,388.57958984375,,,1.52587890625e-05,True,False,48,CC(=O)O,mol_9ac385b135af0125,0.9633,0.9173,0.8896926045417786,1.0003315210342407,93.55619812011719,CCC(C)=O,mol_4cfc5db0ca2ab00b,0.036699999999999955,0.0827,0.11030741035938263,1.071969747543335,284.11505126953125,,,,,,,
state_d28242ba6865980e9ff4eff1,2c_4c757308eefec1e2dd80,2,binary_vle_english.xlsx,10.1016/j.fluid.2011.11.020,unverified,0.5,isobaric,0.9444444444444444,isobaric,352.92,356.2569274902344,,,-7.62939453125e-06,True,False,48,C=C(C)C(C)C,mol_6f1c44bf29e6107c,0.057499999999999996,0.17869999999999997,0.08806800097227097,1.1846122741699219,131.01231384277344,c1ccsc1,mol_7953343be0b435d5,0.9425,0.8213,0.9119320511817932,1.001222848892212,97.923828125,,,,,,,
state_d2aa8bf4dadc9d9fd4e57fc1,2c_7b12ee2d0e35e39326bc,2,binary_vle_english.xlsx,10.1016/j.fluid.2011.08.007,unverified,0.5,isobaric,0.9666666666666667,isobaric,405.25,406.2238464355469,,,9.918212890625e-05,True,False,48,CCOCCO,mol_ab8630148ae67e51,1.0,1.0,1.0,1.0,93.32009887695312,CO,mol_a85d32e4db2ff39c,0.0,0.0,0.0,0.8673899173736572,907.922119140625,,,,,,,
state_d2abd2e1f410b6ca7704ed4b,2c_7c57a80413db66443080,2,binary_vle_english.xlsx,10.1016/j.jct.2010.05.014,unverified,0.5,isobaric,0.9259259259259259,isobaric,413.15,413.9296875,,,0.000885009765625,True,False,48,CCC(=O)O,mol_86c4db256d6270c6,0.6155999999999999,0.6279,0.6319729685783386,0.9356856346130371,100.17166900634766,CCCCCO,mol_243de2450bee5519,0.3844,0.3721,0.368027001619339,0.7851006984710693,111.3386459350586,,,,,,,
state_d34551b2feb8ba4fcf8057c8,2c_6f361cb0ec8be0b0e6dd,2,binary_vle_english.xlsx,10.1016/j.fluid.2006.08.004,unverified,0.5,isobaric,0.95,isobaric,345.76,342.0731506347656,,,3.0517578125e-05,True,False,48,CC(C)OC(C)C,mol_1a0ca8e5eeb68da8,0.089,0.256,0.3679017424583435,4.071345806121826,102.85216522216797,CCO,mol_f29e20f49d416e54,0.911,0.744,0.6320981979370117,1.015910267829895,69.18634796142578,,,,,,,
state_d38cf0eed3772be6878d4ee4,2c_be94156040a0f89bf1c4,2,binary_vle_english.xlsx,10.1016/j.fluid.2013.05.016,passed,1.0,isobaric,0.9411764705882353,isobaric,423.79999999999995,423.7960510253906,,,-0.0001068115234375,True,False,48,CCCCCCC,mol_fddb2c852c313396,0.0,0.0,0.0,0.7881044745445251,379.7273864746094,CCCCCCCCC,mol_dd70207e50d8bf63,1.0,1.0,1.0,1.0,101.29989624023438,,,,,,,
state_d5087a8a3205b8f1c0ca6f10,2c_165952a69a69e7a8d3f6,2,binary_vle_english.xlsx,10.1016/j.fluid.2005.01.007,unverified,0.5,isobaric,0.9545454545454546,isobaric,353.82,353.1227111816406,,,0.00118255615234375,True,False,48,CC(C)CC(C)(C)C,mol_57615b5c3546c298,0.943,0.5700000000000001,0.5372357368469238,1.013960838317871,56.9288330078125,CCO,mol_f29e20f49d416e54,0.057,0.43,0.46276426315307617,7.606848239898682,108.1385269165039,,,,,,,
state_d5cf088d6f8e6dd769f5b1e5,2c_a1a215858c9235f0cf6a,2,binary_vle_english.xlsx,10.1016/j.fluid.2015.03.013,unverified,0.5,isobaric,0.9666666666666667,isobaric,430.81999999999994,427.337646484375,,,0.0018310546875,True,False,48,CC(=O)N(C)C,mol_b8ccf255e2b62919,0.924,0.733,0.81357741355896,0.9976407885551453,89.40669250488281,CCC(C)O,mol_06affb0d2c6c8ff2,0.076,0.267,0.18642258644104004,0.6353300213813782,391.11358642578125,,,,,,,
state_d5fe172e289942fb75119c6c,2c_3bae50989ad7bd0bfb6d,2,binary_vle_english.xlsx,10.1016/j.tca.2019.178318,unverified,0.5,isobaric,0.9523809523809523,isobaric,526.53,539.3386840820312,,,-7.62939453125e-06,True,False,48,C=C1CC/C=C(\C)CC[C@@H]2[C@@H]1CC2(C)C,mol_45521ebc0c228c36,1.0,1.0,1.0,1.0,101.32999420166016,CC1=CCC2CC1C2(C)C,mol_58edf3e3e0a48fcf,0.0,0.0,0.0,0.919482409954071,651.2214965820312,,,,,,,
state_d62a9ae5ea12f01d1ec7b599,2c_e8b98868a6b90d408930,2,binary_vle_english.xlsx,10.1016/j.fluid.2015.09.039,unverified,0.5,isobaric,0.96875,isobaric,463.75,463.05462646484375,,,-4.57763671875e-05,True,False,48,CN(C)C=O,mol_ca12d6d2f2ffb170,0.011,0.026,0.031941600143909454,1.146701693534851,256.52093505859375,CS(C)=O,mol_7d3e12eaed0f467c,0.989,0.974,0.9680584073066711,1.0000554323196411,99.14948272705078,,,,,,,
state_d65fd89d67b0c23e95441249,2c_40a7324bb73b275b7c8c,2,binary_vle_english.xlsx,10.1016/j.jct.2019.01.027,unverified,0.5,isobaric,0.9375,isobaric,387.54999999999995,393.1273498535156,,,-2.288818359375e-05,True,False,48,CC(=O)OCC(C)C,mol_e7eb29ad965cc8ee,0.9704,0.9139,0.9220888018608093,1.0002565383911133,96.23209381103516,COC(=O)OC,mol_0ec85594f0f896ea,0.0296,0.0861,0.07791119813919067,1.1735761165618896,227.19894409179688,,,,,,,
state_d72f66ff1490924b62be2ce0,2c_72801d7427f9871710ea,2,binary_vle_english.xlsx,10.1016/j.jct.2013.08.011,unverified,0.5,isobaric,0.95,isobaric,363.97,365.1621398925781,,,3.0517578125e-05,True,False,48,CC#N,mol_7028b7cbd3d829b4,0.061,0.205,0.22746498882770538,2.7129721641540527,139.2351837158203,CCCO,mol_5fb2f93dc8caa9dc,0.9390000000000001,0.795,0.772534966468811,1.0035158395767212,83.04966735839844,,,,,,,
state_d759fa692304ac740ad6f633,2c_f6e4afdc0101fe369605,2,binary_vle_english.xlsx,10.1016/j.jct.2004.09.009,unverified,0.5,isobaric,0.9629629629629629,isobaric,391.09999999999997,397.8490295410156,,,0.000823974609375,True,False,48,CC1CCCCC1,mol_bdf6ddfdabc4e204,0.0963,0.2651,0.3377665877342224,1.87309992313385,189.6891326904297,CCOC(=O)OCC,mol_4df2781fcf4d4a77,0.9037,0.7349,0.6622334122657776,1.0075130462646484,73.67991638183594,,,,,,,
state_d8574a4acd8925fa7095d1e5,2c_dc191206ee879c89c4e5,2,binary_vle_english.xlsx,10.1016/j.jct.2003.09.001,unverified,0.5,isobaric,0.9285714285714286,isobaric,380.75,383.2164306640625,,,7.62939453125e-06,True,False,48,C1COCCO1,mol_d365f2fae67d24f2,0.0428,0.0618,0.07570706307888031,1.3677128553390503,131.0108184814453,CC(C)CO,mol_015d21fca05fcd26,0.9572,0.9382,0.9242929220199585,1.0007203817367554,97.74705505371094,,,,,,,
state_d85a3a8681cd64e1cb02fe6b,2c_acbe0e6e906b285e5990,2,binary_vle_english.xlsx,10.1016/j.fluid.2006.07.003,unverified,0.5,isobaric,0.9565217391304348,isobaric,404.0,402.96533203125,,,0.000579833984375,True,False,48,CCCCCO,mol_243de2450bee5519,0.952,0.757,0.7284985780715942,1.0017015933990479,77.38652038574219,CCCOCCC,mol_e13b90e4aa2e917d,0.048,0.243,0.271501362323761,2.1941335201263428,261.1437683105469,,,,,,,
state_d8cba07fec157fddb44d872f,2c_e8b98868a6b90d408930,2,binary_vle_english.xlsx,10.1016/j.fluid.2015.09.039,unverified,0.5,isobaric,0.96875,isobaric,459.33,459.170654296875,,,0.000274658203125,True,False,48,CN(C)C=O,mol_ca12d6d2f2ffb170,0.069,0.154,0.17536617815494537,1.0941848754882812,235.2971649169922,CS(C)=O,mol_7d3e12eaed0f467c,0.931,0.846,0.8246338367462158,1.001937747001648,89.55325317382812,,,,,,,
state_d8ed18e5941750251bd72ae4,2c_ba6de3f53ea6de13738b,2,binary_vle_english.xlsx,10.1016/j.fluid.2006.02.009,unverified,0.5,isobaric,0.9545454545454546,isobaric,381.03999999999996,382.2320556640625,,,0.00043487548828125,True,False,48,CCC(C)Cl,mol_9f4835d3aad75f1c,0.0331,0.117,0.07617843896150589,0.8349979519844055,279.2093505859375,Cc1ccccc1,mol_1c09299644053521,0.9669,0.883,0.9238215684890747,0.9998278617858887,96.80384063720703,,,,,,,
state_d99bf9a35364a6d88bfd8d27,2c_7089ceccf9a6ce828d93,2,binary_vle_english.xlsx,10.1016/j.fluid.2018.07.013,unverified,0.5,isobaric,0.9545454545454546,isobaric,390.54999999999995,388.1606140136719,,,0.00030517578125,True,False,48,CCCCCCCC,mol_8151bb583f7f3ebd,0.9884,0.6503,0.7278158664703369,1.0003859996795654,74.5644760131836,CCO,mol_f29e20f49d416e54,0.0116,0.3497,0.2721841037273407,6.490103244781494,366.2384338378906,,,,,,,
state_db18afa9b899959239ce2251,2c_7b12ee2d0e35e39326bc,2,binary_vle_english.xlsx,10.1016/j.fluid.2011.08.007,unverified,0.5,isobaric,0.9666666666666667,isobaric,399.52,400.39312744140625,,,-3.0517578125e-05,True,False,48,CCOCCO,mol_ab8630148ae67e51,0.976,0.8160000000000001,0.8228564858436584,0.9997450709342957,78.69725036621094,CO,mol_a85d32e4db2ff39c,0.024,0.184,0.17714352905750275,0.8853989243507385,777.9464111328125,,,,,,,
state_db5d0ff5e4b0c4890c4cefb6,2c_0b5e8c9a900cd58157d8,2,binary_vle_english.xlsx,10.1016/j.fluid.2012.09.019,passed,1.0,isobaric,0.9333333333333333,isobaric,393.12,393.1153564453125,,,2.86102294921875e-05,True,False,48,CCCCCCCCCC,mol_91b5da48af8329ea,1.0,1.0,1.0,1.0,20.000028610229492,Cc1cccc(C)c1,mol_bb820de7912e8a38,0.0,0.0,0.0,1.161054253578186,58.89664840698242,,,,,,,
state_db71f0cb244b62f1d8d596b6,2c_41231e1cce231dacd490,2,binary_vle_english.xlsx,10.1016/j.jct.2019.01.027,unverified,0.5,isobaric,0.9411764705882353,isobaric,411.45,411.509765625,,,-7.62939453125e-06,True,False,48,COC(=O)OC,mol_0ec85594f0f896ea,0.0,0.0,0.0,1.4653291702270508,359.59051513671875,Cc1ccc(C)cc1,mol_e7658ba520613aac,1.0,1.0,1.0,1.0,101.29999542236328,,,,,,,
state_db8c1cc395ebf0737eb89224,2c_03ee8ab4245c0677d4ed,2,binary_vle_english.xlsx,10.1016/j.fluid.2018.05.024,unverified,0.5,isobaric,0.95,isobaric,354.65,354.4147033691406,,,0.00016021728515625,True,False,48,CCO,mol_f29e20f49d416e54,0.192,0.386,0.39148396253585815,1.8167387247085571,113.692138671875,COC(=O)OC,mol_0ec85594f0f896ea,0.808,0.614,0.6085160374641418,1.031922698020935,73.93049621582031,,,,,,,
state_dcbd04dbf42c2e00c5bee56c,2c_5481356f0b4c42a123fa,2,binary_vle_english.xlsx,10.1016/j.fluid.2014.04.025,unverified,0.5,isobaric,0.9375,isobaric,394.94,396.2853088378906,,,0.000518798828125,True,False,48,COCCO,mol_d291b272a64498d9,0.9739,0.8955,0.8923097848892212,1.0007838010787964,92.74119567871094,Cc1ccccc1,mol_1c09299644053521,0.0261,0.1045,0.10769023001194,2.9319405555725098,142.55824279785156,,,,,,,
state_dd1bd9534f1d4337cef94d2d,2c_ce7e822d00d743846419,2,binary_vle_english.xlsx,10.1016/j.fluid.2005.07.010,unverified,0.5,isobaric,0.9629629629629629,isobaric,385.03,387.794677734375,,,0.000396728515625,True,False,48,CC(=O)O,mol_9ac385b135af0125,0.9224,0.7557,0.8282915949821472,0.9966788291931152,91.29080200195312,CCOC(C)=O,mol_18876b584acc43d4,0.0776,0.2443,0.17170843482017517,0.7416054606437683,302.3258361816406,,,,,,,
state_ddfabfe316df986c32d93077,2c_f3783588430c6c1dd8cb,2,binary_vle_english.xlsx,10.1016/j.fluid.2007.06.005,unverified,0.5,isobaric,0.9545454545454546,isobaric,372.33,372.2451477050781,,,-0.0001983642578125,True,False,48,CC(C)CC(C)(C)C,mol_57615b5c3546c298,1.0,1.0,1.0,1.0,101.2998046875,CCC(C)=O,mol_4cfc5db0ca2ab00b,0.0,0.0,0.0,4.514928340911865,183.25033569335938,,,,,,,
state_df1f02d30a357ffedb3b0961,2c_1490252da7453cbbebe4,2,binary_vle_english.xlsx,10.1016/j.jct.2011.10.025,unverified,0.5,isobaric,0.9545454545454546,isobaric,351.74,350.9436950683594,,,-0.0002288818359375,True,False,48,CC(C)CC(C)(C)C,mol_57615b5c3546c298,0.08899999999999997,0.20699999999999996,0.20445731282234192,4.385887622833252,53.0595588684082,CC(C)O,mol_db030b5de88f8eaf,0.911,0.793,0.7955427169799805,1.018171787261963,86.8825454711914,,,,,,,
state_df7cad91bac950e07190e0bf,2c_f4a55bc5fa0e7d69faf8,2,binary_vle_english.xlsx,10.1016/j.fluid.2012.12.021,unverified,0.5,isobaric,0.9523809523809523,isobaric,369.22,372.09661865234375,,,-6.103515625e-05,True,False,48,C1CCOCC1,mol_626f3d1f5bbb6f55,0.06899999999999995,0.10499999999999998,0.13153114914894104,1.3226053714752197,135.4805145263672,CCC(C)O,mol_06affb0d2c6c8ff2,0.931,0.895,0.8684688210487366,1.0007214546203613,87.62316131591797,,,,,,,
state_e00d7b3c7f25880076a09847,2c_3c1769052d07951ac3d7,2,binary_vle_english.xlsx,10.1016/j.fluid.2016.08.011,passed,1.0,isobaric,0.9375,isobaric,355.37,354.75732421875,,,-0.00040435791015625,True,False,48,CC(C)O,mol_db030b5de88f8eaf,1.0,1.0,1.0,1.0,101.29959869384766,CCOC(C)=O,mol_18876b584acc43d4,0.0,0.0,0.0,1.8555254936218262,116.92417907714844,,,,,,,
state_e02681caa3e5ffed75917fb7,2c_ba6de3f53ea6de13738b,2,binary_vle_english.xlsx,10.1016/j.fluid.2006.02.009,unverified,0.5,isobaric,0.9545454545454546,isobaric,368.15,372.6020202636719,,,-3.814697265625e-05,True,False,48,CCC(C)Cl,mol_9f4835d3aad75f1c,0.2355,0.5354,0.4562836289405823,0.8924509882926941,219.92210388183594,Cc1ccccc1,mol_1c09299644053521,0.7645,0.4646,0.5437163710594177,0.9895445108413696,72.80628204345703,,,,,,,
state_e1ccf7345b8fb8a53d006e61,2c_e94406f9abae6913c6d1,2,binary_vle_english.xlsx,10.1016/j.fluid.2005.02.014,unverified,0.5,isobaric,0.9285714285714286,isobaric,360.79,361.9387512207031,,,3.0517578125e-05,True,False,48,C1CCOCC1,mol_626f3d1f5bbb6f55,0.9447,0.9321,0.9425219297409058,0.9994227886199951,101.12484741210938,CCCCCl,mol_f7989a5c13417f20,0.055300000000000016,0.06789999999999996,0.05747810751199722,0.9151473641395569,115.05244445800781,,,,,,,
state_e2b6181d8ef30d97b40f557f,2c_d61da005b4125a743b07,2,binary_vle_english.xlsx,10.1016/j.fluid.2009.03.008,unverified,0.5,isobaric,0.9583333333333334,isobaric,386.96,386.909423828125,,,-0.0001678466796875,True,False,48,CC(=O)O,mol_9ac385b135af0125,0.9376,0.8614,0.8223027586936951,1.0009056329727173,88.78882598876953,CCC(C)=O,mol_4cfc5db0ca2ab00b,0.06240000000000001,0.13859999999999995,0.1776972860097885,1.060177206993103,272.1793212890625,,,,,,,
state_e310363c85ffde6202865930,2c_3bae50989ad7bd0bfb6d,2,binary_vle_english.xlsx,10.1016/j.tca.2019.178318,unverified,0.5,isobaric,0.9523809523809523,isobaric,506.53999999999996,521.6268310546875,,,-1.52587890625e-05,True,False,48,C=C1CC/C=C(\C)CC[C@@H]2[C@@H]1CC2(C)C,mol_45521ebc0c228c36,0.9391,0.6057,0.7118833661079407,0.9993919134140015,76.85978698730469,CC1=CCC2CC1C2(C)C,mol_58edf3e3e0a48fcf,0.0609,0.3943,0.2881166636943817,0.9348512887954712,512.7982788085938,,,,,,,
state_e3319f7bd38a5082e8b34ca5,2c_74a658fab9cc22057bbd,2,binary_vle_english.xlsx,10.1016/j.jct.2019.03.036,unverified,0.5,isobaric,0.9473684210526315,isobaric,454.7200000000001,445.97808837890625,,,-6.103515625e-05,True,False,48,CCCOC(C)=O,mol_67043ae833ecd0c7,0.018,0.2209,0.39479488134384155,3.699608564376831,600.5545043945312,CS(C)=O,mol_7d3e12eaed0f467c,0.982,0.7791,0.6052051782608032,1.0004910230636597,62.40036392211914,,,,,,,
state_e41eb667046e98f29597c583,2c_46777e532a11b24ee585,2,binary_vle_english.xlsx,10.1016/j.fluid.2012.12.020,unverified,0.5,isobaric,0.9629629629629629,isobaric,406.51,407.29241943359375,,,-0.000457763671875,True,False,48,CC(C)O,mol_db030b5de88f8eaf,0.0315,0.1499,0.1407891809940338,0.7825613617897034,576.8457641601562,CCCCCO,mol_243de2450bee5519,0.9685,0.8501,0.8592108488082886,0.9997721910476685,89.62279510498047,,,,,,,
state_e42c244f65a7d123488bfe36,2c_6f361cb0ec8be0b0e6dd,2,binary_vle_english.xlsx,10.1016/j.fluid.2006.08.004,unverified,0.5,isobaric,0.95,isobaric,341.0,337.0362548828125,,,0.0003662109375,True,False,48,CC(C)OC(C)C,mol_1a0ca8e5eeb68da8,0.24,0.452,0.5355660319328308,2.591679811477661,87.22309112548828,CCO,mol_f29e20f49d416e54,0.76,0.548,0.4644339680671692,1.109454870223999,55.797122955322266,,,,,,,
state_e49e955c4ceb53230d45f9fc,2c_8227101c64130ee5e04f,2,binary_vle_english.xlsx,10.1016/j.jct.2017.07.019,unverified,0.5,isobaric,0.9411764705882353,isobaric,377.07,372.71856689453125,,,0.0,True,False,48,O,mol_e81dc06beaa39499,0.15490000000000004,0.30569999999999997,0.2959563732147217,1.9410444498062134,99.71265411376953,OCC(F)(F)C(F)F,mol_48469952cf716332,0.8451,0.6943,0.7040435671806335,1.009985089302063,83.5575942993164,,,,,,,
state_e5f6804af3b3b18b682c79ae,2c_0b5e8c9a900cd58157d8,2,binary_vle_english.xlsx,10.1016/j.fluid.2012.09.019,passed,1.0,isobaric,0.9333333333333333,isobaric,391.28999999999996,391.3049011230469,,,0.0007572174072265625,True,False,48,CCCCCCCCCC,mol_91b5da48af8329ea,0.973,0.912,0.9129419922828674,1.0000567436218262,18.765153884887695,Cc1cccc(C)c1,mol_bb820de7912e8a38,0.027000000000000024,0.08799999999999997,0.08705798536539078,1.1563934087753296,55.76807403564453,,,,,,,
state_e783f0cb87ddc126e3460a67,2c_079ccab2da1cc47051a9,2,binary_vle_english.xlsx,10.1016/j.fluid.2006.02.009,unverified,0.5,isobaric,0.9545454545454546,isobaric,377.39,379.4735107421875,,,-0.00020599365234375,True,False,48,CCCCCl,mol_f7989a5c13417f20,0.148,0.3079,0.24953590333461761,0.9012756943702698,189.5056915283203,Cc1ccccc1,mol_1c09299644053521,0.852,0.6920999999999999,0.7504640817642212,0.9983935952186584,89.37109375,,,,,,,
state_e7ed0abdf55787f0138a3dcd,2c_ba6de3f53ea6de13738b,2,binary_vle_english.xlsx,10.1016/j.fluid.2006.02.009,unverified,0.5,isobaric,0.9545454545454546,isobaric,372.75,375.8775634765625,,,-4.57763671875e-05,True,False,48,CCC(C)Cl,mol_9f4835d3aad75f1c,0.1661,0.4179,0.3416961431503296,0.8724803924560547,238.84933471679688,Cc1ccccc1,mol_1c09299644053521,0.8339,0.5821000000000001,0.6583039164543152,0.9950429201126099,80.36740112304688,,,,,,,
state_e822f69830a0c4900901e423,2c_7b12ee2d0e35e39326bc,2,binary_vle_english.xlsx,10.1016/j.fluid.2011.08.007,unverified,0.5,isobaric,0.9666666666666667,isobaric,395.42999999999995,395.84130859375,,,0.0006561279296875,True,False,48,CCOCCO,mol_ab8630148ae67e51,0.955,0.6910000000000001,0.7019829154014587,0.9991669058799744,68.65353393554688,CO,mol_a85d32e4db2ff39c,0.045,0.309,0.29801705479621887,0.8993374705314636,687.2008666992188,,,,,,,
state_e8513b8b2aecb376bc27d20c,2c_f4a55bc5fa0e7d69faf8,2,binary_vle_english.xlsx,10.1016/j.fluid.2012.12.021,unverified,0.5,isobaric,0.9523809523809523,isobaric,367.1,369.0103759765625,,,-3.0517578125e-05,True,False,48,C1CCOCC1,mol_626f3d1f5bbb6f55,0.17800000000000005,0.258,0.3004528284072876,1.2777900695800781,124.17223358154297,CCC(C)O,mol_06affb0d2c6c8ff2,0.822,0.742,0.6995472311973572,1.005745768547058,79.53983306884766,,,,,,,
state_e896c742128810caf9973ed9,2c_106af91fffdb87d7c4f6,2,binary_vle_english.xlsx,10.1016/j.fluid.2013.05.016,unverified,0.5,isobaric,0.9444444444444444,isobaric,417.5,417.4339294433594,,,0.00018310546875,True,False,48,Cc1ccccc1,mol_1c09299644053521,0.0,0.0,0.0,0.8876762986183167,241.31878662109375,Cc1ccccc1C,mol_61c4de85d258b45d,1.0,1.0,1.0,1.0,101.30018615722656,,,,,,,
state_e99d8624cef5fedf47fc576b,2c_d66c7a74cea5d8732e08,2,binary_vle_english.xlsx,10.1016/j.jct.2016.10.001,unverified,0.5,isobaric,0.9375,isobaric,367.3,366.5975341796875,,,0.000152587890625,True,False,48,CC(C)O,mol_db030b5de88f8eaf,0.009,0.201,0.21910670399665833,15.522361755371094,158.87863159179688,O,mol_e81dc06beaa39499,0.991,0.7989999999999999,0.7808933258056641,1.0005744695663452,79.77719116210938,,,,,,,
state_ea2337b1c90355bbe5f62726,2c_ea9da779580d9b792700,2,binary_vle_english.xlsx,10.1016/j.jct.2012.11.005,unverified,0.5,isothermal,0.9411764705882353,isothermal,,,75.89,75.74917602539062,0.0,True,False,48,CC(C)OC(C)C,mol_1a0ca8e5eeb68da8,0.045,0.229,0.23272205889225006,6.777351379394531,57.80200958251953,CO,mol_a85d32e4db2ff39c,0.955,0.771,0.7672779560089111,1.0052845478057861,60.539424896240234,,,,,,,
state_ea53d8dd22060ae573935d7a,2c_ea9da779580d9b792700,2,binary_vle_english.xlsx,10.1016/j.jct.2012.11.005,unverified,0.5,isothermal,0.9411764705882353,isothermal,,,93.67,93.71147155761719,7.62939453125e-06,True,False,48,CC(C)OC(C)C,mol_1a0ca8e5eeb68da8,0.809,0.56,0.5449453592300415,1.0920796394348145,57.80200958251953,CO,mol_a85d32e4db2ff39c,0.19099999999999995,0.43999999999999995,0.4550546109676361,3.6879467964172363,60.539424896240234,,,,,,,
state_eb4a0a2faeb39c9e4bcd05e0,2c_500953d4ef1e1d57286b,2,binary_vle_english.xlsx,10.1016/j.fluid.2012.10.015,unverified,0.5,isothermal,0.9333333333333333,isothermal,,,7.240000000000001,7.710287094116211,0.0,True,False,48,CCCCCl,mol_f7989a5c13417f20,0.0,0.0,0.0,2.5251972675323486,26.0228271484375,CC[N+](=O)[O-],mol_6fdb0ec09de24512,1.0,1.0,1.0,1.0,7.710287094116211,,,,,,,
state_ec44c521e611c0e983824609,2c_e1c33e24ae7f6ab4d0bf,2,binary_vle_english.xlsx,10.1016/j.fluid.2010.01.024,unverified,0.5,isothermal,0.9333333333333333,isothermal,,,75.87,77.43492126464844,-7.62939453125e-06,True,False,48,CC[N+](=O)[O-],mol_6fdb0ec09de24512,0.29169999999999996,0.13660000000000005,0.14190815389156342,1.13235604763031,33.26784896850586,ClCCCl,mol_e8df6c9e89c6b62a,0.7083,0.8634,0.8580918312072754,1.0390374660491943,90.28636169433594,,,,,,,
state_ec6c6798565062b8a9c8475e,2c_23001626ba9c10a2709a,2,binary_vle_english.xlsx,10.1016/j.fluid.2011.06.001,unverified,0.5,isothermal,0.9166666666666666,isothermal,,,31.78,31.934730529785156,-1.9073486328125e-06,True,False,48,CC(C)(C)Cl,mol_cbd731ac6eef5e90,0.0379,0.0777,0.08970553427934647,1.3379169702529907,56.49552917480469,CC(C)OC(C)C,mol_1a0ca8e5eeb68da8,0.9621,0.9223,0.9102944731712341,1.0009655952453613,30.18601417541504,,,,,,,
state_ecd33822bbfa7c67c0a64573,2c_40e8c463ab1ddecad6ca,2,binary_vle_english.xlsx,10.1016/j.fluid.2014.12.025,unverified,0.5,isothermal,0.8,isothermal,,,73.0,72.75276184082031,-7.62939453125e-06,True,False,48,CCCCCCC,mol_fddb2c852c313396,0.5704,0.6491,0.644646406173706,1.0445992946624756,78.71215057373047,Cc1ccccc1,mol_1c09299644053521,0.4296,0.3509,0.35535359382629395,1.110398530960083,54.19597244262695,,,,,,,
state_ee02af15cfc6c76650cbf0be,2c_35c6612e2ad0f786d394,2,binary_vle_english.xlsx,10.1016/j.fluid.2016.02.018,unverified,0.5,isothermal,0.8,isothermal,,,55.39999999999999,57.628150939941406,0.0,True,False,48,CCCCCCC,mol_fddb2c852c313396,0.5749,0.8395,0.815746009349823,1.0388565063476562,78.71215057373047,Cc1ccc(C)cc1,mol_e7658ba520613aac,0.42510000000000003,0.16049999999999998,0.1842540204524994,1.1019176244735718,22.66790771484375,,,,,,,
state_eeb0bf6c7ca9a86146eee635,2c_ac155ac6c9df3bfcf363,2,binary_vle_english.xlsx,10.1016/j.fluid.2014.03.033,passed,1.0,isothermal,0.8,isothermal,,,7.700000000000001,6.5125274658203125,0.0,True,False,48,CC(=O)CC(C)C,mol_0a895444a9f0f36b,0.10299999999999998,0.506,0.4562481641769409,1.1979329586029053,24.081356048583984,O=Cc1ccco1,mol_cfdccd30b0689448,0.897,0.494,0.5437518358230591,1.0010253190994263,3.9437811374664307,,,,,,,
state_efea4d463ad689bca6d8adb9,2c_ea9da779580d9b792700,2,binary_vle_english.xlsx,10.1016/j.jct.2012.11.005,unverified,0.5,isothermal,0.9411764705882353,isothermal,,,95.75,95.960205078125,-7.62939453125e-06,True,False,48,CC(C)OC(C)C,mol_1a0ca8e5eeb68da8,0.742,0.536,0.5207651853561401,1.1651617288589478,57.80200958251953,CO,mol_a85d32e4db2ff39c,0.258,0.46399999999999997,0.47923481464385986,2.944296360015869,60.539424896240234,,,,,,,
state_f0b9bbd6f6cbdf5bfb4d13b7,2c_500953d4ef1e1d57286b,2,binary_vle_english.xlsx,10.1016/j.fluid.2012.10.015,unverified,0.5,isothermal,0.9333333333333333,isothermal,,,15.099999999999994,13.73556900024414,-9.5367431640625e-07,True,False,48,CCCCCl,mol_f7989a5c13417f20,0.1346,0.5748,0.5069007873535156,1.9877879619598389,26.0228271484375,CC[N+](=O)[O-],mol_6fdb0ec09de24512,0.8654,0.4252,0.4930992126464844,1.0150641202926636,7.710287094116211,,,,,,,
state_f1dd42c6250d4b87663aafc0,2c_500953d4ef1e1d57286b,2,binary_vle_english.xlsx,10.1016/j.fluid.2012.10.015,unverified,0.5,isothermal,0.9333333333333333,isothermal,,,25.250000000000004,21.629608154296875,0.0,True,False,48,CCCCCl,mol_f7989a5c13417f20,0.5181,0.8172,0.7845922708511353,1.25870680809021,26.0228271484375,CC[N+](=O)[O-],mol_6fdb0ec09de24512,0.4819,0.18279999999999996,0.21540775895118713,1.25395667552948,7.710287094116211,,,,,,,
state_f438f7beb3dd795ba8faf5fb,2c_23001626ba9c10a2709a,2,binary_vle_english.xlsx,10.1016/j.fluid.2011.06.001,unverified,0.5,isothermal,0.9166666666666666,isothermal,,,34.475,35.182823181152344,0.0,True,False,48,CC(C)(C)Cl,mol_cbd731ac6eef5e90,0.1224,0.2166,0.2405826449394226,1.2240508794784546,56.49552917480469,CC(C)OC(C)C,mol_1a0ca8e5eeb68da8,0.8776,0.7834,0.7594172954559326,1.0085763931274414,30.18601417541504,,,,,,,
state_f4487ada1fa1183b1bdef10c,2c_500953d4ef1e1d57286b,2,binary_vle_english.xlsx,10.1016/j.fluid.2012.10.015,unverified,0.5,isothermal,0.9333333333333333,isothermal,,,23.409999999999997,20.19247055053711,1.9073486328125e-06,True,False,48,CCCCCl,mol_f7989a5c13417f20,0.4136,0.7803,0.7420685887336731,1.3921900987625122,26.0228271484375,CC[N+](=O)[O-],mol_6fdb0ec09de24512,0.5864,0.2197,0.2579313814640045,1.1519383192062378,7.710287094116211,,,,,,,
state_f66be683ab4f629864ef29d3,2c_98afb8e6c65a310db5e0,2,binary_vle_english.xlsx,10.1016/j.jct.2012.12.026,unverified,0.5,isothermal,0.9166666666666666,isothermal,,,390.99999999999994,317.6036376953125,3.0517578125e-05,True,False,48,F/C=C/C(F)(F)F,mol_0e763ba6787b2749,0.40900000000000003,0.40800000000000003,0.35826724767684937,1.042181372642517,266.9476013183594,FC(F)C(F)F,mol_fccff6221e62b4bc,0.591,0.592,0.6417327523231506,0.9927664399147034,347.3802490234375,,,,,,,
state_f8d9c421403815106b920503,2c_94ed5d0a73a3c26e5ef5,2,binary_vle_english.xlsx,10.1016/j.fluid.2019.03.019,unverified,0.5,isothermal,0.9411764705882353,isothermal,,,430.0,428.5487060546875,3.0517578125e-05,True,False,48,CCO,mol_f29e20f49d416e54,0.768,0.782,0.7934650778770447,1.037543773651123,426.737060546875,O,mol_e81dc06beaa39499,0.23199999999999998,0.21799999999999997,0.2065349519252777,1.924041986465454,198.28564453125,,,,,,,
state_f8e60ef53bb886a51a1529cf,2c_40e8c463ab1ddecad6ca,2,binary_vle_english.xlsx,10.1016/j.fluid.2014.12.025,unverified,0.5,isothermal,0.8,isothermal,,,75.0,76.26228332519531,0.0,True,False,48,CCCCCCC,mol_fddb2c852c313396,0.7874,0.8142,0.8199799060821533,1.0089643001556396,78.71215057373047,Cc1ccccc1,mol_1c09299644053521,0.2126,0.18579999999999997,0.18002010881900787,1.191517949104309,54.19597244262695,,,,,,,
state_f9ec88bc2c227892c8311321,2c_3dbba2317f4e40b6415a,2,binary_vle_english.xlsx,10.1016/j.fluid.2014.07.025,unverified,0.5,isothermal,0.9444444444444444,isothermal,,,15.470000000000004,13.306575775146484,0.0,True,False,48,CC(C)CO,mol_015d21fca05fcd26,0.0948,0.3631,0.36131078004837036,0.7089484930038452,71.53592681884766,CCCC(=O)O,mol_1ce6f73d446ad30c,0.9052,0.6369,0.6386892795562744,0.9977755546569824,9.409759521484375,,,,,,,
state_fa360eab491fe70e8fe23949,2c_94ed5d0a73a3c26e5ef5,2,binary_vle_english.xlsx,10.1016/j.fluid.2019.03.019,unverified,0.5,isothermal,0.9411764705882353,isothermal,,,227.00000000000006,224.43087768554688,0.0,True,False,48,CCO,mol_f29e20f49d416e54,0.012,0.119,0.12658675014972687,5.547907829284668,426.737060546875,O,mol_e81dc06beaa39499,0.988,0.881,0.8734132647514343,1.0005854368209839,198.28564453125,,,,,,,
state_fbcf25d2c27c17e8e915c141,2c_23001626ba9c10a2709a,2,binary_vle_english.xlsx,10.1016/j.fluid.2011.06.001,unverified,0.5,isothermal,0.9166666666666666,isothermal,,,56.72500000000001,54.22283935546875,-3.814697265625e-06,True,False,48,CC(C)(C)Cl,mol_cbd731ac6eef5e90,0.897,0.9352,0.9342926144599915,0.9996745586395264,56.49552917480469,CC(C)OC(C)C,mol_1a0ca8e5eeb68da8,0.10299999999999998,0.06479999999999997,0.06570738554000854,1.1459177732467651,30.18601417541504,,,,,,,
state_ea37ce46266a3aedf46f5621,2c_5904aa1d0c1e598f9ed3,2,binary_vle_english.xlsx,10.1016/j.fluid.2010.08.010,unverified,0.5,isobaric,0.9375,isobaric,376.34999999999997,396.7966003417969,,,0.00095367431640625,True,False,48,CC#N,mol_7028b7cbd3d829b4,0.0846,0.8718,0.6922250986099243,2.404796838760376,325.28253173828125,CCCCCCO,mol_eb71ecc709e3f0dc,0.9154,0.12819999999999998,0.30777496099472046,1.0066250562667847,31.931318283081055,,,,,,,
state_ea3b4544dcd0b58a831021f4,2c_6f361cb0ec8be0b0e6dd,2,binary_vle_english.xlsx,10.1016/j.fluid.2006.08.004,unverified,0.5,isobaric,0.95,isobaric,339.92,338.23388671875,,,-9.918212890625e-05,True,False,48,CC(C)OC(C)C,mol_1a0ca8e5eeb68da8,0.954,0.915,0.8595485091209412,1.0056936740875244,90.75390625,CCO,mol_f29e20f49d416e54,0.04600000000000004,0.08499999999999996,0.14045146107673645,5.263299942016602,58.765079498291016,,,,,,,
state_ea56c958fac318d753274b0d,2c_7b12ee2d0e35e39326bc,2,binary_vle_english.xlsx,10.1016/j.fluid.2011.08.007,unverified,0.5,isobaric,0.9666666666666667,isobaric,386.53,386.38214111328125,,,2.288818359375e-05,True,False,48,CCOCCO,mol_ab8630148ae67e51,0.903,0.48,0.49351030588150024,0.9968128800392151,51.16461181640625,CO,mol_a85d32e4db2ff39c,0.097,0.52,0.5064897537231445,0.9269236326217651,525.6900634765625,,,,,,,
state_eaa6480be7c2315ada98f8fa,2c_6f361cb0ec8be0b0e6dd,2,binary_vle_english.xlsx,10.1016/j.fluid.2006.08.004,unverified,0.5,isobaric,0.95,isobaric,343.73,339.476806640625,,,0.00016021728515625,True,False,48,CC(C)OC(C)C,mol_1a0ca8e5eeb68da8,0.143,0.339,0.45463821291923523,3.4066741466522217,94.53865814208984,CCO,mol_f29e20f49d416e54,0.857,0.661,0.5453618168830872,1.040001630783081,61.98406219482422,,,,,,,
state_eb0833cb5d7cedc904d9bf73,2c_7089ceccf9a6ce828d93,2,binary_vle_english.xlsx,10.1016/j.fluid.2018.07.013,unverified,0.5,isobaric,0.9545454545454546,isobaric,385.54999999999995,381.1105041503906,,,0.0005340576171875,True,False,48,CCCCCCCC,mol_8151bb583f7f3ebd,0.9762,0.42210000000000003,0.5811737179756165,1.0015801191329956,60.21341323852539,CCO,mol_f29e20f49d416e54,0.0238,0.5779,0.41882631182670593,6.090565204620361,292.69219970703125,,,,,,,
state_ec67bc6b3df144ae8a25eda4,2c_7e396008deb1d14f8e15,2,binary_vle_english.xlsx,10.1016/j.fluid.2015.11.007,passed,1.0,isobaric,0.9090909090909091,isobaric,382.28,379.7651062011719,,,0.0003948211669921875,True,False,48,CC(=O)N(C)C,mol_b8ccf255e2b62919,0.642,0.604,0.6729715466499329,0.5858750939369202,21.470993041992188,CC(=O)O,mol_9ac385b135af0125,0.358,0.396,0.3270284831523895,0.15532585978507996,70.57555389404297,,,,,,,
state_ec7452851292523c463f8a4e,2c_e8b98868a6b90d408930,2,binary_vle_english.xlsx,10.1016/j.fluid.2015.09.039,unverified,0.5,isobaric,0.96875,isobaric,461.24,460.8879089355469,,,-9.918212890625e-05,True,False,48,CN(C)C=O,mol_ca12d6d2f2ffb170,0.042,0.096,0.11321014165878296,1.1167463064193726,244.506591796875,CS(C)=O,mol_7d3e12eaed0f467c,0.958,0.904,0.886789858341217,1.0007588863372803,93.69896697998047,,,,,,,
state_ed519e797a4f3e7f300b43b2,2c_7c57a80413db66443080,2,binary_vle_english.xlsx,10.1016/j.jct.2010.05.014,unverified,0.5,isobaric,0.8928571428571429,isobaric,413.25,414.01885986328125,,,0.0017852783203125,True,False,48,CCC(=O)O,mol_86c4db256d6270c6,0.5509999999999999,0.5498000000000001,0.550736665725708,0.9084633588790894,100.45330810546875,CCCCCO,mol_243de2450bee5519,0.449,0.4502,0.4492633044719696,0.8181759119033813,111.6573257446289,,,,,,,
state_eec726d787d600ba76c98f4e,2c_bcadcb4c5d803465b404,2,binary_vle_english.xlsx,10.1016/j.fluid.2007.09.014,unverified,0.5,isobaric,0.9523809523809523,isobaric,392.64,393.9713134765625,,,0.0001678466796875,True,False,48,CC(C)O,mol_db030b5de88f8eaf,0.05,0.186,0.187866672873497,0.9681715369224548,393.1312561035156,COCCO,mol_d291b272a64498d9,0.95,0.8140000000000001,0.8121333718299866,1.0000032186508179,86.59893035888672,,,,,,,
state_ef376db7f503db3314f5cbb9,2c_3cfe39df0799bd753b3a,2,binary_vle_english.xlsx,10.1016/j.jct.2017.11.009,passed,1.0,isobaric,0.9444444444444444,isobaric,470.90999999999997,469.7156066894531,,,7.62939453125e-05,True,False,48,C=CCO,mol_04e1450f7a0596df,0.0066,0.1475,0.07644350826740265,1.2193173170089722,962.2540283203125,CN1CCCC1=O,mol_f50e4145cb9a22d5,0.9934,0.8525,0.9235564470291138,1.0000063180923462,94.17732238769531,,,,,,,
state_ef59f8a4fc8c54d2cedfb51a,2c_6ce3ca627d5d8bfa6a1b,2,binary_vle_english.xlsx,10.1016/j.fluid.2018.07.013,unverified,0.5,isobaric,0.95,isobaric,350.75,351.11199951171875,,,-0.00028228759765625,True,False,48,CCCCCC,mol_c55e04e90e298cf6,0.0012999999999999678,0.05559999999999998,0.014665275812149048,8.535512924194336,133.88302612304688,CCO,mol_f29e20f49d416e54,0.9987,0.9444,0.9853347539901733,1.0000054836273193,99.94351196289062,,,,,,,
state_f0b8ccd0566b663520c25b71,2c_bcadcb4c5d803465b404,2,binary_vle_english.xlsx,10.1016/j.fluid.2007.09.014,unverified,0.5,isobaric,0.9523809523809523,isobaric,397.44,399.3065185546875,,,3.814697265625e-05,True,False,48,CC(C)O,mol_db030b5de88f8eaf,0.0,0.0,0.0,0.9683688879013062,460.25213623046875,COCCO,mol_d291b272a64498d9,1.0,1.0,1.0,1.0,101.30004119873047,,,,,,,
state_f12048763b197621c00f48ed,2c_0cbe98474ca1c811520c,2,binary_vle_english.xlsx,10.1016/j.fluid.2006.08.004,unverified,0.5,isobaric,0.9473684210526315,isobaric,368.15,367.30316162109375,,,0.00067901611328125,True,False,48,CC(C)CC(C)(C)C,mol_57615b5c3546c298,0.916,0.821,0.79570472240448,1.0014210939407349,87.87232208251953,CC(C)OC(C)C,mol_1a0ca8e5eeb68da8,0.084,0.179,0.20429526269435883,1.1310652494430542,217.82298278808594,,,,,,,
state_f14331147fcdd23927f3814a,2c_4cf4774918df9099eea7,2,binary_vle_english.xlsx,10.1016/j.jct.2019.02.006,unverified,0.5,isobaric,0.9333333333333333,isobaric,426.12,437.1900939941406,,,0.0,True,False,48,COC(=O)CCCC(=O)OC,mol_7d99b26f6710b2c1,0.0444,0.0889,0.1265501081943512,1.631758213043213,17.46721839904785,COC(=O)CCCCC(=O)OC,mol_54b4f1c698cac66b,0.9556,0.9111,0.8734499216079712,1.0011425018310547,9.129898071289062,,,,,,,
state_f220fd7abdfea6162902abf7,2c_4cf4774918df9099eea7,2,binary_vle_english.xlsx,10.1016/j.jct.2019.02.006,unverified,0.5,isobaric,0.9333333333333333,isobaric,424.90999999999997,434.1243896484375,,,0.0010747909545898438,True,False,48,COC(=O)CCCC(=O)OC,mol_7d99b26f6710b2c1,0.1041,0.186,0.25311508774757385,1.5299859046936035,15.893756866455078,COC(=O)CCCCC(=O)OC,mol_54b4f1c698cac66b,0.8959,0.8140000000000001,0.7468849420547485,1.0061688423156738,8.286478042602539,,,,,,,
state_f2e601bff602226abac2db18,2c_ba6de3f53ea6de13738b,2,binary_vle_english.xlsx,10.1016/j.fluid.2006.02.009,unverified,0.5,isobaric,0.9545454545454546,isobaric,383.76,383.8208312988281,,,0.0008544921875,True,False,48,CCC(C)Cl,mol_9f4835d3aad75f1c,0.0,0.0,0.0,0.8262401819229126,290.089599609375,Cc1ccccc1,mol_1c09299644053521,1.0,1.0,1.0,1.0,101.30085754394531,,,,,,,
state_f348360c4763cc4b3de9206e,2c_46777e532a11b24ee585,2,binary_vle_english.xlsx,10.1016/j.fluid.2012.12.020,unverified,0.5,isobaric,0.9629629629629629,isobaric,411.09999999999997,410.9116516113281,,,-0.0001068115234375,True,False,48,CC(C)O,mol_db030b5de88f8eaf,0.0,0.0,0.0,0.7713732719421387,636.5814208984375,CCCCCO,mol_243de2450bee5519,1.0,1.0,1.0,1.0,100.99989318847656,,,,,,,
state_f37a132c12d4241996c56a05,2c_7c6b847ee4cb190db3ef,2,binary_vle_english.xlsx,10.1016/j.fluid.2005.06.024,unverified,0.5,isobaric,0.9666666666666667,isobaric,394.57,403.7054748535156,,,0.0,True,False,48,CCC(C)=O,mol_4cfc5db0ca2ab00b,0.0489,0.1659,0.17600269615650177,0.8860321044921875,411.6021423339844,CCOC(=O)OCC,mol_4df2781fcf4d4a77,0.9511000000000001,0.8341000000000001,0.8239973187446594,0.9994890689849854,87.82904815673828,,,,,,,
state_f3bd06ced5ed62ed08959e92,2c_1490252da7453cbbebe4,2,binary_vle_english.xlsx,10.1016/j.jct.2011.10.025,unverified,0.5,isobaric,0.9545454545454546,isobaric,355.39,354.75732421875,,,-0.00040435791015625,True,False,48,CC(C)CC(C)(C)C,mol_57615b5c3546c298,0.0,0.0,0.0,6.517338752746582,59.974544525146484,CC(C)O,mol_db030b5de88f8eaf,1.0,1.0,1.0,1.0,101.29959869384766,,,,,,,
state_f51299109fe357a8f62054ac,2c_f84a6616de8e67ab84b6,2,binary_vle_english.xlsx,10.1016/j.fluid.2005.06.019,unverified,0.5,isobaric,0.96,isobaric,424.7,427.3139953613281,,,0.0001373291015625,True,False,48,CC(C)CO,mol_015d21fca05fcd26,0.05,0.207,0.12423329800367355,0.7800637483596802,322.6620788574219,CCCCCCO,mol_eb71ecc709e3f0dc,0.95,0.793,0.8757667541503906,0.9994118213653564,93.43948364257812,,,,,,,
state_f7c6a5d75a9c39be28903463,2c_a4ea92aaad2e5eb91802,2,binary_vle_english.xlsx,10.1016/j.fluid.2015.08.014,unverified,0.5,isobaric,0.9444444444444444,isobaric,441.58,436.5924987792969,,,0.00057220458984375,True,False,48,COC(C)=O,mol_b9c4464ceb7b1e3f,0.017,0.46,0.5388361811637878,2.1558852195739746,1489.3408203125,CS(C)=O,mol_7d3e12eaed0f467c,0.983,0.54,0.46116381883621216,1.0001986026763916,47.51463317871094,,,,,,,
state_f9004e6b2e3c9b1cd99edac7,2c_b11dff0fda4f01349610,2,binary_vle_english.xlsx,10.1016/j.jct.2015.03.013,unverified,0.5,isobaric,0.8888888888888888,isobaric,388.0,386.1476745605469,,,0.0001068115234375,True,False,48,COCCO,mol_d291b272a64498d9,0.8152,0.5689,0.5483913421630859,0.9981264472007751,68.27327728271484,O,mol_e81dc06beaa39499,0.1848,0.4311,0.4516086280345917,1.5654484033584595,158.13624572753906,,,,,,,
state_f9164f010fbbd81305d52e82,2c_972bb6b6305c64cb2237,2,binary_vle_english.xlsx,10.1016/j.jct.2017.07.019,unverified,0.5,isobaric,0.95,isobaric,377.03,374.85748291015625,,,6.866455078125e-05,True,False,48,ClC(Cl)Cl,mol_d9e0a2387a6283f9,0.00880000000000003,0.17179999999999995,0.13760676980018616,4.901005744934082,323.2076721191406,OCC(F)(F)C(F)F,mol_48469952cf716332,0.9912,0.8282,0.8623932600021362,1.0001415014266968,88.12362670898438,,,,,,,
state_f977abbefcf04172ea32a667,2c_35cc53cd52979773cfcb,2,binary_vle_english.xlsx,10.1016/j.fluid.2015.08.014,unverified,0.5,isobaric,0.9473684210526315,isobaric,454.75,456.2257385253906,,,0.0011444091796875,True,False,48,CO,mol_a85d32e4db2ff39c,0.014,0.206,0.19421371817588806,0.48713192343711853,2884.825927734375,CS(C)=O,mol_7d3e12eaed0f467c,0.986,0.794,0.8057863116264343,0.9999585747718811,82.78950500488281,,,,,,,
state_f97eb73f42fe0e3f928996e6,2c_3c1769052d07951ac3d7,2,binary_vle_english.xlsx,10.1016/j.fluid.2016.08.011,passed,1.0,isobaric,0.9375,isobaric,353.04,352.54608154296875,,,0.000885009765625,True,False,48,CC(C)O,mol_db030b5de88f8eaf,0.906,0.845,0.8342858552932739,1.0060476064682007,92.7217025756836,CCOC(C)=O,mol_18876b584acc43d4,0.094,0.155,0.16571415960788727,1.6403088569641113,108.87281036376953,,,,,,,
state_fb9edec3e030aa9d67e71f0c,2c_94ed5d0a73a3c26e5ef5,2,binary_vle_english.xlsx,10.1016/j.fluid.2017.03.010,unverified,0.5,isobaric,0.9444444444444444,isobaric,373.15,373.1663818359375,,,-0.0001068115234375,True,False,48,CCO,mol_f29e20f49d416e54,0.0,0.0,0.0,5.829232215881348,224.6270751953125,O,mol_e81dc06beaa39499,1.0,1.0,1.0,1.0,101.31989288330078,,,,,,,
state_fbd7a9f0edbb75f0917ef7e6,2c_079ccab2da1cc47051a9,2,binary_vle_english.xlsx,10.1016/j.fluid.2006.02.009,unverified,0.5,isobaric,0.9545454545454546,isobaric,373.13,376.4755859375,,,-3.0517578125e-05,True,False,48,CCCCCl,mol_f7989a5c13417f20,0.2528,0.4668,0.40030449628829956,0.9188058376312256,174.58181762695312,Cc1ccccc1,mol_1c09299644053521,0.7472,0.5332,0.5996954441070557,0.9937629103660583,81.8126449584961,,,,,,,
state_fc563f6aea08ba58c921d535,2c_94ed5d0a73a3c26e5ef5,2,binary_vle_english.xlsx,10.1016/j.jct.2013.08.020,unverified,0.5,isobaric,0.9411764705882353,isobaric,373.15,373.160888671875,,,0.0003814697265625,True,False,48,CCO,mol_f29e20f49d416e54,0.0,0.0,0.0,5.82916259765625,224.58595275878906,O,mol_e81dc06beaa39499,1.0,1.0,1.0,1.0,101.30038452148438,,,,,,,
state_fc632039eafad2d4b6c476c3,2c_112489fd04ba2d890a8f,2,binary_vle_english.xlsx,10.1016/j.fluid.2014.03.027,unverified,0.5,isobaric,0.9090909090909091,isobaric,346.3,344.9781799316406,,,0.00030517578125,True,False,48,C1CCOC1,mol_c59bfa659357f795,0.189,0.34,0.3596799969673157,1.579197645187378,122.07557678222656,CCO,mol_f29e20f49d416e54,0.8109999999999999,0.6599999999999999,0.6403200030326843,1.0245921611785889,78.06133270263672,,,,,,,
state_fc6970b7a6f237a600e5172e,2c_4edb251d66039b2a207c,2,binary_vle_english.xlsx,10.1016/j.jct.2006.12.003,unverified,0.5,isobaric,0.9444444444444444,isobaric,371.55,373.5636291503906,,,0.0,True,False,48,CC(=O)O,mol_9ac385b135af0125,0.813,0.499,0.4753079116344452,1.0324794054031372,57.360450744628906,ClCCCl,mol_e8df6c9e89c6b62a,0.187,0.501,0.5246920585632324,1.7140655517578125,165.82305908203125,,,,,,,
state_fc6bb934822ca4da9b265582,2c_74caf60139062b8ca437,2,binary_vle_english.xlsx,10.1016/j.fluid.2010.08.010,unverified,0.5,isobaric,0.9411764705882353,isobaric,427.45,426.76361083984375,,,0.0010986328125,True,False,48,CCCCCCO,mol_eb71ecc709e3f0dc,0.9375,0.9052,0.9010999202728271,1.0006725788116455,91.82745361328125,Cc1ccccc1C,mol_61c4de85d258b45d,0.0625,0.0948,0.09890004992485046,1.1739988327026367,128.85809326171875,,,,,,,
state_fcf9e22a4b2b1e785b595f8c,2c_b11dff0fda4f01349610,2,binary_vle_english.xlsx,10.1016/j.jct.2015.03.013,unverified,0.5,isobaric,0.8888888888888888,isobaric,395.59999999999997,394.8908386230469,,,0.001007080078125,True,False,48,COCCO,mol_d291b272a64498d9,0.8121,0.5439,0.5388509631156921,0.9990493655204773,88.99800872802734,O,mol_e81dc06beaa39499,0.1879,0.4561,0.46114906668663025,1.5700719356536865,209.4609375,,,,,,,
