sample_id,system_id,component_count,source,doi,quality_status,quality_weight,experiment_mode,experiment_mode_confidence,direction,target_temperature_k,predicted_temperature_k,target_pressure_kpa,predicted_pressure_kpa,pressure_residual_kpa,converged,nonphysical,iterations,component_smiles_1,component_id_1,x_1,y_true_1,y_pred_1,gamma_pred_1,psat_pred_kpa_1,component_smiles_2,component_id_2,x_2,y_true_2,y_pred_2,gamma_pred_2,psat_pred_kpa_2,component_smiles_3,component_id_3,x_3,y_true_3,y_pred_3,gamma_pred_3,psat_pred_kpa_3
state_008d96afe42359e12c9c82c3,3c_93c3339e467773a7c208,3,ternary_vle_english.xlsx,10.1016/j.fluid.2005.05.024,unverified,0.5,isothermal,0.9782608695652174,isothermal,,,32.34,31.230751037597656,0.0,True,False,48,CC(=O)CC(C)C,mol_0a895444a9f0f36b,0.6461,0.2728999999999999,0.2732740640640259,1.044131875038147,12.651026725769043,CC(C)O,mol_db030b5de88f8eaf,0.2441,0.3825,0.4137035608291626,1.5396088361740112,34.37902069091797,CC(C)OC(C)C,mol_1a0ca8e5eeb68da8,0.1098,0.3446,0.3130224347114563,1.2971251010894775,68.6394271850586
state_018d8bf133eae03e75816692,3c_28e3b8df482e382b0f63,3,ternary_vle_english.xlsx,10.1016/j.fluid.2012.11.026,unverified,0.5,isothermal,0.9411764705882353,isothermal,,,143.65300000000005,105.44126892089844,0.0,True,False,48,CCO,mol_f29e20f49d416e54,0.25229999999999997,0.374,0.5324099063873291,1.410413384437561,157.7586212158203,CCOC(=O)OCC,mol_4df2781fcf4d4a77,0.5006,0.206,0.1849142163991928,1.140076756477356,34.16299819946289,O,mol_e81dc06beaa39499,0.2471,0.42,0.2826758623123169,1.7209163904190063,70.09174346923828
state_02cd86891c7936e29c6cc5e0,3c_485aadc678c8a7fb274c,3,ternary_vle_english.xlsx,10.1016/j.fluid.2011.05.011,unverified,0.5,isothermal,0.9655172413793104,isothermal,,,28.359999999999996,29.051422119140625,0.0,True,False,48,CC(=O)CC(C)C,mol_0a895444a9f0f36b,0.8579,0.8012,0.7833104729652405,1.0076797008514404,26.323410034179688,CC(C)CC(C)(C)C,mol_57615b5c3546c298,0.0068,0.0267,0.02066314034163952,1.8236621618270874,48.40725326538086,CC(C)CO,mol_015d21fca05fcd26,0.1353,0.1721,0.19602639973163605,1.5137250423431396,27.8059139251709
state_02fe65dd5d5075dd0c407ed2,3c_93c3339e467773a7c208,3,ternary_vle_english.xlsx,10.1016/j.fluid.2005.05.024,unverified,0.5,isothermal,0.9782608695652174,isothermal,,,99.57,96.35061645507812,-7.62939453125e-06,True,False,48,CC(=O)CC(C)C,mol_0a895444a9f0f36b,0.05940000000000001,0.016900000000000026,0.014039426110684872,1.1875579357147217,19.17620086669922,CC(C)O,mol_db030b5de88f8eaf,0.1471,0.1691,0.17483334243297577,2.1001222133636475,54.528236389160156,CC(C)OC(C)C,mol_1a0ca8e5eeb68da8,0.7935,0.814,0.811127245426178,1.0241436958312988,96.16911315917969
state_03fe42c7507bb66a2868bb76,3c_485aadc678c8a7fb274c,3,ternary_vle_english.xlsx,10.1016/j.fluid.2011.05.011,unverified,0.5,isothermal,0.967741935483871,isothermal,,,89.39,83.25188446044922,0.0,True,False,48,CC(=O)CC(C)C,mol_0a895444a9f0f36b,0.18680000000000008,0.13980000000000004,0.14033345878124237,1.343444585800171,46.554176330566406,CC(C)CC(C)(C)C,mol_57615b5c3546c298,0.7263,0.7162,0.7470327615737915,1.0695327520370483,80.06147766113281,CC(C)CO,mol_015d21fca05fcd26,0.0869,0.144,0.11263374984264374,2.0078320503234863,53.7421989440918
state_04dccdba9d2add4f7eaa27be,3c_485aadc678c8a7fb274c,3,ternary_vle_english.xlsx,10.1016/j.fluid.2011.05.011,unverified,0.5,isothermal,0.9655172413793104,isothermal,,,41.69,39.25562286376953,-3.814697265625e-06,True,False,48,CC(=O)CC(C)C,mol_0a895444a9f0f36b,0.6381,0.4196,0.44204652309417725,1.0330917835235596,26.323410034179688,CC(C)CC(C)(C)C,mol_57615b5c3546c298,0.2279,0.4486,0.41419562697410583,1.4738476276397705,48.40725326538086,CC(C)CO,mol_015d21fca05fcd26,0.134,0.1318,0.14375782012939453,1.5145769119262695,27.8059139251709
state_06f2268f09de54710bda0002,3c_93c3339e467773a7c208,3,ternary_vle_english.xlsx,10.1016/j.fluid.2005.05.024,unverified,0.5,isothermal,0.9782608695652174,isothermal,,,23.180000000000007,21.890655517578125,0.0,True,False,48,CC(=O)CC(C)C,mol_0a895444a9f0f36b,0.865,0.4897,0.5018789172172546,1.0039587020874023,12.651026725769043,CC(C)O,mol_db030b5de88f8eaf,0.0301,0.0843,0.09202691167593002,1.946765661239624,34.37902069091797,CC(C)OC(C)C,mol_1a0ca8e5eeb68da8,0.1049,0.426,0.40609413385391235,1.2346285581588745,68.6394271850586
state_079952a4cf08c95b9c0e52b9,3c_485aadc678c8a7fb274c,3,ternary_vle_english.xlsx,10.1016/j.fluid.2011.05.011,unverified,0.5,isothermal,0.9655172413793104,isothermal,,,55.97999999999999,51.369964599609375,-3.814697265625e-06,True,False,48,CC(=O)CC(C)C,mol_0a895444a9f0f36b,0.037899999999999934,0.03049999999999997,0.03049299120903015,1.5701020956039429,26.323410034179688,CC(C)CC(C)(C)C,mol_57615b5c3546c298,0.8666,0.7864,0.8420006632804871,1.0310803651809692,48.40725326538086,CC(C)CO,mol_015d21fca05fcd26,0.0955,0.1831,0.12750637531280518,2.4666106700897217,27.8059139251709
state_08b1de9c6165adface14ac6b,3c_485aadc678c8a7fb274c,3,ternary_vle_english.xlsx,10.1016/j.fluid.2011.05.011,unverified,0.5,isothermal,0.9655172413793104,isothermal,,,54.59,50.483131408691406,-3.814697265625e-06,True,False,48,CC(=O)CC(C)C,mol_0a895444a9f0f36b,0.11309999999999998,0.08539999999999992,0.0853099673986435,1.4465761184692383,26.323410034179688,CC(C)CC(C)(C)C,mol_57615b5c3546c298,0.7934,0.7568,0.7988540530204773,1.0500526428222656,48.40725326538086,CC(C)CO,mol_015d21fca05fcd26,0.0935,0.1578,0.11583594977855682,2.2492659091949463,27.8059139251709
state_09758ba9376e4673a1b7db9b,3c_485aadc678c8a7fb274c,3,ternary_vle_english.xlsx,10.1016/j.fluid.2011.05.011,unverified,0.5,isothermal,0.967741935483871,isothermal,,,76.83,72.30886840820312,-7.62939453125e-06,True,False,48,CC(=O)CC(C)C,mol_0a895444a9f0f36b,0.5385,0.34919999999999995,0.36678072810173035,1.0579220056533813,46.554176330566406,CC(C)CC(C)(C)C,mol_57615b5c3546c298,0.3084,0.4882000000000001,0.46853166818618774,1.3721212148666382,80.06147766113281,CC(C)CO,mol_015d21fca05fcd26,0.1531,0.1626,0.1646876484155655,1.447311282157898,53.7421989440918
state_0a8584bbf93990372488b902,3c_93c3339e467773a7c208,3,ternary_vle_english.xlsx,10.1016/j.fluid.2005.05.024,unverified,0.5,isothermal,0.9782608695652174,isothermal,,,66.6,64.40412902832031,0.0,True,False,48,CC(=O)CC(C)C,mol_0a895444a9f0f36b,0.11019999999999996,0.027899999999999925,0.025056971237063408,1.1575369834899902,12.651026725769043,CC(C)O,mol_db030b5de88f8eaf,0.2285,0.2073,0.2153589427471161,1.7656188011169434,34.37902069091797,CC(C)OC(C)C,mol_1a0ca8e5eeb68da8,0.6613,0.7648,0.7595840692520142,1.0777482986450195,68.6394271850586
state_0a91aff4528f25e1c9c9c69b,3c_28e3b8df482e382b0f63,3,ternary_vle_english.xlsx,10.1016/j.fluid.2012.11.026,unverified,0.5,isothermal,0.9411764705882353,isothermal,,,134.188,82.01083374023438,-7.62939453125e-06,True,False,48,CCO,mol_f29e20f49d416e54,0.11220000000000008,0.236,0.36158090829849243,1.6752928495407104,157.7586212158203,CCOC(=O)OCC,mol_4df2781fcf4d4a77,0.6756,0.234,0.29730358719825745,1.0563935041427612,34.16299819946289,O,mol_e81dc06beaa39499,0.2122,0.53,0.3411155343055725,1.8808772563934326,70.09174346923828
state_0ad3f1249a07e33cd374438a,3c_93c3339e467773a7c208,3,ternary_vle_english.xlsx,10.1016/j.fluid.2005.05.024,unverified,0.5,isothermal,0.9782608695652174,isothermal,,,47.67000000000001,44.6124267578125,0.0,True,False,48,CC(=O)CC(C)C,mol_0a895444a9f0f36b,0.48660000000000003,0.1441,0.14532381296157837,1.0531610250473022,12.651026725769043,CC(C)O,mol_db030b5de88f8eaf,0.0914,0.1253,0.13407942652702332,1.9036115407943726,34.37902069091797,CC(C)OC(C)C,mol_1a0ca8e5eeb68da8,0.422,0.7306,0.7205967307090759,1.1098442077636719,68.6394271850586
state_0bef5d0fdc2ef6d3de474bb6,3c_93c3339e467773a7c208,3,ternary_vle_english.xlsx,10.1016/j.fluid.2005.05.024,unverified,0.5,isothermal,0.9782608695652174,isothermal,,,53.86999999999999,50.50041198730469,0.0,True,False,48,CC(=O)CC(C)C,mol_0a895444a9f0f36b,0.3777999999999999,0.10319999999999996,0.10222181677818298,1.0800672769546509,12.651026725769043,CC(C)O,mol_db030b5de88f8eaf,0.1073,0.1328,0.14026080071926117,1.9201626777648926,34.37902069091797,CC(C)OC(C)C,mol_1a0ca8e5eeb68da8,0.5149,0.764,0.757517397403717,1.0824079513549805,68.6394271850586
state_0c1d28d508158f373cd0ab75,3c_93c3339e467773a7c208,3,ternary_vle_english.xlsx,10.1016/j.fluid.2005.05.024,unverified,0.5,isothermal,0.9782608695652174,isothermal,,,34.74,33.432044982910156,0.0,True,False,48,CC(=O)CC(C)C,mol_0a895444a9f0f36b,0.8546,0.4879,0.4919876754283905,1.0036717653274536,19.17620086669922,CC(C)O,mol_db030b5de88f8eaf,0.031,0.0857,0.09622495621442795,1.9031260013580322,54.528236389160156,CC(C)OC(C)C,mol_1a0ca8e5eeb68da8,0.1144,0.4264,0.4117873013019562,1.251336932182312,96.16911315917969
state_0cec7df4a24c2a648c0305b9,3c_28e3b8df482e382b0f63,3,ternary_vle_english.xlsx,10.1016/j.fluid.2012.11.026,unverified,0.5,isothermal,0.9411764705882353,isothermal,,,109.49,105.55508422851562,0.0,True,False,48,CCO,mol_f29e20f49d416e54,0.9021,0.8925,0.9306291341781616,1.0059093236923218,108.25357818603516,CCOC(=O)OCC,mol_4df2781fcf4d4a77,0.0491,0.0318,0.02384624071419239,2.2105886936187744,23.190473556518555,O,mol_e81dc06beaa39499,0.0488,0.0757,0.04552466422319412,2.078824281692505,47.36835861206055
state_0d34e69c7091198fbea9f59c,3c_93c3339e467773a7c208,3,ternary_vle_english.xlsx,10.1016/j.fluid.2005.05.024,unverified,0.5,isothermal,0.9782608695652174,isothermal,,,61.99,60.370384216308594,0.0,True,False,48,CC(=O)CC(C)C,mol_0a895444a9f0f36b,0.08889999999999998,0.026100000000000012,0.02309740148484707,1.239822506904602,12.651026725769043,CC(C)O,mol_db030b5de88f8eaf,0.5122,0.3428,0.3650929927825928,1.251682996749878,34.37902069091797,CC(C)OC(C)C,mol_1a0ca8e5eeb68da8,0.3989,0.6311,0.6118096113204956,1.3489707708358765,68.6394271850586
state_0d6a1dbe4e45e96d8574f679,3c_28e3b8df482e382b0f63,3,ternary_vle_english.xlsx,10.1016/j.fluid.2012.11.026,unverified,0.5,isothermal,0.9411764705882353,isothermal,,,147.72499999999994,121.12802124023438,0.0,True,False,48,CCO,mol_f29e20f49d416e54,0.4053,0.523,0.6600526571273804,1.250413179397583,157.7586212158203,CCOC(=O)OCC,mol_4df2781fcf4d4a77,0.3928,0.166,0.136209636926651,1.2294899225234985,34.16299819946289,O,mol_e81dc06beaa39499,0.2019,0.311,0.20373769104480743,1.7438647747039795,70.09174346923828
state_0df4bb1119a12ed2e8268718,3c_93c3339e467773a7c208,3,ternary_vle_english.xlsx,10.1016/j.fluid.2005.05.024,unverified,0.5,isothermal,0.9782608695652174,isothermal,,,58.99,55.878761291503906,0.0,True,False,48,CC(=O)CC(C)C,mol_0a895444a9f0f36b,0.5945,0.20989999999999998,0.21008826792240143,1.0297555923461914,19.17620086669922,CC(C)O,mol_db030b5de88f8eaf,0.0732,0.1217,0.1333339959383011,1.8666164875030518,54.528236389160156,CC(C)OC(C)C,mol_1a0ca8e5eeb68da8,0.3323,0.6684,0.6565777659416199,1.1480662822723389,96.16911315917969
state_0eb4add22fc57af99973cef8,3c_485aadc678c8a7fb274c,3,ternary_vle_english.xlsx,10.1016/j.fluid.2011.05.011,unverified,0.5,isothermal,0.9642857142857143,isothermal,,,14.199999999999996,16.050052642822266,-1.9073486328125e-06,True,False,48,CC(=O)CC(C)C,mol_0a895444a9f0f36b,0.19279999999999997,0.23460000000000003,0.2592889666557312,1.4915889501571655,14.47118854522705,CC(C)CC(C)(C)C,mol_57615b5c3546c298,0.002,0.0119,0.008804626762866974,2.4652414321899414,28.661426544189453,CC(C)CO,mol_015d21fca05fcd26,0.8052,0.7535,0.7319063544273376,1.030738115310669,14.154019355773926
state_0f41660b17900cddbdf90395,3c_28e3b8df482e382b0f63,3,ternary_vle_english.xlsx,10.1016/j.fluid.2012.11.026,unverified,0.5,isothermal,0.9411764705882353,isothermal,,,103.54,82.90303039550781,-7.62939453125e-06,True,False,48,CCO,mol_f29e20f49d416e54,0.3982,0.5168,0.6552783250808716,1.2602382898330688,108.25357818603516,CCOC(=O)OCC,mol_4df2781fcf4d4a77,0.3962,0.1465,0.13842304050922394,1.248977541923523,23.190473556518555,O,mol_e81dc06beaa39499,0.2056,0.3367,0.20629866421222687,1.75612473487854,47.36835861206055
state_10042aa5e7a757b506482904,3c_485aadc678c8a7fb274c,3,ternary_vle_english.xlsx,10.1016/j.fluid.2011.05.011,unverified,0.5,isothermal,0.967741935483871,isothermal,,,70.02,65.23985290527344,-7.62939453125e-06,True,False,48,CC(=O)CC(C)C,mol_0a895444a9f0f36b,0.01319999999999999,0.011700000000000044,0.014223060570657253,1.509987711906433,46.554176330566406,CC(C)CC(C)(C)C,mol_57615b5c3546c298,0.0747,0.2953,0.22575217485427856,2.4626386165618896,80.06147766113281,CC(C)CO,mol_015d21fca05fcd26,0.9121,0.693,0.7600247859954834,1.011539340019226,53.7421989440918
state_10d41068725e662b3d563547,3c_485aadc678c8a7fb274c,3,ternary_vle_english.xlsx,10.1016/j.fluid.2011.05.011,unverified,0.5,isothermal,0.9642857142857143,isothermal,,,18.259999999999994,18.118606567382812,0.0,True,False,48,CC(=O)CC(C)C,mol_0a895444a9f0f36b,0.15969999999999995,0.17710000000000004,0.189371258020401,1.4846692085266113,14.47118854522705,CC(C)CC(C)(C)C,mol_57615b5c3546c298,0.0461,0.2696,0.16921073198318481,2.32035231590271,28.661426544189453,CC(C)CO,mol_015d21fca05fcd26,0.7942,0.5533,0.6414180397987366,1.0338470935821533,14.154019355773926
state_12703c6f7d9c731d05a6424a,3c_485aadc678c8a7fb274c,3,ternary_vle_english.xlsx,10.1016/j.fluid.2011.05.011,unverified,0.5,isothermal,0.967741935483871,isothermal,,,50.68000000000001,51.204200744628906,-3.814697265625e-06,True,False,48,CC(=O)CC(C)C,mol_0a895444a9f0f36b,0.8593999999999999,0.7956,0.785121500492096,1.0048203468322754,46.554176330566406,CC(C)CC(C)(C)C,mol_57615b5c3546c298,0.007400000000000001,0.0253,0.02134445682168007,1.8447407484054565,80.06147766113281,CC(C)CO,mol_015d21fca05fcd26,0.1332,0.1791,0.19353404641151428,1.3843414783477783,53.7421989440918
state_152812a0d7545be2e9f42f36,3c_485aadc678c8a7fb274c,3,ternary_vle_english.xlsx,10.1016/j.fluid.2011.05.011,unverified,0.5,isothermal,0.9655172413793104,isothermal,,,34.410000000000004,33.96919250488281,0.0,True,False,48,CC(=O)CC(C)C,mol_0a895444a9f0f36b,0.5842,0.4716,0.48310965299606323,1.0671542882919312,26.323410034179688,CC(C)CC(C)(C)C,mol_57615b5c3546c298,0.0565,0.1944,0.14756834506988525,1.8328187465667725,48.40725326538086,CC(C)CO,mol_015d21fca05fcd26,0.3593,0.334,0.3693220913410187,1.2557296752929688,27.8059139251709
state_1711d4c948d7eba0a1b10a73,3c_93c3339e467773a7c208,3,ternary_vle_english.xlsx,10.1016/j.fluid.2005.05.024,unverified,0.5,isothermal,0.9782608695652174,isothermal,,,39.97999999999999,40.65895080566406,0.0,True,False,48,CC(=O)CC(C)C,mol_0a895444a9f0f36b,0.7089,0.37039999999999995,0.34623533487319946,1.0355713367462158,19.17620086669922,CC(C)O,mol_db030b5de88f8eaf,0.2454,0.4670000000000001,0.508532702922821,1.545179843902588,54.528236389160156,CC(C)OC(C)C,mol_1a0ca8e5eeb68da8,0.0457,0.1626,0.1452319324016571,1.343589186668396,96.16911315917969
state_171ae0c7681fca9b04162c58,3c_93c3339e467773a7c208,3,ternary_vle_english.xlsx,10.1016/j.fluid.2005.05.024,unverified,0.5,isothermal,0.9782608695652174,isothermal,,,48.2,47.73114013671875,0.0,True,False,48,CC(=O)CC(C)C,mol_0a895444a9f0f36b,0.642,0.27370000000000005,0.2670677602291107,1.0354417562484741,19.17620086669922,CC(C)O,mol_db030b5de88f8eaf,0.2417,0.3909,0.42887741327285767,1.5532339811325073,54.528236389160156,CC(C)OC(C)C,mol_1a0ca8e5eeb68da8,0.1163,0.3354,0.30405476689338684,1.2975925207138062,96.16911315917969
state_175f877f52a2095b8a48c548,3c_28e3b8df482e382b0f63,3,ternary_vle_english.xlsx,10.1016/j.fluid.2012.11.026,unverified,0.5,isothermal,0.9411764705882353,isothermal,,,106.01,89.1922607421875,0.0,True,False,48,CCO,mol_f29e20f49d416e54,0.3698,0.4769,0.5736650824546814,1.2781341075897217,108.25357818603516,CCOC(=O)OCC,mol_4df2781fcf4d4a77,0.125,0.1038,0.058474935591220856,1.7991911172866821,23.190473556518555,O,mol_e81dc06beaa39499,0.5052,0.4193,0.36785995960235596,1.3710649013519287,47.36835861206055
state_18ac24f8609a85caae845a8d,3c_485aadc678c8a7fb274c,3,ternary_vle_english.xlsx,10.1016/j.fluid.2011.05.011,unverified,0.5,isothermal,0.967741935483871,isothermal,,,55.31,56.7921142578125,0.0,True,False,48,CC(=O)CC(C)C,mol_0a895444a9f0f36b,0.20810000000000006,0.18379999999999996,0.21800796687602997,1.2779964208602905,46.554176330566406,CC(C)CC(C)(C)C,mol_57615b5c3546c298,0.0024,0.0089,0.008190031163394451,2.420687437057495,80.06147766113281,CC(C)CO,mol_015d21fca05fcd26,0.7895,0.8073,0.7738019824028015,1.0357389450073242,53.7421989440918
state_18e586dedce0083531ff350b,3c_485aadc678c8a7fb274c,3,ternary_vle_english.xlsx,10.1016/j.fluid.2011.05.011,unverified,0.5,isothermal,0.9642857142857143,isothermal,,,17.040000000000006,17.365638732910156,0.0,True,False,48,CC(=O)CC(C)C,mol_0a895444a9f0f36b,0.6846,0.6052,0.5997766256332397,1.051330327987671,14.47118854522705,CC(C)CC(C)(C)C,mol_57615b5c3546c298,0.0263,0.1152,0.07818238437175751,1.8011343479156494,28.661426544189453,CC(C)CO,mol_015d21fca05fcd26,0.2891,0.2796,0.32204097509384155,1.366702675819397,14.154019355773926
state_192bd29f1d4f8dcced2d4661,3c_28e3b8df482e382b0f63,3,ternary_vle_english.xlsx,10.1016/j.fluid.2012.11.026,unverified,0.5,isothermal,0.9411764705882353,isothermal,,,109.89,95.34381866455078,0.0,True,False,48,CCO,mol_f29e20f49d416e54,0.5033,0.5711999999999999,0.6566153764724731,1.1490380764007568,108.25357818603516,CCOC(=O)OCC,mol_4df2781fcf4d4a77,0.0986,0.0757,0.043686412274837494,1.8215974569320679,23.190473556518555,O,mol_e81dc06beaa39499,0.3981,0.3531,0.29969820380210876,1.515291452407837,47.36835861206055
state_19b803d125920765cd6af81b,3c_485aadc678c8a7fb274c,3,ternary_vle_english.xlsx,10.1016/j.fluid.2011.05.011,unverified,0.5,isothermal,0.9642857142857143,isothermal,,,15.649999999999995,16.83877182006836,-1.9073486328125e-06,True,False,48,CC(=O)CC(C)C,mol_0a895444a9f0f36b,0.5276000000000001,0.5457000000000001,0.5168572664260864,1.1399136781692505,14.47118854522705,CC(C)CC(C)(C)C,mol_57615b5c3546c298,0.0032,0.0188,0.01059415191411972,1.9450409412384033,28.661426544189453,CC(C)CO,mol_015d21fca05fcd26,0.4692,0.4355,0.47254863381385803,1.1981717348098755,14.154019355773926
state_1a22555fb36ac13fbff91c10,3c_485aadc678c8a7fb274c,3,ternary_vle_english.xlsx,10.1016/j.fluid.2011.05.011,unverified,0.5,isothermal,0.967741935483871,isothermal,,,62.37,60.466796875,-3.814697265625e-06,True,False,48,CC(=O)CC(C)C,mol_0a895444a9f0f36b,0.7742,0.5876,0.6024567484855652,1.0107202529907227,46.554176330566406,CC(C)CC(C)(C)C,mol_57615b5c3546c298,0.1309,0.3,0.2779475748538971,1.6036758422851562,80.06147766113281,CC(C)CO,mol_015d21fca05fcd26,0.0949,0.1124,0.11959568411111832,1.417917013168335,53.7421989440918
state_1ad939c66dd6543762f3e08f,3c_93c3339e467773a7c208,3,ternary_vle_english.xlsx,10.1016/j.fluid.2005.05.024,unverified,0.5,isothermal,0.9782608695652174,isothermal,,,102.39,99.26411437988281,-7.62939453125e-06,True,False,48,CC(=O)CC(C)C,mol_0a895444a9f0f36b,0.021399999999999975,0.005900000000000016,0.004984132945537567,1.20560622215271,19.17620086669922,CC(C)O,mol_db030b5de88f8eaf,0.1529,0.1725,0.17881666123867035,2.1289784908294678,54.528236389160156,CC(C)OC(C)C,mol_1a0ca8e5eeb68da8,0.8257,0.8216,0.8161992430686951,1.0203062295913696,96.16911315917969
state_1c453e1ff0465aa624a79077,3c_485aadc678c8a7fb274c,3,ternary_vle_english.xlsx,10.1016/j.fluid.2011.05.011,unverified,0.5,isothermal,0.9655172413793104,isothermal,,,56.12,50.91710662841797,0.0,True,False,48,CC(=O)CC(C)C,mol_0a895444a9f0f36b,0.11119999999999997,0.06909999999999994,0.07355573773384094,1.2794795036315918,26.323410034179688,CC(C)CC(C)(C)C,mol_57615b5c3546c298,0.6312,0.6862,0.6890140175819397,1.1481914520263672,48.40725326538086,CC(C)CO,mol_015d21fca05fcd26,0.2576,0.2447,0.23743022978305817,1.6877832412719727,27.8059139251709
state_1c8104c6d9d9dac05ddc08a4,3c_93c3339e467773a7c208,3,ternary_vle_english.xlsx,10.1016/j.fluid.2005.05.024,unverified,0.5,isothermal,0.9782608695652174,isothermal,,,64.51,62.458778381347656,-3.814697265625e-06,True,False,48,CC(=O)CC(C)C,mol_0a895444a9f0f36b,0.046599999999999975,0.01309999999999989,0.01196245662868023,1.2673662900924683,12.651026725769043,CC(C)O,mol_db030b5de88f8eaf,0.5433,0.3402,0.3674621284008026,1.228776454925537,34.37902069091797,CC(C)OC(C)C,mol_1a0ca8e5eeb68da8,0.4101,0.6467,0.6205754280090332,1.3769702911376953,68.6394271850586
state_1cde38e8ed7b3a8d8515c38f,3c_93c3339e467773a7c208,3,ternary_vle_english.xlsx,10.1016/j.fluid.2005.05.024,unverified,0.5,isothermal,0.9782608695652174,isothermal,,,72.25,69.57594299316406,0.0,True,False,48,CC(=O)CC(C)C,mol_0a895444a9f0f36b,0.02059999999999995,0.005600000000000049,0.004562489688396454,1.2180581092834473,12.651026725769043,CC(C)O,mol_db030b5de88f8eaf,0.1563,0.1608,0.16187307238578796,2.095951557159424,34.37902069091797,CC(C)OC(C)C,mol_1a0ca8e5eeb68da8,0.8231,0.8336,0.8335644602775574,1.0265309810638428,68.6394271850586
state_1d7d0432cba3f2e417270c80,3c_28e3b8df482e382b0f63,3,ternary_vle_english.xlsx,10.1016/j.fluid.2012.11.026,unverified,0.5,isothermal,0.9411764705882353,isothermal,,,146.85499999999993,119.41903686523438,7.62939453125e-06,True,False,48,CCO,mol_f29e20f49d416e54,0.30380000000000007,0.39,0.5293859839439392,1.3190618753433228,157.7586212158203,CCOC(=O)OCC,mol_4df2781fcf4d4a77,0.2953,0.166,0.11065540462732315,1.3098658323287964,34.16299819946289,O,mol_e81dc06beaa39499,0.4009,0.444,0.3599586486816406,1.5297597646713257,70.09174346923828
state_1e2ab445a199a2315af0fc8d,3c_93c3339e467773a7c208,3,ternary_vle_english.xlsx,10.1016/j.fluid.2005.05.024,unverified,0.5,isothermal,0.9782608695652174,isothermal,,,77.97,77.57621765136719,0.0,True,False,48,CC(=O)CC(C)C,mol_0a895444a9f0f36b,0.14890000000000003,0.05179999999999996,0.048101361840963364,1.3068588972091675,19.17620086669922,CC(C)O,mol_db030b5de88f8eaf,0.611,0.4706,0.49173229932785034,1.144971489906311,54.528236389160156,CC(C)OC(C)C,mol_1a0ca8e5eeb68da8,0.2401,0.4776,0.460166335105896,1.5460220575332642,96.16911315917969
state_1f02f1b257346fa6d7519c7f,3c_93c3339e467773a7c208,3,ternary_vle_english.xlsx,10.1016/j.fluid.2005.05.024,unverified,0.5,isothermal,0.9782608695652174,isothermal,,,83.64,82.14559936523438,0.0,True,False,48,CC(=O)CC(C)C,mol_0a895444a9f0f36b,0.2531,0.07340000000000002,0.06469851732254028,1.0950247049331665,19.17620086669922,CC(C)O,mol_db030b5de88f8eaf,0.1912,0.2105,0.2253624051809311,1.7756459712982178,54.528236389160156,CC(C)OC(C)C,mol_1a0ca8e5eeb68da8,0.5557,0.7161,0.7099390029907227,1.0912628173828125,96.16911315917969
state_1f899e5ece736303f55d3a66,3c_93c3339e467773a7c208,3,ternary_vle_english.xlsx,10.1016/j.fluid.2005.05.024,unverified,0.5,isothermal,0.9782608695652174,isothermal,,,44.22999999999999,42.27081298828125,0.0,True,False,48,CC(=O)CC(C)C,mol_0a895444a9f0f36b,0.42100000000000004,0.14,0.14038851857185364,1.114202857017517,12.651026725769043,CC(C)O,mol_db030b5de88f8eaf,0.3654,0.3739,0.40538686513900757,1.364106297492981,34.37902069091797,CC(C)OC(C)C,mol_1a0ca8e5eeb68da8,0.2136,0.4861,0.4542246162891388,1.3095929622650146,68.6394271850586
state_2017e383a8a16b471f0630ba,3c_485aadc678c8a7fb274c,3,ternary_vle_english.xlsx,10.1016/j.fluid.2011.05.011,unverified,0.5,isothermal,0.967741935483871,isothermal,,,83.1,78.36856079101562,-7.62939453125e-06,True,False,48,CC(=O)CC(C)C,mol_0a895444a9f0f36b,0.3749,0.26060000000000005,0.2652766704559326,1.1911509037017822,46.554176330566406,CC(C)CC(C)(C)C,mol_57615b5c3546c298,0.5538,0.6415,0.6484385132789612,1.1461305618286133,80.06147766113281,CC(C)CO,mol_015d21fca05fcd26,0.0713,0.0979,0.08628483861684799,1.7647019624710083,53.7421989440918
state_21ffb01a1ab599fb91b26705,3c_93c3339e467773a7c208,3,ternary_vle_english.xlsx,10.1016/j.fluid.2005.05.024,unverified,0.5,isothermal,0.9782608695652174,isothermal,,,49.72,47.72022247314453,0.0,True,False,48,CC(=O)CC(C)C,mol_0a895444a9f0f36b,0.31590000000000007,0.10109999999999997,0.0965343564748764,1.152680516242981,12.651026725769043,CC(C)O,mol_db030b5de88f8eaf,0.4152,0.3665,0.3930104970932007,1.313880205154419,34.37902069091797,CC(C)OC(C)C,mol_1a0ca8e5eeb68da8,0.2689,0.5324,0.5104551315307617,1.319761872291565,68.6394271850586
state_222e14d9c947291f8b31da3a,3c_93c3339e467773a7c208,3,ternary_vle_english.xlsx,10.1016/j.fluid.2005.05.024,unverified,0.5,isothermal,0.9782608695652174,isothermal,,,22.690000000000005,22.405065536499023,-1.9073486328125e-06,True,False,48,CC(=O)CC(C)C,mol_0a895444a9f0f36b,0.8248,0.48229999999999995,0.4704515039920807,1.010151743888855,12.651026725769043,CC(C)O,mol_db030b5de88f8eaf,0.1298,0.3219,0.3500196039676666,1.7573988437652588,34.37902069091797,CC(C)OC(C)C,mol_1a0ca8e5eeb68da8,0.0454,0.1958,0.17952892184257507,1.2907766103744507,68.6394271850586
state_22a2b4e2f2025487b3136657,3c_485aadc678c8a7fb274c,3,ternary_vle_english.xlsx,10.1016/j.fluid.2011.05.011,unverified,0.5,isothermal,0.9655172413793104,isothermal,,,36.79,34.342323303222656,0.0,True,False,48,CC(=O)CC(C)C,mol_0a895444a9f0f36b,0.012900000000000023,0.013299999999999979,0.01699298806488514,1.7185713052749634,26.323410034179688,CC(C)CC(C)(C)C,mol_57615b5c3546c298,0.0646,0.3284,0.23038068413734436,2.530071496963501,48.40725326538086,CC(C)CO,mol_015d21fca05fcd26,0.9225,0.6583,0.7526262998580933,1.0076402425765991,27.8059139251709
state_23c0026be1cbd5fc19b80172,3c_485aadc678c8a7fb274c,3,ternary_vle_english.xlsx,10.1016/j.fluid.2011.05.011,unverified,0.5,isothermal,0.967741935483871,isothermal,,,61.83,60.5762939453125,0.0,True,False,48,CC(=O)CC(C)C,mol_0a895444a9f0f36b,0.5871,0.4609000000000001,0.4715055227279663,1.0450059175491333,46.554176330566406,CC(C)CC(C)(C)C,mol_57615b5c3546c298,0.0613,0.182,0.15134897828102112,1.8680915832519531,80.06147766113281,CC(C)CO,mol_015d21fca05fcd26,0.3516,0.3571,0.3771454989910126,1.2090585231781006,53.7421989440918
state_2669cc94c5dd63d635fb5eb5,3c_485aadc678c8a7fb274c,3,ternary_vle_english.xlsx,10.1016/j.fluid.2011.05.011,unverified,0.5,isothermal,0.9655172413793104,isothermal,,,51.559999999999995,48.136497497558594,0.0,True,False,48,CC(=O)CC(C)C,mol_0a895444a9f0f36b,0.27469999999999994,0.1885,0.1901537925004959,1.265839695930481,26.323410034179688,CC(C)CC(C)(C)C,mol_57615b5c3546c298,0.6427,0.6984,0.7162162661552429,1.1081534624099731,48.40725326538086,CC(C)CO,mol_015d21fca05fcd26,0.0826,0.1131,0.09362996369600296,1.9623303413391113,27.8059139251709
state_26a8919d62957de2ee05a070,3c_485aadc678c8a7fb274c,3,ternary_vle_english.xlsx,10.1016/j.fluid.2011.05.011,unverified,0.5,isothermal,0.9655172413793104,isothermal,,,35.51,34.329673767089844,-3.814697265625e-06,True,False,48,CC(=O)CC(C)C,mol_0a895444a9f0f36b,0.16110000000000002,0.1593,0.17332354187965393,1.4031027555465698,26.323410034179688,CC(C)CC(C)(C)C,mol_57615b5c3546c298,0.0529,0.2483,0.16714037954807281,2.240705966949463,48.40725326538086,CC(C)CO,mol_015d21fca05fcd26,0.786,0.5924,0.6595361232757568,1.035973072052002,27.8059139251709
state_2716015b27a383f173d1bf98,3c_485aadc678c8a7fb274c,3,ternary_vle_english.xlsx,10.1016/j.fluid.2011.05.011,unverified,0.5,isothermal,0.967741935483871,isothermal,,,93.57,86.19219970703125,0.0,True,False,48,CC(=O)CC(C)C,mol_0a895444a9f0f36b,0.03739999999999999,0.031300000000000106,0.03118293173611164,1.5436707735061646,46.554176330566406,CC(C)CC(C)(C)C,mol_57615b5c3546c298,0.8712,0.7757,0.8329217433929443,1.029273271560669,80.06147766113281,CC(C)CO,mol_015d21fca05fcd26,0.0914,0.193,0.1358952671289444,2.384573221206665,53.7421989440918
state_29e182e9472cb97979ed082c,3c_485aadc678c8a7fb274c,3,ternary_vle_english.xlsx,10.1016/j.fluid.2011.05.011,unverified,0.5,isothermal,0.9642857142857143,isothermal,,,32.18,29.411922454833984,0.0,True,False,48,CC(=O)CC(C)C,mol_0a895444a9f0f36b,0.11129999999999995,0.06899999999999995,0.07192817330360413,1.313478708267212,14.47118854522705,CC(C)CC(C)(C)C,mol_57615b5c3546c298,0.6219,0.7187,0.7139706611633301,1.178108811378479,28.661426544189453,CC(C)CO,mol_015d21fca05fcd26,0.2668,0.2123,0.2141011655330658,1.6675422191619873,14.154019355773926
state_2afaf7f4018cb0c81139b9fa,3c_28e3b8df482e382b0f63,3,ternary_vle_english.xlsx,10.1016/j.fluid.2012.11.026,unverified,0.5,isothermal,0.9411764705882353,isothermal,,,151.97600000000003,131.4930419921875,0.0,True,False,48,CCO,mol_f29e20f49d416e54,0.37150000000000005,0.478,0.5678040385246277,1.273940920829773,157.7586212158203,CCOC(=O)OCC,mol_4df2781fcf4d4a77,0.124,0.115,0.0545802004635334,1.6941826343536377,34.16299819946289,O,mol_e81dc06beaa39499,0.5045,0.407,0.3776158392429352,1.4041868448257446,70.09174346923828
state_2c6f9051723a96157a9a94aa,3c_93c3339e467773a7c208,3,ternary_vle_english.xlsx,10.1016/j.fluid.2005.05.024,unverified,0.5,isothermal,0.9782608695652174,isothermal,,,22.760000000000005,22.470630645751953,0.0,True,False,48,CC(=O)CC(C)C,mol_0a895444a9f0f36b,0.8042,0.48329999999999995,0.46093741059303284,1.0180460214614868,12.651026725769043,CC(C)O,mol_db030b5de88f8eaf,0.1706,0.4041,0.437869668006897,1.677596926689148,34.37902069091797,CC(C)OC(C)C,mol_1a0ca8e5eeb68da8,0.0252,0.1126,0.1011928915977478,1.3145922422409058,68.6394271850586
state_2e7ffb9dee99e85d45fd9e6a,3c_485aadc678c8a7fb274c,3,ternary_vle_english.xlsx,10.1016/j.fluid.2011.05.011,unverified,0.5,isothermal,0.9642857142857143,isothermal,,,15.450000000000003,15.913005828857422,-9.5367431640625e-07,True,False,48,CC(=O)CC(C)C,mol_0a895444a9f0f36b,0.8563,0.8073,0.7872692346572876,1.0109864473342896,14.47118854522705,CC(C)CC(C)(C)C,mol_57615b5c3546c298,0.0062,0.0284,0.020179318264126778,1.807045817375183,28.661426544189453,CC(C)CO,mol_015d21fca05fcd26,0.1375,0.1643,0.19255143404006958,1.5744049549102783,14.154019355773926
state_2f19a0ef8f2f7bff536e9f9a,3c_93c3339e467773a7c208,3,ternary_vle_english.xlsx,10.1016/j.fluid.2005.05.024,unverified,0.5,isothermal,0.9574468085106383,isothermal,,,58.56000000000001,56.753868103027344,-3.814697265625e-06,True,False,48,CC(=O)CC(C)C,mol_0a895444a9f0f36b,0.1512,0.044499999999999984,0.04097087308764458,1.215606689453125,12.651026725769043,CC(C)O,mol_db030b5de88f8eaf,0.4874,0.3478,0.3730168640613556,1.2634116411209106,34.37902069091797,CC(C)OC(C)C,mol_1a0ca8e5eeb68da8,0.3614,0.6077,0.5860122442245483,1.3407269716262817,68.6394271850586
state_2f7079e2f369ca88d660fd5a,3c_93c3339e467773a7c208,3,ternary_vle_english.xlsx,10.1016/j.fluid.2005.05.024,unverified,0.5,isothermal,0.9782608695652174,isothermal,,,58.47999999999999,57.3739013671875,-3.814697265625e-06,True,False,48,CC(=O)CC(C)C,mol_0a895444a9f0f36b,0.0472999999999999,0.01639999999999997,0.014569071121513844,1.3968807458877563,12.651026725769043,CC(C)O,mol_db030b5de88f8eaf,0.6772,0.4275,0.4518986642360687,1.113640308380127,34.37902069091797,CC(C)OC(C)C,mol_1a0ca8e5eeb68da8,0.2755,0.5561,0.5335322618484497,1.6187500953674316,68.6394271850586
state_2f82d456f8593d4cadd197ac,3c_485aadc678c8a7fb274c,3,ternary_vle_english.xlsx,10.1016/j.fluid.2011.05.011,unverified,0.5,isothermal,0.9655172413793104,isothermal,,,35.81,34.580039978027344,-3.814697265625e-06,True,False,48,CC(=O)CC(C)C,mol_0a895444a9f0f36b,0.7788999999999999,0.5777,0.5992506742477417,1.0106717348098755,26.323410034179688,CC(C)CC(C)(C)C,mol_57615b5c3546c298,0.124,0.3163,0.2804776430130005,1.6158148050308228,48.40725326538086,CC(C)CO,mol_015d21fca05fcd26,0.09710000000000002,0.106,0.12027166038751602,1.540395975112915,27.8059139251709
state_2fe939b0f0fdf7696a8df679,3c_93c3339e467773a7c208,3,ternary_vle_english.xlsx,10.1016/j.fluid.2005.05.024,unverified,0.5,isothermal,0.9782608695652174,isothermal,,,30.08,29.72365951538086,0.0,True,False,48,CC(=O)CC(C)C,mol_0a895444a9f0f36b,0.6192,0.29289999999999994,0.28352710604667664,1.0758213996887207,12.651026725769043,CC(C)O,mol_db030b5de88f8eaf,0.32,0.4927,0.524761438369751,1.4178187847137451,34.37902069091797,CC(C)OC(C)C,mol_1a0ca8e5eeb68da8,0.0608,0.2144,0.19171142578125,1.3654413223266602,68.6394271850586
state_30c6c509347a77bf610ce527,3c_93c3339e467773a7c208,3,ternary_vle_english.xlsx,10.1016/j.fluid.2005.05.024,unverified,0.5,isothermal,0.9782608695652174,isothermal,,,72.94,71.91514587402344,0.0,True,False,48,CC(=O)CC(C)C,mol_0a895444a9f0f36b,0.30900000000000005,0.10119999999999996,0.09371539950370789,1.1373924016952515,19.17620086669922,CC(C)O,mol_db030b5de88f8eaf,0.4085,0.3856,0.41111376881599426,1.3272993564605713,54.528236389160156,CC(C)OC(C)C,mol_1a0ca8e5eeb68da8,0.2825,0.5132,0.49517083168029785,1.310754418373108,96.16911315917969
state_30f4e1740116d712503405c9,3c_485aadc678c8a7fb274c,3,ternary_vle_english.xlsx,10.1016/j.fluid.2011.05.011,unverified,0.5,isothermal,0.967741935483871,isothermal,,,56.28000000000001,57.120155334472656,0.0,True,False,48,CC(=O)CC(C)C,mol_0a895444a9f0f36b,0.23550000000000004,0.24270000000000003,0.2401435375213623,1.2511539459228516,46.554176330566406,CC(C)CC(C)(C)C,mol_57615b5c3546c298,0.0044,0.022,0.014785224571824074,2.3974030017852783,80.06147766113281,CC(C)CO,mol_015d21fca05fcd26,0.7601,0.7353,0.7450711727142334,1.0418399572372437,53.7421989440918
state_3280cda86bd52c10b83923be,3c_93c3339e467773a7c208,3,ternary_vle_english.xlsx,10.1016/j.fluid.2005.05.024,unverified,0.5,isothermal,0.9782608695652174,isothermal,,,66.06,65.43630981445312,0.0,True,False,48,CC(=O)CC(C)C,mol_0a895444a9f0f36b,0.3073,0.11409999999999998,0.1096770167350769,1.2178934812545776,19.17620086669922,CC(C)O,mol_db030b5de88f8eaf,0.5231,0.4954,0.5225348472595215,1.1987478733062744,54.528236389160156,CC(C)OC(C)C,mol_1a0ca8e5eeb68da8,0.1696,0.3905,0.36778804659843445,1.4755535125732422,96.16911315917969
state_34a5a9544970dc8a38d63dfa,3c_93c3339e467773a7c208,3,ternary_vle_english.xlsx,10.1016/j.fluid.2005.05.024,unverified,0.5,isothermal,0.9574468085106383,isothermal,,,58.56000000000001,56.098480224609375,0.0,True,False,48,CC(=O)CC(C)C,mol_0a895444a9f0f36b,0.2651,0.06979999999999997,0.06602036952972412,1.1043164730072021,12.651026725769043,CC(C)O,mol_db030b5de88f8eaf,0.1939,0.1984,0.2086208313703537,1.7556480169296265,34.37902069091797,CC(C)OC(C)C,mol_1a0ca8e5eeb68da8,0.541,0.7318,0.7253588438034058,1.0958044528961182,68.6394271850586
state_3663bacf7aa19ddde64aa01b,3c_28e3b8df482e382b0f63,3,ternary_vle_english.xlsx,10.1016/j.fluid.2012.11.026,unverified,0.5,isothermal,0.9411764705882353,isothermal,,,131.898,96.30937957763672,0.0,True,False,48,CCO,mol_f29e20f49d416e54,0.2490000000000001,0.481,0.6118587851524353,1.5001246929168701,157.7586212158203,CCOC(=O)OCC,mol_4df2781fcf4d4a77,0.6537,0.22,0.24802987277507782,1.0696412324905396,34.16299819946289,O,mol_e81dc06beaa39499,0.0973,0.299,0.14011132717132568,1.9786187410354614,70.09174346923828
state_37b152215575b043b6bac50b,3c_93c3339e467773a7c208,3,ternary_vle_english.xlsx,10.1016/j.fluid.2005.05.024,unverified,0.5,isothermal,0.9782608695652174,isothermal,,,44.26,42.1832275390625,3.814697265625e-06,True,False,48,CC(=O)CC(C)C,mol_0a895444a9f0f36b,0.31599999999999995,0.12,0.11677071452140808,1.232142448425293,12.651026725769043,CC(C)O,mol_db030b5de88f8eaf,0.5338,0.4848,0.5175097584724426,1.1895599365234375,34.37902069091797,CC(C)OC(C)C,mol_1a0ca8e5eeb68da8,0.1502,0.3952,0.3657195270061493,1.4963886737823486,68.6394271850586
state_3831f8869ed40fe8c20f0f81,3c_93c3339e467773a7c208,3,ternary_vle_english.xlsx,10.1016/j.fluid.2005.05.024,unverified,0.5,isothermal,0.9782608695652174,isothermal,,,59.63999999999999,57.304344177246094,0.0,True,False,48,CC(=O)CC(C)C,mol_0a895444a9f0f36b,0.5739,0.2023999999999999,0.19745030999183655,1.02812659740448,19.17620086669922,CC(C)O,mol_db030b5de88f8eaf,0.1218,0.186,0.2056785523891449,1.774630069732666,54.528236389160156,CC(C)OC(C)C,mol_1a0ca8e5eeb68da8,0.3043,0.6116,0.5968711376190186,1.1687740087509155,96.16911315917969
state_385f0baab814e1e018b61e02,3c_93c3339e467773a7c208,3,ternary_vle_english.xlsx,10.1016/j.fluid.2005.05.024,unverified,0.5,isothermal,0.9782608695652174,isothermal,,,94.97,93.34217834472656,-7.62939453125e-06,True,False,48,CC(=O)CC(C)C,mol_0a895444a9f0f36b,0.10539999999999994,0.02950000000000008,0.024717183783650398,1.1414941549301147,19.17620086669922,CC(C)O,mol_db030b5de88f8eaf,0.2233,0.2234,0.23573318123817444,1.8071261644363403,54.528236389160156,CC(C)OC(C)C,mol_1a0ca8e5eeb68da8,0.6713,0.7471,0.7395496368408203,1.0692837238311768,96.16911315917969
state_39f9eebfc2ce7845550fada8,3c_28e3b8df482e382b0f63,3,ternary_vle_english.xlsx,10.1016/j.fluid.2012.11.026,unverified,0.5,isothermal,0.9411764705882353,isothermal,,,61.78,38.12590789794922,0.0,True,False,48,CCO,mol_f29e20f49d416e54,0.04940000000000011,0.22940000000000005,0.2954137921333313,2.1061131954193115,108.25357818603516,CCOC(=O)OCC,mol_4df2781fcf4d4a77,0.9037,0.3572,0.5546447038650513,1.0090230703353882,23.190473556518555,O,mol_e81dc06beaa39499,0.0469,0.4134,0.1499415636062622,2.573244333267212,47.36835861206055
state_3c46c5b8d103fe3755a07ba4,3c_485aadc678c8a7fb274c,3,ternary_vle_english.xlsx,10.1016/j.fluid.2011.05.011,unverified,0.5,isothermal,0.9655172413793104,isothermal,,,28.479999999999997,30.650814056396484,-1.9073486328125e-06,True,False,48,CC(=O)CC(C)C,mol_0a895444a9f0f36b,0.2005,0.2066,0.24343091249465942,1.413712739944458,26.323410034179688,CC(C)CC(C)(C)C,mol_57615b5c3546c298,0.002,0.0099,0.00754861393943429,2.3898394107818604,48.40725326538086,CC(C)CO,mol_015d21fca05fcd26,0.7975,0.7835,0.7490204572677612,1.0353038311004639,27.8059139251709
state_00d3cef28932e11f77b07a6d,3c_2d8df0569d9d03284715,3,ternary_vle_english.xlsx,10.1016/j.fluid.2007.06.005,unverified,0.5,isobaric,0.9807692307692307,isobaric,348.25,350.2014465332031,,,0.00189971923828125,True,False,48,CC(C)CC(C)(C)C,mol_57615b5c3546c298,0.573,0.32400000000000007,0.34596142172813416,1.1809720993041992,51.790611267089844,CCC(C)=O,mol_4cfc5db0ca2ab00b,0.341,0.438,0.43759292364120483,1.3810960054397583,94.12600708007812,CCO,mol_f29e20f49d416e54,0.086,0.238,0.21644563972949982,2.644625663757324,96.40593719482422
state_01b46c0cf00221563c0bb087,3c_f1332761d3af136f02b5,3,ternary_vle_english.xlsx,10.1016/j.fluid.2014.04.025,unverified,0.5,isobaric,0.9473684210526315,isobaric,430.40999999999997,426.3589782714844,,,1.52587890625e-05,True,False,48,COCCO,mol_d291b272a64498d9,0.1249,0.2015,0.35791143774986267,1.198652982711792,242.1749267578125,CS(C)=O,mol_7d3e12eaed0f467c,0.8097,0.3092999999999999,0.278751939535141,1.0037617683410645,34.74342346191406,Cc1ccccc1,mol_1c09299644053521,0.0654,0.4892,0.36333656311035156,1.9010322093963623,296.0406799316406
state_026c87e8f1731b318a4079ac,3c_20e37ef734cab2512529,3,ternary_vle_english.xlsx,10.1016/j.fluid.2012.12.020,unverified,0.5,isobaric,0.9230769230769231,isobaric,378.07,376.42388916015625,,,0.00032806396484375,True,False,48,CC(C)O,mol_db030b5de88f8eaf,0.2648,0.4775,0.6062481999397278,1.0303986072540283,224.41403198242188,CCCCCO,mol_243de2450bee5519,0.1180000000000001,0.2178,0.031548164784908295,0.9524604082107544,28.350969314575195,CCCCO,mol_ad4ef9c6c876ca2f,0.6172,0.3047,0.36220356822013855,0.9974555373191833,59.42320251464844
state_03767693ce3483e4ef0924d5,3c_f6a2de3ac0acbac84e4f,3,ternary_vle_english.xlsx,10.1016/j.fluid.2005.01.007,unverified,0.5,isobaric,0.9818181818181818,isobaric,335.55,338.6086120605469,,,0.0002593994140625,True,False,48,CC(C)=O,mol_e04cf77cea7bbe66,0.271,0.51,0.5420953631401062,1.4686365127563477,137.97572326660156,CC(C)CC(C)(C)C,mol_57615b5c3546c298,0.584,0.27,0.2436167448759079,1.2105966806411743,34.90642547607422,CCO,mol_f29e20f49d416e54,0.145,0.22,0.21428784728050232,2.5067920684814453,59.72027587890625
state_03903a699ebbe43964c05559,3c_c1f86c0bca7d787912fb,3,ternary_vle_english.xlsx,10.1016/j.jct.2011.10.025,unverified,0.5,isobaric,0.9807692307692307,isobaric,359.84,358.9864196777344,,,-1.52587890625e-05,True,False,48,C1CCOCC1,mol_626f3d1f5bbb6f55,0.276,0.245,0.31995460391044617,1.22218918800354,96.08380889892578,CC(C)CC(C)(C)C,mol_57615b5c3546c298,0.632,0.46799999999999997,0.4670587182044983,1.0935865640640259,68.45585632324219,CC(C)O,mol_db030b5de88f8eaf,0.092,0.287,0.21298664808273315,1.9624335765838623,119.5030517578125
state_0470f15df2f78531920eefa7,3c_f6a2de3ac0acbac84e4f,3,ternary_vle_english.xlsx,10.1016/j.fluid.2005.01.007,unverified,0.5,isobaric,0.9818181818181818,isobaric,333.83,334.64794921875,,,0.00106048583984375,True,False,48,CC(C)=O,mol_e04cf77cea7bbe66,0.385,0.536,0.5847668647766113,1.268438458442688,121.30162811279297,CC(C)CC(C)(C)C,mol_57615b5c3546c298,0.265,0.20599999999999996,0.13894051313400269,1.7541921138763428,30.277494430541992,CCO,mol_f29e20f49d416e54,0.35,0.258,0.2762926518917084,1.5913020372390747,50.25307846069336
state_04997348093604b5eb5e15b9,3c_2d8df0569d9d03284715,3,ternary_vle_english.xlsx,10.1016/j.fluid.2007.06.005,unverified,0.5,isobaric,0.9807692307692307,isobaric,347.77,348.719970703125,,,0.00016021728515625,True,False,48,CC(C)CC(C)(C)C,mol_57615b5c3546c298,0.3440000000000001,0.276,0.24656088650226593,1.4718750715255737,49.32929229736328,CCC(C)=O,mol_4cfc5db0ca2ab00b,0.565,0.55,0.5706272721290588,1.1406704187393188,89.69206237792969,CCO,mol_f29e20f49d416e54,0.091,0.174,0.18281185626983643,2.2394447326660156,90.87255859375
state_04f90b093106e026fedb8ddc,3c_c1f86c0bca7d787912fb,3,ternary_vle_english.xlsx,10.1016/j.jct.2011.10.025,unverified,0.5,isobaric,0.9807692307692307,isobaric,357.32,356.058837890625,,,9.1552734375e-05,True,False,48,C1CCOCC1,mol_626f3d1f5bbb6f55,0.456,0.382,0.42125141620635986,1.0675162076950073,87.662109375,CC(C)CC(C)(C)C,mol_57615b5c3546c298,0.364,0.27,0.29078659415245056,1.294981837272644,62.49124526977539,CC(C)O,mol_db030b5de88f8eaf,0.18,0.348,0.2879619300365448,1.5196192264556885,106.64429473876953
state_055c9db53a4f6551596690d6,3c_6b60b4a3a536506a27ae,3,ternary_vle_english.xlsx,10.1016/j.fluid.2006.08.004,unverified,0.5,isobaric,0.9821428571428571,isobaric,339.04,337.5716857910156,,,0.0001678466796875,True,False,48,CC(C)CC(C)(C)C,mol_57615b5c3546c298,0.04800000000000004,0.04499999999999993,0.028659772127866745,1.7978147268295288,33.64315414428711,CC(C)OC(C)C,mol_1a0ca8e5eeb68da8,0.385,0.509,0.5259665846824646,1.5586700439453125,88.7878189086914,CCO,mol_f29e20f49d416e54,0.567,0.446,0.4453735947608948,1.3933278322219849,57.10816955566406
state_0568b40c1e95cc17322eedbe,3c_f6a2de3ac0acbac84e4f,3,ternary_vle_english.xlsx,10.1016/j.fluid.2005.01.007,unverified,0.5,isobaric,0.9818181818181818,isobaric,331.89,333.9616394042969,,,0.00057220458984375,True,False,48,CC(C)=O,mol_e04cf77cea7bbe66,0.483,0.653,0.6822492480278015,1.2066681385040283,118.58234405517578,CC(C)CC(C)(C)C,mol_57615b5c3546c298,0.357,0.19599999999999995,0.15561290085315704,1.4953867197036743,29.528120040893555,CCO,mol_f29e20f49d416e54,0.16,0.151,0.16213782131671906,2.1057937145233154,48.74840545654297
state_05a57c392bf3c651a5c46223,3c_2d8df0569d9d03284715,3,ternary_vle_english.xlsx,10.1016/j.fluid.2007.06.005,unverified,0.5,isobaric,0.9807692307692307,isobaric,344.69,346.3153076171875,,,-0.000274658203125,True,False,48,CC(C)CC(C)(C)C,mol_57615b5c3546c298,0.4099999999999998,0.28,0.265369713306427,1.4399601221084595,45.532901763916016,CCC(C)=O,mol_4cfc5db0ca2ab00b,0.2710000000000001,0.271,0.29482290148735046,1.330147385597229,82.85150909423828,CCO,mol_f29e20f49d416e54,0.3190000000000001,0.449,0.4398074150085449,1.6938244104385376,82.4540023803711
state_064f3b30f622695881275f60,3c_6b60b4a3a536506a27ae,3,ternary_vle_english.xlsx,10.1016/j.fluid.2006.08.004,unverified,0.5,isobaric,0.9821428571428571,isobaric,360.38,361.81048583984375,,,0.00061798095703125,True,False,48,CC(C)CC(C)(C)C,mol_57615b5c3546c298,0.925,0.667,0.6869614720344543,1.008113145828247,74.62657165527344,CC(C)OC(C)C,mol_1a0ca8e5eeb68da8,0.047,0.08,0.1222417801618576,1.4101673364639282,186.83717346191406,CCO,mol_f29e20f49d416e54,0.028,0.253,0.19079674780368805,4.595362186431885,150.2122344970703
state_072e43ca8cd42f9e7c5e76ce,3c_c1f86c0bca7d787912fb,3,ternary_vle_english.xlsx,10.1016/j.jct.2011.10.025,unverified,0.5,isobaric,0.9807692307692307,isobaric,356.64,356.92840576171875,,,-3.0517578125e-05,True,False,48,C1CCOCC1,mol_626f3d1f5bbb6f55,0.25,0.192,0.2631114423274994,1.1833025217056274,90.09760284423828,CC(C)CC(C)(C)C,mol_57615b5c3546c298,0.59,0.4159999999999999,0.4218718111515045,1.1279176473617554,64.21854400634766,CC(C)O,mol_db030b5de88f8eaf,0.16,0.392,0.3150167465209961,1.8075581789016724,110.33942413330078
state_07cd66c267bbaa7d3d4c44a1,3c_f6a2de3ac0acbac84e4f,3,ternary_vle_english.xlsx,10.1016/j.fluid.2005.01.007,unverified,0.5,isobaric,0.9818181818181818,isobaric,347.74,353.0260925292969,,,0.00110626220703125,True,False,48,CC(C)=O,mol_e04cf77cea7bbe66,0.036,0.159,0.1838512420654297,2.411343812942505,214.5453643798828,CC(C)CC(C)(C)C,mol_57615b5c3546c298,0.89,0.45999999999999996,0.5147960782051086,1.0324668884277344,56.75227737426758,CCO,mol_f29e20f49d416e54,0.074,0.381,0.3013526201248169,3.8292291164398193,107.73234558105469
state_0908d964585198f4909c4cb4,3c_6e76d885d4575498aef9,3,ternary_vle_english.xlsx,10.1016/j.fluid.2015.08.014,unverified,0.5,isobaric,0.9411764705882353,isobaric,358.04,350.9882507324219,,,0.0002899169921875,True,False,48,CO,mol_a85d32e4db2ff39c,0.245,0.342,0.5468354225158691,1.3521355390548706,167.21722412109375,COC(C)=O,mol_b9c4464ceb7b1e3f,0.141,0.643,0.4417164921760559,1.594743251800537,198.99603271484375,CS(C)=O,mol_7d3e12eaed0f467c,0.614,0.014999999999999902,0.011448138393461704,1.0528621673583984,1.7939308881759644
state_090ffd58553b5ea6258407e1,3c_f1332761d3af136f02b5,3,ternary_vle_english.xlsx,10.1016/j.fluid.2014.04.025,unverified,0.5,isobaric,0.9473684210526315,isobaric,393.72999999999996,394.9621276855469,,,0.000274658203125,True,False,48,COCCO,mol_d291b272a64498d9,0.0997,0.0955,0.12917542457580566,1.3656855821609497,96.10470581054688,CS(C)=O,mol_7d3e12eaed0f467c,0.4161,0.04859999999999998,0.05927519500255585,1.2207976579666138,11.820673942565918,Cc1ccccc1,mol_1c09299644053521,0.4842,0.8559,0.8115494251251221,1.2335230112075806,137.642822265625
state_0abf152df366a9475ee7255e,3c_1a08c4f653f7d812cdc9,3,ternary_vle_english.xlsx,10.1016/j.jct.2019.03.036,unverified,0.5,isobaric,0.972972972972973,isobaric,382.69,382.89654541015625,,,0.0002899169921875,True,False,48,CCCOC(C)=O,mol_67043ae833ecd0c7,0.1946,0.4464,0.32300809025764465,1.2949607372283936,129.84483337402344,CCOC(C)=O,mol_18876b584acc43d4,0.1955,0.5103,0.6255253553390503,1.2190169095993042,265.88824462890625,CS(C)=O,mol_7d3e12eaed0f467c,0.6099,0.043300000000000005,0.05146656557917595,1.1553523540496826,7.3988261222839355
state_0b6c26affd5ee756c9f3c90c,3c_2d8df0569d9d03284715,3,ternary_vle_english.xlsx,10.1016/j.fluid.2007.06.005,unverified,0.5,isobaric,0.9807692307692307,isobaric,349.69,351.79052734375,,,-3.0517578125e-05,True,False,48,CC(C)CC(C)(C)C,mol_57615b5c3546c298,0.677,0.397,0.4057552218437195,1.1132367849349976,54.53775405883789,CCC(C)=O,mol_4cfc5db0ca2ab00b,0.244,0.36,0.3651617169380188,1.5301880836486816,99.07405090332031,CCO,mol_f29e20f49d416e54,0.079,0.243,0.2290831059217453,2.8616783618927,102.64894104003906
state_0b86f831c9373a881db3d8e4,3c_6b60b4a3a536506a27ae,3,ternary_vle_english.xlsx,10.1016/j.fluid.2006.08.004,unverified,0.5,isobaric,0.9821428571428571,isobaric,343.88,345.43243408203125,,,-9.918212890625e-05,True,False,48,CC(C)CC(C)(C)C,mol_57615b5c3546c298,0.354,0.32400000000000007,0.27370306849479675,1.7720389366149902,44.198970794677734,CC(C)OC(C)C,mol_1a0ca8e5eeb68da8,0.05,0.064,0.09370465576648712,1.6585630178451538,114.46381378173828,CCO,mol_f29e20f49d416e54,0.596,0.612,0.6325922608375549,1.3519138097763062,79.53121948242188
state_0d0bf2d3deb5185de95fdf1b,3c_f6a2de3ac0acbac84e4f,3,ternary_vle_english.xlsx,10.1016/j.fluid.2005.01.007,unverified,0.5,isobaric,0.9818181818181818,isobaric,340.25,345.3321533203125,,,0.000335693359375,True,False,48,CC(C)=O,mol_e04cf77cea7bbe66,0.159,0.494,0.4831201434135437,1.8064181804656982,170.39254760742188,CC(C)CC(C)(C)C,mol_57615b5c3546c298,0.784,0.34299999999999997,0.366380900144577,1.074695348739624,44.04962921142578,CCO,mol_f29e20f49d416e54,0.057,0.163,0.1504989117383957,3.376898765563965,79.20476531982422
state_0eabaf8bbe645ad41478cf1c,3c_2d8df0569d9d03284715,3,ternary_vle_english.xlsx,10.1016/j.fluid.2007.06.005,unverified,0.5,isobaric,0.9807692307692307,isobaric,349.96,351.36151123046875,,,0.0001983642578125,True,False,48,CC(C)CC(C)(C)C,mol_57615b5c3546c298,0.537,0.362,0.34491679072380066,1.2097368240356445,53.78478240966797,CCC(C)=O,mol_4cfc5db0ca2ab00b,0.42,0.51,0.5348655581474304,1.3201632499694824,97.71878051757812,CCO,mol_f29e20f49d416e54,0.043,0.128,0.12021766602993011,2.8059635162353516,100.93181610107422
state_0ef8623473b403c5c32a7f6f,3c_b0299b0750b396fc0e73,3,ternary_vle_english.xlsx,10.1016/j.fluid.2008.09.010,unverified,0.5,isobaric,0.9444444444444444,isobaric,357.62,334.1242370605469,,,0.0007944107055664062,True,False,48,CC(=O)O,mol_9ac385b135af0125,0.3164,0.1431,0.2797398567199707,0.9435005784034729,12.491992950439453,CS(C)=O,mol_7d3e12eaed0f467c,0.40480000000000005,0.050000000000000044,0.018323585391044617,0.8053274154663086,0.7492961287498474,O,mol_e81dc06beaa39499,0.2788,0.8069,0.7019366025924683,1.609260082244873,20.856185913085938
state_0fc9e1dbb0a48b251104abcf,3c_6b60b4a3a536506a27ae,3,ternary_vle_english.xlsx,10.1016/j.fluid.2006.08.004,unverified,0.5,isobaric,0.9821428571428571,isobaric,344.32,345.8403015136719,,,0.00019073486328125,True,False,48,CC(C)CC(C)(C)C,mol_57615b5c3546c298,0.551,0.33899999999999997,0.3030553162097931,1.2433431148529053,44.81150817871094,CC(C)OC(C)C,mol_1a0ca8e5eeb68da8,0.098,0.106,0.1359943151473999,1.2124539613723755,115.94171142578125,CCO,mol_f29e20f49d416e54,0.351,0.555,0.5609503388404846,2.0018727779388428,80.87068176269531
state_123fc6543cacc475df38a592,3c_1a08c4f653f7d812cdc9,3,ternary_vle_english.xlsx,10.1016/j.jct.2019.03.036,unverified,0.5,isobaric,0.972972972972973,isobaric,374.83,372.8572082519531,,,0.00041961669921875,True,False,48,CCCOC(C)=O,mol_67043ae833ecd0c7,0.0244,0.0564,0.029007688164711,1.2536768913269043,96.06140899658203,CCOC(C)=O,mol_18876b584acc43d4,0.3735,0.9136,0.9377636909484863,1.2605255842208862,201.772705078125,CS(C)=O,mol_7d3e12eaed0f467c,0.6021000000000001,0.030000000000000027,0.03322858735918999,1.1456905603408813,4.87963342666626
state_15078d5a685c779f3d570706,3c_6b60b4a3a536506a27ae,3,ternary_vle_english.xlsx,10.1016/j.fluid.2006.08.004,unverified,0.5,isobaric,0.9821428571428571,isobaric,347.04,349.00860595703125,,,-0.0002593994140625,True,False,48,CC(C)CC(C)(C)C,mol_57615b5c3546c298,0.66,0.353,0.34859517216682434,1.074347734451294,49.80132293701172,CC(C)OC(C)C,mol_1a0ca8e5eeb68da8,0.196,0.224,0.26886826753616333,1.086076259613037,127.9474105834961,CCO,mol_f29e20f49d416e54,0.144,0.423,0.38253650069236755,2.9272873401641846,91.92918395996094
state_1603995089df57933faee0c9,3c_2d8df0569d9d03284715,3,ternary_vle_english.xlsx,10.1016/j.fluid.2007.06.005,unverified,0.5,isobaric,0.9807692307692307,isobaric,346.11,345.33428955078125,,,-6.103515625e-05,True,False,48,CC(C)CC(C)(C)C,mol_57615b5c3546c298,0.04600000000000004,0.09999999999999998,0.06922528892755508,3.460531711578369,44.05278015136719,CCC(C)=O,mol_4cfc5db0ca2ab00b,0.248,0.276,0.31780555844306946,1.6189519166946411,80.18350982666016,CCO,mol_f29e20f49d416e54,0.706,0.624,0.6129692196846008,1.1103342771530151,79.21171569824219
state_166929e798c7a22dca8110e1,3c_6b60b4a3a536506a27ae,3,ternary_vle_english.xlsx,10.1016/j.fluid.2006.08.004,unverified,0.5,isobaric,0.9821428571428571,isobaric,340.11,338.4087829589844,,,-3.0517578125e-05,True,False,48,CC(C)CC(C)(C)C,mol_57615b5c3546c298,0.04600000000000004,0.05499999999999994,0.03423318266868591,2.1750552654266357,34.659996032714844,CC(C)OC(C)C,mol_1a0ca8e5eeb68da8,0.284,0.445,0.47818419337272644,1.8685927391052246,91.27913665771484,CCO,mol_f29e20f49d416e54,0.67,0.5,0.48758262395858765,1.2450703382492065,59.20915222167969
state_16cbaf1b818e5d9a2913020e,3c_c1f86c0bca7d787912fb,3,ternary_vle_english.xlsx,10.1016/j.jct.2011.10.025,unverified,0.5,isobaric,0.9807692307692307,isobaric,353.07,352.7361755371094,,,0.001068115234375,True,False,48,C1CCOCC1,mol_626f3d1f5bbb6f55,0.156,0.125,0.14060792326927185,1.1579842567443848,78.84907531738281,CC(C)CC(C)(C)C,mol_57615b5c3546c298,0.124,0.16300000000000003,0.1564483940601349,2.273125171661377,56.22637939453125,CC(C)O,mol_db030b5de88f8eaf,0.72,0.712,0.7029436826705933,1.05850350856781,93.43502807617188
state_16e75a16747646bea3a4136d,3c_6e76d885d4575498aef9,3,ternary_vle_english.xlsx,10.1016/j.fluid.2015.08.014,unverified,0.5,isobaric,0.9411764705882353,isobaric,352.35,350.42205810546875,,,0.000152587890625,True,False,48,CO,mol_a85d32e4db2ff39c,0.109,0.115,0.26680466532707214,1.5134731531143188,163.83335876464844,COC(C)=O,mol_b9c4464ceb7b1e3f,0.268,0.873,0.7217629551887512,1.3946435451507568,195.61703491210938,CS(C)=O,mol_7d3e12eaed0f467c,0.623,0.01200000000000001,0.011432352475821972,1.0654168128967285,1.74476957321167
state_1a50cdeda342b602fe06ff2c,3c_1a08c4f653f7d812cdc9,3,ternary_vle_english.xlsx,10.1016/j.jct.2019.03.036,unverified,0.5,isobaric,0.972972972972973,isobaric,385.9,382.890869140625,,,0.0003662109375,True,False,48,CCCOC(C)=O,mol_67043ae833ecd0c7,0.3285,0.6153,0.5027157068252563,1.194114327430725,129.8231658935547,CCOC(C)=O,mol_18876b584acc43d4,0.1548,0.3328,0.4506851136684418,1.109377145767212,265.8484191894531,CS(C)=O,mol_7d3e12eaed0f467c,0.5166999999999999,0.05190000000000006,0.04659915715456009,1.2350552082061768,7.397146701812744
state_1c7fae5449fa9144693eeb6c,3c_1a08c4f653f7d812cdc9,3,ternary_vle_english.xlsx,10.1016/j.jct.2019.03.036,unverified,0.5,isobaric,0.972972972972973,isobaric,388.67999999999995,392.9609375,,,-0.00018310546875,True,False,48,CCCOC(C)=O,mol_67043ae833ecd0c7,0.3715,0.8586,0.8118958473205566,1.2842400074005127,172.3867950439453,CCOC(C)=O,mol_18876b584acc43d4,0.0286,0.0818,0.11212590336799622,1.1519583463668823,344.7559814453125,CS(C)=O,mol_7d3e12eaed0f467c,0.5999,0.059599999999999986,0.07597822695970535,1.1704154014587402,10.961725234985352
state_1cbc93e466e44e55b63a8d28,3c_2d8df0569d9d03284715,3,ternary_vle_english.xlsx,10.1016/j.fluid.2007.06.005,unverified,0.5,isobaric,0.9807692307692307,isobaric,344.29,346.5783996582031,,,-0.000335693359375,True,False,48,CC(C)CC(C)(C)C,mol_57615b5c3546c298,0.21099999999999997,0.2689999999999999,0.2318924069404602,2.423563241958618,45.93648147583008,CCC(C)=O,mol_4cfc5db0ca2ab00b,0.049,0.058,0.07429313659667969,1.8376580476760864,83.5787582397461,CCO,mol_f29e20f49d416e54,0.74,0.673,0.6938144564628601,1.1396046876907349,83.34228515625
state_1d5aa29c01fd867a0a314d6e,3c_6e76d885d4575498aef9,3,ternary_vle_english.xlsx,10.1016/j.fluid.2015.08.014,unverified,0.5,isobaric,0.9411764705882353,isobaric,361.64,351.5894775390625,,,-0.00022125244140625,True,False,48,CO,mol_a85d32e4db2ff39c,0.336,0.561,0.7204629182815552,1.2711888551712036,170.8719482421875,COC(C)=O,mol_b9c4464ceb7b1e3f,0.077,0.423,0.26810774207115173,1.7406660318374634,202.6337127685547,CS(C)=O,mol_7d3e12eaed0f467c,0.587,0.016000000000000014,0.011429370380938053,1.0676332712173462,1.8474410772323608
state_1e4c3771b2219df3a0ac973b,3c_6b60b4a3a536506a27ae,3,ternary_vle_english.xlsx,10.1016/j.fluid.2006.08.004,unverified,0.5,isobaric,0.9821428571428571,isobaric,342.03,341.9023132324219,,,-0.000274658203125,True,False,48,CC(C)CC(C)(C)C,mol_57615b5c3546c298,0.246,0.20999999999999996,0.15874825417995453,1.668751835823059,39.17332077026367,CC(C)OC(C)C,mol_1a0ca8e5eeb68da8,0.193,0.251,0.30327290296554565,1.5561840534210205,102.28775787353516,CCO,mol_f29e20f49d416e54,0.561,0.539,0.5379788279533386,1.4141883850097656,68.6915512084961
state_2062d650a181ec600e9df3c8,3c_c1f86c0bca7d787912fb,3,ternary_vle_english.xlsx,10.1016/j.jct.2011.10.025,unverified,0.5,isobaric,0.9807692307692307,isobaric,357.41,355.96148681640625,,,-0.000213623046875,True,False,48,C1CCOCC1,mol_626f3d1f5bbb6f55,0.541,0.465,0.4853905439376831,1.0399832725524902,87.39291381835938,CC(C)CC(C)(C)C,mol_57615b5c3546c298,0.2729999999999999,0.20599999999999996,0.23351368308067322,1.3908203840255737,62.29987335205078,CC(C)O,mol_db030b5de88f8eaf,0.186,0.329,0.2810957729816437,1.441046953201294,106.23602294921875
state_20a7425d84b4d067e425e014,3c_c1f86c0bca7d787912fb,3,ternary_vle_english.xlsx,10.1016/j.jct.2011.10.025,unverified,0.5,isobaric,0.9807692307692307,isobaric,353.27,353.423095703125,,,0.00022125244140625,True,False,48,C1CCOCC1,mol_626f3d1f5bbb6f55,0.054,0.057,0.05453997105360031,1.2692610025405884,80.60845947265625,CC(C)CC(C)(C)C,mol_57615b5c3546c298,0.04299999999999993,0.09099999999999997,0.07885405421257019,3.2318975925445557,57.4788932800293,CC(C)O,mol_db030b5de88f8eaf,0.903,0.852,0.8666059970855713,1.0121554136276245,96.04995727539062
state_20ef46c6f7dc3d46cb4c3c13,3c_6e76d885d4575498aef9,3,ternary_vle_english.xlsx,10.1016/j.fluid.2015.08.014,unverified,0.5,isobaric,0.9411764705882353,isobaric,350.95,349.7631530761719,,,-0.00023651123046875,True,False,48,CO,mol_a85d32e4db2ff39c,0.097,0.1,0.23491191864013672,1.533599615097046,159.9667510986328,COC(C)=O,mol_b9c4464ceb7b1e3f,0.292,0.889,0.7541484236717224,1.364489197731018,191.73980712890625,CS(C)=O,mol_7d3e12eaed0f467c,0.611,0.01100000000000001,0.01093966793268919,1.0738166570663452,1.6890449523925781
state_218964af022bd26bd6f65f77,3c_1a08c4f653f7d812cdc9,3,ternary_vle_english.xlsx,10.1016/j.jct.2019.03.036,unverified,0.5,isobaric,0.972972972972973,isobaric,386.57,384.6917724609375,,,0.00109100341796875,True,False,48,CCCOC(C)=O,mol_67043ae833ecd0c7,0.3719,0.7041,0.5976437926292419,1.1903610229492188,136.75765991210938,CCOC(C)=O,mol_18876b584acc43d4,0.117,0.2423,0.35255521535873413,1.0947544574737549,278.8294982910156,CS(C)=O,mol_7d3e12eaed0f467c,0.5111,0.05360000000000009,0.049800995737314224,1.2416162490844727,7.949849605560303
state_225cd67ed29ea188b121d1b2,3c_c1f86c0bca7d787912fb,3,ternary_vle_english.xlsx,10.1016/j.jct.2011.10.025,unverified,0.5,isobaric,0.9807692307692307,isobaric,352.25,352.4701232910156,,,0.0009765625,True,False,48,C1CCOCC1,mol_626f3d1f5bbb6f55,0.157,0.108,0.1353553980588913,1.117159366607666,78.17617797851562,CC(C)CC(C)(C)C,mol_57615b5c3546c298,0.22199999999999998,0.24,0.22868089377880096,1.8718316555023193,55.74728775024414,CC(C)O,mol_db030b5de88f8eaf,0.621,0.652,0.6359637379646301,1.122289776802063,92.43775177001953
state_2269bdabcca6fb6a3ef4d24f,3c_c1f86c0bca7d787912fb,3,ternary_vle_english.xlsx,10.1016/j.jct.2011.10.025,unverified,0.5,isobaric,0.9807692307692307,isobaric,354.13,353.4412841796875,,,-0.00014495849609375,True,False,48,C1CCOCC1,mol_626f3d1f5bbb6f55,0.357,0.283,0.30901479721069336,1.0871418714523315,80.65544128417969,CC(C)CC(C)(C)C,mol_57615b5c3546c298,0.14,0.13200000000000012,0.15095506608486176,1.8991856575012207,57.51234436035156,CC(C)O,mol_db030b5de88f8eaf,0.503,0.585,0.5400301218032837,1.1314724683761597,96.1202392578125
state_23684155823fadd73a72424e,3c_2d8df0569d9d03284715,3,ternary_vle_english.xlsx,10.1016/j.fluid.2007.06.005,unverified,0.5,isobaric,0.9807692307692307,isobaric,348.15,348.14007568359375,,,0.00030517578125,True,False,48,CC(C)CC(C)(C)C,mol_57615b5c3546c298,0.14,0.16499999999999992,0.12959153950214386,1.9377219676971436,48.39137268066406,CCC(C)=O,mol_4cfc5db0ca2ab00b,0.765,0.677,0.6899970173835754,1.0382453203201294,88.00281524658203,CCO,mol_f29e20f49d416e54,0.095,0.158,0.1804114133119583,2.1668894290924072,88.77985382080078
state_2427a661f546641e53333be5,3c_2d8df0569d9d03284715,3,ternary_vle_english.xlsx,10.1016/j.fluid.2007.06.005,unverified,0.5,isobaric,0.9807692307692307,isobaric,346.85,345.4402770996094,,,-0.0001983642578125,True,False,48,CC(C)CC(C)(C)C,mol_57615b5c3546c298,0.04699999999999993,0.07400000000000007,0.049391455948352814,2.4078941345214844,44.210479736328125,CCC(C)=O,mol_4cfc5db0ca2ab00b,0.653,0.577,0.5681232810020447,1.0952494144439697,80.46833038330078,CCO,mol_f29e20f49d416e54,0.3,0.349,0.38248521089553833,1.6233973503112793,79.55677795410156
state_251da1d605d3345d31b454d6,3c_c1f86c0bca7d787912fb,3,ternary_vle_english.xlsx,10.1016/j.jct.2011.10.025,unverified,0.5,isobaric,0.9807692307692307,isobaric,352.47,353.5733337402344,,,0.001739501953125,True,False,48,C1CCOCC1,mol_626f3d1f5bbb6f55,0.144,0.086,0.1295022815465927,1.124760389328003,80.9975357055664,CC(C)CC(C)(C)C,mol_57615b5c3546c298,0.487,0.358,0.35364091396331787,1.273660659790039,57.755943298339844,CC(C)O,mol_db030b5de88f8eaf,0.369,0.556,0.516856849193573,1.4684181213378906,96.62979125976562
state_256ba3b1ad7344c83d97babd,3c_c1f86c0bca7d787912fb,3,ternary_vle_english.xlsx,10.1016/j.jct.2011.10.025,unverified,0.5,isobaric,0.9807692307692307,isobaric,352.1,352.6774597167969,,,0.00081634521484375,True,False,48,C1CCOCC1,mol_626f3d1f5bbb6f55,0.154,0.096,0.13158170878887177,1.0997958183288574,78.7001724243164,CC(C)CC(C)(C)C,mol_57615b5c3546c298,0.33999999999999997,0.30000000000000004,0.28781190514564514,1.5280004739761353,56.12020492553711,CC(C)O,mol_db030b5de88f8eaf,0.506,0.604,0.5806064009666443,1.2469826936721802,93.21456909179688
state_26a5cca98fcfd475d4910478,3c_6b60b4a3a536506a27ae,3,ternary_vle_english.xlsx,10.1016/j.fluid.2006.08.004,unverified,0.5,isobaric,0.9649122807017544,isobaric,337.98,336.8608093261719,,,0.0005645751953125,True,False,48,CC(C)CC(C)(C)C,mol_57615b5c3546c298,0.050000000000000044,0.03200000000000003,0.02156784199178219,1.332279920578003,32.79843521118164,CC(C)OC(C)C,mol_1a0ca8e5eeb68da8,0.6,0.627,0.6108311414718628,1.1892859935760498,86.71524810791016,CCO,mol_f29e20f49d416e54,0.35,0.341,0.36760106682777405,1.9214158058166504,55.37315368652344
state_27192f54827a1067f1e060a5,3c_6b60b4a3a536506a27ae,3,ternary_vle_english.xlsx,10.1016/j.fluid.2006.08.004,unverified,0.5,isobaric,0.9821428571428571,isobaric,344.49,345.59454345703125,,,-0.0002593994140625,True,False,48,CC(C)CC(C)(C)C,mol_57615b5c3546c298,0.574,0.30700000000000005,0.2792584300041199,1.1089531183242798,44.441585540771484,CC(C)OC(C)C,mol_1a0ca8e5eeb68da8,0.197,0.21,0.2465468794107437,1.101939082145691,115.04931640625,CCO,mol_f29e20f49d416e54,0.229,0.483,0.4741947054862976,2.6200404167175293,80.06110382080078
state_28b9420bf4f4cbeb75a51d26,3c_6b60b4a3a536506a27ae,3,ternary_vle_english.xlsx,10.1016/j.fluid.2006.08.004,unverified,0.5,isobaric,0.9821428571428571,isobaric,344.57,344.51336669921875,,,4.57763671875e-05,True,False,48,CC(C)CC(C)(C)C,mol_57615b5c3546c298,0.45099999999999996,0.242,0.20693720877170563,1.0848878622055054,42.84368896484375,CC(C)OC(C)C,mol_1a0ca8e5eeb68da8,0.406,0.427,0.46786144375801086,1.0498872995376587,111.18807220458984,CCO,mol_f29e20f49d416e54,0.143,0.331,0.3252013921737671,3.0082027912139893,76.58061981201172
state_28dd2795731b177962d66825,3c_f6a2de3ac0acbac84e4f,3,ternary_vle_english.xlsx,10.1016/j.fluid.2005.01.007,unverified,0.5,isobaric,0.9818181818181818,isobaric,335.73,336.3731994628906,,,0.00042724609375,True,False,48,CC(C)=O,mol_e04cf77cea7bbe66,0.285,0.438,0.49891382455825806,1.3815821409225464,128.35572814941406,CC(C)CC(C)(C)C,mol_57615b5c3546c298,0.258,0.22899999999999998,0.15383343398571014,1.8741157054901123,32.22893524169922,CCO,mol_f29e20f49d416e54,0.457,0.333,0.3472527265548706,1.4199446439743042,54.208744049072266
state_29826060a95089a04c17d13f,3c_1a08c4f653f7d812cdc9,3,ternary_vle_english.xlsx,10.1016/j.jct.2019.03.036,unverified,0.5,isobaric,0.972972972972973,isobaric,374.80999999999995,373.6290283203125,,,-0.000152587890625,True,False,48,CCCOC(C)=O,mol_67043ae833ecd0c7,0.0472,0.1079,0.05723481625318527,1.2485594749450684,98.38249969482422,CCOC(C)=O,mol_18876b584acc43d4,0.358,0.862,0.9086083173751831,1.2466694116592407,206.22967529296875,CS(C)=O,mol_7d3e12eaed0f467c,0.5948,0.030100000000000016,0.03415687382221222,1.1535553932189941,5.042867183685303
state_2a0bb2519f0ee99453eced95,3c_c1f86c0bca7d787912fb,3,ternary_vle_english.xlsx,10.1016/j.jct.2011.10.025,unverified,0.5,isobaric,0.9807692307692307,isobaric,359.56,358.7214660644531,,,0.0,True,False,48,C1CCOCC1,mol_626f3d1f5bbb6f55,0.352,0.323,0.38760656118392944,1.1705398559570312,95.29534912109375,CC(C)CC(C)(C)C,mol_57615b5c3546c298,0.561,0.42199999999999993,0.4243850111961365,1.1286215782165527,67.89820098876953,CC(C)O,mol_db030b5de88f8eaf,0.087,0.255,0.1880083680152893,1.850640892982483,118.28924560546875
state_2a31b3729b8a2e35d3aee048,3c_f1332761d3af136f02b5,3,ternary_vle_english.xlsx,10.1016/j.fluid.2014.04.025,unverified,0.5,isobaric,0.9473684210526315,isobaric,421.75,413.6435241699219,,,0.00017547607421875,True,False,48,COCCO,mol_d291b272a64498d9,0.3683,0.6022,0.6751241683959961,1.0961716175079346,169.4000701904297,CS(C)=O,mol_7d3e12eaed0f467c,0.5886,0.15800000000000003,0.13767269253730774,1.031719446182251,22.965513229370117,Cc1ccccc1,mol_1c09299644053521,0.0431,0.2398,0.18720315396785736,1.9946379661560059,220.5880584716797
state_2c2d50aa7be5f9e2933899bf,3c_2d8df0569d9d03284715,3,ternary_vle_english.xlsx,10.1016/j.fluid.2007.06.005,unverified,0.5,isobaric,0.9807692307692307,isobaric,344.67,347.2712097167969,,,0.0002288818359375,True,False,48,CC(C)CC(C)(C)C,mol_57615b5c3546c298,0.501,0.33000000000000007,0.33478641510009766,1.4398672580718994,47.01300811767578,CCC(C)=O,mol_4cfc5db0ca2ab00b,0.052,0.061,0.06923338770866394,1.5771043300628662,85.5189208984375,CCO,mol_f29e20f49d416e54,0.447,0.609,0.5959802269935608,1.5756398439407349,85.71913146972656
state_30e0a1a070db1cf6991dab8b,3c_20e37ef734cab2512529,3,ternary_vle_english.xlsx,10.1016/j.fluid.2012.12.020,unverified,0.5,isobaric,0.9230769230769231,isobaric,381.29999999999995,379.475341796875,,,-0.0001373291015625,True,False,48,CC(C)O,mol_db030b5de88f8eaf,0.2184,0.4341,0.5633836984634399,1.047925591468811,248.62338256835938,CCCCCO,mol_243de2450bee5519,0.21409999999999996,0.25340000000000007,0.0655529797077179,0.9622963070869446,32.13569641113281,CCCCO,mol_ad4ef9c6c876ca2f,0.5675,0.3125,0.37106332182884216,0.9874407649040222,66.87932586669922
state_3177f4632c49c48dcca32925,3c_6b60b4a3a536506a27ae,3,ternary_vle_english.xlsx,10.1016/j.fluid.2006.08.004,unverified,0.5,isobaric,0.9821428571428571,isobaric,343.04,343.7985534667969,,,-0.0003509521484375,True,False,48,CC(C)CC(C)(C)C,mol_57615b5c3546c298,0.44199999999999995,0.277,0.23352035880088806,1.2799838781356812,41.81248092651367,CC(C)OC(C)C,mol_1a0ca8e5eeb68da8,0.195,0.211,0.25551024079322815,1.221184253692627,108.69271850585938,CCO,mol_f29e20f49d416e54,0.363,0.512,0.5109694004058838,1.9178684949874878,74.3493881225586
state_33edbc9e64af211140e4b548,3c_2d8df0569d9d03284715,3,ternary_vle_english.xlsx,10.1016/j.fluid.2007.06.005,unverified,0.5,isobaric,0.9622641509433962,isobaric,347.83,346.2314147949219,,,-0.0001983642578125,True,False,48,CC(C)CC(C)(C)C,mol_57615b5c3546c298,0.04300000000000004,0.07099999999999995,0.046080924570560455,2.3908755779266357,45.40507125854492,CCC(C)=O,mol_4cfc5db0ca2ab00b,0.74,0.665,0.6345961689949036,1.0514452457427979,82.62047576904297,CCO,mol_f29e20f49d416e54,0.217,0.264,0.31932294368743896,1.814060091972351,82.17265319824219
state_34f00afa31e9a498b9eb11b8,3c_6b60b4a3a536506a27ae,3,ternary_vle_english.xlsx,10.1016/j.fluid.2006.08.004,unverified,0.5,isobaric,0.9649122807017544,isobaric,337.98,337.0306701660156,,,4.57763671875e-05,True,False,48,CC(C)CC(C)(C)C,mol_57615b5c3546c298,0.050000000000000044,0.028000000000000025,0.019885698333382607,1.2209101915359497,32.998695373535156,CC(C)OC(C)C,mol_1a0ca8e5eeb68da8,0.705,0.685,0.6624882221221924,1.0915619134902954,87.20679473876953,CCO,mol_f29e20f49d416e54,0.245,0.287,0.31762608885765076,2.354257345199585,55.78350067138672
state_350dd06f1550afa0e12df2f0,3c_6b60b4a3a536506a27ae,3,ternary_vle_english.xlsx,10.1016/j.fluid.2006.08.004,unverified,0.5,isobaric,0.9821428571428571,isobaric,341.63,339.75628662109375,,,0.0004425048828125,True,False,48,CC(C)CC(C)(C)C,mol_57615b5c3546c298,0.04800000000000004,0.07600000000000007,0.04546605050563812,2.639777183532715,36.34879684448242,CC(C)OC(C)C,mol_1a0ca8e5eeb68da8,0.192,0.356,0.41349589824676514,2.2866621017456055,95.40679931640625,CCO,mol_f29e20f49d416e54,0.76,0.568,0.5410380363464355,1.1496505737304688,62.72774887084961
state_37708e806ca072eb73169d4b,3c_2d8df0569d9d03284715,3,ternary_vle_english.xlsx,10.1016/j.fluid.2007.06.005,unverified,0.5,isobaric,0.9807692307692307,isobaric,347.37,347.7717590332031,,,0.000244140625,True,False,48,CC(C)CC(C)(C)C,mol_57615b5c3546c298,0.04399999999999993,0.1259999999999999,0.10496778786182404,5.055391311645508,47.803428649902344,CCC(C)=O,mol_4cfc5db0ca2ab00b,0.047,0.07,0.09290792047977448,2.3032069206237793,86.94255828857422,CCO,mol_f29e20f49d416e54,0.909,0.804,0.8021242618560791,1.0219312906265259,87.47149658203125
state_384cc4c557944874ea323f47,3c_6b60b4a3a536506a27ae,3,ternary_vle_english.xlsx,10.1016/j.fluid.2006.08.004,unverified,0.5,isobaric,0.9649122807017544,isobaric,344.07,343.957275390625,,,-4.57763671875e-05,True,False,48,CC(C)CC(C)(C)C,mol_57615b5c3546c298,0.253,0.127,0.11608844995498657,1.1056468486785889,42.03986740112305,CC(C)OC(C)C,mol_1a0ca8e5eeb68da8,0.701,0.755,0.7625067830085754,1.0086551904678345,109.2426528930664,CCO,mol_f29e20f49d416e54,0.046,0.118,0.12140476703643799,3.57235050201416,74.83988189697266
state_389f060e7dfdc2e3716aa130,3c_c1f86c0bca7d787912fb,3,ternary_vle_english.xlsx,10.1016/j.jct.2011.10.025,unverified,0.5,isobaric,0.9807692307692307,isobaric,351.03,352.6009826660156,,,0.0004119873046875,True,False,48,C1CCOCC1,mol_626f3d1f5bbb6f55,0.048,0.025,0.04189443215727806,1.1262127161026,78.50654602050781,CC(C)CC(C)(C)C,mol_57615b5c3546c298,0.46499999999999997,0.374,0.3506116569042206,1.3643665313720703,55.982662200927734,CC(C)O,mol_db030b5de88f8eaf,0.487,0.601,0.6074938774108887,1.3598228693008423,92.9269790649414
state_3c4a75f98390219539d17239,3c_f6a2de3ac0acbac84e4f,3,ternary_vle_english.xlsx,10.1016/j.fluid.2005.01.007,unverified,0.5,isobaric,0.9818181818181818,isobaric,340.8,341.74658203125,,,-6.866455078125e-05,True,False,48,CC(C)=O,mol_e04cf77cea7bbe66,0.097,0.177,0.25028836727142334,1.7147282361984253,152.434326171875,CC(C)CC(C)(C)C,mol_57615b5c3546c298,0.25,0.28600000000000003,0.2153117060661316,2.2391862869262695,38.96247863769531,CCO,mol_f29e20f49d416e54,0.653,0.537,0.5343999862670898,1.2147853374481201,68.2437515258789
state_3c71a71f2c3d0f5909741546,3c_485aadc678c8a7fb274c,3,ternary_vle_english.xlsx,10.1016/j.fluid.2011.05.011,unverified,0.5,isothermal,0.9655172413793104,isothermal,,,32.79,33.04200744628906,-3.814697265625e-06,True,False,48,CC(=O)CC(C)C,mol_0a895444a9f0f36b,0.26169999999999993,0.2613,0.27105459570884705,1.3001015186309814,26.323410034179688,CC(C)CC(C)(C)C,mol_57615b5c3546c298,0.0301,0.1482,0.09649933129549026,2.1883347034454346,48.40725326538086,CC(C)CO,mol_015d21fca05fcd26,0.7082,0.5905,0.6324461102485657,1.0611989498138428,27.8059139251709
state_3f7f4380b2efabeeef044467,3c_485aadc678c8a7fb274c,3,ternary_vle_english.xlsx,10.1016/j.fluid.2011.05.011,unverified,0.5,isothermal,0.967741935483871,isothermal,,,52.87000000000001,53.315757751464844,0.0,True,False,48,CC(=O)CC(C)C,mol_0a895444a9f0f36b,0.7903,0.7071000000000001,0.6980499029159546,1.0115594863891602,46.554176330566406,CC(C)CC(C)(C)C,mol_57615b5c3546c298,0.0142,0.0476,0.039711661636829376,1.862351655960083,80.06147766113281,CC(C)CO,mol_015d21fca05fcd26,0.1955,0.2453,0.26223844289779663,1.330729365348816,53.7421989440918
state_400ad386f312493af6126ddc,3c_485aadc678c8a7fb274c,3,ternary_vle_english.xlsx,10.1016/j.fluid.2011.05.011,unverified,0.5,isothermal,0.967741935483871,isothermal,,,95.62,87.08320617675781,0.0,True,False,48,CC(=O)CC(C)C,mol_0a895444a9f0f36b,0.11099999999999999,0.0697000000000001,0.07484705746173859,1.261326551437378,46.554176330566406,CC(C)CC(C)(C)C,mol_57615b5c3546c298,0.6403,0.6564,0.6650323271751404,1.1297180652618408,80.06147766113281,CC(C)CO,mol_015d21fca05fcd26,0.2487,0.2739,0.26012057065963745,1.6947978734970093,53.7421989440918
state_40a26696f205f2009de7756e,3c_93c3339e467773a7c208,3,ternary_vle_english.xlsx,10.1016/j.fluid.2005.05.024,unverified,0.5,isothermal,0.9782608695652174,isothermal,,,68.03,66.02783203125,-7.62939453125e-06,True,False,48,CC(=O)CC(C)C,mol_0a895444a9f0f36b,0.4638,0.14690000000000003,0.14089490473270416,1.045993447303772,19.17620086669922,CC(C)O,mol_db030b5de88f8eaf,0.1474,0.1965,0.21435093879699707,1.7608948945999146,54.528236389160156,CC(C)OC(C)C,mol_1a0ca8e5eeb68da8,0.3888,0.6566,0.6447541117668152,1.1385687589645386,96.16911315917969
state_424a772fc193d49efc5b7df9,3c_93c3339e467773a7c208,3,ternary_vle_english.xlsx,10.1016/j.fluid.2005.05.024,unverified,0.5,isothermal,0.9782608695652174,isothermal,,,20.9,21.333332061767578,0.0,True,False,48,CC(=O)CC(C)C,mol_0a895444a9f0f36b,0.9756,0.9027000000000001,0.8771098256111145,1.0001803636550903,19.17620086669922,CC(C)O,mol_db030b5de88f8eaf,0.0227,0.0869,0.11279402673244476,1.9440053701400757,54.528236389160156,CC(C)OC(C)C,mol_1a0ca8e5eeb68da8,0.0017,0.0104,0.010096117854118347,1.3174331188201904,96.16911315917969
state_44311b27801cd2f6486250d4,3c_485aadc678c8a7fb274c,3,ternary_vle_english.xlsx,10.1016/j.fluid.2011.05.011,unverified,0.5,isothermal,0.967741935483871,isothermal,,,82.6,76.94273376464844,-7.62939453125e-06,True,False,48,CC(=O)CC(C)C,mol_0a895444a9f0f36b,0.42210000000000003,0.2653000000000001,0.28066644072532654,1.0989655256271362,46.554176330566406,CC(C)CC(C)(C)C,mol_57615b5c3546c298,0.4017,0.5486,0.5350325703620911,1.2800365686416626,80.06147766113281,CC(C)CO,mol_015d21fca05fcd26,0.1762,0.1861,0.1843009740114212,1.4975242614746094,53.7421989440918
state_457c76ded7f46af6ddea04d6,3c_93c3339e467773a7c208,3,ternary_vle_english.xlsx,10.1016/j.fluid.2005.05.024,unverified,0.5,isothermal,0.9782608695652174,isothermal,,,40.910000000000004,37.97442626953125,-3.814697265625e-06,True,False,48,CC(=O)CC(C)C,mol_0a895444a9f0f36b,0.6049,0.20279999999999998,0.20773600041866302,1.0308455228805542,12.651026725769043,CC(C)O,mol_db030b5de88f8eaf,0.0738,0.1177,0.12697559595108032,1.900472640991211,34.37902069091797,CC(C)OC(C)C,mol_1a0ca8e5eeb68da8,0.3213,0.6795,0.6652883887290955,1.145557165145874,68.6394271850586
state_48506880b4119ef936e214c3,3c_93c3339e467773a7c208,3,ternary_vle_english.xlsx,10.1016/j.fluid.2005.05.024,unverified,0.5,isothermal,0.9782608695652174,isothermal,,,36.42999999999999,35.21276092529297,-3.814697265625e-06,True,False,48,CC(=O)CC(C)C,mol_0a895444a9f0f36b,0.8327,0.4556,0.4553224742412567,1.0040792226791382,19.17620086669922,CC(C)O,mol_db030b5de88f8eaf,0.0536,0.1394,0.1549316793680191,1.8666119575500488,54.528236389160156,CC(C)OC(C)C,mol_1a0ca8e5eeb68da8,0.1137,0.405,0.389745831489563,1.2551206350326538,96.16911315917969
state_48f813d12f42355f24789c44,3c_485aadc678c8a7fb274c,3,ternary_vle_english.xlsx,10.1016/j.fluid.2011.05.011,unverified,0.5,isothermal,0.9642857142857143,isothermal,,,27.650000000000002,24.50037384033203,-1.9073486328125e-06,True,False,48,CC(=O)CC(C)C,mol_0a895444a9f0f36b,0.11199999999999999,0.07790000000000008,0.08886131644248962,1.3432694673538208,14.47118854522705,CC(C)CC(C)(C)C,mol_57615b5c3546c298,0.2349,0.5877,0.4960986375808716,1.8053436279296875,28.661426544189453,CC(C)CO,mol_015d21fca05fcd26,0.6531,0.3344,0.4150400459766388,1.1000266075134277,14.154019355773926
state_491589430336c6b49bad7fb1,3c_93c3339e467773a7c208,3,ternary_vle_english.xlsx,10.1016/j.fluid.2005.05.024,unverified,0.5,isothermal,0.9782608695652174,isothermal,,,48.70000000000001,46.25188446044922,0.0,True,False,48,CC(=O)CC(C)C,mol_0a895444a9f0f36b,0.7107,0.29410000000000003,0.29901376366615295,1.0147795677185059,19.17620086669922,CC(C)O,mol_db030b5de88f8eaf,0.0558,0.1112,0.12279172241687775,1.8665639162063599,54.528236389160156,CC(C)OC(C)C,mol_1a0ca8e5eeb68da8,0.2335,0.5947,0.5781944990158081,1.1909153461456299,96.16911315917969
state_4925469878263d5366ef3bb4,3c_485aadc678c8a7fb274c,3,ternary_vle_english.xlsx,10.1016/j.fluid.2011.05.011,unverified,0.5,isothermal,0.9642857142857143,isothermal,,,32.589999999999996,30.20484161376953,0.0,True,False,48,CC(=O)CC(C)C,mol_0a895444a9f0f36b,0.037800000000000056,0.029900000000000038,0.02945934794843197,1.6266858577728271,14.47118854522705,CC(C)CC(C)(C)C,mol_57615b5c3546c298,0.8601,0.8017,0.8472087383270264,1.0380547046661377,28.661426544189453,CC(C)CO,mol_015d21fca05fcd26,0.1021,0.1684,0.1233319342136383,2.577784538269043,14.154019355773926
state_49467c336169ec39dd6d7d12,3c_28e3b8df482e382b0f63,3,ternary_vle_english.xlsx,10.1016/j.fluid.2012.11.026,unverified,0.5,isothermal,0.9411764705882353,isothermal,,,155.27099999999996,145.82269287109375,0.0,True,False,48,CCO,mol_f29e20f49d416e54,0.735,0.764,0.8316510915756226,1.0458894968032837,157.7586212158203,CCOC(=O)OCC,mol_4df2781fcf4d4a77,0.146,0.084,0.05839342251420021,1.7071834802627563,34.16299819946289,O,mol_e81dc06beaa39499,0.119,0.152,0.1099555715918541,1.9223326444625854,70.09174346923828
state_49f6d28ea734cf73284b5bd2,3c_485aadc678c8a7fb274c,3,ternary_vle_english.xlsx,10.1016/j.fluid.2011.05.011,unverified,0.5,isothermal,0.9655172413793104,isothermal,,,46.589999999999996,42.25444793701172,0.0,True,False,48,CC(=O)CC(C)C,mol_0a895444a9f0f36b,0.24849999999999994,0.16290000000000004,0.18429943919181824,1.1904958486557007,26.323410034179688,CC(C)CC(C)(C)C,mol_57615b5c3546c298,0.2063,0.4777,0.4076812267303467,1.7249776124954224,48.40725326538086,CC(C)CO,mol_015d21fca05fcd26,0.5452,0.3594,0.40801936388015747,1.137261152267456,27.8059139251709
state_4af2c5ee2b0c87bbebd18465,3c_93c3339e467773a7c208,3,ternary_vle_english.xlsx,10.1016/j.fluid.2005.05.024,unverified,0.5,isothermal,0.9782608695652174,isothermal,,,79.60999999999999,79.00718688964844,-7.62939453125e-06,True,False,48,CC(=O)CC(C)C,mol_0a895444a9f0f36b,0.2188,0.06909999999999994,0.062071219086647034,1.1688181161880493,19.17620086669922,CC(C)O,mol_db030b5de88f8eaf,0.4452,0.3779,0.39912834763526917,1.2989801168441772,54.528236389160156,CC(C)OC(C)C,mol_1a0ca8e5eeb68da8,0.336,0.553,0.5388004183769226,1.3174059391021729,96.16911315917969
state_4d8d826137aee8dde61da3c0,3c_93c3339e467773a7c208,3,ternary_vle_english.xlsx,10.1016/j.fluid.2005.05.024,unverified,0.5,isothermal,0.9782608695652174,isothermal,,,65.19,63.7220458984375,0.0,True,False,48,CC(=O)CC(C)C,mol_0a895444a9f0f36b,0.41700000000000004,0.14060000000000006,0.13818706572055817,1.1011804342269897,19.17620086669922,CC(C)O,mol_db030b5de88f8eaf,0.3615,0.3917,0.4255836606025696,1.3757669925689697,54.528236389160156,CC(C)OC(C)C,mol_1a0ca8e5eeb68da8,0.2215,0.4677,0.43622925877571106,1.3049538135528564,96.16911315917969
state_4eca22eea4745bad1d447582,3c_485aadc678c8a7fb274c,3,ternary_vle_english.xlsx,10.1016/j.fluid.2011.05.011,unverified,0.5,isothermal,0.9642857142857143,isothermal,,,19.63999999999999,19.337295532226562,-1.9073486328125e-06,True,False,48,CC(=O)CC(C)C,mol_0a895444a9f0f36b,0.7821,0.5698000000000001,0.593242883682251,1.0135886669158936,14.47118854522705,CC(C)CC(C)(C)C,mol_57615b5c3546c298,0.1186,0.3314,0.28895342350006104,1.6437698602676392,28.661426544189453,CC(C)CO,mol_015d21fca05fcd26,0.0993,0.0988,0.1178036704659462,1.6207852363586426,14.154019355773926
state_50f55345ab78491856e98b9d,3c_485aadc678c8a7fb274c,3,ternary_vle_english.xlsx,10.1016/j.fluid.2011.05.011,unverified,0.5,isothermal,0.9655172413793104,isothermal,,,30.909999999999993,32.079566955566406,-3.814697265625e-06,True,False,48,CC(=O)CC(C)C,mol_0a895444a9f0f36b,0.3601,0.36350000000000005,0.361473023891449,1.22331702709198,26.323410034179688,CC(C)CC(C)(C)C,mol_57615b5c3546c298,0.0139,0.0699,0.04482132941484451,2.136918306350708,48.40725326538086,CC(C)CO,mol_015d21fca05fcd26,0.626,0.5666,0.5937056541442871,1.094178318977356,27.8059139251709
state_53318d1245ac24a5df2699ed,3c_93c3339e467773a7c208,3,ternary_vle_english.xlsx,10.1016/j.fluid.2005.05.024,unverified,0.5,isothermal,0.9782608695652174,isothermal,,,82.68,82.95506286621094,-7.62939453125e-06,True,False,48,CC(=O)CC(C)C,mol_0a895444a9f0f36b,0.08909999999999996,0.03069999999999995,0.027610423043370247,1.3405271768569946,19.17620086669922,CC(C)O,mol_db030b5de88f8eaf,0.6362,0.4585,0.47419965267181396,1.133937120437622,54.528236389160156,CC(C)OC(C)C,mol_1a0ca8e5eeb68da8,0.2747,0.5108,0.49818992614746094,1.5643845796585083,96.16911315917969
state_5396e8e00d547475ddeb5986,3c_485aadc678c8a7fb274c,3,ternary_vle_english.xlsx,10.1016/j.fluid.2011.05.011,unverified,0.5,isothermal,0.9642857142857143,isothermal,,,30.029999999999994,28.159019470214844,-1.9073486328125e-06,True,False,48,CC(=O)CC(C)C,mol_0a895444a9f0f36b,0.27760000000000007,0.18189999999999995,0.1825944483280182,1.2799158096313477,14.47118854522705,CC(C)CC(C)(C)C,mol_57615b5c3546c298,0.6372,0.7144,0.7300899028778076,1.1256937980651855,28.661426544189453,CC(C)CO,mol_015d21fca05fcd26,0.0852,0.1037,0.0873156264424324,2.038872718811035,14.154019355773926
state_58dfe7adb40203bb5443d129,3c_93c3339e467773a7c208,3,ternary_vle_english.xlsx,10.1016/j.fluid.2005.05.024,unverified,0.5,isothermal,0.9782608695652174,isothermal,,,52.11,51.929203033447266,-3.814697265625e-06,True,False,48,CC(=O)CC(C)C,mol_0a895444a9f0f36b,0.5147999999999999,0.2188,0.2115088552236557,1.1125999689102173,19.17620086669922,CC(C)O,mol_db030b5de88f8eaf,0.3906,0.5109,0.5441123843193054,1.326620101928711,54.528236389160156,CC(C)OC(C)C,mol_1a0ca8e5eeb68da8,0.0946,0.2703,0.24437874555587769,1.3949167728424072,96.16911315917969
state_59d490b6e588fcab2d772409,3c_485aadc678c8a7fb274c,3,ternary_vle_english.xlsx,10.1016/j.fluid.2011.05.011,unverified,0.5,isothermal,0.967741935483871,isothermal,,,84.56000000000002,79.73161315917969,0.0,True,False,48,CC(=O)CC(C)C,mol_0a895444a9f0f36b,0.11380000000000001,0.07109999999999972,0.0794236958026886,1.1953078508377075,46.554176330566406,CC(C)CC(C)(C)C,mol_57615b5c3546c298,0.261,0.4944000000000001,0.4522627592086792,1.7256680727005005,80.06147766113281,CC(C)CO,mol_015d21fca05fcd26,0.6252,0.4345000000000001,0.4683135449886322,1.1113040447235107,53.7421989440918
state_5b182c282463c6de418dc1f4,3c_28e3b8df482e382b0f63,3,ternary_vle_english.xlsx,10.1016/j.fluid.2012.11.026,unverified,0.5,isothermal,0.9411764705882353,isothermal,,,108.91,99.3797607421875,0.0,True,False,48,CCO,mol_f29e20f49d416e54,0.73,0.7619,0.8314306735992432,1.0455838441848755,108.25357818603516,CCOC(=O)OCC,mol_4df2781fcf4d4a77,0.1521,0.0755,0.06167621910572052,1.7377082109451294,23.190473556518555,O,mol_e81dc06beaa39499,0.1179,0.1626,0.10689318925142288,1.9021546840667725,47.36835861206055
state_5dca3c657c390dfa57dd3e72,3c_485aadc678c8a7fb274c,3,ternary_vle_english.xlsx,10.1016/j.fluid.2011.05.011,unverified,0.5,isothermal,0.9655172413793104,isothermal,,,28.370000000000008,30.057735443115234,-1.9073486328125e-06,True,False,48,CC(=O)CC(C)C,mol_0a895444a9f0f36b,0.11480000000000001,0.15239999999999998,0.1586977243423462,1.5784939527511597,26.323410034179688,CC(C)CC(C)(C)C,mol_57615b5c3546c298,0.0033,0.0231,0.013544652611017227,2.548588514328003,48.40725326538086,CC(C)CO,mol_015d21fca05fcd26,0.8819,0.8245,0.8277575969696045,1.0146187543869019,27.8059139251709
state_600e217fb68bab45a44efce8,3c_93c3339e467773a7c208,3,ternary_vle_english.xlsx,10.1016/j.fluid.2005.05.024,unverified,0.5,isothermal,0.9782608695652174,isothermal,,,41.15,39.185768127441406,0.0,True,False,48,CC(=O)CC(C)C,mol_0a895444a9f0f36b,0.7916000000000001,0.388,0.3903156816959381,1.0075716972351074,19.17620086669922,CC(C)O,mol_db030b5de88f8eaf,0.0422,0.0992,0.11053673177957535,1.8823529481887817,54.528236389160156,CC(C)OC(C)C,mol_1a0ca8e5eeb68da8,0.1662,0.5128,0.49914756417274475,1.22374427318573,96.16911315917969
state_60ea3a9fbbc5d53433c3e893,3c_485aadc678c8a7fb274c,3,ternary_vle_english.xlsx,10.1016/j.fluid.2011.05.011,unverified,0.5,isothermal,0.9642857142857143,isothermal,,,18.36,17.970657348632812,-1.9073486328125e-06,True,False,48,CC(=O)CC(C)C,mol_0a895444a9f0f36b,0.09089999999999998,0.10750000000000004,0.11839566379785538,1.6174529790878296,14.47118854522705,CC(C)CC(C)(C)C,mol_57615b5c3546c298,0.0487,0.3013,0.1925911009311676,2.479552745819092,28.661426544189453,CC(C)CO,mol_015d21fca05fcd26,0.8604,0.5912,0.6890131831169128,1.0167431831359863,14.154019355773926
state_61e4e6a95b22c7da64c05a0f,3c_93c3339e467773a7c208,3,ternary_vle_english.xlsx,10.1016/j.fluid.2005.05.024,unverified,0.5,isothermal,0.9574468085106383,isothermal,,,90.2,87.73048400878906,0.0,True,False,48,CC(=O)CC(C)C,mol_0a895444a9f0f36b,0.17470000000000008,0.05169999999999997,0.04344656318426132,1.1377594470977783,19.17620086669922,CC(C)O,mol_db030b5de88f8eaf,0.1334,0.1562,0.1669250726699829,2.0132367610931396,54.528236389160156,CC(C)OC(C)C,mol_1a0ca8e5eeb68da8,0.6919,0.7921,0.7896283268928528,1.0411044359207153,96.16911315917969
state_622d15c12bc457f333dd866b,3c_93c3339e467773a7c208,3,ternary_vle_english.xlsx,10.1016/j.fluid.2005.05.024,unverified,0.5,isothermal,0.9782608695652174,isothermal,,,85.45,84.90609741210938,-7.62939453125e-06,True,False,48,CC(=O)CC(C)C,mol_0a895444a9f0f36b,0.14529999999999998,0.04499999999999993,0.03925333172082901,1.196154236793518,19.17620086669922,CC(C)O,mol_db030b5de88f8eaf,0.4751,0.3734,0.3906823396682739,1.280430793762207,54.528236389160156,CC(C)OC(C)C,mol_1a0ca8e5eeb68da8,0.3796,0.5816,0.5700643062591553,1.3258699178695679,96.16911315917969
state_648367a2f0058ce388ac7b04,3c_485aadc678c8a7fb274c,3,ternary_vle_english.xlsx,10.1016/j.fluid.2011.05.011,unverified,0.5,isothermal,0.967741935483871,isothermal,,,54.64,54.87976837158203,-3.814697265625e-06,True,False,48,CC(=O)CC(C)C,mol_0a895444a9f0f36b,0.02300000000000002,0.028400000000000092,0.03400566056370735,1.7429182529449463,46.554176330566406,CC(C)CC(C)(C)C,mol_57615b5c3546c298,0.0024,0.0156,0.010635227896273136,3.037555456161499,80.06147766113281,CC(C)CO,mol_015d21fca05fcd26,0.9746,0.956,0.9553591012954712,1.001006841659546,53.7421989440918
state_64fd1147ee20c0b99fc46c17,3c_485aadc678c8a7fb274c,3,ternary_vle_english.xlsx,10.1016/j.fluid.2011.05.011,unverified,0.5,isothermal,0.9642857142857143,isothermal,,,32.96999999999999,30.143081665039062,0.0,True,False,48,CC(=O)CC(C)C,mol_0a895444a9f0f36b,0.03280000000000005,0.023500000000000076,0.021891022101044655,1.3901947736740112,14.47118854522705,CC(C)CC(C)(C)C,mol_57615b5c3546c298,0.6797,0.7464,0.7456788420677185,1.1537836790084839,28.661426544189453,CC(C)CO,mol_015d21fca05fcd26,0.2875,0.2301,0.232430100440979,1.7217193841934204,14.154019355773926
state_65ef909ff460b59ece9271a8,3c_485aadc678c8a7fb274c,3,ternary_vle_english.xlsx,10.1016/j.fluid.2011.05.011,unverified,0.5,isothermal,0.9642857142857143,isothermal,,,12.75,14.512626647949219,-9.5367431640625e-07,True,False,48,CC(=O)CC(C)C,mol_0a895444a9f0f36b,0.023800000000000043,0.04589999999999994,0.0453169159591198,1.9095243215560913,14.47118854522705,CC(C)CC(C)(C)C,mol_57615b5c3546c298,0.0004,0.005,0.002434162190183997,3.081326723098755,28.661426544189453,CC(C)CO,mol_015d21fca05fcd26,0.9758,0.9491,0.9522489309310913,1.000589370727539,14.154019355773926
state_664e0e605ffd8aedc01c44e2,3c_485aadc678c8a7fb274c,3,ternary_vle_english.xlsx,10.1016/j.fluid.2011.05.011,unverified,0.5,isothermal,0.9655172413793104,isothermal,,,29.459999999999997,30.198806762695312,0.0,True,False,48,CC(=O)CC(C)C,mol_0a895444a9f0f36b,0.7877000000000001,0.7137,0.6989966034889221,1.0180330276489258,26.323410034179688,CC(C)CC(C)(C)C,mol_57615b5c3546c298,0.0132,0.0515,0.03875737264752388,1.8317227363586426,48.40725326538086,CC(C)CO,mol_015d21fca05fcd26,0.1991,0.2348,0.2622459828853607,1.430507779121399,27.8059139251709
state_6ce8f1db021cd9f3db23565a,3c_485aadc678c8a7fb274c,3,ternary_vle_english.xlsx,10.1016/j.fluid.2011.05.011,unverified,0.5,isothermal,0.9655172413793104,isothermal,,,49.41,46.34819793701172,-3.814697265625e-06,True,False,48,CC(=O)CC(C)C,mol_0a895444a9f0f36b,0.37839999999999996,0.25039999999999996,0.25469541549682617,1.1851155757904053,26.323410034179688,CC(C)CC(C)(C)C,mol_57615b5c3546c298,0.5484,0.6578,0.664480447769165,1.1601313352584839,48.40725326538086,CC(C)CO,mol_015d21fca05fcd26,0.0732,0.0918,0.08082414418458939,1.8404570817947388,27.8059139251709
state_6d69c57e44d820cd6d2fa28f,3c_93c3339e467773a7c208,3,ternary_vle_english.xlsx,10.1016/j.fluid.2005.05.024,unverified,0.5,isothermal,0.9782608695652174,isothermal,,,16.46,16.318485260009766,0.0,True,False,48,CC(=O)CC(C)C,mol_0a895444a9f0f36b,0.9334,0.7384999999999999,0.724936306476593,1.0018118619918823,12.651026725769043,CC(C)O,mol_db030b5de88f8eaf,0.0605,0.224,0.24240581691265106,1.901840090751648,34.37902069091797,CC(C)OC(C)C,mol_1a0ca8e5eeb68da8,0.0061,0.03750000000000001,0.03265786170959473,1.2728115320205688,68.6394271850586
state_72ec84f90848f7979e4a39d3,3c_485aadc678c8a7fb274c,3,ternary_vle_english.xlsx,10.1016/j.fluid.2011.05.011,unverified,0.5,isothermal,0.967741935483871,isothermal,,,68.76,64.52592468261719,-7.62939453125e-06,True,False,48,CC(=O)CC(C)C,mol_0a895444a9f0f36b,0.04249999999999998,0.038000000000000034,0.044483523815870285,1.4507273435592651,46.554176330566406,CC(C)CC(C)(C)C,mol_57615b5c3546c298,0.0683,0.2717,0.20414383709430695,2.4089407920837402,80.06147766113281,CC(C)CO,mol_015d21fca05fcd26,0.8892,0.6903,0.7513726353645325,1.0145529508590698,53.7421989440918
state_737e01b5aa93bbbc66646d0b,3c_93c3339e467773a7c208,3,ternary_vle_english.xlsx,10.1016/j.fluid.2005.05.024,unverified,0.5,isothermal,0.9782608695652174,isothermal,,,53.31,49.7098388671875,0.0,True,False,48,CC(=O)CC(C)C,mol_0a895444a9f0f36b,0.38360000000000005,0.10159999999999991,0.10455691814422607,1.0710030794143677,12.651026725769043,CC(C)O,mol_db030b5de88f8eaf,0.1712,0.1922,0.2077278047800064,1.7544447183609009,34.37902069091797,CC(C)OC(C)C,mol_1a0ca8e5eeb68da8,0.4452,0.7062,0.6877153515815735,1.1187222003936768,68.6394271850586
state_7660b2aca5d907cd390c170b,3c_93c3339e467773a7c208,3,ternary_vle_english.xlsx,10.1016/j.fluid.2005.05.024,unverified,0.5,isothermal,0.9782608695652174,isothermal,,,19.709999999999997,19.483951568603516,0.0,True,False,48,CC(=O)CC(C)C,mol_0a895444a9f0f36b,0.8701,0.5878,0.5691441893577576,1.0074057579040527,12.651026725769043,CC(C)O,mol_db030b5de88f8eaf,0.1153,0.3361,0.36410772800445557,1.7897160053253174,34.37902069091797,CC(C)OC(C)C,mol_1a0ca8e5eeb68da8,0.0146,0.0761,0.06674809008836746,1.297744870185852,68.6394271850586
state_76cb2b64dea1b4062e88ec18,3c_28e3b8df482e382b0f63,3,ternary_vle_english.xlsx,10.1016/j.fluid.2012.11.026,unverified,0.5,isothermal,0.9411764705882353,isothermal,,,100.45,72.87611389160156,-7.62939453125e-06,True,False,48,CCO,mol_f29e20f49d416e54,0.25140000000000007,0.38039999999999996,0.5341980457305908,1.4304739236831665,108.25357818603516,CCOC(=O)OCC,mol_4df2781fcf4d4a77,0.5005,0.1756,0.18362703919410706,1.1529436111450195,23.190473556518555,O,mol_e81dc06beaa39499,0.2481,0.444,0.2821749448776245,1.7498003244400024,47.36835861206055
state_77cf7bb8170c9af7d2a04b44,3c_485aadc678c8a7fb274c,3,ternary_vle_english.xlsx,10.1016/j.fluid.2011.05.011,unverified,0.5,isothermal,0.9655172413793104,isothermal,,,36.10999999999999,34.15077209472656,-3.814697265625e-06,True,False,48,CC(=O)CC(C)C,mol_0a895444a9f0f36b,0.04139999999999999,0.04290000000000005,0.05245056003332138,1.6436454057693481,26.323410034179688,CC(C)CC(C)(C)C,mol_57615b5c3546c298,0.0594,0.3026,0.20750649273395538,2.464536666870117,48.40725326538086,CC(C)CO,mol_015d21fca05fcd26,0.8992,0.6545,0.7400429248809814,1.0107969045639038,27.8059139251709
state_7836c5e25386a8b02789d480,3c_93c3339e467773a7c208,3,ternary_vle_english.xlsx,10.1016/j.fluid.2005.05.024,unverified,0.5,isothermal,0.9782608695652174,isothermal,,,26.329999999999995,25.150924682617188,0.0,True,False,48,CC(=O)CC(C)C,mol_0a895444a9f0f36b,0.7357,0.3951,0.38330355286598206,1.0357866287231445,12.651026725769043,CC(C)O,mol_db030b5de88f8eaf,0.2301,0.4568,0.49217697978019714,1.5648226737976074,34.37902069091797,CC(C)OC(C)C,mol_1a0ca8e5eeb68da8,0.0342,0.1481,0.12451941519975662,1.334108829498291,68.6394271850586
state_79a84cb846c5dd7ba3396bdf,3c_93c3339e467773a7c208,3,ternary_vle_english.xlsx,10.1016/j.fluid.2005.05.024,unverified,0.5,isothermal,0.9782608695652174,isothermal,,,24.409999999999997,23.265296936035156,0.0,True,False,48,CC(=O)CC(C)C,mol_0a895444a9f0f36b,0.8397,0.4568000000000001,0.45879998803138733,1.0048056840896606,12.651026725769043,CC(C)O,mol_db030b5de88f8eaf,0.0538,0.1367,0.151373490691185,1.9040688276290894,34.37902069091797,CC(C)OC(C)C,mol_1a0ca8e5eeb68da8,0.1065,0.4065,0.3898264765739441,1.240671157836914,68.6394271850586
state_79d011202340bd02d3b87a61,3c_28e3b8df482e382b0f63,3,ternary_vle_english.xlsx,10.1016/j.fluid.2012.11.026,unverified,0.5,isothermal,0.9411764705882353,isothermal,,,134.63399999999993,116.70281982421875,0.0,True,False,48,CCO,mol_f29e20f49d416e54,0.4475,0.687,0.7699282765388489,1.2727570533752441,157.7586212158203,CCOC(=O)OCC,mol_4df2781fcf4d4a77,0.5042,0.188,0.1730477511882782,1.1724343299865723,34.16299819946289,O,mol_e81dc06beaa39499,0.0483,0.125,0.05702399089932442,1.9657349586486816,70.09174346923828
state_7a34c8f7b75839393d1f6860,3c_93c3339e467773a7c208,3,ternary_vle_english.xlsx,10.1016/j.fluid.2005.05.024,unverified,0.5,isothermal,0.9782608695652174,isothermal,,,34.27,34.55635070800781,0.0,True,False,48,CC(=O)CC(C)C,mol_0a895444a9f0f36b,0.8193,0.47429999999999994,0.4581265151500702,1.0076454877853394,19.17620086669922,CC(C)O,mol_db030b5de88f8eaf,0.1314,0.3284,0.3622857928276062,1.747279405593872,54.528236389160156,CC(C)OC(C)C,mol_1a0ca8e5eeb68da8,0.0493,0.1973,0.17958761751651764,1.308945894241333,96.16911315917969
state_7b8f148afa226df256d7d102,3c_93c3339e467773a7c208,3,ternary_vle_english.xlsx,10.1016/j.fluid.2005.05.024,unverified,0.5,isothermal,0.9782608695652174,isothermal,,,34.65,35.20054626464844,0.0,True,False,48,CC(=O)CC(C)C,mol_0a895444a9f0f36b,0.7955,0.47240000000000004,0.43995150923728943,1.0151996612548828,19.17620086669922,CC(C)O,mol_db030b5de88f8eaf,0.1753,0.4089,0.45373716950416565,1.670899748802185,54.528236389160156,CC(C)OC(C)C,mol_1a0ca8e5eeb68da8,0.0292,0.1187,0.10631140321493149,1.3326336145401,96.16911315917969
state_7d602d34f594651a93f6d25c,3c_93c3339e467773a7c208,3,ternary_vle_english.xlsx,10.1016/j.fluid.2005.05.024,unverified,0.5,isothermal,0.9782608695652174,isothermal,,,51.22999999999999,49.01213836669922,0.0,True,False,48,CC(=O)CC(C)C,mol_0a895444a9f0f36b,0.6748000000000001,0.2694,0.2682330012321472,1.0159637928009033,19.17620086669922,CC(C)O,mol_db030b5de88f8eaf,0.0959,0.1753,0.19217759370803833,1.8012183904647827,54.528236389160156,CC(C)OC(C)C,mol_1a0ca8e5eeb68da8,0.2293,0.5553,0.5395894050598145,1.1992987394332886,96.16911315917969
state_7e19435ef57ee3c133869aa2,3c_485aadc678c8a7fb274c,3,ternary_vle_english.xlsx,10.1016/j.fluid.2011.05.011,unverified,0.5,isothermal,0.9655172413793104,isothermal,,,51.430000000000014,45.49847412109375,0.0,True,False,48,CC(=O)CC(C)C,mol_0a895444a9f0f36b,0.03979999999999995,0.026000000000000023,0.030933253467082977,1.3433748483657837,26.323410034179688,CC(C)CC(C)(C)C,mol_57615b5c3546c298,0.265,0.5749,0.5075324177742004,1.800131916999817,48.40725326538086,CC(C)CO,mol_015d21fca05fcd26,0.6952,0.3991,0.461534321308136,1.0863102674484253,27.8059139251709
state_3cef14ffb0da07bf163c7562,3c_1a08c4f653f7d812cdc9,3,ternary_vle_english.xlsx,10.1016/j.jct.2019.03.036,unverified,0.5,isobaric,0.972972972972973,isobaric,389.89,394.122314453125,,,0.0002593994140625,True,False,48,CCCOC(C)=O,mol_67043ae833ecd0c7,0.3838,0.8982,0.8679320812225342,1.2875707149505615,177.9181365966797,CCOC(C)=O,mol_18876b584acc43d4,0.013,0.0395,0.05238883197307587,1.1503140926361084,354.8865051269531,CS(C)=O,mol_7d3e12eaed0f467c,0.6032,0.06230000000000002,0.07967915385961533,1.1683030128479004,11.453505516052246
state_3ded118352385538ea1a3811,3c_f1332761d3af136f02b5,3,ternary_vle_english.xlsx,10.1016/j.fluid.2014.04.025,unverified,0.5,isobaric,0.9473684210526315,isobaric,385.71,388.55877685546875,,,7.62939453125e-05,True,False,48,COCCO,mol_d291b272a64498d9,0.6339,0.4867,0.513038694858551,1.049109697341919,78.14807891845703,CS(C)=O,mol_7d3e12eaed0f467c,0.09860000000000002,0.005099999999999993,0.011204283684492111,1.2435685396194458,9.256509780883789,Cc1ccccc1,mol_1c09299644053521,0.2675,0.5082,0.47575700283050537,1.5572501420974731,115.69451904296875
state_3e2cceed97471bc199d2843d,3c_b0299b0750b396fc0e73,3,ternary_vle_english.xlsx,10.1016/j.fluid.2008.09.010,unverified,0.5,isobaric,0.9444444444444444,isobaric,368.55,337.3306884765625,,,0.000186920166015625,True,False,48,CC(=O)O,mol_9ac385b135af0125,0.3213,0.1966,0.31824636459350586,0.9197592735290527,14.355381965637207,CS(C)=O,mol_7d3e12eaed0f467c,0.4749,0.07650000000000001,0.024743303656578064,0.7792412042617798,0.891291618347168,O,mol_e81dc06beaa39499,0.2038,0.7269,0.6570103168487549,1.7811135053634644,24.127517700195312
state_3e53b24517d90abb2c49ffa4,3c_20e37ef734cab2512529,3,ternary_vle_english.xlsx,10.1016/j.fluid.2012.12.020,unverified,0.5,isobaric,0.9230769230769231,isobaric,375.71,374.2884826660156,,,0.0004730224609375,True,False,48,CC(C)O,mol_db030b5de88f8eaf,0.3031,0.5264,0.6358228921890259,1.0156161785125732,208.61428833007812,CCCCCO,mol_243de2450bee5519,0.04800000000000004,0.16910000000000003,0.01172663364559412,0.9516898393630981,25.927467346191406,CCCCO,mol_ad4ef9c6c876ca2f,0.6489,0.3045,0.3524504601955414,1.0043450593948364,54.62114334106445
state_3f0ac9d6424b4a30e2ada120,3c_f6a2de3ac0acbac84e4f,3,ternary_vle_english.xlsx,10.1016/j.fluid.2005.01.007,unverified,0.5,isobaric,0.9818181818181818,isobaric,337.79,339.8663635253906,,,0.0,True,False,48,CC(C)=O,mol_e04cf77cea7bbe66,0.182,0.346,0.37881386280059814,1.4679358005523682,143.6338653564453,CC(C)CC(C)(C)C,mol_57615b5c3546c298,0.47,0.28400000000000003,0.24174918234348297,1.427945613861084,36.48925018310547,CCO,mol_f29e20f49d416e54,0.348,0.37,0.3794369697570801,1.7525595426559448,63.022705078125
state_3f28d76b094e5e4d86f8c7bc,3c_2d8df0569d9d03284715,3,ternary_vle_english.xlsx,10.1016/j.fluid.2007.06.005,unverified,0.5,isobaric,0.9622641509433962,isobaric,347.83,348.3033142089844,,,6.103515625e-05,True,False,48,CC(C)CC(C)(C)C,mol_57615b5c3546c298,0.238,0.22299999999999998,0.19135113060474396,1.6739516258239746,48.65426254272461,CCC(C)=O,mol_4cfc5db0ca2ab00b,0.669,0.613,0.629873514175415,1.0779880285263062,88.47549438476562,CCO,mol_f29e20f49d416e54,0.093,0.164,0.17877541482448578,2.1790504455566406,89.36495971679688
state_3fb3c26f8db7275066f38a53,3c_b0299b0750b396fc0e73,3,ternary_vle_english.xlsx,10.1016/j.fluid.2008.09.010,unverified,0.5,isobaric,0.9444444444444444,isobaric,363.7,335.7537536621094,,,0.00033664703369140625,True,False,48,CC(=O)O,mol_9ac385b135af0125,0.3193,0.1523,0.29893937706947327,0.9305631518363953,13.411566734313965,CS(C)=O,mol_7d3e12eaed0f467c,0.44310000000000005,0.07940000000000003,0.021487876772880554,0.7895467281341553,0.8187570571899414,O,mol_e81dc06beaa39499,0.2376,0.7683,0.6795727610588074,1.6969350576400757,22.46805191040039
state_41061de539420171d0e21035,3c_f1332761d3af136f02b5,3,ternary_vle_english.xlsx,10.1016/j.fluid.2014.04.025,unverified,0.5,isobaric,0.9473684210526315,isobaric,411.62,406.4359130859375,,,9.1552734375e-05,True,False,48,COCCO,mol_d291b272a64498d9,0.3604,0.4449,0.5342702269554138,1.096397876739502,136.9676055908203,CS(C)=O,mol_7d3e12eaed0f467c,0.5312,0.1049,0.09793780744075775,1.0421055555343628,17.922164916992188,Cc1ccccc1,mol_1c09299644053521,0.1084,0.4502,0.367792010307312,1.858120322227478,184.97329711914062
state_42e1164836ff877f98f1890d,3c_c1f86c0bca7d787912fb,3,ternary_vle_english.xlsx,10.1016/j.jct.2011.10.025,unverified,0.5,isobaric,0.9807692307692307,isobaric,357.65,356.3912048339844,,,6.866455078125e-05,True,False,48,C1CCOCC1,mol_626f3d1f5bbb6f55,0.743,0.678,0.6611081957817078,1.017479419708252,88.58656311035156,CC(C)CC(C)(C)C,mol_57615b5c3546c298,0.050000000000000044,0.03699999999999992,0.0547846220433712,1.7577154636383057,63.14657974243164,CC(C)O,mol_db030b5de88f8eaf,0.207,0.285,0.2841072082519531,1.286820888519287,108.04471588134766
state_433188ea744917acef3a53c0,3c_1a08c4f653f7d812cdc9,3,ternary_vle_english.xlsx,10.1016/j.jct.2019.03.036,unverified,0.5,isobaric,0.972972972972973,isobaric,386.29999999999995,383.9527282714844,,,0.00046539306640625,True,False,48,CCCOC(C)=O,mol_67043ae833ecd0c7,0.3567,0.6712,0.561203122138977,1.1904807090759277,133.8770294189453,CCOC(C)=O,mol_18876b584acc43d4,0.1316,0.276,0.3904278576374054,1.0990713834762573,273.4452819824219,CS(C)=O,mol_7d3e12eaed0f467c,0.5117,0.05279999999999996,0.048369016498327255,1.2405266761779785,7.718931674957275
state_4418aa111fb42b0e25d57c60,3c_20e37ef734cab2512529,3,ternary_vle_english.xlsx,10.1016/j.fluid.2012.12.020,unverified,0.5,isobaric,0.9230769230769231,isobaric,401.16999999999996,404.38031005859375,,,0.0001220703125,True,False,48,CC(C)O,mol_db030b5de88f8eaf,0.0216,0.2429,0.13741016387939453,1.2077996730804443,531.9760131835938,CCCCCO,mol_243de2450bee5519,0.8748,0.4024,0.7061375975608826,1.0036457777023315,81.23103332519531,CCCCO,mol_ad4ef9c6c876ca2f,0.1036,0.3547,0.1564522683620453,0.9502769112586975,160.50694274902344
state_44a075e153ee4eef726eb5b1,3c_6b60b4a3a536506a27ae,3,ternary_vle_english.xlsx,10.1016/j.fluid.2006.08.004,unverified,0.5,isobaric,0.9821428571428571,isobaric,343.41,344.3828125,,,-0.00026702880859375,True,False,48,CC(C)CC(C)(C)C,mol_57615b5c3546c298,0.348,0.29800000000000004,0.24266783893108368,1.6560873985290527,42.653831481933594,CC(C)OC(C)C,mol_1a0ca8e5eeb68da8,0.097,0.115,0.1641678810119629,1.5483304262161255,110.72893524169922,CCO,mol_f29e20f49d416e54,0.555,0.587,0.593164324760437,1.421386957168579,76.16895294189453
state_454f6fde4b0795e7ccbb1593,3c_f6a2de3ac0acbac84e4f,3,ternary_vle_english.xlsx,10.1016/j.fluid.2005.01.007,unverified,0.5,isobaric,0.9818181818181818,isobaric,338.35,338.6703186035156,,,0.000213623046875,True,False,48,CC(C)=O,mol_e04cf77cea7bbe66,0.189,0.314,0.3935757577419281,1.5258574485778809,138.24929809570312,CC(C)CC(C)(C)C,mol_57615b5c3546c298,0.2569999999999999,0.261,0.17920498549938202,2.0191688537597656,34.982810974121094,CCO,mol_f29e20f49d416e54,0.554,0.425,0.4272192716598511,1.3046000003814697,59.87893295288086
state_476bf1c22f7fed21710c787a,3c_2d8df0569d9d03284715,3,ternary_vle_english.xlsx,10.1016/j.fluid.2007.06.005,unverified,0.5,isobaric,0.9807692307692307,isobaric,346.02,346.2477111816406,,,0.00183868408203125,True,False,48,CC(C)CC(C)(C)C,mol_57615b5c3546c298,0.2230000000000001,0.16199999999999992,0.1707310527563095,1.707207202911377,45.42958450317383,CCC(C)=O,mol_4cfc5db0ca2ab00b,0.565,0.507,0.5154256224632263,1.117919921875,82.66548156738281,CCO,mol_f29e20f49d416e54,0.212,0.331,0.313843309879303,1.823803186416626,82.22737121582031
state_48db36a50b1bc5c30393d2ce,3c_f6a2de3ac0acbac84e4f,3,ternary_vle_english.xlsx,10.1016/j.fluid.2005.01.007,unverified,0.5,isobaric,0.9818181818181818,isobaric,333.86,332.3957214355469,,,-1.52587890625e-05,True,False,48,CC(C)=O,mol_e04cf77cea7bbe66,0.493,0.636,0.6797096729278564,1.240796685218811,112.5603256225586,CC(C)CC(C)(C)C,mol_57615b5c3546c298,0.050999999999999934,0.08099999999999996,0.04228478670120239,3.0131585597991943,27.874134063720703,CCO,mol_f29e20f49d416e54,0.456,0.283,0.2780054807662964,1.358625888824463,45.45671463012695
state_49872cac53b642db86e2adb7,3c_1a08c4f653f7d812cdc9,3,ternary_vle_english.xlsx,10.1016/j.jct.2019.03.036,unverified,0.5,isobaric,0.972972972972973,isobaric,377.53,373.771484375,,,-4.57763671875e-05,True,False,48,CCCOC(C)=O,mol_67043ae833ecd0c7,0.1588,0.2314,0.17992988228797913,1.161550760269165,98.81522369384766,CCOC(C)=O,mol_18876b584acc43d4,0.3381,0.7354,0.788925051689148,1.141573190689087,207.05995178222656,CS(C)=O,mol_7d3e12eaed0f467c,0.5031,0.033199999999999896,0.031145013868808746,1.2360485792160034,5.073503017425537
state_49abbe5268147ff968b13a06,3c_2d8df0569d9d03284715,3,ternary_vle_english.xlsx,10.1016/j.fluid.2007.06.005,unverified,0.5,isobaric,0.9807692307692307,isobaric,344.32,346.8211669921875,,,0.0018310546875,True,False,48,CC(C)CC(C)(C)C,mol_57615b5c3546c298,0.4029999999999999,0.31800000000000006,0.3067576289176941,1.665015459060669,46.31155776977539,CCC(C)=O,mol_4cfc5db0ca2ab00b,0.052,0.059,0.06945496797561646,1.6059130430221558,84.25492095947266,CCO,mol_f29e20f49d416e54,0.545,0.623,0.6237874031066895,1.3775393962860107,84.16922760009766
state_49e2270e2f469000d66476c0,3c_1a08c4f653f7d812cdc9,3,ternary_vle_english.xlsx,10.1016/j.jct.2019.03.036,unverified,0.5,isobaric,0.972972972972973,isobaric,370.22,368.788330078125,,,-6.866455078125e-05,True,False,48,CCCOC(C)=O,mol_67043ae833ecd0c7,0.0392,0.0433,0.037196140736341476,1.1371514797210693,84.52839660644531,CCOC(C)=O,mol_18876b584acc43d4,0.4534,0.9347,0.9377806186676025,1.1673046350479126,179.49183654785156,CS(C)=O,mol_7d3e12eaed0f467c,0.5074,0.02200000000000002,0.025023197755217552,1.220862865447998,4.091989994049072
state_4a18d3d885b0523b5bd20a8e,3c_6b60b4a3a536506a27ae,3,ternary_vle_english.xlsx,10.1016/j.fluid.2006.08.004,unverified,0.5,isobaric,0.9821428571428571,isobaric,344.16,342.2744445800781,,,0.00031280517578125,True,False,48,CC(C)CC(C)(C)C,mol_57615b5c3546c298,0.04500000000000004,0.10099999999999998,0.06326209753751755,3.5889129638671875,39.680660247802734,CC(C)OC(C)C,mol_1a0ca8e5eeb68da8,0.095,0.221,0.3027121126651764,3.1181063652038574,103.52043151855469,CCO,mol_f29e20f49d416e54,0.86,0.678,0.6340258121490479,1.0703656673431396,69.77294921875
state_4a8607814fd5c5af07ce0403,3c_1a08c4f653f7d812cdc9,3,ternary_vle_english.xlsx,10.1016/j.jct.2019.03.036,unverified,0.5,isobaric,0.972972972972973,isobaric,385.64,388.87103271484375,,,0.0003662109375,True,False,48,CCCOC(C)=O,mol_67043ae833ecd0c7,0.307,0.6984,0.6000106334686279,1.2859264612197876,153.96267700195312,CCOC(C)=O,mol_18876b584acc43d4,0.0931,0.2501,0.33516791462898254,1.1733239889144897,310.8177795410156,CS(C)=O,mol_7d3e12eaed0f467c,0.5999,0.05149999999999999,0.06482147425413132,1.168243646621704,9.369525909423828
state_4aee04a1009956309a49204c,3c_f1332761d3af136f02b5,3,ternary_vle_english.xlsx,10.1016/j.fluid.2014.04.025,unverified,0.5,isobaric,0.9473684210526315,isobaric,387.12,389.2691955566406,,,-0.00020599365234375,True,False,48,COCCO,mol_d291b272a64498d9,0.4234,0.3291,0.3794437646865845,1.1349459886550903,79.98893737792969,CS(C)=O,mol_7d3e12eaed0f467c,0.2057,0.013600000000000056,0.023563606664538383,1.2195277214050293,9.515341758728027,Cc1ccccc1,mol_1c09299644053521,0.3709,0.6573,0.5969926118850708,1.381966233253479,117.98403930664062
state_4b297433ff73be5438e4c760,3c_1a08c4f653f7d812cdc9,3,ternary_vle_english.xlsx,10.1016/j.jct.2019.03.036,unverified,0.5,isobaric,0.972972972972973,isobaric,383.16999999999996,385.7459411621094,,,0.0009765625,True,False,48,CCCOC(C)=O,mol_67043ae833ecd0c7,0.2570000000000001,0.5758,0.4592374265193939,1.2842819690704346,140.94752502441406,CCOC(C)=O,mol_18876b584acc43d4,0.1437,0.3778,0.48355793952941895,1.189197301864624,286.6496887207031,CS(C)=O,mol_7d3e12eaed0f467c,0.5992999999999999,0.0464,0.057204607874155045,1.16647469997406,8.289437294006348
state_4b6e11898ac137f1472910c1,3c_f6a2de3ac0acbac84e4f,3,ternary_vle_english.xlsx,10.1016/j.fluid.2005.01.007,unverified,0.5,isobaric,0.9818181818181818,isobaric,344.83,347.6183776855469,,,0.0002593994140625,True,False,48,CC(C)=O,mol_e04cf77cea7bbe66,0.041,0.122,0.1510123610496521,2.0423693656921387,182.68585205078125,CC(C)CC(C)(C)C,mol_57615b5c3546c298,0.7949999999999999,0.4119999999999999,0.3977775573730469,1.0657155513763428,47.56005859375,CCO,mol_f29e20f49d416e54,0.164,0.466,0.45121002197265625,3.2060251235961914,86.93177795410156
state_4c29ffcaafffdf4032c4d01b,3c_6b60b4a3a536506a27ae,3,ternary_vle_english.xlsx,10.1016/j.fluid.2006.08.004,unverified,0.5,isobaric,0.9821428571428571,isobaric,343.83,344.9605407714844,,,-0.00020599365234375,True,False,48,CC(C)CC(C)(C)C,mol_57615b5c3546c298,0.248,0.29200000000000004,0.23270395398139954,2.185152769088745,43.498958587646484,CC(C)OC(C)C,mol_1a0ca8e5eeb68da8,0.05,0.075,0.11511939018964767,2.068157911300659,112.77253723144531,CCO,mol_f29e20f49d416e54,0.702,0.633,0.6521767377853394,1.2064718008041382,78.00447845458984
state_4c61d18fe1fbb0058ab83e50,3c_2d8df0569d9d03284715,3,ternary_vle_english.xlsx,10.1016/j.fluid.2007.06.005,unverified,0.5,isobaric,0.9807692307692307,isobaric,345.79,346.3990173339844,,,0.0017852783203125,True,False,48,CC(C)CC(C)(C)C,mol_57615b5c3546c298,0.29600000000000004,0.236,0.208942249417305,1.5660488605499268,45.66109848022461,CCC(C)=O,mol_4cfc5db0ca2ab00b,0.484,0.442,0.46269962191581726,1.1656354665756226,83.08222961425781,CCO,mol_f29e20f49d416e54,0.22,0.322,0.32835814356803894,1.8274613618850708,82.73590850830078
state_4d5aaa98295d7845acc5f642,3c_2d8df0569d9d03284715,3,ternary_vle_english.xlsx,10.1016/j.fluid.2007.06.005,unverified,0.5,isobaric,0.9807692307692307,isobaric,344.19,346.5892639160156,,,0.0018768310546875,True,False,48,CC(C)CC(C)(C)C,mol_57615b5c3546c298,0.30799999999999994,0.2909999999999999,0.27612167596817017,1.9762873649597168,45.95335006713867,CCC(C)=O,mol_4cfc5db0ca2ab00b,0.05,0.058,0.06968392431735992,1.6886001825332642,83.60904693603516,CCO,mol_f29e20f49d416e54,0.642,0.651,0.6541944146156311,1.2380292415618896,83.37932586669922
state_4d703e5e52af1cc2c3cce92d,3c_f6a2de3ac0acbac84e4f,3,ternary_vle_english.xlsx,10.1016/j.fluid.2005.01.007,unverified,0.5,isobaric,0.9818181818181818,isobaric,343.19,343.90289306640625,,,0.0002899169921875,True,False,48,CC(C)=O,mol_e04cf77cea7bbe66,0.051,0.118,0.16479893028736115,2.007657289505005,163.044189453125,CC(C)CC(C)(C)C,mol_57615b5c3546c298,0.1429999999999999,0.254,0.1838783621788025,3.104196071624756,41.961997985839844,CCO,mol_f29e20f49d416e54,0.806,0.628,0.6513226628303528,1.0962646007537842,74.6717758178711
state_4dc4b855df29320844bacc1f,3c_1a08c4f653f7d812cdc9,3,ternary_vle_english.xlsx,10.1016/j.jct.2019.03.036,unverified,0.5,isobaric,0.972972972972973,isobaric,385.60999999999996,382.3016052246094,,,0.0001068115234375,True,False,48,CCCOC(C)=O,mol_67043ae833ecd0c7,0.3142,0.5855,0.4730987250804901,1.1952354907989502,127.6150894165039,CCOC(C)=O,mol_18876b584acc43d4,0.1672,0.3634,0.48131218552589417,1.114274024963379,261.702880859375,CS(C)=O,mol_7d3e12eaed0f467c,0.5186000000000001,0.05109999999999992,0.04558910056948662,1.232786774635315,7.223546028137207
state_4f0cdedd3418905bccead8bf,3c_6e76d885d4575498aef9,3,ternary_vle_english.xlsx,10.1016/j.fluid.2015.08.014,unverified,0.5,isobaric,0.9411764705882353,isobaric,349.41,350.8052673339844,,,-5.340576171875e-05,True,False,48,CO,mol_a85d32e4db2ff39c,0.029,0.028,0.0780138298869133,1.6404701471328735,166.11715698242188,COC(C)=O,mol_b9c4464ceb7b1e3f,0.36,0.961,0.9102265238761902,1.294233798980713,197.89894104003906,CS(C)=O,mol_7d3e12eaed0f467c,0.611,0.01100000000000001,0.011759624816477299,1.0966070890426636,1.7779126167297363
state_4f4a24cdaf3c04a32c40fe0f,3c_6b60b4a3a536506a27ae,3,ternary_vle_english.xlsx,10.1016/j.fluid.2006.08.004,unverified,0.5,isobaric,0.9821428571428571,isobaric,340.54,339.6737976074219,,,-3.0517578125e-05,True,False,48,CC(C)CC(C)(C)C,mol_57615b5c3546c298,0.14700000000000002,0.127,0.08948417752981186,1.701409935951233,36.243431091308594,CC(C)OC(C)C,mol_1a0ca8e5eeb68da8,0.286,0.386,0.41942352056503296,1.561307430267334,95.14974212646484,CCO,mol_f29e20f49d416e54,0.567,0.487,0.49109235405921936,1.4036462306976318,62.50745391845703
state_506a8bf1180c15b9de081b79,3c_f6a2de3ac0acbac84e4f,3,ternary_vle_english.xlsx,10.1016/j.fluid.2005.01.007,unverified,0.5,isobaric,0.9818181818181818,isobaric,337.93,341.7737121582031,,,-6.866455078125e-05,True,False,48,CC(C)=O,mol_e04cf77cea7bbe66,0.171,0.409,0.4353257119655609,1.6903488636016846,152.56362915039062,CC(C)CC(C)(C)C,mol_57615b5c3546c298,0.693,0.30800000000000005,0.2976553440093994,1.1156682968139648,38.99909591674805,CCO,mol_f29e20f49d416e54,0.136,0.283,0.2670189142227173,2.9110794067382812,68.3216323852539
state_50eee4908cb65919a20eb970,3c_6b60b4a3a536506a27ae,3,ternary_vle_english.xlsx,10.1016/j.fluid.2006.08.004,unverified,0.5,isobaric,0.9821428571428571,isobaric,342.34,341.9458923339844,,,-0.00016021728515625,True,False,48,CC(C)CC(C)(C)C,mol_57615b5c3546c298,0.15399999999999991,0.07500000000000007,0.06579818576574326,1.1032094955444336,39.23231887817383,CC(C)OC(C)C,mol_1a0ca8e5eeb68da8,0.798,0.821,0.8120085597038269,1.0063122510910034,102.43154907226562,CCO,mol_f29e20f49d416e54,0.048,0.104,0.12219326198101044,3.7472736835479736,68.81757354736328
state_518c09cda8e89375b1b4d1c9,3c_b0299b0750b396fc0e73,3,ternary_vle_english.xlsx,10.1016/j.fluid.2008.09.010,unverified,0.5,isobaric,0.9444444444444444,isobaric,362.15,336.3404846191406,,,0.00028133392333984375,True,False,48,CC(=O)O,mol_9ac385b135af0125,0.3215,0.1712,0.3075820803642273,0.9270698428153992,13.75646686553955,CS(C)=O,mol_7d3e12eaed0f467c,0.4547,0.0796,0.022619763389229774,0.7846672534942627,0.8451170921325684,O,mol_e81dc06beaa39499,0.2238,0.7492,0.6697981357574463,1.7290385961532593,23.07376480102539
state_51f3f97af222d1bc8e74091d,3c_f6a2de3ac0acbac84e4f,3,ternary_vle_english.xlsx,10.1016/j.fluid.2005.01.007,unverified,0.5,isobaric,0.9818181818181818,isobaric,332.45,331.34442138671875,,,7.62939453125e-06,True,False,48,CC(C)=O,mol_e04cf77cea7bbe66,0.596,0.705,0.7306045889854431,1.142862319946289,108.65550231933594,CC(C)CC(C)(C)C,mol_57615b5c3546c298,0.052000000000000046,0.07700000000000007,0.03870762139558792,2.8129615783691406,26.806421279907227,CCO,mol_f29e20f49d416e54,0.352,0.218,0.23068778216838837,1.5313212871551514,43.35359573364258
state_52db4be3a7bedb445c323419,3c_1a08c4f653f7d812cdc9,3,ternary_vle_english.xlsx,10.1016/j.jct.2019.03.036,unverified,0.5,isobaric,0.972972972972973,isobaric,387.14,388.8694763183594,,,-0.0003662109375,True,False,48,CCCOC(C)=O,mol_67043ae833ecd0c7,0.4649,0.8843,0.8361430764198303,1.1834014654159546,153.95608520507812,CCOC(C)=O,mol_18876b584acc43d4,0.0323,0.0605,0.10566278547048569,1.0661957263946533,310.8067932128906,CS(C)=O,mol_7d3e12eaed0f467c,0.5028,0.05520000000000003,0.05819416046142578,1.2514114379882812,9.368971824645996
state_52e54b8f1887db57081d3545,3c_f6a2de3ac0acbac84e4f,3,ternary_vle_english.xlsx,10.1016/j.fluid.2005.01.007,unverified,0.5,isobaric,0.9818181818181818,isobaric,335.51,333.7344665527344,,,0.001495361328125,True,False,48,CC(C)=O,mol_e04cf77cea7bbe66,0.391,0.569,0.6238114833831787,1.3732205629348755,117.69341278076172,CC(C)CC(C)(C)C,mol_57615b5c3546c298,0.050999999999999934,0.09000000000000008,0.0486067570745945,3.2970223426818848,29.2833309173584,CCO,mol_f29e20f49d416e54,0.558,0.341,0.3275817632675171,1.2323267459869385,48.258689880371094
state_534bf920880b56de0c94afa0,3c_6e76d885d4575498aef9,3,ternary_vle_english.xlsx,10.1016/j.fluid.2015.08.014,unverified,0.5,isobaric,0.9411764705882353,isobaric,351.93,349.4880676269531,,,3.0517578125e-05,True,False,48,CO,mol_a85d32e4db2ff39c,0.148,0.164,0.33873140811920166,1.4639177322387695,158.37501525878906,COC(C)=O,mol_b9c4464ceb7b1e3f,0.243,0.824,0.6506195664405823,1.4264572858810425,190.1392059326172,CS(C)=O,mol_7d3e12eaed0f467c,0.609,0.01200000000000001,0.01064897608011961,1.063068151473999,1.6662455797195435
state_538334574459b0ba6b62d696,3c_c1f86c0bca7d787912fb,3,ternary_vle_english.xlsx,10.1016/j.jct.2011.10.025,unverified,0.5,isobaric,0.9807692307692307,isobaric,354.44,353.54541015625,,,0.00026702880859375,True,False,48,C1CCOCC1,mol_626f3d1f5bbb6f55,0.251,0.225,0.2336828112602234,1.1654143333435059,80.92511749267578,CC(C)CC(C)(C)C,mol_57615b5c3546c298,0.049000000000000044,0.06000000000000005,0.07222925126552582,2.587742805480957,57.70408248901367,CC(C)O,mol_db030b5de88f8eaf,0.7,0.715,0.6940879225730896,1.0406382083892822,96.522216796875
state_543e86178e73d0f1911ba3a6,3c_c1f86c0bca7d787912fb,3,ternary_vle_english.xlsx,10.1016/j.jct.2011.10.025,unverified,0.5,isobaric,0.9807692307692307,isobaric,358.87,357.7253112792969,,,-6.103515625e-05,True,False,48,C1CCOCC1,mol_626f3d1f5bbb6f55,0.745,0.706,0.6882979273796082,1.0131183862686157,92.37813568115234,CC(C)CC(C)(C)C,mol_57615b5c3546c298,0.15900000000000003,0.119,0.15364429354667664,1.4868897199630737,65.83392333984375,CC(C)O,mol_db030b5de88f8eaf,0.096,0.175,0.1580577939748764,1.4653552770614624,113.8179931640625
state_56282fd9584047b74f0e48e6,3c_6b60b4a3a536506a27ae,3,ternary_vle_english.xlsx,10.1016/j.fluid.2006.08.004,unverified,0.5,isobaric,0.9821428571428571,isobaric,344.5,346.5189208984375,,,0.00173187255859375,True,False,48,CC(C)CC(C)(C)C,mol_57615b5c3546c298,0.5549999999999999,0.362,0.32801908254623413,1.305960774421692,45.845096588134766,CC(C)OC(C)C,mol_1a0ca8e5eeb68da8,0.051,0.056,0.07554332166910172,1.2669634819030762,118.43462371826172,CCO,mol_f29e20f49d416e54,0.394,0.582,0.5964375734329224,1.8444676399230957,83.14088439941406
state_586e2f7d4de1e8a3917f563f,3c_f6a2de3ac0acbac84e4f,3,ternary_vle_english.xlsx,10.1016/j.fluid.2005.01.007,unverified,0.5,isobaric,0.9818181818181818,isobaric,341.44,341.7883605957031,,,-5.340576171875e-05,True,False,48,CC(C)=O,mol_e04cf77cea7bbe66,0.093,0.192,0.26388314366340637,1.883162021636963,152.6336212158203,CC(C)CC(C)(C)C,mol_57615b5c3546c298,0.14200000000000002,0.242,0.16161592304706573,2.9548025131225586,39.01903533935547,CCO,mol_f29e20f49d416e54,0.765,0.566,0.5745009183883667,1.1127920150756836,68.36354064941406
state_5884bff2349d586e59c99edc,3c_b0299b0750b396fc0e73,3,ternary_vle_english.xlsx,10.1016/j.fluid.2008.09.010,unverified,0.5,isobaric,0.9444444444444444,isobaric,369.4,337.647216796875,,,0.0001983642578125,True,False,48,CC(=O)O,mol_9ac385b135af0125,0.3237,0.2085,0.32469096779823303,0.9188846945762634,14.551344871520996,CS(C)=O,mol_7d3e12eaed0f467c,0.47950000000000004,0.07950000000000002,0.02532932721078396,0.7767836451530457,0.9065079092979431,O,mol_e81dc06beaa39499,0.1968,0.712,0.6499797105789185,1.798983097076416,24.47283363342285
state_5acdd49d6ba42d5ea2faff61,3c_6b60b4a3a536506a27ae,3,ternary_vle_english.xlsx,10.1016/j.fluid.2006.08.004,unverified,0.5,isobaric,0.9821428571428571,isobaric,345.29,347.428955078125,,,0.00060272216796875,True,False,48,CC(C)CC(C)(C)C,mol_57615b5c3546c298,0.661,0.382,0.3552665412425995,1.1520237922668457,47.26105880737305,CC(C)OC(C)C,mol_1a0ca8e5eeb68da8,0.051,0.055,0.07066341489553452,1.151943325996399,121.84434509277344,CCO,mol_f29e20f49d416e54,0.288,0.563,0.5740700364112854,2.3406264781951904,86.26851654052734
state_5ae01bcdbb8cc14e96b9d422,3c_b0299b0750b396fc0e73,3,ternary_vle_english.xlsx,10.1016/j.fluid.2008.09.010,unverified,0.5,isobaric,0.9444444444444444,isobaric,387.84,352.0631103515625,,,6.866455078125e-05,True,False,48,CC(=O)O,mol_9ac385b135af0125,0.2616,0.2199,0.40949705243110657,0.7960100769996643,26.213611602783203,CS(C)=O,mol_7d3e12eaed0f467c,0.6694,0.41889999999999994,0.07651221752166748,0.8059068322181702,1.8905693292617798,O,mol_e81dc06beaa39499,0.069,0.3612,0.5139907002449036,2.190859794616699,45.32355880737305
state_5ca0dbace2a90b4597ee61a7,3c_6b60b4a3a536506a27ae,3,ternary_vle_english.xlsx,10.1016/j.fluid.2006.08.004,unverified,0.5,isobaric,0.9649122807017544,isobaric,344.07,345.9326171875,,,0.00028228759765625,True,False,48,CC(C)CC(C)(C)C,mol_57615b5c3546c298,0.45499999999999996,0.3420000000000001,0.30385011434555054,1.5049346685409546,44.951171875,CC(C)OC(C)C,mol_1a0ca8e5eeb68da8,0.051,0.059,0.08321280777454376,1.4214483499526978,116.27854919433594,CCO,mol_f29e20f49d416e54,0.494,0.599,0.6129370331764221,1.548351764678955,81.17643737792969
state_5dc16e9729c73aa414bcd225,3c_2d8df0569d9d03284715,3,ternary_vle_english.xlsx,10.1016/j.fluid.2007.06.005,unverified,0.5,isobaric,0.9807692307692307,isobaric,358.1,362.89996337890625,,,0.0004730224609375,True,False,48,CC(C)CC(C)(C)C,mol_57615b5c3546c298,0.945,0.592,0.7250692248344421,1.0078388452529907,77.12018585205078,CCC(C)=O,mol_4cfc5db0ca2ab00b,0.038,0.129,0.14760011434555054,2.8159282207489014,139.7310791015625,CCO,mol_f29e20f49d416e54,0.017,0.279,0.1273306906223297,4.853583335876465,156.3267059326172
state_5e5cbcab9630e505d9793356,3c_f1332761d3af136f02b5,3,ternary_vle_english.xlsx,10.1016/j.fluid.2014.04.025,unverified,0.5,isobaric,0.9473684210526315,isobaric,396.03999999999996,395.4454345703125,,,0.0001220703125,True,False,48,COCCO,mol_d291b272a64498d9,0.2597,0.2111,0.29503777623176575,1.1792607307434082,97.59011840820312,CS(C)=O,mol_7d3e12eaed0f467c,0.4082,0.04970000000000008,0.05476170405745506,1.1290594339370728,12.03641414642334,Cc1ccccc1,mol_1c09299644053521,0.3321,0.7392,0.6502005457878113,1.4225144386291504,139.42213439941406
state_5f0df69025cdefe0bb127355,3c_2d8df0569d9d03284715,3,ternary_vle_english.xlsx,10.1016/j.fluid.2007.06.005,unverified,0.5,isobaric,0.9807692307692307,isobaric,346.21,347.64617919921875,,,9.1552734375e-05,True,False,48,CC(C)CC(C)(C)C,mol_57615b5c3546c298,0.511,0.31899999999999995,0.3070884048938751,1.2788152694702148,47.604122161865234,CCC(C)=O,mol_4cfc5db0ca2ab00b,0.277,0.3,0.32183128595352173,1.359316349029541,86.58403015136719,CCO,mol_f29e20f49d416e54,0.212,0.381,0.37108033895492554,2.0374040603637695,87.02915954589844
state_60ffcccc656574de88069ddf,3c_f6a2de3ac0acbac84e4f,3,ternary_vle_english.xlsx,10.1016/j.fluid.2005.01.007,unverified,0.5,isobaric,0.9818181818181818,isobaric,354.94,357.33563232421875,,,0.0006103515625,True,False,48,CC(C)=O,mol_e04cf77cea7bbe66,0.032,0.186,0.22818735241889954,2.97363543510437,242.92147827148438,CC(C)CC(C)(C)C,mol_57615b5c3546c298,0.943,0.584,0.6114170551300049,1.0098482370376587,65.04019165039062,CCO,mol_f29e20f49d416e54,0.025,0.23,0.16039562225341797,5.112675666809082,127.12071228027344
state_61c4d87da4ac5c73c903bd76,3c_2d8df0569d9d03284715,3,ternary_vle_english.xlsx,10.1016/j.fluid.2007.06.005,unverified,0.5,isobaric,0.9807692307692307,isobaric,344.36,345.00518798828125,,,0.00042724609375,True,False,48,CC(C)CC(C)(C)C,mol_57615b5c3546c298,0.129,0.19199999999999995,0.13206399977207184,2.380504846572876,43.56492614746094,CCC(C)=O,mol_4cfc5db0ca2ab00b,0.254,0.253,0.2964818775653839,1.4909985065460205,79.30461883544922,CCO,mol_f29e20f49d416e54,0.617,0.555,0.5714541673660278,1.2005743980407715,78.14810943603516
state_61cd29f7b7d3e7845221cfc1,3c_f1332761d3af136f02b5,3,ternary_vle_english.xlsx,10.1016/j.fluid.2014.04.025,unverified,0.5,isobaric,0.9473684210526315,isobaric,406.66999999999996,403.1152648925781,,,-0.00011444091796875,True,False,48,COCCO,mol_d291b272a64498d9,0.5339,0.6355,0.6823787093162537,1.045174241065979,123.87559509277344,CS(C)=O,mol_7d3e12eaed0f467c,0.38759999999999994,0.05480000000000007,0.0662078708410263,1.0860354900360107,15.932751655578613,Cc1ccccc1,mol_1c09299644053521,0.0785,0.3097,0.2514134645462036,1.906801462173462,170.14622497558594
state_62c21eb29a51cd3ca6b174c6,3c_6b60b4a3a536506a27ae,3,ternary_vle_english.xlsx,10.1016/j.fluid.2006.08.004,unverified,0.5,isobaric,0.9821428571428571,isobaric,352.28,357.1036682128906,,,0.00032806396484375,True,False,48,CC(C)CC(C)(C)C,mol_57615b5c3546c298,0.881,0.522,0.5753414034843445,1.0245264768600464,64.57098388671875,CC(C)OC(C)C,mol_1a0ca8e5eeb68da8,0.049,0.066,0.10070955008268356,1.2762961387634277,163.1300506591797,CCO,mol_f29e20f49d416e54,0.07,0.412,0.32394900918006897,3.720398187637329,126.00857543945312
state_638d849f7977e5c58cd838be,3c_f1332761d3af136f02b5,3,ternary_vle_english.xlsx,10.1016/j.fluid.2014.04.025,unverified,0.5,isobaric,0.9473684210526315,isobaric,412.53,412.17205810546875,,,0.0002899169921875,True,False,48,COCCO,mol_d291b272a64498d9,0.0805,0.0783,0.16048400104045868,1.2442673444747925,162.30535888671875,CS(C)=O,mol_7d3e12eaed0f467c,0.7315,0.15959999999999996,0.1603919416666031,1.01656973361969,21.849510192871094,Cc1ccccc1,mol_1c09299644053521,0.188,0.7621,0.679124116897583,1.718642234802246,212.92002868652344
state_63ed3e126c6e8417d41831c3,3c_f6a2de3ac0acbac84e4f,3,ternary_vle_english.xlsx,10.1016/j.fluid.2005.01.007,unverified,0.5,isobaric,0.9818181818181818,isobaric,331.39,331.6590576171875,,,-0.000579833984375,True,False,48,CC(C)=O,mol_e04cf77cea7bbe66,0.598,0.682,0.7262884378433228,1.120379090309143,109.8120346069336,CC(C)CC(C)(C)C,mol_57615b5c3546c298,0.15700000000000003,0.1439999999999999,0.0845288336277008,2.0108602046966553,27.122535705566406,CCO,mol_f29e20f49d416e54,0.245,0.174,0.18918268382549286,1.7787901163101196,43.974159240722656
state_6425f0f78002b3aff58818da,3c_6b60b4a3a536506a27ae,3,ternary_vle_english.xlsx,10.1016/j.fluid.2006.08.004,unverified,0.5,isobaric,0.9821428571428571,isobaric,352.83,353.3120422363281,,,0.0006103515625,True,False,48,CC(C)CC(C)(C)C,mol_57615b5c3546c298,0.656,0.404,0.4018026292324066,1.0833218097686768,57.2747917175293,CC(C)OC(C)C,mol_1a0ca8e5eeb68da8,0.301,0.411,0.4656984210014343,1.0748869180679321,145.81008911132812,CCO,mol_f29e20f49d416e54,0.043,0.185,0.13249889016151428,2.865349054336548,108.9377212524414
state_68df798abb5343539848bcf2,3c_2d8df0569d9d03284715,3,ternary_vle_english.xlsx,10.1016/j.fluid.2007.06.005,unverified,0.5,isobaric,0.9807692307692307,isobaric,351.49,352.80084228515625,,,0.0005645751953125,True,False,48,CC(C)CC(C)(C)C,mol_57615b5c3546c298,0.636,0.395,0.40265771746635437,1.1382787227630615,56.34328842163086,CCC(C)=O,mol_4cfc5db0ca2ab00b,0.324,0.454,0.47186240553855896,1.4417668581008911,102.3262939453125,CCO,mol_f29e20f49d416e54,0.04,0.151,0.1254798024892807,2.9757204055786133,106.7907485961914
state_6ac1aedea9a062207d954f66,3c_f6a2de3ac0acbac84e4f,3,ternary_vle_english.xlsx,10.1016/j.fluid.2005.01.007,unverified,0.5,isobaric,0.9818181818181818,isobaric,343.47,342.36407470703125,,,0.0001068115234375,True,False,48,CC(C)=O,mol_e04cf77cea7bbe66,0.089,0.226,0.289821058511734,2.122546672821045,155.41488647460938,CC(C)CC(C)(C)C,mol_57615b5c3546c298,0.04500000000000004,0.10599999999999998,0.09022790193557739,5.102924346923828,39.80330276489258,CCO,mol_f29e20f49d416e54,0.866,0.668,0.6199509501457214,1.0354561805725098,70.03540802001953
state_6ac66458292b872f509756fd,3c_c1f86c0bca7d787912fb,3,ternary_vle_english.xlsx,10.1016/j.jct.2011.10.025,unverified,0.5,isobaric,0.9807692307692307,isobaric,356.37,354.7270202636719,,,0.0001220703125,True,False,48,C1CCOCC1,mol_626f3d1f5bbb6f55,0.557,0.484,0.4905143976211548,1.0615371465682983,84.03716278076172,CC(C)CC(C)(C)C,mol_57615b5c3546c298,0.04999999999999993,0.041000000000000036,0.059512909501791,2.012333869934082,59.917144775390625,CC(C)O,mol_db030b5de88f8eaf,0.393,0.475,0.4499727487564087,1.146344780921936,101.17852783203125
state_6c15169f3584bf4d6b29debb,3c_1a08c4f653f7d812cdc9,3,ternary_vle_english.xlsx,10.1016/j.jct.2019.03.036,unverified,0.5,isobaric,0.972972972972973,isobaric,381.76,377.5551452636719,,,0.0002593994140625,True,False,48,CCCOC(C)=O,mol_67043ae833ecd0c7,0.2425,0.3995,0.31119808554649353,1.172426462173462,110.87920379638672,CCOC(C)=O,mol_18876b584acc43d4,0.256,0.5589,0.6521874070167542,1.121625304222107,230.08865356445312,CS(C)=O,mol_7d3e12eaed0f467c,0.5015000000000001,0.04160000000000008,0.03661449998617172,1.2435168027877808,5.9475908279418945
state_6d305b89d76343bb0b2edbc8,3c_6b60b4a3a536506a27ae,3,ternary_vle_english.xlsx,10.1016/j.fluid.2006.08.004,unverified,0.5,isobaric,0.9821428571428571,isobaric,344.17,344.6883239746094,,,0.0,True,False,48,CC(C)CC(C)(C)C,mol_57615b5c3546c298,0.1449999999999999,0.24,0.17169420421123505,2.7830989360809326,43.099124908447266,CC(C)OC(C)C,mol_1a0ca8e5eeb68da8,0.049,0.091,0.1446131318807602,2.6739675998687744,111.80596923828125,CCO,mol_f29e20f49d416e54,0.806,0.669,0.6836926341056824,1.113991618156433,77.13533782958984
state_6dd37a542825e1820f933393,3c_2d8df0569d9d03284715,3,ternary_vle_english.xlsx,10.1016/j.fluid.2007.06.005,unverified,0.5,isobaric,0.9807692307692307,isobaric,349.03,349.48028564453125,,,0.00011444091796875,True,False,48,CC(C)CC(C)(C)C,mol_57615b5c3546c298,0.21999999999999997,0.19100000000000006,0.18945525586605072,1.7246886491775513,50.58051300048828,CCC(C)=O,mol_4cfc5db0ca2ab00b,0.73,0.712,0.7018681764602661,1.0592743158340454,91.94628143310547,CCO,mol_f29e20f49d416e54,0.05,0.097,0.10867660492658615,2.3503711223602295,93.67842102050781
state_6df8f599ebe2558556600c7e,3c_2d8df0569d9d03284715,3,ternary_vle_english.xlsx,10.1016/j.fluid.2007.06.005,unverified,0.5,isobaric,0.9807692307692307,isobaric,344.62,345.8513488769531,,,-0.0001373291015625,True,False,48,CC(C)CC(C)(C)C,mol_57615b5c3546c298,0.31899999999999995,0.28400000000000003,0.22013448178768158,1.5593974590301514,44.828006744384766,CCC(C)=O,mol_4cfc5db0ca2ab00b,0.3760000000000001,0.27,0.3753372132778168,1.2395212650299072,81.58094024658203,CCO,mol_f29e20f49d416e54,0.305,0.446,0.40452831983566284,1.6606240272521973,80.90709686279297
state_6ea9dba28ac47216919ce562,3c_6b60b4a3a536506a27ae,3,ternary_vle_english.xlsx,10.1016/j.fluid.2006.08.004,unverified,0.5,isobaric,0.9821428571428571,isobaric,342.41,342.8851318359375,,,0.00014495849609375,True,False,48,CC(C)CC(C)(C)C,mol_57615b5c3546c298,0.346,0.243,0.20126548409461975,1.4540809392929077,40.524227142333984,CC(C)OC(C)C,mol_1a0ca8e5eeb68da8,0.194,0.227,0.27426865696907043,1.356593132019043,105.56864166259766,CCO,mol_f29e20f49d416e54,0.46,0.53,0.5244658589363098,1.613590121269226,71.57745361328125
state_705b570093eb02a986873c8f,3c_b0299b0750b396fc0e73,3,ternary_vle_english.xlsx,10.1016/j.fluid.2008.09.010,unverified,0.5,isobaric,0.9444444444444444,isobaric,365.1,336.7859802246094,,,0.00021839141845703125,True,False,48,CC(=O)O,mol_9ac385b135af0125,0.3237,0.181,0.31495118141174316,0.9248893857002258,14.023228645324707,CS(C)=O,mol_7d3e12eaed0f467c,0.4627,0.07640000000000002,0.02346966415643692,0.7811142802238464,0.8656255602836609,O,mol_e81dc06beaa39499,0.2136,0.7426,0.6615791320800781,1.753710150718689,23.542903900146484
state_717f6efb87ab976cb761d408,3c_f6a2de3ac0acbac84e4f,3,ternary_vle_english.xlsx,10.1016/j.fluid.2005.01.007,unverified,0.5,isobaric,0.9818181818181818,isobaric,340.79,342.3318786621094,,,-3.0517578125e-05,True,False,48,CC(C)=O,mol_e04cf77cea7bbe66,0.092,0.187,0.22791218757629395,1.6163501739501953,155.2578582763672,CC(C)CC(C)(C)C,mol_57615b5c3546c298,0.366,0.30699999999999994,0.2570185959339142,1.789190649986267,39.75906753540039,CCO,mol_f29e20f49d416e54,0.542,0.506,0.5150692462921143,1.3763967752456665,69.94103240966797
state_71a22db42a5092e8259c685d,3c_6b60b4a3a536506a27ae,3,ternary_vle_english.xlsx,10.1016/j.fluid.2006.08.004,unverified,0.5,isobaric,0.9821428571428571,isobaric,342.93,343.4379577636719,,,0.0,True,False,48,CC(C)CC(C)(C)C,mol_57615b5c3546c298,0.45799999999999996,0.244,0.21122293174266815,1.1311815977096558,41.30025100708008,CC(C)OC(C)C,mol_1a0ca8e5eeb68da8,0.302,0.315,0.35252079367637634,1.100469708442688,107.45068359375,CCO,mol_f29e20f49d416e54,0.24,0.441,0.4362562596797943,2.513993740081787,73.24461364746094
state_71a8520963ad8bd67d30e2a1,3c_1a08c4f653f7d812cdc9,3,ternary_vle_english.xlsx,10.1016/j.jct.2019.03.036,unverified,0.5,isobaric,0.972972972972973,isobaric,388.16999999999996,392.1098327636719,,,-0.00020599365234375,True,False,48,CCCOC(C)=O,mol_67043ae833ecd0c7,0.352,0.8161,0.7547988295555115,1.2897517681121826,168.41897583007812,CCOC(C)=O,mol_18876b584acc43d4,0.0443,0.1259,0.17139039933681488,1.1613271236419678,337.47125244140625,CS(C)=O,mol_7d3e12eaed0f467c,0.6037,0.05799999999999994,0.07381077855825424,1.1670247316360474,10.612730979919434
state_71c140ecd31d0edfb89303fe,3c_6b60b4a3a536506a27ae,3,ternary_vle_english.xlsx,10.1016/j.fluid.2006.08.004,unverified,0.5,isobaric,0.9821428571428571,isobaric,350.79,350.8017578125,,,-3.0517578125e-05,True,False,48,CC(C)CC(C)(C)C,mol_57615b5c3546c298,0.552,0.33199999999999996,0.31838247179985046,1.1062744855880737,52.814910888671875,CC(C)OC(C)C,mol_1a0ca8e5eeb68da8,0.403,0.517,0.556230902671814,1.0344046354293823,135.1664581298828,CCO,mol_f29e20f49d416e54,0.045,0.151,0.12538659572601318,2.8590002059936523,98.72649383544922
state_720743c58a778cfca03f91ce,3c_1a08c4f653f7d812cdc9,3,ternary_vle_english.xlsx,10.1016/j.jct.2019.03.036,unverified,0.5,isobaric,0.972972972972973,isobaric,380.2,381.30987548828125,,,-0.0001068115234375,True,False,48,CCCOC(C)=O,mol_67043ae833ecd0c7,0.179,0.4023,0.2807298004627228,1.2815814018249512,123.96476745605469,CCOC(C)=O,mol_18876b584acc43d4,0.2195,0.5576,0.6714595556259155,1.21599280834198,254.83749389648438,CS(C)=O,mol_7d3e12eaed0f467c,0.6015,0.040100000000000025,0.04781069979071617,1.1603477001190186,6.939214706420898
state_729eae0c46c885b9c1197a84,3c_c1f86c0bca7d787912fb,3,ternary_vle_english.xlsx,10.1016/j.jct.2011.10.025,unverified,0.5,isobaric,0.9807692307692307,isobaric,354.33,354.58795166015625,,,-7.62939453125e-06,True,False,48,C1CCOCC1,mol_626f3d1f5bbb6f55,0.25,0.171,0.22993361949920654,1.11358642578125,83.66580200195312,CC(C)CC(C)(C)C,mol_57615b5c3546c298,0.469,0.34099999999999997,0.34408074617385864,1.2458397150039673,59.65333557128906,CC(C)O,mol_db030b5de88f8eaf,0.281,0.488,0.4259856045246124,1.5261913537979126,100.62110137939453
state_72b1ca91345e3da1035ab918,3c_f6a2de3ac0acbac84e4f,3,ternary_vle_english.xlsx,10.1016/j.fluid.2005.01.007,unverified,0.5,isobaric,0.9818181818181818,isobaric,330.76,333.5769348144531,,,0.000885009765625,True,False,48,CC(C)=O,mol_e04cf77cea7bbe66,0.569,0.756,0.7787860035896301,1.1842337846755981,117.07971954345703,CC(C)CC(C)(C)C,mol_57615b5c3546c298,0.379,0.18999999999999995,0.15841370820999146,1.454297661781311,29.114778518676758,CCO,mol_f29e20f49d416e54,0.052,0.054,0.06280023604631424,2.5529353618621826,47.92160415649414
state_74cccbc3d3ca9e6343d53d8d,3c_2d8df0569d9d03284715,3,ternary_vle_english.xlsx,10.1016/j.fluid.2007.06.005,unverified,0.5,isobaric,0.9807692307692307,isobaric,349.32,349.4207458496094,,,3.0517578125e-05,True,False,48,CC(C)CC(C)(C)C,mol_57615b5c3546c298,0.15699999999999992,0.15200000000000002,0.14849591255187988,1.8979885578155518,50.4813346862793,CCC(C)=O,mol_4cfc5db0ca2ab00b,0.793,0.766,0.743263304233551,1.0346364974975586,91.76800537109375,CCO,mol_f29e20f49d416e54,0.05,0.082,0.10824085026979446,2.346519708633423,93.45587158203125
state_75205b365c79ad19f3380782,3c_2d8df0569d9d03284715,3,ternary_vle_english.xlsx,10.1016/j.fluid.2007.06.005,unverified,0.5,isobaric,0.9807692307692307,isobaric,349.07,349.80340576171875,,,0.001708984375,True,False,48,CC(C)CC(C)(C)C,mol_57615b5c3546c298,0.31499999999999995,0.275,0.24230140447616577,1.5243101119995117,51.11976623535156,CCC(C)=O,mol_4cfc5db0ca2ab00b,0.636,0.634,0.6475468277931213,1.1100221872329712,92.91786193847656,CCO,mol_f29e20f49d416e54,0.049,0.091,0.11015177518129349,2.399827718734741,94.89256286621094
state_759158f919890753ab95b004,3c_6b60b4a3a536506a27ae,3,ternary_vle_english.xlsx,10.1016/j.fluid.2006.08.004,unverified,0.5,isobaric,0.9821428571428571,isobaric,342.45,342.9316101074219,,,-0.0002593994140625,True,False,48,CC(C)CC(C)(C)C,mol_57615b5c3546c298,0.361,0.17500000000000004,0.1573663055896759,1.087936520576477,40.58909225463867,CC(C)OC(C)C,mol_1a0ca8e5eeb68da8,0.503,0.517,0.5456519722938538,1.0393825769424438,105.72571563720703,CCO,mol_f29e20f49d416e54,0.136,0.308,0.2969818115234375,3.0844762325286865,71.71629333496094
state_778f2c4f2fe0373441078cf2,3c_6b60b4a3a536506a27ae,3,ternary_vle_english.xlsx,10.1016/j.fluid.2006.08.004,unverified,0.5,isobaric,0.9821428571428571,isobaric,339.34,338.465576171875,,,-1.52587890625e-05,True,False,48,CC(C)CC(C)(C)C,mol_57615b5c3546c298,0.14900000000000002,0.09099999999999997,0.06725548207759857,1.316582202911377,34.72984313964844,CC(C)OC(C)C,mol_1a0ca8e5eeb68da8,0.498,0.527,0.5375459790229797,1.195670485496521,91.45008850097656,CCO,mol_f29e20f49d416e54,0.353,0.382,0.3951984941959381,1.9107295274734497,59.35411071777344
state_7800a309a9c3029e897bda8a,3c_6b60b4a3a536506a27ae,3,ternary_vle_english.xlsx,10.1016/j.fluid.2006.08.004,unverified,0.5,isobaric,0.9821428571428571,isobaric,338.38,337.0475158691406,,,0.000518798828125,True,False,48,CC(C)CC(C)(C)C,mol_57615b5c3546c298,0.04699999999999993,0.03700000000000003,0.023383429273962975,1.5263800621032715,33.018653869628906,CC(C)OC(C)C,mol_1a0ca8e5eeb68da8,0.489,0.567,0.5672500133514404,1.3467391729354858,87.25570678710938,CCO,mol_f29e20f49d416e54,0.4640000000000001,0.396,0.4093664884567261,1.6009615659713745,55.82453536987305
state_794546c19ce7536e3fa7624c,3c_f6a2de3ac0acbac84e4f,3,ternary_vle_english.xlsx,10.1016/j.fluid.2005.01.007,unverified,0.5,isobaric,0.9818181818181818,isobaric,342.58,344.5828857421875,,,0.00032806396484375,True,False,48,CC(C)=O,mol_e04cf77cea7bbe66,0.048,0.084,0.12990519404411316,1.6465024948120117,166.50747680664062,CC(C)CC(C)(C)C,mol_57615b5c3546c298,0.483,0.361,0.3130628168582916,1.5289088487625122,42.945098876953125,CCO,mol_f29e20f49d416e54,0.469,0.555,0.55703204870224,1.5665816068649292,76.80069732666016
state_79771519f05f7d5f13287cf6,3c_b0299b0750b396fc0e73,3,ternary_vle_english.xlsx,10.1016/j.fluid.2008.09.010,unverified,0.5,isobaric,0.9444444444444444,isobaric,371.8,339.1561279296875,,,7.82012939453125e-05,True,False,48,CC(=O)O,mol_9ac385b135af0125,0.3248,0.2272,0.34407535195350647,0.9100344777107239,15.517163276672363,CS(C)=O,mol_7d3e12eaed0f467c,0.505,0.12159999999999993,0.028687315061688423,0.7709323167800903,0.982234001159668,O,mol_e81dc06beaa39499,0.1702,0.6512,0.6272373795509338,1.8766502141952515,26.17711067199707
state_7a232b670ff32274f8e913ea,3c_6b60b4a3a536506a27ae,3,ternary_vle_english.xlsx,10.1016/j.fluid.2006.08.004,unverified,0.5,isobaric,0.9821428571428571,isobaric,339.28,338.6167297363281,,,0.000152587890625,True,False,48,CC(C)CC(C)(C)C,mol_57615b5c3546c298,0.15500000000000003,0.08099999999999996,0.06390763819217682,1.1961926221847534,34.916446685791016,CC(C)OC(C)C,mol_1a0ca8e5eeb68da8,0.605,0.599,0.5974488854408264,1.0884511470794678,91.90656280517578,CCO,mol_f29e20f49d416e54,0.24,0.32,0.33864349126815796,2.392591714859009,59.74106979370117
state_7a236a9748423b3f8eaf833f,3c_f6a2de3ac0acbac84e4f,3,ternary_vle_english.xlsx,10.1016/j.fluid.2005.01.007,unverified,0.5,isobaric,0.9818181818181818,isobaric,330.12,329.9110107421875,,,7.62939453125e-05,True,False,48,CC(C)=O,mol_e04cf77cea7bbe66,0.795,0.831,0.839690625667572,1.033703327178955,103.5061264038086,CC(C)CC(C)(C)C,mol_57615b5c3546c298,0.050999999999999934,0.06700000000000006,0.03459424152970314,2.7048566341400146,25.403831481933594,CCO,mol_f29e20f49d416e54,0.154,0.102,0.12571507692337036,2.035875082015991,40.61863327026367
state_7b4ee83d861e565711c57148,3c_20e37ef734cab2512529,3,ternary_vle_english.xlsx,10.1016/j.fluid.2012.12.020,unverified,0.5,isobaric,0.9230769230769231,isobaric,383.29999999999995,381.5699462890625,,,0.000732421875,True,False,48,CC(C)O,mol_db030b5de88f8eaf,0.1911,0.4084,0.5329841375350952,1.0573934316635132,266.40447998046875,CCCCCO,mol_243de2450bee5519,0.27679999999999993,0.2742,0.09305138885974884,0.9710026979446411,34.96719741821289,CCCCO,mol_ad4ef9c6c876ca2f,0.5321,0.3174,0.3739645183086395,0.9801139235496521,72.42443084716797
state_7c8f5e1d3e7352e8fe9b7a8f,3c_2d8df0569d9d03284715,3,ternary_vle_english.xlsx,10.1016/j.fluid.2007.06.005,unverified,0.5,isobaric,0.9807692307692307,isobaric,348.87,350.16656494140625,,,0.00121307373046875,True,False,48,CC(C)CC(C)(C)C,mol_57615b5c3546c298,0.5690000000000001,0.35,0.3441779911518097,1.1844913959503174,51.731327056884766,CCC(C)=O,mol_4cfc5db0ca2ab00b,0.345,0.439,0.4404328763484955,1.375486969947815,94.01969146728516,CCO,mol_f29e20f49d416e54,0.086,0.211,0.21538910269737244,2.6353402137756348,96.27271270751953
state_7d883f5d6ac9a486d8c0bb27,3c_b0299b0750b396fc0e73,3,ternary_vle_english.xlsx,10.1016/j.fluid.2008.09.010,unverified,0.5,isobaric,0.9444444444444444,isobaric,388.2,354.4984130859375,,,2.86102294921875e-06,True,False,48,CC(=O)O,mol_9ac385b135af0125,0.2627,0.2184,0.4470735788345337,0.7876898050308228,28.80009651184082,CS(C)=O,mol_7d3e12eaed0f467c,0.6817,0.46929999999999994,0.08804310858249664,0.8096344470977783,2.126391649246216,O,mol_e81dc06beaa39499,0.0556,0.3123,0.46488329768180847,2.2285358905792236,50.012638092041016
state_7e7ff3aa64c0bd35be3ccac9,3c_485aadc678c8a7fb274c,3,ternary_vle_english.xlsx,10.1016/j.fluid.2011.05.011,unverified,0.5,isothermal,0.9642857142857143,isothermal,,,25.78000000000001,23.239269256591797,0.0,True,False,48,CC(=O)CC(C)C,mol_0a895444a9f0f36b,0.2481,0.16989999999999994,0.19112424552440643,1.2371071577072144,14.47118854522705,CC(C)CC(C)(C)C,mol_57615b5c3546c298,0.1959,0.515,0.4221144914627075,1.7471110820770264,28.661426544189453,CC(C)CO,mol_015d21fca05fcd26,0.556,0.3151,0.3867611885070801,1.1421175003051758,14.154019355773926
state_7fb85a35689d06db53994721,3c_28e3b8df482e382b0f63,3,ternary_vle_english.xlsx,10.1016/j.fluid.2012.11.026,unverified,0.5,isothermal,0.9411764705882353,isothermal,,,107.16,90.90036010742188,0.0,True,False,48,CCO,mol_f29e20f49d416e54,0.4991,0.5708,0.6862048506736755,1.1544883251190186,108.25357818603516,CCOC(=O)OCC,mol_4df2781fcf4d4a77,0.2491,0.1132,0.09137239307165146,1.437795877456665,23.190473556518555,O,mol_e81dc06beaa39499,0.2518,0.316,0.22242271900177002,1.695120930671692,47.36835861206055
state_7fd35b91762f732f81f7c05b,3c_93c3339e467773a7c208,3,ternary_vle_english.xlsx,10.1016/j.fluid.2005.05.024,unverified,0.5,isothermal,0.9782608695652174,isothermal,,,29.459999999999997,27.19551658630371,0.0,True,False,48,CC(=O)CC(C)C,mol_0a895444a9f0f36b,0.7776000000000001,0.3507,0.3649281859397888,1.0088409185409546,12.651026725769043,CC(C)O,mol_db030b5de88f8eaf,0.072,0.1557,0.17048436403274536,1.8730778694152832,34.37902069091797,CC(C)OC(C)C,mol_1a0ca8e5eeb68da8,0.1504,0.4936,0.46458742022514343,1.2238924503326416,68.6394271850586
state_7fddca88b20e3f5659935ea0,3c_485aadc678c8a7fb274c,3,ternary_vle_english.xlsx,10.1016/j.fluid.2011.05.011,unverified,0.5,isothermal,0.9642857142857143,isothermal,,,13.549999999999994,15.099163055419922,-9.5367431640625e-07,True,False,48,CC(=O)CC(C)C,mol_0a895444a9f0f36b,0.05879999999999996,0.10230000000000006,0.10092304646968842,1.7908600568771362,14.47118854522705,CC(C)CC(C)(C)C,mol_57615b5c3546c298,0.003,0.0303,0.01640763320028782,2.881241798400879,28.661426544189453,CC(C)CO,mol_015d21fca05fcd26,0.9382,0.8674,0.8826693296432495,1.0036346912384033,14.154019355773926
state_815489bded3ca3f3f7a0bad9,3c_485aadc678c8a7fb274c,3,ternary_vle_english.xlsx,10.1016/j.fluid.2011.05.011,unverified,0.5,isothermal,0.9655172413793104,isothermal,,,26.909999999999997,28.768173217773438,0.0,True,False,48,CC(=O)CC(C)C,mol_0a895444a9f0f36b,0.028000000000000025,0.03270000000000006,0.04830566793680191,1.88542902469635,26.323410034179688,CC(C)CC(C)(C)C,mol_57615b5c3546c298,0.0028,0.0162,0.013714930973947048,2.91096830368042,48.40725326538086,CC(C)CO,mol_015d21fca05fcd26,0.9692,0.9511,0.9379794001579285,1.0012787580490112,27.8059139251709
state_82958a83d42efc1b9faf1b77,3c_485aadc678c8a7fb274c,3,ternary_vle_english.xlsx,10.1016/j.fluid.2011.05.011,unverified,0.5,isothermal,0.967741935483871,isothermal,,,66.65,63.651023864746094,-3.814697265625e-06,True,False,48,CC(=O)CC(C)C,mol_0a895444a9f0f36b,0.1673,0.14450000000000007,0.1556263417005539,1.2718439102172852,46.554176330566406,CC(C)CC(C)(C)C,mol_57615b5c3546c298,0.0591,0.2251,0.16774973273277283,2.2566077709198,80.06147766113281,CC(C)CO,mol_015d21fca05fcd26,0.7736,0.6304,0.6766240000724792,1.0359071493148804,53.7421989440918
state_82f35b0237670c6f09b613d2,3c_485aadc678c8a7fb274c,3,ternary_vle_english.xlsx,10.1016/j.fluid.2011.05.011,unverified,0.5,isothermal,0.9655172413793104,isothermal,,,49.73000000000001,44.535308837890625,0.0,True,False,48,CC(=O)CC(C)C,mol_0a895444a9f0f36b,0.1129,0.07440000000000002,0.08532841503620148,1.2786805629730225,26.323410034179688,CC(C)CC(C)(C)C,mol_57615b5c3546c298,0.2493,0.5385,0.47504884004592896,1.7531133890151978,48.40725326538086,CC(C)CO,mol_015d21fca05fcd26,0.6378,0.3871,0.43962275981903076,1.1039844751358032,27.8059139251709
state_84fe8ed94a061799c2e6c4b8,3c_93c3339e467773a7c208,3,ternary_vle_english.xlsx,10.1016/j.fluid.2005.05.024,unverified,0.5,isothermal,0.9782608695652174,isothermal,,,56.86000000000001,55.76445007324219,-3.814697265625e-06,True,False,48,CC(=O)CC(C)C,mol_0a895444a9f0f36b,0.528,0.1977,0.19346511363983154,1.0655248165130615,19.17620086669922,CC(C)O,mol_db030b5de88f8eaf,0.3054,0.3953,0.4333742558956146,1.4512091875076294,54.528236389160156,CC(C)OC(C)C,mol_1a0ca8e5eeb68da8,0.1666,0.407,0.37316060066223145,1.2988008260726929,96.16911315917969
state_850161f38279120684f0be53,3c_93c3339e467773a7c208,3,ternary_vle_english.xlsx,10.1016/j.fluid.2005.05.024,unverified,0.5,isothermal,0.9782608695652174,isothermal,,,63.58000000000001,60.7158203125,-3.814697265625e-06,True,False,48,CC(=O)CC(C)C,mol_0a895444a9f0f36b,0.18530000000000002,0.04859999999999998,0.044182486832141876,1.1443287134170532,12.651026725769043,CC(C)O,mol_db030b5de88f8eaf,0.1344,0.147,0.1512967050075531,1.9881014823913574,34.37902069091797,CC(C)OC(C)C,mol_1a0ca8e5eeb68da8,0.6803,0.8044,0.8045207858085632,1.046080231666565,68.6394271850586
state_86297e37036b78561b5b7854,3c_28e3b8df482e382b0f63,3,ternary_vle_english.xlsx,10.1016/j.fluid.2012.11.026,unverified,0.5,isothermal,0.9411764705882353,isothermal,,,93.14,67.1020736694336,0.0,True,False,48,CCO,mol_f29e20f49d416e54,0.24929999999999997,0.4867,0.6178601980209351,1.536249041557312,108.25357818603516,CCOC(=O)OCC,mol_4df2781fcf4d4a77,0.6531,0.2068,0.2426830530166626,1.0751922130584717,23.190473556518555,O,mol_e81dc06beaa39499,0.0976,0.3065,0.13945665955543518,2.0241236686706543,47.36835861206055
state_86f308a7ee08ee97f0947d2c,3c_93c3339e467773a7c208,3,ternary_vle_english.xlsx,10.1016/j.fluid.2005.05.024,unverified,0.5,isothermal,0.9782608695652174,isothermal,,,59.099999999999994,56.22454071044922,-3.814697265625e-06,True,False,48,CC(=O)CC(C)C,mol_0a895444a9f0f36b,0.2701,0.07180000000000009,0.0676770731806755,1.113568902015686,12.651026725769043,CC(C)O,mol_db030b5de88f8eaf,0.1215,0.1405,0.1452307105064392,1.9548550844192505,34.37902069091797,CC(C)OC(C)C,mol_1a0ca8e5eeb68da8,0.6084,0.7877,0.7870922088623047,1.0597139596939087,68.6394271850586
state_87ad2a0c52089245bee16c88,3c_485aadc678c8a7fb274c,3,ternary_vle_english.xlsx,10.1016/j.fluid.2011.05.011,unverified,0.5,isothermal,0.9642857142857143,isothermal,,,13.940000000000005,15.512001037597656,-9.5367431640625e-07,True,False,48,CC(=O)CC(C)C,mol_0a895444a9f0f36b,0.10820000000000007,0.17379999999999995,0.16765712201595306,1.660956859588623,14.47118854522705,CC(C)CC(C)(C)C,mol_57615b5c3546c298,0.0024,0.0228,0.011961042881011963,2.6972906589508057,28.661426544189453,CC(C)CO,mol_015d21fca05fcd26,0.8894,0.8034,0.8203818202018738,1.0108970403671265,14.154019355773926
state_89508608e134eeb4525a2267,3c_93c3339e467773a7c208,3,ternary_vle_english.xlsx,10.1016/j.fluid.2005.05.024,unverified,0.5,isothermal,0.9782608695652174,isothermal,,,55.9,54.838905334472656,0.0,True,False,48,CC(=O)CC(C)C,mol_0a895444a9f0f36b,0.09150000000000003,0.031500000000000083,0.028683001175522804,1.3588342666625977,12.651026725769043,CC(C)O,mol_db030b5de88f8eaf,0.6506,0.4309,0.4593302011489868,1.126175880432129,34.37902069091797,CC(C)OC(C)C,mol_1a0ca8e5eeb68da8,0.2579,0.5376,0.5119868516921997,1.5860707759857178,68.6394271850586
state_8ab1e747f8cef4a040766268,3c_28e3b8df482e382b0f63,3,ternary_vle_english.xlsx,10.1016/j.fluid.2012.11.026,unverified,0.5,isothermal,0.9411764705882353,isothermal,,,151.376,129.7102813720703,-1.52587890625e-05,True,False,48,CCO,mol_f29e20f49d416e54,0.26880000000000004,0.477,0.5366583466529846,1.6415340900421143,157.7586212158203,CCOC(=O)OCC,mol_4df2781fcf4d4a77,0.0293,0.072,0.02065499685704708,2.676553249359131,34.16299819946289,O,mol_e81dc06beaa39499,0.7019,0.451,0.44268667697906494,1.167155385017395,70.09174346923828
state_8d9efaaa558541c382fb0eb7,3c_93c3339e467773a7c208,3,ternary_vle_english.xlsx,10.1016/j.fluid.2005.05.024,unverified,0.5,isothermal,0.9782608695652174,isothermal,,,47.35000000000001,44.67876434326172,-3.814697265625e-06,True,False,48,CC(=O)CC(C)C,mol_0a895444a9f0f36b,0.4765999999999999,0.14139999999999997,0.14168229699134827,1.0498733520507812,12.651026725769043,CC(C)O,mol_db030b5de88f8eaf,0.1481,0.1866,0.20220158994197845,1.7743409872055054,34.37902069091797,CC(C)OC(C)C,mol_1a0ca8e5eeb68da8,0.3753,0.672,0.6561161279678345,1.1379668712615967,68.6394271850586
state_8ed259d586ed5813aa12a13d,3c_28e3b8df482e382b0f63,3,ternary_vle_english.xlsx,10.1016/j.fluid.2012.11.026,unverified,0.5,isothermal,0.9411764705882353,isothermal,,,87.85200000000002,54.15321350097656,0.0,True,False,48,CCO,mol_f29e20f49d416e54,0.047699999999999965,0.22499999999999998,0.2766433656215668,1.9908246994018555,157.7586212158203,CCOC(=O)OCC,mol_4df2781fcf4d4a77,0.9058,0.371,0.5763952136039734,1.0086867809295654,34.16299819946289,O,mol_e81dc06beaa39499,0.0465,0.404,0.14696143567562103,2.441787004470825,70.09174346923828
state_8f8a0ba87443e1817aa42932,3c_93c3339e467773a7c208,3,ternary_vle_english.xlsx,10.1016/j.fluid.2005.05.024,unverified,0.5,isothermal,0.9782608695652174,isothermal,,,33.48,31.041160583496094,0.0,True,False,48,CC(=O)CC(C)C,mol_0a895444a9f0f36b,0.7219,0.2864,0.29872000217437744,1.01531183719635,12.651026725769043,CC(C)O,mol_db030b5de88f8eaf,0.0556,0.1088,0.11770879477262497,1.9115188121795654,34.37902069091797,CC(C)OC(C)C,mol_1a0ca8e5eeb68da8,0.2225,0.6048,0.583571195602417,1.1861186027526855,68.6394271850586
state_90d1c25c430154cdf7b8d989,3c_93c3339e467773a7c208,3,ternary_vle_english.xlsx,10.1016/j.fluid.2005.05.024,unverified,0.5,isothermal,0.9782608695652174,isothermal,,,52.599999999999994,51.37358856201172,0.0,True,False,48,CC(=O)CC(C)C,mol_0a895444a9f0f36b,0.15039999999999998,0.05180000000000007,0.04890095442533493,1.320333480834961,12.651026725769043,CC(C)O,mol_db030b5de88f8eaf,0.6199,0.4419,0.4731312394142151,1.1405291557312012,34.37902069091797,CC(C)OC(C)C,mol_1a0ca8e5eeb68da8,0.2297,0.5063,0.4779678285121918,1.5574134588241577,68.6394271850586
state_912db15afd915c9aa31cc2ab,3c_93c3339e467773a7c208,3,ternary_vle_english.xlsx,10.1016/j.fluid.2005.05.024,unverified,0.5,isothermal,0.9782608695652174,isothermal,,,89.85,88.1715087890625,0.0,True,False,48,CC(=O)CC(C)C,mol_0a895444a9f0f36b,0.1734,0.04870000000000008,0.04219463840126991,1.1188552379608154,19.17620086669922,CC(C)O,mol_db030b5de88f8eaf,0.2085,0.2161,0.23080334067344666,1.789958119392395,54.528236389160156,CC(C)OC(C)C,mol_1a0ca8e5eeb68da8,0.6181,0.7352,0.727001965045929,1.0783742666244507,96.16911315917969
state_91a2d00fd673d5ae2d7e2b04,3c_93c3339e467773a7c208,3,ternary_vle_english.xlsx,10.1016/j.fluid.2005.05.024,unverified,0.5,isothermal,0.9782608695652174,isothermal,,,54.42,52.53807067871094,-3.814697265625e-06,True,False,48,CC(=O)CC(C)C,mol_0a895444a9f0f36b,0.22699999999999998,0.06820000000000004,0.06483041495084763,1.1860452890396118,12.651026725769043,CC(C)O,mol_db030b5de88f8eaf,0.4544,0.3534,0.3817122280597687,1.2837437391281128,34.37902069091797,CC(C)OC(C)C,mol_1a0ca8e5eeb68da8,0.3186,0.5784,0.5534573793411255,1.329654574394226,68.6394271850586
state_92cee9d6086f5d083e79db12,3c_93c3339e467773a7c208,3,ternary_vle_english.xlsx,10.1016/j.fluid.2005.05.024,unverified,0.5,isothermal,0.9782608695652174,isothermal,,,27.889999999999997,26.029014587402344,0.0,True,False,48,CC(=O)CC(C)C,mol_0a895444a9f0f36b,0.8019000000000001,0.38870000000000005,0.39288589358329773,1.0080409049987793,12.651026725769043,CC(C)O,mol_db030b5de88f8eaf,0.0418,0.0973,0.10644741356372833,1.928071141242981,34.37902069091797,CC(C)OC(C)C,mol_1a0ca8e5eeb68da8,0.1563,0.514,0.5006667375564575,1.214713454246521,68.6394271850586
state_936db9e379b08cfccef7e63f,3c_485aadc678c8a7fb274c,3,ternary_vle_english.xlsx,10.1016/j.fluid.2011.05.011,unverified,0.5,isothermal,0.967741935483871,isothermal,,,55.759999999999984,56.56877899169922,-3.814697265625e-06,True,False,48,CC(=O)CC(C)C,mol_0a895444a9f0f36b,0.1199,0.13340000000000007,0.13871610164642334,1.4058072566986084,46.554176330566406,CC(C)CC(C)(C)C,mol_57615b5c3546c298,0.0042,0.0236,0.015064498409628868,2.5343029499053955,80.06147766113281,CC(C)CO,mol_015d21fca05fcd26,0.8759,0.843,0.8462194204330444,1.0169270038604736,53.7421989440918
state_972849637ea23d183e12ceee,3c_485aadc678c8a7fb274c,3,ternary_vle_english.xlsx,10.1016/j.fluid.2011.05.011,unverified,0.5,isothermal,0.9655172413793104,isothermal,,,30.230000000000004,31.64971923828125,-1.9073486328125e-06,True,False,48,CC(=O)CC(C)C,mol_0a895444a9f0f36b,0.4548,0.44909999999999994,0.43880152702331543,1.1600463390350342,26.323410034179688,CC(C)CC(C)(C)C,mol_57615b5c3546c298,0.0076,0.0372,0.02399657666683197,2.064405918121338,48.40725326538086,CC(C)CO,mol_015d21fca05fcd26,0.5376,0.5137,0.5372019410133362,1.1373941898345947,27.8059139251709
state_97c01ba02d80a16b8ecdffb4,3c_485aadc678c8a7fb274c,3,ternary_vle_english.xlsx,10.1016/j.fluid.2011.05.011,unverified,0.5,isothermal,0.967741935483871,isothermal,,,98.67999999999999,89.35952758789062,-7.62939453125e-06,True,False,48,CC(=O)CC(C)C,mol_0a895444a9f0f36b,0.03289999999999993,0.021100000000000008,0.022586457431316376,1.3177541494369507,46.554176330566406,CC(C)CC(C)(C)C,mol_57615b5c3546c298,0.7014,0.6796,0.6950494050979614,1.1060307025909424,80.06147766113281,CC(C)CO,mol_015d21fca05fcd26,0.2657,0.2993,0.2823641002178192,1.767027497291565,53.7421989440918
state_988bf55908a9b494262aaf9d,3c_93c3339e467773a7c208,3,ternary_vle_english.xlsx,10.1016/j.fluid.2005.05.024,unverified,0.5,isothermal,0.9574468085106383,isothermal,,,90.2,89.79765319824219,0.0,True,False,48,CC(=O)CC(C)C,mol_0a895444a9f0f36b,0.08579999999999999,0.02629999999999999,0.022350743412971497,1.2198519706726074,19.17620086669922,CC(C)O,mol_db030b5de88f8eaf,0.4989,0.3706,0.38412463665008545,1.267950177192688,54.528236389160156,CC(C)OC(C)C,mol_1a0ca8e5eeb68da8,0.4153,0.6031,0.5935245752334595,1.3344616889953613,96.16911315917969
state_9918e47536d36d167ed332fb,3c_93c3339e467773a7c208,3,ternary_vle_english.xlsx,10.1016/j.fluid.2005.05.024,unverified,0.5,isothermal,0.9782608695652174,isothermal,,,45.97,46.23823547363281,-3.814697265625e-06,True,False,48,CC(=O)CC(C)C,mol_0a895444a9f0f36b,0.6142,0.28300000000000003,0.27207890152931213,1.068129062652588,19.17620086669922,CC(C)O,mol_db030b5de88f8eaf,0.3175,0.4979,0.5343023538589478,1.4269973039627075,54.528236389160156,CC(C)OC(C)C,mol_1a0ca8e5eeb68da8,0.0683,0.2191,0.19361869990825653,1.3629884719848633,96.16911315917969
state_9aeca8acf96c967004f6d009,3c_93c3339e467773a7c208,3,ternary_vle_english.xlsx,10.1016/j.fluid.2005.05.024,unverified,0.5,isothermal,0.9782608695652174,isothermal,,,67.25999999999999,64.57154846191406,0.0,True,False,48,CC(=O)CC(C)C,mol_0a895444a9f0f36b,0.11299999999999999,0.03090000000000004,0.025999119505286217,1.1743448972702026,12.651026725769043,CC(C)O,mol_db030b5de88f8eaf,0.1444,0.1533,0.15592394769191742,2.028118371963501,34.37902069091797,CC(C)OC(C)C,mol_1a0ca8e5eeb68da8,0.7426,0.8158,0.8180769681930542,1.0363507270812988,68.6394271850586
state_9be49a35ede549bef444deae,3c_93c3339e467773a7c208,3,ternary_vle_english.xlsx,10.1016/j.fluid.2005.05.024,unverified,0.5,isothermal,0.9782608695652174,isothermal,,,69.38,67.4825439453125,-7.62939453125e-06,True,False,48,CC(=O)CC(C)C,mol_0a895444a9f0f36b,0.05410000000000004,0.01540000000000008,0.011964061297476292,1.1796332597732544,12.651026725769043,CC(C)O,mol_db030b5de88f8eaf,0.237,0.217,0.2158391773700714,1.7876390218734741,34.37902069091797,CC(C)OC(C)C,mol_1a0ca8e5eeb68da8,0.7089,0.7676,0.7721967697143555,1.0709291696548462,68.6394271850586
state_9eab47db5f0b46d8bab62c53,3c_93c3339e467773a7c208,3,ternary_vle_english.xlsx,10.1016/j.fluid.2005.05.024,unverified,0.5,isothermal,0.9782608695652174,isothermal,,,41.349999999999994,38.80821228027344,-3.814697265625e-06,True,False,48,CC(=O)CC(C)C,mol_0a895444a9f0f36b,0.5820000000000001,0.19420000000000004,0.1955982744693756,1.0309553146362305,12.651026725769043,CC(C)O,mol_db030b5de88f8eaf,0.1225,0.1796,0.19553598761558533,1.8018585443496704,34.37902069091797,CC(C)OC(C)C,mol_1a0ca8e5eeb68da8,0.2955,0.6262,0.6088657379150391,1.1649678945541382,68.6394271850586
state_a2f4aedec3fcc69bc1ea8e57,3c_485aadc678c8a7fb274c,3,ternary_vle_english.xlsx,10.1016/j.fluid.2011.05.011,unverified,0.5,isothermal,0.9642857142857143,isothermal,,,18.609999999999992,17.9849853515625,0.0,True,False,48,CC(=O)CC(C)C,mol_0a895444a9f0f36b,0.03979999999999995,0.04859999999999998,0.055597539991140366,1.7361146211624146,14.47118854522705,CC(C)CC(C)(C)C,mol_57615b5c3546c298,0.0542,0.3418,0.22535212337970734,2.6090033054351807,28.661426544189453,CC(C)CO,mol_015d21fca05fcd26,0.906,0.6096,0.719050407409668,1.008466362953186,14.154019355773926
state_a31029bce8d77c55204e3ece,3c_28e3b8df482e382b0f63,3,ternary_vle_english.xlsx,10.1016/j.fluid.2012.11.026,unverified,0.5,isothermal,0.9411764705882353,isothermal,,,156.649,154.15582275390625,1.52587890625e-05,True,False,48,CCO,mol_f29e20f49d416e54,0.9017,0.892,0.9289325475692749,1.0066742897033691,157.7586212158203,CCOC(=O)OCC,mol_4df2781fcf4d4a77,0.0492,0.035,0.023671548813581467,2.1710288524627686,34.16299819946289,O,mol_e81dc06beaa39499,0.0491,0.073,0.047395847737789154,2.123009443283081,70.09174346923828
state_a356b877fb11294eba57bb09,3c_93c3339e467773a7c208,3,ternary_vle_english.xlsx,10.1016/j.fluid.2005.05.024,unverified,0.5,isothermal,0.9782608695652174,isothermal,,,34.45000000000001,33.77056884765625,0.0,True,False,48,CC(=O)CC(C)C,mol_0a895444a9f0f36b,0.5159,0.2228,0.21678303182125092,1.121688723564148,12.651026725769043,CC(C)O,mol_db030b5de88f8eaf,0.3955,0.5,0.530932605266571,1.318674921989441,34.37902069091797,CC(C)OC(C)C,mol_1a0ca8e5eeb68da8,0.0886,0.2772,0.2522844076156616,1.400946021080017,68.6394271850586
state_a376219f5c6a398031521aee,3c_485aadc678c8a7fb274c,3,ternary_vle_english.xlsx,10.1016/j.fluid.2011.05.011,unverified,0.5,isothermal,0.9655172413793104,isothermal,,,31.519999999999996,31.93032455444336,0.0,True,False,48,CC(=O)CC(C)C,mol_0a895444a9f0f36b,0.6866,0.5927,0.5884227156639099,1.0395534038543701,26.323410034179688,CC(C)CC(C)(C)C,mol_57615b5c3546c298,0.0296,0.1092,0.08253604918718338,1.8392672538757324,48.40725326538086,CC(C)CO,mol_015d21fca05fcd26,0.2838,0.2981,0.3290412425994873,1.3313863277435303,27.8059139251709
state_a41fac7b3bdd472ca0e7c10b,3c_28e3b8df482e382b0f63,3,ternary_vle_english.xlsx,10.1016/j.fluid.2012.11.026,unverified,0.5,isothermal,0.9411764705882353,isothermal,,,160.62100000000004,148.7349853515625,1.52587890625e-05,True,False,48,CCO,mol_f29e20f49d416e54,0.6526000000000001,0.6930000000000001,0.736627459526062,1.0641943216323853,157.7586212158203,CCOC(=O)OCC,mol_4df2781fcf4d4a77,0.0496,0.041,0.022260062396526337,1.9538980722427368,34.16299819946289,O,mol_e81dc06beaa39499,0.2978,0.266,0.24111244082450867,1.718071460723877,70.09174346923828
state_a45102787d657c549ee9c75b,3c_93c3339e467773a7c208,3,ternary_vle_english.xlsx,10.1016/j.fluid.2005.05.024,unverified,0.5,isothermal,0.9782608695652174,isothermal,,,86.24,86.83052062988281,0.0,True,False,48,CC(=O)CC(C)C,mol_0a895444a9f0f36b,0.04580000000000006,0.015700000000000047,0.013876059092581272,1.3718621730804443,19.17620086669922,CC(C)O,mol_db030b5de88f8eaf,0.6567,0.4533,0.4638654291629791,1.1248016357421875,54.528236389160156,CC(C)OC(C)C,mol_1a0ca8e5eeb68da8,0.2975,0.531,0.5222585201263428,1.5850220918655396,96.16911315917969
state_a4775b5dcb0defcc473efffd,3c_28e3b8df482e382b0f63,3,ternary_vle_english.xlsx,10.1016/j.fluid.2012.11.026,unverified,0.5,isothermal,0.9411764705882353,isothermal,,,101.47,80.99871826171875,0.0,True,False,48,CCO,mol_f29e20f49d416e54,0.29689999999999994,0.3953,0.5269230008125305,1.3279228210449219,108.25357818603516,CCOC(=O)OCC,mol_4df2781fcf4d4a77,0.3021,0.1507,0.11702381074428558,1.3529821634292603,23.190473556518555,O,mol_e81dc06beaa39499,0.401,0.454,0.3560531437397003,1.518309473991394,47.36835861206055
state_a5395db6e2ac1713367d63a3,3c_93c3339e467773a7c208,3,ternary_vle_english.xlsx,10.1016/j.fluid.2005.05.024,unverified,0.5,isothermal,0.9782608695652174,isothermal,,,62.97999999999999,60.67150115966797,0.0,True,False,48,CC(=O)CC(C)C,mol_0a895444a9f0f36b,0.1795,0.0464,0.042385783046483994,1.1324387788772583,12.651026725769043,CC(C)O,mol_db030b5de88f8eaf,0.2133,0.2023,0.21238508820533752,1.7572128772735596,34.37902069091797,CC(C)OC(C)C,mol_1a0ca8e5eeb68da8,0.6072,0.7513,0.7452291250228882,1.0848485231399536,68.6394271850586
state_a599c51403f0a00d4bbaaf09,3c_485aadc678c8a7fb274c,3,ternary_vle_english.xlsx,10.1016/j.fluid.2011.05.011,unverified,0.5,isothermal,0.9655172413793104,isothermal,,,53.28999999999999,49.451637268066406,0.0,True,False,48,CC(=O)CC(C)C,mol_0a895444a9f0f36b,0.1885,0.13539999999999996,0.1356860250234604,1.352266550064087,26.323410034179688,CC(C)CC(C)(C)C,mol_57615b5c3546c298,0.7228,0.7296,0.7596992254257202,1.0737266540527344,48.40725326538086,CC(C)CO,mol_015d21fca05fcd26,0.0887,0.135,0.1046147570014,2.0975522994995117,27.8059139251709
state_a5c45c98a4a7c58bded6e90c,3c_485aadc678c8a7fb274c,3,ternary_vle_english.xlsx,10.1016/j.fluid.2011.05.011,unverified,0.5,isothermal,0.9375,isothermal,,,56.2,57.10228729248047,-3.814697265625e-06,True,False,48,CC(=O)CC(C)C,mol_0a895444a9f0f36b,0.4613999999999999,0.42389999999999994,0.4202202260494232,1.117105484008789,46.554176330566406,CC(C)CC(C)(C)C,mol_57615b5c3546c298,0.0088,0.0352,0.026984047144651413,2.1870276927948,80.06147766113281,CC(C)CO,mol_015d21fca05fcd26,0.5298,0.5409,0.5527957081794739,1.1086405515670776,53.7421989440918
state_a74163a2448f1309c7135494,3c_93c3339e467773a7c208,3,ternary_vle_english.xlsx,10.1016/j.fluid.2005.05.024,unverified,0.5,isothermal,0.9782608695652174,isothermal,,,48.71000000000001,47.30251693725586,0.0,True,False,48,CC(=O)CC(C)C,mol_0a895444a9f0f36b,0.22320000000000007,0.08020000000000005,0.07630355656147003,1.27823007106781,12.651026725769043,CC(C)O,mol_db030b5de88f8eaf,0.581,0.4599,0.49019676446914673,1.1608738899230957,34.37902069091797,CC(C)OC(C)C,mol_1a0ca8e5eeb68da8,0.1958,0.4599,0.43349969387054443,1.5257614850997925,68.6394271850586
state_a780cca631c626e16ab66b55,3c_93c3339e467773a7c208,3,ternary_vle_english.xlsx,10.1016/j.fluid.2005.05.024,unverified,0.5,isothermal,0.9782608695652174,isothermal,,,76.26,74.63833618164062,-7.62939453125e-06,True,False,48,CC(=O)CC(C)C,mol_0a895444a9f0f36b,0.35209999999999997,0.11140000000000005,0.09674424678087234,1.069445013999939,19.17620086669922,CC(C)O,mol_db030b5de88f8eaf,0.1706,0.206,0.21983562409877777,1.7638412714004517,54.528236389160156,CC(C)OC(C)C,mol_1a0ca8e5eeb68da8,0.4773,0.6826,0.6834201812744141,1.1112778186798096,96.16911315917969
state_a7b14485fff8666441613494,3c_93c3339e467773a7c208,3,ternary_vle_english.xlsx,10.1016/j.fluid.2005.05.024,unverified,0.5,isothermal,0.9782608695652174,isothermal,,,68.14,64.8245849609375,0.0,True,False,48,CC(=O)CC(C)C,mol_0a895444a9f0f36b,0.4808,0.1499999999999999,0.14932574331760406,1.0498987436294556,19.17620086669922,CC(C)O,mol_db030b5de88f8eaf,0.0902,0.1315,0.1429935246706009,1.8846389055252075,54.528236389160156,CC(C)OC(C)C,mol_1a0ca8e5eeb68da8,0.429,0.7185,0.7076807618141174,1.1119474172592163,96.16911315917969
state_a80eee41e193159217aef5ce,3c_485aadc678c8a7fb274c,3,ternary_vle_english.xlsx,10.1016/j.fluid.2011.05.011,unverified,0.5,isothermal,0.967741935483871,isothermal,,,90.64,81.71223449707031,-7.62939453125e-06,True,False,48,CC(=O)CC(C)C,mol_0a895444a9f0f36b,0.0403,0.02510000000000001,0.028496526181697845,1.2411242723464966,46.554176330566406,CC(C)CC(C)(C)C,mol_57615b5c3546c298,0.2786,0.5213,0.4796656668186188,1.7571990489959717,80.06147766113281,CC(C)CO,mol_015d21fca05fcd26,0.6811,0.4536,0.49183782935142517,1.0979502201080322,53.7421989440918
state_aa266ceb50f422cd61de39ea,3c_93c3339e467773a7c208,3,ternary_vle_english.xlsx,10.1016/j.fluid.2005.05.024,unverified,0.5,isothermal,0.9782608695652174,isothermal,,,72.38,71.6776123046875,-7.62939453125e-06,True,False,48,CC(=O)CC(C)C,mol_0a895444a9f0f36b,0.2218,0.07810000000000006,0.0750933438539505,1.2654961347579956,19.17620086669922,CC(C)O,mol_db030b5de88f8eaf,0.5733,0.4817,0.5083072185516357,1.1654841899871826,54.528236389160156,CC(C)OC(C)C,mol_1a0ca8e5eeb68da8,0.2049,0.4402,0.41659948229789734,1.5153907537460327,96.16911315917969
state_ab62f212699912624238116e,3c_485aadc678c8a7fb274c,3,ternary_vle_english.xlsx,10.1016/j.fluid.2011.05.011,unverified,0.5,isothermal,0.967741935483871,isothermal,,,86.6,81.18197631835938,-7.62939453125e-06,True,False,48,CC(=O)CC(C)C,mol_0a895444a9f0f36b,0.2721,0.1955,0.19755105674266815,1.2660527229309082,46.554176330566406,CC(C)CC(C)(C)C,mol_57615b5c3546c298,0.6474,0.6834,0.7021417021751404,1.0997350215911865,80.06147766113281,CC(C)CO,mol_015d21fca05fcd26,0.0805,0.1211,0.10030721127986908,1.8822635412216187,53.7421989440918
state_ad46e002754aa5b069228e10,3c_93c3339e467773a7c208,3,ternary_vle_english.xlsx,10.1016/j.fluid.2005.05.024,unverified,0.5,isothermal,0.9782608695652174,isothermal,,,25.090000000000003,25.365070343017578,0.0,True,False,48,CC(=O)CC(C)C,mol_0a895444a9f0f36b,0.9278,0.7354,0.7025197148323059,1.0015615224838257,19.17620086669922,CC(C)O,mol_db030b5de88f8eaf,0.06480000000000001,0.2254,0.26030394434928894,1.868617296218872,54.528236389160156,CC(C)OC(C)C,mol_1a0ca8e5eeb68da8,0.007400000000000001,0.0392,0.03717629238963127,1.325057864189148,96.16911315917969
state_ad5733d6abf4dcb403fed7d6,3c_485aadc678c8a7fb274c,3,ternary_vle_english.xlsx,10.1016/j.fluid.2011.05.011,unverified,0.5,isothermal,0.9655172413793104,isothermal,,,29.720000000000002,31.262157440185547,0.0,True,False,48,CC(=O)CC(C)C,mol_0a895444a9f0f36b,0.5353,0.5189,0.5026260018348694,1.1151273250579834,26.323410034179688,CC(C)CC(C)(C)C,mol_57615b5c3546c298,0.0038,0.0174,0.01180209033191204,2.00578236579895,48.40725326538086,CC(C)CO,mol_015d21fca05fcd26,0.4609,0.4637,0.48557189106941223,1.1844823360443115,27.8059139251709
state_aed664098a0ceb46986b5217,3c_93c3339e467773a7c208,3,ternary_vle_english.xlsx,10.1016/j.fluid.2005.05.024,unverified,0.5,isothermal,0.9782608695652174,isothermal,,,13.799999999999999,13.794328689575195,-9.5367431640625e-07,True,False,48,CC(=O)CC(C)C,mol_0a895444a9f0f36b,0.9799,0.9046,0.8988294005393982,1.00016188621521,12.651026725769043,CC(C)O,mol_db030b5de88f8eaf,0.0187,0.0854,0.09253005683422089,1.9854011535644531,34.37902069091797,CC(C)OC(C)C,mol_1a0ca8e5eeb68da8,0.0014,0.01,0.008640503510832787,1.2403318881988525,68.6394271850586
state_af0f4db5b980646c30facd52,3c_485aadc678c8a7fb274c,3,ternary_vle_english.xlsx,10.1016/j.fluid.2011.05.011,unverified,0.5,isothermal,0.9642857142857143,isothermal,,,16.100000000000005,17.123313903808594,-1.9073486328125e-06,True,False,48,CC(=O)CC(C)C,mol_0a895444a9f0f36b,0.35229999999999995,0.39050000000000007,0.3790134787559509,1.2729917764663696,14.47118854522705,CC(C)CC(C)(C)C,mol_57615b5c3546c298,0.013,0.0798,0.046121951192617416,2.1196017265319824,28.661426544189453,CC(C)CO,mol_015d21fca05fcd26,0.6347,0.5297,0.5748646259307861,1.0957337617874146,14.154019355773926
state_b0df254a4452cbb01a05ee31,3c_28e3b8df482e382b0f63,3,ternary_vle_english.xlsx,10.1016/j.fluid.2012.11.026,unverified,0.5,isothermal,0.9411764705882353,isothermal,,,94.72,57.25298309326172,0.0,True,False,48,CCO,mol_f29e20f49d416e54,0.11129999999999995,0.23319999999999996,0.36373764276504517,1.7284188270568848,108.25357818603516,CCOC(=O)OCC,mol_4df2781fcf4d4a77,0.6704,0.2198,0.2884235680103302,1.0621484518051147,23.190473556518555,O,mol_e81dc06beaa39499,0.2183,0.547,0.34783878922462463,1.9259014129638672,47.36835861206055
state_b5c7f420d50e21cc4bdb8fa1,3c_485aadc678c8a7fb274c,3,ternary_vle_english.xlsx,10.1016/j.fluid.2011.05.011,unverified,0.5,isothermal,0.967741935483871,isothermal,,,57.99999999999999,58.41388702392578,-3.814697265625e-06,True,False,48,CC(=O)CC(C)C,mol_0a895444a9f0f36b,0.36629999999999996,0.3368,0.33856162428855896,1.1597336530685425,46.554176330566406,CC(C)CC(C)(C)C,mol_57615b5c3546c298,0.0161,0.0665,0.04978716000914574,2.256232976913452,80.06147766113281,CC(C)CO,mol_015d21fca05fcd26,0.6176,0.5967,0.6116512417793274,1.0764583349227905,53.7421989440918
state_b5cd86ffd4f33938717f495e,3c_93c3339e467773a7c208,3,ternary_vle_english.xlsx,10.1016/j.fluid.2005.05.024,unverified,0.5,isothermal,0.9782608695652174,isothermal,,,70.11,67.53073120117188,-7.62939453125e-06,True,False,48,CC(=O)CC(C)C,mol_0a895444a9f0f36b,0.05809999999999993,0.016199999999999992,0.013059425167739391,1.1998405456542969,12.651026725769043,CC(C)O,mol_db030b5de88f8eaf,0.1509,0.1595,0.1589040458202362,2.068490743637085,34.37902069091797,CC(C)OC(C)C,mol_1a0ca8e5eeb68da8,0.791,0.8243,0.8280365467071533,1.0299135446548462,68.6394271850586
state_b6e7074d8d7a39d9d5498716,3c_93c3339e467773a7c208,3,ternary_vle_english.xlsx,10.1016/j.fluid.2005.05.024,unverified,0.5,isothermal,0.9782608695652174,isothermal,,,35.199999999999996,32.942893981933594,0.0,True,False,48,CC(=O)CC(C)C,mol_0a895444a9f0f36b,0.6833,0.2623,0.2670176327228546,1.0175703763961792,12.651026725769043,CC(C)O,mol_db030b5de88f8eaf,0.0964,0.1704,0.18476390838623047,1.8365737199783325,34.37902069091797,CC(C)OC(C)C,mol_1a0ca8e5eeb68da8,0.2203,0.5673,0.5482184290885925,1.1943379640579224,68.6394271850586
state_b6fbb14149ad0c124e360c48,3c_93c3339e467773a7c208,3,ternary_vle_english.xlsx,10.1016/j.fluid.2005.05.024,unverified,0.5,isothermal,0.9782608695652174,isothermal,,,26.439999999999994,25.520118713378906,-1.9073486328125e-06,True,False,48,CC(=O)CC(C)C,mol_0a895444a9f0f36b,0.7615000000000001,0.3844000000000001,0.3850298821926117,1.0199559926986694,12.651026725769043,CC(C)O,mol_db030b5de88f8eaf,0.1747,0.362,0.3925323784351349,1.667906641960144,34.37902069091797,CC(C)OC(C)C,mol_1a0ca8e5eeb68da8,0.0638,0.2536,0.2224377542734146,1.2962740659713745,68.6394271850586
state_b75636c3ff20abad14fc4acf,3c_485aadc678c8a7fb274c,3,ternary_vle_english.xlsx,10.1016/j.fluid.2011.05.011,unverified,0.5,isothermal,0.967741935483871,isothermal,,,56.36000000000001,57.141441345214844,-3.814697265625e-06,True,False,48,CC(=O)CC(C)C,mol_0a895444a9f0f36b,0.29600000000000004,0.2913,0.2913120985031128,1.2079788446426392,46.554176330566406,CC(C)CC(C)(C)C,mol_57615b5c3546c298,0.0043,0.0195,0.014249675907194614,2.3651793003082275,80.06147766113281,CC(C)CO,mol_015d21fca05fcd26,0.6997,0.6892,0.6944382190704346,1.0552551746368408,53.7421989440918
state_7f7accdadce4490aed5f0b22,3c_2d8df0569d9d03284715,3,ternary_vle_english.xlsx,10.1016/j.fluid.2007.06.005,unverified,0.5,isobaric,0.9807692307692307,isobaric,349.64,350.5060729980469,,,-0.000213623046875,True,False,48,CC(C)CC(C)(C)C,mol_57615b5c3546c298,0.42799999999999994,0.31200000000000006,0.29663532972335815,1.3422011137008667,52.30823516845703,CCC(C)=O,mol_4cfc5db0ca2ab00b,0.527,0.588,0.5924350619316101,1.1979726552963257,95.05867767333984,CCO,mol_f29e20f49d416e54,0.045,0.1,0.11092958599328995,2.5591185092926025,97.5782470703125
state_7f98afacf04a14ffcb63dbf6,3c_2d8df0569d9d03284715,3,ternary_vle_english.xlsx,10.1016/j.fluid.2007.06.005,unverified,0.5,isobaric,0.9807692307692307,isobaric,347.98,349.05010986328125,,,-0.0001983642578125,True,False,48,CC(C)CC(C)(C)C,mol_57615b5c3546c298,0.43599999999999994,0.276,0.2868611812591553,1.3364684581756592,49.86952209472656,CCC(C)=O,mol_4cfc5db0ca2ab00b,0.468,0.507,0.5106465816497803,1.2191133499145508,90.66488647460938,CCO,mol_f29e20f49d416e54,0.096,0.217,0.20249228179454803,2.320438861846924,92.08220672607422
state_802096c3693d4a9053ffa829,3c_c1f86c0bca7d787912fb,3,ternary_vle_english.xlsx,10.1016/j.jct.2011.10.025,unverified,0.5,isobaric,0.9807692307692307,isobaric,360.29,358.908203125,,,-3.0517578125e-05,True,False,48,C1CCOCC1,mol_626f3d1f5bbb6f55,0.784,0.778,0.7521124482154846,1.0138684511184692,95.85051727294922,CC(C)CC(C)(C)C,mol_57615b5c3546c298,0.17199999999999993,0.128,0.16843123733997345,1.4525824785232544,68.29088592529297,CC(C)O,mol_db030b5de88f8eaf,0.044,0.094,0.07945624738931656,1.535376787185669,119.14334106445312
state_80429d1688449c6c2f615da4,3c_f6a2de3ac0acbac84e4f,3,ternary_vle_english.xlsx,10.1016/j.fluid.2005.01.007,unverified,0.5,isobaric,0.9818181818181818,isobaric,337.98,339.1907958984375,,,5.340576171875e-05,True,False,48,CC(C)=O,mol_e04cf77cea7bbe66,0.187,0.328,0.3817124366760254,1.470975399017334,140.57205200195312,CC(C)CC(C)(C)C,mol_57615b5c3546c298,0.358,0.28400000000000003,0.21201570332050323,1.6836532354354858,35.63215255737305,CCO,mol_f29e20f49d416e54,0.455,0.388,0.4062718451023102,1.47723388671875,61.23020935058594
state_817dbc359e3adfe8cb2b698e,3c_2d8df0569d9d03284715,3,ternary_vle_english.xlsx,10.1016/j.fluid.2007.06.005,unverified,0.5,isobaric,0.9807692307692307,isobaric,345.38,348.1474609375,,,-6.866455078125e-05,True,False,48,CC(C)CC(C)(C)C,mol_57615b5c3546c298,0.622,0.3540000000000001,0.36831286549568176,1.2392542362213135,48.40332794189453,CCC(C)=O,mol_4cfc5db0ca2ab00b,0.052,0.066,0.07309067994356155,1.6175872087478638,88.02379608154297,CCO,mol_f29e20f49d416e54,0.326,0.58,0.5585964322090149,1.9545464515686035,88.8062744140625
state_82087a8d47fe4607f992a511,3c_1a08c4f653f7d812cdc9,3,ternary_vle_english.xlsx,10.1016/j.jct.2019.03.036,unverified,0.5,isobaric,0.972972972972973,isobaric,379.29999999999995,375.25299072265625,,,-6.103515625e-05,True,False,48,CCCOC(C)=O,mol_67043ae833ecd0c7,0.1833,0.2851,0.2192927598953247,1.171951413154602,103.40972900390625,CCOC(C)=O,mol_18876b584acc43d4,0.3075,0.6783,0.7472344040870667,1.140405535697937,215.854736328125,CS(C)=O,mol_7d3e12eaed0f467c,0.5092,0.036599999999999966,0.03347287327051163,1.2327842712402344,5.40165376663208
state_82483b24a5cde2c8c15753df,3c_c1f86c0bca7d787912fb,3,ternary_vle_english.xlsx,10.1016/j.jct.2011.10.025,unverified,0.5,isobaric,0.9807692307692307,isobaric,354.99,356.5126037597656,,,1.52587890625e-05,True,False,48,C1CCOCC1,mol_626f3d1f5bbb6f55,0.164,0.113,0.17602361738681793,1.2226639986038208,88.9261474609375,CC(C)CC(C)(C)C,mol_57615b5c3546c298,0.649,0.43799999999999994,0.4485604465007782,1.1045398712158203,63.38761901855469,CC(C)O,mol_db030b5de88f8eaf,0.187,0.449,0.37541595101356506,1.8733147382736206,108.56001281738281
state_82a5c05592c04f0ee1f65629,3c_6b60b4a3a536506a27ae,3,ternary_vle_english.xlsx,10.1016/j.fluid.2006.08.004,unverified,0.5,isobaric,0.9821428571428571,isobaric,345.86,344.423583984375,,,0.00011444091796875,True,False,48,CC(C)CC(C)(C)C,mol_57615b5c3546c298,0.041999999999999926,0.09299999999999997,0.08343448489904404,4.711307525634766,42.713462829589844,CC(C)OC(C)C,mol_1a0ca8e5eeb68da8,0.047,0.132,0.2060573548078537,4.005687713623047,110.87232208251953,CCO,mol_f29e20f49d416e54,0.911,0.775,0.7105081081390381,1.035503625869751,76.29727172851562
state_8413c41ea8605dd28c31b519,3c_c1f86c0bca7d787912fb,3,ternary_vle_english.xlsx,10.1016/j.jct.2011.10.025,unverified,0.5,isobaric,0.9807692307692307,isobaric,360.95,358.9939880371094,,,-3.814697265625e-05,True,False,48,C1CCOCC1,mol_626f3d1f5bbb6f55,0.619,0.624,0.6198634505271912,1.0555095672607422,96.1064453125,CC(C)CC(C)(C)C,mol_57615b5c3546c298,0.33499999999999996,0.257,0.2911314070224762,1.2857004404067993,68.47211456298828,CC(C)O,mol_db030b5de88f8eaf,0.046,0.119,0.08900510519742966,1.639687418937683,119.53781127929688
state_847590077dbede08add3847a,3c_f1332761d3af136f02b5,3,ternary_vle_english.xlsx,10.1016/j.fluid.2014.04.025,unverified,0.5,isobaric,0.9473684210526315,isobaric,386.47999999999996,388.1858215332031,,,7.62939453125e-05,True,False,48,COCCO,mol_d291b272a64498d9,0.2716,0.2289,0.26762405037879944,1.2930325269699097,77.19615936279297,CS(C)=O,mol_7d3e12eaed0f467c,0.21229999999999993,0.017199999999999993,0.02480338327586651,1.297274112701416,9.123026847839355,Cc1ccccc1,mol_1c09299644053521,0.5161,0.7539,0.7075725197792053,1.2128770351409912,114.50650024414062
state_85822f8afaa22c912cfcb53e,3c_6b60b4a3a536506a27ae,3,ternary_vle_english.xlsx,10.1016/j.fluid.2006.08.004,unverified,0.5,isobaric,0.9821428571428571,isobaric,358.25,357.8580322265625,,,-0.0003204345703125,True,False,48,CC(C)CC(C)(C)C,mol_57615b5c3546c298,0.856,0.602,0.5730636715888977,1.025881052017212,66.10589599609375,CC(C)OC(C)C,mol_1a0ca8e5eeb68da8,0.096,0.149,0.19990146160125732,1.2649065256118774,166.76095581054688,CCO,mol_f29e20f49d416e54,0.048,0.249,0.22703488171100616,3.6954915523529053,129.65438842773438
state_85b1d8016a292ac443103681,3c_6e76d885d4575498aef9,3,ternary_vle_english.xlsx,10.1016/j.fluid.2015.08.014,unverified,0.5,isobaric,0.9411764705882353,isobaric,368.45,354.2298278808594,,,0.00014495849609375,True,False,48,CO,mol_a85d32e4db2ff39c,0.398,0.839,0.9047314524650574,1.2267533540725708,187.71087646484375,COC(C)=O,mol_b9c4464ceb7b1e3f,0.02,0.139,0.08220108598470688,1.8992018699645996,219.2232208251953,CS(C)=O,mol_7d3e12eaed0f467c,0.582,0.02200000000000002,0.013067495077848434,1.083493947982788,2.099195718765259
state_863fe1ac749a4bde5cce9e0d,3c_c1f86c0bca7d787912fb,3,ternary_vle_english.xlsx,10.1016/j.jct.2011.10.025,unverified,0.5,isobaric,0.9807692307692307,isobaric,361.75,359.2242431640625,,,-0.00012969970703125,True,False,48,C1CCOCC1,mol_626f3d1f5bbb6f55,0.53,0.535,0.5532521605491638,1.0924415588378906,96.79612731933594,CC(C)CC(C)(C)C,mol_57615b5c3546c298,0.42199999999999993,0.32699999999999996,0.34853142499923706,1.2132337093353271,68.95948028564453,CC(C)O,mol_db030b5de88f8eaf,0.048,0.138,0.09821636974811554,1.718723177909851,120.59951782226562
state_892da04c0e85c4c8fb587a25,3c_f1332761d3af136f02b5,3,ternary_vle_english.xlsx,10.1016/j.fluid.2014.04.025,unverified,0.5,isobaric,0.9473684210526315,isobaric,400.69,398.34893798828125,,,-0.0001678466796875,True,False,48,COCCO,mol_d291b272a64498d9,0.4113,0.4285,0.46974095702171326,1.0819860696792603,106.92684936523438,CS(C)=O,mol_7d3e12eaed0f467c,0.3982,0.047699999999999965,0.05751565471291542,1.0915923118591309,13.403958320617676,Cc1ccccc1,mol_1c09299644053521,0.1905,0.5238,0.47274333238601685,1.6703790426254272,150.49571228027344
state_894502c847965caa1c4c834c,3c_f1332761d3af136f02b5,3,ternary_vle_english.xlsx,10.1016/j.fluid.2014.04.025,unverified,0.5,isobaric,0.9473684210526315,isobaric,403.31999999999994,403.4361267089844,,,0.00012969970703125,True,False,48,COCCO,mol_d291b272a64498d9,0.098,0.0763,0.15166746079921722,1.2532646656036377,125.09315490722656,CS(C)=O,mol_7d3e12eaed0f467c,0.6112,0.09809999999999997,0.103452168405056,1.0638878345489502,16.116487503051758,Cc1ccccc1,mol_1c09299644053521,0.2908,0.8256,0.7448803186416626,1.5126619338989258,171.53794860839844
state_896ae5350a728e58ca3b5e63,3c_f6a2de3ac0acbac84e4f,3,ternary_vle_english.xlsx,10.1016/j.fluid.2005.01.007,unverified,0.5,isobaric,0.9818181818181818,isobaric,332.32,333.31646728515625,,,0.001190185546875,True,False,48,CC(C)=O,mol_e04cf77cea7bbe66,0.488,0.62,0.663818359375,1.1871954202651978,116.07048034667969,CC(C)CC(C)(C)C,mol_57615b5c3546c298,0.267,0.18799999999999994,0.128489688038826,1.6904969215393066,28.837472915649414,CCO,mol_f29e20f49d416e54,0.245,0.192,0.207691952586174,1.8129124641418457,47.36867904663086
state_8996cbbd9e20c491b3a1514b,3c_f6a2de3ac0acbac84e4f,3,ternary_vle_english.xlsx,10.1016/j.fluid.2005.01.007,unverified,0.5,isobaric,0.9818181818181818,isobaric,337.55,335.6650695800781,,,0.00079345703125,True,False,48,CC(C)=O,mol_e04cf77cea7bbe66,0.285,0.476,0.5521992444992065,1.564913272857666,125.42195129394531,CC(C)CC(C)(C)C,mol_57615b5c3546c298,0.04600000000000004,0.08800000000000008,0.05444049835205078,3.8161559104919434,31.4160099029541,CCO,mol_f29e20f49d416e54,0.669,0.436,0.39336028695106506,1.1333575248718262,52.55454635620117
state_89d896eeeeeb542e8da795e3,3c_6b60b4a3a536506a27ae,3,ternary_vle_english.xlsx,10.1016/j.fluid.2006.08.004,unverified,0.5,isobaric,0.9821428571428571,isobaric,346.88,350.2052001953125,,,0.001983642578125,True,False,48,CC(C)CC(C)(C)C,mol_57615b5c3546c298,0.772,0.4139999999999999,0.41949498653411865,1.0627321004867554,51.79688262939453,CC(C)OC(C)C,mol_1a0ca8e5eeb68da8,0.05,0.056,0.07362119108438492,1.1237825155258179,132.72982788085938,CCO,mol_f29e20f49d416e54,0.178,0.53,0.5068838596343994,2.9918267726898193,96.42063903808594
state_8a1f91b838155c66500240ca,3c_2d8df0569d9d03284715,3,ternary_vle_english.xlsx,10.1016/j.fluid.2007.06.005,unverified,0.5,isobaric,0.9622641509433962,isobaric,343.98,345.5919494628906,,,-0.00019073486328125,True,False,48,CC(C)CC(C)(C)C,mol_57615b5c3546c298,0.21299999999999997,0.241,0.20102226734161377,2.1513967514038086,44.43781280517578,CCC(C)=O,mol_4cfc5db0ca2ab00b,0.152,0.16,0.193045973777771,1.5907319784164429,80.87770080566406,CCO,mol_f29e20f49d416e54,0.635,0.599,0.60593181848526,1.2074863910675049,80.05278015136719
state_8a5ae575564b23061d0411b2,3c_c1f86c0bca7d787912fb,3,ternary_vle_english.xlsx,10.1016/j.jct.2011.10.025,unverified,0.5,isobaric,0.9807692307692307,isobaric,356.56,356.0547180175781,,,-7.62939453125e-05,True,False,48,C1CCOCC1,mol_626f3d1f5bbb6f55,0.347,0.273,0.33351388573646545,1.1108053922653198,87.65074157714844,CC(C)CC(C)(C)C,mol_57615b5c3546c298,0.46599999999999997,0.33899999999999997,0.34870076179504395,1.2131534814834595,62.48278045654297,CC(C)O,mol_db030b5de88f8eaf,0.187,0.388,0.317785382270813,1.6144918203353882,106.62659454345703
state_8a7f750f4fae522e6c7f397c,3c_f6a2de3ac0acbac84e4f,3,ternary_vle_english.xlsx,10.1016/j.fluid.2005.01.007,unverified,0.5,isobaric,0.9818181818181818,isobaric,341.16,344.3122253417969,,,-0.00018310546875,True,False,48,CC(C)=O,mol_e04cf77cea7bbe66,0.083,0.225,0.2362062931060791,1.7458832263946533,165.1227264404297,CC(C)CC(C)(C)C,mol_57615b5c3546c298,0.687,0.349,0.3332294523715973,1.1547272205352783,42.551605224609375,CCO,mol_f29e20f49d416e54,0.23,0.426,0.4305642545223236,2.4969379901885986,75.94707489013672
state_8de7b417308dccdf075dfc8e,3c_c1f86c0bca7d787912fb,3,ternary_vle_english.xlsx,10.1016/j.jct.2011.10.025,unverified,0.5,isobaric,0.9807692307692307,isobaric,355.97,357.0606384277344,,,-0.0002288818359375,True,False,48,C1CCOCC1,mol_626f3d1f5bbb6f55,0.15,0.105,0.16756585240364075,1.2507914304733276,90.4727554321289,CC(C)CC(C)(C)C,mol_57615b5c3546c298,0.681,0.45799999999999996,0.4709152281284332,1.0863043069839478,64.48409271240234,CC(C)O,mol_db030b5de88f8eaf,0.169,0.437,0.3615189492702484,1.9537947177886963,110.91082000732422
state_8e0637733e1e50d9a6fe4c87,3c_1a08c4f653f7d812cdc9,3,ternary_vle_english.xlsx,10.1016/j.jct.2019.03.036,unverified,0.5,isobaric,0.972972972972973,isobaric,374.28999999999996,371.3777160644531,,,-0.000244140625,True,False,48,CCCOC(C)=O,mol_67043ae833ecd0c7,0.1033,0.1348,0.10768957436084747,1.1512141227722168,91.7330093383789,CCOC(C)=O,mol_18876b584acc43d4,0.3923,0.8374,0.8642628192901611,1.1537121534347534,193.43650817871094,CS(C)=O,mol_7d3e12eaed0f467c,0.5044,0.027799999999999936,0.028047597035765648,1.2300435304641724,4.579399108886719
state_8ea3692022b28e539ea59d41,3c_1a08c4f653f7d812cdc9,3,ternary_vle_english.xlsx,10.1016/j.jct.2019.03.036,unverified,0.5,isobaric,0.972972972972973,isobaric,384.42999999999995,387.3577575683594,,,0.000152587890625,True,False,48,CCCOC(C)=O,mol_67043ae833ecd0c7,0.2753,0.6306,0.5180528163909912,1.291936993598938,147.5491180419922,CCOC(C)=O,mol_18876b584acc43d4,0.12,0.3202,0.4206078052520752,1.1877845525741577,298.9293518066406,CS(C)=O,mol_7d3e12eaed0f467c,0.6047,0.04919999999999991,0.06133938953280449,1.1633965969085693,8.832462310791016
state_8f08ce83c675cba6bb460edc,3c_c1f86c0bca7d787912fb,3,ternary_vle_english.xlsx,10.1016/j.jct.2011.10.025,unverified,0.5,isobaric,0.9807692307692307,isobaric,359.78,358.1797180175781,,,0.00019073486328125,True,False,48,C1CCOCC1,mol_626f3d1f5bbb6f55,0.443,0.412,0.4560853838920593,1.1130503416061401,93.69963836669922,CC(C)CC(C)(C)C,mol_57615b5c3546c298,0.46599999999999997,0.351,0.3651120662689209,1.1886966228485107,66.76971435546875,CC(C)O,mol_db030b5de88f8eaf,0.091,0.237,0.1788025200366974,1.7182353734970093,115.8403549194336
state_8f511a3cf6054db8ef163625,3c_c1f86c0bca7d787912fb,3,ternary_vle_english.xlsx,10.1016/j.jct.2011.10.025,unverified,0.5,isobaric,0.9807692307692307,isobaric,353.28,353.5408630371094,,,0.001861572265625,True,False,48,C1CCOCC1,mol_626f3d1f5bbb6f55,0.244,0.162,0.21210907399654388,1.0883458852767944,80.9133071899414,CC(C)CC(C)(C)C,mol_57615b5c3546c298,0.375,0.29599999999999993,0.2961999475955963,1.3868440389633179,57.69571304321289,CC(C)O,mol_db030b5de88f8eaf,0.381,0.542,0.491690993309021,1.3546781539916992,96.50472259521484
state_91616e61988b18f548df3bb0,3c_f6a2de3ac0acbac84e4f,3,ternary_vle_english.xlsx,10.1016/j.fluid.2005.01.007,unverified,0.5,isobaric,0.9818181818181818,isobaric,329.2,329.5716552734375,,,-0.0001983642578125,True,False,48,CC(C)=O,mol_e04cf77cea7bbe66,0.9,0.901,0.9175287485122681,1.009352445602417,102.31585693359375,CC(C)CC(C)(C)C,mol_57615b5c3546c298,0.050999999999999934,0.06299999999999994,0.034754280000925064,2.752371311187744,25.080703735351562,CCO,mol_f29e20f49d416e54,0.049,0.036,0.047716982662677765,2.4666242599487305,39.99286651611328
state_91dae4e9d75bee03e9f6e3e0,3c_b0299b0750b396fc0e73,3,ternary_vle_english.xlsx,10.1016/j.fluid.2008.09.010,unverified,0.5,isobaric,0.9444444444444444,isobaric,373.9,339.4493103027344,,,2.86102294921875e-05,True,False,48,CC(=O)O,mol_9ac385b135af0125,0.3237,0.2088,0.34629860520362854,0.9076891541481018,15.710932731628418,CS(C)=O,mol_7d3e12eaed0f467c,0.5103,0.1582,0.029429100453853607,0.7706208229064941,0.9975663423538208,O,mol_e81dc06beaa39499,0.166,0.633,0.6242722868919373,1.890291690826416,26.519676208496094
state_92644cf4396a7e42b22d2d51,3c_2d8df0569d9d03284715,3,ternary_vle_english.xlsx,10.1016/j.fluid.2007.06.005,unverified,0.5,isobaric,0.9807692307692307,isobaric,344.21,346.29071044921875,,,-2.288818359375e-05,True,False,48,CC(C)CC(C)(C)C,mol_57615b5c3546c298,0.41100000000000003,0.2879999999999999,0.2809125483036041,1.5218489170074463,45.495357513427734,CCC(C)=O,mol_4cfc5db0ca2ab00b,0.159,0.167,0.18811708688735962,1.4477604627609253,82.78350067138672,CCO,mol_f29e20f49d416e54,0.43,0.545,0.5309703350067139,1.5185654163360596,82.37162780761719
state_926a8c9358206e37ec755931,3c_6e76d885d4575498aef9,3,ternary_vle_english.xlsx,10.1016/j.fluid.2015.08.014,unverified,0.5,isobaric,0.9411764705882353,isobaric,353.03,348.6470642089844,,,-7.62939453125e-05,True,False,48,CO,mol_a85d32e4db2ff39c,0.217,0.262,0.45537787675857544,1.3840864896774292,153.58828735351562,COC(C)=O,mol_b9c4464ceb7b1e3f,0.195,0.727,0.5347688794136047,1.4991357326507568,185.31036376953125,CS(C)=O,mol_7d3e12eaed0f467c,0.588,0.01100000000000001,0.009853220544755459,1.062142252922058,1.5981858968734741
state_938339b3d2ad10e85d13180c,3c_f1332761d3af136f02b5,3,ternary_vle_english.xlsx,10.1016/j.fluid.2014.04.025,unverified,0.5,isobaric,0.9473684210526315,isobaric,387.45,388.5126953125,,,-0.0002899169921875,True,False,48,COCCO,mol_d291b272a64498d9,0.1429,0.1414,0.16539108753204346,1.5025408267974854,78.03003692626953,CS(C)=O,mol_7d3e12eaed0f467c,0.2257,0.021299999999999986,0.028646238148212433,1.391479730606079,9.239901542663574,Cc1ccccc1,mol_1c09299644053521,0.6314,0.8373,0.8059626221656799,1.1190823316574097,115.54642486572266
state_951cfd04d0c2172b1ca04968,3c_20e37ef734cab2512529,3,ternary_vle_english.xlsx,10.1016/j.fluid.2012.12.020,unverified,0.5,isobaric,0.9230769230769231,isobaric,391.37,390.03460693359375,,,0.00038909912109375,True,False,48,CC(C)O,mol_db030b5de88f8eaf,0.1068,0.3002,0.3996950089931488,1.0840516090393066,348.6828308105469,CCCCCO,mol_243de2450bee5519,0.5114000000000001,0.38660000000000005,0.24630337953567505,1.0014984607696533,48.571598052978516,CCCCO,mol_ad4ef9c6c876ca2f,0.3818,0.3132,0.35400164127349854,0.9482337236404419,98.75907135009766
state_953669ee78090280c2ad2ede,3c_f6a2de3ac0acbac84e4f,3,ternary_vle_english.xlsx,10.1016/j.fluid.2005.01.007,unverified,0.5,isobaric,0.9818181818181818,isobaric,331.01,332.4061279296875,,,0.00173187255859375,True,False,48,CC(C)=O,mol_e04cf77cea7bbe66,0.585,0.695,0.7380484938621521,1.1350353956222534,112.59951782226562,CC(C)CC(C)(C)C,mol_57615b5c3546c298,0.265,0.17600000000000005,0.12205864489078522,1.6732838153839111,27.88495635986328,CCO,mol_f29e20f49d416e54,0.15,0.129,0.1398928165435791,2.0773956775665283,45.478050231933594
state_9888e5f0588a719b27c4ca25,3c_1a08c4f653f7d812cdc9,3,ternary_vle_english.xlsx,10.1016/j.jct.2019.03.036,unverified,0.5,isobaric,0.972972972972973,isobaric,383.28,379.1206970214844,,,-0.0002899169921875,True,False,48,CCCOC(C)=O,mol_67043ae833ecd0c7,0.2787,0.4805,0.37523242831230164,1.1737511157989502,116.19718933105469,CCOC(C)=O,mol_18876b584acc43d4,0.2223,0.4748,0.5857633948326111,1.1113945245742798,240.17221069335938,CS(C)=O,mol_7d3e12eaed0f467c,0.499,0.04469999999999996,0.03900417685508728,1.247875690460205,6.345231056213379
state_98dfa19a5740eb972e9feb3c,3c_c1f86c0bca7d787912fb,3,ternary_vle_english.xlsx,10.1016/j.jct.2011.10.025,unverified,0.5,isobaric,0.9807692307692307,isobaric,356.33,354.9571533203125,,,3.0517578125e-05,True,False,48,C1CCOCC1,mol_626f3d1f5bbb6f55,0.559,0.473,0.48294100165367126,1.033812165260315,84.65453338623047,CC(C)CC(C)(C)C,mol_57615b5c3546c298,0.15500000000000003,0.122,0.14951969683170319,1.619044542312622,60.3555908203125,CC(C)O,mol_db030b5de88f8eaf,0.286,0.405,0.36753934621810913,1.2749539613723755,102.10637664794922
state_99083ce6838dc861e3e96a41,3c_f6a2de3ac0acbac84e4f,3,ternary_vle_english.xlsx,10.1016/j.fluid.2005.01.007,unverified,0.5,isobaric,0.9818181818181818,isobaric,348.84,352.3937683105469,,,0.00030517578125,True,False,48,CC(C)=O,mol_e04cf77cea7bbe66,0.068,0.321,0.3385984003543854,2.3950157165527344,210.60968017578125,CC(C)CC(C)(C)C,mol_57615b5c3546c298,0.895,0.47,0.5056731104850769,1.0292092561721802,55.610130310058594,CCO,mol_f29e20f49d416e54,0.037,0.209,0.1557285040616989,4.056508541107178,105.10533905029297
state_992d5361637d82459aa2ef03,3c_2d8df0569d9d03284715,3,ternary_vle_english.xlsx,10.1016/j.fluid.2007.06.005,unverified,0.5,isobaric,0.9807692307692307,isobaric,346.26,344.93817138671875,,,6.103515625e-05,True,False,48,CC(C)CC(C)(C)C,mol_57615b5c3546c298,0.04599999999999993,0.07400000000000007,0.05017264187335968,2.5419583320617676,43.4660758972168,CCC(C)=O,mol_4cfc5db0ca2ab00b,0.549,0.499,0.5031586289405823,1.1733397245407104,79.12586975097656,CCO,mol_f29e20f49d416e54,0.405,0.427,0.44666871428489685,1.4335721731185913,77.93286895751953
state_9b067e5b43fd88a9c5909528,3c_1a08c4f653f7d812cdc9,3,ternary_vle_english.xlsx,10.1016/j.jct.2019.03.036,unverified,0.5,isobaric,0.972972972972973,isobaric,379.2,380.23486328125,,,0.000457763671875,True,False,48,CCCOC(C)=O,mol_67043ae833ecd0c7,0.1679,0.3698,0.25325512886047363,1.2722395658493042,120.10195922851562,CCOC(C)=O,mol_18876b584acc43d4,0.2364,0.592,0.7012907266616821,1.213930606842041,247.5530242919922,CS(C)=O,mol_7d3e12eaed0f467c,0.5957,0.03820000000000001,0.04545413330197334,1.1637706756591797,6.641860485076904
state_9c9fa80d5c3f832a80c65ab4,3c_f1332761d3af136f02b5,3,ternary_vle_english.xlsx,10.1016/j.fluid.2014.04.025,unverified,0.5,isobaric,0.9473684210526315,isobaric,397.77,397.0359802246094,,,-7.62939453125e-06,True,False,48,COCCO,mol_d291b272a64498d9,0.6142,0.6154,0.6392496824264526,1.0274356603622437,102.61609649658203,CS(C)=O,mol_7d3e12eaed0f467c,0.26039999999999996,0.024800000000000044,0.037477973848581314,1.1416913270950317,12.770146369934082,Cc1ccccc1,mol_1c09299644053521,0.1254,0.3598,0.32327234745025635,1.7959555387496948,145.40682983398438
state_9ea75aefddfbbf768b55f796,3c_c1f86c0bca7d787912fb,3,ternary_vle_english.xlsx,10.1016/j.jct.2011.10.025,unverified,0.5,isobaric,0.9807692307692307,isobaric,351.26,352.0910339355469,,,0.000244140625,True,False,48,C1CCOCC1,mol_626f3d1f5bbb6f55,0.055,0.037,0.04798887297511101,1.1445294618606567,77.22561645507812,CC(C)CC(C)(C)C,mol_57615b5c3546c298,0.22199999999999998,0.2829999999999999,0.24287550151348114,2.012465715408325,55.0697021484375,CC(C)O,mol_db030b5de88f8eaf,0.723,0.68,0.7091356515884399,1.091461420059204,91.03180694580078
state_9f72d2d80ac5f0e9d1cefa41,3c_1a08c4f653f7d812cdc9,3,ternary_vle_english.xlsx,10.1016/j.jct.2019.03.036,unverified,0.5,isobaric,0.972972972972973,isobaric,386.65999999999997,385.1862487792969,,,0.00196075439453125,True,False,48,CCCOC(C)=O,mol_67043ae833ecd0c7,0.3866,0.7311,0.6287046670913696,1.1876580715179443,138.71112060546875,CCOC(C)=O,mol_18876b584acc43d4,0.1056,0.2152,0.32069656252861023,1.089090347290039,282.4778137207031,CS(C)=O,mol_7d3e12eaed0f467c,0.5078,0.05370000000000008,0.050598807632923126,1.2450017929077148,8.107659339904785
state_a250b025b813a824b905b215,3c_c1f86c0bca7d787912fb,3,ternary_vle_english.xlsx,10.1016/j.jct.2011.10.025,unverified,0.5,isobaric,0.9807692307692307,isobaric,354.29,353.4803466796875,,,0.0018157958984375,True,False,48,C1CCOCC1,mol_626f3d1f5bbb6f55,0.153,0.147,0.14742732048034668,1.2087204456329346,80.75657653808594,CC(C)CC(C)(C)C,mol_57615b5c3546c298,0.04299999999999993,0.06699999999999995,0.07005779445171356,2.866159677505493,57.58440399169922,CC(C)O,mol_db030b5de88f8eaf,0.804,0.786,0.7825148701667786,1.0241457223892212,96.27023315429688
state_a2839732b73174eae6ede874,3c_6b60b4a3a536506a27ae,3,ternary_vle_english.xlsx,10.1016/j.fluid.2006.08.004,unverified,0.5,isobaric,0.9821428571428571,isobaric,341.28,340.8908386230469,,,-0.0002593994140625,True,False,48,CC(C)CC(C)(C)C,mol_57615b5c3546c298,0.251,0.131,0.10330164432525635,1.1023324728012085,37.820674896240234,CC(C)OC(C)C,mol_1a0ca8e5eeb68da8,0.606,0.602,0.6128177046775818,1.034774899482727,98.99679565429688,CCO,mol_f29e20f49d416e54,0.143,0.267,0.28388071060180664,3.0550777912139893,65.82424926757812
state_a3356e5a3f30d3188839fca0,3c_6b60b4a3a536506a27ae,3,ternary_vle_english.xlsx,10.1016/j.fluid.2006.08.004,unverified,0.5,isobaric,0.9821428571428571,isobaric,343.15,343.7165222167969,,,3.814697265625e-05,True,False,48,CC(C)CC(C)(C)C,mol_57615b5c3546c298,0.249,0.256,0.20225872099399567,1.9734493494033813,41.69572830200195,CC(C)OC(C)C,mol_1a0ca8e5eeb68da8,0.096,0.141,0.19066479802131653,1.85585355758667,108.4089584350586,CCO,mol_f29e20f49d416e54,0.655,0.603,0.6070764660835266,1.2671023607254028,74.0969009399414
state_a3538c2ab12a961069646c35,3c_6b60b4a3a536506a27ae,3,ternary_vle_english.xlsx,10.1016/j.fluid.2006.08.004,unverified,0.5,isobaric,0.9821428571428571,isobaric,340.36,339.4093017578125,,,0.0001983642578125,True,False,48,CC(C)CC(C)(C)C,mol_57615b5c3546c298,0.15400000000000003,0.07800000000000007,0.06119951233267784,1.1211172342300415,35.90761184692383,CC(C)OC(C)C,mol_1a0ca8e5eeb68da8,0.704,0.692,0.6759403347969055,1.031089186668396,94.32999420166016,CCO,mol_f29e20f49d416e54,0.142,0.23,0.26286011934280396,3.0340330600738525,61.805389404296875
state_a401fa6ccee0722be876736e,3c_f6a2de3ac0acbac84e4f,3,ternary_vle_english.xlsx,10.1016/j.fluid.2005.01.007,unverified,0.5,isobaric,0.9818181818181818,isobaric,335.64,336.925048828125,,,0.00042724609375,True,False,48,CC(C)=O,mol_e04cf77cea7bbe66,0.286,0.444,0.49891138076782227,1.3522640466690063,130.6793975830078,CC(C)CC(C)(C)C,mol_57615b5c3546c298,0.371,0.249,0.18740031123161316,1.556511402130127,32.87421417236328,CCO,mol_f29e20f49d416e54,0.343,0.307,0.31368836760520935,1.6684150695800781,55.52793502807617
state_a41278cc389aa324670df80a,3c_f6a2de3ac0acbac84e4f,3,ternary_vle_english.xlsx,10.1016/j.fluid.2005.01.007,unverified,0.5,isobaric,0.9818181818181818,isobaric,337.57,340.4229431152344,,,-0.00014495849609375,True,False,48,CC(C)=O,mol_e04cf77cea7bbe66,0.184,0.37,0.4031267762184143,1.5180909633636475,146.19578552246094,CC(C)CC(C)(C)C,mol_57615b5c3546c298,0.5740000000000001,0.29600000000000004,0.26500141620635986,1.2569217681884766,37.20804977416992,CCO,mol_f29e20f49d416e54,0.242,0.334,0.33187180757522583,2.1527233123779297,64.5320816040039
state_a49b1fb798b51692d1b5a2e8,3c_c1f86c0bca7d787912fb,3,ternary_vle_english.xlsx,10.1016/j.jct.2011.10.025,unverified,0.5,isobaric,0.9807692307692307,isobaric,357.52,355.9823913574219,,,0.000274658203125,True,False,48,C1CCOCC1,mol_626f3d1f5bbb6f55,0.636,0.563,0.5610654354095459,1.021889328956604,87.45068359375,CC(C)CC(C)(C)C,mol_57615b5c3546c298,0.16700000000000004,0.1260000000000001,0.15738075971603394,1.531335711479187,62.34123992919922,CC(C)O,mol_db030b5de88f8eaf,0.197,0.311,0.28155383467674255,1.3616782426834106,106.32400512695312
state_a49ec901ed71fe6db44398fe,3c_1a08c4f653f7d812cdc9,3,ternary_vle_english.xlsx,10.1016/j.jct.2019.03.036,unverified,0.5,isobaric,0.972972972972973,isobaric,376.65,373.1044921875,,,-0.00012969970703125,True,False,48,CCCOC(C)=O,mol_67043ae833ecd0c7,0.1384,0.1971,0.1537013202905655,1.1621904373168945,96.79949951171875,CCOC(C)=O,mol_18876b584acc43d4,0.354,0.7712,0.8158918023109436,1.1490317583084106,203.19180297851562,CS(C)=O,mol_7d3e12eaed0f467c,0.5076,0.03170000000000006,0.030406910926103592,1.2305105924606323,4.931445121765137
state_a5b0132fff1b8e8c119d8c47,3c_2d8df0569d9d03284715,3,ternary_vle_english.xlsx,10.1016/j.fluid.2007.06.005,unverified,0.5,isobaric,0.9807692307692307,isobaric,344.81,344.8463439941406,,,0.0003204345703125,True,False,48,CC(C)CC(C)(C)C,mol_57615b5c3546c298,0.131,0.15700000000000003,0.11491146683692932,2.050710678100586,43.33098220825195,CCC(C)=O,mol_4cfc5db0ca2ab00b,0.463,0.409,0.43612465262413025,1.2096513509750366,78.88243103027344,CCO,mol_f29e20f49d416e54,0.406,0.434,0.44896385073661804,1.4428372383117676,77.63880920410156
state_a5ba69b816eca0d68530a372,3c_f6a2de3ac0acbac84e4f,3,ternary_vle_english.xlsx,10.1016/j.fluid.2005.01.007,unverified,0.5,isobaric,0.9818181818181818,isobaric,340.77,342.9866943359375,,,0.00014495849609375,True,False,48,CC(C)=O,mol_e04cf77cea7bbe66,0.087,0.194,0.21611206233501434,1.5879284143447876,158.46702575683594,CC(C)CC(C)(C)C,mol_57615b5c3546c298,0.482,0.32600000000000007,0.28792518377304077,1.488038420677185,40.66572952270508,CCO,mol_f29e20f49d416e54,0.431,0.48,0.49596279859542847,1.6216827630996704,71.88130950927734
state_a5e93cd98a59e19ee41817d8,3c_b0299b0750b396fc0e73,3,ternary_vle_english.xlsx,10.1016/j.fluid.2008.09.010,unverified,0.5,isobaric,0.9444444444444444,isobaric,391.91999999999996,357.22625732421875,,,5.7220458984375e-06,True,False,48,CC(=O)O,mol_9ac385b135af0125,0.2624000000000001,0.209,0.48906558752059937,0.7776978611946106,31.946456909179688,CS(C)=O,mol_7d3e12eaed0f467c,0.6943999999999999,0.5291,0.10271783173084259,0.814646303653717,2.420457124710083,O,mol_e81dc06beaa39499,0.04320000000000001,0.2619,0.4082166254520416,2.2597451210021973,55.74138641357422
state_a62d68c16e1f4d7600ff7e71,3c_f6a2de3ac0acbac84e4f,3,ternary_vle_english.xlsx,10.1016/j.fluid.2005.01.007,unverified,0.5,isobaric,0.9818181818181818,isobaric,338.39,338.4049072265625,,,0.000335693359375,True,False,48,CC(C)=O,mol_e04cf77cea7bbe66,0.184,0.347,0.41112861037254333,1.6512367725372314,137.0760040283203,CC(C)CC(C)(C)C,mol_57615b5c3546c298,0.14500000000000002,0.20900000000000007,0.1310984045267105,2.6428534984588623,34.65510559082031,CCO,mol_f29e20f49d416e54,0.671,0.444,0.4577729403972626,1.167403221130371,59.199440002441406
state_a6bc4ce37248772e0f313fd8,3c_c1f86c0bca7d787912fb,3,ternary_vle_english.xlsx,10.1016/j.jct.2011.10.025,unverified,0.5,isobaric,0.9807692307692307,isobaric,355.03,354.1070861816406,,,9.1552734375e-05,True,False,48,C1CCOCC1,mol_626f3d1f5bbb6f55,0.463,0.376,0.3972501754760742,1.0548876523971558,82.39232635498047,CC(C)CC(C)(C)C,mol_57615b5c3546c298,0.15100000000000002,0.128,0.1513151228427887,1.7279095649719238,58.74816131591797,CC(C)O,mol_db030b5de88f8eaf,0.386,0.496,0.4514347016811371,1.2001739740371704,98.71275329589844
state_a9936b87e357f0c5157c864a,3c_f6a2de3ac0acbac84e4f,3,ternary_vle_english.xlsx,10.1016/j.fluid.2005.01.007,unverified,0.5,isobaric,0.9818181818181818,isobaric,334.31,333.9844665527344,,,0.001373291015625,True,False,48,CC(C)=O,mol_e04cf77cea7bbe66,0.395,0.533,0.5992326736450195,1.2949841022491455,118.67228698730469,CC(C)CC(C)(C)C,mol_57615b5c3546c298,0.15700000000000003,0.17300000000000004,0.09910111874341965,2.1636784076690674,29.552997589111328,CCO,mol_f29e20f49d416e54,0.448,0.294,0.3016662299633026,1.3978549242019653,48.79798889160156
state_aa3ec981dff32241c86fc13e,3c_6b60b4a3a536506a27ae,3,ternary_vle_english.xlsx,10.1016/j.fluid.2006.08.004,unverified,0.5,isobaric,0.9821428571428571,isobaric,339.78,338.8700866699219,,,0.000213623046875,True,False,48,CC(C)CC(C)(C)C,mol_57615b5c3546c298,0.1499999999999998,0.10899999999999999,0.07620416581630707,1.4607439041137695,35.230899810791016,CC(C)OC(C)C,mol_1a0ca8e5eeb68da8,0.3940000000000001,0.451,0.4815412759780884,1.3359237909317017,92.67572784423828,CCO,mol_f29e20f49d416e54,0.4560000000000001,0.44,0.44225454330444336,1.6267420053482056,60.394744873046875
state_ad6a067cdcfad156338001f1,3c_f6a2de3ac0acbac84e4f,3,ternary_vle_english.xlsx,10.1016/j.fluid.2005.01.007,unverified,0.5,isobaric,0.9818181818181818,isobaric,336.19,335.88702392578125,,,0.0004730224609375,True,False,48,CC(C)=O,mol_e04cf77cea7bbe66,0.285,0.446,0.5163244009017944,1.452656865119934,126.33574676513672,CC(C)CC(C)(C)C,mol_57615b5c3546c298,0.15100000000000002,0.19100000000000006,0.11189129203557968,2.3702476024627686,31.66920280456543,CCO,mol_f29e20f49d416e54,0.564,0.363,0.3717842996120453,1.258309006690979,53.068416595458984
state_ae539afdd041aa06d3bc55be,3c_f6a2de3ac0acbac84e4f,3,ternary_vle_english.xlsx,10.1016/j.fluid.2005.01.007,unverified,0.5,isobaric,0.9818181818181818,isobaric,340.08,338.4751281738281,,,0.0002593994140625,True,False,48,CC(C)=O,mol_e04cf77cea7bbe66,0.183,0.381,0.45049071311950684,1.815114140510559,137.38565063476562,CC(C)CC(C)(C)C,mol_57615b5c3546c298,0.040999999999999925,0.09799999999999998,0.06282735615968704,4.468102931976318,34.74180221557617,CCO,mol_f29e20f49d416e54,0.776,0.521,0.4866819679737091,1.069952130317688,59.378570556640625
state_ae7e14352e83583765ca0348,3c_6e76d885d4575498aef9,3,ternary_vle_english.xlsx,10.1016/j.fluid.2015.08.014,unverified,0.5,isobaric,0.9411764705882353,isobaric,360.4,350.5472412109375,,,0.0002899169921875,True,False,48,CO,mol_a85d32e4db2ff39c,0.381,0.624,0.7651124000549316,1.236068606376648,164.57672119140625,COC(C)=O,mol_b9c4464ceb7b1e3f,0.065,0.362,0.2244836688041687,1.7816826105117798,196.35943603515625,CS(C)=O,mol_7d3e12eaed0f467c,0.554,0.014000000000000012,0.010403964668512344,1.0836526155471802,1.7555358409881592
state_aeedd4d9212bf6802342ed0d,3c_6b60b4a3a536506a27ae,3,ternary_vle_english.xlsx,10.1016/j.fluid.2006.08.004,unverified,0.5,isobaric,0.9821428571428571,isobaric,345.64,346.38812255859375,,,0.001739501953125,True,False,48,CC(C)CC(C)(C)C,mol_57615b5c3546c298,0.548,0.29499999999999993,0.2671951949596405,1.0821236371994019,45.644466400146484,CC(C)OC(C)C,mol_1a0ca8e5eeb68da8,0.303,0.329,0.3753277063369751,1.0638574361801147,117.95095825195312,CCO,mol_f29e20f49d416e54,0.149,0.376,0.3574771583080292,2.9388418197631836,82.69947052001953
state_af146b41c4c505eaf5627730,3c_f6a2de3ac0acbac84e4f,3,ternary_vle_english.xlsx,10.1016/j.fluid.2005.01.007,unverified,0.5,isobaric,0.9818181818181818,isobaric,340.92,343.64990234375,,,-0.000152587890625,True,False,48,CC(C)=O,mol_e04cf77cea7bbe66,0.083,0.204,0.21567603945732117,1.6271766424179077,161.7699737548828,CC(C)CC(C)(C)C,mol_57615b5c3546c298,0.587,0.33399999999999996,0.31215590238571167,1.2949129343032837,41.600799560546875,CCO,mol_f29e20f49d416e54,0.33,0.462,0.4721681475639343,1.9615232944488525,73.8921127319336
state_af60ce9e1a4622a89ad50ceb,3c_f6a2de3ac0acbac84e4f,3,ternary_vle_english.xlsx,10.1016/j.fluid.2005.01.007,unverified,0.5,isobaric,0.9818181818181818,isobaric,332.12,335.1357421875,,,0.0003662109375,True,False,48,CC(C)=O,mol_e04cf77cea7bbe66,0.479,0.716,0.740976095199585,1.2712860107421875,123.26404571533203,CC(C)CC(C)(C)C,mol_57615b5c3546c298,0.47,0.21799999999999997,0.18924003839492798,1.3234399557113647,30.819242477416992,CCO,mol_f29e20f49d416e54,0.051,0.066,0.06978386640548706,2.6995348930358887,51.34603500366211
state_b0984db9574fe6410372e2c4,3c_b0299b0750b396fc0e73,3,ternary_vle_english.xlsx,10.1016/j.fluid.2008.09.010,unverified,0.5,isobaric,0.9444444444444444,isobaric,373.79999999999995,340.5578308105469,,,-3.528594970703125e-05,True,False,48,CC(=O)O,mol_9ac385b135af0125,0.3248,0.243,0.3619268834590912,0.9022903442382812,16.46218490600586,CS(C)=O,mol_7d3e12eaed0f467c,0.526,0.15800000000000003,0.03204319626092911,0.7679069638252258,1.0574759244918823,O,mol_e81dc06beaa39499,0.1492,0.599,0.6060299277305603,1.9441888332366943,27.849397659301758
state_b1e850e5a7f3972dc30f0c6f,3c_2d8df0569d9d03284715,3,ternary_vle_english.xlsx,10.1016/j.fluid.2007.06.005,unverified,0.5,isobaric,0.9807692307692307,isobaric,346.4,346.036865234375,,,0.0004730224609375,True,False,48,CC(C)CC(C)(C)C,mol_57615b5c3546c298,0.14400000000000002,0.17300000000000004,0.12276432663202286,1.914512038230896,45.10898971557617,CCC(C)=O,mol_4cfc5db0ca2ab00b,0.637,0.567,0.5599298477172852,1.0847504138946533,82.08727264404297,CCO,mol_f29e20f49d416e54,0.219,0.26,0.31730586290359497,1.8003848791122437,81.52299499511719
state_b1efb32e37f2adf67d6222ce,3c_6e76d885d4575498aef9,3,ternary_vle_english.xlsx,10.1016/j.fluid.2015.08.014,unverified,0.5,isobaric,0.9411764705882353,isobaric,351.46,349.11614990234375,,,0.000152587890625,True,False,48,CO,mol_a85d32e4db2ff39c,0.133,0.142,0.30463850498199463,1.485053300857544,156.2432403564453,COC(C)=O,mol_b9c4464ceb7b1e3f,0.264,0.847,0.6849561929702759,1.3980724811553955,187.99197387695312,CS(C)=O,mol_7d3e12eaed0f467c,0.603,0.01100000000000001,0.010405249893665314,1.0685735940933228,1.6358401775360107
state_b23c47abb887dabb20abb854,3c_c1f86c0bca7d787912fb,3,ternary_vle_english.xlsx,10.1016/j.jct.2011.10.025,unverified,0.5,isobaric,0.9807692307692307,isobaric,360.0,357.824462890625,,,1.52587890625e-05,True,False,48,C1CCOCC1,mol_626f3d1f5bbb6f55,0.548,0.514,0.5333641171455383,1.0639867782592773,92.66516876220703,CC(C)CC(C)(C)C,mol_57615b5c3546c298,0.359,0.27,0.29809412360191345,1.2737418413162231,66.0369644165039,CC(C)O,mol_db030b5de88f8eaf,0.093,0.216,0.1685417890548706,1.6067668199539185,114.25659942626953
state_b30c1aa0872ba5c30e2baa96,3c_20e37ef734cab2512529,3,ternary_vle_english.xlsx,10.1016/j.fluid.2012.12.020,unverified,0.5,isobaric,0.9230769230769231,isobaric,403.03999999999996,406.0265808105469,,,-0.0001068115234375,True,False,48,CC(C)O,mol_db030b5de88f8eaf,0.0151,0.1974,0.103059783577919,1.2375999689102173,556.9970092773438,CCCCCO,mol_243de2450bee5519,0.909,0.49660000000000004,0.7747026085853577,1.0021438598632812,85.89383697509766,CCCCO,mol_ad4ef9c6c876ca2f,0.0759,0.306,0.12223760783672333,0.9613558650016785,169.1997833251953
state_b394d53f91d23e6aa2010904,3c_6b60b4a3a536506a27ae,3,ternary_vle_english.xlsx,10.1016/j.fluid.2006.08.004,unverified,0.5,isobaric,0.9821428571428571,isobaric,348.41,348.3509216308594,,,0.000152587890625,True,False,48,CC(C)CC(C)(C)C,mol_57615b5c3546c298,0.45199999999999996,0.256,0.24225066602230072,1.1141242980957031,48.730743408203125,CC(C)OC(C)C,mol_1a0ca8e5eeb68da8,0.501,0.604,0.6314120888710022,1.0182757377624512,125.37757873535156,CCO,mol_f29e20f49d416e54,0.047,0.14,0.1263372004032135,3.0412089824676514,89.53591918945312
state_b468641777e8d2bc882be83e,3c_2d8df0569d9d03284715,3,ternary_vle_english.xlsx,10.1016/j.fluid.2007.06.005,unverified,0.5,isobaric,0.9807692307692307,isobaric,346.58,346.2159729003906,,,-4.57763671875e-05,True,False,48,CC(C)CC(C)(C)C,mol_57615b5c3546c298,0.04599999999999993,0.1120000000000001,0.0827116072177887,4.013663291931152,45.38130187988281,CCC(C)=O,mol_4cfc5db0ca2ab00b,0.146,0.185,0.2248075306415558,1.8888733386993408,82.57801818847656,CCO,mol_f29e20f49d416e54,0.808,0.703,0.6924808025360107,1.0571826696395874,82.12125396728516
state_b58d2554eb9cb135f050f37b,3c_1a08c4f653f7d812cdc9,3,ternary_vle_english.xlsx,10.1016/j.jct.2019.03.036,unverified,0.5,isobaric,0.972972972972973,isobaric,387.46,387.8078918457031,,,-0.00037384033203125,True,False,48,CCCOC(C)=O,mol_67043ae833ecd0c7,0.4217,0.8221,0.7440561652183533,1.1960766315460205,149.4345245361328,CCOC(C)=O,mol_18876b584acc43d4,0.0615,0.1217,0.19915807247161865,1.0846946239471436,302.4288024902344,CS(C)=O,mol_7d3e12eaed0f467c,0.5167999999999999,0.05619999999999992,0.056785766035318375,1.2382080554962158,8.989410400390625
state_b623fb086115e0c242c183d9,3c_c1f86c0bca7d787912fb,3,ternary_vle_english.xlsx,10.1016/j.jct.2011.10.025,unverified,0.5,isobaric,0.9807692307692307,isobaric,350.93,352.1180114746094,,,0.00069427490234375,True,False,48,C1CCOCC1,mol_626f3d1f5bbb6f55,0.053,0.03,0.04524720460176468,1.1188924312591553,77.29296112060547,CC(C)CC(C)(C)C,mol_57615b5c3546c298,0.33399999999999996,0.33599999999999997,0.29832836985588074,1.641603946685791,55.11783218383789,CC(C)O,mol_db030b5de88f8eaf,0.613,0.634,0.6564244627952576,1.1903327703475952,91.1314468383789
state_b80dda9e065f5d6ca8d67b06,3c_c1f86c0bca7d787912fb,3,ternary_vle_english.xlsx,10.1016/j.jct.2011.10.025,unverified,0.5,isobaric,0.9807692307692307,isobaric,355.96,354.6163635253906,,,0.0002288818359375,True,False,48,C1CCOCC1,mol_626f3d1f5bbb6f55,0.452,0.36,0.39145350456237793,1.0476378202438354,83.7415542602539,CC(C)CC(C)(C)C,mol_57615b5c3546c298,0.258,0.20100000000000007,0.22330601513385773,1.4684698581695557,59.70711898803711,CC(C)O,mol_db030b5de88f8eaf,0.29,0.439,0.3852405250072479,1.3358724117279053,100.73477935791016
state_b882525cb714ca4cd4e59e22,3c_1a08c4f653f7d812cdc9,3,ternary_vle_english.xlsx,10.1016/j.jct.2019.03.036,unverified,0.5,isobaric,0.972972972972973,isobaric,382.78,384.9297790527344,,,0.00078582763671875,True,False,48,CCCOC(C)=O,mol_67043ae833ecd0c7,0.2384,0.5387,0.41741475462913513,1.2881190776824951,137.695068359375,CCOC(C)=O,mol_18876b584acc43d4,0.1588,0.4158,0.5270456671714783,1.1982671022415161,280.58013916015625,CS(C)=O,mol_7d3e12eaed0f467c,0.6028,0.045500000000000096,0.055539608001708984,1.162975788116455,8.025492668151855
state_ba24fe95f7d024893838b309,3c_93c3339e467773a7c208,3,ternary_vle_english.xlsx,10.1016/j.fluid.2005.05.024,unverified,0.5,isothermal,0.9782608695652174,isothermal,,,98.94,97.08253479003906,0.0,True,False,48,CC(=O)CC(C)C,mol_0a895444a9f0f36b,0.056599999999999984,0.015000000000000013,0.012951781041920185,1.158488154411316,19.17620086669922,CC(C)O,mol_db030b5de88f8eaf,0.237,0.2261,0.24137316644191742,1.8132609128952026,54.528236389160156,CC(C)OC(C)C,mol_1a0ca8e5eeb68da8,0.7064,0.7589,0.7456750869750977,1.0656251907348633,96.16911315917969
state_bb6f111b01736e7c23173a2c,3c_93c3339e467773a7c208,3,ternary_vle_english.xlsx,10.1016/j.fluid.2005.05.024,unverified,0.5,isothermal,0.9782608695652174,isothermal,,,76.63,73.652099609375,-7.62939453125e-06,True,False,48,CC(=O)CC(C)C,mol_0a895444a9f0f36b,0.36440000000000006,0.10919999999999996,0.10217501223087311,1.0769333839416504,19.17620086669922,CC(C)O,mol_db030b5de88f8eaf,0.1071,0.1398,0.15221785008907318,1.9197282791137695,54.528236389160156,CC(C)OC(C)C,mol_1a0ca8e5eeb68da8,0.5285,0.751,0.7456071376800537,1.0804744958877563,96.16911315917969
state_bd69107df3be0dfb698539a8,3c_485aadc678c8a7fb274c,3,ternary_vle_english.xlsx,10.1016/j.fluid.2011.05.011,unverified,0.5,isothermal,0.9642857142857143,isothermal,,,15.759999999999998,16.938697814941406,-1.9073486328125e-06,True,False,48,CC(=O)CC(C)C,mol_0a895444a9f0f36b,0.4455,0.47940000000000005,0.45553913712501526,1.1968886852264404,14.47118854522705,CC(C)CC(C)(C)C,mol_57615b5c3546c298,0.006,0.0357,0.02053830400109291,2.0229978561401367,28.661426544189453,CC(C)CO,mol_015d21fca05fcd26,0.5485,0.4849,0.5239225029945374,1.1431167125701904,14.154019355773926
state_be1e035a6546f1875356e8dd,3c_485aadc678c8a7fb274c,3,ternary_vle_english.xlsx,10.1016/j.fluid.2011.05.011,unverified,0.5,isothermal,0.967741935483871,isothermal,,,91.42,84.81494140625,0.0,True,False,48,CC(=O)CC(C)C,mol_0a895444a9f0f36b,0.11270000000000002,0.08830000000000005,0.0884290263056755,1.4295015335083008,46.554176330566406,CC(C)CC(C)(C)C,mol_57615b5c3546c298,0.7974,0.7462,0.7885258197784424,1.047582983970642,80.06147766113281,CC(C)CO,mol_015d21fca05fcd26,0.0899,0.1655,0.1230451688170433,2.1600399017333984,53.7421989440918
state_befb68e07fd8bb11da46ddc5,3c_28e3b8df482e382b0f63,3,ternary_vle_english.xlsx,10.1016/j.fluid.2012.11.026,unverified,0.5,isothermal,0.9411764705882353,isothermal,,,112.94,100.95178985595703,0.0,True,False,48,CCO,mol_f29e20f49d416e54,0.6416,0.6856,0.7350817322731018,1.068422555923462,108.25357818603516,CCOC(=O)OCC,mol_4df2781fcf4d4a77,0.04890000000000001,0.0394,0.02283722348511219,2.033003091812134,23.19051742553711,O,mol_e81dc06beaa39499,0.3095000000000001,0.275,0.24208104610443115,1.6669623851776123,47.36835861206055
state_c0c9d7548ab58b789335e8bf,3c_485aadc678c8a7fb274c,3,ternary_vle_english.xlsx,10.1016/j.fluid.2011.05.011,unverified,0.5,isothermal,0.9655172413793104,isothermal,,,28.280000000000005,29.69316864013672,0.0,True,False,48,CC(=O)CC(C)C,mol_0a895444a9f0f36b,0.06379999999999997,0.08819999999999995,0.09746959060430527,1.7233076095581055,26.323410034179688,CC(C)CC(C)(C)C,mol_57615b5c3546c298,0.006,0.0471,0.026404161006212234,2.699399709701538,48.40725326538086,CC(C)CO,mol_015d21fca05fcd26,0.9302,0.8647,0.8761262893676758,1.0057955980300903,27.8059139251709
state_c2658d735ede55e87d19028d,3c_485aadc678c8a7fb274c,3,ternary_vle_english.xlsx,10.1016/j.fluid.2011.05.011,unverified,0.5,isothermal,0.967741935483871,isothermal,,,67.89,64.12060546875,-7.62939453125e-06,True,False,48,CC(=O)CC(C)C,mol_0a895444a9f0f36b,0.09640000000000004,0.08490000000000009,0.09490074962377548,1.355912208557129,46.554176330566406,CC(C)CC(C)(C)C,mol_57615b5c3546c298,0.0639,0.2493,0.1851627230644226,2.3207409381866455,80.06147766113281,CC(C)CO,mol_015d21fca05fcd26,0.8397,0.6658,0.7199364900588989,1.022944688796997,53.7421989440918
state_c592477b8d141eab7a36a374,3c_485aadc678c8a7fb274c,3,ternary_vle_english.xlsx,10.1016/j.fluid.2011.05.011,unverified,0.5,isothermal,0.9642857142857143,isothermal,,,28.78999999999999,27.071792602539062,0.0,True,False,48,CC(=O)CC(C)C,mol_0a895444a9f0f36b,0.3799,0.23939999999999995,0.24190069735050201,1.191188931465149,14.47118854522705,CC(C)CC(C)(C)C,mol_57615b5c3546c298,0.5445,0.6762,0.6823723912239075,1.183703064918518,28.661426544189453,CC(C)CO,mol_015d21fca05fcd26,0.0756,0.0844,0.0757269337773323,1.9158689975738525,14.154019355773926
state_c5cf23d1dcad0880c496e7f9,3c_28e3b8df482e382b0f63,3,ternary_vle_english.xlsx,10.1016/j.fluid.2012.11.026,unverified,0.5,isothermal,0.9411764705882353,isothermal,,,94.3,80.71290588378906,0.0,True,False,48,CCO,mol_f29e20f49d416e54,0.4484,0.6988,0.7718396782875061,1.283400535583496,108.25357818603516,CCOC(=O)OCC,mol_4df2781fcf4d4a77,0.5032,0.1633,0.17181913554668427,1.1884020566940308,23.19051742553711,O,mol_e81dc06beaa39499,0.0484,0.1379,0.056341223418712616,1.9835151433944702,47.36835861206055
state_c8cabc0c98a2b88174227e43,3c_485aadc678c8a7fb274c,3,ternary_vle_english.xlsx,10.1016/j.fluid.2011.05.011,unverified,0.5,isothermal,0.9642857142857143,isothermal,,,16.91,17.455089569091797,-1.9073486328125e-06,True,False,48,CC(=O)CC(C)C,mol_0a895444a9f0f36b,0.25529999999999997,0.28800000000000003,0.2897547781467438,1.3689817190170288,14.47118854522705,CC(C)CC(C)(C)C,mol_57615b5c3546c298,0.0253,0.1567,0.09237611293792725,2.2236344814300537,28.661426544189453,CC(C)CO,mol_015d21fca05fcd26,0.7194,0.5553,0.6178691983222961,1.0591765642166138,14.154019355773926
state_c934f63a60d3ef7ec92b416b,3c_93c3339e467773a7c208,3,ternary_vle_english.xlsx,10.1016/j.fluid.2005.05.024,unverified,0.5,isothermal,0.9782608695652174,isothermal,,,22.509999999999998,22.810150146484375,-1.9073486328125e-06,True,False,48,CC(=O)CC(C)C,mol_0a895444a9f0f36b,0.9585,0.8274,0.8062081336975098,1.0005080699920654,19.17620086669922,CC(C)O,mol_db030b5de88f8eaf,0.0378,0.1512,0.17318566143512726,1.9165793657302856,54.528236389160156,CC(C)OC(C)C,mol_1a0ca8e5eeb68da8,0.0037,0.0214,0.020606232807040215,1.3209590911865234,96.16911315917969
state_cb8d29f9d98ed3912367c8ea,3c_485aadc678c8a7fb274c,3,ternary_vle_english.xlsx,10.1016/j.fluid.2011.05.011,unverified,0.5,isothermal,0.9642857142857143,isothermal,,,28.65,25.29735565185547,-1.9073486328125e-06,True,False,48,CC(=O)CC(C)C,mol_0a895444a9f0f36b,0.039000000000000035,0.024699999999999944,0.0314628891646862,1.4102784395217896,14.47118854522705,CC(C)CC(C)(C)C,mol_57615b5c3546c298,0.2601,0.6296,0.5429763197898865,1.8425437211990356,28.661426544189453,CC(C)CO,mol_015d21fca05fcd26,0.7009,0.3457,0.4255608022212982,1.0851776599884033,14.154019355773926
state_cc2be9bab6b30c6465fa84ac,3c_93c3339e467773a7c208,3,ternary_vle_english.xlsx,10.1016/j.fluid.2005.05.024,unverified,0.5,isothermal,0.9782608695652174,isothermal,,,14.870000000000001,14.814123153686523,0.0,True,False,48,CC(=O)CC(C)C,mol_0a895444a9f0f36b,0.9615,0.8354,0.8215926289558411,1.000592827796936,12.651026725769043,CC(C)O,mol_db030b5de88f8eaf,0.0354,0.1451,0.16037672758102417,1.9521827697753906,34.37902069091797,CC(C)OC(C)C,mol_1a0ca8e5eeb68da8,0.0031,0.0195,0.01803068444132805,1.2553151845932007,68.6394271850586
state_cf6e2235fe4ebb46cb1bf806,3c_28e3b8df482e382b0f63,3,ternary_vle_english.xlsx,10.1016/j.fluid.2012.11.026,unverified,0.5,isothermal,0.9411764705882353,isothermal,,,103.76,91.80329132080078,0.0,True,False,48,CCO,mol_f29e20f49d416e54,0.6017,0.7132000000000001,0.7966975569725037,1.1228699684143066,108.25357818603516,CCOC(=O)OCC,mol_4df2781fcf4d4a77,0.2994,0.118,0.10722842812538147,1.4177706241607666,23.19051742553711,O,mol_e81dc06beaa39499,0.0989,0.1688,0.09607396274805069,1.8826923370361328,47.36835861206055
state_d11f49287bd4fa9b3fe1f363,3c_485aadc678c8a7fb274c,3,ternary_vle_english.xlsx,10.1016/j.fluid.2011.05.011,unverified,0.5,isothermal,0.9642857142857143,isothermal,,,23.73999999999999,22.211387634277344,0.0,True,False,48,CC(=O)CC(C)C,mol_0a895444a9f0f36b,0.6439,0.40880000000000005,0.4353238046169281,1.0376847982406616,14.47118854522705,CC(C)CC(C)(C)C,mol_57615b5c3546c298,0.2197,0.471,0.4282080829143524,1.510437250137329,28.661426544189453,CC(C)CO,mol_015d21fca05fcd26,0.1364,0.1202,0.13646812736988068,1.5700472593307495,14.154019355773926
state_d32caa9c2d5a896923f2fe7f,3c_28e3b8df482e382b0f63,3,ternary_vle_english.xlsx,10.1016/j.fluid.2012.11.026,unverified,0.5,isothermal,0.9411764705882353,isothermal,,,147.901,133.96575927734375,1.52587890625e-05,True,False,48,CCO,mol_f29e20f49d416e54,0.6005,0.6839999999999999,0.795319139957428,1.1246806383132935,157.7586212158203,CCOC(=O)OCC,mol_4df2781fcf4d4a77,0.2983,0.134,0.10521955043077469,1.3831861019134521,34.16303253173828,O,mol_e81dc06beaa39499,0.1012,0.182,0.09946130216121674,1.8784542083740234,70.09174346923828
state_d40a7d009ba27b2356ab5ba7,3c_93c3339e467773a7c208,3,ternary_vle_english.xlsx,10.1016/j.fluid.2005.05.024,unverified,0.5,isothermal,0.9782608695652174,isothermal,,,30.04,30.449077606201172,0.0,True,False,48,CC(=O)CC(C)C,mol_0a895444a9f0f36b,0.8627,0.5826,0.5466221570968628,1.0060949325561523,19.17620086669922,CC(C)O,mol_db030b5de88f8eaf,0.1198,0.3371,0.37994104623794556,1.7709734439849854,54.528236389160156,CC(C)OC(C)C,mol_1a0ca8e5eeb68da8,0.0175,0.0803,0.07343685626983643,1.3286620378494263,96.16911315917969
state_d64900960fb2c7433b379022,3c_485aadc678c8a7fb274c,3,ternary_vle_english.xlsx,10.1016/j.fluid.2011.05.011,unverified,0.5,isothermal,0.9642857142857143,isothermal,,,31.78,29.629104614257812,-1.9073486328125e-06,True,False,48,CC(=O)CC(C)C,mol_0a895444a9f0f36b,0.1139,0.08339999999999992,0.08274589478969574,1.4874316453933716,14.47118854522705,CC(C)CC(C)(C)C,mol_57615b5c3546c298,0.7887,0.7728,0.8079541921615601,1.0589990615844727,28.661426544189453,CC(C)CO,mol_015d21fca05fcd26,0.0974,0.1438,0.1092999279499054,2.3490898609161377,14.154019355773926
state_d6d22b329d69996fa6ddc325,3c_485aadc678c8a7fb274c,3,ternary_vle_english.xlsx,10.1016/j.fluid.2011.05.011,unverified,0.5,isothermal,0.9642857142857143,isothermal,,,16.000000000000004,16.520923614501953,-1.9073486328125e-06,True,False,48,CC(=O)CC(C)C,mol_0a895444a9f0f36b,0.7837000000000001,0.7216,0.7034133076667786,1.0246859788894653,14.47118854522705,CC(C)CC(C)(C)C,mol_57615b5c3546c298,0.0124,0.056,0.03874557092785835,1.8010956048965454,28.661426544189453,CC(C)CO,mol_015d21fca05fcd26,0.2039,0.2224,0.2578411102294922,1.4760103225708008,14.154019355773926
state_dac0caa49b034edd2d15e9e4,3c_485aadc678c8a7fb274c,3,ternary_vle_english.xlsx,10.1016/j.fluid.2011.05.011,unverified,0.5,isothermal,0.9375,isothermal,,,56.2,56.62146759033203,0.0,True,False,48,CC(=O)CC(C)C,mol_0a895444a9f0f36b,0.06689999999999996,0.07640000000000002,0.08445785939693451,1.5354526042938232,46.554176330566406,CC(C)CC(C)(C)C,mol_57615b5c3546c298,0.0082,0.0473,0.0312175415456295,2.6924171447753906,80.06147766113281,CC(C)CO,mol_015d21fca05fcd26,0.9249,0.8763,0.8843246102333069,1.0073552131652832,53.7421989440918
state_db60904664f94dcc7e971c98,3c_93c3339e467773a7c208,3,ternary_vle_english.xlsx,10.1016/j.fluid.2005.05.024,unverified,0.5,isothermal,0.9782608695652174,isothermal,,,38.35,36.76811218261719,0.0,True,False,48,CC(=O)CC(C)C,mol_0a895444a9f0f36b,0.532,0.19720000000000004,0.19707268476486206,1.0766148567199707,12.651026725769043,CC(C)O,mol_db030b5de88f8eaf,0.308,0.3822,0.4142198860645294,1.4383283853530884,34.37902069091797,CC(C)OC(C)C,mol_1a0ca8e5eeb68da8,0.16,0.4206,0.3887074589729309,1.301369309425354,68.6394271850586
state_dc8b16e23377e1cec341a5a2,3c_93c3339e467773a7c208,3,ternary_vle_english.xlsx,10.1016/j.fluid.2005.05.024,unverified,0.5,isothermal,0.9782608695652174,isothermal,,,59.19,58.58836364746094,0.0,True,False,48,CC(=O)CC(C)C,mol_0a895444a9f0f36b,0.4061,0.15879999999999994,0.15519586205482483,1.167604923248291,19.17620086669922,CC(C)O,mol_db030b5de88f8eaf,0.4642,0.5067,0.5388146638870239,1.2471657991409302,54.528236389160156,CC(C)OC(C)C,mol_1a0ca8e5eeb68da8,0.1297,0.3345,0.30598941445350647,1.437282681465149,96.16911315917969
state_dd632e9bf9ada1e07363bcb0,3c_28e3b8df482e382b0f63,3,ternary_vle_english.xlsx,10.1016/j.fluid.2012.11.026,unverified,0.5,isothermal,0.9411764705882353,isothermal,,,150.57400000000007,128.97283935546875,0.0,True,False,48,CCO,mol_f29e20f49d416e54,0.3518,0.44500000000000006,0.553528368473053,1.2863205671310425,157.7586212158203,CCOC(=O)OCC,mol_4df2781fcf4d4a77,0.1504,0.133,0.06408523768186569,1.6086145639419556,34.16303253173828,O,mol_e81dc06beaa39499,0.4978,0.422,0.38238638639450073,1.4134451150894165,70.09174346923828
state_df51de1614ae0d0503dc7cd6,3c_485aadc678c8a7fb274c,3,ternary_vle_english.xlsx,10.1016/j.fluid.2011.05.011,unverified,0.5,isothermal,0.967741935483871,isothermal,,,56.74,56.691986083984375,0.0,True,False,48,CC(=O)CC(C)C,mol_0a895444a9f0f36b,0.6894,0.5815,0.5808680653572083,1.0260517597198486,46.554176330566406,CC(C)CC(C)(C)C,mol_57615b5c3546c298,0.0326,0.1035,0.08636245131492615,1.8758816719055176,80.06147766113281,CC(C)CO,mol_015d21fca05fcd26,0.278,0.315,0.3327694833278656,1.2627137899398804,53.7421989440918
state_e08479ee97ef66319ac8a487,3c_93c3339e467773a7c208,3,ternary_vle_english.xlsx,10.1016/j.fluid.2005.05.024,unverified,0.5,isothermal,0.9782608695652174,isothermal,,,93.69,92.48489379882812,-7.62939453125e-06,True,False,48,CC(=O)CC(C)C,mol_0a895444a9f0f36b,0.04600000000000004,0.013399999999999967,0.011932381428778172,1.2510582208633423,19.17620086669922,CC(C)O,mol_db030b5de88f8eaf,0.5336,0.3718,0.38949400186538696,1.2380388975143433,54.528236389160156,CC(C)OC(C)C,mol_1a0ca8e5eeb68da8,0.4204,0.6148,0.598573625087738,1.3692729473114014,96.16911315917969
state_e637630b96c6d2771ae1761e,3c_93c3339e467773a7c208,3,ternary_vle_english.xlsx,10.1016/j.fluid.2005.05.024,unverified,0.5,isothermal,0.9782608695652174,isothermal,,,83.9,81.46897888183594,-7.62939453125e-06,True,False,48,CC(=O)CC(C)C,mol_0a895444a9f0f36b,0.2592,0.07630000000000003,0.06759564578533173,1.107932686805725,19.17620086669922,CC(C)O,mol_db030b5de88f8eaf,0.1216,0.1486,0.16006001830101013,1.9666181802749634,54.528236389160156,CC(C)OC(C)C,mol_1a0ca8e5eeb68da8,0.6192,0.7751,0.7723442912101746,1.0566632747650146,96.16911315917969
state_e6376c32962237dbe85a8608,3c_485aadc678c8a7fb274c,3,ternary_vle_english.xlsx,10.1016/j.fluid.2011.05.011,unverified,0.5,isothermal,0.967741935483871,isothermal,,,56.31,57.01918029785156,-7.62939453125e-06,True,False,48,CC(=O)CC(C)C,mol_0a895444a9f0f36b,0.3578,0.3456,0.342403382062912,1.17208731174469,46.554176330566406,CC(C)CC(C)(C)C,mol_57615b5c3546c298,0.0041,0.0181,0.013350935652852058,2.3191304206848145,80.06147766113281,CC(C)CO,mol_015d21fca05fcd26,0.6381,0.6363,0.6442456841468811,1.0711942911148071,53.7421989440918
state_e70d5e4bbc98483ff9d01c16,3c_28e3b8df482e382b0f63,3,ternary_vle_english.xlsx,10.1016/j.fluid.2012.11.026,unverified,0.5,isothermal,0.9411764705882353,isothermal,,,104.76,87.41342163085938,0.0,True,False,48,CCO,mol_f29e20f49d416e54,0.34740000000000004,0.4576,0.5568995475769043,1.294442892074585,108.25357818603516,CCOC(=O)OCC,mol_4df2781fcf4d4a77,0.1504,0.1175,0.06830806285142899,1.711953043937683,23.19051742553711,O,mol_e81dc06beaa39499,0.5022,0.4249,0.37479230761528015,1.3772214651107788,47.36835861206055
state_e7c7d490c814d584ef37674d,3c_28e3b8df482e382b0f63,3,ternary_vle_english.xlsx,10.1016/j.fluid.2012.11.026,unverified,0.5,isothermal,0.9411764705882353,isothermal,,,156.73600000000008,140.197998046875,0.0,True,False,48,CCO,mol_f29e20f49d416e54,0.5018,0.579,0.6499617695808411,1.1510809659957886,157.7586212158203,CCOC(=O)OCC,mol_4df2781fcf4d4a77,0.0987,0.081,0.04158465936779976,1.7290253639221191,34.16303253173828,O,mol_e81dc06beaa39499,0.3995,0.34,0.30845364928245544,1.544358253479004,70.09174346923828
state_e99de3a6677c01aa7d237c38,3c_93c3339e467773a7c208,3,ternary_vle_english.xlsx,10.1016/j.fluid.2005.05.024,unverified,0.5,isothermal,0.9782608695652174,isothermal,,,43.29,41.764869689941406,0.0,True,False,48,CC(=O)CC(C)C,mol_0a895444a9f0f36b,0.7593000000000001,0.3588,0.35161152482032776,1.0085519552230835,19.17620086669922,CC(C)O,mol_db030b5de88f8eaf,0.074,0.1585,0.17695234715938568,1.8315311670303345,54.528236389160156,CC(C)OC(C)C,mol_1a0ca8e5eeb68da8,0.1667,0.4827,0.47143611311912537,1.228182077407837,96.16911315917969
state_ec0dad28f0af4f61483790c0,3c_28e3b8df482e382b0f63,3,ternary_vle_english.xlsx,10.1016/j.fluid.2012.11.026,unverified,0.5,isothermal,0.9411764705882353,isothermal,,,105.1,87.12754821777344,0.0,True,False,48,CCO,mol_f29e20f49d416e54,0.269,0.49160000000000004,0.5386158227920532,1.6115362644195557,108.25357818603516,CCOC(=O)OCC,mol_4df2781fcf4d4a77,0.0295,0.0718,0.02191871404647827,2.7915029525756836,23.19051742553711,O,mol_e81dc06beaa39499,0.7015,0.4366,0.4394654333591461,1.1522964239120483,47.36835861206055
state_eeb5601943ada813f37d17bb,3c_93c3339e467773a7c208,3,ternary_vle_english.xlsx,10.1016/j.fluid.2005.05.024,unverified,0.5,isothermal,0.9782608695652174,isothermal,,,95.21,92.32699584960938,0.0,True,False,48,CC(=O)CC(C)C,mol_0a895444a9f0f36b,0.11309999999999998,0.03259999999999996,0.027309773489832878,1.1625767946243286,19.17620086669922,CC(C)O,mol_db030b5de88f8eaf,0.1419,0.1639,0.17208625376224518,2.0533878803253174,54.528236389160156,CC(C)OC(C)C,mol_1a0ca8e5eeb68da8,0.745,0.8035,0.800603985786438,1.0317026376724243,96.16911315917969
state_f01cc3070c00b93baa9bac95,3c_93c3339e467773a7c208,3,ternary_vle_english.xlsx,10.1016/j.fluid.2005.05.024,unverified,0.5,isothermal,0.9782608695652174,isothermal,,,39.64999999999999,39.747108459472656,-3.814697265625e-06,True,False,48,CC(=O)CC(C)C,mol_0a895444a9f0f36b,0.7505999999999999,0.38439999999999996,0.3679102659225464,1.0159592628479004,19.17620086669922,CC(C)O,mol_db030b5de88f8eaf,0.1779,0.3658,0.40635377168655396,1.6649929285049438,54.528236389160156,CC(C)OC(C)C,mol_1a0ca8e5eeb68da8,0.07150000000000001,0.2498,0.22573594748973846,1.3048617839813232,96.16911315917969
state_f4ac3ba5589f156829bd4f2e,3c_485aadc678c8a7fb274c,3,ternary_vle_english.xlsx,10.1016/j.fluid.2011.05.011,unverified,0.5,isothermal,0.9642857142857143,isothermal,,,18.570000000000004,17.855850219726562,0.0,True,False,48,CC(=O)CC(C)C,mol_0a895444a9f0f36b,0.012299999999999978,0.01539999999999997,0.0181069765239954,1.8164238929748535,14.47118854522705,CC(C)CC(C)(C)C,mol_57615b5c3546c298,0.055,0.358,0.23883266746997833,2.705289602279663,28.661426544189453,CC(C)CO,mol_015d21fca05fcd26,0.9327,0.6266,0.7430603504180908,1.005038857460022,14.154019355773926
state_f4fda697d26506b21fbc5b0b,3c_93c3339e467773a7c208,3,ternary_vle_english.xlsx,10.1016/j.fluid.2005.05.024,unverified,0.5,isothermal,0.9782608695652174,isothermal,,,39.37,38.304481506347656,0.0,True,False,48,CC(=O)CC(C)C,mol_0a895444a9f0f36b,0.40900000000000003,0.16169999999999995,0.15880092978477478,1.1755837202072144,12.651026725769043,CC(C)O,mol_db030b5de88f8eaf,0.4675,0.4902,0.5219159722328186,1.2438701391220093,34.37902069091797,CC(C)OC(C)C,mol_1a0ca8e5eeb68da8,0.1235,0.3481,0.31928303837776184,1.4427292346954346,68.6394271850586
state_f7f83182b5821575348de8f2,3c_28e3b8df482e382b0f63,3,ternary_vle_english.xlsx,10.1016/j.fluid.2012.11.026,unverified,0.5,isothermal,0.9411764705882353,isothermal,,,152.97500000000002,133.15814208984375,1.52587890625e-05,True,False,48,CCO,mol_f29e20f49d416e54,0.5002,0.565,0.6863834857940674,1.1582380533218384,157.7586212158203,CCOC(=O)OCC,mol_4df2781fcf4d4a77,0.249,0.132,0.08883727341890335,1.3906160593032837,34.16303253173828,O,mol_e81dc06beaa39499,0.2508,0.303,0.22477920353412628,1.702666163444519,70.09174346923828
state_f9f9d0a818d5bef15a9fc73e,3c_485aadc678c8a7fb274c,3,ternary_vle_english.xlsx,10.1016/j.fluid.2011.05.011,unverified,0.5,isothermal,0.967741935483871,isothermal,,,61.64,60.82432556152344,-3.814697265625e-06,True,False,48,CC(=O)CC(C)C,mol_0a895444a9f0f36b,0.26760000000000006,0.2399,0.2471592277288437,1.2067278623580933,46.554176330566406,CC(C)CC(C)(C)C,mol_57615b5c3546c298,0.0347,0.1373,0.10338228195905685,2.2634470462799072,80.06147766113281,CC(C)CO,mol_015d21fca05fcd26,0.6977,0.6228,0.6494584679603577,1.053524136543274,53.7421989440918
state_fa18c2ee669ad70d88161110,3c_485aadc678c8a7fb274c,3,ternary_vle_english.xlsx,10.1016/j.fluid.2011.05.011,unverified,0.5,isothermal,0.9655172413793104,isothermal,,,35.89000000000001,34.27687072753906,0.0,True,False,48,CC(=O)CC(C)C,mol_0a895444a9f0f36b,0.09399999999999997,0.0947,0.10967884957790375,1.5193369388580322,26.323410034179688,CC(C)CC(C)(C)C,mol_57615b5c3546c298,0.0565,0.279,0.18730895221233368,2.3474740982055664,48.40725326538086,CC(C)CO,mol_015d21fca05fcd26,0.8495,0.6263,0.7030121684074402,1.0201486349105835,27.8059139251709
state_fa78c6b9e907fb84827ded41,3c_485aadc678c8a7fb274c,3,ternary_vle_english.xlsx,10.1016/j.fluid.2011.05.011,unverified,0.5,isothermal,0.9655172413793104,isothermal,,,57.66,52.21620178222656,0.0,True,False,48,CC(=O)CC(C)C,mol_0a895444a9f0f36b,0.03290000000000004,0.02110000000000012,0.022328536957502365,1.3462555408477783,26.323410034179688,CC(C)CC(C)(C)C,mol_57615b5c3546c298,0.6918,0.7121,0.7209734916687012,1.1241739988327026,48.40725326538086,CC(C)CO,mol_015d21fca05fcd26,0.2753,0.2668,0.25669798254966736,1.750992774963379,27.8059139251709
state_b920b6a2a8c4c4d8d32fc629,3c_6b60b4a3a536506a27ae,3,ternary_vle_english.xlsx,10.1016/j.fluid.2006.08.004,unverified,0.5,isobaric,0.9821428571428571,isobaric,341.94,342.02362060546875,,,7.62939453125e-05,True,False,48,CC(C)CC(C)(C)C,mol_57615b5c3546c298,0.3540000000000001,0.21499999999999997,0.17538334429264069,1.2757973670959473,39.33808135986328,CC(C)OC(C)C,mol_1a0ca8e5eeb68da8,0.299,0.32,0.36290520429611206,1.197320580482483,102.68839263916016,CCO,mol_f29e20f49d416e54,0.347,0.465,0.46171143651008606,1.9522391557693481,69.042724609375
state_bdaff42fe491449adfff3393,3c_6e76d885d4575498aef9,3,ternary_vle_english.xlsx,10.1016/j.fluid.2015.08.014,unverified,0.5,isobaric,0.9411764705882353,isobaric,364.05,352.5114440917969,,,0.000152587890625,True,False,48,CO,mol_a85d32e4db2ff39c,0.369,0.679,0.801670491695404,1.2461659908294678,176.6053009033203,COC(C)=O,mol_b9c4464ceb7b1e3f,0.05,0.304,0.1864098161458969,1.8129907846450806,208.31150817871094,CS(C)=O,mol_7d3e12eaed0f467c,0.581,0.016999999999999904,0.011919654905796051,1.0755935907363892,1.9321883916854858
state_be91ec0a8590e84d31dc5bf7,3c_20e37ef734cab2512529,3,ternary_vle_english.xlsx,10.1016/j.fluid.2012.12.020,unverified,0.5,isobaric,0.9230769230769231,isobaric,397.46,401.0469665527344,,,0.000244140625,True,False,48,CC(C)O,mol_db030b5de88f8eaf,0.0373,0.3404,0.2071658819913864,1.1591068506240845,483.9587707519531,CCCCCO,mol_243de2450bee5519,0.8028,0.2218,0.5795612931251526,1.0069973468780518,72.40792083740234,CCCCO,mol_ad4ef9c6c876ca2f,0.1599,0.4378,0.21327275037765503,0.9355953335762024,143.98634338378906
state_c056f05f9c663832ab5ac906,3c_c1f86c0bca7d787912fb,3,ternary_vle_english.xlsx,10.1016/j.jct.2011.10.025,unverified,0.5,isobaric,0.9807692307692307,isobaric,354.1,353.6934509277344,,,-0.0001678466796875,True,False,48,C1CCOCC1,mol_626f3d1f5bbb6f55,0.357,0.266,0.3047541379928589,1.0635247230529785,81.30973815917969,CC(C)CC(C)(C)C,mol_57615b5c3546c298,0.252,0.20999999999999996,0.2245226502418518,1.556701898574829,57.97795486450195,CC(C)O,mol_db030b5de88f8eaf,0.391,0.524,0.4707231819629669,1.256029725074768,97.09517669677734
state_c0aa65d0844fcc843facc9a1,3c_6b60b4a3a536506a27ae,3,ternary_vle_english.xlsx,10.1016/j.fluid.2006.08.004,unverified,0.5,isobaric,0.9821428571428571,isobaric,341.68,340.83367919921875,,,0.000213623046875,True,False,48,CC(C)CC(C)(C)C,mol_57615b5c3546c298,0.1439999999999999,0.15999999999999992,0.1085360124707222,2.0228123664855957,37.745582580566406,CC(C)OC(C)C,mol_1a0ca8e5eeb68da8,0.193,0.291,0.35099074244499207,1.8643708229064941,98.81352996826172,CCO,mol_f29e20f49d416e54,0.663,0.549,0.5404732823371887,1.2575771808624268,65.66537475585938
state_c13d3f695fff2c29006e3c81,3c_2d8df0569d9d03284715,3,ternary_vle_english.xlsx,10.1016/j.fluid.2007.06.005,unverified,0.5,isobaric,0.9807692307692307,isobaric,344.27,345.0585021972656,,,-6.103515625e-05,True,False,48,CC(C)CC(C)(C)C,mol_57615b5c3546c298,0.21700000000000008,0.21299999999999997,0.17023520171642303,1.8208705186843872,43.643524169921875,CCC(C)=O,mol_4cfc5db0ca2ab00b,0.368,0.331,0.36606651544570923,1.2683782577514648,79.44609832763672,CCO,mol_f29e20f49d416e54,0.415,0.456,0.4636983275413513,1.4451935291290283,78.31963348388672
state_c1d6cf5fea4e942d7197bf3e,3c_f6a2de3ac0acbac84e4f,3,ternary_vle_english.xlsx,10.1016/j.fluid.2005.01.007,unverified,0.5,isobaric,0.9818181818181818,isobaric,330.25,330.9521789550781,,,0.0001373291015625,True,False,48,CC(C)=O,mol_e04cf77cea7bbe66,0.695,0.755,0.7900227904319763,1.0738941431045532,107.22681427001953,CC(C)CC(C)(C)C,mol_57615b5c3546c298,0.15600000000000003,0.134,0.08155856281518936,2.0048394203186035,26.4165096282959,CCO,mol_f29e20f49d416e54,0.149,0.111,0.12841860949993134,2.0499472618103027,42.59013366699219
state_c23ff499fea318e8dc79fd2a,3c_6b60b4a3a536506a27ae,3,ternary_vle_english.xlsx,10.1016/j.fluid.2006.08.004,unverified,0.5,isobaric,0.9821428571428571,isobaric,347.75,351.7833251953125,,,-0.0001373291015625,True,False,48,CC(C)CC(C)(C)C,mol_57615b5c3546c298,0.769,0.40900000000000003,0.4381202161312103,1.0584797859191895,54.52470016479492,CC(C)OC(C)C,mol_1a0ca8e5eeb68da8,0.098,0.112,0.15222111344337463,1.1299397945404053,139.25230407714844,CCO,mol_f29e20f49d416e54,0.133,0.479,0.4096587002277374,3.0405149459838867,102.62006378173828
state_c3687057d61d5623f3e1e98d,3c_6b60b4a3a536506a27ae,3,ternary_vle_english.xlsx,10.1016/j.fluid.2006.08.004,unverified,0.5,isobaric,0.9821428571428571,isobaric,338.64,337.9414367675781,,,5.340576171875e-05,True,False,48,CC(C)CC(C)(C)C,mol_57615b5c3546c298,0.051999999999999935,0.025000000000000022,0.02000671811401844,1.1433167457580566,34.089107513427734,CC(C)OC(C)C,mol_1a0ca8e5eeb68da8,0.808,0.761,0.7380848526954651,1.029521107673645,89.88129425048828,CCO,mol_f29e20f49d416e54,0.14,0.214,0.24190841615200043,3.016429901123047,58.02824020385742
state_c4128a8434c46f6d62a927c4,3c_f6a2de3ac0acbac84e4f,3,ternary_vle_english.xlsx,10.1016/j.fluid.2005.01.007,unverified,0.5,isobaric,0.9818181818181818,isobaric,342.33,346.8392028808594,,,0.00099945068359375,True,False,48,CC(C)=O,mol_e04cf77cea7bbe66,0.079,0.256,0.27620941400527954,1.9850956201553345,178.42005920410156,CC(C)CC(C)(C)C,mol_57615b5c3546c298,0.7989999999999999,0.348,0.3881472647190094,1.061967134475708,46.3396110534668,CCO,mol_f29e20f49d416e54,0.122,0.396,0.33564329147338867,3.308729887008667,84.2307357788086
state_c434ce22856e5a5e5d59cad6,3c_2d8df0569d9d03284715,3,ternary_vle_english.xlsx,10.1016/j.fluid.2007.06.005,unverified,0.5,isobaric,0.9807692307692307,isobaric,349.36,348.51165771484375,,,0.000244140625,True,False,48,CC(C)CC(C)(C)C,mol_57615b5c3546c298,0.049000000000000044,0.07199999999999995,0.05578652396798134,2.35412335395813,48.99079895019531,CCC(C)=O,mol_4cfc5db0ca2ab00b,0.861,0.795,0.7673561573028564,1.0134737491607666,89.08238220214844,CCO,mol_f29e20f49d416e54,0.09,0.133,0.17685730755329132,2.208958864212036,90.11630249023438
state_c70909afcd5ef1a00ad0491f,3c_20e37ef734cab2512529,3,ternary_vle_english.xlsx,10.1016/j.fluid.2012.12.020,unverified,0.5,isobaric,0.9230769230769231,isobaric,385.90999999999997,384.3250427246094,,,-0.0002593994140625,True,False,48,CC(C)O,mol_db030b5de88f8eaf,0.1595,0.3722,0.4910072982311249,1.0673651695251465,291.29595947265625,CCCCCO,mol_243de2450bee5519,0.355,0.30889999999999995,0.13466037809848785,0.9823579788208008,38.99976348876953,CCCCO,mol_ad4ef9c6c876ca2f,0.4855,0.3189,0.37433236837387085,0.9700060486793518,80.28121948242188
state_c71b8b622791ae42d48f5b76,3c_c1f86c0bca7d787912fb,3,ternary_vle_english.xlsx,10.1016/j.jct.2011.10.025,unverified,0.5,isobaric,0.9807692307692307,isobaric,359.15,357.5775451660156,,,0.00022125244140625,True,False,48,C1CCOCC1,mol_626f3d1f5bbb6f55,0.644,0.606,0.6031373143196106,1.0317647457122803,91.9517593383789,CC(C)CC(C)(C)C,mol_57615b5c3546c298,0.257,0.19100000000000006,0.22858180105686188,1.3748785257339478,65.53218078613281,CC(C)O,mol_db030b5de88f8eaf,0.099,0.203,0.16828091442584991,1.5215764045715332,113.16609191894531
state_c7658fb3047011249b148d06,3c_c1f86c0bca7d787912fb,3,ternary_vle_english.xlsx,10.1016/j.jct.2011.10.025,unverified,0.5,isobaric,0.9807692307692307,isobaric,353.52,353.00439453125,,,0.00093841552734375,True,False,48,C1CCOCC1,mol_626f3d1f5bbb6f55,0.252,0.199,0.22239381074905396,1.1240674257278442,79.5322494506836,CC(C)CC(C)(C)C,mol_57615b5c3546c298,0.13,0.14300000000000002,0.15240004658699036,2.093984603881836,56.712890625,CC(C)O,mol_db030b5de88f8eaf,0.618,0.658,0.6252061724662781,1.0850529670715332,94.4489974975586
state_c9f46671fe14af2ccada226b,3c_2d8df0569d9d03284715,3,ternary_vle_english.xlsx,10.1016/j.fluid.2007.06.005,unverified,0.5,isobaric,0.9807692307692307,isobaric,344.9,346.8570251464844,,,0.0012054443359375,True,False,48,CC(C)CC(C)(C)C,mol_57615b5c3546c298,0.129,0.2330000000000001,0.17947113513946533,3.0395402908325195,46.36728286743164,CCC(C)=O,mol_4cfc5db0ca2ab00b,0.049,0.062,0.08164390921592712,2.000931978225708,84.35485076904297,CCO,mol_f29e20f49d416e54,0.822,0.705,0.7388849258422852,1.080277919769287,84.29156494140625
state_cb32b6e8df57199d3ee4d356,3c_f1332761d3af136f02b5,3,ternary_vle_english.xlsx,10.1016/j.fluid.2014.04.025,unverified,0.5,isobaric,0.9473684210526315,isobaric,409.79999999999995,406.0387268066406,,,0.00031280517578125,True,False,48,COCCO,mol_d291b272a64498d9,0.2116,0.2492,0.32927513122558594,1.1647080183029175,135.34336853027344,CS(C)=O,mol_7d3e12eaed0f467c,0.6072,0.11350000000000005,0.10936488211154938,1.032353162765503,17.67374610900879,Cc1ccccc1,mol_1c09299644053521,0.1812,0.6373,0.5613600015640259,1.713523030281067,183.14881896972656
state_cb5c5d314fe2d33f5b2f470f,3c_6e76d885d4575498aef9,3,ternary_vle_english.xlsx,10.1016/j.fluid.2015.08.014,unverified,0.5,isobaric,0.9411764705882353,isobaric,357.75,350.0006103515625,,,-1.52587890625e-05,True,False,48,CO,mol_a85d32e4db2ff39c,0.3,0.434,0.6218385100364685,1.3013420104980469,161.3519744873047,COC(C)=O,mol_b9c4464ceb7b1e3f,0.117,0.552,0.3676969110965729,1.6484076976776123,193.12960815429688,CS(C)=O,mol_7d3e12eaed0f467c,0.583,0.014000000000000012,0.010464529506862164,1.0639748573303223,1.708949089050293
state_cb7370a0de96f49acc3c6157,3c_6b60b4a3a536506a27ae,3,ternary_vle_english.xlsx,10.1016/j.fluid.2006.08.004,unverified,0.5,isobaric,0.9821428571428571,isobaric,343.89,345.03521728515625,,,-0.000152587890625,True,False,48,CC(C)CC(C)(C)C,mol_57615b5c3546c298,0.44299999999999995,0.32400000000000007,0.27419981360435486,1.4377855062484741,43.60919952392578,CC(C)OC(C)C,mol_1a0ca8e5eeb68da8,0.09800000000000002,0.106,0.14866699278354645,1.359468936920166,113.0389175415039,CCO,mol_f29e20f49d416e54,0.4590000000000001,0.57,0.5771331787109375,1.6278687715530396,78.24430847167969
state_cd4208407866ed9bed8d3837,3c_1a08c4f653f7d812cdc9,3,ternary_vle_english.xlsx,10.1016/j.jct.2019.03.036,unverified,0.5,isobaric,0.972972972972973,isobaric,387.47999999999996,391.25982666015625,,,-0.00018310546875,True,False,48,CCCOC(C)=O,mol_67043ae833ecd0c7,0.3336,0.777,0.7013472318649292,1.2944239377975464,164.5277557373047,CCOC(C)=O,mol_18876b584acc43d4,0.0595,0.1661,0.2270030528306961,1.1700252294540405,330.3149108886719,CS(C)=O,mol_7d3e12eaed0f467c,0.6069,0.05689999999999995,0.07164975255727768,1.1640771627426147,10.273643493652344
state_cda2b8a9ec8015d16c9a5442,3c_b0299b0750b396fc0e73,3,ternary_vle_english.xlsx,10.1016/j.fluid.2008.09.010,unverified,0.5,isobaric,0.9444444444444444,isobaric,372.35,338.8421630859375,,,4.38690185546875e-05,True,False,48,CC(=O)O,mol_9ac385b135af0125,0.3241,0.2185,0.33933714032173157,0.9114975929260254,15.311875343322754,CS(C)=O,mol_7d3e12eaed0f467c,0.5003,0.10189999999999999,0.027995677664875984,0.772144615650177,0.9660361409187317,O,mol_e81dc06beaa39499,0.1756,0.6796,0.6326671838760376,1.8604567050933838,25.814441680908203
state_ce4c46ef86f9306226f3d1d2,3c_1a08c4f653f7d812cdc9,3,ternary_vle_english.xlsx,10.1016/j.jct.2019.03.036,unverified,0.5,isobaric,0.972972972972973,isobaric,379.28999999999996,379.1326904296875,,,0.0002899169921875,True,False,48,CCCOC(C)=O,mol_67043ae833ecd0c7,0.1501,0.3309,0.21838003396987915,1.267926573753357,116.23819732666016,CCOC(C)=O,mol_18876b584acc43d4,0.2556,0.6328,0.7382873892784119,1.217896819114685,240.25076293945312,CS(C)=O,mol_7d3e12eaed0f467c,0.5943,0.0363,0.04333255812525749,1.1634736061096191,6.3483781814575195
state_cf65a652c129d3da0d18242e,3c_2d8df0569d9d03284715,3,ternary_vle_english.xlsx,10.1016/j.fluid.2007.06.005,unverified,0.5,isobaric,0.9807692307692307,isobaric,345.48,345.28265380859375,,,9.918212890625e-05,True,False,48,CC(C)CC(C)(C)C,mol_57615b5c3546c298,0.13000000000000012,0.15800000000000003,0.11205808073282242,1.9856117963790894,43.9759635925293,CCC(C)=O,mol_4cfc5db0ca2ab00b,0.565,0.485,0.5036616325378418,1.1281459331512451,80.04515075683594,CCO,mol_f29e20f49d416e54,0.305,0.357,0.384280264377594,1.6146925687789917,79.04388427734375
state_d004421244198a4e277036bb,3c_c1f86c0bca7d787912fb,3,ternary_vle_english.xlsx,10.1016/j.jct.2011.10.025,unverified,0.5,isobaric,0.9807692307692307,isobaric,362.67,362.7918701171875,,,-0.0001983642578125,True,False,48,C1CCOCC1,mol_626f3d1f5bbb6f55,0.113,0.108,0.1726563423871994,1.432977557182312,108.01231384277344,CC(C)CC(C)(C)C,mol_57615b5c3546c298,0.835,0.642,0.6479435563087463,1.0225987434387207,76.86949920654297,CC(C)O,mol_db030b5de88f8eaf,0.052,0.25,0.17940010130405426,2.5313456058502197,138.06272888183594
state_d025a17f4a5dc2a57769c06c,3c_c1f86c0bca7d787912fb,3,ternary_vle_english.xlsx,10.1016/j.jct.2011.10.025,unverified,0.5,isobaric,0.9807692307692307,isobaric,358.86,357.9959411621094,,,-2.288818359375e-05,True,False,48,C1CCOCC1,mol_626f3d1f5bbb6f55,0.848,0.807,0.7835882306098938,1.0047463178634644,93.163330078125,CC(C)CC(C)(C)C,mol_57615b5c3546c298,0.050000000000000044,0.03699999999999992,0.05443461984395981,1.6611628532409668,66.38995361328125,CC(C)O,mol_db030b5de88f8eaf,0.102,0.156,0.161977156996727,1.3986005783081055,115.01892852783203
state_d0fd917cb33a61de502deb04,3c_6b60b4a3a536506a27ae,3,ternary_vle_english.xlsx,10.1016/j.fluid.2006.08.004,unverified,0.5,isobaric,0.9821428571428571,isobaric,340.64,340.2178039550781,,,-1.52587890625e-05,True,False,48,CC(C)CC(C)(C)C,mol_57615b5c3546c298,0.251,0.15200000000000002,0.11930452287197113,1.303393840789795,36.94170379638672,CC(C)OC(C)C,mol_1a0ca8e5eeb68da8,0.396,0.424,0.454310804605484,1.1999062299728394,96.85453796386719,CCO,mol_f29e20f49d416e54,0.353,0.424,0.42638468742370605,1.9126935005187988,63.972145080566406
state_d3343ed2cc432ab86c332933,3c_f6a2de3ac0acbac84e4f,3,ternary_vle_english.xlsx,10.1016/j.fluid.2005.01.007,unverified,0.5,isobaric,0.9818181818181818,isobaric,331.21,330.5112609863281,,,7.62939453125e-06,True,False,48,CC(C)=O,mol_e04cf77cea7bbe66,0.698,0.766,0.7829212546348572,1.075601577758789,105.63813018798828,CC(C)CC(C)(C)C,mol_57615b5c3546c298,0.052000000000000046,0.07199999999999995,0.03624045476317406,2.71704363822937,25.98383140563965,CCO,mol_f29e20f49d416e54,0.25,0.162,0.18083834648132324,1.7552857398986816,41.74574279785156
state_d405c7110a2eacad968781e6,3c_20e37ef734cab2512529,3,ternary_vle_english.xlsx,10.1016/j.fluid.2012.12.020,unverified,0.5,isobaric,0.9230769230769231,isobaric,395.78999999999996,400.048583984375,,,-0.00016021728515625,True,False,48,CC(C)O,mol_db030b5de88f8eaf,0.0428,0.398,0.22869397699832916,1.1476454734802246,470.2446594238281,CCCCCO,mol_243de2450bee5519,0.7817000000000001,0.11739999999999995,0.5454288125038147,1.0078933238983154,69.92042541503906,CCCCO,mol_ad4ef9c6c876ca2f,0.1755,0.4846,0.22587719559669495,0.9331120848655701,139.30995178222656
state_d405d08a1477fe1cb33a84c8,3c_c1f86c0bca7d787912fb,3,ternary_vle_english.xlsx,10.1016/j.jct.2011.10.025,unverified,0.5,isobaric,0.9807692307692307,isobaric,354.83,354.4469909667969,,,-8.392333984375e-05,True,False,48,C1CCOCC1,mol_626f3d1f5bbb6f55,0.34,0.25,0.3008372187614441,1.0761295557022095,83.29082489013672,CC(C)CC(C)(C)C,mol_57615b5c3546c298,0.367,0.279,0.28889966011047363,1.3427619934082031,59.38694763183594,CC(C)O,mol_db030b5de88f8eaf,0.293,0.471,0.41026315093040466,1.4175875186920166,100.05852508544922
state_d46c224714f66cad49b07e9c,3c_c1f86c0bca7d787912fb,3,ternary_vle_english.xlsx,10.1016/j.jct.2011.10.025,unverified,0.5,isobaric,0.9807692307692307,isobaric,355.45,354.0791015625,,,0.00055694580078125,True,False,48,C1CCOCC1,mol_626f3d1f5bbb6f55,0.435,0.374,0.38883209228515625,1.0999829769134521,82.31874084472656,CC(C)CC(C)(C)C,mol_57615b5c3546c298,0.052000000000000046,0.049000000000000044,0.06672406941652298,2.214550733566284,58.69557571411133,CC(C)O,mol_db030b5de88f8eaf,0.513,0.577,0.5444438457489014,1.0903220176696777,98.60359954833984
state_d4b86bd57602a217857f0dd0,3c_f6a2de3ac0acbac84e4f,3,ternary_vle_english.xlsx,10.1016/j.fluid.2005.01.007,unverified,0.5,isobaric,0.9818181818181818,isobaric,330.09,331.8976135253906,,,0.0013580322265625,True,False,48,CC(C)=O,mol_e04cf77cea7bbe66,0.685,0.784,0.8255391120910645,1.1028834581375122,110.69620513916016,CC(C)CC(C)(C)C,mol_57615b5c3546c298,0.2649999999999999,0.16799999999999993,0.12034455686807632,1.6811861991882324,27.364030838012695,CCO,mol_f29e20f49d416e54,0.05,0.048,0.054116349667310715,2.4666340351104736,44.44972229003906
state_d4bbe733bdeab2512d1efd18,3c_2d8df0569d9d03284715,3,ternary_vle_english.xlsx,10.1016/j.fluid.2007.06.005,unverified,0.5,isobaric,0.9807692307692307,isobaric,345.91,344.9158630371094,,,-0.000335693359375,True,False,48,CC(C)CC(C)(C)C,mol_57615b5c3546c298,0.04500000000000004,0.08999999999999997,0.05932425707578659,3.0747337341308594,43.433048248291016,CCC(C)=O,mol_4cfc5db0ca2ab00b,0.348,0.357,0.3875176012516022,1.4266782999038696,79.06680297851562,CCO,mol_f29e20f49d416e54,0.607,0.553,0.5531581044197083,1.1856234073638916,77.86133575439453
state_d50ddf6aff0710d4a75bb460,3c_c1f86c0bca7d787912fb,3,ternary_vle_english.xlsx,10.1016/j.jct.2011.10.025,unverified,0.5,isobaric,0.9807692307692307,isobaric,351.67,354.84161376953125,,,0.000152587890625,True,False,48,C1CCOCC1,mol_626f3d1f5bbb6f55,0.046,0.025,0.04718230664730072,1.2319031953811646,84.34412384033203,CC(C)CC(C)(C)C,mol_57615b5c3546c298,0.6779999999999999,0.43399999999999994,0.4483990967273712,1.1140843629837036,60.13496780395508,CC(C)O,mol_db030b5de88f8eaf,0.276,0.541,0.5044186115264893,1.821506381034851,101.6392593383789
state_d51141fd9ce7a5044e8fcc02,3c_f6a2de3ac0acbac84e4f,3,ternary_vle_english.xlsx,10.1016/j.fluid.2005.01.007,unverified,0.5,isobaric,0.9818181818181818,isobaric,335.78,340.0704650878906,,,-0.00030517578125,True,False,48,CC(C)=O,mol_e04cf77cea7bbe66,0.269,0.612,0.6180493235588074,1.6099177598953247,144.5690460205078,CC(C)CC(C)(C)C,mol_57615b5c3546c298,0.6799999999999999,0.278,0.2741875648498535,1.1114062070846558,36.751426696777344,CCO,mol_f29e20f49d416e54,0.051,0.11,0.1077631339430809,3.3669538497924805,63.57275390625
state_d5be671d070588c67ab2e903,3c_2d8df0569d9d03284715,3,ternary_vle_english.xlsx,10.1016/j.fluid.2007.06.005,unverified,0.5,isobaric,0.9807692307692307,isobaric,344.85,345.37054443359375,,,-7.62939453125e-06,True,False,48,CC(C)CC(C)(C)C,mol_57615b5c3546c298,0.21799999999999997,0.21300000000000008,0.16637450456619263,1.7527990341186523,44.10700607299805,CCC(C)=O,mol_4cfc5db0ca2ab00b,0.463,0.413,0.43407073616981506,1.1829733848571777,80.28121948242188,CCO,mol_f29e20f49d416e54,0.319,0.374,0.3995547592639923,1.5994149446487427,79.32935333251953
state_d5d9756f6bf29ed562211c3a,3c_c1f86c0bca7d787912fb,3,ternary_vle_english.xlsx,10.1016/j.jct.2011.10.025,unverified,0.5,isobaric,0.9807692307692307,isobaric,353.22,354.5362854003906,,,2.288818359375e-05,True,False,48,C1CCOCC1,mol_626f3d1f5bbb6f55,0.148,0.091,0.14139413833618164,1.1586337089538574,83.52819061279297,CC(C)CC(C)(C)C,mol_57615b5c3546c298,0.5630000000000001,0.389,0.391552597284317,1.1829534769058228,59.55573654174805,CC(C)O,mol_db030b5de88f8eaf,0.289,0.52,0.46705329418182373,1.6303530931472778,100.41451263427734
state_d637f2ed709776e77450b266,3c_c1f86c0bca7d787912fb,3,ternary_vle_english.xlsx,10.1016/j.jct.2011.10.025,unverified,0.5,isobaric,0.9807692307692307,isobaric,360.7,358.9146423339844,,,-6.103515625e-05,True,False,48,C1CCOCC1,mol_626f3d1f5bbb6f55,0.696,0.698,0.6798325181007385,1.0320968627929688,95.86972045898438,CC(C)CC(C)(C)C,mol_57615b5c3546c298,0.26,0.19700000000000006,0.2380072921514511,1.357616901397705,68.30443572998047,CC(C)O,mol_db030b5de88f8eaf,0.044,0.105,0.08216014504432678,1.587225317955017,119.17333984375
state_d6c2e59132e8513732ba7d63,3c_2d8df0569d9d03284715,3,ternary_vle_english.xlsx,10.1016/j.fluid.2007.06.005,unverified,0.5,isobaric,0.9807692307692307,isobaric,343.97,345.8140869140625,,,-0.0005340576171875,True,False,48,CC(C)CC(C)(C)C,mol_57615b5c3546c298,0.31299999999999994,0.2799999999999999,0.2453920990228653,1.7738502025604248,44.77199172973633,CCC(C)=O,mol_4cfc5db0ca2ab00b,0.157,0.162,0.18812668323516846,1.4897372722625732,81.4794692993164,CCO,mol_f29e20f49d416e54,0.53,0.558,0.5664812326431274,1.3402694463729858,80.78388214111328
state_d8a1c9dd1821d3c9bb4ebaef,3c_6b60b4a3a536506a27ae,3,ternary_vle_english.xlsx,10.1016/j.fluid.2006.08.004,unverified,0.5,isobaric,0.9821428571428571,isobaric,345.89,346.92352294921875,,,0.00145721435546875,True,False,48,CC(C)CC(C)(C)C,mol_57615b5c3546c298,0.644,0.346,0.3319903612136841,1.123769998550415,46.470558166503906,CC(C)OC(C)C,mol_1a0ca8e5eeb68da8,0.099,0.11,0.1320219188928604,1.1263121366500854,119.94103240966797,CCO,mol_f29e20f49d416e54,0.257,0.544,0.5359876751899719,2.4996564388275146,84.51953125
state_d9112ec265d311aba69d2dbd,3c_1a08c4f653f7d812cdc9,3,ternary_vle_english.xlsx,10.1016/j.jct.2019.03.036,unverified,0.5,isobaric,0.972972972972973,isobaric,377.71,377.894287109375,,,-0.000274658203125,True,False,48,CCCOC(C)=O,mol_67043ae833ecd0c7,0.1271,0.282,0.17779824137687683,1.2650727033615112,112.01461791992188,CCOC(C)=O,mol_18876b584acc43d4,0.2781,0.6832,0.7810725569725037,1.2250494956970215,232.2442626953125,CS(C)=O,mol_7d3e12eaed0f467c,0.5948,0.03479999999999994,0.04112916439771652,1.161275863647461,6.031867980957031
state_d92a4ee89a093b3af541c01b,3c_b0299b0750b396fc0e73,3,ternary_vle_english.xlsx,10.1016/j.fluid.2008.09.010,unverified,0.5,isobaric,0.9444444444444444,isobaric,383.32,347.3763427734375,,,0.000118255615234375,True,False,48,CC(=O)O,mol_9ac385b135af0125,0.2641,0.1813,0.35382235050201416,0.8199777007102966,21.7795467376709,CS(C)=O,mol_7d3e12eaed0f467c,0.6359,0.34430000000000005,0.05704059079289436,0.7971798777580261,1.4999363422393799,O,mol_e81dc06beaa39499,0.1,0.4744,0.589137077331543,2.1035149097442627,37.33401870727539
state_d9db13773d0548083846fe66,3c_1a08c4f653f7d812cdc9,3,ternary_vle_english.xlsx,10.1016/j.jct.2019.03.036,unverified,0.5,isobaric,0.972972972972973,isobaric,378.85999999999996,374.8882141113281,,,4.57763671875e-05,True,False,48,CCCOC(C)=O,mol_67043ae833ecd0c7,0.1642,0.2549,0.19524499773979187,1.1778751611709595,102.26268768310547,CCOC(C)=O,mol_18876b584acc43d4,0.3178,0.7091,0.7714646458625793,1.1509125232696533,213.6630859375,CS(C)=O,mol_7d3e12eaed0f467c,0.518,0.03600000000000003,0.03329038247466087,1.2239165306091309,5.319206714630127
state_dae5653c20be927f58304cff,3c_f6a2de3ac0acbac84e4f,3,ternary_vle_english.xlsx,10.1016/j.fluid.2005.01.007,unverified,0.5,isobaric,0.9818181818181818,isobaric,343.55,346.0231018066406,,,-6.103515625e-05,True,False,48,CC(C)=O,mol_e04cf77cea7bbe66,0.042,0.109,0.13018013536930084,1.8041188716888428,174.03616333007812,CC(C)CC(C)(C)C,mol_57615b5c3546c298,0.6990000000000001,0.384,0.36095356941223145,1.1601675748825073,45.088172912597656,CCO,mol_f29e20f49d416e54,0.259,0.507,0.5088663101196289,2.4427385330200195,81.47721099853516
state_dc3d4c5283fe489fc99730f2,3c_6b60b4a3a536506a27ae,3,ternary_vle_english.xlsx,10.1016/j.fluid.2006.08.004,unverified,0.5,isobaric,0.9821428571428571,isobaric,340.78,340.05450439453125,,,-6.103515625e-05,True,False,48,CC(C)CC(C)(C)C,mol_57615b5c3546c298,0.25,0.14100000000000001,0.10700710862874985,1.1804496049880981,36.731136322021484,CC(C)OC(C)C,mol_1a0ca8e5eeb68da8,0.504,0.502,0.5247395038604736,1.0947494506835938,96.34021759033203,CCO,mol_f29e20f49d416e54,0.246,0.357,0.3682534694671631,2.386960506439209,63.529537200927734
state_dc5f80efc4394dc24465348f,3c_c1f86c0bca7d787912fb,3,ternary_vle_english.xlsx,10.1016/j.jct.2011.10.025,unverified,0.5,isobaric,0.9807692307692307,isobaric,353.1,352.98199462890625,,,0.0011749267578125,True,False,48,C1CCOCC1,mol_626f3d1f5bbb6f55,0.251,0.175,0.21380342543125153,1.0857375860214233,79.47500610351562,CC(C)CC(C)(C)C,mol_57615b5c3546c298,0.256,0.2330000000000001,0.2363433539867401,1.6502419710159302,56.6722297668457,CC(C)O,mol_db030b5de88f8eaf,0.493,0.592,0.5498532652854919,1.197314977645874,94.3639144897461
state_de8a6280a794eed400d8c2e3,3c_f6a2de3ac0acbac84e4f,3,ternary_vle_english.xlsx,10.1016/j.fluid.2005.01.007,unverified,0.5,isobaric,0.9818181818181818,isobaric,333.78,335.35784912109375,,,0.0005340576171875,True,False,48,CC(C)=O,mol_e04cf77cea7bbe66,0.377,0.546,0.5890627503395081,1.2747634649276733,124.1658935546875,CC(C)CC(C)(C)C,mol_57615b5c3546c298,0.372,0.22699999999999998,0.17113718390464783,1.5000035762786865,31.06854248046875,CCO,mol_f29e20f49d416e54,0.251,0.227,0.23980005085468292,1.8665287494659424,51.850460052490234
state_deec445c467517a9158770b3,3c_f6a2de3ac0acbac84e4f,3,ternary_vle_english.xlsx,10.1016/j.fluid.2005.01.007,unverified,0.5,isobaric,0.9818181818181818,isobaric,342.57,344.08819580078125,,,0.0001678466796875,True,False,48,CC(C)=O,mol_e04cf77cea7bbe66,0.05,0.088,0.1374170184135437,1.6977870464324951,163.98248291015625,CC(C)CC(C)(C)C,mol_57615b5c3546c298,0.363,0.352,0.2829790711402893,1.8700608015060425,42.2281608581543,CCO,mol_f29e20f49d416e54,0.587,0.56,0.579603910446167,1.3292735815048218,75.24696350097656
state_e01bf2726e9ee52392699db4,3c_2d8df0569d9d03284715,3,ternary_vle_english.xlsx,10.1016/j.fluid.2007.06.005,unverified,0.5,isobaric,0.9807692307692307,isobaric,350.4,349.9830322265625,,,-5.340576171875e-05,True,False,48,CC(C)CC(C)(C)C,mol_57615b5c3546c298,0.05499999999999994,0.07499999999999996,0.06531386077404022,2.3394100666046143,51.42159652709961,CCC(C)=O,mol_4cfc5db0ca2ab00b,0.903,0.855,0.839130163192749,1.0072065591812134,93.4614028930664,CCO,mol_f29e20f49d416e54,0.042,0.07,0.09555596113204956,2.4114716053009033,95.57308197021484
state_e07b879a0ba7706549d0dbf4,3c_2d8df0569d9d03284715,3,ternary_vle_english.xlsx,10.1016/j.fluid.2007.06.005,unverified,0.5,isobaric,0.9807692307692307,isobaric,344.47,344.75689697265625,,,0.00014495849609375,True,False,48,CC(C)CC(C)(C)C,mol_57615b5c3546c298,0.129,0.17700000000000005,0.12030524015426636,2.1868786811828613,43.19965362548828,CCC(C)=O,mol_4cfc5db0ca2ab00b,0.358,0.333,0.36943215131759644,1.3291856050491333,78.6458969116211,CCO,mol_f29e20f49d416e54,0.513,0.49,0.5102626085281372,1.3025881052017212,77.35338592529297
state_e093ddd479844bf87d202362,3c_b0299b0750b396fc0e73,3,ternary_vle_english.xlsx,10.1016/j.fluid.2008.09.010,unverified,0.5,isobaric,0.9444444444444444,isobaric,385.08,349.1109313964844,,,3.814697265625e-06,True,False,48,CC(=O)O,mol_9ac385b135af0125,0.2612,0.1869,0.36984220147132874,0.8086352944374084,23.341075897216797,CS(C)=O,mol_7d3e12eaed0f467c,0.6508,0.377,0.06396971642971039,0.801177978515625,1.63541579246521,O,mol_e81dc06beaa39499,0.088,0.4361,0.5661881566047668,2.1366474628448486,40.13982391357422
state_e14d9045b7058f9c0c2f4c98,3c_b0299b0750b396fc0e73,3,ternary_vle_english.xlsx,10.1016/j.fluid.2008.09.010,unverified,0.5,isobaric,0.9444444444444444,isobaric,386.52,348.5041809082031,,,4.00543212890625e-05,True,False,48,CC(=O)O,mol_9ac385b135af0125,0.2606,0.1824,0.36121058464050293,0.8109171986579895,22.784578323364258,CS(C)=O,mol_7d3e12eaed0f467c,0.6468,0.3602000000000001,0.06164080277085304,0.8005537986755371,1.5868622064590454,O,mol_e81dc06beaa39499,0.0926,0.4574,0.5771486163139343,2.1227474212646484,39.13900375366211
state_e28d9ef3de84d73b100439d7,3c_2d8df0569d9d03284715,3,ternary_vle_english.xlsx,10.1016/j.fluid.2007.06.005,unverified,0.5,isobaric,0.9807692307692307,isobaric,345.97,344.79742431640625,,,-4.57763671875e-05,True,False,48,CC(C)CC(C)(C)C,mol_57615b5c3546c298,0.04400000000000004,0.08200000000000007,0.05219016596674919,2.777585029602051,43.25914001464844,CCC(C)=O,mol_4cfc5db0ca2ab00b,0.449,0.43,0.44720423221588135,1.2811576128005981,78.75284576416016,CCO,mol_f29e20f49d416e54,0.507,0.488,0.500605583190918,1.2909032106399536,77.4824447631836
state_e38aa9043cd9647ebd694e00,3c_f6a2de3ac0acbac84e4f,3,ternary_vle_english.xlsx,10.1016/j.fluid.2005.01.007,unverified,0.5,isobaric,0.9818181818181818,isobaric,334.0,337.1943054199219,,,0.0003662109375,True,False,48,CC(C)=O,mol_e04cf77cea7bbe66,0.372,0.65,0.6877479553222656,1.4206857681274414,131.82546997070312,CC(C)CC(C)(C)C,mol_57615b5c3546c298,0.5760000000000001,0.266,0.22596384584903717,1.1972533464431763,33.1926155090332,CCO,mol_f29e20f49d416e54,0.052,0.084,0.08628817647695541,2.992029905319214,56.181461334228516
state_e39e1ee44cb787ff26ac9f5e,3c_6e76d885d4575498aef9,3,ternary_vle_english.xlsx,10.1016/j.fluid.2015.08.014,unverified,0.5,isobaric,0.9411764705882353,isobaric,351.27,347.9080505371094,,,0.00020599365234375,True,False,48,CO,mol_a85d32e4db2ff39c,0.193,0.214,0.40245819091796875,1.4131419658660889,149.48170471191406,COC(C)=O,mol_b9c4464ceb7b1e3f,0.227,0.776,0.5881253480911255,1.448854923248291,181.1463165283203,CS(C)=O,mol_7d3e12eaed0f467c,0.58,0.010000000000000009,0.009416460990905762,1.067679524421692,1.5403845310211182
state_e44a56f802b16ac8d3271833,3c_2d8df0569d9d03284715,3,ternary_vle_english.xlsx,10.1016/j.fluid.2007.06.005,unverified,0.5,isobaric,0.9807692307692307,isobaric,344.48,345.6422119140625,,,-0.00012969970703125,True,False,48,CC(C)CC(C)(C)C,mol_57615b5c3546c298,0.129,0.21299999999999997,0.15064287185668945,2.6575310230255127,44.513267517089844,CCC(C)=O,mol_4cfc5db0ca2ab00b,0.151,0.166,0.2063652127981186,1.7088813781738281,81.01333618164062,CCO,mol_f29e20f49d416e54,0.72,0.621,0.6429919600486755,1.1277438402175903,80.21792602539062
state_e4b88fb276b590f00235fa6a,3c_6b60b4a3a536506a27ae,3,ternary_vle_english.xlsx,10.1016/j.fluid.2006.08.004,unverified,0.5,isobaric,0.9821428571428571,isobaric,355.27,355.5887756347656,,,0.0002288818359375,True,False,48,CC(C)CC(C)(C)C,mol_57615b5c3546c298,0.76,0.49,0.4861896336078644,1.0524749755859375,61.573062896728516,CC(C)OC(C)C,mol_1a0ca8e5eeb68da8,0.194,0.294,0.344241738319397,1.1520605087280273,156.02598571777344,CCO,mol_f29e20f49d416e54,0.046,0.216,0.16956867277622223,3.1395435333251953,118.94103240966797
state_e5202539029fb9586c9d78f6,3c_2d8df0569d9d03284715,3,ternary_vle_english.xlsx,10.1016/j.fluid.2007.06.005,unverified,0.5,isobaric,0.9807692307692307,isobaric,352.85,356.4324645996094,,,-0.00026702880859375,True,False,48,CC(C)CC(C)(C)C,mol_57615b5c3546c298,0.774,0.45100000000000007,0.5268123745918274,1.0904581546783447,63.22871398925781,CCC(C)=O,mol_4cfc5db0ca2ab00b,0.193,0.363,0.3577849566936493,1.6368839740753174,114.72423553466797,CCO,mol_f29e20f49d416e54,0.033,0.186,0.1154026910662651,2.8839473724365234,122.83524322509766
state_e68cf01b404ad1a99eb525d7,3c_c1f86c0bca7d787912fb,3,ternary_vle_english.xlsx,10.1016/j.jct.2011.10.025,unverified,0.5,isobaric,0.9807692307692307,isobaric,359.88,359.23944091796875,,,0.0,True,False,48,C1CCOCC1,mol_626f3d1f5bbb6f55,0.898,0.882,0.8604864478111267,1.00233793258667,96.84183502197266,CC(C)CC(C)(C)C,mol_57615b5c3546c298,0.05999999999999994,0.04400000000000004,0.06549675762653351,1.6028050184249878,68.99177551269531,CC(C)O,mol_db030b5de88f8eaf,0.042,0.074,0.0740167573094368,1.4794162511825562,120.67015075683594
state_e764370537528be55313f77f,3c_2d8df0569d9d03284715,3,ternary_vle_english.xlsx,10.1016/j.fluid.2007.06.005,unverified,0.5,isobaric,0.9807692307692307,isobaric,355.38,359.66961669921875,,,0.00054931640625,True,False,48,CC(C)CC(C)(C)C,mol_57615b5c3546c298,0.887,0.518,0.6306800246238708,1.0302722454071045,69.91095733642578,CCC(C)=O,mol_4cfc5db0ca2ab00b,0.089,0.226,0.2476234883069992,2.223568916320801,126.75439453125,CCO,mol_f29e20f49d416e54,0.024,0.256,0.12169651687145233,3.7015774250030518,138.76881408691406
state_e817702db5d207ec03b542d0,3c_c1f86c0bca7d787912fb,3,ternary_vle_english.xlsx,10.1016/j.jct.2011.10.025,unverified,0.5,isobaric,0.9807692307692307,isobaric,352.2,352.5089416503906,,,0.00011444091796875,True,False,48,C1CCOCC1,mol_626f3d1f5bbb6f55,0.056,0.046,0.0515090636909008,1.1903859376907349,78.2740478515625,CC(C)CC(C)(C)C,mol_57615b5c3546c298,0.126,0.20699999999999996,0.1686154156923294,2.428687334060669,55.81681823730469,CC(C)O,mol_db030b5de88f8eaf,0.818,0.747,0.7798755764961243,1.043163776397705,92.5826187133789
state_e8b4486fa1d873bed0b2defc,3c_1a08c4f653f7d812cdc9,3,ternary_vle_english.xlsx,10.1016/j.jct.2019.03.036,unverified,0.5,isobaric,0.972972972972973,isobaric,381.7200000000001,383.4256286621094,,,0.0003509521484375,True,False,48,CCCOC(C)=O,mol_67043ae833ecd0c7,0.2151,0.4846,0.3597302734851837,1.2848721742630005,131.8522491455078,CCOC(C)=O,mol_18876b584acc43d4,0.1834,0.4726,0.5880957841873169,1.20462965965271,269.6535339355469,CS(C)=O,mol_7d3e12eaed0f467c,0.6014999999999999,0.04279999999999995,0.052173931151628494,1.1626211404800415,7.557717323303223
state_e8c671ebb7e7aa48be0b319b,3c_2d8df0569d9d03284715,3,ternary_vle_english.xlsx,10.1016/j.fluid.2007.06.005,unverified,0.5,isobaric,0.9807692307692307,isobaric,346.32,348.4579772949219,,,0.00035858154296875,True,False,48,CC(C)CC(C)(C)C,mol_57615b5c3546c298,0.621,0.34199999999999997,0.35339704155921936,1.1787900924682617,48.9041633605957,CCC(C)=O,mol_4cfc5db0ca2ab00b,0.167,0.203,0.2231142818927765,1.5219298601150513,88.92568969726562,CCO,mol_f29e20f49d416e54,0.212,0.455,0.42348870635032654,2.2503502368927,89.92218780517578
state_e9bf0516299b55e8f0b399c0,3c_20e37ef734cab2512529,3,ternary_vle_english.xlsx,10.1016/j.fluid.2012.12.020,unverified,0.5,isobaric,0.9230769230769231,isobaric,388.35999999999996,386.8817138671875,,,0.00041961669921875,True,False,48,CC(C)O,mol_db030b5de88f8eaf,0.1341,0.3396,0.45103293657302856,1.0750161409378052,316.0003967285156,CCCCCO,mol_243de2450bee5519,0.42599999999999993,0.3425,0.18023690581321716,0.9920521378517151,43.07475280761719,CCCCO,mol_ad4ef9c6c876ca2f,0.4399,0.3179,0.3687301576137543,0.9601302742958069,88.17545318603516
state_ea2ef91680e172c1b32873fc,3c_f1332761d3af136f02b5,3,ternary_vle_english.xlsx,10.1016/j.fluid.2014.04.025,unverified,0.5,isobaric,0.9473684210526315,isobaric,392.35999999999996,393.7045593261719,,,0.0002899169921875,True,False,48,COCCO,mol_d291b272a64498d9,0.7126,0.6197,0.6593454480171204,1.0151821374893188,92.32810974121094,CS(C)=O,mol_7d3e12eaed0f467c,0.14969999999999994,0.011399999999999966,0.019954245537519455,1.1976412534713745,11.274504661560059,Cc1ccccc1,mol_1c09299644053521,0.1377,0.3689,0.3207002878189087,1.7726247310638428,133.09425354003906
state_eb8020f0cb92aeda39c0d011,3c_1a08c4f653f7d812cdc9,3,ternary_vle_english.xlsx,10.1016/j.jct.2019.03.036,unverified,0.5,isobaric,0.972972972972973,isobaric,376.2,375.3891906738281,,,0.00012969970703125,True,False,48,CCCOC(C)=O,mol_67043ae833ecd0c7,0.0737,0.1692,0.09546913206577301,1.263696551322937,103.83952331542969,CCOC(C)=O,mol_18876b584acc43d4,0.3254,0.7982,0.8674067854881287,1.2462384700775146,216.6776580810547,CS(C)=O,mol_7d3e12eaed0f467c,0.6009,0.03259999999999996,0.03712409734725952,1.1519863605499268,5.432707786560059
state_ec1280471a2f55d3fa3b1d75,3c_f1332761d3af136f02b5,3,ternary_vle_english.xlsx,10.1016/j.fluid.2014.04.025,unverified,0.5,isobaric,0.9473684210526315,isobaric,414.71,409.2310485839844,,,0.00025177001953125,True,False,48,COCCO,mol_d291b272a64498d9,0.2959,0.3797,0.4877823293209076,1.121747612953186,148.86634826660156,CS(C)=O,mol_7d3e12eaed0f467c,0.5964,0.13359999999999994,0.1195153146982193,1.0276095867156982,19.754602432250977,Cc1ccccc1,mol_1c09299644053521,0.1077,0.4867000000000001,0.3927023708820343,1.8634984493255615,198.2117156982422
state_ecf2366f6c929761cbf82860,3c_6e76d885d4575498aef9,3,ternary_vle_english.xlsx,10.1016/j.fluid.2015.08.014,unverified,0.5,isobaric,0.9411764705882353,isobaric,350.14,350.2169494628906,,,0.00197601318359375,True,False,48,CO,mol_a85d32e4db2ff39c,0.071,0.07,0.1791294515132904,1.5716177225112915,162.62213134765625,COC(C)=O,mol_b9c4464ceb7b1e3f,0.315,0.919,0.8095632791519165,1.3392250537872314,194.4037322998047,CS(C)=O,mol_7d3e12eaed0f467c,0.614,0.010999999999999899,0.011307272128760815,1.0800663232803345,1.7272570133209229
state_ed7bfb6eeede8fe88b6eeade,3c_6b60b4a3a536506a27ae,3,ternary_vle_english.xlsx,10.1016/j.fluid.2006.08.004,unverified,0.5,isobaric,0.9821428571428571,isobaric,346.17,346.06439208984375,,,0.00186920166015625,True,False,48,CC(C)CC(C)(C)C,mol_57615b5c3546c298,0.355,0.18799999999999994,0.17580892145633698,1.1111371517181396,45.15047836303711,CC(C)OC(C)C,mol_1a0ca8e5eeb68da8,0.597,0.682,0.6966240406036377,1.0123859643936157,116.7603759765625,CCO,mol_f29e20f49d416e54,0.048,0.13,0.12756703794002533,3.298719644546509,81.6148681640625
state_eda6548697a98c12771898f9,3c_1a08c4f653f7d812cdc9,3,ternary_vle_english.xlsx,10.1016/j.jct.2019.03.036,unverified,0.5,isobaric,0.972972972972973,isobaric,372.95,370.4794921875,,,-0.00020599365234375,True,False,48,CCCOC(C)=O,mol_67043ae833ecd0c7,0.0823,0.1019,0.083049476146698,1.1462386846542358,89.1806411743164,CCOC(C)=O,mol_18876b584acc43d4,0.4131,0.8724,0.8900094628334045,1.1577638387680054,188.50721740722656,CS(C)=O,mol_7d3e12eaed0f467c,0.5045999999999999,0.025700000000000056,0.026941094547510147,1.227821946144104,4.404952049255371
state_edb02dec7c7c22c5a435930b,3c_c1f86c0bca7d787912fb,3,ternary_vle_english.xlsx,10.1016/j.jct.2011.10.025,unverified,0.5,isobaric,0.9807692307692307,isobaric,364.19,365.4697265625,,,0.000946044921875,True,False,48,C1CCOCC1,mol_626f3d1f5bbb6f55,0.047,0.049,0.08470522612333298,1.5589174032211304,117.11238098144531,CC(C)CC(C)(C)C,mol_57615b5c3546c298,0.918,0.735,0.7602012157440186,1.007527470588684,83.26116943359375,CC(C)O,mol_db030b5de88f8eaf,0.035,0.216,0.15509361028671265,2.9442408084869385,152.4635467529297
state_efdbf0e4bf6cf06dee276228,3c_2d8df0569d9d03284715,3,ternary_vle_english.xlsx,10.1016/j.fluid.2007.06.005,unverified,0.5,isobaric,0.9622641509433962,isobaric,343.98,345.0974426269531,,,-0.0003814697265625,True,False,48,CC(C)CC(C)(C)C,mol_57615b5c3546c298,0.21099999999999997,0.23299999999999998,0.17899715900421143,1.9664376974105835,43.70099639892578,CCC(C)=O,mol_4cfc5db0ca2ab00b,0.26,0.25,0.28708022832870483,1.40603768825531,79.55010986328125,CCO,mol_f29e20f49d416e54,0.529,0.517,0.5339226722717285,1.3033676147460938,78.44469451904297
state_f251cb1c8ff1f38f23edd087,3c_b0299b0750b396fc0e73,3,ternary_vle_english.xlsx,10.1016/j.fluid.2008.09.010,unverified,0.5,isobaric,0.9444444444444444,isobaric,373.21,340.73736572265625,,,4.863739013671875e-05,True,False,48,CC(=O)O,mol_9ac385b135af0125,0.3282,0.2298,0.3689637780189514,0.903481125831604,16.58661651611328,CS(C)=O,mol_7d3e12eaed0f467c,0.5264,0.18159999999999998,0.03229802846908569,0.7661905884742737,1.067468523979187,O,mol_e81dc06beaa39499,0.1454,0.5886,0.5987381935119629,1.9555171728134155,28.070016860961914
state_f26ca86ca623ea262e783a88,3c_c1f86c0bca7d787912fb,3,ternary_vle_english.xlsx,10.1016/j.jct.2011.10.025,unverified,0.5,isobaric,0.9807692307692307,isobaric,354.88,353.7718811035156,,,-0.0001373291015625,True,False,48,C1CCOCC1,mol_626f3d1f5bbb6f55,0.349,0.303,0.3173963725566864,1.1301932334899902,81.51409149169922,CC(C)CC(C)(C)C,mol_57615b5c3546c298,0.051000000000000045,0.052999999999999936,0.06975989788770676,2.383937120437622,58.123226165771484,CC(C)O,mol_db030b5de88f8eaf,0.6,0.644,0.6128436923027039,1.0622955560684204,97.40067291259766
state_f353d2a276ad3c5d24e9539c,3c_6e76d885d4575498aef9,3,ternary_vle_english.xlsx,10.1016/j.fluid.2015.08.014,unverified,0.5,isobaric,0.9411764705882353,isobaric,350.6,350.9350280761719,,,0.00049591064453125,True,False,48,CO,mol_a85d32e4db2ff39c,0.048,0.048,0.12698958814144135,1.6057990789413452,166.89651489257812,COC(C)=O,mol_b9c4464ceb7b1e3f,0.332,0.94,0.8611308932304382,1.322501301765442,198.67652893066406,CS(C)=O,mol_7d3e12eaed0f467c,0.62,0.01200000000000001,0.01187953818589449,1.0847898721694946,1.7892613410949707
state_f45dc62dc91281539e3e54a1,3c_6b60b4a3a536506a27ae,3,ternary_vle_english.xlsx,10.1016/j.fluid.2006.08.004,unverified,0.5,isobaric,0.9821428571428571,isobaric,341.74,341.7854919433594,,,-4.57763671875e-05,True,False,48,CC(C)CC(C)(C)C,mol_57615b5c3546c298,0.359,0.18700000000000006,0.15851522982120514,1.1464415788650513,39.01520538330078,CC(C)OC(C)C,mol_1a0ca8e5eeb68da8,0.404,0.407,0.4438789486885071,1.0922024250030518,101.90354919433594,CCO,mol_f29e20f49d416e54,0.237,0.406,0.3976057767868042,2.486229419708252,68.35533142089844
state_f4829dea39a5e389cc73f08c,3c_f6a2de3ac0acbac84e4f,3,ternary_vle_english.xlsx,10.1016/j.fluid.2005.01.007,unverified,0.5,isobaric,0.9818181818181818,isobaric,329.29,330.5780029296875,,,0.00030517578125,True,False,48,CC(C)=O,mol_e04cf77cea7bbe66,0.794,0.834,0.8685722947120667,1.046628713607788,105.87747192382812,CC(C)CC(C)(C)C,mol_57615b5c3546c298,0.15699999999999992,0.127,0.08196213841438293,2.0301830768585205,26.048885345458984,CCO,mol_f29e20f49d416e54,0.049,0.039,0.049465544521808624,2.442246437072754,41.872413635253906
state_f4d00e8dac37afe9298c1e6e,3c_f6a2de3ac0acbac84e4f,3,ternary_vle_english.xlsx,10.1016/j.fluid.2005.01.007,unverified,0.5,isobaric,0.9818181818181818,isobaric,335.59,337.483154296875,,,0.00014495849609375,True,False,48,CC(C)=O,mol_e04cf77cea7bbe66,0.286,0.46,0.514863908290863,1.370497465133667,133.0632781982422,CC(C)CC(C)(C)C,mol_57615b5c3546c298,0.46799999999999997,0.2609999999999999,0.21225829422473907,1.369952917098999,33.53692626953125,CCO,mol_f29e20f49d416e54,0.246,0.279,0.2728778123855591,1.9751968383789062,56.889591217041016
state_f552274d28990c385022be5b,3c_f1332761d3af136f02b5,3,ternary_vle_english.xlsx,10.1016/j.fluid.2014.04.025,unverified,0.5,isobaric,0.9473684210526315,isobaric,392.03,393.13006591796875,,,0.00026702880859375,True,False,48,COCCO,mol_d291b272a64498d9,0.6134,0.5389,0.5672851800918579,1.0335346460342407,90.6448745727539,CS(C)=O,mol_7d3e12eaed0f467c,0.19920000000000004,0.014000000000000012,0.025541359558701515,1.1773477792739868,11.032158851623535,Cc1ccccc1,mol_1c09299644053521,0.1874,0.4471,0.4071734547615051,1.679434061050415,131.05618286132812
state_f555fce65c1428ab8ae94143,3c_c1f86c0bca7d787912fb,3,ternary_vle_english.xlsx,10.1016/j.jct.2011.10.025,unverified,0.5,isobaric,0.9807692307692307,isobaric,364.02,362.45526123046875,,,0.0,True,False,48,C1CCOCC1,mol_626f3d1f5bbb6f55,0.194,0.201,0.2788057327270508,1.3617221117019653,106.91063690185547,CC(C)CC(C)(C)C,mol_57615b5c3546c298,0.767,0.619,0.5973681807518005,1.0368194580078125,76.0944595336914,CC(C)O,mol_db030b5de88f8eaf,0.039,0.18,0.12382613122463226,2.3591461181640625,136.3334197998047
state_f5cae14900f42cabb80ffc75,3c_6b60b4a3a536506a27ae,3,ternary_vle_english.xlsx,10.1016/j.fluid.2006.08.004,unverified,0.5,isobaric,0.9821428571428571,isobaric,343.21,343.00567626953125,,,-5.340576171875e-05,True,False,48,CC(C)CC(C)(C)C,mol_57615b5c3546c298,0.14700000000000002,0.20699999999999996,0.14573754370212555,2.468038320541382,40.69222640991211,CC(C)OC(C)C,mol_1a0ca8e5eeb68da8,0.096,0.169,0.23382766544818878,2.3282155990600586,105.97677612304688,CCO,mol_f29e20f49d416e54,0.757,0.624,0.6204347610473633,1.1541187763214111,71.93809509277344
state_f657ba55d72d11197dcf19ff,3c_f6a2de3ac0acbac84e4f,3,ternary_vle_english.xlsx,10.1016/j.fluid.2005.01.007,unverified,0.5,isobaric,0.9818181818181818,isobaric,332.71,332.6738586425781,,,0.00170135498046875,True,False,48,CC(C)=O,mol_e04cf77cea7bbe66,0.496,0.613,0.6637727618217468,1.1932508945465088,113.61161041259766,CC(C)CC(C)(C)C,mol_57615b5c3546c298,0.15700000000000003,0.15800000000000003,0.09008253365755081,2.0638880729675293,28.16252326965332,CCO,mol_f29e20f49d416e54,0.347,0.229,0.24614474177360535,1.5612151622772217,46.027252197265625
state_f6a94bd1b5ce45ff8e1dbb8a,3c_20e37ef734cab2512529,3,ternary_vle_english.xlsx,10.1016/j.fluid.2012.12.020,unverified,0.5,isobaric,0.9230769230769231,isobaric,399.49,402.910400390625,,,0.00112152099609375,True,False,48,CC(C)O,mol_db030b5de88f8eaf,0.0281,0.2881,0.16817820072174072,1.1844191551208496,510.36883544921875,CCCCCO,mol_243de2450bee5519,0.8433999999999999,0.3146,0.648292601108551,1.0051298141479492,77.2398681640625,CCCCO,mol_ad4ef9c6c876ca2f,0.1285,0.3973,0.18352924287319183,0.9425499439239502,153.0467071533203
state_f6d7a9d74a8be00d1912287e,3c_2d8df0569d9d03284715,3,ternary_vle_english.xlsx,10.1016/j.fluid.2007.06.005,unverified,0.5,isobaric,0.9807692307692307,isobaric,344.14,345.4405822753906,,,-0.00029754638671875,True,False,48,CC(C)CC(C)(C)C,mol_57615b5c3546c298,0.29400000000000004,0.255,0.21831849217414856,1.7014431953430176,44.21136474609375,CCC(C)=O,mol_4cfc5db0ca2ab00b,0.263,0.256,0.2830963134765625,1.3550530672073364,80.46932220458984,CCO,mol_f29e20f49d416e54,0.443,0.489,0.49858516454696655,1.4330509901046753,79.55769348144531
state_f72f73bd5b3bde2a84491296,3c_c1f86c0bca7d787912fb,3,ternary_vle_english.xlsx,10.1016/j.jct.2011.10.025,unverified,0.5,isobaric,0.9807692307692307,isobaric,356.38,355.47467041015625,,,-0.00023651123046875,True,False,48,C1CCOCC1,mol_626f3d1f5bbb6f55,0.656,0.583,0.5769537091255188,1.0352879762649536,86.056640625,CC(C)CC(C)(C)C,mol_57615b5c3546c298,0.04899999999999993,0.03700000000000003,0.055450376123189926,1.8684991598129272,61.35132598876953,CC(C)O,mol_db030b5de88f8eaf,0.295,0.38,0.367595911026001,1.2112016677856445,104.2175064086914
state_f76b4f29fd8807991acb4ad1,3c_f6a2de3ac0acbac84e4f,3,ternary_vle_english.xlsx,10.1016/j.fluid.2005.01.007,unverified,0.5,isobaric,0.9818181818181818,isobaric,333.89,336.1300354003906,,,3.814697265625e-05,True,False,48,CC(C)=O,mol_e04cf77cea7bbe66,0.376,0.577,0.6215869784355164,1.3150755167007446,127.34239196777344,CC(C)CC(C)(C)C,mol_57615b5c3546c298,0.475,0.242,0.1993364542722702,1.330642580986023,31.947826385498047,CCO,mol_f29e20f49d416e54,0.149,0.181,0.17907652258872986,2.2699058055877686,53.63572692871094
state_f893d7c5af26d00b367e7e12,3c_1a08c4f653f7d812cdc9,3,ternary_vle_english.xlsx,10.1016/j.jct.2019.03.036,unverified,0.5,isobaric,0.972972972972973,isobaric,377.96,376.7712707519531,,,-1.52587890625e-05,True,False,48,CCCOC(C)=O,mol_67043ae833ecd0c7,0.0974,0.2235,0.132307231426239,1.2707159519195557,108.28929901123047,CCOC(C)=O,mol_18876b584acc43d4,0.3002,0.7419,0.828214704990387,1.2412079572677612,225.16305541992188,CS(C)=O,mol_7d3e12eaed0f467c,0.6024,0.034599999999999964,0.039477985352277756,1.153212547302246,5.75665283203125
state_f94a5e29e697484df89bc480,3c_6b60b4a3a536506a27ae,3,ternary_vle_english.xlsx,10.1016/j.fluid.2006.08.004,unverified,0.5,isobaric,0.9821428571428571,isobaric,341.18,340.7723083496094,,,-0.0002288818359375,True,False,48,CC(C)CC(C)(C)C,mol_57615b5c3546c298,0.247,0.17700000000000005,0.13369080424308777,1.4557108879089355,37.66499710083008,CC(C)OC(C)C,mol_1a0ca8e5eeb68da8,0.296,0.344,0.3876318335533142,1.3451967239379883,98.6166763305664,CCO,mol_f29e20f49d416e54,0.457,0.479,0.4786774218082428,1.6200494766235352,65.49481964111328
state_fa089cfbf1f2ec0612aea714,3c_6e76d885d4575498aef9,3,ternary_vle_english.xlsx,10.1016/j.fluid.2015.08.014,unverified,0.5,isobaric,0.9411764705882353,isobaric,351.68,348.61383056640625,,,0.00012969970703125,True,False,48,CO,mol_a85d32e4db2ff39c,0.167,0.185,0.3648090660572052,1.4425359964370728,153.40252685546875,COC(C)=O,mol_b9c4464ceb7b1e3f,0.239,0.804,0.6252186894416809,1.431483268737793,185.1219024658203,CS(C)=O,mol_7d3e12eaed0f467c,0.594,0.010999999999999899,0.009972232393920422,1.065876841545105,1.595544457435608
state_fc114bd56d38dbfd3f856d1f,3c_1a08c4f653f7d812cdc9,3,ternary_vle_english.xlsx,10.1016/j.jct.2019.03.036,unverified,0.5,isobaric,0.972972972972973,isobaric,384.72999999999996,381.2168884277344,,,4.57763671875e-05,True,False,48,CCCOC(C)=O,mol_67043ae833ecd0c7,0.3137,0.5618,0.45234644412994385,1.1815491914749146,123.6273422241211,CCOC(C)=O,mol_18876b584acc43d4,0.1819,0.3896,0.5047985315322876,1.1059036254882812,254.20130920410156,CS(C)=O,mol_7d3e12eaed0f467c,0.5044,0.04859999999999998,0.042855046689510345,1.244991421699524,6.913058280944824
state_fc992955d7a2536b87860182,3c_f6a2de3ac0acbac84e4f,3,ternary_vle_english.xlsx,10.1016/j.fluid.2005.01.007,unverified,0.5,isobaric,0.9818181818181818,isobaric,342.69,343.8981018066406,,,-0.00030517578125,True,False,48,CC(C)=O,mol_e04cf77cea7bbe66,0.049,0.105,0.1449636071920395,1.8383609056472778,163.019775390625,CC(C)CC(C)(C)C,mol_57615b5c3546c298,0.245,0.30900000000000005,0.2422565519809723,2.3874502182006836,41.9549560546875,CCO,mol_f29e20f49d416e54,0.706,0.586,0.6127798557281494,1.1777101755142212,74.65682983398438
state_fde489d36258a43d41c8d4f1,3c_485aadc678c8a7fb274c,3,ternary_vle_english.xlsx,10.1016/j.fluid.2011.05.011,unverified,0.5,isothermal,0.9642857142857143,isothermal,,,31.02,28.982807159423828,0.0,True,False,48,CC(=O)CC(C)C,mol_0a895444a9f0f36b,0.19020000000000004,0.13130000000000008,0.1309185028076172,1.3785635232925415,14.47118854522705,CC(C)CC(C)(C)C,mol_57615b5c3546c298,0.7177,0.7454,0.770905077457428,1.0861769914627075,28.661426544189453,CC(C)CO,mol_015d21fca05fcd26,0.0921,0.1233,0.09817639738321304,2.1827664375305176,14.154047012329102
state_fcbdaa22edcca4fd0d92995f,3c_6b60b4a3a536506a27ae,3,ternary_vle_english.xlsx,10.1016/j.fluid.2006.08.004,unverified,0.5,isobaric,0.9821428571428571,isobaric,340.62,340.106201171875,,,-5.340576171875e-05,True,False,48,CC(C)CC(C)(C)C,mol_57615b5c3546c298,0.04999999999999993,0.02400000000000002,0.02021186612546444,1.112815260887146,36.79785919189453,CC(C)OC(C)C,mol_1a0ca8e5eeb68da8,0.901,0.883,0.8619498610496521,1.0042155981063843,96.50270080566406,CCO,mol_f29e20f49d416e54,0.049,0.093,0.11783827841281891,3.826209783554077,63.669403076171875
state_fcd742e88f79b8be80197b3b,3c_f6a2de3ac0acbac84e4f,3,ternary_vle_english.xlsx,10.1016/j.fluid.2005.01.007,unverified,0.5,isobaric,0.9818181818181818,isobaric,343.05,345.02392578125,,,0.00022125244140625,True,False,48,CC(C)=O,mol_e04cf77cea7bbe66,0.047,0.098,0.13023680448532104,1.6630667448043823,168.78607177734375,CC(C)CC(C)(C)C,mol_57615b5c3546c298,0.5740000000000001,0.363,0.3320113718509674,1.3441269397735596,43.59244155883789,CCO,mol_f29e20f49d416e54,0.379,0.539,0.5377518534660339,1.8378016948699951,78.20858001708984
state_fdcaccce5d4484c60377e077,3c_1a08c4f653f7d812cdc9,3,ternary_vle_english.xlsx,10.1016/j.jct.2019.03.036,unverified,0.5,isobaric,0.972972972972973,isobaric,380.80999999999995,376.6023864746094,,,-0.00043487548828125,True,False,48,CCCOC(C)=O,mol_67043ae833ecd0c7,0.2183,0.3518,0.27219435572624207,1.1723638772964478,107.73841094970703,CCOC(C)=O,mol_18876b584acc43d4,0.2772,0.6086,0.6925243735313416,1.12923264503479,224.11245727539062,CS(C)=O,mol_7d3e12eaed0f467c,0.5045,0.03959999999999997,0.0352812260389328,1.2393207550048828,5.7161865234375
state_ff595f872f55df08392b16b6,3c_c1f86c0bca7d787912fb,3,ternary_vle_english.xlsx,10.1016/j.jct.2011.10.025,unverified,0.5,isobaric,0.9807692307692307,isobaric,363.08,361.9158935546875,,,0.0003204345703125,True,False,48,C1CCOCC1,mol_626f3d1f5bbb6f55,0.22,0.225,0.3037123382091522,1.3297871351242065,105.16433715820312,CC(C)CC(C)(C)C,mol_57615b5c3546c298,0.738,0.589,0.570305585861206,1.0456464290618896,74.86473083496094,CC(C)O,mol_db030b5de88f8eaf,0.042,0.186,0.12598206102848053,2.2744362354278564,133.59693908691406
